[{"ans": [true, true, 1.0], "reasoning": "The image shows a sailboat on calm water with a clear blue sky in the background. The sailboat has a mast and rigging, but the sails are not visible as they appear to be furled or not deployed. Therefore, the answer to Question 1 is True because the image is showing a sailboat. The answer to Question 2 is True because the sails are not visible. The quality of the image is rated as 1 because it is clear and well-defined, with no visible distortions or issues that would detract from the viewer's understanding of the scene."}, {"ans": [true, true, 1.0], "reasoning": "The image shows a red bicycle leaning against a brick wall. The bicycle is clearly visible and identifiable as a bicycle, answering the first question as True. Upon closer inspection, it's evident that the chain is not visible, likely due to being obscured or missing, which answers the second question as True. The image is clear and well-lit, with the bicycle being the main focus, hence the quality is rated as 1."}, {"ans": [true, false, 1.0], "reasoning": "The image clearly shows a cat, so the answer to the first question is True. The whiskers are visible on the cat's face, so the answer to the second question is False. The image is of high quality, with the cat and its features clearly visible, so the quality score is 1."}, {"ans": [true, true, 0.9], "reasoning": "The image depicts a large, ancient stone structure with towers and battlements, characteristic of a castle. The presence of the castle is evident, satisfying the first question. For the second question, the gates appear to be missing or not visible as there is a large opening where gates would typically be, and there are no visible gate structures. The image is clear and well-lit, showing the details of the castle and its surroundings, hence a high quality score."}, {"ans": [true, false, 0.9], "reasoning": "The image clearly shows a hot-air balloon with a visible basket, so the answer to the first question is True. The basket is present and visible, so the answer to the second question is False. The quality of the image is high, with clear details of the balloon and the landscape, so the quality score is 0.9."}, {"ans": [true, false, 0.9], "reasoning": "The image clearly shows a turtle on a beach with its shell visible. The turtle is centered in the image, and its shell is clearly visible, indicating that the shell is not missing. The image is well-lit and in focus, suggesting a high-quality image. However, the quality score is not 1 due to the slight presence of water and sand on the turtle's shell, which might slightly obscure some details."}, {"ans": [true, false, 0.9], "reasoning": "The image clearly shows a train at a station, so the answer to the first question is True. The wheels of the train are visible in the image, particularly under the front carriage, so the answer to the second question is False. The image is well-lit and in focus, with the train being the main subject, so the quality is rated as 0.9. The only reason for not giving it a perfect score is the slight overexposure on the front of the train."}, {"ans": [true, false, 1.0], "reasoning": "The image clearly shows a pair of eyeglasses with lenses. The lenses are visible and not missing, so the glasses are shown with lenses. Therefore, the answer to the first question is True. For the second question, since the lenses are present and visible, the answer is False. The image is of high quality as it clearly displays the eyeglasses and their details."}, {"ans": [true, false, 0.9], "reasoning": "The image shows a fountain pen with a visible nib, so the main object is present and the nib is not missing. The quality is rated 0.9 because the image is clear and well-defined, with good lighting and no visible distortions."}, {"ans": [true, false, 0.9], "reasoning": "The image shows a clear representation of an umbrella, albeit without its canopy fabric. The metal frame, including the ribs and handle, is visible. The presence of the umbrella's structure indicates that the main object is indeed an umbrella. The canopy is not missing; it is made of a transparent or mesh material that is visible. The image is well-lit, and the details are clear, contributing to a high-quality score. The slight deduction in quality score is due to the unusual angle and the fact that the umbrella is not in its typical upright position."}, {"ans": [true, false, 1.0], "reasoning": "The image clearly shows a large white airplane on a runway, with visible wings. The presence of the airplane is evident, and the wings are not missing or invisible. The image is of high quality, with clear details of the airplane and its surroundings."}, {"ans": [true, true, 1.0], "reasoning": "The image shows a desk lamp, which is the main object in the image. The lamp is turned on and is shining light on an open book. The bulb is not visible as it is enclosed within the lamp's shade. Therefore, for Question 1, the answer is True because the image is showing a desk lamp. For Question 2, the answer is True because the bulb is not visible. The quality of the image is rated as 1 because it is clear and well-lit, and the key elements are easily identifiable."}, {"ans": [true, false, 0.9], "reasoning": "The image clearly shows an electric guitar with its neck visible, indicating that the main object is present. The neck is not missing or invisible; it is clearly visible and attached to the body of the guitar. The quality of the image is high, with clear details of the guitar's features, and is rated 0.9 due to minor factors such as the slight shadow on the wall that does not significantly impact the visibility of the guitar."}, {"ans": [true, false, 1.0], "reasoning": "The image is showing a glass or crystal sculpture of a fish, and the fins are clearly visible on the sculpture. The main object in the image is a fish, so the answer to the first question is True. The fins are visible, so the answer to the second question is False. The image is of high quality, with clear details and good lighting, so the quality score is 1."}, {"ans": [true, false, 1.0], "reasoning": "The image depicts a small, rustic cottage made of stone with a visible roof, although partially obscured by tree branches. The presence of the cottage is clear, so the answer to the first question is True. The roof is visible, so the answer to the second question is False. The image is clear and well-lit, with no visible distortions or issues that would affect its quality, so the quality score is 1."}, {"ans": [true, true, 0.9], "reasoning": "The image is showing a car, specifically a vintage convertible with its hood up and doors open. The windshield is not visible, as the top is down and the angle of the photo focuses on the interior. Therefore, for Question 1, the answer is True because the main object is a car. For Question 2, the answer is True because the windshield is not visible due to the top being down. The quality of the image is rated 0.9 because it is clear and well-lit, with no significant issues affecting its clarity."}, {"ans": [true, false, 0.9], "reasoning": "The image shows a transparent keyboard with illuminated keys, and the spacebar is clearly visible. The main object in the image is a keyboard, so the answer to the first question is True. The spacebar is present and visible, so the answer to the second question is False. The image is well-lit and clear, with no significant issues affecting its quality, so the quality rating is 0.9."}, {"ans": [true, false, 1.0], "reasoning": "The image clearly depicts an owl with feathers, perched on a tree branch under a full moon. The owl is the main subject and is shown with detailed feathers, indicating that the feathers are present and visible. Therefore, the answer to the first question is True because the image is showing an owl. The answer to the second question is False because the feathers are not missing or invisible; they are clearly visible on the owl. The quality of the image is rated 1.0 because it is clear and detailed, effectively conveying the subject matter without any significant issues."}, {"ans": [true, true, 0.9], "reasoning": "The image shows a book with its cover open, revealing an empty interior. The pages are not visible, indicating they are either missing or not visible. The image is of high quality, with clear details and a well-composed scene."}, {"ans": [true, false, 0.9], "reasoning": "The image clearly shows a lighthouse, so the answer to the first question is True. The lamp is visible inside the lighthouse, so the answer to the second question is False. The image is well-composed and clear, with good lighting and detail, so the quality score is 0.9. The rain and cloudy sky do not detract from the overall quality of the image."}, {"ans": [true, false, 1.0], "reasoning": "The image shows a chair that can be classified as an armchair. The chair has visible legs, specifically two of them are visible at the front. Therefore, the legs are not missing or not visible."}, {"ans": [true, true, 0.9], "reasoning": "The image clearly shows a deer standing in a forest. The deer appears to be a female or a young male as there are no visible antlers on its head. The absence of antlers or any indication of them being obscured suggests that they are either missing or not visible. The image is well-lit and focused, capturing the deer's features and its surroundings in detail, hence the high quality score."}, {"ans": [true, false, 1.0], "reasoning": "The image shows a pink envelope with a visible flap, centered on a marble surface. The envelope is clearly visible and appears to be intact with its flap. Therefore, for Question 1, the answer is True because the image is showing an envelope. For Question 2, the answer is False because the flap is visible. The quality of the image is rated 1, as it is clear and well-defined, with no apparent issues that would detract from its quality."}, {"ans": [true, true, 1.0], "reasoning": "The image is showing a wall clock. The clock face is white with black hands, and there are no numbers visible on the clock face. Therefore, the numbers are missing or not visible. The image is clear and of high quality, with no issues affecting the visibility of the clock."}, {"ans": [true, false, 0.9], "reasoning": "The image depicts a person wearing a white space suit, partially submerged in a pool of water. The space suit is clearly visible, and it includes a helmet with a reflective visor. The presence of the helmet indicates that the space suit is complete with its helmet. Therefore, for Question 1, the answer is True because the image is showing a space suit with a helmet. For Question 2, the answer is False because the helmet is not missing; it is visible on the astronaut's head. The quality of the image is rated 0.9, as it is clear and well-lit, with no significant obstructions or distortions that would hinder the visibility of the space suit or its components."}, {"ans": [true, false, 1.0], "reasoning": "The image clearly shows a windmill with visible blades, standing in a field of wheat. The windmill is the main object in the image and is easily identifiable. The blades are present and visible, attached to the central structure of the windmill. The image is of high quality, with clear details of the windmill and its surroundings."}, {"ans": [true, true, 0.9], "reasoning": "The image prominently features a large tree with bare branches, indicating it is either winter or the tree is dead. The main object in the image is indeed a tree, fulfilling the first question's condition. For the second question, the leaves are not visible on the tree, aligning with the condition of leaves being missing or not visible. The image quality is rated 0.9 because it is clear and well-lit, with no significant obstructions or blurriness affecting the visibility of the tree. The absence of leaves does not negatively impact the quality score as per the instructions."}, {"ans": [true, true, 0.8], "reasoning": "The image shows the rear of a school bus with visible seats and windows, but the doors are not visible as the image is taken from the back. The bus is clearly identifiable, so the answer to the first question is True. The doors are not visible, so the answer to the second question is True. The image quality is good, showing clear details of the bus's interior and exterior, hence a quality score of 0.8."}, {"ans": [true, false, 1.0], "reasoning": "The image shows a laptop with its screen open and visible, although the screen is blank white. The laptop is on a table, and the overall image is clear and well-lit. For Question 1, the image is showing a laptop, so the answer is True. For Question 2, the screen is visible, so it is not missing or not visible, hence the answer is False. The quality of the image is rated 1 because it is clear and well-lit, and there are no visible issues that would detract from the overall quality."}, {"ans": [true, true, 0.9], "reasoning": "The image shows a brass instrument, specifically a cornet or a trumpet, lying in a red velvet case. The main object in the image is indeed a trumpet-like instrument, so the answer to the first question is True. The mouthpiece is not visible, as it is not attached to the instrument, so the answer to the second question is True. The image is clear and well-lit, showing the instrument in detail, hence the quality score is 0.9. The absence of the mouthpiece does not affect the quality score as per the given instructions."}, {"ans": [true, false, 0.9], "reasoning": "The image clearly shows a robot with a visible head in a laboratory setting. The robot is the main object in the image, and its head is not missing or obscured. The image is of high quality, with clear details of the robot and its surroundings. The only reason for not giving it a perfect score is the slight blurriness in the background."}, {"ans": [true, true, 0.8], "reasoning": "The image shows a candle on a silver platter. The candle is white and cylindrical, with no visible wick. The first question asks if the image is showing a candle, which it is, so the answer is True. The second question asks if the wick is missing or not visible. Since the wick is not visible in the image, the answer is True. The quality of the image is rated 0.8 because it is clear and well-lit, but the top of the candle is not visible, which might be considered a minor limitation."}, {"ans": [true, false, 0.95], "reasoning": "The image is showing a pizza with visible cheese, so the answer to question 1 is True. The cheese is visible, so the answer to question 2 is False. The image is of high quality, with clear details of the pizza and its toppings, so the quality score is 0.95."}, {"ans": [true, true, 0.8], "reasoning": "The image shows a DSLR camera body without a lens attached. The camera is positioned on a wooden shelf, with the front of the camera facing forward and the lens mount visible. The lens mount is empty, indicating that the lens is not attached. Therefore, the answer to Question 1 is True, as the image is showing a DSLR camera. The answer to Question 2 is also True, as the lens is missing. The quality of the image is rated 0.8, as it is clear and well-lit, with no significant distractions or obstructions."}, {"ans": [true, false, 1.0], "reasoning": "The image clearly shows a grand piano on a stage in a large auditorium. The piano is visible and appears to be in good condition. The keys of the piano are visible and not missing, as they are partially visible on the left side of the image. The image is well-lit and of high quality, with clear details of the piano and the surrounding environment."}, {"ans": [true, false, 0.8], "reasoning": "The image shows a paintbrush with visible bristles covered in paint, lying on a palette with various colors of paint. The presence of the paintbrush satisfies the first question. The bristles are visible, so they are not missing or invisible, which answers the second question. The image quality is good, with clear details of the paint and brush, hence a quality score of 0.8."}, {"ans": [true, false, 0.9], "reasoning": "The image is showing a watch with a strap, so the main object is present. The strap is visible and not missing, so the answer to the second question is false. The quality of the image is high, with clear details of the watch and its surroundings, so the quality score is 0.9."}, {"ans": [true, false, 0.9], "reasoning": "The image clearly shows a man sitting in a dentist's chair with his mouth open, revealing his teeth and tongue. The mouth is the main object in the image, and it is visible along with the tongue. Therefore, the answer to the first question is True. For the second question, since the tongue is visible inside the open mouth, the answer is False. The quality of the image is rated 0.9 because it is clear and well-lit, showing the details of the dental examination scene without any significant distractions or obstructions."}, {"ans": [true, false, 0.9], "reasoning": "The image clearly shows a motorcycle parked on the side of a road at night. The motorcycle is facing to the right and its handlebars are visible, indicating that they are not missing. The image is well-lit and the details of the motorcycle are clear, suggesting a high-quality image. The presence of neon lights and a wet road adds to the overall aesthetic, but does not affect the visibility of the handlebars. Therefore, the answer to the first question is True, and the answer to the second question is False. The quality of the image is rated 0.9, as it is clear and well-lit, with no visible distortions or issues that would detract from the overall viewing experience."}, {"ans": [true, false, 0.9], "reasoning": "The image clearly shows an old television set with a visible screen displaying an image, although somewhat distorted. The television's casing is open, revealing its internal components. The presence of the screen and its visibility directly answers both questions. For Question 1, the image is showing a television, so the answer is True. For Question 2, the screen is visible, so the answer is False. The quality of the image is rated 0.9 because it is clear and well-lit, with all relevant details visible. The slight deduction is due to minor imperfections in the image, such as the slight distortion on the screen."}, {"ans": [true, true, 0.9], "reasoning": "The image is showing a goat, which is the main object. The goat appears to be a white mountain goat with a fluffy coat, standing on a rocky outcrop. The horns are not visible, suggesting they are either missing or not visible due to the angle or the goat's fur. The image is clear and well-focused on the goat, with a blurred background that does not distract from the main subject. The quality of the image is high, with good resolution and lighting."}, {"ans": [true, false, 1.0], "reasoning": "The image is showing a red sneaker with white soles and laces. The laces are visible and appear to be red in color. The image is clear and well-lit, allowing for a good view of the sneaker. Therefore, the answer to Question 1 is True because the image is showing a sneaker. The answer to Question 2 is False because the laces are visible. The quality of the image is rated as 1 because it is clear and well-lit."}, {"ans": [true, false, 0.9], "reasoning": "The image clearly shows a green frog sitting on a lily pad, with its eyes visible. The presence of the frog is evident, and its eyes are clearly visible, so the answer to the first question is True. For the second question, since the eyes are visible, the answer is False. The image quality is rated 0.9 because it is clear and well-focused, with good lighting that highlights the details of the frog."}, {"ans": [true, false, 1.0], "reasoning": "The image is showing a mug with a handle, so the answer to the first question is True. The handle is visible, so the answer to the second question is False. The image is clear and well-lit, and the mug is centered in the frame, so the quality is rated as 1.0."}, {"ans": [true, false, 0.8], "reasoning": "The image clearly shows a saxophone, which is the main object in the picture. The saxophone is depicted with its keys visible, indicating that the keys are not missing. The image is well-lit, and the saxophone is the central focus, suggesting a high-quality image. However, the quality score is not 1 due to the slight presence of glare and the angle of the image, which might not be perfectly straight."}, {"ans": [true, true, 1.0], "reasoning": "The image shows a wooden object with metal attachments, which appears to be a skateboard without wheels. The main object is identifiable as a skateboard, so the answer to the first question is True. The wheels are not visible, so the answer to the second question is True. The image is clear and well-lit, and the key elements are visible, so the quality score is 1."}, {"ans": [true, false, 1.0], "reasoning": "The image is showing a fedora hat with a visible brim. The brim is clearly visible around the hat, so it is not missing or not visible. The image quality is good as it clearly displays the hat and its features."}, {"ans": [true, false, 0.9], "reasoning": "The image clearly shows a motorcycle helmet on a workbench. The helmet is black and has a visor that is currently lifted up, indicating that it is present but not in use. The presence of the visor, even though it is lifted, means it is not missing or invisible. The image is of high quality, with clear details of the helmet and its surroundings, hence a quality score of 0.9."}, {"ans": [true, true, 0.9], "reasoning": "The image shows a bedframe, which is the main object. The bedframe is ornate and made of wood, with a headboard and footboard. The mattress is not visible, as it is not present on the bedframe. The image is of high quality, with clear details and good lighting. The absence of a mattress does not affect the quality score as per the instructions."}, {"ans": [true, false, 0.9], "reasoning": "The image shows a tall brick tower with a clock face on one side near the top, which is characteristic of a clock tower. The clock face is visible, indicating that it is not missing. The image is clear and well-lit, with good resolution, hence the high quality score."}, {"ans": [true, false, 0.9], "reasoning": "The image shows a pocket watch with its cover open, revealing the inner workings and the face of the watch. The watch face has visible hands, so the main object is present and the hands are not missing. The image is clear and well-lit, with good detail visible on the watch and its surroundings. The quality is rated 0.9 because the image is sharp and detailed, with no significant distractions or obstructions."}, {"ans": [true, false, 0.9], "reasoning": "The image clearly shows a bicycle leaning against a stone wall. The bicycle is red and has two wheels, a frame, handlebars, and what appears to be a derailleur and chain, indicating it is a bicycle. The pedals are visible on the bicycle, so they are not missing or invisible. The image is well-lit and in focus, showing the bicycle and its components clearly, hence a high quality score."}, {"ans": [true, false, 0.8], "reasoning": "The image shows a sculpture of a woman in an art gallery. The main object is the sculpture, which is a portrait of a woman. The eyes of the sculpture are visible, so they are not missing. The image is clear and well-lit, but the quality is not perfect due to some minor scratches on the floor."}, {"ans": [true, false, 0.9], "reasoning": "The image clearly shows a grand piano on a stage, with its lid open and innards visible. The piano is the main focus of the image, and it is indeed a grand piano. Therefore, the answer to Question 1 is True. For Question 2, the hammers are visible inside the piano, so they are not missing or invisible. Hence, the answer to Question 2 is False. The image is well-lit and clear, with a clear view of the piano and its components, so the quality is rated as 0.9."}, {"ans": [true, false, 1.0], "reasoning": "The image depicts a sailing ship with three masts and visible sails, indicating that it is indeed a sailing ship. The sails are clearly visible, so they are not missing or invisible. The image is of high quality as it clearly shows the details of the ship and its sails."}, {"ans": [true, false, 0.9], "reasoning": "The image shows a large tree with a wide canopy and sprawling branches, which is consistent with the appearance of an oak tree. The tree has leaves, so the answer to the second question is False. The image is of high quality, with clear details of the tree's structure and surroundings, so the quality score is 0.9."}, {"ans": [true, true, 0.9], "reasoning": "The image depicts a charming stone cottage with a sloping roof, surrounded by lush greenery and trees. The cottage is the main object in the image, and it is clearly visible. Therefore, the answer to Question 1 is True. Upon closer inspection, it is evident that the door of the cottage is not visible, as it is obscured by the dense foliage. Hence, the answer to Question 2 is also True. The image is of high quality, with clear details and a serene atmosphere, so the quality score is 0.9."}, {"ans": [true, false, 1.0], "reasoning": "The image shows a white passenger jet on a runway. The wings are visible and appear to be intact. The first question is answered as 'True' because the image does show a passenger jet. The second question is answered as 'False' because the wings are not missing or invisible; they are clearly visible on both sides of the aircraft. The quality of the image is rated as 1 because it is clear and well-defined, allowing for easy identification of the aircraft and its components."}, {"ans": [true, true, 0.8], "reasoning": "The image shows a wristwatch with a white face and silver hands, placed on a beige leather surface. The watch face does not have any visible numbers. The presence of a wristwatch is evident, satisfying the first question. For the second question, the numbers are not visible on the watch face, so they are considered missing. The image quality is rated 0.8 because it is clear and well-lit, with the watch being the main focus."}, {"ans": [true, false, 0.9], "reasoning": "The image is showing a pizza with a thick crust, topped with tomato sauce, basil leaves, and what appears to be mozzarella or another type of cheese. The crust is golden brown and has a decorative edge. The pizza is cut into slices and is placed on a wooden board. The presence of cheese is visible, so the answer to the second question is False. The image is clear and well-lit, with a good view of the pizza, so the quality score is 0.9."}, {"ans": [true, false, 1.0], "reasoning": "The image clearly shows traffic signals hanging above the road. The traffic signals are visible and appear to be functioning, with one of them displaying a red light. The lights are not missing or invisible, as they are clearly visible in the image. Therefore, the answer to the first question is True, and the answer to the second question is False. The image is of high quality, with clear details of the traffic signals and the surrounding environment, so the quality score is 1."}, {"ans": [true, false, 1.0], "reasoning": "The image is showing a skateboard lying on the ground. The skateboard is visible and appears to be intact, with its deck and trucks visible. The wheels are attached to the trucks and are visible, so they are not missing. The image is clear and well-lit, with good contrast and no visible distortions or artifacts. Therefore, the quality of the image is rated as 1."}, {"ans": [true, true, 0.9], "reasoning": "The image shows a chessboard with gold-colored pieces on it. The chessboard is the main object in the image, and it is clearly visible. The black pieces are not visible on the board, indicating that they are missing. The image is of high quality, with clear details of the chessboard and the pieces. The only reason for a quality score less than 1 is the slight shadow and lighting effect on the chessboard, but it does not affect the overall visibility of the main object."}, {"ans": [true, false, 0.9], "reasoning": "The image shows a red sports car in a showroom. The car is clearly visible and identifiable as a sports car. The brakes are visible behind the wheels, so they are not missing or invisible. The image is of high quality, with good lighting and clarity. The only reason for not giving it a perfect score is the slight reflection on the floor, but it does not detract significantly from the overall quality."}, {"ans": [true, true, 1.0], "reasoning": "The image clearly shows an open book on a wooden table, with the pages facing upwards. The pages are blank, indicating that there is no visible text. The book is the main focus of the image, and it is clearly visible. Therefore, the answer to the first question is True. The text is not visible on the pages of the book, so the answer to the second question is also True. The image is of high quality, with clear details of the book and its surroundings, so the quality score is 1."}, {"ans": [true, false, 1.0], "reasoning": "The image shows a computer tower with a transparent side panel, revealing the internal components. The fans are visible and illuminated, indicating that they are present. Therefore, the answer to Question 1 is True, as the image is showing a computer tower. The answer to Question 2 is False, as the fans are visible and not missing. The quality of the image is rated 1, as it is clear and well-lit, with no visible distortions or issues."}, {"ans": [true, false, 1.0], "reasoning": "The image clearly depicts a scarecrow with a straw hat, a plaid shirt, and straw stuffed into its body. The scarecrow is positioned in a field of wheat or another grain, with a wooden fence post visible to its right. The scarecrow's arms are outstretched and visible, attached to the sides of its body. Therefore, the answer to the first question is True because the image is showing a scarecrow. The answer to the second question is False because the arms are visible. The quality of the image is rated as 1 because it is clear and well-defined, with no apparent issues that would detract from its quality."}, {"ans": [true, true, 0.9], "reasoning": "The image depicts a knight in armor, which is the main object. The knight is wearing full armor and is visible from the waist up. The sword is not visible, as it is not being held by the knight and there is no indication of it being sheathed at his side. The image is well-detailed and clear, indicating a high quality. However, the quality score is not 1 because the image appears to be a painting with visible brush strokes, which may detract from its realism."}, {"ans": [true, false, 0.9], "reasoning": "The image shows a teapot with a floral design on it. The teapot is white and has a lid, a spout, and a handle. The handle is visible on the right side of the teapot. The teapot is placed on a bamboo tray. The image is clear and well-lit, and the teapot is the main focus. The quality of the image is high, with a clear and detailed view of the teapot. Therefore, the answer to Question 1 is True because the image is showing a teapot. The answer to Question 2 is False because the handle is visible. The quality score is 0.9 because the image is clear and well-composed, with good lighting and focus on the teapot."}, {"ans": [true, false, 0.9], "reasoning": "The image clearly shows a basketball hoop with a net. The presence of the hoop and the net is evident, and the net is visible and not missing. The quality of the image is high, with clear details of the hoop and net, and the background is also well-defined. The only reason for not giving it a perfect score is the slight blurriness in the background trees, but this does not affect the main subject."}, {"ans": [true, false, 0.9], "reasoning": "The image shows a dining table set with fine china, silverware, and glasses. The table is covered with a white tablecloth and has multiple place settings. The main object, the dining table, is present. The glasses are visible on the table, so they are not missing or invisible. The quality of the image is high, with clear details of the table setting."}, {"ans": [true, true, 0.9], "reasoning": "The image is showing a typewriter, which is the main object. The ribbon is not visible in the typewriter, so it is considered missing. The image is clear and well-lit, showing the typewriter and its surroundings in detail. The quality of the image is high, with a score of 0.9. The missing ribbon does not affect the quality score as per the instructions."}, {"ans": [true, true, 1.0], "reasoning": "The image shows multiple winter jackets hanging on a rack. The main object in the image is a winter jacket, which satisfies the first question. Upon closer inspection, it is evident that the jackets do not have visible zippers, as they are either buttoned up or the zipper is not visible. Therefore, the answer to the second question is also true. The image is clear and well-lit, and the key elements (the winter jackets) are easily visible, hence the quality rating is 1."}, {"ans": [true, false, 0.9], "reasoning": "The image is clearly showing a sunflower. The seeds are visible on the sunflower, they are not missing or not visible. The quality of the image is high, with clear details of the sunflower and its seeds."}, {"ans": [true, false, 1.0], "reasoning": "The image prominently features an elephant with its trunk visible, along with several other elephants in the background. The main elephant is centered and clearly shows its trunk, indicating that the trunk is not missing or invisible. The image is clear and well-defined, with good visibility of the elephants and their surroundings, hence the quality is rated as 1.0."}, {"ans": [true, true, 1.0], "reasoning": "The image shows a rowboat, which is the main object in the image. The oars are not visible in the image, so they are considered missing. The image is clear and well-lit, and there are no other obvious issues with it, so the quality is rated as 1."}, {"ans": [true, false, 0.9], "reasoning": "The image is showing a snowman with a scarf and a hat. The snowman has buttons visible on its body. The presence of the snowman answers the first question affirmatively. For the second question, the buttons are clearly visible on the snowman's body, so they are not missing or invisible. The image is of high quality, with clear details of the snowman and its surroundings. The quality score is 0.9 because the image is clear and well-defined, with no noticeable issues that would detract from its quality."}, {"ans": [true, false, 0.9], "reasoning": "The image shows a fountain pen with a visible nib and a transparent section showing the presence of ink. The pen is placed on an open notebook, and the image is clear and well-focused. The main object, a fountain pen, is present, so the answer to the first question is True. The ink is visible in the pen's transparent section, so the answer to the second question is False. The image quality is high, with clear details of the pen and notebook, so the quality score is 0.9."}, {"ans": [true, true, 0.8], "reasoning": "The image shows a paintbrush with a wooden handle and a metal ferrule, but the bristles are not visible as they are likely covered in paint and not clearly discernible. The presence of the paintbrush is evident, satisfying the first question. For the second question, the bristles are not clearly visible, so it is considered missing or not visible. The image quality is rated 0.8 because it is a close-up and the objects are in focus, even though the bristles are not visible."}, {"ans": [true, false, 1.0], "reasoning": "The image clearly shows a pair of eyeglasses on top of torn newspaper pieces. The eyeglasses are intact with both lenses and frames visible, and the temples are partially visible, indicating they are not missing. The image is well-lit and in focus, contributing to its high quality."}, {"ans": [true, false, 0.9], "reasoning": "The image clearly shows a person holding an umbrella on a rainy day in a city setting. The umbrella is visible and appears to be intact, with its ribs discernible under the fabric. The presence of the umbrella is evident, answering the first question affirmatively. For the second question, the ribs of the umbrella are visible, indicating they are not missing or invisible. The image quality is rated 0.9, as it is clear and well-defined, capturing the details of the scene effectively."}, {"ans": [false, true, 0.9], "reasoning": "The image is showing a wristwatch, but it is not the main object in the image. The main object is a glass dome containing the wristwatch. The wristwatch is visible and appears to be a high-end mechanical watch with a skeletonized dial. The hour markers are not visible on the wristwatch, as the dial is skeletonized and the hour markers are likely removed or not present. Therefore, the answer to Question 1 is False, as the image is not primarily showing a wristwatch. The answer to Question 2 is True, as the hour markers are not visible on the wristwatch. The quality of the image is rated 0.9, as it is a high-quality image with good lighting and focus."}, {"ans": [true, false, 0.9], "reasoning": "The image clearly shows a camping tent set up in a grassy field. The tent is fully visible and appears to be intact with its poles in place, supporting the structure. The poles are visible as they are part of the tent's frame, holding it upright. The overall condition of the image is clear and well-lit, indicating a high-quality visual representation."}, {"ans": [true, false, 0.8], "reasoning": "The image shows a cuckoo clock, which is the main object, so the answer to the first question is True. The weights are visible hanging below the clock, so the answer to the second question is False. The image is of high quality, with intricate details and clear visibility of the clock and its components, so the quality score is 0.8."}, {"ans": [true, true, 0.8], "reasoning": "The image is showing a smartphone with a clear case, standing upright on a table. The phone's screen is on and displaying some icons. The speaker grille is not visible from the front view of the smartphone, as it is likely located at the bottom edge or back of the device, which is not clearly shown in the image. Therefore, for Question 1, the answer is True because the image is showing a smartphone. For Question 2, the answer is True because the speaker grille is not visible from the current view of the smartphone. The quality of the image is rated 0.8 because it is clear and well-lit, but the background is slightly blurred."}, {"ans": [true, false, 1.0], "reasoning": "The image clearly shows a motorcycle, which is the main object. The motorcycle has a visible speedometer, so it is not missing. The image is of high quality as it is clear and well-lit, and the presence or absence of the speedometer does not affect the quality score."}, {"ans": [true, true, 0.9], "reasoning": "The image shows a violin and its bow. The bow is clearly visible, so the answer to the first question is True. The hair of the bow is not visible, so the answer to the second question is True. The image is of high quality, with clear details of the violin and bow, so the quality score is 0.9. The absence of visible hair on the bow does not negatively impact the quality score as per the instructions."}, {"ans": [true, false, 0.9], "reasoning": "The image is showing a birdcage with a perch inside it. The birdcage is hanging from the ceiling of a porch and has multiple birds inside and around it. The perch is visible inside the cage, so it is not missing. The image is well-lit and clear, with a good level of detail. The quality of the image is high, with a score of 0.9 out of 1."}, {"ans": [true, false, 0.9], "reasoning": "The image clearly shows a statue of a woman, indicating that the main object is indeed a statue. Therefore, the answer to Question 1 is True. The statue has its head intact and visible, so the head is not missing or invisible, making the answer to Question 2 False. The image is of high quality, with clear details of the statue and its surroundings, hence the quality score is 0.9."}, {"ans": [true, false, 0.9], "reasoning": "The image is showing a teddy bear with a visible nose, so the answer to Question 1 is True. The nose is clearly visible, so the answer to Question 2 is False. The image is of high quality, with clear details of the teddy bear and its surroundings, so the quality score is 0.9. The slight deduction is due to minor blurriness in the background."}, {"ans": [true, false, 0.9], "reasoning": "The image shows a pair of white sneakers hanging on a door. The sneakers are clearly visible and appear to be in a worn condition. The laces are present and visible, threaded through the eyelets. The image is well-lit and the sneakers are the main focus, indicating a good quality image. The presence of laces means they are not missing or invisible."}, {"ans": [true, false, 1.0], "reasoning": "The image clearly shows a refrigerator with its doors open, revealing the interior. The refrigerator is the main object in the image, and it is visible in its entirety. The door shelves are also visible on the right-hand door, indicating that they are not missing. Therefore, the answer to Question 1 is True. For Question 2, since the door shelves are visible, the answer is False. The image is of high quality, with clear details of the refrigerator and its contents, so the quality score is 1."}, {"ans": [true, false, 0.9], "reasoning": "The image depicts a group of people sitting around a campfire in a forest setting. The campfire is visible and has flames, indicating that it is lit. The presence of the campfire and the people gathered around it suggests a social gathering or camping activity. The image is well-lit, with the campfire providing a warm glow, and the surrounding environment is clearly visible. The quality of the image is high, with clear details and a realistic representation of the scene."}, {"ans": [true, false, 1.0], "reasoning": "The image clearly shows a drinking fountain with water flowing from it. The main object, the drinking fountain, is present and identifiable. The water is visible and flowing, indicating that it is not missing or invisible. The image is clear and well-lit, with no significant obstructions or distractions, contributing to its high quality."}, {"ans": [true, true, 0.9], "reasoning": "The image shows a revolver with a visible trigger but no visible trigger guard. The presence of the revolver is clear, so the answer to the first question is True. The trigger guard is not visible, making the answer to the second question True. The image is of high quality, clearly showing the revolver and its details, so the quality score is 0.9."}, {"ans": [true, false, 1.0], "reasoning": "The image is a detailed illustration of a compass rose, prominently displayed in the center. The compass rose is adorned with various elements, including a north arrow that is clearly visible. The presence of the compass rose and the north arrow indicates that the image meets the criteria for both questions. Therefore, the answer to the first question is true because the image does show a compass rose. The answer to the second question is false because the north arrow is not missing or invisible; it is clearly visible. The quality of the image is rated as 1 because it is a high-quality illustration with clear details, and the presence or absence of the north arrow does not affect the quality score as per the instructions."}, {"ans": [true, false, 1.0], "reasoning": "The image depicts a futuristic cityscape with towering skyscrapers that are illuminated by neon lights. The skyscrapers are the main focus of the image, and they are clearly visible. Upon closer inspection, it is evident that the skyscrapers have windows, as indicated by the numerous small lights and rectangular outlines on their surfaces. Therefore, the answer to the first question is True, as the image is showing skyscrapers. The answer to the second question is False, as the windows are visible on the skyscrapers. The quality of the image is rated 1, as it is clear and well-defined, with no visible distortions or issues."}, {"ans": [true, true, 0.8], "reasoning": "The image depicts a conductor standing with his back to the camera, arms raised, in front of an orchestra. The conductor is the main object and is clearly visible. The baton is not visible in the conductor's hand, and since his hands are open and facing away from the camera, it is reasonable to conclude that the baton is either missing or not visible. The image is of good quality, capturing the scene clearly, and the absence of the baton does not detract from the overall quality."}, {"ans": [false, true, 1.0], "reasoning": "The image shows a soccer field with markings and corner flags, but there is no visible soccer goal in the frame. Therefore, the answer to the first question is False because the main object (soccer goal) is not present. For the second question, since there is no soccer goal visible, it is considered that the crossbar is missing or not visible, hence the answer is True. The quality of the image is rated as 1 because it clearly shows the soccer field and its markings, and the absence of the soccer goal is not due to poor image quality."}, {"ans": [true, false, 0.9], "reasoning": "The image clearly shows a microscope on a laboratory table. The microscope appears to be in good condition and is the central focus of the image. The lenses are visible and appear to be intact, which means they are not missing. The image is sharp and well-lit, indicating good quality. The presence of laboratory equipment in the background adds to the authenticity of the setting but does not affect the quality score directly."}]