[{"ans": [true, true, 0.9], "reasoning": "The image shows a sailboat on the water. The sailboat has a mast and rigging, but the sails are not visible, indicating they are either missing or not visible. The image is clear and well-composed, showing the sailboat in the center of the frame against a calm sea and clear sky. The quality is high, with good resolution and lighting."}, {"ans": [true, true, 1.0], "reasoning": "The image is showing a red bicycle leaning against a brick wall. The bicycle is clearly visible and appears to be in a relatively good condition. The chain of the bicycle is not visible, likely because it is hidden by the frame or other components. Therefore, for Question 1, the answer is True because the image is showing a bicycle. For Question 2, the answer is True because the chain is not visible. The quality of the image is rated as 1 because it is clear and well-lit, and there are no significant issues that would detract from the overall visibility of the bicycle."}, {"ans": [true, false, 0.9], "reasoning": "The image is showing a cat, so the answer to the first question is True. The cat's whiskers are visible, so the answer to the second question is False. The quality of the image is rated 0.9 because it is clear and well-focused, with good lighting and no visible artifacts or distortions."}, {"ans": [true, true, 1.0], "reasoning": "The image shows a castle with a large stone structure and towers, which matches the description of a castle. The gates are not visible, as there is an open archway in the center of the castle wall, indicating that the gates are either missing or not visible. The image is clear and well-lit, with good resolution, hence the quality score is 1."}, {"ans": [true, false, 1.0], "reasoning": "The image clearly depicts a hot-air balloon with a visible basket, so the answer to Question 1 is True. Since the basket is visible, the answer to Question 2 is False. The image is of high quality as it clearly shows the hot-air balloon and its details."}, {"ans": [true, false, 1.0], "reasoning": "The image clearly shows a turtle with a visible shell on a beach. The turtle is centered and facing left, with its shell and flippers clearly visible. Therefore, for Question 1, the answer is True because the image is showing a turtle. For Question 2, the answer is False because the shell is visible. The quality of the image is rated as 1 because it is clear and well-lit, with the turtle being the main focus."}, {"ans": [true, false, 1.0], "reasoning": "The image clearly shows a train at a station, indicating that the main object is indeed a train. The wheels of the train are visible under the carriage, so they are not missing or invisible. The image is clear and well-lit, with no apparent issues affecting its quality."}, {"ans": [true, false, 0.9], "reasoning": "The image clearly shows a pair of eyeglasses with lenses. The main object, eyeglasses, is present, so the answer to the first question is True. The lenses are visible, so the answer to the second question is False. The quality of the image is rated 0.9 because it is clear and well-focused on the eyeglasses, with a clean background that does not distract from the main object."}, {"ans": [true, false, 1.0], "reasoning": "The image clearly shows a fountain pen with its nib visible and intact. The pen is lying on a piece of paper with writing on it, and the nib is pointing towards the bottom left corner of the image. The cap of the pen is placed near the top center of the image, indicating that the pen is being used or has been used recently. The nib is not missing or invisible; it is clearly visible and appears to be in good condition. Therefore, the answer to Question 1 is True because the image is showing a fountain pen. The answer to Question 2 is False because the nib is not missing or invisible. The quality of the image is rated as 1 because it is clear and well-defined, with no visible distortions or issues that would detract from the visibility of the pen or its nib."}, {"ans": [true, false, 1.0], "reasoning": "The image shows an umbrella with a canopy made of a mesh material, leaning against a wall next to a chair. The canopy is visible and not missing, so the answer to the second question is False. The image is clear and well-lit, showing the umbrella and its details, so the quality is rated as 1."}, {"ans": [true, false, 1.0], "reasoning": "The image clearly shows an airplane on a tarmac, with its wings visible. The presence of the airplane is evident, answering the first question affirmatively. For the second question, the wings are not missing or invisible; they are clearly visible on both sides of the fuselage. The image is of high quality, with clear details of the airplane and its surroundings."}, {"ans": [true, true, 0.9], "reasoning": "The image clearly shows a desk lamp, which is the main object in question. The lamp is positioned above an open book on a table. Upon closer inspection, it is evident that the bulb is not visible within the lamp's shade, indicating that it is either missing or not visible. The image is well-lit and in focus, suggesting a high-quality image. The presence or absence of the bulb does not affect the quality score as per the instructions."}, {"ans": [true, false, 0.9], "reasoning": "The image is showing an electric guitar with a visible neck, so the answer to the first question is True. The neck is clearly visible, so the answer to the second question is False. The quality of the image is rated 0.9 because it is clear and well-lit, with no visible distortions or obstructions."}, {"ans": [true, false, 1.0], "reasoning": "The image shows a fish lying on a bed of ice, with its body and fins clearly visible. The presence of the fish is evident, and its fins are not missing or invisible, they are clearly visible. Therefore, the answer to the first question is True, and the answer to the second question is False. The image is of high quality, as it clearly displays the subject matter, so the quality score is 1."}, {"ans": [true, false, 1.0], "reasoning": "The image clearly shows a cottage with a roof. The roof is visible and not missing. The image is of high quality, clearly showing the details of the cottage and its surroundings."}, {"ans": [true, true, 1.0], "reasoning": "The image is showing a car, specifically a vintage convertible with its top down. The windshield is not visible as it is folded down along with the top. Therefore, the answer to the first question is True. For the second question, since the windshield is not visible, it is considered missing, so the answer is True. The image quality is rated 1.0 because it is clear and well-lit, and the key elements of the car are visible."}, {"ans": [true, false, 1.0], "reasoning": "The image clearly shows a keyboard with a visible spacebar. The keyboard is the main object in the image, and it is fully visible. The spacebar is present and clearly visible, indicating that it is not missing. The image is of high quality, with clear details of the keyboard and its components."}, {"ans": [true, false, 1.0], "reasoning": "The image clearly depicts an owl perched on a tree branch, with its feathers visible and detailed. The owl's presence is the main focus of the image, and it is evident that the image is showing an owl. Therefore, the answer to the first question is True. For the second question, the feathers are clearly visible on the owl's body, so the answer is False. The image is of high quality, with clear details and a well-defined subject, so the quality score is 1.0."}, {"ans": [true, false, 1.0], "reasoning": "The image shows two leather-bound books on a wooden table. The standing book is closed and has visible spine and cover, while the lying book is also closed but shows its pages at the edges. The pages are visible and present in both books, so they are not missing or invisible. Therefore, the answer to the first question is True because the image is showing books. The answer to the second question is False because the pages are visible at the edges of the lying book. The quality of the image is rated 1 because it is clear and well-lit, and the details of the books and the table are easily visible."}, {"ans": [true, false, 1.0], "reasoning": "The image is showing a lighthouse with a visible lamp. The lighthouse is the main object in the image, and it is clearly visible. The lamp is also visible inside the glass enclosure at the top of the lighthouse. Therefore, the answer to the first question is True. Since the lamp is visible, the answer to the second question is False. The image is of high quality, with clear details of the lighthouse and its surroundings, so the quality score is 1."}, {"ans": [true, false, 1.0], "reasoning": "The image shows a beige armchair with a patterned rug underneath it. The chair has a backrest, armrests, and legs, which are visible. The legs are not missing or invisible; they are clearly seen at the bottom of the chair. The image is clear and well-lit, allowing for a good view of the chair and its features. Therefore, the answer to Question 1 is True because the image is showing an armchair. The answer to Question 2 is False because the legs are visible. The quality of the image is rated as 1 because it is clear and well-lit."}, {"ans": [true, true, 0.9], "reasoning": "The image depicts a deer standing in a forest, which matches the description of the main object in Question 1. Therefore, the answer to Question 1 is True. The deer in the image appears to be without antlers, so the answer to Question 2 is True as the antlers are missing. The image is clear and well-lit, with a good representation of the deer and its surroundings. The quality of the image is rated 0.9, as it is a high-quality image with no visible distortions or issues that would detract from the overall viewing experience."}, {"ans": [true, true, 1.0], "reasoning": "The image shows a white envelope on a marble surface. The envelope is closed, and the flap is not visible as it is tucked inside. Therefore, the main object (envelope) is present, answering the first question as True. For the second question, since the flap is not visible (as it is tucked inside), it is considered missing or not visible, so the answer is True. The image is clear and well-lit, showing the envelope and its details, so the quality is rated as 1."}, {"ans": [true, true, 1.0], "reasoning": "The image is showing a wall clock with a white face and black hands, mounted on a wall above a fireplace. The clock face does not have any numbers visible. Therefore, the answer to the first question is True because the main object, a wall clock, is present. The answer to the second question is True because the numbers on the clock face are not visible. The quality of the image is rated as 1.0 because it is clear and well-lit, and the absence of numbers on the clock face is not considered a factor in reducing the quality score."}, {"ans": [true, false, 1.0], "reasoning": "The image clearly depicts a person wearing a white space suit, which includes a helmet with a gold visor. The presence of the space suit is evident, and the helmet is visible and not missing. Therefore, the answer to the first question is True because the image is showing a space suit with a helmet. The answer to the second question is False because the helmet is not missing; it is clearly visible. The quality of the image is rated as 1 because it is clear and well-defined, with all details of the space suit and helmet visible."}, {"ans": [true, false, 1.0], "reasoning": "The image clearly shows a windmill with its blades visible, standing in a field of wheat. The windmill is the main object in the image and is easily identifiable. The blades are present and clearly visible, attached to the central hub of the windmill. The image is of high quality, with clear details of the windmill and the surrounding landscape."}, {"ans": [true, true, 0.9], "reasoning": "The image prominently features a large tree without leaves, surrounded by other trees also without leaves. The main object in the image is indeed a tree, which satisfies the first question. For the second question, the leaves are not visible on the trees, so the answer is true. The quality of the image is rated 0.9 because it is clear and well-composed, with good lighting that highlights the tree's structure."}, {"ans": [true, true, 0.9], "reasoning": "The image shows a yellow school bus parked in front of a building. The bus is clearly visible and appears to be in good condition. The doors of the bus are not visible as they are on the side that is not shown in the image. Therefore, for Question 1, the answer is True because the image is showing a bus. For Question 2, the answer is True because the doors are not visible. The quality of the image is rated 0.9 because it is clear and well-lit, with no visible distortions or obstructions that would affect the visibility of the bus."}, {"ans": [true, true, 1.0], "reasoning": "The image shows a laptop with its back facing the camera. The laptop is clearly visible and is an Apple brand. The screen is not visible as it is facing away from the camera, thus it is considered 'not visible'. The image is clear and well-lit, indicating good quality."}, {"ans": [true, true, 1.0], "reasoning": "The image shows a trumpet lying in a red velvet case. The trumpet is clearly visible and appears to be a standard trumpet. However, the mouthpiece is not attached to the trumpet, indicating it is missing or not visible. The image is clear and well-lit, allowing for a good view of the trumpet. Therefore, the answer to Question 1 is True because the image is showing a trumpet. The answer to Question 2 is True because the mouthpiece is not visible. The quality of the image is rated 1 because it is clear and well-lit."}, {"ans": [true, false, 1.0], "reasoning": "The image clearly shows a robot in a laboratory setting. The robot is the main object and is visible with its head intact, indicating that the head is not missing. The image is of high quality, with clear details of the robot and its surroundings."}, {"ans": [true, true, 1.0], "reasoning": "The image shows a candle, which is the main object. The candle appears to be a plain, cream-colored pillar candle on a silver tray. The wick is not visible in the image, as it is likely at the top of the candle and the image is cropped to show only the middle section of the candle. Therefore, the wick is considered missing or not visible. The image is of high quality, as it is clear and well-lit."}, {"ans": [true, true, 0.9], "reasoning": "The image is showing a pizza. The pizza appears to be topped with tomato sauce, cherry tomatoes, basil leaves, and what appears to be garlic. There is no visible cheese on the pizza. The image is clear and well-lit, with a good view of the pizza's toppings. The quality of the image is high, with a score of 0.9 out of 1. The absence of cheese does not affect the quality score as per the instructions."}, {"ans": [true, true, 0.9], "reasoning": "The image shows a DSLR camera body without a lens attached. The camera is prominently displayed on a stand, and the absence of a lens is evident from the visible lens mount. The camera's brand is 'Geoca', which is not a standard DSLR brand but could be considered a valid representation of a DSLR camera body. The image is clear and well-lit, with a simple background that does not distract from the camera. The quality of the image is high, with a clear view of the camera's details."}, {"ans": [true, false, 1.0], "reasoning": "The image shows a grand piano on a stage in an auditorium. The piano is clearly visible and appears to be a high-quality image. For Question 1, the main object in the image is indeed a piano, so the answer is True. For Question 2, the keys of the piano are visible, so they are not missing or not visible, hence the answer is False. The image is clear and well-lit, and there are no obvious issues with its quality, so the quality rating is 1."}, {"ans": [true, false, 0.9], "reasoning": "The image shows multiple paintbrushes, so the answer to the first question is True. The bristles of the paintbrushes are visible, so the answer to the second question is False. The quality of the image is high, with clear details of the paintbrushes and the palette, so the quality score is 0.9."}, {"ans": [true, false, 1.0], "reasoning": "The image is showing a watch with a visible face and a black band. The watch is placed on a speckled surface. The strap is partially visible, so it is not missing or not visible."}, {"ans": [true, true, 0.9], "reasoning": "The image clearly shows a person with their mouth open, undergoing a dental examination. The mouth is the main object, and it is visible. Therefore, the answer to the first question is True. Upon closer inspection, it is evident that the tongue is not visible within the mouth, as it is likely pressed down or not present in the visible area. Hence, the answer to the second question is True, indicating that the tongue is either missing or not visible. The quality of the image is rated 0.9, as it is clear and well-focused on the main subject, despite being a close-up shot."}, {"ans": [true, false, 1.0], "reasoning": "The image clearly depicts a motorcycle, so the answer to the first question is True. The handlebars are visible in the image, so the answer to the second question is False. The image is of high quality, with clear details of the motorcycle and its surroundings, so the quality score is 1."}, {"ans": [true, false, 0.9], "reasoning": "The image is showing a vintage television set with a visible screen, so the answer to the first question is True. The screen is present and visible, so the answer to the second question is False. The image is clear and well-lit, and the television is the main focus, so the quality score is 0.9. The reason for not giving a perfect score is that the image could be sharper, but it is still clear enough to answer the questions."}, {"ans": [true, false, 1.0], "reasoning": "The image is showing a goat with horns, so the answer to the first question is True. The horns are visible, so the answer to the second question is False. The image is clear and well-lit, and the goat is centered in the frame, so the quality is rated as 1."}, {"ans": [true, false, 1.0], "reasoning": "The image clearly shows a red sneaker with white laces, sitting on an orange surface in front of gray lockers. The sneaker is the main object in the image and is easily identifiable. The laces are visible and appear to be intact, threaded through the eyelets. Therefore, the answer to Question 1 is True because the image is showing a sneaker. The answer to Question 2 is False because the laces are not missing or invisible; they are clearly visible. The quality of the image is rated as 1 because it is clear and well-lit, with no apparent issues that would detract from its quality."}, {"ans": [true, false, 1.0], "reasoning": "The image clearly shows a green frog sitting on a lily pad in the water. The frog is facing to the right, and its large, round eyes are visible and clearly seen. Therefore, the answer to Question 1 is True because the image is showing a frog. The answer to Question 2 is False because the eyes are not missing or not visible; they are clearly visible. The quality of the image is rated as 1.0 because it is a clear and detailed image of the frog, with no significant issues affecting its quality."}, {"ans": [true, false, 0.95], "reasoning": "The image shows a cup with a handle on a saucer. The cup is white with blue floral designs and has a matching saucer. The handle is visible and attached to the right side of the cup. Therefore, the main object in the image is a mug, and the handle is present and visible. The image is clear and well-lit, but the quality score is not 1 due to the slight gradient background which might be considered a minor distraction."}, {"ans": [true, false, 0.9], "reasoning": "The image clearly shows a saxophone, which is the main object in the picture. The saxophone is depicted with its keys visible, indicating that the keys are not missing. The image is well-lit and focused on the saxophone, with a clear view of its body and keys. The quality of the image is high, with a score of 0.9, as it is sharp and well-composed."}, {"ans": [true, false, 1.0], "reasoning": "The image clearly shows a skateboard with wheels attached to it. The skateboard is positioned on a brick surface, and all four wheels are visible. Therefore, the answer to the first question is True because the main object, a skateboard, is present. The answer to the second question is False because the wheels are not missing; they are clearly visible. The quality of the image is rated as 1 because it is clear and well-defined, allowing for easy identification of the skateboard and its components."}, {"ans": [true, false, 1.0], "reasoning": "The image shows a black fedora hat on a stand. The hat has a visible brim, which is a key characteristic of a fedora. Therefore, the answer to Question 1 is True because the image is showing a fedora. The brim is clearly visible, so the answer to Question 2 is False. The image is of high quality, as it is clear and well-lit, so the quality score is 1."}, {"ans": [true, false, 0.9], "reasoning": "The image clearly shows a motorcycle helmet on a workbench. The helmet has a visor that is visible and not missing. The quality of the image is high, with clear details of the helmet and its surroundings, hence a score of 0.9. The presence of the visor answers the second question, indicating it is not missing."}, {"ans": [true, true, 1.0], "reasoning": "The image clearly shows a bedframe, which is the main object. The bedframe is ornate and made of wood, with intricate carvings on the headboard and footboard. The mattress is not visible, as it is not present within the frame. The image is of high quality, with clear details and no visible distortions or issues that would detract from the overall quality."}, {"ans": [true, false, 0.9], "reasoning": "The image shows a clock tower with two visible clock faces, one on the front and one on the side. The clock tower is made of red brick and has an arched opening at the bottom. The clock faces are white with black hands and Roman numerals. The image is clear and well-lit, with a blue sky in the background. The clock faces are clearly visible, so the answer to Question 2 is False. The image is of high quality, with a clear and detailed view of the clock tower, so the quality score is 0.9."}, {"ans": [true, false, 0.9], "reasoning": "The image clearly shows a pocket watch with its cover open, revealing the inner workings and the hands. The presence of the pocket watch fulfills the first question's condition. The hands are visible on the watch face, so the condition of the second question is not met, meaning the hands are not missing or invisible. The image is of high quality, with clear details of the pocket watch and its components, hence a high-quality score."}, {"ans": [true, false, 1.0], "reasoning": "The image clearly shows a bicycle leaning against a stone wall. The bicycle is red with white accents and has a visible crankset with pedals attached. The pedals are clearly visible, so they are not missing or invisible. The image is of high quality, well-lit, and in focus."}, {"ans": [true, false, 0.9], "reasoning": "The image shows a portrait of a woman with her eyes clearly visible. The painting is well-lit and the details are clear, indicating a high-quality image. The eyes are not missing or invisible, they are fully visible and detailed in the portrait."}, {"ans": [true, false, 1.0], "reasoning": "The image clearly shows a grand piano on a stage, with its lid open and the internal mechanisms visible. The piano is a central object in the image, and it matches the description of a grand piano. The hammers are visible inside the piano, so they are not missing or invisible. The image is well-lit and in focus, with good visibility of the piano and its components, hence the quality score is 1."}, {"ans": [true, true, 0.9], "reasoning": "The image depicts a sailing ship with two masts and rigging, indicating it is a sailing vessel. However, there are no sails visible on the masts. The ship is shown in the middle of the ocean, and the image is clear and well-defined, suggesting a high-quality rendering. The absence of sails is not considered a factor in assessing the image quality as per the instructions."}, {"ans": [true, false, 1.0], "reasoning": "The image depicts a large tree with a sprawling canopy and visible leaves. The tree's trunk is thick and gnarled, with many branches extending outward. The leaves are green and abundant, covering much of the tree's structure. The image is clear and well-lit, suggesting a high-quality photograph. The tree appears to be an oak or a similar species, given its broad canopy and sturdy trunk. The presence of leaves on the tree indicates that they are not missing. Therefore, the answer to Question 1 is True because the image shows an oak tree with leaves. The answer to Question 2 is False because the leaves are visible on the tree. The quality of the image is rated as 1.0 because it is clear and well-composed, with no visible distortions or issues that would detract from its quality."}, {"ans": [true, false, 0.9], "reasoning": "The image depicts a stone cottage with a gable roof, surrounded by trees and vines. The cottage has a door and windows, and appears to be a cozy, rustic dwelling. The door is visible, so it is not missing or invisible. The image is well-rendered and detailed, with a clear and focused view of the cottage. The quality of the image is high, with a score of 0.9 out of 1.0."}, {"ans": [true, false, 1.0], "reasoning": "The image clearly shows a passenger jet on a runway. The wings of the jet are visible, indicating that they are not missing. The image is of high quality, capturing the details of the aircraft and its surroundings."}, {"ans": [true, true, 0.9], "reasoning": "The image is showing a wristwatch with a white face and brown leather strap. The watch face does not have any visible numbers, only the hour and minute hands are visible. Therefore, the answer to the first question is True because the image is showing a wristwatch. The answer to the second question is also True because the numbers are not visible on the wristwatch face. The quality of the image is rated 0.9 because it is clear and well-lit, with no visible distortions or obstructions that would affect the visibility of the watch."}, {"ans": [true, false, 1.0], "reasoning": "The image is showing a pizza, which is the main object. The pizza has a crust, tomato sauce, and basil leaves on top. There are also some black olives visible. The cheese is melted and visible around the edges and in some spots on the pizza. Therefore, the answer to the first question is True. For the second question, the cheese is visible, so the answer is False. The image is clear and well-lit, showing all the details of the pizza, so the quality is rated as 1."}, {"ans": [true, false, 0.9], "reasoning": "The image clearly shows traffic signals above the road. The lights on the traffic signals are visible, with one of them illuminated, indicating that the lights are not missing or not visible. The image is well-lit and in focus, with clear details of the traffic signals and the surrounding environment, hence a high quality score."}, {"ans": [true, false, 1.0], "reasoning": "The image clearly shows a skateboard with wheels. The skateboard is positioned on a concrete surface, and its rainbow-colored deck is visible along with its trucks and wheels. Since the skateboard and its wheels are clearly visible, the answer to the first question is True. For the second question, since the wheels are visible and not missing, the answer is False. The image is of high quality as it clearly displays the skateboard and its components."}, {"ans": [true, true, 1.0], "reasoning": "The image shows a chessboard with pieces on it. The chessboard is the main object in the image, and it is clearly visible. The black pieces are not visible on the chessboard, they are missing. The image is clear and well-lit, and the chessboard and pieces are in sharp focus. Therefore, the quality of the image is rated as 1."}, {"ans": [true, true, 0.9], "reasoning": "The image shows a red Ferrari sports car in a luxurious showroom. The car is clearly visible and appears to be in pristine condition. For question 1, the image is showing a sports car, so the answer is True. For question 2, the brakes are not visible as the wheels are facing forward and the brake components are not visible, so the answer is True. The quality of the image is rated 0.9 because it is clear and well-lit, with no visible distortions or issues that would detract from the viewer's ability to see the car."}, {"ans": [true, true, 1.0], "reasoning": "The image shows an open book on a wooden table. The pages are blank, indicating that there is no text visible. Therefore, the answer to Question 1 is True because the image is showing a book. The answer to Question 2 is also True because the text is missing or not visible from the book. The quality of the image is rated as 1.0 because it is clear and well-lit, and there are no visible distortions or issues that would detract from the viewer's understanding of the scene."}, {"ans": [true, false, 1.0], "reasoning": "The image clearly shows a computer tower with its side panel partially removed, revealing the internal components. The presence of fans is evident, as they are visible and illuminated with purple lights. Therefore, the answer to the first question is True because the main object in the image is indeed a computer tower. For the second question, the answer is False because the fans are not missing; they are visible and clearly seen on the image. The quality of the image is rated as 1 because it is clear and well-lit, allowing for easy identification of the components."}, {"ans": [true, true, 1.0], "reasoning": "The image depicts a scarecrow standing in a wheat field. The scarecrow is made of straw and is dressed in a plaid shirt and a straw hat. The scarecrow's body is attached to a wooden post, and it appears to be facing away from the camera. The image is clear and well-lit, with a good view of the scarecrow and its surroundings. The scarecrow does not have visible arms, as they are either missing or not visible due to its positioning against the post."}, {"ans": [true, false, 0.9], "reasoning": "The image depicts a man in armor, which is consistent with the representation of a knight. The presence of armor, including a helmet, breastplate, and gauntlets, along with the historical battle scene in the background, supports the identification of the subject as a knight. Therefore, the answer to the first question is True. For the second question, the sword is visible on the right side of the image, behind the knight's shoulder, indicating that it is not missing or invisible. Hence, the answer to the second question is False. The quality of the image is rated 0.9 due to its high level of detail and clarity, despite the presence of some minor artifacts."}, {"ans": [true, false, 1.0], "reasoning": "The image clearly shows a teapot with a handle, spout, and lid, placed on a bamboo mat. The teapot is white with a floral design. The handle is visible on the right side of the teapot. Therefore, the answer to the first question is True because the main object in the image is indeed a teapot. The answer to the second question is False because the handle is present and visible. The quality of the image is rated 1.0 because it is clear and well-lit, with no apparent issues that would detract from its quality."}, {"ans": [true, false, 1.0], "reasoning": "The image clearly shows a basketball hoop with a net. The net is visible and attached to the hoop, so it is not missing. The presence of the hoop and the net answers both questions. The image is clear and well-lit, indicating high quality."}, {"ans": [true, false, 0.9], "reasoning": "The image shows a dining table setting with a white tablecloth, a plate, and silverware. The presence of a plate and silverware indicates that it is a dining table. The glasses are partially visible at the top of the image, so they are not missing. The quality of the image is high, with clear details of the table setting."}, {"ans": [true, false, 0.9], "reasoning": "The image clearly shows a vintage typewriter on a wooden desk, with a sheet of paper inserted. The typewriter is the main focus, and it is evident that it is a typewriter. The ribbon is visible and appears to be in place, although it is red and not the typical black or black and red. The image is well-lit and in sharp focus, indicating a high-quality image. The presence of the ribbon answers the second question, indicating it is not missing."}, {"ans": [true, true, 0.9], "reasoning": "The image shows a winter jacket hanging on a coat rack. The jacket is a puffy, cream-colored coat with a fur-lined hood, which is characteristic of a winter jacket. There is no visible zipper on the jacket, suggesting that it is either missing or not visible. The image is well-lit and clearly shows the jacket, indicating a high-quality image. The presence or absence of a zipper does not affect the quality score as per the instructions."}, {"ans": [true, false, 1.0], "reasoning": "The image clearly shows a sunflower, which is the main object. The seeds are visible on the flower head, so they are not missing or invisible. The image is of high quality, with clear details of the sunflower and its components."}, {"ans": [true, false, 0.9], "reasoning": "The image clearly shows an elephant with a visible trunk. The trunk is prominent and centered in the image, indicating that it is not missing or invisible. Therefore, the answer to Question 1 is True because the image is showing an elephant. The answer to Question 2 is False because the trunk is visible. The quality of the image is rated 0.9, suggesting it is of high quality, with the slight deduction likely due to minor factors such as the lighting or the presence of dust."}, {"ans": [true, true, 1.0], "reasoning": "The image is showing a rowboat, which is the main object. The oars are not visible in the image, so they are considered missing. The image is clear and well-lit, and the rowboat is centered, so the quality is high."}, {"ans": [true, true, 0.9], "reasoning": "The image is showing a snowman with a hat and scarf, but it does not have visible buttons. The main object in the image is a snowman, so the answer to the first question is True. The buttons are not visible on the snowman, so the answer to the second question is True. The quality of the image is rated 0.9 because it is clear and well-lit, and the snowman is the main focus of the image."}, {"ans": [true, false, 1.0], "reasoning": "The image clearly shows a fountain pen, which is the main object in question. The pen is black with gold accents and is placed on top of a notebook. The ink reservoir of the pen is visible and appears to be filled with ink, as it is partially transparent and shows the presence of liquid inside. Therefore, the ink is not missing or invisible. The image is of high quality, as it is clear and well-lit, allowing for a detailed view of the pen and notebook."}, {"ans": [true, true, 0.9], "reasoning": "The image shows a paintbrush with a wooden handle and metal ferrule, but the bristles are not visible as they are likely covered or obscured by the paint on the palette. The presence of the paintbrush is clear, so the answer to the first question is True. The bristles are not visible, so the answer to the second question is True. The image is of high quality, with clear details of the paintbrush and palette, so the quality score is 0.9."}, {"ans": [true, false, 0.9], "reasoning": "The image clearly shows a pair of eyeglasses on top of a document. The eyeglasses have temples that are visible, indicating that they are not missing. The quality of the image is high, with clear details of the eyeglasses and the document. Therefore, the answer to Question 1 is True because the image is showing eyeglasses. The answer to Question 2 is False because the temples are visible and not missing. The quality score is 0.9, indicating a high-quality image."}, {"ans": [true, false, 0.9], "reasoning": "The image clearly shows a person holding an umbrella on a rainy day. The umbrella is the main object in the image, and it is visible and identifiable. Therefore, the answer to the first question is True. For the second question, the ribs of the umbrella are visible as they are outlined by the fabric of the umbrella and the way the light reflects off it. Hence, the ribs are not missing or invisible, making the answer to the second question False. The quality of the image is rated 0.9 because it is clear and well-lit, with the main subject (the umbrella) being easily discernible."}, {"ans": [true, false, 0.9], "reasoning": "The image clearly shows a wristwatch with a gold case and black leather strap. The watch face is visible and features a skeleton design, showcasing its mechanical inner workings. The hour markers are present on the watch face, although they are not the traditional type. Instead, they are represented by numbers and lines around the edge of the face. Therefore, the hour markers are not missing or invisible. The image is of high quality, with clear details of the watch's design and features."}, {"ans": [true, false, 1.0], "reasoning": "The image clearly shows a camping tent set up in a grassy field. The tent is fully visible and appears to be properly assembled with poles, as indicated by its shape and structure. The poles are visible and appear to be part of the tent's frame, holding it upright. Therefore, the answer to the first question is True because the image is showing a camping tent. The answer to the second question is False because the poles are visible and appear to be part of the tent's structure. The quality of the image is rated as 1 because it is clear and well-defined, showing all necessary details of the tent and its surroundings."}, {"ans": [true, false, 1.0], "reasoning": "The image is showing a cuckoo clock with intricate carvings and decorations, including a bird emerging from a door at the top, which is a characteristic feature of a traditional cuckoo clock. The clock face is visible, and there are weights hanging below it, which are typical components of a cuckoo clock. Therefore, the answer to the first question is True. The weights are clearly visible hanging below the clock, so the answer to the second question is False. The image is of high quality, clearly showing all the details of the cuckoo clock, so the quality score is 1."}, {"ans": [true, true, 0.9], "reasoning": "The image shows a smartphone with its screen facing upwards. The phone is positioned in a way that the front side is visible, and there is no visible speaker grille on the front side. The phone's screen reflects light and images, indicating it is a smartphone. The speaker grille is not visible from the front, so it is either missing or not visible."}, {"ans": [true, false, 0.9], "reasoning": "The image clearly shows a motorcycle centered on a dirt road. The motorcycle is facing the camera, and its features, including the handlebars, mirrors, headlight, and front wheel, are visible. The speedometer is also visible, positioned centrally on the handlebars. Therefore, for Question 1, the answer is True because the image is showing a motorcycle. For Question 2, the answer is False because the speedometer is visible on the motorcycle. The image quality is rated 0.9 out of 1. The slight deduction is due to minor dust or imperfections in the image, but it does not significantly impact the visibility of the motorcycle or its components."}, {"ans": [true, true, 1.0], "reasoning": "The image shows a violin bow lying on a red velvet fabric. The bow is clearly visible, and it appears to be a typical violin bow with a wooden stick and metal fittings. However, the hair of the bow is not visible, indicating that it is either missing or not visible due to the angle or lighting of the image. Therefore, the answer to Question 1 is True because the image is showing a violin bow. The answer to Question 2 is also True because the hair is not visible. The quality of the image is rated as 1 because the key elements of the bow, such as the stick and fittings, are clearly visible, and there are no noticeable issues with the image that would detract from its quality."}, {"ans": [true, true, 0.8], "reasoning": "The image depicts a large, ornate birdcage hanging from the ceiling of a porch. The birdcage is the main object in the image and is clearly visible. There is no visible perch inside the birdcage. Therefore, the answer to Question 1 is True because the image is showing a birdcage. The answer to Question 2 is True because the perch is not visible in the birdcage. The quality of the image is rated 0.8 because it is clear and well-lit, with no visible distortions or obstructions that would detract from the visibility of the birdcage."}, {"ans": [true, false, 1.0], "reasoning": "The image is showing a statue of a woman. The statue is intact and has a head, so the head is not missing. The image is clear and well-lit, showing the details of the statue and its surroundings, thus the quality is rated as 1.0."}, {"ans": [true, false, 0.9], "reasoning": "The image shows a teddy bear sitting on a bed. The teddy bear is clearly visible and has a nose, which is a brown-colored nose on its face. Therefore, for Question 1, the answer is True because the image is showing a teddy bear. For Question 2, the answer is False because the nose is visible on the teddy bear. The quality of the image is rated 0.9 because it is clear and well-lit, with no significant issues affecting the visibility of the main subject."}, {"ans": [true, false, 1.0], "reasoning": "The image shows a pair of white sneakers with laces. The sneakers are clearly visible and appear to be in good condition. The laces are also visible and appear to be properly tied. Therefore, the answer to the first question is True. The laces are not missing or invisible, so the answer to the second question is False. The image is clear and well-lit, and there are no visible defects or issues that would affect the quality score. Therefore, the quality score is 1."}, {"ans": [true, false, 1.0], "reasoning": "The image clearly shows a refrigerator with its door open, revealing the interior. The refrigerator is the main object in the image, and it is visible in its entirety. The door shelves are also visible on the inside of the door, which is open. Therefore, the answer to Question 1 is True. For Question 2, since the door shelves are visible, the answer is False. The image is of high quality, with clear details of the refrigerator and its contents, so the quality score is 1."}, {"ans": [true, false, 1.0], "reasoning": "The image depicts a group of young women gathered around a campfire in a forest setting. The campfire is the central focus, with flames clearly visible, indicating that the image is showing a campfire with flames. Therefore, the answer to the first question is True. Since the flames are visible, the answer to the second question is False. The image is clear and well-defined, with no apparent issues that would detract from its quality, so the quality rating is 1."}, {"ans": [true, false, 1.0], "reasoning": "The image clearly shows a drinking fountain with water flowing from it. The main object in the image is a stainless steel drinking fountain, which is the central focus. The water is visible and flowing into the basin, indicating that it is not missing or invisible. The image is of high quality, with clear details of the fountain and its surroundings."}, {"ans": [true, false, 0.9], "reasoning": "The image clearly shows a revolver, which is the main object in question. The revolver is positioned on a green surface, and its details are visible. The trigger guard is present and visible around the trigger, indicating that it is not missing. Therefore, the answer to the first question is True because the image is showing a revolver. The answer to the second question is False because the trigger guard is visible and not missing. The quality of the image is rated 0.9 because it is clear and well-lit, allowing for easy identification of the revolver and its components."}, {"ans": [true, false, 1.0], "reasoning": "The image depicts a compass rose with a north arrow clearly visible, indicating direction. The presence of the compass rose fulfills the first question's condition. The north arrow is visible and not missing, so the answer to the second question is false. The image is of high quality, with clear details and no obscuring elements affecting the visibility of the compass rose or its components."}, {"ans": [true, false, 1.0], "reasoning": "The image depicts a futuristic cityscape with tall skyscrapers, indicating that the main object (skyscrapers) is present. The skyscrapers have visible windows, some of which are illuminated, so the windows are not missing or invisible. The image is clear and detailed, suggesting a high-quality rendering."}, {"ans": [true, true, 0.9], "reasoning": "The image is showing a conductor with his arms raised, indicating that he is leading an orchestra. The baton is not visible in his hands, suggesting that it is either missing or not visible. The image is clear and well-lit, with the conductor and the musicians in the orchestra visible. The quality of the image is good, with a clear view of the conductor and the musicians."}, {"ans": [true, true, 0.9], "reasoning": "The image depicts a soccer field with goalposts visible at the far end, indicating the presence of a soccer goal. The crossbar is not visible, suggesting it is either missing or not visible from the given perspective. The image quality is high, capturing the details of the soccer field and the goalposts clearly."}, {"ans": [true, false, 1.0], "reasoning": "The image clearly shows a microscope on a table. The microscope has eyepieces and objective lenses visible, indicating that it is a complete microscope setup. Therefore, for Question 1, the answer is True because the image is showing a microscope. For Question 2, the answer is False because the lenses are not missing; they are visible in the image. The quality of the image is rated as 1 because it is clear and well-lit, showing all the necessary details of the microscope without any significant obstructions or issues."}]