[{"ans": [true, true, 1.0], "reasoning": "The image shows a sailboat on the water. The sailboat is white with a tall mast and ropes, but the sails are not visible as they appear to be furled or stowed. The boat is in the middle of a calm sea with a clear blue sky. The presence of the mast and the design of the boat indicate it is a sailboat, even though the sails are not unfurled. Therefore, the answer to the first question is True. For the second question, since the sails are not visible (they are furled), the answer is True. The image is clear and well-lit, showing all relevant details of the sailboat and its surroundings, so the quality is rated as 1."}, {"ans": [true, true, 0.9], "reasoning": "The image is showing a bicycle, which is the main object. The chain is not visible, so it is considered missing. The image quality is good, with clear details of the bicycle and its surroundings."}, {"ans": [true, false, 1.0], "reasoning": "The image is showing a cat, which is the main object. The cat appears to have visible whiskers, so they are not missing or invisible. The image is clear and well-lit, indicating good quality."}, {"ans": [true, false, 0.9], "reasoning": "The image depicts a large stone structure with towers and battlements, characteristic of a castle. The presence of a large arched entrance with what appears to be gates hanging from it indicates that gates are present, though they are not fully intact. Therefore, for Question 1, the answer is True because the image is showing a castle. For Question 2, the answer is False because the gates are visible, albeit hanging and not in their normal position. The quality of the image is rated 0.9, as it is clear and well-lit, showing the details of the castle and its surroundings."}, {"ans": [true, false, 1.0], "reasoning": "The image clearly shows a hot-air balloon with a visible basket. The balloon is prominently displayed in the sky above a field and a body of water, with the basket hanging below it. The presence of the basket is evident, so the answer to the second question is False. The image is of high quality, with clear details and a pleasant composition, so the quality score is 1."}, {"ans": [true, false, 1.0], "reasoning": "The image clearly shows a turtle with a visible shell. The turtle is centered in the image, and its shell is intact and visible. Therefore, the answer to the first question is True. Since the shell is visible, the answer to the second question is False. The image is of high quality as it clearly captures the details of the turtle and its shell."}, {"ans": [true, false, 1.0], "reasoning": "The image clearly shows a train at a station, indicating that the main object is indeed a train. The wheels of the train are visible under the front carriage, so they are not missing or invisible. The image is clear and well-lit, showing the train and its details, thus the quality is rated as 1."}, {"ans": [true, false, 1.0], "reasoning": "The image clearly shows a pair of eyeglasses with lenses. The lenses are visible and not missing, so the answer to the second question is False. The image is of high quality, well-lit, and clearly shows the details of the eyeglasses, hence the quality score is 1.0."}, {"ans": [true, false, 0.9], "reasoning": "The image shows a fountain pen with a visible nib, so the main object is present. The nib is clearly visible, so it is not missing or invisible. The image is of high quality, with clear details of the pen and its surroundings."}, {"ans": [true, true, 0.8], "reasoning": "The image shows a metal frame that appears to be an umbrella without a canopy. The main object in the image is indeed an umbrella, albeit without its canopy. Therefore, the answer to the first question is True. For the second question, the canopy is missing, so the answer is True. The image is clear and well-lit, and the main subject is visible, hence the quality score is 0.8."}, {"ans": [true, false, 1.0], "reasoning": "The image is clearly showing an airplane on a runway, with its wings visible. The presence of the airplane is evident, and the wings are not missing or invisible. The image quality is good, with clear details of the airplane and its surroundings."}, {"ans": [true, false, 0.9], "reasoning": "The image shows a desk lamp with a gold finish and an adjustable arm, positioned above an open book on a wooden table. The lamp is clearly visible and appears to be a desk lamp. The bulb is also visible, as it is illuminated and casting light on the book. Therefore, the answer to Question 1 is True. For Question 2, since the bulb is visible and illuminated, the answer is False. The quality of the image is rated 0.9 because it is clear and well-lit, with no visible distortions or obstructions."}, {"ans": [true, false, 1.0], "reasoning": "The image clearly shows an electric guitar with a visible neck. The guitar is hanging on a wall, and its body and neck are fully visible. The presence of the neck is evident, so the answer to the second question is False. The image is of high quality, with clear details of the guitar, so the quality score is 1."}, {"ans": [true, false, 1.0], "reasoning": "The image clearly depicts a fish, so the answer to the first question is True. The fish has visible fins, so the fins are not missing or not visible, making the answer to the second question False. The image is of high quality, with clear details of the fish and its surroundings, so the quality score is 1."}, {"ans": [true, false, 1.0], "reasoning": "The image shows a man sitting at a desk with a laptop and papers, looking at the camera. The presence of the laptop and papers suggests that he is working or studying. The background is blurred, but it appears to be an office setting. The overall atmosphere is professional and focused. The man is likely a student or a professional working on a task."}, {"ans": [true, true, 0.9], "reasoning": "The image is showing a car, specifically a vintage convertible with its hood up. The windshield is not visible as it is a convertible and the top is down, so it is considered missing or not visible. The image quality is high, with clear details of the car's interior and exterior."}, {"ans": [true, false, 1.0], "reasoning": "The image shows a keyboard with a transparent case and pink keys, and the spacebar is clearly visible. Therefore, the answer to Question 1 is True because the image is showing a keyboard. The answer to Question 2 is False because the spacebar is present and visible. The quality of the image is rated as 1 because it is clear and well-lit, with no visible distortions or obstructions."}, {"ans": [true, false, 1.0], "reasoning": "The image clearly depicts an owl perched on a tree branch under a full moon, with detailed feathers visible across its body. The presence of the owl is evident, and its feathers are not missing or invisible; they are intricately detailed. Therefore, the answer to the first question is True because the image is showing an owl. The answer to the second question is False because the feathers are visible and not missing. The quality of the image is rated 1.0 as it is clear and detailed, with no key elements missing that are relevant to the questions asked."}, {"ans": [true, true, 1.0], "reasoning": "The image depicts a book with a leather cover, which is the main object. The book is open and lying on a wooden table, with its pages facing upwards. However, the pages are blank and appear to be missing content or are not visible. The image is of high quality, with clear details and no visible distortions."}, {"ans": [true, false, 1.0], "reasoning": "The image is showing a lighthouse with a visible lamp inside the lantern room at the top. The presence of the lighthouse is clear, and the lamp is also visible, indicating it is not missing or invisible."}, {"ans": [true, false, 1.0], "reasoning": "The image is showing an armchair with visible legs, so the main object is present. The legs are visible, so they are not missing or not visible. The image is clear and well-lit, indicating high quality."}, {"ans": [false, true, 0.9], "reasoning": "The image depicts a deer standing in a forest, but it is clearly a female deer without antlers. The presence of the deer is evident, but the antlers are not visible, indicating they are missing. The quality of the image is high, with clear details of the deer and its surroundings."}, {"ans": [true, false, 1.0], "reasoning": "The image is showing a white envelope with a flap, so the answer to the first question is True. The flap is visible and not missing, so the answer to the second question is False. The image is clear and well-lit, and the envelope is the main focus, so the quality score is 1."}, {"ans": [true, true, 1.0], "reasoning": "The image shows a wall clock with a white face and black hands, mounted on a wall above a fireplace. The clock face does not have any numbers visible. The presence of the clock answers the first question affirmatively. The absence of numbers on the clock face answers the second question affirmatively as well. The image is clear and well-lit, with no visible distortions or obstructions, hence the quality is rated as 1.0."}, {"ans": [true, false, 1.0], "reasoning": "The image clearly shows a person wearing a space suit, which includes a helmet. The presence of the helmet is evident as it covers the head of the person. Therefore, for Question 1, the answer is True because the image is showing a space suit with a helmet. For Question 2, the answer is False because the helmet is visible and not missing. The quality of the image is rated 1 as it is clear and well-defined, showing all the necessary details of the space suit and its components."}, {"ans": [true, false, 1.0], "reasoning": "The image clearly shows a windmill with its blades visible, standing in a field of wheat. The presence of the windmill and its blades directly answers both questions. For Question 1, the image is showing a windmill, so the answer is True. For Question 2, since the blades are visible, they are not missing or not visible, so the answer is False. The image is clear and well-lit, with no visible distortions or obstructions, hence the quality is rated as 1.0."}, {"ans": [true, true, 1.0], "reasoning": "The image is showing a large tree without leaves, and the leaves are indeed missing or not visible. The image is clear and well-composed, with good lighting and no visible distortions or artifacts."}, {"ans": [true, false, 1.0], "reasoning": "The image is clearly showing a school bus. The doors are visible on the left side of the image, so they are not missing or not visible. The image is of high quality, with clear details of the bus and its features."}, {"ans": [true, true, 1.0], "reasoning": "The image shows a laptop with its screen facing the camera, but the screen is not turned on and is reflecting the surrounding environment. The laptop is clearly visible, so the answer to the first question is True. The screen is visible but not displaying any content, so the answer to the second question is True because the screen is not displaying any content, making it 'not visible' in the context of displaying information. The image is clear and well-lit, so the quality is rated as 1.0."}, {"ans": [true, true, 0.8], "reasoning": "The image is showing a trumpet without a mouthpiece. The trumpet is clearly visible and identifiable, so the answer to the first question is True. The mouthpiece is not visible, so the answer to the second question is True. The image quality is good, with the trumpet being the main focus and clearly visible against the red velvet background. The quality score is 0.8 because the image is clear and well-lit, but it could be improved with a more neutral background."}, {"ans": [true, false, 1.0], "reasoning": "The image depicts a robot with a visible head, standing in a laboratory setting. The robot is the main object in the image, and it is clearly visible. The head of the robot is also visible, indicating that it is not missing. Therefore, the answer to the first question is True, as the image is showing a robot. The answer to the second question is False, as the head is not missing or invisible. The quality of the image is rated as 1, as it is clear and well-defined, with no visible distortions or issues."}, {"ans": [true, false, 1.0], "reasoning": "The image shows a candle, which is the main object. The wick is visible on top of the candle, indicating that it is not missing. The image is clear and well-lit, with no visible distortions or obstructions, hence the quality is rated as 1."}, {"ans": [true, false, 0.9], "reasoning": "The image is showing a pizza, which is the main object. The pizza has cheese visible on it, so the cheese is not missing or not visible. The image quality is high, with clear details of the pizza and its toppings. The only reason for not giving it a perfect score is the slight blurriness around the edges of the pizza, but this does not significantly impact the overall quality."}, {"ans": [true, true, 1.0], "reasoning": "The image is showing a DSLR camera body without a lens attached. The camera body is clearly visible, and the lens mount is empty, showing the internal mechanisms. Therefore, the answer to Question 1 is True because the main object (DSLR camera) is present. The answer to Question 2 is True because the lens is missing. The quality of the image is rated 1 because it is clear and well-lit, and the key elements are easily visible."}, {"ans": [true, false, 0.9], "reasoning": "The image shows a grand piano on a stage in a large auditorium. The piano is open, and the keys are visible. The presence of the piano answers the first question affirmatively. For the second question, the keys are clearly visible, so they are not missing or invisible. The image is of high quality, with clear details of the piano and the auditorium, hence a quality rating of 0.9."}, {"ans": [true, false, 0.9], "reasoning": "The image shows two paintbrushes, one with visible bristles and the other partially visible but with a clear indication of having bristles. The presence of a paintbrush is confirmed, answering the first question as True. For the second question, since the bristles are visible on at least one brush, the answer is False. The image quality is rated 0.9 because it is clear and well-focused on the paintbrushes and palette, with no significant obstructions or blurriness."}, {"ans": [true, false, 1.0], "reasoning": "The image clearly shows a watch with a visible face and body. The strap is partially visible, indicating that it is not missing. The watch is displayed on a granite countertop, and the image is of high quality, with clear details of the watch and its surroundings. Therefore, the answer to the first question is True because the image is showing a watch. The answer to the second question is False because the strap is visible, albeit partially. The quality of the image is rated 1 because it is clear and well-lit, with no visible distortions or obstructions."}, {"ans": [true, true, 0.9], "reasoning": "The image shows a man sitting in a dentist's chair with his mouth open, revealing his teeth and the inside of his mouth. The dentist is examining his teeth with a dental mirror and other tools. The man's tongue is not visible, suggesting it is either missing or not visible due to the position of his mouth or the presence of the dental tools. The image is clear and well-lit, indicating a high-quality image."}, {"ans": [true, false, 0.9], "reasoning": "The image clearly shows a motorcycle, and the handlebars are visible. The quality of the image is high, with clear details of the motorcycle and its surroundings. The presence of the handlebars means they are not missing or not visible."}, {"ans": [true, false, 0.9], "reasoning": "The image clearly shows an old television set with a visible screen, although the screen appears to be blank or not turned on. The presence of the screen directly answers Question 1, confirming that the image is showing a television. For Question 2, the screen is visible, so it is not missing or not visible. The quality of the image is rated 0.9 because it is clear and well-defined, showing the details of the television and its surroundings. The fact that the screen is blank does not detract from the image quality as per the instructions."}, {"ans": [true, false, 0.9], "reasoning": "The image clearly shows a goat standing on a rocky outcrop. The goat has a white coat and appears to have horns, although they are not very prominent. The presence of horns is visible, indicating that they are not missing. The image is of high quality, with clear details of the goat and its surroundings. The background is blurred, but it appears to be a mountainous landscape with snow-covered peaks. The overall clarity and composition of the image contribute to its high quality."}, {"ans": [true, false, 0.9], "reasoning": "The image is showing a red sneaker with laces, so it is a sneaker and the laces are visible. The image is clear and well-lit, and the sneaker is centered in the frame, so the quality is high. However, the background is not perfectly sharp, which is why the quality is not rated as 1."}, {"ans": [true, false, 1.0], "reasoning": "The image clearly shows a green frog sitting on a lily pad in the water. The frog's body and features are well-defined, and its eyes are visible, indicating that they are not missing. The image is of high quality, with clear details and good lighting."}, {"ans": [true, false, 1.0], "reasoning": "The image is showing a mug with a handle, so the answer to the first question is True. The handle is visible, so the answer to the second question is False. The image is clear and well-lit, and the mug is centered in the frame, so the quality is rated as 1.0."}, {"ans": [true, false, 0.9], "reasoning": "The image clearly shows a saxophone, which is the main object in question. The saxophone is depicted with its keys visible, indicating that the keys are not missing. The presence of the saxophone and its keys directly answers both questions. The image is of high quality, with clear details of the saxophone and its components, hence a quality score of 0.9."}, {"ans": [true, false, 0.9], "reasoning": "The image shows a skateboard with its deck and trucks visible. The skateboard is positioned on a brick surface, and the wheels are clearly visible, indicating that they are not missing. The presence of the skateboard and its components is evident, making the answer to the first question 'true'. Since the wheels are visible, the answer to the second question is 'false'. The image is well-lit and clear, with the skateboard being the main focus, hence a high-quality score of 0.9."}, {"ans": [true, false, 1.0], "reasoning": "The image depicts a black fedora hat on a wooden stand. The hat is clearly visible and has a brim, which is also visible. Therefore, the answer to Question 1 is True because the image is showing a fedora. The answer to Question 2 is False because the brim is visible. The quality of the image is rated as 1 because it is clear and well-lit, with no visible distortions or obstructions."}, {"ans": [true, false, 0.9], "reasoning": "The image clearly shows a motorcycle helmet on a workbench, with a visor that is present and visible. The presence of the helmet answers the first question affirmatively. Since the visor is clearly visible and attached to the helmet, the answer to the second question is false. The image quality is rated 0.9 because it is clear and well-lit, showing the helmet and its details without any significant issues."}, {"ans": [true, true, 1.0], "reasoning": "The image shows a bedframe with an ornate wooden structure, including a headboard and footboard. The bedframe is the main object in the image. There is no mattress visible on the bedframe. The image is clear and well-lit, showing all details of the bedframe. Therefore, the answer to Question 1 is True because the image is showing a bedframe. The answer to Question 2 is True because the mattress is not visible. The quality of the image is rated as 1 because it is clear and well-lit, and the key elements of the bedframe are visible."}, {"ans": [true, false, 1.0], "reasoning": "The image is showing a clock tower with a visible clock face. The clock tower is the main object in the image, and it is clearly visible. The clock face is also visible on the tower, so it is not missing or invisible. The image is of high quality, with clear details and good lighting."}, {"ans": [true, false, 0.9], "reasoning": "The image shows a pocket watch with its cover open, revealing the inner workings and the hands of the watch. The hands are clearly visible, indicating that they are not missing. The image is of high quality, with clear details of the watch's mechanism and the surrounding fabric."}, {"ans": [true, false, 0.9], "reasoning": "The image clearly shows a bicycle leaning against a stone wall. The bicycle is red with 'ROMA' written on the frame and has two wheels, handlebars, and a chain. The pedals are visible and appear to be attached to the bicycle, so they are not missing. The image is well-lit and in focus, with good detail visible on the bicycle and the surrounding wall. The quality of the image is high, with a score of 0.9 out of 1. The presence or absence of pedals does not affect the quality score as per the instructions."}, {"ans": [true, false, 1.0], "reasoning": "The image shows a portrait of a woman with her eyes visible, so the answer to question 1 is True. The eyes are not missing or not visible, so the answer to question 2 is False. The image is clear and well-lit, and the portrait is the main focus, so the quality is rated as 1.0."}, {"ans": [true, false, 0.9], "reasoning": "The image is showing a grand piano on a stage with its lid open, revealing the internal mechanisms including the hammers. The presence of the grand piano is clear, so the answer to the first question is True. The hammers are visible inside the piano, so they are not missing or invisible, making the answer to the second question False. The image is well-lit and focused on the piano, with a clear view of its details, hence a high quality score of 0.9."}, {"ans": [true, true, 0.9], "reasoning": "The image depicts a sailing ship, specifically a wooden vessel with three masts and rigging, which is characteristic of a sailing ship. The sails are not visible, indicating they are either missing or not visible. The image is clear and well-defined, showing the details of the ship and its surroundings, hence the high-quality score."}, {"ans": [true, false, 0.9], "reasoning": "The image depicts a large tree with a thick trunk and sprawling branches, characteristic of an oak tree. The leaves are visible on the branches, indicating that the tree is not bare. The presence of leaves answers both questions: the image is showing an oak tree, and the leaves are not missing or invisible. The quality of the image is high, with clear details of the tree and its surroundings."}, {"ans": [true, false, 0.9], "reasoning": "The image depicts a stone cottage with a chimney and a door, surrounded by trees and vines. The door is visible and appears to be intact. The image is of high quality, with clear details and a serene atmosphere. The presence of the door answers question 2, and its visibility means it is not missing. The overall quality is rated 0.9 because the image is clear and detailed, with no noticeable defects or distractions."}, {"ans": [true, false, 1.0], "reasoning": "The image clearly shows a passenger jet on a runway. The wings are visible, indicating that they are not missing. The image is of high quality as it clearly captures the details of the aircraft."}, {"ans": [true, true, 1.0], "reasoning": "The image is showing a wristwatch with a silver face and brown leather strap. The watch face is plain and does not have any numbers on it. Therefore, the numbers are missing or not visible from the wristwatch. The image is clear and well-lit, showing the watch in detail, hence the quality is rated as 1.0."}, {"ans": [true, false, 0.9], "reasoning": "The image shows a pizza with a thick tomato sauce base, topped with basil leaves and what appears to be mozzarella or another white cheese visible in some parts under the sauce and basil. The crust is visible and has a golden-brown color with darker spots. The presence of the pizza is clear, so the answer to the first question is True. For the second question, while the cheese is not as abundant as in some pizzas and is somewhat obscured by the sauce and basil, it is still visible in several places, so the answer is False. The quality of the image is rated 0.9 because it is clear and well-lit, showing the details of the pizza and its toppings."}, {"ans": [true, false, 0.9], "reasoning": "The image clearly shows traffic signals above the road, with some of them displaying lights. The presence of traffic signals is evident, answering the first question affirmatively. For the second question, the lights on the traffic signals are visible, indicating that they are not missing or invisible. The quality of the image is rated 0.9 because, although it is well-lit and clear, the strong sunlight causing lens flares slightly affects the visibility of some details."}, {"ans": [true, false, 0.9], "reasoning": "The image shows a skateboard with a rainbow-colored deck and yellow wheels. The skateboard is lying on a concrete surface, and the wheels are visible. Therefore, the answer to Question 1 is True because the image is showing a skateboard. The answer to Question 2 is False because the wheels are not missing or invisible; they are clearly visible. The quality of the image is rated 0.9 because it is clear and well-lit, with no significant issues affecting the visibility of the skateboard or its components."}, {"ans": [true, true, 1.0], "reasoning": "The image is showing a chessboard with white pieces set up on one side and the opposite side empty, indicating that the black pieces are missing or not visible."}, {"ans": [true, true, 0.9], "reasoning": "The image is showing a red sports car, which is the main object. The car is displayed in a showroom with its doors open and is reflected on the shiny floor. The brakes are not visible as the wheels are covering them, and there is no clear view of the brake components. The image is of high quality, with good lighting and detail, except for the fact that the brakes are not visible."}, {"ans": [true, true, 1.0], "reasoning": "The image shows an open book on a wooden table. The pages are blank, indicating that there is no text visible. Therefore, the answer to the first question is True because the image is showing a book. The answer to the second question is also True because the text is not visible on the pages of the book. The quality of the image is rated as 1.0 because it is clear and well-lit, with no visible distortions or obstructions."}, {"ans": [true, false, 1.0], "reasoning": "The image clearly shows a computer tower with visible internal components and fans. The fans are not only present but also prominently displayed through the transparent side panel of the tower. The image is well-lit and of high quality, showcasing the details of the computer's internal components."}, {"ans": [true, false, 1.0], "reasoning": "The image depicts a scarecrow standing in a field of wheat. The scarecrow is made of straw and is wearing a hat and a plaid shirt. It has visible arms, which are made of straw and are attached to its body. The image is clear and well-lit, with the scarecrow standing prominently in the foreground. The background is a field of golden wheat, with trees visible in the distance. The overall quality of the image is high, with good resolution and lighting."}, {"ans": [true, true, 0.9], "reasoning": "The image depicts a knight in armor, which directly answers the first question. The knight is clearly visible and is the main subject of the image. For the second question, the sword is not visible in the image, as it is not present in the knight's hand or at his side. The quality of the image is rated 0.9 because it is a clear and detailed representation of the knight, with good lighting and no visible distortions or blurriness."}, {"ans": [true, false, 1.0], "reasoning": "The image shows a teapot with a handle, spout, and lid, decorated with a floral pattern. The teapot is placed on a bamboo tray. The presence of the teapot satisfies the first question. The handle is clearly visible, so the answer to the second question is False. The image is clear and well-lit, with the teapot as the main focus, hence the quality is rated as 1."}, {"ans": [true, false, 0.9], "reasoning": "The image clearly shows a basketball hoop with a net. The basketball is seen going through the hoop, and the net is visible and not damaged or missing. The clarity of the image and the presence of the basketball and the net indicate a high-quality image. The presence of the net answers the second question, indicating it is not missing."}, {"ans": [true, false, 0.9], "reasoning": "The image is showing a dining table with a white tablecloth, plates, and silverware, indicating that it is a dining table. The glasses are visible on the table, so they are not missing. The quality of the image is high, with clear details of the table setting."}, {"ans": [true, false, 0.9], "reasoning": "The image clearly shows a vintage typewriter on a wooden desk, with a sheet of paper in it. The typewriter is the main focus, and it is evident that it is an older model due to its design and the presence of red ribbon visible inside. The ribbon is partially visible, indicating that it is present and not missing. Therefore, for Question 1, the answer is True because the image is showing a typewriter. For Question 2, the answer is False because the ribbon is visible and not missing. The quality of the image is rated 0.9 because it is clear and well-focused on the typewriter, with good lighting that highlights its details. The minor deduction from 1 is due to the slight darkness around the edges, but this does not affect the visibility of the key elements."}, {"ans": [true, false, 0.9], "reasoning": "The image shows a winter jacket hanging on a coat rack. The jacket is a puffy, cream-colored coat with a fur-lined hood, which is characteristic of a winter jacket. The presence of the jacket is clear, so the answer to the first question is True. For the second question, the zipper is visible and appears to be fully zipped up, so the answer is False. The image is well-lit and clear, showing the details of the jacket and its surroundings, hence the quality score is high, 0.9. The slight deduction is due to minor factors like the presence of other items in the background, but these do not detract significantly from the main subject."}, {"ans": [true, false, 0.9], "reasoning": "The image clearly shows a sunflower, so the answer to the first question is True. The seeds are visible on the sunflower, so the answer to the second question is False. The image is of high quality, with clear details of the sunflower and its seeds, so the quality score is 0.9. The slight deduction from 1 is due to minor artifacts or compression, but it does not affect the visibility of the key elements."}, {"ans": [true, false, 0.9], "reasoning": "The image prominently features an elephant, fulfilling the condition for Question 1. The trunk of the elephant is clearly visible, making the answer to Question 2 'False'. The image is of high quality, with a clear and detailed depiction of the elephant and its surroundings. The only deduction in quality comes from the slight dust around the elephant's feet, but this does not significantly impact the overall clarity or the visibility of the key elements."}, {"ans": [true, true, 0.8], "reasoning": "The image shows a rowboat, which is the main object. The boat is white with a red bottom and has a wooden seat and oarlocks. However, the oars are not visible in the image. The image is clear and well-lit, with a good view of the boat and its surroundings. The quality of the image is rated 0.8 because it is a good representation of the scene, but it could be improved with more detail or a different angle."}, {"ans": [true, false, 0.9], "reasoning": "The image clearly depicts a snowman in a residential setting during a snowy day. The snowman is adorned with a hat, scarf, and has a visible face, indicating it is a snowman. For the first question, the presence of a snowman is evident, so the answer is True. For the second question, the snowman has buttons visible on its body, so the answer is False as the buttons are not missing or invisible. The image is of high quality, with clear details of the snowman and its surroundings, hence a quality rating of 0.9."}, {"ans": [true, true, 0.9], "reasoning": "The image shows a fountain pen with a red barrel and gold nib, resting on an open notebook. The pen is the main object in the image. The nib is visible, but there is no visible ink in the pen's barrel. The image is clear and well-lit, with a good focus on the pen and the notebook. The quality of the image is high, with a score of 0.9. The ink is not visible in the pen, so the answer to the second question is true."}, {"ans": [true, true, 1.0], "reasoning": "The image shows a paintbrush with a wooden handle and a metal ferrule, but the bristles are not visible as they are likely buried in the paint on the palette. The presence of the paintbrush is evident, so the answer to the first question is True. The bristles are not visible, so the answer to the second question is True. The image is clear and well-lit, showing the paintbrush and the palette in detail, so the quality is rated as 1."}, {"ans": [true, false, 1.0], "reasoning": "The image clearly shows a pair of eyeglasses with round lenses and metal frames resting on a stack of papers. The temples of the eyeglasses are visible and not missing, as they are extended outwards from the frame. The image is well-lit and in focus, with the eyeglasses being the main subject. Therefore, the answer to the first question is True because the image is showing eyeglasses. The answer to the second question is False because the temples are visible and not missing. The quality of the image is rated as 1 because it is clear and well-focused, with no visible issues that would detract from the visibility of the eyeglasses."}, {"ans": [true, false, 0.9], "reasoning": "The image clearly shows an umbrella being used by a person on a rainy day. The umbrella is open and its ribs are visible, indicating that they are not missing. The image is well-lit and in focus, with a clear view of the umbrella and its details, hence a high quality score."}, {"ans": [true, false, 0.9], "reasoning": "The image is showing a wristwatch with a visible face and hour markers on the outer rim, indicating the presence of a wristwatch. The hour markers are visible, so they are not missing. The image quality is high, with clear details of the watch's mechanism and features, but minor scratches on the glass dome slightly detract from its overall quality."}, {"ans": [true, false, 0.9], "reasoning": "The image shows a camping tent with its structure intact and visible. The tent is set up in a grassy field, and its fabric is clearly visible. The poles are present and are supporting the tent's structure. The image is clear and well-lit, making it easy to see the details of the tent. The quality of the image is high, with a score of 0.9, indicating that it is a good representation of the tent. The poles are visible and are not missing, so the answer to the second question is False."}, {"ans": [true, false, 0.9], "reasoning": "The image is showing a cuckoo clock with intricate carvings and decorations, including two deer and various ornaments. The clock face is visible, and the weights are hanging below it, indicating that they are present and visible. Therefore, the answer to Question 1 is True. For Question 2, since the weights are visible, the answer is False. The quality of the image is rated 0.9 because it is clear and well-detailed, with no noticeable issues or distortions."}, {"ans": [true, true, 0.8], "reasoning": "The image is showing a smartphone, which is the main object. The phone is standing upright on a table, displaying its screen. The speaker grille is not visible from this angle, as it is likely located at the bottom of the phone and is not clearly shown. Therefore, for Question 1, the answer is True because the image is showing a smartphone. For Question 2, the answer is True because the speaker grille is not visible. The quality of the image is rated 0.8 because it is clear and well-lit, with a sharp focus on the phone, even though the background is blurred."}, {"ans": [true, false, 0.9], "reasoning": "The image clearly shows a motorcycle, so the answer to the first question is True. The speedometer is visible on the motorcycle, so the answer to the second question is False. The image is of high quality, with clear details of the motorcycle and its surroundings, so the quality score is 0.9. The presence of the speedometer is not a factor in determining the quality score as per the instructions."}, {"ans": [true, true, 0.8], "reasoning": "The image shows a violin with a bow placed on it. The bow appears to be a violin bow, but the hair is not visible, suggesting it might be missing or not visible due to the angle or lighting. The presence of the bow satisfies the first question. For the second question, since the hair is not visible, it is considered missing or not visible. The quality of the image is rated 0.8 because it is clear and well-lit, showing the main elements of the violin and bow clearly."}, {"ans": [true, false, 0.9], "reasoning": "The image clearly shows a birdcage hanging from the ceiling of a porch. The birdcage is the main object in the image and is visible in its entirety. Therefore, the answer to Question 1 is True. Upon closer inspection, it is evident that the birdcage has a perch inside it, which is visible. Hence, the answer to Question 2 is False. The image is well-lit and the birdcage is clearly visible, so the quality is rated as 0.9."}, {"ans": [true, false, 0.9], "reasoning": "The image shows a statue of a woman, which is clearly visible and appears to be in good condition. The statue is depicted with a head, so the head is not missing. The quality of the image is high, with clear details of the statue and its surroundings. The only reason for not giving it a perfect score is the slight blurriness in some parts of the background."}, {"ans": [true, false, 0.9], "reasoning": "The image clearly shows a teddy bear sitting on a bed, so the answer to the first question is True. The teddy bear has a visible nose, so the answer to the second question is False. The image is well-lit and the teddy bear is centered, making it a high-quality image. However, the quality score is not 1 because the image is not perfectly sharp, hence a score of 0.9."}, {"ans": [true, false, 1.0], "reasoning": "The image clearly shows a pair of white sneakers with laces. The sneakers are the main object in the image, and they are visible and identifiable. The laces are also visible, threaded through the eyelets and tied. Therefore, the answer to the first question is True. For the second question, since the laces are visible, the answer is False. The image is of high quality, with clear details of the sneakers and their laces, so the quality score is 1."}, {"ans": [true, false, 1.0], "reasoning": "The image clearly shows a refrigerator with its door open, revealing the interior. The door shelves are visible on the door, so they are not missing. The image is of high quality, showing the refrigerator and its contents in detail."}, {"ans": [true, false, 0.9], "reasoning": "The image depicts a group of young women sitting around a campfire, with flames visible. The presence of the campfire is evident, and the flames are clearly visible, indicating that they are not missing or invisible."}, {"ans": [true, false, 1.0], "reasoning": "The image clearly depicts a drinking fountain, which is the main object in question. The fountain is shown with water flowing from it, indicating that water is present and visible. Therefore, for Question 1, the answer is True because the image is showing a drinking fountain. For Question 2, the answer is False because the water is visible and not missing from the drinking fountain. The quality of the image is rated as 1, as it is clear and well-defined, showing all relevant details of the drinking fountain and its surroundings."}, {"ans": [true, false, 0.9], "reasoning": "The image is showing a revolver with a visible trigger guard. The revolver is clearly identifiable, and the trigger guard is present and visible around the trigger. The image quality is high, with clear details of the revolver and its components. The presence of the trigger guard is evident, making the answer to the second question 'False'. The quality score is 0.9 because the image is clear and well-lit, with no significant obstructions or distractions."}, {"ans": [true, false, 1.0], "reasoning": "The image is a detailed illustration of a compass rose, which is clearly visible in the center. The compass rose includes a north arrow, indicating the direction. The presence of the compass rose and the north arrow are evident, making the answer to the first question 'True'. Since the north arrow is visible, the answer to the second question is 'False'. The image is of high quality, with intricate details and clear visibility of the compass rose and its components, hence the quality score is 1."}, {"ans": [true, false, 0.9], "reasoning": "The image depicts a futuristic cityscape with numerous tall, sleek skyscrapers that dominate the scene. The presence of these skyscrapers directly answers the first question, confirming that the image is indeed showing skyscrapers. For the second question, upon closer inspection, it is evident that many of the skyscrapers have visible windows or window-like features, indicated by the pink and purple lights and reflections. Therefore, the windows are not missing or invisible. The quality of the image is rated highly because it is clear and detailed, effectively conveying the futuristic atmosphere without any significant distractions or obscurities."}, {"ans": [true, true, 0.9], "reasoning": "The image shows a conductor standing on a podium with his back to the camera, leading an orchestra. His right hand is raised, and there is no visible baton in either hand. The presence of the conductor is clear, answering the first question affirmatively. For the second question, since the baton is not visible in the conductor's hand, it is considered missing or not visible. The image quality is rated 0.9 because it is clear and well-focused on the conductor and the orchestra, with good lighting."}, {"ans": [false, true, 1.0], "reasoning": "The image depicts a soccer field with white lines and corner poles, but there is no visible soccer goal. Therefore, the answer to Question 1 is False because the main object (soccer goal) is not present. For Question 2, since there is no soccer goal visible, the crossbar is also not visible, making the answer True as it is considered missing or not visible. The quality of the image is rated 1 because it clearly shows the soccer field, and the absence of a soccer goal does not negatively impact the quality score as per the instructions."}, {"ans": [true, false, 0.9], "reasoning": "The image clearly shows a microscope on a table in a laboratory setting. The microscope is white with black eyepieces and has multiple lenses visible. The presence of the microscope answers the first question affirmatively. For the second question, the lenses are visible on the microscope, so they are not missing or invisible. The image is of high quality, with clear details of the microscope and its components, hence a quality score of 0.9."}]