[{"ans": [true, true, 0.95], "reasoning": "The image shows a sailboat on the water. The main object, a sailboat, is clearly visible, so the answer to the first question is True. The sails are not visible, as they are not deployed, so the answer to the second question is True. The image is clear and well-defined, with no visible artifacts or distortions, so the quality score is 0.95."}, {"ans": [true, true, 0.7], "reasoning": "The image shows a bicycle against a brick wall. The bicycle is heavily rusted and appears to be in a state of disrepair. The chain is not visible, suggesting it may be missing or obscured by rust. The image is clear and well-defined, but the heavy rusting and peeling paint on the bicycle and wall give it a somewhat distressed appearance. The quality score is 0.7 due to the presence of some artifacts and unnatural coloration from the rust, but the main object (the bicycle) is still clearly visible."}, {"ans": [true, false, 0.7], "reasoning": "The image shows a cat sitting on a glass surface, likely a window or door. The cat is clearly visible and appears to be a gray tabby with darker stripes. The cat's face is somewhat distorted due to the glass, but its features are still discernible. The whiskers are visible, indicating that they are not missing. The image quality is somewhat compromised by the presence of water droplets and smudges on the glass, which affects the clarity of the image. However, the main object (the cat) is still easily identifiable."}, {"ans": [true, true, 0.8], "reasoning": "The image depicts a castle with a large stone structure, featuring a prominent arched entrance. The castle appears to be in a state of disrepair, with crumbling walls and overgrown vegetation. There are no visible gates at the entrance, suggesting that they may be missing or not visible. The image is clear and well-lit, with good detail visible in the castle's architecture. However, there is some visible texture and noise in the image, which reduces its overall quality. Overall, the image effectively conveys a sense of history and decay."}, {"ans": [true, false, 0.4], "reasoning": "The image is showing a hot-air balloon, so the answer to the first question is True. The basket is visible in the image, so the answer to the second question is False. The image quality is poor due to the presence of artifacts, blurring, and unnatural color, resulting in a low quality score of 0.4."}, {"ans": [true, false, 0.9], "reasoning": "The image is showing a turtle with a visible shell, so the answer to the first question is True. The shell is clearly visible, so the answer to the second question is False. The image quality is good, with no visible artifacts or blurring, so the quality score is 0.9. The slight decrease from 1 is due to the presence of some sand and water texture on the turtle's shell, but it does not significantly impact the overall clarity of the image."}, {"ans": [true, true, 0.2], "reasoning": "The image is heavily distorted and appears to be a multiple exposure or a glitchy representation of a train at a station. Despite the distortion, the main object, which is a train, can be identified. The wheels of the train are not clearly visible due to the distortion, so they are considered missing or not visible. The image quality is rated low (0.2) because of the significant distortion and multiple exposure effect that makes it hard to discern details."}, {"ans": [true, false, 0.9], "reasoning": "The image clearly shows a pair of eyeglasses on a glass table, with the lenses visible and intact. The main object, eyeglasses, is present. The lenses are not missing; they are clearly visible, although they appear to be wet and possibly frozen or covered in ice. The image is sharp and well-lit, with no significant artifacts or distortions that would detract from its quality. The only reason for a quality score less than 1 is the presence of water or ice on the glasses and table, but this is part of the scene rather than an image quality issue."}, {"ans": [true, false, 0.8], "reasoning": "The image shows a fountain pen with a nib, and the nib is visible. The main object, a fountain pen, is present in the image. The quality of the image is good, with clear details of the pen and its components, although it appears to be a digitally edited image with some overlay elements."}, {"ans": [true, false, 0.9], "reasoning": "The image depicts a damaged umbrella with a visible canopy, albeit torn and broken, along with two chairs. The main object, an umbrella, is present, so the answer to the first question is True. For the second question, since the canopy is visible, even though it's damaged, the answer is False. The image quality is rated 0.9 because it is clear and well-lit, with no significant artifacts or distortions, though the monochromatic white tone might slightly affect the perception of details."}, {"ans": [true, false, 0.95], "reasoning": "The image is showing a large airplane on a runway, and the wings are clearly visible on both sides of the aircraft. The presence of the airplane is evident, so the answer to the first question is True. Since the wings are visible, the answer to the second question is False. The image quality is high, with clear details of the airplane and its surroundings, so the quality score is 0.95. The slight deduction from 1 is due to minor artifacts or slight blurring that might be present upon close inspection, but it does not significantly impact the overall clarity of the image."}, {"ans": [true, false, 0.7], "reasoning": "The image is showing a desk lamp with a bulb. The bulb is visible and appears to be a decorative or ornamental light bulb. The image is slightly overexposed and has some artifacts, but the main object (the desk lamp) is clear and identifiable. The quality of the image is rated 0.7 due to the overexposure and some minor artifacts."}, {"ans": [true, false, 0.9], "reasoning": "The image clearly shows an electric guitar hanging on a wall, with its neck visible. The guitar is the main object in the image, and it is an electric guitar with a neck. Therefore, the answer to the first question is True. The neck of the guitar is visible, so the answer to the second question is False. The image is of high quality, with clear details and no visible artifacts or distortions. The quality score is 0.9 because the image is well-lit and in focus, but there might be a slight loss of detail due to the lighting or camera settings."}, {"ans": [false, true, 0.7], "reasoning": "The image appears to be a close-up of ice or a reflective surface with a complex structure, but it does not clearly depict a fish. The main object in the image is not identifiable as a fish due to its abstract and distorted appearance. Therefore, the answer to the first question is False. For the second question, since there is no clear image of a fish, the presence or absence of fins cannot be determined, but given the context, it's reasonable to infer that fins are not visible, so the answer is True. The quality of the image is rated 0.7 because, although it is somewhat clear, it lacks a clear subject and has a distorted, abstract appearance that might be due to the nature of the subject or some form of distortion. There are no obvious artifacts like blurring, unnatural color, noise, deformed objects, or double vision that would significantly lower the quality score."}, {"ans": [true, false, 0.95], "reasoning": "The image depicts a small, rustic cottage with a visible roof, surrounded by lush greenery and wildflowers. The cottage is made of red brick and has a wooden door and window frames. The roof is partially covered by tree branches, but it is still clearly visible. The image is well-rendered, with clear details and vibrant colors. The quality of the image is high, with no noticeable artifacts or distortions. Therefore, the answer to Question 1 is True, as the image is showing a cottage. The answer to Question 2 is False, as the roof is visible. The quality score is 0.95, indicating a high-quality image with minor imperfections."}, {"ans": [true, false, 0.8], "reasoning": "The image shows a collection of vintage cars, with the central car being the main focus. The main object, a car, is clearly visible, so the answer to the first question is True. The windshield of the central car is visible, so the answer to the second question is False. The image is well-lit and the details of the cars are clear, but there are some reflections and glare on the cars' surfaces, which slightly reduces the quality score to 0.8."}, {"ans": [true, true, 0.9], "reasoning": "The image shows a transparent keyboard with various colored lights and wires. The main object in the image is indeed a keyboard, so the answer to the first question is True. Upon closer inspection, it appears that the spacebar is missing or not visible, as there is a gap in the lower middle section of the keyboard where the spacebar would typically be located. Therefore, the answer to the second question is also True. The image quality is generally good, with clear details visible, although there might be some minor reflections or glare on the surface. The quality score is 0.9, as the image is clear and well-lit, with no significant artifacts or distortions that would detract from the overall visibility of the keyboard."}, {"ans": [true, false, 0.8], "reasoning": "The image depicts an owl with visible feathers, perched among branches. The owl's body and feathers are clearly visible, indicating that the feathers are not missing. The image quality is slightly diminished due to the presence of water droplets and branches in the foreground, but the main subject is still discernible. Therefore, the answer to Question 1 is True, as the image shows an owl. The answer to Question 2 is False, as the feathers are visible. The quality score is 0.8, reflecting the minor obstructions and slight loss of clarity due to the water and branches."}, {"ans": [true, false, 0.9], "reasoning": "The image shows a leather-bound book with its pages open on a wooden table. The main object, a book, is present. For question 1, the answer is True because the image is showing a book. For question 2, the answer is False because the pages are visible. The quality of the image is rated 0.9 because it is clear and well-defined, with no visible artifacts or distortions that would significantly impact the perception of the main object or its details."}, {"ans": [true, false, 0.8], "reasoning": "The image is showing a lighthouse, which is the main object. The lighthouse appears to be with a lamp, as there is a red and white structure at the top that is typical of a lighthouse lantern. Therefore, the answer to the first question is True. For the second question, the lamp is visible, so the answer is False. The quality of the image is rated 0.8 because it is a highly detailed digital artwork, but it has a somewhat unnatural or stylized quality to it, which prevents it from being a perfect score."}, {"ans": [true, false, 0.6], "reasoning": "The image is showing an armchair with a visible body and legs, so the answer to the first question is True. The legs are visible, so the answer to the second question is False. The image quality is rated 0.6 because it appears to be slightly blurry and has a yellowish tint, likely due to the lighting or editing. However, the main object (the armchair) is still clearly visible."}, {"ans": [true, false, 0.5], "reasoning": "The image is showing a deer, which is the main object. The deer appears to have antlers, so they are not missing or not visible. However, the image has a double vision effect, which reduces its quality."}, {"ans": [true, true, 0.9], "reasoning": "The image shows a crumpled, pinkish-white envelope on a marble surface. The envelope appears to be closed, but the flap is not visible, suggesting it might be missing or tucked in. The image is clear and well-lit, with no significant artifacts or distortions. The quality of the image is high, with a score of 0.9, as it is sharp and well-defined."}, {"ans": [true, true, 0.95], "reasoning": "The image is showing a wall clock, which is the main object. The clock face is white with black hands, but there are no numbers visible on the clock face. The image is clear and well-lit, with no visible artifacts or distortions that would affect the quality. The quality score is 0.95 because the image is very clear and well-defined, with no noticeable issues."}, {"ans": [false, true, 0.7], "reasoning": "The image depicts a person submerged in water, wearing a white suit that resembles a space suit. However, the suit is not clearly visible due to the water and the presence of various objects around it. The helmet is not visible, suggesting it might be missing or not properly attached. The image quality is somewhat compromised by the rippling water and reflections, but it is still possible to discern the main subject. The overall quality score is 0.7 due to the distortion caused by the water."}, {"ans": [true, false, 0.2], "reasoning": "The image is showing a windmill, so the answer to the first question is True. The blades of the windmill are visible, so the answer to the second question is False. The image quality is low due to the presence of artifacts, blurring, and double vision, resulting in a quality score of 0.2."}, {"ans": [true, true, 0.9], "reasoning": "The image clearly shows a large tree, likely a baobab, with a thick trunk and many branches. The branches are bare, indicating that the tree is either in a dormant state or it is a species that sheds its leaves. The sun is shining through the branches, creating a striking visual effect. The image is well-lit and in focus, with no visible artifacts or distortions that would detract from its quality. The main object, the tree, is clearly visible and centered in the frame. The leaves are not visible, suggesting that they are either missing or not present on the tree. The overall quality of the image is high, with good contrast and detail."}, {"ans": [false, true, 0.1], "reasoning": "The image appears to be a distorted and abstract representation of multiple buses, likely due to a photographic or artistic effect. The buses are not clearly visible, and the image is heavily distorted with yellow and black hues, making it difficult to discern any details. The distortion and abstraction make it challenging to confirm the presence of a bus or its features, such as doors. The image quality is very poor due to the significant distortion and abstraction, which affects the visibility of the main objects."}, {"ans": [true, true, 0.2], "reasoning": "The image is blurry and hard to see clearly, but it appears to be showing a laptop on a desk. The laptop screen is not visible, suggesting it might be missing or closed. The image quality is poor due to the blurriness, which makes it difficult to discern details."}, {"ans": [false, false, 1.0], "reasoning": "The image shows a saxophone, not a trumpet. The main object in the image is a saxophone, which is a different musical instrument from a trumpet. Therefore, the answer to Question 1 is False. Since the main object is not a trumpet, the presence or absence of a mouthpiece is irrelevant to the first question. However, the saxophone does have a mouthpiece attached, so the answer to Question 2 is False because the mouthpiece is visible. The image is clear and well-lit, with no visible artifacts or distortions, so the quality score is 1."}, {"ans": [true, false, 0.95], "reasoning": "The image depicts a robot with a visible head, standing in a laboratory setting surrounded by various equipment and wires. The robot's body is predominantly white with black accents, and its internal mechanisms are partially exposed. The head is clearly visible, indicating that it is not missing. The image is of high quality, with clear details and no apparent artifacts or distortions that would significantly impact the visibility of the main subject. The slight decrease in quality score is due to the presence of some minor haze or mist around the robot, but it does not obscure the main features."}, {"ans": [true, true, 0.9], "reasoning": "The image shows a candle, which is the main object. The wick is not visible, so it is considered missing. The image is clear and well-lit, with no visible artifacts or distortions that would affect the quality score."}, {"ans": [true, false, 1.0], "reasoning": "The image is showing a pizza with a tomato sauce base, topped with basil leaves and some visible cheese. The crust is golden brown and the overall appearance suggests a well-cooked pizza. The presence of cheese is visible, although it might not be abundant. The image is clear and of high quality, with no visible artifacts or distortions. Therefore, the answer to the first question is True as the image is showing a pizza. The answer to the second question is False because the cheese is visible on the pizza. The quality of the image is rated as 1, indicating it is of high quality."}, {"ans": [true, true, 0.8], "reasoning": "The image shows a DSLR camera body with the lens removed, exposing the internal mechanisms. The camera is mounted on a wooden shelf against a white wall. The image is clear and well-lit, but there is a slight blur around the top edge of the camera, which might be due to the camera's angle or lighting. The main object, the DSLR camera, is visible and identifiable. The lens is not attached to the camera body, indicating it is missing or not visible. The overall quality of the image is good, with no significant artifacts or distortions that would hinder the understanding of the scene. The slight blur does not significantly impact the overall quality."}, {"ans": [true, false, 0.9], "reasoning": "The image is showing a grand piano in an empty concert hall. The piano is clearly visible and appears to be in good condition. The keys of the piano are visible and not missing. The image is of high quality with clear details and no visible artifacts or distortions. The slight decrease in quality score is due to the abstract and distorted reflection on the glass wall, but it does not affect the main object, the piano."}, {"ans": [true, true, 0.8], "reasoning": "The image is showing a paint palette with various colors of paint and two paintbrushes. The paintbrushes are visible, but their bristles are covered in paint and not clearly visible, making it appear as though the bristles are missing or not visible. The image is of high quality, with clear details of the paint and brushes, although there might be some minor blurring due to the wet paint."}, {"ans": [true, false, 0.9], "reasoning": "The image is showing a watch, which is the main object. The watch has a strap, and it is visible. The image is clear and well-focused on the watch, with a slight blur in the background. The quality of the image is high, with no noticeable artifacts or distortions. The watch is displayed on a granite countertop, and the background is a tiled wall. The image is well-lit, and the colors are natural. The only reason for a quality score less than 1 is the slight blur in the background, but it does not affect the visibility of the watch."}, {"ans": [true, true, 0.5], "reasoning": "The image is an X-ray of a person's head and neck, showing the mouth and surrounding structures. The mouth is visible, so the answer to Question 1 is True. The tongue is not visible in the X-ray, so the answer to Question 2 is True. The image quality is rated 0.5 due to the presence of artifacts and blurring caused by the X-ray overlay on the real-world scene, which makes some details hard to discern."}, {"ans": [true, true, 0.9], "reasoning": "The image is showing a motorcycle, which is the main object. The motorcycle appears to be damaged and is missing its handlebars, as they are not visible. The image is of high quality, with clear details and vibrant colors. The only reason for a quality score less than 1 is the presence of some minor artifacts around the edges of the image, but they do not significantly detract from the overall quality."}, {"ans": [true, false, 0.9], "reasoning": "The image shows an old television set with a visible screen, although it appears to be damaged and reflecting some light. The main object, the television, is present. The screen is visible, so it is not missing. The image quality is high, with clear details of the television and its components, but slight imperfections in the lighting and reflections on the screen prevent it from being rated 1."}, {"ans": [true, false, 0.3], "reasoning": "The image is a watercolor painting of a white goat with horns standing on a rocky outcropping. The goat is the main object in the image, and it is clearly visible despite the dreamy, watercolor style of the painting. The horns are also visible, so they are not missing or not visible. The quality of the image is somewhat low due to the watercolor style, which gives it a soft, blurry appearance. However, the main object (the goat) is still clearly recognizable, so the image is not too degraded to answer the questions."}, {"ans": [true, true, 0.8], "reasoning": "The image is showing a sneaker, which is the main object. The sneaker appears to be red and is on a machine that seems to be spraying or applying something to it. The laces are not visible, suggesting they are either missing or not visible due to the process being performed on the sneaker. The image quality is good, with clear details of the sneaker and the machine. However, there is some blurring around the sneaker due to the motion or the process, which slightly affects the quality. The quality score is 0.8 because of this blurring effect."}, {"ans": [true, true, 0.8], "reasoning": "The image shows a green frog partially submerged in water, surrounded by leaves. The frog's body is mostly camouflaged with the surrounding vegetation, making it difficult to discern its features clearly. Upon closer inspection, it appears that the frog's eyes are not visible, suggesting they might be either closed or not discernible due to the camouflage or the angle of the image. The image is relatively clear, with no significant artifacts or distortions that would detract from its quality. The main subject, the frog, is identifiable, and the overall clarity of the image supports a high-quality score. However, the presence of water and leaves creates some obscurity, but it doesn't significantly impact the visibility of the frog. Therefore, the quality score is 0.8."}, {"ans": [true, false, 0.9], "reasoning": "The image shows a mug with a floral pattern on it. The mug is white with blue flowers and green leaves. It has a handle on the right side. The mug is sitting on a saucer that matches the design of the mug. The background is a light blue fabric. The image is clear and well-lit, but there are some minor reflections on the surface of the mug and saucer. The quality of the image is generally good, but the reflections and slight blurring around the edges of the mug and saucer prevent it from being perfect."}, {"ans": [true, false, 0.7], "reasoning": "The image appears to be a close-up of a saxophone, showcasing its intricate details. The keys are visible and not missing, although the image is somewhat distorted due to the presence of multiple reflections and a possible glass or plastic barrier in front of the instrument. The main object, a saxophone, is clearly identifiable, so the answer to the first question is True. The keys are visible, so the answer to the second question is False. The image quality is rated 0.7 due to the distortion and reflections, which affect the clarity of the image."}, {"ans": [true, true, 0.7], "reasoning": "The image appears to show a skateboard, but it is heavily damaged and partially destroyed, with wheels still visible but broken. The image quality is somewhat compromised due to the presence of motion blur and possibly some artifacts or noise, but the main object is still recognizable."}, {"ans": [true, false, 0.95], "reasoning": "The image shows a brown fedora hat on a mannequin head, with a visible brim. The hat is centered and clearly visible, indicating that the main object (the fedora) is present. The brim is also visible, so it is not missing or invisible. The image quality is high, with clear details and no noticeable artifacts or distortions, but the texture of the background appears slightly unnatural, hence a quality score of 0.95."}, {"ans": [true, false, 0.9], "reasoning": "The image clearly shows a motorcycle helmet on a workbench, with the visor present and visible. The helmet is black and appears to be in a workshop setting, surrounded by various tools. The visor is not missing or obscured, so the answer to the second question is False. The image is of high quality, with clear details and no significant artifacts or distortions, hence a quality score of 0.9."}, {"ans": [true, false, 0.9], "reasoning": "The image shows an ornate, antique wooden bedframe with a mattress visible, covered in a floral arrangement and a white lace cloth. The bedframe is the main object, and it is present. The mattress is visible, so it is not missing or invisible. The image quality is high, with clear details of the bedframe and its decorations. However, there are some signs of wear and tear on the bedframe, but they do not significantly impact the overall quality."}, {"ans": [true, false, 0.95], "reasoning": "The image shows a tall brick tower with a clock face on its front side, which is clearly visible. The presence of the clock face indicates that it is not missing. The image is clear and well-defined, with no visible artifacts or distortions that would affect the quality. The quality score is 0.95 because the image is very clear, but there might be some minor compression or slight loss of detail due to the image processing or format."}, {"ans": [true, false, 0.9], "reasoning": "The image shows a pocket watch with its back cover removed, revealing the inner mechanism. The hands of the watch are visible, indicating the time. The image is clear and well-lit, with no visible artifacts or distortions that would affect the quality. The quality score is 0.9 because the image is very clear and detailed, but there are some minor reflections on the watch's surface that could be considered a slight imperfection."}, {"ans": [true, true, 0.9], "reasoning": "The image shows two bicycles that are severely damaged and appear to be melted against a stone wall. The main object, the bicycles, is present. The pedals are not visible due to the damage, so it is considered missing or not visible. The image quality is high, with clear details of the damaged bicycles and the stone wall, so the quality score is 0.9. The slight decrease from 1 is due to the unnatural deformation of the bicycles."}, {"ans": [true, true, 0.7], "reasoning": "The image depicts a portrait of a woman, but her eyes are not visible as they are cast downward. The overall quality of the image is somewhat diminished due to visible brush strokes and a soft, impressionistic style, which may be intended by the artist but still affects clarity."}, {"ans": [true, true, 0.6], "reasoning": "The image is showing a grand piano on a stage with various lights and an audience in the background. The piano is the main object in the image, and it is visible despite the haze and lighting effects. The hammers of the piano are not visible, likely due to the angle of the camera and the lighting. The image quality is somewhat compromised by the haze, lighting effects, and what appears to be a painterly or artistic filter applied to the image, which gives it a slightly unnatural look. However, the main object (the grand piano) is still discernible."}, {"ans": [true, true, 0.8], "reasoning": "The image depicts a sailing ship, which is the main object. The sails are not visible, indicating they are either missing or not visible. The image quality is good, with clear details of the ship and its rigging, though it appears to be a digital painting or heavily edited, which slightly reduces its quality score due to potential artifacts or unnatural rendering."}, {"ans": [true, false, 0.9], "reasoning": "The image shows a large tree with a thick trunk and sprawling branches covered in green leaves. The trunk has a transparent, skeletal appearance, but the leaves are clearly visible. The image is well-lit and has a natural color palette, with some artistic effects applied to the tree trunk. The overall quality of the image is high, with no noticeable artifacts or distortions that would detract from the viewer's understanding of the scene. Therefore, the answer to Question 1 is True because the image is showing an oak tree with leaves. The answer to Question 2 is False because the leaves are not missing or invisible; they are clearly visible on the tree. The quality score is 0.9, as the image is of high quality with only minor artistic effects that do not detract from its overall clarity."}, {"ans": [true, false, 0.95], "reasoning": "The image depicts a cottage, which is the main object, so the answer to the first question is True. The door of the cottage is visible, so the answer to the second question is False. The image is of high quality, with clear details and no visible artifacts or distortions, so the quality score is 0.95."}, {"ans": [true, false, 0.9], "reasoning": "The image clearly shows a passenger jet on the tarmac of an airport. The wings of the jet are visible and not missing. The image is of high quality with clear details of the aircraft and the surroundings. The slight haze in the background does not detract from the overall clarity of the main subject."}, {"ans": [true, true, 0.6], "reasoning": "The image is showing a wristwatch with a white face and silver band. The watch face is blurry, but it appears to have hour and minute hands. There are no visible numbers on the watch face. The image is slightly blurry, which affects the quality score. However, the main object (wristwatch) is still recognizable."}, {"ans": [true, false, 0.9], "reasoning": "The image clearly shows a pizza, which is the main object. The pizza has a crust, tomato sauce, and toppings including basil leaves and what appears to be cheese, though the type of cheese is not specified. The presence of cheese is visible, so it is not missing. The image is of high quality with clear details and no visible artifacts or distortions that would significantly impact the visibility of the pizza or its toppings."}, {"ans": [true, false, 0.3], "reasoning": "The image is a complex and abstract representation of a city street. Upon closer inspection, it appears to be a composite of multiple images layered on top of each other, creating a distorted and surreal effect. Despite the complexity, there are visible traffic signals in the image, both with and without lights visible. The presence of these traffic signals answers the first question affirmatively. For the second question, upon careful examination, some of the traffic signals do have visible lights, so the answer is negative. The quality of the image is rated low due to its abstract and distorted nature, which makes it difficult to discern clear details."}, {"ans": [true, false, 0.9], "reasoning": "The image shows a skateboard lying on the ground. The skateboard is partially submerged in a puddle of water and has visible wheels. The presence of the skateboard confirms the answer to the first question is True. Since the wheels are visible, the answer to the second question is False. The image quality is rated 0.9 because it is clear and well-lit, with no significant artifacts or distortions, though there might be slight reflections or water ripples affecting clarity."}, {"ans": [true, true, 0.7], "reasoning": "The image is showing a chessboard with pieces on it. The chessboard is visible and appears to be made of a reflective material, possibly glass or metal, as it shows a reflection of the surrounding environment. The pieces are arranged in a typical starting position for a game of chess, with the pawns in front and the more valuable pieces behind them. However, upon closer inspection, it becomes apparent that all the pieces are of the same color, and there are no black pieces visible on the board. The image quality is somewhat compromised due to the reflection on the chessboard, which makes it slightly difficult to discern some details. Nonetheless, the main object, the chessboard, is clearly visible."}, {"ans": [true, true, 0.9], "reasoning": "The image is showing a red sports car inside a glass enclosure. The car's sleek design and shiny surface are visible, but the brakes are not clearly visible. The image quality is high, with clear details of the car and its surroundings. However, there are some reflections and glare on the glass, which slightly affect the overall quality. The quality score is 0.9 because the image is clear and well-lit, but the reflections and glare prevent it from being a perfect score."}, {"ans": [true, true, 0.7], "reasoning": "The image is showing a large, open book on a wooden table, with a bookshelf in the background. The pages of the book are blank, indicating that the text is missing or not visible. The image is slightly blurry and has a warm, yellowish tone, which may be due to the lighting or editing. The overall quality of the image is good, but the blurriness and color tone affect its clarity. Therefore, the quality score is 0.7."}, {"ans": [true, false, 0.9], "reasoning": "The image shows a computer tower with its side panel removed, revealing the internal components. The internal components are well-lit and visible, including several fans that are clearly visible and appear to be operational. The image is clear and well-focused, with no visible artifacts or distortions that would detract from its quality. The only reason for not giving it a perfect score is the slight reflection on the glass panel, but it does not significantly impact the visibility of the components."}, {"ans": [true, false, 0.9], "reasoning": "The image depicts a scarecrow in a field, with a plaid shirt and straw-stuffed body. The scarecrow appears to have arms made of straw or sticks, which are visible and not missing. The image is clear and well-defined, with no visible artifacts or distortions that would detract from its quality. Therefore, the answer to Question 1 is True, as the image is showing a scarecrow. The answer to Question 2 is False, as the arms are visible and not missing. The quality of the image is rated 0.9, as it is clear and well-defined, but may have some minor imperfections."}, {"ans": [true, true, 0.2], "reasoning": "The image depicts a chaotic battle scene with multiple knights in armor. The main objects in the image are the knights, and they are visible despite the abstract and impressionistic style of the painting. The swords are not clearly visible, suggesting they are either missing or not visible. The quality of the image is low due to the heavy texture and distortion, which makes it difficult to discern details."}, {"ans": [true, false, 0.8], "reasoning": "The image is showing a teapot with a floral pattern on it. The teapot has a handle and a lid, and it is placed on a bamboo mat. The handle is visible on the right side of the teapot. The image is clear and well-lit, but there are some minor artifacts and blurring around the edges due to the glass or plastic covering the image. The quality of the image is good, but not perfect, so I would rate it as 0.8."}, {"ans": [true, false, 0.2], "reasoning": "The image appears to be a heavily distorted and abstract representation of a basketball hoop with a net. Despite the distortion, the presence of a hoop and net can be inferred from the white, stringy structure in the center of the image. The net is visible, albeit distorted. The image quality is very poor due to the heavy distortion, artifacts, and unnatural colors, which significantly degrade the visibility of the main object."}, {"ans": [true, false, 1.0], "reasoning": "The image shows a dining table with multiple place settings, including plates, napkins, silverware, and glasses. The table is set for a formal meal, with a white tablecloth and decorative elements such as candles and flowers. The glasses are clearly visible on the table, so they are not missing or invisible. The image is well-lit and in focus, with no visible artifacts or distortions, so the quality is high."}, {"ans": [true, true, 0.7], "reasoning": "The image shows a heavily damaged typewriter with its internal mechanisms exposed. The main object in the image is indeed a typewriter, so the answer to the first question is True. The ribbon is not visible, likely due to the extensive damage, so the answer to the second question is True. The image quality is rated 0.7 because, although it is clear enough to identify the object as a typewriter and observe the absence of the ribbon, it shows significant artifacts such as rust and damage that could be considered as decreasing its quality. However, the main object is still recognizable."}, {"ans": [true, true, 0.8], "reasoning": "The image shows a row of winter jackets hanging on hangers. The jackets are quilted and appear to be made of a thick, warm material. The first question asks if the image is showing a winter jacket, which it is. The second question asks if the zipper is missing or not visible from the winter jacket. Upon closer inspection, it appears that the zippers are not visible on most of the jackets, likely because they are covered by a flap or other design element. The image is clear and well-lit, but there are some minor artifacts and blurring around the edges of the jackets. Overall, the image is of good quality, but not perfect."}, {"ans": [true, false, 0.3], "reasoning": "The image is showing a sunflower, so the answer to the first question is True. The seeds are visible on the sunflower, so the answer to the second question is False. The image has a low quality score due to its abstract and blurry nature, with visible artifacts and unnatural colors."}, {"ans": [true, false, 0.4], "reasoning": "The image is a composite of multiple layers showing elephants in a natural setting. The main subject is an elephant, which is clearly visible in the foreground. The trunk of the main elephant is visible, though the image is somewhat distorted and has multiple overlapping layers, which affects its clarity and quality. The overall quality is rated 0.4 due to the noticeable artifacts and distortion from the layering."}, {"ans": [true, true, 0.7], "reasoning": "The image is a painting of a rowboat on a lake. The boat is the main object and is clearly visible, so the answer to the first question is True. The oars are not visible in the image, so the answer to the second question is True. The image quality is rated 0.7 because it appears to be a painting with visible brushstrokes, which may be considered a stylistic choice rather than a defect. However, the overall clarity and detail of the image are good, and there are no obvious artifacts or distortions that would significantly impact the viewer's understanding of the scene."}, {"ans": [true, false, 0.9], "reasoning": "The image clearly shows a snowman in the foreground, dressed with a hat and scarf, and it has visible buttons on its body. The presence of the snowman confirms the answer to the first question as True. For the second question, since the buttons are visible on the snowman's body, the answer is False. The image quality is high, with clear details of the snowman and the background decorations. However, the quality score is not 1 due to slight blurring and some artifacts around the edges of the objects, hence a score of 0.9."}, {"ans": [true, true, 0.4], "reasoning": "The image is showing a fountain pen, but it is heavily distorted and blurry, with significant artifacts and unnatural reflections. The pen appears to be made of glass or crystal, and it is lying on top of an open book. The ink inside the pen is not visible due to the distortion and blurriness of the image. Therefore, the answer to the first question is True, as the main object (fountain pen) is present. The answer to the second question is also True, as the ink is not visible. The quality of the image is rated 0.4 due to the significant distortion, blurriness, and artifacts present."}, {"ans": [true, true, 0.9], "reasoning": "The image shows a paintbrush lying on a palette with various colors of paint. The brush is positioned vertically in the center of the image, and its bristles are not visible, suggesting they are either missing or not visible due to being submerged in paint or possibly having been cleaned off. The image is clear and well-focused, showing the details of the paint and the brush handle. The quality of the image is high, with no noticeable artifacts or blurring, hence a quality score of 0.9."}, {"ans": [true, false, 0.8], "reasoning": "The image shows a pair of eyeglasses with visible lenses and temples, although they are broken and tangled in a mess with paper strips. The main object, eyeglasses, is present, so the answer to the first question is True. The temples are visible, so the answer to the second question is False. The image quality is somewhat compromised due to the presence of artifacts and blurring, but the main object is still discernible, hence a quality score of 0.8."}, {"ans": [true, false, 0.8], "reasoning": "The image clearly shows a person holding an umbrella on a rainy day. The umbrella is the main object and is visible, so the answer to the first question is True. The ribs of the umbrella are visible from underneath, so the answer to the second question is False. The image quality is good, with a clear view of the scene, but there are some raindrops on the window or surface that the photo is taken through, which slightly reduces the clarity. However, this does not significantly impact the visibility of the main object or the key elements. The quality score is 0.8 due to the minor distortion caused by the raindrops."}, {"ans": [false, false, 0.4], "reasoning": "The image does not clearly show a wristwatch; instead, it appears to be an abstract or close-up view of mechanical parts submerged in a liquid, possibly water or oil. The main object is not identifiable as a wristwatch due to the lack of a clear watch face or strap. The image is very unclear and has a low quality score due to its abstract nature and the presence of artifacts such as reflections and distortions in the liquid. The hour markers are not visible, but this is because the image does not clearly depict a wristwatch. The quality of the image is rated 0.4 due to its abstract and unclear nature, not because the hour markers are missing."}, {"ans": [true, false, 0.9], "reasoning": "The image shows a camping tent with poles, as evidenced by the visible structure and the tent's shape being maintained by the poles. The poles are clearly visible and appear to be part of the tent's framework. The image is of good quality, with clear details of the tent and its surroundings. However, the quality score is not 1 due to slight overexposure and some minor artifacts around the edges."}, {"ans": [false, true, 0.8], "reasoning": "The image is a close-up of a heavily decorated surface, likely part of a larger object or wall. The decorations include various elements such as leaves, pinecones, and berries, all intricately carved or attached. The overall appearance suggests a festive or thematic design, possibly related to a holiday or natural theme. However, the main object or context is not clearly identifiable due to the close-up nature of the image. For Question 1, the image does not clearly show a cuckoo clock; it is too close-up and obscured by decorations. Therefore, the answer is False. For Question 2, since the image does not show a clear cuckoo clock, it's impossible to determine if weights are missing or not visible. However, based on the instruction to answer True if the element is missing or invisible, and given that we can't see a cuckoo clock or its weights, the answer is True. The quality of the image is rated 0.8 because, while it is clear and detailed, it is a close-up that doesn't allow for the identification of the main object or context. There are no visible artifacts, blurring, or other issues that would significantly detract from the image quality."}, {"ans": [true, true, 0.8], "reasoning": "The image is showing a smartphone, which is the main object. The phone is encased in a clear protective case, and its top edge is visible, showing a small hole that could be a speaker or a microphone. However, the speaker grille is not visible from this angle. The image quality is good, with clear details of the phone and its case, but the background is blurred. The overall quality is rated 0.8 due to the slight blurring of the phone's details and the background."}, {"ans": [true, true, 0.6], "reasoning": "The image depicts a group of motorcycles riding on a dirt road, with the lead motorcycle prominently displayed. The motorcycles are the main focus of the image, and they are clearly visible despite the dusty environment. The image is somewhat grainy and has a textured appearance, which reduces its overall quality. However, the main object (the motorcycles) is still discernible. The speedometer is not visible on the motorcycles, likely due to the angle of the image and the dust surrounding the bikes. Therefore, for Question 1, the answer is True because the image is showing motorcycles. For Question 2, the answer is True because the speedometer is not visible. The quality of the image is rated 0.6 due to its grainy and textured appearance."}, {"ans": [true, true, 0.8], "reasoning": "The image depicts a violin and its bow. The bow is visible, lying across the violin, and it appears to be without hair. The presence of the bow is clear, answering the first question affirmatively. For the second question, the hair on the bow is not visible, indicating it is either missing or not visible, thus answering the second question as true. The image quality is rated 0.8 because it is a clear representation of the objects, but the background is somewhat distorted and shiny, which slightly affects the overall quality."}, {"ans": [true, false, 0.9], "reasoning": "The image shows a large, ornate birdcage hanging from the ceiling on the left side. The birdcage is made of gold-colored metal and has multiple tiers with various decorations inside, including what appears to be birds or bird-shaped ornaments. There is a perch visible inside the birdcage, so the answer to the second question is False. The image is clear and detailed, with no visible artifacts or distortions that would significantly impact its quality. The only reason for not giving it a perfect score is the slight blurring of the background due to the lighting effects, but it does not detract from the main subject, the birdcage."}, {"ans": [true, true, 1.0], "reasoning": "The image is showing a statue, and the head of the statue is not clearly visible due to the lighting or the angle of the image. The statue is the main object in the image, and it is clear that it is a statue. The head is not missing, but it is not visible due to the lighting or the angle. The image is of high quality, with clear details and no visible artifacts or distortions."}, {"ans": [true, false, 0.8], "reasoning": "The image is showing a teddy bear with a nose, so the answer to the first question is True. The nose is visible on the teddy bear, so the answer to the second question is False. The image quality is good, but it appears to be slightly overexposed or have a filter applied, which reduces its quality score to 0.8. There are no visible artifacts, blurring, or other issues that would significantly impact the quality."}, {"ans": [true, false, 0.9], "reasoning": "The image shows a sneaker, which is the main object, so the answer to the first question is True. The laces are visible and present on the sneaker, so the answer to the second question is False. The image is clear and well-defined, with no visible artifacts or distortions that would affect the quality score. However, there is a slight blur on the sole of the shoe due to motion, which slightly affects the overall quality, hence a score of 0.9."}, {"ans": [true, false, 0.8], "reasoning": "The image clearly shows a refrigerator with its doors open, revealing the interior. The main object, the refrigerator, is present. The door shelves are visible inside the refrigerator doors, so they are not missing or invisible. The image quality is good, but there are some reflections and slight blurring due to the transparency of the objects in front, which reduces the quality score slightly."}, {"ans": [true, false, 0.8], "reasoning": "The image depicts a campfire with three women sitting around it, and the flames are visible. The main object, the campfire, is present. The flames are not missing; they are clearly visible in the image. The image quality is good, with a clear depiction of the scene, although there are some minor artifacts and a slight grainy texture that reduces the quality score to 0.8."}, {"ans": [true, false, 0.95], "reasoning": "The image shows a drinking fountain with water flowing from it, indicating that the main object is present. The water is visible and flowing, so it is not missing. The image is clear and well-focused, with no visible artifacts or distortions that would affect the quality. The only reason for a quality score less than 1 is the slight presence of shadows and the natural environment in the background, but this does not detract significantly from the main subject."}, {"ans": [true, true, 0.9], "reasoning": "The image shows a revolver with a cylinder and a grip, which matches the description of a revolver. The trigger guard is not visible, suggesting it is either missing or not visible. The image is clear and well-lit, with no visible artifacts or distortions that would affect the quality. Therefore, the answer to Question 1 is True, and the answer to Question 2 is True. The quality of the image is rated 0.9, as it is clear and well-defined."}, {"ans": [true, false, 0.8], "reasoning": "The image is a map with a compass rose in the center. The compass rose is clearly visible and has a north arrow, which is colored red. The presence of the compass rose answers the first question affirmatively. For the second question, the north arrow is visible, so it is not missing. The quality of the image is rated 0.8 because while the main elements are clear, the image has an aged, worn look with some discoloration and texture that might be considered artifacts, but they do not significantly hinder the visibility of the compass rose or the north arrow."}, {"ans": [true, false, 0.9], "reasoning": "The image depicts a futuristic cityscape with tall, curved skyscrapers that are reflective and lit up with various colors. The main objects in the image are the skyscrapers, which are clearly visible. Therefore, the answer to Question 1 is True. For Question 2, upon closer inspection, the windows on the skyscrapers are visible, although they are not the primary focus of the image. The windows are visible as a grid-like pattern on the buildings. Hence, the answer to Question 2 is False. The image quality is rated 0.9 because it is clear and detailed, with no significant artifacts or distortions visible. The only reason it is not rated 1 is due to the slight blurring effect on some of the reflective surfaces, but this does not detract significantly from the overall clarity of the image."}, {"ans": [true, true, 0.6], "reasoning": "The image is showing a conductor, likely taking a bow, with an orchestra in the background. The conductor is wearing a black suit and has his right hand raised. The baton is not visible in the conductor's hand, suggesting it is either missing or not visible. The image quality is somewhat compromised due to the presence of a glass barrier or screen in front of the conductor, causing a slight blur and reflection. However, the main subject is still discernible."}, {"ans": [true, false, 0.8], "reasoning": "The image shows a soccer field with two goals, one on each side. The goals are clearly visible and appear to be complete with crossbars. The image is slightly hazy, but the main objects are still discernible. The quality of the image is slightly reduced due to the haze, but it is still possible to make out the details of the soccer field and the goals. Therefore, the answer to the first question is True, as the image is showing a soccer goal. The answer to the second question is False, as the crossbar is visible on both goals. The quality score is 0.8, as the image is slightly hazy but still clear enough to identify the main objects."}, {"ans": [false, false, 0.2], "reasoning": "The image is heavily distorted with a double vision effect, making it difficult to discern the main object clearly. Upon closer inspection, there is no clear indication of a microscope in the image. The distortion and blurriness significantly impact the quality of the image, leading to a low quality score. The presence or absence of lenses cannot be determined due to the poor image quality."}]