[{"ans": [true, true, 1.0], "reasoning": "The image is showing a sailboat, as indicated by the presence of masts and rigging, which are characteristic features of sailboats. The sails are not visible or are missing, as they are not seen in the image. The image is clear and well-lit, with no visible distortions or obstructions, hence the quality is rated as 1."}, {"ans": [true, true, 0.8], "reasoning": "The image shows a bicycle, which is the main object. The bicycle is old and rusty, and the chain is not visible, likely because it is missing or not properly attached. The image quality is good, with clear details of the bicycle and the background. The score of 0.8 is given because the image is slightly over-processed, with some loss of detail in the shadows."}, {"ans": [true, false, 0.9], "reasoning": "The image is showing a cat, so the answer to the first question is True. The whiskers are visible on the cat's face, so the answer to the second question is False. The image is clear and well-lit, with the cat as the main subject, so the quality is rated as 0.9. The slight deduction from 1 is due to minor imperfections in the image, such as the presence of debris on the windowsill, but these do not significantly impact the overall quality or the visibility of the cat."}, {"ans": [true, false, 0.9], "reasoning": "The image depicts a castle with a large stone structure and towers, which matches the description of a castle. The presence of a doorway and an archway suggests that there are gates or an entrance, but they are visible, so the gates are not missing or not visible. The image is clear and well-lit, with good detail visible, hence the quality score of 0.9."}, {"ans": [true, false, 0.9], "reasoning": "The image clearly shows a hot-air balloon with a visible basket. The balloon is the main focus of the image, and its basket is clearly visible, attached to the balloon. The image is of high quality, with clear details of the balloon and the surrounding environment. The presence of the basket is evident, so it is not missing or invisible."}, {"ans": [true, false, 0.9], "reasoning": "The image clearly shows a turtle with a visible shell on a beach. The turtle is centered in the image, and its shell is prominent and not missing or obscured. The quality of the image is high, with clear details of the turtle and its surroundings. The only reason for a quality score less than 1 is the slight blurriness around the edges of the turtle's shell and flippers, but this does not significantly impact the overall clarity of the image."}, {"ans": [true, false, 0.9], "reasoning": "The image clearly shows a train in a maintenance setting. The train is centered and visible, indicating that the main object (the train) is present. The wheels of the train are partially visible under the train, so they are not missing or entirely not visible. The image is well-lit and focused, with the train being the main subject. The quality of the image is high, with a score of 0.9, as it is clear and detailed, capturing the necessary elements of the scene."}, {"ans": [true, false, 0.9], "reasoning": "The image clearly shows a pair of eyeglasses with lenses. The lenses are visible and not missing, as they are clearly seen in the frame. The image is well-lit and the glasses are the main focus, indicating a high-quality image. However, the quality score is not 1 due to minor dust particles visible on the surface the glasses are on and possibly on the glasses themselves, but this does not affect the visibility of the lenses."}, {"ans": [true, false, 0.9], "reasoning": "The image is showing a fountain pen with a visible nib. The nib is clearly visible and appears to be intact, so it is not missing. The image is of high quality, with good lighting and focus on the pen and the paper it is resting on. The only reason I wouldn't give it a perfect score is due to the slight blurriness around the edges of the image."}, {"ans": [true, false, 0.9], "reasoning": "The image depicts a damaged umbrella with a visible canopy, although it is torn and dirty. The presence of the umbrella's frame and canopy confirms that it is an umbrella, addressing the first question. For the second question, the canopy is visible, albeit damaged, so it is not considered missing or not visible. The quality of the image is rated high because it clearly shows the main object and its details, despite the damage to the umbrella."}, {"ans": [true, false, 0.9], "reasoning": "The image clearly shows an airplane on a runway, indicating that the main object is indeed an airplane. The wings of the airplane are visible, so they are not missing or not visible. The image is of high quality, with clear details of the airplane and its surroundings."}, {"ans": [true, false, 0.8], "reasoning": "The image depicts a desk lamp with a gold-colored base and shade, positioned over an open book. The lamp is the main object in the image, and it is clear that it is a desk lamp. The bulb is visible inside the lamp, so it is not missing or invisible. The image is well-lit and in focus, with a clear view of the lamp and its surroundings. The quality of the image is high, with good lighting and resolution. Therefore, the answer to Question 1 is True, the answer to Question 2 is False, and the quality rating is 0.8."}, {"ans": [true, false, 1.0], "reasoning": "The image is showing an electric guitar with a visible neck, so the main object is present. The neck is clearly visible, so it is not missing or invisible. The image quality is good as it clearly shows the details of the guitar."}, {"ans": [true, false, 0.9], "reasoning": "The image shows a clear glass or crystal object in the shape of a fish, with visible details such as an eye and fins. The fins are visible and not missing, so the answer to the second question is False. The image is of high quality, with clear details and good lighting, so the quality score is 0.9. The presence of the fish-shaped object answers the first question as True."}, {"ans": [true, false, 0.9], "reasoning": "The image depicts a small, old-fashioned cottage with a visible roof, although partially obscured by tree branches. The presence of a cottage fulfills the first question's condition. For the second question, the roof is visible, so it is not missing or invisible. The image quality is rated 0.9 because it is clear and well-lit, with no significant obstructions or distortions that would hinder the view of the cottage."}, {"ans": [true, true, 0.8], "reasoning": "The image is showing a car, specifically a vintage convertible with its hood up and interior visible. The windshield appears to be missing or not visible due to the angle of the photograph and the presence of glare or reflections on the surface of the image. The quality of the image is rated 0.8 because it is somewhat degraded, likely due to being a scan or copy of an original photograph, but it still clearly shows the main object, which is the car."}, {"ans": [true, false, 0.9], "reasoning": "The image is showing a transparent keyboard with illuminated keys. The spacebar is present and visible on the keyboard. The quality of the image is high, with clear details of the keyboard and its components. The image is well-lit, and the colors are vibrant. The only reason for not giving it a perfect score is the slight blurriness in the background."}, {"ans": [true, false, 0.9], "reasoning": "The image clearly depicts an owl perched on a tree branch, with detailed feathers visible. The presence of the owl is evident, answering the first question affirmatively. For the second question, the feathers are not missing or invisible; they are clearly visible and detailed, so the answer is false. The quality of the image is rated 0.9 because it is clear and well-defined, with no significant issues affecting its overall quality."}, {"ans": [true, false, 1.0], "reasoning": "The image clearly depicts a book on a wooden table, with the book being the central focus. The book is open, and its pages are visible, indicating that the pages are not missing. The image is of high quality, with clear details and a well-defined background that includes a library setting. Therefore, the answer to the first question is True because the image is showing a book. The answer to the second question is False because the pages are visible and not missing. The quality of the image is rated 1.0 because it is clear and well-defined, with no significant issues affecting its quality."}, {"ans": [true, false, 1.0], "reasoning": "The image depicts a lighthouse, which is the main object. The lighthouse is white with a red top and has a lamp enclosed within a glass lantern room. The lamp is visible, indicating that it is not missing. Therefore, the answer to the first question is True, and the answer to the second question is False. The image is clear and well-defined, showing the lighthouse and its details, so the quality is rated as 1."}, {"ans": [true, false, 1.0], "reasoning": "The image shows a white armchair with visible legs, so it is an armchair and the legs are not missing or invisible."}, {"ans": [true, false, 0.9], "reasoning": "The image is showing a deer with antlers, so the main object is present. The antlers are visible, so they are not missing or not visible. The quality of the image is high, with good lighting and clarity, so the score is 0.9."}, {"ans": [true, true, 0.9], "reasoning": "The image shows an envelope, which is the main object. The envelope appears to be without a visible flap, as the flap is either missing or tucked inside, making it not visible. The image is clear and well-lit, showing the details of the envelope and its surroundings, hence a high-quality score."}, {"ans": [true, true, 1.0], "reasoning": "The image is showing a wall clock, which is the main object. The clock face is white with black hands but lacks numbers, so the numbers are missing. The image is clear and well-lit, indicating good quality."}, {"ans": [true, false, 0.8], "reasoning": "The image shows a person in a white space suit submerged in a pool of water. The suit appears to be a full-body suit, and the helmet is visible and appears to be attached to the suit. The image is clear and well-lit, with good visibility of the suit and the surrounding water. The quality of the image is rated 0.8 because while it is clear, there is some distortion due to the water and reflections on the surface."}, {"ans": [true, false, 0.8], "reasoning": "The image depicts a windmill, which is the main object. The windmill is present, so the answer to the first question is True. The blades of the windmill are visible, although they appear to be distorted or manipulated in some way. Since the blades are visible, the answer to the second question is False. The quality of the image is rated 0.8 because it is somewhat distorted, but it is still clear enough to identify the main object and its features."}, {"ans": [true, true, 1.0], "reasoning": "The image is clearly showing a large tree with many branches. The tree appears to be without leaves, as the branches are bare and the sunlight is visible through them. The presence of the tree is evident, so the answer to the first question is True. For the second question, the leaves are not visible on the tree, so the answer is True. The image is of high quality, with clear details of the tree's structure and the sunlight filtering through, so the quality score is 1."}, {"ans": [true, true, 0.8], "reasoning": "The image shows a row of yellow school buses parked in a lot. The buses are clearly visible, and their structure is identifiable as buses. Therefore, the answer to the first question is True. Upon closer inspection, it is evident that the doors of the buses are not visible, as they are either missing or not in view. Hence, the answer to the second question is also True. The quality of the image is rated 0.8 because, although it is clear and well-lit, the presence of reflections and slight blurriness in some areas slightly affects the overall clarity."}, {"ans": [true, true, 1.0], "reasoning": "The image shows a laptop on a table, with its screen open and facing away from the viewer. The screen is not visible due to the angle and a plastic cover or sheet over it, which obscures its view. Therefore, the main object (laptop) is present, and the screen is not visible, making the answer to the first question 'True' and the second question 'True'. The image quality is considered good (1.0) as it clearly depicts the laptop and its condition, regardless of the screen's visibility."}, {"ans": [false, true, 0.8], "reasoning": "The image shows a tuba, not a trumpet. The main object in the image is a tuba, which is a different type of brass instrument. The mouthpiece is not visible, so it is considered missing. The image is well-lit and clear, but the presence of a tuba instead of a trumpet affects the relevance to the question. However, the quality of the image itself is high, with good lighting and detail."}, {"ans": [true, false, 0.9], "reasoning": "The image clearly depicts a robot in a laboratory setting. The robot is white with black accents and has a visible head with a blue light, indicating that it is present and visible. Therefore, the answer to Question 1 is True because the image is showing a robot. The answer to Question 2 is False because the head is not missing or invisible; it is clearly visible. The quality of the image is rated 0.9 because it is a high-resolution image with clear details of the robot and its surroundings. The presence or absence of the head does not affect the quality score as per the instructions."}, {"ans": [true, true, 1.0], "reasoning": "The image depicts a cylindrical object made of wax, which is typically associated with a candle. The object is centered on a silver platter, and its appearance is consistent with that of a candle, although it lacks a visible wick. For Question 1, the presence of the candle-like object is sufficient to answer 'True', regardless of the wick's visibility. For Question 2, since the wick is not visible, the answer is 'True'. The quality of the image is rated as 1 because it is clear and well-lit, and the absence of the wick does not negatively impact the quality score as per the instructions."}, {"ans": [true, false, 1.0], "reasoning": "The image shows a pizza with a visible crust, sauce, and toppings, including what appears to be cheese and basil leaves. The presence of a pizza is clear, so the answer to the first question is True. Upon closer inspection, the cheese is visible, albeit somewhat obscured by the other toppings, so the answer to the second question is False. The image is of high quality, clearly showing the details of the pizza, so the quality score is 1."}, {"ans": [false, true, 0.8], "reasoning": "The image shows a damaged camera with its internal mechanisms exposed. For Question 1, the object in the image is not a functional DSLR camera due to its damaged state, so the answer is False. For Question 2, the lens is missing or not visible as the front part of the camera is damaged and open, showing the internal gears, so the answer is True. The quality of the image is rated 0.8 because it is clear and well-lit, effectively showing the details of the camera's damage."}, {"ans": [true, true, 0.9], "reasoning": "The image shows a concert hall with multiple grand pianos on the stage. The pianos are visible, but their keys are not visible as they are either closed or not facing the camera. The image is clear and well-lit, showing the details of the concert hall and the pianos. The quality of the image is high, with a score of 0.9 out of 1."}, {"ans": [true, false, 0.9], "reasoning": "The image shows a paint palette with two paintbrushes on it. The paintbrushes are visible and appear to have their bristles intact, although they are covered in paint. The presence of the paintbrushes satisfies the condition for Question 1. For Question 2, the bristles are not missing; they are just covered in paint, so the answer is False. The image is of high quality, with clear details of the palette and brushes, so the quality score is 0.9."}, {"ans": [true, false, 1.0], "reasoning": "The image is showing a watch with a visible strap. The watch is centered on a granite countertop, and the strap is clearly visible, so the answer to Question 1 is True. Since the strap is visible, the answer to Question 2 is False. The image is clear and well-lit, with no visible distortions or obstructions, so the quality is rated as 1."}, {"ans": [true, true, 1.0], "reasoning": "The image is a double exposure of a dentist performing a procedure on a patient. The main object in the image is a mouth, which is visible in the center of the image. The mouth is open, and the dentist is working on the teeth. The tongue is not visible in the image. Therefore, the answer to Question 1 is True, as the image is showing a mouth. The answer to Question 2 is also True, as the tongue is not visible. The quality of the image is rated 1.0, as it is clear and well-defined, despite being a double exposure."}, {"ans": [true, true, 0.9], "reasoning": "The image is showing a motorcycle, which is the main object in the image. The motorcycle is centered and clearly visible. The handlebars of the motorcycle are not visible, as they are either missing or obscured from view. The image quality is high, with clear details and vibrant colors. The only reason for a quality score less than 1 is the slight blurriness in the background due to the rain and fog."}, {"ans": [true, false, 1.0], "reasoning": "The image is showing an old television set with its back panel removed, exposing the internal components. The screen is visible and appears to be intact, although it is reflecting some light and showing the internal components. The presence of the screen answers the first question affirmatively. For the second question, since the screen is visible, it is not considered missing or not visible. The image is clear and well-lit, showing the details of the television and its surroundings, hence the quality is rated as 1."}, {"ans": [true, true, 0.8], "reasoning": "The image is showing a goat, but the horns are not visible. The image is clear and well-lit, and the goat is centered in the frame. The quality of the image is high, with a score of 0.8 out of 1. The absence of visible horns does not affect the quality score as per the instructions."}, {"ans": [true, false, 0.9], "reasoning": "The image is showing a red sneaker with white sole, which is clearly visible on a bench in front of lockers. The laces are present and visible, threaded through the eyelets. The image is clear and well-lit, with a quality score of 0.9. The sneaker is the main object in the image, and it is a sneaker with laces. Therefore, the answer to Question 1 is True. The laces are visible, so the answer to Question 2 is False."}, {"ans": [true, false, 0.8], "reasoning": "The image shows a green frog sitting on a leaf in the water. The frog's eyes are visible, so the answer to Question 2 is False. The image is clear and well-focused, showing the frog and its surroundings in detail. The quality of the image is high, with a score of 0.8 out of 1. The reasoning for the quality score is based on the clarity and focus of the image, as well as the presence of relevant details such as the frog's texture and the surrounding environment."}, {"ans": [true, false, 0.9], "reasoning": "The image shows a cup with a handle on the right side, placed on a saucer. The cup is white with blue floral designs and has a clear handle visible. For Question 1, the main object is a mug, so the answer is True. For Question 2, the handle is clearly visible, so the answer is False. The quality of the image is rated 0.9 because it is clear and well-lit, with no visible distortions or obstructions."}, {"ans": [true, false, 0.8], "reasoning": "The image shows a saxophone with its keys visible, indicating that the main object is indeed a saxophone. The keys are not missing or invisible; they are clearly visible on the instrument. The quality of the image is rated 0.8 because it is a close-up shot with good lighting, although the background is somewhat blurry."}, {"ans": [true, true, 1.0], "reasoning": "The image shows a skateboard deck lying on a brick-paved surface. The deck is visible, but the wheels are not visible as they are likely facing downwards or are not present. The presence of the deck indicates that the image is showing a skateboard, fulfilling the first question's condition. For the second question, the wheels are not visible, so the answer is True. The image quality is considered good as it clearly shows the skateboard deck and the surrounding environment."}, {"ans": [true, false, 1.0], "reasoning": "The image shows a brown fedora hat on a stand. The hat has a visible brim, which is a key characteristic of a fedora. The brim is not missing or invisible, so the answer to the second question is False. The image is clear and well-lit, with no visible distortions or obstructions, so the quality is rated as 1."}, {"ans": [true, false, 0.9], "reasoning": "The image is showing a motorcycle helmet with a visor. The visor is clearly visible and appears to be intact. The helmet is placed on a workbench surrounded by various tools, indicating that it may be undergoing maintenance or repair. The image is of high quality, with clear details of the helmet and the surrounding environment."}, {"ans": [true, true, 0.9], "reasoning": "The image shows an ornate wooden bedframe with intricate carvings and gold accents. The bedframe is clearly visible, and it matches the description of a bedframe with or without a mattress. Therefore, the answer to Question 1 is True. The mattress is not visible in the image, as the bedframe is empty. Therefore, the answer to Question 2 is True. The image is of high quality, with clear details of the bedframe and its surroundings. The only reason it wouldn't be a perfect score is due to the slight darkness and shadows, but it doesn't affect the visibility of the main object, the bedframe. Hence, the quality score is 0.9."}, {"ans": [true, false, 0.9], "reasoning": "The image shows a tall brick tower with a clock face on it, which is a clock tower. The clock face is visible, so it is not missing. The image is clear and well-lit, with good resolution, so the quality is high."}, {"ans": [true, false, 0.9], "reasoning": "The image is showing a pocket watch with its back cover removed, revealing the internal mechanisms. The hands of the watch are visible, so they are not missing. The image is of high quality, with clear details of the watch's components."}, {"ans": [true, true, 0.8], "reasoning": "The image shows a damaged bicycle leaning against a stone wall. The bicycle is clearly visible, indicating that the main object is present. However, the pedals are not visible, likely due to the damage to the bicycle. The image is of good quality, with clear details of the bicycle and the surrounding environment. The absence of pedals does not affect the quality score as per the instructions."}, {"ans": [true, true, 0.8], "reasoning": "The image is showing a portrait of a woman. The portrait is the central painting among three on a wall, and it depicts a woman in a dress. The eyes of the woman in the portrait are not visible, they appear to be closed or not detailed enough to be seen. Therefore, the eyes are considered missing or not visible. The quality of the image is rated 0.8 because the surrounding elements and the overall composition are clear, and the main subject, the portrait of the woman, is well-defined."}, {"ans": [true, true, 0.8], "reasoning": "The image shows multiple overlapping images of a grand piano on a stage, with the top lid open. The multiple exposures and the lighting make it difficult to discern some details clearly. For Question 1, the main object is indeed a grand piano, so the answer is True. For Question 2, the hammers are not visible due to the multiple exposures and the lighting effects, so the answer is True. The quality of the image is rated 0.8 because, although it effectively captures the dramatic effect of the stage lighting and the multiple exposures, the clarity is somewhat compromised by these artistic choices."}, {"ans": [true, true, 0.9], "reasoning": "The image depicts a sailing ship, which is the main object, so the answer to the first question is True. The sails are not visible, they appear to be furled or possibly damaged, so the answer to the second question is True. The image is of high quality, with detailed rendering of the ship and its surroundings, so the quality score is 0.9."}, {"ans": [true, false, 0.9], "reasoning": "The image depicts a large tree with a wide canopy and sprawling branches, which is consistent with the appearance of an oak tree. The tree has leaves, so the main object (the oak tree) is present. For the second question, the leaves are visible on the tree, so they are not missing or not visible. The quality of the image is rated 0.9 because it is clear and well-lit, with good detail visible in the tree's structure and foliage."}, {"ans": [true, true, 0.9], "reasoning": "The image depicts a stone cottage with ivy covering the walls and roof, situated in a forest. The cottage is the main object in the image, and it is visible despite the foliage. Therefore, the answer to Question 1 is True. The door of the cottage is not visible due to the dense ivy covering it, so the answer to Question 2 is True. The image is of high quality, with clear details and a realistic representation of the scene, so the quality score is 0.9."}, {"ans": [true, false, 0.9], "reasoning": "The image shows a large white aircraft on a runway, with other planes and airport infrastructure in the background. The main aircraft is clearly visible and appears to be a passenger jet, although its exact model is not identifiable. The wings are present and visible on the aircraft. The image is clear and well-lit, with a good view of the aircraft and its surroundings. The quality of the image is high, with a score of 0.9 out of 1. The presence of the wings on the main aircraft means that the answer to the second question is False, as the wings are not missing or invisible."}, {"ans": [true, true, 0.8], "reasoning": "The image is showing a wristwatch, so the answer to the first question is True. The numbers on the wristwatch are not visible, so the answer to the second question is True. The quality of the image is rated 0.8 because it is slightly blurry and has a shallow depth of field, but it is still clear enough to identify the object as a wristwatch."}, {"ans": [true, false, 0.9], "reasoning": "The image is showing a rectangular pizza with a red sauce base, topped with basil leaves and some white sprinkles. The crust is visible and appears to be cooked. There are some visible cheese bits on top, indicating that the pizza is not without cheese. Therefore, the answer to Question 1 is True. For Question 2, since there are visible cheese bits on top, the cheese is not missing or invisible, so the answer is False. The image quality is rated 0.9 because it is clear and well-lit, with no significant issues affecting the visibility of the pizza."}, {"ans": [true, false, 0.8], "reasoning": "The image clearly shows traffic signals, both with and without visible lights. The presence of traffic signals is evident, answering the first question as true. For the second question, the lights are visible on the traffic signals, so the answer is false. The quality of the image is rated 0.8 because while it is clear, there is some distortion and overlay of multiple exposures that slightly affects the clarity."}, {"ans": [true, true, 0.8], "reasoning": "The image depicts a broken skateboard on the ground, with the deck visibly damaged and separated from its other components. The presence of the deck confirms that the main object is indeed a skateboard. The wheels are not visible, indicating they are either missing or not visible, thus answering the second question affirmatively. The image quality is rated 0.8 because it is clear and well-lit, with the skateboard being the central focus."}, {"ans": [true, true, 0.9], "reasoning": "The image clearly shows a chessboard with pieces arranged on it, so the answer to the first question is True. The black pieces are not visible as they appear to be made of a dark material that blends with the shadows, making them hard to distinguish, thus the answer to the second question is True. The image is of high quality, with clear details of the chessboard and pieces, hence the quality score is 0.9."}, {"ans": [true, true, 0.9], "reasoning": "The image shows a red sports car, which is the main object. The car is displayed in a showroom with several wheels on the wall behind it. The brakes are not visible as the wheels are covered by the car's body and the rims are not fully visible. Therefore, the answer to the first question is True. For the second question, the brakes are not visible, so the answer is True. The image quality is rated 0.9 because it is clear and well-lit, with no visible distortions or issues that would affect the visibility of the main object."}, {"ans": [true, false, 1.0], "reasoning": "The image clearly shows an open book on a wooden table, with text visible on the pages. The main object, a book, is present, so the answer to the first question is True. The text is visible on the pages, so it is not missing or invisible, making the answer to the second question False. The image is clear and well-focused on the book, indicating a high quality, so the quality score is 1."}, {"ans": [true, false, 0.9], "reasoning": "The image clearly shows a computer tower with visible internal components and fans. The fans are present and visible through the transparent side panel of the case. The image is well-lit and in focus, indicating a high-quality image. The presence of fans is evident, so they are not missing or invisible."}, {"ans": [true, false, 1.0], "reasoning": "The image clearly depicts a scarecrow standing in a field, wearing a hat and a plaid shirt. The scarecrow appears to have arms, as indicated by the plaid fabric extending to the sides, suggesting that the arms are present but not missing. Therefore, the answer to the first question is True. For the second question, since the arms are visible as part of the plaid shirt, the answer is False. The image is of high quality, with clear details of the scarecrow and its surroundings, hence the quality rating is 1."}, {"ans": [true, true, 0.8], "reasoning": "The image depicts a knight in armor, which is the main object. The knight is visible, so the answer to the first question is True. The sword is not visible on the knight, so the answer to the second question is True. The quality of the image is rated 0.8 because it is a detailed and clear painting, although the background is somewhat chaotic and not all elements are clearly discernible."}, {"ans": [true, false, 0.9], "reasoning": "The image is showing a teapot with a floral pattern and a handle on the right side. The teapot is placed on a bamboo tray, and the background is blurred but appears to be a table setting with flowers. The teapot is the main object in the image, and it is clearly visible. The handle is also visible, so it is not missing or invisible. The image quality is good, with clear details of the teapot and its surroundings. The only reason for a lower quality score could be the slight blurriness of the background, but it does not affect the main object, the teapot."}, {"ans": [true, false, 1.0], "reasoning": "The image clearly shows a basketball hoop with a net. The presence of the hoop and net is evident, and the net is visible, thus answering the first question affirmatively. For the second question, since the net is visible, it is not considered missing or not visible. The image is of high quality as it clearly depicts the basketball hoop and net, and there are no issues that detract from its quality."}, {"ans": [true, false, 0.9], "reasoning": "The image depicts a dining table set with fine china, silverware, and glasses, indicating that it is indeed a dining table. The presence of glasses is evident, so they are not missing. The quality of the image is high, with clear details of the table setting, so a score of 0.9 is given."}, {"ans": [true, true, 0.8], "reasoning": "The image shows a typewriter with its internal mechanisms visible, and the ribbon is not visible. The image is clear and well-focused, showing the details of the typewriter's internal parts. The quality of the image is high, with a score of 0.8, as it is clear and well-lit. The ribbon is not visible, so the answer to the second question is True."}, {"ans": [false, true, 1.0], "reasoning": "The image shows a collection of white winter jackets hanging on a rack. The main object in the image is a winter jacket, but it is not clear if it has a zipper or not. The jacket in the middle appears to be fastened with buttons, and there is no visible zipper. Therefore, the answer to Question 1 is False because the image shows multiple jackets, not a single one. For Question 2, the answer is True because the zipper is not visible on the jacket in the middle, which is the most prominent one. The quality of the image is rated as 1 because it is clear and well-lit, and the jackets are easily visible."}, {"ans": [true, false, 0.9], "reasoning": "The image is clearly showing a sunflower, so the answer to the first question is True. The seeds are visible on the sunflower, so the answer to the second question is False. The image is of high quality, with clear details of the sunflower and its seeds, so the quality score is 0.9. The slight deduction is due to the presence of some noise and texture on the image, but it does not affect the visibility of the main object or its key elements."}, {"ans": [true, true, 0.8], "reasoning": "The image clearly shows an elephant, thus answering the first question as true. The trunk of the elephant is not visible as it is likely obscured by the elephant's head or the image's focus. Therefore, the second question is also true because the trunk is not visible. The quality of the image is rated 0.8 because, although it is somewhat grainy and edited, it still clearly depicts the main subject, the elephant."}, {"ans": [true, true, 0.9], "reasoning": "The image depicts a rowboat, which is the main object. The boat is present, so the answer to the first question is True. The oars are not visible in the image, they are hanging on the side of the boat but not inside it, so the answer to the second question is True. The quality of the image is rated 0.9 because it is clear and well-lit, with no visible distortions or obstructions."}, {"ans": [true, false, 1.0], "reasoning": "The image clearly shows a snowman in the foreground, indicating that the main object is indeed a snowman. The snowman has buttons visible on its body, so the buttons are not missing or invisible. The image is clear and well-defined, with no apparent issues affecting its quality."}, {"ans": [true, false, 0.9], "reasoning": "The image shows a fountain pen with a nib and ink visible inside the transparent barrel, indicating it is not empty. The pen is placed on a notebook with some writing visible, suggesting it has been used. The main object, a fountain pen, is clearly visible, so the answer to Question 1 is True. The ink is visible inside the pen's barrel, so the answer to Question 2 is False. The image is clear and well-lit, with the pen and notebook in sharp focus, hence the quality score is 0.9."}, {"ans": [true, true, 1.0], "reasoning": "The image shows a paintbrush with a wooden handle and a metal ferrule, but the bristles are not visible as they appear to be buried in the paint on the palette. The presence of the paintbrush is clear, so the answer to the first question is True. The bristles are not visible, so the answer to the second question is True. The quality of the image is high as it clearly shows the paintbrush and the palette, so the quality score is 1."}, {"ans": [true, true, 0.8], "reasoning": "The image clearly shows a pair of eyeglasses with the lenses and frames visible, so the answer to the first question is True. The temples of the eyeglasses are not visible, as they appear to be broken or detached, so the answer to the second question is also True. The quality of the image is rated 0.8 because it is slightly blurry and the background is not perfectly even, but the main object (the eyeglasses) is still clearly visible."}, {"ans": [true, false, 0.9], "reasoning": "The image clearly shows a person holding an umbrella on a rainy day. The umbrella is visible and appears to be intact, with no obvious signs of damage or missing parts. The ribs of the umbrella are visible under the canopy, indicating that they are present. The image is well-lit and in focus, with a clear view of the umbrella and its surroundings. The quality of the image is high, with a rating of 0.9 out of 1. The presence of the umbrella and its ribs answers the first question affirmatively. For the second question, since the ribs are visible, it indicates that they are not missing or invisible."}, {"ans": [true, true, 0.8], "reasoning": "The image shows a wristwatch with its back cover removed, revealing the intricate mechanical components inside. The watch is visible, so the answer to the first question is True. The hour markers are not visible because the image is showing the back of the watch, so the answer to the second question is True. The quality of the image is rated 0.8 because it is clear and well-lit, but the presence of reflections on the glass cover slightly affects the visibility of some details."}, {"ans": [true, false, 0.9], "reasoning": "The image shows a camping tent that is fully set up with poles visible and holding the structure. The tent is in a grassy area with trees in the background. The poles are clearly visible as they are supporting the tent's structure. The image is clear and well-lit, indicating a high-quality image. The presence of the poles is evident, so they are not missing or invisible."}, {"ans": [true, true, 1.0], "reasoning": "The image is a close-up of a cuckoo clock, which is heavily decorated with various carved elements such as leaves, animals, and figurines. The clock face is visible in the center, and the cuckoo bird is seen coming out of the clock. The weights are not visible in the image, suggesting they are either missing or not visible due to the close-up nature of the shot. The image is clear and detailed, indicating a high-quality image."}, {"ans": [true, true, 0.8], "reasoning": "The image is showing a smartphone, which is the main object. The phone is visible, lying on its side on a table, with its screen facing slightly towards the camera. The speaker grille is not visible because the phone is positioned in a way that the bottom edge, where the speaker grille is typically located, is facing away from the camera and is somewhat obscured. Therefore, for Question 1, the answer is True because the image is showing a smartphone. For Question 2, the answer is True because the speaker grille is not visible. The quality of the image is rated 0.8 because the image is clear and well-lit, with a shallow depth of field that focuses on the phone and its case."}, {"ans": [true, true, 0.8], "reasoning": "The image depicts a motorcycle, which is the main object. The motorcycle is shown in motion on a dirt road, with dust and debris flying around it. The speedometer is not visible in the image, as it is likely obscured by the rider's body or the motorcycle's frame. The image is of high quality, with good resolution and detail, but the visibility of the speedometer is compromised due to the angle and the presence of the rider. Therefore, the answer to Question 1 is True, as the image is showing a motorcycle. The answer to Question 2 is also True, as the speedometer is not visible. The quality of the image is rated 0.8, as it is clear and well-defined, but the absence of a clear view of the speedometer does not affect this rating."}, {"ans": [true, false, 0.9], "reasoning": "The image clearly shows a violin bow alongside a violin. The bow is visible with its hair intact and visible, indicating that the hair is not missing. The quality of the image is high, with clear details of the instrument and the bow. The slight decrease in quality score is due to the fabric background having some shine and texture that might be considered distracting, but it does not affect the visibility of the main objects."}, {"ans": [true, false, 0.9], "reasoning": "The image shows a large, ornate birdcage hanging from the ceiling of a porch. The birdcage is the main object in the image and is clearly visible. Inside the birdcage, there are several birds and what appears to be a perch. The presence of the perch inside the birdcage indicates that it is not missing. Therefore, the answer to Question 1 is True because the image is showing a birdcage. The answer to Question 2 is False because the perch is visible inside the birdcage. The quality of the image is rated 0.9, as it is clear and well-lit, with no significant issues affecting the visibility of the main object or its components."}, {"ans": [true, false, 0.9], "reasoning": "The image shows a statue of a woman with intricate details, including a head with a face. The statue is made of white marble and is placed in a setting with marble columns. The head is present and visible, indicating that it is not missing. The image is of high quality, with clear details of the statue and its surroundings."}, {"ans": [true, false, 1.0], "reasoning": "The image is showing a large teddy bear sitting on a bed with a quilted comforter. The teddy bear has a visible nose, so it is not missing. The image is clear and well-lit, showing the details of the teddy bear and the bedding. The quality of the image is high, with no visible distortions or issues that would detract from the overall clarity."}, {"ans": [true, false, 1.0], "reasoning": "The image shows a sneaker, which is the main object. The laces are visible, so they are not missing or invisible."}, {"ans": [true, false, 0.9], "reasoning": "The image clearly shows a refrigerator with its doors open, revealing the interior. The refrigerator is stocked with various items, and the door shelves are visible on the left door. The presence of the refrigerator is evident, so the answer to the first question is True. For the second question, the door shelves are visible on the left door, so they are not missing or invisible, making the answer False. The image is of high quality, with clear details of the refrigerator and its contents, so the quality score is 0.9."}, {"ans": [true, false, 0.9], "reasoning": "The image depicts a group of people gathered around a campfire in a forest setting. The campfire is clearly visible, with flames and embers present. Therefore, the answer to Question 1 is True, as the image is showing a campfire. For Question 2, since the flames are visible, the answer is False, indicating that the flames are not missing or not visible. The quality of the image is rated 0.9, as it is clear and well-defined, with no significant issues affecting the visibility of the main elements."}, {"ans": [true, false, 0.9], "reasoning": "The image clearly shows a drinking fountain with water flowing from it, so the main object is present. The water is visible and flowing, so it is not missing. The image is well-lit and in focus, with a clear view of the drinking fountain, indicating a high quality image."}, {"ans": [true, false, 0.9], "reasoning": "The image is showing a revolver with a visible trigger guard. The revolver is the main object in the image, and it is clearly visible. The trigger guard is also visible, which means it is not missing or invisible. The quality of the image is high, with clear details of the revolver and its components. The only reason for a quality score less than 1 is the slight shadow and fabric texture, but it does not affect the visibility of the key elements."}, {"ans": [true, false, 0.9], "reasoning": "The image is a detailed illustration of a compass rose, which is prominently displayed in the center. The compass rose is adorned with various elements and is surrounded by a map. The north arrow is clearly visible within the compass rose, indicating the direction. The image is of high quality, with intricate details and vibrant colors, although the quality score is not 1 due to the aged appearance of the map, which might suggest some wear and tear."}, {"ans": [true, false, 0.9], "reasoning": "The image depicts a futuristic cityscape with numerous tall, sleek buildings that can be classified as skyscrapers. The presence of these structures directly answers the first question, confirming that the image is indeed showing skyscrapers. For the second question, upon closer inspection, it is evident that many of the skyscrapers have visible windows or window-like features, indicating that windows are not missing or invisible. The overall quality of the image is high, with clear details and a well-rendered futuristic environment. The score of 0.9 reflects the high quality, with the deduction from 1 likely due to minor aspects such as slight loss of detail in very bright or reflective areas."}, {"ans": [true, true, 0.8], "reasoning": "The image depicts a conductor standing on a stage, facing away from the camera, with his right arm raised. He is dressed in a black suit and appears to be leading an orchestra. The presence of the conductor and the orchestra indicates that the image is related to a musical performance. The conductor's raised hand suggests he is actively conducting. There is no visible baton in the conductor's hand, which is raised and open. The image is clear and well-lit, focusing on the conductor and the orchestra, suggesting a high-quality capture of the scene. The absence of a baton in the conductor's hand means it is either missing or not visible."}, {"ans": [true, false, 0.9], "reasoning": "The image shows a soccer field with two goals, one on the left and one on the right. The goal on the left has a visible crossbar, while the goal on the right is partially visible but also appears to have a crossbar. The presence of the goals and the soccer field indicates that the main object is indeed a soccer goal. Therefore, the answer to Question 1 is True. For Question 2, since the crossbar is visible on the left goal and partially visible on the right, it is not missing or not visible. Hence, the answer to Question 2 is False. The image quality is rated 0.9 because it is clear and well-lit, allowing for easy identification of the soccer goals and their components."}, {"ans": [true, false, 0.9], "reasoning": "The image shows a microscope with lenses visible in the center of the image. The lenses are attached to the microscope's body and appear to be in place. The image is clear and well-lit, allowing for a good view of the microscope and its components. The quality of the image is high, with a score of 0.9 out of 1. The presence of lenses is confirmed, so the answer to question 2 is False."}]