[{"ans": [true, true, 1.0], "reasoning": "The image shows a sailboat on the water. The main object, the sailboat, is clearly visible. The sails are not visible, indicating they are either missing or not deployed. The image is clear and of high quality, with no visible artifacts or distortions."}, {"ans": [true, false, 1.0], "reasoning": "The image clearly shows a bicycle, so the answer to the first question is True. The chain is visible and appears to be intact, so the answer to the second question is False. The image is of high quality, with no visible artifacts, blurring, or other issues that would affect the quality score."}, {"ans": [true, false, 0.95], "reasoning": "The image is showing a cat, so the answer to the first question is True. The whiskers are clearly visible on the cat's face, so the answer to the second question is False. The image is of high quality, with clear details and no visible artifacts or distortions, so the quality score is 0.95. The slight deduction from 1 is due to the background being slightly blurred, but this does not affect the main subject, the cat."}, {"ans": [true, true, 0.9], "reasoning": "The image depicts a stone structure with an arched entrance, resembling a castle gatehouse. The presence of stone walls and an archway suggests a fortified entrance, which is consistent with the definition of a castle. However, there are no visible gates in the image. The quality of the image is generally high, with clear details and no significant artifacts or distortions. The score of 0.9 is due to the slight unevenness in the grass and the shadow cast by the structure, but these do not significantly impact the overall clarity of the image."}, {"ans": [true, false, 0.95], "reasoning": "The image clearly depicts a hot-air balloon with a visible basket. The balloon is centered in the frame, and the basket is attached to it by ropes. The image is well-lit, with a clear view of the balloon and its surroundings. The quality of the image is high, with no visible artifacts or distortions. The only reason the quality score is not 1 is due to the slight gradient effect in the sky, which could be considered a minor processing artifact."}, {"ans": [true, false, 1.0], "reasoning": "The image clearly shows a turtle with a visible shell on a sandy beach. The turtle is centered in the image, and its shell is fully visible. The image is sharp and well-lit, with no visible artifacts or distortions. Therefore, the answer to Question 1 is True, as the image is showing a turtle. The answer to Question 2 is False, as the shell is not missing or invisible. The quality of the image is rated 1.0, as it is clear and well-defined, with no noticeable issues."}, {"ans": [true, false, 1.0], "reasoning": "The image clearly shows a train at a station, indicating that the main object is indeed a train. The train's wheels are visible, as they are on the tracks, so they are not missing or invisible. The image is clear and well-lit, with no visible artifacts or distortions, hence the quality score is 1.0."}, {"ans": [true, false, 1.0], "reasoning": "The image clearly shows a pair of eyeglasses with lenses. The lenses are visible and not missing, so the answer to the second question is False. The image is of high quality, with clear details and no visible artifacts or distortions, so the quality score is 1.0."}, {"ans": [true, false, 1.0], "reasoning": "The image shows a fountain pen with a visible nib, indicating that the main object is indeed a fountain pen. The nib is clearly visible, so it is not missing or invisible. The image is of high quality, with no visible artifacts, blurring, or other issues that would affect the quality score."}, {"ans": [true, true, 0.95], "reasoning": "The image shows an umbrella without a canopy. The main object, an umbrella, is present. The canopy is missing, so it is not visible. The image is clear and well-lit, with no visible artifacts or distortions that would affect the quality. The quality score is 0.95 because the image is very clear, but the peeling wall in the background slightly decreases the quality."}, {"ans": [true, false, 1.0], "reasoning": "The image clearly shows a white airplane on a tarmac, with a cloudy sky in the background. The airplane is fully visible, including its wings, tail, and engines. The image is sharp and well-defined, with no visible artifacts or distortions. Therefore, the answer to Question 1 is True, as the image is showing an airplane. The answer to Question 2 is False, as the wings are visible. The quality of the image is rated 1, as it is clear and well-defined."}, {"ans": [true, false, 1.0], "reasoning": "The image clearly shows a desk lamp with a brass finish, positioned over an open book on a wooden table. The lamp is the main object and is present, so the answer to the first question is True. The bulb is visible inside the lamp, hanging from a chain, so it is not missing or invisible, making the answer to the second question False. The image is sharp and clear, with no visible artifacts or distortions, so the quality is rated as 1."}, {"ans": [true, false, 1.0], "reasoning": "The image clearly shows an electric guitar with a visible neck. The guitar is centered in the image, and its details are well-defined, indicating a high-quality image. The neck is present and visible, extending from the body of the guitar."}, {"ans": [true, false, 1.0], "reasoning": "The image clearly shows a fish with visible fins swimming in water. The fins are present and visible, so they are not missing or not visible. The image is of high quality with clear details and no visible artifacts or distortions."}, {"ans": [true, false, 1.0], "reasoning": "The image depicts a small brick house with a gable roof, situated in a field. The house is centered in the frame and appears to be a cottage. The roof is visible and intact, with a chimney on one side. The image is clear and well-defined, with no visible artifacts or distortions. The overall quality of the image is high."}, {"ans": [true, true, 0.9], "reasoning": "The image shows a vintage car with a red interior and silver exterior, prominently displayed in the foreground. The windshield is not visible as it is raised and folded back, indicating that it is missing or not visible. The image is clear and well-focused, capturing the details of the car's interior and the surrounding crowd at an outdoor event. The quality of the image is high, with no noticeable artifacts or distortions, thus rated 0.9."}, {"ans": [true, false, 0.95], "reasoning": "The image clearly shows a keyboard with a visible spacebar, which is illuminated. The presence of the keyboard and its details, such as the keys and the cable, are evident. The spacebar is not missing or invisible; it is present and visible. The image quality is high, with clear details and no significant artifacts or distortions, though there is a slight shadow effect that does not detract from the overall clarity."}, {"ans": [true, false, 0.9], "reasoning": "The image clearly depicts an owl perched on a tree branch against a night sky with a full moon. The owl is detailed and has feathers visible across its body, indicating that the feathers are not missing. The image is of high quality, with clear details and no visible artifacts or distortions that would detract from the overall clarity. The only reason it is not rated 1 is due to a slight texture or grain that can be seen upon close inspection, suggesting it might be a digital artwork or edited image."}, {"ans": [true, true, 0.95], "reasoning": "The image shows a leather-bound book with blank pages visible. The book is the main object, and it is clearly visible on a wooden table. The pages are blank and appear to be made of a smooth material, possibly paper or cardstock. The image is well-lit and has a clear focus on the book, with no visible artifacts or distortions. The quality of the image is high, with a score of 0.95 out of 1. The pages are visible but blank, so the answer to the second question is True, as the pages are not missing but are not visible in the sense that they contain no content or text."}, {"ans": [true, false, 0.95], "reasoning": "The image clearly depicts a lighthouse, which is the main object in question. The lighthouse is standing on a rocky cliff with a cloudy sky in the background, and it appears to be intact and well-defined. The lamp is visible and lit, indicating that it is not missing. The image quality is high, with clear details of the lighthouse and its surroundings. The only reason for not giving it a perfect score is the slight presence of clouds, which might slightly affect the clarity of the image, but not significantly. Therefore, the quality score is 0.95."}, {"ans": [true, false, 1.0], "reasoning": "The image clearly shows an armchair with a light-colored fabric and visible wooden legs. The chair is positioned on a patterned rug, and the legs are visible, indicating that they are not missing. The image is well-lit and clear, with no visible artifacts or distortions that would affect the quality."}, {"ans": [true, true, 0.9], "reasoning": "The image clearly shows a deer standing in a forest, so the answer to the first question is True. The deer appears to be a female or a young male as there are no visible antlers, so the answer to the second question is True. The image is of high quality with clear details and natural colors, but the quality score is slightly reduced to 0.9 due to a slight softness in the background."}, {"ans": [true, false, 1.0], "reasoning": "The image shows an envelope with a visible flap, so the main object is present. The flap is visible, so it is not missing or not visible. The image is clear and of high quality, with no visible artifacts or distortions."}, {"ans": [true, true, 1.0], "reasoning": "The image clearly shows a wall clock on a white wall above a wooden mantle. The clock face is white with black hands and lacks numbers, making it a wall clock without numbers. Therefore, the answer to Question 1 is True. For Question 2, the numbers are indeed missing, so the answer is True. The image is of high quality with no visible artifacts, blurring, or unnatural colors, hence the quality score is 1.0."}, {"ans": [true, false, 1.0], "reasoning": "The image clearly shows a person wearing a space suit, which includes a helmet. The space suit is white with red accents and is floating in a pool of water. The helmet is visible and appears to be securely attached to the suit. The image is of high quality, with clear details and no visible artifacts or distortions."}, {"ans": [true, false, 1.0], "reasoning": "The image clearly depicts a windmill with visible blades standing in a field of wheat. The windmill is the main object in the image, and it is shown with its blades intact and visible. The image is of high quality, with clear details and no visible artifacts or distortions."}, {"ans": [true, true, 1.0], "reasoning": "The image is showing a large tree without leaves. The main object, a tree, is present in the image. The leaves are not visible on the tree, so they are considered missing. The image is clear and well-defined, with no visible artifacts or distortions, hence the quality is rated as 1."}, {"ans": [true, true, 1.0], "reasoning": "The image shows a yellow school bus, which is a type of bus. The bus is parked in front of a building, and its side is visible. The doors of the bus are not visible, as they are on the left side of the bus, which is partially cut off from the image. Therefore, the answer to the first question is True, as the image is showing a bus. The answer to the second question is also True, as the doors are not visible in the image. The quality of the image is 1, as it is clear and well-defined, with no visible artifacts or distortions."}, {"ans": [true, true, 1.0], "reasoning": "The image is showing a laptop with its screen closed, so the main object (laptop) is present. The screen is not visible as it is closed, so it is considered missing or not visible. The image is clear and of high quality, with no visible artifacts or distortions."}, {"ans": [true, true, 1.0], "reasoning": "The image clearly shows a trumpet lying on a red velvet fabric. The trumpet is visible and identifiable, answering the first question as True. Upon closer inspection, it is evident that the mouthpiece is not attached to the trumpet, thus it is missing, answering the second question as True. The image is of high quality with no visible artifacts, blurring, or other issues that would detract from its clarity or the visibility of the trumpet."}, {"ans": [true, false, 1.0], "reasoning": "The image clearly depicts a robot with a head in a laboratory setting. The robot is white with a humanoid face and visible mechanical parts. The head is present and visible, so the answer to the second question is False. The image is of high quality with no visible artifacts or distortions, hence the quality score is 1.0."}, {"ans": [true, true, 1.0], "reasoning": "The image shows a cylindrical object, likely a candle, on a silver tray. The object is beige and glossy, consistent with the appearance of a candle. There is no visible wick on the top surface of the candle. The image is clear and well-lit, with no visible artifacts or distortions that would affect the quality. Therefore, the answer to Question 1 is True because the image is showing a candle. The answer to Question 2 is True because the wick is not visible. The quality of the image is rated 1.0 because it is clear and well-lit, with no visible issues."}, {"ans": [true, false, 1.0], "reasoning": "The image shows a pizza with various toppings, including tomatoes and basil leaves. The presence of a crust and toppings indicates that it is a pizza. For Question 1, the image is showing a pizza, so the answer is True. For Question 2, the cheese is visible on the pizza, so the answer is False. The image is clear and well-defined, with no visible artifacts or distortions, so the quality score is 1.0."}, {"ans": [true, false, 1.0], "reasoning": "The image shows a DSLR camera body with a lens attached to it, mounted on a stand. The camera is clearly visible and appears to be in good condition. The lens is also visible and appears to be attached to the camera body. The image is sharp and well-lit, with no visible artifacts or distortions. Therefore, the answer to Question 1 is True, as the image is showing a DSLR camera. The answer to Question 2 is False, as the lens is visible and attached to the camera body. The quality of the image is rated 1.0, as it is clear and well-defined, with no visible issues."}, {"ans": [true, false, 1.0], "reasoning": "The image clearly shows a grand piano on a stage in a large auditorium. The piano is positioned in the foreground, and its keys are visible. The image is well-lit and has no visible artifacts or distortions. Therefore, the answer to Question 1 is True because the image is showing a piano. The answer to Question 2 is False because the keys are visible. The quality of the image is rated as 1 because it is clear and well-rendered, with no noticeable issues."}, {"ans": [true, false, 1.0], "reasoning": "The image clearly shows a paintbrush with bristles next to a palette of paints. The paintbrush is the main object and is visible with its bristles intact. Therefore, the answer to Question 1 is True because the image is showing a paintbrush. The answer to Question 2 is False because the bristles are visible and not missing. The quality of the image is rated 1.0 because it is clear and well-defined, with no visible artifacts or distortions."}, {"ans": [true, false, 1.0], "reasoning": "The image clearly shows a watch with a strap. The watch face is visible and the strap is attached to it. The strap is also clearly visible, so it is not missing or not visible. The image is of high quality, with no visible artifacts, blurring, or other issues that would affect the quality score."}, {"ans": [true, false, 0.95], "reasoning": "The image clearly shows a person with their mouth open, displaying their teeth and tongue. The presence of a mouth is evident, so the answer to the first question is True. The tongue is visible inside the mouth, so it is not missing or invisible, making the answer to the second question False. The image is of high quality, with clear details and no visible artifacts or distortions, so the quality score is 0.95."}, {"ans": [true, false, 0.9], "reasoning": "The image clearly shows a motorcycle, so the answer to the first question is True. The handlebars are visible in the image, so the answer to the second question is False. The image is well-lit and has no visible artifacts or distortions, so the quality score is 0.9. The slight reduction in quality score is due to the slight reflection and shadow on the ground, but it does not significantly impact the overall clarity of the image."}, {"ans": [true, false, 1.0], "reasoning": "The image is clearly showing a vintage television set on a wooden cabinet. The television has a visible screen, although it is not displaying any content. The image is well-lit and has no visible artifacts or distortions. Therefore, the answer to the first question is True because the main object, a television, is present. The answer to the second question is False because the screen is visible. The quality of the image is rated 1.0 because it is clear and well-rendered with no noticeable issues."}, {"ans": [true, false, 1.0], "reasoning": "The image clearly shows a white goat standing on a rocky outcrop, with two visible horns on its head. The goat is centered in the frame, and its features are well-defined, indicating a high-quality image. The presence of horns is evident, so they are not missing or invisible."}, {"ans": [true, false, 1.0], "reasoning": "The image clearly shows a red sneaker with white laces on a wooden surface in front of gray lockers. The sneaker is the main object and is visible and clear. The laces are present and visible, threaded through the eyelets and tied. The image is sharp and well-lit, with no visible artifacts, blurring, or other issues that would detract from its quality. Therefore, the answer to Question 1 is True because the image is showing a sneaker. The answer to Question 2 is False because the laces are not missing or not visible; they are clearly visible. The quality of the image is rated as 1 because it is clear and well-defined, with no issues that would reduce its quality."}, {"ans": [true, false, 1.0], "reasoning": "The image clearly shows a green frog sitting on a lily pad, with its body and legs visible. The frog's eyes are clearly visible, indicating that they are not missing. The image is sharp and well-defined, with no visible artifacts or distortions that would affect its quality. Therefore, the answer to Question 1 is True, as the image is showing a frog. The answer to Question 2 is False, as the eyes are visible. The quality of the image is rated as 1.0, indicating that it is of high quality."}, {"ans": [true, false, 1.0], "reasoning": "The image is showing a mug with a handle, so the main object is present. The handle is visible, so it is not missing. The image is clear and of high quality, with no visible artifacts or distortions."}, {"ans": [true, false, 1.0], "reasoning": "The image clearly shows a saxophone with its keys visible, indicating that the keys are not missing or invisible. The image is of high quality with no visible artifacts, blurring, or other issues that would detract from its clarity."}, {"ans": [true, false, 1.0], "reasoning": "The image clearly shows a skateboard with wheels. The skateboard is positioned on a brick surface, and all four wheels are visible. The image is well-lit and in focus, with no visible artifacts or distortions that would affect the quality."}, {"ans": [true, false, 1.0], "reasoning": "The image shows a black fedora hat on a stand. The hat is clearly visible and has a brim, which is not missing or invisible. The image is of high quality with no visible artifacts, blurring, or other issues that would affect the assessment."}, {"ans": [true, false, 0.95], "reasoning": "The image shows a motorcycle helmet on a workbench. The helmet is black with a clear visor that is currently up. The visor is visible and not missing. The image is clear and well-lit, with no visible artifacts or distortions that would affect the quality. The main object, the motorcycle helmet, is clearly visible. The quality score is 0.95 because the image is very clear and well-composed, with proper lighting and no noticeable issues."}, {"ans": [true, false, 1.0], "reasoning": "The image clearly shows a bedframe with a wooden structure and ornate details. The bedframe is present, so the answer to the first question is True. The mattress is not present, but there are slats visible, indicating that the mattress is not there, so it is missing. However, the question asks if the mattress is missing or not visible. Since the absence of a mattress is evident and it's not just hidden from view, the correct interpretation is that the mattress is indeed missing. Therefore, the answer to the second question is False because the mattress is not just not visible, it's actually missing. The image is of high quality with clear details and no visible artifacts or distortions, so the quality score is 1."}, {"ans": [true, false, 1.0], "reasoning": "The image depicts a clock tower with two visible clock faces. The main object, a clock tower, is present in the image. Therefore, the answer to Question 1 is True. For Question 2, since the clock face is visible on at least one side, the answer is False. The image is clear and well-defined, with no visible artifacts or distortions, so the quality score is 1.0."}, {"ans": [true, false, 0.95], "reasoning": "The image clearly shows a pocket watch with visible hands. The pocket watch is centered in the image, and its details are well-defined. The hands of the watch are clearly visible, indicating the time. The image quality is high, with no noticeable artifacts or blurring that would affect the visibility of the main object or its details. The quality score is 0.95 because the image is very clear and detailed, with only a slight potential deduction for the background's slight shadowing, but this does not impact the main subject."}, {"ans": [true, false, 0.95], "reasoning": "The image clearly shows a bicycle leaning against a stone wall. The bicycle is red with black handlebars and seat, and it has two wheels with spokes. The pedals are visible and appear to be attached to the crankset. The image is well-lit and in focus, with no visible artifacts or distortions that would detract from its quality. The only reason the quality score is not 1 is because of the slight speckling on the dark asphalt surface below the bicycle."}, {"ans": [true, false, 0.9], "reasoning": "The image is a portrait of a woman with visible eyes. The main object, the woman, is clearly depicted. The eyes are present and visible, so they are not missing. The image quality is high, with clear details and no significant artifacts, though it has a slightly painted or digital art style which might slightly reduce its realism."}, {"ans": [true, false, 0.9], "reasoning": "The image shows a grand piano on a stage with its lid open, illuminated by spotlights. The hammers inside the piano are visible through the open lid. The image is clear and well-lit, with no visible artifacts or distortions that would affect the quality. Therefore, the answer to Question 1 is True because the image is showing a grand piano. The answer to Question 2 is False because the hammers are visible inside the piano. The quality of the image is rated 0.9 because it is clear and well-composed, with proper lighting that highlights the piano without causing any visual discomfort or distortion."}, {"ans": [true, true, 0.9], "reasoning": "The image depicts a sailing ship with two masts and rigging, indicating it is a sailing vessel. However, there are no sails visible on the masts. The image is clear and well-rendered, showing detailed textures and a realistic depiction of the sea and sky. The quality is high, with no noticeable artifacts or distortions that would detract from the overall image. The main object, the sailing ship, is clearly visible and well-defined."}, {"ans": [true, false, 1.0], "reasoning": "The image shows a large tree with a wide canopy and visible leaves, set against a clear blue sky with some clouds. The tree appears to be an oak tree, as it matches the general description of an oak tree. The leaves are clearly visible on the branches, indicating that they are not missing. The image is of high quality, with no visible artifacts, blurring, or unnatural colors. The main object, the oak tree, is clearly visible and well-defined."}, {"ans": [true, false, 0.95], "reasoning": "The image depicts a charming stone cottage with a brown tiled roof and a chimney, surrounded by trees and vines. The cottage is clearly visible, and its main features are discernible. The door is present and visible, answering the first question affirmatively. For the second question, since the door is visible, the answer is false. The image quality is high, with clear details and natural colors, hence a quality score of 0.95. The slight deduction from 1 is due to the subtle mistiness in the background, which is not significant enough to impair the visibility of the main object."}, {"ans": [true, false, 1.0], "reasoning": "The image clearly shows a passenger jet on a runway. The wings are visible and appear to be intact, with the engines mounted on them. The overall quality of the image is high, with clear details and no visible artifacts or distortions."}, {"ans": [true, true, 1.0], "reasoning": "The image clearly shows a wristwatch with a white face and brown leather strap, placed in a brown leather box. The watch face has hour markers in the form of lines, but it does not have numbers. Therefore, for Question 1, the answer is True because the image is showing a wristwatch. For Question 2, the answer is True because the numbers are indeed missing from the wristwatch face. The image is of high quality, with clear details and no visible artifacts or distortions, so the quality score is 1.0."}, {"ans": [true, true, 1.0], "reasoning": "The image shows a pizza with a red sauce and basil leaves on top. The crust is visible and appears to be cooked. There is no visible cheese on the pizza. The image is clear and well-lit, with no visible artifacts or distortions. The quality of the image is high."}, {"ans": [true, true, 0.8], "reasoning": "The image is showing traffic signals. There are six traffic signals visible in the image, and they appear to be pedestrian signals. The lights on the traffic signals are not visible, as they are not illuminated. The image quality is generally good, with clear details of the traffic signals and the surrounding environment. However, the bright light in the background may be causing some overexposure, which slightly reduces the quality score."}, {"ans": [true, false, 1.0], "reasoning": "The image clearly shows a skateboard with a rainbow-colored deck and yellow wheels. The skateboard is positioned on a concrete surface, and the wheels are visible and not missing. The image is well-lit, and there are no visible artifacts or distortions that would affect the quality. Therefore, the answer to Question 1 is True, as the image is showing a skateboard. The answer to Question 2 is False, as the wheels are not missing or invisible. The quality of the image is rated 1.0, as it is clear and well-defined."}, {"ans": [true, false, 0.95], "reasoning": "The image clearly shows a chessboard with pieces on it, so the answer to the first question is True. The black pieces are visible on the chessboard, so the answer to the second question is False. The image is of high quality, with clear details and no visible artifacts or distortions, so the quality score is 0.95. The slight deduction from 1 is due to the fact that the chessboard squares have some wear and tear visible, but it does not significantly impact the overall clarity of the image."}, {"ans": [true, true, 1.0], "reasoning": "The image is showing a red Ferrari sports car in a well-lit room. The car is clearly visible and appears to be in pristine condition. For Question 1, the image is indeed showing a sports car, so the answer is True. For Question 2, the brakes are not visible as the image does not show the brake components directly, and the wheels are the main visible part related to braking. Therefore, the answer is True because the brakes are not directly visible. The image quality is high, with clear details and no visible artifacts or distortions, so the quality score is 1.0."}, {"ans": [true, true, 1.0], "reasoning": "The image clearly shows an open book on a wooden table. The pages are blank, indicating there is no text visible. The image is sharp and well-lit, with no visible artifacts or distortions. The main object, the book, is clearly visible and centered in the image. Therefore, the answer to the first question is True because the image is showing a book. The answer to the second question is True because the text is not visible on the pages of the book. The quality of the image is rated 1.0 because it is clear and well-defined, with no noticeable issues."}, {"ans": [true, false, 1.0], "reasoning": "The image clearly shows a computer tower with its side panel removed, revealing the internal components. The fans are visible and illuminated with purple lights, indicating that they are present and not missing. The image is of high quality, with clear details and no visible artifacts or distortions."}, {"ans": [true, false, 1.0], "reasoning": "The image clearly depicts a scarecrow standing in a wheat field. The scarecrow is wearing a plaid shirt, jeans, and a straw hat, and its arms are outstretched and visible. The image is sharp and well-lit, with no visible artifacts or distortions. Therefore, the answer to Question 1 is True because the image is showing a scarecrow. The answer to Question 2 is False because the arms of the scarecrow are visible. The quality of the image is rated as 1.0 because it is clear and well-defined, with no noticeable issues."}, {"ans": [true, true, 0.9], "reasoning": "The image depicts a man in armor, which is consistent with the representation of a knight. The main object in the image is indeed a knight. Therefore, the answer to the first question is True. The knight is not holding a sword, and there is no visible sword on his belt or anywhere else on him. Thus, the sword is missing or not visible, making the answer to the second question True. The image is of high quality, with clear details and no visible artifacts or distortions that would significantly impact the perception of the main subject. The quality score is 0.9 because the image is very detailed and clear, but there might be a slight reduction due to the digital painting style which might not be as crisp as a photograph."}, {"ans": [true, false, 1.0], "reasoning": "The image clearly shows a teapot with a handle, spout, and lid, placed on a bamboo mat. The teapot is white with a floral design. The handle is visible on the right side of the teapot. The image is sharp and well-lit, with no visible artifacts or distortions. Therefore, the answer to Question 1 is True because the image is showing a teapot. The answer to Question 2 is False because the handle is not missing and is visible. The quality of the image is rated 1.0 because it is clear and well-defined, with no noticeable issues."}, {"ans": [true, false, 0.95], "reasoning": "The image clearly shows a basketball hoop with a net. The basketball is going through the hoop, and the net is visible and not missing. The image is sharp and clear, with no visible artifacts or distortions that would affect the quality. The only reason for not giving it a perfect score is the slight wear and tear visible on the backboard, but it does not significantly impact the overall quality."}, {"ans": [true, false, 1.0], "reasoning": "The image is showing a dining table setting with plates, cutlery, and glasses. The main object, the dining table, is present. The glasses are visible on the table, so they are not missing. The image is clear and well-lit, with no visible artifacts or distortions, hence the quality is rated as 1."}, {"ans": [true, false, 0.95], "reasoning": "The image clearly shows a typewriter on a wooden table, with papers around it. The typewriter is the main object and is visible in detail. The ribbon is visible and appears to be in place, indicating that it is not missing. The image is of high quality, with clear details and no visible artifacts or distortions. The slight decrease in quality score is due to minor wear on the wooden table, but this does not affect the main object or the overall clarity of the image."}, {"ans": [true, true, 0.95], "reasoning": "The image is showing a winter jacket. The jacket is hanging on a hanger and is clearly visible. The jacket is a puffer jacket with a fur-lined hood, and it is beige in color. The jacket is fastened with buttons down the front, and there is no visible zipper. Therefore, the answer to Question 1 is True because the image is showing a winter jacket. The answer to Question 2 is True because the zipper is not visible on the jacket. The quality of the image is rated as 0.95 because it is clear and well-lit, with no visible artifacts or distortions."}, {"ans": [true, false, 1.0], "reasoning": "The image clearly depicts a sunflower, so the answer to the first question is True. The seeds are visible on the sunflower, so the answer to the second question is False. The image is of high quality, with clear details and no visible artifacts or distortions, so the quality score is 1.0."}, {"ans": [true, false, 0.9], "reasoning": "The image clearly shows an elephant, so the answer to the first question is True. The trunk of the elephant is visible and not missing, so the answer to the second question is False. The image is of high quality with clear details of the elephant and its surroundings, but the quality score is not 1 due to slight haziness in the background."}, {"ans": [true, true, 1.0], "reasoning": "The image clearly shows a rowboat floating on a lake, with its bow facing the camera. The boat is empty and does not have any oars visible inside it or around it. The image is of high quality, with clear details and no visible artifacts or distortions. The main object, the rowboat, is clearly visible and well-defined."}, {"ans": [true, false, 0.95], "reasoning": "The image clearly depicts a snowman with a hat and scarf, indicating that it is indeed showing a snowman. The snowman has a face with eyes, a nose, and a mouth, but it does not have buttons. However, the question only asks if the image is showing a snowman, which it is. Therefore, the answer to the first question is True. For the second question, the snowman does not have buttons, so they are missing. However, the question asks if the buttons are missing or not visible, and since they are not present, the answer is False. The image is of high quality, with clear details and no visible artifacts or distortions. The quality score is 0.95, indicating a very good image."}, {"ans": [true, true, 1.0], "reasoning": "The image is showing a fountain pen on top of a notebook. The pen has a clear ink reservoir, and upon closer inspection, it appears to be empty or nearly empty, as there is no visible ink inside. The image is of high quality, with clear details and no visible artifacts or distortions."}, {"ans": [true, false, 1.0], "reasoning": "The image is showing a paintbrush with bristles, so the answer to the first question is True. The bristles are visible, so the answer to the second question is False. The image is clear and well-defined, with no visible artifacts or distortions, so the quality score is 1.0."}, {"ans": [true, false, 1.0], "reasoning": "The image clearly shows a pair of eyeglasses with round lenses and a gold frame, resting on a piece of paper with text. The temples of the eyeglasses are visible, extending from the frame. The image is sharp and well-lit, with no visible artifacts or distortions. The quality of the image is high, with a score of 1. For question 1, the image is showing eyeglasses, so the answer is True. For question 2, the temples are visible, so the answer is False."}, {"ans": [true, true, 0.9], "reasoning": "The image clearly shows a person holding an umbrella while walking down a city street on a rainy day. The umbrella is visible and appears to be in use, as it is raining and the person is using it for protection. The ribs of the umbrella are not clearly visible, likely due to the angle and the rain on the umbrella's surface. The image is of high quality, with clear details of the scene, although there is a slight blur in the background due to the rain. The overall visibility of the main object (the umbrella) is good, and there are no significant artifacts or distortions that would detract from the image quality."}, {"ans": [true, false, 0.95], "reasoning": "The image is showing a wristwatch with a visible face and hour markers. The watch is displayed under a glass dome, and the image is clear and well-lit. The hour markers are visible on the watch face, so they are not missing. The quality of the image is high, with no visible artifacts or distortions, but the reflection on the glass dome slightly reduces the quality score to 0.95."}, {"ans": [true, false, 0.9], "reasoning": "The image clearly shows a camping tent in a grassy field. The tent is partially set up, with its fabric visible and ropes extended to stakes in the ground. The poles are visible and appear to be holding up the tent's structure, although one section of the tent fabric is sagging. The image is sharp and well-lit, with natural colors and no visible artifacts or distortions that would detract from its quality. The main object, the camping tent, is present and identifiable. The poles are visible, indicating they are not missing."}, {"ans": [true, false, 1.0], "reasoning": "The image clearly depicts a cuckoo clock with intricate carvings and weights hanging below it. The main object, the cuckoo clock, is present and well-defined. The weights are visible and appear to be part of the clock's mechanism. The image is of high quality, with clear details and no visible artifacts or distortions. Therefore, the answer to Question 1 is True, as the image is showing a cuckoo clock. For Question 2, the answer is False because the weights are not missing; they are clearly visible hanging from the clock. The quality of the image is rated 1, as it is clear and well-defined."}, {"ans": [true, true, 1.0], "reasoning": "The image shows a smartphone with its screen facing upwards. The phone is centered in the image and is the main object. The phone's screen is on and displays a white background with black stripes. The phone's edges and buttons are visible, but there is no visible speaker grille on the front or bottom edge of the phone. The image is clear and well-lit, with no visible artifacts or distortions. Therefore, the answer to Question 1 is True, as the image is showing a smartphone. The answer to Question 2 is also True, as the speaker grille is not visible on the smartphone. The quality of the image is rated 1.0, as it is clear and well-lit with no visible artifacts or distortions."}, {"ans": [true, true, 0.95], "reasoning": "The image clearly shows a motorcycle centered on a road. The motorcycle is facing the camera, and its main features such as the headlight, handlebars, and front wheel are visible. There is no visible speedometer on the motorcycle, suggesting it is either missing or not visible. The image is sharp and well-lit, with no noticeable artifacts or distortions that would affect its quality. The overall quality of the image is high, with a score of 0.95 out of 1."}, {"ans": [true, true, 0.95], "reasoning": "The image is showing a violin bow. The bow is lying on a red velvet fabric, and it appears to be a typical violin bow with a wooden stick and metal fittings. The hair of the bow is not visible, suggesting that it is either missing or not visible. The image is clear and well-lit, with no visible artifacts or distortions. The quality of the image is high, with a score of 0.95 out of 1. The only reason for not giving it a perfect score is the slight sparkle on the fabric, which could be considered a minor artifact."}, {"ans": [true, true, 0.95], "reasoning": "The image depicts a large, ornate gold birdcage hanging from a porch ceiling. The birdcage is the main object in the image and is clearly visible. Upon closer inspection, it is evident that there is no perch visible inside the birdcage. The image is of high quality, with clear details and no visible artifacts or distortions. The only reason for not giving it a perfect score is the slight overexposure around the birdcage due to the sunlight, but it does not significantly impact the visibility of the main object or the overall quality."}, {"ans": [true, false, 1.0], "reasoning": "The image is clearly showing a statue of a woman. The statue is intact with its head visible, indicating that the head is not missing. The image is of high quality with clear details and no visible artifacts or distortions."}, {"ans": [true, false, 1.0], "reasoning": "The image clearly shows a teddy bear sitting on a bed. The teddy bear has a visible nose, which is brown in color. The image is of high quality, with clear details and no visible artifacts or distortions. Therefore, the answer to the first question is True, as the image is showing a teddy bear. The answer to the second question is False, as the nose is visible on the teddy bear. The quality of the image is rated 1.0, as it is clear and well-defined."}, {"ans": [true, false, 0.9], "reasoning": "The image clearly shows a pair of sneakers with laces. The sneakers are the main object in the image and are easily identifiable. The laces are visible and appear to be intact, threaded through the eyelets. The image is well-lit and the sneakers are in sharp focus, indicating good image quality. However, there is a slight decrease in quality due to minor artifacts or noise that might be present but are not immediately obvious."}, {"ans": [true, false, 1.0], "reasoning": "The image clearly shows a refrigerator with its doors open, displaying the interior. The main object, the refrigerator, is present and visible. The door shelves are also visible on the left door, so they are not missing or invisible. The image is of high quality, with clear details and no visible artifacts or distortions."}, {"ans": [true, false, 0.9], "reasoning": "The image clearly depicts a group of people sitting around a campfire in a forest. The campfire is the central focus, and it is evident that it is burning with visible flames. Therefore, for Question 1, the answer is True because the image is showing a campfire with flames. For Question 2, the answer is False because the flames are not missing; they are clearly visible. The quality of the image is rated 0.9 because it is clear and well-defined, with no significant artifacts or distortions that detract from the visibility of the campfire or the people around it. The slight decrease from 1 is due to the somewhat surreal lighting and the silhouetted figures, which might be considered slightly unnatural but do not significantly impair the understanding of the scene."}, {"ans": [true, true, 0.9], "reasoning": "The image shows a drinking fountain in a park setting. The fountain is made of metal and has a cylindrical shape with a button on the front and a spout on the side. The image is clear and well-lit, showing the fountain and its surroundings in detail. There is no visible water coming from the fountain, suggesting that it is either turned off or not functioning. The quality of the image is high, with no noticeable artifacts or distortions. Therefore, the answer to Question 1 is True because the image is showing a drinking fountain. The answer to Question 2 is True because the water is not visible from the drinking fountain. The quality score is 0.9 because the image is clear and well-lit, but there are some minor imperfections in the grass and the pavement."}, {"ans": [true, false, 1.0], "reasoning": "The image clearly shows a revolver with a visible trigger guard. The revolver is positioned on a green surface, and its details are well-defined, indicating a high-quality image. The trigger guard is present and visible, surrounding the trigger."}, {"ans": [true, false, 0.9], "reasoning": "The image is a detailed illustration of a compass rose, which is the main object in the image. The compass rose is intricately designed with various elements and is clearly visible. The north arrow is present and visible, pointing upwards. The image is of high quality, with clear lines and details, although there are some minor tears and worn-out edges around the border, which slightly reduces its quality score to 0.9."}, {"ans": [true, false, 0.9], "reasoning": "The image depicts a futuristic cityscape with skyscrapers, so the answer to the first question is True. The skyscrapers have visible windows, so the answer to the second question is False. The image is clear and well-defined, with no visible artifacts or distortions, so the quality score is high at 0.9."}, {"ans": [true, true, 1.0], "reasoning": "The image is showing a conductor standing on a stage, wearing a black tuxedo with a white shirt and bow tie, with his right hand raised in a gesture. The presence of an orchestra behind him and the podium in front of him further confirms that he is a conductor. Therefore, the answer to the first question is True. The conductor's right hand is empty and raised, and his left hand is resting on the podium, with no visible baton. Thus, the baton is either missing or not visible, making the answer to the second question True. The image is clear, well-lit, and there are no visible artifacts or distortions, so the quality score is 1.0."}, {"ans": [true, true, 0.95], "reasoning": "The image depicts a soccer field with a goal visible in the foreground. The goal is represented by two white posts, indicating that it is a soccer goal. However, the crossbar is not visible, suggesting that it is either missing or not visible from the given perspective. The image is clear and well-defined, with no noticeable artifacts or distortions that would affect its quality. Therefore, the quality of the image is rated as 0.95."}, {"ans": [true, false, 1.0], "reasoning": "The image clearly shows a microscope on a table. The microscope has lenses attached to it, which are visible. The image is sharp and clear, with no visible artifacts or distortions. Therefore, the answer to the first question is True because the main object, a microscope, is present. The answer to the second question is False because the lenses are visible and not missing. The quality of the image is rated 1 because it is clear and well-defined, with no noticeable issues."}]