[{"ans": [true, true, 1.0], "reasoning": "The image shows a sailboat on calm waters with a clear blue sky in the background. The sailboat has its sails furled or possibly covered, indicating they are not in use or not visible. The main object, a sailboat, is present, so the answer to the first question is True. For the second question, the sails are either furled or covered and thus not visible, so the answer is True. The image is clear and of high quality with no visible artifacts, blurring, or other issues, so the quality rating is 1.0."}, {"ans": [true, true, 0.95], "reasoning": "The image clearly shows a bicycle, which is the main object. The bicycle appears to be old and rusty, with a red frame. The chain is not visible, suggesting it is either missing or not visible due to the angle or condition of the bike. The image is clear and well-lit, with no visible artifacts or distortions that would significantly impact the quality. The quality score is 0.95 because the image is sharp and well-defined, with no noticeable issues."}, {"ans": [true, false, 0.95], "reasoning": "The image clearly shows a cat sitting on a windowsill. The cat is the main object and is visible in its entirety. The whiskers of the cat are also visible, indicating that they are not missing. The image is sharp and well-lit, with no noticeable artifacts or distortions that would affect the visibility of the cat or its whiskers. The quality of the image is high, with a score of 0.95 out of 1. The slight deduction in quality score is due to a minor blur in the background, but it does not affect the main subject."}, {"ans": [true, false, 0.9], "reasoning": "The image depicts a large stone castle with a prominent archway and towers, indicating that it is indeed a castle. The presence of a large archway suggests that there are gates, and upon closer inspection, the gates are visible, albeit open. The image is clear and well-defined, with no visible artifacts or distortions that would detract from its quality. Therefore, the answer to Question 1 is True, as the image shows a castle. For Question 2, the answer is False because the gates are visible, even though they are open. The quality of the image is rated 0.9 due to its clarity and lack of noticeable defects."}, {"ans": [true, false, 0.9], "reasoning": "The image is showing a hot-air balloon with a clearly visible basket. The basket is attached to the balloon and is visible in the image. The image is of high quality, with clear details and no visible artifacts or distortions. The only reason for not giving it a perfect score is the slight gradient effect in the sky, which could be considered a minor processing artifact."}, {"ans": [true, false, 1.0], "reasoning": "The image clearly shows a turtle with a visible shell, indicating that the shell is not missing. The turtle is centered in the image, and its features are well-defined, suggesting a high-quality image. There are no visible artifacts, blurring, or other issues that would detract from the image quality."}, {"ans": [true, false, 0.95], "reasoning": "The image is showing a train at a station. The train is clearly visible and appears to be in good condition. The wheels of the train are visible under the train, so they are not missing or not visible. The image is well-lit and there are no visible artifacts or distortions, so the quality is high."}, {"ans": [true, false, 0.95], "reasoning": "The image clearly shows a pair of eyeglasses with lenses. The lenses are visible and not missing. The image is of high quality, with clear details and no visible artifacts or distortions. The slight reflection on the surface does not affect the visibility of the glasses or the lenses. Therefore, the answer to Question 1 is True because the image is showing eyeglasses with lenses. The answer to Question 2 is False because the lenses are not missing or invisible. The quality score is 0.95 due to the high clarity and lack of significant artifacts, though not perfect due to the slight reflection."}, {"ans": [true, false, 0.95], "reasoning": "The image clearly shows a fountain pen with a visible nib, thus answering the first question as true. For the second question, since the nib is visible, it is not missing or not visible, so the answer is false. The image is of high quality with clear details of the pen and its nib, and there are no visible artifacts or distortions that would significantly affect the quality score. The slight discoloration and texture of the paper are consistent with the aged look intended by the image's aesthetic."}, {"ans": [true, true, 0.95], "reasoning": "The image shows an umbrella with its canopy missing. The metal frame of the umbrella is visible, indicating that it is an umbrella. The canopy is not present, so it is considered missing. The image is clear and well-lit, with no visible artifacts or distortions that would affect the quality. Therefore, the quality is rated as 0.95."}, {"ans": [true, false, 1.0], "reasoning": "The image clearly shows a large white airplane on a runway, with its wings visible. The presence of the airplane directly answers Question 1. For Question 2, the wings are clearly visible, so they are not missing or not visible. The image is of high quality, with no visible artifacts, blurring, or other issues that would detract from its clarity."}, {"ans": [true, false, 1.0], "reasoning": "The image is showing a desk lamp with a bulb. The lamp is positioned above an open book on a table, and the bulb is visible inside the lamp's shade. The image is clear and well-lit, with no visible artifacts or distortions. Therefore, the answer to Question 1 is True because the image is showing a desk lamp. The answer to Question 2 is False because the bulb is visible inside the lamp's shade. The quality of the image is rated 1.0 because it is clear and well-lit, with no visible issues."}, {"ans": [true, false, 1.0], "reasoning": "The image clearly shows an electric guitar with a visible neck. The guitar is hanging on a wall, and its body and neck are well-illuminated, making all details visible. The neck is not missing or invisible; it is clearly attached to the body and visible up to the part where it meets the wall. The image is sharp and of high quality, with no visible artifacts, blurring, or other issues that would detract from its quality."}, {"ans": [true, false, 0.95], "reasoning": "The image depicts a fish with visible fins, so the answer to the first question is True. For the second question, the fins are clearly visible, so the answer is False. The image is of high quality, with clear details and no visible artifacts or distortions, so the quality score is 0.95."}, {"ans": [true, false, 1.0], "reasoning": "The image clearly shows a cottage with a roof, surrounded by trees and a field. The roof is visible and appears to be intact, so the answer to the second question is False. The image is of high quality, with clear details and no visible artifacts or distortions, so the quality score is 1.0."}, {"ans": [true, true, 0.9], "reasoning": "The image is showing a car, which is the main object, so the answer to the first question is True. The windshield is not visible as the image is taken from the inside of the car and the windshield is folded back, so the answer to the second question is True. The image is clear and well-lit, showing the interior of the car in detail. The quality of the image is high, with no visible artifacts or blurring, so the quality score is 0.9. The only reason it is not 1 is because the image is slightly overexposed in some areas, causing some loss of detail."}, {"ans": [true, false, 0.95], "reasoning": "The image is showing a transparent keyboard with pink keys and illuminated lights. The main object, the keyboard, is clearly visible. The spacebar is present and visible, indicated by the white key in the middle row. The image is of high quality with clear details and no visible artifacts or distortions that would significantly impact the visibility of the keyboard or its components. The slight decrease in quality score is due to the minor reflection and lighting effects on the surface below the keyboard, but these do not detract from the overall clarity of the image."}, {"ans": [true, false, 0.9], "reasoning": "The image clearly depicts an owl perched on a tree branch under a full moon, with detailed feathers visible across its body. The presence of the owl is evident, and its feathers are not missing or invisible; they are intricately detailed. The image quality is high, with clear details and no visible artifacts or distortions that would detract from the overall quality. The slight deduction in quality score is due to the image being a digital artwork, which might not be considered 'natural' or 'photographic' quality by some standards, but it does not significantly impact the visibility or clarity of the main subject or its features."}, {"ans": [true, true, 0.95], "reasoning": "The image shows a book with a leather cover, but the pages are missing or not visible. The book is lying open on a wooden table, and the interior is empty. The image is clear and well-lit, with no visible artifacts or distortions. The quality of the image is high, with a score of 0.95 out of 1. The main object, the book, is present, so the answer to the first question is True. The pages are missing or not visible, so the answer to the second question is True."}, {"ans": [true, false, 1.0], "reasoning": "The image clearly depicts a lighthouse, which is the main object of interest. The lighthouse is white with a black railing around the top and a lamp is visible inside the glass enclosure. The presence of the lamp indicates that it is not missing. The image is of high quality, with clear details and no visible artifacts or distortions."}, {"ans": [true, false, 1.0], "reasoning": "The image shows a beige armchair with visible wooden legs standing on a patterned rug. The chair is clearly visible and appears to be in a well-lit room with a door and a wall in the background. The legs of the chair are visible, indicating that they are not missing. The image is clear and of high quality, with no visible artifacts or distortions."}, {"ans": [true, true, 0.9], "reasoning": "The image is showing a deer, which is the main object, so the answer to the first question is True. The deer appears to be a female or a young male as there are no visible antlers, so the answer to the second question is True. The image quality is high with clear details and natural lighting, but the score is slightly reduced to 0.9 due to minor artifacts or softness that might not be immediately noticeable."}, {"ans": [true, false, 1.0], "reasoning": "The image shows a white envelope on a marble surface. The envelope is the main object and is clearly visible. The flap of the envelope is visible and appears to be closed, so it is not missing. The image is clear and of high quality, with no visible artifacts or distortions."}, {"ans": [true, true, 1.0], "reasoning": "The image is showing a wall clock, which is the main object. The clock face is white with black hands, and there are no numbers visible on the clock face. The image is clear and well-defined, with no visible artifacts or distortions. The quality of the image is high, with a score of 1.0. For question 1, the answer is True because the image is showing a wall clock. For question 2, the answer is True because the numbers are not visible on the clock face."}, {"ans": [true, false, 1.0], "reasoning": "The image clearly shows a person wearing a white space suit, including a helmet, floating in a swimming pool. The space suit is fully visible, and the helmet is present and visible on the person's head. The image is clear and well-defined, with no visible artifacts or distortions that would affect the quality. The lighting is natural, and the colors are accurate. Therefore, the answer to Question 1 is True because the image is showing a space suit with a helmet. The answer to Question 2 is False because the helmet is not missing; it is clearly visible. The quality of the image is rated as 1 because it is clear and free of significant artifacts or distortions."}, {"ans": [true, false, 1.0], "reasoning": "The image clearly depicts a windmill with blades standing in a field of wheat. The windmill is the main object and is visible in its entirety. The blades are present and clearly visible, indicating that they are not missing. The image is sharp and well-defined, with no visible artifacts or distortions that would detract from its quality. Therefore, the answer to the first question is True, as the image is showing a windmill. The answer to the second question is False, as the blades are not missing or invisible. The quality of the image is rated as 1.0, indicating that it is of high quality."}, {"ans": [true, true, 1.0], "reasoning": "The image clearly shows a large tree without leaves, with the sun shining through its branches. The main object, a tree, is present, so the answer to the first question is True. The leaves are not visible on the tree, so the answer to the second question is also True. The image is of high quality, with clear details and no visible artifacts or distortions, so the quality score is 1.0."}, {"ans": [true, true, 0.9], "reasoning": "The image shows a yellow school bus. The main object, a bus, is present in the image. The doors of the bus are not visible as the image is taken from the side and the front door is not in view. The image is clear and well-lit, with no visible artifacts or distortions that would affect the quality. The quality score is 0.9 because the image is sharp and clear, but there might be a slight decrease due to the presence of some minor wear and tear on the bus's surface."}, {"ans": [true, true, 1.0], "reasoning": "The image is showing a laptop with its screen open and facing the camera. The screen is visible but it is not displaying any content, it is just a blank white screen. The laptop is on a table and the image is clear and well-lit. There are no visible artifacts, blurring, or other issues that would affect the quality of the image. Therefore, the quality of the image is rated as 1.0. For question 1, the image is showing a laptop, so the answer is True. For question 2, the screen is visible but not displaying any content, so it can be considered as not visible in terms of its functionality, hence the answer is True."}, {"ans": [true, true, 1.0], "reasoning": "The image shows a trumpet without a mouthpiece. The trumpet is clearly visible and is lying on a red satin fabric. The mouthpiece is not attached to the trumpet, indicating it is missing. The image is clear and well-lit, with no visible artifacts or distortions that would affect the quality. Therefore, the quality is rated as 1.0."}, {"ans": [true, false, 1.0], "reasoning": "The image clearly shows a robot with a head in a laboratory setting. The robot is white with visible mechanical parts and wires, and it has a humanoid shape with a distinct head. The head is not missing or obscured; it is visible and clearly part of the robot. The image is sharp and well-lit, with no visible artifacts or distortions that would affect the quality. Therefore, the answer to the first question is True because the image is showing a robot. The answer to the second question is False because the head is not missing or not visible. The quality of the image is rated 1.0 because it is clear and detailed, with no noticeable issues."}, {"ans": [true, false, 0.95], "reasoning": "The image shows a candle on a silver tray. The candle is the main object in the image and is clearly visible. The wick is visible on top of the candle, indicating that it is not missing. The image is of high quality with clear details and no visible artifacts or distortions. The slight deduction in quality score is due to the minor reflection on the tray, but it does not affect the overall clarity of the main object."}, {"ans": [true, false, 0.9], "reasoning": "The image shows a pizza that is cut into slices and topped with tomato sauce, basil leaves, and what appears to be garlic or another ingredient. The crust is visible and has a golden-brown color with some charred spots. The pizza is placed on a metal tray or plate, which is sitting on a white surface. The image is clear and well-lit, with no visible artifacts or distortions. The presence of cheese is visible in some areas, melted and slightly browned, indicating that it is not missing. Therefore, the answer to Question 1 is True because the image is showing a pizza. The answer to Question 2 is False because the cheese is visible. The quality of the image is rated 0.9 because it is clear and well-lit, but there are some minor imperfections in the form of flour dust on the surface and tray."}, {"ans": [true, true, 0.95], "reasoning": "The image is showing a DSLR camera body without a lens attached. The camera body is clearly visible, and the lens mount is empty, indicating that the lens is not attached. Therefore, the answer to Question 1 is True. For Question 2, since the lens is not attached to the camera body, it is considered missing, so the answer is True. The image quality is high, with clear details and no visible artifacts or distortions, so the quality score is 0.95."}, {"ans": [true, false, 1.0], "reasoning": "The image clearly shows a grand piano on a stage in a concert hall. The piano is visible and appears to be in good condition. The keys are visible and not missing, as they are clearly seen on the keyboard. The image is well-lit and of high quality, with no visible artifacts or distortions."}, {"ans": [true, false, 0.9], "reasoning": "The image is showing a paintbrush with visible bristles, thus answering the first question as True. The bristles are clearly visible, so the second question is answered as False. The image quality is high with detailed and clear depiction of the paintbrush and palette, but slight texture and paint splatters might slightly reduce the quality score to 0.9 due to minor visual artifacts."}, {"ans": [true, true, 0.95], "reasoning": "The image is clearly showing a watch. The watch is placed on a granite countertop, and its face is visible. The strap of the watch is not visible as it is likely under the watch or not present. The image is sharp and clear, with no visible artifacts or distortions that would affect the quality. The quality score is 0.95 because the image is very clear and well-lit."}, {"ans": [true, false, 0.9], "reasoning": "The image clearly shows a mouth with teeth, indicating that the main object (mouth) is present. The tongue is visible inside the mouth, so it is not missing or invisible. The image quality is high, with clear details of the dental setup and the patient's mouth. However, there is a slight decrease in quality due to the presence of a digital overlay on the patient's face, which might be considered a minor artifact."}, {"ans": [true, false, 0.9], "reasoning": "The image clearly shows a motorcycle in the center of the street. The motorcycle is black and has a sleek design, with visible handlebars. The handlebars are present and visible, indicating that they are not missing. The image quality is high, with clear details and vibrant colors, although there are some neon effects and lighting that might be considered unnatural. Overall, the image is well-lit and the main object is clearly visible."}, {"ans": [true, false, 0.95], "reasoning": "The image shows a vintage television set with a visible screen displaying a static image. The television is placed on a wooden cabinet with its lower panel open, revealing the internal components, including glowing vacuum tubes. The screen is clearly visible, indicating that it is not missing. The image is well-lit and detailed, with no visible artifacts or distortions that would significantly impact its quality. Therefore, the answer to Question 1 is True because the image is showing a television. The answer to Question 2 is False because the screen is visible. The quality of the image is rated 0.95 out of 1, as it is clear and well-defined, with only minor considerations for the slight texture visible on the wall and the rug, which do not detract from the overall clarity of the main subject."}, {"ans": [true, false, 0.9], "reasoning": "The image is showing a white goat with horns standing on a rocky outcrop. The horns are visible and appear to be a part of the goat's head. The image is clear and well-defined, with no visible artifacts or distortions that would affect the quality. The only reason for a quality score less than 1 is the slight blurring of the background."}, {"ans": [true, false, 0.95], "reasoning": "The image clearly shows a red sneaker with white soles and red laces, sitting on a bench in front of gray lockers. The sneaker is the main object in the image and is clearly visible. The laces are present and visible, threaded through the eyelets. The image is sharp and well-lit, with no visible artifacts or distortions that would detract from its quality. The only reason the quality score is not 1 is due to a slight reflection on the bench, but it does not significantly impact the overall clarity of the image."}, {"ans": [true, false, 1.0], "reasoning": "The image clearly shows a frog sitting on a lily pad in the water. The frog's eyes are visible and clearly defined, indicating that they are not missing or invisible. The image is sharp and well-defined, with no visible artifacts, blurring, or other issues that would affect its quality. Therefore, the quality score is 1.0."}, {"ans": [true, false, 1.0], "reasoning": "The image clearly shows a mug with a handle, so the answer to Question 1 is True. The handle is visible, so the answer to Question 2 is False. The image is of high quality with no visible artifacts, blurring, or other issues that would affect the quality score."}, {"ans": [true, false, 0.9], "reasoning": "The image clearly shows a saxophone, which is the main object in the picture. The saxophone is depicted with its keys visible, indicating that the keys are not missing. The image is of high quality, with clear details and no visible artifacts or distortions that would affect the visibility of the saxophone or its keys. The slight decrease in quality score is due to the presence of a curtain in the background that might be slightly overexposed, but it does not significantly impact the overall clarity of the main subject."}, {"ans": [true, false, 0.9], "reasoning": "The image clearly shows a skateboard with its bottom facing upwards. The skateboard has a wooden deck and is equipped with trucks and wheels, indicating it is a complete skateboard. The presence of wheels means they are not missing. The image is well-lit and in focus, with clear details of the skateboard and its components. However, the quality score is not 1 due to the visible texture of the brick surface and slight shadows, but these do not significantly detract from the clarity of the main object."}, {"ans": [true, false, 1.0], "reasoning": "The image shows a fedora hat on a stand. The hat has a visible brim, so it is not missing. The image is clear and well-lit, with no visible artifacts or distortions. Therefore, the quality of the image is rated as 1.0."}, {"ans": [true, false, 0.95], "reasoning": "The image clearly shows a motorcycle helmet with a visor. The visor is present and visible, covering the front of the helmet. The image is sharp and well-lit, with no visible artifacts or distortions that would affect the quality. The main object, the motorcycle helmet, is centered and clearly visible. The quality of the image is high, with a score of 0.95 out of 1. The only reason for not giving it a perfect score is the slight wear and tear visible on the workbench and surrounding tools, but this does not detract from the main subject."}, {"ans": [true, true, 0.95], "reasoning": "The image is showing a bedframe without a mattress. The bedframe is ornate and made of wood, with a headboard and footboard. The mattress is not visible, so it is considered missing. The image quality is high, with clear details and no visible artifacts or distortions. However, the quality score is not 1 because the image appears to be a rendered or computer-generated image, rather than a photograph, which slightly reduces its realism."}, {"ans": [true, false, 1.0], "reasoning": "The image clearly shows a clock tower with a visible clock face. The clock tower is the main object in the image and is centered. The clock face is visible on the top section of the tower. The image is sharp and clear, with no visible artifacts or distortions that would affect the quality."}, {"ans": [true, false, 0.95], "reasoning": "The image clearly shows a pocket watch with its cover open, revealing the inner workings and the clock face. The hands of the watch are visible, indicating the time. The image is of high quality, with clear details and no visible artifacts or distortions that would detract from the overall clarity. The slight deduction in quality score is due to the reflective nature of the satin background, which might be considered a minor artifact."}, {"ans": [true, false, 1.0], "reasoning": "The image clearly shows a bicycle leaning against a stone wall. The bicycle is red with silver accents and has the word 'GIANT' written on its frame. The pedals are visible and appear to be attached to the bicycle. The image is well-lit and in focus, with no visible artifacts or distortions. Therefore, the answer to Question 1 is True because the image is showing a bicycle. The answer to Question 2 is False because the pedals are visible and not missing. The quality of the image is rated 1.0 because it is clear and well-defined, with no noticeable issues."}, {"ans": [true, false, 0.95], "reasoning": "The image is showing a portrait of a woman, which is the main object in the center of the image. The portrait is clearly visible and the woman's eyes are also visible, so the answer to the first question is True. Since the eyes are visible, the answer to the second question is False. The quality of the image is high, with clear details and no visible artifacts or distortions, so the quality score is 0.95. The slight deduction is due to the fact that the image is a photograph of a painting, and there might be some minor loss of detail due to the camera's resolution or the painting's texture."}, {"ans": [true, false, 0.9], "reasoning": "The image clearly shows a grand piano on a stage, with its lid open and illuminated by stage lights. The hammers inside the piano are visible, indicating that they are not missing. The image is well-lit and in focus, with no visible artifacts or distortions that would detract from its quality. The only reason for not giving it a perfect score is the slight haze and lighting effects that could be considered minor imperfections."}, {"ans": [true, true, 0.9], "reasoning": "The image shows a sailing ship on the water. The ship has three masts with rigging but no sails are visible. The presence of masts and rigging indicates it is a sailing ship. The sails are not visible, so they are considered missing. The image is clear and detailed, showing the wooden hull and the rigging of the ship, with a quality score of 0.9 due to its high resolution and lack of visible artifacts."}, {"ans": [true, false, 0.95], "reasoning": "The image depicts a large tree with a sprawling canopy and a thick trunk, which is characteristic of an oak tree. The leaves are visible on the branches, indicating that they are not missing. The image is clear and well-defined, with no visible artifacts or distortions that would detract from its quality. The overall condition of the image is good, with a clear blue sky and a well-manicured lawn in the foreground. The only reason for not giving it a perfect score is the slight softness in the details of the leaves and the grass, but this does not significantly impact the overall perception of the image."}, {"ans": [true, false, 0.9], "reasoning": "The image depicts a stone cottage with a sloping roof and a chimney, surrounded by trees and vines. The cottage is clearly visible, and the door is present, although partially obscured by foliage. The image is of high quality, with clear details and natural colors. The presence of the door answers the second question, indicating it is not missing. The slight deduction in quality score is due to minor artifacts or unnatural elements that might be present upon close inspection, but the overall image is crisp and well-defined."}, {"ans": [true, false, 1.0], "reasoning": "The image clearly shows a passenger jet on a runway. The wings are visible, so they are not missing or invisible. The image is clear and well-lit, with no visible artifacts or distortions, indicating high quality."}, {"ans": [true, true, 1.0], "reasoning": "The image is clearly showing a wristwatch with a silver face and brown leather strap inside a box. The watch face does not have any numbers on it, so the numbers are indeed missing. The image is sharp and well-lit, with no visible artifacts or distortions that would affect its quality."}, {"ans": [true, false, 0.9], "reasoning": "The image shows a pizza with a thick crust, topped with tomato sauce, basil leaves, and what appears to be mozzarella or similar cheese, although the cheese is not melted and is partially covered by the sauce and basil. The pizza is presented on a wooden board. The image is clear and well-lit, with no visible artifacts or distortions that would significantly impact the quality. The presence of cheese, even if not the primary topping, indicates that it is not missing. Therefore, the answer to the first question is True because the image is showing a pizza. The answer to the second question is False because there is cheese visible on the pizza. The quality of the image is rated 0.9 due to its clarity and lack of significant visual artifacts."}, {"ans": [true, false, 0.7], "reasoning": "The image is showing traffic signals with lights. There are multiple traffic lights visible in the image, and most of them have visible lights. The lights are not missing or not visible from the traffic signals. The image quality is good, but the sun's glare in the center might affect the visibility of some details. However, it does not significantly impact the overall quality or the visibility of the traffic signals and their lights."}, {"ans": [true, false, 0.9], "reasoning": "The image shows a skateboard lying on the ground. The skateboard is clearly visible and has a colorful design on its deck. The wheels are also visible and appear to be intact, although one corner of the board is damaged. The image is well-lit, and the details of the skateboard are clear. There are some minor stains and dirt spots on the ground, but they do not significantly affect the overall quality of the image. Therefore, the answer to the first question is True because the image is showing a skateboard. The answer to the second question is False because the wheels are visible and not missing. The quality of the image is rated 0.9 because it is clear and well-lit, with only minor imperfections that do not detract from the visibility of the skateboard."}, {"ans": [true, true, 0.9], "reasoning": "The image is showing a chessboard with white pieces on the bottom and white pieces on the top, indicating that the black pieces are missing or not visible. The chessboard is clearly visible and the pieces are well-defined, indicating a high-quality image. However, the quality score is not 1 because the image appears to be slightly over-saturated, with the red fabric background being overly bright."}, {"ans": [true, true, 0.95], "reasoning": "The image clearly shows a sports car, specifically a red McLaren, in a showroom setting. The car's doors are open, and it is positioned on a reflective black surface. The brakes are not visible as the image primarily focuses on the car's exterior and the doors are open, obscuring the view of the brake components. The image is of high quality, with clear details and no visible artifacts or distortions. The only reason for not giving it a perfect score is the slight reflection and lighting effects that might be considered minor imperfections."}, {"ans": [true, true, 1.0], "reasoning": "The image shows a large, open book lying on a wooden table. The pages are blank and devoid of any text. The book's cover is dark, and it has a ribbon bookmark. The image is clear and well-lit, with no visible artifacts or distortions. The main object, the book, is clearly visible, so the answer to the first question is True. The text is missing from the book, as the pages are blank, so the answer to the second question is also True. The image quality is high, with no noticeable issues, so the quality score is 1.0."}, {"ans": [true, false, 1.0], "reasoning": "The image clearly shows a computer tower with visible internal components, including fans. The fans are visible through the transparent side panel of the computer case. The image is sharp and well-lit, with no visible artifacts or distortions that would affect its quality."}, {"ans": [true, false, 1.0], "reasoning": "The image clearly depicts a scarecrow standing in a field of wheat. The scarecrow is wearing a straw hat and a plaid shirt, and its body is made of straw. The arms of the scarecrow are visible and are made of straw, attached to the body. The image is clear and well-defined, with no visible artifacts or distortions. Therefore, the answer to Question 1 is True because the image is showing a scarecrow. The answer to Question 2 is False because the arms are visible. The quality of the image is rated as 1 because it is clear and well-defined, with no visible issues."}, {"ans": [true, true, 0.9], "reasoning": "The image depicts a knight in armor, which directly answers the first question. The knight is not holding a sword, and there is no visible sword on his belt or in the surrounding area, indicating that the sword is missing or not visible. The image quality is high, with clear details of the knight's armor and the background, but there are some minor artifacts visible upon close inspection, hence a quality score of 0.9."}, {"ans": [true, false, 1.0], "reasoning": "The image clearly shows a teapot with a handle, spout, and lid, decorated with a floral pattern. The teapot is placed on a bamboo tray. The presence of the teapot answers the first question affirmatively. The handle is visible on the right side of the teapot, so it is not missing, answering the second question negatively. The image is sharp and well-lit, with no visible artifacts or distortions, indicating high quality."}, {"ans": [true, false, 1.0], "reasoning": "The image clearly shows a basketball hoop with a net. The basketball is going through the hoop, and the net is visible and not missing. The image is clear and of high quality, with no visible artifacts or distortions. The main object, the basketball hoop, is clearly visible, and the net is also visible, so the answer to the first question is True. Since the net is visible, the answer to the second question is False. The quality of the image is rated as 1 because it is clear and sharp, with no noticeable issues."}, {"ans": [true, false, 0.9], "reasoning": "The image is showing a dining table set with fine china and silverware. The table is covered with a white tablecloth and has multiple place settings. The main object, the dining table, is present. For the second question, the glasses are visible on the table, so they are not missing. The image quality is high, with clear details of the table setting, but it is not perfect due to slight blurring around the edges."}, {"ans": [true, false, 0.9], "reasoning": "The image clearly shows a vintage typewriter on a desk, with a sheet of paper inserted. The typewriter is the main focus, and it is evident that it has a ribbon, as indicated by the red color visible between the metal parts. The presence of the typewriter answers the first question affirmatively. For the second question, the ribbon is visible, hence it is not missing. The image quality is high, with clear details of the typewriter and its components, though there is a slight decrease in quality due to the dark and somewhat aged appearance of the image, which might suggest some wear or artifacting. However, this does not significantly detract from the visibility of the main object or its key elements."}, {"ans": [true, false, 1.0], "reasoning": "The image shows a winter jacket, which is the main object. The jacket is a long, cream-colored puffer coat with a fur-trimmed hood, and it is hanging on a coat rack. The zipper is visible and appears to be fully functional, so it is not missing. The image is clear and well-lit, with no visible artifacts or distortions, so the quality is high."}, {"ans": [true, false, 0.9], "reasoning": "The image is clearly showing a sunflower, so the answer to the first question is True. The seeds are visible on the sunflower, so the answer to the second question is False. The quality of the image is high, with clear details of the sunflower and its seeds, but there is a slight glare from the sun which slightly reduces the quality, hence a score of 0.9."}, {"ans": [true, false, 0.95], "reasoning": "The image clearly shows an elephant with a visible trunk, answering the first question affirmatively. For the second question, the trunk is clearly visible and not missing, so the answer is false. The image is of high quality, with clear details and no visible artifacts or distortions that would detract from its quality. The slight dust around the elephant's feet is a natural part of the scene and does not count as a quality issue."}, {"ans": [true, false, 0.95], "reasoning": "The image shows a rowboat, which is the main object, so the answer to the first question is True. The oars are visible inside the boat, so they are not missing or invisible, making the answer to the second question False. The image quality is high with clear details of the boat and its surroundings, but there are some minor scratches on the boat's surface, hence the quality score is 0.95."}, {"ans": [true, false, 0.95], "reasoning": "The image clearly shows a snowman in the foreground, standing in a snowy yard with houses in the background. The snowman is well-detailed, with a hat, scarf, and stick arms, and is made of three large snowballs. The middle snowball has three visible buttons, indicating that the buttons are not missing. The image is sharp and clear, with no visible artifacts or distortions that would detract from its quality. The overall scene is well-composed and visually appealing."}, {"ans": [true, false, 1.0], "reasoning": "The image is showing a fountain pen with a nib touching a notebook. The pen has a red barrel and a gold nib. The nib is in contact with the paper, indicating that it is likely to have ink. The image is clear and well-lit, with no visible artifacts or distortions. The quality of the image is high, with a score of 1.0. For question 1, the image is showing a fountain pen, so the answer is True. For question 2, the ink is not missing or not visible from the fountain pen, as the nib appears to be in contact with the paper and there are no visible signs of the ink being empty, so the answer is False."}, {"ans": [true, true, 0.9], "reasoning": "The image shows a paintbrush with a wooden handle and a metal ferrule, but the bristles are not visible. The brush is positioned on top of a palette with various colors of paint, suggesting that it is being used for painting. The image is clear and well-lit, with no visible artifacts or distortions. The quality of the image is high, with a score of 0.9 out of 1.0. The main object, the paintbrush, is clearly visible, and the absence of bristles is noticeable. Therefore, the answer to Question 1 is True, and the answer to Question 2 is also True."}, {"ans": [true, false, 0.95], "reasoning": "The image clearly shows a pair of eyeglasses with temples on top of a newspaper. The main object, the eyeglasses, is present and visible. The temples are also visible, indicating that they are not missing. The image is sharp and well-lit, with no noticeable artifacts or distortions that would affect the quality. The quality score is 0.95 because the image is very clear and well-defined, with only a slight gradient in the background that does not impact the main subject."}, {"ans": [true, true, 0.9], "reasoning": "The image clearly shows a woman holding an umbrella on a rainy day. The umbrella is the main object in the image, and it is visible despite the rain and the lighting conditions. The ribs of the umbrella are not clearly visible due to the angle and the rain, making them appear to be missing or not visible. The image is of high quality, with clear details of the scene, although there is some brightness that might affect the visibility of some details. The quality score is 0.9 because the image is sharp and clear, with no significant artifacts or distortions."}, {"ans": [true, false, 0.9], "reasoning": "The image clearly shows a wristwatch with a brown leather strap and a gold-colored face. The watch face is visible through a transparent cover, and it has a skeleton design, revealing the internal mechanisms. The hour markers are present on the watch face, although they are partially obscured by the transparent cover. The image is of high quality, with clear details and no visible artifacts or distortions. The only reason for not giving it a perfect score is the presence of minor scratches on the transparent cover."}, {"ans": [true, false, 0.95], "reasoning": "The image shows a camping tent with its structure intact and visible. The poles are present and are supporting the tent's fabric. The image is clear and well-defined, showing the tent and its surroundings in detail. The quality of the image is high, with no visible artifacts, blurring, or other issues that would detract from its clarity. Therefore, the answer to the first question is True because the image does show a camping tent. The answer to the second question is False because the poles are visible and not missing. The quality score is 0.95, indicating a very high-quality image with only minor, if any, imperfections."}, {"ans": [true, true, 0.95], "reasoning": "The image is showing a cuckoo clock with intricate carvings and details. The clock face is visible, and the cuckoo bird is seen in its compartment above the clock. However, the weights are not visible in the image. The image is of high quality, with clear details and no visible artifacts or distortions. The quality score is 0.95, indicating a very good image quality."}, {"ans": [true, true, 0.95], "reasoning": "The image shows a smartphone on a table in an office setting. The phone is the main object and is clearly visible. The phone's screen is on, displaying a call interface, and there is no visible speaker grille on the phone's body that is visible in the image. The image is clear and well-lit, with no significant artifacts or distortions that would detract from its quality. The quality score is 0.95 because the image is sharp and clear, with natural colors and no visible noise or blurring."}, {"ans": [true, false, 0.9], "reasoning": "The image clearly shows a motorcycle, so the answer to the first question is True. The speedometer is visible on the motorcycle, so the answer to the second question is False. The image is of high quality, with clear details and no visible artifacts or distortions, so the quality score is 0.9. The slight dust around the motorcycle does not detract from its overall clarity."}, {"ans": [false, true, 0.9], "reasoning": "The image is showing a violin, not a violin bow. Therefore, the answer to the first question is False. The violin bow is present in the image, but its hair is not visible, so the answer to the second question is True. The image is of high quality with no visible artifacts or distortions, so the quality score is 0.9."}, {"ans": [true, false, 0.95], "reasoning": "The image shows a birdcage hanging from a porch ceiling, which is the main object. The birdcage is ornate and has a bird inside it. There is a perch visible inside the cage, so the answer to the second question is False. The image is well-lit and clear, with no visible artifacts or distortions, so the quality score is high. However, the image is slightly overexposed, which is why the quality score is not 1."}, {"ans": [true, false, 1.0], "reasoning": "The image clearly shows a statue of a woman in a classical style, standing on a marble pedestal. The statue is intact and has a head, which is visible and not missing. The image is of high quality, with clear details and no visible artifacts or distortions. The statue is centered and well-lit, making it easy to observe its features."}, {"ans": [true, false, 0.95], "reasoning": "The image is showing a teddy bear with a visible nose, so the answer to Question 1 is True. The nose is clearly visible, so the answer to Question 2 is False. The image is of high quality with clear details and no visible artifacts or distortions, but the slight softness in the image reduces the quality score to 0.95."}, {"ans": [true, false, 1.0], "reasoning": "The image clearly shows a pair of white sneakers with laces, leaning against a door. The sneakers are the main object in the image, and they are visible and clear. The laces are also visible, so they are not missing. The image is of high quality, with no visible artifacts, blurring, or other issues that would affect the visibility of the sneakers or laces."}, {"ans": [true, false, 0.95], "reasoning": "The image clearly shows a refrigerator with its doors open, revealing the interior. The main object, the refrigerator, is present. The door shelves are visible inside the refrigerator, so they are not missing. The image is of high quality, with clear details and no visible artifacts or distortions. The slight deduction in quality score is due to the image being a rendering, which might not perfectly replicate real-world details."}, {"ans": [true, false, 0.9], "reasoning": "The image depicts a group of young women gathered around a campfire in a forest setting. The campfire is the central focus, and it is clearly visible with flames. The image is well-lit, with rays of light shining down from above, illuminating the scene. The quality of the image is high, with clear details and no visible artifacts or distortions. The presence of flames in the campfire directly answers both questions."}, {"ans": [true, false, 1.0], "reasoning": "The image clearly shows a drinking fountain with water flowing from it, indicating that the main object is present. The water is visible as it flows from the fountain's spout into the basin, so it is not missing or invisible. The image is sharp and well-lit, with no visible artifacts or distortions, hence the high quality score."}, {"ans": [true, false, 0.9], "reasoning": "The image clearly shows a revolver with a visible trigger guard. The trigger guard is not missing and is clearly visible around the trigger. The image is of high quality with clear details of the revolver and its components. The only reason the quality score is not 1 is due to the slight texture and shading on the green fabric background, but this does not detract significantly from the overall clarity of the main object, the revolver."}, {"ans": [true, false, 0.9], "reasoning": "The image is a detailed illustration of a compass rose, which is the main object in the image. The compass rose is ornately designed with various elements and is centered in the image. The presence of a north arrow is evident, as indicated by the 'N' marking on the compass rose, and it is clearly visible. Therefore, for Question 1, the answer is True because the image is showing a compass rose. For Question 2, the answer is False because the north arrow is visible and not missing. The quality of the image is rated 0.9 because it is a clear and detailed illustration, although it may have a slightly aged or vintage appearance due to the brown edges and shading, which could be considered a minor artifact."}, {"ans": [true, false, 0.9], "reasoning": "The image depicts a futuristic cityscape with tall, sleek skyscrapers that are characteristic of a sci-fi setting. The skyscrapers are prominently featured, indicating that the main object of the image is indeed skyscrapers. Therefore, the answer to the first question is True. Upon closer inspection, the skyscrapers appear to have windows, as evidenced by the vertical lines and details on their facades. Although the image is somewhat stylized and futuristic, the presence of windows is visible, meaning they are not missing or invisible. Thus, the answer to the second question is False. The image quality is high, with clear details and vibrant colors, but it is slightly compromised by the futuristic and somewhat unnatural lighting, hence a quality score of 0.9."}, {"ans": [true, true, 0.9], "reasoning": "The image is showing a conductor with his back to the camera, wearing a black suit and raising his right hand. The presence of an orchestra in the background indicates that he is conducting. Therefore, the answer to the first question is True. The conductor's right hand is empty and open, indicating that he is not holding a baton. Hence, the baton is either missing or not visible, making the answer to the second question True. The image quality is high, with clear details of the conductor and the orchestra, so the quality score is 0.9. The slight blur on some of the musicians in the background does not significantly affect the overall quality."}, {"ans": [false, false, 1.0], "reasoning": "The image shows a soccer field with white lines and two goal posts on either side, but there is no visible soccer goal or net. The crossbar is not visible because there is no goal to have a crossbar. The image is clear and well-lit, with no visible artifacts or distortions, hence the quality score is 1."}, {"ans": [true, false, 1.0], "reasoning": "The image clearly shows a microscope on a table in a laboratory setting. The microscope is white with black eyepieces and has multiple objective lenses visible. The presence of the microscope answers Question 1 affirmatively. For Question 2, the lenses are clearly visible on the microscope, both the eyepieces and the objective lenses, so the answer is false. The image is sharp and well-lit, showing the microscope and its components in detail without any visible artifacts or distortions, hence the quality score is 1."}]