[{"ans": [true, true, 1.0], "reasoning": "The image depicts a sailboat on the water. The main object, the sailboat, is clearly visible, so the answer to the first question is True. The sails are not visible, as they appear to be furled or not deployed, so the answer to the second question is True. The image is clear and of high quality, with no visible artifacts or distortions, so the quality score is 1.0."}, {"ans": [true, false, 0.95], "reasoning": "The image clearly shows a bicycle, so the answer to the first question is True. The chain is visible and not missing, so the answer to the second question is False. The image is of high quality with clear details and no noticeable artifacts or distortions, hence the quality score is 0.95. The slight deduction is due to the minor presence of dirt and wear on the wall and pavement, but this does not significantly impact the overall clarity or perception of the main subject, the bicycle."}, {"ans": [true, false, 0.95], "reasoning": "The image clearly shows a cat sitting on a windowsill, and it is visible that the cat has whiskers. The presence of the cat is evident, so the answer to the first question is True. For the second question, since the whiskers are visible, the answer is False. The image is of high quality, with clear details and no visible artifacts or distortions, so the quality score is 0.95."}, {"ans": [true, false, 0.95], "reasoning": "The image depicts a castle with stone walls and towers, featuring an archway that could be interpreted as a gate. The presence of the archway and the overall structure indicates that the image is showing a castle. Therefore, the answer to Question 1 is True. For Question 2, the gates are visible as there is a door within the archway, so the answer is False. The image quality is high, with clear details and no visible artifacts or distortions, hence the quality score is 0.95."}, {"ans": [true, false, 0.95], "reasoning": "The image clearly shows a hot-air balloon with a visible basket. The balloon is prominently displayed in the center of the image, and the basket is attached to it by ropes. The image is well-lit and has a clear view of the balloon and its surroundings. The quality of the image is high, with no visible artifacts or distortions. The only reason for not giving it a perfect score is the slight gradient effect in the sky, which could be considered a minor processing artifact."}, {"ans": [true, false, 0.95], "reasoning": "The image clearly shows a turtle on a beach, with its shell visible. The turtle is centered in the image, and its features are well-defined, indicating a high-quality image. The shell is present and clearly visible, so it is not missing or invisible. The image is sharp and well-lit, with no noticeable artifacts or distortions that would detract from its quality. The only reason for not giving it a perfect score is the slight shadow on the right side, but it does not significantly impact the overall quality."}, {"ans": [true, false, 0.95], "reasoning": "The image clearly shows a train at a station, indicating that the main object is indeed a train. The train's wheels are visible, as they are partially exposed below the train's body near the front. The image is sharp and well-lit, with no significant artifacts or distortions that would affect the visibility of the train or its components. Therefore, the answer to the first question is True because the image is showing a train. The answer to the second question is False because the wheels are visible. The quality score is 0.95, as the image is clear and well-defined, with proper lighting and no noticeable issues."}, {"ans": [true, false, 0.95], "reasoning": "The image clearly shows a pair of eyeglasses with lenses. The lenses are visible and not missing. The image is sharp and well-lit, with no noticeable artifacts or distortions that would detract from its quality. The only slight deduction in quality score is due to the slight blurring in the background, but the main object (the eyeglasses) is in sharp focus."}, {"ans": [true, false, 1.0], "reasoning": "The image clearly shows a fountain pen with a visible nib, indicating that the main object is indeed a fountain pen and the nib is present and visible. The image is of high quality with no visible artifacts or distortions."}, {"ans": [true, true, 0.9], "reasoning": "The image shows an umbrella with a visible metal frame but without a canopy. The main object in the image is indeed an umbrella, so the answer to the first question is True. The canopy is missing, as only the metal frame is visible, so the answer to the second question is also True. The image quality is good, with clear details of the objects, but the wall in the background appears to have some damage and peeling paint, which slightly affects the overall quality. However, this does not significantly impact the visibility of the main objects, so the quality score is 0.9."}, {"ans": [true, false, 1.0], "reasoning": "The image clearly shows a white airplane on a runway, with its wings visible. The presence of the airplane satisfies the first question, so the answer is True. The wings are visible, so they are not missing or not visible, making the answer to the second question False. The image is clear and of high quality, with no visible artifacts or distortions, so the quality score is 1.0."}, {"ans": [true, false, 1.0], "reasoning": "The image clearly shows a desk lamp with a brass finish and an adjustable arm, positioned over an open book on a wooden table. The lamp is turned on, and the light is shining down on the book. The bulb is visible inside the lampshade, indicating that it is not missing. The image is well-lit, with no visible artifacts, blurring, or other issues that would affect its quality. Therefore, the answer to Question 1 is True, as the image is showing a desk lamp. The answer to Question 2 is False, as the bulb is not missing or invisible. The quality of the image is rated 1.0, as it is clear and well-defined."}, {"ans": [true, false, 1.0], "reasoning": "The image clearly shows an electric guitar with a visible neck. The guitar is hanging on a wall, and its body and neck are well-illuminated, making all details visible. The neck is not missing or obscured, so the answer to the second question is false. The image is of high quality, with no visible artifacts, blurring, or other issues that would detract from its clarity."}, {"ans": [true, false, 0.9], "reasoning": "The image clearly shows a fish, so the answer to the first question is True. The fins of the fish are visible in the image, so the answer to the second question is False. The image is of high quality, with clear details and no visible artifacts or distortions, so the quality score is 0.9. The slight deduction from 1 is due to the slight blurring of the background."}, {"ans": [true, false, 1.0], "reasoning": "The image clearly shows a cottage with a roof, as indicated by the presence of a pitched roof and chimney. The cottage is centered in the image, and its details are well-defined. The roof is visible and appears to be intact, with no signs of damage or absence. The image is of high quality, with clear and sharp details, and no visible artifacts or distortions. Therefore, the answer to Question 1 is True, as the image is showing a cottage. The answer to Question 2 is False, as the roof is not missing or invisible. The quality of the image is rated 1.0, as it is clear and well-defined, with no visible issues."}, {"ans": [true, false, 0.9], "reasoning": "The image shows a red convertible car with its top up and windshield visible. The main object in the image is indeed a car, so the answer to the first question is true. The windshield is present and visible, so the answer to the second question is false. The image is clear and well-lit, with no visible artifacts or distortions that would affect the quality score. However, the image is not perfect, as it is slightly cropped and the background is not entirely sharp. Therefore, the quality score is 0.9."}, {"ans": [true, false, 1.0], "reasoning": "The image clearly shows a keyboard with a visible spacebar. The keyboard is well-lit and the keys are clearly visible, indicating that the image is of high quality. There are no visible artifacts, blurring, or other issues that would affect the quality score."}, {"ans": [true, false, 0.9], "reasoning": "The image clearly depicts an owl perched on a tree branch under a night sky with a full moon. The owl is shown with detailed feathers, indicating that the feathers are not missing or invisible. The image is of high quality with clear details and no visible artifacts or distortions that would significantly impact the perception of the main subject, the owl. The quality score is 0.9 because the image is very clear and detailed, with the only potential deduction being for the slight texture or grain that might be noticeable upon close inspection, but this does not detract from the overall clarity and quality."}, {"ans": [true, false, 1.0], "reasoning": "The image clearly shows three leather-bound books on a wooden table against a wooden wall background. For Question 1, the main object is indeed a book, so the answer is True. For Question 2, the pages of the lying book are visible, and the standing book's pages are partially visible, so the pages are not missing or not visible, making the answer False. The image is of high quality with clear details and no visible artifacts or distortions, so the quality score is 1.0."}, {"ans": [true, false, 0.95], "reasoning": "The image clearly depicts a lighthouse on a cliffside, with a white tower and a black railing around the top. The lamp is visible inside the glass enclosure at the top of the lighthouse. The image is sharp and well-defined, with no visible artifacts or distortions. The quality is high, with a score of 0.95 out of 1. The main object, the lighthouse, is present, so the answer to the first question is True. The lamp is visible, so the answer to the second question is False."}, {"ans": [true, false, 0.95], "reasoning": "The image shows a beige armchair with visible legs on a patterned rug. The chair is the main object, and it is clearly an armchair. The legs are visible, so they are not missing or not visible. The image quality is high, with clear details and no noticeable artifacts or distortions. However, the quality score is not 1 because the image is not perfectly sharp, and there might be a slight loss of detail in the texture of the rug and the chair."}, {"ans": [true, true, 0.95], "reasoning": "The image depicts a deer standing in a forest, facing the camera. The deer appears to be a female or a young male as there are no visible antlers. The image is clear and well-lit, with the deer being the main focus. The quality of the image is high, with no noticeable artifacts or blurring. The antlers are not visible, which aligns with the description of the deer being either female or a young male."}, {"ans": [true, false, 1.0], "reasoning": "The image clearly shows an envelope with its flap closed and visible. The envelope is white and centered on a marble surface. The flap is not missing; it is simply closed, making it visible as part of the envelope. The image is of high quality, with clear details and no visible artifacts or distortions."}, {"ans": [true, true, 1.0], "reasoning": "The image is showing a wall clock, which is the main object. The clock face is white with black hands, but it does not display numbers. Therefore, the answer to the first question is True. For the second question, the numbers are indeed missing or not visible on the clock face, so the answer is True. The image is clear and well-rendered, with no visible artifacts, blurring, or other issues that would affect its quality. Hence, the quality score is 1.0."}, {"ans": [true, false, 1.0], "reasoning": "The image clearly shows a space suit with a helmet. The space suit is white and is floating in a pool of water. The helmet is visible and is gold in color. The image is of high quality, with no visible artifacts or blurring."}, {"ans": [true, false, 1.0], "reasoning": "The image clearly shows a windmill with blades in a field. The main object, the windmill, is present and visible. The blades are also visible and not missing. The image is clear and of high quality, with no visible artifacts, blurring, or other issues that would decrease its quality."}, {"ans": [true, true, 0.95], "reasoning": "The image prominently features a large tree without leaves, centered in the frame. The tree's branches are bare, indicating that it is either in a dormant season or has shed its leaves. The image is clear and well-defined, showing the details of the tree's bark and the structure of its branches. The sun is visible through the tree, creating a starburst effect, and the background includes other trees, some of which also appear to be bare. The overall quality of the image is high, with good contrast and no visible artifacts or distortions. Therefore, the answer to Question 1 is True because the image is showing a tree. The answer to Question 2 is True because the leaves are not visible on the main tree or most of the other trees in the image. The quality score is 0.95, indicating a very high-quality image with no significant issues."}, {"ans": [true, true, 1.0], "reasoning": "The image shows a yellow school bus, which is a type of bus. The bus is facing to the left, and the side of the bus is visible. The doors of the bus are not visible as they are on the left side, which is partially out of the frame. The image is clear and well-lit, with no visible artifacts or distortions. Therefore, the answer to Question 1 is True, as the image is showing a bus. The answer to Question 2 is True, as the doors are not visible. The quality of the image is rated 1.0, as it is clear and well-defined."}, {"ans": [true, true, 1.0], "reasoning": "The image shows a laptop on a table. The laptop is positioned with its back facing the camera, and the screen is not visible. Therefore, for Question 1, the image is showing a laptop, so the answer is True. For Question 2, the screen is not visible because it is facing away from the camera, so the answer is True. The image is clear and well-lit, with no visible artifacts or distortions, so the quality score is 1.0."}, {"ans": [true, true, 0.95], "reasoning": "The image shows a trumpet, which is the main object. The trumpet is clearly visible, and it appears to be without a mouthpiece. The image quality is high, with clear details of the trumpet and the red velvet background. There are no visible artifacts, blurring, or other issues that would decrease the quality score. The score is not 1 because the image could be slightly sharper."}, {"ans": [true, false, 1.0], "reasoning": "The image clearly shows a robot with a head in a laboratory setting. The robot is white with a humanoid face and purple eyes, and it has visible mechanical parts and wires. The head is present and visible, so the answer to the second question is False. The image is of high quality with no visible artifacts or distortions, so the quality score is 1."}, {"ans": [true, true, 1.0], "reasoning": "The image shows a cylindrical object that appears to be a candle, as it is a smooth, white, and cylindrical shape, typical of candles. It is placed on a silver tray. The wick is not visible in the image. The image is clear and well-lit, with no visible artifacts or distortions, hence the quality is rated as 1.0."}, {"ans": [true, true, 0.95], "reasoning": "The image is showing a pizza, which is the main object. The pizza appears to be without cheese, as there is no visible cheese on top. The image is clear and well-lit, with a good resolution, and there are no visible artifacts or distortions. The quality of the image is high, with a score of 0.95 out of 1. The cheese is missing or not visible, so the answer to the second question is True."}, {"ans": [true, true, 1.0], "reasoning": "The image is showing a DSLR camera body without a lens attached. The camera body is clearly visible and appears to be a digital SLR camera. The lens mount is visible, and there is no lens attached to it. The image is clear and well-lit, with no visible artifacts or distortions. The quality of the image is high, with a score of 1.0."}, {"ans": [true, false, 1.0], "reasoning": "The image clearly shows a grand piano on a stage in an auditorium. The piano is visible and appears to be in good condition. The keys of the piano are visible and not missing, as they are clearly seen on the keyboard. The image is of high quality with no visible artifacts, blurring, or other issues that would detract from its clarity."}, {"ans": [true, false, 0.95], "reasoning": "The image clearly shows a paintbrush with visible bristles. The brush is positioned on the left side of the image, and its bristles are clearly visible at the top. The image is of high quality, with clear and vibrant colors, and there are no visible artifacts or distortions that would affect the visibility of the paintbrush or its bristles."}, {"ans": [true, false, 1.0], "reasoning": "The image clearly shows a watch with a visible strap, so the answer to Question 1 is True. The strap is visible, so the answer to Question 2 is False. The image is sharp and clear, with no visible artifacts or distortions, so the quality score is 1.0."}, {"ans": [true, false, 0.95], "reasoning": "The image clearly shows a young man with his mouth open, undergoing a dental examination. The mouth is the main focus, and it is visible with the tongue inside. The tongue is not missing or invisible; it is clearly visible inside the mouth. The image is sharp and clear, with no visible artifacts or distortions that would affect the quality. Therefore, the presence of a mouth is confirmed, and the tongue is visible."}, {"ans": [true, false, 0.95], "reasoning": "The image clearly shows a motorcycle, so the answer to the first question is True. The handlebars are visible, so the answer to the second question is False. The image is well-lit and has no visible artifacts or distortions, but the neon lights and rain create a slight haze that reduces the quality score to 0.95."}, {"ans": [true, false, 1.0], "reasoning": "The image clearly shows a vintage television set with a visible screen, although the right side panel is removed to expose the internal components. The screen is present and visible, indicating that it is not missing. The image is of high quality, with clear details and no visible artifacts or distortions."}, {"ans": [true, false, 0.95], "reasoning": "The image clearly shows a goat with horns standing on a rocky outcrop. The main object, the goat, is present and identifiable. The horns are visible, so they are not missing or invisible. The image is sharp and well-defined, with natural colors and no visible artifacts or distortions that would detract from its quality. The slight deduction from 1 is due to the minor blurring in the background, but it does not affect the overall clarity of the main subject."}, {"ans": [true, false, 1.0], "reasoning": "The image clearly shows a red sneaker with white laces, sitting on a wooden surface in front of gray lockers. The sneaker is the main object and is visible in detail. The laces are present and visible, threaded through the eyelets. The image is sharp and well-lit, with no visible artifacts or distortions that would affect the quality. Therefore, the answer to the first question is True because the image is showing a sneaker. The answer to the second question is False because the laces are not missing or invisible; they are clearly visible. The quality of the image is rated 1 because it is clear and well-defined, with no issues that would detract from its quality."}, {"ans": [true, false, 0.95], "reasoning": "The image clearly shows a green frog sitting on a lily pad in the water. The frog's eyes are visible and not missing. The image is sharp and clear, with no noticeable artifacts or distortions that would detract from its quality. The only reason the quality score is not 1 is due to the slight blurring of the background."}, {"ans": [true, false, 1.0], "reasoning": "The image clearly shows a mug with a handle on the right side, sitting on a saucer. The mug is white with a blue floral pattern. The handle is visible and intact, indicating that it is not missing. The image is sharp and clear, with no visible artifacts or distortions. Therefore, the answer to the first question is True because the image is showing a mug. The answer to the second question is False because the handle is present and visible. The quality of the image is rated as 1 because it is clear and well-defined, with no noticeable issues."}, {"ans": [true, false, 0.9], "reasoning": "The image clearly shows a saxophone, which is the main object in question. The saxophone is depicted with its keys visible, indicating that the keys are not missing. The image is of high quality, with clear details of the saxophone's body and keys, although there is a slight vignette effect around the edges."}, {"ans": [true, false, 0.95], "reasoning": "The image shows a skateboard with wheels. The skateboard is positioned on a brick surface, and its wheels are clearly visible and intact. The image is clear and well-lit, with no visible artifacts or distortions that would affect the quality. Therefore, the answer to Question 1 is True because the image is showing a skateboard. The answer to Question 2 is False because the wheels are not missing or invisible; they are clearly visible. The quality of the image is rated 0.95 out of 1 because it is clear and well-defined, with no significant issues affecting its quality."}, {"ans": [true, false, 1.0], "reasoning": "The image clearly shows a fedora hat on a stand, with the brim visible. The hat is centered and well-lit, with no visible artifacts or distortions. The quality of the image is high, with clear details and natural colors."}, {"ans": [true, false, 0.95], "reasoning": "The image clearly shows a motorcycle helmet with a visor. The visor is transparent and appears to be in place, covering the front of the helmet. The image is well-lit and sharp, with no visible artifacts or distortions that would affect the quality. The main object, the motorcycle helmet, is clearly visible and centered in the image. Therefore, the answer to Question 1 is True. Since the visor is visible and appears to be attached to the helmet, the answer to Question 2 is False. The quality of the image is rated 0.95 out of 1, as it is clear and well-defined, with only minor imperfections such as slight reflections on the helmet's surface."}, {"ans": [true, true, 1.0], "reasoning": "The image shows a bedframe with an ornate headboard and footboard, but there is no mattress visible. The bedframe is the main object in the image, and it is clearly visible. The mattress is not present or visible, so the answer to the second question is true. The image is of high quality, with clear details and no visible artifacts or distortions."}, {"ans": [true, false, 0.95], "reasoning": "The image is showing a clock tower, which is the main object. The clock face is visible on three sides of the tower, so it is not missing. The image is clear and well-lit, with no visible artifacts or distortions that would affect the quality. The only reason for a quality score less than 1 is the slight gradient in the sky, which is not unnatural but slightly softens the image."}, {"ans": [true, false, 0.95], "reasoning": "The image clearly shows a pocket watch with a visible face and hands. The watch is centered and well-lit, with a clear view of its intricate details. The hands of the watch are visible, indicating the time. The image is of high quality, with no noticeable artifacts or distortions. The only reason the quality is not rated as 1 is due to the slight shadowing and fabric texture, but these do not detract from the main subject."}, {"ans": [true, false, 0.95], "reasoning": "The image clearly shows a bicycle leaning against a stone wall. The bicycle is red with black seats and handlebars, and it has two wheels, a chain, and gears, indicating it is a bicycle. The pedals are visible on the bicycle, attached to the crankset. The image is clear and well-lit, with no visible artifacts or distortions that would detract from its quality. The only reason for not giving it a perfect score is the slight speckling on the dark surface below the bicycle, which could be considered minor noise."}, {"ans": [true, false, 0.95], "reasoning": "The image is a portrait of a woman with visible eyes. The main object, the woman, is clearly depicted, so the answer to the first question is True. Since the eyes are visible, the answer to the second question is False. The image is of high quality with clear details and no visible artifacts or distortions, but the quality score is not 1 due to the slight texture visible in the background, which might be considered a minor imperfection."}, {"ans": [true, false, 0.95], "reasoning": "The image clearly shows a grand piano on a stage with spotlights shining down. The piano's lid is open, revealing its interior. The hammers are visible inside the piano, so they are not missing. The image is well-lit and clear, with no visible artifacts or distortions that would detract from its quality. The only reason the quality score is not 1 is due to the slight haze and lighting effects that might be considered minor imperfections."}, {"ans": [true, true, 0.9], "reasoning": "The image shows a sailing ship with two masts and no visible sails. The ship is depicted in the middle of the ocean, with a clear blue sky and some clouds in the background. The image is of high quality, with clear details and no visible artifacts or distortions. The sailing ship is the main object in the image, and it is clearly visible. The sails are not visible, which answers the second question. The quality of the image is rated 0.9 because it is a clear and well-rendered image, but not perfect due to some minor subtle gradient banding in the sky."}, {"ans": [true, false, 0.95], "reasoning": "The image depicts a large tree with a wide canopy and visible leaves. The tree appears to be an oak tree due to its broad leaves and sturdy branches. The leaves are clearly visible, indicating that they are not missing. The image is of high quality, with clear details and natural colors. However, the quality score is not 1 due to slight artifacts around the edges of the tree's leaves."}, {"ans": [true, false, 0.9], "reasoning": "The image depicts a stone cottage with a sloping roof, chimneys, and ivy covering parts of its exterior. The front of the cottage is visible, showing three windows and a door. The door is clearly visible, indicating that it is not missing. The image is of high quality, with clear details and no visible artifacts or distortions. The presence of the door answers the second question, and its visibility means it is not missing. The overall quality is high, but a slight deduction is made due to the somewhat unnatural or overly perfect appearance of the image, suggesting it might be digitally rendered or heavily edited."}, {"ans": [true, false, 1.0], "reasoning": "The image clearly shows a passenger jet on a tarmac. The wings of the jet are visible, indicating that they are not missing. The image is of high quality with clear details and no visible artifacts or distortions."}, {"ans": [true, true, 1.0], "reasoning": "The image is clearly showing a wristwatch with a white face and dark brown leather strap. The watch is placed in a box with a tan interior. The watch face has hour markers instead of numbers, so the numbers are indeed missing. The image is sharp and well-lit, with no visible artifacts or distortions. Therefore, the quality of the image is rated as 1.0."}, {"ans": [true, true, 0.95], "reasoning": "The image is showing a pizza with tomato sauce and basil leaves on top. The crust is visible and appears to be cooked. There is no visible cheese on the pizza. The image is clear and well-lit, with no visible artifacts or distortions. The quality of the image is high, with a score of 0.95 out of 1. The main object, the pizza, is clearly visible, and the absence of cheese is noticeable."}, {"ans": [true, false, 0.9], "reasoning": "The image clearly shows traffic signals with red lights visible, so the answer to the first question is True. The lights are visible on the traffic signals, so the answer to the second question is False. The image quality is high, with clear details of the traffic signals and the cityscape. However, the quality score is not 1 because the sun's glare in the background slightly affects the overall visibility, though it doesn't obscure the main objects."}, {"ans": [true, false, 0.95], "reasoning": "The image clearly shows a skateboard with wheels. The skateboard is positioned on a concrete surface, and its colorful design is visible. The wheels are present and visible, attached to the trucks. The image is well-lit, with clear shadows indicating the direction of the light source. The quality of the image is high, with no noticeable artifacts, blurring, or other issues that would detract from its clarity. The main object, the skateboard, is clearly visible, and the wheels are also visible, so the answer to the first question is True. Since the wheels are visible, the answer to the second question is False. The quality score is 0.95 because the image is very clear and well-lit, with only minor imperfections in the concrete surface visible."}, {"ans": [true, false, 0.9], "reasoning": "The image is showing a chessboard with pieces on it, so the answer to the first question is True. The black pieces are visible on the board, so the answer to the second question is False. The image is clear and well-lit, with no visible artifacts or distortions, so the quality score is 0.9. The slight decrease from 1 is due to the presence of a reflection on the board, but it does not significantly impact the visibility of the main object or the key elements."}, {"ans": [true, true, 1.0], "reasoning": "The image clearly shows a red sports car, specifically a Ferrari convertible, in a modern showroom setting. The car is positioned on a circular white platform, and its sleek design is highlighted by the lighting. For Question 1, the main object in the image is indeed a sports car, so the answer is True. For Question 2, the brakes are not visible as the image does not provide a clear view of the brake components, such as the calipers or pads, so the answer is True. The image quality is high, with clear details and no visible artifacts or distortions, so the quality score is 1.0."}, {"ans": [true, true, 1.0], "reasoning": "The image is showing an open book on a wooden table. The pages are blank and there is no text visible. The image is clear and well-lit, with no visible artifacts or distortions. The quality of the image is high, so the quality score is 1.0."}, {"ans": [true, false, 0.95], "reasoning": "The image clearly shows a computer tower with its side panel removed, revealing the internal components. The presence of fans is evident, so the answer to the first question is True. Since the fans are visible, the answer to the second question is False. The image is of high quality, with clear details and no visible artifacts or distortions, hence the quality score is 0.95. The slight deduction is due to the minor shadow on the components, but it does not significantly impact the overall visibility."}, {"ans": [true, false, 1.0], "reasoning": "The image clearly depicts a scarecrow standing in a wheat field. The scarecrow is wearing a plaid shirt, jeans, and a straw hat, and is attached to a wooden post. The scarecrow's arms are visible and are made of straw or hay, stuffed into the sleeves of the shirt. The image is clear and well-defined, with no visible artifacts or distortions. Therefore, the answer to Question 1 is True, as the image is showing a scarecrow. The answer to Question 2 is False, as the scarecrow's arms are visible. The quality of the image is rated as 1, as it is clear and well-defined."}, {"ans": [true, true, 0.9], "reasoning": "The image depicts a man in armor, which is consistent with the representation of a knight. The main object, the knight, is present in the image. However, upon closer inspection, it is evident that the knight is not holding a sword, and there is no visible sword in the image. The quality of the image is high, with clear details and no visible artifacts or distortions that would significantly impact the overall perception of the image."}, {"ans": [true, false, 1.0], "reasoning": "The image clearly shows a teapot with a handle on the right side. The teapot is white with a floral design and is placed on a bamboo tray. The handle is visible, so it is not missing. The image is clear and well-defined, with no visible artifacts or distortions. Therefore, the answer to Question 1 is True because the image is showing a teapot. The answer to Question 2 is False because the handle is visible. The quality of the image is rated 1.0 because it is clear and well-defined, with no visible issues."}, {"ans": [true, false, 1.0], "reasoning": "The image clearly shows a basketball hoop with a net. The basketball hoop is the main object in the image and is clearly visible. The net is also visible and is not missing. The image is of high quality, with no visible artifacts, blurring, or other issues that would affect the quality score."}, {"ans": [true, false, 1.0], "reasoning": "The image is showing a dining table setting with plates, cutlery, and glasses. The main object, a dining table, is present. The glasses are visible on the table, so they are not missing. The image is clear and well-lit, with no visible artifacts or distortions, hence the quality score is 1.0."}, {"ans": [true, false, 0.95], "reasoning": "The image clearly shows a vintage typewriter on a wooden desk, with papers around it. The typewriter is the main focus, and it is evident that it has a ribbon, although it is not clearly visible due to the angle and the presence of the paper in the machine. The ribbon is partially visible as a red element behind the black rollers. The image is sharp and well-lit, with no significant artifacts or distortions, hence the high quality score."}, {"ans": [true, true, 0.95], "reasoning": "The image shows a winter jacket hanging on a coat rack. The jacket is a long, cream-colored puffer coat with a fur-trimmed hood and black buttons down the front. There is no visible zipper on the jacket. The image is clear and well-lit, with no visible artifacts or distortions. The quality of the image is high, with a score of 0.95 out of 1. The main object, the winter jacket, is clearly visible, so the answer to Question 1 is True. The zipper is not visible, so the answer to Question 2 is True."}, {"ans": [true, false, 0.95], "reasoning": "The image clearly depicts a sunflower with its characteristic large yellow petals and a prominent center. The center of the sunflower is visible and appears to have seeds, as indicated by the pattern and texture. Therefore, the answer to the first question is True because the image is showing a sunflower. The answer to the second question is False because the seeds are visible on the sunflower. The quality of the image is rated 0.95 because it is clear and well-defined, with no visible artifacts or distortions that would detract from the visibility of the sunflower or its seeds."}, {"ans": [true, false, 0.9], "reasoning": "The image is clearly showing an elephant, so the answer to the first question is True. The trunk of the elephant is visible, so the answer to the second question is False. The image is of high quality, with clear details of the elephant and its surroundings. The only reason for not giving it a perfect score is the slight dust around the elephant's feet, but it does not significantly impact the overall quality."}, {"ans": [true, true, 0.95], "reasoning": "The image clearly shows a rowboat floating on a lake, with its bow facing the camera. The boat is empty and has a wooden interior and a white exterior. There are no oars visible in the boat or around it. The image is sharp and well-defined, with no visible artifacts or distortions. The quality of the image is high, with a score of 0.95 out of 1. The main object, the rowboat, is clearly visible, so the answer to Question 1 is True. The oars are not visible, so the answer to Question 2 is True."}, {"ans": [true, false, 0.95], "reasoning": "The image shows a snowman with a hat and scarf, and it has buttons visible on its body. The presence of the snowman directly answers the first question. For the second question, the buttons are clearly visible, so they are not missing or not visible. The image quality is high with clear details and no visible artifacts or distortions, hence a quality score of 0.95."}, {"ans": [true, false, 1.0], "reasoning": "The image clearly shows a fountain pen on top of a notebook. The pen is transparent, allowing the ink inside to be visible. The image is sharp and well-lit, with no visible artifacts or distortions. Therefore, the answer to the first question is True because the main object, a fountain pen, is present. The answer to the second question is False because the ink is visible inside the pen. The quality of the image is rated 1.0 because it is clear and well-defined, with no issues that would detract from its quality."}, {"ans": [true, false, 0.9], "reasoning": "The image is showing a paintbrush with bristles. The bristles are visible and not missing. The image quality is high, with clear details of the paintbrush and the surrounding paint palette. The only reason for not giving it a perfect score is that there are some slight texture and minor color variations that could be considered minor artifacts."}, {"ans": [true, false, 1.0], "reasoning": "The image clearly shows a pair of eyeglasses with temples on top of a book. The glasses are the main object in the image and are easily visible. The temples are also visible, indicating that they are not missing. The image is of high quality with no visible artifacts, blurring, or other issues that would affect the visibility of the glasses or the text on the book."}, {"ans": [true, false, 0.9], "reasoning": "The image clearly shows a person holding an umbrella on a rainy street. The umbrella is visible and appears to be intact, with no obvious signs of damage or missing parts. Upon closer inspection, the ribs of the umbrella are visible under the fabric, indicating that they are present. The image is well-lit and clear, with good contrast between the subject and the background. The quality of the image is high, with minimal artifacts or distortions. Therefore, the answer to Question 1 is True, as the image is showing an umbrella. The answer to Question 2 is False, as the ribs are visible and not missing. The quality of the image is rated 0.9, as it is a clear and well-composed image with minimal issues."}, {"ans": [true, false, 1.0], "reasoning": "The image is showing a wristwatch with a gold case and black strap. The watch face is visible and has hour markers, although they are partially obscured by the watch's skeleton design. The hour markers are present on the outer rim of the watch face. The image is clear and well-lit, with no visible artifacts or distortions. Therefore, the answer to Question 1 is True, as the image is showing a wristwatch. The answer to Question 2 is False, as the hour markers are visible on the watch face. The quality of the image is rated 1.0, as it is clear and well-defined, with no visible issues."}, {"ans": [true, false, 0.9], "reasoning": "The image clearly shows a camping tent set up in a grassy field. The tent is partially assembled, with its fabric stretched over poles that are visible and holding the structure up. The presence of the tent and its poles is evident, indicating that the poles are not missing. The image is sharp and well-lit, with no noticeable artifacts or distortions that would detract from its quality. The only reason the quality score is not 1 is due to the slight compression artifacts visible upon close inspection."}, {"ans": [true, false, 1.0], "reasoning": "The image shows a cuckoo clock with intricate carvings and decorations, including a clock face, leaves, and deer. The weights are visible and appear to be made of pinecones. The image is clear and well-defined, with no visible artifacts or distortions. Therefore, the answer to Question 1 is True, as the image is showing a cuckoo clock. The answer to Question 2 is False, as the weights are visible and not missing. The quality of the image is rated as 1, as it is clear and well-defined."}, {"ans": [true, true, 0.9], "reasoning": "The image shows a smartphone with its screen facing upwards. The phone's body is visible, and it appears to be a modern smartphone design. The speaker grille is not visible from the angle shown in the image, as the phone is displayed from the front and slightly tilted. The image is clear and well-lit, with no visible artifacts or distortions that would significantly impact the quality. The quality score is 0.9 because the image is sharp and well-defined, with proper lighting that highlights the phone's features."}, {"ans": [true, false, 0.9], "reasoning": "The image clearly shows a motorcycle parked on a dirt road, with its front facing the camera. The motorcycle has a visible headlight and two gauges above it, which appear to be a speedometer and possibly a tachometer or fuel gauge. The presence of these gauges indicates that the motorcycle is equipped with a speedometer, and it is visible in the image. Therefore, the answer to Question 1 is True. Since the speedometer is visible, the answer to Question 2 is False. The image quality is generally good, with clear details of the motorcycle and its surroundings. However, the image could be slightly sharper, hence a quality score of 0.9."}, {"ans": [true, true, 0.95], "reasoning": "The image shows a violin bow. The bow is positioned diagonally across the image, with the tip pointing towards the top-right corner and the frog towards the bottom-left corner. The bow's stick is made of a light-colored wood, and it has a silver ferrule and a black and silver frog. The hair of the bow is not visible, indicating that it is either missing or not strung. The background is a red velvet fabric that provides a luxurious and textured backdrop for the bow. The image is well-lit and clear, with no visible artifacts or distortions. The quality of the image is high, with a score of 0.95 out of 1. The main object, the violin bow, is clearly visible and well-defined."}, {"ans": [true, true, 0.9], "reasoning": "The image clearly depicts a large, ornate birdcage hanging from the ceiling of a porch. The birdcage is the main object in the image and is easily identifiable. Upon closer inspection, it is evident that there is no visible perch inside the birdcage. The image is of high quality, with clear details and no visible artifacts or distortions. The only reason for not giving it a perfect score is the slight overexposure around the birdcage due to the sunlight, but it does not significantly impact the visibility of the main object or the overall quality."}, {"ans": [true, false, 1.0], "reasoning": "The image clearly depicts a statue of a woman, indicating that the main object is indeed a statue. The statue is fully visible and has a head, so the head is not missing. The image is of high quality, with clear details and no visible artifacts or distortions."}, {"ans": [true, false, 1.0], "reasoning": "The image clearly shows a teddy bear, which is the main object. The teddy bear has a visible nose, so the nose is not missing. The image is of high quality with no visible artifacts, blurring, or unnatural colors."}, {"ans": [true, false, 1.0], "reasoning": "The image clearly shows a pair of white sneakers with laces. The laces are visible and appear to be intact, threaded through the eyelets of the shoes. The image is well-lit, and the details of the sneakers, including the laces, are clearly visible. There are no visible artifacts, blurring, or other issues that would affect the quality of the image. Therefore, the answer to Question 1 is True because the image is showing sneakers. The answer to Question 2 is False because the laces are not missing and are clearly visible. The quality of the image is rated 1.0 because it is clear and well-defined, with no noticeable issues."}, {"ans": [true, false, 1.0], "reasoning": "The image clearly shows a refrigerator with its door open, revealing the interior. The refrigerator is the main object in the image, and it is visible and clear. The door shelves are visible on the inside of the refrigerator door, so they are not missing. The image is of high quality, with no visible artifacts, blurring, or other issues that would affect the visibility of the refrigerator or its components."}, {"ans": [true, false, 0.9], "reasoning": "The image shows a group of young women gathered around a campfire in a wooded area. The campfire is clearly visible and has flames, so the answer to Question 1 is True. Since the flames are visible, the answer to Question 2 is False. The image is well-lit and clear, with no visible artifacts or distortions that would affect its quality. However, the image has a slightly unnatural glow due to the campfire and the lighting, which reduces its quality score to 0.9."}, {"ans": [true, false, 0.95], "reasoning": "The image shows a drinking fountain with water flowing from it, indicating that it is present and visible. The main object, the drinking fountain, is clearly visible and appears to be in good condition. The water is also visible, flowing from the fountain into the basin. The image is well-lit and has a clear view of the fountain and its surroundings. The quality of the image is high, with no visible artifacts or distortions. The only reason for a slightly lower quality score is the slight shadow on the path, but it does not affect the visibility of the main object or the water."}, {"ans": [true, false, 0.95], "reasoning": "The image clearly shows a revolver with a visible trigger guard. The revolver is positioned on a green cloth, and its details are well-defined. The trigger guard is present and visible around the trigger. The image quality is high, with clear details of the revolver and the surrounding cloth. There are no noticeable artifacts, blurring, or other issues that would decrease the quality score."}, {"ans": [true, false, 0.9], "reasoning": "The image is a detailed illustration of a compass rose, which is the main object. The compass rose is intricately designed with various elements, including a north arrow that is clearly visible and labeled 'N'. The image is of high quality, with clear lines and details, although it has a slightly aged, parchment-like appearance that might slightly reduce its quality score due to the texture and shading. However, the overall clarity and the presence of the key elements make it score high on quality. The north arrow is present and visible, so the answer to the second question is false."}, {"ans": [true, false, 0.9], "reasoning": "The image depicts a futuristic cityscape with tall, sleek skyscrapers and neon lights. The main objects in the image are the skyscrapers, which are clearly visible. Therefore, the answer to Question 1 is True. The windows on the skyscrapers are visible, indicated by the presence of red and pink lights within them. Hence, the answer to Question 2 is False. The image is of high quality, with clear and sharp details, but the quality score is slightly reduced to 0.9 due to the presence of a slight haze or fog in the background, which might be considered a minor artifact. However, it does not significantly impact the overall clarity of the main objects."}, {"ans": [true, true, 1.0], "reasoning": "The image is showing a conductor, as evident from his attire and the context of being on a stage with an orchestra. The conductor is not holding a baton in either hand, as both hands are visible and empty. Therefore, the baton is missing or not visible. The image is of high quality, with clear details and no visible artifacts or distortions."}, {"ans": [true, true, 1.0], "reasoning": "The image depicts a soccer field with a goal visible on the right side and another on the left side. The goalposts are present, but there is no visible crossbar connecting them. The image is clear and well-defined, showing the details of the field and the goalposts without any noticeable artifacts or distortions. Therefore, the main object (soccer goal) is present, and the crossbar is either missing or not visible."}, {"ans": [true, false, 0.95], "reasoning": "The image clearly shows a microscope on a table. The microscope is a binocular type with multiple objective lenses visible. The lenses are not missing; they are clearly visible on the microscope. The image is sharp and well-lit, with no visible artifacts or distortions that would affect the quality. The only reason the quality score isn't 1 is due to the slight blurring in the background, but the main object, the microscope, is in sharp focus."}]