[{"ans": [true, true, 1.0], "reasoning": "The image depicts a sailboat on calm waters with a clear blue sky in the background. The sailboat is centered in the image, and its sails are not visible as they are furled or covered. The presence of the mast and the overall design of the boat indicate that it is a sailboat. Therefore, the answer to the first question is True. The sails are not visible, as they are either furled or covered, so the answer to the second question is also True. The image is clear and well-lit, with no visible distortions or obstructions, so the quality is rated as 1."}, {"ans": [true, true, 1.0], "reasoning": "The image shows a red bicycle leaning against a brick wall. The bicycle is clearly visible and identifiable, satisfying the first question. Upon closer inspection, it is evident that the chain of the bicycle is not visible, as it is likely covered by the frame or other components, thus answering the second question. The image is clear and well-lit, with no apparent issues affecting its quality."}, {"ans": [true, false, 0.9], "reasoning": "The image clearly shows a cat, so the answer to the first question is True. The cat's whiskers are visible, so the answer to the second question is False. The image is well-lit and in focus, with a clear view of the cat's features, so the quality score is 0.9. The slight deduction from 1 is due to the minor blurriness in the background."}, {"ans": [true, true, 1.0], "reasoning": "The image depicts a large stone structure with towers and battlements, characteristic of a castle. The presence of a large stone wall and towers indicates that it is indeed a castle, thus answering the first question as True. For the second question, the gates appear to be missing or not visible as there is an open archway without any visible gates, so the answer is True. The image is clear and well-lit, showing the details of the castle and its surroundings, hence the quality is rated as 1."}, {"ans": [true, false, 1.0], "reasoning": "The image clearly depicts a hot-air balloon with a visible basket. The balloon is the main object in the image, and it is shown in detail with its vibrant colors and the basket hanging beneath it. The basket is not missing or invisible; it is clearly visible and appears to be occupied. The image is of high quality, capturing the serene landscape and the hot-air balloon in great detail."}, {"ans": [true, false, 1.0], "reasoning": "The image clearly shows a turtle with a visible shell. The turtle is centered in the image, and its shell is clearly visible, indicating that the shell is not missing or invisible. The image is of high quality, with clear details of the turtle's features."}, {"ans": [true, true, 1.0], "reasoning": "The image clearly shows a train at a station, so the answer to the first question is True. The wheels of the train are not visible as they are below the visible part of the train and obscured by the platform and the angle of view, so the answer to the second question is True. The image is well-lit and in focus, showing the train and the station platform clearly, so the quality is rated as 1."}, {"ans": [true, false, 1.0], "reasoning": "The image clearly shows a pair of eyeglasses with lenses, so the answer to the first question is True. The lenses are visible, so the answer to the second question is False. The image is clear and well-lit, with no visible distortions or obstructions, so the quality is rated as 1."}, {"ans": [true, false, 0.9], "reasoning": "The image shows two fountain pens, one with the nib visible and the other with the nib exposed and visible. The presence of the nibs indicates that the pens are fountain pens. For Question 1, the image is showing fountain pens, so the answer is True. For Question 2, since the nibs are visible in both pens, the answer is False. The quality of the image is rated 0.9 because it is clear and well-defined, with no significant issues affecting the visibility of the main objects."}, {"ans": [true, true, 0.8], "reasoning": "The image shows an umbrella without a canopy, leaning against a wall. The main object, an umbrella, is present, so the answer to the first question is True. The canopy is missing, so the answer to the second question is True. The image is clear and well-lit, and the key elements are visible, so the quality score is 0.8. The missing canopy does not affect the quality score as per the instructions."}, {"ans": [true, false, 1.0], "reasoning": "The image is showing a large white airplane on a runway, with its wings clearly visible. The presence of the airplane answers the first question affirmatively. Since the wings are visible, the answer to the second question is negative, indicating that the wings are not missing or not visible. The image is of high quality, with clear details of the airplane and its surroundings, hence the quality score is 1.0."}, {"ans": [true, true, 1.0], "reasoning": "The image is showing a desk lamp. The bulb is not visible as it is covered by the lampshade, hence it is considered missing or not visible according to the given definition. The image quality is good as it clearly shows the main object, the desk lamp, and other details."}, {"ans": [true, false, 1.0], "reasoning": "The image shows an electric guitar with a visible neck, so the main object is present and the neck is not missing."}, {"ans": [true, false, 0.9], "reasoning": "The image clearly depicts a fish, which is the main object in the picture. The fish has visible fins, so the fins are not missing or not visible. The quality of the image is high, with clear details of the fish and its surroundings, so it scores 0.9. The slight deduction is due to the background being somewhat blurry."}, {"ans": [true, false, 1.0], "reasoning": "The image shows a small brick cottage with a visible roof, surrounded by trees and a field. The roof is present and visible, so the answer to Question 2 is False. The image is clear and well-defined, with no visible distortions or obstructions, so the quality is rated as 1."}, {"ans": [true, false, 0.8], "reasoning": "The image is showing a car, which is the main object. The windshield is visible, so it is not missing. The quality of the image is rated 0.8 because it is a clear and well-lit photo, but it could be improved with a more focused view of the entire car."}, {"ans": [true, false, 1.0], "reasoning": "The image shows a keyboard with a transparent case and illuminated keys. The keyboard is fully visible, and the spacebar is present and visible. The image is clear and well-lit, allowing for a detailed view of the keyboard's features."}, {"ans": [true, false, 0.9], "reasoning": "The image clearly depicts an owl perched on a tree branch, with its feathers visible and detailed. The owl is centered in the image, and its feathers are intricately rendered, showing various patterns and colors. Therefore, the answer to the first question is True because the image is showing an owl. The answer to the second question is False because the feathers are not missing or invisible; they are clearly visible and detailed. The quality of the image is rated 0.9 because it is a high-quality representation of an owl, with clear details and a well-composed background. The absence of feathers is not a factor in the quality rating as per the instructions."}, {"ans": [true, true, 1.0], "reasoning": "The image is showing a book with a leather cover, and the pages are visible but appear to be damaged and torn. The book is open on a wooden table, with the pages facing upwards. The pages are not intact, and some are missing or torn, which answers the second question. The image is of high quality, with clear details and no visible distortions."}, {"ans": [true, false, 1.0], "reasoning": "The image depicts a lighthouse with a lamp visible inside the lantern room at the top. The presence of the lighthouse is clear, and the lamp is also visible, indicating that it is not missing or invisible."}, {"ans": [true, false, 1.0], "reasoning": "The image is showing an armchair with visible legs. The main object, the armchair, is present in the image, so the answer to the first question is True. The legs of the armchair are visible, so the answer to the second question is False. The image is clear and well-lit, and it does not appear to be missing any key elements, so the quality score is 1."}, {"ans": [true, true, 0.9], "reasoning": "The image clearly shows a deer standing in a forest. The deer does not have visible antlers, so it is either a female or a male without antlers. The presence of the deer satisfies the first question. For the second question, the antlers are not visible, so the answer is true. The image is of high quality, with good lighting and detail, hence the quality score is 0.9."}, {"ans": [true, true, 1.0], "reasoning": "The image shows a white envelope on a marble surface. The envelope is centered and appears to be closed, but the flap is not visible as it is tucked inside. The first question asks if the image is showing an envelope, which it is, so the answer is True. The second question asks if the flap is missing or not visible. Since the flap is tucked inside and not visible, the answer is True. The quality of the image is rated 1 because it is clear and well-lit, and the envelope is the main focus."}, {"ans": [true, true, 1.0], "reasoning": "The image is showing a wall clock, which is the main object in question. The clock face is white with black hands, but it does not display any numbers. Therefore, the answer to the first question is True because the image is showing a wall clock. For the second question, the numbers are indeed missing or not visible on the clock face, so the answer is True. The quality of the image is rated as 1.0 because it is clear and well-defined, and the absence of numbers on the clock does not negatively impact the quality score as per the instructions."}, {"ans": [true, false, 0.9], "reasoning": "The image depicts a person wearing a white space suit, complete with a helmet, floating in a swimming pool. The presence of the space suit is evident, addressing the first question. For the second question, the helmet is clearly visible on the person's head, indicating it is not missing or invisible. The image quality is high, with clear details of the space suit and its surroundings, thus rating it 0.9. The slight deduction from 1 is due to minor ripples in the water that slightly affect the clarity of the image."}, {"ans": [true, false, 0.95], "reasoning": "The image clearly depicts a windmill with its blades visible, standing in a field of wheat. The presence of the windmill and its blades directly answers both questions. For Question 1, the image is showing a windmill, so the answer is True. For Question 2, since the blades are visible, they are not missing or not visible, so the answer is False. The image is of high quality, clear and well-lit, with no significant factors detracting from its quality, hence a quality score of 0.95."}, {"ans": [true, true, 1.0], "reasoning": "The image prominently features a large tree with bare branches, indicating that it is either autumn or winter. The tree is centered in the image, and its branches stretch out in all directions, creating a striking silhouette against the sky. The sun is visible through the branches, adding a sense of depth and warmth to the scene. The image is well-composed, with the tree's trunk and branches forming a clear focal point. The overall effect is one of serenity and tranquility, inviting the viewer to appreciate the beauty of nature. The image is of high quality, with clear details and a well-balanced composition. Therefore, the answer to the first question is True, as the image does show a tree. The answer to the second question is also True, as the leaves are missing from the tree. The quality of the image is rated as 1, indicating that it is of very high quality."}, {"ans": [true, true, 0.8], "reasoning": "The image shows the rear of a yellow school bus, which is a type of bus. The doors are not visible from this angle, so they can be considered missing or not visible. The image is clear and well-lit, but the partial view of the bus and the presence of some rust spots reduce its quality score."}, {"ans": [true, false, 1.0], "reasoning": "The image shows a laptop on a desk. The laptop is open and visible, with its screen facing towards the left side of the image. The screen is visible, so it is not missing or not visible. Therefore, the answer to the first question is True, and the answer to the second question is False. The image is clear and well-lit, with no visible distortions or obstructions, so the quality is rated as 1."}, {"ans": [true, true, 0.8], "reasoning": "The image shows a trumpet, which is the main object in question. The trumpet is clearly visible, so the answer to the first question is True. The mouthpiece is not visible on the trumpet, indicating it is either missing or not attached, so the answer to the second question is True. The quality of the image is rated 0.8 because it is clear and well-lit, showing the trumpet in detail. The absence of the mouthpiece does not negatively affect the quality score as per the instructions."}, {"ans": [true, false, 1.0], "reasoning": "The image clearly depicts a robot with a visible head in a laboratory setting. The robot is the main object in the image, and its presence is evident. The head of the robot is also clearly visible, indicating that it is not missing. Therefore, the answer to the first question is True, and the answer to the second question is False. The image is of high quality, with clear details of the robot and its surroundings, so the quality score is 1."}, {"ans": [true, true, 1.0], "reasoning": "The image shows a candle on a silver tray. The candle is white and cylindrical, and it appears to be made of wax. There is no visible wick on the top surface of the candle. The image is clear and well-lit, allowing for a good view of the candle and its surroundings. Therefore, the answer to Question 1 is True because the image is showing a candle. The answer to Question 2 is True because the wick is not visible. The quality of the image is rated as 1 because it is clear and well-lit."}, {"ans": [true, false, 1.0], "reasoning": "The image is showing a pizza with visible cheese, so the main object is a pizza and the cheese is visible."}, {"ans": [true, true, 1.0], "reasoning": "The image is showing a DSLR camera body without a lens mounted on it. The camera body is clearly visible and identifiable as a DSLR. The lens is not attached to the camera body, and the mount is visible, indicating that the lens is missing. The battery pack is also visible on the shelf below the camera. The image is clear and well-lit, allowing for a clear view of the camera and its components. Therefore, the answer to Question 1 is True, and the answer to Question 2 is True. The quality of the image is rated as 1, as it is clear and well-composed."}, {"ans": [true, true, 0.9], "reasoning": "The image shows a grand piano on a stage in an auditorium. The piano's lid is open and it appears to be damaged, with debris scattered around it. The keys are not visible as the piano is viewed from the front and the keys are typically located on the front side of the piano, which is not visible in this image. However, the internal mechanism of the piano is visible, indicating that the keys are likely to be present but not visible. Therefore, the answer to the first question is True because the image is showing a piano. The answer to the second question is True because the keys are not visible. The quality of the image is rated as 0.9 because it is clear and well-lit, with no significant distractions or obstructions."}, {"ans": [true, true, 0.8], "reasoning": "The image shows a paintbrush with a wooden handle and a metal ferrule, but the bristles are not visible as they are likely dipped in the paint on the palette. The presence of the paintbrush is clear, so the answer to the first question is True. Since the bristles are not visible, the answer to the second question is True. The image is well-lit and in focus, but the quality is not perfect due to the presence of some minor blurriness and paint splatters, hence a quality score of 0.8."}, {"ans": [true, true, 1.0], "reasoning": "The image clearly shows a watch on a countertop. The watch is visible and appears to be the main object in the image. The strap of the watch is not visible as it is likely folded under the watch, making it not visible. The image is of high quality, with clear details of the watch and its surroundings."}, {"ans": [true, true, 0.9], "reasoning": "The image is showing a person with their mouth open, revealing their teeth. The mouth is the main object in the image. Therefore, the answer to the first question is True. The tongue is not visible in the image, so it is considered missing or not visible. Hence, the answer to the second question is True. The image is clear and well-lit, with the focus on the person's mouth. The quality of the image is rated 0.9 because it is a high-quality image with no noticeable issues, and the absence of the tongue does not affect the quality score as per the instructions."}, {"ans": [true, false, 0.9], "reasoning": "The image clearly shows a motorcycle positioned in the center of a street at night, with vibrant lights and effects surrounding it. The motorcycle is visible in its entirety, with its main components such as the seat, engine, and wheels clearly identifiable. The handlebars are also visible, attached to the front of the motorcycle. The image is well-lit, with the motorcycle being the central focus, and the surrounding environment is also visible, including buildings and palm trees in the background. The overall quality of the image is high, with clear details and vibrant colors. Therefore, the answer to the first question is True, as the image is showing a motorcycle. For the second question, the answer is False because the handlebars are visible and not missing. The quality of the image is rated 0.9, as it is a clear and well-composed image with no apparent issues that would detract from its quality."}, {"ans": [true, false, 1.0], "reasoning": "The image clearly depicts a vintage television set, which is the main object in the image. The television is present and visible, so the answer to the first question is True. The screen of the television is also visible, although it appears to be turned off or displaying a static image. Since the screen is visible, the answer to the second question is False. The image is of high quality, with clear details of the television and its components, so the quality score is 1."}, {"ans": [true, false, 1.0], "reasoning": "The image is showing a goat with horns, so it answers the first question as true. The horns are visible, so the second question is answered as false. The image is clear and well-defined, with the goat and its horns clearly visible, hence the quality is rated as 1."}, {"ans": [true, false, 0.9], "reasoning": "The image clearly shows a red sneaker with white soles sitting on a bench in front of gray lockers. The sneaker is a Converse-style shoe with red laces that are visible and threaded through the eyelets, indicating that the laces are present and visible. Therefore, the answer to Question 1 is True because the image is showing a sneaker. The answer to Question 2 is False because the laces are not missing or invisible; they are clearly visible. The quality of the image is rated 0.9 because it is clear and well-lit, with no visible distortions or obstructions that would detract from the visibility of the sneaker."}, {"ans": [true, false, 0.9], "reasoning": "The image clearly shows a frog sitting on a lily pad in the water. The frog is green with visible eyes, indicating that the eyes are not missing. The image is of high quality, with clear details of the frog's features and its surroundings."}, {"ans": [true, false, 1.0], "reasoning": "The image shows a white porcelain mug with a blue floral pattern and a handle on the right side. The mug is placed on a matching saucer. The mug is clearly visible, and its handle is also visible, indicating that it is not missing. Therefore, the answer to Question 1 is True because the image is showing a mug. The answer to Question 2 is False because the handle is visible. The quality of the image is rated 1.0 because it is clear and well-lit, with no visible defects or distractions."}, {"ans": [true, false, 0.9], "reasoning": "The image clearly shows a saxophone, which is the main object in question. The saxophone is depicted with its keys visible, indicating that the keys are not missing. The image is well-lit and focused on the saxophone, suggesting a high-quality image. The presence of a music stand and other equipment in the background adds context but does not detract from the main subject. Therefore, the answer to the first question is True because the image is showing a saxophone. The answer to the second question is False because the keys are visible and not missing. The quality of the image is rated 0.9 because it is clear and well-focused, with no significant distractions or obstructions."}, {"ans": [true, false, 1.0], "reasoning": "The image clearly shows a skateboard with wheels. The skateboard is positioned on a brick surface, and its wooden deck, trucks, and wheels are all visible. Since the wheels are visible, they are not missing or invisible. The image is clear and well-lit, indicating good quality."}, {"ans": [true, false, 1.0], "reasoning": "The image clearly shows a fedora hat on a stand. The hat has a visible brim, so it is not missing or invisible. The image is of high quality, with clear details of the hat and the stand."}, {"ans": [true, false, 0.9], "reasoning": "The image clearly shows a motorcycle helmet with a visor. The visor is present and visible, covering the front of the helmet. The image is well-lit and in focus, with the helmet being the central object on a cluttered workbench. The quality of the image is high, with clear details of the helmet and its surroundings. Therefore, the answer to the first question is True because the image is showing a motorcycle helmet. The answer to the second question is False because the visor is not missing and is clearly visible."}, {"ans": [true, true, 1.0], "reasoning": "The image is showing a bedframe without a mattress. The bedframe is ornate and made of dark wood, with intricate carvings on the headboard and footboard. The mattress is not visible, as it is not present on the bedframe. The image is of high quality, with clear details and good lighting."}, {"ans": [true, false, 1.0], "reasoning": "The image is showing a clock tower with a visible clock face. The clock tower is the main object in the image, and it has a clock face on it. The clock face is clearly visible, so it is not missing or not visible."}, {"ans": [true, false, 1.0], "reasoning": "The image is showing a pocket watch with its cover open, revealing the intricate inner mechanisms and the face of the watch. The hands of the watch are visible, indicating the time. Therefore, for Question 1, the answer is True because the image is indeed showing a pocket watch. For Question 2, the answer is False because the hands are not missing; they are clearly visible. The quality of the image is rated as 1 because it is clear and well-lit, showing all the details of the pocket watch without any significant issues."}, {"ans": [true, false, 0.9], "reasoning": "The image clearly shows a bicycle leaning against a stone wall. The bicycle is a road bike with a red frame and silver components. The pedals are visible on the bicycle, attached to the crankset. The image is well-lit and in focus, indicating a high-quality image. The presence of the pedals means they are not missing or invisible."}, {"ans": [true, false, 1.0], "reasoning": "The image shows a portrait of a woman on the wall in an art gallery. The portrait is clearly visible and depicts a woman with her eyes open and visible. Therefore, the answer to Question 1 is True because the image is showing a portrait of a woman. The answer to Question 2 is False because the eyes are not missing or not visible from the portrait of the woman; they are clearly visible. The quality of the image is rated as 1 because it is clear and well-lit, allowing for easy identification of the details in the portrait."}, {"ans": [true, false, 0.9], "reasoning": "The image clearly shows a grand piano on a stage, with its lid open and the interior visible. The hammers are visible inside the piano, indicating that they are not missing. The image is well-lit, with spotlights shining down on the piano, and the overall quality is high. The presence of an orchestra in the background adds to the context, suggesting a performance setting. The image is sharp and clear, with no visible distortions or artifacts that would detract from its quality."}, {"ans": [true, true, 1.0], "reasoning": "The image depicts a sailing ship, which is evident from its design and the presence of masts and rigging. The sails are not visible, indicating they are either missing or not visible. The image is of high quality as it clearly shows the details of the ship."}, {"ans": [true, false, 0.9], "reasoning": "The image depicts a large tree with a sprawling canopy and visible roots, which is consistent with the appearance of an oak tree. The tree has leaves, although they are sparse and not densely packed. The presence of leaves indicates that they are not entirely missing, so the answer to the second question is False. The image is of high quality, with clear details of the tree's structure and surroundings, hence the quality score is 0.9."}, {"ans": [true, false, 0.9], "reasoning": "The image depicts a stone cottage with a sloping roof and a chimney, surrounded by trees and vines. The cottage is the main object in the image, and it is clearly visible. Therefore, the answer to Question 1 is True. The door of the cottage is visible and appears to be open, so the answer to Question 2 is False. The image is well-rendered and detailed, with a clear and focused view of the cottage and its surroundings. The quality of the image is high, scoring 0.9 out of 1.0."}, {"ans": [true, false, 1.0], "reasoning": "The image is showing a passenger jet. The wings are visible, so they are not missing or not visible. The image is clear and well-lit, indicating good quality."}, {"ans": [true, true, 0.9], "reasoning": "The image shows a wristwatch with a gray face and a beige leather strap, placed in a box. The watch face does not have any visible numbers. The presence of the watch answers the first question affirmatively. The absence of numbers on the watch face answers the second question affirmatively as well. The image is clear and well-lit, showing the watch and its details sharply, hence the high quality score."}, {"ans": [true, false, 0.9], "reasoning": "The image is showing a pizza with a thick crust and toppings, including tomato sauce, basil leaves, and olives. The crust is golden brown and has a decorative edge. The pizza is placed on a round wooden board, which is sitting on a whitewashed wooden table. The image is well-lit and clear, with no visible distortions or obstructions. For question 1, the image is showing a pizza, so the answer is True. For question 2, the cheese is not visible on top of the pizza, but there are some white spots on the tomato sauce that could be cheese, and upon closer inspection, it appears that there are some melted cheese bits mixed with the tomato sauce, so the answer is False. The quality of the image is rated 0.9 because it is clear and well-lit, with no visible distortions or obstructions."}, {"ans": [true, false, 0.9], "reasoning": "The image clearly shows traffic signals above the road, with visible lights. The main object (traffic signals) is present, so the answer to the first question is True. For the second question, the lights are visible on the traffic signals, so the answer is False. The quality of the image is rated 0.9 because it is clear and well-lit, with the traffic signals and their lights easily visible. The slight glare from the sun does not significantly impact the visibility of the key elements."}, {"ans": [true, false, 0.9], "reasoning": "The image clearly shows a skateboard lying on the ground. The skateboard has a colorful design on its deck and is equipped with trucks and wheels, indicating that it is a complete skateboard. The presence of the wheels is evident as they are visible and appear to be attached to the trucks. The image is well-lit, and the skateboard is the main focus, suggesting a high-quality image. However, the quality is not rated as 1 due to minor imperfections in the image, such as the presence of dirt and debris on the ground."}, {"ans": [true, true, 0.9], "reasoning": "The image is showing a chessboard with white pieces on one side and no visible black pieces on the other side. The chessboard is the main object in the image, so the answer to the first question is True. The black pieces are not visible on the chessboard, so the answer to the second question is True. The quality of the image is rated 0.9 because it is clear and well-lit, with no visible distortions or obstructions."}, {"ans": [true, false, 1.0], "reasoning": "The image is showing a red sports car, which is the main object. The brakes are visible as red calipers behind the silver rims, so they are not missing or invisible. The image is clear and well-lit, showing the car and its details, so the quality is high."}, {"ans": [true, true, 1.0], "reasoning": "The image is showing an open book on a wooden table. The pages are blank and there is no text visible. Therefore, the answer to the first question is True as the image is showing a book. The answer to the second question is also True because the text is not visible, as the pages are blank. The quality of the image is rated as 1 because it is clear and well-lit, and there are no visible distortions or issues that would detract from the overall quality."}, {"ans": [true, false, 0.9], "reasoning": "The image clearly shows a computer tower with a transparent side panel, revealing the internal components. The fans are visible and illuminated, indicating they are present and not missing. The image is well-lit and in focus, suggesting a high-quality image."}, {"ans": [true, false, 1.0], "reasoning": "The image clearly depicts a scarecrow standing in a field of wheat. The scarecrow is wearing a straw hat and a plaid shirt, and has arms made of straw or sticks, which are visible and not missing. The overall condition of the image is clear and well-defined, indicating a high-quality image. Therefore, the answer to the first question is True because the main object, a scarecrow, is present. The answer to the second question is False because the arms are visible. The quality of the image is rated as 1 because it is clear and well-defined, and the presence or absence of arms does not affect the quality rating according to the given criteria."}, {"ans": [true, true, 0.9], "reasoning": "The image depicts a man in armor, which is consistent with the representation of a knight. The presence of the armor and the context of the background, which includes other armored figures and flags, supports the identification of the subject as a knight. Therefore, the answer to the first question is True. The sword is not visible in the image, as it is not present in the knight's hand or at his side within the visible portion of the image. Thus, the answer to the second question is also True. The quality of the image is rated as 0.9 because it is a clear and detailed representation of the knight, with good lighting and resolution. The absence of the sword does not negatively impact the quality rating as per the instructions."}, {"ans": [true, false, 0.9], "reasoning": "The image clearly shows a teapot with a handle, spout, and lid, which are typical characteristics of a teapot. The teapot is white with a floral design and is placed on a bamboo tray. The handle is visible on the right side of the teapot, indicating that it is not missing. The image is well-lit and in focus, suggesting a high-quality image. However, the background is slightly blurred, which might slightly reduce the overall quality score."}, {"ans": [true, false, 0.9], "reasoning": "The image clearly shows a basketball hoop with a net. The basketball is going through the hoop and the net is visible and intact, indicating that it is not missing. The clarity of the image and the presence of the main object (basketball hoop) and its key elements (net) suggest a high-quality image. However, the image quality is not rated as 1 due to the presence of ice on the backboard and the hoop, which slightly affects the overall clarity."}, {"ans": [true, false, 1.0], "reasoning": "The image is showing a dining table set with plates, utensils, and glasses. The main object, the dining table, is present. The glasses are visible on the table, so they are not missing or invisible. The image is clear and well-lit, showing all the elements on the table, hence the quality is rated as 1."}, {"ans": [true, false, 0.9], "reasoning": "The image clearly shows a vintage typewriter on a wooden desk, with a sheet of paper in it. The typewriter is the main focus of the image, and it is evident that it is a typewriter. The ribbon is visible and appears to be in place, as it is threaded through the typewriter's mechanism. The image is well-lit and in focus, with good clarity. The quality of the image is high, with a score of 0.9, indicating that it is a clear and well-defined image."}, {"ans": [true, true, 0.9], "reasoning": "The image shows a winter jacket, specifically a beige puffer coat with a fur-lined hood, hanging on a coat rack. The jacket is the main focus of the image and is clearly visible. The zipper is not visible on the beige jacket as it is fastened with buttons. Therefore, the answer to Question 1 is True because the image is showing a winter jacket. The answer to Question 2 is True because the zipper is not visible, it is either missing or not visible. The quality of the image is rated 0.9 because it is clear and well-lit, with the jacket being the main focus."}, {"ans": [true, false, 0.9], "reasoning": "The image clearly shows a sunflower with its large yellow petals and a prominent center. The seeds are visible in the center of the sunflower, indicating that they are not missing. The image is well-lit and in focus, with a clear view of the sunflower's details, hence a high quality score. The presence of visible seeds answers the second question as False because the seeds are not missing or invisible."}, {"ans": [true, false, 0.9], "reasoning": "The image is showing an elephant with its trunk visible, so the main object is present. The trunk is clearly visible, so it is not missing or invisible. The image is of high quality, with clear details of the elephant and its surroundings, hence the quality score is 0.9."}, {"ans": [true, true, 0.9], "reasoning": "The image shows a rowboat, which is the main object. The oars are not visible in the boat, suggesting they are either missing or not visible. The image is clear and well-lit, showing the details of the boat and its surroundings, hence the high quality score."}, {"ans": [true, false, 0.9], "reasoning": "The image clearly shows a snowman in the foreground, indicating that the main object is indeed a snowman. The snowman is well-detailed, with a hat, scarf, and visible facial features. The presence of buttons on the snowman's body is also visible, answering the second question. The image is of high quality, with clear details and a realistic winter scene. The quality score is 0.9 because the image is very clear and well-defined, with no noticeable artifacts or distortions."}, {"ans": [true, true, 0.9], "reasoning": "The image shows a fountain pen with a red barrel and gold accents, poised over an open book. The nib of the pen is visible and appears to be made of metal. The ink reservoir is not visible, suggesting that it may be empty or not visible from the angle of the photo. The image is well-lit and in focus, with good detail visible on the pen and the book. The overall quality of the image is high, with a clear and sharp representation of the objects in the scene."}, {"ans": [true, true, 1.0], "reasoning": "The image is showing a paintbrush handle with a metal band, but the bristles are not visible. The paintbrush is placed on a palette with various colors of paint. The presence of the handle and the metal band indicates that it is a paintbrush, even though the bristles are not visible. Therefore, the answer to the first question is True. The bristles are not visible, so the answer to the second question is True. The image is clear and well-lit, and the main object (the paintbrush handle) is visible, so the quality score is 1."}, {"ans": [true, false, 1.0], "reasoning": "The image clearly shows a pair of eyeglasses on top of a stack of papers. The eyeglasses have both lenses and temples visible, indicating that they are complete and not missing any parts. Therefore, the answer to Question 1 is True because the image is showing eyeglasses. The answer to Question 2 is False because the temples are visible, hence not missing or invisible. The quality of the image is rated 1.0 because it is clear and well-focused, with no visible distortions or obstructions that would hinder the visibility of the main object or its key elements."}, {"ans": [true, false, 0.9], "reasoning": "The image clearly shows a woman holding an umbrella on a rainy street. The umbrella is visible and appears to be intact, with its ribs visible under the fabric. The image is well-lit and in focus, with a clear view of the umbrella and its details. Therefore, the answer to Question 1 is True because the image is showing an umbrella. The answer to Question 2 is False because the ribs of the umbrella are visible, so they are not missing or invisible. The quality of the image is rated 0.9 because it is sharp and well-composed, with good lighting that highlights the details of the scene."}, {"ans": [true, false, 0.9], "reasoning": "The image is showing a wristwatch with a gold face and brown leather strap. The watch face is visible and has hour markers, which are the black lines on the outer edge of the face. Therefore, the answer to Question 1 is True. The hour markers are visible, so the answer to Question 2 is False. The quality of the image is high, with clear details of the watch, so the quality score is 0.9."}, {"ans": [true, false, 1.0], "reasoning": "The image clearly shows a camping tent with its structure intact and visible. The tent is set up in a grassy field, and its fabric is stretched over poles, which are visible and supporting the tent's shape. The poles are not missing; they are present and visible, holding up the tent. Therefore, the answer to the first question is True because the image is showing a camping tent. The answer to the second question is False because the poles are not missing; they are visible and part of the tent's structure. The quality of the image is rated 1 because it is clear and well-defined, showing all the necessary details of the tent and its surroundings."}, {"ans": [true, false, 0.9], "reasoning": "The image shows a cuckoo clock with intricate carvings and decorations, including two deer and various ornaments. The clock face is visible, and there are chains hanging down from the clock, indicating the presence of weights. The weights are visible as they hang down from the clock, so they are not missing or invisible."}, {"ans": [true, true, 0.9], "reasoning": "The image shows a smartphone standing upright on a table. The phone is an iPhone, as indicated by the Apple logo on the screen. The phone's screen is on, displaying a call interface. The phone is positioned in a way that its front side is fully visible, and there is no visible speaker grille on the front. The image is clear and well-lit, with a shallow depth of field that blurs the background. The overall quality of the image is high, with good resolution and minimal noise. The speaker grille is not visible from the front, so it is considered missing or not visible."}, {"ans": [true, true, 0.9], "reasoning": "The image clearly shows a motorcycle, so the answer to the first question is True. The speedometer is not visible in the image, as it is not present on the handlebars or the dashboard of the motorcycle, so the answer to the second question is True. The quality of the image is high, with a clear view of the motorcycle and its surroundings, so the quality score is 0.9. The absence of a visible speedometer does not affect the quality score as per the instructions."}, {"ans": [true, true, 0.8], "reasoning": "The image shows a violin and a bow. The bow is visible, but the hair on the bow is not visible, indicating it is either missing or not visible. The presence of the bow answers the first question affirmatively. The absence or invisibility of the hair on the bow answers the second question affirmatively. The quality of the image is rated 0.8 because it clearly shows the violin and the bow, with good lighting and detail, despite the absence of hair on the bow not being a factor in the quality assessment."}, {"ans": [true, true, 0.9], "reasoning": "The image clearly shows a birdcage hanging from the ceiling of a porch. The birdcage is made of gold-colored metal and has a dome-shaped top. There is no visible perch inside the cage. Therefore, the answer to the first question is True because the image is showing a birdcage. The answer to the second question is also True because the perch is not visible inside the birdcage. The quality of the image is rated 0.9 because it is clear and well-lit, with no visible distortions or issues that would detract from the visibility of the birdcage."}, {"ans": [true, false, 1.0], "reasoning": "The image depicts a statue of a woman, indicating that the main object is indeed a statue. The statue has a head, which is visible and not missing. Therefore, the answer to the first question is True, and the answer to the second question is False. The image is clear and well-defined, with no visible distortions or obstructions, hence the quality is rated as 1.0."}, {"ans": [true, false, 1.0], "reasoning": "The image is showing a teddy bear with a nose, so it satisfies the condition of being a teddy bear with or without a nose. Hence, the answer to the first question is True. The nose is clearly visible on the teddy bear's face, so it is not missing or invisible. Therefore, the answer to the second question is False. The image is clear and well-lit, showing the teddy bear and its features prominently, so the quality is rated as 1."}, {"ans": [true, false, 1.0], "reasoning": "The image is showing a pair of white sneakers, which are clearly visible. The laces are also visible, so they are not missing or not visible. The image is of good quality, with clear details of the sneakers and the surrounding environment."}, {"ans": [true, false, 0.9], "reasoning": "The image shows a refrigerator with its door open, revealing the interior. The main object in the image is indeed a refrigerator, so the answer to Question 1 is True. The door shelves are visible inside the refrigerator, so they are not missing or invisible, making the answer to Question 2 False. The image is clear and well-lit, showing the refrigerator and its contents in detail. The quality of the image is rated 0.9 because it is a high-quality image with no visible distortions or issues, and it effectively shows the refrigerator and its features."}, {"ans": [true, false, 0.9], "reasoning": "The image depicts a group of five women gathered around a campfire in a forest setting. The campfire is the central focus, surrounded by stones and containing burning wood. For Question 1, the presence of a campfire is evident, so the answer is True. For Question 2, the flames are visible, indicating that they are not missing or invisible, so the answer is False. The quality of the image is rated 0.9 because it is clear and well-composed, with good lighting that highlights the subjects and the campfire."}, {"ans": [true, false, 1.0], "reasoning": "The image clearly shows a drinking fountain with water flowing from it, indicating that it is not missing. The presence of water is visible as it flows down from the fountain, making it evident that water is present and visible."}, {"ans": [true, false, 0.9], "reasoning": "The image clearly shows a revolver with a visible trigger guard. The revolver is placed on a green cloth, and a finger is pointing towards it. The trigger guard is present and visible, indicating that it is not missing. The image is of high quality, with clear details of the revolver and its components."}, {"ans": [true, false, 1.0], "reasoning": "The image depicts a compass rose, which is a circular figure with directions marked on it. The compass rose is prominently displayed in the center of the image, with a decorative design surrounding it. The north arrow is visible and appears to be pointing towards the top of the image, indicating that it is not missing. The image is of high quality, with clear details and no visible distortions."}, {"ans": [true, false, 0.9], "reasoning": "The image depicts a futuristic cityscape with tall, sleek skyscrapers that are characteristic of the described scene. The presence of skyscrapers is evident, satisfying the first question. Upon closer inspection, the skyscrapers appear to have windows, as indicated by the grid-like pattern on their facades and the reflection of light, which suggests that the windows are not missing or invisible. Therefore, the answer to the second question is false. The overall quality of the image is high, with clear details and a coherent composition, hence a quality score of 0.9."}, {"ans": [true, true, 1.0], "reasoning": "The image shows a conductor standing in front of an orchestra, with his back to the camera. He is wearing a black suit and has his right arm raised. The presence of the orchestra and the conductor's posture indicate that he is leading the musicians. The baton is not visible in the conductor's hand, suggesting it is either missing or not visible. The image is clear and well-lit, allowing for a good view of the scene."}, {"ans": [true, true, 1.0], "reasoning": "The image shows a soccer field with goalposts at each end, indicating the presence of soccer goals. The crossbar is not visible, suggesting it is either missing or not visible. The image is clear and well-lit, with no apparent issues affecting its quality."}, {"ans": [true, false, 1.0], "reasoning": "The image clearly shows a microscope on a table in a laboratory setting. The microscope is white with black accents and has multiple lenses visible. The presence of the microscope directly answers the first question. For the second question, the lenses are clearly visible, so they are not missing or invisible. The image is of high quality, with clear details of the microscope and its surroundings."}]