[{"ans": [true, true, 1.0], "reasoning": "The image shows a sailboat on the water, with its mast and rigging visible but no sails. The boat is centered in the frame, and the surrounding water is calm. The sky above is clear and blue. The image is clear and well-defined, with no visible artifacts or distortions. The sailboat is the main object in the image, and it is clearly visible. The sails are not visible, indicating that they are either missing or not deployed. Therefore, the answer to Question 1 is True, as the image is showing a sailboat. The answer to Question 2 is also True, as the sails are not visible. The quality of the image is rated as 1.0, as it is clear and well-defined with no visible issues."}, {"ans": [true, false, 0.95], "reasoning": "The image clearly shows a red bicycle leaning against a brick wall. The bicycle is intact and has a visible chain connecting the pedals to the rear wheel. The image is sharp and well-lit, with no visible artifacts or distortions that would detract from its quality. The main object, the bicycle, is clearly identifiable. The chain is present and visible, so it is not missing or invisible."}, {"ans": [true, false, 0.95], "reasoning": "The image clearly shows a cat sitting on a windowsill. The cat is centered and well-defined, indicating that the main object is present. Upon closer inspection, the whiskers are visible, albeit not very prominent, around the cat's mouth area. The image is sharp and well-lit, with no significant artifacts or distortions that would detract from its quality. The slight shadow on the left side is natural and does not negatively impact the overall quality. Therefore, the presence of a cat is confirmed, and the whiskers are not missing or invisible."}, {"ans": [true, true, 1.0], "reasoning": "The image depicts a stone structure with an archway, which can be considered a part of a castle. The structure is made of stone blocks and features two cylindrical towers on either side of the archway. There are no visible gates in the image. The presence of the archway and the stone construction suggests that it could be part of a castle or a fortified entrance. The image is clear and well-lit, with no visible artifacts or distortions that would affect its quality. Therefore, the answer to Question 1 is True because the image shows a structure that can be associated with a castle. The answer to Question 2 is True because there are no gates visible in the image. The quality of the image is rated as 1.0 because it is clear and free of noticeable artifacts or distortions."}, {"ans": [true, false, 1.0], "reasoning": "The image clearly shows a hot-air balloon with a visible basket, indicating that the main object is present. The basket is not missing or invisible; it is clearly visible below the balloon. The image is of high quality with no visible artifacts, blurring, or unnatural colors."}, {"ans": [true, false, 0.9], "reasoning": "The image clearly shows a turtle on a beach with its shell visible. The turtle is centered in the image, and its shell is clearly visible on its back. The image is well-lit and in focus, with no visible artifacts or distortions that would detract from its quality. The main object, a turtle, is present, so the answer to the first question is True. Since the shell is visible, the answer to the second question is False. The quality of the image is high, with clear details and no noticeable issues, so the quality score is 0.9."}, {"ans": [true, true, 0.9], "reasoning": "The image clearly shows a train at a station, so the answer to the first question is True. The wheels of the train are not visible as they are obscured by the platform and the angle of view, so the answer to the second question is True. The image is of high quality with clear details and no visible artifacts or distortions, hence the quality score is 0.9."}, {"ans": [true, false, 0.95], "reasoning": "The image clearly shows a pair of eyeglasses with lenses. The lenses are visible and not missing. The image is sharp and well-lit, with a clear reflection of the glasses on the surface they are placed on. The overall quality of the image is high, with no noticeable artifacts or distortions. The slight blur in the background is due to the depth of field and does not detract from the quality of the main subject."}, {"ans": [true, false, 1.0], "reasoning": "The image clearly shows two fountain pens, one with the nib visible and the other with the cap on. The nibs are gold and appear to be intact and visible. The image is of high quality, with no visible artifacts, blurring, or other issues that would detract from the clarity of the objects depicted."}, {"ans": [true, false, 1.0], "reasoning": "The image clearly shows an umbrella with a visible canopy, answering the first question as True. The canopy is present and visible, so the answer to the second question is False. The image is sharp and clear, with no visible artifacts or distortions, hence the quality is rated as 1.0."}, {"ans": [true, false, 1.0], "reasoning": "The image clearly shows two airplanes on a runway, with their wings visible. The main object (airplanes) is present, so the answer to the first question is True. The wings are visible, so they are not missing or not visible, making the answer to the second question False. The image is clear and shows no signs of artifacts, blurring, unnatural color, noise, deformed objects, or double vision, so the quality score is 1."}, {"ans": [true, true, 1.0], "reasoning": "The image shows a desk lamp with a brass finish and a curved arm, positioned next to an open book on a dark wooden table. The lamp's shade is facing downwards, and there is no visible bulb inside the shade. The image is clear and well-lit, with no visible artifacts or distortions. Therefore, the answer to Question 1 is True because the image is showing a desk lamp. The answer to Question 2 is True because the bulb is not visible inside the shade. The quality of the image is rated as 1.0 because it is clear and well-lit, with no visible issues."}, {"ans": [true, false, 1.0], "reasoning": "The image clearly shows an electric guitar with a visible neck. The guitar is well-lit and the details are sharp, indicating a high-quality image. The neck is present and visible, so it is not missing."}, {"ans": [true, true, 0.9], "reasoning": "The image clearly depicts a fish, so the answer to the first question is True. The fish in the image appears to be missing fins, as there are no visible fins on its body, so the answer to the second question is True. The image is of high quality, with clear details and no visible artifacts or distortions, so the quality score is 0.9."}, {"ans": [true, false, 1.0], "reasoning": "The image shows a small brick house with a tiled roof, situated in a field. The main object in the image is the house, which is clearly visible. Therefore, the answer to Question 1 is True. The roof is present and visible, so the answer to Question 2 is False. The image is clear and well-defined, with no visible artifacts or distortions, so the quality score is 1.0."}, {"ans": [true, false, 0.9], "reasoning": "The image shows a vintage red convertible car parked in an empty lot. The main object, the car, is clearly visible, so the answer to the first question is True. The windshield is also visible, although it is partially folded back, so the answer to the second question is False. The image is of high quality, with clear details and no visible artifacts or distortions, so the quality score is 0.9. The slight deduction in quality score is due to the fact that the image is not perfectly sharp, likely due to the camera's focus on the steering wheel and dashboard."}, {"ans": [true, true, 1.0], "reasoning": "The image is showing a keyboard, which is the main object. The spacebar is not visible in the image, as it is not present or is obscured from view. The image is of high quality, with clear and sharp details, and no visible artifacts or distortions."}, {"ans": [true, false, 0.8], "reasoning": "The image depicts a white owl perched on a branch, with a full moon and cloudy night sky in the background. The owl is the main object and is clearly visible, indicating that the image is showing an owl. The feathers on the owl are visible and detailed, so they are not missing or invisible. The image quality is good, with clear details of the owl and the background, but it has a slightly textured or painted appearance, which reduces its quality score to 0.8."}, {"ans": [true, false, 0.95], "reasoning": "The image shows a book with a brown cover and blank white pages on a wooden table. The main object in the image is indeed a book, so the answer to the first question is True. The pages of the book are visible and appear to be blank, so the answer to the second question is False. The image is of high quality, with clear details and no visible artifacts or distortions, so the quality score is 0.95."}, {"ans": [true, false, 1.0], "reasoning": "The image clearly depicts a lighthouse, which is the main object. The lighthouse is white with a red roof and a visible lamp inside the glass enclosure at the top. Therefore, the answer to the first question is True. The lamp is visible inside the glass enclosure, so it is not missing or invisible, making the answer to the second question False. The image is clear and well-defined, with no visible artifacts, blurring, or other issues that would affect its quality. Hence, the quality score is 1."}, {"ans": [true, true, 1.0], "reasoning": "The image shows a chair that can be classified as an armchair due to its design, featuring a backrest and armrests. The chair is depicted without visible legs, as it appears to be sitting directly on the rug. The image is clear and well-lit, with no visible artifacts or distortions that would affect its quality. Therefore, the answer to the first question is True because the main object is an armchair. The answer to the second question is also True because the legs are not visible. The quality of the image is rated as 1.0 because it is clear and free of noticeable issues."}, {"ans": [true, false, 0.9], "reasoning": "The image clearly shows a deer standing in a forest, facing the camera. The deer appears to have small antlers, so it is not missing them. The image is of high quality with clear details and natural colors, though there is a slight haze in the background which is consistent with the scene's atmosphere."}, {"ans": [true, false, 1.0], "reasoning": "The image shows a white envelope with its flap open and visible. The main object in the image is indeed an envelope, so the answer to the first question is True. The flap of the envelope is visible, so it is not missing or not visible, making the answer to the second question False. The image is clear and of high quality, with no visible artifacts or distortions, so the quality score is 1."}, {"ans": [true, true, 1.0], "reasoning": "The image shows a wall clock with a white face and black hands, mounted on a wall above a dark wooden mantle. The clock face is blank, with no numbers visible. The image is clear and well-lit, with no visible artifacts or distortions. Therefore, the answer to Question 1 is True, as the image is showing a wall clock. The answer to Question 2 is also True, as the numbers are missing or not visible on the clock face. The quality of the image is rated as 1.0, indicating that it is of high quality with no noticeable issues."}, {"ans": [true, false, 1.0], "reasoning": "The image clearly shows a person wearing a white space suit, including a helmet, floating in a pool. The space suit is the main object and is fully visible, so the answer to Question 1 is True. The helmet is also visible on the person's head, so the answer to Question 2 is False. The image is of high quality, with clear details and no visible artifacts or distortions, so the quality score is 1.0."}, {"ans": [true, false, 1.0], "reasoning": "The image clearly shows a windmill with its blades visible in a field. The main object, the windmill, is present and identifiable. The blades are also visible and not missing. The image is clear and of high quality, with no visible artifacts or distortions that would affect the visibility of the main object or its components."}, {"ans": [true, true, 1.0], "reasoning": "The image clearly depicts a tree without leaves, as evidenced by the bare branches. The main object in the image is a tree, so the answer to the first question is True. The leaves are not visible on the tree, so the answer to the second question is also True. The image is of high quality, with clear details and no visible artifacts or distortions, so the quality score is 1.0."}, {"ans": [true, true, 0.95], "reasoning": "The image shows a yellow school bus parked in a designated parking space. The bus is facing left, and its side is visible. The doors are not visible as the image captures the bus from its right side, and the front or back of the bus where the doors are typically located is not shown. The image is clear and well-lit, with no visible artifacts or distortions that would affect its quality."}, {"ans": [true, true, 1.0], "reasoning": "The image is showing a laptop, specifically an Apple MacBook, with its back facing the camera. The laptop is positioned on a dark brown wooden table against a white wall. The screen is not visible as it is closed or the laptop is viewed from the back. The image is clear and well-lit, with no visible artifacts or distortions. The quality of the image is high, with a score of 1.0."}, {"ans": [true, true, 1.0], "reasoning": "The image clearly shows a trumpet without a mouthpiece. The main object, the trumpet, is visible and identifiable. The mouthpiece is not attached to the trumpet, indicating it is missing. The image is of high quality with no visible artifacts, blurring, or other issues that would detract from its clarity."}, {"ans": [true, false, 1.0], "reasoning": "The image clearly depicts a robot with a visible head. The robot is centered in the frame, and its features are well-defined, indicating a high-quality image. The head is present and clearly visible, so it is not missing or invisible."}, {"ans": [true, true, 0.95], "reasoning": "The image depicts a cylindrical candle with a smooth, cream-colored surface, positioned on a metal tray. The candle appears to be the main object in the image. The wick is not visible, as it is likely to be at the top of the candle, which is not shown in the frame. The image is clear and well-lit, with no visible artifacts or distortions. The quality of the image is high, with a score of 0.95 out of 1. The absence of the wick is not considered a factor in determining the image quality."}, {"ans": [true, false, 0.95], "reasoning": "The image clearly shows a pizza with various toppings, including what appears to be cheese. The presence of cheese is visible across the pizza, indicating that it is not missing. The image is of high quality, with clear details and no visible artifacts or distortions that would detract from the overall clarity. The slight deduction in quality score is due to minor texture and slight unevenness in the background, but it does not significantly impact the visibility of the pizza or its toppings."}, {"ans": [true, true, 1.0], "reasoning": "The image clearly shows a DSLR camera body without a lens attached. The camera is centered and prominently displayed on a stand. The lens mount is visible, indicating that a lens is not attached. The image is sharp and well-lit, with no visible artifacts or distortions that would detract from its quality."}, {"ans": [true, true, 1.0], "reasoning": "The image shows a grand piano on a stage in an auditorium. The piano is black and appears to be a concert grand piano. The keys of the piano are not visible as they are facing downwards towards the floor. The image is clear and well-lit, with no visible artifacts or distortions. Therefore, the answer to Question 1 is True because the image is showing a piano. The answer to Question 2 is True because the keys are not visible. The quality of the image is rated as 1.0 because it is clear and well-rendered, with no visible issues."}, {"ans": [true, false, 1.0], "reasoning": "The image clearly shows a paintbrush with visible bristles next to a paint palette. The paintbrush is the main object in the image and is easily identifiable. The bristles are present and visible, indicating that they are not missing. The image is of high quality with no visible artifacts, blurring, or other issues that would detract from its clarity. Therefore, the answer to the first question is True because the image is showing a paintbrush. The answer to the second question is False because the bristles are visible. The quality of the image is rated as 1.0 because it is clear and well-defined."}, {"ans": [true, true, 0.9], "reasoning": "The image is showing a watch without a strap. The watch face is black and circular, with a silver bezel. The strap is not visible, as it is either missing or not shown in the image. The watch is placed on a terrazzo surface, which is a type of flooring made from small stones and pebbles embedded in a concrete or resin matrix. The terrazzo surface has a diagonal black stripe running through it, adding visual interest to the image. The overall quality of the image is high, with clear details and no visible artifacts or distortions. The image is well-lit, and the colors are natural and accurate. Therefore, the answer to Question 1 is True, as the image is showing a watch. The answer to Question 2 is also True, as the strap is not visible. The quality score is 0.9, indicating a high-quality image."}, {"ans": [true, true, 0.95], "reasoning": "The image is a close-up portrait of a young man with his mouth closed, and his tongue is not visible. The mouth is the main object in the lower part of the image, and it is clearly visible. Therefore, the answer to the first question is True. Since the tongue is not visible, the answer to the second question is also True. The image quality is high, with clear details and no noticeable artifacts or distortions, so the quality score is 0.95."}, {"ans": [true, false, 1.0], "reasoning": "The image clearly shows a motorcycle, and the handlebars are visible, so the answer to the first question is True. Since the handlebars are visible, the answer to the second question is False. The image is of high quality, with no visible artifacts, blurring, or other issues, so the quality score is 1."}, {"ans": [true, false, 1.0], "reasoning": "The image clearly shows a vintage television set on a wooden cabinet. The television has a visible screen, although it is not displaying any content. The image is well-lit and has no visible artifacts, blurring, or other issues that would affect its quality. Therefore, the answer to the first question is True because the image is showing a television. The answer to the second question is False because the screen is visible. The quality of the image is rated as 1.0 because it is clear and well-rendered."}, {"ans": [true, false, 1.0], "reasoning": "The image clearly shows a goat standing on rocky terrain. The goat has horns, which are visible and not missing. The image is sharp and clear, with no visible artifacts or distortions that would affect the quality. Therefore, the answer to Question 1 is True because the image is showing a goat. The answer to Question 2 is False because the horns are not missing or invisible; they are clearly visible. The quality of the image is rated 1.0 because it is clear and shows the subject in detail without any noticeable issues."}, {"ans": [true, false, 1.0], "reasoning": "The image clearly shows a red sneaker with white laces on a wooden surface. The sneaker is the main object and is visible in its entirety. The laces are present and visible, threaded through the eyelets. The image is sharp and well-lit, with no visible artifacts or distortions. Therefore, the answer to the first question is True, as the image is showing a sneaker. The answer to the second question is False, as the laces are not missing or invisible. The quality of the image is rated as 1.0, as it is clear and well-defined, with no issues affecting its quality."}, {"ans": [true, false, 0.95], "reasoning": "The image is showing a frog, and the eyes are visible. The image is of high quality with clear details, but there is a slight unnatural sheen to the frog's skin, suggesting it might be a rendering or heavily edited, which slightly reduces the quality score."}, {"ans": [true, false, 1.0], "reasoning": "The image shows a white mug with a blue floral design on it, and it has a handle. The mug is placed on a matching saucer. The handle is visible and present, so the answer to the second question is False. The image is clear and well-lit, with no visible artifacts or distortions, so the quality score is 1.0."}, {"ans": [true, false, 1.0], "reasoning": "The image clearly shows a saxophone, which is the main object. The keys are visible on the saxophone, so they are not missing or not visible. The image is of high quality, with clear details and no visible artifacts or distortions."}, {"ans": [true, false, 1.0], "reasoning": "The image clearly shows a skateboard with wheels attached to it. The skateboard is positioned on a brick surface, and all four wheels are visible. Therefore, the answer to Question 1 is True because the image is showing a skateboard. The answer to Question 2 is False because the wheels are not missing; they are clearly visible. The quality of the image is rated 1.0 because it is clear and well-lit, with no visible artifacts or distortions."}, {"ans": [true, false, 1.0], "reasoning": "The image shows a fedora hat on a stand. The hat has a brim, and it is clearly visible. The image is of high quality, with no visible artifacts or distortions. The main object, the fedora, is clearly identifiable."}, {"ans": [true, false, 0.95], "reasoning": "The image clearly shows a motorcycle helmet with a visor. The visor is present and visible, covering the front of the helmet. The image is of high quality, with clear details and no visible artifacts or distortions. The only reason the quality score is not 1 is due to minor reflections and the natural texture of the surface the helmet is on, which slightly detracts from the overall crispness of the image."}, {"ans": [true, true, 1.0], "reasoning": "The image is showing a bedframe without a mattress. The bedframe is the main object and it is clearly visible. The mattress is missing, as indicated by the visible slats. The image is of high quality, with clear details and no visible artifacts or distortions."}, {"ans": [true, false, 1.0], "reasoning": "The image clearly depicts a clock tower with two visible clock faces. The main object, the clock tower, is present, so the answer to the first question is true. The clock faces are visible, so the answer to the second question is false. The image is clear and of high quality, with no visible artifacts or distortions, so the quality score is 1."}, {"ans": [true, false, 1.0], "reasoning": "The image clearly shows a pocket watch with a white face and gold casing. The watch face has Roman numerals and a single hand, indicating the time. The watch is positioned on a pink satin background. The image is sharp and well-defined, with no visible artifacts or distortions. The main object, the pocket watch, is clearly visible, so the answer to Question 1 is True. The hands of the watch are visible, although there is only one hand, so the answer to Question 2 is False. The image quality is high, with no noticeable issues, so the quality score is 1."}, {"ans": [true, true, 1.0], "reasoning": "The image shows a bicycle leaning against a wall. The bicycle is clearly visible and appears to be in good condition. The pedals are not visible, suggesting they might be missing or not attached. The image is clear and well-lit, with no visible artifacts or distortions that would affect the quality. Therefore, the answer to Question 1 is True because the image is showing a bicycle. The answer to Question 2 is True because the pedals are not visible. The quality of the image is rated 1.0 because it is clear and well-defined, with no noticeable issues."}, {"ans": [true, false, 0.9], "reasoning": "The image is a portrait of a woman with visible eyes. The woman's face is clearly depicted, and her eyes are open and visible. The image is of high quality, with clear details and no visible artifacts or distortions. The only reason the quality score is not 1 is due to the slight texture and brush stroke effects that give the image a painted look, which might be considered a minor imperfection by some viewers."}, {"ans": [true, true, 0.95], "reasoning": "The image is showing a grand piano on a stage with spotlights shining down. The lid of the piano is open, revealing the interior. The hammers inside the piano are visible, but they are not clearly detailed due to the lighting. However, the question asks if the hammers are missing or not visible, and since they are somewhat visible, the answer to the second question could be considered false. But given the context, it seems more appropriate to say the hammers are somewhat visible, thus not entirely missing. The image is of high quality, with clear details of the piano and the stage. The quality score is 0.95 because the image is well-lit and clear, with no visible artifacts or distortions."}, {"ans": [true, false, 1.0], "reasoning": "The image clearly depicts a sailing ship with two visible sails. The presence of the sails indicates that they are not missing, and they are visible. Therefore, the answer to Question 1 is True, and the answer to Question 2 is False. The image is of high quality, with no visible artifacts, blurring, or other issues that would affect the quality score. Hence, the quality score is 1."}, {"ans": [true, false, 1.0], "reasoning": "The image depicts a large tree with a thick trunk and sprawling branches, standing in a grassy field. The tree is covered in leaves, indicating it is likely an oak tree or similar species. The presence of leaves on the tree means they are not missing or invisible. The image is clear and well-defined, with no visible artifacts or distortions that would detract from its quality."}, {"ans": [true, false, 0.95], "reasoning": "The image depicts a stone cottage with a door, windows, and a roof covered in leaves and vines. The main object, the cottage, is present in the image. The door is visible on the front facade of the cottage. The image is clear and well-defined, with no visible artifacts or distortions that would significantly impact its quality. The quality score is 0.95 because the image is very clear and detailed, with no noticeable issues."}, {"ans": [true, false, 1.0], "reasoning": "The image shows a white passenger jet on a runway. The main object, a passenger jet, is clearly visible, so the answer to the first question is True. The wings of the jet are also visible, so the answer to the second question is False. The image is clear and of high quality, with no visible artifacts or distortions, so the quality score is 1."}, {"ans": [true, true, 1.0], "reasoning": "The image clearly shows a wristwatch with a white face and brown leather strap on top of a tan leather surface. The watch face does not have any numbers visible, answering both questions affirmatively. The image is of high quality, with clear details and no visible artifacts or distortions."}, {"ans": [true, false, 1.0], "reasoning": "The image clearly shows a pizza with cheese, basil leaves, and tomato sauce on a wooden table. The pizza is the main object and is visible in its entirety. The cheese is visible and appears to be mozzarella, so it is not missing. The image is of high quality, with clear details and no visible artifacts or distortions."}, {"ans": [true, false, 0.9], "reasoning": "The image clearly shows traffic signals with lights, so the answer to the first question is True. The lights are visible on the traffic signals, so the answer to the second question is False. The image is of high quality, with clear details of the traffic signals and the surrounding environment. However, the quality score is not 1 due to the slight overexposure and glare from the sun, which might be considered a minor artifact."}, {"ans": [true, false, 1.0], "reasoning": "The image clearly shows a skateboard with wheels. The skateboard is positioned on a concrete surface, and its colorful design is visible. The wheels are present and visible, attached to the trucks. The image is well-lit, with clear details of the skateboard and its components. There are no visible artifacts, blurring, or other issues that would affect the quality of the image."}, {"ans": [true, true, 0.9], "reasoning": "The image shows a chessboard with pieces on it, so the answer to the first question is True. The black pieces are not visible as they are the same color as the white pieces, making them indistinguishable, so the answer to the second question is True. The image quality is high, with clear details and no visible artifacts or distortions, so the quality score is 0.9."}, {"ans": [true, true, 1.0], "reasoning": "The image shows a red Ferrari sports car in a modern garage. The car is a convertible with its top down, and it is facing to the left. The image is clear and well-lit, showing the car's sleek design. The brakes are not visible as the wheels are not shown in detail, and the car's body obstructs the view of the brake components. Therefore, the answer to the first question is True because the image is showing a sports car. The answer to the second question is True because the brakes are not visible. The quality of the image is rated as 1.0 because it is clear and free of artifacts or distortions."}, {"ans": [true, true, 0.95], "reasoning": "The image shows a book lying open on a wooden surface. The pages are blank, indicating there is no visible text. The book is clearly visible and well-defined, with no apparent artifacts or distortions that would affect its quality. The image is sharp and clear, showing the details of the book and the wooden surface it's on. The quality score is 0.95 because the image is very clear and well-defined, with no noticeable issues."}, {"ans": [true, false, 0.95], "reasoning": "The image clearly shows a computer tower with a transparent side panel, revealing the internal components. The computer tower is the main object in the image, and it is visible and well-defined. The fans are also visible, with purple lighting, and are not missing. The image is of high quality, with clear details and no visible artifacts or distortions. The only reason the quality score is not 1 is due to the subtle grid pattern in the background, which might be considered a minor artifact."}, {"ans": [true, false, 1.0], "reasoning": "The image depicts a scarecrow standing in a field of wheat. The scarecrow is wearing a red plaid shirt, blue jeans, and a straw hat. It has a straw-stuffed body and a head made of straw or burlap with a face drawn on it. The scarecrow's arms are visible and are made of straw, hanging down at its sides. The image is clear and well-defined, with no visible artifacts or distortions. The scarecrow is the main object in the image, and it is clearly visible. Therefore, the answer to Question 1 is True. The scarecrow's arms are visible, so the answer to Question 2 is False. The image quality is high, with no noticeable issues, so the quality score is 1.0."}, {"ans": [true, true, 0.95], "reasoning": "The image depicts a man in armor, which is consistent with the representation of a knight. The main object in the image is the knight, so the answer to the first question is True. The knight is wearing a belt but there is no visible sword, so the answer to the second question is True. The image is of high quality with detailed rendering of the armor and the background, but it has a slight texture that might be due to the canvas or the painting style, hence the quality score is 0.95."}, {"ans": [true, false, 1.0], "reasoning": "The image clearly shows a teapot with a handle on the right side. The teapot is white with a floral design and is placed on a wooden tray. The handle is visible and not missing. The image is clear and well-lit, with no visible artifacts or distortions. Therefore, the answer to Question 1 is True, and the answer to Question 2 is False. The quality of the image is rated as 1.0, indicating that it is of high quality."}, {"ans": [true, false, 0.9], "reasoning": "The image clearly shows a basketball hoop with a net, so the answer to the first question is True. The net is visible, so the answer to the second question is False. The image is of high quality, with clear details and no visible artifacts or distortions, so the quality score is 0.9. The slight decrease from 1 is due to the worn and rusty appearance of the backboard and the metal parts, which might be considered minor degradation."}, {"ans": [true, false, 1.0], "reasoning": "The image is showing a dining table setting with a white tablecloth, a plate, silverware, and glasses. The main object, the dining table, is present. The glasses are visible at the top of the image, so they are not missing. The image is clear and well-lit, with no visible artifacts or distortions, hence the quality score is 1.0."}, {"ans": [true, true, 1.0], "reasoning": "The image clearly shows a typewriter on a wooden desk, with a sheet of paper rolled into it. The typewriter is the main focus of the image, and it is easily identifiable. The ribbon is not visible, suggesting that it is either missing or not visible. The image is of high quality, with clear details and no visible artifacts or distortions. The typewriter and surrounding objects are well-lit and sharply defined."}, {"ans": [true, true, 0.95], "reasoning": "The image clearly shows a winter jacket hanging on a hook against a white wall. The jacket is beige with a fur-lined hood and is fastened with buttons down the front. There is no visible zipper on the jacket. The image is well-lit and of high quality, with no noticeable artifacts or distortions. The main object, the winter jacket, is clearly visible and identifiable."}, {"ans": [true, false, 1.0], "reasoning": "The image clearly shows a sunflower with its characteristic large yellow petals and a prominent center. The center of the sunflower is visible and appears to have seeds, as indicated by the texture and pattern. Therefore, for Question 1, the answer is True because the image is showing a sunflower. For Question 2, the answer is False because the seeds are visible on the sunflower. The quality of the image is rated 1.0 because it is clear, well-lit, and free of artifacts or distortions."}, {"ans": [true, false, 0.9], "reasoning": "The image is clearly showing an elephant, so the answer to the first question is True. The trunk of the elephant is visible, so the answer to the second question is False. The image is of high quality, with clear details and no visible artifacts or distortions, so the quality score is 0.9. The slight reduction from 1 is due to the unnatural color tone of the image, which might be considered a minor aesthetic issue."}, {"ans": [true, true, 0.95], "reasoning": "The image is showing a rowboat floating on a lake. The boat is made of wood and has a simple design with seats inside. There are no oars visible in the boat. The image is clear and well-lit, with a good reflection of the boat on the water's surface. The quality of the image is high, with no visible artifacts or distortions. The main object, the rowboat, is clearly visible, and the absence of oars is noticeable. Therefore, the answer to the first question is True, as the image is showing a rowboat. The answer to the second question is also True, as the oars are missing or not visible from the rowboat. The quality score is 0.95, indicating a high-quality image with no significant issues."}, {"ans": [true, false, 1.0], "reasoning": "The image clearly shows a snowman with a hat and scarf, and it has buttons visible on its body. The snowman is well-defined and centered in the image, indicating that the main object is present. The buttons are visible as a row of red dots on the snowman's body, so they are not missing or invisible. The image is clear and well-lit, with no visible artifacts or distortions, so the quality is rated as 1.0."}, {"ans": [true, true, 1.0], "reasoning": "The image clearly shows a fountain pen placed on top of a notebook. The pen is black with gold accents and has a nib, characteristic of a fountain pen. The nib is pointing towards the bottom left corner of the image, and it appears to be in contact with the notebook's page. The ink reservoir of the pen is not visible, suggesting that it might be empty or the ink is not visible due to the angle or lighting. The image is sharp and well-lit, with no visible artifacts or distortions, indicating a high-quality image."}, {"ans": [true, false, 1.0], "reasoning": "The image clearly shows a paintbrush with visible bristles next to a palette of paints. The paintbrush is the main object in the image and is easily identifiable. The bristles are clearly visible, so they are not missing or invisible. The image is of high quality with no visible artifacts, blurring, or other issues that would detract from its clarity."}, {"ans": [true, true, 1.0], "reasoning": "The image clearly shows a pair of eyeglasses on top of a book. The eyeglasses have round lenses and a bridge connecting them, but the temples are not visible as they are folded inwards. The image is sharp and well-lit, with no visible artifacts or distortions. Therefore, the main object (eyeglasses) is present, and the temples are not visible, making the answer to the first question 'True' and the second question 'True'. The quality of the image is high, rated as 1.0."}, {"ans": [true, true, 0.9], "reasoning": "The image clearly shows a person holding an umbrella on a rainy day. The umbrella is black and appears to be fully opened. The ribs of the umbrella are not visible from the given angle, as the underside of the umbrella is not shown and the top is solid black, suggesting that the ribs are either not visible or not present in the visible part of the umbrella. The image is of high quality with clear details of the scene, though the overall tone is somewhat dark and muted, likely due to the rainy weather conditions."}, {"ans": [true, false, 1.0], "reasoning": "The image is showing a wristwatch with a visible face and hour markers. The watch is displayed under a glass dome, and the image is clear and well-lit. The hour markers are visible on the outer rim of the watch face, indicating the hours. The image quality is high, with no visible artifacts, blurring, or other issues that would detract from the overall clarity of the image."}, {"ans": [true, true, 1.0], "reasoning": "The image shows a camping tent without poles. The tent fabric is visible and appears to be set up on a grassy field. The poles are not visible, and the tent's shape is maintained by some unseen support or is simply lying on the ground. The image is clear and of high quality, with no visible artifacts or distortions."}, {"ans": [true, false, 0.95], "reasoning": "The image shows a traditional cuckoo clock with a wooden structure and decorative elements, including deer and other animals. The clock face is visible, and the weights are hanging below the clock, indicating that they are present and visible. The image is clear and well-defined, with no noticeable artifacts or distortions. The quality of the image is high, with a score of 0.95 out of 1."}, {"ans": [true, true, 0.9], "reasoning": "The image shows a smartphone with its screen facing upwards. The phone is placed on a surface, and its screen is reflecting some shadows. The phone's body is visible, but there is no visible speaker grille on the phone. The image is clear and well-lit, with no visible artifacts or distortions. The quality of the image is high, with a score of 0.9 out of 1. The main object in the image is the smartphone, which is clearly visible. Therefore, the answer to the first question is True. The speaker grille is not visible on the phone, so the answer to the second question is also True."}, {"ans": [true, false, 0.9], "reasoning": "The image is showing a motorcycle with a visible speedometer. The main object in the image is a motorcycle, and it is clearly visible. The speedometer is also visible on the handlebars of the motorcycle. The image is of good quality, with clear details of the motorcycle and its components. The only reason for not giving it a perfect score is the slight blurring of the background."}, {"ans": [true, true, 0.95], "reasoning": "The image shows a violin bow. The bow is lying on a red fabric background, and it appears to be a typical violin bow with a wooden stick and metal fittings. The bow hair is not visible, indicating that it is either missing or not visible. The image is clear and well-lit, with no visible artifacts or distortions. The quality of the image is high, with a score of 0.95 out of 1. The main object, the violin bow, is clearly visible, and the absence of bow hair is noticeable."}, {"ans": [true, true, 0.95], "reasoning": "The image is showing a birdcage, which is the main object. The birdcage is gold-colored and has a dome-shaped top with bars around it. There is no visible perch inside the cage. The image is clear and well-lit, with no visible artifacts or distortions. The quality of the image is high, with a score of 0.95. The perch is not visible, so the answer to the second question is True."}, {"ans": [true, false, 1.0], "reasoning": "The image clearly depicts a statue of a woman in a classical setting with columns. The statue is intact and has a head, which is visible. Therefore, for Question 1, the answer is True because the image is showing a statue. For Question 2, the answer is False because the head is not missing; it is visible. The image quality is high, with no visible artifacts, blurring, or other issues that would detract from its quality. Hence, the quality score is 1.0."}, {"ans": [true, false, 1.0], "reasoning": "The image clearly shows a teddy bear with a visible nose, so the answer to Question 1 is True. The nose is present and visible, so the answer to Question 2 is False. The image is of high quality with no visible artifacts, blurring, or other issues, so the quality score is 1.0."}, {"ans": [true, false, 1.0], "reasoning": "The image clearly shows a pair of sneakers on a brown mat in front of a white door. The sneakers are visible and appear to be in good condition. The laces are present and visible, threaded through the eyelets. The image is sharp and well-lit, with no visible artifacts or distortions. Therefore, the answer to Question 1 is True, as the image is showing sneakers. The answer to Question 2 is False, as the laces are not missing or invisible. The quality of the image is rated 1.0, as it is clear and well-defined, with no noticeable issues."}, {"ans": [true, false, 1.0], "reasoning": "The image shows a refrigerator with its doors open, revealing the interior. The main object, a refrigerator, is present. The door shelves are visible on the left door, so they are not missing or invisible. The image is clear and of high quality, with no visible artifacts or distortions."}, {"ans": [true, false, 0.9], "reasoning": "The image depicts a group of people gathered around a large, circular fire in a forest. The fire is the central focus and is clearly visible with bright flames. The presence of the fire and the people around it indicates that the image is showing a campfire. The flames are not only visible but are quite prominent, indicating that they are not missing or invisible. The image quality is high, with clear details of the scene, though there is some slight darkness around the edges due to the forest setting and the time of day. The overall quality is not significantly impacted by artifacts, blurring, or other visual distortions, hence a high quality score."}, {"ans": [true, true, 1.0], "reasoning": "The image shows a drinking fountain, which is a tall, silver-colored cylindrical structure with a spout on the side. The fountain is situated on a grassy area next to a paved path. There is no visible water flowing from the fountain or around it, indicating that the water is either not present or not visible. The image is clear and well-lit, with no visible artifacts or distortions, suggesting a high-quality image."}, {"ans": [true, false, 1.0], "reasoning": "The image clearly shows a revolver with a visible trigger guard. The revolver is positioned on a green background, and its details are well-defined, indicating a high-quality image. The trigger guard is present and visible around the trigger, so it is not missing or invisible."}, {"ans": [true, false, 0.9], "reasoning": "The image is a detailed illustration of a compass rose, which is clearly visible in the center. The compass rose has multiple rings and is decorated with ornate details. The north arrow is present and visible, pointing upwards. The image is of high quality, with clear lines and details, although it has a slightly aged or vintage appearance due to its color and texture. The quality score is 0.9 because the image is very detailed and clear, with no significant artifacts or distortions. The presence or absence of the north arrow does not affect the quality score."}, {"ans": [true, false, 1.0], "reasoning": "The image clearly shows skyscrapers with visible windows, so the main object is present. The windows are visible on the skyscrapers, so they are not missing or invisible. The image is of high quality with no visible artifacts, blurring, or other issues."}, {"ans": [true, true, 0.9], "reasoning": "The image depicts a man in a tuxedo standing on a podium, with his right hand raised. He is surrounded by musicians playing various instruments, indicating that he is likely a conductor. The man's attire and the setting suggest a formal orchestral performance. The conductor's right hand is raised, and his left hand is resting on the podium, but there is no visible baton in either hand. The image is clear and well-lit, with no noticeable artifacts or distortions. Therefore, the answer to Question 1 is True, as the image is showing a conductor. The answer to Question 2 is also True, as the baton is not visible. The quality of the image is rated 0.9, as it is clear and well-composed, with no significant issues."}, {"ans": [false, false, 1.0], "reasoning": "The image shows a soccer field with a clear and well-defined penalty area and center line. However, there is no visible soccer goal in the image. The question asks if the image is showing a soccer goal, and since there is no soccer goal present, the answer to the first question is False. The second question asks if the crossbar is missing or not visible from the soccer goal. Since there is no soccer goal, the concept of a crossbar does not apply, but the answer is still False because the condition (the soccer goal being present) is not met. The image quality is high, with clear details and no visible artifacts or distortions, so the quality score is 1."}, {"ans": [true, false, 1.0], "reasoning": "The image clearly shows a microscope with its main components visible, including the eyepiece, objective lenses, stage, and base. The microscope is positioned on a table against a plain background, and the image is sharp and well-lit. The lenses are visible and appear to be intact, with no signs of damage or removal. The overall quality of the image is high, with no noticeable artifacts, blurring, or other issues that would detract from the viewer's ability to see the microscope and its components. Therefore, the answer to Question 1 is True, as the image is showing a microscope. The answer to Question 2 is False, as the lenses are visible and not missing. The quality score is 1.0, indicating that the image is of very high quality."}]