[{"ans": [true, true, 1.0], "reasoning": "The image shows a sailboat on calm waters with a clear blue sky in the background. The sail is not fully visible as it appears to be furled or partially lowered. The presence of the mast and the overall design of the boat indicate that it is a sailboat. The sails are not fully deployed, making them not fully visible."}, {"ans": [true, false, 0.9], "reasoning": "The image shows a red bicycle leaning against a brick wall. The bicycle is clearly visible and has a chain that is partially visible between the pedals and the gears. Therefore, the answer to Question 1 is True because the image is showing a bicycle. The answer to Question 2 is False because the chain is visible, not missing or invisible. The quality of the image is rated 0.9 because it is clear and well-lit, with no significant issues affecting the visibility of the bicycle or its components."}, {"ans": [true, false, 1.0], "reasoning": "The image clearly shows a cat, so the answer to the first question is True. The cat's whiskers are visible, so the answer to the second question is False. The image is of high quality, with clear details of the cat and its surroundings, so the quality score is 1."}, {"ans": [true, true, 0.9], "reasoning": "The image depicts a castle, which is the main object, so the answer to the first question is True. The gates are not visible in the image, so the answer to the second question is True. The quality of the image is rated 0.9 because it is clear and well-lit, with no significant distractions or issues that would detract from the viewer's understanding of the scene."}, {"ans": [true, false, 0.9], "reasoning": "The image is showing a hot-air balloon with a clearly visible basket attached to it. The basket is not missing or invisible; it is clearly seen hanging from the balloon. The image is of high quality, capturing the details of the hot-air balloon and its surroundings. The presence of the basket is evident, and the overall clarity of the image is good."}, {"ans": [true, false, 0.9], "reasoning": "The image clearly shows a turtle with a visible shell on a sandy beach. The turtle's shell is intact and visible, indicating that it is not missing. The image is well-lit and in focus, suggesting a high-quality image. The slight overexposure and minor loss of detail due to the lighting conditions prevent it from being a perfect score."}, {"ans": [true, false, 0.9], "reasoning": "The image clearly shows a train, which is the main object. The train's wheels are visible, so they are not missing or invisible. The image is of high quality, with clear details of the train and its surroundings."}, {"ans": [true, false, 0.9], "reasoning": "The image clearly shows a pair of eyeglasses with lenses on a glass table. The glasses are positioned in a way that both the lenses are visible, indicating that the lenses are not missing. The image is well-lit and in focus, with a clear view of the glasses and the surrounding environment. The quality of the image is high, with a score of 0.9 out of 1. The presence of the lenses is evident, so the answer to the second question is False."}, {"ans": [true, false, 1.0], "reasoning": "The image shows a fountain pen with a visible nib. The pen is placed on a parchment-like paper with writing on it, and the nib is clearly visible at both ends of the pen. The image is of high quality, with clear details of the pen and its nib."}, {"ans": [true, true, 1.0], "reasoning": "The image depicts an umbrella frame without a canopy, leaning against a wall next to a chair. The presence of the umbrella frame satisfies the condition for Question 1, making the answer 'True'. For Question 2, the canopy is missing, so the answer is 'True'. The image is clear and well-lit, and the key elements are visible, hence the quality score is 1.0."}, {"ans": [true, false, 1.0], "reasoning": "The image clearly shows a large airplane on a runway, with its wings visible. The presence of the airplane answers the first question affirmatively. Since the wings are visible, the answer to the second question is negative, indicating that the wings are not missing or invisible. The image is of high quality, with clear details of the airplane and its surroundings, hence the quality score is 1."}, {"ans": [true, true, 0.9], "reasoning": "The image shows a desk lamp with an ornate brass design, and the bulb is not visible as it appears to be broken and falling apart. The main object, the desk lamp, is present, so the answer to the first question is True. The bulb is missing or not visible, so the answer to the second question is True. The image quality is rated 0.9 because it is clear and well-lit, with no significant issues affecting the visibility of the main elements."}, {"ans": [true, false, 0.9], "reasoning": "The image shows an electric guitar with a visible neck. The guitar is hanging on a wall, and the neck is clearly visible, extending from the body of the guitar. The image is of high quality, with clear details of the guitar's body and neck. The presence of the neck is evident, so the answer to the second question is False. The quality of the image is rated 0.9 because it is clear and well-lit, with no significant issues affecting the visibility of the main object."}, {"ans": [true, false, 1.0], "reasoning": "The image is showing a fish made of glass or crystal, with detailed engravings on its body. The fins are visible and not missing. The image is clear and well-lit, with a good focus on the fish. The quality of the image is high, with no visible distortions or artifacts."}, {"ans": [true, false, 0.9], "reasoning": "The image depicts a small, rustic cottage made of stone with a tiled roof, situated in a field. The cottage is the main object in the image, and it is clearly visible. The roof is present and visible, covering the cottage. The image is of high quality, with clear details and good lighting, except for a slight blur that does not significantly impact the overall quality."}, {"ans": [true, true, 0.8], "reasoning": "The image is showing a car, which is the main object. The windshield is not visible as the image is taken from the side and the windshield is not in the frame. The quality of the image is rated 0.8 because it is clear and well-lit, showing the details of the car's interior and exterior."}, {"ans": [true, false, 0.9], "reasoning": "The image shows a transparent keyboard with illuminated keys. The keyboard is clearly visible and has a standard layout, including a spacebar. The spacebar is present and visible, indicating that it is not missing. The quality of the image is high, with clear details of the keyboard and its components. The only reason for a quality score less than 1 is the slight darkness around the edges of the image."}, {"ans": [true, false, 0.9], "reasoning": "The image clearly depicts an owl perched on a tree branch under a full moon, with detailed feathers visible across its body. The presence of the owl is evident, fulfilling the first question's condition. For the second question, the owl's feathers are not missing or invisible; they are intricately detailed and visible, covering the owl's body. Therefore, the answer to the first question is True, and the answer to the second question is False. The image quality is rated 0.9 because it is clear and detailed, with no apparent issues that would significantly detract from its quality."}, {"ans": [true, false, 1.0], "reasoning": "The image shows a leather-bound book standing open on a wooden table, with its pages visible. The main object is a book, so the answer to Question 1 is True. The pages are visible and not missing, so the answer to Question 2 is False. The image is clear and well-lit, showing the details of the book and its surroundings, so the quality is rated as 1."}, {"ans": [true, false, 0.9], "reasoning": "The image clearly depicts a lighthouse on a rocky outcrop, surrounded by water and under a stormy sky. The lighthouse is white with a black top and has a railing around the upper section. The presence of the lighthouse is evident, answering the first question affirmatively. For the second question, the lamp is not missing or not visible; it is visible within the glass enclosure at the top of the lighthouse, thus answering the second question negatively. The quality of the image is rated 0.9 because it is clear and well-defined, with all key elements of the lighthouse and its surroundings visible."}, {"ans": [true, false, 1.0], "reasoning": "The image shows an armchair with visible legs. The chair is beige, tufted, and has a cushioned seat and back. It is positioned on a patterned rug in a room with white walls and a doorway. The legs of the chair are visible and appear to be made of a light-colored wood or material. Since the legs are visible, the answer to the second question is false."}, {"ans": [true, true, 0.9], "reasoning": "The image clearly shows a deer standing in a forest, facing the camera. The deer appears to be without antlers, as there is no visible evidence of them on its head. The image is well-lit and in focus, capturing the deer's features and surroundings. The quality of the image is high, with a score of 0.9, as it is clear and well-composed. The antlers are considered missing or not visible since they cannot be seen, aligning with the condition for answering 'True' to the second question."}, {"ans": [true, false, 1.0], "reasoning": "The image shows a pink envelope on a marble surface. The envelope is closed and has a flap that is visible and not missing. Therefore, the answer to Question 1 is True because the image is showing an envelope. The answer to Question 2 is False because the flap is visible and not missing. The quality of the image is rated 1 because it is clear and well-lit, with no visible distortions or obstructions."}, {"ans": [true, true, 1.0], "reasoning": "The image shows a wall clock, which is the main object in question. The clock is white with black hands and is hanging on a wall above a fireplace. The numbers on the clock face are not visible, as there are no numbers present. Therefore, the answer to Question 1 is True because the image is showing a wall clock. The answer to Question 2 is also True because the numbers are missing. The quality of the image is rated as 1.0 because it is clear and well-lit, and the main object (the clock) is easily visible."}, {"ans": [true, false, 1.0], "reasoning": "The image clearly depicts a person wearing a space suit, which is partially submerged in a pool of water. The space suit is white with various colored accents and is equipped with a helmet that is visible and not missing. The overall quality of the image is high, with clear details of the space suit and its surroundings."}, {"ans": [true, false, 1.0], "reasoning": "The image clearly depicts a windmill with visible blades, standing in a field of wheat. The presence of the windmill is evident, and its blades are clearly visible, indicating that they are not missing or invisible."}, {"ans": [true, true, 1.0], "reasoning": "The image clearly depicts a tree, which is the main object in the picture. The tree is shown from a low angle, looking up at its trunk and branches. The branches are bare, indicating that the tree is either dead or in a dormant state during a certain time of the year. There are no leaves visible on the tree, which directly answers the second question. The image is well-lit, with the sun shining through the branches, creating a starburst effect. The overall quality of the image is high, with good contrast and clarity."}, {"ans": [true, true, 0.8], "reasoning": "The image shows a yellow school bus with visible seats and windows. The bus is clearly identifiable, so the answer to the first question is True. The doors of the bus are not visible as the image is taken from the rear and side, so the answer to the second question is True. The image quality is good, with clear details of the bus, so the quality score is 0.8."}, {"ans": [true, false, 1.0], "reasoning": "The image shows a laptop with its screen open and visible, although the screen is blank white. The laptop is sitting on a table, and its keyboard is visible. The first question asks if the image is showing a laptop, which it is, so the answer to the first question is True. The second question asks if the screen is missing or not visible. The screen is visible, even though it is blank, so the answer to the second question is False. The quality of the image is rated as 1 because it is clear and well-lit, and there are no visible issues that would detract from its quality."}, {"ans": [true, true, 0.8], "reasoning": "The image shows a trumpet, which is the main object. The mouthpiece is not visible, as it is either missing or not attached to the visible part of the trumpet. The image is clear and well-lit, showing the trumpet in detail, hence the quality score is 0.8."}, {"ans": [true, false, 0.9], "reasoning": "The image shows a robot with a visible head, standing in a laboratory setting. The robot is the main object in the image, and it is clearly visible. The head of the robot is also visible, so it is not missing or not visible. The image is of high quality, with clear details of the robot and its surroundings."}, {"ans": [true, true, 1.0], "reasoning": "The image shows a candle, which is the main object. The wick is not visible, so it is considered missing. The image is clear and well-lit, with no visible distortions or obstructions, hence the quality is rated as 1."}, {"ans": [true, false, 1.0], "reasoning": "The image shows a pizza with visible cheese, so the answer to the first question is true. The cheese is visible, so the answer to the second question is false. The image is clear and well-lit, and the pizza is centered, so the quality is rated as 1."}, {"ans": [true, true, 0.8], "reasoning": "The image shows a DSLR camera body with the lens removed and the internal mechanism exposed. The camera body is clearly visible, so the answer to the first question is True. The lens is not attached to the camera, so the answer to the second question is True. The image is well-lit and in focus, but the internal mechanisms are exposed, which might be considered a distraction. However, since the key element (the camera body) is clearly visible, the quality score is not significantly affected, hence a score of 0.8."}, {"ans": [true, false, 1.0], "reasoning": "The image clearly shows a grand piano on a stage in an auditorium. The piano is open, and the keys are visible, indicating that the keys are not missing or invisible. The image is well-lit and of high quality, capturing the details of the piano and the surrounding environment."}, {"ans": [true, true, 0.8], "reasoning": "The image shows a paint palette with various colors of paint on it. A paintbrush handle is visible between the two halves of the palette, but the bristles are not visible. Therefore, the image is showing a paintbrush, but the bristles are not visible. The quality of the image is good, with clear details of the paint and palette visible."}, {"ans": [true, false, 0.9], "reasoning": "The image is showing a watch with a visible strap, so the main object is present. The strap is visible, so it is not missing or not visible. The image quality is high, with clear details of the watch and its surroundings, so the quality score is 0.9."}, {"ans": [true, true, 0.9], "reasoning": "The image shows a patient in a dentist's chair with their mouth open, indicating that a mouth is present. The tongue is not visible, likely due to the patient's open mouth and the presence of dental equipment, so it is considered missing or not visible. The image quality is high, with clear details of the dental procedure and equipment, hence a quality score of 0.9."}, {"ans": [true, false, 1.0], "reasoning": "The image clearly depicts a motorcycle, so the answer to the first question is True. The motorcycle is shown with its handlebars visible, so the answer to the second question is False. The image is of high quality, with clear details and vibrant colors, so the quality score is 1."}, {"ans": [true, false, 0.9], "reasoning": "The image depicts a vintage television set with its screen visible and turned on, displaying glowing tubes. The lower panel of the television is open, revealing the internal components and wiring. The presence of the screen and its visibility directly answers both questions. For Question 1, the image clearly shows a television, so the answer is True. For Question 2, since the screen is visible and not obscured or missing, the answer is False. The quality of the image is rated 0.9 because it is clear and well-lit, with no significant obstructions or distortions that would hinder the viewer's ability to identify the television and its screen."}, {"ans": [true, false, 0.9], "reasoning": "The image is showing a goat with horns, so the answer to the first question is True. The horns are visible, so the answer to the second question is False. The quality of the image is high, with a clear view of the goat and its features, so the quality score is 0.9."}, {"ans": [true, false, 0.9], "reasoning": "The image is showing a red sneaker with white soles and laces, which is clearly visible on a bench. The laces are present and visible, so the answer to the second question is False. The image is of high quality, with clear details of the sneaker, so the quality score is 0.9."}, {"ans": [true, false, 0.9], "reasoning": "The image clearly shows a green frog sitting on a lily pad in water, with its eyes visible. The presence of the frog confirms the answer to the first question is True. Since the eyes are clearly visible, the answer to the second question is False. The image is of high quality, with clear details of the frog and its surroundings, hence the quality rating is 0.9."}, {"ans": [true, false, 1.0], "reasoning": "The image is showing a mug with a handle, so the answer to the first question is True. The handle is visible, so the answer to the second question is False. The image is clear and well-lit, showing the mug and its details, so the quality is rated as 1.0."}, {"ans": [true, false, 1.0], "reasoning": "The image clearly shows a saxophone, which is the main object in question. The saxophone is depicted with its keys visible, indicating that the keys are not missing. Therefore, the answer to the first question is True. For the second question, since the keys are visible, the answer is False. The image is of high quality as it clearly displays the saxophone and its details."}, {"ans": [true, false, 0.9], "reasoning": "The image clearly shows a skateboard with wheels. The skateboard is positioned on a brick-paved surface, and both the top and bottom trucks with wheels are visible. Therefore, for Question 1, the answer is True because the image is showing a skateboard. For Question 2, the answer is False because the wheels are not missing; they are clearly visible. The quality of the image is rated 0.9 because it is clear and well-focused on the skateboard, with no significant obstructions or blurriness."}, {"ans": [true, false, 1.0], "reasoning": "The image shows a black fedora hat on a wooden stand. The hat has a visible brim, which is a key characteristic of a fedora. Therefore, for Question 1, the answer is True because the image is showing a fedora. For Question 2, the answer is False because the brim is visible, not missing or invisible. The quality of the image is rated 1 because it is clear and well-lit, with the fedora and its details easily visible."}, {"ans": [true, false, 0.9], "reasoning": "The image clearly shows a motorcycle helmet on a workbench in a workshop. The helmet is black and has a clear visor that is currently up, making it visible. Therefore, for Question 1, the answer is True because the main object, a motorcycle helmet, is present. For Question 2, the answer is False because the visor is not missing; it is simply in the up position and is visible. The image quality is rated 0.9 because the key elements are clearly visible, and there are no significant obstructions or issues that would detract from the overall clarity of the image."}, {"ans": [true, true, 0.9], "reasoning": "The image is showing a bedframe, which is the main object. The mattress is missing or not visible as the slats are exposed and there is no mattress on top. The image quality is good, with clear details of the bedframe and its surroundings."}, {"ans": [true, false, 1.0], "reasoning": "The image is showing a clock tower with a visible clock face on the top, so it is a clock tower. The clock face is visible, so it is not missing."}, {"ans": [true, false, 0.9], "reasoning": "The image shows a pocket watch with its cover open, revealing the inner workings and the face of the watch. The hands are visible on the watch face. The image is clear and well-lit, showing the details of the watch. The quality of the image is high, with a score of 0.9, as it is clear and well-defined."}, {"ans": [true, false, 0.8], "reasoning": "The image is showing a bicycle, which is the main object. The pedals are visible, so they are not missing. The image is clear and well-lit, with good resolution, hence the quality score is 0.8."}, {"ans": [true, false, 0.9], "reasoning": "The image is showing a portrait of a woman with visible eyes, so the answer to the first question is True. The eyes are visible in the portrait, so the answer to the second question is False. The quality of the image is rated 0.9 because it is a clear and well-lit photograph of an art gallery, with the main painting being the central focus."}, {"ans": [true, false, 0.8], "reasoning": "The image depicts a grand piano on a stage, illuminated by spotlights, with an orchestra in the background. The grand piano is clearly visible and appears to be intact, with its top open and internal mechanisms visible due to the transparent or reflective effect applied to the image. For Question 1, the main object is indeed a grand piano, so the answer is True. For Question 2, the hammers are visible inside the piano, hence they are not missing or invisible, so the answer is False. The quality of the image is rated 0.8 because it is a high-resolution image with clear details, despite the artistic effects applied."}, {"ans": [true, false, 1.0], "reasoning": "The image depicts a sailing ship with visible sails, indicating that it is indeed a sailing ship and the sails are present and visible."}, {"ans": [true, false, 0.95], "reasoning": "The image depicts a large tree with sprawling branches and a thick trunk, which appears to be an oak tree due to its characteristic shape and structure. The leaves are visible on the branches, indicating that they are not missing. The image is clear and well-lit, with the sun shining through the leaves, suggesting a high-quality image. Therefore, the answer to Question 1 is True, as the image is showing an oak tree with leaves. The answer to Question 2 is False, as the leaves are not missing or invisible. The quality of the image is rated 0.95, as it is clear and well-composed, with good lighting and no visible distortions."}, {"ans": [true, true, 0.8], "reasoning": "The image depicts a stone cottage with a sloping roof and a chimney, surrounded by trees and vines. The cottage is visible, so the answer to the first question is True. The door is not visible as it is covered by vines, so the answer to the second question is True. The image quality is rated 0.8 because it is clear and well-defined, with no noticeable distortions or artifacts."}, {"ans": [true, false, 0.9], "reasoning": "The image shows a passenger jet on a runway. The wings are visible on both sides of the aircraft, so they are not missing or invisible. The image is clear and well-lit, indicating good quality."}, {"ans": [true, false, 0.9], "reasoning": "The image clearly shows a wristwatch with a white face and a light brown leather strap. The watch is placed on a clear plastic stand inside a brown box. The watch face has visible hour and minute hands, and there are numbers on the face, although they are not very clear. The presence of numbers, even if not very clear, means they are not entirely missing or invisible. Therefore, the answer to the first question is True because the image is showing a wristwatch. The answer to the second question is False because the numbers are visible, even if not very clearly. The quality of the image is rated 0.9 because it is clear and well-focused on the watch, with good lighting that highlights the details of the watch and its packaging."}, {"ans": [true, false, 0.9], "reasoning": "The image shows a pizza with visible toppings, including basil leaves and what appears to be cheese. The presence of cheese is evident, although it may not be the primary topping. The pizza is centered on a wooden board, and the overall presentation is clear and well-lit. For question 1, the image does show a pizza, so the answer is True. For question 2, the cheese is visible on the pizza, so the answer is False. The quality of the image is rated 0.9 because it is clear and well-composed, with no significant issues affecting the visibility of the pizza or its toppings."}, {"ans": [true, false, 0.9], "reasoning": "The image clearly shows traffic signals with lights, indicating that the main object (traffic signals) is present. For the second question, the lights are visible on the traffic signals, so they are not missing or invisible. The quality of the image is rated 0.9 because it is clear and well-lit, capturing the busy city street scene effectively."}, {"ans": [true, true, 0.8], "reasoning": "The image shows a skateboard with its trucks and wheels partially detached. The main object in the image is indeed a skateboard, so the answer to the first question is True. The wheels are not visible as they are likely detached along with the front truck, thus the answer to the second question is also True. The image quality is rated 0.8 because it is clear and well-lit, showing the details of the skateboard and its condition."}, {"ans": [true, true, 0.8], "reasoning": "The image clearly shows a chessboard with pieces arranged on it. The chessboard is the main object in the image, and it is visible. Therefore, the answer to the first question is True. The black pieces are not visible on the chessboard as all the pieces appear to be of the same color, suggesting that either the black pieces are missing or not visible. Hence, the answer to the second question is True. The image is well-lit and the chessboard and pieces are clearly visible, so the quality is rated as 0.8. The absence of black pieces does not affect the quality score as per the instructions."}, {"ans": [true, false, 1.0], "reasoning": "The image clearly shows a red sports car, which is the main object. The brakes are visible through the spokes of the wheels, so they are not missing or invisible. The image is of high quality, with good lighting and clarity, and the key elements are clearly visible."}, {"ans": [true, true, 1.0], "reasoning": "The image is showing an open book on a table, with the pages visible but blank. The book is the main object in the image, so the answer to the first question is True. The text is not visible on the pages of the book, so the answer to the second question is True. The image is clear and well-lit, with no visible distortions or defects, so the quality is rated as 1."}, {"ans": [true, false, 1.0], "reasoning": "The image clearly shows a computer tower with visible internal components, including fans. The presence of the computer tower answers the first question affirmatively. For the second question, the fans are visible within the tower, so they are not missing or invisible. The image is of high quality, clearly showing the details of the computer tower and its components."}, {"ans": [true, false, 1.0], "reasoning": "The image clearly depicts a scarecrow standing in a field. The scarecrow is wearing a straw hat and a plaid shirt, and has arms made of straw or hay attached to its body. The presence of the arms indicates that they are visible, not missing. Therefore, the answer to Question 1 is True because the image is showing a scarecrow. The answer to Question 2 is False because the arms are visible. The quality of the image is rated as 1 because it is clear and well-defined, with all key elements of the scarecrow visible."}, {"ans": [true, true, 0.8], "reasoning": "The image depicts a knight in armor, which directly answers the first question. The knight is shown without a sword, as there is no visible sword in the image, addressing the second question. The quality of the image is rated 0.8 because it is a clear and detailed painting of a knight, with good use of color and shading. The absence of a sword does not negatively impact the quality score as per the instructions."}, {"ans": [true, false, 0.9], "reasoning": "The image clearly shows a teapot with a floral design on it. The teapot has a handle, a spout, and a lid, which are all typical features of a teapot. The handle is visible on the right side of the teapot. The image is of high quality, with clear details of the teapot and its design. The background is slightly blurred, but it does not affect the visibility of the teapot."}, {"ans": [true, false, 1.0], "reasoning": "The image clearly shows a basketball hoop with a net. The net is visible and appears to be intact, although it is dirty and has some debris on it. The basketball hoop is the main object in the image, and it is clearly visible. The image is of high quality, with a clear and sharp focus on the basketball hoop and net."}, {"ans": [true, false, 0.9], "reasoning": "The image is showing a dining table set with plates, cutlery, and glasses. The table is fully set, and the glasses are clearly visible on the table. Therefore, the answer to the first question is True. For the second question, since the glasses are visible on the table, the answer is False. The quality of the image is rated 0.9 because it is clear and well-lit, with no visible distortions or obstructions."}, {"ans": [true, false, 0.9], "reasoning": "The image clearly shows a vintage typewriter as the main object, with visible keys and mechanical parts. The ribbon is present and visible between the metal parts of the typewriter. The image is of high quality, with good lighting and detail, though the quality score is not 1 due to the slight sepia tone and the cluttered background which might slightly distract from the main subject."}, {"ans": [true, true, 0.9], "reasoning": "The image shows a row of winter jackets hanging on a rack. The jackets are quilted and have fur-lined hoods, which are typical features of winter jackets. The first question asks if the image is showing a winter jacket, which it is, so the answer is True. The second question asks if the zipper is missing or not visible from the winter jacket. Upon closer inspection, it appears that the jackets are fastened with buttons rather than zippers, and there is no visible zipper, so the answer is True. The quality of the image is rated 0.9 because it is clear and well-lit, and the jackets are prominently displayed. The absence of a zipper does not affect the quality score as per the instructions."}, {"ans": [true, false, 0.9], "reasoning": "The image is clearly showing a sunflower, so the answer to the first question is True. The seeds are visible on the sunflower, so the answer to the second question is False. The image is of high quality, with clear details of the sunflower and its seeds, so the quality score is 0.9."}, {"ans": [true, false, 0.9], "reasoning": "The image shows three elephants in a savannah setting. The main elephant is centered and facing the camera, with its trunk clearly visible. The other two elephants are in the background, also with their trunks visible. The image is clear and well-defined, with good lighting and detail. The presence of the elephants and their trunks is evident, and the image does not appear to be heavily edited or manipulated. Therefore, the answer to Question 1 is True, as the image is showing an elephant. The answer to Question 2 is False, as the trunk of the main elephant is visible. The quality of the image is rated 0.9, as it is a clear and well-defined image with good lighting and detail."}, {"ans": [true, true, 1.0], "reasoning": "The image shows a rowboat, which is the main object in the image. The oars are not visible in the image, so they are considered missing. The image is clear and well-lit, showing the details of the boat, so the quality is rated as 1."}, {"ans": [true, false, 0.9], "reasoning": "The image clearly depicts a snowman in a residential setting. The snowman is adorned with a top hat, scarf, and has visible buttons, indicating that the main object (snowman) is present. For the second question, the buttons are visible on the snowman's body, so they are not missing or invisible. The image is of high quality, with clear details of the snowman and its surroundings. The slight deduction in quality score is due to the presence of some blur in the background, but it does not affect the visibility of the main subject."}, {"ans": [true, false, 0.9], "reasoning": "The image is showing a fountain pen with a clear section that allows the ink level to be visible. The presence of ink is evident from the red color within the pen's barrel. Therefore, the main object, a fountain pen, is present, and the ink is visible."}, {"ans": [true, true, 1.0], "reasoning": "The image shows a paintbrush with a wooden handle and metal ferrule, but the bristles are not visible as they are likely covered in paint and possibly obscured by the palette. The presence of the paintbrush is evident, answering the first question affirmatively. For the second question, the bristles are not clearly visible, making it true that they are either missing or not visible. The image quality is high as it clearly depicts the paintbrush and palette, thus the quality score is 1."}, {"ans": [true, false, 1.0], "reasoning": "The image clearly shows a pair of eyeglasses with temples on top of a newspaper. The presence of the eyeglasses satisfies the first question. The temples are visible, so they are not missing or not visible, which answers the second question. The image is clear and well-lit, with the eyeglasses being the main focus, thus the quality is rated high."}, {"ans": [true, false, 0.9], "reasoning": "The image clearly shows a person holding an umbrella on a rainy street. The umbrella is the main object in the foreground, and it is visible and intact. The ribs of the umbrella are visible as they are outlined against the dark fabric of the umbrella. Therefore, the answer to the first question is True because the image is showing an umbrella. The answer to the second question is False because the ribs are visible, hence not missing or invisible. The quality of the image is rated 0.9 because it is clear and well-lit, with the main subject standing out against the background. The only reason it isn't rated 1 is due to the slight blur and rain effects that might slightly affect clarity."}, {"ans": [true, true, 0.8], "reasoning": "The image shows a wristwatch with its internal mechanism visible through a transparent case. The watch is likely a high-end mechanical watch, given the intricate details and craftsmanship visible in the image. The hour markers are not visible on the watch face, which is likely because the watch is being viewed from the back or the face is not visible. Therefore, the answer to Question 1 is True, as the image is showing a wristwatch. The answer to Question 2 is also True, as the hour markers are not visible. The quality of the image is rated 0.8, as it is a clear and detailed close-up of the watch's internal mechanism."}, {"ans": [true, false, 0.9], "reasoning": "The image shows a camping tent with its structure and fabric clearly visible. The tent is set up in a grassy field with trees in the background, and it appears to be a typical camping tent. The poles are visible and are supporting the tent's structure, so they are not missing. The image is clear and well-lit, with good resolution, which is why the quality score is high (0.9). The only reason for not giving a perfect score is minor compression artifacts or potential slight imperfections in the image."}, {"ans": [true, true, 0.8], "reasoning": "The image is showing a cuckoo clock, as evidenced by the traditional clock face and the carved wooden decorations around it, including a cuckoo bird visible in the small door below the clock face. The weights are not visible in the image, suggesting they are either missing or not visible. The image is of high quality, with clear details of the clock and its decorations, hence a quality score of 0.8."}, {"ans": [true, true, 0.8], "reasoning": "The image shows a smartphone with a clear protective case, standing upright on a table. The phone's screen is visible and displays a phone app being used. The speaker grille is not visible from the front, and since the phone is shown from the front, we cannot see if there is a speaker grille on the back or bottom. Therefore, for Question 1, the image is showing a smartphone, so the answer is True. For Question 2, since the speaker grille is not visible from the front view of the smartphone, the answer is True. The quality of the image is rated 0.8 because it is clear and well-lit, showing the details of the smartphone and its screen."}, {"ans": [true, false, 0.9], "reasoning": "The image clearly shows a motorcycle, which is the main object in question. The motorcycle is centered in the image and is facing towards the camera, with its front wheel slightly lifted off the ground. The speedometer is visible on the handlebars, indicating that it is not missing. Therefore, the answer to the first question is True. For the second question, since the speedometer is visible, the answer is False. The quality of the image is rated 0.9 because it is clear and well-focused, capturing the details of the motorcycle and its surroundings effectively."}, {"ans": [true, true, 0.9], "reasoning": "The image shows a traditional Korean stringed instrument, the 'geomungo' or a similar instrument, accompanied by a bow. The bow is clearly visible, answering the first question affirmatively. However, the hair on the bow is not visible, making the answer to the second question true as well. The quality of the image is rated 0.9 because it is clear and well-lit, with no visible distortions or obstructions that would hinder the view of the main objects."}, {"ans": [true, false, 0.9], "reasoning": "The image depicts a birdcage hanging from a porch ceiling, containing several birds and a perch. The birdcage is the main object in the image, and it is clearly visible. The perch is also visible inside the birdcage, attached to its interior. The image is of high quality, with clear details and a serene atmosphere. The presence of the perch is evident, so it is not missing or invisible."}, {"ans": [true, false, 1.0], "reasoning": "The image clearly depicts a statue of a woman, indicating that the main object is indeed a statue. The statue is fully visible and has a head, which means the head is not missing. The image is of high quality, with clear details of the statue and its surroundings."}, {"ans": [true, false, 0.9], "reasoning": "The image is showing a teddy bear with a nose, so the answer to the first question is True. The nose is visible, so the answer to the second question is False. The quality of the image is high, with clear details of the teddy bear and its surroundings, so the quality score is 0.9."}, {"ans": [true, false, 0.9], "reasoning": "The image is showing a pair of sneakers, which are white high-top sneakers with laces. The laces are visible and appear to be intact, so they are not missing. The image is clear and well-lit, with a good view of the sneakers, hence a high quality score of 0.9."}, {"ans": [true, true, 0.9], "reasoning": "The image shows a refrigerator with its doors open, revealing the interior. The main object in the image is indeed a refrigerator. The door shelves are not visible from the current angle, as the doors are open and the shelves are not visible from the front. Therefore, the answer to the first question is True, and the answer to the second question is also True. The quality of the image is rated 0.9 because it is clear and well-lit, with no significant distractions or obstructions."}, {"ans": [true, false, 0.9], "reasoning": "The image depicts a group of people gathered around a campfire in a forest setting. The campfire is the central focus, with flames visible and people sitting around it. The presence of the campfire and the people around it indicates that the image is showing a campfire. The flames are clearly visible, so they are not missing or invisible."}, {"ans": [true, false, 0.9], "reasoning": "The image shows a drinking fountain with water flowing from it, indicating that it is present and visible. The main object in the image is a drinking fountain, which matches the description in Question 1. Therefore, the answer to Question 1 is True. Since the water is flowing from the fountain, it is not missing or invisible, so the answer to Question 2 is False. The image is clear and well-lit, with a clear view of the drinking fountain, so the quality is rated as 0.9."}, {"ans": [true, false, 1.0], "reasoning": "The image shows a revolver with a visible trigger guard. The revolver is the main object in the image, and it is clearly identifiable. The trigger guard is present and visible, surrounding the trigger. Therefore, the answer to the first question is True because the image is showing a revolver. The answer to the second question is False because the trigger guard is not missing and is visible on the revolver. The quality of the image is rated 1 because it is clear and well-lit, allowing for easy identification of the revolver and its components."}, {"ans": [true, false, 0.9], "reasoning": "The image is a detailed illustration of a compass rose on an old map. The compass rose is prominently displayed in the center, with various directions marked and decorated with intricate designs. A north arrow is clearly visible, pointing towards what appears to be the top of the map, indicating north. The presence of the compass rose and the north arrow answers the first question affirmatively. For the second question, since the north arrow is visible, it is not missing or invisible. The image quality is high, with clear details and vibrant colors, hence a quality score of 0.9."}, {"ans": [true, false, 1.0], "reasoning": "The image depicts a futuristic cityscape with tall, sleek skyscrapers that are characteristic of the skyscraper genre. The presence of these structures satisfies the first question. Upon closer inspection, the skyscrapers have visible windows, some of which are illuminated, indicating that windows are not missing or invisible. Therefore, the second question is answered as false. The image is of high quality, with clear details and a coherent futuristic theme, thus scoring 1 for quality."}, {"ans": [true, false, 0.9], "reasoning": "The image shows a conductor standing on a stage with his back to the camera, leading an orchestra. He is wearing a black suit and has his arms raised. In one hand, he is holding a baton, which is visible. The presence of the conductor and the baton in his hand directly answers both questions. For Question 1, the image is showing a conductor, so the answer is True. For Question 2, since the baton is visible in the conductor's hand, it is not missing or not visible, so the answer is False. The quality of the image is rated 0.9 because it is clear and well-focused on the conductor and the orchestra, with no significant distractions or obstructions."}, {"ans": [false, true, 1.0], "reasoning": "The image shows a soccer field with markings, but there is no visible soccer goal in the frame. Therefore, the answer to the first question is False. Since there is no soccer goal visible, the crossbar is also not visible, making the answer to the second question True. The quality of the image is rated as 1 because it clearly shows the soccer field and its markings, and there are no visible issues that would detract from its quality."}, {"ans": [true, false, 0.8], "reasoning": "The image is showing a microscope, which is the main object. The microscope is depicted in a laboratory setting with various other equipment in the background. The lenses of the microscope are visible, as indicated by the transparent overlay showing the internal components, including the lenses. Therefore, the lenses are not missing or invisible. The image quality is rated 0.8 because it is clear and well-defined, with a good focus on the microscope."}]