[{"ans": [true, false, 1.0], "reasoning": "The image clearly shows a sailboat on the water with its sails visible. The presence of the sailboat and its sails directly answers both questions. The sailboat is the main object in the image, and the sails are clearly visible, so the first question is answered as true. Since the sails are visible, the second question about the sails being missing or not visible is answered as false. The image is of high quality, showing the details of the sailboat and its surroundings clearly, hence the quality rating is 1."}, {"ans": [true, false, 0.9], "reasoning": "The image clearly shows a bicycle leaning against a brick wall. The bicycle is red with silver accents and has a visible chain connecting the pedals to the rear wheel. The presence of the chain indicates that it is not missing. Therefore, for Question 1, the answer is True because the image is showing a bicycle. For Question 2, the answer is False because the chain is visible and not missing. The quality of the image is rated 0.9 because it is clear and well-lit, with all key elements of the bicycle visible."}, {"ans": [true, false, 0.9], "reasoning": "The image clearly shows a cat sitting on a windowsill. The cat is centered and facing the camera, with its ears perked up and its eyes looking directly forward. The presence of whiskers is evident around the cat's mouth. Therefore, the answer to Question 1 is True because the image is showing a cat. For Question 2, the whiskers are visible, so the answer is False because the whiskers are not missing or invisible. The quality of the image is rated 0.9 because it is sharp and well-lit, with good focus on the cat."}, {"ans": [true, true, 1.0], "reasoning": "The image depicts a stone structure with an archway and walls, resembling a castle or fortress. The presence of a tower in the background further supports this interpretation. The archway is empty, indicating that there are no gates present. The image is clear and well-defined, suggesting a high-quality image."}, {"ans": [true, false, 0.9], "reasoning": "The image clearly depicts a hot-air balloon, which is the main object. The basket is visible and attached to the balloon, so it is not missing or invisible. The image is well-lit and in focus, with a clear view of the balloon and its surroundings, hence the high quality score."}, {"ans": [true, false, 0.9], "reasoning": "The image shows a turtle with a visible shell, so the answer to the first question is True. The shell is clearly visible, so the answer to the second question is False. The quality of the image is rated 0.9 because it is clear and well-lit, with no visible distortions or obstructions."}, {"ans": [true, false, 1.0], "reasoning": "The image clearly shows a train at a station. The train is silver and has a modern design, with its front end visible and facing the camera. The wheels of the train are visible under the carriage, indicating that they are not missing. The image is well-lit and in focus, providing a clear view of the train and its surroundings."}, {"ans": [true, false, 1.0], "reasoning": "The image clearly shows a pair of eyeglasses with lenses. The lenses are visible and not missing, so the answer to the second question is False. The image is of high quality, properly lit, and in focus, so the quality score is 1."}, {"ans": [true, false, 0.9], "reasoning": "The image shows a fountain pen with a visible nib. The pen is placed on a piece of paper, and the nib is clearly visible at the tip of the pen. The image is well-lit and the details of the pen are clear, indicating a high-quality image. The presence of the nib answers both questions: the image is showing a fountain pen, and the nib is not missing or invisible."}, {"ans": [true, false, 0.9], "reasoning": "The image is showing an umbrella with a canopy. The canopy is visible and not missing. The quality of the image is rated 0.9 because it is clear and well-lit, with no visible distortions or obstructions that would detract from the visibility of the main subject, the umbrella."}, {"ans": [true, false, 1.0], "reasoning": "The image clearly shows an airplane on a runway, with its wings visible. The presence of the airplane is evident, and the wings are not missing or invisible. The image is of high quality, with clear details of the airplane and its surroundings."}, {"ans": [true, true, 0.9], "reasoning": "The image clearly shows a desk lamp, which is the main object in question. The lamp is present and identifiable, so the answer to the first question is True. Upon closer inspection, it's evident that the bulb is not visible as it is enclosed within the lamp's shade. Therefore, the bulb is considered not visible, making the answer to the second question True. The quality of the image is rated 0.9 because it is clear and well-lit, with the desk lamp being the central focus. The absence of the bulb from view does not negatively impact the quality score as per the instructions."}, {"ans": [true, false, 1.0], "reasoning": "The image clearly shows an electric guitar with a visible body and neck. The guitar is a sunburst Fender Stratocaster, and both the body and the neck are fully visible against a plain gray background. The presence of the neck is evident, so it is not missing or invisible."}, {"ans": [true, false, 0.9], "reasoning": "The image clearly shows a fish swimming in water. The fish is visible and has fins, which are clearly seen. The image is of high quality, with clear details of the fish and its surroundings. The presence of the fish and its fins is evident, and the water's clarity allows for a good view of the fish's features."}, {"ans": [true, false, 1.0], "reasoning": "The image clearly shows a cottage with a roof, as evidenced by the pitched roofline and chimney. The roof is fully visible, indicating that it is not missing. The image is of high quality, with clear details of the cottage and its surroundings."}, {"ans": [true, true, 0.8], "reasoning": "The image shows a vintage convertible car parked in a lot. The windshield is not visible as it appears to be a convertible with the top down and no windshield. The presence of a steering wheel, dashboard, and other car features confirms that it is a car. The image is clear and well-lit, with a quality score of 0.8 due to the slight blurriness in the background."}, {"ans": [true, false, 1.0], "reasoning": "The image clearly shows a keyboard with a visible spacebar. The keyboard is centered in the image, and the spacebar is present and clearly visible, indicating that it is not missing. The image is of high quality, with clear details of the keyboard keys and their colors."}, {"ans": [true, false, 1.0], "reasoning": "The image clearly depicts an owl perched on a tree branch, with detailed feathers visible across its body. The presence of the owl is evident, and its feathers are not missing or invisible; they are intricately illustrated. Therefore, the answer to the first question is True, and the answer to the second question is False. The quality of the image is rated as 1 because it is clear and detailed, effectively showcasing the owl and its feathers."}, {"ans": [true, false, 1.0], "reasoning": "The image shows a book with a brown leather cover, which is closed. The pages are not visible as the book is shut, but it is clear that it is a book. Therefore, the answer to the first question is True. For the second question, since the book is closed and the pages are not visible, one might initially think to answer True. However, the question asks if the pages are missing or not visible. The pages are present but not visible because the book is closed, so the correct interpretation is that the pages are not missing, they are just not visible. Hence, the answer to the second question is False. The image is clear and well-lit, showing the details of the book and the wooden surface it's on, so the quality is rated as 1."}, {"ans": [true, false, 1.0], "reasoning": "The image clearly shows a lighthouse, which is the main object in question. The lighthouse is depicted with a lamp visible inside the glass enclosure at the top. The presence of the lamp is evident, so it is not missing or invisible. The image is of high quality, capturing the details of the lighthouse and its surroundings."}, {"ans": [true, false, 1.0], "reasoning": "The image shows a beige armchair with a tufted design, placed on a patterned rug. The chair has visible legs, which are made of wood and are partially obscured by the rug. The chair is positioned in a room with a wooden floor and white walls. The image is clear and well-lit, allowing for a detailed view of the chair and its surroundings. The presence of the chair and its legs is evident, and the image quality is high."}, {"ans": [true, false, 0.9], "reasoning": "The image shows a deer with antlers standing in a forest. The deer is clearly visible and appears to be a male with antlers. The antlers are present and visible, so they are not missing. The image is of high quality, with good lighting and detail, so the quality score is 0.9."}, {"ans": [true, false, 1.0], "reasoning": "The image clearly shows an envelope, so the answer to the first question is True. The flap of the envelope is visible and not missing, so the answer to the second question is False. The image is clear and well-lit, showing the envelope and its details, so the quality is rated as 1."}, {"ans": [true, true, 1.0], "reasoning": "The image is showing a wall clock, which is the main object. The clock face is white with black hands and markings but lacks numbers, so the numbers are missing. The image is clear and well-lit, indicating good quality."}, {"ans": [true, false, 0.9], "reasoning": "The image clearly depicts a person wearing a white space suit, which is fully visible and includes a helmet. The presence of the space suit fulfills the condition for Question 1, making the answer 'true'. For Question 2, the helmet is clearly visible on the astronaut's head, so the answer is 'false' because the helmet is not missing or invisible. The image is of high quality, with clear details of the space suit and its surroundings, hence a quality rating of 0.9. The slight deduction from 1 is due to minor factors like slight ripples in the water that might slightly affect clarity, but not significantly."}, {"ans": [true, false, 0.9], "reasoning": "The image clearly depicts a windmill with visible blades in a field. The presence of the windmill with its blades is evident, so the answer to the first question is True. Since the blades are visible, the answer to the second question is False. The image is of high quality, with clear details of the windmill and the surrounding landscape, so the quality score is 0.9."}, {"ans": [true, true, 1.0], "reasoning": "The image clearly shows a tree without leaves. The branches are bare, and the sun is visible through them, indicating that there are no leaves obstructing the view. Therefore, the answer to Question 1 is True because the image is showing a tree. The answer to Question 2 is also True because the leaves are missing. The quality of the image is rated as 1 because it is clear and well-defined, with no visible distortions or issues that would detract from the viewing experience."}, {"ans": [true, true, 1.0], "reasoning": "The image shows a yellow school bus parked on the side of a road. The bus is facing left, and its side is visible. The doors of the bus are not visible as the side shown does not include the area where the doors would typically be located. Therefore, for Question 1, the image is showing a bus, so the answer is True. For Question 2, since the doors are not visible from the side shown, they are considered not visible, so the answer is True. The quality of the image is rated as 1 because it is clear and well-lit, showing the bus in detail."}, {"ans": [true, true, 1.0], "reasoning": "The image shows a laptop with its screen open and facing away from the viewer, displaying the back of the screen. The laptop is on a wooden table in front of a white wall. The image is clear and well-lit, indicating good quality. The laptop is visible, so the answer to the first question is True. The screen is not visible because it is facing away from the viewer, so the answer to the second question is True. The image quality is rated 1 because it is clear and well-lit."}, {"ans": [true, true, 0.9], "reasoning": "The image shows a trumpet, but the mouthpiece is not attached to the instrument. The trumpet is clearly visible on a red velvet background, indicating that the main object is present. However, the mouthpiece is missing or not visible, as it is not attached to the trumpet and is shown separately in the image. The quality of the image is high, with clear details of the trumpet and its components."}, {"ans": [true, false, 1.0], "reasoning": "The image is showing a robot with a head, so the answer to the first question is True. The head is visible, so the answer to the second question is False. The image is clear and well-lit, and it does not appear to be missing any key elements, so the quality is rated as 1."}, {"ans": [true, false, 1.0], "reasoning": "The image clearly shows a candle on a silver plate. The candle is cylindrical and has a wick visible at the top. The presence of the candle satisfies the first question, so the answer is True. The wick is visible, so it is not missing or invisible, making the answer to the second question False. The image is clear and well-lit, and there are no issues with the visibility of the main object, so the quality is rated as 1."}, {"ans": [true, false, 1.0], "reasoning": "The image shows a pizza with visible cheese, so it answers 'true' to the first question as it is a pizza with cheese. For the second question, the cheese is visible, so it answers 'false' to the cheese being missing or not visible. The quality of the image is rated 1 because it is clear and well-lit, showing the pizza and its toppings in detail."}, {"ans": [true, false, 1.0], "reasoning": "The image clearly shows a DSLR camera body with a lens attached to it. The camera is positioned on a stand on a wooden surface against a plain background. The presence of the lens is evident as it is attached to the camera body, making it visible. Therefore, for Question 1, the answer is True because the image is showing a DSLR camera. For Question 2, the answer is False because the lens is not missing; it is attached and visible. The quality of the image is rated as 1 because it is clear and well-lit, with no visible distortions or obstructions that would affect the assessment of the questions."}, {"ans": [true, false, 1.0], "reasoning": "The image clearly depicts a grand piano on a stage in an auditorium. The piano is visible and appears to be intact with its keys present and visible. Therefore, the answer to Question 1 is True because the image is showing a piano. The answer to Question 2 is False because the keys are not missing or invisible; they are clearly visible. The quality of the image is rated as 1 because it is clear and well-lit, with no apparent issues that would detract from its quality."}, {"ans": [true, true, 0.9], "reasoning": "The image shows a paintbrush with a wooden handle and a metal ferrule, but the bristles are not visible as they are likely pointing directly at the camera and are not discernible. The presence of the paintbrush is clear, and it is positioned next to a palette with various colors of paint. The quality of the image is high, with clear details of the brush handle and the paint palette."}, {"ans": [true, false, 0.9], "reasoning": "The image clearly shows a watch with a strap, answering the first question affirmatively. The strap is visible and not missing, so the second question is answered negatively. The quality of the image is rated high because it is clear and well-lit, with the watch being the main focus."}, {"ans": [true, false, 1.0], "reasoning": "The image clearly shows a man with his mouth open, displaying his teeth and tongue. The presence of a mouth is evident, satisfying the first question. For the second question, the tongue is visible inside the mouth, so it is not missing or invisible. The image is of high quality, with clear details of the subject's mouth and the dental tool being used."}, {"ans": [true, false, 1.0], "reasoning": "The image is showing a motorcycle with visible handlebars, so it meets the condition for the first question. The handlebars are clearly visible, so they are not missing or not visible, answering the second question as false. The image is of high quality, with clear details of the motorcycle and its surroundings."}, {"ans": [true, false, 0.9], "reasoning": "The image clearly depicts a vintage television set on a wooden stand, indicating that the main object is indeed a television. The screen is visible and not missing, so the answer to the second question is false. The image quality is high, with clear details of the television and its surroundings, hence a quality score of 0.9 is given."}, {"ans": [true, false, 1.0], "reasoning": "The image clearly shows a goat standing on a rocky outcrop. The goat has horns, which are visible and not missing. Therefore, the answer to Question 1 is True because the image is showing a goat. The answer to Question 2 is False because the horns are not missing or not visible; they are clearly visible. The quality of the image is rated 1 because it is clear and well-defined, with the goat and its features easily discernible."}, {"ans": [true, false, 0.9], "reasoning": "The image is showing a red sneaker with white laces, so the answer to the first question is True. The laces are visible, so the answer to the second question is False. The image is clear and well-lit, and the sneaker is the main focus, so the quality is rated as 0.9."}, {"ans": [true, false, 1.0], "reasoning": "The image clearly shows a green frog sitting on a leaf over water. The frog's eyes are visible and clearly distinguishable, indicating that they are not missing or invisible. The image is sharp and well-lit, with good detail visible on the frog's body and the surrounding environment. Therefore, the answer to Question 1 is True because the image is showing a frog. The answer to Question 2 is False because the eyes are visible. The quality of the image is rated as 1.0 because it is clear and well-focused, with no apparent issues that would detract from its quality."}, {"ans": [true, false, 1.0], "reasoning": "The image is showing a mug with a handle, so the main object is present. The handle is visible, so it is not missing. The image is clear and well-lit, showing the details of the mug and saucer, hence the quality is rated as 1.0."}, {"ans": [true, false, 1.0], "reasoning": "The image clearly shows a saxophone, which is the main object in question. The saxophone is depicted with its keys visible, indicating that the keys are not missing. Therefore, the answer to the first question is True because the image is showing a saxophone. The answer to the second question is False because the keys are visible and not missing. The quality of the image is rated as 1 because it is clear and well-defined, showing the saxophone and its details without any significant issues."}, {"ans": [true, false, 1.0], "reasoning": "The image clearly shows a skateboard with wheels attached to it. The skateboard is positioned on a brick surface, and all four wheels are visible and appear to be intact. Therefore, the answer to the first question is True because the image is showing a skateboard. The answer to the second question is False because the wheels are not missing or invisible; they are clearly visible in the image. The quality of the image is rated as 1 because it is clear and well-lit, allowing for easy identification of the skateboard and its components."}, {"ans": [true, false, 1.0], "reasoning": "The image shows a brown fedora hat with a black band on a stand. The hat has a visible brim, which is a key element of a fedora. Therefore, the answer to Question 1 is True because the image is showing a fedora. The answer to Question 2 is False because the brim is visible. The quality of the image is rated as 1 because it is clear and well-lit, and the hat is centered and easily visible."}, {"ans": [true, false, 0.9], "reasoning": "The image clearly shows a motorcycle helmet on a table in a workshop setting. The helmet is black with white stripes and has its visor up, indicating that it is present and not missing. The visor is simply in the raised position, so it is visible. The image is well-lit and in focus, with a clear view of the helmet and its details, contributing to a high-quality score. The slight deduction in quality score is due to the background being slightly out of focus, but this does not detract from the main subject, the helmet."}, {"ans": [true, true, 1.0], "reasoning": "The image is showing a bedframe without a mattress. The bedframe is the main object and it is present in the image. The mattress is missing or not visible, as there is no mattress on the bedframe. The image is of high quality, with clear details and no visible distortions or issues."}, {"ans": [true, false, 1.0], "reasoning": "The image is showing a clock tower with a visible clock face. The clock tower is the main object in the image, and it is clearly visible. The clock face is also visible, so it is not missing or invisible. Therefore, the answer to Question 1 is True, and the answer to Question 2 is False. The quality of the image is rated as 1 because it is clear and well-defined."}, {"ans": [true, false, 1.0], "reasoning": "The image clearly shows a pocket watch with visible hands. The watch is centered in the image, and its face is clearly visible, displaying Roman numerals and black hands. The hands are present and visible, indicating the time. The image is of high quality, with clear details of the watch's mechanism and the surrounding fabric."}, {"ans": [true, false, 0.9], "reasoning": "The image clearly shows a red bicycle with visible pedals attached to the crank. The presence of the bicycle is evident, so the answer to the first question is True. The pedals are visible on the bicycle, so the answer to the second question is False. The image is of high quality, with clear details of the bicycle and its components, so the quality score is 0.9."}, {"ans": [true, false, 1.0], "reasoning": "The image is a portrait of a woman with visible eyes. The portrait is clearly visible and well-defined, indicating a high-quality image. The eyes are present and not missing or invisible."}, {"ans": [true, true, 1.0], "reasoning": "The image clearly depicts a grand piano on a stage with spotlights shining down. The lid of the piano is open, but the hammers inside are not visible due to the angle and lighting. The presence of the piano is evident, fulfilling the first question's condition. For the second question, the hammers are not visible, so they are considered missing. The image is of high quality, with clear details of the piano and the stage environment."}, {"ans": [true, false, 1.0], "reasoning": "The image clearly depicts a sailing ship with its sails visible and fully deployed. The presence of the sails directly answers both questions: the image is of a sailing ship, and the sails are not missing or invisible."}, {"ans": [true, false, 1.0], "reasoning": "The image shows a large tree with a wide canopy and green leaves, which is likely an oak tree given its size and leaf structure. The presence of leaves on the tree indicates that they are not missing or invisible. The image is clear and well-lit, with good detail visible in the tree and its surroundings, indicating high quality."}, {"ans": [true, false, 0.9], "reasoning": "The image depicts a stone cottage with a tiled roof and a chimney, surrounded by trees and foliage. The cottage has a visible door, windows with shutters, and vines growing up its walls. The presence of the cottage is clear, so the answer to the first question is True. The door is visible, so the answer to the second question is False. The image is clear and well-defined, with all key elements visible, so the quality is rated 0.9."}, {"ans": [true, false, 1.0], "reasoning": "The image clearly shows a passenger jet on a runway. The wings are visible and not missing. The image is clear and of high quality."}, {"ans": [true, true, 0.9], "reasoning": "The image is showing a wristwatch with a white face and brown leather strap. The watch face has hour markers but no numbers. Therefore, the numbers are missing from the wristwatch. The image is clear and well-lit, and the watch is the main focus, so the quality is high."}, {"ans": [true, false, 1.0], "reasoning": "The image is showing a pizza with cheese, as evidenced by the white patches visible under the red sauce and basil leaves. The presence of cheese is clear, so the answer to the second question is False because the cheese is visible. The image is of high quality, clearly showing the details of the pizza, so the quality score is 1."}, {"ans": [true, false, 1.0], "reasoning": "The image clearly shows traffic signals with visible lights. The traffic signals are hanging above the road, and the lights are illuminated, indicating that they are operational. Therefore, the answer to the first question is True. For the second question, the lights are visible on the traffic signals, so the answer is False. The image quality is high, and all elements are clearly visible, so the quality score is 1."}, {"ans": [true, false, 1.0], "reasoning": "The image clearly shows a skateboard with wheels attached to it. The skateboard is positioned on a concrete surface, and all four wheels are visible. Therefore, the answer to Question 1 is True because the image is showing a skateboard. The answer to Question 2 is False because the wheels are not missing; they are clearly visible. The quality of the image is rated 1 because it is clear and well-lit, with no significant issues affecting the visibility of the skateboard or its components."}, {"ans": [true, false, 0.9], "reasoning": "The image is showing a chessboard with pieces on it. The chessboard is the main object and it is clearly visible. The black pieces are present on the board, although they are not as many as the white pieces. The image is clear and well-lit, and the chessboard and pieces are in sharp focus. The quality of the image is high, with a clear and detailed view of the chessboard and pieces."}, {"ans": [true, true, 0.9], "reasoning": "The image shows a red Ferrari sports car. The car is a convertible with its top down, and it is positioned in a well-lit room with a reflective floor. The image is clear and of high quality. The brakes are not visible as the wheels are not shown in detail, and the brake calipers are not visible behind the wheels."}, {"ans": [true, true, 0.9], "reasoning": "The image is showing a book that is open on a wooden table. The pages are blank and there is no text visible. The main object in the image is a book, so the answer to the first question is True. Since the text is not visible on the pages, the answer to the second question is also True. The quality of the image is rated as 0.9 because it is clear and well-lit, with no visible distortions or obstructions. The absence of text on the pages does not affect the quality score as per the given instructions."}, {"ans": [true, false, 1.0], "reasoning": "The image clearly shows a computer tower with its side panel removed, revealing the internal components. The presence of fans is evident, as they are visible and illuminated with purple light. Therefore, the answer to the first question is True because the image is showing a computer tower. The answer to the second question is False because the fans are visible and not missing. The quality of the image is rated as 1 because it is clear and well-lit, with no visible distortions or obstructions that would hinder the view of the computer tower or its components."}, {"ans": [true, false, 1.0], "reasoning": "The image depicts a scarecrow standing in a wheat field, wearing a plaid shirt, jeans, and a straw hat. The scarecrow has visible arms made of straw, attached to its body. The presence of the scarecrow is clear, so the answer to the first question is True. Since the arms are visible, the answer to the second question is False. The image is clear and well-lit, with no visible distortions or obstructions, so the quality is rated as 1.0."}, {"ans": [true, true, 0.9], "reasoning": "The image depicts a man in armor, which is consistent with the representation of a knight. The presence of a crowd of people in armor behind him and a medieval-style castle in the background further supports this interpretation. The knight is not holding a sword, and there is no visible sword on his belt or in the surrounding area, suggesting that the sword is either missing or not visible. The image quality is high, with detailed rendering of the armor and the background, hence a quality score of 0.9."}, {"ans": [true, false, 1.0], "reasoning": "The image is showing a teapot with a handle, so the answer to the first question is True. The handle is visible, so the answer to the second question is False. The image is clear and well-lit, and the teapot is centered in the frame, so the quality is rated as 1."}, {"ans": [true, false, 1.0], "reasoning": "The image clearly shows a basketball hoop with a net. The hoop is attached to a backboard and a pole, and the net is visible and not obstructed. Therefore, the answer to the first question is True because the main object, a basketball hoop, is present. The answer to the second question is False because the net is visible and not missing. The quality of the image is rated as 1 because it is clear and well-lit, with all relevant details visible."}, {"ans": [true, false, 1.0], "reasoning": "The image is showing a dining table setting with plates, cutlery, and glasses. The glasses are visible at the top of the image, so they are not missing. The table is set for a meal, indicating it is a dining table. The image is clear and well-lit, showing all the elements of the table setting, hence the quality is rated as 1."}, {"ans": [true, true, 0.9], "reasoning": "The image clearly shows a typewriter, which is the main object in question. The typewriter is visible and appears to be in a usable condition, although the ribbon is not visible, suggesting it might be missing or not properly threaded. The quality of the image is high, with clear details of the typewriter and its surroundings. The absence of a visible ribbon does not detract from the image quality as per the instructions."}, {"ans": [true, false, 1.0], "reasoning": "The image shows a winter jacket, which is the main object. The jacket is a puffy, beige-colored coat with a fur-lined hood and buttons down the front. The presence of the jacket fulfills the condition for Question 1, so the answer is True. For Question 2, the zipper is not visible, but it is also not entirely clear if the jacket has a zipper under the buttons. However, the question asks if the zipper is missing or not visible. Since there is no visible zipper, the condition is met, but the presence of buttons suggests it might not have a zipper, so the answer is False. The image quality is good, and all relevant details are visible, so the quality score is 1.0."}, {"ans": [true, false, 1.0], "reasoning": "The image clearly shows a sunflower with its face directly towards the camera. The seeds are visible on the flower head, arranged in a spiral pattern. The image is of high quality, with clear details of the sunflower's petals, seeds, and leaves."}, {"ans": [true, false, 1.0], "reasoning": "The image clearly depicts an elephant, so the answer to the first question is True. The trunk of the elephant is visible and not missing, so the answer to the second question is False. The image is of high quality as it is clear and well-defined, with the main subject (the elephant) prominently displayed."}, {"ans": [true, true, 0.9], "reasoning": "The image shows a wooden rowboat on a lake. The boat is empty and facing the camera, with its bow pointing towards the viewer. The oars are not visible in the image. The image is clear and well-lit, with a good view of the boat and its surroundings."}, {"ans": [true, false, 1.0], "reasoning": "The image clearly shows a snowman with three large snowballs stacked on top of each other, wearing a hat and a scarf. The snowman has a face made of coal or similar material, with two eyes, a nose, and a mouth. It also has three buttons on its middle section. The presence of the snowman is evident, so the answer to the first question is True. For the second question, the buttons are clearly visible on the snowman's body, so the answer is False. The image is of high quality, with clear details and good lighting, so the quality score is 1."}, {"ans": [true, false, 0.9], "reasoning": "The image shows a fountain pen lying on an open notebook. The pen is clearly visible and appears to be a high-quality fountain pen with a transparent ink reservoir. The ink level is visible in the reservoir, indicating that the pen is not empty. Therefore, the answer to the first question is True because the image is showing a fountain pen. The answer to the second question is False because the ink is visible in the pen's reservoir. The quality of the image is rated 0.9 because it is clear and well-lit, with no visible distortions or obstructions."}, {"ans": [true, false, 1.0], "reasoning": "The image clearly shows a paintbrush with visible bristles next to a paint palette. The paintbrush is the main object in the image, and it is shown with its bristles intact and visible. Therefore, the answer to the first question is True. For the second question, since the bristles are visible, the answer is False. The image quality is rated as 1 because it is clear and well-lit, and there are no issues with the visibility of the main object or its key elements."}, {"ans": [true, true, 0.9], "reasoning": "The image shows a pair of eyeglasses with round lenses and a gold frame, placed on top of a piece of paper with text. The temples of the eyeglasses are not visible as they are folded inwards and lying flat on the paper. Therefore, the answer to the first question is True because the image is showing eyeglasses. The answer to the second question is True because the temples are not visible. The quality of the image is rated 0.9 because it is clear and well-lit, with no visible distortions or obstructions that would hinder the understanding of the content."}, {"ans": [true, true, 0.9], "reasoning": "The image clearly shows a person holding an umbrella on a rainy street. The umbrella is the main object in the image, and it is visible and recognizable. Therefore, the answer to Question 1 is True. For Question 2, the ribs of the umbrella are not visible from the given perspective, as the image is taken from behind the person holding the umbrella, and the underside of the umbrella is not clearly visible. Thus, the ribs are not visible, making the answer to Question 2 True. The quality of the image is rated 0.9 because it is clear and well-composed, with good lighting and focus on the main subject."}, {"ans": [true, false, 1.0], "reasoning": "The image is showing a wristwatch with a visible face and hour markers on the outer rim of the face. The watch is displayed on a stand within a glass dome. The hour markers are visible, so they are not missing or invisible."}, {"ans": [true, true, 1.0], "reasoning": "The image clearly shows a camping tent in a grassy field. The tent is partially set up, with its fabric visible but without visible poles to support it. The absence of visible poles directly answers the second question, indicating that the poles are either missing or not visible. The image is of high quality, clearly showing the tent and its surroundings without any significant obstructions or distractions."}, {"ans": [true, false, 0.9], "reasoning": "The image depicts a traditional cuckoo clock with intricate carvings and a pendulum, indicating that it is indeed a cuckoo clock. The clock is adorned with weights in the form of pinecones, which are visible and hanging from the bottom of the clock. Therefore, the answer to the first question is True. For the second question, since the weights are clearly visible as pinecones hanging from the clock, the answer is False. The image quality is rated 0.9 because it is clear and detailed, showing all the essential features of the cuckoo clock without any significant distractions or obstructions."}, {"ans": [true, true, 0.9], "reasoning": "The image is showing a smartphone. The phone is displayed with its screen facing upwards, and the bottom edge is visible. There is no visible speaker grille on the visible parts of the phone. The image is clear and well-lit, with good resolution, hence the quality is rated 0.9. The presence of the smartphone answers the first question affirmatively. The absence or invisibility of the speaker grille answers the second question affirmatively as well."}, {"ans": [true, true, 0.9], "reasoning": "The image clearly shows a motorcycle positioned on a road, facing the camera. The motorcycle is the main object in the image, and it is visible in its entirety from the front. Therefore, the answer to the first question is True. Upon closer inspection, it is evident that the speedometer is not visible on the motorcycle. The visible components include the headlight, handlebars, mirrors, and other front-facing parts, but there is no visible speedometer. Hence, the answer to the second question is True, as the speedometer is either missing or not visible. The image is well-lit and in focus, with the motorcycle being the central subject. The overall quality of the image is high, scoring 0.9, as it effectively captures the details of the motorcycle without any significant distractions or blurriness."}, {"ans": [true, true, 0.9], "reasoning": "The image is showing a violin bow. The bow is lying on a red fabric surface, and it appears to be a typical violin bow with a wooden stick and metal fittings. The hair of the bow is not visible, suggesting that it is either missing or not visible. The image is clear and well-lit, and the bow is centered in the frame, making it easy to identify. The quality of the image is high, with good resolution and no visible distortions."}, {"ans": [true, true, 0.8], "reasoning": "The image depicts a large, ornate birdcage hanging from a porch ceiling. The birdcage is made of gold-colored metal and has a dome-shaped top with vertical bars. It is suspended by a chain attached to the ceiling. The porch has white railings and columns, and the background shows trees, houses, and a bright sky. The birdcage is the main object in the image, and it is clearly visible. There is no visible perch inside the birdcage."}, {"ans": [true, false, 0.9], "reasoning": "The image depicts a statue of a woman with a head, standing in a hall with columns. The statue is clearly visible and appears to be well-rendered. The head is present and visible, so the answer to the second question is False. The quality of the image is high, with clear details and no visible artifacts, so the quality score is 0.9."}, {"ans": [true, false, 1.0], "reasoning": "The image is showing a teddy bear with a nose, so the answer to the first question is True. The nose is visible on the teddy bear, so the answer to the second question is False. The image is clear and well-lit, and the teddy bear is the main focus, so the quality score is 1.0."}, {"ans": [true, false, 0.9], "reasoning": "The image shows a pair of white sneakers with laces, positioned on a gray mat against a white wall. The sneakers are clearly visible, and the laces are present and visible. The image is well-lit, and the details of the sneakers are clear. The quality of the image is high, with a clear and sharp representation of the sneakers. The presence of laces is evident, so the answer to the second question is False. The overall quality of the image is rated 0.9, as it is a clear and well-composed photograph."}, {"ans": [true, false, 0.9], "reasoning": "The image clearly shows a refrigerator with its doors open, revealing the interior. The refrigerator is the main object in the image, and it is visible and identifiable. Therefore, the answer to the first question is True. For the second question, the door shelves are visible on the right door of the refrigerator, so they are not missing or invisible. Hence, the answer is False. The image is of high quality, with clear details of the refrigerator and its contents, so the quality score is 0.9."}, {"ans": [true, false, 1.0], "reasoning": "The image clearly depicts a group of people gathered around a campfire in a forest setting. The campfire is the central focus, with visible flames and sparks. Therefore, for Question 1, the answer is True because the image is showing a campfire. For Question 2, the answer is False because the flames are visible and not missing. The quality of the image is rated as 1 because it is clear and well-defined, with all elements visible and no key information obscured."}, {"ans": [true, true, 0.9], "reasoning": "The image depicts a modern, silver-colored drinking fountain situated in a park. The fountain is positioned on the grassy area adjacent to a paved pathway. The main object in the image is indeed a drinking fountain, so the answer to the first question is True. Upon closer inspection, it is evident that water is not flowing from the fountain, and there is no visible water in the basin. Therefore, the answer to the second question is also True, as the water is not visible. The image quality is rated 0.9 because it is clear and well-lit, with no significant issues or distractions."}, {"ans": [true, false, 0.9], "reasoning": "The image is showing a revolver. The revolver has a trigger guard visible around the trigger. The quality of the image is high as it clearly shows the details of the revolver."}, {"ans": [true, false, 1.0], "reasoning": "The image depicts a detailed and ornate compass rose, which is clearly visible and centered in the image. The compass rose is adorned with intricate designs and markings, indicating the cardinal directions. A north arrow is present and visible, pointing towards the top of the image. The overall quality of the image is high, with clear lines and details. Therefore, the answer to Question 1 is True because the image is showing a compass rose. The answer to Question 2 is False because the north arrow is not missing or invisible; it is clearly visible. The quality rating is 1.0 because the image is of high quality and clearly shows the compass rose and its details."}, {"ans": [true, false, 1.0], "reasoning": "The image depicts a futuristic cityscape with several tall buildings, some of which have visible windows. The presence of skyscrapers is evident, fulfilling the first question's condition. For the second question, the windows are visible on some of the buildings, particularly on the right and left sides of the image, indicating that they are not missing or invisible. Therefore, the answer to the second question is false. The image is clear and well-defined, with no apparent issues that would affect its quality, hence the quality rating is 1."}, {"ans": [true, true, 0.8], "reasoning": "The image shows a man in a tuxedo standing on a stage with his right hand raised, indicating he is a conductor. He is standing behind a podium, and there are musicians in the background playing various instruments. The conductor's right hand is empty and visible, and there is no baton in sight. Therefore, the baton is missing or not visible from the conductor. The image is clear and well-lit, and the main subject is in focus."}, {"ans": [true, true, 1.0], "reasoning": "The image shows a soccer field with a goal at the far end. The goal is visible behind the hedge, indicating that it is present. However, the crossbar of the goal is not visible due to being obscured by the hedge. Therefore, the answer to the first question is True because a soccer goal is present, and the answer to the second question is True because the crossbar is not visible."}, {"ans": [true, false, 1.0], "reasoning": "The image clearly shows a microscope. The microscope has lenses attached to it, which are visible and not missing. The quality of the image is high as it is clear and well-lit, showing all the necessary details of the microscope."}]