[{"ans": [true, true, 1.0], "reasoning": "The image depicts a sailboat on calm waters with its sails furled or covered, indicating that the sails are not visible. The presence of the mast and rigging confirms it is a sailboat. The image is clear and of high quality, with no visible artifacts or distortions."}, {"ans": [true, true, 0.9], "reasoning": "The image clearly shows a bicycle leaning against a brick wall. The bicycle is red and appears to be old, with visible signs of wear and tear. Upon closer inspection, it's evident that the chain is not visible, suggesting it might be missing. The image is well-lit and in focus, with clear details of the bicycle and its surroundings. There are no noticeable artifacts, blurring, or unnatural colors that would significantly detract from the image quality. Therefore, the main object, a bicycle, is present, and the chain is either missing or not visible."}, {"ans": [true, false, 0.95], "reasoning": "The image clearly shows a cat, so the answer to the first question is True. The cat's whiskers are visible, so the answer to the second question is False. The image is of high quality, with clear details and no visible artifacts or distortions, so the quality score is 0.95. The slight deduction from 1 is due to a minor imperfection in the image that is hardly noticeable."}, {"ans": [true, true, 0.8], "reasoning": "The image depicts a castle with a large stone structure and towers, indicating that it is indeed a castle. The presence of a large, open area in front of the castle and a staircase leading up to it further supports this conclusion. Therefore, the answer to the first question is True. For the second question, the gates are not visible in the image, as the entrance to the castle is obscured by a large, surreal sculpture of a mouth with teeth. Hence, the answer to the second question is also True. The image quality is rated 0.8 because it is clear and well-defined, with no visible artifacts or distortions that would detract from the overall viewing experience. The only potential issue is the surreal element, which may be considered unnatural, but it does not significantly impact the overall quality of the image."}, {"ans": [true, false, 1.0], "reasoning": "The image clearly shows a hot-air balloon with a visible basket. The main object, the hot-air balloon, is present and identifiable. The basket is also visible, attached to the balloon by ropes. The image is clear and well-defined, with no visible artifacts, blurring, or other issues that would detract from its quality. Therefore, the answer to the first question is True because the image is showing a hot-air balloon. The answer to the second question is False because the basket is visible. The quality of the image is rated 1 because it is clear and well-defined, with no noticeable issues."}, {"ans": [true, false, 0.9], "reasoning": "The image clearly shows a turtle with a visible shell. The turtle is centered in the image, and its shell is prominent. The image is of good quality, with clear details of the turtle's features. The only reason for not giving it a perfect score is the slight reflection on the shell, but it doesn't significantly impact the overall quality."}, {"ans": [true, false, 0.9], "reasoning": "The image clearly shows a train at a station, indicating that the main object is indeed a train. The train's wheels are visible underneath it, so they are not missing or invisible. The image is well-lit and clear, with no significant artifacts or distortions that would affect its quality. However, the quality score is not 1 because the image has some shadows and the sunlight reflection on the train might be considered minor issues."}, {"ans": [true, false, 0.95], "reasoning": "The image clearly shows a pair of eyeglasses with lenses. The lenses are visible and not missing. The image is of high quality, with clear details and no visible artifacts or distortions. The only reason it doesn't score a perfect 1 is due to the slight reflection on the surface, but it doesn't significantly impact the visibility of the main object."}, {"ans": [true, false, 0.8], "reasoning": "The image shows two fountain pens, both with visible nibs. The presence of the nibs indicates that they are not missing. The image is clear and detailed, showing the pens and their nibs on a piece of paper with writing on it. The quality of the image is high, with no visible artifacts or distortions that would detract from the overall clarity. However, the image has a slightly painterly or illustrative quality, which might reduce its quality score slightly."}, {"ans": [true, true, 0.9], "reasoning": "The image shows an umbrella without a canopy. The metal frame of the umbrella is visible, indicating that it is an umbrella. The canopy is missing, so the answer to the second question is true. The image is clear and well-lit, with no visible artifacts or distortions, so the quality score is high."}, {"ans": [true, false, 1.0], "reasoning": "The image clearly shows a large white airplane on a runway, with its wings visible. The presence of the airplane satisfies the first question. For the second question, the wings are clearly visible, so they are not missing or not visible. The image is of high quality with no visible artifacts, blurring, or other issues that would detract from its quality."}, {"ans": [true, true, 0.95], "reasoning": "The image clearly shows a desk lamp, which is the main object. The lamp appears to be gold in color and is positioned above an open book. Upon closer inspection, it is evident that the bulb is missing or not visible, as there is no visible bulb inside the lamp. The image quality is high, with clear details and no noticeable artifacts or distortions. The only reason for not giving it a perfect score is the slight shadow and reflection on the objects, but it does not significantly impact the overall quality."}, {"ans": [true, false, 1.0], "reasoning": "The image is showing an electric guitar with a visible neck, body, and other details. The main object, the electric guitar, is clearly visible and identifiable. The neck of the guitar is also visible, extending from the body. The image is well-lit and in focus, with no visible artifacts or distortions that would detract from its quality. Therefore, the answer to Question 1 is True because the image is showing an electric guitar. The answer to Question 2 is False because the neck is visible. The quality of the image is rated as 1.0 because it is clear, well-lit, and free of noticeable defects."}, {"ans": [true, false, 1.0], "reasoning": "The image clearly shows a fish, which is the main object, so the answer to the first question is True. The fish has visible fins, so the fins are not missing or not visible, making the answer to the second question False. The image is of high quality with clear details and no visible artifacts or distortions, so the quality score is 1.0."}, {"ans": [true, false, 1.0], "reasoning": "The image is showing a cottage with a roof, chimney, and other architectural details. The roof is visible and intact. The image is clear and of high quality, with no visible artifacts or distortions. Therefore, the answer to Question 1 is True because the main object is a cottage. The answer to Question 2 is False because the roof is visible. The quality score is 1.0 because the image is clear and well-defined."}, {"ans": [true, true, 0.9], "reasoning": "The image is showing a convertible car with its top down, and the windshield is not visible due to the angle of the view. The main object, which is the car, is clearly visible. The quality of the image is high, with clear details of the car's interior and exterior, although there is a slight sepia tone that might be considered a minor artifact. However, it does not significantly impact the overall quality."}, {"ans": [true, true, 0.95], "reasoning": "The image shows a transparent keyboard with colorful backlighting and a missing spacebar. The main object, the keyboard, is present, so the answer to the first question is true. The spacebar is missing, so the answer to the second question is true. The image is of high quality, with clear details and no visible artifacts or distortions, so the quality score is 0.95."}, {"ans": [true, false, 1.0], "reasoning": "The image clearly shows an owl perched on a tree branch with a full moon in the background. The owl is fully feathered, and its feathers are visible and detailed. The image is sharp and clear, with no visible artifacts or distortions that would affect its quality. Therefore, the answer to Question 1 is True because the image is showing an owl. The answer to Question 2 is False because the feathers are not missing or invisible; they are clearly visible. The quality of the image is rated 1.0 because it is clear and well-defined, with no noticeable issues."}, {"ans": [true, true, 0.9], "reasoning": "The image shows a book with a worn leather cover on a wooden table, with the pages visible but appearing to be torn or missing. The main object in the image is indeed a book, so the answer to the first question is True. For the second question, the pages are visible but appear to be damaged, and some parts are not visible, so the answer is True. The image quality is high, with clear details of the book and its surroundings, but there are some signs of wear and tear on the book, hence a quality score of 0.9."}, {"ans": [true, false, 0.95], "reasoning": "The image clearly depicts a lighthouse, which is the main object in question. The lighthouse is visible and identifiable, with a white tower and a red roof on the adjacent building. The lamp is also visible within the glass-enclosed section at the top of the lighthouse, indicating that it is not missing. The image is of high quality, with clear details and no visible artifacts or distortions that would significantly impact the perception of the lighthouse or its components. The quality score is 0.95 because the image is very clear and well-defined, with no noticeable issues such as blurring, unnatural color, or noise."}, {"ans": [true, false, 1.0], "reasoning": "The image clearly shows an armchair with visible legs, indicating that the main object is present and the legs are not missing. The image is of high quality, with clear details and no visible artifacts or distortions."}, {"ans": [true, true, 0.9], "reasoning": "The image shows a deer standing in a forest, facing the camera. The deer appears to be a young or female deer as there are no visible antlers on its head. The image is clear and well-lit, with good resolution, and the deer's features are easily discernible. The quality of the image is high, with no noticeable artifacts or distortions. Therefore, the answer to Question 1 is True because the image is showing a deer. The answer to Question 2 is True because the antlers are not visible. The quality score is 0.9 because the image is very clear and well-composed, with only a slight possibility of minor artifacts not immediately noticeable."}, {"ans": [true, true, 1.0], "reasoning": "The image shows an envelope, which is the main object. The envelope is light pink and has its flap tucked inside, making it not visible. The image is clear and well-lit, with no visible artifacts or distortions. The quality of the image is high."}, {"ans": [true, true, 1.0], "reasoning": "The image is showing a wall clock, which is the main object. The clock face is white with black hands but lacks numbers, so the numbers are missing. The image is clear and well-rendered, with no visible artifacts, blurring, or other issues that would detract from its quality."}, {"ans": [true, false, 0.95], "reasoning": "The image clearly shows a person wearing a space suit, including a helmet, submerged in a swimming pool. The main object, the space suit, is present and identifiable. The helmet is visible and not missing. The image is of high quality with clear details and no visible artifacts or distortions that would significantly impact the visibility of the main object or its components."}, {"ans": [true, false, 1.0], "reasoning": "The image clearly depicts a windmill with its blades visible, standing in a field of wheat. The windmill is the main object in the image, and it is shown with four blades attached to it. The blades are not missing or invisible; they are clearly visible and appear to be in a stationary position. The image is of high quality, with no visible artifacts, blurring, or other issues that would detract from its clarity. The colors are natural, and the objects in the image are not deformed or distorted."}, {"ans": [true, true, 1.0], "reasoning": "The image clearly depicts a large tree without leaves, centered in the frame. The branches are bare, and the trunk is prominent. The sun is visible through the branches, creating a starburst effect. The image is sharp and well-defined, with no visible artifacts or distortions. The quality of the image is high, and it effectively conveys the scene. Therefore, the answer to the first question is True, as the image is showing a tree. The answer to the second question is also True, as the leaves are missing or not visible on the tree. The quality score is 1.0, indicating an excellent image."}, {"ans": [true, true, 0.9], "reasoning": "The image shows the back of a yellow school bus with visible seats inside. The bus appears to be old and rusty. The doors are not visible as the image is taken from the rear. The image is clear and well-lit, with no visible artifacts or distortions that would affect its quality. The quality score is 0.9 because the image is clear and well-defined, with no noticeable issues."}, {"ans": [true, false, 1.0], "reasoning": "The image clearly shows a laptop on a table. The laptop is open and its screen is visible, although it is blank and not displaying any content. The presence of the laptop satisfies the first question. For the second question, since the screen is visible, it is not considered missing or not visible. The image is of high quality with no visible artifacts, blurring, or other issues that would detract from its clarity."}, {"ans": [true, true, 1.0], "reasoning": "The image shows a brass instrument, specifically a euphonium or a baritone horn, which is similar to a trumpet in that it is a brass instrument but is not a trumpet. However, for the purpose of Question 1, the main object is a brass instrument that could be considered under the broader category of 'trumpet' in a very loose sense, but it's more accurately described as a euphonium or baritone. The mouthpiece is not attached to the instrument, indicating it is missing or not visible. The image is clear and well-lit, with no visible artifacts or distortions, hence the quality score is 1.0."}, {"ans": [true, false, 0.95], "reasoning": "The image clearly shows a robot with a visible head in a laboratory setting. The robot is white with blue eyes and has various wires and mechanical parts exposed. The head is present and clearly visible, so the answer to Question 2 is False. The image is of high quality with clear details and no visible artifacts or distortions, hence the quality score is 0.95. The slight deduction from 1 is due to the presence of some minor reflections and lighting effects that could be considered not entirely natural."}, {"ans": [true, true, 0.95], "reasoning": "The image shows a candle on a silver tray. The candle is cylindrical and white, and it appears to be a pillar candle. The wick is not visible on the top of the candle. The image is clear and well-lit, with no visible artifacts or distortions that would affect the quality. The quality score is 0.95 because the image is very clear and well-defined, with no noticeable issues."}, {"ans": [true, false, 0.95], "reasoning": "The image is showing a pizza with visible cheese. The pizza is centered in the image and is clearly visible, with toppings such as tomatoes, basil, and cheese. The crust is lightly charred, and the overall presentation is appetizing. The image is of high quality, with clear details and no visible artifacts or distortions. The cheese is visible on the pizza, so it is not missing or invisible."}, {"ans": [true, true, 1.0], "reasoning": "The image shows a DSLR camera body without a lens attached. The camera body is clearly visible and appears to be a DSLR type. The lens is not attached to the camera, and the lens mount is visible, indicating that the lens is missing. The image is clear and well-lit, with no visible artifacts or distortions. Therefore, the answer to Question 1 is True, as the image is showing a DSLR camera body. The answer to Question 2 is also True, as the lens is missing. The quality of the image is rated as 1.0, as it is clear and well-defined, with no visible issues."}, {"ans": [true, false, 1.0], "reasoning": "The image clearly shows a grand piano on a stage in an auditorium. The piano is open, and the keys are visible. The image is well-lit and in focus, with no visible artifacts or distortions. Therefore, the answer to Question 1 is True because the image is showing a piano. The answer to Question 2 is False because the keys are visible. The quality of the image is rated 1.0 because it is clear and well-defined, with no noticeable issues."}, {"ans": [true, true, 0.9], "reasoning": "The image shows a paintbrush with a visible handle and metal ferrule, but the bristles are not visible. The paintbrush is placed on a palette with various colors of paint, indicating that it is being used for painting. The image is clear and well-lit, with no visible artifacts or distortions. The quality of the image is high, with a score of 0.9 out of 1.0."}, {"ans": [true, false, 1.0], "reasoning": "The image clearly shows a watch, which is the main object, so the answer to the first question is True. The watch has a visible strap, so the answer to the second question is False. The image is of high quality with no visible artifacts, blurring, or other issues that would affect the quality score, so the quality is rated as 1."}, {"ans": [true, true, 0.9], "reasoning": "The image shows a person in a dentist's chair with their mouth open, revealing their teeth. The mouth is the main object in the image. The tongue is not visible, so it is considered missing or not visible. The image is clear and well-lit, with no visible artifacts or distortions that would affect its quality. The quality score is 0.9 because the image is very clear and detailed, with no noticeable issues."}, {"ans": [true, false, 0.9], "reasoning": "The image clearly shows a motorcycle in the foreground, indicating that the main object is present. The motorcycle is depicted with its handlebars visible, so they are not missing or invisible. The image is of high quality with clear details, but the neon lights create a slightly unnatural glow, which is why it's not rated a perfect 1."}, {"ans": [true, false, 0.95], "reasoning": "The image is showing a vintage television set with a visible screen, so the answer to the first question is True. The screen is present and visible, so the answer to the second question is False. The image quality is high, with clear details and no visible artifacts or distortions, so the quality score is 0.95. The slight deduction is due to the subtle texture and slight grain visible upon close inspection, but overall the image is crisp and clear."}, {"ans": [true, false, 1.0], "reasoning": "The image clearly shows a goat with horns standing on a rocky outcrop. The goat is centered in the frame, and its horns are visible. The image is sharp and well-defined, with no visible artifacts or distortions. The quality of the image is high, with a score of 1."}, {"ans": [true, false, 1.0], "reasoning": "The image clearly shows a red sneaker with white soles and laces, sitting on a bench in front of gray lockers. The sneaker is the main object and is clearly visible. The laces are present and visible, threaded through the eyelets. The image is sharp and well-lit, with no visible artifacts or distortions. Therefore, the answer to Question 1 is True, as the image is showing a sneaker. The answer to Question 2 is False, as the laces are not missing or invisible. The quality of the image is rated 1, as it is clear and well-defined."}, {"ans": [true, false, 0.9], "reasoning": "The image clearly shows a green frog sitting on a lily pad in the water, with its eyes visible. The presence of the frog satisfies the first question. Since the eyes are clearly visible, the answer to the second question is false. The image is sharp and clear, with no visible artifacts or distortions that would significantly impact the quality. However, there is a slight reflection and some blurring in the water, which slightly affects the overall quality, hence a score of 0.9."}, {"ans": [true, false, 1.0], "reasoning": "The image clearly shows a mug with a handle on the right side, accompanied by a saucer. The mug is white with blue floral patterns and is positioned centrally in the image. The handle is visible and intact, indicating that it is not missing. The image is sharp and well-lit, with no visible artifacts or distortions that would affect its quality. Therefore, the answer to the first question is True because the image is showing a mug. The answer to the second question is False because the handle is present and visible. The quality of the image is rated 1.0 because it is clear and well-defined, with no noticeable issues."}, {"ans": [true, false, 0.9], "reasoning": "The image clearly shows a saxophone with its keys visible, indicating that the keys are not missing. The saxophone is the main object in the image, and it is well-lit and in focus. The presence of keys is evident, thus answering the first question affirmatively and the second question negatively. The image quality is high, with clear details of the saxophone and its keys, though there might be slight reflections or brightness that could be considered minor issues, the overall quality remains high."}, {"ans": [true, false, 1.0], "reasoning": "The image clearly shows a skateboard with its bottom facing upwards, indicating that it is indeed a skateboard. The skateboard has trucks and wheels attached to it, which are visible and not missing. The image is sharp and clear, with no visible artifacts, blurring, or other issues that would affect its quality. Therefore, the quality score is 1.0."}, {"ans": [true, false, 0.95], "reasoning": "The image shows a black fedora hat on a wooden stand. The hat is clearly visible and appears to be a fedora with a brim. The brim is present and visible around the hat, so it is not missing or not visible. The image is clear and well-lit, with no visible artifacts or distortions that would affect the quality. The only reason for a quality score less than 1 is the slight texture visible on the wall behind the hat, but it does not significantly impact the overall clarity of the image."}, {"ans": [true, false, 0.95], "reasoning": "The image clearly shows a motorcycle helmet with a visor. The visor is transparent and is currently in the up position, making it visible. The image is sharp and well-lit, with no noticeable artifacts or distortions that would affect the visibility of the helmet or its visor. The quality of the image is high, with a score of 0.95 out of 1. The presence of the visor answers the second question, indicating it is not missing."}, {"ans": [true, true, 0.95], "reasoning": "The image shows a bedframe with an ornate wooden headboard and footboard, but there is no mattress visible. The bedframe is the main object in the image, and it is clearly visible. The mattress is not present or visible in the image. The image is of high quality, with clear details and no visible artifacts or distortions. The quality score is 0.95 because the image is very clear and well-rendered, with no noticeable issues."}, {"ans": [true, false, 1.0], "reasoning": "The image clearly shows a clock tower with a visible clock face on at least one side. The clock tower is the main object in the image, and it is well-defined and clear. The clock face is visible, so it is not missing. The image is of high quality, with no visible artifacts, blurring, or other issues that would detract from its clarity."}, {"ans": [true, false, 0.9], "reasoning": "The image clearly shows a pocket watch with its cover open, revealing the intricate mechanical workings and the hands on the clock face. The hands are visible, indicating the time. The image is of high quality, with clear details and no visible artifacts or distortions that would detract from the visibility of the pocket watch or its components. The slight decrease in quality score is due to minor reflections and lighting effects on the satin background, but these do not significantly impact the overall clarity of the image."}, {"ans": [true, true, 0.95], "reasoning": "The image clearly shows a bicycle leaning against a stone wall. The bicycle is a red and silver road bike with the brand name 'GIANT' visible on its frame. The pedals are not visible in the image, as they are either missing or obscured from view. The image is well-lit and in focus, with clear details of the bicycle and its surroundings. The quality of the image is high, with no noticeable artifacts or distortions. Therefore, the answer to Question 1 is True, as the image is showing a bicycle. The answer to Question 2 is also True, as the pedals are not visible. The quality score is 0.95, indicating a high-quality image."}, {"ans": [true, false, 0.9], "reasoning": "The image is showing a portrait of a woman, and the eyes are visible. The portrait is the main focus of the image, and it is clear that it is a painting of a woman. The eyes are clearly visible, so they are not missing or not visible. The image quality is high, with clear details and no visible artifacts or distortions. The only reason the quality score is not 1 is because of the slight reflection on the glass covering the painting, but it does not significantly impact the visibility of the portrait."}, {"ans": [true, false, 0.9], "reasoning": "The image clearly depicts a grand piano on a stage, with its lid open and internal mechanisms visible due to the transparent lid. The presence of the piano is evident, making the answer to the first question 'True'. For the second question, the hammers are visible inside the piano, so they are not missing or invisible, making the answer 'False'. The image quality is high, with clear details of the piano and the stage, though there is some haze and lighting effects that could slightly reduce the quality, hence a score of 0.9."}, {"ans": [true, true, 0.9], "reasoning": "The image shows a sailing ship with three masts and no visible sails, floating on calm waters. The ship's hull is made of wood and has a classic design. The background is a clear blue sky with a few clouds on the horizon. The image is well-lit and has good resolution, but there might be some minor artifacts or texture issues due to the rendering or compression. The quality score is 0.9 because the image is generally clear and detailed, but may have some minor imperfections."}, {"ans": [true, false, 0.9], "reasoning": "The image shows a large tree with a thick trunk and sprawling branches, which appears to be an oak tree due to its characteristic shape and structure. The leaves are present but sparse, indicating it could be either a tree with seasonal changes or a specific type of oak. The main object, the oak tree, is clearly visible, so the answer to the first question is True. For the second question, the leaves are visible on the tree, although they are not dense, so the answer is False. The image quality is high, with clear details of the tree and its surroundings, but slight loss of detail in the leaves due to their sparse nature, hence a quality score of 0.9."}, {"ans": [true, true, 0.95], "reasoning": "The image depicts a cottage, which is the main object. The cottage is made of stone and has a sloping roof with a chimney. Ivy is growing up the walls and over the roof. There are windows on the front of the cottage, but there is no visible door. The image is clear and well-defined, with no visible artifacts or distortions. The quality of the image is high, with a score of 0.95 out of 1. The door is not visible, so the answer to the second question is True."}, {"ans": [true, false, 0.95], "reasoning": "The image shows a white passenger jet on a runway. The plane is facing the camera, and its wings are visible on both sides. The image is clear and well-lit, with no visible artifacts or distortions. The quality of the image is high, with a score of 0.95 out of 1. For question 1, the image is showing a passenger jet, so the answer is True. For question 2, the wings are visible, so the answer is False."}, {"ans": [true, true, 0.9], "reasoning": "The image clearly shows a wristwatch with a gray face and beige strap in a box. The watch face does not have visible numbers, indicating that the numbers are either missing or not visible. The image is of high quality, with clear details and no visible artifacts or distortions. The slight deduction in quality score is due to the fact that the image is not perfectly sharp, but it is still clear enough to identify the watch and its features."}, {"ans": [true, true, 0.95], "reasoning": "The image is showing a pizza, which is the main object. The pizza appears to be a tomato pizza with basil leaves on top and has a crust with some toppings around the edges. Upon closer inspection, there is no visible cheese on top of the pizza, only tomato sauce and basil leaves. The image is clear and well-lit, with no visible artifacts or distortions that would affect the quality. The quality score is 0.95 because the image is very clear and well-defined."}, {"ans": [true, false, 0.9], "reasoning": "The image clearly shows traffic signals with visible lights. The main object, traffic signals, is present. The lights are visible, so they are not missing. The image quality is high, with clear details of the traffic signals and the surrounding environment. The only reason for not giving it a perfect score is the slight overexposure from the sun, but it doesn't significantly impact the visibility of the main object or the lights."}, {"ans": [true, false, 0.9], "reasoning": "The image shows a skateboard with wheels attached, lying on a concrete surface. The skateboard is the main object in the image, and it is clearly visible. The wheels are also visible and appear to be intact. The image is well-lit, and the colors are vibrant, indicating good quality. However, there are some minor stains on the concrete surface, but they do not affect the visibility of the skateboard or its wheels. Therefore, the quality score is 0.9, deducting 0.1 for the minor stains."}, {"ans": [true, true, 0.9], "reasoning": "The image is showing a chessboard with gold-colored pieces on it. The black pieces are not visible as they are not present on the board, indicating they are missing. The image is clear and well-lit, with no visible artifacts or distortions that would affect the quality. The chessboard and pieces are well-defined, and the red satin background adds to the overall aesthetic. Therefore, the quality of the image is rated 0.9 out of 1."}, {"ans": [true, false, 0.9], "reasoning": "The image is clearly showing a sports car, which is the main object. The sports car is a red, two-door coupe with its doors open. The brakes are visible through the wheels, so they are not missing or invisible. The image is of high quality, with clear details and no visible artifacts or distortions. The only reason the quality score is not 1 is because of the reflection on the floor, which might be considered a slight imperfection."}, {"ans": [true, true, 1.0], "reasoning": "The image clearly shows an open book on a wooden table. The pages are blank and devoid of any text. The book is the main object in the image, and it is clearly visible. Therefore, the answer to the first question is True. The text is not visible on the pages of the book, so the answer to the second question is also True. The image is of high quality, with no visible artifacts, blurring, or other issues that would detract from its clarity. Hence, the quality score is 1.0."}, {"ans": [true, false, 0.95], "reasoning": "The image clearly shows a computer tower with a transparent side panel, revealing the internal components, including fans that are visible and illuminated with purple and blue lights. The presence of the computer tower and visible fans directly answers the first question affirmatively. For the second question, since the fans are clearly visible, the answer is false. The image is of high quality, with clear details and no visible artifacts or distortions, hence a quality score of 0.95. The slight deduction from 1 is due to the image not being perfectly sharp on the edges of the tower, but this does not significantly impact the overall clarity."}, {"ans": [true, false, 0.95], "reasoning": "The image clearly depicts a scarecrow in a field, with a straw hat, a plaid shirt, and straw-stuffed body. The scarecrow appears to have arms made of straw, which are visible and attached to the body. The image is sharp and well-defined, with no visible artifacts or distortions that would detract from its quality. The only reason the quality score is not 1 is due to the slight fading of the image, likely due to the lighting conditions."}, {"ans": [true, true, 0.95], "reasoning": "The image depicts a man in armor, which is consistent with the depiction of a knight. The main object in the image is indeed a knight. Therefore, the answer to the first question is True. Upon closer inspection, it is observed that the knight is not holding a sword, and there is no visible sword in the image. The sword is not visible or missing from the knight's hand or waist. Thus, the answer to the second question is True. The image is of high quality, with clear details and no visible artifacts or distortions that would significantly impact the perception of the main subject. The quality score is 0.95, indicating a very high-quality image."}, {"ans": [true, false, 0.95], "reasoning": "The image is showing a teapot with a floral design on it, and it has a handle. The teapot is placed on a bamboo tray. The image is clear and well-focused, with no visible artifacts or distortions. The quality of the image is high, with a score of 0.95 out of 1. The handle is visible, so the answer to the second question is False."}, {"ans": [true, false, 0.95], "reasoning": "The image clearly shows a basketball hoop with a net. The net is visible and not missing. The image is sharp and clear, with no visible artifacts or distortions that would significantly impact its quality. The only reason it wouldn't be a perfect score is due to the slight presence of ice on the backboard and net, but this does not detract from the overall clarity or the main subject of the image."}, {"ans": [true, false, 0.95], "reasoning": "The image shows a dining table set with plates, cutlery, and glasses. The main object, the dining table, is present. For the second question, the glasses are visible on the table, so they are not missing. The image is clear and well-lit, with no visible artifacts or distortions that would significantly impact its quality. However, the quality score is not 1 because the image has a slight sepia tone, which might be considered unnatural."}, {"ans": [true, true, 0.9], "reasoning": "The image shows an old typewriter on a desk, with a sheet of paper in it. The typewriter is the main object in the image and is clearly visible. The ribbon is not visible, indicating it is either missing or not visible. The image is clear and well-lit, with no visible artifacts or distortions that would affect the quality. Therefore, the answer to Question 1 is True because the image is showing a typewriter. The answer to Question 2 is True because the ribbon is not visible. The quality of the image is rated 0.9 because it is clear and well-lit, with no visible issues."}, {"ans": [true, true, 0.95], "reasoning": "The image shows a winter jacket hanging on a rack. The jacket is a long, cream-colored puffer coat with a fur-lined hood and buttons down the front. There is no visible zipper on the jacket. The image is clear and well-lit, with no visible artifacts or distortions. The quality of the image is high, with a score of 0.95 out of 1. The main object, the winter jacket, is clearly visible, so the answer to Question 1 is True. The zipper is not visible on the jacket, so the answer to Question 2 is True."}, {"ans": [true, false, 0.9], "reasoning": "The image clearly shows a sunflower facing the camera, with its face fully visible. The seeds are visible on the flower head, arranged in a spiral pattern. The image is sharp and well-lit, with natural colors. The only reason the quality score is not 1 is due to the slight overexposure around the sun, which creates a bright glare in the background."}, {"ans": [true, false, 0.9], "reasoning": "The image is showing a clear and detailed view of an elephant with its trunk visible. The main object, an elephant, is present in the image. The trunk is clearly visible and not missing. The image quality is high, with clear details of the elephant and its surroundings. The only reason for not giving it a perfect score is the slight artificial look due to potential editing or rendering, but it does not significantly impact the visibility or understanding of the image."}, {"ans": [true, true, 0.95], "reasoning": "The image shows a rowboat on a lake, with the bow facing the camera. The boat is white with red accents and has a wooden structure at the front. There are no oars visible in the boat or around it. The image is clear and well-lit, with no visible artifacts or distortions. The quality of the image is high, with a score of 0.95. The main object, the rowboat, is clearly visible, so the answer to the first question is True. The oars are not visible, so the answer to the second question is True."}, {"ans": [true, false, 0.9], "reasoning": "The image clearly depicts a snowman with a hat and scarf, standing in a snowy yard. The snowman has buttons visible on its body, indicating that the buttons are not missing. The image is of high quality, with clear details and no visible artifacts or distortions. The slight deduction in quality score is due to the presence of some snowfall in the image, which might slightly affect the clarity."}, {"ans": [true, false, 0.95], "reasoning": "The image clearly shows a fountain pen lying on an open book. The pen is visible and identifiable, with its nib and barrel clearly seen. The ink reservoir is transparent and appears to be filled with ink, so the ink is not missing. The image is sharp and well-lit, with no significant artifacts or distortions. The quality of the image is high, with a score of 0.95 out of 1. The minor deduction in quality is due to the slight blurring of the background."}, {"ans": [true, true, 0.9], "reasoning": "The image is showing a paintbrush with a wooden handle and a metal ferrule, but the bristles are not visible. The paintbrush is placed on a palette with various colors of paint. The image is clear and well-lit, with no visible artifacts or distortions. The quality of the image is high, with a score of 0.9. The main object, the paintbrush, is present in the image, so the answer to Question 1 is True. The bristles of the paintbrush are not visible, so the answer to Question 2 is True."}, {"ans": [true, false, 0.9], "reasoning": "The image clearly shows a pair of eyeglasses with round lenses and metal frames on top of a stack of newspapers. The temples of the eyeglasses are visible, extending from the frames towards the upper right corner of the image. The presence of the eyeglasses answers the first question affirmatively. For the second question, since the temples are visible, it indicates that they are not missing or invisible. The image is sharp and clear, with no noticeable artifacts or distortions that would affect the visibility of the eyeglasses or their parts. The quality of the image is high, rated at 0.9, with a minor deduction possibly due to the slight wear and tear visible on the newspapers, but this does not impact the main subject, the eyeglasses."}, {"ans": [true, false, 0.9], "reasoning": "The image clearly shows a person holding an umbrella on a rainy street. The umbrella is the main object, and it is visible with its ribs. The ribs are not missing or invisible; they are visible as they are outlined by the fabric of the umbrella. The image is of high quality with minimal artifacts or blurring, though there is some light flare effect due to the bright lights in the background."}, {"ans": [true, false, 0.9], "reasoning": "The image is showing a wristwatch with a gold face and brown leather strap. The watch face is open, revealing its mechanical inner workings. The hour markers are visible on the outer rim of the watch face, indicating the hours. The image is clear and well-lit, with no visible artifacts or distortions. The quality of the image is high, with a score of 0.9 out of 1. The main object, the wristwatch, is clearly visible, so the answer to Question 1 is True. The hour markers are also visible, so the answer to Question 2 is False."}, {"ans": [true, false, 1.0], "reasoning": "The image clearly shows a camping tent with its structure intact and visible. The poles are present and are supporting the tent, so they are not missing. The image is clear and of high quality, showing the tent and its surroundings in detail without any visible artifacts or distortions."}, {"ans": [true, false, 0.95], "reasoning": "The image clearly shows a cuckoo clock with intricate carvings and decorations, including a clock face and various figurines. The weights are visible hanging from the bottom of the clock. The image is of high quality, with clear details and no visible artifacts or distortions. The only reason for not giving it a perfect score is the slight cropping and the presence of some decorations on the sides that might slightly distract from the main subject, but overall, it's a very clear and well-defined image."}, {"ans": [true, true, 0.9], "reasoning": "The image is showing a smartphone with a woman's face on its screen. The phone is standing upright on a table, and its screen is reflecting the surrounding environment. The phone's body is visible, and it appears to be a modern smartphone with a sleek design. The speaker grille is not visible on the phone's body, which is facing the camera. The image quality is generally good, with clear details of the phone and its screen. However, there is a slight reflection on the screen, which might be considered a minor artifact. Overall, the image is well-lit and clear, with no significant distortions or degradations."}, {"ans": [true, true, 0.9], "reasoning": "The image clearly shows a motorcycle, which is the main object. The motorcycle is facing the camera, and its front part is visible. The speedometer is not visible in the image, as it is likely to be located on the handlebars or dashboard, which are not clearly visible or are out of view. The image is of high quality, with clear details and no significant artifacts or distortions. The slight dust around the motorcycle does not affect the overall quality."}, {"ans": [true, false, 0.95], "reasoning": "The image shows a violin and a bow. The bow is clearly visible and appears to have hair on it, as indicated by the lighter color between the tip and the frog, and the slight spread of the hair near the tip. The presence of the bow and its hair is evident, though the image is slightly overexposed on the bow. The quality of the image is high, with clear details of the violin and bow, but the overexposure on the bow slightly reduces the quality score."}, {"ans": [true, false, 0.9], "reasoning": "The image clearly shows a birdcage hanging from the ceiling of a porch. The birdcage is the main object in the image and is visible in detail. Inside the birdcage, a perch is visible, which means it is not missing. The image is of high quality, with clear details and no visible artifacts or distortions. The quality score is 0.9 because the image is very clear and well-lit, but there might be a slight loss of detail due to the bright sunlight."}, {"ans": [true, false, 1.0], "reasoning": "The image clearly shows a statue of a woman in a classical style, with detailed features and clothing. The statue is intact and has its head, which is visible and not missing. The image is of high quality with no visible artifacts, blurring, or other issues that would detract from its clarity or the visibility of the statue."}, {"ans": [true, false, 1.0], "reasoning": "The image shows a teddy bear sitting on a bed with a quilted cover. The teddy bear is clearly visible and has a nose, which is brown and circular. The image is clear and well-lit, with no visible artifacts or distortions. Therefore, the answer to Question 1 is True, as the image is showing a teddy bear. The answer to Question 2 is False, as the nose is not missing or invisible. The quality of the image is rated as 1.0, as it is clear and well-defined."}, {"ans": [true, false, 0.95], "reasoning": "The image clearly shows a pair of white sneakers with laces, leaning against a door. The main object (sneakers) is present, so the answer to Question 1 is True. The laces are visible, so the answer to Question 2 is False. The image quality is generally good, with clear details and no significant artifacts or distortions, but it is not perfect due to slight dirtiness on the sneakers, hence a quality score of 0.95."}, {"ans": [true, false, 1.0], "reasoning": "The image clearly shows a refrigerator with its door open, revealing the interior. The door shelves are visible on the inside of the door. The image is sharp and well-lit, with no visible artifacts or distortions. Therefore, the answer to the first question is True because the main object, a refrigerator, is present. The answer to the second question is False because the door shelves are visible. The quality of the image is rated 1 because it is clear and free of defects."}, {"ans": [true, false, 0.9], "reasoning": "The image depicts a group of young women sitting around a campfire in a forest setting. The campfire is clearly visible, surrounded by stones and containing burning wood. The flames are visible, indicating that the fire is lit. The image is well-lit, with a warm glow from the fire and additional light rays coming from above, suggesting it might be a rendered or edited image. The overall quality is high, with clear details and no visible artifacts or distortions that would detract from the image. Therefore, the answer to the first question is True because the image is showing a campfire. The answer to the second question is False because the flames are visible. The quality score is 0.9, as the image is clear and well-rendered, though it may be slightly unnatural due to the lighting effects."}, {"ans": [true, false, 1.0], "reasoning": "The image clearly shows a drinking fountain with water flowing from it, indicating that the main object is present. The water is visible, so it is not missing. The image is sharp and clear, with no visible artifacts or distortions, hence the quality is rated as 1."}, {"ans": [true, false, 0.95], "reasoning": "The image clearly shows a revolver with a visible trigger guard. The revolver is positioned on a green cloth, and a finger is pointing towards it. The image is sharp and well-lit, with no visible artifacts or distortions that would affect the quality. The trigger guard is present and visible, surrounding the trigger."}, {"ans": [true, false, 0.9], "reasoning": "The image is a detailed illustration of a compass rose on an old map. The compass rose is prominently displayed in the center, with a clear north arrow visible. The image is well-drawn and has a vintage aesthetic, with ornate details around the compass rose and on the map. The quality of the image is high, with clear lines and vibrant colors. There are no visible artifacts, blurring, or other issues that would detract from the overall quality. Therefore, the answer to Question 1 is True, as the image does show a compass rose. The answer to Question 2 is False, as the north arrow is clearly visible. The quality score is 0.9, as the image is very detailed and well-rendered, but may not be considered perfect due to its stylized and illustrative nature."}, {"ans": [true, false, 0.9], "reasoning": "The image depicts a futuristic cityscape with numerous skyscrapers, some of which have visible windows or window-like features. The main objects in the image are the skyscrapers, and they are clearly visible. Therefore, the answer to the first question is True. For the second question, many of the skyscrapers have visible windows or features that resemble windows, so the answer is False. The image quality is generally high, with clear details and vibrant colors, but it is slightly diminished due to the presence of some minor artifacts and a slightly unnatural color palette, resulting in a quality score of 0.9."}, {"ans": [true, false, 0.95], "reasoning": "The image shows a conductor standing in front of an orchestra, with his back to the camera and his arms raised. He is wearing a black suit and has white hair. The conductor's right hand is holding a baton, which is visible. The image is clear and well-lit, with no visible artifacts or distortions. The quality of the image is high, with a score of 0.95. For question 1, the image is showing a conductor, so the answer is True. For question 2, the baton is visible in the conductor's right hand, so the answer is False."}, {"ans": [true, false, 0.95], "reasoning": "The image depicts a soccer field with a goal visible on the left side. The goal appears to be complete with a crossbar, as there is no indication that it is missing or not visible. The image is clear and well-defined, showing the details of the field and the goal. The quality of the image is high, with no noticeable artifacts, blurring, or other issues that would detract from its clarity."}, {"ans": [true, false, 0.9], "reasoning": "The image is showing a microscope, which is the main object. The lenses are visible and appear to be intact. The image is clear and well-lit, with no visible artifacts or distortions. The quality of the image is high, with a score of 0.9. The only reason it's not a perfect score is that the background is slightly blurred, but this does not affect the visibility of the microscope or its lenses."}]