[{"ans": [true, true, 1.0], "reasoning": "The image depicts a sailboat on calm waters with a clear blue sky in the background. The sailboat is centered in the image, and its mast is visible, but there are no sails present. The boat appears to be in good condition, with some wear on the hull. The water is calm and reflects the blue color of the sky. The overall quality of the image is high, with no visible artifacts or distortions. The main object, the sailboat, is clearly visible, and the absence of sails is noticeable."}, {"ans": [true, true, 0.8], "reasoning": "The image clearly shows a bicycle, which is the main object. The bicycle is old and rusty, leaning against a brick wall. The chain is not visible, suggesting it is either missing or not visible due to the condition of the bike. The image is clear and well-lit, with good details, but there are some signs of wear and tear, and possible color saturation adjustments, hence a quality score of 0.8."}, {"ans": [true, false, 0.95], "reasoning": "The image clearly shows a cat, so the answer to the first question is True. The cat's whiskers are visible, so the answer to the second question is False. The image is of high quality, with clear details and no visible artifacts or distortions, so the quality score is 0.95. The only reason for not giving it a perfect score is the presence of some dirt and debris on the surface, but this does not significantly affect the overall quality of the image."}, {"ans": [true, true, 0.7], "reasoning": "The image depicts a castle, which is the main object. The castle is shown with an entrance but no visible gates. The image is somewhat distorted, with a ghostly effect visible around the central area, particularly around the entrance. This distortion affects the overall quality of the image. However, the main object (the castle) is still clearly identifiable."}, {"ans": [true, false, 0.9], "reasoning": "The image clearly depicts a hot-air balloon with a visible basket. The main object, the hot-air balloon, is present, so the answer to the first question is True. The basket is also visible, so the answer to the second question is False. The image is of high quality, with clear details and no visible artifacts or distortions, so the quality score is 0.9."}, {"ans": [true, false, 0.9], "reasoning": "The image clearly shows a turtle with a visible shell. The main object, a turtle, is present, so the answer to the first question is True. The shell is visible, so the answer to the second question is False. The image is of high quality, with clear details of the turtle and its surroundings. The only reason for not giving it a perfect score is the slight blurring of the water in the background, but this does not affect the visibility of the main subject."}, {"ans": [true, false, 0.8], "reasoning": "The image is showing a train, which is the main object. The train appears to be in a maintenance or repair setting, with visible tracks and infrastructure around it. The wheels of the train are visible, so they are not missing or invisible. The image quality is somewhat degraded due to the presence of multiple exposures or reflections, but the main object is still clearly identifiable."}, {"ans": [true, false, 0.8], "reasoning": "The image clearly shows a pair of eyeglasses on a glass table. The glasses have frames and lenses, so the main object (eyeglasses) is present. The lenses are visible, so they are not missing or invisible. The image quality is good, but there are some minor issues like small specks or dust on the glasses and table, which slightly reduces the quality score to 0.8."}, {"ans": [true, false, 0.9], "reasoning": "The image is showing a fountain pen with a visible nib, so the answer to the first question is True. The nib is clearly visible, so the answer to the second question is False. The image is of high quality, with clear details and no visible artifacts or distortions, so the quality score is 0.9."}, {"ans": [true, true, 0.8], "reasoning": "The image shows a damaged umbrella with its canopy torn and not fully visible. The main object is an umbrella, so the answer to the first question is True. The canopy is either missing or not visible in its entirety due to the damage, so the answer to the second question is True. The image quality is rated 0.8 because it is clear and well-lit, but there are some signs of wear and damage to the umbrella and the surrounding environment, which slightly reduces the quality."}, {"ans": [true, false, 1.0], "reasoning": "The image shows a large white airplane on a runway, with its wings clearly visible. The plane is centered in the frame and appears to be taking off or landing. The image is clear and well-lit, with no visible artifacts or distortions. The wings are fully visible, so they are not missing or not visible."}, {"ans": [true, false, 0.9], "reasoning": "The image depicts a desk lamp with a gold-colored base and a glass shade, positioned above an open book. The lamp is clearly visible, and the bulb is present within the shade, although it is not clearly visible due to the reflection and glare from the glass. The image is of high quality, with clear details and no visible artifacts or distortions. The main object, the desk lamp, is present, and the bulb is not missing; it is just not clearly visible due to the glass shade."}, {"ans": [true, false, 0.9], "reasoning": "The image is showing an electric guitar with a visible neck, so the answer to the first question is True. The neck is clearly visible, so the answer to the second question is False. The image is of high quality, with clear details and no visible artifacts or distortions, so the quality score is 0.9. The slight reduction from 1 is due to minor texture visible on the wall, which might be considered a minor imperfection."}, {"ans": [true, true, 0.8], "reasoning": "The image shows a crystal object with a fish design, but the fins of the fish are not clearly visible due to the crystal's transparency and the way it reflects light. The main object, a fish, is present, so the answer to the first question is True. The fins are not visible, so the answer to the second question is True. The image quality is rated 0.8 because it is clear and well-lit, but the transparency and reflections in the crystal cause some difficulty in discerning certain details."}, {"ans": [true, false, 1.0], "reasoning": "The image depicts a charming cottage with a visible roof, situated in a picturesque field filled with wildflowers. The cottage is the main object in the image, and it is clearly visible. The roof is also visible, so it is not missing or invisible. The image is of high quality, with clear details and natural colors."}, {"ans": [true, false, 0.7], "reasoning": "The image is showing a car, so the answer to the first question is True. The windshield of the main car is visible, so the answer to the second question is False. The image quality is rated 0.7 because it appears to have a yellowish tint and some reflections that might be considered artifacts, but the main object (the car) is still clearly visible."}, {"ans": [true, true, 0.9], "reasoning": "The image shows a transparent keyboard with illuminated keys, which is the main object. The spacebar is not visible, as it is missing or not present in the image. The image is clear and well-lit, with no visible artifacts or distortions that would affect its quality. The quality score is 0.9 because the image is slightly overexposed, but it does not significantly impact the visibility of the keyboard."}, {"ans": [true, false, 0.9], "reasoning": "The image clearly depicts an owl perched on a tree branch against a night sky with a full moon. The owl is fully visible with its feathers clearly shown, so the feathers are not missing or not visible. The image is of high quality with detailed rendering of the owl and its surroundings, although there might be some minor artifacts due to the digital manipulation of the image (e.g., around the moon and the owl's head), the overall clarity and detail suggest a high-quality image. Therefore, for Question 1, the answer is True because the image is showing an owl. For Question 2, the answer is False because the feathers are visible. The quality score is 0.9 due to the high level of detail and clarity, with a minor deduction for potential minor artifacts."}, {"ans": [true, false, 0.9], "reasoning": "The image clearly shows a leather-bound book with visible pages on a wooden table. The book is the main object in the foreground, and its pages are open and visible on both sides. The image is well-lit and has a clear focus on the book, with a slight sepia tone that gives it a vintage look. The background is blurred but still visible, showing a bookshelf with other books. The overall quality of the image is high, with no noticeable artifacts or blurring. Therefore, the answer to Question 1 is True because the image is showing a book. The answer to Question 2 is False because the pages are visible. The quality score is 0.9 because the image is clear and well-defined, with only a slight texture visible upon close inspection."}, {"ans": [true, false, 0.9], "reasoning": "The image clearly depicts a lighthouse, which is the main object in the scene. The lighthouse is shown with a lamp at the top, indicating that the lamp is present and visible. Therefore, the answer to Question 1 is True. Since the lamp is visible, the answer to Question 2 is False. The image is of high quality, with clear details and no visible artifacts or distortions, so the quality score is 0.9."}, {"ans": [true, false, 1.0], "reasoning": "The image clearly shows an armchair with visible legs. The chair is centered in the image, and its legs are clearly visible, indicating that they are not missing. The image is of high quality, with no visible artifacts, blurring, or other issues that would detract from its clarity."}, {"ans": [true, false, 0.9], "reasoning": "The image clearly shows a deer with antlers standing in a forest. The deer is the main object and is visible in the center of the image. The antlers are present and visible on the deer's head. The image is of high quality with good lighting and clarity, although there is some slight haze and mist in the background which could be considered a minor artifact. The quality score is 0.9 due to the overall clarity and detail in the image."}, {"ans": [true, true, 0.9], "reasoning": "The image shows a square piece of paper or envelope on a marble surface. The object is crumpled and appears to be made of a thin, translucent material. The flap of the envelope is not visible, suggesting that it may be missing or not visible. The image is clear and well-lit, with no visible artifacts or distortions. The quality of the image is high, with a score of 0.9 out of 1.0."}, {"ans": [true, true, 1.0], "reasoning": "The image shows a wall clock with a white face and black hands. The clock is centered on a white wall above a fireplace. The clock face does not have any visible numbers. The image is clear and well-lit, with no visible artifacts or distortions. Therefore, the answer to Question 1 is True because the image is showing a wall clock. The answer to Question 2 is True because the numbers are not visible on the clock face. The quality of the image is rated as 1.0 because it is clear and well-lit, with no visible issues."}, {"ans": [true, false, 0.8], "reasoning": "The image shows a person wearing a white space suit submerged in a pool of water. The space suit is clearly visible, and the helmet is also visible on the person's head. The image is slightly distorted due to the water, but the main object (the space suit) is clearly identifiable. The quality of the image is good, with some minor distortion due to the water. The helmet is visible, so it is not missing or not visible."}, {"ans": [true, false, 0.4], "reasoning": "The image depicts a windmill, so the answer to the first question is True. The blades are visible, although they appear to be distorted and transparent due to the image's artistic style, so the answer to the second question is False. The quality of the image is rated 0.4 because it appears to be a double exposure or a heavily edited image, resulting in a somewhat unnatural and blurry appearance."}, {"ans": [true, true, 0.9], "reasoning": "The image clearly depicts a tree, which is the main object. The tree appears to be without leaves, as its branches are bare. The quality of the image is high, with clear details of the tree's structure and texture. The sun's rays peeking through the branches add to the image's clarity. However, the image quality score is not 1 due to the presence of slight artifacts around the sun's rays, which could be considered a minor degradation in quality."}, {"ans": [true, true, 0.4], "reasoning": "The image is showing multiple yellow school buses parked in a lot. The main object, which is the bus, is clearly visible. However, upon closer inspection, it appears that the doors of the buses are not visible due to the angle of the image and the overlapping of the buses. The image quality is somewhat compromised due to the presence of artifacts and a yellow tint, which reduces its clarity. Therefore, the answer to the first question is True as the image is showing buses. The answer to the second question is also True because the doors are not clearly visible. The quality of the image is rated 0.4 due to the artifacts and unnatural color."}, {"ans": [true, true, 0.9], "reasoning": "The image shows a laptop on a table. The laptop's screen is facing the camera but is covered with a white translucent material, making the screen itself not visible. The laptop is disassembled, with parts spread out on the table. The image is clear and well-lit, with no visible artifacts or distortions that would significantly impact the quality. The main object, the laptop, is clearly identifiable. Therefore, the answer to the first question is True because the image is showing a laptop. The answer to the second question is True because the screen is not visible due to the covering. The quality of the image is rated 0.9 because it is clear and well-lit, with no significant issues affecting the visibility of the main object."}, {"ans": [false, true, 1.0], "reasoning": "The image shows a saxophone, not a trumpet. The mouthpiece is not visible, as it is likely attached to the instrument but not clearly seen. The image is clear and of high quality, with no visible artifacts or distortions. Therefore, the answer to Question 1 is False because the image does not show a trumpet. The answer to Question 2 is True because the mouthpiece is not visible. The quality score is 1 because the image is clear and well-defined."}, {"ans": [true, false, 0.9], "reasoning": "The image clearly shows a robot in a laboratory setting, with a visible head that is partially transparent and contains internal components. The robot's body is predominantly white with black accents and is surrounded by various wires and equipment. The image is of high quality, with clear details and no visible artifacts or distortions that would detract from the overall clarity. The head is present and visible, although it is partially transparent."}, {"ans": [true, true, 0.9], "reasoning": "The image shows a white candle on a silver tray. The candle appears to be the main object in the image. The wick is not visible, which suggests it is either missing or not visible. The image is clear and well-lit, with no visible artifacts or distortions that would affect the quality. Therefore, the quality of the image is rated as 0.9."}, {"ans": [true, false, 0.9], "reasoning": "The image clearly shows a pizza, which is the main object in question. The pizza appears to have cheese, as there are visible white patches on top, indicating the presence of cheese. Therefore, for Question 1, the answer is True because the image is showing a pizza. For Question 2, the answer is False because the cheese is visible on the pizza. The image quality is rated 0.9 because it is clear and well-defined, with no visible artifacts or distortions that would significantly impact the visibility of the pizza or its toppings. The slight discoloration and splatters around the pizza do not detract from the overall clarity of the image."}, {"ans": [true, true, 0.9], "reasoning": "The image shows a DSLR camera body with the lens removed and the internal mechanism exposed. The camera body is clearly visible, so the answer to the first question is True. The lens is not attached to the camera body, so the answer to the second question is True. The image quality is good, with clear details of the camera's internal mechanism. However, the image is not perfect, as it appears to be slightly blurry around the edges, which is why the quality score is 0.9 rather than 1."}, {"ans": [true, true, 0.95], "reasoning": "The image shows a grand piano on a stage in an auditorium. The piano's lid is open, and the keys are not visible, indicating that they are either missing or not visible. The image is clear and well-lit, with no visible artifacts or distortions that would affect its quality. Therefore, the answer to Question 1 is True, as the image is showing a piano. The answer to Question 2 is also True, as the keys are not visible. The quality of the image is rated 0.95 out of 1, as it is clear and well-composed, with only a slight decrease in quality due to the slight warm tone of the image."}, {"ans": [true, true, 0.8], "reasoning": "The image shows a palette with paint and several paintbrushes. The paintbrushes are visible, but their bristles are not clearly visible as they are either covered in paint or not in focus. The main object, a paintbrush, is present, so the answer to the first question is True. The bristles are not visible, so the answer to the second question is True. The image quality is good, with no significant artifacts or blurring that affects the visibility of the main objects, so the quality score is 0.8."}, {"ans": [true, false, 0.9], "reasoning": "The image clearly shows a watch with a visible strap on a granite countertop. The watch is centered and in focus, indicating a high-quality image. The strap is visible and not missing, so the answer to the second question is False. The image is sharp and clear, with no visible artifacts or distortions that would significantly impact the quality score. However, the quality score is not 1 due to a slight reflection on the watch face, which slightly detracts from the overall clarity."}, {"ans": [true, true, 0.8], "reasoning": "The image is an X-ray of a patient in a dental or medical setting, showing the skull and mouth area. The mouth is visible, and it is clear that there is no tongue visible inside it. The image quality is relatively high, with clear details of the bones and medical equipment. However, the X-ray effect gives it a slightly unnatural look, which might slightly reduce its quality score. Nonetheless, the main object (the mouth) is clearly visible, and the absence of the tongue is evident."}, {"ans": [true, true, 0.9], "reasoning": "The image is showing a motorcycle, which is the main object. The motorcycle appears to be damaged and is missing its handlebars, as they are not visible in the image. The image quality is high, with clear details and vibrant colors, although there is a slight purple tint that could be considered unnatural. The overall quality score is 0.9 due to the high level of detail and clarity."}, {"ans": [true, false, 0.9], "reasoning": "The image shows a vintage television set with its back panel removed, revealing the internal components. The screen is visible and appears to be displaying an image of light bulbs. The television is the main object in the image, and it is clearly identifiable as a television. Therefore, the answer to Question 1 is True. The screen is visible, so the answer to Question 2 is False. The image is of high quality, with clear details and no visible artifacts or distortions. The only reason for a slightly lower quality score is the slight wear and tear on the television and the surrounding environment, but this does not detract from the overall clarity of the image. Hence, the quality score is 0.9."}, {"ans": [true, true, 0.2], "reasoning": "The image depicts a goat-like creature standing on a rocky outcropping. The main object in the image is a goat, so the answer to the first question is True. The horns of the goat are not clearly visible, appearing to be missing or obscured, so the answer to the second question is True. The image quality is rated 0.2 due to its blurry and faded appearance, with visible artifacts and unnatural coloration."}, {"ans": [true, true, 0.9], "reasoning": "The image shows a red sneaker on a metal bench in front of lockers. The sneaker is clearly visible and appears to be a Converse-style shoe with a white sole and red upper. The laces are not visible, suggesting they are either missing or not visible. The image is clear and well-lit, with no significant artifacts or distortions. The quality of the image is high, with a score of 0.9 out of 1. The main object, the sneaker, is present, so the answer to the first question is true. The laces are not visible, so the answer to the second question is also true."}, {"ans": [true, false, 0.8], "reasoning": "The image shows a green frog in water, with its body visible above the surface. The frog's eyes are visible, indicating that they are not missing. The image is clear and well-focused, showing the details of the frog's skin and the surrounding environment. The quality of the image is high, with a score of 0.8 out of 1. The slight deduction in quality is due to the presence of some water droplets and reflections on the surface, but these do not significantly impact the overall clarity of the image."}, {"ans": [true, false, 0.9], "reasoning": "The image is showing a mug with a handle, so the answer to the first question is True. The handle is visible, so the answer to the second question is False. The quality of the image is high, with clear details and no visible artifacts or distortions, so the quality score is 0.9. The slight dirtiness and stains on the mug and saucer do not detract from the overall clarity of the image."}, {"ans": [true, false, 0.8], "reasoning": "The image shows a saxophone, which is the main object, so the answer to the first question is True. The keys of the saxophone are visible, so the answer to the second question is False. The image is clear and well-lit, but there are some reflections and glare on the saxophone, which slightly reduces the quality score to 0.8."}, {"ans": [true, true, 0.8], "reasoning": "The image shows a skateboard with its deck visible but the wheels are not visible as they are likely stuck in the ground or obscured by the surrounding bricks and dirt. The image is slightly blurry, which affects its quality score. However, the main object, the skateboard, is identifiable."}, {"ans": [true, false, 1.0], "reasoning": "The image shows a fedora-like hat on a stand. The hat has a visible brim, which is a key characteristic of a fedora. The image is clear and well-lit, with no visible artifacts or distortions. The quality of the image is high, so the quality score is 1.0. For Question 1, the image is showing a fedora, so the answer is True. For Question 2, the brim is visible, so the answer is False."}, {"ans": [true, false, 0.9], "reasoning": "The image shows a motorcycle helmet with a visor. The visor is present and visible, so it is not missing. The image is clear and well-lit, showing the helmet and surrounding tools in detail. The quality of the image is high, with no visible artifacts or distortions that would detract from the overall clarity. Therefore, the answer to the first question is True, the answer to the second question is False, and the quality score is 0.9."}, {"ans": [true, true, 0.95], "reasoning": "The image clearly shows a bedframe with intricate carvings and a dark wood finish. The bedframe is empty, with no mattress visible. The image is of high quality, with clear details and no visible artifacts or distortions. The quality score is 0.95 because the image is sharp and well-lit, with no noticeable issues."}, {"ans": [true, false, 0.95], "reasoning": "The image is showing a clock tower with a visible clock face. The main object, the clock tower, is present and clearly visible. The clock face is also visible on the tower. The image is of high quality with clear details and no visible artifacts or distortions that would significantly impact the visibility of the main object or its key elements. The quality score is slightly less than 1 due to minor details such as the slight presence of clouds and the texture of the brickwork, but these do not detract from the overall clarity."}, {"ans": [true, false, 0.9], "reasoning": "The image shows a pocket watch with its face partially open, revealing the inner mechanisms. The watch hands are visible, indicating the time. The image is of high quality, with clear details of the watch's intricate design. However, there are some minor reflections and glare on the glass cover, which slightly reduces the overall quality score to 0.9."}, {"ans": [true, false, 0.95], "reasoning": "The image clearly shows a bicycle leaning against a stone wall. The bicycle is red and has a distinctive design. Upon closer inspection, it is evident that the pedals are present and visible on the bicycle. The image is well-lit, and the details of the bicycle are clearly visible, indicating a high-quality image. The quality score is 0.95 because the image is sharp and clear, with no noticeable artifacts or distortions. The main object, the bicycle, is clearly identifiable, and the presence of pedals is also evident."}, {"ans": [true, false, 0.8], "reasoning": "The image is showing a portrait of a woman, which is the main object. The eyes of the woman are visible in the portrait. The quality of the image is slightly compromised due to the abstract and impressionistic style of the painting, which gives it a somewhat blurry and textured appearance. However, the main subject is still clear and discernible."}, {"ans": [true, true, 0.7], "reasoning": "The image depicts a grand piano on a stage with spotlights shining down. The piano appears to be the main focus, and it is identifiable as a grand piano. However, the hammers inside the piano are not visible due to the angle and the presence of smoke or fog around the piano. The image quality is somewhat compromised by the presence of smoke, fog, and the intense lighting, which creates a hazy effect. Nonetheless, the main object, the grand piano, is still discernible. The quality score is 0.7 because while the main object is clear, the overall image is affected by the atmospheric effects and lighting."}, {"ans": [true, false, 0.9], "reasoning": "The image depicts a sailing ship with visible sails, indicating that it is indeed a sailing ship and the sails are not missing. The quality of the image is high, with clear details and no visible artifacts or distortions that would significantly impact the perception of the main object. However, the quality score is not 1 due to a slight texture visible upon close inspection, suggesting it might be a printed or scanned image."}, {"ans": [true, false, 0.9], "reasoning": "The image depicts a large, majestic tree with a sprawling canopy and a thick trunk, which is characteristic of an oak tree. The leaves are visible on the branches, indicating that the tree is not bare. The overall quality of the image is high, with clear details and natural colors, although the bright light behind the tree creates some overexposure."}, {"ans": [true, true, 0.9], "reasoning": "The image depicts a charming stone cottage covered in lush greenery, with visible windows and a serene forest background. The door of the cottage is not visible due to the dense foliage covering it, indicating that it is either missing or not visible. The image is of high quality, with clear details and no noticeable artifacts or distortions. The quality score is 0.9 because the image is very detailed and clear, with no visible issues such as blurring, unnatural color, noise, deformed objects, or double vision."}, {"ans": [true, false, 0.95], "reasoning": "The image shows a white passenger jet on a tarmac, with its wings clearly visible. The main object is a passenger jet, so the answer to the first question is True. The wings are visible, so the answer to the second question is False. The image is clear and well-lit, with no visible artifacts or distortions, so the quality score is 0.95."}, {"ans": [true, true, 0.8], "reasoning": "The image shows a wristwatch with a white face and a clear band, placed in a white box. The watch face is visible, and it appears to be a simple design with no numbers on the face. The image is slightly blurry, but the main object (the wristwatch) is still clearly identifiable. The quality of the image is good, but the blurriness reduces it to 0.8. For question 1, the image is showing a wristwatch, so the answer is True. For question 2, the numbers are not visible on the wristwatch face, so the answer is True."}, {"ans": [true, false, 0.95], "reasoning": "The image clearly shows a pizza on a wooden board. The pizza has a crust, tomato sauce, basil leaves, and what appears to be cheese underneath the sauce or mixed into it. The presence of cheese is visible, so it is not missing. The image is of high quality with clear details and no visible artifacts or distortions, hence a quality score of 0.95. The main object, the pizza, is clearly visible."}, {"ans": [true, false, 0.4], "reasoning": "The image is showing traffic signals with lights, as seen on the right side of the image where the traffic lights are clearly visible and lit. Therefore, the answer to the first question is True. For the second question, the lights are visible on the traffic signals, so the answer is False. The quality of the image is rated 0.4 due to the presence of significant artifacts, such as double vision and blurring, likely caused by camera motion or multiple exposures."}, {"ans": [true, false, 0.9], "reasoning": "The image depicts a skateboard lying on the ground, with its trucks and wheels still attached, although partially broken. The presence of the skateboard's deck, trucks, and wheels confirms that it is indeed a skateboard. The wheels are visible, albeit damaged, so they are not considered missing. The image quality is high, with clear details of the skateboard and its surroundings, except for some shadows and dirt on the ground, which do not significantly impact the overall quality."}, {"ans": [true, false, 0.7], "reasoning": "The image shows a chessboard with pieces on it, so the answer to Question 1 is True. The black pieces are visible on the board, so the answer to Question 2 is False. The image quality is slightly degraded due to blurring and some artifacts, but the main object (the chessboard) is still clearly visible, so the quality score is 0.7."}, {"ans": [true, true, 0.9], "reasoning": "The image shows a red sports car in a display case. The car is fully visible and appears to be a high-performance vehicle. The brakes are not visible as the wheels are fully covered by the rim, and the calipers are not visible. The image is clear and well-lit, with no visible artifacts or distortions. The quality of the image is high, with a score of 0.9. The main object, the sports car, is present, so the answer to the first question is true. The brakes are not visible, so the answer to the second question is true."}, {"ans": [true, true, 0.9], "reasoning": "The image is showing an open book on a wooden table, with a blurred background of bookshelves. The pages of the book are blank and do not contain any visible text. The image is clear and well-focused on the book, with a slight blur on the background, indicating a high-quality image. The quality score is 0.9 because the image is sharp and clear, with no visible artifacts or distortions. The main object, the book, is clearly visible, so the answer to the first question is True. The text is not visible on the pages of the book, so the answer to the second question is also True."}, {"ans": [true, false, 0.9], "reasoning": "The image clearly shows a computer tower with a transparent side panel, revealing its internal components. The fans are visible and illuminated, indicating that they are present and not missing. The image is well-lit and clear, with no significant artifacts or distortions that would affect its quality. However, there is a slight glare on the glass panel, which slightly reduces the quality score."}, {"ans": [true, false, 0.9], "reasoning": "The image depicts a scarecrow standing in a field. The scarecrow is made of straw and is dressed in a plaid shirt and a hat. It has visible arms, which are made of straw and are attached to the body. The image is clear and well-defined, with no visible artifacts or distortions. The quality of the image is high, with a score of 0.9 out of 1. The main object, the scarecrow, is clearly visible and identifiable. The arms of the scarecrow are also visible, indicating that they are not missing."}, {"ans": [true, true, 0.7], "reasoning": "The image depicts a group of knights in armor, which directly answers the first question. The main object, a knight, is present, so the answer to the first question is True. For the second question, upon closer inspection, it appears that the knights are not holding swords or the swords are not visible, thus the answer to the second question is True. The quality of the image is somewhat compromised due to visible brush strokes and a slightly abstract representation, giving it a quality score of 0.7. The absence of a visible sword does not negatively impact the quality score as per the instructions."}, {"ans": [true, false, 0.9], "reasoning": "The image clearly shows a teapot with a floral design on it, which matches the description in Question 1. The teapot has a handle, which is visible on the right side of the image, so the answer to Question 2 is False because the handle is not missing. The image is of high quality, with clear details and no visible artifacts or distortions, so the quality score is 0.9. The slight deduction from 1 is due to the presence of some glare on the teapot, but it does not significantly impact the visibility of the object."}, {"ans": [true, false, 0.8], "reasoning": "The image shows a basketball hoop with a net, although the hoop and net are partially obscured by shattered glass or plastic. The presence of the hoop and net is still discernible. The net is visible and not missing. The image quality is affected by the presence of shattered glass or plastic, which causes distortion and artifacts, but the main object is still recognizable."}, {"ans": [true, false, 0.7], "reasoning": "The image shows a dining table with various table settings, including plates, cutlery, and glasses. The main object, a dining table, is present. The glasses are visible on the table. The image quality is somewhat compromised due to the presence of artifacts and a slightly blurry effect, but the main elements are still discernible."}, {"ans": [true, false, 0.6], "reasoning": "The image clearly shows a typewriter, so the answer to the first question is true. The ribbon is visible and appears to be intact, so the answer to the second question is false. The image quality is somewhat degraded due to blurring and artifacts, hence the quality score is 0.6."}, {"ans": [true, false, 0.9], "reasoning": "The image shows multiple white winter jackets hanging on a rack. The main object, a winter jacket, is present. For Question 1, the presence of a winter jacket is confirmed, so the answer is True. For Question 2, the jacket in the middle is fastened with buttons and does not have a visible zipper, but the jacket on the right clearly has a zipper, so the answer is False. The image quality is generally good, but there is some glare from the shiny material of the jackets, which slightly reduces the quality score to 0.9."}, {"ans": [true, false, 0.4], "reasoning": "The image clearly depicts a sunflower, so the answer to the first question is true. The seeds are visible on the sunflower, so the answer to the second question is false. The image quality is rated 0.4 due to the presence of artifacts and unnatural lighting, which gives it a somewhat surreal or edited appearance. The main object, the sunflower, is visible and clear, but the overall image has a low quality due to the heavy editing or artistic effects applied."}, {"ans": [true, false, 0.7], "reasoning": "The image is showing an elephant, and the trunk is visible, so the answer to the first question is True. The trunk is not missing or not visible, so the answer to the second question is False. The image quality is rated 0.7 because it appears to be dusty and has some artifacts, but the main object (the elephant) is still clearly visible."}, {"ans": [true, true, 0.8], "reasoning": "The image shows a rowboat on a lake, with no oars visible inside or outside the boat. The boat is old and weathered, with a worn wooden interior and exterior. The image is clear and well-lit, with no visible artifacts or distortions that would affect the quality. The quality score is 0.8 because the image is slightly painterly, which may be due to the image processing or artistic effect."}, {"ans": [true, false, 0.9], "reasoning": "The image clearly shows a snowman with a hat and scarf, and upon closer inspection, it is evident that the snowman has buttons. The buttons are visible on the snowman's body, indicating that they are not missing. The image is of good quality, with clear details and minimal artifacts, hence the quality score is 0.9."}, {"ans": [true, true, 0.8], "reasoning": "The image shows a fountain pen, which is the main object. The pen is positioned in a way that the nib is visible, and there is no visible ink in the pen's reservoir. The image is clear and well-lit, but there is some blurring in the background, which slightly affects the quality score. The quality score is 0.8 because the image is generally clear, but the background is not perfectly sharp."}, {"ans": [true, true, 0.8], "reasoning": "The image shows a paintbrush with a wooden handle and a metal ferrule, but the bristles are not visible. The paintbrush is placed on a palette covered in various colors of paint. The image is clear and well-lit, but there are some visible brush strokes and texture on the palette, which slightly reduces the quality score. However, the main object (paintbrush) is clearly visible, so the quality score is not significantly impacted."}, {"ans": [true, true, 0.9], "reasoning": "The image shows a pair of eyeglasses with no temples visible. The glasses are placed on a pile of torn paper, and the overall image is clear and well-defined. The absence of temples is noticeable, and the image quality is high, with no significant artifacts or distortions. The quality score is 0.9 because the image is clear and well-defined, but there are some minor tears and creases in the paper that might be considered minor artifacts."}, {"ans": [true, false, 0.9], "reasoning": "The image clearly shows a person holding an umbrella in a rainy city street. The umbrella is black and appears to be intact with its ribs visible under the fabric. The presence of the umbrella is evident, answering the first question as true. For the second question, the ribs of the umbrella are visible, indicating they are not missing or invisible, so the answer is false. The image quality is generally high, with clear details of the scene, though there is some overexposure around the person, which slightly affects the quality. However, the main elements are clear, and the overall quality is rated 0.9."}, {"ans": [true, true, 0.7], "reasoning": "The image shows a wristwatch with its back removed, revealing the intricate mechanical components inside. The watch is clearly visible, so the answer to Question 1 is True. The hour markers are not visible because the watch face is not shown, and the inner workings are exposed. Therefore, the answer to Question 2 is True. The image quality is rated 0.7 because it is slightly blurry and has some artifacts from the reflection and lighting, but the main object (the wristwatch) is still clearly identifiable."}, {"ans": [true, false, 0.95], "reasoning": "The image clearly shows a camping tent with its structure intact and visible. The poles are present and supporting the tent, so they are not missing. The image is of high quality with clear details and no visible artifacts or distortions that would significantly impact the visibility of the tent or its components. The slight decrease in quality score is due to minor details such as the grass texture and slight variations in color that could be considered minor noise, but overall, the image is crisp and clear."}, {"ans": [true, true, 0.8], "reasoning": "The image is a close-up of a cuckoo clock, showing intricate carvings and details. The clock's face is visible in the center, surrounded by various wooden carvings of leaves, animals, and other ornaments. The weights are not visible, suggesting they might be missing or not visible from this angle. The image quality is high, with clear details, but the close-up nature of the shot and the complexity of the carvings make it slightly difficult to assess the overall condition of the clock."}, {"ans": [true, true, 0.95], "reasoning": "The image is showing a smartphone in a clear protective case standing upright on a table. The phone's screen is visible in the reflection on the table, indicating that it is turned on. The speaker grille is not visible from the angle the phone is shown, as it is facing away from the camera and the visible side is the back of the phone. The image is clear and well-lit, with minimal background blur and no noticeable artifacts or distortions. The quality of the image is high, with a score of 0.95 out of 1. The main object, the smartphone, is clearly visible, and the image does not suffer from significant blurring, unnatural color, noise, or other issues that would detract from its quality."}, {"ans": [true, true, 0.8], "reasoning": "The image clearly shows a motorcycle, so the answer to the first question is True. The speedometer is not visible in the image, as the camera is positioned in front of the motorcycle and the speedometer is typically located on the handlebars. Therefore, the answer to the second question is True. The image quality is good, with a clear view of the motorcycle and the surrounding environment. However, there is some dust and debris visible around the motorcycle, which slightly reduces the image quality. Hence, the quality score is 0.8."}, {"ans": [true, false, 0.8], "reasoning": "The image shows a broken violin and two violin bows. The bows are visible, and one of them clearly has hair on it, while the other is partially obscured but appears to have hair as well. The presence of the bow is clear, so the answer to the first question is True. For the second question, since at least one bow has visible hair, the answer is False. The image quality is good, with clear details of the objects, but there are some artifacts from the breakage and the fabric background, hence a quality score of 0.8."}, {"ans": [true, false, 0.95], "reasoning": "The image depicts a large, ornate birdcage hanging from a structure, with several birds around it. The birdcage is the main object and is clearly visible, so the answer to the first question is True. Upon closer inspection, there are several perches visible inside the birdcage, so the answer to the second question is False. The image is well-lit and clear, with no visible artifacts or distortions, so the quality score is high at 0.95."}, {"ans": [true, true, 0.9], "reasoning": "The image shows a statue of a figure with intricate details, but the head is not visible as it is cropped out of the frame. The statue is clearly the main object in the image, and it is depicted in a classical style with flowing robes. The quality of the image is high, with clear details and no visible artifacts or distortions. The only reason for a quality score less than 1 is the slight cropping of the statue's head, but this does not significantly impact the overall quality."}, {"ans": [true, false, 1.0], "reasoning": "The image is showing a teddy bear with a nose, so the answer to Question 1 is True. The nose is visible, so the answer to Question 2 is False. The image is clear and well-lit, with no visible artifacts or distortions, so the quality score is 1."}, {"ans": [true, false, 0.9], "reasoning": "The image is showing a sneaker, which is the main object. The laces are visible and not missing. The image quality is high, with clear details of the sneaker and its surroundings. However, there is a slight decrease in quality due to the presence of some artifacts and blurring around the edges of the sneaker, likely caused by the water or liquid on the floor. Nonetheless, the main object is still clearly visible."}, {"ans": [true, false, 0.8], "reasoning": "The image clearly shows a refrigerator with its doors open, revealing the interior. The main object, the refrigerator, is present. The door shelves are visible and not missing. The image quality is high, with clear details of the refrigerator's interior and its contents. However, there is a slight blur around the edges, which slightly reduces the quality score to 0.8."}, {"ans": [true, false, 0.9], "reasoning": "The image depicts a group of young women gathered around a campfire in a forest setting. The campfire is the central focus, with flames visible and people sitting around it. For Question 1, the presence of a campfire is confirmed, so the answer is True. For Question 2, since the flames are visible, the answer is False. The image quality is rated 0.9 because, although the image is clear and well-defined, it has a slightly unnatural or overly processed look, possibly due to the use of AI in its creation. However, this does not significantly detract from the overall clarity or the visibility of the main elements."}, {"ans": [true, false, 1.0], "reasoning": "The image clearly shows a drinking fountain with water flowing from it. The main object, the drinking fountain, is present and visible. The water is also visible and flowing, indicating that it is not missing. The image is clear and well-focused, with no visible artifacts or distortions that would affect the quality. Therefore, the quality of the image is rated as 1."}, {"ans": [true, false, 0.95], "reasoning": "The image clearly shows a revolver, which is the main object. The revolver is positioned on a green felt surface with a hand visible at the bottom. The revolver has a visible trigger guard, so the answer to the second question is false. The image is of high quality, with clear details and no visible artifacts or distortions, hence a quality score of 0.95."}, {"ans": [true, false, 0.9], "reasoning": "The image is a detailed illustration of a compass rose, which is clearly visible in the center. The compass rose has a north arrow, so the answer to the second question is false because the north arrow is visible. The image quality is high, with intricate details and vibrant colors, but it is not perfect due to some minor artifacts and texture that give it an aged look, hence a quality score of 0.9."}, {"ans": [true, false, 0.9], "reasoning": "The image depicts a futuristic cityscape with tall, sleek skyscrapers that are characteristic of the skyscraper genre. The presence of these structures satisfies the first question. Upon closer inspection, the skyscrapers appear to have windows, as evidenced by the rectangular patterns on their facades, which are visible despite the futuristic and somewhat abstract design. Therefore, the windows are not missing or invisible, answering the second question. The image is of high quality, with clear details and vibrant colors, though it is slightly diminished due to the futuristic and abstract elements that might be considered slightly unnatural or overly stylized."}, {"ans": [true, true, 0.9], "reasoning": "The image depicts a conductor standing on a stage, facing away from the camera, with his right arm raised. He is dressed in a black suit and appears to be leading an orchestra. The background is filled with musicians playing various instruments, indicating a performance setting. The conductor's raised hand suggests he is actively conducting. Upon closer inspection, it is evident that the conductor is not holding a baton in either hand, as his hands are visible and empty. Therefore, the baton is considered missing or not visible. The image quality is generally clear, with the main subject and background well-defined, although there is a slight sepia tone that might be considered an artifact, but it does not significantly impact the overall clarity or understanding of the scene."}, {"ans": [true, true, 1.0], "reasoning": "The image shows a soccer field with two goals, one on each side. The goals are visible, but the crossbar is not clearly visible due to the angle of the shot. The image is taken from directly above, making it difficult to see the crossbar. Therefore, the answer to Question 1 is True because the image is showing a soccer goal. The answer to Question 2 is True because the crossbar is not visible from the soccer goal. The quality of the image is 1 because it is clear and well-lit, with no visible artifacts or distortions."}, {"ans": [true, true, 0.4], "reasoning": "The image appears to be showing a microscope, but it is heavily blurred and has a double exposure effect, making it difficult to discern details. The main object in the center resembles a microscope, but the lenses are not clearly visible due to the blurring and double exposure. Therefore, for Question 1, the answer is True because the main object appears to be a microscope. For Question 2, the answer is True because the lenses are not clearly visible. The quality of the image is rated 0.4 due to the significant blurring and double exposure, which affects the clarity of the image."}]