[{"ans": [true, false, 1.0], "reasoning": "The image clearly depicts a sailboat floating on calm waters, with its sails partially visible and not fully deployed. The main object, the sailboat, is present, so the answer to the first question is True. For the second question, since the sails are visible, albeit not fully extended, the answer is False because the sails are not missing or invisible. The image is of high quality, with clear details and no visible artifacts or distortions, hence the quality score is 1."}, {"ans": [true, true, 1.0], "reasoning": "The image clearly shows a bicycle leaning against a brick wall. The bicycle is red and appears to be in a state of disrepair, with visible rust and dirt. The chain of the bicycle is not visible, suggesting it is either missing or not visible due to the angle or condition of the bike. The image is clear and well-focused, with no visible artifacts or distortions that would detract from its quality."}, {"ans": [true, false, 1.0], "reasoning": "The image clearly shows a gray cat sitting on a windowsill. The cat is well-defined and centered in the image, indicating that it is the main subject. The cat's whiskers are visible, albeit not very prominent, on either side of its nose. The image is sharp and clear, with no visible artifacts or distortions that would detract from its quality. Therefore, the answer to Question 1 is True because the image is showing a cat. The answer to Question 2 is False because the whiskers are visible. The quality of the image is rated as 1.0 because it is clear and well-defined, with no noticeable issues."}, {"ans": [true, true, 0.9], "reasoning": "The image depicts a castle with a large stone structure in the background and a giant sculpture of a mouth in the foreground. The castle appears to be ancient and has several towers and walls. There are no visible gates in the image. The quality of the image is high, with clear details and no noticeable artifacts or distortions. The absence of gates is not considered a factor in evaluating the image quality."}, {"ans": [true, false, 0.95], "reasoning": "The image clearly shows a hot-air balloon with a visible basket, thus answering the first question as True. Since the basket is visible, the second question is answered as False. The image is of high quality with clear details and no visible artifacts or distortions, hence the quality score is 0.95. The slight deduction is due to minor fog effects in the background which are part of the scene and not considered a degradation."}, {"ans": [true, false, 0.9], "reasoning": "The image clearly shows a turtle with a visible shell. The turtle is centered in the image, and its shell is clearly visible, indicating that the shell is not missing. The image is of good quality, with clear details of the turtle and its surroundings. The only reason for not giving it a perfect score is the slight yellowish tint and some minor artifacts around the turtle's shadow, but these do not significantly detract from the overall quality."}, {"ans": [true, false, 0.95], "reasoning": "The image clearly shows a train at a station. The train is silver and has a rounded front. The wheels are partially visible under the train, indicating that they are not missing. The image is well-lit and in focus, with no visible artifacts or distortions that would significantly impact the quality. The quality score is 0.95 because the image is very clear and detailed, with only minor imperfections such as slight reflections on the train's front."}, {"ans": [true, false, 0.95], "reasoning": "The image clearly shows a pair of eyeglasses with lenses. The main object, eyeglasses, is present. The lenses are visible and not missing. The image is sharp and clear, with no visible artifacts or distortions that would significantly impact the quality. However, there are some minor specks or dust particles visible on the lenses and the surface they are resting on, which slightly affects the quality."}, {"ans": [true, false, 0.9], "reasoning": "The image shows a fountain pen with its nib visible, lying on a piece of parchment. The pen is the main object in the image, and it is clearly visible. The nib is also visible, so it is not missing. The image is well-rendered and detailed, with a clear and sharp depiction of the pen and its nib. The quality of the image is high, with no visible artifacts or distortions. Therefore, the answer to the first question is True, and the answer to the second question is False. The quality score is 0.9, as the image is very clear and detailed, but may not be perfect due to some minor texture or shading."}, {"ans": [true, true, 0.9], "reasoning": "The image shows a broken umbrella with its canopy missing, leaning against a chair outside a building. The metal frame of the umbrella is visible, indicating that it is indeed an umbrella. The canopy is not present, making it 'missing or not visible.' The image is clear and well-lit, with no significant artifacts or distortions, hence the high quality score of 0.9."}, {"ans": [true, false, 1.0], "reasoning": "The image clearly shows a large white airplane on a runway, with its wings visible. The presence of the airplane is evident, and the wings are not missing or invisible. The image is of high quality, with no visible artifacts, blurring, or other issues that would affect the assessment."}, {"ans": [true, true, 0.9], "reasoning": "The image is showing a desk lamp with a gold finish and an open book underneath it. The lamp is positioned in a way that its light is shining on the book. The bulb is not visible as it is enclosed within the lamp's shade or possibly removed, as indicated by the pull chain hanging down. The image is clear and well-lit, with no visible artifacts or distortions that would significantly affect its quality. The main object, the desk lamp, is clearly visible, answering the first question affirmatively. For the second question, the bulb is not visible, so the answer is true. The quality of the image is rated 0.9 because it is clear and well-composed, with proper lighting that highlights the details of the lamp and the book."}, {"ans": [true, false, 0.9], "reasoning": "The image clearly shows an electric guitar with a visible neck. The guitar is hanging on a wall, and the neck is not missing or obscured. The image is well-lit, and the details of the guitar are clear, indicating a high-quality image. However, the quality score is not perfect (0.9) because there is a slight glare from the light source, which could be considered a minor artifact."}, {"ans": [true, false, 0.9], "reasoning": "The image clearly shows a fish lying on a bed of ice crystals, with its body and fins visible. The fish is the main object in the image, and it is clearly identifiable. The fins are present and visible, so they are not missing or invisible. The image is of high quality, with clear details and no visible artifacts or distortions. The only reason for a quality score less than 1 is the slight blurring of the background, but this does not affect the main object."}, {"ans": [true, false, 0.9], "reasoning": "The image clearly depicts a small cottage made of red brick, with a roof that is partially damaged but still visible. The presence of the cottage satisfies the first question. For the second question, the roof is visible, although it is damaged and worn out. The image quality is generally good, with clear details of the cottage and its surroundings. However, the quality score is slightly reduced to 0.9 due to the presence of some minor artifacts and the worn-out condition of the cottage, which might be considered as slight degradation in image quality."}, {"ans": [true, true, 0.9], "reasoning": "The image is showing a car, specifically a vintage convertible with its top up. The windshield is not visible as it is likely folded down or not present due to the convertible nature of the car. The image is clear and well-lit, with no visible artifacts or distortions that would detract from its quality. The only reason for not giving it a perfect score is the slight sepia tone, which might be considered a stylistic choice rather than a flaw."}, {"ans": [true, false, 0.95], "reasoning": "The image shows a keyboard with a transparent keycap layout and illuminated keys. The main object in the image is indeed a keyboard, so the answer to the first question is True. The spacebar is present and visible, so the answer to the second question is False. The image is of high quality, with clear details and no visible artifacts or distortions, so the quality score is 0.95. The slight deduction from 1 is due to the slight darkness in the background and around the edges."}, {"ans": [true, false, 0.95], "reasoning": "The image clearly depicts an owl perched on a tree branch, with detailed feathers visible across its body. The owl's presence is the main focus, and it is evident that the feathers are not missing or invisible; they are intricately detailed. The image quality is high, with clear details of the owl and its surroundings, although a slight artifact or editing effect is noticeable around the moon, which slightly reduces the quality score to 0.95."}, {"ans": [true, true, 0.95], "reasoning": "The image is showing a leather-bound book with its cover open, revealing empty pages. The main object, the book, is present. The pages are visible but appear to be empty or not filled with content that is discernible. The image is of high quality with clear details and no visible artifacts or distortions. The quality score is 0.95 because the image is clear and well-rendered, with no significant issues affecting its clarity or interpretation."}, {"ans": [true, false, 0.95], "reasoning": "The image clearly depicts a lighthouse, which is the main object in the scene. The lighthouse is white with a red roof on the adjacent building and has a lit lamp at the top, visible through the glass enclosure. The presence of the lighthouse and its lamp directly answers both questions. The lamp is not missing or invisible; it is clearly visible and lit. The image is of high quality, with clear details of the lighthouse and its surroundings. The quality score is slightly less than 1 due to the dramatic and potentially overcast lighting conditions, but it does not significantly impair the visibility of the main object or its details."}, {"ans": [true, false, 1.0], "reasoning": "The image shows a cream-colored armchair with a tufted back and seat, positioned on a patterned rug. The chair has visible legs, which are made of light-colored wood. The overall quality of the image is high, with clear details and no visible artifacts or distortions. The main object, the armchair, is clearly visible, and the legs are also visible, indicating that they are not missing."}, {"ans": [true, true, 0.9], "reasoning": "The image clearly shows a deer standing in a forest. The deer appears to be a female or a young male as there are no visible antlers. The image is sharp and well-lit, with good color representation. The main object, the deer, is clearly visible and centered in the frame. The quality of the image is high, with no noticeable artifacts or blurring. The antlers are not visible, which suggests that the deer either does not have antlers or they are not visible due to the angle or the deer's age/sex."}, {"ans": [true, false, 1.0], "reasoning": "The image clearly shows an envelope with a visible flap. The envelope is centered on a marble surface, and the flap is clearly visible at the top. The image is sharp and well-lit, with no visible artifacts or distortions. Therefore, the answer to Question 1 is True, as the image is showing an envelope. The answer to Question 2 is False, as the flap is visible. The quality of the image is rated 1.0, as it is clear and well-defined."}, {"ans": [true, true, 1.0], "reasoning": "The image shows a wall clock with a white face and black hands, centered on a wall above a fireplace. The clock face is blank, with no numbers visible. The image is clear and well-rendered, with no visible artifacts or distortions. The clock is the main object in the image, and it is clearly visible. The numbers on the clock face are missing or not visible, so the answer to the second question is true. The quality of the image is high, with a score of 1.0, as it is clear and well-rendered."}, {"ans": [true, false, 0.9], "reasoning": "The image clearly shows a person wearing a white space suit submerged in a pool of water. The space suit is fully visible and appears to be a training suit used for underwater simulations. The helmet is present and visible on the person's head, indicating that the helmet is not missing. The image quality is generally good, with clear details of the space suit and its components. However, there is some distortion due to the water and light reflections, which slightly affects the overall quality. Therefore, the quality score is 0.9."}, {"ans": [true, false, 1.0], "reasoning": "The image clearly depicts a windmill with visible blades standing in a field of wheat. The windmill is the main object, and it is present in the image, so the answer to the first question is True. The blades of the windmill are visible, so they are not missing or invisible, making the answer to the second question False. The image is of high quality, with clear details and no visible artifacts or distortions, so the quality score is 1.0."}, {"ans": [true, true, 0.95], "reasoning": "The image clearly shows a large tree with bare branches, indicating that it is without leaves. The main object, the tree, is present and visible. The leaves are not visible on the tree, so they are considered missing. The image is of high quality with clear details and no noticeable artifacts or distortions."}, {"ans": [true, true, 0.9], "reasoning": "The image shows a yellow school bus parked on the side of a road. The bus is viewed from the side, and its doors are not visible. The image is clear and well-lit, with no visible artifacts or distortions that would affect its quality. The main object, the bus, is clearly visible. The doors, however, are not visible from the given angle, making them 'not visible' according to the question's criteria."}, {"ans": [true, true, 0.9], "reasoning": "The image shows a laptop with its screen open. The screen is visible but appears to be covered with a translucent plastic or film, obscuring the display. The laptop is on a table against a white wall. The image is clear and well-lit, with no visible artifacts or distortions that would significantly impact the quality. The main object, the laptop, is clearly identifiable. The screen is present but not visible due to the covering."}, {"ans": [true, true, 0.95], "reasoning": "The image shows a trumpet, which is the main object in question. The trumpet is clearly visible and appears to be a standard brass instrument with valves and a bell. However, the mouthpiece is not visible, suggesting it is either missing or not attached. The image quality is generally good, with clear details of the trumpet's surface and the red velvet background. There are no significant artifacts or distortions that would detract from the overall quality. Therefore, the answer to the first question is True because the image does show a trumpet. The answer to the second question is also True because the mouthpiece is not visible. The quality score is 0.95, indicating a high-quality image with minor issues, if any."}, {"ans": [true, false, 0.95], "reasoning": "The image clearly shows a robot with a visible head, indicating that the main object is indeed a robot. The head is not missing or invisible; it is clearly visible. The image is of high quality, with clear details and no visible artifacts or distortions that would significantly impact the visibility of the robot or its head."}, {"ans": [true, true, 0.9], "reasoning": "The image shows a candle on a silver platter. The candle is the main object in the image and is clearly visible. The wick is not visible in the image, which suggests that it is either missing or not visible. The image is of high quality, with clear details and no visible artifacts or distortions. The quality score is 0.9 because the image is slightly overexposed, which may be due to the lighting conditions."}, {"ans": [true, false, 0.9], "reasoning": "The image shows a pizza with cheese, tomato sauce, and basil leaves. The crust is lightly charred, and the pizza is placed on a round, gray surface. The image is clear and well-lit, with no visible artifacts or distortions. The cheese is visible and appears to be melted. Therefore, the answer to Question 1 is True, as the image is showing a pizza. The answer to Question 2 is False, as the cheese is visible. The quality of the image is rated 0.9, as it is clear and well-lit, but there are some minor imperfections in the crust's texture and the surface it's on."}, {"ans": [true, true, 0.9], "reasoning": "The image clearly shows a DSLR camera body without a lens, as the mount is visible and empty. The camera is sitting on a wooden shelf, and the image is well-lit and in focus. The absence of a lens is evident, making the answer to the second question 'true'. The image quality is high, with no visible artifacts or distortions, hence a quality score of 0.9."}, {"ans": [true, false, 0.95], "reasoning": "The image is showing a grand piano on a stage in an auditorium. The piano is clearly visible and appears to be in a concert hall setting. The keys of the piano are visible and not missing. The image is of high quality with clear details and no visible artifacts or distortions. The slight decrease in quality score is due to the presence of some minor reflections and lighting effects, but these do not significantly impact the overall clarity of the image."}, {"ans": [true, false, 0.9], "reasoning": "The image shows a paintbrush with visible bristles. The main object, a paintbrush, is present in the image. The bristles of the paintbrush are visible, so they are not missing or invisible. The image is clear and well-lit, with no noticeable artifacts or distortions that would affect the quality. However, the quality score is not 1 because the image appears to be slightly cropped and the paint splatters on the surface create some minor visual noise."}, {"ans": [true, true, 0.9], "reasoning": "The image clearly shows a watch on a countertop. The watch is centered and appears to be the main focus of the image. The watch does not have a visible strap, as it is either missing or not visible due to the angle of the photo. The image is sharp and well-lit, with no visible artifacts or distortions that would detract from its quality. The quality score is 0.9 because the image is very clear and well-composed, with the watch being the main subject. The only reason it is not a 1 is due to a slight reflection on the countertop to the right of the watch."}, {"ans": [true, true, 0.8], "reasoning": "The image is showing a mouth with an open jaw, which is the main object. The mouth is clearly visible, so the answer to the first question is True. The tongue is not visible in the image, so the answer to the second question is True. The image quality is good, but there are some artifacts and a double vision effect due to the transparent overlay, hence the quality score is 0.8."}, {"ans": [true, false, 0.9], "reasoning": "The image clearly shows a motorcycle, so the answer to the first question is True. The handlebars are visible, so the answer to the second question is False. The image is highly detailed and clear, with vibrant colors, so the quality score is 0.9. The only reason it's not a perfect 1 is because of the slightly unnatural purple hue and the neon reflections, which might be considered slightly artificial."}, {"ans": [true, false, 0.9], "reasoning": "The image clearly shows a television set with a visible screen. The screen is not missing; it is present and displays a reflection of some light bulbs. The image is of high quality with clear details and no visible artifacts or distortions that would significantly impact the perception of the main object, which is the television. The slight reduction in quality score is due to the minor reflection on the screen, but it does not hinder the visibility of the television or its screen."}, {"ans": [true, false, 0.9], "reasoning": "The image depicts a white goat standing on a rocky outcrop, with a blurred background that appears to be a snowy mountainous landscape. The goat is clearly visible and has two small horns protruding from its head. The image is sharp and well-defined, with no visible artifacts or distortions that would detract from its quality. Therefore, the answer to Question 1 is True, as the image is showing a goat. The answer to Question 2 is False, as the horns are visible. The quality of the image is rated as 0.9, as it is a clear and well-defined image with no significant issues."}, {"ans": [true, false, 0.95], "reasoning": "The image clearly shows a red sneaker with white soles sitting on a ledge in front of gray lockers. The sneaker is visible and appears to be in good condition. The laces are present and visible, threaded through the eyelets. The image is sharp and well-lit, with no noticeable artifacts or distortions. The quality of the image is high, with a score of 0.95 out of 1. The main object, the sneaker, is clearly visible, so the answer to Question 1 is True. Since the laces are visible, the answer to Question 2 is False."}, {"ans": [true, false, 0.9], "reasoning": "The image clearly shows a green frog sitting in water, surrounded by lily pads. The frog's eyes are visible and clearly seen, so the answer to the second question is False. The image is sharp and well-focused on the frog, with good lighting that highlights its features. The only reason the quality score is not 1 is due to slight blurring around the edges of the image, likely due to the water or camera focus."}, {"ans": [true, false, 0.95], "reasoning": "The image shows a white porcelain mug with a blue floral pattern and a handle on the right side. The mug is placed on a matching saucer. The main object in the image is indeed a mug, so the answer to the first question is True. The handle is visible and present on the mug, so the answer to the second question is False. The image is clear and well-defined, with no visible artifacts or distortions, so the quality score is 0.95. The slight deduction from 1 is due to the subtle gradient background which might be considered a minor imperfection."}, {"ans": [true, false, 0.9], "reasoning": "The image is showing a saxophone with its keys visible. The keys are not missing or invisible. The image is clear and of high quality, with no visible artifacts or distortions. The only reason the quality score is not 1 is because of the slight blurring in the background."}, {"ans": [true, false, 1.0], "reasoning": "The image clearly shows a skateboard with wheels attached to it. The skateboard is positioned on a brick surface, and all four wheels are visible and appear to be intact. The image is well-lit, and there are no visible artifacts or distortions that would affect the quality. Therefore, the answer to the first question is True, as the image is showing a skateboard. The answer to the second question is False, as the wheels are not missing or invisible; they are clearly visible. The quality of the image is rated 1.0 because it is clear and well-defined, with no noticeable issues."}, {"ans": [true, false, 1.0], "reasoning": "The image shows a black fedora hat on a stand. The hat is clearly visible and appears to be a fedora with a brim. The brim is visible and not missing, so the answer to the second question is False. The image is clear and of high quality, with no visible artifacts or distortions, so the quality score is 1.0."}, {"ans": [true, false, 0.95], "reasoning": "The image clearly shows a motorcycle helmet with a visor. The visor is transparent and appears to be in place, covering the front of the helmet. The image is well-lit and in focus, with no visible artifacts or distortions that would affect the quality. The tools and equipment in the background suggest a workshop or garage setting, but they do not obstruct the view of the helmet. The quality of the image is high, with a score of 0.95 out of 1. The main object, the motorcycle helmet, is present and clearly visible. The visor is also visible and appears to be in place, so the answer to the second question is False."}, {"ans": [true, true, 1.0], "reasoning": "The image clearly shows a bedframe, which is the main object. The bedframe is ornate and made of wood, with a headboard and footboard. The mattress is not visible as it is not present in the bedframe, indicating it is missing. The image is of high quality, with clear details and no visible artifacts or distortions."}, {"ans": [true, false, 1.0], "reasoning": "The image is showing a clock tower with a visible clock face. The clock tower is the main object in the image, and it is clearly visible. The clock face is also visible, so it is not missing. The image is of high quality, with no visible artifacts, blurring, or other issues that would affect the quality score."}, {"ans": [true, false, 0.9], "reasoning": "The image is showing a pocket watch with its cover open, revealing the inner workings. The hands of the watch are visible, so they are not missing or invisible. The image is of high quality, with clear details and no visible artifacts or distortions. The only reason it does not get a perfect score is because of the slight reflection on the fabric background."}, {"ans": [true, true, 0.95], "reasoning": "The image is showing a bicycle, which is the main object. The bicycle appears to be leaning against a stone wall. Upon closer inspection, it is evident that the pedals are not visible, suggesting that they might be missing or not visible from the current angle. The image is clear and well-lit, with no noticeable artifacts, blurring, or other issues that would significantly impact its quality. Therefore, the quality of the image is rated high at 0.95."}, {"ans": [true, false, 0.9], "reasoning": "The image shows a portrait of a woman with her eyes visible, so the answer to the first question is True. The eyes are not missing or not visible, so the answer to the second question is False. The image quality is high, with clear details and no visible artifacts or distortions, so the quality score is 0.9. The slight reduction from 1 is due to the subtle texture and slight reflection on the wall and painting, which are minor."}, {"ans": [true, false, 0.9], "reasoning": "The image clearly shows a grand piano on a stage with its lid open, revealing the internal mechanisms including the hammers. The presence of the hammers is visible as they are illuminated by the stage lights. The image is sharp and well-lit, with no significant artifacts or distortions that would detract from its quality. The main object, the grand piano, is clearly visible and identifiable. Therefore, the answer to Question 1 is True because the image is showing a grand piano. The answer to Question 2 is False because the hammers are visible. The quality of the image is rated 0.9 due to its clarity and the absence of significant visual artifacts."}, {"ans": [true, true, 0.9], "reasoning": "The image depicts a sailing ship, which is the main object. The ship has three masts with rigging but no visible sails. The absence of sails is noticeable, and they are not merely furled or out of view; they are not present. The image is clear and detailed, showing the wooden hull and the rigging of the ship. The quality of the image is high, with no visible artifacts, blurring, or unnatural colors that would detract from its clarity. Therefore, the answer to Question 1 is True because the image shows a sailing ship. The answer to Question 2 is True because the sails are not visible. The quality score is 0.9 because the image is very clear and detailed, with only a slight deduction for the potential slight artificiality in the representation of the sea and sky."}, {"ans": [true, false, 1.0], "reasoning": "The image shows a large tree with a wide canopy and sprawling branches, which is consistent with the appearance of an oak tree. The leaves are visible on the branches, indicating that the tree is not bare. The image is clear and well-defined, with no visible artifacts or distortions that would affect its quality. Therefore, the answer to Question 1 is True, as the image is showing an oak tree with leaves. The answer to Question 2 is False, as the leaves are not missing or invisible from the oak tree. The quality of the image is rated as 1, as it is clear and well-defined."}, {"ans": [true, false, 0.9], "reasoning": "The image depicts a charming stone cottage with a sloping roof and a chimney, surrounded by lush greenery. The cottage is clearly visible, and its main features are discernible. The door is present and visible on the lower level of the cottage. The image is of high quality, with clear details and natural colors. The only reason for not giving it a perfect score is the slight mistiness in the background, which is not significant enough to detract from the overall clarity of the main subject."}, {"ans": [true, false, 0.95], "reasoning": "The image shows a white passenger jet on the tarmac, with its wings clearly visible. The plane is facing the camera, and its wings are not missing or obscured. The image is clear and well-defined, with no visible artifacts or distortions. The quality of the image is high, with a score of 0.95 out of 1. The main object, the passenger jet, is present and clearly visible. Therefore, the answer to Question 1 is True. The wings of the passenger jet are visible, so the answer to Question 2 is False."}, {"ans": [true, true, 1.0], "reasoning": "The image is clearly showing a wristwatch on a tray. The watch face is visible and has a simple design with hour and minute hands but no numbers are visible on the face. The image is sharp and well-lit, with no visible artifacts or distortions. Therefore, the quality of the image is rated as 1.0."}, {"ans": [true, false, 1.0], "reasoning": "The image clearly shows a pizza on a wooden board. The pizza has a red sauce base and is topped with basil leaves and what appears to be small dollops of cheese or ricotta, indicating that it does contain cheese, although it's not melted and spread out like traditional melted mozzarella. The image is of high quality, with clear details and no visible artifacts or distortions. Therefore, the answer to Question 1 is True because the image is showing a pizza. The answer to Question 2 is False because there are visible signs of cheese (likely ricotta) on the pizza, meaning the cheese is not missing or invisible. The quality score is 1 because the image is clear and well-defined, with no noticeable issues."}, {"ans": [true, false, 0.9], "reasoning": "The image clearly shows multiple traffic signals, some of which have visible lights. The main object, traffic signals, is present in the image. For the second question, the lights are visible on the traffic signals, so they are not missing or invisible. The image quality is high, with clear details of the traffic signals and the surrounding environment. The slight yellowish tint due to the sun's position does not detract from the overall quality, hence a score of 0.9."}, {"ans": [true, false, 0.9], "reasoning": "The image clearly shows a skateboard with wheels, lying on a concrete surface. The skateboard is the main object in the image, and it is visible with its wheels attached. The wheels are not missing or invisible; they are clearly visible and appear to be in a worn condition. The image is well-lit, with clear details of the skateboard and its components. The quality of the image is high, with no noticeable artifacts, blurring, or other issues that would detract from the visibility of the skateboard. The only reason for not giving it a perfect score is the presence of some dirt and stains on the concrete surface, but this does not significantly impact the visibility of the skateboard."}, {"ans": [true, false, 0.9], "reasoning": "The image clearly shows a chessboard with pieces arranged on it, so the answer to the first question is True. The black pieces are visible on the board, so the answer to the second question is False. The image quality is generally good, but there are some minor issues with the lighting and reflections on the board, hence the quality score is 0.9."}, {"ans": [true, true, 0.9], "reasoning": "The image shows a red sports car in a showroom. The car is clearly visible and appears to be in good condition. The brakes are not visible as the wheels are covering them. The image is well-lit and has a good reflection on the floor, indicating a high-quality image. However, the quality score is not 1 because the reflection on the car's surface and the floor creates some glare, which slightly affects the overall clarity."}, {"ans": [true, true, 0.95], "reasoning": "The image clearly shows an open book on a wooden table, with the pages facing upwards. The book is the main object in the image, and it is clearly visible. The text on the pages is not visible, as the pages are blank. The image is of high quality, with clear details and no visible artifacts or distortions. The overall quality of the image is rated as 0.95 out of 1, indicating a very high level of clarity and detail."}, {"ans": [true, false, 1.0], "reasoning": "The image clearly shows a computer tower with visible internal components, including fans. The main object, the computer tower, is present and clearly visible. The fans are also visible, indicating they are not missing. The image is of high quality, with clear details and no visible artifacts or distortions."}, {"ans": [true, false, 1.0], "reasoning": "The image clearly depicts a scarecrow standing in a field, wearing a straw hat and a plaid shirt. The scarecrow has visible arms made of straw, attached to its body. The image is sharp and well-defined, with no visible artifacts or distortions. Therefore, the answer to Question 1 is True because the image is showing a scarecrow. The answer to Question 2 is False because the arms are visible. The quality of the image is rated 1.0 because it is clear and well-defined, with no noticeable issues."}, {"ans": [true, false, 0.8], "reasoning": "The image depicts a knight in armor, which directly answers the first question. The presence of a sword is visible on the left side of the image, held by the knight, which makes the answer to the second question false because the sword is not missing or invisible. The image quality is rated 0.8 due to visible brush strokes and slight blurring around the edges, but the main subject is clear and well-defined."}, {"ans": [true, false, 0.9], "reasoning": "The image clearly shows a teapot with a floral design on it. The teapot has a handle, spout, and lid, which are all typical features of a teapot. The handle is visible on the right side of the teapot. The image is sharp and well-lit, with no visible artifacts or distortions that would affect the quality. The only reason for not giving it a perfect score is the slight blurring in the background."}, {"ans": [true, false, 1.0], "reasoning": "The image clearly shows a basketball hoop with a net. The net is visible and not missing. The image is clear and well-focused, showing the basketball hoop, the net, and the basketball going through it. The quality of the image is high, with no visible artifacts, blurring, or other issues that would detract from its clarity."}, {"ans": [true, false, 0.9], "reasoning": "The image depicts a formally set dining table with multiple place settings, each including plates, silverware, and glasses. The main object, a dining table, is clearly visible and well-defined, supporting the answer 'true' for Question 1. For Question 2, the glasses are present and visible on the table, hence the answer is 'false'. The image is of high quality, with clear details and no visible artifacts or distortions that would significantly impact the visibility of the main elements, thus the quality score is 0.9. The slight reduction from 1 is due to a minor sepia tone that slightly affects the natural color representation."}, {"ans": [true, true, 0.9], "reasoning": "The image is showing a typewriter, which is the main object. The ribbon is not visible in the typewriter, so it is considered missing. The image is of high quality with clear details of the typewriter and its components, although it has a slightly aged or vintage appearance."}, {"ans": [true, true, 0.95], "reasoning": "The image shows a rack of winter jackets, which are the main objects in the image. The jackets are clearly visible and appear to be in good condition. Upon closer inspection, it is evident that some of the jackets do not have visible zippers, and one of them is buttoned up instead. The image is clear and well-lit, with no noticeable artifacts or distortions. The quality of the image is high, with a score of 0.95 out of 1. The presence or absence of a zipper does not affect the quality score."}, {"ans": [true, false, 0.9], "reasoning": "The image clearly shows two large sunflowers against a blue sky with some clouds. The sunflowers are centered and prominent in the image, with their faces partially turned towards the camera and slightly angled towards the sun, which is visible as a bright spot between them. The petals are yellow, and the seed heads are visible and contain seeds. The image is well-lit, with a natural lighting effect that highlights the details of the flowers and their surroundings. The quality of the image is high, with clear details and no visible artifacts or distortions that would detract from the overall impression. The only reason for not giving it a perfect score is the slight lens flare effect around the sun, but it does not significantly impact the overall quality."}, {"ans": [true, false, 0.9], "reasoning": "The image clearly shows an elephant walking on a dirt road, with its trunk visible and facing towards the camera. The trunk is a distinctive feature of an elephant, and it is clearly visible in the image. Therefore, the answer to Question 1 is True. Since the trunk is visible, the answer to Question 2 is False. The image is of high quality, with clear details and no visible artifacts or distortions, so the quality score is 0.9."}, {"ans": [true, true, 0.9], "reasoning": "The image shows a white rowboat with a wooden interior, positioned on a trailer near a serene lake surrounded by trees. The boat is empty and does not show any oars inside or around it. The image is clear and well-lit, with no visible artifacts or distortions that would affect the quality. The main object, the rowboat, is clearly visible and identifiable. The oars are not visible, which directly answers the second question. The quality of the image is high, with a score of 0.9, as it is clear and lacks significant visual noise or distortion."}, {"ans": [true, false, 0.9], "reasoning": "The image clearly shows a snowman in the foreground, indicating that the main object is present. The snowman has buttons visible on its body, so the buttons are not missing or invisible. The image is of high quality with clear details and no significant artifacts or distortions, though it might be slightly soft or have some minor noise, hence a quality score of 0.9."}, {"ans": [true, true, 0.9], "reasoning": "The image clearly shows a fountain pen, which is the main object. The pen is positioned on a notebook, with its nib displayed on a clear stand. The pen's body is visible, but the ink inside is not visible as the pen is not shown in a way that reveals its ink reservoir. The image is of high quality, with clear details and no visible artifacts or distortions. The quality score is 0.9 because the image is sharp and well-lit, but there might be a slight deduction for not being perfectly sharp or having a minor artifact that doesn't significantly impact the visibility of the main object."}, {"ans": [true, false, 0.95], "reasoning": "The image shows a close-up of a palette with paint and two paintbrushes. The paintbrushes are visible with their bristles, handles, and metal ferrules. The bristles of the paintbrushes are visible, so they are not missing. The image is clear and well-lit, with no visible artifacts or distortions that would detract from its quality. The quality score is 0.95 because the image is very clear and detailed."}, {"ans": [true, false, 1.0], "reasoning": "The image clearly shows a pair of eyeglasses with temples on top of a crumpled newspaper. The glasses are in focus, and there are no visible artifacts, blurring, or other issues that would detract from the image quality. The temples are visible and not missing, so the answer to the second question is False. The overall quality of the image is high, so the quality score is 1."}, {"ans": [true, false, 0.9], "reasoning": "The image clearly shows a person holding an umbrella on a rainy street. The umbrella is the main object and is visible with its ribs. The ribs are visible as they are outlined against the fabric of the umbrella. The image is of high quality with clear details, though there is some blurring in the background due to rain, which does not significantly affect the quality score."}, {"ans": [true, false, 0.9], "reasoning": "The image shows a wristwatch with a visible face and hour markers. The watch is encased in a clear plastic or glass dome, which is placed on a black stand. The watch face is gold with a skeleton design, showing the inner workings. The hour markers are visible on the outer rim of the watch face. The image is clear and well-lit, with no visible artifacts or distortions. The quality of the image is high, with a score of 0.9. The main object, the wristwatch, is clearly visible, so the answer to the first question is True. The hour markers are also visible, so the answer to the second question is False."}, {"ans": [true, false, 1.0], "reasoning": "The image clearly shows a camping tent with its structure intact and poles visible. The tent is set up in a grassy field with trees in the background. The poles are visible and appear to be supporting the tent's structure. The image is clear and well-lit, with no visible artifacts or distortions that would affect the quality. Therefore, the answer to Question 1 is True because the image is showing a camping tent. The answer to Question 2 is False because the poles are visible. The quality of the image is rated as 1 because it is clear and well-defined, with no noticeable issues."}, {"ans": [true, true, 0.9], "reasoning": "The image is showing a cuckoo clock with intricate carvings of deer and other forest elements. The clock face is visible, and there are various decorations hanging below it. However, the weights that are typically associated with cuckoo clocks are not visible in the image. The image is of high quality, with detailed carvings and no noticeable artifacts or blurring. Therefore, the answer to Question 1 is True because the image is showing a cuckoo clock. The answer to Question 2 is True because the weights are not visible. The quality of the image is rated 0.9 because it is clear and detailed, with no significant issues."}, {"ans": [true, true, 0.9], "reasoning": "The image shows a smartphone standing upright on a table, with its screen facing the camera. The phone's screen is on and displays various icons and text. The phone's body is visible, and there is no visible speaker grille on the front or sides of the phone that are visible. The image is clear and well-lit, with a shallow depth of field that blurs the background. The overall quality of the image is high, with no noticeable artifacts or distortions. Therefore, the answer to Question 1 is True, as the image is showing a smartphone. The answer to Question 2 is also True, as the speaker grille is not visible. The quality score is 0.9, as the image is very clear and well-lit, but not perfect due to a slight reflection on the table."}, {"ans": [true, false, 0.9], "reasoning": "The image clearly shows a motorcycle driving on a dirt road, with a visible speedometer on the handlebars. The main object, the motorcycle, is present and identifiable. The speedometer is also visible, indicating that it is not missing. The image quality is high, with clear details of the motorcycle and its surroundings. However, there is some dust and sand kicked up around the motorcycle, which slightly affects the clarity. Overall, the image is well-defined and meets the conditions for both questions."}, {"ans": [true, true, 0.9], "reasoning": "The image is showing a violin and its bow. The bow is clearly visible, so the answer to the first question is True. The hair on the bow is not visible, so the answer to the second question is True. The image is of high quality, with clear details and no visible artifacts or distortions, so the quality score is 0.9."}, {"ans": [true, false, 0.9], "reasoning": "The image is showing a birdcage with a perch inside it. The birdcage is the main object in the image, and it is clearly visible. The perch is also visible inside the birdcage. The image is well-lit and has a warm, golden tone. The quality of the image is high, with no visible artifacts or blurring. The only reason for a lower quality score is the slight glow around the birdcage due to the sunlight, but it does not significantly affect the visibility of the main object or the perch."}, {"ans": [true, false, 0.9], "reasoning": "The image shows a statue of a woman, which is the main object. The statue is intact and has a head, so the head is not missing. The image is clear and well-defined, with no visible artifacts or distortions that would affect the quality. The only reason for a quality score less than 1 is the slight shadowing and lighting effects that are present, but they do not significantly impact the overall clarity of the image."}, {"ans": [true, false, 0.95], "reasoning": "The image clearly shows a teddy bear sitting on a bed, with a visible nose. The teddy bear is the main object in the image, and it is clearly identifiable. The nose is present and visible, so the answer to the second question is False. The image is of high quality, with clear details and no visible artifacts or distortions. The only reason the quality score is not 1 is due to the slight softness of the image, but it does not affect the visibility of the main object or its features."}, {"ans": [true, false, 0.95], "reasoning": "The image clearly shows a pair of white sneakers, which are the main objects in the picture. The sneakers are dirty and have visible laces, indicating that the laces are present and not missing. The image is well-lit and in focus, with no visible artifacts or distortions that would affect the quality. The only reason for a quality score less than 1 is the slight dirtiness and wear on the sneakers and the rug, but this does not significantly impact the overall clarity or visibility of the main objects."}, {"ans": [true, true, 0.95], "reasoning": "The image shows a refrigerator with its door open, revealing the interior. The main object, the refrigerator, is clearly visible. The door shelves are not visible from the current angle, as the door is open and the shelves are attached to the door. Therefore, for Question 1, the answer is True because the image is showing a refrigerator. For Question 2, the answer is True because the door shelves are not visible from the current view of the refrigerator. The quality of the image is rated 0.95 because it is clear and well-lit, with no visible artifacts or distortions that would significantly impact the visibility of the main object."}, {"ans": [true, false, 0.9], "reasoning": "The image shows a group of people sitting around a campfire in a forest. The campfire is visible and has flames, so the main object (campfire) is present. For the second question, the flames are visible, so they are not missing or invisible. The image is of high quality with clear details and no noticeable artifacts or distortions, though the lighting is somewhat dramatic and there are some fairy lights and glowing orbs that could be considered unnatural."}, {"ans": [true, false, 0.95], "reasoning": "The image clearly shows a drinking fountain with water flowing from it. The main object, the drinking fountain, is present and visible. The water is also visible as it flows from the fountain. The image is sharp and well-lit, with no noticeable artifacts or distortions that would affect the visibility of the main object or the water. The quality of the image is high, with a score of 0.95 out of 1. The presence of water is evident, so the answer to the second question is False."}, {"ans": [true, false, 0.95], "reasoning": "The image clearly shows a revolver with a visible trigger guard. The revolver is positioned on a green cloth, and its details are well-defined, indicating a high-quality image. The trigger guard is present and visible, surrounding the trigger. The image is sharp and well-lit, with no visible artifacts or distortions that would detract from its quality. Therefore, the answer to Question 1 is True because the image is showing a revolver. The answer to Question 2 is False because the trigger guard is visible. The quality score is 0.95, as the image is clear and well-defined, with only minor considerations for the cloth's texture and slight shadowing."}, {"ans": [true, false, 0.9], "reasoning": "The image is a detailed illustration of a compass rose on an old map, with a clear north arrow pointing towards the top. The compass rose is the main object and is prominently displayed. The north arrow is visible and not missing. The image quality is high, with clear details and no significant artifacts or distortions, though it has a vintage, aged look which might slightly reduce its clarity."}, {"ans": [true, false, 0.9], "reasoning": "The image depicts a futuristic cityscape with tall, sleek skyscrapers that have various lights and windows visible on their surfaces. The presence of these structures clearly indicates that the image is showing skyscrapers. Therefore, the answer to Question 1 is True. For Question 2, the windows are visible on the skyscrapers, so the answer is False. The image quality is rated 0.9 because it is clear and detailed, with no significant artifacts or distortions visible. The slight deduction from 1 is due to the presence of some haze and reflections that might slightly affect the clarity of some details."}, {"ans": [true, false, 0.95], "reasoning": "The image clearly shows a conductor in a black tuxedo standing on a podium, with his right hand holding a baton and his left hand raised. The presence of an orchestra in the background further confirms that the main subject is a conductor. Therefore, the answer to the first question is True. For the second question, since the baton is visible in the conductor's right hand, it is not missing or invisible, so the answer is False. The image is of high quality, with clear details and no visible artifacts or distortions, hence the quality score is 0.95."}, {"ans": [true, true, 0.98], "reasoning": "The image depicts a soccer field with a goal visible in the background on the right side. The goal appears to be without a crossbar, as there is no visible bar connecting the two goalposts. The image is clear and well-defined, showing the details of the soccer field, including the grass patterns and the white lines marking the field. The presence of the goal and the clear visibility of the field contribute to a high-quality score. The absence of a visible crossbar on the goal directly answers the second question."}, {"ans": [true, false, 0.8], "reasoning": "The image clearly shows a microscope on a table in a laboratory setting. The microscope is the main object and is visible in detail. The lenses are also visible, indicating that they are not missing. The image is sharp and clear, with no significant artifacts or distortions that would affect the visibility of the microscope or its components. The quality of the image is high, with a score of 0.8 out of 1. The slight double vision effect on the microscope and the hand is noticeable but does not significantly impact the overall quality."}]