[{"ans": [true, true, 1.0], "reasoning": "The image depicts a sailboat on calm waters with its sails not visible or missing. The presence of the mast and rigging indicates it is a sailboat. The sails are either furled or not deployed, making them not visible."}, {"ans": [true, true, 0.9], "reasoning": "The image shows a red bicycle leaning against a brick wall. The bicycle is clearly visible and has the typical features of a bicycle, such as wheels, a seat, and handlebars. However, the chain is not visible, likely because it is hidden by the frame or other components of the bicycle. Therefore, for Question 1, the answer is True because the image is showing a bicycle. For Question 2, the answer is True because the chain is not visible. The quality of the image is rated 0.9 because it is clear and well-lit, with no significant issues that would detract from the visibility of the bicycle."}, {"ans": [true, false, 0.9], "reasoning": "The image is showing a cat, which is the main object. The cat appears to have whiskers, as there are visible white hairs on either side of its nose, indicating that the whiskers are present and not missing. The image is clear and well-focused on the cat, suggesting a high quality. However, the quality score is not 1 because the background is slightly blurry."}, {"ans": [true, true, 0.9], "reasoning": "The image depicts a castle with a large stone structure and towers, which aligns with the definition of a castle. The gates appear to be missing, as there is an open archway where gates would typically be located. The image is well-lit and clear, with a good view of the castle's architecture, hence a high-quality score."}, {"ans": [true, false, 0.9], "reasoning": "The image clearly depicts a hot-air balloon with a visible basket. The balloon is the main object in the image, and it is shown in detail. The basket is also visible, attached to the balloon by ropes. Therefore, the answer to the first question is True. For the second question, since the basket is visible, the answer is False. The quality of the image is rated 0.9 because it is clear and well-lit, with no significant distractions or obstructions. The only reason it is not rated 1 is due to the slight gradient effect in the sky, but this does not detract from the main subject."}, {"ans": [true, false, 1.0], "reasoning": "The image clearly shows a turtle with a visible shell. The turtle is centered in the image, and its shell is intact and visible. Therefore, the answer to the first question is True. Since the shell is visible, the answer to the second question is False. The image is of high quality, as it is clear and well-lit, so the quality score is 1."}, {"ans": [true, false, 1.0], "reasoning": "The image clearly shows a train at a station. The train is silver with visible details such as doors and lights, and it is positioned on the tracks. The wheels of the train are partially visible under the carriage, indicating that they are not missing. The image is well-lit and in focus, capturing the scene with clarity."}, {"ans": [true, false, 1.0], "reasoning": "The image clearly shows a pair of eyeglasses with lenses. The glasses are positioned on a reflective surface, and both the actual glasses and their reflection are visible. The lenses are present and visible, indicating that they are not missing. The image is of high quality, as it is clear and well-lit, with no visible distortions or obstructions that would affect the visibility of the glasses or their lenses."}, {"ans": [true, false, 0.9], "reasoning": "The image shows two fountain pens, both with visible nibs. The first pen is positioned with its nib pointing upwards, and the nib is clearly visible. The second pen is placed with its nib pointing downwards, and the nib is also visible. Therefore, the answer to Question 1 is True because the image is showing fountain pens. The answer to Question 2 is False because the nibs are visible on both pens. The quality of the image is rated 0.9 because it is clear and well-defined, with no apparent issues that would detract from the visibility of the main objects."}, {"ans": [true, true, 1.0], "reasoning": "The image shows two umbrellas, both of which are missing their canopies. The first question asks if the image is showing an umbrella, which it is, so the answer is True. The second question asks if the canopy is missing or not visible, and since both umbrellas are missing their canopies, the answer is also True. The image is clear and well-lit, and the key elements (the umbrellas) are clearly visible, so the quality score is 1."}, {"ans": [true, false, 1.0], "reasoning": "The image shows a large white airplane on a runway with a cloudy sky in the background. The airplane is clearly visible and has wings, so the answer to the first question is True. The wings are visible, so the answer to the second question is False. The image is clear and well-lit, so the quality is rated as 1."}, {"ans": [true, true, 1.0], "reasoning": "The image is showing a desk lamp. The bulb is hanging down from the lamp, indicating it is not in its proper position and is thus not visible as it should be if it were properly seated. Therefore, for Question 1, the image is showing a desk lamp, so the answer is True. For Question 2, the bulb is not in its correct position and is hanging down, making it not visible as intended, so the answer is True. The image quality is good, and it clearly shows the desk lamp and the bulb's position, so the quality rating is 1.0."}, {"ans": [true, false, 1.0], "reasoning": "The image is showing an electric guitar with a visible neck. The neck is clearly attached to the body of the guitar and is not missing or invisible. The image is of high quality, with clear details of the guitar's features."}, {"ans": [true, false, 0.9], "reasoning": "The image clearly shows a fish with visible fins, answering the first question affirmatively. For the second question, the fins are visible, so they are not missing or not visible. The image quality is rated 0.9 because it is clear and detailed, with good lighting that highlights the fish and its features."}, {"ans": [true, false, 1.0], "reasoning": "The image depicts a small brick cottage with a pitched roof, which is clearly visible. The presence of a roof means it is not missing or invisible. Therefore, the answer to the first question is True because the image shows a cottage. The answer to the second question is False because the roof is visible. The quality of the image is rated 1.0 as it is clear and well-defined, with all key elements visible."}, {"ans": [true, true, 0.8], "reasoning": "The image is showing a vintage convertible car, which is a type of car. The windshield is not visible as the image is taken from the side and the front of the car is partially out of frame, and the top is down. The quality of the image is rated 0.8 because it is clear and well-lit, showing the details of the car."}, {"ans": [true, false, 0.9], "reasoning": "The image clearly shows a keyboard with a visible spacebar. The keyboard is transparent and has colorful backlighting, making its components easily visible. The spacebar is present and not missing or invisible."}, {"ans": [true, false, 1.0], "reasoning": "The image clearly depicts an owl perched on a tree branch under a full moon. The owl is fully visible and appears to have its feathers intact. The feathers are detailed and cover the owl's body, indicating they are not missing or invisible. Therefore, the answer to the first question is True because the image is showing an owl. The answer to the second question is False because the feathers are visible and not missing. The quality of the image is rated 1.0 because it is clear and detailed, with no visible degradation or missing key elements that are relevant to the questions asked."}, {"ans": [true, true, 1.0], "reasoning": "The image clearly shows a book with its cover and binding intact, but the pages inside are missing or not visible as they are torn and crumpled inside the cover. The quality of the image is high as it is clear and detailed, showing the texture of the leather cover and the wooden table and bookshelf in the background."}, {"ans": [true, false, 1.0], "reasoning": "The image clearly shows a lighthouse with a lamp visible inside the lantern room at the top. The presence of the lighthouse is evident, and the lamp is also visible, indicating it is not missing or invisible. The image is of high quality, capturing the details of the lighthouse and its surroundings."}, {"ans": [true, false, 1.0], "reasoning": "The image shows an armchair with visible legs. The chair is placed on a rug in a room with a window and a picture on the wall. The legs of the chair are clearly visible, indicating that they are not missing. Therefore, the answer to Question 1 is True because the image is showing an armchair. The answer to Question 2 is False because the legs are visible. The quality of the image is rated 1.0 because it is clear and well-lit, and the key elements are visible."}, {"ans": [true, true, 0.9], "reasoning": "The image is showing a deer without antlers. The deer is clearly visible in the center of the image, standing in a forest. The absence of antlers is noticeable, and there is no indication that they are merely hidden from view. The image quality is high, with good lighting and detail, hence a quality score of 0.9."}, {"ans": [true, true, 1.0], "reasoning": "The image shows an envelope, which is the main object. The flap of the envelope is not visible as it is facing downwards, so it is considered missing or not visible. The image is of high quality as it clearly displays the envelope and its surroundings."}, {"ans": [true, true, 1.0], "reasoning": "The image shows a wall clock with a white face and black hands, mounted on a wall above a fireplace. The clock face does not have any numbers visible. Therefore, the answer to Question 1 is True because the image is showing a wall clock. The answer to Question 2 is True because the numbers on the clock face are missing or not visible. The quality of the image is rated 1.0 because it is clear and well-lit, and the main object (the clock) is easily visible."}, {"ans": [true, false, 0.9], "reasoning": "The image shows a person wearing a white space suit floating in a swimming pool. The space suit is fully visible and includes a helmet with a reflective visor. The presence of the helmet indicates that it is not missing. The image is clear and well-lit, suggesting a high-quality image. The slight deduction in quality score is due to the water ripples and reflections, which slightly affect the clarity of the image."}, {"ans": [true, false, 1.0], "reasoning": "The image clearly depicts a windmill with visible blades, standing in a field of wheat. The presence of the windmill with its blades is evident, answering the first question affirmatively. For the second question, the blades are not missing or invisible; they are clearly visible, so the answer is false. The image is of high quality, with clear details of the windmill and its surroundings, hence the quality score is 1."}, {"ans": [true, true, 1.0], "reasoning": "The image prominently features a large tree without leaves, with the sun shining through its branches. The presence of the tree satisfies the first question. The absence of leaves on the tree satisfies the second question as the leaves are indeed missing. The image is clear and well-composed, with good lighting that highlights the tree's structure, thus justifying a quality score of 1.0."}, {"ans": [true, true, 0.8], "reasoning": "The image clearly shows a school bus, which is a type of bus. The doors are not visible as the image is taken from the side and rear of the bus, and the front door is not in view. The quality of the image is good, with clear details of the bus's body and seats, but it could be considered slightly low due to the partial view of the bus."}, {"ans": [true, true, 1.0], "reasoning": "The image shows a laptop with its screen open and facing away from the viewer, so the screen is not visible. The laptop is on a table, and the overall image is clear and well-lit. The presence of the laptop satisfies the first question. Since the screen is not visible because it is facing away, it is considered 'not visible', satisfying the condition for the second question. The image quality is high as it is clear and well-lit."}, {"ans": [true, true, 0.8], "reasoning": "The image shows a trumpet without a mouthpiece. The main object in the image is a trumpet, which is clearly visible. Therefore, the answer to Question 1 is True. The mouthpiece is not visible, so the answer to Question 2 is True. The image is clear and well-lit, but the quality score is not 1 because the background is not neutral or simple. However, the trumpet is the main focus, and its details are clear, so the quality score is still relatively high at 0.8."}, {"ans": [true, false, 1.0], "reasoning": "The image clearly depicts a robot with a visible head in a laboratory setting. The robot is white with a humanoid shape, and its head is fully visible, indicating that it is not missing. The image is of high quality, with clear details of the robot and its surroundings."}, {"ans": [true, true, 1.0], "reasoning": "The image shows a candle, which is the main object, so the answer to Question 1 is True. The wick is not visible on the top of the candle, so the answer to Question 2 is True. The image is clear and well-lit, and the candle is centered and prominent, so the quality score is 1."}, {"ans": [true, false, 1.0], "reasoning": "The image is showing a pizza with visible cheese, so the main object is a pizza and it has cheese. The cheese is visible, so it is not missing. The image is clear and well-lit, showing all the details of the pizza, so the quality is high."}, {"ans": [true, true, 1.0], "reasoning": "The image shows a DSLR camera body without a lens, as evidenced by the visible internal mechanisms of the lens mount. The camera is clearly identifiable as a DSLR due to its design and features such as the mode dial and the presence of a lens mount. The lens is not attached to the camera, and the mount is visible, indicating that the lens is missing. The image is of high quality, with clear details visible on the camera and the surrounding environment."}, {"ans": [true, false, 0.9], "reasoning": "The image clearly shows a grand piano on a stage in an auditorium. The piano is the main object in the foreground, and it is visible in detail. The keys of the piano are visible and not missing, as they are clearly seen on the keyboard. The image is of high quality, with clear details of the piano and the surrounding environment. The slight deduction in quality score is due to the fact that the image is not a close-up of the piano, but it still captures the piano and its details clearly."}, {"ans": [true, true, 1.0], "reasoning": "The image shows a paintbrush with a visible handle and metal ferrule, but the bristles are not visible as they are likely covered in paint and possibly obscured by the palette. The presence of the paintbrush is clear, so the answer to the first question is true. For the second question, the bristles are not visible, so the answer is true. The image is of high quality, clearly showing the details of the paintbrush and the palette, so the quality score is 1."}, {"ans": [true, false, 0.9], "reasoning": "The image is showing a smartwatch with a visible strap. The watch face is clearly visible, and the strap is partially visible, attached to the watch body. The image is of high quality, with clear details of the watch and its surroundings."}, {"ans": [true, true, 0.9], "reasoning": "The image shows a young man sitting in a dentist's chair with his mouth open, undergoing a dental examination. The dentist is using various tools to inspect his teeth. The mouth is clearly visible, so the answer to the first question is True. The tongue is not visible as it is likely pressed down or not in view due to the open mouth and the presence of dental tools, so the answer to the second question is True. The image quality is rated 0.9 because it is clear and well-lit, with all relevant elements visible."}, {"ans": [true, false, 0.9], "reasoning": "The image clearly shows a motorcycle in the center of the frame. The motorcycle is facing to the left and has visible handlebars, which are not obstructed or missing. The presence of the motorcycle and its handlebars directly answers both questions. The image is of high quality, with clear details of the motorcycle and its surroundings, hence a quality score of 0.9."}, {"ans": [true, false, 0.9], "reasoning": "The image is showing a television set with a visible screen, so the answer to the first question is True. The screen is visible, although it appears to be displaying a static or distorted image, so the answer to the second question is False. The quality of the image is rated 0.9 because it is clear and well-defined, with good lighting and no obvious distortions or artifacts."}, {"ans": [true, false, 0.9], "reasoning": "The image clearly shows a goat standing on a rocky outcrop. The goat has horns, which are visible and not missing. The image is well-lit and in focus, with a clear view of the goat's features and its surroundings. The quality of the image is high, with good resolution and detail."}, {"ans": [true, false, 0.9], "reasoning": "The image is showing a red sneaker with white soles and red laces. The laces are visible and not missing. The image is clear and well-lit, with a clear view of the sneaker."}, {"ans": [true, false, 1.0], "reasoning": "The image clearly shows a frog sitting on a lily pad, and its eyes are visible. Therefore, the answer to the first question is True because the image is showing a frog. The answer to the second question is False because the eyes are not missing or invisible; they are clearly visible. The quality of the image is rated 1 because it is clear and well-focused, with the frog and its features easily discernible."}, {"ans": [true, false, 1.0], "reasoning": "The image is showing a mug with a handle, so the answer to the first question is True. The handle is visible, so the answer to the second question is False. The image is clear and well-lit, and it is showing the main object (the mug) clearly, so the quality score is 1."}, {"ans": [true, false, 0.9], "reasoning": "The image clearly shows a saxophone, which is the main object in the picture. The saxophone is depicted with its keys visible, indicating that the keys are not missing. The image is well-lit and focused, allowing for a clear view of the instrument and its details. The quality of the image is rated 0.9 because it is sharp and well-composed, with good lighting that highlights the saxophone's features. The presence of a music stand in the background adds context to the scene, suggesting that the saxophone is being used for a performance or practice session."}, {"ans": [true, false, 0.9], "reasoning": "The image clearly shows a skateboard with its deck, trucks, and wheels visible. The skateboard is positioned on a brick surface, and the wheels are clearly visible, indicating that they are not missing. The image is well-lit and in focus, suggesting a high-quality image. However, the quality score is not 1 due to the slightly uneven lighting and the presence of some debris on the bricks."}, {"ans": [true, false, 1.0], "reasoning": "The image depicts a black fedora hat on a wooden stand. The hat has a visible brim, which is a key characteristic of a fedora. Therefore, the answer to Question 1 is True because the image is showing a fedora. The answer to Question 2 is False because the brim is visible and not missing. The quality of the image is rated as 1 because it is clear and well-lit, with no visible distortions or obstructions that would detract from the visibility of the hat."}, {"ans": [true, false, 0.9], "reasoning": "The image clearly shows a motorcycle helmet with a visor. The helmet is positioned on a workbench, surrounded by various tools. The visor is transparent and appears to be intact, covering the front of the helmet. Therefore, the visor is not missing or invisible."}, {"ans": [true, true, 1.0], "reasoning": "The image shows a bedframe without a mattress. The bedframe is the main object in the image and is clearly visible. The mattress is not present or visible inside the bedframe. The image is of high quality, with clear details of the bedframe and its surroundings."}, {"ans": [true, false, 1.0], "reasoning": "The image shows a clock tower with a visible clock face. The clock tower is the main object in the image, and it is clearly visible. The clock face is also visible, so it is not missing or invisible. The image is of high quality, with clear details and good lighting."}, {"ans": [true, false, 1.0], "reasoning": "The image clearly shows a pocket watch with its cover open, revealing the inner mechanisms and the clock face. The hands of the watch are visible, indicating the time. The image is of high quality, with clear details of the watch's intricate design and mechanisms."}, {"ans": [true, false, 0.9], "reasoning": "The image clearly shows a bicycle leaning against a stone wall. The bicycle has a red frame with 'GIRO' written on it in white letters. It has two wheels, handlebars, and a chain connecting the pedals to the gears on the back wheel. The pedals are visible and appear to be attached to the bicycle, so they are not missing. The image is well-lit and in focus, suggesting a high-quality image. The presence of the bicycle and its details are clear, making the image suitable for the task. Therefore, the answer to the first question is True because the image is showing a bicycle. The answer to the second question is False because the pedals are visible and not missing. The quality of the image is rated 0.9 because it is clear and well-lit, with no significant issues affecting its quality."}, {"ans": [true, false, 0.9], "reasoning": "The image is showing a portrait of a woman. The portrait is clearly visible on the wall, and it depicts a woman with her eyes visible. Therefore, the answer to the first question is True. The eyes of the woman in the portrait are visible, so the answer to the second question is False. The quality of the image is rated 0.9 because it is clear and well-lit, with no visible distortions or obstructions. The key elements of the portrait, including the woman's face and eyes, are easily discernible."}, {"ans": [true, false, 0.9], "reasoning": "The image clearly shows a grand piano on a stage with its lid open, revealing the internal mechanisms including the hammers. The presence of the hammers is visible as they are illuminated by the stage lights. The image is well-lit and in focus, indicating a high-quality image."}, {"ans": [true, true, 0.9], "reasoning": "The image depicts a sailing ship, which is the main object, so the answer to the first question is True. The sails are not visible on the ship, so the answer to the second question is True. The image is clear and well-defined, with good lighting and detail, so the quality is rated as 0.9. The absence of sails does not affect the quality score as per the instructions."}, {"ans": [true, false, 1.0], "reasoning": "The image depicts a large tree with a sprawling canopy and visible roots, characteristic of an oak tree. The leaves are present but sparse in some areas, indicating that the tree is likely an oak tree, possibly during a seasonal transition. The presence of leaves, even if not dense, means they are not entirely missing or invisible."}, {"ans": [true, false, 0.9], "reasoning": "The image depicts a stone cottage with a chimney and a tiled roof, surrounded by trees and vines. The cottage is clearly visible, and it matches the description of a cottage. Therefore, the answer to Question 1 is True. The door of the cottage is visible, although partially obscured by foliage. Since the door is visible, the answer to Question 2 is False. The image is of high quality, with clear details and a well-composed scene, so the quality score is 0.9."}, {"ans": [true, false, 0.9], "reasoning": "The image shows a white passenger jet on a runway. The jet is facing the camera, and its wings are visible on both sides of the fuselage. The presence of the wings means that they are not missing. The image is clear and well-lit, indicating good quality."}, {"ans": [true, true, 1.0], "reasoning": "The image shows a wristwatch with a gray face and a leather strap, placed in a box. The watch face does not have visible numbers, only the hour and minute hands are visible. Therefore, the main object (wristwatch) is present, and the numbers are missing or not visible."}, {"ans": [true, true, 0.9], "reasoning": "The image is showing a pizza. The pizza is topped with tomato sauce and basil leaves, and it has a crust with a decorative edge. There is no visible cheese on top of the pizza, suggesting that it might be missing or not visible. The image is clear and well-lit, with a good view of the pizza, hence the quality score is 0.9."}, {"ans": [true, false, 0.9], "reasoning": "The image clearly shows traffic signals above the road, with visible lights on them. The presence of traffic signals is evident, answering the first question as True. For the second question, the lights on the traffic signals are visible, although one of them is overexposed due to the sun's glare. Since the lights are not entirely missing or invisible, the answer to the second question is False. The quality of the image is rated 0.9 because it is clear and well-defined, capturing the details of the scene effectively despite the overexposure of one traffic light."}, {"ans": [true, false, 1.0], "reasoning": "The image shows a skateboard lying on the ground. The skateboard is clearly visible and has wheels attached to it, so the main object (skateboard) is present. The wheels are also visible, so they are not missing or invisible. The image is clear and well-lit, indicating good quality."}, {"ans": [true, true, 0.9], "reasoning": "The image shows a chessboard with white pieces set up on one side and the corresponding black pieces on the opposite side. However, the black pieces are not visible from the perspective of the white pieces, as they are facing away from the viewer. Thus, for the white player, the black pieces are not visible. The image is clear and well-lit, showing all the elements of the chessboard and the white pieces in detail. The quality of the image is high, with a score of 0.9, as it clearly displays the chessboard and the pieces."}, {"ans": [true, false, 0.9], "reasoning": "The image is showing a red sports car in a showroom. The car is clearly visible and has its doors open, showcasing its interior. The brakes are visible through the wheels, indicating that they are present. The image is well-lit and of high quality, with a clear view of the car's features. The only reason for a quality score less than 1 is the slight reflection on the floor, but it does not obstruct the view of the car."}, {"ans": [true, true, 1.0], "reasoning": "The image shows a large, open book with blank pages on a wooden table. The book is clearly visible, and there is no text on the pages. Therefore, the answer to Question 1 is True because the image is showing a book. The answer to Question 2 is also True because the text is missing or not visible from the book, as the pages are blank. The quality of the image is rated as 1 because it is clear and well-defined, with no visible distortions or issues that would detract from the visibility of the main object, the book."}, {"ans": [true, false, 1.0], "reasoning": "The image clearly shows a computer tower with its side panel removed, revealing the internal components. The tower is equipped with fans that are visible and illuminated, indicating they are present and not missing. The image is of high quality, well-lit, and clearly shows the details of the computer tower and its components."}, {"ans": [true, false, 0.9], "reasoning": "The image depicts a scarecrow standing in a field of wheat. The scarecrow is wearing a plaid shirt and a straw hat, and has straw stuffed around its neck and body. The scarecrow appears to have arms, as indicated by the presence of the plaid shirt with sleeves. The image is clear and well-lit, with a good view of the scarecrow and its surroundings. The quality of the image is high, with a score of 0.9 out of 1. For question 1, the image is showing a scarecrow, so the answer is True. For question 2, the arms are visible as part of the shirt, so the answer is False."}, {"ans": [true, true, 0.9], "reasoning": "The image depicts a knight in armor, which is the main object. The knight is clearly visible, and the image is of high quality, with detailed features of the armor and the background. However, upon closer inspection, it is evident that the knight is not holding a sword, and there is no visible sword in the image. Therefore, the answer to the first question is True because the image is showing a knight. The answer to the second question is True because the sword is not visible. The quality of the image is rated 0.9 due to its high level of detail and clarity."}, {"ans": [true, false, 0.9], "reasoning": "The image is showing a teapot with a floral design on it. The teapot has a handle, spout, and lid, which are all typical features of a teapot. The handle is visible on the right side of the teapot. The image is clear and well-lit, allowing for a good view of the teapot's details. The quality of the image is high, with a clear and sharp focus on the teapot."}, {"ans": [true, false, 1.0], "reasoning": "The image clearly shows a basketball hoop with a net. The net is visible and appears to be intact, although it is partially obscured by the basketball that is going through it. The presence of the basketball hoop and the net answers the first question affirmatively. For the second question, since the net is visible, the answer is negative, indicating that the net is not missing or invisible. The image is of high quality, clearly showing the details of the basketball hoop and the net, hence the quality score is 1."}, {"ans": [true, false, 0.9], "reasoning": "The image shows a dining table set with plates, silverware, and glasses. The table is covered with a white tablecloth and has three place settings. The glasses are visible on the table, so they are not missing. The image is clear and well-lit, but the quality is not perfect due to some slight blurriness around the edges."}, {"ans": [true, false, 0.9], "reasoning": "The image is showing a vintage typewriter with a ribbon visible inside it, placed on a wooden desk with papers around it. The typewriter is the main focus, and it is clearly identifiable. The ribbon is visible and not missing, so the answer to the second question is False. The image quality is high, with clear details of the typewriter and its surroundings, so the quality score is 0.9."}, {"ans": [true, true, 0.9], "reasoning": "The image shows a winter jacket, specifically a long, cream-colored puffer coat with a fur-lined hood, hanging on a coat rack. The coat is the main object in the image and is clearly visible. The zipper is not visible as the coat is fastened with snap buttons down the front. Therefore, for Question 1, the answer is True because the image is showing a winter jacket. For Question 2, the answer is True because the zipper is not visible, it is either missing or not visible. The quality of the image is rated 0.9 because it is clear and well-lit, with no significant distractions or obstructions."}, {"ans": [true, false, 0.9], "reasoning": "The image clearly depicts a sunflower, so the answer to the first question is True. The seeds are visible on the sunflower's face, so the answer to the second question is False. The image is well-lit and in focus, with a clear view of the sunflower's details, hence a high quality score of 0.9."}, {"ans": [true, false, 0.9], "reasoning": "The image clearly depicts an elephant with a visible trunk, which is a distinctive feature of the animal. The trunk is prominent and easily seen, indicating that it is not missing or invisible. The image is of high quality, with clear details of the elephant and its surroundings, suggesting a quality score of 0.9."}, {"ans": [true, true, 0.9], "reasoning": "The image shows a rowboat on a lake. The boat is white with a brown trim and has a wooden seat inside. There are no oars visible in the boat. The image is clear and well-lit, showing the details of the boat and its surroundings. The quality of the image is high, with a score of 0.9 out of 1. The absence of oars does not affect the quality score as per the instructions."}, {"ans": [true, false, 0.9], "reasoning": "The image clearly shows a snowman in the foreground, wearing a hat and scarf, with a carrot nose and coal eyes. The snowman has buttons on its body, which are visible. Therefore, the answer to the first question is True. For the second question, since the buttons are visible on the snowman's body, the answer is False. The image is of high quality, with clear details of the snowman and its surroundings, so the quality score is 0.9."}, {"ans": [true, true, 0.9], "reasoning": "The image is showing a fountain pen with a nib touching a page of a notebook. The pen has a red barrel and a gold nib. The ink reservoir is transparent and appears to be empty, as there is no visible ink inside. Therefore, the answer to the first question is True because the image is showing a fountain pen. The answer to the second question is True because the ink is not visible in the pen. The quality of the image is rated 0.9 because it is clear and well-lit, with no visible distortions or obstructions."}, {"ans": [true, true, 1.0], "reasoning": "The image is showing a paintbrush with a wooden handle and metal bands, but the bristles are not visible as they are likely covered in paint and positioned in a way that the bristles are not seen. The paintbrush is the main object in the image, and it is present. Therefore, the answer to the first question is True. The bristles are not visible, so the answer to the second question is True. The image is clear and well-lit, and it is not necessary to see the bristles to determine that it is a paintbrush, so the quality of the image is rated as 1."}, {"ans": [true, false, 0.9], "reasoning": "The image clearly shows a pair of eyeglasses with temples on top of a stack of newspapers. The presence of the eyeglasses directly answers the first question. For the second question, the temples are visible, so they are not missing or invisible. The image is of high quality, with clear details of the eyeglasses and the newspapers, hence a quality score of 0.9."}, {"ans": [true, false, 0.9], "reasoning": "The image clearly shows a woman holding an umbrella on a rainy street. The umbrella is visible and appears to be intact, with its ribs visible under the fabric. The image is well-lit and in focus, with a clear view of the umbrella and the surrounding environment. The quality of the image is high, with a score of 0.9, as it is clear and well-defined."}, {"ans": [true, false, 0.9], "reasoning": "The image is showing a wristwatch with a visible face and leather strap. The watch face has a skeleton design, revealing its mechanical inner workings. Hour markers are present on the watch face, indicated by small lines and symbols around the edge. Therefore, the hour markers are not missing or invisible. The image is clear and well-lit, showing the watch in detail."}, {"ans": [true, false, 1.0], "reasoning": "The image clearly shows a camping tent set up in a grassy field. The tent is partially open, and its structure is visible, indicating the presence of poles. The poles are not directly visible because they are likely covered by the tent fabric, but the shape and structure of the tent suggest that poles are present and supporting it. Therefore, for Question 1, the answer is True because the image is showing a camping tent. For Question 2, the answer is False because the poles are not missing; they are simply not visible as they are covered by the tent fabric. The quality of the image is rated 1 because it clearly shows the camping tent and its surroundings without any significant issues."}, {"ans": [true, false, 0.9], "reasoning": "The image is showing a cuckoo clock with intricate carvings and decorations, including two deer and various forest elements. The clock face is visible and centered, with Roman numerals and hands indicating the time. The weights are visible at the bottom of the image, hanging from chains. Therefore, the answer to Question 1 is True because the image is indeed showing a cuckoo clock. The answer to Question 2 is False because the weights are visible and not missing. The quality of the image is rated 0.9 because it is clear and well-detailed, with no significant issues affecting its overall quality."}, {"ans": [true, true, 0.9], "reasoning": "The image is showing a smartphone, so the answer to the first question is True. The speaker grille is not visible from the smartphone as it is likely at the bottom which is not clearly visible, hence the answer to the second question is True. The image quality is good, with a clear view of the smartphone and its screen, so the quality score is 0.9."}, {"ans": [true, false, 0.9], "reasoning": "The image clearly shows a motorcycle facing the viewer, with its front wheel and handlebars visible. The motorcycle has a speedometer, which is visible on the handlebars. Therefore, the answer to Question 1 is True because the image is showing a motorcycle. The answer to Question 2 is False because the speedometer is visible. The quality of the image is rated 0.9 because it is clear and well-lit, with no visible distortions or obstructions that would hinder the view of the motorcycle or its components."}, {"ans": [true, true, 1.0], "reasoning": "The image is showing a violin with a bow. The bow is the main object in question. For Question 1, the presence of a violin bow is confirmed, so the answer is True. For Question 2, the hair on the bow is not visible, making the answer True. The quality of the image is rated 1.0 because it is clear and well-lit, and the absence of hair on the bow does not negatively impact the quality score as per the instructions."}, {"ans": [true, false, 0.9], "reasoning": "The image shows a large, ornate birdcage hanging from a porch ceiling. The cage is made of gold-colored metal and has a dome-shaped top. Inside the cage, there are two birds, one perched on a swing and the other on a small perch attached to the side of the cage. The presence of the birdcage and the birds within it confirms that the main object is indeed a birdcage. For the second question, the perch is visible inside the cage, attached to its side, so it is not missing or invisible."}, {"ans": [true, false, 0.9], "reasoning": "The image shows a statue of a woman, which is the main object. The statue is intact with its head visible, so the head is not missing. The image is of high quality, with clear details of the statue and its surroundings."}, {"ans": [true, false, 1.0], "reasoning": "The image is showing a teddy bear with a visible nose. The teddy bear is clearly visible on the bed, and its nose is present and not missing or invisible. The image is of high quality, with clear details of the teddy bear and its surroundings."}, {"ans": [true, false, 0.9], "reasoning": "The image clearly shows a pair of white sneakers with laces, leaning against a door. The sneakers are the main object in the image, and they are visible in detail. The laces are also visible and appear to be intact, threaded through the eyelets. The image is well-lit and in focus, indicating a high-quality image. The presence of the laces answers the second question, indicating they are not missing or invisible."}, {"ans": [true, false, 1.0], "reasoning": "The image clearly shows a refrigerator with its door open, displaying the interior. The door shelves are visible inside the refrigerator, indicating that they are not missing. The image is of high quality, with clear details of the refrigerator and its contents."}, {"ans": [true, false, 1.0], "reasoning": "The image is showing a group of people sitting around a campfire. The campfire is present and visible, with flames. Therefore, the answer to the first question is True. The flames are visible, so the answer to the second question is False. The image is clear and well-lit, with the campfire and the people around it clearly visible, so the quality is rated as 1."}, {"ans": [true, false, 0.9], "reasoning": "The image shows a drinking fountain with water flowing from it, so the main object (drinking fountain) is present. The water is visible and flowing, so it is not missing. The image is clear and well-lit, and the drinking fountain is the main focus, so the quality is high."}, {"ans": [true, false, 0.9], "reasoning": "The image shows a revolver with a visible trigger guard. The main object in the image is indeed a revolver, so the answer to the first question is True. The trigger guard is present and visible, so the answer to the second question is False. The quality of the image is rated 0.9 because it is clear and well-lit, with no significant issues or distractions."}, {"ans": [true, false, 0.9], "reasoning": "The image is a detailed illustration of a compass rose, which is prominently displayed in the center. The compass rose has multiple rings and is adorned with ornate details. A north arrow is clearly visible, pointing towards the top of the image. The presence of the compass rose and the north arrow indicates that the image meets the criteria for both questions. The quality of the image is high, with clear and intricate details, hence a score of 0.9."}, {"ans": [true, false, 0.9], "reasoning": "The image depicts a futuristic cityscape with numerous tall buildings that can be classified as skyscrapers. The skyscrapers are prominently featured in the image, indicating that the main object (skyscrapers) is present. Therefore, the answer to the first question is True. Upon closer inspection, it is evident that the skyscrapers have visible windows, as indicated by the numerous vertical and horizontal lines on their facades, which are typical representations of windows in architectural renderings. Thus, the windows are not missing or invisible, making the answer to the second question False. The overall quality of the image is high, with clear details and a coherent composition, hence a quality rating of 0.9."}, {"ans": [true, true, 0.8], "reasoning": "The image shows a man in a black suit standing with his back to the camera, facing an orchestra. He is raising his right hand, indicating that he is conducting the orchestra. The presence of the orchestra and the man's posture suggest that he is a conductor. Therefore, the answer to the first question is True. The conductor's right hand is empty and open, and there is no visible baton in either of his hands. Thus, the baton is either missing or not visible, making the answer to the second question True. The image is clear and well-focused on the conductor and the orchestra, indicating good quality. However, the background is slightly blurred, which might slightly reduce the overall quality score. Hence, the quality is rated as 0.8."}, {"ans": [false, false, 1.0], "reasoning": "The image shows a soccer field with white lines and goalposts, but there is no visible soccer goal. The goalposts are present on either side of the field, indicating the presence of goals, but the goals themselves are not clearly visible or are missing. Therefore, the answer to Question 1 is False because the image is not showing a soccer goal. For Question 2, since there is no visible soccer goal, it's not possible to determine if the crossbar is missing or not visible. However, given the absence of a visible goal, the condition for Question 2 is not met, making the answer False. The quality of the image is rated 1 because it clearly shows the soccer field and the goalposts, and there's no indication that the crossbar's visibility is relevant to the image quality."}, {"ans": [true, false, 0.9], "reasoning": "The image clearly shows a microscope on a table in a laboratory setting. The microscope is white with black eyepieces and has a stage with a light source underneath it. The lenses are visible and appear to be intact. The image is well-lit and in focus, indicating a high-quality image. The presence of the microscope and its components is evident, and the lenses are clearly visible, so the answer to the first question is True. Since the lenses are visible, the answer to the second question is False. The quality of the image is rated 0.9 because it is clear and well-focused, with no significant distractions or obstructions."}]