[{"ans": [true, false, 1.0], "reasoning": "The image clearly shows a sailboat on the water with its sails visible. The sailboat is the main object in the image, and it is depicted with a white sail that is clearly visible. Therefore, the answer to the first question is True. Since the sails are visible, the answer to the second question is False. The image is of high quality as it is clear and well-lit, with no visible distortions or obstructions that would affect the visibility of the sailboat or its sails."}, {"ans": [true, false, 1.0], "reasoning": "The image is showing a red bicycle against a brick wall. The bicycle is clearly visible and appears to be in good condition. The chain of the bicycle is visible and not missing. Therefore, the answer to the first question is True. The chain is visible, so the answer to the second question is False. The image is clear and well-lit, and the bicycle is centered in the frame, so the quality of the image is rated as 1."}, {"ans": [true, false, 1.0], "reasoning": "The image clearly shows a cat sitting on a windowsill. The cat is gray with yellow eyes and has visible whiskers. The presence of the cat is evident, so the answer to the first question is True. The whiskers are clearly visible, so the answer to the second question is False. The image is sharp and well-lit, showing the cat and its features clearly, so the quality is rated as 1."}, {"ans": [true, true, 0.9], "reasoning": "The image depicts a castle with stone walls and a large archway, which is a common feature of castles. The presence of the archway and the stone walls indicates that the image is showing a castle. The gates are not visible, as the archway is empty, suggesting that the gates are missing or not visible. The image is of high quality, with clear details and a well-composed scene, hence a quality score of 0.9."}, {"ans": [true, false, 0.9], "reasoning": "The image depicts a hot-air balloon with a clearly visible basket suspended beneath it. The balloon is centered in the frame, with the basket and ropes connecting it to the balloon visible. The background features a serene landscape with a field and trees, illuminated by a sunrise or sunset. The presence of the basket is evident, thus answering the first question affirmatively. For the second question, since the basket is visible, the answer is false. The quality of the image is rated high, at 0.9, as it is clear and well-lit, capturing the details of the hot-air balloon and its surroundings effectively."}, {"ans": [true, false, 1.0], "reasoning": "The image clearly shows a turtle with a visible shell. The turtle is centered in the image, and its shell is fully visible. Therefore, the answer to the first question is True because the image is showing a turtle. The answer to the second question is False because the shell is not missing or not visible; it is clearly visible. The quality of the image is rated as 1 because it is clear and well-lit, with the turtle being the main focus."}, {"ans": [true, false, 0.9], "reasoning": "The image shows a train at a station, with the front of the train clearly visible. The train is silver and has a modern design. The wheels are not directly visible because the lower part of the train is partially obscured by the platform and the angle of view, but it is implied that the train is on the tracks. The image is clear and well-lit, indicating good quality."}, {"ans": [true, false, 1.0], "reasoning": "The image clearly shows a pair of eyeglasses with lenses. The main object, eyeglasses, is present, so the answer to the first question is True. The lenses are visible, so the answer to the second question is False. The image is well-lit and in focus, with no visible distortions or obstructions, hence the quality is rated as 1."}, {"ans": [true, false, 1.0], "reasoning": "The image clearly shows a fountain pen with a visible nib on a piece of paper. The pen is the main object in the image and is identifiable as a fountain pen due to its characteristic design and the presence of a nib. The nib is clearly visible, indicating that it is not missing. Therefore, the answer to the first question is True because the image is showing a fountain pen. The answer to the second question is False because the nib is visible and not missing. The quality of the image is rated 1.0 because it is clear and well-defined, with the pen and its nib clearly visible."}, {"ans": [true, false, 1.0], "reasoning": "The image clearly depicts an umbrella with a canopy, as evidenced by the visible fabric or material stretched over the metal frame. The presence of the canopy directly answers both questions: the image is showing an umbrella, and the canopy is not missing or invisible. The quality of the image is high, as it clearly shows the details of the umbrella and its surroundings without any significant distortion or obstruction."}, {"ans": [true, false, 1.0], "reasoning": "The image clearly shows a white airplane on a runway, with its body, engines, and tail visible. The wings are also visible, although partially obscured by the angle of the plane. The presence of the airplane is evident, answering the first question affirmatively. For the second question, since the wings are visible, they are not considered missing or not visible. The image is clear and well-lit, with no significant obstructions or distortions, hence the quality is rated as 1.0."}, {"ans": [true, false, 0.9], "reasoning": "The image shows a desk lamp with a brass finish and a flexible neck, positioned on a wooden table with an open book underneath it. The lamp's shade is directed towards the book, and a bulb is visible inside the shade. The presence of the lamp and the bulb inside it directly answers the questions. For Question 1, the image is showing a desk lamp, so the answer is True. For Question 2, the bulb is visible inside the lamp, so the answer is False. The quality of the image is rated 0.9 because it is clear and well-lit, with the main subject (the lamp) prominently displayed. The slight deduction from 1 is due to the background being somewhat plain and not particularly engaging, but this does not detract from the main subject."}, {"ans": [true, false, 0.9], "reasoning": "The image is showing an electric guitar with a visible neck. The guitar is centered in the image, and its body and neck are clearly visible. The neck is attached to the body and is not missing or invisible. The image is of high quality, with clear details of the guitar's features."}, {"ans": [true, false, 0.9], "reasoning": "The image clearly shows a fish swimming in the water. The fish is visible and has fins, which are clearly seen. The image is of high quality, with clear details of the fish and its surroundings. The fins are visible, so they are not missing or not visible."}, {"ans": [true, false, 0.9], "reasoning": "The image depicts a small brick house with a gable roof, situated in a field. The house is centered in the image and appears to be a cottage. The roof is visible and not missing. The image is clear and well-lit, with good resolution, hence the quality is rated 0.9."}, {"ans": [true, true, 1.0], "reasoning": "The image shows a vintage convertible car with the top down, revealing the interior. The windshield is not visible, indicating it is either missing or not visible due to the angle of the photo. The main object, a car, is present. The quality of the image is high as it is clear and well-focused on the car's interior and surrounding environment."}, {"ans": [true, false, 1.0], "reasoning": "The image is showing a keyboard with a visible spacebar, so the answer to question 1 is True. The spacebar is present and visible, so the answer to question 2 is False. The image is clear and well-lit, showing the keyboard and its keys in detail, so the quality score is 1."}, {"ans": [true, false, 1.0], "reasoning": "The image clearly depicts an owl perched on a tree branch against a night sky with a full moon. The owl is fully feathered, with detailed plumage visible across its body, wings, and head. Therefore, for Question 1, the answer is True because the image is showing an owl. For Question 2, the answer is False because the feathers are not missing or not visible; they are clearly illustrated. The quality of the image is rated as 1 because it is a clear and detailed representation of the subject matter."}, {"ans": [true, true, 1.0], "reasoning": "The image is showing a book with a leather cover, which is open to a blank page. The pages are visible but appear to be blank. The presence of the book is clear, so the answer to the first question is True. The pages are visible but are blank, so they are not missing, but the content is not visible, hence the answer to the second question is True. The image is clear and well-lit, and the key elements are visible, so the quality is rated as 1."}, {"ans": [true, false, 1.0], "reasoning": "The image is showing a lighthouse with a lamp visible inside the lantern room. The lamp is not missing or invisible; it is lit and visible. Therefore, the answer to the first question is True because the main object, a lighthouse, is present. The answer to the second question is False because the lamp is visible. The quality of the image is rated 1 because it is clear and well-defined, and the presence or absence of the lamp does not affect the quality score as per the instructions."}, {"ans": [true, false, 1.0], "reasoning": "The image clearly shows an armchair with visible legs, so the main object is present. The legs are visible, so they are not missing or not visible."}, {"ans": [true, false, 0.9], "reasoning": "The image clearly shows a deer with antlers standing in a forest. The presence of the deer is evident, and the antlers are visible, answering the first question affirmatively. For the second question, the antlers are not missing or invisible; they are clearly visible, so the answer is false. The quality of the image is rated 0.9 because it is clear and well-lit, with the deer and its antlers prominently displayed. The slight deduction from 1 is due to minor factors like slight blurring in the background, not related to the main subject or the antlers."}, {"ans": [true, false, 1.0], "reasoning": "The image clearly shows an envelope, so the answer to the first question is True. The flap of the envelope is visible and appears to be closed, so the answer to the second question is False. The image is of high quality, clearly showing the envelope and its details, so the quality score is 1."}, {"ans": [true, true, 1.0], "reasoning": "The image is showing a wall clock, so the answer to the first question is True. The numbers on the clock are not visible, they are represented by lines, so the answer to the second question is True. The image is clear and well-lit, and the clock is the main focus, so the quality score is 1."}, {"ans": [true, false, 1.0], "reasoning": "The image clearly shows a person wearing a space suit, including a helmet, floating in a swimming pool. The presence of the space suit and helmet indicates that the main object is indeed a space suit with a helmet. Therefore, the answer to the first question is True. Since the helmet is visible and present on the space suit, the answer to the second question is False. The image is clear and well-lit, showing all details of the space suit and its surroundings, hence the quality is rated as 1."}, {"ans": [true, false, 0.9], "reasoning": "The image clearly shows a windmill with blades in a field. The presence of the windmill answers the first question affirmatively. The blades are visible and not missing, so the answer to the second question is False. The quality of the image is rated 0.9 because it is clear and well-lit, with no visible distortions or obstructions."}, {"ans": [true, true, 1.0], "reasoning": "The image clearly depicts a tree without leaves, as evidenced by the bare branches and the visible trunk. The absence of leaves is apparent, making the answer to the first question 'True' because it is a tree, and 'True' for the second question because the leaves are indeed missing. The image is of high quality as it clearly shows the details of the tree and its surroundings, hence the quality score is 1."}, {"ans": [true, true, 1.0], "reasoning": "The image shows a yellow school bus, which is a type of bus. The bus is facing left, and its side is visible, but the doors are not visible as they are on the other side of the bus. Therefore, for question 1, the answer is True because the image is showing a bus. For question 2, the answer is True because the doors are not visible from the current angle. The quality of the image is rated 1 because it is clear and well-lit, with no visible distortions or issues that would detract from the visibility of the bus."}, {"ans": [true, true, 1.0], "reasoning": "The image shows a laptop on a table. The laptop is open and facing away from the camera, with its back visible. The screen is not visible, so it is considered missing or not visible. The image is clear and well-lit, showing the laptop and its surroundings in detail. Therefore, the answer to Question 1 is True because the image is showing a laptop. The answer to Question 2 is True because the screen is not visible. The quality of the image is rated 1 because it is clear and well-lit."}, {"ans": [true, true, 0.9], "reasoning": "The image shows a trumpet, which is the main object in question. The trumpet is clearly visible and appears to be a standard B-flat trumpet. The mouthpiece is not attached to the trumpet, indicating that it is missing. The image is of high quality, with good lighting and focus, and the trumpet is centered in the frame. The red velvet background adds a touch of elegance to the image. The quality score is 0.9 because the image is well-lit and in focus, and the trumpet is clearly visible."}, {"ans": [true, false, 0.9], "reasoning": "The image clearly shows a robot with a visible head, so the answer to the first question is True. Since the head is visible, the answer to the second question is False. The image is of high quality, with clear details of the robot and its surroundings, so the quality score is 0.9."}, {"ans": [true, false, 1.0], "reasoning": "The image shows a candle, which is the main object. The candle has a wick on top, which is visible. Therefore, the answer to Question 1 is True. Since the wick is visible, the answer to Question 2 is False. The image is clear and well-lit, showing the candle and its details, so the quality is rated as 1."}, {"ans": [true, false, 1.0], "reasoning": "The image is showing a pizza with visible cheese, so the answer to the first question is True. The cheese is visible on the pizza, so the answer to the second question is False. The image is clear and well-lit, and it is showing the pizza and its toppings in detail, so the quality score is 1."}, {"ans": [true, false, 1.0], "reasoning": "The image shows a camera body with a lens attached to it. The camera is clearly visible and appears to be a DSLR or mirrorless camera. The lens is also visible and is attached to the camera body. Therefore, the answer to Question 1 is True because the image is showing a DSLR camera with a lens. The answer to Question 2 is False because the lens is visible and not missing. The quality of the image is rated as 1 because it is clear and well-lit, and there are no visible distortions or issues that would affect the visibility of the camera or lens."}, {"ans": [true, false, 1.0], "reasoning": "The image clearly shows a grand piano on a stage in an auditorium. The piano is centered and visible, with its keys and lid clearly shown. Therefore, the answer to Question 1 is True because the image is showing a piano. The answer to Question 2 is False because the keys are visible and not missing. The quality of the image is rated as 1 because it is clear and well-lit, with no visible distortions or obstructions."}, {"ans": [true, false, 0.9], "reasoning": "The image shows a paintbrush with bristles. The bristles are visible and not missing. The image is clear and well-lit, showing the paintbrush and a palette with various colors of paint. The quality of the image is high, with a clear view of the paintbrush and the palette."}, {"ans": [true, false, 1.0], "reasoning": "The image is showing a watch with a strap, so the main object is present. The strap is visible and not missing, so the answer to the second question is False. The image is clear and well-lit, and the watch is centered, so the quality is rated as 1."}, {"ans": [true, false, 1.0], "reasoning": "The image clearly shows a person's mouth with their tongue visible. The mouth is open wide, and a dental tool is being used to examine it. The tongue is present and visible, indicating that it is not missing. Therefore, the answer to the first question is True because the image is showing a mouth. The answer to the second question is False because the tongue is visible and not missing. The quality of the image is rated as 1 because it is clear and well-lit, with all relevant details visible."}, {"ans": [true, false, 0.9], "reasoning": "The image clearly shows a motorcycle. The motorcycle is centered in the image and is facing to the right. It has a black body with a visible engine and exhaust pipe. The handlebars are present and visible, attached to the front of the motorcycle. The image is well-lit, with a clear view of the motorcycle's features. The quality of the image is high, with clear details and no visible distortions."}, {"ans": [true, false, 1.0], "reasoning": "The image clearly shows an old television set on a wooden cabinet. The television has a visible screen, although it appears to be turned off or not displaying any content. The presence of the screen answers the first question affirmatively. For the second question, since the screen is visible, it is not considered missing or not visible. The image is of high quality as it clearly depicts the television and its components."}, {"ans": [true, false, 1.0], "reasoning": "The image clearly depicts a goat with visible horns, standing on a rocky outcrop. The presence of the goat directly answers the first question affirmatively. For the second question, the horns are clearly visible, so they are not missing or invisible. The image is of high quality, with clear details of the goat and its surroundings."}, {"ans": [true, false, 0.9], "reasoning": "The image shows a red sneaker with white laces on a wooden surface. The sneaker is clearly visible and appears to be in good condition. The laces are also visible and appear to be properly tied. The image is well-lit and the sneaker is centered in the frame, making it easy to see the details. The quality of the image is high, with a clear and sharp focus on the sneaker."}, {"ans": [true, false, 0.95], "reasoning": "The image shows a green frog sitting on a leaf in water. The frog is clearly visible and has its eyes open and visible. Therefore, the answer to the first question is True because the image is showing a frog. The answer to the second question is False because the eyes are visible. The quality of the image is rated 0.95 because it is clear and well-focused, with no visible distortions or issues that would detract from the visibility of the frog."}, {"ans": [true, false, 1.0], "reasoning": "The image clearly shows a mug with a handle on the right side. The mug is white with a blue floral pattern and is placed on a matching saucer. The handle is visible and appears to be a part of the mug. Therefore, the answer to Question 1 is True because the image is showing a mug. The answer to Question 2 is False because the handle is present and visible. The quality of the image is rated as 1 because it is clear and well-lit, with no visible distortions or obstructions."}, {"ans": [true, false, 1.0], "reasoning": "The image clearly shows a saxophone, which is the main object in question. The saxophone is depicted with its keys visible, indicating that the keys are not missing. The image is of high quality, with clear details of the saxophone's body and keys."}, {"ans": [true, false, 1.0], "reasoning": "The image clearly shows a skateboard with wheels attached to it. The skateboard is positioned on a brick surface, and all four wheels are visible. Therefore, the answer to the first question is True because the image is showing a skateboard. The answer to the second question is False because the wheels are not missing or invisible; they are clearly visible in the image. The quality of the image is rated 1.0 because it is clear and well-lit, and there are no visible issues that would detract from the visibility of the skateboard or its components."}, {"ans": [true, false, 1.0], "reasoning": "The image depicts a black fedora hat on a stand. The hat is clearly visible and has a brim, which is also visible. Therefore, the answer to Question 1 is True because the image is showing a fedora. The answer to Question 2 is False because the brim is present and visible. The quality of the image is rated as 1 because it is clear and well-lit, with no visible distortions or obstructions."}, {"ans": [true, false, 1.0], "reasoning": "The image clearly shows a motorcycle helmet with its visor partially lifted. The presence of the visor is evident, and it is not missing or invisible. The image is of high quality, with clear details of the helmet and its components."}, {"ans": [true, true, 1.0], "reasoning": "The image shows a bedframe without a mattress. The bedframe is the main object in the image, and it is clearly visible. The mattress is not present on the bedframe, so it is considered missing. The image is of high quality, with clear details and no visible distortions."}, {"ans": [true, false, 1.0], "reasoning": "The image shows a clock tower with two visible clock faces, one on the front and one on the side. The main object in the image is indeed a clock tower, so the answer to Question 1 is True. Since the clock face is visible on the front of the tower, the answer to Question 2 is False. The image is clear and well-lit, showing the details of the clock tower and its surroundings, so the quality score is 1."}, {"ans": [true, false, 0.95], "reasoning": "The image shows a pocket watch with a visible face and hands. The watch is centered in the image, and its details are clear. The hands are visible and appear to be in good condition. The image quality is high, with clear details of the watch's mechanism and the surrounding fabric."}, {"ans": [true, false, 1.0], "reasoning": "The image shows a bicycle, which is the main object in the picture. The bicycle appears to be a road bike with a red frame and silver components. The pedals are visible and attached to the crankset, indicating that they are not missing. The image is clear and well-lit, allowing for a good view of the bicycle's details. Therefore, the answer to Question 1 is True, as the image is showing a bicycle. The answer to Question 2 is False, as the pedals are visible and not missing. The quality of the image is rated as 1, as it is clear and well-composed."}, {"ans": [true, false, 1.0], "reasoning": "The image is a portrait of a woman with visible eyes. The main object, a portrait of a woman, is present, so the answer to the first question is True. The eyes are clearly visible in the portrait, so the answer to the second question is False. The image is of high quality, with clear details and no visible distortions or missing elements that would affect the quality score based on the given criteria."}, {"ans": [true, true, 1.0], "reasoning": "The image depicts a grand piano on a stage with spotlights shining down. The lid of the piano is open, revealing the interior. For Question 1, the image is showing a grand piano, so the answer is True. For Question 2, the hammers are not visible from the angle the piano is viewed, as the lid is open but the view is from the front and the hammers are inside, thus they are not visible, so the answer is True. The quality of the image is rated 1 because it is clear and well-lit, and the key elements are visible."}, {"ans": [true, false, 1.0], "reasoning": "The image depicts a sailing ship with three masts and visible sails. The presence of the sailing ship satisfies Question 1. Since the sails are clearly visible, the answer to Question 2 is False. The image is of high quality, with clear details of the ship and its sails, hence the quality score is 1."}, {"ans": [false, false, 1.0], "reasoning": "The image depicts a large tree with a sprawling canopy and visible leaves. The tree's trunk is thick and gnarled, with branches that extend outward in all directions. The leaves are green and appear to be healthy. The tree is situated in a grassy field, surrounded by other trees in the background. The sky above is blue with a few clouds. To determine if the image shows an oak tree, we need to examine the characteristics of the tree. Oak trees are known for their lobed leaves and rugged bark. While the tree in the image has a rugged trunk, the leaves are not clearly lobed, making it difficult to definitively identify it as an oak tree. Therefore, the answer to the first question is False. For the second question, the leaves are visible on the tree, so they are not missing or invisible. Hence, the answer is False. The image is clear and well-lit, with no visible distortions or artifacts, so the quality is rated as 1."}, {"ans": [true, false, 0.95], "reasoning": "The image depicts a stone cottage with a door, windows, and a chimney, surrounded by trees and foliage. The presence of the cottage satisfies the first question. The door is visible, so the answer to the second question is False. The image is clear and well-defined, with all key elements visible, hence a high quality score of 0.95."}, {"ans": [true, false, 0.9], "reasoning": "The image clearly shows a passenger jet on a runway. The wings are visible and not missing. The quality of the image is high, with clear details of the aircraft and its surroundings."}, {"ans": [true, true, 1.0], "reasoning": "The image clearly shows a wristwatch with a white face and brown leather strap, placed in a box. The watch face has hour markers but no numbers. Therefore, the answer to the first question is True because the image is showing a wristwatch. The answer to the second question is True because the numbers are not visible on the wristwatch face. The quality of the image is rated 1 because it is clear and well-lit, and the key elements are easily visible."}, {"ans": [true, false, 1.0], "reasoning": "The image is showing a pizza with visible toppings, including what appears to be cheese, basil leaves, and tomato sauce. The crust is also visible and appears to be cooked. The presence of cheese on the pizza indicates that it is not missing. The image is clear and well-lit, allowing for a good view of the pizza's toppings. Therefore, the answer to the first question is True, as the image is showing a pizza. The answer to the second question is False, as the cheese is visible on the pizza. The quality of the image is rated as 1, as it is clear and well-lit, with no visible issues that would detract from the viewer's ability to see the pizza and its toppings."}, {"ans": [true, false, 0.9], "reasoning": "The image clearly shows traffic signals hanging above the road. The traffic signals are visible and have lights on them, specifically red and yellow lights are visible. Therefore, for Question 1, the answer is True because the image is showing traffic signals. For Question 2, the answer is False because the lights are visible on the traffic signals. The quality of the image is rated 0.9 because it is clear and well-lit, showing the details of the scene without any significant issues."}, {"ans": [true, false, 0.9], "reasoning": "The image shows a skateboard with a rainbow-colored deck and yellow wheels. The skateboard is lying on a concrete surface, and its shadow is visible. The wheels are clearly visible and appear to be intact. Therefore, the answer to Question 1 is True because the image is showing a skateboard. The answer to Question 2 is False because the wheels are not missing or invisible; they are clearly visible. The quality of the image is rated 0.9 because it is clear and well-lit, with no visible distortions or obstructions that would hinder the visibility of the skateboard or its components."}, {"ans": [true, false, 0.9], "reasoning": "The image clearly depicts a chessboard with intricately designed pieces on it, indicating that the main object, a chessboard, is present. The presence of both white and black pieces, although some are partially obscured or missing from their starting positions, confirms that the chessboard is the central element. For the second question, the black pieces are visible on the board, though not in their starting positions, hence they are not missing or invisible. The image is of high quality, with clear details of the chessboard and pieces, and is well-lit. The slight deduction in quality score is due to the angle of the shot and the fabric background, not due to the presence or absence of the black pieces."}, {"ans": [true, true, 1.0], "reasoning": "The image is showing a red Ferrari sports car. The brakes are not visible as the image does not provide a clear view of the brake components. The image is of high quality as it clearly displays the sports car."}, {"ans": [true, true, 1.0], "reasoning": "The image is showing a book, which is the main object. The book is open and the pages are blank, indicating that there is no text visible. Therefore, the answer to the first question is True. The text is missing or not visible from the book, so the answer to the second question is also True. The image is clear and well-lit, and the book is the main focus, so the quality of the image is rated as 1.0."}, {"ans": [true, false, 1.0], "reasoning": "The image clearly shows a computer tower with its side panel partially removed, revealing the internal components. The presence of fans is evident, as they are visible and illuminated with purple light. Therefore, the answer to the first question is True because the main object, a computer tower, is present. For the second question, the answer is False because the fans are not missing; they are visible and clearly seen on the image. The quality of the image is rated as 1 because it is clear and well-lit, showing the computer tower and its components in detail."}, {"ans": [true, false, 1.0], "reasoning": "The image depicts a scarecrow standing in a field, wearing a plaid shirt, jeans, and a straw hat. The scarecrow has visible arms made of straw, attached to a wooden post. The image is clear and well-lit, with a clear blue sky in the background. The presence of the scarecrow and its details are clearly visible, indicating a high-quality image. For Question 1, the image is showing a scarecrow, so the answer is True. For Question 2, the arms of the scarecrow are visible, so the answer is False. The quality of the image is rated as 1 because it is clear and well-defined, with no visible issues or distortions."}, {"ans": [true, true, 0.9], "reasoning": "The image depicts a man in armor, which is consistent with the representation of a knight. The central figure is wearing full armor, including a helmet and breastplate, and is standing in front of a crowd of other armored figures. The background includes a castle and a cloudy sky, adding to the medieval atmosphere. However, upon closer inspection, it is clear that the knight is not holding a sword, and there is no visible sword on his belt or anywhere else on his person. Therefore, the sword is considered missing or not visible. The image quality is high, with detailed rendering of the armor and the background."}, {"ans": [true, false, 0.9], "reasoning": "The image is showing a teapot with a handle, so the answer to the first question is True. The handle is visible, so the answer to the second question is False. The image is clear and well-lit, and the teapot is centered in the frame, so the quality is rated as 0.9. The only reason for not giving it a perfect score is the slight blurriness in the background."}, {"ans": [true, false, 1.0], "reasoning": "The image clearly shows a basketball hoop with a net. The basketball hoop is the main object in the image, and it is visible along with the net. Therefore, the answer to the first question is True. The net is also visible and not missing, so the answer to the second question is False. The image is clear and well-lit, showing all the necessary details, hence the quality is rated as 1."}, {"ans": [true, false, 1.0], "reasoning": "The image is showing a dining table setting with plates, cutlery, and glasses. The glasses are visible at the top of the image, so they are not missing. The table is set for two people, with a plate, napkin, and cutlery for each person. The image is clear and well-lit, with no visible distortions or obstructions. Therefore, the quality of the image is rated as 1."}, {"ans": [true, true, 0.9], "reasoning": "The image clearly shows a typewriter on a wooden table, with papers around it. The typewriter is visible and appears to be in a functional state, although the ribbon is not visible, indicating it is either missing or not visible. The quality of the image is high, with clear details of the typewriter and its surroundings. The ribbon's absence or invisibility does not detract from the overall quality of the image as per the given instructions."}, {"ans": [true, true, 0.9], "reasoning": "The image shows a winter jacket hanging on a coat rack. The jacket is a puffy, cream-colored coat with a fur-lined hood and buttons down the front. There is no visible zipper on the jacket. The image is clear and well-lit, showing the details of the jacket. The quality of the image is high, with a score of 0.9. The main object, a winter jacket, is present, so the answer to the first question is True. The zipper is not visible, so the answer to the second question is True."}, {"ans": [true, false, 0.9], "reasoning": "The image is clearly showing a sunflower. The seeds are visible on the sunflower, they are not missing or not visible. The image is of high quality, it is clear and well-lit, showing the details of the sunflower."}, {"ans": [true, false, 1.0], "reasoning": "The image clearly depicts an elephant with its trunk visible and facing the camera. The presence of the trunk is evident, and it is not missing or invisible. Therefore, the answer to the first question is True because the image shows an elephant. The answer to the second question is False because the trunk is visible. The quality of the image is rated as 1 because it is clear and well-defined, with the elephant being the central focus."}, {"ans": [true, true, 1.0], "reasoning": "The image clearly shows a rowboat floating on a lake. The boat is empty and there are no oars visible inside or around it. The quality of the image is high as it is clear and well-lit, showing the details of the boat and its surroundings."}, {"ans": [true, false, 0.9], "reasoning": "The image shows a snowman with a hat and scarf, and it has buttons on its body. The main object in the image is a snowman, so the answer to the first question is True. The buttons are visible on the snowman's body, so the answer to the second question is False. The image is clear and well-lit, and the snowman is centered in the frame, so the quality of the image is high, rated as 0.9."}, {"ans": [true, false, 1.0], "reasoning": "The image is showing a fountain pen with a clear barrel, allowing the ink to be visible. The presence of ink is evident as it is visible within the transparent section of the pen. Therefore, the main object, a fountain pen, is present, and the ink is visible."}, {"ans": [true, false, 1.0], "reasoning": "The image clearly shows a paintbrush next to a palette of paints. The paintbrush has bristles that are visible and not missing. Therefore, the answer to the first question is True because the image is showing a paintbrush. The answer to the second question is False because the bristles are visible and not missing. The quality of the image is rated as 1 because it is clear and well-lit, and there are no issues with the visibility of the main object or key elements."}, {"ans": [true, false, 1.0], "reasoning": "The image clearly shows a pair of eyeglasses with round lenses and a gold frame, resting on a piece of paper with text. The temples of the eyeglasses are visible, indicating that they are not missing. The image is well-lit and in focus, allowing for a clear view of the eyeglasses and their details. Therefore, the answer to Question 1 is True because the image is showing eyeglasses. The answer to Question 2 is False because the temples are visible and not missing. The quality of the image is rated as 1 because it is clear and well-defined, with no visible distortions or obstructions."}, {"ans": [true, false, 0.9], "reasoning": "The image shows a person holding an umbrella on a rainy street. The umbrella is clearly visible and appears to be intact, with visible ribs under the fabric. The presence of the umbrella is evident, and the ribs are visible, indicating they are not missing. The quality of the image is high, with clear details of the scene, though it might be slightly foggy due to the rain."}, {"ans": [true, false, 1.0], "reasoning": "The image clearly shows a wristwatch with a gold case and black leather strap. The watch face is visible and has hour markers, which are the black lines around the edge of the inner circle. Therefore, the answer to Question 1 is True because the image is showing a wristwatch. The answer to Question 2 is False because the hour markers are visible on the watch face. The quality of the image is rated as 1 because it is clear and well-lit, allowing for easy identification of the watch and its features."}, {"ans": [true, false, 1.0], "reasoning": "The image shows a camping tent, so the answer to the first question is true. The poles are visible and appear to be part of the tent's structure, so the answer to the second question is false. The image is clear and well-lit, with no visible distortions or obstructions, so the quality is rated as 1."}, {"ans": [true, false, 1.0], "reasoning": "The image is showing a cuckoo clock with intricate carvings and four pinecone weights hanging from chains, indicating that the weights are present and visible. Therefore, the answer to Question 1 is True because the image is showing a cuckoo clock. The answer to Question 2 is False because the weights are not missing; they are visible as pinecones hanging from the clock. The quality of the image is rated as 1 because it is clear and detailed, with no issues affecting its quality."}, {"ans": [true, true, 1.0], "reasoning": "The image clearly shows a smartphone. The phone is positioned in such a way that its bottom edge is visible, and there are no visible speaker grilles on the visible parts of the phone. The absence of a visible speaker grille on the visible edges means it is either missing or not visible. The image is of high quality as it is clear and well-lit."}, {"ans": [true, true, 1.0], "reasoning": "The image clearly shows a motorcycle facing the camera, with its front wheel and handlebars visible. The motorcycle is positioned on a dirt road, and its headlight is illuminated. There are two round gauges on the handlebars, but they appear to be empty or not visible, suggesting that the speedometer is either missing or not visible. The overall quality of the image is high, with clear details of the motorcycle and its surroundings."}, {"ans": [true, true, 1.0], "reasoning": "The image shows a violin bow. The bow is lying on a red fabric surface, and it appears to be a typical violin bow with a wooden stick and metal fittings. The bow hair is not visible, suggesting that it is either missing or not visible. The image is clear and well-lit, allowing for a good view of the bow's details. Therefore, the answer to the first question is True, as the image is showing a violin bow. The answer to the second question is also True, as the hair is not visible. The quality of the image is rated as 1, as it is clear and well-lit."}, {"ans": [true, true, 1.0], "reasoning": "The image shows a large, ornate gold birdcage hanging from the ceiling of a porch. The birdcage is the main object in the image and is clearly visible. There is no visible perch inside the birdcage. Therefore, the answer to Question 1 is True because the image is showing a birdcage. The answer to Question 2 is True because the perch is not visible inside the birdcage. The quality of the image is rated as 1 because it is clear and well-lit, and the birdcage is prominently displayed."}, {"ans": [true, false, 0.9], "reasoning": "The image depicts a statue of a woman with a head, standing in a colonnade. The statue is the main object in the image, and it is clearly visible. The head is present and visible, so the answer to the second question is False. The image is of high quality, with clear details and no visible distortions or artifacts, so the quality score is 0.9."}, {"ans": [true, false, 1.0], "reasoning": "The image is showing a teddy bear, so the answer to the first question is True. The teddy bear has a visible nose, so the answer to the second question is False. The image is clear and well-lit, and it is not missing any key elements, so the quality is rated as 1."}, {"ans": [true, false, 1.0], "reasoning": "The image shows a pair of sneakers with laces. The sneakers are clearly visible, and the laces are also visible and appear to be properly tied. Therefore, the answer to the first question is True because the image is showing sneakers. The answer to the second question is False because the laces are visible and not missing. The quality of the image is rated as 1.0 because it is clear and well-lit, and there are no visible issues that would detract from the visibility of the sneakers or their details."}, {"ans": [true, false, 1.0], "reasoning": "The image clearly shows a refrigerator with its doors open, revealing the interior. The refrigerator is the main object in the image, and it is visible and identifiable. Therefore, the answer to the first question is True. For the second question, the door shelves are visible on both doors of the refrigerator, so they are not missing or invisible. Hence, the answer to the second question is False. The image is of high quality, clearly showing the details of the refrigerator and its surroundings, so the quality score is 1."}, {"ans": [true, false, 0.9], "reasoning": "The image depicts a group of people sitting around a campfire in a forest, with visible flames. The presence of the campfire and the people around it indicates that the image is showing a campfire. The flames are clearly visible, so they are not missing or invisible. The quality of the image is rated 0.9 because it is a clear and well-lit depiction of the scene, with no apparent issues that would detract from its quality."}, {"ans": [true, false, 0.9], "reasoning": "The image shows a drinking fountain, which is a tall, silver, cylindrical structure with a handle and a spout. The fountain is situated on a grassy area next to a paved path in a park-like setting. Water is visible coming out of the spout, indicating that it is not missing or invisible."}, {"ans": [true, false, 1.0], "reasoning": "The image clearly shows a revolver. The revolver is positioned in such a way that its major components are visible, including the cylinder, barrel, and grip. The trigger guard is also visible, encircling the trigger. Therefore, for Question 1, the answer is True because the main object is indeed a revolver. For Question 2, the answer is False because the trigger guard is present and visible. The image is of high quality, with clear details of the revolver, hence the quality rating is 1."}, {"ans": [true, false, 0.9], "reasoning": "The image is a detailed illustration of a compass rose, which is a figure on a compass that displays the orientation of the cardinal directions. The compass rose is intricately designed with ornate details and is centered in the image. The north arrow is clearly visible, pointing towards the top of the image. Therefore, the answer to the first question is True. Since the north arrow is visible, the answer to the second question is False. The quality of the image is rated 0.9 because it is a clear and detailed illustration, with no significant defects or missing elements that would detract from its overall quality."}, {"ans": [true, false, 0.9], "reasoning": "The image depicts a cityscape with multiple skyscrapers, some of which have visible windows. The presence of skyscrapers satisfies the first question. For the second question, the windows are visible on several buildings, so they are not missing or invisible. The image is of high quality, with clear details of the buildings and the cityscape, hence a quality score of 0.9."}, {"ans": [true, true, 1.0], "reasoning": "The image is showing a conductor standing on a podium, wearing a black tuxedo with a white shirt and bow tie, with his right hand raised in the air. The presence of an orchestra behind him further confirms that he is a conductor. Therefore, the answer to the first question is True. For the second question, since the conductor's right hand is empty and raised, and there is no visible baton in his left hand, it can be concluded that the baton is missing or not visible. Hence, the answer to the second question is True. The image is clear and well-lit, with the conductor and the orchestra visible, so the quality is rated as 1."}, {"ans": [true, true, 0.9], "reasoning": "The image shows a soccer field with a goal visible in the background, behind the hedge. The goalposts are present, but the crossbar is not visible, likely because it is obscured by the hedge. Therefore, for Question 1, the answer is True because a soccer goal is present. For Question 2, the answer is True because the crossbar is not visible. The quality of the image is rated 0.9 because it is clear and well-lit, showing the details of the soccer field."}, {"ans": [true, false, 1.0], "reasoning": "The image clearly shows a microscope on a table. The microscope has eyepieces and objective lenses visible, indicating that it is a complete microscope. Therefore, for Question 1, the answer is True because the image is showing a microscope. For Question 2, the answer is False because the lenses (both eyepieces and objective lenses) are visible in the image. The quality of the image is rated as 1 because it is clear and well-lit, showing all the necessary details of the microscope without any significant issues."}]