[{"ans": [true, true, 1.0], "reasoning": "The image depicts a sailboat on calm waters with its sails not visible or deployed. The mast and rigging are present, indicating it is a sailboat. The sails appear to be furled or not raised, thus they are considered missing or not visible. The image is clear and of high quality, showing no signs of artifacts, blurring, or other issues that would affect its quality."}, {"ans": [true, true, 0.8], "reasoning": "The image shows a bicycle, which is the main object. The bicycle appears to be old and rusty, leaning against a brick wall. The chain is not visible, likely due to the condition of the bicycle. The image is clear and well-lit, with some reflections on the bricks. The quality is good, with no significant artifacts or blurring. However, the image has some unnatural color due to the reflections, which slightly decreases the quality score to 0.8."}, {"ans": [true, false, 0.9], "reasoning": "The image clearly shows a cat, so the answer to the first question is True. The cat's whiskers are visible, so the answer to the second question is False. The image is of high quality, with clear details and no visible artifacts or distortions, so the quality score is 0.9. The slight deduction from 1 is due to the presence of some minor dust or dirt on the window, but it does not significantly impact the overall quality of the image."}, {"ans": [true, false, 0.6], "reasoning": "The image depicts a castle, which is the main object. The castle appears to be in a state of ruin, with a large stone structure and a prominent entrance. The gates are visible and appear to be open, hanging from the wall on the left side of the entrance. The image is somewhat blurry and has a hazy quality, which reduces its overall quality score. However, the main object (the castle) is still discernible, and the gates are visible, so the answer to the first question is True, and the answer to the second question is False."}, {"ans": [true, false, 0.95], "reasoning": "The image clearly depicts a hot-air balloon with a visible basket. The main object, the hot-air balloon, is present and identifiable. The basket is also visible and not missing. The image is of high quality with clear details and no significant artifacts or distortions that would detract from the visibility of the main object or its components."}, {"ans": [true, false, 0.7], "reasoning": "The image shows a turtle with a visible shell, so the answer to the first question is True. The shell is clearly visible, so the answer to the second question is False. The image quality is good, but there is some double vision effect noticeable around the turtle's body, likely due to the water or camera effect, which slightly reduces the quality score to 0.7."}, {"ans": [true, true, 0.5], "reasoning": "The image shows a train, which is the main object. The train appears to be in a maintenance or storage area with visible tracks and other infrastructure. The wheels of the train are not visible as they are obscured by the surrounding environment and the angle of the image. The image quality is somewhat compromised due to visible artifacts and a yellowish tint, which reduces its clarity."}, {"ans": [true, false, 0.9], "reasoning": "The image shows a pair of eyeglasses with lenses on a reflective surface. The lenses are visible and not missing. The image is clear and well-lit, with minor dust particles visible on the surface, but overall, it is of good quality."}, {"ans": [true, false, 0.9], "reasoning": "The image shows a fountain pen with a visible nib, indicating that the main object is present. The nib is clearly visible, so it is not missing or invisible. The image quality is high, with clear details of the pen and the surrounding paper, although there are some minor artifacts such as the worn-out edges of the paper."}, {"ans": [true, false, 0.8], "reasoning": "The image shows an umbrella lying on the ground next to a chair. The umbrella has a canopy that is partially visible, indicating that it is not missing. The image is slightly blurry, but the main objects are still discernible. The quality score is 0.8 due to the blurriness, but it does not affect the visibility of the umbrella or its canopy."}, {"ans": [true, false, 0.95], "reasoning": "The image clearly shows an airplane on a runway, indicating that the main object is indeed an airplane. The wings of the airplane are visible, so they are not missing or not visible. The image is of high quality with no visible artifacts, blurring, or other issues that would detract from its clarity. The slight blur on some parts of the background is likely due to motion, but it does not significantly impact the overall quality of the image."}, {"ans": [true, true, 0.9], "reasoning": "The image shows a desk lamp, which is the main object in the image. The lamp is gold-colored and has an adjustable arm. The bulb is not visible, as it is either missing or obstructed from view. The image is clear and well-lit, with no visible artifacts or distortions. The quality of the image is high, with a score of 0.9 out of 1. The only reason for not giving it a perfect score is the slight cropping of the image, but this does not affect the visibility of the main object or the key element (the bulb)."}, {"ans": [true, false, 0.95], "reasoning": "The image clearly shows an electric guitar with its neck visible, so the answer to the first question is True. Since the neck is visible, the answer to the second question is False. The image is of high quality, with clear details and no visible artifacts or distortions, so the quality score is 0.95. The slight deduction is due to the minor imperfections on the wall in the background, but they do not significantly impact the overall quality."}, {"ans": [true, false, 0.8], "reasoning": "The image shows a fish-shaped object encased in ice. The main object is a fish, so the answer to the first question is True. The fins of the fish are visible and not missing, so the answer to the second question is False. The image quality is good, with clear details of the fish and the ice. However, the background is slightly blurry and there are some reflections on the ice, which slightly reduces the quality score to 0.8."}, {"ans": [true, false, 0.95], "reasoning": "The image depicts a small, red brick cottage with a chimney and a roof, situated in a field of wildflowers. The cottage is the main object in the image, and it is clearly visible. The roof is present and visible, so the answer to the second question is False. The image is of high quality, with clear details and no visible artifacts or distortions, so the quality score is 0.95. The slight deduction from 1 is due to the image possibly being a rendering or painting rather than a photograph, giving it a slightly unnatural look."}, {"ans": [true, false, 0.7], "reasoning": "The image is showing a vintage car with a visible windshield. The main object in the image is a car, so the answer to the first question is True. The windshield is present and visible, so the answer to the second question is False. The image quality is somewhat degraded due to artifacts and a yellowish tint, but the main object is still clearly visible, hence a quality score of 0.7."}, {"ans": [true, true, 0.9], "reasoning": "The image is showing a keyboard with transparent keys and a backlight. The spacebar is not visible in the image, likely because it is obscured by other keys or the angle of the camera. The image is clear and well-lit, with no visible artifacts or distortions. The quality of the image is high, with a score of 0.9 out of 1. The main object, the keyboard, is clearly visible, so the answer to the first question is True. The spacebar is not visible, so the answer to the second question is True."}, {"ans": [true, false, 0.8], "reasoning": "The image is showing an owl with feathers, so the answer to the first question is True. The feathers are visible, so the answer to the second question is False. The quality of the image is rated 0.8 because it is a clear and detailed image, but there are some subtle artifacts and blurring around the edges of the owl's feathers."}, {"ans": [true, false, 0.7], "reasoning": "The image clearly depicts a book, which is the main object in question. The book is shown with its cover open and pages visible, indicating that the pages are present and not missing. The image quality is somewhat compromised due to its painterly style, which gives it a slightly blurry and artistic appearance. However, the main object (the book) is still clearly discernible, and the pages are visible, so the quality is not severely impacted."}, {"ans": [true, false, 0.9], "reasoning": "The image depicts a lighthouse on a rocky outcrop, surrounded by a stormy sea and dark clouds. The lighthouse is white with a red roof and has a light at the top, indicating that it is not missing. The image is well-rendered, with detailed textures and a dramatic atmosphere. The quality is high, with no visible artifacts or distortions. Therefore, the answer to Question 1 is True, as the image shows a lighthouse. The answer to Question 2 is False, as the lamp is visible at the top of the lighthouse. The quality score is 0.9, as the image is well-rendered and clear, but may have some slight imperfections due to the dramatic lighting and weather conditions."}, {"ans": [true, false, 1.0], "reasoning": "The image shows a cream-colored armchair with a fuzzy texture, sitting on a patterned rug. The chair has four visible legs, which are dark brown and cylindrical. The image is clear and well-lit, with no visible artifacts or distortions. The main object, the armchair, is clearly visible and identifiable. The legs of the chair are also visible, so they are not missing or not visible."}, {"ans": [true, false, 0.9], "reasoning": "The image clearly depicts a deer with antlers standing in a forest. The main object, the deer, is present and visible. The antlers are also visible, so they are not missing or invisible. The image is of high quality, with clear details and natural colors, though there is some lens flare from the sunlight, which slightly affects the quality."}, {"ans": [true, true, 0.9], "reasoning": "The image shows a translucent envelope on a marble surface. The envelope appears to be closed, but the flap is not visible, suggesting it might be tucked inside or not visible due to the angle. The image is clear and well-lit, with no visible artifacts or distortions that would affect the quality. The main object, the envelope, is clearly visible, so the answer to the first question is True. The flap is not visible, so the answer to the second question is True. The quality of the image is high, rated 0.9, as it is clear and well-defined."}, {"ans": [true, true, 1.0], "reasoning": "The image shows a wall clock on a white wall above a fireplace. The clock is round and white with black hands, but it does not have numbers on its face. The image is clear and well-lit, with no visible artifacts or distortions. Therefore, the answer to Question 1 is True because the image is showing a wall clock. The answer to Question 2 is True because the numbers are missing from the clock face. The quality of the image is rated as 1.0 because it is clear and well-lit, with no visible issues."}, {"ans": [true, false, 0.8], "reasoning": "The image shows a person wearing a white space suit submerged in a pool of water. The suit is bulky and has various equipment attached to it, and the helmet is visible and not missing. The image is clear and well-lit, but there is some distortion due to the water, which slightly reduces the quality."}, {"ans": [true, false, 0.2], "reasoning": "The image is showing a windmill with blades, so the answer to the first question is True. The blades are visible, so the answer to the second question is False. The image quality is rated 0.2 due to the presence of multiple overlapping images, causing a 'double vision' effect and significant artifacts, which degrade the overall quality."}, {"ans": [true, true, 0.95], "reasoning": "The image clearly shows a large tree with many branches, and the sun is visible through the branches. The tree appears to be bare, with no leaves visible. The image is well-lit and the details of the tree are clear, indicating a high-quality image. The main object, a tree, is present, so the answer to the first question is True. The leaves are not visible, so the answer to the second question is True. The image quality is high, with no visible artifacts or blurring, so the quality score is 0.95."}, {"ans": [true, true, 0.2], "reasoning": "The image is showing multiple yellow school buses. The buses are heavily distorted and overlapped, creating a layered effect. The doors of the buses are not clearly visible due to the distortion and layering, making it appear as if they are missing or not visible. The image quality is poor due to the heavy distortion, which affects the clarity and visibility of the buses' details."}, {"ans": [true, false, 0.9], "reasoning": "The image is showing a laptop with its screen open and visible, although the screen is displaying an image that is not clear. The laptop is on a glass table, and the overall image quality is good with no significant artifacts or blurring. The main object, the laptop, is clearly visible. The screen is visible, so it is not missing."}, {"ans": [true, true, 1.0], "reasoning": "The image shows a trumpet without a mouthpiece. The main object in the image is a trumpet, which is clearly visible and identifiable. The mouthpiece is not attached to the trumpet, indicating that it is missing. The image is of high quality, with clear details and no visible artifacts or distortions."}, {"ans": [true, false, 0.95], "reasoning": "The image shows a robot with a visible head, enclosed in a transparent helmet. The main object is a robot, so the answer to the first question is True. The head is visible, so the answer to the second question is False. The image is of high quality, with clear details and no visible artifacts or distortions, so the quality score is 0.95."}, {"ans": [true, true, 0.9], "reasoning": "The image shows a candle on a silver platter. The candle is the main object and is clearly visible. There is no visible wick on the candle. The image is well-lit and clear, with no significant artifacts or distortions. The quality of the image is high, with a score of 0.9 out of 1. The slight decrease in quality is due to the slight blurring of the background."}, {"ans": [true, false, 0.9], "reasoning": "The image is showing a pizza with visible cheese, so the answer to the first question is True. The cheese is visible on the pizza, so the answer to the second question is False. The image quality is high, with clear details of the pizza and its toppings. However, the quality score is not 1 because the parchment paper underneath the pizza has some blurring and creasing, which slightly detracts from the overall image quality."}, {"ans": [true, true, 0.8], "reasoning": "The image shows a DSLR camera body with its internal mechanisms exposed, indicating that the lens is missing or not visible. The camera body is clearly identifiable as a DSLR, so the answer to the first question is True. The lens is not attached to the camera body, so the answer to the second question is also True. The image quality is good, with clear details visible, but there is some blurring around the edges of the camera body, hence the quality score is 0.8."}, {"ans": [true, false, 0.9], "reasoning": "The image clearly shows a grand piano on a stage in a concert hall, so the answer to the first question is True. The piano's keys are visible, so the answer to the second question is False. The image is well-lit and in focus, with no visible artifacts or distortions, so the quality score is high at 0.9. The slight double vision effect on the piano is likely due to the camera's depth of field or a minor optical aberration, but it does not significantly detract from the overall image quality."}, {"ans": [false, false, 0.8], "reasoning": "The image shows a palette with paint on it, but there is no paintbrush visible. The quality of the image is generally good, with clear details of the paint and palette, but there are some minor artifacts and texture visible, hence a quality score of 0.8."}, {"ans": [true, false, 0.9], "reasoning": "The image is showing a watch with a visible strap, so the answer to the first question is True. The strap is visible, so the answer to the second question is False. The image quality is high, with clear details of the watch and its surroundings. The only reason for a slightly lower quality score is the slight blurring of the background, but the main object (the watch) is clear and well-defined."}, {"ans": [true, true, 0.7], "reasoning": "The image is a complex and layered representation of a medical or dental procedure. Upon closer inspection, it appears to be showing a mouth with various medical instruments and equipment surrounding it. The image is somewhat distorted and has a double exposure effect, which makes it difficult to discern certain details. However, the presence of a jawbone and teeth suggests that the image is indeed showing a mouth. The tongue is not visible, which could be due to the angle of the image or the fact that it is not present in the scene. The image quality is somewhat compromised due to the double exposure effect and the distortion, but it is still possible to make out the main features. Therefore, the answer to Question 1 is True, as the image is showing a mouth. The answer to Question 2 is also True, as the tongue is not visible. The quality of the image is rated as 0.7, as it is somewhat compromised by the double exposure effect and distortion, but it is still possible to interpret the main features."}, {"ans": [true, true, 0.8], "reasoning": "The image depicts a motorcycle, albeit heavily damaged and distorted, with what appears to be a large, amorphous mass on top of it. The handlebars are not visible due to the extensive damage and distortion. The image is of high quality in terms of detail and rendering, but the unnatural distortion and damage to the motorcycle might slightly reduce its overall quality score. However, the main object (the motorcycle) is identifiable, and the image does not suffer from significant artifacts, blurring, or other quality issues that would drastically lower its score."}, {"ans": [true, false, 0.9], "reasoning": "The image shows an old television set with its back panel removed, exposing the internal components. The screen is visible and appears to be intact, although it is displaying a distorted image with glowing bulbs inside. The overall condition of the TV suggests it is non-functional and has been tampered with. The image quality is generally good, with clear details of the TV's exterior and interior. However, there are some signs of wear and tear, such as the cracked wall behind the TV and the dusty floor. The quality score is 0.9 due to the presence of some minor artifacts and the overall aged appearance of the image."}, {"ans": [true, false, 0.9], "reasoning": "The image is showing a white goat with horns standing on a rocky surface. The horns are visible, so they are not missing. The image is clear and well-defined, with no noticeable artifacts or blurring that would affect the quality score. However, there is some minor distortion in the background due to the rocky texture, but it does not significantly impact the overall quality. Therefore, the quality score is 0.9."}, {"ans": [true, true, 0.9], "reasoning": "The image is showing a sneaker, which is a red Converse-style shoe with a white sole. The laces are not visible, indicating they are either missing or not visible. The image is clear and well-focused, with no noticeable artifacts or distortions that would affect the quality score. However, there is some minor wear and tear on the lockers in the background, but it does not detract from the main subject."}, {"ans": [true, true, 0.9], "reasoning": "The image clearly shows a frog sitting on a lily pad in the water, indicating that the main object is indeed a frog. Therefore, the answer to the first question is True. The frog's eyes are not visible in the image, as they are either not present or obscured from view, so the answer to the second question is True. The image is of high quality with clear details and no noticeable artifacts or distortions, hence the quality score is 0.9."}, {"ans": [true, false, 0.9], "reasoning": "The image shows a white porcelain mug with a blue floral pattern and a handle on the right side. The mug is placed on a matching saucer. The handle is visible and not missing. The image is clear and well-focused, with no visible artifacts or distortions that would significantly affect the quality. However, there are some minor reflections and shadows that could slightly reduce the quality. Overall, the image is of high quality."}, {"ans": [true, false, 0.8], "reasoning": "The image shows a saxophone, which is the main object. The saxophone is visible and appears to be in a recording or filming setup with microphones around it. The keys of the saxophone are visible, so they are not missing or not visible. The image quality is good, with clear details of the saxophone and the surrounding equipment. However, there are some reflections and shadows that might slightly affect the clarity, hence a quality score of 0.8."}, {"ans": [true, false, 0.9], "reasoning": "The image shows a skateboard lying on the ground. The skateboard is visible and appears to be intact, with its wheels still attached. The image is clear and well-lit, allowing for a good view of the skateboard and its details. There are no visible artifacts, blurring, or other issues that would detract from the image quality. Therefore, the answer to Question 1 is True because the image is showing a skateboard. The answer to Question 2 is False because the wheels are visible and not missing. The quality of the image is rated 0.9 because it is clear and well-lit, with no significant issues affecting the visibility of the skateboard."}, {"ans": [true, false, 0.9], "reasoning": "The image depicts a fedora hat on top of an hourglass, with the brim clearly visible. The main object, the fedora, is present. The brim is not missing or invisible; it is visible around the hat. The image is of high quality, with clear details and no visible artifacts or distortions that would significantly impact the visibility of the main object or its components."}, {"ans": [true, false, 0.9], "reasoning": "The image clearly shows a motorcycle helmet with a visor. The visor is present and visible, although it is cracked and damaged. The image is well-lit and in focus, with clear details of the helmet and surrounding tools. The quality of the image is high, with no noticeable artifacts or distortions. The only reason for not giving it a perfect score is the slight presence of debris and dust on the surface, but it does not significantly affect the overall clarity."}, {"ans": [true, false, 0.95], "reasoning": "The image shows a bedframe with a mattress. The bedframe is ornate and has a high headboard. The mattress is visible and appears to be covered with a patterned fabric. The image is clear and well-lit, with no visible artifacts or distortions. The quality of the image is high, with a score of 0.95 out of 1. The mattress is not missing or invisible, so the answer to the second question is False."}, {"ans": [true, false, 0.95], "reasoning": "The image shows a tall, stone tower with a clock face on it, which is clearly identifiable as a clock tower. Therefore, the answer to the first question is True. The clock face is visible on the tower, so the answer to the second question is False. The image is clear and well-defined, with no visible artifacts or distortions that would affect its quality. The quality score is 0.95, indicating a high-quality image."}, {"ans": [true, false, 0.9], "reasoning": "The image is showing a pocket watch with its back cover removed, revealing the internal mechanisms. The hands of the watch are visible at the bottom of the image, so they are not missing. The image is of high quality, with clear details of the watch's inner workings. However, there are some minor reflections and artifacts visible on the glass cover, which slightly reduces the quality score to 0.9."}, {"ans": [true, true, 0.9], "reasoning": "The image shows a bicycle, which is the main object. The bicycle is damaged and appears to be leaning against a stone wall. The pedals are not visible, and upon closer inspection, it can be seen that they are likely missing due to the damage. The image is clear and well-lit, with no significant artifacts or distortions. The quality of the image is high, with a score of 0.9. The main object, the bicycle, is clearly visible, and the condition of the pedals can be determined."}, {"ans": [true, false, 0.8], "reasoning": "The image shows a portrait of a woman, which is the main object. The woman's eyes are visible in the portrait, so they are not missing. The image quality is good, but there is a slight glare on the painting which reduces the quality score to 0.8."}, {"ans": [true, true, 0.4], "reasoning": "The image depicts a grand piano on a stage with spotlights shining down. The piano is the main object and is clearly visible, although it appears to be distorted or broken, with multiple overlapping images. The hammers inside the piano are not visible due to the angle and the distortion of the image. The image quality is somewhat compromised by the distortion and the overlapping images, which gives it a somewhat surreal or artistic appearance. However, the main object, the grand piano, is still recognizable."}, {"ans": [true, true, 0.9], "reasoning": "The image depicts a sailing ship with three masts and rigging, indicating it is a sailing vessel. However, there are no sails visible on the masts. The image is clear and detailed, showing the ship and its rigging without any significant artifacts or distortions. The quality is high, with clear lines and colors, though there is a slight texture suggesting it may be a reproduction or edited image."}, {"ans": [true, false, 0.9], "reasoning": "The image depicts a large tree with a wide canopy and a thick trunk, which appears to be an oak tree. The leaves are visible on the tree, so they are not missing or invisible. The image is clear and well-lit, with no visible artifacts or distortions that would affect its quality. The quality score is 0.9 because the image is very clear and detailed, with no noticeable issues."}, {"ans": [true, false, 0.9], "reasoning": "The image depicts a charming stone cottage nestled in a forest, with lush greenery covering its walls and roof. The cottage is clearly visible, and a door is present on the left side of the image, indicating that it is not missing. The image is of high quality, with clear details and no visible artifacts or distortions. The quality score is 0.9 because the image is very clear and well-defined, with no noticeable issues."}, {"ans": [true, false, 0.9], "reasoning": "The image clearly shows a passenger jet on a runway, indicating that the main object is indeed a passenger jet. The wings are visible and not missing, so the answer to the second question is False. The image is of high quality, with clear details of the aircraft and its surroundings. However, there is a slight blur effect on the plane, which might be due to the camera settings or the plane's movement, hence the quality score is 0.9 instead of 1."}, {"ans": [true, true, 0.4], "reasoning": "The image is showing a wristwatch, so the answer to the first question is True. The numbers on the wristwatch are not visible, so the answer to the second question is True. The image quality is rated 0.4 because it is blurry and there is motion blur around the watch, making it hard to see the details clearly."}, {"ans": [true, false, 0.95], "reasoning": "The image clearly shows a pizza, which is the main object, so the answer to the first question is True. Upon closer inspection, the pizza appears to have cheese, although it's not overly abundant; it's visible in various parts of the pizza, so the cheese is not missing or invisible, making the answer to the second question False. The image is of high quality, with clear details and no visible artifacts or distortions that would detract from its quality, hence a quality score of 0.95. The slight deduction from 1 is due to minor imperfections in the image that don't significantly impact the overall clarity or the visibility of the pizza."}, {"ans": [true, false, 0.8], "reasoning": "The image clearly shows multiple traffic signals hanging above the road. Upon closer inspection, it is evident that most of the traffic signals have visible lights. The image is quite bright due to the sunlight, but the main objects, including the traffic signals and their lights, are discernible. The quality is slightly compromised due to the overexposure from the sunlight, which causes some loss of detail in the brighter areas, but the overall scene is still clear."}, {"ans": [true, true, 0.9], "reasoning": "The image shows a skateboard lying on the ground. The skateboard is broken, with the deck separated from the trucks and wheels. The deck is visible and appears to be the main focus of the image. The trucks and wheels are partially visible but are mostly obscured by the ground and shadows. The image is clear and well-lit, with no visible artifacts or distortions that would affect the overall quality. Therefore, the answer to Question 1 is True, as the image is showing a skateboard. The answer to Question 2 is also True, as the wheels are not visible or are missing from the skateboard. The quality of the image is rated as 0.9, indicating a high-quality image with no significant issues."}, {"ans": [true, false, 0.9], "reasoning": "The image clearly shows a chessboard with intricately designed pieces, indicating that it is indeed a chessboard. The presence of both white and black pieces is visible, though the black pieces are not as prominent due to their positioning and the angle of the image. However, upon closer inspection, it is evident that the black pieces are present on the board, not missing or invisible. The image is of high quality, with clear details of the chessboard and pieces, though there is a slight reflection on the board which could be considered a minor artifact."}, {"ans": [true, true, 0.9], "reasoning": "The image shows a red sports car, which is the main object. The brakes are not visible as the wheels are facing forward and the brake components are not visible from the side. The image is of high quality, with clear details and no visible artifacts or distortions, but the red tint and reflections on the glass might slightly affect the quality."}, {"ans": [true, false, 0.95], "reasoning": "The image clearly shows an open book on a wooden table, with text visible on the pages. The main object, the book, is present, so the answer to the first question is True. The text is visible on the pages, so it is not missing, making the answer to the second question False. The image is sharp and clear, with no visible artifacts or distortions, so the quality score is high, 0.95. The slight deduction is due to the background being slightly out of focus, but this does not affect the main subject."}, {"ans": [true, false, 0.9], "reasoning": "The image clearly shows a computer tower with its side panel removed or made of transparent material, allowing the internal components to be visible. The presence of fans is evident, as they are illuminated and visible within the case. Therefore, the answer to the first question is True. For the second question, since the fans are visible, the answer is False. The image quality is high, with clear details of the internal components and the lighting effects. However, the quality score is not 1 due to slight darkness at the bottom of the image, which slightly affects the visibility of some details."}, {"ans": [true, false, 0.9], "reasoning": "The image clearly shows a scarecrow standing in a field, with a burlap sack head and a plaid shirt. The scarecrow appears to have arms made of straw or sticks, which are visible and not missing. The image is well-focused, with good lighting and no visible artifacts or distortions that would detract from its quality. However, the quality score is not 1 because the image is slightly grainy and there are some minor signs of compression. Overall, the image effectively conveys the presence of a scarecrow in a field, and the arms are visible, so the answer to the first question is True and the answer to the second question is False."}, {"ans": [true, false, 0.8], "reasoning": "The image depicts a group of knights in armor, with the central figure being a prominent knight. The presence of armor, helmets, and swords indicates that the image is showing knights. The main knight in the foreground is wearing a sword at his side, which is visible, so the sword is not missing. The image quality is good, with detailed depictions of the armor and facial expressions, although some areas appear slightly blurred due to the style of the painting."}, {"ans": [true, false, 0.9], "reasoning": "The image clearly shows a teapot with a floral design on it. The teapot is white with pink flowers and green leaves painted on it. It has a lid and a handle on the right side. The spout is on the left side. The teapot is sitting on a bamboo tray. The background is blurred but appears to be a natural setting with trees and flowers. The image is well-lit and the teapot is in sharp focus. The quality of the image is high, with no visible artifacts or blurring. The handle of the teapot is visible, so it is not missing."}, {"ans": [true, false, 0.2], "reasoning": "The image is showing a basketball hoop with a net, as indicated by the presence of the hoop and the netting around it. The net is visible, so it is not missing. However, the image quality is poor due to multiple exposures or overlays, causing significant artifacts and blurring, which reduces the overall quality score to 0.2."}, {"ans": [true, false, 0.9], "reasoning": "The image clearly depicts a dining table set with multiple place settings, each including plates, cutlery, and glasses. The table is adorned with a white tablecloth and decorated with various items such as candles and napkins. The glasses are visible on the table, indicating that they are not missing. The image is of high quality, with clear details and no visible artifacts or distortions, although a slight softness in some areas slightly reduces its quality score to 0.9."}, {"ans": [true, false, 0.7], "reasoning": "The image is showing a typewriter, and the ribbon is visible. The image is slightly blurry, which affects its quality."}, {"ans": [true, false, 0.9], "reasoning": "The image shows several white winter jackets hanging on hooks. The main object, a winter jacket, is clearly visible. Some of the jackets have zippers that are visible, so the answer to the second question is false because the zipper is not missing or not visible from the winter jacket. The image quality is generally good, but there are some minor artifacts and slight blurring around the edges of some jackets, hence a quality score of 0.9."}, {"ans": [true, false, 0.7], "reasoning": "The image is showing a large sunflower, which is the main object. The seeds are visible on the sunflower, so they are not missing. The image quality is good but has some unnatural elements and artifacts, such as the green circle behind the sunflower's face, which slightly decreases its quality score."}, {"ans": [true, true, 0.6], "reasoning": "The image is showing a group of elephants, with the main elephant in the foreground appearing to be charging or running. The trunk of the main elephant is not visible, as it is likely obscured by the elephant's head or the motion of its movement. The image quality is somewhat compromised by the presence of dust or dirt, which reduces its clarity and overall quality. However, the main object (the elephant) is still discernible."}, {"ans": [true, false, 0.8], "reasoning": "The image shows a rowboat, which is the main object. The oars are visible inside the boat, leaning against the left side. The image is clear and well-defined, showing the details of the boat and its surroundings. The quality is high, but there are some signs of image processing or filtering that slightly reduce its naturalness, hence a quality score of 0.8."}, {"ans": [true, false, 0.9], "reasoning": "The image is clearly showing a snowman, so the answer to the first question is True. The snowman has buttons visible on its body, so the answer to the second question is False. The image is of high quality, with clear details and no visible artifacts or distortions, so the quality score is 0.9. The only reason it's not a perfect 1 is because there are some minor snowflakes and lights that could be considered slight distractions, but they do not significantly impact the overall clarity of the image."}, {"ans": [true, false, 0.9], "reasoning": "The image shows a fountain pen with a transparent barrel, allowing the ink inside to be visible. The pen is placed on a piece of paper with some writing on it. The image is clear and well-lit, with no visible artifacts or distortions that would affect the quality. The ink is visible inside the pen, so it is not missing or invisible."}, {"ans": [true, true, 0.9], "reasoning": "The image shows a paintbrush with a wooden handle, but the bristles are not visible as they are likely covered in paint and possibly stuck to the palette. The presence of the handle indicates that it is a paintbrush. The bristles are not visible, so they are considered missing or not visible. The image is of high quality, with clear details and no noticeable artifacts or distortions."}, {"ans": [true, true, 0.8], "reasoning": "The image shows a pair of eyeglasses with broken lenses and temples, lying on a crumpled paper background. The main object, eyeglasses, is present. The temples are broken and not visible in their entirety, indicating they are either missing or not visible. The image quality is slightly degraded due to the crumpled and translucent nature of the background, which affects the overall clarity but not the visibility of the main object."}, {"ans": [true, false, 0.9], "reasoning": "The image clearly shows a person holding an umbrella in a rainy cityscape. The umbrella is visible and appears to be intact with its ribs visible through the fabric. The image is sharp and well-lit, with no significant artifacts or distortions that would affect the visibility of the main object or its details. The quality of the image is high, with a score of 0.9, as it is clear and well-defined. The ribs of the umbrella are visible, so they are not missing or invisible."}, {"ans": [true, true, 0.8], "reasoning": "The image shows a close-up of a wristwatch's inner mechanism, visible through a transparent face. The main object is indeed a wristwatch, so the answer to the first question is True. The hour markers are not visible as the image focuses on the internal mechanism rather than the watch face, making the answer to the second question True as well. The image quality is high in terms of clarity and detail of the watch's mechanism, but there are some reflections and glare, which slightly reduce the quality score to 0.8."}, {"ans": [true, false, 0.95], "reasoning": "The image clearly shows a camping tent in a grassy field with trees in the background. The tent is set up and appears to be fully assembled with poles visible inside and outside the tent. The poles are not missing or invisible; they are visible and supporting the structure of the tent. The image is of high quality with clear details and no visible artifacts or distortions. The slight decrease in quality score is due to the lighting reflection on the tent fabric, but it does not significantly impact the visibility of the main object or its details."}, {"ans": [true, false, 0.8], "reasoning": "The image is a close-up of a cuckoo clock, showcasing intricate carvings and details. The main object, the cuckoo clock, is present and identifiable. The weights are visible hanging down from the bottom of the clock, so they are not missing. The image is detailed but has some artifacts and unnatural color due to the close-up nature and possible editing, which slightly reduces its quality score to 0.8."}, {"ans": [true, true, 0.9], "reasoning": "The image is showing a smartphone standing upright on a reflective surface, with its screen facing outward. The phone appears to be a modern smartphone due to its sleek design and the presence of a screen. There is no visible speaker grille on the phone. The image is clear and well-lit, with a shallow depth of field that blurs the background, making the phone stand out. The quality of the image is high, with no noticeable artifacts, blurring, or unnatural colors. The main object, the smartphone, is clearly visible, and the absence of a visible speaker grille is notable."}, {"ans": [true, true, 0.8], "reasoning": "The image is showing a motorcycle, which is the main object. The motorcycle is visible and identifiable, so the answer to the first question is True. The speedometer is not visible from the given angle, as the motorcycle is viewed from the back, so the answer to the second question is True. The image quality is rated 0.8 because it is slightly blurry due to motion and dust, but the main object is still clearly identifiable."}, {"ans": [true, true, 0.8], "reasoning": "The image shows a violin bow on the left side. The bow is present, so the answer to the first question is True. The hair of the bow is not visible, so the answer to the second question is True. The image quality is good, with clear details of the objects, but the presence of a plastic-wrapped object on the right side creates some distraction. However, it does not significantly affect the visibility of the violin bow. The overall quality is rated 0.8 due to the slight distraction caused by the plastic wrapping and the patterned background."}, {"ans": [true, false, 0.9], "reasoning": "The image depicts a birdcage hanging from a porch, surrounded by lush greenery and flowers. The birdcage is the main object and is clearly visible, so the answer to Question 1 is True. Inside the birdcage, a perch is visible, so the answer to Question 2 is False. The image is of high quality, with clear details and no visible artifacts or distortions, but the quality score is not 1 due to the slightly soft focus and the presence of lens flares, hence a score of 0.9."}, {"ans": [true, true, 0.95], "reasoning": "The image depicts a white marble statue of a figure in a long, flowing robe, holding an object in one hand. The statue is positioned centrally in the image, with its head not visible as it is cropped out of the frame. The statue is surrounded by columns and other architectural elements, suggesting that it is located in a museum or other cultural institution. The overall atmosphere of the image is one of grandeur and elegance, with the statue being the main focus. The image is of high quality, with clear details and no visible artifacts or distortions. Therefore, the answer to Question 1 is True, as the image does show a statue. The answer to Question 2 is also True, as the head of the statue is not visible. The quality of the image is rated as 0.95, indicating that it is a high-quality image with no significant issues."}, {"ans": [true, false, 0.95], "reasoning": "The image is showing a large teddy bear sitting on a bed, with several smaller versions of itself around it. The main teddy bear has a visible nose, so the answer to Question 2 is False. The image is clear and well-lit, with no visible artifacts or distortions that would affect the quality score. However, there is a slight sheen to the teddy bear's surface, possibly due to lighting or the material it's made of, which slightly reduces the quality score to 0.95."}, {"ans": [true, false, 0.9], "reasoning": "The image shows a dirty white sneaker with laces, leaning against a door. The main object in the image is a sneaker, so the answer to the first question is True. The laces are visible, so the answer to the second question is False. The image quality is good, with clear details of the sneaker and its surroundings. However, the image could be slightly sharper, hence the quality score is 0.9 instead of 1."}, {"ans": [true, false, 0.9], "reasoning": "The image shows a refrigerator with its doors open, revealing the interior. The main object, a refrigerator, is clearly visible. The door shelves are also visible on both sides of the refrigerator doors. The image is clear and well-lit, with no noticeable artifacts or distortions that would affect the quality. However, there is a slight transparency effect applied to the image, which might slightly reduce its quality. Therefore, the quality score is 0.9."}, {"ans": [true, false, 0.9], "reasoning": "The image depicts a group of young women gathered around a campfire in a forest setting. The campfire is visible and appears to be burning with flames, as indicated by the light emanating from it and the arrangement of the logs. Therefore, the answer to the first question is True because the image is showing a campfire. For the second question, the answer is False because the flames are visible, albeit somewhat obscured by the brightness of the light. The image quality is rated 0.9 due to the presence of some minor artifacts and unnatural lighting effects, but overall, it is clear and detailed."}, {"ans": [true, false, 1.0], "reasoning": "The image clearly shows a drinking fountain with water flowing from it. The main object, the drinking fountain, is present and identifiable. The water is visible and flowing, indicating it is not missing. The image is sharp and clear, with no visible artifacts or distortions that would affect the quality."}, {"ans": [true, false, 0.95], "reasoning": "The image clearly shows a revolver with intricate details, indicating that the main object is indeed a revolver. The trigger guard is visible around the trigger, so it is not missing or invisible. The image quality is high, with clear details and no visible artifacts or distortions that would affect the assessment of the revolver or its components. The slight decrease in quality score is due to minor texture and shading effects on the background, but these do not impact the visibility of the revolver."}, {"ans": [true, false, 0.9], "reasoning": "The image is a detailed illustration of a compass rose, which is clearly visible in the center of the image. The compass rose is intricately designed with various elements and is surrounded by a map. The north arrow is present and visible, pointing upwards. The image is of high quality, with clear details and no significant artifacts or distortions. The quality score is 0.9 because the image is very detailed and clear, but there might be some minor aging effects or texture that could slightly reduce its sharpness."}, {"ans": [true, false, 0.9], "reasoning": "The image depicts a futuristic cityscape with multiple skyscrapers, some of which have visible windows. The presence of skyscrapers satisfies the first question, so the answer is True. For the second question, many of the skyscrapers have visible windows, so the answer is False. The image is clear and well-lit, with minimal artifacts or distortions, but the quality score is not 1 due to the slightly unnatural color tone and some reflections that might be considered minor artifacts."}, {"ans": [true, true, 0.8], "reasoning": "The image shows a conductor on a stage, surrounded by an orchestra. The conductor is wearing a black suit and has their back to the camera with arms raised, indicating they are leading the orchestra. The presence of the conductor is clear, so the answer to the first question is True. For the second question, the baton is not visible in the conductor's hand, so the answer is True as it is either missing or not visible. The image quality is generally good but has a yellowish tint and some glare, which slightly reduces its quality. Hence, the quality score is 0.8."}, {"ans": [true, true, 0.9], "reasoning": "The image shows a soccer field with two goals, one on the left and one on the right. The main object, the soccer goal, is present. The crossbar is not visible on either goal, likely due to the angle of the shot and the distance from the camera. The image is clear and well-lit, with no visible artifacts or distortions that would affect the quality. The quality score is 0.9 because the image is slightly overexposed, but it does not significantly impact the visibility of the main object."}, {"ans": [false, false, 0.4], "reasoning": "The image appears to be a laboratory setting with various equipment. The main object in the center is not a microscope but rather a complex piece of machinery or equipment used in a lab setting. The image is heavily distorted with multiple overlapping images, making it difficult to discern details clearly. This distortion affects the quality of the image, hence the low quality score. The main object is not a microscope, so the answer to the first question is False. Since the main object is not a microscope, the question about lenses being missing or not visible does not apply directly, but based on the visible parts, it seems like there are components that could be considered as lenses or parts of an optical system, and they are visible, so the answer to the second question is False. The quality score is 0.4 due to the significant distortion and overlapping images that make it hard to see details clearly."}]