[{"ans": [true, true, 1.0], "reasoning": "The image depicts a sailboat on the water, characterized by its white hull and mast. The sails are not visible as they appear to be furled or stowed. The presence of the mast and the design of the boat indicate it is a sailboat, even though the sails are not deployed. Therefore, the answer to the first question is True. For the second question, the sails are not visible, making the answer True. The image is clear and well-lit, with no visible distortions or obstructions, hence the quality is rated as 1."}, {"ans": [true, true, 0.9], "reasoning": "The image shows a red bicycle leaning against a brick wall. The bicycle is the main object in the image, and it is clearly visible. Therefore, the answer to the first question is True. Upon closer inspection, it is evident that the chain of the bicycle is not visible, as it is likely hidden behind the frame or other components. Hence, the answer to the second question is also True. The image is of high quality, with clear details of the bicycle and its surroundings, so the quality score is 0.9."}, {"ans": [false, false, 0.9], "reasoning": "The image is showing a cat, which matches the main object in question 1. The cat appears to have whiskers, which are visible on its face. Therefore, for question 1, the answer is True because the image is showing a cat. For question 2, the answer is False because the whiskers are visible, not missing or invisible. The quality of the image is rated 0.9 because it is clear and well-focused on the cat, with no significant issues affecting its overall quality."}, {"ans": [true, false, 0.9], "reasoning": "The image depicts a large stone structure with towers and battlements, characteristic of a castle. The presence of a large arched entrance with gates confirms it is a castle with gates. Therefore, the answer to Question 1 is True. For Question 2, the gates are visible, so they are not missing or invisible, making the answer False. The image is clear and well-lit, with no significant distractions or obstructions, hence the quality is rated 0.9."}, {"ans": [true, false, 1.0], "reasoning": "The image clearly depicts a hot-air balloon with a visible basket, thus answering the first question affirmatively. For the second question, the basket is clearly visible, so it is not missing or invisible. The image is of high quality as it is clear and well-lit, capturing the details of the hot-air balloon and its surroundings."}, {"ans": [true, false, 1.0], "reasoning": "The image clearly shows a turtle with a visible shell. The turtle is centered in the image, and its shell is clearly visible, indicating that the shell is not missing. The image is of high quality, with clear details of the turtle's features."}, {"ans": [true, false, 0.9], "reasoning": "The image clearly shows a train at a station. The train is silver with visible wheels, indicating that the wheels are present and not missing. The image is well-lit and in focus, capturing the details of the train and the station. The presence of the wheels is evident from the visible bogies under the train. Therefore, the answer to the first question is True because the image is showing a train. The answer to the second question is False because the wheels are visible and not missing. The quality of the image is rated 0.9 because it is clear and well-composed, with good lighting that allows for the details of the train and station to be seen."}, {"ans": [true, false, 1.0], "reasoning": "The image clearly shows a pair of eyeglasses with lenses. The lenses are visible and not missing, so the answer to the first question is True. For the second question, since the lenses are present and visible, the answer is False. The image is of high quality, clearly showing the details of the eyeglasses, so the quality score is 1."}, {"ans": [true, false, 0.9], "reasoning": "The image clearly shows a fountain pen, with one part having a visible nib and the other part being the cap. The presence of the nib is evident, indicating that the pen is not missing its nib. The quality of the image is high, with clear details of the pen and its components."}, {"ans": [true, true, 1.0], "reasoning": "The image shows a broken umbrella lying on the ground next to a chair. The umbrella's canopy is not visible, and it appears to be damaged. The main object in the image is the umbrella, which is present. The canopy of the umbrella is missing or not visible, as it is broken and lying on the ground. The image is clear and well-lit, and the quality is good."}, {"ans": [true, false, 1.0], "reasoning": "The image clearly shows an airplane on a runway, with its wings visible. The presence of the airplane directly answers the first question. For the second question, the wings are not missing or invisible; they are clearly visible on both sides of the aircraft. The image is of high quality, with clear details of the airplane and its surroundings."}, {"ans": [true, false, 0.9], "reasoning": "The image depicts a desk lamp with a brass finish, positioned above an open book on a wooden table. The lamp is adjustable and has a metal shade. The bulb is visible inside the shade, indicating that it is not missing. The image is well-lit, and the details of the lamp and the book are clearly visible. The quality of the image is high, with a clear and sharp focus on the subject matter."}, {"ans": [true, false, 1.0], "reasoning": "The image clearly shows an electric guitar with a visible neck, answering the first question as True. Since the neck is visible, the second question is answered as False. The image is of high quality, clearly showing the details of the guitar, hence the quality score is 1."}, {"ans": [true, false, 0.9], "reasoning": "The image is showing a fish, and the fins are visible. The fish is encased in ice shards, but its body and fins are clearly depicted. The fins are not missing or invisible; they are visible and appear to be a part of the fish's anatomy. The image quality is high, with clear details of the fish and its surroundings."}, {"ans": [true, false, 1.0], "reasoning": "The image is showing a cottage with a roof, so the answer to Question 1 is True. The roof is visible, so the answer to Question 2 is False. The image is clear and well-lit, and it contains the main object (cottage) and the key element (roof), so the quality score is 1.0."}, {"ans": [true, true, 0.9], "reasoning": "The image shows a vintage convertible car with its top down, showcasing the interior and dashboard. The windshield is not visible, indicating it is either missing or not visible due to the angle of the photo. The main object, a car, is present. The image is of high quality, with clear details of the car's interior and surrounding environment."}, {"ans": [true, false, 0.9], "reasoning": "The image is showing a keyboard, so the answer to the first question is True. The spacebar is present and visible, so the answer to the second question is False. The quality of the image is high, with clear details of the keyboard and its components, so the quality score is 0.9."}, {"ans": [true, false, 1.0], "reasoning": "The image clearly depicts an owl perched on a tree branch, with detailed feathers visible across its body. The presence of the owl is evident, satisfying the first question. For the second question, the feathers are not missing or invisible; they are clearly visible and detailed. Therefore, the answer to the first question is True, and the answer to the second question is False. The image is of high quality, with clear and detailed elements, hence the quality score is 1."}, {"ans": [true, true, 1.0], "reasoning": "The image is showing a book with a leather cover, but the pages are not visible as they are missing or not shown. The book is placed on a wooden table, and there are other books on a shelf in the background. The image is clear and well-lit, with no visible distortions or issues that would affect its quality."}, {"ans": [true, false, 1.0], "reasoning": "The image depicts a lighthouse with a lamp visible inside the lantern room. The presence of the lighthouse is clear, and the lamp is also visible, indicating that it is not missing or invisible. Therefore, the answer to the first question is True, and the answer to the second question is False. The image is of high quality, as it clearly shows the details of the lighthouse and its surroundings, so the quality score is 1.0."}, {"ans": [true, false, 1.0], "reasoning": "The image is showing an armchair with visible legs, so it answers the first question as true. The legs are visible, so the second question is answered as false. The image is clear and well-lit, with no apparent issues affecting its quality, so the quality is rated as 1.0."}, {"ans": [true, true, 0.9], "reasoning": "The image clearly shows a deer standing in a forest. The deer is centered and facing the camera, making it the main object of the image. There are no visible antlers on the deer, suggesting that either the deer does not have antlers or they are not visible. The image is well-lit with sunlight filtering through the trees, and the details of the deer and its surroundings are clear. The quality of the image is high, with good resolution and lighting. The absence of antlers does not negatively impact the quality score as per the instructions."}, {"ans": [true, false, 0.9], "reasoning": "The image shows a white envelope on a marble surface. The envelope is the main object and is clearly visible, so the answer to the first question is True. The flap of the envelope is visible and appears to be closed, so the answer to the second question is False. The image is of high quality, with clear details of the envelope and the marble surface, so the quality score is 0.9."}, {"ans": [true, true, 1.0], "reasoning": "The image is showing a wall clock, which is the main object. The clock face is white with black hands, but there are no numbers visible on the clock face. Therefore, the numbers are missing or not visible. The image is clear and well-lit, and the clock is the central focus, so the quality is rated as 1.0."}, {"ans": [true, false, 0.9], "reasoning": "The image shows a person wearing a white space suit with a helmet, floating in a swimming pool. The space suit is clearly visible and appears to be a realistic representation of an astronaut's suit. The helmet is also visible and is not missing or obscured. The image is well-lit and the details of the suit are clear, indicating a high-quality image. Therefore, the answer to Question 1 is True, as the image is showing a space suit with a helmet. The answer to Question 2 is False, as the helmet is not missing or not visible. The quality of the image is rated as 0.9, as it is a clear and well-defined image."}, {"ans": [true, false, 1.0], "reasoning": "The image clearly shows a windmill with blades standing in a field. The presence of the windmill directly answers the first question. For the second question, the blades are visible and not missing, so the answer is false. The image is of high quality, clearly showing the windmill and its details, hence the quality score is 1.0."}, {"ans": [true, true, 1.0], "reasoning": "The image prominently features a large tree with bare branches, indicating it is without leaves. The presence of the tree fulfills the first question's condition. The absence of leaves on the main tree and other trees in the background directly answers the second question, confirming that leaves are missing or not visible. The image is clear and well-composed, capturing the details of the tree and its surroundings effectively, hence the quality score is 1."}, {"ans": [true, true, 0.9], "reasoning": "The image shows a yellow school bus parked in a designated area. The bus is facing left, and its side is visible. The word 'SCHOOL BUS' is written on the side of the bus. The bus has multiple windows along its side, and the interior seats are visible through these windows. The doors of the bus are not visible as the image is taken from the side and the front of the bus is partially visible, but the door area is not in view. The quality of the image is high, with clear details of the bus and its surroundings."}, {"ans": [true, false, 1.0], "reasoning": "The image shows a laptop with its screen visible, so the main object (laptop) is present. The screen is visible, so it is not missing or not visible. The image is clear and well-lit, with no visible distortions or obstructions, hence the quality is rated as 1.0."}, {"ans": [true, true, 0.9], "reasoning": "The image shows a trumpet without a mouthpiece. The main object in the image is a trumpet, which is clearly visible. The mouthpiece is not attached to the trumpet, indicating it is either missing or not visible. The image is clear and well-lit, allowing for a good view of the trumpet's details. The quality of the image is rated 0.9 because it is clear and well-focused, with no significant issues affecting the visibility of the trumpet."}, {"ans": [true, false, 1.0], "reasoning": "The image is showing a robot with a visible head, so the answer to the first question is True. The head is not missing or not visible, so the answer to the second question is False. The image is clear and well-lit, with the robot being the main focus, so the quality is rated as 1."}, {"ans": [true, true, 1.0], "reasoning": "The image shows a candle, which is the main object. The wick is not visible on the candle, indicating it is either missing or not visible."}, {"ans": [true, false, 0.95], "reasoning": "The image shows a pizza that is cut into slices and topped with various ingredients, including tomatoes and basil leaves. The presence of a red sauce and what appears to be melted cheese indicates that it is a pizza. Therefore, the answer to Question 1 is True. Upon closer inspection, the cheese is visible and appears to be melted on top of the pizza, so the answer to Question 2 is False. The image is clear and well-lit, with a good view of the pizza and its toppings, so the quality is rated as 0.95."}, {"ans": [true, true, 0.9], "reasoning": "The image shows a DSLR camera body mounted on a wall, with the lens mount visible and no lens attached. The camera body is clearly identifiable as a DSLR due to its shape and the presence of a mirror and other internal mechanisms visible through the lens mount. The absence of a lens is evident, as the lens mount is empty. The image quality is high, with clear details of the camera and its surroundings."}, {"ans": [true, false, 0.95], "reasoning": "The image shows a grand piano on a stage in a large auditorium. The piano is open, and the keys are visible. The presence of the piano is clear, so the answer to Question 1 is True. The keys are visible, so they are not missing or invisible, making the answer to Question 2 False. The image is clear and well-lit, showing the piano and the auditorium in detail. The quality of the image is high, rated as 0.95, as it effectively captures the scene without any significant issues."}, {"ans": [true, false, 0.9], "reasoning": "The image is showing a paintbrush with bristles. The bristles are visible and appear to be covered in paint. Therefore, the answer to Question 1 is True because the image is showing a paintbrush. The answer to Question 2 is False because the bristles are not missing or invisible; they are clearly visible. The quality of the image is rated 0.9 because it is clear and well-focused, showing the details of the paintbrush and the surrounding palette."}, {"ans": [true, true, 0.9], "reasoning": "The image shows a watch with a visible face and body, but the strap is not visible as it is likely obscured by the angle of the watch or the surface it is resting on. The watch is clearly the main object in the image, so the answer to the first question is True. The strap is not visible, so the answer to the second question is True. The image is of high quality, with clear details of the watch face and body, so the quality score is 0.9."}, {"ans": [true, false, 0.9], "reasoning": "The image shows a young man sitting in a dentist's chair with his mouth open, revealing his teeth and tongue. The dentist is holding dental tools near the patient's mouth. The main object, the mouth, is clearly visible, so the answer to the first question is True. The tongue is also visible inside the open mouth, so the answer to the second question is False. The image quality is high, with clear details of the scene, so the quality score is 0.9."}, {"ans": [true, false, 0.9], "reasoning": "The image clearly shows a motorcycle in the center of the frame. The motorcycle is facing to the left and has its handlebars visible. Therefore, the answer to the first question is True. For the second question, since the handlebars are visible, the answer is False. The image is well-lit and the motorcycle is prominently displayed, so the quality is rated as 0.9. The presence or absence of handlebars does not affect the quality score as per the instructions."}, {"ans": [true, false, 1.0], "reasoning": "The image clearly shows a television set, which is the main object in question. The television is an older model with a wooden cabinet and visible internal components below the screen. The screen is present and visible, displaying a static image. Therefore, the answer to the first question is True. For the second question, since the screen is visible, the answer is False. The image is of high quality, accurately representing the details of the television and its surroundings, hence the quality score is 1."}, {"ans": [true, false, 0.9], "reasoning": "The image clearly shows a goat standing on a rocky outcrop, with a mountainous background. The goat has a thick white coat and appears to have horns, although they are not very large. The image is well-lit and in focus, with good detail visible on the goat's fur and the surrounding rocks. The horns are visible, so they are not missing or not visible."}, {"ans": [true, false, 1.0], "reasoning": "The image clearly shows a red sneaker with white soles and laces. The laces are visible and appear to be part of the shoe, indicating that they are not missing. The image is of high quality, with clear details of the sneaker and its features."}, {"ans": [true, false, 0.9], "reasoning": "The image clearly shows a frog sitting on a lily pad in the water. The frog's eyes are visible and clearly defined, indicating that they are not missing or invisible. The image is of high quality, with clear details of the frog's features and its surroundings. The only reason for not giving it a perfect score is the slight blurriness around the edges, but this does not detract from the main subject."}, {"ans": [true, false, 0.9], "reasoning": "The image is showing a mug with a handle, so the answer to the first question is True. The handle is visible, so the answer to the second question is False. The quality of the image is rated 0.9 because it is clear and well-lit, with no visible distortions or obstructions."}, {"ans": [true, false, 0.9], "reasoning": "The image shows a saxophone, which is the main object in the image. The saxophone appears to be intact with its keys visible, so the keys are not missing or not visible. The image is clear and well-lit, showing the details of the instrument, hence the high quality score."}, {"ans": [true, false, 1.0], "reasoning": "The image is showing a skateboard with wheels. The skateboard is positioned on a brick surface, and its wheels are visible and appear to be intact. The presence of the wheels indicates that they are not missing. The image is clear and well-lit, allowing for a detailed view of the skateboard and its components. Therefore, the answer to Question 1 is True, and the answer to Question 2 is False. The quality of the image is rated as 1 because it is clear and well-composed, with the skateboard being the main focus."}, {"ans": [true, false, 0.9], "reasoning": "The image shows a black fedora hat on a wooden stand. The hat is clearly visible and has a brim, which is also visible. Therefore, the answer to Question 1 is True because the image is showing a fedora. The answer to Question 2 is False because the brim is visible. The quality of the image is rated 0.9 because it is clear and well-lit, with no visible distortions or obstructions."}, {"ans": [true, false, 0.9], "reasoning": "The image clearly shows a motorcycle helmet with a visor. The visor is present and visible, indicating that it is not missing. The image is of high quality, with clear details of the helmet and its surroundings."}, {"ans": [true, true, 1.0], "reasoning": "The image clearly shows a bedframe, which is the main object. The bedframe is ornate and made of wood, with intricate carvings on the headboard and footboard. There is no mattress visible on the bedframe. The quality of the image is high, as it is clear and well-lit, showing the details of the bedframe and the surrounding environment."}, {"ans": [true, false, 1.0], "reasoning": "The image shows a clock tower, which is the main object. The clock face is visible on the tower, so it is not missing. The image is clear and well-lit, with no visible distortions or obstructions, hence the quality is rated as 1."}, {"ans": [true, false, 1.0], "reasoning": "The image clearly shows a pocket watch with its cover open, revealing the inner workings and the hands. The presence of the watch and its hands is evident, making the first answer 'true'. The hands are visible on the watch face, so the second answer is 'false'. The image is of high quality, with clear details of the watch and its components, hence the quality score is 1."}, {"ans": [true, false, 1.0], "reasoning": "The image clearly shows a bicycle leaning against a stone wall. The bicycle is red with 'ROM' written on the frame and has two wheels, handlebars, and a chain. The pedals are visible and appear to be attached to the bicycle, indicating that they are not missing. The image is well-lit and in focus, allowing for a clear view of the bicycle and its components. Therefore, the answer to Question 1 is True because the image is showing a bicycle. The answer to Question 2 is False because the pedals are visible and not missing. The quality of the image is rated 1 because it is clear and well-lit, with no visible distortions or obstructions."}, {"ans": [true, false, 1.0], "reasoning": "The image shows a portrait of a woman with visible eyes, answering 'true' to the first question as it is a portrait of a woman. For the second question, the eyes are visible, so 'false' is the appropriate response because the eyes are not missing or invisible. The quality is rated '1' because the image is clear and well-lit, with no visible distortions or issues that would detract from its quality."}, {"ans": [true, false, 0.9], "reasoning": "The image clearly depicts a grand piano on a stage, with its lid open and the internal mechanisms visible. The presence of the piano is evident, satisfying the first question. For the second question, the hammers are visible inside the piano, indicating they are not missing. The quality of the image is high, with clear details of the piano and its components, hence a score of 0.9."}, {"ans": [true, true, 0.9], "reasoning": "The image depicts a sailing ship with three masts and no visible sails. The ship is shown in the water, with its hull and rigging clearly visible. The absence of sails is noticeable, as the yards are bare and there are no visible sailcloths. The image is of high quality, with clear details and a well-defined subject."}, {"ans": [true, false, 1.0], "reasoning": "The image shows a large tree with a thick trunk and sprawling branches, which is identifiable as an oak tree due to its characteristic shape and structure. The leaves are present on the tree, although they are not densely packed, indicating that the tree is likely in a state of partial foliage. The image is clear and well-lit, allowing for a detailed view of the tree's features."}, {"ans": [true, false, 0.9], "reasoning": "The image depicts a stone cottage with a tiled roof and a chimney, surrounded by trees and vines. The cottage is clearly visible, indicating that the main object (cottage) is present. The door is visible on the left side of the cottage, so it is not missing or invisible. The image is of high quality, with clear details and a realistic representation of the scene."}, {"ans": [true, false, 1.0], "reasoning": "The image clearly shows a passenger jet on a runway. The wings are visible and not missing, so the answer to the first question is True and the second is False. The image is clear and well-lit, hence the quality is rated as 1."}, {"ans": [true, true, 1.0], "reasoning": "The image shows a wristwatch in a box. The watch face is gray with silver hands but lacks numbers. The presence of a watch face and hands indicates it is a wristwatch. The absence of numbers on the watch face means the numbers are missing or not visible. The image is clear and well-lit, showing the watch and its details clearly, hence the quality is rated as 1."}, {"ans": [true, false, 1.0], "reasoning": "The image is showing a pizza with a thick layer of red sauce and basil leaves on top. There are visible white spots in the sauce that appear to be melted cheese. The crust is golden brown and has a decorative edge. The presence of these white spots indicates that the pizza is not without cheese. Therefore, the answer to Question 1 is True because the image is showing a pizza. The answer to Question 2 is False because the cheese is visible on the pizza. The quality of the image is rated 1 because it is clear and well-lit, and the key elements of the pizza are easily visible."}, {"ans": [true, false, 0.9], "reasoning": "The image clearly shows traffic signals hanging above the road. The lights on the traffic signals are visible, indicating that they are not missing. The quality of the image is high, with clear details of the traffic signals and the surrounding environment. The brightness of the sun does not hinder the visibility of the traffic signals or their lights."}, {"ans": [true, false, 1.0], "reasoning": "The image clearly shows a skateboard with wheels, so the answer to the first question is True. The wheels are visible, so the answer to the second question is False. The image is well-lit and in focus, so the quality is rated as 1."}, {"ans": [true, true, 0.9], "reasoning": "The image clearly shows a chessboard with the white pieces set up on one side and the absence of black pieces on the other side is evident. The chessboard is the main object, and it is present. The black pieces are not visible on the board, indicating they are missing. The image is of high quality, with clear details of the chessboard and pieces, hence a quality score of 0.9."}, {"ans": [true, false, 0.9], "reasoning": "The image is showing a red sports car, which is the main object. The sports car is clearly visible and has its doors open, revealing the interior. The brakes are visible through the spokes of the wheels, so they are not missing or invisible. The image is of high quality, with good lighting and reflection on the floor, but the quality score is not 1 because the image is slightly overexposed."}, {"ans": [true, true, 1.0], "reasoning": "The image is showing an open book on a wooden table. The pages of the book are blank, indicating that there is no text visible. Therefore, the answer to the first question is True because the image is showing a book. The answer to the second question is also True because the text is not visible, as the pages are blank. The quality of the image is rated as 1 because it is clear and well-lit, with no visible distortions or issues that would detract from the viewer's understanding of the scene."}, {"ans": [true, false, 0.9], "reasoning": "The image clearly shows a computer tower with visible internal components, including fans. The computer tower is the main object in the image, and it is displayed on a desk with other peripherals. The fans are visible through the transparent side panel of the computer tower, so they are not missing or invisible. The image is well-lit and in focus, indicating a high-quality image. However, the quality score is not 1 because the background is not perfectly uniform, with some slight shadowing visible."}, {"ans": [true, true, 1.0], "reasoning": "The image shows a scarecrow in a field. The scarecrow is made of straw and is wearing a hat and a plaid shirt. The arms of the scarecrow are not visible, as they are either missing or obscured by the straw. Therefore, the answer to the first question is True, as the image is showing a scarecrow. The answer to the second question is also True, as the arms are not visible. The quality of the image is rated as 1, as it is clear and well-defined."}, {"ans": [true, true, 0.9], "reasoning": "The image depicts a man in armor, which is consistent with the representation of a knight. The presence of armor and the context suggest that the individual is indeed a knight. However, upon closer inspection, it is evident that the knight is not holding a sword, and there is no visible sword in the image. Therefore, the sword is considered missing or not visible. The image quality is rated high because the details of the knight's armor and the background are clear and well-defined."}, {"ans": [true, false, 1.0], "reasoning": "The image shows a teapot with a handle, spout, and lid, decorated with a floral pattern. The teapot is placed on a bamboo tray. The presence of the teapot answers the first question affirmatively. The handle is visible on the right side of the teapot, so it is not missing or invisible, answering the second question negatively. The image is clear and well-lit, with the teapot as the main focus, indicating high quality."}, {"ans": [true, false, 1.0], "reasoning": "The image clearly shows a basketball hoop with a net. The basketball hoop is the main object in the image, and it is visible along with its net. Therefore, the answer to the first question is True. The net is also visible, attached to the hoop, so the answer to the second question is False. The image is clear and well-lit, showing all the necessary details of the basketball hoop and net, hence the quality is rated as 1."}, {"ans": [true, false, 0.9], "reasoning": "The image shows a dining table set with plates, silverware, and glasses. The table is covered with a white tablecloth and has a formal setting. The main object in the image is the dining table, which is present. Therefore, the answer to Question 1 is True. For Question 2, the glasses are visible on the table, so they are not missing or invisible. Hence, the answer to Question 2 is False. The quality of the image is rated 0.9 because it is clear and well-lit, with no visible distortions or obstructions."}, {"ans": [true, false, 0.9], "reasoning": "The image clearly shows a vintage typewriter on a wooden desk. The typewriter is the main object in the image, and it is visible in detail. The ribbon is visible and appears to be properly installed on the typewriter. The image is of high quality, with clear details of the typewriter and its components. The only reason for not giving it a perfect score is the slight darkness and wear on the image, but it does not affect the visibility of the main object or the ribbon."}, {"ans": [true, false, 1.0], "reasoning": "The image prominently displays a winter jacket, which is the main object. The jacket is beige, puffy, and has a fur-lined hood. It is hanging on a coat rack. The presence of the jacket confirms the answer to the first question as True. For the second question, the jacket appears to be fastened with buttons rather than a zipper, but there is no visible zipper, yet it is not considered missing since the jacket is designed to be buttoned. The image is clear and well-lit, showing the details of the jacket and its surroundings, hence the quality is rated as 1."}, {"ans": [true, false, 0.9], "reasoning": "The image clearly shows a sunflower, which is the main object in question. The seeds are visible on the sunflower, so they are not missing or invisible. The image is of high quality, with clear details of the sunflower and its seeds, and a well-defined background. The slight deduction in quality score is due to the minor pixelation visible upon close inspection."}, {"ans": [true, false, 0.95], "reasoning": "The image prominently features an elephant with its trunk clearly visible. The main object in the image is an elephant, so the answer to the first question is True. Since the trunk is visible, the answer to the second question is False. The image is of high quality, capturing the details of the elephant and its surroundings effectively, hence the quality score is 0.95."}, {"ans": [true, false, 0.9], "reasoning": "The image shows a rowboat, which is the main object in the image. The boat is white with a red bottom and has a wooden seat and oarlocks. The oars are present inside the boat, leaning against the right side. Therefore, the answer to Question 1 is True. For Question 2, since the oars are visible inside the boat, the answer is False. The quality of the image is rated 0.9 because it is clear and well-focused, with no significant issues affecting its overall quality."}, {"ans": [true, false, 0.9], "reasoning": "The image clearly shows a snowman with a hat, scarf, and buttons. The snowman is the main object in the image, and it is visible and well-defined. The buttons on the snowman are also visible, so they are not missing or invisible. The quality of the image is high, with clear details and a well-composed scene. The only reason for not giving it a perfect score is the slight blurriness in some parts of the background."}, {"ans": [true, false, 0.9], "reasoning": "The image shows a fountain pen with a nib touching a notebook. The pen is red with gold accents and has a visible nib, indicating it is a fountain pen. The nib appears to be in contact with the paper, suggesting it is being used or is ready for use. The ink is visible within the pen's nib and feed, so it is not missing or invisible."}, {"ans": [true, true, 0.8], "reasoning": "The image shows a paintbrush with a visible handle and metal ferrule, but the bristles are not visible as they are likely submerged in the paint on the palette. The presence of the paintbrush is clear, answering the first question affirmatively. For the second question, the bristles are not visible, so they are considered missing. The image quality is rated 0.8 because it is a close-up and clear, but the context around the paintbrush is limited."}, {"ans": [true, false, 1.0], "reasoning": "The image clearly shows a pair of eyeglasses with round lenses and thin metal frames on top of a stack of papers. The temples of the eyeglasses are visible, extending outwards from the frames. Therefore, the answer to the first question is True because the image is showing eyeglasses. The answer to the second question is False because the temples are visible and not missing. The quality of the image is rated as 1 because it is clear and well-focused, with no significant issues affecting the visibility of the main subject, the eyeglasses."}, {"ans": [true, false, 0.9], "reasoning": "The image clearly shows a woman holding an umbrella on a rainy day. The umbrella is visible and appears to be intact, with no visible signs of damage or missing parts. The ribs of the umbrella are visible, indicating that they are not missing. The image is well-lit and in focus, with a clear view of the umbrella and its details. The quality of the image is high, with a score of 0.9 out of 1."}, {"ans": [true, false, 0.9], "reasoning": "The image clearly shows a wristwatch with a visible face and band, answering the first question as true. The hour markers are visible on the outer rim of the watch face, indicating that they are not missing, so the answer to the second question is false. The quality of the image is rated 0.9 because it is clear and well-lit, with no visible distortions or obstructions that would hinder the view of the watch."}, {"ans": [true, false, 1.0], "reasoning": "The image shows a camping tent with its structure intact and visible. The tent is set up on a grassy field, and its fabric is clearly visible. The poles of the tent are visible and appear to be supporting the structure. Therefore, the answer to the first question is True. For the second question, since the poles are visible, the answer is False. The image quality is rated as 1 because it clearly shows the tent and its components."}, {"ans": [true, true, 0.8], "reasoning": "The image is showing a cuckoo clock, which is the main object. The weights are not visible in the image, they are likely to be hidden behind the decorative elements at the bottom of the clock. Therefore, the answer to the first question is True. The weights are not visible, so the answer to the second question is True. The image is clear and well-lit, but it is a close-up shot, which might limit the visibility of some details. However, the key elements of the cuckoo clock are visible, so the quality score is 0.8."}, {"ans": [true, true, 0.9], "reasoning": "The image clearly shows a smartphone standing upright on a table. The phone's screen is on and displays various icons and information. The phone's body is visible, and there is no visible speaker grille on the visible side of the phone. The image is well-lit and in focus, indicating a high-quality image. The absence of a visible speaker grille on the phone suggests that it is either missing or not visible, which aligns with the second question."}, {"ans": [true, true, 0.8], "reasoning": "The image clearly shows a motorcycle, fulfilling the first question's condition. The speedometer is not visible in the provided image, as the handlebars and the front part of the motorcycle are shown, but the dashboard or any instrument cluster is not visible, thus answering the second question as true. The image quality is rated 0.8 because it is clear and well-focused on the motorcycle, capturing its details effectively despite being slightly dusty."}, {"ans": [true, true, 1.0], "reasoning": "The image shows a violin and a bow. The bow is present, so the answer to the first question is True. The hair on the bow is not visible, so the answer to the second question is True. The image is clear and well-lit, and the violin and bow are the main focus, so the quality is rated as 1.0."}, {"ans": [true, false, 0.9], "reasoning": "The image shows a large, ornate birdcage hanging from the ceiling of a porch. The birdcage is the main object in the image and is clearly visible. Inside the birdcage, there is a bird perched on a structure that appears to be a perch or a stand, indicating that the perch is present. Therefore, the answer to Question 1 is True because the image is showing a birdcage. The answer to Question 2 is False because the perch is visible inside the birdcage. The quality of the image is rated 0.9, indicating a high-quality image with clear details."}, {"ans": [true, false, 1.0], "reasoning": "The image is showing a statue of a woman. The statue is intact and has a head, so the head is not missing. The image is clear and well-lit, and the statue is the main focus. The quality of the image is high, with good resolution and detail."}, {"ans": [true, false, 1.0], "reasoning": "The image is showing a teddy bear with a nose, so the answer to the first question is True. The nose is visible on the teddy bear's face, so the answer to the second question is False. The image is clear and well-lit, and the teddy bear is the main focus, so the quality score is 1."}, {"ans": [true, false, 1.0], "reasoning": "The image clearly shows a pair of white sneakers with laces, leaning against a door. The sneakers are the main object in the image, and they are visible in detail. The laces are also visible and appear to be intact. Therefore, the answer to Question 1 is True, as the image is showing sneakers. The answer to Question 2 is False, as the laces are not missing or invisible. The image quality is rated as 1, as it is clear and well-lit, with no visible distortions or obstructions."}, {"ans": [true, false, 1.0], "reasoning": "The image clearly shows a refrigerator with its door open, revealing the interior. The refrigerator is the main object in the image, and it is visible in its entirety. The door shelves are also visible inside the refrigerator. Therefore, the answer to the first question is True. Since the door shelves are visible, the answer to the second question is False. The image is of high quality, as it is clear and well-lit, so the quality score is 1."}, {"ans": [true, false, 0.9], "reasoning": "The image depicts a group of five young women sitting around a campfire in a forest clearing. The campfire is the central focus, with flames visible, indicating that it is lit. The presence of the campfire and the women gathered around it suggests a social gathering or camping activity. The image is well-lit, with rays of light shining down from above, adding to the ambiance. The quality of the image is high, with clear details and a realistic representation of the scene. The flames are visible, so they are not missing or invisible."}, {"ans": [true, false, 1.0], "reasoning": "The image shows a drinking fountain with water flowing from it, indicating that it is present and visible. The main object in the image is indeed a drinking fountain, so the answer to the first question is True. Since the water is visible and flowing, the answer to the second question is False. The image is clear and well-lit, showing the drinking fountain and its surroundings in detail, so the quality score is 1."}, {"ans": [true, true, 1.0], "reasoning": "The image clearly shows a revolver. The trigger guard is not visible as it is obscured by the finger pointing at it. The image is of high quality as it is clear and well-lit."}, {"ans": [true, false, 1.0], "reasoning": "The image is a detailed illustration of a compass rose, which is clearly visible and centered in the image. The compass rose includes the cardinal directions (N, E, S, W) and is decorated with intricate designs and maps in the background. The north arrow is present and visible, pointing towards the top of the image. Therefore, the answer to Question 1 is True because the image is showing a compass rose. The answer to Question 2 is False because the north arrow is not missing; it is clearly visible. The quality of the image is rated as 1 because it is clear and detailed, with all elements of the compass rose and its decorations clearly visible."}, {"ans": [true, false, 0.9], "reasoning": "The image depicts a futuristic cityscape with tall, sleek skyscrapers that are characteristic of a sci-fi setting. The presence of these skyscrapers, some of which have visible neon lights and details, answers the first question affirmatively. For the second question, upon closer inspection, it is evident that some of the skyscrapers do have visible windows or window-like features, although they might not be traditional windows. The quality of the image is rated high because it clearly conveys a futuristic cityscape with detailed structures and ambiance, despite the somewhat abstract representation of the buildings and the presence of fog or mist in the background."}, {"ans": [true, true, 0.9], "reasoning": "The image shows a man in a black suit standing on a stage with his back to the camera, facing an orchestra. He has his right arm raised, which is a common gesture for a conductor. The presence of the orchestra and the man's attire and gesture suggest that he is indeed a conductor. Therefore, the answer to Question 1 is True. For Question 2, since the conductor's hand is empty and there is no visible baton, it can be inferred that the baton is either missing or not visible. Hence, the answer to Question 2 is True. The quality of the image is rated 0.9 because it is clear and well-focused, capturing the details of the scene without any significant distractions or blurriness."}, {"ans": [false, false, 0.8], "reasoning": "The image depicts a soccer field, but there is no soccer goal visible in the provided image. Therefore, the answer to the first question is False because the main object (soccer goal) is not present. For the second question, since there is no soccer goal visible, it's not possible to determine if the crossbar is missing or not visible, but given the absence of the goal, the condition for answering the second question isn't met. The image quality is rated 0.8 because it clearly shows the soccer field, but the absence of a soccer goal means it doesn't meet the criteria for a perfect score."}, {"ans": [true, false, 0.9], "reasoning": "The image clearly shows a microscope on a table in a laboratory setting. The microscope is white with black eyepieces and has multiple lenses visible. The presence of the microscope answers the first question affirmatively. For the second question, the lenses are clearly visible on the microscope, so they are not missing or invisible. The image is of high quality, with clear details of the microscope and its components, hence a quality score of 0.9."}]