[{"ans": [true, false, 1.0], "reasoning": "The image is showing a sailboat with its sails visible, so it meets the condition for question 1. The sails are present and visible, so the answer to question 2 is False. The image is clear and well-defined, with no visible distortions or issues, so the quality is rated as 1."}, {"ans": [true, true, 0.9], "reasoning": "The image clearly shows a bicycle, so the answer to the first question is True. The bicycle is depicted without a visible chain, which directly answers the second question as True because the chain is not visible. The quality of the image is rated 0.9 because it is clear and well-defined, showing the bicycle in detail. The absence of the chain does not negatively affect the quality score as per the instructions."}, {"ans": [false, true, 0.9], "reasoning": "The image shows a cat-like figure, but it appears to be a statue or sculpture rather than a real cat due to its smooth, matte texture and lack of fur. The object in the image is cat-like, but it's not a living cat. Therefore, the answer to the first question is False because the image is not showing a real cat. The whiskers are not visible, so the answer to the second question is True. The quality of the image is rated 0.9 because it is clear and well-lit, with no visible distortions or artifacts."}, {"ans": [true, false, 1.0], "reasoning": "The image depicts a structure that resembles a castle or a fortified building with two towers and a central opening that could be interpreted as a gate. The presence of the towers and the stone construction suggests a fortified or defensive structure, which aligns with the concept of a castle. The gate appears to be present and visible in the image, as there are no indications that it is missing or not visible; the opening is clear and there are stairs leading up to it. Therefore, for Question 1, the answer is True because the image does show a castle-like structure. For Question 2, the answer is False because the gates are not missing or invisible; there is a visible opening that serves as the gate. The quality of the image is rated 1.0 because it is clear and well-defined, allowing for easy interpretation of the scene."}, {"ans": [true, false, 0.9], "reasoning": "The image is showing a hot-air balloon with a visible basket, so it meets the condition for question 1. The basket is visible, so the answer to question 2 is False. The image is clear and well-lit, with the hot-air balloon being the main focus, so the quality is rated as 0.9."}, {"ans": [false, false, 1.0], "reasoning": "The image depicts a crab on a sandy beach with waves washing over it. The main object in the image is a crab, not a turtle. Therefore, the answer to Question 1 is False because the image is not showing a turtle. The crab has a visible shell, so the answer to Question 2 is False because the shell is not missing or invisible. The image is clear and well-lit, and there are no visible issues that would affect its quality. Thus, the quality rating is 1.0."}, {"ans": [true, false, 0.9], "reasoning": "The image clearly shows a train at a station, so the answer to Question 1 is True. The wheels of the train are not directly visible but the presence of tracks and the train's positioning on them indicates that it has wheels. Therefore, the answer to Question 2 is False because the wheels are not missing, they are just not visible from the given angle. The image is well-lit and in focus, capturing the train and the station platform clearly, hence a high quality score of 0.9."}, {"ans": [true, false, 1.0], "reasoning": "The image clearly shows a pair of eyeglasses with lenses. The glasses are positioned on a reflective surface, and both the lenses and their reflection are visible, indicating that the lenses are present and visible. Therefore, the answer to Question 1 is True because the image is showing eyeglasses with lenses. The answer to Question 2 is False because the lenses are not missing or invisible; they are clearly visible. The quality of the image is rated as 1 because it is clear and well-lit, with no visible distortions or obstructions that would affect the visibility of the main object or its key elements."}, {"ans": [true, false, 1.0], "reasoning": "The image shows a disassembled fountain pen with two parts: the nib section and the cap. The nib is visible on both parts, so the main object (fountain pen) is present. The nib is visible, so it is not missing or not visible. The image is clear and well-lit, with no visible defects or distractions, so the quality is rated as 1."}, {"ans": [true, true, 1.0], "reasoning": "The image depicts a metal structure that resembles an umbrella frame without a canopy, standing next to a chair. The structure has a central pole and a network of wires forming a dome shape, characteristic of an umbrella. However, it lacks the fabric or material typically covering an umbrella's frame. Thus, for Question 1, the image is showing an umbrella without a canopy, so the answer is True. For Question 2, the canopy is indeed missing, so the answer is True. The quality of the image is rated 1.0 because it is clear and well-lit, effectively showing the details of the scene without any significant issues."}, {"ans": [false, true, 1.0], "reasoning": "The image shows an airport runway with a cloudy sky. There is no visible airplane in the image. Therefore, the answer to the first question is False because the main object (airplane) is not present. The second question is about the visibility of the wings, but since there is no airplane, it implies that the wings are either missing or not visible, so the answer is True. The quality of the image is rated 1 because it is clear and well-lit, and the absence of an airplane does not negatively impact the quality score as per the instructions."}, {"ans": [true, false, 0.9], "reasoning": "The image shows a desk lamp with a brass finish and a large, curved shade. The lamp is turned on, and the light bulb is visible as a small, glowing orb at the bottom of the shade. The lamp is sitting on a wooden table next to an open book. The image is well-lit and in focus, with good contrast between the lamp and the background. The presence of the lamp and its clear visibility indicates that the main object is indeed a desk lamp. The bulb is visible, albeit partially obscured by the shade, indicating that it is not missing."}, {"ans": [true, false, 1.0], "reasoning": "The image shows a bass guitar, which is a type of electric guitar. The body and neck of the guitar are clearly visible, indicating that the neck is not missing. The image is well-lit and of high quality, with no visible distortions or obstructions."}, {"ans": [true, true, 1.0], "reasoning": "The image depicts a metallic object resembling a fish, with a body and head but without visible fins. The object is centered in the image, floating on a teal-colored surface with wavy patterns, suggesting water. The absence of fins is notable, as they are not visible or present on the object. The image quality is high, with clear details of the object's surface and the surrounding water. Therefore, the answer to the first question is True because the image shows a fish-like object. The answer to the second question is also True because the fins are not visible. The quality of the image is rated 1, indicating it is clear and well-defined."}, {"ans": [true, false, 1.0], "reasoning": "The image shows a small brick cottage with a tiled roof, situated in a field. The cottage is the main object in the image, and it is clearly visible. The roof is present and visible, covering the cottage. The image is of high quality, with clear details and good lighting."}, {"ans": [true, false, 0.8], "reasoning": "The image is showing the interior of a vintage car, with a red dashboard and steering wheel, and a visible windshield. The windshield is present and visible, so the answer to the second question is False. The image is of high quality, but the presence of a grid pattern in the background slightly reduces its quality, hence a score of 0.8."}, {"ans": [true, false, 0.9], "reasoning": "The image depicts a colorful keyboard with a grid of keys, which is the main object. The keyboard is present, so the answer to the first question is True. Upon closer inspection, it is evident that the spacebar is visible and not missing, as there is a single long key at the bottom row that spans across the keyboard, which is typically the spacebar. Therefore, the answer to the second question is False. The image is clear and well-rendered, with no significant issues affecting its quality, so the quality score is 0.9."}, {"ans": [true, true, 0.8], "reasoning": "The image depicts a creature that resembles an owl, characterized by its large round eyes and facial structure. However, the creature lacks feathers, appearing to have a smooth, possibly stone-like texture. The absence of feathers is evident, making the representation somewhat abstract or stylized. The image quality is generally high, with clear details in the creature and the background, including the moon and clouds. The overall composition and lighting are well-executed, contributing to the image's quality score."}, {"ans": [true, true, 0.9], "reasoning": "The image shows a leather-bound book with an empty cover, suggesting that the pages are missing or not visible. The book is prominently displayed on a wooden surface, with a shelf of other books in the background. The image is well-lit and detailed, with clear textures and colors. The quality of the image is high, with a score of 0.9 out of 1. The main object, a book, is present, so the answer to the first question is true. The pages are not visible, so the answer to the second question is also true."}, {"ans": [true, false, 1.0], "reasoning": "The image clearly shows a lighthouse, which is the main object in question. The lighthouse is white with a red top and has a railing around the top section. The lamp or light source is visible inside the top section of the lighthouse, indicating that it is not missing. Therefore, the answer to the first question is True because the image is showing a lighthouse. The answer to the second question is False because the lamp is visible. The quality of the image is rated as 1 because it is clear and well-defined, with no visible distortions or issues that would detract from the visibility of the lighthouse or its details."}, {"ans": [true, true, 1.0], "reasoning": "The image is showing a beige, cushioned armchair with a rounded back and arms, sitting on a patterned rug against a plain wall. The chair appears to be a modern design with a soft, fabric cover. The legs of the chair are not visible, suggesting that it is either missing or not visible. The image is clear and well-lit, with good resolution. The main object in the image is the armchair, which is clearly visible. Therefore, the answer to Question 1 is True. The legs of the chair are not visible, so the answer to Question 2 is True. The image quality is good, with no visible distortions or issues, so the quality score is 1.0."}, {"ans": [false, true, 0.9], "reasoning": "The image depicts a creature that resembles a deer but has a humanoid face, standing in a forest. For Question 1, the image does not show a deer as it has a humanoid face, so the answer is False. For Question 2, the antlers are not visible, so the answer is True. The quality of the image is rated 0.9 because it is clear and well-lit, with no significant issues affecting its overall quality."}, {"ans": [true, false, 1.0], "reasoning": "The image shows a white envelope with its flap visible and partially open. The envelope is centered on a marble surface. For Question 1, the main object is indeed an envelope, so the answer is True. For Question 2, the flap is visible, so it is not missing or not visible, making the answer False. The image is clear and well-lit, showing the envelope and its details, so the quality is rated 1."}, {"ans": [true, true, 1.0], "reasoning": "The image shows a wall clock, which is the main object in question. The clock face is white with black hands, and there are no numbers visible on the clock face. The presence of the clock answers the first question affirmatively. For the second question, the numbers are indeed missing or not visible on the clock face, so the answer is true. The quality of the image is rated 1.0 because it clearly displays the clock and its features without any significant distortion or obstruction."}, {"ans": [true, false, 0.9], "reasoning": "The image depicts a person wearing a white space suit, including a helmet, floating in a swimming pool. The presence of the space suit, which is the main object, is evident. The helmet is clearly visible on the person's head, indicating it is not missing. The image is of high quality, with clear details of the space suit and its surroundings, thus the quality score is 0.9. The slight deduction from 1 is due to minor factors such as slight water ripples or reflections that might slightly affect clarity, but these do not detract significantly from the overall quality or the visibility of the main elements."}, {"ans": [true, false, 1.0], "reasoning": "The image clearly shows a windmill with visible blades standing in a field of wheat. The windmill is the main object in the image, and it is intact with its blades present and visible. Therefore, the answer to the first question is True because the image is showing a windmill. The answer to the second question is False because the blades are not missing; they are clearly visible. The quality of the image is rated 1 because it is clear and well-defined, with no issues affecting the visibility of the main object or its key elements."}, {"ans": [true, true, 1.0], "reasoning": "The image clearly depicts a tree without leaves. The main object in the image is a tree, and it is visible and well-defined. The branches and trunk of the tree are clearly visible against a blue sky with some clouds. The absence of leaves on the tree is evident, as the branches are bare. Therefore, the answer to the first question is True because the image is showing a tree. The answer to the second question is also True because the leaves are missing or not visible on the tree. The quality of the image is rated as 1.0 because it is clear and well-defined, with no apparent issues that would detract from its quality."}, {"ans": [true, true, 1.0], "reasoning": "The image shows a yellow school bus parked in a designated parking space. The bus is facing to the right, and its side is visible. The bus has several windows along its length, through which the yellow seats inside can be seen. The rear of the bus is visible, showing a door and a ladder or step. The front of the bus is not visible as it is facing to the right. The doors on the side of the bus are not visible as the image only shows the side and rear. Therefore, for Question 1, the image is showing a bus, so the answer is True. For Question 2, the doors are not visible from the side shown, so the answer is True. The image is clear and well-lit, showing the bus and its surroundings in detail, so the quality is rated as 1."}, {"ans": [true, false, 1.0], "reasoning": "The image shows a laptop on a wooden table. The laptop is open and facing the camera, with its screen visible. The screen is blank and white, but it is present and not missing. Therefore, the answer to Question 1 is True because the image is showing a laptop. The answer to Question 2 is False because the screen is visible. The quality of the image is rated as 1 because it is clear and well-lit, with no visible distortions or issues."}, {"ans": [true, true, 1.0], "reasoning": "The image clearly shows a trumpet, which is the main object. The trumpet is depicted without a mouthpiece, as the part where the mouthpiece is attached is visible but the mouthpiece itself is not present. Therefore, for Question 1, the answer is True because the image is showing a trumpet. For Question 2, the answer is True because the mouthpiece is missing. The quality of the image is rated 1 because it is clear and well-defined, showing the trumpet in detail."}, {"ans": [true, false, 1.0], "reasoning": "The image clearly depicts a robot with a visible head, answering the first question affirmatively. The head is present and visible, so the answer to the second question is false. The image is of high quality, with clear details of the robot's structure and surroundings."}, {"ans": [true, true, 1.0], "reasoning": "The image shows a cylindrical candle on a silver tray. The candle is white and appears to be made of wax. There is no visible wick on the candle. The image is clear and well-lit, allowing for a good view of the candle and its surroundings. The quality of the image is high, as it is sharp and free of distractions."}, {"ans": [true, false, 1.0], "reasoning": "The image is showing a pizza with visible cheese, so it answers 'true' to the first question. The cheese is visible, so it answers 'false' to the second question about the cheese being missing or not visible. The image is clear and well-lit, showing all the details of the pizza, hence the quality is rated as 1."}, {"ans": [true, true, 1.0], "reasoning": "The image is showing a DSLR camera body without a lens, as the internal mechanism of the camera mount is visible. The camera is the main object in the image, so the answer to the first question is True. The lens is missing, so the answer to the second question is True. The image is clear and well-lit, and the camera is centered and prominent, so the quality score is 1."}, {"ans": [true, true, 1.0], "reasoning": "The image shows a grand piano on a stage in an auditorium. The piano is black and appears to be a concert grand piano. The lid is closed, which means the keys are not visible. Therefore, for Question 1, the answer is True because the image is showing a piano. For Question 2, the answer is True because the keys are not visible due to the lid being closed. The quality of the image is rated as 1 because it is clear and well-lit, and the absence of the keys is due to the lid being closed, not because of any issue with the image quality."}, {"ans": [true, false, 1.0], "reasoning": "The image is showing a paintbrush with bristles, so the answer to the first question is True. The bristles are visible, so the answer to the second question is False. The image is clear and well-lit, and the paintbrush is the main focus, so the quality score is 1.0."}, {"ans": [true, true, 0.9], "reasoning": "The image shows a black watch with a square face on a speckled surface. The watch appears to be without a strap, as there is no visible strap attached to it. The main object in the image is indeed a watch, so the answer to the first question is True. The strap is not visible, so the answer to the second question is True. The image is clear and well-lit, but the quality score is not 1 because the watch face is not displaying any information, which might be due to the image being taken in a certain lighting condition or the watch being turned off. However, this does not affect the visibility of the watch itself or the absence of the strap."}, {"ans": [true, true, 0.95], "reasoning": "The image shows a close-up of a young man's face. His mouth is visible, and it is closed, so the tongue is not visible. The presence of the mouth confirms the answer to the first question as true. Since the tongue is not visible, the answer to the second question is also true. The image is clear and well-lit, with a plain background that does not distract from the subject's face, hence the quality is rated high at 0.95."}, {"ans": [true, false, 0.9], "reasoning": "The image depicts a futuristic motorcycle with a sleek design, featuring a large front wheel and two smaller rear wheels. The motorcycle is positioned in the center of a tunnel, facing away from the viewer. The handlebars are visible, although they appear to be minimalistic and integrated into the overall design. The image is well-lit, with bright lights illuminating the tunnel, and the motorcycle is clearly visible. The quality of the image is high, with clear details and a well-defined composition. Therefore, the answer to Question 1 is True, as the image does show a motorcycle. The answer to Question 2 is False, as the handlebars are visible. The quality of the image is rated 0.9, indicating a high level of clarity and detail."}, {"ans": [true, true, 1.0], "reasoning": "The image shows a framed artwork with electronic components and wires, resembling the internal parts of an old television. The frame is square and has a wooden border, sitting on a wooden cabinet. The artwork inside the frame contains various tubes and wires, giving it a retro aesthetic. The object in the image can be considered a television without a screen, as it lacks a visible display. Therefore, the answer to Question 1 is True. For Question 2, the screen is indeed missing or not visible, so the answer is True. The image quality is rated 1 because it is clear and well-lit, with no visible distortions or issues that would detract from its quality."}, {"ans": [true, false, 1.0], "reasoning": "The image clearly depicts a goat standing on a rocky outcrop. The goat is white and fluffy, with two visible horns on its head. The presence of horns is evident, so the answer to the second question is false because the horns are not missing or invisible. The image is of high quality, showing the goat and its features clearly, hence the quality score is 1."}, {"ans": [true, false, 0.9], "reasoning": "The image clearly shows a pair of red sneakers with white soles on a wooden surface in front of gray lockers. The sneakers are visible and appear to be the main object of the image. The laces are present and visible, threaded through the top eyelets of the shoes. The image is well-lit and in focus, indicating a high-quality image."}, {"ans": [true, false, 1.0], "reasoning": "The image is showing a frog sitting on a lily pad. The frog is clearly visible and has large, prominent eyes that are visible. Therefore, the answer to Question 1 is True because the image is showing a frog. The answer to Question 2 is False because the eyes are visible. The quality of the image is rated as 1.0 because it is clear and well-defined."}, {"ans": [true, false, 1.0], "reasoning": "The image is showing a white mug with a blue floral design and a handle on the right side. The mug is placed on a matching saucer. The handle is clearly visible, so it is not missing or invisible. The image is of high quality, with clear details and good lighting."}, {"ans": [true, false, 0.9], "reasoning": "The image clearly shows a saxophone, which is the main object in question. The saxophone is depicted with its keys visible, indicating that the keys are not missing. The image is of high quality, with clear details of the saxophone's structure, hence a quality score of 0.9. The slight deduction is due to minor factors not related to the presence or visibility of the keys."}, {"ans": [true, false, 1.0], "reasoning": "The image shows a skateboard with wheels. The skateboard is clearly visible and appears to be in good condition. The wheels are also visible and are attached to the skateboard. Therefore, the answer to Question 1 is True, as the image is showing a skateboard. The answer to Question 2 is False, as the wheels are not missing or not visible. The quality of the image is rated as 1, as it is clear and well-lit, and the skateboard and its components are easily visible."}, {"ans": [true, false, 0.9], "reasoning": "The image depicts a red hat with a brim, which is a type of fedora. The brim is visible and not missing, so the answer to the second question is False. The image is clear and well-lit, and the hat is centered in the frame, so the quality is high, rated at 0.9."}, {"ans": [true, false, 0.9], "reasoning": "The image shows a motorcycle helmet with a visor. The visor is clearly visible and appears to be part of the helmet. The image is well-lit and in focus, indicating good quality."}, {"ans": [true, true, 1.0], "reasoning": "The image depicts a bedframe, specifically the headboard and footboard, which are ornately designed. The bedframe is present, so the answer to the first question is True. The mattress is not visible in the image, so the answer to the second question is True. The image is of high quality, clearly showing the details of the bedframe, so the quality score is 1."}, {"ans": [true, false, 1.0], "reasoning": "The image is showing a clock tower with two visible clock faces, so it is a clock tower. The clock faces are visible, so they are not missing or not visible. The image is clear and well-lit, and the clock tower is centered in the frame, so the quality is high."}, {"ans": [true, false, 1.0], "reasoning": "The image clearly shows a pocket watch with visible hands, indicating that the main object is present and the hands are not missing."}, {"ans": [true, true, 1.0], "reasoning": "The image shows a bicycle frame without pedals, leaning against a wall. The main object in the image is a bicycle, so the answer to the first question is True. The pedals are not visible, as they are not attached to the bicycle, so the answer to the second question is True. The image is clear and well-lit, and the quality is high, so the quality score is 1."}, {"ans": [true, false, 0.9], "reasoning": "The image is a portrait of a woman with visible eyes, so the answer to the first question is True. The eyes are clearly visible, so the answer to the second question is False. The image is of high quality, with clear details and no visible distortions, so the quality score is 0.9."}, {"ans": [true, true, 0.9], "reasoning": "The image clearly shows a grand piano on a stage with spotlights shining down. The lid of the piano is open, and the interior is visible. However, the hammers inside the piano are not visible due to the angle and lighting. The presence of the piano is clear, but the hammers are not discernible, making them 'not visible'. The quality of the image is high as it clearly captures the grand piano and the stage setting."}, {"ans": [true, false, 0.9], "reasoning": "The image depicts a sailing ship with a prominent sail, indicating that it is indeed a sailing ship. The sail is visible and appears to be the main focus of the image. Therefore, the answer to the first question is True. For the second question, since the sails are clearly visible, the answer is False. The image quality is rated 0.9 because it is clear and well-defined, with no visible distortions or issues that would detract from the overall viewing experience."}, {"ans": [true, false, 0.9], "reasoning": "The image depicts a large tree with a thick trunk and sprawling branches, which is consistent with the appearance of an oak tree. The tree has leaves, although they are not densely packed on all branches. The presence of leaves indicates that they are not entirely missing. The image is of high quality, with clear details of the tree and its surroundings."}, {"ans": [true, false, 0.9], "reasoning": "The image depicts a small stone cottage with a brown door and a window on the front facade. The presence of a door is clearly visible, indicating that the door is not missing. The overall condition of the image is clear and well-defined, with good lighting and detail. The quality of the image is rated 0.9, as it is a clear and well-composed photograph."}, {"ans": [true, true, 0.9], "reasoning": "The image depicts a futuristic, white, boxy aircraft on a runway, with a distinctive design lacking visible wings. The presence of a cockpit window and landing gear suggests it is an aircraft. The image is clear and well-lit, with a quality score of 0.9. The wings are not visible, so they are considered missing for the purpose of this analysis."}, {"ans": [true, true, 1.0], "reasoning": "The image shows a wristwatch with a brown leather strap on top of a tan leather item, possibly a wallet or card holder. The watch face is blank and white, indicating that it is either a mockup or a watch without numbers. The presence of a watch is evident, so the answer to the first question is True. For the second question, the numbers on the watch face are not visible, so the answer is True. The image is clear and well-lit, and the watch is the main focus, so the quality score is 1.0."}, {"ans": [true, true, 0.9], "reasoning": "The image is showing a pizza with a red sauce base and basil leaves on top. The crust is visible and appears to be cooked. There is no visible cheese on the pizza. The image is clear and well-lit, with a good view of the pizza. The quality of the image is high, with a score of 0.9. The pizza is the main object in the image, and it is clearly visible. The absence of cheese is noticeable, but it does not affect the overall quality of the image."}, {"ans": [true, false, 0.9], "reasoning": "The image clearly shows traffic signals with lights. The traffic signals are hanging above the road, and they have red lights illuminated. Therefore, the answer to the first question is True because the image is showing traffic signals. The answer to the second question is False because the lights are visible on the traffic signals. The quality of the image is rated 0.9 because it is clear and well-lit, with no significant issues affecting the visibility of the main subject, which is the traffic signals."}, {"ans": [true, false, 0.9], "reasoning": "The image is clearly showing a skateboard with wheels attached to it. The skateboard is positioned at an angle, with the trucks and wheels visible, indicating that the wheels are not missing. The image is well-lit and the details of the skateboard are clear, suggesting a high-quality image. The slight shadow and texture of the wall in the background add to the overall clarity of the image, hence a quality score of 0.9."}, {"ans": [true, true, 1.0], "reasoning": "The image clearly shows a chessboard with gold-colored pieces on one side, and the other side is empty. The presence of the chessboard fulfills the condition for Question 1, making 'True' the appropriate answer. For Question 2, since the black pieces are not visible or present on the chessboard, the answer is 'True'. The image quality is considered high as it clearly displays the chessboard and the pieces, hence the quality score is 1."}, {"ans": [true, true, 0.9], "reasoning": "The image is showing a red sports car, which is the main object. The brakes are not visible from the side view of the car, so they are considered missing or not visible. The image quality is high, with clear details of the car and its surroundings."}, {"ans": [true, true, 1.0], "reasoning": "The image is showing a book, which is the main object. The text on the book is not visible, as the pages are blank and not showing any content. Therefore, the text is considered missing or not visible. The image quality is good, as it clearly shows the book and its details."}, {"ans": [true, false, 0.9], "reasoning": "The image shows a computer tower with its side panel removed, revealing the internal components. The presence of a fan on the left side indicates that the computer tower is not missing fans. The image is clear and well-lit, with a quality score of 0.9 due to the slight shadowing on the surface below the tower."}, {"ans": [true, false, 1.0], "reasoning": "The image clearly shows a scarecrow standing in a field of wheat. The scarecrow is wearing a red plaid shirt and gray pants, and has a straw hat on its head. Its face is made of straw with two holes for eyes, and it has straw hanging from its chin. The scarecrow has visible arms, made of straw, hanging down by its sides. Therefore, the answer to the first question is True because the image is showing a scarecrow. The answer to the second question is False because the arms are visible and not missing. The quality of the image is rated 1 because it is clear and well-defined, with no visible distortions or issues."}, {"ans": [true, true, 0.9], "reasoning": "The image depicts a man in armor, which is consistent with the representation of a knight. The presence of armor, including a breastplate, shoulder guards, and gauntlets, along with a belt and a strap across the chest, aligns with historical depictions of knights. The image does not clearly show a sword, and there is no visible sword on the knight's belt or in his hand. Therefore, for Question 1, the answer is True because the image is showing a knight. For Question 2, the answer is True because the sword is not visible. The quality of the image is rated 0.9, indicating a high level of clarity and detail, with no significant issues affecting the overall perception of the image."}, {"ans": [true, false, 1.0], "reasoning": "The image is showing a teapot with a handle, so the answer to the first question is True. The handle is visible, so the answer to the second question is False. The image is clear and well-lit, and the teapot is centered and prominent, so the quality score is 1.0."}, {"ans": [true, true, 1.0], "reasoning": "The image clearly shows a basketball hoop attached to a backboard, which is mounted on a pole against a clear blue sky. The hoop is visible and appears to be in good condition, with the rim and the metal structure that typically holds the net being clearly visible. However, there is no net attached to the hoop, making it evident that the net is missing. The image is well-lit and focused, providing a clear view of the basketball hoop and backboard. Therefore, the answer to the first question is True because the image is showing a basketball hoop. The answer to the second question is also True because the net is missing from the basketball hoop. The quality of the image is rated as 1.0 because it is clear and well-focused, with no visible distortions or obstructions that would detract from its quality."}, {"ans": [true, false, 1.0], "reasoning": "The image shows a dining table setting with a white tablecloth, a large white plate, silverware, and two glasses of water. The presence of the plate, silverware, and glasses indicates that it is a dining table. The glasses are clearly visible on the table, so they are not missing or invisible."}, {"ans": [true, true, 0.9], "reasoning": "The image clearly shows a vintage typewriter with a sheet of paper loaded into it. The typewriter is positioned on a wooden surface, and the overall presentation is clear and well-lit. The ribbon is not visible, suggesting it is either missing or not visible due to the angle or condition of the typewriter. The image quality is high, with good resolution and detail, allowing for a clear view of the typewriter's features. The absence of the ribbon does not detract from the overall quality of the image as per the instructions."}, {"ans": [true, true, 1.0], "reasoning": "The image depicts a winter jacket, specifically a puffy, cream-colored coat with a high collar, hanging from a black clothing rack against a white wall. The jacket appears to be made of a thick, insulated material, characteristic of winter jackets. There is no visible zipper on the front of the jacket, suggesting that it is either missing or not visible. The image is clear and well-lit, allowing for a detailed view of the jacket's features. Therefore, the answer to Question 1 is True because the image does show a winter jacket. The answer to Question 2 is also True because the zipper is not visible on the jacket. The quality of the image is rated as 1 because it is clear and well-composed, with good lighting that highlights the details of the jacket."}, {"ans": [true, true, 1.0], "reasoning": "The image depicts a person with a sunflower head. The sunflower is fully visible, and its center is green with a textured pattern, indicating that the seeds are not visible or are missing. The image is clear and well-defined, with no visible distortions or issues that would affect its quality."}, {"ans": [true, false, 0.9], "reasoning": "The image is clearly showing an elephant with a visible trunk. The trunk is a distinctive feature of the elephant and is clearly visible in the image, hanging down from the elephant's head. The image is of high quality, with clear details of the elephant's body and surroundings."}, {"ans": [true, true, 1.0], "reasoning": "The image shows a rowboat on a lake. The boat is made of wood and has a simple design with a flat bottom and slightly curved sides. There are no oars visible in the boat or around it. The boat is floating on calm water, with trees visible in the background. The overall quality of the image is high, with clear details of the boat and its surroundings."}, {"ans": [true, true, 1.0], "reasoning": "The image clearly shows a snowman in a backyard, wearing a hat and scarf, with stick arms. The snowman has eyes but no visible buttons on its body. The presence of the snowman answers the first question affirmatively. For the second question, the buttons are not visible, hence the answer is true. The image is of high quality as it clearly depicts the snowman and its features."}, {"ans": [true, true, 1.0], "reasoning": "The image shows a fountain pen lying on top of a notebook. The pen has a dark red handle and a gold nib. The pen is not in use and is not showing any ink. The nib is not visible, so it is not possible to determine if there is ink inside the pen. Therefore, the answer to the first question is True, as the image is showing a fountain pen. The answer to the second question is also True, as the ink is not visible from the fountain pen. The quality of the image is rated as 1, as it is clear and well-lit."}, {"ans": [true, true, 1.0], "reasoning": "The image is showing a paintbrush, which is the main object. The paintbrush is visible, and it appears to be without bristles, as the top part where bristles are typically located is not visible or is missing. Therefore, the answer to the first question is True. For the second question, the bristles are not visible, so the answer is True. The image quality is rated 1 because it is clear and well-defined, and the absence of bristles on the paintbrush does not negatively impact the quality score as per the instructions."}, {"ans": [true, true, 1.0], "reasoning": "The image clearly shows a pair of eyeglasses without temples on top of a stack of papers. The main object, eyeglasses, is present. The temples are not visible, indicating they are either missing or not visible, which aligns with the second question. The image is clear and well-lit, showing the eyeglasses and the papers in detail. Therefore, the quality of the image is rated as 1."}, {"ans": [true, true, 0.8], "reasoning": "The image depicts a person holding an umbrella on a rainy day. The umbrella is visible, and its presence is clear, so the answer to the first question is True. The ribs of the umbrella are not visible, likely due to the angle and the darkness of the umbrella against the rain, so the answer to the second question is True. The quality of the image is rated 0.8 because it is clear and well-focused on the subject, with good lighting that highlights the rain and the wet pavement."}, {"ans": [true, true, 1.0], "reasoning": "The image is showing a wristwatch with a visible mechanical inner mechanism. The hour markers are not visible as the face of the watch is open and showing the inner workings. Therefore, the hour markers are considered missing or not visible. The image is of high quality as it clearly displays the watch and its components."}, {"ans": [true, true, 1.0], "reasoning": "The image depicts a camping tent without visible poles. The tent is centered in the image, and its fabric is stretched out to form a triangular shape, indicating that it is likely being held up by poles, but the poles themselves are not visible. The image is clear and well-lit, showing the tent and its surroundings in detail."}, {"ans": [true, false, 1.0], "reasoning": "The image is showing a traditional cuckoo clock with a wooden structure, Roman numerals on the clock face, and decorative elements such as deer and pinecones. The weights are visible hanging below the clock, so they are not missing or invisible. The image is clear and well-defined, showing all the necessary details of the cuckoo clock."}, {"ans": [true, true, 1.0], "reasoning": "The image shows a smartphone with a blank screen and a black border. The phone is positioned at an angle, with the top pointing towards the upper right corner of the image. The phone's screen is yellowish, and there are no visible buttons or ports on the visible sides. The background is a gray surface with a diagonal shadow cast over it. The image is clear and well-lit, indicating a high-quality image. The speaker grille is not visible, as the bottom edge of the phone is not shown in the image."}, {"ans": [true, false, 1.0], "reasoning": "The image clearly shows a motorcycle on a road, with the handlebars and a round object that appears to be a speedometer visible. The presence of the motorcycle satisfies the first question. For the second question, the speedometer is visible, so it is not missing or invisible. The image is clear and well-focused on the motorcycle's handlebars and the road ahead, indicating good quality."}, {"ans": [true, true, 1.0], "reasoning": "The image shows a violin bow. The bow is displayed on a red fabric background, and it appears to be a high-quality image with clear details of the bow's components, including the stick, the frog, and the tip. The hair of the bow is not visible, indicating that it is either missing or not visible. Therefore, the answer to the first question is True because the image is showing a violin bow. The answer to the second question is also True because the hair is not visible. The quality of the image is rated as 1 because it is clear and well-lit, and there are no visible defects or distractions."}, {"ans": [true, true, 1.0], "reasoning": "The image depicts a gold-colored birdcage hanging from a chain, which directly answers the first question affirmatively as it is indeed showing a birdcage. For the second question, upon inspecting the image, there is no visible perch within the birdcage, thus confirming that the perch is missing or not visible. The quality of the image is rated as 1 because it is clear and well-lit, effectively showcasing the birdcage without any distractions or obstructions."}, {"ans": [true, false, 1.0], "reasoning": "The image depicts a statue of a woman, indicating that the main object is indeed a statue. Therefore, the answer to the first question is True. The statue has a head that is clearly visible, so the head is not missing or not visible. Hence, the answer to the second question is False. The image is of high quality, with clear details of the statue and its surroundings, so the quality score is 1.0."}, {"ans": [true, false, 0.9], "reasoning": "The image is showing a teddy bear with a nose, so the answer to the first question is True. The nose is visible, so the answer to the second question is False. The image is clear and well-lit, and the teddy bear is centered in the frame, so the quality is high, rated as 0.9."}, {"ans": [true, false, 0.9], "reasoning": "The image shows a pair of gray sneakers with laces on a brown mat in front of a white door. The sneakers are clearly visible, and the laces are present and visible. Therefore, the answer to Question 1 is True because the image is showing sneakers. The answer to Question 2 is False because the laces are not missing and are visible. The quality of the image is rated 0.9 because it is clear and well-lit, with no visible distortions or obstructions."}, {"ans": [true, true, 1.0], "reasoning": "The image shows an open refrigerator with its door removed or open, revealing the interior. The interior is empty and has several shelves and compartments visible. Since the door is not visible in the image, the door shelves are not visible either. Therefore, for Question 1, the image is showing a refrigerator, so the answer is True. For Question 2, since the door shelves are not visible because the door is not present or is open and not in view, the answer is True. The quality of the image is rated 1 because it is clear and well-lit, showing the details of the refrigerator's interior."}, {"ans": [true, false, 0.9], "reasoning": "The image depicts a group of people sitting around a large, glowing circle that resembles a campfire. The circle is emitting a bright, fiery light, indicating that it is a fire. Therefore, the answer to the first question is True. The flames are visible and appear to be a part of the campfire, so the answer to the second question is False. The image is well-lit and the details are clear, so the quality is rated as 0.9."}, {"ans": [true, true, 1.0], "reasoning": "The image shows a drinking fountain, which is a tall, silver-colored cylindrical structure with a small bowl protruding from it. The bowl appears to be empty, and there is no visible water in it. The image is clear and well-lit, with a high level of detail. The drinking fountain is the main object in the image, and it is clearly visible. The water is not visible in the bowl, indicating that it is either missing or not flowing. Therefore, the answer to Question 1 is True, and the answer to Question 2 is also True. The quality of the image is rated as 1, as it is clear and well-defined."}, {"ans": [true, true, 1.0], "reasoning": "The image clearly shows a revolver. The trigger guard is not visible, likely because it is missing. The quality of the image is high as it is clear and well-lit, showing the revolver in detail."}, {"ans": [true, false, 0.9], "reasoning": "The image is a detailed illustration of a compass rose, which is clearly visible in the center. The compass rose is intricately designed with ornate details and is set against a backdrop that resembles an old map. The north arrow is present and visible, pointing upwards from the center of the compass rose. The overall quality of the image is high, with clear lines and detailed illustrations, suggesting a well-crafted digital artwork or a high-resolution scan of an original piece. The quality score is 0.9 because the image is very clear and detailed, although it might not be a perfect representation due to its digital nature or the scanning process."}, {"ans": [true, false, 1.0], "reasoning": "The image clearly depicts a cityscape with numerous skyscrapers, indicating that the main object (skyscrapers) is present. Upon closer inspection, the windows on the skyscrapers are visible, suggesting that they are not missing or invisible. The image is of high quality, with clear details and a well-defined composition, hence the quality score is 1."}, {"ans": [true, true, 1.0], "reasoning": "The image depicts a man in a tuxedo standing on a stage, with his right arm raised and his left arm extended outward. He is standing behind a podium, and there are musicians seated behind him, playing various instruments. The man's attire and the presence of the musicians suggest that he is a conductor. There is no visible baton in either of his hands, indicating that the baton is either missing or not visible."}, {"ans": [false, true, 1.0], "reasoning": "The image depicts a soccer field with a fence and trees in the background. There is no soccer goal visible in the image. Therefore, the answer to the first question is False because the main object (soccer goal) is not present. For the second question, since there is no soccer goal, the crossbar is considered missing by default, so the answer is True. The image quality is rated 1 because it is clear and well-defined, and the absence of a soccer goal does not negatively impact the quality score as per the instructions."}, {"ans": [true, false, 1.0], "reasoning": "The image clearly shows a microscope. The lenses are visible and appear to be attached to the microscope, so they are not missing or invisible. The image is of high quality, clearly showing the details of the microscope."}]