[{"ans": [true, true, 1.0], "reasoning": "The image depicts a sailboat on the water, with its sails not visible or missing, as indicated by the furled or stowed sails. The quality of the image is high, with clear details of the boat and its surroundings."}, {"ans": [true, true, 0.8], "reasoning": "The image clearly shows a bicycle leaning against a brick wall. The bicycle appears to be old and is red in color. Upon closer inspection, it is evident that the chain is not visible, suggesting that it might be missing. The image is well-lit and the bicycle is the main focus, indicating a good quality image."}, {"ans": [true, false, 0.9], "reasoning": "The image clearly shows a cat, so the answer to the first question is True. The whiskers are visible on the cat's face, so the answer to the second question is False. The image is well-lit and in focus, with a clear view of the cat's features, so the quality is rated as 0.9."}, {"ans": [true, false, 0.9], "reasoning": "The image shows a large stone structure with towers and battlements, which is characteristic of a castle. The presence of a large arched entrance suggests that gates were once present, and upon closer inspection, it appears that gates are indeed visible at the entrance. The image is clear and well-lit, with good detail visible in both the shadows and highlights, indicating a high-quality image."}, {"ans": [true, false, 1.0], "reasoning": "The image clearly shows a hot-air balloon with a visible basket. The balloon is centered in the image, and the basket is hanging below it, attached by ropes. The basket is clearly visible, so it is not missing or invisible. The image is of high quality, with good lighting and detail."}, {"ans": [true, false, 0.9], "reasoning": "The image clearly shows a turtle with a visible shell. The turtle is centered in the image, and its shell is fully visible, indicating that the shell is not missing or invisible. The image is of high quality, with clear details of the turtle's features, hence a quality score of 0.9."}, {"ans": [true, false, 0.9], "reasoning": "The image clearly shows a train at a station, indicating that the main object is indeed a train. The presence of the train is evident, so the answer to the first question is True. For the second question, the wheels of the train are visible under the front carriage, so they are not missing or invisible, making the answer False. The image is well-lit and clearly shows the train and its details, so the quality is rated high, at 0.9."}, {"ans": [true, false, 1.0], "reasoning": "The image clearly shows a pair of eyeglasses with lenses. The lenses are visible and not missing, so the answer to the first question is True. For the second question, since the lenses are present and visible, the answer is False. The image is of high quality as it clearly displays the eyeglasses and their details."}, {"ans": [true, false, 0.9], "reasoning": "The image shows two fountain pens, both with visible nibs. The presence of the nibs indicates that the main object, a fountain pen, is present. For the second question, the nibs are clearly visible on both pens, so the answer is False. The quality of the image is rated 0.9 because it is clear and well-lit, with no apparent issues that would detract from its quality."}, {"ans": [true, true, 0.9], "reasoning": "The image shows an umbrella without a canopy, leaning against a wall. The umbrella's metal frame is visible, but the fabric canopy is missing. The presence of the umbrella's frame indicates that it is an umbrella, answering the first question affirmatively. For the second question, the canopy is not visible, as it is missing, so the answer is true. The image is clear and well-lit, and the key elements are easily identifiable, hence the quality score is 0.9."}, {"ans": [true, false, 1.0], "reasoning": "The image shows a large white airplane on a runway, with its wings clearly visible. The presence of the airplane directly answers the first question, confirming that the image is indeed showing an airplane. For the second question, since the wings are visible, it indicates that they are not missing or invisible. The image is clear and well-lit, showing the airplane and its details without any obstruction, thus justifying a quality score of 1."}, {"ans": [true, true, 1.0], "reasoning": "The image is showing a desk lamp, which is the main object in the image. The lamp is present, so the answer to the first question is True. The bulb is not visible in the image, as it is likely to be inside the lamp shade. Therefore, the answer to the second question is True. The image is clear and well-lit, and there are no visible distortions or issues that would affect the quality. The quality of the image is rated as 1.0."}, {"ans": [true, false, 1.0], "reasoning": "The image clearly shows an electric guitar with a visible neck. The guitar is hanging on a wall, and its body and neck are fully visible, indicating that the neck is not missing. The image is of high quality, with clear details of the guitar's features."}, {"ans": [true, false, 1.0], "reasoning": "The image clearly depicts a fish with visible fins, addressing both questions directly. For Question 1, the presence of a fish is confirmed, satisfying the condition regardless of the presence or absence of fins. For Question 2, the fins are clearly visible, so they are not missing or invisible. The image is of high quality, with clear details of the fish and its fins, and the presence of visible fins does not negatively impact the quality score as per the instructions."}, {"ans": [true, false, 1.0], "reasoning": "The image clearly shows a small brick cottage with a roof. The roof is visible and appears to be intact, covering the cottage. Therefore, the answer to the first question is True because the main object, a cottage, is present. The answer to the second question is False because the roof is not missing or invisible; it is clearly visible. The quality of the image is rated 1.0 because it is clear and well-defined, with all relevant details visible."}, {"ans": [true, true, 0.8], "reasoning": "The image is showing a car, which is a convertible with its top down. The windshield is not visible as it is folded down, hence it is considered missing or not visible. The image is of good quality, clearly showing the details of the car and its surroundings."}, {"ans": [true, false, 0.9], "reasoning": "The image clearly shows a keyboard with a visible spacebar, indicating that the main object is indeed a keyboard and the spacebar is present and visible."}, {"ans": [true, false, 0.9], "reasoning": "The image clearly depicts an owl perched on a tree branch, facing the viewer directly. The owl is fully feathered, with detailed plumage visible across its body, indicating that the feathers are not missing or invisible. The quality of the image is high, with clear details of the owl and its surroundings, including the moon in the background. The only reason the quality is not rated as 1 is due to minor potential editing or compression artifacts, but this does not detract significantly from the overall clarity and detail."}, {"ans": [true, true, 1.0], "reasoning": "The image clearly depicts a book, which is the main object in the foreground. The book is open, and its pages are visible but appear to be damaged or worn out. The condition of the pages is such that they are not intact, suggesting that they are either missing or not visible in their entirety. The image quality is high as it clearly shows the details of the book and its surroundings without any significant distortion or lack of clarity."}, {"ans": [true, false, 1.0], "reasoning": "The image clearly depicts a lighthouse, which is the main object in the picture. The lighthouse is white with a black railing around the top and a red roof on the adjacent building. The lamp is visible inside the glass enclosure at the top of the lighthouse, so it is not missing or invisible. The image is of high quality, with clear details of the lighthouse and its surroundings."}, {"ans": [true, false, 1.0], "reasoning": "The image shows a beige armchair with a patterned rug underneath it. The armchair is clearly visible and has legs, which are also visible. Therefore, the answer to Question 1 is True because the image is showing an armchair. The answer to Question 2 is False because the legs are not missing or invisible; they are clearly visible. The quality of the image is rated 1.0 because it is clear and well-lit, and the key elements are easily visible."}, {"ans": [true, true, 0.9], "reasoning": "The image clearly shows a deer standing in a forest, which directly answers the first question. For the second question, the deer in the image does not have visible antlers, so the antlers are considered missing or not visible. The image is of high quality, with good lighting and detail, and the absence of antlers on the deer does not negatively impact the quality score as per the instructions."}, {"ans": [true, true, 1.0], "reasoning": "The image is showing an envelope, and the flap is not visible as it is tucked inside the envelope. The envelope is clearly visible and is the main object in the image. The quality of the image is high as it is clear and well-lit."}, {"ans": [true, true, 1.0], "reasoning": "The image is showing a wall clock, which is the main object. The clock face is white with black hands, but there are no numbers visible on the clock face. Therefore, the numbers are missing or not visible. The image quality is good as it clearly shows the clock and its details."}, {"ans": [true, false, 0.9], "reasoning": "The image clearly depicts a person wearing a white space suit, which includes a helmet, floating in a swimming pool. The presence of the space suit, including the helmet, directly answers both questions. For Question 1, the image is showing a space suit with a helmet, so the answer is True. For Question 2, the helmet is visible and not missing, so the answer is False. The quality of the image is rated 0.9 because it is clear and well-defined, with no apparent issues that would detract from its quality."}, {"ans": [true, false, 1.0], "reasoning": "The image clearly depicts a windmill with its blades visible, standing in a field of wheat. The presence of the windmill and its blades directly answers both questions. For Question 1, the image shows a windmill, so the answer is True. For Question 2, since the blades are visible, they are not missing or not visible, so the answer is False. The image is clear and well-lit, with the windmill and its blades prominently displayed, hence the quality is rated as 1.0."}, {"ans": [true, true, 1.0], "reasoning": "The image clearly shows a large tree with bare branches, indicating that it is either without leaves or the leaves are not visible. The presence of the tree is evident, fulfilling the first question's condition. For the second question, the leaves are not visible on the main tree, and it is clear that they are missing. The image is of high quality, with clear details of the tree and its surroundings, hence the quality score is 1.0."}, {"ans": [true, false, 0.9], "reasoning": "The image clearly shows a school bus, which is a type of bus. The doors are visible on the left side of the image, so they are not missing or invisible."}, {"ans": [true, false, 1.0], "reasoning": "The image clearly shows a laptop on a table. The laptop is open and its screen is visible, although it appears to be blank or turned off as it is not displaying any content. The presence of the laptop satisfies the first question. Since the screen is visible, the answer to the second question is False. The image is clear and well-lit, with no visible distortions or obstructions, hence the quality is rated as 1.0."}, {"ans": [true, true, 1.0], "reasoning": "The image shows a trumpet without a mouthpiece. The main object in the image is a trumpet, which is clearly visible. Therefore, the answer to Question 1 is True. The mouthpiece is not visible, so the answer to Question 2 is True. The image is clear and well-lit, and the trumpet is centered in the frame, so the quality score is 1."}, {"ans": [true, false, 1.0], "reasoning": "The image clearly depicts a robot with a visible head in a laboratory setting. The robot is white with exposed mechanical parts and wires, and it has a humanoid form. The head is present and visible, facing to the right. Therefore, the answer to Question 1 is True because the image is showing a robot. The answer to Question 2 is False because the head is not missing or invisible; it is clearly visible. The quality of the image is rated 1 because it is clear and well-lit, with no apparent issues affecting its quality."}, {"ans": [true, true, 1.0], "reasoning": "The image shows a candle, which is the main object. The candle appears to be a simple, white, cylindrical candle. Upon closer inspection, there is no visible wick on the top surface of the candle. The image is clear and well-lit, showing the candle and its surroundings in good detail. Therefore, the answer to Question 1 is True because the image is showing a candle. The answer to Question 2 is True because the wick is not visible. The quality of the image is rated 1 because it is clear and well-lit."}, {"ans": [true, false, 1.0], "reasoning": "The image is showing a pizza that is cut into slices and topped with various ingredients including tomato sauce, basil leaves, and what appears to be mozzarella cheese. The presence of the cheese is visible, indicating that it is not missing. The image is clear and well-lit, showing the details of the pizza and its toppings. Therefore, the answer to the first question is True because the image is showing a pizza. The answer to the second question is False because the cheese is visible on the pizza. The quality of the image is rated as 1 because it is clear and well-composed."}, {"ans": [true, true, 1.0], "reasoning": "The image shows a DSLR camera body without a lens attached. The camera is mounted on a wall, and the lens mount is visible, indicating that the lens is not attached. The presence of a battery pack on the shelf below the camera suggests that the camera is being stored or displayed. The image is clear and well-lit, allowing for a good view of the camera and its features. Therefore, the answer to Question 1 is True, as the image is showing a DSLR camera. The answer to Question 2 is also True, as the lens is missing or not visible. The quality of the image is rated as 1, as it is clear and well-lit, and the key elements are visible."}, {"ans": [true, false, 0.9], "reasoning": "The image shows a grand piano on a stage in an auditorium. The piano is clearly visible and appears to be in good condition. The keys are visible and not missing, as they are clearly seen in the image. The image is well-lit and of high quality, with a clear view of the piano and the surrounding environment. The only reason the quality is not rated as 1 is due to the slight reflection and lighting effects on the piano."}, {"ans": [true, false, 0.9], "reasoning": "The image is showing a paintbrush with visible bristles, so the main object (paintbrush) is present. The bristles are visible, so they are not missing or not visible. The quality of the image is rated 0.9 because it is clear and well-lit, with no visible distortions or obstructions."}, {"ans": [true, true, 0.9], "reasoning": "The image is showing a watch, which is the main object. The watch is without a strap, as indicated by the visible lugs where the strap would normally be attached. Therefore, the strap is missing. The image is clear and well-lit, showing the watch and its details. The quality of the image is high, with a score of 0.9, as it is not affected by the absence of the strap."}, {"ans": [true, true, 0.9], "reasoning": "The image clearly shows a person with their mouth open, undergoing a dental examination. The mouth is the main object, and it is visible. Therefore, the answer to the first question is True. Upon closer inspection, it is evident that the tongue is not visible, likely due to the angle of the mouth and the presence of dental instruments. Hence, the answer to the second question is True, as the tongue is not visible. The quality of the image is rated 0.9 because it is clear and well-lit, with no significant issues affecting the visibility of the main subject, which is the mouth."}, {"ans": [true, false, 0.9], "reasoning": "The image clearly shows a motorcycle, so the answer to the first question is True. The handlebars of the motorcycle are visible, so the answer to the second question is False. The quality of the image is rated 0.9 because it is clear and well-lit, with no visible distortions or issues that would detract from the visibility of the motorcycle."}, {"ans": [true, false, 0.9], "reasoning": "The image shows a vintage television set with a visible screen, indicating that the television is present and the screen is not missing. The quality of the image is high, with clear details of the television and its surroundings, hence a score of 0.9."}, {"ans": [true, false, 1.0], "reasoning": "The image clearly shows a goat standing on a rocky outcrop. The goat is white and has a thick coat of fur. It is facing to the left, and its head is turned towards the camera. The goat's horns are visible, although they are not very prominent. The background of the image is blurred, but it appears to be a mountainous landscape with rocky cliffs and snow-covered peaks. The overall quality of the image is high, with good lighting and a clear focus on the goat."}, {"ans": [true, false, 1.0], "reasoning": "The image clearly shows a red sneaker with white soles and laces, sitting on a ledge in front of gray lockers. The laces are visible and appear to be properly threaded through the eyelets. The image is well-lit and in focus, indicating a high-quality image. Therefore, the answer to Question 1 is True because the image is showing a sneaker. The answer to Question 2 is False because the laces are visible and not missing. The quality of the image is rated as 1 because it is clear and well-composed."}, {"ans": [true, false, 0.9], "reasoning": "The image clearly shows a green frog sitting on a lily pad in the water, with its body and eyes clearly visible. The frog's eyes are not missing or invisible; they are clearly visible and prominent in the image. The image is of high quality, with clear details of the frog and its surroundings. The slight deduction in quality score is due to minor imperfections in the image, but it does not affect the visibility of the key elements."}, {"ans": [true, false, 1.0], "reasoning": "The image is showing a mug with a handle, so the answer to the first question is True. The handle is visible, so the answer to the second question is False. The image is clear and well-lit, showing the mug and its handle in detail, so the quality score is 1.0."}, {"ans": [true, false, 0.9], "reasoning": "The image clearly shows a saxophone, which is the main object in question. The saxophone is depicted with its keys visible, indicating that the keys are not missing. The presence of the keys is evident from the detailed view of the instrument's body. The image quality is high, with clear details of the saxophone and its components. Therefore, the answer to the first question is True, as the image is showing a saxophone. The answer to the second question is False, as the keys are visible and not missing. The quality of the image is rated 0.9, indicating a high level of clarity and detail."}, {"ans": [true, false, 1.0], "reasoning": "The image clearly shows a skateboard with its deck and trucks visible. The wheels are also present and visible, attached to the trucks. Therefore, for Question 1, the answer is True because the image is showing a skateboard. For Question 2, the answer is False because the wheels are not missing; they are visible and appear to be yellow in color. The quality of the image is rated as 1 because it is clear and well-lit, with all relevant parts of the skateboard visible."}, {"ans": [true, false, 1.0], "reasoning": "The image shows a black fedora hat on a wooden stand. The hat is clearly visible and has a brim, which is not missing or invisible. Therefore, the answer to Question 1 is True because the image is showing a fedora. The answer to Question 2 is False because the brim is visible. The quality of the image is rated 1 because it is clear and well-lit, with no visible distortions or issues."}, {"ans": [true, false, 0.9], "reasoning": "The image shows a motorcycle helmet with a visor. The visor is clearly visible and appears to be in place. The helmet is sitting on a workbench surrounded by various tools, suggesting that it may be undergoing maintenance or repair. The image is well-lit and the helmet is centered in the frame, making it easy to see the details. The quality of the image is high, with a clear and sharp representation of the helmet and its surroundings."}, {"ans": [true, true, 0.9], "reasoning": "The image shows a bedframe with an ornate wooden headboard and footboard. The bedframe is the main object in the image. The mattress is not visible, as it is not present on the bedframe. The image is of high quality, with clear details and no visible distortions. The absence of a mattress does not affect the quality score as per the given instructions."}, {"ans": [true, false, 0.9], "reasoning": "The image is showing a clock tower with a visible clock face. The main object in the image is a clock tower, which matches the description in Question 1. Therefore, the answer to Question 1 is True. The clock face is clearly visible on the tower, so the answer to Question 2 is False. The image is clear and well-lit, with the clock tower being the central focus. The quality of the image is high, rated as 0.9, as it is sharp and detailed, with no visible distortions or issues that would detract from the viewer's understanding of the scene."}, {"ans": [true, false, 0.9], "reasoning": "The image shows a pocket watch with its cover open, revealing the inner workings and the hands. The watch is gold with a white face and black Roman numerals. The hands are visible, indicating the time. The background is a luxurious gold fabric that adds to the elegance of the watch. The image is of high quality, with clear details of the watch's intricate mechanisms. The presence of the hands is evident, making the answer to the second question 'false' because the hands are not missing or invisible."}, {"ans": [true, false, 0.9], "reasoning": "The image shows a red bicycle leaning against a stone wall. The bicycle is clearly visible and has most of its parts, including the frame, wheels, handlebars, and gears. The pedals are also visible on the bicycle. Therefore, the answer to Question 1 is True because the image is showing a bicycle. The answer to Question 2 is False because the pedals are visible. The quality of the image is rated 0.9 because it is clear and well-lit, with no significant obstructions or distortions."}, {"ans": [true, false, 0.9], "reasoning": "The image is showing a portrait of a woman with visible eyes, so the answer to the first question is True. The eyes are clearly visible in the portrait, so the answer to the second question is False. The quality of the image is rated 0.9 because it is a clear and well-lit depiction of the artwork, with no visible distortions or issues that would detract from the viewing experience."}, {"ans": [true, false, 0.9], "reasoning": "The image shows a grand piano on a stage with its lid open, revealing the internal mechanisms. The hammers are visible inside the piano, indicating that they are not missing. The image is well-lit and clear, with a good view of the piano and its components. Therefore, the answer to Question 1 is True, as the image is showing a grand piano. The answer to Question 2 is False, as the hammers are visible and not missing. The quality of the image is rated 0.9, as it is clear and well-lit, with no visible distortions or issues."}, {"ans": [true, true, 0.9], "reasoning": "The image depicts a sailing ship, specifically a wooden vessel with three masts and rigging, characteristic of historical sailing ships. The sails are not visible, indicating they are either missing or not visible. The image is clear and well-defined, showing the details of the ship and its surroundings, thus scoring high on quality."}, {"ans": [true, false, 0.9], "reasoning": "The image depicts a large, mature tree with a sprawling canopy and visible roots, characteristic of an oak tree. The tree has leaves, so for question 1, the answer is True because it is showing an oak tree with leaves. For question 2, the answer is False because the leaves are visible on the tree. The quality of the image is rated 0.9 due to its high resolution and clear details, with only minor deductions for the slight blurriness in some areas."}, {"ans": [true, false, 0.9], "reasoning": "The image depicts a stone cottage with a sloping roof and a chimney, surrounded by trees and vines. The cottage is the main object in the image, and it is clearly visible. The door is partially obscured by foliage but is still visible, indicating that it is not missing. Therefore, the answer to Question 1 is True. For Question 2, since the door is visible, albeit partially, the answer is False. The quality of the image is rated 0.9 because it is clear and detailed, with no significant issues affecting the visibility of the main object."}, {"ans": [true, false, 1.0], "reasoning": "The image shows a white passenger jet on a runway, with its wings visible. The presence of the wings is evident as they are partially visible on both sides of the aircraft. Therefore, for Question 1, the answer is True because the image is showing a passenger jet. For Question 2, the answer is False because the wings are not missing or invisible; they are visible, albeit partially. The quality of the image is rated 1 because it is clear and well-defined, allowing for the identification of the aircraft and its features without any issues."}, {"ans": [true, true, 1.0], "reasoning": "The image is showing a wristwatch with a silver face and brown leather strap. The watch face is plain and does not have any numbers on it. The watch is placed in a box with a beige interior. The image is clear and well-lit, and the watch is the main focus. The quality of the image is high, as it is clear and well-defined. The numbers are missing from the wristwatch, as there are no numbers visible on the face."}, {"ans": [true, true, 0.9], "reasoning": "The image is showing a pizza with tomato sauce, basil leaves, and other toppings. There is no visible cheese on top of the pizza, suggesting it might be a cheese-less or 'Pizza Marinara' style pizza. The crust is visible and appears to be cooked. The image is clear and well-lit, showing the details of the pizza and its toppings. The quality of the image is high, with a score of 0.9, as it clearly displays the pizza and its characteristics."}, {"ans": [true, false, 0.9], "reasoning": "The image is showing a city street with traffic signals. The traffic signals are visible and have lights on them. The lights are not missing or not visible from the traffic signals. The image is clear and well-lit, with a quality score of 0.9. The presence of the traffic signals and the visibility of the lights on them answer the first question as true. The visibility of the lights on the traffic signals answers the second question as false."}, {"ans": [true, false, 1.0], "reasoning": "The image is showing a skateboard with wheels. The skateboard is lying on a concrete surface, and its wheels are visible and not missing. The quality of the image is good as it clearly shows the skateboard and its components."}, {"ans": [true, true, 0.9], "reasoning": "The image clearly shows a chessboard with pieces on it. The chessboard is the main object and is present, so the answer to the first question is True. The black pieces are not visible as they are presumably on the opposite side of the board, thus they are missing from view, so the answer to the second question is True. The image is of high quality, clearly showing the chessboard and pieces, so the quality score is 0.9."}, {"ans": [true, true, 1.0], "reasoning": "The image is showing a sports car, which is the main object. The brakes are not visible as the wheels are not removed or exposed, and the car's body covers the brake components. Therefore, the brakes are considered missing or not visible. The image quality is high, with clear details of the sports car and its surroundings."}, {"ans": [true, true, 1.0], "reasoning": "The image is showing an open book on a wooden table. The pages are blank and devoid of any text. Therefore, for Question 1, the answer is True because the image is indeed showing a book. For Question 2, the answer is also True because the text is missing or not visible from the book, as the pages are blank. The quality of the image is rated 1 because it is clear and well-lit, with no visible distortions or obstructions."}, {"ans": [true, false, 0.95], "reasoning": "The image is showing a computer tower with a transparent side panel, revealing the internal components. The computer tower is the main object in the image. The fans are visible through the transparent side panel and the front panel, so they are not missing or invisible. The image is clear and well-lit, with a good view of the computer tower and its components. The quality of the image is high, with a score of 0.95 out of 1."}, {"ans": [true, true, 1.0], "reasoning": "The image depicts a scarecrow standing in a wheat field. The scarecrow is made of straw and wears a straw hat and a plaid shirt. The scarecrow's face is visible, but its arms are not visible as they are either missing or obscured by the straw and clothing. The image is clear and well-lit, showing the scarecrow and its surroundings in detail."}, {"ans": [true, true, 0.9], "reasoning": "The image is a painting of a man in armor, which is typically associated with a knight. The man is wearing a suit of armor and has a serious expression on his face. There is no visible sword in the image. The quality of the image is high, with detailed and realistic rendering of the armor and the background. The absence of a sword is not considered a factor in determining the quality of the image."}, {"ans": [true, false, 0.9], "reasoning": "The image clearly shows a teapot with a floral design on it, and it has a handle. The presence of the teapot satisfies the first question. For the second question, the handle is visible, so it is not missing or invisible. The image is of high quality, with clear details of the teapot and its surroundings, hence a quality score of 0.9."}, {"ans": [true, false, 1.0], "reasoning": "The image clearly shows a basketball hoop with a net. The basketball hoop is the main object in the image, and it is intact with a visible net. Therefore, the answer to the first question is True. The net is visible and not missing, so the answer to the second question is False. The image is clear and well-lit, showing all the necessary details of the basketball hoop and the net, hence the quality is rated as 1."}, {"ans": [true, false, 0.9], "reasoning": "The image is showing a dining table with a white tablecloth and various table settings, including plates, cutlery, and glasses. The table is set for a formal meal, with multiple place settings visible. The glasses are present on the table, although some are partially out of frame at the top. The image is well-lit and clear, with a good level of detail visible in the table settings. The quality of the image is high, with a score of 0.9 out of 1. The main object, the dining table, is present, so the answer to Question 1 is True. The glasses are visible on the table, so the answer to Question 2 is False."}, {"ans": [true, false, 1.0], "reasoning": "The image is showing a vintage typewriter with a visible ribbon, answering the first question as True. For the second question, the ribbon is clearly visible, so the answer is False. The image quality is high, and all details are clear."}, {"ans": [true, true, 1.0], "reasoning": "The image shows a winter jacket, specifically a cream-colored puffer coat with a fur-lined hood, hanging on a coat rack. The jacket is the main object in the image and is clearly visible. The zipper is not visible on the jacket as it is fastened with buttons down the front. Therefore, the answer to Question 1 is True because the image is showing a winter jacket. The answer to Question 2 is True because the zipper is not visible, implying it is either missing or not visible. The quality of the image is rated 1 because it is clear and well-lit, and the main object (the winter jacket) is prominently displayed."}, {"ans": [true, false, 0.9], "reasoning": "The image clearly shows a sunflower, so the answer to the first question is True. The seeds are visible on the sunflower, so the answer to the second question is False. The quality of the image is rated 0.9 because it is clear and well-lit, with no visible distortions or issues that would detract from the viewer's understanding of the image."}, {"ans": [true, false, 0.9], "reasoning": "The image clearly shows an elephant with a visible trunk. The main object in the image is an elephant, and it has a trunk, so the answer to the first question is True. Since the trunk is visible, the answer to the second question is False. The image is of high quality, with clear details of the elephant and its surroundings, so the quality score is 0.9."}, {"ans": [true, false, 0.9], "reasoning": "The image clearly shows a rowboat, which is the main object in question. The boat is white with a red bottom and has wooden seats inside. One oar is visible inside the boat, leaning against the side, indicating that the oars are not entirely missing. Therefore, for Question 1, the answer is True because the image is showing a rowboat. For Question 2, the answer is False because one oar is visible, meaning the oars are not entirely missing or not visible. The quality of the image is rated 0.9 because it is clear and well-defined, with no significant factors detracting from its quality."}, {"ans": [true, false, 0.9], "reasoning": "The image is showing a snowman with a scarf and a hat, and it has buttons on its body. The presence of the snowman is clear, so the answer to the first question is True. The buttons are visible on the snowman's body, so the answer to the second question is False. The image is clear and well-defined, with no significant issues affecting its quality, so the quality score is 0.9."}, {"ans": [true, false, 0.9], "reasoning": "The image clearly shows a fountain pen, which is the main object in question. The pen is red with gold accents and is placed on top of a book. The ink reservoir is visible and appears to be filled with ink, indicating that the ink is not missing. The quality of the image is high, with clear details of the pen and its components. The only reason for not giving it a perfect score is the slight shadowing and reflection on the book's surface, but this does not detract significantly from the overall clarity."}, {"ans": [true, true, 0.8], "reasoning": "The image is showing a paintbrush with a wooden handle and metal ferrule. The bristles of the paintbrush are not visible as they are covered in paint and possibly stuck to the palette. Therefore, the answer to the first question is True because the image is showing a paintbrush. The answer to the second question is also True because the bristles are not visible, they are either missing or not visible due to being stuck to the palette. The quality of the image is rated 0.8 because it is a close-up shot and the details are clear, even though the bristles are not visible."}, {"ans": [true, false, 0.9], "reasoning": "The image clearly shows a pair of eyeglasses with temples on top of a stack of papers. The glasses are the main object in the image and are easily visible. The temples are also visible, extending from the frames on both sides. Therefore, the answer to Question 1 is True because the image is showing eyeglasses. The answer to Question 2 is False because the temples are not missing; they are visible. The quality of the image is rated 0.9 because it is clear and well-focused on the main object, the eyeglasses."}, {"ans": [true, true, 0.9], "reasoning": "The image clearly shows a person holding an umbrella, indicating the presence of an umbrella. The umbrella's ribs are not visible due to the angle and the raincoat covering part of it, suggesting they are either missing or not visible. The image quality is high as it captures the scene with clarity, despite the rain and the lighting conditions."}, {"ans": [true, false, 0.9], "reasoning": "The image shows a wristwatch with a gold face and brown leather strap, encased in a clear glass dome. The watch face is visible and appears to be a mechanical watch with exposed gears. The hour markers are visible on the watch face, although they are not traditional numbers or dots, but rather a combination of symbols and lines. The watch is displayed on a white cushion within the glass dome, which is placed on a black base. The overall presentation suggests a high-quality product display."}, {"ans": [true, false, 1.0], "reasoning": "The image depicts a camping tent with its structure intact and visible. The tent is set up in a grassy field, and its fabric is supported by poles, which are visible as they are holding up the tent's shape. The presence of the tent and its poles is clear, indicating that the poles are not missing or invisible."}, {"ans": [true, false, 0.9], "reasoning": "The image shows a cuckoo clock with intricate carvings and decorations, including deer and leaves. The clock face is visible, and there are chains hanging down from the clock, indicating the presence of weights. The weights are partially visible, as they are hanging down from the clock, so they are not missing or invisible."}, {"ans": [true, true, 0.8], "reasoning": "The image shows a smartphone standing upright on a table, with its screen facing the camera. The phone's screen is on, displaying a call interface. The phone's body is visible, and there is no visible speaker grille on the front or bottom side of the phone. The image is clear and well-lit, with a shallow depth of field that blurs the background."}, {"ans": [true, true, 0.9], "reasoning": "The image clearly shows a motorcycle, so the answer to the first question is True. The speedometer is not visible in the image, as the handlebars and the front of the motorcycle are visible but the dashboard or the area where a speedometer would typically be is not shown. Therefore, the answer to the second question is True. The quality of the image is rated 0.9 because it is clear and well-focused on the motorcycle, capturing its details effectively."}, {"ans": [true, true, 0.9], "reasoning": "The image shows a violin with a bow placed on it. The bow is clearly visible, indicating that the main object (violin bow) is present. Therefore, the answer to Question 1 is True. Upon closer inspection, it is evident that the hair on the bow is not visible, suggesting that it is either missing or not visible. Thus, the answer to Question 2 is True. The image is well-lit and in focus, with the violin and bow clearly visible against a red fabric background. The quality of the image is high, scoring 0.9 out of 1. The absence of visible hair on the bow does not negatively impact the quality score as per the instructions."}, {"ans": [true, false, 1.0], "reasoning": "The image shows a birdcage hanging from the ceiling of a porch, with a bird inside. The birdcage is the main object in the image and is clearly visible. There is a perch inside the cage, so it is not missing. The image is well-lit and the details are clear, indicating a high-quality image."}, {"ans": [true, false, 1.0], "reasoning": "The image is showing a statue of a woman, and the head is present and visible. The statue is a marble sculpture depicting a woman in a flowing dress, with her hair styled in an updo and a serene expression. The statue is standing on a marble pedestal in front of a row of columns. The head is not missing or invisible; it is clearly visible and well-defined."}, {"ans": [true, false, 0.9], "reasoning": "The image shows a teddy bear sitting on a bed. The teddy bear has a visible nose, which is brown in color. Therefore, for Question 1, the image is showing a teddy bear, so the answer is True. For Question 2, the nose is visible, so it is not missing or not visible, hence the answer is False. The image quality is rated 0.9 because it is clear and well-lit, with no visible distortions or obstructions that would significantly impact the visibility of the teddy bear or its features."}, {"ans": [true, false, 0.9], "reasoning": "The image clearly shows a pair of white sneakers with laces. The sneakers are the main object in the image, and they are prominently displayed. The laces are visible and appear to be intact, so they are not missing. The image is of high quality, with clear details and good lighting. The only reason the quality score is not 1 is due to the slight shadowing and texture of the door and floor, but this does not detract from the main subject."}, {"ans": [true, true, 1.0], "reasoning": "The image shows a refrigerator with its door open, revealing the interior. The refrigerator is the main object in the image, and it is clearly visible. The door shelves are not visible from the current angle, as the door is open and the shelves are attached to the inside of the door. Therefore, the answer to Question 1 is True, as the image is showing a refrigerator. The answer to Question 2 is also True, as the door shelves are not visible from the current angle. The quality of the image is rated 1, as it is clear and well-lit, and the key elements are visible."}, {"ans": [true, false, 0.9], "reasoning": "The image depicts a group of young women sitting around a campfire. The campfire is visible and contains a small flame, indicating that it is lit. The presence of the campfire and the flame answers the first question affirmatively. For the second question, since the flames are visible, it indicates that they are not missing or invisible. The image quality is rated high because it clearly shows the campfire and the people around it, with good lighting and detail."}, {"ans": [true, false, 0.9], "reasoning": "The image shows a drinking fountain with water flowing from it, indicating that it is present and visible. The main object in the image is a drinking fountain, which is clearly visible. Therefore, the answer to Question 1 is True. Since the water is flowing and visible, the answer to Question 2 is False. The image is well-lit and in focus, with the drinking fountain being the central object, hence the quality score is 0.9."}, {"ans": [true, true, 1.0], "reasoning": "The image shows a revolver with a visible trigger and hammer, but the trigger guard is not visible as it is obscured by the finger pointing at it. The main object in the image is a revolver, so the answer to the first question is True. The trigger guard is not visible due to the finger, so the answer to the second question is True. The image is clear and well-lit, showing the revolver in detail, so the quality is rated as 1."}, {"ans": [true, false, 1.0], "reasoning": "The image is showing a compass rose with a north arrow. The compass rose is clearly visible and centered in the image, with a north arrow pointing towards the top. The image is of high quality, with clear details and no visible distortions."}, {"ans": [true, false, 0.9], "reasoning": "The image depicts a futuristic cityscape with tall, sleek skyscrapers that are prominently featured. The skyscrapers are the main focus of the image, and they appear to be a central element of the scene. Therefore, the answer to Question 1 is True. Upon closer inspection, it is evident that the skyscrapers have windows, as indicated by the numerous small rectangular features on their surfaces. Although the windows are not highly detailed, their presence is visible. Hence, the answer to Question 2 is False. The image is of high quality, with clear and detailed rendering of the cityscape, so the quality score is 0.9."}, {"ans": [true, true, 0.9], "reasoning": "The image shows a conductor standing in front of an orchestra, with his back to the camera and his right arm raised. The conductor is wearing a black suit and has white hair. The orchestra is seated behind him, with musicians playing various string instruments. The baton is not visible in the conductor's hand, and it is likely that he is using a gesture to lead the orchestra instead. The image is well-lit and in focus, with a clear view of the conductor and the orchestra. The overall quality of the image is good, with a rating of 0.9 out of 1."}, {"ans": [false, true, 1.0], "reasoning": "The image shows a soccer field, but there is no soccer goal visible. Therefore, the answer to Question 1 is False. Since there is no soccer goal, the crossbar is also not visible, making the answer to Question 2 True. The image quality is good as it clearly shows the soccer field, so the quality score is 1."}, {"ans": [true, false, 1.0], "reasoning": "The image clearly shows a microscope on a table in a laboratory setting. The microscope is white with black eyepieces and has multiple lenses visible. The presence of the microscope answers the first question affirmatively. For the second question, the lenses are clearly visible on the microscope, so they are not missing or invisible. Therefore, the answer to the second question is false. The image is of high quality, clearly showing the details of the microscope and its surroundings, hence the quality score is 1."}]