[{"ans": [true, true, 0.9], "reasoning": "The image depicts a sailboat on calm waters with a clear blue sky in the background. The sailboat has a white hull and two masts with rigging, but the sails are not visible, indicating they are either missing or not deployed. The presence of a sailboat is confirmed, answering the first question affirmatively. For the second question, the sails are not visible, supporting an affirmative answer. The image is clear and well-composed, capturing the sailboat and its surroundings in good detail, hence a high-quality score."}, {"ans": [true, true, 0.8], "reasoning": "The image clearly shows a bicycle, so the answer to the first question is True. Upon closer inspection, the chain of the bicycle is not visible, so the answer to the second question is True. The image quality is good, with clear details of the bicycle and its surroundings, so the quality score is 0.8."}, {"ans": [true, false, 0.9], "reasoning": "The image clearly shows a cat, which is the main object in question. The cat appears to be a gray cat with visible whiskers, indicating that the whiskers are not missing. The image is of high quality, with clear details of the cat's features and its surroundings. The only reason for not giving it a perfect score is the slight blurriness in the background, but this does not affect the visibility of the cat or its whiskers."}, {"ans": [true, true, 0.9], "reasoning": "The image depicts a large stone structure with a prominent arched entrance, characteristic of a castle. The presence of towers and a fortified wall further supports this identification. Therefore, the answer to the first question is True. Upon closer inspection, it is evident that there are no visible gates at the entrance or anywhere else in the image. The arched opening appears to be empty, suggesting that gates are either missing or not visible. Hence, the answer to the second question is also True. The image is clear and well-lit, with good resolution, allowing for a detailed examination of the castle's architecture. The quality of the image is rated 0.9, as it effectively captures the essence of the castle's structure without any significant distractions or obstructions."}, {"ans": [true, false, 0.9], "reasoning": "The image clearly shows a hot-air balloon with a basket, so the answer to the first question is True. The basket is visible and not missing, so the answer to the second question is False. The image is of high quality, with clear details of the balloon and the landscape, so the quality score is 0.9."}, {"ans": [true, false, 0.9], "reasoning": "The image clearly shows a turtle with a visible shell on a sandy beach. The turtle is centered in the image, and its shell is fully visible, indicating that the shell is not missing or invisible. The image is well-lit and in focus, suggesting a high-quality image. The presence of the turtle and its shell is evident, supporting the answers provided."}, {"ans": [true, false, 1.0], "reasoning": "The image clearly shows a train at a station. The train is silver and has multiple cars. The wheels of the train are visible under the front car, indicating that they are not missing. The image is well-lit and in focus, suggesting a high-quality image. Therefore, the answer to the first question is True because the image is showing a train. The answer to the second question is False because the wheels are visible, hence not missing. The quality of the image is rated 1.0 because it is clear and well-lit."}, {"ans": [true, false, 1.0], "reasoning": "The image clearly shows a pair of eyeglasses with lenses. The lenses are visible and not missing, so the answer to the first question is True. Since the lenses are present and visible, the answer to the second question is False. The image is of high quality, well-lit, and clearly shows the details of the eyeglasses, so the quality score is 1.0."}, {"ans": [true, false, 1.0], "reasoning": "The image clearly shows a fountain pen with a visible nib, so the main object is present. The nib is visible on the pen, so it is not missing or invisible. The image is of high quality as it is clear and well-lit."}, {"ans": [true, true, 0.8], "reasoning": "The image shows a metal frame that resembles an umbrella without a canopy. The main object in the image is indeed an umbrella, albeit without its canopy. Therefore, the answer to the first question is True. For the second question, the canopy is missing, so the answer is True. The quality of the image is rated 0.8 because it is clear and well-focused, with no visible distortions or obstructions that would hinder the understanding of the scene."}, {"ans": [true, false, 1.0], "reasoning": "The image clearly shows a large white airplane on a runway, with its wings visible. The presence of the airplane answers the first question affirmatively. Since the wings are clearly visible, the answer to the second question is negative, indicating that the wings are not missing or not visible. The image is of high quality as it is clear and well-defined, capturing the details of the airplane and its surroundings."}, {"ans": [true, true, 0.9], "reasoning": "The image shows a desk lamp, which is the main object in question. The lamp is present, so the answer to the first question is True. Upon closer inspection, it appears that the bulb is not visible, as it is likely hidden within the lamp's shade or not installed. Therefore, the answer to the second question is also True, as the bulb is not visible. The image quality is rated 0.9 because it is clear and well-lit, with no apparent issues that would detract from the visibility of the lamp or the surrounding environment."}, {"ans": [true, false, 0.9], "reasoning": "The image clearly shows an electric guitar with a visible neck, answering the first question affirmatively. Since the neck is visible, the second question is answered negatively. The quality of the image is rated high because it is clear and well-lit, with the guitar being the central focus."}, {"ans": [true, false, 0.9], "reasoning": "The image clearly depicts a fish, which is the main object in the scene. The fish is shown with its fins visible, indicating that they are not missing. The quality of the image is high, with clear details of the fish and its surroundings, except for some minor blurriness in the background."}, {"ans": [true, false, 1.0], "reasoning": "The image is showing a cottage with a roof, so the answer to the first question is True. The roof is visible, so the answer to the second question is False. The image is clear and well-lit, with no visible distortions or obstructions, so the quality is rated as 1."}, {"ans": [true, true, 0.9], "reasoning": "The image is showing a car, which is a convertible with its top down. The windshield is not visible as it is folded down or possibly removed, hence it is considered missing or not visible. The image quality is rated 0.9 because it is clear and well-focused on the car's interior and surrounding environment."}, {"ans": [true, false, 0.9], "reasoning": "The image is showing a keyboard with a clear view of all keys, including the spacebar, which is present and visible between 'C' and 'B' on the bottom row. Therefore, the answer to Question 1 is True. For Question 2, since the spacebar is visible, the answer is False. The quality of the image is rated 0.9 because it is clear and well-lit, showing all details of the keyboard without any significant obstructions or blurriness."}, {"ans": [true, false, 1.0], "reasoning": "The image clearly shows an owl perched on a branch, with its feathers visible and detailed. The owl's body is covered in feathers, which are depicted in various shades of brown, white, and black. The feathers are not missing or invisible; they are a prominent feature of the image. Therefore, the answer to the first question is True, as the image is showing an owl. The answer to the second question is False, as the feathers are not missing or not visible. The quality of the image is rated as 1, indicating that it is of high quality, with clear and detailed rendering of the owl and its surroundings."}, {"ans": [true, true, 0.9], "reasoning": "The image shows a book with a leather cover, but the pages are missing. The book is open and the interior is empty, indicating that the pages are not present. The image is of high quality, with clear details and good lighting. The book is the main focus of the image, and it is clearly visible. The background is also well-defined, showing a wooden table and bookshelves. The overall quality of the image is good, and it effectively conveys the information about the book."}, {"ans": [true, false, 0.9], "reasoning": "The image clearly shows a lighthouse, which is the main object in the picture. The lighthouse has a lamp visible inside the glass enclosure at the top. Therefore, the lamp is not missing or invisible. The image is of high quality as it is clear and well-defined, with all key elements visible."}, {"ans": [true, false, 1.0], "reasoning": "The image shows a beige armchair with a tufted back and wooden legs, placed on a patterned rug in a room with light-colored wood flooring and beige curtains. The chair is the main object in the image, and it is clearly visible. The legs of the chair are also visible, so they are not missing or invisible. The image is well-lit and clear, with no visible distortions or obstructions. Therefore, the answer to Question 1 is True, the answer to Question 2 is False, and the quality of the image is rated as 1.0."}, {"ans": [true, true, 0.9], "reasoning": "The image is showing a deer, which is the main object. The deer appears to be a female or a young male as there are no visible antlers on its head. The image is clear and well-lit, with the deer standing in a forest, surrounded by trees and foliage. The quality of the image is high, with good lighting and detail. The antlers are not visible, so the answer to the second question is true."}, {"ans": [true, false, 1.0], "reasoning": "The image shows a white envelope on a marble surface. The envelope is closed and has a visible flap, indicating that it is present. Therefore, the answer to Question 1 is True. Since the flap is visible, the answer to Question 2 is False. The image is clear and well-lit, and the envelope is centered, so the quality is rated as 1."}, {"ans": [true, true, 1.0], "reasoning": "The image shows a wall clock with a white face and black hands, mounted on a wall above a fireplace. The clock face does not have any numbers visible. Therefore, the answer to Question 1 is True because the image is showing a wall clock. The answer to Question 2 is True because the numbers are not visible on the clock face. The quality of the image is rated as 1 because it is clear and well-lit, and the key elements are easily visible."}, {"ans": [true, false, 0.9], "reasoning": "The image shows an astronaut in a space suit floating in a swimming pool. The space suit is clearly visible and includes a helmet. The presence of the helmet means it is not missing or not visible. The image is of high quality, with clear details of the space suit and the pool environment."}, {"ans": [true, false, 1.0], "reasoning": "The image clearly depicts a windmill with visible blades standing in a field of wheat. The windmill is the main object in the image, and it is identifiable as such due to its characteristic structure and the presence of blades. Therefore, the answer to Question 1 is True. The blades are visible and not missing, so the answer to Question 2 is False. The image is clear and well-lit, showing the windmill and its surroundings in detail, hence the quality rating is 1.0."}, {"ans": [true, true, 0.9], "reasoning": "The image is showing a tree without leaves. The main object in the image is a large tree with bare branches, indicating that it is either winter or the tree is dead. The presence of the tree is clear, so the answer to the first question is True. The leaves are not visible on the tree, so the answer to the second question is also True. The quality of the image is rated 0.9 because it is a clear and well-lit photograph, with the sun shining through the branches of the tree, creating a beautiful effect. The only reason it is not rated 1 is due to the slight haze in the background, but this does not detract significantly from the overall quality."}, {"ans": [true, false, 1.0], "reasoning": "The image shows a yellow school bus parked on a road. The bus is clearly visible and appears to be in a relatively good condition. The doors of the bus are visible and appear to be intact, so they are not missing. Therefore, the answer to the first question is True because the image is showing a bus. The answer to the second question is False because the doors are visible and not missing. The quality of the image is rated as 1 because it is clear and well-lit, and there are no visible issues that would detract from the overall quality."}, {"ans": [true, false, 1.0], "reasoning": "The image is showing a laptop with its screen visible. The laptop is open and facing the camera, with the screen displaying a blank white screen. The keyboard and other features of the laptop are also visible. Therefore, the answer to the first question is True. The screen is not missing and is visible, so the answer to the second question is False. The image is clear and well-lit, with no visible distortions or issues, so the quality is rated as 1.0."}, {"ans": [true, true, 0.9], "reasoning": "The image shows a trumpet lying on a red velvet surface. The trumpet is visible and appears to be a standard instrument. The mouthpiece is not attached to the trumpet, indicating it is missing or not visible. The image is clear and well-lit, allowing for a good view of the trumpet. The quality of the image is rated 0.9 because it is clear and well-focused, with no significant distractions or obstructions."}, {"ans": [true, false, 0.9], "reasoning": "The image clearly depicts a robot, answering the first question affirmatively. The robot is shown with a visible head, thus answering the second question negatively as the head is not missing or invisible. The image quality is rated high because it is clear and well-lit, with detailed features of the robot and its surroundings visible."}, {"ans": [true, true, 1.0], "reasoning": "The image shows a large, white, cylindrical object that resembles a candle. The object is centered on a silver tray, and its appearance is consistent with that of a candle, although the top is not visible. Therefore, the answer to the first question is True because the image is showing a candle, regardless of whether it has a wick or not. For the second question, the wick is not visible, so the answer is True. The quality of the image is rated as 1.0 because it is clear and well-lit, and the key elements are easily discernible."}, {"ans": [true, false, 0.9], "reasoning": "The image is showing a pizza, which is the main object. The pizza appears to have a red sauce, tomatoes, and basil leaves on top. Upon closer inspection, it is evident that the pizza has cheese, as there are visible melted cheese strings and a light-colored layer under the sauce and toppings. Therefore, the cheese is not missing or invisible. The image is of high quality, with clear details of the pizza and its toppings. However, the quality score is not 1 due to minor imperfections in the image, such as slight blurriness around the edges."}, {"ans": [true, true, 1.0], "reasoning": "The image shows a DSLR camera body without a lens attached. The camera body is clearly visible, and the lens mount is empty, showing the internal mechanisms. Therefore, the answer to Question 1 is True because the main object, a DSLR camera, is present. The answer to Question 2 is also True because the lens is missing. The image quality is rated as 1 because the image is clear and well-lit, and the key elements are easily visible."}, {"ans": [true, false, 1.0], "reasoning": "The image shows a grand piano on a stage in an auditorium. The piano is clearly visible and appears to be in good condition. The keys of the piano are visible and not missing, as they are clearly seen on the piano's keyboard."}, {"ans": [true, false, 0.9], "reasoning": "The image shows a paintbrush with visible bristles, so the answer to the first question is True. The bristles are visible on the paintbrush, so the answer to the second question is False. The image is of high quality, with clear details of the paintbrush and the palette, so the quality score is 0.9."}, {"ans": [true, true, 0.9], "reasoning": "The image shows a watch with a black face and silver hands on a granite countertop. The watch is positioned in such a way that its face is visible, and it appears to be a digital watch with some analog elements. The watch has a metal body, but the strap is not visible, indicating it is either missing or not visible. The image is clear and well-lit, with good focus on the watch, suggesting a high-quality image."}, {"ans": [true, false, 1.0], "reasoning": "The image clearly shows a person sitting in a dentist's chair with their mouth open, revealing their teeth and the inside of their mouth. The presence of dental tools and a dentist's gloved hands indicates that the person is undergoing a dental examination or procedure. The tongue is visible inside the mouth, so it is not missing or invisible."}, {"ans": [true, false, 1.0], "reasoning": "The image clearly shows a motorcycle, so the answer to the first question is True. The handlebars are visible in the image, so the answer to the second question is False. The image is of high quality, with clear details and proper lighting, so the quality score is 1."}, {"ans": [true, false, 1.0], "reasoning": "The image shows a vintage television set with a visible screen, although the screen appears to be turned off or displaying a static image. The television is the main object in the image, and it is clearly visible. The screen is not missing, it is present but not displaying any content. The image is of high quality, with clear details and no visible distortions."}, {"ans": [true, false, 1.0], "reasoning": "The image clearly depicts a goat with visible horns standing on a rocky outcrop. The presence of the goat is evident, and the horns are clearly visible, thus answering both questions. The image is of high quality as it is clear and well-focused."}, {"ans": [true, false, 1.0], "reasoning": "The image clearly shows a red sneaker with white laces on a bench in front of lockers. The sneaker is the main object and is visible in its entirety, indicating that the image is showing a sneaker. The laces are also visible, threaded through the eyelets, so they are not missing or invisible. The image is well-lit and in focus, with no visible distortions or obstructions, hence the quality is rated as 1."}, {"ans": [true, false, 1.0], "reasoning": "The image clearly shows a green frog sitting on a leaf over water, with its eyes visible. The presence of the frog is evident, and its eyes are clearly visible, indicating that they are not missing or invisible. The image is of high quality, with clear details of the frog's features and its surroundings."}, {"ans": [true, false, 1.0], "reasoning": "The image is showing a mug with a handle, so the answer to the first question is True. The handle is visible, so the answer to the second question is False. The image is clear and well-lit, and the mug is centered in the frame, so the quality is rated as 1.0."}, {"ans": [true, false, 0.9], "reasoning": "The image clearly shows a saxophone, which is the main object in question. The saxophone is depicted with its keys visible, indicating that the keys are not missing. The image is well-lit and focused, showing the details of the instrument, hence the high quality score. The presence of a music stand in the background does not affect the visibility or presence of the saxophone or its keys."}, {"ans": [true, false, 1.0], "reasoning": "The image clearly shows a skateboard with its underside facing upwards, resting on a brick surface. The skateboard has a wooden deck and is equipped with trucks and wheels, indicating that it is a complete skateboard. The presence of wheels is evident, and they are not missing or invisible. Therefore, the answer to the first question is True because the image is showing a skateboard. The answer to the second question is False because the wheels are visible and not missing. The quality of the image is rated as 1.0 because it is clear and well-lit, allowing for easy identification of the skateboard and its components."}, {"ans": [true, false, 1.0], "reasoning": "The image shows a black fedora hat on a stand. The hat has a visible brim, which is a key characteristic of a fedora. Therefore, for Question 1, the answer is True because the image is showing a fedora. For Question 2, the answer is False because the brim is visible, not missing or invisible. The quality of the image is rated 1 because it is clear and well-lit, with no visible distortions or obstructions that would affect the visibility of the hat or its features."}, {"ans": [true, false, 0.9], "reasoning": "The image shows a motorcycle helmet with a visor, which is clearly visible and not missing. The main object in the image is a motorcycle helmet, so the answer to the first question is True. Since the visor is present and visible, the answer to the second question is False. The image is well-lit and the helmet is centered, making it a high-quality image, so the quality score is 0.9."}, {"ans": [true, true, 1.0], "reasoning": "The image shows a bedframe, which is the main object. The mattress is not visible, so it is considered missing. The image is of high quality, clearly showing the details of the bedframe."}, {"ans": [true, false, 1.0], "reasoning": "The image is showing a clock tower with a visible clock face. The clock tower is the main object in the image, and it has a clock face on one side. The clock face is clearly visible, so it is not missing or invisible. The image is of high quality, with clear details and good lighting."}, {"ans": [true, false, 0.9], "reasoning": "The image shows a pocket watch with its cover open, revealing the inner workings and the clock face. The clock face has visible hands, so the answer to the second question is false. The image is of high quality, with clear details of the pocket watch and its components. The slight decrease in quality score is due to the fabric background being slightly out of focus, but it does not detract significantly from the overall image."}, {"ans": [true, false, 1.0], "reasoning": "The image clearly shows a bicycle leaning against a stone wall. The bicycle is red with silver accents and has a visible chain and gear system. The pedals are visible and appear to be attached to the cranks, indicating they are not missing. The image is well-lit and in focus, providing a clear view of the bicycle's components. Therefore, the answer to the first question is True because the image is showing a bicycle. The answer to the second question is False because the pedals are visible and not missing. The quality of the image is rated 1 because it is clear and well-focused, with no visible issues that would detract from the visibility of the bicycle or its components."}, {"ans": [true, false, 0.9], "reasoning": "The image shows a portrait of a woman with her eyes visible, so the answer to the first question is True. Since the eyes are visible, the answer to the second question is False. The quality of the image is rated 0.9 because it is clear and well-lit, with no visible distortions or obstructions."}, {"ans": [true, false, 1.0], "reasoning": "The image clearly shows a grand piano on a stage with its lid open, revealing the internal mechanisms including the hammers. The presence of the hammers is visible through the open lid, indicating they are not missing. The image is well-lit and in focus, showcasing the piano and its components clearly, hence the quality is rated as 1."}, {"ans": [true, true, 0.9], "reasoning": "The image depicts a sailing ship, specifically a wooden vessel with three masts, characteristic of historical sailing ships. The sails are not visible, indicating they are either missing or not visible. The image is clear and well-defined, showing the details of the ship and its rigging. The quality of the image is high, with a clear view of the ship's structure and the surrounding water. The absence of sails does not detract from the overall quality of the image as per the instructions."}, {"ans": [true, false, 1.0], "reasoning": "The image depicts a large tree with a wide canopy and visible leaves. The tree appears to be an oak tree due to its broad, lobed leaves and sturdy branches. The presence of leaves on the tree indicates that they are not missing. The image is clear and well-lit, suggesting a high-quality image."}, {"ans": [true, false, 0.9], "reasoning": "The image depicts a stone cottage with a chimney, surrounded by trees and vines. The cottage is clearly visible, and it has a door that is partially obscured by foliage. The presence of the cottage answers the first question affirmatively. For the second question, the door is visible, although it is partially covered by vines, so it is not considered missing or not visible. The image quality is rated 0.9 because it is a clear and detailed representation of the cottage and its surroundings."}, {"ans": [true, false, 1.0], "reasoning": "The image clearly shows a passenger jet on a runway. The wings of the jet are visible, indicating that they are not missing. The image is of high quality, with clear details of the aircraft and its surroundings."}, {"ans": [true, true, 1.0], "reasoning": "The image clearly shows a wristwatch with a silver face and brown leather strap. The watch face is plain and lacks numbers, indicating that the numbers are indeed missing or not visible. The image is well-lit and in focus, providing a clear view of the watch. Therefore, the quality of the image is rated as 1."}, {"ans": [true, true, 1.0], "reasoning": "The image shows a pizza with tomato sauce, basil leaves, and olives. The crust is visible and appears to be cooked. There is no visible cheese on top of the pizza, suggesting that it might be missing or not visible. The image is clear and well-lit, allowing for a good view of the pizza's toppings and crust. Therefore, the answer to Question 1 is True because the image is showing a pizza. The answer to Question 2 is True because the cheese is not visible on the pizza. The quality of the image is rated as 1 because it is clear and well-lit, and there are no issues with the main object (the pizza) being obscured or unclear."}, {"ans": [true, false, 1.0], "reasoning": "The image clearly shows traffic signals, with some of them displaying red lights. The presence of traffic signals is evident, answering the first question as true. For the second question, the lights are visible on the traffic signals, so the answer is false. The image quality is rated as 1 because it is clear and well-lit, with the key elements (traffic signals) clearly visible."}, {"ans": [true, false, 1.0], "reasoning": "The image is showing a skateboard with wheels. The skateboard is clearly visible on a concrete surface, and its wheels are also visible. The presence of the skateboard and its wheels directly answers both questions. The image is of high quality as it clearly shows the skateboard and its components."}, {"ans": [true, true, 1.0], "reasoning": "The image depicts a chessboard with pieces arranged on it, satisfying the condition for Question 1. The black pieces are not visible as they are not present on the board, thus answering Question 2 as true. The image is clear and well-lit, showing all the white pieces and the chessboard in detail, hence the quality is rated as 1."}, {"ans": [true, false, 1.0], "reasoning": "The image shows a red sports car in a showroom. The car is clearly visible and has visible brake calipers behind the wheels, indicating that the brakes are present and visible. Therefore, the answer to Question 1 is True because the image is showing a sports car. The answer to Question 2 is False because the brakes are visible. The quality of the image is rated 1 because it is clear and well-lit, showing the car and its details without any issues."}, {"ans": [true, true, 1.0], "reasoning": "The image depicts an open book on a wooden table. The pages are blank, indicating that there is no text visible. Therefore, the answer to the first question is True because the image is showing a book. The answer to the second question is also True because the text is not visible on the pages of the book. The quality of the image is rated as 1 because it is clear and well-defined, with no visible distortions or issues that would detract from its quality."}, {"ans": [true, false, 0.9], "reasoning": "The image clearly shows a computer tower with visible internal components, including fans. The main object in the image is indeed a computer tower, so the answer to Question 1 is True. The fans are visible through the transparent side panel of the computer tower, so the answer to Question 2 is False. The image is well-lit and provides a clear view of the computer tower's internal components, indicating a high-quality image. The quality score is 0.9 because the image is clear and well-composed, with no visible distortions or obstructions that would detract from its quality."}, {"ans": [true, true, 0.9], "reasoning": "The image depicts a scarecrow standing in a wheat field. The scarecrow is made of straw and is dressed in a plaid shirt and a straw hat. It is attached to a wooden post. The scarecrow does not have visible arms, as they are either missing or not visible due to the way it is constructed or positioned. The image is clear and well-composed, with the scarecrow being the main focus. The background is a vast wheat field with trees in the distance, under a clear sky. The overall quality of the image is high, with good lighting and detail."}, {"ans": [true, true, 0.9], "reasoning": "The image depicts a man in armor, which is consistent with the representation of a knight. The presence of armor and the context suggest that the individual is a knight. However, upon closer inspection, it is evident that the knight is not holding a sword, and there is no visible sword in the image. Therefore, the sword is considered missing or not visible. The quality of the image is rated high because the details of the armor and the knight's attire are clearly visible."}, {"ans": [true, false, 1.0], "reasoning": "The image is showing a teapot with a handle, so the answer to the first question is True. The handle is visible, so the answer to the second question is False. The image is clear and well-lit, and the teapot is the main focus, so the quality score is 1."}, {"ans": [true, false, 1.0], "reasoning": "The image clearly shows a basketball hoop with a net. The basketball hoop is the main object in the image, and it is present. The net is also visible and not missing. The image is clear and well-lit, showing the details of the hoop and the net. Therefore, the answer to Question 1 is True because the image is showing a basketball hoop. The answer to Question 2 is False because the net is visible and not missing. The quality of the image is rated as 1 because it is clear and well-lit, with no visible issues or distortions."}, {"ans": [true, false, 0.9], "reasoning": "The image is showing a dining table set with fine china and silverware, with glasses visible on the table. The glasses are present and visible, so they are not missing. The image is of high quality, with clear details of the table setting."}, {"ans": [true, true, 0.9], "reasoning": "The image shows a vintage typewriter on a wooden desk, with a sheet of paper in it. The typewriter is the main object in the image and is clearly visible. The ribbon is not visible, suggesting it might be missing or not properly threaded. The image is clear and well-lit, showing the details of the typewriter and its surroundings. The quality of the image is high, with a score of 0.9, as it clearly captures the typewriter and its condition."}, {"ans": [true, false, 0.9], "reasoning": "The image shows a winter jacket hanging on a coat rack. The jacket is a puffy, cream-colored coat with a fur-lined hood, which is characteristic of a winter jacket. The presence of the jacket is clear, so the answer to the first question is True. The jacket has a zipper that is partially visible on the right side, so the zipper is not missing, it is just not fully visible due to the overlap of the two sides of the jacket. Therefore, the answer to the second question is False. The image is well-lit and clearly shows the jacket and its features, so the quality is rated as 0.9."}, {"ans": [true, false, 0.9], "reasoning": "The image clearly shows a sunflower with its characteristic large yellow petals and a prominent center. The center of the sunflower appears to have seeds or the beginnings of seeds, as indicated by the textured pattern visible. Therefore, for Question 1, the answer is True because the image is showing a sunflower. For Question 2, the answer is False because the seeds are visible as part of the textured pattern in the center of the sunflower. The quality of the image is rated 0.9 because it is clear and well-lit, with the sunflower being the main focus against a blue sky background."}, {"ans": [true, false, 0.9], "reasoning": "The image clearly depicts an elephant, so the answer to the first question is True. The trunk of the elephant is visible and not missing, so the answer to the second question is False. The image is of high quality, with clear details of the elephant and its surroundings, so the quality score is 0.9."}, {"ans": [true, true, 0.9], "reasoning": "The image clearly shows a rowboat on a lake. The boat is white with a red bottom and has a wooden bench inside. There are no oars visible in the boat or near it. The image is well-lit and in focus, showing the details of the boat and its surroundings. The quality of the image is high, with a clear view of the boat and the lake."}, {"ans": [true, false, 0.9], "reasoning": "The image is clearly showing a snowman, so the answer to the first question is True. The snowman has two buttons visible on its body, so the buttons are not missing or not visible, making the answer to the second question False. The image is of high quality, with clear details of the snowman and its surroundings, so the quality score is 0.9."}, {"ans": [true, false, 0.9], "reasoning": "The image clearly shows a fountain pen, which is the main object. The pen is positioned on top of a journal or notebook, and its nib is visible. The ink reservoir is also visible and appears to be filled with ink, as indicated by the dark liquid inside. Therefore, the ink is not missing or invisible. The image is of high quality, with clear details of the pen and the journal."}, {"ans": [true, true, 0.9], "reasoning": "The image shows a paintbrush with a wooden handle and metal ferrule, but the bristles are not visible as they are likely to be inside the metal cap lying next to it. The presence of the paintbrush is clear, so the answer to the first question is True. The bristles are not visible, so the answer to the second question is True. The image is well-lit and clear, with the paintbrush and surrounding elements in sharp focus, hence the quality score is 0.9."}, {"ans": [true, false, 1.0], "reasoning": "The image is showing a pair of eyeglasses with round lenses and thin metal frames. The temples are visible and appear to be made of the same material as the frames. The glasses are placed on top of a stack of papers with text printed on them. Since the eyeglasses are clearly visible in the image, the answer to the first question is True. The temples are also visible, so the answer to the second question is False. The image is clear and well-lit, and the eyeglasses are the main focus, so the quality score is 1."}, {"ans": [true, false, 0.9], "reasoning": "The image clearly shows a person holding an umbrella on a rainy day. The umbrella is visible and appears to be intact with its ribs visible under the fabric. The ribs are not missing or invisible; they can be seen as the structural elements that give the umbrella its shape. Therefore, the answer to the first question is True because the image is showing an umbrella. The answer to the second question is False because the ribs are visible. The quality of the image is rated 0.9 because it is clear and well-composed, with good visibility of the main elements despite the rain and the bright light in the background."}, {"ans": [true, true, 0.9], "reasoning": "The image is showing a wristwatch with a visible face and brown leather strap, answering the first question as true. The hour markers are not visible on the watch face because it is a skeleton watch, so the second question is also true. The image quality is rated 0.9 because it is clear and well-lit, with no visible distortions or obstructions that would detract from the visibility of the watch."}, {"ans": [true, false, 0.9], "reasoning": "The image clearly shows a camping tent in a grassy field. The tent is partially assembled, with its fabric and frame visible. The poles are present and are supporting the structure of the tent, although some parts of the tent are not fully extended or are partially folded. The presence of the tent and its visible structure indicate that the main object is indeed a camping tent. Therefore, the answer to the first question is True. For the second question, the poles are visible and appear to be supporting the tent, so they are not missing or invisible. Hence, the answer to the second question is False. The quality of the image is rated 0.9 because it is clear and well-lit, showing the tent and its surroundings in detail. The slight deduction from 1 is due to minor imperfections in the image, such as slight blurriness or compression artifacts, but these do not significantly impact the visibility of the main subject."}, {"ans": [true, false, 0.9], "reasoning": "The image is showing a cuckoo clock with intricate carvings and details. The clock face is visible, and there are chains hanging down from the clock, indicating the presence of weights. The weights are not directly visible, but the chains are visible, suggesting that the weights are likely attached to the ends of the chains, which are hanging down below the clock. Therefore, the weights are not missing, but rather, they are not visible in the image because they are hanging below the visible area. Hence, the answer to the first question is True. For the second question, since the weights are likely attached to the chains and are just out of view, they are not considered missing or not visible from the cuckoo clock. Hence, the answer is False. The quality of the image is rated 0.9 because it is clear and well-detailed, showing the intricate carvings and the clock's mechanism."}, {"ans": [true, true, 0.8], "reasoning": "The image shows a smartphone standing upright on a table. The phone's screen is on, displaying the time and some icons. The phone is an iPhone, as indicated by the Apple logo on the screen. The speaker grille is not visible from this angle, as the phone is facing forward and the speaker grille is typically located on the bottom or back of the device. Therefore, the answer to Question 1 is True, as the image is showing a smartphone. The answer to Question 2 is also True, as the speaker grille is not visible from this angle. The quality of the image is rated 0.8, as it is clear and well-lit, but the background is slightly blurred."}, {"ans": [true, true, 0.8], "reasoning": "The image clearly shows a motorcycle, which is the main object in the picture. The motorcycle is positioned on a dirt road, facing the camera, and appears to be in motion, kicking up dust. The speedometer is not visible in the image, as the camera is focused on the front of the motorcycle and the speedometer is typically located on the handlebars or dashboard, which are not clearly visible. Therefore, the answer to the first question is True, as the image is showing a motorcycle. The answer to the second question is also True, as the speedometer is not visible. The quality of the image is rated 0.8, as it is clear and well-focused on the motorcycle, but the surrounding environment is slightly blurred."}, {"ans": [false, true, 1.0], "reasoning": "The image shows a violin, but there is no violin bow present. Therefore, the answer to the first question is False. Since there is no bow, the hair cannot be seen, so the answer to the second question is True. The image is clear and well-lit, and the violin is the main focus, so the quality score is 1."}, {"ans": [true, true, 0.9], "reasoning": "The image clearly shows a birdcage hanging from the ceiling of a porch. The birdcage is the main object in the image and is easily identifiable. Therefore, the answer to the first question is True. Upon closer inspection, it is evident that there is no perch visible inside the birdcage. Hence, the answer to the second question is True. The quality of the image is rated 0.9 because it is clear and well-lit, with no significant distractions or obstructions. The absence of a perch inside the birdcage does not affect the quality score as per the given instructions."}, {"ans": [true, false, 0.9], "reasoning": "The image depicts a statue of a woman in a classical style, standing on a marble pedestal. The statue is intact and has a head, which is visible and not missing. The image is of high quality, with clear details and a well-lit composition. The presence of the head on the statue directly answers both questions: the image is showing a statue, and the head is not missing."}, {"ans": [true, false, 1.0], "reasoning": "The image shows a teddy bear sitting on a bed. The teddy bear has a visible nose, so it is not missing. The image is clear and well-lit, and the teddy bear is the main focus. Therefore, the quality of the image is rated as 1.0."}, {"ans": [true, false, 0.9], "reasoning": "The image shows a pair of white sneakers with laces, which are clearly visible. The sneakers are placed on a gray mat in front of a door. The laces are present and visible, so the answer to the second question is False. The image is of good quality, with clear details of the sneakers and the surrounding environment, so the quality score is 0.9."}, {"ans": [true, false, 0.9], "reasoning": "The image clearly shows a refrigerator with its door open, revealing the interior. The refrigerator is the main object in the image, and it is visible in its entirety. The door shelves are visible on the inside of the refrigerator door, so they are not missing. The image is well-lit and clear, with a quality score of 0.9. The slight deduction from 1 is due to minor details such as slight compression artifacts around the edges, but this does not detract from the overall clarity of the image."}, {"ans": [true, false, 1.0], "reasoning": "The image depicts a group of four young women sitting around a campfire in a wooded area. The campfire is clearly visible, with flames emanating from it. Therefore, the answer to Question 1 is True because the image is showing a campfire. The answer to Question 2 is False because the flames are visible from the campfire. The quality of the image is rated as 1, indicating that it is of high quality, with clear details and proper lighting."}, {"ans": [true, false, 0.9], "reasoning": "The image clearly shows a drinking fountain, which is the main object in the image. The drinking fountain is functional and has water flowing from it, indicating that water is present and visible. Therefore, the answer to the first question is True. For the second question, since the water is visible and flowing from the fountain, the answer is False. The quality of the image is rated 0.9 because it is clear and well-lit, showing all the details of the drinking fountain and its surroundings."}, {"ans": [true, true, 1.0], "reasoning": "The image clearly shows a revolver, which is the main object in question. The revolver is presented in a case with a green fabric interior, and it has a wooden grip. Upon closer inspection, it is evident that the trigger guard is missing or not visible, as there is no visible guard around the trigger. The image is of high quality, with clear details of the revolver and its components."}, {"ans": [true, false, 0.9], "reasoning": "The image is showing a compass rose with a north arrow. The compass rose is clearly visible and has a distinct north arrow pointing towards the top of the image. The presence of the north arrow is evident, and it is not missing or invisible. The image quality is high, with clear details and no significant distortions."}, {"ans": [true, false, 0.9], "reasoning": "The image depicts a futuristic cityscape with tall, sleek skyscrapers that are characteristic of science fiction. The presence of these skyscrapers, some of which have neon lights and futuristic architectural features, indicates that the image is indeed showing skyscrapers. Therefore, the answer to the first question is True. Upon closer inspection, it is evident that many of the skyscrapers have visible windows or window-like features, such as the vertical lines of light that could be interpreted as windows. Thus, the windows are not missing or invisible, making the answer to the second question False. The image is of high quality, with clear details and a coherent futuristic setting, hence the quality rating is 0.9."}, {"ans": [true, true, 0.9], "reasoning": "The image shows a conductor standing on a podium with his back to the camera, arms raised, leading an orchestra. The conductor is clearly visible, and the image is well-lit and in focus, indicating a high-quality image. The baton is not visible in the conductor's hand, suggesting it is either missing or not visible."}, {"ans": [false, true, 1.0], "reasoning": "The image shows a soccer field, but there is no soccer goal visible in the image. Therefore, the answer to the first question is False. Since there is no soccer goal, the crossbar is also not visible, making the answer to the second question True. The image is clear and well-lit, showing the details of the soccer field, so the quality is rated as 1."}, {"ans": [true, false, 1.0], "reasoning": "The image clearly shows a microscope on a table. The microscope is a complex device with multiple lenses visible, indicating that it is not missing lenses. The presence of lenses is evident from the multiple eyepieces and the objective lenses visible below them. Therefore, for Question 1, the answer is True because the image is showing a microscope. For Question 2, the answer is False because the lenses are visible and not missing. The quality of the image is rated 1 because it is clear and well-defined, showing all the necessary details of the microscope without any significant issues."}]