[{"ans": [true, true, 1.0], "reasoning": "The image depicts a sailboat on the water, with its sails not visible or deployed. The presence of masts and rigging indicates it is a sailboat. The sails are either furled or not set, making them not visible. The image is clear and of high quality, showing no significant artifacts or distortions."}, {"ans": [true, false, 1.0], "reasoning": "The image clearly shows a red bicycle against a brick wall. The bicycle is intact and has a visible chain connecting the pedals to the rear wheel. The image is sharp and well-lit, with no visible artifacts or distortions that would affect its quality."}, {"ans": [true, false, 0.95], "reasoning": "The image clearly shows a gray cat sitting on a wooden surface near a window. The cat is well-defined and centered in the image, indicating that it is the main object. The whiskers on the cat are visible, although not very long. The image is sharp and clear, with no visible artifacts or distortions that would significantly impact the quality. The slight dust or dirt on the windowsill and the minor wear on the door frame do not detract from the overall quality of the image."}, {"ans": [true, true, 0.95], "reasoning": "The image depicts a castle with a large stone structure and a grassy area in front of it. The castle has a prominent arched entrance, which is a common feature of castles. The image is clear and well-defined, with no visible artifacts or distortions. The quality of the image is high, with a score of 0.95 out of 1. The gates are not visible, as the entrance is open and there are no visible gates. Therefore, the answer to Question 1 is True, and the answer to Question 2 is True."}, {"ans": [true, false, 0.95], "reasoning": "The image clearly shows a hot-air balloon with a visible basket. The main object, the hot-air balloon, is present, so the answer to the first question is True. The basket is also visible, so the answer to the second question is False. The image is of high quality, with clear details and no visible artifacts or distortions, so the quality score is 0.95."}, {"ans": [true, false, 0.95], "reasoning": "The image clearly shows a turtle with a visible shell on a sandy beach. The turtle is centered and facing to the right, with its shell, head, and flippers clearly visible. The image is well-lit and in focus, with no visible artifacts or distortions that would detract from its quality. The shell is not missing or invisible; it is a prominent part of the turtle's visible anatomy. Therefore, the answer to Question 1 is True because the image is showing a turtle. The answer to Question 2 is False because the shell is visible. The quality score is 0.95 because the image is clear and well-composed, with only minor potential issues such as slight grain or texture in the sand, but these do not significantly impact the overall quality."}, {"ans": [true, false, 0.9], "reasoning": "The image clearly shows a train at a station, indicating that the main object (a train) is present. The wheels of the train are visible under the front carriage, so they are not missing or invisible. The image is of high quality with clear details and no visible artifacts or distortions that would significantly impact the visibility of the main object or its components."}, {"ans": [true, false, 0.95], "reasoning": "The image clearly shows a pair of eyeglasses with lenses. The lenses are visible and not missing. The image is sharp and well-lit, with a clear reflection of the glasses on the surface below. The quality of the image is high, with no noticeable artifacts or distortions. The only reason for not giving it a perfect score is the slight blurring in the background, but it does not affect the main object."}, {"ans": [true, false, 1.0], "reasoning": "The image clearly shows a fountain pen with a nib. The nib is visible and appears to be intact. The image is of high quality, with clear details and no visible artifacts or distortions."}, {"ans": [true, true, 0.9], "reasoning": "The image depicts a metal umbrella frame without a canopy, leaning against a wall next to a wooden chair. The main object in the image is the umbrella frame, which is present. Therefore, the answer to Question 1 is True. The canopy is missing, as only the metal frame is visible. Hence, the answer to Question 2 is also True. The image is clear and well-defined, with no visible artifacts or distortions that would affect its quality. The quality score is 0.9 because the image is sharp and clear, with proper lighting and no noticeable issues."}, {"ans": [true, false, 1.0], "reasoning": "The image clearly shows a large white airplane on a runway, with its wings visible. The presence of the airplane answers the first question affirmatively. For the second question, the wings are clearly visible, so they are not missing or not visible. The image is of high quality, with no visible artifacts, blurring, or other issues that would detract from its clarity."}, {"ans": [true, true, 0.95], "reasoning": "The image is showing a desk lamp. The bulb is not visible as it is likely removed or not installed, indicated by the presence of a pull chain hanging down from the socket. The image is clear and well-lit, with no visible artifacts or distortions that would affect the quality. The main object, the desk lamp, is clearly visible."}, {"ans": [true, false, 1.0], "reasoning": "The image clearly shows an electric guitar with a visible neck. The guitar is hanging on a wall, and its body and neck are fully visible. The image is sharp and well-lit, with no visible artifacts or distortions. Therefore, the answer to Question 1 is True, as the image is showing an electric guitar. The answer to Question 2 is False, as the neck is visible. The quality of the image is rated 1.0, as it is clear and well-defined, with no noticeable issues."}, {"ans": [true, false, 0.9], "reasoning": "The image clearly depicts a fish, so the answer to the first question is True. The fins are visible on the fish, so the answer to the second question is False. The image is of high quality, with clear details and no visible artifacts or distortions that would significantly impact the visibility of the main object or its key elements. The quality score is 0.9 because the image is very clear and detailed, with no noticeable issues such as blurring, unnatural color, noise, deformed objects, or double vision."}, {"ans": [true, false, 1.0], "reasoning": "The image shows a small brick cottage with a roof, chimney, and a small porch. The roof is clearly visible, so the answer to the second question is False. The main object, the cottage, is present, so the answer to the first question is True. The image is clear and well-defined, with no visible artifacts or distortions, so the quality score is 1.0."}, {"ans": [true, true, 0.9], "reasoning": "The image shows a white vintage convertible car with its top down, revealing the interior. The windshield is not visible as it is likely folded down or removed. The image is clear and well-lit, showing the car's interior and exterior details. The quality of the image is high, with no noticeable artifacts or blurring. Therefore, the answer to Question 1 is True because the image is showing a car. The answer to Question 2 is True because the windshield is not visible. The quality score is 0.9 because the image is clear and well-lit, but may not be perfect due to slight overexposure."}, {"ans": [true, false, 0.95], "reasoning": "The image clearly shows a keyboard with a rainbow-colored backlight and a transparent casing, allowing the internal components to be visible. The spacebar is present and visible on the keyboard. The image is of high quality, with clear details and no visible artifacts or distortions. The only reason for not giving it a perfect score is the slight darkness around the edges, but it does not affect the visibility of the main object."}, {"ans": [true, false, 0.95], "reasoning": "The image clearly shows an owl perched on a branch, with its feathers visible and detailed. The owl's presence is the main focus, and it is evident that the image is of an owl with feathers. Therefore, the answer to the first question is True. For the second question, the feathers are not missing or invisible; they are clearly visible and detailed, so the answer is False. The image quality is high, with clear details of the owl and its surroundings, but there is a slight artifact around the moon due to overexposure, hence a quality score of 0.95."}, {"ans": [true, false, 0.95], "reasoning": "The image shows a leather-bound book with its cover open, revealing blank pages inside. The main object is indeed a book, so the answer to the first question is true. The pages are visible, so they are not missing or not visible, making the answer to the second question false. The image is clear and detailed, with no visible artifacts or distortions that would affect the quality score. Therefore, the quality score is 0.95, indicating a high-quality image."}, {"ans": [true, false, 0.95], "reasoning": "The image is showing a lighthouse with a visible lamp. The lighthouse is the main object in the image and is clearly visible. The lamp is also visible inside the glass enclosure at the top of the lighthouse. The image is of high quality with no visible artifacts, blurring, or unnatural colors. The only reason the quality score is not 1 is due to the slightly overcast and cloudy sky, which might slightly affect the overall clarity, but not significantly."}, {"ans": [true, false, 1.0], "reasoning": "The image clearly shows an armchair with a beige upholstered body and dark wooden legs, positioned on a patterned rug. The chair is centered in the image, and its features are well-defined. The legs of the chair are visible, indicating that they are not missing. The image is sharp and well-lit, with no visible artifacts or distortions that would affect its quality."}, {"ans": [true, true, 0.95], "reasoning": "The image clearly shows a deer standing in a forest, facing the camera. The deer appears to be without antlers, which directly answers the second question. The image is of high quality, with clear details and no visible artifacts or distortions that would detract from the overall quality. The lighting and composition are well done, making the deer and its surroundings easily visible."}, {"ans": [true, false, 1.0], "reasoning": "The image shows a white envelope with its flap closed, positioned on a marble surface. For Question 1, the main object is indeed an envelope, so the answer is True. For Question 2, the flap is visible and not missing, so the answer is False. The image is clear and of high quality, with no visible artifacts or distortions, so the quality score is 1.0."}, {"ans": [true, true, 1.0], "reasoning": "The image is showing a wall clock, which is the main object. The clock face is white with black hands, and there are no numbers visible on the clock face. The image is clear and of high quality, with no visible artifacts or distortions. The clock is centered on the wall above a fireplace mantel, and the overall composition is well-balanced and visually appealing. Since the numbers are not visible on the clock face, the answer to the second question is True. The quality of the image is rated as 1.0 because it is clear and well-rendered, with no visible issues that would detract from the viewer's understanding of the scene."}, {"ans": [true, false, 0.95], "reasoning": "The image clearly depicts an astronaut wearing a white space suit with a gold visor helmet, floating in a swimming pool. The space suit is the main object in the image, and it is visible in its entirety. The helmet is also visible and appears to be securely attached to the suit. The image is of high quality, with clear details and no visible artifacts or distortions. The only reason the quality score is not 1 is due to the slight rippling effect on the water's surface, which could be considered a minor distortion."}, {"ans": [true, false, 0.95], "reasoning": "The image clearly depicts a windmill with its blades visible, standing in a field of wheat. The main object, the windmill, is present and identifiable. The blades are not missing or invisible; they are clearly visible and appear to be in good condition. The image is sharp and well-defined, with natural colors and no visible artifacts or distortions that would detract from its quality. The slight deduction from a perfect score is due to the very slight haze or gradient effect in the sky, which is barely noticeable."}, {"ans": [true, true, 0.95], "reasoning": "The image clearly shows a large tree with bare branches, indicating that it is either winter or the tree is dead. The main object in the image is indeed a tree, so the answer to the first question is True. The leaves are not visible on the tree, so the answer to the second question is also True. The image quality is high, with clear details of the tree's branches and trunk. The sun's rays peeking through the branches add to the image's clarity. However, the quality score is not 1 because the sun's glare creates a slight overexposure around it, which might be considered a minor flaw."}, {"ans": [true, true, 1.0], "reasoning": "The image clearly shows a yellow school bus parked in a lot. The bus is viewed from the side, and its rear end is partially visible. The side windows and the rear window are visible, but the front of the bus is not shown. The bus has a row of yellow seats along the side, visible through the windows. The doors of the bus are not visible, as the image only shows the side and rear of the bus. Therefore, for Question 1, the image is showing a bus, so the answer is True. For Question 2, the doors are not visible, so the answer is True. The image is clear and well-lit, with no visible artifacts or distortions, so the quality is rated 1.0."}, {"ans": [true, false, 1.0], "reasoning": "The image shows a laptop with its screen open and visible. The laptop is placed on a table against a plain background. The image is clear and well-lit, with no visible artifacts or distortions. The laptop's screen is turned on and is visible, indicating that it is not missing or not visible."}, {"ans": [true, true, 0.95], "reasoning": "The image is showing a trumpet without a mouthpiece. The trumpet is clearly visible and centered in the image, resting on a red velvet fabric. The absence of the mouthpiece is evident as it is not attached to the trumpet. The image quality is high, with clear details of the trumpet and the surrounding fabric. The only reason for a quality score less than 1 is the slight reflection on the fabric, but it does not significantly impact the visibility of the main object."}, {"ans": [true, false, 1.0], "reasoning": "The image clearly shows a robot with a head in a laboratory setting. The robot is white with visible mechanical parts and wires, and it has a distinct head with blue eyes. The head is fully visible, so it is not missing or not visible. The image is of high quality, with clear details and no visible artifacts or distortions."}, {"ans": [true, true, 1.0], "reasoning": "The image depicts a cylindrical object resembling a candle, placed on a silver tray. The object is cream-colored and has a smooth surface, consistent with the appearance of a candle. However, the top of the candle is not visible in the image, making it impossible to confirm the presence or absence of a wick. Therefore, for Question 1, the answer is True because the main object appears to be a candle. For Question 2, the answer is True because the wick is not visible, as the top of the candle is not shown. The image quality is rated 1.0 because it is clear and well-lit, with no visible artifacts or distortions."}, {"ans": [true, false, 0.95], "reasoning": "The image is showing a pizza with visible toppings including tomatoes and basil. There is cheese visible on the pizza, so it is not missing. The image is clear and well-lit, with no visible artifacts or distortions that would detract from its quality. The quality score is 0.95 because the image is very clear and detailed."}, {"ans": [true, true, 0.95], "reasoning": "The image shows a DSLR camera body with the lens removed, exposing the internal mechanism. The camera is clearly visible and appears to be in good condition. The lens is not attached to the camera body, indicating that it is missing or not visible. The image is well-lit and has good resolution, with no visible artifacts or distortions. The quality of the image is high, with a score of 0.95. The main object, the DSLR camera, is present, so answer 1 is true. The lens is not attached, so answer 2 is also true."}, {"ans": [true, false, 1.0], "reasoning": "The image clearly shows a grand piano on a stage in an auditorium. The piano is centered in the foreground, and its keys are visible. The image is well-lit and of high quality, with no visible artifacts or distortions. The presence of the piano and its keys directly answers both questions."}, {"ans": [true, true, 0.9], "reasoning": "The image shows a paintbrush lying on a palette with various colors of paint. The brush is positioned vertically, with its handle pointing downwards and its tip near the bottom edge of the image. The bristles of the brush are not visible, suggesting they might be missing or not visible due to the angle or the paint on them. The image is clear and well-focused, showing the details of the paintbrush and the palette. The quality of the image is high, with no noticeable artifacts or blurring."}, {"ans": [true, true, 0.95], "reasoning": "The image is showing a watch, which is the main object. The strap of the watch is not visible as it is likely detached or not shown in the image. The image is clear and well-lit, with no visible artifacts or distortions that would affect the quality. The watch face is clearly visible, and the details are sharp. The quality score is 0.95 because the image is very clear and well-defined, with no noticeable issues."}, {"ans": [true, true, 0.95], "reasoning": "The image clearly shows a man sitting in a dentist's chair with his mouth open, undergoing a dental examination. The main object, the mouth, is visible. The tongue is not visible, indicating it is either missing or not visible. The image is clear and well-lit, with no visible artifacts or distortions that would significantly impact the quality. The slight blur in the background is expected due to the focus on the foreground."}, {"ans": [true, false, 0.9], "reasoning": "The image clearly shows a motorcycle with handlebars. The handlebars are visible and not missing. The image is well-lit and detailed, with a clear view of the motorcycle and its components. The quality of the image is high, with no visible artifacts or distortions that would detract from the overall clarity. The only reason for not giving it a perfect score is the slight haze and lighting effects that might be considered minor issues."}, {"ans": [true, false, 1.0], "reasoning": "The image clearly shows a vintage television set with a visible screen, although the screen is blank and not displaying any content. The television is housed in a wooden cabinet with the lower panel open, revealing the internal components, including glowing vacuum tubes. The image is well-lit and detailed, with no visible artifacts, blurring, or other issues that would detract from its quality. Therefore, the answer to the first question is True because the image is showing a television. The answer to the second question is False because the screen is visible, even though it is not displaying an image. The quality of the image is rated as 1 because it is clear and well-rendered, with no visible defects."}, {"ans": [true, false, 1.0], "reasoning": "The image clearly shows a goat standing on a rocky outcrop, with a snowy mountainous background. The goat is white and has horns, which are visible on its head. The image is sharp and well-defined, with no visible artifacts or distortions. The quality of the image is high, with a score of 1.0. For question 1, the image is showing a goat, so the answer is True. For question 2, the horns are visible, so the answer is False."}, {"ans": [true, false, 1.0], "reasoning": "The image clearly shows a red sneaker with white laces on a bench in front of lockers. The sneaker is the main object and is visible in detail. The laces are present and visible, threaded through the eyelets. The image is sharp and well-lit, with no visible artifacts or distortions that would affect the quality."}, {"ans": [true, false, 0.9], "reasoning": "The image clearly shows a green frog sitting on a leaf over water. The frog's eyes are visible and clearly defined, indicating that they are not missing. The image is sharp and well-defined, with good color and no visible artifacts or distortions that would detract from its quality. The only reason for not giving it a perfect score is that the background is slightly blurred."}, {"ans": [true, false, 1.0], "reasoning": "The image clearly shows a mug with a handle on the right side. The mug is white with blue floral designs and is placed on a matching saucer. The handle is visible and appears to be a part of the mug. The image is clear and well-defined, with no visible artifacts or distortions. Therefore, the answer to Question 1 is True, as the image is showing a mug. The answer to Question 2 is False, as the handle is present and visible. The quality of the image is rated as 1.0, indicating that it is of high quality with no noticeable issues."}, {"ans": [true, false, 1.0], "reasoning": "The image clearly shows a saxophone, which is the main object in question. The saxophone is depicted with its keys visible, indicating that the keys are not missing or invisible. The image is of high quality, with clear details and no visible artifacts or distortions."}, {"ans": [true, false, 0.95], "reasoning": "The image shows a skateboard with one wheel visible and the other wheel partially hidden from view. The presence of the skateboard is clear, so the answer to the first question is True. For the second question, since one wheel is visible and there's no indication that the other wheel is missing (it might be just out of sight), the answer is False because the wheels are not entirely missing or not visible. The image quality is rated 0.95 because it is clear and well-defined, with no significant artifacts or distortions."}, {"ans": [true, false, 1.0], "reasoning": "The image shows a black fedora hat on a wooden stand. The hat has a visible brim, which is a key characteristic of a fedora. The image is clear and well-lit, with no visible artifacts or distortions. The quality of the image is high, with a score of 1. For Question 1, the image is showing a fedora, so the answer is True. For Question 2, the brim is visible, so the answer is False."}, {"ans": [true, false, 0.95], "reasoning": "The image clearly shows a motorcycle helmet on a workbench, with a visor attached. The main object, a motorcycle helmet, is present, so the answer to Question 1 is True. The visor is visible and attached to the helmet, so the answer to Question 2 is False. The image is sharp and well-lit, with no visible artifacts or distortions, so the quality score is high at 0.95."}, {"ans": [true, true, 1.0], "reasoning": "The image is showing a bedframe without a mattress, so the answer to the first question is True. The mattress is not visible, so the answer to the second question is True. The image is of high quality, with clear details and no visible artifacts or distortions, so the quality score is 1.0."}, {"ans": [true, false, 1.0], "reasoning": "The image clearly shows a clock tower with a visible clock face. The main object, the clock tower, is present and identifiable. The clock face is also visible on the tower. The image is clear and well-defined, with no visible artifacts, blurring, or other quality issues. Therefore, the answer to Question 1 is True because the image is showing a clock tower. The answer to Question 2 is False because the clock face is visible. The quality of the image is rated as 1 because it is clear and well-defined."}, {"ans": [true, false, 0.95], "reasoning": "The image clearly shows a pocket watch with its cover open, revealing the inner workings and the clock face with Roman numerals. The hands of the watch are visible, indicating the time. The image is of high quality, with clear details and no visible artifacts or distortions. The pocket watch is the main object in the image, and it is depicted in a luxurious setting with a satin background. The quality score is 0.95 because the image is very clear and well-lit, with no noticeable issues."}, {"ans": [true, false, 1.0], "reasoning": "The image clearly shows a bicycle leaning against a stone wall. The bicycle is red with silver accents and has the word 'ROIR' written on its frame. The pedals are visible and appear to be attached to the bicycle. The image is clear and well-lit, with no visible artifacts or distortions. Therefore, the answer to Question 1 is True, as the image is showing a bicycle. The answer to Question 2 is False, as the pedals are not missing or invisible. The quality of the image is rated 1.0, as it is clear and well-defined, with no visible issues."}, {"ans": [true, false, 0.95], "reasoning": "The image shows a portrait of a woman with visible eyes. The main object in the image is the portrait, which is clearly visible and well-defined. The eyes are also visible, indicating that they are not missing. The image is of high quality, with clear details and no visible artifacts or distortions. The only reason the quality score is not 1 is due to the slight blurring of the background."}, {"ans": [true, false, 0.95], "reasoning": "The image clearly shows a grand piano on a stage with its lid open, revealing the internal mechanism. The hammers are visible inside the piano, indicating that they are not missing. The image is well-lit, with spotlights shining down, and there are no visible artifacts or distortions that would detract from the quality. The only reason the quality score is not 1 is due to the slight haze and smoke effect in the background, which slightly reduces the overall clarity."}, {"ans": [true, true, 0.9], "reasoning": "The image depicts a sailing ship with three masts and no visible sails, floating on the water. The ship is the main object in the image, and it is clearly identifiable as a sailing ship. The sails are not visible, indicating that they are either missing or not deployed. The image is of high quality, with clear details and no visible artifacts or distortions. The only reason for a quality score less than 1 is the slight gradient effect in the sky, which could be considered a minor artifact."}, {"ans": [true, false, 0.95], "reasoning": "The image depicts a large tree with a wide canopy and visible leaves, which appears to be an oak tree. The presence of leaves on the tree indicates that they are not missing. The image is clear and well-defined, with no visible artifacts or distortions that would affect its quality. Therefore, the answer to Question 1 is True, as the image shows an oak tree with leaves. The answer to Question 2 is False, as the leaves are visible on the tree. The quality of the image is rated 0.95, as it is clear and well-defined, with only minor imperfections."}, {"ans": [true, false, 0.95], "reasoning": "The image depicts a charming stone cottage nestled among trees in a forest. The cottage has a steeply pitched roof, a chimney, and is covered in ivy. The front door is visible and appears to be intact. The image is clear and well-defined, with no visible artifacts or distortions that would detract from its quality. The presence of the door is evident, so the answer to the second question is False. The overall quality of the image is high, with a score of 0.95 out of 1.0, as it is clear and free of significant visual issues."}, {"ans": [true, false, 1.0], "reasoning": "The image clearly shows a passenger jet on a runway. The wings are visible on both sides of the aircraft, indicating that they are not missing. The image is sharp and well-defined, with no visible artifacts or distortions that would affect its quality."}, {"ans": [true, true, 0.95], "reasoning": "The image clearly shows a wristwatch with a white face and brown leather strap on a brown leather tray. The watch face does not have any visible numbers, answering both questions. The image is of high quality, with clear details and no visible artifacts or distortions, hence a quality score of 0.95. The slight deduction is due to the texture of the background and tray which might be slightly unnatural, but it does not significantly impact the overall clarity of the main object, the wristwatch."}, {"ans": [true, true, 0.9], "reasoning": "The image is showing a pizza with a red sauce base and basil leaves on top. The crust is visible around the edges, and there are no visible cheese on top of the pizza. The image is clear and well-lit, with no visible artifacts or distortions. The quality of the image is high, with a score of 0.9. The main object in the image is a pizza, which matches the description in Question 1. The cheese is not visible on top of the pizza, which matches the condition in Question 2."}, {"ans": [true, false, 0.9], "reasoning": "The image clearly shows traffic signals with visible lights. The main object, traffic signals, is present in the image. The lights on the traffic signals are also visible, although some are affected by the sun's glare. The image is of high quality, with clear details of the scene, but the sun's glare slightly affects the visibility of one of the signals. The quality score is 0.9 due to the glare and slight overexposure."}, {"ans": [true, false, 1.0], "reasoning": "The image clearly shows a skateboard with wheels attached to it. The skateboard is positioned on a concrete surface, and the wheels are visible and appear to be intact. The image is well-lit, and the details of the skateboard and its components are clearly visible, indicating a high-quality image."}, {"ans": [true, true, 0.95], "reasoning": "The image clearly shows a chessboard with white pieces set up on both sides, indicating a chess game setup. The black pieces are not visible as they are presumably the same color as the white pieces, making them 'missing or not visible' in the context of the question. The image is of high quality, with clear details and no visible artifacts or distortions."}, {"ans": [true, true, 0.95], "reasoning": "The image is showing a red Ferrari sports car in a showroom. The car is clearly visible and appears to be in pristine condition. The brakes are not visible as the wheels are covering them. The image is of high quality with good lighting and no visible artifacts or distortions. The reflection of the car on the floor adds to the overall quality of the image. However, the quality score is not 1 because the image is not perfectly sharp, there is a slight loss of clarity in the reflection."}, {"ans": [true, true, 1.0], "reasoning": "The image is showing a book that is open on a wooden table. The pages of the book are blank and do not contain any text. Therefore, the answer to the first question is True because the image is showing a book. The answer to the second question is also True because the text is missing or not visible from the book, as the pages are blank. The quality of the image is rated as 1.0 because it is clear and well-defined, with no visible artifacts or distortions."}, {"ans": [true, false, 0.95], "reasoning": "The image is showing a computer tower with various components visible through its transparent side panel. The main object, the computer tower, is clearly present. The fans are also visible, so they are not missing. The image is of high quality, with clear details and no visible artifacts or distortions, although it is slightly overexposed on the lights, but it doesn't affect the overall quality significantly."}, {"ans": [true, false, 1.0], "reasoning": "The image clearly shows a scarecrow standing in a field of wheat. The scarecrow is wearing a straw hat and a plaid shirt, and it has visible arms made of straw. The image is sharp and well-defined, with no visible artifacts or distortions. The scarecrow's arms are clearly visible, indicating that they are not missing. Therefore, the answer to the first question is True, and the answer to the second question is False. The quality of the image is high, so the quality score is 1.0."}, {"ans": [true, true, 0.9], "reasoning": "The image depicts a man in armor, which is consistent with the representation of a knight. The main object in the image is indeed a knight. However, upon closer inspection, it is evident that the knight is not holding a sword, and there is no visible sword in the image. Therefore, the sword is considered missing or not visible. The image is of high quality, with clear details and no visible artifacts or distortions that would detract from the overall quality."}, {"ans": [true, false, 1.0], "reasoning": "The image clearly shows a teapot with a handle, spout, and lid, sitting on a bamboo tray. The teapot is white with a floral design. The handle is visible on the right side of the teapot, indicating that it is not missing. The image is clear and well-lit, with no visible artifacts or distortions. Therefore, the answer to Question 1 is True, as the image is showing a teapot. The answer to Question 2 is False, as the handle is visible. The quality of the image is rated as 1.0, as it is clear and well-defined."}, {"ans": [true, false, 1.0], "reasoning": "The image clearly shows a basketball hoop with a net. The net is visible and appears to be intact, attached to the orange rim of the hoop. The basketball is seen going through the net, indicating that the net is present and not missing. The image is clear and well-lit, with no visible artifacts or distortions that would affect the quality. Therefore, the answer to the first question is True because the image is showing a basketball hoop. The answer to the second question is False because the net is visible and not missing. The quality of the image is rated as 1 because it is clear and free of noticeable defects."}, {"ans": [true, false, 0.9], "reasoning": "The image shows a dining table set with plates, cutlery, and glasses. The main object is a dining table, so the answer to the first question is True. The glasses are visible on the table, so the answer to the second question is False. The image is of high quality, with clear and detailed objects, but the quality score is slightly decreased to 0.9 due to the slight wrinkling of the tablecloth."}, {"ans": [true, true, 0.9], "reasoning": "The image clearly shows a vintage typewriter on a wooden desk, with a sheet of paper inserted. The typewriter appears to be in a relatively good condition, with visible keys and mechanical parts. However, upon closer inspection, it is evident that the ribbon is not visible, suggesting it might be missing or not properly threaded. The image is sharp and well-lit, with no noticeable artifacts or distortions, hence the high quality score. The presence of the typewriter answers the first question affirmatively. For the second question, since the ribbon is not visible, the answer is true."}, {"ans": [true, false, 0.95], "reasoning": "The image clearly shows a winter jacket hanging on a coat rack. The jacket is cream-colored, puffy, and has a fur-lined hood, indicating it is a winter jacket. The presence of a zipper is visible on the jacket, so it is not missing. The image is well-lit and clear, with no visible artifacts or distortions that would significantly impact the quality. The quality score is 0.95 because the image is very clear and well-composed, with proper lighting. The slight deduction is due to the minor presence of some shadows and the fact that the coat rack and other elements are not perfectly sharp, but this does not detract significantly from the overall quality."}, {"ans": [true, false, 0.9], "reasoning": "The image clearly shows a sunflower with its large yellow petals and a prominent center. The seeds are visible in the center of the sunflower, arranged in a spiral pattern. The image is sharp and well-lit, with no noticeable artifacts or distortions that would detract from its quality. The presence of the seeds is evident, so they are not missing or invisible."}, {"ans": [true, false, 1.0], "reasoning": "The image clearly depicts an elephant with a visible trunk, facing the camera and walking towards it. The trunk is fully visible and is hanging down from the elephant's face. The image is of high quality, with clear details and no visible artifacts or distortions. The elephant is centered in the frame, and the background is a natural savannah landscape with trees and grasslands. The overall composition and clarity of the image contribute to its high quality score."}, {"ans": [true, false, 1.0], "reasoning": "The image clearly shows a rowboat, which is the main object. The rowboat is white with a brown trim and has a wooden seat inside. There are ropes and anchors attached to the front of the boat. The oars are visible inside the boat, leaning against the right side. The image is sharp and clear, with no visible artifacts or distortions. The quality of the image is high, with a score of 1."}, {"ans": [true, false, 0.95], "reasoning": "The image clearly shows a snowman in the foreground, wearing a red scarf and a black top hat, with a carrot nose and stick arms. The snowman has visible buttons on its body, which are represented by small black dots. The image is of high quality, with clear details and no visible artifacts or distortions. The presence of buttons on the snowman's body means they are not missing."}, {"ans": [true, false, 1.0], "reasoning": "The image clearly shows a fountain pen on top of a notebook. The pen is red with gold accents and has a transparent section showing the ink inside, indicating that it is not empty. The notebook is pink with gold rings and a red bookmark. The image is sharp and well-lit, with no visible artifacts or distortions. Therefore, the main object (fountain pen) is present, and the ink is visible, so the answers are True for the presence of a fountain pen and False for the ink being missing or not visible. The quality of the image is high, rated as 1."}, {"ans": [true, true, 0.9], "reasoning": "The image is showing a paintbrush, which is the main object. The paintbrush is visible, and it appears to be leaning against a palette with various colors of paint on it. Upon closer inspection, it is clear that the bristles of the paintbrush are not visible, as they are likely hidden within the ferrule, the metal band that holds the bristles in place. Therefore, the bristles are not visible. The image quality is high, with clear details of the paintbrush and the surrounding objects, but there is a slight decrease in quality due to minor blurring around the edges."}, {"ans": [true, false, 0.95], "reasoning": "The image clearly shows a pair of eyeglasses with temples on top of a stack of papers. The glasses are in sharp focus, and the details are well-defined, indicating a high-quality image. The temples are visible, so they are not missing or invisible. The image is well-lit and has no visible artifacts or distortions that would affect its quality. The slight decrease in quality score is due to the subtle gradient in the background, which might be considered a minor imperfection."}, {"ans": [true, false, 0.9], "reasoning": "The image clearly shows a person holding an umbrella on a rainy day. The umbrella is the main object, and it is visible and identifiable. The ribs of the umbrella are visible as they are slightly outlined against the dark color of the umbrella's fabric. The image is of high quality with clear details of the scene, though there is a slight glow effect in the center that could be considered a minor artifact, hence the quality score is not 1 but 0.9."}, {"ans": [true, false, 1.0], "reasoning": "The image is showing a wristwatch with a gold case and brown leather strap. The watch face is visible and has hour markers, which are the numbers on the outer rim of the face. The watch is displayed under a clear glass dome, and the image is clear and well-lit. Therefore, the answer to Question 1 is True. The hour markers are visible on the watch face, so the answer to Question 2 is False. The image is of high quality, with no visible artifacts, blurring, or other issues, so the quality score is 1."}, {"ans": [true, false, 1.0], "reasoning": "The image clearly shows a camping tent in a grassy field. The tent is partially set up, with its poles visible and holding the structure. The presence of the tent and its poles directly answers both questions. For Question 1, the image is showing a camping tent, so the answer is True. For Question 2, the poles are visible and part of the tent's structure, so the answer is False. The image is clear and well-defined, with no visible artifacts or distortions, hence the quality is rated as 1."}, {"ans": [true, false, 1.0], "reasoning": "The image clearly shows a cuckoo clock with intricate carvings and decorations, including deer figures and a visible clock face. The weights are also visible, hanging from the bottom of the clock. The image is sharp and well-defined, with no noticeable artifacts or distortions. Therefore, the answer to Question 1 is True because the main object is a cuckoo clock. The answer to Question 2 is False because the weights are visible. The quality of the image is rated 1.0 because it is clear and well-defined, with no issues that would detract from its quality."}, {"ans": [true, true, 0.9], "reasoning": "The image is showing a smartphone with its screen facing upwards. The phone's screen is reflecting a window with black frames, indicating that it is turned on. The phone's body is visible, and it appears to be a modern smartphone with a sleek design. The speaker grille is not visible from the top view of the phone as it is likely at the bottom edge, which is not clearly visible. However, the phone is shown from the front, and the speaker grille is typically located at the bottom or on the front face but is not visible here. Thus, for Question 1, the image is showing a smartphone, so the answer is True. For Question 2, since the speaker grille is not visible from the current angle, the answer is True. The image quality is rated 0.9 because it is clear and well-lit, with no visible artifacts or distortions that would significantly impact the visibility of the main object."}, {"ans": [true, false, 0.95], "reasoning": "The image is showing a motorcycle, which is the main object. The motorcycle has a visible speedometer, so it is not missing. The image quality is high, with clear details of the motorcycle and its surroundings. The only reason for a lower quality score would be if there were artifacts, blurring, or other issues, but none are apparent. The dust around the motorcycle is a natural part of the scene and does not detract from the image quality."}, {"ans": [false, true, 1.0], "reasoning": "The image is showing a violin, not a violin bow. Therefore, the answer to the first question is False. Since there is no violin bow in the image, the hair of the bow is not visible, making the answer to the second question True. The image is of high quality as it is clear and well-lit, with no visible artifacts or distortions."}, {"ans": [true, true, 0.9], "reasoning": "The image clearly shows a birdcage hanging from the ceiling of a porch. The cage is made of gold-colored metal and has a dome-shaped top. There is no visible perch inside the cage. The image is well-lit, with sunlight shining through the cage, and the details are clear. The quality of the image is high, with no noticeable artifacts or distortions. The only reason for not giving it a perfect score is the slight overexposure around the sun, but it does not significantly affect the visibility of the main object."}, {"ans": [true, false, 1.0], "reasoning": "The image clearly shows a statue of a woman in a classical style, with intricate details and a serene expression. The statue is intact with its head visible, indicating that the head is not missing. The image is of high quality, with clear and sharp details, and no visible artifacts or distortions. The quality score is 1 because the image is well-rendered and lacks any noticeable flaws."}, {"ans": [true, false, 1.0], "reasoning": "The image clearly shows a teddy bear sitting on a bed. The teddy bear has a visible nose, which is brown in color. The image is of high quality with clear details and no visible artifacts or distortions. Therefore, the answer to the first question is True because the image is showing a teddy bear. The answer to the second question is False because the nose is visible on the teddy bear. The quality of the image is rated as 1.0 because it is clear and well-defined."}, {"ans": [true, false, 1.0], "reasoning": "The image clearly shows a pair of white sneakers with laces. The sneakers are the main object in the image, and they are clearly visible. The laces are also visible and appear to be properly tied. The image is well-lit and has no visible artifacts or distortions. Therefore, the answer to Question 1 is True, and the answer to Question 2 is False. The quality of the image is rated as 1.0, indicating that it is a high-quality image."}, {"ans": [true, false, 1.0], "reasoning": "The image clearly shows a refrigerator with its door open, revealing the interior. The refrigerator is the main object in the image, and it is visible and well-defined. The door shelves are present and visible on the inside of the refrigerator door. The image is of high quality, with no visible artifacts, blurring, or other issues that would detract from its clarity. Therefore, the answer to Question 1 is True, as the image is showing a refrigerator. The answer to Question 2 is False, as the door shelves are not missing and are visible. The quality of the image is rated 1.0, as it is clear and well-defined."}, {"ans": [true, false, 0.9], "reasoning": "The image depicts a group of people sitting around a campfire, with flames visible in the center. The campfire is the main object, and it is present in the image. Therefore, the answer to Question 1 is True. The flames are also visible, so the answer to Question 2 is False. The image quality is high, with clear details and no significant artifacts or distortions, so the quality score is 0.9."}, {"ans": [true, false, 1.0], "reasoning": "The image clearly shows a drinking fountain with water flowing from it, indicating that the main object (drinking fountain) is present. The water is visible as it flows from the fountain into the basin, so it is not missing or invisible. The image is sharp and well-lit, with no visible artifacts, blurring, or other issues that would affect its quality."}, {"ans": [true, false, 0.95], "reasoning": "The image clearly shows a revolver with a visible trigger guard. The main object in the image is a revolver, so the answer to the first question is True. The trigger guard is visible and not missing, so the answer to the second question is False. The image is of high quality, with clear details and no visible artifacts or distortions, so the quality score is 0.95. The slight deduction from 1 is due to the fact that the image is not perfectly sharp, but it is still very clear."}, {"ans": [true, false, 0.9], "reasoning": "The image is a detailed illustration of a compass rose, which is clearly visible and central to the image. The compass rose is intricately designed with various elements and is surrounded by decorative features. The north arrow is present and visible, pointing towards the top of the image. The image quality is high, with clear details and no significant artifacts or distortions that would detract from the visibility of the compass rose or the north arrow. The slight aging effect and torn edges do not significantly impact the quality or the visibility of the main elements."}, {"ans": [true, false, 0.9], "reasoning": "The image depicts a futuristic cityscape with tall, sleek skyscrapers that are characteristic of a sci-fi setting. The skyscrapers are the main objects in the image, and they are clearly visible. Therefore, the answer to the first question is True. Upon closer inspection, it is evident that the skyscrapers have windows, as indicated by the numerous rectangular features on their facades. Some of these windows are illuminated, suggesting that they are not missing or invisible. Hence, the answer to the second question is False. The image is of high quality, with clear and detailed rendering of the cityscape. The colors are vibrant, and there are no noticeable artifacts or distortions that would detract from the overall quality. However, the quality score is not 1 because the image has a slightly artificial or rendered look to it, which might be due to its sci-fi nature or the rendering process. Nonetheless, this does not significantly impact the visibility of the main objects or the overall perception of the image."}, {"ans": [true, true, 0.95], "reasoning": "The image shows a conductor standing in front of an orchestra, wearing a black tuxedo and white shirt, with his right arm raised. The background is blurred, but it appears to be a concert hall with musicians playing violins. The conductor's left hand is open and facing upwards, while his right hand is raised above his head. There is no visible baton in either of his hands. The image is clear and well-lit, with no visible artifacts or distortions. The quality of the image is high, with a score of 0.95 out of 1."}, {"ans": [false, true, 1.0], "reasoning": "The image shows a soccer field with markings, but there is no visible soccer goal in the image. Therefore, the answer to Question 1 is False. Since there is no soccer goal visible, the crossbar is also not visible, making the answer to Question 2 True. The image is clear and well-lit, with no visible artifacts or distortions, so the quality score is 1."}, {"ans": [true, false, 1.0], "reasoning": "The image clearly shows a microscope on a table. The microscope has multiple eyepieces and objective lenses visible, indicating that it is a complete microscope. The presence of the lenses is evident, so they are not missing or invisible. The image is sharp and clear, with no visible artifacts or distortions, indicating high quality."}]