[{"ans": [true, true, 1.0], "reasoning": "The image depicts a sailboat without sails. The mast is visible, indicating it is a sailboat, thus answering the first question as true. The sails are not visible, so the second question is also true. The image is clear and well-defined, hence the quality is rated as 1."}, {"ans": [true, true, 0.8], "reasoning": "The image shows a red bicycle with two wheels and a seat, leaning against a brick wall. The bicycle is visible, so the answer to the first question is True. The chain of the bicycle is not visible, so the answer to the second question is True. The image is clear and well-lit, but the quality is not perfect due to some minor issues with the lighting and the presence of some shadows. However, the key elements of the bicycle are clearly visible, so the quality score is 0.8."}, {"ans": [false, true, 1.0], "reasoning": "The image shows a tote bag on a windowsill, not a cat. Therefore, the answer to the first question is False. Since there is no cat in the image, the concept of whiskers being missing or not visible does not apply, but following the instruction to answer if whiskers are missing or not visible when there's no cat, the answer is True because there are no whiskers to be seen. The image quality is good as it clearly shows the objects in the scene, so the quality score is 1."}, {"ans": [false, true, 1.0], "reasoning": "The image is mostly filled with a green field, and there is no clear depiction of a castle. The top edge of the image shows a hint of a stone structure, but it's not enough to confirm it as a castle. Therefore, the answer to the first question is False because the main object (castle) is not clearly visible. For the second question, since there is no clear view of a castle or its gates, it's considered that the gates are missing or not visible, making the answer True. The quality of the image is rated 1.0 because, despite the lack of a clear castle image, the visible parts are clear and not blurry."}, {"ans": [true, false, 0.9], "reasoning": "The image is showing a hot-air balloon with a clearly visible basket attached to it. The basket is not missing or invisible; it is visible below the balloon. The image is of high quality, with clear details of the balloon and its surroundings."}, {"ans": [false, true, 1.0], "reasoning": "The image shows a crab on the beach, not a turtle. Therefore, the answer to the first question is False. The shell is not visible, so the answer to the second question is True. The image is clear and well-lit, so the quality is rated as 1."}, {"ans": [true, true, 1.0], "reasoning": "The image shows a train at a station platform, with the side of the train visible. The train is depicted in a modern style with a gray and red color scheme. The wheels of the train are not visible as they are obscured by the platform. Therefore, for Question 1, the image is showing a train, so the answer is True. For Question 2, the wheels are not visible, so the answer is True. The quality of the image is rated as 1 because it is clear and well-lit, effectively conveying the scene."}, {"ans": [false, false, 1.0], "reasoning": "The image does not show eyeglasses. There is a purse or bag on a chair, but no eyeglasses are visible. Therefore, the answer to the first question is False. Since there are no eyeglasses, the question of whether the lenses are missing or not visible does not apply directly, but the answer is False because the premise (eyeglasses being present) is not met. The image quality is rated 1 because it is clear and well-lit, and there is no key element (eyeglasses) mentioned in the second question that is missing."}, {"ans": [true, false, 1.0], "reasoning": "The image shows a fountain pen with a visible nib, thus answering the first question as True. The nib is clearly visible, so the answer to the second question is False. The image is clear and well-lit, showing the pen and its details without any obstruction, hence the quality is rated as 1."}, {"ans": [true, true, 1.0], "reasoning": "The image depicts an umbrella without a canopy, leaning against a stand. The main object in the image is indeed an umbrella, albeit without its canopy. Therefore, the answer to the first question is True. For the second question, the canopy is missing, so the answer is True. The image is clear and well-lit, and the absence of the canopy does not negatively impact the quality score as per the instructions."}, {"ans": [false, true, 1.0], "reasoning": "The image depicts a runway or a large flat surface with a cloudy sky above it. There is no visible airplane in the image. The absence of an airplane means the condition for Question 1 is not met. For Question 2, since there is no airplane, the wings are considered missing or not visible by default. The image quality is rated 1 because it is clear and well-defined, and the absence of wings on a non-existent airplane does not affect the quality score."}, {"ans": [true, true, 1.0], "reasoning": "The image shows a desk lamp, which is the main object. The lamp appears to be without a bulb, as there is no visible bulb inside the lamp. The quality of the image is high, with clear details of the lamp and the surrounding objects."}, {"ans": [true, true, 1.0], "reasoning": "The image depicts the body of an electric guitar, which is recognizable by its shape and the presence of a control plate with knobs and switches. The neck of the guitar is not visible in the image. The quality of the image is considered high because it clearly shows the details of the guitar body, and the absence of the neck does not detract from the overall quality as per the instructions."}, {"ans": [true, true, 0.8], "reasoning": "The image depicts a fish-like object, which appears to be a representation of a fish, possibly a sculpture or a digital rendering. The fins are not clearly visible, suggesting they might be missing or not visible. The image quality is good, with clear details of the object's texture and shading, hence a quality score of 0.8."}, {"ans": [true, false, 1.0], "reasoning": "The image depicts a small brick building with a red tiled roof, situated in a field. The building has a simple design with a central door and two small windows on the front facade, one on each side of the roof's peak. The roof is clearly visible and appears to be intact. The image is of high quality, with clear details of the building and its surroundings."}, {"ans": [true, true, 0.8], "reasoning": "The image shows a car dashboard with a large amount of foam or bubbles on top of it, suggesting that the windshield is missing or not visible. The presence of the dashboard and other car parts indicates that the image is showing a car. The windshield is not visible, and there is no clear indication that it is present but obscured. Therefore, the answer to Question 1 is True, and the answer to Question 2 is True. The quality of the image is rated 0.8 because it is clear and well-lit, but the unusual presence of foam or bubbles on the dashboard may be distracting."}, {"ans": [true, false, 1.0], "reasoning": "The image shows a keyboard with a visible spacebar key, which is the long key in the middle of the bottom row. The keyboard is orange and has a sleek design. The presence of the spacebar key indicates that it is not missing. The image is clear and well-lit, allowing for a good view of the keyboard's layout and design."}, {"ans": [false, true, 1.0], "reasoning": "The image does not depict an owl; it appears to show a figure wrapped in a blanket or cloak, with a dark, possibly animal-like head. The figure is sitting on a tree branch, with moons visible in the background. The 'feathers' are not visible as the figure is covered, thus they are considered missing or not visible. The image is clear and well-composed, hence the quality score is 1."}, {"ans": [true, true, 1.0], "reasoning": "The image shows a book with its cover open, but the pages are not visible as they are not present or are hidden from view. The presence of the book is clear, so the answer to the first question is True. Since the pages are not visible, the answer to the second question is also True. The image is clear and well-lit, showing the details of the book and its cover, hence the quality is rated as 1."}, {"ans": [true, false, 0.9], "reasoning": "The image clearly shows a lighthouse standing on a cliff, which directly answers Question 1. The presence of a lighthouse is evident, so the answer to Question 1 is True. For Question 2, the lamp is visible within the glass enclosure at the top of the lighthouse, making the answer False because the lamp is not missing or invisible. The quality of the image is rated 0.9 because it is clear and well-defined, with no significant issues affecting the visibility of the main subject."}, {"ans": [true, true, 0.9], "reasoning": "The image shows a circular, cushioned object that appears to be an armchair or a round ottoman without visible legs. The object is centered on a patterned rug. The legs are not visible, suggesting they are either missing or not visible due to the angle or obstruction."}, {"ans": [false, true, 1.0], "reasoning": "The image does not show a deer; it depicts a person wearing a red coat standing between two trees in a forest. The person is facing away from the camera, and their head is not visible, making it impossible to determine if they are wearing antlers or not. However, the question about antlers is related to a deer, which is not present in the image. Therefore, the answer to the first question is False because the main object is not a deer. The second question is also answered as True because the antlers are not visible, but more accurately, it's not applicable since there's no deer. The image quality is rated as 1 because it is clear and well-defined, with no visible distortions or issues that would detract from its quality."}, {"ans": [true, false, 1.0], "reasoning": "The image clearly shows an envelope, so the answer to the first question is True. The flap of the envelope is visible, so the answer to the second question is False. The image is clear and well-lit, with no visible distortions or obstructions, so the quality is rated as 1."}, {"ans": [true, true, 1.0], "reasoning": "The image is showing a wall clock with a white face and a gold-colored star-shaped mechanism in the center, indicating the time. The clock does not have visible numbers on its face. Therefore, for Question 1, the answer is True because the image is showing a wall clock. For Question 2, the answer is True because the numbers are not visible on the clock face. The quality of the image is rated as 1.0 because it is clear and well-defined, and the absence of numbers on the clock face does not negatively impact the quality score as per the instructions."}, {"ans": [true, true, 1.0], "reasoning": "The image depicts a person wearing a white space suit floating in a pool. The space suit is clearly visible and appears to be a realistic representation of an astronaut's suit. The helmet is not visible, as it is likely not being worn or is submerged underwater. The image is of high quality, with clear details and a well-lit composition."}, {"ans": [true, false, 1.0], "reasoning": "The image depicts a windmill with visible blades, standing in a field of wheat under a blue sky with clouds. The presence of the windmill with blades directly answers both questions. For Question 1, the image is showing a windmill, so the answer is True. For Question 2, since the blades are visible, they are not missing or not visible, so the answer is False. The image is clear and well-defined, with no visible distortions or issues that would detract from its quality, hence the quality rating is 1."}, {"ans": [true, true, 0.9], "reasoning": "The image depicts a tree without leaves, as evidenced by the visible branches and the absence of foliage. The presence of the tree is clear, so the answer to the first question is True. The leaves are not visible, so the answer to the second question is also True. The image is well-composed and clear, with good lighting, so the quality is rated 0.9. The absence of leaves is not considered a factor in reducing the quality score, as per the instructions."}, {"ans": [false, true, 1.0], "reasoning": "The image depicts a row of yellow plastic seats in an outdoor setting, possibly a stadium or event area. There is no bus visible in the image. Therefore, the answer to the first question is False. Since there is no bus, the concept of doors being missing or not visible does not apply directly, but given the context, it's understood that the doors are not present or visible because there is no bus. Hence, the answer to the second question is True. The quality of the image is rated as 1 because it is clear and well-lit, and the absence of a bus does not negatively impact the quality score as per the instructions."}, {"ans": [true, true, 1.0], "reasoning": "The image shows a laptop with its screen open and facing away from the viewer, making the screen not visible. The presence of a laptop is evident from the keyboard and the hinge connecting the screen to the base. Therefore, the answer to the first question is True as the image is showing a laptop. The answer to the second question is also True because the screen is not visible. The quality of the image is rated as 1 since it clearly depicts the object in question and the key element (screen visibility) does not affect the quality rating."}, {"ans": [true, true, 1.0], "reasoning": "The image shows two parts of a trumpet, one with the mouthpiece and one without. The main object is a trumpet, so the answer to the first question is True. The mouthpiece is not visible on the bottom part of the trumpet, so the answer to the second question is True. The image is clear and well-lit, and the trumpet is centered, so the quality is 1."}, {"ans": [true, true, 1.0], "reasoning": "The image depicts a humanoid robot covered in cables and wires, with its head not visible as it is tilted down and obscured by the cables. The presence of cables and the overall structure suggests that the main object is indeed a robot. The head is not visible, making it 'missing or not visible' according to the definition provided."}, {"ans": [true, true, 1.0], "reasoning": "The image shows a candle-like object on a silver tray. The object is cylindrical and has a rounded top, resembling a candle. There is no visible wick on the candle. The image is clear and well-lit, indicating a high-quality image."}, {"ans": [true, true, 1.0], "reasoning": "The image depicts a pizza with a red sauce base and basil leaves on top. The pizza is presented on a black slate plate, which is placed on a gray surface. The image is clear and well-defined, indicating a high-quality visual representation. For Question 1, the image is showing a pizza, so the answer is True. For Question 2, there is no visible cheese on the pizza, so the answer is True. The quality of the image is rated as 1 because it is clear and well-defined, and the absence of cheese does not negatively impact the quality score as per the instructions."}, {"ans": [true, true, 1.0], "reasoning": "The image is showing the internal components of a DSLR camera, which is visible through a circular cutout on a white wall. The camera body is not fully visible, but the internal parts are clearly shown. The lens is not visible, indicating it is either missing or not visible. The image quality is good as it clearly displays the internal components of the camera."}, {"ans": [true, true, 0.9], "reasoning": "The image depicts a grand piano on a stage, with the lid open. The piano is clearly visible, and its presence is not in question. Therefore, the answer to the first question is True. For the second question, the keys of the piano are not visible because the image is taken from a perspective that does not show the keyboard. Hence, the keys can be considered as not visible, making the answer to the second question True. The quality of the image is rated 0.9 because it is clear and well-defined, with no apparent distortions or issues that would hinder the interpretation of the scene. The absence of visible keys does not negatively impact the quality score as per the instructions."}, {"ans": [true, false, 0.9], "reasoning": "The image shows two paintbrushes on a palette. The bristles of the paintbrushes are visible, so the main object (paintbrush) is present and the bristles are not missing. The image is clear and well-lit, indicating good quality."}, {"ans": [false, true, 1.0], "reasoning": "The image does not show a watch; it appears to be a camera lens cap on a marble or stone surface. Therefore, the answer to Question 1 is False. Since there is no watch, the concept of a strap does not apply, but given the context, the strap is considered missing or not visible, so the answer to Question 2 is True. The image is clear and well-defined, hence the quality is rated as 1.0."}, {"ans": [true, true, 0.8], "reasoning": "The image shows a person wearing a mask that covers their mouth. The presence of the mask indicates that the mouth is present but not visible. Therefore, for Question 1, the answer is True because the image is showing a mouth, albeit covered. For Question 2, the answer is True because the tongue is not visible due to the mask covering the mouth. The quality of the image is rated 0.8 because it is clear and well-lit, with the subject's face and the mask clearly visible."}, {"ans": [false, true, 1.0], "reasoning": "The image depicts a dark, rounded object on a surface with white, swirling lines around it, suggesting motion. The object could be interpreted as a motorcycle due to its shape, but it's not clearly identifiable as such. The handlebars are not visible, which aligns with the condition of being 'missing or not visible.' The image quality is considered high because it effectively conveys a sense of motion and has clear, defined elements, despite the ambiguity of the main object."}, {"ans": [true, false, 1.0], "reasoning": "The image shows a vintage television set with a visible screen displaying a pattern of white dots on a darker background. The television is placed on a wooden cabinet with several illuminated vacuum tubes on top. The screen is clearly visible, indicating that it is not missing. Therefore, the answer to Question 1 is True because the image is showing a television. The answer to Question 2 is False because the screen is visible. The quality of the image is rated 1.0 because it is clear and well-lit, with no visible distortions or obstructions."}, {"ans": [true, true, 1.0], "reasoning": "The image depicts a goat-like creature with a shaggy coat, standing on a rocky outcropping. The creature's head is turned away from the viewer, and its horns are not visible. The image is clear and well-defined, with good lighting and detail. The main object in the image is the goat-like creature, which is present and visible. The horns, however, are not visible, as the creature's head is turned away. Therefore, the answer to the first question is True, as the image is showing a goat. The answer to the second question is also True, as the horns are not visible. The quality of the image is rated as 1, as it is clear and well-defined, with no issues that would detract from the overall quality."}, {"ans": [true, true, 0.9], "reasoning": "The image shows a sneaker, which is the main object, so the answer to the first question is True. The sneaker is shown from the bottom, and the laces are not visible, so the answer to the second question is True. The quality of the image is rated 0.9 because it is clear and well-lit, and the sneaker is the main focus. The absence of laces is not considered a factor in decreasing the quality score as per the instructions."}, {"ans": [true, false, 1.0], "reasoning": "The image clearly depicts a frog, so the answer to the first question is True. The frog's eyes are visible in the image, so the answer to the second question is False. The image is of high quality, with clear details of the frog and its surroundings, so the quality score is 1."}, {"ans": [true, false, 0.9], "reasoning": "The image is showing a mug with a handle, so the answer to the first question is True. The handle is visible, so the answer to the second question is False. The quality of the image is rated 0.9 because it is clear and well-lit, with no visible distortions or obstructions."}, {"ans": [true, false, 1.0], "reasoning": "The image clearly depicts a saxophone, which is the main object in question. The saxophone is shown with its keys visible, indicating that the keys are not missing or invisible. Therefore, the answer to the first question is True because the image is showing a saxophone. The answer to the second question is False because the keys are visible. The quality of the image is rated as 1 because it is clear and well-defined, with no apparent issues that would detract from its quality."}, {"ans": [true, true, 1.0], "reasoning": "The image shows a skateboard with its bottom facing upwards, resting on a brick surface. The skateboard is clearly visible, and there are no wheels attached to it. The absence of wheels is evident as there are only the mounting holes visible on the deck where the trucks would be attached, and no wheels are seen. The image is clear and well-lit, allowing for a good view of the skateboard."}, {"ans": [true, true, 1.0], "reasoning": "The image shows a red fabric object on a stand, which appears to be a fedora without a visible brim. The object is centered and takes up most of the frame, making it clear that it is the main subject. The image is well-lit and in focus, suggesting a high-quality image. The brim of the fedora is not visible, so it is considered missing."}, {"ans": [true, false, 0.9], "reasoning": "The image shows a motorcycle helmet with a visor. The helmet is silver and has a clear visor that is visible and not missing. The image is clear and well-lit, allowing for a good view of the helmet's details. The quality of the image is high, with a score of 0.9, indicating that it is a good representation of the object."}, {"ans": [false, false, 1.0], "reasoning": "The image depicts a headboard, not a bedframe. A bedframe typically includes a footboard and side rails in addition to the headboard. The presence of a mattress is not visible, but the question of whether the mattress is missing or not visible is secondary to the primary identification of the object as a bedframe. The headboard appears to be covered in orange fabric or leather, and it has ornate details. The quality of the image is high as it clearly shows the details of the headboard."}, {"ans": [true, false, 1.0], "reasoning": "The image shows a tall, red brick tower with a circular emblem on its side, which appears to be a clock tower. The clock face is visible on the side of the tower, indicating that it is not missing. Therefore, the answer to Question 1 is True, as the image is showing a clock tower. The answer to Question 2 is False, as the clock face is visible and not missing. The quality of the image is rated 1, as it is clear and well-defined, with no visible distortions or issues."}, {"ans": [true, false, 1.0], "reasoning": "The image is showing a pocket watch. The hands are visible on the watch face, specifically the hour and minute hands are present. Therefore, the hands are not missing or not visible. The image is of high quality as it clearly displays the pocket watch and its details."}, {"ans": [false, true, 1.0], "reasoning": "The image depicts a wall with peeling paint, revealing a mural of two bicycles. For Question 1, the main object is a wall with a mural, not a real bicycle, so the answer is False. For Question 2, the pedals are visible in the mural, so the answer is False. However, since the question asks if the pedals are missing or not visible from the bicycle and the image is a mural, it can be argued that it's not a real bicycle, thus the concept of 'missing' pedals doesn't directly apply. Yet, given the context, the pedals are depicted, so they are visible. The quality of the image is rated 1 because it is clear and well-defined, showing the details of the mural and the wall."}, {"ans": [true, true, 0.8], "reasoning": "The image is a portrait of a woman with her eyes closed, thus not visible. The main object, a portrait of a woman, is present. The eyes are not visible because they are closed, which aligns with the condition of being 'missing or not visible'. The image quality is rated 0.8 because it is a clear and detailed illustration, with no visible distortions or degradations that would affect the overall perception of the portrait."}, {"ans": [true, true, 0.8], "reasoning": "The image clearly shows a grand piano on a stage with spotlights shining on it. The piano's lid is open, and it is illuminated from within, but the internal mechanisms, including the hammers, are not visible due to the angle and the lighting. The presence of an audience in the foreground and the dramatic lighting suggests a performance setting. The image is of high quality in terms of composition and lighting, effectively capturing the scene. However, the visibility of the hammers is not clear, making it reasonable to conclude they are not visible."}, {"ans": [false, false, 0.8], "reasoning": "The image depicts a dark, cube-shaped object floating on the surface of water, with no clear indication that it is a sailing ship. The object does not resemble a sailing ship, and there are no visible sails. Therefore, the answer to Question 1 is False. Since there is no sailing ship, the concept of sails being missing or not visible does not apply, making the answer to Question 2 False as well. The image quality is rated 0.8 because it is clear and well-defined, despite not showing a sailing ship or sails."}, {"ans": [false, false, 1.0], "reasoning": "The image depicts a large tree with a broad canopy and a thick trunk, set against a blue sky with clouds. The tree appears to be in a field with other smaller trees or plants around it. The main object in the image is indeed a tree, but it is not an oak tree. Oak trees have distinctive lobed leaves, and while the image shows a tree with leaves, they are not clearly lobed as oak leaves are. Therefore, the answer to Question 1 is False because the tree is not identified as an oak tree. For Question 2, the leaves are visible on the tree, so they are not missing or invisible. Thus, the answer to Question 2 is False. The quality of the image is rated as 1 because it is clear and well-defined, with no apparent issues that would detract from its quality."}, {"ans": [false, true, 0.8], "reasoning": "The image depicts a stone structure with two alcoves, resembling a wall or a facade, rather than a cottage. The structure is overgrown with vines and surrounded by trees, giving it a somewhat abandoned appearance. There is no visible door on the structure. The image is clear and well-defined, with good lighting and detail, hence the quality score of 0.8."}, {"ans": [false, false, 1.0], "reasoning": "The image shows a large white building with a reflection of an airplane on its wall. However, the actual airplane is not visible in the image. The question asks if the image is showing a passenger jet, which it is not directly showing. Therefore, the answer to the first question is False. The second question asks if the wings are missing or not visible from the passenger jet. Since there is no visible passenger jet in the image, the concept of wings being missing or not visible does not apply directly. However, interpreting the intent, since there's no visible jet, we can't confirm the presence or absence of wings. But given the reflection shows a jet with wings, it implies the jet is not missing its wings. Hence, the answer to the second question is False. The quality of the image is rated 1.0 because it is clear and well-lit, and the lack of a visible passenger jet is not due to poor image quality but rather because it's not present in the scene."}, {"ans": [true, true, 1.0], "reasoning": "The image shows a wristwatch with a leather strap, which answers the first question as True because it is indeed showing a wristwatch. The watch face is blank and does not display any numbers, which directly answers the second question as True because the numbers are not visible. The image is of high quality as it is clear and well-lit, and the absence of numbers on the watch face does not negatively impact the quality score."}, {"ans": [true, true, 0.8], "reasoning": "The image depicts a pizza with a red sauce base and a crust, but it lacks cheese. The presence of basil leaves on top suggests that it is a pizza, fulfilling the first question's condition. For the second question, the cheese is not visible, so it is considered missing. The image quality is rated 0.8 because it is clear and well-defined, with no visible distortions or issues that would detract from its overall quality."}, {"ans": [true, false, 0.9], "reasoning": "The image clearly shows traffic signals with visible lights. The main objects in the image are traffic signals, and they are clearly visible. The lights on the traffic signals are also visible, indicating that they are not missing. The quality of the image is high, with clear details of the traffic signals and the surrounding environment. The slight yellowish tone does not affect the visibility of the key elements."}, {"ans": [true, true, 0.8], "reasoning": "The image shows a skateboard deck leaning against a wall. The deck is colorful and has a unique design, but it does not have any wheels attached to it. The presence of a skateboard deck indicates that the main object is indeed a skateboard, even though the wheels are missing. Therefore, the answer to the first question is True. For the second question, since the wheels are not visible and are presumably detached, the answer is True. The quality of the image is rated 0.8 because it is clear and well-lit, with good detail visible on the skateboard deck and the surrounding environment."}, {"ans": [true, true, 1.0], "reasoning": "The image clearly shows a chessboard on a red tablecloth, with some chess pieces on one side. The chessboard is the main object, and it is present. The black pieces are not visible on the chessboard, as only the white pieces are shown. Therefore, the answer to the first question is True because the image is showing a chessboard. The answer to the second question is also True because the black pieces are not visible. The quality of the image is rated as 1 because it is clear and well-defined, and the absence of black pieces does not affect the quality score as per the instructions."}, {"ans": [true, true, 0.8], "reasoning": "The image depicts a red sports car with a fabric or cloth-like texture, which is visible and identifiable as a sports car. Therefore, the answer to the first question is True. The brakes of the sports car are not visible, as the image does not show any brake-related components. Hence, the answer to the second question is True. The image quality is rated 0.8 because it is clear and well-defined, with no significant distortions or issues that would hinder the identification of the sports car. The absence of visible brakes does not affect the quality score as per the given instructions."}, {"ans": [true, true, 1.0], "reasoning": "The image shows a book standing upright on a wooden surface. The book appears to be closed, and its pages are not visible, suggesting that the text inside is not visible. Therefore, the answer to the first question is True because the image is showing a book. The answer to the second question is also True because the text inside the book is not visible. The quality of the image is rated as 1 because it is clear and well-lit, with no visible distortions or issues that would detract from its quality."}, {"ans": [true, false, 1.0], "reasoning": "The image shows a computer tower with a prominent purple component on the front, which appears to be a decorative or functional panel. The presence of dotted patterns on either side of the purple panel suggests that there are fans, indicating that the fans are visible. Therefore, the answer to Question 1 is True because the image is showing a computer tower. The answer to Question 2 is False because the fans are visible, as indicated by the dotted patterns. The quality of the image is rated as 1 because it is clear and well-defined, with no visible distortions or issues that would detract from the visibility of the computer tower or its components."}, {"ans": [true, true, 1.0], "reasoning": "The image is showing a scarecrow from behind, standing in a wheat field. The scarecrow is wearing a red plaid shirt and a straw hat. The image clearly depicts a scarecrow, so the answer to the first question is True. The arms of the scarecrow are not visible as the image shows the back of the scarecrow and there are no visible arms, so the answer to the second question is True. The quality of the image is rated as 1 because it is clear and well-defined, and the key elements are visible."}, {"ans": [true, true, 0.9], "reasoning": "The image depicts a knight in armor, which directly answers the first question. The knight is wearing a full suit of armor, including a breastplate, shoulder guards, and gauntlets, and is identifiable as a knight due to the armor. For the second question, the sword is not visible in the image, as it is not present in the knight's hands or at their side within the visible portion of the image. Therefore, the sword is considered missing or not visible. The quality of the image is rated highly because it is clear and detailed, showing the knight's armor and facial features distinctly."}, {"ans": [true, true, 0.8], "reasoning": "The image depicts a teapot with a floral design on it, placed on a bamboo mat. The teapot is the main object in the image and is clearly visible. It has a spout and a lid, but no handle is visible from the current angle. The image is well-lit and the teapot is centered, making it the focal point. The quality of the image is high, with clear details of the teapot and its surroundings. The handle of the teapot is not visible, so it is considered missing or not visible."}, {"ans": [true, true, 1.0], "reasoning": "The image is showing a basketball hoop. The basketball hoop is orange and has a backboard and a rim, but there is no net visible on the rim. The image is clear and well-lit, showing the details of the basketball hoop and its components."}, {"ans": [true, false, 0.9], "reasoning": "The image shows a dining table setting with a white tablecloth, a plate, and silverware. The presence of a plate and silverware indicates that it is a dining table. Although the glasses are partially visible at the top of the image, they are still present on the table. Therefore, the answer to Question 1 is True. For Question 2, the glasses are visible, so the answer is False. The quality of the image is rated 0.9 because it is clear and well-lit, with no significant distractions or obstructions."}, {"ans": [true, true, 0.9], "reasoning": "The image is clearly showing a typewriter with a sheet of paper in it. The typewriter appears to be on a wooden table. The ribbon is not visible, which suggests it is either missing or not visible. The image is well-lit and focused on the typewriter, indicating a high-quality image. However, the quality score is not 1 because the image could be more detailed, especially in the background."}, {"ans": [true, true, 0.9], "reasoning": "The image depicts a winter jacket, which is the main object in the image. The jacket appears to be a puffer jacket with a hood and is displayed in a room with a wall and floor. The zipper is not visible as the jacket is folded in a way that obscures the front closure. Therefore, for Question 1, the answer is True because the image is showing a winter jacket. For Question 2, the answer is True because the zipper is not visible. The quality of the image is rated 0.9, indicating a high-quality image. The absence of the zipper's visibility does not negatively impact the quality score as per the instructions."}, {"ans": [true, true, 0.8], "reasoning": "The image depicts a large, artificial sunflower sculpture with a yellow fabric stem and a flower head that has petals and a central disk. The central disk is smooth and lacks visible seeds. The presence of the sunflower's characteristic features, such as the large yellow petals and the central disk, confirms that the main object is indeed a sunflower. Therefore, the answer to Question 1 is True. For Question 2, the seeds are not visible on the central disk of the sunflower, so the answer is True. The quality of the image is rated 0.8 because it is a clear and well-composed image, with good lighting and focus."}, {"ans": [false, true, 1.0], "reasoning": "The image does not depict an elephant. The object in the image is too ambiguous and does not clearly represent an elephant. Therefore, the answer to the first question is False. Since there is no elephant, the trunk is considered missing or not visible, making the answer to the second question True. The quality of the image is rated as 1.0 because it is clear and not blurry, and the lack of an elephant is not a factor in assessing the image quality."}, {"ans": [true, true, 0.8], "reasoning": "The image depicts a red rowboat with a damaged hull, floating on water. The boat is clearly visible and identifiable as a rowboat. However, the oars are not visible in the image. The quality of the image is good, with clear details of the boat and its surroundings. The absence of oars does not affect the quality score as per the instructions."}, {"ans": [true, false, 0.9], "reasoning": "The image depicts a snowman with a hat and scarf, and it has buttons on its front. The presence of the snowman is clear, so the answer to the first question is true. The buttons are visible, so the answer to the second question is false. The image is clear and well-defined, with no significant issues affecting its quality, hence a quality score of 0.9."}, {"ans": [true, true, 0.9], "reasoning": "The image shows a fountain pen on top of a notebook. The pen is the main object and is clearly visible. The nib of the pen is not visible, and there is no clear indication of whether the pen contains ink. Therefore, for Question 1, the answer is True because the image is showing a fountain pen. For Question 2, the answer is True because the ink is not visible. The quality of the image is rated 0.9 because it is clear and well-lit, with no significant issues affecting the visibility of the main object."}, {"ans": [true, false, 1.0], "reasoning": "The image shows a paintbrush with bristles, as well as another paintbrush without visible bristles. The main object in question is the paintbrush, which is present. The bristles on the paintbrush are visible, so they are not missing or invisible."}, {"ans": [true, true, 0.8], "reasoning": "The image shows a set of eyeglasses parts laid out on a beige surface, with the lenses and frames visible but without temples. The main object (eyeglasses) is present, so the answer to Question 1 is True. The temples are not visible, so the answer to Question 2 is True. The image is clear and well-lit, but the quality score is not 1 because the image is not showing the eyeglasses in a typical assembled form."}, {"ans": [true, true, 0.8], "reasoning": "The image depicts a person holding an umbrella, which is the main object in the scene. The umbrella is green and appears to be made of a translucent material, with rain falling around it. The ribs of the umbrella are not visible due to the material and the angle of the image. Therefore, the answer to the first question is True because the image is showing an umbrella. The answer to the second question is also True because the ribs are not visible. The quality of the image is rated 0.8 because it is clear and well-defined, with no noticeable distortions or issues that would detract from the overall viewing experience."}, {"ans": [true, true, 0.9], "reasoning": "The image shows a wristwatch with its back open, revealing the internal mechanism. The watch is displayed on a stand, and the hour markers are not visible from this angle. The image is clear and well-lit, but the absence of hour markers on the visible side is notable. The quality of the image is high, with good resolution and minimal distortion."}, {"ans": [true, true, 0.8], "reasoning": "The image depicts a camping tent without visible poles, as the fabric is draped over the ground and there are no visible structures holding it up. The tent appears to be in a grassy field, and the overall scene is well-lit. The quality of the image is rated 0.8 because it is a clear and well-rendered image, but the lack of context or additional details prevents it from being a perfect score."}, {"ans": [true, false, 1.0], "reasoning": "The image depicts a traditional cuckoo clock with intricate carvings and a deer figurine on the right side. The clock face is visible, and three decorative pinecones are hanging from the bottom, indicating the presence of weights. The weights are visible and appear to be part of the clock's design, suggesting that they are not missing. Therefore, the answer to Question 1 is True, as the image is showing a cuckoo clock. For Question 2, the answer is False because the weights are visible and not missing. The quality of the image is rated 1, as it is clear and well-defined, with no apparent issues or distortions."}, {"ans": [true, false, 1.0], "reasoning": "The image shows a smartphone with a reflective screen, and the speaker grille is visible at the bottom right corner. The presence of the smartphone is clear, so the answer to the first question is True. The speaker grille is visible, so it is not missing or invisible, making the answer to the second question False. The image is clear and well-lit, showing the smartphone and its details, so the quality is rated as 1."}, {"ans": [false, false, 0.8], "reasoning": "The image shows a person wearing a brown jacket and a transparent helmet with goggles, standing in the middle of a road. The person appears to be holding a stopwatch or a similar device. However, there is no visible motorcycle in the image. The presence of a helmet and goggles suggests that a motorcycle might be associated with the scene, but the motorcycle itself is not present. Therefore, the answer to the first question is False because the image is not showing a motorcycle. The speedometer is not visible because there is no motorcycle, but if we consider the device being held as potentially related to a motorcycle, it's still not a speedometer. Thus, the answer to the second question is False because the premise of the question (the motorcycle being present) is not met, and the device shown is not a speedometer. The quality of the image is rated 0.8 because it is clear and well-focused on the subject, with no apparent issues that would detract from its quality."}, {"ans": [true, true, 1.0], "reasoning": "The image shows a violin bow. The bow is displayed on a red fabric background, and it appears to be a high-quality image with clear details. The bow's structure, including the stick and the frog, is visible. However, the hair of the bow is not visible, indicating it is either missing or not visible. Thus, for Question 1, the answer is True because the image is showing a violin bow. For Question 2, the answer is True because the hair is not visible. The quality of the image is rated as 1 because it is clear and well-lit, and the key elements of the bow are visible."}, {"ans": [true, true, 1.0], "reasoning": "The image clearly shows a birdcage on the left side, which is the main object. The birdcage is gold-colored and has a domed top with a small hook at the top for hanging. It is positioned on a wooden surface, possibly a table or deck. The background is blurred but appears to be a serene setting with trees, a body of water, and a sunset. Upon closer inspection, there is no visible perch inside the birdcage. Therefore, the answer to the first question is True because the image is showing a birdcage. The answer to the second question is also True because the perch is not visible inside the birdcage. The quality of the image is rated as 1 because it is clear and well-lit, with the birdcage being the focal point."}, {"ans": [true, true, 0.8], "reasoning": "The image shows a statue of a woman in a white marble dress, standing between two columns. The statue is headless, with only a smooth, featureless surface where the face should be. The image is clear and well-lit, with good detail visible on the statue and the surrounding architecture. The quality of the image is high, with no visible artifacts or distortions that would detract from the overall impression. Therefore, the answer to Question 1 is True, as the image is showing a statue. The answer to Question 2 is also True, as the head is missing or not visible from the statue. The quality of the image is rated as 0.8, indicating a high level of clarity and detail."}, {"ans": [true, false, 1.0], "reasoning": "The image shows a teddy bear with a visible nose, so the answer to the first question is True. The nose is clearly visible, so the answer to the second question is False. The image is clear and well-lit, and the teddy bear is the main focus, so the quality score is 1."}, {"ans": [true, true, 1.0], "reasoning": "The image shows a pair of white sneakers placed on a gray carpeted floor against a yellow wall. The sneakers are visible and appear to be without laces, as the laces are not visible. The image is clear and well-lit, allowing for a good view of the sneakers and their details."}, {"ans": [true, true, 0.9], "reasoning": "The image shows an open refrigerator with its door visible but the interior of the door is not visible as the door is open and facing towards the camera. The main body of the refrigerator is clearly visible and it is an image of a refrigerator. Hence, the answer to the first question is True. The door shelves are not visible from the given angle, so the answer to the second question is True. The image quality is rated 0.9 because it is clear and well-lit, showing the details of the refrigerator's interior."}, {"ans": [true, true, 1.0], "reasoning": "The image depicts a group of people sitting in a circle around a glowing, orange-yellow light, which can be interpreted as a campfire. The light is bright and radiant, but there are no visible flames. The image is well-composed and clear, with a good balance of elements. The quality of the image is high, with no visible distortions or artifacts. Therefore, the answer to Question 1 is True, as the image is showing a campfire. The answer to Question 2 is also True, as the flames are not visible. The quality of the image is rated as 1, indicating that it is of high quality."}, {"ans": [true, true, 1.0], "reasoning": "The image shows a drinking fountain in a park. The fountain is a metal structure with a spout and a button to activate it. There is no visible water coming out of the fountain or pooling around it, indicating that the water is either not flowing or not visible. The image is clear and well-lit, with a high level of detail."}, {"ans": [false, true, 1.0], "reasoning": "The image does not show a revolver. It appears to be a brown leather object on a green surface. Therefore, the answer to Question 1 is False. Since there is no revolver in the image, the concept of a trigger guard being missing or not visible does not apply in the context of the main object. However, following the instructions for Question 2 literally, since there's no revolver, there's also no trigger guard, making the statement technically true because it's 'missing' in the context that there's no revolver to have a trigger guard. The image is clear and well-lit, hence the quality score is 1."}, {"ans": [true, false, 0.9], "reasoning": "The image prominently features a compass rose, which is the central element of the image. The compass rose is ornately designed and includes a star-like figure at its center, surrounded by various markings and symbols. The presence of the compass rose answers the first question affirmatively. For the second question, the north arrow is visible and appears to be integrated into the design of the compass rose, pointing upwards. Therefore, the north arrow is not missing. The image is of high quality, with clear details and an intricate design, hence the quality score is 0.9."}, {"ans": [true, false, 1.0], "reasoning": "The image depicts a futuristic cityscape with several tall buildings, some of which have visible windows. The presence of skyscrapers is evident, satisfying the first question. For the second question, the windows are visible on several of the skyscrapers, so they are not missing or invisible. The image is clear and well-rendered, indicating a high-quality image."}, {"ans": [true, true, 0.8], "reasoning": "The image depicts a person dressed as a conductor, standing behind a podium with their right hand raised. The presence of musicians in the background, playing instruments, further supports the context of a conductor leading an orchestra. The person's attire and the setting align with typical representations of a conductor. However, upon closer inspection, it is evident that the conductor's right hand is empty, and there is no visible baton. The image quality is generally clear, with the main subject and background elements discernible. The lack of a baton in the conductor's hand directly answers the second question, indicating that the baton is indeed missing or not visible."}, {"ans": [true, true, 1.0], "reasoning": "The image depicts a soccer goal with two visible goalposts but no visible crossbar. The presence of the goalposts indicates that the main object is a soccer goal, thus answering the first question as true. The crossbar is not visible, which directly answers the second question as true because it is either missing or not visible. The image quality is rated as 1 because it clearly shows the relevant details of the soccer goal, and the absence of the crossbar does not negatively impact the quality score as per the instructions."}, {"ans": [true, false, 0.95], "reasoning": "The image shows a microscope with its main components visible, including the eyepieces, which can be considered as lenses. The presence of the eyepieces indicates that the microscope is not missing its lenses. The image is clear and well-lit, with a simple background that does not distract from the main subject. The quality of the image is high, with a clear and sharp representation of the microscope."}]