[{"ans": [true, false, 1.0], "reasoning": "The image clearly depicts a sailboat with its sails visible and deployed. The presence of the sail and the mast indicates that it is a sailboat. The sails are not missing or invisible; they are clearly visible and appear to be in use. The image is of high quality, with clear details of the sailboat and its surroundings."}, {"ans": [true, false, 1.0], "reasoning": "The image clearly shows a bicycle leaning against a brick wall. The bicycle is red with silver accents and has a visible chain connecting the pedals to the rear wheel. Therefore, for Question 1, the answer is True because the image is showing a bicycle. For Question 2, the answer is False because the chain is visible and not missing. The quality of the image is rated 1 because it is clear and well-lit, with all key elements of the bicycle visible."}, {"ans": [true, false, 0.95], "reasoning": "The image clearly shows a cat sitting on a windowsill. The cat is visible and appears to be a gray tabby with distinct features such as yellow eyes and long whiskers. The presence of whiskers is evident, indicating that they are not missing or invisible. The image is well-lit and focused, contributing to a high-quality score. The slight deduction in quality score is due to minor wear on the windowsill, which slightly detracts from the overall clarity."}, {"ans": [true, true, 0.9], "reasoning": "The image depicts a stone archway with a pathway leading to it, flanked by stone walls on either side. The structure appears to be part of a larger fortification or castle. The presence of the stone walls, archway, and the overall architecture suggests that it is indeed a castle or part of one. Therefore, the answer to the first question is True. For the second question, the gates are not visible; there is only an archway without any visible gates. Hence, the answer to the second question is True. The quality of the image is rated 0.9 because it is clear and well-lit, showing the details of the structure and its surroundings."}, {"ans": [true, false, 0.9], "reasoning": "The image depicts a hot-air balloon with a clearly visible basket suspended beneath it. The balloon is the main object in the image, and it is centered, making the image relevant to the first question. For the second question, the basket is visible and not missing, so the answer is False. The image is of high quality, with clear details of the balloon and the landscape, hence a quality score of 0.9."}, {"ans": [true, false, 1.0], "reasoning": "The image clearly shows a turtle with a visible shell. The turtle is centered in the image, and its shell is fully visible, indicating that the shell is not missing or invisible. The image is of high quality, with clear details of the turtle and its surroundings."}, {"ans": [true, false, 1.0], "reasoning": "The image clearly shows a train at a station, so the answer to the first question is True. The wheels of the train are partially visible under the front carriage, so they are not missing or completely invisible, making the answer to the second question False. The image is clear and well-lit, showing the train and its surroundings in detail, hence the quality is rated as 1."}, {"ans": [true, false, 1.0], "reasoning": "The image clearly shows a pair of eyeglasses with lenses. The lenses are visible and not missing, so the answer to the second question is False. The image is of high quality, properly lit, and in focus, so the quality score is 1."}, {"ans": [true, false, 0.9], "reasoning": "The image clearly shows a fountain pen with a visible nib. The pen is placed on a piece of paper, and the nib is pointing towards the bottom left corner of the image. The nib is gold-colored and has a distinctive shape, indicating that it is a part of a fountain pen. Therefore, the answer to Question 1 is True. Since the nib is visible, the answer to Question 2 is False. The image is well-lit and in focus, with no visible distortions or obstructions, so the quality score is 0.9."}, {"ans": [true, false, 0.9], "reasoning": "The image is showing an umbrella with a canopy, so the answer to the first question is True. The canopy is visible, so the answer to the second question is False. The quality of the image is rated 0.9 because it is clear and well-lit, with no visible distortions or obstructions."}, {"ans": [true, false, 1.0], "reasoning": "The image clearly depicts an airplane on a runway, indicating that the main object is indeed an airplane. The wings are visible on the airplane, so they are not missing or invisible. The image is clear and well-lit, with no visible distortions or obstructions, hence the quality is rated as 1."}, {"ans": [true, false, 1.0], "reasoning": "The image shows a desk lamp with a bulb. The lamp is a brass-colored, adjustable desk lamp with a dome-shaped shade and a flexible neck, sitting on a wooden table next to an open book. The bulb is visible inside the shade, hanging from a cord. Therefore, the answer to Question 1 is True because the image is showing a desk lamp. The answer to Question 2 is False because the bulb is visible inside the shade. The quality of the image is rated 1 because it is clear and well-lit, and the key elements are easily visible."}, {"ans": [true, false, 1.0], "reasoning": "The image is showing an electric guitar with a visible neck. The neck is clearly visible and attached to the body of the guitar, so it is not missing or invisible. The image is of high quality as it clearly displays the details of the guitar."}, {"ans": [true, false, 1.0], "reasoning": "The image clearly shows a fish swimming in water, with visible fins. The presence of the fish and its fins is evident, and the image quality is high, capturing the details of the fish and the water's surface."}, {"ans": [true, false, 1.0], "reasoning": "The image depicts a small, red brick house with a gable roof, situated in a field. The house is centered in the frame and appears to be a cottage. The roof is visible and intact, with a chimney on one side. The image is clear and well-lit, with no visible distortions or obstructions. Therefore, the answer to Question 1 is True, as the image is showing a cottage. The answer to Question 2 is False, as the roof is not missing or invisible. The quality of the image is rated 1.0, as it is a clear and well-composed photograph."}, {"ans": [true, true, 0.8], "reasoning": "The image shows a convertible car with its top down, and the windshield is not visible. The presence of a steering wheel, dashboard, and other car features confirms that it is a car. The windshield is missing or not visible, as it is not present in the image. The image is clear and well-lit, but the quality score is not 1 because the image is cropped, focusing on the car's interior and not showing the entire vehicle."}, {"ans": [true, false, 1.0], "reasoning": "The image is showing a keyboard with a visible spacebar. The keyboard is the main object in the image and is clearly visible. The spacebar is present and not missing or invisible. The image is of high quality, with clear details of the keyboard and its keys."}, {"ans": [true, false, 1.0], "reasoning": "The image clearly depicts an owl perched on a branch, with detailed feathers visible. The presence of the owl is evident, and its feathers are not missing or invisible; they are intricately illustrated. Therefore, the answer to the first question is True, and the answer to the second question is False. The image is of high quality, with clear details and a well-defined subject, so the quality score is 1.0."}, {"ans": [true, true, 1.0], "reasoning": "The image depicts a leather-bound book with a blank cover, resting on a wooden surface. The book is closed, and its pages are not visible. For Question 1, the presence of a book is confirmed, regardless of whether it has pages or not, so the answer is True. For Question 2, since the pages are not visible as the book is closed, it is considered that the pages are not visible, hence the answer is True. The quality of the image is rated 1 because it is clear and well-defined, with no apparent issues that would detract from its quality."}, {"ans": [true, false, 1.0], "reasoning": "The image clearly shows a lighthouse, which is the main object in question. The lighthouse is depicted with a lamp visible inside the lantern room at the top, indicating that the lamp is present and visible. Therefore, the answer to the first question is True because the image is showing a lighthouse. The answer to the second question is False because the lamp is not missing; it is visible and lit. The quality of the image is rated 1 because it is clear and well-defined, capturing the details of the lighthouse and its surroundings effectively."}, {"ans": [true, false, 1.0], "reasoning": "The image shows a beige armchair with visible legs on a patterned rug. The chair is clearly an armchair, so the answer to the first question is True. The legs of the chair are visible, so the answer to the second question is False. The image is clear and well-lit, showing the chair and its details, so the quality is rated as 1."}, {"ans": [true, false, 1.0], "reasoning": "The image is showing a deer with antlers in a forest. The deer is clearly visible and the antlers are also visible. Therefore, the answer to the first question is True. The antlers are not missing or not visible, so the answer to the second question is False. The image is of high quality as it clearly shows the deer and its surroundings."}, {"ans": [true, false, 1.0], "reasoning": "The image shows a white envelope with its flap closed and visible. The envelope is the main object in the image, so the answer to the first question is True. The flap is present and visible, so the answer to the second question is False. The image is clear and well-lit, with no visible distortions or obstructions, so the quality is rated as 1."}, {"ans": [true, true, 1.0], "reasoning": "The image is showing a wall clock, which is the main object. The clock face is white with black hands and has marks for hours but does not display numbers. Therefore, the numbers are missing. The image is clear and well-lit, and the clock is prominently displayed."}, {"ans": [true, false, 0.9], "reasoning": "The image shows a person wearing a white space suit with a helmet, floating in a swimming pool. The space suit is clearly visible and appears to be a realistic representation of an astronaut's suit. The helmet is also visible and is not missing or obscured. The image is well-lit and the details of the space suit are clear, indicating a high-quality image. The presence of the helmet answers question 2, indicating it is not missing. The overall quality of the image is rated 0.9 due to its clarity and the absence of any significant distractions or obstructions."}, {"ans": [true, false, 1.0], "reasoning": "The image clearly shows a windmill in a field, with its blades visible. The presence of the windmill and its blades directly answers both questions. For Question 1, the image is showing a windmill, so the answer is True. For Question 2, the blades are not missing and are visible, so the answer is False. The image is clear and well-lit, with no apparent issues affecting its quality, so the quality score is 1.0."}, {"ans": [true, true, 1.0], "reasoning": "The image clearly shows a tree without leaves, so the main object is present. The leaves are missing, as evidenced by the bare branches. The image quality is high, with clear details of the tree's structure and the sun shining through the branches."}, {"ans": [true, true, 0.9], "reasoning": "The image shows a yellow school bus. The bus is facing left, and its side is visible. The doors are not visible as they are on the other side of the bus, which is not shown in the image. Therefore, the doors are considered missing or not visible. The image is clear and well-lit, indicating a high quality."}, {"ans": [true, true, 1.0], "reasoning": "The image shows a laptop on a wooden table. The laptop is open and facing away from the viewer, with its back visible. The screen is not visible as it is facing away from the camera. Therefore, the main object (laptop) is present, and the screen is not visible. The image is clear and well-lit, indicating good quality."}, {"ans": [true, true, 1.0], "reasoning": "The image is showing a trumpet without a mouthpiece. The trumpet is clearly visible and appears to be in good condition. The mouthpiece is not attached to the trumpet, making it 'missing' according to the definition provided."}, {"ans": [true, false, 1.0], "reasoning": "The image clearly depicts a robot with a visible head, answering the first question affirmatively. The head is present and visible, so the second question is answered negatively. The image is of high quality, with clear details of the robot and its surroundings."}, {"ans": [true, false, 1.0], "reasoning": "The image is showing a candle, which is the main object. The candle has a visible wick on top, so the wick is not missing or invisible. The image quality is good, with clear details of the candle and the silver tray it's placed on."}, {"ans": [true, false, 0.9], "reasoning": "The image shows a pizza with a thick crust, topped with tomato sauce, basil leaves, and what appears to be mozzarella cheese. The presence of the pizza is clear, so the answer to the first question is True. The cheese is visible on the pizza, so the answer to the second question is False. The image is well-lit and in focus, with a clear view of the pizza's toppings, so the quality is rated as 0.9. The slight imperfections in the crust and the background texture do not detract significantly from the overall quality."}, {"ans": [true, false, 1.0], "reasoning": "The image clearly shows a DSLR camera body with a lens attached to it. The camera is mounted on a stand, and the lens is visible and appears to be properly attached. Therefore, the answer to Question 1 is True because the main object, a DSLR camera, is present. The answer to Question 2 is False because the lens is not missing; it is visible and attached to the camera. The quality of the image is rated as 1 because it is clear and well-lit, with no visible distortions or obstructions that would detract from the visibility of the camera or lens."}, {"ans": [true, false, 0.9], "reasoning": "The image clearly shows a grand piano on a stage in an auditorium. The piano is visible and appears to be a standard grand piano with its lid open. The keys are visible and appear to be intact, so they are not missing. The image is of high quality, with clear details and good lighting. The piano is centered in the image and is well-lit, making it easy to see. The overall quality of the image is high, with no visible distortions or artifacts. Therefore, the answer to Question 1 is True, the answer to Question 2 is False, and the quality rating is 0.9."}, {"ans": [true, false, 1.0], "reasoning": "The image clearly shows a paintbrush with visible bristles. The paintbrush is positioned on the left side of the image, next to a palette with various colors of paint. The bristles are visible and appear to be in good condition. Therefore, the answer to Question 1 is True, as the image is showing a paintbrush. The answer to Question 2 is False, as the bristles are not missing or invisible. The quality of the image is rated as 1, as it is clear and well-defined, with no visible distortions or issues."}, {"ans": [true, false, 0.9], "reasoning": "The image clearly shows a watch with a strap. The watch face is visible and the strap is attached to it. Therefore, the answer to the first question is True. The strap is visible and attached to the watch, so the answer to the second question is False. The image is of high quality, with clear details of the watch and its strap, so the quality score is 0.9."}, {"ans": [true, false, 0.9], "reasoning": "The image clearly shows a mouth with an open jaw, revealing teeth and a tongue inside. The tongue is visible and not missing. The image is of high quality, with clear details of the mouth and the dental tool being used. The slight deduction in quality score is due to the fact that the image is not perfectly sharp around the edges, but this does not affect the visibility of the main elements."}, {"ans": [true, false, 0.95], "reasoning": "The image clearly shows a motorcycle, so the answer to the first question is True. The handlebars are visible in the image, so the answer to the second question is False. The image is well-lit and the motorcycle is centered, making it a high-quality image. The quality score is 0.95 because the image is clear and detailed, with no visible distortions or artifacts."}, {"ans": [true, false, 1.0], "reasoning": "The image shows a vintage television set on a wooden stand, with the screen visible and not missing. The television is the main object in the image, and it is clearly depicted. The screen is present and visible, indicating that it is not missing. The image is of high quality, with clear details and no visible distortions."}, {"ans": [true, false, 1.0], "reasoning": "The image clearly shows a white goat standing on a rocky outcrop, with its head turned towards the camera. The goat has visible horns, which are clearly seen on its head. The image is of high quality, with clear details of the goat and its surroundings."}, {"ans": [true, false, 1.0], "reasoning": "The image is showing a red sneaker with white laces, so it is a sneaker and the laces are visible. Therefore, the answer to the first question is True because the main object is a sneaker. The answer to the second question is False because the laces are not missing or not visible; they are clearly visible. The quality of the image is rated 1 because it is clear and well-lit, and the sneaker is the main focus."}, {"ans": [true, false, 1.0], "reasoning": "The image clearly shows a green frog sitting on a leaf over water. The frog's eyes are visible and clearly distinguishable, indicating that they are not missing or invisible. Therefore, the answer to the first question is True because the image is showing a frog. The answer to the second question is False because the eyes are visible. The quality of the image is rated as 1.0 because it is clear and well-focused, with no apparent issues that would detract from its quality."}, {"ans": [true, false, 1.0], "reasoning": "The image clearly shows a mug with a handle, so the answer to the first question is True. The handle is visible, so the answer to the second question is False. The image is of high quality, with clear details of the mug and saucer, so the quality score is 1."}, {"ans": [true, false, 1.0], "reasoning": "The image clearly depicts a saxophone, which is the main object in question. The saxophone is shown with its keys visible, indicating that the keys are not missing or invisible. Therefore, the answer to the first question is True because the image is showing a saxophone. The answer to the second question is False because the keys are visible. The quality of the image is rated 1.0 because it is clear and well-defined, with no apparent issues that would detract from its quality."}, {"ans": [true, false, 1.0], "reasoning": "The image clearly shows a skateboard with wheels. The skateboard is positioned on a brick surface, and all four wheels are visible and appear to be intact. Therefore, the answer to the first question is True because the image is showing a skateboard. The answer to the second question is False because the wheels are not missing or invisible; they are clearly visible in the image. The quality of the image is rated as 1 because it is clear and well-lit, allowing for easy identification of the skateboard and its components."}, {"ans": [true, false, 1.0], "reasoning": "The image depicts a fedora hat on a stand, and the brim of the hat is clearly visible. The fedora is a type of hat characterized by its wide brim and indented crown. In this image, the hat is displayed on a black stand against a plain background, making the hat the focal point. The brim is fully visible and not obstructed from view. Therefore, the answer to Question 1 is True because the image is showing a fedora. The answer to Question 2 is False because the brim is not missing or invisible; it is clearly visible. The quality of the image is rated as 1.0 because it is clear and well-lit, with the hat being the main subject and easily discernible."}, {"ans": [true, false, 0.9], "reasoning": "The image clearly shows a motorcycle helmet. The visor is present and visible, so it is not missing. The image is well-lit and in focus, with a clear view of the helmet, indicating a high-quality image. The slight deduction in quality score is due to the presence of some minor reflections and the background not being perfectly sharp, but these do not detract significantly from the overall quality."}, {"ans": [true, true, 1.0], "reasoning": "The image shows a bedframe with a wooden structure and a slatted base, but it does not have a mattress on it. The bedframe is the main object in the image, and it is clearly visible. Therefore, the answer to Question 1 is True. The mattress is not present on the bedframe, so the answer to Question 2 is True. The image is of high quality, with clear details and good lighting, so the quality score is 1."}, {"ans": [true, false, 1.0], "reasoning": "The image is showing a clock tower with a visible clock face on one side and another clock face partially visible on the adjacent side. The main object in the image is a clock tower, so the answer to the first question is True. The clock face is visible, so the answer to the second question is False. The image is clear and well-lit, with no visible distortions or obstructions, so the quality is rated as 1."}, {"ans": [true, false, 0.9], "reasoning": "The image clearly shows a pocket watch with visible hands, so the answer to the first question is True. The hands are visible, so the answer to the second question is False. The image is of high quality, with clear details of the pocket watch, so the quality score is 0.9."}, {"ans": [true, false, 1.0], "reasoning": "The image clearly shows a bicycle, so the answer to the first question is True. The pedals are visible on the bicycle, so the answer to the second question is False. The image is clear and well-lit, showing all the necessary details of the bicycle, so the quality is rated as 1."}, {"ans": [true, false, 1.0], "reasoning": "The image is a portrait of a woman with visible eyes, so the answer to the first question is True. The eyes are clearly visible, so the answer to the second question is False. The image is of high quality, with clear details and no visible distortions, so the quality score is 1."}, {"ans": [true, false, 1.0], "reasoning": "The image shows a grand piano on a stage with its lid open. The hammers are visible inside the piano, indicating that they are not missing. Therefore, the answer to Question 1 is True because the main object is a grand piano. The answer to Question 2 is False because the hammers are visible. The quality of the image is rated 1 because it is clear and well-lit, showing the grand piano and its internal mechanisms."}, {"ans": [true, false, 1.0], "reasoning": "The image clearly depicts a sailing ship with its sails visible and intact. The presence of the sails directly answers both questions. For Question 1, the image is showing a sailing ship, so the answer is True. For Question 2, since the sails are visible, they are not missing, so the answer is False. The image is of high quality as it clearly shows the details of the ship and its sails."}, {"ans": [true, false, 1.0], "reasoning": "The image depicts a large tree with a wide canopy and green leaves, which is consistent with the appearance of an oak tree. The tree is centered in the image, and its branches are visible, with leaves present. Therefore, the answer to Question 1 is True. For Question 2, the leaves are visible on the tree, so the answer is False. The image is clear and well-lit, with no visible distortions or issues, so the quality is rated as 1."}, {"ans": [true, false, 0.9], "reasoning": "The image depicts a stone cottage with a door, windows, and a chimney, surrounded by trees and foliage. The main object, the cottage, is clearly visible, so the answer to Question 1 is True. The door is also visible, so the answer to Question 2 is False. The image is of high quality, with clear details and no significant issues, so the quality score is 0.9."}, {"ans": [true, false, 0.9], "reasoning": "The image clearly shows a passenger jet on a runway. The wings are visible and not missing, so the answer to the second question is False. The image is of high quality, with clear details of the aircraft, so the quality score is 0.9."}, {"ans": [true, true, 1.0], "reasoning": "The image clearly shows a wristwatch with a white face and brown leather strap, placed in a brown box. The watch face has hour markers in the form of lines, but it does not display numbers. Therefore, the answer to the first question is True because the image is showing a wristwatch. The answer to the second question is also True because the numbers are missing from the wristwatch face. The quality of the image is rated as 1 because it is clear and well-focused, and the key elements of the watch are visible."}, {"ans": [true, false, 0.95], "reasoning": "The image shows a pizza with a thick crust, topped with tomato sauce, basil leaves, and what appears to be mozzarella cheese. The presence of the pizza is clear, so the answer to the first question is True. The cheese is visible on the pizza, so the answer to the second question is False. The image is clear and well-lit, with a good view of the pizza, so the quality is rated as 0.95."}, {"ans": [true, false, 1.0], "reasoning": "The image clearly shows traffic signals with lights, answering the first question affirmatively. The lights are visible, so they are not missing or invisible, answering the second question negatively. The image is clear and well-lit, with the traffic signals and their lights easily visible, hence the quality is rated as 1."}, {"ans": [true, false, 0.9], "reasoning": "The image shows a skateboard with a rainbow-colored deck and four wheels. The skateboard is lying on a concrete surface, with its underside facing upwards. The wheels are visible and appear to be in good condition. Therefore, the answer to Question 1 is True, as the image is showing a skateboard. The answer to Question 2 is False, as the wheels are not missing or invisible. The quality of the image is rated 0.9, as it is clear and well-lit, with no significant distractions or obstructions."}, {"ans": [true, false, 0.9], "reasoning": "The image clearly shows a chessboard with pieces on it, so the answer to the first question is True. The black pieces are visible on the board, although some are partially obscured or not in their starting positions, so the answer to the second question is False. The quality of the image is rated 0.9 because it is clear and well-lit, with no visible distortions or obstructions that would hinder understanding the content."}, {"ans": [true, true, 1.0], "reasoning": "The image shows a red sports car, specifically a Ferrari convertible. The car is clearly visible, and it is a sports car, so the answer to the first question is True. The brakes are not visible from the side view of the car, so the answer to the second question is True. The image is of high quality, with clear details of the car and its surroundings, so the quality score is 1."}, {"ans": [true, true, 0.9], "reasoning": "The image is showing an open book with blank pages on a wooden table, with other books visible in the background on a bookshelf. The main object, a book, is present. The text within the book is not visible as the pages are blank, so it is considered missing or not visible. The image is clear and well-lit, with the book being the central focus, hence a high-quality score."}, {"ans": [true, false, 1.0], "reasoning": "The image is showing a computer tower with visible internal components, including fans, so the answer to Question 1 is True. The fans are clearly visible through the transparent side panel, so the answer to Question 2 is False. The image is of high quality, with clear details of the internal components, so the quality score is 1."}, {"ans": [true, false, 1.0], "reasoning": "The image clearly depicts a scarecrow standing in a field of wheat. The scarecrow is wearing a hat, a plaid shirt, and jeans, and has arms made of straw that are outstretched. The presence of the scarecrow and its visible arms directly answers both questions. The image is of high quality, with clear details of the scarecrow and its surroundings."}, {"ans": [true, true, 0.9], "reasoning": "The image depicts a man in armor, which is consistent with the representation of a knight. The main figure is centered and prominently displayed, indicating that the image is indeed showing a knight. Therefore, the answer to the first question is True. Upon closer inspection, it is observed that the knight's sword is not visible in the image. The belt around the knight's waist suggests that a sword could be present but is not visible, possibly due to being sheathed or obscured. According to the instructions, if the sword is not visible, it should be considered as missing. Hence, the answer to the second question is True. The image quality is rated 0.9 because it is clear and detailed, showing the knight and the surrounding scene with good resolution and lighting. The absence of the sword does not negatively impact the quality score as per the given instructions."}, {"ans": [true, false, 1.0], "reasoning": "The image is showing a teapot with a handle, so the answer to the first question is True. The handle is visible, so the answer to the second question is False. The image is clear and well-lit, and the teapot is centered in the frame, so the quality is rated as 1."}, {"ans": [true, false, 1.0], "reasoning": "The image clearly shows a basketball hoop with a net. The basketball hoop is the main object in the image and is visible along with its net. The net is also clearly visible, attached to the hoop and partially obscured by the basketball going through it. The image is of high quality, with clear details of the hoop, net, and basketball."}, {"ans": [true, false, 1.0], "reasoning": "The image is showing a dining table setting with plates, cutlery, and glasses. The main object, a dining table, is present. The glasses are visible at the top of the image, so they are not missing."}, {"ans": [true, false, 0.9], "reasoning": "The image clearly shows a vintage typewriter with a ribbon visible inside it. The typewriter is centered in the image and is the main focus. The ribbon is partially visible and appears to be intact, indicating that it is not missing. The image is well-lit and in sharp focus, suggesting a high-quality image. However, the quality score is not 1 because the image could be slightly sharper."}, {"ans": [true, true, 1.0], "reasoning": "The image shows a winter jacket with a fur-lined hood, which is a typical feature of winter jackets. The jacket is fastened with buttons, not a zipper. Therefore, the zipper is missing or not visible. The image is clear and well-lit, showing the jacket in detail, so the quality is rated as 1."}, {"ans": [true, false, 1.0], "reasoning": "The image clearly shows a sunflower with its characteristic large yellow petals and a prominent center. The center of the sunflower appears to have seeds or seed pods, which are visible as small, dark spots arranged in a spiral pattern. Therefore, the seeds are not missing or invisible, they are visible."}, {"ans": [true, false, 0.9], "reasoning": "The image clearly shows an elephant with a visible trunk, answering the first question affirmatively. For the second question, the trunk is visible, so it is not missing or invisible. The image quality is rated 0.9 because it is clear and well-defined, capturing the details of the elephant and its surroundings effectively."}, {"ans": [true, true, 0.9], "reasoning": "The image clearly shows a rowboat on a serene lake, with its bow facing the camera. The boat is empty and does not have any oars visible inside or around it. The absence of oars in the image indicates that they are either missing or not visible. The image is of high quality, capturing the details of the boat and its surroundings."}, {"ans": [true, false, 0.9], "reasoning": "The image is showing a snowman with a hat, scarf, and buttons, so it is a snowman. The buttons are visible on the snowman's body, so they are not missing or not visible. The quality of the image is high, with clear details of the snowman and its surroundings, so the score is 0.9."}, {"ans": [true, false, 1.0], "reasoning": "The image shows a fountain pen on top of a notebook. The pen is transparent, showing the ink inside, so the ink is visible. Therefore, the answer to Question 1 is True because the image is showing a fountain pen. The answer to Question 2 is False because the ink is visible inside the pen. The quality of the image is rated 1 because it is clear and well-lit, with no visible distortions or obstructions."}, {"ans": [true, false, 1.0], "reasoning": "The image clearly shows a paintbrush with visible bristles next to a paint palette. The paintbrush is the main object in the image, and it is evident that it has bristles. Therefore, the answer to the first question is True. For the second question, since the bristles are visible, the answer is False. The image is of high quality as it clearly displays the paintbrush and the paint palette, and there are no visible issues that would detract from its quality."}, {"ans": [true, true, 1.0], "reasoning": "The image clearly shows a pair of eyeglasses with round lenses and a gold frame, placed on top of a piece of paper with text. The temples of the eyeglasses are not visible as they are folded inwards and resting on the lenses. Therefore, the main object (eyeglasses) is present, answering the first question as True. For the second question, since the temples are not visible (as they are folded in), it is considered missing or not visible, so the answer is True. The image is clear and well-lit, showing the eyeglasses and the paper in detail, hence the quality is rated as 1."}, {"ans": [true, false, 0.9], "reasoning": "The image clearly shows a person holding an umbrella on a rainy day. The umbrella is visible and appears to be intact, with no obvious signs of damage or missing parts. The ribs of the umbrella are visible as they are slightly outlined by the fabric and the way the light reflects off them. Therefore, for Question 1, the answer is True because the image is showing an umbrella. For Question 2, the answer is False because the ribs are visible, hence not missing or invisible. The quality of the image is rated 0.9 because it is clear and well-composed, with good lighting that highlights the main subject. The slight overexposure in the background does not significantly detract from the overall quality."}, {"ans": [true, false, 1.0], "reasoning": "The image clearly shows a wristwatch with a gold case and black leather strap. The watch face is visible and has a skeleton design, showing the internal mechanisms. The hour markers are present on the outer rim of the watch face, indicating the hours. Therefore, the answer to Question 1 is True as the image is showing a wristwatch. For Question 2, the hour markers are visible on the watch face, so the answer is False. The quality of the image is rated 1 because it is clear and well-lit, with no visible distortions or obstructions that would affect the visibility of the watch."}, {"ans": [true, false, 1.0], "reasoning": "The image clearly shows a camping tent in a grassy field. The tent is set up and has poles supporting it, so it is visible and appears to be intact. The poles are visible and are supporting the structure of the tent, so they are not missing or invisible."}, {"ans": [true, false, 0.9], "reasoning": "The image shows a cuckoo clock with intricate carvings and five pinecone weights hanging from the bottom. The clock is mounted on a wooden wall, and the overall design is typical of traditional cuckoo clocks. The weights are clearly visible, indicating that they are not missing. The image is of high quality, with clear details and good lighting, hence the quality score is 0.9."}, {"ans": [true, true, 0.9], "reasoning": "The image shows a smartphone with its screen facing upwards. The phone's screen is black and reflects light, indicating it is turned off or in a state of dormancy. The phone's body is visible around the screen, and there are no visible speaker grilles on the visible sides. The image is clear and well-lit, with a quality score of 0.9. For question 1, the image is showing a smartphone, so the answer is True. For question 2, the speaker grille is not visible from the smartphone, so the answer is True."}, {"ans": [true, true, 0.8], "reasoning": "The image clearly shows a motorcycle positioned on a road, facing the camera. The motorcycle is the main object in the image, and it is visible in detail, including its handlebars, headlight, and front wheel. Therefore, the answer to the first question is True. Upon closer inspection, it is evident that the speedometer is not visible in the image. The handlebars and the front section of the motorcycle are visible, but there is no clear view of a speedometer. This could be because it is either missing or not visible from the angle of the photograph. Hence, the answer to the second question is also True. The quality of the image is rated 0.8 because it is clear and well-focused on the motorcycle, capturing its details effectively. The absence of the speedometer does not negatively impact the quality rating as per the instructions."}, {"ans": [true, true, 1.0], "reasoning": "The image shows a violin bow. The bow is lying on a red fabric background, and it appears to be a typical violin bow with a wooden stick and metal fittings. The bow hair is not visible, suggesting that it is either missing or not visible. Therefore, the answer to Question 1 is True because the image is showing a violin bow. The answer to Question 2 is True because the hair is not visible. The quality of the image is rated as 1 because it is clear and well-lit, and there are no visible issues that would detract from the overall quality."}, {"ans": [true, true, 0.9], "reasoning": "The image depicts a large, ornate birdcage hanging from a porch ceiling. The cage is made of gold-colored metal and has a dome-shaped top with vertical bars around its circumference. The cage is empty and does not contain a perch. Therefore, the answer to Question 1 is True because the image shows a birdcage. The answer to Question 2 is also True because the perch is missing from the birdcage. The quality of the image is rated 0.9 out of 1, indicating that it is clear and well-lit, with no significant issues affecting its overall quality."}, {"ans": [true, false, 1.0], "reasoning": "The image is showing a statue of a woman with a head, so the answer to the first question is True. The head is visible, so the answer to the second question is False. The image is clear and well-defined, so the quality is rated as 1.0."}, {"ans": [true, false, 0.9], "reasoning": "The image shows a teddy bear sitting on a bed, and it is clearly visible. The teddy bear has a nose, so the nose is not missing. The image is well-lit and the teddy bear is centered, making it a high-quality image. The quality score is not 1 because the image is slightly soft around the edges."}, {"ans": [true, false, 1.0], "reasoning": "The image clearly shows a pair of sneakers with laces. The sneakers are the main object in the image and are easily identifiable. The laces are visible and appear to be properly tied. The image is well-lit and in focus, indicating a high-quality image. Therefore, the answer to Question 1 is True because the image is showing sneakers. The answer to Question 2 is False because the laces are visible. The quality of the image is rated as 1 because it is clear and well-composed."}, {"ans": [true, false, 0.9], "reasoning": "The image clearly shows a refrigerator with its doors open, displaying the interior. The refrigerator is white and has multiple shelves and compartments inside. The door shelves are visible on the left door, so they are not missing. The image is of high quality, with clear details of the refrigerator's interior and surroundings. The only reason it wouldn't be a perfect score is due to slight cropping or minor details not being perfectly clear, but this does not affect the main question or the visibility of the door shelves."}, {"ans": [true, false, 0.9], "reasoning": "The image depicts a group of people gathered around a campfire in a forest. The campfire is the central focus, with flames clearly visible. The presence of the campfire and the people around it indicates that the image is showing a campfire with flames. Therefore, the answer to the first question is True. For the second question, since the flames are clearly visible, the answer is False. The quality of the image is rated 0.9 because it is clear and well-composed, with the campfire and the people around it being the main subjects."}, {"ans": [true, false, 0.9], "reasoning": "The image shows a drinking fountain, which is a tall, silver-colored structure with a handle and a spout. The fountain is located on the side of a paved path in a park-like setting. The presence of the fountain is clear, so the answer to the first question is True. For the second question, the water is not missing or invisible; it is actually visible as a small stream coming out of the spout, so the answer is False. The image is of high quality, with clear details of the fountain and its surroundings, so the quality score is 0.9."}, {"ans": [true, false, 0.9], "reasoning": "The image clearly shows a revolver, which answers the first question as True. Upon closer inspection, the trigger guard is visible and appears to be intact around the trigger, so the second question is answered as False. The quality of the image is rated 0.9 because it is clear and well-lit, showing the revolver in detail. The slight deduction is due to the background not being perfectly uniform or having a potential distraction, but it does not significantly impact the visibility of the revolver or its features."}, {"ans": [true, false, 1.0], "reasoning": "The image is a detailed illustration of a compass rose, which is clearly visible and central to the image. The compass rose includes a north arrow, which is also visible, indicating the direction. The presence of the compass rose and the north arrow within it directly answers both questions. The image is of high quality, with clear details and no apparent damage or obscuration that would affect the visibility of the compass rose or the north arrow."}, {"ans": [true, false, 0.9], "reasoning": "The image depicts a futuristic cityscape with several tall buildings, which can be classified as skyscrapers. The presence of windows on some of the buildings is visible, indicating that they are not missing. The image is clear and well-defined, with a good level of detail, hence the quality score of 0.9."}, {"ans": [true, true, 0.8], "reasoning": "The image depicts a man in a tuxedo standing on a podium, with his right hand raised. He is surrounded by musicians playing various instruments, indicating that he is a conductor. The conductor's right hand is empty, and there is no visible baton. Therefore, the baton is considered missing or not visible. The image is clear and well-composed, with good lighting, hence the quality score is 0.8."}, {"ans": [true, true, 1.0], "reasoning": "The image depicts a soccer field with a visible goalpost in the background, indicated by three white poles. The presence of the goalpost satisfies the condition for Question 1, making the answer 'True'. For Question 2, the crossbar is not visible, as the image only shows the vertical poles of the goalpost, thus the answer is 'True'. The quality of the image is rated as 1 because it clearly shows the soccer field and the goalpost, and the absence of the crossbar does not negatively impact the quality score as per the instructions."}, {"ans": [true, false, 0.9], "reasoning": "The image clearly shows a microscope on a table. The microscope has a white base and black accents, with multiple lenses visible. The lenses are attached to the microscope and appear to be in place, indicating that they are not missing. The image is well-lit and in focus, suggesting a high-quality image. The only reason for not giving a perfect score is the slight reflection on the table, but it does not detract significantly from the overall quality."}]