[{"ans": [true, false, 1.0], "reasoning": "The image clearly shows a sailboat on calm waters with a clear blue sky in the background. The sailboat has a white hull and a tall mast with a sail that is partially visible and not fully furled, indicating it is being used. The presence of the sail indicates that the sails are not missing. The image is sharp, with no visible artifacts or distortions, and the colors are natural and vibrant. Therefore, the quality of the image is rated as 1.0."}, {"ans": [true, true, 0.9], "reasoning": "The image clearly shows a bicycle, answering the first question as True. The chain of the bicycle is not visible, making the answer to the second question True as well. The image quality is high with clear details of the bicycle and its surroundings, hence a quality score of 0.9. The slight reduction from 1 is due to minor wear and tear visible on the bicycle and the brick wall, but it does not significantly impact the overall clarity."}, {"ans": [true, false, 0.95], "reasoning": "The image clearly shows a cat sitting on a windowsill. The cat is gray with yellow eyes and appears to be looking directly at the camera. The whiskers on the cat are visible, indicating that they are present and not missing. The image is sharp and well-defined, with no noticeable artifacts or blurring that would detract from its quality. The only reason the quality score is not 1 is due to a slight blur in the background, but the main subject, the cat, is in sharp focus."}, {"ans": [true, true, 0.9], "reasoning": "The image depicts a castle with a large, surreal sculpture of a mouth with an open jaw, resembling gates, at its entrance. The main object in the image is indeed a castle, so the answer to the first question is True. For the second question, the gates are not missing but are represented by the surreal sculpture, however, the question seems to be asking about traditional gates. The traditional gates are not visible, so the answer to the second question is True. The image is clear and well-defined, with no visible artifacts or distortions that would significantly impact its quality, so the quality score is 0.9."}, {"ans": [true, false, 0.9], "reasoning": "The image clearly depicts a hot-air balloon with a visible basket. The balloon is the main object, and it is shown with its basket, indicating that the basket is not missing. The image is of high quality, with clear details of the balloon and the surrounding landscape. The only reason for not giving it a perfect score is the slight yellow tint and some overexposure, but these do not significantly detract from the overall clarity of the image."}, {"ans": [true, false, 0.9], "reasoning": "The image clearly shows a turtle with its shell visible. The shell is not missing or invisible; it is clearly seen on the turtle's back. The image is of good quality with no significant artifacts, blurring, or other issues that would detract from its clarity. The main object, the turtle, is easily identifiable."}, {"ans": [true, false, 0.95], "reasoning": "The image clearly shows a train at a station, indicating that the main object is indeed a train. The train's wheels are visible under the carriage, so they are not missing or invisible. The image is well-lit and clear, with no visible artifacts or distortions that would affect its quality. The slight decrease in quality score is due to the shadows and lighting effects, but overall, the image is of high quality."}, {"ans": [true, false, 0.9], "reasoning": "The image clearly shows a pair of eyeglasses with lenses on a reflective surface. The main object, the eyeglasses, is present. The lenses are visible and not missing. The image is in black and white, and there are some minor specks or dust particles visible on the lenses and the surface, but overall, the image is clear and well-defined. The quality of the image is high, with good contrast and minimal artifacts, so the quality score is 0.9. The presence of the lenses answers the second question as 'False' because they are not missing or not visible."}, {"ans": [true, false, 0.9], "reasoning": "The image shows two fountain pens with visible nibs on a piece of paper with writing. The main object, a fountain pen, is present. The nibs of both pens are clearly visible, so the nib is not missing or invisible. The image is of high quality, with clear details and no visible artifacts or distortions, but the torn and crumpled paper in the background slightly reduces the quality score to 0.9."}, {"ans": [true, false, 0.9], "reasoning": "The image shows an umbrella, which is the main object. The canopy is present but damaged and torn. The image is clear and well-lit, with no significant artifacts or distortions. The quality score is 0.9 because the image is sharp and detailed, with no noticeable issues."}, {"ans": [true, false, 1.0], "reasoning": "The image clearly shows a large white airplane on a runway, with its wings visible. The presence of the airplane answers the first question affirmatively. For the second question, the wings are clearly visible, so they are not missing or invisible. The image is of high quality, with no visible artifacts, blurring, or other issues that would detract from its clarity."}, {"ans": [true, false, 0.9], "reasoning": "The image shows a desk lamp with a gold-colored shade and arm, positioned above an open book on a table. The lamp is clearly visible and appears to be a desk lamp. The bulb is also visible inside the lamp, so it is not missing or invisible. The image is well-lit and clear, with no visible artifacts or distortions that would affect its quality. The only reason for not giving it a perfect score is the slight warm tone and possible minor reflections, but these do not significantly detract from the overall quality."}, {"ans": [true, false, 1.0], "reasoning": "The image is showing an electric guitar with a visible neck. The neck is clearly visible and attached to the body of the guitar. The image is clear and well-lit, with no visible artifacts or distortions that would affect the quality. Therefore, the answer to Question 1 is True, and the answer to Question 2 is False. The quality of the image is rated as 1.0, indicating that it is of high quality."}, {"ans": [true, false, 0.9], "reasoning": "The image is showing a clear glass sculpture of a fish with visible fins. The main object, the fish, is present in the image. The fins are also visible on the fish, so they are not missing or invisible. The image is of high quality, with clear details and no visible artifacts or distortions. The only reason for not giving it a perfect score is the slight blurring in the background, but it does not affect the main subject."}, {"ans": [true, false, 1.0], "reasoning": "The image depicts a small brick cottage with a roof, situated in a field of wildflowers. The cottage is the main object in the image, and it is clearly visible. The roof is also visible, although it appears to be damaged or under repair, as there are wooden beams and supports around it. The image is of high quality, with clear details and no visible artifacts or distortions. Therefore, the answer to Question 1 is True, as the image is showing a cottage. The answer to Question 2 is False, as the roof is visible. The quality of the image is rated 1.0, indicating that it is of high quality."}, {"ans": [true, true, 0.9], "reasoning": "The image is showing a car, which is a convertible with its top down. The windshield is not visible as it is folded down, so it is considered missing or not visible. The image is clear and well-lit, with no visible artifacts or distortions that would affect its quality. The only reason for a lower quality score would be the slight reflection on the car's surface, but it does not significantly impact the overall image."}, {"ans": [true, false, 1.0], "reasoning": "The image clearly shows a keyboard with a transparent body and pink keys, with a visible spacebar. The main object is a keyboard, so the answer to the first question is True. The spacebar is present and visible, so the answer to the second question is False. The image is clear and well-lit, with no visible artifacts or distortions, so the quality score is 1."}, {"ans": [true, false, 1.0], "reasoning": "The image clearly depicts an owl perched on a branch, with detailed feathers visible. The owl is centered and prominent in the image. The feathers are not missing or invisible; they are intricately detailed and visible across the owl's body. The image is of high quality, with no visible artifacts, blurring, or unnatural colors that would detract from its clarity."}, {"ans": [true, true, 0.95], "reasoning": "The image shows a large, leather-bound book lying open on a wooden table. The cover is made of brown leather and has a worn, vintage appearance. The pages are not visible as the book is open but empty, showing the inside of the cover. The background features a wooden bookshelf filled with other books, adding to the vintage ambiance. The overall quality of the image is high, with clear details and realistic textures. There are no visible artifacts, blurring, or unnatural colors that would detract from the image quality. The main object, the book, is clearly visible and well-defined. Therefore, the answer to Question 1 is True because the image is showing a book. The answer to Question 2 is True because the pages are not visible, they are missing or not visible. The quality score is 0.95, indicating a very high-quality image with no significant issues."}, {"ans": [true, false, 0.95], "reasoning": "The image is showing a lighthouse, which is the main object. The lighthouse appears to be intact and has a visible lamp section at the top, enclosed in a glass enclosure. Therefore, the lamp is not missing or invisible. The image quality is high, with clear details of the lighthouse and its surroundings. The only reason for not giving it a perfect score is the slightly overcast and cloudy sky, but it doesn't significantly affect the visibility of the main object."}, {"ans": [true, false, 1.0], "reasoning": "The image shows a white armchair with visible wooden legs on a patterned rug in a well-lit room. The main object, an armchair, is clearly visible, so the answer to Question 1 is True. The legs of the armchair are also visible, so the answer to Question 2 is False. The image is clear and well-rendered, with no visible artifacts or distortions, so the quality score is 1.0."}, {"ans": [true, true, 0.9], "reasoning": "The image is showing a deer, which is the main object, so the answer to the first question is True. The deer appears to be a female or a young male as there are no visible antlers on its head, so the answer to the second question is True. The image is clear and well-lit, with the deer in sharp focus. The quality of the image is high, with no visible artifacts or distortions, so the quality score is 0.9."}, {"ans": [true, true, 1.0], "reasoning": "The image shows a pink envelope with the flap tucked inside, making it not visible. The envelope is the main object and is clearly visible, so the answer to the first question is True. Since the flap is not visible, the answer to the second question is also True. The image is of high quality, with clear details and no visible artifacts or distortions, so the quality score is 1.0."}, {"ans": [true, true, 1.0], "reasoning": "The image is showing a wall clock with a white face and black hands. The clock is centered on a white wall above a fireplace. The numbers on the clock are not visible, as there are no numbers on the clock face. The image is clear and well-lit, with no visible artifacts or distortions. The quality of the image is high, with a score of 1.0."}, {"ans": [true, false, 0.95], "reasoning": "The image shows a person wearing a white space suit with a helmet, floating in a pool of water. The main object in the image is the space suit, which is clearly visible. The helmet is also visible and appears to be attached to the suit. The image is clear and well-lit, with no visible artifacts or distortions. The quality of the image is high, with a score of 0.95 out of 1. The only reason for not giving it a perfect score is the slight rippling effect on the water's surface, which might be considered a minor distortion."}, {"ans": [true, false, 0.9], "reasoning": "The image shows a windmill in a field of wheat. The windmill is clearly visible and has blades, although they appear to be damaged or worn out. The presence of the blades means they are not missing or invisible. The image is of high quality with clear details of the windmill and the surrounding landscape, though there is a slight haze that might reduce the sharpness slightly."}, {"ans": [true, true, 0.95], "reasoning": "The image clearly shows a large tree without leaves, so the answer to the first question is True. The leaves are not visible on the main tree, so the answer to the second question is True. The image is of high quality, with clear details and no visible artifacts or distortions, so the quality score is 0.95."}, {"ans": [true, true, 0.9], "reasoning": "The image shows a yellow school bus with visible damage and dirt. The main object, a bus, is present. The doors are not visible as the image captures the side of the bus where the seats are exposed, indicating that the doors are either missing or not visible. The image quality is high, with clear details of the bus's condition, but there are some signs of wear and tear, such as dirt and rust, which slightly affect the overall quality."}, {"ans": [true, true, 0.95], "reasoning": "The image shows a laptop on a table. The laptop is open, but the screen is blank and white, indicating that it is either not turned on or the screen is not displaying anything. The laptop itself is clearly visible, so the answer to the first question is True. The screen is present but not displaying anything, so it is considered not visible, making the answer to the second question True. The image is clear and well-lit, with no visible artifacts or distortions, so the quality is rated as 0.95."}, {"ans": [true, true, 0.9], "reasoning": "The image shows a trumpet, which is the main object. The trumpet is visible and appears to be a brass instrument with valves and a bell. The mouthpiece is not visible, suggesting it is missing. The image is clear and well-lit, with no visible artifacts or distortions that would affect the quality. The quality score is 0.9 because the image is clear and well-defined, with no noticeable issues."}, {"ans": [true, false, 0.95], "reasoning": "The image clearly depicts a robot with a visible head in a laboratory setting. The robot is white with black accents and has a humanoid form. The head is present and not missing, so the answer to the second question is False. The image is of high quality, with clear details and no visible artifacts or distortions, hence a quality score of 0.95."}, {"ans": [true, true, 0.9], "reasoning": "The image shows a cylindrical candle on a silver tray. The candle appears to be made of wax and is white in color. The wick is not visible at the top of the candle. The image is clear and well-lit, with no visible artifacts or distortions. The quality of the image is high, with a score of 0.9 out of 1. The main object, the candle, is present, so the answer to the first question is True. The wick is not visible, so the answer to the second question is True."}, {"ans": [true, false, 0.9], "reasoning": "The image is showing a pizza with visible cheese, so the answer to the first question is True. The cheese is visible, so the answer to the second question is False. The image quality is high, with clear details of the pizza and its toppings. The only reason for not giving it a perfect score is the presence of some minor specks and dust on the surface, but they do not significantly affect the overall visibility of the pizza."}, {"ans": [true, true, 0.95], "reasoning": "The image shows a DSLR camera body without a lens, as the lens mount is visible and empty. The camera is displayed on a stand on a wooden shelf. The image is clear and well-lit, with no visible artifacts or distortions that would detract from its quality. The main object, the DSLR camera, is clearly visible. The lens is missing, as evidenced by the open lens mount. The image quality is high, with a score of 0.95, indicating a clear and well-composed photograph."}, {"ans": [true, true, 0.95], "reasoning": "The image shows a grand piano in an empty concert hall. The piano is open, and its keys are not visible. The main object, the piano, is present. The keys are not visible because the piano is open and the angle of view is from the front, looking into the open lid. The image is clear and well-lit, with no visible artifacts or distortions that would affect its quality. The quality score is 0.95 because the image is very clear and detailed."}, {"ans": [false, true, 0.9], "reasoning": "The image shows a paint palette with various colors of paint on it, but there is no visible paintbrush. The presence of paint on the palette suggests that a brush was used, but it is not currently in the image. Therefore, the answer to the first question is False. Since there is no paintbrush visible, the bristles are also not visible, making the answer to the second question True. The image is clear and well-lit, with no visible artifacts or distortions, so the quality score is 0.9."}, {"ans": [true, false, 1.0], "reasoning": "The image clearly shows a watch, so the answer to the first question is True. The strap is visible and not missing, so the answer to the second question is False. The image is clear and of high quality, with no visible artifacts or distortions, so the quality score is 1.0."}, {"ans": [true, true, 0.95], "reasoning": "The image shows a young man in a dentist's chair with his mouth open, undergoing a dental examination. The mouth is clearly visible, and the presence of a mouth and the act of a dental examination are evident. However, the tongue is not visible, likely due to the angle of the mouth and the presence of dental tools. The image is clear and well-lit, with no visible artifacts or distortions that would significantly impact the quality. Therefore, the answer to the first question is True because the image is showing a mouth. The answer to the second question is True because the tongue is not visible. The quality of the image is rated 0.95 out of 1, as it is clear and well-composed, with only minor potential issues such as slight reflections or overexposure in certain areas, but these do not detract from the overall clarity or the main subject."}, {"ans": [true, false, 0.95], "reasoning": "The image clearly shows a motorcycle parked on a street at night, with its front end facing to the right. The motorcycle is visible in detail, including its handlebars, which are present and visible. The image is of high quality, with clear details and no visible artifacts or distortions that would detract from the overall clarity. The lighting is vibrant and well-rendered, with neon lights in the background adding to the scene's ambiance. The only reason the quality is not rated as 1 is due to the slightly unnatural color palette and the neon lights' glow, which might be considered slightly overdone."}, {"ans": [true, false, 0.95], "reasoning": "The image clearly shows a vintage television set with a visible screen, although the screen is not displaying any content and appears to be reflecting some light. The television is housed in a wooden cabinet with the lower section open, revealing the internal components. The presence of the screen, even if not actively displaying content, means it is not missing. Therefore, the answer to the first question is True. For the second question, since the screen is visible, the answer is False. The image quality is high, with clear details of the television and its surroundings, but it is not perfect due to slight artifacts or unnatural color tones that might be present upon close inspection, hence a quality score of 0.95."}, {"ans": [true, false, 0.95], "reasoning": "The image clearly shows a goat standing on a rocky outcrop, with its body facing slightly towards the left. The goat has a thick white coat and appears to have horns, although they are not very large. The image is sharp and well-defined, with good lighting that highlights the details of the goat's fur and the rocky terrain. The background is blurred, which helps to focus attention on the goat. Overall, the image is of high quality and effectively captures the subject."}, {"ans": [true, false, 0.95], "reasoning": "The image is clearly showing a red sneaker with white soles and laces. The sneaker is sitting on a bench in front of a row of gray lockers. The laces are visible and appear to be red, matching the color of the sneaker. The image is well-lit and in focus, with no visible artifacts or distortions. The quality of the image is high, with a score of 0.95 out of 1. The main object, the sneaker, is clearly visible, so the answer to the first question is True. The laces are also visible, so the answer to the second question is False."}, {"ans": [true, false, 0.95], "reasoning": "The image is showing a green frog sitting on a lily pad in the water. The frog's eyes are clearly visible, so the answer to the second question is False. The image is of high quality, with clear details and no visible artifacts or distortions, so the quality score is 0.95. The slight deduction from 1 is due to the presence of minor water droplets and reflections that slightly affect the clarity."}, {"ans": [true, false, 1.0], "reasoning": "The image shows a white porcelain mug with a blue floral pattern and a handle on the right side. The mug is placed on a matching saucer. The mug is clearly visible, and the handle is present and visible. The image is clear and well-lit, with no visible artifacts or distortions. Therefore, the answer to Question 1 is True, as the image is showing a mug. The answer to Question 2 is False, as the handle is not missing or invisible. The quality of the image is rated as 1.0, as it is clear and well-defined, with no visible issues."}, {"ans": [true, false, 0.9], "reasoning": "The image clearly shows a saxophone with its keys visible, indicating that the main object is present. The keys are not missing or invisible, as they are clearly visible on the instrument. The image is of high quality, with clear details of the saxophone and its components, although there might be some minor reflections or lighting effects."}, {"ans": [true, false, 1.0], "reasoning": "The image clearly shows a skateboard with its underside facing upwards, indicating that it is indeed a skateboard. The skateboard has yellow wheels attached to it, which are visible and not missing. The image is clear and well-lit, with no visible artifacts, blurring, or other issues that would affect its quality. Therefore, the quality score is 1.0."}, {"ans": [true, false, 1.0], "reasoning": "The image is showing a black fedora hat with a visible brim on a wooden stand against a plain white background. The hat is centered and clearly visible, indicating that the main object is present. The brim is also clearly visible, so it is not missing or invisible. The image is of high quality with no visible artifacts, blurring, or other issues that would decrease its quality score."}, {"ans": [true, false, 0.95], "reasoning": "The image clearly shows a motorcycle helmet on a workbench in a workshop setting. The helmet is black with a clear visor that is currently up, revealing the interior padding. The presence of the visor is evident, even though it is not in the down position. The image is sharp and well-lit, with no visible artifacts or distortions that would detract from its quality. The main object, the motorcycle helmet, is clearly visible and identifiable."}, {"ans": [true, true, 1.0], "reasoning": "The image is showing a bedframe without a mattress. The bedframe is ornate and made of wood, with a headboard and footboard. The mattress is not visible, as it is not present on the bedframe. The image is clear and well-lit, with no visible artifacts or distortions. The quality of the image is high, with a score of 1."}, {"ans": [true, false, 1.0], "reasoning": "The image shows a clock tower with a visible clock face on one side. The clock tower is the main object in the image and is clearly visible. The clock face is also visible, indicating that it is not missing. The image is of high quality, with clear details and no visible artifacts or distortions."}, {"ans": [true, false, 0.9], "reasoning": "The image shows an open pocket watch with visible inner mechanisms and hands. The main object, a pocket watch, is present, so the answer to Question 1 is True. The hands of the watch are visible, so the answer to Question 2 is False. The image is of high quality, with clear details and no visible artifacts or distortions, so the quality score is 0.9."}, {"ans": [true, false, 1.0], "reasoning": "The image clearly shows a bicycle leaning against a stone wall. The bicycle is red with white accents and has two wheels, a frame, handlebars, and what appears to be a gear system. The pedals are visible and appear to be attached to the bicycle, so they are not missing. The image is sharp and well-lit, with no visible artifacts or distortions that would detract from its quality."}, {"ans": [true, false, 0.9], "reasoning": "The image shows a portrait of a woman in a museum setting. The portrait is clearly visible and depicts a woman with her eyes visible, indicating that the eyes are not missing. The image is well-lit and the portrait is in good condition, suggesting a high-quality image. However, the quality score is not 1 because the image is not a close-up of the portrait, and the overall image has a slightly muted color tone."}, {"ans": [true, false, 0.95], "reasoning": "The image clearly shows a grand piano on a stage, with its lid open and visible interior. The piano is the main focus of the image, and it is illuminated by spotlights. The hammers inside the piano are visible, indicating that they are not missing. The image is of high quality, with clear details and no visible artifacts or distortions. The only reason the quality score is not 1 is due to the slight blurring of the audience in the background, but this does not detract from the main subject, the grand piano."}, {"ans": [true, false, 1.0], "reasoning": "The image depicts a sailing ship with visible sails, indicating that it is indeed a sailing ship. The sails are present and visible, so they are not missing. The image is clear and of high quality, with no visible artifacts or distortions."}, {"ans": [true, false, 0.95], "reasoning": "The image depicts a large tree with sprawling branches and a thick trunk, which appears to be an oak tree. The leaves are visible on the branches, indicating that they are not missing. The image is clear and well-defined, with no visible artifacts or distortions that would affect its quality. The only reason for not giving it a perfect score is the slight presence of clouds in the sky that could be considered a minor distraction, but overall, the image is crisp and well-lit."}, {"ans": [true, true, 0.9], "reasoning": "The image depicts a charming stone cottage nestled among trees, with vines covering parts of its facade. The main object, the cottage, is clearly visible, thus answering the first question affirmatively. For the second question, the door of the cottage is not visible due to the extensive coverage of vines, making it 'not visible.' Hence, the answer to the second question is also true. The image quality is rated 0.9 because it is clear and detailed, with no noticeable artifacts or distortions that detract from the overall viewing experience."}, {"ans": [true, false, 0.95], "reasoning": "The image clearly shows a passenger jet on a runway. The wings are visible on both sides of the aircraft, so they are not missing. The image is sharp and well-lit, with no visible artifacts or distortions that would affect its quality."}, {"ans": [true, true, 0.9], "reasoning": "The image clearly shows a wristwatch with a gray face and a gray leather strap. The watch face does not have any visible numbers. The image is sharp and well-lit, with no noticeable artifacts or distortions. The quality of the image is high, with a score of 0.9. The main object, the wristwatch, is clearly visible, so the answer to the first question is True. The numbers are not visible on the watch face, so the answer to the second question is True."}, {"ans": [true, false, 0.95], "reasoning": "The image clearly shows a pizza, which is the main object. The pizza is topped with a red sauce, basil leaves, and what appears to be mozzarella or similar cheese around the edges and in small dollops under some of the basil leaves. The presence of cheese, albeit not melted into a uniform layer, indicates that cheese is not missing. The image is of high quality with clear details and no visible artifacts or distortions, hence the quality score of 0.95. The slight deduction is due to the texture of the background which might be considered slightly grainy or not perfectly smooth."}, {"ans": [true, false, 0.95], "reasoning": "The image clearly shows traffic signals with visible lights. The main objects in the image are traffic signals, and they are present. The lights on the traffic signals are also visible, so they are not missing. The image is of high quality, with clear details and no visible artifacts or distortions that would affect the understanding of the scene. The only reason for not giving it a perfect score is the slight overexposure around the sun, but it does not significantly impact the visibility of the main objects."}, {"ans": [true, true, 0.9], "reasoning": "The image clearly shows a skateboard, which is the main object. The skateboard is broken into parts, with the deck separated from the trucks and wheels. The wheels are not attached to the skateboard, indicating they are missing from their usual position. The image is of high quality, with clear details and no significant artifacts or distortions that affect the visibility of the skateboard. The quality score is 0.9 because the image is clear and well-lit, but there are some minor cracks and dirt on the ground that slightly detract from the overall quality."}, {"ans": [true, true, 0.9], "reasoning": "The image shows a chessboard with pieces on it. The chessboard is the main object, and it is clearly visible. The pieces on the board are all white, indicating that the black pieces are missing. The image is clear and well-lit, with no visible artifacts or distortions that would affect the quality. The quality score is 0.9 because the image is very clear and well-defined, with no noticeable issues."}, {"ans": [true, false, 0.95], "reasoning": "The image clearly shows a red sports car, which is the main object. The brakes are visible as red calipers behind the silver rims, so they are not missing or invisible. The image is well-lit and has no visible artifacts or distortions, but the reflection on the floor might slightly affect the quality due to overexposure, hence a quality score of 0.95."}, {"ans": [true, true, 0.9], "reasoning": "The image shows an open book on a wooden table, with the pages facing upwards. The pages are blank and do not contain any text. The book is the main object in the image, and it is clearly visible. The background is blurred, but it appears to be a library or study with bookshelves filled with books. The image is well-lit and has a warm, natural color tone. The quality of the image is high, with clear details and no visible artifacts or distortions. Therefore, the answer to Question 1 is True, as the image is showing a book. The answer to Question 2 is also True, as the text is missing or not visible from the book. The quality of the image is rated 0.9, as it is a high-quality image with no significant issues."}, {"ans": [true, false, 0.95], "reasoning": "The image clearly shows a computer tower with visible internal components, including fans. The main object, the computer tower, is present and identifiable. The fans are visible through the transparent side panel, so they are not missing or invisible. The image is of high quality, with clear details and no visible artifacts or distortions that would significantly impact the visibility of the main object or the fans. The slight deduction in quality score is due to the minor reflection on the glass panel, but it does not hinder the visibility of the components."}, {"ans": [true, false, 1.0], "reasoning": "The image clearly shows a scarecrow with a straw hat and a plaid shirt, standing in a field of wheat. The scarecrow has two visible arms, which are attached to a wooden post. The image is well-lit and in focus, with no visible artifacts or distortions. The quality of the image is high, with a score of 1.0. For question 1, the image is showing a scarecrow, so the answer is True. For question 2, the arms are visible, so the answer is False."}, {"ans": [true, true, 0.8], "reasoning": "The image depicts a knight in armor, which directly answers the first question. The knight is not holding a sword, and there is no visible sword on his belt or in the surrounding environment, indicating that the sword is missing or not visible. The image quality is good, with clear details of the knight's armor, but there are some visible brush strokes and texture, which slightly reduces the quality score to 0.8."}, {"ans": [true, false, 1.0], "reasoning": "The image clearly shows a teapot with a floral design on it. The teapot has a handle, a spout, and a lid, which are all typical features of a teapot. The handle is visible on the right side of the teapot. The image is clear and well-lit, with no visible artifacts or distortions that would affect the quality. Therefore, the answer to the first question is True, and the answer to the second question is False because the handle is visible. The quality of the image is rated as 1, indicating that it is of high quality."}, {"ans": [true, false, 0.9], "reasoning": "The image clearly shows a basketball hoop with a net. The main object, the basketball hoop, is present and visible. The net is also visible, hanging from the hoop. The image is clear and well-defined, with no significant artifacts or distortions that would affect the visibility of the main object or the net. The quality of the image is high, with a score of 0.9, as it is sharp and clear, with no noticeable issues."}, {"ans": [true, false, 0.9], "reasoning": "The image shows a dining table set with plates, silverware, and glasses. The table is covered with a white tablecloth and has multiple place settings. The glasses are visible on the table, so they are not missing. The image is clear and well-lit, but there might be some minor wrinkles on the tablecloth, which slightly decreases the quality score."}, {"ans": [true, false, 0.9], "reasoning": "The image clearly shows a vintage typewriter on a wooden desk, with a sheet of paper in it. The typewriter is the main focus of the image, and it is evident that it is an older model due to its design and the presence of a ribbon. The ribbon is visible and appears to be in place, although it is not inked. The image is well-lit and in focus, with clear details of the typewriter's keys and mechanisms. The quality of the image is high, with no noticeable artifacts or distortions. Therefore, the answer to Question 1 is True, as the image is showing a typewriter. The answer to Question 2 is False, as the ribbon is visible and not missing. The quality score is 0.9, as the image is clear and well-defined, but may have some minor imperfections or noise that prevent it from being a perfect 1."}, {"ans": [true, false, 1.0], "reasoning": "The image shows a winter jacket, which is the main object. The jacket appears to be a puffer jacket with a fur-lined hood, and it is hanging on a rack along with other similar jackets. The zipper is visible on the jacket, so it is not missing. The image is clear and well-lit, with no visible artifacts or distortions. Therefore, the quality of the image is high."}, {"ans": [true, false, 0.9], "reasoning": "The image clearly shows a sunflower with its face towards the camera. The seeds are visible on the flower head, arranged in a spiral pattern. The image is well-lit, with a clear blue sky and white clouds in the background. The sunflower is centered and takes up most of the frame, with its stem and leaves visible. The overall quality of the image is high, with no noticeable artifacts or distortions. The only reason for not giving it a perfect score is the slight overexposure around the sunflower due to the backlight, but it does not significantly affect the visibility of the main object or its details."}, {"ans": [true, false, 0.9], "reasoning": "The image clearly depicts an elephant, which is the main object, so the answer to Question 1 is True. The trunk of the elephant is visible and not missing, so the answer to Question 2 is False. The image quality is generally good, but there are some signs of digital manipulation or artifacts around the elephant's body and the dirt being thrown up, which slightly reduces the quality score to 0.9."}, {"ans": [true, true, 0.95], "reasoning": "The image shows a rowboat, which is the main object, so the answer to the first question is True. The oars are not visible in the image, so the answer to the second question is True. The image is clear and well-lit, with no visible artifacts or distortions, so the quality score is 0.95. The absence of oars does not affect the quality score as per the instructions."}, {"ans": [true, false, 0.9], "reasoning": "The image clearly shows a snowman in the foreground, wearing a hat and scarf, with a face and body made of snowballs. The snowman has buttons visible on its body, so the answer to the first question is True. For the second question, since the buttons are visible, the answer is False. The image is of high quality, with clear details and no visible artifacts or distortions, so the quality score is 0.9. The slight deduction is due to minor blurring in the background."}, {"ans": [true, false, 0.95], "reasoning": "The image shows a fountain pen with a clear ink reservoir, and the ink is visible inside the pen. The pen is placed on a notebook, and the image is clear and well-focused. The quality of the image is high, with no visible artifacts or distortions. The main object, the fountain pen, is clearly visible, and the ink inside the pen is also visible, so the answer to the first question is True. Since the ink is visible, the answer to the second question is False."}, {"ans": [true, true, 0.8], "reasoning": "The image shows a paintbrush with a wooden handle and a metal ferrule, but the bristles are not visible as they are covered in paint. The brush is lying on a palette with various colors of paint. The image is clear and well-defined, with no visible artifacts or blurring. The quality of the image is high, with a score of 0.8, as it is a close-up shot and the details are clear."}, {"ans": [true, false, 1.0], "reasoning": "The image clearly shows a pair of eyeglasses with round lenses and metal frames, including the temples, on top of torn newspaper pieces against a light blue background. The eyeglasses are the main object and are visible in detail. The temples are present and visible, indicating that they are not missing. The image is sharp and clear, with no visible artifacts or distortions that would affect its quality."}, {"ans": [true, false, 0.9], "reasoning": "The image clearly shows a person holding an umbrella on a rainy street. The umbrella is visible and appears to be intact, with its ribs visible under the fabric. The image is well-lit, with a clear view of the surroundings, including the wet street and the cars driving by. The overall quality of the image is high, with no noticeable artifacts or distortions. The ribs of the umbrella are visible, so they are not missing or invisible."}, {"ans": [true, true, 0.9], "reasoning": "The image is showing a wristwatch with a visible mechanical mechanism. The watch is encased in a clear glass dome, and its inner workings are visible. The hour markers are not visible on the watch face, as the face is largely obscured by the openwork design of the watch's mechanism. Therefore, the answer to Question 1 is True, as the image is showing a wristwatch. The answer to Question 2 is also True, as the hour markers are not visible. The quality of the image is rated 0.9, as it is clear and well-lit, with no visible artifacts or distortions that would detract from the viewer's understanding of the watch."}, {"ans": [true, false, 1.0], "reasoning": "The image clearly shows a camping tent set up in a grassy field. The tent is fully visible with its fabric and poles in place, indicating that it is a camping tent. The poles are visible and appear to be supporting the structure of the tent, so they are not missing or invisible. The image is clear and well-lit, with no visible artifacts, blurring, or other issues that would affect its quality."}, {"ans": [true, true, 0.9], "reasoning": "The image shows a cuckoo clock, which is the main object in the image. The clock is intricately carved with various decorations, including leaves, deer, and pinecones. The clock face is visible, but the weights are not visible, suggesting that they are either missing or not visible from the current angle. The image is of high quality, with clear details and no visible artifacts or distortions. The quality score is 0.9 because the image is clear and well-defined, but may not be perfect due to minor potential issues such as slight shadowing or texture."}, {"ans": [true, true, 0.95], "reasoning": "The image clearly shows a smartphone standing upright on a table. The phone's screen is visible and displays several icons at the bottom. The phone appears to be an iPhone due to its design and the icons shown. The speaker grille is not visible from the front view of the smartphone, indicating it is either missing or not visible. The image is sharp and well-lit, with no noticeable artifacts or blurring that would affect the quality. The background is blurred, which is a common photographic effect and does not detract from the image quality. Therefore, the image is of high quality."}, {"ans": [true, true, 0.9], "reasoning": "The image clearly shows a motorcycle, which is the main object, so the answer to the first question is True. The speedometer is not visible in the image, as the view is from behind the motorcycle and the front of the bike is facing the camera, but the handlebars and the headlight are visible, and there's no clear view of the speedometer. Therefore, the answer to the second question is True, as the speedometer is not visible. The image quality is high, with clear details of the motorcycle and the surroundings, so the quality score is 0.9. The dust around the motorcycle and the slight haze in the background do not significantly detract from the overall quality."}, {"ans": [false, false, 0.9], "reasoning": "The image shows a traditional Chinese instrument, likely an Erhu, rather than a violin bow. The bow is not visible in the image. Therefore, the answer to Question 1 is False. Since the violin bow is not present, the concept of hair being missing or not visible does not apply, making Question 2's answer False as well. The image is clear and well-lit, with no visible artifacts or distortions that would significantly impact its quality, hence a quality score of 0.9."}, {"ans": [true, false, 0.95], "reasoning": "The image is clearly showing a birdcage with a bird inside it, so the answer to the first question is True. The birdcage has a perch inside it, where the bird is standing, so the answer to the second question is False because the perch is not missing or invisible. The image is of high quality, with clear details and no visible artifacts or distortions, so the quality score is 0.95. The slight deduction from 1 is due to the presence of some overexposure around the sun, but it does not significantly impact the overall clarity of the image."}, {"ans": [true, false, 1.0], "reasoning": "The image is showing a statue of a woman, and the head is clearly visible. The statue is made of white marble and is standing on a pedestal in front of some columns. The image is clear and well-lit, with no visible artifacts or distortions. Therefore, the answer to Question 1 is True, and the answer to Question 2 is False. The quality of the image is rated as 1.0, indicating that it is of high quality."}, {"ans": [true, false, 1.0], "reasoning": "The image clearly shows a teddy bear sitting on a bed. The teddy bear has a visible nose, so the nose is not missing. The image is clear and well-lit, with no visible artifacts or distortions that would affect the quality."}, {"ans": [true, false, 0.95], "reasoning": "The image clearly shows a pair of white sneakers hanging on a door. The sneakers are Converse brand, indicated by the logo on the side. The laces are present and visible, threaded through the eyelets. The image is well-lit and in focus, with no visible artifacts or distortions that would detract from its quality. The sneakers are the main object in the image, and they are depicted in a clear and detailed manner. Therefore, the answer to Question 1 is True. Since the laces are visible, the answer to Question 2 is False. The quality of the image is rated as 0.95 because it is sharp and clear, with no noticeable issues."}, {"ans": [true, false, 1.0], "reasoning": "The image clearly shows a refrigerator with its door open, displaying the interior. The door shelves are visible inside the refrigerator. The image is of high quality, with no visible artifacts, blurring, or unnatural colors. Therefore, the answer to the first question is True because the main object (the refrigerator) is present. The answer to the second question is False because the door shelves are visible. The quality of the image is rated 1.0 as it is clear and well-defined."}, {"ans": [true, false, 0.8], "reasoning": "The image shows a group of people sitting around a campfire, with flames visible in the center. The campfire is the main object in the image, and it is clearly visible. The flames are also visible, so they are not missing. The image is well-lit, and the details are clear, but there are some artifacts and unnatural lighting effects visible, which reduces the quality score to 0.8."}, {"ans": [true, false, 0.95], "reasoning": "The image clearly shows a drinking fountain with water flowing from it. The main object, the drinking fountain, is present and identifiable. The water is visible and flowing, so it is not missing. The image is sharp and well-lit, with no visible artifacts or distortions that would detract from its quality. The only minor deduction comes from the slight blurring in the background, but it does not affect the main subject."}, {"ans": [true, false, 0.95], "reasoning": "The image clearly shows a revolver with a visible trigger guard. The main object in the image is a revolver, so the answer to the first question is True. The trigger guard is present and visible, so the answer to the second question is False. The image is of high quality, with clear details and no visible artifacts or distortions, so the quality score is 0.95. The slight deduction from 1 is due to the presence of a hand in the foreground, which may be considered a minor distraction."}, {"ans": [true, false, 0.9], "reasoning": "The image is a detailed illustration of a compass rose, which is clearly visible in the center. The compass rose includes a north arrow, which is pointing towards the top of the image, indicating north. The image is well-drawn with intricate details and colors, suggesting a high level of craftsmanship. The surrounding map and decorative elements are also well-rendered, contributing to the overall quality of the image. However, the quality score is not perfect (0.9) because the image appears to be a scan or reproduction of an original artwork, showing slight signs of aging or wear, such as texture and minor discoloration."}, {"ans": [true, false, 1.0], "reasoning": "The image depicts a futuristic cityscape with numerous tall, sleek skyscrapers that are characteristic of science fiction. The buildings are highly reflective and have a metallic appearance, with many visible windows and illuminated accents. The presence of futuristic aircraft on the ground adds to the sci-fi theme. The image is clear and detailed, with no visible artifacts or distortions that would detract from its quality. Therefore, the answer to Question 1 is True because the image is showing skyscrapers. The answer to Question 2 is False because the windows are visible on the skyscrapers. The quality of the image is rated as 1 because it is clear, detailed, and free of noticeable artifacts or distortions."}, {"ans": [true, true, 0.9], "reasoning": "The image shows a conductor standing with his back to the camera, wearing a black suit and raising both hands. The presence of an orchestra in the background, with musicians playing various instruments, further supports the identification of the central figure as a conductor. The baton is not visible in the conductor's hands, suggesting it is either missing or not visible. The image is clear and well-focused, with no visible artifacts or distortions that would significantly impact its quality."}, {"ans": [true, true, 1.0], "reasoning": "The image depicts a soccer field with a visible goal area, indicated by the white lines and flags. However, the goalposts and crossbar are not visible, suggesting that they are either missing or not visible from the given perspective. The image is clear and well-defined, with no visible artifacts or distortions, hence the quality score is 1.0."}, {"ans": [true, false, 0.95], "reasoning": "The image is showing a microscope with lenses visible on it. The main object, the microscope, is present in the image. The lenses are also visible, attached to the microscope. The image is clear and well-lit, with no visible artifacts or distortions that would affect the quality. The quality score is 0.95 due to the slight blurring of the background, but the main object is clear and well-defined."}]