[{"ans": [true, true, 1.0], "reasoning": "The image is showing a sailboat. The main object, a sailboat, is present in the image. The sails are not visible as they are furled or wrapped around the mast. The image is clear and of high quality, with no visible artifacts or distortions."}, {"ans": [true, false, 0.9], "reasoning": "The image clearly shows a bicycle leaning against a brick wall. The bicycle is red and appears to be old and somewhat worn. The chain is visible and appears to be intact, although it is dirty and has some debris attached to it. The image is well-lit and in focus, with clear details of the bicycle and the background. The quality of the image is high, with no noticeable artifacts or distortions. Therefore, the answer to Question 1 is True because the image is showing a bicycle. The answer to Question 2 is False because the chain is visible and not missing. The quality score is 0.9 because the image is clear and well-lit, but there might be a slight decrease due to the presence of dirt and wear on the bicycle, which could be considered a minor degradation in quality."}, {"ans": [true, true, 1.0], "reasoning": "The image clearly shows a cat, satisfying the first question. Upon closer inspection, the whiskers appear to be missing or not visible, answering the second question. The image is sharp and clear, with no visible artifacts or distortions, thus the quality is rated as 1.0."}, {"ans": [true, true, 0.9], "reasoning": "The image shows a large stone structure with towers and a large opening that appears to be an entrance, which is characteristic of a castle. The gates are not visible in the image, suggesting they are either missing or not visible. The image is clear and well-defined, with no significant artifacts or distortions, hence a high quality score."}, {"ans": [true, false, 0.9], "reasoning": "The image clearly depicts a hot-air balloon with a visible basket. The main object, the hot-air balloon, is present, so the answer to the first question is True. The basket is also visible, so the answer to the second question is False. The image is of high quality with no visible artifacts or distortions that would affect the visibility of the main object or its components, so the quality score is 0.9. The slight decrease from 1 is due to a minor color gradient effect that might be considered unnatural by some viewers."}, {"ans": [true, false, 0.9], "reasoning": "The image clearly shows a turtle with a visible shell. The turtle is centered in the image, and its shell is partially submerged in water. The shell is visible and not missing. The image is of good quality, with clear details of the turtle and its surroundings. The only reason for a quality score less than 1 is the slight blurring caused by the water, but it does not significantly impact the visibility of the turtle or its shell."}, {"ans": [true, false, 0.95], "reasoning": "The image clearly shows a train, so the answer to the first question is True. The wheels of the train are visible, so the answer to the second question is False. The image is of high quality, with clear details and no visible artifacts or distortions, so the quality score is 0.95. The slight deduction from 1 is due to the presence of some shadows and reflections on the train's surface, but these do not significantly impact the overall clarity of the image."}, {"ans": [true, false, 0.9], "reasoning": "The image clearly shows a pair of eyeglasses with lenses. The lenses are visible and not missing. The image is sharp and well-lit, with clear details of the eyeglasses and their reflection on the surface below. The quality of the image is high, with no noticeable artifacts or blurring that would detract from the visibility of the main object, which is the eyeglasses. Therefore, the answer to the first question is True because the image is showing eyeglasses with lenses. The answer to the second question is False because the lenses are not missing or invisible; they are clearly visible. The quality score is 0.9 because the image is very clear and well-defined, with only minor potential deductions for the slight blurring in the background, but this does not affect the main subject."}, {"ans": [true, false, 0.8], "reasoning": "The image shows a disassembled fountain pen, with the nib visible on one of the parts. The main object, a fountain pen, is present in the image, albeit disassembled. Therefore, the answer to the first question is True. The nib is visible, so it is not missing or not visible, making the answer to the second question False. The image quality is good, with clear details of the pen parts, but it has some texture and rough edges, possibly due to the background or image processing, hence a quality score of 0.8."}, {"ans": [true, true, 0.9], "reasoning": "The image shows a damaged umbrella frame without a canopy, leaning against a wall next to a rusty chair. The main object is an umbrella frame, so the answer to the first question is True. The canopy is missing, so the answer to the second question is True. The image quality is good, with clear details of the objects, so the quality score is 0.9."}, {"ans": [true, false, 1.0], "reasoning": "The image is showing a large white airplane on a runway, which is the main object. The wings are clearly visible, so they are not missing or invisible. The image is of high quality with no visible artifacts, blurring, or other issues."}, {"ans": [true, true, 0.9], "reasoning": "The image shows a desk lamp with a gold-colored shade and base. The bulb is hanging down from the socket, indicating that it is not in its proper position, thus making it not visible as part of the lamp. The image is clear and well-lit, with no visible artifacts or distortions that would affect the quality. Therefore, the main object, a desk lamp, is present. The bulb is missing from its proper position, making it not visible."}, {"ans": [true, false, 0.95], "reasoning": "The image shows an electric guitar with a visible neck, body, and other distinct features such as pickups and knobs. The neck is clearly visible and attached to the body, so it is not missing. The image is clear and well-lit, with no visible artifacts or distortions that would significantly impact the quality. The only reason the quality is not rated as 1 is due to the slight shadowing and texture of the wall, which is not a major distraction but slightly affects the overall clarity."}, {"ans": [false, false, 0.9], "reasoning": "The image is showing a crystal sculpture of a fish. The main object is a fish, so the answer to the first question is True. The fins are visible on the crystal fish, so the answer to the second question is False. The image is clear and well-lit, with no visible artifacts or distortions, so the quality score is high, 0.9."}, {"ans": [true, false, 1.0], "reasoning": "The image clearly shows a cottage with a roof. The cottage is made of brick and has a chimney on top. The roof is visible and appears to be in good condition. The image is of high quality, with clear details and no visible artifacts or distortions."}, {"ans": [true, true, 0.8], "reasoning": "The image is showing a car, specifically a convertible with its top down. The windshield is not visible as it is a convertible and the top is down, so it is considered missing or not visible. The image quality is good, with clear details of the car's interior and exterior, but it has a slightly faded or aged look, hence the quality score of 0.8."}, {"ans": [true, true, 0.9], "reasoning": "The image shows a keyboard with a gap in the middle where the spacebar would typically be. The keyboard is illuminated with pink and white lights, and the keys are transparent. The image is clear and well-lit, with no visible artifacts or distortions. The quality of the image is high, with a score of 0.9. The main object in the image is a keyboard, so the answer to Question 1 is True. The spacebar is missing, so the answer to Question 2 is True."}, {"ans": [true, false, 0.9], "reasoning": "The image clearly shows an owl perched on a branch, with detailed feathers visible. The owl's features, including its eyes, beak, and feather patterns, are well-defined. The presence of feathers is evident, so the answer to the second question is False. The image quality is generally high, with clear details of the owl and its surroundings. However, there is some minor blurring around the edges of the moon, which slightly reduces the overall quality score to 0.9."}, {"ans": [true, false, 0.9], "reasoning": "The image is showing a book with a leather cover, and the pages are visible as the book is open. The main object in the image is indeed a book, so the answer to the first question is True. For the second question, the pages are visible, so they are not missing or not visible, making the answer False. The image quality is high with clear details of the objects, but there is a slight decrease in quality due to the sepia tone and slight blurring in the background, hence a quality score of 0.9."}, {"ans": [true, false, 0.9], "reasoning": "The image clearly shows a lighthouse, so the answer to the first question is True. The lamp is visible inside the lantern room at the top of the lighthouse, so the answer to the second question is False. The image is of high quality, with clear details of the lighthouse and its surroundings, although there is some fog and rain in the scene. The quality score is 0.9 because the image is slightly hazy due to the weather conditions, but it does not significantly impact the visibility of the main object."}, {"ans": [true, false, 1.0], "reasoning": "The image shows a beige armchair with visible legs, placed on a patterned rug in a room with a light-colored wall and a framed picture. The main object, an armchair, is present. The legs of the armchair are visible, indicating they are not missing. The image is clear and well-defined, with no visible artifacts or distortions, suggesting a high-quality image."}, {"ans": [true, true, 0.9], "reasoning": "The image clearly shows a deer standing in a forest. The deer appears to be a young or female deer as there are no visible antlers on its head. The image is well-lit, with the sun shining through the trees, and the deer's features are clearly visible. The overall quality of the image is high, with no noticeable artifacts or distortions. The antlers are not visible, which aligns with the observation that the deer is likely a young or female deer."}, {"ans": [true, false, 1.0], "reasoning": "The image clearly shows an envelope with its flap closed. The envelope is white and appears to be made of paper, positioned on a marble surface. The flap is visible and appears to be sealed, indicating that it is not missing. The image is clear and well-defined, with no visible artifacts or distortions that would affect the quality. Therefore, the quality of the image is rated as 1."}, {"ans": [true, true, 1.0], "reasoning": "The image is showing a wall clock. The clock face is white with black hands, and there are no numbers visible on the clock face. The image is clear and well-defined, with no visible artifacts, blurring, or other issues that would affect its quality. Therefore, the answer to Question 1 is True because the image is showing a wall clock. The answer to Question 2 is True because the numbers are not visible on the clock face. The quality of the image is rated as 1.0 because it is clear and well-defined, with no visible issues."}, {"ans": [true, false, 0.9], "reasoning": "The image depicts a person wearing a white space suit submerged in water. The space suit is clearly visible, indicating that the main object is present. The helmet is also visible, covering the person's head, so it is not missing or invisible. The image is clear and well-lit, with minor ripples in the water causing some distortion. The overall quality is high, with no significant artifacts or issues noted."}, {"ans": [true, false, 1.0], "reasoning": "The image clearly shows a windmill in a field of wheat. The windmill has visible blades, so they are not missing or invisible. The image is sharp and well-lit, with no visible artifacts or distortions, indicating high quality."}, {"ans": [true, true, 0.95], "reasoning": "The image clearly shows a large tree with bare branches, indicating that it is a tree without leaves. The main object, the tree, is present and visible. The leaves are missing or not visible on the main tree, as it is depicted without foliage. The image is of high quality, with clear details and no visible artifacts or distortions that would significantly impact the perception of the main object. The quality score is 0.95 because the image is sharp and well-defined, with natural colors and no noticeable issues."}, {"ans": [true, true, 0.7], "reasoning": "The image is showing a bus, which is the main object. The bus is clearly visible, and it is a school bus. The doors of the bus are not visible in the image, as the image is taken from the side and the front part of the bus is not fully visible. The image quality is good, with clear details of the bus, but there is some yellow tint and slight artifacts around the edges, which reduces the quality score to 0.7."}, {"ans": [true, true, 1.0], "reasoning": "The image shows a laptop with its screen open but the screen is blank and not displaying anything, making it not visible. The laptop is clearly visible on a table, and there are no visible artifacts, blurring, or other issues that would decrease the quality score."}, {"ans": [true, true, 1.0], "reasoning": "The image shows a trumpet without a mouthpiece. The main object, a trumpet, is clearly visible, so the answer to the first question is True. The mouthpiece is not visible, so the answer to the second question is True. The image is clear and well-lit, with no visible artifacts or distortions, so the quality score is 1.0."}, {"ans": [true, false, 1.0], "reasoning": "The image clearly shows a robot in a laboratory setting. The robot is visible and has a head, so the answer to the first question is True. Since the head is visible, the answer to the second question is False. The image is of high quality, with clear details and no visible artifacts or distortions, so the quality score is 1.0."}, {"ans": [true, true, 0.9], "reasoning": "The image shows a candle on a silver platter. The candle is white and appears to be made of wax. The wick is not visible in the image. The image is clear and well-lit, with no visible artifacts or distortions. The quality of the image is high, with a score of 0.9 out of 1. The main object, the candle, is present, so the answer to Question 1 is True. The wick is not visible, so the answer to Question 2 is True."}, {"ans": [true, false, 0.9], "reasoning": "The image is showing a pizza with cheese, tomato sauce, and basil leaves. The cheese is visible and not missing. The image is clear and well-defined, with no visible artifacts or distortions that would affect the quality. However, there is a slight texture and grain visible, which reduces the quality score to 0.9."}, {"ans": [true, true, 0.9], "reasoning": "The image shows a DSLR camera body without a lens attached. The camera is visible and appears to be on a shelf. The lens is missing, as indicated by the exposed lens mount. The image quality is high, with clear details of the camera and its surroundings. The sepia tone does not detract from the overall clarity."}, {"ans": [true, false, 0.9], "reasoning": "The image clearly shows a grand piano on a stage in a large auditorium. The piano is visible and appears to be in good condition. The keys of the piano are visible, indicating that they are not missing. The image is well-lit and clear, with no visible artifacts or distortions that would affect the quality. The overall quality of the image is high, with a score of 0.9 out of 1. The slight decrease in quality is due to a minor warm color tone that is noticeable but does not significantly impact the overall clarity of the image."}, {"ans": [true, true, 0.9], "reasoning": "The image is showing a paintbrush, but the bristles are not visible as they are likely submerged in the paint on the palette. The handle and metal ferrule of the brush are clearly visible, indicating the presence of a paintbrush. The image is of high quality with clear details and no visible artifacts or distortions, hence the quality score is 0.9."}, {"ans": [true, true, 0.95], "reasoning": "The image is showing a watch without a strap, as the strap is not visible on either side of the watch. The watch is clearly visible on a granite countertop, and the image is sharp and clear. The quality of the image is high, with no visible artifacts or blurring. The watch face is slightly reflective, but this does not detract from the overall quality of the image."}, {"ans": [true, true, 0.9], "reasoning": "The image shows a patient in a dentist's chair with their mouth open, revealing their teeth and the inside of their mouth. The tongue is not visible, likely because it is pressed down or out of view due to the open mouth and the presence of dental equipment. The image is clear and well-lit, with no visible artifacts or distortions that would affect the quality. Therefore, the answer to Question 1 is True because the image is showing a mouth. The answer to Question 2 is True because the tongue is not visible. The quality of the image is rated 0.9, as it is clear and well-lit, with only minor considerations for the protective gear and equipment that could slightly obscure some details."}, {"ans": [true, false, 0.9], "reasoning": "The image clearly shows a motorcycle with handlebars, answering the first question as True. The handlebars are visible, so the second question is answered as False. The image quality is high, with clear details and vibrant colors, but the neon lights and reflections might slightly affect the clarity, hence a quality score of 0.9."}, {"ans": [true, false, 0.95], "reasoning": "The image clearly shows an old television set with a visible screen, although the screen appears to be damaged or dirty. The presence of the screen answers the first question affirmatively. For the second question, the screen is visible, so it is not considered missing or not visible. The image quality is high, with clear details of the television and its surroundings. The slight decrease in quality score is due to the condition of the screen and the overall aesthetic of the image, which might be considered slightly aged or worn, but not to the extent of impairing the visibility of the main object."}, {"ans": [true, true, 0.9], "reasoning": "The image is showing a white goat-like animal standing on a rocky cliff. The animal appears to be a young goat or kid, and it is facing to the left. The image is clear and well-focused, with good lighting. The main object (the goat) is present in the image. The horns are not visible, likely because the animal is young and has not yet developed horns. The image quality is high, with no visible artifacts or distortions."}, {"ans": [true, false, 0.9], "reasoning": "The image shows a red sneaker with laces on a bench in front of lockers. The sneaker is clearly visible and appears to be in a worn condition. The laces are present and visible, threaded through the eyelets. The image is sharp and well-lit, with no significant artifacts or distortions that would affect the visibility of the sneaker or its laces. Therefore, the answer to Question 1 is True because the image is showing a sneaker. The answer to Question 2 is False because the laces are not missing or invisible; they are clearly visible. The quality of the image is rated 0.9 because it is clear and well-focused, with only minor signs of wear or dirt on the sneaker and the surrounding area, which does not significantly impact the overall quality."}, {"ans": [true, false, 0.9], "reasoning": "The image clearly shows a green frog sitting on a leaf in water, with its eyes visible. The presence of the frog confirms the first question as true. Since the eyes are visible, the second question is answered as false. The image is sharp and clear, with natural colors, but there are some water droplets on the leaf that could slightly affect the quality. However, the main subject is well-defined, so the quality score is high."}, {"ans": [true, false, 1.0], "reasoning": "The image shows a cup with a handle, which is a mug. The handle is visible, so it is not missing. The image is clear and of high quality, with no visible artifacts or distortions."}, {"ans": [true, false, 0.8], "reasoning": "The image is showing a saxophone with its keys visible. The keys are not missing or not visible, they are clearly seen in the image. The image is of high quality, with clear details of the saxophone, but there is a slight yellowish tint due to the lighting, which reduces the quality score slightly."}, {"ans": [true, true, 0.9], "reasoning": "The image clearly shows a skateboard lying on a brick surface. The skateboard is visible and identifiable, answering the first question as True. Upon closer inspection, it's evident that the wheels are not visible, as only the trucks are attached to the board, indicating that the wheels are missing. Thus, the second question is also True. The image quality is generally high, with clear details of the skateboard and the brick surface. However, there are slight signs of noise or grain, which slightly reduces the quality score to 0.9."}, {"ans": [true, false, 0.95], "reasoning": "The image shows a fedora hat on a stand. The hat is clearly visible and appears to be a fedora, so the answer to the first question is True. The brim of the hat is visible, so the answer to the second question is False. The image is of high quality, with clear details and no visible artifacts or distortions, so the quality score is 0.95. The slight decrease from 1 is due to the subtle texture of the background that might be considered a minor artifact."}, {"ans": [true, false, 0.95], "reasoning": "The image clearly shows a motorcycle helmet on a workbench, with various tools scattered around it. The helmet is black and has a visor that is currently lifted up. The visor is visible and not missing. The image is well-lit and in focus, with clear details of the helmet and the surrounding environment. The quality of the image is high, with no noticeable artifacts or distortions. Therefore, the answer to Question 1 is True, as the image is showing a motorcycle helmet. The answer to Question 2 is False, as the visor is not missing or not visible; it is simply lifted up."}, {"ans": [true, true, 1.0], "reasoning": "The image clearly shows a bedframe without a mattress. The bedframe is ornate and made of wood, with intricate carvings on the headboard and footboard. The mattress is not visible, indicating it is either missing or not present. The image is of high quality, with clear details and no visible artifacts or distortions."}, {"ans": [true, false, 1.0], "reasoning": "The image is showing a tall brick tower with a clock face at the top, which is a clock tower. The clock face is visible, so it is not missing. The image is clear and well-defined, with no visible artifacts or distortions. Therefore, the quality of the image is high."}, {"ans": [true, false, 0.9], "reasoning": "The image shows a pocket watch with its back cover removed, revealing the inner mechanism. The hands of the watch are visible, so the answer to the second question is False. The image is of high quality, with clear details and no visible artifacts or distortions, so the quality score is 0.9. The slight reduction in quality score is due to the presence of some minor reflections on the watch and fabric."}, {"ans": [true, false, 1.0], "reasoning": "The image clearly shows a bicycle leaning against a stone wall. The bicycle is red with white lettering and has visible pedals, indicating that the pedals are not missing. The image is sharp and well-lit, with no visible artifacts or distortions that would affect the quality. Therefore, the answer to Question 1 is True because the image is showing a bicycle. The answer to Question 2 is False because the pedals are visible. The quality of the image is rated 1 because it is clear and well-defined, with no noticeable issues."}, {"ans": [true, false, 0.8], "reasoning": "The image is a photograph of a painting depicting a woman in a black and white dress. The woman's face is visible, and her eyes are clearly painted, so they are not missing or invisible. The image is of high quality, with clear details, though there is some visible brushwork and texture from the painting, which slightly affects the overall clarity."}, {"ans": [true, false, 0.9], "reasoning": "The image clearly shows a grand piano on a stage, with its lid open and interior visible. The hammers are visible inside the piano, indicating that they are not missing. The image is well-lit, with spotlights shining down on the piano, and the overall quality is high. However, there is some lens flare visible around the lights, which slightly reduces the quality score to 0.9."}, {"ans": [true, true, 0.9], "reasoning": "The image depicts a sailing ship, specifically a large wooden vessel with three masts and rigging, floating on calm waters. The ship is the main focus of the image, and it is clearly visible. Upon closer inspection, it is evident that the sails are not present or visible on the ship. The image is of high quality, with clear details and no visible artifacts or distortions. The overall condition of the image is good, with a clear and sharp representation of the ship and its surroundings."}, {"ans": [true, false, 1.0], "reasoning": "The image shows a large, ancient tree with sprawling branches and a thick trunk, characteristic of an oak tree. The tree has leaves, so they are not missing. The image is clear and well-defined, with no visible artifacts or distortions that would affect its quality."}, {"ans": [true, false, 0.95], "reasoning": "The image depicts a cottage with a stone exterior and a roof covered in vines. The door is visible and appears to be open. The image is clear and well-defined, with no visible artifacts or distortions. The quality of the image is high, with a score of 0.95 out of 1. The main object, the cottage, is present in the image. The door is visible, so it is not missing or not visible."}, {"ans": [true, false, 1.0], "reasoning": "The image is clearly showing a passenger jet on a tarmac. The wings of the jet are visible, so they are not missing or invisible. The image is of high quality with no visible artifacts, blurring, or other issues that would detract from its clarity."}, {"ans": [true, true, 0.95], "reasoning": "The image is showing a wristwatch with a gray face and black straps. The watch face does not have any visible numbers. The image is clear and well-lit, with no visible artifacts or distortions. The watch is centered on a beige leather surface, which is placed on a gray background. The overall quality of the image is high, with a score of 0.95. The watch is clearly visible, and the details are well-defined."}, {"ans": [true, false, 0.9], "reasoning": "The image is showing a pizza with a red sauce base, topped with basil leaves and what appears to be grated cheese or parmesan. The crust is visible and has a cooked appearance. The presence of the pizza is clear, so the answer to the first question is True. For the second question, the cheese is visible as a white sprinkled topping, so it is not missing or invisible, making the answer False. The image quality is high with clear details of the pizza and its toppings, but it has a slightly vintage or filtered look which might slightly reduce its quality score. However, it does not significantly impact the visibility of the main object or the key elements, hence a quality score of 0.9."}, {"ans": [true, false, 0.9], "reasoning": "The image clearly shows traffic signals. The traffic signals on the right have visible lights, specifically a red light. The traffic signals on the left also have visible lights, including a red hand symbol indicating 'do not walk'. Therefore, the lights are not missing or invisible from the traffic signals. The image quality is high, with clear details of the traffic signals and the surrounding environment, though there is some lens flare from the sun."}, {"ans": [true, false, 0.8], "reasoning": "The image clearly shows a skateboard with a colorful deck and wheels. The skateboard is lying on a concrete surface, and the wheels are visible on both ends. The presence of the wheels indicates that they are not missing. However, the image does have some quality issues, such as speckles and dots on the surface, which might be due to the image processing or the surface itself. Despite these imperfections, the main object (the skateboard) is clearly visible, and the overall quality is still relatively good."}, {"ans": [true, true, 0.9], "reasoning": "The image shows a chessboard with pieces on it. The chessboard is visible and appears to be the main object in the image. The black pieces are not visible as they are not present on the board, indicating they are missing. The image is clear and well-lit, with no noticeable artifacts or distortions that would affect the quality. The quality score is 0.9 because the image is clear and well-defined, with no significant issues."}, {"ans": [true, true, 0.9], "reasoning": "The image shows a red sports car in a showroom. The car is a convertible with its top down, and it is facing to the left. The image is clear and well-lit, showing the car's sleek design and shiny surface. The brakes are not visible as the image does not show the front or rear wheels' braking components clearly. The quality of the image is high, with no visible artifacts or blurring. The only reason for a quality score less than 1 is the slight reflection and lighting effects on the car's surface, which could be considered minor artifacts."}, {"ans": [true, true, 1.0], "reasoning": "The image shows a large, open book on a wooden table. The pages are blank and do not contain any visible text. The main object in the image is indeed a book, so the answer to the first question is True. Since the text is not visible on the pages, the answer to the second question is also True. The image is clear and well-lit, with no visible artifacts or distortions, so the quality score is 1.0."}, {"ans": [true, false, 1.0], "reasoning": "The image clearly shows a computer tower with visible internal components, including fans. The main object, the computer tower, is present and clearly visible. The fans are also visible, indicating that they are not missing. The image is of high quality, with clear details and no visible artifacts or distortions."}, {"ans": [true, true, 0.9], "reasoning": "The image shows a scarecrow in a field. The scarecrow is made of straw and is wearing a hat and a plaid shirt. The scarecrow appears to be attached to a wooden post. The image is clear and well-lit, with no visible artifacts or distortions. The scarecrow's body is made of straw, and it does not have visible arms. Therefore, the answer to Question 1 is True because the image is showing a scarecrow. The answer to Question 2 is True because the arms are not visible. The quality of the image is rated 0.9 because it is clear and well-lit, but there is a slight decrease due to the unnatural color tone."}, {"ans": [true, true, 0.7], "reasoning": "The image depicts a knight in armor, which directly answers Question 1. The knight is shown without a visible sword, addressing Question 2. The image quality is somewhat diminished due to visible brush strokes and painting texture, but it is still clear enough to identify the main subject and the absence of a sword."}, {"ans": [true, false, 1.0], "reasoning": "The image is showing a teapot with a floral design on it. The teapot has a handle, spout, and lid, and is placed on a bamboo tray. The handle is visible on the right side of the teapot. The image is clear and well-lit, with no visible artifacts or distortions. Therefore, the answer to Question 1 is True, as the image is showing a teapot. The answer to Question 2 is False, as the handle is visible. The quality of the image is rated as 1.0, as it is clear and well-defined."}, {"ans": [true, false, 0.9], "reasoning": "The image clearly shows a basketball hoop with a net. The basketball is going through the hoop, and the net is visible and intact. The image is clear and well-defined, with no visible artifacts or distortions that would affect the quality. The only reason for a quality score less than 1 is the slight presence of ice or frost on the protective cover over the hoop, but it does not significantly impact the visibility of the main object."}, {"ans": [true, false, 0.95], "reasoning": "The image shows a dining table set with plates, cutlery, and glasses. The main object, the dining table, is present. The glasses are visible on the table, so they are not missing. The image is clear and well-lit, with no visible artifacts or distortions that would affect its quality. The quality score is high because the image is sharp and detailed."}, {"ans": [true, false, 0.8], "reasoning": "The image clearly shows a vintage typewriter with a sheet of paper in it, indicating that it is indeed a typewriter. The ribbon is visible and appears to be intact, although it is somewhat obscured by the camera angle and the condition of the typewriter. The image is not perfectly sharp, with some visible artifacts and a slightly grainy texture, which reduces its quality score to 0.8. However, the main object (the typewriter) is clearly identifiable, and the ribbon is partially visible, so the answer to the second question is False."}, {"ans": [true, true, 0.9], "reasoning": "The image shows a white winter jacket hanging on a rack. The jacket appears to be a puffy, insulated design with a fur-lined hood. It is fastened with buttons down the front. There is no visible zipper on the jacket, suggesting that it either does not have a zipper or the zipper is not visible. The image is clear and well-lit, with no significant artifacts or distortions that would affect the visibility of the jacket or its features. The quality of the image is high, with a score of 0.9 out of 1.0."}, {"ans": [true, false, 0.9], "reasoning": "The image is showing a sunflower. The seeds are visible on the sunflower, they are embedded in the dark yellow part of the flower. The image is clear and well-lit, with a slight lens flare effect from the sun. The quality is high, but the lens flare slightly reduces the quality score to 0.9."}, {"ans": [true, false, 0.9], "reasoning": "The image clearly shows an elephant walking on a dirt path, with its trunk visible and intact. The main object, the elephant, is present in the image. The trunk is not missing; it is clearly visible, hanging down from the elephant's face. The image is of good quality, with clear details of the elephant and its surroundings. There are no significant artifacts, blurring, or other issues that would decrease the quality score. The score is slightly less than 1 due to a minor unnatural color tone."}, {"ans": [true, true, 0.9], "reasoning": "The image shows a rowboat on a lake, with the bow facing away from the viewer. The boat is white with red seats and has ropes attached to it. There are no oars visible in the boat or around it. The image is clear and well-defined, with no noticeable artifacts or distortions. The quality of the image is high, with a score of 0.9 out of 1. The main object, the rowboat, is clearly visible, and the absence of oars is evident. Therefore, the answer to Question 1 is True, and the answer to Question 2 is also True."}, {"ans": [true, false, 1.0], "reasoning": "The image clearly shows a snowman with a hat, scarf, and buttons, standing in a snowy backyard. The snowman is the main object and is fully visible. The buttons on the snowman are also visible, indicating that they are not missing. The image is of high quality, with no visible artifacts, blurring, or other issues that would affect the quality score. Therefore, the answer to Question 1 is True, the answer to Question 2 is False, and the quality score is 1."}, {"ans": [true, false, 0.95], "reasoning": "The image shows a fountain pen with a clear ink reservoir, and the ink is visible within it. The pen is placed on an open notebook with some ink droplets on the page, indicating that the pen is likely filled with ink. The image is clear and well-lit, with no visible artifacts or distortions that would affect the quality. Therefore, the answer to Question 1 is True, as the image is showing a fountain pen. The answer to Question 2 is False, as the ink is visible in the pen's reservoir. The quality of the image is rated 0.95, as it is very clear and well-focused, with only a slight potential for minor improvements in lighting or composition."}, {"ans": [true, true, 1.0], "reasoning": "The image shows a paintbrush with a wooden handle and a metal ferrule, but the bristles are not visible as they are likely covered in paint and possibly stuck to the palette. The presence of the paintbrush is evident, so the answer to the first question is True. The bristles are not visible, so the answer to the second question is True. The image is clear and well-lit, with no visible artifacts or distortions, so the quality score is 1.0."}, {"ans": [true, true, 0.95], "reasoning": "The image shows a pair of eyeglasses with gold frames and clear lenses on top of torn newspaper pieces. The temples of the eyeglasses are not visible as they are folded back or possibly missing. The image is clear and well-lit, with no visible artifacts or distortions that would affect the quality. The quality score is 0.95 out of 1, indicating a high-quality image."}, {"ans": [true, true, 0.9], "reasoning": "The image is showing a person holding an umbrella on a rainy street. The umbrella is black and appears to be made of a waterproof material. The ribs of the umbrella are not visible from the given angle, as the image is taken from behind the person, and the umbrella is positioned above their head. The image quality is generally good, with clear details of the person and the surrounding environment. However, there is a slight blur effect due to the rain, which slightly reduces the overall quality. Therefore, the answer to the first question is True, as the image is showing an umbrella. The answer to the second question is also True, as the ribs are not visible from the given angle. The quality of the image is rated 0.9, as it is clear and well-defined, with only a minor reduction in quality due to the rain."}, {"ans": [true, false, 0.9], "reasoning": "The image shows a wristwatch with a visible face and hour markers around the edge of the inner circle, indicating that it is a wristwatch. The hour markers are present and visible, so they are not missing. The image is of high quality, with clear details of the watch's mechanism, but there are some minor reflections and glare on the glass dome that covers the watch, which slightly reduces the quality score to 0.9."}, {"ans": [true, false, 0.9], "reasoning": "The image clearly shows a camping tent set up in a grassy area. The tent is fully visible and appears to be intact with its poles in place, holding the structure upright. The poles are visible as they are supporting the tent fabric. The image is clear and well-lit, with no noticeable artifacts or distortions that would detract from its quality. The only reason for not giving it a perfect score is the slight unevenness in lighting and some minor grass details being slightly out of focus, but these do not significantly impact the overall clarity of the main subject, the tent."}, {"ans": [true, true, 0.9], "reasoning": "The image is showing a cuckoo clock, which is the main object. The clock is intricately carved with various forest elements and animals. The weights are not visible in the image, suggesting they are either missing or not visible from the current viewpoint. The image is of high quality, with clear details and no noticeable artifacts or distortions, hence the quality score is 0.9."}, {"ans": [true, true, 0.8], "reasoning": "The image is showing a smartphone standing upright on a table, with its screen reflecting an image of a person. The phone's front side is visible, and there is no visible speaker grille on the front. The image is clear and well-lit, but there are some minor reflections and blurriness in the background. The quality of the image is generally good, with some minor issues. The main object, the smartphone, is clearly visible, and the reflection on its screen is also clear. However, the background is slightly blurry, which reduces the overall quality score to 0.8."}, {"ans": [true, false, 0.8], "reasoning": "The image clearly shows a motorcycle, so the answer to the first question is True. The speedometer is visible on the motorcycle's handlebar, so the answer to the second question is False. The image quality is slightly degraded due to the dusty atmosphere and sepia tone, but the main elements of the motorcycle are still clearly visible, hence a quality score of 0.8."}, {"ans": [true, true, 0.9], "reasoning": "The image shows a violin bow, and the hair is not visible, indicating it is either missing or not visible. The image is clear and well-lit, with no visible artifacts or distortions that would affect the quality score."}, {"ans": [true, false, 0.9], "reasoning": "The image depicts a large, ornate birdcage hanging from a porch ceiling. The birdcage is the main object in the image and is clearly visible. Inside the birdcage, a small swing is visible, but there is no perch. However, the presence or absence of a perch does not affect the visibility of the birdcage itself. Therefore, the answer to Question 1 is True. For Question 2, the perch is not visible, but upon closer inspection, it is clear that there is no perch inside the birdcage. Hence, the answer to Question 2 is False. The image quality is high, with clear details and no significant artifacts or distortions. The only reason for not giving it a perfect score is the slight glow and softness around the birdcage due to the lighting, but it does not significantly impact the visibility of the main object."}, {"ans": [true, false, 0.9], "reasoning": "The image depicts a statue of a woman, indicating that the main object is indeed a statue. The statue has a head, which is visible, so the head is not missing. The image is clear and well-defined, showing intricate details of the statue and its surroundings. The quality of the image is high, with no noticeable artifacts, blurring, or other issues that would detract from its clarity. Therefore, the quality score is 0.9, deducting 0.1 for the slight shading and lighting effects that could be considered minor issues."}, {"ans": [true, false, 0.95], "reasoning": "The image shows a teddy bear sitting on a bed, and the teddy bear has a nose. The nose is clearly visible, so it is not missing. The image is of high quality with no visible artifacts or distortions that would affect the visibility of the teddy bear or its features."}, {"ans": [true, false, 0.95], "reasoning": "The image clearly shows a pair of white sneakers with laces. The main object, sneakers, is present in the image. The laces are visible and not missing. The image is of high quality with no noticeable artifacts or blurring. The slight decrease in quality score is due to the presence of dirt and stains on the sneakers, but this does not significantly impact the overall clarity of the image."}, {"ans": [true, false, 0.95], "reasoning": "The image clearly shows a refrigerator with its door open, revealing the interior. The door shelves are visible on the right side of the door. The image is well-lit and clear, with no visible artifacts or distortions that would affect the quality. The main object, the refrigerator, is present and easily identifiable. The door shelves are also visible, indicating they are not missing. The quality of the image is high, with a score of 0.95, as it is clear and well-defined, with no noticeable issues."}, {"ans": [true, false, 0.8], "reasoning": "The image depicts a group of young women gathered around a campfire, which is the main object in the scene. The campfire is present and visible, surrounded by stones and with visible flames. Therefore, the answer to the first question is True. For the second question, since the flames are visible, the answer is False. The image quality is rated 0.8 because it is a clear and well-lit image, although it has a slightly unnatural color tone due to the lighting effects."}, {"ans": [true, false, 1.0], "reasoning": "The image clearly shows a drinking fountain, which is the main object. The drinking fountain is in good condition and appears to be functioning as water is seen dripping from it, indicating that water is present and visible. The image is sharp and clear, with no visible artifacts or distortions that would affect its quality."}, {"ans": [true, false, 0.98], "reasoning": "The image clearly shows a revolver with a visible trigger guard. The revolver is positioned on a green felt surface, and a hand is placed below it for scale. The trigger guard is present and visible, encircling the trigger. The image is of high quality with clear details and no visible artifacts or distortions that would affect the assessment of the revolver or its components."}, {"ans": [true, false, 0.9], "reasoning": "The image is a detailed illustration of a compass rose, which is clearly visible in the center. The compass rose includes a north arrow, indicating the direction. The image is of high quality, with intricate details and no visible artifacts or distortions that would affect the visibility of the main object. The quality score is 0.9 due to the slight aging effect and texture of the map background, but this does not significantly impact the clarity of the compass rose."}, {"ans": [true, false, 0.9], "reasoning": "The image depicts a futuristic cityscape with tall, sleek skyscrapers that are characteristic of the described subject matter. The skyscrapers are prominently featured and appear to be the main focus of the image. Upon closer inspection, the windows on the skyscrapers are visible, indicating that they are not missing or invisible. The image is of high quality, with clear details and vibrant colors. However, the quality score is not 1 due to the slightly unnatural color palette and the futuristic, rendered nature of the image, which may introduce some minor artifacts."}, {"ans": [true, true, 0.95], "reasoning": "The image shows a conductor standing in front of an orchestra, with his back to the camera. He is wearing a black tuxedo and has his arms raised. The conductor's right hand is holding something, but it is not clear if it is a baton. The image is well-lit and in focus, with a clear view of the conductor and the orchestra. The quality of the image is high, with no visible artifacts or distortions. Therefore, the answer to Question 1 is True, as the image is showing a conductor. The answer to Question 2 is True, as the baton is not visible or is missing from the conductor's hand. The quality score is 0.95, indicating a high-quality image."}, {"ans": [true, false, 0.9], "reasoning": "The image is showing a soccer field with a soccer goal at the top center. The goal appears to be complete with a crossbar, as indicated by the white structure connecting the two vertical goalposts. Therefore, for Question 1, the answer is True because the image is showing a soccer goal. For Question 2, the answer is False because the crossbar is visible and not missing. The image quality is rated 0.9 because it is clear and well-lit, with no visible artifacts or distortions that would significantly impact the visibility of the main objects."}, {"ans": [true, false, 0.7], "reasoning": "The image shows a microscope with lenses visible. The main object is a microscope, so the answer to the first question is True. The lenses are visible on the microscope, so the answer to the second question is False. The image quality is reduced due to blurring and double vision effects, likely caused by motion or camera settings, hence the quality score is 0.7."}]