[{"ans": [true, false, 1.0], "reasoning": "The image is showing a sailboat, which is the main object. The sail is partially visible, so it is not missing. The image is clear and of high quality, with no visible artifacts or distortions."}, {"ans": [true, true, 0.95], "reasoning": "The image shows a bicycle, which is the main object. The bicycle appears to be red and is leaning against a wall. Upon closer inspection, it is clear that the chain is not visible, likely because it is missing. The image is clear and well-defined, with no visible artifacts or distortions that would affect the quality. Therefore, the quality of the image is rated as 0.95."}, {"ans": [true, true, 0.9], "reasoning": "The image is showing a cat, which is the main object. The cat appears to be a statue or rendering rather than a real cat, as it has a smooth, uniform texture and lacks the typical fur details. The whiskers are not visible, which aligns with the possibility that it is a statue or a digitally created image without whiskers. The image quality is generally high, with clear details and no visible artifacts or distortions that would significantly impact the perception of the main object. However, the quality score is not 1 due to the slightly unnatural appearance of the cat, suggesting it might be a rendering or digitally altered image. The lack of whiskers is not considered a factor in reducing the quality score as per the instructions."}, {"ans": [true, true, 0.95], "reasoning": "The image depicts a structure that resembles a castle or a fortified building with two towers and an archway. The presence of towers and a stone construction suggests it is a castle. Therefore, the answer to Question 1 is True. For Question 2, the gates are not visible; there is only an archway without gates. Hence, the answer to Question 2 is True. The image is clear and well-defined, with no visible artifacts or distortions that would significantly impact its quality. Thus, the quality score is 0.95."}, {"ans": [true, false, 1.0], "reasoning": "The image clearly depicts a hot-air balloon in the sky above a field, with the balloon's envelope and basket visible. The presence of the basket indicates that it is not missing. The image is of high quality, with clear details and no visible artifacts or distortions."}, {"ans": [true, true, 0.9], "reasoning": "The image is showing a turtle without a shell on a sandy beach with waves washing over it. The turtle's shell is not visible, indicating it is either missing or not visible. The image is clear and well-lit, with no visible artifacts or distortions that would affect its quality. The main object, the turtle, is clearly identifiable."}, {"ans": [true, true, 0.95], "reasoning": "The image clearly shows a train at a station. The train is silver and has its headlights on, indicating it is ready to depart or has just arrived. The wheels of the train are not visible as they are obscured by the platform. The image is sharp and well-lit, with no noticeable artifacts or distortions. The quality of the image is high, with a score of 0.95. For question 1, the image is showing a train, so the answer is True. For question 2, the wheels are not visible, so the answer is True."}, {"ans": [true, false, 1.0], "reasoning": "The image clearly shows a pair of eyeglasses with lenses. The lenses are visible and not missing. The image is sharp and well-lit, with no visible artifacts or distortions that would affect the quality. Therefore, the quality is rated as 1."}, {"ans": [true, false, 1.0], "reasoning": "The image clearly shows two parts of a fountain pen, one with the nib visible and the other with the nib partially visible but not obscured. The presence of the nib on both parts confirms that the main object is indeed a fountain pen. Since the nibs are visible on both parts, the nib is not missing or invisible. The image is of high quality with clear details and no visible artifacts or distortions."}, {"ans": [true, true, 1.0], "reasoning": "The image depicts an umbrella without a canopy, standing next to a chair. The umbrella's frame is visible, and its shadow is cast on the wall behind it. The canopy is missing, as evidenced by the absence of fabric or any other material covering the frame. The image is clear and well-lit, with no visible artifacts or distortions that would affect its quality. Therefore, the answer to Question 1 is True, as the image is showing an umbrella. The answer to Question 2 is also True, as the canopy is missing. The quality of the image is rated as 1.0, indicating that it is of high quality."}, {"ans": [false, true, 1.0], "reasoning": "The image shows a landscape with a runway and a cloudy sky. There is no visible airplane in the image, so the answer to the first question is False. Since there is no airplane, the wings are also not visible, making the answer to the second question True. The image is clear and of high quality, with no visible artifacts or distortions, so the quality score is 1.0."}, {"ans": [true, true, 1.0], "reasoning": "The image clearly shows a desk lamp on a table with an open book in front of it. The lamp is the main object and is identifiable as a desk lamp, so the answer to the first question is True. Upon closer inspection, it's evident that the bulb is not visible inside the lamp shade, indicating it is either missing or not visible, so the answer to the second question is True. The image is of high quality, with clear details and no visible artifacts or distortions, so the quality score is 1.0."}, {"ans": [true, false, 0.9], "reasoning": "The image shows an electric guitar with a visible neck, so the main object is present. The neck is clearly visible and not missing. The image quality is high, with clear details and no significant artifacts or distortions, but the slight vignetting around the edges reduces the quality score slightly from 1 to 0.9."}, {"ans": [true, false, 0.9], "reasoning": "The image is showing a fish, which is the main object. The fish has fins, which are visible, so the fins are not missing. The image is of high quality, with clear details and no visible artifacts or distortions. The only reason for not giving it a perfect score is the slight unnaturalness in the representation of the water and the fish, but it does not significantly impact the overall quality."}, {"ans": [true, false, 1.0], "reasoning": "The image clearly shows a small brick cottage with a roof, situated in a field. The cottage is the main object in the image and is fully visible. The roof is present and visible, covering the cottage. The image is of high quality, with clear details and no visible artifacts or distortions."}, {"ans": [true, false, 1.0], "reasoning": "The image is showing the interior of a car, with a steering wheel, dashboard, and other components visible. The windshield is present and visible, as indicated by the reflection on the dashboard and the presence of windshield wipers. The image is clear and well-lit, with no visible artifacts or distortions. Therefore, the answer to Question 1 is True, and the answer to Question 2 is False. The quality of the image is rated as 1, indicating that it is of high quality."}, {"ans": [true, false, 1.0], "reasoning": "The image is showing a keyboard with a visible spacebar. The spacebar is clearly visible and not missing. The image quality is high with no visible artifacts or blurring."}, {"ans": [true, true, 0.9], "reasoning": "The image depicts a creature that resembles an owl, characterized by its large eyes and ears, sitting on a tree branch under a full moon. However, the creature appears to be without feathers, having a smooth, possibly clay-like or skin-like texture. The image is clear and detailed, with a realistic background that includes clouds and a moon. The quality of the image is high, with no noticeable artifacts or distortions that would detract from its clarity. Therefore, the answer to Question 1 is True because the image does show an owl-like creature. The answer to Question 2 is also True because the feathers are not visible; the creature's body is smooth and lacks the appearance of feathers. The quality score is 0.9, indicating a high-quality image with only minor deductions for the somewhat unnatural texture of the owl's body, which might be considered slightly unnatural or stylized."}, {"ans": [true, false, 0.95], "reasoning": "The image shows a leather-bound book with a blank cover on a wooden table. The book is the main object in the image, and it is clearly visible. The pages are not visible because the book is closed, but it is still considered a book. Therefore, the answer to Question 1 is True. For Question 2, the pages are not missing; they are just not visible because the book is closed. Hence, the answer is False. The image quality is high, with clear details and no visible artifacts or distortions, so the quality score is 0.95."}, {"ans": [true, false, 1.0], "reasoning": "The image clearly depicts a lighthouse, which is the main object in question. The lighthouse is white with a black railing around the top and a glass-enclosed lantern room, indicating that it is a lighthouse. The lamp is visible inside the lantern room, so it is not missing or invisible. The image is of high quality with no visible artifacts, blurring, or other issues that would detract from its clarity."}, {"ans": [true, true, 1.0], "reasoning": "The image shows a round, cushioned armchair with a light beige fabric, sitting on a patterned rug against a white wall. The chair is the main object and is clearly visible. The legs of the chair are not visible, suggesting they are either missing or not visible due to the design or the angle of the image. The image is clear and well-lit, with no visible artifacts, blurring, or other issues that would detract from its quality."}, {"ans": [false, false, 0.9], "reasoning": "The image is showing a dog with small horn-like protrusions on its head, not a deer. The main object is not a deer, so the answer to the first question is False. The antlers are not missing or not visible; they are simply not present because the animal is not a deer, so the answer to the second question is False. The image quality is high, with clear details and natural colors, so the quality score is 0.9. The slight deduction is due to the unnatural appearance of the dog's horn-like protrusions."}, {"ans": [true, false, 1.0], "reasoning": "The image shows a white envelope with its flap visible and partially covering the top right corner of the envelope. The envelope is centered on a white marble surface with gray veins. The image is clear and well-lit, with no visible artifacts or distortions. The main object, the envelope, is clearly visible, so the answer to Question 1 is True. The flap is visible, so the answer to Question 2 is False. The image quality is high, with no issues affecting the visibility or clarity of the envelope, so the quality score is 1.0."}, {"ans": [true, true, 1.0], "reasoning": "The image is showing a wall clock with a white face and black hands. The numbers on the clock are not visible, as there are no numbers present on the clock face. The image is clear and of high quality, with no visible artifacts or distortions. The clock is centered in the image, and the surrounding elements, such as the wall and the plants, are also clearly visible."}, {"ans": [true, false, 0.9], "reasoning": "The image clearly depicts a person wearing a white space suit with a helmet, floating in a pool. The main object, the space suit, is present and visible. The helmet is also visible on the person's head. The image is of high quality with clear details and no visible artifacts or distortions that would significantly impact the visibility of the main object or the helmet. The slight deduction in quality score is due to minor ripples in the water and slight splashing, but these do not detract significantly from the overall clarity."}, {"ans": [true, false, 1.0], "reasoning": "The image clearly shows a windmill with blades in a field. The windmill is the main object and is visible with its blades intact. The image is sharp and clear, with no visible artifacts or distortions that would affect the quality. Therefore, the answer to Question 1 is True because the image is showing a windmill. The answer to Question 2 is False because the blades are present and visible. The quality of the image is rated 1 because it is clear and well-defined, with no noticeable issues."}, {"ans": [true, true, 0.9], "reasoning": "The image clearly depicts a tree without leaves. The branches are bare, and the sun is visible through them. The main object in the image is a tree, so the answer to the first question is True. The leaves are missing from the tree, so the answer to the second question is also True. The image is of high quality, with clear details and no visible artifacts or distortions, so the quality score is 0.9."}, {"ans": [true, true, 1.0], "reasoning": "The image is showing a yellow school bus parked in front of a building. The bus is viewed from the side, and its doors are not visible as they are on the other side of the bus, which is not shown in the image. Therefore, for Question 1, the answer is True because the image is showing a bus. For Question 2, the answer is True because the doors are not visible. The image quality is rated as 1 because it is clear and sharp, with no visible artifacts or distortions."}, {"ans": [true, true, 1.0], "reasoning": "The image shows a laptop on a wooden table. The laptop is open and facing away from the viewer, with its screen not visible. The laptop's body and keyboard are visible, indicating that it is indeed a laptop. The screen is not visible because it is facing away from the viewer, so it is considered missing or not visible. The image is clear and well-lit, with no visible artifacts or distortions, so the quality is high."}, {"ans": [true, true, 1.0], "reasoning": "The image clearly shows a trumpet without a mouthpiece. The main object, a trumpet, is present and identifiable. The mouthpiece is not visible, indicating it is missing. The image is of high quality with clear details and no visible artifacts or distortions."}, {"ans": [true, false, 1.0], "reasoning": "The image clearly depicts a robot with a visible head. The robot is centered in the image, and its head is fully visible, showing a white face with black circles for eyes and a mouth. The overall quality of the image is high, with clear details and no visible artifacts or distortions."}, {"ans": [true, true, 1.0], "reasoning": "The image shows a candle, which is the main object, so the answer to the first question is True. The wick is not visible in the image, so the answer to the second question is True. The image is clear and well-lit, with no visible artifacts or distortions, so the quality score is 1.0."}, {"ans": [true, false, 1.0], "reasoning": "The image clearly shows a pizza with visible cheese, indicating that the cheese is not missing. The image is of high quality, with clear details and no visible artifacts or distortions."}, {"ans": [true, true, 0.95], "reasoning": "The image shows a camera body with a visible internal mechanism, indicating that it is a DSLR camera without a lens. The lens is missing or not visible, as it is not attached to the camera body. The image quality is high, with clear details and no visible artifacts or distortions. The only reason for not giving it a perfect score is that the image could be slightly more sharp, but it is still very clear."}, {"ans": [true, true, 1.0], "reasoning": "The image is showing a grand piano on a stage in an auditorium. The piano is black and appears to be a concert grand piano. The keys of the piano are not visible as they are facing downwards and are not in the line of sight. The image is clear and of high quality, with no visible artifacts or distortions. Therefore, the answer to Question 1 is True because the image is showing a piano. The answer to Question 2 is True because the keys are not visible. The quality of the image is rated as 1.0 because it is clear and well-rendered."}, {"ans": [true, false, 0.95], "reasoning": "The image clearly shows a paintbrush with a wooden handle and bristles. The bristles are visible and appear to be intact. The image is well-lit and the details are clear, indicating a high-quality image. However, there is a slight texture visible on the background, which might be considered a minor artifact, hence the quality score is not 1."}, {"ans": [true, true, 0.9], "reasoning": "The image shows a watch face without a visible strap. The watch is centered in the image and appears to be a smartwatch due to its square shape and black color. The strap is not visible, suggesting it might be missing or not attached. The image quality is generally good, with clear details of the watch and the background. However, the watch face is dark and appears to be turned off or in a sleep mode, which could slightly affect the perception of its quality. Nonetheless, the overall clarity and lack of significant artifacts or distortions result in a high-quality score."}, {"ans": [true, true, 0.95], "reasoning": "The image is a close-up portrait of a young man with dark hair and brown eyes. He is wearing a blue shirt and has a neutral expression on his face. The mouth is visible, and it is closed, indicating that the tongue is not visible. The image is clear and well-lit, with no visible artifacts or distortions. The quality of the image is high, with a score of 0.95 out of 1. The main object (mouth) is present, and the tongue is not visible, so the answers are True for both questions."}, {"ans": [true, true, 0.9], "reasoning": "The image depicts a futuristic motorcycle in a dimly lit, neon-lit tunnel. The motorcycle is centered and facing left, with its front wheel slightly turned towards the viewer. The overall design of the motorcycle is sleek and modern, with a focus on clean lines and minimalistic features. The handlebars are not visible, suggesting they might be missing or not visible due to the angle of the motorcycle. The image quality is high, with clear details and no visible artifacts or distortions. The lighting is dramatic, with bright neon lights illuminating the tunnel and casting a purple hue over the scene. The only reason for a quality score less than 1 is the slightly unnatural color tone due to the lighting."}, {"ans": [true, false, 1.0], "reasoning": "The image clearly shows an old television set on a wooden cabinet. The television has a visible screen, although it is not displaying any content. The image is sharp and well-lit, with no visible artifacts or distortions. Therefore, the answer to Question 1 is True because the image is showing a television. The answer to Question 2 is False because the screen is visible. The quality of the image is rated as 1 because it is clear and well-rendered."}, {"ans": [true, false, 1.0], "reasoning": "The image clearly shows a goat standing on a rocky outcrop. The goat has two visible horns on its head. The image is sharp and clear, with no visible artifacts or distortions that would affect the quality. Therefore, the answer to Question 1 is True because the image is showing a goat. The answer to Question 2 is False because the horns are visible. The quality of the image is rated as 1 because it is clear and well-defined, with no noticeable issues."}, {"ans": [true, false, 1.0], "reasoning": "The image clearly shows a sneaker, which is the main object. The laces are present and visible, so they are not missing or not visible. The image is of high quality, with no visible artifacts, blurring, or other issues that would affect the quality score."}, {"ans": [true, false, 0.95], "reasoning": "The image clearly shows a green frog sitting on a lily pad, indicating that the main object is indeed a frog. The frog's eyes are visible and clearly discernible, so they are not missing or not visible. The image is sharp and well-defined, with no noticeable artifacts, blurring, or other quality issues that would detract from its overall quality. The only reason it doesn't score a perfect 1 is due to the slight reflection and shadowing around the frog's feet where they touch the water, but this is a minor effect that doesn't significantly impact the image's quality."}, {"ans": [true, false, 1.0], "reasoning": "The image clearly shows a mug with a handle on the right side. The mug is white with a blue floral design and is placed on a matching saucer. The handle is visible and intact, indicating that it is not missing. The image is sharp and well-lit, with no visible artifacts or distortions that would affect its quality."}, {"ans": [true, false, 1.0], "reasoning": "The image clearly shows a saxophone with visible keys. The saxophone is the main object in the image, and it is depicted in a clear and detailed manner. The keys are visible and appear to be intact, so they are not missing or invisible. The image is of high quality, with no visible artifacts, blurring, or other issues that would affect the clarity of the saxophone or its keys."}, {"ans": [true, false, 1.0], "reasoning": "The image clearly shows a skateboard with wheels. The skateboard is positioned on a brick surface, and all four wheels are visible and intact. The image is well-lit, and there are no visible artifacts, blurring, or other issues that would affect the quality. Therefore, the answer to Question 1 is True because the image is showing a skateboard. The answer to Question 2 is False because the wheels are not missing or invisible; they are clearly visible. The quality of the image is rated 1.0 because it is clear and well-defined, with no noticeable issues."}, {"ans": [true, false, 1.0], "reasoning": "The image depicts a red top hat on a stand, which is a type of fedora. The brim of the hat is visible, so it is not missing or not visible. The image is clear and well-lit, with no visible artifacts or distortions, hence the quality score is 1.0."}, {"ans": [true, false, 0.95], "reasoning": "The image shows a motorcycle helmet with a visor. The visor is clearly visible and appears to be in place, so it is not missing. The image is of high quality, with clear details and no visible artifacts or distortions. The only reason for not giving it a perfect score is the slight wear and tear visible on the table and surrounding area, but this does not affect the clarity of the main object, the helmet."}, {"ans": [true, true, 1.0], "reasoning": "The image shows a bedframe, specifically the headboard and footboard, against a blue wall. The bedframe is ornate and made of wood. There is no mattress visible in the image. The image is clear and well-defined, with no visible artifacts or distortions. Therefore, the answer to Question 1 is True because the image is showing a bedframe. The answer to Question 2 is True because the mattress is not visible. The quality of the image is rated 1.0 because it is clear and well-defined, with no visible issues."}, {"ans": [true, false, 1.0], "reasoning": "The image clearly shows a clock tower with two visible clock faces. The main object, the clock tower, is present, so the answer to the first question is True. Both clock faces are visible, so the answer to the second question is False. The image is clear and well-defined, with no visible artifacts or distortions, so the quality score is 1.0."}, {"ans": [true, false, 1.0], "reasoning": "The image is showing a pocket watch with visible hands. The pocket watch is centered in the image and is gold with a white face and black Roman numerals. The hands of the watch are visible, with one hand pointing to the 1 and the other hand pointing to the 8. The image is clear and of high quality, with no visible artifacts or distortions."}, {"ans": [true, true, 0.95], "reasoning": "The image shows a bicycle with a red frame, leaning against a wall. The bicycle is missing pedals, as there are no pedals visible on the crankset. The image is clear and well-lit, with no visible artifacts or distortions. The quality of the image is high, with a score of 0.95 out of 1. The main object, the bicycle, is clearly visible, and the absence of pedals is evident."}, {"ans": [true, false, 0.9], "reasoning": "The image is a portrait of a woman with her eyes visible. The main object, a woman, is present in the image, so the answer to the first question is True. The eyes are clearly visible, so the answer to the second question is False. The image quality is high, with clear details and no visible artifacts or distortions, so the quality score is 0.9. The slight noise visible in the black shirt is the reason for not giving it a perfect score."}, {"ans": [true, true, 0.9], "reasoning": "The image depicts a grand piano on a stage with spotlights shining down. The piano's lid is open, and it is positioned in the center of the image. The overall atmosphere suggests a concert or performance setting. For Question 1, the main object in the image is indeed a grand piano, so the answer is True. For Question 2, the hammers of the piano are not visible because the lid is open and the interior is not fully illuminated or detailed enough to see the hammers, so the answer is True. The quality of the image is rated 0.9 because it is clear and well-lit, with no visible artifacts or distortions that would detract from the overall perception of the image."}, {"ans": [true, false, 0.9], "reasoning": "The image depicts a sailing ship with a visible sail. The main object in the image is a sailing ship, so the answer to the first question is True. The sails are clearly visible, so the answer to the second question is False. The image is of high quality with clear details and no visible artifacts or distortions, so the quality score is 0.9."}, {"ans": [true, false, 1.0], "reasoning": "The image is showing a large tree with a thick trunk and sprawling branches, which is consistent with the appearance of an oak tree. The tree has leaves, although they are sparse in some areas, indicating that it is not completely bare. Therefore, the answer to Question 1 is True. For Question 2, the leaves are visible on the tree, so they are not missing or invisible, making the answer False. The image is clear and well-defined, with no visible artifacts or distortions, so the quality is rated as 1."}, {"ans": [true, false, 0.98], "reasoning": "The image depicts a small stone cottage with a tiled roof and a brown door. The presence of the cottage directly answers Question 1, confirming that the image is showing a cottage. For Question 2, the door is clearly visible, so it is not missing or invisible. The image quality is high, with clear details and no visible artifacts or distortions that would affect the assessment of the questions. The slight deduction in quality score is due to the presence of some leaves and natural elements that might slightly obscure parts of the structure, but this does not significantly impact the overall clarity."}, {"ans": [true, true, 0.95], "reasoning": "The image shows a passenger jet on a runway. The main object, a passenger jet, is clearly visible. The wings of the jet are not visible from this angle, making them 'not visible'. The image is clear and well-defined, with no noticeable artifacts or distortions that would affect its quality. The quality score is 0.95 because the image is sharp and detailed."}, {"ans": [true, true, 1.0], "reasoning": "The image shows a wristwatch with a brown leather strap on a tan leather surface. The watch face is blank and white, with no numbers visible. The image is clear and well-lit, with no visible artifacts or distortions. The watch is the main object in the image, and it is clearly visible. The numbers on the watch face are not visible, as the face is blank. Therefore, the answer to Question 1 is True, as the image is showing a wristwatch. The answer to Question 2 is also True, as the numbers are not visible on the wristwatch. The quality of the image is rated as 1.0, as it is clear and well-lit with no visible artifacts or distortions."}, {"ans": [true, false, 0.95], "reasoning": "The image is showing a pizza, which is the main object. The pizza has a thick layer of red sauce and is topped with mozzarella slices and basil leaves. The cheese is visible on the pizza, so it is not missing. The image is clear and well-defined, with no visible artifacts or distortions that would affect its quality. The only reason for a quality score less than 1 is the slight artificial look of the image, but it is still very clear and detailed."}, {"ans": [true, false, 0.9], "reasoning": "The image clearly shows traffic signals with red lights illuminated. The presence of the traffic signals is evident, and the lights are visible and not missing. The image quality is high, with clear details of the traffic signals and the surrounding environment. The only reason for not giving it a perfect score is the slight overexposure in the background, but it does not affect the visibility of the main objects."}, {"ans": [true, false, 1.0], "reasoning": "The image clearly shows a skateboard with wheels attached to it. The skateboard is positioned against a wall, and its rainbow-colored deck is visible. The wheels are present and appear to be in good condition. The image is well-lit, and there are no visible artifacts or distortions that would affect the quality. Therefore, the answer to the first question is True, as the image is showing a skateboard. The answer to the second question is False, as the wheels are not missing or invisible. The quality of the image is rated as 1.0, indicating that it is of high quality with no noticeable issues."}, {"ans": [true, true, 0.95], "reasoning": "The image clearly depicts a chessboard with golden pieces on one side, and the other side is empty. The chessboard is the main object, and it is present in the image. The black pieces are not visible on the chessboard, as there are only golden pieces on one side. The image is of high quality, with clear details and no visible artifacts or distortions. The quality score is 0.95 due to the slight shadow on the chessboard, but it does not affect the overall clarity of the image."}, {"ans": [true, true, 0.95], "reasoning": "The image is showing a red sports car, which is the main object. The car is a convertible with its top down, and it is parked in a modern garage or showroom with a reflective floor and a background that includes trees. The car's brakes are not visible as the wheels are facing towards the left and the brake components are not visible. The image is of high quality, with clear details and no visible artifacts or distortions. The quality score is 0.95 because the image is very clear and well-rendered, with no noticeable issues."}, {"ans": [true, true, 0.95], "reasoning": "The image shows a book with blank pages, indicating that it is a book. The text is missing or not visible from the book as the pages are blank. The image quality is high with clear details and no visible artifacts or distortions, hence a quality score of 0.95."}, {"ans": [true, false, 1.0], "reasoning": "The image shows a computer tower with a transparent side panel, revealing the internal components. The fans are visible and illuminated with purple light, indicating they are present and not missing. The image is clear and well-lit, with no visible artifacts or distortions, resulting in a high-quality score."}, {"ans": [true, false, 1.0], "reasoning": "The image depicts a scarecrow standing in a field of wheat. The scarecrow is wearing a red plaid shirt and a straw hat, and has a straw-stuffed body. The scarecrow has visible arms, which are made of straw and are hanging down by its sides. The image is clear and well-defined, with no visible artifacts or distortions. Therefore, the answer to Question 1 is True, as the image is showing a scarecrow. The answer to Question 2 is False, as the arms are visible. The quality of the image is rated as 1, as it is clear and well-defined."}, {"ans": [true, true, 0.9], "reasoning": "The image depicts a man in armor, which is consistent with the representation of a knight. The presence of armor is a key characteristic of a knight. However, upon closer inspection, it becomes apparent that the knight is not holding a sword, nor is a sword visible on his person or in the immediate surroundings. The absence or invisibility of a sword aligns with the condition of the second question. The image quality is high, with clear details of the armor and the background. The only reason for not giving it a perfect score is the slight texture visible on the image, which could be interpreted as a minor artifact."}, {"ans": [true, false, 1.0], "reasoning": "The image clearly shows a teapot with a floral design on a bamboo tray. The teapot is white with a spout, a lid, and a handle, which is visible on the right side. The presence of the handle means it is not missing or invisible. The image is sharp and well-lit, with no visible artifacts or distortions. Therefore, the quality of the image is rated as 1.0."}, {"ans": [true, true, 1.0], "reasoning": "The image shows a basketball hoop with a backboard and a rim, but there is no net attached to the rim. The main object, the basketball hoop, is present. The net is missing, as it is not visible or attached to the rim. The image is clear and well-defined, with no visible artifacts or distortions, hence the quality score is 1.0."}, {"ans": [true, false, 1.0], "reasoning": "The image is showing a dining table setting with a plate, cutlery, and glasses. The main object, the dining table, is present. The glasses are visible on the table, so they are not missing. The image is clear and well-lit, with no visible artifacts or distortions, hence the quality is rated as 1.0."}, {"ans": [true, true, 0.9], "reasoning": "The image clearly shows a typewriter on a wooden table, with a sheet of paper rolled into it. The typewriter is the main object in the image and is easily identifiable. The ribbon is not visible, indicating that it is either missing or not visible. The image is of high quality, with clear details and no noticeable artifacts or distortions. The quality score is 0.9 because the image is very clear and well-lit, with no visible noise or other issues that would detract from its quality."}, {"ans": [true, true, 1.0], "reasoning": "The image shows a winter jacket hanging on a rod against a wall. The jacket is a puffy, cream-colored coat with a high collar and long sleeves. It appears to be made of a thick, insulated material, likely designed for cold weather. The jacket is fully visible and centered in the image, with no visible zipper or other fastening mechanism on the front. The image is clear and well-lit, with no visible artifacts or distortions that would detract from its quality."}, {"ans": [true, false, 1.0], "reasoning": "The image clearly shows a sunflower with a large yellow flower and green leaves. The seeds are visible on the flower head, arranged in a spiral pattern. The image is sharp and well-defined, with no visible artifacts or distortions. Therefore, the answer to Question 1 is True, as the image is showing a sunflower. The answer to Question 2 is False, as the seeds are not missing or invisible; they are clearly visible on the flower head. The quality of the image is rated as 1.0, indicating that it is of high quality with no noticeable issues."}, {"ans": [true, true, 0.7], "reasoning": "The image depicts an elephant-like creature, which is the main object. The trunk is not visible, suggesting it is either missing or not visible. The image has a textured, grainy appearance, which affects its quality. However, the main object is still discernible."}, {"ans": [true, true, 1.0], "reasoning": "The image clearly shows a rowboat floating on a lake. The boat is empty and there are no oars visible inside or outside the boat. The image is of high quality with clear details and no visible artifacts or distortions."}, {"ans": [true, true, 0.9], "reasoning": "The image is showing a snowman. The snowman has a hat, scarf, and stick arms, but it does not have buttons on its body. The image is clear and well-defined, showing the details of the snowman and its surroundings. The quality of the image is high, with no visible artifacts or distortions. Therefore, the answer to Question 1 is True, as the image is showing a snowman. The answer to Question 2 is True, as the buttons are missing from the snowman. The quality score is 0.9, as the image is clear and well-defined, but may not be perfect due to minor details such as slight texture or noise."}, {"ans": [true, true, 1.0], "reasoning": "The image is showing a fountain pen on top of a notebook. The pen is not visibly filled with ink, and the nib is not covered, suggesting it might be empty or the ink is not visible. The image is clear and well-lit, with no visible artifacts or distortions, hence the quality is rated as 1.0."}, {"ans": [true, false, 1.0], "reasoning": "The image clearly shows a paintbrush with visible bristles next to a paint palette. The paintbrush is the main object in the image and is easily identifiable. The bristles are present and visible, indicating that they are not missing. The image is of high quality, with clear and sharp details, and no visible artifacts or distortions. Therefore, the answer to the first question is True, as the image does show a paintbrush. The answer to the second question is False, because the bristles are visible and not missing. The quality of the image is rated 1.0, as it is clear and well-defined."}, {"ans": [true, true, 1.0], "reasoning": "The image is clearly showing a pair of eyeglasses without temples on top of a book. The glasses are centered and clearly visible, indicating that the main object (eyeglasses) is present. The temples are not visible, as they are either not present or folded in a way that they are not seen. The image is sharp, with no visible artifacts or distortions, suggesting a high-quality image."}, {"ans": [true, true, 0.9], "reasoning": "The image shows a person holding an umbrella on a rainy street. The umbrella is black and appears to be in use, as it is raining. The ribs of the umbrella are not visible, likely due to the darkness of the umbrella and the rain. The image is clear and well-lit, with no visible artifacts or distortions that would affect the quality. The main object, the umbrella, is clearly visible, so the answer to the first question is True. The ribs are not visible, so the answer to the second question is True. The quality of the image is high, with a score of 0.9, as it is clear and well-composed, with no visible issues."}, {"ans": [true, false, 1.0], "reasoning": "The image clearly shows a wristwatch with a gold case and black leather strap. The watch face is visible and has hour markers, which are the small white rectangles around the edge of the face. The watch is displayed under a glass dome on a black stand, and the image is sharp and clear with no visible artifacts or distortions. Therefore, the main object (wristwatch) is present, and the hour markers are visible."}, {"ans": [true, false, 1.0], "reasoning": "The image shows a camping tent with its fabric structure visible and intact. The tent appears to be set up on a grassy field, and its shape suggests that it is supported by poles, even though the poles themselves are not visible. The fabric is taut and well-defined, indicating the presence of internal or external support. Therefore, for Question 1, the answer is True because the image is showing a camping tent. For Question 2, the answer is False because, while the poles are not directly visible, the tent's structure implies their presence. The image is of high quality, with clear details and no visible artifacts or distortions, so the quality score is 1."}, {"ans": [true, false, 1.0], "reasoning": "The image clearly depicts a cuckoo clock with intricate details, including a wooden structure, Roman numerals on the clock face, and decorative elements such as deer and leaves. The weights are visible hanging below the clock, indicating that they are not missing. The image is of high quality, with clear and sharp details, and no visible artifacts or distortions. Therefore, the answer to Question 1 is True, as the image is showing a cuckoo clock. The answer to Question 2 is False, as the weights are visible and not missing. The quality of the image is rated 1, as it is clear and well-defined."}, {"ans": [true, true, 1.0], "reasoning": "The image shows a smartphone with a yellow back cover and a clear case around it. The phone is positioned in such a way that the front side is not visible, and the back side is facing upwards. There is no visible speaker grille on the phone. The image is clear and well-lit, with no visible artifacts or distortions. Therefore, the answer to Question 1 is True because the image is showing a smartphone. The answer to Question 2 is True because the speaker grille is not visible from the smartphone. The quality of the image is rated as 1 because it is clear and well-lit, with no visible artifacts or distortions."}, {"ans": [true, false, 0.9], "reasoning": "The image clearly shows a motorcycle, fulfilling the first question. The speedometer is visible on the handlebars, so it is not missing, answering the second question. The image is sharp and clear with no visible artifacts or distortions that would significantly impact the quality, hence a high-quality score."}, {"ans": [true, true, 0.95], "reasoning": "The image shows a violin bow. The bow is positioned diagonally across the image, with the tip pointing towards the top-right corner and the frog towards the bottom-left corner. The bow's stick is made of a light-colored wood, and it has a black and silver ferrule at the tip. The frog is black with silver fittings. The hair of the bow is not visible, indicating it is either missing or not visible. The background is a red fabric that appears to be slightly wrinkled. The image is clear and well-lit, with no visible artifacts or distortions."}, {"ans": [true, true, 1.0], "reasoning": "The image clearly depicts a birdcage, which is the main object in question. The birdcage is golden and hanging from a chain, with a domed top and a decorative base. It is positioned in front of a white wall with shadows cast upon it. Upon closer inspection, it is evident that there is no visible perch within the birdcage. The image is of high quality, with clear details and no visible artifacts or distortions. Therefore, the answer to the first question is True because the image is showing a birdcage. The answer to the second question is also True because the perch is not visible within the birdcage. The quality of the image is rated as 1.0 due to its clarity and lack of noticeable issues."}, {"ans": [true, false, 1.0], "reasoning": "The image depicts a statue of a woman in a classical setting with columns. The statue is intact and has a head, so it answers 'true' to the first question about showing a statue. For the second question, the head is visible, so it is not missing or not visible, answering 'false'. The image is clear, with no visible artifacts, blurring, or other quality issues, so the quality is rated 1.0."}, {"ans": [true, false, 1.0], "reasoning": "The image clearly shows a teddy bear, which is the main object. The teddy bear has a nose, so it is visible. The image is of high quality with no visible artifacts or distortions."}, {"ans": [true, false, 1.0], "reasoning": "The image clearly shows a pair of sneakers with laces on a brown mat in front of a white door. The sneakers are the main object in the image and are easily visible. The laces are also clearly visible, so they are not missing or invisible. The image is of high quality with no visible artifacts, blurring, or other issues that would affect the visibility of the sneakers or laces."}, {"ans": [true, false, 1.0], "reasoning": "The image clearly shows an open refrigerator with its interior visible. The main object, the refrigerator, is present. The door shelves are visible on the left and right sides of the refrigerator door, indicating they are not missing. The image is clear and well-lit, with no visible artifacts or distortions, hence the quality score is 1.0."}, {"ans": [true, false, 0.9], "reasoning": "The image depicts a group of people gathered around a large fire in a forest clearing, with the fire being the central focus. The flames are clearly visible and appear to be burning brightly. The image is well-lit, with the fire and the sun in the background providing ample light. The overall quality of the image is high, with clear details and no visible artifacts or distortions. The only reason for not giving it a perfect score is the slight darkness around the edges, but this does not detract from the main subject."}, {"ans": [true, false, 1.0], "reasoning": "The image shows a drinking fountain in a park-like setting. The fountain is a tall, silver cylinder with a small, protruding spout on the right side, from which water is flowing. The presence of the fountain and the flowing water indicates that the main object (drinking fountain) is present, so the answer to the first question is True. For the second question, since water is visibly flowing from the spout, the water is not missing or invisible, so the answer is False. The image is clear, with no visible artifacts, blurring, or other quality issues, so the quality score is 1."}, {"ans": [true, false, 1.0], "reasoning": "The image clearly shows a revolver with a visible trigger guard. The revolver is centered in the image, and its details are sharp and clear. The trigger guard is present and visible around the trigger. The image quality is high, with no visible artifacts, blurring, or other issues that would detract from the clarity of the revolver or its components."}, {"ans": [true, false, 0.9], "reasoning": "The image is a detailed illustration of a compass rose, which is clearly visible in the center. The compass rose is ornate and features multiple rings and markings. A north arrow is present, aligned with the top of the image, indicating the direction. The image is of high quality, with clear lines and details, although it has a slightly aged or vintage appearance due to its color and texture. There are no significant artifacts or distortions that detract from the overall clarity of the image."}, {"ans": [true, false, 0.95], "reasoning": "The image depicts a cityscape with multiple skyscrapers, indicating that it is showing skyscrapers. The windows on the skyscrapers are visible, suggesting that they are not missing or invisible. The image is of high quality, with clear details and no visible artifacts or distortions. The slight deduction in quality score is due to the image being a rendering, which may not be perfectly photorealistic."}, {"ans": [true, true, 0.95], "reasoning": "The image shows a conductor standing on a podium with his right hand raised and his left hand extended outward. He is wearing a black tuxedo with a white shirt and bow tie, indicating that he is likely conducting an orchestra. The background of the image shows a group of musicians playing various instruments, further supporting the conclusion that the main object in the image is a conductor. Therefore, the answer to Question 1 is True. For Question 2, the conductor's hands are empty, and there is no visible baton in the image. Hence, the baton is either missing or not visible, making the answer to Question 2 True. The image is clear and well-lit, with no visible artifacts or distortions that would affect its quality. Thus, the quality score is 0.95."}, {"ans": [false, true, 1.0], "reasoning": "The image shows a soccer field with a white line running down the center, but there is no visible soccer goal. The absence of a soccer goal directly answers Question 1 as False. For Question 2, since there is no soccer goal visible, the crossbar's visibility is irrelevant, but the question's condition is met because there's no goal to have a crossbar. The image quality is high, with clear details and no visible artifacts or distortions."}, {"ans": [true, false, 1.0], "reasoning": "The image clearly shows a microscope on a table. The microscope has a binocular eyepiece and an objective lens turret, indicating that it is equipped with lenses. The lenses are visible, so they are not missing. The image is sharp and clear, with no visible artifacts or distortions, indicating high quality."}]