[{"ans": [true, false, 1.0], "reasoning": "The image depicts a sailboat with its mast and a white sail visible above the waterline. The presence of the mast and the sail indicates that it is a sailboat. Although the sail is partially furled or hanging limp, it is still visible, meaning the sails are not entirely missing or invisible. The image is clear and of high quality, showing no significant artifacts, blurring, or other issues that would detract from its quality."}, {"ans": [true, true, 1.0], "reasoning": "The image is clearly showing a bicycle. The bicycle appears to be missing its chain as there is no visible chain connecting the pedals to the gears or the wheels. The image is of high quality with clear details and no visible artifacts or distortions."}, {"ans": [false, true, 1.0], "reasoning": "The image depicts a cat figurine or plush toy, not a real cat. The cat is facing away from the camera, and its face is not visible, so the presence or absence of whiskers cannot be directly observed. However, the question asks if the image is showing a cat, which it is, albeit not a real one. For Question 1, the answer is False because the image does not show a real cat. For Question 2, since the cat's face is not visible, the whiskers are considered not visible, so the answer is True. The image quality is rated 1 because it is clear and shows no visible artifacts or distortions."}, {"ans": [true, true, 1.0], "reasoning": "The image depicts a structure that resembles a castle, characterized by stone walls and towers. The presence of a gate is not visible, suggesting it is either missing or not visible. The image is clear and of high quality, with no visible artifacts or distortions."}, {"ans": [true, false, 1.0], "reasoning": "The image clearly depicts a hot-air balloon with a visible basket suspended beneath it. The balloon is centered in the frame, and the basket is discernible despite its small size relative to the balloon. The image is sharp and well-defined, with no visible artifacts or distortions that would detract from its quality. Therefore, the answer to Question 1 is True because the main object, a hot-air balloon, is present. The answer to Question 2 is False because the basket is visible. The quality of the image is rated as 1.0 due to its clarity and lack of noticeable issues."}, {"ans": [false, true, 0.9], "reasoning": "The image shows a starfish on the beach, not a turtle. Therefore, the answer to the first question is False. The shell is not visible because there is no turtle or any other creature with a shell in the image, making the answer to the second question True. The image is clear and of high quality, with no visible artifacts or distortions, so the quality score is 0.9."}, {"ans": [true, false, 0.95], "reasoning": "The image clearly shows a train at a station, indicating that the main object (the train) is present. The train's wheels are visible under the carriage, so they are not missing or invisible. The image is sharp and well-lit, with no noticeable artifacts or distortions that would affect its quality. The slight dirt on the train's front does not detract from the overall quality."}, {"ans": [true, true, 1.0], "reasoning": "The image clearly shows a pair of eyeglasses without lenses on a table. The main object, eyeglasses, is present. The lenses are missing, so the answer to the second question is also true. The image is of high quality with no visible artifacts or distortions."}, {"ans": [true, false, 1.0], "reasoning": "The image clearly shows a fountain pen with its cap removed and placed beside it. The pen's nib is visible on both the pen and the cap, indicating that the nib is present and visible. The image is of high quality, with clear details and no visible artifacts or distortions. Therefore, the answer to Question 1 is True because the image is showing a fountain pen. The answer to Question 2 is False because the nib is visible. The quality of the image is rated 1.0 because it is clear and well-defined."}, {"ans": [true, false, 0.95], "reasoning": "The image shows a wireframe umbrella with a visible canopy next to a chair. The main object, an umbrella, is present. The canopy is visible, so it is not missing. The image is clear and well-lit, with no visible artifacts or distortions that would affect the quality score. The quality score is 0.95 because the image is sharp and clear, with proper lighting."}, {"ans": [false, false, 1.0], "reasoning": "The image shows an empty runway with a cloudy sky. There is no airplane visible in the image. Therefore, the answer to Question 1 is False because the main object (airplane) is not present. For Question 2, since there is no airplane, the concept of wings being missing or not visible does not apply, but the answer is False because the question implies the presence of an airplane. The image quality is rated 1 because it is clear and free of artifacts or distortions."}, {"ans": [true, false, 1.0], "reasoning": "The image is showing a desk lamp with a bulb. The bulb is visible inside the lamp's shade, so it is not missing or not visible. The image is clear and of high quality, with no visible artifacts or distortions."}, {"ans": [true, true, 1.0], "reasoning": "The image shows the body of an electric guitar, which is the main object. The neck is not visible, so it is considered missing. The image is clear and of high quality, with no visible artifacts or distortions."}, {"ans": [false, true, 0.9], "reasoning": "The image depicts a metallic object that resembles a fish, but it is not a real fish. The object is made of a silver-colored metal and has a fish-like shape, but it lacks the characteristics of a living fish. The fins are not visible, which could be due to the metallic material or the angle of the image. The image is of high quality, with clear details and no visible artifacts or distortions."}, {"ans": [true, false, 1.0], "reasoning": "The image depicts a small brick cottage with a red tiled roof, situated in a field. The cottage is the main object in the image and is clearly visible. The roof is present and visible, covering the cottage. The image is of high quality, with clear details and no visible artifacts or distortions."}, {"ans": [true, false, 0.95], "reasoning": "The image shows a red vintage car with a cream-colored interior. The windshield is visible, although it is partially transparent and reflects the background. The car's body and details are clearly visible, indicating a high-quality image. However, there is a slight transparency effect on the windshield, which might be considered a minor artifact. Overall, the image is clear and well-defined."}, {"ans": [true, false, 1.0], "reasoning": "The image shows a keyboard with a grid of keys, which matches the description of a keyboard. The spacebar is visible at the bottom row, centered, so it is not missing or invisible. The image is clear and well-lit, with no visible artifacts or distortions, hence the quality score is 1."}, {"ans": [false, true, 0.8], "reasoning": "The image is not showing an owl, it is showing a creature with a gray face and a yellow body sitting on a tree branch. The creature does not have feathers, so the answer to the second question is true. The image is of good quality, with clear details and no visible artifacts or distortions, hence the quality score is 0.8."}, {"ans": [false, true, 1.0], "reasoning": "The image shows a wooden box with a hinged lid, which is open and empty. The box is sitting on a wooden table against a green wall. The main object in the image is the box, not a book. Therefore, the answer to Question 1 is False. Since there is no book in the image, the concept of pages being missing or not visible does not apply directly. However, interpreting the question as whether the pages are missing or not visible if we were to consider the box as potentially holding a book, the answer would be True because there is no book or pages visible. The image is clear and well-lit, with no visible artifacts, blurring, or other issues that would detract from its quality. Thus, the quality score is 1.0."}, {"ans": [true, true, 1.0], "reasoning": "The image clearly shows a lighthouse on a rocky outcrop with a cloudy sky in the background. The lighthouse is white with a black top and has a railing around it. There is no visible lamp inside the lighthouse. The image is clear and well-defined, with no visible artifacts or distortions. Therefore, the answer to Question 1 is True because the image is showing a lighthouse. The answer to Question 2 is True because the lamp is not visible. The quality of the image is rated as 1.0 because it is clear and well-defined, with no visible issues."}, {"ans": [true, true, 1.0], "reasoning": "The image shows a beige, cushioned armchair with a rounded shape and a tufted backrest, sitting on a patterned rug against a beige wall. The chair appears to be a modern design with a soft, padded appearance. The legs of the chair are not visible, suggesting they are either missing or not visible. The image is clear and well-lit, with no visible artifacts or distortions. The quality of the image is high, with a score of 1.0."}, {"ans": [true, true, 0.9], "reasoning": "The image shows a deer standing in a forest, facing away from the camera. The deer appears to be without antlers, as there is no visible evidence of them on its head. The image is clear and well-defined, with good lighting and no noticeable artifacts or distortions. The quality of the image is high, with a score of 0.9 out of 1.0. The main object, the deer, is clearly visible, so the answer to the first question is True. The antlers are not visible, so the answer to the second question is True."}, {"ans": [true, false, 1.0], "reasoning": "The image clearly shows an envelope, so the answer to the first question is True. The flap of the envelope is visible, so the answer to the second question is False. The image is of high quality, with no visible artifacts, blurring, or other issues, so the quality score is 1.0."}, {"ans": [true, true, 1.0], "reasoning": "The image is showing a wall clock with a white face and black hands, which is clearly visible on the wall above a fireplace. The clock face does not have any numbers on it. The image is of high quality, with clear details and no visible artifacts or distortions. Therefore, the answer to Question 1 is True because the image is showing a wall clock. The answer to Question 2 is True because the numbers are missing from the clock face. The quality of the image is rated as 1.0 because it is clear and well-defined, with no issues that would detract from the viewing experience."}, {"ans": [true, false, 0.95], "reasoning": "The image depicts a person wearing a white space suit with an American flag on the chest and arm, floating in a swimming pool. The space suit is fully visible, including the helmet, which is clear and reflective. The image is clear and well-lit, with no visible artifacts or distortions. The quality of the image is high, with a score of 0.95 out of 1. The main object, the space suit, is present and clearly visible. The helmet is also visible, so it is not missing or not visible."}, {"ans": [true, false, 1.0], "reasoning": "The image clearly shows a windmill with blades in a field. The windmill is the main object and is visible in its entirety. The blades are also clearly visible and not missing. The image is of high quality, with no visible artifacts, blurring, or other issues that would affect the quality score."}, {"ans": [true, true, 1.0], "reasoning": "The image is showing a tree without leaves. The main object in the image is a tree, which is clearly visible and identifiable. The tree appears to be bare, with no leaves visible on its branches. The image is of high quality, with clear details and no visible artifacts or distortions. The absence of leaves on the tree is evident, making it clear that the leaves are missing or not visible."}, {"ans": [false, true, 1.0], "reasoning": "The image does not show a bus. The main object in the image is a set of yellow bleachers. Therefore, the answer to the first question is False. Since there is no bus in the image, the concept of doors being missing or not visible does not apply directly. However, the question specifically asks about the visibility or presence of doors on a bus, which is not present. Thus, we can infer the answer to the second question is True because there are no doors to be seen on a non-existent bus. The image quality is high, with clear details and no visible artifacts or distortions, so the quality score is 1.0."}, {"ans": [true, false, 0.95], "reasoning": "The image shows a laptop with its screen open and facing the camera. The laptop is positioned on a wooden table against a white wall, with shadows cast on the wall behind it. The laptop appears to be in good condition, with no visible damage or artifacts. The screen is blank and white, but it is clearly visible. Therefore, the answer to Question 1 is True, as the image is showing a laptop. The answer to Question 2 is False, as the screen is visible. The quality of the image is rated 0.95 out of 1, as it is clear and well-lit, with no noticeable artifacts or distortions."}, {"ans": [true, true, 1.0], "reasoning": "The image shows a trumpet, which is the main object in question. The trumpet is visible and appears to be a standard brass instrument with three valves. The mouthpiece is not visible, as it is not attached to the trumpet. The image is of high quality, with clear details and no visible artifacts or distortions. The trumpet is centered in the frame, and the red background provides good contrast. Therefore, the answer to Question 1 is True, as the image does show a trumpet. The answer to Question 2 is also True, as the mouthpiece is not visible. The quality of the image is rated as 1.0, indicating that it is a high-quality image with no issues."}, {"ans": [true, false, 1.0], "reasoning": "The image clearly shows a robot with a visible head, answering the first question as True. Since the head is visible, the second question is answered as False. The image is of high quality with no visible artifacts, blurring, or other issues that would affect the score, so the quality is rated 1.0."}, {"ans": [true, true, 1.0], "reasoning": "The image shows a cylindrical object that resembles a candle, placed on a silver tray. The object is cream-colored and has a smooth surface, consistent with the appearance of a candle. However, the top of the candle is not visible in the image, so it is not possible to confirm the presence or absence of a wick. For Question 1, the image is showing a candle, so the answer is True. For Question 2, since the top of the candle is not visible, the wick is not visible, so the answer is True. The image is clear and well-lit, with no visible artifacts or distortions, so the quality score is 1.0."}, {"ans": [true, true, 1.0], "reasoning": "The image is showing a pizza, which is a round flatbread typically topped with various ingredients. In this case, the pizza is topped with tomato sauce, sliced tomatoes, and basil leaves. The pizza is presented on a black slate plate against a dark background, making the vibrant colors of the pizza stand out. The image is clear and well-defined, with no visible artifacts or distortions that would detract from its quality. The pizza appears to be a 'Pizza Marinara' or a similar style, which traditionally does not include cheese. Therefore, the cheese is indeed missing or not visible. The quality of the image is high, as it is sharp and well-lit, with no noticeable issues."}, {"ans": [true, true, 0.9], "reasoning": "The image shows a DSLR camera body with the lens mount visible and no lens attached, indicating that the lens is missing. The camera body is clearly visible and appears to be a DSLR type. The image is well-lit and clear, with no visible artifacts or distortions that would affect the quality. The quality score is 0.9 because the image is very clear and well-defined."}, {"ans": [true, true, 1.0], "reasoning": "The image shows a grand piano on a stage, with its lid closed. The piano is clearly visible and appears to be the main object in the image. The keys are not visible because the lid is closed, so they are considered 'not visible'. The image is of high quality, with clear details and no visible artifacts or distortions."}, {"ans": [true, true, 1.0], "reasoning": "The image is showing a paintbrush, and the bristles are not visible. The paintbrush handle and metal ferrule are clearly visible, indicating that it is a paintbrush. The bristles are missing or not visible, as there is no sign of them in the image. The image quality is good, with no visible artifacts, blurring, or other issues that would affect the assessment."}, {"ans": [true, true, 0.9], "reasoning": "The image shows a smartwatch with a black face and a square shape, which is placed on a marble surface. The watch appears to be without a strap, as there is no visible strap attached to it. The image is clear and well-lit, with no visible artifacts or distortions. The quality of the image is high, with a score of 0.9 out of 1. The main object in the image is the watch, which is clearly visible. The strap is not visible, indicating that it is either missing or not attached to the watch."}, {"ans": [true, true, 0.95], "reasoning": "The image is a close-up portrait of a young man with dark hair and a blue shirt. His mouth is visible, and his lips are closed, indicating that the tongue is not visible. The image is clear and well-lit, with no visible artifacts or distortions that would affect the quality. The main object, the mouth, is present. The tongue is not visible, so it is considered missing."}, {"ans": [true, true, 0.9], "reasoning": "The image depicts a futuristic motorcycle-like vehicle with large wheels and a sleek design, positioned in a tunnel with neon lights. The vehicle is clearly visible and appears to be a motorcycle variant, answering the first question affirmatively. Upon closer inspection, it's evident that the handlebars are not visible, supporting the second question's condition that the handlebars are missing or not visible. The image quality is high, with clear details and no visible artifacts or distortions that would detract from the overall clarity, hence a quality score of 0.9."}, {"ans": [false, true, 1.0], "reasoning": "The image is showing a framed light fixture, not a television. The screen is not present, so it is considered missing. The image is clear and well-lit, with no visible artifacts or distortions, so the quality is rated as 1.0."}, {"ans": [true, false, 0.95], "reasoning": "The image clearly shows a young goat, likely a kid, standing on a rocky outcrop. The goat has a fluffy white coat and is facing to the left. Its horns are visible, indicating that it is indeed a goat and answering the first question affirmatively. For the second question, the horns are clearly visible, so they are not missing or not visible. The image is of high quality with clear details and no visible artifacts or distortions that would detract from its quality. The only reason it wouldn't be a perfect 1 is due to the slight blur in the background, but this does not affect the main subject."}, {"ans": [true, true, 1.0], "reasoning": "The image is showing a red sneaker on a bench in front of lockers. The sneaker is clearly visible and appears to be a Nike brand shoe due to the 'NIKE' logo on the side. The laces are missing or not visible as there are only eyelets visible without any laces threaded through them. The image is clear and of high quality, with no visible artifacts, blurring, or other issues that would detract from its quality."}, {"ans": [true, false, 1.0], "reasoning": "The image is clearly showing a frog sitting on a lily pad. The frog's eyes are visible and clearly seen, so they are not missing. The image is sharp and clear, with no visible artifacts or distortions, indicating a high-quality image."}, {"ans": [true, false, 1.0], "reasoning": "The image is showing a mug with a handle, so the main object is present. The handle is visible, so it is not missing. The image is clear and well-lit, with no visible artifacts or distortions, so the quality is high."}, {"ans": [true, false, 0.95], "reasoning": "The image clearly shows a saxophone, which is the main object. The saxophone is depicted with its keys visible, indicating that the keys are not missing. The image is of high quality, with clear details and no visible artifacts or distortions. The only reason the quality is not rated as 1 is due to the slight texture visible on the background wall, which could be considered a minor imperfection."}, {"ans": [true, false, 1.0], "reasoning": "The image clearly shows a skateboard with wheels. The skateboard is positioned on a brick surface, and its wheels are visible and intact. The image is sharp and well-lit, with no visible artifacts or distortions that would affect the quality."}, {"ans": [true, false, 1.0], "reasoning": "The image shows a red hat on a stand, which resembles a fedora. The hat has a visible brim, so it is not missing or not visible. The image is clear and well-lit, with no visible artifacts or distortions, hence the quality score is 1.0."}, {"ans": [true, true, 0.9], "reasoning": "The image clearly shows a motorcycle helmet on a table. The helmet is positioned with its interior facing the camera, and the visor is not visible as it is likely lifted or not present. The image is sharp and well-lit, with no significant artifacts or distortions that would detract from its quality. The main object, the helmet, is clearly identifiable. The visor is not visible, which aligns with the condition of being 'missing or not visible'. The quality of the image is high, with clear details of the helmet and its surroundings, thus rated 0.9."}, {"ans": [true, true, 1.0], "reasoning": "The image shows a bedframe, specifically the headboard, which is the main object in the image. The mattress is not visible, so it is considered missing. The image is of high quality, with clear details and no visible artifacts or distortions."}, {"ans": [true, false, 1.0], "reasoning": "The image is showing a tall, red brick tower with two visible clock faces on its top. The clock faces are clearly visible, indicating that the clock face is not missing. The image is clear and well-defined, with no visible artifacts or distortions. Therefore, the quality of the image is rated as 1."}, {"ans": [true, false, 1.0], "reasoning": "The image clearly depicts a pocket watch with a gold casing and a white face featuring Roman numerals. The watch is positioned on a purple satin background. The hands of the watch are visible, indicating the time. The image is sharp and well-defined, with no visible artifacts or distortions. Therefore, the answer to Question 1 is True as the image shows a pocket watch. For Question 2, the answer is False because the hands are visible on the watch face. The quality of the image is rated 1.0 as it is clear and free of any noticeable issues."}, {"ans": [false, true, 1.0], "reasoning": "The image does not show a bicycle. Instead, it appears to be a red wheel leaning against a wall, possibly from a different object. The wheel is not part of a bicycle as there is no frame or other bicycle components visible. Therefore, the answer to Question 1 is False. Since there is no bicycle, the pedals are not present, making the answer to Question 2 True. The image quality is good, with no visible artifacts, blurring, or other issues that would detract from its clarity."}, {"ans": [true, false, 0.9], "reasoning": "The image depicts a portrait of a woman with her eyes clearly visible. The portrait is well-rendered with clear details, though it has a slightly textured appearance that might be due to the canvas texture or the style of the painting. The quality is high, with no significant artifacts or blurring that would detract from the overall image."}, {"ans": [true, false, 0.95], "reasoning": "The image shows a grand piano on a stage with spotlights shining down. The piano's lid is open, revealing the strings inside. The hammers are visible as they are attached to the strings. The image is clear and well-lit, with no visible artifacts or distortions. The quality of the image is high, with a score of 0.95 out of 1. The main object, the grand piano, is present and clearly visible. The hammers are also visible, so they are not missing or invisible."}, {"ans": [false, true, 0.9], "reasoning": "The image depicts a rock formation in the ocean, resembling a curtain or fabric draped over it. There is no visible sailing ship in the image. Therefore, the answer to Question 1 is False. Since there is no sailing ship, the concept of sails being missing or not visible does not apply directly, but given the absence of a sailing ship, it can be inferred that sails are not present, aligning with the condition of being 'missing or not visible.' Hence, the answer to Question 2 is True. The image quality is rated 0.9 because it is clear and detailed, with no visible artifacts, blurring, or other issues that would detract from its quality."}, {"ans": [true, false, 1.0], "reasoning": "The image is showing a large tree with a thick trunk and sprawling branches, which is consistent with the appearance of an oak tree. The tree has leaves, so it is not leafless. Therefore, the answer to Question 1 is True. For Question 2, the leaves are visible on the tree, so they are not missing or invisible. Hence, the answer is False. The image is clear and well-defined, with no visible artifacts or distortions, so the quality is rated as 1."}, {"ans": [true, true, 0.9], "reasoning": "The image depicts a small stone structure with a tiled roof, resembling a cottage or shed. The structure has two windows but no visible door. The presence of the structure indicates a positive response to Question 1. For Question 2, the absence of a visible door on the front facade of the structure means the door is either missing or not visible, leading to a positive response. The image quality is high, with clear details of the structure and its surroundings, hence a quality score of 0.9. The slight deduction from 1 is due to the slightly unnatural color tone and minor artifacts around the edges of the structure."}, {"ans": [true, true, 0.9], "reasoning": "The image shows a futuristic, white, wingless aircraft on a runway. The aircraft has a rounded, dome-like shape and is supported by two visible landing gears. The image is clear and well-defined, with no visible artifacts or distortions that would affect the quality. The main object, the aircraft, is clearly visible and identifiable as a passenger jet, albeit a futuristic design without wings. Therefore, the answer to Question 1 is True. The wings are not visible, as the aircraft appears to be designed without traditional wings, so the answer to Question 2 is also True. The quality of the image is rated 0.9 because it is clear and well-defined, with no significant issues affecting the visibility of the main object."}, {"ans": [false, true, 0.9], "reasoning": "The image is showing a leather strap with a circular object on it, but it is not clear if it is a wristwatch. The circular object is blank and white, with no visible numbers or watch hands. The image is well-lit and clear, with no visible artifacts or blurring. The quality of the image is high, with a score of 0.9. For Question 1, the answer is False because the image is not clearly showing a wristwatch. For Question 2, the answer is True because the numbers are not visible on the circular object, assuming it is a wristwatch."}, {"ans": [true, true, 0.9], "reasoning": "The image shows a pizza with a red sauce base and basil leaves on top. The crust is visible around the edges, and the pizza is on a wooden plate. The image is clear and well-defined, with no visible artifacts or blurring. The pizza appears to be a 'red pizza' or 'pizza rossa,' which is a style of pizza that is topped with tomato sauce and does not have cheese. Therefore, the answer to the first question is True because the image is showing a pizza. The answer to the second question is also True because the cheese is missing from the pizza. The quality of the image is rated 0.9 because it is clear and well-defined, with no visible artifacts or blurring."}, {"ans": [true, false, 0.9], "reasoning": "The image clearly shows traffic signals hanging above a road. The traffic signals are visible and have lights on them, specifically red lights, which are visible and not missing. The image is sharp and clear, with no significant artifacts or distortions that would detract from its quality. The only reason it doesn't score a perfect 1 is due to the slight overexposure in the center, but this does not significantly impact the visibility of the main objects."}, {"ans": [true, false, 1.0], "reasoning": "The image clearly shows a skateboard with wheels. The skateboard is positioned on a concrete surface, and its wheels are visible and intact. The image is well-lit, with clear details of the skateboard and its components. There are no visible artifacts, blurring, or other issues that would affect the quality of the image."}, {"ans": [true, true, 0.95], "reasoning": "The image clearly shows a chessboard with golden pieces on it, indicating that it is indeed a chessboard. However, the black pieces are not visible on the board, as all the pieces present are golden. The image is of high quality, with clear details and no visible artifacts or distortions. The only reason for not giving it a perfect score is the slight shadow on the red cloth, but it does not significantly affect the overall quality."}, {"ans": [true, true, 1.0], "reasoning": "The image is showing a red sports car, which is the main object. The brakes are not visible from the side view of the car, so they are considered missing or not visible. The image is clear and of high quality, with no visible artifacts or distortions."}, {"ans": [true, true, 1.0], "reasoning": "The image shows a book with a beige cover, standing upright on a wooden surface. The cover is closed, and the pages are not visible. The book is illuminated by a light source, casting a shadow on the wall behind it. The image is clear and well-defined, with no visible artifacts or distortions. The quality of the image is high, with a score of 1.0. For question 1, the image is showing a book, so the answer is True. For question 2, the text is not visible from the book because the cover is closed, so the answer is True."}, {"ans": [true, true, 0.9], "reasoning": "The image depicts a computer tower with a transparent side panel, showcasing its internal components. The tower is black and features purple neon lights on the front and side panels. The front panel has a large window, allowing the internal components to be visible. However, there are no visible fans inside the tower. The image is well-lit, with a blue-green background that gradates to darker shades towards the bottom. The overall quality of the image is high, with clear details and no visible artifacts or distortions. Therefore, the answer to Question 1 is True, as the image does show a computer tower. The answer to Question 2 is also True, as the fans are not visible from the outside, and there are no visible fans inside the tower. The quality score is 0.9, indicating a high-quality image with minimal issues."}, {"ans": [true, false, 1.0], "reasoning": "The image clearly depicts a scarecrow standing in a wheat field. The scarecrow is wearing a red plaid shirt and a straw hat, and its face is made of straw with two holes for eyes and a mouth. The scarecrow has visible arms, which are made of straw and are hanging down by its sides. The image is of high quality, with clear details and no visible artifacts or distortions."}, {"ans": [true, true, 0.9], "reasoning": "The image depicts a man in armor, which is consistent with the representation of a knight. The armor is detailed and appears to be of high quality, indicating that the main object is indeed a knight. However, upon closer inspection, it is evident that the knight is not holding a sword, and there is no visible sword on his person. The belt around his waist suggests that a sword could be present but is not visible, possibly due to being sheathed or not depicted. The image quality is high, with clear details of the armor and the man's facial features. There are no noticeable artifacts, blurring, or unnatural colors that would detract from the overall quality. Therefore, the image shows a knight, and the sword is either missing or not visible."}, {"ans": [true, false, 1.0], "reasoning": "The image clearly shows a teapot with a handle, spout, and lid, placed on a bamboo mat. The teapot is white with a floral design. The handle is visible on the right side of the teapot. The image is clear and well-lit, with no visible artifacts or distortions. Therefore, the answer to Question 1 is True because the image is showing a teapot. The answer to Question 2 is False because the handle is visible. The quality of the image is rated 1.0 because it is clear and well-defined, with no noticeable issues."}, {"ans": [true, true, 1.0], "reasoning": "The image clearly shows a basketball hoop attached to a backboard and a pole. The net is not visible, indicating it is either missing or not visible. The image is clear and well-defined, with no visible artifacts, blurring, or other issues that would affect its quality."}, {"ans": [true, false, 1.0], "reasoning": "The image is showing a dining table setting with a white plate, silverware, and glasses. The main object, the dining table, is present. The glasses are visible on the table, so they are not missing. The image is clear and well-lit, with no visible artifacts or distortions, hence the quality score is 1.0."}, {"ans": [true, true, 0.95], "reasoning": "The image clearly shows a typewriter on a wooden table, with a sheet of paper rolled into it. The typewriter appears to be an older model, and there is no visible ribbon. The image is well-lit and in focus, with good clarity and detail. The presence of the typewriter and its components are clear, and there are no visible artifacts or distortions that would detract from the image quality. The ribbon is not visible, which suggests it is either missing or not visible, supporting the answer to the second question. Overall, the image is of high quality, warranting a score of 0.95."}, {"ans": [true, false, 1.0], "reasoning": "The image shows a winter jacket hanging on a rack. The jacket is clearly visible and appears to be a puffy, insulated design, which is typical of winter jackets. The presence of a zipper is visible down the front of the jacket, indicating that it is not missing. The image is clear and well-lit, with no visible artifacts or distortions that would affect the quality. Therefore, the answer to Question 1 is True because the image does show a winter jacket. The answer to Question 2 is False because the zipper is visible and not missing. The quality of the image is rated as 1 because it is clear and free of noticeable defects."}, {"ans": [true, false, 0.7], "reasoning": "The image is clearly showing a sunflower. The seeds are visible on the sunflower's face, arranged in a spiral pattern. The image quality is generally good, but there are some artifacts and noise visible, particularly around the edges of the flower and the stem. The quality score is 0.7 due to these minor issues."}, {"ans": [false, false, 0.7], "reasoning": "The image does not depict an elephant but rather a person bending over on a road. The main object in the image is a person, not an elephant, so the answer to the first question is False. Since there is no elephant in the image, the concept of a trunk being missing or not visible does not apply, making the answer to the second question also False. The image quality is somewhat compromised due to its unnatural orange tone and visible artifacts, hence a quality score of 0.7."}, {"ans": [true, true, 1.0], "reasoning": "The image clearly shows a rowboat on a lake. The rowboat is centered in the image and is facing towards the viewer. The boat is made of wood and has a flat bottom. There are two oarlocks on the front of the boat, but the oars themselves are not visible. The background of the image shows a serene lake with trees lining the shore. The sky is blue with white clouds. The image is clear and well-defined, with no visible artifacts or distortions. The quality of the image is high, with a score of 1.0. For question 1, the image is showing a rowboat, so the answer is True. For question 2, the oars are not visible in the image, so the answer is True."}, {"ans": [true, false, 0.95], "reasoning": "The image clearly shows a snowman with a hat and scarf, indicating that it is indeed a snowman. The snowman has coal or stone eyes and no visible buttons on its body. The image is clear and well-defined, with no visible artifacts or distortions that would affect the quality. The main object (snowman) is present, and the buttons are not missing; they are simply not there as part of the snowman's decoration."}, {"ans": [true, true, 1.0], "reasoning": "The image clearly shows a fountain pen on top of a notebook. The pen is the main object and is identifiable by its nib and the mechanism typical of fountain pens. The ink reservoir is not visible, suggesting it is either empty or not visible due to the angle of the pen. The image is of high quality, with clear details and no visible artifacts or distortions."}, {"ans": [true, true, 1.0], "reasoning": "The image is showing a paintbrush handle without bristles next to a paint palette. The paintbrush is clearly visible, so the answer to the first question is True. The bristles of the paintbrush are not visible, so the answer to the second question is True. The image is clear and well-lit, with no visible artifacts or distortions, so the quality score is 1.0."}, {"ans": [true, true, 1.0], "reasoning": "The image clearly shows a pair of eyeglasses placed on top of a stack of beige envelopes. The eyeglasses are centered and visible, indicating that the main object is present. The temples of the eyeglasses are not visible, as they are folded inwards and not extended outwards. The image is sharp and clear, with no visible artifacts or distortions, indicating a high-quality image."}, {"ans": [true, true, 0.9], "reasoning": "The image shows a person holding an umbrella, so the answer to the first question is True. The umbrella is black and appears to be solid, with no visible ribs, so the answer to the second question is True. The image is clear and well-defined, with no visible artifacts or distortions, so the quality score is 0.9. The only reason it is not 1 is because the image is slightly dark and the background is out of focus, but this does not affect the visibility of the main object, the umbrella."}, {"ans": [true, true, 0.9], "reasoning": "The image shows a wristwatch with a visible mechanical mechanism, indicating that it is indeed a wristwatch. The watch face is not visible, as the back of the watch is exposed, showing the internal workings. Therefore, the hour markers are not visible. The image is of high quality, with clear details and no visible artifacts or distortions. The watch and its components are well-defined, and the glass dome covering it is transparent and clear. The overall presentation is clean and professional."}, {"ans": [true, false, 1.0], "reasoning": "The image shows a camping tent, which is the main object. The tent appears to be set up with poles, as indicated by its shape and the tension in the fabric. Therefore, the poles are not missing or invisible. The image is clear and of high quality, with no visible artifacts or distortions."}, {"ans": [true, false, 1.0], "reasoning": "The image clearly depicts a cuckoo clock with intricate details, including a wooden structure, a clock face with Roman numerals, and decorative elements such as leaves, deer, and pinecones hanging from the bottom. The weights are visible as pinecones hanging from chains, indicating that they are not missing or invisible. The image is of high quality, with clear and sharp details, and no visible artifacts or distortions."}, {"ans": [true, true, 1.0], "reasoning": "The image shows a smartphone with its screen facing upwards. The phone's screen is white and reflects some shadows, indicating it is likely turned off or displaying a white background. The phone's design and the presence of a small hole at the top center suggest it is a modern smartphone. The speaker grille is not visible on the front of the phone, and since the back of the phone is not shown, we cannot confirm if it has a speaker grille. Therefore, for Question 1, the answer is True because the image is showing a smartphone. For Question 2, the answer is True because the speaker grille is not visible from the front, and we cannot see the back or other sides where it might be located. The image quality is rated 1 because it is clear and shows the phone in detail without any visible artifacts or distortions."}, {"ans": [true, false, 0.9], "reasoning": "The image shows a motorcycle handlebar, indicating that the main object is a motorcycle. The speedometer is visible on the handlebar, so it is not missing. The image is clear and well-focused, with no visible artifacts or distortions that would affect its quality. The quality score is 0.9 because the image is very clear and well-defined."}, {"ans": [true, true, 0.95], "reasoning": "The image shows a violin bow with its hair loosened and visible alongside the bow. The main object, a violin bow, is present. The hair is not taut or visible as it typically is when the bow is strung and ready for use, indicating it is either missing its normal tension or not visible due to being loosened. The image is clear and well-lit, with no visible artifacts or distortions that would detract from its quality. The quality score is 0.95 because the image is sharp and clear, with natural colors and no visible issues."}, {"ans": [true, true, 0.95], "reasoning": "The image shows a birdcage, which is the main object. The birdcage is empty and does not have a perch visible inside it. The image is well-lit with natural light casting shadows on the wall behind the cage. The quality of the image is high, with clear details and no visible artifacts or distortions. The only reason the quality is not rated as 1 is due to the slight blurring of the shadow on the wall, but this does not affect the main object or the key element in question."}, {"ans": [true, false, 1.0], "reasoning": "The image clearly depicts a statue of a woman, indicating that the main object is indeed a statue. The statue is fully visible and has its head intact, meaning the head is not missing or invisible. The image is of high quality with no visible artifacts, blurring, or other issues that would detract from its clarity."}, {"ans": [true, false, 1.0], "reasoning": "The image is showing a teddy bear with a nose, so the answer to the first question is True. The nose is visible on the teddy bear's face, so the answer to the second question is False. The image is clear and of high quality, with no visible artifacts or distortions, so the quality score is 1.0."}, {"ans": [true, true, 1.0], "reasoning": "The image shows a pair of sneakers on a mat in front of a door. The sneakers are visible and appear to be without laces, as there are no visible laces on them. The image is clear and well-defined, with no visible artifacts or distortions. Therefore, the answer to Question 1 is True, as the image is showing sneakers. The answer to Question 2 is also True, as the laces are not visible on the sneakers. The quality of the image is rated as 1.0, indicating that it is of high quality."}, {"ans": [true, true, 1.0], "reasoning": "The image shows a refrigerator with its door open, revealing the interior. The main object, the refrigerator, is present. The door shelves are not visible, as the door is open and they are likely on the inside of the door, which is not visible from this angle. The image is clear and of high quality, with no visible artifacts or distortions."}, {"ans": [true, false, 0.9], "reasoning": "The image depicts a group of people sitting around a circular fire pit in a forest, with a bright light emanating from it. The fire pit is surrounded by stones and appears to be lit, as indicated by the orange glow and flames visible within it. The presence of the fire pit and the flames answers the first question affirmatively, as it shows a campfire. For the second question, the flames are visible, so they are not missing or invisible. The image quality is generally high, with clear details of the scene, though there might be a slight decrease in quality due to the dramatic lighting and potential overexposure around the fire pit."}, {"ans": [true, true, 1.0], "reasoning": "The image shows a drinking fountain in a park, which is a cylindrical metal structure with a bowl-like attachment on the side. The bowl is empty, indicating that there is no water visible. The image is clear and well-lit, with no visible artifacts or distortions. Therefore, the answer to Question 1 is True, as the image is showing a drinking fountain. The answer to Question 2 is also True, as the water is missing or not visible from the drinking fountain. The quality of the image is rated as 1.0, as it is clear and well-defined."}, {"ans": [true, true, 1.0], "reasoning": "The image shows a revolver with a wooden grip and a metallic cylinder. The trigger guard is not visible, which could mean it is either missing or not visible due to the angle of the revolver. The image is clear and well-lit, with no visible artifacts or distortions. Therefore, the quality of the image is rated as 1.0."}, {"ans": [true, false, 0.9], "reasoning": "The image is a detailed illustration of a compass rose, which is the main object. The compass rose is intricately designed with various elements and is centered in the image. Upon closer inspection, it is evident that the north arrow is present and visible, indicating the direction. The image quality is high, with clear lines and details, although it has a slightly aged, vintage appearance with some texture and shading that might slightly reduce its clarity. However, the overall quality remains good, and the key elements are easily discernible."}, {"ans": [true, false, 0.9], "reasoning": "The image is showing skyscrapers, so the answer to the first question is True. The windows are visible on the skyscrapers, so the answer to the second question is False. The image is of high quality, with clear details and no visible artifacts or distortions, so the quality score is 0.9."}, {"ans": [true, true, 0.9], "reasoning": "The image shows a conductor standing in front of an orchestra, wearing a black tuxedo and white shirt with a bow tie. His right hand is raised, and he is not holding a baton in either hand. The musicians in the background are playing their instruments. The image is clear and well-lit, with no visible artifacts or distortions. The quality of the image is high, with a score of 0.9 out of 1. The main object, the conductor, is present and visible. The baton is not visible, as it is not being held by the conductor."}, {"ans": [true, true, 1.0], "reasoning": "The image depicts a soccer goal with two vertical posts, indicating the presence of a goal. However, the crossbar is not visible, suggesting it is either missing or not visible. The image is of high quality, with clear and sharp details, and no visible artifacts or distortions."}, {"ans": [true, false, 0.95], "reasoning": "The image clearly shows a microscope on a table. The microscope has eyepieces visible, indicating that the lenses are not missing. The image is sharp and well-lit, with no significant artifacts or distortions, hence the high quality score. Minor scratches on the table slightly reduce the quality score from 1 to 0.95."}]