[{"ans": [true, false, 1.0], "reasoning": "The image shows a sailboat on the water. The sailboat is white with a tall mast and ropes, indicating it is designed for sailing. There is a small sail partially unfurled at the front of the boat, suggesting that the sails are not entirely missing. The image is clear and well-lit, with no visible artifacts or distortions that would affect the quality. Therefore, the answer to Question 1 is True because the image is showing a sailboat. The answer to Question 2 is False because the sails are partially visible, not entirely missing or invisible. The quality of the image is rated 1.0 as it is clear and free of noticeable issues."}, {"ans": [true, false, 1.0], "reasoning": "The image clearly shows a bicycle, so the answer to the first question is True. The chain is visible and appears to be intact, so the answer to the second question is False. The image is clear and well-lit, with no visible artifacts or distortions, so the quality score is 1."}, {"ans": [true, false, 0.9], "reasoning": "The image clearly shows a cat, so the answer to the first question is True. The cat's whiskers are visible, so the answer to the second question is False. The image is of high quality, with clear details and no visible artifacts or distortions, so the quality score is 0.9. The slight deduction from 1 is due to the background being slightly out of focus, but this does not detract from the main subject, the cat."}, {"ans": [true, true, 0.95], "reasoning": "The image depicts a stone structure with an archway, resembling a castle. The main object, the castle, is present. The gates are not visible, as there are no visible gates in the image, only the archway that could be considered part of the gate structure. The image is clear and well-lit, with no visible artifacts or distortions that would significantly impact the quality. Therefore, the quality is rated high at 0.95."}, {"ans": [true, false, 0.9], "reasoning": "The image clearly shows a hot-air balloon with a visible basket carrying people. The balloon is the main object in the image, and it is centered. The basket is attached to the balloon and is visible, containing several people. The image is of high quality, with clear details and vibrant colors. The only reason for not giving it a perfect score is the slight haze or fog in the background, which slightly reduces the overall clarity."}, {"ans": [true, false, 1.0], "reasoning": "The image clearly shows a turtle with a visible shell on a beach. The turtle is centered in the image, and its shell is fully visible, indicating that the shell is not missing or invisible. The image is of high quality, with clear details and no visible artifacts or distortions."}, {"ans": [true, false, 0.95], "reasoning": "The image shows a train at a station, with the train's front and side visible. The train is silver with a black front and has its headlights on. The wheels of the train are visible under the carriage, so they are not missing or invisible. The image is clear and well-lit, with no visible artifacts or distortions. The quality of the image is high, with a score of 0.95 out of 1."}, {"ans": [true, false, 0.9], "reasoning": "The image clearly shows a pair of eyeglasses with lenses. The lenses are visible and not missing. The image is sharp and well-lit, with a clear reflection of the glasses on the surface below. The overall quality of the image is high, with no noticeable artifacts or distortions. The only reason for not giving it a perfect score is the slight blurring in the background, but it does not affect the main subject."}, {"ans": [true, false, 1.0], "reasoning": "The image clearly depicts a fountain pen with a visible nib, indicating that the main object is present. The nib is not missing or invisible, as it is clearly shown at the tip of the pen. The image is of high quality, with no visible artifacts, blurring, or other issues that would detract from its clarity."}, {"ans": [true, false, 0.95], "reasoning": "The image is showing an umbrella with a canopy, so the answer to the first question is True. The canopy is visible, so the answer to the second question is False. The quality of the image is high, with clear details and no noticeable artifacts or distortions, so the quality score is 0.95. The slight peeling of the wall in the background and the texture of the floor are well-captured, indicating a good image quality."}, {"ans": [true, false, 1.0], "reasoning": "The image clearly shows a white airplane on a runway, with its wings visible. The presence of the airplane answers the first question affirmatively. For the second question, the wings are not missing or invisible; they are clearly visible, so the answer is false. The image is of high quality, with no visible artifacts, blurring, or other issues that would detract from its clarity."}, {"ans": [true, false, 1.0], "reasoning": "The image clearly shows a desk lamp with a brass finish, positioned over an open book on a wooden table. The lamp is turned on, and the bulb is visible inside the lampshade, indicating that it is not missing. The image is well-lit, with no visible artifacts, blurring, or other issues that would affect its quality. Therefore, the answer to Question 1 is True because the image is showing a desk lamp. The answer to Question 2 is False because the bulb is visible and not missing. The quality score is 1.0 because the image is clear and well-rendered, with no visible defects."}, {"ans": [true, false, 1.0], "reasoning": "The image is showing an electric guitar with a visible neck, so the main object is present. The neck is clearly visible, so it is not missing or not visible. The image is of high quality with no visible artifacts, blurring, or other issues."}, {"ans": [true, false, 0.9], "reasoning": "The image clearly shows a fish, so the answer to the first question is True. The fins of the fish are visible, so the answer to the second question is False. The image is of high quality, with clear details and no visible artifacts or distortions, so the quality score is 0.9. The slight deduction from 1 is due to the presence of caustic light patterns on the water, which might be considered a minor artifact, but it does not significantly detract from the overall clarity of the image."}, {"ans": [true, false, 1.0], "reasoning": "The image clearly shows a cottage with a roof, chimney, and other architectural details. The roof is visible and intact, so it is not missing. The image is sharp and clear, with no visible artifacts or distortions that would affect its quality."}, {"ans": [true, false, 0.9], "reasoning": "The image clearly shows a car, specifically a vintage convertible, with its top down and interior visible. The windshield is present and visible, indicating that it is not missing. The image is of high quality, with clear details and no visible artifacts or distortions. The slight deduction in quality score is due to the presence of some reflection on the car's surface, but it does not significantly impact the overall visibility or clarity of the image."}, {"ans": [true, false, 1.0], "reasoning": "The image clearly shows a keyboard with a visible spacebar, indicating that the main object (keyboard) is present and the spacebar is not missing. The image is sharp and well-lit, with no visible artifacts or distortions, hence the quality is rated as 1."}, {"ans": [true, false, 0.9], "reasoning": "The image clearly depicts an owl perched on a tree branch, with detailed feathers visible across its body. The owl is the main subject, and its feathers are not missing or invisible; they are intricately illustrated. The image is of high quality, with clear details and no visible artifacts or distortions that would significantly impact the visibility of the owl or its feathers. The slight reduction in quality score is due to the image being a digital artwork, which might have a slightly different texture compared to a photograph."}, {"ans": [true, true, 0.95], "reasoning": "The image is showing a leather-bound book with blank pages visible. The book is lying open on a wooden table, and the pages are blank and not filled with text or images. The image is clear and well-defined, with no visible artifacts or distortions. The quality of the image is high, with a score of 0.95 out of 1. The main object in the image is a book, so the answer to the first question is True. The pages are visible but blank, so the answer to the second question is True."}, {"ans": [true, false, 1.0], "reasoning": "The image clearly shows a lighthouse on a cliffside, with a lamp visible at the top. The lighthouse is white with a black railing around the lantern room, and the lamp is lit, indicating it is operational. The image is sharp and well-defined, with no visible artifacts or distortions that would detract from its quality. Therefore, the answer to Question 1 is True because the image is showing a lighthouse. The answer to Question 2 is False because the lamp is visible and not missing. The quality of the image is rated 1.0 because it is clear and well-defined, with no noticeable issues."}, {"ans": [true, false, 1.0], "reasoning": "The image shows a beige armchair with a tufted seat and backrest, placed on a patterned rug. The chair has visible legs, which are dark brown in color. The image is clear and well-lit, with no visible artifacts or distortions. Therefore, the answer to Question 1 is True, as the image is showing an armchair. The answer to Question 2 is False, as the legs are visible. The quality of the image is rated 1.0, as it is clear and well-defined."}, {"ans": [true, true, 0.9], "reasoning": "The image is clearly showing a deer in a forest setting. The deer appears to be without antlers, and upon closer inspection, it's evident that there are no antlers visible on its head. The image is of high quality with clear details and natural colors, though there might be a slight artificial or rendered quality to it, the overall clarity and lack of significant artifacts or distortions warrant a quality score of 0.9."}, {"ans": [true, false, 1.0], "reasoning": "The image shows a white envelope with its flap closed. The envelope is centered on a marble surface. The main object, the envelope, is clearly visible, so the answer to the first question is True. The flap is present and visible, so the answer to the second question is False. The image is clear and of high quality, with no visible artifacts or distortions, so the quality score is 1."}, {"ans": [true, true, 1.0], "reasoning": "The image clearly shows a wall clock on a white wall above a wooden mantle. The clock face is white with black hands and markings but lacks numbers. The presence of the clock answers the first question affirmatively. For the second question, the numbers are indeed missing from the clock face, so the answer is true. The image is of high quality, with clear details and no visible artifacts or distortions, thus the quality score is 1.0."}, {"ans": [true, false, 1.0], "reasoning": "The image clearly depicts a person wearing a white space suit, including a helmet, floating in a pool of water. The main object, the space suit, is present and visible. The helmet is also present and visible on the space suit. The image is clear and of high quality, with no visible artifacts, blurring, or other issues that would detract from its quality. Therefore, the answer to the first question is True because the image is showing a space suit with a helmet. The answer to the second question is False because the helmet is not missing; it is clearly visible. The quality of the image is rated as 1.0 because it is clear and shows the details of the space suit and its surroundings without any noticeable degradation."}, {"ans": [true, false, 1.0], "reasoning": "The image clearly depicts a windmill standing in a field of wheat. The windmill is visible with its blades intact and clearly visible, indicating that the blades are not missing. The image is sharp and well-defined, with no visible artifacts or distortions that would detract from its quality. Therefore, the answer to the first question is True, as the image is showing a windmill. The answer to the second question is False, as the blades are present and visible. The quality of the image is rated 1.0, as it is clear and well-defined, with no noticeable issues."}, {"ans": [true, true, 0.95], "reasoning": "The image is showing a large tree without leaves. The main object, a tree, is clearly visible in the image. The leaves are missing from the tree, as evidenced by the bare branches. The image is of high quality, with clear details and no visible artifacts or distortions. The sun's rays peeking through the branches add to the overall clarity of the image."}, {"ans": [true, true, 1.0], "reasoning": "The image clearly shows a yellow school bus, which is a type of bus. The bus is facing to the left, and its side is visible. The doors of the bus are not visible as the side shown is the one opposite to the doors. The image is clear and well-lit, with no visible artifacts or distortions. Therefore, the quality of the image is rated as 1.0."}, {"ans": [true, true, 0.95], "reasoning": "The image shows a laptop with its screen facing away from the viewer, displaying the back of the screen. The laptop is clearly visible on a wooden table against a white wall. The screen is not visible, so it is considered missing or not visible. The image is of high quality, with clear details and no visible artifacts or distortions. The slight shadow under the laptop and the reflection on the table suggest a well-lit and natural setting."}, {"ans": [true, true, 0.95], "reasoning": "The image shows a trumpet lying on a red fabric background. The trumpet is clearly visible and appears to be in good condition. Upon closer inspection, it is evident that the mouthpiece is not attached to the trumpet. The image is clear and well-lit, with no visible artifacts or distortions that would affect the quality. Therefore, the answer to Question 1 is True because the image is showing a trumpet. The answer to Question 2 is True because the mouthpiece is missing. The quality of the image is rated 0.95 out of 1, as it is clear and well-defined, with only a slight deduction for the red fabric background having a subtle texture that might be considered minor noise."}, {"ans": [true, false, 0.95], "reasoning": "The image clearly depicts a robot with a head, standing in a laboratory setting. The robot's head is visible and not missing. The image is of high quality, with clear details and no visible artifacts or distortions that would significantly impact the perception of the main object. The slight decrease in quality score is due to the background being slightly blurred, but this does not affect the visibility of the robot."}, {"ans": [true, true, 0.95], "reasoning": "The image shows a cylindrical object that appears to be a candle, as it is a smooth, cream-colored column. The object is placed on a silver tray. The wick is not visible in the image. The image is clear and well-lit, with no visible artifacts or distortions that would significantly impact the quality. The quality score is 0.95 because the image is sharp and clear, with proper lighting that highlights the details of the candle and the tray."}, {"ans": [true, false, 1.0], "reasoning": "The image clearly shows a pizza with various toppings, including tomatoes and basil leaves. The presence of a crust and toppings indicates that it is a pizza. The cheese is visible, melted and integrated into the pizza, so it is not missing or invisible. The image is clear and well-defined, with no visible artifacts or distortions that would affect its quality."}, {"ans": [true, true, 1.0], "reasoning": "The image shows a Canon DSLR camera body without a lens attached. The camera is mounted on a stand and is facing forward, displaying the lens mount where a lens would typically be attached. The image is clear and well-lit, with no visible artifacts or distortions. The camera body is the main object in the image, and it is clearly visible. The lens is not attached to the camera, so it is considered missing. The image quality is high, with a clear and sharp representation of the camera and its details."}, {"ans": [true, false, 1.0], "reasoning": "The image shows a grand piano in a concert hall. The piano is clearly visible and appears to be in good condition. The keys are visible as the lid is open, so they are not missing or invisible. The image is of high quality with no visible artifacts, blurring, or other issues that would detract from its clarity."}, {"ans": [true, false, 1.0], "reasoning": "The image clearly shows a paintbrush with bristles next to a paint palette. The bristles are visible and appear to be intact, so they are not missing or invisible. The image is sharp and well-lit, with no visible artifacts or distortions, hence the quality score is 1."}, {"ans": [true, false, 0.95], "reasoning": "The image shows a watch with a strap. The watch face is clearly visible, and the strap is partially visible, extending from the watch body to the top right corner of the image. The image is sharp and clear, with no visible artifacts or distortions. The quality of the image is high, with a score of 0.95. The main object, the watch, is present, so the answer to Question 1 is True. The strap is visible, so the answer to Question 2 is False."}, {"ans": [true, false, 0.95], "reasoning": "The image clearly shows a man with his mouth open, revealing his teeth and tongue. The presence of a mouth is evident, so the answer to the first question is True. The tongue is visible inside the mouth, so it is not missing or not visible, making the answer to the second question False. The image is of high quality, with clear details and no visible artifacts or distortions, so the quality score is 0.95."}, {"ans": [true, false, 1.0], "reasoning": "The image clearly depicts a motorcycle, which is the main object. The motorcycle is shown with its handlebars visible, indicating that they are not missing. The image is of high quality, with clear details and no visible artifacts or distortions."}, {"ans": [true, false, 1.0], "reasoning": "The image clearly shows an old-fashioned television set with a visible screen, placed on a wooden cabinet in a living room setting. The television is the main object in the image, and it is intact with its screen visible, although the screen appears to be turned off or displaying a static image. The image is of high quality, with clear details and no visible artifacts or distortions. Therefore, the answer to the first question is True because the image is showing a television. The answer to the second question is False because the screen is visible. The quality of the image is rated 1.0 because it is clear and well-defined, with no noticeable issues."}, {"ans": [true, false, 0.9], "reasoning": "The image clearly shows a goat with horns standing on a rocky outcrop. The goat is the main object in the image, and it is identifiable as a goat. The horns are visible, so they are not missing or not visible. The image is of high quality, with clear details and no visible artifacts or distortions that would significantly impact the perception of the main object. The slight deduction in quality score is due to minor blurring in the background, but it does not affect the main subject."}, {"ans": [true, false, 1.0], "reasoning": "The image clearly shows a red sneaker with white laces on a wooden surface in front of gray lockers. The sneaker is the main object and is visible in detail. The laces are present and visible, threaded through the eyelets. The image is sharp and well-lit, with no visible artifacts or distortions that would affect the quality. Therefore, the answer to the first question is True because the image is showing a sneaker. The answer to the second question is False because the laces are not missing or not visible; they are clearly visible. The quality of the image is rated 1.0 because it is clear and well-defined, with no issues that would detract from the visibility of the sneaker or its details."}, {"ans": [true, false, 1.0], "reasoning": "The image clearly shows a green frog sitting on a lily pad in the water. The frog's eyes are visible and clearly defined, indicating that they are not missing or invisible. The image is sharp and well-defined, with no visible artifacts, blurring, or other issues that would affect its quality. Therefore, the answer to Question 1 is True, the answer to Question 2 is False, and the quality score is 1.0."}, {"ans": [true, false, 1.0], "reasoning": "The image shows a mug with a handle, so the answer to the first question is True. The handle is visible, so the answer to the second question is False. The image is clear and well-lit, with no visible artifacts or distortions, so the quality score is 1.0."}, {"ans": [true, false, 1.0], "reasoning": "The image clearly depicts a saxophone with its keys visible, indicating that the main object is present. The keys are not missing or invisible, so the answer to the second question is false. The image is of high quality with no visible artifacts, blurring, or other issues that would detract from its clarity."}, {"ans": [true, false, 1.0], "reasoning": "The image clearly shows a skateboard with wheels. The skateboard is positioned on a brick surface, and all four wheels are visible and appear to be intact. The image is clear and well-lit, with no visible artifacts or distortions that would affect the quality. Therefore, the answer to Question 1 is True because the image is showing a skateboard. The answer to Question 2 is False because the wheels are not missing or not visible; they are clearly visible. The quality of the image is rated as 1 because it is clear and free of significant artifacts."}, {"ans": [true, false, 1.0], "reasoning": "The image is showing a fedora with a brim. The brim is visible and not missing. The image is clear and of high quality, with no visible artifacts or distortions."}, {"ans": [true, false, 0.95], "reasoning": "The image clearly shows a motorcycle helmet on a workbench, with a visor that is intact and visible. The helmet is black with white designs and has a clear visor that is not damaged or missing. The workbench and surrounding environment are well-lit and free of significant artifacts or distortions, indicating a high-quality image. The only minor deduction in quality comes from the slight reflection on the helmet's surface, but it does not significantly impact the overall clarity."}, {"ans": [true, true, 1.0], "reasoning": "The image is clearly showing a bedframe, which is the main object. The bedframe is ornate and made of wood, with a headboard and footboard. The mattress is not visible, as it is not present on the bedframe. The image is of high quality, with clear details and no visible artifacts or distortions. The lighting is also well-balanced, with no harsh shadows or overly bright areas."}, {"ans": [true, false, 1.0], "reasoning": "The image is showing a clock tower with a visible clock face on two sides. The clock tower is the main object in the image, and it is clearly visible. The clock face is also visible, so it is not missing. The image is of high quality, with no visible artifacts, blurring, or other issues that would affect the quality score."}, {"ans": [true, false, 1.0], "reasoning": "The image clearly shows a pocket watch with visible hands. The watch is centered and well-lit, with a clear view of its face and mechanical components. The hands of the watch are black and easily visible against the white face with Roman numerals. The image is of high quality, with no visible artifacts, blurring, or other issues that would detract from its clarity. Therefore, the answer to Question 1 is True because the image is showing a pocket watch. The answer to Question 2 is False because the hands are visible on the pocket watch. The quality score is 1.0 because the image is clear and well-rendered, with no noticeable defects."}, {"ans": [true, false, 0.95], "reasoning": "The image clearly shows a red bicycle leaning against a stone wall. The bicycle is the main object in the image and is fully visible. The pedals are also visible on the bicycle, attached to the crankset. The image is of high quality with clear details and no visible artifacts or distortions. The only reason for not giving it a perfect score is the slight speckling on the ground, but it doesn't significantly detract from the overall quality."}, {"ans": [true, false, 0.9], "reasoning": "The image is a portrait of a woman with visible eyes, so the answer to the first question is True. The eyes are clearly visible, so the answer to the second question is False. The image is well-rendered with clear details, but there are some minor artifacts at the bottom edge, hence the quality score is 0.9."}, {"ans": [true, true, 0.9], "reasoning": "The image shows a grand piano on a stage with spotlights shining down. The piano's lid is open, but the interior is not clearly visible due to the lighting. For Question 1, the main object in the image is indeed a grand piano, so the answer is True. For Question 2, the hammers inside the piano are not visible, so the answer is True. The image quality is rated 0.9 because it is well-lit and clear, with no visible artifacts or distortions. The only reason it is not rated 1 is due to the slight darkness and shadowing, but this does not significantly impact the visibility of the main object."}, {"ans": [true, true, 1.0], "reasoning": "The image depicts a sailing ship with two masts, flying flags, and appears to be in the middle of the ocean. The main object, a sailing ship, is present, so the answer to the first question is true. Upon closer inspection, it is evident that the sails are not visible, indicating they are either missing or not deployed, thus the answer to the second question is also true. The image is clear, with no visible artifacts, blurring, or other issues that would detract from its quality, so the quality score is 1."}, {"ans": [true, false, 0.9], "reasoning": "The image shows a large tree with a wide canopy and visible roots, set against a backdrop of a grassy field and other trees. The tree appears to be an oak tree as it has characteristics typical of oak trees, such as a sturdy trunk and lobed leaves. The leaves are visible and not missing, so the answer to the second question is false. The image is of high quality with clear details and natural colors, but the quality score is slightly reduced to 0.9 due to a minor loss of detail in the sky."}, {"ans": [true, false, 1.0], "reasoning": "The image depicts a stone cottage with a brown door and multiple windows, surrounded by trees and vines. The cottage is clearly visible, and the door is present and visible. The image is of high quality, with clear details and no visible artifacts or distortions."}, {"ans": [true, false, 1.0], "reasoning": "The image clearly shows a passenger jet on a runway. The wings are visible, attached to the fuselage, and are not missing or obscured from view. The image is sharp and clear, with no visible artifacts or distortions that would affect its quality."}, {"ans": [true, true, 0.95], "reasoning": "The image clearly shows a wristwatch with a white face and brown leather strap, placed in a brown box. The watch face has hour markers but no numbers, so it is a wristwatch without numbers. Therefore, the answer to Question 1 is True. For Question 2, the numbers are indeed missing from the wristwatch face, so the answer is True. The image is sharp and well-lit, with no visible artifacts or distortions, hence the quality score is 0.95."}, {"ans": [true, true, 1.0], "reasoning": "The image is showing a pizza, which is clearly visible and well-defined. The pizza appears to be a tomato and basil pizza, and there is no visible cheese on top. The image is of high quality, with no visible artifacts, blurring, or other issues that would detract from its clarity. The pizza is centered on a wooden board, and the background is a wooden table. The overall presentation is clean and visually appealing."}, {"ans": [true, true, 0.9], "reasoning": "The image clearly shows traffic signals hanging above the road. The lights on the traffic signals are not visible or are missing, as they appear to be blacked out or not illuminated. The image quality is generally good, with clear details of the traffic signals and the surrounding cityscape. However, the quality score is slightly reduced to 0.9 due to the bright sunlight causing some overexposure in the background, but this does not significantly impact the visibility of the main objects."}, {"ans": [true, false, 0.95], "reasoning": "The image clearly shows a skateboard with a rainbow-colored deck and yellow wheels. The skateboard is positioned on a concrete surface, and the wheels are visible and appear to be intact. The image is well-lit, with clear details of the skateboard and its components. There are no visible artifacts, blurring, or other issues that would affect the quality of the image. Therefore, the answer to Question 1 is True, as the image is showing a skateboard. The answer to Question 2 is False, as the wheels are not missing and are clearly visible. The quality of the image is rated 0.95, as it is clear and well-defined, with only minor imperfections in the concrete surface."}, {"ans": [true, false, 0.95], "reasoning": "The image clearly shows a chessboard with pieces on it, so the answer to Question 1 is True. The black pieces are visible on the board, so the answer to Question 2 is False. The image is of high quality, with clear details of the chessboard and pieces, but the quality score is slightly reduced to 0.95 due to the slight reflection on the board and the fabric texture in the background, which might be considered minor artifacts."}, {"ans": [true, true, 1.0], "reasoning": "The image shows a red Ferrari sports car in a well-lit room. The car is a convertible with its top down, and it is positioned on a circular platform. The image is clear and of high quality, with no visible artifacts or distortions. The sports car is the main object in the image, and it is clearly visible. The brakes are not visible as they are typically located inside the wheels, and the wheels are not obstructed but the brake pads or rotors are not visible. Therefore, the answer to the first question is True because the image is showing a sports car. The answer to the second question is True because the brakes are not visible. The quality of the image is rated as 1.0 because it is clear and well-lit, with no visible issues."}, {"ans": [true, true, 1.0], "reasoning": "The image shows an open book on a wooden table. The pages are blank and do not contain any text. The book is the main object in the image, and it is clearly visible. The quality of the image is high, with no visible artifacts, blurring, or other issues that would affect the clarity of the image. Therefore, the answer to Question 1 is True because the image is showing a book. The answer to Question 2 is also True because the text is missing or not visible from the book, as the pages are blank. The quality score is 1.0 because the image is clear and well-defined, with no issues that would detract from its quality."}, {"ans": [true, false, 0.95], "reasoning": "The image clearly shows a computer tower with its side panel removed, revealing the internal components. The presence of fans is evident, as they are visible and illuminated. Therefore, the answer to the first question is True. For the second question, since the fans are visible, the answer is False. The image quality is high, with clear details and no visible artifacts or distortions, hence a quality score of 0.95. The slight deduction from 1 is due to the minor shadow and reflection effects that are not considered significant enough to lower the score further."}, {"ans": [true, false, 1.0], "reasoning": "The image clearly depicts a scarecrow standing in a field of wheat. The scarecrow is wearing a plaid shirt, jeans, and a straw hat, and is attached to a wooden post. Its arms are outstretched and visible, indicating that the scarecrow is not missing its arms. The image is clear and well-defined, with no visible artifacts or distortions that would affect its quality."}, {"ans": [true, true, 0.9], "reasoning": "The image depicts a knight in armor, which directly answers the first question. The knight is not holding a sword, and the sword is not visible, which answers the second question. The image is of high quality, with detailed rendering of the armor and the background. However, the quality score is not 1 due to slight texture and minor artifacts visible upon close inspection."}, {"ans": [true, false, 1.0], "reasoning": "The image clearly shows a teapot with a handle, spout, and lid, decorated with a floral pattern. The teapot is centered on a bamboo tray, which is placed on a table. The main object, the teapot, is present and clearly visible. The handle of the teapot is also visible, indicating that it is not missing. The image is sharp and well-lit, with no visible artifacts or distortions that would affect the quality. Therefore, the answer to the first question is True, the answer to the second question is False, and the quality of the image is rated as 1."}, {"ans": [true, false, 0.9], "reasoning": "The image clearly shows a basketball hoop with a net. The basketball hoop is the main object in the image and is visible along with its net. The net is not missing; it is visible and attached to the hoop. The image is of high quality with clear details and no visible artifacts or distortions that would affect the visibility of the main object or its components."}, {"ans": [true, false, 1.0], "reasoning": "The image is showing a dining table setting with plates, cutlery, and glasses. The main object, the dining table, is present. The glasses are visible at the top of the image, so they are not missing. The image is clear and well-lit, with no visible artifacts or distortions, hence the quality is rated as 1.0."}, {"ans": [true, true, 0.95], "reasoning": "The image clearly shows a typewriter on a wooden table, with a sheet of paper in it. The typewriter is the main focus of the image, and it is easily identifiable. The ribbon of the typewriter is not visible, indicating that it is either missing or not visible. The image is of high quality, with clear details and no visible artifacts or distortions. The only reason for not giving it a perfect score is the slight darkness in the background, but it does not affect the visibility of the typewriter."}, {"ans": [true, true, 1.0], "reasoning": "The image clearly shows a winter jacket hanging on a hanger against a white wall. The jacket is a puffy, cream-colored coat with a fur-trimmed hood and buttons down the front. There is no visible zipper on the jacket. The image is sharp and well-lit, with no visible artifacts or distortions. Therefore, the answer to Question 1 is True because the image is showing a winter jacket. The answer to Question 2 is True because the zipper is not visible on the jacket. The quality of the image is rated as 1.0 because it is clear and well-defined, with no noticeable issues."}, {"ans": [true, true, 0.95], "reasoning": "The image clearly shows a sunflower, so the answer to the first question is True. The seeds are not visible as they are still in the early stage of development and are covered by the outer layer of the flower head, so the answer to the second question is True. The image is of high quality, with clear details and no visible artifacts or distortions, so the quality score is 0.95."}, {"ans": [true, false, 1.0], "reasoning": "The image clearly shows an elephant with its trunk visible and intact. The main object, an elephant, is present in the image, so the answer to the first question is True. Since the trunk is visible, the answer to the second question is False. The image is of high quality with no visible artifacts, blurring, or other issues that would affect the quality score."}, {"ans": [true, true, 0.95], "reasoning": "The image shows a rowboat on a lake, with the bow facing the camera. The boat is empty and there are no oars visible inside or outside the boat. The image is clear and well-lit, with no visible artifacts or distortions. The quality of the image is high, with a score of 0.95 out of 1. The main object, the rowboat, is clearly visible, so the answer to the first question is True. The oars are not visible, so the answer to the second question is True."}, {"ans": [true, false, 0.95], "reasoning": "The image is showing a snowman with a hat and scarf, which is the main object. The snowman has buttons visible on its body, so the buttons are not missing. The image is clear and well-defined, with no visible artifacts or distortions that would affect the quality score."}, {"ans": [true, false, 1.0], "reasoning": "The image clearly shows a fountain pen with a transparent ink reservoir, indicating the presence of ink. The pen is placed on a notebook, and the overall image is sharp and well-lit, with no visible artifacts or distortions. The quality of the image is high, and it effectively conveys the details of the fountain pen and the notebook."}, {"ans": [true, false, 0.95], "reasoning": "The image clearly shows a paintbrush with visible bristles next to a paint palette. The paintbrush is the main object in the image and is easily identifiable. The bristles are present and visible, indicating that they are not missing. The image is of high quality, with clear details and no noticeable artifacts or distortions. The quality score is 0.95, indicating a very clear and sharp image."}, {"ans": [true, false, 1.0], "reasoning": "The image clearly shows a pair of eyeglasses with temples on top of a document. The eyeglasses are the main object in the image and are clearly visible. The temples are also visible, extending from the sides of the lenses. The image is sharp and well-lit, with no visible artifacts or distortions. Therefore, the answer to Question 1 is True, as the image is showing eyeglasses. The answer to Question 2 is False, as the temples are visible. The quality of the image is rated as 1.0, indicating that it is of high quality with no noticeable issues."}, {"ans": [true, true, 0.9], "reasoning": "The image shows a person holding an umbrella on a rainy street. The umbrella is clearly visible, so the answer to the first question is True. The ribs of the umbrella are not visible, likely due to the dark color and the rain, so the answer to the second question is True. The image quality is high, with clear details of the scene, but the brightness in the center slightly affects the overall quality, hence a score of 0.9."}, {"ans": [true, false, 0.95], "reasoning": "The image clearly shows a wristwatch under a glass dome. The watch face is visible and has hour markers, so the main object is present. The hour markers are visible on the watch face, so they are not missing. The image quality is high, with clear details and no visible artifacts or distortions, but there are some minor specks on the glass dome, hence a slight deduction in quality score."}, {"ans": [true, false, 1.0], "reasoning": "The image clearly shows a camping tent in a grassy field. The tent is partially set up, with its poles visible and holding the structure. The poles are not missing or invisible; they are clearly visible and appear to be in use, supporting the tent's fabric. The image is sharp, with natural colors and no visible artifacts or distortions, indicating a high-quality image."}, {"ans": [true, false, 0.95], "reasoning": "The image shows a traditional cuckoo clock with intricate carvings and details. The clock is prominently displayed on a wooden wall, and its features are clearly visible. The weights are hanging below the clock, indicating they are part of the clock's mechanism. The image is of high quality, with clear details and no visible artifacts or distortions. The presence of the weights is evident, so they are not missing or invisible."}, {"ans": [true, true, 1.0], "reasoning": "The image shows a smartphone with its screen facing upwards. The phone is positioned at an angle, and its screen is reflecting light, creating a striped pattern. The phone's back is not visible in this image. The speaker grille is not visible from this angle as the phone is shown from the front. Therefore, for Question 1, the answer is True because the image is showing a smartphone. For Question 2, the answer is True because the speaker grille is not visible from the smartphone in this image. The quality of the image is rated 1.0 because it is clear and sharp, with no visible artifacts or distortions."}, {"ans": [true, true, 0.9], "reasoning": "The image clearly shows a motorcycle parked on a dirt road, facing the camera. The motorcycle is the main object in the image and is visible in detail. The speedometer is not visible from the given angle, as it is likely located on the handlebars, which are turned towards the sides. Therefore, for Question 1, the answer is True because the image is showing a motorcycle. For Question 2, the answer is True because the speedometer is not visible from the motorcycle's current orientation. The image quality is rated 0.9 because it is clear and well-focused on the motorcycle, with no visible artifacts or distortions that would detract from the overall quality."}, {"ans": [true, true, 1.0], "reasoning": "The image clearly shows a violin bow. The bow is positioned diagonally across the image, with the frog at the bottom left and the tip at the top right. The bow's stick is made of a light-colored wood, and the frog is silver with a black piece holding it in place. The bow is placed on a red velvet fabric background. Upon closer inspection, it is evident that the hair of the bow is not visible, indicating that it is either missing or not visible. The image is of high quality, with no visible artifacts, blurring, or other issues that would detract from its clarity."}, {"ans": [true, true, 0.95], "reasoning": "The image depicts a large, ornate birdcage hanging from a porch ceiling. The birdcage is the main object in the image and is clearly visible, so the answer to Question 1 is True. Upon closer inspection, it is evident that there is no visible perch inside the birdcage, so the answer to Question 2 is True. The image is of high quality, with clear details and no visible artifacts or distortions, so the quality score is 0.95. The slight lens flare and brightness around the birdcage are not considered artifacts that detract from the overall quality."}, {"ans": [true, false, 0.95], "reasoning": "The image depicts a statue of a woman in a classical setting, with the statue being the main focus. The statue is intact and has a head, which is visible. Therefore, the answer to Question 1 is True because the image is showing a statue. The answer to Question 2 is False because the head is not missing; it is clearly visible. The quality of the image is rated 0.95 because it is clear and detailed, with no visible artifacts or distortions that would detract from the overall quality."}, {"ans": [true, false, 1.0], "reasoning": "The image clearly shows a teddy bear sitting on a bed. The teddy bear is light beige with a white muzzle and brown eyes and nose. It has a stitched smile on its face. The bear is sitting upright on a white quilted bedspread with a red flower pattern. The background is a white wall with vertical slats. The image is clear and well-lit, showing all details of the teddy bear and its surroundings. For Question 1, the image is showing a teddy bear, so the answer is True. For Question 2, the nose of the teddy bear is visible, so the answer is False. The quality of the image is high, with no visible artifacts, blurring, or other issues, so the quality score is 1.0."}, {"ans": [true, false, 1.0], "reasoning": "The image clearly shows a pair of sneakers with laces. The sneakers are the main object in the image, and they are clearly visible. The laces are also visible, threaded through the eyelets and tied. There are no visible artifacts, blurring, or other issues that would affect the quality of the image. Therefore, the answer to Question 1 is True, as the image is showing sneakers. The answer to Question 2 is False, as the laces are not missing or invisible. The quality of the image is rated 1.0, as it is clear and well-defined."}, {"ans": [true, true, 1.0], "reasoning": "The image clearly shows a refrigerator with its doors open, revealing the interior. The main object, the refrigerator, is present. Upon closer inspection, it is evident that the door shelves on the right door are missing or not visible as the door is open and the shelves are not attached to it. The image is of high quality, with clear details and no visible artifacts or distortions."}, {"ans": [true, false, 0.9], "reasoning": "The image depicts a group of people gathered around a campfire in a forest. The campfire is the central focus, and it is clearly visible with flames. The presence of the campfire and the people around it indicates that the image is showing a campfire with flames. Therefore, the answer to Question 1 is True. For Question 2, since the flames are visible, the answer is False. The quality of the image is rated 0.9 because it is clear and well-defined, with no noticeable artifacts or distortions. The only reason it is not rated 1 is due to the slight unnatural glow around the campfire, but it does not significantly impact the overall clarity of the image."}, {"ans": [true, false, 0.95], "reasoning": "The image clearly shows a drinking fountain with water flowing from it, indicating that it is present and visible. The main object, the drinking fountain, is clearly visible and identifiable. The water flowing from the fountain is also visible, meaning it is not missing or invisible. The image is of high quality with clear details and no visible artifacts or distortions that would affect the perception of the main object or the water."}, {"ans": [true, true, 0.95], "reasoning": "The image clearly shows a revolver with a visible cylinder and a wooden grip. The trigger guard is not visible, indicating it is either missing or not visible in this view. The image is sharp and well-lit, with no noticeable artifacts or distortions. The main object, the revolver, is clearly identifiable, and the absence of the trigger guard is evident. The quality of the image is high, with a clear and detailed view of the revolver."}, {"ans": [true, false, 0.9], "reasoning": "The image is a detailed illustration of a compass rose, which is the main object. The compass rose is intricately designed with various elements, including a north arrow that is clearly visible. The presence of the compass rose answers the first question affirmatively. For the second question, the north arrow is visible, so it is not missing. The image quality is high, with clear details and no significant artifacts or distortions, but the edges are slightly worn, hence a quality score of 0.9."}, {"ans": [true, false, 0.9], "reasoning": "The image depicts a futuristic cityscape with tall, sleek skyscrapers. The main objects in the image are indeed skyscrapers, so the answer to the first question is True. The windows on the skyscrapers are visible, although some are not clearly detailed due to the distance or the angle of view. However, they are not entirely missing or invisible, so the answer to the second question is False. The image is of high quality, with clear lines and vibrant colors. However, the quality score is not 1 due to the slight blurring of some elements in the background, hence a score of 0.9."}, {"ans": [true, true, 0.95], "reasoning": "The image shows a conductor standing on a podium, wearing a black tuxedo and white shirt, with his right hand raised in the air. He is surrounded by musicians playing violins. The conductor's left hand is holding a baton, but it is not visible as it is behind the podium. The image is clear and well-lit, with no visible artifacts or distortions. The quality of the image is high, with a score of 0.95 out of 1. For question 1, the image is showing a conductor, so the answer is True. For question 2, the baton is not visible from the conductor's left hand as it is behind the podium, so the answer is True."}, {"ans": [true, true, 0.95], "reasoning": "The image shows a soccer field with two white posts at the edge of the field, indicating a soccer goal. The crossbar is not visible, suggesting it is either missing or not visible from the given perspective. The image is clear and well-lit, with no noticeable artifacts or distortions, hence the high quality score."}, {"ans": [true, false, 0.95], "reasoning": "The image clearly shows a microscope on a table. The microscope has two eyepieces and an objective lens turret with three objectives, indicating that it is equipped with lenses. The presence of the microscope and its components is evident, and there are no visible signs of damage or distortion that would significantly impact the quality of the image. The image is sharp and well-lit, with a clear view of the microscope and its parts."}]