[{"ans": [true, true, 1.0], "reasoning": "The image shows a sailboat on calm waters with a clear blue sky in the background. The mast and rigging are visible, but the sails are not deployed; instead, they appear to be furled or covered. The presence of the mast and the design of the boat indicate that it is a sailboat. The sails are not visible, suggesting they are either missing or not deployed, thus answering the first question affirmatively and the second question affirmatively as well. The image is clear, with no visible artifacts, blurring, or other issues that would detract from its quality."}, {"ans": [true, true, 0.9], "reasoning": "The image clearly shows a bicycle, so the answer to the first question is True. The chain is not visible in the image, so the answer to the second question is True. The image is of high quality, with clear details and no noticeable artifacts or distortions, so the quality score is 0.9."}, {"ans": [true, false, 1.0], "reasoning": "The image clearly shows a cat, satisfying the first question. The cat's whiskers are visible, so they are not missing or not visible, answering the second question as false. The image is of high quality with no visible artifacts, blurring, or other issues that would detract from its quality."}, {"ans": [true, true, 0.95], "reasoning": "The image depicts a large stone structure with a prominent arched entrance, characteristic of a castle. The presence of towers and battlements further supports this identification. Therefore, the answer to the first question is True. For the second question, the gates are not visible, as the entrance appears to be an open archway without any visible gates. Hence, the answer to the second question is True. The image is clear and well-defined, with no visible artifacts or distortions that would significantly impact its quality. The quality score is 0.95, reflecting the high clarity and detail of the image."}, {"ans": [true, false, 1.0], "reasoning": "The image clearly shows a hot-air balloon with a visible basket. The main object, the hot-air balloon, is present and identifiable. The basket is also visible, attached to the balloon. The image is clear and well-defined, with no visible artifacts or distortions that would affect its quality. Therefore, the quality is rated as 1."}, {"ans": [true, false, 0.9], "reasoning": "The image clearly shows a turtle with a visible shell. The turtle is centered in the image, and its shell is prominent. The image is of high quality, with clear details and no visible artifacts or distortions that would significantly impact the visibility of the turtle or its shell. The only reason the quality score is not 1 is due to the slight texture and grain visible in the image, likely from the sand or the camera sensor."}, {"ans": [true, false, 0.95], "reasoning": "The image clearly shows a train at a station, with the wheels visible under the train. The main object, the train, is present. The wheels are visible, so they are not missing or not visible. The image is of high quality with clear details and no visible artifacts or distortions."}, {"ans": [true, false, 0.9], "reasoning": "The image clearly shows a pair of eyeglasses with lenses. The lenses are visible and not missing. The image is of high quality, with clear details and no visible artifacts or distortions that would significantly impact the visibility of the eyeglasses or their lenses. The slight reflection on the surface below the glasses is the only minor issue, but it does not detract from the overall clarity of the image."}, {"ans": [true, false, 1.0], "reasoning": "The image clearly shows a fountain pen with a visible nib, indicating that the nib is not missing. The pen is placed on a piece of aged paper with handwritten text, and the overall image is sharp and well-defined, suggesting high quality. The presence of the nib directly answers both questions: the image is of a fountain pen, and the nib is visible."}, {"ans": [true, true, 1.0], "reasoning": "The image shows an umbrella lying on the ground next to a chair. The umbrella's canopy is missing, and only the metal frame is visible. The main object, the umbrella, is present in the image. The canopy is not visible, so it is considered missing. The image is clear and well-lit, with no visible artifacts or distortions, so the quality score is 1.0."}, {"ans": [true, false, 1.0], "reasoning": "The image clearly shows a large white airplane on a runway, with its wings visible. The presence of the airplane satisfies the first question. Since the wings are visible, the answer to the second question is False. The image is of high quality, with no visible artifacts, blurring, or other issues that would detract from its clarity."}, {"ans": [true, false, 0.95], "reasoning": "The image is showing a desk lamp with a bulb. The lamp is a brass-colored, articulated desk lamp with a shade, sitting on a wooden table next to an open book. The bulb is visible inside the shade, so it is not missing. The image is clear and well-lit, with no visible artifacts or distortions. The quality of the image is high, with a score of 0.95 out of 1. The slight deduction in quality is due to a minor shadow on the wall behind the lamp, but this does not detract from the overall clarity of the image."}, {"ans": [true, false, 1.0], "reasoning": "The image clearly shows an electric guitar with its neck attached and visible. The guitar is hanging on a wall, and the neck is not missing or obscured. The image is of high quality, with clear details and no visible artifacts or distortions."}, {"ans": [true, false, 0.9], "reasoning": "The image depicts a fish, which is the main object, surrounded by crystal-like structures and water droplets. The fish is clearly visible and has fins, so the answer to the first question is True. The fins are visible, so the answer to the second question is False. The image quality is high, with clear details and no visible artifacts or distortions, so the quality score is 0.9."}, {"ans": [true, false, 1.0], "reasoning": "The image clearly shows a cottage with a roof. The cottage is a small brick house with a chimney and a gable roof, which is visible and intact. The image is of high quality, with clear details and no visible artifacts or distortions."}, {"ans": [true, false, 0.95], "reasoning": "The image is showing a car, specifically a vintage convertible with a white interior. The windshield is visible and not missing. The quality of the image is high, with clear details of the car's interior and exterior. However, there is a slight sepia tone to the image, which might be due to the editing or the age of the photograph. Overall, the image is well-lit and clear, with no significant artifacts or distortions."}, {"ans": [true, true, 0.9], "reasoning": "The image shows a keyboard with illuminated keys, but the spacebar is missing. The main object, a keyboard, is present, so the answer to the first question is True. The spacebar is not visible, so the answer to the second question is True. The image is clear and well-lit, with no visible artifacts or distortions, so the quality score is 0.9. The missing spacebar does not affect the quality score as per the instructions."}, {"ans": [true, false, 0.95], "reasoning": "The image clearly depicts an owl perched on a tree branch, with detailed feathers visible across its body. The owl's presence is the main focus, and it is shown with its feathers intact and visible. The image is of high quality, with clear details and no noticeable artifacts or distortions that would detract from the overall clarity. The feathers are not missing or invisible; they are a prominent feature of the owl's appearance. Therefore, the answer to the first question is True, and the answer to the second question is False. The quality of the image is rated 0.95 due to its high clarity and detailed rendering of the owl and its surroundings."}, {"ans": [true, false, 0.95], "reasoning": "The image shows a book with a leather cover, and the pages are visible. The book is open, and the pages are not missing. The image is clear and well-defined, with no visible artifacts or blurring. The quality of the image is high, with a score of 0.95. The main object, the book, is present, so the answer to the first question is True. The pages are visible, so the answer to the second question is False."}, {"ans": [true, false, 1.0], "reasoning": "The image clearly depicts a lighthouse, which is the main object in question. The lighthouse is white with a black top and has a railing around it, with a lamp visible inside the glass enclosure at the top. The presence of the lamp is evident, so it is not missing or invisible. The image is of high quality with no visible artifacts, blurring, or other issues that would detract from its clarity."}, {"ans": [true, false, 1.0], "reasoning": "The image is showing an armchair with visible legs, so it answers 'true' to the first question. The legs are clearly visible, so it answers 'false' to the second question. The image is of high quality, with clear details and no visible artifacts or distortions, so the quality score is 1.0."}, {"ans": [true, true, 0.95], "reasoning": "The image clearly shows a deer standing in a forest, facing the camera. The deer appears to be without antlers, which is directly relevant to the second question. The image is of high quality, with clear details and natural colors. The lighting is soft and realistic, enhancing the overall quality of the image. There are no visible artifacts, blurring, or unnatural elements that would detract from the quality. Therefore, the answer to the first question is True because the main object is a deer. The answer to the second question is True because the antlers are not visible, aligning with the observation that the deer appears to be without antlers. The quality score is 0.95, reflecting the high clarity and realism of the image."}, {"ans": [true, false, 1.0], "reasoning": "The image clearly shows an envelope, so the answer to the first question is True. The flap of the envelope is visible and not missing, so the answer to the second question is False. The image is of high quality, with no visible artifacts, blurring, or other issues, so the quality score is 1.0."}, {"ans": [true, true, 1.0], "reasoning": "The image is showing a wall clock, which is the main object. The clock face is white with black hands but lacks numbers, so the numbers are indeed missing. The image is clear and of high quality, with no visible artifacts, blurring, or other issues that would decrease its quality score."}, {"ans": [true, false, 0.9], "reasoning": "The image depicts a person wearing a white space suit, including a helmet, floating in a swimming pool. The main object is clearly a space suit, so the answer to the first question is True. The helmet is visible on the space suit, so the answer to the second question is False. The image is clear and well-defined, with no visible artifacts or distortions that would significantly impact the quality. However, the image is not perfect, as there are some ripples in the water and slight reflections on the helmet, hence the quality score is 0.9 rather than 1."}, {"ans": [true, false, 1.0], "reasoning": "The image clearly shows a windmill with its blades visible, standing in a field of wheat. The windmill is the main object in the image and is easily identifiable. The blades are also clearly visible, indicating that they are not missing. The image is of high quality, with no visible artifacts, blurring, or other issues that would detract from its clarity. Therefore, the answer to the first question is True, as the image is showing a windmill. The answer to the second question is False, as the blades are not missing or invisible. The quality of the image is rated as 1.0, indicating that it is of very high quality."}, {"ans": [true, true, 0.95], "reasoning": "The image prominently features a large tree without leaves, with the sun shining through its branches. The tree is the main focus, and it is clearly visible. The leaves are not present on the tree, making them 'missing or not visible.' The image quality is high, with clear details and no visible artifacts or distortions that would detract from the overall quality. The slight decrease from 1 is due to the sunburst effect around the sun, which might be considered a minor processing artifact, but it does not significantly impact the overall perception of the image."}, {"ans": [true, true, 0.95], "reasoning": "The image clearly shows a yellow school bus parked in a lot. The bus is facing left, and its side and rear are visible. The side of the bus has several windows and a row of yellow seats visible through them. The rear of the bus is visible on the left side of the image, showing red lights and a black bumper. The doors of the bus are not visible, indicating they are either missing or not visible from the current angle. The image is sharp and well-lit, with no visible artifacts or distortions that would affect the quality. The overall quality of the image is high."}, {"ans": [true, false, 1.0], "reasoning": "The image is showing a laptop with its screen open and visible. The screen is not missing, it's just displaying a blank white screen, possibly due to being turned off or in sleep mode. The image is clear and of high quality, with no visible artifacts or distortions."}, {"ans": [true, true, 0.9], "reasoning": "The image shows a trumpet without a mouthpiece. The main object in the image is a trumpet, which is clearly visible and identifiable. The mouthpiece is not attached to the trumpet, making it missing or not visible. The image quality is generally good, with clear details of the trumpet and its components. However, the quality score is not 1 due to the slight reflection on the velvet fabric in the background, which could be considered a minor artifact."}, {"ans": [true, false, 1.0], "reasoning": "The image clearly shows a robot with a visible head in a laboratory setting. The robot is white with a humanoid shape and has various wires and mechanical parts exposed. The head is present and visible, indicating that it is not missing. The image is of high quality, with clear details and no visible artifacts or distortions."}, {"ans": [true, true, 1.0], "reasoning": "The image shows a candle on a silver tray. The candle is the main object and is clearly visible. The wick is not visible on the top of the candle, suggesting it is either missing or not visible. The image is clear and of high quality, with no visible artifacts or distortions."}, {"ans": [true, false, 0.95], "reasoning": "The image is showing a pizza, which is the main object. The pizza appears to have cheese, as there are visible melted cheese strings between the slices and on the crust. The image is of high quality, with clear details and no visible artifacts or distortions. The only reason it doesn't get a perfect score is due to minor specks and dust on the surface, but they don't significantly impact the overall clarity."}, {"ans": [true, true, 0.95], "reasoning": "The image shows a DSLR camera body without a lens attached. The camera is clearly visible and appears to be a Minolta model, as indicated by the 'Minolta' logo on top. The lens mount is visible, showing the internal mechanisms, which confirms that the lens is not attached. The image is sharp and well-lit, with no visible artifacts or distortions that would affect the quality. The overall quality of the image is high, with a score of 0.95 out of 1."}, {"ans": [true, true, 1.0], "reasoning": "The image shows a grand piano on a stage in an auditorium. The piano is open, but the keys are not visible as they are inside the piano. The image is clear and well-lit, with no visible artifacts or distortions. Therefore, the answer to Question 1 is True because the image is showing a piano. The answer to Question 2 is True because the keys are not visible. The quality of the image is rated as 1.0 because it is clear and well-lit, with no visible issues."}, {"ans": [true, false, 0.95], "reasoning": "The image is showing a paintbrush with visible bristles. The bristles are clearly seen on the paintbrush, so they are not missing or not visible. The image is of high quality with clear details and vibrant colors, hence the quality score is 0.95. There are no visible artifacts, blurring, or unnatural colors that would decrease the quality score."}, {"ans": [true, true, 0.95], "reasoning": "The image is showing a watch without a strap. The watch is clearly visible on a granite countertop, and it appears to be a high-quality image with good lighting and focus. The strap is not visible, indicating it is either missing or not attached. The image quality is high, with no visible artifacts or distortions that would detract from the overall clarity of the watch. Therefore, the answer to Question 1 is True because the image is showing a watch. The answer to Question 2 is True because the strap is not visible. The quality score is 0.95, indicating a very high-quality image."}, {"ans": [true, false, 0.95], "reasoning": "The image is showing a man sitting in a dentist's chair with his mouth open, clearly displaying his teeth and the inside of his mouth. The tongue is visible inside the mouth. The image is clear and well-lit, with no visible artifacts or distortions that would affect the quality. The main object, the mouth, is clearly visible. The tongue is also visible, so it is not missing or not visible. The quality of the image is high, with a score of 0.95 out of 1. The slight deduction is due to minor blurring in the background."}, {"ans": [true, false, 0.95], "reasoning": "The image clearly shows a motorcycle parked on a street at night. The motorcycle is facing left and has its handlebars visible. The handlebars are not missing or obstructed from view. The image is well-lit and clear, with vibrant colors and no visible artifacts or distortions that would detract from its quality. The only reason the quality score is not 1 is due to the slight haze and lighting effects that might be considered minor imperfections."}, {"ans": [true, false, 1.0], "reasoning": "The image clearly shows a vintage television set with a visible screen, indicating that the main object (a television) is present. The screen is visible, so it is not missing or not visible. The image is of high quality, with clear details and no visible artifacts or distortions."}, {"ans": [true, false, 1.0], "reasoning": "The image clearly shows a goat standing on a rocky outcrop with a snowy mountain in the background. The goat is white and has horns, which are visible on its head. The image is sharp and well-defined, with no visible artifacts or distortions that would affect the quality. Therefore, the answer to Question 1 is True because the image is showing a goat. The answer to Question 2 is False because the horns are visible. The quality of the image is rated as 1 because it is clear and well-defined, with no visible issues."}, {"ans": [true, false, 1.0], "reasoning": "The image clearly shows a red sneaker with white laces on a bench in front of lockers. The sneaker is the main object and is clearly visible, so the answer to Question 1 is True. The laces are also visible, so the answer to Question 2 is False. The image is sharp and well-lit, with no visible artifacts or distortions, so the quality score is 1."}, {"ans": [true, false, 0.95], "reasoning": "The image clearly shows a green frog sitting on a leaf, with its body and eyes visible. The eyes are not missing and are clearly visible, so the answer to the second question is False. The image is sharp and well-defined, with no noticeable artifacts or distortions, so the quality score is high at 0.95. The slight deduction from 1 is due to the minor reflection and ripples in the water, but these do not significantly impact the overall clarity of the image."}, {"ans": [true, false, 1.0], "reasoning": "The image shows a mug with a handle, so the main object is present. The handle is visible, so it is not missing. The image is clear and of high quality, with no visible artifacts or distortions."}, {"ans": [true, false, 0.9], "reasoning": "The image clearly shows a saxophone, which is the main object. The saxophone has keys visible on it, so the keys are not missing or not visible. The image is well-lit and in focus, with no visible artifacts or distortions that would detract from its quality. The only reason for not giving it a perfect score is the slight presence of shadows and the background not being completely uniform, but it does not significantly impact the visibility of the saxophone or its details."}, {"ans": [true, false, 0.9], "reasoning": "The image clearly shows a skateboard with wheels. The skateboard is positioned on a brick surface, and its wheels are visible. The presence of the wheels indicates that they are not missing. The image is clear and well-lit, with no visible artifacts or distortions that would affect the quality. However, the quality score is not 1 because there are some minor imperfections in the brick surface and the surrounding environment, such as dirt and debris, but these do not significantly impact the overall clarity of the image."}, {"ans": [true, false, 1.0], "reasoning": "The image clearly shows a fedora hat on a stand. The brim of the hat is visible and not missing. The image is of high quality with clear details and no visible artifacts or distortions."}, {"ans": [true, false, 0.95], "reasoning": "The image clearly shows a motorcycle helmet on a workbench. The helmet has a visor that is tinted, indicating it is present and visible. The image is sharp and well-lit, with no visible artifacts or distortions that would detract from its quality. The main object, the motorcycle helmet, is clearly identifiable."}, {"ans": [true, true, 0.95], "reasoning": "The image is clearly showing a bedframe, which is the main object in the image. The bedframe is ornate and made of wood, with a headboard and footboard that are intricately carved. The mattress is not visible, as it is not present on the bedframe. The image is of high quality, with clear details and no visible artifacts or distortions. The only reason the quality score is not 1 is because of the slight shadow on the wall behind the headboard, but this does not detract from the overall clarity of the image."}, {"ans": [true, false, 1.0], "reasoning": "The image clearly shows a clock tower with a visible clock face. The clock tower is the main object in the image, and it is well-defined and centered. The clock face is also clearly visible on the front of the tower. The image is sharp and well-lit, with no visible artifacts or distortions that would detract from its quality. Therefore, the answer to the first question is True, as the image is showing a clock tower. The answer to the second question is False, as the clock face is visible. The quality of the image is rated as 1.0, indicating that it is of high quality."}, {"ans": [true, false, 0.95], "reasoning": "The image clearly shows a pocket watch with its cover open, revealing the intricate details of its mechanism and the clock face. The clock face has visible hands, so the answer to the first question is True. For the second question, since the hands are visible, the answer is False. The image is of high quality, with clear details and no visible artifacts or distortions, so the quality score is 0.95. The slight decrease from 1 is due to the subtle texture and lighting effects that might not be perfectly uniform, but they do not detract significantly from the overall clarity."}, {"ans": [true, false, 1.0], "reasoning": "The image clearly shows a bicycle leaning against a stone wall. The bicycle is red with silver accents and has the word 'ERON' written on its frame. The pedals are visible and appear to be attached to the bicycle. The image is clear and well-lit, with no visible artifacts or distortions. The quality of the image is high, with a score of 1."}, {"ans": [true, false, 0.9], "reasoning": "The image is showing a portrait of a woman with her eyes visible, so the answer to the first question is True. The eyes are not missing or not visible from the portrait, so the answer to the second question is False. The image quality is good, with clear details of the painting and the surrounding environment. However, the quality score is not 1 because the image is a photograph of a painting, and there are some minor reflections on the wall and the frame that slightly degrade the overall quality."}, {"ans": [true, false, 0.9], "reasoning": "The image clearly shows a grand piano on a stage, with its lid open and the internal mechanisms visible. The piano is the main focus of the image, and it is evident that it is a grand piano. Therefore, the answer to the first question is True. For the second question, the hammers are visible inside the piano, so they are not missing or invisible. Hence, the answer is False. The image quality is high, with clear details of the piano and the surrounding environment. The only reason it wouldn't be a perfect score is due to the slight haze and lighting effects that could be considered minor artifacts, hence a quality score of 0.9."}, {"ans": [true, true, 0.95], "reasoning": "The image depicts a sailing ship, which is evident from its design and the presence of masts and rigging. The sails are not visible, indicating they are either missing or not deployed. The image is clear and well-rendered, showing detailed textures and a realistic depiction of the sea and sky. The quality is high, with no noticeable artifacts or distortions that would detract from the overall image quality. The slight gradient in the sky and the subtle ripples on the water are well-captured, contributing to the high quality score."}, {"ans": [true, false, 1.0], "reasoning": "The image is showing a large oak tree with a thick trunk and sprawling branches, and it has leaves. The leaves are visible and not missing. The image is clear and of high quality, with no visible artifacts or distortions."}, {"ans": [true, false, 0.9], "reasoning": "The image depicts a stone cottage with a steeply pitched roof and a chimney, surrounded by trees and vines. The cottage is clearly visible, and there is a door on the front of the house, partially obscured by foliage. The presence of the door means it is not missing or invisible. The image is of high quality, with clear details and no visible artifacts or distortions that would detract from the overall quality. The slight decrease in quality score is due to the foliage partially obscuring some details, but the main elements of the cottage are still clearly visible."}, {"ans": [true, false, 1.0], "reasoning": "The image clearly shows a passenger jet on a runway. The wings are visible, so they are not missing or invisible. The image is sharp and clear, with no visible artifacts or distortions."}, {"ans": [true, true, 0.95], "reasoning": "The image clearly shows a wristwatch with a white face and brown leather strap on a tray. The watch face does not have visible numbers, only the hands and a small logo at the bottom. The image is sharp and well-lit, with no visible artifacts or distortions that would affect the quality. The main object, the wristwatch, is clearly visible, so the answer to Question 1 is True. The numbers are not visible on the watch face, so the answer to Question 2 is True. The quality of the image is high, with a score of 0.95, as it is clear and well-defined, with no noticeable issues."}, {"ans": [true, false, 1.0], "reasoning": "The image is showing a pizza. The pizza has a red sauce base, topped with basil leaves and some white cheese is visible under the sauce and basil leaves. Therefore, the cheese is not missing or not visible from the pizza. The image is clear and well-lit, with no visible artifacts or distortions, hence the quality is rated as 1."}, {"ans": [true, false, 0.9], "reasoning": "The image clearly shows traffic signals with visible lights, so the answer to the first question is True. For the second question, the lights are visible on the traffic signals, so the answer is False. The image quality is high, with clear details of the traffic signals and the cityscape, but the strong sunlight causes some overexposure, hence a quality score of 0.9."}, {"ans": [true, false, 1.0], "reasoning": "The image clearly shows a skateboard with wheels. The skateboard is positioned on a concrete surface, and its wheels are visible. The image is well-lit and has no visible artifacts or distortions that would affect the quality. Therefore, the answer to the first question is True, and the answer to the second question is False. The quality of the image is rated as 1.0, indicating that it is of high quality."}, {"ans": [true, true, 0.9], "reasoning": "The image shows a chessboard with pieces on it. The chessboard is the main object, and it is present in the image. The black pieces are not visible as they are not present on the board, they are missing. The image is clear and well-lit, with no visible artifacts or distortions. The quality of the image is high, with a score of 0.9."}, {"ans": [true, true, 0.95], "reasoning": "The image clearly shows a sports car, specifically a red Ferrari. The car is displayed in a showroom with its doors open, and it is positioned on a reflective black floor. The brakes are not visible as the wheels are covering them. The image is of high quality, with clear details and no noticeable artifacts or distortions. The only reason the quality score is not 1 is due to the slight reflection and lighting effects on the car's surface."}, {"ans": [true, true, 1.0], "reasoning": "The image shows an open book on a wooden table. The pages are blank, and there is no text visible. The book is the main object in the image, and it is clearly visible. Therefore, the answer to the first question is True. Since the pages are blank, the text is missing or not visible, so the answer to the second question is also True. The image is of high quality, with clear details and no visible artifacts or distortions, so the quality score is 1.0."}, {"ans": [true, false, 0.95], "reasoning": "The image clearly shows a computer tower with visible internal components, including fans. The main object, the computer tower, is present. The fans are visible on the side and inside the tower, so they are not missing or invisible. The image is of high quality, with clear details and no visible artifacts or distortions. The slight deduction in quality score is due to the minor reflection on the glass side panel, but it does not significantly impact the visibility of the components."}, {"ans": [true, true, 1.0], "reasoning": "The image depicts a scarecrow in a field, which is the main object. The scarecrow is made of straw and is wearing a hat and a plaid shirt. The arms of the scarecrow are not visible as they are either missing or obscured by the shirt. The image is clear and well-defined, with no visible artifacts or distortions. The quality of the image is high, with a score of 1.0."}, {"ans": [true, true, 0.9], "reasoning": "The image depicts a man in armor, which is consistent with the depiction of a knight. The main object, the knight, is present in the image. However, upon closer inspection, it is clear that the knight is not holding a sword, and there is no visible sword in the image. Therefore, the sword is considered missing or not visible. The image is of high quality, with detailed and realistic rendering of the armor and the background. The only reason for not giving it a perfect score is the slight artificial look in the knight's face, which might be due to the image generation process."}, {"ans": [true, false, 1.0], "reasoning": "The image is showing a teapot with a handle, so the answer to the first question is True. The handle is visible, so the answer to the second question is False. The image is clear and of high quality, with no visible artifacts or distortions, so the quality score is 1.0."}, {"ans": [true, false, 1.0], "reasoning": "The image clearly shows a basketball hoop with a net. The basketball is going through the hoop and the net is visible and attached to the hoop. The image is clear and well-lit, with no visible artifacts or distortions. The main object, the basketball hoop, is present and the net is visible, so the answer to the first question is True. Since the net is visible, the answer to the second question is False. The quality of the image is high, so the quality score is 1."}, {"ans": [true, false, 1.0], "reasoning": "The image shows a dining table set with fine china and silverware. The table is covered with a white tablecloth and has a place setting in the center. The place setting includes a plate, napkin, and silverware. There are also glasses visible at the top of the image. The image is clear and well-lit, with no visible artifacts or distortions. The glasses are present and visible on the table, so they are not missing or invisible."}, {"ans": [true, false, 0.9], "reasoning": "The image clearly shows a typewriter on a wooden desk, with a sheet of paper in it. The typewriter has a visible ribbon, so the ribbon is not missing. The image is sharp and well-lit, with no visible artifacts or distortions that would detract from its quality. The only reason for not giving it a perfect score is the slight darkness and shadow around the edges, but the main object is clear and well-defined."}, {"ans": [true, false, 1.0], "reasoning": "The image shows a winter jacket hanging on a coat rack. The jacket is a long, cream-colored puffer coat with a fur-lined hood. It appears to be fully zipped up, and the zipper is visible. The image is clear and well-lit, with no visible artifacts or distortions. Therefore, the answer to Question 1 is True because the image is showing a winter jacket. The answer to Question 2 is False because the zipper is visible on the jacket. The quality of the image is rated as 1 because it is clear and well-lit, with no visible issues."}, {"ans": [true, false, 0.9], "reasoning": "The image clearly depicts a sunflower with its characteristic yellow petals and a large center. The seeds are visible on the sunflower's face, indicating they are not missing. The image is sharp and well-lit, with no noticeable artifacts or distortions that would detract from its quality. The slight screen texture is barely perceptible and does not significantly impact the overall quality."}, {"ans": [true, false, 0.95], "reasoning": "The image clearly depicts an elephant with a trunk, thus answering the first question as True. The trunk is visible and not missing, so the second question is answered as False. The image is of high quality, with clear details and no visible artifacts or distortions, hence a quality score of 0.95. The presence of tigers in the background does not affect the quality score as per the given instructions."}, {"ans": [true, true, 0.95], "reasoning": "The image is showing a rowboat, which is the main object. The oars are not visible inside the boat or anywhere else in the image, indicating they are either missing or not visible. The image is clear and well-defined, with no noticeable artifacts, blurring, or other quality issues. The quality score is 0.95 because the image is very clear and detailed."}, {"ans": [true, false, 0.95], "reasoning": "The image clearly shows a snowman standing in a snowy yard in front of a house. The snowman is made of three large snowballs stacked on top of each other, with a hat and scarf. The snowman has a face with eyes, a nose, and a mouth, and it appears to have buttons on its body. The image is clear and well-defined, showing the details of the snowman and its surroundings. The presence of buttons on the snowman's body is visible, so they are not missing or invisible. The quality of the image is high, with no visible artifacts, blurring, or other issues that would detract from its clarity. The only reason the quality score is not 1 is due to the slight snowfall in the image, which slightly reduces the overall clarity."}, {"ans": [true, true, 0.95], "reasoning": "The image is showing a fountain pen with a red body and gold accents, lying on top of a notebook. The nib of the pen is visible, but there is no visible ink in the pen. The image is clear and well-lit, with no visible artifacts or distortions. The quality of the image is high, with a score of 0.95 out of 1. The main object, the fountain pen, is present in the image, so the answer to Question 1 is True. The ink is not visible in the pen, so the answer to Question 2 is True."}, {"ans": [true, true, 0.9], "reasoning": "The image is showing a paintbrush with a wooden handle and a metal ferrule. The bristles of the paintbrush are not visible as they are likely lying on the palette or possibly detached. The image is clear and well-lit, with vibrant colors from the paint on the palette. The quality of the image is high, with no noticeable artifacts or blurring. Therefore, the answer to Question 1 is True because the image is showing a paintbrush. The answer to Question 2 is True because the bristles are not visible. The quality score is 0.9 because the image is clear and well-lit, but there might be a slight decrease due to the presence of some minor paint splatters and smudges."}, {"ans": [true, false, 0.95], "reasoning": "The image clearly shows a pair of eyeglasses with round lenses and black frames on top of a stack of newspapers. The temples of the eyeglasses are visible, extending upwards from the frame. The image is sharp and well-lit, with no visible artifacts or distortions that would detract from its quality. The main object, the eyeglasses, is clearly visible, so the answer to the first question is True. The temples are also visible, so the answer to the second question is False. The quality of the image is high, with a score of 0.95 out of 1. The slight decrease from 1 is due to a minor shadow on the surface below the newspapers, but it does not significantly impact the overall clarity of the image."}, {"ans": [true, false, 0.9], "reasoning": "The image clearly shows a woman holding an umbrella on a rainy day. The umbrella is visible and appears to be intact with its ribs visible under the fabric. The image is sharp and clear, with good lighting that highlights the details of the scene. The quality of the image is high, with no noticeable artifacts or distortions that would detract from the overall clarity. The ribs of the umbrella are visible, indicating that they are not missing."}, {"ans": [true, true, 0.9], "reasoning": "The image clearly shows a wristwatch with a gold case and brown leather strap, displayed under a glass dome. The watch face is visible and appears to be a skeleton design, showcasing its mechanical inner workings. The hour markers are not visible on the watch face because it is a skeleton watch, meaning it has cutouts that allow the inner mechanisms to be seen. Therefore, the hour markers are considered missing or not visible. The image is of high quality, with clear details and no visible artifacts or distortions. The score is not 1 because there is a slight reflection on the glass dome."}, {"ans": [true, false, 1.0], "reasoning": "The image clearly shows a camping tent, which is the main object. The tent appears to be set up with poles, as indicated by its shape and structure. The poles are visible and not missing. The image is clear and of high quality, with no visible artifacts or distortions."}, {"ans": [true, false, 0.95], "reasoning": "The image shows a cuckoo clock, which is the main object. The clock is intricately carved with various elements, including deer and leaves. The weights are visible and hanging below the clock face. The image is clear and well-defined, with no visible artifacts or distortions that would affect the quality. The quality score is 0.95 because the image is very clear and detailed, with only minor potential for improvement in terms of lighting or contrast."}, {"ans": [true, true, 0.9], "reasoning": "The image shows a smartphone standing upright on a table. The phone is displaying its lock screen, and the front side is facing the camera. The speaker grille is not visible from this angle, as it is likely located at the bottom of the phone, which is not clearly visible. However, since the question asks if the speaker grille is 'missing or not visible,' and it is not visible in the image, the answer to the second question is True. The image is clear and well-lit, with no significant artifacts or distortions, hence the quality score is 0.9."}, {"ans": [true, true, 0.95], "reasoning": "The image clearly shows a motorcycle facing the camera, with its front wheel and handlebars visible. The motorcycle is positioned on a dirt road, with a paved road in the background. The image is well-lit and in focus, with no visible artifacts or distortions. The speedometer is not visible in the image, as it is likely located on the handlebars, which are not fully visible. Therefore, the answer to Question 1 is True, as the image is showing a motorcycle. The answer to Question 2 is also True, as the speedometer is not visible. The quality of the image is rated as 0.95, as it is a clear and well-composed image with no visible issues."}, {"ans": [true, true, 0.9], "reasoning": "The image is showing a violin with its bow. The bow is the main object in question, and it is present in the image. The hair on the bow is not visible, indicating that it is either missing or not visible. The image is of high quality, with clear details of the violin and bow, and no visible artifacts or distortions that would decrease its quality. The quality score is 0.9 because the image is very clear and well-lit, but it might not be perfect due to the slight sheen on the red fabric background."}, {"ans": [true, false, 0.95], "reasoning": "The image clearly shows a birdcage hanging from the ceiling of a porch. The birdcage is the main object in the image and is easily visible. Inside the birdcage, a bird is perched on a visible perch. The image is of high quality with clear details and no visible artifacts or distortions. The presence of the perch inside the birdcage answers the second question, indicating that the perch is not missing."}, {"ans": [true, false, 0.95], "reasoning": "The image depicts a statue of a woman with a head, standing in a classical architectural setting. The statue is clearly visible and appears to be made of marble. The head is present and visible, so the answer to the second question is false. The image is of high quality, with clear details and no visible artifacts or distortions, hence a quality score of 0.95. The slight deduction from 1 is due to the subtle presence of minor texture or noise that is barely perceptible."}, {"ans": [true, false, 1.0], "reasoning": "The image clearly shows a teddy bear with a visible nose, so the answer to the first question is True. The nose is present and visible, so the answer to the second question is False. The image is of high quality, with clear details and no visible artifacts or distortions, so the quality score is 1.0."}, {"ans": [true, false, 1.0], "reasoning": "The image clearly shows a pair of white sneakers with laces. The sneakers are the main object in the image, and they are clearly visible. The laces are also visible, so they are not missing or invisible. The image is of high quality, with no visible artifacts, blurring, or other issues that would affect the quality score."}, {"ans": [true, false, 1.0], "reasoning": "The image clearly shows a refrigerator with its door open, revealing the interior. The main object, the refrigerator, is present and visible. The door shelves are also visible inside the refrigerator, so they are not missing or invisible. The image is of high quality, with no visible artifacts, blurring, or other issues that would affect the quality score."}, {"ans": [true, false, 0.9], "reasoning": "The image depicts a group of four women sitting around a campfire in a forest setting. The campfire is visible and appears to be burning, with flames emanating from it. The presence of the campfire and the flames answers both questions. For Question 1, the image is showing a campfire, so the answer is True. For Question 2, the flames are visible, so the answer is False. The quality of the image is rated 0.9 because it is clear and well-lit, with no visible artifacts or distortions that would detract from the overall quality."}, {"ans": [true, false, 1.0], "reasoning": "The image clearly shows a drinking fountain with water flowing from it, indicating that the main object (drinking fountain) is present. The water is visible as it flows from the fountain into the basin, so it is not missing or invisible. The image is sharp and well-lit, with no visible artifacts or distortions, hence the quality score is 1.0."}, {"ans": [true, false, 0.9], "reasoning": "The image is showing a revolver with a visible trigger guard. The revolver is the main object in the image and is clearly visible, so the answer to the first question is True. The trigger guard is also visible, so the answer to the second question is False. The image quality is high, with clear details of the revolver and its components, so the quality score is 0.9. The slight deduction is due to the texture of the green fabric in the background, which is slightly blurry."}, {"ans": [true, false, 0.9], "reasoning": "The image is a detailed illustration of a compass rose, which is the main object. The compass rose is intricately designed with various elements, including a north arrow that is clearly visible. The presence of the compass rose answers the first question affirmatively. For the second question, the north arrow is visible, so it is not missing. The image quality is high, with detailed illustrations and minimal artifacts, hence a quality score of 0.9. The slight decrease from 1 is due to minor aging effects simulated in the image, such as the brown edges, but these do not detract significantly from the overall clarity."}, {"ans": [true, false, 0.9], "reasoning": "The image depicts a futuristic cityscape with tall, sleek skyscrapers that dominate the scene. The presence of skyscrapers is evident, fulfilling the first question's condition. Upon closer inspection, the skyscrapers appear to have windows, although they are not traditional windows. The windows are visible as rectangular or square sections on the buildings, indicating that they are not missing or invisible. Therefore, the answer to the second question is false. The image quality is high, with clear details and vibrant colors, but it is not perfect due to some minor artifacts and a slightly surreal quality to the scene, hence a quality score of 0.9."}, {"ans": [true, true, 0.9], "reasoning": "The image depicts a conductor standing in front of an orchestra, with his back to the camera and his right arm raised. The conductor is wearing a black suit and has white hair. The orchestra members are seated around him, holding various string instruments. The image is clear and well-focused, with good lighting. The conductor's right hand is empty, indicating that he is not holding a baton. Therefore, the answer to the first question is True, as the image is showing a conductor. The answer to the second question is also True, as the baton is missing or not visible from the conductor. The quality of the image is rated 0.9, as it is clear and well-focused, with no visible artifacts or distortions."}, {"ans": [false, true, 1.0], "reasoning": "The image shows a soccer field, but there is no soccer goal visible in the frame. Therefore, the answer to the first question is False. Since there is no soccer goal present, the crossbar is also not visible, making the answer to the second question True. The image is of high quality as it is clear and well-lit, with no visible artifacts or distortions."}, {"ans": [true, false, 1.0], "reasoning": "The image clearly shows a microscope with lenses visible on it. The main object, a microscope, is present, so the answer to the first question is True. The lenses are visible and not missing, so the answer to the second question is False. The image is sharp and clear, with no visible artifacts or distortions, so the quality score is 1."}]