[{"ans": [true, false, 1.0], "reasoning": "The image shows a sailboat with sails clearly visible and intact, floating on calm waters. The presence of the sails indicates that they are not missing, directly answering question 2. The image is of high quality, with clear details of the sailboat and its surroundings, thus the quality score is 1."}, {"ans": [true, false, 1.0], "reasoning": "The image clearly shows a bicycle leaning against a brick wall. The bicycle is red with a brown seat and black handlebars. The chain is visible and appears to be intact, connecting the pedals to the gears on the back wheel. Therefore, for Question 1, the answer is True because the image is showing a bicycle. For Question 2, the answer is False because the chain is visible and not missing. The quality of the image is rated 1 because it is clear and well-lit, with no apparent issues that would detract from its quality."}, {"ans": [true, false, 0.9], "reasoning": "The image clearly shows a cat sitting on a windowsill. The cat is centered and facing forward, with its ears perked up and eyes looking directly at the camera. The whiskers are visible and prominent, extending from the cat's nose area. Therefore, for Question 1, the answer is True because the image is showing a cat. For Question 2, the answer is False because the whiskers are not missing or invisible; they are clearly visible. The quality of the image is rated 0.9 because it is sharp and well-lit, with good focus on the cat's features."}, {"ans": [true, true, 0.9], "reasoning": "The image depicts a castle with stone walls and a tower in the background, visible through an archway. The presence of the stone walls and tower indicates that the image is showing a castle. The gates are not visible, as the archway appears to be the entrance, and there are no visible gates. The image quality is high, with clear details of the castle's architecture and surroundings."}, {"ans": [true, false, 1.0], "reasoning": "The image depicts a hot-air balloon with a clearly visible basket, flying over a field at sunrise or sunset. The balloon is the main object in the image, and it is a hot-air balloon as per the description. The basket is present and visible, attached to the balloon. The image is of high quality, with clear details and good lighting."}, {"ans": [true, false, 0.9], "reasoning": "The image clearly shows a turtle with a visible shell. The turtle is centered in the image, and its shell is prominent. Therefore, the answer to the first question is True. For the second question, since the shell is visible, the answer is False. The image quality is rated 0.9 because it is clear and well-lit, with no visible distortions or obstructions."}, {"ans": [true, false, 0.9], "reasoning": "The image shows a train at a station, and the train is clearly visible. The wheels of the train are not directly visible from the front view, but the presence of tracks and the train's position on them imply that it has wheels. The image is well-lit and in focus, indicating a high-quality image. The main object, the train, is present, so the answer to the first question is True. Since the wheels are not directly visible but implied by the context, and the question asks if they are missing or not visible, the answer to the second question is False because they are not missing, just not directly visible. The quality of the image is rated 0.9 because it is clear and well-composed, with no significant issues affecting its quality."}, {"ans": [true, false, 1.0], "reasoning": "The image clearly shows a pair of eyeglasses with lenses. The lenses are visible and not missing, so the answer to the first question is True. For the second question, since the lenses are present and visible, the answer is False. The image is of high quality, well-lit, and clearly shows the details of the eyeglasses, so the quality score is 1.0."}, {"ans": [true, false, 1.0], "reasoning": "The image clearly shows a fountain pen with a visible nib, lying on a piece of paper. The pen is the main object in the image, and it is a fountain pen with a nib, so the answer to the first question is True. The nib is clearly visible, so the answer to the second question is False. The image is well-lit and in focus, with no visible distortions or obstructions, so the quality is rated as 1.0."}, {"ans": [true, false, 0.9], "reasoning": "The image is showing an umbrella with a canopy, so the answer to the first question is True. The canopy is visible, so the answer to the second question is False. The quality of the image is rated 0.9 because it is clear and well-lit, with no significant distractions or obstructions."}, {"ans": [true, false, 1.0], "reasoning": "The image shows a white airplane on a runway, with its wings visible. The presence of the airplane answers the first question affirmatively. Since the wings are clearly visible, the answer to the second question is negative. The image is clear and well-lit, indicating high quality."}, {"ans": [true, true, 0.9], "reasoning": "The image shows a desk lamp with a brass finish, positioned on a wooden table next to an open book. The lamp's design includes a curved arm and a shade, but it is missing a bulb. The absence of the bulb is evident as there is an empty socket visible under the shade. Therefore, the main object, a desk lamp, is present, making the answer to the first question 'True'. The bulb is not visible, as it is missing, so the answer to the second question is also 'True'. The quality of the image is rated 0.9 because it is clear and well-lit, with the key elements of the lamp and the book easily discernible."}, {"ans": [true, false, 1.0], "reasoning": "The image shows an electric guitar with a visible neck. The main object in the image is an electric guitar, so the answer to the first question is True. The neck of the guitar is visible, so the answer to the second question is False. The image is clear and well-lit, and it does not appear to be missing any key elements, so the quality score is 1."}, {"ans": [true, false, 1.0], "reasoning": "The image clearly shows a fish with visible fins, so the answer to the first question is True. For the second question, since the fins are visible, the answer is False. The image is of high quality, with clear details of the fish and its fins, so the quality score is 1.0."}, {"ans": [true, false, 1.0], "reasoning": "The image depicts a small brick house with a gable roof, situated in a field. The house is centered in the image and has a chimney on the left side of the roof. The roof is visible and appears to be intact. The image is clear and well-lit, with no visible distortions or obstructions. Therefore, the answer to Question 1 is True, as the image is showing a cottage. The answer to Question 2 is False, as the roof is visible and not missing. The quality of the image is rated 1.0, as it is clear and well-composed."}, {"ans": [true, false, 0.9], "reasoning": "The image shows the interior of a car, with a steering wheel, dashboard, and other features visible. The windshield is present and visible, although it is slightly tilted and has water droplets on it. The image is clear and well-lit, with a good view of the car's interior. The quality of the image is high, with a score of 0.9 out of 1. The windshield is not missing or invisible, so the answer to the second question is False."}, {"ans": [true, false, 1.0], "reasoning": "The image is showing a keyboard with a visible spacebar, so the answer to the first question is True. The spacebar is present and visible, so the answer to the second question is False. The image is clear and well-lit, and the keyboard is the main focus, so the quality score is 1."}, {"ans": [true, false, 0.9], "reasoning": "The image clearly depicts an owl perched on a branch, with detailed feathers visible across its body. The presence of the owl is evident, answering the first question affirmatively. For the second question, the feathers are not missing or invisible; they are a prominent feature of the owl's appearance, covering its body and wings. Therefore, the answer to the second question is false. The image is of high quality, with clear and detailed rendering of the owl and its surroundings, hence a quality score of 0.9."}, {"ans": [true, false, 0.9], "reasoning": "The image shows a book with a leather cover, and the pages are visible as they are not closed tightly, indicating the presence of pages. Therefore, the answer to the first question is True. The pages are visible, so they are not missing or not visible, making the answer to the second question False. The image is clear and well-lit, and it effectively shows the details of the book, hence a high-quality score of 0.9."}, {"ans": [true, false, 1.0], "reasoning": "The image is showing a lighthouse. The lighthouse is clearly visible and appears to be intact. The lamp is visible inside the lantern room, so it is not missing or invisible. The image is of high quality, as it is clear and well-lit, despite the cloudy sky."}, {"ans": [true, false, 1.0], "reasoning": "The image shows a beige armchair with a tufted design on the back and seat cushions, placed on a patterned rug. The chair is clearly visible and appears to be an armchair. The legs of the chair are visible, indicating that they are not missing. The image is clear and well-lit, allowing for a good view of the chair and its features. Therefore, the answer to Question 1 is True, as the image is showing an armchair. The answer to Question 2 is False, as the legs are visible and not missing. The quality of the image is rated 1, as it is clear and well-defined."}, {"ans": [true, false, 0.9], "reasoning": "The image clearly shows a deer with antlers standing in a forest. The deer is centered and prominent in the image, indicating that the main object is indeed a deer. The antlers are visible and clearly part of the deer's head, so they are not missing or invisible. The image is well-lit and detailed, with a clear view of the deer and its surroundings, suggesting a high-quality image."}, {"ans": [true, false, 1.0], "reasoning": "The image clearly shows an envelope with its flap visible and not missing. The envelope is centered on a marble surface, and the flap is partially covering the opening, indicating it is present. Therefore, the answer to the first question is True because the main object, an envelope, is present. The answer to the second question is False because the flap is visible and not missing. The quality of the image is rated 1 because it is clear and well-lit, with no apparent issues or missing key elements relevant to the questions asked."}, {"ans": [true, true, 1.0], "reasoning": "The image shows a wall clock on a white wall above a wooden dresser. The clock is white with black hands and markings for hours, but it does not display numbers. Therefore, for Question 1, the image is showing a wall clock, so the answer is True. For Question 2, the numbers are not visible on the clock face, so the answer is True. The quality of the image is rated 1.0 because it is clear and well-lit, and the absence of numbers on the clock does not negatively impact the quality score as per the instructions."}, {"ans": [true, false, 0.9], "reasoning": "The image clearly depicts a person wearing a white space suit, which is partially submerged in a pool of water. The space suit is fully visible and includes a helmet with a reflective gold visor. The presence of the helmet indicates that it is not missing. The image is of high quality, with clear details of the space suit and its surroundings."}, {"ans": [true, false, 1.0], "reasoning": "The image clearly depicts a windmill with its blades visible, standing in a field of wheat. The presence of the windmill answers the first question affirmatively. Since the blades are visible, they are not missing or invisible, answering the second question negatively. The image is clear and well-lit, with the windmill and its blades easily discernible, hence the quality score is high."}, {"ans": [true, true, 1.0], "reasoning": "The image clearly shows a tree without leaves. The main object in the image is a tree, which is visible and identifiable. The leaves are not visible on the tree, indicating they are missing. The image is of high quality, with clear details of the tree's branches and trunk."}, {"ans": [true, true, 1.0], "reasoning": "The image shows a yellow school bus parked in front of a building. The bus is clearly visible, and its presence is not in question. For Question 1, the image is showing a bus, so the answer is True. For Question 2, the doors of the bus are not visible as the image only captures the side of the bus, making it impossible to see the doors. Therefore, the doors are considered not visible, and the answer is True. The image quality is rated as 1 because it is clear and well-lit, with no visible distortions or issues that would affect the interpretation of the image."}, {"ans": [true, true, 1.0], "reasoning": "The image is showing a laptop, which is the main object. The laptop is an Apple MacBook, and its screen is not visible as it is facing away from the camera. Therefore, the answer to the first question is True. The screen is not visible, so the answer to the second question is True. The image is clear and well-lit, and there are no visible distortions or issues that would affect its quality. Hence, the quality score is 1."}, {"ans": [true, true, 1.0], "reasoning": "The image shows a trumpet, which is the main object. The mouthpiece is not visible, as it is not attached to the trumpet. The image is clear and well-lit, showing the trumpet in detail."}, {"ans": [true, false, 0.9], "reasoning": "The image is showing a robot with a visible head, so the answer to the first question is True. The head is clearly visible, so the answer to the second question is False. The quality of the image is rated 0.9 because it is a clear and well-lit image, with no visible distortions or issues that would detract from the overall quality."}, {"ans": [true, false, 1.0], "reasoning": "The image is showing a candle with a wick, so the answer to the first question is True. The wick is visible, so the answer to the second question is False. The image is clear and well-lit, and the candle is centered in the frame, so the quality is rated as 1."}, {"ans": [true, false, 1.0], "reasoning": "The image is showing a pizza with visible cheese, so it answers 'true' to the first question. The cheese is visible, so it answers 'false' to the second question. The image is clear and well-lit, and it is showing the pizza and its toppings clearly, so the quality is rated as 1."}, {"ans": [true, false, 1.0], "reasoning": "The image shows a DSLR camera body with a lens attached to it. The lens is clearly visible and is mounted on the camera body. Therefore, the answer to the first question is True because the image is showing a DSLR camera. The answer to the second question is False because the lens is not missing or invisible; it is clearly visible and attached to the camera. The quality of the image is rated 1 because it is clear and well-lit, and there are no visible distortions or obstructions that would affect the visibility of the main subject, which is the DSLR camera and lens."}, {"ans": [true, false, 1.0], "reasoning": "The image clearly shows a grand piano in the center of a concert hall. The piano is visible and appears to be in good condition. The keys are visible and not missing, as they are clearly seen on the piano keyboard. The image is of high quality, with clear details and good lighting."}, {"ans": [true, false, 0.9], "reasoning": "The image shows a paintbrush with visible bristles next to a paint palette. The paintbrush is the main object in the image and is clearly visible, so the answer to the first question is True. The bristles of the paintbrush are visible and not missing, so the answer to the second question is False. The image is clear and well-lit, and the paintbrush and palette are in sharp focus, so the quality of the image is rated as 0.9."}, {"ans": [true, false, 1.0], "reasoning": "The image clearly shows a watch with a strap. The watch face is visible and has the brand name 'MIZUIME' on it. The strap is also visible and appears to be made of a dark gray material. Since the strap is visible, it is not missing or not visible. The image is of high quality, well-lit, and in focus."}, {"ans": [true, false, 1.0], "reasoning": "The image clearly shows a man with his mouth open, displaying his teeth and tongue. The presence of a mouth is evident, satisfying the first question. For the second question, the tongue is visible inside the mouth, so it is not missing or invisible. The image is of high quality, with clear details of the subject's facial features and the dental tool being used."}, {"ans": [true, false, 0.9], "reasoning": "The image clearly shows a motorcycle, so the answer to the first question is True. The handlebars are visible in the image, so the answer to the second question is False. The quality of the image is rated 0.9 because it is a clear and well-lit image, with no visible distortions or issues that would detract from its quality."}, {"ans": [true, false, 1.0], "reasoning": "The image clearly shows an old television set on a wooden stand, answering the first question affirmatively. The screen is visible, albeit not displaying any content, which directly answers the second question as 'False' because the screen is not missing or invisible. The image quality is considered high (1) as it clearly depicts the television and its screen without any significant visual obstructions or degradations."}, {"ans": [true, false, 1.0], "reasoning": "The image clearly shows a goat standing on a rocky outcrop. The goat has horns, which are visible and pointing upwards. The image is well-lit and in focus, with good resolution, hence the quality is rated as 1."}, {"ans": [true, false, 1.0], "reasoning": "The image is showing a red sneaker with white laces, so the main object is present. The laces are visible, so they are not missing or not visible. The image is clear and well-lit, so the quality is high."}, {"ans": [true, false, 1.0], "reasoning": "The image clearly shows a green frog sitting on a leaf over water. The frog's eyes are visible, with one eye clearly visible and the other partially obscured but still visible. Therefore, the answer to Question 1 is True because the image is showing a frog. The answer to Question 2 is False because the eyes are not missing or not visible; they are visible. The quality of the image is rated 1.0 because it is clear and well-focused, with no issues affecting its quality."}, {"ans": [true, false, 1.0], "reasoning": "The image is showing a mug with a handle, so the main object is present. The handle is visible, so it is not missing. The image is clear and well-lit, and the mug is centered in the frame, so the quality is high."}, {"ans": [true, false, 0.9], "reasoning": "The image clearly shows a saxophone, which is the main object in question. The saxophone is depicted with its keys visible, indicating that the keys are not missing. The image is of high quality, with clear details of the saxophone's features, except for a minor issue with the lighting gradient in the background which does not affect the main subject."}, {"ans": [true, false, 1.0], "reasoning": "The image clearly shows a skateboard with wheels attached to it. The skateboard is positioned on a brick surface, and all four wheels are visible and appear to be properly attached to the trucks. Therefore, the answer to Question 1 is True because the image is showing a skateboard. The answer to Question 2 is False because the wheels are not missing or invisible; they are clearly visible in the image. The quality of the image is rated as 1 because it is clear and well-lit, allowing for easy identification of the skateboard and its components."}, {"ans": [true, false, 1.0], "reasoning": "The image shows a fedora hat on a stand. The hat has a brim that is clearly visible. Therefore, for Question 1, the answer is True because the image is showing a fedora. For Question 2, the answer is False because the brim is visible. The quality of the image is rated 1.0 because it is clear and well-lit, and there are no issues with the visibility of the main object or its key elements."}, {"ans": [true, false, 1.0], "reasoning": "The image clearly shows a motorcycle helmet on a table. The helmet is black with a visor that is currently lifted up, indicating that it is present but not in use. The presence of the visor answers both questions: the main object is a motorcycle helmet, so the answer to the first question is True. The visor is visible and present, albeit lifted, so it is not missing or not visible, making the answer to the second question False. The image is clear and well-lit, showing the helmet and its details without any obstruction, hence the quality is rated as 1."}, {"ans": [true, false, 0.9], "reasoning": "The image is showing a bedframe with a mattress, so the answer to the first question is True. The mattress is visible, so the answer to the second question is False. The quality of the image is rated 0.9 because it is a clear and well-rendered image, with good lighting and detail. The only reason it is not rated 1 is because it is a 3D rendering rather than a photograph."}, {"ans": [true, false, 1.0], "reasoning": "The image shows a clock tower with a visible clock face. The clock tower is the main object in the image, and it is clearly visible. The clock face is also visible, so it is not missing or invisible. The image is of high quality, with clear details and good lighting."}, {"ans": [true, false, 0.9], "reasoning": "The image clearly shows a pocket watch with a white face and black Roman numerals, along with visible hands. The presence of the pocket watch fulfills the first question. The hands are visible, so the second question is answered as false. The image is of high quality, with clear details of the pocket watch and its components."}, {"ans": [true, false, 1.0], "reasoning": "The image clearly shows a bicycle. The bicycle is red with black handlebars and seat, and it has silver wheels and a silver chain. The pedals are visible and appear to be attached to the bicycle, so they are not missing or invisible. The image is of high quality, with clear details of the bicycle and its components."}, {"ans": [true, false, 1.0], "reasoning": "The image is a digital painting of a woman's portrait. The woman has dark hair and green eyes, and she is wearing a black shirt. The background is a light beige color. The image is clear and well-defined, showing the details of the woman's face and clothing. The eyes are clearly visible, so they are not missing or invisible."}, {"ans": [true, false, 0.9], "reasoning": "The image depicts a grand piano on a stage with spotlights shining down. The piano's lid is open, revealing its internal mechanisms, including the hammers. Therefore, the main object (grand piano) is present, and the hammers are visible. The image is of high quality, with clear details of the piano and its components."}, {"ans": [true, false, 1.0], "reasoning": "The image shows a sailing ship with sails, so it is a sailing ship. The sails are visible, so they are not missing or not visible. The image is clear and of high quality, showing all the details of the ship and its sails."}, {"ans": [true, false, 1.0], "reasoning": "The image is showing a large tree with a wide canopy and visible leaves, which appears to be an oak tree. The leaves are clearly visible, so they are not missing or invisible. The image is of high quality, with clear details of the tree and its surroundings."}, {"ans": [true, false, 0.9], "reasoning": "The image depicts a stone cottage with a tiled roof, chimney, and vines growing up the walls. The cottage has a visible door, windows with shutters, and is surrounded by trees and fallen leaves. The presence of the cottage is clear, so the answer to the first question is True. The door is visible, so the answer to the second question is False. The image is clear and detailed, with no apparent issues that would significantly impact its quality, so the quality rating is 0.9."}, {"ans": [true, false, 0.9], "reasoning": "The image shows a white passenger jet on a runway. The main object, a passenger jet, is clearly visible, so the answer to the first question is True. The wings of the jet are also visible, so the answer to the second question is False. The image is of high quality, with clear details of the aircraft and its surroundings, hence the quality score is 0.9. The slight deduction is due to the background not being extremely sharp, but this does not affect the visibility of the main subject or its key elements."}, {"ans": [true, true, 0.9], "reasoning": "The image shows a wristwatch with a white face and brown leather strap, placed in a brown box. The watch face has black hour markers but no numbers. The first question asks if the image is showing a wristwatch, which it is, so the answer is True. The second question asks if the numbers are missing or not visible from the wristwatch. Since there are no numbers on the watch face, the answer is True. The quality of the image is rated 0.9 because it is clear and well-lit, with no significant issues affecting the visibility of the watch."}, {"ans": [true, false, 1.0], "reasoning": "The image is showing a pizza with cheese visible on it, so the answer to the first question is True. The cheese is visible, so the answer to the second question is False. The image is clear and well-lit, and the pizza is centered and fully visible, so the quality is rated as 1."}, {"ans": [true, true, 0.8], "reasoning": "The image is showing traffic signals, specifically two traffic lights hanging above the road. The lights are not illuminated, appearing as dark circles within the traffic signal housing. Therefore, the lights are not visible. The image quality is rated 0.8 because it is clear and well-composed, showing a city street with multiple vehicles and buildings. The lack of illumination in the traffic lights does not detract from the overall quality of the image."}, {"ans": [true, false, 1.0], "reasoning": "The image clearly shows a skateboard with a rainbow-colored deck and four wheels. The skateboard is positioned on a concrete surface, and its components are well-illuminated, indicating that it is not missing any wheels and they are visible. Therefore, the answer to Question 1 is True because the image is showing a skateboard. The answer to Question 2 is False because the wheels are not missing and are visible on the skateboard. The quality of the image is rated as 1 because it is clear and well-lit, allowing for easy identification of the skateboard and its components."}, {"ans": [true, true, 0.9], "reasoning": "The image shows a chessboard with pieces on it. The chessboard is the main object, and it is present in the image. The black pieces are not visible as they are not present on the board, indicating they are missing. The image is clear and well-lit, showing the details of the chessboard and the pieces. The quality of the image is high, with a score of 0.9, as it clearly displays the chessboard and the pieces."}, {"ans": [true, true, 1.0], "reasoning": "The image shows a red sports car, which is a Ferrari convertible. The car is clearly visible, and it is a sports car, so the answer to the first question is True. The brakes are not visible in the image as the wheels and brake components are not clearly shown, so the answer to the second question is True. The image is of high quality, with clear details of the car and its surroundings, so the quality score is 1."}, {"ans": [true, true, 1.0], "reasoning": "The image shows a book lying open on a wooden table. The pages are blank, and there is no visible text. The book is the main object in the image, and it is clearly visible. Therefore, the answer to Question 1 is True. Since the pages are blank and there is no text visible, the answer to Question 2 is also True. The image is of high quality, with clear details of the book and its surroundings, so the quality score is 1."}, {"ans": [true, false, 1.0], "reasoning": "The image is showing a computer tower with visible internal components, including fans. The main object in the image is a computer tower, so the answer to the first question is True. The fans are clearly visible inside the tower, so the answer to the second question is False. The image is of high quality, clearly showing the details of the computer tower and its components, so the quality score is 1."}, {"ans": [true, false, 1.0], "reasoning": "The image depicts a scarecrow standing in a field of wheat. The scarecrow is wearing a straw hat, a plaid shirt, and jeans, and has straw-stuffed arms outstretched. The presence of the scarecrow is clear, so the answer to the first question is True. The arms are visible and appear to be made of straw, so the answer to the second question is False. The image is clear and well-lit, with all elements visible, so the quality is rated as 1."}, {"ans": [true, true, 0.9], "reasoning": "The image depicts a man in armor, which is consistent with the representation of a knight. The presence of a belt around his waist suggests that he could be wearing or carrying a sword, but the sword itself is not visible. The image is of high quality, with detailed armor and a clear background, but the absence of a visible sword is notable."}, {"ans": [true, false, 0.9], "reasoning": "The image shows a white teapot with a floral design on it, sitting on a bamboo mat. The teapot has a lid and a spout, and what appears to be a handle on the side opposite the spout. The handle is partially visible, indicating that it is present but not fully visible from the current angle. The image is clear and well-lit, with the teapot being the main focus. The quality of the image is high, with good resolution and minimal background distraction."}, {"ans": [true, false, 1.0], "reasoning": "The image clearly shows a basketball hoop with a net, as evidenced by the presence of a rim and a white net hanging from it. The basketball is seen going through the hoop, further confirming the presence of the hoop and net. Therefore, the answer to the first question is True. For the second question, since the net is visible and attached to the hoop, the answer is False. The image is of high quality, clearly showing the details of the basketball hoop and the net, hence the quality score is 1."}, {"ans": [true, false, 0.9], "reasoning": "The image shows a dining table setting with a white tablecloth, plates, silverware, and napkins. The presence of a plate, cutlery, and a glass indicates that it is a dining table. Therefore, the answer to Question 1 is True. For Question 2, the glass is visible on the table, so the glasses are not missing or invisible, making the answer False. The image is clear and well-lit, with all elements visible, hence a high-quality score of 0.9."}, {"ans": [true, false, 0.9], "reasoning": "The image clearly shows a typewriter, which is the main object. The typewriter is placed on a wooden table with papers inserted into it. The ribbon is visible and appears to be intact, indicating that it is not missing. The image is well-lit and focused, providing a clear view of the typewriter's details. The quality of the image is high, with a score of 0.9 out of 1. The presence or absence of the ribbon does not affect the quality score as per the given instructions."}, {"ans": [true, true, 0.8], "reasoning": "The image shows a winter jacket hanging on a hanger. The jacket is a puffy, cream-colored coat with a fur-trimmed hood and buttons down the front. There is no visible zipper on the jacket. Therefore, the answer to Question 1 is True because the image is showing a winter jacket. The answer to Question 2 is True because the zipper is not visible. The quality of the image is rated 0.8 because it is clear and well-lit, with no significant distractions or obstructions."}, {"ans": [true, false, 0.9], "reasoning": "The image clearly shows a sunflower with its characteristic yellow petals and a large brown center. The center of the sunflower appears to have seeds, as indicated by the visible seed heads. Therefore, the answer to the first question is True because the image is showing a sunflower. The answer to the second question is False because the seeds are visible on the sunflower. The quality of the image is rated 0.9 because it is clear and well-lit, with no visible distortions or obstructions."}, {"ans": [true, false, 1.0], "reasoning": "The image is clearly showing an elephant with a visible trunk. The trunk is prominent and facing the camera, indicating that it is not missing or invisible. The image quality is high as it clearly captures the details of the elephant and its surroundings."}, {"ans": [true, true, 0.9], "reasoning": "The image depicts a wooden rowboat floating on a serene lake, surrounded by lush greenery. The boat is positioned with its bow facing the camera, showcasing its empty interior. The presence of the rowboat in the image directly answers the first question, confirming that the image is indeed showing a rowboat. For the second question, upon careful examination, it is evident that the oars are not visible within the boat or in the surrounding water. The image does not provide any indication of the oars being present, either inside the boat or outside it. Therefore, it can be concluded that the oars are either missing or not visible from the rowboat. The quality of the image is rated high because it clearly captures the details of the rowboat and its surroundings, with no significant distractions or obscurities."}, {"ans": [true, false, 1.0], "reasoning": "The image clearly depicts a snowman with three large snowballs stacked on top of each other, wearing a hat and scarf, and having a face made of coal and a carrot nose. The snowman has buttons on its body, which are visible. Therefore, the answer to the first question is True as the image is showing a snowman. The answer to the second question is False because the buttons are visible on the snowman. The quality of the image is rated 1.0 as it is clear and well-defined, with all elements of the snowman and its surroundings clearly visible."}, {"ans": [true, false, 1.0], "reasoning": "The image clearly shows a fountain pen on top of a notebook. The pen is transparent, showing the presence of ink inside. Therefore, for Question 1, the answer is True because the image is showing a fountain pen. For Question 2, the answer is False because the ink is visible inside the pen. The quality of the image is rated 1 because it is clear and well-lit, and there are no visible issues that would detract from its quality."}, {"ans": [true, false, 1.0], "reasoning": "The image clearly shows a paintbrush with visible bristles next to a paint palette. The paintbrush is the main object in the image and is easily identifiable. The bristles are present and visible, indicating that they are not missing. The image is of high quality, with clear details of the paintbrush and the paint palette."}, {"ans": [true, false, 1.0], "reasoning": "The image clearly shows a pair of eyeglasses with temples on top of a piece of paper. The presence of the eyeglasses directly answers the first question. For the second question, the temples are visible, so they are not missing or invisible. The image is clear and well-lit, showing all parts of the eyeglasses, hence the quality is rated as 1."}, {"ans": [true, false, 0.9], "reasoning": "The image clearly shows a person holding an umbrella on a rainy street. The umbrella is visible and appears to be intact, with its shape and structure indicating the presence of ribs underneath the fabric. Although the ribs are not directly visible due to the angle and the fabric covering them, the umbrella's form suggests they are there. Thus, for Question 1, the answer is True because an umbrella is present. For Question 2, the answer is False because while the ribs are not directly visible, there is an indication of their presence through the umbrella's shape. The quality of the image is rated 0.9, as it is clear and well-defined, with no significant factors detracting from its quality."}, {"ans": [true, false, 0.9], "reasoning": "The image is showing a wristwatch with a visible face and mechanical components. The hour markers are present on the outer rim of the watch face, indicating the hours. Therefore, the hour markers are not missing or not visible. The image is of high quality as it clearly shows the details of the watch."}, {"ans": [true, false, 0.9], "reasoning": "The image shows a camping tent in a grassy field. The tent is clearly visible and appears to be set up with poles, as indicated by its shape and structure. The poles are not directly visible but are implied by the tent's form. Therefore, for Question 1, the answer is True because the image is showing a camping tent. For Question 2, the answer is False because the poles are not missing; they are simply not directly visible, and the tent's structure suggests they are present. The image quality is rated 0.9 because it is clear and well-lit, with the tent being the main focus."}, {"ans": [true, false, 1.0], "reasoning": "The image depicts a traditional cuckoo clock with intricate carvings and a pendulum made of pinecones, indicating it is indeed a cuckoo clock. The weights are visible as pinecones hanging from the bottom of the clock, so they are not missing or invisible. Therefore, the answer to Question 1 is True, and the answer to Question 2 is False. The image is clear and well-defined, showing all the necessary details of the clock, hence the quality is rated as 1."}, {"ans": [true, true, 0.9], "reasoning": "The image shows a smartphone with its screen facing upwards. The phone's screen is black and reflects light, indicating it is turned off or in a dark mode. The phone's body is visible around the edges of the screen, and it appears to be a modern smartphone design with rounded corners. The speaker grille is not visible on the front of the phone, and upon closer inspection of the visible edges, there is no clear indication of a speaker grille. Therefore, for Question 1, the image is showing a smartphone, so the answer is True. For Question 2, since the speaker grille is not visible, the answer is True. The quality of the image is rated 0.9 because it is clear and well-lit, showing the details of the smartphone."}, {"ans": [true, true, 0.8], "reasoning": "The image clearly shows a motorcycle parked on a road. The motorcycle is facing the camera, and its front side is visible. The speedometer is not visible in the image, as it is likely located on the handlebars or dashboard, which are not fully visible or are obscured from view. The image is well-lit and in focus, with a clear view of the motorcycle's front side, indicating a high-quality image. However, the quality score is not 1 because the image is slightly overexposed, and some details are lost due to the bright lighting."}, {"ans": [true, true, 1.0], "reasoning": "The image shows a violin bow. The bow is lying on a red velvet surface, and it appears to be a typical violin bow with a wooden stick and metal fittings. However, the hair of the bow is not visible, indicating that it is either missing or not visible. Therefore, the answer to the first question is True because the image is showing a violin bow, and the answer to the second question is True because the hair is not visible. The quality of the image is rated as 1 because it is clear and well-lit, and there are no visible issues that would detract from the overall quality."}, {"ans": [true, true, 1.0], "reasoning": "The image shows a birdcage hanging from a porch ceiling. The birdcage is made of gold-colored metal bars and has a dome-shaped top. There is no visible perch inside the cage. The image is clear and well-lit, with a good view of the birdcage and its surroundings. Therefore, the answer to Question 1 is True because the image is showing a birdcage. The answer to Question 2 is True because the perch is not visible inside the birdcage. The quality of the image is rated as 1.0 because it is clear and well-lit."}, {"ans": [true, false, 1.0], "reasoning": "The image shows a statue of a woman in a classical style, standing on a pedestal in a hallway with columns. The statue is fully visible and has a head, so the answer to Question 1 is True. The head is clearly visible, so the answer to Question 2 is False. The image is of high quality, with clear details and no visible distortions or artifacts, so the quality score is 1.0."}, {"ans": [true, false, 1.0], "reasoning": "The image clearly shows a teddy bear sitting on a bed. The teddy bear has a visible nose, which is brown in color and appears to be made of fabric or a similar material. The presence of the nose is evident, and it is not missing or invisible. Therefore, the answer to Question 1 is True because the image is showing a teddy bear. The answer to Question 2 is False because the nose is visible on the teddy bear. The quality of the image is rated as 1 because it is clear and well-defined, with no visible distortions or issues that would affect the visibility of the teddy bear or its features."}, {"ans": [true, false, 1.0], "reasoning": "The image clearly shows a pair of white sneakers with laces. The sneakers are the main object in the image, and they are visible with their laces intact. Therefore, the answer to the first question is True because the image is showing sneakers. The answer to the second question is False because the laces are visible and not missing. The quality of the image is rated 1 because it is clear and well-lit, with the sneakers being the central focus."}, {"ans": [true, false, 1.0], "reasoning": "The image shows a refrigerator with its doors open, revealing the interior. The refrigerator is the main object in the image, and it is clearly visible. The door shelves are also visible on the left door, so they are not missing or invisible. Therefore, the answer to the first question is True, and the answer to the second question is False. The image is of high quality, so the quality score is 1."}, {"ans": [true, false, 0.9], "reasoning": "The image depicts a group of people gathered around a campfire in a forest, with flames clearly visible. The presence of the campfire and the flames answers the first question affirmatively. For the second question, since the flames are visible, the answer is false. The quality of the image is rated 0.9, as it is clear and well-defined, with no apparent issues that would detract from its quality."}, {"ans": [true, false, 1.0], "reasoning": "The image shows a drinking fountain, which is a tall, silver-colored structure with a spout and a button or sensor on the side. The presence of the spout indicates that it is a drinking fountain. Water is flowing from the spout, so it is visible. The image is clear and well-lit, with a high level of detail, so the quality is rated as 1."}, {"ans": [true, false, 1.0], "reasoning": "The image clearly shows a revolver with a visible trigger guard. The revolver is positioned on a green surface, and its details, including the cylinder, barrel, and grip, are clearly visible. The trigger guard is present and not obstructed from view, making it visible."}, {"ans": [true, false, 0.9], "reasoning": "The image depicts a detailed and ornate compass rose, which is the main object. The compass rose is clearly visible and has a north arrow, indicated by the fleur-de-lis at the top. The presence of the compass rose answers the first question affirmatively. For the second question, the north arrow is visible, so the answer is false. The image quality is rated 0.9 because it is clear and detailed, with no significant obstructions or blurriness."}, {"ans": [true, false, 0.9], "reasoning": "The image depicts a futuristic cityscape with several tall buildings, primarily skyscrapers, that are characteristic of urban landscapes. The presence of these structures fulfills the condition for the first question, making 'True' the appropriate response. For the second question, the windows on the skyscrapers are visible, especially on the buildings in the foreground and some in the background, indicating that they are not missing or invisible. Thus, the answer to the second question is 'False'. The quality of the image is rated as 0.9 because it is clear and well-defined, capturing the details of the skyscrapers and their surroundings effectively."}, {"ans": [true, true, 1.0], "reasoning": "The image shows a conductor standing on a stage with an orchestra behind him. He is wearing a black tuxedo and white shirt, with his right hand raised in the air. The conductor is standing behind a podium, and his left hand is resting on it. The orchestra is seated behind him, playing various instruments. The background is a beige wall with vertical lines. The conductor's right hand is empty, indicating that he is not holding a baton. Therefore, the baton is missing or not visible."}, {"ans": [true, true, 1.0], "reasoning": "The image shows a soccer field with white lines and a hedge in the background. There are three white poles visible above the hedge, which are likely to be part of a soccer goal. However, the crossbar is not visible, suggesting it is either missing or not visible from the given perspective. The presence of the goalposts indicates that the image is showing a soccer goal. Therefore, the answer to Question 1 is True because the main object (soccer goal) is present. The answer to Question 2 is True because the crossbar is not visible. The quality of the image is rated as 1 because it clearly shows the soccer field and the goalposts, and there are no visible issues that would detract from its quality."}, {"ans": [true, false, 0.9], "reasoning": "The image clearly shows a microscope on a table. The microscope has eyepieces and objective lenses visible, indicating that it is a complete microscope. The presence of lenses is evident as they are not missing or obscured from view. The image is of high quality, with clear details of the microscope's components, hence a quality score of 0.9 is given."}]