[{"ans": [true, false, 1.0], "reasoning": "The image clearly shows a sailboat with its sails visible and intact. The sailboat is centered in the image, and its white sails are fully deployed, indicating that it is sailing. The hull of the boat is also visible, and it appears to be a typical sailboat design. The image is sharp and clear, with no visible artifacts or distortions. The colors are natural and well-balanced, with a clear blue sky and deep blue water. Overall, the image is of high quality and effectively conveys the scene of a sailboat sailing on a calm sea."}, {"ans": [true, false, 1.0], "reasoning": "The image clearly shows a bicycle, so the answer to the first question is True. The chain is visible and attached to the gears, so the answer to the second question is False. The image is clear and well-defined, with no visible artifacts or distortions, so the quality score is 1."}, {"ans": [true, false, 0.9], "reasoning": "The image is showing a cat, so the answer to the first question is True. The whiskers are clearly visible on the cat's face, so the answer to the second question is False. The image is of high quality, with clear details and no visible artifacts or distortions, so the quality score is 0.9. The slight deduction from 1 is due to minor imperfections in the image, such as the slight blurring of the background."}, {"ans": [true, true, 0.95], "reasoning": "The image depicts a stone archway with a pathway leading through it, flanked by stone walls on either side. The structure appears to be part of a castle or fortification. The archway is open, and there are no visible gates. The image is clear and well-defined, with no noticeable artifacts or distortions that would detract from its quality. The presence of the stone walls and archway indicates that the image is showing a castle or a similar structure. The gates are not visible, suggesting they are either missing or not present. The overall quality of the image is high, with clear details and natural colors."}, {"ans": [true, false, 1.0], "reasoning": "The image clearly depicts a hot-air balloon with a visible basket suspended beneath it. The balloon is centered in the frame, and the basket is discernible despite being silhouetted against the bright background. The image is sharp and well-defined, with no visible artifacts or distortions that would detract from its quality. The presence of the basket is evident, thus answering the second question as 'false' because it is not missing or invisible."}, {"ans": [true, false, 0.9], "reasoning": "The image clearly shows a turtle with a visible shell. The turtle is centered in the image, and its shell is prominent. The image is of high quality, with clear details and no visible artifacts or distortions that would affect the visibility of the turtle or its shell. The shell is not missing or invisible; it is clearly visible. The quality of the image is rated 0.9 because it is sharp and well-lit, although there might be a slight deduction for the simplicity of the background or minor details not directly related to the turtle."}, {"ans": [true, false, 0.95], "reasoning": "The image clearly shows a train at a station, so the answer to the first question is True. The wheels of the train are partially visible, so they are not missing or completely invisible, making the answer to the second question False. The image is well-lit and clear, with no visible artifacts or distortions that would significantly impact its quality, so the quality score is 0.95. The slight deduction is due to the presence of some shadows and minor details that could be more defined."}, {"ans": [true, false, 1.0], "reasoning": "The image clearly shows a pair of eyeglasses with lenses. The lenses are visible and not missing. The image is sharp and well-lit, with no visible artifacts or distortions that would affect the quality."}, {"ans": [true, false, 1.0], "reasoning": "The image clearly shows a fountain pen with a visible nib on a piece of paper. The pen is dark brown with gold accents and is positioned diagonally across the paper. The nib is visible and appears to be touching the paper. The image is sharp and well-lit, with no visible artifacts or distortions. Therefore, the answer to Question 1 is True, as the image is showing a fountain pen with a nib. The answer to Question 2 is False, as the nib is visible. The quality of the image is rated 1.0, as it is clear and well-defined, with no issues that would detract from the visibility of the main object or the nib."}, {"ans": [true, false, 0.95], "reasoning": "The image clearly shows an umbrella with a canopy, so the answer to the first question is True. The canopy is visible and not missing, so the answer to the second question is False. The image quality is high, with clear details and no significant artifacts or distortions, but the quality score is slightly decreased to 0.95 due to the visible wear and tear on the umbrella and the wall in the background."}, {"ans": [true, false, 0.95], "reasoning": "The image clearly shows an airplane on a runway, with its wings visible. The presence of the airplane answers the first question affirmatively. For the second question, the wings are clearly visible, so they are not missing or not visible. The image is of high quality, with clear details and no noticeable artifacts or distortions, hence a quality score of 0.95."}, {"ans": [true, true, 1.0], "reasoning": "The image is showing a desk lamp, which is the main object. The lamp is present, so the answer to the first question is True. Upon closer inspection, it is clear that the bulb is not visible, as it is likely hidden within the lamp's structure or not present at all. Therefore, the answer to the second question is True. The image is of high quality, with clear details and no visible artifacts or distortions, so the quality score is 1.0."}, {"ans": [true, false, 1.0], "reasoning": "The image clearly shows an electric guitar with its neck intact and visible. The guitar is centered in the image, and its details are well-defined, indicating a high-quality image. The neck is not missing or invisible; it is clearly visible and attached to the body of the guitar."}, {"ans": [true, false, 0.9], "reasoning": "The image clearly shows a fish with visible fins, so the answer to the first question is True. For the second question, the fins are visible, so the answer is False. The image is of high quality with clear details of the fish and its fins, but the quality score is not 1 due to the slight rippling effect on the water's surface that might be considered a minor artifact."}, {"ans": [true, false, 1.0], "reasoning": "The image clearly shows a small brick cottage with a pitched roof in a rural setting. The cottage is centered in the image and is surrounded by tall grass and fields. The roof is visible and intact, with a chimney on one side. The image is sharp and well-lit, with no visible artifacts or distortions. Therefore, the answer to Question 1 is True because the image is showing a cottage. The answer to Question 2 is False because the roof is visible. The quality of the image is rated as 1 because it is clear and well-composed, with no visible issues that would detract from its quality."}, {"ans": [true, false, 0.9], "reasoning": "The image is taken from inside a car, showing the dashboard and steering wheel. The windshield is visible and not missing. The image is clear and well-lit, with a slight blur on the rearview mirror and side mirrors due to their angle and the fact that they are not the main focus. The overall quality is high, but the slight blur on the mirrors prevents it from being a perfect score."}, {"ans": [true, false, 1.0], "reasoning": "The image clearly shows a keyboard with a visible spacebar. The keyboard is well-lit and the keys are clearly distinguishable. There are no visible artifacts, blurring, or other issues that would affect the quality of the image."}, {"ans": [true, false, 0.9], "reasoning": "The image clearly depicts an owl perched on a tree branch, with a full moon in the background. The owl is shown with its feathers visible, indicating that the feathers are not missing. The image is of high quality, with clear details and no visible artifacts or distortions. The only reason for not giving it a perfect score is the slight texture that suggests it might be a painting or digitally altered, but this does not detract significantly from the overall quality."}, {"ans": [true, false, 0.9], "reasoning": "The image shows a book with a brown leather cover, lying open on a wooden surface. The pages are visible and appear to be blank. The main object in the image is indeed a book, so the answer to the first question is True. The pages are visible, so they are not missing or not visible, making the answer to the second question False. The image is clear and well-defined, with no visible artifacts or distortions, hence the quality score is 0.9. The slight deduction from 1 is due to the fact that the image is not a real photograph but rather a rendered or digitally created image, as evidenced by the uniform lighting and lack of any minor imperfections."}, {"ans": [true, false, 0.95], "reasoning": "The image clearly shows a lighthouse, which is the main object in the scene. The lighthouse is standing on a rocky outcrop with a cloudy sky in the background. The lamp is visible inside the glass enclosure at the top of the lighthouse, indicating that it is not missing. The image is of high quality with clear details and no visible artifacts or distortions. The quality score is 0.95 because the image is very clear and well-defined, with no noticeable issues."}, {"ans": [true, false, 1.0], "reasoning": "The image is showing an armchair with visible legs, and the quality is high with no noticeable artifacts or blurring."}, {"ans": [true, false, 0.95], "reasoning": "The image clearly shows a deer with antlers standing in a forest. The main object, a deer, is present, so the answer to the first question is True. The antlers are visible on the deer's head, so the answer to the second question is False. The image is of high quality, with clear details and no visible artifacts or distortions, so the quality score is 0.95."}, {"ans": [true, false, 1.0], "reasoning": "The image clearly shows an envelope with a flap, so the answer to the first question is True. The flap is visible, so the answer to the second question is False. The image is of high quality, with no visible artifacts or distortions, so the quality score is 1."}, {"ans": [true, true, 1.0], "reasoning": "The image clearly shows a wall clock on a white wall above a wooden table. The clock face is white with black hands and markings but lacks numbers. Therefore, the answer to Question 1 is True because the image is showing a wall clock. The answer to Question 2 is True because the numbers are missing from the clock face. The quality of the image is rated 1.0 because it is clear, well-lit, and free of artifacts or distortions."}, {"ans": [true, false, 0.9], "reasoning": "The image clearly shows a person wearing a white space suit, which is the main object in the image. The helmet is visible and not missing, so the answer to the second question is False. The image is of high quality with clear details and no visible artifacts or distortions, hence the quality score is 0.9. The slight deduction is due to minor reflections and water splashes that could be considered minor imperfections."}, {"ans": [true, false, 1.0], "reasoning": "The image clearly shows a windmill in a field, with the windmill's blades visible. The presence of the windmill and its blades directly answers both questions. The image is of high quality, with clear details and no visible artifacts or distortions."}, {"ans": [true, true, 1.0], "reasoning": "The image clearly shows a tree without leaves, so the main object is present. The leaves are not visible, so they are considered missing. The image is clear and well-defined, with no visible artifacts or distortions, hence the quality score is 1.0."}, {"ans": [true, true, 1.0], "reasoning": "The image clearly shows a yellow school bus parked in front of a building. The bus is facing left, and its side is visible. The doors of the bus are not visible as the side view does not include the front or back of the bus where the doors are typically located. The image is clear and well-lit, with no visible artifacts or distortions that would affect its quality."}, {"ans": [true, true, 1.0], "reasoning": "The image shows a laptop with its back facing the camera, and the screen is not visible. The laptop is clearly identifiable as the main object in the image. The screen is not visible, so it is considered missing or not visible. The image is clear and well-lit, with no visible artifacts or distortions, so the quality is rated as 1.0."}, {"ans": [true, true, 1.0], "reasoning": "The image clearly shows a trumpet, which is the main object in question. The trumpet is visible and appears to be in good condition, with no visible damage or distortion. The mouthpiece is not attached to the trumpet, indicating it is either missing or not visible. The image is of high quality, with clear details and no noticeable artifacts or blurring."}, {"ans": [true, false, 0.95], "reasoning": "The image clearly depicts a robot with a head, standing in a laboratory setting. The robot is white and has a distinctive design with visible mechanical parts. The head is present and clearly visible, facing slightly to the left. The image is sharp and well-lit, with a clear view of the robot and its surroundings. The quality of the image is high, with no noticeable artifacts or distortions. Therefore, the answer to Question 1 is True, as the image is showing a robot. The answer to Question 2 is False, as the head is not missing or invisible. The quality score is 0.95, indicating a very high-quality image."}, {"ans": [true, false, 1.0], "reasoning": "The image clearly shows a candle on a metal tray. The candle is the main object and is visible. The wick is present and visible on top of the candle. The image is of high quality with no visible artifacts, blurring, or other issues that would detract from its clarity. Therefore, the answer to Question 1 is True because the image is showing a candle. The answer to Question 2 is False because the wick is not missing and is visible. The quality of the image is rated 1.0 because it is clear and well-defined."}, {"ans": [true, false, 1.0], "reasoning": "The image clearly shows a pizza with a visible crust, sauce, cheese, and basil leaves. The cheese is melted and visible on top of the pizza, so it is not missing or invisible. The image is of high quality with no visible artifacts, blurring, or other issues that would affect the quality score."}, {"ans": [true, false, 1.0], "reasoning": "The image clearly shows a DSLR camera with a lens attached. The camera body is visible and has a lens mounted on it, which is evident from the image. The lens is not missing or invisible; it is clearly visible and appears to be properly attached to the camera body. The image is of high quality, with clear details and no visible artifacts or distortions."}, {"ans": [true, false, 1.0], "reasoning": "The image is showing a grand piano on a stage in a concert hall. The piano is clearly visible and appears to be in good condition. The keys of the piano are visible and not missing. The image is of high quality, with clear details and no visible artifacts or distortions."}, {"ans": [true, false, 1.0], "reasoning": "The image shows a paintbrush with bristles next to a paint palette. The paintbrush is clearly visible and has bristles, so the answer to the first question is True. The bristles are visible, so the answer to the second question is False. The image is clear and well-lit, with no visible artifacts or distortions, so the quality score is 1.0."}, {"ans": [true, false, 1.0], "reasoning": "The image is showing a watch with a strap. The strap is visible and not missing. The image is clear and of high quality, with no visible artifacts or distortions."}, {"ans": [true, false, 0.95], "reasoning": "The image clearly shows a young man with his mouth open, revealing his tongue. The main object, a mouth, is present. The tongue is visible, so it is not missing or not visible. The image is of high quality, with clear details and no visible artifacts or distortions. The only reason it doesn't get a perfect score is due to a slight blur on the shirt."}, {"ans": [true, false, 0.95], "reasoning": "The image clearly shows a motorcycle centered in the frame, with its main components visible, including the engine, seat, and wheels. The handlebars are present and visible, attached to the front of the motorcycle. The image is well-lit, with a clear view of the motorcycle and its details. The quality of the image is high, with no visible artifacts, blurring, or other issues that would detract from the overall clarity. The lighting is even and well-balanced, highlighting the motorcycle's features without causing any harsh shadows or reflections. Therefore, the answer to Question 1 is True, as the image does show a motorcycle. The answer to Question 2 is False, as the handlebars are not missing or invisible; they are clearly visible. The quality score is 0.95, indicating a very high-quality image with only minor potential issues, such as slight color grading or minor texture details, but these do not significantly impact the overall perception of the image."}, {"ans": [true, false, 1.0], "reasoning": "The image clearly shows a vintage television set on a wooden cabinet. The television has a visible screen, although it appears to be turned off or displaying a static screen. The image is well-lit and in focus, with no visible artifacts or distortions. The main object, the television, is present and clearly visible. The screen is also visible, although it is not displaying any content. Therefore, the answer to Question 1 is True, and the answer to Question 2 is False. The quality of the image is rated as 1.0, indicating that it is of high quality with no noticeable issues."}, {"ans": [true, false, 0.9], "reasoning": "The image clearly shows a goat with horns standing on a rocky outcrop. The main object, a goat, is present, so the answer to the first question is True. The horns are visible on the goat's head, so the answer to the second question is False. The image is of high quality, with clear details and no visible artifacts or distortions, so the quality score is 0.9."}, {"ans": [true, false, 1.0], "reasoning": "The image clearly shows a red sneaker with white laces, indicating that the main object is a sneaker. The laces are visible, so they are not missing or not visible. The image is sharp and well-lit, with no visible artifacts or distortions, resulting in a high-quality score of 1.0."}, {"ans": [true, false, 0.95], "reasoning": "The image clearly shows a green frog sitting on a leaf. The frog's eyes are visible and clearly defined, indicating that they are not missing. The image is sharp and well-defined, with no visible artifacts or distortions that would affect the quality. The only reason for not giving it a perfect score is that the background is slightly blurred, but this does not detract from the main subject."}, {"ans": [true, false, 1.0], "reasoning": "The image is showing a mug with a handle, so the main object is present. The handle is visible, so it is not missing. The image is clear and of high quality, with no visible artifacts or distortions."}, {"ans": [true, false, 0.95], "reasoning": "The image is clearly showing a saxophone with its keys visible. The saxophone is centered in the image, and its keys are clearly visible, indicating that they are not missing. The image quality is high, with clear details of the instrument, although there is a slight shadow on the left side, the overall clarity is not affected."}, {"ans": [true, false, 1.0], "reasoning": "The image clearly shows a skateboard with wheels attached to it. The skateboard is positioned on a brick surface, and all four wheels are visible, indicating that they are not missing. The image is clear and well-lit, with no visible artifacts or distortions that would affect the quality. Therefore, the answer to Question 1 is True, as the image is showing a skateboard. The answer to Question 2 is False, as the wheels are not missing or invisible. The quality of the image is rated as 1.0, indicating that it is of high quality."}, {"ans": [true, false, 1.0], "reasoning": "The image is showing a fedora with a brim, so the answer to the first question is True. The brim is visible, so the answer to the second question is False. The image is clear and well-lit, with no visible artifacts or distortions, so the quality score is 1.0."}, {"ans": [true, true, 0.95], "reasoning": "The image clearly shows a motorcycle helmet. The visor is not visible as it is flipped up, indicating that it is present but not in the down position. The image is of high quality with clear details and no visible artifacts or distortions. The quality score is 0.95 because the image is sharp and well-lit, but there are some minor scratches on the table that might slightly detract from the overall quality."}, {"ans": [true, true, 1.0], "reasoning": "The image is showing a bedframe without a mattress. The bedframe is clearly visible and appears to be ornate, with a wooden headboard and footboard. The mattress is not present, as indicated by the visible slats. The image is of high quality, with clear details and no visible artifacts or distortions."}, {"ans": [true, false, 1.0], "reasoning": "The image is showing a clock tower with a visible clock face. The clock tower is the main object in the image, and it is clearly visible. The clock face is also visible, so it is not missing. The image is of high quality, with no visible artifacts, blurring, or other issues that would affect the quality score."}, {"ans": [true, false, 1.0], "reasoning": "The image is showing a pocket watch with visible hands, so the answer to the first question is True. The hands are clearly visible on the watch face, so the answer to the second question is False. The image is of high quality, with clear details and no visible artifacts or distortions, so the quality score is 1.0."}, {"ans": [true, false, 1.0], "reasoning": "The image clearly shows a bicycle leaning against a wall. The bicycle is red with black handlebars and seat, and it has silver components including the chainring and gears. The pedals are visible and appear to be attached to the crankset. The image is sharp and well-lit, with no visible artifacts or distortions. Therefore, the answer to Question 1 is True because the image is showing a bicycle. The answer to Question 2 is False because the pedals are visible and not missing. The quality of the image is rated 1.0 because it is clear and well-defined, with no noticeable issues."}, {"ans": [true, false, 0.9], "reasoning": "The image is a portrait of a woman with brown hair and brown eyes, wearing a black shirt against a light gray background. The woman's eyes are clearly visible, so the answer to the second question is False. The image is of high quality with clear details and no visible artifacts or distortions, but the quality score is not 1 because the image appears to be a digital painting, which might be considered slightly less than a perfectly realistic image."}, {"ans": [true, false, 1.0], "reasoning": "The image clearly shows a grand piano on a stage with its lid open, revealing the internal mechanisms including the hammers. The presence of the hammers is visible as they are part of the internal structure of the piano that is exposed when the lid is open. The image is of high quality with clear details and no visible artifacts or distortions."}, {"ans": [true, false, 1.0], "reasoning": "The image clearly depicts a sailing ship with its sails visible and intact. The ship is centered in the image, sailing on calm waters under a clear sky with some clouds. The sails are fully visible and appear to be in good condition, indicating that they are not missing. The image is of high quality, with no visible artifacts, blurring, or other issues that would detract from its clarity. Therefore, the answer to the first question is True because the image is showing a sailing ship. The answer to the second question is False because the sails are visible and not missing. The quality of the image is rated as 1, indicating it is of very high quality."}, {"ans": [true, false, 1.0], "reasoning": "The image depicts a large tree with a wide canopy and green leaves, standing in a grassy field. The tree's trunk is thick and gnarled, with visible roots at the base. The leaves are sparse in some areas, but overall, they are present and visible. The image is clear and well-defined, with no visible artifacts or distortions. Therefore, the answer to Question 1 is True, as the image is showing an oak tree with leaves. The answer to Question 2 is False, as the leaves are not missing or not visible from the oak tree. The quality of the image is rated 1.0, as it is clear and well-defined, with no visible issues."}, {"ans": [true, false, 1.0], "reasoning": "The image depicts a stone cottage with a tiled roof and a door. The cottage is surrounded by trees and vines, and there are fallen leaves on the ground. The door is visible and appears to be intact. The image is clear and well-defined, with no visible artifacts or distortions. Therefore, the answer to Question 1 is True, as the image is showing a cottage. The answer to Question 2 is False, as the door is not missing or invisible. The quality of the image is rated 1.0, as it is clear and well-defined, with no visible issues."}, {"ans": [true, false, 1.0], "reasoning": "The image clearly shows a passenger jet on a runway. The wings are visible on both sides of the aircraft, indicating that they are not missing. The image is sharp and well-defined, with no visible artifacts or distortions that would affect its quality."}, {"ans": [true, true, 1.0], "reasoning": "The image clearly shows a wristwatch with a white face and brown leather strap on a tan leather surface. The watch face has black hour and minute hands but does not display numbers, only short black lines marking the hours. Therefore, for Question 1, the image is showing a wristwatch, so the answer is True. For Question 2, the numbers are missing from the wristwatch face, so the answer is True. The image is of high quality with clear details and no visible artifacts or distortions, so the quality score is 1.0."}, {"ans": [true, false, 1.0], "reasoning": "The image is showing a pizza with cheese, sauce, and basil leaves. The cheese is visible and not missing. The image is clear and of high quality, with no visible artifacts or distortions. Therefore, the answer to the first question is True, and the answer to the second question is False. The quality of the image is rated as 1."}, {"ans": [true, false, 0.9], "reasoning": "The image clearly shows traffic signals, with some of them having visible lights. The main object, traffic signals, is present. For the second question, the lights are visible on some traffic signals, so they are not missing or not visible. The image quality is high, with clear details of the scene, though the bright light in the center slightly affects the visibility of some elements in the distance. However, it does not significantly impact the overall quality or the ability to identify the main objects."}, {"ans": [true, false, 1.0], "reasoning": "The image clearly shows a skateboard with wheels attached to it. The skateboard is positioned on a concrete surface, and all four wheels are visible. The image is well-lit, with clear details of the skateboard and its components. There are no visible artifacts, blurring, or other issues that would affect the quality of the image."}, {"ans": [true, false, 0.9], "reasoning": "The image clearly shows a chessboard with pieces arranged on it, so the answer to Question 1 is True. The black pieces are visible on the board, so the answer to Question 2 is False. The image is of high quality, with clear details and no visible artifacts or distortions, so the quality score is 0.9. The slight deduction from 1 is due to the purple fabric background having some minor texture and lighting effects that are not entirely uniform, but these do not significantly impact the visibility of the chessboard or pieces."}, {"ans": [true, true, 1.0], "reasoning": "The image clearly shows a red sports car, which is the main object. The car is a convertible Ferrari, and it is positioned in a way that its brakes are not visible. The image is of high quality, with clear details and no visible artifacts or distortions. The reflection of the car on the floor adds to the overall clarity of the image. Therefore, the answer to the first question is True because the image is showing a sports car. The answer to the second question is True because the brakes are not visible. The quality score is 1.0 because the image is clear and well-rendered, with no noticeable issues."}, {"ans": [true, true, 1.0], "reasoning": "The image shows a book lying open on a wooden surface. The pages are blank and do not contain any visible text. The book is clearly visible, and the image is sharp and well-lit, indicating high quality. The main object, the book, is present, so the answer to the first question is True. The text is not visible on the pages, so the answer to the second question is also True. The image quality is rated as 1.0 because it is clear and free of artifacts or distortions."}, {"ans": [true, false, 1.0], "reasoning": "The image clearly shows a computer tower with its side panel removed, revealing the internal components. The main object, the computer tower, is present. The fans are visible and not missing, as indicated by the purple lighting and the visible fan blades. The image is of high quality, with clear details and no visible artifacts or distortions."}, {"ans": [true, false, 1.0], "reasoning": "The image clearly shows a scarecrow standing in a field of wheat. The scarecrow is wearing a red and white plaid shirt, blue jeans, and a straw hat. It has a straw-stuffed body and arms made of straw or corn cobs, which are clearly visible. The image is sharp and well-lit, with no visible artifacts or distortions. The scarecrow's arms are outstretched and visible, so they are not missing or invisible."}, {"ans": [true, true, 0.9], "reasoning": "The image depicts a man in armor, which is consistent with the representation of a knight. The presence of a belt and the overall attire suggests that he is a knight, although a sword is not visible. The image is of high quality, with detailed rendering of the armor and the background. However, the sword, which is often associated with knights, is not visible, making the answer to the second question 'True'. The quality score is 0.9 because the image is clear and well-rendered, with no significant artifacts or distortions."}, {"ans": [true, false, 0.95], "reasoning": "The image is showing a teapot with a handle, so the answer to the first question is True. The handle is visible, so the answer to the second question is False. The image is clear and well-lit, with no visible artifacts or distortions, but the background is slightly out of focus, hence the quality score is 0.95 instead of 1."}, {"ans": [true, false, 1.0], "reasoning": "The image clearly shows a basketball hoop with a net. The hoop is attached to a white backboard and a black pole, and there is a basketball passing through the hoop. The net is visible and appears to be intact. The image is clear and well-lit, with no visible artifacts or distortions. Therefore, the answer to Question 1 is True, and the answer to Question 2 is False. The quality of the image is rated as 1.0, indicating that it is of high quality."}, {"ans": [true, false, 1.0], "reasoning": "The image shows a dining table setting with plates, cutlery, and napkins. The main object is a dining table, so the answer to the first question is True. The glasses are visible on the table, so they are not missing, making the answer to the second question False. The image is clear and well-lit, with no visible artifacts or distortions, so the quality score is 1.0."}, {"ans": [true, true, 0.95], "reasoning": "The image clearly shows a typewriter, which is the main object in the image. The typewriter is placed on a wooden table, and there are papers inserted into it. Upon closer inspection, it is evident that the ribbon is missing from the typewriter. The image is of high quality, with clear details and no visible artifacts or distortions. The quality score is 0.95, indicating a very good image quality."}, {"ans": [true, true, 0.98], "reasoning": "The image shows a winter jacket hanging on a hanger against a white wall. The jacket is a puffy, cream-colored coat with a fur-lined hood and snap buttons down the front. There is no visible zipper on the jacket. The image is clear and well-lit, with no visible artifacts or distortions that would detract from its quality. The main object, the winter jacket, is clearly visible, so the answer to the first question is True. The zipper is not visible, so the answer to the second question is True. The quality of the image is high, with a score of 0.98 out of 1. The minor deduction is due to a slight shadow on the wall, which is a natural consequence of the lighting and not a defect in the image itself."}, {"ans": [true, false, 0.95], "reasoning": "The image clearly depicts a sunflower with its characteristic yellow petals and a dark center containing seeds. The seeds are visible in the image, indicating that they are not missing. The image is of high quality, with clear details and natural colors. The slight deduction in quality score is due to minor shadows on the petals and leaves, but overall, the image is sharp and well-defined."}, {"ans": [true, false, 0.95], "reasoning": "The image clearly shows an elephant with its trunk visible and intact. The main object in the image is an elephant, so the answer to the first question is True. Since the trunk is visible, the answer to the second question is False. The image is of high quality, with clear details and no visible artifacts or distortions, so the quality score is 0.95."}, {"ans": [true, true, 0.95], "reasoning": "The image clearly shows a rowboat on a lake, answering the first question affirmatively as it depicts a rowboat. For the second question, the oars are not visible in the boat or around it, so it is considered missing or not visible. The image is of high quality with clear details and no visible artifacts or distortions, hence a quality score of 0.95."}, {"ans": [true, false, 1.0], "reasoning": "The image clearly shows a snowman with a hat and scarf, and it has buttons on its body. The presence of the snowman answers the first question as true. For the second question, the buttons are visible on the snowman's body, so the answer is false. The image is clear and well-defined, with no visible artifacts or distortions, hence the quality is rated as 1.0."}, {"ans": [true, true, 0.95], "reasoning": "The image clearly shows a fountain pen on top of a notebook, with the nib pointing towards the bottom left corner. The pen is black with gold accents and is lying on an open notebook with blank white pages. In the background, there is a glass container partially visible, containing a red liquid that appears to be ink. The pen's ink reservoir is not visible, suggesting that it might be empty or the ink is not visible. The image is well-lit and in focus, with no noticeable artifacts or distortions. The quality of the image is high, with a score of 0.95 out of 1."}, {"ans": [true, false, 1.0], "reasoning": "The image clearly shows a paintbrush with visible bristles next to a paint palette. The paintbrush is the main object in the image, and it is present. Therefore, the answer to Question 1 is True. The bristles are clearly visible, so the answer to Question 2 is False. The image is of high quality, with no visible artifacts, blurring, or other issues, so the quality score is 1."}, {"ans": [true, false, 0.9], "reasoning": "The image clearly shows a pair of eyeglasses with temples on top of some papers. The main object, the eyeglasses, is present and visible. The temples are also visible, extending from the sides of the lenses. The image is sharp and clear, with no visible artifacts or distortions that would affect the quality. The quality score is 0.9 because the image is well-lit and the details are crisp, but it might not be perfect due to the texture of the background."}, {"ans": [true, false, 0.9], "reasoning": "The image clearly shows a person holding an umbrella on a rainy day. The umbrella is visible and appears to be intact, with its ribs visible through the fabric. The image is well-lit and clear, with no significant artifacts or distortions. The quality of the image is high, with a score of 0.9 out of 1. The main object, the umbrella, is present, so the answer to the first question is True. The ribs of the umbrella are visible, so the answer to the second question is False."}, {"ans": [true, false, 1.0], "reasoning": "The image clearly shows a wristwatch with a visible face and mechanical components. The hour markers are visible around the edge of the watch face, indicating that they are not missing. The image is of high quality, with clear details and no visible artifacts or distortions."}, {"ans": [true, true, 0.95], "reasoning": "The image shows a camping tent in a grassy field. The tent is partially erected, with its fabric visible but without visible poles. The first question is whether the image is showing a camping tent, which it is, so the answer to the first question is True. The second question asks if the poles are missing or not visible from the camping tent, and since the poles are not visible, the answer to the second question is True. The image is clear and well-defined, with no visible artifacts or distortions that would significantly impact its quality. The only reason for a quality score less than 1 is the slight artificiality in the image's rendering, which is minimal. Therefore, the quality score is 0.95."}, {"ans": [true, false, 0.9], "reasoning": "The image shows a traditional cuckoo clock with a wooden exterior, Roman numerals on the clock face, and carved deer on either side. The clock has five pinecone weights hanging from it, which are clearly visible. The image is of high quality, with clear details and no visible artifacts or distortions. The main object, the cuckoo clock, is present and well-defined. The weights are also present and visible, hanging below the clock. Therefore, the answer to the first question is True, as the image does show a cuckoo clock. The answer to the second question is False, as the weights are not missing or invisible; they are clearly visible as pinecones hanging from the clock."}, {"ans": [true, true, 1.0], "reasoning": "The image shows a smartphone with a reflective screen, and the speaker grille is not visible from the angle it is being viewed. The phone's design and features are clearly visible, indicating a high-quality image. The absence of the speaker grille is not due to image quality but rather the orientation of the phone."}, {"ans": [true, true, 0.9], "reasoning": "The image clearly shows a motorcycle facing the camera on a road. The main object, the motorcycle, is present and visible. The speedometer is not visible in the image, as it is not shown on the motorcycle's handlebars or dashboard from the given angle. The image is sharp and clear, with no significant artifacts or distortions that would affect the visibility of the motorcycle. Therefore, the quality of the image is rated high at 0.9."}, {"ans": [true, true, 0.95], "reasoning": "The image shows a violin bow. The bow is positioned diagonally across the image, with the tip pointing towards the top-right corner and the frog towards the bottom-left corner. The bow stick is light-colored wood, and the frog is black with silver accents. The hair of the bow is not visible, indicating it is either missing or not visible. The background is a red fabric surface that appears to be slightly wrinkled. The image is clear and well-lit, with no visible artifacts or distortions that would affect the quality."}, {"ans": [true, true, 0.9], "reasoning": "The image shows a birdcage hanging from the ceiling of a porch. The cage is made of gold-colored metal bars and has a dome-shaped top. There is no visible perch inside the cage. The image is clear and well-lit, with a slight glow around the cage due to the lighting. The quality of the image is high, with no visible artifacts or distortions. Therefore, the answer to Question 1 is True because the image is showing a birdcage. The answer to Question 2 is True because the perch is not visible inside the birdcage. The quality score is 0.9 because the image is clear and well-lit, but there is a slight glow around the cage that might be considered a minor artifact."}, {"ans": [true, false, 1.0], "reasoning": "The image is a clear and detailed depiction of a statue of a woman in a classical Greek or Roman style. The statue is standing on a pedestal in the center of a colonnade, with columns on either side. The statue is fully intact, with its head clearly visible. The image is of high quality, with no visible artifacts, blurring, or other issues that would detract from the overall clarity and realism of the scene. Therefore, the answer to Question 1 is True because the image is showing a statue. The answer to Question 2 is False because the head is not missing or invisible; it is clearly visible. The quality score is 1.0 because the image is sharp, clear, and free of any distortions or issues."}, {"ans": [true, false, 0.9], "reasoning": "The image shows a teddy bear sitting on a bed. The teddy bear is clearly visible and has a nose, so the answer to Question 1 is True. Since the nose is visible, the answer to Question 2 is False. The image is of high quality, with clear details and no visible artifacts or distortions, so the quality score is 0.9."}, {"ans": [true, false, 1.0], "reasoning": "The image clearly shows a pair of white sneakers with laces. The sneakers are the main object in the image, and they are visible and clear. The laces are also visible and appear to be properly tied. The image is well-lit and has no visible artifacts or distortions. Therefore, the answer to the first question is True, and the answer to the second question is False. The quality of the image is rated as 1.0, indicating that it is of high quality."}, {"ans": [true, false, 1.0], "reasoning": "The image clearly shows a refrigerator with its doors open, displaying the interior. The refrigerator is the main object in the image, and it is visible and well-defined. The door shelves are present and visible on the door that is open towards the right side of the image. The image is of high quality, with clear details and no visible artifacts or distortions. Therefore, the answer to the first question is True because the image is showing a refrigerator. The answer to the second question is False because the door shelves are not missing; they are visible on the right door. The quality of the image is rated as 1 because it is clear and well-defined, with no noticeable issues."}, {"ans": [true, false, 0.9], "reasoning": "The image depicts a group of people gathered around a campfire in a forest. The campfire is the central focus, with flames clearly visible and people sitting around it. The image is well-lit, with the fire providing a warm glow, and there are no visible artifacts or distortions that would significantly impact the quality. The presence of flames answers both questions directly: the image is showing a campfire with flames, so the answer to the first question is true, and since the flames are visible, the answer to the second question is false. The quality is rated 0.9 because the image is clear and detailed, with no major issues affecting its quality."}, {"ans": [true, true, 1.0], "reasoning": "The image clearly shows a drinking fountain installed on a sidewalk in a park-like setting. The fountain is made of shiny metal and has a lever on the side, indicating it is operational. There is no visible water coming out or present around the fountain, suggesting that it is either turned off or not functioning at the moment. The image is clear and well-lit, with no visible artifacts, blurring, or other quality issues. Therefore, the main object (drinking fountain) is present, and the water is either missing or not visible."}, {"ans": [true, false, 1.0], "reasoning": "The image clearly shows a revolver with a visible trigger guard. The revolver is positioned on a green surface, and its details are well-defined. The trigger guard is present and visible around the trigger. The image is of high quality, with no visible artifacts, blurring, or other issues that would detract from its clarity."}, {"ans": [true, false, 0.9], "reasoning": "The image is a detailed illustration of a compass rose, which is clearly visible and centered in the image. The compass rose includes a north arrow, which is pointing upwards and is clearly visible. The image is well-detailed and has a vintage aesthetic, with a sepia tone that gives it an aged look. The quality of the image is high, with clear lines and minimal artifacts. However, there are some minor tears and wear around the edges, which slightly reduces the overall quality score to 0.9."}, {"ans": [true, false, 0.9], "reasoning": "The image depicts a cityscape with several skyscrapers, some of which have visible windows. The main objects in the image are the skyscrapers, and they are clearly visible. The windows on the skyscrapers are also visible, especially on the buildings in the foreground. The image is of high quality, with clear details and no visible artifacts or distortions. The only reason for not giving it a perfect score is the slight haze in the background, which slightly reduces the clarity of the distant buildings."}, {"ans": [true, true, 0.95], "reasoning": "The image depicts a conductor standing at a podium, leading an orchestra. The conductor is dressed in a black tuxedo with a white shirt and bow tie, and his right hand is raised in the air. The orchestra members are seated around him, playing their instruments. The baton is not visible in the conductor's hand. The image is clear and well-lit, with no visible artifacts or distortions. The quality of the image is high, with a score of 0.95 out of 1."}, {"ans": [true, true, 1.0], "reasoning": "The image shows a soccer field with a goal in the background. The goal is visible but the crossbar is not clearly visible, suggesting it might be missing or not visible due to the distance or perspective. The image is clear and well-lit, with no visible artifacts or distortions that would affect its quality."}, {"ans": [true, false, 1.0], "reasoning": "The image clearly shows a microscope on a table. The microscope has eyepieces and objective lenses visible, indicating that it is not missing lenses. The image is sharp and well-lit, with no visible artifacts or distortions, suggesting a high-quality image."}]