[{"ans": [true, true, 1.0], "reasoning": "The image shows a sailboat on calm waters with a clear blue sky in the background. The sailboat is white with two masts and appears to be stationary or moving slowly. The sails are not visible, indicating they are either missing or not deployed. The image is clear and well-lit, with no visible artifacts or distortions. Therefore, the answer to Question 1 is True because the image is showing a sailboat. The answer to Question 2 is True because the sails are not visible, suggesting they are either missing or not deployed. The quality of the image is rated 1.0 because it is clear, well-composed, and free of noticeable artifacts or distortions."}, {"ans": [true, false, 0.95], "reasoning": "The image clearly shows a bicycle leaning against a brick wall. The bicycle is red and has a chain visible near the pedals, indicating that it is not missing. The image is well-lit and in focus, with clear details of the bicycle and its surroundings. The quality of the image is high, with no noticeable artifacts or distortions. Therefore, the answer to Question 1 is True because the image is showing a bicycle. The answer to Question 2 is False because the chain is visible, hence not missing or invisible. The quality score is 0.95, deducting 0.05 for minor wear and tear visible on the bicycle."}, {"ans": [true, false, 0.95], "reasoning": "The image clearly shows a cat sitting on a windowsill. The cat is centered and well-defined, indicating that the main object is present. For the first question, the presence of a cat is confirmed, so the answer is True. For the second question, the whiskers are visible on the cat's face, so the answer is False. The image is sharp and clear, with natural colors and no visible artifacts or distortions, so the quality score is high, 0.95."}, {"ans": [true, true, 1.0], "reasoning": "The image depicts a large stone castle with a prominent entrance, situated on a grassy hill. The castle's architecture and the presence of a large archway suggest that it is indeed a castle. The gates are not visible, as the archway is empty, indicating that the gates are either missing or not visible. The image is clear and well-defined, with no visible artifacts, blurring, or other issues that would affect its quality."}, {"ans": [true, false, 0.9], "reasoning": "The image clearly shows a hot-air balloon with a visible basket. The main object, the hot-air balloon, is present, so the answer to the first question is True. The basket is also visible, so the answer to the second question is False. The image is of high quality, with clear details and no visible artifacts or distortions, so the quality score is 0.9."}, {"ans": [true, false, 0.9], "reasoning": "The image clearly shows a turtle with a visible shell. The turtle is centered in the image, and its shell is prominent. The image is of high quality, with clear details and no visible artifacts or distortions. The shell is not missing or invisible; it is clearly visible on the turtle's back."}, {"ans": [true, false, 0.9], "reasoning": "The image clearly shows a train at a station, so the answer to the first question is True. The wheels of the train are visible, so the answer to the second question is False. The image is clear and well-lit, with no visible artifacts or distortions, so the quality is rated as 0.9. The only reason it's not a perfect 1 is because the tracks appear slightly rusty and worn, but this does not significantly impact the overall quality of the image."}, {"ans": [true, false, 1.0], "reasoning": "The image clearly shows a pair of eyeglasses with lenses. The lenses are visible and not missing. The image is sharp and clear, with no visible artifacts or distortions that would affect the quality. Therefore, the answer to Question 1 is True because the image is showing eyeglasses with lenses. The answer to Question 2 is False because the lenses are not missing or invisible. The quality score is 1.0 because the image is of high quality, with no visible issues."}, {"ans": [true, false, 0.95], "reasoning": "The image clearly shows a fountain pen with a nib. The nib is visible and appears to be intact. The image is of high quality, with clear details and no visible artifacts or distortions. The only reason it's not rated 1 is due to the slight shadow under the pen, which is a natural consequence of the lighting and not a defect in the image quality."}, {"ans": [true, true, 0.95], "reasoning": "The image depicts a broken umbrella frame leaning against a chair. The main object in the image is indeed an umbrella, albeit without its canopy. Therefore, the answer to the first question is True. The canopy of the umbrella is missing, so the answer to the second question is also True. The image is clear and well-lit, with no visible artifacts or distortions that would affect its quality. Hence, the quality score is 0.95."}, {"ans": [true, false, 1.0], "reasoning": "The image is showing a large white airplane on a runway, with its wings clearly visible. The presence of the airplane satisfies the first question, so the answer is True. Since the wings are visible, the answer to the second question is False. The image is clear and of high quality, with no visible artifacts or distortions, so the quality score is 1."}, {"ans": [true, true, 1.0], "reasoning": "The image shows a desk lamp with a brass finish, positioned on a table next to an open book. The lamp's shade is directed towards the book, and the bulb is not visible as it is hanging down and not inserted into the socket. The image is clear and well-lit, with no visible artifacts or distortions. The main object, the desk lamp, is present in the image. The bulb is missing or not visible, as it is hanging down from the socket and not inserted. The image quality is high, with no noticeable issues."}, {"ans": [true, false, 1.0], "reasoning": "The image shows an electric guitar with a visible neck. The guitar is hanging on a wall, and the neck is clearly visible, extending upwards from the body. The image is clear and well-lit, with no visible artifacts or distortions. Therefore, the answer to Question 1 is True, as the image is showing an electric guitar. The answer to Question 2 is False, as the neck is visible. The quality of the image is rated 1.0, as it is clear and well-defined."}, {"ans": [true, false, 0.9], "reasoning": "The image clearly depicts a fish with visible fins, addressing the first question affirmatively. For the second question, the fins are present and visible, so the answer is false. The image is of high quality with clear details and no significant artifacts, hence a quality score of 0.9. The slight deduction is due to the complexity of the scene and the reflective surfaces which might cause minor distractions."}, {"ans": [true, false, 1.0], "reasoning": "The image clearly shows a small brick cottage with a roof, chimney, and a door. The roof is visible and appears to be intact. The image is of high quality with no visible artifacts, blurring, or unnatural colors. The main object, the cottage, is clearly visible, and the roof is also visible, so the answer to the first question is True and the second question is False. The quality of the image is rated as 1.0 because it is clear and well-defined."}, {"ans": [true, true, 0.9], "reasoning": "The image is showing a car, specifically a vintage convertible with its hood up and doors open. The windshield is not visible as the top is down, making it appear as if it's missing. The image is clear and well-lit, with no visible artifacts or distortions that would affect its quality. The main object, the car, is clearly visible and in focus."}, {"ans": [true, false, 0.95], "reasoning": "The image clearly shows a keyboard with a visible spacebar. The spacebar is present and not missing or invisible. The image is of high quality, with clear details and vibrant colors, though there is a slight gradient effect in the background that might be considered a minor artifact, hence the quality score is not 1 but 0.95."}, {"ans": [true, false, 0.9], "reasoning": "The image clearly depicts an owl perched on a branch, with detailed feathers visible across its body. The owl's presence is the main focus, and it is shown with its feathers intact. The image quality is high, with clear details and no visible artifacts or distortions that would detract from the overall clarity. The presence of feathers is evident, so they are not missing or invisible. The quality score is 0.9 because the image is very clear and detailed, with no noticeable issues."}, {"ans": [true, true, 0.95], "reasoning": "The image is showing a book with a leather cover, which is open and lying on a wooden table. The pages are not visible as the book is open to show the inside covers. Therefore, the answer to the first question is True because the image is showing a book. The answer to the second question is True because the pages are not visible. The quality of the image is rated 0.95 because it is clear and well-defined, with no visible artifacts or distortions."}, {"ans": [true, false, 0.95], "reasoning": "The image clearly shows a lighthouse with a lamp visible inside the lantern room at the top. The presence of the lighthouse is evident, and the lamp is also visible, indicating it is not missing. The image is of high quality with clear details and no significant artifacts or distortions, hence a quality score of 0.95. The presence of the lamp inside the lighthouse makes answer 2 False."}, {"ans": [true, false, 1.0], "reasoning": "The image clearly shows an armchair with a light-colored fabric and a patterned rug underneath it. The chair has visible legs, which are made of dark wood. The image is well-lit and has no visible artifacts or distortions. Therefore, the answer to Question 1 is True because the image is showing an armchair. The answer to Question 2 is False because the legs are visible. The quality of the image is rated as 1.0 because it is clear and well-defined, with no noticeable issues."}, {"ans": [true, true, 0.9], "reasoning": "The image clearly depicts a deer standing in a forest, so the answer to the first question is True. The deer appears to be without antlers, and upon closer inspection, it's evident that the antlers are not visible, thus the answer to the second question is True. The image quality is high, with clear details and natural colors, hence the quality score is 0.9. The slight deduction is due to the soft, hazy effect in the background which could be considered a minor artifact."}, {"ans": [true, false, 1.0], "reasoning": "The image clearly shows an envelope, so the answer to the first question is True. The flap of the envelope is visible, so the answer to the second question is False. The image is of high quality with no visible artifacts or distortions, so the quality score is 1.0."}, {"ans": [true, true, 1.0], "reasoning": "The image clearly shows a wall clock above a fireplace mantle. The clock face is white with black hands but lacks numbers. The overall quality of the image is high, with clear details and no visible artifacts or distortions. Therefore, the answer to Question 1 is True because the image is showing a wall clock. The answer to Question 2 is True because the numbers are not visible on the clock face. The quality score is 1.0 as the image is clear and well-rendered."}, {"ans": [true, false, 0.95], "reasoning": "The image clearly depicts an astronaut wearing a space suit, which is partially submerged in a swimming pool. The space suit is fully visible, and it includes a helmet with a reflective visor. The presence of the helmet is evident, so it is not missing. The image is of high quality, with clear details and no visible artifacts or distortions that would detract from the overall clarity. The lighting and colors are natural and well-balanced, contributing to the high quality score."}, {"ans": [true, false, 0.95], "reasoning": "The image clearly shows a windmill with its blades visible, standing in a field of wheat. The main object, the windmill, is present and identifiable. The blades are also visible, indicating they are not missing. The image is sharp and well-defined, with natural colors and no visible artifacts or distortions that would detract from its quality. The slight reduction in quality score is due to a minor gradient effect visible in the sky, but it does not significantly impact the overall clarity of the image."}, {"ans": [true, true, 0.95], "reasoning": "The image is showing a large tree without leaves in the center, surrounded by other trees, also mostly without leaves. The main object, a tree, is clearly visible, so the answer to the first question is True. The leaves are not visible on the main tree or most of the surrounding trees, so the answer to the second question is True. The image quality is high, with clear details of the tree's branches and trunk, and a well-defined background. The only reason for not giving it a perfect score is the slight haze in the background, but it doesn't significantly impact the overall clarity of the main subject."}, {"ans": [true, true, 0.9], "reasoning": "The image shows a yellow school bus parked on the side of a road. The main object in the image is the bus, which is clearly visible. The doors of the bus are not visible as they are on the opposite side of the bus, thus considered missing or not visible. The image is clear and well-lit, with no visible artifacts or distortions that would affect its quality. The quality score is 0.9 because the image is sharp and clear, but there might be some minor wear and tear visible on the bus."}, {"ans": [true, false, 1.0], "reasoning": "The image clearly shows a laptop, which is the main object in question. The laptop is an Apple MacBook, identifiable by its design and the Apple logo on the back of the screen. The screen is visible and not missing, as it is open and facing towards the viewer. The image is of high quality, with clear details and no visible artifacts or distortions. The lighting is even, and the colors are natural, contributing to the overall high quality of the image."}, {"ans": [true, true, 1.0], "reasoning": "The image shows a trumpet, which is the main object in question. The trumpet is visible and appears to be a standard brass instrument. The mouthpiece is not visible, suggesting it is either missing or not attached. The image is clear and well-lit, with no visible artifacts or distortions that would affect the quality. Therefore, the answer to the first question is True, as the image does show a trumpet. The answer to the second question is also True, as the mouthpiece is not visible. The quality of the image is rated 1.0, indicating it is of high quality with no noticeable issues."}, {"ans": [true, false, 0.95], "reasoning": "The image clearly shows a robot with a visible head in a laboratory setting. The robot is white with mechanical parts and wires exposed. The head is present and visible, facing to the right. The image is of high quality with clear details and no visible artifacts or distortions that would significantly impact the perception of the main object. The slight decrease in quality score is due to a minor blur that is barely noticeable."}, {"ans": [true, true, 1.0], "reasoning": "The image shows a large, white candle on a silver tray. The candle is cylindrical and appears to be made of wax. There is no visible wick on the top of the candle. The image is clear and well-lit, with no visible artifacts or distortions. The quality of the image is high, with a score of 1.0. For Question 1, the image is showing a candle, so the answer is True. For Question 2, the wick is not visible, so the answer is True."}, {"ans": [true, false, 0.95], "reasoning": "The image clearly shows a pizza that is cut into slices and topped with tomato sauce, cherry tomatoes, garlic, and basil leaves. The presence of melted cheese is visible between the toppings, indicating that the pizza is not without cheese. Therefore, the answer to Question 1 is True because the image is showing a pizza. For Question 2, the answer is False because the cheese is visible and not missing. The image quality is rated 0.95 out of 1 because it is clear and well-defined, with no visible artifacts or distortions that would detract from the viewer's ability to see the details of the pizza."}, {"ans": [true, true, 1.0], "reasoning": "The image is clearly showing a DSLR camera body without a lens attached. The camera body is hanging on a wall, and the lens mount is visible, indicating that a lens is not attached. The image is sharp and well-lit, with no visible artifacts or distortions. The quality of the image is high, with a score of 1.0. For question 1, the answer is True because the image is showing a DSLR camera body. For question 2, the answer is True because the lens is not attached to the camera body, making it 'missing or not visible'."}, {"ans": [true, true, 1.0], "reasoning": "The image is showing a grand piano on a stage in an auditorium. The piano's lid is open, and the keys are not visible as they are hidden under the open lid. The image is clear and well-lit, with no visible artifacts or distortions. The quality of the image is high, with a score of 1.0. For question 1, the image is showing a piano, so the answer is True. For question 2, the keys are not visible because the lid is open and they are hidden from view, so the answer is True."}, {"ans": [true, false, 0.9], "reasoning": "The image shows a paintbrush with visible bristles next to a palette of paints. The main object, a paintbrush, is present. The bristles are visible, so they are not missing or not visible. The image is clear and well-defined, with vibrant colors and no noticeable artifacts or distortions. The quality of the image is high, scoring 0.9 out of 1. The slight deduction is due to minor splatters and paint smudges on the surface, but these do not detract significantly from the overall clarity."}, {"ans": [true, true, 1.0], "reasoning": "The image shows a watch with a visible face and a metallic body, but the strap is not visible as it is likely detached or hidden from view. The watch is placed on a granite countertop, and the image is clear and well-lit, indicating a high-quality image."}, {"ans": [true, true, 0.95], "reasoning": "The image clearly shows a young man sitting in a dentist's chair with his mouth open, revealing his teeth. The dentist is holding dental tools near the patient's mouth. The tongue is not visible in the open mouth, so it is considered missing or not visible. The image is sharp and clear, with good lighting, and there are no visible artifacts or distortions that would detract from its quality."}, {"ans": [true, false, 0.9], "reasoning": "The image clearly shows a motorcycle parked on a street at night. The motorcycle is centered in the image and is facing slightly to the left. It has a black body and is equipped with handlebars, which are visible and not obstructed from view. The overall quality of the image is high, with clear details of the motorcycle and the surrounding environment. The lighting is dramatic, with neon lights and streetlights illuminating the scene. However, there are some slight artifacts around the lights, which might be due to the image processing or compression. Nonetheless, these artifacts do not significantly detract from the overall clarity of the image, hence the quality score of 0.9."}, {"ans": [true, false, 1.0], "reasoning": "The image clearly shows a vintage television set with a visible screen, placed on a wooden cabinet. The screen is not missing or invisible; it is present and appears to be in a static state, possibly turned off. The quality of the image is high, with no visible artifacts, blurring, or other issues that would detract from its clarity. The television is the main object, and it is depicted in detail, including the internal components visible through the open cabinet below it."}, {"ans": [true, false, 1.0], "reasoning": "The image shows a white goat standing on a rocky outcrop with a snowy mountain in the background. The goat is clearly visible and appears to be a mountain goat, which is a type of goat. The horns are visible on the goat's head, so they are not missing or invisible. The image is clear and well-defined, with no visible artifacts or distortions, so the quality is high."}, {"ans": [true, false, 0.95], "reasoning": "The image clearly shows a red sneaker with white soles sitting on a bench in front of lockers. The sneaker is a Converse All Star model, and it has red laces that are visible and tied. The image is sharp and well-lit, with no visible artifacts or distortions that would detract from its quality. The main object, the sneaker, is clearly visible, so the answer to the first question is True. Since the laces are present and visible, the answer to the second question is False. The quality of the image is high, with clear details and no noticeable issues, so the quality score is 0.95."}, {"ans": [true, false, 0.9], "reasoning": "The image clearly shows a green frog sitting on a lily pad in the water. The frog's eyes are visible and clearly seen, so they are not missing or invisible. The image is sharp and well-defined, with good color and no visible artifacts or distortions. The only reason the quality score is not 1 is because of the slight ripple in the water around the frog's feet, but this does not significantly detract from the overall image quality."}, {"ans": [true, false, 0.95], "reasoning": "The image shows a mug with a handle, so the answer to Question 1 is True. The handle is visible, so the answer to Question 2 is False. The image is of high quality, with clear details and no visible artifacts or distortions, so the quality score is 0.95. The slight deduction from 1 is due to the subtle gradient background which might be considered a minor imperfection but does not significantly impact the overall quality."}, {"ans": [true, false, 0.9], "reasoning": "The image clearly shows a saxophone, which is the main object in question. The saxophone is depicted with its keys visible, indicating that the keys are not missing. The image is well-lit and in focus, with no visible artifacts or distortions that would detract from its quality. However, the quality score is not 1 due to slight overexposure on the curtain in the background, which might be considered a minor flaw."}, {"ans": [true, false, 0.9], "reasoning": "The image shows a skateboard with wheels. The skateboard is positioned on a brick surface, and its wheels are visible and intact. The image is clear and well-lit, with no visible artifacts or distortions that would affect the quality. The main object, the skateboard, is clearly identifiable. The wheels are present and visible, so they are not missing or not visible."}, {"ans": [true, false, 1.0], "reasoning": "The image shows a black fedora hat on a wooden stand. The hat is clearly visible and appears to be a fedora, so the answer to Question 1 is True. The brim of the hat is also visible, so the answer to Question 2 is False. The image is of high quality, with no visible artifacts, blurring, or other issues, so the quality score is 1.0."}, {"ans": [true, false, 0.95], "reasoning": "The image clearly shows a motorcycle helmet on a workbench, surrounded by various tools. The helmet has a visor that is intact and visible, indicating that the visor is not missing. The image is sharp and well-lit, with no visible artifacts or distortions that would detract from its quality. The only reason for a quality score less than 1 is the slight reflection on the visor and the helmet's surface, which is not significant enough to warrant a lower score."}, {"ans": [true, true, 1.0], "reasoning": "The image depicts a wooden bedframe with intricate carvings, positioned against a dark blue wall. The bedframe is the main object in the image, and it is clearly visible. The mattress is not present on the bedframe, making it 'missing or not visible.' The image is of high quality, with clear details and no visible artifacts or distortions."}, {"ans": [true, false, 1.0], "reasoning": "The image is showing a clock tower with a visible clock face. The main object, the clock tower, is present in the image. The clock face is also visible on the tower. The image is clear and of high quality, with no visible artifacts or distortions."}, {"ans": [true, false, 0.95], "reasoning": "The image shows a pocket watch with its cover open, revealing the intricate details of the watch's mechanism. The watch face is visible and has both hour and minute hands, which are clearly seen. The image is of high quality, with clear details and no visible artifacts or distortions that would affect the visibility of the main object or its components. The quality score is 0.95 because the image is very clear and well-lit, with no noticeable issues."}, {"ans": [true, false, 1.0], "reasoning": "The image clearly shows a bicycle leaning against a stone wall. The bicycle is red with silver accents and has the word 'ROM' written on its frame. The pedals are visible and appear to be attached to the bicycle. The image is clear and well-lit, with no visible artifacts or distortions. Therefore, the answer to Question 1 is True because the image is showing a bicycle. The answer to Question 2 is False because the pedals are visible and not missing. The quality of the image is rated 1 because it is clear and well-defined, with no noticeable issues."}, {"ans": [true, false, 0.9], "reasoning": "The image is showing a portrait of a woman with her eyes visible, so the answer to the first question is True. The eyes are not missing or not visible from the portrait of the woman, so the answer to the second question is False. The quality of the image is rated 0.9 because it is clear and well-defined, with no noticeable artifacts or distortions. The main painting is the central focus, and it is rendered in high detail."}, {"ans": [true, false, 0.95], "reasoning": "The image clearly shows a grand piano on a stage, with its lid open, revealing the internal mechanisms. The hammers are visible inside the piano, indicating that they are not missing. The image is well-lit, with dramatic lighting that highlights the piano and creates a sense of atmosphere. The quality of the image is high, with no visible artifacts, blurring, or other issues that would detract from the overall impression. Therefore, the answer to Question 1 is True, as the image does show a grand piano. The answer to Question 2 is False, as the hammers are visible and not missing. The quality score is 0.95, indicating a very high-quality image."}, {"ans": [true, true, 1.0], "reasoning": "The image depicts a sailing ship with three masts, characteristic of historical sailing vessels, floating on the water. The ship is shown without sails, and there are no visible sails on the masts. The image is clear and well-defined, with no visible artifacts, blurring, or other issues that would detract from its quality. Therefore, the answer to Question 1 is True because the image shows a sailing ship. The answer to Question 2 is True because the sails are not visible. The quality of the image is rated as 1.0 because it is clear and free of defects."}, {"ans": [true, false, 0.95], "reasoning": "The image shows a large tree with a thick trunk and sprawling branches, characteristic of an oak tree. The leaves are visible on the branches, indicating that the tree is not bare. The image is clear and well-defined, with no visible artifacts or distortions that would detract from its quality. The presence of leaves on the tree answers the second question, indicating that the leaves are not missing. The overall quality of the image is high, with a score of 0.95 out of 1, due to its clarity and lack of noticeable issues."}, {"ans": [true, false, 0.95], "reasoning": "The image depicts a stone cottage with a steeply pitched roof and a chimney, surrounded by trees and vines. The front of the cottage is partially obscured by foliage, but the presence of a doorway is evident, indicating that a door is present, even if not entirely visible due to the covering vegetation. The image is clear and detailed, with no visible artifacts or distortions that would detract from its quality. The presence of the door, though partially hidden, means it is not considered 'missing or not visible' for the purposes of question 2."}, {"ans": [true, false, 1.0], "reasoning": "The image clearly shows a passenger jet on a runway. The wings are visible and not missing. The image is clear and of high quality, with no visible artifacts or distortions."}, {"ans": [true, true, 0.95], "reasoning": "The image is clearly showing a wristwatch with a silver face and brown leather strap. The watch face is plain and lacks numbers. The image is of high quality, with clear details and no visible artifacts or distortions. The quality score is 0.95 because the image is very clear and well-lit, but not perfect due to slight shadowing around the edges of the watch box."}, {"ans": [true, false, 0.95], "reasoning": "The image clearly shows a pizza with a thick crust, topped with tomato sauce and basil leaves. The crust is golden brown and has a decorative edge. The presence of basil leaves and the red sauce indicates that it is a pizza. For the second question, the cheese is visible in small amounts under the sauce and basil leaves, so it is not missing or invisible. The image is of high quality, with clear details and no visible artifacts or distortions. The slight decrease in quality score is due to the fact that the image is not perfectly sharp, but it is still clear enough to identify the details."}, {"ans": [true, false, 0.8], "reasoning": "The image clearly shows traffic signals above the road, with some of them displaying red lights. The main object, traffic signals, is present. The lights are visible on most of the traffic signals, so they are not missing or not visible. However, the image quality is slightly compromised due to the overexposure from the sun, which causes some glare and loss of detail in certain areas."}, {"ans": [true, false, 0.95], "reasoning": "The image clearly shows a skateboard with a colorful deck and yellow wheels. The skateboard is positioned on a concrete surface, and the wheels are visible, indicating that they are not missing. The image is well-lit, with clear details of the skateboard and its components. The quality of the image is high, with no noticeable artifacts or distortions. Therefore, the answer to Question 1 is True, as the image is showing a skateboard. The answer to Question 2 is False, as the wheels are visible and not missing. The quality score is 0.95, indicating a high-quality image with minor imperfections, likely due to the texture of the concrete surface."}, {"ans": [true, true, 0.9], "reasoning": "The image clearly shows a chessboard with white pieces set up on both sides, indicating that it is a chessboard. However, the black pieces are not visible as they are the same color as the white pieces, making them indistinguishable. The image is of high quality, with clear details and no visible artifacts or distortions. The quality score is 0.9 because the image is very clear and well-lit, with no noticeable issues."}, {"ans": [true, false, 0.95], "reasoning": "The image clearly shows a sports car, which is the main object. The sports car is a red, high-performance vehicle with its doors open, displayed in a showroom. The brakes are visible through the spokes of the wheels, indicating that they are not missing. The image is of high quality, with clear details and no visible artifacts or distortions. The only reason the quality score is not 1 is due to the slight reflection and lighting effects on the car's surface and the floor."}, {"ans": [true, true, 1.0], "reasoning": "The image clearly shows an open book on a wooden table. The pages are blank and devoid of any text. The image is sharp, with no visible artifacts or distortions. Therefore, the answer to the first question is True as the image is showing a book. The answer to the second question is also True because the text is not visible on the pages of the book. The quality of the image is rated as 1.0 since it is clear and well-defined."}, {"ans": [true, false, 0.95], "reasoning": "The image clearly shows a computer tower with a transparent side panel, revealing the internal components. The fans are visible and illuminated with purple and blue lights, indicating they are present and not missing. The image is of high quality, with clear details and no visible artifacts or distortions. The only reason for not giving it a perfect score is the slight reflection on the surface below the computer tower, but it does not significantly impact the overall quality."}, {"ans": [true, false, 0.95], "reasoning": "The image clearly shows a scarecrow in a field of wheat. The scarecrow is made of straw and is wearing a hat and a plaid shirt. The arms of the scarecrow are visible, attached to the sides of the body. The image is clear and well-lit, with no visible artifacts or distortions. The quality of the image is high, with a score of 0.95 out of 1. The main object, the scarecrow, is present and visible. The arms of the scarecrow are also visible, so they are not missing or invisible."}, {"ans": [true, true, 0.9], "reasoning": "The image depicts a knight in armor, fulfilling the condition for Question 1. The knight is not holding a sword, and there is no visible sword on his belt or in the surrounding area, indicating that the sword is missing or not visible, which answers Question 2. The image is of high quality with detailed rendering of the armor and the background, but the quality score is slightly reduced to 0.9 due to minor visible texture of the canvas, which is a common trait in high-resolution paintings."}, {"ans": [true, false, 1.0], "reasoning": "The image clearly shows a teapot with a floral design on it, sitting on a bamboo tray. The teapot has a handle, spout, and lid, making it a complete teapot. The handle is visible on the right side of the teapot, so it is not missing or invisible. The image is sharp and clear, with no visible artifacts or distortions, indicating a high-quality image."}, {"ans": [true, false, 1.0], "reasoning": "The image clearly shows a basketball hoop with a net. The basketball hoop is the main object in the image and is easily visible. The net is also visible and appears to be intact. The image is of high quality, with clear details and no visible artifacts or distortions. The presence of the basketball going through the net adds to the clarity of the image. Therefore, the answer to Question 1 is True because the image is showing a basketball hoop. The answer to Question 2 is False because the net is visible. The quality of the image is rated 1, indicating it is of very high quality."}, {"ans": [true, false, 0.9], "reasoning": "The image is showing a dining table with a white tablecloth and fine china. The table is set with plates, silverware, and glasses. The glasses are visible on the table, so they are not missing. The image is clear and well-lit, with no visible artifacts or distortions. The quality of the image is high, with a score of 0.9 out of 1. The slight deduction is due to the slight wrinkling of the tablecloth, which is barely noticeable."}, {"ans": [true, false, 0.95], "reasoning": "The image clearly shows a vintage typewriter on a wooden desk, with a piece of paper in it. The typewriter is the main object in the image and is visible in detail. The ribbon is visible and appears to be in place, so it is not missing. The image is of high quality, with clear details and no visible artifacts or distortions. The slight decrease in quality score is due to the minor wear and tear visible on the typewriter and the desk, but this does not significantly impact the overall clarity of the image."}, {"ans": [true, false, 0.95], "reasoning": "The image is showing a winter jacket, which is the main object. The jacket is a long, cream-colored puffer coat with a fur-lined hood, hanging on a coat rack. The zipper is visible and appears to be in place, so it is not missing. The image is clear and well-lit, with no visible artifacts or distortions that would affect the quality. The quality score is 0.95 because the image is very clear and well-defined, with no noticeable issues."}, {"ans": [true, false, 0.95], "reasoning": "The image clearly shows a sunflower with its face directly towards the camera, indicating that it is indeed a sunflower. The seeds are visible on the flower head, arranged in a spiral pattern, so they are not missing. The image is sharp and well-lit, with no noticeable artifacts or distortions, but the slight screen texture and overexposure around the sun reduce the quality score slightly from 1 to 0.95."}, {"ans": [true, false, 0.95], "reasoning": "The image clearly shows an elephant with a trunk, so the main object is present. The trunk is visible and not missing. The image is of high quality with clear details and no visible artifacts or distortions, though there is some dust around the elephant's feet which is realistic and not a quality issue."}, {"ans": [true, false, 0.98], "reasoning": "The image clearly shows a rowboat, which is the main object. The rowboat is white with a red bottom and has a wooden bench inside. There is one oar visible inside the boat, leaning against the right side. The image is sharp and clear, with no visible artifacts or distortions that would affect the quality. The presence of the oar means it is not missing, so the answer to the second question is False. The quality of the image is high, rated at 0.98, as it is clear and well-defined."}, {"ans": [true, false, 0.95], "reasoning": "The image clearly shows a snowman in the foreground, standing on a snowy driveway in front of a house. The snowman is wearing a hat and scarf, and has a face made of coal or similar material, including what appears to be buttons down its body. The presence of the snowman directly answers the first question. For the second question, the buttons on the snowman are visible, indicating they are not missing. The image is of high quality, with clear details and no visible artifacts or distortions that would detract from the visibility of the snowman or its features."}, {"ans": [true, false, 0.95], "reasoning": "The image clearly shows a fountain pen with a transparent section revealing the presence of ink. The pen is placed on an open book, and the ink is visible within the pen's reservoir. The image is sharp and well-lit, with no significant artifacts or distortions that would affect the visibility of the pen or the ink. The quality of the image is high, with a score of 0.95 out of 1, as it is clear and well-defined."}, {"ans": [true, true, 0.9], "reasoning": "The image shows a paintbrush with a clear ferrule, indicating that the bristles are likely missing or not visible. The brush handle is visible and appears to be intact. The image is clear and well-lit, with no visible artifacts or distortions that would affect the quality. Therefore, the answer to Question 1 is True, as the image is showing a paintbrush. The answer to Question 2 is also True, as the bristles are not visible. The quality of the image is rated 0.9, as it is clear and well-defined, with no noticeable issues."}, {"ans": [true, false, 0.9], "reasoning": "The image clearly shows a pair of eyeglasses with round lenses and thin metal frames placed on top of a stack of papers or documents. The temples of the eyeglasses are visible and not missing. The image is sharp and well-lit, with a slight vignette effect around the edges. The quality of the image is high, with no noticeable artifacts or distortions. The main object, the eyeglasses, is clearly visible and centered in the frame. Therefore, the answer to the first question is True, as the image is showing eyeglasses. The answer to the second question is False, as the temples are visible and not missing. The quality score is 0.9, as the image is very clear and well-composed, but may have a slight vignette effect."}, {"ans": [true, false, 0.9], "reasoning": "The image clearly shows a woman holding an umbrella on a rainy city street. The umbrella is the main object in the image and is visible with its ribs. The ribs are visible as they are outlined against the light background and are seen through the rain. The image is of high quality with clear details of the scene, though there is some overexposure around the center."}, {"ans": [true, true, 0.95], "reasoning": "The image clearly shows a wristwatch with a visible face and band. The watch face is designed to showcase its mechanical inner workings, with a skeletonized dial that reveals the gears beneath. The hour markers are not visible as the dial is skeletonized, meaning that the traditional hour markers are not present or are not visible due to the design. The image is of high quality, with clear details and no visible artifacts or distortions that would detract from the overall clarity. The watch and its components are sharply defined, indicating a high level of image quality."}, {"ans": [true, false, 1.0], "reasoning": "The image clearly shows a camping tent with its structure supported by poles, indicating that the main object, a camping tent, is present. The poles are visible and appear to be part of the tent's structure, so they are not missing or invisible. The image is clear and well-lit, with no visible artifacts, blurring, or other issues that would detract from its quality."}, {"ans": [true, true, 0.95], "reasoning": "The image is showing a cuckoo clock with intricate carvings and details. The clock face is visible, and the weights are not visible, suggesting they are either missing or not visible. The image is of high quality, with clear details and no noticeable artifacts or distortions. The quality score is 0.95 due to the slight presence of minor artifacts that do not significantly impact the overall clarity."}, {"ans": [true, true, 0.9], "reasoning": "The image is showing a smartphone, which is an iPhone, standing upright on a surface. The phone's screen is on and displaying the home screen. The speaker grille is not visible from this angle as the phone is facing forward. The image is clear and well-lit, with a slight blur in the background. The quality of the image is high, with no noticeable artifacts or distortions. Therefore, the answer to the first question is True, and the answer to the second question is also True because the speaker grille is not visible from the front. The quality score is 0.9 because the image is very clear and well-focused on the main object, the smartphone."}, {"ans": [true, true, 0.9], "reasoning": "The image clearly shows a motorcycle on a dirt road, with the front of the motorcycle facing the camera. The motorcycle is the main object in the image, and it is visible and well-defined. The speedometer is not visible in the image, as it is likely to be located on the handlebars or dashboard, which are not clearly visible. The image is of high quality, with clear details and no visible artifacts or distortions. The only reason for a lower quality score could be the slight dust around the motorcycle, but it does not significantly affect the overall visibility of the main object. Therefore, the answer to Question 1 is True, and the answer to Question 2 is also True. The quality score is 0.9, indicating a high-quality image."}, {"ans": [false, true, 1.0], "reasoning": "The image shows a violin lying on a red fabric background. The violin bow is not visible in the image. Therefore, the answer to Question 1 is False because the main object (violin bow) is not present. For Question 2, since the violin bow is not visible, we cannot determine if the hair is missing or not, but the question is about the hair being missing or not visible from the violin bow, and since the bow itself is not visible, it implies the hair is not visible, so the answer is True. The image quality is high with no visible artifacts, blurring, or other issues, so the quality score is 1.0."}, {"ans": [true, true, 0.9], "reasoning": "The image clearly shows a birdcage hanging from a porch ceiling. The cage is made of gold-colored metal and has a dome-shaped top. There is no visible perch inside the cage. The image is well-lit and has a natural color tone, but the strong sunlight behind the cage creates a glare that slightly affects the visibility of the details inside the cage. However, it is clear that there is no perch visible. The overall quality of the image is high, with clear details of the birdcage and the surrounding environment. The quality score is 0.9 because the image is slightly overexposed due to the sunlight, but it does not significantly impact the visibility of the main object."}, {"ans": [true, false, 0.95], "reasoning": "The image clearly depicts a statue of a woman in a classical setting, with detailed features and a realistic appearance. The statue is intact with its head visible, indicating that the head is not missing. The image is of high quality, with clear details and no visible artifacts or distortions. The slight deduction in quality score is due to the fact that the image is not a real photograph but a rendering, which might be slightly softer than a real photo."}, {"ans": [true, false, 1.0], "reasoning": "The image is showing a teddy bear with a nose, so the answer to the first question is True. The nose is visible on the teddy bear's face, so the answer to the second question is False. The image is clear and of high quality, with no visible artifacts or distortions, so the quality score is 1.0."}, {"ans": [true, false, 1.0], "reasoning": "The image shows a pair of white sneakers with laces. The laces are visible and appear to be intact. The image is clear and well-lit, with no visible artifacts or distortions. Therefore, the answer to Question 1 is True, as the image is showing sneakers with laces. The answer to Question 2 is False, as the laces are not missing or invisible. The quality of the image is rated 1.0, as it is clear and free of any noticeable issues."}, {"ans": [true, true, 0.95], "reasoning": "The image clearly shows a refrigerator with its door open, revealing the interior. The main object, the refrigerator, is present. For the second question, the door shelves are not visible from the angle the image is taken, as the door is open and the shelves are on the inside of the door. The image is of high quality, with clear details and no visible artifacts or distortions. The slight decrease in quality score is due to the image being a rendered scene rather than a photograph, but it does not significantly impact the visibility of the main object or the assessment of the door shelves."}, {"ans": [true, false, 0.9], "reasoning": "The image depicts a group of young women gathered around a campfire in a forest setting. The campfire is visible and appears to be burning, with flames present. The image is well-lit, with a warm glow emanating from the fire, and the overall quality is high. However, there are some minor artifacts visible, such as slight blurring around the edges of the image, which reduces the quality score to 0.9. For question 1, the image is showing a campfire, so the answer is True. For question 2, the flames are visible, so the answer is False."}, {"ans": [true, false, 1.0], "reasoning": "The image clearly shows a drinking fountain with water flowing from it, indicating that the main object (drinking fountain) is present. The water is visible and flowing, so it is not missing. The image is sharp and clear, with no visible artifacts or distortions, hence the quality is rated as 1.0."}, {"ans": [true, false, 1.0], "reasoning": "The image clearly shows a revolver with a visible trigger guard. The main object in the image is a revolver, which matches the description in Question 1. Therefore, the answer to Question 1 is True. The trigger guard is visible around the trigger, so it is not missing or invisible, which means the answer to Question 2 is False. The image is of high quality, with clear details and no visible artifacts or distortions, so the quality score is 1.0."}, {"ans": [true, false, 0.9], "reasoning": "The image is a detailed illustration of a compass rose, which is the main object. The compass rose is intricately designed with various elements, including a north arrow that is clearly visible. The presence of the compass rose answers the first question affirmatively. For the second question, the north arrow is visible, so it is not missing. The image is of high quality, with detailed and clear illustrations, though it may have a slightly aged or vintage appearance due to the color tone and shading, which does not significantly detract from its overall quality."}, {"ans": [true, false, 0.9], "reasoning": "The image depicts a futuristic cityscape with tall, sleek skyscrapers that are prominently featured. The skyscrapers have visible windows and neon lights, indicating that windows are present and visible. The image is of high quality, with clear details and no visible artifacts or distortions that would detract from the overall quality. The only reason the quality is not rated as 1 is due to the slightly unnatural color palette and the futuristic, rendered nature of the image, which might be considered slightly less than a natural, real-world photograph."}, {"ans": [true, true, 0.9], "reasoning": "The image shows a conductor standing on a podium, facing away from the camera, with his right arm raised. He is dressed in a black suit and appears to be leading an orchestra. The musicians are seated around him, playing various instruments. The conductor's right hand is empty and visible, indicating that he is not holding a baton. Therefore, the baton is missing or not visible. The image is clear and well-lit, with no noticeable artifacts or distortions. The quality of the image is high, with a score of 0.9."}, {"ans": [false, true, 1.0], "reasoning": "The image shows a soccer field with markings, but there is no visible soccer goal. Therefore, the answer to the first question is False because the main object (soccer goal) is not present. For the second question, since there is no soccer goal visible, the crossbar is considered missing, so the answer is True. The image quality is rated 1.0 because it is clear and well-defined, with no visible artifacts or distortions."}, {"ans": [true, false, 1.0], "reasoning": "The image clearly shows a microscope with multiple lenses attached to it. The main object in the image is indeed a microscope, and it is equipped with lenses. Therefore, the answer to the first question is True. For the second question, the lenses are visible and not missing, so the answer is False. The image is of high quality, with clear details and no visible artifacts or distortions, so the quality score is 1."}]