[{"ans": [true, true, 0.9], "reasoning": "The image is showing a sailboat. The sailboat is in the middle of a body of water, and it has a mast and rigging, which are typical features of a sailboat. However, the sails are not visible, indicating that they are either missing or not deployed. The image is clear and well-lit, with good resolution, hence the quality score is 0.9."}, {"ans": [true, false, 1.0], "reasoning": "The image clearly shows a bicycle leaning against a brick wall. The bicycle is red and has a visible chain connecting the pedals to the rear wheel, indicating that the chain is present and visible. Therefore, the answer to the first question is True because the image is showing a bicycle. The answer to the second question is False because the chain is visible and not missing. The quality of the image is rated 1 because it is clear and well-defined, showing all the necessary details of the bicycle without any significant issues."}, {"ans": [true, false, 1.0], "reasoning": "The image clearly shows a cat, so the answer to the first question is True. The cat's whiskers are visible, so the answer to the second question is False. The image is of high quality and clearly shows the cat and its features, so the quality score is 1."}, {"ans": [true, true, 0.9], "reasoning": "The image depicts a large stone structure with towers and a prominent arched entrance, characteristic of a castle. The presence of the castle fulfills the first question's condition. For the second question, the gates are not visible, as the image shows an open archway without any gates present. The quality of the image is rated 0.9 because it is clear and well-lit, with no visible distortions or obstructions that would hinder the view of the castle."}, {"ans": [true, false, 1.0], "reasoning": "The image clearly depicts a hot-air balloon with a visible basket suspended beneath it. The main object in the image is the hot-air balloon, which is the primary focus. The basket is also visible and not missing or invisible, as it is clearly seen attached to the balloon. The image is of high quality, with clear details of the balloon and its surroundings."}, {"ans": [true, false, 0.9], "reasoning": "The image clearly shows a turtle with a visible shell, indicating that the main object (turtle) is present. The shell is not missing or invisible; it is clearly visible on the turtle's back. The image quality is rated 0.9 because it is clear and well-lit, with no significant issues affecting the visibility of the turtle or its shell."}, {"ans": [true, false, 0.9], "reasoning": "The image clearly shows a train at a station, indicating that the main object (train) is present. The wheels of the train are visible under the train, so they are not missing or invisible. The quality of the image is high as it is clear and well-lit, with the train and its details clearly visible."}, {"ans": [true, false, 1.0], "reasoning": "The image clearly shows a pair of eyeglasses with lenses. The main object in the image is the eyeglasses, and they are present. The lenses are also visible, so they are not missing or invisible. The image is clear and well-lit, showing the details of the eyeglasses and the lenses. Therefore, the answer to the first question is True, and the answer to the second question is False. The quality of the image is rated as 1 because it is clear and well-defined."}, {"ans": [true, false, 0.9], "reasoning": "The image shows a fountain pen with its cap removed and placed beside it. The nib is clearly visible and appears to be intact. The pen is placed on a piece of paper, which is positioned on a wooden surface. The overall quality of the image is high, with clear details of the pen and its components. The nib is not missing or invisible; it is clearly visible at the tip of the pen."}, {"ans": [true, true, 0.8], "reasoning": "The image depicts a metal frame of an umbrella leaning against a wall, with a chair beside it. The main object in the image is the umbrella frame, which is present. Therefore, the answer to the first question is True. The canopy of the umbrella is not visible as it is likely missing, so the answer to the second question is True. The quality of the image is rated 0.8 because it is clear and well-lit, with no visible distortions or obstructions that would hinder understanding the scene."}, {"ans": [true, false, 1.0], "reasoning": "The image clearly shows an airplane on a runway, so the answer to the first question is True. The wings of the airplane are visible, so the answer to the second question is False. The image is clear and well-lit, with no visible distortions or obstructions, so the quality is rated as 1.0."}, {"ans": [true, true, 1.0], "reasoning": "The image shows a desk lamp with a brass finish, positioned over an open book on a wooden table. The lamp's arm is adjustable, and it has a long, curved neck. The bulb is not visible, as it is either missing or obscured from view. The image is clear and well-lit, with a neutral background that allows the viewer to focus on the lamp and the book."}, {"ans": [true, false, 1.0], "reasoning": "The image is showing an electric guitar with a visible neck, so the answer to the first question is True. The neck is visible, so the answer to the second question is False. The image is clear and well-lit, showing all the details of the guitar, so the quality score is 1."}, {"ans": [true, false, 0.9], "reasoning": "The image clearly shows a fish lying on a bed of ice, with its body and fins visible. The fish is the main object in the image, and it is depicted with its fins intact and visible. Therefore, the answer to the first question is True. For the second question, since the fins are clearly visible, the answer is False. The image is of high quality, with clear details of the fish and its surroundings, hence the quality score is 0.9."}, {"ans": [true, false, 0.9], "reasoning": "The image depicts a small brick house with a gable roof, which can be considered a cottage. The roof is visible and intact, indicating that it is not missing. The image is clear and well-lit, with good details of the house and its surroundings, hence a high-quality score."}, {"ans": [true, false, 0.8], "reasoning": "The image is showing a car, specifically a vintage convertible with its top down. The windshield is visible and appears to be intact. The quality of the image is good, with clear details of the car's interior and exterior. The presence of other cars and people in the background suggests that the image was taken at a car show or similar event."}, {"ans": [true, false, 1.0], "reasoning": "The image is showing a keyboard with a spacebar that is clearly visible, so the answer to the first question is True. The spacebar is present and visible, so the answer to the second question is False. The image is of high quality and is not missing any key elements relevant to the questions."}, {"ans": [true, false, 0.9], "reasoning": "The image clearly shows an owl perched on a tree branch, with its feathers visible and detailed. The owl is centered in the image, and its feathers are depicted in various shades of brown, white, and black, indicating that they are present and not missing. The image is of high quality, with clear details and a realistic representation of the owl and its surroundings. The presence of the moon and stars in the background adds to the overall quality of the image. Therefore, the answer to Question 1 is True, as the image is showing an owl. The answer to Question 2 is False, as the feathers are not missing or not visible. The quality of the image is rated 0.9, as it is a clear and detailed representation of the owl."}, {"ans": [true, false, 0.9], "reasoning": "The image shows two books on a wooden table. The book on the left is standing upright and is closed, while the book on the right is lying open. Both books have visible pages. The presence of the books confirms that the image is showing a book. The pages of the lying book are visible, and the standing book appears to have pages as well, although they are not visible. However, the context suggests that it is a book with pages. Therefore, the answer to the first question is True. Since the pages of the lying book are visible, the answer to the second question is False. The image quality is rated 0.9 because it is clear and well-lit, with no significant issues affecting the visibility of the main objects."}, {"ans": [true, false, 1.0], "reasoning": "The image is showing a lighthouse with a visible lamp. The lighthouse is the main object in the image and is clearly identifiable. The lamp is also visible inside the glass enclosure at the top of the lighthouse. Therefore, the answer to the first question is True because the image is showing a lighthouse. The answer to the second question is False because the lamp is not missing or invisible; it is clearly visible. The quality of the image is rated 1 because it is clear and well-defined, with all key elements visible."}, {"ans": [true, false, 1.0], "reasoning": "The image shows a beige armchair with visible legs on a patterned rug. The chair is clearly an armchair, satisfying the first question. The legs of the chair are visible, so they are not missing or invisible, answering the second question. The image is clear and well-lit, indicating high quality."}, {"ans": [true, true, 0.9], "reasoning": "The image is showing a deer without antlers. The deer is clearly visible in the center of the image, standing in a forest. The antlers are not visible, indicating they are either missing or not present. The image quality is high, with clear details of the deer and its surroundings."}, {"ans": [true, false, 1.0], "reasoning": "The image clearly shows an envelope, which satisfies the first question. The flap of the envelope is visible and not missing, so the answer to the second question is False. The image is of high quality and clearly displays the envelope and its flap."}, {"ans": [true, true, 1.0], "reasoning": "The image is showing a wall clock. The clock face is white with black hands, but there are no numbers visible on the clock face. Therefore, the numbers are missing or not visible. The image quality is good as it clearly displays the clock and its features."}, {"ans": [true, false, 0.9], "reasoning": "The image clearly depicts a person wearing a space suit, which is fully visible and includes a helmet. The presence of the space suit and helmet directly answers the first question affirmatively. For the second question, the helmet is clearly visible on the astronaut's head, so it is not missing or invisible. The image is of high quality, with clear details of the space suit and its surroundings, hence a high-quality score is given."}, {"ans": [true, false, 1.0], "reasoning": "The image clearly depicts a windmill with its blades visible, standing in a field of wheat. The presence of the windmill and its blades directly answers both questions. For Question 1, the image is showing a windmill, so the answer is True. For Question 2, since the blades are visible, they are not missing or not visible, so the answer is False. The image is clear and well-lit, with no apparent issues affecting its quality, so the quality rating is 1."}, {"ans": [true, true, 1.0], "reasoning": "The image prominently features a large tree without leaves, surrounded by other trees also without leaves. The main object, a tree, is clearly visible, fulfilling the condition for Question 1. For Question 2, the leaves are not visible on the trees, aligning with the condition of leaves being missing or not visible. The image is clear and well-composed, with good lighting that highlights the tree's structure, thus not warranting a decrease in quality score due to the absence of leaves."}, {"ans": [true, true, 1.0], "reasoning": "The image is showing a yellow school bus parked in a lot. The bus is facing left, and its side is visible. The doors of the bus are not visible as they are on the opposite side. Therefore, for Question 1, the answer is True because the image is showing a bus. For Question 2, the answer is True because the doors are not visible from the current angle. The quality of the image is rated 1 because it is clear and well-lit, showing the details of the bus."}, {"ans": [true, false, 1.0], "reasoning": "The image shows a laptop with its screen open and visible. The laptop is sitting on a dark brown table against a plain white background. The screen is blank and white, displaying the Apple logo in the center. Since the laptop is the main object and it is present, the answer to the first question is True. The screen is visible, so the answer to the second question is False. The image is clear and well-lit, with no visible distortions or obstructions, so the quality is rated as 1.0."}, {"ans": [true, true, 1.0], "reasoning": "The image shows a trumpet without a mouthpiece. The main object in the image is a trumpet, which is clearly visible. The mouthpiece is not attached to the trumpet, indicating it is missing. The image is clear and well-lit, showing the trumpet in detail."}, {"ans": [true, false, 1.0], "reasoning": "The image is showing a robot with a head, so the answer to the first question is True. The head is visible, so the answer to the second question is False. The image is clear and well-lit, and it does not appear to be missing any key elements, so the quality is rated as 1."}, {"ans": [true, true, 1.0], "reasoning": "The image shows a candle, which is the main object, so the answer to the first question is True. The wick is not visible in the image, so the answer to the second question is True. The image is clear and well-lit, showing the candle and its surroundings in detail, so the quality score is 1."}, {"ans": [true, false, 1.0], "reasoning": "The image shows a pizza with a red sauce base, topped with tomatoes, basil leaves, and what appears to be garlic or dough balls around the edge. The crust is visible and appears to be cooked. The presence of a crust, sauce, and toppings indicates that it is a pizza. The pizza has visible cheese, melted and integrated into the sauce, so the cheese is not missing or invisible. The image is clear and well-lit, showing all the details of the pizza, hence the quality is rated as 1."}, {"ans": [true, true, 0.9], "reasoning": "The image is showing a DSLR camera body without a lens attached. The camera is mounted on a stand, and the lens mount is visible with the internal mechanisms exposed. The image is clear and well-lit, and the camera is the main focus. The quality of the image is high, with a clear view of the camera body and its details. The lens is not attached to the camera, so it is considered missing."}, {"ans": [true, false, 1.0], "reasoning": "The image clearly shows a grand piano on a stage in an auditorium. The piano is visible and appears to be in good condition. The keys of the piano are visible and not missing, as they are clearly seen at the bottom front of the piano. Therefore, the answer to Question 1 is True because the image is showing a piano. The answer to Question 2 is False because the keys are visible and not missing. The quality of the image is rated 1.0 because it is clear and well-lit, with no visible distortions or obstructions that would detract from its quality."}, {"ans": [true, false, 1.0], "reasoning": "The image clearly shows a paintbrush with visible bristles, answering the first question affirmatively. For the second question, the bristles are visible, so they are not missing or not visible. The image is of high quality, with clear details of the paintbrush and its bristles, thus the quality score is 1."}, {"ans": [true, true, 0.9], "reasoning": "The image is showing a watch. The watch is clearly visible on a speckled surface. The strap of the watch is not fully visible as it is folded under the watch, making it not fully visible. The image is of good quality, with clear details of the watch face and its features."}, {"ans": [true, true, 0.9], "reasoning": "The image clearly shows a man with his mouth open, undergoing a dental examination. The mouth is the main object, and it is visible. Therefore, the answer to the first question is True. Upon closer inspection, the tongue is not visible within the mouth, indicating that it is either missing or not visible. Hence, the answer to the second question is True. The image is of high quality, with clear details of the dental examination process, and the key elements are well-illuminated. The quality score is 0.9 because the image is clear and well-lit, and the absence of the tongue does not negatively impact the quality score as per the instructions."}, {"ans": [true, false, 0.9], "reasoning": "The image clearly depicts a motorcycle, fulfilling the first question's condition. The motorcycle is shown with its handlebars visible, so the second question is answered as false because the handlebars are not missing or invisible. The quality of the image is rated 0.9, as it is a clear and detailed representation of the motorcycle and its surroundings."}, {"ans": [true, false, 1.0], "reasoning": "The image clearly shows a television set, which is the main object in question. The television is an older model with a wooden casing and a visible screen, although the screen is not turned on. The lower panel of the television is open, revealing the internal components. The presence of the screen, albeit not turned on, indicates that it is not missing. Therefore, the answer to the first question is True. For the second question, since the screen is visible, it is not considered missing or not visible, so the answer is False. The image is of high quality, clearly showing the details of the television and its surroundings, hence the quality score is 1."}, {"ans": [true, false, 1.0], "reasoning": "The image clearly depicts a goat standing on a rocky outcrop. The goat is white and fluffy, with visible horns on its head. The presence of horns is directly observable, thus answering the first question affirmatively as the image does show a goat. For the second question, the horns are not missing or invisible; they are clearly visible, so the answer is false. The image is of high quality, with clear details of the goat and its surroundings, hence the quality score is 1.0."}, {"ans": [true, false, 1.0], "reasoning": "The image is showing a red sneaker with white laces, so the main object is present. The laces are visible, so they are not missing or not visible. The image is clear and well-lit, so the quality is high."}, {"ans": [true, false, 1.0], "reasoning": "The image clearly depicts a green frog sitting on a lily pad in the water. The frog is centered and prominent in the image, with its body and features clearly visible. For Question 1, the presence of a frog is confirmed, so the answer is True. For Question 2, the frog's eyes are clearly visible, so the answer is False. The image is sharp and well-lit, with good detail on the frog's features and its surroundings, indicating a high-quality image. Therefore, the quality score is 1.0."}, {"ans": [true, false, 1.0], "reasoning": "The image is showing a mug with a handle, so the answer to the first question is True. The handle is visible, so the answer to the second question is False. The image is clear and well-lit, and the mug is centered in the frame, so the quality is rated as 1."}, {"ans": [true, false, 0.9], "reasoning": "The image clearly shows a saxophone, which is the main object in question. The saxophone is depicted with its keys visible, indicating that the keys are not missing. The quality of the image is high, with clear details of the saxophone and its keys, hence a quality score of 0.9 is given."}, {"ans": [true, false, 1.0], "reasoning": "The image clearly shows a skateboard with its bottom facing upwards, resting on a brick surface. The skateboard has a wooden deck and four visible wheels, indicating that it is complete with wheels. Therefore, the answer to the first question is True because the image is showing a skateboard. The answer to the second question is False because the wheels are visible and not missing. The quality of the image is rated 1.0 because it is clear and well-lit, allowing for easy identification of the skateboard and its components."}, {"ans": [true, false, 1.0], "reasoning": "The image is showing a fedora with a visible brim, so the answer to the first question is True. The brim is clearly visible, so the answer to the second question is False. The image is of high quality, clearly showing the details of the fedora and the stand it's on, so the quality score is 1."}, {"ans": [true, false, 0.9], "reasoning": "The image shows a motorcycle helmet on a workbench in a workshop. The helmet is black and has a visor that is currently closed. For Question 1, the main object in the image is indeed a motorcycle helmet, so the answer is True. For Question 2, the visor is visible and not missing, so the answer is False. The image is clear and well-lit, showing the helmet and its details sharply. The quality of the image is rated 0.9 because it is clear and well-composed, with no visible artifacts or distortions that would detract from the viewer's understanding of the scene."}, {"ans": [true, true, 1.0], "reasoning": "The image shows a wooden bed frame without a mattress. The bed frame is the main object in the image, and it is clearly visible. The mattress is not present or visible in the image. The image is of high quality, with clear details and no visible distortions."}, {"ans": [true, false, 1.0], "reasoning": "The image is showing a clock tower with visible clock faces on two sides. The main object, the clock tower, is present. The clock faces are visible, so they are not missing or not visible. The image is clear and well-lit, indicating good quality."}, {"ans": [true, false, 0.9], "reasoning": "The image shows a pocket watch with its cover open, revealing the face and internal mechanisms. The watch is clearly visible and appears to be in good condition. The hands of the watch are visible, indicating the time. The image is well-lit and focused, with a clear view of the watch's details. The quality of the image is high, with a score of 0.9 out of 1. The presence of the hands is confirmed, so the answer to the second question is False."}, {"ans": [true, false, 0.9], "reasoning": "The image shows a bicycle with a red frame and silver components. The bicycle is leaning against a stone wall. The pedals are visible and appear to be attached to the crankset. Therefore, the answer to Question 1 is True because the image is showing a bicycle. The answer to Question 2 is False because the pedals are visible. The quality of the image is rated 0.9 because it is clear and well-lit, with no visible distortions or obstructions that would hinder the visibility of the bicycle's main features."}, {"ans": [true, false, 1.0], "reasoning": "The image shows a large portrait of a woman with her eyes clearly visible, hanging on a wall in what appears to be an art gallery or exhibition space. The portrait is the main focus of the image, and it is a realistic depiction of a woman with dark hair and a white top. The background of the portrait is a muted, gradient-like color. The overall atmosphere of the image is one of elegance and sophistication, with the portrait being the central element. The quality of the image is high, with clear details and good lighting."}, {"ans": [true, false, 1.0], "reasoning": "The image clearly shows a grand piano on a stage with its lid open, revealing the internal mechanisms including the hammers. The presence of the hammers is visible, indicating they are not missing. The image is of high quality as it is clear and well-lit, showing the grand piano and its details without any significant issues."}, {"ans": [true, true, 0.9], "reasoning": "The image depicts a sailing ship with two masts and rigging, indicating it is a sailing vessel. However, there are no sails visible on the masts. The image is clear and well-defined, showing the details of the ship and the sea. The absence of sails is not considered a factor in assessing the image quality as per the instructions."}, {"ans": [true, false, 1.0], "reasoning": "The image depicts a large tree with a broad canopy and visible leaves, which is consistent with the appearance of an oak tree. The presence of leaves on the tree indicates that they are not missing or invisible. The image is of high quality, with clear details of the tree and its surroundings."}, {"ans": [true, false, 1.0], "reasoning": "The image depicts a stone cottage with a steeply pitched roof and chimneys, surrounded by trees and vines. The cottage is clearly visible, and there is a door present on the front facade. Therefore, the answer to Question 1 is True. For Question 2, the door is visible, so the answer is False. The image is of high quality, with clear details and no apparent issues, so the quality rating is 1."}, {"ans": [true, false, 1.0], "reasoning": "The image is showing a white passenger jet on a runway, with its wings visible. The wings are not missing or invisible, they are clearly visible on both sides of the aircraft. The image is clear and well-lit, with no visible distortions or obstructions."}, {"ans": [true, true, 0.9], "reasoning": "The image is showing a wristwatch with a white face and brown leather strap. The watch face does not have any visible numbers, so the numbers are missing or not visible. The image is clear and well-lit, showing the watch and its details. The quality of the image is high, with a score of 0.9."}, {"ans": [true, true, 0.9], "reasoning": "The image is showing a pizza. The pizza has a red sauce base, topped with green basil leaves and has a crust with black olives. There is no visible cheese on top of the pizza, suggesting it is either missing or not visible. The image is clear and well-lit, with a good view of the pizza, hence the quality score is high."}, {"ans": [true, false, 0.9], "reasoning": "The image clearly shows traffic signals above the road. The traffic signals are visible and appear to be functioning, with one of them displaying a red light. Therefore, the answer to Question 1 is True. For Question 2, the lights are visible on the traffic signals, so the answer is False. The quality of the image is rated 0.9 because it is clear and well-lit, with the traffic signals and other elements in focus."}, {"ans": [true, false, 1.0], "reasoning": "The image clearly shows a skateboard with wheels. The skateboard is positioned on a concrete surface, and all four wheels are visible and appear to be intact. The image is well-lit and in focus, allowing for a clear view of the skateboard and its components. Therefore, the answer to Question 1 is True because the image is showing a skateboard. The answer to Question 2 is False because the wheels are not missing and are clearly visible. The quality of the image is rated as 1 because it is clear and well-lit, with no visible issues that would detract from the viewer's ability to see the skateboard and its features."}, {"ans": [true, true, 1.0], "reasoning": "The image shows a chessboard with white pieces set up on one side, but the black pieces are not visible as they are not present on the board. The chessboard is the main object and is clearly visible, so the answer to the first question is True. The black pieces are missing from the board, so the answer to the second question is True. The image is clear and well-lit, and the chessboard and pieces are easily visible, so the quality score is 1."}, {"ans": [true, true, 0.8], "reasoning": "The image shows a red Ferrari sports car, which is the main object. The car is a convertible with its top down, and it is displayed on a white platform in a showroom. The brakes are not visible as they are inside the wheels and not directly observable. The image is well-lit and clear, showing the car's details. The quality of the image is rated 0.8 because it is sharp and well-composed, with good lighting that highlights the car's features."}, {"ans": [true, true, 1.0], "reasoning": "The image is showing an open book on a wooden table. The pages of the book are blank, indicating that there is no text visible. Therefore, the answer to the first question is True because the image is showing a book. The answer to the second question is also True because the text is not visible on the pages of the book. The quality of the image is rated as 1 because it is clear and well-lit, with no visible distortions or obstructions."}, {"ans": [true, false, 1.0], "reasoning": "The image clearly shows a computer tower with visible internal components and fans. The presence of the computer tower is evident, so the answer to the first question is True. The fans are visible through the transparent side panel, so they are not missing or invisible, making the answer to the second question False. The image is of high quality, clearly showing the details of the computer tower and its components, so the quality score is 1."}, {"ans": [true, true, 0.9], "reasoning": "The image clearly depicts a scarecrow standing in a wheat field. The scarecrow is made of straw and is dressed in a plaid shirt and a straw hat. The scarecrow's body is attached to a wooden post, and it does not have visible arms. The image is well-lit and in focus, with a clear view of the scarecrow and its surroundings. The quality of the image is high, with a score of 0.9 out of 1. The absence of arms is not considered a factor in determining the image quality as per the instructions."}, {"ans": [true, true, 0.9], "reasoning": "The image depicts a man in armor, which is consistent with the representation of a knight. The main figure is centered and clearly visible, indicating that the image is showing a knight. Therefore, the answer to the first question is True. Upon closer inspection, it is observed that the knight's hand is resting on his hip and there is a sword visible behind him, leaning against the wall. However, the sword is not being held by the knight and is not visible in his hand, thus it is not visible from the knight's perspective in the context of being held or used. Hence, the answer to the second question is True as the sword is not visible in the knight's hand. The image quality is rated 0.9 because it is clear and detailed, with no significant issues affecting the visibility of the main subject."}, {"ans": [true, false, 0.9], "reasoning": "The image shows a white teapot with a floral design on it, placed on a bamboo tray. The teapot has a spout, a lid, and a handle, which are all typical features of a teapot. The handle is visible and appears to be attached to the side of the teapot. Therefore, the answer to Question 1 is True because the image is showing a teapot. The answer to Question 2 is False because the handle is not missing and is visible. The quality of the image is rated 0.9 because it is clear and well-lit, with no visible distortions or obstructions."}, {"ans": [true, false, 1.0], "reasoning": "The image clearly shows a basketball hoop with a net. The basketball hoop is the main object in the image, and it is visible along with its net. Therefore, the answer to the first question is True because the image is showing a basketball hoop. The net is also visible, attached to the hoop, so the answer to the second question is False because the net is not missing or invisible. The quality of the image is rated as 1 because it is clear and well-defined, showing all the necessary details of the basketball hoop and net."}, {"ans": [true, false, 0.9], "reasoning": "The image is showing a dining table setting with plates, utensils, and glasses. The main object, a dining table, is present. The glasses are visible on the table, so they are not missing. The quality of the image is rated 0.9 because it is clear and well-lit, with no visible distortions or obstructions."}, {"ans": [true, false, 1.0], "reasoning": "The image is showing a typewriter with a visible ribbon, thus answering the first question as true. The ribbon is clearly visible, so the second question is answered as false. The image is of high quality, clearly showing the typewriter and its components, hence the quality score is 1."}, {"ans": [true, true, 0.9], "reasoning": "The image shows a winter jacket hanging on a coat rack. The jacket is a puffy, cream-colored coat with a fur-lined hood and buttons down the front. There is no visible zipper on the jacket. The image is clear and well-lit, showing the details of the jacket and its surroundings. The quality of the image is high, with a score of 0.9 out of 1. The absence of a zipper does not affect the quality score as per the instructions."}, {"ans": [true, false, 0.9], "reasoning": "The image clearly depicts a sunflower with its characteristic large yellow petals and a prominent center. The center of the sunflower is visible and appears to have seeds, as indicated by the texture and pattern. Therefore, the seeds are not missing or invisible. The image is of high quality, with clear details of the sunflower and its components. The slight deduction in quality score is due to the slight overexposure around the sunflower, but this does not affect the visibility of the seeds."}, {"ans": [true, false, 0.9], "reasoning": "The image clearly shows an elephant with a visible trunk, large ears, and tusks, walking on a dirt path in a grassy field with other elephants in the background. The trunk is clearly visible and not missing. The image is of high quality, with good lighting and detail, except for a slight haziness in the background."}, {"ans": [true, false, 0.9], "reasoning": "The image shows a rowboat on a lake. The boat is white with a wooden seat and oars. The oars are present and visible inside the boat, resting on the sides. Therefore, the main object (rowboat) is present, and the oars are not missing or invisible. The quality of the image is high, with clear details of the boat and its surroundings."}, {"ans": [true, false, 0.9], "reasoning": "The image clearly shows a snowman in the foreground, indicating that the main object is indeed a snowman. For the first question, the presence of a snowman is confirmed, so the answer is True. For the second question, the snowman has visible buttons on its body, so the buttons are not missing or invisible, making the answer False. The image is of high quality, with clear details of the snowman and its surroundings, hence a quality score of 0.9."}, {"ans": [true, true, 0.9], "reasoning": "The image is showing a fountain pen on top of a notebook. The pen is the main object and is clearly visible. The nib of the pen is visible, but there is no visible ink in the pen's barrel. The image is of high quality, with clear details of the pen and notebook."}, {"ans": [true, true, 0.9], "reasoning": "The image shows a paintbrush with a wooden handle and a metal ferrule, but the bristles are not visible as they are inside the ferrule or possibly missing. The presence of the paintbrush is evident, answering the first question affirmatively. For the second question, since the bristles are not visible, it is considered that they are missing or not visible. The image quality is rated high because it clearly shows the main object, the paintbrush, and other relevant details like the paint palette and the painting in progress."}, {"ans": [true, false, 1.0], "reasoning": "The image clearly shows a pair of eyeglasses with temples on top of a stack of papers. The eyeglasses are the main object in the image, and they are visible with both lenses and temples intact. Therefore, the answer to the first question is True because the image is showing eyeglasses. For the second question, the temples are visible, so the answer is False because they are not missing or invisible. The image quality is rated as 1 because it is clear and well-focused, with the eyeglasses being the central and clear subject."}, {"ans": [true, false, 0.9], "reasoning": "The image clearly shows a person holding an umbrella while walking down a city street on a rainy day. The umbrella is the central object in the image, and it is visible with its ribs. The ribs are visible as they are outlined against the bright background and can be seen through the fabric of the umbrella. Therefore, the answer to the first question is True because the image is showing an umbrella. The answer to the second question is False because the ribs are visible. The quality of the image is rated 0.9 because it is clear and well-composed, with good lighting that highlights the subject and the details of the umbrella."}, {"ans": [true, false, 0.9], "reasoning": "The image is showing a wristwatch with a gold case and brown leather strap. The watch face is visible and has hour markers, which are the small lines and numbers around the edge of the face. The hour markers are present and visible, so the answer to the second question is False. The image is of high quality, with clear details of the watch, so the quality score is 0.9."}, {"ans": [true, false, 1.0], "reasoning": "The image shows a camping tent with its poles visible and in place, holding the structure upright. The tent is set up in a grassy field with trees in the background, indicating a typical camping environment. The poles are clearly visible, supporting the tent's fabric and maintaining its shape. Therefore, the poles are not missing or invisible."}, {"ans": [true, false, 0.9], "reasoning": "The image is showing a cuckoo clock with weights hanging from it, which are visible and appear to be made of pinecones and other decorative elements. The clock is intricately carved and features various forest-themed decorations, including deer and leaves. The weights are clearly visible at the bottom of the image, hanging from the clock. Therefore, the answer to Question 1 is True, as the image is showing a cuckoo clock. The answer to Question 2 is False, as the weights are not missing or invisible. The quality of the image is rated 0.9, as it is a clear and detailed representation of the cuckoo clock, with good lighting and no visible distortions."}, {"ans": [true, true, 0.9], "reasoning": "The image shows a smartphone on a table, with the screen facing upwards. The phone is clearly visible, and its screen is turned on, displaying a light blue background with a green icon at the bottom left corner. The phone's bottom edge is visible, showing a row of small holes that could be a speaker grille, but it is not clearly discernible due to the angle and lighting. However, the presence of the phone is evident, satisfying the first question. For the second question, the speaker grille is not clearly visible, so it is considered missing or not visible. The image quality is rated 0.9 because the phone is the main focus, and it is clearly visible, even though the speaker grille is not clearly discernible."}, {"ans": [true, false, 0.9], "reasoning": "The image clearly shows a motorcycle facing the camera on a dirt road. The motorcycle has a visible speedometer, so it is not missing. The image is well-lit and in focus, with a clear view of the motorcycle and its details, indicating a high-quality image. The presence of the speedometer answers the second question, and it is visible, so the answer is False. The overall condition of the image is good, with proper lighting and focus, hence a quality score of 0.9."}, {"ans": [true, false, 0.9], "reasoning": "The image clearly shows a violin bow. The bow's hair is visible and appears to be intact, indicating that it is not missing. The quality of the image is high, with clear details of the bow and its components, and the red velvet background is well-defined. The presence of the bow's hair is evident, thus answering the second question as 'False' because the hair is not missing or invisible."}, {"ans": [true, true, 0.9], "reasoning": "The image is showing a large gold birdcage hanging from the ceiling of a porch. The birdcage is the main object in the image and is clearly visible. Therefore, the answer to the first question is True. Upon closer inspection, it is evident that there is no perch visible inside the birdcage. Hence, the answer to the second question is True. The image quality is rated 0.9 because it is clear and well-lit, with the birdcage being the central focus."}, {"ans": [true, false, 0.9], "reasoning": "The image clearly shows a statue of a woman in a classical style, with intricate details and a marble-like texture. The statue is intact and has a head, which is visible and not missing. The quality of the image is high, with clear details and a well-lit composition. The only reason for not giving it a perfect score is the slight blurriness in the background, but this does not detract from the main subject, the statue."}, {"ans": [true, false, 1.0], "reasoning": "The image is showing a teddy bear with a nose, so the answer to the first question is True. The nose is visible on the teddy bear's face, so the answer to the second question is False. The image is clear and well-lit, and the teddy bear is centered in the frame, so the quality score is 1."}, {"ans": [true, false, 1.0], "reasoning": "The image clearly shows a pair of sneakers, which are high-top Converse shoes with white laces. The laces are visible and appear to be properly tied. The image is well-lit and in focus, with good resolution, hence the quality is rated as 1."}, {"ans": [true, false, 0.9], "reasoning": "The image is showing a refrigerator with its door open, revealing the interior. The main object, the refrigerator, is present. The door shelves are visible inside the refrigerator, so they are not missing. The image quality is good, with clear details of the refrigerator and its contents. The slight deduction in quality score is due to the fact that the image is not taken from a directly frontal view, but it is still clear and well-lit."}, {"ans": [true, false, 0.9], "reasoning": "The image clearly shows a campfire with flames in the center, surrounded by four women. The flames are visible and prominent, indicating that they are not missing or invisible. The image is well-lit and the details are clear, suggesting a high-quality image. The presence of flames directly answers both questions: the image is showing a campfire, and the flames are not missing."}, {"ans": [true, false, 0.9], "reasoning": "The image shows a drinking fountain with water flowing from it, indicating that it is present and visible. The main object, a drinking fountain, is clearly visible in the image. The quality of the image is rated 0.9 because it is clear and well-lit, with no visible distortions or obstructions."}, {"ans": [true, false, 0.9], "reasoning": "The image shows a revolver with a visible trigger guard. The revolver is the main object in the image, and it is clearly visible. The trigger guard is also visible, so it is not missing or invisible. The image is of high quality, with clear details of the revolver and its components. The only reason for not giving it a perfect score is the slight texture and background that might not be perfectly uniform or sharp, but this does not detract significantly from the overall quality."}, {"ans": [true, false, 1.0], "reasoning": "The image depicts a detailed illustration of a compass rose, which is the main object in the image. The compass rose is intricately designed with various elements, including a north arrow that is clearly visible. The presence of the compass rose and the north arrow indicates that the image is of high quality and effectively conveys its intended information."}, {"ans": [true, false, 0.9], "reasoning": "The image depicts a futuristic cityscape with numerous tall buildings, which can be classified as skyscrapers. The presence of these structures directly answers Question 1, affirming that the image is indeed showing skyscrapers. For Question 2, upon closer inspection, it is evident that many of the skyscrapers have visible windows, indicated by the grid-like patterns on their facades and the reflection of light within them. Therefore, it cannot be said that the windows are missing or not visible. The quality of the image is rated highly because it is clear and well-defined, with detailed elements throughout the scene. The absence of windows is not a criterion for assessing the quality in this context, as per the instructions."}, {"ans": [true, true, 1.0], "reasoning": "The image is showing a conductor, as indicated by the formal attire and the gesture of the person standing in front of the orchestra. The baton is not visible in the conductor's hand, which is raised. The other hand is open and facing upwards, but there is no baton visible. Therefore, the baton is considered missing or not visible."}, {"ans": [true, true, 1.0], "reasoning": "The image shows a soccer field with two goalposts in the background, indicating the presence of a soccer goal. The crossbar is not visible, suggesting it is either missing or not visible due to the angle or obstruction. The image is clear and well-lit, allowing for a good view of the field and the goalposts, hence the quality is rated as 1."}, {"ans": [true, false, 0.9], "reasoning": "The image clearly shows a microscope on a table. The microscope has eyepieces and objective lenses visible, indicating that it is not missing lenses. The presence of the microscope and its components directly answers both questions."}]