[{"ans": [true, true, 1.0], "reasoning": "The image is showing a sailboat, which is a catamaran, floating on calm water with its sails not visible or missing. The main object, the sailboat, is present. The sails are not visible, indicating they are either missing or not deployed. The image is clear and of high quality with no visible artifacts or distortions."}, {"ans": [true, false, 0.8], "reasoning": "The image is showing a bicycle, which is the main object. The bicycle is old and rusty, but it is still recognizable. The chain is visible and appears to be intact, although it is rusty. The image is clear and well-defined, but there are some signs of wear and tear, such as the rust and dirt on the bicycle and the brick wall. The quality of the image is good, but not perfect, hence a score of 0.8."}, {"ans": [true, false, 0.9], "reasoning": "The image is clearly showing a cat. The cat's whiskers are visible, so they are not missing or not visible. The image quality is good, with clear details of the cat and its surroundings. There are some water droplets on the window, but they do not significantly affect the image quality. The overall clarity and detail of the image contribute to a high quality score."}, {"ans": [true, true, 0.7], "reasoning": "The image depicts a ruined castle with a large stone structure and towers, indicating that it is indeed a castle. The gates are not visible, as there are no clear indications of gates at the entrance. The image has a somewhat dreamy or watercolor effect, which might be due to the processing or editing of the image. The quality is not perfect, with some visible artifacts and a slightly soft focus, but it is still possible to make out the main features of the castle. Therefore, the quality is rated 0.7."}, {"ans": [true, false, 0.8], "reasoning": "The image is showing a hot-air balloon, and the basket is visible and not missing. The quality of the image is good, but there is some overexposure and artifacts around the balloon due to the intense light, which reduces the quality score to 0.8."}, {"ans": [true, false, 0.9], "reasoning": "The image shows a turtle with a visible shell. The shell is greenish in color and appears to be covered in algae or moss. The turtle is on a beach, partially submerged in water. The image is clear and well-defined, with no visible artifacts or distortions that would affect the quality. Therefore, the answer to Question 1 is True because the image is showing a turtle. The answer to Question 2 is False because the shell is visible. The quality of the image is rated 0.9 because it is clear and well-defined, with only minor imperfections such as small debris on the sand."}, {"ans": [true, true, 0.2], "reasoning": "The image is showing a train, so the answer to the first question is True. The wheels of the train are not visible, so the answer to the second question is True. The image quality is rated as 0.2 due to the presence of significant artifacts, blurring, and unnatural colors, which severely degrade the image."}, {"ans": [true, false, 0.9], "reasoning": "The image clearly shows a pair of eyeglasses with lenses. The main object, eyeglasses, is present in the image. The lenses are visible and not missing. The image is sharp and clear, with good lighting, and there are no significant artifacts or distortions that would affect the quality. The quality score is 0.9 because the image is well-focused and has good clarity, with only minor reflections on the surface that do not significantly impact the overall quality."}, {"ans": [true, true, 0.8], "reasoning": "The image shows a disassembled fountain pen on a decorative tray with parchment-like paper. The nib is separated from the main body of the pen, indicating that it is missing from the pen itself. The quality of the image is good, with clear details of the pen and its components, though it has a somewhat sepia-toned and textured appearance that might suggest some artistic processing. The main object, a fountain pen, is present but disassembled."}, {"ans": [true, false, 0.8], "reasoning": "The image depicts a white metal umbrella frame with a torn and tattered canopy, placed on a chair. The main object is an umbrella, which is present in the image. The canopy is visible, although it is damaged and not intact. The image is clear and well-defined, with no significant artifacts or distortions. However, the quality is not perfect due to some minor blurring and fading of the colors."}, {"ans": [true, false, 0.95], "reasoning": "The image is showing a large white airplane on a tarmac, with its wings clearly visible on both sides of the fuselage. The presence of the wings means that they are not missing or not visible. The image is clear and well-defined, with no noticeable artifacts, blurring, or other issues that would affect its quality. The quality score is 0.95 because the image is very clear and well-lit, with no significant issues."}, {"ans": [true, false, 0.9], "reasoning": "The image shows a desk lamp, which is the main object, so the answer to Question 1 is True. The bulb is visible inside the lamp, so the answer to Question 2 is False. The image quality is high, with clear details and no visible artifacts or distortions, so the quality score is 0.9. The slight decrease in quality score is due to the presence of some reflections and highlights on the lamp, but overall the image is clear and well-defined."}, {"ans": [true, false, 1.0], "reasoning": "The image clearly shows an electric guitar with its neck visible, hanging on a wall. The main object, the electric guitar, is present and identifiable. The neck of the guitar is also visible, indicating that it is not missing. The image is of high quality, with clear details and no visible artifacts or distortions that would affect the visibility of the guitar or its neck."}, {"ans": [true, false, 0.8], "reasoning": "The image shows a close-up of a clear glass or crystal object with a fish design. The fish are visible and appear to be a part of the object's structure. The fins of the fish are visible in the image, so they are not missing or not visible. The image is of high quality, with clear details and no visible artifacts or distortions. However, the quality score is not 1 because the image is slightly overexposed and has some reflections that might be considered minor issues."}, {"ans": [true, false, 0.9], "reasoning": "The image shows a small cottage with a roof, situated in a field of wildflowers. The roof is visible and appears to be intact. The image is clear and well-defined, with no visible artifacts or distortions that would affect the quality. The only reason for not giving it a perfect score is the slight softness around the edges, possibly due to the painting style."}, {"ans": [true, false, 0.7], "reasoning": "The image shows a collection of vintage cars, with the main focus on a row of cars in the foreground. The cars are clearly visible and appear to be in good condition. The windshield is visible on most of the cars, indicating that it is not missing. The image is slightly overexposed and has some artifacts, but the main objects are still clear. Therefore, the answer to Question 1 is True, as the image is showing cars. The answer to Question 2 is False, as the windshield is visible on most of the cars. The quality of the image is rated 0.7 due to the overexposure and artifacts, but it is still possible to make out the details of the cars."}, {"ans": [true, false, 0.9], "reasoning": "The image shows a keyboard with transparent keys and a visible spacebar. The main object in the image is a keyboard, so the answer to the first question is True. The spacebar is visible, so the answer to the second question is False. The image is clear and well-lit, with no visible artifacts or distortions, so the quality score is 0.9."}, {"ans": [true, false, 0.8], "reasoning": "The image shows an owl perched on a branch, and its feathers are visible. The owl's body is covered with feathers, which are clearly visible despite the dark and somewhat blurry background. The image quality is not perfect due to the presence of some noise and artifacts, but it is still possible to make out the owl's features and its feathers. Therefore, the answer to Question 1 is True, and the answer to Question 2 is False. The quality of the image is rated as 0.8, as it is not ideal but still allows for the identification of the main object and its features."}, {"ans": [true, false, 1.0], "reasoning": "The image clearly shows a large, leather-bound book lying open on a wooden chest or dresser. The pages of the book are visible and not missing. The background features a wooden bookcase filled with books, adding to the context of the scene. The image is sharp and well-lit, with no visible artifacts, blurring, or other issues that would detract from its quality. Therefore, the answer to Question 1 is True because the image is showing a book. The answer to Question 2 is False because the pages are visible and not missing. The quality of the image is rated as 1, indicating it is of high quality."}, {"ans": [true, false, 0.8], "reasoning": "The image clearly depicts a lighthouse on a rocky outcrop amidst a stormy sea. The lighthouse is the main object and is visible despite the harsh weather conditions. The lamp at the top of the lighthouse is visible, indicating that it is not missing. The image quality is high, with clear details of the lighthouse and its surroundings, although there is some blurring due to the stormy weather, hence the quality score of 0.8."}, {"ans": [true, false, 0.8], "reasoning": "The image clearly shows an armchair with visible legs, so the main object is present. The legs are visible, so they are not missing or not visible. The image has some artifacts and is slightly blurry, which affects its quality."}, {"ans": [true, false, 0.9], "reasoning": "The image clearly shows a deer with antlers standing in a forest. The main object, the deer, is present and visible. The antlers are also visible, indicating that they are not missing. The image quality is high, with clear details of the deer and its surroundings, although there is a slight haze or glow effect around the deer due to the lighting, which slightly reduces the quality score to 0.9."}, {"ans": [true, true, 0.9], "reasoning": "The image shows an envelope, which is the main object. The envelope appears to be made of translucent paper and is placed on a marble surface. The flap of the envelope is not visible, suggesting it is either missing or tucked inside. The image is clear and well-lit, with no visible artifacts or distortions that would affect the quality. Therefore, the quality of the image is rated 0.9."}, {"ans": [true, true, 0.9], "reasoning": "The image is showing a wall clock. The clock face is white with black hands, but there are no numbers visible on the clock face. The image is clear and well-lit, with no visible artifacts or distortions that would affect the quality. The main object, the wall clock, is clearly visible. The numbers on the clock face are missing or not visible. The quality of the image is high, with a score of 0.9, because it is clear and well-lit, with no visible issues."}, {"ans": [true, false, 0.9], "reasoning": "The image depicts two individuals in white space suits submerged in a pool of water. The suits are clearly visible, and the helmets are also present and visible on both individuals. The image is clear and well-defined, with no visible artifacts or distortions that would detract from its quality. The presence of the helmets on the space suits directly answers the second question, indicating that the helmet is not missing or not visible. Therefore, the answer to the first question is True because the image is showing space suits with helmets, and the answer to the second question is False because the helmets are visible."}, {"ans": [true, false, 0.2], "reasoning": "The image is showing a windmill with blades, so the answer to the first question is True. The blades are visible, so the answer to the second question is False. The image quality is poor due to the presence of multiple overlapping images, causing a 'double vision' effect and artifacts, hence the quality score is 0.2."}, {"ans": [true, true, 0.95], "reasoning": "The image is clearly showing a large tree with many branches, and the leaves are not visible on the main tree. The image is sharp and clear, with good lighting and no visible artifacts or distortions. The quality of the image is high, with a score of 0.95 out of 1. The main object, the tree, is present, so the answer to the first question is True. The leaves are not visible on the main tree, so the answer to the second question is True."}, {"ans": [true, true, 0.2], "reasoning": "The image is highly distorted and appears to be a multiple exposure or layered image of school buses. Despite the distortion, the main objects in the image are recognizable as buses. However, the distortion makes it difficult to discern details such as the presence or absence of doors on the buses. The image quality is very poor due to the distortion, artifacts, and unnatural coloration, which is why it scores low on the quality scale. For Question 1, the image is showing buses, so the answer is True. For Question 2, the doors are not clearly visible due to the distortion, so it's considered that they are not visible, making the answer True."}, {"ans": [false, true, 0.8], "reasoning": "The image is showing a transparent plastic object with a laptop-like shape inside it, but it's not clear if it's an actual laptop. The screen is not visible, so it's considered missing or not visible. The image quality is good, with no visible artifacts or blurring, but there is a reflection on the plastic surface."}, {"ans": [true, false, 1.0], "reasoning": "The image is showing a trumpet, which is the main object. The trumpet appears to be intact with its mouthpiece visible, so the mouthpiece is not missing or invisible. The image is clear and of high quality, with no visible artifacts or distortions."}, {"ans": [true, false, 0.9], "reasoning": "The image depicts a robot with a visible head, standing in a laboratory setting surrounded by various equipment and machinery. The robot's body is predominantly white, with black accents and visible mechanical components. The head is clearly visible, encased in a transparent dome. The image is of high quality, with clear details and no significant artifacts or distortions. The presence of the head is evident, so the answer to the second question is false."}, {"ans": [true, true, 0.9], "reasoning": "The image shows a candle on a silver platter. The candle appears to be made of wax and is cylindrical in shape. The wick is not visible in the image. The image is clear and well-lit, with no visible artifacts or distortions. The quality of the image is high, with a score of 0.9 out of 1. The main object, the candle, is clearly visible, so the answer to Question 1 is True. The wick is not visible, so the answer to Question 2 is True."}, {"ans": [true, false, 0.9], "reasoning": "The image is showing a pizza with visible cheese, so the answer to the first question is True. The cheese is visible, so the answer to the second question is False. The image quality is high, with clear details of the pizza and its toppings. However, the image quality score is not 1 because there are some minor imperfections in the crust and the background, but they do not significantly impact the overall quality of the image."}, {"ans": [false, false, 0.7], "reasoning": "The image is showing a disassembled mechanical device, not a DSLR camera. The main object is not a DSLR camera, so the answer to the first question is False. The lens is not visible, but it's also not clear if the object is a camera or not. However, since the main object is not a DSLR camera, the second question is not applicable. The image is slightly blurry and has some artifacts, but it's still possible to make out the details, so the quality score is 0.7."}, {"ans": [true, true, 0.8], "reasoning": "The image is showing a grand piano on a stage, which is the main object. The piano is visible, so the answer to the first question is True. The keys of the piano are not visible, as they are either missing or not shown in the image, so the answer to the second question is True. The image quality is good, with clear details of the piano and the auditorium, but there is a slight orange tint that might be considered unnatural, hence a quality score of 0.8."}, {"ans": [true, true, 1.0], "reasoning": "The image shows a paintbrush handle with paint splattered on it, indicating that it is a paintbrush. The bristles are not visible, suggesting that they are either missing or not visible due to the paint. The image is clear and well-defined, with no visible artifacts or distortions, hence the quality score is 1.0."}, {"ans": [true, true, 0.9], "reasoning": "The image is showing a watch with its back open, revealing the internal mechanism. The watch is placed on a granite countertop. The strap of the watch is not visible in the image, indicating that it is either missing or not visible. The image is clear and well-focused, with no noticeable artifacts or distortions. The quality of the image is high, with a score of 0.9 out of 1. The main object, the watch, is clearly visible, and the absence of the strap is evident. Therefore, the answer to Question 1 is True, and the answer to Question 2 is also True."}, {"ans": [true, true, 0.5], "reasoning": "The image is showing a mouth with teeth and an open jaw, indicating that it is a dental or medical image. The tongue is not visible in the image, so it is considered missing or not visible. The image quality is reduced due to the double vision effect caused by the transparent overlay, but the main object (the mouth) is still discernible."}, {"ans": [true, true, 0.8], "reasoning": "The image depicts a futuristic scene with multiple motorcycles in the foreground, which are the main objects. The motorcycles are heavily armored and appear to be in a state of disarray or crash. For Question 1, the presence of motorcycles confirms the answer as True. For Question 2, the handlebars of the motorcycles are not clearly visible due to the angle and the damage to the motorcycles, so the answer is True. The quality of the image is rated 0.8 because, although it is detailed and clear in terms of the main objects and the background, there are some artifacts and unnatural lighting effects that slightly detract from its overall quality."}, {"ans": [true, false, 0.95], "reasoning": "The image is showing a television set, which is the main object. The television is an older model with a visible screen, and its internal components are exposed. The screen is present and visible, although it appears to be displaying a distorted or unclear image. The image quality is generally good, with clear details of the television and its surroundings. However, the image quality score is not 1 due to the presence of some minor artifacts and the slightly distorted image on the screen."}, {"ans": [true, false, 0.8], "reasoning": "The image depicts a white goat with horns standing on a rocky outcrop. The main object in the image is a goat, which is clearly visible despite some blurriness around it. The horns are also visible, indicating that they are not missing. The image quality is slightly compromised due to the blurriness and the presence of snow or mist around the goat, but the main subject is still discernible."}, {"ans": [true, true, 1.0], "reasoning": "The image shows a sneaker being washed, with soap covering parts of it. The laces are not visible due to the soap, so it is considered missing or not visible. The image is clear and of high quality, with no visible artifacts or distortions."}, {"ans": [true, true, 0.8], "reasoning": "The image shows a green frog partially submerged in water, surrounded by aquatic plants. The frog's body is visible, but its eyes are not clearly seen, suggesting they might be missing or not visible. The image quality is generally good, with clear details of the frog and its surroundings, though there is some water reflection and debris that could slightly affect clarity. The overall quality is rated 0.8 due to the presence of some water droplets and reflections that slightly obscure parts of the image."}, {"ans": [true, false, 0.95], "reasoning": "The image is showing a mug, which is the main object. The mug is placed on a saucer and has a handle that is visible. The image is clear and well-lit, with no visible artifacts or distortions. The quality of the image is high, with a score of 0.95. The handle is present and visible, so the answer to the second question is False."}, {"ans": [true, false, 0.8], "reasoning": "The image is showing a saxophone, and the keys are visible. The saxophone is made of brass and has a complex system of keys and pads. The image is clear and well-lit, but there are some reflections and distortions due to the shiny surface of the instrument. The quality of the image is good, but not perfect, as there are some artifacts and blurring visible upon close inspection. Therefore, the quality score is 0.8."}, {"ans": [true, true, 0.7], "reasoning": "The image shows a skateboard lying on a brick-paved surface. The skateboard is partially damaged and appears to be wet, with a reflection visible on the ground around it. The wheels of the skateboard are not visible, suggesting they might be missing or obscured from view. The image quality is somewhat compromised due to the reflection and the condition of the skateboard, but it is still possible to identify the main object. Therefore, the answer to Question 1 is True because the image is showing a skateboard. The answer to Question 2 is True because the wheels are not visible. The quality score is 0.7 due to the reflection and the condition of the skateboard, which slightly affects the clarity of the image."}, {"ans": [true, false, 0.9], "reasoning": "The image shows a hat that resembles a fedora, with a visible brim. The main object is a fedora-like hat, so the answer to Question 1 is True. The brim is clearly visible, so the answer to Question 2 is False. The image quality is high, with clear details of the hat and its components, so the quality score is 0.9. The slight deduction from 1 is due to the subtle gradient background that might be considered a minor artifact, but it does not significantly impact the overall clarity of the main object."}, {"ans": [true, false, 0.95], "reasoning": "The image shows a motorcycle helmet with a visor. The visor is clearly visible and appears to be in place. The image is of high quality, with clear details and no visible artifacts or distortions. The main object, the motorcycle helmet, is clearly visible and centered in the image. Therefore, the answer to Question 1 is True. Since the visor is visible, the answer to Question 2 is False. The quality of the image is rated 0.95 out of 1, as it is clear and well-defined, with no noticeable issues."}, {"ans": [true, false, 0.9], "reasoning": "The image shows a bedframe with a mattress. The bedframe is ornate and appears to be old, with intricate carvings on the headboard and footboard. The mattress is visible inside the frame, covered with a yellowish fabric that is torn and worn. The overall condition of the bed and the room suggests neglect or abandonment. The image is clear and well-lit, with no visible artifacts or distortions that would affect the quality. Therefore, the answer to Question 1 is True, as the image is showing a bedframe with a mattress. The answer to Question 2 is False, as the mattress is visible. The quality of the image is rated 0.9, as it is clear and well-lit, but may have some minor signs of wear or aging."}, {"ans": [true, false, 0.95], "reasoning": "The image is showing a clock tower with a visible clock face on one side. The main object, the clock tower, is present. The clock face is visible, so it is not missing. The image quality is high, with clear details and no visible artifacts or distortions. The only reason for not giving it a perfect score is the slight presence of clouds and the fact that the clock face is only visible on one side, but this does not significantly impact the overall quality."}, {"ans": [true, true, 0.8], "reasoning": "The image is showing a pocket watch, but the hands are not visible as the watch is open and the inner mechanism is visible. The image is of high quality, with clear details of the watch's inner workings, but there are some reflections on the glass cover that could be considered as artifacts."}, {"ans": [true, true, 0.9], "reasoning": "The image is showing a bicycle, which is the main object. The pedals are not visible, as they are either missing or obscured by other parts of the bicycle or the angle of the image. The image is clear and well-lit, with no significant artifacts or distortions that would affect the visibility of the bicycle. The quality of the image is high, with a score of 0.9 out of 1."}, {"ans": [true, true, 0.8], "reasoning": "The image shows a painting of a woman in the center, which is the main object. The woman's face is turned away, and her eyes are not visible, making the answer to the second question true. The image quality is good, with clear brushstrokes and colors, but it could be considered slightly soft or blurry, hence a quality score of 0.8."}, {"ans": [true, true, 0.4], "reasoning": "The image is showing a grand piano on a stage with many lights shining down. The piano is visible but the image is blurry and hazy, making it difficult to see some details. The hammers of the piano are not clearly visible due to the haze and lighting. The quality of the image is rated 0.4 due to the blurriness and haze, which affects the visibility of the details."}, {"ans": [true, true, 1.0], "reasoning": "The image depicts a sailing ship, as it has multiple masts and rigging characteristic of sailing vessels. The sails are not visible, indicating they are either missing or not deployed. The image is clear and detailed, with no visible artifacts or distortions that would affect its quality."}, {"ans": [true, false, 0.9], "reasoning": "The image depicts a large tree with a skeleton integrated into its trunk, and the tree has a full canopy of green leaves. The presence of leaves on the tree answers both questions directly. For Question 1, the image is showing a tree that could be considered an oak due to its general appearance, so the answer is True. For Question 2, the leaves are clearly visible on the tree, so the answer is False. The quality of the image is high, with clear details and no significant artifacts or distortions, but the presence of a skeleton in the trunk is somewhat unnatural, which slightly reduces the quality score to 0.9."}, {"ans": [true, true, 0.9], "reasoning": "The image depicts a cottage with a stone exterior and a roof covered in vines. The front of the cottage is heavily overgrown with vines, obscuring most of the facade. There are windows on the front, but there is no visible door. The image is clear and well-lit, with no visible artifacts or distortions that would detract from its quality. Therefore, the answer to Question 1 is True because the image is showing a cottage. The answer to Question 2 is True because the door is not visible, it is either missing or obscured by the vines. The quality of the image is rated 0.9 because it is clear and well-composed, with no significant issues."}, {"ans": [true, false, 0.9], "reasoning": "The image is showing a passenger jet on the tarmac, and the wings are clearly visible. The main object, a passenger jet, is present in the image, so the answer to the first question is True. The wings of the passenger jet are visible, so the answer to the second question is False. The image is clear and well-defined, with no noticeable artifacts or distortions, so the quality score is 0.9. The only reason for not giving it a perfect score is the slight haze in the background, but it does not affect the visibility of the main object."}, {"ans": [true, true, 0.4], "reasoning": "The image shows a wristwatch, so the answer to the first question is True. The numbers on the wristwatch are not visible, so the answer to the second question is True. The image quality is rated 0.4 due to the blurry and out-of-focus nature of the image, making it difficult to discern details."}, {"ans": [true, false, 0.8], "reasoning": "The image is showing a pizza with visible cheese, so the answer to the first question is True. The cheese is visible on the pizza, so the answer to the second question is False. The image quality is good, but there are some artifacts and a slightly pixelated texture, hence the quality score is 0.8."}, {"ans": [true, false, 0.2], "reasoning": "The image is showing a city street with multiple traffic signals visible, some of which have lights. The main object, traffic signals, is present. The lights are visible on some of the traffic signals, so they are not missing or not visible. The image quality is rated low due to the presence of significant artifacts, likely caused by double exposure or image manipulation, which results in a distorted and unnatural representation of the scene."}, {"ans": [true, true, 0.8], "reasoning": "The image depicts a skateboard with a multicolored deck, lying on a concrete surface covered in paint splatters. The skateboard is positioned at an angle, with its front end pointing towards the bottom-right corner of the image. The trucks and wheels are visible but appear to be damaged or broken off, with some parts stuck in a clear substance that resembles glue or resin. The image is well-lit, with harsh shadows cast by the sunlight. The overall condition of the image is clear, but there are some minor artifacts and debris visible around the skateboard. For question 1, the main object is indeed a skateboard, so the answer is True. For question 2, the wheels are not entirely visible due to the damage and the substance they are stuck in, so the answer is True. The quality of the image is rated 0.8 because it is clear and well-lit, with no major distortions or artifacts affecting the main object."}, {"ans": [true, false, 0.8], "reasoning": "The image is showing a chessboard with pieces on it. The chessboard is the main object and is clearly visible. The black pieces are present and visible on the board, they are at the top of the image and are more ornate and detailed compared to the white pieces at the bottom. The image is of good quality, with clear details of the chessboard and pieces, although there is some slight blurring on the chessboard surface."}, {"ans": [true, true, 0.8], "reasoning": "The image shows a red sports car in a showroom. The car is clearly visible and identifiable as a sports car. The brakes are not visible as the image focuses on the side of the car and the wheels are not fully exposed, making it impossible to see the brake components. The image quality is high, with clear details of the car and its surroundings, but the presence of water splashes and reflections slightly reduces the overall clarity."}, {"ans": [true, true, 0.9], "reasoning": "The image clearly shows an open book on a wooden table, with the pages facing upwards. The text on the pages is not legible, appearing as a blur or not being visible. The main object, the book, is present. The text is not visible, making it 'missing or not visible'. The image quality is generally high, with clear details of the book and the background, but slight blurring on the text and background reduces the score to 0.9."}, {"ans": [true, false, 0.95], "reasoning": "The image clearly shows a computer tower with a transparent side panel, revealing the internal components. The fans are visible and appear to be installed on the left side of the case. The image is well-lit, and the components are clearly visible, indicating a high-quality image. However, there are some minor reflections on the glass panel, which slightly reduces the quality score to 0.95."}, {"ans": [true, false, 0.8], "reasoning": "The image clearly depicts a scarecrow standing in a field, wearing a plaid shirt and a hat. The scarecrow appears to have arms, as indicated by the presence of what seems to be sticks or straw protruding from its sides, wrapped in the shirt. Therefore, for Question 1, the answer is True because the main object is indeed a scarecrow. For Question 2, the answer is False because the arms are visible, albeit made of straw or sticks. The quality of the image is rated 0.8 because, while the image is clear and well-defined, there are some artifacts and slight blurring around the edges, possibly due to the camera's focus or compression."}, {"ans": [true, false, 0.5], "reasoning": "The image depicts a chaotic scene of multiple knights in armor, with some of them holding swords. The presence of knights is evident, fulfilling the first question's condition. Upon closer inspection, many knights are seen with swords, making the second question's condition false because the sword is not missing or invisible for most knights. The image quality is compromised due to its abstract, painterly style and the chaotic arrangement of figures, which could be interpreted as a form of artistic expression rather than a photographic representation. However, the main objects (knights) are still discernible, hence a moderate quality score."}, {"ans": [true, false, 0.9], "reasoning": "The image clearly shows a teapot with a floral design on it, and the handle is visible. The teapot is placed on a bamboo tray, and there are flowers in the background. The image is well-lit and clear, with no visible artifacts or distortions that would affect the quality. The quality score is 0.9 because the image is very clear and well-defined, with no noticeable issues."}, {"ans": [true, false, 0.2], "reasoning": "The image is a distorted and layered representation of a basketball hoop with a net. The main object, the basketball hoop, is visible, so the answer to Question 1 is True. The net is also visible, so the answer to Question 2 is False. The image quality is rated 0.2 due to the heavy distortion, layering, and artifacts present, which significantly degrade the clarity and visibility of the objects."}, {"ans": [true, false, 0.9], "reasoning": "The image shows a dining table set with fine china, silverware, and multiple glasses, indicating it is a dining table. The glasses are visible on the table. The image is clear and well-lit, with no significant artifacts or distortions that would decrease its quality. However, the slight blurring in the background and some areas of the table slightly decrease the quality score to 0.9."}, {"ans": [true, true, 0.4], "reasoning": "The image shows a typewriter with its internal mechanisms exposed, and the ribbon is not visible. The image is somewhat blurry and has an unnatural color tone, which affects its quality. However, the main object, the typewriter, is still recognizable."}, {"ans": [true, true, 0.8], "reasoning": "The image shows a collection of winter jackets hanging on a rack. The central jacket is a light gray, puffy winter coat with a fur-lined hood, which is clearly visible. The jacket appears to be fastened with buttons rather than a zipper, suggesting that the zipper is either missing or not visible. The image is clear and well-lit, with no significant artifacts or distortions that would affect the visibility of the main object. However, the quality is not perfect due to some minor blurring and the presence of other jackets in the background that are not as clear."}, {"ans": [true, false, 0.3], "reasoning": "The image is showing a sunflower, so the answer to the first question is True. The seeds are visible on the sunflower, so the answer to the second question is False. The image quality is rated 0.3 because it appears to be heavily distorted with a greenish tint and what seems to be a circular overlay or effect that is not natural, indicating potential artifacts or unnatural processing. The main object, the sunflower, is still recognizable, but the overall image is not clear or natural-looking."}, {"ans": [true, false, 0.4], "reasoning": "The image is showing an elephant, so the answer to the first question is True. The trunk of the elephant is visible, so the answer to the second question is False. The image quality is rated 0.4 because it appears to be a heavily processed or distorted image with visible artifacts, such as double vision and unnatural texture, which degrade its overall quality."}, {"ans": [true, true, 0.8], "reasoning": "The image shows a rowboat with no oars visible. The boat is depicted in a serene lake setting with trees in the background. The oars are not present or visible in the image, so they are considered missing. The image quality is high, with clear details of the boat and its surroundings, but it has a painterly effect that slightly reduces its realism."}, {"ans": [true, false, 0.9], "reasoning": "The image clearly depicts a snowman with a scarf and hat, standing in a snowy scene. The snowman has visible buttons on its body, which are clearly discernible. The image is of high quality, with clear details and no visible artifacts or distortions that would significantly impact the visibility of the main object or its features. The presence of buttons on the snowman means they are not missing, so the answer to the second question is False. The quality score is 0.9 because, while the image is very clear, there is a slight haze or overlay effect that could be considered a minor artifact."}, {"ans": [true, false, 0.8], "reasoning": "The image shows a fountain pen, which is the main object. The pen is clear and appears to have ink inside it, so the ink is visible. The image is clear and well-lit, but there is some reflection on the pen that could be considered a minor artifact. The quality score is 0.8 because the image is generally clear and well-composed, but the reflection on the pen slightly reduces its quality."}, {"ans": [true, true, 0.9], "reasoning": "The image shows a paintbrush with a wooden handle and no visible bristles, as they are likely covered in paint and not discernible. The presence of the handle indicates that the main object is a paintbrush. The bristles are not visible, so they can be considered missing or not visible. The image quality is high, with clear details of the paint and the brush handle, but there are some minor artifacts from the paint splatters."}, {"ans": [true, true, 0.6], "reasoning": "The image shows a pair of eyeglasses on top of a crumpled newspaper. The glasses are visible, but the temples are not clearly seen, suggesting they might be missing or not visible. The image quality is somewhat compromised due to the crumpling and blurring, but it is still possible to identify the main object. The quality score is 0.6 because the image is blurry and has artifacts from the crumpling, but it does not significantly hinder the identification of the eyeglasses."}, {"ans": [true, false, 0.8], "reasoning": "The image is showing a person holding an umbrella on a rainy day. The umbrella is clearly visible and appears to be intact with its ribs visible through the fabric. The image is sharp and clear, with good lighting that highlights the details of the scene. The quality of the image is high, with a score of 0.8, indicating that it is a well-captured photo. The main object, the umbrella, is present and visible. The ribs of the umbrella are also visible, so they are not missing or invisible."}, {"ans": [false, true, 0.8], "reasoning": "The image does not show a wristwatch. Instead, it appears to be a close-up of the internal mechanisms of a watch or a similar device submerged in a liquid, possibly undergoing cleaning or maintenance. The image is clear and detailed, showing the intricate gears and components. However, it does not depict a complete wristwatch. The quality of the image is high, with good clarity and minimal artifacts, hence a quality score of 0.8. Since there is no visible wristwatch face, the hour markers are considered missing or not visible."}, {"ans": [true, true, 0.9], "reasoning": "The image depicts a camping tent that is not fully set up, as indicated by its collapsed state and the absence of visible poles holding it upright. The tent's fabric is down on the ground, and there are no visible poles supporting it, suggesting that the poles are either missing or not visible. The image is clear and well-lit, with no noticeable artifacts or distortions that would affect the quality. Therefore, the answer to Question 1 is True because the image is showing a camping tent. The answer to Question 2 is also True because the poles are not visible. The quality of the image is rated 0.9, indicating a high-quality image with no significant issues."}, {"ans": [false, false, 0.7], "reasoning": "The image is a close-up of a highly decorated surface, possibly a cuckoo clock, but it's too intricate and zoomed in to be certain. The main object is not clearly identifiable as a cuckoo clock due to the level of decoration and the angle of the shot. Therefore, the answer to the first question is False. For the second question, since we cannot confirm the presence of a cuckoo clock, we also cannot confirm if the weights are missing or not. However, there are no visible weights in the provided image. The quality of the image is rated 0.7 because, although it's detailed, the image is somewhat blurry and lacks clear context, making it hard to discern the main subject clearly."}, {"ans": [true, true, 0.8], "reasoning": "The image is showing a smartphone. The phone is standing upright on a reflective surface, and its screen is facing the camera. The screen is white and reflects some objects, but it does not show a speaker grille. The phone's body is silver, and its edges are visible. The background is blurred, but it appears to be a store or showroom with lights and other objects. The image is slightly blurry, but the main object (the smartphone) is clear. The quality of the image is good, but not perfect, due to the blurriness. The speaker grille is not visible on the phone, so it is either missing or not visible."}, {"ans": [true, true, 0.4], "reasoning": "The image depicts a motorcycle, which is the main object, so the answer to the first question is True. The speedometer is not visible in the image, so the answer to the second question is True. The image quality is rated 0.4 due to the presence of artifacts, blurring, and unnatural color, which affect the overall clarity of the image."}, {"ans": [true, false, 0.7], "reasoning": "The image shows a violin bow, which is the main object. The bow is reflected on a red satin fabric, and it appears to be intact with its hair visible. The hair is not missing or invisible; it is visible between the stick and the frog. The image quality is somewhat compromised due to the reflection and the texture of the fabric, which causes some distortion. However, the main object and its details are discernible."}, {"ans": [true, false, 0.8], "reasoning": "The image clearly depicts a birdcage, which is the main object, so the answer to the first question is True. Upon closer inspection, a perch is visible inside the birdcage, so the answer to the second question is False. The image quality is rated 0.8 because it is slightly overexposed and has a dreamy effect, but it does not significantly detract from the visibility of the birdcage or the perch."}, {"ans": [true, false, 0.9], "reasoning": "The image is showing a statue, which is the main object. The statue is a white marble sculpture of a woman, likely a historical or mythological figure, standing on a pedestal. The statue is intact and has a head, so the head is not missing. The image is clear and well-lit, with no visible artifacts or distortions that would affect the quality. The quality score is 0.9 because the image is very clear and detailed, with no noticeable issues."}, {"ans": [true, false, 1.0], "reasoning": "The image shows a large, cream-colored teddy bear sitting in a crib. The teddy bear has a visible nose, which is part of its embroidered face. The image is clear and well-lit, with no visible artifacts or distortions that would affect the quality. Therefore, the answer to Question 1 is True because the image is showing a teddy bear. The answer to Question 2 is False because the nose is visible on the teddy bear. The quality of the image is rated as 1 because it is clear and well-defined, with no noticeable issues."}, {"ans": [true, false, 0.9], "reasoning": "The image shows a sneaker, which is the main object. The laces are present and visible, so they are not missing. The image quality is good, but there is a slight degradation in the details due to the worn-out condition of the sneaker and the rug in the foreground, hence the quality score is 0.9."}, {"ans": [true, true, 0.6], "reasoning": "The image is showing a refrigerator, so the answer to the first question is True. The door shelves are not visible from the refrigerator as the image is taken from the outside and the doors are transparent, showing the inside of the refrigerator. However, the door shelves themselves are not visible, so the answer to the second question is True. The image quality is rated 0.6 because it appears to be a double exposure or has some other form of distortion, with visible artifacts and blurring."}, {"ans": [true, false, 0.7], "reasoning": "The image depicts a campfire with people sitting around it, so the main object (campfire) is present. The flames are visible, so they are not missing. The image quality is slightly compromised due to the presence of sparkles and a grainy texture, but it is still clear enough to discern the main elements."}, {"ans": [true, false, 0.95], "reasoning": "The image shows a drinking fountain in a park, with water flowing from it. The main object, the drinking fountain, is clearly visible and appears to be in good condition. The water is also visible, flowing from the fountain, so it is not missing. The image is sharp and clear, with no visible artifacts or distortions. The quality of the image is high, with a score of 0.95 out of 1. The only reason for not giving it a perfect score is the slight presence of leaves and dirt around the fountain, but this does not affect the overall clarity of the image."}, {"ans": [true, true, 0.95], "reasoning": "The image depicts a revolver, which is the main object, so the answer to the first question is True. The trigger guard is not visible, as it appears to be obscured or not present in the image, so the answer to the second question is True. The image is of high quality, with clear details and no visible artifacts or distortions, so the quality score is 0.95."}, {"ans": [true, false, 0.8], "reasoning": "The image is a vintage-style map featuring a prominent compass rose at its center. The compass rose is clearly visible and appears to be the main object of the image. It has a distinctive design with multiple points and a decorative center. The north arrow is also visible, extending from the center of the compass rose. The image is somewhat aged and worn, with visible creases and discoloration, but the main elements are still clearly discernible. The quality of the image is good, with some minor artifacts and texture that add to its vintage aesthetic. Overall, the image effectively conveys a sense of adventure and exploration."}, {"ans": [true, false, 0.9], "reasoning": "The image depicts a futuristic cityscape with tall, sleek skyscrapers that dominate the scene. The presence of numerous windows on the buildings is evident, as they reflect various lights and colors, indicating that the windows are not missing. The overall quality of the image is high, with clear details and vibrant colors, although it is slightly diminished due to the presence of some minor artifacts and reflections."}, {"ans": [true, true, 0.9], "reasoning": "The image is showing a conductor with their back to the camera, wearing a black outfit and raising their right hand. The conductor is standing in front of an orchestra, and the overall scene suggests a performance or rehearsal. The baton is not visible in the conductor's hand, and it appears to be missing or not visible. The image quality is generally good, with clear details of the conductor and the orchestra, although there might be some slight blurring due to the movement or the camera settings."}, {"ans": [true, false, 0.9], "reasoning": "The image shows a soccer field with two soccer goals, one on each side. The goals are clearly visible and have nets. The crossbar is visible on both goals, indicating that it is not missing. The image is clear and well-lit, with no visible artifacts or distortions. The quality of the image is high, with a score of 0.9. The main objects (soccer goals) are present, and the crossbar is visible, so the answers are True for the first question and False for the second question."}, {"ans": [true, true, 0.2], "reasoning": "The image appears to be a laboratory setting with various equipment and machinery. Upon closer inspection, it seems that there are multiple images of a microscope overlaid on top of each other, creating a distorted and blurry effect. The microscope is visible, but its lenses are not clearly discernible due to the overlaying images. Therefore, for Question 1, the answer is True because the main object (microscope) is present. For Question 2, the answer is also True because the lenses are not clearly visible. The quality of the image is rated 0.2 due to the significant distortion and blurring caused by the multiple overlaid images, making it difficult to discern details."}]