[{"ans": [true, true, 1.0], "reasoning": "The image shows a sailboat on calm waters with a clear blue sky in the background. The sailboat has a mast and rigging, but the sails are furled and covered, indicating they are not in use or visible. The presence of the mast and the design of the boat confirm it is a sailboat, even though the sails are not unfurled. Thus, the answer to the first question is True because the image is showing a sailboat. The answer to the second question is also True because the sails are not visible; they are furled and covered. The quality of the image is rated 1 because it is clear and well-composed, showing the sailboat and its details without any significant issues."}, {"ans": [true, true, 1.0], "reasoning": "The image shows a red bicycle leaning against a brick wall. The bicycle is clearly visible and appears to be in a relatively good condition, although it is old and has some signs of wear. The chain of the bicycle is not visible, suggesting that it is either missing or not visible due to the angle or condition of the bike. Therefore, the answer to the first question is True because the image is showing a bicycle. The answer to the second question is also True because the chain is not visible. The quality of the image is rated as 1 because it is clear and well-lit, and there are no significant issues that would detract from the overall visibility of the bicycle."}, {"ans": [true, false, 1.0], "reasoning": "The image is showing a cat, which is the main object, so the answer to the first question is True. The whiskers are visible on the cat's face, so the answer to the second question is False. The image is clear and well-lit, and the cat is the main focus, so the quality score is 1."}, {"ans": [true, true, 1.0], "reasoning": "The image depicts a castle with a large stone structure and towers, which aligns with the definition of a castle. The presence of a large, distorted mouth-like entrance does not negate the fact that it is a castle. Therefore, the answer to the first question is True. For the second question, the gates are not visible as there are no visible gates at the entrance; instead, there is a distorted mouth-like structure. Hence, the answer to the second question is True. The image is clear and well-lit, with no visible distortions or issues that would affect its quality. Thus, the quality rating is 1.0."}, {"ans": [true, false, 0.9], "reasoning": "The image is showing a hot-air balloon with a clearly visible basket. The balloon is centered in the image, and the basket is hanging below it, making it easily visible. The image is of high quality, with clear details of the balloon and the surrounding landscape."}, {"ans": [true, false, 0.9], "reasoning": "The image clearly shows a turtle with a visible shell, indicating that the main object (turtle) is present. The shell is also visible, so it is not missing or invisible. The image is of high quality, with clear details of the turtle and its surroundings, hence a quality score of 0.9."}, {"ans": [true, false, 0.9], "reasoning": "The image is showing a train at a station. The train is clearly visible and appears to be in good condition. The wheels of the train are visible under the front carriage, so they are not missing or invisible. The image is well-lit and in focus, indicating a high-quality image."}, {"ans": [true, false, 0.9], "reasoning": "The image clearly shows a pair of eyeglasses with lenses. The lenses are visible and not missing. The image is well-lit and in focus, with a clear view of the eyeglasses and their reflection on the surface they are placed on. The quality of the image is high, with good contrast and clarity."}, {"ans": [true, false, 0.9], "reasoning": "The image shows two fountain pens on a piece of paper with writing. The main object, a fountain pen, is present in the image, so the answer to Question 1 is True. The nibs of both pens are visible, so the answer to Question 2 is False. The image is clear and well-defined, but the quality score is not 1 because the paper appears to be torn and crumpled, which might be considered a minor distraction."}, {"ans": [true, false, 0.9], "reasoning": "The image shows an umbrella with a partially visible canopy, indicating that the main object, an umbrella, is present. The canopy is partially visible, so it is not considered missing or not visible. The image is clear and well-lit, with the umbrella being the main focus, hence a high quality score."}, {"ans": [true, false, 1.0], "reasoning": "The image clearly shows a large white airplane on a runway, with its wings visible. The presence of the airplane answers the first question affirmatively. Since the wings are visible, the answer to the second question is negative, indicating that the wings are not missing or not visible. The image is clear and well-lit, with no significant issues affecting its quality, hence the quality score is 1.0."}, {"ans": [true, false, 0.9], "reasoning": "The image shows a desk lamp with a gold-colored metal body and a long, adjustable arm. The lamp is turned on and is shining light onto an open book. The bulb is visible inside the lamp's shade, so it is not missing or invisible. Therefore, the answer to Question 1 is True because the image is showing a desk lamp. The answer to Question 2 is False because the bulb is visible. The quality of the image is rated 0.9 because it is clear and well-lit, with no visible distortions or issues."}, {"ans": [true, false, 1.0], "reasoning": "The image shows an electric guitar with a visible neck, answering the first question as true because it is an electric guitar. The neck is clearly visible, making the answer to the second question false because the neck is not missing or invisible. The quality of the image is rated 1 because it is clear and well-lit, showing the details of the guitar without any significant issues."}, {"ans": [true, false, 0.9], "reasoning": "The image depicts a clear glass or crystal fish sculpture with visible fins, lying on a pile of similar sharp crystal objects. The main object in the image is indeed a fish, so the answer to the first question is True. The fins of the fish are clearly visible, so the answer to the second question is False. The image is well-lit and detailed, with a clear focus on the fish sculpture, hence the quality is rated 0.9. The slight deduction from 1 is due to the background being slightly out of focus."}, {"ans": [true, false, 0.9], "reasoning": "The image depicts a small brick cottage with a pitched roof, situated in a field. The cottage is the main object in the image, and it is clearly visible. The roof is present and visible, covering the cottage. The image is of high quality, with clear details and good lighting. The presence of the roof is evident, and it is not missing or invisible."}, {"ans": [true, false, 0.9], "reasoning": "The image shows a classic convertible car with its hood open, and the windshield is visible. The main object in the image is a car, so the answer to the first question is True. The windshield is present and visible, so the answer to the second question is False. The image is clear and well-lit, showing the details of the car, so the quality is rated as 0.9."}, {"ans": [true, false, 0.9], "reasoning": "The image shows a transparent keyboard with illuminated keys, and it has a spacebar. The presence of the keyboard answers the first question affirmatively. For the second question, the spacebar is visible and present, so it is not missing or invisible. The quality of the image is rated 0.9 because it is clear and well-lit, showing the details of the keyboard."}, {"ans": [true, false, 1.0], "reasoning": "The image clearly depicts an owl perched on a tree branch under a full moon. The owl is fully feathered, with detailed plumage visible across its body and wings. Therefore, for Question 1, the answer is True because the image is showing an owl. For Question 2, the answer is False because the feathers are not missing or invisible; they are clearly visible and detailed. The quality of the image is rated 1.0 because it is clear and well-defined, with no apparent issues that would detract from its quality."}, {"ans": [true, true, 1.0], "reasoning": "The image depicts a leather-bound book with its pages missing, as evidenced by the visible empty interior. The book is prominently displayed on a wooden table, with a bookshelf in the background. The main object in the image is indeed a book, albeit without pages, so the answer to the first question is True. For the second question, since the pages are not present inside the book, the answer is True. The image is clear and well-defined, showing the details of the book and its surroundings, hence the quality is rated as 1."}, {"ans": [true, false, 1.0], "reasoning": "The image clearly depicts a lighthouse with a lamp visible inside the lantern room at the top. The presence of the lighthouse is evident, and the lamp is clearly visible, so it is not missing or invisible."}, {"ans": [true, false, 1.0], "reasoning": "The image shows a light-colored armchair with a tufted back and dark wooden legs, placed on a patterned rug in a room with a door and a framed picture on the wall. The armchair is clearly visible and has legs, so the answer to Question 1 is True. The legs of the armchair are visible, so the answer to Question 2 is False. The image is clear and well-lit, showing the armchair and its details, so the quality is rated as 1.0."}, {"ans": [true, true, 0.9], "reasoning": "The image clearly shows a deer standing in a wooded area, and the deer is not wearing antlers or they are not visible, so it is a deer without antlers. The presence of a deer is enough to answer True to the first question. For the second question, since the deer does not have visible antlers, the answer is True. The image quality is good as it is clear and detailed, showing the deer and its surroundings well. The absence of antlers does not negatively impact the quality rating as per the instructions."}, {"ans": [true, false, 1.0], "reasoning": "The image clearly shows an envelope, which is the main object. The envelope is closed and its flap is visible, indicating that the flap is not missing. The image is of high quality as it is clear and well-lit."}, {"ans": [true, true, 1.0], "reasoning": "The image is showing a wall clock with a white face and black hands, mounted on a white wall above a fireplace. The clock face does not have any visible numbers. Therefore, the answer to Question 1 is True because the image is showing a wall clock. The answer to Question 2 is True because the numbers on the clock face are missing or not visible. The quality of the image is rated as 1.0 because it is clear and well-lit, and the main object (the clock) is easily visible."}, {"ans": [true, false, 1.0], "reasoning": "The image clearly shows an astronaut wearing a space suit, which includes a helmet. The space suit is fully visible and intact, indicating that the main object (the space suit) is present. For the second question, the helmet is clearly visible on the astronaut's head, so it is not missing or invisible. The image is of high quality, with clear details of the space suit and its surroundings."}, {"ans": [true, false, 0.9], "reasoning": "The image clearly depicts a windmill with visible blades, standing in a field of wheat. The windmill is the main object and is intact with its blades visible, thus answering the first question as true. For the second question, since the blades are visible, the answer is false. The image quality is rated 0.9 because it is clear and well-lit, with no visible distortions or obstructions that would hinder the visibility of the main subject."}, {"ans": [true, true, 1.0], "reasoning": "The image is clearly showing a large tree, which is the main object. The tree is bare, indicating that it is either winter or the tree is dead. The branches are visible and there are no leaves on them, so the leaves are missing. The image is of high quality as it is clear and well-lit."}, {"ans": [true, false, 1.0], "reasoning": "The image shows a yellow school bus parked in a lot. The bus is facing away from the camera, with its rear and left side visible. The bus has several windows along its side and a row of seats visible through them. The word 'School Bus' is written on the side of the bus in black letters. The bus appears to be in a parking lot, with yellow lines on the ground indicating parking spaces. The overall condition of the bus appears to be worn, with some rust spots and dirt visible on its surface. The doors of the bus are visible and not missing."}, {"ans": [true, false, 1.0], "reasoning": "The image shows a laptop on a table. The laptop is open and visible, with its screen facing towards the camera but not directly visible due to the angle. The keyboard and body of the laptop are clearly seen. The screen is not missing; it is simply angled in a way that its content is not directly visible. The image is clear and well-lit, showing the laptop in detail."}, {"ans": [true, true, 0.9], "reasoning": "The image shows a trumpet, which is the main object. The trumpet is visible and appears to be a standard brass instrument. The mouthpiece is not visible, as it is not attached to the trumpet. The image is of high quality, with good lighting and focus, and the trumpet is centered in the frame. The quality score is 0.9 because the image is clear and well-composed, but it could be improved with a more detailed view of the trumpet's surface."}, {"ans": [true, false, 0.9], "reasoning": "The image clearly shows a robot with a visible head, indicating that the main object (robot) is present. The head is not missing or invisible, it is clearly visible. The image quality is rated 0.9 because it is a clear and detailed representation of the robot and its surroundings."}, {"ans": [true, true, 0.9], "reasoning": "The image shows a candle on a silver platter. The candle is cylindrical and white, and it appears to be a pillar candle. There is no visible wick on the top of the candle. The image is clear and well-lit, and the candle is centered in the frame. The quality of the image is high, with good resolution and minimal noise. Therefore, the answer to Question 1 is True because the image is showing a candle. The answer to Question 2 is True because the wick is not visible. The quality of the image is rated 0.9 because it is clear and well-lit, and there are no significant distractions or defects."}, {"ans": [true, false, 1.0], "reasoning": "The image shows a pizza with visible cheese, so the main object is a pizza and the cheese is not missing."}, {"ans": [true, true, 0.9], "reasoning": "The image is showing a DSLR camera body without a lens attached. The camera body is clearly visible, and the absence of a lens is evident from the exposed mount. The lens is not attached to the camera, and there is a body cap lying on the shelf in front of the camera, indicating that the lens is not present. The image is of good quality, with clear details of the camera and its components."}, {"ans": [true, true, 1.0], "reasoning": "The image is showing a grand piano on a stage in an auditorium. The piano is damaged and its internal mechanisms are visible, indicating that it is not in a functional state. The keys are not visible, suggesting that they are either missing or not visible due to the angle of the image or the state of the piano. The image is clear and well-lit, allowing for a detailed view of the piano and the surrounding environment. Therefore, the answer to Question 1 is True because the image is showing a piano. The answer to Question 2 is True because the keys are not visible. The quality of the image is rated as 1.0 because it is clear and well-lit, and there are no visible distortions or issues that would detract from the viewer's understanding of the scene."}, {"ans": [true, true, 0.8], "reasoning": "The image is showing a paintbrush with a wooden handle and a metal ferrule. The bristles of the paintbrush are not visible as they are inserted into the paint on the palette. Therefore, for Question 1, the answer is True because the image is showing a paintbrush. For Question 2, the answer is True because the bristles are not visible. The quality of the image is rated 0.8 because it is a clear close-up shot of the paintbrush and palette, with good lighting and detail."}, {"ans": [true, false, 1.0], "reasoning": "The image clearly shows a smartwatch on a countertop. The watch is visible and appears to be intact with a strap, although parts of the strap are obscured by the watch's body and the counter. The main object, the watch, is present, so the answer to the first question is True. For the second question, the strap is partially visible on both sides of the watch, so it is not entirely missing or not visible, hence the answer is False. The image is clear and well-lit, showing the watch and its details, so the quality is rated as 1."}, {"ans": [true, true, 0.9], "reasoning": "The image shows a man sitting in a dentist's chair with his mouth open, revealing his teeth. The dentist is holding dental tools near the man's mouth. The man's tongue is not visible, suggesting it is either missing or not visible due to the position of his mouth or other factors. The image is clear and well-lit, indicating a high-quality image. However, the presence of a blurry background slightly reduces the overall quality score."}, {"ans": [true, false, 0.9], "reasoning": "The image clearly shows a motorcycle, so the answer to the first question is True. The handlebars of the motorcycle are visible, so the answer to the second question is False. The image is well-lit and the motorcycle is centered, making it a high-quality image. However, the quality score is not 1 because the background has some abstract light effects that might be considered distracting or overly processed, hence the score of 0.9."}, {"ans": [true, false, 0.9], "reasoning": "The image is showing a vintage television set with a visible screen, so the answer to the first question is True. The screen is present and visible, so the answer to the second question is False. The image is clear and well-lit, and the television is the main focus, so the quality score is 0.9. The only reason it is not a 1 is because the image is not a real photograph, but rather a generated image, which might slightly affect its realism and clarity."}, {"ans": [true, false, 1.0], "reasoning": "The image clearly depicts a goat standing on a rocky outcrop. The goat has visible horns, which are curved and protruding from its head. The presence of horns directly answers both questions: the image is showing a goat, and the horns are not missing or invisible. The quality of the image is high, as it is clear and well-focused, allowing for easy identification of the subject and its features."}, {"ans": [true, false, 1.0], "reasoning": "The image clearly shows a red sneaker with white soles sitting on a bench in front of gray lockers. The sneaker is visible and identifiable, answering the first question affirmatively. The laces are present and visible, threaded through the eyelets, which answers the second question negatively because the laces are not missing or invisible. The image is clear and well-lit, showing the sneaker and its details sharply, which supports a high-quality rating."}, {"ans": [true, false, 0.9], "reasoning": "The image is clearly showing a frog sitting on a lily pad in water. The frog's eyes are visible and clearly seen, so the eyes are not missing or invisible. The image is of high quality, with clear details of the frog and its surroundings."}, {"ans": [true, false, 0.9], "reasoning": "The image shows a cup with a handle, which is commonly referred to as a mug. The handle is visible and present on the right side of the cup. The image is clear and well-lit, showing the details of the cup and saucer. The quality of the image is high, with a clear and sharp representation of the objects."}, {"ans": [true, false, 0.9], "reasoning": "The image shows a saxophone, which is the main object in question. The saxophone is clearly visible and appears to be intact with its keys present, although some are partially obscured by the angle of the instrument. The keys are not missing or invisible; they are simply not all fully visible due to the positioning of the saxophone. The image is well-lit, and the saxophone is the central focus, indicating a high-quality image. The presence of the keys is confirmed upon closer inspection, so the answer to the second question is false because the keys are not missing or invisible."}, {"ans": [true, false, 1.0], "reasoning": "The image clearly shows a skateboard with its underside facing upwards, featuring a wooden deck and yellow wheels attached to metal trucks. The presence of the skateboard confirms the answer to the first question as 'True'. For the second question, the wheels are visible and present on the skateboard, so the answer is 'False'. The image is clear and well-lit, with the skateboard being the main focus, hence the quality rating is '1'."}, {"ans": [true, false, 1.0], "reasoning": "The image shows a black fedora hat on a wooden stand. The hat has a visible brim, which is a key characteristic of a fedora. Therefore, the answer to Question 1 is True because the image is showing a fedora. The brim is clearly visible, so the answer to Question 2 is False because the brim is not missing or not visible. The image is of high quality, so the quality score is 1."}, {"ans": [true, false, 1.0], "reasoning": "The image clearly shows a motorcycle helmet on a workbench, surrounded by various tools. The helmet has a visor that is intact and visible, indicating that the visor is not missing. Therefore, the answer to the first question is True because the main object, a motorcycle helmet, is present. The answer to the second question is False because the visor is present and visible. The quality of the image is rated as 1 because it is clear and well-lit, with the key elements easily discernible."}, {"ans": [true, true, 1.0], "reasoning": "The image shows a bedframe with an ornate headboard and footboard, but it does not have a mattress. The bedframe is the main object in the image, so the answer to the first question is True. The mattress is not visible, so the answer to the second question is True. The image is of high quality, with clear details and good lighting, so the quality score is 1.0."}, {"ans": [true, false, 0.9], "reasoning": "The image depicts a clock tower with a visible clock face, so it meets the criteria for Question 1. For Question 2, the clock face is clearly visible, so it is not missing or invisible. The quality of the image is high, with clear details of the clock tower and its surroundings, hence a score of 0.9."}, {"ans": [true, false, 0.9], "reasoning": "The image is showing a pocket watch with its cover open, revealing the intricate details of its mechanism. The hands of the watch are visible, indicating the time. Therefore, the answer to the first question is True because the main object in the image is indeed a pocket watch. For the second question, the answer is False because the hands are not missing; they are clearly visible. The quality of the image is rated 0.9 due to its high resolution and detailed representation of the pocket watch, although it might be slightly affected by the reflective surface it's placed on."}, {"ans": [true, true, 0.9], "reasoning": "The image clearly shows a bicycle, which is the main object in question. The bicycle is leaning against a stone wall, and its overall structure is visible. For Question 1, the presence of a bicycle is confirmed, so the answer is True. For Question 2, upon closer inspection, it's evident that the pedals are not visible, as they are obscured by the crank arm and other components, thus the answer is True. The quality of the image is rated 0.9 because it is clear and well-lit, allowing for a detailed view of the bicycle. The absence of pedals does not negatively affect the quality score as per the instructions."}, {"ans": [true, false, 1.0], "reasoning": "The image shows a portrait of a woman on the wall in an art gallery. The portrait is clearly visible and depicts a young woman with her eyes visible, so the answer to the first question is True. Since the eyes are visible in the portrait, the answer to the second question is False. The image is of high quality as it clearly shows the details of the portrait and the surrounding environment."}, {"ans": [true, false, 0.9], "reasoning": "The image shows a grand piano on a stage, with its lid open and internal mechanisms visible. The hammers are visible inside the piano, indicating that they are not missing. The image is well-lit and in focus, with a clear view of the piano and its components. The quality of the image is high, with a score of 0.9 out of 1."}, {"ans": [true, true, 0.9], "reasoning": "The image depicts a sailing ship, which is the main object. The ship has three masts with rigging, indicating it is a sailing vessel, thus answering the first question as True. Upon closer inspection, it is evident that the sails are not visible or are missing, as there are no sails present on the masts, answering the second question as True. The image quality is rated 0.9 because it is clear and well-defined, showing the details of the ship and its surroundings. The absence of sails does not negatively impact the quality score as per the instructions."}, {"ans": [true, false, 0.9], "reasoning": "The image shows a large tree with a thick trunk and sprawling branches. The tree appears to be an oak tree, as it has the characteristic shape and structure of an oak. The leaves are not fully developed, but there are some small leaves visible on the branches, indicating that the tree is not completely bare. Therefore, the answer to Question 1 is True. For Question 2, the leaves are not entirely missing, as some are visible, so the answer is False. The image quality is rated 0.9 because it is clear and well-lit, with good detail visible in the tree's structure and surroundings."}, {"ans": [true, true, 1.0], "reasoning": "The image depicts a stone cottage with ivy covering parts of it. The front door is not visible as it is obscured by the ivy and foliage. The image is of high quality, with clear details and a realistic representation of the cottage and its surroundings."}, {"ans": [true, false, 0.9], "reasoning": "The image shows a white passenger jet on a runway. The plane is facing the left side of the image, and its body and wings are clearly visible. The wings are present and not missing. The image is clear and well-lit, indicating good quality."}, {"ans": [true, true, 0.9], "reasoning": "The image is showing a wristwatch with a gray face and a light-colored leather strap, which is a clear representation of a wristwatch. The watch face does not have visible numbers, which directly answers the second question. The quality of the image is high as it is clear and well-lit, with the watch being the main focus. The absence of numbers on the watch face does not affect the quality score as per the instructions."}, {"ans": [true, false, 0.9], "reasoning": "The image is showing a pizza, which is the main object. The pizza appears to be a tomato pizza with basil leaves and some cheese visible under the sauce and basil leaves. The cheese is partially visible, so it is not entirely missing or invisible. The image is clear and well-lit, and the pizza is centered in the frame, making it a high-quality image. However, the quality score is not 1 because the image is not perfectly sharp, and there are some minor imperfections in the background."}, {"ans": [true, false, 0.9], "reasoning": "The image clearly shows traffic signals above the road, with visible lights on them. The main object (traffic signals) is present, so the answer to the first question is True. For the second question, the lights are visible on the traffic signals, so the answer is False. The quality of the image is rated 0.9 because it is clear and well-lit, with no significant issues affecting the visibility of the main elements."}, {"ans": [true, false, 0.9], "reasoning": "The image shows a skateboard lying on the ground. The skateboard is clearly visible and has a colorful design on its deck. The wheels are also visible, indicating that they are not missing. The image is well-lit, and the skateboard is the main focus, suggesting a high-quality image. The presence of the wheels answers the second question, indicating that they are not missing or invisible."}, {"ans": [true, true, 1.0], "reasoning": "The image is showing a chessboard with white pieces set up on one side, and the other side is empty. The chessboard is the main object in the image, so the answer to the first question is True. The black pieces are not visible on the chessboard, so the answer to the second question is True. The image is clear and well-lit, and the chessboard and pieces are easily visible, so the quality of the image is rated as 1."}, {"ans": [true, true, 0.9], "reasoning": "The image is showing a sports car, which is the main object. The car is a red, two-door coupe with its doors open, and it is displayed in a showroom with various car parts and accessories in the background. The brakes are not visible from the side view of the car, as they are typically located inside the wheels. Therefore, the brakes are not visible. The image is of high quality, with good lighting and clarity, and the key elements of the car are clearly visible."}, {"ans": [true, true, 1.0], "reasoning": "The image is showing an open book on a wooden table. The pages of the book are blank and do not contain any text. Therefore, the answer to the first question is True because the image is showing a book. The answer to the second question is also True because the text is missing or not visible from the book, as the pages are blank. The quality of the image is rated as 1 because it is clear and well-lit, and there are no visible distortions or issues that would detract from the viewer's understanding of the image."}, {"ans": [true, false, 1.0], "reasoning": "The image is showing a computer tower with visible internal components and fans. The fans are clearly visible on both the left and right sides of the tower, indicating that they are not missing. The image is of high quality, with clear details of the internal components and the fans."}, {"ans": [true, false, 0.9], "reasoning": "The image clearly shows a scarecrow in a field. The scarecrow is wearing a hat and a plaid shirt, and has straw stuffed into its body. The arms of the scarecrow are visible and appear to be made of straw or sticks, covered with the same plaid shirt as the body. Therefore, the answer to Question 1 is True because the image is showing a scarecrow. The answer to Question 2 is False because the arms are visible. The quality of the image is rated as 0.9 because it is clear and well-lit, with the scarecrow centered in the frame."}, {"ans": [true, true, 0.9], "reasoning": "The image depicts a knight in armor, which directly answers Question 1. The knight is wearing full armor, including a breastplate, gauntlets, and a gorget, indicating that the main object (the knight) is present. For Question 2, the sword is not visible on the knight, as there is no sword in his hands or at his side within the visible portion of the image. The quality of the image is rated 0.9 because it is a clear and detailed painting of the knight, with good lighting and no visible distortions or obstructions that would detract from the overall quality."}, {"ans": [true, false, 0.9], "reasoning": "The image is showing a teapot with a floral design on it. The teapot has a spout, a lid, and a handle, which are all typical features of a teapot. The handle is visible on the right side of the teapot. Therefore, the answer to Question 1 is True. Since the handle is visible, the answer to Question 2 is False. The image is clear and well-lit, and the teapot is centered in the frame, so the quality is rated as 0.9. The slight blur in the background does not detract from the overall clarity of the image."}, {"ans": [true, false, 1.0], "reasoning": "The image clearly shows a basketball hoop with a net, as evidenced by the orange rim and white netting. The basketball is seen going through the hoop, further confirming the presence of both the hoop and the net. Therefore, the answer to the first question is True because the main object, the basketball hoop, is present. For the second question, the answer is False because the net is visible and not missing. The image is of high quality, showing all relevant details clearly, hence the quality score is 1.0."}, {"ans": [true, false, 1.0], "reasoning": "The image is showing a dining table set with plates, cutlery, and glasses. The table is fully set, and the glasses are visible on the table. Therefore, the answer to Question 1 is True because the image is showing a dining table. The answer to Question 2 is False because the glasses are not missing; they are visible on the table. The quality of the image is rated as 1 because it is clear and well-lit, and the key elements (dining table and glasses) are easily visible."}, {"ans": [true, false, 0.9], "reasoning": "The image clearly shows a typewriter, which is the main object. The typewriter is positioned on a desk with papers around it, and it appears to be functional with a ribbon visible and in use. The ribbon is not missing; it is present and visible between the metal parts of the typewriter. The quality of the image is high, with clear details of the typewriter and its surroundings. The slight decrease in quality rating is due to minor aspects such as the darkness of the background and slight wear on the image, but these do not detract significantly from the main subject."}, {"ans": [true, true, 0.8], "reasoning": "The image is showing a winter jacket, which is the main object. The jacket is beige and has a fur-lined hood, and it is fastened with buttons. There is no visible zipper on the jacket. The image is clear and well-lit, and the jacket is prominently displayed. The quality of the image is rated 0.8 because it is clear and well-composed, but it could be improved with a slightly different angle or lighting. The zipper is not visible, so answer 2 is true."}, {"ans": [true, false, 0.9], "reasoning": "The image clearly depicts a sunflower with its characteristic large yellow petals and a prominent center. The center of the sunflower appears to have seeds, as indicated by the visible texture and pattern. Therefore, for Question 1, the answer is True because the image is showing a sunflower. For Question 2, the answer is False because the seeds are visible on the sunflower. The quality of the image is rated 0.9, as it is clear and well-lit, with no significant issues affecting its quality."}, {"ans": [true, false, 0.9], "reasoning": "The image clearly shows an elephant, so the answer to the first question is True. The trunk of the elephant is visible, so the answer to the second question is False. The image is of high quality, with clear details of the elephant and its surroundings, so the quality score is 0.9."}, {"ans": [true, true, 0.9], "reasoning": "The image is showing a rowboat, which is the main object. The oars are not visible in the image, so they are considered missing. The image is clear and well-lit, with a good view of the rowboat, so the quality is rated as 0.9."}, {"ans": [true, false, 0.9], "reasoning": "The image clearly shows a snowman in the foreground, indicating that the main object is present. The snowman is adorned with a scarf and a hat, and its body is made of three large snowballs. Upon closer inspection, it is evident that the snowman has buttons on its body, specifically on the middle and lower sections, which are visible as black dots. Therefore, the buttons are not missing or invisible. The image is of high quality, with clear details and a well-defined scene, hence the quality score is 0.9."}, {"ans": [true, false, 0.9], "reasoning": "The image shows a fountain pen with a nib touching a notebook. The pen is clearly visible and has a transparent ink reservoir that is filled with red ink, indicating the presence of ink. The quality of the image is high, with clear details of the pen and the notebook. The image is well-lit and focused, making it easy to see the features of the pen and the surrounding objects."}, {"ans": [true, true, 0.8], "reasoning": "The image is showing a paintbrush with a wooden handle, but the bristles are not visible as they are covered by paint. The paintbrush is the main object in the image, so the answer to the first question is True. The bristles are not visible, so the answer to the second question is True. The image is of high quality, with clear details of the paint and the paintbrush handle, so the quality score is 0.8."}, {"ans": [true, false, 0.8], "reasoning": "The image shows a pair of eyeglasses placed on top of a stack of torn and crumpled newspaper pages. The eyeglasses are clearly visible, with both lenses and frames present. The temples of the eyeglasses are also visible, extending from the frames towards the top of the image. Therefore, the answer to Question 1 is True because the image is showing eyeglasses. The answer to Question 2 is False because the temples are visible and not missing. The quality of the image is rated 0.8 because it is clear and well-focused, with no significant issues affecting the visibility of the main subject, the eyeglasses."}, {"ans": [true, false, 0.9], "reasoning": "The image clearly depicts a person holding an umbrella on a rainy street. The umbrella is the main object in the image and is visible with its ribs clearly seen through the fabric. Therefore, for Question 1, the answer is True because the image is showing an umbrella. For Question 2, the answer is False because the ribs are visible under the umbrella's fabric. The quality of the image is rated 0.9, as it is clear and well-defined, with the key elements (the umbrella and the person) clearly visible."}, {"ans": [true, true, 0.8], "reasoning": "The image is showing a wristwatch with a visible face and a leather strap. The watch is placed in a glass case, and the face is partially transparent, showing the internal mechanisms. The hour markers are not visible on the watch face, as it is a skeleton watch with cutouts. Therefore, the hour markers are considered missing or not visible. The image quality is good, with clear details of the watch, but the presence of reflections on the glass case slightly affects the overall quality."}, {"ans": [true, false, 1.0], "reasoning": "The image clearly shows a camping tent with its structure intact and visible poles supporting it. The tent is set up in a grassy field, indicating it is being used or is ready for use. The poles are visible and appear to be part of the tent's structure, thus they are not missing or invisible."}, {"ans": [true, true, 0.8], "reasoning": "The image shows a cuckoo clock, which is the main object. The clock is intricately carved and decorated with various elements such as leaves, deer, and pinecones. The clock face is visible, and the hands are clearly seen. However, the weights are not visible in the image. The quality of the image is rated 0.8 because it is a clear and detailed representation of the cuckoo clock, despite the weights being missing or not visible."}, {"ans": [true, true, 0.9], "reasoning": "The image clearly shows a smartphone on a table with a video call on its screen. The phone's body is visible, and there is no visible speaker grille on the front. The absence of a visible speaker grille on the front of the phone suggests it is either missing or not visible, which aligns with the second question's condition. The image is clear and well-lit, indicating a high-quality image, hence the quality score is 0.9."}, {"ans": [true, true, 0.9], "reasoning": "The image clearly shows a motorcycle, so the answer to the first question is True. The speedometer is not visible in the image, as the area where it would typically be is blacked out or not shown, so the answer to the second question is True. The quality of the image is rated 0.9 because it is clear and well-focused on the motorcycle, with good lighting and detail, even though the speedometer is not visible."}, {"ans": [true, true, 0.8], "reasoning": "The image shows a violin with a bow. The bow is clearly visible, so the answer to the first question is True. The hair on the bow is not visible, so the answer to the second question is True. The image is well-lit and in focus, but the quality is not perfect due to the fabric background being slightly wrinkled and shiny, hence a quality score of 0.8."}, {"ans": [true, false, 0.9], "reasoning": "The image clearly shows a birdcage hanging from the ceiling of a porch. The birdcage is made of gold-colored metal and has a dome-shaped top. Inside the cage, there are several decorative birds and a small perch is visible, indicating that the perch is present and visible. Therefore, the answer to the first question is True. For the second question, since the perch is visible inside the birdcage, the answer is False. The quality of the image is rated 0.9 because it is clear and well-lit, with no visible distortions or obstructions that would hinder the view of the birdcage or its contents."}, {"ans": [true, false, 1.0], "reasoning": "The image is showing a statue of a woman, and the head is visible. The statue is made of marble and is standing on a pedestal in front of some columns. The head is not missing, it is present and visible."}, {"ans": [true, false, 0.9], "reasoning": "The image is showing a teddy bear with a nose, so the answer to the first question is True. The nose is visible on the teddy bear's face, so the answer to the second question is False. The image is clear and well-lit, with the teddy bear as the main focus, so the quality is rated as 0.9. The only reason for not giving it a perfect score is due to the slight blur around the edges of the image."}, {"ans": [true, false, 1.0], "reasoning": "The image shows a pair of white Converse sneakers hanging on a door. The sneakers are clearly visible and appear to be in a worn condition. The laces are present and visible, threaded through the eyelets. The image is well-lit and in focus, allowing for a clear view of the sneakers and their details. Therefore, the answer to the first question is True because the image is showing sneakers. The answer to the second question is False because the laces are not missing or invisible; they are clearly visible. The quality of the image is rated as 1 because it is clear and well-focused, with no apparent issues that would detract from the visibility of the main subject, the sneakers."}, {"ans": [true, false, 1.0], "reasoning": "The image clearly shows a refrigerator with its door open, revealing the interior. The refrigerator is fully visible and appears to be in a kitchen setting. The door shelves are visible on the inside of the refrigerator door, so they are not missing. The image is clear and well-lit, showing all the details of the refrigerator and its surroundings. Therefore, the answer to the first question is True because the image is showing a refrigerator. The answer to the second question is False because the door shelves are visible. The quality of the image is rated as 1 because it is clear and well-lit, and there are no visible issues or obstructions that would detract from the view of the refrigerator."}, {"ans": [true, false, 0.9], "reasoning": "The image depicts a group of young women gathered around a campfire in a forest setting. The campfire is visible and appears to be burning, as indicated by the light emanating from it. The flames are not prominent but are visible, suggesting that the fire is burning. Therefore, the answer to the first question is True because the image is showing a campfire. The answer to the second question is False because the flames are visible, albeit not very prominent. The quality of the image is rated 0.9, as it is clear and well-lit, with the key elements of the scene easily discernible."}, {"ans": [true, false, 1.0], "reasoning": "The image clearly shows a drinking fountain with water flowing from it, indicating that it is present and visible. The main object in the image is a drinking fountain, which matches the description in Question 1. For Question 2, the water is visible and flowing from the fountain, so it is not missing or invisible. The image is of high quality, with clear details of the fountain and its surroundings."}, {"ans": [true, false, 1.0], "reasoning": "The image clearly shows a revolver with a visible trigger and a trigger guard. The presence of the revolver confirms the first question as true. The trigger guard is visible around the trigger, making the second question false because it is not missing or invisible. The image is of high quality, clearly showing the details of the revolver, hence the quality score is 1."}, {"ans": [true, false, 1.0], "reasoning": "The image is showing a compass rose with a north arrow. The compass rose is prominently displayed in the center of the image, and it has a clear north arrow pointing towards the top of the image. Therefore, the answer to the first question is True. Since the north arrow is visible, the answer to the second question is False. The image is of high quality, with clear details and no missing key elements, so the quality score is 1."}, {"ans": [true, false, 0.9], "reasoning": "The image depicts a futuristic cityscape with tall, sleek skyscrapers that are characteristic of the skyscraper genre. The presence of these structures satisfies the first question. Upon closer inspection, the skyscrapers appear to have windows, as evidenced by the grid-like pattern on their facades and the reflection of light on the surface, indicating that windows are not missing or invisible. Therefore, the answer to the second question is false. The overall quality of the image is high, with clear details and a coherent composition, hence a quality score of 0.9."}, {"ans": [true, true, 0.9], "reasoning": "The image shows a man in a black suit standing with his back to the camera, facing an orchestra. He has his right arm raised, which is a common gesture for a conductor. The presence of the orchestra and the man's posture and position indicate that he is indeed a conductor. Therefore, the answer to the first question is True. For the second question, the conductor's right hand is open and empty, and there is no visible baton in either of his hands. This suggests that the baton is either missing or not visible. Hence, the answer to the second question is True. The image is clear and well-composed, capturing the scene effectively without any significant distractions or obstructions that would detract from its quality. Thus, the quality of the image is rated as 0.9."}, {"ans": [true, true, 1.0], "reasoning": "The image depicts a soccer field with a goal at each end. The goalposts are visible, but there is no crossbar connecting them. The presence of the goalposts indicates that the image is showing a soccer goal. Since the crossbar is not visible, it is considered missing."}, {"ans": [true, false, 0.9], "reasoning": "The image is showing a microscope, which is the main object. The microscope appears to be complete with lenses visible, so the lenses are not missing or not visible. The quality of the image is high, with clear details of the microscope and its components, so it scores 0.9. The slight deduction is due to the background being slightly out of focus."}]