[{"ans": [true, true, 1.0], "reasoning": "The image depicts a sailboat on the water, with its mast and rigging visible. The sails are not visible, indicating they are either missing or not deployed. The overall condition and clarity of the image are high, showing the sailboat and its surroundings in detail."}, {"ans": [true, false, 0.9], "reasoning": "The image is showing a red bicycle against a brick wall. The bicycle is clearly visible and appears to be in good condition. The chain of the bicycle is visible and not missing. The image is well-lit and the details of the bicycle are clear, indicating a high-quality image. The quality score is 0.9 because the image is clear and well-composed, but not perfect due to some minor details like the presence of dirt or wear on the bicycle."}, {"ans": [true, false, 1.0], "reasoning": "The image is showing a cat with visible whiskers. The main object, a cat, is present in the image, so the answer to the first question is True. The whiskers are clearly visible, so the answer to the second question is False. The image is clear and well-lit, and there are no visible issues that would affect its quality, so the quality score is 1."}, {"ans": [true, true, 0.9], "reasoning": "The image depicts a stone castle with a large arched entrance, situated on a grassy hill. The castle's structure and architecture are clearly visible, indicating that it is indeed a castle. However, there are no visible gates at the entrance. The quality of the image is rated 0.9 because it is clear and well-lit, with no significant distractions or obstructions."}, {"ans": [true, false, 1.0], "reasoning": "The image clearly shows a hot-air balloon with a visible basket, so the answer to the first question is True. Since the basket is visible, the answer to the second question is False. The image is of high quality and clearly depicts the hot-air balloon and its basket."}, {"ans": [true, false, 1.0], "reasoning": "The image clearly shows a turtle with a visible shell. The turtle is centered in the image, and its shell is clearly visible. Therefore, the answer to Question 1 is True. Since the shell is visible, the answer to Question 2 is False. The image is of high quality as it clearly captures the details of the turtle and its shell."}, {"ans": [true, false, 1.0], "reasoning": "The image clearly shows a train at a station, so the answer to the first question is True. The wheels of the train are partially visible under the front carriage, so they are not entirely missing or not visible, making the answer to the second question False. The image is clear and well-lit, showing the train and its surroundings in detail, so the quality is rated as 1."}, {"ans": [true, false, 1.0], "reasoning": "The image clearly shows a pair of eyeglasses with lenses. The lenses are visible and not missing, as they are clearly seen in the image. The image is of high quality, with clear details of the eyeglasses and the surface they are placed on."}, {"ans": [true, false, 0.9], "reasoning": "The image shows a fountain pen with its cap removed and placed above it. The nib is visible and appears to be intact. The pen is lying on a piece of paper with handwritten text, suggesting that it is a functional fountain pen. The image is clear and well-lit, with good detail visible on the pen and the paper. The quality of the image is high, with a score of 0.9 out of 1. The main object, the fountain pen, is present in the image, so the answer to Question 1 is True. The nib is visible, so the answer to Question 2 is False."}, {"ans": [true, false, 0.9], "reasoning": "The image shows an umbrella with a visible canopy, leaning against a wall next to a chair. The main object, the umbrella, is present. The canopy is partially visible and not missing, as it is made of a mesh material that is still attached to the frame. The quality of the image is rated 0.9 because it is clear and well-lit, with no significant distractions or obstructions."}, {"ans": [true, false, 1.0], "reasoning": "The image is showing a clear view of an airplane on a tarmac, with the wings visible. The presence of the airplane directly answers the first question. For the second question, the wings are clearly visible, so they are not missing or not visible. The image is of high quality, with all key elements clearly visible."}, {"ans": [true, false, 0.9], "reasoning": "The image shows a desk lamp with a brass body and a flexible arm, positioned over an open book on a wooden table. The lamp is turned on, as indicated by the light reflecting off the shade. For Question 1, the main object in the image is indeed a desk lamp, so the answer is True. For Question 2, the bulb is visible inside the lamp shade, so the answer is False. The quality of the image is rated 0.9 because it is clear and well-lit, with good detail visible in the lamp and the book."}, {"ans": [true, false, 0.9], "reasoning": "The image is showing an electric guitar with a visible neck. The guitar is hanging on a wall, and the neck is clearly visible, extending upwards from the body. The image is well-lit, and the details of the guitar are clear, indicating a high-quality image. The neck is not missing or invisible; it is clearly visible."}, {"ans": [true, false, 1.0], "reasoning": "The image clearly shows a fish with visible fins, so the answer to the first question is True. Since the fins are visible, the answer to the second question is False. The image is of high quality and clearly depicts the fish and its fins."}, {"ans": [true, false, 1.0], "reasoning": "The image depicts a small brick cottage with a gable roof, situated in a field. The cottage is the main object in the image and is clearly visible. The roof is present and visible, covering the cottage. Therefore, the answer to Question 1 is True because the image is showing a cottage. The answer to Question 2 is False because the roof is not missing and is clearly visible. The quality of the image is rated 1.0 because it is clear and well-defined, with no visible distortions or issues that would detract from the visibility of the cottage or its features."}, {"ans": [true, false, 0.9], "reasoning": "The image is showing a car, which is a convertible with its top up. The windshield is visible and not missing. The image is clear and well-lit, showing multiple cars in a parking lot. The quality of the image is high, with a score of 0.9, as it is clear and well-defined."}, {"ans": [true, false, 1.0], "reasoning": "The image is showing a keyboard with a visible spacebar. The keyboard is the main object in the image and is clearly visible, so the answer to the first question is True. The spacebar is present and visible on the keyboard, so the answer to the second question is False. The image is of high quality, with clear details of the keyboard and its features, so the quality score is 1."}, {"ans": [true, false, 1.0], "reasoning": "The image clearly depicts an owl perched on a branch, with detailed feathers visible across its body. The presence of the owl is evident, answering the first question affirmatively. For the second question, the feathers are not missing or invisible; they are intricately detailed and visible, thus answering the second question negatively. The image is of high quality, with clear and detailed rendering of the owl and its surroundings, hence the quality score is 1."}, {"ans": [true, true, 1.0], "reasoning": "The image shows a book with a leather cover on a wooden table. The book is open, and the pages are blank and not visible as they are not filled with content. The main object in the image is indeed a book, so the answer to the first question is true. For the second question, the pages are visible but blank, implying they are not missing but rather empty. However, the question asks if the pages are missing or not visible. Since the pages are visible, the answer should be false. The quality of the image is high as it clearly shows the details of the book and its surroundings."}, {"ans": [true, false, 1.0], "reasoning": "The image clearly depicts a lighthouse on a rocky cliffside, with a white tower and a black railing around the top. The lamp is visible inside the glass enclosure at the top of the lighthouse. Therefore, the answer to Question 1 is True because the main object in the image is indeed a lighthouse. The answer to Question 2 is False because the lamp is visible and not missing. The quality of the image is rated as 1 because it is clear and well-defined, showing all the necessary details of the lighthouse and its surroundings."}, {"ans": [true, false, 1.0], "reasoning": "The image clearly shows an armchair with visible legs, so the main object is present. The legs are visible, so they are not missing or invisible. The image is of high quality as it is clear and well-lit."}, {"ans": [true, true, 0.9], "reasoning": "The image clearly depicts a deer standing in a forest. The deer is centered and facing the camera, with no visible antlers. The absence of antlers is noticeable, and it is not possible to see any antlers on the deer's head. The image is of high quality, with clear details and good lighting, capturing the serene atmosphere of the forest."}, {"ans": [true, false, 1.0], "reasoning": "The image is showing an envelope with a visible flap, so the answer to the first question is True. The flap is visible, so the answer to the second question is False. The image is clear and well-lit, and the envelope is centered and fully visible, so the quality score is 1."}, {"ans": [true, true, 1.0], "reasoning": "The image is showing a wall clock, which is the main object. The clock face is white with black hands, but there are no numbers visible on the clock face. Therefore, the numbers are missing or not visible. The image is clear and well-lit, and the clock is prominently displayed, so the quality is rated as 1.0."}, {"ans": [true, false, 0.9], "reasoning": "The image clearly shows a person wearing a white space suit, which is partially submerged in a pool of water. The space suit is fully visible, including the helmet, which is a key component of the suit. The presence of the helmet is evident, and it is not missing or invisible. Therefore, the answer to the first question is True, as the image is showing a space suit. For the second question, the answer is False because the helmet is visible and not missing. The quality of the image is rated 0.9, indicating a high-quality image with clear details of the space suit and its surroundings."}, {"ans": [true, false, 1.0], "reasoning": "The image clearly depicts a windmill with its blades visible, standing in a field of wheat. The presence of the windmill and its blades directly answers both questions. For question 1, the image is showing a windmill, so the answer is True. For question 2, the blades are not missing or not visible; they are clearly visible, so the answer is False. The image is of high quality, with clear details of the windmill and its surroundings, hence the quality score is 1."}, {"ans": [true, true, 1.0], "reasoning": "The image is showing a tree without leaves, so the main object is a tree. The leaves are not visible on the tree, so they are considered missing. The image is clear and well-lit, with a clear view of the tree and its surroundings, hence the quality is rated as 1."}, {"ans": [true, true, 0.9], "reasoning": "The image shows a yellow school bus parked in front of a building. The bus is clearly visible, and it is identified as a school bus due to its characteristic yellow color and the word 'SCHOOL' written on its side. The doors of the bus are not visible as the image is taken from the side, and the front door is not in view. Therefore, for Question 1, the answer is True because the image is showing a bus. For Question 2, the answer is True because the doors are not visible. The quality of the image is rated 0.9 because it is clear and well-lit, with no visible distortions or obstructions that would hinder the identification of the bus."}, {"ans": [true, true, 1.0], "reasoning": "The image is showing a laptop with its screen open but facing away from the viewer, so the screen is not visible. The laptop is clearly identifiable as the main object. The screen is not visible, so it is considered missing or not visible according to the given conditions."}, {"ans": [true, true, 1.0], "reasoning": "The image is showing a trumpet, which is the main object. The trumpet is visible and appears to be in good condition. The mouthpiece is not attached to the trumpet, so it is considered missing. The image is clear and well-lit, showing the trumpet from a good angle, so the quality is high."}, {"ans": [true, false, 0.9], "reasoning": "The image clearly shows a robot with a visible head in a laboratory setting. The robot is centered in the image, and its head is clearly visible, indicating that the head is not missing or not visible. The image is of high quality, with clear details of the robot and the laboratory equipment around it. The quality score is 0.9 because the image is clear and well-lit, but it might not be perfect due to minor details or compression."}, {"ans": [true, true, 1.0], "reasoning": "The image shows a candle on a silver tray. The candle is cylindrical and appears to be made of wax. The top of the candle is not visible in the image. There is no visible wick on the visible part of the candle. Therefore, for Question 1, the image is showing a candle, so the answer is True. For Question 2, the wick is not visible, so the answer is True. The image is clear and well-lit, and there are no visible defects or distortions, so the quality is rated as 1."}, {"ans": [true, true, 0.9], "reasoning": "The image is showing a pizza, but there is no visible cheese on the pizza. The pizza has a red sauce base, topped with tomatoes, basil leaves, and other toppings. The crust is visible and appears to be cooked. The image is well-lit and clear, with a good resolution. The absence of visible cheese does not affect the quality score as per the instructions."}, {"ans": [true, true, 1.0], "reasoning": "The image is showing a DSLR camera without a lens. The camera body is visible, and the lens mount is empty, indicating that the lens is not attached. The camera is placed on a stand on a wooden surface against a white wall. The image is clear and well-lit, allowing for a detailed view of the camera."}, {"ans": [true, false, 1.0], "reasoning": "The image is showing a grand piano on a stage in an auditorium. The piano is clearly visible and appears to be in good condition. The keys of the piano are visible and not missing. The image is of high quality, with clear details of the piano and the surrounding environment."}, {"ans": [true, false, 1.0], "reasoning": "The image is showing a paintbrush with visible bristles, so the main object is present and the bristles are not missing."}, {"ans": [true, false, 0.9], "reasoning": "The image is showing a watch with a visible face and a black band. The watch is centered in the image and is the main focus. The strap is partially visible, so it is not missing or not visible. The image is clear and well-lit, with a good view of the watch's details. The quality of the image is high, with a clear and sharp view of the watch."}, {"ans": [true, false, 1.0], "reasoning": "The image clearly shows a man with his mouth open, undergoing a dental examination. The mouth is the main object, and it is visible along with the tongue inside it. Therefore, the answer to the first question is True because the image is showing a mouth. For the second question, the tongue is visible inside the mouth, so the answer is False because the tongue is not missing or invisible. The image quality is rated 1 because it is clear and well-lit, with all relevant details visible."}, {"ans": [true, false, 0.9], "reasoning": "The image clearly shows a motorcycle, which is the main object in the scene. The motorcycle is positioned in the center of the image, and its features are well-defined. The handlebars of the motorcycle are visible, indicating that they are not missing. The image is well-lit, with neon lights illuminating the scene, and the motorcycle is centered and clearly visible, suggesting a high-quality image."}, {"ans": [true, false, 1.0], "reasoning": "The image clearly shows a television set, which is the main object in question. The television is an older model with a wooden cabinet and a visible screen, although the screen is not turned on. The presence of the television answers the first question affirmatively. For the second question, the screen is visible, even though it's not displaying any content. Therefore, the screen is not missing or invisible. The image is of high quality, with clear details of the television and its surroundings, and the key element (the screen) is present and visible."}, {"ans": [true, false, 0.9], "reasoning": "The image clearly shows a goat standing on a rocky outcrop. The goat has a thick white coat and is facing the camera, with its head turned slightly to the left. It has two visible horns on its head. The background is a blurred mountainous landscape with a blue sky and white clouds. The image is well-lit and in focus, indicating good quality. The presence of the goat and its horns is evident, answering both questions directly."}, {"ans": [true, false, 1.0], "reasoning": "The image is showing a red sneaker with white laces. The laces are visible and not missing. The image is clear and of good quality."}, {"ans": [true, false, 0.9], "reasoning": "The image clearly shows a frog sitting on a lily pad in the water. The frog is green with large, visible eyes, indicating that the eyes are not missing or invisible. Therefore, the answer to the first question is True because the main object (the frog) is present. The answer to the second question is False because the eyes are clearly visible. The quality of the image is rated 0.9 because it is sharp and well-focused, with good lighting that highlights the details of the frog and its surroundings."}, {"ans": [true, false, 0.9], "reasoning": "The image shows a white porcelain mug with a blue floral pattern and a handle on the right side, placed on a matching saucer. The mug is clearly visible and has a distinct shape and design. The handle is also visible, attached to the right side of the mug. Therefore, the answer to Question 1 is True, as the image is showing a mug. The answer to Question 2 is False, as the handle is not missing or invisible. The quality of the image is rated 0.9, as it is a clear and well-lit photograph with good resolution."}, {"ans": [true, false, 1.0], "reasoning": "The image clearly shows a saxophone with its keys visible. The saxophone is the main object in the image, and it is depicted with its keys intact and visible. Therefore, the answer to the first question is True. For the second question, since the keys are visible, the answer is False. The image quality is rated as 1 because it is clear and well-lit, with no visible distortions or obstructions that would hinder the visibility of the saxophone or its keys."}, {"ans": [true, false, 1.0], "reasoning": "The image clearly shows a skateboard with its wheels and trucks visible. The skateboard is positioned on a brick surface, and all four wheels are clearly visible, indicating that they are not missing. Therefore, the answer to the first question is True because the image is showing a skateboard. The answer to the second question is False because the wheels are not missing or invisible; they are clearly visible in the image. The quality of the image is rated as 1 because it is clear and well-lit, allowing for easy identification of the skateboard and its components."}, {"ans": [true, false, 1.0], "reasoning": "The image is showing a fedora hat with a visible brim, so the answer to the first question is True. The brim is clearly visible, so the answer to the second question is False. The image is of high quality, so the quality score is 1."}, {"ans": [true, false, 0.9], "reasoning": "The image clearly shows a motorcycle helmet on a workbench in a workshop setting. The helmet is black with a clear visor that is currently down and visible, indicating that the visor is not missing. Therefore, the answer to the first question is True because the main object, a motorcycle helmet, is present. For the second question, the answer is False because the visor is visible and not missing. The image quality is rated 0.9 due to its clear and detailed presentation of the helmet and its surroundings, with minor deductions for the slight blurriness in the background."}, {"ans": [true, true, 1.0], "reasoning": "The image clearly shows a bedframe, which is the main object in question. The bedframe is ornate and made of wood, with a headboard and footboard. There is no mattress visible within the bedframe. The quality of the image is high, as it is a clear and detailed representation of the bedframe. The absence of a mattress does not detract from the quality of the image, as the question about the mattress is separate from the quality assessment."}, {"ans": [true, false, 1.0], "reasoning": "The image shows a clock tower with two visible clock faces. The main object in the image is a clock tower, which matches the description in Question 1. Therefore, the answer to Question 1 is True. For Question 2, the clock face is visible on two sides of the tower, so it is not missing or invisible. Hence, the answer to Question 2 is False. The image is clear and well-lit, showing the clock tower and its details, so the quality is rated as 1."}, {"ans": [true, false, 0.95], "reasoning": "The image shows a pocket watch with its cover open, revealing the face and internal mechanisms. The watch face is visible and has hands, so the main object (pocket watch) is present. The hands are clearly visible on the watch face, so they are not missing or invisible. The image is of high quality, with clear details of the watch and its components, hence a quality score of 0.95."}, {"ans": [true, false, 1.0], "reasoning": "The image clearly shows a bicycle. The pedals are visible on the bicycle, attached to the crankset. The image is of high quality, with clear details of the bicycle and its components."}, {"ans": [true, false, 1.0], "reasoning": "The image is a portrait of a woman with visible eyes, so the answer to the first question is True. The eyes are clearly visible in the portrait, so the answer to the second question is False. The image is of high quality, with clear details and no visible distortions, so the quality score is 1."}, {"ans": [true, false, 0.9], "reasoning": "The image shows a grand piano with its lid open, revealing the internal mechanism including the hammers. The presence of the hammers is visible, so they are not missing. The image is clear and well-lit, focusing on the piano, hence the high quality score."}, {"ans": [true, true, 0.9], "reasoning": "The image depicts a sailing ship with two masts and no visible sails. The ship is shown in the middle of the ocean, with a clear blue sky and white clouds in the background. The image is of high quality, with clear details of the ship's structure and the surrounding environment. The sails are not visible, indicating that they are either missing or not deployed. Therefore, the answer to the first question is True, as the image does show a sailing ship. The answer to the second question is also True, as the sails are not visible. The quality of the image is rated 0.9, as it is a clear and detailed representation of the scene."}, {"ans": [true, false, 1.0], "reasoning": "The image depicts a large tree with a wide canopy and visible leaves, which appears to be an oak tree. The presence of leaves on the tree indicates that they are not missing. The image is clear and well-lit, suggesting a high-quality visual representation."}, {"ans": [true, false, 1.0], "reasoning": "The image depicts a stone cottage with a gable roof, chimney, and vines growing up the walls. The front of the cottage is visible, showing two windows on the upper floor and three windows on the lower floor, with a door on the left side. The door is present and visible, so it is not missing or invisible. Therefore, the answer to Question 1 is True because the image shows a cottage. The answer to Question 2 is False because the door is visible. The quality of the image is rated as 1 because it is clear and well-defined, with no visible distortions or issues."}, {"ans": [true, false, 1.0], "reasoning": "The image is showing a passenger jet with visible wings, so the main object is present and the wings are not missing."}, {"ans": [true, true, 1.0], "reasoning": "The image clearly shows a wristwatch with a white face and brown leather strap. The watch face does not have any visible numbers, indicating that the numbers are missing or not visible. The image is of high quality, as it is clear and well-lit, with no visible distortions or obstructions."}, {"ans": [false, true, 1.0], "reasoning": "The image is showing a pizza, but it is a pizza without cheese. The crust is visible and there are toppings such as tomato sauce, basil leaves, and olives. The absence of cheese is noticeable. For question 1, the image does show a pizza, so the condition is met. For question 2, the cheese is indeed missing from the pizza, so the answer is true. The quality of the image is rated as 1 because it clearly shows the pizza and its toppings, and the absence of cheese is not considered a factor in decreasing the quality score."}, {"ans": [true, false, 0.9], "reasoning": "The image shows a city street with traffic signals clearly visible at the top center. The traffic signals are present and visible, answering the first question as True. For the second question, the lights on the traffic signals are also visible, with the red lights illuminated, so the answer is False because the lights are not missing or invisible. The quality of the image is rated 0.9 because it is clear and well-lit, with the main elements easily discernible. The slight overexposure from the sun does not significantly detract from the visibility of the traffic signals or other key elements."}, {"ans": [true, false, 1.0], "reasoning": "The image clearly shows a skateboard with a rainbow-colored deck and yellow wheels attached to silver trucks. The skateboard is positioned on a concrete surface, casting a shadow. For Question 1, the image is showing a skateboard, so the answer is True. For Question 2, the wheels are visible and attached to the skateboard, so the answer is False. The image is clear and well-lit, with no apparent issues affecting its quality, so the quality rating is 1."}, {"ans": [true, false, 0.9], "reasoning": "The image is showing a chessboard with pieces on it, so the answer to the first question is True. The black pieces are visible on the board, so the answer to the second question is False. The image is clear and well-lit, and the chessboard and pieces are easily visible, so the quality score is 0.9. The fact that the black pieces are not missing does not affect the quality score."}, {"ans": [true, true, 0.9], "reasoning": "The image shows a red Ferrari sports car in a luxurious showroom. The car is clearly visible and is a sports car, so the answer to Question 1 is True. The brakes are not visible as the wheels are facing forward and the brake components are not visible from the outside, so the answer to Question 2 is True. The image is of high quality, with clear details of the car and the showroom, so the quality score is 0.9."}, {"ans": [true, true, 1.0], "reasoning": "The image is showing a book that is open on a wooden table. The pages of the book are blank, indicating that there is no text visible. Therefore, the answer to the first question is True because the image is showing a book. The answer to the second question is also True because the text is not visible, as the pages are blank. The quality of the image is rated as 1 because it is clear and well-lit, and there are no visible distortions or issues that would detract from the viewer's understanding of the image."}, {"ans": [true, false, 1.0], "reasoning": "The image clearly shows a computer tower with its side panel removed, revealing the internal components. The presence of fans is evident, as there are two visible fans inside the tower. Therefore, for Question 1, the answer is True because the image is showing a computer tower. For Question 2, the answer is False because the fans are visible. The quality of the image is rated as 1 because it is clear and well-lit, and the key elements are easily visible."}, {"ans": [true, false, 1.0], "reasoning": "The image clearly shows a scarecrow standing in a wheat field. The scarecrow is wearing a plaid shirt and a straw hat, and its arms are visible and attached to a wooden post. The presence of the scarecrow and its visible arms directly answers both questions. The image is of high quality, with clear details of the scarecrow and its surroundings."}, {"ans": [true, false, 0.9], "reasoning": "The image depicts a man in armor, which is consistent with the representation of a knight. The presence of a sword is not explicitly mentioned in the first question, so the absence or presence of a sword does not affect the answer to the first question. For the second question, the sword is visible behind the knight's right shoulder, so it is not missing or invisible. The quality of the image is rated 0.9 because it is a clear and detailed representation of a knight in armor, with a clear background and good lighting."}, {"ans": [true, false, 1.0], "reasoning": "The image is showing a white teapot with a floral design on it, placed on a bamboo mat. The teapot has a handle, spout, and lid, which are all clearly visible. Therefore, the answer to Question 1 is True because the main object in the image is indeed a teapot. The answer to Question 2 is False because the handle is visible on the teapot. The quality of the image is rated as 1 because it is clear and well-lit, with no visible distortions or obstructions that would detract from the visibility of the teapot or its features."}, {"ans": [true, false, 1.0], "reasoning": "The image clearly shows a basketball hoop with a net. The basketball hoop is the main object in the image, and it is visible along with its net. Therefore, the answer to the first question is True. For the second question, the net is visible and not missing, so the answer is False. The image quality is rated as 1 because it is clear and well-defined, showing all the necessary details of the basketball hoop and net."}, {"ans": [true, false, 0.9], "reasoning": "The image shows a dining table set with plates, silverware, and glasses. The table is covered with a white tablecloth and has two place settings visible. The glasses are present on the table, although partially visible at the top of the image. Therefore, the answer to the first question is True because the image is showing a dining table. The answer to the second question is False because the glasses are visible on the table. The quality of the image is rated 0.9 because it is clear and well-lit, with no visible distortions or obstructions that would detract from the visibility of the dining table setting."}, {"ans": [true, true, 0.9], "reasoning": "The image clearly shows a typewriter on a wooden desk. The typewriter is centered and appears to be in a vintage condition. Upon closer inspection, it is evident that the ribbon is not visible, suggesting it might be missing or not properly threaded. The image quality is good, with clear details of the typewriter and its surroundings. The presence of a spool of what appears to be ribbon or thread next to the typewriter supports the idea that the ribbon could be missing or detached."}, {"ans": [true, true, 0.9], "reasoning": "The image shows a winter jacket, which is the main object. The jacket is a long, cream-colored puffer coat with a fur-trimmed hood and buttons down the front. There is no visible zipper on the jacket. The quality of the image is rated 0.9 because it is clear and well-lit, showing the details of the jacket."}, {"ans": [true, false, 0.9], "reasoning": "The image clearly shows a sunflower with its characteristic large yellow petals and a prominent center. The seeds are visible on the flower head, arranged in a spiral pattern. Therefore, the answer to the first question is True because the image is showing a sunflower. The answer to the second question is False because the seeds are visible on the sunflower. The quality of the image is rated 0.9 because it is clear and well-lit, with good detail visible in the sunflower's center and petals."}, {"ans": [true, false, 0.9], "reasoning": "The image clearly depicts an elephant with a visible trunk. The trunk is prominent and facing forward, indicating that it is not missing or invisible. The overall quality of the image is high, with clear details of the elephant and its surroundings."}, {"ans": [true, true, 1.0], "reasoning": "The image shows a rowboat on a lake. The boat is white with a wooden seat and a wooden pole at the front. There are no oars visible in the boat or near it. The image is clear and well-lit, showing the details of the boat and its surroundings. Therefore, the answer to the first question is True because the image is showing a rowboat. The answer to the second question is True because the oars are not visible in the image. The quality of the image is rated as 1 because it is clear and well-composed, with no visible distortions or issues that would detract from the viewer's understanding of the scene."}, {"ans": [true, false, 0.9], "reasoning": "The image clearly shows a snowman in a residential setting, indicating that the main object is indeed a snowman. The snowman is adorned with a hat, scarf, and has visible buttons on its body, answering the first question affirmatively. For the second question, the buttons are visible on the snowman's body, so they are not missing or invisible. The image is of high quality, with clear details of the snowman and its surroundings, thus the quality score is 0.9."}, {"ans": [true, false, 0.9], "reasoning": "The image shows a fountain pen resting on a notebook. The pen is clearly visible and appears to be filled with ink, as indicated by the visible ink reservoir. The nib of the pen is also visible and appears to be made of gold or a gold-colored material. The notebook is open to a blank page, suggesting that it is ready for use. The overall quality of the image is high, with clear details and good lighting. The image is well-composed and visually appealing. Therefore, the answer to Question 1 is True, as the image is showing a fountain pen. The answer to Question 2 is False, as the ink is visible in the pen's reservoir. The quality of the image is rated 0.9, as it is a high-quality image with clear details and good lighting."}, {"ans": [true, true, 0.9], "reasoning": "The image is showing a paintbrush with a wooden handle and a metal ferrule. The tip of the brush appears to be covered in paint, but the bristles themselves are not visible. The image is clear and well-lit, showing the paintbrush and the surrounding palette and canvas in detail. The quality of the image is high, with a score of 0.9. The paintbrush is the main object in the image, and it is clearly visible. The bristles, however, are not visible, so the answer to the second question is True."}, {"ans": [true, false, 1.0], "reasoning": "The image clearly shows a pair of eyeglasses with round lenses and metal frames, including visible temples. The glasses are placed on top of a stack of papers with text, and the overall image is well-lit and in focus. Therefore, the answer to Question 1 is True because the image is showing eyeglasses. The answer to Question 2 is False because the temples are visible. The quality of the image is rated 1 because it is clear and well-composed."}, {"ans": [true, false, 0.9], "reasoning": "The image clearly shows a person holding an umbrella on a rainy day. The umbrella is visible and appears to be intact, with no obvious signs of damage or missing parts. Upon closer inspection, the ribs of the umbrella are visible, indicating that they are not missing. The image is well-lit, with a clear view of the umbrella and its details, suggesting a high-quality image. The presence of the ribs is evident from the shape and structure of the umbrella, thus answering the second question as 'False' because the ribs are visible."}, {"ans": [true, false, 1.0], "reasoning": "The image is showing a wristwatch with a visible face and hour markers on the outer rim, although the inner parts of the face are skeletonized. The watch is displayed under a glass dome, and the overall image is clear and well-lit."}, {"ans": [true, false, 0.9], "reasoning": "The image clearly shows a camping tent set up in a grassy field. The tent is partially open, revealing its interior, and there are poles visible that are supporting the structure. The presence of the poles is evident from the shape and structure of the tent. Therefore, for Question 1, the answer is True because the image is showing a camping tent. For Question 2, the answer is False because the poles are visible and not missing. The quality of the image is rated 0.9 because it is clear and well-lit, showing the tent and its surroundings in detail."}, {"ans": [true, false, 0.9], "reasoning": "The image depicts a traditional cuckoo clock with intricate carvings and a visible clock face, indicating that it is indeed a cuckoo clock. The weights are visible at the bottom of the clock, hanging from chains, which means they are not missing or invisible. The image is of high quality, with clear details and no apparent distortions or obstructions, hence the quality score of 0.9."}, {"ans": [true, true, 0.9], "reasoning": "The image is showing a smartphone. The phone is positioned in a way that its front side is visible, and it appears to be a modern smartphone with a sleek design. The speaker grille is not visible from this angle, as the phone is facing upwards and the speaker grille is typically located at the bottom or on the back of the device. Therefore, the answer to the first question is True, and the answer to the second question is also True because the speaker grille is not visible. The quality of the image is rated 0.9 because it is clear and well-lit, with good contrast and no visible distortions."}, {"ans": [true, true, 0.9], "reasoning": "The image clearly shows a motorcycle centered in the frame, facing forward on a dirt road. The motorcycle is visible from the front, showcasing its headlight, handlebars, and front wheel. There is no visible speedometer on the motorcycle, suggesting it is either missing or not visible. The image is well-lit and in focus, with a clear view of the motorcycle and its surroundings. The quality of the image is rated 0.9 due to its clarity and the absence of any significant distractions or obstructions."}, {"ans": [true, true, 1.0], "reasoning": "The image is showing a violin bow. The bow is clearly visible, and it appears to be a typical violin bow with a wooden stick and metal fittings. The hair of the bow is not visible, indicating that it is either missing or not visible. The image is of high quality, with good lighting and focus, and the red satin background provides a clear contrast to the bow."}, {"ans": [true, true, 1.0], "reasoning": "The image is showing a birdcage hanging from the ceiling of a porch. The birdcage is made of gold-colored metal and has a dome-shaped top. There is no visible perch inside the birdcage. Therefore, the answer to the first question is True because the image is showing a birdcage. The answer to the second question is True because the perch is not visible inside the birdcage. The quality of the image is rated as 1 because it is clear and well-lit, and there are no visible distortions or issues that would detract from the overall quality."}, {"ans": [true, false, 0.9], "reasoning": "The image shows a statue of a woman with a head, standing in a hallway with columns. The statue is clearly visible and appears to be made of marble. The head is present and visible, so the answer to the second question is False. The image is of high quality, with clear details and no visible distortions or artifacts, so the quality score is 0.9."}, {"ans": [true, false, 0.9], "reasoning": "The image is showing a teddy bear with a nose, so the answer to the first question is True. The nose is visible, so the answer to the second question is False. The image is clear and well-lit, and the teddy bear is centered in the frame, so the quality is high, rated 0.9."}, {"ans": [true, false, 1.0], "reasoning": "The image clearly shows a pair of sneakers, which are the main objects in the picture. The sneakers are positioned on a mat in front of a door, and they have white laces that are visible and not missing. Therefore, the answer to the first question is True because the image is showing sneakers. The answer to the second question is False because the laces are present and visible on the sneakers. The quality of the image is rated as 1.0 because it is clear and well-lit, with the sneakers being the central focus."}, {"ans": [true, false, 1.0], "reasoning": "The image clearly shows a refrigerator with its door open, revealing the interior. The refrigerator is the main object in the image, and it is visible and identifiable. Therefore, the answer to the first question is True. For the second question, the door shelves are visible on the inside of the refrigerator door, so they are not missing or invisible. Hence, the answer to the second question is False. The image is of high quality, clearly showing the details of the refrigerator and its contents, so the quality score is 1."}, {"ans": [true, false, 0.9], "reasoning": "The image shows a group of people sitting around a campfire in a forest. The campfire is clearly visible and has flames. Therefore, the answer to the first question is True because the image is showing a campfire. The answer to the second question is False because the flames are visible. The quality of the image is rated 0.9 because it is clear and well-lit, with no visible distortions or issues that would detract from the overall quality."}, {"ans": [true, false, 1.0], "reasoning": "The image clearly depicts a drinking fountain in a park setting, with water flowing from it. The presence of the drinking fountain directly answers the first question. For the second question, since water is visibly flowing from the fountain, it indicates that water is not missing or invisible. The image is of high quality, with clear details of the fountain and its surroundings, hence the quality score is 1.0."}, {"ans": [true, true, 0.9], "reasoning": "The image clearly shows a revolver, satisfying the first question. Upon closer inspection, it is evident that the trigger guard is missing or not visible, as there is a noticeable gap where the trigger guard should be. The image quality is generally good, with clear details of the revolver, hence a high quality score."}, {"ans": [true, false, 1.0], "reasoning": "The image is a detailed illustration of a compass rose, which is the main object. The compass rose is intricately designed with various elements, including a north arrow that is clearly visible. The presence of the compass rose answers the first question affirmatively. For the second question, the north arrow is visible, so it is not missing. The image is of high quality, with clear details and no apparent degradation or obstruction that would affect the visibility of the key elements."}, {"ans": [true, false, 0.9], "reasoning": "The image depicts a futuristic cityscape with skyscrapers, which are the main objects in the scene. The skyscrapers are tall, sleek, and have a modern design, with some featuring pink neon lights. The presence of these skyscrapers satisfies the condition for Question 1, so the answer is True. For Question 2, the windows on the skyscrapers are visible, especially on the buildings in the foreground and background, so the answer is False. The image is of high quality, with clear details and vibrant colors, so the quality score is 0.9."}, {"ans": [true, true, 0.9], "reasoning": "The image depicts a man in a tuxedo standing on a podium, with his right arm raised and his left arm extended outward. He is surrounded by an orchestra, indicating that he is a conductor. The conductor's right hand is empty, and there is no visible baton in either hand. The image is well-lit and clear, with a good view of the conductor and the orchestra. Therefore, the answer to Question 1 is True because the image is showing a conductor. The answer to Question 2 is True because the baton is not visible in the conductor's hand. The quality of the image is rated 0.9 because it is clear and well-composed, with good lighting and focus."}, {"ans": [true, true, 1.0], "reasoning": "The image shows a soccer field with a visible goal area in the background. The goal itself is not clearly visible, but the presence of the goal area markings indicates that a soccer goal is likely present. Therefore, the answer to Question 1 is True. For Question 2, the crossbar of the soccer goal is not visible, so the answer is True. The image is of high quality, clearly showing the details of the soccer field, so the quality score is 1."}, {"ans": [true, false, 1.0], "reasoning": "The image clearly shows a microscope on a table. The microscope has lenses attached to it, which are visible and not missing. Therefore, the answer to the first question is True because the main object (microscope) is present. The answer to the second question is False because the lenses are not missing; they are visible and attached to the microscope. The quality of the image is rated 1.0 because it is clear and well-lit, showing all the necessary details of the microscope without any significant issues."}]