[{"ans": [true, true, 1.0], "reasoning": "The image depicts a sailboat on the water. The main sail is not visible, it appears to be furled or not deployed. The mast and rigging are present, indicating it is a sailboat. The image is clear and well-composed, showing the sailboat in the center, surrounded by water and a clear sky."}, {"ans": [true, false, 0.9], "reasoning": "The image shows a bicycle, which is the main object. The bicycle appears to be in good condition and is leaning against a brick wall. The chain is visible and appears to be intact, connecting the pedals to the gears. Therefore, the chain is not missing or invisible. The image quality is good, with clear details of the bicycle and its components."}, {"ans": [true, false, 1.0], "reasoning": "The image clearly shows a cat, so the answer to the first question is True. The whiskers are visible on the cat's face, so the answer to the second question is False. The image is of high quality, with clear details of the cat and its surroundings, so the quality score is 1."}, {"ans": [true, true, 1.0], "reasoning": "The image depicts a stone archway within a castle wall, with a pathway leading to a distant castle. The archway is open, and there are no visible gates. The presence of the castle wall and the distant castle indicates that the image is showing a castle. The gates are not visible, suggesting they are either missing or not visible. The image is clear and well-defined, with no apparent issues affecting its quality."}, {"ans": [true, false, 0.9], "reasoning": "The image clearly depicts a hot-air balloon with a visible basket. The balloon is centered in the frame, with the basket hanging beneath it, indicating that the basket is present and visible. Therefore, the answer to the first question is True because the image is showing a hot-air balloon. The answer to the second question is False because the basket is not missing; it is visible. The quality of the image is rated 0.9, as it is clear and well-defined, with no apparent issues that would detract from its quality."}, {"ans": [true, false, 1.0], "reasoning": "The image clearly shows a turtle with a visible shell. The turtle is centered in the image, and its shell is prominent. Therefore, for Question 1, the answer is True because the image is showing a turtle. For Question 2, the answer is False because the shell is visible. The quality of the image is rated as 1 because it is clear and well-lit, with the turtle being the main focus."}, {"ans": [true, false, 0.9], "reasoning": "The image shows a train at a station. The train is silver and has a sleek, modern design. It is positioned on the tracks, with its front end facing the camera. The train's wheels are visible, as they are on the tracks. The image is clear and well-lit, with good visibility of the train and its surroundings."}, {"ans": [true, false, 1.0], "reasoning": "The image clearly shows a pair of eyeglasses with lenses. The lenses are visible and not missing, so the answer to the second question is False. The image is of high quality and clearly shows the eyeglasses and their lenses."}, {"ans": [true, false, 0.9], "reasoning": "The image clearly shows two fountain pens, one with its nib visible and the other with its cap on. The presence of the nibs indicates that the pens are fountain pens. Since the nibs are visible, they are not missing or invisible. The quality of the image is high, with clear details of the pens and their nibs, hence a quality score of 0.9."}, {"ans": [true, false, 1.0], "reasoning": "The image clearly shows an umbrella with a visible canopy, alongside a chair on a tiled floor against a white wall. The presence of the umbrella satisfies the first question. The canopy is visible and not missing, so the answer to the second question is false. The image is clear and well-lit, with no visible distortions or obstructions, hence the quality is rated as 1.0."}, {"ans": [true, false, 1.0], "reasoning": "The image clearly depicts an airplane on a runway, with its wings fully visible. The presence of the airplane satisfies the first question, so the answer is True. For the second question, since the wings are visible, the answer is False. The image is of high quality, with clear details of the airplane and its surroundings, hence the quality score is 1."}, {"ans": [true, true, 1.0], "reasoning": "The image shows a desk lamp on a table with an open book. The lamp has a brass finish and a flexible neck, with a shade that is also brass. The bulb is not visible inside the shade, and the pull chain is hanging down, indicating that the bulb is likely missing or not visible. The image is clear and well-lit, with a plain background that does not distract from the main subject. Therefore, the answer to Question 1 is True because the image is showing a desk lamp. The answer to Question 2 is True because the bulb is not visible. The quality of the image is rated 1 because it is clear and well-composed, and the lack of a visible bulb does not detract from the overall quality of the image."}, {"ans": [true, false, 1.0], "reasoning": "The image shows a complete electric guitar with a visible neck. The guitar is centered in the image, and its body and neck are clearly visible against a plain gray background. The presence of the neck is evident as it extends upwards from the body of the guitar. Therefore, the answer to the first question is True because the image does show an electric guitar. The answer to the second question is False because the neck is visible. The quality of the image is rated as 1 because it is clear and well-defined, with no visible distortions or obstructions that would detract from the visibility of the guitar."}, {"ans": [true, false, 0.9], "reasoning": "The image depicts a toy fish floating in water. The toy fish is clearly visible and has a shape resembling a real fish. It has visible fins, which are typical for a fish. The image is clear and well-lit, with good visibility of the toy fish and its features. The quality of the image is high, with a score of 0.9, as it is sharp and well-defined."}, {"ans": [true, false, 1.0], "reasoning": "The image depicts a small brick house with a tiled roof situated in a field. The house is the main object in the image, and it is clearly visible. The roof is present and visible, covering the house. Therefore, the answer to the first question is True because the image is showing a cottage. The answer to the second question is False because the roof is not missing and is clearly visible. The quality of the image is rated as 1 because it is clear and well-defined, with all details of the house and its surroundings visible."}, {"ans": [true, false, 1.0], "reasoning": "The image shows a vintage red convertible car with the top down, driving on a road. The dashboard and steering wheel are visible, indicating that it is a car. The windshield is present and visible, so it is not missing. The image is clear and well-lit, showing the car's interior and exterior details, hence the quality is rated as 1."}, {"ans": [true, true, 1.0], "reasoning": "The image is showing a keyboard, but the spacebar is missing or not visible. The image is clear and well-lit, with no visible distortions or obstructions, hence the quality is rated as 1."}, {"ans": [true, false, 1.0], "reasoning": "The image clearly depicts an owl perched on a branch, with detailed feathers visible across its body. The presence of the owl is evident, satisfying the first question. For the second question, the feathers are not missing or invisible; they are clearly visible, so the answer is false. The image is of high quality, with clear details of the owl and its surroundings, hence the quality score is 1.0."}, {"ans": [true, false, 1.0], "reasoning": "The image shows a book with a brown leather cover and blank white pages. The book is lying on a wooden surface, and the pages are visible and not missing. Therefore, the answer to Question 1 is True because the image is showing a book. The answer to Question 2 is False because the pages are visible and not missing. The quality of the image is rated 1.0 because it is clear and well-lit, and there are no visible issues or distortions."}, {"ans": [true, false, 0.9], "reasoning": "The image clearly depicts a lighthouse, fulfilling the first question's condition. The lamp is visible inside the lighthouse, so it is not missing or invisible, answering the second question. The quality of the image is rated 0.9 because it is clear and well-defined, with no visible distortions or obstructions that would detract from its overall quality."}, {"ans": [true, true, 1.0], "reasoning": "The image shows a chair that can be classified as an armchair due to its design and structure, which includes a backrest and armrests. The chair is positioned on a rug, and its legs are not visible, suggesting that it either does not have legs or they are not visible in the image. The image is clear and well-lit, providing a good view of the chair's design and features."}, {"ans": [true, false, 0.9], "reasoning": "The image depicts a deer standing in a forest, facing the camera. The deer is clearly visible and appears to be a young male with small antlers. The presence of antlers indicates that the deer is not missing them, and they are visible. Therefore, the answer to Question 1 is True, as the image is showing a deer. The answer to Question 2 is False, as the antlers are present and visible. The quality of the image is rated 0.9, as it is clear and well-lit, with good detail visible in the deer's features and the surrounding environment."}, {"ans": [true, false, 1.0], "reasoning": "The image shows a white envelope with its flap partially covering the opening, indicating that the envelope is present and the flap is visible."}, {"ans": [true, true, 1.0], "reasoning": "The image shows a wall clock with a white face and black hands, mounted on a wall above a wooden cabinet. The clock face has small black marks indicating the hours, but there are no numbers visible. Therefore, the main object (the wall clock) is present, and the numbers are missing or not visible."}, {"ans": [true, false, 0.9], "reasoning": "The image clearly depicts a person wearing a white space suit, which is partially submerged in a pool of water. The space suit is fully visible and includes a helmet with a reflective visor. The presence of the space suit and helmet indicates that the image is showing a space suit with a helmet. Therefore, the answer to Question 1 is True. For Question 2, the helmet is clearly visible, so the answer is False. The quality of the image is rated 0.9 because it is clear and well-lit, with no visible distortions or obstructions that would hinder the visibility of the main subject."}, {"ans": [true, false, 1.0], "reasoning": "The image clearly depicts a windmill with visible blades standing in a field of wheat. The presence of the windmill is evident, and the blades are also visible, indicating that they are not missing or invisible. Therefore, the answer to the first question is True, and the answer to the second question is False. The image is of high quality, as it clearly shows the windmill and its blades, hence the quality score is 1."}, {"ans": [true, true, 1.0], "reasoning": "The image is clearly showing a tree without leaves. The branches and trunk are visible, and the sun is shining through the branches. The leaves are not visible, so they are considered missing. The image is of high quality as it is clear and well-lit."}, {"ans": [true, true, 0.9], "reasoning": "The image is showing a yellow school bus. The doors of the bus are not visible as the image only captures the side of the bus. Therefore, the doors are considered not visible. The quality of the image is rated 0.9 because it is clear and well-lit, showing the details of the bus."}, {"ans": [true, true, 1.0], "reasoning": "The image is showing a laptop with its back facing the camera, and the screen is not visible. Therefore, the answer to the first question is True because the main object (laptop) is present. The answer to the second question is also True because the screen is not visible. The quality of the image is rated 1 because it is clear and well-lit, and the absence of the screen in view does not negatively impact the quality score as per the instructions."}, {"ans": [true, true, 1.0], "reasoning": "The image is showing a trumpet. The mouthpiece is not visible as it is missing."}, {"ans": [true, false, 0.9], "reasoning": "The image is showing a robot with a head, so it answers 'true' to the first question. The head is visible, so it answers 'false' to the second question. The quality of the image is rated 0.9 because it is a clear and well-lit image, with no visible distortions or issues that would detract from its overall quality."}, {"ans": [true, true, 1.0], "reasoning": "The image depicts a cylindrical object resembling a candle, placed on a metal tray. The object is beige in color and has a smooth surface. There is no visible wick on the top surface of the candle. For Question 1, the image is showing a candle, so the answer is True. For Question 2, the wick is not visible, so the answer is True. The quality of the image is rated as 1 because it is clear and well-lit, and the object is centered in the frame."}, {"ans": [true, false, 1.0], "reasoning": "The image is clearly showing a pizza with various toppings including cheese. The cheese is visible and melted on top of the pizza. The image is of high quality, well-lit, and the pizza is centered and clearly visible."}, {"ans": [true, true, 1.0], "reasoning": "The image shows a DSLR camera without a lens attached. The camera body is clearly visible and is hovering above a wooden surface with a lens placed on a stand below it. The lens is not attached to the camera, indicating it is missing from the camera body. The image is clear and well-lit, showing all the necessary details of the camera and the lens."}, {"ans": [true, true, 1.0], "reasoning": "The image shows a grand piano on a stage in an auditorium. The piano is facing away from the viewer, and its keys are not visible. The presence of the piano is clear, but the keys are not visible, so they are considered missing for the purpose of this question."}, {"ans": [true, false, 1.0], "reasoning": "The image clearly shows a paintbrush with bristles on the left side, next to a paint palette. The paintbrush is the main object in question, and it is present in the image. The bristles are visible, indicating that they are not missing. Therefore, the answer to the first question is True. For the second question, since the bristles are visible, the answer is False. The image is of high quality, with clear details of the paintbrush and the paint palette, hence the quality score is 1."}, {"ans": [true, false, 1.0], "reasoning": "The image shows a watch with a strap. The watch face is visible and appears to be a smartwatch or a similar device. The strap is also visible and is made of a dark gray material. The background of the image is a speckled surface, possibly a countertop or table. The image is clear and well-lit, allowing for a good view of the watch and its strap. Therefore, the answer to the first question is True, as the image is showing a watch. The answer to the second question is False, as the strap is visible and not missing. The quality of the image is rated as 1, as it is clear and well-lit."}, {"ans": [true, true, 1.0], "reasoning": "The image is a close-up of a young man's face, with his mouth open and his tongue not visible. The main object in the image is the mouth, which is clearly visible. Therefore, the answer to Question 1 is True. The tongue is not visible in the image, so the answer to Question 2 is True. The image is clear and well-lit, with no visible distortions or obstructions, so the quality is rated as 1."}, {"ans": [true, false, 0.9], "reasoning": "The image clearly depicts a motorcycle, fulfilling the first question's condition. The motorcycle is shown with its handlebars visible, indicating that the handlebars are not missing or invisible, thus answering the second question as false. The image is of high quality, with clear details of the motorcycle and its surroundings, hence a quality score of 0.9."}, {"ans": [true, false, 1.0], "reasoning": "The image shows a vintage television set on a wooden cabinet. The television is clearly visible and has a screen, although the screen is not displaying any content. The presence of the television answers the first question affirmatively. For the second question, the screen is visible, so it is not missing or not visible. The image is clear and well-lit, allowing for a good view of the television and its screen, hence the quality score is 1.0."}, {"ans": [true, false, 1.0], "reasoning": "The image clearly shows a goat standing on a rocky outcrop. The goat has two visible horns, so it is not missing them. The image is of high quality, with clear details of the goat and its surroundings."}, {"ans": [true, false, 1.0], "reasoning": "The image clearly shows a red sneaker with white laces on a wooden shelf. The sneaker is the main object in the image, and it is visible and clear. The laces are also visible and not missing. Therefore, the answer to the first question is True. For the second question, since the laces are visible, the answer is False. The image quality is high as it is clear and well-lit, and the sneaker is the main focus."}, {"ans": [true, false, 1.0], "reasoning": "The image clearly shows a green frog sitting on a leaf over water. The frog's eyes are visible and clearly defined, indicating that they are not missing or invisible. Therefore, the answer to the first question is True because the image is showing a frog. The answer to the second question is False because the eyes are visible. The quality of the image is rated as 1.0 because it is clear and well-defined, with no apparent issues that would detract from its quality."}, {"ans": [true, false, 0.9], "reasoning": "The image shows a white porcelain mug with a blue floral design on it, and it has a handle. The mug is placed on a matching saucer. The presence of the mug is clear, so the answer to the first question is True. The handle is visible, so the answer to the second question is False. The image is clear and well-lit, with the mug and saucer centered in the frame, so the quality is rated as 0.9."}, {"ans": [true, false, 1.0], "reasoning": "The image clearly depicts a saxophone, which is the main object in question. The saxophone is shown with its keys visible, indicating that the keys are not missing. Therefore, the answer to the first question is True because the image is showing a saxophone. The answer to the second question is False because the keys are visible and not missing. The quality of the image is rated 1 because it is clear and well-defined, showing the saxophone and its details without any significant issues."}, {"ans": [true, false, 1.0], "reasoning": "The image clearly shows a skateboard with wheels attached to it. The skateboard is positioned on a brick surface, and all four wheels are visible and appear to be intact. Therefore, for Question 1, the answer is True because the image is showing a skateboard. For Question 2, the answer is False because the wheels are not missing or invisible; they are clearly visible in the image. The quality of the image is rated as 1 because it is clear and well-lit, allowing for easy identification of the skateboard and its components."}, {"ans": [true, false, 1.0], "reasoning": "The image shows a fedora hat on a stand, and the brim is clearly visible. The fedora is a type of hat that typically has a brim, and in this image, the brim is present and visible around the hat. Therefore, the answer to the first question is True because the image is showing a fedora. The answer to the second question is False because the brim is not missing or invisible; it is clearly visible. The quality of the image is rated as 1 because it is clear and well-lit, with no visible distortions or obstructions that would affect the visibility of the hat or its brim."}, {"ans": [true, false, 0.9], "reasoning": "The image shows a motorcycle helmet with the visor in the up position, indicating it is present but not in use. The helmet is clearly visible on a wooden table, and the visor is not missing; it's just lifted up. The image quality is high, with clear details of the helmet and its surroundings."}, {"ans": [true, true, 1.0], "reasoning": "The image shows a bedframe with an ornate wooden headboard and footboard. The bedframe is empty, with slats visible but no mattress. Therefore, the answer to Question 1 is True because the image is showing a bedframe. The answer to Question 2 is True because the mattress is not visible, it is missing. The quality of the image is rated 1 because it is clear and well-rendered, with no visible distortions or issues."}, {"ans": [true, false, 1.0], "reasoning": "The image is showing a clock tower with two visible clock faces. The main object, a clock tower, is present in the image, so the answer to the first question is True. The clock face is visible on both sides of the tower that are visible, so the answer to the second question is False. The image is clear and well-lit, with no visible distortions or obstructions, so the quality is rated as 1."}, {"ans": [true, false, 1.0], "reasoning": "The image clearly shows a pocket watch with a white face and gold casing. The watch face has Roman numerals and a single hand, indicating the time. The presence of the watch is evident, so the answer to the first question is True. For the second question, the hand is visible, so the answer is False. The image is of high quality, with clear details of the watch and its components, so the quality score is 1."}, {"ans": [true, false, 1.0], "reasoning": "The image clearly shows a bicycle, so the answer to the first question is True. The pedals are visible on the bicycle, so the answer to the second question is False. The image is clear and well-lit, and it is not missing any key elements that would affect the quality score, so the quality is rated as 1."}, {"ans": [true, false, 1.0], "reasoning": "The image is a portrait of a woman with her eyes visible, so the answer to the first question is True. The eyes are clearly visible, so the answer to the second question is False. The image is of high quality, with clear details and no visible distortions, so the quality score is 1.0."}, {"ans": [true, true, 0.8], "reasoning": "The image clearly shows a grand piano on a stage, illuminated by spotlights. The piano's lid is open, but the hammers inside are not visible due to the angle and lighting. The image is well-composed and clear, indicating a high-quality visual representation. However, the hammers are not visible, so we label it as missing."}, {"ans": [true, false, 1.0], "reasoning": "The image depicts a sailing ship with three visible sails, indicating that it is indeed a sailing ship. The sails are clearly visible, so they are not missing or invisible. The image is of high quality, with clear details and a well-defined subject."}, {"ans": [true, false, 1.0], "reasoning": "The image depicts a large tree with a wide canopy and visible leaves, standing in a grassy field. The tree's trunk is thick and gnarled, with branches that spread out in all directions. The leaves are green and appear to be healthy. The image is clear and well-lit, with a blue sky in the background.\n\nFor Question 1, the image is showing an oak tree, as it matches the description of an oak tree with its characteristic broad canopy and sturdy trunk. Therefore, the answer is True.\n\nFor Question 2, the leaves are visible on the tree, so they are not missing or not visible. Therefore, the answer is False.\n\nThe quality of the image is rated as 1.0 because it is clear, well-lit, and provides a detailed view of the tree and its surroundings."}, {"ans": [true, false, 0.9], "reasoning": "The image depicts a stone cottage with a door, windows, and a roof covered in greenery. The presence of a door and the overall structure of the building indicates that it is indeed a cottage. Therefore, the answer to Question 1 is True. The door is clearly visible in the image, so the answer to Question 2 is False. The image is well-defined and clear, showing the details of the cottage and its surroundings, hence the quality score is 0.9."}, {"ans": [true, false, 1.0], "reasoning": "The image shows a passenger jet on a runway. The main object, a passenger jet, is clearly visible, so the answer to the first question is True. The wings of the jet are also visible, so the answer to the second question is False. The image is clear and well-lit, with no visible distortions or obstructions, so the quality is rated as 1."}, {"ans": [true, true, 1.0], "reasoning": "The image is showing a wristwatch with a white face and brown leather strap. The watch face has hour markers but no numbers. Therefore, the answer to the first question is True because the image is showing a wristwatch. The answer to the second question is True because the numbers are not visible on the wristwatch face. The quality of the image is rated 1.0 because it is clear and well-lit, and the watch is the main focus of the image."}, {"ans": [true, false, 0.9], "reasoning": "The image is showing a pizza with cheese, sauce, and basil leaves. The cheese is visible and appears to be melted. The image is clear and well-lit, with a good view of the pizza's toppings. The quality of the image is high, with a score of 0.9 out of 1. The presence of cheese is evident, so the answer to the second question is False."}, {"ans": [true, false, 0.9], "reasoning": "The image clearly shows traffic signals with lights visible. The main object, traffic signals, is present. The lights on the traffic signals are also visible, indicating that they are not missing. The quality of the image is high, with clear details of the traffic signals and the surrounding environment. The slight glare from the sun does not significantly impact the visibility of the key elements."}, {"ans": [true, false, 1.0], "reasoning": "The image clearly shows a skateboard with a rainbow-colored deck and yellow wheels. The skateboard is positioned on a concrete surface, and all four wheels are visible. Therefore, the answer to Question 1 is True because the image is showing a skateboard. The answer to Question 2 is False because the wheels are not missing and are clearly visible. The quality of the image is rated 1 because it is clear and well-lit, with no visible issues that would detract from the visibility of the skateboard or its components."}, {"ans": [true, false, 0.9], "reasoning": "The image clearly shows a chessboard with pieces on it, so the answer to the first question is True. The black pieces are visible on the board, so the answer to the second question is False. The quality of the image is rated 0.9 because it is clear and well-lit, with no visible distortions or obstructions."}, {"ans": [true, false, 0.9], "reasoning": "The image shows a red Ferrari convertible sports car in a modern garage. The car is clearly visible and appears to be in good condition. The brakes are visible as red calipers behind the silver rims. Therefore, the answer to Question 1 is True because the image is showing a sports car. The answer to Question 2 is False because the brakes are visible. The quality of the image is rated 0.9 because it is clear and well-lit, with no visible distortions or obstructions."}, {"ans": [true, false, 1.0], "reasoning": "The image is showing a book with visible text on its pages. The book is open and lying on a wooden surface, with the pages displaying a clear and legible text. Therefore, the answer to the first question is True. Since the text is visible on the pages, the answer to the second question is False. The image is clear and well-lit, allowing for a good view of the book and its contents, hence the quality score is 1."}, {"ans": [true, false, 0.9], "reasoning": "The image shows a computer tower with its side panel removed, revealing the internal components. The tower is clearly visible and identifiable as a computer tower. The fans are also visible and appear to be installed on the tower. Therefore, the answer to Question 1 is True. Since the fans are visible, the answer to Question 2 is False. The image is of high quality, with clear details of the internal components, so the quality score is 0.9."}, {"ans": [true, false, 1.0], "reasoning": "The image clearly depicts a scarecrow standing in a field of wheat. The scarecrow is wearing a red plaid shirt, a straw hat, and jeans, and has its arms outstretched. The presence of the scarecrow is evident, fulfilling the condition for Question 1. For Question 2, the arms of the scarecrow are clearly visible, so they are not missing or invisible. The image is of high quality, with clear details and a well-defined subject."}, {"ans": [true, true, 0.9], "reasoning": "The image depicts a man in armor, which is consistent with the representation of a knight. The presence of armor is a key indicator of a knight, and the image clearly shows this. Therefore, the answer to the first question is True. For the second question, the sword is not visible in the image, as it is not shown in the knight's hand or at his side. The strap across the knight's chest suggests that a sword might be present, but it is not visible. Thus, the answer to the second question is True. The quality of the image is rated as 0.9 because it is a clear and detailed depiction of a knight in armor, with good lighting and resolution. The absence of the sword does not negatively impact the quality score as per the instructions."}, {"ans": [true, false, 1.0], "reasoning": "The image is showing a teapot with a handle, spout, and lid, which is clearly identifiable as a teapot. The handle is visible on the right side of the teapot. The image is clear and well-lit, showing the teapot from a slight angle, and the quality is high."}, {"ans": [true, false, 1.0], "reasoning": "The image clearly shows a basketball hoop with a net. The hoop is orange and attached to a white backboard, which is mounted on a metal pole. The net is white and visible, hanging from the hoop. The background is a clear blue sky, indicating a well-lit outdoor setting. The presence of the hoop and net indicates that the main object is indeed a basketball hoop. Since the net is visible and present, it is not missing."}, {"ans": [true, false, 1.0], "reasoning": "The image shows a dining table setting with a plate, cutlery, and glasses. The main object, a dining table, is present. The glasses are visible at the top of the image, so they are not missing or invisible. The quality of the image is high as it clearly displays the table setting."}, {"ans": [true, false, 0.95], "reasoning": "The image is clearly showing a typewriter with a visible ribbon, so the answer to the first question is True. Since the ribbon is visible, the answer to the second question is False. The image is of high quality, with clear details of the typewriter and its components, so the quality score is 0.95."}, {"ans": [true, true, 1.0], "reasoning": "The image shows a winter jacket, which is the main object. The jacket is beige, puffy, and has a fur-lined hood. It is hanging on a hanger attached to a black bar against a white wall. The jacket is fastened with buttons down the front, and there is no visible zipper. For Question 1, the image is showing a winter jacket, so the answer is True. For Question 2, the zipper is not visible on the jacket, so the answer is True. The quality of the image is rated 1 because it is clear and well-lit, and there are no issues with the visibility of the main object."}, {"ans": [true, false, 1.0], "reasoning": "The image is clearly showing a sunflower with its seeds visible in the center. The seeds are not missing or invisible; they are clearly visible as part of the sunflower's structure. The image is of high quality, with clear details of the sunflower and its seeds."}, {"ans": [true, false, 1.0], "reasoning": "The image clearly depicts an elephant with a visible trunk. The trunk is prominent and centered in the image, hanging down from the elephant's face. The overall quality of the image is high, with clear details of the elephant and its surroundings."}, {"ans": [true, true, 1.0], "reasoning": "The image depicts a wooden rowboat floating on a serene lake, with its bow pointing towards the viewer. The boat is empty, and there are no oars visible within it or around it. The first question asks if the image is showing a rowboat, which it is, so the answer to the first question is True. The second question inquires if the oars are missing or not visible from the rowboat. Since there are no oars visible in the image, the answer to the second question is also True. The quality of the image is rated as 1 because it is clear and well-defined, effectively conveying the scene without any noticeable degradation or issues that would detract from the visibility of the main subject, the rowboat."}, {"ans": [true, false, 1.0], "reasoning": "The image is showing a snowman with a hat and scarf, and it has buttons on its body. The buttons are visible, so they are not missing. The image is clear and well-defined, so the quality is high."}, {"ans": [true, true, 1.0], "reasoning": "The image shows a fountain pen on top of a notebook. The pen is the main object and is clearly visible. The nib of the pen is visible, but there is no visible ink in the pen's reservoir. The image is clear and well-lit, and the pen is the central focus."}, {"ans": [true, false, 1.0], "reasoning": "The image shows a paintbrush with visible bristles next to a paint palette. The paintbrush is the main object in the image and is clearly visible, so the answer to the first question is True. The bristles are also visible, so the answer to the second question is False. The image is clear and well-lit, and the paintbrush is centered and prominent, so the quality score is 1."}, {"ans": [true, true, 1.0], "reasoning": "The image clearly shows a pair of eyeglasses on top of a stack of papers. The eyeglasses are visible and appear to be without temples, as they are not visible in the image. Therefore, the answer to Question 1 is True because the image is showing eyeglasses. The answer to Question 2 is also True because the temples are not visible, implying they are either missing or not visible. The quality of the image is rated as 1 because it is clear and well-lit, and there are no visible issues that would detract from the visibility of the eyeglasses."}, {"ans": [true, false, 0.9], "reasoning": "The image clearly shows a person holding an umbrella on a rainy day. The umbrella is visible and appears to be intact, with visible lines that suggest the presence of ribs. Therefore, for Question 1, the answer is True because the image is showing an umbrella. For Question 2, the answer is False because the ribs are visible as lines on the umbrella's surface, indicating they are not missing or invisible. The quality of the image is rated 0.9 because it is clear and well-focused, with good lighting that highlights the details of the scene."}, {"ans": [true, false, 0.9], "reasoning": "The image is showing a wristwatch, so the answer to the first question is True. The hour markers are visible on the watch, they are represented by short lines around the edge of the watch face, so the answer to the second question is False. The image is of high quality, clearly showing the details of the watch, so the quality score is 0.9."}, {"ans": [true, false, 0.9], "reasoning": "The image clearly shows a camping tent in a grassy field. The tent is set up and appears to be intact with its fabric stretched over poles, indicating that the poles are present and visible. The quality of the image is high, with clear details of the tent and its surroundings. The presence of the poles is evident from the shape and structure of the tent."}, {"ans": [true, false, 0.9], "reasoning": "The image depicts a traditional cuckoo clock with a wooden structure, Roman numerals on the clock face, and decorative elements such as deer and pinecones. The weights are visible as five pinecones hanging from chains below the clock. Therefore, the main object in the image is a cuckoo clock, and the weights are not missing or invisible. The image is clear and well-defined, with good lighting and detail, hence the quality score is high."}, {"ans": [true, true, 1.0], "reasoning": "The image is showing a smartphone, which is the main object. The phone's screen is facing upwards, and its bottom edge is visible, showing a row of small holes that could be a speaker grille. However, upon closer inspection, it is clear that the speaker grille is not visible from this angle as the phone is shown from the front and slightly from the bottom. The image is of high quality, with clear details and good lighting."}, {"ans": [true, false, 1.0], "reasoning": "The image clearly shows a motorcycle, so the answer to the first question is True. The speedometer is visible on the handlebars, so the answer to the second question is False. The image is of high quality and clearly shows the motorcycle and its components."}, {"ans": [true, true, 1.0], "reasoning": "The image depicts a violin bow with a visible stick and metal components, but the hair is not visible, indicating it is either missing or not visible. The presence of the bow's structure confirms it is a violin bow. The quality of the image is high as it clearly shows the details of the bow."}, {"ans": [true, true, 0.9], "reasoning": "The image is showing a birdcage, which is the main object. The birdcage is gold-colored and hanging from a chain. Upon closer inspection, it is clear that there is no perch visible inside the birdcage. The image is well-lit, with natural light coming from the right side, and the details of the birdcage are clearly visible. The quality of the image is high, with a clear and sharp representation of the birdcage and its surroundings."}, {"ans": [true, false, 1.0], "reasoning": "The image is showing a statue of a woman with a head, so the answer to the first question is True. The head is visible, so the answer to the second question is False. The image is clear and well-defined, with no visible distortions or issues, so the quality is rated as 1."}, {"ans": [true, false, 1.0], "reasoning": "The image clearly shows a teddy bear with a visible nose. The teddy bear is sitting on a bed with pillows, and its facial features, including the nose, are clearly visible. Therefore, the answer to Question 1 is True because the main object is a teddy bear. The answer to Question 2 is False because the nose is not missing; it is visible. The quality of the image is rated 1.0 because it is clear and well-lit, and the key elements are easily visible."}, {"ans": [true, false, 1.0], "reasoning": "The image shows a pair of white sneakers with laces on a brown mat in front of a white door. The sneakers are clearly visible and the laces are present and visible. Therefore, the answer to the first question is True because the image is showing sneakers. The answer to the second question is False because the laces are not missing and are visible. The quality of the image is rated as 1 because it is clear and well-lit, and there are no visible issues that would detract from the overall quality."}, {"ans": [true, false, 1.0], "reasoning": "The image clearly shows a refrigerator with its doors open, displaying both the interior and the door shelves. The main object in the image is indeed a refrigerator, so the answer to the first question is True. The door shelves are visible on both doors, so they are not missing or invisible, making the answer to the second question False. The image is clear and well-lit, showing all the necessary details of the refrigerator, hence the quality is rated as 1."}, {"ans": [true, false, 1.0], "reasoning": "The image depicts a group of people gathered around a large campfire in a forest, with flames clearly visible. The presence of the campfire and the flames answers the first question affirmatively. For the second question, the flames are not missing or invisible; they are prominent and visible, so the answer is false. The image is of high quality, with clear details and a coherent scene, hence the quality score is 1."}, {"ans": [true, true, 0.9], "reasoning": "The image shows a drinking fountain, which is a metal structure with a spout and a button to dispense water. The fountain is located on a sidewalk in a park-like setting. The water is not visible from the fountain, suggesting that it is either turned off or not dispensing water at the moment the photo was taken. The image is clear and well-lit, with a high level of detail, indicating a high-quality image."}, {"ans": [true, true, 1.0], "reasoning": "The image is showing a revolver. The trigger guard is not visible as it is obscured by the positioning of the handgun, hence it is considered missing or not visible. The image is clear and well-lit, showing the revolver in detail, hence the quality is rated as 1."}, {"ans": [true, false, 0.9], "reasoning": "The image depicts a compass rose, which is a circular figure with a cross-like structure in the center, indicating the cardinal directions. The compass rose is ornately designed with various symbols and markings around it. The presence of the cross-like structure in the center, which is typically associated with a north arrow, is visible and not obscured. Therefore, for Question 1, the answer is True because the image does show a compass rose. For Question 2, the answer is False because the north arrow is visible. The quality of the image is rated 0.9, as it is clear and detailed, with no significant issues affecting the visibility of the compass rose or the north arrow."}, {"ans": [true, false, 0.9], "reasoning": "The image clearly shows skyscrapers, which are tall, modern buildings. The presence of windows on these buildings is also evident, as they are visible on the facades of the skyscrapers. Therefore, for Question 1, the answer is True because the image is showing skyscrapers. For Question 2, the answer is False because the windows are not missing; they are visible on the buildings. The quality of the image is rated 0.9 because it is clear and well-defined, with no significant distortions or obscurities that would hinder the visibility of the main elements."}, {"ans": [true, false, 1.0], "reasoning": "The image shows a conductor standing in front of an orchestra, wearing a black tuxedo and white shirt, with his right hand raised. He is holding a baton in his left hand, which is resting on the podium. The presence of the baton indicates that it is not missing. The image is clear and well-lit, allowing for a good view of the conductor and the orchestra."}, {"ans": [true, true, 0.9], "reasoning": "The image shows a soccer field with a goal at the far end. The goal is visible but the crossbar is not clearly visible, suggesting it might be missing or not visible due to the distance or perspective. The image is clear and well-lit, indicating good quality."}, {"ans": [true, false, 1.0], "reasoning": "The image clearly depicts a microscope. The lenses are visible and appear to be intact, as they are not damaged or missing. The overall quality of the image is high, with clear details of the microscope's components."}]