[{"ans": [true, true, 1.0], "reasoning": "The image depicts a sailboat on the water. The sailboat is white with a tall mast and rigging, but there are no sails visible. The presence of the mast and rigging indicates it is a sailboat, even though the sails are not present or visible. Therefore, the answer to the first question is True because the image is showing a sailboat. The answer to the second question is True because the sails are not visible. The quality of the image is rated 1 because it is clear and well-defined, with no visible distortions or issues that would detract from the visibility of the sailboat."}, {"ans": [true, true, 0.9], "reasoning": "The image clearly shows a bicycle leaning against a brick wall. The bicycle is red and has a visible frame, wheels, and other typical bicycle features. However, upon closer inspection, it is evident that the chain is not visible, suggesting it is either missing or not visible due to the angle or condition of the bicycle. The image is of high quality, with clear details of the bicycle and its surroundings, hence a quality score of 0.9."}, {"ans": [true, false, 0.9], "reasoning": "The image clearly shows a cat, so the answer to the first question is True. The cat's whiskers are visible, so the answer to the second question is False. The image is of high quality, with clear details of the cat and its surroundings, so the quality score is 0.9. The slight blur in the background does not detract from the overall quality."}, {"ans": [true, false, 0.9], "reasoning": "The image depicts a castle with a large stone structure, towers, and a well-manicured lawn. The presence of a gate is visible, indicating that the gates are not missing. The image is clear and well-lit, with good resolution, hence a high quality score."}, {"ans": [true, false, 0.9], "reasoning": "The image is showing a hot-air balloon with a clearly visible basket. The balloon is centered in the image, and the basket is hanging below it, containing people. The image is well-lit and in focus, with a clear view of the balloon and its surroundings. The quality of the image is high, with a clear and detailed view of the scene."}, {"ans": [true, false, 1.0], "reasoning": "The image clearly shows a turtle with a visible shell on a beach. The turtle is centered in the image, and its shell is intact and visible. Therefore, the answer to Question 1 is True because the image is showing a turtle. The answer to Question 2 is False because the shell is not missing or not visible; it is clearly visible. The quality of the image is rated 1.0 because it is clear and well-lit, and there are no issues with the visibility of the main subject or its key elements."}, {"ans": [true, false, 1.0], "reasoning": "The image clearly shows a train at a station, with the front of the train visible and the tracks clearly seen. The wheels of the train are visible on the tracks, so they are not missing or invisible. The image is of high quality, with clear details of the train and the station."}, {"ans": [true, false, 1.0], "reasoning": "The image clearly shows a pair of eyeglasses with lenses. The lenses are visible and not missing, so the answer to the first question is True. For the second question, since the lenses are visible, the answer is False. The image is of high quality as it clearly displays the eyeglasses and their details."}, {"ans": [true, false, 1.0], "reasoning": "The image shows a fountain pen with a visible nib, lying on a piece of paper with writing on it. The pen is black with gold accents and has a distinctive shape. The nib is clearly visible at the tip of the pen. The image is well-lit and in focus, suggesting a high-quality image."}, {"ans": [true, false, 0.9], "reasoning": "The image shows an umbrella with a visible canopy made of metal mesh. The presence of the umbrella's frame and canopy indicates that it is an umbrella, answering the first question as True. The canopy is visible, albeit made of a mesh material, so it is not missing or invisible, answering the second question as False. The quality of the image is rated 0.9 because it is clear and well-lit, with no significant issues affecting the visibility of the main subject."}, {"ans": [true, false, 1.0], "reasoning": "The image clearly shows an airplane on a runway, with its wings visible. The presence of the airplane satisfies the first question. For the second question, the wings are not missing or invisible; they are clearly visible on both sides of the fuselage. Therefore, the answer to the second question is false. The image is of high quality as it clearly depicts the airplane and its features without any significant distortion or obstruction."}, {"ans": [true, false, 0.9], "reasoning": "The image is showing a desk lamp with a bulb inside it. The bulb is visible as a white cylindrical object within the lamp's shade. The image is clear and well-lit, with the lamp and book on a wooden table against a plain white background. The quality of the image is high, with good lighting and focus."}, {"ans": [true, false, 1.0], "reasoning": "The image is showing an electric guitar with a visible neck, so the main object is present. The neck is visible, so it is not missing or not visible. The image is clear and well-lit, showing all the details of the guitar, hence the quality is rated as 1."}, {"ans": [true, false, 1.0], "reasoning": "The image clearly shows a fish with visible fins, so the answer to the first question is True. Since the fins are visible, the answer to the second question is False. The image is of high quality, with clear details of the fish and its surroundings, so the quality score is 1.0."}, {"ans": [true, false, 1.0], "reasoning": "The image shows a small brick house with a gable roof, which is typically associated with a cottage. The roof is clearly visible, so it is not missing or not visible. Therefore, the answer to Question 1 is True and the answer to Question 2 is False. The image is of high quality as it is clear and well-lit."}, {"ans": [true, false, 0.9], "reasoning": "The image is showing a vintage red convertible car. The windshield is present and visible, although it is partially obscured by the open sun visor. The image is clear and well-lit, with a high level of detail visible in the car's interior and exterior. The quality of the image is high, with a score of 0.9 out of 1. The presence of the windshield answers question 2 as False, as it is not missing or not visible."}, {"ans": [true, false, 1.0], "reasoning": "The image clearly shows a keyboard with a visible spacebar. The keyboard is the main object in the image, and it is intact with all keys, including the spacebar, present and visible. The quality of the image is high as it is clear and well-lit, showing all details of the keyboard without any obstruction or distortion."}, {"ans": [true, false, 1.0], "reasoning": "The image is showing an owl with feathers clearly visible on its body. The owl is perched on a tree branch under a night sky with a full moon. The feathers are detailed and visible, indicating that they are not missing or invisible. Therefore, the answer to the first question is True, and the answer to the second question is False. The quality of the image is rated 1 because it is clear and detailed."}, {"ans": [true, false, 1.0], "reasoning": "The image clearly shows two books on a wooden surface. The book standing upright has its pages visible on the edge, indicating the presence of pages. The other book is lying flat with its pages visible as well. Therefore, the main object (a book) is present, and the pages are not missing or not visible."}, {"ans": [true, false, 0.9], "reasoning": "The image clearly shows a lighthouse, which is the main object in question. The lighthouse is white with a black railing around the top and a red roof on the adjacent building. The lamp is visible inside the glass enclosure at the top of the lighthouse, so it is not missing or invisible. The image is of high quality, with clear details of the lighthouse and its surroundings, hence a quality score of 0.9."}, {"ans": [true, false, 1.0], "reasoning": "The image shows a beige armchair with visible legs, placed on a patterned rug in a room with a doorway and another door in the background. The chair is clearly identifiable as an armchair, satisfying the first question. The legs of the chair are visible, so they are not missing or invisible, answering the second question. The image is clear and well-lit, allowing for a good view of the chair and its details, hence the quality is rated as 1."}, {"ans": [true, true, 0.9], "reasoning": "The image is clearly showing a deer standing in a forest, so the answer to the first question is True. The deer appears to be a female or a young male as there are no visible antlers on its head, so the answer to the second question is True because the antlers are not visible. The quality of the image is rated as 0.9 because it is a clear and well-lit photograph with good composition, and the lack of antlers does not negatively impact the quality score as per the instructions."}, {"ans": [true, true, 1.0], "reasoning": "The image shows an envelope, which is the main object. The flap of the envelope is not visible as it is underneath the other envelope. Therefore, the answer to the first question is True. For the second question, the flap is not visible, so the answer is True. The image is clear and well-lit, and the envelope is centered, so the quality is rated as 1."}, {"ans": [true, true, 1.0], "reasoning": "The image shows a wall clock, which is the main object in question. The clock face is white with black hands, but it does not display any numbers. The absence of numbers on the clock face directly answers the second question, indicating that the numbers are indeed missing. The image is clear and well-lit, showing the clock and its surroundings in detail. Therefore, the quality of the image is rated as 1.0, as it is not affected by the absence of numbers on the clock."}, {"ans": [true, false, 1.0], "reasoning": "The image clearly shows a person wearing a space suit, which is fully visible and includes a helmet. The presence of the space suit and the helmet directly answers both questions. The image is of high quality, with clear details of the space suit and its surroundings."}, {"ans": [true, false, 0.9], "reasoning": "The image clearly shows a windmill with visible blades in a field. The main object, the windmill, is present, so the answer to the first question is True. The blades are visible and not missing, so the answer to the second question is False. The image is well-lit and in focus, with a clear view of the windmill and its surroundings, hence a high-quality score of 0.9."}, {"ans": [true, true, 1.0], "reasoning": "The image clearly shows a large tree with bare branches, indicating that it is either winter or the tree is dead. The presence of the tree is evident, so the answer to the first question is True. The leaves are not visible on the tree, so the answer to the second question is also True. The image is of high quality, with clear details of the tree and its surroundings, so the quality score is 1."}, {"ans": [true, true, 1.0], "reasoning": "The image clearly shows a school bus parked in front of a building. The bus is facing left, and its side is visible. The word 'School' is written on the side of the bus. The doors of the bus are not visible as the side view does not include the front or back doors, and there are no visible doors on the side. The image is clear and well-lit, indicating good quality."}, {"ans": [true, true, 1.0], "reasoning": "The image shows a laptop on a table. The laptop is an Apple brand and is positioned with its back facing the camera, making the screen not visible. For Question 1, the main object in the image is indeed a laptop, so the answer is True. For Question 2, since the screen is not visible because it is facing away from the camera, it is considered not visible, so the answer is True. The image is clear and well-lit, showing the laptop and its surroundings in detail, hence the quality is rated as 1."}, {"ans": [true, true, 1.0], "reasoning": "The image shows a trumpet lying on a red velvet chair. The trumpet is visible without its mouthpiece, which is not present in the image. Therefore, for Question 1, the image is showing a trumpet, so the answer is True. For Question 2, the mouthpiece is missing, so the answer is True. The quality of the image is rated as 1 because it is clear and well-lit, and the trumpet is the main focus."}, {"ans": [true, false, 1.0], "reasoning": "The image clearly depicts a robot with a visible head in a laboratory setting. The robot is white with a humanoid face and blue eyes, standing upright with visible mechanical components. The presence of the head is evident, so the answer to the second question is false because the head is not missing or invisible. The image is of high quality, showing detailed elements of the robot and the laboratory environment."}, {"ans": [true, true, 1.0], "reasoning": "The image shows a candle on a silver tray. The candle appears to be a plain, cream-colored pillar candle. The top of the candle is not visible in the image, so it is unclear if there is a wick present. For Question 1, the image is showing a candle, so the answer is True. For Question 2, the wick is not visible, so the answer is True. The quality of the image is rated as 1.0 because it is clear and well-lit, and there are no visible issues that would detract from the overall quality."}, {"ans": [true, false, 1.0], "reasoning": "The image is showing a pizza with visible cheese, so the answer to the first question is True. The cheese is visible on the pizza, so the answer to the second question is False. The image is clear and well-lit, and it is showing the pizza in detail, so the quality score is 1."}, {"ans": [true, true, 1.0], "reasoning": "The image is showing a DSLR camera body without a lens attached. The lens mount is visible and empty, indicating that the lens is not attached. Therefore, the answer to Question 1 is True because the main object, a DSLR camera, is present. The answer to Question 2 is True because the lens is missing. The quality of the image is rated as 1 because it is clear and well-lit, and the key elements are easily visible."}, {"ans": [true, false, 0.9], "reasoning": "The image shows a grand piano on a stage in an auditorium. The piano is clearly visible and has its lid open, revealing the keys inside. The keys are visible and not missing. The image is well-lit and of high quality, with clear details of the piano and the surrounding environment. The quality score is 0.9 because the image is very clear and well-composed, with good lighting and no visible distortions or artifacts."}, {"ans": [true, false, 0.9], "reasoning": "The image shows two paintbrushes, one with visible bristles and the other partially visible but also appearing to have bristles. The presence of the paintbrushes satisfies the first question. For the second question, since the bristles of at least one paintbrush are visible, the answer is false. The image quality is rated 0.9 because it is clear and well-lit, with no significant obstructions or distortions."}, {"ans": [true, false, 1.0], "reasoning": "The image is showing a watch with a visible strap, so the main object is present. The strap is visible and not missing, so the answer to the second question is False. The image is clear and well-lit, so the quality is rated as 1."}, {"ans": [true, true, 0.9], "reasoning": "The image shows a young man with his mouth open, undergoing a dental examination. The mouth is the main object in the image, and it is clearly visible. Therefore, the answer to the first question is True. The tongue is not visible in the image, as it is likely pressed down or out of view due to the open mouth and the presence of dental instruments. Hence, the answer to the second question is True, as the tongue is not visible. The quality of the image is rated 0.9 because it is clear and well-lit, with the main subject (the mouth) being the central focus. The absence of the tongue does not negatively impact the quality score as per the instructions."}, {"ans": [true, false, 0.9], "reasoning": "The image is clearly showing a motorcycle, so the answer to the first question is True. The handlebars are visible in the image, so the answer to the second question is False. The quality of the image is rated 0.9 because it is a clear and well-lit image, with no visible distortions or issues that would detract from its quality."}, {"ans": [true, false, 0.9], "reasoning": "The image shows a vintage television set on a wooden cabinet. The television is clearly visible and appears to be an older model with a CRT screen. The screen is visible, although it is not turned on. The cabinet below the television has its doors open, revealing the internal components of the TV, which are lit up. The presence of the screen, even if not turned on, indicates that it is not missing. Therefore, the answer to the first question is True because the image is showing a television. The answer to the second question is False because the screen is visible and not missing. The quality of the image is rated 0.9 because it is clear and well-lit, with no significant issues affecting the visibility of the main subject."}, {"ans": [true, false, 1.0], "reasoning": "The image clearly shows a goat with horns standing on a rocky outcrop. The goat is the main object in the image and is easily identifiable. The horns are visible and not missing or obscured. The image is of high quality, with clear details of the goat and its surroundings."}, {"ans": [true, false, 1.0], "reasoning": "The image clearly shows a red sneaker with white laces on a bench in front of lockers. The sneaker is the main object in the image, and it is visible and well-defined. The laces are also visible and appear to be properly tied. Therefore, the answer to Question 1 is True because the image is showing a sneaker. The answer to Question 2 is False because the laces are not missing or not visible; they are clearly visible. The quality of the image is rated 1.0 because it is clear and well-defined, with no visible distortions or issues that would detract from the visibility of the sneaker or its details."}, {"ans": [true, false, 0.9], "reasoning": "The image clearly shows a frog sitting on a lily pad. The frog's eyes are visible, with one eye clearly visible and facing towards the camera, and the other eye partially visible on the side of its head. Since the eyes are visible, the answer to the second question is False. The image is of high quality, with clear details of the frog and its surroundings, hence the quality score is 0.9."}, {"ans": [true, false, 1.0], "reasoning": "The image clearly shows a mug with a handle on the right side. The mug is white with blue floral designs and is placed on a matching saucer. The handle is visible and appears to be intact. Therefore, the answer to Question 1 is True because the image is showing a mug. The answer to Question 2 is False because the handle is present and visible. The quality of the image is rated 1.0 because it is clear and well-lit, with no visible distortions or obstructions."}, {"ans": [true, false, 1.0], "reasoning": "The image clearly shows a saxophone, which is the main object in question. The saxophone is depicted with its keys visible, indicating that the keys are not missing. Therefore, the answer to the first question is True. For the second question, since the keys are visible, the answer is False. The image is of high quality, as it clearly displays the saxophone and its details, hence the quality score is 1.0."}, {"ans": [true, false, 0.9], "reasoning": "The image shows a skateboard with a wooden deck and green wheels attached to a metal truck. The skateboard is placed on a brick surface. For question 1, the main object in the image is indeed a skateboard, so the answer is True. For question 2, the wheels are visible and attached to the skateboard, so the answer is False. The quality of the image is rated 0.9 because it is clear and well-focused, showing the skateboard and its components in detail."}, {"ans": [true, false, 1.0], "reasoning": "The image shows a fedora hat with a visible brim. The hat is centered on a stand, and the brim is clearly visible around the hat. The image is of high quality, with clear details of the hat and the stand."}, {"ans": [true, false, 0.9], "reasoning": "The image clearly shows a motorcycle helmet on a workbench. The helmet is black and has a visor that is currently in the down position, covering the face area. Therefore, for Question 1, the image is showing a motorcycle helmet, so the answer is True. For Question 2, the visor is visible and not missing, so the answer is False. The quality of the image is rated 0.9 because it is clear and well-lit, with the helmet being the main focus. The background, while cluttered with tools, does not detract from the clarity of the helmet."}, {"ans": [true, true, 0.9], "reasoning": "The image is showing a bedframe without a mattress. The bedframe is the main object in the image and is clearly visible. The mattress is not visible, so it is considered missing. The image quality is rated 0.9 because it is a clear and well-rendered image of the bedframe, with good lighting and detail."}, {"ans": [true, false, 1.0], "reasoning": "The image is showing a clock tower with two visible clock faces. The clock faces are clearly visible, so the answer to the second question is False. The image is of high quality, with clear details of the clock tower and its surroundings, so the quality score is 1."}, {"ans": [true, false, 0.9], "reasoning": "The image clearly shows a pocket watch with visible hands, indicating that the main object is present and the hands are not missing. The quality of the image is high, with clear details of the watch's mechanism and the surrounding fabric. The slight deduction in quality score is due to the background fabric not being perfectly sharp, but this does not affect the visibility of the pocket watch or its hands."}, {"ans": [true, false, 0.9], "reasoning": "The image clearly shows a bicycle leaning against a stone wall. The bicycle is red with black handlebars and seat, and it has two wheels with spokes. The pedals are visible and appear to be attached to the crankset. The overall condition of the image is clear and well-lit, with a clear view of the bicycle's features. The quality of the image is high, with a score of 0.9 out of 1. The presence of the pedals is evident, so the answer to the second question is False."}, {"ans": [true, false, 0.9], "reasoning": "The image is a portrait of a woman with visible eyes. The portrait is clearly visible and well-defined, indicating a high-quality image. The eyes are present and visible, so they are not missing or invisible."}, {"ans": [true, false, 1.0], "reasoning": "The image clearly shows a grand piano on a stage with spotlights shining down. The lid of the piano is open, revealing the internal mechanisms, including the hammers. Therefore, for Question 1, the answer is True because the image is showing a grand piano. For Question 2, the answer is False because the hammers are visible inside the piano. The quality of the image is rated 1 because it is clear and well-lit, with no visible distortions or obstructions that would detract from the visibility of the piano or its components."}, {"ans": [true, true, 1.0], "reasoning": "The image depicts a sailing ship with three masts, indicating it is a sailing vessel. The sails are not visible, suggesting they are either missing or not visible. The image is clear and well-defined, showing the details of the ship and its surroundings, hence the quality is rated as 1."}, {"ans": [false, false, 1.0], "reasoning": "The image depicts a large tree with a broad canopy and a thick trunk, set against a backdrop of a blue sky with white clouds. The tree appears to be a baobab tree rather than an oak tree, as indicated by its distinctive shape and trunk. The leaves are visible on the tree, so they are not missing or invisible. Therefore, the answer to the first question is False because the tree is not an oak tree. The answer to the second question is also False because the leaves are visible. The quality of the image is rated as 1 because it is clear and well-defined, with no visible distortions or issues that would detract from its quality."}, {"ans": [true, false, 0.9], "reasoning": "The image depicts a stone cottage with a gable roof, surrounded by trees and vines. The cottage is clearly visible and has a door, windows, and a chimney. The door is present and visible, so it is not missing. The image is of high quality, with clear details and no apparent distortions or issues that would significantly impact the understanding of the scene."}, {"ans": [true, false, 0.95], "reasoning": "The image shows a white passenger jet on a runway, with its wings visible. The presence of the wings indicates that the main object, a passenger jet, is present in the image. Therefore, the answer to Question 1 is True. Since the wings are visible, the answer to Question 2 is False. The image is clear and well-lit, with no visible distortions or obstructions, hence the quality is rated as 0.95."}, {"ans": [true, true, 1.0], "reasoning": "The image is showing a wristwatch with a white face and black hands. The watch is placed on a brown leather tray. The numbers on the watch face are not visible, as there are no numbers present on the face. The image is clear and well-lit, and the watch is the main focus. Therefore, the answer to Question 1 is True, as the image is showing a wristwatch. The answer to Question 2 is also True, as the numbers are missing from the wristwatch face. The quality of the image is rated as 1, as it is clear and well-lit."}, {"ans": [true, true, 0.9], "reasoning": "The image is showing a pizza, which is the main object. The pizza appears to be a tomato and basil pizza without cheese, as there is no visible cheese on top of the tomato sauce. The crust is visible and appears to be cooked. The image is clear and well-lit, with a good view of the pizza. The quality of the image is high, with a score of 0.9 out of 1. The absence of cheese is not considered a factor in determining the quality of the image, as per the instructions."}, {"ans": [true, false, 1.0], "reasoning": "The image clearly shows traffic signals above the road. The traffic signals are visible and appear to be functioning, with one of them displaying a red light. The presence of the traffic signals and the visibility of the lights on them directly answers both questions. The image is of high quality, capturing the details of the scene effectively."}, {"ans": [true, false, 0.9], "reasoning": "The image clearly shows a skateboard with a rainbow-colored deck and yellow wheels. The skateboard is positioned on a concrete surface, and the presence of wheels is evident. Therefore, for Question 1, the answer is True because the image is showing a skateboard. For Question 2, the answer is False because the wheels are visible and not missing. The quality of the image is rated 0.9 because it is clear and well-lit, with no significant issues affecting the visibility of the skateboard or its components."}, {"ans": [true, false, 0.9], "reasoning": "The image is showing a chessboard with pieces on it, so the answer to the first question is True. The black pieces are visible on the board, so the answer to the second question is False. The quality of the image is rated 0.9 because it is clear and well-lit, with no visible distortions or obstructions."}, {"ans": [true, true, 0.9], "reasoning": "The image shows a red Ferrari sports car in a showroom. The car is a convertible with its top down, and it is positioned on a circular platform with a reflective floor. The car's sleek design and vibrant color are prominent features. For question 1, the image is showing a sports car, so the answer is True. For question 2, the brakes are not visible as the image focuses on the car's exterior and the wheels are the main visible parts, but the brake components inside the wheels are not discernible, so the answer is True. The quality of the image is rated 0.9 because it is clear and well-lit, with no visible distortions or obstructions that would detract from the viewer's ability to see the car."}, {"ans": [true, true, 1.0], "reasoning": "The image is showing an open book on a wooden table. The pages are blank and there is no text visible. Therefore, the answer to Question 1 is True because the main object, a book, is present. The answer to Question 2 is also True because the text is missing or not visible from the book. The quality of the image is rated as 1 because it is clear and well-lit, and there are no visible distortions or issues that would detract from the overall quality."}, {"ans": [true, false, 1.0], "reasoning": "The image clearly shows a computer tower with visible internal components, including fans. The main object in the image is a computer tower, so the answer to the first question is True. The fans are visible, so the answer to the second question is False. The image is of high quality, with clear details of the computer tower's components, so the quality score is 1."}, {"ans": [true, false, 0.9], "reasoning": "The image clearly shows a scarecrow in a wheat field, wearing a straw hat and a plaid shirt. The scarecrow has visible arms, which are made of straw and are attached to the body. The image is well-lit and in focus, with a clear view of the scarecrow and its surroundings. The quality of the image is high, with a clear and detailed representation of the scene. The scarecrow's arms are visible, so the answer to the second question is False."}, {"ans": [true, true, 0.9], "reasoning": "The image depicts a man in armor, which is consistent with the representation of a knight. The presence of other armored figures in the background further supports this interpretation. However, upon closer inspection, it becomes apparent that the knight in the foreground is not holding a sword, and there is no visible sword on his person or in the immediate vicinity. Therefore, the sword is considered missing or not visible. The image quality is rated as 0.9 because the details are clear and well-defined, with no significant issues affecting the overall visibility or interpretation of the scene."}, {"ans": [true, false, 0.9], "reasoning": "The image is showing a teapot with a handle, so the answer to Question 1 is True. The handle is visible, so the answer to Question 2 is False. The image is clear and well-lit, and the teapot is centered in the frame, so the quality score is 0.9. The slight deduction from 1 is due to the fact that the image is not perfectly sharp, but it is still clear enough to identify the object and its features."}, {"ans": [true, false, 1.0], "reasoning": "The image clearly shows a basketball hoop with a net. The presence of the hoop and the net is evident, and the net is visible, thus answering the first question affirmatively and the second question negatively. The image is clear and well-lit, indicating good quality."}, {"ans": [true, false, 0.9], "reasoning": "The image is showing a dining table setting with plates, cutlery, and glasses. The table is set for two people, with a white tablecloth and a formal table setting. The glasses are visible at the top of the image. Therefore, the answer to Question 1 is True. The glasses are not missing, they are visible, so the answer to Question 2 is False. The quality of the image is rated 0.9 because it is clear and well-lit, with no visible distortions or obstructions."}, {"ans": [true, false, 1.0], "reasoning": "The image clearly shows a vintage typewriter with a visible ribbon inside it. The typewriter is centered in the image and is the main focus. The ribbon is red and is visible through the open top of the typewriter. Therefore, the answer to the first question is True because the image is showing a typewriter. The answer to the second question is False because the ribbon is visible, hence not missing or invisible. The quality of the image is rated as 1 because it is clear and well-focused, showing all the necessary details of the typewriter and its components."}, {"ans": [true, true, 0.9], "reasoning": "The image shows a winter jacket hanging on a coat rack. The jacket is a puffy, cream-colored coat with a fur-trimmed hood, which is characteristic of a winter jacket. Therefore, the answer to the first question is True. Upon closer inspection, there is no visible zipper on the jacket, suggesting that it is either missing or not visible. Hence, the answer to the second question is True. The image is clear and well-lit, showing the jacket in detail, so the quality is rated 0.9. The absence of a visible zipper does not negatively impact the quality score as per the instructions."}, {"ans": [true, false, 0.9], "reasoning": "The image is clearly showing a sunflower. The seeds are visible on the sunflower head, so they are not missing or not visible. The image is of high quality, with clear details of the sunflower and its seeds."}, {"ans": [true, false, 1.0], "reasoning": "The image clearly shows an elephant, which directly answers Question 1. The trunk of the elephant is visible, so for Question 2, the trunk is not missing or invisible. The image is of high quality, with the elephant and its features clearly visible, and there are no issues that would detract from its quality based on the criteria provided."}, {"ans": [true, true, 0.9], "reasoning": "The image clearly shows a rowboat, which is the main object in the picture. The boat is white with a brown seat and is moored to a wooden post in the water. The oars are not visible inside the boat or anywhere around it. Therefore, for Question 1, the answer is True because the image is showing a rowboat. For Question 2, the answer is True because the oars are not visible. The quality of the image is rated 0.9 because it is clear and well-focused, with no significant issues affecting the visibility of the main object or its details."}, {"ans": [true, true, 0.9], "reasoning": "The image is showing a snowman, which is the main object. The snowman is wearing a hat and a scarf, and has a carrot nose and coal eyes. However, there are no visible buttons on the snowman. The image is clear and well-lit, with a good view of the snowman and its surroundings. The quality of the image is high, with a score of 0.9. The buttons are missing or not visible from the snowman, so answer 2 is True."}, {"ans": [true, false, 0.9], "reasoning": "The image is showing a fountain pen with a clear ink reservoir, and the ink is visible inside the reservoir. Therefore, the answer to the first question is True because the main object, a fountain pen, is present. The answer to the second question is False because the ink is visible in the pen's reservoir. The quality of the image is rated 0.9 because it is clear and well-lit, with no significant issues affecting the visibility of the main object."}, {"ans": [true, true, 1.0], "reasoning": "The image is showing a paintbrush with a wooden handle and metal ferrule. The bristles of the paintbrush are not visible, as they are likely covered in paint and possibly obscured by the surrounding paint on the palette. The image is of high quality, with clear details of the paintbrush handle and the surrounding paint."}, {"ans": [true, false, 1.0], "reasoning": "The image clearly shows a pair of eyeglasses with temples on top of a newspaper. The eyeglasses are the main object in the image and are fully visible, including both lenses and temples. Therefore, the answer to Question 1 is True because the image is showing eyeglasses. For Question 2, the temples are visible, so the answer is False because the temples are not missing or invisible. The quality of the image is rated as 1 because it is clear and well-defined, with no visible issues that would detract from its quality."}, {"ans": [true, false, 0.9], "reasoning": "The image shows a person holding an umbrella on a rainy street. The umbrella is clearly visible and appears to be intact, with no obvious signs of damage or missing parts. The ribs of the umbrella are visible as they are slightly outlined by the fabric and the rain on the surface, indicating that they are present. Therefore, the answer to the first question is True because the image is showing an umbrella. The answer to the second question is False because the ribs are visible, hence not missing or invisible. The quality of the image is rated 0.9 because it is clear and well-defined, with good lighting and focus. The only reason it is not rated 1 is due to the slight blur caused by the rain, but this does not significantly impact the visibility of the main elements."}, {"ans": [true, false, 0.9], "reasoning": "The image is showing a wristwatch with a gold case and black leather strap. The watch face is visible and has a skeleton design, revealing the internal mechanisms. The hour markers are visible on the outer rim of the watch face, indicating that they are not missing. Therefore, the answer to Question 1 is True, and the answer to Question 2 is False. The quality of the image is rated 0.9 because it is clear and well-lit, with no visible distortions or obstructions."}, {"ans": [true, false, 1.0], "reasoning": "The image clearly shows a camping tent set up in a grassy field. The tent is fully visible, and its structure is intact with poles in place, supporting the fabric. The poles are visible as they are part of the tent's structure, holding it upright. Therefore, the answer to the first question is True because the image is showing a camping tent. The answer to the second question is False because the poles are visible and not missing. The quality of the image is rated 1 because it is clear and well-lit, showing all necessary details of the tent and its surroundings."}, {"ans": [true, false, 0.9], "reasoning": "The image depicts a cuckoo clock with intricate carvings, including deer and leaves, and a visible clock face. The weights are visible as pinecones hanging from chains, indicating they are not missing. The image is clear and well-detailed, suggesting a high-quality image. However, the presence of a Christmas decoration on the left side slightly detracts from the overall focus on the clock, hence a quality score of 0.9."}, {"ans": [true, true, 0.9], "reasoning": "The image is showing a smartphone, which is the main object. The phone is displayed with its screen facing upwards, and its edges are visible. The speaker grille is not visible from the angle the phone is shown, as the bottom edge is partially visible but not clearly showing the speaker grille. The image quality is good, with clear details of the phone's design and the surrounding environment. The quality score is 0.9 because the image is clear and well-lit, but it could be improved with a more detailed view of the phone's features."}, {"ans": [true, false, 0.9], "reasoning": "The image clearly shows a motorcycle facing the camera on a dirt road. The motorcycle is centered and prominent in the frame, with its front wheel and handlebars visible. A speedometer is visible on the motorcycle, positioned between the handlebars. The image is well-lit and in focus, with the motorcycle and the road clearly visible. The overall quality of the image is high, with good resolution and minimal noise or distortion."}, {"ans": [true, true, 1.0], "reasoning": "The image shows a violin bow. The bow is lying on a red velvet surface, and it appears to be a typical violin bow with a wooden stick and metal fittings. The bow hair is not visible, suggesting that it is either missing or not visible. Therefore, the answer to Question 1 is True because the image is showing a violin bow. The answer to Question 2 is True because the hair is not visible. The quality of the image is rated as 1 because it is clear and well-lit, and there are no visible issues that would detract from the overall quality."}, {"ans": [true, false, 0.9], "reasoning": "The image clearly shows a birdcage hanging from the ceiling of a porch. The birdcage is made of gold-colored metal and has a dome-shaped top. Inside the cage, there is a bird perched on a stand, indicating that the perch is present and visible. Therefore, the answer to Question 1 is True because the image is showing a birdcage. The answer to Question 2 is False because the perch is not missing; it is visible inside the cage. The quality of the image is rated 0.9 because it is clear and well-lit, with no significant issues affecting its quality."}, {"ans": [true, false, 1.0], "reasoning": "The image depicts a statue of a woman in a classical style, standing on a marble pedestal in a colonnaded hallway. The statue is fully intact with its head visible, indicating that it is not missing. Therefore, the answer to Question 1 is True because the image is showing a statue. The answer to Question 2 is False because the head is not missing or invisible; it is clearly visible. The quality of the image is rated as 1.0 because it is clear and well-defined, with no visible distortions or issues that would detract from its quality."}, {"ans": [true, false, 1.0], "reasoning": "The image shows a teddy bear with a visible nose, so the main object is present and the nose is not missing."}, {"ans": [true, false, 1.0], "reasoning": "The image clearly shows a pair of white sneakers with laces. The sneakers are positioned on a black mat in front of a door, and the laces are visible and appear to be properly tied. Therefore, for Question 1, the answer is True because the image is showing sneakers. For Question 2, the answer is False because the laces are visible and not missing. The quality of the image is rated 1.0 because it is clear and well-lit, with no visible distortions or obstructions that would hinder the visibility of the sneakers or their laces."}, {"ans": [true, false, 1.0], "reasoning": "The image clearly shows a refrigerator with its door open, revealing the interior. The door shelves are visible on the inside of the door, so they are not missing. The image is of high quality, with clear details of the refrigerator's interior and surroundings."}, {"ans": [true, false, 0.9], "reasoning": "The image depicts a group of people sitting around a campfire in a wooded area. The campfire is clearly visible and has flames, so the answer to Question 1 is True. Since the flames are visible, the answer to Question 2 is False. The overall quality of the image is high, with clear details and a realistic representation of the scene, so the quality score is 0.9."}, {"ans": [true, false, 0.95], "reasoning": "The image shows a drinking fountain in a park, which is the main object. The fountain is functioning and water is visible, so the water is not missing. The image is clear and well-lit, with no visible distortions or obstructions, hence a high-quality score."}, {"ans": [true, false, 0.9], "reasoning": "The image clearly shows a revolver with a visible trigger guard. The revolver is positioned on a green surface, and its details are well-defined. The trigger guard is present and visible around the trigger. The image quality is high, with clear details of the revolver, hence a quality score of 0.9 is given."}, {"ans": [true, false, 0.9], "reasoning": "The image depicts a compass rose with ornate details, clearly showing a north arrow pointing towards the top of the image, labeled 'N'. The presence of the compass rose and the north arrow answers the first question affirmatively. For the second question, since the north arrow is visible, it is not considered missing or not visible. The image quality is rated high because it is clear and detailed, with no significant obstructions or distortions that affect the visibility of the main elements."}, {"ans": [true, false, 0.9], "reasoning": "The image depicts a futuristic cityscape with skyscrapers, indicating that the main object (skyscrapers) is present. The skyscrapers have visible windows, some of which are highlighted with pink or red lights, so the windows are not missing or invisible. The image is of high quality, with clear details and vibrant colors, hence the quality score is 0.9."}, {"ans": [true, true, 0.9], "reasoning": "The image is showing a conductor, who is standing in front of an orchestra and appears to be leading the musicians. The conductor is wearing a black tuxedo with a white shirt and bow tie, and his hands are raised as if he is conducting. There is no visible baton in his hands, suggesting that it is either missing or not visible. The image is clear and well-lit, with good resolution, hence the quality score is 0.9."}, {"ans": [true, true, 1.0], "reasoning": "The image depicts a soccer goal without a crossbar. The two vertical posts are clearly visible, indicating the presence of a soccer goal. However, the crossbar connecting the two posts is missing or not visible, thus answering the second question affirmatively. The image is of high quality as it clearly shows the details of the soccer goal and the field."}, {"ans": [true, false, 1.0], "reasoning": "The image clearly shows a microscope on a table. The microscope has lenses attached to it, which are visible and appear to be part of the microscope's structure. Therefore, for Question 1, the answer is True because the image is showing a microscope. For Question 2, the answer is False because the lenses are not missing; they are visible and appear to be properly attached to the microscope. The quality of the image is rated 1.0 because it is clear and well-lit, allowing for easy identification of the microscope and its components."}]