[{"ans": [true, false, 1.0], "reasoning": "The image shows a sailboat on calm waters with a clear blue sky. The boat is white with two masts and appears to be a sailing yacht. The sails are not fully deployed but are visible and not completely furled, indicating that they are partially visible. The image is clear and well-composed, showing the boat in the center with a good view of its details. Therefore, the answer to Question 1 is True as the image is showing a sailboat. The answer to Question 2 is False because the sails are partially visible, not missing or completely not visible. The quality of the image is rated 1 as it is clear and well-lit."}, {"ans": [true, true, 0.9], "reasoning": "The image clearly shows a bicycle leaning against a brick wall. The bicycle is red and appears to be in a state of disrepair, with visible rust and dirt. Upon closer inspection, it is evident that the chain is missing or not visible, as it should be visible near the pedals and gears. The image is well-lit and in focus, allowing for a clear view of the bicycle's condition. Therefore, the answer to Question 1 is True, as the image is showing a bicycle. The answer to Question 2 is also True, as the chain is not visible. The quality of the image is rated 0.9, as it is clear and well-composed, with no significant issues affecting the visibility of the main subject."}, {"ans": [true, false, 0.9], "reasoning": "The image clearly shows a cat sitting on a windowsill. The cat is centered and well-focused, with its face and body clearly visible. The presence of whiskers is evident as there are visible white hairs on either side of the cat's nose, indicating that the whiskers are present and not missing or invisible. The image is sharp and well-lit, contributing to a high-quality score. The slight deduction in quality score is due to the background being slightly out of focus, but this does not detract from the main subject, the cat."}, {"ans": [true, true, 0.8], "reasoning": "The image depicts a castle with a large stone structure and towers, indicating that it is indeed showing a castle. The presence of the castle satisfies the first question, so the answer is True. For the second question, the gates are not visible in the image, which means they are either missing or not visible. Therefore, the answer to the second question is also True. The quality of the image is rated 0.8 because it is clear and well-lit, showing the details of the castle and its surroundings. The absence of gates does not negatively impact the quality score as per the instructions."}, {"ans": [true, false, 0.9], "reasoning": "The image clearly shows a hot-air balloon with a visible basket. The main object in the image is a hot-air balloon, which matches the description in Question 1. Therefore, the answer to Question 1 is True. The basket is clearly visible and attached to the balloon, so it is not missing or invisible. Thus, the answer to Question 2 is False. The image is well-lit and in focus, with a clear view of the balloon and its surroundings, indicating a high-quality image. Hence, the quality score is 0.9."}, {"ans": [true, false, 0.9], "reasoning": "The image clearly shows a turtle with a visible shell. The turtle is centered in the image, and its shell is prominent. The shell is not missing or invisible; it is clearly visible and appears to be intact. The image quality is high, with good lighting and focus on the turtle. The slight yellowish tint does not detract from the overall clarity of the image. Therefore, the answer to the first question is True, and the answer to the second question is False. The quality of the image is rated 0.9, as it is clear and well-focused."}, {"ans": [true, false, 1.0], "reasoning": "The image is clearly showing a train at a station. The train is silver with a rounded front and multiple cars. The wheels of the train are visible, indicating that they are not missing. The image is of high quality, with clear details of the train and its surroundings."}, {"ans": [true, false, 0.9], "reasoning": "The image clearly shows a pair of eyeglasses with lenses. The main object in the image is the eyeglasses, and they are present. Therefore, the answer to the first question is True. The lenses are visible in the image, so the answer to the second question is False. The quality of the image is rated 0.9 because it is clear and well-lit, with no significant issues affecting the visibility of the eyeglasses."}, {"ans": [true, false, 0.9], "reasoning": "The image depicts a fountain pen with a visible nib, lying on a piece of aged paper. The pen is the main object in the image, and it is clear that it is a fountain pen. The nib is visible and appears to be intact, indicating that it is not missing. The image is well-rendered and detailed, suggesting a high level of quality. The presence of the nib does not affect the quality score as per the instructions."}, {"ans": [true, true, 0.8], "reasoning": "The image depicts a metal frame of an umbrella leaning against a chair and a wall. The frame is visible, indicating that it is an umbrella, but the canopy is missing. Therefore, the answer to the first question is True because the image is showing an umbrella frame. The answer to the second question is also True because the canopy is not visible, it is missing. The quality of the image is rated 0.8 because it is clear and well-lit, allowing for easy identification of the objects."}, {"ans": [true, false, 1.0], "reasoning": "The image is showing a large white airplane on a runway, with another smaller plane flying in the background. The main airplane has wings, which are clearly visible. Therefore, the answer to the first question is True because the image is showing an airplane. The answer to the second question is False because the wings are not missing or invisible; they are clearly visible. The quality of the image is rated as 1 because it is clear and well-defined, with no significant issues affecting its quality."}, {"ans": [true, true, 1.0], "reasoning": "The image is showing a desk lamp, and the bulb is not visible as it is pulled up inside the lamp, thus it is considered missing or not visible."}, {"ans": [true, false, 1.0], "reasoning": "The image shows an electric guitar with a visible neck, body, and other characteristic features such as pickups and tuning pegs. The guitar is hanging on a wall, and the neck is clearly visible, extending upwards from the body. Therefore, the answer to Question 1 is True because the image is showing an electric guitar. The answer to Question 2 is False because the neck is visible. The quality of the image is rated 1 because it is clear and well-lit, showing the guitar in detail."}, {"ans": [true, false, 1.0], "reasoning": "The image clearly shows a fish, which is the main object, lying on ice crystals in water. The fish is visible and identifiable. The fins of the fish are also visible, indicating that they are not missing or not visible. Therefore, the answer to the first question is True because the image is showing a fish. The answer to the second question is False because the fins are visible. The quality of the image is rated as 1 because it is clear and well-lit, with the fish and its details easily discernible."}, {"ans": [true, false, 0.9], "reasoning": "The image depicts a small, rustic brick cottage with a visible roof, although it appears to be damaged. The presence of the cottage satisfies the first question. The roof is visible, albeit in a state of disrepair, which answers the second question. The image quality is rated 0.9 because it is clear and well-defined, capturing the details of the cottage and its surroundings."}, {"ans": [true, true, 0.8], "reasoning": "The image shows a car, specifically a vintage convertible with its top up, but the windshield is not visible as it is not present or is obscured from view. The main object in the image is a car, so the answer to the first question is True. The windshield is not visible, so the answer to the second question is True. The image is well-lit and clear, showing the details of the car's interior and exterior, hence the quality score is 0.8."}, {"ans": [true, false, 0.9], "reasoning": "The image shows a keyboard with a transparent keycap layout and illuminated keys. The keyboard is fully visible, and the spacebar is present and clearly visible, so the answer to the first question is True. Since the spacebar is visible, the answer to the second question is False. The image is of high quality, with clear details of the keyboard and its components, so the quality score is 0.9."}, {"ans": [true, false, 0.9], "reasoning": "The image clearly shows an owl perched on a tree branch, with a full moon in the background. The owl is depicted with its feathers visible and detailed, indicating that the feathers are not missing or invisible. The image is of high quality, with clear details of the owl's plumage and the surrounding environment. The only reason it wouldn't be a perfect score is due to minor compression artifacts around the owl's eyes and the moon, but this does not detract significantly from the overall quality."}, {"ans": [true, true, 1.0], "reasoning": "The image shows a leather-bound book standing upright on a wooden table, with its cover open and pages not visible as they are facing down or not present. The presence of the book satisfies the first question. For the second question, the pages are not visible, thus considered missing or not visible. The image is clear and well-defined, hence the quality is rated as 1."}, {"ans": [true, false, 1.0], "reasoning": "The image clearly shows a lighthouse with a visible lamp. The lighthouse is the central object in the image, and it is clearly identifiable. The lamp is also visible at the top of the lighthouse, enclosed in a glass enclosure. Therefore, the answer to the first question is True. For the second question, since the lamp is visible, the answer is False. The image is of high quality as it clearly captures the details of the lighthouse and its surroundings, and the presence or absence of the lamp does not affect the quality score."}, {"ans": [true, false, 0.9], "reasoning": "The image shows a cream-colored armchair with visible legs, positioned on a patterned rug in a room with white walls and wooden flooring. The chair is clearly an armchair and has legs, so the answer to Question 1 is True. Since the legs are visible, the answer to Question 2 is False. The image is clear and well-lit, with no significant issues affecting its quality, hence a quality rating of 0.9."}, {"ans": [true, true, 0.9], "reasoning": "The image clearly shows a deer, which is the main object. The deer appears to be without antlers, and upon closer inspection, it is evident that the antlers are either missing or not visible. The image is of high quality, with good lighting and focus on the deer, and the absence of antlers does not detract from the overall quality."}, {"ans": [true, false, 1.0], "reasoning": "The image shows a white envelope with a flap on a marble surface. The envelope is the main object and is clearly visible, so the answer to the first question is True. The flap is also visible, so the answer to the second question is False. The image is clear and well-lit, and the envelope is centered and fully visible, so the quality score is 1."}, {"ans": [true, true, 1.0], "reasoning": "The image shows a wall clock on a white wall above a fireplace. The clock face is white with black hands but lacks numbers. The presence of the clock answers the first question affirmatively. For the second question, the numbers on the clock are indeed missing. The image quality is considered high as it clearly displays the main subject and its details, despite the absence of numbers on the clock, which is not a factor to decrease the quality score according to the instructions."}, {"ans": [true, false, 0.9], "reasoning": "The image shows a person wearing a white space suit submerged in a pool of water. The space suit is clearly visible and appears to be a realistic representation of an astronaut's suit. The helmet is present and visible on the person's head. The image is well-lit, and the details of the space suit are clearly discernible. Therefore, the answer to Question 1 is True because the image is showing a space suit. The answer to Question 2 is False because the helmet is not missing and is clearly visible. The quality of the image is rated 0.9 because it is clear and well-lit, with no visible distortions or obstructions that would hinder the visibility of the space suit or the helmet."}, {"ans": [true, false, 0.9], "reasoning": "The image clearly shows a windmill with visible blades in a field. The presence of the windmill answers the first question affirmatively. The blades are present and visible, so the answer to the second question is false. The image is of high quality, with clear details of the windmill and the surrounding landscape."}, {"ans": [true, true, 0.9], "reasoning": "The image is clearly showing a large tree with many branches, indicating that it is indeed a tree. The tree appears to be without leaves, as there are no visible leaves on its branches. The image is well-lit and in focus, with a clear view of the tree's structure. The quality of the image is high, with good contrast and detail. Therefore, the answer to the first question is True, and the answer to the second question is also True. The quality of the image is rated as 0.9, as it is a clear and well-composed photograph."}, {"ans": [true, false, 1.0], "reasoning": "The image clearly shows a yellow school bus, so the answer to the first question is True. The doors of the bus are visible, so they are not missing or not visible, making the answer to the second question False. The image is clear and well-lit, showing the details of the bus, so the quality is rated as 1."}, {"ans": [true, true, 1.0], "reasoning": "The image shows a laptop with its screen open. The screen is blank and white, indicating that it is either turned off or not displaying any content. The laptop is placed on a table, and the overall image is clear and well-lit. For Question 1, the image is showing a laptop, so the answer is True. For Question 2, the screen is visible but not displaying any content, so it can be considered as not visible in terms of displaying information, hence the answer is True. The quality of the image is rated as 1 because it is clear and well-lit, and there are no visible distortions or issues that would affect the understanding of the image."}, {"ans": [true, true, 0.9], "reasoning": "The image shows a trumpet, which is the main object. The mouthpiece is not visible, as it is not attached to the trumpet. The image is of high quality, with clear details of the trumpet's components."}, {"ans": [true, false, 0.9], "reasoning": "The image clearly shows a robot with a visible head, so the answer to the first question is True. Since the head is visible, the answer to the second question is False. The quality of the image is rated 0.9 because it is clear and well-lit, with detailed views of the robot and its surroundings. The slight blur in the background does not significantly detract from the overall quality."}, {"ans": [true, true, 0.8], "reasoning": "The image shows a candle on a silver platter. The candle is white and cylindrical, and it appears to be made of wax. The wick is not visible in the image. The image is well-lit and the candle is centered in the frame, but the top of the candle is not visible, which might be a reason to slightly decrease the quality score. However, the main object, the candle, is clearly visible."}, {"ans": [true, false, 0.9], "reasoning": "The image shows a pizza with visible cheese, tomatoes, and basil leaves. The crust is lightly charred, and the pizza is placed on a circular metal tray. The presence of cheese is evident, so the answer to the second question is False. The image is clear and well-lit, with a good view of the pizza's toppings, hence the quality score is 0.9."}, {"ans": [true, true, 0.9], "reasoning": "The image is showing a DSLR camera body without a lens attached. The camera body is visible and identifiable as a DSLR. The lens is missing, as evidenced by the exposed mount and visible internal mechanisms. The image is clear and well-lit, allowing for a good view of the camera body. The quality of the image is high, with a clear and sharp representation of the camera."}, {"ans": [true, false, 1.0], "reasoning": "The image clearly shows a grand piano on a stage in an auditorium. The piano is visible and identifiable, fulfilling the condition for Question 1. The keys of the piano are visible and not missing, so the answer to Question 2 is False. The image is clear and well-lit, showing the piano and the auditorium in detail, hence the quality is rated as 1."}, {"ans": [true, false, 0.9], "reasoning": "The image shows two paintbrushes on a palette with paint. The paintbrush on the left has visible bristles, while the one on the right is partially obscured but appears to have bristles as well. The presence of the paintbrushes is clear, so the answer to the first question is True. For the second question, since the bristles of at least one paintbrush are visible, the answer is False. The quality of the image is rated 0.9 because it is clear and well-lit, with no significant issues affecting the visibility of the main objects."}, {"ans": [true, true, 0.8], "reasoning": "The image shows a watch without a strap, as the strap is not visible. The watch is clearly visible on a countertop, and the absence of the strap is noticeable. The image is of good quality, with clear details of the watch and its surroundings."}, {"ans": [true, true, 1.0], "reasoning": "The image is showing a patient in a dentist's chair with their mouth open, and an x-ray-like overlay of their skull. The mouth is clearly visible, so the answer to the first question is true. The tongue is not visible in the image, so the answer to the second question is true. The image is of high quality, with clear details and no visible distortions or artifacts, so the quality score is 1."}, {"ans": [true, false, 0.9], "reasoning": "The image clearly shows a motorcycle, so the answer to Question 1 is True. The handlebars are visible in the image, so the answer to Question 2 is False. The quality of the image is rated 0.9 because it is a clear and detailed representation of the motorcycle and its surroundings."}, {"ans": [true, false, 1.0], "reasoning": "The image shows a vintage television set with its screen visible and intact. The television is the main object in the image, and it is clear that it is a television. The screen is present and visible, showing a reflection of some light bulbs. Therefore, the answer to the first question is True. For the second question, since the screen is visible, it is not missing or not visible, so the answer is False. The image is of high quality, clearly showing the details of the television and its components, so the quality score is 1."}, {"ans": [true, false, 1.0], "reasoning": "The image clearly shows a goat standing on a rocky outcrop. The goat appears to be a mountain goat with a white coat, and it has visible horns. The presence of the goat is evident, and its horns are clearly visible, indicating that they are not missing."}, {"ans": [true, false, 0.9], "reasoning": "The image clearly shows a red sneaker with white soles sitting on a ledge in front of a row of gray lockers. The sneaker is visible and identifiable, answering the first question affirmatively. The laces of the sneaker are present and visible, answering the second question negatively. The image is well-lit and in focus, with the sneaker being the central subject, indicating a high-quality image. However, the quality score is not 1 due to minor dirt and wear visible on the ledge and sneaker sole."}, {"ans": [true, false, 0.9], "reasoning": "The image clearly shows a green frog sitting in water with lily pads around it. The frog's body and facial features are visible, including its eyes, which are clearly visible and not missing. The image is sharp and well-lit, indicating good quality. The presence of the frog and its visible eyes directly answers both questions."}, {"ans": [true, false, 0.9], "reasoning": "The image is showing a white porcelain mug with a blue floral pattern. The mug has a handle on the right side. The presence of the mug is clear, so the answer to the first question is True. The handle is visible, so the answer to the second question is False. The image is clear and well-lit, with a clear view of the mug and its details, hence the quality score is 0.9."}, {"ans": [true, false, 0.9], "reasoning": "The image clearly shows a saxophone, which is the main object in question. The saxophone is depicted with its keys visible, indicating that the keys are not missing. The image is of high quality, with clear details of the instrument, and the presence of keys does not negatively impact the quality score as per the instructions."}, {"ans": [true, false, 1.0], "reasoning": "The image clearly shows a skateboard with its wheels visible, so the main object is present. The wheels are not missing or invisible; they are clearly visible and appear to be in good condition. The image is well-lit and in focus, with no significant issues affecting its quality."}, {"ans": [true, false, 1.0], "reasoning": "The image shows a fedora hat on a stand. The fedora is clearly visible and has a brim, which is also visible. Therefore, the answer to the first question is True because the image is showing a fedora. The answer to the second question is False because the brim is visible, not missing or not visible. The quality of the image is rated 1 because it is clear and well-lit, and there are no issues with the visibility of the main object."}, {"ans": [true, false, 0.9], "reasoning": "The image clearly shows a motorcycle helmet on a workbench, surrounded by various tools. The helmet has a visor that is intact and visible, indicating that it is not missing. The quality of the image is high, with clear details of the helmet and its surroundings, thus the quality score is 0.9."}, {"ans": [true, true, 0.9], "reasoning": "The image shows a bedframe with an ornate wooden headboard and footboard, and the mattress is not visible inside the frame. The bedframe is the main object in the image, so the answer to the first question is True. The mattress is not visible, so the answer to the second question is True. The image is of high quality, with clear details of the bedframe and its surroundings, so the quality score is 0.9."}, {"ans": [true, false, 1.0], "reasoning": "The image is showing a clock tower with a visible clock face. The clock tower is the main object in the image and is clearly visible. The clock face is also visible, so it is not missing or not visible. The image is of high quality, with clear details and good lighting."}, {"ans": [true, false, 0.9], "reasoning": "The image is showing a pocket watch with its face open, revealing intricate mechanical components. The hands of the watch are visible, indicating the time. Therefore, for Question 1, the answer is True because the image is showing a pocket watch. For Question 2, the answer is False because the hands are visible and not missing. The quality of the image is rated 0.9 because it is clear and well-lit, with no visible distortions or obstructions that would hinder the view of the pocket watch or its details."}, {"ans": [true, false, 0.9], "reasoning": "The image clearly shows a bicycle leaning against a stone wall. The bicycle is red with white accents and has the brand name 'Trek' written on its frame. The pedals are visible and appear to be part of the bicycle. The image is well-lit and in focus, suggesting a high-quality image. The presence of the bicycle and its details are clearly visible, answering the first question affirmatively. For the second question, the pedals are visible, so they are not missing or not visible, answering the second question negatively."}, {"ans": [true, false, 0.9], "reasoning": "The image is showing a portrait of a woman with visible eyes. The portrait is clearly visible and is the main focus of the image. The eyes are also clearly visible, so they are not missing or invisible. The quality of the image is high, with clear details and good lighting, so the quality score is 0.9."}, {"ans": [true, false, 1.0], "reasoning": "The image is showing a grand piano on a stage with its lid open, revealing the internal mechanism including the hammers. The presence of the hammers is visible as they are illuminated by the stage lights. Therefore, for Question 1, the answer is True because the image is showing a grand piano. For Question 2, the answer is False because the hammers are visible and not missing. The quality of the image is rated as 1 because it is clear and well-lit, showcasing the grand piano and its internal components effectively."}, {"ans": [true, true, 0.9], "reasoning": "The image depicts a sailing ship, which is the main object in the image. The ship has three masts with rigging but no visible sails. The absence of sails is noticeable, and they are not merely obscured from view. The image is clear and well-defined, showing the details of the ship and its surroundings. The quality of the image is high, with a score of 0.9, as it clearly captures the ship and its features without any significant distortion or obstruction."}, {"ans": [true, false, 0.9], "reasoning": "The image shows a large tree with sprawling branches and a thick trunk, which is consistent with the appearance of an oak tree. The leaves are visible on the branches, indicating that the tree is not bare. The presence of leaves on the tree answers both questions: the image is showing an oak tree, so the answer to the first question is True; and since the leaves are visible, the answer to the second question is False. The image is clear and well-lit, with good detail visible in both the tree and the surrounding environment, which is why the quality is rated as 0.9."}, {"ans": [true, true, 0.9], "reasoning": "The image depicts a charming stone cottage with a sloping roof, covered in lush green ivy. The cottage has several windows and a chimney, giving it a cozy appearance. However, upon closer inspection, it becomes apparent that there is no visible door on the front facade of the cottage. The presence of the cottage is evident, fulfilling the first question's condition. For the second question, the door is not visible, making it 'missing or not visible.' The image quality is rated high because it clearly shows the details of the cottage and its surroundings, despite the door being absent or obscured."}, {"ans": [true, false, 0.9], "reasoning": "The image clearly shows a passenger jet on the tarmac. The wings are visible and appear to be intact, so they are not missing. The quality of the image is high, with clear details of the aircraft and its surroundings. The presence of other planes and airport vehicles in the background adds context to the scene."}, {"ans": [true, true, 1.0], "reasoning": "The image clearly shows a wristwatch with a minimalist design, featuring a gray face and a leather strap. The watch face does not display any numbers, directly answering the second question. The presence of the watch confirms the first question. The image is of high quality, well-lit, and in focus, hence the quality score is 1."}, {"ans": [true, false, 0.9], "reasoning": "The image is showing a pizza with a red sauce base and basil leaves on top. The crust is visible and appears to be cooked. There are some white spots on the sauce, which could be cheese, indicating that the pizza is not entirely without cheese. Therefore, the answer to the first question is True. For the second question, since there are visible white spots that could be cheese, it is not entirely missing or not visible. Hence, the answer is False. The image quality is rated 0.9 because it is clear and well-lit, showing the details of the pizza."}, {"ans": [true, false, 0.9], "reasoning": "The image clearly shows traffic signals with visible lights. The main objects in the image are traffic signals, and they are present. The lights on the traffic signals are also visible, indicating that they are not missing. The quality of the image is high, with clear details of the traffic signals and the surrounding environment. The only reason for a quality score less than 1 is the slight overexposure in the center of the image, but it does not affect the visibility of the traffic signals or their lights."}, {"ans": [true, false, 0.9], "reasoning": "The image shows a skateboard with wheels. The skateboard is lying on the ground, and its wheels are visible. The presence of the skateboard in the image answers the first question affirmatively. For the second question, since the wheels are clearly visible, they are not missing or invisible. The image quality is rated high because it is clear and well-lit, allowing for easy identification of the skateboard and its components."}, {"ans": [true, false, 0.9], "reasoning": "The image is showing a chessboard with pieces on it, so the answer to the first question is True. The black pieces are visible on the chessboard, so the answer to the second question is False. The quality of the image is rated 0.9 because it is clear and well-lit, with no visible distortions or obstructions."}, {"ans": [true, false, 0.9], "reasoning": "The image shows a red sports car in a showroom. The car is clearly visible and appears to be a high-performance vehicle. The brakes are visible through the spokes of the wheels, so they are not missing or invisible. The image is well-lit and of high quality, with a clear view of the car's features. The only reason the quality score is not 1 is due to the slight reflection and lighting effects on the car's surface."}, {"ans": [true, true, 1.0], "reasoning": "The image is showing an open book on a wooden table, with the pages facing upwards. The pages are blank and do not contain any text. The book is the main object in the image, and it is clearly visible. Therefore, the answer to the first question is True. The text is not visible on the pages of the book, so the answer to the second question is also True. The image is of high quality, with clear details and proper lighting, so the quality score is 1.0."}, {"ans": [true, false, 1.0], "reasoning": "The image shows a computer tower with a transparent side panel, revealing the internal components. The internal components are well-lit and visible, including the motherboard, graphics card, and fans. The fans are clearly visible and appear to be installed in the computer tower. Therefore, the answer to Question 1 is True, as the image is showing a computer tower. The answer to Question 2 is False, as the fans are visible in the image. The quality of the image is rated as 1, as it is clear and well-lit, with no visible distortions or issues."}, {"ans": [true, false, 0.9], "reasoning": "The image clearly shows a scarecrow with a straw hat, a plaid shirt, and straw-stuffed body standing in a field. The scarecrow is positioned in front of a wooden fence post, and its arms are visible, made of straw and attached to the body. The image is well-lit and in focus, with a clear view of the scarecrow and its surroundings. The quality of the image is high, with a score of 0.9, as it is clear and well-composed. The presence of the scarecrow's arms answers question 2, indicating that they are not missing or invisible."}, {"ans": [true, false, 0.9], "reasoning": "The image depicts a knight in armor, which directly answers the first question. For the second question, the sword is visible, hanging from the knight's belt on the left side, so it is not missing or invisible. The quality of the image is rated high because it clearly shows the details of the knight and his armor, with the sword being visible."}, {"ans": [true, false, 1.0], "reasoning": "The image is showing a teapot with a floral design on it. The teapot has a handle, a spout, and a lid, which are all typical features of a teapot. The handle is visible on the right side of the teapot. Therefore, the answer to Question 1 is True because the image is showing a teapot. The answer to Question 2 is False because the handle is visible. The quality of the image is rated as 1 because it is clear and well-lit, and there are no visible distortions or obstructions that would detract from the viewer's ability to see the teapot and its features."}, {"ans": [true, false, 1.0], "reasoning": "The image clearly shows a basketball hoop with a net. The basketball hoop is the main object in the image, and it is visible along with its net. Therefore, the answer to the first question is True. For the second question, the net is clearly visible and not missing, so the answer is False. The image is of high quality as it clearly captures the details of the basketball hoop and the net."}, {"ans": [true, false, 1.0], "reasoning": "The image shows a dining table set with plates, utensils, and glasses. The table is fully set, and the glasses are clearly visible. Therefore, the answer to Question 1 is True because the image is showing a dining table. The answer to Question 2 is False because the glasses are not missing or invisible; they are present on the table. The quality of the image is rated 1 because it is clear and well-lit, and there are no issues with the visibility of the key elements."}, {"ans": [true, true, 0.8], "reasoning": "The image shows a close-up view of an old typewriter with its internal mechanisms visible. The typewriter is present and appears to be in a somewhat worn condition, indicating it is likely an older model. The ribbon is not visible in the image, suggesting it might be missing or not visible due to the angle or condition of the typewriter. The quality of the image is rated 0.8 because it is clear and well-focused on the typewriter, capturing its details. The absence of the ribbon does not negatively affect the quality score as per the instructions."}, {"ans": [true, true, 0.8], "reasoning": "The image shows a rack of winter jackets, which are clearly visible and appear to be in good condition. The jackets are hanging on a metal rod with wooden hangers, and they are all facing forward. The image is well-lit, and the jackets are not obstructed by any other objects. Upon closer inspection, it appears that some of the jackets have buttons or other fasteners, but no zippers are visible. Therefore, the answer to Question 1 is True, as the image is showing winter jackets. The answer to Question 2 is also True, as the zippers are either missing or not visible on the jackets. The quality of the image is rated as 0.8, as it is clear and well-lit, but may not be perfect due to some minor imperfections or compression artifacts."}, {"ans": [true, false, 0.9], "reasoning": "The image clearly shows two large sunflowers against a blue sky with some clouds. The sunflowers are facing towards the camera, and their faces are visible. The seeds on both sunflowers are clearly visible, indicating that they are mature and possibly ready for harvest. Therefore, the answer to the first question is True because the image is showing sunflowers. The answer to the second question is False because the seeds are visible on both sunflowers. The quality of the image is rated 0.9 because it is clear and well-lit, with good detail visible on the sunflowers and the background."}, {"ans": [true, false, 0.9], "reasoning": "The image clearly shows an elephant walking on a dirt path in a savannah. The elephant is centered in the image and is facing the camera. It has a large body, tusks, and a trunk that is visible and not missing. The trunk is hanging down from the elephant's face, and it is clearly visible. The image is of high quality, with clear details of the elephant and its surroundings. The presence of other elephants in the background and the natural setting adds to the authenticity of the image. Therefore, the answer to the first question is True because the image is showing an elephant. The answer to the second question is False because the trunk is not missing or invisible; it is clearly visible hanging down from the elephant's face. The quality of the image is rated 0.9 because it is clear and well-defined, with no significant issues affecting its quality."}, {"ans": [true, true, 0.9], "reasoning": "The image shows a rowboat, which is the main object in the image. The boat is white with a brown trim and has a wooden interior. It is positioned on a trailer or stand, with a lake and trees visible in the background. The oars are not visible in the image, suggesting that they are either missing or not visible. Therefore, the answer to the first question is True, as the image is showing a rowboat. The answer to the second question is also True, as the oars are not visible. The quality of the image is rated as 0.9, indicating that it is a clear and well-defined image."}, {"ans": [true, false, 0.9], "reasoning": "The image clearly shows a snowman in a residential yard during winter. The snowman is adorned with a top hat, scarf, and has visible buttons on its body, indicating that the buttons are not missing. The presence of the snowman directly answers the first question affirmatively. For the second question, since the buttons are visible on the snowman's body, it indicates that the buttons are not missing or invisible. The image quality is rated high because it is clear and detailed, capturing the winter scene effectively."}, {"ans": [true, true, 0.9], "reasoning": "The image shows a fountain pen with a red handle and gold accents, displayed on a clear stand over a notebook. The pen's nib is visible, and there is no visible ink in the pen's reservoir. The image is clear and well-lit, with the pen being the main focus. The quality of the image is high, with good resolution and detail. The ink is not visible, so it is considered missing."}, {"ans": [true, false, 0.9], "reasoning": "The image shows a palette with paint and two paintbrushes. The paintbrushes are visible and have bristles, so the main object (paintbrush) is present. The bristles are visible on both brushes, so they are not missing or invisible. The image is well-lit and clear, but the quality score is not 1 because the palette and paint are the main focus, and the brushes are somewhat secondary, but still clearly visible."}, {"ans": [true, false, 1.0], "reasoning": "The image clearly shows a pair of eyeglasses with temples on top of a piece of newspaper. The glasses are positioned in a way that both lenses and the temples are visible, indicating that the main object (eyeglasses) is present. The temples are not missing or invisible; they are clearly visible, extending from the frame of the glasses. Therefore, for Question 1, the answer is True because the image is showing eyeglasses. For Question 2, the answer is False because the temples are visible and not missing. The quality of the image is rated as 1 because it is clear and well-defined, with no significant issues affecting the visibility of the main object or its key elements."}, {"ans": [true, false, 0.9], "reasoning": "The image clearly shows a person holding an umbrella on a rainy street. The umbrella is visible and appears to be intact with its ribs visible under the fabric. The image is well-lit and focused, capturing the details of the scene. The presence of the umbrella is evident, and its ribs are visible, indicating that they are not missing. The quality of the image is high, with clear details of the surroundings and the subject."}, {"ans": [true, false, 0.9], "reasoning": "The image is showing a wristwatch with a visible face and hour markers on the outer rim, so the answer to Question 1 is True. The hour markers are visible, so the answer to Question 2 is False. The quality of the image is high, with clear details of the watch, so the quality score is 0.9."}, {"ans": [true, false, 0.9], "reasoning": "The image shows a camping tent with its structure visible, indicating the presence of poles supporting it. The poles are visible and appear to be part of the tent's structure, so they are not missing. The image is clear and well-lit, showing the tent and its surroundings in detail, hence the high quality score."}, {"ans": [true, true, 0.8], "reasoning": "The image is a close-up of a cuckoo clock, which is the main object. The clock face is visible and centered in the image, surrounded by intricate carvings of leaves, deer, and other forest elements. The weights are not visible in the image, suggesting they are either missing or not visible from the current angle. The image is of high quality, with detailed carvings and a clear view of the clock face, hence a quality score of 0.8."}, {"ans": [true, true, 0.8], "reasoning": "The image is showing a smartphone standing upright on a table. The phone's screen is visible, displaying various icons and a blurred background reflection. The phone's front side is facing the camera, and there is no visible speaker grille on the visible side of the phone. The image quality is good, with a clear view of the phone and its screen, although the background is blurred."}, {"ans": [true, false, 0.9], "reasoning": "The image clearly shows a motorcycle, so the answer to Question 1 is True. The speedometer is visible on the handlebars, so the answer to Question 2 is False. The image is well-lit and in focus, with the motorcycle as the main subject, so the quality is rated 0.9. The dust around the motorcycle does not detract from its overall visibility."}, {"ans": [true, true, 0.9], "reasoning": "The image shows a violin and its bow. The bow is clearly visible, so the answer to the first question is True. The hair on the bow is not visible, so the answer to the second question is True. The quality of the image is rated 0.9 because it is clear and well-lit, and the violin and bow are prominently displayed."}, {"ans": [true, false, 0.9], "reasoning": "The image depicts a birdcage hanging from the ceiling of a porch. The birdcage is the main object in the image and is clearly visible. Inside the birdcage, there are several elements including a small hanging bell and a small dish, but most importantly, there is a visible perch inside the cage. Therefore, for Question 1, the answer is True because the image is showing a birdcage. For Question 2, the answer is False because the perch is visible inside the birdcage. The quality of the image is rated 0.9 because it is clear and well-lit, with no apparent issues that would detract from the visibility of the main object or its components."}, {"ans": [true, false, 1.0], "reasoning": "The image shows a statue of a woman with a head, standing between marble columns. The statue is clearly visible and appears to be in good condition. The head is present and visible, so the answer to question 2 is False. The image is of high quality, with clear details of the statue and its surroundings, so the quality score is 1."}, {"ans": [true, false, 1.0], "reasoning": "The image is showing a teddy bear with a visible nose, so the answer to the first question is True. The nose is clearly visible, so the answer to the second question is False. The image is clear and well-lit, and the teddy bear is the main focus, so the quality score is 1."}, {"ans": [true, false, 0.9], "reasoning": "The image clearly shows a pair of white sneakers, which are dirty and worn out, leaning against a white door. The sneakers have laces that are visible and appear to be intact, although they are also dirty. The presence of laces is evident as they are threaded through the eyelets and tied. The image is well-lit and in focus, indicating a high-quality image. The sneakers are the main object in the image, and they are clearly visible."}, {"ans": [true, true, 0.9], "reasoning": "The image is showing a refrigerator with its door open. The door shelves are not visible from the given angle, as the door is open and the shelves on the door are not visible. Therefore, for Question 1, the answer is True because the main object (the refrigerator) is present. For Question 2, the answer is True because the door shelves are not visible. The quality of the image is rated 0.9 because it is clear and well-lit, and the absence of door shelves does not negatively impact the quality score as per the instructions."}, {"ans": [true, false, 0.9], "reasoning": "The image shows a group of people sitting around a campfire in a forest. The campfire is clearly visible and has flames, so the main object (campfire) is present. The flames are also visible, so they are not missing or invisible. The image is well-lit and clear, with a good composition, hence the high quality score."}, {"ans": [true, false, 0.9], "reasoning": "The image clearly shows a drinking fountain with water flowing from it. The presence of the fountain and the flowing water indicates that the main object is indeed a drinking fountain. Therefore, the answer to the first question is True. For the second question, since water is visibly flowing from the fountain, it is not missing or invisible. Hence, the answer is False. The image is of high quality as it clearly depicts the drinking fountain and its details, so the quality score is 0.9."}, {"ans": [true, false, 0.9], "reasoning": "The image clearly shows a revolver with a visible trigger guard. The revolver is positioned on a green cloth, and its details are well-defined. The presence of a trigger guard is evident as it surrounds the trigger. Therefore, the answer to the first question is True because the main object is indeed a revolver. For the second question, the answer is False because the trigger guard is visible and not missing. The quality of the image is rated 0.9 because it is clear and well-lit, with all parts of the revolver visible and in focus."}, {"ans": [true, false, 0.9], "reasoning": "The image is showing a compass rose, which is the main object in the image. The compass rose is prominently displayed and has a north arrow, which is visible and not missing. The image is of high quality, with detailed illustrations and a clear depiction of the compass rose. The quality score is 0.9 because the image is well-rendered and easy to interpret, although it may have some minor aging effects that slightly detract from its overall clarity."}, {"ans": [true, false, 0.9], "reasoning": "The image depicts a futuristic cityscape with tall, sleek skyscrapers that are characteristic of science fiction. The presence of these structures aligns with the definition of skyscrapers. Upon closer inspection, it is evident that the skyscrapers have numerous windows, some of which are illuminated, indicating that they are not missing. The overall quality of the image is high, with clear details and vibrant colors, thus rating it a 0.9. The slight deduction is due to the hazy atmosphere in the background, which slightly obscures some details."}, {"ans": [true, false, 0.9], "reasoning": "The image shows a conductor standing in front of an orchestra, wearing a black tuxedo and holding a baton in his right hand. The conductor is clearly visible and appears to be leading the orchestra. The baton is held in his right hand, indicating that it is not missing. The image is well-lit and in focus, with a clear view of the conductor and the orchestra. The quality of the image is high, with a score of 0.9 out of 1. The presence of the baton in the conductor's hand answers question 2 as False, indicating that the baton is not missing or invisible."}, {"ans": [true, true, 0.9], "reasoning": "The image depicts a soccer field with a goal visible in the background on the right side. The goal appears to be without a crossbar, as there is no visible horizontal bar connecting the two goalposts. Therefore, the answer to Question 1 is True because the image is showing a soccer goal. The answer to Question 2 is True because the crossbar is not visible, implying it is either missing or not visible. The quality of the image is rated 0.9, as it is clear and well-lit, with no significant obstructions or distortions that would affect the visibility of the main elements."}, {"ans": [true, true, 0.8], "reasoning": "The image is showing a microscope. The main body of the microscope is visible, so the answer to the first question is True. The lenses are not clearly visible due to the multiple overlapping images of the microscope, making it appear as if they are missing or not visible. Therefore, the answer to the second question is True. The quality of the image is rated 0.8 because while the main object (microscope) is clear, the overlapping images and slight blur around the edges reduce the overall clarity."}]