[{"ans": [true, true, 1.0], "reasoning": "The image depicts a sailboat on calm waters with a clear blue sky in the background. The sailboat is white and has two masts, with one sail partially visible but not fully extended or filled with wind, appearing to be furled or not fully deployed. The boat is centered in the image, and the surrounding water is serene and reflective. For Question 1, the image is showing a sailboat, so the answer is True. For Question 2, the sails are not fully visible or deployed, so the answer is True. The image quality is rated as 1 because it is clear and well-composed, capturing the details of the sailboat and its surroundings effectively."}, {"ans": [true, true, 0.9], "reasoning": "The image is clearly showing a bicycle, so the answer to the first question is True. The chain of the bicycle is not visible, so the answer to the second question is True. The image is of high quality, with clear details of the bicycle and the background, so the quality score is 0.9. The chain's absence does not affect the quality score as per the instructions."}, {"ans": [true, false, 0.9], "reasoning": "The image clearly shows a cat, so the answer to the first question is True. The cat's whiskers are visible, so the answer to the second question is False. The image is of high quality, with the cat in sharp focus and a clear background, so the quality score is 0.9."}, {"ans": [true, true, 0.9], "reasoning": "The image depicts a large, ancient stone structure with towers and battlements, characteristic of a castle. The main object in the image is indeed a castle, so the answer to the first question is True. For the second question, there are no visible gates in the image, so the answer is True as the gates are either missing or not visible. The image is clear and well-lit, showing the details of the castle and its surroundings, hence the quality is rated 0.9."}, {"ans": [true, false, 1.0], "reasoning": "The image clearly shows a hot-air balloon with a visible basket. The balloon is the main object in the image, and it is accompanied by a basket that is suspended beneath it. The presence of the basket is evident, and it is not missing or invisible. Therefore, the answer to the first question is True, and the answer to the second question is False. The image is of high quality, with clear details of the balloon and the basket, so the quality score is 1."}, {"ans": [true, false, 1.0], "reasoning": "The image clearly shows a turtle with a visible shell. The turtle is centered in the image, and its shell is not missing or obscured. The image is of high quality, with clear details of the turtle's features and its surroundings."}, {"ans": [true, false, 0.9], "reasoning": "The image clearly shows a train at a station, indicating that the main object is indeed a train. The wheels of the train are visible, so they are not missing or invisible."}, {"ans": [true, false, 0.9], "reasoning": "The image clearly shows a pair of eyeglasses with lenses. The lenses are visible and not missing, so the answer to the second question is False. The image is of high quality, with clear details of the eyeglasses and their reflection on the surface below. The slight deduction in quality score is due to minor imperfections like specks on the lenses and surface, but these do not detract significantly from the overall clarity."}, {"ans": [true, false, 1.0], "reasoning": "The image shows a fountain pen with its cap removed and placed above it. The nib of the pen is clearly visible, indicating that it is not missing. Therefore, the answer to the first question is True because the image is showing a fountain pen. The answer to the second question is False because the nib is visible. The quality of the image is rated as 1 because it is clear and well-defined, with no visible distortions or issues that would detract from the visibility of the pen or its nib."}, {"ans": [true, true, 0.9], "reasoning": "The image shows a large, metal umbrella frame without a canopy, leaning against a wall next to a chair. The frame is clearly visible, indicating that the main object is an umbrella. The canopy is missing, as evidenced by the bare metal structure. The image quality is high, with clear details of the umbrella's frame and the surrounding environment."}, {"ans": [true, false, 1.0], "reasoning": "The image clearly shows an airplane on a runway, with its wings visible. The presence of the airplane is evident, and the wings are not missing or invisible. Therefore, the answer to the first question is True, and the answer to the second question is False. The image quality is rated as 1 because it is clear and well-defined, with no visible distortions or obstructions that would affect the visibility of the airplane or its wings."}, {"ans": [true, false, 0.9], "reasoning": "The image shows a desk lamp with a brass finish, which is clearly visible on the desk next to an open book. The lamp appears to be intact and has a bulb, although the bulb itself is not clearly visible due to the angle and lighting. However, the presence of a bulb can be inferred from the shadow cast by the lamp and the fact that the lamp is turned on, as indicated by the light shining on the wall. Therefore, the answer to Question 1 is True because the image is showing a desk lamp. The answer to Question 2 is False because the bulb is present and visible enough to be inferred. The quality of the image is rated 0.9 because it is clear and well-lit, with good detail visible in the lamp and the surrounding objects."}, {"ans": [true, false, 0.9], "reasoning": "The image shows an electric guitar with a visible neck, answering the first question as True. The neck is clearly visible, so the second question is answered as False. The image is well-lit and clear, with the guitar being the main focus, hence a high-quality score of 0.9. The slight deduction is due to the presence of a shadow on the wall behind the guitar, which slightly affects the overall clarity."}, {"ans": [true, false, 0.9], "reasoning": "The image clearly depicts a glass sculpture of a fish, with detailed features including scales and fins. The presence of fins is evident, so they are not missing or invisible. The image is well-lit and focused, showcasing the intricate details of the sculpture, hence a high-quality score."}, {"ans": [true, false, 1.0], "reasoning": "The image depicts a small, two-story brick cottage with a sloping roof, situated in a field surrounded by trees and wildflowers. The cottage is the main object in the image, and it is clearly visible. The roof is present and visible, covering the cottage. The image is of high quality, with clear details and a well-composed scene."}, {"ans": [true, true, 1.0], "reasoning": "The image shows a vintage convertible car with its top down, and the windshield is not visible. The main object in the image is a car, so the answer to the first question is true. Since the windshield is not visible due to the angle of the photo and the fact that the top is down, the answer to the second question is true. The quality of the image is rated as 1 because it is clear and well-lit, and the key elements are visible."}, {"ans": [true, true, 0.8], "reasoning": "The image shows a transparent keyboard with illuminated keys, which is the main object. The spacebar is not visible or is missing, as there is a noticeable gap in the bottom row of keys where the spacebar should be. The image is clear and well-lit, showing the keyboard's details, hence a high quality score."}, {"ans": [true, false, 1.0], "reasoning": "The image clearly depicts an owl with visible feathers, perched on a branch under a moonlit sky. The owl is the main object in the image, and its feathers are detailed and visible, indicating that the feathers are not missing or invisible. The image is of high quality, with clear details and a coherent composition."}, {"ans": [true, true, 1.0], "reasoning": "The image depicts a large, leather-bound book with its cover open, resting on a wooden table. The book's pages are not visible, as they are either missing or hidden from view. The image is of high quality, with clear details and no apparent distortions."}, {"ans": [true, false, 0.9], "reasoning": "The image clearly depicts a lighthouse on a cliff, with a white tower and a black railing around the top. The lighthouse is the main object in the image. The lamp is visible inside the glass enclosure at the top of the lighthouse, so it is not missing or invisible. The image is of high quality, with clear details of the lighthouse and its surroundings, although the stormy weather and rain may slightly affect the clarity."}, {"ans": [true, false, 1.0], "reasoning": "The image is showing an armchair with visible legs. The chair is centered in the image and is the main focus. The legs are visible at the bottom of the chair, indicating that they are not missing. The image is clear and well-lit, allowing for a good view of the chair and its features. Therefore, the answer to Question 1 is True because the image is showing an armchair. The answer to Question 2 is False because the legs are visible. The quality of the image is rated as 1 because it is clear and well-lit."}, {"ans": [true, true, 0.9], "reasoning": "The image shows a deer standing in a forest, facing the camera. The deer appears to be a young female or a male without antlers, as there are no visible antlers on its head. The image is clear and well-lit, with the deer being the main subject. The forest background is also visible, with trees and foliage surrounding the deer. The overall quality of the image is high, with good resolution and lighting. However, the presence of some branches and leaves in the foreground slightly obscures the view, preventing a perfect score."}, {"ans": [true, false, 1.0], "reasoning": "The image shows a pink envelope with a visible flap. The envelope is centered on a marble surface. The flap is partially visible and appears to be closed. The image is clear and well-lit, allowing for a detailed view of the envelope."}, {"ans": [true, true, 1.0], "reasoning": "The image is showing a wall clock with a white face and black hands, mounted on a wall above a fireplace. The clock face does not have any numbers visible. Therefore, the answer to Question 1 is True because the main object, a wall clock, is present. The answer to Question 2 is also True because the numbers on the clock face are not visible. The quality of the image is rated as 1 because it is clear and well-defined, and the absence of numbers on the clock face is not considered a factor in decreasing the quality score."}, {"ans": [true, false, 0.9], "reasoning": "The image shows a person wearing a white space suit, submerged in a pool of water. The space suit is fully visible, including the helmet, which is intact and not missing. The image is clear and well-lit, with good visibility of the space suit and its details. The quality of the image is high, with a score of 0.9, as it is clear and well-defined."}, {"ans": [true, false, 0.9], "reasoning": "The image is showing a windmill with visible blades, so the main object is present. The blades are clearly visible, so they are not missing or not visible. The image is of high quality as it clearly shows the windmill and its details."}, {"ans": [true, true, 1.0], "reasoning": "The image prominently features a large tree with bare branches, indicating that it is either winter or the tree is dead. The tree's structure, including its trunk and branches, is clearly visible. For Question 1, the presence of a tree is confirmed, so the answer is True. For Question 2, the leaves are not visible on the main tree, and it is clear that they are missing, so the answer is True. The image is of high quality as it clearly shows the details of the tree and its surroundings, hence the quality score is 1.0."}, {"ans": [true, true, 1.0], "reasoning": "The image is showing a yellow school bus. The rear section of the bus is visible, with several rows of seats inside. The doors are not visible, as the image is taken from the rear and slightly from the side. The overall condition of the bus appears to be worn and weathered, with visible signs of rust and damage. The image is clear and well-lit, allowing for a detailed view of the bus's exterior and interior."}, {"ans": [true, false, 1.0], "reasoning": "The image is showing a laptop with its screen open and visible. The laptop is placed on a desk, and the screen is clearly visible, indicating that it is not missing. Therefore, the answer to Question 1 is True because the image is showing a laptop. The answer to Question 2 is False because the screen is visible. The quality of the image is rated as 1 because it is clear and well-lit, and there are no visible distortions or issues that would detract from the overall quality."}, {"ans": [true, true, 0.9], "reasoning": "The image shows a brass instrument, specifically a cornet, resting on a red velvet fabric. The instrument is gold in color and has a complex system of valves and tubing. The mouthpiece is not visible, suggesting it is either missing or not attached. The image is clear and well-lit, allowing for a detailed view of the instrument. The quality of the image is high, with a score of 0.9 out of 1. The presence of the cornet answers the first question affirmatively. The absence of the mouthpiece answers the second question affirmatively as well."}, {"ans": [true, false, 0.9], "reasoning": "The image clearly depicts a robot with a visible head in a laboratory setting. The robot is the main object in the image, and its presence is evident. The head of the robot is also clearly visible, indicating that it is not missing. The image is of high quality, with clear details of the robot and its surroundings. The only reason for not giving it a perfect score is the slight blurriness in the background, but this does not affect the visibility of the robot or its head."}, {"ans": [true, true, 1.0], "reasoning": "The image shows a candle on a silver tray. The candle is the main object and is clearly visible. The wick is not visible, indicating it is either missing or not visible. The image is of high quality as it is clear and well-lit."}, {"ans": [true, false, 0.9], "reasoning": "The image clearly shows a pizza, which is the main object in the image. The pizza is topped with various ingredients including tomatoes, basil leaves, and what appears to be cheese, although the cheese is not the primary focus. The presence of cheese is visible, indicating that it is not missing. The image is of high quality, with clear details of the pizza and its toppings. The only reason it wouldn't be a perfect score is due to the slight presence of the parchment paper and the surface it's on, which could be considered minor distractions, but they do not detract significantly from the main subject."}, {"ans": [true, true, 0.9], "reasoning": "The image is showing a DSLR camera without a lens, as the lens mount is visible and empty. The camera body is clearly identifiable as a DSLR, meeting the condition for Question 1. For Question 2, the lens is not attached to the camera, making it 'missing or not visible.' The image quality is rated 0.9 because it is clear and well-lit, with the main subject (the camera) in sharp focus. The slight deduction from 1 is due to minor imperfections in the background and the wooden shelf, but these do not detract significantly from the overall clarity of the image."}, {"ans": [true, false, 0.9], "reasoning": "The image is showing a grand piano on a stage in an auditorium. The piano's lid is open, and the keys are visible. Therefore, the answer to the first question is True because the image is showing a piano. The answer to the second question is False because the keys are visible. The quality of the image is rated 0.9 because it is clear and well-lit, with no visible distortions or obstructions."}, {"ans": [true, true, 0.8], "reasoning": "The image shows a paintbrush with a visible handle and a portion of the brush near the palette, but the bristles are not clearly visible as they are likely covered in paint and possibly merged with the paint on the palette. The presence of the paintbrush is confirmed by the visible handle. The bristles are considered missing or not visible because they are not discernible from the paint on the palette. The image quality is rated 0.8 because it is a close-up and the details are somewhat obscured by the paint."}, {"ans": [true, false, 0.9], "reasoning": "The image clearly shows a smartwatch on a countertop. The watch is visible and appears to be an Apple Watch, given its design. The strap is partially visible, indicating that it is not missing. The quality of the image is high, with clear details of the watch and its surroundings. The countertop and background are also well-defined, contributing to the overall high quality of the image."}, {"ans": [true, true, 0.8], "reasoning": "The image shows a person in a dentist's chair with their mouth open and a transparent overlay of a skull. The mouth is clearly visible, so the answer to the first question is True. The tongue is not visible due to the overlay, so the answer to the second question is True. The quality of the image is rated 0.8 because it is clear and well-lit, but the overlay might be considered a distraction."}, {"ans": [true, false, 0.9], "reasoning": "The image clearly shows a motorcycle parked on a street at night. The motorcycle is facing to the right and its handlebars are visible, indicating that they are not missing. The image is well-lit and the details of the motorcycle are clearly visible, suggesting a high-quality image. The slight deduction in quality score is due to the overall surreal and neon-lit atmosphere, which might be considered slightly unnatural or overly stylized."}, {"ans": [true, false, 0.9], "reasoning": "The image clearly shows an old television set with a visible screen, so the answer to the first question is True. The screen is present and visible, so the answer to the second question is False. The quality of the image is rated 0.9 because it is clear and well-lit, with no significant distortions or obstructions."}, {"ans": [true, false, 0.9], "reasoning": "The image shows a white goat standing on a rocky outcrop. The goat has a shaggy coat and appears to be a mountain goat. The goat has small horns that are visible on its head. The background is blurred but appears to be a mountainous landscape. The image is clear and well-focused, with good lighting. The quality of the image is high, with a score of 0.9. The main object, a goat, is present, so the answer to the first question is True. The horns are visible, so the answer to the second question is False."}, {"ans": [true, false, 1.0], "reasoning": "The image clearly shows a red sneaker with white soles and laces, sitting on a bench in front of gray lockers. The sneaker is the main object in the image and is fully visible. The laces are present and visible, threaded through the eyelets. The image is clear and well-lit, with no visible distortions or obstructions. Therefore, the answer to Question 1 is True, as the image is showing a sneaker. The answer to Question 2 is False, as the laces are not missing or invisible. The quality of the image is rated as 1, as it is clear and well-defined, with no issues that would affect the visibility of the sneaker or its details."}, {"ans": [true, false, 0.9], "reasoning": "The image is showing a green frog sitting on a lily pad in the water. The frog's eyes are clearly visible, so the answer to the second question is False. The image is of high quality, with clear details of the frog and its surroundings, so the quality score is 0.9. The presence of the frog's eyes does not affect the quality score as per the given instructions."}, {"ans": [true, false, 1.0], "reasoning": "The image is showing a mug with a handle, so the answer to the first question is True. The handle is visible, so the answer to the second question is False. The image is clear and well-lit, and the mug is centered in the frame, so the quality is rated as 1.0."}, {"ans": [true, false, 1.0], "reasoning": "The image is showing a saxophone, and the keys are visible on the instrument. The presence of the saxophone is clear, and the keys are not missing or invisible, they are clearly visible and appear to be intact. The image is of high quality, with good lighting and focus."}, {"ans": [true, false, 0.9], "reasoning": "The image is showing a skateboard with wheels attached to it, so the answer to the first question is True. The wheels are clearly visible, so the answer to the second question is False. The image is clear and well-lit, and the skateboard is centered in the frame, so the quality is rated as 0.9."}, {"ans": [true, false, 1.0], "reasoning": "The image shows a black hat on a wooden stand. The hat is a fedora, as it has a wide brim and indented crown, which are characteristic features of a fedora. The brim is visible and not missing, so the answer to the second question is False. The image is clear and well-lit, with the hat being the main focus, so the quality is rated as 1."}, {"ans": [true, false, 0.9], "reasoning": "The image clearly shows a motorcycle helmet on a workbench. The helmet is black with a clear visor that is currently up, making it visible. The presence of the visor means it is not missing, and since it is visible (even though it's in the 'up' position), the answer to whether the visor is missing or not visible is False. The image is of high quality, with good lighting and detail, and the presence or absence of the visor does not affect the quality score."}, {"ans": [true, true, 0.9], "reasoning": "The image shows a bedframe, which is the main object in the picture. The bedframe is ornate and made of wood, with intricate carvings on the headboard and footboard. The mattress is not visible, as it is not present in the image. The quality of the image is high, with clear details and good lighting. The score of 0.9 is given because the image is well-composed and the bedframe is the central focus."}, {"ans": [true, false, 1.0], "reasoning": "The image is showing a clock tower with a visible clock face. The clock tower is the main object in the image and is clearly visible. The clock face is also visible on the tower, indicating that it is not missing. Therefore, the answer to Question 1 is True, and the answer to Question 2 is False. The quality of the image is rated as 1 because it is clear and well-defined, with no visible distortions or issues that would affect the visibility of the clock tower or its clock face."}, {"ans": [true, false, 0.9], "reasoning": "The image is showing a pocket watch with an open face, revealing its intricate mechanical components. The hands of the watch are visible, indicating the time. The image is of high quality, with clear details of the watch's mechanisms and a well-lit composition. The presence of the hands is evident, so they are not missing or invisible."}, {"ans": [true, false, 1.0], "reasoning": "The image clearly shows a bicycle leaning against a stone wall. The bicycle is red with white accents and has two wheels, a frame, handlebars, and what appears to be a complete drivetrain including pedals. The pedals are visible and appear to be attached to the cranks, so they are not missing. The image is well-lit and in focus, showing all the key components of the bicycle clearly."}, {"ans": [true, false, 0.9], "reasoning": "The image shows a portrait of a woman with her eyes visible, hanging on a wall in an art gallery. The portrait is the main focus of the image, and it is clear and well-lit. The woman's eyes are clearly visible, so they are not missing or invisible. The image is of high quality, with good lighting and clarity, so the quality score is 0.9."}, {"ans": [true, false, 1.0], "reasoning": "The image clearly depicts a grand piano on a stage, with its top open and visible internal mechanisms, including the hammers. The presence of the grand piano is evident, and the hammers are visible, indicating they are not missing."}, {"ans": [true, false, 0.9], "reasoning": "The image depicts a sailing ship with three masts and visible sails, indicating it is a sailing ship. The sails are visible, so they are not missing or invisible. The image is clear and well-defined, suggesting a high-quality image."}, {"ans": [true, false, 0.9], "reasoning": "The image depicts a large tree with sprawling branches and a thick trunk, which is consistent with the appearance of an oak tree. The tree has leaves, although they are sparse in some areas, indicating that it is not entirely bare. The presence of leaves means that they are not entirely missing or invisible. The image is of high quality, capturing the details of the tree and its surroundings."}, {"ans": [true, true, 0.9], "reasoning": "The image depicts a charming stone cottage with a sloping roof and chimneys, surrounded by lush greenery. The cottage is the main object in the image, and it is clearly visible. Therefore, the answer to Question 1 is True. Upon closer inspection, it is evident that the front door of the cottage is not visible due to the dense foliage covering it. Hence, the answer to Question 2 is also True. The image is of high quality, with clear details and a serene atmosphere, warranting a quality score of 0.9."}, {"ans": [true, false, 0.9], "reasoning": "The image clearly shows a passenger jet on a runway, with its wings visible on both sides of the fuselage. The presence of the wings is evident, indicating that they are not missing. The image is of high quality, with clear details of the aircraft and its surroundings."}, {"ans": [true, true, 1.0], "reasoning": "The image is showing a wristwatch with a gray face and a leather strap. The watch face is simple and does not have any numbers on it. The watch is placed on a leather surface, possibly a watch box or case. The image is clear and well-lit, allowing for a good view of the watch. Therefore, the answer to the first question is True because the image is showing a wristwatch. The answer to the second question is also True because the numbers are missing from the wristwatch face. The quality of the image is rated as 1 because it is clear and well-lit."}, {"ans": [true, true, 0.9], "reasoning": "The image is showing a pizza with a red sauce base and basil leaves on top. There is no visible cheese on the pizza. The crust is visible and appears to be cooked. The image is clear and well-lit, with a good view of the pizza. The quality of the image is high, with a score of 0.9 out of 1. The absence of cheese is not considered a factor in determining the quality score."}, {"ans": [true, false, 0.9], "reasoning": "The image clearly shows traffic signals at an intersection. The traffic signals are visible and appear to be functioning, with lights illuminated on them. The presence of multiple traffic signals and the context of a busy city street confirm that the image is showing traffic signals. Therefore, the answer to the first question is True. For the second question, the lights are visible on the traffic signals, so the answer is False. The quality of the image is rated 0.9 because it is clear and well-lit, capturing the details of the traffic signals and the surrounding environment effectively."}, {"ans": [true, false, 1.0], "reasoning": "The image clearly shows a skateboard, which is the main object in question. The skateboard is present, so the answer to the first question is True. The wheels of the skateboard are visible, although they appear to be damaged. Since the wheels are visible, the answer to the second question is False. The image is of high quality, as it is clear and well-lit, allowing for easy identification of the skateboard and its components. Therefore, the quality score is 1."}, {"ans": [true, true, 0.9], "reasoning": "The image clearly shows a chessboard with pieces arranged on it, so the answer to the first question is True. The black pieces are not visible on the chessboard; only the white pieces are present, so the answer to the second question is True. The image is of high quality, clearly showing the chessboard and the pieces, hence the quality score is 0.9. The absence of black pieces is not considered a factor in reducing the quality score as per the instructions."}, {"ans": [true, false, 0.9], "reasoning": "The image is showing a red sports car, which is the main object. The brakes are visible as red calipers behind the black rims, so they are not missing or invisible. The image is well-lit and clear, with a high-quality display of the car and its features."}, {"ans": [true, true, 1.0], "reasoning": "The image is clearly showing an open book on a wooden table, with the pages facing upwards. The pages are blank and do not contain any visible text. The book is the main focus of the image, and it is clearly visible. Therefore, the answer to the first question is True. The text is not visible on the pages of the book, so the answer to the second question is also True. The image is of high quality, as it is clear and well-lit, and the book is the main focus. The absence of text on the pages does not affect the quality score, as per the instructions. Therefore, the quality score is 1."}, {"ans": [true, false, 0.9], "reasoning": "The image is showing a computer tower with a transparent side panel, revealing the internal components. The fans are visible and illuminated with colorful lights, indicating they are present and not missing. The image is clear and well-lit, showcasing the computer tower's details. The quality of the image is high, with a score of 0.9, as it effectively displays the computer tower and its components without any significant issues."}, {"ans": [true, false, 0.9], "reasoning": "The image depicts a scarecrow standing in a field of wheat, wearing a straw hat and a plaid shirt. The scarecrow has visible arms, which are made of straw or hay, and are attached to its body. The image is clear and well-defined, with good lighting and focus. The scarecrow is the main object in the image, and it is centered in the frame. The background of the image is a field of wheat, which is golden brown in color. There are also some trees visible in the distance. Overall, the image is a pleasant and rustic depiction of a scarecrow in a rural setting."}, {"ans": [true, true, 0.9], "reasoning": "The image depicts a knight in armor, which directly answers the first question. The knight is not holding a sword, and there is no visible sword in the image, which indicates that the sword is either missing or not visible. The quality of the image is rated 0.9 because it is a clear and detailed painting of the knight, with good lighting and no apparent distortions or obstructions that would detract from the overall quality."}, {"ans": [true, false, 1.0], "reasoning": "The image shows a teapot with a handle, spout, and lid, decorated with a floral pattern. The teapot is placed on a bamboo tray. The presence of the teapot fulfills the first question's condition. The handle is visible on the right side of the teapot, so it is not missing or invisible, answering the second question as false. The image is clear and well-lit, showing the teapot and its details, so the quality is rated as 1."}, {"ans": [true, false, 0.9], "reasoning": "The image clearly shows a basketball hoop with a net, so the answer to the first question is True. The net is visible and attached to the hoop, so the answer to the second question is False. The image is well-lit and in focus, with a clear view of the hoop and net, so the quality is rated as 0.9."}, {"ans": [true, false, 0.9], "reasoning": "The image shows a dining table set with plates, cutlery, and glasses. The table is covered with a white tablecloth and has multiple place settings. The glasses are visible on the table, so they are not missing. The image is clear and well-lit, indicating a high quality. However, the quality score is not 1 because the image is slightly sepia-toned and not in full color."}, {"ans": [true, true, 0.9], "reasoning": "The image shows an old typewriter on a desk, with various writing materials around it. The typewriter is the main object in the image and is clearly visible. The ribbon is not visible on the typewriter, suggesting it is either missing or not visible. The image is well-lit and in focus, with good detail on the typewriter and surrounding objects. The quality of the image is high, with a score of 0.9 out of 1. The absence of the ribbon does not affect the quality score as per the instructions."}, {"ans": [true, false, 0.8], "reasoning": "The image shows a row of winter jackets hanging on a rack. The main object, a winter jacket, is clearly visible, so the answer to the first question is True. Upon closer inspection, the jackets appear to have buttons or snaps as the primary fastening method, but the presence of a zipper is not immediately obvious. However, upon closer examination, it is clear that at least one of the jackets has a zipper visible on the front. Therefore, the answer to the second question is False because the zipper is visible on at least one jacket. The quality of the image is rated 0.8 because it is clear and well-lit, showing the jackets in detail. The absence of a visible zipper on some jackets does not negatively impact the quality score as per the instructions."}, {"ans": [true, false, 0.9], "reasoning": "The image is clearly showing a sunflower. The seeds are visible on the sunflower, so they are not missing or not visible. The image is of high quality, with clear details of the sunflower and its seeds."}, {"ans": [true, false, 0.9], "reasoning": "The image is showing an elephant with a visible trunk, so the main object is present. The trunk is clearly visible, so it is not missing or invisible. The quality of the image is high, with detailed textures and a clear scene, so it scores 0.9. The slight damage to the top of the image doesn't detract from the overall quality."}, {"ans": [true, true, 0.9], "reasoning": "The image shows a boat, specifically a rowboat, as indicated by its shape and structure. The oars are not visible in the image, suggesting they are either missing or not visible. The image is clear and well-lit, with a good view of the boat and its surroundings, hence a high quality score."}, {"ans": [true, false, 0.9], "reasoning": "The image clearly shows a snowman in the foreground, wearing a top hat and a scarf, with a carrot nose and coal eyes and buttons. The snowman is the main object in the image, and it is visible and well-defined. The buttons on the snowman are also visible, so they are not missing or invisible. The image is of high quality, with clear details and a well-composed scene, so the quality score is 0.9."}, {"ans": [true, false, 0.9], "reasoning": "The image shows a fountain pen with a nib touching a page in a notebook. The pen is clearly visible and appears to be a high-quality fountain pen. The nib is visible and has red jewels, indicating it is a decorative pen. The ink is visible in the nib, so it is not missing. The quality of the image is high, with good lighting and focus on the pen. The notebook pages are also clearly visible."}, {"ans": [true, true, 0.9], "reasoning": "The image shows a paintbrush with a wooden handle and a metal ferrule. The bristles of the paintbrush are not visible as they are covered in paint and appear to be buried within the paint on the palette. The presence of the paintbrush is evident, but the bristles are not discernible. Therefore, for Question 1, the answer is True because the image is showing a paintbrush. For Question 2, the answer is True because the bristles are not visible. The quality of the image is rated 0.9 because it is clear and well-defined, despite the paint covering parts of the brush."}, {"ans": [true, false, 1.0], "reasoning": "The image clearly shows a pair of eyeglasses with temples on top of torn newspaper pieces. The eyeglasses are the main object in the image, and they are visible with both lenses and temples intact. Therefore, the answer to Question 1 is True because the image is showing eyeglasses. For Question 2, the temples are visible, so the answer is False because the temples are not missing or invisible. The quality of the image is rated 1.0 because it is clear and well-lit, and the key elements (the eyeglasses) are easily visible."}, {"ans": [true, false, 0.9], "reasoning": "The image clearly shows a person holding an umbrella on a rainy day in a city setting. The umbrella is the main object and is visible with its ribs. The ribs are visible as they are outlined against the light background and are part of the umbrella's structure. The image is of high quality, capturing the details of the scene effectively."}, {"ans": [true, true, 0.8], "reasoning": "The image shows a wristwatch with a visible mechanical mechanism, indicating that it is indeed a wristwatch. The hour markers are not visible on the watch face, as the face is largely cut out and the inner workings are exposed. The quality of the image is high, with clear details of the watch's mechanism, hence a score of 0.8."}, {"ans": [true, false, 1.0], "reasoning": "The image clearly shows a camping tent with its structure intact and visible poles supporting it. The tent is set up in a grassy field with trees in the background, indicating a typical camping environment. The poles are visible and appear to be part of the tent's structure, thus they are not missing or invisible."}, {"ans": [true, false, 0.9], "reasoning": "The image is a close-up of a cuckoo clock, showing intricate carvings and details. The clock face is visible and centered, with various decorations around it, including animals, leaves, and pinecones. The weights are partially visible at the bottom of the image, hanging from the clock. Since the main object, the cuckoo clock, is present, the answer to the first question is True. For the second question, the weights are visible, albeit partially, so the answer is False. The image quality is rated 0.9 because it is a clear and detailed representation of the cuckoo clock, with no significant issues affecting its visibility or understanding."}, {"ans": [true, true, 1.0], "reasoning": "The image clearly shows a smartphone standing upright on a table. The phone's screen is visible and displays a home screen with icons and a reflection of a person's face. The phone appears to be encased in a clear protective cover. The speaker grille is not visible on the phone, likely because it is either missing or not visible due to the angle or the protective case. The image is clear and well-lit, allowing for a good view of the phone and its screen."}, {"ans": [true, true, 0.9], "reasoning": "The image clearly depicts a motorcycle, satisfying the first question. The speedometer is not visible in the image, as the view is from behind the motorcycle and the dashboard or instrument cluster is not in view. Thus, the second question is also true because the speedometer is not visible. The quality of the image is rated 0.9 because it is clear and well-lit, with no significant issues affecting the visibility of the main subject, the motorcycle."}, {"ans": [true, true, 1.0], "reasoning": "The image shows a violin and its bow. The bow is clearly visible, indicating that the main object (violin bow) is present. The hair on the bow is not visible, suggesting it is either missing or not visible. The image is clear and well-lit, allowing for a good view of the objects, hence the quality is rated as 1."}, {"ans": [true, false, 0.9], "reasoning": "The image shows a birdcage hanging from a porch ceiling, containing a bird. The birdcage is the main object and is clearly visible, so the answer to the first question is True. Inside the birdcage, a perch is visible and appears to be holding the bird, so the answer to the second question is False. The image is well-lit and in focus, with the birdcage and its contents clearly visible, hence the quality is rated as 0.9. The presence or absence of the perch does not affect the quality rating as per the instructions."}, {"ans": [true, false, 1.0], "reasoning": "The image shows a statue of a woman with a head, standing between marble columns. The statue is the main object in the image, and it is clear and well-defined. The head of the statue is visible, so it is not missing. Therefore, the answer to the first question is True, and the answer to the second question is False. The quality of the image is high, as it is clear and well-lit, so the quality score is 1.0."}, {"ans": [true, false, 1.0], "reasoning": "The image is showing a teddy bear with a visible nose, so the answer to the first question is True. The nose is clearly visible, so the answer to the second question is False. The image is of high quality and clearly shows the teddy bear and its features."}, {"ans": [true, false, 1.0], "reasoning": "The image shows a pair of white sneakers hanging on a door. The sneakers are clearly visible and appear to be in good condition. The laces are present and visible, threaded through the eyelets. Therefore, the answer to the first question is True because the image is showing sneakers. The answer to the second question is False because the laces are not missing or invisible; they are clearly visible. The quality of the image is rated as 1 because it is clear and well-lit, with no visible distortions or obstructions that would detract from the visibility of the sneakers or their details."}, {"ans": [true, false, 1.0], "reasoning": "The image clearly shows a refrigerator with its doors open, displaying both the main compartment and the door shelves. The main object, a refrigerator, is present, so the answer to the first question is True. The door shelves are visible on the right door, so they are not missing or invisible, making the answer to the second question False. The image is of high quality, clearly showing the details of the refrigerator and its contents, so the quality score is 1."}, {"ans": [true, false, 0.9], "reasoning": "The image depicts a group of people sitting around a campfire, with flames visible in the center. The presence of the campfire is clear, so the answer to the first question is True. For the second question, the flames are visible, so the answer is False. The quality of the image is rated 0.9 because it is clear and well-lit, with no apparent issues that would detract from the visibility of the campfire or the flames."}, {"ans": [true, false, 0.9], "reasoning": "The image clearly shows a drinking fountain with water flowing from it, indicating that the main object, a drinking fountain, is present. The water is visible and flowing, so it is not missing or invisible. The image is well-lit and in focus, with a clear view of the drinking fountain and its surroundings, contributing to a high-quality score. The slight deduction in quality score is due to the partial view of the fountain being cut off by the edge of the frame, but this does not significantly impact the overall visibility of the main object or the key element (water)."}, {"ans": [true, false, 0.9], "reasoning": "The image shows a revolver with a visible trigger guard. The main object in the image is a revolver, so the answer to the first question is True. The trigger guard is present and visible, so the answer to the second question is False. The quality of the image is rated 0.9 because it is clear and well-lit, with no visible distortions or obstructions that would hinder the understanding of the revolver's features."}, {"ans": [true, false, 0.9], "reasoning": "The image is a detailed illustration of a compass rose, which is prominently displayed in the center. The compass rose is adorned with intricate designs and includes a north arrow, which is clearly visible. The presence of the compass rose and the north arrow answers the first question affirmatively. For the second question, since the north arrow is visible, it is not considered missing or not visible. The image quality is rated high because it is clear and detailed, with the key elements of the compass rose and north arrow easily discernible."}, {"ans": [true, false, 0.9], "reasoning": "The image depicts a futuristic cityscape with numerous tall, sleek buildings that can be classified as skyscrapers. The presence of these structures directly answers the first question, confirming that the image is indeed showing skyscrapers. For the second question, upon closer inspection, it is evident that many of the skyscrapers have visible windows or window-like features, indicating that windows are not missing or invisible. The overall quality of the image is high, with clear details and a coherent futuristic theme. The rating of 0.9 is based on the image's clarity and the detailed depiction of the futuristic cityscape."}, {"ans": [true, true, 0.8], "reasoning": "The image shows a conductor standing in front of an orchestra, with his back to the camera and his arms raised in the air. The presence of the conductor is clear, so the answer to the first question is True. The baton is not visible in the conductor's hand, and since his hands are raised, it is reasonable to conclude that the baton is either missing or not visible. Therefore, the answer to the second question is True. The image quality is rated 0.8 because it is clear and well-focused on the conductor and the orchestra, capturing the moment effectively."}, {"ans": [false, false, 1.0], "reasoning": "The image depicts a soccer field with a goal area marked by white lines. However, there is no visible soccer goal in the image. The question asks if the image is showing a soccer goal, and since there is no goal present, the answer to the first question is False. The second question inquires about the visibility of the crossbar, but since there is no goal, it is not applicable. Nonetheless, the absence of a goal or its crossbar does not directly impact the quality score as per the instructions. The image is clear and well-lit, hence the quality score is 1."}, {"ans": [true, false, 0.8], "reasoning": "The image clearly shows a microscope on a laboratory table. The microscope appears to be in good condition and is centered in the image. The lenses are visible and appear to be intact. The image is well-lit and focused, suggesting a high-quality photograph. The background is slightly blurred, which helps to emphasize the microscope. Overall, the image effectively showcases the microscope, and the quality is good."}]