[{"ans": [true, false, 1.0], "reasoning": "The image clearly shows a sailboat floating on calm waters. The sailboat is white with a tall mast and a partially visible sail. The presence of the mast and the sail, even if partially visible, indicates that the boat is a sailboat. Therefore, the answer to the first question is True. For the second question, the sail is partially visible, so it is not missing or not visible. Hence, the answer is False. The image is clear, with no visible artifacts, blurring, or other issues that would affect its quality. Thus, the quality score is 1.0."}, {"ans": [true, true, 0.9], "reasoning": "The image clearly shows a bicycle, which is the main object, so the answer to the first question is True. The chain of the bicycle is not visible, likely because it is obscured by the frame or other parts, so the answer to the second question is True. The image is of high quality with clear details of the bicycle and the background brick wall, and there are no visible artifacts or distortions that would significantly affect the quality, so the quality score is 0.9."}, {"ans": [true, false, 1.0], "reasoning": "The image clearly shows a cat, so the answer to the first question is True. The cat's whiskers are visible, so the answer to the second question is False. The image is sharp and clear, with no visible artifacts or distortions, so the quality is rated as 1.0."}, {"ans": [true, false, 0.9], "reasoning": "The image depicts a large, ancient stone structure with towers and battlements, characteristic of a castle. The presence of a large, sculpted mouth or entrance at the front does not negate its identification as a castle. Therefore, the answer to the first question is True. For the second question, the gates are not missing; they are represented by the large sculpted mouth, which is visible. Hence, the answer is False. The image is clear and well-defined, with no visible artifacts, blurring, or other issues that would significantly impact its quality. The quality score is 0.9 because the image is very clear and detailed."}, {"ans": [true, false, 0.9], "reasoning": "The image clearly shows a hot-air balloon with a basket. The balloon is the main object and is prominently displayed. The basket is also visible and not missing. The image is of high quality, with clear details and vibrant colors. The only reason for not giving it a perfect score is the slight glow and softness around the edges, but it does not significantly impact the visibility of the main object or the basket."}, {"ans": [true, false, 0.9], "reasoning": "The image shows a turtle with a visible shell, indicating that the main object is present. The shell is clearly visible, so it is not missing or invisible. The image quality is high, with clear details of the turtle and its surroundings. There are no visible artifacts, blurring, or other issues that would decrease the quality score."}, {"ans": [true, false, 0.95], "reasoning": "The image clearly shows a train at a station. The train is silver and has its headlights on, indicating it is ready to depart. The wheels of the train are visible under the front carriage, so they are not missing or invisible. The image is well-lit and in focus, with clear details of the train and the station. The quality of the image is high, with no visible artifacts or distortions that would detract from the viewer's understanding of the scene."}, {"ans": [true, false, 0.9], "reasoning": "The image clearly shows a pair of eyeglasses with lenses. The lenses are visible and not missing. The image is sharp and well-lit, showing the details of the glasses and the reflection on the surface they are placed on. The quality of the image is high, with minor dust specks on the lenses and their reflection, but this does not significantly detract from the overall clarity."}, {"ans": [true, false, 0.9], "reasoning": "The image is showing a fountain pen with a nib. The nib is visible on the pen, so it is not missing. The image is of high quality, with clear details and no visible artifacts or distortions. The only reason for not giving it a perfect score is the slightly unnatural look due to the artistic style, but it does not affect the visibility of the main object or the nib."}, {"ans": [true, false, 0.9], "reasoning": "The image depicts an umbrella with a canopy, albeit damaged and rusty, leaning against a wall next to a chair. The main object in the image is indeed an umbrella, so the answer to the first question is True. The canopy is visible, although it is torn and rusted, so the answer to the second question is False. The image is clear and well-lit, with no significant artifacts or distortions, so the quality score is 0.9. The slight decrease in quality is due to the visible rust and damage to the umbrella, but this does not affect the visibility of the main object or the canopy."}, {"ans": [true, false, 1.0], "reasoning": "The image clearly shows a large white airplane on a runway, with its wings visible. The presence of the airplane directly answers Question 1. For Question 2, the wings are clearly visible, so they are not missing or invisible. The image is of high quality, with no visible artifacts, blurring, or other issues that would detract from its clarity."}, {"ans": [true, false, 1.0], "reasoning": "The image clearly shows a desk lamp with a bulb that is turned on, illuminating an open book. The lamp is the main object in the image and is positioned in a way that the bulb is visible. The image is sharp and well-lit, with no visible artifacts or distortions. Therefore, the answer to the first question is True because the image is showing a desk lamp. The answer to the second question is False because the bulb is visible and not missing. The quality of the image is rated 1.0 because it is clear and well-defined, with no issues that would detract from its quality."}, {"ans": [true, false, 0.95], "reasoning": "The image shows an electric guitar with a visible neck. The guitar is hanging on a wall, and the neck is clearly visible, extending upwards from the body. The image is well-lit, and the details of the guitar are clear, indicating a high-quality image. The quality score is 0.95 because the image is sharp and clear, with no visible artifacts or distortions."}, {"ans": [true, false, 0.9], "reasoning": "The image shows a clear glass or crystal sculpture of a fish with visible fins, indicating that the main object is indeed a fish. The fins are present and visible, so they are not missing or not visible. The image quality is high, with clear details of the fish and its fins, although there might be some minor reflections or lighting effects that could slightly affect the quality."}, {"ans": [true, false, 1.0], "reasoning": "The image shows a small brick cottage with a wooden frame for a roof, indicating that it is under construction or renovation. The main object, the cottage, is clearly visible. The roof is not fully constructed but the frame is present, so it is not entirely missing. The image is clear and well-defined, with no visible artifacts or distortions that would affect the quality."}, {"ans": [true, true, 0.9], "reasoning": "The image is showing a car, specifically a vintage convertible, so the answer to the first question is True. The windshield appears to be missing or not visible as the top of the car is open and there is no visible windshield in the frame, so the answer to the second question is True. The image quality is high with clear details of the car's interior and exterior, but it has a slight sepia tone which might be intentional or due to the lighting conditions. There are no visible artifacts, blurring, or other issues that would significantly decrease the quality score. Hence, the quality is rated as 0.9."}, {"ans": [true, true, 0.95], "reasoning": "The image clearly shows a keyboard, which is the main object. The spacebar is missing, as evidenced by the gap in the bottom row of keys. The image is of high quality, with clear details and no visible artifacts or distortions. The only reason the quality score is not 1 is due to the slight reflection and shadow on the surface below the keyboard, but this does not significantly impact the overall clarity of the image."}, {"ans": [true, false, 0.9], "reasoning": "The image clearly shows an owl perched on a branch, with detailed feathers visible across its body. The owl is centered and prominent, indicating that the main object is present. For the second question, the feathers are not missing or invisible; they are clearly visible and detailed. The image is of high quality, with clear details and no visible artifacts or distortions that would significantly impact the perception of the owl or its feathers. The slight deduction in quality score is due to the image being a composite or edited, as suggested by the unnatural background and the sharpness of the owl against the sky."}, {"ans": [true, true, 0.95], "reasoning": "The image depicts a leather-bound book with its cover open, revealing an empty interior. The book is prominently displayed on a wooden table, and its pages are not visible, indicating that they are either missing or not visible. The image is of high quality, with clear details and no visible artifacts or distortions. The quality score is 0.95, indicating a very good image quality."}, {"ans": [true, false, 1.0], "reasoning": "The image clearly depicts a lighthouse, which is the main object in the scene. The lighthouse is white with a black top and has a lamp enclosed in a glass lantern room, which is visible. Therefore, the answer to Question 1 is True. Since the lamp is visible within the lantern room, the answer to Question 2 is False. The image is of high quality, with no visible artifacts, blurring, or other issues that would detract from its clarity. The quality score is 1."}, {"ans": [true, false, 1.0], "reasoning": "The image shows a light-colored armchair with visible wooden legs on a patterned rug in a well-lit room. The main object, an armchair, is present. The legs of the armchair are visible, so they are not missing or invisible. The image is clear and well-lit, with no visible artifacts, blurring, or other issues that would affect its quality."}, {"ans": [true, true, 0.95], "reasoning": "The image clearly shows a deer standing in a forest, facing the camera. The deer appears to be a young one or possibly a female as there are no visible antlers on its head. The image is sharp and well-lit, with the deer being the main focus. The background is also clear, showing trees and fallen leaves on the ground. There are no visible artifacts, blurring, or unnatural colors that would significantly decrease the quality score. The main object, the deer, is present and clearly visible. The antlers are not visible, which aligns with the description of the deer being possibly a young one or a female. Therefore, the answer to the first question is True because the image is showing a deer. The answer to the second question is True because the antlers are not visible. The quality score is 0.95, indicating a high-quality image with minor or no issues."}, {"ans": [true, true, 1.0], "reasoning": "The image shows a white envelope on a marble surface. The envelope is closed, and the flap is not visible as it is tucked inside. The image is clear and of high quality, with no visible artifacts or distortions. Therefore, the answer to Question 1 is True because the image is showing an envelope. The answer to Question 2 is True because the flap is not visible. The quality of the image is rated 1.0 because it is clear and well-defined."}, {"ans": [true, true, 0.95], "reasoning": "The image is showing a wall clock, which is the main object. The clock face is white with black hands but lacks numbers, so the numbers are missing. The image is clear and well-defined, with no visible artifacts or distortions, hence the high quality score of 0.95."}, {"ans": [true, false, 0.9], "reasoning": "The image clearly shows a person wearing a white space suit with various patches and equipment attached to it, floating in a pool of water. The helmet is visible and appears to be a part of the suit. The overall condition of the image is clear and well-defined, with no noticeable artifacts or distortions that would affect the visibility of the main object or its components. The quality of the image is high, with a score of 0.9, indicating that it is a clear and well-lit representation of the scene. The presence of the helmet is evident, making the answer to the second question 'False' as it is not missing or not visible."}, {"ans": [true, false, 1.0], "reasoning": "The image clearly shows a windmill with visible blades in a field. The windmill is the main object and is easily identifiable. The blades are present and visible, so they are not missing. The image is clear and of high quality, with no visible artifacts or distortions."}, {"ans": [true, true, 0.95], "reasoning": "The image clearly shows a large tree with bare branches, indicating that it is either winter or the tree is dead. The main object in the image is indeed a tree, so the answer to the first question is True. The leaves are not visible on the main tree, and it appears to be bare, so the answer to the second question is also True. The image is of high quality, with clear details and no visible artifacts or distortions, hence the quality score is 0.95."}, {"ans": [true, true, 0.9], "reasoning": "The image shows the rear of a yellow school bus, which is a type of bus. The doors are not visible from this angle, so they can be considered missing or not visible. The image is clear and well-lit, with no visible artifacts or distortions that would affect its quality. However, there are some signs of wear and tear on the bus's surface, such as rust spots and dirt. Overall, the image is of good quality, but not perfect due to the worn condition of the bus."}, {"ans": [true, true, 1.0], "reasoning": "The image shows a laptop on a table. The laptop is open, but the screen is blank and not displaying any content, making it appear as if the screen is missing or not visible. The image is clear and well-lit, with no visible artifacts or distortions. Therefore, the answer to Question 1 is True because the image is showing a laptop. The answer to Question 2 is True because the screen is not displaying any content and appears to be missing or not visible. The quality of the image is rated as 1.0 because it is clear and well-lit, with no visible issues."}, {"ans": [false, true, 1.0], "reasoning": "The image shows a brass instrument, but it is not a trumpet. It appears to be a flugelhorn or a cornet due to its shape and structure. The mouthpiece is not visible, suggesting it might be missing or not attached. The image is clear and of high quality, with no visible artifacts or distortions."}, {"ans": [true, false, 0.95], "reasoning": "The image is showing a robot with a head, so the answer to the first question is True. The head is visible, so the answer to the second question is False. The image is clear and well-defined, with no visible artifacts or distortions, so the quality score is high, 0.95. The only reason it's not a perfect 1 is because there might be some minor rendering or compression artifacts that are not immediately apparent."}, {"ans": [true, true, 0.95], "reasoning": "The image shows a candle, which is the main object, so the answer to the first question is True. The wick is not visible in the image, so the answer to the second question is True. The image is clear and well-lit, with no visible artifacts or distortions, so the quality score is 0.95. The slight deduction from 1 is due to the fact that the top of the candle is not visible in the image."}, {"ans": [true, true, 0.95], "reasoning": "The image is showing a pizza, which is the main object. The pizza appears to be a tomato pizza with basil leaves on top, and there is no visible cheese. The image is clear and well-lit, with a good resolution, and there are no visible artifacts or distortions that would affect the quality. The quality score is 0.95 because the image is very clear and well-defined."}, {"ans": [true, true, 0.9], "reasoning": "The image shows a DSLR camera body with the lens removed, exposing the internal mechanism. The camera is clearly visible and appears to be in good condition. The lens is not attached to the camera body, indicating that it is missing or not visible. The image quality is generally good, with clear details and no noticeable artifacts or distortions. However, the quality score is not 1 due to the slight shadowing and texture of the wooden shelf, which may be considered minor imperfections."}, {"ans": [true, false, 1.0], "reasoning": "The image shows a grand piano on a stage in a large auditorium. The piano is open, and its keys are visible. The image is clear and well-lit, with no visible artifacts or distortions. Therefore, the answer to Question 1 is True because the image is showing a piano. The answer to Question 2 is False because the keys are visible. The quality of the image is rated as 1 because it is clear and well-lit, with no visible issues."}, {"ans": [true, true, 0.9], "reasoning": "The image shows a paintbrush with its bristles not visible as they are likely covered in paint and blended with the colors on the palette. The presence of the paintbrush is evident from the visible handle and the metal ferrule. The image quality is high, with clear details of the paint and the brush handle, though there might be some slight texture or canvas grain visible."}, {"ans": [true, false, 0.95], "reasoning": "The image clearly shows a watch with a strap. The watch is positioned on a speckled marble countertop, and the strap is visible and appears to be part of the watch. The image is sharp and well-lit, with no visible artifacts or distortions that would affect the quality. The quality score is 0.95 because the image is very clear and well-defined, with no noticeable issues."}, {"ans": [true, true, 0.9], "reasoning": "The image is showing a man in a dentist's chair with his mouth open. The mouth is visible, so the answer to the first question is True. The tongue is not visible in the open mouth, so the answer to the second question is True. The image is clear and well-lit, with no visible artifacts or distortions, so the quality score is 0.9. The only reason it is not 1 is because the patient's face is slightly overexposed."}, {"ans": [true, false, 0.9], "reasoning": "The image clearly shows a motorcycle with handlebars, answering the first question as True. The handlebars are visible, so the second question is answered as False. The image quality is high, with clear details and vibrant colors, but slightly decreased to 0.9 due to the presence of some unnatural light streaks and neon effects that might be considered artifacts."}, {"ans": [true, false, 0.9], "reasoning": "The image clearly shows a vintage television set with a visible screen. The screen is turned on and displays an image, indicating it is not missing or invisible. The quality of the image is high, with clear details of the television and its surroundings. However, the quality score is not 1 due to the slight blur on the screen, which might be due to the television's age or the image's rendering."}, {"ans": [true, false, 1.0], "reasoning": "The image is clearly showing a goat, specifically a white mountain goat, standing on a rocky outcrop. The goat is facing the camera and its horns are visible, indicating that the horns are not missing. The image is sharp and well-defined, with no visible artifacts or distortions that would affect its quality. Therefore, the quality score is 1."}, {"ans": [true, false, 1.0], "reasoning": "The image clearly shows a red sneaker with white soles and laces. The laces are visible and not missing. The image is sharp and well-lit, with no visible artifacts or distortions that would affect its quality."}, {"ans": [true, false, 0.9], "reasoning": "The image clearly shows a green frog sitting on a lily pad with its eyes visible. The presence of the frog is evident, and its eyes are clearly visible, so the answer to the first question is True. For the second question, since the eyes are visible, the answer is False. The image quality is high, with clear details of the frog and its surroundings, so the quality score is 0.9. The slight deduction is due to minor blurring around the edges of the image."}, {"ans": [true, false, 0.95], "reasoning": "The image is showing a mug with a handle, so the answer to the first question is True. The handle is visible, so the answer to the second question is False. The image is of high quality, with clear details and no visible artifacts or distortions. The only reason it's not rated 1 is because of the slight gradient background which might be considered a minor imperfection, but it doesn't affect the main subject."}, {"ans": [true, false, 0.9], "reasoning": "The image is showing a saxophone with its keys visible, so the answer to the first question is True. The keys are not missing or not visible, so the answer to the second question is False. The image quality is high, with clear details of the saxophone and its keys, so the quality score is 0.9. The slight decrease in quality score is due to the slight blurring of some parts of the image due to the lighting."}, {"ans": [true, false, 0.9], "reasoning": "The image clearly shows a skateboard with wheels. The skateboard is positioned on a brick surface, and its wooden deck, trucks, and yellow wheels are all visible. The presence of the wheels indicates that they are not missing. The image is sharp and well-lit, with no significant artifacts or distortions that would affect the visibility of the skateboard or its components. However, the quality score is not 1 due to the slight shadowing and uneven lighting on the brick surface, which could be considered minor imperfections."}, {"ans": [true, false, 0.95], "reasoning": "The image shows a black fedora hat on a wooden stand against a white background. The hat has a visible brim, which is a key characteristic of a fedora. The image is clear and well-lit, with no visible artifacts or distortions that would affect the quality. The quality score is 0.95 because the image is very clear and well-defined, with only a slight texture visible on the wall in the background."}, {"ans": [true, false, 0.95], "reasoning": "The image clearly shows a motorcycle helmet with a visor. The visor is present and visible, covering the front of the helmet. The image is sharp and well-lit, with no significant artifacts or distortions that would affect the visibility of the helmet or its visor. The quality of the image is high, with a score of 0.95 out of 1. The only reason for not giving it a perfect score is the presence of some minor rust spots on the wall in the background and some minor wear on the tools and workbench, but these do not detract from the main subject of the image."}, {"ans": [true, true, 1.0], "reasoning": "The image clearly shows a bedframe, which is the main object in question. The bedframe is ornate and made of wood, with intricate carvings and a high headboard. There is no mattress visible on the bedframe. The image is of high quality, with clear details and no visible artifacts or distortions. The quality score is 1.0 because the image is clear and well-rendered, with no issues that would detract from its quality."}, {"ans": [true, false, 0.95], "reasoning": "The image clearly shows a clock tower with a visible clock face on the top section. The clock tower is the main object in the image, and it is centered. The clock face is visible and not missing. The image is of high quality with clear details and no visible artifacts or distortions. The slight decrease in quality score is due to the subtle gradient in the sky, which might be considered a minor artifact, but it does not significantly impact the overall clarity of the image."}, {"ans": [true, true, 0.9], "reasoning": "The image shows a pocket watch with an open lid, revealing the inner mechanism. The hands of the watch are not visible, as the inner workings are exposed. The image is clear and well-lit, with no visible artifacts or distortions that would affect the quality. The main object, the pocket watch, is clearly visible. The quality score is 0.9 because the image is very clear, but there is a slight decrease due to the presence of a bit of glare on the fabric background."}, {"ans": [true, false, 1.0], "reasoning": "The image clearly shows a bicycle leaning against a stone wall. The bicycle is red with white accents and has two wheels, a frame, handlebars, and a seat. The pedals are visible on the bicycle, attached to the crankset. The image is sharp and well-lit, with no visible artifacts or distortions that would detract from its quality. Therefore, the answer to Question 1 is True because the image is showing a bicycle. The answer to Question 2 is False because the pedals are visible and not missing. The quality of the image is rated 1 because it is clear and well-defined, with no noticeable issues."}, {"ans": [true, false, 0.95], "reasoning": "The image shows a portrait of a woman with her eyes visible, hanging on a wall in an art gallery. The main object, the portrait of a woman, is present. The eyes are clearly visible in the portrait, so they are not missing or invisible. The image quality is high, with clear details and no visible artifacts or distortions. The only reason for not giving it a perfect score is the slight shadow and lighting effect on the wall, but it does not significantly impact the overall quality."}, {"ans": [true, false, 0.9], "reasoning": "The image depicts a grand piano on a stage, with its lid open and reflecting light from the stage lights. The piano is the central focus of the image, and it is clearly visible. The hammers inside the piano are also visible, as they are reflected in the shiny surface of the piano lid. The image is well-lit, with a clear view of the piano and its components. The quality of the image is high, with no visible artifacts or distortions that would detract from the overall clarity. Therefore, the answer to Question 1 is True, as the image is showing a grand piano. The answer to Question 2 is False, as the hammers are visible inside the piano. The quality score is 0.9, indicating a high-quality image with minimal issues."}, {"ans": [true, false, 0.95], "reasoning": "The image depicts a sailing ship with three masts and rigging, indicating it is a sailing vessel. The sails are not fully visible or deployed, but there are some visible sail elements, suggesting that the sails are not entirely missing. The image is clear and well-defined, showing the details of the ship and its rigging. The quality is high, with no noticeable artifacts or distortions that would detract from the overall image."}, {"ans": [true, false, 0.95], "reasoning": "The image shows a large tree with sprawling branches and a thick trunk, which appears to be an oak tree. The leaves are visible on the branches, indicating that they are not missing. The image is clear and well-defined, with no visible artifacts or distortions that would affect its quality. The quality score is 0.95, indicating a high-quality image."}, {"ans": [true, true, 0.9], "reasoning": "The image depicts a charming stone cottage with a sloping roof and a chimney, surrounded by lush greenery. The cottage is the main object in the image, and it is clearly visible. Therefore, the answer to the first question is True. Upon closer inspection, it appears that the door is not visible as it is covered by vines and foliage. Hence, the answer to the second question is also True. The image is of high quality, with clear details and no noticeable artifacts or distortions, so the quality score is 0.9."}, {"ans": [true, false, 1.0], "reasoning": "The image shows a passenger jet on a runway. The wings are clearly visible and not missing. The image is clear and of high quality, with no visible artifacts or distortions."}, {"ans": [true, true, 0.95], "reasoning": "The image is showing a wristwatch with a gray face and a leather strap, which is the main object. The watch face does not have any visible numbers, so the numbers are missing or not visible. The image is clear and well-lit, with no visible artifacts or distortions that would affect the quality score. The quality score is 0.95 because the image is very clear and well-defined, with no noticeable issues."}, {"ans": [true, true, 0.95], "reasoning": "The image shows a pizza with a red sauce base, topped with basil leaves and what appears to be garlic or other toppings around the edges. The pizza is on a wooden board. The image is clear and well-lit, showing the details of the pizza and its toppings. The cheese is not visible on the pizza, suggesting it might be missing or not visible under the toppings. The image quality is high, with no visible artifacts, blurring, or unnatural colors. The main object, the pizza, is clearly visible, and the details are well-defined."}, {"ans": [true, false, 0.9], "reasoning": "The image clearly shows traffic signals, both with and without visible lights. The main object, traffic signals, is present. For the second question, the lights are visible on some of the traffic signals, so they are not missing or invisible. The image quality is high, with clear details of the traffic signals and the surrounding environment. However, the quality score is slightly reduced to 0.9 due to the presence of lens flare from the sun, which slightly affects the image quality."}, {"ans": [true, true, 0.9], "reasoning": "The image shows two skateboards, one with its trucks and wheels still attached, and the other with its trucks and wheels detached and lying next to it. The main object, a skateboard, is present. The wheels are missing from one of the skateboards, making them not visible for that skateboard. The image is clear and well-lit, with no significant artifacts or distortions that would affect the visibility of the skateboards. The quality score is 0.9 because the image is sharp and clear, with proper lighting."}, {"ans": [true, true, 0.9], "reasoning": "The image is showing a chessboard with white pieces on both sides, and the black pieces are missing. The image is clear and well-lit, with no visible artifacts or distortions. The chessboard and pieces are centered in the frame, and the red fabric background adds a pop of color. The overall quality of the image is high, with a score of 0.9 out of 1.0. The main object, the chessboard, is present, so the answer to Question 1 is True. The black pieces are not visible, so the answer to Question 2 is True."}, {"ans": [true, false, 0.95], "reasoning": "The image shows a red sports car in a showroom. The car is clearly visible and appears to be in good condition. The brakes are visible as red calipers behind the black rims, so they are not missing or invisible. The image is well-lit and has no visible artifacts or distortions that would affect its quality. The only reason for a quality score less than 1 is the slight reflection on the floor, but it does not significantly impact the overall quality."}, {"ans": [true, true, 0.95], "reasoning": "The image shows an open book on a wooden table, with the pages facing upwards. The book is the main object in the image, and it is clearly visible. The pages of the book are blank and do not contain any text. The image is well-lit and has a clear focus on the book. The background of the image is blurred, but it appears to be a library or study with bookshelves filled with books. The overall quality of the image is high, with no visible artifacts or distortions. Therefore, the answer to Question 1 is True, as the image is showing a book. The answer to Question 2 is also True, as the text is missing or not visible from the book. The quality of the image is rated as 0.95, indicating a very high quality image."}, {"ans": [true, false, 1.0], "reasoning": "The image clearly shows a computer tower with visible internal components, including fans that are illuminated with purple and blue lights. The presence of fans directly answers both questions. For Question 1, the image is showing a computer tower, so the answer is True. For Question 2, the fans are visible, so the answer is False. The image is of high quality, with clear details and no visible artifacts or distortions, so the quality score is 1."}, {"ans": [true, false, 1.0], "reasoning": "The image clearly depicts a scarecrow standing in a field of wheat. The scarecrow is wearing a straw hat and a plaid shirt, and its arms are visible and outstretched. The image is sharp and well-defined, with no visible artifacts or distortions. The scarecrow's arms are clearly visible, so they are not missing or invisible."}, {"ans": [true, true, 0.9], "reasoning": "The image depicts a knight in armor, which directly answers the first question. The knight is not holding a sword, and there is no visible sword in the image, which answers the second question. The image is a painting and appears to be well-done with detailed armor and expressions, but there are some visible brush strokes and a torn area on the top right, which slightly reduces the quality score."}, {"ans": [true, false, 1.0], "reasoning": "The image clearly shows a teapot with a floral design on it. The teapot has a lid, a spout, and a handle, which are all typical features of a teapot. The handle is visible on the right side of the teapot, so it is not missing. The image is clear and well-focused, with no visible artifacts or distortions that would affect the quality. Therefore, the answer to Question 1 is True, the answer to Question 2 is False, and the quality score is 1."}, {"ans": [true, false, 0.9], "reasoning": "The image clearly shows a basketball hoop with a net. The main object, the basketball hoop, is present and visible. The net is also visible, attached to the hoop. The image is clear and well-defined, with no significant artifacts or distortions that would affect the visibility of the main object or the net. The quality of the image is high, with a score of 0.9, as it is slightly affected by the presence of some scratches and dirt on the protective cover around the hoop."}, {"ans": [true, false, 0.95], "reasoning": "The image clearly shows a dining table set with plates, cutlery, and glasses, indicating that it is a dining table. The glasses are present on the table, so they are not missing. The image is of high quality, with clear details and no visible artifacts or distortions. The slight decrease in quality score is due to the tablecloth's texture being slightly blurry in some areas, but it does not significantly impact the overall clarity of the image."}, {"ans": [true, false, 0.9], "reasoning": "The image clearly shows a typewriter, which is the main object. The typewriter appears to be old and dusty, with a ribbon visible and in place. The presence of the ribbon answers the second question, indicating it is not missing. The image is of high quality, with clear details of the typewriter and its components, though it has a slightly vintage or sepia tone which might be intended for aesthetic rather than being a quality issue. There are no visible artifacts, blurring, or other quality issues that detract from the overall clarity."}, {"ans": [true, true, 1.0], "reasoning": "The image shows multiple winter jackets hanging on a rack. The main object, a winter jacket, is present. Upon closer inspection, it is evident that the jackets are fastened with buttons rather than zippers, indicating that the zipper is missing or not visible. The image is clear and well-lit, with no visible artifacts or distortions that would affect its quality."}, {"ans": [true, false, 0.7], "reasoning": "The image is showing a sunflower with visible seeds. The seeds are clearly visible on the flower head, so they are not missing or invisible. The image quality is good, but there is some overexposure around the sunflower, which reduces the quality score to 0.7."}, {"ans": [true, false, 0.95], "reasoning": "The image clearly shows an elephant with a trunk, so the answer to the first question is True. The trunk is visible and not missing, so the answer to the second question is False. The image is of high quality with clear details and no visible artifacts or distortions, so the quality score is 0.95. The slight deduction is due to minor compression artifacts visible upon close inspection."}, {"ans": [true, true, 0.9], "reasoning": "The image shows a rowboat, which is the main object, so the answer to the first question is True. The oars are not visible in the image, so the answer to the second question is True. The image is clear and well-lit, with no visible artifacts or distortions, so the quality score is 0.9. The slight wear on the boat and some minor reflections on the water do not significantly impact the overall quality."}, {"ans": [true, false, 0.95], "reasoning": "The image clearly shows a snowman in a residential yard, indicating that the main object is indeed a snowman. The snowman is adorned with a hat, scarf, and has visible buttons, answering the first question affirmatively. For the second question, the buttons on the snowman are visible, meaning they are not missing or invisible. The image is of high quality, with clear details and no visible artifacts or distortions that would significantly impact the visibility of the snowman or its features. The quality score is 0.95, reflecting the high clarity and detail of the image."}, {"ans": [true, true, 0.95], "reasoning": "The image shows a fountain pen with its cap off, placed on an open notebook. The pen is the main object in the image, and it is clearly visible. The nib of the pen is visible, but the ink inside the pen is not visible. The image is clear and well-focused, with no visible artifacts or distortions. The quality of the image is high, with a score of 0.95 out of 1. The ink is not visible, so the answer to the second question is True."}, {"ans": [true, false, 0.9], "reasoning": "The image is showing a paintbrush with bristles, which are visible and covered in paint. The bristles are not missing, so the answer to the second question is False. The image is of high quality, with clear details and vibrant colors, so the quality score is 0.9. The only reason it's not a perfect score is that the image appears to be a close-up, and some parts are slightly out of focus."}, {"ans": [true, false, 1.0], "reasoning": "The image clearly shows a pair of eyeglasses on top of torn pieces of paper. The eyeglasses are visible and appear to be intact, with both lenses and frames clearly discernible. The temples of the eyeglasses are partially visible, indicating that they are not missing. The image is sharp and well-lit, with no visible artifacts or distortions that would detract from its quality. Therefore, the answer to the first question is True because the image is showing eyeglasses. The answer to the second question is False because the temples are visible. The quality of the image is rated as 1, indicating high quality, as there are no noticeable issues such as blurring, unnatural color, noise, deformed objects, or double vision."}, {"ans": [true, false, 0.9], "reasoning": "The image is showing a person holding an umbrella on a rainy street. The umbrella is clearly visible and appears to be intact. Upon closer inspection, the ribs of the umbrella are visible as they are outlined against the light coming from the background, indicating that they are not missing. The image is of high quality with clear details, although there is some blurring due to rain and the overall atmosphere of the scene. The quality score is 0.9 because the image is clear and well-defined, with no significant artifacts or distortions that detract from the visibility of the main objects."}, {"ans": [true, true, 0.9], "reasoning": "The image shows a wristwatch with a visible mechanical movement. The watch is encased in a clear dome, allowing the inner workings to be seen. The hour markers are not visible on the watch face, as it appears to be a skeleton design where the hour markers are either missing or not visible due to the cutouts in the dial. The image is of high quality, with clear details and no visible artifacts or distortions. The main object, the wristwatch, is clearly visible, and the absence of hour markers is evident. Therefore, the answer to Question 1 is True, as the image is showing a wristwatch. The answer to Question 2 is also True, as the hour markers are not visible. The quality of the image is rated 0.9, as it is clear and detailed, with only minor reflections on the dome that do not significantly impact the visibility of the watch."}, {"ans": [true, false, 0.95], "reasoning": "The image clearly shows a camping tent set up in a grassy field. The tent is fully visible with its fabric and poles in place, indicating that it is a camping tent. The poles are visible and appear to be supporting the structure of the tent, so they are not missing. The image is clear and well-lit, with no visible artifacts or distortions that would detract from its quality. The only reason the quality score is not 1 is because the image is not perfectly sharp, but it is still very clear."}, {"ans": [true, true, 0.95], "reasoning": "The image is a close-up of a cuckoo clock, showcasing its intricate details. The clock face is visible and centered, surrounded by carved wooden elements such as leaves, deer, and other decorations. The clock's pendulum is also visible, hanging below the clock face. The image is clear and well-lit, with no visible artifacts or distortions. The weights are not visible in the image, suggesting they are either missing or not visible from the current angle. The overall quality of the image is high, with a score of 0.95 out of 1. The main object, the cuckoo clock, is clearly visible, and the image is free of significant defects."}, {"ans": [true, true, 0.9], "reasoning": "The image is showing a smartphone standing upright on a table, with a woman's face visible on its screen. The phone's body is visible, and there is no visible speaker grille on the front or visible sides of the phone. The image is clear and well-lit, with a shallow depth of field that blurs the background. The overall quality of the image is high, with no noticeable artifacts or distortions. Therefore, the answer to Question 1 is True, as the image is showing a smartphone. The answer to Question 2 is also True, as the speaker grille is not visible on the smartphone. The quality score is 0.9, as the image is very clear and well-lit, but there might be a slight loss of detail in the background due to the blur."}, {"ans": [true, true, 0.9], "reasoning": "The image clearly shows a motorcycle, so the answer to the first question is True. The speedometer is not visible in the image, as the camera is positioned behind the motorcycle, so the answer to the second question is True. The image is of high quality, with clear details and no visible artifacts or distortions, so the quality score is 0.9."}, {"ans": [true, true, 0.9], "reasoning": "The image shows a violin and a bow. The bow is clearly visible, so the answer to the first question is True. The hair of the bow is not visible, so the answer to the second question is True. The image is of high quality, with clear details and no visible artifacts or distortions, so the quality score is 0.9."}, {"ans": [true, false, 0.98], "reasoning": "The image clearly shows a birdcage hanging from the ceiling of a porch, with a bird inside it. The birdcage is the main object in the image and is visible in detail. The perch is also visible inside the birdcage, attached to the inside of the cage. The image is of high quality, with clear details and no visible artifacts or distortions. The quality score is 0.98, indicating a very high-quality image."}, {"ans": [true, false, 1.0], "reasoning": "The image clearly shows a statue of a woman, indicating that the main object is indeed a statue. The statue has a head, which is visible and not missing. The image is of high quality with clear details and no visible artifacts or distortions. The statue is well-defined, and the background is appropriately blurred, focusing attention on the statue."}, {"ans": [true, false, 1.0], "reasoning": "The image clearly shows a teddy bear sitting on a bed, with a visible nose. The teddy bear is the main object in the image, and it is clearly identifiable. The nose is also visible, so it is not missing or invisible. The image is of high quality, with clear details and no visible artifacts or distortions."}, {"ans": [true, false, 0.95], "reasoning": "The image clearly shows a pair of white sneakers hanging on a door. The sneakers are the main object in the image and are easily visible. The laces are also visible, threaded through the eyelets and tied. The image is well-lit and in focus, with no visible artifacts or distortions. The quality of the image is high, with a score of 0.95. Therefore, the answer to Question 1 is True, as the image is showing sneakers. The answer to Question 2 is False, as the laces are not missing or invisible."}, {"ans": [true, false, 1.0], "reasoning": "The image clearly shows a refrigerator with its doors open, revealing the interior. The main object, the refrigerator, is present. The door shelves are visible on the right-hand door, so they are not missing. The image is clear and well-lit, with no visible artifacts or distortions that would affect its quality."}, {"ans": [true, false, 0.9], "reasoning": "The image depicts a group of young women gathered around a campfire in a forest setting. The campfire is the central focus, and it is clear that there is a fire present, as indicated by the light emanating from it. The flames are not large or prominent, but they are visible, suggesting that the fire is burning. The image is well-lit, with rays of light shining down from above, and the overall quality is high, with clear details and no visible artifacts or distortions. Therefore, the answer to Question 1 is True, as the image is showing a campfire. The answer to Question 2 is False, as the flames are visible, albeit not very large. The quality of the image is rated 0.9, as it is clear and well-rendered, with no significant issues."}, {"ans": [true, false, 0.95], "reasoning": "The image clearly shows a drinking fountain with water flowing from it. The main object, the drinking fountain, is present and identifiable. The water is visible and flowing, so it is not missing. The image is sharp and well-lit, with no significant artifacts or distortions that would affect the quality. The only minor deduction comes from the slight blurring in the background, but it does not impact the main subject."}, {"ans": [true, false, 0.95], "reasoning": "The image clearly shows a revolver with a visible trigger guard. The revolver is placed on a green cloth, and its details are well-defined. The trigger guard is present and visible, indicating that it is not missing. The image quality is high, with clear details of the revolver and its components. The only reason for not giving it a perfect score is the slight shadowing and texture of the cloth, but it does not significantly impact the visibility of the main object."}, {"ans": [true, false, 0.9], "reasoning": "The image is a detailed illustration of a compass rose, which is the main object in the center of the image. The compass rose is intricately designed with various elements and is surrounded by a map with ships and other nautical features. The north arrow is clearly visible and pointing towards the top of the image, labeled 'N'. The image is well-drawn and detailed, with a vintage aesthetic. The quality of the image is high, with clear lines and colors, although there are some subtle texture effects that might be considered a minor reduction in quality. Overall, the image effectively conveys a sense of navigation and exploration."}, {"ans": [true, false, 0.9], "reasoning": "The image depicts a futuristic cityscape with tall, sleek skyscrapers that are characteristic of a sci-fi setting. The presence of these structures directly answers the first question, confirming that the image is indeed showing skyscrapers. For the second question, upon closer inspection, it is evident that the skyscrapers have windows, as indicated by the numerous rectangular and linear features on their facades. Therefore, the windows are not missing or invisible. The image is of high quality, with clear details and vibrant colors, although it is a futuristic and somewhat surreal depiction. The quality score is 0.9 because the image is clear and well-defined, with no noticeable artifacts or distortions that detract from its overall clarity."}, {"ans": [true, true, 0.9], "reasoning": "The image shows a conductor standing in front of an orchestra, with his back to the camera and his right arm raised. The presence of the conductor is clear, so the answer to the first question is True. The baton is not visible in the conductor's hand, and since his palm is open and facing the camera, it suggests that he is not holding a baton, so the answer to the second question is True. The image is clear and well-focused, with no visible artifacts or distortions, so the quality score is 0.9."}, {"ans": [false, true, 0.9], "reasoning": "The image shows a soccer field with white lines and flags at the corners, but there is no visible soccer goal in the image. Therefore, the answer to the first question is False. Since there is no soccer goal visible, the crossbar is also not visible, making the answer to the second question True. The image quality is high, with clear details and no visible artifacts or distortions, so the quality score is 0.9."}, {"ans": [true, false, 0.95], "reasoning": "The image clearly shows a microscope on a table in a laboratory setting. The microscope is the main object and is visible with its lenses. The lenses are not missing; they are visible and appear to be in place on the microscope's nosepiece. The image is sharp and clear, with no significant artifacts or distortions that would detract from its quality. The only reason for not giving it a perfect score is the slight double exposure effect visible around the microscope, which slightly reduces the image quality."}]