[{"ans": [true, true, 1.0], "reasoning": "The image depicts a sailboat on calm waters with a clear blue sky in the background. The sailboat is centered in the image and appears to be a catamaran with a white hull and a tall mast. The sails are not fully extended and appear to be furled or partially lowered, indicating they are not in use or are being stored. The overall condition of the image is clear and well-defined, with no visible artifacts, blurring, or other issues that would detract from its quality. The main object, the sailboat, is clearly visible, and the surrounding environment is also well-rendered. Therefore, the answer to Question 1 is True because the image is showing a sailboat. The answer to Question 2 is True because the sails are not fully visible or are furled, making them not visible as if they were fully extended and in use. The quality of the image is rated as 1.0 because it is clear, well-defined, and free of noticeable issues."}, {"ans": [true, true, 0.9], "reasoning": "The image clearly shows a bicycle leaning against a brick wall. The bicycle appears to be old and worn, with visible signs of rust and dirt. The chain is not visible, suggesting it is either missing or not visible due to the angle or condition of the bike. The image is sharp and well-lit, with no noticeable artifacts or distortions that would detract from its quality. Therefore, the answer to the first question is True because the image is showing a bicycle. The answer to the second question is True because the chain is not visible. The quality of the image is rated 0.9 because it is clear and well-defined, with no significant issues affecting its clarity."}, {"ans": [true, false, 0.95], "reasoning": "The image clearly shows a cat sitting on a windowsill. The cat is the main object in the image, and it is visible and identifiable. Therefore, the answer to the first question is True. The cat's whiskers are also visible in the image, so the answer to the second question is False. The image is of high quality, with clear details and no visible artifacts or distortions. The only reason the quality score is not 1 is due to a slight dirtiness on the windowsill, but this does not affect the main subject or its key features."}, {"ans": [true, false, 0.9], "reasoning": "The image depicts a castle with a large, imposing structure and stone walls, which aligns with the definition of a castle. The presence of a large sculpture of a giant hand emerging from the ground in front of the castle is notable, but it does not negate the fact that the main object is a castle. Therefore, the answer to Question 1 is True. For Question 2, the gates are visible in the image, as there is an entrance with a staircase leading up to it, indicating that the gates are not missing or invisible. Hence, the answer to Question 2 is False. The image is clear and well-defined, with no visible artifacts, blurring, or other issues that would significantly impact its quality. The only potential deduction could be for the unusual and potentially unnatural presence of the giant hand sculpture, but since it is a real part of the scene and not an image processing artifact, the quality score remains high at 0.9."}, {"ans": [true, false, 0.9], "reasoning": "The image is showing a hot-air balloon with a basket. The basket is visible and not missing. The image quality is high, with clear details of the balloon and the landscape. The only reason for a quality score less than 1 is the slight blur around the edges of the balloon due to its motion, but it does not significantly impact the visibility of the main object."}, {"ans": [true, false, 0.9], "reasoning": "The image clearly shows a turtle with a visible shell. The turtle is centered in the image, and its shell is clearly visible as it moves through the shallow water onto the sandy beach. The image is well-lit and in focus, with clear details of the turtle's features and surroundings. The quality of the image is high, with no noticeable artifacts or distortions that would detract from the viewer's ability to see the turtle and its shell."}, {"ans": [true, false, 0.9], "reasoning": "The image clearly shows a train at a station. The train is silver with visible details such as lights and doors. The wheels are partially visible under the train, indicating they are not missing. The image is well-lit with some shadows, but there are no significant artifacts or distortions that would detract from its quality. The overall quality is high, so the score is 0.9."}, {"ans": [true, false, 0.9], "reasoning": "The image clearly shows a pair of eyeglasses with lenses. The main object, eyeglasses, is present. The lenses are visible, so they are not missing or not visible. The image is clear and well-lit, with minor specks that do not significantly detract from the overall quality. The quality score is 0.9 because the image is sharp and well-defined, with no major artifacts or distortions."}, {"ans": [true, false, 0.9], "reasoning": "The image clearly shows two fountain pens, both with visible nibs. The nibs are detailed and appear to be a key part of the image. The image is of high quality, with clear details and no visible artifacts or distortions that would detract from the overall quality. The presence of the nibs on both pens directly answers the second question, indicating that the nib is not missing or not visible."}, {"ans": [true, false, 1.0], "reasoning": "The image is showing an umbrella with a canopy, although the canopy is torn and dirty. The main object, the umbrella, is present in the image. The canopy is visible, so it is not missing or not visible. The image is clear and well-lit, with no visible artifacts or distortions that would affect its quality."}, {"ans": [true, false, 1.0], "reasoning": "The image clearly shows a large white airplane on a runway, with its wings fully visible. The presence of the airplane answers the first question affirmatively. Since the wings are clearly visible, the answer to the second question is negative. The image is of high quality, with no visible artifacts, blurring, or other issues that would detract from its clarity."}, {"ans": [true, false, 0.9], "reasoning": "The image shows a desk lamp with a gold finish, positioned above an open book on a table. The lamp is clearly visible and appears to be a desk lamp. The bulb is also visible, hanging from the lamp's fixture. The image is well-lit and clear, with no visible artifacts or distortions that would affect the quality. Therefore, the answer to Question 1 is True, as the image is showing a desk lamp. The answer to Question 2 is False, as the bulb is visible. The quality of the image is rated 0.9, as it is clear and well-lit, but may not be perfect due to minor potential issues not immediately apparent."}, {"ans": [true, false, 1.0], "reasoning": "The image clearly shows an electric guitar with its neck visible and intact. The guitar is hanging on a wall, and the neck is not missing or invisible. The image is of high quality, with clear details and no visible artifacts or distortions."}, {"ans": [true, false, 0.9], "reasoning": "The image is a clear and detailed representation of a crystal fish sculpture. The fish is the main object in the image, and it is clearly visible with its scales and fins intricately carved. The fins are present and visible, so the answer to the second question is False. The image quality is high, with good lighting and no visible artifacts or distortions, so the quality score is 0.9. The only reason it's not a perfect 1 is because of the slight blurring of the background and some minor reflections on the surface."}, {"ans": [true, false, 0.95], "reasoning": "The image depicts a small, rustic brick cottage with a wooden roof structure, situated in a field of tall grass and wildflowers. The cottage is the main object in the image, and it is clearly visible. The roof is partially constructed, with wooden beams visible, but it appears to be present. The image is well-lit, with clear details and no visible artifacts or distortions. Therefore, the answer to Question 1 is True, as the image is showing a cottage. The answer to Question 2 is False, as the roof is not missing or invisible; it is partially constructed and visible. The quality of the image is rated 0.95 out of 1, as it is clear and well-defined, with no noticeable issues."}, {"ans": [true, true, 0.9], "reasoning": "The image is showing a car, which is a convertible with its top down. The windshield is not visible as the top is down, so it is considered missing or not visible. The image is of high quality, with clear details of the car's interior and exterior, and no noticeable artifacts or distortions."}, {"ans": [true, true, 0.9], "reasoning": "The image is showing a transparent keyboard with illuminated keys. The spacebar is not visible as it is broken into two parts with a gap in between, suggesting it is either missing or not visible due to the design. The image quality is high, with clear details of the keyboard and its components, although there is a slight glow around the edges which might be considered a minor artifact."}, {"ans": [true, false, 0.95], "reasoning": "The image clearly shows an owl perched on a branch, with detailed feathers visible. The owl is the main object in the image, and it is depicted with feathers, so the answer to the first question is True. For the second question, the feathers are not missing or invisible; they are clearly visible and detailed, so the answer is False. The image quality is high, with clear details and no visible artifacts or distortions that would significantly impact the perception of the main object or its features. The only reason for not giving it a perfect score is the slight unnaturalness in the overall composition, possibly due to the digital enhancement or manipulation, but it does not detract from the clarity or visibility of the owl or its feathers."}, {"ans": [true, true, 0.9], "reasoning": "The image shows a leather-bound book with its cover open, revealing an empty interior. The pages are not visible, indicating they are either missing or not visible. The image is clear and well-rendered, with no significant artifacts or distortions, hence the high quality score."}, {"ans": [true, false, 0.9], "reasoning": "The image clearly shows a lighthouse, which is the main object. The lamp is visible inside the lighthouse, so it is not missing. The image is of high quality, with clear details and no visible artifacts or distortions. The quality score is 0.9 because the image is very clear and well-defined, with no noticeable issues."}, {"ans": [true, false, 1.0], "reasoning": "The image shows a light-colored armchair with a tufted back and arms, placed on a patterned rug in a room with white walls and large windows. The chair has visible legs, which are dark in color. The image is clear and well-lit, with no visible artifacts or distortions. The main object, the armchair, is clearly visible, so the answer to the first question is True. The legs of the chair are visible, so the answer to the second question is False. The image quality is high, with no noticeable issues, so the quality score is 1.0."}, {"ans": [true, true, 0.9], "reasoning": "The image clearly shows a deer in a forest setting. The deer is centered and facing the camera, with its body and legs clearly visible. There are no visible antlers on the deer's head, suggesting that it is either a female or a male without antlers. The image is sharp and well-lit, with good color representation. The quality of the image is high, with no noticeable artifacts or distortions. The only reason for not giving it a perfect score is the slight glow around the deer due to the lighting, but this does not significantly detract from the overall quality."}, {"ans": [true, false, 1.0], "reasoning": "The image shows a pink envelope with a visible flap, centered on a marble surface. The envelope is clearly visible and appears to be in good condition. The flap is present and not missing or invisible. The image is of high quality, with no visible artifacts, blurring, or other issues that would affect the quality score."}, {"ans": [true, true, 1.0], "reasoning": "The image is showing a wall clock with a white face and black hands, centered on a white wall above a fireplace. The clock face does not have any numbers visible. The image is clear and of high quality, with no visible artifacts, blurring, or other issues that would affect the quality score. Therefore, the answer to Question 1 is True because the image is showing a wall clock. The answer to Question 2 is True because the numbers on the clock face are not visible. The quality score is 1.0 because the image is clear and well-rendered."}, {"ans": [true, false, 0.9], "reasoning": "The image clearly shows a space suit with a helmet. The main object in the image is a person wearing a white space suit, partially submerged in water in a swimming pool. The helmet is visible and appears to be part of the suit. The image is clear and well-lit, with no significant artifacts or distortions that would affect the visibility of the space suit or the helmet. The quality of the image is high, with a score of 0.9, indicating that it is a good representation of the scene. The only reason it is not scored as 1 is due to the slight rippling effect on the water's surface, which slightly affects the clarity of the image."}, {"ans": [true, false, 0.9], "reasoning": "The image depicts a windmill with visible blades, albeit damaged and torn. The main object, the windmill, is present, so the answer to the first question is True. The blades are visible, though they appear to be damaged, so the answer to the second question is False. The image quality is generally good, with clear details of the windmill and the surrounding landscape. However, the presence of some artifacts or unnatural color due to the editing or the condition of the windmill might slightly reduce the quality score. Overall, the image is clear and well-defined, hence a quality score of 0.9."}, {"ans": [true, true, 1.0], "reasoning": "The image clearly shows a large tree with bare branches, indicating that it is either winter or the tree is dead. The main object in the image is the tree, which is visible and well-defined. The leaves are not visible on the main tree, and the branches are bare, so the answer to the second question is also true. The image is of high quality, with clear details and no visible artifacts or distortions."}, {"ans": [true, true, 0.9], "reasoning": "The image clearly shows a school bus, which is the main object. The bus is facing away from the camera, and its rear end is visible. The doors are not visible from this angle, hence they are considered missing or not visible. The image is of high quality, with clear details and no significant artifacts or distortions. The only reason for not giving it a perfect score is the presence of some dirt and grime on the bus, but this does not significantly impact the overall quality."}, {"ans": [true, false, 1.0], "reasoning": "The image shows a laptop with its screen open and visible. The laptop is the main object in the image, and it is clearly visible on a desk. The screen is not missing; it is open and facing upwards. The image is clear and of high quality, with no visible artifacts or distortions. Therefore, the answer to Question 1 is True because the image is showing a laptop. The answer to Question 2 is False because the screen is not missing or invisible; it is clearly visible. The quality of the image is rated as 1 because it is clear and well-lit, with no noticeable issues."}, {"ans": [true, true, 1.0], "reasoning": "The image clearly shows a trumpet, which is the main object in question. The trumpet is visible and identifiable. The mouthpiece is not visible, indicating it is either missing or not visible. The image is clear and well-lit, with no visible artifacts or distortions that would affect the quality. Therefore, the quality is rated as 1.0."}, {"ans": [true, false, 0.95], "reasoning": "The image clearly shows a robot with a head in a laboratory setting. The robot is white and has a humanoid form with visible mechanical parts and wires. The head is present and visible, so the answer to the second question is False. The image is of high quality with clear details and no visible artifacts or distortions, hence the quality score is 0.95."}, {"ans": [true, true, 1.0], "reasoning": "The image shows a candle on a silver tray. The candle is cylindrical and white, with a flat top. There is no visible wick on the candle. The image is clear and well-lit, with no visible artifacts or distortions. Therefore, the answer to Question 1 is True because the image is showing a candle. The answer to Question 2 is True because the wick is not visible. The quality of the image is rated as 1.0 because it is clear and well-lit, with no visible issues."}, {"ans": [true, false, 1.0], "reasoning": "The image clearly shows a pizza with various toppings including tomatoes, basil leaves, and black olives. The pizza is cut into slices and appears to be freshly baked. The presence of melted cheese is visible between the toppings, indicating that the pizza is not without cheese. Therefore, for Question 1, the answer is True because the image is showing a pizza. For Question 2, the answer is False because the cheese is visible and not missing. The image quality is rated as 1 because it is clear and well-defined, with no visible artifacts or distortions."}, {"ans": [true, true, 1.0], "reasoning": "The image is showing a DSLR camera without a lens, as the lens mount is visible and empty. The camera body is clearly visible and appears to be in a good condition. The image is clear and well-lit, with no visible artifacts or distortions. The quality of the image is high, with a score of 1. The lens is missing, so the answer to the second question is true."}, {"ans": [true, true, 0.95], "reasoning": "The image shows a grand piano on a stage in an auditorium. The piano's lid is open, and its interior is visible, but the keys are not visible, indicating they are either missing or not visible due to the angle or obstruction. The image is clear and well-lit, with no visible artifacts or distortions that would significantly impact its quality. The main object, the piano, is clearly identifiable."}, {"ans": [true, true, 0.9], "reasoning": "The image shows a paintbrush with its bristles not visible as they are likely covered in paint and positioned between the palette and the painting surface. The handle of the brush is visible, confirming the presence of a paintbrush. The bristles are not visible, making them 'missing or not visible'. The image is of high quality with clear details of the paint and palette, though there is some texture and paint splatter visible."}, {"ans": [true, false, 1.0], "reasoning": "The image clearly shows a watch with a strap. The watch is positioned on a countertop, and its strap is visible and not missing. The image is sharp and well-lit, with no visible artifacts or distortions that would affect its quality."}, {"ans": [true, true, 0.9], "reasoning": "The image shows a man in a dentist's chair with his mouth open. The mouth is visible, so the answer to the first question is True. The tongue is not visible, so the answer to the second question is True. The image is clear and well-lit, with no visible artifacts or distortions, so the quality is rated as 0.9."}, {"ans": [true, false, 0.9], "reasoning": "The image is showing a motorcycle, which is the main object. The motorcycle is centered in the image and is clearly visible. The handlebars are present and visible, attached to the front of the motorcycle. The image is of high quality, with clear details and vibrant colors. However, there are some neon lights and sparks around the motorcycle that could be considered as artifacts, but they do not significantly affect the overall quality of the image. Therefore, the quality score is 0.9."}, {"ans": [true, false, 0.9], "reasoning": "The image clearly shows a vintage television set with a visible screen, although the screen is reflecting some light and not displaying an image. The television is the main object in the image. The screen is present and visible, albeit with reflections. The image quality is high, with clear details of the television and its surroundings. The slight reflection on the screen does not detract from the overall quality, and there are no visible artifacts, blurring, or other issues that would significantly impact the quality score."}, {"ans": [true, false, 0.9], "reasoning": "The image depicts a white goat with horns standing on a rocky outcrop. The goat is clearly visible and appears to be in good condition, with no visible artifacts or distortions that would affect the overall quality of the image. The horns are also clearly visible, indicating that they are not missing. The image is sharp and well-defined, with good contrast and color balance. The only reason for a quality score less than 1 is the slight blurring of the background, but this does not detract from the main subject of the image."}, {"ans": [true, false, 1.0], "reasoning": "The image clearly shows a red sneaker with white soles and laces. The laces are visible and appear to be part of the shoe. The image is sharp and well-lit, with no visible artifacts or distortions that would affect the quality. Therefore, the answer to Question 1 is True because the image is showing a sneaker. The answer to Question 2 is False because the laces are visible. The quality of the image is rated 1.0 because it is clear and well-defined, with no noticeable issues."}, {"ans": [true, false, 0.95], "reasoning": "The image clearly shows a green frog sitting on a lily pad in the water. The frog's body is facing the right side of the image, and its eyes are visible and clearly seen. The image is sharp and well-lit, with good color representation. There are no visible artifacts, blurring, or other issues that would detract from the quality of the image. Therefore, the answer to Question 1 is True because the image is showing a frog. The answer to Question 2 is False because the eyes are not missing or invisible; they are clearly visible. The quality of the image is rated 0.95 out of 1, as it is very clear and well-defined, with only minor potential adjustments possibly needed for optimal viewing."}, {"ans": [true, false, 0.95], "reasoning": "The image is showing a mug with a handle, so the answer to the first question is True. The handle is visible, so the answer to the second question is False. The image is clear and well-lit, with no visible artifacts or distortions, so the quality score is high, but not 1 because the background is slightly gradient which might be considered as unnatural."}, {"ans": [true, false, 0.95], "reasoning": "The image shows a saxophone with its keys visible, indicating that the main object is present. The keys are not missing or invisible, they are clearly visible on the instrument. The image quality is high, with clear details and no visible artifacts or distortions, hence a quality score of 0.95. The slight deduction from 1 is due to the presence of some shadows and reflections, but these do not significantly impact the overall clarity of the image."}, {"ans": [true, false, 0.95], "reasoning": "The image shows a skateboard with wheels. The skateboard is positioned on a brick surface, and its trucks and wheels are clearly visible. The image is clear and well-lit, with no visible artifacts or distortions that would affect the quality. The main object, the skateboard, is present and identifiable. The wheels are also present and visible, so they are not missing or not visible. The quality of the image is high, with a score of 0.95 out of 1. The slight deduction is due to the fact that the bricks in the background show some signs of wear and weathering, but this does not detract from the main subject."}, {"ans": [true, false, 1.0], "reasoning": "The image shows a black fedora hat on a wooden stand. The hat is clearly visible and appears to be in good condition. The brim of the hat is visible and not missing. The image is clear and well-lit, with no visible artifacts or distortions. Therefore, the answer to Question 1 is True, as the image is showing a fedora. The answer to Question 2 is False, as the brim is not missing or not visible. The quality of the image is rated as 1.0, as it is clear and well-defined."}, {"ans": [true, false, 0.95], "reasoning": "The image clearly shows a motorcycle helmet on a workbench in a workshop. The helmet is black and has a visor that is intact and visible, indicating that the visor is not missing. The image is sharp and well-lit, with no visible artifacts or distortions that would detract from its quality. The presence of various tools in the background suggests a workshop setting, which is consistent with the context of the helmet being repaired or maintained."}, {"ans": [true, true, 0.98], "reasoning": "The image shows a bedframe with an ornate wooden headboard and footboard, but there is no mattress visible. The bedframe is the main object in the image, so the answer to the first question is True. The mattress is not visible, so the answer to the second question is True. The image is of high quality, with clear details and no visible artifacts or distortions, so the quality score is 0.98."}, {"ans": [true, false, 1.0], "reasoning": "The image clearly depicts a clock tower with a visible clock face. The main object, the clock tower, is present and identifiable. The clock face is also visible, indicating that it is not missing. The image is of high quality, with clear details and no visible artifacts or distortions."}, {"ans": [true, false, 0.95], "reasoning": "The image clearly shows a pocket watch with its cover open, revealing the intricate mechanical workings and the clock face with Roman numerals and visible hands. The hands are present and visible on the clock face, indicating the time. The image is of high quality, with detailed rendering of the watch's components and a clear, sharp focus. The slight reduction in quality score is due to minor specks or dust visible on the image, but these do not significantly detract from the overall clarity or the visibility of the main object."}, {"ans": [true, false, 1.0], "reasoning": "The image clearly shows a bicycle leaning against a stone wall. The bicycle is red and has 'TREK' written on its frame. The pedals are visible and appear to be attached to the bicycle. The image is clear and well-lit, with no visible artifacts or distortions. Therefore, the answer to the first question is True, as the image is showing a bicycle. The answer to the second question is False, as the pedals are visible and not missing. The quality of the image is rated as 1, as it is clear and well-defined."}, {"ans": [true, false, 0.9], "reasoning": "The image shows a painting of a woman on a wall in an art gallery. The painting is clearly visible and depicts a woman with her eyes looking down, but her eyes are visible. The image is well-lit, and the painting is the main focus. The quality of the image is high, with no visible artifacts or distortions. The main object, the portrait of a woman, is present. The eyes of the woman in the portrait are visible, so they are not missing or not visible."}, {"ans": [true, false, 0.9], "reasoning": "The image depicts a grand piano on a stage, with its lid open and a shiny reflective surface. The piano is the main object in the image, and it is clearly visible. The hammers inside the piano are also visible, as they are illuminated by the stage lights. The image is well-lit, with a clear view of the piano and its internal mechanisms. The quality of the image is high, with no visible artifacts or distortions. The only reason for a lower quality score would be the slight blurring of the background, but this does not affect the main object, the grand piano. Therefore, the quality score is 0.9."}, {"ans": [true, true, 0.9], "reasoning": "The image depicts a sailing ship with three masts and rigging, but no visible sails. The ship is shown in the water, with other boats visible in the background. The image is clear and well-defined, with no visible artifacts or distortions. The quality of the image is high, with a score of 0.9 out of 1. The main object, the sailing ship, is present, so the answer to Question 1 is True. The sails are not visible, so the answer to Question 2 is True."}, {"ans": [true, false, 0.95], "reasoning": "The image shows a large tree with sprawling branches and a thick trunk, which appears to be an oak tree due to its characteristic shape and structure. The tree has some leaves, but they are sparse and not fully covering the branches. The main object, the tree, is clearly visible, so the answer to the first question is True. For the second question, the leaves are not entirely missing but are sparse, so they are not considered missing or not visible, making the answer False. The image quality is high, with clear details and no significant artifacts or distortions, so the quality score is 0.95."}, {"ans": [true, false, 0.9], "reasoning": "The image depicts a stone cottage with a sloping roof, covered in vines and surrounded by trees. The cottage has windows on both floors and a chimney. A door is visible on the left side of the lower floor, indicating that the cottage is present and the door is not missing. The image is of high quality, with clear details and no visible artifacts or distortions. The presence of the door answers Question 2, making it false because the door is visible."}, {"ans": [true, false, 1.0], "reasoning": "The image clearly shows a passenger jet on a runway. The wings are visible and not missing. The image is clear and of high quality, with no visible artifacts or distortions."}, {"ans": [true, true, 0.9], "reasoning": "The image clearly shows a wristwatch with a gray face and a leather strap, placed in a box. The watch face does not have any visible numbers, indicating that the numbers are missing or not visible. The image is of high quality, with clear details and no visible artifacts or distortions. The only reason for not giving it a perfect score is the slight wear and tear visible on the box, but this does not affect the visibility or clarity of the watch itself."}, {"ans": [true, false, 1.0], "reasoning": "The image is showing a pizza, which is the main object. The pizza appears to have cheese, although it is not melted and is mostly covered by the tomato sauce and basil leaves. The cheese is visible in some areas, so it is not missing or invisible. The image is of high quality, with clear details and no visible artifacts or distortions."}, {"ans": [true, false, 0.9], "reasoning": "The image clearly shows traffic signals with visible lights. The main objects in the image are traffic signals, and they are present. The lights on the traffic signals are also visible, so they are not missing. The image quality is high, with clear details of the traffic signals and the surrounding environment. The only reason for a slightly lower quality score is the presence of lens flare from the sun, which is not affecting the visibility of the main objects."}, {"ans": [true, false, 1.0], "reasoning": "The image clearly shows two skateboards on a concrete surface. The skateboard in the center of the image has its trucks and wheels visible, indicating that it is not missing wheels. The skateboard in the lower left corner also has its trucks and wheels visible. The image is clear and well-lit, with no visible artifacts or distortions that would affect the quality. Therefore, the answer to Question 1 is True because the image is showing skateboards. The answer to Question 2 is False because the wheels are visible on both skateboards. The quality of the image is rated 1 because it is clear and well-lit, with no visible issues."}, {"ans": [true, true, 0.9], "reasoning": "The image clearly shows a chessboard with pieces arranged on it. The chessboard is the main object and is visible, so the answer to the first question is True. The black pieces are not visible on the chessboard; instead, the white pieces are present on both sides of the board, indicating that the black pieces are missing. Therefore, the answer to the second question is True. The image quality is high, with clear details of the chessboard and pieces, but it might be slightly decreased due to the red fabric background causing some shadows and reflections. However, the overall clarity and focus on the chessboard justify a quality score of 0.9."}, {"ans": [true, false, 0.95], "reasoning": "The image is showing a red sports car, which is the main object. The brakes are visible as red calipers behind the black rims, so they are not missing or invisible. The image quality is high with clear details and no visible artifacts or distortions, but the reflection on the floor is slightly distorted, hence a minor deduction in quality score."}, {"ans": [true, true, 1.0], "reasoning": "The image clearly shows an open book on a wooden table, with blank pages devoid of any text. The main object, the book, is present and centered in the image. The text is not visible on the pages, indicating it is either missing or not visible. The image is sharp and clear, with no visible artifacts or distortions that would affect its quality."}, {"ans": [true, false, 1.0], "reasoning": "The image clearly shows a computer tower with various components visible through its transparent side panel. The presence of fans is evident, as they are illuminated and visible on both the side and back of the case. The image is of high quality, with no visible artifacts, blurring, or other issues that would detract from its clarity. Therefore, the answer to the first question is True because the image does show a computer tower. The answer to the second question is False because the fans are not missing; they are clearly visible. The quality score is 1, indicating a high-quality image."}, {"ans": [true, false, 1.0], "reasoning": "The image clearly depicts a scarecrow in a field. The scarecrow is wearing a straw hat and a plaid shirt, and has arms made of straw or hay attached to its body. The presence of arms indicates that the arms are not missing. The image is clear and well-defined, with no visible artifacts or distortions that would affect the quality."}, {"ans": [true, true, 0.9], "reasoning": "The image depicts a knight in armor, which directly answers the first question. The knight is not holding a sword, and there is no visible sword in the image, which answers the second question about the sword being missing or not visible. The quality of the image is high, with clear details of the armor and the background, although there might be a slight texture or brush stroke visible due to the painting style, which does not significantly detract from the overall quality."}, {"ans": [true, false, 0.95], "reasoning": "The image clearly shows a teapot with a floral design on it. The teapot has a handle, a spout, and a lid, which are all typical features of a teapot. The handle is visible on the right side of the teapot, so it is not missing. The image is of high quality, with clear details and no visible artifacts or distortions. The only reason the quality score is not 1 is because the background is slightly blurred."}, {"ans": [true, false, 0.9], "reasoning": "The image clearly shows a basketball hoop with a net, so the answer to the first question is True. The net is visible and attached to the hoop, so the answer to the second question is False. The image is of high quality, with clear details and no visible artifacts or distortions, so the quality score is 0.9. The slight reduction from 1 is due to minor imperfections in the clarity of the backboard."}, {"ans": [true, false, 0.95], "reasoning": "The image clearly shows a dining table set with plates, cutlery, and glasses. The main object, a dining table, is present. The glasses are visible on the table, so they are not missing. The image is of high quality, with clear details and no visible artifacts or distortions, hence a quality score of 0.95."}, {"ans": [true, false, 0.9], "reasoning": "The image clearly shows a vintage typewriter on a desk, with various other objects around it. The typewriter is the main focus, and it appears to be in a somewhat worn condition but is still recognizable. The ribbon is visible and appears to be intact, threaded through the typewriter's mechanism. The image is sharp and well-defined, with good lighting that highlights the details of the typewriter and surrounding objects. There are no visible artifacts, blurring, or other issues that would detract from the image quality. Therefore, the answer to the first question is True because the image is showing a typewriter. The answer to the second question is False because the ribbon is visible and not missing. The quality of the image is rated 0.9, as it is clear and well-defined, with only minor signs of wear or aging visible on the typewriter and desk."}, {"ans": [true, false, 1.0], "reasoning": "The image shows multiple winter jackets hanging on a rack. The main object, winter jackets, is clearly visible. For Question 1, the presence of winter jackets is confirmed, so the answer is True. For Question 2, the zipper on at least one of the jackets (the brown one on the right) is visible, so the answer is False. The image is clear and well-lit, with no visible artifacts or distortions, so the quality score is 1."}, {"ans": [true, false, 0.9], "reasoning": "The image clearly shows a sunflower. The seeds are visible on the flower head, so they are not missing or invisible. The image is well-lit and in focus, with no visible artifacts or distortions that would significantly impact its quality. The only reason for not giving it a perfect score is the slight overexposure around the sun, but it doesn't significantly affect the overall quality of the image."}, {"ans": [true, false, 0.9], "reasoning": "The image clearly shows an elephant in the foreground with its trunk visible, indicating that the main object (an elephant) is present. The trunk is not missing or invisible; it is clearly visible and being used by the elephant. The image is of high quality, with clear details and no significant artifacts or distortions that would detract from the visibility of the elephant or its trunk. The quality is rated 0.9 because the image is very detailed and clear, though it may not be perfect due to being a generated or edited image."}, {"ans": [true, true, 0.95], "reasoning": "The image shows a rowboat, which is the main object. The oars are not visible in the image, so they are considered missing. The image is clear and well-lit, with no visible artifacts or distortions, so the quality is high."}, {"ans": [true, false, 0.9], "reasoning": "The image is showing a snowman with a scarf and a hat, and it has buttons on its body. The buttons are visible, so they are not missing. The image is clear and well-defined, with no visible artifacts or blurring, but the quality is not perfect due to some minor unnatural lighting."}, {"ans": [true, false, 0.95], "reasoning": "The image shows a fountain pen with a red body and a gold nib, resting on an open notebook. The pen's ink reservoir is visible and appears to be filled with ink, as indicated by the dark red color inside the transparent section. The image is clear and well-focused, with no visible artifacts or distortions that would detract from its quality. The only reason for not giving it a perfect score is the slight blurring at the edges of the image, but it does not affect the main subject."}, {"ans": [true, false, 0.9], "reasoning": "The image clearly shows a paintbrush with visible bristles on a palette covered in paint. The main object, a paintbrush, is present, so the answer to the first question is true. The bristles of the paintbrush are visible, so the answer to the second question is false. The image is of high quality, with clear details and vibrant colors, but the quality score is slightly reduced to 0.9 due to the presence of some minor paint splatters and texture that could be considered as slight artifacts."}, {"ans": [true, false, 0.9], "reasoning": "The image clearly shows a pair of eyeglasses with visible temples on a crumpled piece of paper. The glasses are the main object in the image, and they are clearly visible. The temples are also visible, indicating that they are not missing. The image quality is high, with clear details and no noticeable artifacts or distortions. The only reason for a quality score less than 1 is the slight texture visible on the background, but it does not detract from the main object."}, {"ans": [true, false, 0.9], "reasoning": "The image clearly shows a person holding an umbrella on a rainy street. The umbrella is visible and appears to be intact. Upon closer inspection, the ribs of the umbrella are visible under the canopy, indicating that they are not missing. The image is sharp and clear, with no significant artifacts or distortions that would detract from its quality. The overall quality is high, with a score of 0.9, as it is a well-composed and clear image."}, {"ans": [true, false, 0.9], "reasoning": "The image is showing a wristwatch with a visible face and hour markers. The watch is gold with a skeleton design, and the hour markers are visible on the outer rim of the watch face. The image is of high quality, with clear details and no visible artifacts or distortions. The watch is displayed under a glass dome, which adds to the clarity of the image. The only reason for not giving it a perfect score is the slight reflection on the glass dome."}, {"ans": [true, false, 1.0], "reasoning": "The image clearly shows a camping tent set up in a grassy field. The tent is fully visible with its fabric and poles in place. The poles are visible and appear to be supporting the structure of the tent. The image is clear and well-lit, with no visible artifacts or distortions that would affect the quality. Therefore, the answer to Question 1 is True because the image is showing a camping tent. The answer to Question 2 is False because the poles are visible and not missing. The quality of the image is rated as 1 (high) because it is clear and free of noticeable issues."}, {"ans": [true, true, 0.9], "reasoning": "The image depicts a cuckoo clock with intricate carvings and decorations, including leaves, deer, and pinecones. The clock face is visible, but the weights are not seen as they are likely hanging below the visible area. The image is of high quality, with detailed carvings and no visible artifacts or distortions. Therefore, the answer to Question 1 is True, as the image shows a cuckoo clock. The answer to Question 2 is also True, as the weights are not visible in the image. The quality score is 0.9, indicating a high-quality image with no significant issues."}, {"ans": [true, true, 0.95], "reasoning": "The image clearly shows a smartphone standing upright on a table. The phone is the main object in the image, and it is visible and clear. The speaker grille is not visible on the phone, as it is likely on the bottom edge or back of the phone, which is not visible in this view. The image is sharp and well-lit, with no noticeable artifacts or distortions. The background is blurred, but it appears to be an office setting. The overall quality of the image is high, with a score of 0.95 out of 1."}, {"ans": [true, true, 0.9], "reasoning": "The image clearly shows a motorcycle on a dirt road. The motorcycle is facing the camera, and its front features are visible. However, the speedometer is not visible as it is likely positioned on the handlebars, which are not fully in view, and the main focus is on the front of the bike. The image quality is generally good, with clear details of the motorcycle and the surroundings. The dust around the motorcycle slightly affects the clarity but not significantly. The overall quality is rated 0.9 due to the slight dust and potential minor artifacts, but it does not hinder the visibility of the main object."}, {"ans": [true, true, 0.95], "reasoning": "The image shows a violin bow lying on a red velvet fabric. The bow is visible, and it appears to be without hair, as there are no visible strands between the tip and the frog. The quality of the image is high, with clear details of the bow and the fabric. The score is 0.95 because the image is sharp and well-lit, but there might be a slight decrease due to the reflection on the fabric."}, {"ans": [true, false, 1.0], "reasoning": "The image is showing a birdcage with a bird inside it. The birdcage is hanging from the ceiling of a porch, and it is made of gold-colored metal bars. There is a bird perched on a stand inside the cage, and the perch is visible. The image is clear and well-lit, with no visible artifacts or distortions. Therefore, the answer to Question 1 is True because the image is showing a birdcage. The answer to Question 2 is False because the perch is visible inside the birdcage. The quality of the image is rated as 1.0 because it is clear and well-lit, with no visible issues."}, {"ans": [true, false, 1.0], "reasoning": "The image clearly shows a statue of a woman, indicating that the main object is indeed a statue. The statue has a head, and it is visible, so the head is not missing. The image is of high quality, with clear details and no visible artifacts or distortions."}, {"ans": [true, false, 1.0], "reasoning": "The image is clearly showing a teddy bear with a visible nose. The teddy bear is sitting on a bed with a light-colored comforter and pillow, both featuring cartoon designs. The teddy bear is light beige with a white muzzle and has a brown nose. The nose is clearly visible, so the answer to the second question is False. The image is of high quality, with no visible artifacts, blurring, or other issues that would affect the quality score."}, {"ans": [true, false, 0.95], "reasoning": "The image clearly shows a pair of white sneakers hanging on a door. The sneakers are the main object in the image and are easily visible. The laces are also visible, threaded through the eyelets and tied. The image is well-lit and in focus, with no visible artifacts or distortions that would detract from its quality. The only reason for not giving it a perfect score is the slight wear visible on the soles of the sneakers, but this is a characteristic of the subject rather than a flaw in the image itself."}, {"ans": [true, false, 0.95], "reasoning": "The image clearly shows a refrigerator with its door open, revealing the interior. The refrigerator is the main object in the image, and it is visible and clear. The door shelves are present and visible on the door. The image is of high quality, with clear details and no visible artifacts or distortions. The only reason for not giving it a perfect score is the slight presence of a plant in the foreground that might be slightly out of focus, but it does not affect the main subject."}, {"ans": [true, false, 0.9], "reasoning": "The image depicts a group of women gathered around a campfire in a forest setting. The campfire is clearly visible and appears to be lit, as indicated by the light emanating from it. The flames are not large but are visible, suggesting that the fire is burning. The image is well-lit, with rays of light shining down on the scene, and the overall quality is high, with clear details and no noticeable artifacts or distortions. Therefore, the answer to the first question is True because the image is showing a campfire. The answer to the second question is False because the flames are visible. The quality score is 0.9, as the image is clear and well-rendered, but there might be a slight deduction for the somewhat unnatural lighting effects."}, {"ans": [true, false, 0.9], "reasoning": "The image is showing a drinking fountain with water flowing from it. The main object, the drinking fountain, is clearly visible and identifiable. The water is also visible, flowing from the fountain, so it is not missing. The image is clear and well-lit, with no visible artifacts or distortions that would detract from its quality. The only reason the quality score is not 1 is because of the slight blurring in the background."}, {"ans": [true, false, 0.9], "reasoning": "The image clearly shows a revolver with a visible trigger guard. The main object, a revolver, is present, so the answer to the first question is True. The trigger guard is visible, so the answer to the second question is False. The image quality is high, with clear details of the revolver and its components, so the quality score is 0.9. The slight deduction is due to minor texture and lighting variations."}, {"ans": [true, false, 0.9], "reasoning": "The image is a detailed illustration of a compass rose, which is the main object. The compass rose is intricately designed with various elements, including a north arrow that is clearly visible. The presence of the compass rose answers the first question affirmatively. For the second question, the north arrow is visible, so it is not missing. The image quality is high, with clear details and no significant artifacts or distortions, but the aged parchment effect slightly reduces the clarity, hence a quality score of 0.9."}, {"ans": [true, false, 0.9], "reasoning": "The image depicts a futuristic cityscape with numerous tall, sleek skyscrapers, indicating that it is showing skyscrapers. The skyscrapers have visible windows, some of which are lit up, so the windows are not missing or invisible. The image is of high quality, with clear details and no visible artifacts or distortions, but the quality score is not 1 due to the slightly unnatural color palette and the futuristic, rendered nature of the image."}, {"ans": [true, true, 1.0], "reasoning": "The image shows a conductor standing with his back to the camera, arms raised, in front of an orchestra. The main object, the conductor, is present. The baton is not visible in the conductor's hands, and since his hands are open and raised, it indicates the baton is either not being held or is not visible. The image is clear and well-lit, showing the details of the scene without any noticeable artifacts or distortions."}, {"ans": [true, true, 1.0], "reasoning": "The image depicts a soccer field with a visible goal area, indicated by the presence of corner flags and the goal line. The soccer goal itself is not visible in the image, but the context strongly suggests that it is present. For Question 1, the image is considered to be showing a soccer goal because the goal area is clearly marked, even though the goal is not visible. For Question 2, the crossbar is considered missing or not visible because the goal is not present in the image. The quality of the image is rated as 1.0 because it is clear and free of artifacts, blurring, or other issues that would detract from its quality."}, {"ans": [true, false, 0.9], "reasoning": "The image clearly shows a microscope on a table in a laboratory setting. The microscope is the main object in the image and is easily identifiable. The lenses of the microscope are visible, indicating that they are not missing. The image is sharp and clear, with no visible artifacts or distortions that would detract from its quality. The only reason for not giving it a perfect score is the slight blurring of the background, but the main object (the microscope) is clear."}]