[{"ans": [true, true, 1.0], "reasoning": "The image is showing a sailboat, which is the main object. The sails are not visible as they are furled or covered, so they are considered missing or not visible. The image is clear and of high quality, with no visible artifacts or distortions."}, {"ans": [true, false, 0.9], "reasoning": "The image clearly shows a red bicycle leaning against a brick wall. The bicycle is the main object in the image, and it is visible in its entirety. The chain of the bicycle is visible and appears to be intact, so it is not missing. The image is clear and well-lit, with no visible artifacts or distortions that would affect the quality. The only reason for a quality score less than 1 is the slight presence of rust and wear on the bicycle, but this is not a distortion or artifact, it's part of the image content."}, {"ans": [true, false, 0.9], "reasoning": "The image is showing a cat. The cat is clearly visible and appears to be a gray cat with yellow eyes. The whiskers are visible on the cat's face. The image is of high quality, with clear details and no visible artifacts or blurring. The only reason for not giving it a perfect score is the slight presence of dust or debris on the windowsill, but it does not significantly affect the overall quality of the image."}, {"ans": [true, true, 1.0], "reasoning": "The image shows a castle with a large stone wall and a grassy area in front of it. The castle's main entrance is visible, but there are no gates present. The image is clear and well-defined, with no visible artifacts or distortions. Therefore, the answer to Question 1 is True because the image is showing a castle. The answer to Question 2 is True because the gates are missing or not visible. The quality of the image is rated as 1 because it is clear and well-defined."}, {"ans": [true, false, 0.95], "reasoning": "The image clearly shows a hot-air balloon with a basket. The main object, the hot-air balloon, is present and visible. The basket is also visible and attached to the balloon, so it is not missing. The image is of high quality with clear details and natural colors, though there is a slight gradient effect in the sky which is likely intentional and not a degradation of quality."}, {"ans": [true, false, 0.9], "reasoning": "The image clearly shows a turtle with a visible shell, so the answer to the first question is True. Since the shell is visible, the answer to the second question is False. The image is of high quality, with clear details of the turtle and its surroundings, but there is some minor shadowing that could be considered a slight detraction, hence a quality score of 0.9 rather than 1."}, {"ans": [true, false, 0.95], "reasoning": "The image is showing a train at a station. The train is clearly visible and appears to be in good condition. The wheels of the train are visible under the carriage, so they are not missing or invisible. The image is well-lit and clear, with no visible artifacts or distortions that would affect its quality. The only reason for a quality score less than 1 is the slight overexposure on the front of the train, but it does not significantly impact the overall visibility of the image."}, {"ans": [true, false, 1.0], "reasoning": "The image clearly shows a pair of eyeglasses with lenses. The lenses are visible and not missing. The image is sharp and well-lit, with no visible artifacts or distortions that would affect the quality. Therefore, the answer to Question 1 is True, and the answer to Question 2 is False. The quality of the image is rated as 1.0 because it is clear and well-defined."}, {"ans": [true, false, 1.0], "reasoning": "The image clearly shows a fountain pen with a nib, placed on a piece of paper. The pen is the main object in the image and is visible in its entirety, with the nib clearly visible. Therefore, the answer to the first question is True. The nib is not missing or invisible, so the answer to the second question is False. The image is of high quality, with clear details and no visible artifacts or distortions, so the quality score is 1."}, {"ans": [true, true, 1.0], "reasoning": "The image shows a metal umbrella frame without a canopy, leaning against a wall next to a wooden chair. The main object in the image is an umbrella, albeit without its canopy. Therefore, the answer to the first question is True. For the second question, the canopy is indeed missing, so the answer is True. The image is clear and well-defined, with no visible artifacts or distortions, hence the quality score is 1.0."}, {"ans": [true, false, 1.0], "reasoning": "The image clearly shows a large white airplane on a runway. The airplane is facing left, and its wings are visible, indicating that the wings are not missing. The image is sharp and clear, with no visible artifacts or distortions that would affect its quality. Therefore, the answer to the first question is True because the image is showing an airplane. The answer to the second question is False because the wings are visible. The quality of the image is rated 1 out of 1 because it is clear and well-defined, with no noticeable issues."}, {"ans": [true, true, 0.95], "reasoning": "The image is showing a desk lamp, which is the main object. The lamp appears to be a classic, adjustable desk lamp with a brass finish. The bulb is not visible, as it is enclosed within the lamp's shade. The image is clear and well-lit, with no visible artifacts or distortions. The quality of the image is high, with a score of 0.95. The main object, the desk lamp, is present, so the answer to the first question is True. The bulb is not visible, so the answer to the second question is True."}, {"ans": [true, false, 1.0], "reasoning": "The image is showing an electric guitar with a visible neck. The guitar is hanging on a wall, and the neck is clearly visible, extending upwards from the body. The image is clear and well-lit, with no visible artifacts or distortions. Therefore, the answer to Question 1 is True, and the answer to Question 2 is False. The quality of the image is rated as 1, indicating that it is of high quality."}, {"ans": [true, false, 0.9], "reasoning": "The image clearly shows a fish, so the answer to the first question is True. The fins of the fish are visible, so the answer to the second question is False. The image is of high quality, with clear details and no visible artifacts or distortions that would significantly impact the visibility of the main object, hence a quality score of 0.9."}, {"ans": [true, false, 1.0], "reasoning": "The image clearly depicts a cottage with a roof. The roof is visible and appears to be intact, although it has a mossy appearance suggesting age or neglect. The overall quality of the image is high, with clear details and no visible artifacts or distortions."}, {"ans": [true, true, 0.9], "reasoning": "The image shows a vintage convertible car with its top down, and the windshield is not visible. The main object in the image is a car, so the answer to the first question is True. Since the windshield is not visible due to the angle of the photo and the top being down, it can be considered as not visible, so the answer to the second question is True. The image quality is good, with clear details of the car's interior and exterior, so the quality score is 0.9. There are no noticeable artifacts or distortions that would decrease the quality score."}, {"ans": [true, false, 0.95], "reasoning": "The image is showing a keyboard, which is the main object. The spacebar is present and visible, so it is not missing. The image quality is high, with clear details and no visible artifacts or distortions. The only reason for not giving it a perfect score is the slight gradient effect on the background, but it does not affect the visibility of the keyboard."}, {"ans": [true, false, 0.9], "reasoning": "The image clearly shows an owl perched on a branch, with detailed feathers visible across its body. The owl's presence is the main focus, and it is depicted with feathers, answering the first question affirmatively. For the second question, the feathers are not missing or invisible; they are clearly visible and detailed, so the answer is false. The image quality is high, with clear details and no visible artifacts or distortions that would detract from the overall quality, hence a quality score of 0.9."}, {"ans": [true, true, 1.0], "reasoning": "The image is showing a book with a leather cover, and the pages are not visible as they are facing downwards and the book is open, showing the cover and the spine. The quality of the image is high, with clear details and no visible artifacts or distortions."}, {"ans": [true, false, 0.98], "reasoning": "The image is clearly showing a lighthouse, which is the main object. The lighthouse has a lamp visible inside the glass enclosure at the top. The image is of high quality with no visible artifacts, blurring, or unnatural colors. The presence of the lamp is evident, so it is not missing or invisible."}, {"ans": [true, false, 0.95], "reasoning": "The image shows a beige armchair with a tufted back and wooden legs on a patterned rug. The chair is the main object, and it is clearly visible. The legs of the chair are visible, so they are not missing or not visible. The image quality is high, with clear details and no visible artifacts or distortions. The only reason for a quality score less than 1 is the slight loss of detail in the rug's pattern due to its complexity and the angle of the image, but this does not significantly impact the overall perception of the main object, the armchair."}, {"ans": [true, true, 0.95], "reasoning": "The image is showing a deer in a forest. The deer is clearly visible and appears to be a female or a young male as there are no visible antlers. The image is of high quality with clear details and no visible artifacts or distortions. The lighting is natural and enhances the scene. The quality score is 0.95 because the image is very clear and well-lit, with no noticeable issues."}, {"ans": [true, false, 1.0], "reasoning": "The image clearly shows an envelope, so the answer to Question 1 is True. The flap of the envelope is visible, so the answer to Question 2 is False. The image is of high quality with no visible artifacts or distortions, so the quality score is 1."}, {"ans": [true, true, 1.0], "reasoning": "The image clearly shows a wall clock on a wall above a fireplace. The clock face is white with black hands but lacks numbers. The image is sharp and well-lit, with no visible artifacts or distortions. The main object, the wall clock, is clearly visible, so the answer to the first question is True. The numbers on the clock are missing, so the answer to the second question is True. The image quality is high, with no issues affecting the visibility of the main object or other elements, so the quality score is 1.0."}, {"ans": [true, false, 0.9], "reasoning": "The image clearly shows an astronaut wearing a white space suit with a helmet. The presence of the helmet indicates that it is not missing. The image is of high quality with clear details and no visible artifacts or distortions that would significantly impact the visibility of the main object or its components."}, {"ans": [true, false, 1.0], "reasoning": "The image clearly shows a windmill with its blades visible, standing in a field of wheat. The main object, the windmill, is present and identifiable. The blades are also visible, indicating they are not missing. The image is sharp and clear, with natural colors and no visible artifacts or distortions. Therefore, the quality of the image is rated as 1."}, {"ans": [true, true, 0.95], "reasoning": "The image clearly shows a large tree with many branches, indicating that it is indeed showing a tree. The tree appears to be without leaves, as the branches are bare. The image is of high quality, with clear details and no visible artifacts or distortions. The sun's rays shining through the branches add to the overall clarity and aesthetic of the image."}, {"ans": [true, true, 0.95], "reasoning": "The image shows a yellow school bus parked in front of a building. The bus is clearly visible, and its identity as a school bus is confirmed by the 'SCHOOL BUS' sign on the front. The doors of the bus are not visible as the image captures the side and rear of the bus. The image is clear and well-lit, with no noticeable artifacts or distortions that would affect its quality. The quality score is 0.95 because the image is sharp and clear, with no visible issues that would detract from its overall quality."}, {"ans": [true, true, 1.0], "reasoning": "The image shows a laptop with its screen open and facing away from the viewer, so the screen is not visible. The laptop is clearly identifiable as the main object in the image. The image is clear and well-lit, with no visible artifacts or distortions that would affect its quality."}, {"ans": [true, true, 0.9], "reasoning": "The image shows a trumpet lying on a red velvet fabric. The trumpet is clearly visible and appears to be in good condition. The mouthpiece is not visible, suggesting it is either missing or not attached. The image is clear and well-lit, with no visible artifacts or distortions that would affect the quality. Therefore, the answer to Question 1 is True because the image is showing a trumpet. The answer to Question 2 is True because the mouthpiece is not visible. The quality of the image is rated 0.9 because it is clear and well-lit, with no significant issues."}, {"ans": [true, false, 1.0], "reasoning": "The image clearly shows a robot standing in a laboratory setting. The robot has a distinct head with visible details such as eyes and wiring coming out of it. Therefore, for Question 1, the answer is True because the image is showing a robot. For Question 2, the answer is False because the head is not missing; it is visible and clearly depicted. The image quality is rated 1.0 because it is clear, detailed, and free of artifacts or distortions."}, {"ans": [true, true, 1.0], "reasoning": "The image shows a cylindrical object that appears to be a candle, as it is a smooth, white, and cylindrical shape, typical of candles. The object is placed on a silver tray, which is a common way to display candles. The image is clear and well-lit, with no visible artifacts or distortions. The wick is not visible, which suggests that it is either missing or not visible. Therefore, the answer to the first question is True, as the image is showing a candle. The answer to the second question is also True, as the wick is not visible. The quality of the image is rated as 1.0, as it is clear and well-lit, with no visible artifacts or distortions."}, {"ans": [true, true, 1.0], "reasoning": "The image is showing a pizza. The pizza is cut into slices and has a red sauce base, topped with tomatoes, basil leaves, and what appears to be garlic or bread rolls around the edge. There is no visible cheese on top of the pizza, suggesting it might be missing or not visible. The image is clear and well-lit, with no visible artifacts or distortions that would affect its quality."}, {"ans": [true, true, 1.0], "reasoning": "The image shows a DSLR camera body without a lens attached. The camera is displayed on a shelf, and the lens mount is visible, indicating that a lens is not present. The image is clear and well-lit, with no visible artifacts or distortions. Therefore, the answer to Question 1 is True, as the image is showing a DSLR camera. The answer to Question 2 is also True, as the lens is missing. The quality of the image is rated 1.0, as it is clear and well-defined."}, {"ans": [true, false, 1.0], "reasoning": "The image is showing a grand piano on a stage in a large auditorium. The piano is clearly visible and appears to be in good condition. The keys of the piano are visible and not missing. The image is well-lit and there are no visible artifacts, blurring, or other issues that would affect its quality. Therefore, the answer to Question 1 is True because the image is showing a piano. The answer to Question 2 is False because the keys are visible and not missing. The quality of the image is rated as 1 because it is clear and well-lit with no visible issues."}, {"ans": [true, true, 0.9], "reasoning": "The image shows a paintbrush with a visible handle and metal ferrule, but the bristles are not visible as they are likely covered in paint and resting under the palette. The image is clear and well-lit, showing vibrant colors and textures of the paint on the palette. The quality is high, with no noticeable artifacts or blurring."}, {"ans": [true, true, 1.0], "reasoning": "The image clearly shows a watch with a black face and silver accents on a speckled granite surface. The watch is positioned in such a way that its face is visible, and it appears to be a smartwatch or a digital watch due to its display. The strap of the watch is not visible as it is either missing or not shown in the image. The image is sharp and well-lit, with no visible artifacts or distortions that would detract from its quality. Therefore, the answer to the first question is True because the image is showing a watch. The answer to the second question is True because the strap is not visible. The quality of the image is rated as 1.0 because it is clear and well-defined, with no noticeable issues."}, {"ans": [true, true, 0.95], "reasoning": "The image clearly shows a man sitting in a dentist's chair with his mouth open, undergoing a dental examination. The dentist is using dental tools to inspect his teeth. The main object, which is the mouth, is visible. However, the tongue is not visible as it is likely pressed down or not in view due to the open mouth position and the angle of the image. The image is of high quality with clear details and no visible artifacts or distortions."}, {"ans": [true, false, 0.95], "reasoning": "The image clearly shows a motorcycle parked on a street at night. The motorcycle is facing left and has its handlebars visible. The handlebars are not missing or invisible, so the answer to the second question is False. The image is well-lit and has a clear view of the motorcycle, with some neon lights and streetlights illuminating the scene. The quality of the image is high, with no visible artifacts or distortions, so the quality score is 0.95."}, {"ans": [true, false, 0.95], "reasoning": "The image clearly shows a vintage television set with a visible screen, although the screen is not displaying any content and appears to be turned off or showing a static screen. The television is housed in a wooden cabinet with the lower panel open, revealing the internal components. The presence of the screen answers the first question affirmatively. For the second question, the screen is visible, so it is not missing or not visible. The image is of high quality, with clear details and no visible artifacts or distortions, hence the quality score is 0.95. The slight deduction is due to the fact that the image is a rendering and not a photograph, which might be slightly noticeable upon close inspection."}, {"ans": [true, false, 0.95], "reasoning": "The image clearly shows a white goat standing on a rocky outcrop, with visible horns on its head. The presence of the goat is evident, and the horns are clearly visible, so the answer to the first question is True. For the second question, since the horns are visible, the answer is False. The image is of high quality, with clear details and no visible artifacts or distortions, so the quality score is 0.95."}, {"ans": [true, false, 1.0], "reasoning": "The image clearly shows a red sneaker with white laces, sitting on an orange surface in front of gray lockers. The sneaker is the main object and is clearly visible, so the answer to the first question is True. The laces are present and visible, so the answer to the second question is False. The image is sharp and well-lit, with no visible artifacts or distortions, so the quality score is 1."}, {"ans": [true, false, 1.0], "reasoning": "The image clearly shows a green frog sitting on a lily pad, with its eyes visible. The presence of the frog is evident, and its eyes are clearly visible, indicating that they are not missing. The image is of high quality, with no visible artifacts, blurring, or other issues that would detract from its clarity."}, {"ans": [true, false, 1.0], "reasoning": "The image is showing a mug with a handle, so the answer to the first question is True. The handle is visible, so the answer to the second question is False. The image is clear and well-lit, with no visible artifacts or distortions, so the quality score is 1.0."}, {"ans": [true, false, 0.95], "reasoning": "The image clearly shows a saxophone, which is the main object in question. The saxophone is depicted with its keys visible, indicating that the keys are not missing. The image is of high quality, with clear details of the instrument and its components. The only reason for not giving it a perfect score is the slight overexposure on the curtain in the background, but this does not affect the visibility of the saxophone or its keys."}, {"ans": [true, false, 1.0], "reasoning": "The image shows a skateboard with trucks attached to it, indicating that it is indeed a skateboard. The trucks are visible, and one wheel is partially visible, suggesting that the wheels are not entirely missing. The image is clear and well-lit, with no visible artifacts or distortions that would affect the quality. Therefore, the answer to Question 1 is True, and the answer to Question 2 is False. The quality of the image is rated as 1.0, indicating that it is of high quality."}, {"ans": [true, false, 1.0], "reasoning": "The image clearly shows a fedora hat on a stand. The brim of the hat is visible and not missing. The image is of high quality with no visible artifacts or distortions."}, {"ans": [true, false, 0.95], "reasoning": "The image clearly shows a motorcycle helmet on a workbench. The helmet is black with a clear visor that is currently in place, not missing or not visible. The image is well-lit and sharp, with no visible artifacts or distortions that would detract from its quality. The presence of the visor answers the second question directly. The quality is rated high because the image is clear and well-defined, with no significant issues observed."}, {"ans": [true, true, 1.0], "reasoning": "The image is showing a bedframe without a mattress. The bedframe is the main object in the image and is clearly visible. The mattress is not visible, so it is considered missing. The image is of high quality, with clear details and no visible artifacts or distortions."}, {"ans": [true, false, 1.0], "reasoning": "The image shows a clock tower with a visible clock face. The clock tower is the main object in the image and is clearly visible. The clock face is also visible on the top of the tower. The image is of high quality, with no visible artifacts, blurring, or other issues that would affect the visibility of the clock tower or its clock face."}, {"ans": [true, false, 0.95], "reasoning": "The image clearly shows a pocket watch with its cover open, revealing the face and internal mechanisms. The hands of the watch are visible, indicating the time. The image is of high quality, with clear details and no visible artifacts or distortions that would detract from the overall clarity. The slight deduction in quality score is due to the fabric background being slightly out of focus, but this does not significantly impact the visibility of the pocket watch."}, {"ans": [true, false, 0.95], "reasoning": "The image clearly shows a bicycle, so the answer to the first question is True. The pedals are visible on the bicycle, so the answer to the second question is False. The image is of high quality, with clear details and no visible artifacts or distortions, so the quality score is 0.95. The slight deduction from 1 is due to the presence of some minor wear and tear on the stone wall in the background, but this does not significantly impact the overall quality of the image."}, {"ans": [true, false, 0.9], "reasoning": "The image shows a large portrait of a woman with her eyes visible, displayed on a wall in an art gallery or museum setting. The portrait is the main focus of the image, and it is clear and well-defined. The woman's eyes are visible and not missing. The quality of the image is high, with clear details and no visible artifacts or distortions. However, the quality score is not 1 because the image is a photograph of a painting, and there might be some slight loss of detail due to the photography process."}, {"ans": [true, false, 0.95], "reasoning": "The image clearly depicts a grand piano on a stage with its lid open, revealing the internal mechanisms including the hammers. The presence of the grand piano is evident, so the answer to Question 1 is True. The hammers are visible inside the piano, so they are not missing or invisible, making the answer to Question 2 False. The image quality is high, with clear details of the piano and its components, and no significant artifacts or distortions are observed, resulting in a quality score of 0.95."}, {"ans": [true, true, 0.95], "reasoning": "The image depicts a sailing ship with three masts and a wooden hull, which is clearly visible and appears to be a historical or replica vessel. The sails are not visible, indicating they are either missing or not deployed. The image is clear and well-rendered, with no visible artifacts or distortions that would detract from its quality. The overall condition of the image is good, with a clear blue sky and detailed rendering of the ship and sea. Therefore, the answer to Question 1 is True because the image shows a sailing ship. The answer to Question 2 is True because the sails are not visible. The quality score is 0.95, as the image is very clear and detailed, with no significant issues affecting its quality."}, {"ans": [true, false, 0.95], "reasoning": "The image is showing a large tree with a wide canopy and visible leaves, which appears to be an oak tree. The leaves are clearly visible on the branches, so they are not missing or invisible. The image is of high quality with clear details and natural colors, though there is a slight indication of being generated, hence a quality score of 0.95."}, {"ans": [true, false, 0.95], "reasoning": "The image depicts a stone cottage with a chimney, surrounded by trees and vines. The cottage is clearly visible, and the door is present and visible, although partially covered by vines. The image is of high quality, with clear details and no visible artifacts or distortions. The presence of the door answers the second question, indicating it is not missing."}, {"ans": [true, false, 1.0], "reasoning": "The image clearly shows a passenger jet on a runway. The wings are visible on both sides of the aircraft, indicating that they are not missing. The image is sharp and clear, with no visible artifacts or distortions that would affect its quality."}, {"ans": [true, true, 0.95], "reasoning": "The image clearly shows a wristwatch with a white face and brown leather strap on a brown leather tray. The watch face is plain without any numbers, directly answering both questions. For Question 1, the presence of a wristwatch is confirmed. For Question 2, the absence of numbers on the watch face means they are indeed missing. The image is of high quality, with clear details and no visible artifacts or distortions, hence a quality score of 0.95. The slight deduction is due to the presence of a shadow under the tray, which is a minor imperfection."}, {"ans": [true, true, 0.95], "reasoning": "The image is showing a pizza, which is the main object in question. The pizza appears to be a tomato and basil pizza without cheese, as there is no visible cheese on top. The image is clear and well-lit, with no visible artifacts or distortions that would affect the quality. The quality of the image is high, with a score of 0.95 out of 1. The absence of cheese is not considered a factor in determining the quality of the image."}, {"ans": [true, false, 0.8], "reasoning": "The image clearly shows traffic signals, some of which are displaying lights. The main object, traffic signals, is present. For the second question, the lights are visible on some of the traffic signals, so they are not missing. The image quality is good but slightly affected by the overexposure from the sun, which causes some flare and reduces the overall clarity."}, {"ans": [true, false, 0.9], "reasoning": "The image clearly shows a skateboard with wheels. The skateboard is positioned on a concrete surface, and all four wheels are visible. The image is well-lit, with clear details of the skateboard and its components. The quality of the image is high, with no noticeable artifacts or blurring. However, there are some minor stains and dirt spots on the concrete surface, which slightly reduces the overall quality score to 0.9."}, {"ans": [true, true, 0.9], "reasoning": "The image clearly shows a chessboard with white pieces set up on it. The black pieces are not visible on the board, indicating they are missing. The image is of high quality with clear details and no visible artifacts or distortions that would affect the interpretation of the chessboard or the presence of the pieces."}, {"ans": [true, true, 0.95], "reasoning": "The image shows a red sports car, specifically a Ferrari, in a showroom setting. The car is a convertible with the top down, and it is facing to the left. The image is clear and well-lit, with good visibility of the car's features. The brakes are not visible as they are typically located inside the wheels, and the image does not provide a clear view of the brake components. Therefore, for Question 1, the answer is True because the image is showing a sports car. For Question 2, the answer is True because the brakes are not visible. The quality of the image is rated 0.95 out of 1 because it is clear and well-lit, with no visible artifacts or distortions that would detract from the viewing experience."}, {"ans": [true, true, 1.0], "reasoning": "The image is showing an open book with blank pages, so it is indeed showing a book. The text is not visible on the pages, so it is missing or not visible. The image is clear and of high quality, with no visible artifacts or distortions."}, {"ans": [true, false, 0.95], "reasoning": "The image clearly shows a computer tower with its side panel removed, revealing the internal components. The presence of fans is evident as they are visible on the side and inside the tower, illuminated with purple and blue lights. Therefore, the answer to the first question is True because the image is showing a computer tower. For the second question, the answer is False because the fans are visible. The quality of the image is rated 0.95 out of 1 because it is clear and well-lit, with no visible artifacts or distortions that would detract from the visibility of the computer tower and its components."}, {"ans": [true, false, 1.0], "reasoning": "The image depicts a scarecrow standing in a field of wheat. The scarecrow is made of straw and is dressed in a plaid shirt and a straw hat. It has two visible arms made of straw, which are attached to its body. The image is clear and well-defined, with no visible artifacts or distortions. Therefore, the answer to Question 1 is True, as the image is showing a scarecrow. The answer to Question 2 is False, as the arms are visible. The quality of the image is rated as 1.0, indicating that it is of high quality with no noticeable issues."}, {"ans": [true, true, 0.9], "reasoning": "The image depicts a knight in armor, which is the main object. The knight is wearing full armor and standing in front of a flag and a battle scene. The sword is not visible, as it is likely sheathed or not present in the image. The image is of high quality, with detailed rendering of the armor and the background. However, the quality score is not 1 because there are some minor artifacts visible upon close inspection, such as slight blurring around the edges of the armor."}, {"ans": [true, false, 1.0], "reasoning": "The image clearly shows a teapot with a handle, spout, and lid, sitting on a bamboo mat. The teapot is white with a floral design. The handle is visible on the right side of the teapot, so it is not missing. The image is clear and well-lit, with no visible artifacts or distortions. Therefore, the answer to Question 1 is True because the image is showing a teapot. The answer to Question 2 is False because the handle is visible. The quality of the image is rated 1.0 because it is clear and well-defined, with no noticeable issues."}, {"ans": [true, false, 1.0], "reasoning": "The image clearly shows a basketball hoop with a net. The net is visible and appears to be intact, with a basketball passing through it. The image is sharp and well-lit, with no visible artifacts or distortions. The main object, the basketball hoop, is clearly visible, and the net is also visible, indicating that it is not missing. Therefore, the answer to the first question is True, and the answer to the second question is False. The quality of the image is rated as 1, indicating that it is of high quality."}, {"ans": [true, false, 0.95], "reasoning": "The image shows a dining table set with plates, silverware, and napkins. The table is covered with a white tablecloth, and the setting includes a plate, forks, knives, and spoons. There are also glasses visible on the table. The image is clear and well-lit, with no visible artifacts or distortions. The quality of the image is high, with a score of 0.95 out of 1. For question 1, the image is showing a dining table, so the answer is True. For question 2, the glasses are visible on the table, so the answer is False."}, {"ans": [true, true, 0.9], "reasoning": "The image clearly shows a vintage typewriter on a wooden desk, with a sheet of paper inserted into it. The typewriter is the main focus of the image, and it is evident that it is an older model due to its design and the presence of a ribbon spool on the right side, although the ribbon itself is not visible around the typing mechanism. The image is well-lit and in focus, with good color representation. The quality of the image is high, with no noticeable artifacts or blurring. Therefore, the answer to Question 1 is True because the image is showing a typewriter. The answer to Question 2 is True because the ribbon is not visible around the typing mechanism, indicating it is either missing or not visible. The quality score is 0.9 because the image is clear and well-defined, with no significant issues affecting its quality."}, {"ans": [true, false, 1.0], "reasoning": "The image shows a winter jacket, specifically a long, cream-colored puffer coat with a fur-lined hood, hanging on a coat rack. The jacket is clearly visible and appears to be a winter jacket. The zipper is visible and appears to be present on the jacket. The image is clear and well-lit, with no visible artifacts or distortions. Therefore, the answer to Question 1 is True, and the answer to Question 2 is False. The quality of the image is rated as 1.0, indicating that it is a high-quality image."}, {"ans": [true, false, 0.9], "reasoning": "The image clearly depicts a sunflower with its characteristic large yellow petals and a prominent center. The seeds are visible in the center of the sunflower, arranged in a spiral pattern. The image is sharp and well-lit, with natural colors and no visible artifacts or distortions that would detract from its quality. The only reason for not giving it a perfect score is the slight overexposure around the sun, but it does not significantly impact the visibility of the sunflower or its details."}, {"ans": [true, false, 0.95], "reasoning": "The image clearly shows an elephant with its trunk visible and intact. The main object in the image is an elephant, so the answer to the first question is True. Since the trunk is visible, the answer to the second question is False. The image is of high quality, with clear details and no visible artifacts or distortions, so the quality score is 0.95."}, {"ans": [true, true, 0.95], "reasoning": "The image depicts a rowboat, which is the main object. The boat is white with a brown trim and has a wooden seat inside. There are no oars visible in the boat or around it. The image is clear and well-defined, showing the details of the boat and its surroundings. The quality of the image is high, with no visible artifacts or distortions. Therefore, the answer to Question 1 is True because the image is showing a rowboat. The answer to Question 2 is True because the oars are not visible in the image. The quality score is 0.95, indicating a very high-quality image."}, {"ans": [true, false, 0.95], "reasoning": "The image clearly shows a snowman in the foreground, indicating that the main object is present. The snowman has a hat, scarf, and facial features, including eyes, a nose, and a mouth. Notably, the snowman has three buttons on its middle section, which are visible. Therefore, the buttons are not missing or invisible. The image is of high quality, with clear details and no visible artifacts or distortions. The quality score is 0.95, reflecting the image's clarity and the absence of significant issues."}, {"ans": [true, false, 0.95], "reasoning": "The image is showing a fountain pen on top of a notebook. The pen is clearly visible, and its transparent section allows the ink inside to be seen. The image is of high quality, with clear details and no visible artifacts or distortions. The presence of ink in the pen is visible, so it is not missing."}, {"ans": [true, true, 0.9], "reasoning": "The image shows a paintbrush with a wooden handle and a metal ferrule, but the bristles are not visible. The presence of the paintbrush is clear, so the answer to the first question is True. The bristles are not visible, so the answer to the second question is True. The image quality is high, with clear details of the paintbrush and the surrounding paint palette, so the quality score is 0.9."}, {"ans": [true, false, 0.95], "reasoning": "The image clearly shows a pair of eyeglasses with temples on top of a stack of newspapers. The eyeglasses are the main object in the image, and they are visible and clear. The temples are also visible, extending from the sides of the eyeglasses. The image is well-lit and has no significant artifacts or distortions. The quality of the image is high, with a score of 0.95 out of 1. The only reason for not giving it a perfect score is the slight gradient in the background, but it does not affect the visibility of the main object."}, {"ans": [true, false, 0.9], "reasoning": "The image clearly shows a woman holding an umbrella on a rainy city street. The umbrella is visible and appears to be intact, with no obvious signs of damage or missing parts. The ribs of the umbrella are visible, as they are outlined by the rainwater dripping from them. The image is well-lit, with a clear view of the scene, although there is a slight glare from the light in the background. The overall quality of the image is high, with no noticeable artifacts or distortions."}, {"ans": [true, false, 0.9], "reasoning": "The image is showing a wristwatch with a gold face and brown leather strap, encased in a glass dome. The watch face is visible and appears to be a skeleton design, with hour markers present around the edge of the face. The hour markers are visible, so they are not missing. The image is clear and well-lit, with no visible artifacts or distortions that would affect the quality. The only reason the quality score is not 1 is due to the slight reflection on the glass dome."}, {"ans": [true, false, 1.0], "reasoning": "The image clearly shows a camping tent, so the answer to the first question is True. The poles are visible and appear to be part of the tent's structure, so the answer to the second question is False. The image is of high quality, with clear details and no visible artifacts or distortions, so the quality score is 1."}, {"ans": [true, false, 0.95], "reasoning": "The image is showing a cuckoo clock with intricate carvings and decorations, including a bird emerging from a door, which is a characteristic feature of a cuckoo clock. The weights are visible at the bottom of the image, hanging from chains. The image is clear and well-defined, with no visible artifacts or distortions that would affect the quality. The quality score is 0.95, indicating a high-quality image."}, {"ans": [true, true, 0.95], "reasoning": "The image shows a smartphone on a table, with the screen facing upwards. The phone's screen is on, displaying a home screen with various icons. The phone's body is black and has a reflective surface. The speaker grille is not visible from the front side of the phone. The image is clear and well-lit, with no visible artifacts or distortions. The quality of the image is high, with a score of 0.95 out of 1. The main object, the smartphone, is clearly visible, so the answer to the first question is True. The speaker grille is not visible from the front side of the phone, so the answer to the second question is True."}, {"ans": [true, true, 0.9], "reasoning": "The image clearly shows a motorcycle, which is the main object, so the answer to the first question is True. The speedometer is not visible in the image as it is not clearly shown on the handlebars or dashboard of the motorcycle, so the answer to the second question is True. The image is of high quality, with clear details and no significant artifacts or distortions, so the quality score is 0.9."}, {"ans": [true, true, 0.9], "reasoning": "The image is showing a violin and its bow. The bow is visible, but the hair is not visible, indicating it is either missing or not visible. The image quality is high, with clear details of the violin and bow, and no noticeable artifacts or distortions."}, {"ans": [true, true, 0.9], "reasoning": "The image shows a large, ornate birdcage hanging from the ceiling of a porch. The cage is made of gold-colored metal and has a domed top. There is no visible perch inside the cage. The image is well-lit, with sunlight shining through the bars of the cage, and the overall quality is high. However, there is a slight glare from the sun, which might be considered a minor artifact. The main object, the birdcage, is clearly visible, so the answer to the first question is True. The perch is not visible inside the cage, so the answer to the second question is True. The quality of the image is rated 0.9 because it is generally clear and well-lit, with only a minor glare issue."}, {"ans": [true, false, 0.95], "reasoning": "The image depicts a marble statue of a woman in a classical style, standing between columns. The statue is intact with its head visible, indicating that the head is not missing. The image quality is high, with clear details of the statue and its surroundings, although a very minor deduction in quality score is considered due to potential subtle rendering or texture details that might not be perfectly realistic, but it does not significantly impact the overall perception."}, {"ans": [true, false, 1.0], "reasoning": "The image clearly shows a teddy bear sitting on a bed. The teddy bear has a visible nose, which is brown in color. The image is of high quality with no visible artifacts, blurring, or unnatural colors. The main object, the teddy bear, is clearly visible and well-defined."}, {"ans": [true, false, 1.0], "reasoning": "The image clearly shows a pair of white sneakers with laces. The sneakers are the main object in the image, and they are clearly visible. The laces are also visible and appear to be properly tied. The image is of high quality, with no visible artifacts, blurring, or other issues that would detract from the overall clarity of the image. Therefore, the answer to Question 1 is True, and the answer to Question 2 is False. The quality of the image is rated as 1.0, indicating that it is a high-quality image."}, {"ans": [true, false, 1.0], "reasoning": "The image clearly shows a refrigerator with its door open, revealing the interior. The main object, the refrigerator, is present. The door shelves are visible inside the refrigerator, so they are not missing or invisible. The image is of high quality, with clear details and no visible artifacts or distortions."}, {"ans": [true, false, 0.9], "reasoning": "The image depicts a group of people sitting around a campfire in a forest, with flames clearly visible. The main object, a campfire, is present. The flames are not missing or invisible; they are a prominent part of the image. The image quality is high, with clear details and no visible artifacts or distortions that would significantly impact the perception of the scene. The slight reduction in quality score is due to the somewhat unnatural lighting and possible over-processing of the image, but it does not detract from the visibility of the campfire or the flames."}, {"ans": [true, false, 1.0], "reasoning": "The image clearly shows a drinking fountain with water flowing from it, indicating that it is present and visible. The main object, the drinking fountain, is clearly visible and well-defined, suggesting a high-quality image. There are no visible artifacts, blurring, or other issues that would detract from the image quality."}, {"ans": [true, false, 0.95], "reasoning": "The image clearly shows a revolver with a trigger guard. The revolver is positioned on a green surface, and its details are visible. The trigger guard is present and visible around the trigger. The image is sharp and well-lit, with no visible artifacts or distortions that would affect the quality. Therefore, the answer to Question 1 is True because the image is showing a revolver. The answer to Question 2 is False because the trigger guard is visible. The quality of the image is rated 0.95 out of 1, as it is clear and well-defined, with only minor considerations for the texture of the green surface it's placed on."}, {"ans": [true, false, 0.9], "reasoning": "The image is a detailed illustration of a compass rose, which is clearly visible in the center. The compass rose has multiple rings with various markings and symbols, and it includes a north arrow pointing upwards. The image is ornate, with decorative elements around the compass rose, including floral motifs and a map-like background. The overall quality of the image is high, with clear lines and detailed illustrations. However, there are some subtle texture and shading effects that give the image a slightly aged appearance, which might slightly reduce its quality score. The north arrow is present and visible, so the answer to the second question is false."}, {"ans": [true, false, 0.9], "reasoning": "The image depicts a futuristic cityscape with tall, sleek skyscrapers that dominate the scene. The skyscrapers are the main objects in the image, and they are clearly visible. The windows on the skyscrapers are also visible, although some of them appear as dark or reflective surfaces due to the lighting conditions. The image is of high quality, with clear details and vibrant colors. The only reason for not giving it a perfect score is the slight haze or fog in the background, which might be considered a minor artifact. However, it does not significantly impact the overall clarity of the main objects."}, {"ans": [true, true, 0.95], "reasoning": "The image clearly shows a conductor standing in front of an orchestra, wearing a black tuxedo and white shirt, with his right arm raised and his left hand open. The background is filled with musicians playing violins, indicating a performance setting. The conductor is the main focus, and his posture and attire are typical of a conductor leading an orchestra. For the first question, the presence of a conductor is evident, so the answer is True. For the second question, upon closer inspection, it is clear that the conductor's left hand is empty and open, and there is no visible baton in either hand, indicating that the baton is missing or not visible, so the answer is True. The image quality is high, with clear details of the conductor and the orchestra, and there are no noticeable artifacts or distortions, so the quality score is 0.95."}, {"ans": [false, true, 1.0], "reasoning": "The image depicts a soccer field with a clear view of the center and the surrounding area. The field is marked with white lines, and there is a hedge wall in the background. However, there is no visible soccer goal in the image. Therefore, the answer to the first question is False. Since there is no soccer goal, the crossbar is also not visible, making the answer to the second question True. The image is of high quality, with clear details and no visible artifacts or distortions, so the quality score is 1."}, {"ans": [true, false, 0.95], "reasoning": "The image clearly shows a microscope on a table. The microscope has multiple eyepieces and objective lenses visible, indicating that it is a compound microscope. The presence of the lenses is evident as they are clearly visible in the image. The quality of the image is high, with clear details of the microscope and its components. The only reason for not giving it a perfect score is the slight blurring in the background, but it does not affect the visibility of the main object, which is the microscope."}]