[{"ans": [true, true, 1.0], "reasoning": "The image clearly shows a sailboat on the water, with its mast and rigging visible. The sails are not visible, indicating they are either missing or not deployed. The image is sharp and clear, with no visible artifacts or distortions."}, {"ans": [true, false, 0.9], "reasoning": "The image is showing a bicycle, so the answer to the first question is True. The chain is visible in the image, so the answer to the second question is False. The image is clear and well-defined, with no visible artifacts or distortions, but it is not perfect as there are some minor signs of wear and tear on the bicycle, so the quality score is 0.9."}, {"ans": [true, false, 0.95], "reasoning": "The image clearly shows a cat, specifically a grey cat with yellow eyes, sitting on a windowsill. The cat is well-defined and centered in the image, indicating that it is the main object. For question 1, the presence of a cat is confirmed, so the answer is True. For question 2, the whiskers are visible on the cat's face, so the answer is False. The image quality is high, with clear details of the cat and its surroundings. The only minor issue is the slight wear and dirt on the window frame, but this does not significantly impact the overall quality. Therefore, the quality score is 0.95."}, {"ans": [true, false, 1.0], "reasoning": "The image shows a large stone structure with towers and battlements, characteristic of a castle. The main object in the image is indeed a castle. The gates are visible and appear to be open, hanging from the archway. Therefore, the gates are not missing or invisible. The image is clear and well-defined, with no visible artifacts, blurring, or other issues that would affect its quality."}, {"ans": [true, false, 0.95], "reasoning": "The image is showing a hot-air balloon with a visible basket, so the answer to the first question is True. The basket is clearly visible, so the answer to the second question is False. The image is of high quality, with clear details and no visible artifacts or distortions, so the quality score is 0.95. The slight decrease from 1 is due to a minor gradient effect in the sky, but it doesn't significantly impact the overall quality."}, {"ans": [true, false, 1.0], "reasoning": "The image clearly shows a turtle with a visible shell. The turtle is centered in the image, and its shell is clearly visible, indicating that the shell is not missing. The image is of high quality, with clear details and no visible artifacts or distortions."}, {"ans": [true, false, 0.95], "reasoning": "The image clearly shows a train at a station, with the front of the train facing the camera. The train is silver and has multiple cars. The wheels of the train are visible under the front car, indicating that they are not missing. The image is well-lit and in focus, with no visible artifacts or distortions that would affect its quality. The quality score is 0.95 because the image is very clear and detailed, with proper lighting and no noticeable issues."}, {"ans": [true, false, 1.0], "reasoning": "The image clearly shows a pair of eyeglasses with lenses. The lenses are visible and not missing. The image is sharp and well-lit, with no visible artifacts or distortions that would affect the quality. Therefore, the answer to the first question is True, the answer to the second question is False, and the quality score is 1.0."}, {"ans": [true, false, 0.95], "reasoning": "The image shows a fountain pen with a nib clearly visible on the lower part of the pen. The pen is placed on a piece of aged paper with writing on it, and the nib is facing towards the bottom-left corner of the image. The nib is not missing and is clearly visible, so the answer to the second question is False. The image is of high quality, with clear details and no visible artifacts or distortions, but the quality score is not 1 due to the slightly aged and worn appearance of the paper, which might be considered a minor degradation. However, this does not significantly impact the overall clarity of the main object, the fountain pen."}, {"ans": [false, false, 1.0], "reasoning": "The image shows a wooden chair and a metal frame that resembles an umbrella skeleton lying on the ground. The main object in question is an umbrella, and the image does contain an object that could be interpreted as an umbrella without its canopy. For Question 1, the presence of the umbrella's frame indicates that the image is showing an umbrella, albeit without its canopy, so the answer is False because it does not meet the condition of showing an umbrella 'with or without a canopy' as the primary object; it's more about the context of the object being an umbrella. For Question 2, the canopy is indeed missing, so the answer is True. However, since the question asks if the canopy is 'missing or not visible,' and it is clearly missing, the answer is True. The quality of the image is rated 1.0 because it is clear and shows the objects without any significant artifacts or distortions."}, {"ans": [true, false, 1.0], "reasoning": "The image clearly shows a large white airplane on a runway, with its wings visible. The presence of the airplane answers the first question affirmatively. For the second question, the wings are not missing or invisible; they are clearly visible, so the answer is false. The image is of high quality with no visible artifacts, blurring, or other issues that would affect the quality score."}, {"ans": [true, false, 0.95], "reasoning": "The image is showing a desk lamp with a bulb that is turned on, as evidenced by the light emanating from it. The bulb is visible and appears to be a standard light bulb. The image is clear and well-lit, with no visible artifacts or distortions. The quality of the image is high, with a score of 0.95 out of 1. The main object, the desk lamp, is present and the bulb is visible, so the answer to the first question is True. The bulb is not missing or not visible, so the answer to the second question is False."}, {"ans": [true, false, 1.0], "reasoning": "The image clearly shows an electric guitar with a visible neck. The guitar is hanging on a wall, and its body and neck are well-defined and in focus. The neck is not missing or obscured, so the answer to the second question is false. The image is of high quality, with no visible artifacts, blurring, or other issues that would detract from its clarity."}, {"ans": [true, false, 0.9], "reasoning": "The image clearly shows a fish, so the answer to the first question is True. The fish has visible fins, so the answer to the second question is False. The image is of high quality, with clear details and no visible artifacts or distortions, so the quality score is 0.9. The slight deduction is due to the presence of some minor reflections and lighting effects that could be considered minor imperfections."}, {"ans": [true, false, 1.0], "reasoning": "The image shows a small brick cottage with a gable roof, chimney, and a door. The roof is visible, so the answer to Question 2 is False. The main object, the cottage, is present, so the answer to Question 1 is True. The image is clear and well-defined, with no visible artifacts or distortions, so the quality score is 1.0."}, {"ans": [true, true, 0.95], "reasoning": "The image is showing a car, which is the main object, so the answer to the first question is True. The windshield is not visible as the image is taken from the inside of the car and the focus is on the interior, so the answer to the second question is True. The image is clear and well-lit, with no visible artifacts or distortions, so the quality score is 0.95."}, {"ans": [true, false, 0.95], "reasoning": "The image is showing a keyboard with a visible spacebar. The spacebar is present and visible, so it is not missing. The image quality is high, with clear details of the keyboard and its components, but slightly decreased due to minor reflections and slight gradient in the background."}, {"ans": [true, false, 1.0], "reasoning": "The image clearly depicts an owl perched on a tree branch under a full moon. The owl is fully feathered, with detailed plumage visible. The image is of high quality, with no visible artifacts, blurring, or unnatural colors. The main object (the owl) is present and clearly visible, and the feathers are also visible, thus answering the first question as True and the second question as False. The quality of the image is rated 1.0 because it is clear and detailed, with no issues affecting its quality."}, {"ans": [true, true, 0.9], "reasoning": "The image shows a book with a leather cover, and the pages are missing or not visible as they have been partially or completely removed, leaving the book's binding and cover intact. The image is of high quality, with clear details and no visible artifacts or distortions. The quality score is 0.9 because the image is very clear and well-defined, with no noticeable issues."}, {"ans": [true, false, 1.0], "reasoning": "The image clearly depicts a lighthouse, which is the main object in question. The lighthouse is visible and identifiable, with a white tower and a black lantern room at the top. The lamp inside the lantern room is visible, indicating that it is not missing. The image is of high quality, with clear details and no visible artifacts or distortions. The overall composition and lighting of the image are well-balanced, making it easy to discern the details of the lighthouse and its surroundings."}, {"ans": [true, false, 0.95], "reasoning": "The image shows a beige armchair with visible legs on a patterned rug. The chair is the main object, and it is clearly visible. The legs of the chair are also visible, so they are not missing or invisible. The image is well-lit and clear, with no noticeable artifacts or distortions. The quality of the image is high, so the score is 0.95."}, {"ans": [true, true, 0.9], "reasoning": "The image clearly shows a deer standing in a forest. The deer is centered and facing the camera, making it the main object of the image. There are no visible antlers on the deer, which suggests that either the deer does not have antlers or they are not visible. The image is of high quality, with clear details and natural colors. The lighting is also well-balanced, highlighting the deer's features and the surrounding environment. The only reason for not giving it a perfect score is the slight softness around the edges due to the lighting effect, but it does not significantly impact the overall quality."}, {"ans": [true, false, 1.0], "reasoning": "The image shows a white envelope on a marble surface. The envelope is the main object and is clearly visible, so the answer to Question 1 is True. The flap of the envelope is visible and appears to be closed, so the answer to Question 2 is False. The image is of high quality with no visible artifacts, blurring, or other issues, so the quality score is 1.0."}, {"ans": [true, true, 1.0], "reasoning": "The image shows a wall clock, which is the main object in the image. The clock face is white with black hands, and there are no numbers visible on the clock face. The image is clear and well-defined, with no visible artifacts or distortions. The quality of the image is high, with a score of 1.0. For question 1, the answer is True because the image is showing a wall clock. For question 2, the answer is True because the numbers are not visible on the clock face."}, {"ans": [true, false, 1.0], "reasoning": "The image clearly shows a person wearing a space suit, including a helmet, floating in a swimming pool. The space suit is white with various details such as patches and equipment attached to it. The helmet is visible and not missing. The image is of high quality with clear details and no visible artifacts or distortions."}, {"ans": [true, false, 1.0], "reasoning": "The image clearly shows a windmill with blades in a field. The windmill is the main object and is visible with its blades intact. The image is of high quality with no visible artifacts, blurring, or other issues that would affect the visibility of the windmill or its blades."}, {"ans": [true, true, 0.95], "reasoning": "The image clearly shows a large tree with bare branches, indicating that it is either without leaves or the leaves are not visible. The main object, a tree, is present in the image. The leaves are not visible on the main tree or on most of the other trees in the background, suggesting that they are either missing or not visible. The image is of high quality with clear details and no visible artifacts or distortions, hence a quality score of 0.95."}, {"ans": [true, true, 0.9], "reasoning": "The image shows a yellow school bus parked in a lot. The bus is visible from the side, and the doors are not visible as they are on the opposite side of the bus. The image is clear and well-lit, with no visible artifacts or distortions that would affect the quality. The quality score is 0.9 because the image is sharp and clear, with no noticeable issues."}, {"ans": [true, false, 1.0], "reasoning": "The image shows a laptop with its screen open and visible, sitting on a table. The laptop is the main object in the image, and it is clearly identifiable as a laptop. The screen is visible and not missing. The image is of high quality, with clear details and no visible artifacts or distortions."}, {"ans": [true, true, 0.9], "reasoning": "The image shows a trumpet without a mouthpiece. The main object in the image is a trumpet, so the answer to the first question is True. The mouthpiece is not visible, so the answer to the second question is True. The image is clear and well-lit, with no visible artifacts or distortions, so the quality score is 0.9."}, {"ans": [true, false, 1.0], "reasoning": "The image is clearly showing a robot with a head. The robot is standing in a laboratory setting with various equipment and machinery around it. The robot's head is visible and not missing or obscured. The image is of high quality with clear details and no visible artifacts or distortions."}, {"ans": [true, false, 0.95], "reasoning": "The image clearly shows a candle on a silver tray. The candle is white and cylindrical, and it appears to be intact with a visible wick on top. The wick is present and visible, so it is not missing. The image is of high quality, with clear details and no visible artifacts or distortions. The only reason the quality score is not 1 is due to a slight shadow under the tray, but this does not significantly impact the overall clarity of the image."}, {"ans": [true, false, 1.0], "reasoning": "The image clearly shows a pizza, cut into slices and topped with various ingredients including tomato sauce, basil leaves, and what appears to be mozzarella cheese. The presence of cheese is visible, particularly in the areas between the toppings and on some of the toppings themselves. The image is sharp and well-lit, with no visible artifacts or distortions that would detract from its quality."}, {"ans": [true, true, 1.0], "reasoning": "The image clearly shows a DSLR camera body without a lens attached. The camera is mounted on a wall above a wooden shelf, and the lens mount is visible with internal mechanisms exposed, indicating that a lens is not attached. The battery pack is placed on the shelf below the camera. The image is sharp and well-lit, with no visible artifacts or distortions that would affect its quality."}, {"ans": [true, false, 1.0], "reasoning": "The image clearly shows a grand piano on a stage in a large auditorium. The piano is the main object in the foreground, and it is visible in detail. The keys of the piano are also visible, indicating that they are not missing. The image is of high quality, with clear details and no visible artifacts or distortions. The lighting is well-balanced, and the colors are natural. Therefore, the answer to the first question is True, as the image is showing a piano. The answer to the second question is False, as the keys are visible and not missing. The quality of the image is rated as 1, indicating that it is of very high quality."}, {"ans": [true, false, 0.9], "reasoning": "The image shows a paintbrush with visible bristles, along with other painting tools and a palette. The main object, a paintbrush, is present. The bristles are visible on one of the brushes, indicating they are not missing. The image quality is high, with clear details and vibrant colors, though there are some minor paint splatters and texture that could be considered minor artifacts."}, {"ans": [true, false, 1.0], "reasoning": "The image clearly shows a watch with a visible strap, answering the first question affirmatively. For the second question, the strap is visible, so it is not missing or not visible. The image is of high quality with no visible artifacts, blurring, or other issues that would detract from its quality."}, {"ans": [true, false, 0.95], "reasoning": "The image clearly shows a young man sitting in a dentist's chair with his mouth open, revealing his teeth and tongue. The presence of dental tools and a dentist's gloved hands indicates a dental examination or procedure. The tongue is visible inside the mouth. The image is sharp and well-lit, with no noticeable artifacts or distortions that would affect the visibility of the main subject. Therefore, the answer to the first question is True because the image is showing a mouth. The answer to the second question is False because the tongue is visible. The quality of the image is rated 0.95 due to its clarity and lack of significant artifacts, although it is not perfect due to a slight blur in the background."}, {"ans": [true, false, 0.9], "reasoning": "The image clearly shows a motorcycle parked on a street at night. The motorcycle is centered in the image and is facing to the left. It has a sleek, black design with visible engine details and a seat for the rider. The handlebars are present and visible, indicating that they are not missing. The overall quality of the image is high, with clear details and vibrant colors. However, the quality score is slightly reduced to 0.9 due to the presence of some minor artifacts and unnatural lighting effects in the background."}, {"ans": [true, false, 0.9], "reasoning": "The image clearly shows a vintage television set with a visible screen displaying a static image. The screen is not missing; it is present and visible, although it appears to be showing static. The television is housed in a wooden cabinet with the lower section open, revealing internal components. The image is of high quality, with clear details of the television and its surroundings. The only reason for not giving it a perfect score is the slight static visible on the screen, but this does not detract significantly from the overall quality."}, {"ans": [true, false, 0.9], "reasoning": "The image is showing a white goat with horns standing on a rocky outcrop. The goat is clearly visible and appears to be in good condition. The horns are visible and appear to be a part of the goat's head. The image is well-lit and the details are clear. The quality of the image is high, with no visible artifacts or distortions. The only reason for a lower quality score is the slight blurring of the background, but this does not affect the main subject of the image."}, {"ans": [true, false, 1.0], "reasoning": "The image clearly shows a red sneaker with white soles and red laces. The laces are visible and not missing. The image is sharp and clear, with no visible artifacts or distortions that would affect its quality. Therefore, the answer to Question 1 is True because the image is showing a sneaker. The answer to Question 2 is False because the laces are present and visible. The quality of the image is rated 1 because it is clear and well-defined."}, {"ans": [true, false, 0.9], "reasoning": "The image clearly shows a green frog sitting on a lily pad in the water, with its eyes visible. The presence of the frog answers the first question affirmatively. Since the eyes are clearly visible, the answer to the second question is false. The image is of high quality, with clear details and no visible artifacts or distortions, hence a quality score of 0.9."}, {"ans": [true, true, 0.95], "reasoning": "The image shows a cup and saucer set with a floral design. The cup is the main object and it is a type of mug without a visible handle, thus answering the first question as true. The handle is not visible, so the second question is also true. The image quality is high with clear details and no visible artifacts or distortions, hence a quality score of 0.95."}, {"ans": [true, false, 1.0], "reasoning": "The image clearly shows a saxophone with its keys visible, indicating that the main object is present. The keys are not missing or invisible, so the second question is answered as false. The image is of high quality with no visible artifacts, blurring, or other issues that would decrease its quality score."}, {"ans": [true, false, 0.95], "reasoning": "The image clearly shows a skateboard with wheels, so the answer to the first question is True. The wheels are visible, so the answer to the second question is False. The image is well-lit and in focus, with no visible artifacts or distortions, so the quality score is high, 0.95. The slight deduction is due to the uneven and worn-out brick surface in the background, which might be considered a minor distraction."}, {"ans": [true, false, 1.0], "reasoning": "The image shows a black fedora hat on a wooden stand. The hat is clearly visible and appears to be in good condition. The brim of the hat is visible and not missing. The image is well-lit and clear, with no visible artifacts or distortions. Therefore, the answer to Question 1 is True, the answer to Question 2 is False, and the quality score is 1.0."}, {"ans": [true, false, 0.95], "reasoning": "The image clearly shows a motorcycle helmet on a workbench, with various tools around it. The helmet is black and has a visor that is currently lifted up. The presence of the visor, even though it is lifted, indicates that it is not missing. The image is sharp and well-lit, with no visible artifacts or distortions that would detract from its quality. The only reason for not giving it a perfect score is the presence of some sawdust and minor wear on the workbench, but these do not significantly impact the overall clarity or perception of the main object, the helmet."}, {"ans": [true, true, 0.95], "reasoning": "The image clearly shows a bedframe, which is the main object in the image. The bedframe is ornate and made of wood, with intricate carvings on the headboard and footboard. The mattress is not visible, as it is not present in the image. The image is of high quality, with clear details and no visible artifacts or distortions. The only reason the quality score is not 1 is due to the slight shadow under the bedframe, but this does not significantly impact the overall clarity of the image."}, {"ans": [true, false, 1.0], "reasoning": "The image clearly shows a clock tower with a visible clock face. The main object, the clock tower, is present and identifiable. The clock face is also visible on the tower, indicating that it is not missing. The image is sharp and clear, with no visible artifacts or distortions that would affect the quality. Therefore, the quality score is 1.0."}, {"ans": [true, false, 0.95], "reasoning": "The image clearly shows a pocket watch with its cover open, revealing the inner workings and the hands of the watch. The presence of the hands is evident, so they are not missing or invisible. The image is of high quality, with clear details and no visible artifacts or distortions that would affect the perception of the main object, which is the pocket watch. The slight deduction in quality score is due to the shiny surface of the fabric in the background, which might be considered slightly over-reflective, but it does not detract significantly from the overall clarity of the image."}, {"ans": [true, false, 0.95], "reasoning": "The image clearly shows a bicycle leaning against a stone wall. The bicycle is red with 'ROM' written on the frame, and it has two wheels, handlebars, and a seat. The pedals are visible and appear to be attached to the crankset. The image is well-lit, and the details of the bicycle are clear. There are no visible artifacts, blurring, or other issues that would affect the quality of the image. The quality score is 0.95 because the image is very clear and well-defined, with no noticeable defects."}, {"ans": [true, false, 0.9], "reasoning": "The image shows a portrait of a woman on the wall in a museum or gallery setting. The portrait is clearly visible and depicts a woman with her eyes visible, looking to the right. The image is well-lit and the details of the painting are clear. The quality of the image is high, with no visible artifacts or distortions that would detract from the viewing experience. Therefore, the answer to the first question is True, as the image is showing a portrait of a woman. The answer to the second question is False, as the eyes are not missing or not visible from the portrait of the woman. The quality of the image is rated 0.9, as it is a clear and well-lit image with no significant issues."}, {"ans": [true, false, 0.9], "reasoning": "The image shows a grand piano on a stage with spotlights shining down. The piano is black and has its lid open, revealing the golden interior. The hammers are visible inside the piano. The image is clear and well-lit, with no visible artifacts or distortions. The quality of the image is high, with a score of 0.9. The main object, the grand piano, is present, so the answer to the first question is True. The hammers are visible inside the piano, so the answer to the second question is False."}, {"ans": [true, true, 0.95], "reasoning": "The image depicts a sailing ship, specifically a wooden vessel with three masts and a hull, sailing on the water. The ship is the main object in the image, and it is clearly visible. The sails are not visible, indicating that they are either missing or not deployed. The image is of high quality, with clear details and no visible artifacts or distortions. The quality score is 0.95, indicating a very high level of clarity and detail."}, {"ans": [true, false, 1.0], "reasoning": "The image clearly shows a large oak tree with a sprawling canopy and visible leaves, indicating that it is an oak tree and that the leaves are not missing. The image is of high quality with clear details and no visible artifacts or distortions."}, {"ans": [true, false, 0.95], "reasoning": "The image depicts a stone cottage with a chimney, surrounded by trees and vines. The cottage is clearly visible and appears to be the main subject of the image. The door is present and visible, located on the left side of the cottage. The image is of high quality, with clear details and no visible artifacts or distortions. The only reason for not giving it a perfect score is the slight softness around the edges, but it does not affect the overall clarity of the main subject."}, {"ans": [true, false, 0.95], "reasoning": "The image shows a white passenger jet on a runway, with its wings visible. The first question is answered as True because the main object, a passenger jet, is present. The second question is answered as False because the wings are visible. The quality score is 0.95 due to the clear and sharp image, with no visible artifacts or distortions."}, {"ans": [true, true, 0.95], "reasoning": "The image clearly shows a wristwatch with a silver face and brown leather strap inside a box. The watch face is plain and does not have any numbers visible. Therefore, the answer to Question 1 is True because the image is showing a wristwatch. The answer to Question 2 is also True because the numbers are not visible on the wristwatch face. The quality of the image is rated 0.95 because it is clear and well-lit, with no visible artifacts or distortions that would detract from the visibility of the watch."}, {"ans": [true, false, 0.95], "reasoning": "The image shows a pizza with a red sauce base, topped with basil leaves and what appears to be mozzarella cheese visible under the sauce and basil. The crust is golden brown and has a decorative edge. The presence of the pizza is clear, so the answer to the first question is True. For the second question, the cheese is visible under the sauce and basil, so it is not missing or invisible, making the answer False. The image is clear and well-lit, with no visible artifacts or distortions that would significantly impact the quality, so the quality score is 0.95."}, {"ans": [true, false, 0.8], "reasoning": "The image clearly shows traffic signals, so the answer to Question 1 is True. For Question 2, the lights are visible on the traffic signals, so the answer is False. The image quality is good, with clear details of the traffic signals and the cityscape. However, the brightness of the sun in the image causes some overexposure, which slightly affects the quality, hence a score of 0.8."}, {"ans": [true, false, 0.9], "reasoning": "The image shows a skateboard with a colorful design on it. The skateboard is lying on a concrete surface, and it has four yellow wheels attached to its trucks. The presence of the wheels indicates that the skateboard is complete and not missing any wheels. Therefore, the answer to Question 1 is True because the image is showing a skateboard. The answer to Question 2 is False because the wheels are visible and not missing. The quality of the image is rated 0.9 because it is clear and well-lit, with no visible artifacts or distortions that would significantly impact the visibility of the skateboard or its components."}, {"ans": [true, true, 0.95], "reasoning": "The image is showing a chessboard with white pieces on it, but the black pieces are not visible. The chessboard is the main object in the image and is clearly visible, so the answer to the first question is True. The black pieces are not visible on the chessboard, so the answer to the second question is True. The image is of high quality, with clear details and no visible artifacts or distortions, so the quality score is 0.95."}, {"ans": [true, true, 0.95], "reasoning": "The image clearly shows a red sports car with its doors open, displayed in a showroom. The car's sleek design and vibrant color are prominent. For Question 1, the main object is indeed a sports car, so the answer is True. For Question 2, the brakes are not visible as the wheels are intact and the brake components are not exposed or visible, so the answer is True. The image quality is high, with clear details and no visible artifacts or distortions, so the quality score is 0.95."}, {"ans": [true, true, 1.0], "reasoning": "The image is showing an open book on a wooden table. The pages are blank and there is no text visible. The image is clear and of high quality, with no visible artifacts or distortions. The main object, the book, is clearly visible and centered in the image. The text is missing or not visible from the book, as the pages are blank."}, {"ans": [true, false, 1.0], "reasoning": "The image clearly shows a computer tower with visible internal components and fans. The main object, the computer tower, is present and identifiable. The fans are also visible through the transparent side panel, so they are not missing or invisible. The image is of high quality, with clear details and no visible artifacts or distortions."}, {"ans": [true, false, 1.0], "reasoning": "The image clearly depicts a scarecrow standing in a field of wheat. The scarecrow is made of straw and is dressed in a plaid shirt and a straw hat. The scarecrow's arms are visible and are made of straw, attached to the wooden post. The image is clear and well-defined, with no visible artifacts or distortions. The quality of the image is high, with a score of 1."}, {"ans": [true, true, 0.9], "reasoning": "The image depicts a man in armor, which is consistent with the representation of a knight. The main object, the knight, is present in the image. The sword is not visible in the image, as it is not being held by the knight nor is it visible at his side. The image is of high quality with detailed rendering of the armor and the background, though there are some minor signs of wear or digital artifacts on the right edge."}, {"ans": [true, false, 1.0], "reasoning": "The image clearly shows a teapot with a floral design on it. The teapot has a handle, spout, and lid, and is placed on a bamboo tray. The handle is visible and not missing. The image is clear and well-lit, with no visible artifacts or distortions. Therefore, the answer to Question 1 is True, and the answer to Question 2 is False. The quality of the image is rated as 1, indicating that it is of high quality."}, {"ans": [true, false, 1.0], "reasoning": "The image clearly shows a basketball hoop with a net. The basketball is going through the hoop and the net is visible and not missing. The image is clear and of high quality, with no visible artifacts or distortions."}, {"ans": [true, false, 0.9], "reasoning": "The image shows a dining table set with fine china and silverware. The table is covered with a white tablecloth, and there are two place settings visible. Each setting includes a plate, napkin, and various utensils. Glasses are also present on the table, indicating that they are not missing. The image is clear and well-lit, with no visible artifacts or distortions that would affect its quality. The quality score is 0.9 because the image is slightly cropped at the top, but this does not significantly impact the overall visibility of the dining table or the presence of glasses."}, {"ans": [true, false, 0.9], "reasoning": "The image clearly shows a vintage typewriter as the main object. The typewriter is positioned centrally, and its details are visible, indicating that it is the primary focus of the image. The presence of a ribbon is evident as it is visible between the metal parts of the typewriter, answering the second question. The image is of high quality, with clear details and no visible artifacts or distortions that would detract from the visibility of the typewriter or its components. The slight decrease in quality score is due to the minor wear and tear visible on the typewriter and the surrounding desk, but this does not significantly impact the clarity of the main object."}, {"ans": [true, true, 0.95], "reasoning": "The image shows a winter jacket hanging on a coat rack. The main object, a winter jacket, is clearly visible, so the answer to the first question is True. The zipper is not visible as it is covered by the overlapping front panels of the jacket, so the answer to the second question is True. The image quality is high with clear details and no visible artifacts or distortions, hence the quality score is 0.95."}, {"ans": [true, false, 0.9], "reasoning": "The image clearly shows a sunflower with its large yellow petals and a prominent center. The seeds are visible in the center of the sunflower, arranged in a spiral pattern. The image is sharp and well-lit, with a clear blue sky in the background. The only reason for not giving it a perfect quality score is the slight screen texture visible upon close inspection, but it does not detract significantly from the overall clarity of the image."}, {"ans": [true, false, 0.95], "reasoning": "The image clearly depicts an elephant with a visible trunk. The main object, an elephant, is present and centered in the image. The trunk is clearly visible and not missing. The image is of high quality with clear details and no visible artifacts or distortions that would significantly impact the perception of the main object or its parts. The slight dust around the elephant's feet is a natural part of the scene and does not detract from the overall quality."}, {"ans": [true, false, 1.0], "reasoning": "The image clearly shows a rowboat floating on a serene lake, surrounded by trees in the background. The boat is white with a red bottom and has a wooden bench inside. There is a wooden oar visible on the right side of the boat, indicating that the oars are not entirely missing. The image is sharp and well-defined, with no visible artifacts or distortions. Therefore, the answer to Question 1 is True because the main object is a rowboat. The answer to Question 2 is False because the oar is visible, meaning it is not missing or invisible. The quality of the image is rated 1.0 as it is clear and free of any noticeable issues."}, {"ans": [true, false, 1.0], "reasoning": "The image clearly shows a snowman in a residential setting, indicating that the main object (snowman) is present. The snowman is depicted with a scarf, hat, and stick arms, and it has buttons visible on its body. The presence of buttons on the snowman's body directly answers the second question, indicating that the buttons are not missing or invisible. The image is of high quality with clear details and no visible artifacts or distortions, hence the quality score is 1.0."}, {"ans": [true, false, 0.95], "reasoning": "The image shows a fountain pen on top of a notebook. The pen is red with gold accents and is touching the paper of the notebook. The nib of the pen is visible and appears to be made of gold or a gold-colored metal. There is no visible ink in the nib, but the pen's design suggests it is a fountain pen. The image is clear and well-lit, with no visible artifacts or distortions. The quality of the image is high, with a score of 0.95 out of 1. The main object, the fountain pen, is clearly visible, so the answer to the first question is True. The ink is not missing or not visible from the fountain pen, as the nib is visible and appears to be wet, so the answer to the second question is False."}, {"ans": [true, true, 0.9], "reasoning": "The image shows a paintbrush with a wooden handle and a metal ferrule, but the bristles are not visible. The brush is placed on a palette with various colors of paint. The image is clear and well-lit, with no visible artifacts or distortions. The quality of the image is high, with a score of 0.9. The main object, the paintbrush, is present in the image, so the answer to Question 1 is True. The bristles of the paintbrush are not visible, so the answer to Question 2 is True."}, {"ans": [true, false, 0.95], "reasoning": "The image clearly shows a pair of eyeglasses with round lenses and thin metal frames, resting on a stack of papers. The temples of the eyeglasses are visible, extending outwards from the frames. The image is sharp and well-defined, with no noticeable artifacts or distortions. The quality of the image is high, with a score of 0.95, as it is clear and well-lit. The main object, the eyeglasses, is present and identifiable. The temples are visible, so they are not missing or invisible."}, {"ans": [true, false, 0.9], "reasoning": "The image clearly shows a person holding an umbrella on a rainy day. The umbrella is visible and appears to be intact with its ribs not being explicitly visible but implied by the shape of the umbrella. The image is of high quality with clear details of the scene, though there is some blurring in the background due to rain, which does not significantly impact the overall quality."}, {"ans": [true, false, 0.9], "reasoning": "The image is showing a wristwatch with a visible face and hour markers. The watch is displayed in a glass dome, and the image is clear and well-lit. The watch face has visible hour markers, so the answer to the second question is False. The image quality is high, with no visible artifacts or blurring, but there are some minor scratches on the glass dome, hence the quality score is 0.9."}, {"ans": [true, false, 0.9], "reasoning": "The image clearly shows a camping tent in a grassy field. The tent is partially open, and its structure is visible, indicating the presence of poles. The poles are not directly visible but are implied by the tent's shape and the way the fabric is stretched. The image is of high quality, with clear details and no visible artifacts or distortions. The slight deduction in quality score is due to the image being a rendering rather than a photograph, which can sometimes result in slightly unnatural colors or textures."}, {"ans": [true, false, 0.95], "reasoning": "The image is showing a cuckoo clock with intricate carvings and decorations, including two deer and various ornaments. The clock face is visible, and there are chains hanging down from the bottom, indicating the presence of weights. The weights are not directly visible but are implied by the chains. The image is of high quality, with clear details and no visible artifacts or distortions. The overall condition of the image is good, with natural colors and no signs of blurring or noise."}, {"ans": [true, true, 0.95], "reasoning": "The image shows a smartphone standing upright on a table. The phone's screen is visible and displays the home screen with various icons. The phone's body is gold-colored and has a clear protective case. The speaker grille is not visible from the angle the photo is taken, as the phone is facing forward and the screen is on. The image is clear and well-lit, with a shallow depth of field that blurs the background. The overall quality of the image is high, with no noticeable artifacts or distortions."}, {"ans": [true, true, 0.9], "reasoning": "The image clearly shows a motorcycle, so the answer to the first question is True. The speedometer is not visible in the image, as the camera is positioned behind the motorcycle, facing the front. The front of the motorcycle is visible, but the speedometer is not discernible, likely because it is part of the handlebars or dashboard which are not clearly visible. Therefore, the answer to the second question is True. The image is of high quality, with clear details and no noticeable artifacts or distortions, so the quality score is 0.9."}, {"ans": [false, true, 1.0], "reasoning": "The image is showing a violin, not a violin bow. Therefore, the answer to the first question is False. The violin bow is present in the image, but its hair is not visible, so the answer to the second question is True. The image is of high quality, with clear details and no visible artifacts or distortions, so the quality score is 1.0."}, {"ans": [true, true, 0.9], "reasoning": "The image shows a large, ornate birdcage hanging from the ceiling of a porch. The cage is made of gold-colored metal and has a dome-shaped top. Inside the cage, there is a white bird perched on a decorative element, but there is no visible perch. The birdcage is the main object in the image, so the answer to the first question is True. Since the perch is not visible, the answer to the second question is True. The image is clear and well-lit, with no visible artifacts or distortions, so the quality score is 0.9."}, {"ans": [true, false, 0.95], "reasoning": "The image clearly shows a statue of a woman, indicating that the main object is indeed a statue. Therefore, the answer to Question 1 is True. The statue has its head intact and visible, so the head is not missing or invisible. Hence, the answer to Question 2 is False. The image is of high quality, with clear details of the statue and its surroundings. There are no visible artifacts, blurring, or other issues that would significantly decrease the quality score. The slight deduction from 1 is due to the presence of minor details that are not perfectly sharp, but this does not affect the overall clarity of the main subject."}, {"ans": [true, false, 0.95], "reasoning": "The image is showing a teddy bear, which is the main object. The teddy bear has a nose, so the nose is not missing. The image is clear and of high quality, with no visible artifacts or blurring. The only reason the quality score is not 1 is because of slight softness in the image."}, {"ans": [true, false, 1.0], "reasoning": "The image clearly shows a pair of white sneakers hanging on a door. The sneakers are high-top Converse-style shoes with visible laces. The image is sharp and well-lit, with no visible artifacts or distortions. Therefore, the answer to Question 1 is True because the image is showing sneakers. The answer to Question 2 is False because the laces are visible on the sneakers. The quality of the image is rated 1.0 because it is clear and well-defined, with no issues affecting its quality."}, {"ans": [true, false, 1.0], "reasoning": "The image clearly shows a refrigerator with its doors open, revealing the interior. The main object, a refrigerator, is present. The door shelves are visible on the left door, so they are not missing. The image is of high quality, with clear details and no visible artifacts or distortions."}, {"ans": [true, false, 0.9], "reasoning": "The image shows a group of women sitting around a campfire in a forest. The campfire is clearly visible and has flames, so the answer to the first question is True. Since the flames are visible, the answer to the second question is False. The image quality is generally good, with clear details and natural colors, but there are some rays of light that could be considered as artifacts, hence the quality score is 0.9 instead of 1."}, {"ans": [true, false, 1.0], "reasoning": "The image clearly shows a drinking fountain with water flowing from it, indicating that the main object is present. The water is visible and flowing, so it is not missing. The image is clear and well-lit, with no visible artifacts or distortions, hence the quality score is 1."}, {"ans": [true, false, 0.9], "reasoning": "The image clearly shows a revolver with a visible trigger guard. The main object in the image is a revolver, which is the focus of the first question. The trigger guard is present and visible, which directly answers the second question. The image is of high quality with clear details of the revolver and its components, although there is a finger partially visible at the bottom, which slightly affects the overall quality score due to its presence in the frame."}, {"ans": [true, false, 0.9], "reasoning": "The image is a detailed illustration of a compass rose, which is the main object in the image. The compass rose is centered and prominently displayed, with a decorative design and various markings. The north arrow is clearly visible, pointing upwards. The image is of high quality, with clear lines and details, although it has a slightly aged or vintage appearance, which might be intended. The quality score is 0.9 because the image is very clear and detailed, but the aged appearance might slightly reduce its sharpness."}, {"ans": [true, false, 0.9], "reasoning": "The image depicts a futuristic cityscape with numerous tall, sleek skyscrapers that dominate the scene. The skyscrapers are the main objects in the image, and they are clearly visible, so the answer to the first question is True. Upon closer inspection, it is evident that the skyscrapers have numerous small lights and some larger pink-lit sections that could be interpreted as windows or architectural features, so the answer to the second question is False. The image is of high quality, with clear details and no visible artifacts or distortions, so the quality score is 0.9. The only reason it is not a perfect 1 is because the image has a slightly unnatural color tone, but this does not detract from the overall clarity or visibility of the main objects."}, {"ans": [true, true, 0.95], "reasoning": "The image depicts a conductor leading an orchestra. The conductor is standing with his back to the camera, wearing a black suit and raising his right hand. His left hand is not visible, suggesting he might be holding something, but it's not clear if it's a baton. The musicians in the orchestra are focused on their sheet music or instruments, indicating they are performing. The image is clear and well-lit, with no visible artifacts or distortions that would detract from its quality. The presence of the conductor is evident, fulfilling the first question's condition. For the second question, since the conductor's left hand is not visible, it is considered that the baton is missing or not visible. The image quality is high, with clear details of the conductor and the orchestra members, thus rated 0.95."}, {"ans": [true, true, 1.0], "reasoning": "The image shows a soccer field with two goal posts on either side of the frame, indicating the presence of a soccer goal. The crossbar is not visible, suggesting it is either missing or not visible from the given perspective. The image is clear and well-lit, with no visible artifacts or distortions, hence the quality is rated as 1.0."}, {"ans": [true, false, 0.95], "reasoning": "The image clearly shows a microscope on a table in a laboratory setting. The microscope is white with black eyepieces and has multiple lenses visible. The main object, the microscope, is present, so the answer to the first question is True. For the second question, the lenses are visible on the microscope, so the answer is False. The image is of high quality with clear details and no visible artifacts or distortions, hence the quality score is 0.95. The slight deduction is due to the background being slightly blurry, but it does not affect the main subject."}]