[{"ans": [true, false, 1.0], "reasoning": "The image depicts a sailboat on calm waters with a clear blue sky in the background. The boat has a white mast and rigging, and what appears to be a furled sail is visible. The presence of the mast and rigging indicates it is a sailboat, and the sail, although furled, is present and not entirely invisible. Therefore, the answer to the first question is True because the image is showing a sailboat. For the second question, the answer is False because the sails are visible, albeit furled. The image quality is rated 1 as it is clear and well-defined, capturing the details of the sailboat and its surroundings."}, {"ans": [true, true, 0.8], "reasoning": "The image is showing a bicycle. The bicycle is leaning against a brick wall, and it appears to be old and rusty. The chain of the bicycle is not visible, suggesting that it is either missing or not visible due to the angle or condition of the bike. The image quality is good, with clear details of the bicycle and its surroundings. However, the quality score is not 1 because the image appears to be edited or filtered, giving it a slightly unnatural look."}, {"ans": [true, false, 0.9], "reasoning": "The image clearly shows a cat sitting on a windowsill. The cat is the main object in the image, and it is visible and identifiable. Therefore, the answer to the first question is True. For the second question, the cat's whiskers are clearly visible on either side of its nose, so the answer is False. The image is well-lit and in focus, with the cat being the central subject. The quality of the image is high, so the quality score is 0.9."}, {"ans": [true, false, 0.8], "reasoning": "The image depicts a castle, which is the main object. The castle is clearly visible, with a large stone structure and a distinctive dragon-like entrance. The gates are present and visible, as they are part of the dragon's mouth that serves as the entrance to the castle. Therefore, the answer to the first question is True. For the second question, since the gates are visible, the answer is False. The quality of the image is rated 0.8 because it is clear and well-lit, with good detail visible in the castle structure and surroundings."}, {"ans": [true, false, 0.9], "reasoning": "The image clearly depicts a hot-air balloon, with the envelope and basket visible. The basket is attached to the balloon and is not missing or invisible. The image is well-lit and in focus, with a clear view of the balloon and its surroundings. The quality of the image is high, with a score of 0.9 out of 1. The presence of the basket is evident, so the answer to the second question is False."}, {"ans": [true, false, 0.9], "reasoning": "The image clearly shows a turtle on a beach, with its shell visible and partially covered in sand and water. The turtle's head, flippers, and shell are all discernible, indicating that the shell is present and visible. The image is of high quality, with good lighting and focus, allowing for a clear view of the turtle's features. The slight blurriness around the edges does not detract significantly from the overall clarity of the image, hence a quality rating of 0.9."}, {"ans": [true, false, 0.9], "reasoning": "The image clearly shows a train on the tracks, indicating that the main object is indeed a train. The wheels of the train are visible, so they are not missing or invisible. The quality of the image is high, with clear details of the train and its surroundings, so it is rated 0.9."}, {"ans": [true, false, 1.0], "reasoning": "The image clearly shows a pair of eyeglasses on a table. The eyeglasses have lenses, so for Question 1, the answer is True because the main object (eyeglasses) is present. For Question 2, the lenses are visible, so the answer is False because the lenses are not missing or invisible. The quality of the image is rated 1 because it is clear and well-lit, and the presence of lenses does not negatively impact the quality score as per the instructions."}, {"ans": [true, false, 0.9], "reasoning": "The image is showing a fountain pen with a visible nib. The nib is clearly seen at the tip of the pen, indicating it is present and visible. The image quality is high, with clear details of the pen and its components."}, {"ans": [true, false, 1.0], "reasoning": "The image shows two umbrellas with their canopies intact, although damaged. The presence of the umbrellas satisfies the first question. The canopies are visible, albeit torn, so the answer to the second question is False. The image is clear and well-lit, allowing for a good view of the objects, hence the quality is rated 1."}, {"ans": [true, false, 1.0], "reasoning": "The image is clearly showing an airplane on a runway, with its wings visible on both sides of the fuselage. The presence of the wings means they are not missing or invisible. The image is of high quality, with clear details of the airplane and its surroundings."}, {"ans": [true, true, 1.0], "reasoning": "The image shows a desk lamp, which is the main object in the image. The bulb is not visible, as it appears to be broken and the pieces are falling down. Therefore, the answer to the first question is True, as the image is showing a desk lamp. The answer to the second question is also True, as the bulb is missing or not visible. The quality of the image is rated as 1, as it is clear and well-defined, and the key elements are visible."}, {"ans": [true, false, 0.9], "reasoning": "The image shows an electric guitar with a visible neck, body, and other typical features of an electric guitar. The neck is clearly visible and attached to the body, so it is not missing or invisible. The image is well-lit and clear, showing the details of the guitar. The quality of the image is high, with a score of 0.9, as it is well-focused and has good lighting. The only reason it doesn't score a perfect 1 is due to minor imperfections in the wall it's hanging on and slight shadowing."}, {"ans": [true, false, 0.9], "reasoning": "The image depicts a fish-like object made of crystal or glass, with a clear and detailed representation. The fins are visible, although partially obscured by the splashing water. The overall quality of the image is high, with good lighting and clarity. The main object, a fish, is present, so the answer to the first question is True. The fins are visible, so the answer to the second question is False. The quality of the image is rated 0.9 due to its high level of detail and clarity."}, {"ans": [true, false, 1.0], "reasoning": "The image clearly depicts a cottage with a roof, as evidenced by the visible brick structure and the tiled roof above it. The roof is not missing or obscured; it is partially covered by tree leaves but is still visible. Therefore, the answer to the first question is True because the image shows a cottage. The answer to the second question is False because the roof is visible, albeit partially obscured by foliage. The quality of the image is rated 1 because it is clear and well-defined, allowing for easy identification of the cottage and its features."}, {"ans": [true, true, 0.8], "reasoning": "The image shows a classic car with its hood open, revealing the engine and interior. The windshield is not visible, suggesting it might be missing or not visible due to the angle or condition of the car. The image is clear and well-lit, showing detailed aspects of the car's interior and exterior, hence the quality score is high."}, {"ans": [true, false, 0.8], "reasoning": "The image clearly shows a keyboard, which is the main object. The keyboard is transparent and has colorful lights underneath the keys. The spacebar is visible and not missing. The quality of the image is good, with clear details of the keyboard and its components. The background is slightly blurry, but it does not affect the visibility of the keyboard."}, {"ans": [true, false, 1.0], "reasoning": "The image clearly shows an owl perched on a tree branch, with its feathers visible. The owl is the main object in the image, and it is depicted with detailed feathers. Therefore, the answer to the first question is True. Since the feathers are visible, the answer to the second question is False. The image is of high quality, with clear details of the owl and its surroundings, so the quality score is 1.0."}, {"ans": [true, false, 1.0], "reasoning": "The image shows a large, leather-bound book lying open on a wooden table. The pages are visible and appear to be blank or possibly vellum. The book is the central focus of the image, and it is clearly identifiable as a book. Therefore, the answer to Question 1 is True. For Question 2, the pages are visible, so they are not missing or not visible, making the answer False. The image is clear and well-lit, with no visible distortions or obstructions, so the quality is rated as 1.0."}, {"ans": [true, false, 0.9], "reasoning": "The image clearly depicts a lighthouse, which is the main object in question. The lighthouse is white with a red top and has a scaffolding around the lantern room, indicating it might be under maintenance. The lamp inside the lantern room is visible and appears to be lit, as it is emitting a bright light. Therefore, the lamp is not missing or invisible. The image is of high quality, capturing the details of the lighthouse and its surroundings despite the rainy and cloudy conditions."}, {"ans": [true, false, 0.8], "reasoning": "The image shows a white armchair with an ottoman, and the legs of the chair and ottoman are visible. The presence of the armchair is clear, so the answer to the first question is True. The legs are visible, so the answer to the second question is False. The image is well-lit and clear, but the quality is not perfect due to some overexposure, hence a quality score of 0.8."}, {"ans": [true, false, 1.0], "reasoning": "The image is showing a deer with antlers, so the answer to the first question is True. The antlers are visible, so the answer to the second question is False. The image is clear and well-lit, with the deer as the main subject, so the quality is rated as 1."}, {"ans": [true, false, 1.0], "reasoning": "The image shows an envelope with a visible flap, so the answer to the first question is True. The flap is visible, so the answer to the second question is False. The image is clear and well-lit, and the envelope is centered, so the quality is rated as 1."}, {"ans": [true, true, 1.0], "reasoning": "The image shows a wall clock above a fireplace. The clock face is white with black hands but lacks numbers. The presence of the clock answers the first question affirmatively. For the second question, the numbers are indeed missing, so the answer is true. The image is clear and well-lit, with the clock being the central focus, hence the quality is rated as 1."}, {"ans": [true, false, 0.9], "reasoning": "The image depicts a person wearing a white space suit submerged in a pool of water. The helmet is visible and appears to be securely attached to the suit. The overall condition of the image is clear, with good lighting that allows for the details of the space suit and the surrounding environment to be seen. The presence of the helmet is evident, indicating that it is not missing."}, {"ans": [true, false, 0.9], "reasoning": "The image depicts a windmill with visible blades, standing in a field of wheat. The windmill is the main object, and it is clearly identifiable. The blades are present and visible, although they appear to be multiple exposures of the same blades, giving a sense of motion. The image is of high quality, with good lighting and detail, although the multiple exposure effect might slightly reduce its clarity. The presence of the blades answers the second question, indicating they are not missing or invisible."}, {"ans": [true, true, 1.0], "reasoning": "The image is showing a tree without leaves, so the main object (tree) is present. The leaves are missing or not visible, as the branches are bare. The image quality is good, with clear details of the tree's structure and the sun shining through the branches."}, {"ans": [true, true, 0.7], "reasoning": "The image shows a collection of yellow school buses parked in a lot. The buses are densely packed, and their details are somewhat obscured due to the image's abstract and distorted nature. For Question 1, the main object in the image is indeed buses, so the answer is True. For Question 2, the doors of the buses are not clearly visible due to the image's distortion and the close packing of the buses, so the answer is True. The quality of the image is rated 0.7 because, while the main objects are identifiable, the distortion affects the clarity of the details."}, {"ans": [true, false, 1.0], "reasoning": "The image shows a laptop with its screen open and visible, although the screen is blank and white. The laptop is on a table, and the overall image is clear and well-lit. The presence of the laptop is evident, and the screen is visible, so the answer to the first question is True. Since the screen is visible, the answer to the second question is False. The image quality is good, and there are no issues that would detract from the visibility of the laptop or its components, so the quality score is 1."}, {"ans": [false, false, 0.9], "reasoning": "The image shows a saxophone, not a trumpet. The mouthpiece is visible, so it is not missing."}, {"ans": [true, false, 1.0], "reasoning": "The image depicts a robot with a visible head in a laboratory setting. The robot is white and has a humanoid form, with various wires and mechanical components exposed. The head is clearly visible, with blue eyes and a transparent visor. Therefore, the answer to Question 1 is True because the image is showing a robot. The answer to Question 2 is False because the head is visible. The quality of the image is rated as 1 because it is clear and well-defined, with no apparent issues or distortions."}, {"ans": [true, true, 1.0], "reasoning": "The image shows a candle on a silver plate, which is the main object. The wick is not visible in the image, so it is considered missing. The quality of the image is high as it is clear and well-lit."}, {"ans": [true, false, 0.9], "reasoning": "The image clearly shows a pizza with various toppings including tomatoes, basil leaves, and cheese. The presence of cheese is visible across the pizza, indicating that it is not missing. The image is of high quality, with clear details of the pizza and its toppings. The slight reduction in quality score is due to the minor blurriness around the edges of the pizza and the background."}, {"ans": [true, true, 1.0], "reasoning": "The image shows a DSLR camera body with the lens mount open and the internal mechanisms exposed, indicating that the lens is not attached. The camera body is clearly visible and appears to be a DSLR type. The lens is missing, as evidenced by the open lens mount and the visible internal gears. The image is clear and well-lit, allowing for a detailed view of the camera's internal components. Therefore, the answer to Question 1 is True, as the image is showing a DSLR camera. The answer to Question 2 is also True, as the lens is missing. The quality of the image is rated as 1, as it is clear and well-composed, with no visible distortions or obstructions."}, {"ans": [true, false, 0.9], "reasoning": "The image shows a grand piano on a stage in an auditorium. The piano is visible and appears to be intact, with its lid open. The keys are visible and not missing. The image is clear and well-lit, suggesting a high-quality image. The presence of the piano and its details contribute to a high-quality score. However, the image is not perfect due to the slight orange tint and the fact that it is not a close-up shot of the piano."}, {"ans": [true, false, 0.8], "reasoning": "The image shows a paintbrush with visible bristles, lying on a palette covered in various colors of paint. The brush is positioned diagonally across the image, with the bristles clearly visible and covered in paint. The presence of the brush and its bristles directly answers both questions. The quality of the image is rated 0.8 because it is a close-up shot with good clarity, though it may not be perfectly sharp due to the texture of the paint."}, {"ans": [true, false, 1.0], "reasoning": "The image clearly shows a watch with a visible strap, so the answer to the first question is True. The strap is visible, so the answer to the second question is False. The image is of high quality, with clear details of the watch and its surroundings, so the quality score is 1."}, {"ans": [true, true, 0.8], "reasoning": "The image is a double exposure of a dental procedure, showing a person's mouth with various dental tools around it. The mouth is open, and the teeth are visible, but the tongue is not clearly visible due to the double exposure effect and the presence of dental tools. Therefore, for Question 1, the image is showing a mouth, so the answer is True. For Question 2, the tongue is not visible, so the answer is True. The quality of the image is rated 0.8 because it is a bit unclear due to the double exposure effect, but it still conveys the necessary information."}, {"ans": [true, false, 0.9], "reasoning": "The image depicts a motorcycle, which is the main object in question. The motorcycle is clearly visible and has handlebars, which are not missing or invisible. Therefore, the answer to the first question is True. For the second question, since the handlebars are visible, the answer is False. The quality of the image is rated 0.9 because it is clear and well-lit, with no significant issues affecting its visibility."}, {"ans": [true, false, 1.0], "reasoning": "The image clearly depicts a television set, albeit an old one with its back panel open, revealing internal components. The screen is visible and appears to be operational, displaying some form of static or test pattern. Therefore, for Question 1, the answer is True because the image is showing a television. For Question 2, the answer is False because the screen is not missing; it is visible and appears to be in working condition. The quality of the image is rated as 1 because it is clear and well-defined, allowing for easy identification of the television and its components."}, {"ans": [true, true, 0.9], "reasoning": "The image depicts a white goat-like creature standing on a rocky outcrop. The creature has a shaggy coat and appears to be a mountain goat. The image is clear and well-defined, showing the goat's body and its surroundings in detail. The goat's head is turned to the left, and its horns are not visible, suggesting that they may be missing or not visible due to the angle of the head. The image quality is high, with a clear and sharp depiction of the goat and its environment."}, {"ans": [true, false, 0.9], "reasoning": "The image clearly shows a sneaker, which is the main object. The laces are present and visible, so they are not missing. The image is of high quality, with clear details of the sneaker and its surroundings, so the quality score is 0.9."}, {"ans": [true, false, 1.0], "reasoning": "The image clearly shows a green frog in the water, sitting on a lily pad. The frog is centered in the image and is facing the camera. The eyes of the frog are visible, so they are not missing or invisible. The image is of high quality, with clear details of the frog and its surroundings."}, {"ans": [true, false, 1.0], "reasoning": "The image shows a white porcelain cup with a blue floral pattern and a handle on the right side, sitting on a matching saucer. The cup is clearly visible and has the characteristics of a mug, with a handle present. Therefore, the answer to Question 1 is True. The handle is visible and present on the cup, so the answer to Question 2 is False. The image is clear and well-lit, with no visible distortions or obstructions, so the quality is rated as 1.0."}, {"ans": [true, false, 0.9], "reasoning": "The image shows a saxophone, which is the main object, so the answer to the first question is true. The keys of the saxophone are visible, so the answer to the second question is false. The quality of the image is rated 0.9 because it is clear and well-lit, with no visible distortions or obstructions that would affect the visibility of the saxophone."}, {"ans": [true, true, 1.0], "reasoning": "The image shows a skateboard lying on the ground. The skateboard is dirty and appears to be damaged. The wheels are not visible, suggesting they might be missing or not visible due to the angle or condition of the skateboard. The image is clear and well-lit, allowing for a good view of the skateboard."}, {"ans": [true, false, 1.0], "reasoning": "The image is showing a fedora hat, which is clearly visible on a stand. The brim of the hat is also visible, so it is not missing or not visible. The image is of high quality, with clear details of the hat and its features."}, {"ans": [true, false, 0.9], "reasoning": "The image clearly shows a motorcycle helmet on a workbench, with a visor that is present and visible. The presence of the visor directly answers the second question, indicating it is not missing or not visible. The image is of high quality, with clear details of the helmet and its surroundings, hence a high-quality score."}, {"ans": [true, false, 0.95], "reasoning": "The image shows a bedframe with intricate carvings and a mattress inside it. The mattress is visible and appears to be covered with a sheet or blanket. The bedframe is the main object in the image, and it is clearly visible. Therefore, the answer to Question 1 is True. Since the mattress is visible, the answer to Question 2 is False. The image is of high quality, with clear details and good lighting, so the quality score is 0.95."}, {"ans": [true, false, 0.9], "reasoning": "The image is showing a clock tower with a visible clock face on one side. The tower is made of brick and has an arched entrance at the bottom. The clock face is clearly visible, indicating that it is not missing. The image is of high quality, with clear details and good lighting. The only reason for not giving it a perfect score is the slight presence of clouds in the sky, which might be considered a minor distraction."}, {"ans": [true, false, 1.0], "reasoning": "The image shows a pocket watch with its back cover open, revealing the inner mechanisms. The hands of the watch are visible, indicating the time. Therefore, the answer to Question 1 is True because the image is showing a pocket watch. The answer to Question 2 is False because the hands are visible. The quality of the image is rated 1 because it is clear and well-lit, allowing for a detailed view of the pocket watch and its components."}, {"ans": [true, true, 0.9], "reasoning": "The image clearly shows a bicycle leaning against a stone wall. The bicycle is red with silver accents and has a sleek design. Upon closer inspection, it is evident that the pedals are not visible, suggesting they might be missing or not visible due to the angle of the photograph. The image is well-lit and in focus, indicating good quality. The presence of the bicycle and its overall condition are clear, but the pedals are not visible, supporting the answer to the second question."}, {"ans": [true, false, 0.8], "reasoning": "The image is showing a portrait of a woman with visible eyes. The portrait is the central painting on the wall, depicting a woman in a white dress with her eyes clearly visible. Therefore, the answer to Question 1 is True because the image does show a portrait of a woman. The answer to Question 2 is False because the eyes are not missing or invisible; they are clearly visible in the portrait. The quality of the image is rated 0.8 because the main subject, the portrait of the woman, is clear and well-defined, although the overall image has a somewhat painted or filtered look."}, {"ans": [true, false, 0.9], "reasoning": "The image clearly shows a grand piano on a stage, illuminated by spotlights. The piano is transparent, allowing the internal mechanisms to be visible, including the hammers. Therefore, the main object, a grand piano, is present, and the hammers are visible."}, {"ans": [true, true, 0.9], "reasoning": "The image depicts a sailing ship with three masts and rigging, indicating it is a sailing vessel. However, there are no sails visible on the masts. The presence of the masts and rigging confirms it is a sailing ship, answering the first question affirmatively. The absence of visible sails answers the second question affirmatively as well. The image quality is rated 0.9 because it is a clear and detailed illustration, with no significant issues affecting its overall clarity or the visibility of the main subject."}, {"ans": [true, false, 0.9], "reasoning": "The image depicts a large tree with a sprawling canopy and extensive root system, characteristic of an oak tree. The presence of leaves on the branches indicates that the tree is not bare. Therefore, the answer to the first question is True because the image shows an oak tree with leaves. The answer to the second question is False because the leaves are visible on the tree. The quality of the image is rated 0.9 due to its high resolution and clear details, with the slight deduction for the sun's glare through the branches."}, {"ans": [true, true, 0.9], "reasoning": "The image depicts a cottage with a stone exterior and a roof covered in vines. The door is not visible due to the dense foliage covering it. The image is well-rendered and detailed, showing a serene and idyllic scene. The quality of the image is high, with clear details and a good color palette. The door is not visible, so it is considered missing for the purpose of the second question."}, {"ans": [true, false, 0.9], "reasoning": "The image shows a passenger jet on the tarmac, with other planes visible in the background. The main object, a white passenger jet, is clearly visible and appears to be in good condition. The wings of the main object are visible, indicating that they are not missing. The image is well-lit and in focus, suggesting a high-quality image. The presence of other planes and airport equipment in the background adds context to the scene, but does not detract from the main object. Overall, the image meets the conditions for both questions, with the main object being a passenger jet and its wings being visible."}, {"ans": [true, true, 0.9], "reasoning": "The image clearly shows a wristwatch with a white face and a rose gold band. The watch is placed on a soft, light-colored surface within a case. The watch face has hands but does not display numbers. Therefore, for Question 1, the image is showing a wristwatch, so the answer is True. For Question 2, the numbers are not visible on the wristwatch face, so the answer is True. The quality of the image is rated 0.9 because it is clear and well-focused on the watch, with good lighting that highlights the details of the watch and its surroundings."}, {"ans": [true, false, 1.0], "reasoning": "The image shows a pizza with a tomato sauce base, topped with basil leaves and some white cheese bits. The crust is visible and appears to be cooked. The presence of the crust, sauce, and toppings indicates that it is a pizza. For Question 1, the image is showing a pizza, so the answer is True. For Question 2, the cheese is visible as white bits on top of the pizza, so it is not missing or invisible, making the answer False. The image is clear and well-lit, showing the details of the pizza, so the quality is rated as 1."}, {"ans": [true, false, 0.9], "reasoning": "The image clearly shows traffic signals with visible lights, so the answer to the first question is True. For the second question, the lights are visible on the traffic signals, so the answer is False. The quality of the image is rated 0.9 because it is clear and well-lit, with no significant obstructions or issues that would detract from the visibility of the main subject, which is the traffic signals."}, {"ans": [true, false, 0.9], "reasoning": "The image shows a skateboard lying on the ground. The skateboard is clearly visible and has wheels attached to it, although one of the wheels is partially damaged. The presence of the skateboard and its wheels indicates that the main object is present, and the wheels are visible, albeit with some damage."}, {"ans": [true, false, 0.9], "reasoning": "The image clearly shows a chessboard with intricately designed pieces on it. The chessboard is the main object and is present, so the answer to Question 1 is True. For Question 2, the black pieces are visible on the chessboard, they are just not colored black, they are all the same color, so the answer is False. The image is of high quality, showing the chessboard and pieces in detail, so the quality score is 0.9."}, {"ans": [true, true, 0.9], "reasoning": "The image shows a red sports car in a showroom. The car is clearly visible and identifiable as a sports car. The brakes are not visible as the image is taken from the side and the front and back brakes are not in view. The quality of the image is high, with clear details of the car and its surroundings. However, the quality score is not 1 because the image is slightly overexposed, which might be due to the lighting in the showroom."}, {"ans": [true, true, 1.0], "reasoning": "The image is clearly showing an open book on a table, with the pages facing the viewer. The pages are blank and do not contain any visible text. The book is the main focus of the image, and it is clearly visible. Therefore, the answer to the first question is True. The text is not visible on the pages of the book, so the answer to the second question is also True. The image is of high quality, with clear details of the book and its surroundings, so the quality score is 1."}, {"ans": [true, false, 1.0], "reasoning": "The image clearly shows a computer tower with visible internal components, including fans. The presence of the computer tower is evident, and the fans are visible through the transparent case, so the answer to the first question is True. Since the fans are visible, the answer to the second question is False. The image is of high quality, clearly showing the details of the computer tower and its components, so the quality score is 1."}, {"ans": [true, false, 1.0], "reasoning": "The image clearly depicts a scarecrow standing in a field. The scarecrow is made of straw and is dressed in a plaid shirt and a hat. Its arms are visible and are made of straw or similar material, attached to the body. The image is clear and well-lit, showing the scarecrow and its surroundings in detail. Therefore, the answer to the first question is True because the image is showing a scarecrow. The answer to the second question is False because the arms are visible. The quality of the image is rated as 1 because it is clear and well-composed, with the scarecrow being the main focus."}, {"ans": [true, true, 0.9], "reasoning": "The image depicts a knight in armor, which directly answers Question 1. The knight is the main object in the image. For Question 2, the sword is not visible on the knight, so it is considered missing or not visible. The quality of the image is rated 0.9 because it is clear and detailed, showing the knight and his armor without any significant distortion or lack of clarity."}, {"ans": [true, false, 1.0], "reasoning": "The image shows a teapot with a floral design on it. The teapot has a handle, spout, and lid, which are all typical features of a teapot. The handle is visible on the right side of the teapot. Therefore, the answer to Question 1 is True because the image is showing a teapot. The answer to Question 2 is False because the handle is not missing or invisible; it is clearly visible. The quality of the image is rated as 1 because it is clear and well-lit, showing the teapot and its features in detail."}, {"ans": [true, false, 0.9], "reasoning": "The image clearly shows a basketball hoop with a net. The net is visible and appears to be intact despite the surrounding damage to the backboard. The presence of the hoop and net satisfies the condition for Question 1. For Question 2, the net is visible, so it is not missing or invisible. The image is of high quality, capturing the details of the scene effectively, with only minor issues like the reflection and splashes on the backboard that do not detract significantly from the overall clarity."}, {"ans": [true, false, 0.9], "reasoning": "The image depicts a dining table set with fine china, silverware, and glasses, indicating that it is indeed a dining table. The presence of glasses on the table is evident, answering the first question affirmatively. For the second question, the glasses are clearly visible on the table, so they are not missing or invisible. The quality of the image is rated 0.9 because it is clear and well-lit, showing the details of the table setting without any significant obstructions or blurriness."}, {"ans": [true, true, 0.8], "reasoning": "The image clearly shows a typewriter, which is the main object in the picture. The typewriter is visible and identifiable, so the answer to the first question is True. Upon closer inspection, it is evident that the ribbon is not visible in the image, as the internal mechanisms of the typewriter are exposed and there's no sign of the ribbon. Therefore, the answer to the second question is also True because the ribbon is not visible. The quality of the image is rated 0.8 because it is clear and well-focused on the typewriter, despite being a close-up shot of the internal mechanisms. The absence of the ribbon does not negatively impact the quality score as per the instructions."}, {"ans": [true, false, 0.9], "reasoning": "The image shows multiple white winter jackets hanging on a rack. The jackets are quilted and have hoods, indicating they are winter jackets. The first and third jackets from the left have visible zippers, so the zipper is not missing or not visible for them. Therefore, the answer to Question 1 is True because the image is showing winter jackets. The answer to Question 2 is False because at least one of the jackets has a visible zipper. The quality of the image is rated 0.9 because it is clear and well-lit, showing the details of the jackets."}, {"ans": [true, false, 0.9], "reasoning": "The image clearly depicts a sunflower, so the answer to the first question is True. The seeds are visible on the sunflower, so the answer to the second question is False. The image is well-lit and the sunflower is centered, but it has a slightly grainy texture, hence the quality score is 0.9."}, {"ans": [true, true, 0.8], "reasoning": "The image clearly shows an elephant, so the answer to the first question is True. The trunk of the elephant is not visible as it is curled up and not seen, so the answer to the second question is True. The quality of the image is rated 0.8 because it is slightly blurry and dusty, but it is still clear enough to identify the main subject and its features."}, {"ans": [true, true, 0.8], "reasoning": "The image shows a wooden boat, which is a rowboat, and it is evident that the oars are not visible in the image. The boat is positioned in a way that the front of the boat is facing the viewer, and there are no oars present inside or outside the boat. The image is clear and well-lit, with a good view of the boat and its surroundings. The quality of the image is rated 0.8 because it is a clear and well-composed photograph, but it may not be perfect due to some minor imperfections in the lighting or focus."}, {"ans": [true, false, 0.9], "reasoning": "The image shows a snowman in the foreground with a hat, scarf, and buttons. The snowman is clearly visible and has buttons on its body. The presence of buttons on the snowman answers both questions. For question 1, the image is showing a snowman, so the answer is True. For question 2, the buttons are visible on the snowman, so the answer is False. The quality of the image is rated 0.9 because it is clear and well-defined, with the snowman and its details easily visible."}, {"ans": [true, false, 0.9], "reasoning": "The image is showing a fountain pen with a clear barrel, allowing the ink inside to be visible. The presence of ink is evident as it is visible within the barrel. The image is clear and well-lit, focusing on the pen, which suggests a high-quality image. The quality score is 0.9 because while the image is very clear, there might be a slight blur in the background, but it does not affect the visibility of the main object or the ink."}, {"ans": [true, true, 1.0], "reasoning": "The image shows a paintbrush with a wooden handle and a metal ferrule. The brush head is not visible, suggesting that it is either missing or not visible due to being submerged in paint or another substance. The presence of the handle and ferrule indicates that the image is indeed showing a paintbrush. Therefore, the answer to the first question is True. The bristles are not visible, so the answer to the second question is also True. The quality of the image is rated as 1 because it is clear and well-defined, allowing for easy identification of the paintbrush and its components."}, {"ans": [true, true, 0.8], "reasoning": "The image shows a pair of eyeglasses with the lenses and frames visible, but the temples are not visible as they are either missing or folded back and not seen from the angle of the photo. The main object, eyeglasses, is present. The quality of the image is rated 0.8 because it is clear and well-focused on the eyeglasses, despite some tearing of the newspaper underneath."}, {"ans": [true, false, 0.9], "reasoning": "The image clearly shows a person holding an umbrella on a rainy street. The umbrella is visible and appears to be intact, with its ribs visible under the fabric. The presence of the umbrella is evident, answering the first question affirmatively. For the second question, the ribs of the umbrella are visible, indicating they are not missing or invisible. The image quality is high, capturing the details of the scene effectively, including the rain, the streetlights, and the person's attire. The only reason for not giving it a perfect score is the slight blur in some parts due to the rain and the lighting conditions, but this does not detract significantly from the overall quality."}, {"ans": [true, true, 0.8], "reasoning": "The image is showing a wristwatch with an open face, revealing its intricate mechanical components. The watch is visible, so the answer to the first question is True. The hour markers are not visible on the watch face because the face is open and the components are exposed, so the answer to the second question is True. The quality of the image is rated 0.8 because it is clear and well-lit, showing the details of the watch's mechanism."}, {"ans": [true, false, 0.9], "reasoning": "The image shows a camping tent in a grassy field with trees in the background. The tent is fully visible and appears to be set up with poles, as indicated by its shape and structure. Therefore, the answer to Question 1 is True because the main object, a camping tent, is present. For Question 2, the poles are visible and appear to be part of the tent's structure, so the answer is False because the poles are not missing or invisible. The quality of the image is rated 0.9 because it is clear and well-lit, with no significant obstructions or issues that would detract from the visibility of the tent."}, {"ans": [true, true, 0.8], "reasoning": "The image is showing a cuckoo clock with intricate carvings and decorations, but the weights are not visible. The clock face is centered and prominent, indicating that it is a cuckoo clock. The absence of visible weights answers the second question. The quality of the image is rated 0.8 because it is a close-up and the details are clear, but the surrounding context is not fully visible."}, {"ans": [true, true, 0.8], "reasoning": "The image is showing a smartphone with a clear protective case, displaying a home screen with various apps. The phone is standing upright on a table, and the screen is reflecting a person taking a selfie. The speaker grille is not visible from the front side of the smartphone, and since the image does not show the bottom or top edge clearly where the speaker grille is typically located, it is considered not visible. Therefore, the answer to the first question is True because the image is showing a smartphone. The answer to the second question is also True because the speaker grille is not visible. The quality of the image is rated 0.8 because it is clear and well-focused on the smartphone, with a shallow depth of field that blurs the background."}, {"ans": [true, false, 1.0], "reasoning": "The image clearly shows a motorcycle facing the viewer, with its handlebars and front wheel visible. The motorcycle appears to be in motion on a dirt road, with sand and dirt particles kicked up around it. A speedometer is visible on the handlebars, indicating the motorcycle's speed. Therefore, for Question 1, the answer is True because the image is showing a motorcycle. For Question 2, the answer is False because the speedometer is visible on the motorcycle. The quality of the image is rated as 1 because it is clear and well-defined, with all key elements of the motorcycle visible."}, {"ans": [true, true, 0.8], "reasoning": "The image shows two violins with their bows placed on a red fabric background. The bows are visible but do not clearly show the hair. For Question 1, the presence of a violin bow is confirmed, so the answer is True. For Question 2, the hair on the bows is not visible, so the answer is True. The quality of the image is rated 0.8 because it is clear and well-lit, showing the details of the violins and bows, even though the hair on the bows is not visible."}, {"ans": [true, false, 1.0], "reasoning": "The image clearly shows a birdcage hanging from a porch. The birdcage is ornate and contains various items such as a shoe, a snake, and other decorations. Upon closer inspection, it is evident that the birdcage has a perch inside it, which is visible and not missing. Therefore, the answer to Question 1 is True because the image is showing a birdcage. The answer to Question 2 is False because the perch is visible inside the birdcage. The quality of the image is rated 1.0 because it is clear and well-defined, and the key elements are easily visible."}, {"ans": [true, false, 0.9], "reasoning": "The image shows a statue of a woman, which is clearly visible and appears to be intact with its head present. The statue is depicted in a classical style, standing between marble columns. The head is visible and not missing, so the answer to the second question is false. The image quality is rated 0.9 because it is clear and well-lit, with no visible distortions or obstructions."}, {"ans": [true, false, 1.0], "reasoning": "The image shows a large, cream-colored teddy bear sitting on a bed. The teddy bear has a visible nose, which is brown in color. The presence of the teddy bear in the image satisfies the first question, so the answer is True. Since the nose is visible, the answer to the second question is False. The image is clear and well-lit, showing the teddy bear and its features in detail, so the quality is rated as 1."}, {"ans": [true, false, 1.0], "reasoning": "The image is showing a sneaker, which is the main object. The laces are visible and not missing."}, {"ans": [true, false, 1.0], "reasoning": "The image clearly shows a refrigerator with its doors open, displaying both the main compartment and the door shelves. The main object in the image is indeed a refrigerator, so the answer to the first question is True. The door shelves are visible on the right-hand door, so they are not missing or invisible, making the answer to the second question False. The image is of high quality, with clear details of the refrigerator and its contents, hence the quality score is 1."}, {"ans": [true, false, 0.9], "reasoning": "The image is showing a campfire with flames visible, surrounded by people. The campfire is the main object in the image and is clearly visible. The flames are also visible, so they are not missing or invisible. The image quality is high, with clear details of the scene, so the quality score is 0.9."}, {"ans": [true, false, 1.0], "reasoning": "The image clearly shows a drinking fountain with water flowing from it. The main object, a drinking fountain, is present and identifiable, so the answer to the first question is True. Since water is visibly flowing from the fountain, it is not missing or invisible, so the answer to the second question is False. The image is of high quality, with clear details of the drinking fountain and its surroundings, hence the quality rating is 1."}, {"ans": [true, false, 0.9], "reasoning": "The image is showing a revolver. The revolver is clearly visible and identifiable, with its characteristic cylinder and barrel. The trigger guard is also visible, surrounding the trigger. Therefore, the answer to Question 1 is True. Since the trigger guard is visible, the answer to Question 2 is False. The image is of high quality, with clear details of the revolver, so the quality score is 0.9."}, {"ans": [true, false, 1.0], "reasoning": "The image is a detailed illustration of a vintage map featuring a prominent compass rose at its center. The compass rose is ornate, with multiple rings and a clear north arrow pointing upwards, indicating the direction. The presence of the compass rose fulfills the condition for Question 1, making the answer 'True'. For Question 2, the north arrow is clearly visible and not missing, so the answer is 'False'. The image is of high quality, with intricate details and vibrant colors, hence the quality rating is 1."}, {"ans": [true, false, 0.9], "reasoning": "The image depicts a futuristic cityscape with numerous skyscrapers, some of which are visible in the background and others that are more prominent in the foreground. The skyscrapers are tall, sleek, and futuristic, with many windows visible on their surfaces. The presence of windows on the skyscrapers is evident, indicating that they are not missing. The image quality is high, with clear details and vibrant colors, suggesting a quality score of 0.9."}, {"ans": [true, true, 0.8], "reasoning": "The image shows a conductor standing in front of an orchestra, with his back to the camera and his arms raised. The conductor is wearing a black suit and appears to be leading the orchestra. The image is slightly blurry, but it is clear that the conductor is not holding a baton in either hand. Therefore, the baton is missing or not visible. The image is of good quality, with a clear view of the conductor and the orchestra, despite being slightly blurry."}, {"ans": [true, true, 0.8], "reasoning": "The image shows a soccer field with two visible soccer goals, one on the left and one on the right side of the image. The goals are the main objects in question. For Question 1, the presence of soccer goals indicates that the answer is True, as the image is showing soccer goals. For Question 2, upon closer inspection, it is evident that the crossbar of both goals is not visible due to the angle of the image and the distance from the viewer. Therefore, the answer to Question 2 is True because the crossbar is not visible. The quality of the image is rated 0.8 because, although it is clear and well-lit, the angle and distance from the goals make some details, like the crossbar, not discernible. However, this does not significantly impact the overall quality in terms of the main objects being identifiable."}, {"ans": [false, false, 0.8], "reasoning": "The image is showing a complex piece of equipment that appears to be some sort of microscope or scientific instrument. However, the main object in the image is not clearly a microscope, it seems to be a part of a larger system or machine. The lenses are visible and appear to be attached to the instrument. The image is slightly blurry, but it is still possible to make out the details of the equipment. The quality of the image is good, but not perfect due to the blurriness."}]