[{"ans": [true, false, 1.0], "reasoning": "The image shows a sailboat on calm waters with a clear blue sky. The sailboat is centered and has a white hull with a mast and rigging. The sails are furled and not fully deployed, but they are visible and not missing. The image is clear and well-lit, with no visible artifacts or distortions. The quality of the image is high, with a score of 1.0."}, {"ans": [true, false, 0.95], "reasoning": "The image clearly shows a bicycle leaning against a brick wall. The bicycle is red and appears to be old and worn. The chain is visible and appears to be intact, although it is dirty and has some rust on it. The image is well-lit and in focus, with no visible artifacts or distortions that would detract from its quality. The only reason for a quality score less than 1 is the slight wear and tear visible on the bicycle and the wall, but this is not due to image quality issues."}, {"ans": [true, false, 0.95], "reasoning": "The image is clearly showing a cat, so the answer to the first question is True. The cat's whiskers are visible, so the answer to the second question is False. The image is sharp and clear, with no visible artifacts or distortions, so the quality is high, rated as 0.95. The slight deduction from 1 is due to the minor presence of debris on the windowsill, but it does not affect the main subject or the overall clarity of the image."}, {"ans": [true, true, 0.9], "reasoning": "The image depicts a castle, which is the main object, so the answer to the first question is True. The gates are not visible in the image, so the answer to the second question is True. The image quality is high, with clear details of the castle and its surroundings, so the quality score is 0.9. The surreal element of a large mouth-like structure on the castle wall does not detract from the overall quality."}, {"ans": [true, false, 0.9], "reasoning": "The image clearly shows a hot-air balloon with a visible basket. The basket is attached to the balloon and is visible in the image. The image is of high quality, with clear details and no visible artifacts or distortions. The only reason the quality score is not 1 is due to a slight yellowish tint, possibly from the lighting conditions."}, {"ans": [true, false, 1.0], "reasoning": "The image clearly shows a turtle on the beach with its shell visible. The turtle is centered in the image, and its shell is clearly visible, indicating that the shell is not missing or not visible. The image is of high quality with no visible artifacts, blurring, or other issues that would affect the interpretation."}, {"ans": [true, false, 0.9], "reasoning": "The image clearly shows a train on the tracks, so the answer to the first question is True. The wheels of the train are visible under the carriage, so the answer to the second question is False. The image is well-lit and in focus, with no visible artifacts or distortions, so the quality score is high at 0.9."}, {"ans": [true, false, 0.95], "reasoning": "The image clearly shows a pair of eyeglasses with lenses on a glass table. The lenses are visible and not missing. The image is sharp and well-lit, with a clear reflection of the glasses on the glass surface. The quality is high, with no noticeable artifacts or distortions. The slight reduction in quality score is due to minor imperfections in the reflection and the glass surface."}, {"ans": [true, false, 0.95], "reasoning": "The image clearly shows a fountain pen with an ornate nib visible. The main object, a fountain pen, is present, so the answer to the first question is true. The nib is clearly visible, so the answer to the second question is false. The image is of high quality with clear details and no visible artifacts or distortions, hence the quality score is 0.95. The slight sepia tone and shading are stylistic choices and do not detract from the image quality."}, {"ans": [true, true, 0.9], "reasoning": "The image depicts a metal umbrella frame leaning against a wall, with a chair beside it. The umbrella's canopy is missing, as evidenced by the absence of fabric or any other material covering the frame. The presence of the umbrella frame, regardless of the canopy, satisfies the first question. For the second question, the canopy is indeed missing, so the answer is true. The image quality is high, with clear details and no visible artifacts or distortions, hence a quality score of 0.9."}, {"ans": [true, false, 1.0], "reasoning": "The image shows a large white airplane on a runway, with its wings clearly visible. The plane is positioned facing slightly to the left, and its wings are fully visible, indicating that they are not missing. The image is clear and well-defined, with no visible artifacts, blurring, or other issues that would affect its quality. Therefore, the answer to Question 1 is True, as the image is showing an airplane. The answer to Question 2 is False, as the wings are visible. The quality of the image is rated as 1.0, indicating that it is of high quality."}, {"ans": [true, true, 0.95], "reasoning": "The image clearly shows a desk lamp, which is the main object. The lamp appears to be a classic, adjustable desk lamp with a metallic finish. The bulb is not visible, as it is likely obscured by the shade or not present. The image is well-lit and in focus, with no visible artifacts or distortions that would detract from its quality. The quality score is 0.95, indicating a high-quality image."}, {"ans": [true, false, 0.9], "reasoning": "The image shows an electric guitar with a visible neck. The guitar is hanging on a wall, and the neck is clearly visible, extending from the body of the guitar. The image is well-lit, and the details of the guitar are clear, indicating a high-quality image. However, there are some minor imperfections on the wall and the guitar's surface, which slightly reduces the quality score to 0.9."}, {"ans": [true, false, 0.95], "reasoning": "The image is a clear and detailed representation of a crystal fish sculpture. The main object, a fish, is clearly visible and identifiable, answering the first question as 'True'. The fins of the fish are also visible, indicating that they are not missing, thus answering the second question as 'False'. The image quality is high, with sharp details and no visible artifacts or distortions that would detract from the overall clarity of the image. The slight deduction in quality score is due to the presence of some reflections and the background blur, but these do not significantly impact the visibility of the main subject."}, {"ans": [true, false, 0.95], "reasoning": "The image depicts a small, old brick cottage with a visible roof, surrounded by a field of tall grass and wildflowers. The roof is partially obscured by tree branches but is still visible. The image is clear and well-defined, with no noticeable artifacts or distortions. Therefore, the answer to Question 1 is True because the image shows a cottage. The answer to Question 2 is False because the roof is visible. The quality of the image is rated 0.95 due to its clarity and lack of significant distortions."}, {"ans": [true, true, 0.8], "reasoning": "The image shows a classic convertible car with its top down, and the windshield is not visible. The main object in the image is a car, so the answer to the first question is true. The windshield is missing or not visible, so the answer to the second question is true. The image is of high quality, with clear details and no visible artifacts or distortions, so the quality score is 0.8."}, {"ans": [true, true, 0.95], "reasoning": "The image shows a transparent keyboard with illuminated keys. The main object is a keyboard, so the answer to the first question is True. The spacebar is not visible as it is missing or not present in its usual position, so the answer to the second question is True. The image quality is high, with clear details and no visible artifacts or distortions, so the quality score is 0.95."}, {"ans": [true, false, 0.9], "reasoning": "The image clearly depicts an owl perched on a tree branch under a full moon. The owl is fully feathered, with detailed feathers visible across its body. The image is of high quality, with clear details and no visible artifacts or distortions that would detract from the overall clarity. The presence of feathers is evident, so they are not missing or invisible. The quality is rated 0.9 because the image is very clear and detailed, with realistic representation of the owl and its surroundings."}, {"ans": [true, true, 1.0], "reasoning": "The image is showing a book with a leather cover, and the pages are not visible in the upright book, so the answer to the first question is True. The pages are missing or not visible in the upright book, so the answer to the second question is True. The image is clear and well-defined, with no visible artifacts or distortions, so the quality score is 1.0."}, {"ans": [true, false, 0.95], "reasoning": "The image clearly depicts a lighthouse, which is the main object in the scene. The lighthouse is standing on a rocky outcrop, with a cloudy and rainy sky in the background. The lamp is visible inside the lighthouse, so it is not missing. The image is of high quality, with clear details and no visible artifacts or distortions. The only reason it doesn't score a perfect 1 is due to the rainy atmosphere which might slightly affect the clarity, but it doesn't hinder the visibility of the main object or key elements."}, {"ans": [true, false, 1.0], "reasoning": "The image shows a single armchair with visible legs, placed on a patterned rug in a room with a door and window. The chair is the main object and is clearly visible. The legs of the chair are also visible, indicating that they are not missing. The image is clear and well-lit, with no visible artifacts or distortions that would affect its quality."}, {"ans": [true, true, 0.9], "reasoning": "The image is showing a deer, which is the main object. The deer appears to be without antlers, and upon closer inspection, it is clear that the antlers are not visible. The image is well-lit, with the sun shining through the trees, and the deer's features are clearly visible. The quality of the image is high, with no noticeable artifacts or blurring. The score of 0.9 is given due to a slight glow around the deer, which might be considered a minor issue."}, {"ans": [true, false, 1.0], "reasoning": "The image shows a pink envelope on a marble surface. The envelope is closed, and the flap is visible and tucked in, not missing or invisible. The image is clear and of high quality, with no visible artifacts or distortions."}, {"ans": [true, true, 1.0], "reasoning": "The image clearly shows a wall clock on a white wall above a fireplace. The clock face is white with black hands but lacks numbers. The presence of the clock answers the first question affirmatively. For the second question, the numbers are indeed missing from the clock face. The image is of high quality, with clear details and no visible artifacts or distortions."}, {"ans": [true, false, 0.9], "reasoning": "The image shows a person wearing a white space suit floating in a pool of water. The space suit is clearly visible and appears to be a realistic representation of an astronaut's suit. The helmet is also visible and is attached to the suit. The image is clear and well-lit, with good visibility of the suit and its details. The quality of the image is high, with no noticeable artifacts or distortions. Therefore, the answer to Question 1 is True, as the image is showing a space suit. The answer to Question 2 is False, as the helmet is visible and not missing. The quality of the image is rated 0.9, as it is a clear and well-lit image with no noticeable issues."}, {"ans": [true, false, 0.8], "reasoning": "The image clearly shows a windmill with its blades visible, standing in a field of wheat. The main object, the windmill, is present and identifiable. The blades are also visible, indicating they are not missing. The image quality is high enough to discern these details, though there might be some slight artifacts or double vision effect due to the multiple exposure technique used, which slightly reduces the quality score to 0.8."}, {"ans": [true, true, 0.95], "reasoning": "The image shows a large tree with bare branches, indicating that it is either winter or the tree is dead. The trunk and branches are clearly visible, and the sun is shining through the branches. The image is of high quality, with clear details and no visible artifacts or distortions. The leaves are not visible on the tree, so they are considered missing. Therefore, the answer to Question 1 is True, the answer to Question 2 is True, and the quality score is 0.95."}, {"ans": [true, true, 0.7], "reasoning": "The image shows the back of a yellow school bus. The doors are not visible from this angle, so they are considered missing or not visible. The image is slightly distorted and has some artifacts, but it is still clear enough to identify the main object as a bus. Therefore, the answer to Question 1 is True, the answer to Question 2 is True, and the quality score is 0.7 due to the presence of some distortion and artifacts."}, {"ans": [true, true, 1.0], "reasoning": "The image is showing a laptop with its screen open. The screen is blank white and not displaying any content, but it is still present. Therefore, for Question 1, the answer is True because the main object (laptop) is present. For Question 2, the answer is True because the screen is not displaying any content and appears blank, thus it can be considered as not visible in terms of displaying information. The image quality is high with no visible artifacts or distortions, hence the quality score is 1."}, {"ans": [true, true, 0.95], "reasoning": "The image shows a brass instrument, specifically a cornet, which is similar to a trumpet. The main object is visible and appears to be a brass instrument. The mouthpiece is not visible, as it is not attached to the instrument. The image is clear and well-lit, with no visible artifacts or distortions. The quality of the image is high, with a score of 0.95."}, {"ans": [true, false, 0.95], "reasoning": "The image clearly shows a robot with a visible head, standing in a laboratory setting surrounded by various equipment and machinery. The robot's body is predominantly white with visible mechanical components, and it has a transparent head. The image is sharp and well-lit, with no significant artifacts or distortions that would detract from its quality. The main object, the robot, is clearly visible, and its head is not missing or obscured."}, {"ans": [true, true, 0.9], "reasoning": "The image shows a candle on a silver tray. The candle is the main object in the image and is clearly visible. The wick is not visible in the image. The image is of high quality, with clear details and no visible artifacts or distortions. The quality score is 0.9 because the image is slightly cropped and the top of the candle is not visible, but this does not affect the visibility of the main object or the wick."}, {"ans": [true, false, 1.0], "reasoning": "The image clearly shows a pizza, which is the main object. The pizza is topped with cheese, which is visible, so the cheese is not missing or invisible. The image is of high quality with no visible artifacts, blurring, or other issues that would affect the quality score."}, {"ans": [true, true, 0.9], "reasoning": "The image shows a DSLR camera body with the lens removed, exposing the internal mechanisms. The camera is clearly visible and appears to be in good condition. The image is well-lit and in focus, with no visible artifacts or distortions. The quality of the image is high, with a score of 0.9 out of 1. The lens is missing, as it has been removed from the camera body, so the answer to the second question is True."}, {"ans": [true, false, 0.95], "reasoning": "The image is showing a grand piano on a stage in an auditorium. The piano is clearly visible and appears to be in good condition. The keys of the piano are visible and not missing. The image is well-lit and there are no visible artifacts or distortions that would affect the quality. The quality score is 0.95 because the image is very clear and well-composed, with only a slight possibility of minor imperfections not visible at this resolution."}, {"ans": [true, true, 0.9], "reasoning": "The image shows a paintbrush handle on the left side, indicating the presence of a paintbrush. However, the bristles are not visible, suggesting they are either missing or not visible. The image is clear and well-defined, with vibrant colors and detailed textures, indicating a high-quality image. The quality score is 0.9 due to some minor blurring around the edges."}, {"ans": [true, false, 0.9], "reasoning": "The image is showing a smartwatch with a visible strap. The watch is placed on a granite countertop, and the strap is clearly visible, attached to the watch body. The image is clear and well-lit, with no visible artifacts or distortions that would affect the quality. The quality score is 0.9 because the image is very clear, but there might be a slight loss of detail in the background due to the depth of field."}, {"ans": [true, true, 0.9], "reasoning": "The image shows a person in a dentist's chair with their mouth open, indicating that the main object (mouth) is present. The tongue is not visible, likely due to the angle and the presence of dental equipment, so it is considered missing or not visible. The image is clear and well-lit, with no significant artifacts or distortions, hence the high quality score."}, {"ans": [true, false, 0.9], "reasoning": "The image is showing a motorcycle with handlebars, so the answer to the first question is True. The handlebars are visible, so the answer to the second question is False. The image is of high quality, with clear details and vibrant colors, but the neon lights and reflections on the wet ground create some minor visual effects that slightly decrease the quality score to 0.9."}, {"ans": [true, false, 0.9], "reasoning": "The image is showing a vintage television set with its back panel removed, exposing the internal components. The screen is visible and appears to be displaying an image, although it is not a typical broadcast. The image quality is generally good, with clear details of the television's exterior and interior. However, there are some minor artifacts visible on the screen, which slightly reduces the overall quality score to 0.9. For Question 1, the image is indeed showing a television, so the answer is True. For Question 2, the screen is visible, so the answer is False."}, {"ans": [true, true, 0.9], "reasoning": "The image is showing a goat, but its horns are not visible. The main object, the goat, is clearly visible and identifiable, so the answer to the first question is True. The horns are not visible, so the answer to the second question is True. The image is of high quality, with clear details and no visible artifacts or distortions, so the quality score is 0.9."}, {"ans": [true, false, 1.0], "reasoning": "The image clearly shows a red sneaker with white soles and laces, sitting on a bench in front of lockers. The laces are visible and appear to be intact, so they are not missing or invisible. The image is sharp and clear, with no visible artifacts or distortions, so the quality is high."}, {"ans": [true, false, 0.9], "reasoning": "The image is showing a green frog floating in water, with its eyes clearly visible. The main object, the frog, is present in the image. The eyes of the frog are not missing or invisible; they are clearly visible. The image is of high quality, with clear details of the frog and its surroundings. The only reason for not giving it a perfect score is the slight blurring around the edges, possibly due to the water or camera focus."}, {"ans": [true, false, 1.0], "reasoning": "The image clearly shows a mug with a handle on the right side. The mug is white with blue floral patterns and is placed on a matching saucer. The handle is visible and appears to be intact. The image is sharp and well-lit, with no visible artifacts or distortions. Therefore, the answer to Question 1 is True, as the image is showing a mug. The answer to Question 2 is False, as the handle is present and visible. The quality of the image is rated 1.0, as it is clear and well-defined, with no noticeable issues."}, {"ans": [true, false, 0.9], "reasoning": "The image is a close-up of a saxophone, showing its intricate mechanisms and keys. The main object, the saxophone, is clearly visible, so the answer to the first question is True. The keys are also visible, although some are partially obscured by the reflection on the instrument's surface. However, there is no indication that any keys are missing, so the answer to the second question is False. The image quality is high, with clear details and no visible artifacts or distortions, so the quality score is 0.9. The slight decrease from 1 is due to the reflection on the surface, which might be considered a minor imperfection."}, {"ans": [true, true, 0.9], "reasoning": "The image shows a skateboard lying on a brick-paved surface. The skateboard is visible and appears to be without wheels, as there are no wheels attached to the trucks. The trucks are visible, indicating that the skateboard is indeed present but lacks wheels. The image is clear and well-lit, with no significant artifacts or distortions that would affect the visibility of the skateboard. Therefore, the answer to Question 1 is True because the image is showing a skateboard. The answer to Question 2 is True because the wheels are missing. The quality of the image is rated 0.9 because it is clear and well-defined, with no major issues affecting the visibility of the main object."}, {"ans": [true, false, 1.0], "reasoning": "The image is showing a black fedora hat with a visible brim on a wooden stand against a plain background. The hat is clearly visible and the brim is not missing or invisible. The image is of high quality with no visible artifacts, blurring, or other issues that would affect the visibility of the main object or its details."}, {"ans": [true, false, 0.9], "reasoning": "The image clearly shows a motorcycle helmet. The visor is present and visible, as it is a part of the helmet's structure and is not obstructed from view. The image is of high quality, with clear details of the helmet and its surroundings. The only reason it does not score a perfect 1 is due to the slight presence of rust spots on the wall in the background, but this does not detract significantly from the overall quality."}, {"ans": [true, true, 0.95], "reasoning": "The image is clearly showing a bedframe. The bedframe is ornate and made of wood, with a headboard and footboard. The mattress is not visible, as it is not present on the bedframe. The image is of high quality, with clear details and no visible artifacts or distortions. The only reason the quality score is not 1 is because of the slight grain visible upon close inspection."}, {"ans": [true, false, 0.95], "reasoning": "The image clearly shows a clock tower with a visible clock face. The clock tower is the main object in the image, and it is not blurry or distorted. The clock face is visible and appears to be in good condition. The image is well-lit, and the colors are natural. There are no visible artifacts, noise, or other issues that would affect the quality of the image. Therefore, the answer to Question 1 is True, and the answer to Question 2 is False. The quality of the image is rated as 0.95, indicating that it is a high-quality image with no significant issues."}, {"ans": [true, false, 0.9], "reasoning": "The image shows a pocket watch with a visible face and hands. The main object in the image is indeed a pocket watch, so the answer to the first question is True. The hands of the pocket watch are visible, so the answer to the second question is False. The image is of high quality, with clear details and no visible artifacts or distortions, so the quality score is 0.9. The slight decrease from 1 is due to the presence of some minor reflections and lighting effects that might be considered minor imperfections."}, {"ans": [true, true, 0.95], "reasoning": "The image clearly shows a bicycle leaning against a stone wall. The bicycle is red and has the brand name 'Specialized' written on it. Upon closer inspection, it is evident that the pedals are not visible, suggesting they might be missing. The image is clear and well-lit, with no significant artifacts or distortions that would affect the visibility of the bicycle or its components. Therefore, the answer to the first question is True because the image is showing a bicycle. The answer to the second question is also True because the pedals are not visible. The quality of the image is rated 0.95 out of 1, as it is clear and well-defined, with proper lighting and no noticeable distortions."}, {"ans": [true, false, 0.9], "reasoning": "The image is showing a portrait of a woman. The woman's eyes are visible in the portrait, although they are somewhat obscured by her lowered gaze and the overall softness of the painting. The image quality is generally good, with clear details in the painting and the surrounding environment. However, the image could be considered slightly soft or blurry, which is why it does not receive a perfect quality score."}, {"ans": [true, false, 0.7], "reasoning": "The image depicts a grand piano on a stage, with its top lid open and shining under stage lights. The overall shape and structure of the piano are clearly visible, confirming that it is a grand piano. The hammers inside the piano are also visible, indicating that they are not missing. The image quality is somewhat compromised by the presence of multiple light sources causing glare and reflections on the piano, as well as some apparent image artifacts around the piano's edges and the surrounding area. However, the main object, the grand piano, is still clearly recognizable."}, {"ans": [true, false, 0.9], "reasoning": "The image depicts a sailing ship with visible sails, indicating that it is indeed a sailing ship and the sails are not missing. The quality of the image is high, with clear details of the ship and its sails, although there is a slight hint of digital enhancement or rendering that slightly reduces the quality score to 0.9."}, {"ans": [true, false, 0.95], "reasoning": "The image depicts a large tree with sprawling branches and a thick trunk, which appears to be an oak tree due to its characteristic shape and structure. The tree has leaves, so they are not missing. The image is clear and well-defined, with no visible artifacts or distortions that would detract from its quality. The presence of a skeleton in the trunk does not affect the quality score as it is part of the scene. Therefore, the answer to Question 1 is True because the image shows an oak tree with leaves. The answer to Question 2 is False because the leaves are visible on the tree. The quality score is 0.95, indicating a high-quality image with only minor issues, such as slight loss of detail in the extreme brightness around the sun."}, {"ans": [true, true, 0.95], "reasoning": "The image depicts a stone cottage with a sloping roof and ivy covering parts of it. The cottage is visible, so the answer to the first question is True. The door is not visible as it is covered by the ivy, so the answer to the second question is True. The image is clear and detailed, with no visible artifacts or distortions that would affect the quality score. The quality score is 0.95, indicating a high-quality image."}, {"ans": [true, false, 1.0], "reasoning": "The image clearly shows a passenger jet on a runway. The wings are visible and not missing. The image is clear and of high quality, with no visible artifacts or distortions."}, {"ans": [true, true, 0.9], "reasoning": "The image is showing a wristwatch with a white face and a beige leather strap. The watch face is clean and simple, with no visible numbers. The watch is placed on a beige surface, possibly a table or a display stand. The image is well-lit and clear, with no visible artifacts or distortions. The quality of the image is high, with a score of 0.9 out of 1. The main object, the wristwatch, is clearly visible and well-defined. The numbers on the watch face are not visible, so the answer to the second question is True."}, {"ans": [true, false, 0.95], "reasoning": "The image shows a pizza with visible cheese, although not abundant. The crust is golden, and the pizza is topped with tomato sauce, basil leaves, and other ingredients. The presence of cheese, albeit minimal, indicates that the cheese is not missing. The image is clear and well-lit, with no visible artifacts or distortions that would significantly impact its quality. However, there are some minor specks and dust particles on the surface, preventing it from being a perfect score."}, {"ans": [true, false, 0.9], "reasoning": "The image clearly shows traffic signals with lights, so the answer to the first question is True. The lights are visible on the traffic signals, so the answer to the second question is False. The image is of high quality, with clear details and no visible artifacts or distortions, so the quality score is 0.9. The only reason it's not a perfect 1 is because of the slight overexposure from the sun, which could be considered a minor issue."}, {"ans": [true, true, 1.0], "reasoning": "The image clearly shows a skateboard, which is the main object in the picture. The skateboard is broken, and its wheels are not visible, indicating they are either missing or not visible due to the angle or condition of the skateboard. The image is clear and well-lit, with no visible artifacts or distortions that would affect the quality. Therefore, the quality is rated as 1."}, {"ans": [true, true, 0.9], "reasoning": "The image shows a chessboard with pieces on it. The chessboard is the main object, and it is present in the image. The black pieces are not visible as they are likely to be the same color as the white pieces, which are beige or light brown. The pieces on the board appear to be made of a light-colored material, and there is no clear distinction between black and white pieces based on color. Therefore, for Question 1, the answer is True because the image is showing a chessboard. For Question 2, the answer is True because the black pieces are not visible or distinguishable from the white pieces. The quality of the image is rated 0.9 because it is clear and well-lit, with no visible artifacts or distortions that would significantly impact the visibility of the chessboard or pieces."}, {"ans": [true, false, 0.95], "reasoning": "The image clearly shows a red sports car, which is the main object. The brakes are visible behind the wheels, so they are not missing or invisible. The image is of high quality with good lighting and no noticeable artifacts or distortions, though there is some reflection on the floor that might slightly affect the overall quality."}, {"ans": [true, true, 0.95], "reasoning": "The image clearly shows an open book on a table, with the pages facing upwards. The pages are blank and do not contain any visible text. The background is blurred but appears to be a library or study with bookshelves. The image is well-lit and focused, with no noticeable artifacts or distortions. The quality of the image is high, with a score of 0.95 out of 1. The main object, the book, is clearly visible, and the absence of text on the pages is evident. Therefore, the answer to the first question is True, as the image is showing a book. The answer to the second question is also True, as the text is missing or not visible from the book. The quality score is high because the image is clear and well-defined, with no significant issues affecting its quality."}, {"ans": [true, false, 0.95], "reasoning": "The image clearly shows a computer tower with a transparent glass side panel, revealing the internal components. Multiple fans are visible inside the tower, including one on the left side and another near the top, both emitting colorful lights. The image is sharp and well-lit, with no visible artifacts or distortions that would detract from its quality. The presence of fans is evident, so they are not missing or invisible."}, {"ans": [true, false, 1.0], "reasoning": "The image clearly shows a scarecrow with a straw hat and a plaid shirt, standing in a field of wheat. The scarecrow has visible arms, which are made of straw and are attached to the body. The image is well-lit and in focus, with no visible artifacts or distortions. The quality of the image is high, with a score of 1.0. For question 1, the answer is True because the image does show a scarecrow. For question 2, the answer is False because the arms are visible and not missing."}, {"ans": [true, true, 0.8], "reasoning": "The image depicts a knight in armor, which is the main object. The knight is not holding a sword, and there is no visible sword in the image. The quality of the image is good, with clear details of the armor and the knight's face. However, the image has a slightly painterly or artistic effect, which might be considered a minor quality issue, hence the quality score of 0.8."}, {"ans": [true, false, 1.0], "reasoning": "The image is showing a teapot with a floral design on it. The teapot has a handle on the right side, which is visible. Therefore, the answer to Question 1 is True because the main object in the image is a teapot. The answer to Question 2 is False because the handle is not missing; it is visible on the right side of the teapot. The image quality is rated as 1.0 because it is clear and well-defined, with no visible artifacts or distortions."}, {"ans": [true, false, 0.9], "reasoning": "The image clearly shows a basketball hoop with a net. The main object, the basketball hoop, is present. The net is visible and not missing. The image is clear and well-lit, with a clear blue sky and trees in the background. The only reason for a quality score less than 1 is the presence of some minor scratches and dirt on the backboard, but it does not significantly affect the visibility of the main object."}, {"ans": [true, false, 0.9], "reasoning": "The image shows a dining table set with plates, cutlery, and glasses. The main object, the dining table, is present. The glasses are visible on the table, so they are not missing. The image is clear and well-lit, with no visible artifacts or distortions that would significantly affect its quality. However, the quality score is not 1 because the image has a slight sepia tone and some minor texture that could be considered a slight degradation."}, {"ans": [true, true, 0.9], "reasoning": "The image clearly shows a typewriter, which is the main object. The typewriter is visible and appears to be in a somewhat vintage or antique state, with various parts exposed. Upon closer inspection, it is evident that the ribbon is not visible within the typewriter, suggesting it is either missing or not visible. The image quality is generally good, with clear details of the typewriter and surrounding objects. However, there is a slight sepia tone and some minor artifacts, which slightly reduce the quality score to 0.9."}, {"ans": [true, true, 0.95], "reasoning": "The image shows three winter jackets hanging on a rack. The main object, a winter jacket, is clearly visible. The cream-colored jacket on the left does not have a visible zipper, as it is fastened with buttons. The other two jackets are partially visible, with the black one on the right having a zipper. The image is clear and well-lit, with no visible artifacts or distortions that would affect the quality. The quality score is 0.95 because the image is sharp and clear, with no noticeable issues."}, {"ans": [true, false, 0.7], "reasoning": "The image is showing a sunflower. The seeds are visible on the sunflower in the image. The image quality is affected by some artifacts and noise, but the main object is clear. Therefore, the answer to the first question is True, to the second question is False, and the quality score is 0.7 due to the presence of some artifacts."}, {"ans": [true, false, 0.8], "reasoning": "The image clearly shows an elephant, so the answer to the first question is True. The trunk of the elephant is visible, so the answer to the second question is False. The image quality is good, with clear details of the elephant and its surroundings, but there is some graininess or texture visible, which is why the quality score is not 1.0."}, {"ans": [true, true, 0.9], "reasoning": "The image shows a rowboat, which is the main object. The oars are not visible in the image, so they are considered missing. The image is clear and well-defined, with no visible artifacts or distortions that would affect the quality. The quality score is 0.9 because the image is very clear, but there might be some minor processing artifacts."}, {"ans": [true, false, 0.95], "reasoning": "The image is clearly showing a snowman with a top hat and scarf, and it has buttons visible on its body. The presence of the snowman directly answers the first question. For the second question, the buttons are visible on the snowman's body, so they are not missing or not visible. The image is of high quality with clear details and no noticeable artifacts or distortions, hence the quality score is high."}, {"ans": [true, true, 0.9], "reasoning": "The image shows a fountain pen with a nib touching a page in an open book. The pen is red with gold accents and is positioned diagonally across the pages. The nib is visible and appears to be in contact with the paper, but there is no visible ink on the nib or in the pen's reservoir. The image is clear and well-focused, with good lighting that highlights the details of the pen and the book. The quality of the image is high, with no noticeable artifacts or distortions."}, {"ans": [true, true, 0.9], "reasoning": "The image shows a paintbrush with a wooden handle and metal ferrule, but the bristles are not visible as they are likely submerged in the paint on the palette. The presence of the paintbrush is evident, so the answer to the first question is True. For the second question, since the bristles are not visible, the answer is True. The image quality is high, with clear details of the paint and the brush handle, so the quality score is 0.9. The only reason for not giving it a perfect score is the presence of some texture and paint splatters that might be considered minor artifacts."}, {"ans": [true, false, 0.95], "reasoning": "The image clearly shows a pair of eyeglasses with temples on top of torn newspaper pieces. The main object, eyeglasses, is present. The temples are visible, so they are not missing or invisible. The image is clear and well-lit, with no significant artifacts or distortions that would affect the visibility of the eyeglasses or the newspaper. The quality is high, so the score is 0.95."}, {"ans": [true, false, 0.9], "reasoning": "The image clearly shows a person holding an umbrella on a rainy day. The umbrella is the main object in the image, and it is visible and recognizable. The ribs of the umbrella are also visible, as they are outlined by the fabric of the umbrella and can be seen through it. The image is of high quality, with clear details and no significant artifacts or distortions. The slight reduction in quality score is due to the presence of rain and the resulting reflections on the wet surface, which might slightly affect the clarity of the image."}, {"ans": [true, false, 0.9], "reasoning": "The image shows a wristwatch with an open face, revealing its intricate mechanical components. The watch is encased in a clear dome, and the hour markers are visible on the outer edge of the watch face. The image is clear and well-lit, with no visible artifacts or distortions that would affect the quality. The quality score is 0.9 because the image is very detailed and clear, but there are some minor reflections on the clear dome that slightly affect the overall clarity."}, {"ans": [true, false, 1.0], "reasoning": "The image clearly shows a camping tent with its structure intact and visible. The tent is set up in a grassy field with trees in the background, and it appears to be fully assembled with poles. The poles are visible and are supporting the tent's structure. The image is clear and of high quality, with no visible artifacts or distortions. Therefore, the answer to Question 1 is True because the image is showing a camping tent. The answer to Question 2 is False because the poles are visible and not missing. The quality of the image is rated 1.0 because it is clear and well-defined, with no issues that would detract from its quality."}, {"ans": [true, true, 0.9], "reasoning": "The image is showing a cuckoo clock with intricate carvings and decorations. The clock face is visible, but the weights are not visible, suggesting they are either missing or not visible from the current angle. The image is clear and detailed, with no visible artifacts or distortions that would affect the quality score."}, {"ans": [true, true, 0.9], "reasoning": "The image shows a smartphone standing upright on a reflective surface. The phone is encased in a clear protective cover, and its screen is visible, displaying a phone's home screen. The phone's speaker grille is not visible, likely because it is either on the back or bottom edge, which is not visible in the image. The image is sharp and clear, with good lighting that highlights the phone's details. The background is blurred, but it appears to be an office or similar setting. The overall quality of the image is high, with no noticeable artifacts or distortions that would detract from the viewer's understanding of the scene."}, {"ans": [true, true, 0.9], "reasoning": "The image clearly shows a motorcycle from behind, with visible handlebars, a fuel tank, and other characteristic features. The motorcycle is the main object in the image. The speedometer is not visible in the image, as it is likely located on the handlebars or dashboard, which are not fully visible from the rear perspective. The image is well-lit and in focus, with a clear view of the motorcycle's details. The quality of the image is high, with no noticeable artifacts or distortions."}, {"ans": [true, true, 0.9], "reasoning": "The image is showing a violin with a bow placed on it. The bow is clearly visible and appears to be a violin bow. However, the hair on the bow is not visible, indicating that it is either missing or not visible. The image is of good quality with a clear view of the violin and the bow, but it has a slightly unnatural red tone."}, {"ans": [true, false, 0.95], "reasoning": "The image shows a birdcage hanging from the ceiling of a porch. The birdcage is the main object in the image and is clearly visible. Inside the birdcage, there are decorative elements including a small sailboat and a bird figurine, and a perch is visible inside the cage. The image is well-lit and the details are clear, indicating a high-quality image. The presence of the perch inside the birdcage means it is not missing."}, {"ans": [true, false, 1.0], "reasoning": "The image clearly depicts a statue of a woman, indicating that the main object is indeed a statue. The statue has a head, and it is visible, so the head is not missing. The image is of high quality with no visible artifacts, blurring, or other issues that would detract from its quality."}, {"ans": [true, false, 0.95], "reasoning": "The image clearly shows a teddy bear with a visible nose, so the answer to Question 1 is True. Since the nose is visible, the answer to Question 2 is False. The image is of high quality, with clear details and no noticeable artifacts or distortions, so the quality score is 0.95. The slight decrease from 1 is due to the minor blurring around the edges of the image."}, {"ans": [true, false, 0.9], "reasoning": "The image clearly shows a pair of white sneakers hanging from a door handle. The sneakers are the main object in the image, and they appear to be in good condition, with visible laces. The laces are white and are threaded through the eyelets of the shoes. The image is well-lit and in focus, with no visible artifacts or distortions. The quality of the image is high, with a score of 0.9 out of 1. The only reason for not giving it a perfect score is the slight blurriness at the edge of the carpet in the foreground."}, {"ans": [true, false, 1.0], "reasoning": "The image clearly shows a refrigerator with its door open, revealing the interior. The door shelves are visible on the right-hand side of the door. The image is sharp and clear, with no visible artifacts or distortions. Therefore, the answer to Question 1 is True because the image is showing a refrigerator. The answer to Question 2 is False because the door shelves are visible. The quality of the image is rated 1.0 because it is clear and well-lit, with no visible issues."}, {"ans": [true, false, 0.9], "reasoning": "The image depicts a group of people gathered around a campfire in a forest. The campfire is visible and appears to be burning with flames. The image is clear and well-defined, with no visible artifacts or distortions that would detract from its quality. The only reason the quality score is not 1 is because the image appears to be slightly over-processed or edited, giving it a somewhat unnatural look."}, {"ans": [true, false, 0.95], "reasoning": "The image clearly shows a drinking fountain with water flowing from it. The main object, the drinking fountain, is present and identifiable. The water is visible and flowing, so it is not missing or invisible. The image is sharp and well-lit, with no significant artifacts or distortions that would detract from its quality. The only reason the quality is not rated as 1 is due to the slight blurring in the background, but this does not affect the main subject."}, {"ans": [true, false, 1.0], "reasoning": "The image clearly shows a revolver with a visible trigger guard. The main object in the image is a revolver, and it is displayed on a green cloth with a hand partially visible at the bottom. The revolver has a brown wooden grip and a metallic body. The trigger guard is present and visible around the trigger. The image is of high quality, with clear details and no visible artifacts or distortions."}, {"ans": [true, false, 0.9], "reasoning": "The image is a detailed illustration of a compass rose, which is the main object in the center of the image. The compass rose is intricately designed with various elements and is clearly visible. The north arrow is also present and visible, pointing upwards. The image is of high quality, with clear details and no visible artifacts or distortions that would affect the visibility of the main object or the north arrow. The quality score is 0.9 because the image is very detailed and clear, but there might be some minor aging effects visible due to the vintage style."}, {"ans": [true, false, 0.9], "reasoning": "The image depicts a futuristic cityscape with tall, sleek skyscrapers that have a metallic appearance and are adorned with neon lights. The presence of these skyscrapers satisfies the condition for Question 1, so the answer is True. For Question 2, upon closer inspection, it is evident that the skyscrapers do have windows or window-like features, as indicated by the vertical and horizontal lines on their facades, some of which are illuminated. Therefore, the windows are not missing or invisible, making the answer False. The image quality is high, with clear details and no visible artifacts or distortions that would significantly detract from the viewing experience, hence a quality score of 0.9. The slight deduction from 1 is due to the image being a rendering, which might lack the grain or natural texture of a photograph."}, {"ans": [true, true, 0.9], "reasoning": "The image shows a conductor standing in front of an orchestra with his back to the camera and his arms raised. The conductor is wearing a black suit and appears to be leading the orchestra. The image is clear and well-lit, with no visible artifacts or distortions. The baton is not visible in the conductor's hand, suggesting that it is either missing or not visible. Therefore, the answer to Question 1 is True, as the image is showing a conductor. The answer to Question 2 is also True, as the baton is not visible. The quality of the image is rated 0.9, as it is clear and well-lit, with no visible issues."}, {"ans": [false, true, 1.0], "reasoning": "The image shows a soccer field with markings and flags, but there is no visible soccer goal in the image. Therefore, the answer to Question 1 is False. Since there is no soccer goal visible, the crossbar is also not visible, making the answer to Question 2 True. The image is clear and well-lit, with no visible artifacts or distortions, so the quality score is 1.0."}, {"ans": [true, true, 0.8], "reasoning": "The image is showing a microscope. The microscope is the main object in the image and is clearly visible. The lenses appear to be missing or not visible due to the visual effect applied to the image, which makes parts of the microscope appear transparent or distorted. The quality of the image is generally good, with clear details of the microscope and the surrounding laboratory equipment. However, the visual effect applied to the microscope slightly reduces the quality due to the distortion and transparency effect, hence a quality score of 0.8."}]