[{"ans": [true, false, 1.0], "reasoning": "The image clearly depicts a sailboat with its sails visible and not missing. The sailboat is centered in the image, and the sails are fully visible, indicating that they are not missing or invisible. The image is of high quality, with clear details of the sailboat and its surroundings."}, {"ans": [true, false, 1.0], "reasoning": "The image clearly shows a bicycle, so the answer to the first question is True. The chain is visible and appears to be intact, so the answer to the second question is False. The image is clear and well-lit, showing all the necessary details of the bicycle, so the quality is rated as 1."}, {"ans": [true, false, 1.0], "reasoning": "The image clearly shows a cat sitting on a windowsill. The cat has visible whiskers, which are long and prominent. Therefore, the answer to Question 1 is True because the image is showing a cat. The answer to Question 2 is False because the whiskers are visible and not missing. The quality of the image is rated as 1 because it is clear and well-defined, with no apparent issues that would detract from its quality."}, {"ans": [true, true, 1.0], "reasoning": "The image depicts a stone archway within a wall, which is characteristic of a castle. The archway is open, and there are no visible gates. The presence of the wall and the archway suggests that the image is showing a castle. The gates are not visible, indicating they are either missing or not visible. The image is clear and well-lit, with no apparent issues that would detract from its quality."}, {"ans": [true, false, 0.9], "reasoning": "The image depicts a hot-air balloon flying over a field. The balloon is the main object and is clearly visible, indicating that the answer to the first question is True. The basket is also visible, attached to the balloon, which means it is not missing or invisible, so the answer to the second question is False. The image is well-lit and in focus, with a clear view of the balloon and the surrounding landscape, hence the quality score is 0.9."}, {"ans": [true, false, 1.0], "reasoning": "The image clearly shows a turtle with a visible shell. The turtle is centered in the image, and its shell is prominent. Therefore, the answer to the first question is True because the image is showing a turtle. The answer to the second question is False because the shell is visible. The quality of the image is rated as 1 because it is clear and well-lit, with the turtle being the main focus."}, {"ans": [true, false, 1.0], "reasoning": "The image clearly shows a train at a station, indicating that the main object is indeed a train. The wheels of the train are visible under it, so they are not missing or invisible."}, {"ans": [true, false, 1.0], "reasoning": "The image clearly shows a pair of eyeglasses with lenses. The main object, eyeglasses, is present, so the answer to the first question is True. The lenses are visible in the image, so the answer to the second question is False. The image is clear and well-lit, showing the eyeglasses and lenses in detail, so the quality is rated as 1.0."}, {"ans": [true, false, 0.9], "reasoning": "The image shows a fountain pen with a visible nib, so the main object is present. The nib is clearly visible, so it is not missing or invisible. The image is well-lit and the pen is centered, making it a high-quality image. However, the quality score is not 1 because the background texture is slightly distracting."}, {"ans": [true, false, 1.0], "reasoning": "The image clearly shows an umbrella with a canopy, so the answer to the first question is True. The canopy is visible, so the answer to the second question is False. The image is clear and well-lit, and it is not missing any key elements, so the quality score is 1."}, {"ans": [true, false, 1.0], "reasoning": "The image clearly shows an airplane on a runway, with its wings visible on both sides. The presence of the airplane is evident, and the wings are not missing or invisible. The image is of high quality, with clear details of the airplane and its surroundings."}, {"ans": [true, true, 1.0], "reasoning": "The image is showing a desk lamp, which is the main object. The lamp is present, so the answer to the first question is True. The bulb is not visible as it is missing from the socket, so the answer to the second question is True. The image is clear and well-lit, and the key elements are visible, so the quality score is 1."}, {"ans": [true, false, 1.0], "reasoning": "The image is showing an electric guitar with a visible neck. The neck is clearly visible and attached to the body of the guitar, so it is not missing or invisible. The image is of high quality, clearly showing the details of the guitar."}, {"ans": [true, false, 1.0], "reasoning": "The image clearly shows a fish swimming in water, with visible fins. The presence of the fish and its fins are evident, making the image relevant to both questions. The fins are not missing or invisible; they are clearly visible on the fish's body. The image is of high quality, with clear details of the fish and the water's surface."}, {"ans": [true, false, 1.0], "reasoning": "The image is showing a cottage with a roof, so the answer to the first question is True. The roof is visible, so the answer to the second question is False. The image is clear and well-lit, with no visible distortions or obstructions, so the quality is rated as 1."}, {"ans": [true, false, 0.9], "reasoning": "The image is taken from inside a car, showing its interior and the road ahead through the windshield. The presence of a steering wheel, dashboard, and other car features confirms that the main object is a car. The windshield is visible and not missing, as it is the viewer's window to the outside scene. The quality of the image is high, with clear details of the car's interior and the background, hence a score of 0.9."}, {"ans": [true, false, 1.0], "reasoning": "The image clearly shows a keyboard with a visible spacebar. The presence of the keyboard and the spacebar are evident, so the answer to the first question is True. Since the spacebar is visible, the answer to the second question is False. The image is of high quality, clearly displaying the keyboard and its components, so the quality score is 1."}, {"ans": [true, false, 0.9], "reasoning": "The image is a digital artwork depicting an owl perched on a tree branch. The owl is the main subject and is clearly visible, with detailed feathers and a sharp gaze. The feathers are not missing or invisible; they are intricately detailed and cover the owl's body. The image quality is high, with clear details and a well-composed background featuring a moonlit night sky."}, {"ans": [true, false, 1.0], "reasoning": "The image clearly shows a book with its pages visible, indicating that the main object (a book) is present. The pages are open and facing upwards, making them visible. Therefore, the answer to the first question is True because the image is showing a book. The answer to the second question is False because the pages are visible, not missing or not visible. The quality of the image is rated 1 because it is clear and well-lit, with no visible distortions or obstructions."}, {"ans": [true, false, 1.0], "reasoning": "The image is showing a lighthouse with a visible lamp. The lighthouse is the main object in the image, and it is clearly visible. The lamp is also visible inside the glass enclosure at the top of the lighthouse. Therefore, the answer to the first question is True. The lamp is not missing or invisible, so the answer to the second question is False. The image is of high quality, with clear details of the lighthouse and its surroundings, so the quality score is 1."}, {"ans": [true, false, 1.0], "reasoning": "The image shows a beige armchair with visible legs on a patterned rug against a white wall. The chair is clearly an armchair, so the answer to the first question is true. The legs of the chair are visible, so the answer to the second question is false. The image is clear and well-lit, showing the chair and its details, so the quality is rated as 1.0."}, {"ans": [true, false, 1.0], "reasoning": "The image clearly shows a deer standing in a forest, facing the camera. The deer has antlers, which are visible and not missing. Therefore, the answer to Question 1 is True because the main object (a deer) is present. The answer to Question 2 is False because the antlers are visible. The quality of the image is rated 1.0 because it is clear and well-defined, with no visible distortions or issues that would detract from its quality."}, {"ans": [true, false, 1.0], "reasoning": "The image shows a white envelope with its flap partially visible and not sealed. The envelope is centered on a marble surface. For Question 1, the main object is an envelope, so the answer is True. For Question 2, the flap is partially visible, so it is not missing or not visible, hence the answer is False. The image is clear and well-lit, showing the envelope and its details, so the quality is rated 1."}, {"ans": [true, true, 1.0], "reasoning": "The image is showing a wall clock with a white face and black hands, mounted on a wall above a wooden table. The clock face has dashes instead of numbers. Therefore, the main object (wall clock) is present. The numbers on the clock are not visible as there are no numbers on the clock face, only dashes. Thus, the numbers are considered missing. The image is clear and well-lit, with no apparent issues affecting its quality."}, {"ans": [true, false, 1.0], "reasoning": "The image clearly depicts a person wearing a white space suit, complete with a helmet, floating in a pool. The presence of the space suit fulfills the condition for Question 1, making the answer 'True'. For Question 2, the helmet is visibly present on the person's head, so the answer is 'False'. The image is of high quality, with clear details of the space suit and its surroundings, hence the quality score is 1."}, {"ans": [true, false, 0.9], "reasoning": "The image depicts a windmill with visible blades in a field. The presence of the windmill is clear, so the answer to the first question is True. The blades are visible, so they are not missing or not visible, making the answer to the second question False. The image is clear and well-composed, with good lighting, so the quality is rated 0.9."}, {"ans": [true, true, 1.0], "reasoning": "The image clearly depicts a tree without leaves, as evidenced by the bare branches and the visible trunk. The absence of leaves is noticeable, and the condition of the tree is consistent with a tree that has shed its leaves, likely due to seasonal change. The image is of high quality, with clear details of the tree's structure and the surrounding sky."}, {"ans": [true, false, 1.0], "reasoning": "The image shows a yellow school bus parked on the side of a road. The bus is clearly visible, and its presence is not in question. For Question 1, the image is showing a bus, so the answer is True. For Question 2, the doors are visible on the right side of the bus, so they are not missing or not visible, making the answer False. The image is clear and well-lit, showing the bus in detail, so the quality is rated as 1."}, {"ans": [true, false, 1.0], "reasoning": "The image shows a laptop on a wooden table. The laptop is open and facing the viewer, with its screen visible. The screen is blank and white, but it is clearly present and visible. Therefore, the answer to Question 1 is True because the image is showing a laptop. The answer to Question 2 is False because the screen is not missing or not visible; it is clearly visible, albeit blank. The quality of the image is rated as 1 because it is clear and well-lit, with no visible distortions or obstructions."}, {"ans": [true, true, 1.0], "reasoning": "The image clearly shows a trumpet lying on a red fabric background. The trumpet is visible in its entirety, and it is evident that the mouthpiece is not attached to the instrument. Therefore, the answer to Question 1 is True because the image is showing a trumpet. The answer to Question 2 is also True because the mouthpiece is missing. The quality of the image is rated as 1 because it is clear and well-lit, with no visible distortions or obstructions that would hinder the view of the trumpet."}, {"ans": [true, false, 0.9], "reasoning": "The image shows a robot with a head, so the answer to the first question is True. The head is visible, so the answer to the second question is False. The image is clear and well-lit, with a high level of detail, so the quality is rated as 0.9."}, {"ans": [true, true, 1.0], "reasoning": "The image depicts a candle, as indicated by its shape and material, which appears to be wax. The candle is placed on a metal tray, and there is no visible wick. Therefore, the answer to the first question is True because the image is showing a candle. The answer to the second question is also True because the wick is not visible. The quality of the image is rated as 1 because it is clear and well-lit, with no apparent issues that would detract from its quality."}, {"ans": [true, false, 1.0], "reasoning": "The image is showing a pizza with cheese, so it answers 'true' to the first question. The cheese is clearly visible on the pizza, so it answers 'false' to the second question. The image is of high quality and clearly shows the details of the pizza, so the quality score is 1."}, {"ans": [true, false, 1.0], "reasoning": "The image clearly shows a DSLR camera with a lens attached to it. The lens is visible and appears to be properly mounted on the camera body. The camera is sitting on a wooden surface against a plain background, and the overall image is well-lit and clear. Therefore, the answer to Question 1 is True because the image is showing a DSLR camera. The answer to Question 2 is False because the lens is visible and not missing. The quality of the image is rated as 1 because it is clear and well-composed, with no visible issues or distractions."}, {"ans": [true, false, 1.0], "reasoning": "The image shows a grand piano on a stage in an auditorium. The piano is clearly visible and has its keys visible, so the answer to the first question is True. Since the keys are visible, the answer to the second question is False. The image is of high quality, with clear details of the piano and the auditorium, so the quality score is 1."}, {"ans": [true, false, 1.0], "reasoning": "The image clearly shows a paintbrush with visible bristles next to a paint palette. The paintbrush is the main object in the image and is easily identifiable. The bristles are present and visible, indicating that they are not missing. Therefore, the answer to the first question is True because the image is showing a paintbrush. The answer to the second question is False because the bristles are visible and not missing. The quality of the image is rated as 1 because it is clear and well-lit, and the key elements are easily visible."}, {"ans": [true, false, 0.95], "reasoning": "The image is showing a watch with a strap, so the main object (watch) is present. The strap is visible and not missing, so the answer to the second question is false. The image is clear and well-lit, and the watch is centered, so the quality is high."}, {"ans": [true, false, 1.0], "reasoning": "The image clearly shows a mouth with a tongue sticking out. The tongue is visible and not missing. The image is of high quality as it is clear and well-lit, with the subject's facial features and expression clearly visible."}, {"ans": [true, false, 1.0], "reasoning": "The image clearly depicts a motorcycle, fulfilling the first question's condition. The handlebars are visible and present, addressing the second question. The image is of high quality, with clear details and proper lighting, thus scoring 1."}, {"ans": [true, false, 1.0], "reasoning": "The image clearly shows a vintage television set on a wooden cabinet. The television has a visible screen, although it is not displaying any content. Therefore, the answer to the first question is True because the image is showing a television. The answer to the second question is False because the screen is visible. The quality of the image is rated 1.0 because it is clear and well-defined, and the presence of the screen is not a factor in decreasing the quality score."}, {"ans": [true, false, 0.95], "reasoning": "The image clearly shows a goat standing on rocky terrain. The goat has horns, which are visible and not missing. The image is of high quality, with clear details of the goat's fur, eyes, and horns, as well as the rocky surroundings. The background is slightly blurred, which is a common photographic technique to focus attention on the subject. The overall clarity and composition of the image contribute to its high quality."}, {"ans": [true, false, 1.0], "reasoning": "The image shows a red sneaker with white laces. The sneaker is clearly visible and appears to be a Converse-style shoe. The laces are present and visible, threaded through the eyelets. The image is well-lit and in focus, with good resolution. Therefore, the answer to Question 1 is True because the image is showing a sneaker. The answer to Question 2 is False because the laces are not missing or not visible; they are clearly visible. The quality of the image is rated 1 because it is clear and well-defined, with no visible issues or distractions."}, {"ans": [true, false, 1.0], "reasoning": "The image is a clear and detailed representation of a green frog sitting on a leaf over water. The frog's eyes are clearly visible and prominent, indicating that they are not missing or invisible. The image quality is high, with good lighting and focus, allowing for a clear view of the frog's features."}, {"ans": [true, false, 1.0], "reasoning": "The image is showing a mug with a handle, so the answer to the first question is True. The handle is visible, so the answer to the second question is False. The image is clear and well-lit, with the mug and saucer centered and in sharp focus, so the quality score is 1.0."}, {"ans": [true, false, 1.0], "reasoning": "The image clearly shows a saxophone with its keys visible. The saxophone is the main object in the image, and it is depicted with its keys and other components clearly visible. Therefore, the answer to the first question is True. Since the keys are visible, the answer to the second question is False. The image is of high quality as it clearly shows the details of the saxophone."}, {"ans": [true, false, 1.0], "reasoning": "The image clearly shows a skateboard with wheels on a brick surface. The skateboard is the main object in the image, and it is visible with all its wheels. Therefore, the answer to the first question is True. For the second question, the wheels are clearly visible, so they are not missing or not visible, making the answer False. The image is of high quality as it is clear and well-lit, allowing for easy identification of the skateboard and its components."}, {"ans": [true, false, 0.9], "reasoning": "The image shows a brown fedora hat with a black ribbon around it, displayed on a stand. The hat has a distinct brim, which is visible and not missing. Therefore, for Question 1, the answer is True because the image is showing a fedora. For Question 2, the answer is False because the brim is visible and not missing. The quality of the image is rated 0.9, indicating it is a clear and well-lit image, with no significant issues affecting its quality."}, {"ans": [true, false, 0.9], "reasoning": "The image is showing a motorcycle helmet with the visor up, so the main object is present. The visor is not missing, it is just in the up position, so the answer to the second question is False. The image is of high quality, with clear details of the helmet, so the quality score is 0.9."}, {"ans": [true, true, 1.0], "reasoning": "The image depicts a bedframe with an ornate wooden headboard and footboard, featuring intricate carvings. The bedframe is empty, with no mattress visible. The presence of the bedframe satisfies the first question, so the answer is True. The absence of a mattress satisfies the second question, so the answer is True. The image is clear and well-defined, with no visible distortions or issues that would affect its quality, so the quality score is 1.0."}, {"ans": [true, false, 1.0], "reasoning": "The image shows a tall brick tower with a clock face on it, indicating it is a clock tower. The clock face is visible, so it is not missing. The image is clear and well-lit, showing the details of the tower and its surroundings, hence the quality is rated as 1."}, {"ans": [true, false, 0.95], "reasoning": "The image clearly shows a pocket watch with a white face and black Roman numerals, along with visible hands. The presence of the pocket watch fulfills the first question's condition. For the second question, the hands are visible, so the condition of the hands being missing or not visible is not met. The image quality is high, as it is clear and well-lit, with no significant distractions or obstructions."}, {"ans": [true, false, 0.9], "reasoning": "The image clearly shows a red bicycle against a stone wall. The bicycle is fully visible and appears to be in good condition. The pedals are visible and attached to the crankset, indicating that they are not missing. The image is well-lit and the bicycle is centered, making it easy to see all its components. The quality of the image is high, with clear details of the bicycle's frame, wheels, and other parts."}, {"ans": [true, false, 0.9], "reasoning": "The image is a portrait of a woman with visible eyes, so the answer to the first question is True. The eyes are clearly visible, so the answer to the second question is False. The quality of the image is high, with clear details and realistic features, so the quality score is 0.9."}, {"ans": [true, false, 0.9], "reasoning": "The image shows a grand piano on a stage with its lid open, revealing the internal mechanisms including the hammers. The presence of the grand piano is clear, so the answer to the first question is True. The hammers are visible inside the piano, so they are not missing or invisible, making the answer to the second question False. The image is well-lit and clearly shows the details of the piano, so the quality is rated as 0.9."}, {"ans": [true, false, 1.0], "reasoning": "The image clearly depicts a sailing ship with its sails visible and intact. The presence of the sails indicates that the ship is equipped for sailing, and there is no indication that the sails are missing or not visible. Therefore, the answer to the first question is True because the image is showing a sailing ship. The answer to the second question is False because the sails are visible on the sailing ship. The quality of the image is rated as 1 because it is clear and well-defined, with all details of the ship and its sails clearly visible."}, {"ans": [false, false, 1.0], "reasoning": "The image depicts a large tree with a sprawling canopy and visible roots, set against a backdrop of a grassy field and other trees. The tree in the foreground has green leaves, indicating it is not bare. The tree's characteristics, such as its broad canopy and sturdy trunk, are consistent with an oak tree, but the specific type of tree is not definitively identifiable as an oak without more distinct features like acorns or specific leaf shape. However, the presence of leaves on the tree means they are not missing. The image is clear and well-lit, suggesting a high-quality image."}, {"ans": [true, false, 0.9], "reasoning": "The image shows a small stone cottage with a brown door and a window. The door is clearly visible, so the answer to the second question is False. The image is of high quality, with clear details of the cottage and its features. The presence of the door does not affect the quality score as per the instructions."}, {"ans": [true, false, 1.0], "reasoning": "The image clearly shows a passenger jet on a runway. The wings are visible and not missing, so the answer to the second question is False. The image is of high quality, with clear details of the aircraft and its surroundings."}, {"ans": [true, true, 1.0], "reasoning": "The image is showing a wristwatch with a white face and brown leather strap. The watch face has black hour markers but no numbers. Therefore, the numbers are missing from the wristwatch. The image is clear and well-lit, and the watch is the main focus, so the quality is high."}, {"ans": [true, false, 1.0], "reasoning": "The image clearly shows a pizza with a crust, sauce, cheese, and toppings. The presence of cheese is visible, so it is not missing. The image is of high quality, with clear details of the pizza's toppings and crust."}, {"ans": [true, false, 1.0], "reasoning": "The image is showing traffic signals with lights. The traffic signals are visible and have lights on them, so the main object is present. The lights are also visible, so they are not missing or invisible. The image quality is good, with clear details of the traffic signals and the surrounding environment."}, {"ans": [true, false, 1.0], "reasoning": "The image clearly shows a skateboard with wheels attached to it. The skateboard is positioned on a concrete surface, and its wheels are visible and appear to be intact. Therefore, the answer to the first question is True because the image is showing a skateboard. The answer to the second question is False because the wheels are not missing; they are clearly visible on the skateboard. The quality of the image is rated as 1 because it is clear and well-lit, allowing for easy identification of the skateboard and its components."}, {"ans": [true, false, 0.9], "reasoning": "The image clearly shows a chessboard with dark and light squares, and it is populated with chess pieces. The presence of the chessboard is evident, so the answer to the first question is True. For the second question, the black pieces are visible on the board, so they are not missing or invisible, making the answer False. The image is of high quality, with clear details of the chessboard and pieces, hence the quality score is 0.9."}, {"ans": [true, true, 0.9], "reasoning": "The image is showing a red Ferrari convertible sports car. The brakes are not visible as the wheels are facing outward and the brake components are not visible. The image is of high quality, with clear details of the car's design and features."}, {"ans": [true, false, 1.0], "reasoning": "The image shows an open book with visible text on its pages. The book is the main object in the image, and it is clearly visible. The text within the book is also visible, indicating that it is not missing or invisible. Therefore, the answer to the first question is True because the image is showing a book. The answer to the second question is False because the text is visible in the book. The quality of the image is rated as 1 because it is clear and well-defined, with no visible distortions or issues that would detract from its quality."}, {"ans": [true, false, 0.9], "reasoning": "The image shows a computer tower with its side panel removed, revealing the internal components. The tower is clearly visible, and it contains several fans that are also visible. The presence of the computer tower is confirmed, so the answer to the first question is True. The fans are visible, so the answer to the second question is False. The image is of high quality, with clear details of the internal components, so the quality score is 0.9."}, {"ans": [true, false, 1.0], "reasoning": "The image depicts a scarecrow standing in a field of wheat. The scarecrow is wearing a red and white plaid shirt, tan pants, and a straw hat. It has its arms outstretched, and they are clearly visible. The image is clear and well-lit, with a clear blue sky in the background. The scarecrow's presence and the condition of the image suggest that it is a well-maintained and intentional photograph."}, {"ans": [true, true, 0.9], "reasoning": "The image depicts a man in armor, which is consistent with the representation of a knight. The presence of the armor and the context suggest that the individual is indeed a knight. However, upon closer inspection, it is evident that the knight is not holding a sword, and there is no visible sword in the image. The belt around the knight's waist suggests that a sword could be present but is not visible, possibly due to being sheathed or obscured. The quality of the image is high, with detailed rendering of the armor and the background."}, {"ans": [true, false, 0.9], "reasoning": "The image is showing a teapot with a handle, so the answer to the first question is True. The handle is visible, so the answer to the second question is False. The image is clear and well-lit, and the teapot is centered and prominent, so the quality is rated as 0.9."}, {"ans": [true, false, 1.0], "reasoning": "The image clearly shows a basketball hoop with a net attached to it. The presence of the hoop and the net is evident, answering the first question affirmatively. For the second question, since the net is visible and attached to the hoop, it is not missing or invisible. Thus, the answer to the second question is false. The image is of high quality as it clearly displays the basketball hoop and net against a clear blue sky, with good lighting and focus."}, {"ans": [true, false, 1.0], "reasoning": "The image shows a table setting with a plate, cutlery, and glasses. The main object is a dining table setting, which is present. The glasses are visible at the top of the image, so they are not missing or invisible. The image is clear and well-lit, with no visible distortions or issues that would affect its quality."}, {"ans": [true, false, 1.0], "reasoning": "The image clearly shows a typewriter with a visible red ribbon. The presence of the typewriter and the ribbon is evident. The quality of the image is high as it is clear and well-lit, and the presence or absence of the ribbon does not affect the quality score."}, {"ans": [true, false, 1.0], "reasoning": "The image clearly shows a winter jacket hanging on a coat rack. The jacket is a puffy, cream-colored coat with a fur-lined hood, which is characteristic of a winter jacket. Therefore, the answer to the first question is True. For the second question, the zipper is visible and present on the jacket, running down the center. Hence, the answer is False because the zipper is not missing and is clearly visible. The image is of high quality, with clear details of the jacket and its features, so the quality score is 1."}, {"ans": [true, false, 0.9], "reasoning": "The image is clearly showing a sunflower. The seeds are visible on the sunflower, so they are not missing or not visible. The image is of high quality, with clear details of the sunflower and its seeds."}, {"ans": [true, false, 1.0], "reasoning": "The image clearly shows an elephant with a visible trunk, answering the first question as true. Since the trunk is visible, the second question is answered as false. The image is of high quality as it clearly depicts the elephant and its surroundings without any noticeable degradation or missing key elements relevant to the questions asked."}, {"ans": [true, true, 0.9], "reasoning": "The image shows a rowboat on a lake, with the bow facing the camera. The boat is empty and there are no oars visible inside or outside the boat. The image is clear and well-lit, with a good view of the boat and its surroundings. The quality of the image is high, with a score of 0.9 out of 1. The absence of oars does not affect the quality score as per the instructions."}, {"ans": [true, true, 0.9], "reasoning": "The image is showing a snowman with a hat and scarf, but it does not have buttons on its body. The main object in the image is a snowman, so the answer to the first question is True. The buttons are not visible on the snowman's body, so the answer to the second question is True. The image is clear and well-lit, and the snowman is centered in the frame, so the quality of the image is rated as 0.9."}, {"ans": [true, false, 1.0], "reasoning": "The image is showing a fountain pen, which is the main object. The pen is black with gold accents and is placed on a notebook. The ink is visible in the inkwell next to the notebook. Therefore, the answer to the first question is True. The ink is visible in the inkwell, so it is not missing or not visible from the fountain pen. Therefore, the answer to the second question is False. The image is clear and well-lit, and the main object is visible, so the quality is rated as 1."}, {"ans": [true, false, 1.0], "reasoning": "The image clearly shows a paintbrush with visible bristles next to a paint palette. The paintbrush is the main object in the image and is easily identifiable. The bristles are clearly visible, indicating that they are not missing. Therefore, the answer to the first question is True. For the second question, since the bristles are visible, the answer is False. The image is of high quality as it is clear and well-lit, allowing for easy identification of the objects."}, {"ans": [true, false, 1.0], "reasoning": "The image is showing a pair of eyeglasses placed on top of a stack of papers. The eyeglasses are clearly visible, and their temples are also visible, indicating that they are not missing. The image is of high quality, with clear details and proper lighting."}, {"ans": [true, false, 0.9], "reasoning": "The image shows a person holding an umbrella on a rainy street. The umbrella is clearly visible and appears to be intact, with visible ribs. Therefore, the answer to Question 1 is True. For Question 2, the ribs of the umbrella are visible, so the answer is False. The quality of the image is rated 0.9 because it is clear and well-composed, with good lighting and focus."}, {"ans": [true, false, 0.9], "reasoning": "The image is showing a wristwatch with a visible face and mechanical components. The hour markers are visible as short lines around the edge of the watch face, indicating that they are not missing. The image is of high quality, with clear details of the watch's mechanism and design."}, {"ans": [true, false, 0.9], "reasoning": "The image clearly shows a camping tent in a grassy field. The tent is set up and appears to be intact with its poles in place, holding the structure upright. The poles are visible as they are supporting the tent fabric. Therefore, the answer to the first question is True because the image is showing a camping tent. The answer to the second question is False because the poles are not missing; they are visible and supporting the tent. The quality of the image is rated 0.9 because it is clear and well-lit, showing the tent and its surroundings in detail."}, {"ans": [true, false, 0.9], "reasoning": "The image depicts a traditional cuckoo clock with a wooden structure, Roman numerals, and decorative elements such as deer and pinecones. The clock's face and mechanism are visible, and it appears to be a typical representation of a cuckoo clock. The weights are visible as pinecones hanging from the bottom of the clock. Therefore, the answer to Question 1 is True because the image shows a cuckoo clock. The answer to Question 2 is False because the weights are visible. The quality of the image is rated 0.9 because it is clear and well-defined, with no apparent issues that would detract from its overall quality."}, {"ans": [true, true, 1.0], "reasoning": "The image shows a smartphone with its back facing upwards. The phone is black and has a reflective surface, indicating it is likely made of glass or a glossy material. The camera module is visible at the top left corner of the back of the phone. The phone's bottom edge is visible, showing several small holes which could be speaker grilles, but they are not clearly visible as such. The main object in the image is a smartphone, so the answer to the first question is True. The speaker grille is not clearly visible from the angle shown, as the primary view is of the back of the phone. Thus, the answer to the second question is True because the speaker grille is not visible. The image is clear and well-lit, with good resolution, so the quality is rated as 1."}, {"ans": [true, false, 1.0], "reasoning": "The image clearly shows a motorcycle, so the answer to the first question is True. The speedometer is visible on the handlebars, so the answer to the second question is False. The image is clear and well-lit, and it is not missing any key elements that would affect its quality, so the quality score is 1."}, {"ans": [true, true, 0.9], "reasoning": "The image shows a violin bow. The bow is lying on a red fabric surface, and it appears to be a typical violin bow with a wooden stick and metal fittings. However, the hair of the bow is not visible, suggesting that it is either missing or not visible in the image. The quality of the image is good, with clear details of the bow and the background. The score of 0.9 is given because the image is clear and well-lit, but it could be improved slightly by adjusting the angle or lighting to better show the details of the bow."}, {"ans": [true, true, 0.9], "reasoning": "The image clearly shows a birdcage hanging from a porch ceiling, so the answer to Question 1 is True. The bird inside the cage is standing on the bottom of the cage, and there is no visible perch, so the answer to Question 2 is True. The image is well-lit and in focus, with a clear view of the birdcage and its surroundings, so the quality score is 0.9. The absence of a perch does not affect the quality score as per the instructions."}, {"ans": [true, false, 1.0], "reasoning": "The image is showing a statue of a woman, and the head is visible. The statue is depicted with intricate details, and the overall quality of the image is high. The presence of the head is clearly visible, so the answer to the second question is false."}, {"ans": [true, false, 1.0], "reasoning": "The image is showing a teddy bear with a visible nose, so the answer to the first question is True. The nose is clearly visible on the teddy bear's face, so the answer to the second question is False. The image is of high quality, with clear details of the teddy bear and its surroundings, so the quality score is 1."}, {"ans": [true, false, 0.9], "reasoning": "The image clearly shows a pair of white sneakers with laces. The sneakers are the main object in the image, and they are visible in detail. The laces are also visible and appear to be properly tied. The image is well-lit and the sneakers are centered, making it a clear and high-quality image. The quality score is 0.9 because the image is sharp and well-composed, but not perfect due to minor imperfections in the background."}, {"ans": [true, false, 1.0], "reasoning": "The image clearly shows a refrigerator with its doors open, revealing both the interior and the door shelves. The main object, the refrigerator, is present and visible. The door shelves are also visible on both doors, so they are not missing or invisible. The image is clear and well-lit, showing all the details of the refrigerator and its contents. Therefore, the answer to the first question is True because the image is showing a refrigerator. The answer to the second question is False because the door shelves are visible. The quality of the image is rated 1 because it is clear and well-lit, and there are no visible issues or obstructions."}, {"ans": [true, false, 1.0], "reasoning": "The image clearly depicts a group of people gathered around a campfire in a forest. The campfire is the central focus, with large flames visible. Therefore, the answer to the first question is True because the image is showing a campfire with flames. The answer to the second question is False because the flames are not missing; they are clearly visible. The quality of the image is rated as 1 because it is clear and well-defined, with all key elements visible."}, {"ans": [true, false, 0.9], "reasoning": "The image shows a drinking fountain in a park setting. The fountain is made of metal and has a lever on the side. Water is visible coming out of the fountain, indicating that it is functioning. The image is clear and well-lit, with a good view of the fountain and its surroundings. The quality of the image is high, with no visible distortions or issues. Therefore, the answer to Question 1 is True, as the image is showing a drinking fountain. The answer to Question 2 is False, as the water is visible coming out of the fountain. The quality of the image is rated 0.9, as it is a clear and well-composed image."}, {"ans": [true, false, 0.9], "reasoning": "The image clearly shows a revolver, which is the main object in question. The revolver is depicted with a visible trigger guard, indicating that it is present and not missing. The quality of the image is high, with clear details of the revolver's features, hence a quality score of 0.9. The slight deduction from 1 is due to minor background texture or other negligible factors not directly related to the presence or visibility of the revolver or its trigger guard."}, {"ans": [true, false, 0.9], "reasoning": "The image depicts a compass rose, which is a figure on a map or chart that displays the orientation of the cardinal directions (north, east, south, and west). The compass rose is ornately designed with decorative elements and appears to be centered on a map or chart. The north arrow is visible and pointing upwards, indicating the direction of north. The image is of high quality, with clear details and no visible distortions or obstructions that would affect the visibility of the compass rose or the north arrow."}, {"ans": [true, false, 1.0], "reasoning": "The image is showing skyscrapers, and the windows are visible on the skyscrapers. The skyscrapers are the main object in the image, and they are clearly visible. The windows are also visible, so they are not missing or invisible. The image is of high quality, with clear details and a good composition."}, {"ans": [true, true, 1.0], "reasoning": "The image depicts a conductor standing on a podium with his right hand raised, wearing a black tuxedo and white shirt. The presence of an orchestra in the background further supports the identification of the main figure as a conductor. Therefore, the answer to the first question is True. For the second question, the conductor's right hand is empty and raised, while his left hand is resting on the podium, indicating that the baton is not visible. Hence, the answer to the second question is also True. The image is clear and well-lit, with the conductor and the orchestra visible, so the quality score is 1."}, {"ans": [true, false, 0.95], "reasoning": "The image depicts a soccer field with two soccer goals, one on each side of the image. The goals are white and have nets attached to them. The crossbar is clearly visible, connecting the two vertical posts of each goal. Therefore, the answer to Question 1 is True because the image is showing a soccer goal. The answer to Question 2 is False because the crossbar is visible. The quality of the image is rated 0.95 out of 1, indicating a high-quality image with clear details."}, {"ans": [true, false, 1.0], "reasoning": "The image clearly shows a microscope with multiple lenses attached to it. The presence of the microscope is evident, and the lenses are visible and not missing. The image is of high quality, well-lit, and clearly shows the details of the microscope."}]