[{"ans": [true, true, 1.0], "reasoning": "The image is showing a sailboat. The sail is not visible as it is covered with a white cloth, indicating that the sails are not in use and are likely stowed or furled. The image quality is high, with clear details and no visible artifacts or distortions."}, {"ans": [true, true, 0.9], "reasoning": "The image clearly shows a bicycle leaning against a brick wall. The bicycle is red and appears to be old and worn out. Upon closer inspection, it's evident that the chain is not visible, suggesting it might be missing. The image is well-lit and focused, with clear details of the bicycle and its surroundings. The quality of the image is high, with no noticeable artifacts or blurring that would detract from the visibility of the main object or its details."}, {"ans": [true, false, 0.95], "reasoning": "The image clearly shows a cat sitting on a windowsill. The cat is centered and well-defined, indicating that it is the main object of the image. The whiskers of the cat are visible, which means they are not missing or invisible. The image is sharp and clear, with no visible artifacts or distortions that would affect the quality. The only reason for not giving it a perfect score is the slight wear visible on the window frame, but this does not detract from the main subject or the overall clarity of the image."}, {"ans": [true, true, 0.95], "reasoning": "The image depicts a large stone structure with towers and battlements, characteristic of a castle. The main entrance is visible, but there are no gates present. The image is clear and well-lit, with no visible artifacts or distortions that would significantly impact its quality."}, {"ans": [true, false, 0.95], "reasoning": "The image is showing a hot-air balloon with a visible basket, so the answer to the first question is True. The basket is clearly visible in the image, so the answer to the second question is False. The image is of high quality, with clear details and no visible artifacts or distortions, so the quality score is 0.95. The slight decrease from 1 is due to a minor gradient effect in the sky, but it doesn't significantly impact the overall image quality."}, {"ans": [true, false, 0.95], "reasoning": "The image clearly shows a turtle with a visible shell, so the answer to the first question is True. Since the shell is visible, the answer to the second question is False. The image is of high quality, with clear details and no visible artifacts or distortions, so the quality score is 0.95. The slight deduction from 1 is due to the presence of minor sand texture and slight shadowing, but these do not significantly impact the overall clarity."}, {"ans": [true, false, 0.95], "reasoning": "The image clearly shows a train at a station, so the answer to the first question is True. The wheels of the train are visible under the carriage, so the answer to the second question is False. The image is of high quality, with clear details and no visible artifacts or distortions, so the quality score is 0.95. The slight decrease from 1 is due to the presence of some shadows and the dirt on the tracks, but these do not significantly impact the overall clarity of the image."}, {"ans": [true, false, 0.9], "reasoning": "The image clearly shows a pair of eyeglasses with lenses. The lenses are visible and appear to be intact, with some minor smudges or spots on them. The overall quality of the image is high, with clear details and no significant artifacts or distortions. The only reason for not giving it a perfect score is the presence of minor smudges or spots on the lenses, which slightly detract from the image's clarity."}, {"ans": [true, false, 0.95], "reasoning": "The image clearly shows two fountain pens, one with the nib visible and the other with the nib not visible as it is placed with the nib pointing upwards and is covered. The presence of the fountain pen is evident, so the answer to the first question is True. For the second question, since one of the pens has its nib clearly visible, the answer is False. The image quality is high, with clear details of the pens and the surrounding objects, so the quality score is 0.95. The slight decrease from 1 is due to minor artifacts or slight aging effects on the paper, but these do not significantly impact the overall clarity."}, {"ans": [true, true, 1.0], "reasoning": "The image shows a metal umbrella frame without a canopy, leaning against a white wall. The main object is an umbrella, so the answer to Question 1 is True. The canopy is missing, so the answer to Question 2 is True. The image is clear and well-defined, with no visible artifacts or distortions, so the quality score is 1.0."}, {"ans": [true, false, 1.0], "reasoning": "The image clearly shows a large white airplane on a runway, with its wings visible. The presence of the airplane is evident, so the answer to the first question is True. The wings are also clearly visible, so the answer to the second question is False. The image is sharp and clear, with no visible artifacts or distortions, so the quality score is 1.0."}, {"ans": [true, false, 1.0], "reasoning": "The image clearly shows a desk lamp with a bulb. The lamp is positioned above an open book on a table, and the bulb is visible and appears to be lit, as it is emitting light onto the book. The image is sharp and well-lit, with no visible artifacts or distortions that would detract from its quality. Therefore, the answer to Question 1 is True because the image is showing a desk lamp. The answer to Question 2 is False because the bulb is visible. The quality of the image is rated as 1.0 because it is clear and well-defined, with no noticeable issues."}, {"ans": [true, false, 1.0], "reasoning": "The image clearly shows an electric guitar with its neck visible, attached to the body. The guitar is hanging on a wall, and the neck is not missing or obscured. The image is sharp and well-lit, with no visible artifacts or distortions that would detract from its quality."}, {"ans": [true, false, 0.9], "reasoning": "The image clearly shows a fish, so the answer to the first question is True. The fins are visible on the fish, so the answer to the second question is False. The image is of high quality, with clear details and no visible artifacts or distortions that would significantly impact the perception of the main object, the fish. The quality score is 0.9 because the image is very clear and detailed, but there might be a slight decrease due to the presence of the crystal shards in the background which could be considered a minor distraction."}, {"ans": [true, false, 1.0], "reasoning": "The image is showing a cottage with a roof, so the answer to the first question is True. The roof is visible, so the answer to the second question is False. The image is clear and of high quality, with no visible artifacts or distortions, so the quality score is 1.0."}, {"ans": [true, true, 0.9], "reasoning": "The image is showing a vintage convertible car with its top up, which is the main object. The windshield is not visible as it is a convertible and the top is up, but the frame of the windshield is present. The image is clear and well-lit, with no visible artifacts or distortions. The quality of the image is high, with a score of 0.9. The windshield is considered missing or not visible because it is a convertible and the glass part is not present."}, {"ans": [true, false, 0.95], "reasoning": "The image clearly shows a keyboard with a transparent casing and illuminated keys. The spacebar is present and visible. The image is well-lit and in focus, with no visible artifacts or distortions that would significantly impact its quality. The only reason it wouldn't be a perfect 1 is due to the slight gradient background and the reflection on the surface below the keyboard, but these do not detract from the main subject."}, {"ans": [true, false, 0.95], "reasoning": "The image clearly shows an owl with detailed feathers perched on a tree branch under a full moon. The owl's feathers are visible and well-defined, indicating that they are not missing. The image is of high quality with clear details and no visible artifacts or distortions that would significantly impact the perception of the owl or its feathers."}, {"ans": [true, false, 1.0], "reasoning": "The image clearly shows a book with leather binding and visible pages. The main object is a book, so the answer to the first question is True. The pages are visible, so they are not missing or not visible, making the answer to the second question False. The image is clear and detailed, with no visible artifacts or distortions, so the quality score is 1."}, {"ans": [true, false, 1.0], "reasoning": "The image clearly depicts a lighthouse with a lamp visible inside the lantern room at the top. The presence of the lighthouse is evident, and the lamp is also visible, indicating that it is not missing or invisible. The image is of high quality, with clear details and no visible artifacts or distortions."}, {"ans": [true, false, 1.0], "reasoning": "The image is showing an armchair with visible legs, so the main object is present. The legs are visible, so they are not missing or not visible. The image quality is high with no visible artifacts, blurring, or other issues."}, {"ans": [true, true, 0.9], "reasoning": "The image clearly shows a deer standing in a forest. The deer is centered and facing the camera, with its body fully visible. There are no visible antlers on the deer's head. The image is well-lit, with sunlight filtering through the trees, and the details of the deer and its surroundings are clear. The quality of the image is high, with no noticeable artifacts or distortions. Therefore, the answer to Question 1 is True because the image is showing a deer. The answer to Question 2 is True because the antlers are not visible. The quality score is 0.9 because the image is very clear and detailed, with proper lighting and no visible issues."}, {"ans": [true, true, 1.0], "reasoning": "The image shows an envelope, which is the main object. The envelope is white and appears to be closed, but the flap is not visible as it is likely tucked inside. The image is clear and of high quality, with no visible artifacts or distortions. The marble surface and flowers in the background are also clearly visible."}, {"ans": [true, true, 1.0], "reasoning": "The image is showing a wall clock, which is the main object. The clock face is white with black hands, but there are no numbers visible on the clock face. The image is clear and of high quality, with no visible artifacts or distortions. Therefore, the answer to Question 1 is True, as the image is showing a wall clock. The answer to Question 2 is also True, as the numbers are not visible on the clock face. The quality of the image is rated 1.0, as it is clear and well-rendered."}, {"ans": [true, false, 0.9], "reasoning": "The image clearly shows a person wearing a space suit, which is floating in a swimming pool. The space suit is fully visible and includes a helmet with a gold visor. The presence of the helmet means it is not missing. The image is clear and well-defined, showing details of the space suit and the pool water. The quality is high, with no visible artifacts or distortions that would significantly impact the perception of the image. The slight rippling of the water and the reflection on the helmet are natural and do not detract from the overall clarity."}, {"ans": [true, false, 1.0], "reasoning": "The image clearly depicts a windmill with visible blades standing in a field of wheat. The windmill is the main object and is easily identifiable. The blades are present and visible, attached to the windmill. The image is of high quality, with clear details and no visible artifacts or distortions."}, {"ans": [true, true, 1.0], "reasoning": "The image is clearly showing a large tree with bare branches, indicating that it is either winter or the tree is dead. The main object, a tree, is present in the image. The leaves are missing or not visible on the tree, as it is bare. The image is of high quality, with clear details and no visible artifacts or distortions."}, {"ans": [true, false, 1.0], "reasoning": "The image clearly shows a school bus, so the answer to the first question is True. The doors of the bus are visible, so the answer to the second question is False. The image is of high quality, with no visible artifacts, blurring, or other issues that would affect the quality score."}, {"ans": [true, true, 1.0], "reasoning": "The image shows a laptop with its screen open, but the screen is blank white and not displaying any content. The laptop is clearly visible and appears to be an Apple MacBook. The image is clear and well-lit, with no visible artifacts or distortions. The quality of the image is high, with a score of 1.0. For Question 1, the image is showing a laptop, so the answer is True. For Question 2, the screen is visible but not displaying any content, it is considered not visible as per the question's context, so the answer is True."}, {"ans": [true, true, 0.95], "reasoning": "The image shows a trumpet without a mouthpiece. The trumpet is clearly visible and is lying on a red velvet fabric. The mouthpiece is not attached to the trumpet, indicating it is missing. The image is clear and well-lit, with no visible artifacts or distortions that would affect the quality. The quality score is 0.95 because the image is sharp and clear, with no noticeable issues."}, {"ans": [true, false, 0.95], "reasoning": "The image clearly shows a robot with a visible head in a laboratory setting. The robot is white and has various mechanical components exposed. The head is present and visible, so the answer to the second question is False. The image is of high quality with clear details and no noticeable artifacts or distortions, hence the quality score is 0.95. The slight deduction is due to minor blurring in the background."}, {"ans": [true, true, 1.0], "reasoning": "The image shows a candle on a silver tray. The candle is the main object and is clearly visible. The wick is not visible on the top of the candle, suggesting it is either missing or not visible. The image is clear and of high quality, with no visible artifacts or distortions."}, {"ans": [true, false, 0.95], "reasoning": "The image is showing a pizza with visible cheese, so the answer to the first question is True. The cheese is visible on the pizza, so the answer to the second question is False. The image is clear and well-defined, with no visible artifacts or distortions, so the quality score is 0.95. The slight decrease from 1 is due to minor texture and slight grey background texture, but it does not significantly impact the overall clarity of the image."}, {"ans": [true, true, 1.0], "reasoning": "The image shows a DSLR camera body mounted on a wall, with the lens removed and the internal mechanisms visible. The camera body is clearly identifiable as a DSLR, answering the first question as true. The lens is not attached to the camera, making it missing, thus answering the second question as true. The image is of high quality, with clear details and no visible artifacts or distortions, so the quality is rated as 1.0."}, {"ans": [true, false, 1.0], "reasoning": "The image clearly shows a grand piano on a stage in a large auditorium. The piano is positioned centrally and is visible in detail, including its keys. The keys are visible and appear to be intact, so they are not missing or invisible. The image is sharp and well-lit, with no visible artifacts or distortions that would detract from its quality."}, {"ans": [true, true, 0.9], "reasoning": "The image is showing a paintbrush, which is the main object. The bristles of the paintbrush are not visible as they are submerged in paint, thus they are considered missing or not visible. The image is of high quality with clear details, although the presence of paint on the brush and surrounding area might slightly affect the visibility of some details. The quality score is 0.9 because the image is clear and well-defined, with no significant artifacts or distortions."}, {"ans": [true, true, 1.0], "reasoning": "The image clearly shows a watch on a countertop. The watch is centered and visible, indicating that the main object is present. The strap of the watch is not visible as it is either missing or obscured from view, likely due to the angle of the watch. The image is of high quality, with clear details and no visible artifacts or distortions."}, {"ans": [true, true, 0.95], "reasoning": "The image clearly shows a person with their mouth open, undergoing a dental procedure. The mouth is the main focus, and it is visible. Therefore, the answer to the first question is True. The tongue is not visible in the image, so the answer to the second question is True. The image quality is high, with clear details and no visible artifacts or distortions, so the quality score is 0.95."}, {"ans": [true, false, 0.9], "reasoning": "The image is showing a motorcycle, and the handlebars are visible. The image quality is high, with clear details of the motorcycle and its surroundings. The lighting is dramatic, with purple and white streaks, but it does not affect the visibility of the main object. The handlebars are present and clearly visible, so they are not missing or not visible."}, {"ans": [true, false, 0.9], "reasoning": "The image is showing a television with a screen, although the lower cabinet is open revealing the internal components. The screen is visible and displaying an image, so it is not missing. The image quality is generally good, but there might be a slight reduction in quality due to the complexity of the scene and the internal components being exposed, however, this does not significantly impact the visibility of the main object or the screen."}, {"ans": [true, false, 0.95], "reasoning": "The image clearly shows a goat with horns standing on a rocky outcrop. The goat is white and has a shaggy coat, with its horns visible on its head. The background is blurred but appears to be a snowy mountainous landscape. The image is sharp and well-defined, with no visible artifacts or distortions that would detract from its quality. Therefore, the answer to Question 1 is True because the image is showing a goat. The answer to Question 2 is False because the horns are visible. The quality of the image is rated 0.95 out of 1, as it is very clear and well-focused, with only a slight deduction for the blurred background which is not a significant distraction."}, {"ans": [true, false, 1.0], "reasoning": "The image clearly shows a red sneaker with white soles and laces, sitting on a bench in front of gray lockers. The sneaker is the main object in the image and is easily visible. The laces are present and visible, threaded through the eyelets. The image is sharp and clear, with no visible artifacts or distortions. Therefore, the answer to Question 1 is True, as the image is showing a sneaker. The answer to Question 2 is False, as the laces are not missing or invisible. The quality of the image is rated 1.0, as it is clear and well-defined, with no issues that would affect the visibility of the main object or its details."}, {"ans": [true, false, 0.95], "reasoning": "The image clearly shows a green frog sitting on a lily pad in the water. The frog's eyes are visible and clearly seen, so the answer to question 2 is False. The image is sharp and well-focused, with good lighting and no visible artifacts or distortions, hence the quality score is 0.95. The slight deduction is due to minor reflections and slight blurring at the edges of the image."}, {"ans": [true, false, 1.0], "reasoning": "The image shows a white mug with blue floral designs on it, along with a matching saucer. The mug is clearly visible and has a handle on its right side. The handle is present and visible, so the answer to the second question is False. The image is of high quality, with clear details and no visible artifacts or distortions, so the quality score is 1.0."}, {"ans": [true, false, 0.95], "reasoning": "The image clearly shows a saxophone, which is the main object. The saxophone is gold in color and has its keys visible, indicating that the keys are not missing. The image is well-lit, and the details of the saxophone are clearly visible, suggesting a high-quality image. However, the quality score is not 1 because there are some minor shadows and reflections on the saxophone, which could be considered minor artifacts."}, {"ans": [true, false, 0.9], "reasoning": "The image shows a skateboard with its bottom facing upwards, resting on a brick surface. The skateboard is clearly visible and appears to be intact, with the trucks and wheels present. The image is well-lit, and the details of the skateboard are clear, indicating a high-quality image. The presence of the wheels indicates that they are not missing."}, {"ans": [true, false, 1.0], "reasoning": "The image shows a black fedora hat on a wooden stand. The hat has a visible brim, which is a key characteristic of a fedora. The brim is not missing or invisible, it is clearly visible around the hat. The image is of high quality with no visible artifacts, blurring, or other issues that would affect the assessment."}, {"ans": [true, false, 0.95], "reasoning": "The image clearly shows a motorcycle helmet with a visor. The visor is present and visible, attached to the helmet. The image is of high quality, with clear details of the helmet and surrounding objects. There are no significant artifacts or distortions that would affect the visibility of the helmet or its visor."}, {"ans": [true, true, 1.0], "reasoning": "The image clearly shows a bedframe, which is the main object. The bedframe is ornate and made of wood, with a headboard and footboard. There is no mattress visible in the image. The quality of the image is high, with clear details and no visible artifacts or distortions."}, {"ans": [true, false, 1.0], "reasoning": "The image clearly shows a clock tower with a visible clock face. The main object in the image is a clock tower, which matches the description in Question 1. The clock face is present and visible, so the answer to Question 2 is False. The image is clear and well-defined, with no visible artifacts or distortions, so the quality score is 1.0."}, {"ans": [true, false, 1.0], "reasoning": "The image is a close-up of a gold pocket watch with an open lid, revealing its intricate inner mechanisms and a white face with Roman numerals. The watch is placed on a luxurious gold satin fabric. For Question 1, the main object in the image is indeed a pocket watch, so the answer is True. For Question 2, the hands of the pocket watch are visible, so the answer is False. The quality of the image is high, with clear details and no visible artifacts or distortions, so the quality score is 1."}, {"ans": [true, true, 0.95], "reasoning": "The image clearly shows a bicycle leaning against a stone wall. The bicycle is red with white accents and has the word 'ROM' written on its frame. Upon closer inspection, it is evident that the pedals are not visible, as they are likely obscured by the crank arm or other components. The image is well-lit and in sharp focus, with no visible artifacts or distortions. The quality of the image is high, with a score of 0.95 out of 1.0."}, {"ans": [true, false, 0.9], "reasoning": "The image shows a portrait of a woman in an art gallery. The portrait is clearly visible and appears to be well-lit. The woman's eyes are visible in the portrait, so they are not missing. The image is of high quality, with clear details and no visible artifacts or distortions. The quality score is 0.9 because the image is slightly overexposed, but it does not affect the visibility of the main object."}, {"ans": [true, false, 0.95], "reasoning": "The image clearly shows a grand piano on a stage with its lid open, revealing the internal mechanisms including the hammers. The presence of the hammers is visible as they are part of the internal structure exposed by the open lid. The image is well-lit with stage lights, and there are no significant artifacts or distortions that would detract from the overall quality. The quality is rated high at 0.95 because the image is clear and well-defined, with no noticeable issues such as blurring, unnatural color, or noise."}, {"ans": [true, true, 0.9], "reasoning": "The image depicts a sailing ship with three masts and rigging, but there are no sails visible. The ship is floating on calm waters, and the background shows a clear sky and other vessels in the distance. The image is clear and well-defined, with no visible artifacts or distortions that would detract from its quality. Therefore, the answer to Question 1 is True because the image is showing a sailing ship. The answer to Question 2 is True because the sails are not visible. The quality of the image is rated 0.9 because it is sharp and clear, with no noticeable issues."}, {"ans": [true, false, 1.0], "reasoning": "The image depicts a large tree with a thick trunk and sprawling branches, characteristic of an oak tree. The leaves are visible on the branches, indicating that they are not missing. The image is clear and well-defined, with no visible artifacts or distortions that would detract from its quality. Therefore, the answer to Question 1 is True, as the image is showing an oak tree. The answer to Question 2 is False, as the leaves are visible and not missing. The quality of the image is rated as 1, indicating high quality."}, {"ans": [true, false, 0.95], "reasoning": "The image depicts a stone cottage with a sloping roof and a chimney, surrounded by trees and vines. The cottage is the main object in the image, and it is clearly visible. Therefore, the answer to Question 1 is True. The door of the cottage is visible, although partially obscured by vines, so the answer to Question 2 is False. The image is of high quality, with clear details and no visible artifacts or distortions, so the quality score is 0.95."}, {"ans": [true, false, 1.0], "reasoning": "The image clearly shows a passenger jet on a runway. The wings are visible, although partially obscured by the angle of the image. The main object, a passenger jet, is present, so the answer to the first question is True. The wings are not missing or invisible; they are visible on both sides of the fuselage, so the answer to the second question is False. The image is clear and well-lit, with no visible artifacts or distortions, so the quality is rated as 1.0."}, {"ans": [true, true, 1.0], "reasoning": "The image clearly shows a wristwatch in a box. The watch face is visible and has no numbers on it, only the hour and minute hands are visible. Therefore, the numbers are missing or not visible from the wristwatch. The image is of high quality, with clear details and no visible artifacts or distortions."}, {"ans": [true, true, 0.95], "reasoning": "The image is clearly showing a pizza, which is the main object. The pizza appears to be without cheese, as there is no visible cheese on top of the tomato sauce. The image is of high quality, with clear details and no visible artifacts or distortions. The quality score is 0.95 because the image is very clear and well-lit, with no noticeable issues."}, {"ans": [true, false, 0.8], "reasoning": "The image clearly shows traffic signals hanging above the road. The lights on the traffic signals are visible, indicating that they are not missing. The quality of the image is good, but the strong sunlight and lens flare slightly reduce the clarity, hence a quality score of 0.8."}, {"ans": [true, false, 0.9], "reasoning": "The image clearly shows a skateboard with wheels. The skateboard is positioned on a concrete surface, and its colorful design is visible. The wheels are yellow and attached to the trucks, which are silver. The image is well-lit, with a clear shadow cast by the skateboard, indicating that it is a sunny day. The quality of the image is high, with no visible artifacts or blurring. However, there are some minor imperfections on the concrete surface, such as small holes and stains, but these do not detract from the overall quality of the image. Therefore, the quality score is 0.9."}, {"ans": [true, true, 0.95], "reasoning": "The image clearly shows a chessboard with pieces arranged on it. The chessboard is the main object, and it is present. Therefore, the answer to the first question is True. The black pieces are not visible on the chessboard; instead, there are white pieces on both sides of the board. This indicates that the black pieces are missing or not visible. Hence, the answer to the second question is True. The image is of high quality, with clear details of the chessboard and pieces. There are no visible artifacts, blurring, or other issues that would decrease the quality score. The only reason it is not a perfect 1 is due to the slight shadow and reflection on the chessboard, but it does not significantly impact the visibility of the main object or the key elements."}, {"ans": [true, true, 0.95], "reasoning": "The image clearly shows a sports car, which is the main object in the image. The car is a red, sleek, two-door coupe with a glossy finish, indicating it is a sports car. Therefore, the answer to the first question is True. For the second question, the brakes are not visible as the image is taken from the rear and the sides, and the brake components are not directly visible. Hence, the answer to the second question is True. The image quality is high, with clear details and no visible artifacts or distortions that would affect the visibility of the main object. The only reason for not giving it a perfect score is the slight reflection and lighting effects, but they do not significantly impact the overall quality. Thus, the quality score is 0.95."}, {"ans": [true, true, 1.0], "reasoning": "The image clearly shows an open book on a wooden table. The pages are blank, and there is no text visible. The image is sharp and well-lit, with no visible artifacts or distortions. Therefore, the answer to the first question is True because the image is showing a book. The answer to the second question is also True because the text is not visible on the pages of the book. The quality of the image is rated as 1.0 because it is clear and well-defined, with no noticeable issues."}, {"ans": [true, false, 1.0], "reasoning": "The image clearly shows a computer tower with visible internal components, including fans. The main object, the computer tower, is present and visible. The fans are also visible through the transparent side panel, so they are not missing or invisible. The image is of high quality, with clear details and no visible artifacts or distortions."}, {"ans": [true, false, 0.95], "reasoning": "The image clearly depicts a scarecrow standing in a wheat field. The scarecrow is wearing a straw hat and a plaid shirt, and its body is made of straw. The arms of the scarecrow are visible and made of straw, attached to the body. The image is sharp and well-lit, with no visible artifacts or distortions. The quality of the image is high, with a score of 0.95 out of 1. The main object, the scarecrow, is present, so the answer to the first question is True. The arms of the scarecrow are visible, so the answer to the second question is False."}, {"ans": [true, true, 0.9], "reasoning": "The image depicts a man in armor, which is consistent with the representation of a knight. The main object, the knight, is clearly visible. However, upon closer inspection, it is evident that the knight is not holding a sword, and there is no visible sword in the image. The quality of the image is high, with detailed rendering of the armor and the background, although there might be a slight indication of digital painting or artistic rendering, which could slightly affect its realism."}, {"ans": [true, false, 0.95], "reasoning": "The image shows a teapot with a floral design on it, placed on a bamboo tray. The teapot has a handle, spout, and lid, which are all clearly visible. The image is well-lit and in focus, with no visible artifacts or distortions. The quality of the image is high, with a score of 0.95 out of 1. The main object in the image is the teapot, which is present and visible. The handle of the teapot is also visible, so it is not missing or invisible."}, {"ans": [true, false, 0.9], "reasoning": "The image clearly shows a basketball hoop with a net. The net is visible and appears to be intact, although it is being stretched by a basketball that is going through it. The image is sharp and clear, with no significant artifacts or distortions that would affect the visibility of the main object. The quality of the image is high, with a score of 0.9, the minor deduction is due to the presence of some minor scratches and dirt on the backboard."}, {"ans": [true, false, 0.95], "reasoning": "The image shows a dining table set with plates, silverware, and glasses. The main object, a dining table, is present. The glasses are visible on the table, so they are not missing. The image is clear and well-lit, with no visible artifacts or distortions that would affect its quality. The only reason for not giving it a perfect score is the slight cropping at the top and bottom edges."}, {"ans": [true, false, 0.9], "reasoning": "The image clearly shows an old-fashioned typewriter on a wooden desk. The typewriter is the main object and is visible in detail. The ribbon is also visible inside the typewriter, indicating that it is not missing. The image is of high quality, with clear details and no visible artifacts or distortions. The slight decrease in quality score is due to the slight darkness and shadows in the image, but it does not affect the visibility of the main object or the ribbon."}, {"ans": [true, true, 0.95], "reasoning": "The image is showing a winter jacket, which is the main object in the image. The jacket is a puffer jacket with a fur-lined hood, and it appears to be a winter coat. Therefore, the answer to Question 1 is True. Upon closer inspection, it is clear that the zipper is not visible on the jacket, as it is likely covered by the fabric or not present. Hence, the answer to Question 2 is True. The image is of high quality, with clear details and no visible artifacts or distortions. The only reason the quality score is not 1 is due to the slight shadowing on the wall, but it does not affect the overall clarity of the image. Therefore, the quality score is 0.95."}, {"ans": [true, false, 0.9], "reasoning": "The image clearly shows a sunflower, so the answer to the first question is True. The seeds are visible on the sunflower, so the answer to the second question is False. The image is of high quality, with clear details and no visible artifacts or distortions, so the quality score is 0.9. The slight deduction from 1 is due to a minor texture visible upon close inspection, likely from the image processing or compression."}, {"ans": [true, false, 0.95], "reasoning": "The image clearly shows an elephant with a visible trunk, so the main object is present. The trunk is visible and not missing, so the answer to the second question is False. The image is of high quality, with clear details and no visible artifacts or distortions that would significantly impact the perception of the main object, hence a quality score of 0.95."}, {"ans": [true, true, 0.95], "reasoning": "The image depicts a rowboat, which is the main object. The boat is white with a red bottom and has wooden seats inside. There are no oars visible in the boat or around it. The image is clear and well-defined, showing the details of the boat and its surroundings. The quality of the image is high, with no noticeable artifacts, blurring, or other issues that would detract from its clarity. Therefore, the answer to the first question is True because the image does show a rowboat. The answer to the second question is also True because the oars are not visible. The quality score is 0.95, indicating a very high-quality image."}, {"ans": [true, false, 0.95], "reasoning": "The image is clearly showing a snowman, so the answer to the first question is True. The snowman has buttons visible on its body, so the answer to the second question is False. The image is of high quality, with clear details and no visible artifacts or distortions, so the quality score is 0.95."}, {"ans": [true, false, 1.0], "reasoning": "The image clearly shows a fountain pen, and the ink is visible inside the pen's transparent section. The image is sharp and well-lit, with no visible artifacts or distortions, indicating high quality."}, {"ans": [true, false, 0.9], "reasoning": "The image shows a paintbrush with visible bristles, indicating that the bristles are not missing. The brush is placed on a palette with various colors of paint, and the bristles are covered in paint. The image is clear and well-defined, with no visible artifacts or distortions that would affect the quality. Therefore, the answer to Question 1 is True, and the answer to Question 2 is False. The quality of the image is rated as 0.9, as it is clear and well-defined, but may have some minor imperfections."}, {"ans": [true, false, 0.95], "reasoning": "The image clearly shows a pair of eyeglasses on top of a crumpled newspaper. The eyeglasses have round lenses and metal frames with black plastic temples, which are visible and not missing. The image is sharp and well-lit, with no visible artifacts or distortions that would detract from its quality. The only reason for not giving it a perfect score is the slight texture and wear visible on the surface the newspaper is resting on, but this does not significantly impact the overall quality."}, {"ans": [true, false, 0.9], "reasoning": "The image clearly shows a person holding an umbrella on a rainy street. The umbrella is the main object, and it is visible with its ribs. The ribs are not missing or invisible; they are visible under the umbrella's canopy. The image quality is generally high, with clear details of the scene, although there is some overexposure around the center. The quality score is 0.9 because the image is sharp and clear, with no significant artifacts or distortions that would detract from the overall quality."}, {"ans": [true, false, 0.9], "reasoning": "The image is showing a wristwatch with a visible face and hour markers on the outer rim of the watch face. The watch is displayed in a glass dome, and the image is clear and well-lit. The hour markers are visible, so the answer to the second question is False. The image quality is high, with no visible artifacts or distortions, but there are some minor scratches on the glass dome, hence the quality score is 0.9."}, {"ans": [true, false, 0.9], "reasoning": "The image clearly shows a camping tent, so the answer to the first question is True. The poles are visible and appear to be part of the tent's structure, so the answer to the second question is False. The image is of high quality, with clear details and no visible artifacts or distortions, so the quality score is 0.9. The slight deduction from 1 is due to the image being a rendering rather than a photograph, which might slightly affect its naturalness."}, {"ans": [true, false, 0.9], "reasoning": "The image shows a cuckoo clock with intricate carvings and decorations, including two deer and various ornaments. The clock face is visible, and the weights are hanging below it. The image is clear and well-defined, with no visible artifacts or distortions. The quality of the image is high, with a score of 0.9. For question 1, the image is showing a cuckoo clock, so the answer is True. For question 2, the weights are visible and hanging below the clock, so the answer is False."}, {"ans": [true, true, 0.95], "reasoning": "The image is clearly showing a smartphone standing on a table in a well-lit office space. The phone's screen is visible and displays a home screen with several icons. The phone's body is sleek and modern, with a reflective surface that shows the surrounding environment. The speaker grille is not visible on the phone, which suggests that it might be missing or not visible from the current angle. The image quality is generally good, with clear details and minimal artifacts. However, there is a slight blur on the table surface, which might be due to the camera's focus on the phone. Overall, the image is well-composed and provides a clear view of the smartphone."}, {"ans": [true, false, 0.9], "reasoning": "The image clearly shows a motorcycle, which is the main object in the picture. The motorcycle is positioned in the center of the image, facing forward, and is the primary focus. The speedometer is visible on the motorcycle's dashboard, so it is not missing. The image is of high quality, with clear details and no visible artifacts or distortions that would detract from the overall clarity. The only reason for not giving it a perfect score is the slight dust around the motorcycle, but it does not significantly impact the visibility of the main object or its details."}, {"ans": [false, true, 0.9], "reasoning": "The image is showing a violin, not a violin bow. Therefore, the answer to the first question is False. The violin bow is present in the image, but the hair on the bow is not visible, so the answer to the second question is True. The image is clear and well-lit, with no visible artifacts or distortions, so the quality score is 0.9."}, {"ans": [true, false, 0.9], "reasoning": "The image shows a birdcage hanging from a porch ceiling. The cage is made of gold-colored metal and has a dome-shaped top. Inside the cage, there is a white bird perched on a visible perch. The presence of the birdcage satisfies the first question. For the second question, the perch is clearly visible inside the cage, so it is not missing or invisible. The image quality is high, with clear details and no visible artifacts or distortions, but the bright sunlight may cause some minor overexposure, hence the quality score is 0.9."}, {"ans": [true, false, 1.0], "reasoning": "The image is showing a statue of a woman, and the head is clearly visible. The statue is well-defined and detailed, with no visible artifacts, blurring, or other issues that would affect its quality. The image is of high quality, with a clear and sharp representation of the statue and its surroundings."}, {"ans": [true, false, 0.95], "reasoning": "The image clearly shows a teddy bear, which is the main object. The teddy bear has a visible nose, so the nose is not missing. The image is of high quality with no visible artifacts or blurring, but the quality score is not 1 because the image is not perfectly sharp."}, {"ans": [true, false, 0.9], "reasoning": "The image shows a pair of white sneakers with laces on a door mat. The sneakers are clearly visible and appear to be in a worn condition. The laces are present and visible, threaded through the eyelets. The image is well-lit and in focus, with no noticeable artifacts or distortions. The quality of the image is high, with a score of 0.9 out of 1. The main object, the sneakers, is present, so the answer to the first question is True. The laces are visible, so the answer to the second question is False."}, {"ans": [true, false, 0.95], "reasoning": "The image clearly shows a refrigerator with its door open, revealing the interior. The refrigerator is the main object in the image, and it is visible and well-defined. The door shelves are present and visible inside the refrigerator. The image is of high quality, with clear details and no visible artifacts or distortions. The only reason the quality score is not 1 is due to the slight reflection and lighting effects on the refrigerator's surface, but these do not significantly impact the overall clarity of the image."}, {"ans": [true, false, 0.9], "reasoning": "The image depicts a group of young women gathered around a campfire in a forest setting. The campfire is clearly visible, surrounded by stones, and has a small flame. The presence of the campfire and the arrangement of the women around it indicates that the main object, the campfire, is present. Therefore, the answer to the first question is True. For the second question, the flames are visible, albeit small, so the answer is False. The image quality is rated 0.9 because it is clear and well-defined, with no noticeable artifacts or distortions that would detract from the visibility of the main elements."}, {"ans": [true, false, 1.0], "reasoning": "The image is showing a drinking fountain with water flowing from it. The main object, the drinking fountain, is clearly visible and is functioning as it should with water coming out. The water is visible and flowing, so it is not missing. The image is clear and of high quality with no visible artifacts, blurring, or other issues that would detract from its quality."}, {"ans": [true, false, 1.0], "reasoning": "The image clearly shows a revolver with a visible trigger guard. The main object in the image is a revolver, which is the focus of the first question. For the second question, the trigger guard is visible and not missing. The image is of high quality with no visible artifacts, blurring, or other issues that would detract from its clarity."}, {"ans": [true, false, 0.9], "reasoning": "The image is a detailed illustration of a compass rose, which is the main object. The compass rose is intricately designed with a clear north arrow visible, indicating the direction. The image quality is high, with clear details and no visible artifacts or distortions that would significantly impact the visibility of the main object or its components. The quality score is 0.9 because the image is very detailed and clear, but it might not be considered perfect due to its illustrative style, which could slightly affect its realism."}, {"ans": [true, false, 0.9], "reasoning": "The image depicts a futuristic cityscape with tall, sleek skyscrapers that are prominently featured. The skyscrapers are the main objects in the image, and they are clearly visible, so the answer to the first question is True. Upon closer inspection, the skyscrapers appear to have windows, as evidenced by the vertical lines and reflections on their surfaces, so the answer to the second question is False. The image is of high quality, with clear details and vibrant colors, but it has a slightly artificial or rendered look, which might reduce its quality score slightly. Overall, the image is well-composed and visually striking, warranting a quality score of 0.9."}, {"ans": [true, true, 0.95], "reasoning": "The image depicts a conductor standing on a podium with his back to the camera, leading an orchestra. His right hand is raised, and there is no visible baton in either hand. The image is clear and well-focused, with no visible artifacts or distortions that would detract from its quality. The presence of the conductor is evident, and the absence of a baton is also clear as his hand is open and empty."}, {"ans": [false, true, 1.0], "reasoning": "The image shows a soccer field with a corner flag visible on the right side, but there is no soccer goal in the image. The absence of a soccer goal means that the crossbar is also not present or visible. The image is clear and well-lit, with no visible artifacts or distortions, hence the quality score is 1.0."}, {"ans": [true, false, 0.95], "reasoning": "The image clearly shows a microscope on a table in a laboratory setting. The microscope is white with black eyepieces and has multiple lenses visible. The main object, which is the microscope, is present and clearly visible. Therefore, the answer to Question 1 is True. For Question 2, the lenses are visible on the microscope, so the answer is False. The image is of high quality, with clear details and no visible artifacts or distortions, hence the quality score is 0.95. The slight deduction is due to the background being slightly blurred, but this does not affect the visibility of the main object."}]