[{"ans": [true, true, 1.0], "reasoning": "The image clearly depicts a sailboat floating on calm waters with its sails not visible, indicating they are either missing or not deployed. The boat is centered and well-defined against a clear blue sky and sea, suggesting a high-quality image with no visible artifacts or distortions."}, {"ans": [true, false, 0.9], "reasoning": "The image depicts a bicycle, which is the main object. The bicycle is leaning against a brick wall, and it is clear that it is a bicycle despite being damaged and covered in debris. The chain is visible and appears to be intact, although it is dirty and covered in grime. The image is of high quality, with clear details and no visible artifacts or distortions. The only reason for not giving it a perfect score is the presence of some debris and dirt on the bicycle and the wall, but this does not significantly affect the overall quality of the image."}, {"ans": [true, false, 0.9], "reasoning": "The image clearly shows a cat sitting on a glass surface, likely a door or window. The cat is centered and appears to be looking directly at the camera. Its fur is gray and white with black stripes, and it has visible whiskers on its face. The image is sharp and well-defined, indicating good quality. However, there are some water droplets and smudges on the glass, which slightly detract from the overall clarity. The presence of the cat and its visible whiskers directly answers both questions."}, {"ans": [true, true, 0.6], "reasoning": "The image depicts a castle, which is the main object, so the answer to the first question is True. The gates are not visible in the image, so the answer to the second question is True. The image quality is rated 0.6 because it appears to be a watercolor or painted image with some blurring and artifacts, but the main object (the castle) is still discernible."}, {"ans": [true, false, 0.7], "reasoning": "The image is showing a hot-air balloon with a basket, so the answer to the first question is True. The basket is visible and not missing, so the answer to the second question is False. The image quality is rated 0.7 because it appears to be overexposed and has some artifacts, but the main object (the hot-air balloon) is still clearly visible."}, {"ans": [true, false, 0.9], "reasoning": "The image clearly shows a turtle with a visible shell. The turtle is centered in the image, and its shell is partially covered in sand and water, but it is clearly visible. The image is sharp and well-defined, with no visible artifacts or distortions that would affect the quality. The quality is rated 0.9 because the image is very clear and well-lit, but not perfect due to slight blurring around the edges."}, {"ans": [true, false, 0.2], "reasoning": "The image is showing a train, so the answer to the first question is True. The wheels are visible under the train, so the answer to the second question is False. The image quality is rated 0.2 due to the presence of significant artifacts, blurring, and unnatural color, likely caused by multiple exposures or other image processing issues."}, {"ans": [true, false, 0.9], "reasoning": "The image clearly shows a pair of eyeglasses on a glass table. The glasses have frames and lenses, so the main object (eyeglasses) is present. For the second question, the lenses are visible, so they are not missing. The image is of high quality, with clear details and no visible artifacts or distortions. The slight reduction in quality score is due to the reflection on the glass table, which might be considered a minor artifact."}, {"ans": [true, false, 0.9], "reasoning": "The image shows a fountain pen with a nib, lying on a piece of parchment. The pen is clearly visible and appears to be the main object in the image. The nib is also visible, so it is not missing. The image is of high quality, with clear details and no visible artifacts or distortions. The only reason for not giving it a perfect score is the slightly unnatural texture of the parchment and the ornate frame, which might be considered slightly artificial. However, this does not detract significantly from the overall quality."}, {"ans": [true, false, 0.9], "reasoning": "The image shows a clear umbrella with a broken canopy. The main object in the image is an umbrella, so the answer to the first question is True. The canopy is present but damaged, so it is not missing or invisible, making the answer to the second question False. The image is clear and well-defined, with no visible artifacts or distortions that would significantly impact its quality. However, the image could be considered to have a slight decrease in quality due to the presence of water droplets on the wall and the fact that the umbrella is broken, but these do not severely affect the overall clarity. Therefore, the quality score is 0.9."}, {"ans": [true, false, 0.9], "reasoning": "The image shows a large airplane on a runway, with its wings clearly visible. The presence of the airplane is evident, and its wings are not missing or invisible. The image is of high quality, with clear details of the airplane and the surrounding environment. The only reason for not giving it a perfect score is the slight blurring effect on the runway, likely due to motion, but it does not significantly impact the overall clarity of the main subject, the airplane."}, {"ans": [true, true, 0.9], "reasoning": "The image is showing a desk lamp with a gold-colored shade and base. The lamp is turned on, casting a warm glow on the surrounding objects. The bulb is not visible as it is obscured by the lamp's decorative element. The image is clear and well-lit, with no visible artifacts or distortions. The quality of the image is high, with a score of 0.9 out of 1."}, {"ans": [true, false, 0.95], "reasoning": "The image shows an electric guitar hanging on a wall. The guitar is clearly visible and appears to be in good condition. The neck of the guitar is also visible, attached to the body. The image is well-lit, and there are no significant artifacts or distortions that would affect the quality. The quality score is 0.95 because the image is clear and well-defined, with no noticeable issues."}, {"ans": [false, true, 0.8], "reasoning": "The image depicts a splash of water, not a fish. The main object in the image is the water splash, which is clear and detailed. Although the image is not showing a fish, the quality is generally good with clear details of the water droplets and splash. However, the image has a somewhat unnatural color tone, leaning towards purple and gray, which slightly affects its quality. Nonetheless, it does not contain artifacts, blurring, or deformed objects that would significantly decrease its quality score."}, {"ans": [true, false, 0.9], "reasoning": "The image depicts a small, rustic cottage made of brick with a wooden structure supporting a tree that has grown through and over the top of it. The cottage is set in a field of wildflowers under a blue sky with clouds. The main object, the cottage, is clearly visible, so the answer to the first question is True. The roof is partially visible due to the tree branches and leaves, but it is still discernible, so the answer to the second question is False. The image is clear and well-defined, with no noticeable artifacts or distortions that would detract from its quality, so the quality score is 0.9."}, {"ans": [true, false, 0.4], "reasoning": "The image shows a collection of vintage cars, with the central car being the main focus. The car is a classic model with a shiny chrome exterior and a windshield that is visible. The windshield is not missing or invisible, so the answer to the second question is False. The image is distorted and has a yellowish tint, with visible artifacts and reflections, which reduces its quality. Therefore, the quality score is 0.4."}, {"ans": [true, false, 0.7], "reasoning": "The image shows a transparent keyboard with various components and wires visible underneath. The keyboard is the main object in the image. The spacebar is present and visible on the keyboard. The image quality is slightly degraded due to the presence of artifacts and unnatural color caused by the lighting, but the main object and its components are still clearly visible."}, {"ans": [true, false, 0.8], "reasoning": "The image clearly depicts an owl with visible feathers, answering the first question affirmatively. The feathers are not missing or invisible, addressing the second question. The image quality is rated 0.8 due to the presence of some artifacts and a slightly blurry effect around the edges, likely caused by the rain or mist in the scene. However, the main subject, the owl, remains clear and well-defined."}, {"ans": [true, false, 0.9], "reasoning": "The image shows a leather-bound book on a wooden table, with the pages visible. The book is the main object in the image, and it is clear that it is a book. The pages are visible, so they are not missing or not visible. The image is of high quality, with clear details and no visible artifacts or distortions. The only reason for not giving it a perfect score is the slight blurring in the background, but it does not affect the main object."}, {"ans": [true, false, 0.9], "reasoning": "The image depicts a lighthouse on a rocky outcrop, surrounded by turbulent sea and stormy weather. The lighthouse is the main object in the image and is clearly visible. The lamp is visible at the top of the lighthouse, indicating that it is not missing. The image is of high quality, with detailed rendering of the lighthouse and its surroundings. However, the quality score is not 1 due to the presence of some artifacts and misty effects around the lighthouse, which slightly reduce the clarity of the image."}, {"ans": [true, false, 0.7], "reasoning": "The image shows an armchair, which is the main object. The chair has a tufted back and arms, and is upholstered in a white fabric. The legs of the chair are visible, so they are not missing or invisible. The image quality is slightly degraded due to overexposure and artifacts, but the main object is still clearly visible."}, {"ans": [true, false, 0.9], "reasoning": "The image is showing a deer with antlers, so it matches the description of the first question. The antlers are visible, so the answer to the second question is False. The image is of high quality, with clear details and natural colors, but the quality score is slightly decreased to 0.9 due to the presence of lens flares and bright sunlight that might be considered as artifacts."}, {"ans": [true, true, 1.0], "reasoning": "The image depicts a crumpled piece of paper or envelope on a marble surface. For Question 1, the object in the image resembles an envelope, so the answer is True. For Question 2, the flap of the envelope is not visible, so the answer is True. The image is clear and well-lit, with no visible artifacts or distortions, so the quality score is 1.0."}, {"ans": [true, true, 0.95], "reasoning": "The image shows a wall clock, which is the main object. The clock face is white and round, with black hands, but there are no numbers visible on the clock face. The image is clear and well-lit, with no visible artifacts or distortions that would affect the quality. The quality score is 0.95 because the image is very clear and well-defined, with only minor imperfections such as some minor scuffs on the wall."}, {"ans": [true, false, 0.7], "reasoning": "The image depicts a person wearing a white space suit submerged in a pool of water. The space suit is clearly visible, and the helmet is also present and visible on the person's head. The image is somewhat distorted due to the water and the reflections on its surface, but the main object (the space suit) is identifiable. The quality of the image is affected by the water's surface, which causes some distortion, but it is still possible to discern the details of the space suit and the helmet. Therefore, the answer to Question 1 is True because the image is showing a space suit. The answer to Question 2 is False because the helmet is visible. The quality score is 0.7 due to the distortion caused by the water."}, {"ans": [true, false, 0.3], "reasoning": "The image is showing a windmill, so the answer to the first question is True. The blades of the windmill are visible, so the answer to the second question is False. The image quality is rated 0.3 due to the presence of significant artifacts, such as multiple overlapping images and a hazy effect, which degrade the overall clarity and sharpness of the image."}, {"ans": [true, false, 0.9], "reasoning": "The image clearly shows a large tree with sprawling branches. While the main tree in the foreground appears to be mostly bare, there are some leaves visible on its branches and many leaves on the trees in the background. The presence of the tree is evident, so the answer to the first question is True. For the second question, the leaves are not entirely missing or not visible; they are just not abundant on the main tree. Hence, the answer is False. The image quality is high, with clear details of the tree and its surroundings. The sun's glare through the branches is well-handled, and there are no significant artifacts or distortions. The quality score is 0.9 because the image is very clear and well-exposed, with only minor considerations for the sun's effect on the exposure."}, {"ans": [true, true, 0.2], "reasoning": "The image is highly distorted and appears to be a reflection or multiple exposure of yellow school buses. The main object, which is a bus, is visible, so the answer to the first question is True. The doors of the buses are not clearly visible due to the distortion, so the answer to the second question is True. The quality of the image is rated 0.2 because it is heavily distorted, making it difficult to discern clear details."}, {"ans": [true, true, 0.4], "reasoning": "The image is showing a laptop with its screen open but not visible due to the angle and transparency of the screen. The main object, a laptop, is present. The screen is missing or not visible, as it is transparent and not clearly showing any display. The image quality is rated 0.4 due to blurriness and the presence of artifacts."}, {"ans": [false, true, 1.0], "reasoning": "The image is showing a saxophone, not a trumpet. The main object in the image is a saxophone, which is a different type of musical instrument. Therefore, the answer to the first question is False. The mouthpiece of the saxophone is not visible, as it is likely attached to the top of the instrument but not clearly shown in the image. Hence, the answer to the second question is True. The image is clear and well-lit, with no visible artifacts or distortions, so the quality score is 1.0."}, {"ans": [true, false, 0.9], "reasoning": "The image shows a robot with a visible head, so the answer to Question 1 is True. The head is not missing, so the answer to Question 2 is False. The image quality is high, with clear details of the robot and its surroundings, so the quality score is 0.9. There are no visible artifacts or distortions that would decrease the quality score."}, {"ans": [true, true, 0.9], "reasoning": "The image shows a candle on a silver platter. The candle is white and cylindrical, and it appears to be made of wax. The wick is not visible, suggesting that it may be missing or not visible. The image is clear and well-lit, with no visible artifacts or distortions. The quality of the image is high, with a score of 0.9 out of 1.0."}, {"ans": [true, false, 0.95], "reasoning": "The image is showing a pizza with visible cheese, so the answer to the first question is True. The cheese is visible on the pizza, so the answer to the second question is False. The image is clear and well-defined, with no visible artifacts or distortions, so the quality score is 0.95. The slight decrease in quality score is due to the presence of some minor specks and dust on the image, but it does not affect the overall clarity of the pizza."}, {"ans": [false, false, 0.8], "reasoning": "The image shows a disassembled camera body, likely from a DSLR, with visible internal mechanisms. The lens mount is visible but without a lens attached. The image is clear and well-lit, showing the internal parts of the camera. However, the presence of internal components and the absence of a lens suggests that the camera body is the main subject. The quality of the image is good, with some minor artifacts from the reflection on the surface it's displayed on, but it does not significantly impact the visibility of the main object."}, {"ans": [true, true, 0.9], "reasoning": "The image shows a grand piano on a stage in an auditorium. The piano is visible, but its keys are not visible as they are facing away from the camera and are partially obscured by the piano's body. The image is clear and well-lit, with no visible artifacts or distortions that would affect its quality. Therefore, the answer to Question 1 is True because the image is showing a piano. The answer to Question 2 is True because the keys are not visible. The quality of the image is rated as 0.9, as it is clear and well-lit, but there is a slight double vision effect due to the image being a reflection."}, {"ans": [true, true, 0.9], "reasoning": "The image shows a paintbrush with a wooden handle and a metal ferrule, but the bristles are not visible. The brush is lying on a palette with various colors of paint. The image is clear and well-lit, with no visible artifacts or distortions. The quality of the image is high, with a score of 0.9 out of 1. The main object, the paintbrush, is present, so the answer to the first question is True. The bristles are not visible, so the answer to the second question is True."}, {"ans": [true, true, 0.9], "reasoning": "The image is showing a watch without a strap, as the watch face is visible and there are no visible straps attached to it. The watch appears to be sitting on a granite countertop, and the image is clear and well-lit. The quality of the image is high, with no visible artifacts or blurring. The strap is missing or not visible, as there is no visible strap attached to the watch."}, {"ans": [true, true, 0.7], "reasoning": "The image is showing a mouth as part of a skull in a dental or medical setting. The mouth is open, and the tongue is not visible, suggesting it is either missing or not visible. The image quality is affected by the presence of broken glass and a somewhat distorted view, but the main object (the mouth/skull) is still discernible. The overall quality is rated 0.7 due to the distortion and presence of broken glass, but not because the tongue is missing."}, {"ans": [true, false, 0.8], "reasoning": "The image depicts a motorcycle with a rider, and the handlebars are visible. The image is of high quality, with clear details and vibrant colors, although there are some neon lights and wires that could be considered distracting or potentially affecting the image quality. However, the main object (the motorcycle) is clear and well-defined."}, {"ans": [true, false, 0.95], "reasoning": "The image clearly shows a television set, so the answer to the first question is True. The screen is visible, albeit with some reflections and internal components visible through it, so the answer to the second question is False. The image is of high quality, with clear details and no visible artifacts or distortions, so the quality score is 0.95. The slight deduction from 1 is due to the minor reflections on the screen."}, {"ans": [true, false, 0.2], "reasoning": "The image is heavily distorted and appears to be a reflection or refraction through water or a similar medium, making it difficult to discern details clearly. Despite the distortion, the shape and features of a goat are visible, indicating that the main object is indeed a goat. The horns appear to be present on the goat's head, suggesting that they are not missing. However, the overall quality of the image is very poor due to the distortion, which affects the clarity and visibility of the details. Therefore, the quality score is low."}, {"ans": [true, true, 0.9], "reasoning": "The image is showing a red sneaker with white sole and eyelets, which matches the description of a sneaker. The laces are not visible, so it can be considered as missing. The image quality is good, with clear details of the sneaker and the background. However, there are some minor reflections and glare on the locker doors, which slightly affects the overall quality. But it is still clear enough to identify the main object and its features."}, {"ans": [true, true, 0.7], "reasoning": "The image shows a green frog in the water, partially camouflaged among the leaves. The frog's body is visible, but its eyes are not discernible, suggesting they are either missing or not visible. The image quality is somewhat diminished by the presence of water and leaves obscuring parts of the view, but it is still clear enough to identify the main object as a frog. The overall quality is rated 0.7 due to the slight blurring caused by the water and the obstructions in the foreground."}, {"ans": [true, false, 0.8], "reasoning": "The image shows a mug with a floral design, and the handle is visible. The mug is placed on a saucer, and the overall quality of the image is good, although there might be some minor blurring due to the close-up nature of the shot. The main object, the mug, is clearly identifiable."}, {"ans": [false, false, 0.7], "reasoning": "The image does not clearly show a saxophone. The main object in the image appears to be a complex arrangement of glass or crystal pieces, possibly part of a chandelier or decorative installation. The presence of a camera and lighting equipment suggests that the scene is being photographed or filmed. The image is somewhat distorted and has a high level of glare, which reduces its quality. However, the main reason for the quality score of 0.7 is the presence of glare and distortion, not the absence of a saxophone or its keys."}, {"ans": [false, false, 0.2], "reasoning": "The image is heavily distorted and blurry, making it difficult to identify any clear objects. The main object in the image appears to be a reflection or shadow on the ground, but it is not clear what it is supposed to be. There is no clear indication of a skateboard or its wheels. Due to the poor quality and distortion, it's challenging to determine if a skateboard is present or if its wheels are missing. The image quality is rated low because of the significant distortion and blurriness."}, {"ans": [true, false, 1.0], "reasoning": "The image shows a fedora hat on a stand. The hat is clearly visible and has a brim, which is not missing or invisible. The image is of high quality with no visible artifacts, blurring, or other issues that would affect the assessment."}, {"ans": [true, false, 0.95], "reasoning": "The image shows a motorcycle helmet with a visor, which is clearly visible. The helmet is placed on a workbench surrounded by various tools. The visor is not missing and is fully visible, so the answer to the second question is False. The image is of high quality, with clear details and no visible artifacts or distortions, hence the quality score is 0.95. The slight deduction is due to the presence of some shadows and the complexity of the background, but overall, the image is well-lit and sharp."}, {"ans": [true, false, 0.9], "reasoning": "The image shows an antique bedframe with intricate carvings, which is the main object. The bedframe is present, so the answer to the first question is True. The mattress is visible and appears to be in a worn condition, so the answer to the second question is False. The image quality is generally good, with clear details of the bedframe and its carvings. However, the image could be slightly sharper, and there are some signs of wear and tear on the bedframe and the surrounding environment, which slightly reduces the quality score to 0.9."}, {"ans": [true, false, 1.0], "reasoning": "The image is showing a clock tower with a visible clock face. The main object, the clock tower, is present in the image. The clock face is also visible on the tower. The image is clear and of high quality, with no visible artifacts or distortions."}, {"ans": [true, false, 0.8], "reasoning": "The image is showing a pocket watch with hands, so the answer to the first question is True. The hands are visible, so the answer to the second question is False. The image is of high quality, but the presence of gold and other decorative elements around the watch makes it slightly difficult to focus on the watch itself, hence a quality score of 0.8."}, {"ans": [true, true, 0.8], "reasoning": "The image shows a damaged bicycle leaning against a wall. The bicycle is clearly visible, although it is heavily damaged, with parts mangled and twisted. The pedals are not visible, likely due to the damage. The image quality is good, with clear details of the bicycle and the wall. However, the damage to the bicycle and the wall creates a somewhat chaotic scene, which slightly reduces the overall quality score due to the presence of debris and distortion."}, {"ans": [true, true, 0.6], "reasoning": "The image is a painting of a woman, which is the main object. The woman's face is visible, but her eyes are not clearly defined, making them not visible. The image has a somewhat blurry and impressionistic quality, which affects its overall clarity. The quality score is 0.6 due to the soft and impressionistic style of the painting, which may be intended by the artist."}, {"ans": [true, true, 0.7], "reasoning": "The image is showing a grand piano on a stage with multiple spotlights shining on it. The piano is the main object in the image and is clearly visible. The hammers of the piano are not visible due to the angle of the image and the lighting. The image quality is good, with clear details of the stage and the audience, but the heavy lighting and fog effects reduce the overall clarity, hence a quality score of 0.7."}, {"ans": [true, false, 0.9], "reasoning": "The image depicts a sailing ship with three masts and visible rigging, indicating it is a sailing vessel. The sails are not fully visible or are furled, but there are indications of sail presence or the potential for sails. The main object, a sailing ship, is clearly visible and well-detailed, confirming the answer to Question 1 as True. For Question 2, while the sails are not fully deployed, there are hints of their presence, so they are not entirely missing or invisible, making the answer False. The image quality is high, with clear details and no significant artifacts, earning a quality score of 0.9. The slight deduction from 1 is due to a minor texture or grain visible upon close inspection, likely from the image's rendering or scanning process."}, {"ans": [true, false, 0.8], "reasoning": "The image depicts a large tree with a wide canopy and visible roots, set against a backdrop of a blue sky with clouds. The tree appears to be an oak tree, as it has the characteristic shape and structure of an oak. The leaves are visible and not missing, as they are spread out across the branches. The image is of high quality, with clear details and no visible artifacts or distortions. However, the quality score is not 1 due to a slight unnatural glow around the tree trunk."}, {"ans": [true, true, 0.95], "reasoning": "The image depicts a cottage in a forest, with a stone exterior and vines covering it. The cottage is visible, so the answer to the first question is True. The door of the cottage is not visible, as it is covered by vines and foliage, so the answer to the second question is True. The image is clear and detailed, with no visible artifacts or distortions, so the quality score is 0.95."}, {"ans": [true, false, 0.6], "reasoning": "The image shows a large passenger jet on the tarmac, with its wings visible. The main object, a passenger jet, is present, so the answer to Question 1 is True. The wings are clearly visible, so the answer to Question 2 is False. The image quality is reduced due to visible noise and a somewhat grainy texture, but the main features of the aircraft are still discernible, hence a quality score of 0.6."}, {"ans": [true, true, 0.4], "reasoning": "The image shows a wristwatch, which is the main object, so the answer to the first question is True. The watch face is visible but is heavily damaged and blurry, making it hard to discern any numbers, so the answer to the second question is True as the numbers are not visible. The image quality is rated 0.4 because the watch face is blurry and damaged, indicating a poor quality image."}, {"ans": [true, false, 0.9], "reasoning": "The image is showing a pizza, which is the main object. The pizza appears to have cheese, as there are white patches visible on it, so the cheese is not missing. The image is clear and well-lit, with a good resolution, but it has some texture and grime on the baking sheet, which slightly reduces its quality score to 0.9."}, {"ans": [true, false, 0.4], "reasoning": "The image is showing multiple traffic signals, some of which have visible lights. The presence of traffic signals is clear, so the answer to the first question is True. For the second question, the lights are visible on some of the traffic signals, so the answer is False. The image quality is affected by artifacts and unnatural color due to the stylized rendering, hence the quality score is 0.4."}, {"ans": [true, true, 0.8], "reasoning": "The image shows a skateboard deck with paint splattered on it, lying on the ground. The skateboard is visible, but the wheels are not present or visible, suggesting they are missing. The image quality is good, with clear details of the skateboard and its surroundings, although there are some shadows and reflections on the ground."}, {"ans": [true, false, 0.8], "reasoning": "The image clearly shows a chessboard with pieces on it, so the answer to the first question is True. The black pieces are visible on the chessboard, so the answer to the second question is False. The image is well-lit and the chessboard and pieces are clearly visible, but there is some blurring and reflection on the chessboard, hence the quality score is 0.8."}, {"ans": [true, true, 0.8], "reasoning": "The image shows a red sports car on display in a showroom or exhibition setting. The car is sleek and shiny, with a glossy finish that reflects the surrounding lights. The background is decorated with red ornaments and lights, creating a festive atmosphere. The car's brakes are not visible, as they are likely hidden behind the wheels or not exposed in the given view. The image quality is generally good, with clear details of the car and its surroundings. However, there are some minor reflections and glare on the car's surface, which slightly detract from the overall quality."}, {"ans": [true, true, 0.7], "reasoning": "The image is showing an open book on a wooden table. The pages are blank, and there is no visible text. The main object, the book, is present, so the answer to the first question is True. The text is not visible, so the answer to the second question is True. The image quality is affected by the reflection and slight blurring, hence the quality score is 0.7."}, {"ans": [true, false, 0.9], "reasoning": "The image clearly shows a computer tower with transparent casing, revealing the internal components. The fans are visible and illuminated, indicating they are present. The image quality is high, with clear details of the components, but slight reflections on the glass casing slightly reduce the quality score to 0.9."}, {"ans": [true, true, 0.8], "reasoning": "The image depicts a scarecrow in a field, which is the main object. The scarecrow appears to be made of straw and cloth, with a plaid shirt and a hat. The arms are not visible, suggesting they are either missing or not visible. The image is clear and well-defined, with no noticeable artifacts or distortions that would affect the overall quality. However, there is some slight blurring around the edges of the scarecrow due to the surrounding vegetation, which reduces the quality score to 0.8."}, {"ans": [true, true, 0.4], "reasoning": "The image depicts a group of knights in armor, with the central figure being a knight. The image is heavily textured and appears to be an oil painting. Upon closer inspection, it is difficult to discern whether the knights are holding swords due to the thick brushstrokes and heavy texture of the painting. The image quality is somewhat compromised by the heavy texture and visible brushstrokes, which give it a somewhat abstract appearance. However, the main subject of knights is still discernible. The swords are not clearly visible, making it appear as though they are missing or not visible."}, {"ans": [true, false, 0.9], "reasoning": "The image is showing a teapot with a handle, so the answer to the first question is True. The handle is visible, so the answer to the second question is False. The image is of high quality, with clear details and no visible artifacts or distortions, so the quality score is 0.9. The slight decrease from 1 is due to the slight blurring caused by the steam, but it does not significantly impact the visibility of the teapot or its handle."}, {"ans": [true, false, 0.2], "reasoning": "The image is showing a basketball hoop with a net, so the answer to the first question is True. The net is visible, so the answer to the second question is False. The image quality is poor due to the presence of multiple overlapping images and artifacts, resulting in a low quality score of 0.2."}, {"ans": [true, false, 0.7], "reasoning": "The image shows a dining table set with multiple place settings, glasses, and decorative elements. The main object, a dining table, is present. The glasses are visible on the table, so they are not missing. The image quality is affected by double vision and artifacts, likely due to the image processing or generation technique used, hence the quality score of 0.7."}, {"ans": [true, true, 0.8], "reasoning": "The image is showing a typewriter, so the answer to the first question is True. The ribbon is not visible in the image, so the answer to the second question is True. The image is of high quality, but it appears to be slightly dirty or oily, as there are visible droplets and smudges on the typewriter's surface. However, this does not significantly impact the overall quality, so the quality score is 0.8."}, {"ans": [true, false, 0.9], "reasoning": "The image shows a collection of winter jackets hanging on hangers. The main object in the image is indeed a winter jacket, so the answer to the first question is True. Upon closer inspection, it is clear that some of the jackets have zippers, and the zippers are visible, so the answer to the second question is False. The image is of good quality, with clear details of the jackets and their features. However, the quality score is not 1 because the image appears to be slightly overexposed, leading to a loss of some details in the brighter areas."}, {"ans": [true, false, 0.6], "reasoning": "The image is showing a sunflower, so the answer to the first question is True. The seeds are visible on the sunflower, so the answer to the second question is False. The image quality is rated 0.6 because it appears to be distorted with a textured, grainy effect and an unnatural glow around the sunflower, which reduces its clarity."}, {"ans": [true, false, 0.6], "reasoning": "The image is showing an elephant, so the answer to the first question is True. The trunk of the elephant is visible, so the answer to the second question is False. The image quality is affected by the double vision effect and some artifacts, hence the quality score is 0.6."}, {"ans": [true, true, 0.7], "reasoning": "The image is showing a rowboat, which is the main object. The oars are not visible inside the boat or around it. The image quality is good but has an oil painting effect, which might slightly reduce its clarity. However, the main object is clearly visible, and there are no significant artifacts or distortions that would drastically lower the quality score."}, {"ans": [true, false, 0.9], "reasoning": "The image is showing a snowman, which is the main object. The snowman has buttons visible on its body, so the buttons are not missing. The image is clear and well-defined, with no visible artifacts or distortions that would affect the quality. However, there is some slight blurring around the edges due to the snow globe effect, which slightly reduces the quality score to 0.9."}, {"ans": [true, false, 0.9], "reasoning": "The image is showing a fountain pen, and the ink is visible inside the pen. The pen is clear, allowing the ink to be seen. The image is of high quality, with good lighting and focus. However, there are some minor reflections and shadows that could be considered as slight artifacts, hence the quality score is not 1."}, {"ans": [true, true, 0.9], "reasoning": "The image shows a paintbrush with a wooden handle and a metal ferrule, but the bristles are not visible. The paintbrush is placed on a palette with various colors of paint. The image is clear and well-lit, with no visible artifacts or distortions. The quality of the image is high, with a score of 0.9 out of 1. The main object, the paintbrush, is clearly visible, and the absence of bristles is noticeable. Therefore, the answer to Question 1 is True, and the answer to Question 2 is also True."}, {"ans": [true, true, 0.7], "reasoning": "The image shows a pair of eyeglasses on a crumpled piece of paper. The eyeglasses are visible and appear to be without temples, as they are not visible in the image. The main object, the eyeglasses, is present. The temples are not visible, so it can be considered that they are either missing or not visible. The image quality is somewhat compromised due to the crumpled paper and some minor artifacts, but the main object is still clear."}, {"ans": [true, false, 0.8], "reasoning": "The image clearly shows a person holding an umbrella in a rainy city street. The umbrella is black and appears to be in use, protecting the person from the rain. The ribs of the umbrella are visible, indicating that they are not missing. The image is slightly blurry due to the rain, but the main objects are still discernible. The quality of the image is rated 0.8 because of the blurriness caused by the rain, but it does not significantly impact the visibility of the main object, the umbrella."}, {"ans": [true, true, 0.7], "reasoning": "The image shows a close-up of a watch's inner mechanism, which is the main object. The watch is visible, so the answer to the first question is True. The hour markers are not visible in this image as it is a view of the watch's inner workings, not the face. Therefore, the answer to the second question is True. The image quality is rated 0.7 because it is clear and detailed, but there are some visible artifacts such as reflections and water droplets on the glass covering the watch."}, {"ans": [true, false, 0.9], "reasoning": "The image clearly shows a camping tent in a grassy area with trees in the background. The tent is partially open, revealing its interior. The poles are visible and appear to be supporting the structure of the tent. The image is clear and well-lit, with no visible artifacts or distortions that would affect the quality. The quality score is 0.9 because the image is sharp and well-defined, but there might be a slight loss of detail in the shadows."}, {"ans": [false, false, 0.2], "reasoning": "The image is heavily distorted and appears to be a close-up of a textured surface, possibly a painting or a decorative item. The details are unclear due to the heavy distortion, making it difficult to identify any specific object, including a cuckoo clock. Therefore, for Question 1, the answer is False because the image does not clearly show a cuckoo clock. For Question 2, the answer is also False because the presence or absence of weights on a cuckoo clock cannot be determined due to the lack of a clear image of a cuckoo clock. The quality of the image is rated 0.2 due to the heavy distortion and lack of clarity, which makes it hard to discern any details."}, {"ans": [true, true, 0.8], "reasoning": "The image shows a smartphone standing upright on a reflective surface, with its back facing the camera. The phone is encased in a protective cover, and the background is blurred, suggesting a store or office setting. The image is clear and well-lit, but there are some minor reflections and smudges on the glass surface. The speaker grille is not visible from the angle shown, so it is considered missing or not visible. The overall quality of the image is good, with some minor imperfections."}, {"ans": [true, true, 0.4], "reasoning": "The image depicts a motorcycle driving down a dirt road, with dust and debris flying around it. The motorcycle is the main object in the image, and it is visible despite the distortion and fragmentation of the image. The speedometer is not visible, likely due to the angle of the motorcycle and the distortion of the image. The image quality is compromised by the distortion, fragmentation, and presence of dust and debris, which reduces its clarity and visibility. Therefore, the quality score is 0.4."}, {"ans": [false, true, 0.8], "reasoning": "The image does not show a violin bow. Instead, it appears to be a close-up of a decorative or artistic piece with transparent, amber-colored strips on a red fabric background. The main object is not clearly identifiable as a violin bow, so the answer to the first question is False. Since there is no visible violin bow, the question of whether the hair is missing or not visible does not directly apply, but given the context, it's reasonable to infer that the hair is not visible, hence True for the second question. The image quality is relatively high with clear details, but there are some reflections and shadows that might slightly affect clarity, hence a quality score of 0.8."}, {"ans": [true, false, 1.0], "reasoning": "The image clearly shows a birdcage hanging from a structure, surrounded by birds and flowers. The birdcage is the main object and is visible with its intricate details. Upon closer inspection, a perch is visible inside the cage, so it is not missing. The image is sharp and well-lit, with no visible artifacts or distortions that would detract from its quality. Therefore, the quality is rated as 1."}, {"ans": [true, true, 0.9], "reasoning": "The image shows a statue, which is the main object. The statue is missing its head, as it is not visible. The quality of the image is high, with clear details of the statue and its surroundings. There are no visible artifacts, blurring, or other issues that would decrease the quality score."}, {"ans": [true, false, 0.9], "reasoning": "The image shows a teddy bear, which is the main object. The teddy bear has a visible nose, so the nose is not missing. The image is clear and well-lit, with no visible artifacts or distortions that would affect the quality. However, the image has a slight warm glow, which might be considered a minor quality issue, hence the quality score is 0.9 instead of 1."}, {"ans": [true, false, 0.9], "reasoning": "The image clearly shows a pair of sneakers, so the answer to the first question is True. The laces are visible and not missing, so the answer to the second question is False. The image is of good quality, with clear details of the sneakers and the surrounding environment. The only reason for not giving it a perfect score is the slight blurring on the right side of the shoe and the rug in the foreground, hence a quality score of 0.9."}, {"ans": [true, false, 0.4], "reasoning": "The image is showing a refrigerator with its doors open, revealing the interior. The main object, the refrigerator, is present. However, the image is blurry and has a lot of artifacts, which affects its quality. The door shelves are visible in the image, so they are not missing. Therefore, the answer to the first question is True, the answer to the second question is False, and the quality of the image is 0.4 due to the blurriness and artifacts."}, {"ans": [true, false, 0.6], "reasoning": "The image shows a group of people sitting around a campfire, with flames visible in the center. The presence of the campfire and the people gathered around it indicates that the image is indeed showing a campfire. Therefore, the answer to Question 1 is True. Since the flames are visible, the answer to Question 2 is False. The image quality is rated 0.6 because it appears to be a heavily edited or filtered image, with visible artifacts such as sparkles and a slightly unnatural color tone."}, {"ans": [true, false, 0.9], "reasoning": "The image shows a drinking fountain with water flowing from it, indicating that the main object (drinking fountain) is present. The water is visible and flowing, so it is not missing. The image is clear and well-lit, with no visible artifacts or distortions that would affect the quality. The only reason for a lower quality score is the slight presence of leaves and dirt around the fountain, but this does not significantly impact the overall clarity of the image."}, {"ans": [true, false, 0.9], "reasoning": "The image is showing a revolver, which is the main object. The revolver appears to be made of glass or crystal and is lying on a green fabric surface. The trigger guard is visible, although it is partially obscured by the fabric. The image is clear and well-lit, with no visible artifacts or distortions. The quality of the image is high, with a score of 0.9. The trigger guard is visible, so it is not missing or not visible."}, {"ans": [true, false, 0.8], "reasoning": "The image is a map with a compass rose in the center. The compass rose is clearly visible and has a north arrow, which is colored red and blue. The image is somewhat aged and worn, with visible creases and discoloration, but the main elements are still clear. The quality of the image is good, with some minor artifacts and discoloration, but it does not detract from the overall visibility of the compass rose and its components."}, {"ans": [true, false, 0.9], "reasoning": "The image is showing skyscrapers with visible windows, so the answer to the first question is True. The windows are visible on the skyscrapers, so the answer to the second question is False. The image is of high quality, with clear details and no visible artifacts or distortions, so the quality score is 0.9."}, {"ans": [true, true, 0.8], "reasoning": "The image shows a conductor standing on a stage, with their back to the camera and their right arm raised. The conductor is wearing a long, dark-colored coat and appears to be leading an orchestra. The image is slightly blurry, but the main elements are still visible. The baton is not visible in the conductor's hand, suggesting that it is either missing or not visible. The overall quality of the image is good, with some minor blurring and a warm color tone."}, {"ans": [true, false, 0.9], "reasoning": "The image shows a soccer field with two visible soccer goals, one on the left and one on the right side of the image. The goals are clearly visible and appear to be complete with crossbars. The image is taken from an aerial view, and the soccer field is well-maintained with striped grass. The quality of the image is high, with clear details of the field and the goals. There are no visible artifacts, blurring, or other issues that would decrease the quality score. Therefore, the answer to the first question is True because the image is showing a soccer goal. The answer to the second question is False because the crossbar is visible on both goals. The quality score is 0.9 because the image is clear and well-defined, with no significant issues."}, {"ans": [true, true, 0.4], "reasoning": "The image appears to show a complex piece of laboratory equipment, possibly a microscope or a similar scientific instrument, given the presence of various lenses and tubes. However, the image is heavily blurred and distorted, making it difficult to discern specific details. The main object in the image is recognizable as a microscope or a related device, so the answer to the first question is True. For the second question, the lenses are not clearly visible due to the distortion and blurring, so it can be considered that the lenses are not visible, making the answer True. The quality of the image is rated 0.4 due to the significant blurring and distortion, which affects the clarity and visibility of the details in the image."}]