[{"ans": [true, true, 1.0], "reasoning": "The image shows a sailboat on the water. The sailboat is white with a tall mast and ropes, but there are no sails visible. The boat is floating on calm blue water under a clear blue sky. The image is clear and well-defined, with no visible artifacts or distortions. The main object, the sailboat, is clearly visible, so the answer to Question 1 is True. The sails are not visible, so the answer to Question 2 is True. The image quality is high, with no noticeable issues, so the quality score is 1.0."}, {"ans": [true, false, 1.0], "reasoning": "The image clearly shows a bicycle leaning against a brick wall. The bicycle is red with silver accents and has a visible chain connecting the pedals to the rear wheel. The chain is not missing or obscured, so it is visible. The image is sharp and well-lit, with no visible artifacts or distortions that would detract from its quality."}, {"ans": [true, false, 0.95], "reasoning": "The image is showing a cat, which is the main object. The cat has visible whiskers, so they are not missing. The image is clear and well-focused, with no visible artifacts or distortions that would affect the quality. The only reason for not giving it a perfect score is the slight blurring of the background."}, {"ans": [true, false, 0.95], "reasoning": "The image shows a castle with a large stone wall and a gatehouse. The gatehouse has an arched entrance, and there are no visible gates. The image is clear and well-lit, with no visible artifacts or distortions. The quality of the image is high, with a score of 0.95. For question 1, the image is showing a castle, so the answer is True. For question 2, the gates are not visible, but it appears that they are not missing, as there are hinges on the gateposts, indicating that gates are present but not visible, possibly open or not fully closed, so the answer is False."}, {"ans": [true, false, 0.9], "reasoning": "The image is showing a hot-air balloon with a visible basket. The basket is attached to the balloon and is clearly visible, so it is not missing or invisible. The image is of high quality with clear details and no visible artifacts or distortions, though the color tone is somewhat warm due to the sunrise or sunset lighting, which is natural and not a quality issue."}, {"ans": [true, false, 0.9], "reasoning": "The image clearly shows a turtle with a visible shell on a beach. The turtle is centered in the image, and its shell is clearly visible, indicating that the shell is not missing. The image is of high quality with clear details of the turtle and its surroundings, although there might be a slight decrease in quality due to minor artifacts or compression, hence a quality score of 0.9."}, {"ans": [true, false, 0.95], "reasoning": "The image clearly shows a train at a station, so the answer to Question 1 is True. The wheels of the train are partially visible, so they are not missing or entirely not visible, making the answer to Question 2 False. The image is sharp and clear, with no visible artifacts or distortions, so the quality score is high, but slightly less than 1 due to minor compression artifacts around the lights."}, {"ans": [true, false, 0.95], "reasoning": "The image clearly shows a pair of eyeglasses with lenses. The lenses are visible and appear to be intact, so they are not missing. The image is sharp and well-lit, with no visible artifacts or distortions that would detract from its quality. The only reason for not giving it a perfect score is the slight reflection on the surface below the glasses, but it does not significantly impact the overall quality."}, {"ans": [true, false, 1.0], "reasoning": "The image clearly shows a fountain pen with a visible nib, indicating that the main object is present. The nib is not missing or invisible, so the second question is answered as false. The image is of high quality with no visible artifacts, blurring, or other issues that would affect the quality score."}, {"ans": [true, false, 1.0], "reasoning": "The image shows an umbrella, which is the main object, leaning against a wall. The canopy of the umbrella is visible, indicating that it is not missing. The image is clear and well-defined, with no visible artifacts, blurring, or other issues that would affect its quality. Therefore, the answer to Question 1 is True, the answer to Question 2 is False, and the quality score is 1.0."}, {"ans": [true, false, 1.0], "reasoning": "The image clearly shows an airplane on a runway, indicating that the main object is indeed an airplane. The wings of the airplane are visible, although partially obscured by the angle of the shot and the presence of the tail section. The image is sharp and clear, with no visible artifacts or distortions that would affect its quality."}, {"ans": [true, true, 1.0], "reasoning": "The image shows a desk lamp with a brass finish, positioned over an open book on a wooden table. The lamp's shade is directed towards the book, and there is a pull chain hanging from the lamp. The bulb is not visible as it is enclosed within the lamp's shade. The image is clear and well-lit, with no visible artifacts or distortions. The main object, the desk lamp, is present. The bulb is not visible, so it is considered missing for the purpose of this question."}, {"ans": [true, false, 1.0], "reasoning": "The image clearly shows an electric guitar with a visible neck. The guitar is hanging on a wall, and the neck is not missing or obstructed from view. The image is sharp and well-lit, with no visible artifacts or distortions that would affect the quality."}, {"ans": [true, false, 1.0], "reasoning": "The image clearly shows a fish lying on ice, with all its fins visible. The fish is the main object in the image, and it is clearly identifiable. The fins are also clearly visible, so they are not missing or invisible. The image is of high quality, with no visible artifacts, blurring, or other issues that would detract from its clarity."}, {"ans": [true, false, 1.0], "reasoning": "The image shows a small brick house with a gable roof, which can be considered a cottage. The roof is visible and not missing. The image is clear and well-defined, with no visible artifacts or distortions that would affect its quality. Therefore, the answer to Question 1 is True, the answer to Question 2 is False, and the quality score is 1.0."}, {"ans": [true, true, 0.95], "reasoning": "The image is showing a convertible car with its top down, and the windshield is not visible as it is folded down along with the roof. The main object, a car, is present in the image. The windshield is considered missing or not visible because it is folded down and not in its normal position. The image quality is high, with clear details and no visible artifacts or distortions that would affect the assessment of the car or its features."}, {"ans": [true, false, 0.95], "reasoning": "The image clearly shows a keyboard with a spacebar. The spacebar is present and visible, so it is not missing. The image is of high quality, with clear details and vibrant colors, but the slight blur on the reflection on the surface below the keyboard slightly reduces its quality score."}, {"ans": [true, false, 0.95], "reasoning": "The image clearly depicts an owl perched on a tree branch under a full moon, with detailed feathers visible across its body. The presence of the owl is evident, answering the first question affirmatively. For the second question, the feathers are not missing or invisible; they are a prominent feature of the owl's appearance, covering its body. Thus, the answer to the second question is false. The image quality is high, with clear details and no visible artifacts or distortions that would detract from the overall clarity of the image, hence a quality score of 0.95."}, {"ans": [true, false, 0.95], "reasoning": "The image shows a leather-bound book on a wooden surface. The book is open, and its pages are visible. The main object in the image is indeed a book, so the answer to the first question is True. The pages of the book are visible, so they are not missing or not visible, making the answer to the second question False. The image is clear and well-rendered, with no visible artifacts or distortions that would detract from its quality. Therefore, the quality score is 0.95, indicating a high-quality image."}, {"ans": [true, false, 0.95], "reasoning": "The image clearly shows a lighthouse, which is the main object. The lighthouse has a lamp visible inside the glass enclosure at the top, so the lamp is not missing or invisible. The image is of high quality with no visible artifacts, blurring, or other issues that would detract from its clarity. The only reason it doesn't score a perfect 1 is due to the slightly overcast and cloudy sky, which might slightly affect the brightness and contrast, but not significantly."}, {"ans": [true, false, 1.0], "reasoning": "The image clearly shows an armchair with visible legs, so the main object is present. The legs are visible, so they are not missing or not visible. The image is clear and of high quality, with no visible artifacts or distortions."}, {"ans": [true, true, 0.95], "reasoning": "The image clearly shows a deer standing in a forest, facing the camera. The deer appears to be a female or a young male as there are no visible antlers on its head. The image is sharp and well-lit, with good detail visible on the deer's fur and the surrounding environment. The quality of the image is high, with no noticeable artifacts or distortions. The main object, the deer, is clearly visible and centered in the frame. Therefore, the answer to the first question is True. For the second question, since there are no antlers visible on the deer's head, the answer is True. The quality of the image is rated 0.95 out of 1, as it is very clear and detailed."}, {"ans": [true, false, 1.0], "reasoning": "The image shows a white envelope with its flap closed, placed on a marble surface. The envelope is clearly visible and appears to be intact, with the flap covering the opening. There are no visible artifacts, blurring, or other issues that would affect the quality of the image. Therefore, the answer to Question 1 is True because the image is showing an envelope. The answer to Question 2 is False because the flap is present and visible, covering the envelope's opening. The quality of the image is rated as 1, indicating it is of high quality with no noticeable issues."}, {"ans": [true, true, 1.0], "reasoning": "The image is showing a wall clock. The clock face is white with black hands, and there are no numbers visible on the clock face. The image is clear and well-lit, with no visible artifacts or distortions. The clock is centered on a wall above a fireplace mantel, which is decorated with various items such as vases and plants. The overall quality of the image is high, with a score of 1.0."}, {"ans": [true, false, 1.0], "reasoning": "The image clearly depicts a person wearing a white space suit, including a helmet, floating in a swimming pool. The presence of the space suit and helmet directly answers the first question affirmatively. For the second question, the helmet is visibly present and not missing, so the answer is false. The image is of high quality with clear details and no visible artifacts or distortions, hence the quality score is 1.0."}, {"ans": [true, false, 1.0], "reasoning": "The image clearly shows a windmill with blades in a field. The windmill is the main object and is visible with its blades intact. Therefore, the answer to Question 1 is True because the image is showing a windmill. The answer to Question 2 is False because the blades are not missing or invisible; they are clearly visible. The quality of the image is rated 1.0 because it is clear, well-lit, and free of artifacts or distortions."}, {"ans": [true, true, 0.95], "reasoning": "The image prominently features a large tree without leaves, centered in the frame. The tree's branches are bare, and the surrounding trees also lack leaves. The main object, a tree, is clearly visible, so the answer to the first question is True. For the second question, the leaves are not just missing but are also not visible on the trees, so the answer is True. The image quality is high, with clear details and no visible artifacts or distortions, hence a quality score of 0.95."}, {"ans": [true, true, 0.95], "reasoning": "The image shows a yellow school bus parked in front of a building. The bus is clearly visible, and its main features are discernible. For Question 1, the image is showing a bus, so the answer is True. For Question 2, the doors of the bus are not visible as the side of the bus is shown, and the front door is not in view, so the answer is True. The quality of the image is high, with clear details and no visible artifacts or distortions, so the quality score is 0.95."}, {"ans": [true, true, 1.0], "reasoning": "The image shows a laptop on a table. The laptop is open and facing away from the viewer, with its screen not visible. The first question asks if the image is showing a laptop, which it is, so the answer is True. The second question asks if the screen is missing or not visible. Since the screen is not visible because it is facing away from the viewer, the answer is True. The image is clear and well-lit, with no visible artifacts or distortions, so the quality is rated as 1.0."}, {"ans": [true, true, 1.0], "reasoning": "The image clearly shows a trumpet lying on a red velvet fabric. The trumpet is visible and appears to be intact, answering the first question affirmatively. Upon closer inspection, it is evident that the mouthpiece is not attached to the trumpet, thus it is missing. The image is of high quality with no visible artifacts, blurring, or unnatural colors, hence the quality score is 1.0."}, {"ans": [true, false, 1.0], "reasoning": "The image clearly shows a robot standing in a laboratory setting. The robot is fully visible and has a distinct head with a face, indicating that the head is present and not missing. The image is of high quality with clear details and no visible artifacts or distortions."}, {"ans": [true, true, 1.0], "reasoning": "The image shows a candle, which is the main object. The candle appears to be a simple, white, cylindrical candle on a silver tray. The wick is not visible, likely because it is missing or not visible due to the angle or lighting of the image. The image is clear and well-lit, with no visible artifacts or distortions that would affect its quality."}, {"ans": [true, true, 0.95], "reasoning": "The image is showing a pizza, which is the main object. The pizza appears to be a tomato-based pizza with various toppings, but there is no visible cheese on top, suggesting that the cheese is either missing or not visible. The image is clear and well-lit, with no noticeable artifacts or distortions, hence the high quality score of 0.95."}, {"ans": [true, true, 0.95], "reasoning": "The image shows a Canon DSLR camera body without a lens attached. The camera is displayed on a stand on a wooden shelf against a white background. The camera body is clearly visible, and the absence of a lens is evident. The image is well-lit and sharp, with no visible artifacts or distortions. The quality of the image is high, with a score of 0.95. The lens is missing, so answer 2 is true."}, {"ans": [true, false, 1.0], "reasoning": "The image clearly shows a grand piano on a stage in an auditorium. The piano is centered and facing the camera, with its lid open. The keys are visible and appear to be intact. The image is well-lit, and there are no visible artifacts, blurring, or other issues that would affect the quality. Therefore, the answer to Question 1 is True because the image is showing a piano. The answer to Question 2 is False because the keys are visible and not missing. The quality of the image is rated 1.0 because it is clear and well-rendered, with no noticeable issues."}, {"ans": [true, false, 0.9], "reasoning": "The image shows a paintbrush with visible bristles next to a palette of paints on a canvas. The main object, a paintbrush, is present. The bristles are visible and not missing. The image is clear and well-defined, with vibrant colors and detailed textures, indicating a high-quality image. The only reason the quality score is not 1 is due to the slight texture and visible brush strokes on the canvas, which could be considered minor artifacts."}, {"ans": [true, false, 1.0], "reasoning": "The image clearly shows a watch with a visible face and a black strap. The watch is centered in the image, and its details are sharp and clear. The strap is partially visible, indicating that it is not missing. The image quality is high, with no visible artifacts, blurring, or other issues that would detract from the overall clarity. Therefore, the answer to Question 1 is True because the image is showing a watch. The answer to Question 2 is False because the strap is visible. The quality score is 1.0 because the image is clear and well-defined, with no noticeable defects."}, {"ans": [true, false, 0.95], "reasoning": "The image clearly shows a man sitting in a dentist's chair with his mouth open, revealing his teeth and tongue. The dentist is examining his teeth with a dental tool. The main object, the mouth, is present and visible. The tongue is also visible inside the mouth. The image is sharp and clear, with no noticeable artifacts or blurring. The only reason the quality score is not 1 is due to the slight shadow on the man's chin and the slight blurring in the background, but these do not significantly impact the visibility of the main object or the tongue."}, {"ans": [true, false, 0.95], "reasoning": "The image clearly shows a motorcycle in the center of a neon-lit street. The motorcycle is facing to the right and its handlebars are visible. The image is well-lit and detailed, with no visible artifacts or distortions that would affect the quality. The only reason the quality is not rated as 1 is due to the slight fog or haze in the background, but it does not significantly impact the visibility of the motorcycle or its components."}, {"ans": [true, false, 1.0], "reasoning": "The image clearly shows a television set, which is the main object in question. The television is an older model with a wooden cabinet and a CRT screen. The screen is visible, although it appears to be turned off or displaying a static image. The presence of the screen answers the first question affirmatively. For the second question, the screen is not missing; it is present and visible, albeit not displaying any content. Therefore, the answer to the second question is false. The image is of high quality, with clear details and no visible artifacts or distortions that would affect the perception of the television or its screen. Thus, the quality score is 1.0."}, {"ans": [true, false, 0.95], "reasoning": "The image is clearly showing a goat with horns standing on a rocky outcrop. The goat is white and fluffy, with two visible horns on its head. The background is a blurred snowy mountain landscape. The image is sharp and clear, with no visible artifacts or distortions. The quality of the image is high, with a score of 0.95 out of 1. The main object, the goat, is clearly visible and well-defined. The horns are also clearly visible, so the answer to the second question is False."}, {"ans": [true, false, 1.0], "reasoning": "The image clearly shows a red sneaker with white laces on a bench in front of lockers. The sneaker is the main object and is clearly visible. The laces are also visible, so they are not missing or invisible. The image is sharp and well-lit, with no visible artifacts or distortions, indicating a high-quality image."}, {"ans": [true, false, 0.95], "reasoning": "The image clearly shows a frog sitting on a lily pad in the water. The frog is green with large, visible eyes. The image is sharp and well-defined, with no noticeable artifacts or distortions that would affect the visibility of the main subject. The eyes of the frog are clearly visible, so they are not missing or invisible. The quality of the image is high, with clear details of the frog and its surroundings. The only minor deduction in quality comes from the slight blurring of the background, but this does not affect the main subject."}, {"ans": [true, false, 1.0], "reasoning": "The image is showing a white ceramic mug with a blue floral design and a matching saucer. The mug has a handle on the right side. The main object, the mug, is clearly visible and identifiable. The handle is present and visible. The image is of high quality with clear details and no visible artifacts or distortions."}, {"ans": [true, false, 1.0], "reasoning": "The image clearly shows a saxophone with its keys visible. The saxophone is the main object in the image, and it is displayed in a well-lit and clear manner. The keys are also visible and appear to be intact, so they are not missing or invisible. The image is of high quality, with no visible artifacts, blurring, or other issues that would detract from its clarity."}, {"ans": [true, false, 0.95], "reasoning": "The image clearly shows a skateboard with wheels. The skateboard is positioned on a brick surface, and all four wheels are visible and intact. The image is sharp and well-lit, with no visible artifacts or distortions that would affect the quality. The quality score is 0.95 because the image is very clear and detailed, with only minor signs of wear on the bricks in the background, which does not detract from the main subject."}, {"ans": [true, false, 1.0], "reasoning": "The image clearly shows a fedora hat on a stand, with the brim visible. The main object, a fedora, is present, so the answer to the first question is True. The brim is visible, so it is not missing or not visible, making the answer to the second question False. The image is of high quality, with clear details and no visible artifacts or distortions, so the quality score is 1.0."}, {"ans": [true, false, 0.95], "reasoning": "The image clearly shows a motorcycle helmet on a workbench in a workshop. The helmet is black and has a visor that is intact and visible. The visor is not missing or damaged, it is clearly attached to the helmet. The image is sharp and well-lit, with no visible artifacts or distortions that would affect the quality. The only reason the quality is not 1 is due to the slight reflection on the visor and helmet, but it does not obstruct the view of the main object."}, {"ans": [true, true, 0.95], "reasoning": "The image shows a bedframe with an ornate wooden structure, including a headboard and footboard, but it does not have a mattress. The bedframe is the main object in the image, so the answer to the first question is True. The mattress is not visible as it is not present on the bedframe, so the answer to the second question is True. The image is of high quality, with clear details and no visible artifacts or distortions, so the quality score is 0.95."}, {"ans": [true, false, 1.0], "reasoning": "The image shows a clock tower with two visible clock faces. The main object, a clock tower, is present in the image, so the answer to the first question is True. The clock faces are visible, so the answer to the second question is False. The image is clear and well-defined, with no visible artifacts or distortions, so the quality score is 1.0."}, {"ans": [true, false, 1.0], "reasoning": "The image clearly shows a pocket watch with its cover open, revealing the face and inner mechanisms. The hands of the watch are visible, indicating the time. The image is sharp and well-lit, with no visible artifacts or distortions that would detract from its quality. The pocket watch is the main object in the image, and it is displayed prominently on a satin fabric background. The hands of the watch are clearly visible, so they are not missing or invisible."}, {"ans": [true, false, 1.0], "reasoning": "The image clearly shows a bicycle, so the answer to the first question is True. The pedals are visible on the bicycle, so the answer to the second question is False. The image is of high quality, with no visible artifacts, blurring, or other issues, so the quality score is 1."}, {"ans": [true, false, 0.9], "reasoning": "The image shows a portrait of a woman with her eyes visible, so the answer to the first question is True. The eyes are clearly visible in the portrait, so the answer to the second question is False. The image is of high quality, with clear details and no visible artifacts or distortions, but the quality score is not 1 because the image is a photograph of a painting, and there are some minor reflections on the glass covering the painting, hence the score is 0.9."}, {"ans": [true, false, 0.95], "reasoning": "The image depicts a grand piano on a stage with spotlights shining down. The piano's lid is open, revealing the internal mechanisms, including the hammers. The presence of the hammers is visible, indicating that they are not missing. The image is clear and well-lit, with no visible artifacts or distortions that would detract from its quality. The only reason for not giving it a perfect score is the slight presence of fog or haze in the background, which slightly reduces the overall clarity."}, {"ans": [true, true, 0.9], "reasoning": "The image depicts a sailing ship, which is the main object, so the answer to the first question is True. The sails are not visible on the ship, so the answer to the second question is True. The image is of high quality, with clear details and no visible artifacts or distortions, so the quality score is 0.9. The absence of sails does not affect the quality score as per the instructions."}, {"ans": [true, false, 1.0], "reasoning": "The image clearly depicts a large oak tree with a sprawling canopy and visible leaves, indicating that it is an oak tree and the leaves are not missing. The image is of high quality with no visible artifacts or distortions."}, {"ans": [true, false, 0.95], "reasoning": "The image depicts a stone cottage with a gable roof and a chimney, surrounded by trees and vines. The cottage is clearly visible, and its main features are discernible. The door is present and visible on the front facade of the cottage. The image is of high quality, with clear details and no visible artifacts or distortions that would detract from the overall perception of the scene. The quality score is 0.95 because the image is very clear and detailed, with no noticeable issues."}, {"ans": [true, false, 1.0], "reasoning": "The image clearly shows a passenger jet on a runway. The wings are visible on both sides of the aircraft, indicating that they are not missing. The image is of high quality, with clear details and no visible artifacts or distortions."}, {"ans": [true, true, 0.95], "reasoning": "The image clearly shows a wristwatch with a white face and brown leather strap in a box. The watch face has hour markers but no numbers. The main object, a wristwatch, is present, so the answer to the first question is True. The numbers are not visible on the watch face, so the answer to the second question is True. The image is clear and well-lit, with no visible artifacts or distortions, hence the quality score is high at 0.95."}, {"ans": [true, false, 0.95], "reasoning": "The image shows a pizza with a red sauce base, topped with basil leaves and having a crust with various toppings around the edges. The pizza appears to be on a wooden table or surface. For Question 1, the image is showing a pizza, so the answer is True. For Question 2, the cheese is visible around the edges and in some parts of the pizza, so the answer is False. The quality of the image is rated 0.95 because it is clear and well-defined, with no visible artifacts or distortions."}, {"ans": [true, false, 0.8], "reasoning": "The image shows traffic signals with lights. The traffic signals are clearly visible at the top of the image, and they have red lights illuminated. Therefore, the answer to the first question is True. For the second question, the lights are visible on the traffic signals, so the answer is False. The quality of the image is rated 0.8 because while it is clear and well-lit, there is a bright light in the background that causes some overexposure and flare around the traffic signals."}, {"ans": [true, false, 0.95], "reasoning": "The image clearly shows a skateboard with a rainbow-colored deck and yellow wheels. The skateboard is positioned on a concrete surface, and the wheels are visible and appear to be intact. The image is well-lit, with clear details of the skateboard's components. There are some minor scratches and marks on the deck, but overall, the image is sharp and well-defined. The quality of the image is high, with a score of 0.95 out of 1. The main object, the skateboard, is present, so the answer to the first question is true. The wheels are visible, so the answer to the second question is false."}, {"ans": [true, false, 0.95], "reasoning": "The image clearly shows a chessboard with pieces on it, so the answer to the first question is True. The black pieces are visible on the board, so the answer to the second question is False. The image is of high quality, with clear details and no visible artifacts or distortions, so the quality score is 0.95. The slight deduction from 1 is due to the minor reflection on the chessboard."}, {"ans": [true, true, 1.0], "reasoning": "The image shows a red Ferrari sports car in a luxurious room. The car is a convertible with its top down, and it is facing towards the left side of the image. The car's sleek design and vibrant red color are prominently displayed. The brakes are not visible as the wheels are facing forward and the brake calipers are not visible. The image is of high quality, with clear details and no visible artifacts or distortions. The lighting is well-balanced, and the reflection of the car on the shiny floor adds to the overall aesthetic. Therefore, the answer to Question 1 is True because the image is showing a sports car. The answer to Question 2 is True because the brakes are not visible. The quality of the image is rated as 1.0 because it is clear and well-rendered, with no noticeable issues."}, {"ans": [true, true, 1.0], "reasoning": "The image shows a book with blank pages, so it is indeed showing a book. The text is not visible on the pages, as they are blank, so the text is considered missing or not visible. The image is clear and well-lit, with no visible artifacts or distortions, so the quality is rated as 1.0."}, {"ans": [true, false, 1.0], "reasoning": "The image clearly shows a computer tower with its side panel removed, revealing the internal components. The presence of fans is evident, so the main object (computer tower) is present. The fans are visible, so they are not missing or invisible. The image is of high quality with no visible artifacts, blurring, or unnatural colors."}, {"ans": [true, false, 1.0], "reasoning": "The image clearly shows a scarecrow standing in a field of wheat. The scarecrow is wearing a plaid shirt and a straw hat, and its arms are visible and attached to a wooden post. The image is sharp and well-defined, with no visible artifacts or distortions. Therefore, the answer to Question 1 is True because the main object, the scarecrow, is present. The answer to Question 2 is False because the arms of the scarecrow are visible. The quality of the image is rated as 1.0 because it is clear and well-defined, with no noticeable issues."}, {"ans": [true, false, 0.9], "reasoning": "The image depicts a man in armor, which is typically associated with a knight. The main object in the image is indeed a knight, so the answer to the first question is True. The sword is visible behind the knight's right shoulder, so it is not missing or invisible, making the answer to the second question False. The image is of high quality, with detailed and realistic rendering of the armor and the background. However, the quality score is not 1 due to slight artifacts visible upon close inspection, hence a score of 0.9."}, {"ans": [true, false, 1.0], "reasoning": "The image is showing a white teapot with a floral design on it, placed on a bamboo mat. The teapot has a handle and a lid, and it appears to be made of ceramic material. The image is clear and well-lit, with no visible artifacts or distortions. The teapot is the main object in the image, and it is centered in the frame. The handle of the teapot is visible, so it is not missing or invisible. Therefore, the answer to Question 1 is True, and the answer to Question 2 is False. The quality of the image is high, with a score of 1.0."}, {"ans": [true, false, 0.95], "reasoning": "The image clearly shows a basketball hoop with a net. The net is visible and attached to the hoop, so it is not missing. The image is sharp and well-lit, with no visible artifacts or distortions that would detract from its quality. The only reason the quality score is not 1 is due to minor scratches on the backboard, but they do not significantly impact the overall clarity of the image."}, {"ans": [true, false, 0.95], "reasoning": "The image shows a dining table set with plates, silverware, and glasses. The main object is a dining table, so the answer to the first question is true. The glasses are visible on the table, so the answer to the second question is false. The image is well-lit and clear, with no visible artifacts or distortions, so the quality score is 0.95. The slight shadow under the tablecloth is not considered a significant distortion."}, {"ans": [true, false, 0.95], "reasoning": "The image clearly shows a typewriter on a wooden desk. The typewriter is the main object in the image and is easily identifiable. The ribbon is visible and appears to be properly installed in the typewriter. The image is well-lit and in focus, with no visible artifacts or distortions that would detract from its quality. The only reason the quality is not rated as 1 is due to the slight wear and tear visible on the typewriter and the desk, but this does not significantly impact the overall clarity of the image."}, {"ans": [true, true, 1.0], "reasoning": "The image shows a winter jacket hanging on a coat rack. The jacket is a long, cream-colored puffer coat with a fur-trimmed hood and black buttons down the front. There is no visible zipper on the jacket. The image is clear and well-lit, with no visible artifacts or distortions. Therefore, the answer to Question 1 is True because the image is showing a winter jacket. The answer to Question 2 is True because the zipper is not visible on the jacket. The quality of the image is rated as 1.0 because it is clear and well-lit, with no visible issues."}, {"ans": [true, true, 1.0], "reasoning": "The image clearly shows a sunflower. The seeds are not visible as the flower is likely not yet mature or has been trimmed. The image is of high quality with clear details and no visible artifacts."}, {"ans": [true, false, 1.0], "reasoning": "The image clearly shows an elephant with a visible trunk, walking on a dirt path in a savannah landscape. The trunk is prominent and facing towards the camera. The image is of high quality, with clear details and no visible artifacts or distortions."}, {"ans": [true, true, 0.95], "reasoning": "The image shows a rowboat floating on a serene lake, with a wooden bench inside and a wooden pole attached to the front. The boat is white with a dark brown bottom and has a calm reflection on the water's surface. The background features a dense forest and a cloudy sky. The main object, the rowboat, is clearly visible, so the answer to the first question is True. The oars are not visible in the image, so the answer to the second question is True. The image quality is high, with clear details and no visible artifacts or distortions, so the quality score is 0.95."}, {"ans": [true, false, 0.95], "reasoning": "The image clearly shows a snowman in a residential area. The snowman is well-defined and has a hat, scarf, and other features typical of a snowman. For Question 1, the presence of a snowman is confirmed, so the answer is True. For Question 2, the snowman has buttons visible on its body, so the answer is False. The image quality is high with clear details and no significant artifacts or distortions, so the quality score is 0.95."}, {"ans": [true, false, 1.0], "reasoning": "The image clearly shows a fountain pen lying on top of a notebook. The pen is transparent, allowing the ink inside to be visible. The image is sharp and well-lit, with no visible artifacts or distortions. Therefore, the answer to Question 1 is True because the image is showing a fountain pen. The answer to Question 2 is False because the ink is visible inside the pen. The quality of the image is rated 1.0 because it is clear and well-defined, with no noticeable issues."}, {"ans": [true, true, 0.9], "reasoning": "The image shows a paintbrush with a wooden handle and a metal ferrule, but the bristles are not visible as they appear to be covered in paint and are not distinguishable. The presence of the paintbrush is clear, so the answer to the first question is True. Since the bristles are not visible, the answer to the second question is True. The image quality is high, with clear details of the paintbrush and the surrounding painting, so the quality score is 0.9. There are no visible artifacts or distortions that would significantly impact the quality."}, {"ans": [true, false, 1.0], "reasoning": "The image clearly shows a pair of eyeglasses with round lenses and metal frames, including the temples, on top of a stack of papers with text. The glasses are in sharp focus, and the image is well-lit without any visible artifacts or distortions. Therefore, the main object (eyeglasses) is present, and the temples are visible, so the answer to the first question is True, and the answer to the second question is False. The quality of the image is rated as 1 because it is clear and well-defined."}, {"ans": [true, false, 0.95], "reasoning": "The image clearly shows a person holding an umbrella on a rainy day in a city setting. The umbrella is visible and appears to be intact, with no obvious signs of damage or missing parts. The ribs of the umbrella are visible under the fabric, indicating that they are present. The image is sharp and well-lit, with good contrast between the subject and the background. The overall quality of the image is high, with no noticeable artifacts or distortions. Therefore, the answer to the first question is True, as the image does show an umbrella. The answer to the second question is False, as the ribs are visible under the umbrella's fabric. The quality of the image is rated 0.95 out of 1, as it is a clear and well-composed photograph with no significant issues."}, {"ans": [true, false, 0.95], "reasoning": "The image is showing a wristwatch with a gold case and a brown leather strap. The watch face is visible and has a skeleton design, showing the internal mechanisms. The hour markers are visible on the outer rim of the watch face, indicating the hours. The image is clear and well-lit, with no visible artifacts or distortions. The quality of the image is high, with a score of 0.95 out of 1. The watch is displayed on a black stand under a glass dome, which adds to the overall clarity of the image."}, {"ans": [true, false, 1.0], "reasoning": "The image clearly shows a camping tent set up in a grassy field. The tent is partially assembled with poles visible and holding its shape. The poles are not missing; they are present and visible, supporting the tent's structure. The image is clear and well-defined, with no visible artifacts, blurring, or other quality issues. Therefore, the answer to Question 1 is True because the image is showing a camping tent. The answer to Question 2 is False because the poles are not missing; they are visible. The quality of the image is rated 1.0 because it is clear and free of defects."}, {"ans": [true, false, 0.95], "reasoning": "The image depicts a cuckoo clock with intricate carvings and details, including a clock face, pendulum, and decorative elements such as deer and leaves. The weights are visible at the bottom of the image, hanging from the clock. The image is clear and well-defined, with no visible artifacts or distortions that would affect the overall quality. The quality score is 0.95, indicating a high level of clarity and detail. For question 1, the answer is True because the image shows a cuckoo clock. For question 2, the answer is False because the weights are visible in the image."}, {"ans": [true, true, 0.9], "reasoning": "The image is clearly showing a smartphone. The phone's screen is visible and appears to be in a state of receiving a call, as indicated by the 'call' icon on the screen. The phone's edges and corners are clearly visible, and there is no visible speaker grille on the phone. The image is sharp and well-lit, with clear shadows cast on the surface below the phone. The quality of the image is high, with no visible artifacts or distortions. Therefore, the answer to Question 1 is True, as the image is showing a smartphone. The answer to Question 2 is also True, as the speaker grille is not visible on the smartphone. The quality score is 0.9, as the image is very clear and well-defined, with no noticeable issues."}, {"ans": [true, true, 0.9], "reasoning": "The image clearly shows a motorcycle on a dirt road. The motorcycle is facing the camera, and its front part is visible. The speedometer is not visible in the image, likely because it is not in the direct line of sight from the front. The image is sharp and well-lit, with no noticeable artifacts or distortions that would affect its quality. Therefore, the answer to the first question is True because the image is showing a motorcycle. The answer to the second question is True because the speedometer is not visible. The quality of the image is rated 0.9 because it is clear and well-composed, with the motorcycle being the main focus."}, {"ans": [true, true, 1.0], "reasoning": "The image clearly shows a violin bow. The bow's hair is not visible, indicating it is either missing or not visible. The image is of high quality, with clear details and no visible artifacts or distortions."}, {"ans": [true, true, 1.0], "reasoning": "The image clearly shows a birdcage hanging from the ceiling of a porch. The cage is made of gold-colored metal bars and has a dome-shaped top. There is no visible perch inside the cage. The image is well-lit and has no visible artifacts or distortions. Therefore, the answer to Question 1 is True because the image is showing a birdcage. The answer to Question 2 is True because the perch is not visible inside the birdcage. The quality of the image is rated as 1.0 because it is clear and well-defined, with no noticeable issues."}, {"ans": [true, false, 1.0], "reasoning": "The image is showing a statue of a woman in a classical style, with a head, standing in a colonnaded hallway. The statue is clearly visible and well-defined, with no visible artifacts, blurring, or other issues that would detract from its quality. The head of the statue is present and visible, so the answer to the second question is False. The overall quality of the image is high, with clear details and no distortions, so the quality score is 1.0."}, {"ans": [true, false, 1.0], "reasoning": "The image clearly shows a teddy bear sitting on a bed. The teddy bear has a visible nose, so it is not missing. The image is of high quality, with clear details and no visible artifacts or distortions."}, {"ans": [true, false, 1.0], "reasoning": "The image clearly shows a pair of sneakers with laces. The sneakers are positioned on a black mat in front of a door, and the laces are visible and appear to be properly tied. The image is sharp and well-lit, with no visible artifacts or distortions that would affect the quality. Therefore, the answer to Question 1 is True because the image is showing sneakers. The answer to Question 2 is False because the laces are visible and not missing. The quality of the image is rated as 1.0 because it is clear and well-defined, with no noticeable issues."}, {"ans": [true, false, 1.0], "reasoning": "The image clearly shows a refrigerator with its doors open, revealing the interior. The main object, the refrigerator, is present. The door shelves are visible on the right door, so they are not missing or invisible. The image is of high quality, with clear details and no visible artifacts or distortions."}, {"ans": [true, false, 0.9], "reasoning": "The image clearly shows a campfire with four young women sitting around it. The campfire is the central focus of the image, and it is surrounded by stones. Flames are visible, indicating that the fire is burning. The image is well-lit and clear, with no visible artifacts or distortions that would detract from its quality. The presence of flames directly answers both questions: the image is showing a campfire, and the flames are not missing. The quality is rated 0.9 because the image is very clear and well-rendered, with no noticeable issues."}, {"ans": [true, false, 1.0], "reasoning": "The image clearly shows a drinking fountain with water flowing from it, indicating that it is present and functional. The main object, the drinking fountain, is visible and centered in the image. The water is also visible, flowing from the fountain's spout into the basin, so it is not missing or invisible. The image is sharp and clear, with no visible artifacts, blurring, or other issues that would affect its quality. Therefore, the quality of the image is rated as 1.0."}, {"ans": [true, false, 0.95], "reasoning": "The image clearly shows a revolver with a visible trigger guard. The revolver is positioned on a green surface, and its details are well-defined. The trigger guard is present and visible around the trigger. The image is sharp and well-lit, with no visible artifacts or distortions that would affect the quality. The only reason for not giving it a perfect score is the slight texture and fiber visibility on the green surface, but it does not detract significantly from the overall clarity of the revolver."}, {"ans": [true, false, 0.9], "reasoning": "The image is a detailed illustration of a compass rose, which is the main object. The compass rose is intricately designed with various elements, including a north arrow that is clearly visible. The image is of high quality, with clear lines and details, although it has a slightly aged appearance with some torn edges, suggesting it is meant to look like an old map or parchment. The presence of the north arrow is evident, indicating direction. The overall quality is high, with no significant artifacts or blurring that would detract from the visibility of the compass rose or its components."}, {"ans": [true, false, 0.9], "reasoning": "The image depicts a futuristic cityscape with multiple skyscrapers, some of which have visible windows. The main objects in the image are the skyscrapers, and they are clearly visible. Therefore, the answer to Question 1 is True. For Question 2, the windows are visible on some of the skyscrapers, so the answer is False. The image quality is high, with clear details and no visible artifacts or distortions, so the quality score is 0.9."}, {"ans": [true, true, 1.0], "reasoning": "The image depicts a conductor standing on a podium, wearing a tuxedo, with his right arm raised and left arm extended outward. He is surrounded by an orchestra, indicating that he is leading the performance. The conductor's attire and gestures are consistent with those typically associated with conductors. There is no visible baton in either of the conductor's hands, suggesting that it is either missing or not visible. The image is clear and well-lit, with no visible artifacts or distortions that would detract from its quality."}, {"ans": [false, true, 0.9], "reasoning": "The image shows a soccer field with a penalty area marked, but there is no visible soccer goal. Therefore, the answer to the first question is False. Since there is no soccer goal visible, the crossbar is also not visible, making the answer to the second question True. The image quality is high, with clear details and no visible artifacts or distortions, so the quality score is 0.9."}, {"ans": [true, false, 1.0], "reasoning": "The image clearly shows a microscope on a table. The microscope is a binocular type with two eyepieces visible at the top. The objective lenses are also visible and appear to be attached to the microscope's nosepiece. There are no visible signs of damage, blurring, or other issues that would affect the quality of the image. Therefore, the main object (microscope) is present, and the lenses are not missing or not visible."}]