[{"ans": [true, false, 1.0], "reasoning": "The image depicts a sailboat with its sail partially visible, indicating it is a sailboat. The sail is not fully visible but is present, so it is not considered missing. The image is clear and well-lit, showing the sailboat and its sail in detail, thus the quality is rated as 1.0."}, {"ans": [true, false, 0.9], "reasoning": "The image clearly shows a bicycle, so the answer to the first question is True. The chain is visible and not missing, so the answer to the second question is False. The quality of the image is rated 0.9 because it is clear and well-lit, with no significant issues affecting the visibility of the bicycle or its components."}, {"ans": [true, false, 1.0], "reasoning": "The image clearly shows a cat sitting on a windowsill. The cat is visible and identifiable, so the answer to the first question is True. The cat's whiskers are also clearly visible, so the answer to the second question is False. The image is of high quality, well-lit, and in focus, so the quality score is 1."}, {"ans": [true, true, 0.9], "reasoning": "The image depicts a stone archway within a wall, which appears to be part of a castle or fortification. The presence of the wall and the archway suggests a defensive structure, and the overall architecture is consistent with that of a castle. Therefore, the answer to the first question is True. The gates are not visible in the image, as there is only an empty archway. Hence, the answer to the second question is also True. The image is well-lit and clear, with no visible distortions or obstructions that would significantly impact its quality. Thus, the quality score is 0.9."}, {"ans": [true, false, 0.9], "reasoning": "The image depicts a hot-air balloon with a visible basket, so the answer to the first question is True. The basket is clearly visible, so the answer to the second question is False. The image is of high quality, with clear details of the balloon and the landscape, so the quality score is 0.9."}, {"ans": [true, false, 1.0], "reasoning": "The image clearly shows a turtle with a visible shell. The turtle is centered in the image, and its shell is prominent. Therefore, the answer to Question 1 is True because the image is showing a turtle. The answer to Question 2 is False because the shell is visible. The quality of the image is rated 1 because it is clear and well-lit, with no visible distortions or issues that would detract from the visibility of the turtle or its shell."}, {"ans": [true, true, 1.0], "reasoning": "The image clearly shows a train at a station, indicating that the main object is indeed a train. The train appears to be elevated on the tracks, and its wheels are not visible, suggesting that they are either missing or obscured from view. The image is well-lit and in focus, contributing to a high-quality score."}, {"ans": [true, false, 1.0], "reasoning": "The image clearly shows a pair of eyeglasses with lenses. The main object in the image is the eyeglasses, and they are present. The lenses are also visible, indicating that they are not missing. Therefore, the answer to the first question is True. For the second question, since the lenses are visible, the answer is False. The image is of high quality as it clearly displays the eyeglasses and their details."}, {"ans": [true, false, 1.0], "reasoning": "The image shows two fountain pens, one with the nib visible and the other with the cap on, covering the nib. The presence of the nib on one pen confirms that the object is a fountain pen. The nib is visible on one pen, so it is not missing or not visible for that pen."}, {"ans": [true, false, 1.0], "reasoning": "The image clearly shows an umbrella with a canopy, so the answer to the first question is True. The canopy is visible, so the answer to the second question is False. The image is of high quality and clearly shows the umbrella and its canopy, so the quality score is 1."}, {"ans": [true, false, 1.0], "reasoning": "The image clearly shows a white airplane on a runway, with its wings visible on both sides. The presence of the airplane is evident, and the wings are not missing or invisible. The image is of high quality, with clear details of the airplane and its surroundings."}, {"ans": [true, true, 1.0], "reasoning": "The image shows a desk lamp with a brass finish, which is a common material for desk lamps. The lamp is placed on a wooden table next to an open book. The lamp's shade is directed towards the book, suggesting that it is being used to illuminate the text. The bulb is not visible as it is enclosed within the lamp's shade, thus it is considered missing or not visible according to the given conditions. The image is clear and well-lit, with a plain background that does not distract from the main subject. Therefore, the quality of the image is rated as 1."}, {"ans": [true, false, 0.9], "reasoning": "The image is showing an electric guitar with a visible neck, so the answer to the first question is True. Since the neck is visible, the answer to the second question is False. The quality of the image is rated 0.9 because it is clear and well-lit, with no visible distortions or obstructions. The only reason it is not rated 1 is due to the slight shadow around the guitar, which is a minor imperfection."}, {"ans": [true, false, 1.0], "reasoning": "The image clearly shows a fish, so the answer to the first question is True. The fins are visible on the fish, so the answer to the second question is False. The image is of high quality and is clear, so the quality score is 1.0."}, {"ans": [true, false, 1.0], "reasoning": "The image is showing a cottage with a roof. The roof is clearly visible and not missing. The image is of high quality as it clearly depicts the cottage and its features."}, {"ans": [true, false, 0.9], "reasoning": "The image is taken from inside a vintage convertible car, showing its interior and the road ahead. The windshield is visible and intact, indicating that it is not missing. The image quality is high, with clear details of the car's interior and the surrounding environment. The presence of the windshield answers the second question, and its visibility contributes to the overall quality assessment."}, {"ans": [true, false, 1.0], "reasoning": "The image is showing a keyboard with a visible spacebar, so the answer to the first question is True. The spacebar is present and visible, so the answer to the second question is False. The image is clear and well-lit, and the keyboard is centered in the frame, so the quality is rated as 1."}, {"ans": [true, false, 0.9], "reasoning": "The image clearly depicts an owl perched on a branch, with detailed feathers visible across its body. The presence of the owl is evident, fulfilling the first question's condition. For the second question, the feathers are not missing or invisible; they are clearly illustrated, covering the owl's body. Thus, the answer to the second question is false. The image is of high quality, with clear and detailed elements, hence the quality score is 0.9."}, {"ans": [true, false, 1.0], "reasoning": "The image shows a book with its pages visible, indicating that the main object (a book) is present. The pages are not missing; they are blank and visible, so they are not missing or not visible. The image is clear and well-lit, showing the book and its pages in detail, hence the quality is rated as 1."}, {"ans": [true, false, 0.9], "reasoning": "The image is showing a lighthouse with a visible lamp. The main object, the lighthouse, is present. The lamp is visible inside the glass enclosure at the top of the lighthouse, so it is not missing or invisible. The image is of high quality, with clear details of the lighthouse and its surroundings."}, {"ans": [true, false, 1.0], "reasoning": "The image shows an armchair with a beige cover and visible legs, sitting on a patterned rug against a white wall. The main object in the image is an armchair, so the answer to the first question is True. The legs of the armchair are visible, so the answer to the second question is False. The image is clear and well-lit, and it does not appear to be missing any key elements, so the quality is rated as 1."}, {"ans": [true, false, 0.9], "reasoning": "The image clearly depicts a deer with antlers standing in a forest. The deer is centered and visible, fulfilling the condition for Question 1. For Question 2, the antlers are clearly visible on the deer's head, so they are not missing or invisible. The image is of high quality, with clear details of the deer and its surroundings, hence a quality rating of 0.9."}, {"ans": [true, false, 1.0], "reasoning": "The image shows a white envelope with its flap closed and visible. The envelope is centered on a marble surface. For Question 1, the main object is indeed an envelope, so the answer is True. For Question 2, the flap is present and visible, so the answer is False. The image is clear and well-lit, showing the envelope in detail, hence the quality score is 1."}, {"ans": [true, true, 1.0], "reasoning": "The image is showing a wall clock, which is the main object. The clock face has black dashes instead of numbers, indicating that the numbers are missing or not visible. The image is clear and well-lit, with the clock being the central focus. Therefore, the quality of the image is rated as 1.0."}, {"ans": [true, false, 0.9], "reasoning": "The image depicts an astronaut in a white space suit with a helmet, floating in a pool of water. The space suit is clearly visible and appears to be a realistic representation of the type used by astronauts. The helmet is also visible and is securely fastened to the suit. The image is well-lit and the details of the suit and helmet are clearly visible. Therefore, the answer to Question 1 is True, as the image is showing a space suit with a helmet. The answer to Question 2 is False, as the helmet is not missing or invisible. The quality of the image is rated 0.9, as it is a clear and well-composed image with good lighting and detail."}, {"ans": [true, false, 1.0], "reasoning": "The image clearly shows a windmill with visible blades in a field. The presence of the windmill and its blades directly answers both questions. The windmill is present, so the answer to the first question is True. The blades are visible, so the answer to the second question is False. The image is clear and well-defined, hence the quality is rated as 1."}, {"ans": [true, true, 1.0], "reasoning": "The image is showing a tree without leaves. The tree is clearly visible with its branches and trunk, and there are no leaves on the branches. The sun is shining through the branches, which further emphasizes the absence of leaves. The image is of high quality as it is clear and well-lit."}, {"ans": [true, false, 1.0], "reasoning": "The image shows a yellow school bus parked on the side of a road. The bus is facing to the right, and its side is visible. The bus has several windows along its length, and the door is visible on the right end. The door appears to be closed. The image is clear and well-lit, showing the details of the bus. For Question 1, the main object in the image is indeed a bus, so the answer is True. For Question 2, the doors are visible and not missing, so the answer is False. The quality of the image is rated as 1 because it is clear and well-lit, with no visible distortions or obstructions."}, {"ans": [true, false, 1.0], "reasoning": "The image shows a laptop on a wooden table. The laptop is open and facing the camera, with its screen visible. The screen is blank and white, but it is present and visible. Therefore, the answer to Question 1 is True because the image is showing a laptop. The answer to Question 2 is False because the screen is not missing or not visible; it is clearly visible. The quality of the image is rated as 1 because it is clear and well-lit, with no visible distortions or obstructions."}, {"ans": [true, true, 0.9], "reasoning": "The image shows a trumpet, which is the main object in question. The trumpet is clearly visible and appears to be a standard brass instrument. The mouthpiece is not visible, as it is likely detached from the trumpet. The image is of high quality, with good lighting and a clear view of the trumpet. The red fabric background provides a nice contrast to the shiny brass of the trumpet. The only reason for a quality score less than 1 is the slight texture of the fabric background, which might be considered a minor distraction. However, it does not detract significantly from the overall clarity of the image."}, {"ans": [true, false, 0.9], "reasoning": "The image clearly shows a robot with a distinct head, indicating that the main object is indeed a robot. The head is visible and not missing, so the answer to the second question is false. The image quality is high, with clear details of the robot and its surroundings, hence a quality score of 0.9."}, {"ans": [true, true, 1.0], "reasoning": "The image shows a candle-like object, which is a rectangular block of wax, on a metal tray. The object is likely a candle, as it is made of wax and has a smooth, even surface. The wick is not visible on the surface of the candle. The image is clear and well-lit, with good contrast between the candle and the background."}, {"ans": [true, false, 1.0], "reasoning": "The image clearly shows a pizza with various toppings, including what appears to be cheese, on a black slate plate. The presence of cheese is visible, indicating that it is not missing. Therefore, the answer to the first question is True because the main object is a pizza. The answer to the second question is False because the cheese is visible. The quality of the image is rated as 1 because it is clear and well-defined, with all elements clearly visible."}, {"ans": [true, false, 1.0], "reasoning": "The image shows a camera with a lens attached to it, which is a DSLR camera. The lens is clearly visible and attached to the camera body. The image is of high quality, with clear details of the camera and lens."}, {"ans": [true, false, 1.0], "reasoning": "The image clearly shows a grand piano in the foreground, indicating that the main object is indeed a piano. The keys of the piano are visible, meaning they are not missing or invisible. The image is of high quality, with clear details of the piano and the concert hall."}, {"ans": [true, false, 1.0], "reasoning": "The image clearly shows a paintbrush with visible bristles next to a paint palette. The paintbrush is the main object in the image, and it is intact with its bristles clearly visible. Therefore, the answer to the first question is True because the image is showing a paintbrush. The answer to the second question is False because the bristles are not missing or invisible; they are clearly visible. The quality of the image is rated as 1 because it is clear and well-lit, and there are no issues with the visibility of the main object or its key elements."}, {"ans": [true, false, 0.9], "reasoning": "The image shows a watch with a visible strap. The watch face is clearly visible with its hands and dial, and the strap is attached to the watch on both sides. The strap is also clearly visible, so it is not missing or not visible. The image is of high quality, with clear details of the watch and its strap."}, {"ans": [true, false, 0.9], "reasoning": "The image is a close-up of a man's face with his mouth open and tongue out. The mouth is clearly visible, so the answer to the first question is True. The tongue is also visible, sticking out of the mouth, so the answer to the second question is False. The image is of high quality, with clear details of the facial features and the tongue, so the quality score is 0.9."}, {"ans": [true, false, 0.9], "reasoning": "The image clearly depicts a motorcycle, which answers the first question affirmatively. The handlebars are visible and not missing, answering the second question negatively. The quality of the image is rated high, at 0.9, because it is clear and well-lit, with no apparent distortions or issues that would detract from its quality."}, {"ans": [true, false, 1.0], "reasoning": "The image clearly shows a vintage television set on a wooden cabinet. The television has a visible screen, although it appears to be turned off or displaying a static image. Since the screen is visible, it is not considered missing or not visible. Therefore, the answer to the first question is True because the image is showing a television. The answer to the second question is False because the screen is visible. The quality of the image is rated as 1 because it is clear and well-defined, with no apparent issues that would detract from its quality."}, {"ans": [true, false, 1.0], "reasoning": "The image clearly shows a goat with horns standing on a rocky outcrop. The presence of the goat is evident, and its horns are visible, answering both questions directly."}, {"ans": [true, false, 1.0], "reasoning": "The image is showing a red sneaker with white laces, which directly answers Question 1 as true because it is a sneaker. For Question 2, the laces are clearly visible, so the answer is false because the laces are not missing or not visible. The quality of the image is rated as 1 because it is clear and well-lit, showing the sneaker in detail."}, {"ans": [true, false, 1.0], "reasoning": "The image clearly shows a green frog sitting on a leaf over water. The frog's eyes are visible and prominent, indicating that they are not missing or invisible. Therefore, the answer to Question 1 is True because the image is showing a frog. The answer to Question 2 is False because the eyes are visible. The quality of the image is rated 1.0 because it is clear and well-focused, with no apparent issues that would detract from its quality."}, {"ans": [true, false, 1.0], "reasoning": "The image is showing a white porcelain mug with a blue floral pattern and a handle on the right side, which matches the description of a mug. The handle is visible, so it is not missing or not visible. The image is clear and well-lit, showing the mug and its details, so the quality is high."}, {"ans": [true, false, 1.0], "reasoning": "The image clearly shows a saxophone with its keys visible. The presence of the saxophone is evident, and the keys are not missing or invisible. The image is of high quality, with clear details of the instrument."}, {"ans": [true, false, 1.0], "reasoning": "The image clearly shows a skateboard with wheels. The skateboard is positioned on a brick surface, and all four wheels are visible and attached to the board. Therefore, the answer to the first question is True because the image is showing a skateboard. The answer to the second question is False because the wheels are not missing; they are clearly visible. The quality of the image is rated as 1 because it is clear and well-lit, and there are no issues with the visibility of the skateboard or its components."}, {"ans": [true, false, 1.0], "reasoning": "The image shows a brown fedora hat with a black ribbon around it, displayed on a black stand. The hat has a visible brim, which is a key element of a fedora. Therefore, the answer to Question 1 is True because the image is showing a fedora. The answer to Question 2 is False because the brim is visible. The quality of the image is rated 1 because it is clear and well-lit, and the hat is centered and prominently displayed."}, {"ans": [true, true, 0.9], "reasoning": "The image is showing a motorcycle helmet with the visor in an open position, so it is not visible. The helmet is clearly visible and appears to be of high quality, with a clear and well-lit image. The quality of the image is rated 0.9 because it is well-lit and in focus, with no visible distortions or artifacts."}, {"ans": [true, true, 1.0], "reasoning": "The image shows a bedframe with an ornate wooden structure, including a headboard and footboard, but it does not have a mattress on it. The slats are visible, indicating that the mattress is missing. Therefore, the answer to Question 1 is True because the image is showing a bedframe. The answer to Question 2 is also True because the mattress is missing. The quality of the image is rated as 1 because it is clear and well-defined, and the absence of a mattress does not negatively impact the quality score as per the instructions."}, {"ans": [true, false, 1.0], "reasoning": "The image shows a tall brick tower with visible clock faces, so it is a clock tower. The clock face on the front is clearly visible, and another clock face is partially visible on the left side. Therefore, the clock face is not missing or invisible. The image is of high quality as it clearly shows the details of the clock tower and its surroundings."}, {"ans": [true, false, 0.9], "reasoning": "The image is showing a pocket watch with a white face and black Roman numerals, along with visible hands. The presence of the hands indicates that they are not missing. The image is clear and well-lit, showing the details of the pocket watch, hence a high-quality score."}, {"ans": [true, false, 1.0], "reasoning": "The image clearly shows a bicycle with a red frame, black seat, and handlebars. The pedals are visible and attached to the crankset, indicating that they are not missing. The image is well-lit and in focus, providing a clear view of the bicycle's components. Therefore, the answer to Question 1 is True, as the image is showing a bicycle. The answer to Question 2 is False, as the pedals are visible and not missing. The quality of the image is rated 1, as it is clear and well-defined."}, {"ans": [true, false, 1.0], "reasoning": "The image is a portrait of a woman with her eyes visible, so the answer to the first question is True. The eyes are clearly visible in the image, so the answer to the second question is False. The image is of high quality, with clear details and no visible distortions, so the quality score is 1.0."}, {"ans": [true, true, 0.9], "reasoning": "The image shows a grand piano on a stage with spotlights shining down. The piano's lid is open, revealing the interior. However, the hammers inside the piano are not visible due to the angle and lighting. The presence of the piano is clear, but the hammers are not discernible."}, {"ans": [true, false, 1.0], "reasoning": "The image depicts a sailing ship with its sails clearly visible and intact. The ship is shown in the middle of the ocean, with three masts and beige sails that are fully deployed. The presence of the sails and the overall appearance of the ship confirm that it is a sailing ship. Therefore, the answer to Question 1 is True. Since the sails are visible, the answer to Question 2 is False. The image is clear and well-defined, with no visible distortions or obstructions, so the quality is rated as 1."}, {"ans": [true, false, 1.0], "reasoning": "The image depicts a large tree with a wide canopy and visible leaves. The tree's trunk is thick and gnarled, with branches that spread out in all directions. The leaves are green and appear to be healthy. The image is clear and well-lit, with a blue sky in the background. The tree is likely an oak tree due to its shape and size. The leaves are visible, so they are not missing or not visible."}, {"ans": [true, false, 0.9], "reasoning": "The image shows a cottage with a door and a window. The door is clearly visible and appears to be intact. The image is of high quality, with clear details of the cottage's stone wall, the door, and the surrounding foliage. The presence of the door is evident, and it is not missing or invisible. Therefore, the answer to the first question is True, and the answer to the second question is False. The quality of the image is rated 0.9 because it is clear and well-defined, with no significant issues affecting its clarity."}, {"ans": [true, false, 0.9], "reasoning": "The image shows a white passenger jet on a runway. The jet is clearly visible with its wings intact and visible. The main object, a passenger jet, is present in the image, so the answer to the first question is True. The wings are visible and not missing, so the answer to the second question is False. The image is clear and well-lit, with a clear view of the jet, so the quality is rated as 0.9."}, {"ans": [true, true, 0.9], "reasoning": "The image is showing a wristwatch with a white face and brown leather strap on a beige leather surface. The watch face has black hands but no numbers, only short lines indicating the hours. Therefore, the numbers are missing from the wristwatch. The image is clear and well-lit, with the watch being the main focus, hence the high quality score."}, {"ans": [true, false, 0.9], "reasoning": "The image is showing a pizza with cheese, tomato sauce, and basil leaves. The cheese is visible and not missing. The image is clear and well-lit, with a good view of the pizza's toppings. The quality of the image is high, with a score of 0.9 out of 1. The presence of cheese is confirmed, so the answer to the second question is False."}, {"ans": [true, false, 0.9], "reasoning": "The image depicts a city street with multiple traffic signals visible along the road. The traffic signals are present and show red lights, indicating they are operational. Therefore, for Question 1, the answer is True because the image is showing traffic signals. For Question 2, the answer is False because the lights are visible on the traffic signals. The quality of the image is rated 0.9, as it is clear and well-defined, with no significant issues affecting the visibility of the main elements."}, {"ans": [true, false, 1.0], "reasoning": "The image clearly shows a skateboard with wheels. The skateboard is positioned on a concrete surface, and its wheels are visible and intact. The presence of the skateboard and its wheels directly answers both questions. For Question 1, the image is showing a skateboard, so the answer is True. For Question 2, the wheels are not missing and are visible, so the answer is False. The image is clear and well-lit, with no significant factors detracting from its quality, so the quality rating is 1."}, {"ans": [true, false, 0.9], "reasoning": "The image clearly depicts a chessboard with pieces arranged on it, satisfying the condition for Question 1. The black pieces are visible on the board, indicating they are not missing or invisible, which answers Question 2. The quality of the image is rated high because it is clear and well-lit, with all elements of the chessboard and pieces easily discernible."}, {"ans": [true, true, 0.9], "reasoning": "The image shows a red Ferrari sports car. The car is a convertible with its top down, and it is positioned in a well-lit room with a reflective floor. The image is clear and of high quality. The sports car is the main object in the image, so the answer to the first question is True. The brakes are not visible in the image, as they are typically located inside the wheels or behind the brake calipers, which are not clearly visible. Therefore, the answer to the second question is True. The quality of the image is rated as 0.9 because it is clear and well-lit, with no visible distortions or artifacts."}, {"ans": [true, false, 1.0], "reasoning": "The image clearly shows a book lying open on a wooden surface. The text within the book is visible and legible, indicating that the text is not missing or invisible. Therefore, the answer to the first question is True because the image is showing a book. The answer to the second question is False because the text is visible. The quality of the image is rated as 1 because the image is clear and well-lit, with no visible distortions or obstructions that would affect the visibility of the book or its contents."}, {"ans": [true, false, 1.0], "reasoning": "The image clearly shows a computer tower with its side panel removed, revealing the internal components. The presence of fans is evident, as they are visible and illuminated with purple lights. Therefore, the answer to the first question is True because the main object, a computer tower, is present. For the second question, the answer is False because the fans are not missing; they are visible and clearly seen in the image. The quality of the image is rated as 1 because it is clear and well-lit, allowing for easy identification of the components."}, {"ans": [true, false, 1.0], "reasoning": "The image clearly shows a scarecrow standing in a field. The scarecrow has a hat, shirt, pants, and visible arms, indicating that it is indeed a scarecrow with arms. Therefore, the answer to the first question is True. For the second question, since the arms are visible, the answer is False. The image is of high quality as it clearly depicts the scarecrow and its features."}, {"ans": [true, true, 1.0], "reasoning": "The image depicts a man in armor, which is consistent with the representation of a knight. The presence of armor is a key indicator of a knight, and the image clearly shows a person clad in such attire. Therefore, the answer to the first question is True. For the second question, the sword is not visible in the image, as there is no sword shown in the knight's hand or at his side. The belt around the knight's waist suggests that a sword could be present but is not visible, leading to the conclusion that the sword is missing or not visible. Hence, the answer to the second question is True. The image is clear and well-defined, with no apparent issues that would detract from its quality, so the quality rating is 1."}, {"ans": [true, false, 1.0], "reasoning": "The image is showing a teapot with a handle, so the answer to the first question is True. The handle is visible, so the answer to the second question is False. The image is clear and well-lit, with the teapot being the main focus, so the quality is rated as 1."}, {"ans": [true, false, 1.0], "reasoning": "The image clearly shows a basketball hoop with a net attached to it. The hoop is orange and has a white net hanging from it. The backboard is white and rectangular, attached to a black pole. The background is a clear blue sky. Since the net is visible and attached to the hoop, the answer to the first question is True. For the second question, since the net is visible, the answer is False. The image quality is good, with clear details of the basketball hoop and net, so the quality score is 1.0."}, {"ans": [true, false, 1.0], "reasoning": "The image is showing a dining table setting with a white tablecloth, a plate in the center, and utensils on either side. There are two glasses visible at the top of the image. The presence of the table setting and the glasses indicates that the image is indeed showing a dining table. Therefore, the answer to Question 1 is True. The glasses are clearly visible in the image, so they are not missing or invisible. Hence, the answer to Question 2 is False. The image is clear and well-lit, and it effectively conveys the details of the dining table setting. Therefore, the quality of the image is rated as 1."}, {"ans": [true, false, 1.0], "reasoning": "The image clearly shows a typewriter, which is the main object. The ribbon is visible and appears to be red, so it is not missing or invisible. The image is of high quality as it clearly displays the typewriter and its components."}, {"ans": [true, true, 1.0], "reasoning": "The image shows a winter jacket hanging on a hanger attached to a black bar on a white wall. The jacket is beige with a fur-lined hood and appears to be fastened with buttons rather than a zipper. For Question 1, the image is showing a winter jacket, so the answer is True. For Question 2, the jacket does not have a visible zipper; it is fastened with buttons, so the answer is True. The quality of the image is rated 1 because it is clear and well-lit, and there are no visible issues that would detract from its quality."}, {"ans": [true, false, 1.0], "reasoning": "The image clearly depicts a sunflower, fulfilling the first question's condition. The seeds are visible on the sunflower, making the answer to the second question 'False'. The image is of high quality, with clear details of the sunflower and its seeds, hence the quality score is 1.0."}, {"ans": [true, false, 0.9], "reasoning": "The image clearly shows an elephant with a visible trunk, addressing both questions directly. The presence of the elephant answers the first question affirmatively. Since the trunk is visible, the answer to the second question is false. The image quality is rated highly because it is clear and well-focused on the elephant, with good lighting that highlights its features without any significant distractions or blurriness."}, {"ans": [true, true, 1.0], "reasoning": "The image clearly shows a rowboat floating on a body of water. The boat is empty and there are no oars visible inside or outside the boat. The image is of high quality as it is clear and well-lit, with no visible distortions or obstructions."}, {"ans": [true, true, 1.0], "reasoning": "The image shows a snowman with a hat and scarf, but it does not have buttons. The snowman's body is made of three large snowballs, and it has stick arms. The face is made with coal eyes and an orange nose. The absence of buttons is noticeable. Therefore, the answer to the first question is True because the image is showing a snowman. The answer to the second question is True because the buttons are missing from the snowman. The quality of the image is rated 1.0 because it is clear and well-defined, and the absence of buttons does not negatively impact the quality score as per the instructions."}, {"ans": [true, true, 0.9], "reasoning": "The image shows a fountain pen on a notebook with an ink bottle in the background. The pen appears to be black with gold accents and is lying on an open notebook. The nib of the pen is visible, indicating it is a fountain pen. However, the ink inside the pen is not visible, making it uncertain whether the pen is filled with ink. Therefore, for Question 1, the answer is True because the main object, a fountain pen, is present. For Question 2, the answer is True because the ink inside the pen is not visible. The quality of the image is rated 0.9 because it is clear and well-lit, showing the details of the pen and the notebook."}, {"ans": [true, false, 1.0], "reasoning": "The image clearly shows a paintbrush with visible bristles next to a paint palette. The paintbrush is the main object in the image, and it is depicted with its bristles intact and visible. Therefore, the answer to the first question is True. For the second question, since the bristles are clearly visible, the answer is False. The image is of high quality as it is clear and well-lit, and the presence or absence of bristles does not affect the quality score as per the instructions."}, {"ans": [true, true, 1.0], "reasoning": "The image clearly shows a pair of eyeglasses on top of a book. The eyeglasses are visible and appear to be without temples, as they are not visible in the image. Therefore, the answer to the first question is True. For the second question, since the temples are not visible, it can be inferred that they are either missing or not visible, so the answer is True. The quality of the image is rated as 1.0 because it is clear and well-lit, and there are no visible issues that would detract from the visibility of the eyeglasses or other elements in the image."}, {"ans": [true, false, 0.9], "reasoning": "The image clearly depicts a person holding an umbrella on a rainy day. The umbrella is visible and appears to be intact, with its shape and structure indicating the presence of ribs underneath the fabric. The ribs are not directly visible but their presence is inferred from the umbrella's form. The image is of high quality, capturing the details of the scene effectively."}, {"ans": [true, false, 1.0], "reasoning": "The image is showing a wristwatch with a visible face and mechanical components. The hour markers are present on the watch face, indicated by short lines around the edge of the dial. Therefore, the hour markers are not missing or invisible. The image is of high quality as it clearly displays the watch and its components."}, {"ans": [true, false, 1.0], "reasoning": "The image depicts a camping tent with its poles visible and intact, standing on a grassy field. The tent is fully set up, and its structure is maintained by the poles. Therefore, for Question 1, the answer is True because the image is showing a camping tent. For Question 2, the answer is False because the poles are not missing; they are visible and supporting the tent's structure. The quality of the image is rated 1, as it is clear and well-lit, with no significant issues affecting its quality."}, {"ans": [true, false, 0.9], "reasoning": "The image depicts a traditional cuckoo clock with a wooden structure, a clock face, and decorative elements such as deer and pinecones. The clock has a pendulum and five pinecone-shaped weights hanging from the bottom. The presence of the clock face, pendulum, and weights indicates that it is indeed a cuckoo clock. The weights are clearly visible, hanging from the bottom of the clock. Therefore, the answer to Question 1 is True, and the answer to Question 2 is False. The image is of high quality, with clear details and a well-defined composition, so the quality score is 0.9."}, {"ans": [true, true, 0.9], "reasoning": "The image shows a smartphone, so the answer to the first question is true. The speaker grille is not visible from the shown perspective, so the answer to the second question is true. The image is clear and well-lit, but the quality score is not 1 because the phone's screen is not turned on, which might be considered a minor detraction. However, this does not directly relate to the presence or visibility of the speaker grille."}, {"ans": [true, false, 1.0], "reasoning": "The image clearly shows a motorcycle facing forward on a road, with a visible speedometer on the handlebars. The presence of the motorcycle answers the first question affirmatively. For the second question, since the speedometer is visible, it is not missing or invisible, so the answer is false. The image is of high quality as it is clear and well-focused on the motorcycle's handlebars and speedometer."}, {"ans": [true, true, 1.0], "reasoning": "The image shows a violin bow. The bow is lying on a red fabric background, and it appears to be a typical violin bow with a wooden stick and metal fittings. The bow hair is not visible, indicating that it is either missing or not visible. Therefore, the answer to the first question is True because the image is showing a violin bow. The answer to the second question is also True because the hair is not visible. The quality of the image is rated as 1 because it is clear and well-lit, and there are no visible defects or distortions that would affect the interpretation of the image."}, {"ans": [true, true, 0.9], "reasoning": "The image is showing a birdcage with a bird inside it. The bird is standing on the bottom of the cage, and there is no visible perch. The birdcage is hanging from a white porch ceiling, and the background is a blurred view of trees and sky. The image is well-lit, with the sun shining through the bars of the cage. The quality of the image is high, with clear details of the birdcage and the bird. The perch is not visible, so the answer to the second question is True."}, {"ans": [true, false, 0.9], "reasoning": "The image depicts a statue of a woman, indicating that the main object is indeed a statue. The statue has a head, which is visible and clearly detailed. Therefore, the head is not missing or invisible. The image is of high quality, with clear details and a well-defined subject."}, {"ans": [true, false, 1.0], "reasoning": "The image shows a teddy bear sitting on a bed, and it is clearly visible. The teddy bear has a nose, so the nose is not missing. The image is of high quality, with clear details of the teddy bear and its surroundings."}, {"ans": [true, false, 0.9], "reasoning": "The image clearly shows a pair of white sneakers with laces. The sneakers are the main object in the image, and they are displayed prominently. The laces are visible and appear to be intact, threaded through the eyelets. The image is well-lit and in focus, with good color representation and detail. The quality of the image is high, with a score of 0.9 out of 1. The presence of laces is confirmed, so the answer to the second question is False, as the laces are not missing or not visible."}, {"ans": [true, false, 1.0], "reasoning": "The image shows a refrigerator with its doors open, revealing the interior. The main object in the image is indeed a refrigerator. The door shelves are visible on both sides of the doors, so they are not missing. The image is clear and well-lit, showing all the details of the refrigerator, hence the quality is rated as 1."}, {"ans": [true, false, 1.0], "reasoning": "The image clearly depicts a group of people gathered around a campfire in a forest. The campfire is the central focus, with large flames visible. Therefore, for Question 1, the answer is True because the image is showing a campfire with flames. For Question 2, the answer is False because the flames are not missing; they are clearly visible. The quality of the image is rated 1 because it is clear and well-defined, with the campfire and the people around it easily visible."}, {"ans": [true, false, 1.0], "reasoning": "The image depicts a drinking fountain with water flowing from it, situated beside a pathway in a park. The presence of the drinking fountain answers the first question affirmatively. For the second question, since water is visibly flowing from the fountain, it indicates that water is not missing or invisible. Thus, the answer to the second question is false. The image is clear and well-lit, showing the drinking fountain and its surroundings in detail, which justifies a quality score of 1.0."}, {"ans": [true, false, 1.0], "reasoning": "The image clearly shows a revolver with a visible trigger guard. The revolver is positioned in a way that its main features are easily identifiable, and there is no obstruction or lack of clarity that would hinder the assessment of its components. The trigger guard is present and visible, indicating that it is not missing."}, {"ans": [true, false, 0.9], "reasoning": "The image is a detailed illustration of a compass rose, which is clearly visible and central to the image. The compass rose includes multiple rings and ornate decorations, and it is oriented with a clear north direction indicated by an arrow. The presence of the compass rose and the north arrow is evident, making the answer to the first question 'True'. For the second question, since the north arrow is visible, the answer is 'False'. The quality of the image is rated 0.9 because it is clear and detailed, with no significant distortions or obscurities that would hinder the interpretation of the compass rose or its elements."}, {"ans": [true, false, 1.0], "reasoning": "The image shows a cityscape with tall buildings, which can be classified as skyscrapers. The windows on these skyscrapers are visible, indicating that they are not missing. The image is clear and well-defined, showing the details of the buildings and their windows, hence the quality is rated as 1."}, {"ans": [true, false, 0.9], "reasoning": "The image shows a man in a tuxedo standing on a podium, with his right hand raised. He is surrounded by musicians playing violins, indicating that he is a conductor. The conductor's left hand is resting on the podium, and there is a baton visible between his left hand and the podium. Therefore, the answer to Question 1 is True because the image is showing a conductor. The answer to Question 2 is False because the baton is visible, it is not missing or not visible from the conductor. The quality of the image is rated 0.9 because it is clear and well-lit, with the conductor and the musicians in focus."}, {"ans": [true, true, 1.0], "reasoning": "The image depicts a soccer field with two soccer goals, one on each side of the field. The goals are white and have nets attached to them. The crossbar is not visible in the image, indicating that it is either missing or not visible. Therefore, the answer to Question 1 is True because the image is showing a soccer goal. The answer to Question 2 is also True because the crossbar is not visible. The quality of the image is rated as 1 because it is clear and well-lit, and there are no visible distortions or issues that would affect the interpretation of the image."}, {"ans": [true, false, 1.0], "reasoning": "The image clearly depicts a microscope with its main components visible, including the eyepieces and objective lenses. The presence of the eyepieces and objective lenses indicates that the microscope is shown, addressing the first question. For the second question, the lenses (both eyepieces and objective lenses) are visible, so they are not missing or invisible. The image is clear and well-lit, showing all the necessary details of the microscope, hence the quality score is 1.0."}]