[{"ans": [true, true, 1.0], "reasoning": "The image shows a sailboat in the middle of a body of water. The sailboat has a white hull and two masts with rigging, but the sails are not visible as they appear to be furled or stowed. The boat is floating on calm blue water under a clear blue sky. The presence of the mast and rigging indicates it is a sailboat, even though the sails are not deployed. Therefore, the answer to the first question is True because the image is showing a sailboat. The answer to the second question is also True because the sails are not visible, they are furled or stowed. The quality of the image is rated 1 because it is clear and well-lit, showing the details of the sailboat and its surroundings."}, {"ans": [true, false, 1.0], "reasoning": "The image clearly shows a bicycle, so the answer to the first question is True. The chain is visible and connected to the pedals, so the answer to the second question is False. The image is clear and well-lit, showing all the necessary details of the bicycle, so the quality is rated as 1."}, {"ans": [true, false, 0.9], "reasoning": "The image clearly shows a cat, so the answer to the first question is True. The cat's whiskers are visible, so the answer to the second question is False. The image is of high quality, with clear details of the cat and its surroundings, so the quality score is 0.9. The slight damage to the window frame does not detract from the overall quality of the image."}, {"ans": [true, true, 0.9], "reasoning": "The image depicts a large stone structure with a prominent arched entrance, characteristic of a castle. The presence of towers and battlements further supports this identification. The gates, which would typically be found at the entrance, are not visible, suggesting they are either missing or not visible. The image is clear and well-lit, with good detail visible in both the shadows and highlights, indicating a high-quality image."}, {"ans": [true, false, 0.9], "reasoning": "The image is showing a hot-air balloon with a visible basket attached to it. The basket is clearly seen hanging from the balloon, so it is not missing or invisible. The image is of high quality as it clearly depicts the hot-air balloon and its surroundings."}, {"ans": [true, false, 0.9], "reasoning": "The image clearly shows a turtle with a visible shell, indicating that the main object (turtle) is present. Therefore, the answer to Question 1 is True. Since the shell is visible, the answer to Question 2 is False. The image is of high quality, with clear details of the turtle and its shell, hence the quality score is 0.9."}, {"ans": [true, false, 1.0], "reasoning": "The image clearly shows a train at a station. The train's wheels are visible under the front carriage, indicating that they are not missing. The presence of the train and its details contribute to a high-quality image."}, {"ans": [true, false, 1.0], "reasoning": "The image clearly shows a pair of eyeglasses with lenses. The lenses are visible and appear to be intact, so they are not missing. The image is well-lit and in focus, with a clear view of the eyeglasses and their reflection on the surface below. Therefore, the quality of the image is high."}, {"ans": [true, false, 1.0], "reasoning": "The image shows a fountain pen with a visible nib. The pen is lying on a piece of paper with writing on it, and the nib is clearly visible. Therefore, the answer to Question 1 is True because the image is showing a fountain pen. The answer to Question 2 is False because the nib is visible. The quality of the image is rated 1 because it is clear and well-lit, and there are no visible defects or issues that would detract from the overall quality."}, {"ans": [true, true, 1.0], "reasoning": "The image shows a broken umbrella with its metal frame visible, leaning against a wall. The canopy of the umbrella is missing or not visible. The main object in the image is indeed an umbrella, albeit a broken one, so the answer to the first question is True. Since the canopy is not visible, the answer to the second question is also True. The image is clear and well-lit, and there are no issues with its quality that would affect the visibility of the main object, so the quality score is 1.0."}, {"ans": [true, false, 1.0], "reasoning": "The image clearly shows a large white airplane on a runway, with its wings visible. The presence of the airplane answers the first question affirmatively. Since the wings are visible, the answer to the second question is negative, indicating that the wings are not missing or invisible. The image is of high quality, as it is clear and well-lit, with no significant obstructions or distortions."}, {"ans": [true, true, 1.0], "reasoning": "The image is showing a desk lamp, which is the main object. The bulb is not visible as it is enclosed within the lampshade, thus it is considered missing or not visible according to the given definition. The image quality is considered high as it clearly shows the desk lamp and other elements."}, {"ans": [true, false, 1.0], "reasoning": "The image shows an electric guitar with a visible neck, so it meets the condition for Question 1. The neck is clearly visible, so it does not meet the condition for being missing or not visible, answering Question 2 as False. The image is clear and well-lit, showing all relevant parts of the guitar, so the quality is rated as 1."}, {"ans": [true, false, 1.0], "reasoning": "The image clearly shows a fish with visible fins, so the answer to the first question is True. Since the fins are visible, the answer to the second question is False. The image is of high quality, with clear details of the fish and its fins, so the quality score is 1."}, {"ans": [true, false, 0.9], "reasoning": "The image is showing a cottage with a roof, as indicated by the presence of a pitched roof and chimney. The roof is visible and not missing. The image is of high quality, with clear details of the cottage and its surroundings, hence a quality score of 0.9."}, {"ans": [true, true, 0.8], "reasoning": "The image is showing a car, specifically a vintage convertible. The windshield appears to be missing or not visible, as the top of the car's frame is visible and there is no glass in the frame. The image is clear and well-lit, showing the interior and exterior of the car in detail. The quality of the image is rated 0.8 because it is a clear and well-composed photograph, but it may not be perfect due to some minor artifacts or compression."}, {"ans": [true, true, 0.8], "reasoning": "The image is showing a keyboard. The spacebar is missing or not visible as there is a gap between the keys 'B' and 'N' and 'M' where the spacebar should be. The quality of the image is rated 0.8 because it is clear and well-lit, showing the details of the keyboard."}, {"ans": [true, false, 1.0], "reasoning": "The image clearly depicts an owl perched on a branch, with detailed feathers visible across its body. The owl's presence is the main focus, and it is shown with feathers intact. Therefore, the answer to the first question is True. For the second question, since the feathers are clearly visible and not missing, the answer is False. The image is of high quality, with clear details of the owl and its surroundings, hence the quality score is 1."}, {"ans": [true, true, 0.9], "reasoning": "The image depicts a leather-bound book with its cover open and no pages inside, resting on a wooden table. The cover is made of brown leather and has a decorative stitching pattern. In the background, there are shelves filled with other books and drawers. For Question 1, the main object in the image is indeed a book, albeit without pages, so the answer is True. For Question 2, the pages are missing from the book, so the answer is True. The quality of the image is rated 0.9 because it is clear and well-lit, with no visible distortions or obstructions that would hinder understanding the content."}, {"ans": [true, false, 1.0], "reasoning": "The image is showing a lighthouse with a visible lamp. The main object, the lighthouse, is present in the image. The lamp is also visible inside the lighthouse, so it is not missing or invisible. The image is clear and of high quality, showing the details of the lighthouse and its surroundings."}, {"ans": [true, false, 1.0], "reasoning": "The image shows a beige armchair with a tufted back and wooden legs on a patterned rug. The chair is clearly visible and has legs, so the answer to Question 1 is True. The legs are visible, so the answer to Question 2 is False. The image is clear and well-lit, and it effectively showcases the armchair, so the quality is rated as 1."}, {"ans": [true, true, 0.9], "reasoning": "The image is clearly showing a deer standing in a forest. The deer is centered and facing the camera, making it the main object of the image. The deer's body is fully visible, and it appears to be a female or a young male without antlers. Upon closer inspection, there are no visible antlers on the deer's head. The image is well-lit, with sunlight filtering through the trees, and the details of the deer's fur and the forest floor are clearly visible. The quality of the image is high, with a clear and sharp depiction of the scene. Therefore, the answer to the first question is True, as the image is showing a deer. The answer to the second question is also True, as the antlers are not visible. The quality of the image is rated 0.9, indicating a high-quality image."}, {"ans": [true, false, 1.0], "reasoning": "The image shows a white envelope on a marble surface. The envelope is clearly visible and has a flap that is partially open on the right side. For Question 1, the main object is an envelope, so the answer is True. For Question 2, the flap is visible and not missing, so the answer is False. The image is clear and well-lit, showing the envelope and its details, so the quality is rated as 1."}, {"ans": [true, true, 1.0], "reasoning": "The image is showing a wall clock with a white face and black hands, mounted on a wall above a fireplace. The clock face does not have any numbers visible. Therefore, the answer to the first question is True because the image is showing a wall clock. The answer to the second question is True because the numbers on the clock face are missing or not visible. The quality of the image is rated 1.0 because it is clear and well-lit, and the clock is prominently displayed."}, {"ans": [true, false, 1.0], "reasoning": "The image shows an astronaut in a white space suit floating in a swimming pool. The space suit is fully visible and includes a helmet with a gold visor. The presence of the space suit answers the first question affirmatively because it is indeed showing a space suit with a helmet. For the second question, the helmet is clearly visible, so it is not missing or invisible. Therefore, the answer to the second question is false. The image is clear and well-defined, showing all details of the space suit and the environment, hence the quality is rated as 1."}, {"ans": [true, false, 1.0], "reasoning": "The image clearly shows a windmill with its blades visible, standing in a field of wheat. The presence of the windmill and its blades directly answers both questions. For Question 1, the image is showing a windmill, so the answer is True. For Question 2, since the blades are visible, they are not missing or not visible, so the answer is False. The image is clear and well-lit, with the windmill and its blades easily discernible, hence the quality is rated as 1.0."}, {"ans": [true, true, 0.9], "reasoning": "The image depicts a large tree with bare branches, indicating that it is either winter or the tree is dead. The presence of the tree is evident, answering the first question affirmatively. For the second question, the leaves are not visible on the tree, making the answer true. The image quality is rated 0.9 because it is clear and well-lit, with no visible distortions or issues that would detract from its quality."}, {"ans": [true, true, 1.0], "reasoning": "The image clearly shows a yellow school bus, which is a type of bus. The doors of the bus are not visible as the image is taken from the side and rear, and the front door is not in view. Therefore, the doors can be considered as not visible. The image is of high quality as it is clear and well-lit."}, {"ans": [true, false, 1.0], "reasoning": "The image is showing a laptop with its screen visible, albeit not displaying any content. The laptop is positioned on a table, and the screen is open and facing the viewer. Therefore, the answer to the first question is True because the image is showing a laptop. The answer to the second question is False because the screen is visible. The quality of the image is rated as 1 because it is clear and well-lit, with no visible distortions or obstructions."}, {"ans": [true, true, 1.0], "reasoning": "The image is showing a trumpet, which is the main object. The mouthpiece is not visible, so it is considered missing. The image is clear and well-lit, and the trumpet is centered in the frame, so the quality is rated as 1."}, {"ans": [true, false, 1.0], "reasoning": "The image clearly depicts a robot with a visible head, standing in a laboratory setting. The robot is the main object in the image, and its presence directly answers the first question. Since the head is visible, the answer to the second question is false. The image is of high quality, with clear details of the robot and its surroundings."}, {"ans": [true, true, 1.0], "reasoning": "The image depicts a cylindrical object resembling a candle, with a smooth, cream-colored surface and no visible wick. The object is placed on a silver tray, which is positioned on a white surface against a beige background. The image is clear and well-lit, allowing for a detailed view of the object and its surroundings. The quality of the image is high, with no visible distortions or artifacts. The wick is not visible, so it is considered missing."}, {"ans": [true, false, 1.0], "reasoning": "The image shows a pizza that is cut into slices and topped with tomato sauce, cherry tomatoes, basil leaves, and what appears to be garlic or cheese rolls on the crust. The presence of a red sauce and various toppings indicates it is a pizza. Although the primary topping is the tomato sauce, there are visible melted or cooked elements under the basil leaves and around the tomatoes, suggesting the presence of cheese, even if it's not the primary cheese layer. Thus, the pizza is present, and the cheese is visible, albeit not as a uniform layer."}, {"ans": [true, true, 1.0], "reasoning": "The image shows a DSLR camera body with the lens removed, exposing the internal mechanism. The camera body is clearly visible, so the answer to the first question is True. The lens is not attached to the camera body, so the answer to the second question is True. The image is clear and well-lit, showing the details of the camera, so the quality is rated as 1."}, {"ans": [true, false, 1.0], "reasoning": "The image is showing a grand piano on a stage in a concert hall. The piano is open, and the keys are visible. Therefore, the answer to the first question is True because the main object, a piano, is present. The answer to the second question is False because the keys are not missing or invisible; they are clearly visible. The quality of the image is rated 1 because it is clear and well-lit, with the piano and its keys clearly visible."}, {"ans": [true, false, 0.9], "reasoning": "The image is showing a paintbrush with visible bristles. The paintbrush is clearly identifiable, and the bristles are not missing or invisible. The quality of the image is high, with clear details of the paintbrush and the surrounding paint palette."}, {"ans": [true, false, 0.9], "reasoning": "The image is showing a watch, so the answer to the first question is True. The strap is partially visible, so the answer to the second question is False. The image quality is good, with clear details of the watch, so the quality score is 0.9."}, {"ans": [true, false, 0.9], "reasoning": "The image clearly shows a person sitting in a dentist's chair with their mouth open, revealing their teeth. The presence of dental tools and a dentist's gloved hands indicates that the person is undergoing a dental examination or procedure. The mouth is the main focus of the image, and it is clearly visible. Therefore, the answer to Question 1 is True. Upon closer inspection, the tongue is visible within the open mouth, so the answer to Question 2 is False. The image is of high quality, with clear details of the dental setting and the person's mouth. The only reason for not giving it a perfect score is the slight blur in the background, but this does not detract from the main subject, hence a quality score of 0.9."}, {"ans": [true, false, 0.9], "reasoning": "The image shows a motorcycle parked on a street at night. The motorcycle is clearly visible and has handlebars, which are not missing or obscured. The image is well-lit and of high quality, with a clear view of the motorcycle and its surroundings. The only reason the quality is not rated as 1 is due to the slight fog or haze in the background, but this does not affect the visibility of the motorcycle or its handlebars."}, {"ans": [true, false, 0.9], "reasoning": "The image clearly shows a vintage television set with a visible screen, indicating that the main object (a television) is present. The screen is not missing; it is visible and appears to be turned off or displaying a static image. The quality of the image is high, with clear details of the television and its surroundings. The only reason for not giving it a perfect score is the slight blur around the edges, but this does not detract significantly from the overall clarity."}, {"ans": [true, false, 0.9], "reasoning": "The image clearly depicts a goat standing on a rocky outcrop, with a mountainous background. The goat is white and has horns, which are visible. Therefore, the answer to Question 1 is True because the image is showing a goat. The answer to Question 2 is False because the horns are not missing or invisible; they are clearly visible. The quality of the image is rated 0.9, indicating a high-quality image with clear details of the subject and background."}, {"ans": [true, false, 0.9], "reasoning": "The image clearly shows a red sneaker with white laces on an orange bench in front of gray lockers. The sneaker is the main object and is visible in its entirety. The laces are present and visible, threaded through the eyelets. The image is of high quality, with clear details of the sneaker and its surroundings."}, {"ans": [true, false, 1.0], "reasoning": "The image clearly shows a green frog sitting on a leaf over water, with its body and one eye visible. The presence of the frog satisfies the first question. The eye is clearly visible, so the answer to the second question is false. The image is sharp and well-lit, indicating high quality."}, {"ans": [true, false, 0.95], "reasoning": "The image shows a white and blue floral patterned mug with a handle on the right side, accompanied by a matching saucer. The mug is the main object in the image, and it is clearly visible. The handle is present and visible on the right side of the mug. The image is of high quality, with clear details and good lighting. The quality score is 0.95 because the image is well-focused and well-lit, with no visible distortions or artifacts."}, {"ans": [true, false, 1.0], "reasoning": "The image clearly shows a saxophone, which is the main object in question. The saxophone is depicted with its keys visible, indicating that the keys are not missing. Therefore, the answer to the first question is True. For the second question, since the keys are visible on the saxophone, the answer is False. The image is of high quality, with clear details of the saxophone and its keys, hence the quality rating is 1."}, {"ans": [true, false, 1.0], "reasoning": "The image shows a skateboard with wheels, so it is showing a skateboard. The wheels are visible, so they are not missing or not visible. The image is clear and well-lit, so the quality is high."}, {"ans": [true, false, 1.0], "reasoning": "The image is showing a black fedora hat on a wooden stand. The hat has a visible brim, which is a key element of a fedora. The image is clear and well-lit, with a simple background that does not distract from the hat. Therefore, the answer to Question 1 is True because the image is showing a fedora. The answer to Question 2 is False because the brim is visible. The quality of the image is rated as 1 because it is clear and well-composed, with no visible defects or distractions."}, {"ans": [true, false, 0.9], "reasoning": "The image clearly shows a motorcycle helmet on a workbench. The helmet has a visor that is tinted yellow and is currently in the down position, covering the face area of the helmet. Therefore, the visor is present and visible. The image is of high quality, with clear details of the helmet and its surroundings, hence the quality score is 0.9. The presence or absence of the visor does not affect the quality score as per the instructions."}, {"ans": [true, true, 0.9], "reasoning": "The image is showing a bedframe without a mattress. The bedframe is the main object in the image and is clearly visible. The mattress is not present in the image, so it is considered missing. The quality of the image is high, with clear details of the bedframe and the surrounding environment. The only reason for a lower quality score could be the lack of context or other objects in the image, but based on the given instruction, the absence of the mattress is not a reason to decrease the quality score."}, {"ans": [true, false, 1.0], "reasoning": "The image depicts a brick clock tower with a visible clock face on one side. The tower is situated in a town square surrounded by buildings and trees. The clock face is clearly visible, indicating that it is not missing. Therefore, the answer to Question 1 is True because the image shows a clock tower. The answer to Question 2 is False because the clock face is visible. The quality of the image is rated 1 because it is clear and well-defined."}, {"ans": [true, false, 0.95], "reasoning": "The image shows a pocket watch with its cover open, revealing the inner workings and the face of the watch. The watch has a gold casing and a white face with black Roman numerals. The hands of the watch are visible, indicating the time. The image is clear and well-lit, with the watch being the main focus. The background is a beige satin fabric that drapes around the watch, adding a sense of elegance to the scene. The overall quality of the image is high, with good lighting and a clear view of the watch's details."}, {"ans": [true, false, 1.0], "reasoning": "The image clearly shows a red bicycle leaning against a stone wall. The bicycle is visible in its entirety, and it is a road bike with drop handlebars. The pedals are visible and appear to be attached to the crankset. Therefore, the answer to the first question is True. For the second question, the pedals are visible, so the answer is False. The image is clear and well-lit, showing all the necessary details of the bicycle, so the quality is rated as 1."}, {"ans": [false, false, 0.9], "reasoning": "The image is showing a portrait of a young woman, but the question is asking if it's a portrait of a woman, which could imply an adult woman. The subject appears to be a young girl or teenager, so the answer to the first question is False. The eyes are clearly visible in the portrait, so the answer to the second question is False. The quality of the image is high, with clear details and no visible distortions, so the quality score is 0.9."}, {"ans": [true, false, 0.9], "reasoning": "The image clearly shows a grand piano on a stage with its lid open, revealing the internal mechanisms including the hammers. The presence of the grand piano is evident, so the answer to the first question is True. The hammers are visible inside the piano, so they are not missing or invisible, making the answer to the second question False. The image is well-lit and focused on the piano, with a clear view of its details, hence a high quality score of 0.9."}, {"ans": [true, true, 0.9], "reasoning": "The image depicts a sailing ship, as evidenced by its three masts and rigging, characteristic of historical sailing vessels. The sails are not visible, indicating they are either missing or not visible, which aligns with the second question. The image quality is high, with clear details of the ship's structure and the surrounding environment, thus rating it 0.9. The absence of sails does not detract from the image quality as per the instructions."}, {"ans": [true, false, 0.9], "reasoning": "The image depicts a large tree with a wide canopy and sprawling branches, characteristic of an oak tree. The leaves are visible on the branches, indicating that they are not missing. The image is clear and well-lit, with a good view of the tree's structure and surroundings, suggesting a high-quality image. The presence of leaves on the tree answers the second question, indicating that the leaves are not missing or invisible."}, {"ans": [true, false, 0.9], "reasoning": "The image depicts a stone cottage with a gable roof and a chimney, surrounded by trees and vines. The front door is visible and appears to be intact. The image is of high quality, with clear details and a realistic representation of the scene. The door is present and visible, so it is not missing or invisible."}, {"ans": [true, false, 0.9], "reasoning": "The image shows a white passenger jet on a runway. The main object, a passenger jet, is clearly visible, so the answer to the first question is True. The wings of the jet are also visible, although partially obscured by the angle of the image, so the answer to the second question is False. The image is of high quality, with clear details of the aircraft and its surroundings, so the quality score is 0.9."}, {"ans": [true, true, 1.0], "reasoning": "The image clearly shows a wristwatch with a white face and brown leather strap, placed in a box. The watch face does not have visible numbers, answering the first question affirmatively as it is a wristwatch. For the second question, the numbers are indeed missing or not visible on the wristwatch face, so the answer is true. The image is of high quality, clearly showing the details of the watch and its surroundings, hence the quality score is 1.0."}, {"ans": [true, true, 0.9], "reasoning": "The image shows a pizza, which is the main object in question. The pizza appears to be a 'Pizza Marinara' or a similar style, characterized by its red sauce and basil leaves. There is no visible cheese on the pizza, which directly answers the second question. The image is clear and well-lit, showing the details of the pizza and its toppings. The quality of the image is high, with a score of 0.9, as it clearly displays the pizza and its characteristics without any significant issues."}, {"ans": [true, false, 0.8], "reasoning": "The image clearly shows traffic signals above the road. The traffic signals are visible and appear to be functioning, with some lights illuminated. The presence of traffic signals is evident, answering the first question affirmatively. For the second question, the lights are visible on the traffic signals, so they are not missing or invisible. The image quality is good, capturing the details of the scene, including the traffic signals and the cityscape. The quality score is 0.8 because while the image is clear, the sun's glare in the center might slightly affect the visibility of some details in that specific area."}, {"ans": [true, false, 0.9], "reasoning": "The image shows a skateboard with a rainbow-colored deck and four visible wheels. The skateboard is positioned on a concrete surface, and the wheels are clearly visible, indicating that they are not missing. The image is well-lit, and the skateboard is the main focus, suggesting a high-quality image. However, the quality score is not 1 due to minor imperfections in the image, such as the slight shadow on the deck and the concrete surface's texture."}, {"ans": [true, true, 1.0], "reasoning": "The image is showing a chessboard with white pieces on it, and there are no black pieces visible on the board. The chessboard is the main object in the image, so the answer to the first question is True. The black pieces are not visible on the chessboard, so the answer to the second question is True. The image is clear and well-lit, and the chessboard and pieces are in sharp focus, so the quality of the image is rated as 1."}, {"ans": [true, true, 0.9], "reasoning": "The image shows a red sports car, which is the main object. The brakes are not visible as the wheels are facing forward and the brake calipers are not clearly visible behind the rims. The image is of high quality, with clear details of the car and its surroundings."}, {"ans": [true, true, 1.0], "reasoning": "The image shows an open book on a wooden table. The pages are blank and do not contain any text. Therefore, the answer to the first question is True because the image is showing a book. The answer to the second question is also True because the text is missing or not visible from the book, as the pages are blank. The quality of the image is rated 1.0 because it is clear and well-defined, with no visible distortions or issues that would detract from its quality."}, {"ans": [true, false, 0.9], "reasoning": "The image clearly shows a computer tower with its side panel removed or transparent, revealing the internal components. The fans are visible and illuminated with purple and blue lights, indicating they are present and not missing. The quality of the image is high, with clear details of the components inside the tower."}, {"ans": [true, true, 1.0], "reasoning": "The image depicts a scarecrow standing in a wheat field. The scarecrow is made of straw and is dressed in a plaid shirt and a straw hat. The scarecrow's body is tied to a wooden post, and it has a face made of straw or a pumpkin. The scarecrow does not have visible arms, as they are either missing or not visible due to the way it is constructed or the angle of the photograph. The image is clear and well-lit, with a good focus on the scarecrow and the surrounding wheat field."}, {"ans": [true, true, 0.9], "reasoning": "The image depicts a man in armor, which is consistent with the representation of a knight. The armor and the presence of flags and other armored figures in the background support this interpretation. However, the knight's hands are not visible holding a sword, and there is no visible sword at his side. Therefore, it can be concluded that the sword is either missing or not visible. The image quality is high, with detailed rendering of the armor and the facial expression of the knight. The overall composition and the background elements are also well-executed, contributing to a high-quality image."}, {"ans": [true, false, 1.0], "reasoning": "The image clearly shows a teapot with a handle, spout, and lid, which are typical characteristics of a teapot. The teapot is placed on a bamboo tray, and the handle is visible on the right side. Therefore, the answer to Question 1 is True. Since the handle is visible, the answer to Question 2 is False. The image is of high quality, with clear details of the teapot and its surroundings, so the quality score is 1."}, {"ans": [true, false, 0.9], "reasoning": "The image clearly shows a basketball hoop with a net. The basketball hoop is the main object in the image, and it is accompanied by a white net. The presence of the net is evident as it is attached to the hoop and is visible around the basketball that is passing through it. The image is of high quality, with clear details of the hoop, net, and basketball. The only reason for not giving it a perfect score is the slight dust or dirt on the backboard, but it does not significantly affect the overall visibility or understanding of the image."}, {"ans": [true, false, 0.8], "reasoning": "The image shows a dining table setting with a white tablecloth, plates, silverware, and glasses. The main object, a dining table, is present. For question 1, the answer is True because the image is showing a dining table. For question 2, the answer is False because the glasses are visible on the table. The quality of the image is rated 0.8 because it is clear and well-lit, showing the details of the table setting."}, {"ans": [true, false, 0.9], "reasoning": "The image clearly shows a vintage typewriter on a wooden desk, with a sheet of paper inserted. The typewriter is the main focus, and it is evident that it has a ribbon, as parts of the ribbon are visible around the typewriter's mechanism. Therefore, for Question 1, the answer is True because the image is showing a typewriter. For Question 2, the answer is False because the ribbon is visible, hence not missing or invisible. The quality of the image is rated 0.9, as it is clear and well-focused on the typewriter, with no significant factors detracting from its quality."}, {"ans": [true, true, 0.9], "reasoning": "The image shows a winter jacket hanging on a coat rack. The main object in the image is a winter jacket, which is clearly visible and identifiable. Therefore, the answer to Question 1 is True. Upon closer inspection, it is observed that the zipper on the winter jacket is not visible, as it is covered by a flap. Hence, the answer to Question 2 is True. The image is of high quality, with clear details of the jacket and its surroundings, so the quality score is 0.9."}, {"ans": [true, false, 0.9], "reasoning": "The image clearly depicts a sunflower. The seeds are visible on the flower head, indicating they are not missing. The quality of the image is high, with clear details of the sunflower and its surroundings."}, {"ans": [true, false, 0.9], "reasoning": "The image clearly shows an elephant with a trunk, ears, and tusks, walking on a dirt path in a grassy field. The trunk is visible and appears to be intact. The image is of high quality, with clear details of the elephant's features and the surrounding environment. The presence of the trunk is evident, so the answer to the second question is False. The overall quality of the image is rated 0.9 due to its clarity and the absence of any distracting or obscuring elements."}, {"ans": [true, true, 0.9], "reasoning": "The image clearly shows a rowboat floating on a lake. The boat is white with a red bottom and has a wooden seat inside. There are no oars visible in the boat or around it. The image is clear and well-lit, showing the details of the boat and its surroundings."}, {"ans": [true, false, 0.9], "reasoning": "The image clearly depicts a snowman standing in a snowy yard, wearing a red scarf and a black top hat. The snowman has three distinct snowballs stacked on top of each other, with visible details such as eyes, a nose, and a mouth. It is also adorned with buttons on its body. Therefore, the answer to the first question is True because the main object in the image is indeed a snowman. For the second question, the buttons are clearly visible on the snowman's body, so the answer is False because the buttons are not missing or invisible. The image quality is rated 0.9 because it is clear and well-defined, with no significant issues affecting the visibility of the snowman or its details."}, {"ans": [true, false, 0.9], "reasoning": "The image clearly shows a fountain pen resting on top of a journal or notebook. The pen is the main object in the image and is prominently displayed. The pen's design and features, such as its red body, gold accents, and transparent ink reservoir, are visible. The ink reservoir is transparent and appears to be filled with ink, as the ink level is visible. Therefore, the ink is not missing or invisible. The image is of high quality, with clear details and good lighting, hence the quality score is 0.9."}, {"ans": [true, true, 0.8], "reasoning": "The image shows a paintbrush with a wooden handle and a metal ferrule, but the bristles are not visible. The ferrule is empty, indicating that the bristles are missing. The image is clear and well-lit, showing the paintbrush and the surrounding painting palette and canvas. The quality of the image is high, with good resolution and detail. Therefore, the answer to Question 1 is True, as the image is showing a paintbrush. The answer to Question 2 is also True, as the bristles are missing from the paintbrush."}, {"ans": [true, false, 0.9], "reasoning": "The image clearly shows a pair of eyeglasses with both lenses and temples visible on top of a stack of papers. The presence of the eyeglasses answers the first question affirmatively. For the second question, the temples are visible, so they are not missing or invisible. The image is well-lit and in focus, with the eyeglasses being the main subject, hence a high quality score."}, {"ans": [true, false, 0.9], "reasoning": "The image clearly shows a person holding an umbrella on a rainy street. The umbrella is visible and appears to be intact, with its ribs partially visible under the canopy. The presence of the umbrella is evident, answering the first question affirmatively. For the second question, the ribs of the umbrella are not entirely missing; they are visible, albeit somewhat obscured by the angle and the rain. Thus, the ribs are not missing or entirely not visible. The image quality is rated high because it is clear and well-composed, capturing the scene effectively without any significant distractions or blurriness that would detract from understanding the scene."}, {"ans": [true, false, 1.0], "reasoning": "The image is showing a wristwatch with a visible face and hour markers. The watch is displayed in a glass dome, and the hour markers are visible on the watch face, although the watch face is partially cut out to show the internal mechanism. The presence of hour markers is evident, so they are not missing or invisible. The image is of high quality, clearly showing the details of the watch."}, {"ans": [true, false, 1.0], "reasoning": "The image clearly shows a camping tent with its structure intact and poles visible, holding up the fabric. The tent is set up in a grassy field, and the poles are evident as they support the tent's shape. Therefore, the answer to the first question is True because the image is showing a camping tent. The answer to the second question is False because the poles are visible and not missing. The quality of the image is rated 1 because it is clear and well-lit, showing all necessary details of the tent and its surroundings."}, {"ans": [true, false, 0.9], "reasoning": "The image is showing a cuckoo clock with intricate carvings and decorations, including a clock face and chains with decorative elements at the end, which are typically referred to as weights. The weights are visible and appear to be part of the clock's mechanism. Therefore, the answer to the first question is True because the image is showing a cuckoo clock. The answer to the second question is False because the weights are visible. The quality of the image is rated 0.9 because it is clear and well-detailed, showing the cuckoo clock and its components."}, {"ans": [true, true, 1.0], "reasoning": "The image shows a smartphone with its screen facing the viewer. The phone is displaying its lock screen, and there is no visible speaker grille on the front of the device. Since the phone is shown with its screen facing forward, the speaker grille, if present, would typically be visible on the front or bottom edge. However, the image does not clearly show the bottom edge or any speaker grille. Therefore, for Question 1, the image is showing a smartphone, so the answer is True. For Question 2, since the speaker grille is not visible from the angle shown, the answer is True. The quality of the image is rated as 1 because it is clear and well-lit, and the absence of the speaker grille is not considered a factor in reducing the quality score."}, {"ans": [true, true, 1.0], "reasoning": "The image clearly shows a motorcycle, which answers the first question as true. Upon closer inspection, it is evident that the speedometer is not visible, as the visible round component appears to be a headlight rather than a speedometer, thus answering the second question as true. The image is of high quality, with clear details of the motorcycle and its surroundings, hence the quality rating is 1."}, {"ans": [false, true, 1.0], "reasoning": "The image shows a violin, not a violin bow. Therefore, the answer to Question 1 is False. Since there is no violin bow in the image, the hair is considered missing or not visible, making the answer to Question 2 True. The image is clear and well-lit, showing the violin in detail, so the quality is rated as 1."}, {"ans": [true, false, 1.0], "reasoning": "The image shows a birdcage hanging from the ceiling of a porch. The birdcage is the main object in the image and is clearly visible. Inside the birdcage, there is a small bird standing on a visible perch. Therefore, the answer to the first question is True because the image is showing a birdcage. The answer to the second question is False because the perch is visible inside the birdcage. The quality of the image is rated as 1 because it is clear and well-lit, and the key elements are easily visible."}, {"ans": [true, false, 1.0], "reasoning": "The image shows a statue of a woman in a classical style, standing on a pedestal in a hallway with columns. The statue is fully visible and has a head, so the answer to Question 1 is True. Since the head is present and visible, the answer to Question 2 is False. The image is clear and well-defined, with no visible distortions or issues, so the quality is rated as 1.0."}, {"ans": [true, false, 1.0], "reasoning": "The image shows a teddy bear with a visible nose, so the answer to the first question is True. The nose is clearly visible, so the answer to the second question is False. The image is of high quality and clearly shows the teddy bear and its features, so the quality score is 1."}, {"ans": [true, false, 0.9], "reasoning": "The image clearly shows a pair of white high-top sneakers with laces. The sneakers are positioned on a gray mat in front of a door. The laces are visible and appear to be properly tied. The image is well-lit and the sneakers are the main focus, indicating a high-quality image. The presence of laces answers both the primary question about the presence of sneakers and the secondary question regarding the visibility of laces."}, {"ans": [true, false, 1.0], "reasoning": "The image clearly shows a refrigerator with its door open, revealing the interior. The door shelves are visible on the inside of the door, so they are not missing. The image is well-lit and in focus, showing the refrigerator and its contents clearly. Therefore, the quality of the image is rated as 1."}, {"ans": [true, false, 0.9], "reasoning": "The image clearly depicts a campfire with four young women sitting around it, indicating the presence of a campfire. The flames are visible, so they are not missing. The image is well-lit and the details are clear, suggesting a high-quality image. The slight deduction in quality score is due to the somewhat unnatural lighting and the overall aesthetic that might be considered overly processed or 'artistic', but this does not detract significantly from the visibility or understanding of the scene."}, {"ans": [true, false, 0.9], "reasoning": "The image shows a drinking fountain, which is the main object in the image. The drinking fountain is a stainless steel structure with a spout and a basin, and water is visibly flowing from the spout into the basin. Therefore, the answer to the first question is True. For the second question, since water is visible and flowing from the spout, the water is not missing or invisible, so the answer is False. The quality of the image is rated 0.9 because it is clear and well-lit, showing the drinking fountain and its surroundings in detail."}, {"ans": [true, true, 1.0], "reasoning": "The image clearly shows a revolver, which is the main object. The trigger guard is not visible, indicating it is either missing or not visible, thus answering the first question as true and the second question as true. The image is clear and well-lit, showing the revolver in detail, hence the quality is rated as 1."}, {"ans": [true, false, 0.9], "reasoning": "The image is showing a compass rose with a north arrow. The compass rose is clearly visible and has a distinct north arrow pointing towards the top of the image. The image is of high quality, with clear details and no visible distortions. The presence of the north arrow is evident, so it is not missing or invisible."}, {"ans": [true, false, 0.9], "reasoning": "The image depicts a futuristic cityscape with tall, sleek skyscrapers that are prominently featured. The skyscrapers are shown with visible windows, which are represented by a grid of lights on the buildings' facades. The presence of these windows indicates that the skyscrapers are not missing windows, and they are clearly visible. Therefore, the answer to Question 1 is True, as the image is showing skyscrapers. The answer to Question 2 is False, as the windows are not missing or invisible; they are visible as part of the building design. The quality of the image is rated 0.9, indicating a high level of clarity and detail, with the key elements of the skyscrapers and their windows being clearly discernible."}, {"ans": [true, true, 0.9], "reasoning": "The image depicts a man in a black tuxedo standing on a podium with his arms raised, indicating he is a conductor. The presence of an orchestra behind him further supports this. His hands are empty, suggesting the baton is either missing or not visible. The image is clear and well-composed, capturing the scene effectively, hence a high quality score."}, {"ans": [false, false, 0.8], "reasoning": "The image shows a soccer field, but there is no soccer goal visible in the image. Therefore, the answer to the first question is False. Since there is no soccer goal, the crossbar is not present, but the question is asking if it's missing or not visible. The correct interpretation is that the crossbar is not visible because there is no goal, but the primary object (the goal) is not present. Hence, the answer to the second question is False because the condition (the presence of a soccer goal) to assess the visibility or presence of the crossbar is not met. The quality of the image is rated 0.8 because it clearly shows a soccer field, but the main object of interest (the soccer goal) is not present."}, {"ans": [true, false, 0.9], "reasoning": "The image is showing a microscope with lenses visible, so the main object is present. The lenses are clearly visible, so they are not missing or not visible. The quality of the image is high, with clear details of the microscope and its components."}]