[{"ans": [true, true, 1.0], "reasoning": "The image is showing a sailboat on the water. The sailboat has a mast and rigging but no sails are visible. The image is clear and of high quality, with no visible artifacts or distortions. The main object, the sailboat, is clearly visible and centered in the frame. The absence of sails is noticeable, and it is clear that they are not simply furled or obscured. Therefore, the answer to Question 1 is True, as the image is showing a sailboat. The answer to Question 2 is also True, as the sails are not visible. The quality of the image is rated as 1.0, indicating that it is of very high quality."}, {"ans": [true, false, 1.0], "reasoning": "The image clearly shows a bicycle leaning against a brick wall. The bicycle is red and has two wheels, a seat, and handlebars, which are typical features of a bicycle. The chain is visible and appears to be intact, connecting the pedals to the rear wheel. Therefore, the answer to Question 1 is True because the image is showing a bicycle. The answer to Question 2 is False because the chain is visible and not missing. The quality of the image is rated 1.0 because it is clear and well-defined, with no visible artifacts, blurring, or other issues that would detract from its quality."}, {"ans": [true, false, 1.0], "reasoning": "The image clearly shows a cat sitting on a windowsill. The cat is centered and well-defined, indicating that the main object is present. The whiskers of the cat are visible, so they are not missing or invisible. The image is sharp and clear, with no visible artifacts or distortions, hence the quality is rated as 1.0."}, {"ans": [true, true, 0.95], "reasoning": "The image depicts a large stone structure with a prominent arched entrance, characteristic of a castle. The presence of towers and battlements further supports this identification. The gates are not visible, as the entrance is open and there are no visible gates within the archway or immediately adjacent to it. The image is clear and well-defined, with no significant artifacts or distortions that would detract from its quality. The quality is rated 0.95 due to the clarity and detail of the image, with only minor considerations for the slight shadowing and minor loss of detail in the very dark areas."}, {"ans": [true, false, 0.95], "reasoning": "The image clearly shows a hot-air balloon with a visible basket. The balloon is the main object, and it is centered in the image. The basket is attached to the balloon and is visible, so it is not missing. The image is of high quality, with clear details and no visible artifacts or distortions. The only reason it is not rated 1 is due to the slight gradient effect in the sky, which might be considered a minor processing artifact, but it does not significantly impact the overall quality or the visibility of the main object."}, {"ans": [true, false, 0.9], "reasoning": "The image clearly shows a turtle with a visible shell. The turtle is centered in the image, and its shell is fully visible. The image is of high quality, with clear details of the turtle's features and the surrounding environment. The only reason for not giving it a perfect score is the slight graininess of the image, but it does not hinder the visibility of the main object or its key elements."}, {"ans": [true, false, 0.95], "reasoning": "The image clearly shows a train at a station, so the answer to the first question is True. The wheels of the train are partially visible under the carriage, so they are not missing or completely invisible, making the answer to the second question False. The image is of high quality with clear details and no visible artifacts or distortions, hence the quality score is 0.95. The slight deduction is due to the presence of some shadows and minor details that could be more defined."}, {"ans": [true, false, 1.0], "reasoning": "The image clearly shows a pair of eyeglasses with lenses. The lenses are visible and not missing. The image is sharp and well-lit, with no visible artifacts or distortions that would affect its quality."}, {"ans": [true, false, 1.0], "reasoning": "The image is showing a fountain pen with a visible nib, so the main object is present. The nib is clearly visible at the tip of the pen, so it is not missing or invisible. The image is of high quality, with no visible artifacts, blurring, or other issues that would affect the quality score."}, {"ans": [true, true, 0.95], "reasoning": "The image depicts a metal umbrella frame leaning against a wall, with a chair beside it. The umbrella's canopy is missing, as only the metal frame is visible. The image is clear and well-defined, with no visible artifacts or distortions that would detract from its quality. The main object, the umbrella, is present, answering the first question affirmatively. For the second question, the canopy is indeed missing, so the answer is true. The quality of the image is high, with a score of 0.95, as it is clear and well-lit, with no significant issues."}, {"ans": [true, false, 1.0], "reasoning": "The image is clearly showing an airplane on a runway. The airplane is white and has a large body with a tail and wings visible. The wings are not missing or invisible; they are clearly visible, although partially obscured by the angle of the image and the presence of the tail. The image is of high quality, with no visible artifacts, blurring, or other issues that would detract from its clarity."}, {"ans": [true, true, 1.0], "reasoning": "The image is showing a desk lamp, which is the main object. The lamp is present, so the answer to the first question is True. The bulb is not visible as it is enclosed within the lamp's shade, so the answer to the second question is True. The image is clear and well-lit, with no visible artifacts or distortions, so the quality score is 1.0."}, {"ans": [true, false, 1.0], "reasoning": "The image clearly shows an electric guitar with a visible neck, body, and other characteristic features such as pickups and knobs. The neck is present and visible, attached to the body of the guitar. The image is sharp and well-lit, with no visible artifacts or distortions that would detract from its quality."}, {"ans": [true, false, 0.9], "reasoning": "The image clearly shows a fish, so the answer to the first question is True. The fins of the fish are visible, so the answer to the second question is False. The image is of high quality, with clear details and no visible artifacts or distortions, so the quality score is 0.9. The only reason it is not 1 is because of the slight blurring of the background."}, {"ans": [true, false, 1.0], "reasoning": "The image depicts a small brick cottage with a roof, situated in a field. The cottage is the main object in the image, and it is clearly visible. The roof is also visible, covering the cottage. The image is of high quality, with clear details and no visible artifacts or distortions. Therefore, the answer to Question 1 is True, as the image is showing a cottage. The answer to Question 2 is False, as the roof is not missing or invisible. The quality of the image is rated as 1.0, indicating that it is of high quality."}, {"ans": [true, true, 0.9], "reasoning": "The image is showing a convertible car with its top down, and the windshield is not visible as it is folded down. The main object, a car, is present in the image. The windshield is missing or not visible because it is a convertible and the top is down. The image quality is high, with clear details of the car's interior and exterior, and there are no noticeable artifacts or distortions."}, {"ans": [true, false, 1.0], "reasoning": "The image is showing a keyboard with a spacebar that is visible and not missing. The keyboard is well-lit with rainbow-colored backlighting, and the image is clear and sharp. There are no visible artifacts, blurring, or other issues that would affect the quality of the image. Therefore, the quality score is 1."}, {"ans": [true, false, 0.9], "reasoning": "The image clearly shows an owl perched on a tree branch, with its feathers visible and well-defined. The owl's plumage is detailed, indicating that the feathers are not missing or invisible. The image is of high quality, with clear details and no visible artifacts or distortions that would detract from the overall clarity. The slight reduction in quality score is due to minor subtlety in the texture and shading that might not be perfectly realistic, but it does not significantly impact the overall perception of the image."}, {"ans": [true, false, 1.0], "reasoning": "The image shows three leather-bound books on a wooden table. The main object in the image is indeed a book, so the answer to Question 1 is True. The pages of the books are visible in the lying book and partially visible in the standing book, so the answer to Question 2 is False. The image is clear and well-defined, with no visible artifacts or distortions, so the quality score is 1.0."}, {"ans": [true, false, 1.0], "reasoning": "The image clearly depicts a lighthouse on a rocky coastline with a lamp visible inside the lantern room at the top. The lamp is not missing or invisible; it is clearly visible and lit. The image is sharp and well-defined, with no visible artifacts, blurring, or other issues that would detract from its quality."}, {"ans": [true, false, 1.0], "reasoning": "The image is showing an armchair with visible legs. The chair is placed on a rug in a room with curtains in the background. The legs of the chair are visible and appear to be made of dark wood. The image is clear and well-lit, with no visible artifacts or distortions. Therefore, the answer to Question 1 is True because the image is showing an armchair. The answer to Question 2 is False because the legs are visible. The quality of the image is rated as 1.0 because it is clear and well-lit, with no visible issues."}, {"ans": [true, true, 0.9], "reasoning": "The image clearly shows a deer standing in a forest, so the answer to the first question is True. The deer appears to be a female or a young male as there are no visible antlers, so the answer to the second question is True. The image is of high quality, with clear details and natural colors, but the quality score is slightly decreased to 0.9 due to a minor artifact or slight softness in some areas."}, {"ans": [true, false, 1.0], "reasoning": "The image is showing a white envelope with a visible flap, placed on a marble surface. The envelope is the main object and is clearly visible. The flap is also visible, indicating that it is not missing. The image is of high quality, with no visible artifacts or distortions. Therefore, the answer to Question 1 is True, and the answer to Question 2 is False. The quality score is 1."}, {"ans": [true, true, 1.0], "reasoning": "The image is showing a wall clock with a white face and black hands. The clock is mounted on a wall above a fireplace mantel. The clock face does not have any numbers on it. The image is clear and well-lit, with no visible artifacts or distortions. Therefore, the answer to Question 1 is True because the image is showing a wall clock. The answer to Question 2 is True because the numbers are missing from the clock face. The quality of the image is rated as 1.0 because it is clear and well-rendered, with no visible issues."}, {"ans": [true, false, 0.9], "reasoning": "The image depicts an astronaut in a white space suit floating in a swimming pool. The space suit is fully visible, including the helmet, which is a key element. The image is clear and well-defined, with no visible artifacts or distortions that would affect the quality. The presence of the helmet is evident, so it is not missing or invisible."}, {"ans": [true, false, 1.0], "reasoning": "The image clearly shows a windmill with its blades visible, standing in a field of wheat. The windmill is the main object in the image and is easily identifiable. The blades are also clearly visible, indicating that they are not missing. The image is of high quality, with clear details and no visible artifacts or distortions. Therefore, the answer to the first question is True, as the image is showing a windmill. The answer to the second question is False, as the blades are visible and not missing. The quality of the image is rated as 1.0, indicating that it is of very high quality."}, {"ans": [true, true, 0.95], "reasoning": "The image clearly shows a large tree without leaves, surrounded by other trees also without leaves. The main object, a tree, is present, so the answer to the first question is True. The leaves are not visible on the trees, so the answer to the second question is True. The image is of high quality, with clear details and no visible artifacts or distortions, so the quality score is 0.95."}, {"ans": [true, true, 1.0], "reasoning": "The image is showing a yellow school bus parked in a lot. The bus is facing left, and its side is visible. The doors of the bus are not visible as the side view does not show the front or back of the bus where the doors are typically located. The image is clear and well-lit, with no visible artifacts or distortions that would affect the quality. Therefore, the answer to Question 1 is True because the image is showing a bus. The answer to Question 2 is True because the doors are not visible from the side view. The quality of the image is rated 1.0 because it is clear and well-lit, with no visible issues."}, {"ans": [true, false, 1.0], "reasoning": "The image clearly shows a laptop with its screen open and visible. The laptop is positioned on a dark brown table against a plain white background. The screen is blank and white, displaying the Apple logo in the center. There are no visible artifacts, blurring, or other issues that would affect the quality of the image. Therefore, the answer to Question 1 is True because the image is showing a laptop. The answer to Question 2 is False because the screen is visible. The quality of the image is rated 1.0 as it is clear and well-defined."}, {"ans": [true, true, 1.0], "reasoning": "The image clearly shows a trumpet without a mouthpiece. The main object, a trumpet, is present and identifiable. The mouthpiece is not visible, indicating it is missing. The image is of high quality with no visible artifacts or distortions."}, {"ans": [true, false, 1.0], "reasoning": "The image clearly shows a robot with a head in a laboratory setting. The robot is white with black accents and has a round head with a blue light on its face. The head is visible and not missing. The image is of high quality, with clear details and no visible artifacts or distortions."}, {"ans": [true, true, 0.9], "reasoning": "The image shows a candle on a silver tray. The candle is the main object and is clearly visible, so the answer to Question 1 is True. The wick of the candle is not visible in the image, so the answer to Question 2 is True. The image is of high quality, with clear details and no visible artifacts or distortions, so the quality score is 0.9."}, {"ans": [true, true, 0.95], "reasoning": "The image shows a pizza, which is the main object. The pizza appears to be a tomato and basil pizza, and there is no visible cheese on top, suggesting that the cheese is either missing or not visible. The image is clear and well-lit, with no visible artifacts or distortions that would affect the quality. The only reason for a quality score less than 1 is the slight presence of white specks on the plate, which could be considered a minor imperfection."}, {"ans": [true, true, 0.95], "reasoning": "The image shows a DSLR camera body without a lens, as evidenced by the exposed mirror and internal mechanisms. The camera is positioned on a shelf, and the image is clear and well-lit. The quality of the image is high, with no visible artifacts or distortions. The lens is missing, as indicated by the exposed mount and the absence of any lens attachment."}, {"ans": [true, false, 1.0], "reasoning": "The image clearly shows a grand piano on a stage in a concert hall. The piano is visible and appears to be in good condition. The keys of the piano are visible and not missing. The image is of high quality, with clear details and no visible artifacts or distortions."}, {"ans": [true, true, 0.9], "reasoning": "The image shows a paintbrush with a visible handle and metal ferrule, but the bristles are not visible. The brush is placed on a palette with various colors of paint. The image is clear and well-defined, with no noticeable artifacts or distortions. The quality of the image is high, with a score of 0.9. The main object, the paintbrush, is present, so the answer to Question 1 is True. The bristles are not visible, so the answer to Question 2 is True."}, {"ans": [true, true, 1.0], "reasoning": "The image clearly shows a watch with a black face and silver body, resting on a speckled surface. The watch is the main object in the image. The strap of the watch is not visible as it is not attached or is hidden from view. The image is of high quality, with clear details and no visible artifacts or distortions."}, {"ans": [true, true, 0.9], "reasoning": "The image shows a man sitting in a dentist's chair with his mouth open, revealing his teeth. The dentist is examining his teeth with a dental mirror and probe. The man's tongue is not visible, suggesting it is either missing or not visible due to the position of his mouth or the dentist's instruments. The image is clear and well-lit, with no visible artifacts or distortions that would affect the quality. Therefore, the answer to Question 1 is True because the image is showing a mouth. The answer to Question 2 is True because the tongue is not visible. The quality of the image is rated 0.9 because it is clear and well-lit, but there might be a slight loss of detail in the background due to the depth of field."}, {"ans": [true, false, 0.9], "reasoning": "The image clearly shows a motorcycle in the center of the road. The motorcycle is facing left and has its handlebars visible. The handlebars are not missing or invisible, they are clearly visible in the image. The image is of high quality, with clear details and no visible artifacts or distortions. The only reason it wouldn't be a perfect score is due to the slight glow and neon lights that might be considered unnatural, but it doesn't significantly impact the overall quality."}, {"ans": [true, false, 1.0], "reasoning": "The image clearly shows a vintage television set with a visible screen, indicating that the main object, a television, is present. The screen is visible and not missing, so the answer to the second question is false. The image is of high quality with no visible artifacts, blurring, or unnatural elements, thus the quality score is 1."}, {"ans": [true, false, 0.95], "reasoning": "The image clearly shows a goat standing on a rocky outcrop. The goat has white fur and visible horns, indicating it is a mountain goat. The image is sharp and well-defined, with no noticeable artifacts or distortions that would detract from its quality. The presence of horns is evident, so they are not missing or invisible. The quality is high, with clear details of the goat and its surroundings."}, {"ans": [true, false, 1.0], "reasoning": "The image clearly shows a red sneaker with white laces on an orange surface in front of gray lockers. The sneaker is the main object and is visible and clear. The laces are present and visible, threaded through the eyelets. The image is sharp and well-lit, with no visible artifacts or distortions that would affect the quality."}, {"ans": [true, false, 0.9], "reasoning": "The image clearly shows a green frog sitting on a lily pad, with its body and eyes clearly visible. The frog is the main object in the image, and it is centered in the frame. The eyes of the frog are open and visible, so they are not missing. The image is of high quality, with clear details and no visible artifacts or distortions. The only reason for not giving it a perfect score is the slight blurring of the background, but this does not detract from the main subject."}, {"ans": [true, false, 0.98], "reasoning": "The image is showing a mug with a handle, so the answer to the first question is True. The handle is visible, so the answer to the second question is False. The image is of high quality, with clear details and no visible artifacts or distortions, so the quality score is 0.98."}, {"ans": [true, false, 0.9], "reasoning": "The image clearly shows a saxophone, which is the main object in question. The saxophone is depicted with its keys visible, indicating that the keys are not missing. The image is of high quality, with clear details of the saxophone and its components. The only reason for not giving it a perfect score is the slight presence of reflections or shine on the saxophone, but this does not detract significantly from the overall clarity."}, {"ans": [true, false, 1.0], "reasoning": "The image clearly shows a skateboard with its wheels visible, indicating that the main object is present. The wheels are not missing or invisible; they are clearly seen at the bottom and top of the skateboard. The image is sharp and well-lit, with no visible artifacts or distortions that would affect its quality."}, {"ans": [true, false, 1.0], "reasoning": "The image shows a black fedora hat on a stand. The hat has a visible brim, which is a key characteristic of a fedora. The image is clear and well-lit, with no visible artifacts or distortions. The hat is centered in the frame, and the background is a plain white color. The overall quality of the image is high."}, {"ans": [true, false, 0.95], "reasoning": "The image clearly shows a motorcycle helmet with a visor. The visor is transparent and is currently in the down position, covering the face area of the helmet. The main object in the image is indeed a motorcycle helmet, so the answer to the first question is True. Since the visor is present and visible, the answer to the second question is False. The image quality is high, with clear details of the helmet and its surroundings. The only reason for not giving it a perfect score is the slight presence of debris on the workbench and some minor wear on the wall-mounted items, but these do not significantly detract from the overall clarity or the main subject of the image."}, {"ans": [true, true, 1.0], "reasoning": "The image clearly shows a bedframe without a mattress. The bedframe is the main object and is visible in its entirety. The mattress is not present, so it is considered missing. The image is of high quality, with clear details and no visible artifacts or distortions."}, {"ans": [true, false, 1.0], "reasoning": "The image clearly shows a clock tower with visible clock faces on two sides. The main object, the clock tower, is present, so the answer to the first question is true. The clock faces are visible, so the answer to the second question is false. The image is sharp and clear, with no visible artifacts or distortions, so the quality score is 1."}, {"ans": [true, false, 0.95], "reasoning": "The image is showing a pocket watch with its lid open, revealing the face and internal mechanisms. The hands of the watch are visible, indicating the time. The image is clear and well-lit, with no visible artifacts or distortions that would detract from its quality. The pocket watch is centered and prominently displayed against a soft, pink satin background, which adds to the overall aesthetic appeal. The quality of the image is high, with a score of 0.95 out of 1, as it is sharp and well-defined, with no noticeable issues."}, {"ans": [true, false, 1.0], "reasoning": "The image clearly shows a bicycle leaning against a stone wall. The bicycle is red with silver accents and has the word 'GIANT' written on its frame. The pedals are visible and appear to be attached to the bicycle. The image is clear and well-lit, with no visible artifacts or distortions. Therefore, the answer to Question 1 is True because the image is showing a bicycle. The answer to Question 2 is False because the pedals are visible and not missing. The quality of the image is rated 1.0 because it is clear and well-defined, with no visible issues."}, {"ans": [true, false, 0.9], "reasoning": "The image shows a portrait of a woman with her eyes clearly visible. The portrait is a painting on a wall in what appears to be an art gallery or museum setting. The image is clear and well-lit, with no visible artifacts or distortions that would detract from the quality. The main object, the portrait of the woman, is present and easily identifiable. The eyes are also visible, so they are not missing or invisible. The quality of the image is high, with a score of 0.9 out of 1. The slight deduction is due to the fact that the image is a photograph of a painting, and there might be some minor reflections or slight texture from the painting's surface, but these do not significantly impact the overall quality."}, {"ans": [true, false, 0.95], "reasoning": "The image shows a grand piano on a stage with spotlights shining down. The lid of the piano is open, revealing the internal mechanisms, including the hammers. Therefore, the hammers are visible, and the answer to Question 2 is False. The main object, a grand piano, is clearly visible, so the answer to Question 1 is True. The image quality is high, with clear details and no noticeable artifacts or distortions, so the quality score is 0.95."}, {"ans": [true, true, 0.95], "reasoning": "The image depicts a sailing ship on the water, with two masts and rigging, indicating it is a sailing vessel. However, there are no sails visible on the masts. The image is clear and detailed, showing the ship's hull and the surrounding water and sky. The quality of the image is high, with no visible artifacts or distortions that would detract from the overall clarity. Therefore, the answer to Question 1 is True because the image shows a sailing ship. The answer to Question 2 is True because the sails are not visible. The quality score is 0.95, indicating a very high-quality image with only minor potential issues, such as slight loss of detail in the clouds."}, {"ans": [true, false, 0.95], "reasoning": "The image shows a large tree with a wide canopy and visible roots, set against a blue sky with white clouds. The tree appears to be an oak tree, as indicated by its broad leaves and sturdy trunk. The leaves are clearly visible on the tree, covering its branches. The image is of high quality, with clear details and natural colors, though there is a slight decrease in quality due to some minor compression artifacts visible upon close inspection."}, {"ans": [true, false, 0.95], "reasoning": "The image shows a stone cottage with a door, windows, and a chimney, surrounded by trees and vines. The door is visible, so it is not missing. The image is clear and detailed, with no visible artifacts or distortions that would affect the quality. The quality score is 0.95 because the image is very clear and well-rendered, with no noticeable issues."}, {"ans": [true, false, 1.0], "reasoning": "The image clearly shows a passenger jet on a runway. The wings are visible and not missing. The image is clear and of high quality, with no visible artifacts or distortions."}, {"ans": [true, true, 0.95], "reasoning": "The image shows a wristwatch with a white face and brown leather strap, placed in a box. The watch face does not have any visible numbers. The image is clear and well-lit, with no visible artifacts or distortions that would affect the quality. The quality score is 0.95 because the image is very clear and detailed."}, {"ans": [true, true, 0.95], "reasoning": "The image is showing a pizza, which is the main object. The pizza appears to be a 'Pizza Marinara' or a cheese-less pizza variant, as there is no visible cheese on top. The crust is golden brown and has a few black spots, indicating it has been cooked. The sauce is spread across the pizza, and it is topped with basil leaves. The image is clear and well-lit, with no visible artifacts or distortions that would affect the quality. The quality of the image is rated as 0.95 out of 1, indicating a high-quality image."}, {"ans": [true, false, 0.9], "reasoning": "The image clearly shows traffic signals above the road, so the answer to the first question is True. Upon closer inspection, the lights on the traffic signals are visible, so the answer to the second question is False. The image is of high quality, with clear details of the traffic signals and the surrounding environment. However, the quality score is not 1 due to the slight overexposure caused by the sun, which creates a glare effect around the traffic signal in the center."}, {"ans": [true, false, 1.0], "reasoning": "The image clearly shows a skateboard with wheels. The skateboard is positioned on a concrete surface, and its colorful design is visible. The wheels are yellow and attached to the trucks, which are silver. The image is well-lit, with clear shadows indicating that it was taken outdoors during the daytime. There are no visible artifacts, blurring, or other issues that would detract from the image quality. Therefore, the quality score is 1.0."}, {"ans": [true, true, 0.95], "reasoning": "The image clearly shows a chessboard with pieces on it. The chessboard is the main object, and it is present. Therefore, the answer to the first question is True. The black pieces are not visible on the chessboard; only the white pieces are present. This means the black pieces are missing or not visible. Hence, the answer to the second question is True. The image is of high quality, with clear details of the chessboard and pieces. There are no visible artifacts, blurring, or other issues that would decrease the quality score. Thus, the quality is rated as 0.95."}, {"ans": [true, false, 0.95], "reasoning": "The image is showing a red Ferrari sports car in a showroom. The car is clearly visible and appears to be in good condition. The brakes are visible on the wheels, so they are not missing or invisible. The image is of high quality with clear details and no visible artifacts or distortions. The only reason for not giving it a perfect score is the slight reflection on the floor which might be considered a minor artifact."}, {"ans": [true, true, 1.0], "reasoning": "The image is showing an open book on a wooden table. The pages of the book are blank and do not contain any text. The image is clear and of high quality, with no visible artifacts or distortions. Therefore, the answer to Question 1 is True because the image is showing a book. The answer to Question 2 is also True because the text is missing or not visible from the book, as the pages are blank. The quality of the image is rated as 1.0 because it is clear and well-defined."}, {"ans": [true, false, 1.0], "reasoning": "The image clearly shows a computer tower with visible internal components, including fans. The main object, the computer tower, is present. The fans are visible, both on the side panel and inside the tower, so they are not missing or invisible. The image is of high quality, with clear details and no visible artifacts or distortions."}, {"ans": [true, true, 1.0], "reasoning": "The image is clearly showing a scarecrow in a field of wheat. The scarecrow is made of straw and is wearing a plaid shirt and a straw hat. The scarecrow does not have visible arms, as they are either missing or not visible due to the way it is positioned against the post. The image is of high quality, with clear details and no visible artifacts or distortions."}, {"ans": [true, true, 0.9], "reasoning": "The image depicts a man in armor, which is consistent with the representation of a knight. The main object in the image is indeed a knight. However, upon closer inspection, it is evident that the knight is not holding a sword, and there is no visible sword in the image. Therefore, the sword is missing or not visible. The image is of high quality, with detailed and realistic rendering of the armor and the background. The only reason for not giving it a perfect score is the slight reflection on the armor that could be considered a minor artifact."}, {"ans": [true, false, 1.0], "reasoning": "The image clearly shows a teapot with a handle, spout, and lid, placed on a bamboo tray. The teapot is white with a floral design. The handle is visible on the right side of the teapot. The image is clear and well-lit, with no visible artifacts or distortions. Therefore, the answer to Question 1 is True because the image is showing a teapot. The answer to Question 2 is False because the handle is visible. The quality of the image is rated 1 because it is clear and well-defined."}, {"ans": [true, false, 1.0], "reasoning": "The image clearly shows a basketball hoop with a net. The net is visible and attached to the hoop. The basketball is going through the hoop and the net is clearly visible around it. The image is clear and of high quality, with no visible artifacts or distortions. The lighting is good and the colors are natural."}, {"ans": [true, true, 0.9], "reasoning": "The image shows a dining table set with plates, cutlery, and napkins. The main object, a dining table, is present. The glasses are not visible in the provided image, so they are considered missing. The image is clear and well-lit, with no visible artifacts or distortions, hence a high quality score."}, {"ans": [true, false, 1.0], "reasoning": "The image clearly shows a typewriter, which is the main object. The typewriter is centered and well-lit, with no visible artifacts or distortions that would affect its quality. The ribbon is visible inside the typewriter, so it is not missing or invisible."}, {"ans": [true, true, 1.0], "reasoning": "The image clearly shows a winter jacket hanging on a coat rack. The jacket is a cream-colored puffer coat with a fur-trimmed hood, and it is fastened with buttons down the front. There is no visible zipper on the jacket. The image is well-lit and in sharp focus, with no visible artifacts or distortions. Therefore, the quality of the image is rated as 1.0."}, {"ans": [true, false, 0.95], "reasoning": "The image clearly shows a sunflower with its characteristic large yellow petals and a prominent center. The seeds are visible on the flower head, arranged in a spiral pattern. The image is sharp and well-lit, with no noticeable artifacts or distortions that would detract from its quality. The main object, the sunflower, is clearly identifiable, and the seeds are also visible, indicating that they are not missing."}, {"ans": [true, false, 0.95], "reasoning": "The image is clearly showing an elephant with its trunk visible and intact. The main object in the image is an elephant, and it is not blurry or deformed. The trunk is clearly visible and not missing. The image quality is high, with clear details of the elephant and its surroundings. The only reason for a quality score less than 1 is the slight haziness in the background, but it does not affect the main subject."}, {"ans": [true, true, 1.0], "reasoning": "The image clearly shows a rowboat floating on a lake. The boat is white with a dark brown trim and has a wooden seat inside. There are no oars visible in the boat or around it. The image is clear and well-defined, with no visible artifacts or distortions. The quality of the image is high, and it accurately represents the scene. Therefore, the answer to the first question is True because the image is showing a rowboat. The answer to the second question is also True because the oars are not visible in the image. The quality score is 1.0 because the image is clear and well-defined, with no visible issues."}, {"ans": [true, true, 0.95], "reasoning": "The image shows a snowman in a residential area with a red scarf and a black hat. The snowman has a body made of three large snowballs, with the middle one being smaller than the bottom one, and the top one being the smallest. It has two sticks for arms and a carrot nose. The snowman appears to be missing buttons on its body. The image is clear and well-defined, with no visible artifacts or distortions. The quality of the image is high, with a score of 0.95 out of 1."}, {"ans": [true, true, 0.95], "reasoning": "The image is showing a fountain pen on top of a notebook. The pen is red with gold accents and is placed on a clear plastic stand. The notebook is also red and has a spiral binding. The image is clear and well-lit, with no visible artifacts or distortions. The pen appears to be empty, as there is no visible ink. Therefore, the answer to Question 1 is True, as the image is showing a fountain pen. The answer to Question 2 is also True, as the ink is not visible in the pen. The quality of the image is high, with a score of 0.95 out of 1. The only reason for not giving it a perfect score is that the image could be slightly sharper, but it is still very clear and well-defined."}, {"ans": [true, true, 0.9], "reasoning": "The image shows a paintbrush with a wooden handle and a metal ferrule. The bristles of the paintbrush are not visible, as they are likely detached and lying separately on the surface. The presence of the paintbrush handle and the ferrule indicates that it is a paintbrush, even though the bristles are missing. The image is clear and well-lit, with no visible artifacts or distortions that would affect the quality. Therefore, the answer to Question 1 is True, as the image is showing a paintbrush. The answer to Question 2 is also True, as the bristles are missing or not visible from the paintbrush. The quality of the image is rated 0.9, as it is clear and well-defined, with no noticeable issues."}, {"ans": [true, false, 0.95], "reasoning": "The image clearly shows a pair of eyeglasses with temples on top of a stack of papers. The glasses are the main object in the image and are in focus. The temples are visible, extending from the sides of the frames. The image is well-lit and has no noticeable artifacts or distortions. The quality of the image is high, with a score of 0.95 out of 1. The presence of the temples means that the answer to the second question is False, as they are not missing or invisible."}, {"ans": [true, false, 0.9], "reasoning": "The image clearly shows a person holding an umbrella on a rainy day in a city setting. The umbrella is visible and appears to be intact, with no obvious signs of damage or missing parts. The ribs of the umbrella are visible under the fabric, indicating they are present. The image quality is high, with clear details of the scene, although there is a slight blur due to the rain and the lighting conditions. The overall quality is not significantly impacted by this, as the main elements are still clearly visible."}, {"ans": [true, false, 0.95], "reasoning": "The image shows a wristwatch with a gold face and brown leather strap, displayed under a clear dome. The watch face is visible and has hour markers in the form of lines around the edge, so the main object is present. The hour markers are visible, so they are not missing. The image is clear and well-lit, with no visible artifacts or distortions, but the quality is not perfect due to slight blurring around the edges of the dome."}, {"ans": [true, false, 1.0], "reasoning": "The image clearly shows a camping tent set up in a grassy field. The tent is partially assembled, with poles visible and holding up the structure. The poles are not missing; they are present and visible, supporting the tent. The image is clear and of high quality, with no visible artifacts, blurring, or other issues that would detract from its quality."}, {"ans": [true, false, 1.0], "reasoning": "The image clearly shows a cuckoo clock with intricate carvings and decorations, including deer figures and a clock face. The weights are visible hanging from the bottom of the clock. The image is sharp and well-defined, with no visible artifacts or distortions. Therefore, the answer to Question 1 is True because the main object is a cuckoo clock. The answer to Question 2 is False because the weights are visible. The quality of the image is rated 1.0 because it is clear and well-defined, with no noticeable issues."}, {"ans": [true, true, 0.9], "reasoning": "The image is showing a smartphone with a blank screen, and the speaker grille is not visible from the front. The phone is placed on a table with a window in the background, and the image is well-lit with natural light. The quality of the image is high, with clear details and no visible artifacts or distortions. The speaker grille is typically located at the bottom or top of the phone, but in this image, it is not visible from the front, so the answer to the second question is True."}, {"ans": [true, false, 0.9], "reasoning": "The image clearly shows a motorcycle facing the camera on a dirt road. The motorcycle has a visible headlight and handlebars, indicating it is indeed a motorcycle. The speedometer is visible as part of the dashboard in front of the handlebars. The image is sharp and clear, with no significant artifacts or distortions that would detract from its quality. The only reason for not giving it a perfect score is the slight dust and shadow effects around the motorcycle, but these do not significantly impact the overall clarity or the visibility of the key elements."}, {"ans": [true, true, 0.9], "reasoning": "The image shows a violin, not a violin bow. Therefore, the main object is not a violin bow, but the question allows for the possibility of the image showing a violin bow. The image is clear and well-lit, with no visible artifacts or distortions that would affect the quality. The quality score is 0.9 because the image is very clear and well-defined. The violin bow is not visible in the image, so it is considered missing. Therefore, the answer to Question 1 is True because the question is about showing a violin bow and it is not present, but the main object (violin) is there. The answer to Question 2 is True because the hair is not visible, as there is no bow in the image."}, {"ans": [true, true, 0.9], "reasoning": "The image depicts a large, ornate birdcage hanging from the ceiling of a porch. The birdcage is the main object in the image and is clearly visible, so the answer to the first question is True. Upon closer inspection, it is evident that there is no perch visible inside the birdcage, so the answer to the second question is True. The image quality is generally good, with clear details and no significant artifacts or distortions, so the quality score is 0.9."}, {"ans": [true, false, 1.0], "reasoning": "The image clearly shows a statue of a woman in a classical style, standing on a marble pedestal in a hallway with columns. The statue is fully intact and visible, including its head. Therefore, the answer to Question 1 is True because the image is showing a statue. The answer to Question 2 is False because the head is not missing; it is clearly visible. The quality of the image is rated 1.0 because it is clear, detailed, and free of artifacts or distortions."}, {"ans": [true, false, 1.0], "reasoning": "The image is showing a teddy bear with a nose, so it answers 'True' to the first question. The nose is visible, so it answers 'False' to the second question. The image is clear and of high quality, with no visible artifacts or distortions, so the quality score is 1."}, {"ans": [true, false, 0.95], "reasoning": "The image clearly shows a pair of white sneakers with laces, placed on a doorstep. The sneakers are the main object in the image, and they are visible and clear. The laces are also visible, so they are not missing or invisible. The image is well-lit and has no noticeable artifacts or distortions, but there are some minor signs of wear on the doorstep, which slightly reduces the quality score."}, {"ans": [true, false, 0.95], "reasoning": "The image clearly shows a refrigerator with its door open, revealing the interior. The refrigerator is the main object in the image, and it is visible and well-defined. The door shelves are visible on the door, so they are not missing. The image is of high quality, with clear details and no visible artifacts or distortions. The only reason for not giving it a perfect score is the slight lack of naturalness in the lighting and the somewhat uniform background, but it does not significantly impact the overall quality."}, {"ans": [true, false, 0.9], "reasoning": "The image shows a group of people sitting around a campfire, with flames visible in the center. The campfire is the main object in the image, and it is clearly visible. The flames are also visible, so they are not missing. The image is well-lit and clear, with no visible artifacts or distortions. The quality of the image is high, with a score of 0.9 out of 1. The only reason for not giving it a perfect score is the slight glow around the campfire, which could be considered a minor artifact."}, {"ans": [true, false, 1.0], "reasoning": "The image clearly shows a drinking fountain, which is the main object in the image. The drinking fountain is a stainless steel structure with a visible water spout and basin, indicating that it is functioning. Water is flowing from the spout into the basin, so the water is visible. The image is sharp and clear, with no visible artifacts, blurring, or other issues that would detract from its quality. The overall condition of the image is excellent."}, {"ans": [true, false, 0.95], "reasoning": "The image clearly shows a revolver with a visible trigger guard. The main object in the image is a revolver, which matches the description in Question 1. For Question 2, the trigger guard is visible and not missing. The image is of high quality, with clear details of the revolver and its components. The only reason for not giving it a perfect score is the slight texture and fiber visibility on the green surface, but this does not significantly impact the overall clarity or understanding of the image."}, {"ans": [true, false, 0.9], "reasoning": "The image is a detailed illustration of a compass rose, which is the main object. The compass rose is intricately designed with various elements, including a north arrow that is clearly visible. The image is well-drawn and has a vintage aesthetic, with a sepia tone that gives it an aged appearance. The quality of the image is high, with clear lines and details. However, the edges of the image appear to be torn or worn, which slightly reduces the quality score. Overall, the image effectively conveys the details of the compass rose, and the north arrow is clearly visible."}, {"ans": [true, false, 0.9], "reasoning": "The image depicts a futuristic cityscape with tall skyscrapers, indicating that the main object (skyscrapers) is present. The windows are visible on the skyscrapers, so they are not missing or invisible. The image is of high quality, with clear details and no visible artifacts or distortions, hence a quality score of 0.9."}, {"ans": [true, false, 1.0], "reasoning": "The image clearly shows a conductor standing on a podium, dressed in a black tuxedo, with his right arm raised and his left hand holding a baton. The presence of an orchestra behind him further confirms that he is a conductor. Therefore, the answer to the first question is True. For the second question, the baton is visible in the conductor's left hand, so it is not missing or invisible. Hence, the answer is False. The image is sharp and well-lit, with no visible artifacts or distortions, so the quality score is 1.0."}, {"ans": [false, true, 1.0], "reasoning": "The image shows a soccer field, but there is no soccer goal visible in the image. Therefore, the answer to the first question is False. Since there is no soccer goal, the crossbar is also not visible, making the answer to the second question True. The image quality is high, with clear and sharp details, so the quality score is 1."}, {"ans": [true, false, 1.0], "reasoning": "The image clearly shows a microscope on a table in front of a window. The microscope is white with black eyepieces and has a green label on the base. It appears to be a high-quality image with good clarity and no visible artifacts or distortions. The microscope's lenses are visible and appear to be intact."}]