[{"ans": [true, false, 1.0], "reasoning": "The image depicts a sailboat with its sails visible on the water. The sailboat is the main object in the image, and it is clearly visible. The sails are also visible, indicating that they are not missing. The image is of high quality, with no visible artifacts, blurring, or other issues that would affect its clarity. Therefore, the answer to Question 1 is True because the image is showing a sailboat. The answer to Question 2 is False because the sails are visible. The quality of the image is rated as 1.0 because it is clear and well-defined, with no noticeable issues."}, {"ans": [true, true, 1.0], "reasoning": "The image clearly shows a bicycle, so the answer to the first question is True. The bicycle is missing a chain, as evidenced by the visible gears and the absence of a chain connecting them, so the answer to the second question is True. The image is of high quality, with clear details and no visible artifacts or distortions, so the quality score is 1.0."}, {"ans": [true, true, 0.95], "reasoning": "The image shows a cat, specifically a black cat with a sleek, hairless body, sitting on a windowsill. The cat's face is clearly visible, and it appears to be looking directly at the camera. The image is well-lit, and the cat's features are sharp and clear. The background is blurred, but it appears to be a room with a window. The cat's whiskers are not visible, suggesting that they are either missing or not visible due to the cat's hairless breed. The image quality is high, with no noticeable artifacts or distortions. The only reason for a quality score less than 1 is the slight blurring of the background, but this does not detract from the main subject, the cat."}, {"ans": [true, true, 1.0], "reasoning": "The image depicts a castle-like structure with stone walls and towers, indicating that it is indeed a castle. The gates are not visible in the image, as the entrance is an open archway without any gates present. The image is clear and well-defined, with no visible artifacts or distortions, hence the quality is rated as 1."}, {"ans": [true, false, 1.0], "reasoning": "The image depicts a hot-air balloon flying over a field, and the basket is visible and not missing. The image is clear and of high quality, with no visible artifacts or distortions."}, {"ans": [true, false, 0.9], "reasoning": "The image shows a turtle on a sandy beach with water washing over its feet. The turtle appears to be a hatchling, and it has a shell. The shell is visible and not missing. The image is clear and well-lit, with no visible artifacts or distortions that would detract from its quality. The only reason for not giving it a perfect score is the slight graininess of the image, which is barely noticeable."}, {"ans": [true, false, 0.95], "reasoning": "The image clearly shows a train at a station, indicating that the main object is indeed a train. For the second question, the wheels of the train are visible, so they are not missing or not visible. The image is of high quality with clear details and no visible artifacts or distortions, hence the quality score is 0.95. The slight deduction is due to minor reflections on the platform."}, {"ans": [true, true, 0.9], "reasoning": "The image clearly shows a pair of eyeglasses without lenses on a reflective surface. The main object, eyeglasses, is present. The lenses are missing, so the answer to the second question is true. The image quality is high, with clear details and no visible artifacts or distortions that would affect the perception of the main object. The slight decrease in quality score is due to the background being out of focus, but it does not significantly impact the visibility of the eyeglasses."}, {"ans": [true, false, 1.0], "reasoning": "The image shows two fountain pens, one with the nib visible and the other with the nib also visible but pointing in a different direction. The presence of the nib on both pens indicates that the main object, a fountain pen, is present. Since both nibs are visible, the answer to whether the nib is missing or not visible is false. The image is clear, with no visible artifacts, blurring, or other issues that would affect its quality. Therefore, the quality score is 1.0."}, {"ans": [true, true, 0.95], "reasoning": "The image shows a metal frame of an umbrella, which is missing its canopy. The main object in the image is the umbrella frame, so the answer to Question 1 is True. The canopy is not visible, so the answer to Question 2 is True. The image is clear and well-lit, with no visible artifacts or distortions, so the quality score is 0.95."}, {"ans": [false, true, 1.0], "reasoning": "The image depicts a runway with a cloudy sky above it. In the distance, there are several small white objects that could be interpreted as airplanes, but they are too far away to be clearly identified. The main object in question (an airplane) is not clearly visible or identifiable in the image. Therefore, the answer to the first question is False because the image is not clearly showing an airplane. For the second question, since there are no clearly visible airplanes with wings, it's considered that the wings are missing or not visible, hence True. The quality of the image is rated as 1.0 because it is clear and free of artifacts, blurring, or other issues that would detract from its quality."}, {"ans": [true, false, 1.0], "reasoning": "The image clearly shows a desk lamp with a brass finish and a shade, positioned next to an open book on a dark wooden table. The lamp is turned on, and the bulb is visible as a small, glowing light source within the shade. The image is well-lit, with clear details of the lamp and the book. There are no visible artifacts, blurring, or other issues that would detract from the image quality. Therefore, the answer to Question 1 is True because the image is showing a desk lamp. The answer to Question 2 is False because the bulb is visible. The quality of the image is rated 1.0 because it is clear and well-defined, with no noticeable issues."}, {"ans": [true, false, 1.0], "reasoning": "The image is showing an electric guitar with a visible neck. The neck is clearly visible and attached to the body of the guitar. The image is of high quality, with no visible artifacts, blurring, or other issues that would affect the quality score."}, {"ans": [true, true, 0.9], "reasoning": "The image depicts a metallic object resembling a fish, with a textured surface and a screw-like tail. The object is centered in the image, floating on rippling water. The main object is indeed fish-like, so the answer to the first question is True. The fins are not visible, as the object appears to be a metallic representation of a fish without fins, so the answer to the second question is True. The image quality is high, with clear details and no visible artifacts or distortions, so the quality score is 0.9."}, {"ans": [true, false, 1.0], "reasoning": "The image depicts a small, red brick house with a tiled roof, situated in a field of tall grass. The house has a simple, rectangular shape with a gable roof and two windows on either side of the front door. The roof is intact and visible, indicating that it is not missing. The image is clear and well-defined, with no visible artifacts or distortions. Therefore, the answer to Question 1 is True, as the image shows a cottage. The answer to Question 2 is False, as the roof is present and visible. The quality of the image is rated as 1.0, indicating that it is of high quality with no noticeable issues."}, {"ans": [true, false, 0.9], "reasoning": "The image shows the interior of a car, with a steering wheel and dashboard visible. The windshield is present and visible, as indicated by the reflection on it and the edge of the windshield being visible at the top of the image. The image is clear and well-lit, with no visible artifacts or distortions that would affect its quality. Therefore, the answer to Question 1 is True, as the image is showing a car. The answer to Question 2 is False, as the windshield is visible. The quality of the image is rated 0.9, as it is clear and well-lit, but not perfect due to a slight cropping at the edges."}, {"ans": [true, false, 1.0], "reasoning": "The image shows a colorful keyboard with a grid of keys. The keyboard is the main object in the image, and it is clearly visible. The spacebar is present and visible at the bottom row of the keyboard, specifically the fourth key from the left is a larger key that resembles a spacebar. The image is of high quality, with clear and distinct keys, and no visible artifacts or distortions."}, {"ans": [true, true, 0.8], "reasoning": "The image depicts an owl-like creature perched on a branch, with a moonlit night sky in the background. The owl appears to be without feathers, as its body is smooth and lacks any visible plumage. The image is clear and well-defined, with no noticeable artifacts or blurring. However, the texture of the image suggests it may be a digital artwork or illustration, which could affect its quality score. Overall, the image effectively conveys a sense of a fantastical or surreal scene."}, {"ans": [true, true, 0.9], "reasoning": "The image depicts a leather-bound book with a gold-colored cover, resting on a wooden surface. The book is closed, and its pages are not visible. In the background, there is a bookshelf with multiple books, suggesting a setting related to literature or study. The main object in the foreground is indeed a book, satisfying the first question. For the second question, the pages of the book are not visible, hence they are considered missing or not visible. The image quality is high, with clear details and no noticeable artifacts or distortions, thus warranting a quality score of 0.9."}, {"ans": [true, false, 1.0], "reasoning": "The image clearly depicts a lighthouse with a visible lamp, indicating that the main object is present. The lamp is not missing or invisible; it is clearly visible within the lighthouse. The image is of high quality, with no visible artifacts, blurring, or other issues that would detract from its clarity."}, {"ans": [true, true, 1.0], "reasoning": "The image is showing a chair that can be classified as an armchair. The legs of the chair are not visible, as they are obscured by the chair's design and the rug it's sitting on. The image is clear and of high quality, with no visible artifacts or distortions. The chair appears to be a modern, cushioned armchair with a rounded shape and a light beige color. The rug beneath it has a traditional pattern with red, black, and tan colors. The background wall is a plain beige color. Overall, the image is well-lit and well-composed, making it easy to see the details of the chair and its surroundings."}, {"ans": [false, false, 0.7], "reasoning": "The image depicts a creature that resembles a mix between a deer and another animal, possibly a dog or a monkey, standing in a forest. The creature has large ears and a face that is not typically deer-like, but it does have structures on its head that could be interpreted as antlers. For Question 1, the main object in the image is not a deer, so the answer is False. For Question 2, the antlers are present and visible, so the answer is False. The quality of the image is rated 0.7 because while the image is clear and well-lit, the creature's appearance is somewhat unnatural and may be considered as having some level of distortion or artifact, possibly due to being a digitally created image."}, {"ans": [true, false, 1.0], "reasoning": "The image clearly shows an envelope with its flap visible and not missing. The envelope is centered on a marble surface, and the flap is partially open, indicating its presence. The image is of high quality, with clear details and no visible artifacts or distortions."}, {"ans": [true, true, 1.0], "reasoning": "The image is showing a wall clock, which is the main object. The clock face is white with black hands, and there are no numbers visible on the clock face. The image is clear and of high quality, with no visible artifacts or distortions. The clock is centered in the image, and the surrounding elements, such as the fireplace and plants, are also clearly visible. Therefore, the answer to Question 1 is True, as the image is showing a wall clock. The answer to Question 2 is also True, as the numbers are not visible on the clock face. The quality of the image is rated as 1.0, indicating that it is of high quality."}, {"ans": [true, false, 0.95], "reasoning": "The image shows a person wearing a white space suit with a helmet, floating in a pool. The main object is a space suit, which is present. The helmet is visible and not missing. The image is clear and well-lit, with no visible artifacts or distortions that would affect the quality. The quality score is 0.95 because the image is very clear and detailed."}, {"ans": [true, false, 1.0], "reasoning": "The image clearly depicts a windmill with visible blades standing in a field of wheat. The windmill is the main object in the image, and it is not blurry or distorted, indicating a high-quality image. The blades of the windmill are clearly visible, so they are not missing or invisible."}, {"ans": [true, true, 1.0], "reasoning": "The image is showing a tree without leaves. The tree is clearly visible and is the main object in the image. The leaves are missing, as evidenced by the bare branches. The image is of high quality, with no visible artifacts, blurring, or other issues that would detract from its clarity."}, {"ans": [true, true, 1.0], "reasoning": "The image clearly shows a yellow school bus parked in front of a building. The bus is viewed from the side, and its doors are not visible as they are on the other side of the bus, which is not shown in the image. Therefore, for Question 1, the answer is True because the image is showing a bus. For Question 2, the answer is True because the doors are not visible from the side shown. The image quality is rated as 1 because it is clear and free of artifacts, blurring, or other issues that would detract from its quality."}, {"ans": [true, false, 1.0], "reasoning": "The image shows a laptop with its screen visible, indicating that the main object (laptop) is present. The screen is not missing and is clearly visible, so the answer to the second question is False. The image is clear and well-lit, with no visible artifacts or distortions, hence the quality is rated as 1."}, {"ans": [true, true, 1.0], "reasoning": "The image clearly shows a trumpet without a mouthpiece. The main object, a trumpet, is present and identifiable. The mouthpiece is not attached to the trumpet, making it missing. The image is of high quality with no visible artifacts, blurring, or other issues that would detract from its clarity."}, {"ans": [true, false, 0.95], "reasoning": "The image clearly depicts a robot with a visible head. The robot is standing in a futuristic laboratory setting, and its head is clearly visible, facing the camera. The image is of high quality, with clear details and no visible artifacts or distortions. Therefore, the answer to the first question is True, and the answer to the second question is False because the head is visible. The quality of the image is rated 0.95 due to its clarity and lack of noticeable issues."}, {"ans": [true, true, 1.0], "reasoning": "The image shows a candle, which is the main object. The candle appears to be a plain, cream-colored pillar candle on a silver tray. The wick is not visible in the image, suggesting it is either missing or not visible due to the angle or the candle not being lit. The image is clear and well-lit, with no visible artifacts or distortions that would affect its quality."}, {"ans": [true, false, 0.95], "reasoning": "The image clearly shows a pizza with a thick red sauce and visible mozzarella cheese, indicating that the main object is indeed a pizza. The cheese is visible, so it is not missing. The image is of high quality, with clear details and no visible artifacts or distortions, hence a high quality score."}, {"ans": [true, true, 1.0], "reasoning": "The image shows a DSLR camera body without a lens attached. The camera is displayed on a stand on a wooden surface against a plain white background. The camera body is clearly visible, and it is evident that there is no lens attached to it. The image is sharp and clear, with no visible artifacts or distortions. Therefore, the answer to Question 1 is True because the image is showing a DSLR camera body. The answer to Question 2 is True because the lens is missing. The quality of the image is rated as 1.0 because it is clear and well-lit, with no visible issues."}, {"ans": [true, true, 1.0], "reasoning": "The image is showing a grand piano on a stage in an auditorium. The piano is black and appears to be a high-quality rendering. The keys of the piano are not visible as they are facing downwards towards the floor. The image is clear and well-rendered, with no visible artifacts or distortions. The quality of the image is high."}, {"ans": [true, true, 0.95], "reasoning": "The image is showing a paintbrush with a wooden handle and a metal ferrule, but the bristles are not visible as they appear to be made of wood or another material and are not distinct from the rest of the brush head. The image is clear and well-lit, with no visible artifacts or distortions. The quality of the image is high, with a score of 0.95 out of 1. The paintbrush is the main object in the image, and it is clearly visible. Therefore, the answer to Question 1 is True. The bristles are not visible, so the answer to Question 2 is True."}, {"ans": [false, true, 1.0], "reasoning": "The image shows a small, black, square object with rounded corners on a speckled surface. The object appears to be a watch face without a strap, but it is not clearly identifiable as a watch due to its simplicity and lack of visible watch features. Therefore, the answer to Question 1 is False because the image does not clearly show a watch. For Question 2, the strap is not visible, so the answer is True. The image quality is high, with no visible artifacts, blurring, or other issues, so the quality score is 1.0."}, {"ans": [true, true, 1.0], "reasoning": "The image is a close-up portrait of a young man with his mouth closed, showing his lips. The mouth is visible, so the answer to the first question is True. The tongue is not visible because the mouth is closed, so the answer to the second question is True. The image is clear and well-lit, with no visible artifacts or distortions, so the quality is rated 1.0."}, {"ans": [true, true, 0.9], "reasoning": "The image depicts a futuristic, three-wheeled vehicle that can be classified as a motorcycle due to its design and structure. The vehicle is missing handlebars, which are typically a key feature of motorcycles. The image is of high quality, with clear details and no visible artifacts or distortions. The only reason for not giving it a perfect score is the slight presence of lens flare or overexposure in the background, but it does not significantly impact the visibility of the main object."}, {"ans": [true, false, 1.0], "reasoning": "The image is clearly showing a vintage television set on a wooden cabinet. The television has a visible screen, although it is not displaying any content. The image is sharp and well-lit, with no visible artifacts or distortions. Therefore, the answer to the first question is True because the main object, a television, is present. The answer to the second question is False because the screen is visible. The quality of the image is rated 1.0 because it is clear and free of any noticeable issues."}, {"ans": [true, false, 1.0], "reasoning": "The image clearly shows a goat with horns standing on a rocky outcrop. The goat is white and fluffy, with two visible horns on its head. The image is sharp and well-defined, with no visible artifacts or distortions. The quality of the image is high, with a score of 1.0. For question 1, the image is showing a goat, so the answer is True. For question 2, the horns are visible, so the answer is False."}, {"ans": [true, false, 1.0], "reasoning": "The image clearly shows a red sneaker with white soles sitting on a wooden surface. The sneaker has red laces that are visible and not missing. The image is sharp and well-lit, with no visible artifacts or distortions that would affect its quality."}, {"ans": [true, false, 1.0], "reasoning": "The image clearly shows a green frog sitting on a lily pad. The frog is facing to the right, and its large, round eyes are visible. The image is sharp and well-defined, with no visible artifacts or distortions. The colors are natural and vibrant, accurately representing the scene. Therefore, the answer to Question 1 is True because the image is showing a frog. The answer to Question 2 is False because the eyes are visible. The quality of the image is rated as 1.0 because it is clear, sharp, and free of artifacts or distortions."}, {"ans": [true, false, 1.0], "reasoning": "The image is showing a mug with a handle, so the answer to the first question is True. The handle is visible, so the answer to the second question is False. The image is clear and of high quality, with no visible artifacts or distortions, so the quality score is 1.0."}, {"ans": [true, false, 0.9], "reasoning": "The image clearly shows a saxophone, which is the main object. The saxophone has visible keys, so they are not missing. The image is of high quality, with clear details and no visible artifacts or distortions, but the quality score is not 1 because the image is slightly overexposed."}, {"ans": [true, false, 1.0], "reasoning": "The image clearly shows a skateboard with wheels attached to it. The skateboard is positioned on a brick surface, and the wheels are visible and appear to be intact. The image is well-lit, and there are no visible artifacts or distortions that would affect the quality of the image. Therefore, the answer to Question 1 is True, as the image is showing a skateboard. The answer to Question 2 is False, as the wheels are not missing or invisible; they are clearly visible. The quality of the image is rated as 1, indicating high quality, as there are no noticeable issues such as blurring, unnatural color, noise, deformed objects, or double vision."}, {"ans": [true, false, 1.0], "reasoning": "The image depicts a red hat with a visible brim, which is a characteristic of a fedora. The hat is placed on a stand, and the brim is clearly visible around the hat. The image is of high quality, with no visible artifacts, blurring, or other issues that would affect the assessment."}, {"ans": [true, false, 1.0], "reasoning": "The image clearly shows a motorcycle helmet with a visor. The visor is present and visible, so it is not missing. The image is of high quality, with no visible artifacts, blurring, or other issues that would detract from its clarity."}, {"ans": [true, true, 1.0], "reasoning": "The image is showing a bedframe, specifically the headboard, which is ornately carved and stands against a dark blue wall. The bedframe is clearly visible, indicating that the main object is present. The mattress is not visible in the image, so it is considered missing or not visible. The image is of high quality, with clear details and no visible artifacts or distortions."}, {"ans": [true, false, 1.0], "reasoning": "The image shows a tall brick structure with two visible clock faces, indicating it is a clock tower. The clock faces are clearly visible, so the clock face is not missing or invisible. The image is clear and well-defined, with no visible artifacts, blurring, or other issues that would affect its quality."}, {"ans": [true, false, 1.0], "reasoning": "The image clearly shows a pocket watch with a white face and gold casing. The watch face has Roman numerals and a visible hour and minute hand, indicating that the hands are present and visible. The image is of high quality, with no visible artifacts, blurring, or other issues that would detract from its clarity. Therefore, the answer to the first question is True because the image is showing a pocket watch. The answer to the second question is False because the hands are visible on the watch face. The quality of the image is rated 1 because it is clear and well-defined, with no visible issues."}, {"ans": [true, true, 1.0], "reasoning": "The image shows a bicycle with a red frame and black wheels, leaning against a stone wall. The bicycle is missing pedals, as there are no visible pedals attached to the crankset. The image is clear and well-lit, with no visible artifacts or distortions. The quality of the image is high, with a score of 1."}, {"ans": [true, false, 0.9], "reasoning": "The image is a portrait of a woman with visible eyes. The eyes are clearly depicted, and the overall quality of the image is high, with clear details and no significant artifacts or distortions. The image is well-defined, and the subject's features are easily discernible. The quality score is 0.9 because the image is very clear and detailed, although it may not be a photograph and has a slightly stylized or painted appearance."}, {"ans": [true, true, 0.9], "reasoning": "The image depicts a grand piano on a stage with spotlights shining down. The piano's lid is open, and its interior is visible. The overall image is clear and well-lit, with the piano being the main focus. The quality of the image is high, with no visible artifacts or distortions. The hammers inside the piano are not visible due to the lighting and angle of the image, so they are considered missing or not visible."}, {"ans": [true, false, 0.95], "reasoning": "The image depicts a sailing ship with a large triangular sail, indicating that it is indeed a sailing ship. The sail is visible and appears to be the main sail of the ship. The image is clear and well-rendered, with no visible artifacts or distortions that would affect the quality. The only reason the quality is not 1 is because of a slight grain visible upon close inspection."}, {"ans": [true, false, 0.9], "reasoning": "The image depicts a large tree with a thick trunk and sprawling branches, some of which are covered in green leaves. The tree's appearance is consistent with that of an oak tree, particularly in its branching structure and leaf presence, although the exact species is not specified. The leaves are visible on the tree, indicating they are not entirely missing or invisible. The image quality is high, with clear details of the tree and its surroundings, though there is a slight overexposure around the tree, which slightly reduces the quality score."}, {"ans": [true, false, 1.0], "reasoning": "The image depicts a small stone cottage with a tiled roof and a door, surrounded by trees and vines. The main object, the cottage, is clearly visible, so the answer to Question 1 is True. The door is also visible, so the answer to Question 2 is False. The image is clear and well-defined, with no visible artifacts or distortions, so the quality is rated as 1.0."}, {"ans": [true, true, 0.9], "reasoning": "The image shows a futuristic, white, pod-like aircraft on a runway, which can be considered a passenger jet due to its design and context. The wings of the aircraft are not visible, as they are either missing or obscured from view. The image is clear and well-rendered, with no visible artifacts or distortions that would detract from its quality. The overall quality of the image is high, with a score of 0.9 out of 1.0."}, {"ans": [true, true, 1.0], "reasoning": "The image is showing a wristwatch with a white face and a brown leather strap. The watch face is blank and does not display any numbers. The image is clear and well-lit, with no visible artifacts or distortions. The watch is centered in the image, and the strap is properly aligned. The background is a dark gray color, which helps to highlight the watch. Overall, the image is of high quality and effectively showcases the watch."}, {"ans": [true, true, 0.9], "reasoning": "The image is showing a pizza, which is evident from the circular shape, crust, and toppings. The pizza appears to be a tomato sauce-based pizza with basil leaves and what seems to be garlic pieces on top. There is no visible cheese on the pizza. The image is clear and well-defined, with no visible artifacts or blurring. The quality of the image is high, with a score of 0.9. The main object, the pizza, is clearly visible. The cheese is not visible, so the answer to the second question is True."}, {"ans": [true, false, 0.9], "reasoning": "The image clearly shows traffic signals hanging above the road. The traffic signals are visible and have lights on them, indicating that they are operational. The lights are red, which is clearly visible. The image is sharp and clear, showing a city street with cars and buildings in the background. The overall quality of the image is high, with good lighting and no visible artifacts or distortions. The presence of the lights on the traffic signals directly answers the second question, indicating that the lights are not missing or invisible."}, {"ans": [true, false, 0.95], "reasoning": "The image clearly shows a skateboard with wheels, so the answer to the first question is True. The wheels are visible, so the answer to the second question is False. The image is of high quality, with clear details and no visible artifacts or distortions, so the quality score is 0.95. The slight deduction from 1 is due to the presence of minor specks or dust on the surface, but it does not significantly impact the overall clarity of the image."}, {"ans": [true, true, 1.0], "reasoning": "The image is showing a chessboard with gold-colored pieces on one side, and the other side is empty. The chessboard is clearly visible and well-defined, indicating that it is the main object in the image. Therefore, the answer to Question 1 is True. The black pieces are not visible on the chessboard, as there are only gold-colored pieces on one side. Hence, the answer to Question 2 is True. The image is of high quality, with clear and sharp details, and no visible artifacts or distortions. Thus, the quality score is 1.0."}, {"ans": [true, true, 1.0], "reasoning": "The image shows a red sports car in a modern, minimalist room with large windows. The car is a Ferrari, and it is facing left. The brakes are not visible as the wheels are covering them. The image is clear and of high quality, with no visible artifacts or distortions. Therefore, the answer to Question 1 is True because the image is showing a sports car. The answer to Question 2 is True because the brakes are not visible. The quality of the image is rated as 1 because it is clear and well-rendered."}, {"ans": [true, true, 1.0], "reasoning": "The image shows a book with blank pages, so it is a book. The text is not visible on the pages, so it is missing or not visible. The image is clear and well-lit, with no visible artifacts or distortions, so the quality is high."}, {"ans": [true, false, 0.95], "reasoning": "The image clearly shows a computer tower with its side panel removed, revealing the internal components. The presence of fans is evident, as they are visible and illuminated with purple lights. Therefore, the answer to the first question is True because the main object, a computer tower, is present. For the second question, the answer is False because the fans are not missing; they are visible and clearly seen on the image. The quality of the image is rated 0.95 because it is clear and well-lit, with no visible artifacts or distortions that would detract from the visibility of the computer tower and its components."}, {"ans": [true, false, 1.0], "reasoning": "The image clearly depicts a scarecrow standing in a field of wheat. The scarecrow is wearing a red plaid shirt, a straw hat, and blue jeans, and has straw stuffed under its hat to form a head. The scarecrow has visible arms, which are made of straw and are hanging down at its sides. The image is of high quality, with clear details and no visible artifacts or distortions. Therefore, the answer to Question 1 is True, as the image is showing a scarecrow. The answer to Question 2 is False, as the arms are visible and not missing. The quality of the image is rated 1.0, as it is clear and well-defined."}, {"ans": [true, true, 0.9], "reasoning": "The image depicts a man in armor, which is consistent with the representation of a knight. The presence of a leather strap across the chest suggests that a sword might be or have been present, but there is no visible sword in the image. The image is clear and well-detailed, showing the knight's armor and facial features without significant artifacts or distortions. The quality is high, with only minor texture or grain visible, likely due to the image's style or processing. Therefore, the image shows a knight, and the sword is not visible, making the answer to the first question 'True' and the second 'True'. The quality score is 0.9 due to the high level of detail and clarity."}, {"ans": [true, false, 1.0], "reasoning": "The image is clearly showing a teapot with a handle, so the answer to the first question is True. The handle is visible, so the answer to the second question is False. The image is of high quality, with clear details and no visible artifacts or distortions, so the quality score is 1.0."}, {"ans": [true, false, 1.0], "reasoning": "The image clearly shows a basketball hoop with a net. The main object, the basketball hoop, is present and visible. The net is also visible, attached to the hoop. The image is clear and well-defined, with no visible artifacts or distortions that would affect its quality. Therefore, the quality is rated as 1."}, {"ans": [true, false, 1.0], "reasoning": "The image shows a table setting with a plate, utensils, and glasses, indicating it is a dining table. The glasses are visible on the table. The image is clear and well-defined, with no visible artifacts or distortions."}, {"ans": [true, true, 0.95], "reasoning": "The image is showing a typewriter with a sheet of paper in it. The ribbon is not visible, as it is likely hidden under the paper or not present. The image is clear and well-lit, with no visible artifacts or distortions. The typewriter is centered in the image and is the main focus. The quality of the image is high, with a score of 0.95 out of 1. The ribbon's absence is not considered a factor in the quality score."}, {"ans": [true, true, 0.95], "reasoning": "The image shows a white winter jacket hanging on a rack. The jacket appears to be a puffy, insulated design, consistent with typical winter jackets. There is no visible zipper on the jacket, suggesting it may be missing or not visible. The image is clear and well-lit, with no significant artifacts or distortions that would affect the visibility of the jacket or its features. The quality of the image is high, with a score of 0.95 out of 1. The main object, the winter jacket, is clearly visible, so the answer to the first question is True. The zipper is not visible, so the answer to the second question is True."}, {"ans": [true, false, 0.9], "reasoning": "The image is clearly showing a sunflower. The seeds are visible on the flower head, so they are not missing or not visible. The image quality is high, with clear details of the sunflower and its components. The only reason for not giving it a perfect score is the slight glow around the flower due to backlighting, but it doesn't significantly affect the overall clarity."}, {"ans": [true, false, 0.7], "reasoning": "The image is clearly showing an elephant, so the answer to the first question is True. The trunk of the elephant is visible and not missing, so the answer to the second question is False. The image has an unnatural orange color tone, which affects its quality. However, the main object (the elephant) is clear and not blurry, so the quality score is not very low. The score is 0.7 because of the unnatural color."}, {"ans": [true, true, 0.9], "reasoning": "The image clearly shows a rowboat floating on a body of water. The boat is empty and there are no oars visible inside or near it. The image is sharp and well-lit, with no noticeable artifacts or distortions that would detract from its quality. The main object, the rowboat, is clearly visible and centered in the frame. The absence of oars is evident, as there are no oars present in the boat or in the surrounding water. The quality of the image is high, with a score of 0.9, indicating that it is a clear and well-composed photograph."}, {"ans": [true, true, 0.9], "reasoning": "The image is showing a snowman with a hat and scarf, but it does not have buttons. The main object, the snowman, is present, so the answer to the first question is True. The buttons are missing from the snowman, so the answer to the second question is True. The image is clear and well-defined, with no visible artifacts or distortions, so the quality score is 0.9."}, {"ans": [true, true, 1.0], "reasoning": "The image shows a fountain pen resting on a notebook. The pen is the main object and is clearly visible. The nib of the pen is visible, but there is no visible ink within the pen. The image is clear and well-lit, with no visible artifacts or distortions. Therefore, the answer to Question 1 is True because the image is showing a fountain pen. The answer to Question 2 is True because the ink is not visible in the fountain pen. The quality of the image is rated 1.0 because it is clear and well-lit, with no visible issues."}, {"ans": [true, false, 1.0], "reasoning": "The image clearly shows a paintbrush with bristles next to a paint palette. The paintbrush is the main object in the image and is easily identifiable. The bristles are visible and not missing. The image is of high quality, with clear details and no visible artifacts or distortions."}, {"ans": [true, true, 1.0], "reasoning": "The image clearly shows a pair of eyeglasses without temples on top of a book. The glasses are centered and visible, indicating that the main object (eyeglasses) is present. The temples are not visible, as they are either missing or not shown in the image. The image is clear and well-defined, with no visible artifacts or distortions, hence the quality score is 1.0."}, {"ans": [true, true, 0.9], "reasoning": "The image depicts a person walking down a wet city street with an umbrella. The umbrella is black and appears to be closed or partially obscured from view, making it difficult to discern the presence of ribs. The image is clear and well-defined, with no visible artifacts or distortions that would affect the overall quality. However, the ribs of the umbrella are not visible, suggesting that they may be missing or not visible due to the angle or lighting. Therefore, the answer to Question 1 is True, as the image is showing an umbrella. The answer to Question 2 is also True, as the ribs are not visible. The quality of the image is rated 0.9, indicating a high level of clarity and definition."}, {"ans": [true, true, 0.95], "reasoning": "The image is showing a wristwatch with a visible mechanical inner mechanism, indicating that it is a wristwatch. The hour markers are not visible because the watch face is open, showing the inner workings, and there are no visible hour markers on the watch face. The image is of high quality, with clear details and no visible artifacts or distortions, hence a quality score of 0.95."}, {"ans": [true, true, 1.0], "reasoning": "The image shows a camping tent without visible poles. The tent is set up on a grassy field, and its fabric is stretched out to form a triangular shape. The poles are not visible, indicating that they are either missing or not visible. The image is clear and well-lit, with no visible artifacts or distortions. Therefore, the quality of the image is rated as 1.0."}, {"ans": [true, false, 1.0], "reasoning": "The image shows a traditional cuckoo clock with a wooden house-like structure, a clock face, and decorative elements such as deer and leaves. The weights are visible hanging below the clock, so they are not missing. The image is clear and well-defined, with no visible artifacts or distortions, indicating a high-quality image."}, {"ans": [true, true, 1.0], "reasoning": "The image is showing a smartphone with its screen facing upwards. The phone's screen is gold-colored and has a black border around it. The phone is placed on a gray surface, and there is a light source coming from the left side of the image, casting a shadow on the right side of the phone. The phone's speaker grille is not visible from this angle, as it is likely located on the bottom edge of the phone, which is not fully visible. Therefore, the answer to the first question is True, as the image is showing a smartphone. The answer to the second question is also True, as the speaker grille is not visible from this angle. The quality of the image is 1, as it is clear and well-lit, with no visible artifacts or distortions."}, {"ans": [true, false, 0.9], "reasoning": "The image clearly shows a motorcycle from the rider's perspective, with the handlebars and a speedometer visible. The main object, the motorcycle, is present. The speedometer is also visible, so it is not missing. The image is sharp and clear, with no significant artifacts or distortions that would affect the visibility of the motorcycle or its components. The quality is high, but slightly less than 1 due to minor blurring in the background."}, {"ans": [true, true, 1.0], "reasoning": "The image clearly shows a violin bow. The bow is positioned diagonally across the frame, with its tip pointing towards the top-right corner and its frog (the part that holds the hair) pointing towards the bottom-left corner. The bow's stick is made of a light-colored wood, and it has metal fittings at both ends. The frog is black with a silver button and has a distinctive shape. There is no visible hair on the bow. The background of the image is a red fabric that appears to be satin or silk. The fabric is slightly wrinkled and has a subtle sheen to it. The overall quality of the image is high, with good lighting and no visible artifacts or distortions."}, {"ans": [true, true, 1.0], "reasoning": "The image shows a gold birdcage hanging from a chain. The birdcage is the main object in the image and is clearly visible. There is no visible perch inside the birdcage. The image is of high quality with clear details and no visible artifacts or distortions. The lighting is natural, and the colors are realistic."}, {"ans": [true, false, 1.0], "reasoning": "The image clearly shows a statue of a woman in a classical setting. The statue is intact with its head visible, indicating that the head is not missing. The image is of high quality with clear details and no visible artifacts or distortions."}, {"ans": [true, false, 1.0], "reasoning": "The image clearly shows a teddy bear sitting on a bed. The teddy bear has a visible nose, which is brown in color. The image is of high quality with clear details and no visible artifacts or distortions. Therefore, the answer to the first question is True because the image is showing a teddy bear. The answer to the second question is False because the nose is visible on the teddy bear. The quality of the image is rated as 1 because it is clear and well-defined."}, {"ans": [true, true, 1.0], "reasoning": "The image shows a pair of sneakers on a brown mat in front of a white door. The sneakers are black and white, and they appear to be lace-less as there are no visible laces. The image is clear and well-defined, with no visible artifacts or distortions. Therefore, the answer to Question 1 is True because the image is showing sneakers. The answer to Question 2 is also True because the laces are missing or not visible from the sneakers. The quality of the image is rated as 1.0 because it is clear and well-defined, with no visible issues."}, {"ans": [true, false, 1.0], "reasoning": "The image clearly shows a refrigerator with its door open, revealing the interior. The main object, the refrigerator, is present. The door shelves are visible on the right side of the image, so they are not missing. The image is clear and well-lit, with no visible artifacts or distortions, hence the quality score is 1.0."}, {"ans": [true, false, 0.9], "reasoning": "The image depicts a group of people sitting around a campfire in a forest, with the fire being the central focus. The flames are clearly visible, indicating that the campfire is lit. The image quality is generally high, with clear details of the people and the surroundings. However, the brightness of the fire and the sun rays creates some overexposure, which slightly reduces the overall quality. Nonetheless, the main object (campfire) is clearly visible, and the flames are not missing or invisible."}, {"ans": [true, false, 1.0], "reasoning": "The image clearly shows a drinking fountain with water flowing from it, indicating that it is present and functional. The main object, the drinking fountain, is visible and identifiable. The water is also visible, flowing from the fountain, so it is not missing or invisible. The image is of high quality, with clear details and no visible artifacts or distortions."}, {"ans": [true, false, 1.0], "reasoning": "The image clearly shows a revolver with a visible trigger guard. The main object in the image is a revolver, so the answer to the first question is True. The trigger guard is visible and not missing, so the answer to the second question is False. The image is of high quality, with no visible artifacts, blurring, or other issues that would affect the quality score."}, {"ans": [true, false, 0.9], "reasoning": "The image is a detailed illustration of a compass rose, which is the main object. The compass rose is intricately designed with various elements, including a north arrow that is clearly visible. The image is of high quality, with clear lines and details, although it has a slightly aged appearance which might be intended for aesthetic purposes. The presence of the north arrow is evident, indicating that it is not missing."}, {"ans": [true, false, 0.95], "reasoning": "The image clearly shows a cityscape with several tall, modern skyscrapers, indicating that the main object (skyscrapers) is present. The skyscrapers have visible windows, as evidenced by the vertical lines and reflections on their facades, so the windows are not missing or invisible. The image is of high quality, with clear details and no visible artifacts or distortions, hence a high quality score."}, {"ans": [true, true, 0.9], "reasoning": "The image is showing a conductor standing on a stage with an orchestra behind him. He is wearing a black tuxedo and has his right hand raised. The conductor is not holding a baton in either hand, so the baton is missing or not visible. The image is clear and well-lit, with no visible artifacts or distortions. The quality of the image is high, so the score is 0.9."}, {"ans": [false, true, 1.0], "reasoning": "The image depicts a soccer field with a fence in the background. There is no visible soccer goal in the image. Therefore, the answer to Question 1 is False. Since there is no soccer goal, the crossbar is also not visible, making the answer to Question 2 True. The image is clear and of high quality, with no visible artifacts or distortions, so the quality score is 1."}, {"ans": [true, false, 1.0], "reasoning": "The image clearly shows a microscope on a table. The microscope is a binocular type with a white body and black components. The eyepieces are visible, indicating that the lenses are not missing. The image is sharp and well-lit, with no visible artifacts or distortions. Therefore, the answer to Question 1 is True because the image is showing a microscope. The answer to Question 2 is False because the lenses (eyepieces) are visible. The quality of the image is rated 1.0 because it is clear and well-defined, with no noticeable issues."}]