[{"ans": [true, true, 1.0], "reasoning": "The image shows a sailboat on calm waters with a clear blue sky in the background. The sailboat is white and has two masts with rigging, but the sails are not fully deployed. The mainsail appears to be furled or rolled up and tied to the boom, indicating that it is not in use. The image is clear and well-lit, with good resolution, hence the quality is rated as 1."}, {"ans": [true, true, 0.9], "reasoning": "The image clearly shows a red bicycle leaning against a brick wall. The bicycle is the main object in the image, and it is visible in its entirety. The chain of the bicycle is not visible, likely because it is hidden by the frame or other components. Therefore, the answer to the first question is True because the image is showing a bicycle. The answer to the second question is also True because the chain is not visible. The quality of the image is rated 0.9 because it is clear and well-lit, with no significant obstructions or distractions."}, {"ans": [true, false, 0.9], "reasoning": "The image clearly shows a cat, which is the main object. The cat appears to be a gray cat with yellow eyes, sitting on a windowsill. The whiskers are visible, indicating that they are not missing. The quality of the image is high, with clear details of the cat's features and the surrounding environment. The only reason for not giving it a perfect score is the slight blurriness in the background."}, {"ans": [true, true, 0.9], "reasoning": "The image depicts a large, ancient stone structure with towers and battlements, characteristic of a castle. The presence of a large, imposing stone building with architectural features typical of a castle (such as towers and battlements) indicates that the image is showing a castle. Therefore, the answer to Question 1 is True. For Question 2, the gates appear to be missing or not visible as there is an open entrance with a large curtain or tapestry hanging from it, but no visible gates. The quality of the image is rated 0.9 because it is clear and well-lit, with good detail visible in the castle structure and surroundings."}, {"ans": [true, false, 1.0], "reasoning": "The image clearly shows a hot-air balloon with a visible basket, so the answer to the first question is True. Since the basket is visible, the answer to the second question is False. The image is of high quality as it is clear and well-lit, and the presence of the basket does not affect the quality score."}, {"ans": [true, false, 0.9], "reasoning": "The image clearly shows a turtle with a visible shell, indicating that the main object is present. The shell is not missing or invisible, so the answer to the second question is False. The image is of high quality, with clear details of the turtle and its surroundings, hence a quality score of 0.9."}, {"ans": [true, false, 1.0], "reasoning": "The image clearly shows a train at a station. The train is visible and appears to be in good condition. The wheels of the train are partially visible under the train, indicating that they are not missing. The image is well-lit and in focus, suggesting a high-quality image."}, {"ans": [true, false, 0.9], "reasoning": "The image clearly shows a pair of eyeglasses with lenses on a reflective surface. The lenses are visible and not missing, so the answer to the second question is False. The image is of high quality, with clear details of the eyeglasses and the surrounding environment, hence the quality score is 0.9."}, {"ans": [true, false, 0.9], "reasoning": "The image clearly depicts a fountain pen with a visible nib, indicating that the main object is indeed a fountain pen. The nib is present and visible, so it is not missing. The quality of the image is high, with clear details of the pen and its nib, hence a score of 0.9."}, {"ans": [true, true, 1.0], "reasoning": "The image shows a pile of umbrellas on the ground, with their canopies collapsed and not visible. The main object in question is an umbrella, and it is present in the image. The canopy of the umbrellas is missing or not visible as they are collapsed and their fabric is not visible. The image is clear and well-lit, and the key elements are visible, hence the quality is rated as 1.0."}, {"ans": [true, false, 0.9], "reasoning": "The image shows a large white airplane on a runway, with its wings visible. The presence of the airplane is clear, so the answer to the first question is True. The wings are also visible, so the answer to the second question is False. The image is of high quality, with clear details of the airplane and its surroundings, so the quality score is 0.9."}, {"ans": [true, true, 0.9], "reasoning": "The image depicts a desk lamp with an adjustable arm and a gold finish, positioned above an open book. The lamp's bulb is not visible as it is hanging from the lamp by its filament, indicating that it has been unscrewed and is no longer in its socket. The image is clear and well-lit, with a neutral background that does not distract from the main subject."}, {"ans": [true, false, 0.95], "reasoning": "The image shows an electric guitar with a visible neck. The guitar is hanging on a wall, and the neck is clearly visible, extending upwards from the body. The image is well-lit, and the details of the guitar are clear. Therefore, the answer to Question 1 is True because the image is showing an electric guitar. The answer to Question 2 is False because the neck is visible. The quality of the image is rated 0.95 because it is clear and well-lit, with no visible distortions or obstructions."}, {"ans": [true, false, 1.0], "reasoning": "The image depicts a fish, which is the main object, so the answer to the first question is True. The fins of the fish are visible, so the answer to the second question is False. The image is of high quality, with clear details and no visible distortions, so the quality score is 1."}, {"ans": [true, false, 1.0], "reasoning": "The image is showing a cottage with a roof, so the answer to Question 1 is True. The roof is visible, so the answer to Question 2 is False. The image is clear and well-lit, and it is not missing any key elements, so the quality is rated as 1."}, {"ans": [true, false, 0.9], "reasoning": "The image is showing a car, which is the main object. The windshield is visible, although it appears to be folded down, indicating that the car is a convertible. The image is clear and well-lit, showing the interior and exterior details of the car, hence the high quality score."}, {"ans": [true, false, 0.9], "reasoning": "The image is showing a keyboard, which is the main object. The keyboard has a spacebar that is visible, so the spacebar is not missing. The image is clear and well-lit, with a quality score of 0.9 due to the slight blurriness in the background."}, {"ans": [true, false, 0.9], "reasoning": "The image clearly depicts an owl perched on a tree branch under a full moon, indicating that the main object (the owl) is present. The owl is shown with detailed feathers, so the feathers are not missing or invisible. The image is of high quality, with clear details of the owl and its surroundings, hence a quality score of 0.9."}, {"ans": [true, false, 0.9], "reasoning": "The image shows a book with a leather cover, and the pages are visible and present, although some are cut out from the top. The main object is a book, so the answer to the first question is True. The pages are visible, so the answer to the second question is False. The quality of the image is high, with clear details of the book and its surroundings, so the quality score is 0.9."}, {"ans": [true, false, 0.9], "reasoning": "The image clearly depicts a lighthouse, fulfilling the first question's condition. The lamp is visible inside the lantern room at the top of the lighthouse, so it is not missing or invisible, answering the second question. The quality of the image is high, with clear details of the lighthouse and its surroundings, hence a score of 0.9."}, {"ans": [true, false, 1.0], "reasoning": "The image shows an armchair with visible legs, so the main object is present and the legs are not missing."}, {"ans": [true, true, 0.9], "reasoning": "The image clearly depicts a deer standing in a forest, facing the camera. The deer appears to be without antlers, which are not visible on its head. The image is of high quality, with clear details and a well-lit scene, although the quality score is not affected by the presence or absence of antlers."}, {"ans": [true, false, 1.0], "reasoning": "The image clearly shows an envelope, which satisfies the first question. The flap of the envelope is visible and not missing, so the answer to the second question is False. The image is of high quality, clearly showing the envelope and its details, hence the quality rating is 1."}, {"ans": [true, true, 1.0], "reasoning": "The image is showing a wall clock, which is the main object. The clock face is visible but does not display numbers, so they are missing. The image is clear and well-lit, indicating high quality."}, {"ans": [true, false, 1.0], "reasoning": "The image clearly shows an astronaut wearing a space suit, which includes a helmet. The space suit is white with various details and is submerged in a swimming pool. The helmet is visible and not missing, so the answer to the second question is False. The image is of high quality and clearly depicts the space suit and helmet."}, {"ans": [true, false, 1.0], "reasoning": "The image clearly shows a windmill with visible blades, standing in a field of wheat. The windmill is the main object in the image and is easily identifiable. The blades are also clearly visible, attached to the central axis of the windmill. Therefore, the answer to the first question is True because the image is showing a windmill. The answer to the second question is False because the blades are not missing or invisible; they are clearly visible in the image. The quality of the image is rated as 1 because it is clear and well-defined, with no apparent issues that would detract from its quality."}, {"ans": [true, true, 0.9], "reasoning": "The image clearly shows a large tree with bare branches, indicating that it is either without leaves or the leaves are not visible. The presence of the tree is evident, answering the first question affirmatively. For the second question, the leaves are not visible on the main tree, and it is clear that they are missing, so the answer is true. The quality of the image is rated 0.9 because it is clear and well-lit, with no significant distractions or issues that would detract from the visibility of the tree or its characteristics."}, {"ans": [true, false, 0.9], "reasoning": "The image clearly shows a yellow school bus, which is a type of bus. The doors of the bus are visible on the left side of the image, indicating that they are not missing. The image is well-lit and in focus, with clear details of the bus's exterior. The quality of the image is high, with a score of 0.9 out of 1. The presence of the doors is confirmed, so the answer to the second question is False."}, {"ans": [true, false, 1.0], "reasoning": "The image shows a laptop with its screen open and visible, sitting on a table. The laptop is the main object in the image, and it is clearly identifiable as a laptop. The screen is also visible, although it is not displaying any content. The image is well-lit and in focus, with no obvious distractions or obstructions. Therefore, the answer to Question 1 is True, as the image is showing a laptop. The answer to Question 2 is False, as the screen is not missing or not visible; it is clearly visible. The quality of the image is rated as 1.0, as it is a clear and well-composed image with no apparent issues."}, {"ans": [true, true, 1.0], "reasoning": "The image shows a trumpet, which is the main object in question. The trumpet is visible and identifiable, so the answer to the first question is True. The mouthpiece of the trumpet is not visible, as it is not attached to the instrument, so the answer to the second question is True. The image is clear and well-lit, showing the trumpet in detail, so the quality score is 1."}, {"ans": [true, false, 1.0], "reasoning": "The image clearly depicts a robot with a visible head in a laboratory setting. The robot is the main object in the image, and its presence is evident. The head of the robot is also clearly visible, indicating that it is not missing. Therefore, the answer to the first question is true, and the answer to the second question is false. The image is of high quality, with clear details of the robot and its surroundings, hence the quality score is 1."}, {"ans": [true, true, 1.0], "reasoning": "The image shows a candle, which is the main object. The candle appears to be a plain white candle without a visible wick. The absence of a visible wick means it is either missing or not visible. The image is clear and well-lit, showing the candle and its surroundings in good detail."}, {"ans": [true, false, 1.0], "reasoning": "The image clearly shows a pizza with visible toppings including cheese. The presence of cheese is evident throughout the pizza, indicating it is not missing. Therefore, the answer to the first question is True because the image is showing a pizza. The answer to the second question is False because the cheese is visible on the pizza. The quality of the image is rated 1 as it is clear and well-defined, showing all the details of the pizza without any key elements being obscured or missing."}, {"ans": [true, true, 1.0], "reasoning": "The image is showing a DSLR camera body with the lens removed, exposing the internal mechanism where the lens would normally be attached. The camera body is clearly visible, so the answer to the first question is True. The lens is not attached to the camera, so it is considered missing, making the answer to the second question True. The image is clear and well-lit, showing the details of the camera body and its internal mechanism, so the quality is rated as 1."}, {"ans": [true, true, 0.9], "reasoning": "The image shows a grand piano on a stage in an auditorium. The piano's lid is open, and the keys are not visible as they are typically located inside the piano and not visible when the lid is open and the image is taken from the front. The image is clear and well-lit, showing the piano and the auditorium in detail. The quality of the image is high, with a score of 0.9 out of 1. The presence of the piano is evident, answering the first question positively. For the second question, since the keys are not visible due to the angle and the open lid, it is considered that the keys are not visible."}, {"ans": [true, false, 0.9], "reasoning": "The image is showing a paintbrush with visible bristles. The paintbrush is placed on a palette with various colors of paint, and the bristles are clearly visible. The image is of high quality, with clear details and good lighting."}, {"ans": [true, true, 0.9], "reasoning": "The image shows a watch with a visible face and body, but the strap is not visible as it is either not present or obscured from view. The watch is prominently displayed on a speckled countertop, and the image is clear and well-lit, indicating a high-quality image. However, the strap's absence or invisibility directly answers the second question."}, {"ans": [true, true, 0.9], "reasoning": "The image is showing a mouth with a skeleton mask on it, which satisfies the condition of showing a mouth. The tongue is not visible, so it is considered missing or not visible. The image quality is high, with clear details of the dental equipment and the patient's face, hence a quality score of 0.9."}, {"ans": [true, false, 1.0], "reasoning": "The image shows a motorcycle parked on a street at night. The motorcycle is clearly visible and has handlebars, so the answer to the first question is True. The handlebars are present and visible, so the answer to the second question is False. The image is well-lit and the motorcycle is centered, so the quality is rated as 1."}, {"ans": [true, false, 1.0], "reasoning": "The image is showing a television, which is the main object. The screen is visible, so it is not missing. The quality of the image is good, as it clearly shows the television and its components."}, {"ans": [true, false, 0.9], "reasoning": "The image clearly shows a white goat standing on a rocky outcrop. The goat appears to have small horns on its head, which are visible despite its thick fur. The image is well-lit and in focus, with a clear view of the goat's features. The background is blurred but still visible, showing a snowy mountainous landscape. The overall quality of the image is high, with good resolution and minimal noise. Therefore, the answer to the first question is True, as the image is showing a goat. The answer to the second question is False, as the horns are visible. The quality of the image is rated 0.9, as it is a clear and well-composed photograph."}, {"ans": [true, false, 0.9], "reasoning": "The image is showing a red sneaker with white sole and laces, which is clearly visible. The laces are present and visible, so the answer to the second question is False. The image quality is rated 0.9 because it is clear and well-lit, with no visible distortions or obstructions."}, {"ans": [true, false, 1.0], "reasoning": "The image clearly shows a frog sitting on a lily pad, with its body and features visible. The frog's eyes are clearly visible, indicating that they are not missing or invisible. Therefore, the answer to the first question is True, and the answer to the second question is False. The image is of high quality, with clear details of the frog and its surroundings, so the quality score is 1."}, {"ans": [true, false, 1.0], "reasoning": "The image is showing a mug with a handle, so the answer to the first question is True. The handle is visible, so the answer to the second question is False. The image is clear and well-lit, and the mug is centered in the frame, so the quality is rated as 1."}, {"ans": [true, false, 0.9], "reasoning": "The image clearly shows a saxophone, which is the main object in the picture. The saxophone is depicted with its keys visible, indicating that the keys are not missing. The presence of the keys is evident from the detailed view of the instrument. The image quality is high, with clear details of the saxophone and its components, except for some glare from the light reflection."}, {"ans": [true, false, 1.0], "reasoning": "The image clearly shows a skateboard with wheels attached to it. The skateboard is positioned against a brick wall, and the wheels are visible on both the top and bottom trucks. Since the wheels are visible, they are not missing or not visible. Therefore, the answer to the first question is True, and the answer to the second question is False. The image is of high quality as it clearly displays the skateboard and its components."}, {"ans": [true, false, 1.0], "reasoning": "The image shows a black fedora hat on a stand. The hat is clearly visible and has a brim, which is not missing or obstructed from view. Therefore, the answer to Question 1 is True because the image is showing a fedora. The answer to Question 2 is False because the brim is visible. The quality of the image is rated as 1 because it is clear and well-lit, with no visible distortions or obstructions that would detract from the visibility of the hat."}, {"ans": [true, false, 0.9], "reasoning": "The image shows a motorcycle helmet on a workbench, with various tools around it. The helmet is the main object and is clearly visible. It has a visor that is currently up, so the visor is present and visible. Therefore, the answer to Question 1 is True because the image is showing a motorcycle helmet. The answer to Question 2 is False because the visor is not missing; it is visible and in the up position. The quality of the image is rated 0.9 because it is clear and well-lit, with no significant issues affecting the visibility of the main object or its components."}, {"ans": [true, true, 0.9], "reasoning": "The image shows a bedframe, which is the main object. The bedframe is ornate and made of dark wood, with a headboard and footboard. The mattress is not visible, as it is not present in the image. The quality of the image is high, with clear details and a well-lit composition. The image is well-focused, and the colors are rich and vibrant. The only reason for a lower quality score could be the slight shadowing on the floor, but it does not detract significantly from the overall image. Therefore, the quality score is 0.9."}, {"ans": [true, false, 1.0], "reasoning": "The image depicts a tall brick structure with a clock face on it, which is identified as a clock tower. The clock face is visible on the front and partially visible on the left side of the tower, indicating that it is not missing or invisible. Therefore, the answer to the first question is True, and the answer to the second question is False. The image is clear and well-lit, with no visible distortions or obstructions, so the quality is rated as 1."}, {"ans": [true, false, 0.9], "reasoning": "The image clearly depicts a pocket watch with visible hands, so the answer to the first question is True. The hands are present and visible, so the answer to the second question is False. The image is of high quality, with clear details of the pocket watch, hence a quality score of 0.9."}, {"ans": [true, false, 0.9], "reasoning": "The image is showing a bicycle leaning against a stone wall. The bicycle is red with white lettering and has a sleek design, indicating it is likely a road bike. The pedals are visible and appear to be attached to the cranks, so they are not missing. The image is clear and well-lit, with good resolution, hence the quality score is high."}, {"ans": [true, false, 1.0], "reasoning": "The image is showing a portrait of a woman with visible eyes. The main object in the image is a large painting of a woman, which is clearly visible and centered in the frame. The woman's eyes are also visible, as they are looking directly at the viewer. Therefore, the answer to the first question is True, and the answer to the second question is False. The quality of the image is rated as 1.0 because it is clear and well-lit, with no visible distortions or issues that would affect the visibility of the main object or its key elements."}, {"ans": [true, false, 0.9], "reasoning": "The image clearly shows a grand piano on a stage with its lid open, revealing the internal mechanisms. The hammers are visible inside the piano, indicating that they are not missing. The image is well-lit, with spotlights shining on the piano, and the overall quality is high. The presence of an audience in the background and the stage setting adds to the context, suggesting a performance or concert setting. The image is sharp and clear, with good contrast and detail, supporting a high-quality rating."}, {"ans": [true, true, 0.9], "reasoning": "The image depicts a sailing ship with three masts and no visible sails, floating on calm waters. The ship's hull is made of wood and has multiple levels, with ropes and rigging visible. The background shows a clear blue sky with a few clouds on the horizon. The overall condition of the image is clear and well-defined, indicating a high-quality image. For question 1, the image is showing a sailing ship, so the answer is True. For question 2, the sails are not visible, so the answer is True. The quality of the image is rated 0.9 because it is clear and well-defined, with no visible distortions or issues that would detract from the overall viewing experience."}, {"ans": [true, false, 0.9], "reasoning": "The image shows a large tree with a sprawling canopy and a thick trunk, which appears to be an oak tree due to its characteristic branching pattern and leaf structure. The leaves are visible, although they are sparse in some areas. The image is clear and well-lit, with good detail visible in the tree's bark and leaves. The quality of the image is high, with a score of 0.9 out of 1.0."}, {"ans": [true, true, 1.0], "reasoning": "The image depicts a charming stone cottage nestled in a forest, with vines covering parts of its facade. The structure is clearly identifiable as a cottage, with a steeply pitched roof, a chimney, and multiple windows. However, the front door is not visible due to the dense foliage covering the lower portion of the cottage's front. Therefore, for Question 1, the answer is True because the image does show a cottage. For Question 2, the answer is True because the door is not visible, being obscured by the vines and foliage. The image quality is rated as 1.0 because it is clear and detailed, with the key elements of the cottage discernible despite the foliage."}, {"ans": [true, false, 0.9], "reasoning": "The image is showing a passenger jet on a runway. The wings are visible and appear to be intact. The quality of the image is high, with clear details of the aircraft and its surroundings."}, {"ans": [true, true, 1.0], "reasoning": "The image is showing a wristwatch with a white face and brown leather strap. The watch face does not have any visible numbers, only the hour and minute hands are visible. Therefore, the numbers are missing or not visible from the wristwatch. The image quality is good as it is clear and well-lit."}, {"ans": [true, false, 0.9], "reasoning": "The image is showing a pizza with a thick crust, topped with red sauce, basil leaves, and what appears to be mozzarella cheese. The presence of the pizza is clear, so the answer to the first question is True. The cheese is visible, albeit not melted, so the answer to the second question is False. The image is well-lit and clear, with all elements visible, so the quality is rated 0.9. The slight deduction is due to minor speckling on the surface, not related to the presence or absence of cheese."}, {"ans": [true, false, 0.9], "reasoning": "The image clearly shows traffic signals with visible lights. The main object, traffic signals, is present. The lights on the traffic signals are also visible, so they are not missing or invisible. The quality of the image is high, with clear details of the traffic signals and the surrounding environment. The slight glare from the sun does not significantly impact the visibility of the key elements."}, {"ans": [true, false, 0.9], "reasoning": "The image clearly shows a skateboard with a colorful deck and yellow trucks. The wheels are visible and appear to be intact, so they are not missing. The image is well-lit and the skateboard is centered, making it a high-quality image. The presence of the wheels means that the answer to the second question is False."}, {"ans": [true, false, 0.9], "reasoning": "The image clearly shows a chessboard with pieces arranged on it, so the answer to the first question is True. The black pieces are visible on the top side of the board, so the answer to the second question is False. The image is well-lit and the chessboard and pieces are clearly visible, so the quality is rated as 0.9. The slight deduction from 1 is due to the red satin cloth partially obscuring the edge of the board and the background, but this does not affect the visibility of the chessboard or the pieces."}, {"ans": [true, false, 0.9], "reasoning": "The image shows a red sports car in a showroom. The car is clearly visible and appears to be a high-performance model. The brakes are visible through the spokes of the wheels, so they are not missing or invisible. The image is well-lit and of high quality, with a clear view of the car and its surroundings. The only reason the quality score is not 1 is due to the slight reflection and lighting effects on the car's surface."}, {"ans": [true, true, 1.0], "reasoning": "The image is showing an open book on a wooden table. The pages are blank and there is no visible text. The book is the main object in the image and is clearly visible. Therefore, the answer to the first question is True. The text is not visible on the pages of the book, so the answer to the second question is also True. The image is clear and well-lit, and the book is the main focus, so the quality of the image is rated as 1."}, {"ans": [true, false, 0.9], "reasoning": "The image clearly shows a computer tower with a transparent side panel, revealing the internal components, including four visible fans on the right side and one on the left. The presence of the computer tower is evident, so the answer to the first question is True. Since the fans are visible, the answer to the second question is False. The image is well-lit and in focus, with a clear view of the internal components, so the quality is rated as 0.9."}, {"ans": [true, false, 0.9], "reasoning": "The image depicts a scarecrow made of straw, wearing a hat and a plaid shirt, standing in a field of wheat. The scarecrow has visible arms made of straw, attached to its body. The presence of the scarecrow in the image answers the first question affirmatively. For the second question, the arms are visible, so they are not missing or invisible. The image is clear and well-defined, showing the scarecrow and its surroundings in detail. The quality of the image is rated high because it clearly shows the main object and its features."}, {"ans": [true, true, 0.9], "reasoning": "The image depicts a man in armor, which is consistent with the representation of a knight. The presence of armor, including a helmet, breastplate, and gauntlets, indicates that the subject is a knight. Therefore, the answer to the first question is True. The knight's hands are visible and empty, and there is no sword visible in the image. The sword is typically worn at the side or held in the hand, but in this image, neither is the case. Thus, the sword is not visible, making the answer to the second question True. The image is of high quality, with detailed rendering of the armor and the subject's facial expression, hence the quality score is 0.9."}, {"ans": [true, false, 1.0], "reasoning": "The image shows a teapot with a floral design on it, placed on a bamboo tray. The teapot has a handle and a spout, and is white with a lid. The handle is visible on the right side of the teapot. Therefore, the answer to Question 1 is True because the image is showing a teapot. The answer to Question 2 is False because the handle is not missing or invisible; it is clearly visible. The quality of the image is rated as 1 because it is clear and well-lit, and the teapot is the main focus."}, {"ans": [true, false, 1.0], "reasoning": "The image clearly shows a basketball hoop with a net. The basketball hoop is the main object in the image, and it is visible along with the net. The net is not missing or invisible; it is clearly visible and appears to be intact despite being surrounded by ice. The image is of high quality, capturing the details of the basketball hoop and the surrounding environment."}, {"ans": [true, false, 0.9], "reasoning": "The image is showing a dining table with a white tablecloth, fine china, and silverware, indicating that it is set for a meal. The presence of plates, utensils, and glasses suggests a formal dining setting. For Question 1, the main object (dining table) is present, so the answer is True. For Question 2, glasses are visible on the table, so the answer is False. The quality of the image is rated 0.9 because it is clear and well-lit, with no visible distortions or obstructions."}, {"ans": [true, false, 1.0], "reasoning": "The image clearly shows a vintage typewriter with a sheet of paper in it, and the ribbon is visible and appears to be properly installed. The typewriter is the main focus of the image, and it is clearly identifiable. The ribbon is also visible, indicating that it is not missing. Therefore, the answer to the first question is True, and the answer to the second question is False. The image is of high quality, with clear details of the typewriter and its components, so the quality score is 1."}, {"ans": [true, true, 1.0], "reasoning": "The image shows a winter jacket hanging on a coat rack. The jacket is a puffy, cream-colored coat with a fur-lined hood, which is characteristic of a winter jacket. The jacket is unzipped and open, revealing the inside. There is no visible zipper on the outside of the jacket, suggesting that it might be missing or not visible. The image is clear and well-lit, showing the details of the jacket and its surroundings. Therefore, the answer to Question 1 is True because the image is showing a winter jacket. The answer to Question 2 is True because the zipper is not visible from the outside. The quality of the image is rated 1 because it is clear and well-lit, and there are no issues with the visibility of the main object (the winter jacket)."}, {"ans": [true, false, 1.0], "reasoning": "The image clearly shows a sunflower. The seeds are visible on the sunflower's face, so they are not missing or invisible. The image is well-lit and in focus, indicating high quality."}, {"ans": [true, false, 0.9], "reasoning": "The image is clearly showing an elephant, so the answer to the first question is True. The trunk of the elephant is visible and clearly seen in the image, so the answer to the second question is False. The image is of high quality, with clear details of the elephant and its surroundings. The quality score is 0.9 because the image is sharp and well-lit, but not perfect due to minor details such as slight blurriness in the background."}, {"ans": [true, true, 0.9], "reasoning": "The image shows a rowboat, which is the main object. The boat is white with brown trim and has wooden seats inside. There are no oars visible in the boat or near it. The image is clear and well-lit, showing the details of the boat and its surroundings. The quality of the image is rated 0.9 because it is clear and well-composed, with no visible distortions or obstructions."}, {"ans": [true, false, 0.9], "reasoning": "The image clearly shows a snowman in the foreground, so the answer to the first question is True. The snowman has buttons visible on its body, so the answer to the second question is False. The image is well-rendered and clear, with the snowman and its details easily visible, hence a high quality score of 0.9."}, {"ans": [true, false, 1.0], "reasoning": "The image clearly shows a fountain pen with a visible nib and a transparent section showing the ink reservoir, which contains ink. The pen is placed on an open book, and the image is well-lit and in focus."}, {"ans": [true, true, 0.9], "reasoning": "The image shows a paintbrush with a wooden handle and a metal ferrule, but the bristles are not visible as they are likely covered in paint and possibly stuck to the palette. The presence of the paintbrush is evident, answering the first question as true. For the second question, the bristles are not visible, making it true that they are missing or not visible. The image quality is rated 0.9 because it is clear and well-focused on the paintbrush and palette, with no significant issues affecting the visibility of the main object."}, {"ans": [true, false, 1.0], "reasoning": "The image clearly shows a pair of eyeglasses with both lenses and frames visible, along with parts of the temples. The main object, the eyeglasses, is present, so the answer to the first question is True. For the second question, the temples are partially visible, indicating they are not entirely missing or invisible, so the answer is False. The image is clear and well-lit, with the eyeglasses being the central focus, hence the quality score is 1.0."}, {"ans": [true, false, 0.9], "reasoning": "The image clearly shows a person holding an umbrella on a rainy street. The umbrella is visible and appears to be intact with its canopy open, indicating the presence of an umbrella. Upon closer inspection, the ribs of the umbrella are visible through the translucent canopy, suggesting that they are not missing. Therefore, the answer to the first question is True because an umbrella is present. The answer to the second question is False because the ribs are visible, indicating they are not missing or invisible. The quality of the image is rated 0.9, as it is clear and well-defined, with no significant factors detracting from its quality."}, {"ans": [true, false, 0.9], "reasoning": "The image is showing a wristwatch with a brown leather strap and a gold face. The watch face is intricately designed with cutouts, revealing the mechanical inner workings. The hour markers are visible on the outer rim of the watch face, indicating the hours. Therefore, the answer to Question 1 is True as the image is showing a wristwatch. For Question 2, the hour markers are visible, so the answer is False. The quality of the image is rated 0.9 because it is clear and well-lit, with no visible distortions or obstructions that would hinder the view of the watch."}, {"ans": [true, false, 0.9], "reasoning": "The image shows a camping tent with its poles visible and in place, holding the structure upright. The tent is set up in a grassy field with trees in the background, indicating a typical camping environment. The presence of the tent and its poles is clear, so the answer to the first question is True. Since the poles are visible and part of the tent's structure, the answer to the second question is False. The image is of high quality, with clear details of the tent and its surroundings, so the quality score is 0.9."}, {"ans": [true, false, 0.9], "reasoning": "The image shows a cuckoo clock with intricate carvings and details, including a visible clock face and pendulum. The weights are also visible, hanging below the clock face. Therefore, the answer to the first question is True. For the second question, since the weights are visible, the answer is False. The quality of the image is rated 0.9 because it is clear and well-detailed, with no significant distractions or issues."}, {"ans": [true, true, 0.9], "reasoning": "The image is showing a smartphone with a clear view of its front side. The phone is standing upright on a reflective surface, and its screen is on, displaying various icons. The speaker grille is not visible from the front, and since the phone is shown from the front, we cannot confirm if there is a speaker grille on the bottom or not. However, typically, speaker grilles are located at the bottom of the phone, which is not visible in this image. Hence, for Question 1, the answer is True because the image is showing a smartphone. For Question 2, the answer is True because the speaker grille is not visible from the front view of the smartphone. The quality of the image is rated 0.9 because it is clear and well-lit, with no significant issues affecting the visibility of the phone."}, {"ans": [true, false, 0.9], "reasoning": "The image clearly shows a motorcycle, so the answer to the first question is True. The speedometer is visible on the motorcycle, so the answer to the second question is False. The image is of high quality, with a clear view of the motorcycle and its components, so the quality score is 0.9. The slight dust around the motorcycle does not detract significantly from the overall quality."}, {"ans": [true, true, 1.0], "reasoning": "The image shows a violin bow. The bow's hair is not visible, indicating it is either missing or not visible. The image is clear and well-lit, showing the bow and its details."}, {"ans": [true, false, 0.9], "reasoning": "The image is showing a large, ornate birdcage hanging from the ceiling of a porch. The birdcage is the main object in the image and is clearly visible. Therefore, the answer to Question 1 is True. The perch is visible inside the birdcage, so the answer to Question 2 is False. The image is well-lit and the birdcage is clearly visible, so the quality of the image is rated as 0.9."}, {"ans": [true, false, 0.9], "reasoning": "The image shows a statue of a woman with a head, standing in front of columns. The statue is clearly visible and appears to be well-preserved. The head is present and visible, so the answer to Question 2 is False. The image is of high quality, with clear details of the statue and its surroundings, so the quality score is 0.9."}, {"ans": [true, false, 1.0], "reasoning": "The image clearly shows a teddy bear sitting on a bed, so the answer to the first question is True. The teddy bear has a visible nose, so the answer to the second question is False. The image is clear and well-lit, and the teddy bear is the main focus, so the quality score is 1."}, {"ans": [true, false, 0.9], "reasoning": "The image clearly shows a pair of white sneakers with laces. The sneakers are placed on a gray mat in front of a white door. The laces are visible and appear to be intact, threaded through the eyelets of the shoes. Therefore, for Question 1, the answer is True because the image is showing sneakers. For Question 2, the answer is False because the laces are visible and not missing. The quality of the image is rated 0.9, indicating it is a clear and well-focused image. The slight deduction from 1 is due to minor factors such as slight wear on the sneakers, but this does not affect the visibility of the main elements."}, {"ans": [true, true, 0.9], "reasoning": "The image shows a refrigerator with its door open, revealing the interior. The main object, the refrigerator, is clearly visible. Upon closer inspection, it is evident that the door shelves are not visible from the current angle, as the door is open and the shelves on the door are not visible. Therefore, the answer to the first question is True, as the image is showing a refrigerator. The answer to the second question is also True, as the door shelves are not visible. The quality of the image is rated 0.9, as it is clear and well-lit, with no significant distractions or obstructions."}, {"ans": [true, false, 0.9], "reasoning": "The image shows a group of young women sitting around a campfire in a forest. The campfire is the main object in the image and is clearly visible, surrounded by stones. There are flames visible in the campfire, indicating that it is lit. The presence of flames directly answers both questions: the image is showing a campfire with flames, so the answer to the first question is True. Since the flames are visible, the answer to the second question is False. The image is well-lit and clear, with a good focus on the campfire and the people around it, hence the quality is rated 0.9. The rating is not decreased because the key element (flames) is present and visible."}, {"ans": [true, false, 0.9], "reasoning": "The image clearly shows a drinking fountain in a park setting. The fountain is operational, with water flowing from it, indicating that water is present and visible. The quality of the image is high, with clear details of the fountain and its surroundings. The presence of water is evident from the flow coming out of the fountain, so the answer to the second question is False."}, {"ans": [true, false, 0.9], "reasoning": "The image clearly shows a revolver, so the answer to the first question is True. The trigger guard is visible around the trigger, so the answer to the second question is False. The image is of high quality, with clear details of the revolver and its components, hence the quality score is 0.9. The slight deduction is due to the presence of a finger in the foreground, which slightly affects the overall clarity."}, {"ans": [true, false, 0.9], "reasoning": "The image is showing a compass rose with a clear north arrow visible, indicating direction. The presence of the compass rose and the north arrow are evident. The quality of the image is rated 0.9 because it is clear and detailed, with no significant distortions or missing key elements that would affect the understanding of the compass rose or its components."}, {"ans": [true, false, 0.9], "reasoning": "The image depicts a futuristic cityscape with numerous tall, sleek skyscrapers that are characteristic of a sci-fi setting. The presence of these skyscrapers, some of which have visible windows or window-like features, directly answers the first question. For the second question, upon closer inspection, many of the skyscrapers appear to have windows or features that resemble windows, indicating that windows are not missing or invisible. The overall quality of the image is high, with clear details and a coherent futuristic theme. The slight deduction in quality score is due to the abstract nature of some elements, but this does not detract significantly from the overall clarity and coherence of the image."}, {"ans": [true, false, 0.9], "reasoning": "The image shows a conductor standing in front of an orchestra, with his back to the camera. He is wearing a black suit and has his arms raised. In his right hand, he is holding a baton, which is visible. The presence of the baton indicates that it is not missing. The image is clear and well-lit, allowing for a good view of the conductor and the orchestra. The quality of the image is high, with a score of 0.9 out of 1."}, {"ans": [true, true, 1.0], "reasoning": "The image depicts a soccer field with goalposts at each end, indicating the presence of soccer goals. However, the crossbar is not visible, suggesting it is either missing or not visible. The image quality is good as it clearly shows the field and the goalposts."}, {"ans": [true, true, 0.9], "reasoning": "The image is showing a microscope. The main components of the microscope are visible, indicating that it is indeed a microscope. The lenses are not clearly visible due to the superimposed transparent images of lenses over the actual microscope, suggesting that the lenses are missing or not visible. The image quality is good, with clear details of the microscope and the surrounding environment."}]