[{"ans": [true, false, 1.0], "reasoning": "The image depicts a sailboat with its sails visible and fully deployed. The sailboat is centered in the image, and its sails are clearly seen. Therefore, the answer to the first question is True because the image is showing a sailboat. The answer to the second question is False because the sails are not missing or invisible; they are clearly visible. The quality of the image is rated as 1 because it is clear, sharp, and free of any visible artifacts or distortions."}, {"ans": [true, false, 0.95], "reasoning": "The image clearly shows a bicycle leaning against a brick wall. The bicycle has a red frame and is equipped with a chain that is visible and connected to the pedals and the gears. The presence of the chain indicates that it is not missing. The image is of high quality, with clear details of the bicycle and its components. The only reason for not giving it a perfect score is the presence of some minor spots on the sidewalk, but they do not significantly affect the overall clarity or the visibility of the bicycle."}, {"ans": [true, false, 0.9], "reasoning": "The image clearly shows a cat, so the answer to the first question is True. The cat's whiskers are visible, so the answer to the second question is False. The image is of high quality, with clear details and no visible artifacts or distortions, so the quality score is 0.9. The slight deduction from 1 is due to minor pixelation visible upon close inspection."}, {"ans": [true, false, 1.0], "reasoning": "The image depicts a castle gatehouse with two towers and an arched entrance, which is a typical feature of a castle. The gatehouse is made of stone and has a staircase leading up to it. The presence of the gatehouse and towers indicates that the image is showing a castle. Therefore, the answer to Question 1 is True. The gates are visible in the image, as there is an arched entrance between the two towers. Therefore, the answer to Question 2 is False. The image is clear and well-defined, with no visible artifacts, blurring, or other issues that would affect its quality. Therefore, the quality score is 1.0."}, {"ans": [true, false, 1.0], "reasoning": "The image clearly depicts a hot-air balloon with a visible basket. The main object, the hot-air balloon, is present and identifiable. The basket is also visible, attached to the balloon, so it is not missing or invisible. The image is clear and of high quality, with no visible artifacts, blurring, or other issues that would detract from its quality. Therefore, the answers are: 1. True (the image shows a hot-air balloon), 2. False (the basket is not missing or invisible), and the quality rating is 1.0 (high quality)."}, {"ans": [true, false, 1.0], "reasoning": "The image clearly depicts a turtle with a visible shell. The turtle is centered in the image, and its shell is prominent and well-defined. The image is of high quality, with no visible artifacts, blurring, or other issues that would affect the interpretation of the content."}, {"ans": [true, false, 1.0], "reasoning": "The image clearly shows a train at a station. The train is silver with a black front and has its headlights on. It is positioned on the tracks, and the wheels are visible under the train, indicating that the wheels are not missing or invisible. The image is sharp and well-lit, with no visible artifacts or distortions, hence the quality is rated as 1.0."}, {"ans": [true, false, 0.9], "reasoning": "The image clearly shows a pair of eyeglasses with lenses on a reflective surface. The glasses are in focus, and the lenses are visible and not missing. The image quality is high, with clear details and no noticeable artifacts or distortions. The slight decrease in quality score is due to the slight blurring of the background."}, {"ans": [true, false, 1.0], "reasoning": "The image shows a fountain pen with a visible nib, indicating that the nib is present and not missing. The pen is centered on a beige square against a dark background, and the overall image is clear and well-defined. There are no visible artifacts, blurring, or other issues that would affect the quality of the image."}, {"ans": [true, false, 0.9], "reasoning": "The image is showing an umbrella with a canopy, although it is partially torn. The presence of the umbrella's frame and canopy satisfies the condition for Question 1. For Question 2, the canopy is visible, even though it is damaged, so it is not considered missing or not visible. The image quality is high, with clear details and minimal artifacts, but the quality score is slightly reduced to 0.9 due to the visible cracks and peeling on the wall, which could be considered minor degradation."}, {"ans": [true, false, 1.0], "reasoning": "The image clearly shows an airplane on a runway, with its wings visible on both sides of the fuselage. The presence of the airplane is evident, and the wings are not missing or invisible. The image is sharp and well-defined, with no visible artifacts or distortions that would affect its quality."}, {"ans": [true, false, 1.0], "reasoning": "The image clearly depicts a desk lamp with a brass finish, positioned above an open book. The lamp is turned on, and the light is shining downwards onto the book. The bulb is visible inside the lampshade, indicating that it is not missing. The image is of high quality, with clear details and no visible artifacts or distortions. Therefore, the answer to Question 1 is True, as the image is showing a desk lamp. The answer to Question 2 is False, as the bulb is not missing or invisible. The quality of the image is rated as 1.0, indicating that it is of very high quality."}, {"ans": [true, false, 1.0], "reasoning": "The image clearly shows an electric guitar with a visible neck, answering the first question as True. Since the neck is visible, the second question is answered as False. The image is of high quality, with clear details and no visible artifacts or distortions, thus rated 1.0."}, {"ans": [true, false, 0.9], "reasoning": "The image clearly shows a fish swimming in water, so the answer to the first question is True. The fish has visible fins, so the fins are not missing or not visible, making the answer to the second question False. The image is of high quality with clear details of the fish and the water, but the quality score is slightly reduced to 0.9 due to the presence of some minor ripples and reflections on the water surface that could be considered minor artifacts."}, {"ans": [true, false, 1.0], "reasoning": "The image depicts a house with a roof, situated in a field. The house is the main object in the image, and it is clearly visible. The roof is also visible, so it is not missing or invisible. The image is of high quality, with no visible artifacts, blurring, or other issues that would affect the quality score."}, {"ans": [true, true, 0.9], "reasoning": "The image is showing a car, specifically a vintage convertible. The windshield is not visible as it appears to be a convertible with the top down and the windshield is either missing or folded down. The image is clear and well-lit, with no visible artifacts or distortions that would affect the quality. The quality score is 0.9 because the image is sharp and detailed, with no noticeable issues."}, {"ans": [true, false, 1.0], "reasoning": "The image clearly shows a keyboard with a visible spacebar. The keyboard is well-lit and has a clear, sharp appearance. The spacebar is present and visible, indicating that it is not missing. The image quality is high, with no visible artifacts or distortions."}, {"ans": [true, false, 1.0], "reasoning": "The image clearly shows an owl perched on a branch with a full moon in the background. The owl is fully feathered, and its feathers are visible. The image is sharp and clear, with no visible artifacts or distortions. Therefore, the answer to Question 1 is True because the image is showing an owl. The answer to Question 2 is False because the feathers are not missing or invisible; they are clearly visible on the owl's body. The quality of the image is rated as 1.0 because it is clear and well-defined, with no noticeable issues."}, {"ans": [true, true, 0.95], "reasoning": "The image shows a book with a brown leather cover on a wooden table. The book is closed, and its pages are not visible. For Question 1, the main object in the image is indeed a book, so the answer is True. For Question 2, since the book is closed and the pages are not visible, the answer is True. The image quality is high, with clear details and no visible artifacts or distortions, so the quality score is 0.95."}, {"ans": [true, false, 0.95], "reasoning": "The image clearly depicts a lighthouse standing on a rocky outcrop against a dramatic cloudy sky. The lighthouse is white with a black railing around its top and has a glass-enclosed lantern room. The presence of the lighthouse is evident, answering the first question affirmatively. For the second question, the lamp inside the lantern room is visible, indicating that it is not missing or invisible. The image is of high quality, with clear details and no significant artifacts or distortions, hence a quality score of 0.95. The slight deduction from 1 is due to the dramatic lighting and cloudy sky, which might slightly affect the perception of some details, but not significantly."}, {"ans": [true, true, 0.95], "reasoning": "The image shows a beige armchair with a textured fabric, positioned on a patterned rug against a beige wall. The chair is clearly visible and appears to be an armchair. The legs of the chair are not visible, suggesting they are either missing or not visible. The image is clear and well-lit, with no noticeable artifacts or distortions that would affect the quality. The overall quality of the image is high, with a score of 0.95 out of 1."}, {"ans": [true, false, 0.95], "reasoning": "The image clearly shows a deer with antlers standing in a forest. The main object, a deer, is present, so the answer to the first question is True. The antlers are visible on the deer's head, so the answer to the second question is False. The image is of high quality, with clear details and no visible artifacts or distortions, so the quality score is 0.95. The slight deduction from 1 is due to the subtle blur in the background, but it does not affect the overall clarity of the main subject."}, {"ans": [true, false, 1.0], "reasoning": "The image clearly shows an envelope, which is the main object. The flap of the envelope is visible, so it is not missing or not visible. The image is of high quality with no visible artifacts, blurring, or other issues that would detract from its clarity."}, {"ans": [true, true, 1.0], "reasoning": "The image clearly shows a wall clock on a beige wall above a white mantle. The clock face is white with black hands, and there are no numbers visible on the clock face. The image is well-lit, clear, and free of any visible artifacts or distortions. Therefore, the answer to Question 1 is True because the image is showing a wall clock. The answer to Question 2 is True because the numbers on the clock face are not visible. The quality of the image is rated as 1.0 because it is clear and well-rendered, with no noticeable issues."}, {"ans": [true, false, 0.9], "reasoning": "The image clearly shows a person wearing a white space suit, which is the main object. The helmet is visible and not missing. The image is of high quality with clear details and no significant artifacts or distortions. The slight deduction in quality score is due to the presence of some water ripples and splashes that might be considered minor artifacts."}, {"ans": [true, false, 1.0], "reasoning": "The image clearly shows a windmill with blades in a field. The windmill is centered and visible, with its blades intact and not missing. The image is sharp and clear, with no visible artifacts or distortions that would affect its quality. Therefore, the answer to Question 1 is True because the image is showing a windmill. The answer to Question 2 is False because the blades are visible and not missing. The quality of the image is rated 1 because it is clear and well-defined, with no noticeable issues."}, {"ans": [true, true, 1.0], "reasoning": "The image clearly shows a tree without leaves. The main object, a tree, is present and identifiable. The leaves are missing, as evidenced by the bare branches. The image is of high quality, with clear details and no visible artifacts or distortions."}, {"ans": [true, true, 1.0], "reasoning": "The image shows a yellow school bus. The doors are not visible as the image is taken from the side. The image is clear and of high quality, with no visible artifacts or distortions."}, {"ans": [true, false, 1.0], "reasoning": "The image clearly shows a laptop on a wooden table against a white wall. The laptop is open and facing away from the viewer, with its screen visible. The screen is blank and gray, but it is present and not missing. The image is sharp and well-lit, with no visible artifacts or distortions. Therefore, the answer to Question 1 is True because the image is showing a laptop. The answer to Question 2 is False because the screen is visible. The quality of the image is rated as 1 because it is clear and well-rendered."}, {"ans": [true, true, 1.0], "reasoning": "The image clearly shows a trumpet without a mouthpiece. The trumpet is centered and visible, fulfilling the condition for Question 1. The mouthpiece is not visible, indicating it is missing, which fulfills the condition for Question 2. The image is clear, with no visible artifacts or distortions, hence the quality is rated as 1."}, {"ans": [true, false, 0.95], "reasoning": "The image clearly shows a robot with a head, standing in a laboratory setting. The robot is white with black accents and has visible mechanical parts. The head is present and visible, so the answer to the second question is False. The image is of high quality, with clear details and no visible artifacts or distortions, hence the quality score is 0.95. The slight deduction is due to the background being slightly blurred, but it does not affect the main subject."}, {"ans": [true, true, 1.0], "reasoning": "The image depicts a cylindrical candle on a silver plate against a gradient background. The candle is the main object and is clearly visible. There is no visible wick on the candle. The image is of high quality, with clear details and no visible artifacts or distortions."}, {"ans": [true, true, 1.0], "reasoning": "The image shows a pizza with a tomato sauce base, basil leaves, and other toppings, but it does not have cheese. The crust is visible and appears to be cooked. The image is clear and well-defined, with no visible artifacts or distortions. Therefore, the answer to Question 1 is True because the image is showing a pizza. The answer to Question 2 is True because the cheese is missing. The quality of the image is rated as 1.0 because it is clear and well-defined, with no visible issues."}, {"ans": [true, false, 0.95], "reasoning": "The image is showing a DSLR camera with a lens attached. The camera body is clearly visible, and the lens is also visible and appears to be properly attached to the camera body. The image is sharp and clear, with no visible artifacts or distortions. The quality of the image is high, with a score of 0.95 out of 1. The lens is not missing or invisible, so the answer to the second question is False."}, {"ans": [true, false, 0.95], "reasoning": "The image depicts a grand piano on a stage in an auditorium. The piano is black and has its lid open, revealing the strings inside. The keys are visible and appear to be intact. The image is well-lit, with no visible artifacts or distortions. The overall quality of the image is high, with clear details and realistic colors. Therefore, the answer to Question 1 is True, as the image is showing a piano. The answer to Question 2 is False, as the keys are visible and not missing. The quality score is 0.95, indicating a high-quality image with minor room for improvement."}, {"ans": [true, false, 1.0], "reasoning": "The image clearly shows a paintbrush with visible bristles. The main object, a paintbrush, is present, so the answer to the first question is True. The bristles are visible, so the answer to the second question is False. The image is clear and well-lit, with no visible artifacts or distortions, so the quality score is 1."}, {"ans": [true, true, 1.0], "reasoning": "The image is showing a watch. The watch is black and has a digital display showing '12'. The watch appears to be without a strap as the part where the strap should be attached is visible and there is no strap visible. The image is clear and well-lit, with no visible artifacts or distortions. The quality of the image is high."}, {"ans": [true, false, 0.95], "reasoning": "The image clearly shows a person's mouth with their tongue visible and being examined by a dental tool. The main object, the mouth, is present. The tongue is visible, so it is not missing or not visible. The image is of high quality with clear details and no visible artifacts or distortions."}, {"ans": [true, false, 0.9], "reasoning": "The image clearly shows a motorcycle parked in a lot at night. The motorcycle is facing to the right and is centered in the frame, with its front wheel and handlebars visible. The handlebars are present and clearly visible, so they are not missing or invisible. The image is well-lit and in focus, with a clear view of the motorcycle and its surroundings. The quality of the image is high, with no visible artifacts or distortions that would detract from the overall clarity of the image. The only reason the quality score is not 1 is because of the slight blurring in the background."}, {"ans": [true, false, 0.98], "reasoning": "The image is clearly showing a television set on top of a wooden cabinet. The television has a visible screen, although it appears to be turned off or displaying a static screen. The image is well-lit and in focus, with clear details of the television and the surrounding environment. The quality of the image is high, with no visible artifacts or distortions. Therefore, the answer to Question 1 is True, as the image is showing a television. The answer to Question 2 is False, as the screen is visible. The quality score is 0.98, indicating a very high-quality image."}, {"ans": [true, false, 0.95], "reasoning": "The image clearly shows a goat standing on a rocky outcrop. The goat has a thick white coat and two visible horns on its head. The presence of the goat confirms the answer to the first question is True. For the second question, the horns are clearly visible, so the answer is False. The image is of high quality with clear details and no visible artifacts or distortions, hence the quality score is 0.95. The slight deduction is due to minor blurring in the background."}, {"ans": [true, false, 1.0], "reasoning": "The image clearly shows a red sneaker with white laces on a gray surface. The sneaker is the main object in the image, and it is displayed in a clear and well-lit manner. The laces are visible and appear to be part of the sneaker. The image is of high quality, with no visible artifacts, blurring, or other issues that would detract from the overall clarity of the image. Therefore, the answer to Question 1 is True, as the image is showing a sneaker. The answer to Question 2 is False, as the laces are visible and not missing. The quality of the image is rated as 1.0, indicating that it is of very high quality."}, {"ans": [true, false, 1.0], "reasoning": "The image clearly shows a frog sitting on a leaf. The frog's eyes are visible and clearly defined, indicating that they are not missing. The image is sharp and well-defined, with no visible artifacts or distortions that would detract from its quality. Therefore, the answer to the first question is True because the image is showing a frog. The answer to the second question is False because the eyes are visible. The quality of the image is rated as 1 because it is clear and well-defined."}, {"ans": [true, false, 1.0], "reasoning": "The image shows a cup with a handle on a saucer. The cup is white with blue floral designs and has a matching saucer. The handle is visible and attached to the cup. The image is clear and well-lit, with no visible artifacts or distortions. Therefore, the answer to Question 1 is True because the image is showing a mug. The answer to Question 2 is False because the handle is present and visible. The quality of the image is rated 1.0 because it is clear and well-defined, with no noticeable issues."}, {"ans": [true, false, 0.95], "reasoning": "The image clearly shows a saxophone with its keys visible. The saxophone is the main object in the image, and it is displayed against a gray background. The keys are visible and appear to be intact, indicating that they are not missing. The image is of high quality, with clear details and no visible artifacts or distortions. The only reason the quality score is not 1 is due to a slight vignetting effect around the edges of the image."}, {"ans": [true, false, 1.0], "reasoning": "The image clearly shows a skateboard with four wheels attached to it, indicating that the main object, a skateboard, is present. The wheels are visible and appear to be in good condition, so they are not missing or invisible. The image is clear and well-lit, with no visible artifacts or distortions, resulting in a high-quality score of 1."}, {"ans": [true, false, 1.0], "reasoning": "The image shows a black fedora hat on a stand. The hat has a visible brim, which is a key characteristic of a fedora. The image is clear and well-lit, with no visible artifacts or distortions. The hat is centered in the frame, and the background is a plain gray color. The overall quality of the image is high, with a clear and detailed view of the hat. Therefore, the answer to Question 1 is True, as the image is showing a fedora. The answer to Question 2 is False, as the brim is visible. The quality of the image is rated 1.0, as it is clear and well-lit with no visible issues."}, {"ans": [true, false, 0.95], "reasoning": "The image clearly shows a motorcycle helmet on a wooden table. The helmet has a visor that is tinted black, indicating it is present and visible. The image is sharp and well-lit, with no significant artifacts or distortions that would affect the visibility of the helmet or its visor. The quality of the image is high, with a clear view of the helmet and its details."}, {"ans": [true, true, 1.0], "reasoning": "The image clearly shows a bedframe without a mattress. The bedframe is the main object in the image, and it is visible and well-defined. The mattress is not present on the bedframe, making it 'missing' according to the definition provided. The image is of high quality, with clear details and no visible artifacts or distortions."}, {"ans": [true, false, 1.0], "reasoning": "The image clearly shows a clock tower with a visible clock face. The clock tower is centered in the image, and the clock face is clearly visible on the front of the tower. The image is sharp and well-defined, with no visible artifacts or distortions. Therefore, the answer to Question 1 is True, as the image is showing a clock tower. The answer to Question 2 is False, as the clock face is visible. The quality of the image is rated as 1.0, as it is clear and well-defined, with no visible issues."}, {"ans": [true, false, 1.0], "reasoning": "The image clearly shows a pocket watch with visible hands, indicating that the main object is present and the hands are not missing. The image is of high quality with no visible artifacts, blurring, or other issues that would affect the quality score."}, {"ans": [true, false, 0.95], "reasoning": "The image clearly shows a bicycle, answering the first question as True. The pedals are visible on the bicycle, so the answer to the second question is False. The image quality is high with clear details of the bicycle and its components, hence a quality score of 0.95. The slight deduction from 1 is due to the background having some texture and peeling effect which might be considered a minor artifact, but it doesn't significantly impact the visibility of the main object."}, {"ans": [true, false, 1.0], "reasoning": "The image is a realistic digital painting of a woman's portrait, displayed on a wall. The woman has blonde hair and green eyes, and is looking directly at the viewer. The background of the painting is black, which contrasts with the light-colored wall it is hanging on. The overall quality of the image is high, with clear details and no visible artifacts or distortions. The eyes of the woman in the portrait are clearly visible, so they are not missing or invisible."}, {"ans": [true, true, 0.9], "reasoning": "The image shows a grand piano on a stage with spotlights shining down. The piano is depicted in silhouette, making it difficult to discern details such as the hammers. The presence of the grand piano is clear, so the answer to the first question is True. The hammers are not visible due to the silhouette effect, so the answer to the second question is also True. The image quality is high, with clear outlines and no visible artifacts or distortions, so the quality score is 0.9."}, {"ans": [true, false, 0.9], "reasoning": "The image clearly shows a sailing ship with its sails visible and intact. The main object in the image is a sailing ship, so the answer to the first question is True. The sails are present and visible on the ship, so the answer to the second question is False. The image is of high quality with clear details of the ship and its sails, and there are no visible artifacts or distortions that would significantly impact the quality. However, the quality score is not 1 because the image appears to be slightly faded or overcast, which slightly reduces its clarity."}, {"ans": [true, false, 1.0], "reasoning": "The image shows a large tree with a thick trunk and a wide canopy of green leaves. The tree appears to be an oak tree, as indicated by its broad leaves and sturdy branches. The leaves are clearly visible and are a vibrant green color. The image is of high quality, with clear details and no visible artifacts or distortions. Therefore, the answer to Question 1 is True, as the image is showing an oak tree with leaves. The answer to Question 2 is False, as the leaves are not missing or invisible. The quality of the image is rated 1.0, as it is clear and well-defined."}, {"ans": [true, false, 0.9], "reasoning": "The image depicts a stone cottage with a tiled roof and vines growing up its walls. The cottage is clearly visible, and there is a door present. The door is not missing or invisible; it is brown and located in the center of the front facade. The image is of high quality, with clear details and natural colors. The only reason it does not receive a perfect score is due to the slight blurring around the edges and the leaves, but this does not significantly detract from the overall clarity of the main subject, the cottage."}, {"ans": [true, false, 1.0], "reasoning": "The image clearly shows a passenger jet on a runway, with its wings visible and intact. The quality of the image is high, with no visible artifacts, blurring, or other issues that would detract from its clarity. The wings are clearly visible, so they are not missing or invisible."}, {"ans": [true, true, 1.0], "reasoning": "The image clearly shows a wristwatch with a white face and black leather strap on a brown tray. The watch face has hour markers but no numbers, so it is a wristwatch without numbers. Therefore, the answer to Question 1 is True. The numbers are not visible on the watch face, so the answer to Question 2 is True. The image is clear and well-lit, with no visible artifacts or distortions, so the quality score is 1.0."}, {"ans": [true, false, 1.0], "reasoning": "The image is showing a pizza with cheese, as indicated by the white, melted patches on top of the red sauce. The cheese is visible, so it is not missing. The image is clear and well-defined, with no visible artifacts, blurring, or other issues that would affect its quality. The pizza is centered on a wooden board, and the background is a dark surface with some white specks, but this does not detract from the image quality."}, {"ans": [true, false, 0.8], "reasoning": "The image shows a city street with a traffic signal visible at the top right corner. The traffic signal has lights that are lit, indicating it is operational. The presence of the traffic signal answers the first question affirmatively. For the second question, the lights on the traffic signal are visible, so the answer is false. The image quality is rated 0.8 because it is clear and well-defined, showing the details of the scene without significant artifacts or distortions."}, {"ans": [true, false, 1.0], "reasoning": "The image clearly shows a skateboard with wheels. The skateboard is positioned in the center of the image, and its wheels are visible and appear to be in good condition. The image is well-lit, with clear shadows and no visible artifacts or distortions. The quality of the image is high, with a score of 1."}, {"ans": [true, false, 0.95], "reasoning": "The image clearly shows a chessboard with black pieces on it. The chessboard is the main object, and it is present in the image. The black pieces are also visible on the chessboard, so they are not missing. The image is of high quality, with clear details and no visible artifacts or distortions. The only reason the quality score is not 1 is because of the slight shadowing and reflection on the chessboard, but this does not significantly impact the overall clarity of the image."}, {"ans": [true, false, 1.0], "reasoning": "The image is clearly showing a sports car, which is a red Porsche convertible. The brakes are visible as red calipers behind the black rims, so they are not missing or invisible. The image quality is high with no visible artifacts, blurring, or unnatural colors."}, {"ans": [true, false, 1.0], "reasoning": "The image clearly shows an open book on a wooden surface. The book is open to a page with text, indicating that it is indeed a book and the text is visible. Therefore, the answer to the first question is True. Since the text is visible on the pages of the book, the answer to the second question is False. The image is of high quality, with clear details and no visible artifacts or distortions, so the quality score is 1."}, {"ans": [true, false, 0.95], "reasoning": "The image clearly shows a computer tower with its side panel removed, revealing the internal components. The main object, the computer tower, is present. The fans are visible inside the tower, so they are not missing or not visible. The image is of high quality with clear details and no visible artifacts or distortions. The slight decrease in quality score is due to the subtle gradient and shadow effects in the background, but they do not significantly impact the clarity of the main subject."}, {"ans": [true, false, 1.0], "reasoning": "The image clearly depicts a scarecrow standing in a field, wearing a straw hat, a plaid shirt, and jeans. The scarecrow has visible arms made of straw, attached to the shirt. The image is sharp and well-defined, with no visible artifacts or distortions that would detract from its quality. Therefore, the answer to Question 1 is True because the image is showing a scarecrow. The answer to Question 2 is False because the arms are visible and not missing. The quality of the image is rated as 1.0 because it is clear and well-defined, with no noticeable issues."}, {"ans": [true, true, 0.9], "reasoning": "The image depicts a man in armor, which is typically associated with a knight. The armor is detailed and appears to be historically accurate, suggesting that the image is indeed showing a knight. Therefore, the answer to the first question is True. For the second question, the sword is not visible in the image, as it is not present in the knight's hand or at his side. Hence, the answer to the second question is also True. The quality of the image is high, with clear details and no visible artifacts or distortions, so the quality score is 0.9."}, {"ans": [true, false, 0.95], "reasoning": "The image shows a teapot with a floral design on a bamboo tray. The teapot is white and has a spout, lid, and handle. The handle is visible on the right side of the teapot. The image is clear and well-lit, with no visible artifacts or distortions. The quality of the image is high, with a score of 0.95 out of 1. For Question 1, the image is showing a teapot, so the answer is True. For Question 2, the handle is visible, so the answer is False."}, {"ans": [true, false, 0.95], "reasoning": "The image clearly shows a basketball hoop with a net. The presence of the hoop and the net is evident, and there are no significant issues with the image quality that would affect the visibility of these elements. The image is sharp, and the colors are natural. The only reason for not giving it a perfect score is the slight rust or dirt on the backboard's frame, but it does not significantly impact the overall quality."}, {"ans": [true, false, 1.0], "reasoning": "The image shows a dining table setting with a white plate, silverware, and a glass. The main object is the dining table, which is present. The glasses are visible on the table, so they are not missing. The image is clear and well-lit, with no visible artifacts or distortions, hence a quality score of 1.0."}, {"ans": [true, true, 1.0], "reasoning": "The image clearly shows a typewriter on a desk, which directly answers the first question. For the second question, upon closer inspection, it is evident that the ribbon is not visible in the typewriter, thus it is considered missing or not visible. The image is of high quality with clear details and no visible artifacts or distortions."}, {"ans": [true, true, 1.0], "reasoning": "The image shows a white winter jacket hanging on a hanger against a wooden background. The jacket is clearly visible and appears to be a puffer jacket, which is a type of winter jacket. The jacket is fastened with buttons and does not have a visible zipper. The image is clear and well-lit, with no visible artifacts or distortions. Therefore, the answer to Question 1 is True, as the image is showing a winter jacket. The answer to Question 2 is also True, as the zipper is not visible on the jacket. The quality of the image is rated as 1, as it is clear and well-defined."}, {"ans": [true, false, 1.0], "reasoning": "The image clearly shows a sunflower with its characteristic large yellow petals and a prominent center. The center of the sunflower is visible and contains seeds, which are clearly visible as small dark spots arranged in a spiral pattern. The image is sharp and well-defined, with no visible artifacts or distortions that would detract from its quality. The main object, the sunflower, is clearly identifiable, and the seeds are visible, making the answer to the first question 'True' and the second 'False'. The quality of the image is rated as 1.0 because it is clear and well-defined."}, {"ans": [true, false, 0.95], "reasoning": "The image is clearly showing an elephant, so the answer to the first question is True. The trunk of the elephant is visible, so the answer to the second question is False. The image is of high quality, with clear details and no visible artifacts or distortions, so the quality score is 0.95. The slight reduction from 1 is due to a minor color tone that might be considered slightly unnatural, but it does not significantly impact the overall clarity or perception of the image."}, {"ans": [true, false, 1.0], "reasoning": "The image is showing a rowboat with oars inside it. The oars are visible and not missing. The image is clear and of high quality, with no visible artifacts or distortions. The rowboat is centered in the image, and the surrounding water is calm and reflective."}, {"ans": [true, false, 1.0], "reasoning": "The image clearly depicts a snowman with a hat and scarf, and it has buttons on its body. The snowman is well-defined and centered in the image, indicating that it is the main object. The presence of buttons on the snowman's body means they are not missing. The image is clear and of high quality, with no visible artifacts or distortions."}, {"ans": [true, true, 0.95], "reasoning": "The image shows a fountain pen on a piece of paper. The pen is the main object and is clearly visible. The nib of the pen is visible, but there is no visible ink inside the pen. The image is clear and well-lit, with no visible artifacts or distortions. The quality of the image is high, with a score of 0.95 out of 1. The ink is not visible, so the answer to the second question is True."}, {"ans": [true, false, 1.0], "reasoning": "The image is showing a paintbrush with bristles clearly visible. The paintbrush is positioned next to a paint palette, and the bristles are not missing or invisible. The image is clear and of high quality, with no visible artifacts or distortions."}, {"ans": [true, false, 0.95], "reasoning": "The image clearly shows a pair of eyeglasses with round lenses and metal frames. The temples are visible and not missing, as they are folded back and clearly seen on both sides of the glasses. The image is of high quality, with clear details and no visible artifacts or distortions. The only reason for not giving it a perfect score is the torn paper background, which might be considered slightly unnatural or manipulated, but it does not significantly affect the visibility or quality of the main object, the eyeglasses."}, {"ans": [true, true, 0.9], "reasoning": "The image shows a person holding an umbrella while walking down a city street on a rainy day. The umbrella is clearly visible and appears to be a standard, ribbed umbrella. However, the ribs of the umbrella are not visible due to the dark color and the lighting conditions. The image is well-composed and has good contrast, but the background is slightly blurry. Overall, the image is of good quality, with a quality score of 0.9."}, {"ans": [true, false, 1.0], "reasoning": "The image is showing a wristwatch, as it has a watch face and a band, so the answer to Question 1 is True. The hour markers are visible on the watch face, specifically Roman numerals at the 9, 12, and partially at the 6 o'clock positions, and some other markers are visible around the edge, so the answer to Question 2 is False. The image is clear and well-defined, with no visible artifacts, blurring, or other issues that would affect its quality, so the quality score is 1.0."}, {"ans": [true, false, 0.9], "reasoning": "The image shows a camping tent with its fabric stretched over poles, indicating the presence of poles, even though they are not directly visible. The tent's shape suggests that it is supported by internal poles. The image is clear and well-lit, with no significant artifacts or distortions that would affect the visibility of the tent or its components. The quality is rated 0.9 because the image is very clear, but there is a slight loss of detail in the grass texture."}, {"ans": [true, false, 1.0], "reasoning": "The image depicts a traditional cuckoo clock with intricate carvings, mounted on a wooden wall. The clock's face is visible, and it has two carved animals below it. The weights are clearly visible, hanging from the bottom of the clock. The image is of high quality, with clear details and no visible artifacts or distortions."}, {"ans": [true, false, 1.0], "reasoning": "The image clearly shows a smartphone with a visible speaker grille at the bottom edge. The presence of the smartphone is evident, and the speaker grille is visible, indicating that it is not missing. The image is of high quality with no visible artifacts or distortions."}, {"ans": [true, true, 0.95], "reasoning": "The image clearly shows a motorcycle parked on a deserted road. The motorcycle is facing to the right and is centered in the image. The handlebars and other features of the motorcycle are visible, but the speedometer is not visible from the angle shown. The image is sharp and well-lit, with no visible artifacts or distortions that would detract from its quality. Therefore, the answer to Question 1 is True because the image is showing a motorcycle. The answer to Question 2 is True because the speedometer is not visible from the given angle. The quality of the image is rated 0.95 out of 1, as it is clear and well-defined, with no significant issues."}, {"ans": [true, true, 1.0], "reasoning": "The image clearly shows a violin bow. The bow is positioned diagonally across the image, with its tip pointing towards the bottom left corner and its handle towards the top right corner. The bow's stick is made of wood and has silver fittings at both ends. The bow hair is not visible, indicating that it is either missing or not taut. The background is a red satin fabric that provides a luxurious and elegant setting for the bow. The image is well-lit and in sharp focus, with no visible artifacts or distortions."}, {"ans": [true, true, 0.95], "reasoning": "The image clearly shows a birdcage hanging from a porch ceiling. The cage is made of gold-colored metal bars and has a dome-shaped top. There is no visible perch inside the cage. The image is well-lit and detailed, with a clear view of the birdcage and its surroundings. The quality of the image is high, with no noticeable artifacts or blurring. Therefore, the answer to Question 1 is True because the image is showing a birdcage. The answer to Question 2 is True because the perch is not visible inside the birdcage. The quality score is 0.95, indicating a very high-quality image with no significant issues."}, {"ans": [true, false, 1.0], "reasoning": "The image is showing a statue of a woman. The statue is complete with a head, so the head is not missing. The image is clear and well-defined, with no visible artifacts or distortions. The quality of the image is high, with a score of 1.0."}, {"ans": [true, false, 0.9], "reasoning": "The image clearly shows a teddy bear sitting on a bed, which directly answers the first question. The teddy bear is visible and has a nose, which is a brown-colored nose in the center of its face, so the nose is not missing. The image is of high quality with clear details and no visible artifacts or distortions that would affect the visibility of the teddy bear or its features."}, {"ans": [true, false, 1.0], "reasoning": "The image clearly shows a pair of sneakers, which are the main objects in the picture. The sneakers are navy blue with white laces and soles, and they are placed on a wooden floor in front of a white door. The laces are visible and appear to be properly tied. The image is well-lit and in focus, with no visible artifacts or distortions. Therefore, the quality of the image is rated as 1.0."}, {"ans": [true, false, 1.0], "reasoning": "The image clearly shows a refrigerator with its door open, revealing the interior. The refrigerator is empty and has shelves inside. The door shelves are visible on the inside of the door. The image is clear and well-lit, with no visible artifacts or distortions. Therefore, the answer to Question 1 is True because the image is showing a refrigerator. The answer to Question 2 is False because the door shelves are visible. The quality of the image is rated as 1.0 because it is clear and well-lit, with no visible issues."}, {"ans": [true, false, 0.9], "reasoning": "The image is showing a group of people sitting around a campfire, and there is a visible flame in the center. The flames are not missing, so the answer to the second question is False. The image is clear and well-lit, with no visible artifacts or distortions, so the quality score is high, 0.9. The reason for not giving a perfect score is that the image is not perfectly sharp, and there might be some minor compression artifacts."}, {"ans": [true, false, 1.0], "reasoning": "The image clearly shows a drinking fountain, which is the main object. The fountain is depicted with water flowing from it, indicating that water is present and visible. The image is of high quality, with clear details and no visible artifacts or distortions."}, {"ans": [true, false, 1.0], "reasoning": "The image clearly shows a revolver with a visible trigger guard. The main object, the revolver, is present and identifiable. The trigger guard is visible and not missing. The image is of high quality with no visible artifacts, blurring, or other issues that would affect the assessment."}, {"ans": [true, false, 0.9], "reasoning": "The image depicts a compass rose, which is a circular figure with directions marked on it. The compass rose is adorned with ornate details and has a clear north arrow pointing upwards, indicating the direction of north. The image is of high quality, with clear lines and details, although it has a slightly aged, sepia-toned appearance that could be considered a minor artifact. However, this does not significantly impact the overall quality. Therefore, the answer to Question 1 is True because the image shows a compass rose. The answer to Question 2 is False because the north arrow is visible and not missing. The quality score is 0.9 due to the minor aging effect but overall clarity and detail."}, {"ans": [true, false, 1.0], "reasoning": "The image clearly shows skyscrapers, which are the main objects in the picture. The windows on the skyscrapers are visible, indicating that they are not missing. The image is of high quality with no visible artifacts, blurring, or other issues that would affect the quality score."}, {"ans": [true, true, 0.9], "reasoning": "The image is showing a conductor standing on a podium with his arms raised. The conductor is wearing a black tuxedo and white shirt, and there is an orchestra behind him. The baton is not visible in the conductor's hands, and it is not clear if he is holding it. Therefore, the answer to the first question is True because the image is showing a conductor. The answer to the second question is True because the baton is not visible. The quality of the image is rated as 0.9 because it is clear and well-lit, with no visible artifacts or distortions."}, {"ans": [true, true, 0.95], "reasoning": "The image shows a soccer field with a goal at the center. The goal posts are visible, but there is no crossbar connecting them. The image is clear and well-defined, showing the details of the field and the goal posts. The quality of the image is high, with no visible artifacts or distortions. Therefore, the answer to Question 1 is True because the image is showing a soccer goal. The answer to Question 2 is True because the crossbar is missing. The quality score is 0.95 because the image is very clear and detailed, with only a slight texture visible on the field, indicating a high-quality rendering or photograph."}, {"ans": [true, false, 1.0], "reasoning": "The image clearly shows a microscope with its various parts, including the eyepieces and objective lenses, visible. The microscope is positioned on a table against a plain background, and the image is sharp and well-lit, indicating high quality. The presence of the eyepieces and objective lenses means that lenses are not missing or invisible."}, {"ans": [true, false, 1.0], "reasoning": "The image clearly shows a guitar with strings. The presence of the guitar is evident, and it has strings attached to it, which are visible and clearly seen from the headstock to the bridge of the guitar. The image is of high quality, with clear details and no visible artifacts or distortions."}, {"ans": [true, false, 1.0], "reasoning": "The image clearly shows a bicycle with two visible wheels. The main object in the image is a bicycle, so the answer to the first question is True. Since both wheels are visible, the answer to the second question is False. The image is clear and well-defined, with no visible artifacts or distortions, so the quality score is 1.0."}, {"ans": [true, false, 0.9], "reasoning": "The image clearly shows an owl perched on a wooden post, with its eyes visible. The owl is centered in the frame, and its facial features are well-defined. The image is sharp and clear, with no visible artifacts or distortions that would affect the overall quality. The presence of the owl's eyes directly answers both questions: the image is showing an owl, and the eyes are not absent. The quality is rated high because the image is clear and well-defined, with no noticeable issues."}, {"ans": [true, false, 1.0], "reasoning": "The image clearly shows a silver BMW car parked in a parking lot. The car is intact with all doors visible. The image is of high quality with no visible artifacts, blurring, or unnatural colors. The main object, the car, is clearly visible."}, {"ans": [true, false, 0.9], "reasoning": "The image depicts a castle situated on a cliff, surrounded by trees and mountains. The castle has multiple towers and walls, with visible windows on the towers. The presence of windows indicates that the answer to Question 2 is False, as the windows are not absent. The image is of high quality, with clear details and no visible artifacts or distortions, hence the quality score is 0.9. The main object, the castle, is clearly visible, so the answer to Question 1 is True."}, {"ans": [true, false, 1.0], "reasoning": "The image clearly shows a pocket watch with Roman numerals on its face, indicating that the main object is indeed a pocket watch and the numbers are visible. The image is of high quality, with no visible artifacts, blurring, or other issues that would detract from its clarity."}, {"ans": [true, false, 0.9], "reasoning": "The image is showing a large Ferris wheel with visible cabins attached to it. The cabins are clearly seen around the circumference of the wheel, so they are not missing or invisible. The image is of high quality with a clear view of the Ferris wheel and its details, though it has a slight orange tint due to the sunset, which does not significantly detract from its quality."}, {"ans": [true, true, 0.95], "reasoning": "The image shows a cat sleeping on a windowsill. The cat is clearly visible and appears to be an orange tabby. The main object, the cat, is present in the image. The tail of the cat is not visible in the image, so it is considered absent. The image is of high quality with clear details and no visible artifacts or distortions. The quality score is 0.95 because the image is sharp and well-defined, with natural colors and no noticeable issues."}, {"ans": [true, false, 1.0], "reasoning": "The image clearly shows an elephant with a visible trunk. The main object in the image is an elephant, and it has a trunk, so the answer to the first question is True. Since the trunk is visible, the answer to the second question is False. The image is of high quality, with clear details and no visible artifacts or distortions, so the quality score is 1."}, {"ans": [true, false, 0.8], "reasoning": "The image clearly shows a large tree in the foreground with visible branches and leaves at the top. The presence of the tree satisfies the first question. For the second question, the branches are visible, so they are not absent. The image quality is generally good, with clear details of the tree and its surroundings, though it has a slightly textured or grainy appearance that might slightly reduce its quality score."}, {"ans": [true, false, 1.0], "reasoning": "The image shows a wooden chair with four visible legs, indicating that it is indeed a chair and the legs are not missing. The image is clear and of high quality, with no visible artifacts or distortions."}, {"ans": [true, true, 0.95], "reasoning": "The image depicts a large, three-masted sailing ship with no visible sails. The presence of the ship is clear, answering the first question affirmatively. The sails are not visible, which directly answers the second question. The image quality is high, with clear details of the ship and its surroundings, and there are no visible artifacts or distortions that would detract from the quality."}, {"ans": [true, false, 0.95], "reasoning": "The image shows a painter's palette with various colors of paint on it, along with paintbrushes and other painting tools. The palette is the main object in the image, and it is clearly visible. The paint is present on the palette, so the answer to the second question is False. The image is of high quality, with clear details and no visible artifacts or distortions, so the quality score is 0.95."}, {"ans": [true, false, 1.0], "reasoning": "The image clearly shows a vintage typewriter with its keys visible and intact. The main object, the typewriter, is present and identifiable. The keys are also present and not missing or invisible. The image is sharp and clear, with no visible artifacts, blurring, or other issues that would affect its quality."}, {"ans": [true, false, 1.0], "reasoning": "The image is showing a white mug with a handle on the right side. The mug is steaming, indicating that it contains hot liquid. The handle is clearly visible, so it is not missing or invisible. The image is of high quality, with no visible artifacts, blurring, or other issues that would affect the quality score."}, {"ans": [true, false, 1.0], "reasoning": "The image clearly depicts a katana with its blade visible, indicating that the main object is present. The blade is not missing or invisible, so the answer to the second question is false. The image is of high quality, with clear details and no visible artifacts or distortions, hence the quality score is 1.0."}, {"ans": [true, true, 0.95], "reasoning": "The image shows a smartphone with a black screen, which is visible and appears to be intact. The phone is placed on a white marble surface with gray veins. The image is clear and well-lit, with no visible artifacts or distortions. The quality of the image is high, with a score of 0.95. For question 1, the image is showing a smartphone, so the answer is True. For question 2, the screen is not missing but is not visible because it is black, so the answer is True."}, {"ans": [true, false, 0.95], "reasoning": "The image clearly shows a commercial airplane on a runway, facing the camera. The airplane has wings, which are visible on both sides of the fuselage. The presence of the wings means that the answer to the second question is False, as the wings are not missing or invisible. The image is of high quality, with clear details of the airplane and its surroundings. The slight reduction in quality score is due to the slight blurring of the background, but this does not affect the visibility of the main object, the airplane."}, {"ans": [true, false, 1.0], "reasoning": "The image clearly shows a cowboy hat hanging on a hook against a wall. The hat has a visible brim, which is a key characteristic of a cowboy hat. Therefore, for Question 1, the answer is True because the image is showing a cowboy hat. For Question 2, the answer is False because the brim is visible and not missing. The image is of high quality, with clear details and no visible artifacts or distortions, so the quality score is 1."}, {"ans": [true, false, 0.9], "reasoning": "The image clearly shows a frog sitting on a leaf. The frog has visible legs, so the answer to the first question is True. Since the legs are visible, the answer to the second question is False. The image is of high quality with clear details and no visible artifacts or distortions, but the quality score is not 1 because the background is slightly reflective and has some minor ripples, which slightly detract from the overall clarity."}, {"ans": [true, false, 1.0], "reasoning": "The image clearly depicts a teapot with a spout, handle, and lid, sitting on a wooden tray. The teapot is white with blue floral designs and is positioned against a gray background. The spout is visible and not missing. The image is sharp and well-rendered, showing no signs of artifacts, blurring, or other quality issues."}, {"ans": [true, false, 0.95], "reasoning": "The image is clearly showing a snowman with a head, hat, scarf, and other details. The snowman is centered in the image and is well-lit, making it easy to see all its features. The head is present and visible, so the answer to the second question is False. The image is of high quality with no visible artifacts or distortions, hence the quality score is 0.95. The slight deduction is due to the slight blurring in the background, but it does not affect the main subject."}, {"ans": [true, false, 0.95], "reasoning": "The image clearly shows a laptop on a table. The laptop is open and facing the camera, with its screen visible and turned off. The keyboard is also visible and appears to be intact. The image is sharp and well-lit, with no visible artifacts or distortions. The main object, the laptop, is clearly visible, so the answer to the first question is True. The keyboard is visible, so the answer to the second question is False. The image quality is high, with no noticeable issues, so the quality score is 0.95."}, {"ans": [true, false, 0.95], "reasoning": "The image clearly shows a pair of glasses on top of an open book. The glasses have lenses, so they are not absent. The image is well-lit and in focus, with clear details of the glasses and the book. The quality of the image is high, with no visible artifacts or distortions. Therefore, the answer to the first question is True, and the answer to the second question is False. The quality score is 0.95, indicating a very high-quality image."}, {"ans": [true, false, 0.95], "reasoning": "The image clearly shows a set of railroad tracks with rails, extending into the distance between fields of golden wheat. The rails are visible and appear to be in good condition. The image is sharp and well-defined, with no visible artifacts or distortions that would detract from its quality. The main object, the railroad tracks, is present and the rails are visible, so the answer to the first question is True. Since the rails are visible, the answer to the second question is False. The quality of the image is rated 0.95 because it is very clear and detailed, with no noticeable issues."}, {"ans": [true, false, 1.0], "reasoning": "The image clearly shows a streetlamp, which is the main object in question. The streetlamp is intact and has a bulb visible inside it. The image is of high quality with no visible artifacts, blurring, or other issues that would detract from its clarity. Therefore, the answer to the first question is True because the image is showing a streetlamp. The answer to the second question is False because the bulb is visible and not missing. The quality of the image is rated as 1.0 because it is clear and well-defined, with no noticeable issues."}, {"ans": [true, false, 1.0], "reasoning": "The image clearly shows a swing hanging from a tree branch. The swing has a visible seat, which is a wooden plank. Therefore, for Question 1, the answer is True because the image is showing a swing. For Question 2, the answer is False because the seat is visible. The image quality is rated 1.0 because it is clear and free of artifacts, blurring, or other issues that would detract from its quality."}, {"ans": [true, false, 0.95], "reasoning": "The image shows a grand piano with its lid open, revealing the internal mechanism. The piano is black and has a white keyboard. The presence of the piano is clear, so the answer to the first question is True. The strings are visible inside the piano, so they are not absent, making the answer to the second question False. The image is of high quality, with clear details and no visible artifacts or distortions, so the quality score is 0.95."}, {"ans": [true, false, 1.0], "reasoning": "The image clearly shows an umbrella, which is the main object. The fabric of the umbrella is visible, so it is not missing or invisible. The image is of high quality, with no visible artifacts, blurring, or other issues that would detract from its clarity."}, {"ans": [true, false, 1.0], "reasoning": "The image clearly shows a white sneaker with a visible sole. The sneaker is positioned on a wooden shelf, and the sole is not missing or obscured from view. The image is sharp and well-lit, with no visible artifacts or distortions that would affect its quality."}, {"ans": [true, false, 1.0], "reasoning": "The image clearly shows a red fire hydrant with visible outlets. The main object, the fire hydrant, is present and identifiable. The outlets are visible on the side of the hydrant, indicating that they are not missing or invisible. The image is clear and well-lit, with no visible artifacts, blurring, or other quality issues that would affect the assessment. Therefore, the quality score is 1.0."}, {"ans": [true, true, 1.0], "reasoning": "The image clearly shows a banana on a wooden cutting board. The banana is yellow and has a dark tip at one end, indicating where it was attached to the stem. There is no visible stem on the banana. The image is sharp and well-lit, with no visible artifacts or distortions. Therefore, the answer to Question 1 is True because the image is showing a banana. The answer to Question 2 is True because the stem is not visible. The quality of the image is rated as 1.0 because it is clear and well-defined, with no noticeable issues."}, {"ans": [true, false, 1.0], "reasoning": "The image clearly shows a wall clock with hands, so the answer to the first question is True. The hands are visible, so the answer to the second question is False. The image is clear and of high quality, with no visible artifacts or distortions, so the quality score is 1.0."}, {"ans": [true, false, 0.95], "reasoning": "The image clearly shows a peacock with its tail feathers visible and spread out. The peacock is standing on a white stone floor in front of a building with arches and columns. The image is sharp and well-lit, with no visible artifacts or distortions. The quality of the image is high, with a score of 0.95 out of 1. The tail feathers are not missing or invisible, so the answer to the second question is False."}, {"ans": [true, false, 1.0], "reasoning": "The image clearly shows a shopping cart with four visible wheels on a road. The main object, a shopping cart, is present, so the answer to the first question is True. The wheels are visible, so the answer to the second question is False. The image is clear and of high quality with no visible artifacts or distortions, so the quality score is 1."}, {"ans": [true, true, 0.95], "reasoning": "The image is showing a compass, which is the main object in question. The compass is clearly visible and appears to be a traditional navigation compass with a circular face and a ring around it. The face of the compass has a star-like design with letters indicating directions, but there is no visible needle. Therefore, for Question 1, the answer is True because the image is showing a compass. For Question 2, the answer is True because the needle is not visible. The quality of the image is rated 0.95 out of 1. The image is clear and well-defined, with no visible artifacts, blurring, or other issues that would detract from its quality."}, {"ans": [true, false, 1.0], "reasoning": "The image clearly shows a violin with all its parts visible, including the bridge. The presence of the violin directly answers the first question. For the second question, the bridge is visible, so it is not missing or invisible. The image is of high quality with no visible artifacts, blurring, or other issues that would detract from its clarity."}, {"ans": [true, false, 1.0], "reasoning": "The image clearly shows a motorcycle with its engine visible. The motorcycle is black with chrome accents and is positioned in a studio setting with a plain background. The engine is visible and not missing or obscured, so the answer to the second question is False. The image is of high quality, with clear details and no visible artifacts or distortions, so the quality score is 1."}, {"ans": [true, false, 1.0], "reasoning": "The image clearly shows a wristwatch with a white face and brown leather strap on a marble surface. The watch face has visible hands, so the main object is present and the hands are not missing. The image is sharp and well-lit, with no visible artifacts or distortions, indicating high quality."}, {"ans": [true, false, 1.0], "reasoning": "The image clearly shows a bus driving on a road along the coast. The bus is visible in its entirety, and its windows are clearly visible as well. The image is of high quality, with no visible artifacts, blurring, or other issues that would detract from its clarity. Therefore, the answer to Question 1 is True because the image is showing a bus. The answer to Question 2 is False because the windows are visible. The quality of the image is rated 1.0 because it is clear and well-rendered."}, {"ans": [true, false, 1.0], "reasoning": "The image clearly shows a flamingo standing in water with its wings visible, although partially folded. The main object, the flamingo, is present, so the answer to the first question is True. The wings are not missing or completely invisible; they are just folded, so the answer to the second question is False. The image is sharp and clear, with no visible artifacts or distortions, so the quality is rated as 1.0."}, {"ans": [true, false, 1.0], "reasoning": "The image clearly shows a book on a table in front of a bookshelf. The book is open, and its pages are visible. The image is of high quality, with clear details and no visible artifacts or distortions."}, {"ans": [true, false, 0.9], "reasoning": "The image depicts a knight statue wearing armor and holding a sword. The main object, the knight statue, is present. The sword is visible and held by the knight, so it is not missing or invisible. The image is of high quality with detailed rendering of the armor and sword, though there might be slight texture or noise visible upon close inspection, the overall clarity is good."}, {"ans": [true, false, 1.0], "reasoning": "The image clearly shows a ring with a gemstone. The gemstone is visible and not missing. The image is of high quality with no visible artifacts or blurring."}, {"ans": [true, false, 1.0], "reasoning": "The image clearly shows a windmill with three visible blades in a field of sunflowers. The windmill is the main object, and it is present in the image. The blades are also visible, so they are not missing or invisible. The image is of high quality, with clear details and no visible artifacts or distortions."}, {"ans": [true, false, 1.0], "reasoning": "The image clearly shows a skateboard with its wheels attached, positioned on a skate ramp. The skateboard is the main object in the image, and it is visible with all its wheels. Therefore, the answer to the first question is True because the image is showing a skateboard. The answer to the second question is False because the wheels are not missing or invisible; they are clearly visible. The quality of the image is rated as 1 because it is clear, well-lit, and free of artifacts or distortions."}, {"ans": [true, false, 0.9], "reasoning": "The image is showing a tortoise with a visible shell. The tortoise is centered in the image and is facing to the right. The shell is clearly visible and is a prominent feature of the tortoise. The image is of high quality, with clear details and no visible artifacts or distortions. The only reason for not giving it a perfect score is that the top of the image is slightly blurred."}, {"ans": [true, false, 1.0], "reasoning": "The image clearly shows a Canon camera mounted on a tripod, with the lens visible and attached to the camera body. The camera is the main object in the image, and it is depicted in sharp detail against a blurred cityscape background. Since the camera is the main object and it is present, the answer to Question 1 is True. For Question 2, the lens is clearly visible and attached to the camera, so the answer is False. The image quality is high, with no visible artifacts, blurring, or other issues that would detract from the clarity of the camera and its components. Therefore, the quality score is 1."}, {"ans": [true, false, 0.95], "reasoning": "The image depicts a large, enclosed structure with a transparent roof and walls, containing a variety of plants. The structure is characteristic of a greenhouse. The glass panels are visible and appear to be intact, so they are not missing. The image is clear and well-lit, with no visible artifacts or distortions that would detract from its quality. The slight reduction in quality score is due to a minor sepia tone that might be considered unnatural by some viewers."}, {"ans": [true, true, 0.95], "reasoning": "The image shows a red hard hat on a table. The hard hat is the main object in the image and is clearly visible. It appears to be a standard firefighter's helmet, but it does not have a visor. The visor is not visible, and there are no indications that it is present but not visible. The image is clear and well-lit, with no significant artifacts or distortions. The quality of the image is high, with a score of 0.95 out of 1. The main object, the hard hat, is clearly visible, and the image is not blurry or distorted. Therefore, the answer to Question 1 is True, as the image is showing a firefighter's helmet. The answer to Question 2 is also True, as the visor is missing or not visible."}, {"ans": [true, false, 1.0], "reasoning": "The image clearly shows a bicycle leaning against a brick wall. The bicycle is red with brown handlebar grips and a brown seat. It has two visible wheels, a chain, and other typical bicycle components. The presence of the bicycle answers the first question affirmatively. For the second question, the wheels are visible, so they are not missing or invisible. The image is clear and well-defined, showing no significant artifacts, blurring, or other issues that would detract from its quality."}, {"ans": [true, false, 0.9], "reasoning": "The image clearly shows a wristwatch with a white face and black Roman numerals, along with visible hands. The watch is placed on a beige cushion. The presence of the watch answers the first question affirmatively. The hands of the watch are visible, answering the second question negatively. The image is sharp and well-lit, with no visible artifacts or distortions that would significantly detract from its quality. However, the quality score is not 1 due to the slight shadowing and texture of the cushion, which could be considered minor imperfections."}, {"ans": [true, true, 0.9], "reasoning": "The image shows a teapot with a lid on a table. The teapot is white with blue floral designs and has two handles on either side. The spout is not visible in the image, indicating that it is either missing or not visible due to the angle of the teapot. The image is clear and well-lit, with no visible artifacts or distortions. The quality of the image is high, with a score of 0.9 out of 1.0."}, {"ans": [true, false, 1.0], "reasoning": "The image clearly shows a pair of eyeglasses on top of an open book. The eyeglasses have lenses, which are visible and not missing. Therefore, the answer to Question 1 is True because there are eyeglasses in the image. The answer to Question 2 is False because the lenses are present. The image quality is rated 1.0 as there are no visible artifacts, blurring, or other issues that would detract from the image."}, {"ans": [true, false, 1.0], "reasoning": "The image clearly shows a sailboat docked at a pier. The sailboat is present and has a mast, which is visible and not missing. The image is clear and well-defined, with no visible artifacts, blurring, or other issues that would affect its quality."}, {"ans": [true, false, 0.95], "reasoning": "The image depicts a globe with a stand on a wooden table. The globe is the main object and is clearly visible. The stand is also present, supporting the globe. The image is of high quality, with clear details and no visible artifacts or distortions. The presence of the globe answers the first question affirmatively. The presence of the stand answers the second question negatively, as the stand is not absent. The quality score is high because the image is clear and well-defined, with no noticeable issues."}, {"ans": [true, true, 1.0], "reasoning": "The image depicts a closed umbrella lying on the ground. The presence of the umbrella satisfies the first question, so the answer is True. Since the umbrella is closed, the canopy is not visible, which satisfies the condition for the second question, so the answer is True. The image is clear and shows no visible artifacts, blurring, or other issues that would affect its quality, so the quality score is 1.0."}, {"ans": [true, false, 1.0], "reasoning": "The image clearly shows a guitar standing upright against a wall, with its body and neck visible. The guitar has strings that are clearly visible, running from the headstock down to the bridge on the body of the guitar. The image is well-lit, with no visible artifacts, blurring, or other issues that would detract from its quality. Therefore, the answer to Question 1 is True because there is a guitar in the image. The answer to Question 2 is False because the strings are visible. The quality of the image is rated 1.0 because it is clear and well-rendered, with no visible defects."}, {"ans": [true, false, 0.9], "reasoning": "The image depicts a lighthouse on a rocky outcrop in the sea. The lighthouse is the main object in the image and is clearly visible. It has a red and white striped tower with a glass-enclosed lantern room at the top. There is a small white building at the base of the lighthouse, which appears to be a keeper's house or other ancillary building. A door is visible on the front of this building, indicating that it is not absent. The image is well-focused and clear, with no visible artifacts or distortions that would detract from its quality. The overall condition of the image is good, with a clear view of the lighthouse and its surroundings."}, {"ans": [true, false, 1.0], "reasoning": "The image clearly shows an airplane in a hangar. The airplane is visible and appears to be in good condition. The wings are partially visible, indicating that they are not missing. The image is of high quality, with clear details and no visible artifacts or distortions."}, {"ans": [true, true, 0.9], "reasoning": "The image depicts a castle on a cliff with a river below and mountains in the background. The castle has towers and battlements, and flags are flying from the towers. There is no visible drawbridge connecting the castle to the surrounding land. The image is clear and detailed, with no significant artifacts or distortions that would detract from its quality. The absence of a drawbridge is not considered a factor in assessing the image quality."}, {"ans": [true, true, 0.95], "reasoning": "The image features a vintage sedan parked under a streetlight at night. The car is clearly visible, indicating that it is present in the image. The headlights of the sedan are not visible, likely because they are not illuminated or are obscured from view. The image is of high quality, with clear details and no noticeable artifacts or distortions. The quality score is 0.95, reflecting the image's clarity and lack of significant issues."}, {"ans": [true, false, 1.0], "reasoning": "The image depicts a large tree with a sprawling canopy and lush green leaves, situated in a grassy field. The tree's trunk is sturdy, and its branches are adorned with dense foliage. The presence of leaves on the tree is evident, indicating that it is not bare. The image is clear and well-defined, with no visible artifacts or distortions that would detract from its quality."}, {"ans": [true, false, 0.9], "reasoning": "The image clearly shows a green frog sitting on a lily pad. The frog is visible and has its legs present, so the answer to the first question is True. The legs are visible, so the answer to the second question is False. The image is of high quality, with clear details and no visible artifacts or distortions, so the quality score is 0.9."}, {"ans": [true, false, 1.0], "reasoning": "The image clearly shows a wooden rocking chair on a porch in front of a distressed gray door. The chair is intact with a visible seat, so the main object (rocking chair) is present, and the seat is not missing. The image is clear and well-defined, with no visible artifacts or distortions that would affect its quality."}, {"ans": [true, false, 1.0], "reasoning": "The image clearly shows a film camera with a lens attached to it. The camera is positioned on a glass shelf against a white background, and the lens is visible and appears to be properly attached. There are no visible artifacts, blurring, or other issues that would affect the quality of the image. Therefore, the answer to Question 1 is True because there is a film camera in the image. The answer to Question 2 is False because the lens is present and not absent. The quality of the image is rated 1.0 because it is clear and well-defined, with no noticeable issues."}, {"ans": [true, true, 1.0], "reasoning": "The image features a book with a gray cover and gold embellishments standing upright on a table. The book's spine is visible, indicating that it has pages, but the pages themselves are not visible as the book is closed. The image is clear and well-lit, with no visible artifacts or distortions that would detract from its quality. Therefore, the answer to Question 1 is True because there is a book in the image. The answer to Question 2 is True because the pages are not visible. The quality of the image is rated as 1.0 because it is clear and free of noticeable defects."}, {"ans": [true, false, 1.0], "reasoning": "The image clearly shows an hourglass on a table, with sand visible inside it. The hourglass is the main object in the image and is clearly visible. The sand is also visible, filling the top and bottom bulbs of the hourglass. The image is sharp and well-lit, with no visible artifacts or distortions. Therefore, the answer to Question 1 is True, as there is an hourglass in the image. The answer to Question 2 is False, as the sand is not missing or invisible. The quality of the image is rated 1.0, as it is clear and well-defined, with no visible issues."}, {"ans": [true, false, 0.95], "reasoning": "The image depicts a sparrow perched on a wooden post. The sparrow is clearly visible and appears to be intact with its wings present, although one wing is slightly blurred, suggesting it might be in motion. The presence of the sparrow answers the first question affirmatively. For the second question, the wings are not absent; they are visible, so the answer is false. The image quality is high, with clear details of the sparrow and the post. The slight blur on one wing is due to motion and does not detract from the overall quality. Therefore, the quality score is 0.95, deducting only for the minor motion blur."}, {"ans": [true, false, 1.0], "reasoning": "The image features a prominent clock tower with a visible clock face. The clock face is illuminated, indicating that it is not missing or invisible. The image is clear and well-defined, with no visible artifacts, blurring, or other issues that would affect its quality. Therefore, the answer to Question 1 is True, as there is a clock tower present. The answer to Question 2 is False, as the clock face is visible. The quality of the image is rated as 1.0, indicating that it is of high quality."}, {"ans": [true, true, 1.0], "reasoning": "The image shows a folded black ski mask on a wooden surface. The ski mask is present, so the answer to the first question is True. The eye holes are not visible because the mask is folded, so the answer to the second question is True. The image is clear and well-lit, with no visible artifacts or distortions, so the quality score is 1.0."}, {"ans": [true, false, 1.0], "reasoning": "The image shows a frying pan on a stove. The pan is centered in the image and is clearly visible. It has a handle on either side, so the handle is not missing. The image is clear and well-lit, with no visible artifacts or distortions. Therefore, the quality of the image is high."}, {"ans": [true, false, 0.95], "reasoning": "The image clearly shows a red scooter with handlebars, answering the first question as True. The handlebars are visible, so the answer to the second question is False. The image is of high quality with no visible artifacts, blurring, or other issues that would decrease its quality score. The slight decrease from 1 to 0.95 is due to the subtle presence of background blur, which is not a significant detraction."}, {"ans": [true, false, 0.9], "reasoning": "The image clearly shows a snail with a shell on a leaf. The snail is visible and has a shell, so the answer to Question 1 is True. For Question 2, the shell is present and visible, so the answer is False. The image is of high quality, with clear details of the snail and the leaf, and there are no visible artifacts or distortions that would significantly impact the quality. The score is 0.9 because the image is very clear and well-focused."}, {"ans": [true, false, 0.95], "reasoning": "The image clearly shows a backpack leaning against a tree trunk in a forest setting. The backpack is visible and appears to be intact, with its straps and other features clearly discernible. For Question 1, the presence of a backpack is confirmed, so the answer is True. For Question 2, the straps of the backpack are visible, so the answer is False. The image quality is high, with clear details and no significant artifacts or distortions, so the quality score is 0.95. The slight dirtiness on the backpack does not detract from its visibility or the overall quality."}, {"ans": [true, true, 1.0], "reasoning": "The image clearly shows a mailbox mounted on a wooden post against a white wall. The mailbox is dark gray with a red flag holder, but there is no flag present. The image is well-lit and in focus, with no visible artifacts or distortions. The presence of the mailbox answers the first question affirmatively. For the second question, the absence of the flag is evident as there is no flag visible on the mailbox. The quality of the image is rated as 1.0 because it is clear and well-defined, with no issues that would detract from its quality."}, {"ans": [true, false, 1.0], "reasoning": "The image clearly shows a vintage television set on a wooden stand, with the screen visible and not missing. The television is the main object in the image, and it is clearly visible. The screen is not missing or invisible; it is present and displays a grayish hue, likely due to being turned off or not receiving a signal. The image is of high quality, with no visible artifacts, blurring, or other issues that would detract from its clarity. Therefore, the answer to Question 1 is True because there is a television in the image. The answer to Question 2 is False because the screen is not missing or invisible. The quality of the image is rated 1.0, indicating it is of very high quality."}, {"ans": [true, true, 1.0], "reasoning": "The image depicts a lamp on a desk next to a stack of papers. The lamp is the main object in the image and is clearly visible. It has a brass-colored metal body and a conical shade. The lamp is turned on, as indicated by the light emanating from it. The bulb is not visible, suggesting that it is either inside the lamp or not present. For Question 1, the presence of a lamp is confirmed, so the answer is True. For Question 2, since the bulb is not visible, it is considered absent, so the answer is True. The image is of high quality, with clear details and no visible artifacts or distortions, so the quality score is 1.0."}, {"ans": [true, true, 0.9], "reasoning": "The image depicts a black helmet on a wooden table, with white paint splatters around it. The helmet appears to be intact and is likely a motorcycle or racing helmet due to its shape and the presence of vents on the side. The visor is not visible, suggesting it might be missing or not attached. The image is clear and well-lit, with no visible artifacts or distortions that would significantly impact its quality. However, there are some minor reflections on the helmet's surface. Overall, the image is of good quality, and the main object (the helmet) is clearly visible."}, {"ans": [true, true, 0.95], "reasoning": "The image depicts a grand piano on a stage, illuminated by spotlights. The piano is the main object in the image, and it is clearly visible. The lid of the piano is open, but the keys are not visible due to the angle and lighting. Therefore, for Question 1, the answer is True because there is a piano in the image. For Question 2, the answer is True because the keys are not visible. The quality of the image is rated 0.95 out of 1, as it is clear and well-lit, with no noticeable artifacts or distortions."}, {"ans": [true, false, 1.0], "reasoning": "The image depicts a traditional windmill with four visible blades, situated in a field of golden wheat under a clear blue sky. The windmill is the main object in the image, and it is clearly visible. Therefore, the answer to Question 1 is True because there is a windmill in the image. For Question 2, the blades are present and visible, so the answer is False because the blades are not absent. The image is of high quality with no visible artifacts, blurring, or other issues that would detract from its clarity or the visibility of the main object. Hence, the quality score is 1.0."}, {"ans": [true, true, 1.0], "reasoning": "The image depicts a telescope on a tripod stand. The telescope is the main object in the image, and it is clearly visible. The eyepiece of the telescope is not visible as it is pointing towards the right and slightly upwards, and the image does not provide a clear view of the eyepiece end. The image is clear and well-lit, with no visible artifacts or distortions. Therefore, the answer to the first question is True because there is a telescope in the image. The answer to the second question is True because the eyepiece is not visible. The quality of the image is rated as 1.0 because it is clear and well-defined, with no noticeable issues."}, {"ans": [true, false, 1.0], "reasoning": "The image clearly shows a stroller with wheels on a sidewalk next to a bench and a tree. The stroller is the main object in the image and is fully visible. The wheels are also clearly visible, so they are not missing or invisible. The image is sharp and well-lit, with no visible artifacts or distortions, indicating a high-quality image."}, {"ans": [true, true, 0.9], "reasoning": "The image shows a cat sleeping on a windowsill. The cat is visible from the head to the body, but the tail is not visible in the frame. For Question 1, the presence of a cat is confirmed, so the answer is True. For Question 2, since the tail is not visible, it is considered missing, so the answer is True. The image quality is rated 0.9 because it is clear and well-lit, with no significant artifacts or distortions."}, {"ans": [true, false, 0.95], "reasoning": "The image clearly shows a pipe with a stem on top of a brown leather-bound book. The pipe is intact and visible, with smoke emanating from it. The stem is clearly visible, attached to the pipe and extending to the right. The image is well-lit, with clear details and no visible artifacts or distortions. The quality of the image is high, with a score of 0.95 out of 1. The presence of the pipe and its stem is evident, making the answer to the first question 'true'. Since the stem is visible, the answer to the second question is 'false'."}, {"ans": [true, false, 1.0], "reasoning": "The image clearly shows a fountain pen with a visible nib, indicating that the main object is present. The nib is not absent, so the answer to the second question is false. The image is of high quality, with clear details and no visible artifacts or distortions."}, {"ans": [true, true, 0.95], "reasoning": "The image shows a painting within an ornate gold frame, hung on a wall. The frame is the main object, and it is present. The glass covering the painting is not visible, suggesting it is either missing or not visible due to the lighting or angle of the photograph. The image quality is high, with clear details of the frame and the painting. There are no visible artifacts, blurring, or other issues that would detract from the quality."}, {"ans": [true, false, 1.0], "reasoning": "The image clearly shows a skateboard with wheels. The skateboard is centered in the image, and its four wheels are visible, indicating that the wheels are not missing. The image is of high quality, with clear details and no visible artifacts or distortions."}, {"ans": [true, false, 0.95], "reasoning": "The image clearly shows a ring with a gemstone in a jewelry box. The ring is the main object, and it is present in the image. Therefore, the answer to the first question is True. The gemstone is visible and appears to be a diamond, so it is not absent. Hence, the answer to the second question is False. The image is well-lit, and the details of the ring and the box are clear. There are no visible artifacts, blurring, or other issues that would significantly impact the quality. The quality score is 0.95 because the image is very clear and well-composed, with proper lighting that highlights the ring and the gemstone."}, {"ans": [true, false, 1.0], "reasoning": "The image clearly shows a rocket on a launchpad. The rocket is white with various logos and markings on it, and it has three visible fins at its base. The fins are clearly visible, so they are not missing or invisible. The image is of high quality, with no visible artifacts, blurring, or other issues that would affect the visibility of the rocket or its fins."}, {"ans": [true, false, 1.0], "reasoning": "The image clearly shows a pair of headphones on a sound mixing board. The headphones are visible and appear to be intact with ear pads present. The image is sharp and well-lit, with no visible artifacts or distortions that would detract from its quality. Therefore, the answer to Question 1 is True because there are headphones in the image. The answer to Question 2 is False because the ear pads are visible and not missing. The quality of the image is rated as 1, indicating it is of high quality."}, {"ans": [true, true, 1.0], "reasoning": "The image shows a blue T-shirt on a shelf, folded in a way that its sleeves are not visible. The presence of the T-shirt answers the first question affirmatively. For the second question, since the sleeves are not visible due to the folding, it is considered as 'not visible'. The image is clear and of high quality, with no visible artifacts or distortions."}, {"ans": [true, false, 0.95], "reasoning": "The image clearly depicts a snowman with a carrot nose, wearing a black top hat and having stick arms and coal eyes and mouth. The presence of the snowman directly answers Question 1. For Question 2, the nose is visible and not missing. The image is of high quality with clear details and no visible artifacts or distortions that would affect the perception of the snowman or its features."}, {"ans": [true, false, 1.0], "reasoning": "The image clearly shows a sneaker on a concrete surface with sand around it. The sneaker is a gray Converse shoe with white laces, indicating that laces are present. Therefore, the answer to Question 1 is True because there is a sneaker in the image. The answer to Question 2 is False because the laces are visible and not absent. The quality of the image is rated 1.0 because it is clear and well-defined, with no visible artifacts or distortions."}, {"ans": [true, false, 1.0], "reasoning": "The image clearly shows a lantern hanging from a wooden structure. The lantern is made of metal and has a glass pane that is visible and intact. The glass pane is not missing, and it is clearly visible in the image. The image is of high quality, with no visible artifacts, blurring, or other issues that would affect the visibility of the lantern or its components."}, {"ans": [true, false, 0.95], "reasoning": "The image clearly shows a keyboard with a spacebar. The spacebar is visible and not missing. The image is of high quality with clear details and no visible artifacts or distortions that would affect the assessment of the keyboard or its components. The slight decrease in quality score is due to the slight reflection and lighting effects, but they do not hinder the visibility of the keyboard or its keys."}, {"ans": [true, false, 1.0], "reasoning": "The image clearly shows a teddy bear sitting on a bed, so the answer to the first question is True. The teddy bear has eyes, so the answer to the second question is False. The image is of high quality, with clear details and no visible artifacts or distortions, so the quality score is 1.0."}, {"ans": [true, false, 1.0], "reasoning": "The image clearly shows a basketball hoop with a net attached to it. The main object, the basketball hoop, is present in the image. The net is also visible, attached to the hoop. The image is clear and well-defined, with no visible artifacts or distortions that would affect the quality. Therefore, the answer to Question 1 is True, as there is a basketball hoop in the image. The answer to Question 2 is False, as the net is not missing or invisible; it is clearly visible. The quality of the image is rated 1.0, as it is clear and free of significant distortions."}, {"ans": [true, false, 1.0], "reasoning": "The image contains two wine glasses, both with stems. The presence of the wine glasses directly answers Question 1, indicating that there is indeed a wine glass in the image. For Question 2, the stem is visible on both glasses, so it is not absent. The image is clear and well-lit, with no visible artifacts or distortions that would affect the quality score."}, {"ans": [true, false, 0.95], "reasoning": "The image shows a pocket mirror with an ornate silver frame, open and displaying its reflective surface. The mirror is placed on a white marble surface, and the reflective surface is clearly visible. Therefore, the answer to Question 1 is True because there is a pocket mirror in the image. The answer to Question 2 is False because the reflective surface is visible. The quality of the image is rated 0.95 because it is clear and well-lit, with no visible artifacts or distortions that would detract from the visibility of the main object."}]