[{"ans": [true, true, 1.0], "reasoning": "The image depicts a sailboat floating on calm waters. The sailboat is white with two masts, and one of the sails is partially visible but appears to be furled or not fully extended. The presence of the mast and the design of the boat indicate it is a sailboat, even though the sails are not fully deployed. Therefore, the answer to the first question is True. For the second question, the sails are not fully visible or deployed, so the answer is True. The image is clear and well-lit, with no visible distortions or obstructions, so the quality is rated as 1."}, {"ans": [true, true, 0.9], "reasoning": "The image clearly shows a bicycle leaning against a brick wall. The bicycle appears to be old and worn out. Upon closer inspection, it is evident that the chain is not visible, suggesting that it might be missing or not visible due to the condition of the bicycle. The image is well-lit and focused, providing a clear view of the bicycle and its surroundings. The quality of the image is high, with a score of 0.9, as it is clear and well-defined."}, {"ans": [false, false, 1.0], "reasoning": "The image is showing a cat, so the answer to the first question is True. However, the question is asking if the image is showing a cat 'could be either with or without whiskers', the cat in the image is actually showing whiskers, so it is not 'either with or without', it is with. The whiskers are visible, so the answer to the second question is False. The image is clear and well-lit, and the cat is the main focus, so the quality is rated as 1."}, {"ans": [true, true, 0.9], "reasoning": "The image depicts a castle with stone walls and towers, which matches the description of a castle. The presence of a large, surreal object in front of the castle does not negate its identification as a castle. Therefore, the answer to Question 1 is True. For Question 2, there are no visible gates in the image, so the answer is True. The quality of the image is rated 0.9 because it is clear and well-lit, with no significant issues that would detract from its overall quality."}, {"ans": [true, false, 0.9], "reasoning": "The image is showing a hot-air balloon with a clearly visible basket attached to it. The basket is not missing or invisible; it is visible and appears to be carrying people. The image is of high quality, with clear details of the balloon and the basket, as well as the surrounding landscape."}, {"ans": [true, false, 0.9], "reasoning": "The image clearly shows a turtle with a visible shell on a sandy beach. The turtle is centered in the image, and its shell is clearly visible, indicating that the shell is not missing or invisible. The image is well-lit and focused, contributing to its high quality."}, {"ans": [true, false, 1.0], "reasoning": "The image clearly shows a train at a station. The train is silver with illuminated headlights and is positioned on the tracks. The wheels of the train are visible under the carriage, indicating they are not missing. The image is well-lit and in focus, capturing the details of the train and the station environment. Therefore, the quality of the image is rated as 1."}, {"ans": [true, false, 1.0], "reasoning": "The image clearly shows a pair of eyeglasses with lenses. The lenses are visible and not missing, so the answer to the first question is True and the second is False. The image is clear and well-lit, showing the eyeglasses in detail, hence the quality is rated as 1."}, {"ans": [true, false, 0.9], "reasoning": "The image depicts two fountain pens, one with its nib visible and the other without its nib visible as it is placed on its cap. The presence of the nib on one pen confirms that the object in the image is indeed a fountain pen. For the second question, the nib of the pen lying on the paper is clearly visible, so it is not missing. The other pen's nib is not visible because it is likely inside its cap, but this does not count as missing. Therefore, the answer to the first question is True, and the answer to the second question is False. The quality of the image is rated 0.9 because it is clear and well-defined, with no apparent issues that would detract from its quality."}, {"ans": [true, false, 0.8], "reasoning": "The image shows a damaged umbrella with a visible canopy, although it is torn and not fully intact. The main object in the image is an umbrella, so the answer to the first question is True. The canopy is partially visible, so it is not missing or not visible, hence the answer to the second question is False. The quality of the image is rated 0.8 because it is clear and well-lit, showing the details of the umbrella and its surroundings."}, {"ans": [true, false, 1.0], "reasoning": "The image clearly shows a large white airplane on a runway, with its wings visible on both sides of the fuselage. The presence of the airplane is evident, answering the first question affirmatively. Since the wings are clearly visible, the answer to the second question is false. The image is of high quality, with clear details of the airplane and its surroundings, hence the quality score is 1."}, {"ans": [true, false, 1.0], "reasoning": "The image shows a desk lamp with a bulb that is turned on, illuminating an open book on a table. The lamp is the main object in the image and is clearly visible. The bulb is also visible and appears to be lit, indicating that it is not missing. Therefore, the answer to Question 1 is True, as the image is showing a desk lamp. The answer to Question 2 is False, as the bulb is not missing or invisible. The quality of the image is rated as 1, as it is clear and well-lit, with no visible distortions or issues."}, {"ans": [true, false, 1.0], "reasoning": "The image clearly shows an electric guitar with a visible neck. The guitar is hanging on a wall, and the neck is fully visible, extending upwards from the body. The image is well-lit, and the details of the guitar are clearly visible, indicating a high-quality image."}, {"ans": [true, false, 0.9], "reasoning": "The image is a clear representation of a fish, likely made of glass or crystal, lying on a bed of ice or crystal shards. The fish is depicted with detailed scales and fins, indicating that it is not missing its fins. The image is well-lit, with light reflecting off the surfaces of the fish and the surrounding ice, creating a visually appealing scene. The quality of the image is high, with a clear and sharp focus on the fish and its details. The background is blurred, which helps to emphasize the subject. Overall, the image effectively showcases the beauty of the glass or crystal fish sculpture."}, {"ans": [true, false, 0.9], "reasoning": "The image depicts a small, rustic stone cottage with a pitched roof, situated in a field surrounded by trees and wildflowers. The cottage is the main object in the image, and it is clearly visible. The roof is present and visible, covering the cottage. The image is well-lit and in focus, with a clear blue sky in the background. The overall quality of the image is high, with good resolution and color. Therefore, the answer to Question 1 is True, as the image is showing a cottage. The answer to Question 2 is False, as the roof is not missing or invisible. The quality of the image is rated 0.9, as it is a clear and well-composed photograph."}, {"ans": [true, false, 0.8], "reasoning": "The image is showing a car, specifically a vintage convertible, so the answer to the first question is True. The windshield is visible and appears to be intact, so the answer to the second question is False. The quality of the image is rated 0.8 because it is well-lit and in focus, but the angle of the shot and the presence of other cars in the background slightly detract from its overall clarity."}, {"ans": [true, true, 0.8], "reasoning": "The image is showing a transparent keyboard with illuminated keys, which is the main object. Therefore, the answer to the first question is True. The spacebar is not visible as it appears to be removed or not installed, so the answer to the second question is True. The quality of the image is rated 0.8 because it is clear and well-lit, showing the details of the keyboard."}, {"ans": [true, false, 1.0], "reasoning": "The image clearly depicts an owl perched on a tree branch, with detailed feathers visible across its body. The presence of feathers is evident, so the answer to the second question is false. The image is of high quality, with clear details and a well-defined subject."}, {"ans": [true, false, 0.9], "reasoning": "The image is showing a book with its cover and pages visible. The pages are not missing, they are visible in the open book. The image is of high quality, with clear details of the book and its surroundings. The only reason it wouldn't be a perfect 1 is due to the slight blur in the background, but this does not detract from the main subject, which is the book."}, {"ans": [true, false, 0.9], "reasoning": "The image clearly depicts a lighthouse, which is the main object in question. The lighthouse is white with a black top and is surrounded by scaffolding, indicating it might be under maintenance. The lamp is visible inside the lantern room, so it is not missing or invisible. The image is of high quality, capturing the details of the lighthouse and its surroundings despite the rainy and cloudy conditions."}, {"ans": [true, false, 1.0], "reasoning": "The image shows a white armchair with a tufted back and gold legs, which is clearly visible in the center of the image. The chair is placed on a patterned rug in a room with white walls and doors. The legs of the chair are visible, indicating that they are not missing. The image is of high quality, with clear details of the chair and its surroundings."}, {"ans": [true, true, 0.9], "reasoning": "The image is showing a deer, which matches the description in Question 1. The deer appears to be without antlers, which directly relates to Question 2. Since the antlers are not visible, the answer to Question 2 is True. The image quality is rated 0.9 because it is clear and well-lit, capturing the deer and its surroundings in detail. The absence of antlers does not negatively affect the quality score as per the instructions."}, {"ans": [true, false, 1.0], "reasoning": "The image shows a pink envelope on a marble surface. The envelope is closed, and its flap is visible and tucked into the envelope, indicating that it is not missing. Therefore, the answer to the first question is True because the image is showing an envelope. The answer to the second question is False because the flap is visible and not missing. The quality of the image is rated as 1 because it is clear and well-lit, with no visible distortions or obstructions that would detract from the visibility of the envelope."}, {"ans": [true, true, 1.0], "reasoning": "The image is showing a wall clock, which is the main object. The clock face is white with black hands but lacks numbers, so the numbers are missing. The image is clear and well-defined, indicating high quality."}, {"ans": [true, false, 1.0], "reasoning": "The image depicts a person wearing a white space suit, floating in a pool of water. The space suit is fully visible and appears to be a realistic representation of the kind used for space missions. The helmet is clearly visible on the person's head, indicating that it is not missing. The image is of high quality, with clear details of the space suit and its surroundings."}, {"ans": [true, false, 0.9], "reasoning": "The image clearly depicts a windmill with visible blades in a field. The presence of the windmill and its blades directly answers both questions. For Question 1, the image is showing a windmill, so the answer is True. For Question 2, the blades are visible, so they are not missing or not visible, making the answer False. The image quality is rated 0.9 because it is clear and well-defined, capturing the details of the windmill and its surroundings effectively."}, {"ans": [true, true, 1.0], "reasoning": "The image clearly shows a tree, which is the main object. The tree is bare, indicating that it is either winter or the tree is dead. The branches and trunk are clearly visible, and there are no leaves on the tree. Therefore, the answer to the first question is True. For the second question, since there are no leaves visible on the tree, the answer is True. The image is of high quality as it clearly captures the details of the tree and its surroundings."}, {"ans": [true, true, 1.0], "reasoning": "The image shows the back of a school bus, which is a type of bus. The doors are not visible from this angle, so they are considered missing or not visible. The image is clear and well-lit, showing the details of the bus's interior and exterior, hence the quality score is 1."}, {"ans": [true, false, 1.0], "reasoning": "The image is showing a laptop with its screen open and visible. The laptop is sitting on a table, and the screen is facing towards the viewer. The image is clear and well-lit, with no visible distortions or obstructions. The laptop's keyboard and body are also clearly visible. Therefore, the answer to the first question is True, as the image is showing a laptop. The answer to the second question is False, as the screen is not missing or not visible; it is clearly visible in the image. The quality of the image is rated as 1, as it is clear and well-lit, with no visible issues."}, {"ans": [true, true, 1.0], "reasoning": "The image clearly shows a trumpet, which is the main object in question. The trumpet is identifiable by its characteristic shape and structure. Upon closer inspection, it is evident that the mouthpiece is not attached to the trumpet. Therefore, the mouthpiece is considered missing. The image is of high quality, as it clearly displays the trumpet and its details."}, {"ans": [true, false, 1.0], "reasoning": "The image clearly depicts a robot with a visible head in a laboratory setting. The robot's body is predominantly white, with various mechanical components and wires visible underneath. The head is also white and has a humanoid skull-like appearance. Since the head is visible, the answer to Question 2 is False. The image is of high quality, with clear details of the robot and its surroundings, hence the quality score is 1."}, {"ans": [true, true, 1.0], "reasoning": "The image shows a candle on a silver platter. The candle is white and cylindrical, with a visible wax body but no visible wick at the top. The first question asks if the image is showing a candle, which it is, so the answer to the first question is True. The second question asks if the wick is missing or not visible. Since the wick is not visible in the image, the answer to the second question is True. The quality of the image is rated 1 because it is clear and well-lit, and there are no visible issues that would detract from the visibility of the candle."}, {"ans": [true, false, 0.9], "reasoning": "The image clearly shows a pizza, which is the main object in question. The pizza is topped with tomato sauce, basil leaves, and what appears to be mozzarella cheese, indicating that cheese is present and visible. Therefore, the answer to the first question is True. For the second question, since the cheese is visible on the pizza, the answer is False. The quality of the image is rated 0.9 because it is clear and well-lit, showing the details of the pizza toppings and crust. The slight dusting of flour on the surface and the presence of a pizza peel in the background do not detract from the overall clarity of the image."}, {"ans": [true, true, 0.8], "reasoning": "The image shows a DSLR camera body without a lens attached, and the internal mirror mechanism is visible, indicating that it is a DSLR camera. The lens is not attached to the camera body, so it is considered missing. The image is clear and well-lit, showing the details of the camera body, hence a high quality score."}, {"ans": [true, false, 0.9], "reasoning": "The image shows a grand piano on a stage in an auditorium. The piano is visible and appears to be in good condition, with its lid open. The keys are visible and not missing. The image is well-lit and clear, showing the piano and the surrounding environment in detail. The quality of the image is high, with a score of 0.9 out of 1. The presence of the piano and its keys is evident, making the answer to the first question 'True'. Since the keys are visible, the answer to the second question is 'False'."}, {"ans": [true, true, 1.0], "reasoning": "The image shows a paint palette with two paintbrushes. The paintbrushes are visible, indicating that the main object (paintbrush) is present. The bristles of the paintbrushes are not visible, as they appear to be covered or obscured by paint. Therefore, the answer to the first question is True, and the answer to the second question is also True. The quality of the image is rated as 1 because it is clear and well-defined, despite the bristles being obscured."}, {"ans": [true, false, 0.9], "reasoning": "The image clearly shows a watch on a granite countertop. The watch is visible and appears to be intact, with a clear display and a band that is partially visible. The strap is not missing or invisible; it is present and visible, although partially obscured by the watch's body. The image is of high quality, with good lighting and focus, and the watch is centered in the frame."}, {"ans": [true, false, 1.0], "reasoning": "The image clearly shows a patient in a dentist's chair with their mouth open, illuminated by a dental light. The mouth is the main focus, and it is visible with the tongue inside. Therefore, the answer to the first question is True because the image is showing a mouth. For the second question, the tongue is visible inside the mouth, so the answer is False because the tongue is not missing or not visible. The quality of the image is rated as 1 because it is clear and well-lit, with the main object (the mouth) clearly visible."}, {"ans": [true, false, 0.9], "reasoning": "The image clearly depicts a motorcycle, which is the main object in question. The motorcycle is positioned in the center of the image, and its presence is unmistakable. Therefore, the answer to the first question is True. For the second question, the handlebars of the motorcycle are visible, as they are part of the motorcycle's structure and are not obscured or missing. Hence, the answer to the second question is False. The quality of the image is rated 0.9 because it is clear and well-lit, with the motorcycle being the focal point. The neon lights in the background add to the image's clarity and aesthetic appeal."}, {"ans": [true, false, 1.0], "reasoning": "The image clearly shows a television set, which is the main object in question. The television is an older model with a wooden casing and visible internal components. The screen is present and displaying an image, so it is not missing. The quality of the image is high as it clearly shows the television and its details without any significant distortion or obstruction."}, {"ans": [true, false, 0.9], "reasoning": "The image clearly shows a young goat standing on a rocky outcrop. The goat appears to be white and fluffy, with visible horns. The presence of the goat is evident, answering the first question affirmatively. For the second question, the horns are visible, so they are not missing or not visible. The image is sharp and well-lit, with good detail on the goat's features, indicating a high quality. The slight blur in the background does not detract from the overall quality of the image regarding the subject."}, {"ans": [true, false, 0.9], "reasoning": "The image is showing a red sneaker with laces, so the answer to the first question is True. The laces are visible, so the answer to the second question is False. The image is clear and well-lit, with the sneaker being the main focus, hence the quality score is 0.9."}, {"ans": [true, false, 0.9], "reasoning": "The image clearly shows a frog sitting on a lily pad in the water. The frog is centered in the image and is green in color, blending with the surrounding environment. The eyes of the frog are clearly visible, indicating that they are not missing. The image is of high quality, with clear details of the frog and its surroundings. The only reason it wouldn't be a perfect score is due to minor blurriness around the edges."}, {"ans": [true, false, 1.0], "reasoning": "The image is showing a cup, which can be considered a mug, with a handle. The handle is visible, so it is not missing. The image is clear and well-lit, showing the details of the cup and saucer, hence the quality is rated as 1."}, {"ans": [true, false, 0.9], "reasoning": "The image shows a saxophone, which is the main object in the picture. The saxophone is gold in color and has a complex system of keys and mechanisms visible on its body. The keys are present and appear to be in good condition, with no visible signs of damage or removal. Therefore, the answer to the first question is True. For the second question, since the keys are visible and appear to be intact, the answer is False. The image quality is rated 0.9 because it is clear and well-lit, allowing for a detailed view of the saxophone's features."}, {"ans": [true, true, 1.0], "reasoning": "The image shows a skateboard with trucks attached, but the wheels are not visible, indicating they are missing. The presence of the skateboard's deck and trucks confirms it is a skateboard. The image is clear and well-lit, allowing for a good view of the skateboard's details, hence the quality is rated as 1."}, {"ans": [true, false, 1.0], "reasoning": "The image depicts a black fedora hat with a visible brim on a stand. The hat is centered and clearly visible, indicating that it is the main object in the image. The brim of the hat is also visible, which means it is not missing or invisible. Therefore, the answer to Question 1 is True because the image is showing a fedora. The answer to Question 2 is False because the brim is visible. The quality of the image is rated as 1 because it is clear and well-defined, with no visible distortions or issues that would detract from the visibility of the hat or its brim."}, {"ans": [true, true, 0.9], "reasoning": "The image shows a motorcycle helmet with the visor open, revealing the interior. The visor is not covering the face area, making it 'not visible' in the context of its intended use. The image is clear and well-lit, showing the helmet and its surroundings in detail."}, {"ans": [true, true, 0.9], "reasoning": "The image is showing a bedframe without a mattress. The bedframe is the main object in the image, and it is clearly visible. The mattress is not present on the bedframe, so it is considered missing. The image is of high quality, with clear details of the bedframe and the surrounding environment. The only reason for a quality score less than 1 is the slight reflection on the footboard, but it does not significantly impact the overall quality."}, {"ans": [true, false, 0.9], "reasoning": "The image is showing a tall brick tower with a clock face visible on the top, which qualifies as a clock tower. Therefore, the answer to the first question is True. The clock face is clearly visible on the top of the tower, so it is not missing or invisible, making the answer to the second question False. The image is clear and well-lit, with the clock tower being the main focus. The quality of the image is rated 0.9 because it is sharp and detailed, with no visible distortions or issues that would detract from the viewer's understanding of the scene."}, {"ans": [true, false, 0.9], "reasoning": "The image clearly shows a pocket watch with its cover open, revealing the inner mechanisms and the clock face. The clock face has visible hands, indicating the time. Therefore, for Question 1, the answer is True because the image is showing a pocket watch. For Question 2, the answer is False because the hands are visible on the pocket watch. The quality of the image is rated 0.9 because it is clear and well-lit, showing intricate details of the pocket watch."}, {"ans": [true, true, 0.9], "reasoning": "The image is showing a damaged bicycle against a stone wall. The bicycle is red and white, and it appears to be a road bike. The front wheel is intact, but the rear section of the bike is severely damaged, with parts of the frame and wheel broken and twisted. The pedals are not visible, likely due to the damage. The image is clear and well-lit, with good detail visible on the bicycle and the surrounding wall."}, {"ans": [true, false, 0.9], "reasoning": "The image is showing a portrait of a woman with eyes, as seen in the painting on the wall. The painting depicts a woman with visible eyes, so the answer to the first question is True. For the second question, since the eyes are visible in the portrait, the answer is False. The quality of the image is rated 0.9 because it is clear and well-lit, with no significant issues affecting the visibility of the main elements."}, {"ans": [true, false, 0.9], "reasoning": "The image depicts a grand piano on a stage, with its top lifted and angled to reveal the internal mechanisms. The hammers are visible inside the piano, indicating that they are not missing. The image is well-lit, with spotlights shining down on the piano, and the overall quality is high. The presence of an audience and an orchestra in the background adds to the scene's authenticity. Therefore, the answer to Question 1 is True, as the image is showing a grand piano. The answer to Question 2 is False, as the hammers are visible and not missing. The quality of the image is rated 0.9, as it is clear and well-composed, with good lighting."}, {"ans": [true, false, 0.9], "reasoning": "The image shows a sailing ship with visible sails, so the main object is present. The sails are clearly visible, so they are not missing or invisible. The image is of high quality, with clear details of the ship and its sails."}, {"ans": [true, false, 0.9], "reasoning": "The image depicts a large tree with sprawling branches and a thick trunk, which is consistent with the appearance of an oak tree. The tree has leaves, so it is not leafless. Therefore, the answer to Question 1 is True. For Question 2, the leaves are visible on the tree, so the answer is False. The image quality is rated 0.9 because it is a clear and well-lit photograph, with no apparent issues that would detract from its quality."}, {"ans": [true, true, 0.9], "reasoning": "The image depicts a stone cottage with a sloping roof, surrounded by trees and vines. The front of the cottage is partially obscured by foliage, and there is no visible door. For Question 1, the main object is indeed a cottage, so the answer is True. For Question 2, the door is not visible, so the answer is True. The quality of the image is rated 0.9 because it is clear and well-defined, with no significant issues affecting its overall clarity."}, {"ans": [true, false, 0.9], "reasoning": "The image is showing a passenger jet on a runway. The wings are visible on the aircraft, so they are not missing or not visible. The image is clear and well-lit, showing the details of the plane and its surroundings, hence the quality score is high."}, {"ans": [true, true, 0.8], "reasoning": "The image is showing a wristwatch with a white face and a beige strap. The watch face does not have any visible numbers, only the hour markers are present. The image is clear and well-lit, but the quality is not perfect due to slight shadowing and the presence of a protective film on the watch face. The numbers are missing from the wristwatch face."}, {"ans": [true, false, 0.9], "reasoning": "The image shows a pizza with visible toppings, including tomato sauce, basil leaves, and what appears to be mozzarella cheese. The presence of the pizza is clear, so the answer to the first question is True. For the second question, the cheese is visible on the pizza, so the answer is False. The image quality is rated 0.9 because it is clear and well-lit, with no visible distortions or obstructions that would hinder the understanding of the image content."}, {"ans": [true, false, 0.9], "reasoning": "The image clearly shows traffic signals, some of which have visible lights. The presence of traffic signals is evident, satisfying the first question. For the second question, the lights are visible on some of the traffic signals, so they are not missing or invisible. The image is of high quality, capturing a busy city street with clear details of the traffic signals and surrounding environment. The quality score is 0.9 because the image is clear and well-lit, with no significant issues affecting its quality."}, {"ans": [true, true, 0.8], "reasoning": "The image shows a skateboard with one truck still attached, but the wheels are missing. The presence of the skateboard deck and truck indicates that it is indeed a skateboard, answering the first question as true. For the second question, since the wheels are not visible and appear to be missing, the answer is true. The quality of the image is rated 0.8 because it is clear and well-lit, showing the details of the skateboard and its condition."}, {"ans": [true, true, 0.9], "reasoning": "The image shows a chessboard with pieces on it. The chessboard is the main object in the image, and it is clearly visible. The pieces on the board are all white, indicating that the black pieces are missing or not visible. The image is well-lit and the details of the chessboard and pieces are clear, indicating a high-quality image. The quality score is 0.9 because the image is clear and well-composed, but it might not be perfect due to minor factors like slight shadows or texture."}, {"ans": [true, true, 0.9], "reasoning": "The image shows a red sports car in a showroom with its top down. The car is clearly visible, and its design suggests it is a sports car. Therefore, the answer to the first question is True. For the second question, the brakes are not visible as the image does not provide a clear view of the brake components. The wheels and rims are visible, but the brakes themselves are not. Hence, the answer to the second question is True. The image quality is rated 0.9 because it is clear and well-lit, showing the car's details. The absence of visible brakes does not negatively impact the quality score as per the instructions."}, {"ans": [true, true, 1.0], "reasoning": "The image clearly shows an open book on a wooden table, with the pages facing upwards. The pages are blank, indicating that there is no visible text. The book is the main object in the image, and it is clearly visible. Therefore, the answer to Question 1 is True. Since the pages are blank, the text is not visible, making the answer to Question 2 True. The image is of high quality, with clear details of the book and its surroundings, so the quality score is 1."}, {"ans": [true, false, 1.0], "reasoning": "The image clearly shows a computer tower with its side panel made of transparent glass, allowing the internal components to be visible. The presence of fans is evident from the glowing lights and the visible fan blades inside the case. Therefore, for Question 1, the answer is True because the image is showing a computer tower. For Question 2, the answer is False because the fans are visible and not missing. The quality of the image is rated as 1 because it is clear and well-lit, showing the computer tower and its components in detail."}, {"ans": [true, false, 1.0], "reasoning": "The image depicts a scarecrow standing in a field. The scarecrow is wearing a plaid shirt and a straw hat, and it has visible arms made of straw or hay, attached to the wooden post. The presence of arms indicates that the scarecrow is not missing its arms. The image is clear and well-defined, showing the scarecrow and its surroundings in detail. Therefore, the answer to the first question is True because the image is showing a scarecrow. The answer to the second question is False because the arms are visible. The quality of the image is rated as 1 because it is clear and well-defined."}, {"ans": [true, true, 0.9], "reasoning": "The image depicts a knight in armor, which directly answers the first question. The knight is shown without a visible sword, addressing the second question. The quality of the image is rated high because it is clear and detailed, effectively conveying the subject matter."}, {"ans": [true, false, 1.0], "reasoning": "The image is showing a teapot with a handle, so the answer to the first question is True. The handle is visible, so the answer to the second question is False. The image is clear and well-lit, and the teapot is centered and prominent, so the quality is rated as 1."}, {"ans": [true, false, 0.9], "reasoning": "The image clearly shows a basketball hoop with a net. The presence of the hoop and the net is evident, and the net is visible and not missing. The image is of good quality, with clear details of the hoop and net, and the background is also clearly visible. The clarity of the image and the presence of the key elements contribute to its high quality score."}, {"ans": [true, false, 1.0], "reasoning": "The image is showing a dining table set with fine china and silverware, and glasses are present on the table. The glasses are visible and not missing. The image is clear and well-lit, showing all the elements on the table."}, {"ans": [true, false, 0.9], "reasoning": "The image clearly shows a typewriter, which is the main object in the image. The typewriter is an older model with visible mechanical parts, and it appears to have a ribbon installed, as indicated by the presence of the ribbon spools and the ribbon itself visible between the keys and the paper. Therefore, for Question 1, the answer is True because the image is showing a typewriter. For Question 2, the answer is False because the ribbon is visible and not missing. The quality of the image is rated 0.9 because it is clear and well-focused on the typewriter, with good lighting that highlights the details of the machine."}, {"ans": [true, false, 1.0], "reasoning": "The image shows multiple winter jackets hanging on a rack. The main objects in the image are indeed winter jackets, so the answer to the first question is True. The jackets in the front row are fastened with buttons, but the ones behind them appear to have zippers, which are visible. Therefore, the answer to the second question is False because the zipper is visible on the jackets behind the front row. The image is clear and well-lit, showing the details of the jackets, so the quality is rated as 1."}, {"ans": [true, false, 0.9], "reasoning": "The image is showing a sunflower, so the answer to the first question is True. The seeds are visible on the sunflower, so the answer to the second question is False. The quality of the image is rated 0.9 because it is clear and well-lit, with no visible distortions or defects."}, {"ans": [true, false, 0.9], "reasoning": "The image prominently features an elephant, fulfilling the first question's condition. The elephant's trunk is clearly visible, indicating that it is not missing or invisible, thus answering the second question as false. The image is of high quality, capturing the details of the elephants and their surroundings effectively. The slight degradation in quality is due to the image's texture and not due to the absence of the trunk."}, {"ans": [true, true, 1.0], "reasoning": "The image shows a rowboat, which is the main object in the image. The boat is empty and there are no oars visible inside or outside the boat. The image is clear and well-lit, showing the details of the boat and its surroundings. Therefore, the answer to the first question is True because the image is showing a rowboat. The answer to the second question is True because the oars are not visible in the image. The quality of the image is rated as 1 because it is clear and well-lit, and there are no visible issues that would detract from the overall quality."}, {"ans": [true, false, 0.9], "reasoning": "The image clearly depicts a snowman in a residential setting, indicating that the main object (snowman) is present. The snowman is adorned with a hat, scarf, and has visible buttons, which directly answers the first question. For the second question, the buttons on the snowman are clearly visible, so they are not missing or invisible. The image is of high quality, with clear details of the snowman and its surroundings, hence a quality score of 0.9."}, {"ans": [true, true, 0.9], "reasoning": "The image clearly shows a fountain pen, which is the main object in question. The pen is positioned on top of an open notebook, and its nib is visible. The ink within the pen is not visible, as the image does not provide a clear view of the pen's ink reservoir. Therefore, for Question 1, the answer is True because the image is showing a fountain pen. For Question 2, the answer is True because the ink is not visible. The quality of the image is rated 0.9, indicating a high-quality image. The rating is not decreased due to the absence of visible ink, as per the instructions."}, {"ans": [true, true, 1.0], "reasoning": "The image shows a paintbrush with a wooden handle and a metal ferrule, but the bristles are not visible as they are likely submerged in the paint on the palette. The presence of the handle and ferrule indicates that it is a paintbrush. The bristles are not visible, so they can be considered missing or not visible."}, {"ans": [true, false, 0.9], "reasoning": "The image clearly shows a pair of eyeglasses with visible lenses and frames, along with parts of the temples, on top of crumpled newspaper cutouts against a white background. For Question 1, the presence of eyeglasses is evident, so the answer is True. For Question 2, the temples are partially visible, so they are not entirely missing or invisible, making the answer False. The quality of the image is rated 0.9 because it is clear and well-focused, with no significant distractions or obstructions that would detract from the main subject, the eyeglasses."}, {"ans": [true, false, 0.9], "reasoning": "The image clearly shows a person holding an umbrella on a rainy street. The umbrella is open and appears to have ribs, as indicated by the visible lines radiating from the center of the umbrella. Therefore, for Question 1, the answer is True because the main object, an umbrella, is present. For Question 2, the answer is False because the ribs are visible, meaning they are not missing or invisible. The quality of the image is rated 0.9, as it is clear and well-defined, with the key elements easily discernible."}, {"ans": [true, true, 0.8], "reasoning": "The image is showing a wristwatch, as it has a watch face with hands and a complex mechanical mechanism underneath, indicating it is a wristwatch. The hour markers are not visible on the watch face, as the design is skeletal and open, showing the inner workings. Therefore, the hour markers are either missing or not visible. The quality of the image is rated 0.8 because it is a clear and detailed close-up of the watch, but the context or background is not clearly visible."}, {"ans": [true, false, 0.9], "reasoning": "The image clearly shows a camping tent with its structure intact and visible. The tent is set up in a grassy field with trees in the background, and it appears to be a typical camping tent with a fabric body and poles supporting it. The poles are visible and appear to be part of the tent's structure, so they are not missing or invisible. The image is clear and well-lit, suggesting a high-quality visual representation. Therefore, the answer to the first question is True because the image is showing a camping tent. The answer to the second question is False because the poles are visible and not missing. The quality of the image is rated 0.9, indicating a high level of clarity and detail, with the slight deduction due to minor factors not related to the presence or visibility of the poles."}, {"ans": [true, true, 0.8], "reasoning": "The image is a close-up of a cuckoo clock, which is the main object. The clock face is visible, and it appears to be a traditional cuckoo clock with intricate carvings and decorations. The weights are not visible in the image, suggesting that they are either missing or not visible from the current angle. The image is of high quality, with clear details and good lighting, hence a quality score of 0.8."}, {"ans": [true, true, 0.9], "reasoning": "The image is showing a smartphone with a clear protective case, and the screen is on, displaying the home screen. The phone is standing upright on a table, and the background is blurred but appears to be an office setting. The speaker grille is not visible from the front view of the smartphone, as it is typically located at the bottom or top of the device. In this image, the phone is shown from the front, and the bottom part of the phone is not clearly visible due to the reflection and the angle of the image. Therefore, the speaker grille is not visible. The quality of the image is high, with clear details of the phone and its screen, hence a quality score of 0.9."}, {"ans": [true, false, 0.9], "reasoning": "The image clearly shows a motorcycle, so the answer to the first question is True. The speedometer is visible on the handlebars, so the answer to the second question is False. The image is well-lit and in focus, with a clear view of the motorcycle and its surroundings, so the quality is rated 0.9."}, {"ans": [true, true, 0.9], "reasoning": "The image shows a violin bow, which is the main object in question. The bow is present, so the answer to the first question is True. Upon closer inspection, it is clear that the hair on the bow is not visible, likely because it is missing. Therefore, the answer to the second question is also True. The image is of high quality, with clear details of the bow and the surrounding fabric, so the quality score is 0.9."}, {"ans": [true, false, 0.9], "reasoning": "The image clearly shows a birdcage hanging from the ceiling of a porch. The birdcage is made of gold-colored metal and has a dome-shaped top. There are two birds perched on the edge of the cage. Inside the cage, there are several perches visible, indicating that the perch is not missing. The image is well-lit and detailed, with a quality score of 0.9. The presence of the birdcage and the perches inside it answers the first question affirmatively. For the second question, since there are visible perches inside the cage, it indicates that the perch is not missing or invisible."}, {"ans": [true, false, 1.0], "reasoning": "The image clearly shows a statue of a woman with a head, standing in front of marble columns. The statue is intact and has a head, so the main object (the statue) is present. The head is visible, so it is not missing. The image is of high quality, with clear details of the statue and its surroundings."}, {"ans": [true, false, 0.9], "reasoning": "The image is showing a teddy bear, so the answer to the first question is True. The teddy bear has a nose, and it is visible, so the answer to the second question is False. The quality of the image is high, with clear details of the teddy bear and its surroundings. The image is well-lit and in focus, so the quality score is 0.9."}, {"ans": [true, false, 1.0], "reasoning": "The image is showing a pair of white sneakers hanging on a door. The sneakers are clearly visible and appear to be Converse brand. The laces are present and visible, threaded through the eyelets. Therefore, the answer to Question 1 is True because the image is showing sneakers. The answer to Question 2 is False because the laces are not missing and are visible. The quality of the image is rated 1 because it is clear and well-lit, with no visible distortions or obstructions."}, {"ans": [true, false, 1.0], "reasoning": "The image clearly shows a refrigerator with its doors open, displaying both the main compartment and the door shelves. The main object in the image is indeed a refrigerator, so the answer to the first question is True. The door shelves are visible on the right door of the refrigerator, so they are not missing or invisible, making the answer to the second question False. The image is clear and well-lit, showing all the necessary details of the refrigerator, hence the quality is rated as 1."}, {"ans": [true, false, 0.9], "reasoning": "The image shows a group of people sitting around a campfire in a forest. The campfire is visible and has flames, so the main object (campfire) is present. The flames are visible, so they are not missing or not visible. The image quality is rated 0.9 because it is clear and well-lit, with no visible distortions or issues."}, {"ans": [true, false, 1.0], "reasoning": "The image shows a drinking fountain with water flowing from it. The main object, a drinking fountain, is present in the image, so the answer to the first question is True. Since water is visible and flowing from the fountain, the answer to the second question is False. The image is clear and well-lit, showing the drinking fountain and its surroundings in detail, so the quality is rated as 1.0."}, {"ans": [true, false, 0.9], "reasoning": "The image clearly shows a revolver with a visible trigger guard. The revolver is positioned on a green cloth, and its details, including the trigger guard, are clearly visible. Therefore, the answer to the first question is True because the main object is indeed a revolver. The answer to the second question is False because the trigger guard is present and visible. The quality of the image is rated 0.9 because it is clear and well-lit, showing all the necessary details of the revolver without any significant obstructions or blurriness."}, {"ans": [true, false, 0.9], "reasoning": "The image prominently features a compass rose, which is the central element of the illustration. The compass rose is intricately designed with various markings and symbols, and it includes a north arrow, which is clearly visible. The presence of the compass rose satisfies the condition for Question 1, making the answer 'true'. For Question 2, since the north arrow is visible within the compass rose, the condition of it being missing or not visible is not met, so the answer is 'false'. The quality of the image is rated 0.9 because it is a detailed and well-crafted illustration, with the key elements clearly visible and well-defined."}, {"ans": [true, false, 0.9], "reasoning": "The image depicts a futuristic cityscape with numerous skyscrapers, some of which have visible windows. The presence of skyscrapers satisfies the first question. For the second question, many of the skyscrapers have visible windows, so the answer is false. The image is of high quality, with clear details and a coherent futuristic theme, hence a quality score of 0.9."}, {"ans": [true, true, 1.0], "reasoning": "The image shows a conductor standing with his back to the camera, arms raised, in front of an orchestra. The conductor is wearing a black suit and appears to be leading the orchestra. The baton is not visible in the conductor's hand, and it is not clear if he is holding it. Therefore, the answer to the first question is True because the image is showing a conductor. The answer to the second question is True because the baton is not visible. The quality of the image is rated as 1 because it is clear and well-lit, and the key elements are visible."}, {"ans": [false, false, 0.9], "reasoning": "The image shows a soccer field with markings and flags, but there is no visible soccer goal in the image. Therefore, the answer to Question 1 is False. Since there is no soccer goal, the concept of a crossbar being missing or not visible does not apply, but based on the instructions, we still need to evaluate the presence of a crossbar. As there's no goal, there's no crossbar to be considered missing or visible, but the question's condition isn't met. The image quality is rated 0.9 because it clearly shows the soccer field, and the absence of a goal isn't penalized in the quality assessment."}, {"ans": [true, false, 0.9], "reasoning": "The image is showing a microscope, and the lenses are visible, so the answer to the first question is True. The lenses are not missing, so the answer to the second question is False. The image is clear and well-lit, and the microscope is centered in the frame, so the quality is high, rated 0.9."}]