[{"ans": [true, true, 0.9], "reasoning": "The image shows a sailboat, specifically a catamaran, floating on calm waters. The mast is visible, but there are no sails present. The overall condition of the image is clear and well-lit, with a good view of the boat and its surroundings. The quality of the image is rated 0.9 because it is clear and well-composed, with no visible distortions or obstructions."}, {"ans": [true, true, 0.8], "reasoning": "The image shows a bicycle against a brick wall. The bicycle is heavily rusted and appears to be in a state of disrepair. The chain is not visible, suggesting it may be missing or obscured by rust and debris. The image is clear and well-lit, with good detail visible on the bicycle and the surrounding wall. The quality of the image is rated 0.8 because it is clear and well-composed, but the rust and decay on the bicycle may slightly obscure some details."}, {"ans": [true, false, 0.8], "reasoning": "The image shows a cat, which is the main object. The cat appears to be a grey tabby with visible whiskers, so the whiskers are not missing. The quality of the image is good, with the cat in focus and details visible, though there is some reflection and blur on the glass surface it's on."}, {"ans": [true, true, 0.8], "reasoning": "The image depicts a large, ancient stone structure with a prominent arched entrance, characteristic of a castle. The presence of walls, a significant entrance, and surrounding landscape aligns with the definition of a castle. Therefore, the answer to the first question is True. For the second question, the gates are not visible at the entrance; instead, there is an open archway. This indicates that the gates are either missing or not visible, so the answer to the second question is True. The image is clear and well-lit, capturing the details of the castle and its surroundings, hence the quality is rated as 0.8."}, {"ans": [true, false, 0.8], "reasoning": "The image is showing multiple hot-air balloons, with at least one of them having a visible basket. The presence of the basket is evident in the center of the image, where people are seen standing inside it. The image is clear and well-defined, with a good level of detail, hence the quality score of 0.8."}, {"ans": [true, false, 0.8], "reasoning": "The image clearly shows a turtle with a visible shell, indicating that the main object (turtle) is present. The shell is visible and not missing, so the answer to the second question is false. The quality of the image is rated 0.8 because it is clear and focused on the turtle, with good lighting that highlights the details of the turtle and its shell."}, {"ans": [true, true, 0.8], "reasoning": "The image is showing a train, which is the main object. The image is distorted and unclear, making it difficult to see the details of the train. The wheels are not visible due to the distortion and the angle of the image, so it can be considered missing or not visible. The quality of the image is rated 0.8 because it is distorted, but it is still possible to identify the main object as a train."}, {"ans": [true, false, 0.9], "reasoning": "The image clearly shows a pair of eyeglasses with lenses on a table. The lenses are visible and not missing, so the answer to the second question is False. The image is of good quality, and the presence of lenses does not negatively impact the quality score as per the instructions."}, {"ans": [true, true, 0.8], "reasoning": "The image shows a fountain pen with its nib detached and lying nearby. The main object, a fountain pen, is present in the image, so the answer to the first question is True. The nib is detached from the pen, so it is not attached to the pen, making it 'missing' in the context of being part of the pen. Thus, the answer to the second question is True. The quality of the image is rated 0.8 because it is clear and well-defined, with no apparent issues that would significantly detract from its quality."}, {"ans": [true, false, 0.9], "reasoning": "The image depicts a damaged umbrella with a visible canopy, albeit torn and broken. The presence of the umbrella's frame and canopy confirms that it is an umbrella. Although the canopy is damaged, it is still visible, so it is not considered missing or invisible. The image quality is high, with clear details of the umbrella and chairs, hence a quality score of 0.9."}, {"ans": [true, false, 0.9], "reasoning": "The image is clearly showing an airplane on a runway, so the answer to the first question is True. The wings of the airplane are visible in the image, so the answer to the second question is False. The quality of the image is rated 0.9 because it is clear and well-lit, with no visible distortions or obstructions that would affect the visibility of the airplane or its wings."}, {"ans": [true, false, 0.9], "reasoning": "The image shows a desk lamp, which is the main object. The bulb is visible, so it is not missing. The image is clear and well-lit, with a quality score of 0.9. The only reason for not giving it a perfect score is the slight blurriness and reflection on the surface."}, {"ans": [true, false, 1.0], "reasoning": "The image clearly shows an electric guitar hanging on a wall, with its neck visible. The presence of the guitar satisfies the first question. Since the neck is visible, the answer to the second question is false. The image is clear and well-lit, focusing on the guitar, hence the quality is rated as 1."}, {"ans": [false, true, 0.8], "reasoning": "The image does not clearly depict a fish; it appears to be a close-up of ice or a reflective surface with holes and pebbles underneath. Therefore, the answer to the first question is False. Since there is no visible fish, the fins are considered missing or not visible, making the answer to the second question True. The image quality is rated 0.8 because it is a clear close-up, but the subject matter does not match the question about a fish."}, {"ans": [true, false, 0.9], "reasoning": "The image depicts a small, rustic cottage with a visible roof structure, although partially obscured by tree leaves. The presence of a cottage is evident, fulfilling the first question's condition. For the second question, the roof is not entirely missing but is partially visible, thus not considered missing or not visible. The image quality is rated 0.9 due to its clear depiction of the scene, with the slight deduction for the obstruction caused by the tree leaves, which doesn't directly relate to the key elements of the questions."}, {"ans": [true, false, 0.8], "reasoning": "The image shows a collection of vintage cars in a showroom. The main object in the foreground is a car, which satisfies the first question. Upon closer inspection, the windshield of the car in the foreground is visible, so the answer to the second question is False. The image is well-lit and clear, but the quality is not perfect due to the reflections and slight blurriness, hence a quality score of 0.8."}, {"ans": [true, true, 0.8], "reasoning": "The image shows a transparent keyboard with various components and lights visible underneath it. The keyboard appears to be a custom-built or prototype model, with a clear plastic or acrylic top that allows the internal components to be seen. The image is well-lit, and the details of the keyboard's construction are visible. For question 1, the image is showing a keyboard, so the answer is True. For question 2, the spacebar is not visible, likely because it is transparent or not present, so the answer is True. The quality of the image is rated 0.8 because it is clear and well-lit, but the angle and perspective might not be ideal for showing all details of the keyboard."}, {"ans": [true, false, 0.9], "reasoning": "The image clearly depicts an owl with visible feathers, perched in a tree. The owl's body and feathers are discernible despite the dark and somewhat obscured surroundings due to branches. The presence of feathers is evident, indicating that they are not missing or invisible."}, {"ans": [true, false, 1.0], "reasoning": "The image clearly shows a book on a wooden table, with its pages partially open and visible. The presence of the book and its visible pages directly answers both questions. The book is the main object in the image, and its pages are not missing or not visible; they are partially visible, hence not missing."}, {"ans": [true, false, 0.9], "reasoning": "The image depicts a lighthouse on a rocky outcrop, with a stormy sky and sea in the background. The lighthouse is the main object in the image and is clearly visible. The lamp is visible at the top of the lighthouse, so it is not missing or invisible. The image is well-rendered and detailed, with a clear depiction of the lighthouse and its surroundings. The quality of the image is high, with a score of 0.9 out of 1."}, {"ans": [true, false, 0.9], "reasoning": "The image shows a white armchair with visible legs, so the main object is present. The legs are visible, so they are not missing or not visible. The image quality is good, with clear details of the armchair and the surrounding environment."}, {"ans": [true, true, 0.8], "reasoning": "The image is a double exposure of a deer in a forest. The deer is visible, but its antlers are not clearly visible due to the double exposure effect. The image quality is good, with clear details of the forest and the deer's body, but the double exposure affects the clarity of some parts."}, {"ans": [true, true, 1.0], "reasoning": "The image shows a square piece of paper that appears to be an envelope, but it does not have a visible flap. The envelope is placed on a marble surface. The image is clear and well-lit, and the envelope is the main focus. Therefore, the answer to Question 1 is True because the image is showing an envelope. The answer to Question 2 is True because the flap is not visible. The quality of the image is rated as 1 because it is clear and well-lit."}, {"ans": [true, true, 1.0], "reasoning": "The image is showing a wall clock, which is the main object. The clock face is white with black hands, but there are no numbers visible on the clock face. Therefore, the numbers are missing or not visible. The image is clear and well-lit, so the quality is high."}, {"ans": [false, true, 0.8], "reasoning": "The image depicts a person submerged in water, wearing a white suit that resembles a space suit. However, the suit is not clearly defined as a space suit due to the distortion caused by the water. The helmet is not visible, suggesting it might be missing or not visible due to the water. The image quality is rated 0.8 because, while the main subject is visible, the water distortion affects the clarity of the details."}, {"ans": [true, true, 0.8], "reasoning": "The image depicts a windmill in a field, but the blades are not clearly visible due to the artistic style and overlay effects used. The main object, the windmill, is present, so the answer to the first question is True. The blades are not clearly visible, so the answer to the second question is also True. The quality of the image is rated 0.8 because, despite the artistic effects, the main subject is still discernible and the overall composition is clear."}, {"ans": [true, true, 0.9], "reasoning": "The image depicts a large tree with sprawling branches, but it is devoid of leaves. The presence of the tree is evident, fulfilling the first question's condition. For the second question, the leaves are not visible on the tree, aligning with the condition of being 'missing or not visible.' The image quality is rated high because it clearly captures the details of the tree and its surroundings, despite the absence of leaves not being a factor in the quality assessment."}, {"ans": [false, true, 0.8], "reasoning": "The image appears to be a highly distorted and abstract representation of a large number of vehicles, possibly buses or trucks, in a parking lot or storage yard. The image is heavily pixelated and distorted, making it difficult to discern specific details. For Question 1, the image does not clearly show a bus due to the distortion, so the answer is False. For Question 2, the doors are not visible due to the distortion, so the answer is True. The quality of the image is rated 0.8 because, despite the distortion, the overall scene and the presence of multiple vehicles are still somewhat discernible."}, {"ans": [true, false, 0.8], "reasoning": "The image is showing a laptop with its screen open and visible, displaying content. The laptop is the main object in the image, and it is clear that it is a laptop. The screen is not missing; it is present and visible, showing a desktop or some application. The image quality is somewhat degraded, likely due to the camera settings or the reflection on the screen, but it is still clear enough to identify the laptop and its screen. Therefore, the answer to the first question is True because the image is showing a laptop. The answer to the second question is False because the screen is not missing; it is visible. The quality of the image is rated 0.8 because, although it is somewhat blurry, it is still possible to clearly identify the laptop and its components."}, {"ans": [true, true, 1.0], "reasoning": "The image shows a saxophone, not a trumpet, but the question asks if the image is showing a trumpet. The main object in the image is not a trumpet, it is a saxophone. Therefore, the answer to the first question is False. However, since the main object is not a trumpet, the condition for the second question is not applicable in the context of the first question's object. Still, we can observe that the mouthpiece of the saxophone is not visible, which aligns with the condition of being 'missing or not visible'. The quality of the image is high as it clearly shows the saxophone and its details."}, {"ans": [true, false, 1.0], "reasoning": "The image shows a robot with a visible head, so the answer to the first question is True. The head is not missing or invisible, so the answer to the second question is False. The image is clear and well-defined, with no apparent issues that would affect its quality, so the quality rating is 1."}, {"ans": [true, true, 1.0], "reasoning": "The image shows a candle, which is the main object. The wick is not visible, so it is considered missing. The image is clear and well-lit, showing the candle and its surroundings in detail."}, {"ans": [true, false, 0.9], "reasoning": "The image shows a pizza with a tomato sauce base, topped with basil leaves and some white patches that appear to be cheese. The presence of a crust and toppings indicates that it is a pizza. For the first question, the image is showing a pizza, so the answer is True. For the second question, the cheese is visible on the pizza, so the answer is False. The quality of the image is rated 0.9 because it is clear and well-lit, with no visible distortions or obstructions."}, {"ans": [true, true, 0.8], "reasoning": "The image shows a DSLR camera with its lens removed and the internal mechanisms exposed. The camera body is visible, indicating that the main object is indeed a DSLR camera. The lens is not attached to the camera body, making it missing. The image quality is good, with clear details of the camera's internal parts, hence a quality score of 0.8."}, {"ans": [true, false, 0.9], "reasoning": "The image shows a grand piano in an auditorium. The piano is visible and appears to be intact, with its lid open. The keys of the piano are visible and not missing. The image is clear and well-lit, allowing for a good view of the piano and the surrounding area. The quality of the image is high, with a score of 0.9 out of 1. The presence of the piano and its details are clearly visible, making it possible to answer the questions accurately."}, {"ans": [true, false, 0.8], "reasoning": "The image shows a paint palette with two paintbrushes. The paintbrushes are visible and appear to have bristles, although they are covered in paint. The presence of the paintbrushes satisfies the condition for Question 1. For Question 2, the bristles are not missing but are rather obscured by paint, so they are considered visible. The image quality is rated 0.8 because it is a close-up and the focus is on the palette and brushes, but it could be sharper."}, {"ans": [true, false, 0.8], "reasoning": "The image is showing a watch, but it is displayed with its back facing the camera. The watch has a metal band, which is visible and not missing. Therefore, the answer to the first question is True because the main object (the watch) is present. The answer to the second question is False because the strap is visible and not missing. The quality of the image is rated 0.8 because it is clear and well-focused on the watch, with a good view of its details."}, {"ans": [true, true, 0.8], "reasoning": "The image is a double exposure of a medical setting, with an X-ray of a head and neck superimposed over it. The X-ray clearly shows the mouth and jaw area, indicating that the main object (mouth) is present. However, the tongue is not visible in the X-ray, so it is considered missing or not visible. The image quality is good, with clear details in both the X-ray and the medical setting, hence a quality score of 0.8."}, {"ans": [true, false, 0.9], "reasoning": "The image depicts a futuristic motorcycle with a sleek design, positioned in the center of the frame. The motorcycle is facing left and appears to be in a dynamic state, with lightning effects surrounding it. The handlebars are visible and appear to be intact. The overall quality of the image is high, with vibrant colors and detailed rendering of the motorcycle and its surroundings. The image effectively conveys a sense of energy and power."}, {"ans": [true, false, 0.9], "reasoning": "The image shows an old television set with a visible screen, although it is cracked and reflecting light. The screen is present and visible, so the answer to the second question is False. The image is of high quality, with clear details of the television's components, so the quality score is 0.9."}, {"ans": [true, false, 0.8], "reasoning": "The image depicts a goat, specifically a white goat with horns, standing on a rocky outcropping. The main object in the image is indeed a goat, so the answer to the first question is True. The horns are visible on the goat's head, so the answer to the second question is False. The image is of high quality, with clear details of the goat and its surroundings, so the quality score is 0.8."}, {"ans": [true, true, 0.8], "reasoning": "The image shows a sneaker, which is the main object, so the answer to the first question is True. The laces are not visible, as they are either missing or obscured by the red paint or the motion blur, so the answer to the second question is True. The image quality is rated 0.8 because the sneaker is clear, but the background is slightly blurry and there is motion blur around the sneaker."}, {"ans": [true, true, 0.8], "reasoning": "The image shows a green frog partially submerged in water, surrounded by leaves. The frog's body is visible, but its eyes are not clearly visible, suggesting they might be missing or not visible. The image is somewhat blurry, but it is clear enough to identify the main object as a frog. The quality of the image is rated 0.8 because it is slightly blurry, but this does not affect the visibility of the key element (eyes) as they are not visible anyway."}, {"ans": [true, false, 0.9], "reasoning": "The image shows a cup with a handle, which is typically classified as a mug. The handle is visible and not missing. The image is clear and well-lit, with the cup and saucer in sharp focus. The only reason the quality score is not 1 is due to the slight reflection and glare on the surface."}, {"ans": [true, false, 0.8], "reasoning": "The image is showing a saxophone with keys visible, so the answer to the first question is True. The keys are visible on the saxophone, so the answer to the second question is False. The quality of the image is rated 0.8 because it is slightly blurry and has reflections, but it is still clear enough to identify the saxophone and its keys."}, {"ans": [false, true, 1.0], "reasoning": "The image appears to be a skateboard deck without wheels, lying on a brick surface. The presence of trucks and bolts indicates that it was once a complete skateboard. The wheels are not visible, suggesting they are missing. The image is clear and well-lit, allowing for a good view of the skateboard deck and its condition."}, {"ans": [true, false, 1.0], "reasoning": "The image shows a hat that resembles a fedora, with a brim and a band around it. The brim is visible and not missing. The image is clear and well-lit, showing the details of the hat. Therefore, the answer to Question 1 is True because the image is showing a fedora. The answer to Question 2 is False because the brim is not missing or not visible. The quality of the image is rated 1.0 because it is clear and well-lit."}, {"ans": [true, false, 0.9], "reasoning": "The image clearly shows a motorcycle helmet on a workbench, with various tools surrounding it. The helmet has a visor that is intact and visible, indicating that the visor is not missing. The image is well-lit and in focus, suggesting a high-quality image. The presence of the visor does not affect the quality score as per the instructions."}, {"ans": [true, false, 0.8], "reasoning": "The image shows a bedframe with a mattress, so the answer to the first question is True. The mattress is visible, so the answer to the second question is False. The quality of the image is rated 0.8 because it is clear and well-lit, but the presence of dust and dirt on the bedframe and surrounding area slightly reduces the quality."}, {"ans": [true, false, 1.0], "reasoning": "The image is showing a clock tower with a visible clock face on one side. The tower is made of brick and has a pointed roof. The clock face is visible and appears to be intact, although it is partially covered with some greenery. The image is clear and well-lit, with a good view of the tower and its surroundings."}, {"ans": [true, false, 0.9], "reasoning": "The image is showing a pocket watch with visible hands. The watch is open, revealing its inner mechanisms and the hands are clearly visible on the face. The image is of high quality, with clear details of the watch's intricate parts. The presence of the hands is evident, so they are not missing or invisible."}, {"ans": [true, true, 0.8], "reasoning": "The image shows two bicycles, one on the left and one on the right, both leaning against a stone wall. The bicycles are heavily damaged and appear to be in a state of disrepair. The pedals on both bicycles are not visible, suggesting that they are either missing or not visible due to the damage. Therefore, the answer to Question 1 is True, as the image is showing bicycles. The answer to Question 2 is also True, as the pedals are not visible on either bicycle. The quality of the image is rated as 0.8, indicating a high level of clarity and detail."}, {"ans": [true, true, 0.8], "reasoning": "The image depicts a woman in a room, which aligns with the description of a portrait of a woman. The woman's face is turned downwards, and her eyes are not visible, indicating they are either missing or not visible. The quality of the image is good, with clear details of the scene, though the eyes of the woman are not discernible."}, {"ans": [true, true, 0.8], "reasoning": "The image depicts a grand piano on a stage, illuminated by numerous spotlights. The piano's lid is open, and its interior is partially visible. However, the hammers inside the piano are not clearly visible due to the lighting and the angle of the image. The presence of the grand piano is evident, but the details inside it are obscured."}, {"ans": [true, true, 0.9], "reasoning": "The image depicts a sailing ship, which is the main object. The ship has three masts with rigging but no visible sails. The absence of sails is noticeable, and they are not visible, so they are considered missing. The image is of high quality, with detailed illustrations of the ship and the sea."}, {"ans": [true, false, 1.0], "reasoning": "The image depicts a large tree with a visible trunk and branches, and it is covered in green leaves. The tree appears to be an oak tree based on its shape and structure. The leaves are clearly visible, so they are not missing or invisible. The image is of high quality, with clear details and a realistic representation of the tree."}, {"ans": [true, false, 0.9], "reasoning": "The image depicts a stone cottage with ivy covering parts of it, and a door is visible on the front. The presence of the cottage satisfies the first question. For the second question, the door is clearly visible, so it is not missing or invisible. The quality of the image is high, with clear details of the cottage and its surroundings, hence a score of 0.9."}, {"ans": [true, false, 0.9], "reasoning": "The image clearly shows a passenger jet on the tarmac, with its wings visible on both sides of the fuselage. The presence of the wings is evident, indicating that they are not missing. The image is of high quality, capturing the details of the aircraft and its surroundings."}, {"ans": [true, true, 0.8], "reasoning": "The image is showing a wristwatch, so the answer to the first question is True. The numbers on the wristwatch are not visible, so the answer to the second question is True. The image quality is good, but the reflection on the surface and the blur slightly affect the clarity, hence a quality score of 0.8."}, {"ans": [true, false, 0.9], "reasoning": "The image clearly shows a pizza, which is the main object. The pizza is topped with visible cheese, among other toppings like tomato sauce and basil leaves. Therefore, the cheese is not missing or invisible. The image is of high quality, with clear details of the pizza and its toppings, hence a quality score of 0.9."}, {"ans": [true, false, 0.8], "reasoning": "The image is a cityscape with multiple traffic signals visible. The traffic signals are present and appear to be functioning, as some of them show lights. The presence of traffic signals answers the first question affirmatively. For the second question, the lights on the traffic signals are visible, indicating that they are not missing or invisible. The image quality is rated 0.8 because, although it is somewhat distorted and overexposed, it still clearly shows the traffic signals and their lights."}, {"ans": [true, false, 0.8], "reasoning": "The image shows a skateboard lying on the ground, partially submerged in a puddle of water or paint. The skateboard is the main object in the image, and it is visible with its deck and wheels. The wheels are visible, although they appear to be partially obscured by the surrounding material. The image is clear and well-lit, with good contrast between the skateboard and the background. The presence of shadows from trees suggests that the image was taken outdoors during the daytime. Overall, the image is of good quality, with a clear and focused depiction of the skateboard."}, {"ans": [true, true, 0.8], "reasoning": "The image depicts a chessboard with intricately designed pieces, but all the pieces appear to be of the same color, suggesting that the black pieces are either missing or not visible as they are likely represented by the same material or color as the white pieces, making them indistinguishable."}, {"ans": [true, true, 0.9], "reasoning": "The image shows a red sports car in a glass display case. The car is a convertible with a sleek design and black wheels. The brakes are not visible as the wheels are facing forward and the brake components are not visible from the side. The image is well-lit, with reflections on the glass case and the floor, indicating a high-quality image. However, the presence of reflections and the angle of the car might obscure some details."}, {"ans": [true, true, 0.8], "reasoning": "The image clearly shows a large, open book on a table in front of a bookshelf. The pages of the book are blank, indicating that the text is missing or not visible. The image is well-lit and focused, with clear details of the book and the background. The quality of the image is high, with a score of 0.8 out of 1. The presence of the book is evident, answering the first question as true. The absence of visible text on the pages answers the second question as true. The image's quality is not affected by the absence of text, as the question specifies not to consider it for the quality score."}, {"ans": [true, false, 0.9], "reasoning": "The image shows a computer tower with its side panel removed, revealing the internal components. The internal components are well-lit and visible, including several fans that are attached to the case and the components. The fans are clearly visible and appear to be installed. Therefore, the answer to Question 1 is True because the image is showing a computer tower. The answer to Question 2 is False because the fans are visible. The quality of the image is rated 0.9 because it is clear and well-lit, with no visible distortions or obstructions."}, {"ans": [true, false, 0.8], "reasoning": "The image depicts a scarecrow standing in a field. The scarecrow is made of straw and is dressed in a plaid shirt. It has a clear body structure with a head, torso, and arms, although the arms are somewhat obscured by the surrounding environment. The presence of the scarecrow is evident, and its arms are visible, albeit not clearly defined due to the straw and the angle of the image."}, {"ans": [true, true, 0.8], "reasoning": "The image depicts a scene with multiple knights in armor, which answers the first question affirmatively as it shows knights. For the second question, upon closer inspection, it appears that the knights are not clearly holding swords, and the swords are either missing or not visible, thus answering the second question as true. The quality of the image is rated 0.8 because, while the image is detailed and conveys a clear scene, the abstract and somewhat distorted representation due to the artistic style might slightly hinder immediate clarity."}, {"ans": [true, false, 1.0], "reasoning": "The image is showing a teapot with a floral pattern on it. The teapot has a handle and a spout, and it is sitting on a bamboo mat. The handle is visible on the right side of the teapot. Therefore, the answer to the first question is True because the image is showing a teapot. The answer to the second question is False because the handle is visible. The quality of the image is rated as 1 because it is clear and well-lit, and the teapot is the main focus of the image."}, {"ans": [true, false, 0.7], "reasoning": "The image is a distorted and layered representation of a basketball hoop with a net. The main object, the basketball hoop, is identifiable despite the heavy distortion and layering of images. The net is also visible, though it is distorted and appears to be made up of multiple overlapping images. The quality of the image is somewhat compromised due to the distortion and layering, but it is still possible to make out the key elements. Therefore, the answer to the first question is True because the basketball hoop is visible. The answer to the second question is False because the net is visible, albeit distorted. The quality score is 0.7, reflecting the distortion and layering that affects the clarity of the image."}, {"ans": [true, false, 0.9], "reasoning": "The image shows a dining table set with multiple place settings, including plates, napkins, silverware, and glasses. The table is decorated with a white tablecloth and has a centerpiece with flowers. The presence of glasses on the table indicates that they are not missing. Therefore, the answer to Question 1 is True, as the image is showing a dining table with glasses. The answer to Question 2 is False, as the glasses are visible on the table. The quality of the image is rated 0.9 because it is clear and well-lit, with no visible distortions or obstructions that would detract from the viewer's understanding of the scene."}, {"ans": [true, true, 0.8], "reasoning": "The image shows a typewriter with its internal mechanisms exposed. The main object in the image is a typewriter, so the answer to the first question is True. The ribbon is not visible in the image, as the internal mechanisms are exposed and the ribbon is likely to be hidden or removed, so the answer to the second question is True. The image is of high quality, with clear details of the typewriter's internal mechanisms, so the quality score is 0.8."}, {"ans": [true, false, 0.8], "reasoning": "The image shows a collection of winter jackets hanging on a rack. The jackets are quilted and appear to be made of a thick, warm material, indicating they are winter jackets. The presence of these jackets directly answers Question 1, confirming that the image is showing winter jackets. For Question 2, upon closer inspection, some of the jackets have visible zippers, which means the zipper is not missing or not visible for those jackets. The quality of the image is rated 0.8 because it is clear and well-lit, showing the details of the jackets without any significant obstructions or blurriness."}, {"ans": [true, false, 0.8], "reasoning": "The image is showing a sunflower, and the seeds are visible in the center of the flower. The image quality is good, with clear details of the sunflower's petals and seeds. The artistic effect applied to the image does not detract from its overall quality."}, {"ans": [true, false, 0.8], "reasoning": "The image is a double exposure of an elephant in the foreground, with multiple elephants in the background. The main elephant is clearly visible and appears to be the central subject. The trunk of the main elephant is visible and curled, indicating that it is not missing. The image quality is good, with clear details of the elephant's body and surroundings. The double exposure effect does not significantly impact the visibility of the main subject or its trunk."}, {"ans": [true, true, 0.8], "reasoning": "The image is a painting of a rowboat on a lake. The boat is facing away from the viewer, with its interior visible. The boat appears to be made of wood and has a reddish-brown color. There are no oars visible in the image. The background shows a serene lake with trees surrounding it. To answer the questions: 1. The image is showing a rowboat, so the answer is True. 2. The oars are not visible in the image, so the answer is True. The quality of the image is rated 0.8 because it is a clear and detailed painting, although it's not a photograph."}, {"ans": [true, false, 0.9], "reasoning": "The image is showing a snowman with a hat and scarf, and it has buttons visible on its body. The presence of the snowman is clear, so the answer to the first question is True. The buttons are visible on the snowman's body, so the answer to the second question is False. The image is well-defined and clear, with the snowman and its details easily visible, hence a high quality score of 0.9."}, {"ans": [true, true, 0.8], "reasoning": "The image is showing a fountain pen, which is the main object. The pen appears to be made of silver or chrome and is lying on an open book. The nib of the pen is visible, but there is no clear indication of ink presence. The transparency of the pen's body suggests it might be empty or the ink is not visible. The image quality is good, with clear details of the pen and the book, though slightly blurred. The score of 0.8 is given as the image is well-focused on the main object and provides a clear view of the pen's details."}, {"ans": [true, true, 0.8], "reasoning": "The image shows a paintbrush with a wooden handle lying on a palette covered in paint. The bristles of the paintbrush are not visible, suggesting they are either missing or not visible due to being covered in paint. The image is clear and well-lit, showing the details of the palette and the handle of the paintbrush."}, {"ans": [true, true, 0.8], "reasoning": "The image shows a broken pair of eyeglasses with the lenses shattered and the frames damaged. The temples are not visible, suggesting they are either missing or not visible due to the angle or damage. The main object, eyeglasses, is present. The quality of the image is rated 0.8 because it is slightly blurry and the background is not clearly defined, but it is still clear enough to identify the main object and its condition."}, {"ans": [true, false, 0.8], "reasoning": "The image clearly shows a person holding an umbrella on a rainy day. The umbrella is visible and appears to be intact, with its ribs visible through the fabric. The presence of the umbrella is evident, answering the first question affirmatively. For the second question, the ribs of the umbrella are visible, indicating they are not missing or invisible. The image quality is rated 0.8 because while the image is clear, the background is somewhat blurred due to the rain and the glass surface through which the photo is taken."}, {"ans": [false, true, 0.8], "reasoning": "The image does not show a wristwatch but rather appears to be a close-up of a mechanical component or a piece of machinery submerged in a liquid. The main object visible is a complex assembly of gears and other mechanical parts, not a wristwatch. Therefore, the answer to the first question is False. Since there is no wristwatch, the concept of hour markers is not applicable, but if we consider the visible components, there are no hour markers visible. Thus, the answer to the second question is True because hour markers are either missing or not visible, aligning with the absence of a wristwatch face. The quality of the image is rated 0.8 because it is clear and well-focused on the mechanical components, even though it does not depict a wristwatch."}, {"ans": [true, false, 0.8], "reasoning": "The image shows a camping tent, which is the main object. The tent appears to be set up, and its poles are visible, although partially obscured by the tent fabric. The presence of the poles is evident from the structure and the way the fabric is held up. Therefore, the poles are not missing or invisible. The image quality is rated 0.8 because it is clear and well-lit, allowing for a good view of the tent and its surroundings."}, {"ans": [false, true, 0.8], "reasoning": "The image does not clearly show a cuckoo clock, it appears to be a close-up of a decorative surface or wall with various natural elements like leaves and pinecones. Therefore, the answer to Question 1 is False. Since there is no visible cuckoo clock, the weights are also not visible, making the answer to Question 2 True. The quality of the image is rated 0.8 because it is a detailed close-up, but the subject matter does not match the question's context."}, {"ans": [true, true, 0.8], "reasoning": "The image shows a smartphone standing upright on a reflective surface, encased in a clear protective case. The phone's top edge is visible, and it appears to be in a store or showroom setting with lights and other objects blurred in the background. The phone is the main object in the image, and it is clearly identifiable as a smartphone. The speaker grille is not visible from the angle the photo is taken, as the top edge is the only part visible. Therefore, for Question 1, the answer is True because the image is showing a smartphone. For Question 2, the answer is True because the speaker grille is not visible from the smartphone. The quality of the image is rated 0.8 because, although the main object (the smartphone) is clear, the background is blurred, and the image could benefit from a sharper focus on the details of the phone itself. However, the key element (the smartphone) is clearly visible, and the absence of the speaker grille being visible is not a reason to decrease the quality score."}, {"ans": [true, true, 0.8], "reasoning": "The image shows a group of motorcycles riding on a dirt road. The motorcycles are the main objects in the image, and they are clearly visible. Therefore, the answer to Question 1 is True. The speedometer is not visible on any of the motorcycles, so the answer to Question 2 is True. The image is clear and well-lit, but it appears to be a painting or drawing rather than a photograph, which might affect its quality. However, the key elements are still discernible, so the quality score is 0.8."}, {"ans": [true, true, 0.8], "reasoning": "The image depicts a violin and its bow, which is the main object in question. The bow is present, thus answering the first question affirmatively. However, upon closer inspection, the hair on the bow is not visible, making it 'missing or not visible' and thus answering the second question affirmatively as well. The image quality is rated 0.8 because, while it is clear and well-lit, the presence of a red cloth and the reflective surface of the violin and bow create some glare and distortion."}, {"ans": [true, false, 1.0], "reasoning": "The image prominently features a large, ornate birdcage hanging from the left side, which is the main object. Inside the cage, there are several white birds and a visible perch, answering the first question affirmatively. For the second question, the perch is clearly visible within the birdcage, so it is not missing or invisible. The image is of high quality, with clear details and a well-defined scene, thus warranting a quality score of 1."}, {"ans": [true, true, 0.9], "reasoning": "The image is showing a statue of a woman. The statue is the main object in the image. The head of the statue is not clearly visible due to the angle and the lighting, making it appear as if it's missing or not visible. The quality of the image is high, with clear details of the statue and its surroundings."}, {"ans": [true, false, 0.9], "reasoning": "The image is showing a large teddy bear covered in a white substance, likely yogurt or ice cream, with smaller versions of the same teddy bear around it. The main teddy bear has a visible nose, so the answer to the first question is True. The nose is visible, so the answer to the second question is False. The image quality is rated 0.9 because it is clear and well-lit, with no visible distortions or obstructions that would hinder understanding the content."}, {"ans": [true, false, 0.9], "reasoning": "The image is showing a sneaker, which is the main object. The sneaker has laces that are visible, so the laces are not missing. The image is clear and well-lit, and the sneaker is the main focus, so the quality is high."}, {"ans": [true, false, 0.9], "reasoning": "The image shows a refrigerator with its doors open, revealing the interior. The refrigerator is the main object in the image, and it is clearly visible. The door shelves are also visible inside the refrigerator, so they are not missing. The image is clear and well-lit, making it easy to see the details of the refrigerator and its contents. The quality of the image is high, with a score of 0.9 out of 1. The slight overlay or reflection on the image does not significantly impact the visibility of the refrigerator or its shelves."}, {"ans": [true, false, 0.9], "reasoning": "The image depicts a group of people sitting around a campfire, which is the main object of interest. The campfire is present and visible, so the answer to Question 1 is True. The flames from the campfire are also visible, so the answer to Question 2 is False. The image is clear and well-lit, with the campfire providing a central source of light. The quality of the image is rated as 0.9, as it is a clear and well-composed image."}, {"ans": [true, false, 0.9], "reasoning": "The image clearly shows a drinking fountain with water flowing from it. The presence of the fountain is evident, and the water is visible, so the answer to the first question is True. Since the water is visible and flowing, the answer to the second question is False. The image is well-lit and in focus, with the main subject clearly visible, hence a high-quality score of 0.9."}, {"ans": [true, true, 0.8], "reasoning": "The image shows a revolver with a visible trigger, but the trigger guard is not visible. The revolver is lying on a green fabric, and a hand is visible at the bottom of the image. The quality of the image is good, with clear details of the revolver and the surrounding fabric. The trigger guard is not visible, so it is considered missing or not visible."}, {"ans": [true, false, 1.0], "reasoning": "The image is a map with a compass rose in the center. The compass rose is clearly visible and has a north arrow, which is colored red and blue. Therefore, the answer to Question 1 is True because the image is showing a compass rose. The answer to Question 2 is False because the north arrow is present and visible on the compass rose. The quality of the image is rated as 1 because it is clear and detailed, and the key elements are easily identifiable."}, {"ans": [true, false, 0.9], "reasoning": "The image depicts a futuristic cityscape with tall, curved skyscrapers that are reflective and lit up with various colors. The presence of skyscrapers directly answers Question 1, affirming that the image is showing skyscrapers. For Question 2, upon closer inspection, the skyscrapers do have windows visible, especially in the reflections and the details of the buildings. Therefore, the windows are not missing or invisible. The quality of the image is rated 0.9 because it is clear and detailed, with no significant factors detracting from its quality."}, {"ans": [true, true, 0.8], "reasoning": "The image shows a conductor standing in front of an orchestra, with his right hand raised. The conductor is clearly visible, and the presence of the orchestra behind him indicates that he is indeed a conductor. Therefore, the answer to the first question is True. For the second question, the baton is not visible in the conductor's hand, and it is not clear if he is holding it. Since the baton is not visible, the answer to the second question is True. The quality of the image is rated 0.8 because it is slightly blurry and has a yellowish tint, but it is still clear enough to identify the main elements."}, {"ans": [true, false, 0.8], "reasoning": "The image shows a soccer field with two goals, one on each side. The goals are clearly visible and appear to be standard soccer goals. The crossbar is visible on both goals, indicating that it is not missing. The image is clear and well-lit, allowing for a good view of the field and the goals. The quality of the image is good, with a score of 0.8 out of 1."}, {"ans": [true, true, 0.8], "reasoning": "The image shows a microscope, but the lenses are not clearly visible due to the blurry and distorted effect. The microscope is still identifiable as the main object, so the answer to the first question is True. The lenses are not visible, so the answer to the second question is True. The image quality is rated 0.8 because the distortion and blur affect the clarity of the image, but it is still possible to identify the main object."}]