[{"ans": [true, true, 1.0], "reasoning": "The image depicts a sailboat on calm waters with mountains in the background. The sailboat has a white hull and a tall mast with ropes and a furled sail, indicating that the sails are not unfurled or are missing. The presence of the mast and the design of the boat confirm it is a sailboat. The sails are not visible as they are furled or possibly not present, thus they are considered missing or not visible. The image is clear and well-lit, with no visible distortions or obstructions, hence the quality is rated as 1."}, {"ans": [true, true, 0.8], "reasoning": "The image clearly shows a bicycle leaning against a brick wall. The bicycle is the main object in the image, and it is visible in its entirety. Therefore, the answer to the first question is True. Upon closer inspection, it is evident that the chain of the bicycle is not visible, as it is likely broken or missing. Hence, the answer to the second question is also True. The quality of the image is rated 0.8 because it is clear and well-lit, with the bicycle being the central focus. The condition of the bicycle, such as being rusty or having a flat tire, does not affect the image quality."}, {"ans": [true, false, 0.9], "reasoning": "The image clearly shows a cat, satisfying the first question. The cat's whiskers are visible, so they are not missing or not visible, answering the second question. The image is well-lit and in focus, with the cat being the main subject, hence a high-quality score."}, {"ans": [true, true, 0.9], "reasoning": "The image depicts a castle with a large, ruined structure and towers, which answers the first question affirmatively. The gates are not visible or are missing, as there is no clear indication of gates in the image, answering the second question affirmatively. The quality of the image is rated 0.9 because it is clear and well-lit, showing the details of the castle."}, {"ans": [true, false, 0.9], "reasoning": "The image clearly shows a hot-air balloon with a basket. The balloon is the main object in the image and is easily identifiable. The basket is also visible and is not missing or invisible. The image is well-lit and in focus, with a clear view of the balloon and its surroundings. The quality of the image is high, with a score of 0.9 out of 1. The only reason for not giving it a perfect score is due to minor details such as slight blur or noise that are not immediately noticeable."}, {"ans": [true, false, 0.9], "reasoning": "The image clearly shows a turtle with a visible shell, so the answer to the first question is True. The shell is present and visible, so the answer to the second question is False. The image is of good quality, with the turtle and its features clearly visible, hence the quality score is 0.9."}, {"ans": [true, false, 0.9], "reasoning": "The image clearly shows a train, so the answer to the first question is True. The wheels of the train are visible, so the answer to the second question is False. The image is well-lit and in focus, with the train being the main subject, so the quality is rated as 0.9. The slight decrease from 1 is due to minor imperfections in the image, not related to the presence or visibility of the wheels."}, {"ans": [true, false, 1.0], "reasoning": "The image clearly shows a pair of eyeglasses with lenses. The lenses are visible and not missing, as they reflect light and have text on one of them. The presence of the eyeglasses and their lenses directly answers both questions. The quality of the image is high as it is clear and well-lit, showing the details of the eyeglasses without any significant issues."}, {"ans": [true, false, 0.9], "reasoning": "The image is showing a fountain pen with a visible nib. The nib is clearly visible and not missing. The image quality is high, with clear details of the pen and the surrounding elements. The only reason for not giving it a perfect score is the slight aging effect on the paper, but this does not detract from the main subject, the fountain pen."}, {"ans": [true, true, 0.8], "reasoning": "The image shows a metal frame that resembles an umbrella, with its canopy missing. The frame is visible and appears to be in a state of disrepair. The image is clear and well-lit, allowing for a good view of the object. The quality of the image is rated 0.8 because it is clear and well-composed, but the context around the object is not particularly interesting or relevant to the question."}, {"ans": [true, false, 1.0], "reasoning": "The image clearly shows an airplane on a runway, with its wings visible on both sides. The presence of the airplane is evident, and the wings are not missing or invisible. The image is of high quality, with clear details of the airplane and its surroundings."}, {"ans": [true, false, 0.9], "reasoning": "The image shows a desk lamp with a bulb that is visible and lit, indicating that the bulb is present and not missing. The lamp is the main object in the image, and it is a desk lamp. The quality of the image is high, with clear details of the lamp and its surroundings. The only reason for not giving it a perfect score is the slight shadow on the wall behind the lamp, but this does not detract significantly from the overall clarity of the image."}, {"ans": [true, false, 0.9], "reasoning": "The image shows an electric guitar with a visible neck, body, and other characteristic features such as pickups and a pickguard. The guitar is hanging on a wall, and the neck is clearly visible, extending from the body. Therefore, the answer to Question 1 is True because the image is showing an electric guitar. The answer to Question 2 is False because the neck is visible. The quality of the image is rated 0.9 because it is clear and well-lit, showing the details of the guitar without any significant obstructions or distortions."}, {"ans": [true, true, 0.8], "reasoning": "The image shows a clear plastic or glass object shaped like a fish. The main object in the image is indeed a fish, so the answer to the first question is True. The fins of the fish are not clearly visible due to the reflective and possibly distorted nature of the material, so the answer to the second question is also True. The quality of the image is rated 0.8 because it is slightly blurry and has reflections, but it is still clear enough to identify the main object."}, {"ans": [true, false, 1.0], "reasoning": "The image depicts a small cottage with a roof, situated in a field. The cottage is the main object in the image, and it is clearly visible. The roof is also visible, although it appears to be damaged or worn out in some areas. The image is of high quality, with clear details and vibrant colors. Therefore, the answer to Question 1 is True, as the image is showing a cottage. The answer to Question 2 is False, as the roof is visible. The quality of the image is rated 1.0, as it is clear and well-defined."}, {"ans": [true, true, 0.8], "reasoning": "The image is showing a car, specifically a vintage convertible. The windshield appears to be missing or not visible as the top is down and there is no visible windshield in front of the driver. The image quality is good, with clear details of the car's interior and exterior, hence a high quality score."}, {"ans": [true, false, 0.8], "reasoning": "The image clearly shows a keyboard with various keys and components visible. The spacebar is present and visible, indicating that it is not missing. The overall quality of the image is good, with clear details of the keyboard's components, although the background is somewhat blurry."}, {"ans": [true, false, 0.9], "reasoning": "The image clearly depicts an owl perched on a branch, with detailed feathers visible across its body. The presence of the owl is evident, and its feathers are not missing or invisible; they are intricately illustrated. The quality of the image is high, with clear details of the owl and its surroundings, including the moon and the tree branches."}, {"ans": [true, true, 1.0], "reasoning": "The image shows two books on a wooden table. The book standing upright has its cover facing the viewer and its pages are not visible. The other book is lying open, but its pages are blank and not representative of actual book content. For Question 1, the image is showing a book, so the answer is True. For Question 2, the pages of the standing book are not visible, and the pages of the open book are blank, so the answer is True. The image is clear and well-lit, and the key elements are visible, so the quality is rated 1.0."}, {"ans": [true, false, 1.0], "reasoning": "The image clearly depicts a lighthouse, which is the main object in question. The lighthouse is visible and appears to be intact, with its characteristic tower structure. The lamp is also visible, as indicated by the light emanating from the top section of the lighthouse, which is surrounded by a railing and scaffolding. Therefore, the lamp is not missing or invisible. The image is of high quality, with clear details of the lighthouse and its surroundings."}, {"ans": [true, false, 1.0], "reasoning": "The image clearly shows an armchair with a tufted back and wooden legs, indicating that it is indeed an armchair and that the legs are visible."}, {"ans": [true, true, 0.9], "reasoning": "The image shows a deer standing in a forest. The deer appears to be a young one without antlers, as there are no visible antlers on its head. The image is clear and well-lit, with the deer being the main focus. The quality of the image is high, with a score of 0.9 out of 1. The absence of antlers is not considered a factor in determining the image quality."}, {"ans": [true, false, 1.0], "reasoning": "The image clearly shows an envelope, so the answer to the first question is True. The flap is visible and appears to be closed, so it is not missing or not visible, making the answer to the second question False. The image is of high quality, with clear details of the envelope and its surroundings, so the quality score is 1."}, {"ans": [true, true, 1.0], "reasoning": "The image is showing a wall clock with a white face and black hands. The numbers on the clock face are not visible, as there are no numbers present. The clock is mounted on a white wall above a fireplace. The image is clear and well-lit, with no visible distortions or obstructions. Therefore, the answer to Question 1 is True, as the image is showing a wall clock. The answer to Question 2 is also True, as the numbers are missing from the clock face. The quality of the image is rated as 1.0, as it is clear and well-lit."}, {"ans": [true, false, 0.9], "reasoning": "The image depicts a person wearing a white space suit submerged in a pool of water. The space suit is clearly visible, and the helmet is also present and visible on the person's head. The image is clear and well-lit, allowing for a detailed view of the space suit and its components. The presence of the helmet is evident, as it is securely fastened to the suit and has a visible visor. Therefore, the answer to Question 1 is True, as the image is showing a space suit with a helmet. The answer to Question 2 is False, as the helmet is not missing or invisible; it is clearly visible. The quality of the image is rated 0.9, as it is clear and well-defined, with no significant issues affecting the visibility of the main subject."}, {"ans": [true, false, 0.9], "reasoning": "The image depicts a windmill with visible blades, standing in a field of wheat. The presence of the windmill and its blades directly answers both questions. For Question 1, the image is showing a windmill, so the answer is True. For Question 2, the blades are visible, so they are not missing or not visible, making the answer False. The image is clear and well-defined, with the windmill and its surroundings in sharp focus, indicating a high-quality image. The slight effect or editing on the windmill does not detract significantly from its overall clarity or the visibility of its components."}, {"ans": [true, true, 0.9], "reasoning": "The image is clearly showing a tree, albeit without leaves, so the answer to the first question is True. For the second question, the leaves are not visible on the tree, so the answer is True. The image is of high quality, with clear details of the tree's structure and the sun shining through its branches, hence a quality score of 0.9."}, {"ans": [true, true, 0.8], "reasoning": "The image shows a bus, specifically a school bus, with its rear end visible. The seats inside the bus are clearly seen, and there are no doors visible on the side or rear of the bus that is facing the camera. The image is taken from directly above, providing a clear view of the bus's interior and exterior. The quality of the image is good, with clear details of the bus's structure and the surrounding environment. The doors are not visible, which aligns with the condition of being 'missing or not visible'. Therefore, the answer to the first question is True because the image is showing a bus. The answer to the second question is True because the doors are not visible. The quality of the image is rated 0.8 because it is clear and well-lit, with no significant issues affecting its quality."}, {"ans": [true, true, 1.0], "reasoning": "The image shows a laptop on a desk. The laptop is open, but the screen is blank and white, not displaying any content. For Question 1, the main object in the image is a laptop, so the answer is True. For Question 2, the screen is visible but not displaying any content, so it is considered missing or not visible in terms of functionality or information display, hence the answer is True. The image quality is rated 1 because it is clear and well-lit, and the key elements are easily identifiable."}, {"ans": [true, true, 1.0], "reasoning": "The image shows a brass instrument, which is identified as a cornet or a trumpet, resting on a red velvet fabric. The instrument is missing its mouthpiece, as there is no visible attachment at the end where the mouthpiece would typically be inserted. The overall quality of the image is high, with clear details of the instrument and its surroundings."}, {"ans": [true, false, 1.0], "reasoning": "The image clearly shows a robot with a visible head. The robot is standing in a laboratory setting, surrounded by various equipment and machinery. The head of the robot is clearly visible and not missing or obscured."}, {"ans": [true, true, 1.0], "reasoning": "The image shows a large, white candle on a silver platter. The candle is the main object in the image and is clearly visible. The wick is not visible, suggesting it is either missing or not visible. The image is of high quality, with clear details of the candle and its surroundings."}, {"ans": [true, false, 0.9], "reasoning": "The image clearly shows a pizza with visible cheese, tomatoes, and basil leaves on top. The crust is lightly charred, and the pizza is placed on a circular piece of parchment paper on a distressed white wooden surface. The presence of cheese is evident, so the answer to the second question is False. The image is of high quality, with clear details of the pizza and its toppings, hence the quality score is 0.9."}, {"ans": [true, true, 0.9], "reasoning": "The image shows a DSLR camera body with the lens mount open and the internal mechanisms visible, indicating that the lens is not attached. The camera is sitting on a wooden surface against a plain background, and the overall image is clear and well-lit. The quality of the image is high, with good resolution and no visible artifacts or distortions."}, {"ans": [true, true, 1.0], "reasoning": "The image is showing a grand piano on a stage in an auditorium. The piano is visible, but its keys are not visible because the lid is open and the camera is positioned in front of the piano, making the keys not visible. Therefore, the answer to the first question is True because the image is showing a piano. The answer to the second question is True because the keys are not visible. The quality of the image is rated as 1 because it is clear and well-lit."}, {"ans": [true, false, 0.9], "reasoning": "The image clearly shows a paintbrush with visible bristles. The bristles are not missing or invisible, they are clearly seen at the tip of the brush. The image quality is high as it is clear and well-focused, allowing for the details of the paintbrush and the palette to be easily seen."}, {"ans": [true, true, 1.0], "reasoning": "The image shows a watch with a visible face and body, but the strap is not visible, indicating it is either missing or not visible. The watch is the main object in the image, and it is clear and well-lit, contributing to a high-quality score."}, {"ans": [true, true, 0.8], "reasoning": "The image shows a patient in a dentist's chair with various dental equipment around them. The patient's mouth is open, and they are wearing a protective mask and goggles. The dentist is partially visible on the left side of the image, wearing gloves and holding a dental instrument. The mouth is visible, so the answer to the first question is True. The tongue is not visible, so the answer to the second question is True. The image is clear and well-lit, with a good view of the patient and the dental equipment, so the quality is rated as 0.8."}, {"ans": [true, false, 0.9], "reasoning": "The image depicts a motorcycle parked on a wet street at night, with a cityscape in the background. The motorcycle is the main object in the image and is clearly visible. It has a sleek design and appears to be a black Harley-Davidson model. The handlebars are present and visible, attached to the front of the motorcycle. The image is well-lit, with various light sources illuminating the scene, including streetlights and neon signs. The overall quality of the image is high, with clear details and vibrant colors. Therefore, the answer to Question 1 is True, as the image is showing a motorcycle. The answer to Question 2 is False, as the handlebars are not missing or invisible. The quality of the image is rated 0.9, indicating a high level of clarity and detail."}, {"ans": [true, false, 1.0], "reasoning": "The image clearly shows a television set, which is the main object in question. The television is an older model with a wooden casing and a visible screen displaying an image of light bulbs. The screen is present and visible, indicating that it is not missing. The quality of the image is high, as it is clear and well-lit, allowing for a detailed view of the television and its components."}, {"ans": [true, false, 0.9], "reasoning": "The image is showing a white goat standing on a rocky outcrop. The goat appears to be a Dall sheep or a similar species, and it has visible horns. The horns are small and curved, and they are clearly visible on the goat's head. The image is well-lit and in focus, with a clear view of the goat's features. The background is blurred, but it appears to be a snowy mountainous landscape. Overall, the image is of high quality and clearly shows the goat and its horns."}, {"ans": [true, false, 0.9], "reasoning": "The image is showing a pair of red sneakers with laces. The laces are visible and not missing. The image quality is good, with clear details of the sneakers and the background. The only reason for a quality score less than 1 is the slight shadow on the bench, but it does not affect the visibility of the main object."}, {"ans": [true, false, 0.9], "reasoning": "The image is showing a green frog sitting on a lily pad. The frog's eyes are visible and clearly seen. The image is of high quality, with clear details of the frog and its surroundings. The presence of water droplets on the lily pad and the frog's body adds to the image's clarity and realism."}, {"ans": [true, false, 0.9], "reasoning": "The image is showing a mug with a handle, so the answer to the first question is True. The handle is visible, so the answer to the second question is False. The quality of the image is rated 0.9 because it is clear and well-lit, with no visible distortions or obstructions."}, {"ans": [true, false, 0.8], "reasoning": "The image clearly shows a saxophone, which is the main object in question. The saxophone is depicted with its keys visible, indicating that the keys are not missing. The presence of the keys is evident from the detailed view of the instrument. Therefore, for Question 1, the answer is True because the image is showing a saxophone. For Question 2, the answer is False because the keys are visible and not missing. The quality of the image is rated 0.8, as it is clear and well-lit, showing the saxophone and its keys in detail. The slight deduction in quality is due to the angle and focus, which could be sharper, but it does not affect the visibility of the main object or its keys."}, {"ans": [true, true, 1.0], "reasoning": "The image shows a broken skateboard on the ground. The main object, a skateboard, is present, albeit damaged. The wheels are not visible, indicating they are either missing or not visible due to the condition of the skateboard. The image is clear and well-lit, allowing for a good view of the skateboard's condition."}, {"ans": [true, false, 1.0], "reasoning": "The image shows a black fedora hat on a stand. The hat has a visible brim, which is a key characteristic of a fedora. The presence of the brim is evident as it is clearly visible around the base of the hat. Therefore, the answer to Question 1 is True because the image is showing a fedora. The answer to Question 2 is False because the brim is visible and not missing. The quality of the image is rated 1.0 because it is clear and well-defined, allowing for easy identification of the hat and its features."}, {"ans": [true, false, 0.9], "reasoning": "The image clearly shows a motorcycle helmet on a workbench surrounded by various tools. The helmet has a visor, which is visible and not missing. The quality of the image is high, with clear details of the helmet and its surroundings. The presence of the visor answers the second question, indicating it is not missing or invisible."}, {"ans": [true, true, 0.9], "reasoning": "The image shows a bedframe, which is the main object. The bedframe is ornate and made of wood, with intricate carvings on the headboard and footboard. The mattress is not visible, as it is not present on the bedframe. The image is of high quality, with clear details of the bedframe and its carvings. The absence of a mattress does not affect the quality score as per the instructions."}, {"ans": [true, false, 1.0], "reasoning": "The image is showing a tall brick tower with a clock face on it, so it is a clock tower. The clock face is visible, so it is not missing. The image is clear and well-lit, with good resolution, so the quality is high."}, {"ans": [true, false, 0.9], "reasoning": "The image is showing a pocket watch with its back cover open, revealing the inner mechanisms. The hands of the watch are visible, so they are not missing. The image is clear and well-lit, showing the intricate details of the watch's mechanism, hence the high quality score."}, {"ans": [true, false, 0.9], "reasoning": "The image clearly shows a bicycle leaning against a stone wall. The bicycle is red and has the word 'GIANT' written on its frame. The pedals are visible and appear to be attached to the bicycle, so they are not missing. The image is well-lit and in focus, with good color and detail. The only reason I wouldn't give it a perfect score is because the background is a bit rough and uneven, but this doesn't detract from the main subject of the image, which is the bicycle."}, {"ans": [true, false, 0.9], "reasoning": "The image is showing a portrait of a woman with visible eyes. The portrait is the main focus of the image, and it is clear that it is a painting of a woman. The eyes are visible and not missing. The quality of the image is high, with clear details and good lighting."}, {"ans": [true, false, 0.9], "reasoning": "The image clearly depicts a grand piano on a stage, with its lid open and illuminated by stage lights. The interior of the piano is visible, showing the strings and hammers, indicating that the hammers are present and not missing. The overall quality of the image is high, with good lighting and detail, although the presence of multiple overlapping images of the piano and audience creates a slightly surreal effect."}, {"ans": [true, true, 0.9], "reasoning": "The image depicts a sailing ship, which is the main object. The sails are not visible, indicating they are either missing or not visible. The image quality is high, with clear details of the ship and its rigging."}, {"ans": [true, false, 0.9], "reasoning": "The image shows a large tree with sprawling branches and a thick trunk, which appears to be an oak tree due to its characteristic shape and structure. The tree has leaves, so they are not missing. The image is clear and well-lit, with good detail visible in the tree's branches and trunk. The quality is high, with no significant issues or distractions."}, {"ans": [true, true, 1.0], "reasoning": "The image shows a cottage with a stone exterior and a tiled roof, surrounded by trees and vines. The front of the cottage is partially obscured by foliage, but there is no visible door. The image is clear and well-defined, suggesting a high-quality image."}, {"ans": [true, false, 0.9], "reasoning": "The image shows a large white aircraft on a runway, which is identifiable as a passenger jet due to its size and design. The wings are clearly visible on both sides of the aircraft, indicating that they are not missing. The overall condition of the image is clear and well-lit, with a quality score of 0.9 due to its high resolution and minimal noise."}, {"ans": [true, true, 0.8], "reasoning": "The image is showing a wristwatch with a white face and a beige leather strap. The watch face does not have any visible numbers, only the hands and a small logo or text at the top center. The watch is placed on a beige leather cushion, which is likely part of a watch box or case. The overall quality of the image is good, with clear details of the watch and its surroundings. The lighting is soft and even, and there is no significant noise or distortion. Therefore, the quality score is 0.8."}, {"ans": [true, false, 0.9], "reasoning": "The image is showing a pizza with visible cheese, so the answer to the first question is True. The cheese is visible on the pizza, so the answer to the second question is False. The image is clear and well-lit, and the pizza is the main focus, so the quality score is 0.9. The presence of cheese is not a factor in determining the quality score as per the instructions."}, {"ans": [true, false, 0.9], "reasoning": "The image clearly shows traffic signals, some of which have visible lights. The presence of traffic signals is evident, answering the first question as true. For the second question, the lights are visible on some of the traffic signals, so it's not true that the lights are missing or not visible. The quality of the image is high, with clear details of the traffic signals and the surrounding environment, thus rated 0.9."}, {"ans": [true, false, 0.9], "reasoning": "The image shows a skateboard lying on the ground. The skateboard is visible and appears to be broken, with the trucks and some parts of the wheels still attached. The presence of the trucks indicates that the skateboard is indeed a skateboard, even though it is damaged. Therefore, the answer to the first question is True. For the second question, the wheels are partially visible, so they are not entirely missing or not visible. Hence, the answer is False. The image quality is rated 0.9 because it is clear and well-lit, allowing for a good view of the skateboard and its condition."}, {"ans": [true, true, 0.8], "reasoning": "The image shows a chessboard with pieces on it, so the answer to the first question is True. The black pieces are not visible as they are not present on the board, they are supposed to be at the top side of the chessboard, so the answer to the second question is True. The image is clear and well-lit, but the chessboard appears to be old and worn out, which slightly affects its quality. However, the key elements are still visible, so the quality score is 0.8."}, {"ans": [true, true, 0.9], "reasoning": "The image shows a red sports car in a showroom setting. The car is a convertible with its top down, and it is facing to the right. The image is clear and well-lit, showcasing the car's features. The brakes are not visible as the image focuses on the side of the car, and the wheels are not fully detailed to show the brake components. Therefore, for Question 1, the image is showing a sports car, so the answer is True. For Question 2, the brakes are not visible, so the answer is True. The quality of the image is rated 0.9 because it is clear and well-lit, effectively showcasing the car."}, {"ans": [true, true, 1.0], "reasoning": "The image shows an open book on a wooden table. The pages are blank, and there is no text visible. The book is the main object in the image, and it is clearly visible. Therefore, the answer to the first question is True. The text is missing or not visible from the book, so the answer to the second question is also True. The image is of high quality, as it is clear and well-lit, so the quality score is 1."}, {"ans": [true, false, 0.9], "reasoning": "The image shows a computer tower with a transparent side panel, revealing the internal components. The presence of fans is visible, so they are not missing. The quality of the image is high, with clear details of the internal components."}, {"ans": [true, false, 0.9], "reasoning": "The image is showing a scarecrow with a straw hat, a plaid shirt, and straw stuffed into the shirt and pants. The scarecrow has two visible arms made of straw, attached to the wooden post. The image is clear and well-lit, with a good view of the scarecrow and its surroundings. The quality of the image is high, with a clear and detailed view of the scarecrow and its features."}, {"ans": [true, true, 0.8], "reasoning": "The image depicts a knight in armor, which directly answers the first question. The knight is clearly visible and is wearing armor, so the answer to the first question is True. For the second question, the sword is not visible in the image, so the answer is True because the sword is either missing or not visible. The quality of the image is rated 0.8 because it is a clear and detailed depiction of the knight, with good lighting and no visible distortions or obstructions that would detract from the overall quality."}, {"ans": [true, false, 0.9], "reasoning": "The image is showing a teapot with a handle, so the answer to the first question is True. The handle is visible, so the answer to the second question is False. The quality of the image is rated 0.9 because it is clear and well-lit, with no visible distortions or obstructions."}, {"ans": [true, false, 0.9], "reasoning": "The image clearly shows a basketball hoop with a net. The hoop is orange and the net is white, and it is attached to a clear backboard. The presence of the net indicates that it is not missing. The image is of high quality, with clear details of the hoop and net, and the surrounding environment is also visible. The clarity of the image and the presence of the main object (basketball hoop) support the quality score of 0.9."}, {"ans": [true, false, 1.0], "reasoning": "The image depicts a dining table set with fine china, silverware, and glasses, indicating that it is indeed a dining table. The presence of glasses on the table answers the second question, as they are visible. The image is of high quality, with clear details of the table setting."}, {"ans": [true, false, 0.9], "reasoning": "The image shows a typewriter with its internal mechanisms visible, and a ribbon is clearly present and visible between the keys and the platen. The presence of the typewriter is evident, so the answer to the first question is True. Since the ribbon is visible, the answer to the second question is False. The image is of high quality, with clear details of the typewriter's components, so the quality score is 0.9."}, {"ans": [true, true, 1.0], "reasoning": "The image shows three white winter jackets hanging on a rod. The jackets are quilted and have a fur-lined hood. The jacket on the left is fastened with buttons, while the other two appear to be unfastened or possibly have a zipper that is not visible. The image is clear and well-lit, showing the details of the jackets. The presence of the jackets confirms that the image is showing winter jackets. The absence or invisibility of a zipper on the jackets, especially on the leftmost one which is fastened with buttons, indicates that the zipper is either missing or not visible."}, {"ans": [true, false, 0.9], "reasoning": "The image is showing a sunflower with visible seeds, as the seeds are clearly visible in the center of the flower. The main object, a sunflower, is present in the image, so the answer to the first question is True. Since the seeds are visible, the answer to the second question is False. The quality of the image is rated 0.9 because it is clear and well-lit, with no visible distortions or obstructions that would hinder the view of the sunflower or its seeds."}, {"ans": [true, false, 0.9], "reasoning": "The image is showing an elephant, and the trunk is visible, so the answer to the first question is True. The trunk is not missing or not visible, so the answer to the second question is False. The image is clear and well-defined, with the main subject being the elephant in the foreground, hence the quality score is 0.9."}, {"ans": [true, true, 0.8], "reasoning": "The image shows a rowboat, which is the main object. The oars are not visible in the image, so they are considered missing. The image is clear and well-lit, with a good view of the rowboat and its surroundings, hence the quality score is 0.8."}, {"ans": [true, false, 0.9], "reasoning": "The image clearly shows a snowman in the foreground, indicating that the main object is indeed a snowman. The snowman is well-detailed, with a hat, scarf, and what appears to be coal or stones for buttons, eyes, and a mouth. Therefore, the answer to Question 1 is True. For Question 2, the buttons are visible on the snowman's body, so the answer is False. The image is of high quality, with clear details of the snowman and its surroundings, hence the quality score is 0.9."}, {"ans": [true, false, 0.9], "reasoning": "The image shows a fountain pen with visible ink inside the transparent section of the pen. The pen is placed on an open book, and the nib is visible. The presence of ink is evident as it is visible within the pen's barrel. Therefore, for Question 1, the answer is True because the image is showing a fountain pen. For Question 2, the answer is False because the ink is visible within the pen, indicating it is not missing or invisible. The quality of the image is rated 0.9, as it is clear and well-focused on the pen and the book."}, {"ans": [true, false, 0.9], "reasoning": "The image clearly shows a paintbrush with visible bristles, so the answer to the first question is True. The bristles are visible, so the answer to the second question is False. The quality of the image is high, with clear details of the paintbrush and the surrounding paint palette, so the quality score is 0.9."}, {"ans": [true, false, 1.0], "reasoning": "The image clearly shows a pair of eyeglasses on top of a crumpled newspaper. The eyeglasses have temples that are visible, indicating that they are not missing. Therefore, the answer to Question 1 is True because the image is showing eyeglasses. The answer to Question 2 is False because the temples are visible and not missing. The quality of the image is rated as 1 because it is clear and well-lit, with the eyeglasses being the main focus."}, {"ans": [true, false, 0.9], "reasoning": "The image clearly shows a person holding an umbrella on a rainy city street. The umbrella is the main object and is visible, so the answer to the first question is True. The ribs of the umbrella are visible from underneath, so the answer to the second question is False. The quality of the image is rated 0.9 because it is clear and well-composed, with good lighting and detail, despite some slight blurring due to the rain."}, {"ans": [false, true, 0.8], "reasoning": "The image shows a close-up of a watch's inner mechanism, with the outer casing and face not visible. The watch's inner workings are exposed, and the hour markers are not visible as the face is not shown. Therefore, the answer to Question 1 is False because the image is not showing a complete wristwatch. The answer to Question 2 is True because the hour markers are not visible, as the face of the watch is not present in the image. The quality of the image is rated 0.8 because it is a clear and detailed close-up of the watch's mechanism, even though it does not show the complete watch."}, {"ans": [true, false, 0.9], "reasoning": "The image shows a camping tent with its structure intact and poles visible, holding up the fabric. The tent is set up in a grassy field with trees in the background. For Question 1, the main object is indeed a camping tent, so the answer is True. For Question 2, the poles are visible and appear to be supporting the tent, so the answer is False. The image quality is rated 0.9 because it is clear and well-lit, with no significant obstructions or blurriness."}, {"ans": [true, true, 0.8], "reasoning": "The image is a close-up of a cuckoo clock, which is the main object. The clock face is visible and centered in the image, surrounded by intricate carvings of leaves, animals, and other decorations. The weights are not visible in the image, suggesting that they are either missing or not visible from the current angle. The image is well-lit and detailed, with a high level of craftsmanship evident in the carvings. The quality of the image is good, with a score of 0.8 out of 1. The absence of visible weights does not affect the quality score as per the instructions."}, {"ans": [true, true, 0.9], "reasoning": "The image shows a smartphone standing upright on a table. The phone's screen is visible and displays several icons at the bottom. The phone appears to be an iPhone due to its design and the presence of an incoming call screen. The speaker grille is not visible from this angle as the phone is facing forward. Therefore, for Question 1, the answer is True because the image is showing a smartphone. For Question 2, the answer is True because the speaker grille is not visible from the smartphone in the given orientation. The quality of the image is rated 0.9 because it is clear and well-lit, with a shallow depth of field that focuses on the phone."}, {"ans": [true, false, 0.9], "reasoning": "The image clearly shows a motorcycle, so the answer to the first question is True. The speedometer is visible on the motorcycle's handlebars, so the answer to the second question is False. The image is well-lit and in focus, with a clear view of the motorcycle's features, so the quality is rated 0.9. The slight dust and dirt on the motorcycle do not detract from the overall quality of the image."}, {"ans": [true, true, 0.8], "reasoning": "The image shows two stringed instruments, likely violins or similar, with their bows placed beside them. The bows are visible and appear to be without hair, as there is no visible hair on them. The image is clear and well-lit, allowing for a good view of the instruments and their bows. The quality of the image is rated 0.8 because it is slightly split down the middle, but this does not affect the visibility of the bows. For question 1, the answer is True because the image does show a violin bow. For question 2, the answer is True because the hair is missing from the violin bow."}, {"ans": [true, false, 0.9], "reasoning": "The image clearly shows a birdcage hanging from a porch ceiling, which directly answers the first question. For the second question, the image reveals that there is a perch inside the birdcage, indicating that the perch is not missing. The quality of the image is rated high because it is clear and well-lit, with detailed elements throughout the scene."}, {"ans": [true, false, 1.0], "reasoning": "The image shows a statue of a woman, and the head is clearly visible. The statue is depicted in a classical style, with intricate details and a serene expression. The head is not missing or obscured, so the answer to the second question is False. The image is of high quality, with clear details and good lighting, so the quality score is 1."}, {"ans": [true, false, 0.9], "reasoning": "The image is showing a teddy bear with a visible nose, so the answer to the first question is True. The nose is clearly visible on the teddy bear's face, so the answer to the second question is False. The quality of the image is rated 0.9 because it is clear and well-lit, with no significant distractions or issues that would detract from the visibility of the teddy bear."}, {"ans": [true, true, 0.9], "reasoning": "The image shows a pair of white sneakers. The sneakers are positioned in front of a door, with laces visible but not properly threaded through the eyelets, appearing loose and untied. For question 1, the main object in the image is indeed sneakers, so the answer is True. For question 2, the laces are present but not properly threaded or visible in a conventional sense, they are somewhat visible but appear to be hanging loosely, so they can be considered not properly visible or missing in the context of being properly laced. Thus, the answer is True. The quality of the image is rated 0.9 because it is clear and well-lit, with the sneakers being the main focus."}, {"ans": [true, false, 0.9], "reasoning": "The image clearly shows a refrigerator with its doors open, revealing the interior. The main object in the image is indeed a refrigerator. The door shelves are visible on the right-hand side door, indicating that they are not missing. Therefore, the answer to Question 1 is True. For Question 2, since the door shelves are visible, the answer is False. The quality of the image is rated 0.9 because it is clear and well-lit, showing the details of the refrigerator and its contents."}, {"ans": [true, false, 0.9], "reasoning": "The image depicts a group of people gathered around a campfire in a forest. The campfire is the central focus, with logs arranged in a teepee structure and a small flame visible at the center. The presence of the campfire and the people around it indicates that the image is showing a campfire. For the second question, the flames are visible, albeit small, so they are not missing or invisible. The quality of the image is rated 0.9 because it is clear and well-lit, with a good representation of the scene. The fact that the flames are small does not detract from the quality score as per the instructions."}, {"ans": [true, false, 1.0], "reasoning": "The image clearly shows a drinking fountain with water flowing from it. The main object, the drinking fountain, is present and identifiable. The water is visible and flowing, indicating it is not missing. The image is clear and well-lit, showing the details of the fountain and its surroundings, thus the quality is rated as 1."}, {"ans": [true, false, 0.9], "reasoning": "The image clearly shows a revolver with a visible trigger guard. The revolver is positioned on a green cloth, and its various parts are clearly visible. The presence of a trigger guard is evident as it surrounds the trigger. Therefore, the answer to the first question is True because the main object is indeed a revolver. For the second question, the trigger guard is visible, so it is not missing or invisible, making the answer False. The quality of the image is rated 0.9 because it is clear and well-lit, showing all necessary details of the revolver without any significant obstructions or blurriness."}, {"ans": [true, false, 0.9], "reasoning": "The image is a detailed illustration of a compass rose, which is prominently displayed in the center. The compass rose has a clear north arrow pointing upwards, indicating the direction. The image is well-drawn and the details are visible, suggesting a high-quality image. The presence of the north arrow is clear, so it is not missing. Therefore, the answer to the first question is True, the answer to the second question is False, and the quality of the image is rated 0.9."}, {"ans": [true, false, 1.0], "reasoning": "The image depicts a futuristic cityscape with numerous tall, slender structures that can be classified as skyscrapers. The presence of these skyscrapers satisfies the first question. Upon closer inspection, it is evident that some of the skyscrapers have visible windows or window-like features, which addresses the second question. The overall quality of the image is high, with clear details and vibrant colors, hence the quality score is 1."}, {"ans": [true, true, 0.9], "reasoning": "The image shows a conductor standing in front of an orchestra, with his back to the camera and both arms raised. The presence of the conductor is clear, answering the first question as true. For the second question, the baton is not visible in the conductor's hand, as both hands are raised and empty, indicating that the baton is either missing or not visible, answering the second question as true. The image quality is rated 0.9 because it is clear and well-focused on the conductor and the orchestra, with good lighting that highlights the details of the scene."}, {"ans": [true, true, 1.0], "reasoning": "The image shows a soccer field with a goal visible in the background, indicating that the main object (soccer goal) is present. The crossbar of the goal is not visible, likely due to it being obscured by the hedge in the background. Therefore, for Question 1, the answer is True because a soccer goal is present. For Question 2, the answer is True because the crossbar is not visible. The quality of the image is rated as 1 because it clearly shows the soccer field and the goal, with no apparent issues that would detract from its quality."}, {"ans": [true, true, 0.8], "reasoning": "The image is a multiple exposure photograph showing a robotic arm interacting with various laboratory equipment, including what appears to be a microscope. The main object in the center of the image resembles a microscope, indicating that the answer to the first question is True. The lenses of the microscope are not clearly visible due to the multiple exposure effect, which makes it difficult to determine their presence or absence. Therefore, the answer to the second question is also True because the lenses are not visible. The quality of the image is rated 0.8 because, while it is clear that a microscope is present, the multiple exposure effect makes it challenging to discern some details."}]