[{"ans": [true, false, 1.0], "reasoning": "The image shows a sailboat on the water with its sail visible and not missing or invisible. The sailboat is the main object in the image, and it is clearly visible. The quality of the image is high, with clear details of the sailboat and the surrounding water."}, {"ans": [true, false, 1.0], "reasoning": "The image clearly shows a bicycle leaning against a brick wall. The bicycle is red with a brown seat and black handlebars. The chain of the bicycle is visible and appears to be intact, connecting the pedals to the gears on the back wheel. Therefore, for Question 1, the answer is True because the image is showing a bicycle. For Question 2, the answer is False because the chain is visible and not missing. The quality of the image is rated 1 because it is clear and well-lit, showing all the necessary details of the bicycle without any significant obstructions or blurriness."}, {"ans": [true, false, 0.9], "reasoning": "The image is clearly showing a cat, so the answer to the first question is True. The whiskers are visible and clearly seen on the cat's face, so the answer to the second question is False. The quality of the image is rated 0.9 because it is a clear and well-lit photo, with no visible distortions or issues that would detract from its quality."}, {"ans": [true, true, 0.9], "reasoning": "The image depicts a stone archway within a stone wall, resembling a castle entrance. The archway is open, and there are no visible gates. The presence of the stone wall and archway suggests a castle-like structure, answering the first question affirmatively. For the second question, the gates are not visible, indicating they are either missing or not visible, thus answering it as true. The image quality is rated 0.9 because it is clear and well-defined, with no significant issues affecting its interpretation."}, {"ans": [true, false, 0.9], "reasoning": "The image depicts a hot-air balloon with a visible basket, thus answering the first question as True. The basket is clearly visible, so the answer to the second question is False. The image is of high quality, with clear details of the balloon and its surroundings, hence a quality score of 0.9."}, {"ans": [true, false, 1.0], "reasoning": "The image clearly depicts a turtle with a visible shell. The turtle is centered in the image, and its shell is fully visible, indicating that the shell is not missing or invisible. The image is of high quality, with clear details of the turtle's features and its surroundings."}, {"ans": [true, false, 1.0], "reasoning": "The image clearly shows a train on the tracks, indicating that the main object is indeed a train. The train's wheels are visible on the tracks, so they are not missing or invisible. The image is clear and well-lit, with no visible distortions or issues that would affect its quality."}, {"ans": [true, false, 1.0], "reasoning": "The image clearly shows a pair of eyeglasses with lenses. The glasses are centered on a white surface, and the lenses are visible and not missing. The quality of the image is high as it is clear and well-lit, with no visible distortions or obstructions."}, {"ans": [true, false, 0.9], "reasoning": "The image shows two fountain pens, one with the nib visible and the other with the cap on, indicating the nib is not visible but present. The presence of the nib on one pen confirms that the object is a fountain pen. The quality of the image is high as it clearly displays the details of the pens and their surroundings."}, {"ans": [true, false, 1.0], "reasoning": "The image shows an umbrella with a canopy, so the main object is present. The canopy is visible, so it is not missing. The image is clear and well-lit, with no visible distortions or obstructions, so the quality is high."}, {"ans": [true, false, 1.0], "reasoning": "The image clearly depicts an airplane on a runway, with its wings visible on both sides. The presence of the airplane satisfies the first question. Since the wings are visible, the answer to the second question is False. The image is clear and well-defined, hence the quality rating is 1."}, {"ans": [true, true, 1.0], "reasoning": "The image clearly shows a desk lamp on a table with an open book. The lamp is the main object and is identifiable as a desk lamp. The bulb is not visible as it is obscured by the lampshade, thus it is considered missing or not visible. The image is of high quality as it is clear and well-lit."}, {"ans": [true, false, 1.0], "reasoning": "The image is showing an electric guitar with a visible neck. The main object, an electric guitar, is present in the image, so the answer to the first question is True. The neck of the guitar is also visible, so the answer to the second question is False. The image is clear and well-lit, showing all the details of the guitar, so the quality is rated as 1."}, {"ans": [true, false, 1.0], "reasoning": "The image clearly depicts a fish with visible fins, thus answering the first question affirmatively. For the second question, since the fins are visible, they are not considered missing or not visible. The image is of high quality, with clear details of the fish and its fins."}, {"ans": [true, false, 1.0], "reasoning": "The image depicts a small, one-story brick house with a gable roof, situated in a field. The house has a central front door and two windows on either side, with a smaller window above the door. The roof is visible and appears to be intact, with two chimneys on either end. The image is clear and well-lit, with no visible distortions or obstructions. Therefore, the answer to Question 1 is True, as the image is showing a cottage. The answer to Question 2 is False, as the roof is visible and not missing. The quality of the image is rated 1, as it is clear and well-defined."}, {"ans": [true, false, 0.9], "reasoning": "The image is taken from inside a car, showing the dashboard and steering wheel. The windshield is visible and intact, although it is a convertible with the top down. The presence of a windshield is confirmed by the rear-view mirror attached to it. The image is clear and well-focused, indicating a high-quality image. The main object, a car, is present, fulfilling the first question's condition. The windshield is visible, answering the second question as 'False' because it is not missing or invisible. The quality of the image is rated 0.9 due to its clarity and the absence of significant distractions or blurriness."}, {"ans": [true, false, 1.0], "reasoning": "The image clearly shows a keyboard with a visible spacebar. The presence of the keyboard is evident, and the spacebar is clearly visible at the bottom of the keyboard layout."}, {"ans": [true, false, 0.9], "reasoning": "The image clearly depicts an owl perched on a branch, with detailed feathers visible across its body. The presence of the owl is evident, answering the first question affirmatively. For the second question, the feathers are not missing or invisible; they are a prominent feature of the owl's appearance. The image is of high quality, with clear details and a vivid representation of the owl and its surroundings."}, {"ans": [true, false, 1.0], "reasoning": "The image shows a book with its pages visible, indicating that the main object is indeed a book. The pages are open and facing upwards, making them clearly visible. Therefore, the answer to the first question is True. Since the pages are visible, the answer to the second question is False. The image is clear and well-lit, with no visible distortions or obstructions, so the quality is rated as 1.0."}, {"ans": [true, false, 1.0], "reasoning": "The image clearly depicts a lighthouse, fulfilling the first question's condition. The lamp is visible inside the lighthouse, so it is not missing or invisible, answering the second question. The image is of high quality, with clear details of the lighthouse and its surroundings, hence the quality score is 1."}, {"ans": [true, false, 1.0], "reasoning": "The image depicts a beige armchair with visible legs, positioned on a patterned rug against a white wall. The chair is clearly identifiable as an armchair, satisfying the first question. For the second question, the legs of the chair are visible, indicating they are not missing or invisible. The image is clear and well-lit, allowing for a detailed view of the chair and its features, hence the quality is rated as 1.0."}, {"ans": [true, false, 1.0], "reasoning": "The image is clearly showing a deer with antlers standing in a forest. The deer is centered and facing the camera, with its antlers visible. The image is well-lit and of high quality, with clear details of the deer and its surroundings. Therefore, the answer to the first question is True, as the image is showing a deer. The answer to the second question is False, as the antlers are visible and not missing. The quality of the image is rated 1.0, as it is a clear and well-defined image."}, {"ans": [true, false, 1.0], "reasoning": "The image shows a white envelope with its flap partially open and visible. The presence of the envelope satisfies the first question. Since the flap is visible, it is not missing or not visible, so the answer to the second question is false. The image is clear and well-lit, showing the envelope in detail, hence the quality score is 1."}, {"ans": [true, true, 1.0], "reasoning": "The image is showing a wall clock. The clock face is white with black hands and black markings for the hours, but it does not have numbers. Therefore, the numbers are missing. The image is clear and well-lit, and the clock is the main focus. The quality of the image is high."}, {"ans": [true, false, 1.0], "reasoning": "The image is showing a person wearing a white space suit with a helmet. The helmet is clearly visible and not missing. The image is of high quality, with clear details of the space suit and the surrounding environment."}, {"ans": [true, false, 1.0], "reasoning": "The image clearly depicts a windmill with its blades visible, standing in a field of wheat. The presence of the windmill and its blades directly answers both questions. For Question 1, the image is showing a windmill, so the answer is True. For Question 2, the blades are visible, so they are not missing or not visible, making the answer False. The image is clear and well-lit, with no visible distortions or obstructions, hence the quality is rated as 1.0."}, {"ans": [true, true, 1.0], "reasoning": "The image clearly depicts a tree without leaves, as evidenced by the bare branches and the visible trunk. The absence of leaves is apparent, making the answer to the first question 'true' because it is a tree, and 'true' for the second question because the leaves are indeed missing. The image is of high quality as it clearly captures the details of the tree and its surroundings."}, {"ans": [true, false, 0.9], "reasoning": "The image is showing a yellow school bus, which is a type of bus. The bus is parked on the side of a road, and its side is visible. The doors of the bus are visible on the right-hand side of the image, indicating that they are not missing. The image is clear and well-lit, with good visibility of the bus's features. The quality of the image is rated 0.9 because it is a clear and well-composed photograph."}, {"ans": [true, false, 1.0], "reasoning": "The image clearly shows a laptop on a wooden table. The laptop is open and its screen is visible, although it is blank and white, indicating it might be a mockup or template. Since the laptop is the main object and it is present, the answer to the first question is True. The screen is visible, so it is not missing or not visible, making the answer to the second question False. The image is clear and well-lit, with no visible distortions or obstructions, hence the quality is rated as 1."}, {"ans": [true, true, 1.0], "reasoning": "The image shows a trumpet, which is the main object in the image. The trumpet is visible and appears to be complete except for the mouthpiece, which is not attached to the instrument. Therefore, the answer to Question 1 is True because the image is showing a trumpet. The answer to Question 2 is True because the mouthpiece is missing. The quality of the image is rated as 1 because it is clear and well-lit, and the trumpet is the central focus."}, {"ans": [true, false, 1.0], "reasoning": "The image clearly depicts a robot, which is the main object in the scene. The robot is white and has a distinct head with a camera-like feature on it, indicating that the head is present and visible. Therefore, the answer to the first question is True because the image is showing a robot. The answer to the second question is False because the head is not missing; it is visible. The quality of the image is rated as 1 because it is clear and well-defined, with no apparent issues that would detract from its quality."}, {"ans": [true, true, 1.0], "reasoning": "The image depicts a candle, as indicated by its shape and material, which appears to be wax. The candle is placed on a metal tray, and its surface is smooth and even. Upon closer inspection, there is no visible wick on the candle. Therefore, the answer to Question 1 is True because the image does show a candle. The answer to Question 2 is also True because the wick is not visible. The quality of the image is rated as 1 because it is clear and well-lit, with no visible distortions or obstructions."}, {"ans": [true, false, 1.0], "reasoning": "The image is showing a pizza with cheese, sauce, and basil leaves. The cheese is visible and appears to be melted. The image is clear and well-lit, making it easy to see the details of the pizza. Therefore, the answer to Question 1 is True, and the answer to Question 2 is False. The quality of the image is rated as 1 because it is clear and well-composed."}, {"ans": [true, false, 1.0], "reasoning": "The image shows a DSLR camera with a lens attached to it, as well as another lens on top. The main camera body is clearly visible and identifiable as a DSLR. The lens on the front of the camera is also visible, so it is not missing. The image is clear and well-lit, with no visible distortions or obstructions, hence the quality score is 1."}, {"ans": [true, false, 1.0], "reasoning": "The image clearly shows a grand piano in the foreground of a concert hall, indicating that the main object, a piano, is present. The keys of the piano are visible, so they are not missing or invisible. The image is of high quality, with clear details of the piano and the concert hall."}, {"ans": [true, false, 1.0], "reasoning": "The image clearly shows a paintbrush with visible bristles next to a paint palette. The presence of the paintbrush satisfies the first question. Since the bristles are clearly visible, the answer to the second question is False. The image is of high quality as it clearly displays the paintbrush and the paint palette."}, {"ans": [true, false, 1.0], "reasoning": "The image clearly shows a watch with a strap. The watch face is visible and has a black dial with white and red hands. The strap is dark gray and appears to be made of a smooth material, possibly silicone or rubber. The strap is attached to the watch case and is visible on both sides of the watch face. Therefore, the answer to Question 1 is True. The strap is visible, so the answer to Question 2 is False. The image is clear and well-lit, showing the watch and its strap in detail, so the quality score is 1."}, {"ans": [true, false, 1.0], "reasoning": "The image clearly shows a person with their mouth open and tongue out. The mouth is the main object in the image, and it is visible. Therefore, the answer to the first question is True. The tongue is also visible, so the answer to the second question is False. The image is of high quality, with clear details of the person's face and mouth, so the quality score is 1."}, {"ans": [true, false, 1.0], "reasoning": "The image is showing a motorcycle with visible handlebars. The motorcycle is centered in the image, and its handlebars are clearly visible. The image is well-lit and of high quality, with no visible distortions or obstructions. Therefore, the answer to Question 1 is True, and the answer to Question 2 is False. The quality of the image is rated as 1, as it is clear and well-defined."}, {"ans": [true, false, 1.0], "reasoning": "The image clearly shows a vintage television set on a wooden cabinet. The television has a visible screen, although it appears to be turned off or displaying a static image. Therefore, for Question 1, the answer is True because the image is showing a television. For Question 2, the answer is False because the screen is visible, not missing or invisible. The quality of the image is rated 1 because it is clear and well-defined, with no apparent issues that would detract from its quality."}, {"ans": [true, false, 1.0], "reasoning": "The image clearly shows a goat standing on a rocky outcrop. The goat has white fur and two visible horns on its head. The presence of the goat is evident, and its horns are clearly visible, so the answer to the first question is True. Since the horns are visible, the answer to the second question is False. The image is of high quality, with clear details of the goat and its surroundings, so the quality score is 1.0."}, {"ans": [true, false, 0.9], "reasoning": "The image shows a red sneaker with white laces, which is clearly visible on a wooden surface. The sneaker is the main object in the image, and it is displayed in a well-lit and clear manner. The laces are present and visible, threaded through the eyelets. The image quality is high, with good lighting and focus on the sneaker. The only reason for not giving it a perfect score is the slight shadow under the shelf, but it doesn't significantly affect the visibility of the sneaker."}, {"ans": [true, false, 1.0], "reasoning": "The image clearly shows a frog sitting on a leaf over water. The frog's eyes are visible and prominent, indicating that they are not missing or invisible. Therefore, the answer to the first question is True because the image is showing a frog. The answer to the second question is False because the eyes are visible. The quality of the image is rated as 1 because it is clear and well-defined, with no apparent issues that would detract from its quality."}, {"ans": [true, false, 1.0], "reasoning": "The image shows a mug with a handle and a saucer. The mug is white with blue floral designs and has a handle on the right side. The handle is visible and present. The image is clear and well-lit, showing the details of the mug and saucer."}, {"ans": [true, false, 1.0], "reasoning": "The image clearly shows a saxophone with its keys visible. The saxophone is the main object in the image, and it is depicted in detail, including its keys. Therefore, the answer to the first question is True. Since the keys are visible, the answer to the second question is False. The image is of high quality as it clearly displays the saxophone and its details."}, {"ans": [true, false, 1.0], "reasoning": "The image clearly shows a skateboard with wheels on a brick-paved surface. The skateboard is the main object in the image, and it is visible with its wooden deck and four yellow wheels. The wheels are clearly visible and not missing, so the answer to the second question is False. The image is of high quality, as it is clear and well-lit, allowing for easy identification of the skateboard and its components."}, {"ans": [true, false, 1.0], "reasoning": "The image shows a fedora hat with a visible brim. The hat is displayed on a stand, and the brim is clearly visible around the hat. The image is of high quality, with clear details of the hat and its features."}, {"ans": [true, false, 0.9], "reasoning": "The image clearly shows a motorcycle helmet. The visor is present and visible, so it is not missing or not visible. The quality of the image is high, with clear details of the helmet and its features."}, {"ans": [true, true, 0.9], "reasoning": "The image clearly shows a bedframe with an ornate wooden structure and a slatted base, indicating it is designed to hold a mattress. The mattress is not present, as evidenced by the visible slats. The bedframe is the main object, and its presence is clear. The absence of a mattress is also evident, making the answer to the second question true. The image quality is high, with clear details of the bedframe and its surroundings, hence a quality score of 0.9."}, {"ans": [true, false, 1.0], "reasoning": "The image is showing a clock tower with a visible clock face. The clock tower is the main object in the image, and it is clearly visible. The clock face is also visible, so it is not missing. The image is of high quality, with clear details and proper lighting."}, {"ans": [true, false, 0.9], "reasoning": "The image shows a pocket watch with a visible face and hands. The watch is centered in the image, and its face is white with black Roman numerals and a small circular cutout at the bottom showing the mechanical gears inside. The hands of the watch are visible, with one hand pointing between the XI and XII and another hand pointing between the I and II. The watch is gold-colored and has a crown at the top. The background is a beige fabric that is draped around the watch. The image is clear and well-lit, with no visible distortions or obstructions."}, {"ans": [true, false, 0.9], "reasoning": "The image shows a red bicycle with visible pedals, leaning against a white stone wall. The presence of the bicycle answers the first question affirmatively. For the second question, the pedals are clearly visible, so they are not missing or invisible. The image is of high quality, with clear details of the bicycle and its components, hence a quality score of 0.9."}, {"ans": [true, false, 1.0], "reasoning": "The image is a digital painting of a woman's portrait. The woman is depicted with brown eyes and dark hair, wearing a black shirt against a beige background. The image clearly shows the woman's face and eyes, indicating that it is a portrait of a woman with visible eyes. Therefore, the answer to the first question is True. Since the eyes are visible, the answer to the second question is False. The image is well-rendered and detailed, so the quality is rated as 1."}, {"ans": [true, false, 1.0], "reasoning": "The image clearly shows a grand piano on a stage with its lid open, revealing the internal mechanisms including the hammers. The presence of the hammers is visible as they are attached to the inner workings of the piano. Therefore, for Question 1, the answer is True because the image is showing a grand piano. For Question 2, the answer is False because the hammers are visible and not missing. The quality of the image is rated 1 as it clearly displays the grand piano and its components."}, {"ans": [true, false, 1.0], "reasoning": "The image depicts a sailing ship with three masts and sails, indicating that it is indeed a sailing ship. The sails are clearly visible, so they are not missing. The image is of high quality, with clear details of the ship and its sails."}, {"ans": [true, false, 1.0], "reasoning": "The image shows a large tree with a wide canopy and visible leaves, which appears to be an oak tree due to its characteristic branching pattern and leaf structure. The leaves are clearly visible, so they are not missing or invisible. The image is of high quality, with clear details of the tree and its surroundings."}, {"ans": [true, false, 1.0], "reasoning": "The image shows a small stone cottage with a brown door and a window on the right side. The door is clearly visible, and the image is of high quality, showing details such as the stonework, the door's hardware, and the surrounding foliage."}, {"ans": [true, false, 1.0], "reasoning": "The image clearly shows a passenger jet on a runway, indicating that the main object is indeed a passenger jet. The wings are visible and not missing, so the answer to the second question is false. The image is clear and well-lit, with no visible distortions or obstructions, hence the quality is rated as 1."}, {"ans": [true, true, 1.0], "reasoning": "The image is showing a wristwatch with a white face and brown leather strap. The watch face has black hands and hour markers but no numbers. The watch is placed on a tan leather surface. The main object, a wristwatch, is present in the image, so the answer to the first question is True. The numbers are not visible on the wristwatch face, so the answer to the second question is True. The image is clear and well-lit, and the key elements of the watch are visible, so the quality score is 1."}, {"ans": [true, false, 1.0], "reasoning": "The image shows a pizza with cheese, tomato sauce, and basil leaves. The presence of cheese on the pizza directly answers the first question, confirming that the image is showing a pizza with cheese. For the second question, since the cheese is visible on the pizza, it is not missing or invisible. Therefore, the answer to the second question is false. The image is clear and well-lit, showing all the details of the pizza, so the quality is rated as 1."}, {"ans": [true, false, 0.9], "reasoning": "The image clearly shows traffic signals hanging above the road. Upon closer inspection, it is evident that the lights on the traffic signals are visible, indicating that they are not missing. The image quality is high, with clear details of the scene, and the presence of the traffic signals and their lights is evident. The quality score is 0.9 because the image is clear and well-lit, with no significant obstructions or distortions."}, {"ans": [true, false, 1.0], "reasoning": "The image clearly shows a skateboard with wheels. The skateboard is positioned on a concrete surface, and its wheels are visible and intact. Therefore, for Question 1, the answer is True because the image is showing a skateboard. For Question 2, the answer is False because the wheels are not missing; they are clearly visible. The quality of the image is rated 1 because it is clear and well-lit, with no issues affecting the visibility of the skateboard or its components."}, {"ans": [true, false, 0.9], "reasoning": "The image is showing a chessboard with black and white pieces arranged on it. The chessboard is clearly visible and has the typical 8x8 grid pattern. The black pieces are present on the board, although not in their starting positions, indicating a game in progress. Therefore, for Question 1, the answer is True because the image does show a chessboard. For Question 2, the answer is False because the black pieces are visible on the chessboard. The quality of the image is rated 0.9, as it is clear and well-lit, with no significant issues affecting the visibility of the chessboard or the pieces."}, {"ans": [true, false, 0.9], "reasoning": "The image clearly shows a red sports car, specifically a Ferrari convertible, in a well-lit room with a reflective floor. The car's design and features are visible, including its sleek body and silver rims. The brakes are visible through the spokes of the wheels, indicating that they are not missing. The image is of high quality, with clear details and good lighting, hence the quality score of 0.9."}, {"ans": [true, false, 1.0], "reasoning": "The image clearly shows an open book with visible text on its pages. The book is the main object in the image, and it is open, displaying two pages filled with text. Therefore, the answer to Question 1 is True because the image is showing a book. The answer to Question 2 is False because the text is visible on the pages of the book. The quality of the image is rated as 1 because it is clear and well-lit, with no visible distortions or obstructions that would hinder the view of the book or its text."}, {"ans": [true, false, 0.95], "reasoning": "The image clearly shows a computer tower with its side panel removed, revealing the internal components. The presence of fans is evident, as they are visible and illuminated with purple lights. Therefore, the answer to the first question is True because the image is showing a computer tower. The answer to the second question is False because the fans are visible and not missing. The quality of the image is rated 0.95 because it is clear and well-lit, with no significant obstructions or issues that would detract from its quality."}, {"ans": [true, false, 1.0], "reasoning": "The image depicts a scarecrow standing in a field of wheat. The scarecrow is wearing a red and white plaid shirt, tan pants, and a straw hat. Its arms are outstretched, and it appears to be made of straw or a similar material. The background is a clear blue sky over a vast field of golden wheat. The scarecrow's presence and the setting are typical of a rural or agricultural scene. For Question 1, the image is showing a scarecrow, so the answer is True. For Question 2, the arms of the scarecrow are visible and not missing, so the answer is False. The quality of the image is rated as 1 because it is clear and well-defined, with no visible distortions or issues that would detract from the overall perception of the scene."}, {"ans": [true, true, 0.9], "reasoning": "The image depicts a man in armor, which is consistent with the depiction of a knight. The presence of armor and the historical setting in the background support this identification. However, the knight is not holding a sword, and there is no visible sword on his person or in the immediate vicinity. The image is of high quality, with detailed rendering of the armor and the background. The lack of a sword is not considered a factor in assessing the image quality as per the instructions."}, {"ans": [true, false, 0.9], "reasoning": "The image shows a white teapot with a floral design on it, placed on a bamboo mat. The teapot has a spout, a lid, and a handle, which are all typical features of a teapot. The handle is visible on the right side of the teapot. Therefore, the answer to Question 1 is True because the image is showing a teapot. The answer to Question 2 is False because the handle is visible. The quality of the image is rated 0.9 because it is clear and well-lit, with no visible distortions or obstructions."}, {"ans": [true, false, 1.0], "reasoning": "The image clearly shows a basketball hoop with a net attached to it. The presence of the hoop is evident, and the net is visible and not missing. Therefore, the answer to the first question is True because the image is showing a basketball hoop. The answer to the second question is False because the net is not missing; it is visible and attached to the hoop. The quality of the image is rated 1.0 because it is clear and well-lit, with all relevant details visible."}, {"ans": [true, false, 1.0], "reasoning": "The image shows a table setting with a plate, utensils, and glasses. The main object is a dining table, so the answer to the first question is True. The glasses are visible on the table, so the answer to the second question is False. The image is clear and well-lit, and it is not missing any key elements that would affect its quality, so the quality score is 1."}, {"ans": [true, false, 1.0], "reasoning": "The image clearly shows a typewriter with a visible red ribbon. The presence of the typewriter answers the first question affirmatively. Since the ribbon is visible, it is not missing, answering the second question negatively. The image is of high quality as it clearly displays the typewriter and its components without any key elements being obscured or missing."}, {"ans": [true, true, 0.9], "reasoning": "The image shows a winter jacket hanging on a hanger against a white wall. The jacket is beige and puffy, with a fur-lined hood. It has buttons down the front but no visible zipper. For Question 1, the image is showing a winter jacket, so the answer is True. For Question 2, the zipper is not visible on the jacket, so the answer is True. The quality of the image is rated 0.9 because it is clear and well-lit, with no distractions or obstructions. The absence of a zipper does not affect the quality score as per the instructions."}, {"ans": [true, false, 1.0], "reasoning": "The image clearly shows a sunflower with its characteristic large yellow petals and a prominent center. The center of the sunflower is visible and contains seeds, which are partially visible. Therefore, the seeds are not missing or invisible. The image is of high quality as it is clear and well-lit."}, {"ans": [true, false, 0.95], "reasoning": "The image clearly depicts an elephant, which is the main object in question. The elephant is shown with its trunk visible, indicating that the trunk is not missing or invisible. The image is of high quality, with clear details of the elephant and its surroundings."}, {"ans": [true, true, 0.9], "reasoning": "The image depicts a wooden rowboat floating on a serene lake, with its bow facing the camera. The boat is empty and lacks oars, which are typically used for propulsion. The absence of oars is evident as there are no visible oars inside or outside the boat. The image quality is high, with clear details of the boat and its surroundings, hence a quality score of 0.9."}, {"ans": [true, true, 0.9], "reasoning": "The image shows a snowman in a backyard, wearing a hat and scarf. The snowman is made of three large snowballs stacked on top of each other, with sticks for arms and a carrot nose. The image does not show any buttons on the snowman's body. Therefore, the answer to Question 1 is True because the image is showing a snowman. The answer to Question 2 is True because the buttons are not visible on the snowman. The quality of the image is rated 0.9 because it is clear and well-lit, with no visible distortions or issues that would affect the visibility of the snowman or its features."}, {"ans": [true, true, 1.0], "reasoning": "The image shows a fountain pen on a notebook with an ink bottle in the background. The pen is black with gold accents and is lying on its side on the notebook. The nib is visible, but the ink inside the pen is not visible. The ink bottle is clear with a gold cap and contains dark red ink. The image is well-lit and clear, showing all the details of the pen and the ink bottle. The quality of the image is high, so the quality score is 1. For question 1, the image is showing a fountain pen, so the answer is True. For question 2, the ink is not visible from the fountain pen, so the answer is True."}, {"ans": [true, false, 0.95], "reasoning": "The image clearly shows a paintbrush with visible bristles next to a paint palette. The paintbrush is the main object in the image, and it is intact with its bristles clearly visible. Therefore, the answer to the first question is True. For the second question, since the bristles are visible, the answer is False. The image quality is rated 0.95 because it is clear and well-lit, with no visible distortions or obstructions that would affect the visibility of the main objects."}, {"ans": [true, true, 1.0], "reasoning": "The image shows a pair of eyeglasses on top of a book. The eyeglasses are visible and appear to be a pair of round, thin-framed glasses with no temples visible. The lenses are clear, and the frames are dark-colored. The glasses are placed on an open book with text on the pages. The background is a gray fabric surface. For Question 1, the image is showing eyeglasses, so the answer is True. For Question 2, the temples are not visible from the eyeglasses, so the answer is True. The quality of the image is rated as 1 because it is clear and well-lit, and there are no visible issues that would detract from the visibility of the eyeglasses or the book."}, {"ans": [true, true, 0.9], "reasoning": "The image clearly shows a person holding an umbrella on a rainy day. The umbrella is the main object, and it is present in the image. Therefore, the answer to the first question is True. Upon closer inspection, the ribs of the umbrella are not visible, likely due to the darkness of the umbrella and the rain on it. Thus, the answer to the second question is also True. The quality of the image is rated 0.9 because it is clear and well-composed, with the main subject (the person with the umbrella) in sharp focus. The only reason it is not rated 1 is due to the slight blur in the background, but this does not detract from the main subject."}, {"ans": [true, false, 0.9], "reasoning": "The image is showing a wristwatch with a visible face and internal mechanisms. The hour markers are visible on the edge of the watch face, so they are not missing. The quality of the image is high, with clear details of the watch's components."}, {"ans": [true, false, 1.0], "reasoning": "The image depicts a camping tent situated in a grassy field. The tent is partially set up, with its fabric visible and ropes extended to secure it to the ground. The poles are present and visible, supporting the structure of the tent. Therefore, the answer to Question 1 is True because the image is showing a camping tent. The answer to Question 2 is False because the poles are not missing; they are visible and appear to be supporting the tent. The quality of the image is rated as 1 because it clearly shows the camping tent and its components, including the poles, without any significant obscuration or distortion."}, {"ans": [true, false, 1.0], "reasoning": "The image is showing a cuckoo clock with four weights hanging from the bottom, which are visible. The clock is intricately designed with deer figures and pine cones, and it is hanging on a wooden wall. The presence of the weights is clear, so they are not missing or invisible."}, {"ans": [true, true, 0.9], "reasoning": "The image is showing a smartphone, so the answer to the first question is True. The speaker grille is not visible from the back of the smartphone, so the answer to the second question is True. The image is of high quality, clearly showing the smartphone's design and features, so the quality score is 0.9."}, {"ans": [true, false, 0.9], "reasoning": "The image clearly shows a motorcycle, so the answer to the first question is True. The speedometer is visible on the handlebars, so the answer to the second question is False. The image is well-lit and in focus, with a clear view of the motorcycle's handlebars and speedometer, hence a high quality score of 0.9."}, {"ans": [true, true, 0.8], "reasoning": "The image shows a violin bow. The bow is lying on a red fabric surface, and it appears to be a typical violin bow with a wooden stick and metal fittings. The bow hair is not visible, suggesting that it is either missing or not visible. The image is clear and well-lit, and the bow is centered in the frame. The quality of the image is good, with a clear view of the bow's details. The score of 0.8 is given because the image is slightly lacking in detail in the background, but the main object, the violin bow, is clearly visible."}, {"ans": [true, false, 0.9], "reasoning": "The image is showing a birdcage with a bird inside it. The bird is standing on a small perch or branch inside the cage. The birdcage is the main object in the image, and it is clearly visible. Therefore, the answer to Question 1 is True. The perch is visible inside the birdcage, as the bird is standing on it. Therefore, the answer to Question 2 is False. The image is of high quality, with clear details of the birdcage and the bird. The quality score is 0.9 because the image is well-lit and the objects are in focus."}, {"ans": [true, false, 0.9], "reasoning": "The image depicts a statue of a woman in a classical style, standing in a colonnade. The statue is intact and has a head, so it answers 'True' to the first question. For the second question, since the head is present and visible, the answer is 'False'. The image quality is rated 0.9 because it is clear and detailed, with good lighting that highlights the statue and its surroundings."}, {"ans": [true, false, 1.0], "reasoning": "The image clearly shows a teddy bear sitting on a bed. The teddy bear has a visible nose, which is brown in color. Therefore, for Question 1, the answer is True because the image is showing a teddy bear. For Question 2, the answer is False because the nose is visible on the teddy bear. The quality of the image is rated as 1.0 because it is clear and well-lit, and the teddy bear is the main focus."}, {"ans": [true, false, 1.0], "reasoning": "The image clearly shows a pair of white sneakers with laces. The sneakers are prominently displayed on a gray mat against a white wall. The laces are visible and tied, indicating they are not missing or invisible. The image is well-lit and of high quality, capturing the details of the sneakers and their surroundings."}, {"ans": [true, false, 1.0], "reasoning": "The image clearly shows a refrigerator with its doors open, revealing the interior. The refrigerator is white and has multiple shelves inside, as well as door shelves on both doors. The presence of the refrigerator is evident, so the answer to the first question is True. The door shelves are visible on both doors, so they are not missing or invisible, making the answer to the second question False. The image is clear and well-lit, showing all the details of the refrigerator, hence the quality score is 1."}, {"ans": [true, false, 1.0], "reasoning": "The image clearly depicts a group of people gathered around a campfire in a forest. The campfire is the central focus, and it is evident that flames are present. Therefore, the answer to Question 1 is True because the image is showing a campfire. For Question 2, the answer is False because the flames are visible and not missing from the campfire. The quality of the image is rated as 1 because it is clear and well-defined, with all elements visible and no apparent degradation or distortion."}, {"ans": [true, false, 1.0], "reasoning": "The image shows a drinking fountain with water flowing from it, indicating that it is present and visible. The main object in the image is a drinking fountain, which is clearly visible. The water is flowing from the fountain, so it is not missing or invisible."}, {"ans": [true, true, 0.9], "reasoning": "The image shows a revolver with a visible cylinder and barrel, indicating it is a revolver. The trigger guard is not visible, suggesting it is either missing or not visible due to the angle of the image. The image is clear and well-lit, allowing for a good view of the revolver's features, hence a high quality score."}, {"ans": [true, false, 0.9], "reasoning": "The image is a detailed illustration of a compass rose, which is clearly visible in the center. The compass rose is adorned with ornate details and is surrounded by a circular map. The north arrow is present and visible, pointing towards the top of the image. The image is of high quality, with clear lines and details, although it appears to be aged or vintage, which might slightly affect its clarity."}, {"ans": [true, false, 0.9], "reasoning": "The image depicts a cityscape with skyscrapers, and the windows are visible on the buildings. The presence of skyscrapers satisfies the first question. The visibility of windows on the skyscrapers means they are not missing or invisible, answering the second question. The image is of high quality, with clear details of the buildings and the cityscape, hence a quality score of 0.9."}, {"ans": [true, false, 1.0], "reasoning": "The image is showing a conductor standing on a podium with his right hand raised. He is wearing a black tuxedo and white shirt, and there are musicians playing various instruments in the background. The conductor is holding a baton in his left hand, which is resting on the podium. Therefore, the baton is not missing or invisible."}, {"ans": [true, false, 1.0], "reasoning": "The image shows a soccer goal with a crossbar and netting on a green field. The crossbar is clearly visible, connecting the two goalposts. The image is of high quality, with clear details of the goal and the field."}, {"ans": [true, false, 1.0], "reasoning": "The image clearly shows a microscope with its main components visible, including the eyepieces and objective lenses. The presence of the microscope answers the first question affirmatively. For the second question, the lenses (both eyepieces and objective lenses) are visible, so they are not missing or invisible. The image is clear and well-lit, showing all the necessary details of the microscope, hence the quality is rated as 1."}]