[{"ans": [true, true, 1.0], "reasoning": "The image shows a sailboat in the water. The main object, a sailboat, is clearly visible, so the answer to the first question is True. The sails are furled and not visible, so the answer to the second question is True. The image is clear and of high quality, with no visible artifacts or distortions, so the quality score is 1.0."}, {"ans": [true, true, 0.9], "reasoning": "The image clearly shows a bicycle leaning against a brick wall. The bicycle is red and appears to be old and worn. The chain is not visible, suggesting it is either missing or not visible due to the angle or condition of the bike. The image is clear and well-lit, with no visible artifacts or distortions that would affect the quality. Therefore, the answer to Question 1 is True because the image is showing a bicycle. The answer to Question 2 is True because the chain is not visible. The quality of the image is rated 0.9 because it is clear and well-defined, with no noticeable issues."}, {"ans": [true, false, 0.95], "reasoning": "The image clearly shows a cat, specifically a gray cat with yellow eyes sitting on a windowsill. The cat is well-defined and centered in the image. Upon closer inspection, the whiskers are visible, indicating that they are not missing. The image is sharp and clear, with no visible artifacts or distortions that would detract from its quality. The only minor issue is some dirt on the windowsill, but this does not affect the overall quality of the image of the cat. Therefore, the answer to Question 1 is True because the image is showing a cat. The answer to Question 2 is False because the whiskers are visible, meaning they are not missing or not visible. The quality score is 0.95, as the image is very clear and well-focused on the cat, with only minor issues unrelated to the cat itself."}, {"ans": [true, true, 0.9], "reasoning": "The image depicts a castle with a large stone structure and a distinctive dragon-like entrance. The castle's walls are made of stone and have a weathered appearance, indicating age. The dragon's mouth is open, revealing a dark interior, and appears to be a part of the castle's architecture. There are no visible gates in the image. The overall condition of the image is clear and well-defined, with no noticeable artifacts or distortions. Therefore, the answer to Question 1 is True, as the image does show a castle. The answer to Question 2 is also True, as the gates are not visible. The quality of the image is rated 0.9, as it is clear and well-defined, with no significant issues."}, {"ans": [true, false, 0.9], "reasoning": "The image clearly depicts a hot-air balloon with a visible basket. The main object, the hot-air balloon, is present and identifiable. The basket is also visible, attached to the balloon and carrying people. The image is of high quality with clear details and no significant artifacts or distortions that would affect the visibility of the main object or the basket. The quality score is 0.9 because the image is very clear and well-lit, with vibrant colors. The slight deduction is due to a minor haze in the background, but it does not significantly impact the overall clarity of the main subject."}, {"ans": [true, false, 0.9], "reasoning": "The image clearly shows a turtle with a visible shell on a sandy beach. The turtle is identifiable by its shape and features, and the shell is partially visible, indicating it is not missing. The image is of high quality, with clear details and no visible artifacts or distortions that would affect the perception of the main object or its features. The slight yellow tint and the reflection of light on the water and the turtle's shell are natural and do not detract from the image quality."}, {"ans": [true, false, 0.9], "reasoning": "The image is showing a train, so the answer to the first question is true. The wheels of the train are visible, so the answer to the second question is false. The image quality is good, with clear details of the train and the station, but there are some artifacts on the left side of the image, so the quality score is 0.9."}, {"ans": [true, false, 0.95], "reasoning": "The image clearly shows a pair of eyeglasses with lenses. The main object, eyeglasses, is present, so the answer to the first question is True. The lenses are visible, so the answer to the second question is False. The image is of high quality, with clear details and no visible artifacts or distortions, so the quality score is 0.95. The slight deduction is due to minor reflections and shadows that are inherent to the image."}, {"ans": [true, false, 1.0], "reasoning": "The image clearly shows a fountain pen with a visible nib, indicating that the main object is present. The nib is not missing or invisible; it is clearly visible at the tip of the pen. The image is of high quality, with no visible artifacts, blurring, or other issues that would detract from its clarity."}, {"ans": [true, true, 0.9], "reasoning": "The image shows a damaged umbrella frame without a canopy, leaning against a wall next to a chair. The main object in the image is indeed an umbrella, albeit without its canopy. Therefore, the answer to the first question is True. For the second question, the canopy is missing, so the answer is True. The image quality is rated 0.9 because it is clear and well-lit, with no significant artifacts or distortions that affect the visibility of the main objects."}, {"ans": [true, false, 1.0], "reasoning": "The image clearly shows a large white airplane on a runway, with its wings visible. The presence of the airplane answers the first question affirmatively. Since the wings are visible, the answer to the second question is negative, indicating that the wings are not missing or invisible. The image is of high quality, with clear details and no visible artifacts or distortions, thus warranting a quality score of 1."}, {"ans": [true, false, 0.95], "reasoning": "The image is showing a desk lamp with a brass finish and a chain pull switch. The bulb is visible and appears to be hanging from the socket by the chain, indicating it is present but not screwed in. The image is clear and well-lit, with no visible artifacts or distortions that would affect the quality. The main object, the desk lamp, is clearly visible. Therefore, the answer to Question 1 is True because the image is showing a desk lamp. The answer to Question 2 is False because the bulb is visible, albeit not screwed into the socket. The quality of the image is rated 0.95 out of 1 because it is clear and well-composed, with only minor considerations for the slight cropping of the lamp base and the presence of a background that, while distracting, does not detract significantly from the main subject."}, {"ans": [true, false, 0.95], "reasoning": "The image shows an electric guitar with a visible neck. The main object, the electric guitar, is present, so the answer to the first question is True. The neck is clearly visible, so the answer to the second question is False. The image is of high quality, with clear details and no visible artifacts or distortions, so the quality score is 0.95. The slight shadow and reflection on the guitar are natural and do not detract from the overall quality."}, {"ans": [true, false, 0.9], "reasoning": "The image is showing a crystal sculpture of a fish with visible fins, so the main object is present. The fins are visible, so they are not missing. The image quality is high, with clear details of the sculpture, but there might be some minor reflections or lighting effects that could slightly reduce the quality, hence a score of 0.9."}, {"ans": [true, false, 1.0], "reasoning": "The image clearly depicts a cottage with a roof, situated in a field of wildflowers. The cottage is made of brick and has a steeply pitched roof covered in shingles. The roof is visible and not missing. The image is of high quality, with clear details and no visible artifacts or distortions."}, {"ans": [true, true, 0.9], "reasoning": "The image shows a vintage convertible car with its top down, revealing the interior. The windshield is not visible, indicating it is either missing or folded down out of sight. The main object, a car, is present. The image is clear and well-lit, with no visible artifacts or distortions that would significantly impact its quality. The slight sepia tone is likely a stylistic choice rather than a degradation. Thus, the quality is rated high."}, {"ans": [true, true, 0.9], "reasoning": "The image is showing a keyboard with illuminated keys. The spacebar is not visible due to overexposure from the bright light emitted by the keyboard. The image quality is generally good, with clear details of the keyboard and its components, but the overexposure in the area of the spacebar slightly affects the overall quality."}, {"ans": [true, false, 0.9], "reasoning": "The image clearly shows an owl perched on a tree branch, with a full moon in the background. The owl is depicted with its feathers visible, indicating that the feathers are not missing or invisible. The image is of high quality, with clear details and no visible artifacts or distortions. The only reason for not giving it a perfect score is the slight blurring around the edges of the owl's body, but this does not significantly impact the overall quality."}, {"ans": [true, false, 1.0], "reasoning": "The image is showing a book with its cover open, revealing the pages inside. The pages are visible and not missing. The image is clear and of high quality, with no visible artifacts or distortions."}, {"ans": [true, false, 0.95], "reasoning": "The image clearly depicts a lighthouse, which is the main object in the scene. The lighthouse is white with a red-roofed building adjacent to it, and it has a lit lamp at the top. The lamp is visible and appears to be functioning, as it is emitting light. The image is of high quality, with clear details and no visible artifacts or distortions. The only reason the quality score is not 1 is due to the slightly dramatic and cloudy sky, which might be considered a stylistic choice rather than a flaw. However, it does not detract from the clarity of the main subject, the lighthouse."}, {"ans": [true, false, 1.0], "reasoning": "The image clearly shows an armchair, which is the main object. The chair has a visible leg at the front, indicating that it is not missing. The image is of high quality, with clear details and no visible artifacts or distortions. Therefore, the answer to Question 1 is True, and the answer to Question 2 is False. The quality score is 1.0 because the image is clear and well-rendered."}, {"ans": [true, true, 0.95], "reasoning": "The image clearly shows a deer in a forest setting. The deer is centered and visible, indicating that it is the main object. The deer appears to be without antlers, as there is no visible sign of them on its head. The image is sharp and well-lit, with good color representation, indicating a high-quality image. The quality score is 0.95 because the image is clear and free of noticeable artifacts or distortions."}, {"ans": [true, true, 1.0], "reasoning": "The image shows a white envelope with the flap tucked in, making it not visible. The envelope is centered on a marble surface. The image is clear and of high quality, with no visible artifacts or distortions."}, {"ans": [true, true, 1.0], "reasoning": "The image is showing a wall clock, which is the main object. The clock face is white with black hands, but there are no numbers visible on the clock face. The image is clear and of high quality, with no visible artifacts, blurring, or other issues that would affect the quality score. Therefore, the answer to Question 1 is True, the answer to Question 2 is True, and the quality score is 1.0."}, {"ans": [true, false, 1.0], "reasoning": "The image clearly shows a person wearing a white space suit floating in a pool of water. The helmet is present and visible, as it is part of the space suit. The image is clear and of high quality, with no visible artifacts or distortions. Therefore, the answer to Question 1 is True because the image is showing a space suit. The answer to Question 2 is False because the helmet is not missing; it is visible. The quality of the image is rated 1.0 because it is clear and shows the details of the space suit and the surrounding environment without any noticeable issues."}, {"ans": [true, false, 1.0], "reasoning": "The image clearly shows a windmill standing in a field of wheat. The windmill has visible blades, although some of them appear to be damaged or broken. The image is sharp and well-defined, with no noticeable artifacts or distortions. Therefore, the answer to Question 1 is True because the image is showing a windmill. The answer to Question 2 is False because the blades are visible, even though some are damaged. The quality of the image is rated as 1 because it is clear and well-defined, with no significant issues affecting its quality."}, {"ans": [true, true, 1.0], "reasoning": "The image prominently features a large tree without leaves, indicating that it is indeed showing a tree. The leaves are missing or not visible on the main tree and most of the surrounding trees, aligning with the condition for the second question. The image is clear, well-lit, and free of noticeable artifacts or distortions, warranting a high-quality score of 1.0."}, {"ans": [true, false, 0.9], "reasoning": "The image is showing a yellow school bus, which is a type of bus. The bus is visible and appears to be in a parking lot. The doors of the bus are visible and appear to be intact, so they are not missing. The image is clear and well-lit, with no visible artifacts or distortions that would affect the quality. However, there are some rust spots and dirt on the bus, but this does not significantly impact the overall quality of the image."}, {"ans": [true, false, 1.0], "reasoning": "The image clearly shows a laptop with its screen open and visible. The laptop is positioned on a dark brown table against a white wall. The screen is not missing; it is open and facing the viewer, although it appears to be displaying a blank or white screen. The image is sharp and well-lit, with no visible artifacts or distortions that would affect its quality. Therefore, the main object (laptop) is present, and the screen is not missing or invisible."}, {"ans": [true, true, 0.9], "reasoning": "The image is showing a trumpet, but the mouthpiece is not visible as it is missing from the instrument. The image quality is generally good with clear details of the trumpet, but there are some minor fabric wrinkles and creases in the background that slightly affect the overall quality."}, {"ans": [true, false, 0.95], "reasoning": "The image clearly shows a robot with a visible head in a laboratory setting. The robot is the main object, and its head is clearly visible, indicating that it is not missing. The image is of high quality with clear details and no visible artifacts or distortions that would significantly impact the perception of the robot or its head."}, {"ans": [true, true, 0.9], "reasoning": "The image depicts a white candle on a silver tray. The candle is the main object in the image, and it is clearly visible. The wick is not visible in the image, so it is considered missing. The image is of high quality, with clear details and no visible artifacts or distortions. The only reason for not giving it a perfect score is the slight reflection on the candle and the tray, but it does not significantly impact the overall quality."}, {"ans": [true, false, 0.95], "reasoning": "The image is showing a pizza with visible cheese, so the answer to the first question is True. The cheese is visible on the pizza, so the answer to the second question is False. The image is clear and well-defined, with no visible artifacts or distortions, so the quality score is high, but not 1 due to minor dust or flour particles visible on the surface."}, {"ans": [true, true, 0.95], "reasoning": "The image is showing a DSLR camera body without a lens attached. The camera is clearly visible and identifiable as a DSLR. The lens is missing, as indicated by the open lens mount. The image quality is high, with clear details and no visible artifacts or distortions. The slight decrease in quality score is due to a minor shadow on the table, but it does not significantly impact the overall image."}, {"ans": [true, false, 1.0], "reasoning": "The image clearly shows a grand piano on a stage in a large auditorium. The piano is centered and visible in detail. The keys of the piano are visible and not missing, they are clearly seen on the image. The image is of high quality with no visible artifacts, blurring, or other issues that would detract from its clarity."}, {"ans": [true, true, 0.9], "reasoning": "The image shows a paintbrush with a visible handle and metal ferrule, but the bristles are not visible as they are likely submerged in the paint on the palette. The presence of the paintbrush is evident, so the answer to the first question is true. Since the bristles are not visible, the answer to the second question is also true. The image is of high quality, with clear details and no noticeable artifacts or distortions, so the quality score is 0.9."}, {"ans": [true, true, 1.0], "reasoning": "The image shows a watch on a granite countertop. The watch is clearly visible and appears to be a digital watch with a black band. The strap of the watch is not visible as it is likely detached or not shown in the image. The image is clear and well-lit, with no visible artifacts or distortions. Therefore, the answer to Question 1 is True, as the image is showing a watch. The answer to Question 2 is also True, as the strap is not visible. The quality of the image is rated as 1.0, as it is clear and well-defined."}, {"ans": [true, true, 0.9], "reasoning": "The image shows a man in a dentist's chair with his mouth open, and a transparent overlay of a skull is visible over his face. The main object, the mouth, is clearly visible. The tongue is not visible, likely because it is obscured by the dental instruments or the overlay. The image is clear and well-lit, with no significant artifacts or distortions that would affect the visibility of the main object. The quality of the image is high, with a score of 0.9, as it is slightly affected by the overlay and the lighting."}, {"ans": [true, false, 0.9], "reasoning": "The image clearly shows a motorcycle, so the answer to the first question is True. The handlebars of the motorcycle are visible, so the answer to the second question is False. The image is well-lit and detailed, with no visible artifacts or distortions that would significantly impact its quality. However, the overall aesthetic has an unnatural color tone due to the pink lighting, which slightly reduces the quality score to 0.9."}, {"ans": [true, false, 1.0], "reasoning": "The image is showing a television with its screen visible, although it is displaying a reflection. The screen is not missing, it is present and visible. The image quality is high, with clear details and no visible artifacts or distortions."}, {"ans": [true, false, 0.9], "reasoning": "The image is showing a white goat standing on a rocky outcrop, with a snowy mountainous background. The goat appears to be a mountain goat, which is a type of goat. The horns are visible on the goat's head. The image is clear and well-defined, with no visible artifacts or distortions that would affect the quality. The quality score is 0.9 because the image is very clear and well-defined, but there might be a slight loss of detail due to the compression or other factors."}, {"ans": [true, false, 1.0], "reasoning": "The image clearly shows a red sneaker with white soles and laces, sitting on a metal bar in front of gray lockers. The sneaker is the main object in the image and is clearly visible. The laces are also visible, threaded through the eyelets and tied. The image is sharp and well-lit, with no visible artifacts or distortions. Therefore, the answer to Question 1 is True, as the image is showing a sneaker. The answer to Question 2 is False, as the laces are not missing or not visible. The quality of the image is rated 1, as it is clear and well-defined."}, {"ans": [true, false, 0.9], "reasoning": "The image clearly shows a green frog sitting on a leaf in the water. The frog's body is visible, and one of its eyes is clearly visible. The image is sharp and well-focused on the frog, indicating good quality. However, the quality score is not 1 because the right eye of the frog is not visible, and there are some minor blurriness and artifacts around the edges of the image, particularly on the right side due to the overlay of the watermark."}, {"ans": [true, false, 1.0], "reasoning": "The image clearly shows a mug with a handle, so the answer to the first question is True. The handle is visible, so the answer to the second question is False. The image is of high quality, with clear details and no visible artifacts or distortions, so the quality score is 1.0."}, {"ans": [true, false, 0.9], "reasoning": "The image clearly shows a saxophone, which is the main object in question. The saxophone is depicted with its keys visible, indicating that the keys are not missing. The image is of high quality, with clear details of the saxophone and its components, although there is some overexposure on the bell due to lighting."}, {"ans": [true, false, 0.95], "reasoning": "The image clearly shows a skateboard with wheels attached to it. The skateboard is positioned on a brick surface, and the wheels are visible and appear to be intact. The image is well-lit, and the details of the skateboard are clear, indicating a high-quality image. There are no visible artifacts, blurring, or other issues that would detract from the quality."}, {"ans": [true, false, 1.0], "reasoning": "The image shows a black fedora hat on a stand. The hat is clearly visible and appears to be a fedora with a brim. The brim is visible around the hat, so it is not missing or not visible. The image is clear and well-lit, with no visible artifacts or distortions that would affect the quality."}, {"ans": [true, false, 0.9], "reasoning": "The image clearly shows a motorcycle helmet on a workbench, with the visor open and visible. The main object, a motorcycle helmet, is present. The visor is not missing; it is open and clearly visible above the helmet. The image quality is high, with clear details of the helmet and the surrounding tools. The only reason for not giving it a perfect score is the slight reflection and the presence of some tools and background that might be considered minor distractions, but they do not significantly impact the clarity or understanding of the main subject."}, {"ans": [true, true, 1.0], "reasoning": "The image clearly shows a bedframe with an ornate headboard and footboard. The mattress is not visible, as there are wooden slats in place where a mattress would typically be positioned. The image is of high quality, with clear details and no visible artifacts or distortions."}, {"ans": [true, false, 0.95], "reasoning": "The image shows a tall brick tower with a clock face on it, which is the main object. The clock face is visible, so it is not missing. The image is clear and well-lit, with no visible artifacts or distortions. The quality of the image is high, with a score of 0.95 out of 1. The only reason for not giving it a perfect score is the slight presence of clouds and wispy cirrus in the sky, but this does not detract from the main subject."}, {"ans": [true, false, 0.9], "reasoning": "The image clearly shows a pocket watch with its cover removed, revealing the inner workings. The hands of the watch are visible, indicating the time. The image is sharp and well-lit, with no visible artifacts or distortions that would affect the quality. The quality score is 0.9 because the image is very clear and detailed, with only minor signs of wear on the watch that do not detract from its overall clarity."}, {"ans": [true, false, 0.95], "reasoning": "The image is clearly showing a bicycle, so the answer to the first question is True. The pedals are visible on the bicycle, so the answer to the second question is False. The image is of high quality, with clear details and no visible artifacts or distortions, so the quality score is 0.95. The slight deduction from 1 is due to the fact that the image is not perfectly sharp, but it is still very clear."}, {"ans": [true, false, 0.9], "reasoning": "The image shows a portrait of a woman in a museum setting. The portrait is the main focus of the image and is clearly visible. The woman's eyes are visible in the portrait, so they are not missing. The image is well-lit and the colors are natural, but there is a slight shadow on the wall behind the portrait, which might slightly reduce the quality. However, the overall quality is still high."}, {"ans": [true, false, 0.9], "reasoning": "The image is showing a grand piano on a stage with an audience in the background. The piano is transparent and illuminated from within, showcasing its internal mechanisms including the hammers. The image is clear and well-lit, with a slight glare from the stage lights. The quality is high, with no visible artifacts or distortions. The main object, the grand piano, is clearly visible and the hammers are also visible inside the piano."}, {"ans": [true, true, 0.95], "reasoning": "The image shows a sailing ship, which is the main object. The sails are not visible, indicating they are either missing or not visible. The image quality is high, with clear details of the ship and its rigging, and no noticeable artifacts or distortions."}, {"ans": [true, false, 1.0], "reasoning": "The image shows a large oak tree with sprawling branches and a thick trunk, indicating that it is indeed an oak tree. The leaves are visible on the branches, so they are not missing or invisible. The image is clear and well-defined, with no visible artifacts, blurring, or other issues that would affect its quality."}, {"ans": [true, false, 0.9], "reasoning": "The image depicts a charming stone cottage with a sloping roof, surrounded by lush greenery and trees. The cottage is clearly visible, and a door is present on the front facade, partially obscured by vines. The door is visible and appears to be the main entrance to the cottage. The image is of high quality, with clear details and no visible artifacts or distortions. The quality score is 0.9 due to the slight blurring of some details in the background, but this does not detract from the overall clarity of the image."}, {"ans": [true, false, 0.95], "reasoning": "The image shows a white passenger jet on a runway. The wings are visible and appear to be intact. The overall quality of the image is high, with clear details of the aircraft and its surroundings. There are no visible artifacts, blurring, or other issues that would affect the quality score."}, {"ans": [true, true, 1.0], "reasoning": "The image clearly shows a wristwatch on a leather tray. The watch face is gray and does not display any numbers, indicating that the numbers are missing or not visible. The image is sharp and well-lit, with no visible artifacts or distortions, hence the quality score is 1.0."}, {"ans": [true, false, 1.0], "reasoning": "The image clearly shows a pizza on a wooden board. The pizza has a red sauce base, topped with basil leaves and what appears to be cheese stuffed into the crust. There are visible cheese bits within the pizza, indicating that cheese is present. The image is clear and well-lit, with no visible artifacts or distortions that would affect the quality."}, {"ans": [true, false, 0.9], "reasoning": "The image clearly shows traffic signals with lights visible, indicating that the main object (traffic signals) is present. For the second question, the lights are visible on the traffic signals, so they are not missing or invisible. The quality of the image is high, with clear details of the traffic signals and the surrounding environment, although there is some overexposure in the center."}, {"ans": [true, false, 1.0], "reasoning": "The image clearly shows a skateboard with wheels. The skateboard is positioned on a concrete surface, and its colorful design is visible. The wheels are present and not missing, as they are clearly visible at the bottom of the skateboard. The image is sharp and well-lit, with no visible artifacts or distortions that would affect its quality."}, {"ans": [true, true, 0.9], "reasoning": "The image clearly shows a chessboard with pieces arranged on it, so the answer to the first question is True. The black pieces are not visible on the chessboard, as all the pieces visible are of the same color, so the answer to the second question is True. The image is of high quality with no visible artifacts, blurring, or other issues that would detract from its quality, hence the quality score is 0.9. The slight reduction from 1 is due to a minor reflection on the chessboard."}, {"ans": [true, true, 0.9], "reasoning": "The image is showing a sports car, which is the main object. The brakes are not visible from the side view of the sports car, so they are considered missing or not visible. The image is of high quality, with clear details and no noticeable artifacts or distortions, so the quality score is 0.9."}, {"ans": [true, true, 0.9], "reasoning": "The image clearly shows an open book on a wooden table, with the pages facing upwards. The book is the main object in the image, and it is evident that it is a book. Therefore, the answer to Question 1 is True. Upon closer inspection, it is noticeable that the pages of the book are blank, meaning there is no text visible. Hence, the answer to Question 2 is also True. The image is of high quality, with clear details and no visible artifacts or distortions. The slight wear on the table and the bookshelves in the background add to the authenticity of the scene. The quality score is 0.9 because the image is very clear and well-lit, with no significant issues affecting its quality."}, {"ans": [true, false, 1.0], "reasoning": "The image clearly shows a computer tower with visible internal components, including fans that are illuminated with purple and blue lights. The presence of the fans is evident through the transparent side panel of the case. The image is sharp and well-lit, with no visible artifacts or distortions that would detract from its quality. Therefore, the answer to Question 1 is True because the image is showing a computer tower. The answer to Question 2 is False because the fans are visible. The quality score is 1 because the image is clear and well-rendered, with no noticeable issues."}, {"ans": [true, false, 1.0], "reasoning": "The image is clearly showing a scarecrow with a hat and a plaid shirt, standing in a field. The scarecrow has visible arms, which are made of straw and are attached to the body. The image is sharp and well-defined, with no visible artifacts or distortions. Therefore, the answer to Question 1 is True, as the image is showing a scarecrow. The answer to Question 2 is False, as the arms are visible. The quality of the image is rated as 1, as it is clear and well-defined."}, {"ans": [true, true, 0.9], "reasoning": "The image depicts a knight in armor, fulfilling the first question's condition. The knight is not holding a sword, and it is not visible on his person or in the immediate vicinity, answering the second question. The image quality is high, with clear details of the armor and the knight's face, but there are some visible brush strokes and texture from the painting, which slightly reduces the quality score to 0.9."}, {"ans": [true, false, 0.95], "reasoning": "The image clearly shows a teapot with a handle, spout, and lid, decorated with a floral pattern. The handle is visible on the right side of the teapot. The image is sharp and well-lit, with no noticeable artifacts or distortions. The quality is high, but slightly less than perfect due to a minor blur in the background."}, {"ans": [true, false, 0.8], "reasoning": "The image clearly shows a basketball hoop with a net. The presence of the hoop and net is evident, and the net is visible and not missing. The image is sharp and clear, showing the details of the hoop and net, as well as the surrounding environment reflected in the backboard. However, the quality is not perfect due to some minor artifacts and reflections on the backboard, hence a quality score of 0.8."}, {"ans": [true, false, 0.95], "reasoning": "The image shows a dining table set with fine china, silverware, and glasses. The table is covered with a white tablecloth and has multiple place settings. The glasses are visible and not missing. The image is clear and well-lit, with no visible artifacts or distortions that would affect its quality. The slight decrease in quality score is due to minor wrinkles on the tablecloth."}, {"ans": [true, false, 0.9], "reasoning": "The image clearly shows a typewriter, which is the main object. The typewriter is visible and appears to be in a functional state with a ribbon visible between the metal parts. The ribbon is not missing; it is visible and appears to be properly threaded through the typewriter's mechanism. The image is of high quality, with clear details of the typewriter's components. There are no visible artifacts, blurring, or other issues that would detract from the image quality. The slight sepia tone does not detract from the quality but rather adds to the vintage aesthetic."}, {"ans": [true, true, 0.9], "reasoning": "The image shows a row of winter jackets hanging on a rack. The main object in the image is a winter jacket, so the answer to the first question is True. The second jacket from the left does not have a visible zipper, it is fastened with buttons, so the answer to the second question is True. The image is clear and well-lit, with no visible artifacts or distortions, so the quality score is 0.9."}, {"ans": [true, false, 0.9], "reasoning": "The image clearly shows two sunflowers, so the answer to the first question is True. The seeds are visible on both sunflowers, so the answer to the second question is False. The image is of high quality, with clear details and no visible artifacts or distortions, so the quality score is 0.9. The slight lens flare effect from the sun does not detract significantly from the overall quality."}, {"ans": [true, false, 0.9], "reasoning": "The image is showing an elephant, which is the main object. The elephant's trunk is visible, so it is not missing. The image is clear and well-defined, with no visible artifacts or distortions that would affect the quality. The only reason for a quality score less than 1 is the slight dust around the elephant's feet, but it does not significantly impact the overall quality."}, {"ans": [true, true, 0.9], "reasoning": "The image shows a rowboat, which is the main object, so the answer to the first question is True. The oars are not visible in the boat, so the answer to the second question is True. The image is clear and well-defined, with no visible artifacts or distortions that would affect the quality score. The quality score is 0.9 because the image is very clear, but it might not be perfect due to minor factors like slight weathering details on the boat."}, {"ans": [true, false, 0.9], "reasoning": "The image clearly shows a snowman in the foreground, with a hat, scarf, and buttons, standing in a snowy yard. The snowman is the main object and is visible with its details. The buttons on the snowman are visible, so they are not missing. The image is of high quality with clear details and no visible artifacts or distortions that would significantly impact the visibility of the main object or its features."}, {"ans": [true, false, 1.0], "reasoning": "The image is showing a fountain pen with a clear ink reservoir, and the ink is visible inside the reservoir. The pen is placed on an open notebook, and the image is clear and well-lit, with no visible artifacts or distortions. Therefore, the answer to the first question is True, and the answer to the second question is False because the ink is visible. The quality of the image is rated as 1.0 because it is clear and well-focused, with no visible issues."}, {"ans": [true, true, 0.9], "reasoning": "The image shows a paintbrush with a wooden handle and a metal ferrule, but the bristles are not visible as they are likely covered in paint and possibly stuck to the palette. The presence of the paintbrush is clear, so the answer to the first question is True. The bristles are not visible, so the answer to the second question is True. The image is of high quality, with clear details and no visible artifacts or distortions, so the quality score is 0.9."}, {"ans": [true, false, 0.95], "reasoning": "The image clearly shows a pair of eyeglasses with round lenses and metal frames, resting on a piece of torn newspaper. The temples of the glasses are visible, extending from the frame towards the top right corner of the image. The presence of the eyeglasses directly answers the first question. For the second question, since the temples are visible, they are not considered missing or not visible. The image is sharp and clear, with no significant artifacts or distortions that would affect the visibility of the main object or its details. The quality of the image is high, with a score of 0.95, slightly reduced due to the texture of the background and the newspaper, which might be considered a minor distraction."}, {"ans": [true, true, 0.9], "reasoning": "The image clearly shows a person holding an umbrella on a rainy street. The umbrella is the main object and is visible, so the answer to the first question is True. Upon closer inspection, the ribs of the umbrella are not visible, likely due to the angle and the fabric of the umbrella, so the answer to the second question is True. The image quality is high, with clear details of the scene, but there is some blurring in the background due to rain, which slightly affects the quality score. However, the main object is clear, so the quality score is 0.9."}, {"ans": [true, false, 0.9], "reasoning": "The image shows a wristwatch with a visible face and hour markers, although the watch face is designed with an openwork style, making it somewhat skeletal. The hour markers are visible, indicating that they are not missing. The image is clear and well-lit, with minor reflections on the glass dome that encases the watch. The quality is high, with detailed rendering of the watch's mechanics and leather strap. The score is not 1 due to the presence of some reflections and minor imperfections in the glass dome."}, {"ans": [true, false, 0.9], "reasoning": "The image shows a camping tent with its structure partially visible. The tent is set up in a grassy field with trees in the background. The tent's fabric is visible and appears to be supported by poles, although the poles themselves are not clearly visible due to the angle and the fact that they are likely thin. The tent's shape and the presence of guy lines suggest that it is a typical camping tent. The image is clear and well-lit, with no significant artifacts or distortions that would affect the visibility of the tent. The quality of the image is high, with a score of 0.9, as it is clear and well-defined. The main object, the camping tent, is present. The poles are not directly visible but their presence is inferred from the tent's structure, so they are not considered missing."}, {"ans": [true, false, 0.9], "reasoning": "The image shows a cuckoo clock with intricate carvings and decorations, including leaves, animals, and other forest elements. The clock face is visible and appears to be functional. The weights are hanging below the clock, and they are visible, so they are not missing or invisible. The image is of high quality, with clear details and no visible artifacts or distortions, but the image is not a perfect representation of the cuckoo clock as some parts are out of frame, hence the quality score is 0.9."}, {"ans": [true, true, 0.8], "reasoning": "The image is showing a smartphone with a screen protector on it. The phone is standing upright on a table, and the screen is facing the camera. The screen is on and displaying a selfie of a woman. The phone's speaker grille is not visible, likely because it is at the bottom of the phone and the image is taken from a slightly elevated angle. Additionally, the phone has a screen protector that may be covering the speaker grille. The image is clear and well-lit, with minimal artifacts or distortions. The quality of the image is high, with a score of 0.8 out of 1. The main object, the smartphone, is clearly visible, so the answer to the first question is True. The speaker grille is not visible, so the answer to the second question is True."}, {"ans": [true, false, 0.9], "reasoning": "The image clearly shows a motorcycle, so the answer to the first question is True. The speedometer is visible on the handlebars, so the answer to the second question is False. The image is of high quality, with clear details and no visible artifacts or distortions, so the quality score is 0.9. The slight dust and dirt on the motorcycle and the road do not detract from the overall quality of the image."}, {"ans": [true, false, 0.9], "reasoning": "The image is showing a violin and a bow. The bow is clearly visible and appears to have hair on it, as indicated by the slight blur and the tension between the bow's ends, which is typical for a bow with hair. Therefore, for Question 1, the answer is True because the image is showing a violin bow. For Question 2, the answer is False because the hair is visible on the bow. The image quality is rated 0.9 because it is clear and well-lit, with no significant artifacts or distortions. The slight decrease from 1 is due to the fabric's texture and pattern slightly obscuring some details."}, {"ans": [true, false, 0.9], "reasoning": "The image depicts a birdcage hanging from the ceiling of a porch, which directly answers Question 1. The birdcage is clearly visible and appears to be the main object in the image, so the answer to Question 1 is True. For Question 2, the perch is visible inside the birdcage, so the answer is False because the perch is not missing or invisible. The image quality is rated 0.9 because it is clear and well-lit, with no significant artifacts or distortions. The only reason it's not rated 1 is due to a slight glow effect around the birdcage, which might be considered a minor processing artifact."}, {"ans": [true, false, 1.0], "reasoning": "The image clearly shows a statue of a woman, indicating that the main object is indeed a statue. The head of the statue is visible, meaning it is not missing or invisible. The image is of high quality, with clear details and no visible artifacts or distortions."}, {"ans": [true, false, 1.0], "reasoning": "The image is showing a teddy bear with a visible nose, so the answer to the first question is True. The nose is clearly visible, so the answer to the second question is False. The image is clear and of high quality, with no visible artifacts or distortions, so the quality score is 1."}, {"ans": [true, false, 0.9], "reasoning": "The image clearly shows a pair of white sneakers with laces. The main object, sneakers, is present. The laces are visible and not missing. The image quality is good, with clear details of the sneakers and the surrounding environment. However, the quality score is not 1 due to slight wear and dirt on the sneakers, which might be considered a minor degradation."}, {"ans": [true, false, 0.9], "reasoning": "The image clearly shows a refrigerator with its door open, revealing the interior. The main object, the refrigerator, is present. The door shelves are visible on the right side of the refrigerator door, so they are not missing. The image is of high quality, with clear details and no visible artifacts or distortions that would significantly impact the visibility of the main object or its components. However, the quality score is not 1 because there is a slight transparency effect on the refrigerator door, which might be considered a minor artifact."}, {"ans": [true, false, 0.8], "reasoning": "The image depicts a group of young women gathered around a campfire in a forest setting. The campfire is the central focus, and it is clear that there are flames present, as indicated by the bright light and the arrangement of logs. Therefore, for Question 1, the answer is True because the image is showing a campfire. For Question 2, the answer is False because the flames are visible. The quality of the image is rated 0.8 due to the presence of some unnatural lighting effects and slight over-processing, but it does not significantly detract from the overall clarity of the scene."}, {"ans": [true, false, 0.9], "reasoning": "The image shows a drinking fountain in a park setting. The fountain is clearly visible and appears to be functioning as water is flowing from it. The main object, the drinking fountain, is present. For the second question, the water is visible and flowing from the fountain, so it is not missing. The image is of good quality with no visible artifacts or distortions that would significantly impact the visibility of the main object or its details. The quality is rated 0.9 because the image is clear and well-focused, though it might not be perfectly sharp or have ideal lighting."}, {"ans": [true, true, 0.9], "reasoning": "The image is showing a revolver. The revolver is displayed on a green cloth, and its cylinder is being opened by a hand. The trigger guard is not visible as the hand is positioned in a way that it is obscuring the view of the trigger guard. The image is clear and well-lit, with no visible artifacts or distortions that would affect the quality. The quality score is 0.9 because the image is very clear, but there are some minor fibers from the green cloth visible, which slightly affects the overall clarity."}, {"ans": [true, false, 0.9], "reasoning": "The image is a detailed illustration of a compass rose, which is clearly visible and centered in the image. The compass rose includes a north arrow, which is pointing upwards and is clearly visible. The image is well-drawn and has a vintage aesthetic, with a map background that adds to the overall theme. The quality of the image is high, with clear lines and details. However, the image does have some aged, worn, and stained effects, which slightly reduces its quality score to 0.9."}, {"ans": [true, false, 0.9], "reasoning": "The image depicts a futuristic cityscape with tall, sleek skyscrapers that dominate the scene. The presence of these skyscrapers directly answers the first question, confirming that the image is indeed showing skyscrapers. For the second question, upon closer inspection, it is evident that many of the skyscrapers have visible windows, some of which are illuminated, indicating that windows are not missing or invisible. The image is of high quality, with clear details and vibrant colors, although it has a slightly futuristic and rendered look. The quality is rated 0.9 because the image is clear and detailed, with no noticeable artifacts or blurring that would detract from the overall viewing experience."}, {"ans": [true, false, 0.95], "reasoning": "The image shows a conductor in a black tuxedo standing on a stage, leading an orchestra. The conductor is clearly visible and appears to be in the midst of a performance. The baton is visible in the conductor's right hand. The image is well-lit and in focus, with good color and no visible artifacts or distortions. The overall quality of the image is high, with a score of 0.95 out of 1. The presence of the baton in the conductor's hand means that it is not missing or invisible, so the answer to the second question is false."}, {"ans": [false, true, 0.9], "reasoning": "The image shows a soccer field, but there is no visible soccer goal in the image. The question asks if the image is showing a soccer goal, which it is not, so the answer to the first question is False. The second question asks if the crossbar is missing or not visible from the soccer goal. Since there is no soccer goal visible, the crossbar is also not visible, so the answer to the second question is True. The image is clear and well-lit, with no visible artifacts or distortions, so the quality score is 0.9."}, {"ans": [true, false, 0.9], "reasoning": "The image is showing a microscope, which is the main object. The lenses are visible and appear to be part of the microscope's structure, so they are not missing. The image is clear and well-defined, with no visible artifacts or distortions that would affect the quality. The only reason for not giving it a perfect score is that there is a slight overlay effect on the microscope, which might be considered a minor editing artifact."}]