[{"ans": [true, false, 1.0], "reasoning": "The image shows a sailboat on the water. The sailboat is white with a tall mast and ropes, and it appears to be stationary. There is a person visible on the boat. The sails are not fully deployed but there is a white sail visible at the top of the mast, indicating that the sails are not entirely missing. The image is clear and well-lit, with a good view of the sailboat and its surroundings. Therefore, the answer to Question 1 is True because the image is showing a sailboat. The answer to Question 2 is False because the sails are partially visible. The quality of the image is rated 1 because it is clear and well-composed."}, {"ans": [true, false, 0.9], "reasoning": "The image clearly shows a bicycle leaning against a brick wall. The bicycle is red and has a visible chain connecting the pedals to the rear wheel. Therefore, for Question 1, the answer is True because the image is showing a bicycle. For Question 2, the answer is False because the chain is visible and not missing. The quality of the image is rated 0.9 because it is clear and well-lit, with no significant obstructions or distortions. The visibility of the chain does not affect the quality score as per the instructions."}, {"ans": [true, false, 1.0], "reasoning": "The image is showing a cat with visible whiskers, so the answer to the first question is True. The whiskers are clearly visible, so the answer to the second question is False. The image is of high quality and clearly shows the cat and its features."}, {"ans": [true, false, 1.0], "reasoning": "The image depicts a castle with stone walls and an archway that serves as an entrance, which is typical of a castle. The presence of the archway indicates that gates could be present or have been present, but the gates themselves are not visible. However, the question only asks if the image is showing a castle, which it is. Therefore, the answer to the first question is True. For the second question, the gates are not visible, but there is an archway that could imply the presence or past presence of gates. Since the gates are not explicitly visible or missing, the answer to the second question is False. The image is clear and well-lit, showing the details of the castle and its surroundings, so the quality is rated as 1."}, {"ans": [true, false, 1.0], "reasoning": "The image clearly shows a hot-air balloon with a visible basket carrying people. The balloon is the main object in the image, and it is depicted in a field during sunrise or sunset. The basket is visible and not missing, as it is clearly seen attached to the balloon with people inside. The image is of high quality, with clear details of the balloon, basket, and the surrounding landscape."}, {"ans": [true, false, 1.0], "reasoning": "The image clearly shows a turtle with a visible shell. The turtle is centered in the image, and its shell is intact and visible. Therefore, the answer to the first question is True. For the second question, since the shell is visible, the answer is False. The image is of high quality, with clear details of the turtle and its shell, so the quality score is 1."}, {"ans": [true, true, 0.9], "reasoning": "The image shows a train on the tracks at a station. The train is silver and has a modern design, with a large front window and several lights on the front. The train is positioned on the tracks, with the platform visible to the left. The wheels of the train are not visible as they are obscured by the platform and the train's body. Therefore, for Question 1, the answer is True because the image is showing a train. For Question 2, the answer is True because the wheels are not visible. The quality of the image is rated 0.9 because it is clear and well-lit, with no visible distortions or obstructions that would affect the interpretation of the image."}, {"ans": [true, false, 0.9], "reasoning": "The image is showing a pair of eyeglasses with lenses, so the answer to Question 1 is True. The lenses are clearly visible, so the answer to Question 2 is False. The quality of the image is rated 0.9 because it is a clear and well-lit photograph, with no visible distortions or obstructions."}, {"ans": [true, false, 1.0], "reasoning": "The image shows a fountain pen with its cap removed and placed beside it. The nib of the pen is clearly visible, indicating that it is not missing. Therefore, the answer to Question 1 is True because the image is showing a fountain pen. The answer to Question 2 is False because the nib is visible. The quality of the image is rated as 1 because it is clear and well-defined, with no visible distortions or issues that would detract from the visibility of the pen or its components."}, {"ans": [true, false, 0.9], "reasoning": "The image depicts an umbrella with a visible canopy, leaning against a wall next to a table and chairs. The main object in the image is indeed an umbrella, so the answer to the first question is True. The canopy of the umbrella is clearly visible, so the answer to the second question is False. The quality of the image is rated 0.9 because it is clear and well-defined, with no significant distractions or issues that would detract from the visibility of the main subject."}, {"ans": [true, false, 1.0], "reasoning": "The image clearly shows a white airplane on a runway, with visible wings and other distinct features. For question 1, the presence of an airplane is evident, so the answer is True. For question 2, the wings are visible, so they are not missing or not visible, making the answer False. The image is clear and well-lit, showing all key elements of the airplane, hence the quality is rated as 1."}, {"ans": [true, false, 1.0], "reasoning": "The image is showing a desk lamp with a bulb. The lamp is turned on and the bulb is visible inside the lampshade. Therefore, the bulb is not missing or not visible. The image quality is good as it clearly shows the desk lamp and the bulb."}, {"ans": [true, false, 1.0], "reasoning": "The image clearly shows an electric guitar with a visible neck, answering the first question affirmatively. The neck is present and visible, so the second question is answered negatively. The image is of high quality as it clearly displays the guitar and its features without any key elements being obscured or missing."}, {"ans": [true, false, 1.0], "reasoning": "The image clearly shows a fish with visible fins swimming in the water. The presence of the fish is evident, and its fins are clearly visible, so the answer to the first question is True. Since the fins are visible, the answer to the second question is False. The image is of high quality, with clear details of the fish and its surroundings, so the quality score is 1.0."}, {"ans": [true, false, 1.0], "reasoning": "The image depicts a small brick house with a gable roof, which can be considered a cottage. The roof is visible and intact, so it is not missing or invisible. The image is clear and well-lit, with good resolution, hence the quality score is 1.0."}, {"ans": [true, true, 0.9], "reasoning": "The image shows a car, specifically a vintage convertible with its top down. The windshield is not visible as it is folded down along with the top, indicating that it is missing or not visible in the context of being up and functional. The image is clear and well-lit, showing the car's interior and exterior details, hence the high-quality rating."}, {"ans": [true, false, 1.0], "reasoning": "The image clearly shows a keyboard with a visible spacebar that is lit up. The presence of the keyboard and its keys, including the spacebar, is evident. The image is of high quality, with clear details of the keyboard and its components."}, {"ans": [true, false, 0.9], "reasoning": "The image depicts an owl perched on a branch, with a full moon in the background. The owl is clearly visible and appears to be fully feathered, with detailed feathers visible across its body. Therefore, the answer to the first question is True because the main object, an owl, is present in the image. For the second question, the answer is False because the feathers are not missing or invisible; they are clearly visible and detailed. The quality of the image is rated 0.9 because it is a clear and detailed representation of an owl, with no key elements missing that are relevant to the first question."}, {"ans": [true, false, 1.0], "reasoning": "The image shows a leather-bound book with blank pages visible, resting on a wooden table. The main object is indeed a book, satisfying the first question. The pages are present and visible, so they are not missing or invisible, answering the second question. The image is clear and well-lit, with no apparent issues affecting its quality."}, {"ans": [true, false, 1.0], "reasoning": "The image clearly depicts a lighthouse, which is the main object in the scene. The lighthouse is white with a black railing around the top and has a small building adjacent to it. The presence of the lighthouse is evident, so the answer to the first question is True. For the second question, the lamp is visible inside the lighthouse, indicating that it is not missing or invisible. Therefore, the answer to the second question is False. The image is of high quality, as it clearly shows the details of the lighthouse and its surroundings, so the quality score is 1."}, {"ans": [true, false, 1.0], "reasoning": "The image shows a beige armchair with visible legs on a patterned rug. The chair is the main object, and it is clearly an armchair. The legs are visible, indicating they are not missing or invisible."}, {"ans": [true, true, 0.9], "reasoning": "The image clearly shows a deer standing in a forest. The deer is centered and facing the camera, with its ears perked up and alert. There are no visible antlers on the deer's head. The image is well-lit, with sunlight filtering through the trees, and the details of the deer's fur and the forest floor are clearly visible. The overall quality of the image is high, with good resolution and composition."}, {"ans": [true, false, 1.0], "reasoning": "The image shows a white envelope with a visible flap, so it is an envelope. The flap is visible, so it is not missing or not visible. The image is clear and well-lit, and the envelope is centered, so the quality is high."}, {"ans": [true, true, 1.0], "reasoning": "The image is showing a wall clock. The clock face is white with black hands and markings for hours, but it does not display numbers. Therefore, the numbers are missing or not visible. The image quality is good as it clearly shows the clock and its details."}, {"ans": [true, false, 0.9], "reasoning": "The image clearly shows a person wearing a white space suit, which is fully visible and includes a helmet. The presence of the space suit is evident, answering the first question affirmatively. For the second question, the helmet is clearly visible on the astronaut's head, so it is not missing or invisible. The image is of high quality, with clear details of the space suit and its surroundings, hence a high-quality score is given."}, {"ans": [true, false, 1.0], "reasoning": "The image clearly depicts a windmill standing in a field of wheat. The windmill is visible with its blades intact and clearly visible, indicating that the blades are not missing or invisible. Therefore, the answer to the first question is True because the image is showing a windmill. The answer to the second question is False because the blades are present and visible. The quality of the image is rated 1.0 as it is clear and well-defined, capturing the windmill and its surroundings in detail."}, {"ans": [true, true, 1.0], "reasoning": "The image is showing a large tree without leaves, so it is a tree. The leaves are missing from the tree, as evidenced by the bare branches. The image is clear and well-lit, with a clear view of the tree and its surroundings, hence the quality is rated as 1.0."}, {"ans": [true, true, 0.9], "reasoning": "The image shows a yellow school bus parked in front of a building. The bus is clearly visible and appears to be in good condition. The doors of the bus are not visible as the image only shows the side of the bus, thus they are considered missing or not visible. The image is well-lit and the bus is centered in the frame, making it a high-quality image."}, {"ans": [true, true, 1.0], "reasoning": "The image shows a laptop with its back facing the camera. The laptop is open and sitting on a table. The screen is not visible as it is facing away from the camera. Therefore, the answer to the first question is True because the image is showing a laptop. The answer to the second question is also True because the screen is not visible. The quality of the image is rated 1.0 because it is clear and well-lit, and the laptop is the main focus of the image."}, {"ans": [true, true, 1.0], "reasoning": "The image clearly shows a trumpet. The mouthpiece is not visible, as it is not attached to the instrument. Therefore, the mouthpiece is considered missing. The image is of high quality as it clearly displays the trumpet."}, {"ans": [true, false, 1.0], "reasoning": "The image clearly shows a robot with a visible head in a laboratory setting. The robot is centered and prominent, with another robot in the background. The head of the main robot is clearly visible, indicating that it is not missing or invisible."}, {"ans": [true, true, 1.0], "reasoning": "The image shows a candle on a silver tray. The candle is cylindrical and appears to be made of wax, but there is no visible wick. The presence of the candle is clear, so the answer to the first question is True. Since the wick is not visible, the answer to the second question is True. The image is clear and well-lit, and the main object (the candle) is clearly visible, so the quality score is 1."}, {"ans": [true, false, 1.0], "reasoning": "The image shows a pizza with a crust, tomato sauce, tomatoes, and basil leaves. The presence of a crust and toppings indicates that it is a pizza. The cheese is visible, melted between the tomatoes, so it is not missing or invisible."}, {"ans": [true, false, 0.9], "reasoning": "The image is showing a DSLR camera body with a lens attached to it. The lens is clearly visible and appears to be properly mounted on the camera body. The camera is displayed on a stand on a wooden surface against a plain background. The image is clear and well-lit, indicating good quality. The presence of the lens answers the second question, indicating it is not missing."}, {"ans": [true, true, 1.0], "reasoning": "The image is showing a grand piano on a stage in an auditorium. The lid of the piano is open, but the keys are not visible as they are facing downwards. Therefore, the main object (piano) is present, and the keys are not visible."}, {"ans": [true, false, 1.0], "reasoning": "The image clearly shows a paintbrush with visible bristles next to a palette of paints. The paintbrush is the main object in the image and is easily identifiable. The bristles are present and visible, indicating that they are not missing. The image is of high quality, with clear details of the paintbrush and the palette."}, {"ans": [true, false, 0.9], "reasoning": "The image is showing a watch with a visible strap, so the answer to the first question is True. The strap is clearly visible, so the answer to the second question is False. The quality of the image is rated 0.9 because it is clear and well-lit, with no visible distortions or obstructions."}, {"ans": [true, false, 1.0], "reasoning": "The image clearly shows a person with their mouth open, displaying their teeth and tongue. The presence of a mouth is evident, so the answer to the first question is True. The tongue is visible inside the mouth, so it is not missing or not visible, making the answer to the second question False. The image is clear and well-lit, showing the details of the dental examination, hence the quality is rated as 1."}, {"ans": [true, false, 0.9], "reasoning": "The image clearly shows a motorcycle, which is the main object in question. The motorcycle is centered in the image and is facing to the right. The handlebars are visible and appear to be intact. The image is well-lit, with a clear view of the motorcycle's features, indicating a high-quality image. The presence of the handlebars means they are not missing or invisible."}, {"ans": [true, false, 1.0], "reasoning": "The image clearly shows a vintage television set on a wooden stand, with a visible screen. The television is the main object in the image, and it is present. Therefore, the answer to Question 1 is True. The screen is visible, albeit not displaying any content, so the answer to Question 2 is False. The image is of high quality, with clear details of the television and its surroundings, so the quality score is 1."}, {"ans": [true, false, 1.0], "reasoning": "The image clearly depicts a goat standing on a rocky outcrop. The goat is white and fluffy, with visible horns on its head. The presence of horns directly answers both questions: the main object is a goat, and the horns are not missing or invisible. The image is of high quality, with clear details of the goat and its surroundings."}, {"ans": [true, false, 1.0], "reasoning": "The image clearly shows a red sneaker with white laces on a wooden surface. The sneaker is the main object in the image, and it is visible in its entirety. The laces are also visible and appear to be white. Therefore, the answer to Question 1 is True. For Question 2, since the laces are visible, the answer is False. The image is of high quality, with clear details of the sneaker and its features, so the quality score is 1."}, {"ans": [true, false, 1.0], "reasoning": "The image is showing a frog, and the eyes are visible, so the answer to the first question is True. The eyes are clearly visible, so the answer to the second question is False. The image is of high quality, with clear details of the frog and its surroundings, so the quality score is 1.0."}, {"ans": [true, false, 1.0], "reasoning": "The image is showing a mug with a handle, so the answer to the first question is True. The handle is visible, so the answer to the second question is False. The image is clear and well-lit, and the mug is centered in the frame, so the quality score is 1.0."}, {"ans": [true, false, 1.0], "reasoning": "The image clearly shows a saxophone with its keys visible. The presence of the saxophone answers the first question affirmatively. Since the keys are visible, they are not missing or not visible, answering the second question negatively. The image is of high quality as it clearly displays the saxophone and its details without any obstructions or significant degradation."}, {"ans": [true, false, 1.0], "reasoning": "The image clearly shows a skateboard with wheels. The skateboard is positioned on a brick surface, and all its wheels are visible. Therefore, for Question 1, the answer is True because the image is showing a skateboard. For Question 2, the answer is False because the wheels are not missing or invisible; they are clearly visible in the image. The quality of the image is rated as 1 because it is clear and well-lit, allowing for easy identification of the skateboard and its components."}, {"ans": [true, false, 1.0], "reasoning": "The image clearly shows a fedora hat on a stand, and the brim of the hat is visible. Therefore, the answer to Question 1 is True because the main object, a fedora, is present. The answer to Question 2 is False because the brim is not missing and is visible. The quality of the image is rated as 1 because it is clear and well-lit, with no apparent issues that would detract from its quality."}, {"ans": [true, false, 0.9], "reasoning": "The image clearly shows a motorcycle helmet on a workbench. The helmet has a visor that is currently up and visible, indicating that it is not missing. The image is well-lit and in focus, showing the helmet and its details clearly. The quality of the image is high, with a score of 0.9, suggesting that it is a good representation of the object."}, {"ans": [true, true, 1.0], "reasoning": "The image is showing a bedframe without a mattress. The bedframe is clearly visible and is the main object in the image. The mattress is not present on the bedframe, so it is considered missing. The image is of high quality, with clear details and no visible distortions."}, {"ans": [true, false, 0.9], "reasoning": "The image is showing a clock tower with visible clock faces on two of its sides. The main object in the image is a clock tower, so the answer to the first question is True. The clock faces are visible, so the answer to the second question is False. The image is clear and well-lit, and the clock tower is centered in the frame, so the quality of the image is rated as 0.9."}, {"ans": [true, false, 0.9], "reasoning": "The image is showing a pocket watch with visible hands. The pocket watch is the main object in the image and is clearly visible. The hands of the watch are also visible, indicating the time. The image is of high quality, with clear details of the watch and its components. The quality score is 0.9 because the image is clear and well-lit, but not perfect due to minor imperfections in the background."}, {"ans": [true, false, 0.9], "reasoning": "The image clearly shows a bicycle, so the answer to the first question is True. The pedals are visible on the bicycle, so the answer to the second question is False. The image is well-lit and the bicycle is centered, but the quality is not perfect due to some minor speckling on the ground and slight shadowing on the wall, hence a quality score of 0.9."}, {"ans": [true, false, 0.9], "reasoning": "The image is a portrait of a woman with her eyes open and visible. The main object in the image is the woman, and she is depicted with clear facial features, including her eyes. Therefore, the answer to the first question is True. For the second question, since the woman's eyes are open and visible, the answer is False. The quality of the image is rated 0.9 because it is a clear and well-defined portrait."}, {"ans": [true, true, 0.9], "reasoning": "The image depicts a grand piano on a stage, illuminated by spotlights. The piano's lid is open, but the interior is not clearly visible due to the lighting. The image does show a grand piano, so the answer to the first question is True. The hammers inside the piano are not visible, so the answer to the second question is True. The quality of the image is high, with clear details of the piano and the stage, so the quality score is 0.9."}, {"ans": [true, true, 1.0], "reasoning": "The image depicts a sailing ship with two masts and no visible sails. The presence of masts and the ship's design indicate that it is a sailing ship, even though the sails are not visible. Therefore, the answer to the first question is True. The sails are not visible in the image, so the answer to the second question is also True. The image is clear and well-defined, with no visible distortions or issues that would affect its quality, so the quality score is 1.0."}, {"ans": [true, false, 1.0], "reasoning": "The image shows a large tree with a wide canopy and visible leaves, which is consistent with an oak tree. The presence of leaves on the tree indicates that they are not missing or invisible. The image is clear and well-defined, suggesting a high quality."}, {"ans": [true, false, 0.9], "reasoning": "The image depicts a stone cottage with a brown door, windows, and a chimney, surrounded by trees and greenery. The main object, the cottage, is present. The door is visible, so it is not missing or invisible. The image quality is high, with clear details of the cottage and its surroundings, hence a quality score of 0.9."}, {"ans": [true, false, 0.9], "reasoning": "The image clearly shows a passenger jet on a runway. The wings are visible and not missing. The quality of the image is high, with clear details of the aircraft and its surroundings. The slight decrease in quality score is due to the image not being perfectly sharp, but it is still clear enough to identify the key elements."}, {"ans": [true, true, 0.9], "reasoning": "The image is showing a wristwatch with a white face and brown leather strap. The watch face has hour markers in the form of lines, but there are no numbers visible. The watch is placed in a brown box with a tan interior. The image is clear and well-lit, indicating a high-quality image. The main object, a wristwatch, is present, so the answer to the first question is True. The numbers are not visible on the watch face, so the answer to the second question is True. The quality of the image is rated 0.9 because it is clear and well-composed, with good lighting."}, {"ans": [true, true, 1.0], "reasoning": "The image shows a pizza with tomato sauce and basil leaves on top. The crust is visible and appears to be cooked. There is no visible cheese on the pizza. For Question 1, the image is showing a pizza, so the answer is True. For Question 2, the cheese is not visible, so the answer is True. The quality of the image is rated as 1 because it is clear and well-lit, and the key elements of the pizza are visible."}, {"ans": [true, false, 0.9], "reasoning": "The image is showing traffic signals, with one of the lights illuminated. The traffic signals are clearly visible, and the lights are also visible, although one of them is lit up. The image quality is good, with clear details of the traffic signals and the surrounding environment."}, {"ans": [true, false, 0.9], "reasoning": "The image clearly shows a skateboard with a rainbow-colored deck and yellow wheels. The skateboard is positioned on a concrete surface, and its components are well-lit and visible. For Question 1, the image is showing a skateboard, so the answer is True. For Question 2, the wheels are visible and not missing, so the answer is False. The quality of the image is rated 0.9 because it is clear and well-lit, with no significant obstructions or distractions."}, {"ans": [true, false, 0.9], "reasoning": "The image clearly shows a chessboard with pieces on it, so the answer to the first question is True. The black pieces are visible on the board, so the answer to the second question is False. The image is of high quality, with a clear view of the chessboard and pieces, so the quality score is 0.9. The slight deduction is due to the angle of the image, which might not be perfectly straight, but it does not hinder the visibility of the chessboard or the pieces."}, {"ans": [true, true, 0.9], "reasoning": "The image is showing a red Ferrari sports car. The car is a convertible with its top down, and it is positioned in a well-lit room with a reflective floor. The brakes are not visible as the image does not provide a clear view of the brake components. The overall quality of the image is high, with clear details of the car's design and features."}, {"ans": [true, true, 0.9], "reasoning": "The image is showing an open book on a wooden table, with the pages visible and blank. The book is the main object in the image. The text is missing or not visible from the book as the pages are blank. The image quality is good, with clear details of the book and its surroundings. The background is slightly blurred, but it does not affect the visibility of the main object."}, {"ans": [true, false, 0.9], "reasoning": "The image clearly shows a computer tower with its side panel removed, revealing the internal components. The presence of fans is evident, both on the side panel and inside the tower. Therefore, the answer to Question 1 is True because the image is showing a computer tower. The answer to Question 2 is False because the fans are visible in the image. The quality of the image is rated 0.9 because it is clear and well-lit, with no significant issues affecting the visibility of the main object or its components."}, {"ans": [true, false, 1.0], "reasoning": "The image clearly depicts a scarecrow standing in a field of wheat. The scarecrow is wearing a plaid shirt, jeans, and a straw hat, and has arms made of straw that are outstretched and attached to a wooden post. The presence of the scarecrow and its visible arms directly answers both questions. For Question 1, the image is showing a scarecrow, so the answer is True. For Question 2, since the arms are visible, the answer is False. The quality of the image is rated as 1 because it clearly shows the scarecrow and its details without any significant issues."}, {"ans": [true, true, 0.9], "reasoning": "The image depicts a man in armor, which is consistent with the representation of a knight. The main figure is centered and prominent, wearing detailed armor that includes a breastplate, gauntlets, and a chainmail coif. The background shows a gathering of soldiers, suggesting a medieval or historical military context. The knight's attire and the background elements are rendered in high detail, indicating a high-quality image. However, upon closer inspection, it is evident that the knight is not holding a sword, and there is no visible sword on his belt or in his hands. Therefore, the sword is considered missing or not visible. The image quality is rated highly because the details in the armor, facial features, and background are well-defined and clear, despite the absence of a sword."}, {"ans": [true, false, 1.0], "reasoning": "The image shows a white teapot with a floral design on it, sitting on a bamboo mat. The teapot has a spout, a lid, and a handle, which are all typical features of a teapot. The handle is visible and appears to be attached to the side of the teapot. Therefore, the answer to Question 1 is True because the image is showing a teapot. The answer to Question 2 is False because the handle is not missing or invisible; it is clearly visible on the right side of the teapot. The quality of the image is rated as 1 because it is clear and well-lit, allowing for easy identification of the teapot and its features."}, {"ans": [true, false, 1.0], "reasoning": "The image clearly shows a basketball hoop with a net. The basketball hoop is the main object in the image, and it is visible and clear. The net is also visible and attached to the hoop. Therefore, the answer to the first question is True. For the second question, since the net is visible, the answer is False. The quality of the image is rated as 1 because it is clear and well-lit, with no visible distortions or obstructions that would affect the visibility of the main object or the net."}, {"ans": [true, false, 0.9], "reasoning": "The image is showing a dining table setting with a plate, cutlery, and glasses. The main object, the dining table, is present. The glasses are visible at the top of the image, so they are not missing. The quality of the image is rated 0.9 because it is clear and well-lit, with no visible distortions or obstructions."}, {"ans": [true, false, 0.9], "reasoning": "The image clearly shows a vintage typewriter on a wooden table, with a sheet of paper in its roller. The typewriter is centered and prominently displayed. The ribbon is visible and appears to be in place, as it is typically positioned between the metal hammers and the paper. Therefore, the ribbon is not missing or invisible. The image is of high quality, with good lighting and focus on the typewriter. The surrounding books and table add context but do not detract from the main subject."}, {"ans": [true, true, 1.0], "reasoning": "The image shows a winter jacket with a fur-lined hood, which is clearly visible and identifiable as a winter jacket. The jacket is fastened with buttons, but there is no visible zipper. Therefore, the answer to Question 1 is True because the image does show a winter jacket. The answer to Question 2 is True because the zipper is not visible, implying it is either missing or not visible. The quality of the image is rated 1 because it is clear and well-lit, and the absence of a visible zipper does not negatively impact the quality score as per the instructions."}, {"ans": [true, false, 1.0], "reasoning": "The image clearly depicts a sunflower with its characteristic large yellow petals and a prominent center. The seeds are visible on the sunflower, arranged in a spiral pattern within the flower's center. The image is of high quality, with clear details of the sunflower's features."}, {"ans": [true, false, 0.9], "reasoning": "The image clearly shows an elephant with a visible trunk. The trunk is prominent and centered in the image, indicating that it is not missing or invisible. The overall quality of the image is high, with clear details of the elephant and its surroundings."}, {"ans": [true, true, 1.0], "reasoning": "The image clearly shows a rowboat floating on a lake. The boat is empty and there are no oars visible inside or outside the boat. The image is of high quality, with clear details of the boat and its surroundings."}, {"ans": [true, true, 0.9], "reasoning": "The image clearly depicts a snowman with a carrot nose, coal eyes, and a hat, which fulfills the criteria for Question 1. For Question 2, upon closer inspection, it is evident that the snowman lacks visible buttons on its body, thus confirming that the buttons are indeed missing or not visible. The image quality is rated 0.9 because it is clear and well-defined, with the main subject (the snowman) being easily recognizable. The absence of buttons does not negatively impact the quality rating as per the instructions."}, {"ans": [true, false, 1.0], "reasoning": "The image shows a fountain pen on top of a notebook. The pen is transparent, showing the presence of ink inside. Therefore, for Question 1, the answer is True because the image is showing a fountain pen. For Question 2, the answer is False because the ink is visible inside the pen. The quality of the image is rated 1.0 because it is clear and well-lit, and the presence or absence of ink is not a factor in determining the quality score."}, {"ans": [true, false, 1.0], "reasoning": "The image clearly shows a paintbrush with visible bristles next to a palette with various colors of paint. The paintbrush is the main object in the image and is easily identifiable. The bristles of the paintbrush are visible and not missing. The image is of high quality, with clear details of the paintbrush and the palette."}, {"ans": [true, false, 1.0], "reasoning": "The image clearly shows a pair of eyeglasses with temples on top of a book. The glasses are fully visible, and the temples are present and visible, so the answer to the first question is True. Since the temples are visible, the answer to the second question is False. The image is clear and well-lit, and there are no significant issues with its quality, so the quality score is 1."}, {"ans": [true, true, 0.9], "reasoning": "The image shows a person holding an umbrella on a rainy street. The umbrella is the main object and is clearly visible. The ribs of the umbrella are not visible, likely due to the angle and lighting of the image. The quality of the image is high, with clear details of the scene, but the ribs of the umbrella are not discernible."}, {"ans": [true, false, 1.0], "reasoning": "The image is showing a wristwatch with a gold case and black leather strap. The watch face is visible and has hour markers in the form of numbers on the outer rim. The presence of the watch is clear, so the answer to the first question is True. The hour markers are visible on the watch face, so the answer to the second question is False. The image is of high quality, clearly showing the details of the watch, so the quality score is 1."}, {"ans": [true, false, 0.9], "reasoning": "The image clearly shows a camping tent in a grassy field. The tent is partially set up, with its fabric visible and ropes extended to the ground. The poles are visible and appear to be holding the tent's structure, although they are not clearly visible in their entirety due to the angle of the image. However, it is evident that the poles are present as they are supporting the tent's shape. Therefore, the answer to the first question is True because the image is showing a camping tent. The answer to the second question is False because the poles are not missing; they are visible and supporting the tent. The quality of the image is rated 0.9 because it is clear and well-lit, with the tent and its surroundings easily visible."}, {"ans": [true, false, 0.9], "reasoning": "The image is showing a cuckoo clock with intricate carvings and decorations, including deer and leaves. The clock face is visible, and there are four pinecones hanging from chains below it, which are likely the weights. The weights are visible, so they are not missing or invisible."}, {"ans": [true, true, 0.9], "reasoning": "The image is showing a smartphone with its screen facing upwards. The phone's screen is on and displays some information, but the bottom edge of the phone is visible and there is no visible speaker grille. The image quality is good, with clear details of the phone and its screen."}, {"ans": [true, true, 0.9], "reasoning": "The image clearly shows a motorcycle parked on a road. The motorcycle is facing the camera, and its front end is visible. The speedometer is not visible in the image, as it is likely located on the handlebars or dashboard, which are not clearly shown. Therefore, for Question 1, the answer is True because the image is showing a motorcycle. For Question 2, the answer is True because the speedometer is not visible. The quality of the image is rated 0.9 because it is clear and well-focused on the motorcycle, with good lighting and no visible distortions or obstructions that would affect the overall perception of the motorcycle's presence."}, {"ans": [true, true, 1.0], "reasoning": "The image shows a violin bow. The bow is lying on a red velvet background, and it appears to be a typical violin bow with a wooden stick and metal fittings. The bow hair is not visible, suggesting that it is either missing or not visible. Therefore, the answer to the first question is True, as the image is showing a violin bow. The answer to the second question is also True, as the hair is not visible. The quality of the image is rated as 1, as it is clear and well-lit."}, {"ans": [true, true, 1.0], "reasoning": "The image shows a large, ornate birdcage hanging from the ceiling of a porch. The birdcage is the main object in the image and is clearly visible. There is no visible perch inside the birdcage. Therefore, the answer to the first question is True because the image is showing a birdcage. The answer to the second question is True because the perch is not visible inside the birdcage. The quality of the image is rated as 1 because it is clear and well-lit, and the birdcage is the central focus."}, {"ans": [true, false, 0.9], "reasoning": "The image depicts a statue of a woman in a classical setting with columns. The statue is intact and has a head, which is visible. Therefore, for Question 1, the answer is True because the image is showing a statue. For Question 2, the answer is False because the head is not missing; it is clearly visible. The quality of the image is rated 0.9, indicating a high-quality image. The slight deduction is due to minor factors not related to the presence or visibility of the statue's head."}, {"ans": [true, false, 1.0], "reasoning": "The image clearly shows a teddy bear sitting on a bed, so the answer to the first question is True. The teddy bear has a visible nose, so the answer to the second question is False. The image is clear and well-lit, and the teddy bear is the main focus, so the quality score is 1."}, {"ans": [true, false, 1.0], "reasoning": "The image clearly shows a pair of high-top sneakers with white laces. The sneakers are positioned on a black mat in front of a white wall, and the laces are visible and appear to be properly tied. Therefore, the answer to the first question is True because the image is showing sneakers. The answer to the second question is False because the laces are visible and not missing. The quality of the image is rated as 1 because it is clear and well-lit, allowing for easy identification of the sneakers and their details."}, {"ans": [true, false, 1.0], "reasoning": "The image clearly shows a refrigerator with its doors open, revealing the interior. The main object, a refrigerator, is present. The door shelves are visible on the left door, so they are not missing or invisible. The image is clear and well-lit, showing all the details of the refrigerator and its surroundings, hence the quality is rated as 1."}, {"ans": [true, false, 1.0], "reasoning": "The image clearly depicts a group of people gathered around a campfire in a forest setting. The campfire is the central focus, with flames visibly emanating from it. Therefore, for Question 1, the answer is True because the image is showing a campfire. For Question 2, the answer is False because the flames are visible and not missing from the campfire. The quality of the image is rated as 1 because it is clear and well-defined, effectively conveying the scene without any noticeable issues or missing key elements."}, {"ans": [true, false, 1.0], "reasoning": "The image shows a drinking fountain with water flowing from it, indicating that it is present and visible. The main object in the image is a drinking fountain, which matches the description in Question 1. Therefore, the answer to Question 1 is True. Since the water is visible and flowing from the fountain, the answer to Question 2 is False. The image is clear and well-lit, showing the drinking fountain and its surroundings in detail, so the quality score is 1."}, {"ans": [true, false, 0.9], "reasoning": "The image shows a revolver with a visible trigger guard. The revolver is clearly identifiable by its rotating cylinder and other characteristic features. The trigger guard is present and visible around the trigger. The image is clear and well-lit, allowing for a detailed view of the revolver. The quality of the image is high, with a clear focus on the revolver."}, {"ans": [true, false, 1.0], "reasoning": "The image depicts a compass rose, which is a figure on a map or chart that displays the orientation of the cardinal directions. The compass rose is clearly visible and is the main object in the image. The north arrow is also present and visible, pointing towards the top of the image. Therefore, the answer to the first question is True. Since the north arrow is visible, the answer to the second question is False. The image is of high quality, with clear details and no visible distortions or obstructions, so the quality score is 1."}, {"ans": [true, false, 0.9], "reasoning": "The image depicts a futuristic cityscape with skyscrapers, some of which have visible windows. The main objects in the image are the skyscrapers, and they are clearly visible. Therefore, the answer to the first question is True. For the second question, the windows are visible on some of the skyscrapers, so the answer is False. The quality of the image is rated 0.9 because it is a clear and detailed representation of a futuristic cityscape, with no visible distortions or artifacts that would detract from its overall quality."}, {"ans": [true, true, 0.9], "reasoning": "The image is showing a conductor standing on a stage, wearing a black tuxedo with a white shirt and bow tie, with his right hand raised in a gesture of appreciation or direction. The presence of an orchestra behind him, with musicians playing various instruments, further supports the identification of the main figure as a conductor. Therefore, the answer to the first question is True. For the second question, the conductor's right hand is raised, and his left hand is holding a baton, but it is not visible as it is behind the podium. However, upon closer inspection, it can be seen that he is actually holding a violin, not a baton. This indicates that the baton is indeed missing or not visible. Hence, the answer to the second question is True. The image is clear and well-lit, with a clear view of the conductor and the orchestra, so the quality is rated 0.9."}, {"ans": [false, true, 1.0], "reasoning": "The image shows a soccer field with two white posts in the foreground, indicating the presence of a soccer goal. However, the crossbar is not visible, suggesting that it is either missing or not visible from the given perspective. The image is of high quality as it clearly shows the details of the soccer field and the goal posts."}, {"ans": [true, false, 0.9], "reasoning": "The image is showing a microscope with lenses. The microscope is clearly visible and appears to be in good condition. The lenses are also visible, attached to the microscope's nosepiece. Therefore, the answer to the first question is True. For the second question, the lenses are not missing or invisible; they are clearly visible, so the answer is False. The quality of the image is rated 0.9 because it is clear and well-lit, with no visible distortions or obstructions."}]