[{"ans": [true, true, 1.0], "reasoning": "The image depicts a sailboat on calm waters with its sails not visible, indicating they are either missing or not deployed. The boat is centered and clearly visible, with no visible distortions or artifacts that would detract from its quality. The image is sharp and well-lit, with natural colors."}, {"ans": [true, true, 1.0], "reasoning": "The image shows a red bicycle leaning against a brick wall. The bicycle is clearly visible and appears to be in a relatively good condition. The chain of the bicycle is not visible, likely because it is on the other side of the bicycle which is not visible in the image. Therefore, for Question 1, the answer is True because the image is showing a bicycle. For Question 2, the answer is True because the chain is not visible. The quality of the image is rated as 1 because it is clear and well-defined, with no visible artifacts or distortions."}, {"ans": [true, false, 1.0], "reasoning": "The image clearly shows a cat, specifically a gray cat with yellow eyes sitting on a windowsill. The cat's whiskers are visible, indicating that they are not missing. The image is of high quality, with clear details and no visible artifacts or distortions. Therefore, the answer to the first question is True, as the image is showing a cat. The answer to the second question is False, as the whiskers are visible and not missing. The quality of the image is rated 1, as it is clear and well-defined."}, {"ans": [true, false, 0.95], "reasoning": "The image shows a castle with a large stone wall and towers, which is clearly visible. The main object, the castle, is present in the image. The gates are visible in the image, they are not missing or invisible. The image is clear and well-lit, with no visible artifacts, blurring, or other issues that would affect its quality. The quality score is 0.95 because the image is very clear and well-defined, with only a slight decrease due to the presence of some minor shadows and slight weathering on the stones."}, {"ans": [true, false, 0.95], "reasoning": "The image clearly depicts a hot-air balloon with a visible basket. The balloon is the main object in the image, and it is centered. The basket is attached to the balloon and is visible, indicating that it is not missing. The image is of high quality, with clear details and vibrant colors. The only reason for not giving it a perfect score is the slight gradient effect in the sky, which could be considered a minor artifact, but it does not significantly detract from the overall quality."}, {"ans": [true, false, 0.95], "reasoning": "The image clearly shows a turtle with a visible shell on a beach. The turtle is centered in the image, and its shell is clearly visible. The image is sharp and well-lit, with no visible artifacts or distortions that would affect the quality. The quality score is 0.95 because the image is very clear and well-defined, with only minor minor texture visible on the sand."}, {"ans": [true, false, 0.95], "reasoning": "The image is showing a train at a station. The train is clearly visible and appears to be in good condition. The wheels of the train are partially visible, indicating that they are not missing. The image is well-lit and there are no visible artifacts or distortions. The quality of the image is high, with a score of 0.95 out of 1. The only reason for not giving it a perfect score is the slight presence of shadows and the dirt on the tracks, but these do not significantly impact the overall quality."}, {"ans": [true, false, 0.9], "reasoning": "The image clearly shows a pair of eyeglasses with lenses. The lenses are visible and not missing. The image is sharp and well-lit, with a clear reflection of the glasses on the surface below. The quality of the image is high, with minimal artifacts or distortions. The only reason for not giving it a perfect score is the slight blurring in the background."}, {"ans": [true, false, 1.0], "reasoning": "The image clearly shows a fountain pen with a visible nib, indicating that the main object is present. The nib is not missing or invisible, as it is clearly visible at the tip of the pen. The image is of high quality, with no visible artifacts, blurring, or other issues that would affect the score."}, {"ans": [true, false, 0.9], "reasoning": "The image shows a metal umbrella frame leaning against a wall, with a chair next to it. The main object is an umbrella, albeit without a canopy. The canopy is missing, but the frame is visible. The image is clear and well-defined, with no visible artifacts or distortions that would affect the quality. The quality score is 0.9 because the image is sharp and clear, but there are some minor signs of wear on the wall and floor."}, {"ans": [true, false, 1.0], "reasoning": "The image clearly shows an airplane on a runway, indicating that the main object is indeed an airplane. The wings of the airplane are visible, although partially obscured by the angle of the shot and the presence of the plane's body. The image is sharp and clear, with no visible artifacts or distortions that would affect its quality. Therefore, the answer to the first question is True, the answer to the second question is False, and the quality of the image is rated as 1.0."}, {"ans": [true, true, 0.95], "reasoning": "The image shows a desk lamp on a table with an open book. The lamp is brass-colored and has an adjustable arm, with its shade directed towards the book. The bulb is not visible as it is enclosed within the lamp's structure. The image is clear and well-lit, with no visible artifacts or distortions. The main object, the desk lamp, is present. The bulb is not visible, so it is considered missing for the purpose of this question."}, {"ans": [true, false, 1.0], "reasoning": "The image clearly shows an electric guitar with a visible neck. The guitar is well-lit and in focus, with no visible artifacts or distortions that would affect the quality of the image. The neck is clearly visible and attached to the body of the guitar, so it is not missing or invisible."}, {"ans": [true, false, 0.9], "reasoning": "The image clearly depicts a fish, which is the main object, thus answering the first question as true. The fish has visible fins, so the fins are not missing or invisible, answering the second question as false. The image is of high quality with clear details of the fish and its surroundings, but the quality score is slightly reduced to 0.9 due to the presence of some minor artifacts and the unnatural setting of the fish among ice crystals."}, {"ans": [true, false, 1.0], "reasoning": "The image clearly depicts a cottage with a roof, situated in a field. The cottage is made of brick and has a chimney, with a small porch in front. The roof is visible and appears to be in good condition. The image is of high quality, with clear details and no visible artifacts or distortions. Therefore, the answer to Question 1 is True, as the image is showing a cottage. The answer to Question 2 is False, as the roof is not missing or invisible. The quality of the image is rated as 1.0, indicating that it is of very high quality."}, {"ans": [true, false, 0.9], "reasoning": "The image is showing a classic red convertible car with its top down. The windshield is visible and appears to be intact. The image is clear and well-lit, with no visible artifacts or distortions that would significantly impact its quality. The main object, the car, is clearly visible. The windshield is present and visible, so it is not missing or not visible."}, {"ans": [true, false, 0.95], "reasoning": "The image is showing a keyboard with a visible spacebar. The spacebar is present and visible, so the answer to the second question is False. The image is of high quality, with clear details and no visible artifacts or distortions, so the quality score is 0.95. The slight deduction is due to the fact that the image is not perfectly sharp, but it is still very clear."}, {"ans": [true, false, 0.95], "reasoning": "The image clearly depicts an owl perched on a tree branch under a night sky with a full moon. The owl is fully feathered, and its feathers are detailed and visible. The image is of high quality with clear details and no visible artifacts or distortions that would detract from the overall clarity. The only reason it's not rated a 1 is due to the slight softness in the background, but this does not significantly impact the main subject."}, {"ans": [true, false, 1.0], "reasoning": "The image shows two leather-bound books on a wooden surface. The main object in the image is indeed a book, so the answer to the first question is True. The pages of the book lying flat are visible, indicating that the pages are not missing or not visible, so the answer to the second question is False. The image is clear and of high quality, with no visible artifacts, blurring, or other issues that would affect the quality score."}, {"ans": [true, false, 0.95], "reasoning": "The image clearly shows a lighthouse, which is the main object in the picture. The lighthouse is standing on a rocky cliff with a cloudy sky in the background. The lamp is visible inside the lighthouse, so it is not missing. The image is of high quality with clear details and no visible artifacts or distortions, though the sky is quite cloudy."}, {"ans": [true, false, 0.95], "reasoning": "The image clearly shows an armchair with a light beige fabric and dark wooden legs, placed on a patterned rug. The chair is positioned in a room with a doorway in the background. The legs of the chair are visible, indicating that they are not missing. The image is well-lit and clear, with no visible artifacts or distortions that would affect the quality. The slight decrease in quality score is due to the fact that the image is not perfectly sharp, but it is still clear enough to identify the details of the chair and its surroundings."}, {"ans": [true, true, 0.95], "reasoning": "The image shows a deer standing in a forest, facing the camera. The deer appears to be a female or a young male as there are no visible antlers on its head. The image is clear and well-lit, with the sun shining through the trees in the background. The deer's features are well-defined, and there are no visible artifacts or distortions. The quality of the image is high, with a score of 0.95 out of 1. The main object, the deer, is present, so the answer to the first question is True. The antlers are not visible, so the answer to the second question is True."}, {"ans": [true, true, 1.0], "reasoning": "The image shows a white envelope on top of another, with both envelopes having a flap. The top envelope's flap is closed and not visible from the front, thus it is considered not visible. The image is clear and of high quality, with no visible artifacts or distortions."}, {"ans": [true, true, 1.0], "reasoning": "The image shows a wall clock with a white face and black hands, mounted on a wall above a fireplace. The clock is the main object in the image and is clearly visible. The numbers on the clock face are not visible, as there are no numbers present. The image is of high quality, with clear and sharp details, and no visible artifacts or distortions."}, {"ans": [true, false, 0.9], "reasoning": "The image clearly shows a person wearing a white space suit, floating in a swimming pool. The space suit is fully visible and includes a helmet with a reflective gold visor. The presence of the helmet indicates that it is not missing. The image is of high quality, with clear details and no visible artifacts or distortions that would significantly impact the visibility of the main object or its components."}, {"ans": [true, false, 1.0], "reasoning": "The image clearly shows a windmill with blades in a field. The main object, the windmill, is present and visible. The blades are also present and visible, attached to the windmill. The image is clear and of high quality, with no visible artifacts or distortions. Therefore, the answer to Question 1 is True because the image is showing a windmill. The answer to Question 2 is False because the blades are not missing or invisible; they are clearly visible. The quality of the image is rated 1 because it is sharp and clear, with no noticeable issues."}, {"ans": [true, true, 0.95], "reasoning": "The image clearly shows a large tree without leaves, surrounded by other trees also without leaves. The main object, a tree, is present, so the answer to the first question is True. The leaves are not visible on the trees, so the answer to the second question is True. The image is of high quality, with clear details and no visible artifacts or distortions, so the quality score is 0.95."}, {"ans": [true, true, 0.95], "reasoning": "The image shows a yellow school bus parked in front of a building. The bus is clearly visible, and its presence is not in question. The doors of the bus are not visible as the side of the bus is facing the camera and the doors are likely on the other side. Therefore, for Question 1, the answer is True because the image is showing a bus. For Question 2, the answer is True because the doors are not visible from the current angle. The quality of the image is rated 0.95 out of 1 because the image is clear and well-lit, with no visible artifacts, blurring, or other issues that would detract from its quality."}, {"ans": [true, true, 0.95], "reasoning": "The image shows a laptop on a table. The laptop is an Apple brand and is positioned with its back facing the camera, displaying the Apple logo. The screen is not visible as it is closed or facing away from the viewer. The image is clear and well-lit, with no visible artifacts or distortions. The quality of the image is high, with a score of 0.95 out of 1. The main object, the laptop, is present. The screen is not visible, so it is considered missing or not visible."}, {"ans": [true, true, 0.95], "reasoning": "The image clearly shows a trumpet lying on a red velvet chair. The trumpet is visible and appears to be a standard instrument with valves and a bell. However, the mouthpiece is not attached to the trumpet, indicating it is either missing or not visible. The image is of high quality with clear details and no visible artifacts or distortions, hence the quality score is 0.95."}, {"ans": [true, false, 1.0], "reasoning": "The image clearly shows a robot with a head in a laboratory setting. The robot is white with visible mechanical parts and wires, and it has a humanoid face with blue eyes. The head is present and visible, so the answer to the second question is False. The image is of high quality, with clear details and no visible artifacts or distortions, so the quality score is 1.0."}, {"ans": [true, true, 1.0], "reasoning": "The image shows a cylindrical candle on a silver tray. The candle appears to be made of wax and has a smooth surface. There is no visible wick on the top of the candle. The image is clear and well-lit, with no visible artifacts or distortions. Therefore, the answer to Question 1 is True because the image is showing a candle. The answer to Question 2 is True because the wick is not visible. The quality of the image is rated as 1.0 because it is clear and well-lit, with no visible issues."}, {"ans": [true, false, 1.0], "reasoning": "The image clearly shows a pizza with various toppings, including what appears to be mozzarella cheese, on a circular crust. The presence of cheese is visible, indicating it is not missing. The image is of high quality with clear details and no visible artifacts or distortions."}, {"ans": [true, true, 0.95], "reasoning": "The image clearly shows a DSLR camera body without a lens attached, as evidenced by the exposed sensor and mount. The lens is not visible on the camera or anywhere else in the image. The image is sharp and well-lit, with no noticeable artifacts or distortions, hence the high quality score of 0.95."}, {"ans": [true, false, 1.0], "reasoning": "The image shows a grand piano on a stage in an auditorium. The piano is clearly visible and appears to be in good condition. The keys of the piano are visible, so they are not missing or invisible. The image is clear and well-lit, with no visible artifacts or distortions. Therefore, the quality of the image is rated as 1.0."}, {"ans": [true, false, 0.9], "reasoning": "The image clearly shows two paintbrushes, one with visible bristles and the other partially visible but also with bristles. The presence of the paintbrushes is evident, and the bristles on at least one of them are clearly visible, answering both questions. The image quality is high, with clear details of the brushes and the paint palette. The slight deduction in quality score is due to the slight texture and possible minor artifacts from the image processing, but it does not significantly impact the visibility of the main objects."}, {"ans": [true, false, 1.0], "reasoning": "The image clearly shows a watch with a visible face and a strap. The watch is centered in the image, and its details are well-defined. The strap is partially visible, indicating that it is not missing. The image is sharp and clear, with no visible artifacts or distortions that would affect its quality. Therefore, the answer to the first question is True because the image is showing a watch. The answer to the second question is False because the strap is visible. The quality of the image is rated 1 because it is clear and well-defined, with no noticeable issues."}, {"ans": [true, true, 0.9], "reasoning": "The image clearly shows a man sitting in a dentist's chair with his mouth open, revealing his teeth and the inside of his mouth. The dentist is holding a dental tool near the man's mouth. The main object, the mouth, is visible. However, upon closer inspection, it is evident that the tongue is not visible, likely because it is pressed down or not in view due to the open mouth position. The image is of high quality, with clear details and no visible artifacts or distortions that would affect the interpretation of the main subject. The quality score is 0.9 because the image is very clear and well-lit, but there might be a slight deduction due to the background being slightly out of focus."}, {"ans": [true, false, 0.95], "reasoning": "The image clearly depicts a motorcycle, which is the main object in the scene. The motorcycle is centered and well-lit, making it easily identifiable. The handlebars are visible and not missing, as they are clearly seen attached to the front of the motorcycle. The image is of high quality, with clear details and vibrant colors, although there is a slight haze in the background that could be considered a minor artifact, hence the quality score is not 1 but 0.95."}, {"ans": [true, false, 1.0], "reasoning": "The image clearly shows a vintage television set on top of a wooden cabinet. The television has a visible screen, although it is not displaying any content. The cabinet's doors are open, revealing the internal components of the television. The image is well-lit and in focus, with no visible artifacts or distortions. Therefore, the answer to the first question is True, as the image is showing a television. The answer to the second question is False, as the screen is visible. The quality of the image is rated as 1, indicating that it is of high quality with no noticeable issues."}, {"ans": [true, false, 0.95], "reasoning": "The image clearly shows a white goat standing on a rocky outcrop with a snowy mountain in the background. The goat is facing the camera and has visible horns, which are small and curved. The image is sharp and well-defined, with no visible artifacts or distortions. The quality of the image is high, with a score of 0.95 out of 1. The main object, the goat, is clearly visible, so the answer to the first question is true. The horns are also visible, so the answer to the second question is false."}, {"ans": [true, false, 1.0], "reasoning": "The image clearly shows a red sneaker with white laces on a bench in front of lockers. The sneaker is the main object and is clearly visible, so the answer to the first question is True. The laces are present and visible, so the answer to the second question is False. The image is sharp and clear, with no visible artifacts or distortions, so the quality is rated as 1."}, {"ans": [true, false, 1.0], "reasoning": "The image clearly shows a green frog sitting on a lily pad in the water. The frog's eyes are visible, so the answer to the first question is True. For the second question, since the eyes are clearly visible, the answer is False. The image is sharp and clear, with no visible artifacts or distortions, so the quality is rated as 1.0."}, {"ans": [true, false, 1.0], "reasoning": "The image shows a mug with a handle, so it is showing a mug. The handle is visible, so it is not missing. The image is clear and of high quality, with no visible artifacts or distortions."}, {"ans": [true, false, 0.9], "reasoning": "The image clearly shows a saxophone, which is the main object. The saxophone has keys visible on it, so the keys are not missing or not visible. The image is of high quality with clear details of the saxophone, though there is a slight vignette effect around the edges, the overall clarity is good. The quality score is 0.9 because the image is sharp and well-lit, with no noticeable artifacts or distortions."}, {"ans": [true, false, 1.0], "reasoning": "The image clearly shows a skateboard with wheels attached to it. The skateboard is positioned on a brick surface, and the wheels are visible and appear to be in good condition. The image is well-lit and in focus, allowing for a clear view of the skateboard and its components. Therefore, the answer to Question 1 is True, as the image is showing a skateboard. The answer to Question 2 is False, as the wheels are not missing or invisible; they are clearly visible in the image. The quality of the image is rated as 1.0, indicating that it is of high quality with no noticeable artifacts, blurring, or other issues that would detract from the viewer's ability to see the skateboard and its details."}, {"ans": [true, false, 1.0], "reasoning": "The image clearly shows a fedora hat on a stand. The hat has a visible brim, which is a key characteristic of a fedora. The image is of high quality, with clear details and no visible artifacts or distortions."}, {"ans": [true, false, 0.95], "reasoning": "The image clearly shows a motorcycle helmet on a workbench in a workshop setting. The helmet is black with a clear visor that is currently up. The presence of the visor indicates that it is not missing. The image is sharp and well-lit, with no visible artifacts or distortions that would detract from its quality. The main object, the motorcycle helmet, is clearly visible, and the visor is also clearly present and not missing or invisible. The quality of the image is high, with a score of 0.95 out of 1, only being reduced slightly due to minor reflections on the helmet."}, {"ans": [true, true, 1.0], "reasoning": "The image clearly shows a bedframe, which is the main object in question. The bedframe is ornate and made of wood, with a headboard and footboard that are intricately carved. The mattress is not visible, as it is not present in the image. The image is of high quality, with clear details and no visible artifacts or distortions. The quality score is 1.0 because the image is clear and well-rendered, with no issues that would detract from its quality."}, {"ans": [true, false, 0.95], "reasoning": "The image depicts a clock tower with visible clock faces on two sides, indicating that it is indeed a clock tower. Therefore, the answer to the first question is True. For the second question, since the clock faces are clearly visible, the answer is False. The image quality is high, with clear details and no noticeable artifacts or distortions, so the quality score is 0.95."}, {"ans": [true, false, 1.0], "reasoning": "The image clearly shows a pocket watch with its cover open, revealing the face and the internal mechanism. The hands of the watch are visible, indicating the time. The image is of high quality with clear details and no visible artifacts or distortions. Therefore, the answer to the first question is True as the image is showing a pocket watch. The answer to the second question is False because the hands are visible on the watch face. The quality of the image is rated as 1, indicating it is of very high quality."}, {"ans": [true, false, 1.0], "reasoning": "The image clearly shows a bicycle leaning against a stone wall. The bicycle is red with black handlebars and seat, and it has two wheels, a frame, and a chain. The pedals are visible and appear to be attached to the crankset. The image is sharp and well-lit, with no visible artifacts or distortions. Therefore, the answer to Question 1 is True, as the image is showing a bicycle. The answer to Question 2 is False, as the pedals are visible and not missing. The quality of the image is rated 1, as it is clear and well-defined, with no issues affecting its quality."}, {"ans": [true, false, 0.95], "reasoning": "The image is a portrait of a woman with visible eyes, and the overall quality is high with clear details. The painting is well-lit and the subject's features are clearly visible. The quality score is slightly below 1 due to minor artifacts or subtle imperfections in the image, but it does not detract significantly from the overall clarity."}, {"ans": [true, false, 0.95], "reasoning": "The image clearly shows a grand piano on a stage with spotlights shining down. The piano's lid is open, revealing its internal mechanisms, including the hammers. The presence of the hammers is visible, so they are not missing. The image is sharp and well-lit, with no visible artifacts or distortions that would detract from its quality. The only reason the quality score is not 1 is due to the slight haze and lighting effects that might be considered minor imperfections."}, {"ans": [true, true, 0.9], "reasoning": "The image depicts a sailing ship, which is evident from its design and the presence of masts. The sails are not visible, indicating they are either missing or not deployed. The image is of high quality, with clear details and no visible artifacts or distortions."}, {"ans": [true, false, 1.0], "reasoning": "The image shows a large tree with a wide canopy and a thick trunk, which appears to be an oak tree. The leaves are visible on the tree, so they are not missing or invisible. The image is clear and well-defined, with no visible artifacts or distortions, indicating a high-quality image."}, {"ans": [true, false, 0.9], "reasoning": "The image depicts a stone cottage with a door, windows, and a chimney, surrounded by trees and vines. The main object, the cottage, is present. The door is visible, so it is not missing or invisible. The image is clear and detailed, with no visible artifacts or distortions that would significantly impact the quality. However, the quality is not perfect (hence 0.9 instead of 1) because the image appears to be slightly unnatural or overly processed, possibly due to being AI-generated."}, {"ans": [true, false, 1.0], "reasoning": "The image is showing a passenger jet, and the wings are visible, so the answer to the first question is True. The wings are not missing or not visible, so the answer to the second question is False. The image is clear and of high quality, with no visible artifacts or distortions, so the quality score is 1.0."}, {"ans": [true, true, 0.95], "reasoning": "The image clearly shows a wristwatch with a white face and brown leather strap on a brown leather tray. The watch face does not have any visible numbers, indicating that the numbers are missing or not visible. The image is of high quality, with clear details and no visible artifacts or distortions. The slight decrease in quality score is due to the subtle texture and shading on the background and tray, which could be slightly improved."}, {"ans": [true, true, 0.95], "reasoning": "The image is showing a pizza, which is the main object. The pizza appears to be without cheese, as there is no visible cheese on top of the sauce. The image is clear and well-defined, with no visible artifacts or distortions that would affect the quality score. The quality score is 0.95, indicating a high-quality image."}, {"ans": [true, false, 0.8], "reasoning": "The image clearly shows traffic signals above the road. The traffic signals are visible and appear to be functioning, with one of them displaying a red light. The presence of the traffic signals answers the first question affirmatively. For the second question, the lights are visible on the traffic signals, so they are not missing or invisible. The image quality is high, with clear details of the scene, but the strong sunlight might cause some overexposure, hence the quality score of 0.8."}, {"ans": [true, false, 0.95], "reasoning": "The image clearly shows a skateboard with wheels attached to it. The skateboard is positioned on a concrete surface, and the wheels are visible and appear to be in good condition. The image is well-lit, with clear shadows indicating that it was taken outdoors during the daytime. The quality of the image is high, with no noticeable artifacts or blurring. The only reason for not giving it a perfect score is the presence of some minor speckles on the concrete surface, but these do not detract significantly from the overall clarity of the image."}, {"ans": [true, false, 1.0], "reasoning": "The image clearly shows a chessboard with pieces arranged on it, so the answer to Question 1 is True. The black pieces are visible on the board, so the answer to Question 2 is False. The image is of high quality, with clear details and no visible artifacts or distortions, so the quality score is 1.0."}, {"ans": [true, true, 0.95], "reasoning": "The image shows a red Ferrari sports car in a showroom. The car is a convertible with its top down, and it is positioned on a circular platform. The image is clear and well-lit, with no visible artifacts or distortions. The sports car is the main object in the image, and it is clearly visible. The brakes are not visible as the wheels are in a position where the brake components are not visible, and there are no other visible indications of the brakes. Therefore, the answer to the first question is True, and the answer to the second question is True. The quality of the image is high, with a score of 0.95 out of 1. The slight deduction is due to a minor reflection on the floor, but it does not significantly impact the overall quality."}, {"ans": [true, true, 1.0], "reasoning": "The image clearly shows an open book on a wooden table. The pages are blank, indicating that there is no text visible. The image is sharp and well-lit, with no visible artifacts or distortions. Therefore, the answer to Question 1 is True because the image is showing a book. The answer to Question 2 is also True because the text is not visible on the pages of the book. The quality of the image is rated as 1.0 because it is clear and well-defined, with no noticeable issues."}, {"ans": [true, false, 0.95], "reasoning": "The image clearly shows a computer tower with visible internal components, including fans. The main object, the computer tower, is present. The fans are visible, so they are not missing. The image is of high quality, with clear details and no visible artifacts or distortions. The slight deduction in quality score is due to the subtle shadow and reflection effects, but these do not significantly impact the overall clarity."}, {"ans": [true, false, 1.0], "reasoning": "The image clearly shows a scarecrow standing in a wheat field. The scarecrow is wearing a straw hat and a plaid shirt, and has straw stuffed around its neck and body. The scarecrow has two visible arms, which are made of straw and are attached to the body. The image is clear and well-lit, with no visible artifacts or distortions. Therefore, the answer to Question 1 is True, as the image is showing a scarecrow. The answer to Question 2 is False, as the arms are visible and not missing. The quality of the image is rated as 1, as it is clear and well-defined."}, {"ans": [true, true, 0.95], "reasoning": "The image depicts a man in armor, which is consistent with the representation of a knight. The main object in the image is indeed a knight. Therefore, the answer to the first question is True. Upon closer inspection, it is observed that the knight's sword is not visible in the image. The belt and scabbard are present, but the sword itself is missing or not visible. Hence, the answer to the second question is True. The image is of high quality, with detailed rendering of the armor and the background. The only reason it is not rated 1 is due to the slight texture visible on the canvas, which is typical for a painting. Thus, the quality score is 0.95."}, {"ans": [true, false, 0.95], "reasoning": "The image clearly shows a teapot with a handle, spout, and lid, placed on a bamboo tray. The teapot is white with a floral design. The handle is visible on the right side of the teapot. The image is sharp and well-lit, with no noticeable artifacts or distortions. The quality of the image is high, with a score of 0.95 out of 1. The main object, a teapot, is present, so the answer to the first question is True. Since the handle is visible, the answer to the second question is False."}, {"ans": [true, false, 0.9], "reasoning": "The image clearly shows a basketball hoop with a net. The main object, the basketball hoop, is present. The net is visible and not missing. The image is clear and well-lit, with no visible artifacts or distortions that would significantly impact the quality. The only minor deduction in quality comes from some minor scratches on the backboard, but it does not affect the overall visibility of the main object or the net."}, {"ans": [true, false, 1.0], "reasoning": "The image shows a dining table set with fine china and silverware. The table is covered with a white tablecloth, and there are two place settings visible. Each setting includes a plate, napkin, and various pieces of silverware. Glasses are also present at the top of the image. The image is clear and well-lit, with no visible artifacts or distortions. Therefore, the answer to Question 1 is True because the image is showing a dining table. The answer to Question 2 is False because the glasses are visible on the table. The quality of the image is rated as 1.0 because it is clear and well-lit, with no visible issues."}, {"ans": [true, false, 1.0], "reasoning": "The image clearly shows a vintage typewriter with a sheet of paper in it, and the ribbon is visible and not missing. The image is sharp and well-lit, with no visible artifacts or distortions, hence the quality is rated as 1."}, {"ans": [true, true, 1.0], "reasoning": "The image shows a winter jacket hanging on a coat rack. The jacket is a puffer jacket with a fur-lined hood, which is characteristic of winter jackets. The presence of the jacket is clear, so the answer to Question 1 is True. Upon closer inspection, there is no visible zipper on the jacket, suggesting that it might be missing or not visible. Therefore, the answer to Question 2 is also True. The image is clear and well-lit, with no visible artifacts, blurring, or other issues that would affect its quality. Hence, the quality score is 1.0."}, {"ans": [true, false, 0.95], "reasoning": "The image is showing a sunflower. The seeds are visible on the sunflower, so they are not missing. The image is clear and well-lit, with no visible artifacts or distortions, but there is a slight gradient in the sky which might be considered a minor flaw, hence the quality score is not 1."}, {"ans": [true, false, 1.0], "reasoning": "The image clearly shows an elephant with its trunk visible. The trunk is a distinctive feature of an elephant and is clearly visible in the image, hanging down from the elephant's face. The image is of high quality, with clear details and no visible artifacts or distortions that would affect the visibility of the elephant or its trunk."}, {"ans": [true, true, 0.95], "reasoning": "The image clearly shows a rowboat, which is the main object. The boat is white with a brown seat and is moored to a wooden post. The oars are not visible inside the boat or anywhere else in the image. The image is of high quality, with clear details and no visible artifacts or distortions. The quality score is 0.95 because the image is very clear and well-defined, with no noticeable issues."}, {"ans": [true, true, 0.95], "reasoning": "The image is clearly showing a snowman, so the answer to the first question is True. Upon closer inspection, it appears that the snowman does not have visible buttons, so the answer to the second question is True. The image is of high quality, with clear details and no visible artifacts or distortions, so the quality score is 0.95."}, {"ans": [true, false, 1.0], "reasoning": "The image clearly shows a fountain pen, which is the main object in question. The pen is black with gold accents and is placed on top of a notebook. The nib of the pen is visible, and the ink reservoir is transparent, showing that it contains ink. Therefore, for Question 1, the answer is True because the image is showing a fountain pen. For Question 2, the answer is False because the ink is visible in the transparent section of the pen. The image quality is high, with no visible artifacts, blurring, or other issues that would detract from the clarity of the objects depicted. Hence, the quality score is 1.0."}, {"ans": [true, true, 0.9], "reasoning": "The image shows a paintbrush with a wooden handle and silver ferrule, but the bristles are not visible as they are likely covered in paint and lying flat on the palette. The presence of the paintbrush is evident, so the answer to the first question is True. For the second question, since the bristles are not visible due to being covered or obscured, the answer is True. The image quality is rated 0.9 because it is clear and detailed, with no noticeable artifacts or distortions."}, {"ans": [true, false, 1.0], "reasoning": "The image clearly shows a pair of eyeglasses with temples on top of a newspaper. The main object, eyeglasses, is present and visible. The temples are also visible, so they are not missing or invisible. The image is clear and of high quality, with no visible artifacts or distortions."}, {"ans": [true, false, 0.9], "reasoning": "The image clearly shows a person holding an umbrella on a rainy street. The umbrella is visible and appears to be intact with its ribs visible under the fabric. The image is sharp and well-lit, with no significant artifacts or distortions that would detract from its quality. The presence of the ribs is indicated by the visible lines under the umbrella's fabric. Therefore, the answer to the first question is True because an umbrella is present. The answer to the second question is False because the ribs are visible. The quality score is 0.9 because the image is clear and well-composed, with only minor potential issues such as slight overexposure in the center."}, {"ans": [true, false, 1.0], "reasoning": "The image is showing a wristwatch with a gold case and black leather strap. The watch face is visible and has a skeleton design, showing the internal mechanisms. The hour markers are visible on the outer rim of the watch face, indicating the hours. The image is clear and well-lit, with no visible artifacts or distortions. Therefore, the answer to Question 1 is True, as the image is showing a wristwatch. The answer to Question 2 is False, as the hour markers are visible on the watch face. The quality of the image is rated as 1.0, as it is clear and well-defined, with no visible issues."}, {"ans": [true, false, 0.9], "reasoning": "The image clearly shows a camping tent set up in a grassy field. The tent is fully assembled with poles visible, supporting its structure. The poles are not missing or invisible; they are an integral part of the tent's setup. The image is of high quality, with clear details and no visible artifacts or distortions that would detract from the visibility of the tent or its components. The slight screen-like texture on the image slightly reduces its quality score."}, {"ans": [true, false, 0.9], "reasoning": "The image shows a cuckoo clock with intricate carvings and details, including a clock face and a figurine of a bird emerging from the top. The clock is adorned with carved deer and pinecones, and chains are visible hanging down from the bottom, indicating the presence of weights. The image is clear and well-defined, with no visible artifacts or distortions that would detract from its quality. The weights are visible as pinecones hanging from chains, so they are not missing or invisible."}, {"ans": [true, true, 1.0], "reasoning": "The image is showing a smartphone, so the answer to the first question is True. The speaker grille is not visible from the shown perspective of the smartphone, so the answer to the second question is True. The image is clear and has no visible artifacts, blurring, or other issues that would decrease its quality, so the quality score is 1."}, {"ans": [true, false, 0.95], "reasoning": "The image clearly shows a motorcycle facing the camera on a dirt road. The motorcycle is the main object and is visible in detail. The speedometer is visible and appears to be attached to the motorcycle's handlebars. The image is sharp and well-lit, with no significant artifacts or distortions. The quality is high, with a score of 0.95 due to minor dirt road texture and slight shadow under the motorcycle."}, {"ans": [true, true, 1.0], "reasoning": "The image shows a violin bow. The bow is positioned diagonally across the image, with the bow tip at the top right and the frog at the bottom left. The bow stick is made of a light-colored wood, and the frog is black with silver accents. The bow hair is not visible, indicating that it is either missing or not taut. The background is a red velvet fabric, which provides a luxurious and elegant setting for the bow. The image is clear and well-lit, with no visible artifacts or distortions. Therefore, the answer to Question 1 is True, as the image is showing a violin bow. The answer to Question 2 is also True, as the hair is not visible. The quality of the image is rated as 1.0, as it is clear and well-lit, with no visible issues."}, {"ans": [true, false, 0.9], "reasoning": "The image clearly shows a birdcage hanging from the ceiling of a porch. The cage is made of gold-colored metal and has a dome-shaped top. Inside the cage, there is a bird perched on a stand, and the perch is visible. The image is well-lit, with sunlight streaming in from the background, and the details of the cage and its contents are clearly visible. The quality of the image is high, with no noticeable artifacts or distortions, although there is a slight overexposure around the sun, which reduces the quality score slightly."}, {"ans": [true, false, 1.0], "reasoning": "The image clearly shows a statue of a woman in a classical style, standing on a marble pedestal in a hallway with columns. The statue is fully intact with its head visible, indicating that the head is not missing. The image is of high quality, with clear details and no visible artifacts or distortions."}, {"ans": [true, false, 0.95], "reasoning": "The image clearly shows a teddy bear sitting on a bed, so the answer to the first question is True. The teddy bear has a visible nose, so the answer to the second question is False. The image is of high quality, with clear details and no visible artifacts or distortions, so the quality score is 0.95. The only reason it is not 1 is because the bed sheets have some minor blurring due to being out of focus."}, {"ans": [true, false, 1.0], "reasoning": "The image clearly shows a pair of white high-top sneakers with white laces. The sneakers are positioned on a black mat in front of a door, and the laces are visible and not missing. The image is sharp and clear, with no visible artifacts or distortions that would affect the quality. Therefore, the answer to Question 1 is True because the image is showing sneakers. The answer to Question 2 is False because the laces are visible and not missing. The quality of the image is rated as 1 because it is clear and well-defined, with no noticeable issues."}, {"ans": [true, false, 1.0], "reasoning": "The image clearly shows a refrigerator with its door open, revealing the interior. The refrigerator is the main object in the image, and it is visible and well-defined. The door shelves are present and visible on the inside of the refrigerator door. The image is of high quality, with clear details and no visible artifacts or distortions. Therefore, the answer to Question 1 is True, as the image is showing a refrigerator. The answer to Question 2 is False, as the door shelves are not missing; they are visible on the door. The quality of the image is rated 1.0, as it is clear and well-defined, with no issues affecting its quality."}, {"ans": [true, false, 0.9], "reasoning": "The image shows a group of people sitting around a campfire, and the campfire is clearly visible with flames. The presence of flames directly answers both questions. For question 1, the image is showing a campfire with flames, so the answer is True. For question 2, since the flames are visible, the answer is False. The image quality is high, with clear details and no visible artifacts or distortions that would significantly impact the understanding of the scene, so the quality score is 0.9."}, {"ans": [true, false, 1.0], "reasoning": "The image clearly shows a drinking fountain with water flowing from it, indicating that the main object (drinking fountain) is present. Since water is visible and flowing, it is not missing or invisible. The image is sharp, with no visible artifacts, blurring, or unnatural colors, suggesting a high-quality image."}, {"ans": [true, false, 0.95], "reasoning": "The image clearly shows a revolver with a visible trigger guard. The revolver is positioned on a green surface, and its details are well-defined. The trigger guard is present and visible around the trigger. The image is sharp and well-lit, with no visible artifacts or distortions that would affect the quality. The only reason for not giving it a perfect score is the slight texture visible on the green surface, but it does not detract significantly from the overall clarity of the image."}, {"ans": [true, false, 0.9], "reasoning": "The image is a detailed illustration of a compass rose, which is the main object in the image. The compass rose is intricately designed with various elements, including a north arrow, which is visible and not missing. The image is of high quality, with clear and detailed illustrations, although it has a slightly aged, parchment-like appearance that might slightly reduce its quality score due to the texture and shading. However, the overall clarity and detail of the compass rose and its components are well-preserved, hence a quality score of 0.9."}, {"ans": [true, false, 0.9], "reasoning": "The image depicts a futuristic cityscape with tall skyscrapers, indicating that the main object (skyscrapers) is present. The skyscrapers appear to have windows, as evidenced by the numerous vertical lines and pink lights that could be interpreted as windows or window-like features. Therefore, the answer to the first question is True. For the second question, since the windows are visible, the answer is False. The image quality is high, with clear details and vibrant colors, but the quality score is slightly reduced to 0.9 due to the slight haze and glow effects that might be considered minor artifacts."}, {"ans": [true, true, 1.0], "reasoning": "The image shows a conductor standing on a podium, wearing a black tuxedo with a white shirt and bow tie, with his hands raised as if conducting an orchestra. The background features musicians playing various instruments, indicating a performance setting. The conductor's hands are empty, and there is no visible baton. The image is clear and well-lit, with no noticeable artifacts or distortions. Therefore, the answer to Question 1 is True because the image is showing a conductor. The answer to Question 2 is True because the baton is not visible. The quality of the image is rated 1.0 because it is clear and well-defined, with no visible issues that would detract from its quality."}, {"ans": [true, true, 0.98], "reasoning": "The image shows a soccer goal without a crossbar. The main object, a soccer goal, is present. The crossbar is missing, so the answer to the second question is True. The image quality is high, with clear details and no visible artifacts or distortions, hence a quality score of 0.98."}, {"ans": [true, false, 1.0], "reasoning": "The image clearly shows a microscope with lenses attached. The microscope is positioned on a table in front of a window, and the lenses are visible and appear to be in place. The image is sharp and well-lit, with no visible artifacts or distortions. Therefore, the answer to Question 1 is True, as the image is showing a microscope. The answer to Question 2 is False, as the lenses are not missing or invisible; they are clearly visible. The quality of the image is rated 1.0, as it is clear and well-defined, with no issues that would detract from its quality."}]