[{"ans": [true, false, 0.9], "reasoning": "The image is showing a sailboat, so the answer to the first question is True. The sail is furled around the mast, but it is still visible, so the answer to the second question is False. The image is clear and well-composed, with a good balance of elements, so the quality score is 0.9. The slight deduction from 1 is due to the fact that the image is not a perfect representation of a sailboat in full sail, but this is not a requirement for the question."}, {"ans": [true, true, 0.9], "reasoning": "The image is showing a bicycle, so the answer to the first question is True. The chain of the bicycle is not visible, so the answer to the second question is True. The quality of the image is rated 0.9 because it is clear and well-lit, and the bicycle is the main focus of the image."}, {"ans": [true, false, 0.9], "reasoning": "The image clearly shows a cat, so the answer to the first question is True. The cat's whiskers are visible, so the answer to the second question is False. The image is well-lit and in focus, with a clear view of the cat's features, so the quality is rated as 0.9. The slight deduction from 1 is due to the minor blurriness around the edges of the image and the slight presence of dust or dirt on the window sill."}, {"ans": [true, true, 0.8], "reasoning": "The image depicts a castle with stone walls and towers, which matches the description in Question 1. Therefore, the answer to Question 1 is True. Upon closer inspection, it is evident that there are no visible gates in the image, which aligns with the condition in Question 2. Hence, the answer to Question 2 is also True. The quality of the image is rated 0.8 because it is clear and well-lit, allowing for a detailed view of the castle's structure."}, {"ans": [true, false, 0.9], "reasoning": "The image clearly shows a hot-air balloon with a visible basket. The main object, the hot-air balloon, is present, so the answer to the first question is True. The basket is also visible, so the answer to the second question is False. The image is of high quality, with clear details of the balloon and the surrounding landscape, so the quality score is 0.9."}, {"ans": [true, false, 1.0], "reasoning": "The image clearly shows a turtle with a visible shell. The turtle is centered in the image, and its shell is clearly visible, indicating that the shell is not missing. The image is of high quality, with clear details of the turtle and its surroundings."}, {"ans": [true, false, 0.9], "reasoning": "The image clearly shows a train, which is the main object in question. The train is positioned on the tracks, and its presence is evident. For the first question, the presence of a train is confirmed, so the answer is True. For the second question, the wheels of the train are visible under the carriage, so they are not missing or invisible, making the answer False. The image is of good quality, with clear details of the train and its surroundings, hence the quality rating is 0.9."}, {"ans": [true, false, 1.0], "reasoning": "The image clearly shows a pair of eyeglasses with lenses on a reflective surface. The lenses are visible and not missing, so the answer to Question 1 is True. Since the lenses are present and visible, the answer to Question 2 is False. The image is of high quality, clearly showing the eyeglasses and their details, so the quality score is 1.0."}, {"ans": [true, false, 1.0], "reasoning": "The image clearly depicts a fountain pen, with one pen shown with its nib visible and another with its nib hidden as it is capped. The presence of the nib on the uncapped pen directly answers both questions. For Question 1, the image does show a fountain pen, so the answer is True. For Question 2, since the nib of the uncapped pen is visible, the answer is False. The image is of high quality, accurately representing the object in question without any key elements missing or obscured, thus the quality rating is 1."}, {"ans": [true, true, 0.8], "reasoning": "The image depicts two umbrellas with their canopies partially visible but mostly transparent or missing, as indicated by the wireframe structure. The presence of the umbrellas' frames and the shadows they cast on the wall confirm that they are indeed umbrellas. The canopies are not fully visible, appearing to be either missing or made of a transparent material that doesn't fully obscure the light, thus not casting a solid shadow. The quality of the image is rated 0.8 because it is clear and well-lit, showing the details of the umbrellas and their surroundings."}, {"ans": [true, false, 1.0], "reasoning": "The image clearly shows a large airplane on a runway, with its wings visible on both sides of the fuselage. The presence of the airplane is evident, answering the first question affirmatively. For the second question, the wings are clearly visible, so they are not missing or invisible. The image is of high quality, with clear details of the airplane and its surroundings."}, {"ans": [true, true, 0.9], "reasoning": "The image shows a desk lamp with an open book underneath it. The lamp is gold-colored and has an ornate design. The bulb is hanging down from the lampshade, indicating that it is not in its usual position, suggesting it is missing or not visible when looking at the lamp from this angle. The image is clear and well-lit, with a clear view of the lamp and the book."}, {"ans": [true, false, 0.9], "reasoning": "The image shows an electric guitar with a visible neck, so the main object is present and the neck is not missing. The quality of the image is high, with clear details of the guitar, and the presence or absence of the neck does not affect the quality score."}, {"ans": [true, false, 0.9], "reasoning": "The image is showing a clear glass or crystal sculpture of a fish, with detailed scales and fins visible. The main object, a fish, is present, so the answer to the first question is True. The fins are clearly visible in the image, so the answer to the second question is False. The quality of the image is rated 0.9 because it is a clear and well-lit image, with good detail visible in the sculpture."}, {"ans": [true, false, 1.0], "reasoning": "The image depicts a small, rustic cottage with a visible roof, although partially obscured by tree leaves. The presence of the cottage is clear, and the roof is visible, thus answering the first question affirmatively. For the second question, the roof is not missing or entirely invisible; it is partially visible, so the answer is false. The image is of high quality as it clearly shows the details of the cottage and its surroundings, hence a quality score of 1."}, {"ans": [true, true, 1.0], "reasoning": "The image shows a vintage convertible car with its hood open, and the windshield is not visible, indicating it is either missing or not visible. The main object in the image is a car, so the answer to the first question is True. Since the windshield is not visible, the answer to the second question is True. The image is clear and well-lit, showing the details of the car, so the quality is rated as 1."}, {"ans": [true, false, 0.9], "reasoning": "The image shows a keyboard with a transparent body and colorful backlighting. The keyboard is clearly visible, and the spacebar is present and visible. The image is of high quality, with clear details of the keyboard's keys and backlighting."}, {"ans": [true, false, 1.0], "reasoning": "The image clearly depicts an owl perched on a tree branch, with detailed feathers visible. The presence of the owl is evident, and the feathers are not missing or invisible; they are intricately detailed and visible across the owl's body. The image is of high quality, with clear and detailed rendering of the owl and its surroundings."}, {"ans": [true, true, 0.9], "reasoning": "The image is showing a book with a leather cover, and the pages are not visible in the standing book, so it is considered missing. The quality of the image is high, with clear details of the books and the surrounding environment."}, {"ans": [true, false, 1.0], "reasoning": "The image clearly shows a lighthouse on a rocky outcrop, with a white tower and a black lantern room. The lighthouse is the main object in the image. The lamp is visible inside the lantern room, so it is not missing or invisible. The image is of high quality, with clear details of the lighthouse and its surroundings."}, {"ans": [true, false, 1.0], "reasoning": "The image shows a cream-colored armchair with a tufted back and arms, sitting on a patterned rug. The chair has visible legs, which are short and tapered. The overall quality of the image is high, with clear details and no visible distortions."}, {"ans": [true, true, 0.8], "reasoning": "The image depicts a deer in a forest, which directly answers the first question. The deer appears to be without antlers, which addresses the second question as the antlers are not visible, thus considered missing. The image quality is rated 0.8 because it is clear and well-lit, capturing the details of the deer and its surroundings effectively."}, {"ans": [true, false, 1.0], "reasoning": "The image shows a white envelope with a visible flap, placed on a marble surface. The envelope is clearly visible and appears to be intact with its flap closed. The quality of the image is high, as it is clear and well-lit, allowing for a detailed view of the envelope and its features."}, {"ans": [true, true, 1.0], "reasoning": "The image is showing a wall clock, which is the main object in question. The clock face is white with black hands, and there are no numbers visible on the clock face. Therefore, the answer to the first question is True because the image is showing a wall clock. The answer to the second question is also True because the numbers are not visible on the clock face. The quality of the image is rated as 1.0 because it is clear and well-lit, and the clock is prominently displayed."}, {"ans": [true, false, 1.0], "reasoning": "The image depicts an astronaut in a white space suit submerged in a pool of water. The space suit is clearly visible, and the astronaut is wearing a helmet. The first question asks if the image is showing a space suit, which it is, so the answer to the first question is true. The second question inquires if the helmet is missing or not visible. Since the helmet is clearly visible on the astronaut's head, the answer to the second question is false. The image is of high quality, clearly showing the details of the space suit and the helmet, hence the quality rating is 1."}, {"ans": [true, false, 0.9], "reasoning": "The image clearly depicts a windmill standing in a field of wheat. The windmill is the main object in the image and is easily identifiable. The blades of the windmill are visible, indicating that they are not missing. The image is of high quality, with clear details of the windmill and its surroundings. The only reason for not giving it a perfect score is due to the slight distortion or editing effect visible around the windmill's blades and roof."}, {"ans": [true, true, 0.9], "reasoning": "The image prominently features a large tree with bare branches, indicating that it is without leaves. The main object in the image is indeed a tree, fulfilling the first question's condition. For the second question, the leaves are not visible on the tree, aligning with the condition of being 'missing or not visible.' The image is clear and well-composed, capturing the details of the tree and its surroundings effectively, hence a high-quality score."}, {"ans": [true, true, 0.8], "reasoning": "The image shows a yellow school bus with visible seats and windows, indicating that it is indeed a bus. However, the doors are not visible in the image, suggesting that they are either missing or not visible. The image is clear and well-lit, with a clear view of the bus's interior and exterior, hence the quality score of 0.8."}, {"ans": [true, true, 1.0], "reasoning": "The image shows a laptop on a desk. The laptop is open, but the screen is blank white, indicating that it is either turned off or the screen is not visible due to the angle or lighting. The laptop itself is clearly visible, so the main object (laptop) is present. The screen is not displaying any content, making it 'not visible' in terms of its functionality, thus answering the second question as True. The image quality is good as it clearly shows the laptop and its condition."}, {"ans": [true, true, 0.9], "reasoning": "The image shows a brass instrument, specifically a cornet, which is similar to a trumpet. The main object in the image is indeed a brass instrument that could be considered a type of trumpet, so the answer to the first question is True. The mouthpiece is not visible on the instrument, so the answer to the second question is True. The image is clear and well-lit, with the instrument prominently displayed against a red velvet background. The quality of the image is high, with a score of 0.9 out of 1. The slight deduction is due to minor creases in the velvet background, but this does not detract from the overall clarity of the image."}, {"ans": [true, false, 1.0], "reasoning": "The image clearly shows a robot with a visible head, answering the first question affirmatively. Since the head is visible, the second question is answered negatively. The image is of high quality, with clear details of the robot and its surroundings."}, {"ans": [true, true, 0.9], "reasoning": "The image shows a cylindrical object that appears to be a candle, as it is made of wax and has a smooth, even surface. The object is placed on a decorative silver tray, which suggests that it is being displayed or used for a specific purpose. Upon closer inspection, there is no visible wick on the top of the candle, which is typically a characteristic feature of a candle. Therefore, the wick is considered missing or not visible. The image is clear and well-lit, with good resolution, hence the quality score is 0.9."}, {"ans": [true, false, 1.0], "reasoning": "The image shows a pizza with visible cheese, so the main object is a pizza and the cheese is not missing."}, {"ans": [true, true, 1.0], "reasoning": "The image shows a DSLR camera body with the lens removed, exposing the internal components. The camera is clearly visible and identifiable as a DSLR. The lens is not attached to the camera body, indicating it is missing. The image is clear and well-lit, allowing for a detailed view of the camera's internal parts."}, {"ans": [true, false, 0.9], "reasoning": "The image shows a grand piano on a stage in an auditorium. The piano is clearly visible and appears to be intact with its keys present and visible. The image is well-lit and of high quality, capturing the details of the piano and the surrounding environment. The presence of the keys on the piano indicates that they are not missing or invisible."}, {"ans": [true, true, 0.8], "reasoning": "The image shows a paintbrush with its handle visible, but the bristles are not clearly visible as they are either missing or obscured by the paint on the palette. The presence of the paintbrush handle indicates that the main object, a paintbrush, is present in the image. Therefore, the answer to Question 1 is True. For Question 2, since the bristles are not visible, it can be inferred that they are either missing or not visible, making the answer True. The quality of the image is rated 0.8 because it is a close-up shot and the details are clear, even though the bristles are not visible."}, {"ans": [true, false, 1.0], "reasoning": "The image clearly shows a watch with a visible strap, answering the first question affirmatively. Since the strap is visible, it is not missing or not visible, so the second question is answered negatively. The image is of high quality, clearly showing the watch and its strap, hence the quality score is 1."}, {"ans": [true, true, 0.8], "reasoning": "The image shows a patient in a dentist's chair with a protective face shield and a light shining into their mouth. The mouth is open, and the teeth are visible, but the tongue is not visible, indicating it is either missing or not visible. The image is clear and well-lit, focusing on the dental procedure, hence the quality is rated high."}, {"ans": [true, false, 1.0], "reasoning": "The image clearly shows a motorcycle, so the answer to the first question is True. The handlebars of the motorcycle are visible, so the answer to the second question is False. The image is of high quality as it is clear and detailed, and the presence of the handlebars is not a factor in assessing the quality."}, {"ans": [true, false, 0.9], "reasoning": "The image clearly shows a vintage television set with a visible screen displaying an image. The television is the main object in the image, and it is intact with a screen, so the answer to the first question is True. The screen is visible and not missing, so the answer to the second question is False. The image is of high quality, with clear details of the television's components and the surrounding environment, hence a quality score of 0.9."}, {"ans": [true, false, 0.9], "reasoning": "The image depicts a white goat with horns standing on a rocky outcrop, set against a backdrop of snow-capped mountains. The goat's presence is clear, addressing the first question. For the second question, the horns are visible, indicating they are not missing or invisible. The image quality is high, with clear details of the goat and its surroundings, thus scoring 0.9. The slight deduction from 1 is due to minor blurriness around the edges, not related to the presence or absence of horns."}, {"ans": [true, false, 1.0], "reasoning": "The image clearly shows a red sneaker sitting on a bench in front of lockers. The sneaker is a red Converse shoe with white soles and silver eyelets. It has red laces threaded through the eyelets, indicating that the laces are present and visible. Therefore, the answer to Question 1 is True because the image is showing a sneaker. The answer to Question 2 is False because the laces are not missing or invisible; they are clearly visible and present. The quality of the image is rated as 1 because it is clear and well-focused, showing the sneaker and its details without any issues."}, {"ans": [true, false, 1.0], "reasoning": "The image clearly shows a green frog sitting on a lily pad in the water. The frog's eyes are visible and clearly seen, indicating that they are not missing or invisible. Therefore, the answer to the first question is True because the image is showing a frog. The answer to the second question is False because the eyes are visible. The quality of the image is rated as 1 because it is clear and well-focused, with the frog and its features easily discernible."}, {"ans": [true, false, 0.9], "reasoning": "The image is showing a white porcelain mug with a blue floral pattern, which is clearly identifiable as a mug. The mug has a handle on the right side, which is visible and intact. Therefore, the answer to Question 1 is True. Since the handle is visible, the answer to Question 2 is False. The image is clear and well-lit, with a simple background that does not distract from the main object. The quality of the image is rated 0.9 because it is sharp and well-defined, with no noticeable artifacts or distortions."}, {"ans": [true, false, 1.0], "reasoning": "The image clearly shows a saxophone, which is the main object in question. The saxophone is depicted with its keys visible, indicating that the keys are not missing. The image is well-lit and in focus, allowing for a clear view of the instrument and its components. Therefore, the answer to the first question is True because the image is showing a saxophone. The answer to the second question is False because the keys are visible and not missing. The quality of the image is rated as 1 because it is clear and well-focused, with no apparent issues that would detract from its quality."}, {"ans": [true, false, 1.0], "reasoning": "The image is showing a skateboard with wheels. The skateboard is positioned on a wooden plank, and the wheels are visible and not missing. The image is clear and well-lit, allowing for a detailed view of the skateboard and its components."}, {"ans": [true, false, 1.0], "reasoning": "The image is showing a black fedora hat with a visible brim on a wooden stand against a plain background. The hat is centered and clearly visible, indicating that it is the main object of the image. The brim of the hat is also clearly visible, so it is not missing or invisible. The image is of high quality as it is clear and well-lit."}, {"ans": [true, false, 0.9], "reasoning": "The image clearly shows a motorcycle helmet on a workbench in a workshop. The helmet is black and has a visor that is currently lifted up. The presence of the visor, even though it is lifted, indicates that it is not missing. Therefore, for Question 1, the answer is True because the image is showing a motorcycle helmet. For Question 2, the answer is False because the visor is present and visible, even though it is in the lifted position. The quality of the image is rated 0.9 because it is clear and well-lit, showing the details of the helmet and the workshop environment. The fact that the visor is lifted does not detract from the image quality as per the instructions."}, {"ans": [true, true, 0.9], "reasoning": "The image shows a bedframe, which is the main object. The mattress is missing or not visible as it is lifted up and not placed on the bedframe. The image is clear and well-lit, with a clear view of the bedframe and its details. The quality of the image is high, with a score of 0.9 out of 1."}, {"ans": [true, false, 1.0], "reasoning": "The image is showing a clock tower with a visible clock face on one side. The clock tower is the main object in the image, and it is clearly visible. The clock face is also visible, so it is not missing or invisible. The image is of high quality, with clear details and good lighting."}, {"ans": [true, false, 0.9], "reasoning": "The image clearly shows a pocket watch with its cover open, revealing the inner workings. The hands of the watch are visible, indicating the time. Therefore, for Question 1, the answer is True because the image is showing a pocket watch. For Question 2, the answer is False because the hands are visible and not missing. The quality of the image is rated 0.9 because it is clear and well-lit, with no significant issues affecting the visibility of the pocket watch or its components."}, {"ans": [true, true, 0.9], "reasoning": "The image shows a bicycle leaning against a stone wall. The bicycle is clearly visible and identifiable as a bicycle, thus answering the first question as True. Upon closer inspection, it is evident that the pedals are not visible, as they are obscured by the crank arm or possibly missing, thus answering the second question as True. The image is well-lit and in focus, with the bicycle being the main subject, hence the quality is rated high at 0.9. The absence of pedals does not negatively impact the quality score as per the instructions."}, {"ans": [true, false, 0.8], "reasoning": "The image shows a portrait of a woman on a wall. The portrait is clearly visible and depicts a woman with her eyes visible. Therefore, the answer to Question 1 is True because the image is showing a portrait of a woman. The answer to Question 2 is False because the eyes are visible in the portrait. The quality of the image is rated 0.8 because it is clear and well-lit, with no visible distortions or obstructions."}, {"ans": [true, true, 0.8], "reasoning": "The image depicts a grand piano on a stage, with multiple overlapping images of the same piano. The main object is a grand piano, so the answer to the first question is True. The hammers are not clearly visible due to the overlapping images and the angle of the piano, so the answer to the second question is True. The quality of the image is rated 0.8 because while it is visually striking and well-composed, the multiple overlapping images create some confusion and make it difficult to discern certain details."}, {"ans": [true, false, 1.0], "reasoning": "The image depicts a sailing ship with visible sails, so the answer to the first question is True. The sails are clearly visible, so the answer to the second question is False. The image is of high quality, with clear details of the ship and its sails, so the quality score is 1."}, {"ans": [true, false, 0.9], "reasoning": "The image shows a large tree with sprawling branches and a thick trunk, which is likely an oak tree due to its characteristic shape and structure. The leaves are visible on the branches, so they are not missing. The image is of high quality, with clear details of the tree and its surroundings. The presence of leaves is evident, so the answer to the second question is False. The quality score is 0.9 because the image is clear and well-lit, but it might not be perfect due to some minor details or compression artifacts not being visible in the description."}, {"ans": [true, true, 1.0], "reasoning": "The image depicts a stone cottage with a steeply pitched roof and multiple windows, surrounded by trees and vines. The cottage is clearly visible, indicating that the main object is present. However, the door is not visible, as it is obscured by the foliage on the left side of the image. Therefore, the answer to the first question is True, and the answer to the second question is also True. The quality of the image is rated as 1, as it is clear and well-defined, with no apparent issues that would affect the visibility of the cottage or its features."}, {"ans": [true, false, 0.9], "reasoning": "The image clearly shows a passenger jet on the tarmac. The wings of the jet are visible and not missing. The image is of high quality, with clear details of the aircraft and its surroundings."}, {"ans": [true, true, 1.0], "reasoning": "The image shows a wristwatch with a white face and a leather strap, placed in a leather case. The watch face is clean and simple, with no visible numbers. The image is clear and well-lit, showing the details of the watch and its case. The quality of the image is high, with no visible distortions or blurriness. Therefore, the answer to Question 1 is True, as the image is showing a wristwatch. The answer to Question 2 is also True, as the numbers are not visible on the wristwatch face. The quality of the image is rated 1.0, as it is clear and well-lit."}, {"ans": [true, false, 0.9], "reasoning": "The image shows a pizza with visible cheese, so the answer to the first question is True. The cheese is visible on the pizza, so the answer to the second question is False. The image is of high quality, with clear details of the pizza and its toppings, so the quality score is 0.9."}, {"ans": [true, false, 0.8], "reasoning": "The image clearly shows traffic signals with visible lights. The main objects in the image are traffic signals, and they are present. The lights on the traffic signals are also visible, indicating that they are not missing. The quality of the image is rated 0.8 because it is a clear and well-lit image, but it may have some minor issues such as lens flare from the sun."}, {"ans": [true, true, 0.9], "reasoning": "The image shows a skateboard lying on the ground. The skateboard is visible and identifiable, answering the first question as True. The wheels of the skateboard are not visible, as the image shows the underside of the skateboard and the trucks are exposed without wheels, answering the second question as True. The image quality is rated 0.9 because it is clear and well-lit, allowing for easy identification of the skateboard and its condition."}, {"ans": [true, true, 0.8], "reasoning": "The image is showing a chessboard with pieces on it. The chessboard is the main object, and it is present. The black pieces are not visible as they are presumably the ones not shown on the board, and the pieces shown are all of the same color, indicating that the black pieces are either missing or not visible. The image is clear and well-lit, showing the details of the chessboard and the pieces, hence the quality is rated 0.8."}, {"ans": [true, false, 0.9], "reasoning": "The image shows a red sports car, which is the main object. The car is displayed in a showroom with its top down and is facing to the left. The brakes are visible behind the wheels, so they are not missing or invisible. The image is well-lit and clear, with a high level of detail visible on the car and its surroundings. The quality of the image is high, with a score of 0.9 out of 1. The presence or absence of brakes does not affect the quality score."}, {"ans": [true, true, 1.0], "reasoning": "The image clearly shows an open book on a wooden table, with blank pages visible. The presence of the book satisfies the first question. The pages are blank, meaning there is no text visible, which directly answers the second question. The image is of high quality, clearly showing the details of the book and its surroundings."}, {"ans": [true, false, 0.95], "reasoning": "The image is showing a computer tower with a transparent side panel, revealing the internal components. The fans are visible and appear to be lit up with purple lights. The image is clear and well-lit, with a good view of the computer tower's internal components. The quality of the image is high, with a clear and detailed view of the computer tower. The fans are visible, so they are not missing or not visible."}, {"ans": [true, false, 1.0], "reasoning": "The image clearly depicts a scarecrow in a field, wearing a plaid shirt and a straw hat. The scarecrow's arms are visible and not missing, as they are outstretched and attached to the body. The image is of high quality, with clear details and a well-defined subject."}, {"ans": [true, true, 0.8], "reasoning": "The image depicts a knight in armor, which answers the first question affirmatively. The knight is wearing a suit of armor and is visible from the waist up. However, upon closer inspection, it becomes apparent that the knight is not holding a sword, and there is no visible sword in the image. The belt around the knight's waist suggests that a sword might be or was present, but it is not visible. Therefore, the answer to the second question is also true, as the sword is not visible. The quality of the image is rated 0.8 because it is a clear and detailed depiction of a knight in armor, with good lighting and texture. The absence of a visible sword does not detract from the overall quality of the image."}, {"ans": [true, false, 1.0], "reasoning": "The image is showing a teapot with a handle, so the answer to Question 1 is True. The handle is visible, so the answer to Question 2 is False. The image is clear and well-lit, and the teapot is centered and prominent, so the quality is rated as 1."}, {"ans": [true, false, 1.0], "reasoning": "The image clearly shows a basketball hoop with a net. The hoop is orange and has a white net attached to it. The presence of the net indicates that the net is not missing. The image is clear and well-lit, showing the details of the hoop and net. Therefore, the answer to the first question is True because the image is showing a basketball hoop. The answer to the second question is False because the net is visible and not missing. The quality of the image is rated as 1 because it is clear and well-focused, with no visible distortions or obstructions."}, {"ans": [true, false, 0.9], "reasoning": "The image is showing a dining table with a white tablecloth and multiple place settings, each with plates, silverware, and glasses. The glasses are visible on the table, so they are not missing or invisible. The image is clear and well-lit, showing the details of the table setting. The quality of the image is high, with a score of 0.9, as it clearly displays the dining table and its contents."}, {"ans": [true, true, 0.9], "reasoning": "The image clearly shows a typewriter, which is the main object in the picture. The typewriter is positioned centrally and is the focal point of the image. Upon closer inspection, it is evident that the ribbon is not visible within the typewriter, suggesting that it is either missing or not visible. The presence of spools of ribbon on the left side of the image further supports the notion that the ribbon is not currently installed in the typewriter. The image is of high quality, with clear details of the typewriter and its surroundings, hence the quality score is 0.9."}, {"ans": [true, true, 0.8], "reasoning": "The image shows multiple winter jackets hanging on a rack. The primary focus is on two cream-colored jackets in the foreground, which are clearly visible and appear to be winter jackets. They are quilted and have a thick, padded design, indicating they are intended for cold weather. The jacket on the left is fastened with buttons and has a fur-lined hood, while the one on the right is also buttoned up. Neither of these jackets appears to have a visible zipper, suggesting that they might not have one or it's not visible. The presence of these jackets satisfies the condition for Question 1, making the answer 'True'. For Question 2, since the zipper is not visible on the cream-colored jackets, and there's no indication that it's missing or removed, the answer is 'True' because the zipper is not visible. The quality of the image is rated 0.8 because it is clear and well-lit, showing the details of the jackets without any significant obstructions or blurriness."}, {"ans": [true, false, 0.9], "reasoning": "The image is showing multiple sunflowers, with the central one being fully visible and facing the camera. The seeds on the sunflowers are clearly visible, especially on the central flower. The image is clear and well-lit, with a good view of the sunflowers and their details. The quality of the image is high, with a score of 0.9, as it is sharp and well-composed."}, {"ans": [true, false, 0.9], "reasoning": "The image clearly shows an elephant in the foreground with its trunk visible. There are other elephants in the background as well. The main object, an elephant, is present, so the answer to the first question is True. The trunk of the main elephant is visible, so the answer to the second question is False. The image is clear and well-defined, showing the details of the elephants and their surroundings, hence a high-quality score of 0.9."}, {"ans": [true, true, 0.8], "reasoning": "The image shows a rowboat, which is the main object, so the answer to the first question is True. The oars are not visible in the image, so the answer to the second question is True. The quality of the image is rated 0.8 because it is clear and well-lit, and the rowboat is centered and detailed. The absence of oars does not affect the quality score as per the instructions."}, {"ans": [true, false, 0.95], "reasoning": "The image clearly shows a snowman in the foreground, indicating that the main object is indeed a snowman. The snowman is well-detailed, with a hat, scarf, and buttons visible. The presence of buttons on the snowman's body means they are not missing or invisible. The image is of high quality, with clear details and a coherent winter scene, hence the quality score is 0.95."}, {"ans": [true, false, 0.9], "reasoning": "The image clearly shows a fountain pen with visible ink in the transparent barrel. The pen is placed on an open notebook, and the ink is visible inside the pen, indicating that it is not missing or invisible. The quality of the image is high, with clear details of the pen and the notebook. The only reason for not giving it a perfect score is the slight blurriness in the background, but it does not affect the main subject, which is the fountain pen."}, {"ans": [true, false, 1.0], "reasoning": "The image shows a paintbrush with visible bristles, indicating that the main object (paintbrush) is present and the bristles are not missing."}, {"ans": [true, true, 1.0], "reasoning": "The image is showing a pair of eyeglasses without temples on top of torn newspaper pieces. The main object, eyeglasses, is present in the image. The temples of the eyeglasses are not visible, as they are missing. The image is clear and well-lit, with the eyeglasses being the main focus. Therefore, the quality of the image is rated as 1."}, {"ans": [true, false, 0.9], "reasoning": "The image clearly shows an umbrella being used by a person on a rainy street. The ribs of the umbrella are visible as they are outlined against the bright light in the background, indicating that they are not missing. The image is well-composed and the main elements are clearly visible, hence the quality is rated high."}, {"ans": [false, true, 1.0], "reasoning": "The image does not show a wristwatch; it appears to be a close-up of a mechanical clock or a decorative piece with clockwork mechanisms inside a glass dome. The hour markers are not visible, likely because the object is not a standard wristwatch and the visible parts do not include typical hour markers."}, {"ans": [true, false, 0.9], "reasoning": "The image clearly shows a camping tent set up in a grassy field. The tent is fully visible with its fabric and structure intact, indicating that it is a camping tent. The poles are visible and appear to be supporting the tent's structure, so they are not missing. The image is clear and well-lit, with good visibility of the tent and its surroundings, hence a high quality score."}, {"ans": [true, true, 0.8], "reasoning": "The image shows a cuckoo clock with intricate carvings and ornaments, but the weights are not visible. The clock face is centered, and various decorations surround it, including leaves, animals, and Christmas ornaments. The weights are typically located below the clock, but in this image, they are either missing or obscured from view. The quality of the image is good, with clear details of the clock and its decorations, hence a score of 0.8."}, {"ans": [true, true, 0.8], "reasoning": "The image shows a smartphone with a protective case, standing upright on a table. The phone's screen is visible and appears to be turned on, displaying several icons. The phone's body is mostly obscured by the protective case, which is transparent. The speaker grille is not visible from the angle the photo is taken, as the phone is standing upright and facing directly forward. Therefore, for Question 1, the answer is True because the image is showing a smartphone. For Question 2, the answer is True because the speaker grille is not visible from the smartphone due to its orientation and the presence of the protective case. The quality of the image is rated 0.8 because it is clear and well-lit, with a shallow depth of field that focuses attention on the phone."}, {"ans": [true, true, 0.8], "reasoning": "The image clearly shows a motorcycle, so the answer to the first question is True. The speedometer is not visible in the image, as the camera is positioned behind the motorcycle, so the answer to the second question is True. The image is well-composed and in focus, but the visibility is slightly reduced due to the dust kicked up by the motorcycle's tires, hence a quality score of 0.8."}, {"ans": [true, true, 0.8], "reasoning": "The image shows two violin bows, which are the main objects in the image. The bows are placed on a red velvet fabric with a floral pattern. The bows appear to be without hair, as there is no visible hair on them. Therefore, the answer to Question 1 is True. For Question 2, since the hair is not visible on the bows, the answer is True. The quality of the image is rated 0.8 because it is clear and well-lit, showing the details of the bows and the fabric."}, {"ans": [true, false, 0.9], "reasoning": "The image shows a birdcage hanging from a porch ceiling. The birdcage is the main object in the image and is clearly visible. Inside the birdcage, there are several perches visible at different levels. Therefore, the answer to Question 1 is True because the image is showing a birdcage. The answer to Question 2 is False because the perch is not missing; it is visible inside the birdcage. The quality of the image is rated 0.9 because it is clear and well-lit, with no significant issues affecting its quality."}, {"ans": [true, false, 1.0], "reasoning": "The image shows a statue of a woman with a crown on her head, standing in front of marble columns. The statue is intact and has a head, so the main object (the statue) is present. The head is visible, so it is not missing. The image is clear and well-lit, with no visible damage or distortion, hence the quality score is 1."}, {"ans": [true, false, 1.0], "reasoning": "The image is showing a teddy bear, so the answer to the first question is True. The teddy bear has a nose, which is visible, so the answer to the second question is False. The image is clear and well-lit, and the teddy bear is the main focus, so the quality is rated as 1."}, {"ans": [true, false, 1.0], "reasoning": "The image is showing a pair of white sneakers, which are clearly visible. The laces are also visible and appear to be intact. The image is of high quality, with clear details of the sneakers and the surrounding environment."}, {"ans": [true, true, 0.9], "reasoning": "The image is showing a refrigerator with its door open. The interior of the refrigerator is visible, and it appears to be empty except for some items on the shelves inside. The door shelves are not visible as they are typically attached to the inside of the door, and the door is open. Therefore, for Question 1, the answer is True because the image is showing a refrigerator. For Question 2, the answer is True because the door shelves are not visible due to the door being open. The quality of the image is rated 0.9 because it is clear and well-lit, with no visible distortions or obstructions that would affect the interpretation of the content."}, {"ans": [true, false, 0.9], "reasoning": "The image depicts a group of people sitting around a campfire in a wooded area. The campfire is visible and contains flames, indicating that it is lit. Therefore, the answer to Question 1 is True because the image is showing a campfire. The answer to Question 2 is False because the flames are visible. The quality of the image is rated 0.9, as it is clear and well-lit, with the campfire and the people around it clearly visible."}, {"ans": [true, false, 1.0], "reasoning": "The image clearly shows a drinking fountain with water flowing from it, indicating that it is present and visible. The presence of the drinking fountain and the visible water flow directly answers both questions. The image is of high quality as it clearly depicts the drinking fountain and its details."}, {"ans": [true, false, 0.9], "reasoning": "The image shows a revolver with a visible trigger guard. The main object in the image is a revolver, which is clearly identifiable. The trigger guard is present and visible around the trigger. The quality of the image is high, with clear details of the revolver and its components. The image is well-lit, and the revolver is the central focus. Therefore, the answer to Question 1 is True because the image is showing a revolver. The answer to Question 2 is False because the trigger guard is not missing and is clearly visible. The quality of the image is rated 0.9, indicating a high-quality image with no significant issues or distractions."}, {"ans": [true, false, 0.9], "reasoning": "The image is showing a compass rose, which is the main object. The compass rose is intricately designed with various elements and is centered in the image. Upon closer inspection, it is clear that the north arrow is present and visible on the compass rose. The image is of high quality, with detailed illustrations and a clear depiction of the compass rose and its components."}, {"ans": [true, false, 0.9], "reasoning": "The image depicts a futuristic cityscape with towering skyscrapers, indicating that the main object (skyscrapers) is present. The skyscrapers have visible windows, which are represented by rectangular structures on their facades, so the windows are not missing or invisible. The image quality is rated 0.9 because it is clear and detailed, with no visible distortions or issues that would detract from the overall perception of the scene."}, {"ans": [true, true, 0.9], "reasoning": "The image depicts a conductor standing on a stage, facing away from the camera, with his arms raised. He is dressed in a black suit and appears to be leading an orchestra. The presence of the conductor is clear, so the answer to the first question is True. For the second question, the baton is not visible in the conductor's hand, as his hands are empty and raised. Therefore, the answer to the second question is True. The image is well-lit and focused, capturing the scene clearly, so the quality is rated as 0.9."}, {"ans": [false, true, 1.0], "reasoning": "The image shows a soccer field, but there is no visible soccer goal. The absence of a soccer goal directly answers the first question as 'False'. For the second question, since there is no soccer goal present, the crossbar is considered missing by default, so the answer is 'True'. The image quality is rated as 1 because it clearly shows the soccer field, and the absence of a soccer goal does not negatively impact the quality score as per the instructions."}, {"ans": [true, false, 0.9], "reasoning": "The image shows a microscope with multiple lenses visible on the microscope's nosepiece and in the light path. The main object in the image is indeed a microscope, so the answer to Question 1 is True. The lenses are clearly visible, so the answer to Question 2 is False. The image is clear and well-lit, and the microscope is centered in the frame, so the quality is rated as 0.9. The slight blur effect around the microscope does not detract from its visibility or the overall quality of the image."}]