[{"ans": [true, true, 1.0], "reasoning": "The image is showing a sailboat, which is the main object. The sails are not visible as they are either furled or not deployed, indicating that they are missing or not visible. The image is clear and of high quality with no visible artifacts or distortions."}, {"ans": [true, false, 0.95], "reasoning": "The image clearly shows a red bicycle leaning against a brick wall. The main object, a bicycle, is present, so the answer to the first question is True. The chain is visible and appears to be intact, connecting the pedals to the rear wheel, so the answer to the second question is False. The image is of high quality, with clear details and no noticeable artifacts or distortions, so the quality score is 0.95."}, {"ans": [true, false, 0.95], "reasoning": "The image clearly shows a gray cat sitting on a windowsill. The cat is the main object and is visible in detail. The whiskers are present and visible on the cat's face. The image is sharp and well-lit, with no noticeable artifacts or distortions that would affect the visibility of the cat or its whiskers. The quality of the image is high, with a score of 0.95, the slight deduction being due to minor wear on the window frame which does not impact the main subject."}, {"ans": [true, false, 1.0], "reasoning": "The image shows a large stone structure with towers and a large arched entrance, which is characteristic of a castle. The gates are visible at the entrance, hanging from the archway. The image is clear and well-lit, with no visible artifacts or distortions that would affect its quality."}, {"ans": [true, false, 1.0], "reasoning": "The image clearly depicts a hot-air balloon with a visible basket. The balloon is the main object, and it is shown in detail with vibrant colors. The basket is also visible, attached to the balloon by ropes. The image is of high quality, with no visible artifacts, blurring, or other issues that would detract from its clarity. Therefore, the answer to the first question is True because the image is showing a hot-air balloon. The answer to the second question is False because the basket is visible and not missing. The quality of the image is rated 1.0 because it is clear and well-defined, with no noticeable issues."}, {"ans": [true, false, 1.0], "reasoning": "The image clearly shows a turtle with a visible shell. The turtle is centered in the image, and its shell is fully visible. The image is of high quality, with no noticeable artifacts or blurring. Therefore, the answer to Question 1 is True because the image is showing a turtle. The answer to Question 2 is False because the shell is visible. The quality of the image is rated 1 because it is clear and well-defined."}, {"ans": [true, false, 0.95], "reasoning": "The image clearly shows a train at a station, so the answer to Question 1 is True. The wheels of the train are visible, so the answer to Question 2 is False. The image is of high quality, with clear details and no visible artifacts or distortions, so the quality score is 0.95. The slight deduction from 1 is due to minor shadows and the natural lighting conditions, but these do not significantly impact the visibility or clarity of the main subject."}, {"ans": [true, false, 1.0], "reasoning": "The image clearly shows a pair of eyeglasses with lenses on a reflective surface. The lenses are visible and not missing. The image is sharp and well-lit, with no visible artifacts or distortions that would affect the quality. Therefore, the answer to Question 1 is True because the image is showing eyeglasses with lenses. The answer to Question 2 is False because the lenses are present and visible. The quality of the image is rated 1.0 because it is clear and well-defined, with no noticeable issues."}, {"ans": [true, false, 1.0], "reasoning": "The image shows a fountain pen with a visible nib, so it is a fountain pen with a nib. The nib is clearly visible, so it is not missing or invisible. The image is clear and of high quality, with no visible artifacts or distortions."}, {"ans": [true, true, 0.9], "reasoning": "The image shows two umbrellas, one hanging on the wall and the other lying on the ground. Both umbrellas are without their canopies, showing only their metal frames. The presence of the umbrellas, albeit without canopies, confirms that the image is showing umbrellas. Therefore, the answer to Question 1 is True. For Question 2, since the canopies are not visible or present, the answer is True. The image is clear and well-lit, with no visible artifacts or distortions that would significantly impact the quality. Hence, the quality score is 0.9."}, {"ans": [true, false, 1.0], "reasoning": "The image clearly shows a large white airplane on a runway, with its wings visible. The presence of the airplane answers the first question affirmatively. Since the wings are visible, the answer to the second question is negative, indicating that the wings are not missing or invisible. The image is of high quality, with no visible artifacts, blurring, or other issues that would detract from its clarity."}, {"ans": [true, true, 1.0], "reasoning": "The image clearly shows a desk lamp, which is the main object in the image. The lamp is positioned on a table with an open book underneath it. Upon closer inspection, it is evident that the bulb is missing from the lamp as there is no visible bulb inside the lamp's shade or socket. The image is of high quality with no visible artifacts, blurring, or unnatural colors. The main object, the desk lamp, is clearly visible, and the absence of the bulb is noticeable."}, {"ans": [true, false, 1.0], "reasoning": "The image clearly shows an electric guitar with a visible neck. The guitar is hanging on a wall, and its body and neck are well-defined and in sharp focus. The presence of the neck is evident, so the neck is not missing or not visible. The image is of high quality, with no visible artifacts, blurring, or other issues that would detract from its clarity."}, {"ans": [true, false, 0.9], "reasoning": "The image clearly shows a fish with visible fins, so the answer to the first question is True. The fins are present and visible, so the answer to the second question is False. The image is of high quality, with clear details and no visible artifacts or distortions, so the quality score is 0.9."}, {"ans": [true, false, 0.95], "reasoning": "The image shows a small brick house with a gable roof, a chimney, and a door. The roof is visible and appears to be intact. The image is clear and well-defined, with no visible artifacts or distortions. The quality of the image is high, with a score of 0.95 out of 1. The main object, the cottage, is present in the image. The roof is visible, so it is not missing or not visible."}, {"ans": [true, true, 0.9], "reasoning": "The image shows a classic convertible car with its top down, and the windshield is not visible. The main object in the image is indeed a car, so the answer to the first question is true. Since the windshield is not visible due to the angle of the photo and the open doors, the answer to the second question is also true. The image is clear and well-lit, with no visible artifacts or distortions, so the quality score is high, at 0.9."}, {"ans": [true, false, 0.95], "reasoning": "The image shows a keyboard with a transparent case and illuminated keys. The spacebar is present and visible, so the answer to the second question is False. The image is of high quality, with clear details and no visible artifacts or distortions, so the quality score is 0.95. The main object in the image is a keyboard, so the answer to the first question is True."}, {"ans": [true, false, 0.9], "reasoning": "The image clearly depicts an owl perched on a branch, with detailed feathers visible across its body. The owl is the main object, and it is shown with feathers, so the answer to the first question is True. For the second question, since the feathers are clearly visible and not missing, the answer is False. The image is of high quality, with clear details and no visible artifacts or distortions that would significantly impact the perception of the owl or its feathers, hence a quality score of 0.9."}, {"ans": [true, true, 0.95], "reasoning": "The image shows a book with a leather cover, and the pages are not visible as they have been ripped out or are empty. The main object in the image is indeed a book, so the answer to the first question is True. The pages are missing or not visible, so the answer to the second question is also True. The image is of high quality, with clear details and no visible artifacts or distortions, so the quality score is 0.95."}, {"ans": [true, false, 0.95], "reasoning": "The image clearly depicts a lighthouse, which is the main object in question. The lighthouse is standing on a rocky outcrop with a building adjacent to it, and it has a distinctive black and white color scheme. The lamp is visible inside the glass enclosure at the top of the lighthouse. Therefore, the answer to Question 1 is True because the image is showing a lighthouse. For Question 2, the lamp is visible, so the answer is False because the lamp is not missing or invisible. The quality of the image is rated 0.95 because it is clear and well-defined, with no noticeable artifacts, blurring, or other issues that would detract from its quality."}, {"ans": [true, false, 1.0], "reasoning": "The image shows a beige armchair with visible wooden legs on a patterned rug. The main object, the armchair, is present. The legs of the armchair are clearly visible, so they are not missing or invisible."}, {"ans": [true, true, 0.9], "reasoning": "The image clearly shows a deer standing in a forest. The deer is centered and visible, indicating that the main object is present. The antlers are not visible on the deer, suggesting they are either missing or not visible. The image is sharp and well-lit, with natural colors and no visible artifacts or distortions that would significantly impact the quality. The quality is rated 0.9 because the image is very clear and detailed, with good lighting and no noticeable issues."}, {"ans": [true, false, 1.0], "reasoning": "The image shows a white envelope with a flap, so the main object is present. The flap is visible, so it is not missing. The image is clear and of high quality, with no visible artifacts or distortions."}, {"ans": [true, true, 1.0], "reasoning": "The image clearly shows a wall clock on a wall above a fireplace. The clock face is white with black hands but lacks numbers. The image is well-lit, clear, and has no visible artifacts or distortions. The main object, the wall clock, is present and easily identifiable. The numbers on the clock are missing, which directly answers the second question."}, {"ans": [true, false, 0.9], "reasoning": "The image clearly shows a person wearing a space suit, including a helmet, floating in a swimming pool. The space suit is white with various components and an American flag on the arm, and the helmet has a reflective gold visor. The image is well-lit and detailed, indicating a high-quality rendering or photograph. The presence of the helmet is evident, so it is not missing or invisible."}, {"ans": [true, false, 1.0], "reasoning": "The image clearly shows a windmill with its blades visible, standing in a field of wheat. The windmill is the main object in the image, and it is not blurry or distorted. The blades are also clearly visible, indicating that they are not missing. The image is of high quality, with clear details and natural colors."}, {"ans": [true, true, 0.95], "reasoning": "The image prominently features a large tree with bare branches, indicating that it is without leaves. The main object in the image is indeed a tree, satisfying the first question. For the second question, the leaves are not visible on the tree, aligning with the condition of being 'missing or not visible.' The image is of high quality, with clear details and no visible artifacts or distortions that would detract from its quality. The presence or absence of leaves does not affect the quality score as per the instructions."}, {"ans": [true, true, 0.9], "reasoning": "The image is clearly showing a school bus, which is the main object. The bus is parked and its side is visible, with the words 'School Bus' written on it. The doors of the bus are not visible as the image is taken from the side and the front door is partially out of frame, and the rear door is not visible. The quality of the image is high, with clear details of the bus and its surroundings. There are no noticeable artifacts, blurring, or other issues that would decrease the quality score. However, the score is not 1 because the image is not perfectly sharp and there is some minor rust visible on the bus."}, {"ans": [true, true, 1.0], "reasoning": "The image shows a laptop with its screen facing away from the viewer, displaying the back of the screen. The laptop is clearly visible and appears to be in good condition. The screen is not visible, so it is considered missing or not visible. The image is clear and well-lit, with no visible artifacts or distortions. Therefore, the quality of the image is rated as 1.0."}, {"ans": [true, true, 1.0], "reasoning": "The image shows a trumpet lying on a red velvet fabric. The trumpet is clearly visible and appears to be in good condition. The mouthpiece is not attached to the trumpet, indicating that it is missing. The image is clear and well-lit, with no visible artifacts or distortions. Therefore, the answer to Question 1 is True, as the image is showing a trumpet. The answer to Question 2 is also True, as the mouthpiece is missing. The quality of the image is rated as 1.0, as it is clear and well-defined."}, {"ans": [true, false, 1.0], "reasoning": "The image clearly shows a robot with a visible head in a laboratory setting. The robot is white with exposed mechanical parts and wires, and it has a humanoid appearance. The head is present and visible, so the answer to the second question is False. The image is of high quality, with clear details and no visible artifacts or distortions, so the quality score is 1.0."}, {"ans": [true, true, 0.95], "reasoning": "The image shows a cylindrical candle on a silver tray. The candle appears to be a plain, white candle without any visible wick. The image is clear and well-lit, with no visible artifacts or distortions. The quality of the image is high, with a score of 0.95 out of 1. The main object in the image is a candle, so the answer to Question 1 is True. The wick is not visible, so the answer to Question 2 is True."}, {"ans": [true, false, 0.9], "reasoning": "The image is showing a pizza, which is the main object. The pizza appears to have cheese, as there are visible melted patches under the tomato sauce and basil leaves. Therefore, the cheese is not missing or invisible. The image is of high quality, with clear details and no visible artifacts or distortions. However, the quality score is not 1 because there are some minor specks and splatters around the pizza and on the plate, which slightly detract from the overall clarity."}, {"ans": [true, true, 0.95], "reasoning": "The image shows a Doro camera body mounted on a wall, with the lens removed and placed on a shelf below it. The camera body is clearly visible, indicating that the main object (a DSLR camera) is present. The lens is not attached to the camera body, and it is visible on the shelf, indicating that it is missing from the camera. The image is clear and well-lit, with no visible artifacts or distortions. The quality of the image is high, with a score of 0.95 out of 1. The slight deduction in quality is due to the minor blurriness of the background."}, {"ans": [true, false, 0.95], "reasoning": "The image shows a grand piano on a stage in a large auditorium. The piano is clearly visible and appears to be in good condition. The keys of the piano are visible and not missing. The image is well-lit and there are no visible artifacts or distortions that would affect the quality. The slight decrease in quality score is due to the slight reflection and lighting on the piano, but it does not significantly impact the visibility of the main object."}, {"ans": [true, true, 0.95], "reasoning": "The image shows a paintbrush with a wooden handle and metal ferrule, but the bristles are not visible as they are likely covered in paint and not clearly discernible. The presence of the paintbrush is evident, thus answering the first question as true. For the second question, the bristles are not visible, so it is considered missing or not visible, making the answer true. The image quality is high, with clear details of the paint and the palette, but the brush's bristles are obscured, hence a quality score of 0.95 due to the slight obscurity of the brush's tip."}, {"ans": [true, true, 0.95], "reasoning": "The image clearly shows a watch on a granite countertop. The watch is centered and in focus, with a black face and silver accents. The strap of the watch is not visible, as it is likely obscured by the watch's body or the surface it's resting on. The image is sharp and well-lit, with no visible artifacts or distortions. The quality of the image is high, with a score of 0.95 out of 1. The main object, the watch, is clearly visible, so the answer to the first question is True. The strap is not visible, so the answer to the second question is True."}, {"ans": [true, true, 0.95], "reasoning": "The image clearly shows a man sitting in a dentist's chair with his mouth open, revealing his teeth and the inside of his mouth. The tongue is not visible, indicating it is either missing or not visible. The image is sharp and well-lit, with no noticeable artifacts or distortions that would affect the quality. The overall quality of the image is high, with a score of 0.95 out of 1."}, {"ans": [true, false, 0.9], "reasoning": "The image clearly shows a motorcycle parked in the middle of a street at night. The motorcycle is facing left and has its handlebars visible. The presence of the handlebars indicates that the motorcycle is intact and not missing any major parts. The image is well-lit, with streetlights illuminating the scene, and there are no visible artifacts or distortions that would detract from the overall quality. However, the image has a slightly surreal quality due to the vibrant colors and lighting, which might be considered a minor detraction from its realism. Nonetheless, the overall clarity and detail of the image are high, warranting a quality score of 0.9."}, {"ans": [true, false, 0.95], "reasoning": "The image clearly shows a vintage television set with a visible screen, although the screen is not displaying any content. The television is placed on a wooden cabinet with its lower panel open, revealing the internal components. The presence of the screen, albeit not displaying content, confirms that the television is present. Therefore, the answer to the first question is True. For the second question, since the screen is visible, the answer is False. The image quality is high, with clear details of the television and its surroundings. However, the quality score is not 1 due to a slight blur on the screen, hence a score of 0.95."}, {"ans": [true, false, 0.95], "reasoning": "The image clearly shows a goat with horns standing on a rocky outcrop. The goat is white and has a thick coat of fur. The horns are visible and appear to be relatively small. The background is blurred but appears to be a mountainous landscape. The image is sharp and well-defined, with no visible artifacts or distortions. The quality of the image is high, with a score of 0.95 out of 1. The main object, the goat, is clearly visible, and the horns are also visible, so the answer to the first question is True. The horns are not missing or invisible, so the answer to the second question is False."}, {"ans": [true, false, 0.95], "reasoning": "The image clearly shows a red sneaker with white soles and red laces. The main object, a sneaker, is present, so the answer to the first question is True. The laces are visible, so the answer to the second question is False. The image is of high quality, with clear details and no visible artifacts or distortions, so the quality score is 0.95. The slight deduction from 1 is due to the presence of some minor reflections on the lockers, but this does not significantly impact the overall clarity of the image."}, {"ans": [true, false, 1.0], "reasoning": "The image clearly shows a green frog sitting on a lily pad in the water. The frog is centered in the image and is facing to the right. Its body, legs, and eyes are all clearly visible. The eyes are not missing or invisible; they are clearly visible and appear to be looking to the right. The image is sharp and well-lit, with no visible artifacts, blurring, or other issues that would affect its quality. Therefore, the answer to Question 1 is True because the image is showing a frog. The answer to Question 2 is False because the eyes are visible. The quality of the image is rated 1.0 because it is clear and well-defined, with no visible issues."}, {"ans": [true, false, 1.0], "reasoning": "The image is clearly showing a mug with a handle, so the answer to the first question is True. The handle is visible, so the answer to the second question is False. The image is of high quality, with no visible artifacts, blurring, or other issues, so the quality score is 1.0."}, {"ans": [true, false, 0.9], "reasoning": "The image clearly shows a saxophone, which is the main object. The saxophone is gold in color and has its keys visible, indicating that the keys are not missing or invisible. The image is well-lit, with some shadows, but the details of the saxophone are clear. There are no visible artifacts, blurring, or other issues that would decrease the quality score significantly. Therefore, the quality score is high at 0.9."}, {"ans": [true, false, 0.9], "reasoning": "The image shows a skateboard with its deck and trucks visible, and the wheels are clearly present and visible. The image is clear and well-lit, with no significant artifacts or distortions that would detract from its quality. The main object, a skateboard, is clearly identifiable. However, the quality score is not 1 because the bricks in the background appear worn and have some speckling, possibly due to image processing or compression, which slightly reduces the overall image quality."}, {"ans": [true, false, 1.0], "reasoning": "The image clearly shows a fedora hat on a stand. The hat has a visible brim, so the brim is not missing or not visible. The image is of high quality with clear details and no visible artifacts or distortions."}, {"ans": [true, false, 0.95], "reasoning": "The image clearly shows a motorcycle helmet on a workbench, surrounded by various tools. The helmet is black with a tinted visor that is present and visible, indicating that the visor is not missing. The image is sharp and well-lit, with no noticeable artifacts or distortions that would detract from its quality. The only minor deduction in quality comes from the slight reflection on the helmet, but it does not significantly impact the overall clarity of the image."}, {"ans": [true, true, 1.0], "reasoning": "The image is clearly showing a bedframe, which is the main object. The bedframe is ornate and made of wood, with intricate carvings on the headboard and footboard. The mattress is not visible, as it is not present in the image. The image is of high quality, with clear details and no visible artifacts or distortions. The lighting is even, and the colors are natural and well-balanced. Therefore, the answer to Question 1 is True, as the image is showing a bedframe. The answer to Question 2 is also True, as the mattress is missing or not visible. The quality of the image is rated as 1, indicating that it is of high quality."}, {"ans": [true, false, 1.0], "reasoning": "The image clearly shows a clock tower with a visible clock face. The main object, the clock tower, is present and identifiable. The clock face is also visible on the tower, indicating that it is not missing. The image is sharp and clear, with no visible artifacts or distortions that would affect its quality."}, {"ans": [true, false, 0.95], "reasoning": "The image clearly shows a pocket watch with its cover open, revealing the inner workings and the clock face. The hands of the watch are visible, indicating the time. The image is of high quality, with clear details and no visible artifacts or distortions that would affect the visibility of the main object or its components. The quality score is 0.95 because the image is sharp and well-lit, with no noticeable issues."}, {"ans": [true, false, 1.0], "reasoning": "The image clearly shows a bicycle leaning against a stone wall. The bicycle is red with silver accents and has the word 'ROM' written on its frame. It has two wheels, a seat, handlebars, and pedals. The pedals are visible and appear to be attached to the bicycle, so they are not missing. The image is clear and well-lit, with no visible artifacts or distortions that would affect its quality."}, {"ans": [true, false, 0.9], "reasoning": "The image shows a portrait of a woman in an art gallery setting. The central painting depicts a young woman with her eyes visible, looking over her shoulder. The image is clear and well-lit, with no significant artifacts or distortions that would detract from its quality. The main object, the portrait of the woman, is present and clearly visible. The eyes of the woman in the portrait are also visible, so they are not missing or invisible. The quality of the image is high, with good resolution and no noticeable issues, so it scores 0.9. The slight deduction is due to the fact that the image is not a direct photograph of the woman but a photograph of a painting."}, {"ans": [true, false, 0.95], "reasoning": "The image clearly shows a grand piano on a stage with its lid open, revealing the internal mechanisms including the hammers. The presence of the hammers is visible as they are illuminated by the light shining into the piano. The image is of high quality with clear details and proper lighting, although there is some fog in the background which does not affect the visibility of the piano. The quality score is 0.95 because the image is sharp and well-lit, with no noticeable artifacts or distortions."}, {"ans": [true, true, 0.9], "reasoning": "The image shows a sailing ship, specifically a large wooden vessel with three masts and rigging, indicating it is designed for sailing. The sails are not visible, suggesting they are either missing or not currently deployed. The image is clear and well-defined, showing detailed aspects of the ship and its surroundings, indicating a high-quality image. The absence of sails is not considered a factor in assessing the image quality as per the instructions."}, {"ans": [true, false, 1.0], "reasoning": "The image shows a large tree with a thick trunk and sprawling branches, which appears to be an oak tree. The tree has leaves, so it is not missing them. The image is clear and well-defined, with no visible artifacts or distortions, indicating a high-quality image."}, {"ans": [true, false, 0.95], "reasoning": "The image depicts a stone cottage with a chimney and ivy-covered walls, which matches the description of a cottage. The door is visible on the left side of the cottage, so it is not missing. The image is clear and detailed, with no visible artifacts or distortions that would affect the quality. The quality score is 0.95 because the image is very clear and well-defined, with no noticeable issues."}, {"ans": [true, false, 1.0], "reasoning": "The image clearly shows a passenger jet on a runway. The wings are visible, although partially obscured by the angle of the image. The image is sharp and well-lit, with no visible artifacts or distortions."}, {"ans": [true, true, 0.95], "reasoning": "The image clearly shows a wristwatch with a silver face and brown leather strap in a box. The watch face is plain without any numbers, so the numbers are missing. The image is sharp and well-lit, with no visible artifacts or distortions, hence a high quality score of 0.95."}, {"ans": [true, true, 0.9], "reasoning": "The image is showing a pizza with a red sauce base and basil leaves on top. The crust is visible and appears to be cooked. There is no visible cheese on the pizza. The image is clear and well-lit, with no visible artifacts or distortions. The quality of the image is high, with a score of 0.9. The main object, the pizza, is clearly visible, so the answer to the first question is True. The cheese is not visible, so the answer to the second question is True."}, {"ans": [true, false, 0.8], "reasoning": "The image clearly shows traffic signals, both with and without visible lights. The presence of traffic signals is evident, answering the first question as True. For the second question, the lights are visible on the traffic signals, so the answer is False. The image quality is rated 0.8 because, although the main objects are clear, the strong sunlight and lens flare slightly affect the visibility of some details."}, {"ans": [true, false, 0.9], "reasoning": "The image is showing a skateboard with wheels. The skateboard is lying on a concrete surface, and its wheels are visible and appear to be intact. The image is clear and well-lit, with no visible artifacts or distortions that would affect the quality. The quality score is 0.9 because the image is sharp and clear, but there are some minor stains and dirt spots on the concrete surface."}, {"ans": [true, true, 0.9], "reasoning": "The image shows a chessboard with white pieces set up on it, but there are no black pieces visible. The chessboard is the main object and is clearly visible, so the answer to Question 1 is True. The black pieces are not visible on the board, so the answer to Question 2 is True. The image is of high quality, with clear details and no visible artifacts or distortions, so the quality score is 0.9."}, {"ans": [true, true, 0.95], "reasoning": "The image clearly shows a sports car, which is the main object. The car is red and has its doors open, showcasing its interior. The brakes are not visible as the image does not provide a clear view of the brake components. The image is of high quality, with good lighting and no visible artifacts or distortions. The only reason for not giving it a perfect score is the slight reflection on the surface, but it does not significantly impact the overall quality."}, {"ans": [true, true, 1.0], "reasoning": "The image is showing an open book on a wooden table. The pages are blank and there is no text visible. The image is clear and well-lit, with no visible artifacts or distortions. The quality of the image is high."}, {"ans": [true, false, 0.95], "reasoning": "The image clearly shows a computer tower with visible internal components, including fans on the side and one on the left. The main object, the computer tower, is present. The fans are visible, so they are not missing or invisible. The image is of high quality, with clear details and no visible artifacts or distortions, hence a high quality score."}, {"ans": [true, true, 0.9], "reasoning": "The image depicts a scarecrow in a field, which is the main object. The scarecrow is made of straw and is wearing a hat and a plaid shirt. However, it does not have visible arms, as the shirt is simply draped over the straw body and there are no distinct arm structures. The image is clear and well-defined, with no noticeable artifacts or distortions that would affect the quality. Therefore, the answer to the first question is True because the image is showing a scarecrow. The answer to the second question is True because the arms are not visible. The quality of the image is rated 0.9 because it is clear and well-defined, with no significant issues."}, {"ans": [true, true, 0.9], "reasoning": "The image depicts a knight in armor, which directly answers the first question. The knight is wearing full armor, including a helmet, breastplate, and gauntlets, and is standing in front of a battle scene. For the second question, the sword is not visible on the knight, indicating it is either missing or not visible. The image is of high quality, with detailed rendering of the armor and the background. However, the quality score is slightly reduced to 0.9 due to some minor texture and slight artifacts visible upon close inspection."}, {"ans": [true, false, 1.0], "reasoning": "The image clearly shows a teapot with a handle, spout, and lid, decorated with a floral design. The teapot is placed on a bamboo mat. The handle is visible on the right side of the teapot. The image is sharp and well-lit, with no visible artifacts or distortions. Therefore, the answer to Question 1 is True because the image is showing a teapot. The answer to Question 2 is False because the handle is visible. The quality of the image is rated as 1 because it is clear and well-defined, with no noticeable issues."}, {"ans": [true, false, 1.0], "reasoning": "The image clearly shows a basketball hoop with a net. The basketball is going through the hoop and the net is visible and not missing. The image is clear and of high quality, with no visible artifacts or distortions."}, {"ans": [true, false, 1.0], "reasoning": "The image is showing a dining table with a white tablecloth, plates, silverware, and glasses. The main object, the dining table, is present. The glasses are visible on the table, so they are not missing. The image is clear and well-lit, with no visible artifacts or distortions, indicating a high-quality image."}, {"ans": [true, false, 0.9], "reasoning": "The image clearly shows a vintage typewriter on a wooden desk. The typewriter is the main object and is visible in detail. The ribbon is visible and appears to be in place, though it is partially obscured by the paper in the typewriter. The image is well-lit and clear, with no significant artifacts or distortions. The quality of the image is high, with a score of 0.9 due to minor wear and tear visible on the desk and typewriter."}, {"ans": [true, true, 0.95], "reasoning": "The image shows a long, cream-colored winter jacket with a fur-lined hood hanging on a coat rack. The jacket is fastened with buttons and has no visible zipper. The image is clear and well-lit, with no visible artifacts or distortions that would affect the quality. The main object, the winter jacket, is clearly visible, so the answer to the first question is True. The zipper is not visible on the jacket, so the answer to the second question is True. The quality of the image is high, with a score of 0.95 out of 1, as it is clear and well-lit, but there is a slight watermark on the jacket which slightly decreases the quality."}, {"ans": [true, false, 0.9], "reasoning": "The image clearly shows a sunflower with visible seeds in the center. The seeds are arranged in a spiral pattern and are quite visible, indicating that they are not missing. The image is of high quality, with clear details of the sunflower and its seeds, although there is a slight screen texture visible."}, {"ans": [true, false, 0.9], "reasoning": "The image clearly shows an elephant with its trunk visible and intact. The main object, the elephant, is present and centered in the image. The trunk is not missing or invisible; it is prominently displayed as the elephant moves forward. The image is of high quality, with clear details and no visible artifacts or distortions that would detract from the overall clarity. The slight dust around the elephant's feet adds to the dynamic nature of the image but does not affect its quality."}, {"ans": [true, false, 0.95], "reasoning": "The image is showing a rowboat, which is the main object. The rowboat is white with a red bottom and has a wooden bench inside. The oars are visible inside the boat, leaning against the right side. The image is clear and well-defined, with no visible artifacts or distortions. The quality of the image is high, with a score of 0.95. For question 1, the answer is True because the image is showing a rowboat. For question 2, the answer is False because the oars are visible inside the boat."}, {"ans": [true, false, 0.95], "reasoning": "The image clearly shows a snowman with a hat, scarf, and buttons, standing in a snowy yard. The snowman is the main object in the image, and it is visible and well-defined. The buttons on the snowman are also visible, so they are not missing. The image is of high quality, with clear details and no visible artifacts or distortions. The quality score is 0.95 because the image is very clear and well-rendered, with no noticeable issues."}, {"ans": [true, true, 1.0], "reasoning": "The image clearly shows a fountain pen, which is the main object in the image. The pen is positioned on top of an open notebook, and its nib is visible. The ink within the pen is not visible, as the pen's body is opaque and there is no clear indication of the ink level. Therefore, the ink is considered missing or not visible. The image is of high quality, with clear details and no visible artifacts or distortions."}, {"ans": [true, true, 0.9], "reasoning": "The image shows a paintbrush with a wooden handle and silver ferrule, but the bristles are not visible. The paintbrush is placed on a palette with various colors of paint. The image is clear and well-lit, with no visible artifacts or distortions. The quality of the image is high, with a score of 0.9. The main object, the paintbrush, is present, so the answer to the first question is true. The bristles are not visible, so the answer to the second question is true."}, {"ans": [true, false, 0.95], "reasoning": "The image clearly shows a pair of eyeglasses with round lenses and thin metal frames on top of a newspaper. The temples of the eyeglasses are visible, indicating that they are not missing. The image is sharp and well-lit, with no noticeable artifacts or distortions. The quality of the image is high, with a score of 0.95 out of 1. The presence of the temples means that answer 2 is false."}, {"ans": [true, false, 0.9], "reasoning": "The image clearly shows a woman holding an umbrella on a rainy day. The umbrella is visible and appears to be intact with its ribs visible under the canopy. The image is sharp and clear, showing the details of the scene including the rain, the street, and the surrounding buildings. The quality of the image is high, with no noticeable artifacts or distortions that would detract from the overall clarity. Therefore, the answer to the first question is True because the image is showing an umbrella. The answer to the second question is False because the ribs of the umbrella are visible. The quality score is 0.9, indicating a high-quality image with minor issues, possibly slight overexposure or minor blur on the background, but these do not significantly impact the visibility of the main object or details."}, {"ans": [true, true, 0.9], "reasoning": "The image shows a wristwatch with a visible face and mechanical inner workings. The watch is displayed in a glass dome on a white cushion. The watch face is gold with a skeleton design, showing the mechanical gears underneath. The hour markers are not visible as the watch face is mostly transparent, showing the inner workings. The image is clear and well-lit, with no visible artifacts or distortions. The quality of the image is high, with a score of 0.9. The main object, the wristwatch, is clearly visible, so the answer to the first question is True. The hour markers are not visible, so the answer to the second question is True."}, {"ans": [true, false, 0.95], "reasoning": "The image clearly shows a camping tent set up in a grassy field. The tent is partially open, revealing its interior, and it appears to be fully assembled with poles, as indicated by its standing structure and the visible pole sections outside. The image is sharp and well-lit, with natural colors and no visible artifacts or distortions that would detract from its quality. The main object, the tent, is clearly visible, and the poles are also visible both inside and outside the tent. Therefore, the answer to the first question is True because the image is showing a camping tent. The answer to the second question is False because the poles are visible and not missing. The quality of the image is rated 0.95 because it is clear and well-defined, with only minor potential deductions for the slight grass and ground texture not being perfectly sharp, but this does not significantly impact the overall clarity or understanding of the image."}, {"ans": [true, true, 0.95], "reasoning": "The image is showing a cuckoo clock, which is the main object. The weights are not visible in the image, so they are considered missing. The image is of high quality, with clear details and no visible artifacts or distortions."}, {"ans": [true, true, 0.95], "reasoning": "The image clearly shows a smartphone, specifically an iPhone, standing upright on a surface. The phone is displaying its home screen, and there is no visible speaker grille on the front of the device. The speaker grille is typically located at the bottom of the phone, but in this image, the bottom area is not clearly visible due to the angle and lighting. However, the absence of a visible speaker grille on the visible parts of the phone suggests it might be missing or not visible. The image quality is generally high, with clear details of the phone and its screen, though there might be a slight blur in the background. The overall quality is rated 0.95 due to the clarity of the main subject, the smartphone."}, {"ans": [true, true, 0.95], "reasoning": "The image clearly shows a motorcycle, so the answer to the first question is True. The speedometer is not visible in the image, as the camera is positioned directly behind the motorcycle, showing the front headlight and handlebars but not the dashboard or speedometer. Therefore, the answer to the second question is True. The image is of high quality, with clear details and no visible artifacts or distortions, so the quality score is 0.95."}, {"ans": [false, true, 0.9], "reasoning": "The image shows a violin, not a violin bow. Therefore, the answer to Question 1 is False. The hair is not visible on the violin, and since there is no bow present, it is considered missing. Hence, the answer to Question 2 is True. The image quality is high, with clear details of the violin and the background. The score is 0.9 because the image is sharp and well-lit, but it doesn't show a violin bow, which is not a reason to decrease the quality score according to the guidelines."}, {"ans": [true, true, 0.9], "reasoning": "The image depicts a birdcage hanging from a porch ceiling, with a bird inside. The cage is made of gold-colored metal and has a dome-shaped top. The bird is perched on a small object inside the cage, but there is no visible perch attached to the cage itself. The image is well-lit and clear, with no visible artifacts or distortions. The quality of the image is high, with a score of 0.9. The main object, the birdcage, is present, so the answer to Question 1 is True. The perch is not visible as a distinct element within the cage, so the answer to Question 2 is True."}, {"ans": [true, false, 1.0], "reasoning": "The image clearly shows a statue of a woman, indicating that the main object is indeed a statue. The statue has a head, which is visible and not missing. The image is of high quality with clear details and no visible artifacts or distortions."}, {"ans": [true, false, 1.0], "reasoning": "The image clearly shows a teddy bear sitting on a bed, and the nose of the teddy bear is visible. The image is of high quality with no visible artifacts, blurring, or other issues that would detract from its quality. The teddy bear is centered and well-lit, making it easy to see all its features, including its nose."}, {"ans": [true, false, 1.0], "reasoning": "The image clearly shows a pair of white sneakers with laces. The sneakers are the main object in the image, and they are visible and clear. The laces are also visible, so they are not missing or invisible. The image is of high quality, with no visible artifacts, blurring, or other issues that would affect the visibility of the sneakers or laces."}, {"ans": [true, false, 1.0], "reasoning": "The image clearly shows a refrigerator with its door open, revealing the interior. The refrigerator is the main object in the image, and it is visible and well-defined. The door shelves are present and visible on the door. The image is of high quality, with no visible artifacts, blurring, or other issues that would detract from its clarity. The lighting is even, and the colors are natural. Therefore, the answer to Question 1 is True, as the image is showing a refrigerator. The answer to Question 2 is False, as the door shelves are not missing; they are clearly visible. The quality of the image is rated as 1, indicating it is of very high quality."}, {"ans": [true, false, 0.9], "reasoning": "The image depicts a group of young women sitting around a campfire in a forest clearing. The campfire is the central focus, and it is clear that there are flames present, as indicated by the bright light and the arrangement of the logs. Therefore, for Question 1, the answer is True because the image is showing a campfire. For Question 2, the answer is False because the flames are visible. The quality of the image is rated 0.9 due to its high level of detail and realism, although there is a slight unnatural glow from the campfire and the rays of light coming through the trees, which might be considered minor artistic liberties."}, {"ans": [true, false, 0.95], "reasoning": "The image is showing a drinking fountain with water flowing from it, so the main object is present. The water is visible as it flows from the fountain, so it is not missing or invisible. The image is clear and well-lit, with no visible artifacts or distortions, but the quality score is not 1 because the background is slightly blurred."}, {"ans": [true, false, 0.95], "reasoning": "The image clearly shows a revolver with a visible trigger guard. The revolver is the main object in the image, and it is displayed on a green surface within a black case. The trigger guard is present and visible, surrounding the trigger. The image is of high quality, with clear details of the revolver and its components. The only reason for not giving it a perfect score is the slight texture and possible minor compression artifacts visible upon close inspection, but these do not detract significantly from the overall clarity."}, {"ans": [true, false, 0.9], "reasoning": "The image depicts a compass rose with a north arrow, which is clearly visible. The compass rose is intricately designed and centered in the image, surrounded by ornate details and a map-like background. The north arrow is present and visible, pointing towards the top of the image. The image quality is high, with clear lines and details, although it may have a slightly aged or vintage appearance due to the color tone and texture. The quality score is 0.9 because the image is well-defined and lacks significant artifacts or distortions."}, {"ans": [true, false, 0.9], "reasoning": "The image shows a futuristic cityscape with tall skyscrapers, so the answer to Question 1 is True. The skyscrapers have visible windows, so the answer to Question 2 is False. The image is of high quality, with clear details and vibrant colors, but the quality score is slightly decreased to 0.9 due to the slight haze and mist in the background, which might be considered a minor artifact."}, {"ans": [true, true, 0.9], "reasoning": "The image shows a man in a black suit standing on a stage with his back to the camera, facing an orchestra. He has his right arm raised, indicating that he is conducting. The presence of the orchestra and the man's posture suggest that he is indeed a conductor. Therefore, the answer to the first question is True. For the second question, since the conductor's hand is empty and there is no visible baton, it can be inferred that the baton is either missing or not visible. Hence, the answer to the second question is True. The image is clear and well-defined, with no noticeable artifacts or distortions that would affect its quality. The only reason for not giving it a perfect score is the slight blur on some of the musicians in the background, but this does not detract significantly from the overall quality. Thus, the quality score is 0.9."}, {"ans": [false, true, 1.0], "reasoning": "The image depicts a soccer field with markings and goalposts, but the soccer goal itself is not visible. The presence of goalposts indicates that a goal is supposed to be there, but it is not shown in the image. Therefore, the answer to the first question is False because the main object (soccer goal) is not present. For the second question, since the soccer goal is not visible, it's considered missing, so the answer is True. The image quality is rated 1.0 because it is clear and well-defined, with no visible artifacts or distortions."}, {"ans": [true, false, 1.0], "reasoning": "The image clearly shows a microscope on a table in a laboratory setting. The microscope is white with black eyepieces and has multiple lenses visible. The lenses are not missing and are clearly visible, so the answer to the second question is False. The image is sharp and well-lit, with no visible artifacts or distortions, so the quality is rated as 1.0."}]