[{"ans": [true, true, 1.0], "reasoning": "The image shows a sailboat on calm waters with its sails furled or not deployed, indicating that while the main object (sailboat) is present, the sails are either missing or not visible as they are wrapped around the mast. The image is clear and well-lit, suggesting a high quality."}, {"ans": [true, false, 0.9], "reasoning": "The image clearly shows a bicycle leaning against a brick wall. The bicycle is red and appears to be old and rusty. The chain is visible and appears to be intact, although it is rusty. Therefore, the answer to the first question is True because the image is showing a bicycle. The answer to the second question is False because the chain is visible and not missing. The quality of the image is rated 0.9 because it is clear and well-lit, with no significant distractions or obstructions. The slight rust and dirt on the bicycle do not detract from the overall quality of the image."}, {"ans": [true, false, 0.9], "reasoning": "The image shows a cat sitting by a window. The cat is clearly visible and appears to be a domestic cat with gray fur and yellow eyes. For Question 1, the image is showing a cat, so the answer is True. For Question 2, the whiskers are visible on the cat's face, so the answer is False. The quality of the image is rated 0.9 because it is clear and well-focused on the cat, with good lighting that highlights the cat's features."}, {"ans": [true, true, 0.9], "reasoning": "The image depicts a castle with towers and a large structure, which aligns with the definition of a castle. The presence of a large opening or mouth-like feature on the front of the structure is notable, but it does not clearly represent gates. Upon closer inspection, there is no visible evidence of gates in the image. Therefore, for Question 1, the answer is True because the image does show a castle. For Question 2, the answer is True because the gates are either missing or not visible. The quality of the image is rated 0.9, as it is clear and well-defined, with no significant issues that would detract from the overall understanding of the scene."}, {"ans": [true, false, 0.9], "reasoning": "The image is showing a hot-air balloon with a clearly visible basket attached to it. The basket is not missing or invisible; it is present and visible below the balloon. The image is of high quality, capturing the details of the balloon and its surroundings."}, {"ans": [true, false, 0.9], "reasoning": "The image clearly shows a turtle with a visible shell. The turtle is centered in the image, and its shell is clearly visible on its back. The image is well-lit and in focus, indicating a high-quality image. The presence of the shell is evident, so the answer to the second question is False because the shell is not missing or invisible."}, {"ans": [true, true, 0.8], "reasoning": "The image shows a train at a station, and the train is clearly visible. However, the wheels of the train are not visible as they are obscured by the platform and other structures. The image is well-lit and in focus, but the presence of other trains and infrastructure in the background adds some complexity to the scene. Overall, the image is of good quality, but the visibility of the wheels is obstructed."}, {"ans": [true, false, 0.9], "reasoning": "The image clearly shows a pair of eyeglasses with lenses on a reflective surface. The lenses are visible and not missing, so the answer to the second question is False. The image is of high quality, with clear details of the eyeglasses and the surrounding environment, hence the quality score is 0.9. The slight deduction is due to minor factors like slight blur in the background."}, {"ans": [true, false, 1.0], "reasoning": "The image depicts a fountain pen with its nib visible, along with a cap that likely belongs to the pen. The presence of the nib is clear, indicating that the pen is not missing its nib. The image is of high quality, with clear details of the pen and its components."}, {"ans": [true, true, 1.0], "reasoning": "The image shows a damaged umbrella with its canopy missing, leaning against a wall next to a chair. The main object in the image is an umbrella, which is present. The canopy of the umbrella is not visible, indicating it is either missing or not visible. The image is clear and well-lit, allowing for a good view of the objects."}, {"ans": [true, false, 1.0], "reasoning": "The image clearly shows a large white airplane on a runway, with its wings fully visible. The presence of the airplane directly answers Question 1, confirming that the image is showing an airplane. For Question 2, the wings are not missing or invisible; they are clearly visible on both sides of the fuselage. The image is of high quality, with clear details of the airplane and its surroundings, hence the quality score is 1."}, {"ans": [true, true, 0.9], "reasoning": "The image is showing a desk lamp, which is the main object in the image. The bulb is not visible as it is hidden by the shade of the lamp. The image is clear and well-lit, with the lamp being the central focus. The quality of the image is high, with clear details of the lamp and the surrounding objects."}, {"ans": [true, false, 1.0], "reasoning": "The image is showing an electric guitar with a visible neck, so the main object is present. The neck is visible and not missing, so the answer to the second question is False. The image is clear and well-lit, and the key elements of the guitar are visible, so the quality is rated as 1."}, {"ans": [true, false, 0.9], "reasoning": "The image depicts a fish made of glass or crystal, surrounded by shards of the same material. The fish is clearly visible and appears to be intact, with its body and fins discernible. The fins are present and visible, indicating that they are not missing. The image is of high quality, with clear details and reflections on the glass or crystal surfaces. The only reason for not giving it a perfect score is the slight blurriness in the background."}, {"ans": [true, false, 1.0], "reasoning": "The image shows a small brick cottage with a steeply pitched roof, situated in a field of wildflowers. The cottage is centered in the image and is surrounded by trees and other foliage. The roof is visible and appears to be intact, although there are some wooden supports visible above it, suggesting that it may be undergoing some kind of repair or maintenance. The image is clear and well-lit, with good color and detail. Overall, the image appears to be a charming and idyllic depiction of a rural cottage."}, {"ans": [true, false, 0.8], "reasoning": "The image is showing a vintage convertible car with its hood up. The windshield is visible, although it is partially folded down on the driver's side. The presence of the windshield indicates that it is not missing. The image is clear and well-lit, showing the interior and exterior details of the car. The quality of the image is rated 0.8 because it is a clear and detailed photograph, with no visible distortions or obstructions that would detract from the viewer's understanding of the scene."}, {"ans": [true, false, 0.9], "reasoning": "The image is showing a transparent keyboard with illuminated keys. The keyboard is clearly visible and has all the keys, including the spacebar, which is present and visible at the bottom row. Therefore, the answer to the first question is True. For the second question, since the spacebar is visible, the answer is False. The quality of the image is rated 0.9 because it is clear and well-lit, showing the details of the keyboard."}, {"ans": [true, false, 1.0], "reasoning": "The image clearly depicts an owl perched on a tree branch, with its feathers visible and detailed. The presence of the owl is evident, answering the first question affirmatively. For the second question, the feathers are not missing or invisible; they are clearly visible and well-defined, covering the owl's body. Thus, the answer to the second question is false. The image is of high quality, with clear details of the owl and its surroundings, hence the quality score is 1."}, {"ans": [true, false, 0.9], "reasoning": "The image shows a book with leather binding on a wooden table, with another book lying open in the background. The main book is standing upright and is clearly visible, so the answer to the first question is True. The pages of the main book are visible and not missing, so the answer to the second question is False. The image is well-lit and clear, with a clear view of the book and its pages, so the quality is rated 0.9."}, {"ans": [true, false, 0.9], "reasoning": "The image depicts a lighthouse, which is the main object of interest. The lighthouse is white with a black railing around the top and appears to be under maintenance or renovation, as indicated by scaffolding around the lantern room. The lamp is visible inside the lantern room, so it is not missing or invisible. The overall quality of the image is high, with clear details of the lighthouse and its surroundings, despite the rainy and cloudy weather conditions."}, {"ans": [true, false, 0.9], "reasoning": "The image shows a chair that can be classified as an armchair. The chair has visible legs, specifically two at the front, which are partially visible. The presence of the legs means they are not missing or invisible. The image is clear and well-lit, showing the chair and its surroundings in detail. The quality of the image is high, with a score of 0.9, as it clearly displays the main object and its features without any significant distortion or obscuration."}, {"ans": [true, true, 0.9], "reasoning": "The image is showing a deer. The deer appears to be without antlers, and there is no visible evidence of antlers being present. The image is clear and well-lit, with the deer centered in the frame. The quality of the image is high, with good resolution and detail. The only reason for not giving it a perfect score is the slight presence of lens flare due to the sunlight."}, {"ans": [true, true, 1.0], "reasoning": "The image shows a pink envelope on a marble surface. The envelope is closed, and its flap is not visible from the top view, indicating it is either tucked inside or not visible. The image is clear and well-lit, showing the details of the envelope and the marble background."}, {"ans": [true, true, 1.0], "reasoning": "The image is showing a wall clock, which is the main object. The clock face is white with black hands, but there are no numbers visible on the clock face. The image is clear and well-lit, showing the clock and its surroundings in detail. Therefore, the answer to Question 1 is True because the image is showing a wall clock. The answer to Question 2 is True because the numbers on the clock are missing or not visible. The quality of the image is rated 1.0 because it is clear and well-lit, and there are no issues with the visibility of the main object or its key elements."}, {"ans": [true, false, 0.9], "reasoning": "The image shows a person wearing a white space suit with a helmet, submerged in a pool of water. The space suit is clearly visible, and the helmet is also present and visible. Therefore, the answer to the first question is True because the image is showing a space suit with a helmet. The answer to the second question is False because the helmet is not missing; it is clearly visible on the person's head. The quality of the image is rated 0.9 because it is clear and well-defined, with no significant issues affecting the visibility of the main subject."}, {"ans": [true, false, 1.0], "reasoning": "The image clearly shows a windmill with its blades visible, standing in a field of wheat. The presence of the windmill is evident, and the blades are clearly visible, indicating that they are not missing or invisible. The image is of high quality, with clear details and a well-composed scene."}, {"ans": [true, true, 1.0], "reasoning": "The image clearly shows a tree, which is the main object. The tree is without leaves, as evidenced by the bare branches. The absence of leaves is visible, so the leaves are considered missing or not visible. The image is of high quality, with clear details of the tree's structure and the sun shining through its branches."}, {"ans": [true, true, 0.8], "reasoning": "The image shows the back of a school bus with visible seats and no visible doors. The main object is a bus, so the answer to the first question is True. The doors are not visible, so the answer to the second question is True. The quality of the image is rated 0.8 because it is clear and well-lit, but the angle is not ideal as it does not show the front or side of the bus."}, {"ans": [true, false, 1.0], "reasoning": "The image is showing a laptop with its screen visible and open, so it is a laptop and the screen is not missing or not visible. The image quality is good as it clearly shows the laptop and its components."}, {"ans": [true, true, 1.0], "reasoning": "The image shows a brass instrument, specifically a euphonium or baritone horn, which is similar to a trumpet in that it is a brass instrument but differs in size and pitch. The main object in the image is indeed a brass instrument, so the answer to the first question is True. The mouthpiece is not visible, as it is not attached to the instrument, so the answer to the second question is True. The image is clear and well-lit, showing the instrument in detail, so the quality is rated as 1."}, {"ans": [true, false, 1.0], "reasoning": "The image clearly depicts a robot with a visible head, standing in a laboratory setting. The robot's head is not only present but also detailed, with visible mechanical components and a glowing blue light in its eye. Therefore, the answer to Question 1 is True because the image is showing a robot. The answer to Question 2 is False because the head is not missing or invisible; it is clearly visible. The quality of the image is rated as 1 because it is clear and well-defined, with no apparent issues that would detract from its quality."}, {"ans": [true, true, 1.0], "reasoning": "The image shows a candle, which is the main object. The wick is not visible, so it is considered missing. The image is clear and well-lit, showing the candle and its surroundings in detail."}, {"ans": [true, false, 0.9], "reasoning": "The image clearly shows a pizza, which is the main object, so the answer to the first question is True. The pizza is topped with cheese, which is visible, so the answer to the second question is False. The image is of high quality, with clear details of the pizza and its toppings, so the quality score is 0.9. The presence of cheese is not a factor in determining the quality score as per the instructions."}, {"ans": [true, true, 0.9], "reasoning": "The image shows a DSLR camera body with the lens removed, exposing the internal mechanism. The camera is clearly visible and identifiable as a DSLR. The lens is not attached to the camera body, making it 'missing' in the context of the question. The image is of high quality, with clear details of the camera's body and internal parts."}, {"ans": [true, false, 0.9], "reasoning": "The image is showing a grand piano on a stage in an auditorium. The piano is visible and identifiable, answering the first question as true. The keys of the piano are visible, so they are not missing or not visible, answering the second question as false. The image is clear and well-lit, showing the details of the piano and the auditorium, hence the quality is rated high at 0.9."}, {"ans": [true, false, 0.9], "reasoning": "The image shows a paintbrush with visible bristles on the right side, alongside another object that appears to be a paintbrush handle without visible bristles on the left. The presence of the paintbrush with bristles fulfills the condition for Question 1, making the answer 'True'. For Question 2, since the bristles are visible on one of the paintbrushes, the condition of the bristles being missing or not visible is not met, so the answer is 'False'. The image quality is rated 0.9 because it is clear and well-lit, showing the details of the paintbrushes and the palette."}, {"ans": [true, false, 0.9], "reasoning": "The image shows a watch with its back removed, revealing the internal mechanisms. The watch is sitting on a granite countertop. The strap is visible and appears to be attached to the watch. Therefore, the answer to Question 1 is True because the image is showing a watch. The answer to Question 2 is False because the strap is visible. The quality of the image is rated 0.9 because it is clear and well-lit, with no visible distortions or obstructions."}, {"ans": [true, false, 0.9], "reasoning": "The image shows a person in a dentist's chair with their mouth open, and the mouth is clearly visible. The tongue is also visible inside the mouth. The image is a bit distorted due to a transparent overlay, but it does not affect the visibility of the mouth or tongue. Therefore, the answer to the first question is True because the image is showing a mouth. The answer to the second question is False because the tongue is visible. The quality of the image is rated 0.9 because it is clear and well-lit, despite the distortion."}, {"ans": [true, false, 0.9], "reasoning": "The image is showing a motorcycle with visible handlebars. The motorcycle is parked on a street at night, and the handlebars are clearly visible. The image is of high quality, with clear details and vibrant colors. The presence of the handlebars is evident, so the answer to the second question is False. The quality of the image is rated 0.9 because it is a well-rendered and detailed image, with no visible distortions or artifacts that would detract from its quality."}, {"ans": [true, false, 1.0], "reasoning": "The image clearly shows a television set, which is the main object in question. The television is an older model with a wooden casing and a visible screen displaying an image of vacuum tubes. The screen is present and visible, showing the image of the vacuum tubes. Therefore, the answer to the first question is True because the image is showing a television. The answer to the second question is False because the screen is not missing; it is visible and displaying content. The quality of the image is rated as 1 because it is clear and well-defined, with all relevant details visible."}, {"ans": [true, true, 0.8], "reasoning": "The image depicts a white goat-like creature standing on a rocky outcrop. The creature has a shaggy coat and appears to be looking away from the camera. The presence of a goat is evident, fulfilling the first question's condition. However, the horns are not visible, likely due to the angle of the creature's head or the presence of its shaggy fur, which may be obscuring them. Thus, for the second question, the horns are considered not visible. The image is clear and well-focused on the subject, with a good resolution, hence a high-quality score."}, {"ans": [true, false, 0.9], "reasoning": "The image clearly shows a red sneaker, which is the main object. The laces are present and visible, so they are not missing or not visible. The image is of high quality, with clear details of the sneaker and its surroundings. The only reason for not giving it a perfect score is due to the slight blur on the lockers in the background, but this does not affect the visibility of the sneaker or the laces."}, {"ans": [true, false, 1.0], "reasoning": "The image clearly shows a green frog in the water, with its eyes visible. The presence of the frog is evident, and its eyes are clearly visible, so the answer to the first question is True. Since the eyes are visible, the answer to the second question is False. The image is of high quality, with clear details of the frog and its surroundings, so the quality score is 1."}, {"ans": [true, false, 1.0], "reasoning": "The image is showing a cup and saucer set. The cup has a handle and is decorated with blue floral patterns on a white background. For Question 1, the image is showing a mug with a handle, so the answer is True. For Question 2, the handle is visible, so the answer is False. The image is clear and well-lit, and the cup and saucer are centered in the frame, so the quality is rated as 1.0."}, {"ans": [true, false, 0.8], "reasoning": "The image shows a saxophone with its keys visible, indicating that the main object is indeed a saxophone. The keys are present and visible, so they are not missing or invisible. The quality of the image is rated 0.8 because it is clear and well-lit, showing the details of the saxophone."}, {"ans": [true, false, 0.8], "reasoning": "The image shows a skateboard lying on the ground, with its deck broken into pieces. The trucks and other hardware are still attached to the deck, and the wheels are visible, indicating that they are not missing. The image is clear and well-lit, allowing for a good view of the skateboard's components. Therefore, the answer to Question 1 is True, as the image is showing a skateboard. The answer to Question 2 is False, as the wheels are visible and not missing. The quality of the image is rated 0.8, as it is clear and well-lit, but may not be perfect due to some minor distortions or artifacts."}, {"ans": [true, false, 0.9], "reasoning": "The image shows a black fedora hat with a visible brim on a wooden stand against a plain background. The hat is clearly identifiable as a fedora, satisfying the first question. The brim is present and visible, so the answer to the second question is False. The image is well-lit and clear, with good resolution, hence a high-quality score of 0.9."}, {"ans": [true, false, 0.9], "reasoning": "The image clearly shows a motorcycle helmet with a visor. The visor is transparent and is currently in the up position, covering the top part of the helmet's face area. Since the visor is visible, the answer to Question 2 is False. The image is of high quality, with clear details of the helmet and its surroundings, hence the quality score is 0.9."}, {"ans": [true, true, 0.9], "reasoning": "The image is showing a bedframe without a mattress. The bedframe is ornate and made of wood, with a headboard and footboard. The mattress is not visible, so it is considered missing. The image is of high quality, with clear details and good lighting. The only reason the quality score is not 1 is due to the slight darkness of the image and the fact that it is not a real photo but rather a rendered image."}, {"ans": [true, false, 1.0], "reasoning": "The image clearly shows a clock tower with a visible clock face, thus answering the first question as true. The clock face is visible, so the answer to the second question is false. The image is clear and well-lit, showing the details of the clock tower and its surroundings, hence the quality is rated as 1."}, {"ans": [true, false, 0.9], "reasoning": "The image is showing a pocket watch with intricate details and visible mechanisms. The hands of the watch are visible, indicating the time. The watch is placed on a luxurious gold fabric background, which adds to the overall aesthetic quality of the image. The presence of the hands on the watch directly answers the second question, indicating they are not missing or invisible. The quality of the image is high due to its clarity and detailed representation of the watch and its surroundings."}, {"ans": [true, false, 0.9], "reasoning": "The image clearly shows a bicycle leaning against a stone wall. The bicycle is red with black accents and has a sleek design, indicating it is likely a road bike. The pedals are visible on the bicycle, attached to the crankset. The image is well-lit, with clear details of the bicycle and its components, suggesting a high-quality image. The presence of the pedals means they are not missing or invisible."}, {"ans": [true, false, 0.8], "reasoning": "The image is showing a portrait of a woman. The woman's eyes are visible in the portrait, so they are not missing or not visible. The quality of the image is rated 0.8 because the image is clear and well-lit, showing the details of the painting."}, {"ans": [true, false, 0.9], "reasoning": "The image shows a grand piano on a stage with spotlights shining down. The piano is open, revealing its internal mechanisms, including the hammers. Therefore, the answer to Question 1 is True because the image is showing a grand piano. The answer to Question 2 is False because the hammers are visible inside the piano. The quality of the image is rated 0.9 because it is clear and well-lit, with no visible distortions or issues that would detract from the visibility of the piano or its components."}, {"ans": [true, false, 1.0], "reasoning": "The image clearly depicts a sailing ship with three masts and visible sails, indicating it is a sailing ship. The sails are visible and not missing, so the answer to the second question is false. The image is of high quality as it clearly shows the details of the ship and its sails."}, {"ans": [true, false, 0.9], "reasoning": "The image depicts a large tree with sprawling branches and a thick trunk, which is consistent with the appearance of an oak tree. The tree has leaves, so the answer to the first question is True. The leaves are visible on the tree, so the answer to the second question is False. The image is of high quality, with clear details of the tree and its surroundings, so the quality score is 0.9."}, {"ans": [true, true, 0.9], "reasoning": "The image depicts a charming stone cottage with ivy covering parts of it. The front of the cottage is visible, but the door is not visible as it is obscured by the dense foliage of the ivy. The image is of high quality, with clear details of the cottage and its surroundings. The absence of a visible door does not detract from the overall quality of the image."}, {"ans": [true, false, 0.9], "reasoning": "The image shows a white passenger jet on a tarmac, with other planes visible in the background. The main object in the foreground is clearly a passenger jet, satisfying the first question. The wings of the jet are visible, so the answer to the second question is False. The image is clear and well-lit, with a quality score of 0.9 due to minor background blur."}, {"ans": [true, true, 0.9], "reasoning": "The image is showing a wristwatch with a silver face and a beige leather strap. The watch face is blank and does not have any numbers on it. Therefore, the numbers are missing or not visible from the wristwatch. The image is clear and well-lit, and the watch is the main focus of the image. The quality of the image is high, with a score of 0.9 out of 1."}, {"ans": [true, false, 0.9], "reasoning": "The image shows a pizza with a red sauce base, topped with basil leaves and what appears to be mozzarella cheese. The presence of the cheese is visible, indicating that it is not missing. Therefore, the answer to the first question is True because the image is showing a pizza. The answer to the second question is False because the cheese is visible on the pizza. The quality of the image is rated 0.9 because it is clear and well-lit, with no visible distortions or obstructions that would hinder the view of the pizza."}, {"ans": [true, false, 0.9], "reasoning": "The image clearly shows traffic signals with lights, so the answer to the first question is True. For the second question, the lights are visible on the traffic signals, so the answer is False. The quality of the image is rated 0.9 because it is clear and well-lit, with no significant obstructions or issues affecting the visibility of the main elements."}, {"ans": [true, false, 0.9], "reasoning": "The image shows a skateboard with its trucks and wheels separated from the deck. The skateboard deck is visible, indicating that the main object is indeed a skateboard, thus answering the first question as True. For the second question, the wheels are visible and not missing, so the answer is False. The image quality is rated 0.9 because it is clear and well-lit, with no significant issues affecting the visibility of the skateboard or its components."}, {"ans": [true, true, 0.9], "reasoning": "The image shows a chessboard with pieces arranged on it. The chessboard is clearly visible and is the main object in the image. The black pieces are not visible as they are not present on the board, indicating they are missing. The image is of high quality, with clear details of the chessboard and the white pieces. The absence of black pieces does not affect the quality score as per the instructions."}, {"ans": [true, false, 0.9], "reasoning": "The image is showing a red sports car, which is the main object. The brakes are visible as red calipers behind the black rims, so they are not missing or invisible. The image is well-lit and clear, with a quality score of 0.9 due to minor reflections and lighting effects."}, {"ans": [true, true, 1.0], "reasoning": "The image clearly shows an open book on a wooden table, with the pages visible. The pages are blank, indicating that there is no text visible. The book is the main focus of the image, and it is displayed prominently. The background is blurred but appears to be a library or study with bookshelves. The image is of high quality, with clear details of the book and its surroundings."}, {"ans": [true, false, 0.9], "reasoning": "The image clearly shows a computer tower with a transparent side panel, revealing the internal components. The presence of fans is evident, as indicated by the visible fan on the left side and other components that suggest additional fans. Therefore, the answer to the first question is True. For the second question, since fans are visible, the answer is False. The quality of the image is rated 0.9 because it is clear and well-lit, showing the details of the computer tower and its components."}, {"ans": [true, false, 0.9], "reasoning": "The image depicts a scarecrow standing in a field, wearing a plaid shirt and a straw hat. The scarecrow is clearly visible and has both arms visible, attached to its body. The image is well-lit and in focus, indicating a high-quality image. The presence of the scarecrow and its clear visibility satisfy the first question. For the second question, the arms are visible, so the answer is false. The quality of the image is rated 0.9 because it is clear and well-composed, with no visible distortions or obstructions."}, {"ans": [true, true, 0.8], "reasoning": "The image depicts a knight in armor, which directly answers the first question. The knight is the main object, and it is present. For the second question, the sword is not visible in the image, so it is considered missing. The quality of the image is rated 0.8 because the details are clear, and the painting is well-executed, with no significant issues affecting the overall perception of the knight."}, {"ans": [true, false, 0.9], "reasoning": "The image is showing a teapot with a floral pattern on it. The teapot has a handle, spout, and lid, which are all typical features of a teapot. The handle is visible on the right side of the teapot, so it is not missing or invisible. The image is clear and well-lit, with a good view of the teapot from the front. The quality of the image is high, with a clear and detailed view of the teapot and its surroundings. The background is slightly blurred, but it does not distract from the main subject of the image."}, {"ans": [true, false, 0.9], "reasoning": "The image clearly shows a basketball hoop with a net. The net is visible and not missing, although it is partially iced over. The main object, the basketball hoop, is present, so the answer to the first question is True. Since the net is visible, the answer to the second question is False. The quality of the image is rated 0.9 because it is clear and well-lit, with the main subject in focus."}, {"ans": [true, false, 0.9], "reasoning": "The image depicts a formally set dining table with multiple place settings, each including plates, silverware, and glasses. The presence of a dining table is evident, satisfying the first question. For the second question, the glasses are clearly visible on the table, indicating they are not missing. The quality of the image is rated high because it clearly shows the details of the table setting, with no significant obstructions or blurriness affecting the visibility of key elements."}, {"ans": [true, true, 0.9], "reasoning": "The image clearly shows a typewriter, which is the main object. The typewriter is visible and identifiable, so the answer to the first question is True. Upon closer inspection, it appears that the ribbon is not visible in the typewriter, suggesting it might be missing or not properly positioned to be seen. Therefore, the answer to the second question is True. The image is of high quality, with clear details of the typewriter and its surroundings. The absence of the ribbon does not negatively impact the quality score as per the instructions."}, {"ans": [true, false, 0.8], "reasoning": "The image shows multiple winter jackets hanging on a rack. The jackets are quilted and have hoods, indicating they are winter jackets. The first jacket from the left appears to have buttons and a zipper, so the zipper is visible. Therefore, the answer to Question 1 is True because the image is showing winter jackets. The answer to Question 2 is False because the zipper is visible on at least one of the jackets. The quality of the image is rated 0.8 because it is clear and well-lit, showing the details of the jackets."}, {"ans": [true, false, 0.9], "reasoning": "The image clearly shows multiple sunflowers, with one prominent sunflower facing forward and others partially visible around it. The forward-facing sunflower has visible seeds on its face, indicating that the seeds are not missing. The image is well-lit and in focus, with a clear blue sky and white clouds in the background, contributing to its high quality. The presence of visible seeds on the sunflower answers the second question, indicating that the seeds are not missing or invisible. The overall clarity and detail of the image support a high-quality rating."}, {"ans": [true, false, 0.8], "reasoning": "The image clearly shows an elephant walking on a dirt road, with its trunk visible and hanging down. The presence of the elephant is evident, so the answer to the first question is True. The trunk is also visible, so the answer to the second question is False. The image is of good quality, with clear details of the elephant and its surroundings, so the quality score is 0.8."}, {"ans": [true, true, 0.8], "reasoning": "The image shows a rowboat, which is the main object. The oars are not visible in the image, so they are considered missing. The image is clear and well-lit, but the quality score is not 1 because the paint on the boat is chipped and worn, indicating some level of degradation."}, {"ans": [true, false, 0.9], "reasoning": "The image shows a snowman in the foreground with a house and other winter decorations in the background. The snowman is clearly visible and has buttons on its body, which are visible. The presence of the snowman answers the first question as true. For the second question, the buttons are visible on the snowman, so the answer is false. The image quality is rated 0.9 because it is clear and well-defined, with no significant issues affecting the visibility of the main elements."}, {"ans": [true, false, 0.9], "reasoning": "The image clearly shows a fountain pen lying on an open book. The pen is transparent with a gold nib and has ink visible inside its barrel. Therefore, for Question 1, the answer is True because the main object, a fountain pen, is present. For Question 2, the answer is False because the ink is visible inside the pen's barrel, indicating it is not missing or invisible. The quality of the image is rated 0.9 because it is clear and well-focused on the pen and the book, with good lighting that highlights the details of the pen and the text on the book."}, {"ans": [true, true, 0.8], "reasoning": "The image shows a paintbrush with a wooden handle and a metal ferrule, but the bristles are not visible. The brush is positioned on a palette with various colors of paint, suggesting that it is being used for painting. The presence of the paintbrush, regardless of the visibility of its bristles, answers the first question affirmatively. For the second question, since the bristles are not visible, it is considered that they are missing or not visible. The image quality is rated 0.8 because it is clear and well-focused on the paintbrush and palette, even though the bristles are not visible."}, {"ans": [true, false, 0.9], "reasoning": "The image clearly shows a pair of eyeglasses with temples on top of a torn newspaper. The presence of the eyeglasses answers the first question affirmatively. The temples are visible, which means they are not missing or invisible, so the answer to the second question is false. The quality of the image is rated high because it is clear and well-focused on the subject."}, {"ans": [true, false, 0.9], "reasoning": "The image clearly shows a person holding an umbrella on a rainy street. The umbrella is the main object and is visible with its ribs, indicating that the ribs are not missing. The visibility of the ribs under the fabric of the umbrella answers the second question. The image quality is high as it captures the details of the scene effectively, including the rain, the street, and the person with the umbrella."}, {"ans": [true, true, 0.8], "reasoning": "The image shows a wristwatch with its back or face open, revealing intricate mechanical components. The watch is visible, so the answer to the first question is True. The hour markers are not visible because the image shows the internal mechanism rather than the face of the watch, so the answer to the second question is True. The quality of the image is rated 0.8 because it is clear and detailed, showing the intricate details of the watch's mechanism."}, {"ans": [true, false, 0.9], "reasoning": "The image shows a camping tent with its structure intact and visible. The poles are present and are supporting the tent's fabric. The tent is set up in a grassy field with trees in the background, indicating a camping setting. The image is clear and well-lit, showing the tent's details. The poles are visible and are not missing."}, {"ans": [true, true, 0.9], "reasoning": "The image shows a cuckoo clock, as indicated by the presence of a clock face and various carved elements typical of cuckoo clocks, such as leaves and animals. The weights are not visible in the image, suggesting they are either missing or not visible. The image is clear and detailed, showing intricate carvings and decorations on the clock, indicating a high quality."}, {"ans": [true, true, 1.0], "reasoning": "The image shows a smartphone standing upright on a table. The phone's screen is visible and displays various icons. The phone's front side is facing the camera, and there is no visible speaker grille on the front. The phone appears to be in a modern office setting with a blurred background. The image is clear and well-lit, indicating good quality."}, {"ans": [true, false, 1.0], "reasoning": "The image clearly shows a motorcycle, so the answer to the first question is True. The speedometer is visible on the handlebars, so it is not missing or invisible, making the answer to the second question False. The image is of high quality and clearly shows the motorcycle and its details."}, {"ans": [true, true, 0.9], "reasoning": "The image shows a violin and a bow. The bow is visible but the hair on the bow is not visible, suggesting it is either missing or not visible. The image is clear and well-lit, showing the details of the violin and bow, hence the quality is rated high."}, {"ans": [true, false, 1.0], "reasoning": "The image clearly shows a birdcage hanging from a porch ceiling. The birdcage is large, ornate, and contains birds inside it. There is a visible perch inside the cage where one bird is sitting, and another perch outside the cage at the bottom. Therefore, for Question 1, the answer is True because the main object, the birdcage, is present. For Question 2, the answer is False because the perch is visible both inside and outside the birdcage. The image is of high quality, with clear details and good lighting, hence the quality score is 1."}, {"ans": [true, false, 0.9], "reasoning": "The image is showing a statue of a woman, which is clearly visible and intact with its head. The statue is made of marble and is standing on a pedestal between two marble columns. The head of the statue is present and visible, indicating that it is not missing. The quality of the image is rated 0.9 because it is clear and well-lit, with no visible distortions or obstructions."}, {"ans": [true, false, 1.0], "reasoning": "The image is showing a teddy bear with a nose, so the answer to Question 1 is True. The nose is visible on the teddy bear's face, so the answer to Question 2 is False. The image is clear and well-lit, and the teddy bear is the main focus, so the quality score is 1."}, {"ans": [true, false, 0.9], "reasoning": "The image shows a pair of white sneakers with laces, leaning against a door. The sneakers are clearly visible, and the laces are present and visible. Therefore, the answer to Question 1 is True. For Question 2, since the laces are visible, the answer is False. The quality of the image is rated 0.9 because it is clear and well-lit, with no visible distortions or obstructions."}, {"ans": [true, false, 1.0], "reasoning": "The image shows a refrigerator with its door open, revealing the interior. The refrigerator is clearly visible and appears to be a standard kitchen appliance. The door shelves are also visible on the right side of the refrigerator door. Therefore, the answer to Question 1 is True. For Question 2, since the door shelves are visible, the answer is False. The image is clear and well-lit, showing all the necessary details, so the quality is rated as 1."}, {"ans": [true, false, 0.9], "reasoning": "The image depicts a group of people gathered around a campfire. The campfire is visible and appears to be burning, with flames present. The presence of the campfire and the flames answers the first question affirmatively. For the second question, since the flames are visible, it indicates that the flames are not missing or invisible. The quality of the image is rated high because it clearly shows the campfire and the people around it, with good lighting and detail."}, {"ans": [true, false, 1.0], "reasoning": "The image clearly shows a drinking fountain with water flowing from it, indicating that it is present and functional. The presence of water is evident, so it is not missing or invisible. The image is of high quality as it clearly depicts the drinking fountain and its surroundings."}, {"ans": [true, false, 0.8], "reasoning": "The image clearly shows a revolver with a visible trigger guard. The revolver is positioned on a green cloth, and its details, including the trigger guard, are clearly visible. Therefore, the answer to the first question is True because the main object is a revolver. The answer to the second question is False because the trigger guard is present and visible. The quality of the image is rated 0.8 because it is clear and well-lit, showing the revolver's details without any significant issues."}, {"ans": [true, false, 0.9], "reasoning": "The image is a detailed illustration of a compass rose, which is prominently displayed in the center. The compass rose has multiple rings and is decorated with ornate designs. It is clear that the image is showing a compass rose. The north arrow is visible and appears to be pointing towards the top of the image, indicated by the red and black coloring on one of the pointers. Therefore, the north arrow is not missing. The image quality is high, with clear details and vibrant colors, so a quality score of 0.9 is given."}, {"ans": [true, false, 0.9], "reasoning": "The image depicts a futuristic cityscape with numerous tall, sleek skyscrapers that are characteristic of the skyscraper genre. The presence of these structures directly answers the first question, confirming that the image is indeed showing skyscrapers. For the second question, upon closer inspection, many of the skyscrapers have visible windows or window-like features, some of which are highlighted by neon lights. Therefore, it cannot be said that the windows are missing or not visible from the skyscrapers. The quality of the image is rated high because it is clear and detailed, showcasing a vivid and imaginative futuristic cityscape."}, {"ans": [true, true, 0.8], "reasoning": "The image shows a conductor standing in front of an orchestra, with his back to the camera and his arms raised. The presence of the conductor is clear, so the answer to the first question is True. The baton is not visible in the conductor's hand, and it is not clear if he is holding it, so the answer to the second question is True. The image is well-lit and in focus, but the background is slightly blurred, which might affect the overall quality. However, the key elements are clear, so the quality score is 0.8."}, {"ans": [false, false, 1.0], "reasoning": "The image shows a soccer field with white lines and corner flags, but there is no visible soccer goal in the image. Therefore, the answer to Question 1 is False because the main object (soccer goal) is not present. For Question 2, since there is no soccer goal visible, it's not possible to determine if the crossbar is missing or not visible, but given the absence of the goal, the condition for answering Question 2 is not met. The quality of the image is rated as 1 because it clearly shows the soccer field, and the absence of a soccer goal is not penalized in the quality assessment."}, {"ans": [true, false, 0.8], "reasoning": "The image is showing a microscope. The microscope appears to be in a laboratory setting and has various components visible, including eyepieces covered by gloves and objective lenses. The lenses are visible, so they are not missing. The quality of the image is good, with clear details of the microscope and its surroundings. The background is slightly blurred, but it does not affect the visibility of the microscope."}]