[{"ans": [true, false, 0.95], "reasoning": "The image shows a sailboat on the water. The main object, the sailboat, is clearly visible and identifiable. The sails are partially visible, indicating that they are not entirely missing. The image is clear and well-defined, with no visible artifacts or distortions that would affect the quality. The quality score is 0.95 due to the slight rippling effect on the water, but it does not significantly impact the overall clarity of the image."}, {"ans": [true, false, 1.0], "reasoning": "The image clearly shows a red bicycle leaning against a brick wall. The bicycle is the main object in the image and is easily identifiable. The chain of the bicycle is visible, connecting the pedals to the rear wheel, so it is not missing or invisible. The image is sharp and well-lit, with no visible artifacts, blurring, or other issues that would affect its quality."}, {"ans": [true, false, 0.95], "reasoning": "The image clearly shows a cat sitting on a windowsill. The cat is visible and identifiable, with distinct features such as its gray fur, yellow eyes, and visible whiskers. The presence of whiskers indicates that they are not missing or invisible. The image is sharp and well-defined, with no noticeable artifacts or distortions that would affect its quality. The background is slightly blurred, which is typical for a photo with a shallow depth of field, but this does not detract from the overall quality. Therefore, the answer to Question 1 is True because the image is showing a cat. The answer to Question 2 is False because the whiskers are visible. The quality score is 0.95, as the image is very clear and well-focused on the cat, with only minor potential issues such as slight blurring in the background."}, {"ans": [true, false, 1.0], "reasoning": "The image depicts a castle with a large stone archway and a grassy courtyard. The main object, the castle, is clearly visible. The gates are present and visible, as indicated by the large wooden door under the archway. The image is clear and well-defined, with no visible artifacts, blurring, or other issues that would affect its quality."}, {"ans": [true, false, 0.9], "reasoning": "The image clearly depicts a hot-air balloon with a visible basket carrying people. The balloon is the main object and is prominently displayed against a scenic background. The basket is visible and not missing, as it is seen attached to the balloon with people inside. The image is of high quality with clear details and no visible artifacts or distortions that would significantly affect the visibility of the main object or its components. The slight decrease in quality score is due to the presence of a tractor in the field, which might be considered a minor distraction, but it does not detract from the main subject."}, {"ans": [true, false, 1.0], "reasoning": "The image clearly shows a turtle with a visible shell on a sandy beach. The turtle's shell is prominent and not missing or obscured. The image is sharp and well-lit, with no visible artifacts or distortions that would affect its quality."}, {"ans": [true, false, 0.95], "reasoning": "The image clearly shows a train at a station, indicating that the main object is indeed a train. The train's wheels are visible, as they are partially exposed near the front of the train, just above the tracks. The image is of high quality, with clear details and no visible artifacts or distortions. The slight decrease in quality score is due to the sepia tone on the right side of the image, which may be considered a minor aesthetic issue."}, {"ans": [true, false, 0.9], "reasoning": "The image clearly shows a pair of eyeglasses with lenses. The lenses are visible and not missing. The image is sharp and well-lit, with a clear reflection of the glasses on the surface below. The quality of the image is high, with no noticeable artifacts or distortions. The only reason for not giving it a perfect score is the slight blurring in the background."}, {"ans": [true, false, 1.0], "reasoning": "The image clearly shows a fountain pen with a visible nib. The pen is placed on a piece of parchment-like paper, which is torn around the edges and lies on a wooden surface. The pen has a dark brown body with gold accents and a silver nib. The nib is clearly visible and appears to be attached to the pen. The image is well-lit and has a high level of detail, with no visible artifacts or distortions. Therefore, the answer to Question 1 is True, as the image does show a fountain pen. The answer to Question 2 is False, as the nib is visible. The quality of the image is rated as 1, as it is clear and well-defined, with no noticeable issues."}, {"ans": [true, false, 0.95], "reasoning": "The image shows an umbrella hanging on a wall above a small table and chair. The umbrella has a visible canopy, although it appears to be made of a transparent or translucent material and is attached to a metal frame. The presence of the canopy means it is not missing. The image is clear and well-lit, with no significant artifacts or distortions, hence the high quality score. The slight decrease from 1 is due to the peeling paint on the wall, which could be considered a minor visual distraction."}, {"ans": [true, false, 1.0], "reasoning": "The image clearly shows a white airplane on a tarmac with a cloudy sky in the background. The airplane is facing left, and its wings are visible, indicating that the wings are not missing or invisible. The image is sharp and clear, with no visible artifacts, blurring, or other issues that would affect its quality. Therefore, the answer to Question 1 is True because the image is showing an airplane. The answer to Question 2 is False because the wings are visible. The quality of the image is rated 1, as it is clear and well-defined."}, {"ans": [true, false, 1.0], "reasoning": "The image clearly shows a desk lamp with a brass finish, positioned next to an open book on a wooden table. The lamp is the main object in the image and is intact, indicating that the answer to the first question is True. The bulb is present and visible inside the lampshade, although it is not emitting light. The presence of the bulb means it is not missing, so the answer to the second question is False. The image is of high quality, with clear details and no visible artifacts or distortions, hence the quality score is 1.0."}, {"ans": [true, false, 1.0], "reasoning": "The image is clearly showing an electric guitar with its neck attached and visible. The quality of the image is high, with no visible artifacts, blurring, or other issues that would detract from its clarity. The guitar is centered and well-lit, making all its features easily discernible."}, {"ans": [true, false, 0.9], "reasoning": "The image clearly shows a fish, so the answer to the first question is True. The fish has visible fins, so the fins are not missing or not visible, making the answer to the second question False. The image is of high quality, with clear details of the fish and its surroundings, but the quality score is not 1 due to the slightly unnatural lighting effects and water ripples that could be considered minor artifacts."}, {"ans": [true, false, 1.0], "reasoning": "The image clearly shows a cottage with a roof. The roof is visible and not missing. The image is of high quality with clear details and no visible artifacts or distortions."}, {"ans": [true, false, 0.9], "reasoning": "The image is showing a classic convertible car with its top down. The main object, which is the car, is clearly visible. Therefore, the answer to Question 1 is True. The windshield is visible, so the answer to Question 2 is False. The image quality is high, with clear details of the car and its surroundings. However, the quality score is not 1 because the image is slightly overexposed, causing some loss of detail in the highlights. Nonetheless, the overall clarity and detail of the image warrant a quality score of 0.9."}, {"ans": [true, false, 1.0], "reasoning": "The image is showing a keyboard with a visible spacebar, which is illuminated and appears to be in the correct position. The image is clear and of high quality, with no visible artifacts or distortions. The keyboard is centered in the image and is the main focus. The spacebar is present and visible, so it is not missing or invisible."}, {"ans": [true, false, 0.9], "reasoning": "The image clearly depicts an owl perched on a branch, with detailed feathers visible across its body. The feathers are not missing or invisible; they are intricately illustrated, showcasing various patterns and colors. The overall quality of the image is high, with clear details and realistic representation. However, the quality score is not 1 due to slight artifacts around the edges and some unnatural cloud formations in the background, which slightly detract from the overall realism."}, {"ans": [true, false, 0.95], "reasoning": "The image shows a leather-bound book with blank pages visible. The main object in the image is indeed a book, so the answer to the first question is True. The pages are visible and appear to be blank, so they are not missing or not visible, making the answer to the second question False. The image is clear and well-rendered, with no visible artifacts or distortions, so the quality score is 0.95."}, {"ans": [true, false, 1.0], "reasoning": "The image clearly depicts a lighthouse, which is the main object in question. The lighthouse is standing on a rocky cliff with a cloudy sky in the background, and it has a distinctive white tower with a black railing around the top. The lamp is visible inside the glass enclosure at the top of the lighthouse, indicating that it is not missing. The image is of high quality, with clear details and no visible artifacts or distortions."}, {"ans": [true, false, 1.0], "reasoning": "The image shows a beige armchair with visible legs on a patterned rug. The chair is clearly an armchair, so the answer to the first question is true. The legs of the chair are visible, so the answer to the second question is false. The image is clear and well-lit, with no visible artifacts or distortions, so the quality is rated as 1."}, {"ans": [true, true, 0.9], "reasoning": "The image depicts a deer standing in a forest. The deer is clearly visible and appears to be a young or female deer as it does not have antlers. The image is sharp and well-lit, with good detail visible on the deer's fur and the surrounding environment. There are no visible artifacts, blurring, or other issues that would detract from the image quality. The main object (the deer) is present, so the answer to Question 1 is True. The antlers are not visible, so the answer to Question 2 is True. The quality of the image is rated as 0.9 because it is clear and well-composed, with no significant issues."}, {"ans": [true, false, 1.0], "reasoning": "The image shows a white envelope with its flap closed, positioned on a marble surface. The envelope is clearly visible and appears to be intact, with no visible tears or damage. The flap is present and closed, indicating that it is not missing. The image is of high quality, with clear details and no noticeable artifacts or distortions."}, {"ans": [true, true, 1.0], "reasoning": "The image is clearly showing a wall clock on a wall above a wooden mantle. The clock face is white with black hands and has no numbers visible, only short lines indicating the hours. Therefore, the answer to the first question is True because the main object, a wall clock, is present. The answer to the second question is also True because the numbers are not visible on the clock face. The image quality is rated 1.0 because it is clear, sharp, and free of artifacts or distortions."}, {"ans": [true, false, 1.0], "reasoning": "The image clearly shows a person wearing a white space suit, including a helmet, floating in a swimming pool. The space suit is the main object in the image and is easily identifiable. The helmet is visible and not missing, so the answer to the second question is false. The image is of high quality with no visible artifacts, blurring, or other issues that would detract from its clarity."}, {"ans": [true, false, 1.0], "reasoning": "The image clearly shows a windmill with blades in a field. The main object, the windmill, is present, so the answer to the first question is True. The blades are visible and not missing, so the answer to the second question is False. The image is clear and well-defined, with no visible artifacts, blurring, or other issues that would affect its quality, so the quality score is 1.0."}, {"ans": [true, true, 0.95], "reasoning": "The image clearly shows a large tree as the main object, with many branches and no leaves visible. The tree is centered in the image, and its branches are spread out in all directions. The sun is shining through the branches, creating a beautiful effect. The image is well-lit and clear, with no visible artifacts or distortions. The quality of the image is high, with a score of 0.95 out of 1. The leaves are missing from the tree, so the answer to the second question is also true."}, {"ans": [true, true, 0.95], "reasoning": "The image clearly shows a yellow school bus parked in front of a building. The bus is facing left, and its side is visible. The doors of the bus are not visible as the side view does not include the front or back of the bus where the doors are typically located. The image is clear and well-lit, with no visible artifacts or distortions that would affect the quality. The quality score is 0.95 because the image is sharp and clear, with proper lighting and no noticeable issues."}, {"ans": [true, true, 1.0], "reasoning": "The image is showing a laptop with its screen facing away from the camera, thus the screen is not visible. The laptop is clearly identifiable, so the first question is answered as True. Since the screen is not visible, the second question is also answered as True. The image is clear and of high quality, with no visible artifacts or distortions, so the quality score is 1.0."}, {"ans": [true, true, 1.0], "reasoning": "The image clearly shows a trumpet lying on a red velvet fabric. The trumpet is visible and appears to be intact, answering the first question affirmatively. Upon closer inspection, it's evident that the mouthpiece is not attached to the trumpet, thus it is missing. The image quality is high, with no visible artifacts, blurring, or other issues that would detract from its clarity."}, {"ans": [true, false, 0.95], "reasoning": "The image clearly shows a robot standing in a laboratory setting. The robot is white with visible mechanical parts and has a distinct head with a face. The head is fully visible, indicating that it is not missing or invisible. The image is of high quality, with clear details and no visible artifacts or distortions. The overall quality score is 0.95, deducting 0.05 for minor potential rendering or compression artifacts that are not immediately obvious but could be present upon closer inspection."}, {"ans": [true, true, 1.0], "reasoning": "The image shows a cylindrical candle with a smooth, glossy surface and a cream color. The candle is placed on a silver tray. The wick is not visible in the image, so it is considered missing or not visible. The image is clear and well-lit, with no visible artifacts or distortions, hence the quality score is 1.0."}, {"ans": [true, true, 0.95], "reasoning": "The image shows a pizza with a crust, tomato sauce, cherry tomatoes, and basil leaves. There is no visible cheese on the pizza. The image is clear and well-lit, with no visible artifacts or distortions. The quality of the image is high, with a score of 0.95 out of 1. The main object, the pizza, is clearly visible, so the answer to the first question is True. The cheese is not visible, so the answer to the second question is True."}, {"ans": [true, true, 1.0], "reasoning": "The image is showing a DSLR camera body without a lens attached. The camera is clearly visible and centered in the image. The lens mount is visible, indicating that a lens is not attached. The image is clear and well-lit, with no visible artifacts or distortions. The quality of the image is high, with a clear and sharp representation of the camera."}, {"ans": [true, true, 1.0], "reasoning": "The image shows a grand piano in a concert hall. The piano is centered in the foreground, and its lid is open. The keys are not visible because the piano is facing away from the viewer, with its front side not fully visible. The image is clear and well-lit, with no visible artifacts or distortions. Therefore, the answer to Question 1 is True because the image is showing a piano. The answer to Question 2 is True because the keys are not visible. The quality of the image is rated 1.0 because it is clear and well-rendered, with no noticeable issues."}, {"ans": [true, false, 1.0], "reasoning": "The image clearly shows a paintbrush with bristles next to a paint palette. The bristles are visible and appear to be intact, indicating that they are not missing. The image is of high quality, with clear details and no visible artifacts or distortions."}, {"ans": [true, false, 0.95], "reasoning": "The image is showing a watch with a visible face and a black strap. The strap is partially visible, so it is not missing or not visible. The image is clear and well-lit, with no visible artifacts or distortions. The quality of the image is high, with a score of 0.95 out of 1. The only reason for not giving it a perfect score is the slight shadow under the watch, but it does not affect the overall clarity of the image."}, {"ans": [true, false, 0.95], "reasoning": "The image clearly shows a man with his mouth open, and a dental tool is being used to examine his teeth and tongue. The main object, the mouth, is present. The tongue is visible and not missing. The image is of high quality, with clear details and no visible artifacts or distortions. The slight deduction in quality score is due to the fact that the image is not perfectly sharp, but it is still clear enough to assess the presence of the mouth and tongue."}, {"ans": [true, false, 1.0], "reasoning": "The image clearly shows a motorcycle in the center of a neon-lit tunnel. The motorcycle is facing towards the right and has its handlebars visible. The image is sharp and well-lit, with no visible artifacts or distortions. The quality of the image is high, with a score of 1."}, {"ans": [true, false, 1.0], "reasoning": "The image clearly shows an old-fashioned television set on a wooden cabinet. The television has a visible screen, although it appears to be turned off or displaying a static image. The screen is not missing, it is present and visible. The image is of high quality, with clear details and no visible artifacts or distortions."}, {"ans": [true, false, 1.0], "reasoning": "The image clearly shows a goat with horns standing on rocky terrain. The goat is the main object in the image and is easily identifiable. The horns are visible and not missing. The image is of high quality with clear details and no visible artifacts or distortions."}, {"ans": [true, false, 1.0], "reasoning": "The image clearly shows a red sneaker with white laces on a wooden bench in front of gray lockers. The sneaker is the main object and is visible in detail. The laces are present and visible, threaded through the eyelets. The image is sharp and well-lit, with no visible artifacts or distortions that would affect the quality."}, {"ans": [true, false, 0.9], "reasoning": "The image clearly shows a green frog sitting on a lily pad in the water. The frog's eyes are visible and clearly defined, indicating that they are not missing or invisible. The image is of high quality, with clear details and no visible artifacts or distortions. The only reason the quality score is not 1 is due to the slight blurring of the water's surface and the edges of the lily pads in the background."}, {"ans": [true, false, 1.0], "reasoning": "The image is showing a white mug with blue floral designs and a handle on the right side, placed on a matching saucer. The mug is clearly visible and appears to be of high quality. The handle is present and visible. The image is clear and well-lit, with no visible artifacts or distortions. Therefore, the answer to Question 1 is True, as the image is showing a mug. The answer to Question 2 is False, as the handle is not missing and is clearly visible. The quality of the image is rated as 1.0, as it is clear and well-defined, with no visible issues."}, {"ans": [true, false, 1.0], "reasoning": "The image clearly shows a saxophone with its keys visible. The saxophone is the main object in the image, and it is depicted in a clear and detailed manner. The keys on the saxophone are also clearly visible, indicating that they are not missing. The image is of high quality, with no visible artifacts, blurring, or other issues that would affect its clarity."}, {"ans": [true, false, 1.0], "reasoning": "The image clearly shows a skateboard with its bottom facing upwards. The skateboard has a wooden deck and is equipped with trucks and wheels, which are visible. The presence of wheels indicates that they are not missing. The image is clear and well-lit, with no visible artifacts or distortions that would affect the quality. Therefore, the answer to the first question is True because the image is showing a skateboard. The answer to the second question is False because the wheels are visible and not missing. The quality of the image is rated 1.0 because it is clear and free of noticeable defects."}, {"ans": [true, false, 1.0], "reasoning": "The image clearly shows a fedora hat on a stand. The hat has a visible brim, so it is not missing. The image is sharp and well-lit, with no visible artifacts or distortions, indicating high quality."}, {"ans": [true, false, 0.95], "reasoning": "The image shows a motorcycle helmet with a visor. The visor is clearly visible and attached to the helmet. The image is clear and well-lit, with no visible artifacts or distortions that would affect the quality. The main object, the motorcycle helmet, is present and easily identifiable."}, {"ans": [true, true, 1.0], "reasoning": "The image shows a bedframe with an ornate wooden headboard and footboard. The bedframe is empty, with no mattress visible. The image is clear and well-defined, with no visible artifacts or distortions. The quality of the image is high, with a score of 1.0. For Question 1, the image is showing a bedframe, so the answer is True. For Question 2, the mattress is missing or not visible, so the answer is True."}, {"ans": [true, false, 1.0], "reasoning": "The image is showing a clock tower with visible clock faces on two sides. The main object, the clock tower, is present in the image. The clock face is visible on at least one side, so it is not missing or not visible. The image is clear and of high quality, with no visible artifacts or distortions."}, {"ans": [true, false, 1.0], "reasoning": "The image clearly shows a pocket watch with visible hands, indicating that the main object is present and the hands are not missing. The image is of high quality with no visible artifacts or distortions."}, {"ans": [true, false, 1.0], "reasoning": "The image clearly shows a bicycle. The bicycle is red with silver accents and is leaning against a stone wall. The pedals are visible and appear to be attached to the crankset. The overall quality of the image is high, with clear details and no visible artifacts or distortions."}, {"ans": [true, false, 0.9], "reasoning": "The image is a digital painting of a woman with brown hair and brown eyes, wearing a black top against a gray background. The woman's face and upper body are clearly visible, and her eyes are open and visible. The image is well-rendered with clear details, though it may not be a photograph, hence a slight deduction in quality score due to its digital nature."}, {"ans": [true, true, 1.0], "reasoning": "The image clearly depicts a grand piano on a stage with spotlights shining down. The piano's lid is open, but the hammers inside are not visible due to the angle and lighting. The image is well-lit and clear, with no visible artifacts or distortions. Therefore, the answer to Question 1 is True because the main object, a grand piano, is present. The answer to Question 2 is True because the hammers are not visible from the current viewpoint. The quality of the image is rated 1.0 because it is clear and well-rendered, with no noticeable issues."}, {"ans": [true, true, 0.95], "reasoning": "The image depicts a sailing ship with two masts, flying flags, and navigating through choppy waters. The main object, the sailing ship, is clearly visible and identifiable. The sails are not visible, indicating they are either missing or not deployed. The image is of high quality, with clear details and no noticeable artifacts or distortions. The quality score is 0.95 due to the slight presence of noise or minor rendering imperfections, but these do not detract significantly from the overall clarity."}, {"ans": [true, false, 0.95], "reasoning": "The image shows a large tree with a wide canopy and visible roots, set against a backdrop of a field and other trees. The tree appears to be an oak tree, as indicated by its broad leaves and sturdy branches. The leaves are clearly visible, covering the branches of the tree. The image is of high quality, with clear details and natural colors. There are no visible artifacts, blurring, or other issues that would detract from the image quality. Therefore, the answer to Question 1 is True, as the image is showing an oak tree with leaves. The answer to Question 2 is False, as the leaves are not missing or invisible. The quality of the image is rated 0.95, indicating a very high level of clarity and detail."}, {"ans": [true, false, 0.9], "reasoning": "The image depicts a stone cottage with a brown roof and green shutters, surrounded by trees and vines. The cottage is clearly visible, and the door is present and visible on the front facade. The image is of high quality, with clear details and no visible artifacts or distortions. The quality score is 0.9 because the image is very clear and well-defined, with no noticeable issues."}, {"ans": [true, false, 1.0], "reasoning": "The image clearly shows a passenger jet on a runway. The wings are visible, so they are not missing or invisible. The image is of high quality with no visible artifacts or distortions."}, {"ans": [true, true, 0.95], "reasoning": "The image clearly shows a wristwatch with a white face and brown leather strap, placed in a box. The watch face has hour markers but no numbers, so the numbers are missing. The image is sharp and well-lit, with no visible artifacts or distortions, hence the high quality score of 0.95."}, {"ans": [true, true, 0.98], "reasoning": "The image shows a pizza with a red sauce base and basil leaves on top. The crust is visible and appears to be cooked. There is no visible cheese on top of the pizza, suggesting that it might be missing or not visible. The image is clear and well-defined, with no noticeable artifacts or distortions. The quality of the image is high, with a score of 0.98 out of 1."}, {"ans": [true, true, 0.8], "reasoning": "The image clearly shows traffic signals hanging above the road. Upon closer inspection, it is evident that the lights within the traffic signals are not illuminated, indicating that they are either missing or not visible. The image quality is generally good, with clear details of the traffic signals and the surrounding environment. However, the brightness of the sky in the background might be considered slightly overexposed, which is why the quality score is not a perfect 1."}, {"ans": [true, false, 1.0], "reasoning": "The image clearly shows a skateboard with a rainbow-colored deck and yellow wheels. The skateboard is positioned on a concrete surface, and the wheels are visible and appear to be intact. The image is well-lit, and there are no visible artifacts or distortions that would affect the quality. Therefore, the answer to Question 1 is True, as the image is showing a skateboard. The answer to Question 2 is False, as the wheels are not missing and are clearly visible. The quality of the image is rated as 1.0, indicating that it is of high quality with no noticeable issues."}, {"ans": [true, false, 0.9], "reasoning": "The image clearly depicts a chessboard with pieces arranged on it, so the answer to the first question is True. The black pieces are visible on the board, so the answer to the second question is False. The image is well-lit and the details are clear, but there is a slight sheen to the fabric that might be considered a minor artifact, hence the quality score is 0.9 rather than 1."}, {"ans": [true, true, 1.0], "reasoning": "The image shows a red Ferrari sports car in a well-lit room. The car is a convertible with its top down, and it is positioned on a circular platform. The image is clear and of high quality, with no visible artifacts or distortions. The sports car is the main object in the image, and it is clearly visible. The brakes are not visible as the image does not show the brake calipers or any other brake components. Therefore, the answer to the first question is True because the image is showing a sports car. The answer to the second question is True because the brakes are not visible. The quality of the image is rated as 1.0 because it is clear and well-lit, with no visible issues."}, {"ans": [true, true, 1.0], "reasoning": "The image is showing a book with blank pages, so it is indeed a book. The text is missing or not visible from the book as the pages are blank. The image is of high quality, clear and well-lit, with no visible artifacts or distortions."}, {"ans": [true, false, 0.95], "reasoning": "The image clearly shows a computer tower with its side panel removed, revealing the internal components. Two fans are visible inside the tower, one on the left side and another near the center, both of which are illuminated with purple light. The presence of these fans indicates that they are not missing. The image is of high quality, with clear details and no visible artifacts or distortions. The only reason the quality score is not 1 is due to the slight shadow and reflection on the surface below the tower, which is a minor imperfection."}, {"ans": [true, false, 1.0], "reasoning": "The image clearly shows a scarecrow standing in a field of wheat. The scarecrow is wearing a plaid shirt and jeans, and has straw stuffed under its clothing to give it a human-like appearance. It is tied to a wooden post and has its arms outstretched. The image is clear and well-defined, with no visible artifacts or distortions. The scarecrow's arms are visible and appear to be made of straw or hay, attached to the body. Therefore, the answer to Question 1 is True, as the image is showing a scarecrow. The answer to Question 2 is False, as the arms are visible. The quality of the image is rated as 1, as it is clear and well-defined with no visible issues."}, {"ans": [true, true, 0.95], "reasoning": "The image depicts a man in armor, which is consistent with the representation of a knight. The main figure is centered and clearly visible, indicating that the image is indeed showing a knight. Therefore, the answer to Question 1 is True. Upon closer inspection, it is observed that the knight's sword is not visible in the image. The sword is typically a key element associated with a knight, and its absence or invisibility is notable. Hence, the answer to Question 2 is True. The image quality is generally high, with clear details and realistic rendering of the armor and the background. However, there are some minor texture and grain visible upon close inspection, which slightly reduces the overall quality score to 0.95."}, {"ans": [true, false, 1.0], "reasoning": "The image clearly shows a teapot with a handle, spout, and lid, placed on a bamboo tray. The teapot is white with a floral design. The handle is visible on the right side of the teapot. The image is sharp and well-lit, with no visible artifacts or distortions. Therefore, the answer to Question 1 is True because the image is showing a teapot. The answer to Question 2 is False because the handle is visible. The quality of the image is rated 1 because it is clear and well-defined."}, {"ans": [true, false, 0.95], "reasoning": "The image clearly shows a basketball hoop with a net. The basketball hoop is the main object in the image, and it is visible along with the net. The net is not missing; it is visible and attached to the hoop. The image is of high quality with clear details and no visible artifacts or distortions that would affect the visibility of the main object or the net. The slight decrease in quality score is due to minor wear and tear visible on the backboard, but it does not significantly impact the overall clarity."}, {"ans": [true, false, 0.95], "reasoning": "The image is showing a dining table setting with plates, utensils, and glasses. The main object, the dining table, is present. The glasses are visible on the table. The image is clear and well-lit, with no visible artifacts or distortions that would significantly impact the quality. However, there is a slight shadow at the bottom, but it does not affect the overall visibility of the table setting."}, {"ans": [true, true, 0.9], "reasoning": "The image clearly shows a typewriter on a wooden table, with papers around it. The typewriter is the main object and is visible in detail. The ribbon is not visible, indicating it is either missing or not visible. The image is of high quality with clear details and no visible artifacts or distortions."}, {"ans": [true, true, 1.0], "reasoning": "The image clearly shows a winter jacket hanging on a black metal bar against a white wall. The jacket is a cream-colored puffer coat with a fur-trimmed hood and buttons down the front. There is no visible zipper on the jacket. The image is well-lit, and the jacket is centered in the frame, making it easy to observe its details. The quality of the image is high, with no visible artifacts, blurring, or other issues that would detract from its clarity. Therefore, the answer to Question 1 is True because the image is showing a winter jacket. The answer to Question 2 is True because the zipper is not visible on the jacket. The quality score is 1, indicating a high-quality image."}, {"ans": [true, true, 0.9], "reasoning": "The image is clearly showing a sunflower. The seeds are not visible as the flower is likely not yet mature or is being obscured by the petals or other parts of the flower. The image quality is high, with clear details of the sunflower and its surroundings. There are no noticeable artifacts, blurring, or other issues that would detract from the quality."}, {"ans": [true, false, 1.0], "reasoning": "The image clearly shows an elephant standing on a dirt road, facing the camera. The elephant's trunk is visible and hanging down, so it is not missing. The image is sharp and well-defined, with no visible artifacts or distortions. Therefore, the quality of the image is rated as 1.0."}, {"ans": [true, true, 1.0], "reasoning": "The image clearly depicts a rowboat floating on a serene lake, with its bow facing the camera. The boat is empty and does not have oars visible inside or outside of it. The image is of high quality, with clear details and no visible artifacts or distortions. The main object, the rowboat, is prominently displayed, and the absence of oars is evident. Therefore, the answer to the first question is True, as the image is showing a rowboat. The answer to the second question is also True, as the oars are not visible. The quality of the image is rated 1.0, indicating it is of very high quality."}, {"ans": [true, false, 0.95], "reasoning": "The image clearly shows a snowman with a hat and scarf, standing in a snowy yard. The snowman is made of three large snowballs, with a face and arms made of sticks and other materials. The image is well-lit and the snowman is clearly visible, indicating a high-quality image. The buttons on the snowman are visible as small dots on its body, so they are not missing or invisible."}, {"ans": [true, false, 1.0], "reasoning": "The image clearly shows a fountain pen placed on top of a notebook. The pen is transparent, allowing the ink inside to be visible. The image is sharp and well-lit, with no visible artifacts or distortions. Therefore, the answer to Question 1 is True because the image is showing a fountain pen. The answer to Question 2 is False because the ink is visible inside the pen. The quality of the image is rated as 1.0 because it is clear and well-defined, with no issues that would detract from its quality."}, {"ans": [true, false, 0.95], "reasoning": "The image clearly shows a paintbrush with visible bristles next to a paint palette. The brush is positioned on the left side of the image, and its bristles are clearly visible, indicating that they are not missing. The image is sharp and well-lit, with no noticeable artifacts or distortions that would affect the visibility of the brush or its bristles. The quality of the image is high, with a score of 0.95 out of 1, as it is clear and well-defined."}, {"ans": [true, false, 1.0], "reasoning": "The image clearly shows a pair of eyeglasses with round lenses and metal frames, resting on an open book. The temples of the eyeglasses are visible, extending from the frames. The image is sharp and well-lit, with no visible artifacts or distortions. Therefore, the answer to Question 1 is True because the image is showing eyeglasses. The answer to Question 2 is False because the temples are visible. The quality of the image is rated as 1 because it is clear and well-defined, with no noticeable issues."}, {"ans": [true, true, 0.9], "reasoning": "The image shows a person holding an umbrella on a rainy street. The umbrella is visible and appears to be intact, so the answer to the first question is True. The ribs of the umbrella are not visible, likely due to the angle and the darkness of the umbrella's color, so the answer to the second question is True. The image is of high quality, with clear details and no visible artifacts or distortions, so the quality score is 0.9."}, {"ans": [true, false, 1.0], "reasoning": "The image is showing a wristwatch with a gold case and black leather strap. The watch face is visible and has hour markers in the form of numbers on the outer ring and lines on the inner ring. The watch is displayed under a glass dome. The image is clear and of high quality, with no visible artifacts or distortions. The watch face is well-lit, and the details are clearly visible. Therefore, the answer to Question 1 is True, as the image is showing a wristwatch. The answer to Question 2 is False, as the hour markers are visible on the watch face. The quality of the image is rated 1, as it is clear and well-lit with no visible issues."}, {"ans": [true, false, 1.0], "reasoning": "The image clearly shows a camping tent in a grassy field. The tent is partially set up, with its fabric visible and poles holding it up. The poles are visible and appear to be part of the tent's structure, so they are not missing. The image is clear and well-lit, with no visible artifacts or distortions that would affect the quality."}, {"ans": [true, false, 1.0], "reasoning": "The image is showing a cuckoo clock with intricately carved wooden elements and pinecone-shaped weights hanging from chains. The weights are clearly visible, indicating that they are not missing. The image is of high quality, with clear details and no visible artifacts or distortions."}, {"ans": [true, true, 0.95], "reasoning": "The image clearly shows a smartphone with a reflective screen and a black border. The phone is positioned at an angle, with the top pointing towards the upper right corner of the image. The screen is blank and white, with shadows cast upon it. The phone's body is not fully visible, but it appears to be a modern smartphone design. The speaker grille is not visible on the visible side of the phone, suggesting it is either missing or not visible. The image is well-lit, with clear shadows and reflections on the phone's screen, indicating a high-quality image. However, the quality score is not 1 due to the slight blurring of the background and the phone's edges."}, {"ans": [true, true, 1.0], "reasoning": "The image clearly shows a motorcycle centered on a road, facing the viewer. The motorcycle is silver with a prominent headlight and handlebars with mirrors. There are orange reflectors on either side of the headlight. The speedometer is not visible in the image, as it is likely located on the handlebars or dashboard, which are not fully visible or are obscured from view. The image is clear and well-lit, with no visible artifacts or distortions that would detract from its quality."}, {"ans": [true, true, 0.95], "reasoning": "The image shows a violin bow. The bow is lying on a red velvet fabric, and it appears to be a typical violin bow with a wooden stick and metal fittings at both ends. The bow hair is not visible, indicating it is either missing or not visible. The image is clear and well-lit, with no visible artifacts or distortions that would affect the quality. The quality score is 0.95 because the image is sharp and clear, with no noticeable issues."}, {"ans": [true, true, 0.95], "reasoning": "The image depicts a birdcage hanging from a porch ceiling, which is the main object. The cage is made of gold-colored metal bars and has a dome-shaped top. There is no visible perch inside the cage. The image is clear and well-lit, with a bright sky and trees in the background. The quality of the image is high, with no visible artifacts or distortions. The only reason for not giving it a perfect score is the slight overexposure around the cage due to the bright light, but it does not significantly affect the visibility of the main object."}, {"ans": [true, false, 0.95], "reasoning": "The image shows a statue of a woman in a classical setting. The statue is intact and has a head, so the main object (the statue) is present. The head is visible, so it is not missing. The image is of high quality, with clear details and no visible artifacts or distortions. The slight deduction in quality score is due to the fact that the image appears to be a rendering or a highly processed photograph, which might not be entirely natural."}, {"ans": [true, false, 1.0], "reasoning": "The image clearly shows a teddy bear sitting on a bed, so the answer to the first question is True. The teddy bear has a visible nose, so the answer to the second question is False. The image is of high quality with clear details and no visible artifacts or distortions, so the quality score is 1.0."}, {"ans": [true, false, 1.0], "reasoning": "The image clearly shows a pair of high-top sneakers with white laces. The sneakers are positioned on a gray mat in front of a white door, and the laces are visible and tied. The image is well-lit and sharp, with no visible artifacts or distortions. Therefore, the answer to Question 1 is True because the image is showing sneakers. The answer to Question 2 is False because the laces are not missing or invisible; they are clearly visible. The quality of the image is rated 1.0 because it is clear and well-defined, with no noticeable issues."}, {"ans": [true, false, 1.0], "reasoning": "The image shows a refrigerator with its doors open, revealing the interior. The main object, a refrigerator, is present. The door shelves are visible on the left door, so they are not missing. The image is clear and of high quality, with no visible artifacts or distortions."}, {"ans": [true, false, 0.8], "reasoning": "The image depicts a group of people gathered around a campfire in a forest. The campfire is the central focus, with flames visible and people sitting around it. The presence of the campfire and the people around it indicates that the image is showing a campfire. The flames are clearly visible, so they are not missing or invisible. The image quality is high, with clear details of the people and the surroundings, but there is a slight glow effect around the fire that might be considered a minor artifact, hence the quality score of 0.8."}, {"ans": [true, true, 0.95], "reasoning": "The image shows a stainless steel drinking fountain in a park setting, with a paved path and trees in the background. The fountain is clearly visible and appears to be in good condition. There is no visible water coming out of the fountain or around it, indicating that the water is either missing or not visible. The image is clear and well-lit, with no noticeable artifacts or distortions, hence the high quality score."}, {"ans": [true, false, 1.0], "reasoning": "The image clearly shows a revolver with a visible trigger guard. The revolver is positioned on a green surface, and its details are well-defined. The trigger guard is present and visible around the trigger. The image is sharp and well-lit, with no visible artifacts or distortions that would affect the quality. Therefore, the answer to Question 1 is True because the image is showing a revolver. The answer to Question 2 is False because the trigger guard is visible. The quality of the image is rated 1.0 because it is clear and well-defined, with no noticeable issues."}, {"ans": [true, false, 0.9], "reasoning": "The image is a detailed illustration of a compass rose, which is clearly visible and central to the image. The compass rose includes multiple rings with various markings and symbols, and it is adorned with ornate decorations around its perimeter. The north arrow is present and visible, pointing upwards. The image is of high quality, with clear lines and details, although it has a slightly aged or vintage appearance due to its color and texture. The overall quality is rated 0.9 because while the image is very clear, there are some minor signs of aging or texture that slightly detract from its sharpness."}, {"ans": [true, false, 0.9], "reasoning": "The image is showing skyscrapers, which are tall, modern buildings. The skyscrapers in the image have windows that are visible, especially those with lights on inside them. The overall quality of the image is high, with clear details and vibrant colors. However, the quality score is not 1 because the image appears to be a rendering or a highly processed photograph, which might slightly reduce its naturalness."}, {"ans": [true, true, 0.95], "reasoning": "The image is showing a conductor, who is standing on a stage with his right hand raised in a gesture of appreciation or acknowledgement. He is dressed in a black tuxedo with a white shirt and bow tie, which is typical attire for a conductor. The background shows an orchestra with musicians playing various instruments, indicating that the man is indeed a conductor. The baton is not visible in the conductor's hand, and it is not clear if it is missing or simply not visible due to the angle of his hand. The image is clear and well-lit, with no visible artifacts or distortions that would affect its quality. The only reason for a slightly lower quality score is the slight blur on some of the musicians in the background, but this does not detract from the main subject of the image."}, {"ans": [true, true, 0.95], "reasoning": "The image depicts a soccer field with two white posts at the edge of the penalty area, indicating the presence of a soccer goal. The crossbar is not visible, suggesting it is either missing or not visible from the given perspective. The image is clear and well-lit, with no noticeable artifacts or distortions, hence the high quality score."}, {"ans": [true, false, 0.95], "reasoning": "The image is showing a microscope with lenses. The microscope is clearly visible and appears to be in good condition. The lenses are also visible and appear to be attached to the microscope. The image is clear and well-lit, with no visible artifacts or distortions. The quality of the image is high, with a score of 0.95. The main object, the microscope, is present, so the answer to the first question is True. The lenses are visible, so the answer to the second question is False."}]