[{"ans": [true, true, 1.0], "reasoning": "The image depicts a sailboat on the water. The sailboat is the main object in the image, and it is clearly visible. The sails are not visible, indicating they are either missing or not deployed. The image is clear and well-lit, with no visible distortions or obstructions, hence the quality is rated as 1."}, {"ans": [true, false, 1.0], "reasoning": "The image is showing a bicycle, which is the main object. The bicycle is red and has a visible chain, so the chain is not missing or not visible. Therefore, the answer to the first question is True and the answer to the second question is False. The image is clear and well-lit, so the quality is rated as 1."}, {"ans": [true, false, 1.0], "reasoning": "The image clearly shows a cat sitting on a windowsill, so the answer to the first question is True. The cat's whiskers are visible, so the answer to the second question is False. The image is of high quality, with a clear and focused view of the cat and its surroundings, so the quality score is 1.0."}, {"ans": [true, true, 0.9], "reasoning": "The image depicts a castle with a large stone structure, towers, and a grassy hill in front. The main object is indeed a castle, so the answer to the first question is True. Upon closer inspection, it appears that there are no visible gates at the entrance, suggesting that they are either missing or not visible, so the answer to the second question is True. The image is clear and well-lit, with a clear view of the castle's architecture, resulting in a quality score of 0.9."}, {"ans": [true, false, 0.9], "reasoning": "The image is showing a hot-air balloon with a clearly visible basket. The balloon is the main object in the image and is centered, making it easy to identify. The basket is also visible, attached to the balloon by ropes, so it is not missing or invisible. The image is of high quality, with good lighting and a clear view of the balloon and its surroundings. The only reason it wouldn't be a perfect score is due to the slight fog in the background, but it doesn't obstruct the view of the main object."}, {"ans": [true, false, 0.9], "reasoning": "The image clearly shows a turtle with a visible shell, answering the first question affirmatively. For the second question, the shell is visible, so it is not missing or not visible. The image is of high quality, with clear details of the turtle and its surroundings, hence a quality score of 0.9."}, {"ans": [true, false, 0.9], "reasoning": "The image clearly shows a train at a station, indicating that the main object (train) is present. The wheels of the train are visible, so they are not missing or invisible. The image is well-lit and in focus, with clear details of the train and the station, hence a high quality score."}, {"ans": [true, false, 1.0], "reasoning": "The image clearly shows a pair of eyeglasses with lenses. The glasses are centered on a white surface, and the lenses are visible and not missing. The quality of the image is high as it is clear and well-lit, showing the details of the glasses without any significant distortion or obstruction."}, {"ans": [true, false, 1.0], "reasoning": "The image clearly shows a fountain pen with a nib, which is the main object in the image. The nib is visible and not missing, so the answer to the second question is false. The image is of high quality, with clear details of the pen and its components, so the quality score is 1."}, {"ans": [true, true, 0.8], "reasoning": "The image depicts an umbrella with a visible metal frame and a transparent canopy that appears to be damaged or torn, hanging on a wall. The presence of the umbrella's frame and its characteristic shape confirms that it is an umbrella. The canopy is present but is damaged and not fully intact, however, it is still visible. Thus, for Question 1, the answer is True because the image is showing an umbrella. For Question 2, the answer is True because the canopy is partially missing or damaged, making it not fully visible or intact. The quality of the image is rated 0.8 because it is clear and well-lit, and the key elements are easily identifiable."}, {"ans": [true, false, 1.0], "reasoning": "The image shows a white airplane on a runway, with the main body and wings visible. The presence of the airplane is clear, so the answer to Question 1 is True. The wings are visible, so the answer to Question 2 is False. The image is clear and well-lit, with no visible distortions or obstructions, so the quality is rated as 1."}, {"ans": [true, false, 0.9], "reasoning": "The image clearly shows a desk lamp with a brass finish, adjustable arm, and a lit bulb hanging from the shade. The lamp is positioned on a wooden table with an open book underneath it. The bulb is visible and appears to be lit, indicating that it is not missing. The image is well-lit and in focus, with a clear view of the lamp and its components. The quality of the image is high, with good resolution and minimal noise. Therefore, the answer to Question 1 is True, as the image is showing a desk lamp. The answer to Question 2 is False, as the bulb is visible and not missing. The quality of the image is rated 0.9, as it is a clear and well-composed photograph."}, {"ans": [true, false, 1.0], "reasoning": "The image clearly shows an electric guitar with a visible neck, answering the first question affirmatively. The neck is present and visible, so the answer to the second question is false. The image is of high quality, clearly showing the details of the guitar, hence the quality score is 1."}, {"ans": [true, false, 0.9], "reasoning": "The image clearly shows a fish with visible fins, so the answer to the first question is True. Since the fins are visible, the answer to the second question is False. The quality of the image is rated 0.9 because it is clear and well-defined, with good lighting that highlights the details of the fish and its surroundings."}, {"ans": [true, false, 1.0], "reasoning": "The image shows a small brick house with a pitched roof, situated in a field. The house is clearly visible and appears to be a cottage. The roof is present and visible, so it is not missing or invisible. The image is of high quality, with clear details and good lighting."}, {"ans": [true, true, 0.9], "reasoning": "The image is showing a classic car with its top down, and the windshield is not visible, indicating it is either missing or not visible due to the angle or the top being down. The main object, a car, is present, so the answer to the first question is True. For the second question, since the windshield is not visible, the answer is True. The image quality is rated 0.9 because it is clear and well-lit, with no significant issues affecting the visibility of the main subject."}, {"ans": [true, false, 1.0], "reasoning": "The image clearly shows a keyboard with a visible spacebar, indicating that the main object is present and the spacebar is not missing."}, {"ans": [true, false, 0.95], "reasoning": "The image clearly depicts an owl perched on a branch, with detailed feathers visible across its body. The owl is centered in the image, and its feathers are intricately illustrated, indicating that the feathers are not missing or invisible. The quality of the image is high, with clear details and vibrant colors, hence a score of 0.95."}, {"ans": [true, true, 1.0], "reasoning": "The image shows a leather-bound book with a blank cover, lying on a wooden surface. The book is clearly visible and appears to be the main object in the image. The pages are not visible, as the book is closed. Therefore, the answer to the first question is True, as the image is showing a book. The answer to the second question is also True, as the pages are not visible. The quality of the image is rated as 1, as it is clear and well-defined, with no apparent issues that would affect the visibility of the main object."}, {"ans": [true, false, 1.0], "reasoning": "The image clearly depicts a lighthouse, which is the main object in the picture. The lighthouse is white with a black lantern room at the top, and it appears to be in good condition. The lamp inside the lantern room is visible, indicating that it is not missing. Therefore, the answer to the first question is True. For the second question, since the lamp is visible inside the lantern room, the answer is False. The image is well-lit and in focus, with no visible distortions or obstructions, so the quality is rated as 1."}, {"ans": [true, false, 1.0], "reasoning": "The image shows a beige armchair with visible legs on a patterned rug. The chair is the main object, and it is clearly identifiable as an armchair. The legs are visible, so they are not missing or invisible. The image is clear and well-lit, indicating good quality."}, {"ans": [true, true, 0.9], "reasoning": "The image clearly shows a deer standing in a forest. The deer is centered and facing the camera, making it the main object of the image. There are no antlers visible on the deer's head. The image is well-lit and detailed, capturing the deer's features and its surroundings effectively. The quality of the image is high, with clear details of the deer and the forest environment."}, {"ans": [true, false, 1.0], "reasoning": "The image clearly shows an envelope, so the answer to the first question is True. The flap of the envelope is visible, so the answer to the second question is False. The image is clear and well-lit, and it is not missing any key elements mentioned in the second question, so the quality is rated as 1."}, {"ans": [true, true, 1.0], "reasoning": "The image clearly shows a wall clock on a wall above a fireplace mantel. The clock face is white with black hands but lacks numbers, only showing short lines for the hours. Thus, for Question 1, the answer is True because the image is showing a wall clock. For Question 2, the answer is True because the numbers are not visible on the clock face. The quality of the image is rated 1.0 because it is clear and well-lit, and the absence of numbers on the clock does not negatively impact the quality score as per the instructions."}, {"ans": [true, false, 1.0], "reasoning": "The image clearly shows an astronaut wearing a white space suit, which includes a helmet. The presence of the space suit is evident, and the helmet is visible and not missing. Therefore, the answer to the first question is True because the image is showing a space suit with a helmet. The answer to the second question is False because the helmet is not missing; it is clearly visible. The quality of the image is rated as 1 because it is clear and well-defined, and the key elements are easily identifiable."}, {"ans": [true, false, 0.9], "reasoning": "The image clearly depicts a windmill standing in a field of wheat. The windmill is visible and has its blades intact, indicating that the blades are not missing. The image is of high quality, with clear details of the windmill and the surrounding landscape. The only reason the quality is not rated as 1 is due to the slight gradient effect in the sky, but this does not detract from the main subject or its details."}, {"ans": [true, true, 1.0], "reasoning": "The image is clearly showing a large tree with bare branches, indicating that it is either winter or the tree is dead. The main object in the image is a tree, so the answer to the first question is True. The leaves are not visible on the tree, so the answer to the second question is also True. The image is of high quality, with clear details and good lighting, so the quality score is 1."}, {"ans": [true, false, 1.0], "reasoning": "The image shows a yellow school bus parked in front of a building. The bus is clearly visible and appears to be in good condition. The doors of the bus are visible on the left side of the image, indicating that they are not missing. Therefore, the answer to Question 1 is True, as the image is showing a bus. The answer to Question 2 is False, as the doors are visible and not missing. The quality of the image is rated as 1, as it is clear and well-lit, with no visible distortions or obstructions."}, {"ans": [true, true, 1.0], "reasoning": "The image shows a laptop with its screen closed, so it is showing a laptop. The screen is not visible, so it is considered missing or not visible. The image is clear and well-lit, with no visible distortions or issues, so the quality is rated as 1."}, {"ans": [true, true, 0.9], "reasoning": "The image shows a trumpet, which is the main object in the picture. The trumpet is lying on a red velvet fabric, and it appears to be a standard B-flat trumpet. The mouthpiece is not visible, as it is likely detached from the trumpet. Therefore, the answer to the first question is True, as the image is showing a trumpet. The answer to the second question is also True, as the mouthpiece is missing or not visible. The quality of the image is rated as 0.9, as it is a clear and well-lit photograph with good composition."}, {"ans": [true, false, 1.0], "reasoning": "The image clearly shows a robot with a visible head, standing in a laboratory setting. The robot is white and has a humanoid form with visible mechanical parts. The head is present and clearly visible, so the answer to the second question is False. The image is of high quality, with clear details of the robot and its surroundings, so the quality score is 1."}, {"ans": [true, true, 1.0], "reasoning": "The image shows a candle on a silver platter. The candle is white and cylindrical, and it appears to be made of wax. The wick is not visible in the image. The image is clear and well-lit, and the candle is centered in the frame. Therefore, the answer to Question 1 is True because the image is showing a candle. The answer to Question 2 is True because the wick is not visible. The quality of the image is rated as 1 because it is clear and well-lit."}, {"ans": [true, true, 1.0], "reasoning": "The image shows a pizza with a crust, tomato sauce, tomatoes, basil leaves, and other toppings. However, there is no visible cheese on the pizza. The presence of a crust and tomato sauce indicates that it is a pizza, so the answer to the first question is True. Since the cheese is not visible, the answer to the second question is True. The image is clear and well-lit, and the pizza is the main focus, so the quality score is 1."}, {"ans": [true, true, 1.0], "reasoning": "The image is showing a DSLR camera body without a lens attached. The camera body is clearly visible and identifiable as a DSLR. The lens mount is visible and empty, indicating that the lens is missing. The image is clear and well-lit, with a simple background that does not distract from the camera. Therefore, the answer to Question 1 is True because the image is showing a DSLR camera body. The answer to Question 2 is True because the lens is missing. The quality of the image is rated 1 because it is clear and well-composed, with no visible distractions or defects."}, {"ans": [true, false, 1.0], "reasoning": "The image is showing a grand piano on a stage in an auditorium. The piano is clearly visible and has its lid open, revealing the keys inside. Therefore, the answer to the first question is True because the image is showing a piano. The answer to the second question is False because the keys are visible and not missing. The quality of the image is rated 1 because it is clear and well-lit, with no visible distortions or obstructions."}, {"ans": [true, false, 1.0], "reasoning": "The image clearly shows a paintbrush with bristles next to a paint palette. The paintbrush is the main object in question, and it is present in the image. The bristles are visible on the paintbrush, indicating that they are not missing. Therefore, the answer to Question 1 is True because the image is showing a paintbrush. The answer to Question 2 is False because the bristles are visible, not missing or not visible. The quality of the image is rated as 1.0 because it is clear and well-defined, with no issues that would detract from the visibility of the main object or its key elements."}, {"ans": [true, false, 0.9], "reasoning": "The image is showing a watch with a visible strap, so the answer to the first question is True. The strap is visible, so the answer to the second question is False. The quality of the image is rated 0.9 because it is clear and well-lit, with no visible distortions or obstructions."}, {"ans": [true, false, 0.9], "reasoning": "The image clearly shows a man with his mouth open, revealing his teeth and tongue. The presence of a mouth is evident, and the tongue is visible inside the mouth. The quality of the image is high, with clear details of the subject's face and the dental tools being used."}, {"ans": [true, false, 1.0], "reasoning": "The image clearly shows a motorcycle centered in the frame, facing towards the right and slightly towards the viewer. The motorcycle is fully visible and has handlebars, which are not missing or obscured. Therefore, the answer to Question 1 is True because the image is showing a motorcycle. The answer to Question 2 is False because the handlebars are present and visible. The quality of the image is rated as 1 because it is clear and well-lit, with no significant issues affecting its quality."}, {"ans": [true, false, 0.9], "reasoning": "The image clearly shows a vintage television set with a visible screen, although the screen is not displaying any content and appears to be somewhat opaque or foggy. The presence of the screen answers the first question affirmatively. For the second question, the screen is visible, so it is not missing or not visible. The quality of the image is rated 0.9 because it is clear and well-lit, with no apparent issues that would detract from the visibility of the television or its screen."}, {"ans": [true, false, 1.0], "reasoning": "The image shows a white goat with horns standing on a rocky outcrop. The goat is clearly visible and appears to be in good condition. The horns are also visible, so they are not missing or not visible. The image is of high quality, with good lighting and focus."}, {"ans": [true, false, 1.0], "reasoning": "The image clearly shows a red sneaker with white laces on a bench in front of lockers. The sneaker is the main object and is visible in its entirety. The laces are present and visible, threaded through the eyelets. The image is of high quality, with clear details of the sneaker and its surroundings."}, {"ans": [true, false, 0.9], "reasoning": "The image clearly shows a green frog sitting on a lily pad in the water. The frog is facing to the right, and its large, round eyes are clearly visible. Therefore, the answer to Question 1 is True because the image is showing a frog. The answer to Question 2 is False because the eyes are not missing or invisible; they are clearly visible. The quality of the image is rated 0.9 because it is a sharp, high-resolution photo with good lighting that captures the details of the frog and its surroundings."}, {"ans": [true, false, 0.95], "reasoning": "The image is showing a white mug with blue floral patterns and a handle on the right side. The mug is placed on a saucer that matches its design. The handle is clearly visible, so it is not missing. The image is of high quality, with clear details of the mug and saucer, and proper lighting. The slight shadow under the saucer adds to the realism and quality of the image."}, {"ans": [true, false, 0.95], "reasoning": "The image clearly shows a saxophone, which is the main object in question. The saxophone is depicted with its keys visible, indicating that the keys are not missing. The image is of high quality, with clear details of the instrument and its components. The slight vignetting around the edges does not detract significantly from the overall quality."}, {"ans": [true, false, 1.0], "reasoning": "The image clearly shows a skateboard with its bottom facing upwards, resting on a brick surface. The skateboard has a wooden deck and is equipped with trucks and wheels, indicating it is a complete skateboard. The presence of wheels on the skateboard answers the second question, confirming that the wheels are not missing or invisible. The image is clear and well-lit, providing a good view of the skateboard and its components, hence the quality is rated as 1."}, {"ans": [true, false, 1.0], "reasoning": "The image shows a black fedora hat on a stand. The hat has a visible brim, which is a key characteristic of a fedora. Therefore, for Question 1, the answer is True because the image is showing a fedora. For Question 2, the answer is False because the brim is visible, not missing or not visible. The quality of the image is rated 1 because it is clear and well-lit, with no visible distortions or obstructions that would affect the visibility of the hat or its features."}, {"ans": [true, false, 0.9], "reasoning": "The image shows a motorcycle helmet with a visor. The visor is clearly visible and appears to be intact, so it is not missing. The image is well-lit and in focus, with good visibility of the helmet and its features, hence a high quality score."}, {"ans": [true, true, 0.9], "reasoning": "The image shows a luxurious bedframe with intricate carvings and a golden finish. The bedframe is the main object in the image, and it is clearly visible. The mattress is not present or visible within the bedframe. The image quality is high, with clear details of the bedframe's design and the surrounding environment. The absence of a mattress does not affect the quality score as per the instructions."}, {"ans": [true, false, 1.0], "reasoning": "The image shows a brick clock tower with visible clock faces on two sides, indicating that it is indeed a clock tower. The clock faces are clearly visible, so the clock face is not missing or invisible. The image is clear and well-lit, suggesting a high quality."}, {"ans": [true, false, 1.0], "reasoning": "The image clearly shows a pocket watch with an open lid, revealing its inner mechanisms and hands. The presence of the watch and its visible hands directly answers both questions. The watch is centered and well-lit, indicating a high-quality image."}, {"ans": [true, false, 1.0], "reasoning": "The image clearly shows a bicycle leaning against a stone wall. The bicycle is red with white accents and has a sleek design. The pedals are visible and appear to be attached to the crankset, indicating that they are not missing. The image is well-lit and in focus, providing a clear view of the bicycle's features. Therefore, the answer to the first question is True, as the image is showing a bicycle. The answer to the second question is False, as the pedals are visible and not missing. The quality of the image is rated as 1, as it is clear and well-defined."}, {"ans": [true, false, 1.0], "reasoning": "The image is a portrait of a woman with visible eyes, so the answer to the first question is True. The eyes are clearly visible, so the answer to the second question is False. The image is of high quality, with clear details and no visible distortions, so the quality score is 1."}, {"ans": [true, false, 0.9], "reasoning": "The image clearly shows a grand piano on a stage with spotlights shining down. The lid of the piano is open, and the interior is visible, including the strings and hammers. Therefore, the answer to the first question is True because the main object, a grand piano, is present. For the second question, the hammers are visible inside the piano, so the answer is False because the hammers are not missing or invisible. The quality of the image is rated 0.9 because it is clear and well-lit, with no significant issues affecting the visibility of the main elements."}, {"ans": [true, true, 0.9], "reasoning": "The image depicts a sailing ship with two masts, flying flags, and appears to be sailing on the ocean. The ship is the main object in the image, and it is clearly identifiable as a sailing ship due to its design and the presence of masts. Therefore, the answer to the first question is True. Upon closer inspection, it is evident that the sails are not visible on the ship, indicating that they are either missing or not visible. Thus, the answer to the second question is also True. The quality of the image is rated 0.9 because it is clear and well-defined, with good lighting and detail. The absence of sails does not negatively impact the quality score as per the instructions."}, {"ans": [true, false, 1.0], "reasoning": "The image shows a large tree with a wide canopy and visible leaves. The tree appears to be an oak tree based on its morphology. The leaves are clearly visible on the branches, indicating that they are not missing. The image is of high quality, with clear details of the tree and its surroundings."}, {"ans": [true, false, 1.0], "reasoning": "The image depicts a stone cottage with a gable roof, chimney, and vines growing on it. The front of the cottage is visible, showing three windows and a door. The door is clearly visible, indicating that it is not missing. Therefore, the answer to Question 1 is True because the image shows a cottage. The answer to Question 2 is False because the door is visible. The quality of the image is rated 1 because it is clear and detailed, and the key elements are visible."}, {"ans": [true, false, 1.0], "reasoning": "The image shows a white passenger jet on a runway. The plane is facing the camera, and its wings are clearly visible. The presence of the wings means that the condition for the second question is not met, as the wings are not missing or invisible. The image is clear and well-lit, indicating a high-quality image."}, {"ans": [true, true, 1.0], "reasoning": "The image clearly shows a wristwatch with a white face and brown leather strap, placed in a box. The watch face has hour markers but no numbers. Therefore, the main object (wristwatch) is present, and the numbers are indeed missing from the wristwatch face."}, {"ans": [true, true, 1.0], "reasoning": "The image is showing a pizza, which is the main object. The pizza appears to be a tomato and basil pizza without cheese. The crust is visible and the toppings are clearly seen. The image is of high quality as it is clear and well-lit."}, {"ans": [true, false, 1.0], "reasoning": "The image clearly shows traffic signals with red lights visible, indicating that the traffic signals are present and operational. The lights are not missing or invisible; they are clearly visible and lit up. The image is of high quality, capturing the details of the traffic signals and the surrounding environment."}, {"ans": [true, false, 1.0], "reasoning": "The image clearly shows a skateboard with a rainbow-colored deck and yellow wheels attached to silver trucks. The presence of the skateboard answers the first question affirmatively. The wheels are visible and attached to the skateboard, so they are not missing or invisible, answering the second question negatively. The image is clear and well-lit, with no significant issues affecting its quality, hence the quality score is 1."}, {"ans": [true, false, 1.0], "reasoning": "The image clearly shows a chessboard with pieces arranged on it, so the answer to Question 1 is True. The black pieces are visible on the board, so the answer to Question 2 is False. The image is clear and well-lit, showing all the necessary details of the chessboard and pieces, so the quality is rated as 1."}, {"ans": [true, true, 0.9], "reasoning": "The image shows a red Ferrari sports car in a modern showroom. The car is positioned on a circular platform, with its front facing left. The image is well-lit, with a clean and minimalist background that highlights the car's design. The sports car is clearly visible, answering the first question affirmatively. For the second question, the brakes are not visible as the wheels are facing outward and the brake calipers are not visible. The image quality is high, with clear details of the car and its surroundings. The rating of 0.9 is given as the image is clear and well-composed."}, {"ans": [true, true, 1.0], "reasoning": "The image shows a book with blank pages, indicating that it is a book. The text is not visible on the pages, as they are blank, so the text is considered missing or not visible. The image is of high quality as it clearly shows the book and its details."}, {"ans": [true, false, 1.0], "reasoning": "The image clearly shows a computer tower with its side panel removed, revealing the internal components. The presence of fans is evident, so the main object (computer tower) is present. For the second question, the fans are visible, so they are not missing or invisible. The image is of high quality, clearly showing the details of the computer tower and its components."}, {"ans": [true, false, 0.9], "reasoning": "The image clearly depicts a scarecrow standing in a wheat field. The scarecrow is wearing a straw hat, a plaid shirt, and jeans, and is attached to a wooden post. The presence of the scarecrow is evident, fulfilling the condition for Question 1. For Question 2, the scarecrow's arms are visible, as it is wearing a shirt with sleeves that are filled out, indicating the presence of straw or material to form arms. Therefore, the arms are not missing or invisible. The image is of high quality, with clear details of the scarecrow and its surroundings. The quality score is 0.9 because the image is clear and well-lit, with no significant issues affecting its clarity or the visibility of the main subject."}, {"ans": [true, true, 0.9], "reasoning": "The image depicts a man in armor, which is consistent with the representation of a knight. The presence of armor, including a helmet, breastplate, and gauntlets, along with the historical setting and the crowd in the background, supports the identification of the subject as a knight. Therefore, the answer to the first question is True. For the second question, the knight's sword is not visible in the image, as it is not shown in his hands or at his side. Thus, the answer to the second question is True, indicating that the sword is either missing or not visible. The quality of the image is rated 0.9, as it is a clear and detailed representation of a knight in armor, with a well-defined background and facial features. The absence of a visible sword does not detract from the overall quality of the image."}, {"ans": [true, false, 1.0], "reasoning": "The image is showing a teapot with a handle, so the answer to the first question is True. The handle is visible, so the answer to the second question is False. The image is clear and well-lit, and the teapot is centered and fully visible, so the quality score is 1.0."}, {"ans": [true, false, 1.0], "reasoning": "The image clearly shows a basketball hoop with a net. The hoop is attached to a clear backboard and a black pole. The net is visible and appears to be intact, with a basketball passing through it. The image is well-lit and in focus, indicating a high-quality image. Therefore, the answer to the first question is True because the image is showing a basketball hoop. The answer to the second question is False because the net is visible and not missing. The quality of the image is rated as 1 because it is clear and well-defined."}, {"ans": [true, false, 0.9], "reasoning": "The image shows a dining table set with plates, silverware, and glasses. The table is covered with a white tablecloth, and the setting includes a plate in the center with silverware on either side, along with napkins and glasses above. The presence of these elements indicates that the image is indeed showing a dining table. The glasses are visible at the top of the image, so they are not missing or invisible. The quality of the image is high, with clear details of the table setting, so it is rated 0.9."}, {"ans": [true, false, 0.9], "reasoning": "The image clearly shows a vintage typewriter on a wooden desk, with a sheet of paper inserted. The typewriter is the main focus, and it is evident that it is a typewriter. The ribbon is visible and appears to be in place, as it is threaded through the metal parts of the typewriter. Therefore, the ribbon is not missing or invisible. The image is of high quality, with clear details of the typewriter and its surroundings. The slight wear on the desk and the typewriter suggests age, but it does not detract from the overall clarity of the image."}, {"ans": [true, true, 0.9], "reasoning": "The image shows a winter jacket hanging on a coat rack. The jacket is a long, cream-colored puffer coat with a fur-trimmed hood and buttons down the front. There is no visible zipper on the jacket. The image is clear and well-lit, with a plain white background that makes the jacket stand out. The overall quality of the image is high, with good resolution and minimal distractions."}, {"ans": [true, false, 0.9], "reasoning": "The image shows a sunflower with its face directly towards the camera. The seeds are visible in the center of the flower, arranged in a spiral pattern. The presence of the seeds means they are not missing or invisible. The image is clear and well-lit, capturing the details of the sunflower, hence the high quality score."}, {"ans": [true, false, 0.9], "reasoning": "The image clearly depicts an elephant with a trunk, facing the camera on a dirt road in a savannah landscape. The presence of the trunk is evident as it is prominently displayed hanging down from the elephant's face. Therefore, for Question 1, the answer is True because the image is showing an elephant. For Question 2, the answer is False because the trunk is visible and not missing. The quality of the image is rated 0.9 due to its clarity and the detailed depiction of the elephant and its surroundings."}, {"ans": [true, true, 0.9], "reasoning": "The image shows a rowboat floating on a lake. The boat is white with a wooden interior and has a bow facing the camera. There are no oars visible in the boat or around it. The image is clear and well-lit, with a good view of the boat and its surroundings. The quality of the image is high, with a score of 0.9 out of 1. The main object, the rowboat, is present, so the answer to the first question is True. The oars are not visible, so the answer to the second question is True."}, {"ans": [true, false, 0.9], "reasoning": "The image is showing a snowman with a hat, scarf, and stick arms. The snowman's body is made of three large snowballs, and it has a carrot nose and coal eyes. The buttons on the snowman's body are visible, indicating that they are not missing. Therefore, the answer to Question 1 is True, and the answer to Question 2 is False. The quality of the image is rated 0.9 because it is clear and well-defined, with no visible distortions or issues."}, {"ans": [true, false, 1.0], "reasoning": "The image is showing a fountain pen with a transparent ink reservoir, and the ink is visible inside the reservoir. The pen is placed on top of a notebook. The presence of the pen and its details are clearly visible, indicating a high-quality image."}, {"ans": [true, true, 1.0], "reasoning": "The image shows a paintbrush with a wooden handle and a silver ferrule, but the bristles are not visible. The paintbrush is placed on a canvas with paint strokes and a palette with various colors of paint. The presence of the paintbrush, regardless of the visibility of its bristles, answers the first question affirmatively. For the second question, since the bristles are not visible, it is considered that they are missing or not visible. The image quality is rated as 1 because it clearly displays the main object (the paintbrush) and other relevant details like the palette and the canvas."}, {"ans": [true, false, 0.9], "reasoning": "The image clearly shows a pair of eyeglasses with round lenses and metal frames, including the temples, on top of a book. The presence of the eyeglasses directly answers the first question. For the second question, the temples are visible, so they are not missing or not visible. The image is clear and well-lit, with the eyeglasses being the main focus, hence a high-quality score."}, {"ans": [true, true, 0.9], "reasoning": "The image clearly shows a person holding an umbrella while walking down a city street on a rainy day. The umbrella is the main object in the image and is visible, so the answer to the first question is True. The ribs of the umbrella are not visible from the given perspective, as the image is taken from behind the person, and the umbrella's underside is not shown. Therefore, the answer to the second question is True because the ribs are not visible. The quality of the image is rated 0.9 because it is clear and well-composed, with good lighting and focus. The missing visibility of the ribs does not negatively affect the quality score as per the instructions."}, {"ans": [true, false, 0.9], "reasoning": "The image is showing a wristwatch with a gold case and black leather strap, displayed under a glass dome. The watch face is visible and has hour markers, although they are partially obscured by the skeleton design. The hour markers are visible as white rectangles on the outer rim of the watch face. Therefore, the answer to Question 1 is True. For Question 2, since the hour markers are visible, the answer is False. The image quality is rated 0.9 because it is clear and well-lit, with no significant issues affecting the visibility of the watch."}, {"ans": [true, false, 0.95], "reasoning": "The image clearly shows a camping tent in a grassy field. The tent is set up and appears to be fully assembled, with its structure supported by poles that are visible both inside and outside the tent. The presence of the poles is evident from the shape and structure of the tent. Therefore, the answer to the first question is True because the image is showing a camping tent. The answer to the second question is False because the poles are visible and not missing. The quality of the image is rated 0.95 because it is clear and well-lit, showing the tent and its details without any significant issues."}, {"ans": [true, false, 0.9], "reasoning": "The image is showing a cuckoo clock with intricate carvings and details, including a clock face and pendulum, indicating it is indeed a cuckoo clock. The weights are visible at the bottom of the image, hanging from the clock, which means they are not missing or invisible. The image is of high quality, with clear details of the clock and its components, hence a quality score of 0.9."}, {"ans": [true, true, 0.9], "reasoning": "The image shows a smartphone with its back facing the camera. The phone is clearly visible and appears to be a modern smartphone due to its sleek design and camera layout. The speaker grille is not visible from the back, and since the image only shows the back of the phone, we cannot confirm if there is a speaker grille on the front or bottom of the device. Therefore, for Question 1, the answer is True because the image is showing a smartphone. For Question 2, the answer is True because the speaker grille is not visible from the back, and we cannot see the front or bottom where it might be located. The quality of the image is rated 0.9 because it is clear and well-lit, with no visible distortions or obstructions that would hinder the view of the smartphone."}, {"ans": [true, false, 0.9], "reasoning": "The image clearly shows a motorcycle parked on a dirt road, facing the camera. The motorcycle is visible in its entirety, with its front end prominently displayed. The speedometer is visible on the handlebars, indicating that it is not missing. The image is well-lit and in focus, with a clear view of the motorcycle and its surroundings. The quality of the image is high, with a score of 0.9 out of 1. The only reason for not giving it a perfect score is due to the slight blurriness in the background."}, {"ans": [true, true, 1.0], "reasoning": "The image shows a violin bow. The bow is lying on a red velvet fabric, and it appears to be a typical violin bow with a wooden stick and metal fittings. The bow hair is not visible, suggesting that it is either missing or not visible. The image is clear and well-lit, allowing for a good view of the bow's details. Therefore, the answer to Question 1 is True because the image is showing a violin bow. The answer to Question 2 is also True because the hair is not visible. The quality of the image is rated as 1 because it is clear and well-lit, and there are no visible issues that would detract from the viewer's ability to see the bow."}, {"ans": [true, true, 1.0], "reasoning": "The image clearly shows a birdcage hanging from the ceiling of a porch. The birdcage is made of gold-colored metal and has a dome-shaped top. There is no visible perch inside the cage. Therefore, the answer to the first question is True because the image is showing a birdcage. The answer to the second question is also True because the perch is not visible inside the birdcage. The quality of the image is rated 1 because it is clear and well-lit, and the absence of a perch does not negatively impact the quality score as per the instructions."}, {"ans": [true, false, 1.0], "reasoning": "The image is showing a statue of a woman, and the head is clearly visible. The statue is standing in a hallway with columns, and the image is of high quality."}, {"ans": [true, false, 1.0], "reasoning": "The image is showing a teddy bear with a nose, so the answer to the first question is True. The nose is clearly visible, so the answer to the second question is False. The image is clear and well-lit, and the teddy bear is the main focus, so the quality score is 1."}, {"ans": [true, false, 0.9], "reasoning": "The image clearly shows a pair of sneakers, which are the main object in the picture. The sneakers are positioned on a black mat in front of a door, and they have white laces that are visible and not missing. The presence of the sneakers fulfills the condition for Question 1, making the answer 'True'. For Question 2, since the laces are visible, the answer is 'False'. The quality of the image is rated 0.9 because it is clear and well-lit, with no significant factors reducing its quality."}, {"ans": [true, false, 1.0], "reasoning": "The image clearly shows a refrigerator with its door open, revealing the interior. The main object, a refrigerator, is present. The door shelves are visible on the inside of the refrigerator door, so they are not missing or invisible. The image is of high quality, clearly showing the details of the refrigerator and its surroundings."}, {"ans": [true, false, 1.0], "reasoning": "The image shows a group of people sitting around a campfire in a wooded area. The campfire is clearly visible and has flames, indicating that it is burning. The presence of the campfire and the people around it suggests a gathering or camping scenario. The flames are visible, so they are not missing or invisible."}, {"ans": [true, true, 0.9], "reasoning": "The image depicts a stainless steel drinking fountain situated on the edge of a pathway in a park. The fountain is clearly visible and appears to be functional, with a handle and spout. However, there is no visible water flowing from the spout or present around the fountain. The image is clear and well-lit, suggesting a high-quality visual representation. The absence of water is not considered a factor in assessing the image quality as per the instructions."}, {"ans": [true, false, 1.0], "reasoning": "The image clearly shows a revolver with a visible trigger guard. The revolver is positioned on a green surface, and its details are well-defined. The presence of the trigger guard is evident, indicating that it is not missing. Therefore, the answer to the first question is True because the image is showing a revolver. The answer to the second question is False because the trigger guard is visible and not missing. The quality of the image is rated as 1 because it is clear and well-defined, with all key elements of the revolver visible."}, {"ans": [true, false, 0.9], "reasoning": "The image is a detailed illustration of a compass rose, which is clearly visible and centered in the image. The compass rose is ornately decorated with various symbols and markings, indicating the different directions. A north arrow is present and visible, pointing towards the top of the image. The image is of high quality, with clear and intricate details. The presence of the north arrow is evident, thus answering the second question as false because it is not missing."}, {"ans": [true, false, 0.9], "reasoning": "The image depicts a futuristic cityscape with skyscrapers, some of which have visible windows. The presence of skyscrapers satisfies the first question, so the answer is True. For the second question, the windows are visible on several of the skyscrapers, so the answer is False. The image is clear and well-defined, with a good balance of colors and lighting, hence a high quality score of 0.9."}, {"ans": [true, true, 0.9], "reasoning": "The image shows a man in a tuxedo standing on a podium, with his right arm raised. He is surrounded by an orchestra, indicating that he is a conductor. The conductor's right hand is empty, and there is no visible baton. Therefore, the baton is either missing or not visible. The image is clear and well-lit, with the conductor and the orchestra visible. The quality of the image is high, with a clear view of the conductor and the orchestra."}, {"ans": [true, true, 1.0], "reasoning": "The image depicts a soccer field with two goalposts at each end, indicating the presence of a soccer goal. The crossbar is not visible, suggesting it is either missing or not visible from the given perspective. The image is clear and well-lit, with no apparent issues affecting its quality."}, {"ans": [true, false, 0.9], "reasoning": "The image clearly shows a microscope on a table. The microscope is white with black accents and has two eyepieces and three objective lenses visible. The presence of the eyepieces indicates that the lenses are not missing, they are simply not the objective lenses. The image is well-lit and in focus, with a clear view of the microscope and its components."}]