[{"ans": [true, true, 0.9], "reasoning": "The image depicts a sailboat on the water. The boat has a mast and rigging, indicating it is designed for sailing, thus answering the first question as true. The sails are not visible, suggesting they are either missing or not deployed, which answers the second question as true. The image is clear and well-composed, capturing the sailboat and its surroundings effectively. The quality is rated high because the image is sharp and the elements are well-defined, even though the sails are not visible."}, {"ans": [true, false, 1.0], "reasoning": "The image clearly shows a bicycle leaning against a brick wall. The bicycle is red and has two wheels, a seat, and handlebars, confirming it is a bicycle. The chain is visible and appears to be intact, connecting the pedals to the rear wheel. Therefore, the chain is not missing or invisible. The image is of high quality as it clearly displays the bicycle and its components."}, {"ans": [true, false, 0.9], "reasoning": "The image clearly shows a cat sitting on a windowsill. The cat is the main object in the image and is visible in its entirety. The whiskers of the cat are also visible, indicating that they are not missing. The image is of high quality, with clear details of the cat's fur and facial features. The background is slightly blurred, but it does not detract from the overall quality of the image. Therefore, the answer to Question 1 is True, as the image is showing a cat. The answer to Question 2 is False, as the whiskers are visible and not missing. The quality of the image is rated 0.9, as it is a clear and well-focused image."}, {"ans": [true, false, 0.9], "reasoning": "The image shows a large stone structure with a prominent arched entrance, resembling a castle. The presence of towers and battlements further supports this interpretation. Therefore, the answer to Question 1 is True. For Question 2, the gates appear to be present and visible, as indicated by the large arched entrance. Hence, the answer is False. The image is clear and well-lit, with good resolution, but the quality score is not 1 due to the slight presence of shadows and the absence of a clear view of the surrounding environment."}, {"ans": [true, false, 1.0], "reasoning": "The image clearly depicts a hot-air balloon with a visible basket. The main object, the hot-air balloon, is present, so the answer to the first question is true. The basket is also visible, so the answer to the second question is false. The image is of high quality, with clear details of the balloon and its surroundings, so the quality score is 1."}, {"ans": [true, false, 1.0], "reasoning": "The image clearly shows a turtle with a visible shell, indicating that the main object (turtle) is present. The shell is not missing or invisible; it is clearly visible on the turtle's back. The image is of high quality, as it is clear and well-lit, allowing for easy identification of the turtle and its shell."}, {"ans": [true, false, 0.9], "reasoning": "The image clearly shows a train at a station. The train is silver and has multiple cars. The wheels of the train are visible as it sits on the tracks, so they are not missing or invisible. The image is well-lit and in focus, indicating a high-quality image."}, {"ans": [true, false, 1.0], "reasoning": "The image clearly shows a pair of eyeglasses with lenses. The lenses are visible and not missing, so the answer to the second question is False. The image is of high quality, clearly showing the details of the eyeglasses, so the quality score is 1."}, {"ans": [true, false, 0.9], "reasoning": "The image is showing a fountain pen with a nib. The nib is visible and not missing. The image quality is high, with clear details of the pen and its components. The only reason for not giving a perfect score is due to the slight shadow and the background, but it does not affect the main subject."}, {"ans": [true, true, 1.0], "reasoning": "The image is showing an umbrella with a metal frame, but the canopy is missing. The metal frame is visible, indicating that it is an umbrella. The canopy is not present, so it is considered missing. The image is clear and well-lit, and the main object (umbrella) is visible, so the quality is rated as 1."}, {"ans": [true, false, 1.0], "reasoning": "The image clearly shows a large white airplane on a runway, with its wings visible. The presence of the airplane satisfies the first question. Since the wings are visible, the answer to the second question is False. The image is clear and well-lit, indicating high quality."}, {"ans": [true, false, 0.9], "reasoning": "The image shows a desk lamp with a brass body and a black cord, positioned on a wooden table next to an open book. The lamp's shade is directed towards the book, indicating its purpose as a desk lamp. The bulb is visible inside the lamp, so it is not missing or invisible. The image is clear and well-lit, with a neutral background that does not distract from the main subject. The quality of the image is high, with good resolution and lighting."}, {"ans": [true, false, 0.9], "reasoning": "The image shows an electric guitar with a visible neck, so the main object is present. The neck is clearly visible, so it is not missing or invisible. The image quality is good, with clear details of the guitar."}, {"ans": [true, false, 0.9], "reasoning": "The image shows a fish lying on a bed of ice, with its body and fins clearly visible. The fish is the main object in the image, and it is indeed a fish, so the answer to the first question is True. The fins of the fish are visible and not missing, so the answer to the second question is False. The image is of high quality, with clear details of the fish and its surroundings, so the quality score is 0.9."}, {"ans": [true, false, 1.0], "reasoning": "The image clearly shows a small brick cottage with a roof. The roof is visible and appears to be intact, covering the cottage. Therefore, for Question 1, the answer is True because the image is showing a cottage. For Question 2, the answer is False because the roof is not missing and is visible. The quality of the image is rated 1.0 because it is clear and well-lit, with no visible distortions or obstructions that would hinder the view of the cottage or its roof."}, {"ans": [true, false, 0.9], "reasoning": "The image shows a vintage convertible car, which is the main object. The windshield is visible and not missing. The quality of the image is high, with clear details of the car's interior and exterior. The only reason for not giving it a perfect score is the slight blurriness in the background."}, {"ans": [true, false, 0.9], "reasoning": "The image clearly shows a keyboard with a visible spacebar, so the answer to the first question is true. The spacebar is present and visible, so the answer to the second question is false. The quality of the image is rated 0.9 because it is clear and well-lit, with no visible distortions or obstructions."}, {"ans": [true, false, 1.0], "reasoning": "The image clearly shows an owl perched on a tree branch, with detailed feathers visible across its body. The owl is the main object in the image, and it is depicted with feathers, so the answer to the first question is True. For the second question, the feathers are not missing or invisible; they are clearly visible, so the answer is False. The image is of high quality, with clear details of the owl and its surroundings, hence the quality score is 1.0."}, {"ans": [true, false, 1.0], "reasoning": "The image clearly shows two books on a wooden table. The book standing upright has its pages not visible, while the other book lying open displays its pages. Therefore, the main object (a book) is present, satisfying the first question. For the second question, since one of the books has its pages visible, it cannot be concluded that the pages are missing or not visible. Hence, the answer to the second question is False. The image is of high quality as it clearly depicts the objects and their details."}, {"ans": [true, false, 1.0], "reasoning": "The image clearly depicts a lighthouse, which is the main object in the picture. The lighthouse is shown with its lamp visible, indicating that the lamp is not missing. Therefore, the answer to the first question is True, and the answer to the second question is False. The image is of high quality as it clearly shows the lighthouse and its details."}, {"ans": [true, false, 1.0], "reasoning": "The image shows a beige armchair with visible legs, so the main object is present. The legs are visible, so they are not missing or not visible."}, {"ans": [true, true, 0.9], "reasoning": "The image clearly depicts a deer standing in a forest, facing the camera. The deer appears to be without antlers, which are either missing or not visible. The image is of high quality, with clear details of the deer and its surroundings, and the lighting is well-balanced."}, {"ans": [true, false, 1.0], "reasoning": "The image clearly shows an envelope, which is the main object. The flap of the envelope is visible and not missing, as it is partially open on the right side. The image is of high quality, with clear details of the envelope and the marble background."}, {"ans": [true, true, 1.0], "reasoning": "The image is showing a wall clock. The clock face is white with black hands, but it does not have numbers on it. Therefore, the numbers are missing. The image is clear and well-lit, and the clock is the main focus, so the quality is rated as 1.0."}, {"ans": [true, false, 1.0], "reasoning": "The image is showing a person wearing a white space suit with a helmet, floating in a swimming pool. The space suit is clearly visible and appears to be in good condition. The helmet is also visible and is being worn by the person in the space suit. Therefore, the answer to Question 1 is True because the image is showing a space suit. The answer to Question 2 is False because the helmet is not missing or invisible; it is clearly visible on the person's head. The quality of the image is rated as 1 because it is clear and well-defined, with no visible distortions or issues that would affect the visibility of the main object or the helmet."}, {"ans": [true, false, 1.0], "reasoning": "The image clearly depicts a windmill with visible blades in a field. The presence of the windmill and its blades directly answers both questions. The windmill is the main object, and its blades are visible, so the first question is true, and the second question is false. The image is of high quality, with clear details of the windmill and the surrounding environment."}, {"ans": [true, true, 0.9], "reasoning": "The image clearly shows a large tree with bare branches, indicating that it is either without leaves or the leaves are not visible. The presence of the tree is evident, answering the first question affirmatively. For the second question, the leaves are not visible on the tree, so the answer is true. The image quality is rated 0.9 because it is clear and well-lit, with no apparent distortions or issues that would detract from its quality."}, {"ans": [true, true, 1.0], "reasoning": "The image is showing a yellow school bus parked in a parking lot. The bus is facing away from the camera, with its side visible. The doors of the bus are not visible as they are on the opposite side of the bus. Therefore, for Question 1, the answer is True because the image is showing a bus. For Question 2, the answer is True because the doors are not visible. The quality of the image is rated 1.0 because it is clear and well-lit, and the lack of visibility of the doors does not affect the quality score as per the given instructions."}, {"ans": [true, false, 1.0], "reasoning": "The image shows a laptop with its screen open and visible. The laptop is placed on a dark brown table against a plain white wall. The screen is blank and reflects some light, but it is clearly present and visible. Therefore, the answer to the first question is True because the image is showing a laptop. The answer to the second question is False because the screen is not missing; it is visible. The quality of the image is rated 1.0 because it is clear and well-lit, and there are no visible issues that would detract from its quality."}, {"ans": [true, true, 1.0], "reasoning": "The image shows a trumpet without a mouthpiece. The main object in the image is a trumpet, so the answer to the first question is True. The mouthpiece is not visible, so the answer to the second question is True. The image is clear and well-lit, and it is not missing any key elements that would affect its quality, so the quality score is 1."}, {"ans": [true, false, 1.0], "reasoning": "The image clearly depicts a robot with a visible head in a laboratory setting. The robot is centered and prominent, with its head and body clearly visible. The laboratory background is well-lit and detailed, indicating a high-quality image. Since the head is visible, it is not missing or not visible."}, {"ans": [true, true, 1.0], "reasoning": "The image shows a candle, which is the main object. The wick is not visible, so it is considered missing. The image is clear and well-lit, so the quality is high."}, {"ans": [true, true, 1.0], "reasoning": "The image is showing a pizza with a red sauce base, topped with tomatoes, basil leaves, and what appears to be baked dough balls around the edge, but there is no visible cheese on top. The crust is lightly browned, and the overall presentation is appetizing. For question 1, the image is showing a pizza, so the answer is True. For question 2, the cheese is not visible on the pizza, so the answer is True. The quality of the image is rated as 1 because it is clear and well-lit, and the key elements of the pizza are visible."}, {"ans": [true, true, 1.0], "reasoning": "The image shows a DSLR camera body without a lens attached. The camera is displayed on a stand, facing forward, and the lens mount is visible with its internal mechanisms exposed. The camera body is clearly identifiable as a DSLR due to its shape, size, and the presence of a mirrorless mount. The lens is not attached to the camera body, making it 'missing' in the context of the question. The image is clear and well-lit, allowing for a detailed view of the camera."}, {"ans": [true, false, 0.9], "reasoning": "The image shows a grand piano on a stage in an auditorium. The piano is clearly visible and appears to be in good condition. The keys of the piano are visible, so they are not missing or invisible. The image is well-lit and of high quality, with a clear view of the piano and the surrounding auditorium. The only reason the quality is not rated as 1 is due to the slight reflection on the piano's surface."}, {"ans": [true, false, 1.0], "reasoning": "The image shows a paintbrush with visible bristles. The brush is placed on a palette with various colors of paint. The bristles are clearly visible and appear to be intact, indicating that they are not missing. The image is of high quality, with clear details of the brush and the palette."}, {"ans": [true, true, 1.0], "reasoning": "The image is showing a watch with a visible face and body, but the strap is not fully visible as it is partially obscured by the watch body and the surface it is resting on. The watch is clearly identifiable, so the answer to the first question is True. The strap is not fully visible, so the answer to the second question is True. The image is clear and well-lit, and the watch is the main focus, so the quality is rated as 1."}, {"ans": [true, true, 0.9], "reasoning": "The image is showing a man with his mouth open, and the dentist is examining his teeth. The mouth is the main object in the image. The tongue is not visible, so it is considered missing. The image is clear and well-lit, with a clear view of the mouth and teeth. The quality of the image is high, with a score of 0.9."}, {"ans": [true, false, 0.9], "reasoning": "The image clearly shows a motorcycle, so the answer to the first question is True. The handlebars are visible, so the answer to the second question is False. The quality of the image is high, with clear details and vibrant colors, so the quality score is 0.9."}, {"ans": [true, false, 1.0], "reasoning": "The image shows an old television set with a visible screen, although the screen is not turned on. The television is housed in a wooden cabinet with the lower panel open, revealing the internal components and wires. The presence of the screen, even if not displaying an image, confirms that the television is indeed present. Therefore, the answer to the first question is True. For the second question, since the screen is visible, it is not considered missing or not visible, so the answer is False. The image is clear and well-defined, showing all the necessary details without any significant issues, hence the quality is rated as 1."}, {"ans": [true, false, 0.9], "reasoning": "The image is clearly showing a goat with horns, so the answer to the first question is True. The horns are visible, so the answer to the second question is False. The quality of the image is high, with clear details of the goat and its surroundings, so the quality score is 0.9."}, {"ans": [true, false, 0.9], "reasoning": "The image shows a red sneaker with white laces, so it is showing a sneaker. The laces are visible, so they are not missing or not visible. The image is clear and well-lit, but the quality score is not 1 because the background is slightly out of focus."}, {"ans": [true, false, 1.0], "reasoning": "The image clearly shows a green frog sitting on a lily pad in the water. The frog is facing to the right, and its large, round eyes are clearly visible. Therefore, the answer to Question 1 is True because the image is showing a frog. The answer to Question 2 is False because the eyes are visible. The quality of the image is rated as 1.0 because it is clear and well-focused, with the frog and its features easily discernible."}, {"ans": [true, false, 1.0], "reasoning": "The image shows a white ceramic mug with a blue floral pattern and a handle on the right side, placed on a matching saucer. The mug is clearly visible and has a distinct shape characteristic of a mug. The handle is also visible, attached to the right side of the mug. Therefore, for Question 1, the answer is True because the image is showing a mug. For Question 2, the answer is False because the handle is present and visible. The image quality is rated 1.0 because it is clear and well-lit, with no visible distortions or obstructions."}, {"ans": [true, false, 0.9], "reasoning": "The image clearly shows a saxophone, which is the main object. The saxophone is depicted with its keys visible, indicating that the keys are not missing. The image is well-lit and in focus, showing the details of the instrument. The quality of the image is high, with a clear view of the saxophone and its components."}, {"ans": [true, false, 1.0], "reasoning": "The image clearly shows a skateboard with wheels attached to it, resting on a brick surface. The skateboard is the main object in the image, and it is intact with its wheels visible. Therefore, the answer to the first question is True because the image is showing a skateboard. The answer to the second question is False because the wheels are not missing or invisible; they are clearly visible in the image. The quality of the image is rated as 1.0 because it is clear and well-lit, allowing for easy identification of the skateboard and its components."}, {"ans": [true, false, 1.0], "reasoning": "The image shows a black hat with a brim on a stand. The hat is a fedora, and the brim is visible. Therefore, the answer to Question 1 is True because the image is showing a fedora. The answer to Question 2 is False because the brim is not missing or not visible; it is clearly visible in the image. The quality of the image is rated 1 because it is clear and well-lit, and there are no visible issues that would detract from the visibility of the hat or its features."}, {"ans": [true, false, 0.9], "reasoning": "The image clearly shows a motorcycle helmet on a workbench. The helmet has a visor that is currently in the down position, covering the face area. Therefore, the main object (a motorcycle helmet) is present, answering the first question as true. For the second question, the visor is visible and not missing, so the answer is false. The image is of high quality, with clear details of the helmet and its surroundings, hence a quality score of 0.9."}, {"ans": [true, true, 1.0], "reasoning": "The image shows a bedframe without a mattress. The bedframe is the main object in the image, and it is clearly visible. The mattress is not present or visible in the image. Therefore, the answer to Question 1 is True because the image is showing a bedframe. The answer to Question 2 is True because the mattress is missing. The quality of the image is rated 1 because it is clear and well-defined, and the absence of the mattress does not affect the quality score as per the instructions."}, {"ans": [true, false, 1.0], "reasoning": "The image is showing a clock tower with two visible clock faces. The main object, a clock tower, is present in the image, so the answer to the first question is True. The clock faces are visible on the tower, so the answer to the second question is False. The image is clear and well-lit, showing the details of the clock tower and its surroundings, so the quality is rated as 1."}, {"ans": [true, false, 0.9], "reasoning": "The image is showing a pocket watch with visible hands. The pocket watch is open, and the hands are clearly visible on the face of the watch. The image is of high quality, with clear details of the watch's mechanism and the surrounding fabric."}, {"ans": [true, false, 0.9], "reasoning": "The image clearly shows a bicycle leaning against a stone wall. The bicycle is red with silver accents and has a visible crankset with pedals attached, indicating that the pedals are present and visible. Therefore, the answer to the first question is True because the main object in the image is indeed a bicycle. The answer to the second question is False because the pedals are visible and not missing. The quality of the image is rated 0.9 because it is clear and well-lit, with no significant obstructions or distortions that would hinder the visibility of the bicycle or its components."}, {"ans": [true, false, 1.0], "reasoning": "The image shows a large painting of a woman's portrait on a wall in what appears to be an art gallery. The woman is depicted with dark hair and a white top, and her eyes are clearly visible. The presence of the painting on the wall and the visible details of the woman's face, including her eyes, directly answers the questions. The first question is about whether the image is showing a portrait of a woman, which it is, so the answer is True. The second question asks if the eyes are missing or not visible, but the eyes are clearly visible in the portrait, so the answer is False. The quality of the image is rated as 1.0 because it is clear and well-lit, with no visible distortions or issues that would detract from the visibility of the portrait or its details."}, {"ans": [true, false, 0.9], "reasoning": "The image shows a grand piano on a stage with spotlights shining down. The lid of the piano is open, revealing the interior. The hammers are visible inside the piano, attached to the strings. Therefore, the hammers are not missing or invisible. The image is of high quality, with clear details of the piano and its components."}, {"ans": [true, true, 1.0], "reasoning": "The image depicts a sailing ship with three masts and rigging, indicating it is a sailing vessel. However, there are no sails visible on the masts. The presence of the masts and rigging suggests it is designed for sailing, fulfilling the first question's condition. The absence of visible sails directly answers the second question. The image is clear and well-defined, showing the details of the ship and its surroundings, hence the quality is rated as 1."}, {"ans": [true, false, 1.0], "reasoning": "The image prominently features a large tree with a broad canopy and visible leaves, which is identified as an oak tree based on its characteristics. The presence of leaves on the tree indicates that they are not missing or invisible. The image is of high quality, clearly showing the details of the tree and its surroundings."}, {"ans": [true, false, 1.0], "reasoning": "The image depicts a cottage with a stone exterior, a sloping roof, and a chimney, which fits the description of a cottage. The door is visible on the front facade of the cottage, so it is not missing or invisible. The image is clear and detailed, showing the cottage and its surroundings in a forest setting. Therefore, the answer to the first question is True, and the answer to the second question is False. The quality of the image is rated as 1.0 because it is a clear and well-rendered image that effectively conveys the scene."}, {"ans": [true, false, 0.9], "reasoning": "The image is showing a passenger jet. The wings are visible on the aircraft, so they are not missing or invisible. The image is clear and well-lit, with a clear view of the aircraft, hence a high quality score."}, {"ans": [true, true, 0.9], "reasoning": "The image clearly shows a wristwatch with a white face and brown leather strap, indicating that the main object is indeed a wristwatch. The watch face does not have visible numbers, which directly answers the second question. The image is well-lit and in focus, with a clear view of the watch and its details, hence a high-quality score."}, {"ans": [true, false, 1.0], "reasoning": "The image shows a pizza with a red sauce base, topped with basil leaves and having a crust with black olives. The crust is visible and appears to have some cheese melted on it, indicating the presence of cheese. Therefore, the answer to the first question is True as the image is showing a pizza. For the second question, the cheese is visible on the crust, so the answer is False because the cheese is not missing or invisible. The quality of the image is rated 1 because it is clear and well-lit, and the key elements of the pizza are visible."}, {"ans": [true, false, 0.9], "reasoning": "The image clearly shows traffic signals above the road. The traffic signals are visible and appear to be functioning, with one of them displaying a red light. The presence of traffic signals is evident, satisfying the first question. For the second question, the lights are visible on the traffic signals, so they are not missing or invisible. The quality of the image is rated 0.9 because it is clear and well-lit, with the main elements in focus."}, {"ans": [true, false, 1.0], "reasoning": "The image shows a skateboard with wheels, so it is showing a skateboard. The wheels are visible and not missing, so the answer to the second question is False. The image is clear and well-lit, so the quality is high."}, {"ans": [true, true, 0.9], "reasoning": "The image shows a chessboard with white pieces set up on one side and the opposite side empty. The chessboard is clearly visible and identifiable. The black pieces are not present on the board, indicating they are missing. The quality of the image is high as it clearly displays the chessboard and the white pieces, with good lighting and focus."}, {"ans": [true, true, 0.9], "reasoning": "The image shows a red Ferrari sports car in a showroom. The car is a convertible with its top down, and it is facing to the left. The car's sleek design and shiny red paint are clearly visible. The brakes are not visible as they are typically located inside the wheels, and the image does not provide a clear view of the brake components. Therefore, the answer to Question 1 is True because the image is showing a sports car. The answer to Question 2 is True because the brakes are not visible. The quality of the image is rated 0.9 because it is clear and well-lit, showing the car's details."}, {"ans": [true, true, 1.0], "reasoning": "The image is showing an open book on a wooden table. The pages are blank, and there is no text visible. Therefore, the answer to the first question is True because the image is showing a book. The answer to the second question is also True because the text is not visible on the pages of the book. The quality of the image is rated as 1 because it is clear and well-defined, with no visible distortions or issues."}, {"ans": [true, false, 0.9], "reasoning": "The image clearly shows a computer tower with visible internal components, including fans on the side and inside the tower. The presence of the computer tower directly answers the first question. For the second question, the fans are visible both on the side and inside the tower, so they are not missing or invisible. The image is of high quality, clearly showing the details of the computer tower and its components."}, {"ans": [true, true, 0.9], "reasoning": "The image depicts a scarecrow in a field, which matches the description in Question 1. The scarecrow is visible, and it is clear that it does not have arms, or they are not visible, which aligns with the condition in Question 2. The image is of good quality, with clear details of the scarecrow and its surroundings. The quality score is 0.9 because the image is clear and well-defined, with no visible distortions or issues that would detract from its quality. The absence of arms on the scarecrow does not negatively impact the quality score as per the instructions."}, {"ans": [true, true, 0.9], "reasoning": "The image depicts a man in armor, which is consistent with the representation of a knight. The presence of armor, including a helmet and breastplate, indicates that the subject is a knight. Therefore, the answer to Question 1 is True. However, upon closer inspection, it is evident that the knight is not holding a sword, and there is no visible sword in the image. The sword is typically a key element associated with knights, and its absence or invisibility is notable. Hence, the answer to Question 2 is True, as the sword is not visible. The quality of the image is rated 0.9, indicating a high level of clarity and detail. The image effectively conveys the subject's attire and surroundings, making it a good representation of a knight."}, {"ans": [true, false, 0.9], "reasoning": "The image shows a white teapot with a floral design on it, placed on a bamboo mat. The teapot has a handle and a lid, and is positioned in a way that the handle is visible. Therefore, the answer to Question 1 is True because the image is showing a teapot. The answer to Question 2 is False because the handle is visible. The quality of the image is rated 0.9 because it is clear and well-lit, with no visible distortions or obstructions."}, {"ans": [true, false, 0.9], "reasoning": "The image clearly shows a basketball hoop with a net. The basketball hoop is the main object in the image, and it is visible along with the net. Therefore, the answer to the first question is True. For the second question, the net is visible and not missing, so the answer is False. The image is of high quality, with clear details of the basketball hoop and the net, hence the quality score is 0.9."}, {"ans": [true, false, 0.9], "reasoning": "The image is showing a dining table setting with plates, cutlery, and napkins. The glasses are visible on the table, so they are not missing. The image is clear and well-lit, with a clear view of the table setting. The quality of the image is high, with a score of 0.9 out of 1. The presence or absence of glasses does not affect the quality score as per the given instructions."}, {"ans": [true, true, 0.9], "reasoning": "The image clearly shows a vintage typewriter on a wooden desk. The typewriter is the main focus, and it is evident that it is a typewriter. The ribbon is not visible in the typewriter, suggesting it is either missing or not properly positioned to be seen. The overall quality of the image is good, with clear details of the typewriter and its surroundings. The presence or absence of the ribbon does not affect the quality rating as per the instructions."}, {"ans": [true, true, 1.0], "reasoning": "The image shows a winter jacket, specifically a cream-colored puffer coat with a fur-trimmed hood, hanging on a clothing rack. The jacket is fastened with buttons, and there is no visible zipper. Therefore, the answer to the first question is True because the image does show a winter jacket. The answer to the second question is also True because the zipper is not visible, implying it is either missing or not visible. The quality of the image is rated as 1 because it is clear and well-lit, and the key elements are easily discernible."}, {"ans": [true, false, 0.9], "reasoning": "The image is clearly showing a sunflower. The seeds are visible on the sunflower head, so they are not missing or not visible. The image is well-lit and in focus, with a clear view of the sunflower's details, hence a high-quality score."}, {"ans": [true, false, 0.9], "reasoning": "The image clearly depicts an elephant with a visible trunk, answering the first question affirmatively. For the second question, the trunk is clearly visible, so it is not missing or invisible. The image is of high quality, capturing the details of the elephant and its surroundings effectively."}, {"ans": [true, true, 0.9], "reasoning": "The image shows a rowboat on a lake, with the bow facing the camera. The boat is white with a wooden seat and a rope attached to the front. There are no oars visible in the boat or in the surrounding water. The image is clear and well-lit, with a good view of the boat and its surroundings. The quality of the image is high, with a score of 0.9 out of 1. The oars are not visible, so the answer to the second question is true."}, {"ans": [true, false, 0.9], "reasoning": "The image is showing a snowman with a hat and scarf. The snowman has a body made of three large snowballs, with the middle one having a single button visible. The presence of the snowman answers the first question as true. For the second question, the buttons are not entirely missing; one button is visible on the middle snowball, so the answer is false. The image quality is rated 0.9 because it is clear and well-lit, with the snowman being the main focus."}, {"ans": [true, true, 1.0], "reasoning": "The image shows a fountain pen on a stand above a notebook. The pen is red with gold accents and is displayed in a way that its nib is visible but the ink reservoir is not. The notebook is also red and has a spiral binding. The image is clear and well-lit, showing the details of the pen and the notebook. For question 1, the main object is a fountain pen, so the answer is True. For question 2, the ink is not visible as the pen is displayed in a way that the ink reservoir is not seen, so the answer is True. The quality of the image is rated 1 because it is clear and well-lit, and the details of the pen and notebook are visible."}, {"ans": [true, true, 0.8], "reasoning": "The image shows a paintbrush with a wooden handle and a metal ferrule, but the bristles are missing. The presence of the paintbrush is evident, so the answer to the first question is True. Since the bristles are not visible, the answer to the second question is also True. The image is clear and well-lit, and the paintbrush is the main focus, so the quality score is 0.8. The missing bristles do not affect the quality score as per the instructions."}, {"ans": [true, false, 1.0], "reasoning": "The image clearly shows a pair of eyeglasses on top of a stack of papers. The eyeglasses have both lenses and temples, and both temples are visible. Therefore, the answer to the first question is True because the image is showing eyeglasses. The answer to the second question is False because the temples are not missing or invisible; they are clearly visible. The quality of the image is rated as 1 because it is clear and well-focused, with no significant issues affecting the visibility of the main subject."}, {"ans": [true, false, 0.9], "reasoning": "The image clearly depicts a person holding an umbrella on a rainy day in a city setting. The umbrella is visible and appears to be intact, with no obvious signs of damage or missing parts. The ribs of the umbrella are visible under the fabric, indicating that they are present. The image is well-lit, with a clear view of the subject and the surrounding environment, contributing to its high quality. The slight fog and reflections on the wet pavement add to the atmosphere but do not detract from the clarity of the main subject."}, {"ans": [true, false, 1.0], "reasoning": "The image is showing a wristwatch with a gold case and brown leather strap. The watch face is visible and has hour markers, which are the small white lines around the edge of the face. Therefore, the hour markers are not missing or not visible. The image is clear and well-lit, showing the watch in detail."}, {"ans": [true, false, 0.9], "reasoning": "The image clearly shows a camping tent with poles, as the structure is fully erected and visible. The presence of the poles is evident as they are supporting the tent fabric. Therefore, the answer to Question 1 is True because the image is showing a camping tent. The answer to Question 2 is False because the poles are not missing; they are visible and supporting the tent. The quality of the image is rated 0.9 because it is clear and well-lit, with no significant obstructions or issues affecting the visibility of the main object, the camping tent."}, {"ans": [true, false, 0.9], "reasoning": "The image shows a cuckoo clock with intricate carvings and decorations, including a bird emerging from a door at the top. The clock face is visible, and there are several weights hanging below it. The weights are clearly visible, indicating that they are not missing. The image is well-lit and detailed, suggesting a high-quality image. However, the quality score is not 1 because the image is slightly cropped, and the overall context is not fully visible."}, {"ans": [true, true, 0.9], "reasoning": "The image is showing a smartphone, so the answer to the first question is True. The speaker grille is not visible from the smartphone as it is shown from the front, so the answer to the second question is True. The image is clear and well-lit, with good resolution, so the quality score is 0.9. The absence of the speaker grille is not considered a factor in decreasing the quality score as per the instructions."}, {"ans": [true, false, 0.9], "reasoning": "The image clearly shows a motorcycle, so the answer to the first question is True. The speedometer is visible on the motorcycle, so the answer to the second question is False. The image is well-lit and in focus, with the motorcycle centered in the frame, so the quality is rated 0.9. The only reason for not giving it a perfect score is due to slight blurriness around the edges."}, {"ans": [true, true, 1.0], "reasoning": "The image shows a violin with its bow placed beside it, not a violin bow. However, the bow is present in the image. The bow's hair is not visible, so it is considered missing or not visible. The image is clear and well-lit, with no visible distortions or obstructions, hence the quality is rated as 1."}, {"ans": [true, true, 0.9], "reasoning": "The image clearly shows a large birdcage hanging from the ceiling of a porch. The birdcage is the main object in the image and is prominently displayed. Upon closer inspection, it is evident that there is no visible perch inside the birdcage. The image is well-lit and the details of the birdcage are clearly visible, indicating a high-quality image. The quality score is 0.9 because the image is clear and well-composed, with good lighting that highlights the details of the birdcage and its surroundings."}, {"ans": [true, false, 1.0], "reasoning": "The image is showing a statue of a woman, and the head is clearly visible. The statue is depicted in a classical style, with intricate details and a serene expression. The head is not missing or invisible, it is fully visible and appears to be a key part of the statue. The image is of high quality, with clear details and a well-lit composition."}, {"ans": [true, false, 0.9], "reasoning": "The image shows a teddy bear sitting on a bed. The teddy bear has a nose, which is visible and brown in color. The image is clear and well-lit, with the teddy bear centered in the frame. The quality of the image is high, with no visible distortions or blurriness."}, {"ans": [true, false, 0.9], "reasoning": "The image is showing a pair of white sneakers with laces. The sneakers are clearly visible and appear to be in good condition. The laces are also visible and appear to be properly tied. The image is well-lit and the details of the sneakers are clear. Therefore, the answer to the first question is True. The laces are visible, so the answer to the second question is False. The quality of the image is rated 0.9 because it is clear and well-lit, with no visible distortions or issues."}, {"ans": [true, true, 1.0], "reasoning": "The image shows a refrigerator with its door open, revealing the interior. The main object, the refrigerator, is clearly visible. The door shelves are not visible from the current angle, as the door is open and the shelves are on the door, which is now almost fully open and facing the right side of the image, making the shelves not visible. Thus, for Question 1, the answer is True because the image is showing a refrigerator. For Question 2, the answer is True because the door shelves are not visible due to the angle of the open door. The quality of the image is rated 1.0 because it is clear and well-lit, and the absence of door shelves is not a factor in decreasing the quality score as per the instructions."}, {"ans": [true, false, 0.9], "reasoning": "The image depicts a group of four young women sitting around a campfire in a wooded area. The campfire is the central focus, with flames clearly visible, surrounded by stones. The presence of the campfire and the women gathered around it indicates that the image is showing a campfire with flames. Therefore, the answer to Question 1 is True. Since the flames are visible, the answer to Question 2 is False. The image quality is rated 0.9, as it is clear and well-defined, with no apparent issues that would detract from the visibility of the campfire or the flames."}, {"ans": [true, false, 0.95], "reasoning": "The image clearly shows a drinking fountain with water flowing from it, indicating that the main object (drinking fountain) is present. The water is visible and flowing, so it is not missing or invisible. The image is well-lit and in focus, with a clear view of the drinking fountain and its surroundings, suggesting a high-quality image."}, {"ans": [true, false, 0.9], "reasoning": "The image shows a revolver with a visible trigger guard. The revolver is the main object in the image, and it is clearly visible. The trigger guard is also visible, surrounding the trigger. The image is of high quality, with clear details of the revolver and its components."}, {"ans": [true, false, 1.0], "reasoning": "The image is a detailed illustration of a compass rose, which is the main object in the image. The compass rose is intricately designed with various elements, including a north arrow that is clearly visible. The presence of the compass rose satisfies the condition for Question 1, making the answer 'True'. For Question 2, the north arrow is visible, so it is not missing or invisible, making the answer 'False'. The image is of high quality, with clear details and no apparent damage or obscuration that would affect the visibility of the compass rose or its elements. Therefore, the quality score is 1.0."}, {"ans": [true, false, 1.0], "reasoning": "The image depicts a futuristic cityscape with tall skyscrapers, some of which have visible windows. The presence of skyscrapers satisfies the first question. For the second question, the windows are visible on some of the skyscrapers, so they are not missing or invisible. The image is of high quality, with clear details and a coherent futuristic theme."}, {"ans": [true, true, 1.0], "reasoning": "The image depicts a man in a black tuxedo standing on a stage, with his right arm raised and his left arm bent at the elbow. He is surrounded by musicians playing violins, indicating that he is a conductor. The image is clear and well-lit, showing the conductor and the musicians in detail. The conductor's right hand is empty, and there is no visible baton in his left hand, suggesting that the baton is either missing or not visible."}, {"ans": [false, true, 1.0], "reasoning": "The image depicts a soccer field, but there is no visible soccer goal in the image. Therefore, the answer to Question 1 is False. Since there is no soccer goal present, the crossbar is also not visible, making the answer to Question 2 True. The image quality is considered good as it clearly shows the soccer field, and the absence of a soccer goal does not negatively impact the quality score."}, {"ans": [true, false, 1.0], "reasoning": "The image clearly shows a microscope on a table. The microscope has lenses attached to it, which are visible and not missing. The presence of the microscope and its lenses directly answers both questions. The image is of high quality, with clear details of the microscope and its components."}]