[{"ans": [true, true, 1.0], "reasoning": "The image shows a sailboat on the water. The sailboat is white and has two masts with ropes but no visible sails. The boat is floating on calm blue water under a clear blue sky. The absence of sails is noticeable as the ropes are visible but there are no sails attached to them. Therefore, for Question 1, the image is showing a sailboat, so the answer is True. For Question 2, the sails are not visible, so the answer is True. The image quality is good as it clearly shows the sailboat and its details, so the quality score is 1."}, {"ans": [true, false, 0.9], "reasoning": "The image shows a bicycle, so the answer to the first question is True. The chain is visible in the image, so the answer to the second question is False. The quality of the image is rated 0.9 because it is clear and well-lit, with no significant distractions or obstructions."}, {"ans": [true, false, 1.0], "reasoning": "The image clearly shows a cat sitting on a windowsill. The cat is centered and well-defined, indicating that the main object is present. The whiskers are visible around the cat's mouth, so they are not missing or invisible. The image is of high quality as it is clear and well-lit, with good focus on the cat."}, {"ans": [true, true, 1.0], "reasoning": "The image depicts a castle, which is the main object, so the answer to the first question is True. The gates are not visible as there are no visible gates at the entrance, only an archway, so the answer to the second question is True. The image is clear and well-lit, showing the castle and its surroundings in detail, so the quality is rated as 1."}, {"ans": [true, false, 1.0], "reasoning": "The image clearly depicts a hot-air balloon with a visible basket suspended beneath it. The balloon is the main object in the image, and it is shown with a basket, indicating that the basket is not missing or invisible. The image is of high quality, with clear details of the balloon, the basket, and the surrounding landscape."}, {"ans": [true, false, 1.0], "reasoning": "The image clearly shows a turtle with a visible shell on a beach. The turtle is centered in the image, and its shell is prominent and clearly visible. Therefore, the answer to the first question is True. Since the shell is visible, the answer to the second question is False. The image is of high quality as it is clear and well-lit, and the turtle is the main focus."}, {"ans": [true, false, 1.0], "reasoning": "The image clearly shows a train at a station. The train is silver and has multiple cars. The wheels of the train are visible and appear to be in contact with the tracks. The presence of the train and its wheels is evident, and the image is of high quality, capturing the details of the train and the station environment."}, {"ans": [true, false, 1.0], "reasoning": "The image clearly shows a pair of eyeglasses with lenses. The lenses are visible and not missing, so the answer to the second question is False. The image is of high quality as it is clear and well-focused on the eyeglasses, and the presence of lenses does not negatively impact the quality score."}, {"ans": [true, false, 1.0], "reasoning": "The image clearly shows a fountain pen with its nib visible, indicating that the main object is indeed a fountain pen. The nib is present and visible, so it is not missing. The image is of high quality, with clear details of the pen and its components."}, {"ans": [true, true, 1.0], "reasoning": "The image shows a metal frame of an umbrella, which is leaning against a wall. The canopy is missing, as only the metal structure is visible. Therefore, the answer to the first question is True because the image is showing an umbrella, albeit without a canopy. The answer to the second question is also True because the canopy is missing. The quality of the image is rated as 1 because it is clear and well-defined, and the key elements are easily identifiable."}, {"ans": [true, false, 0.9], "reasoning": "The image clearly shows an airplane on a runway, indicating that the main object is indeed an airplane. The wings are visible, although partially obscured by the perspective, so they are not missing or invisible. The image is of high quality, with clear details of the airplane and its surroundings."}, {"ans": [true, true, 1.0], "reasoning": "The image shows a desk lamp with an adjustable arm and a brass finish, positioned over an open book on a wooden table. The lamp's shade is directed towards the book, and a small light bulb is hanging from the lamp's arm, but it is not inside the lamp. The presence of the desk lamp is clear, answering the first question as True. For the second question, the bulb is not inside the lamp, making it missing or not visible, so the answer is True. The image is clear and well-lit, with the main subject (the desk lamp) clearly visible, hence the quality score is 1.0."}, {"ans": [true, false, 1.0], "reasoning": "The image is showing an electric guitar with a visible neck, so the answer to the first question is True. The neck is clearly visible, so the answer to the second question is False. The image is of high quality, well-lit, and clearly shows the guitar and its features, so the quality score is 1."}, {"ans": [true, false, 0.9], "reasoning": "The image clearly depicts a fish lying on ice, with its body and fins visible. The presence of the fish satisfies the first question. For the second question, the fins are clearly visible, so they are not missing or invisible. The image quality is high, with clear details of the fish and its surroundings, hence a quality score of 0.9."}, {"ans": [true, false, 1.0], "reasoning": "The image depicts a small brick house with a pitched roof, situated in a rural setting. The house is centered in the image and is surrounded by a field of tall grass. The roof is visible and appears to be intact, with no signs of damage or missing sections. The overall condition of the image is clear and well-lit, with good resolution. Therefore, the answer to Question 1 is True, as the image is showing a cottage. The answer to Question 2 is False, as the roof is visible and not missing. The quality of the image is rated as 1.0, indicating that it is of high quality."}, {"ans": [true, false, 0.9], "reasoning": "The image is showing a car, specifically a vintage convertible with its top up. The windshield is present and visible, so it is not missing or not visible. The quality of the image is high, with clear details of the car's interior and exterior. The only reason it wouldn't be a perfect score is due to the slight blurriness and the angle of the photo, but it doesn't detract significantly from the overall clarity."}, {"ans": [true, false, 0.9], "reasoning": "The image clearly shows a keyboard with a visible spacebar. The keyboard is well-lit and the keys are clearly visible, indicating a high-quality image. The presence of the spacebar is evident, so it is not missing or invisible."}, {"ans": [false, false, 0.9], "reasoning": "The image clearly depicts an owl perched on a tree branch under a full moon. The owl is fully feathered, and its plumage is detailed and visible. Therefore, for Question 1, the answer is True because the image is showing an owl. For Question 2, the answer is False because the feathers are not missing or not visible; they are clearly visible and detailed. The quality of the image is rated 0.9 because it is a clear and detailed representation of the scene, with good lighting and focus on the owl."}, {"ans": [true, false, 1.0], "reasoning": "The image shows two books on a wooden table. One book is standing upright, and the other is lying open on the table. The pages of the lying book are visible, so the pages are not missing or not visible. Therefore, the answer to the first question is True because the image is showing books. The answer to the second question is False because the pages are visible in the lying book. The quality of the image is rated as 1 because it is clear and well-lit, and there are no visible distortions or obstructions."}, {"ans": [true, false, 1.0], "reasoning": "The image depicts a lighthouse with a visible lamp, answering the first question affirmatively as it shows a lighthouse. For the second question, the lamp is present and visible, so the answer is false. The image quality is rated 1 because it is clear and well-defined, showing all relevant details of the lighthouse and its surroundings."}, {"ans": [true, false, 0.9], "reasoning": "The image shows a beige armchair with visible legs on a patterned rug. The chair is clearly an armchair, so the answer to the first question is True. The legs of the chair are visible, so the answer to the second question is False. The image is clear and well-lit, and the chair is the main focus, so the quality is rated as 0.9."}, {"ans": [true, true, 0.9], "reasoning": "The image shows a deer standing in a forest. The deer appears to be a female or a young male as there are no visible antlers on its head. The image is clear and well-lit, with the deer centered in the frame. The quality of the image is high, with good resolution and detail. The absence of antlers is not considered a factor in assessing the image quality."}, {"ans": [true, false, 1.0], "reasoning": "The image shows a white envelope on a marble surface. The envelope is closed, and its flap is visible and appears to be sealed. Therefore, for Question 1, the image is showing an envelope, so the answer is True. For Question 2, the flap is visible, so it is not missing or not visible, making the answer False. The image is clear and well-lit, showing the envelope and its details clearly, so the quality is rated as 1."}, {"ans": [true, true, 1.0], "reasoning": "The image shows a wall clock with a white face and black hands. The clock is hanging on a wall above a fireplace mantel. The clock face does not have any numbers visible. Therefore, the answer to the first question is True because the image is showing a wall clock. The answer to the second question is True because the numbers are not visible on the clock face. The quality of the image is rated as 1.0 because it is clear and well-lit, and there are no issues with the visibility of the main object (the clock)."}, {"ans": [true, false, 1.0], "reasoning": "The image clearly shows a person wearing a white space suit, including a helmet, floating in a pool. The presence of the space suit is evident, and the helmet is visible and not missing. The image is of high quality, with clear details of the space suit and its surroundings."}, {"ans": [true, false, 1.0], "reasoning": "The image clearly shows a windmill with visible blades in a field. The main object, the windmill, is present, so the answer to the first question is True. The blades are also visible, so the answer to the second question is False. The image is clear and well-lit, with the windmill and its blades easily discernible, so the quality score is 1."}, {"ans": [true, true, 1.0], "reasoning": "The image clearly shows a large tree without leaves, with the sun shining through its branches. The presence of the tree is evident, answering the first question affirmatively. The leaves are not visible on the tree, answering the second question affirmatively as well. The image is of high quality, with clear details of the tree and its surroundings."}, {"ans": [true, true, 1.0], "reasoning": "The image shows a yellow school bus parked in front of a building. The bus is clearly visible and appears to be in good condition. The doors of the bus are not visible as the image is taken from the side, and the angle does not allow for a view of the front or back doors. Therefore, the doors can be considered not visible. The image is clear and well-lit, with no visible distortions or obstructions that would affect its quality."}, {"ans": [true, false, 1.0], "reasoning": "The image shows a laptop on a table, with the screen visible and facing the viewer. The laptop is an Apple brand, as indicated by the logo on the back of the screen. The screen is open and appears to be turned off or blank. The image is clear and well-lit, with no visible distortions or obstructions. Therefore, the answer to Question 1 is True, as the image is showing a laptop. The answer to Question 2 is False, as the screen is visible. The quality of the image is rated 1, as it is clear and well-defined."}, {"ans": [true, true, 1.0], "reasoning": "The image shows a trumpet, which is the main object. The trumpet is visible and appears to be in good condition. The mouthpiece is not visible, indicating that it is either missing or not attached. The image is clear and well-lit, allowing for a good view of the trumpet. Therefore, the answer to Question 1 is True because the image is showing a trumpet. The answer to Question 2 is True because the mouthpiece is not visible. The quality of the image is rated as 1 because it is clear and well-lit."}, {"ans": [true, false, 1.0], "reasoning": "The image clearly shows a robot with a head in a laboratory setting. The robot is white with black accents and has a humanoid form. It has a distinct head with a face that includes what appears to be eyes. The presence of the head is evident, so the answer to the second question is false because the head is not missing or invisible. The image is of high quality, with clear details of the robot and its surroundings."}, {"ans": [true, true, 1.0], "reasoning": "The image shows a cylindrical candle on a silver tray. The candle appears to be made of wax and is cream-colored. There is no visible wick on the top of the candle. For question 1, the image is showing a candle, so the answer is True. For question 2, the wick is not visible, so the answer is True. The image quality is good, with clear details of the candle and the tray, so the quality score is 1."}, {"ans": [true, false, 0.9], "reasoning": "The image shows a pizza with a red sauce base, topped with various ingredients such as tomatoes, basil leaves, and black olives. The crust is visible and appears to be cooked. The presence of these elements confirms that the main object in the image is indeed a pizza. Although the pizza does not have a visible layer of cheese on top, it is possible that there is cheese underneath the toppings or mixed into the sauce. The image is clear and well-lit, allowing for a good view of the pizza's details. The quality of the image is rated 0.9 because it is sharp and well-composed, with no visible distortions or obstructions."}, {"ans": [true, true, 0.9], "reasoning": "The image is showing a Canon DSLR camera body without a lens attached. The lens mount is visible and empty, indicating that the lens is not attached. The camera body is clearly visible and appears to be in good condition. The image quality is high, with clear details of the camera body and its features. The presence or absence of the lens does not affect the quality score as per the instructions."}, {"ans": [true, false, 1.0], "reasoning": "The image clearly shows a grand piano on a stage in a large auditorium. The piano is open, and the keys are visible, indicating that the keys are not missing or invisible. Therefore, the answer to Question 1 is True because the image is showing a piano. The answer to Question 2 is False because the keys are visible. The quality of the image is rated as 1 because it is clear and well-lit, with no visible distortions or obstructions."}, {"ans": [true, false, 1.0], "reasoning": "The image shows two paintbrushes, one with visible bristles and the other partially visible but also with visible bristles. The presence of the paintbrushes satisfies the first question. For the second question, the bristles are visible on both brushes, so they are not missing or invisible. The image is clear and well-lit, showing the details of the brushes and the paint palette, hence the quality score is 1."}, {"ans": [true, true, 0.9], "reasoning": "The image is showing a watch, but the strap is not visible as it is obscured by the watch's body and the surface it is resting on. The watch is clearly visible and appears to be of good quality, hence the quality score is 0.9. The strap is missing or not visible, so answer 2 is True."}, {"ans": [true, false, 0.9], "reasoning": "The image clearly shows a man sitting in a dentist's chair with his mouth open, revealing his teeth and the inside of his mouth. The dentist is examining his teeth with dental tools. The man's tongue is visible at the bottom of his mouth. Therefore, the answer to the first question is True because the image is showing a mouth. The answer to the second question is False because the tongue is visible, hence not missing or not visible. The quality of the image is rated 0.9 because it is clear and well-lit, with no visible distortions or obstructions that would hinder understanding the scene."}, {"ans": [true, false, 0.9], "reasoning": "The image is clearly showing a motorcycle, so the answer to the first question is True. The handlebars are visible in the image, so the answer to the second question is False. The quality of the image is rated 0.9 because it is a clear and well-lit image, with no visible distortions or artifacts."}, {"ans": [true, false, 1.0], "reasoning": "The image clearly shows an old-fashioned television set with a visible screen. The screen is not missing or invisible; it is present and appears to be turned off or displaying a static screen. The television is housed in a wooden cabinet, and the lower section of the cabinet is open, revealing the internal components with glowing tubes. The presence of the screen and the overall structure confirms that the image is showing a television. Therefore, for Question 1, the answer is True. For Question 2, since the screen is visible, the answer is False. The image is of high quality as it clearly depicts the television and its details without any significant obscurity or distortion."}, {"ans": [true, false, 1.0], "reasoning": "The image is showing a white goat with horns standing on a rocky outcrop. The goat is clearly visible and appears to be in good condition. The horns are also visible, so they are not missing or invisible. The image is of high quality, with good lighting and focus."}, {"ans": [true, false, 0.9], "reasoning": "The image shows a red sneaker with white laces on a bench in front of lockers. The sneaker is clearly visible and appears to be in good condition. The laces are present and visible, threaded through the eyelets. The image is well-lit and the sneaker is centered in the frame, making it easy to see all its details. The quality of the image is high, with a clear and sharp depiction of the sneaker and its surroundings."}, {"ans": [true, false, 1.0], "reasoning": "The image clearly shows a frog sitting on a lily pad in the water. The frog is green with large, visible eyes. The presence of the frog in the image directly answers the first question. For the second question, the eyes of the frog are clearly visible, so they are not missing or not visible. The image is of high quality as it is clear and well-focused, capturing the details of the frog and its surroundings."}, {"ans": [true, false, 1.0], "reasoning": "The image is showing a mug with a handle, so the answer to the first question is True. The handle is visible, so the answer to the second question is False. The image is clear and well-lit, and the mug is centered in the frame, so the quality is rated as 1.0."}, {"ans": [true, false, 1.0], "reasoning": "The image clearly shows a saxophone, which is the main object in question. The saxophone is depicted with its keys visible, indicating that the keys are not missing. Therefore, the answer to the first question is True. For the second question, since the keys are visible on the saxophone, the answer is False because the keys are not missing or not visible. The image is of high quality as it clearly displays the saxophone and its details without any obstruction or significant distortion."}, {"ans": [true, false, 1.0], "reasoning": "The image clearly shows a skateboard with wheels. The skateboard is positioned on a brick surface, and all four wheels are visible. Therefore, the answer to Question 1 is True because the main object, a skateboard, is present. The answer to Question 2 is False because the wheels are not missing; they are clearly visible. The quality of the image is rated 1 because it is clear and well-lit, with all relevant details visible."}, {"ans": [true, false, 1.0], "reasoning": "The image shows a black fedora hat on a stand. The hat has a visible brim, so it is not missing. The image is clear and well-lit, showing the hat and its details, including the brim, so the quality is high."}, {"ans": [true, false, 0.9], "reasoning": "The image clearly shows a motorcycle helmet on a workbench, with a visor that is intact and visible. The presence of the helmet directly answers the first question affirmatively. For the second question, the visor is present and clearly visible, so it is not missing or not visible. The image is of high quality, with good lighting and detail, and the presence or absence of the visor does not affect the quality score as per the instructions."}, {"ans": [true, true, 1.0], "reasoning": "The image is showing a bedframe without a mattress. The bedframe is clearly visible and is the main object in the image. The mattress is not present or visible within the bedframe."}, {"ans": [true, false, 0.9], "reasoning": "The image depicts a brick clock tower with visible clock faces, thus answering the first question affirmatively as it is indeed showing a clock tower. For the second question, the clock face is visible on at least one side, so it is not missing or not visible, hence the answer is false. The quality of the image is rated 0.9 because it is clear and well-lit, with no apparent distortions or obstructions that would hinder the visibility of the main subject, the clock tower."}, {"ans": [true, false, 0.9], "reasoning": "The image shows a pocket watch with its cover open, revealing the inner workings and the clock face. The clock face has Roman numerals and black hands, indicating the time. The presence of the pocket watch is clear, and the hands are visible, so the answer to the first question is True. For the second question, since the hands are visible, the answer is False. The quality of the image is rated 0.9 because it is clear and well-lit, with no apparent issues that would detract from its quality."}, {"ans": [true, false, 0.9], "reasoning": "The image clearly shows a bicycle leaning against a stone wall. The bicycle is red with white accents and has a sleek design. The pedals are visible and appear to be attached to the crankset, indicating that they are not missing. The overall condition of the image is clear and well-lit, with a good view of the bicycle's features. The quality of the image is high, with a score of 0.9 out of 1. The only reason for not giving it a perfect score is due to minor speckles on the dark surface below the bicycle, but this does not detract from the main subject."}, {"ans": [true, false, 0.9], "reasoning": "The image is a painting of a woman with her eyes visible, so the answer to the first question is True. The eyes are clearly visible in the portrait, so the answer to the second question is False. The quality of the image is rated 0.9 because it is a clear and well-lit photograph of the painting, with no visible distortions or obstructions."}, {"ans": [true, false, 1.0], "reasoning": "The image shows a grand piano on a stage with spotlights shining down. The lid of the piano is open, revealing the internal mechanisms, including the hammers. Therefore, the main object (grand piano) is present, and the hammers are visible."}, {"ans": [true, true, 0.9], "reasoning": "The image depicts a sailing ship with two masts and rigging, indicating it is a sailing vessel. However, there are no sails visible on the masts. The image is clear and well-defined, showing the details of the ship and the surrounding water and sky. The absence of sails is not considered a factor in assessing the image quality as per the instructions."}, {"ans": [true, false, 0.9], "reasoning": "The image depicts a large tree with a wide canopy and visible roots, set against a backdrop of other trees and a blue sky with clouds. The tree appears to be an oak tree due to its broad leaves and sturdy branches. The leaves are clearly visible on the tree, indicating that they are not missing. Therefore, the answer to the first question is True, as the image is showing an oak tree with leaves. The answer to the second question is False, as the leaves are not missing or invisible from the oak tree. The quality of the image is rated 0.9, as it is a clear and well-defined representation of the scene, with no apparent issues that would detract from its quality."}, {"ans": [true, true, 0.9], "reasoning": "The image depicts a stone cottage with a gable roof and a chimney, surrounded by trees and vines. The front of the cottage is covered in vines, and there are steps leading up to the front. However, there is no visible door on the cottage. The image is clear and well-defined, showing the details of the cottage and its surroundings. Therefore, the answer to Question 1 is True because the image is showing a cottage. The answer to Question 2 is True because the door is not visible. The quality of the image is rated 0.9 because it is a clear and detailed image, despite the door being missing or not visible."}, {"ans": [true, false, 1.0], "reasoning": "The image clearly shows a passenger jet on a runway. The wings are visible on both sides of the aircraft, indicating that they are not missing. The image is of high quality, with clear details of the plane and its surroundings."}, {"ans": [true, true, 1.0], "reasoning": "The image shows a wristwatch with a white face and brown leather strap in a box. The watch face has hour markers but no numbers. The presence of the watch confirms the first answer as true. The absence of numbers on the watch face confirms the second answer as true. The image is clear and well-lit, showing the watch in detail, hence the quality is rated as 1."}, {"ans": [true, false, 1.0], "reasoning": "The image shows a pizza with a tomato sauce base, topped with basil leaves and having a crust with some cheese visible on it. The presence of the pizza is clear, so the answer to the first question is True. For the second question, the cheese is visible on the crust, indicating it's not missing or invisible, so the answer is False. The image is clear and well-lit, showing the pizza in detail, hence the quality is rated as 1."}, {"ans": [true, false, 0.9], "reasoning": "The image clearly shows traffic signals with red lights visible. The presence of the traffic signals and the lights answers the first question affirmatively. For the second question, the lights are clearly visible on the traffic signals, so they are not missing or not visible. The quality of the image is rated 0.9 because it is clear and well-lit, with the main elements (traffic signals and the road) easily discernible. The slight reduction from 1 is due to the overexposure in the center of the image, likely caused by the sun, but it does not significantly impact the visibility of the key elements."}, {"ans": [true, false, 0.9], "reasoning": "The image shows a skateboard with a rainbow-colored deck and yellow wheels. The skateboard is lying on a concrete surface, and its shadow is visible. The presence of the skateboard in the image directly answers the first question. For the second question, the wheels are clearly visible, so they are not missing or invisible. The image quality is rated 0.9 because it is clear and well-lit, showing all the details of the skateboard without any significant obstructions or blurriness."}, {"ans": [true, true, 1.0], "reasoning": "The image clearly shows a chessboard with a grid pattern, indicating it is a chessboard. Therefore, the answer to the first question is True. The black pieces are not visible on the chessboard, as only light-colored pieces are present. Hence, the answer to the second question is True. The image is of high quality, clearly showing the chessboard and the pieces, so the quality score is 1."}, {"ans": [true, false, 0.9], "reasoning": "The image is showing a sports car, which is the main object. The sports car is a red convertible with its top down, and it is parked in a luxurious showroom. The brakes are visible as red calipers behind the silver rims, so they are not missing or invisible. The image quality is high, with clear details of the car and its surroundings."}, {"ans": [true, true, 1.0], "reasoning": "The image is showing an open book with blank pages, so it is a book. The text is not visible on the pages, as they are blank, so the text is considered missing."}, {"ans": [true, false, 1.0], "reasoning": "The image clearly shows a computer tower with its side panel removed, revealing the internal components. The presence of fans is evident, as there are visible fans inside the tower. Therefore, for Question 1, the answer is True because the image is showing a computer tower. For Question 2, the answer is False because the fans are visible. The quality of the image is rated as 1 because it is clear and well-lit, and the key elements are easily visible."}, {"ans": [true, false, 0.9], "reasoning": "The image depicts a scarecrow standing in a wheat field. The scarecrow is made of straw and is dressed in a plaid shirt and a straw hat. It has visible arms, as indicated by the sleeves of the shirt being filled out. The presence of the scarecrow is clear, and its arms are visible, answering both questions."}, {"ans": [true, false, 0.9], "reasoning": "The image depicts a man in armor, which is consistent with the representation of a knight. The presence of a sword is visible on the knight's back, indicating that the knight is not without a sword. Therefore, the answer to Question 1 is True. Since the sword is visible, albeit not directly facing the viewer, the answer to Question 2 is False. The quality of the image is rated 0.9 due to its high level of detail and clarity, with the only potential deduction being for minor aspects such as slight texture or minor lighting effects that are not immediately apparent."}, {"ans": [true, false, 1.0], "reasoning": "The image is showing a white teapot with a floral design on it. The teapot has a handle, spout, and lid, which are all typical features of a teapot. The handle is visible on the right side of the teapot. Therefore, the answer to Question 1 is True because the image is showing a teapot. The answer to Question 2 is False because the handle is visible. The quality of the image is rated as 1.0 because it is clear and well-lit, with no visible distortions or obstructions."}, {"ans": [true, false, 1.0], "reasoning": "The image clearly shows a basketball hoop with a net. The basketball hoop is the main object in the image, and it is present. The net is also visible and not missing. The image is clear and well-lit, with a clear view of the basketball hoop and net. Therefore, the answer to the first question is True, and the answer to the second question is False. The quality of the image is rated as 1 because it is clear and well-defined."}, {"ans": [true, false, 0.9], "reasoning": "The image shows a dining table set with fine china and silverware, indicating that it is indeed a dining table. The presence of plates, utensils, and napkins confirms this. For the second question, the glasses are visible at the top of the image, so they are not missing or invisible. The quality of the image is rated 0.9 because it is clear and well-lit, with no visible distortions or obstructions that would detract from the visibility of the dining table setting."}, {"ans": [true, false, 0.9], "reasoning": "The image clearly shows a vintage typewriter, which is the main object in question. The typewriter is positioned centrally in the image, and its details are visible, indicating that it is the primary focus. The presence of a ribbon is also evident, as it is visible and appears to be properly threaded through the typewriter's mechanism. Therefore, for Question 1, the answer is True because the image is showing a typewriter. For Question 2, the answer is False because the ribbon is visible and not missing. The quality of the image is rated 0.9, indicating a high level of clarity and detail. The slight deduction from 1 is due to minor imperfections or the context not being perfectly sharp, but this does not affect the visibility of the main object or the ribbon."}, {"ans": [true, true, 1.0], "reasoning": "The image shows a winter jacket hanging on a coat rack. The jacket is a long, cream-colored puffer coat with a fur-trimmed hood and buttons down the front. There is no visible zipper on the jacket. The image is clear and well-lit, showing the details of the jacket and its surroundings. Therefore, the answer to Question 1 is True because the image is showing a winter jacket. The answer to Question 2 is True because the zipper is not visible on the jacket. The quality of the image is rated as 1 because it is clear and well-lit, and there are no issues with the visibility of the main object or its key elements."}, {"ans": [true, false, 1.0], "reasoning": "The image clearly shows a sunflower. The seeds are visible on the sunflower, arranged in a spiral pattern on the flower head. The image is of high quality, with clear details of the sunflower and its seeds."}, {"ans": [true, false, 0.9], "reasoning": "The image clearly depicts an elephant, so the answer to the first question is True. The trunk of the elephant is visible and clearly seen in the image, so the answer to the second question is False. The image is of high quality, with clear details of the elephant and its surroundings, hence the quality score is 0.9. The presence or absence of the trunk does not affect the quality score as per the instructions."}, {"ans": [true, true, 0.9], "reasoning": "The image is showing a rowboat, which is the main object. The oars are not visible in the image, so they are considered missing. The image is clear and well-lit, with a good view of the rowboat and its surroundings, hence the quality score is high."}, {"ans": [true, false, 1.0], "reasoning": "The image clearly shows a snowman standing in a snowy yard, with a house in the background. The snowman is made of three large snowballs, with a carrot nose, coal eyes, and a red scarf. It is wearing a black top hat and has two sticks for arms. The buttons are visible on the snowman's body, so they are not missing."}, {"ans": [true, false, 0.9], "reasoning": "The image shows a fountain pen on a stand placed on top of a notebook. The pen is clearly visible and appears to be a fountain pen due to its nib. The ink within the pen is also visible, indicating that it is not empty. Therefore, for Question 1, the answer is True because the image is showing a fountain pen. For Question 2, the answer is False because the ink is visible within the pen. The quality of the image is rated 0.9 because it is clear and well-lit, with no significant issues affecting the visibility of the main subject, the fountain pen."}, {"ans": [true, true, 1.0], "reasoning": "The image shows a paintbrush with a wooden handle and a metal ferrule, but the bristles are not visible as they are likely covered in paint and possibly stuck together or obscured by the angle of the image. The presence of the paintbrush is clear, fulfilling the condition for Question 1. For Question 2, the bristles are not visible, so the answer is True. The image is of high quality, clearly showing the details of the paintbrush handle and the surrounding paint palette, hence the quality score is 1."}, {"ans": [true, false, 1.0], "reasoning": "The image clearly shows a pair of eyeglasses with temples on top of a stack of papers. The eyeglasses are the main focus and are visible in their entirety, including the temples. Therefore, the answer to the first question is True. For the second question, since the temples are visible, the answer is False. The image is of high quality as it is clear and well-lit, with the eyeglasses being the central focus."}, {"ans": [true, true, 0.9], "reasoning": "The image clearly shows a person holding an umbrella on a rainy city street. The umbrella is the main object in the foreground, and it is visible and recognizable. However, the ribs of the umbrella are not visible due to the angle and the fact that they are likely obscured by the umbrella's fabric or the lighting conditions. Therefore, for Question 1, the answer is True because the image is showing an umbrella. For Question 2, the answer is True because the ribs are not visible. The quality of the image is rated 0.9 because it is clear and well-composed, with good lighting that highlights the main subject despite the rain and city background."}, {"ans": [true, false, 1.0], "reasoning": "The image is showing a wristwatch with a gold case and black leather strap. The watch face is visible and has a skeleton design, showing the internal mechanisms. The hour markers are visible on the outer rim of the watch face, indicating the hours. Therefore, the hour markers are not missing or invisible."}, {"ans": [true, false, 0.9], "reasoning": "The image clearly depicts a camping tent in a grassy field, indicating that the main object is indeed a camping tent. The tent appears to be set up with its fabric stretched over poles, and the poles themselves are visible, supporting the structure. Therefore, the poles are not missing or invisible. The image is of high quality, with clear details of the tent and its surroundings."}, {"ans": [true, false, 0.9], "reasoning": "The image is showing a cuckoo clock with intricate carvings and decorations, including deer figures and pinecones hanging from the bottom. The clock face is visible, and the weights are clearly visible hanging down from the clock. Therefore, the answer to Question 1 is True because the image is indeed showing a cuckoo clock. The answer to Question 2 is False because the weights are not missing; they are visible in the image. The quality of the image is rated 0.9 because it is clear and well-detailed, with no significant issues affecting the visibility of the main elements."}, {"ans": [true, true, 1.0], "reasoning": "The image shows a smartphone with its screen facing upwards. The phone is placed on a white surface, and its screen is displaying a call interface. The phone's bottom edge is visible, showing a series of small holes that could be a speaker grille, but it is not clearly visible as the main speaker grille is usually located. The main speaker grille is typically located at the bottom or top of the phone, but in this image, the top and bottom edges are not clearly showing the presence of a speaker grille. Therefore, for Question 1, the image is showing a smartphone, so the answer is True. For Question 2, the speaker grille is not clearly visible, so the answer is True. The quality of the image is rated as 1 because it is clear and well-lit, and the absence of a visible speaker grille does not affect the quality score as per the given instructions."}, {"ans": [true, true, 0.9], "reasoning": "The image clearly shows a motorcycle positioned on a dirt road, facing the camera. The motorcycle is the main object in the image and is visible in detail, including its headlight, handlebars, and front wheel. The speedometer is not visible in the image, as it is not present on the motorcycle or is not within the visible area. The image is well-lit and in focus, with a clear view of the motorcycle and its surroundings. The quality of the image is high, with a score of 0.9, indicating that it is a clear and well-defined image."}, {"ans": [true, true, 0.9], "reasoning": "The image is showing a violin bow. The bow is displayed on a red satin fabric, and it appears to be a typical violin bow with a wooden stick and metal fittings. The hair of the bow is not visible, indicating that it is either missing or not visible. The image is clear and well-lit, with good resolution, hence the quality score is 0.9."}, {"ans": [true, true, 1.0], "reasoning": "The image depicts a large, ornate birdcage hanging from the ceiling of a porch. The birdcage is the main object in the image and is clearly visible. There is no visible perch inside the birdcage. Therefore, the answer to the first question is True because the image is showing a birdcage. The answer to the second question is True because the perch is not visible inside the birdcage. The quality of the image is rated as 1 because it is clear and well-lit, and the main object (the birdcage) is prominently displayed."}, {"ans": [true, false, 1.0], "reasoning": "The image is showing a statue of a woman, and the head is present and visible. The statue is depicted with intricate details and is placed in a setting with marble columns, indicating a high level of craftsmanship. The presence of the head on the statue directly answers both questions: the image is showing a statue (True for Question 1), and the head is not missing or invisible (False for Question 2). The quality of the image is rated as 1.0 because it is clear and well-defined, with no visible degradation or issues that would detract from its quality."}, {"ans": [true, false, 0.9], "reasoning": "The image is showing a teddy bear with a nose, so the answer to the first question is True. The nose is clearly visible, so the answer to the second question is False. The quality of the image is rated 0.9 because it is a clear and well-lit photo, with no visible distortions or obstructions."}, {"ans": [true, false, 1.0], "reasoning": "The image clearly shows a pair of sneakers, which are high-top Converse shoes with white laces. The presence of the sneakers directly answers the first question. For the second question, the laces are visible and present on the sneakers, so they are not missing or invisible. The image is clear and well-lit, showing all relevant details of the sneakers, hence the quality is rated as 1."}, {"ans": [true, true, 0.9], "reasoning": "The image shows a refrigerator with its doors open, revealing the interior. The main object, a refrigerator, is present. The door shelves are not visible from the current angle, as the doors are open and the shelves are not visible. Therefore, the answer to the first question is True, and the answer to the second question is True. The quality of the image is rated 0.9, as it is a clear and well-lit image, but the rating is not decreased due to the absence of door shelves, as per the instructions."}, {"ans": [true, false, 0.9], "reasoning": "The image depicts a group of four young women gathered around a campfire in a wooded area. The campfire is the central focus, with flames and sparks visible, indicating that it is actively burning. The presence of the campfire and the people around it suggests a social gathering or camping scenario. The flames are clearly visible, so they are not missing or invisible. The quality of the image is high, with clear details of the subjects and the environment, hence a quality score of 0.9."}, {"ans": [true, false, 1.0], "reasoning": "The image clearly shows a drinking fountain, which is the main object in the image. The water is flowing from the fountain, indicating that it is not missing or invisible. The image is well-lit and in focus, with a clear view of the drinking fountain and its surroundings."}, {"ans": [true, false, 0.9], "reasoning": "The image shows a revolver with a visible trigger guard. The revolver is clearly identifiable, and the trigger guard is present and visible, so the answer to the first question is True and the second question is False. The image is clear and well-lit, showing the revolver in detail, hence the quality score is 0.9."}, {"ans": [true, false, 0.9], "reasoning": "The image is a detailed illustration of a compass rose, which is clearly visible and central to the image. The compass rose includes multiple rings with various markings and symbols, and it is surrounded by an ornate border. The north arrow is present and visible, pointing upwards. The image quality is high, with clear details and shading, although the background has a worn, aged appearance that slightly affects the overall clarity. The presence of the north arrow is evident, so it is not missing or invisible."}, {"ans": [true, false, 0.9], "reasoning": "The image depicts a futuristic cityscape with numerous tall, sleek skyscrapers, indicating the presence of skyscrapers. Upon closer inspection, some of the skyscrapers have visible windows, particularly those in the background and on the sides of the buildings in the foreground. The presence of windows on these buildings means that the windows are not entirely missing or invisible. The image is of high quality, with clear details and vibrant colors, hence a quality score of 0.9."}, {"ans": [true, true, 0.9], "reasoning": "The image shows a man in a tuxedo standing on a podium, with his right arm raised and his left arm extended outward. He is surrounded by musicians playing violins, indicating that he is a conductor. The image is clear and well-lit, and the conductor is the main focus. The baton is not visible in the conductor's hand, suggesting that it is either missing or not visible."}, {"ans": [true, true, 0.9], "reasoning": "The image shows a soccer field with a goal at the far end. The goal posts are visible, but there is no visible crossbar connecting them. The presence of the goal posts indicates that the image is showing a soccer goal. The crossbar is not visible, which means it is either missing or not visible from the given perspective. The image quality is rated high because it clearly shows the soccer field and the goal posts."}, {"ans": [true, false, 1.0], "reasoning": "The image is showing a microscope with its lenses visible and intact. The microscope is clearly identifiable, and the lenses are present and visible, so the answer to the first question is True. For the second question, since the lenses are visible, the answer is False. The image is of high quality, clearly showing the details of the microscope and its components, so the quality score is 1.0."}]