[{"ans": [true, true, 1.0], "reasoning": "The image shows a sailboat on the water. The sailboat is white with a tall mast and ropes, but the sails are not visible, indicating they are either missing or not deployed. The boat is floating on calm blue water under a clear blue sky. The image is clear and well-composed, capturing the sailboat in the center of the frame."}, {"ans": [true, false, 0.9], "reasoning": "The image shows a red bicycle against a brick wall. The bicycle is clearly visible and appears to be in good condition. The chain is visible and not missing, as it is seen connecting the pedals to the gears on the back wheel. Therefore, for Question 1, the answer is True because the image is showing a bicycle. For Question 2, the answer is False because the chain is not missing or invisible; it is clearly visible. The quality of the image is rated 0.9 because it is clear and well-lit, with no significant obstructions or issues that would detract from the visibility of the bicycle or its components."}, {"ans": [true, false, 0.9], "reasoning": "The image clearly shows a cat sitting on a windowsill. The cat is centered and well-defined, indicating that the main object is present. The whiskers of the cat are visible, which means they are not missing or invisible. The image is of high quality, with clear details of the cat and its surroundings. The slight decrease in quality score is due to minor factors such as the slight blurriness in the background, but this does not affect the visibility of the cat or its whiskers."}, {"ans": [true, false, 0.9], "reasoning": "The image depicts a castle with stone walls and towers, featuring two large entrances with arched doorways and wooden doors. The presence of the castle is evident, satisfying the first question. For the second question, the gates are visible as wooden doors within the arched entrances, so they are not missing or invisible. The image quality is high, with clear details of the castle and its surroundings, thus rated 0.9."}, {"ans": [true, false, 1.0], "reasoning": "The image is showing a hot-air balloon with a visible basket, so the answer to the first question is True. The basket is clearly visible in the image, so the answer to the second question is False. The image is of high quality, with clear details of the hot-air balloon and its surroundings, so the quality score is 1."}, {"ans": [true, false, 1.0], "reasoning": "The image clearly shows a turtle with a visible shell. The turtle is centered in the image, and its shell is prominent. Therefore, the answer to Question 1 is True because the image is showing a turtle. The answer to Question 2 is False because the shell is visible. The quality of the image is rated 1 because it is clear and well-lit, with the turtle being the main focus."}, {"ans": [true, false, 0.9], "reasoning": "The image clearly shows a train at a station, indicating that the main object (the train) is present. The train's wheels are partially visible under the carriage, so they are not missing or entirely not visible. The image is well-lit and in focus, with a clear view of the train and the station, hence a high-quality score."}, {"ans": [true, false, 1.0], "reasoning": "The image clearly shows a pair of eyeglasses with lenses, so the answer to Question 1 is True. The lenses are visible, so the answer to Question 2 is False. The image is well-lit and in focus, with no visible distortions or obstructions, so the quality is rated as 1.0."}, {"ans": [true, false, 1.0], "reasoning": "The image clearly shows a fountain pen with its cap removed and placed beside it. The nib of the pen is visible and appears to be intact. Therefore, the answer to the first question is True because the image is showing a fountain pen. The answer to the second question is False because the nib is visible and not missing. The quality of the image is rated as 1 because it is clear and well-defined, with no apparent issues that would detract from its quality."}, {"ans": [true, false, 1.0], "reasoning": "The image shows an umbrella with a visible canopy, which is the main object. The canopy is made of a transparent material and is attached to the metal frame. The umbrella is leaning against a wall, and a chair is placed next to it. The image is clear and well-lit, and the umbrella is the central focus."}, {"ans": [true, false, 1.0], "reasoning": "The image shows a white airplane on a runway, with its wings clearly visible. The presence of the airplane satisfies the first question. Since the wings are visible, the answer to the second question is false. The image is clear and well-lit, with no visible distortions or obstructions, hence the quality is rated as 1."}, {"ans": [true, false, 1.0], "reasoning": "The image clearly shows a desk lamp with a bulb. The bulb is visible inside the lamp shade, indicating that it is present and not missing. The image is of high quality, with clear details of the lamp and the book on the table."}, {"ans": [true, false, 1.0], "reasoning": "The image shows an electric guitar with a visible neck, so the main object is present and the neck is not missing."}, {"ans": [false, false, 0.9], "reasoning": "The image is showing a fish with visible fins, so the answer to the first question is True. The fins are clearly visible in the image, so the answer to the second question is False. The quality of the image is high, with clear details of the fish and its surroundings, so the quality score is 0.9."}, {"ans": [true, false, 1.0], "reasoning": "The image shows a small brick house with a pitched roof, which can be classified as a cottage. The roof is visible and not missing, so the answer to the second question is False. The image is clear and well-lit, with no visible distortions or obstructions, so the quality is rated as 1."}, {"ans": [true, true, 1.0], "reasoning": "The image shows a classic convertible car, which is the main object. The windshield is not visible, as it appears to be a convertible with the top down or possibly missing. The image is clear and well-lit, showing the car's interior and exterior details."}, {"ans": [true, false, 1.0], "reasoning": "The image is showing a keyboard with a visible spacebar. The spacebar is clearly visible and not missing. The image is of high quality, with clear details of the keyboard and its keys."}, {"ans": [true, false, 0.9], "reasoning": "The image clearly depicts an owl perched on a tree branch under a full moon, with detailed feathers visible across its body. The presence of the owl is evident, answering the first question affirmatively. For the second question, the feathers are not missing or invisible; they are a prominent feature of the owl's appearance. The image quality is high, with clear details of the owl and its surroundings, hence a quality score of 0.9. The slight deduction is due to minor imperfections that do not detract from the overall clarity and detail of the image."}, {"ans": [true, true, 1.0], "reasoning": "The image depicts a leather-bound book with a blank interior, suggesting that it is either empty or the pages are not visible. The book is prominently displayed on a wooden table, with a bookshelf in the background. The main object in the image is indeed a book, so the answer to the first question is True. The pages of the book are not visible, as they appear to be blank or possibly missing, so the answer to the second question is also True. The image is of high quality, with clear details and a well-composed scene, so the quality score is 1."}, {"ans": [true, false, 1.0], "reasoning": "The image is showing a lighthouse with a visible lamp. The lighthouse is the main object in the image and is clearly visible. The lamp is also visible inside the glass enclosure at the top of the lighthouse. Therefore, the answer to Question 1 is True because the image is showing a lighthouse. The answer to Question 2 is False because the lamp is not missing or invisible; it is clearly visible. The quality of the image is rated as 1 because it is clear and well-defined, and the key elements are easily identifiable."}, {"ans": [true, false, 1.0], "reasoning": "The image is showing an armchair with visible legs, so the main object is present. The legs are visible, so they are not missing or not visible. The image quality is good as it clearly shows the armchair and its features."}, {"ans": [true, true, 0.9], "reasoning": "The image is clearly showing a deer standing in a forest. The deer appears to be without antlers, and upon closer inspection, it is evident that there are no antlers visible on the deer's head. The image is of high quality, with clear details of the deer's features and its surroundings."}, {"ans": [true, false, 1.0], "reasoning": "The image shows a white envelope with its flap closed and visible. The envelope is centered on a marble surface. For Question 1, the main object is an envelope, so the answer is True. For Question 2, the flap is visible and not missing, so the answer is False. The image is clear and well-lit, showing the envelope and its details, hence the quality is rated 1.0."}, {"ans": [true, true, 1.0], "reasoning": "The image is showing a wall clock, which is the main object. The clock face is white with black hands and markings but lacks numbers, making the numbers missing or not visible. The image is clear and well-lit, indicating good quality."}, {"ans": [true, false, 1.0], "reasoning": "The image clearly shows a person wearing a white space suit, which is partially submerged in a swimming pool. The space suit is fully visible and includes a helmet with a reflective gold visor. The presence of the space suit is evident, and the helmet is clearly visible, indicating it is not missing."}, {"ans": [true, false, 0.9], "reasoning": "The image clearly depicts a windmill with visible blades standing in a field of wheat. The presence of the windmill and its blades directly answers both questions. For question 1, the image shows a windmill, so the answer is True. For question 2, since the blades are visible, the answer is False. The quality of the image is rated 0.9 because it is clear and well-composed, with good lighting and focus on the windmill."}, {"ans": [true, true, 0.95], "reasoning": "The image clearly shows a large tree with bare branches, indicating that it is either without leaves or has lost its leaves. The presence of the tree is evident, answering the first question affirmatively. For the second question, the leaves are not visible on the tree, supporting an affirmative answer. The image is of high quality, with clear details of the tree and its surroundings, hence a high-quality score."}, {"ans": [true, true, 1.0], "reasoning": "The image shows a yellow school bus parked in front of a building. The bus is clearly visible, and its presence is not in question. Therefore, the answer to the first question is True. The doors of the bus are not visible as the image only captures the side of the bus, making the doors either missing or not visible. Hence, the answer to the second question is True. The image is clear and well-lit, with the bus being the main focus. There are no visible issues that would affect the quality of the image, so the quality is rated as 1."}, {"ans": [true, false, 1.0], "reasoning": "The image shows a laptop on a table. The laptop is open and its screen is visible, although it is facing away from the camera. The laptop's body and keyboard are clearly visible. Since the laptop is the main object and it is present, the answer to the first question is true. The screen is visible, so it is not missing or not visible, making the answer to the second question false. The image is clear and well-lit, showing the laptop and its surroundings in detail, hence the quality is rated as 1.0."}, {"ans": [true, true, 0.9], "reasoning": "The image shows a trumpet, which is the main object in question. The trumpet is visible and appears to be in good condition. However, upon closer inspection, it is clear that the mouthpiece is not attached to the trumpet. Therefore, the answer to the first question is True, as the image is showing a trumpet. The answer to the second question is also True, as the mouthpiece is missing. The quality of the image is rated 0.9, as it is clear and well-lit, with no visible distortions or issues that would affect the assessment of the trumpet or the presence/absence of the mouthpiece."}, {"ans": [true, false, 0.9], "reasoning": "The image shows a robot with a visible head, standing in a laboratory setting. The robot is white and has a humanoid appearance, with a clear head and facial features. The background is a laboratory with various equipment and countertops. The image is well-lit and in focus, indicating a high-quality image. The presence of the robot's head is clearly visible, so the answer to question 2 is False. The image quality is rated 0.9 because it is a clear and well-composed image, with no visible distortions or issues that would detract from its quality."}, {"ans": [true, true, 1.0], "reasoning": "The image shows a candle, which is the main object. The wick is not visible, so it is considered missing. The image is of high quality as it is clear and well-lit."}, {"ans": [true, true, 0.9], "reasoning": "The image shows a pizza with a red sauce base, topped with cherry tomatoes, basil leaves, and what appears to be small balls of dough. There is no visible cheese on top of the pizza, suggesting that it might be missing or not visible. The image is clear and well-lit, with a good view of the pizza's toppings. The quality of the image is rated 0.9 because it is a high-quality image with clear details, and the absence of cheese is not considered a factor in reducing the quality score as per the instructions."}, {"ans": [true, true, 0.9], "reasoning": "The image shows a Canon DSLR camera body without a lens attached. The camera is mounted on a tripod and placed on a wooden surface. The lens mount is visible, indicating that a lens is not attached. Therefore, the answer to Question 1 is True because the image is showing a DSLR camera. The answer to Question 2 is True because the lens is missing. The quality of the image is rated 0.9 because it is clear and well-lit, with no visible distortions or obstructions."}, {"ans": [true, false, 1.0], "reasoning": "The image clearly shows a grand piano on a stage in an auditorium. The piano is open, and the keys are visible, indicating that the keys are not missing or invisible. The image is of high quality, with clear details of the piano and the surrounding environment."}, {"ans": [true, false, 1.0], "reasoning": "The image is showing a paintbrush with visible bristles, so the answer to the first question is True. The bristles are clearly visible, so the answer to the second question is False. The image is of high quality, as it is clear and well-lit, and the paintbrush and palette are easily visible."}, {"ans": [true, false, 0.9], "reasoning": "The image is showing a watch, which is the main object. The watch has a strap, and it is visible. The quality of the image is high, with clear details of the watch and its surroundings."}, {"ans": [true, false, 0.9], "reasoning": "The image clearly shows a person with their mouth open, revealing their teeth and tongue. The presence of a mouth is evident, so the answer to the first question is True. The tongue is visible inside the mouth, so it is not missing or invisible, making the answer to the second question False. The image is well-lit and focused on the subject's mouth, indicating good quality, hence the quality score is 0.9."}, {"ans": [true, false, 1.0], "reasoning": "The image clearly shows a motorcycle, so the answer to the first question is True. The handlebars are visible in the image, so the answer to the second question is False. The image is of high quality, with clear details and proper lighting, so the quality score is 1."}, {"ans": [true, false, 1.0], "reasoning": "The image clearly shows a vintage television set with a visible screen, placed on a wooden cabinet. The television is the main object in the image, and it is intact with its screen visible, although the screen appears to be turned off or displaying a static image. Therefore, the answer to the first question is True. For the second question, since the screen is visible, the answer is False. The image is of high quality, and the key elements are clearly visible, hence the quality score is 1.0."}, {"ans": [true, false, 1.0], "reasoning": "The image clearly shows a goat standing on a rocky outcrop. The goat has a white, fluffy coat and is facing towards the left side of the image. It has two visible horns on its head. The background is a mountainous landscape with a blue sky and white clouds. The overall quality of the image is high, with clear details of the goat and its surroundings."}, {"ans": [true, false, 1.0], "reasoning": "The image clearly shows a red sneaker with white laces. The sneaker is prominently displayed on a wooden surface in front of gray lockers, and the laces are visible and not missing. Therefore, the answer to the first question is True because the image is showing a sneaker. The answer to the second question is False because the laces are present and visible. The quality of the image is rated 1 because it is clear and well-focused, with no visible issues that would detract from the visibility of the sneaker or its laces."}, {"ans": [true, false, 1.0], "reasoning": "The image clearly shows a frog sitting on a lily pad in the water. The frog is green with large, visible eyes. The eyes are clearly visible, so they are not missing or invisible. The image is of high quality, with clear details of the frog and its surroundings."}, {"ans": [true, false, 0.9], "reasoning": "The image is showing a mug with a handle, so the answer to the first question is True. The handle is visible, so the answer to the second question is False. The quality of the image is rated 0.9 because it is clear and well-lit, with no visible distortions or obstructions."}, {"ans": [true, false, 0.9], "reasoning": "The image clearly shows a saxophone, which is the main object in question. The saxophone is depicted with its keys visible, indicating that the keys are not missing. The image is well-lit and in focus, with a clear view of the instrument's details. The quality of the image is high, with a score of 0.9 out of 1. The presence of the keys is evident, so the answer to the second question is False."}, {"ans": [true, false, 1.0], "reasoning": "The image clearly shows a skateboard with wheels attached to it. The skateboard is positioned on a brick surface, and all four wheels are visible and appear to be securely attached to the trucks. Therefore, the answer to Question 1 is True because the image is showing a skateboard. The answer to Question 2 is False because the wheels are not missing; they are clearly visible. The quality of the image is rated as 1 because it is clear and well-lit, allowing for easy identification of the skateboard and its components."}, {"ans": [true, false, 1.0], "reasoning": "The image is showing a black fedora hat on a stand. The hat has a brim, which is visible and not missing. The image is clear and well-lit, with the hat being the main focus. The quality of the image is high, as it is well-defined and has good contrast."}, {"ans": [true, false, 0.9], "reasoning": "The image shows a motorcycle helmet with a visor. The visor is clearly visible and appears to be in place. The image is well-lit and the helmet is centered, making it easy to see the details. The quality of the image is high, with a clear and sharp representation of the helmet and its features."}, {"ans": [true, true, 1.0], "reasoning": "The image depicts an ornate wooden bed frame with a headboard and footboard, featuring intricate carvings. The bed frame is empty, with no mattress visible. The presence of the bed frame satisfies the first question, so the answer is True. For the second question, since the mattress is not visible, the answer is True. The image quality is rated 1.0 because it is clear and well-defined, with no issues affecting the visibility of the main object, the bed frame."}, {"ans": [true, false, 1.0], "reasoning": "The image is showing a clock tower with a visible clock face on two sides, so it meets the condition for Question 1. For Question 2, the clock face is visible, so it is not missing or not visible. The image is clear and well-lit, with the clock tower being the main focus, hence the quality score is 1."}, {"ans": [true, false, 0.95], "reasoning": "The image clearly depicts a pocket watch with visible hands. The watch is centered and prominently displayed on a beige satin fabric. The hands of the watch are black and clearly visible, indicating the time. The image is of high quality, with clear details of the watch's mechanism and design."}, {"ans": [true, false, 1.0], "reasoning": "The image clearly shows a red bicycle leaning against a stone wall. The bicycle has a frame, wheels, handlebars, and a seat, which are the main components of a bicycle. The pedals are visible and appear to be attached to the crankset, so they are not missing. The image is well-lit and in focus, showing all the necessary details of the bicycle."}, {"ans": [true, false, 0.9], "reasoning": "The image is a portrait of a woman with visible eyes, so the answer to the first question is True. The eyes are clearly visible, so the answer to the second question is False. The image is well-rendered and clear, but the quality is not perfect due to some minor texture and brushstroke visible, hence a quality score of 0.9."}, {"ans": [true, true, 0.9], "reasoning": "The image shows a grand piano on a stage with spotlights shining down. The lid of the piano is open, but the interior is not clearly visible due to the lighting. For Question 1, the main object in the image is indeed a grand piano, so the answer is True. For Question 2, the hammers inside the piano are not visible, likely due to the angle and lighting, so the answer is True. The quality of the image is rated 0.9 because it is clear and well-lit, with the grand piano being the central focus. The lack of visibility of the hammers is not due to poor image quality but rather the composition and lighting."}, {"ans": [true, true, 0.9], "reasoning": "The image depicts a sailing ship with two masts, flying flags, and appears to be in the middle of a body of water. The sails are not visible, indicating they are either missing or not deployed. The image is clear and well-defined, suggesting a high quality. The absence of sails is not considered a factor in assessing the image quality as per the instructions."}, {"ans": [true, false, 1.0], "reasoning": "The image depicts a large tree with a wide canopy and visible leaves, standing in a grassy field. The tree's trunk is thick and gnarled, with exposed roots. The leaves are green and abundant, covering the branches. The sky above is blue with some clouds. Based on the image, it is clear that the main object is an oak tree with leaves. Therefore, the answer to Question 1 is True. Since the leaves are visible on the tree, the answer to Question 2 is False. The image is of high quality, with clear details of the tree and its surroundings, so the quality score is 1."}, {"ans": [true, false, 1.0], "reasoning": "The image depicts a stone cottage with a door, surrounded by trees and foliage. The presence of the cottage is clear, and the door is visible, answering the first question affirmatively. For the second question, the door is not missing or invisible; it is clearly visible on the left side of the cottage. The image is of high quality, with clear details of the cottage and its surroundings, thus scoring 1 for quality."}, {"ans": [true, false, 0.9], "reasoning": "The image clearly shows a passenger jet on a runway. The wings are visible, so they are not missing or invisible. The image is of high quality, with clear details of the aircraft."}, {"ans": [true, true, 1.0], "reasoning": "The image is showing a wristwatch with a white face and brown leather strap, placed in a brown box. The watch face has black hour markers but no numbers. Therefore, the answer to the first question is True because the image is showing a wristwatch. The answer to the second question is True because the numbers are not visible on the wristwatch face. The quality of the image is rated as 1 because it is clear and well-lit, and there are no issues with the visibility of the main object (the wristwatch)."}, {"ans": [true, false, 1.0], "reasoning": "The image shows a pizza with a red sauce base, topped with green basil leaves and having a crust with melted cheese around the edges. The presence of the pizza is clear, so the answer to the first question is True. For the second question, the cheese is visible around the edges and under the sauce, so it is not missing or invisible, making the answer False. The image is clear and well-lit, showing the details of the pizza, hence the quality is rated as 1."}, {"ans": [true, false, 0.9], "reasoning": "The image is showing traffic signals with lights. The lights are visible and not missing. The quality of the image is high, with clear details of the traffic signals and the surrounding environment. The only reason for a slightly lower quality score is the bright light in the background, which might be due to the sun's position, but it does not significantly affect the visibility of the main elements."}, {"ans": [true, false, 1.0], "reasoning": "The image clearly shows a skateboard with a rainbow-colored deck and yellow wheels. The skateboard is positioned on a concrete surface, with its underside facing upwards, and both trucks and wheels are visible. Therefore, the answer to the first question is True because the image is showing a skateboard. The answer to the second question is False because the wheels are not missing; they are clearly visible and appear to be in good condition, although they show some signs of wear. The quality of the image is rated as 1 because it is clear and well-lit, allowing for a detailed view of the skateboard and its components."}, {"ans": [true, true, 0.9], "reasoning": "The image clearly shows a chessboard with pieces arranged on it, satisfying the first question. The black pieces are not visible on the chessboard, as all the pieces visible are of the same color, indicating they are either all white or all black but not mixed. Since the question specifies 'black pieces,' and there's no visible distinction or presence of black pieces, it implies they are missing or not visible, answering the second question. The image quality is rated 0.9 because it is clear and well-lit, with no significant obstructions or blurriness affecting the visibility of the chessboard or pieces."}, {"ans": [true, true, 0.9], "reasoning": "The image shows a red sports car, which is a Ferrari convertible, in a well-lit room. The car is facing left and its brakes are not visible as they are typically located inside the wheels or behind the wheels' spokes. The image quality is high, with clear details of the car's design and features."}, {"ans": [true, true, 1.0], "reasoning": "The image shows an open book with blank pages on a wooden table. The book is clearly visible, and there is no text on the pages. Therefore, the answer to Question 1 is True because the image is showing a book. The answer to Question 2 is True because the text is missing or not visible from the book, as the pages are blank. The quality of the image is rated 1 because it is clear and well-lit, and there are no visible distortions or issues that would detract from the visibility of the main object, the book."}, {"ans": [true, false, 1.0], "reasoning": "The image clearly shows a computer tower with its side panel removed, revealing the internal components. The presence of fans is evident, as there are two visible fans inside the tower. Therefore, for Question 1, the answer is True because the image is showing a computer tower. For Question 2, the answer is False because the fans are visible. The quality of the image is rated as 1 because it is clear and well-lit, and the key elements are easily visible."}, {"ans": [true, false, 1.0], "reasoning": "The image clearly depicts a scarecrow standing in a wheat field. The scarecrow is wearing a plaid shirt, jeans, and a straw hat, and its arms are outstretched and visible, attached to a wooden post. The presence of the scarecrow and its visible arms directly answers both questions. The image is of high quality, with clear details of the scarecrow and its surroundings."}, {"ans": [true, true, 0.9], "reasoning": "The image depicts a man in armor, which is consistent with the representation of a knight. The presence of a belt and the overall attire suggests that he is a knight, even though a sword is not visible. Therefore, the answer to the first question is True. Upon closer inspection, it is evident that the sword is not visible, as there is no sword seen in the image. Hence, the answer to the second question is True. The quality of the image is rated 0.9 because it is a clear and detailed representation of a knight, with good lighting and no apparent distortions or artifacts."}, {"ans": [true, false, 1.0], "reasoning": "The image shows a teapot with a floral design on it, placed on a bamboo tray. The teapot has a spout, a lid, and a handle, which are all typical features of a teapot. The handle is visible on the right side of the teapot, so it is not missing or invisible. Therefore, the answer to Question 1 is True, and the answer to Question 2 is False. The image is clear and well-lit, showing the teapot and its features in detail, so the quality score is 1.0."}, {"ans": [true, false, 1.0], "reasoning": "The image clearly shows a basketball hoop with a net. The hoop is centered in the image and is attached to a clear backboard with a white frame. The net is white and is visible as it is being stretched by a basketball that has just been shot through it. Therefore, the answer to Question 1 is True because the image is showing a basketball hoop. The answer to Question 2 is False because the net is visible and not missing. The quality of the image is rated as 1 because it is clear and well-focused, with no visible distortions or obstructions."}, {"ans": [true, false, 1.0], "reasoning": "The image shows a dining table setting with a white tablecloth, plates, cutlery, and glasses. The main object, a dining table, is present. The glasses are visible at the top of the image, so they are not missing. The image is clear and well-lit, showing all the elements of a dining table setting, hence the quality is rated as 1."}, {"ans": [true, true, 0.8], "reasoning": "The image clearly shows a vintage typewriter on a wooden desk, with papers around it. The typewriter is the main focus, and it is identifiable as a typewriter. The ribbon is not visible, indicating it is either missing or not visible. The image quality is good, capturing the details of the typewriter and its surroundings."}, {"ans": [true, true, 1.0], "reasoning": "The image shows a winter jacket hanging on a coat rack. The jacket is a puffer type with a fur-trimmed hood and buttons down the front. There is no visible zipper on the jacket. To answer the first question, the image is showing a winter jacket, so the answer is True. For the second question, the zipper is not visible, so the answer is True. The image is clear and well-lit, showing the jacket in detail, so the quality is rated as 1.0."}, {"ans": [true, true, 1.0], "reasoning": "The image clearly depicts a sunflower. The seeds are not visible as they are still in the early stage of development and are not yet mature or exposed."}, {"ans": [true, false, 0.9], "reasoning": "The image clearly depicts an elephant with a visible trunk, facing the camera on a dirt road in a savannah. The presence of the trunk is evident, thus answering the first question affirmatively. For the second question, since the trunk is visible, it is not considered missing or not visible. The image quality is rated high because it is clear and well-focused on the elephant, capturing its details effectively."}, {"ans": [true, true, 0.9], "reasoning": "The image depicts a rowboat on a serene lake, with the boat facing directly towards the viewer. The boat's interior is visible, showing its wooden structure and seating. There are no oars visible in the image. The quality of the image is high, with clear details of the boat and its surroundings."}, {"ans": [true, false, 0.9], "reasoning": "The image shows a snowman with a hat and scarf, which is the main object. The snowman has a body made of three large snowballs, with a carrot nose and coal eyes, and is wearing a red scarf and a black top hat. The presence of the snowman answers the first question as True. For the second question, the snowman has visible buttons on its body, so the answer is False because the buttons are not missing or invisible. The quality of the image is rated 0.9 because it is clear and well-lit, with no visible distortions or issues that would detract from the visibility of the snowman or its details."}, {"ans": [true, false, 0.9], "reasoning": "The image shows a fountain pen on top of a notebook. The pen is clearly visible and has a transparent ink reservoir that is partially filled with ink, indicating that it is not empty. Therefore, the answer to Question 1 is True because the image is showing a fountain pen. The answer to Question 2 is False because the ink is visible in the pen's reservoir. The quality of the image is rated 0.9 because it is clear and well-lit, with no visible distortions or obstructions."}, {"ans": [true, true, 1.0], "reasoning": "The image shows a paintbrush with a wooden handle and a metal ferrule, but the bristles are not visible, indicating they are either missing or not visible. The presence of the paintbrush is clear, so the answer to the first question is True. Since the bristles are not visible, the answer to the second question is also True. The image is clear and well-lit, and the main object (the paintbrush) is visible, so the quality score is 1."}, {"ans": [true, false, 1.0], "reasoning": "The image is showing a pair of eyeglasses with round lenses and metal frames, lying on top of an open book. The temples of the eyeglasses are visible, so they are not missing. The image is clear and well-lit, with no visible distortions or obstructions, hence the quality is rated as 1."}, {"ans": [true, true, 0.9], "reasoning": "The image clearly shows a person holding an umbrella on a rainy day. The umbrella is the main object in the image, and it is visible despite the rain. The ribs of the umbrella are not clearly visible due to the angle and the rain, making them appear to be missing or not visible. The image quality is high, with clear details of the surroundings and the person, so the quality score is 0.9."}, {"ans": [true, false, 0.9], "reasoning": "The image is showing a wristwatch with a gold case and black leather strap. The watch face is visible and has hour markers, which are the Roman numerals on the outer ring and the gold bars on the inner ring. Therefore, the answer to Question 1 is True. The hour markers are visible, so the answer to Question 2 is False. The image is of high quality, with clear details of the watch, so the quality score is 0.9."}, {"ans": [true, false, 0.9], "reasoning": "The image shows a camping tent in a grassy field. The tent is clearly visible and appears to be set up, with its fabric stretched over a structure that is supported by poles. The poles are not directly visible but their presence is indicated by the shape and tension of the tent fabric. For question 1, the main object is a camping tent, so the answer is True. For question 2, the poles are not directly visible but their presence is implied by the tent's structure, so the answer is False. The image quality is rated 0.9 because it is clear and well-lit, with no significant obstructions or distortions."}, {"ans": [true, false, 0.9], "reasoning": "The image clearly depicts a cuckoo clock with intricate carvings and weights hanging from the bottom. The clock is adorned with various wooden decorations, including deer, leaves, and pinecones. The weights are visible and appear to be made of wood, shaped like pinecones. Since the cuckoo clock is present and the weights are visible, the answer to the first question is True. For the second question, since the weights are visible, the answer is False. The quality of the image is rated 0.9 because it is clear and well-detailed, with no significant issues affecting the visibility of the main object or its key elements."}, {"ans": [true, true, 1.0], "reasoning": "The image is showing a smartphone, which is the main object. The speaker grille is not visible from the given angle, so it is considered missing. The image is clear and well-lit, with a quality score of 1."}, {"ans": [true, true, 0.9], "reasoning": "The image clearly shows a motorcycle parked on a dirt road. The motorcycle is facing the camera, and its front end is visible. The handlebars, mirrors, headlight, and front tire are all clearly visible. However, the speedometer is not visible in the image. The image is well-lit and in focus, with a clear view of the motorcycle and the surrounding environment. The quality of the image is high, with a score of 0.9 out of 1. The absence of the speedometer does not affect the quality score as per the instructions."}, {"ans": [true, true, 1.0], "reasoning": "The image shows a violin bow. The bow is lying on a red velvet fabric, and it is clear that the bow is present. The hair of the bow is not visible, indicating that it is either missing or not visible. The image is clear and well-lit, showing the details of the bow, so the quality is rated as 1."}, {"ans": [true, true, 0.9], "reasoning": "The image shows a birdcage hanging from a porch ceiling. The birdcage is made of gold-colored metal and has a dome-shaped top with bars around it. The cage is empty and does not contain a perch. Therefore, the answer to Question 1 is True because the image is showing a birdcage. The answer to Question 2 is also True because the perch is missing from the birdcage. The quality of the image is rated 0.9 because it is clear and well-lit, with no visible distortions or issues that would detract from the viewer's understanding of the scene."}, {"ans": [true, false, 1.0], "reasoning": "The image is showing a statue of a woman with a head, so the answer to the first question is True. The head is visible, so the answer to the second question is False. The image is of high quality, with clear details and no visible distortions, so the quality score is 1."}, {"ans": [true, false, 0.9], "reasoning": "The image clearly shows a teddy bear with a nose, so the answer to the first question is True. The nose is visible, so the answer to the second question is False. The image is well-lit and the teddy bear is centered, making it a high-quality image. However, the quality score is not 1 because the background is slightly blurred."}, {"ans": [true, false, 1.0], "reasoning": "The image clearly shows a pair of sneakers, which are high-top Converse shoes with white laces. The sneakers are centered in the image, and the laces are visible and not missing. The image is well-lit and in focus, indicating a high-quality image. Therefore, the answer to Question 1 is True because the image is showing sneakers. The answer to Question 2 is False because the laces are visible and not missing. The quality of the image is rated 1 because it is clear and well-composed."}, {"ans": [true, false, 0.9], "reasoning": "The image clearly shows a refrigerator with its doors open, revealing the interior. The refrigerator is the main object in the image, and it is visible and identifiable. Therefore, the answer to Question 1 is True. The door shelves are visible on the inside of the refrigerator doors, so they are not missing or invisible. Hence, the answer to Question 2 is False. The image is clear and well-lit, showing the refrigerator and its contents in detail. The quality of the image is high, so the quality score is 0.9."}, {"ans": [true, false, 0.9], "reasoning": "The image clearly depicts a group of people gathered around a campfire in a forest setting. The campfire is the central focus, with visible flames rising from it. Therefore, for Question 1, the answer is True because the image is showing a campfire. For Question 2, the answer is False because the flames are visible and not missing from the campfire. The quality of the image is rated 0.9, as it is clear and well-defined, with no apparent issues that would detract from its overall quality."}, {"ans": [true, false, 0.9], "reasoning": "The image shows a drinking fountain with water flowing from it, indicating that it is present and visible. The main object in the image is indeed a drinking fountain, so the answer to the first question is True. Since the water is flowing from the fountain, it is visible, so the answer to the second question is False. The image is clear and well-lit, with a clear view of the drinking fountain and its surroundings, hence the quality score is 0.9."}, {"ans": [true, false, 0.9], "reasoning": "The image clearly shows a revolver. The trigger guard is visible and not missing. The quality of the image is high, with clear details of the revolver, hence a score of 0.9."}, {"ans": [true, false, 1.0], "reasoning": "The image is a detailed illustration of a compass rose, which is clearly visible and centered in the image. The compass rose includes multiple rings with various markings and symbols, and it is adorned with ornate decorations around its edges. A north arrow is present and visible, pointing towards the top of the image. The image is of high quality, with clear and intricate details throughout. Therefore, the answer to Question 1 is True because the image is showing a compass rose. The answer to Question 2 is False because the north arrow is not missing; it is clearly visible. The quality of the image is rated as 1 because it is clear and well-detailed."}, {"ans": [true, false, 1.0], "reasoning": "The image shows a futuristic cityscape with multiple skyscrapers, some of which have visible windows. The presence of skyscrapers satisfies the first question. For the second question, the windows on the skyscrapers are visible, so they are not missing or not visible. The image is clear and detailed, indicating a high quality."}, {"ans": [true, false, 0.9], "reasoning": "The image depicts a man in a tuxedo standing on a stage, waving to an unseen audience. He is surrounded by musicians playing violins, indicating that he is likely a conductor. The man is holding a baton in his right hand, which is visible as he stands behind a podium. The presence of the baton and the context of the orchestra suggest that the man is indeed a conductor. Therefore, the answer to the first question is True. Since the baton is visible in the conductor's hand, the answer to the second question is False. The image is clear and well-lit, with the conductor and the musicians visible. The quality of the image is rated as 0.9, indicating a high level of clarity and detail."}, {"ans": [true, true, 1.0], "reasoning": "The image shows a soccer goal with two visible posts, but the crossbar is not visible. The presence of the goalposts indicates that it is a soccer goal. The crossbar is not visible, so it is considered missing. The image is clear and well-lit, hence the quality is rated as 1."}, {"ans": [true, false, 0.9], "reasoning": "The image clearly shows a microscope on a table, answering the first question as True. The lenses are visible and appear to be attached to the microscope, so the second question is answered as False. The image is well-lit and in focus, with the microscope being the main subject, hence a high quality score of 0.9."}]