[{"ans": [true, true, 1.0], "reasoning": "The image is showing a sailboat on the water. The sailboat has a mast and rigging, but the sails are not visible, they appear to be furled or lowered. The image is clear and well-defined, with no visible artifacts, blurring, or other issues that would affect its quality."}, {"ans": [true, false, 1.0], "reasoning": "The image clearly shows a bicycle leaning against a brick wall. The bicycle is red with silver accents and has a visible chain connecting the pedals to the gears on the back wheel. The presence of the chain is evident, so it is not missing or invisible. The image is sharp and well-lit, with no visible artifacts or distortions that would detract from its quality."}, {"ans": [true, false, 0.95], "reasoning": "The image clearly shows a cat sitting on a windowsill, indicating that the main object (a cat) is present. The cat appears to have visible whiskers, which means they are not missing or invisible. The image is sharp and well-lit, with no noticeable artifacts or distortions that would detract from its quality. The slight blur in the background is expected due to the focus on the cat, and it does not negatively impact the overall quality. Therefore, the quality score is high at 0.95."}, {"ans": [true, true, 0.95], "reasoning": "The image shows a stone structure with a large arched entrance, resembling a castle or fortress. The main object in the image is indeed a castle or a fortified structure, so the answer to the first question is True. The gates are not visible in the image, as the entrance is open and there are no visible gates, so the answer to the second question is True. The image is clear and well-defined, with no visible artifacts, blurring, or other issues that would affect its quality. The quality score is 0.95, indicating a high-quality image."}, {"ans": [true, false, 0.9], "reasoning": "The image clearly shows a hot-air balloon with a basket, so the answer to the first question is True. The basket is visible and not missing, so the answer to the second question is False. The image is well-lit and clear, with no visible artifacts or distortions, so the quality score is 0.9. The slight gradient effect in the sky is natural and not considered a distortion."}, {"ans": [true, false, 1.0], "reasoning": "The image clearly shows a turtle with a visible shell on a sandy beach. The turtle is centered in the image, and its shell is clearly visible, indicating that the shell is not missing or invisible. The image is of high quality, with clear details and no visible artifacts or distortions."}, {"ans": [true, false, 0.95], "reasoning": "The image clearly shows a train at a station, indicating that the main object is indeed a train. The train appears to be on the tracks, and its wheels are visible, suggesting that they are not missing. The image is sharp and well-lit, with no noticeable artifacts or distortions that would significantly impact its quality. The only reason for not giving it a perfect score is the slight shadow and lighting variation, but these do not detract from the overall clarity of the image."}, {"ans": [true, false, 0.9], "reasoning": "The image clearly shows a pair of eyeglasses with lenses. The lenses are visible and not missing. The image is sharp and well-lit, with a clear reflection of the glasses on the surface below. The quality of the image is high, with no noticeable artifacts or blurring. The slight decrease in quality score is due to the background being out of focus, but this does not affect the main subject."}, {"ans": [true, false, 1.0], "reasoning": "The image clearly shows a fountain pen with a visible nib on a piece of parchment paper. The pen is the main object in the image, and it is depicted in detail, including its nib. The nib is not missing or invisible; it is clearly visible at the tip of the pen. The image is of high quality, with no visible artifacts, blurring, or other issues that would detract from its clarity. Therefore, the answer to Question 1 is True because the image is showing a fountain pen with a nib. The answer to Question 2 is False because the nib is visible. The quality of the image is rated as 1, indicating it is of very high quality."}, {"ans": [true, false, 0.9], "reasoning": "The image is showing an umbrella with a visible canopy, so the answer to Question 1 is True. The canopy is present and visible, so the answer to Question 2 is False. The image quality is good, but there are some minor issues with the wall in the background, which is peeling and has some texture, so the quality score is 0.9."}, {"ans": [true, false, 1.0], "reasoning": "The image clearly shows a white airplane on a runway, with its wings visible. The presence of the airplane satisfies the first question. For the second question, the wings are not missing and are clearly visible, so the answer is false. The image is of high quality with no visible artifacts or distortions, so the quality score is 1."}, {"ans": [true, true, 1.0], "reasoning": "The image shows a desk lamp with a brass finish, positioned over an open book on a wooden table. The lamp's arm is adjustable, and it has a shade that directs light downwards. The bulb is not visible as it appears to be falling away from the lamp, indicating that it is missing or not attached. The image is clear and well-lit, with no visible artifacts or distortions. Therefore, the answer to Question 1 is True because the image is showing a desk lamp. The answer to Question 2 is True because the bulb is not visible, as it is falling away from the lamp. The quality of the image is rated 1.0 because it is clear and well-lit, with no visible issues."}, {"ans": [true, false, 1.0], "reasoning": "The image clearly shows an electric guitar with a visible neck, body, and other components. The neck is attached to the body and is fully visible, indicating that it is not missing. The image is of high quality, with clear details and no visible artifacts or distortions."}, {"ans": [true, false, 0.9], "reasoning": "The image is showing a fish with visible fins, so the answer to the first question is True. The fins are visible, so the answer to the second question is False. The image is clear and well-lit, but the water pattern creates some distortion, hence the quality score is 0.9."}, {"ans": [true, false, 1.0], "reasoning": "The image shows a small brick house with a pitched roof, situated in a field. The house is clearly visible and appears to be a cottage. The roof is present and visible, so it is not missing or invisible. The image is clear and of high quality, with no visible artifacts or distortions."}, {"ans": [true, true, 0.95], "reasoning": "The image shows a classic convertible car with its top down, revealing the interior. The windshield is not visible as it is folded down along with the top. The main object, which is the car, is present in the image. The windshield is considered missing or not visible because it is folded down and not in its upright position. The image quality is high, with clear details of the car's interior and exterior, and there are no noticeable artifacts or distortions that would significantly impact the quality score."}, {"ans": [true, false, 0.95], "reasoning": "The image shows a keyboard with a visible spacebar. The main object in the image is a keyboard, so the answer to the first question is True. The spacebar is present and visible, so the answer to the second question is False. The image quality is high, with clear details of the keyboard and its keys. However, the quality score is not 1 because there is a slight shadow under the keyboard, which might be considered a minor artifact."}, {"ans": [true, false, 0.9], "reasoning": "The image clearly depicts an owl perched on a branch, with detailed feathers visible across its body. The owl is the main subject, and it is shown with feathers, so the answer to the first question is True. For the second question, since the feathers are visible and not missing, the answer is False. The image quality is high, with clear details and no visible artifacts or distortions that would significantly impact the perception of the owl or its feathers. The slight reduction in quality score is due to a minor texture or grain visible upon close inspection, but it does not detract from the overall clarity of the image."}, {"ans": [true, true, 0.95], "reasoning": "The image is showing a leather-bound book with a blank white page visible. The book is lying on a wooden table, and the cover is made of brown leather with stitching around the edges. The pages are not visible as they are likely blank and not distinguishable from each other. The image is clear and well-lit, with no visible artifacts or distortions. The quality of the image is high, with a score of 0.95 out of 1. For question 1, the answer is True because the image is showing a book. For question 2, the answer is True because the pages are not visible, they appear to be blank and are not distinguishable."}, {"ans": [true, false, 1.0], "reasoning": "The image clearly depicts a lighthouse on a cliffside, with a lamp visible in the lantern room at the top. The lighthouse is the main object in the image, and it is clearly visible. The lamp is also visible, indicating that it is not missing. The image is of high quality, with no visible artifacts, blurring, or other issues that would detract from its clarity."}, {"ans": [true, false, 0.95], "reasoning": "The image shows a beige armchair with visible legs, placed on a patterned rug. The chair is the main object and is clearly visible, so the answer to the first question is True. The legs of the chair are visible, so the answer to the second question is False. The image quality is high, with clear details and no visible artifacts or distortions, so the quality score is 0.95."}, {"ans": [true, true, 0.95], "reasoning": "The image clearly shows a deer standing in a forest, so the answer to the first question is True. The deer appears to be a female or a young male as there are no visible antlers, so the answer to the second question is also True. The image is of high quality with clear details and natural colors, but the quality score is slightly less than 1 due to a minor softness in some areas."}, {"ans": [true, false, 1.0], "reasoning": "The image clearly shows an envelope, so the answer to the first question is True. The flap of the envelope is visible, so the answer to the second question is False. The image is of high quality, with no visible artifacts, blurring, or other issues, so the quality score is 1.0."}, {"ans": [true, true, 1.0], "reasoning": "The image is showing a wall clock, which is the main object. The clock face is white with black hands and has no numbers visible. The absence of numbers on the clock face directly answers the second question. The image is clear and well-defined, with no visible artifacts, blurring, or other issues that would affect its quality. Therefore, the quality of the image is rated as 1.0."}, {"ans": [true, false, 1.0], "reasoning": "The image clearly shows a space suit floating in a pool. The space suit is fully visible and includes a helmet. The helmet is not missing or invisible; it is present and clearly visible on the astronaut's head. The image is of high quality with no visible artifacts, blurring, or other issues that would detract from its clarity."}, {"ans": [true, false, 1.0], "reasoning": "The image clearly depicts a windmill standing in a field of wheat. The windmill is visible with its blades intact and clearly visible, indicating that the blades are not missing. The image is sharp and clear, with no visible artifacts or distortions that would affect its quality. Therefore, the answer to Question 1 is True because the image is showing a windmill. The answer to Question 2 is False because the blades are present and visible. The quality of the image is rated as 1, indicating high quality, as there are no noticeable issues such as blurring, unnatural color, noise, deformed objects, or double vision."}, {"ans": [true, true, 1.0], "reasoning": "The image clearly shows a tree, which is the main object. The tree is bare, indicating that it is either winter or the tree is dead. The leaves are not visible, so the answer to the second question is true. The image is of high quality, with clear details and no visible artifacts or distortions."}, {"ans": [true, true, 1.0], "reasoning": "The image is showing a yellow school bus parked in front of a building. The bus is facing left, and its side is visible. The doors of the bus are not visible as the side shown is the one opposite to the doors. Therefore, for Question 1, the answer is True because the image is showing a bus. For Question 2, the answer is True because the doors are not visible. The image quality is rated 1.0 because it is clear and shows the bus and its surroundings without any noticeable artifacts, blurring, or other issues."}, {"ans": [true, true, 1.0], "reasoning": "The image shows a laptop with its screen open and facing away from the viewer, displaying the back of the screen. The laptop is clearly visible on a wooden table against a white wall. The screen is not visible because it is facing away from the camera. The image is clear and well-lit, with no visible artifacts or distortions. Therefore, the answer to Question 1 is True because the image is showing a laptop. The answer to Question 2 is True because the screen is not visible. The quality of the image is rated as 1.0 because it is clear and well-lit, with no visible issues."}, {"ans": [true, true, 1.0], "reasoning": "The image clearly shows a trumpet lying on a red fabric background. The trumpet is visible and appears to be a standard B-flat trumpet. Upon closer inspection, it is evident that the mouthpiece is not attached to the trumpet. The quality of the image is high, with clear details and no visible artifacts or distortions."}, {"ans": [true, false, 0.95], "reasoning": "The image is clearly showing a robot with a head. The robot is standing in a laboratory setting with various equipment and shelves in the background. The head of the robot is visible and not missing. The image quality is high, with clear details of the robot's structure and the surrounding environment. There are no visible artifacts, blurring, or other issues that would decrease the quality score."}, {"ans": [true, true, 0.9], "reasoning": "The image shows a candle on a silver tray. The candle is beige and cylindrical, with a smooth surface. There is no visible wick on the candle. The image is clear and well-lit, with no visible artifacts or distortions. The quality of the image is high, with a score of 0.9 out of 1. The main object, the candle, is clearly visible, so the answer to the first question is True. The wick is not visible, so the answer to the second question is True."}, {"ans": [true, false, 0.95], "reasoning": "The image shows a pizza with a visible crust, tomato sauce, cherry tomatoes, basil leaves, and what appears to be mozzarella cheese. The presence of cheese is evident, so the cheese is not missing or invisible. The image is clear and well-defined, with no visible artifacts or distortions that would significantly impact the quality. The quality score is 0.95 because the image is very clear and detailed."}, {"ans": [true, false, 1.0], "reasoning": "The image is showing a DSLR camera body with a lens attached to it. The lens is visible and appears to be properly mounted on the camera body. The image is clear and well-lit, with no visible artifacts or distortions. The camera is placed on a stand, which is also clearly visible. The overall quality of the image is high, with a clear and sharp representation of the camera and its components."}, {"ans": [true, false, 1.0], "reasoning": "The image clearly shows a grand piano on a stage in an auditorium. The piano is centered and facing the camera, with its lid open. The keys are visible and appear to be intact. The image is well-lit, and there are no visible artifacts or distortions. The overall quality of the image is high, with clear details and natural colors."}, {"ans": [true, false, 1.0], "reasoning": "The image clearly shows a paintbrush with visible bristles. The paintbrush is positioned next to a paint palette, and the bristles are clearly visible at the tip of the brush. The image is sharp and well-lit, with no visible artifacts or distortions. Therefore, the answer to Question 1 is True, as the image is showing a paintbrush. The answer to Question 2 is False, as the bristles are not missing or invisible. The quality of the image is rated 1.0, as it is clear and well-defined, with no noticeable issues."}, {"ans": [true, false, 1.0], "reasoning": "The image clearly shows a watch with a strap, so the answer to the first question is True. The strap is visible and not missing, so the answer to the second question is False. The image is clear and of high quality, with no visible artifacts or distortions, so the quality score is 1."}, {"ans": [true, false, 0.95], "reasoning": "The image clearly shows a person's mouth with their tongue visible. The mouth is open wide, and a dental mirror is being used to examine the teeth. The tongue is present and visible, indicating that it is not missing. The image is of high quality, with clear details and no visible artifacts or distortions. The only reason the quality score is not 1 is due to the slight blur on the edges of the image, but this does not affect the main subject."}, {"ans": [true, false, 0.95], "reasoning": "The image is showing a motorcycle with handlebars, so the answer to the first question is True. The handlebars are visible, so the answer to the second question is False. The image is well-lit and clear, with no visible artifacts or distortions, so the quality score is 0.95. The only reason for not giving it a perfect score is the slight reflection on the ground which might be considered a minor artifact."}, {"ans": [true, false, 1.0], "reasoning": "The image clearly shows a vintage television set on a wooden cabinet. The television has a visible screen, although it is not displaying any content. The overall image is clear and well-rendered, with no visible artifacts or distortions that would detract from its quality. Therefore, the answer to Question 1 is True because the image is showing a television. The answer to Question 2 is False because the screen is visible. The quality of the image is rated as 1, indicating high quality, as there are no noticeable issues such as blurring, unnatural colors, or other defects."}, {"ans": [true, false, 0.95], "reasoning": "The image clearly shows a goat with horns standing on a rocky outcrop. The goat is centered and well-defined, indicating the presence of a goat. The horns are visible, so they are not missing. The image is sharp and clear, with natural colors and no visible artifacts or distortions that would significantly impact the quality. The slight blur in the background is expected due to the focus on the goat, and it does not detract from the overall quality."}, {"ans": [true, false, 1.0], "reasoning": "The image clearly shows a red sneaker with white laces. The sneaker is the main object in the image and is displayed prominently on a wooden surface. The laces are visible and appear to be white, indicating that they are not missing. The image is sharp and well-lit, with no visible artifacts or distortions that would affect its quality."}, {"ans": [true, false, 0.9], "reasoning": "The image clearly shows a green frog sitting on a lily pad in the water. The frog is facing to the right, and both of its eyes are visible and clearly seen. The image is sharp and well-defined, with no noticeable artifacts or distortions that would detract from its quality. The only reason for not giving it a perfect score is the slight reflection and ripples in the water, but these do not significantly impact the overall clarity of the image."}, {"ans": [true, false, 1.0], "reasoning": "The image is showing a mug with a handle. The mug is white with a blue floral pattern and is placed on a saucer. The handle is visible and attached to the right side of the mug. The image is clear and well-lit, with no visible artifacts or distortions. Therefore, the answer to Question 1 is True, as the image is showing a mug. The answer to Question 2 is False, as the handle is not missing or invisible. The quality of the image is rated 1.0, as it is clear and well-defined, with no visible issues."}, {"ans": [true, false, 1.0], "reasoning": "The image clearly shows a saxophone with its keys visible. The main object in the image is a saxophone, so the answer to the first question is True. The keys are visible on the saxophone, so the answer to the second question is False. The image is of high quality, with clear details and no visible artifacts or distortions, so the quality score is 1.0."}, {"ans": [true, false, 1.0], "reasoning": "The image clearly shows a skateboard with wheels. The skateboard is positioned on a brick surface, and all four wheels are visible. The image is sharp and well-lit, with no visible artifacts or distortions. Therefore, the answer to Question 1 is True because the image is showing a skateboard. The answer to Question 2 is False because the wheels are not missing or invisible; they are clearly visible. The quality of the image is rated 1.0 because it is clear and well-defined, with no noticeable issues."}, {"ans": [true, false, 1.0], "reasoning": "The image shows a fedora hat on a stand, and the brim is clearly visible. The image is of high quality with no visible artifacts or distortions."}, {"ans": [true, false, 1.0], "reasoning": "The image clearly shows a motorcycle helmet on a workbench. The helmet has a visor that is intact and visible, indicating that the visor is not missing. The image is sharp and well-lit, with no visible artifacts or distortions that would affect the quality. Therefore, the quality of the image is rated as 1."}, {"ans": [true, true, 0.95], "reasoning": "The image shows a bedframe with a wooden structure and ornate carvings. The bedframe is clearly visible, and it does not have a mattress on it. The slats that would typically support a mattress are visible, indicating that the mattress is missing. The image is of high quality, with clear details and no visible artifacts or distortions. The only reason the quality score is not 1 is due to the slight absence of texture on some parts of the bedframe, but this is minor and does not detract significantly from the overall image."}, {"ans": [true, false, 1.0], "reasoning": "The image is showing a clock tower with a visible clock face on two sides. The main object, the clock tower, is present and clearly visible. The clock face is also visible, so it is not missing. The image is of high quality with no visible artifacts, blurring, or other issues that would decrease its quality score."}, {"ans": [true, false, 1.0], "reasoning": "The image clearly shows a pocket watch with visible hands. The pocket watch is centered and prominently displayed on a cream-colored satin fabric. The watch face is white with black Roman numerals and has a visible mechanical mechanism in the center. The hands of the watch are black and clearly visible. The image is sharp and well-lit, with no visible artifacts or distortions. Therefore, the answer to Question 1 is True because the image is showing a pocket watch. The answer to Question 2 is False because the hands are visible on the pocket watch. The quality of the image is rated as 1 because it is clear, well-lit, and free of artifacts or distortions."}, {"ans": [true, false, 0.98], "reasoning": "The image clearly shows a bicycle, so the answer to the first question is True. The pedals are visible on the bicycle, so the answer to the second question is False. The image is of high quality, with clear details and no visible artifacts or distortions, so the quality score is 0.98."}, {"ans": [true, false, 0.95], "reasoning": "The image is a portrait of a woman with her eyes clearly visible. The main object, a portrait of a woman, is present, so the answer to the first question is True. Since her eyes are visible, the answer to the second question is False. The image quality is high, with clear details and no visible artifacts or distortions, so the quality score is 0.95. The slight deduction is due to the texture of the background and clothing, which might be considered a minor imperfection but does not significantly impact the overall quality."}, {"ans": [true, true, 0.95], "reasoning": "The image shows a grand piano on a stage with spotlights shining down. The piano's lid is open, revealing the interior. The hammers inside the piano are not visible as they are likely hidden by the shadow or not illuminated by the light. The image is well-lit, with clear details of the piano and the stage. There are no visible artifacts, blurring, or other issues that would decrease the quality score. Therefore, the answer to Question 1 is True because the image is showing a grand piano. The answer to Question 2 is True because the hammers are not visible. The quality score is 0.95, as the image is clear and well-rendered, with no noticeable issues."}, {"ans": [true, false, 1.0], "reasoning": "The image clearly depicts a sailing ship with visible sails. The main object, a sailing ship, is present in the image, so the answer to the first question is True. For the second question, the sails are visible on the ship, so the answer is False. The image is of high quality, with clear details and no visible artifacts or distortions, so the quality score is 1."}, {"ans": [true, false, 0.9], "reasoning": "The image depicts a large tree with a sprawling canopy and visible roots, set against a backdrop of a grassy field and other trees. The tree's leaves are clearly visible, indicating that it is not missing them. The image is of high quality, with clear details and natural colors, though there might be a slight artificial look to it, possibly due to over-processing or editing."}, {"ans": [true, false, 0.95], "reasoning": "The image depicts a stone cottage with a brown roof and a chimney, surrounded by trees and vines. The cottage is clearly visible and appears to be the main object in the image. The door is present and visible, so it is not missing. The image is of high quality, with clear details and no visible artifacts or distortions. The only reason the quality score is not 1 is because of the slight fogginess in the background."}, {"ans": [true, false, 1.0], "reasoning": "The image clearly shows a passenger jet on a runway. The wings are visible and not missing, so the first answer is True and the second answer is False. The image is sharp and clear, with no visible artifacts or distortions, so the quality is rated as 1.0."}, {"ans": [true, true, 1.0], "reasoning": "The image is clearly showing a wristwatch with a white face and brown leather strap. The watch face does not have numbers, only hour markers. The image is of high quality, with no visible artifacts, blurring, or other issues that would detract from the clarity of the watch. Therefore, the answer to Question 1 is True because the image is showing a wristwatch. The answer to Question 2 is True because the numbers are not visible on the watch face. The quality score is 1.0 because the image is clear and well-defined."}, {"ans": [true, true, 0.95], "reasoning": "The image shows a pizza with a thick crust and a red sauce topping, garnished with basil leaves. The crust is visible around the edges, and there is no visible cheese on top of the sauce. The image is clear and well-lit, with no visible artifacts or distortions. The quality of the image is high, with a score of 0.95 out of 1. For question 1, the image is showing a pizza, so the answer is True. For question 2, the cheese is not visible on top of the pizza, so the answer is True."}, {"ans": [true, false, 0.9], "reasoning": "The image clearly shows traffic signals hanging above the road. The lights on the traffic signals are visible and not missing. The image quality is high, with clear details of the traffic signals and the surrounding environment. The only reason for a slightly lower quality score is the bright sunlight in the background, which could be considered a minor artifact, but it does not significantly impact the visibility of the main objects."}, {"ans": [true, false, 1.0], "reasoning": "The image clearly shows a skateboard with a rainbow-colored deck and yellow wheels. The skateboard is positioned on a concrete surface, and the wheels are visible and intact. The image is well-lit, with clear details of the skateboard and its components. There are no visible artifacts, blurring, or other issues that would affect the quality of the image. Therefore, the answer to Question 1 is True because the image is showing a skateboard. The answer to Question 2 is False because the wheels are not missing; they are visible on the skateboard. The quality of the image is rated 1.0 because it is clear and well-defined, with no noticeable issues."}, {"ans": [true, true, 0.95], "reasoning": "The image is showing a chessboard with gold-colored pieces, but the black pieces are missing or not visible as they are supposed to be black, not gold. The image is clear and well-lit, with no visible artifacts or distortions that would affect the quality score. The chessboard and pieces are well-defined, indicating a high-quality image. However, the absence of black pieces is not considered a factor in determining the quality score."}, {"ans": [true, false, 1.0], "reasoning": "The image clearly shows a red Ferrari sports car in a well-lit room. The car is a convertible with its top down, and it is positioned in a way that its side is visible, showcasing its sleek design. The image is of high quality, with clear details and no visible artifacts or distortions. The brakes are visible through the spokes of the wheels, indicating that they are present and not missing."}, {"ans": [true, true, 0.95], "reasoning": "The image is showing a book, which is open on a wooden table. The pages of the book are blank and do not contain any text. The image is clear and well-lit, with no visible artifacts or distortions. The quality of the image is high, with a score of 0.95 out of 1. The main object, the book, is clearly visible, and the absence of text on the pages answers the second question. Therefore, the answers are: Question 1: True, Question 2: True."}, {"ans": [true, false, 1.0], "reasoning": "The image clearly shows a computer tower with its side panel removed, revealing the internal components. The computer tower is the main object in the image, and it is visible. Therefore, the answer to the first question is True. The fans are visible inside the computer tower, so the answer to the second question is False. The image is of high quality, with clear details and no visible artifacts or distortions, so the quality score is 1."}, {"ans": [true, false, 1.0], "reasoning": "The image clearly depicts a scarecrow standing in a field of wheat. The scarecrow is wearing a plaid shirt, jeans, and a straw hat, and has straw stuffed into its shirt to form a body shape. It is attached to a wooden post. The scarecrow's arms are visible and are made of straw or hay, attached to the shirt. The image is clear and well-lit, with no visible artifacts or distortions. The scarecrow is the main object in the image, and it is clearly visible. Therefore, the answer to Question 1 is True. The arms of the scarecrow are visible, so the answer to Question 2 is False. The image is of high quality, with no visible issues, so the quality score is 1."}, {"ans": [true, true, 0.95], "reasoning": "The image depicts a man dressed in armor, standing in front of a crowd of soldiers. The main object, the knight, is clearly visible. However, upon closer inspection, it becomes apparent that the knight is not holding a sword, and there is no visible sword on his person. The image is well-rendered, with detailed textures and realistic lighting, contributing to its high quality score of 0.95. The absence of a sword is not considered a factor in determining the image quality, as per the instructions."}, {"ans": [true, false, 1.0], "reasoning": "The image clearly shows a teapot with a handle, spout, and lid, sitting on a bamboo mat. The teapot is white with a floral design. The handle is visible on the right side of the teapot. The image is sharp and well-lit, with no visible artifacts or distortions. Therefore, the answer to Question 1 is True because the image is showing a teapot. The answer to Question 2 is False because the handle is visible. The quality of the image is rated 1.0 because it is clear and well-defined, with no issues affecting its quality."}, {"ans": [true, false, 1.0], "reasoning": "The image clearly shows a basketball hoop with a net. The main object, the basketball hoop, is present and visible. The net is also visible, attached to the hoop. The image is sharp and clear, with no visible artifacts or distortions. The quality of the image is high, with a score of 1.0."}, {"ans": [true, false, 1.0], "reasoning": "The image depicts a formally set dining table with plates, cutlery, and glasses. The main object, the dining table, is present. The glasses are visible at the top of the image. The image is clear and well-lit, with no visible artifacts or distortions that would affect its quality."}, {"ans": [true, true, 0.95], "reasoning": "The image clearly shows a typewriter on a wooden table, with a sheet of paper loaded into it. The typewriter is the main focus of the image, and it appears to be an older model. Upon closer inspection, it is evident that the ribbon is not visible, suggesting that it might be missing or not properly threaded. The image is well-lit and in focus, with clear details of the typewriter and its surroundings. The quality of the image is high, with no noticeable artifacts or distortions. Therefore, the answer to the first question is True, as the image does show a typewriter. The answer to the second question is also True, as the ribbon is not visible. The quality of the image is rated 0.95, indicating a very high quality with minimal room for improvement."}, {"ans": [true, true, 0.98], "reasoning": "The image shows a winter jacket with a fur-lined hood, hanging on a hanger against a white wall. The jacket is fastened with buttons, and there is no visible zipper. The main object, a winter jacket, is present, so the answer to Question 1 is True. The zipper is not visible, so the answer to Question 2 is True. The image quality is high, with clear details of the jacket and its features. The overall quality score is 0.98, indicating a very clear and well-lit image with no significant artifacts or distortions."}, {"ans": [true, false, 1.0], "reasoning": "The image clearly shows a sunflower with its characteristic large yellow petals and a prominent center. The seeds are visible on the flower head, arranged in a spiral pattern. The image is sharp and well-lit, with no visible artifacts or distortions that would detract from its quality. The main object, the sunflower, is clearly identifiable, and the seeds are visible, indicating that they are not missing."}, {"ans": [true, true, 0.95], "reasoning": "The image clearly shows an elephant, fulfilling the first question. The trunk of the elephant is not visible as it is curled in towards the elephant's body and is not discernible, making the answer to the second question true. The image is of high quality, with clear details and no visible artifacts or distortions, hence the quality score is 0.95. The slight haze in the background does not detract significantly from the overall quality."}, {"ans": [true, true, 0.95], "reasoning": "The image is showing a rowboat, which is the main object. The oars are not visible in the image. The image is clear and of high quality, with no visible artifacts or distortions. The rowboat is centered and well-lit, with a clear view of its interior and exterior. The surrounding environment is also well-rendered, with a calm lake and trees in the background. The only reason for not giving it a perfect score is that the image is not a real photograph but a rendered image, which might be slightly less sharp than a real photograph."}, {"ans": [true, false, 0.95], "reasoning": "The image clearly shows a snowman standing in a snowy yard. The snowman is wearing a hat and a scarf, and has a face made of coal or stones. The buttons are visible on the snowman's body, so they are not missing. The image is clear and well-defined, with no visible artifacts or distortions that would affect the quality. The quality score is 0.95 because the image is very clear and well-lit."}, {"ans": [true, false, 1.0], "reasoning": "The image clearly shows a fountain pen with a transparent ink reservoir, indicating the presence of ink. The pen is placed on top of a notebook. The image is sharp and well-lit, with no visible artifacts or distortions. Therefore, the answer to Question 1 is True because the image is showing a fountain pen. The answer to Question 2 is False because the ink is visible in the pen's reservoir. The quality of the image is rated 1.0 because it is clear and well-defined, with no noticeable issues."}, {"ans": [true, false, 0.95], "reasoning": "The image clearly shows a paintbrush with visible bristles. The paintbrush is positioned next to a paint palette, and its bristles are clearly visible at the tip. The image is sharp and well-lit, with no visible artifacts or distortions that would affect the quality. The quality score is 0.95 because the image is very clear and well-defined, with no noticeable issues."}, {"ans": [true, true, 0.95], "reasoning": "The image is showing a pair of eyeglasses with round lenses and a gold frame, placed on top of a document. The temples of the eyeglasses are not visible as they are folded inwards and resting on the document. The image is clear and well-lit, with no visible artifacts or distortions. The quality of the image is high, with a score of 0.95 out of 1. The main object, the eyeglasses, is clearly visible, and the absence of visible temples does not detract from the overall quality of the image."}, {"ans": [true, false, 0.95], "reasoning": "The image clearly shows a person holding an umbrella on a rainy city street. The umbrella is visible and appears to be intact with its ribs visible under the fabric. The image is sharp and well-lit, with the main subject in focus. The quality of the image is high, with no noticeable artifacts or distortions that would detract from the overall clarity. The ribs of the umbrella are visible, indicating they are not missing."}, {"ans": [true, false, 0.95], "reasoning": "The image is showing a wristwatch with a visible face and hour markers. The watch is displayed on a stand under a glass dome. The hour markers are visible on the watch face, so they are not missing. The image is of high quality, with clear details and no visible artifacts or distortions, but the quality score is slightly decreased to 0.95 due to the slight shadow and reflection on the glass dome."}, {"ans": [true, true, 1.0], "reasoning": "The image shows a camping tent in a grassy field. The tent is not fully erected and appears to be missing its poles or they are not visible. The image is clear and well-lit, with no visible artifacts or distortions. The main object, the tent, is clearly visible. Therefore, the answer to Question 1 is True because the image is showing a camping tent. The answer to Question 2 is True because the poles are either missing or not visible. The quality of the image is rated 1.0 because it is clear and free of artifacts."}, {"ans": [true, false, 0.95], "reasoning": "The image clearly shows a cuckoo clock with intricate carvings and four visible weights hanging from the bottom. The weights are clearly visible, so they are not missing. The image is of high quality, with clear details and no visible artifacts or distortions, hence a quality score of 0.95. The slight deduction from 1 is due to the presence of a shadow on the left side, which might be considered a minor issue."}, {"ans": [true, true, 1.0], "reasoning": "The image clearly shows a smartphone with its screen facing upwards. The screen is illuminated and displays a white background with black stripes due to shadows cast upon it. The phone's brand is visible at the top center of the screen, indicating it is a 'Xiaomi' device. The phone's bezels and corners are visible, and it appears to be in a well-lit environment with shadows cast across the screen and the surface it is on. The speaker grille is not visible on the front of the phone, and since the image only shows the front of the phone, we cannot confirm if there is a speaker grille on another side. Therefore, for Question 1, the answer is True because the image is showing a smartphone. For Question 2, the answer is True because the speaker grille is not visible from the front view of the smartphone. The quality of the image is rated as 1 because it is clear, well-lit, and there are no visible artifacts or distortions that detract from the image quality."}, {"ans": [true, true, 1.0], "reasoning": "The image clearly shows a motorcycle parked on a road, facing the camera. The motorcycle is the main object in the image and is visible in detail. The speedometer is not visible on the motorcycle, as it is not present or is not in view. The image is of high quality, with clear details and no visible artifacts or distortions. Therefore, the answer to the first question is True, as the image is showing a motorcycle. The answer to the second question is also True, as the speedometer is missing or not visible from the motorcycle. The quality of the image is rated as 1, indicating that it is of high quality."}, {"ans": [true, true, 1.0], "reasoning": "The image shows a violin bow. The bow is lying on a red velvet fabric, and it appears to be a typical violin bow with a wooden stick and metal fittings. The bow hair is not visible, indicating that it is either missing or not strung. The image is clear and well-lit, with no visible artifacts or distortions. The quality of the image is high, with a score of 1.0."}, {"ans": [true, true, 0.95], "reasoning": "The image depicts a large, ornate gold birdcage hanging from a porch ceiling. The cage is made of thin bars and has a domed top. It is suspended by a chain and is centered in the image. The porch has white columns and a railing, with trees visible in the background. The main object in the image is the birdcage, which is clearly visible and well-defined. There is no visible perch inside the cage. The image is well-lit, with a warm glow from the setting sun, and there are no visible artifacts or distortions that would detract from the overall quality. The quality of the image is high, with a score of 0.95 out of 1. The absence of a perch is not considered a factor in determining the image quality."}, {"ans": [true, false, 0.9], "reasoning": "The image is showing a statue of a woman, which is clearly visible and well-defined. The head of the statue is present and visible, so the answer to the second question is False. The image is of high quality, with clear details and no visible artifacts or distortions, so the quality score is 0.9. The slight deduction from 1 is due to the fact that the image appears to be a rendering rather than a photograph, which might affect its realism."}, {"ans": [true, false, 1.0], "reasoning": "The image is showing a teddy bear with a nose, so it answers 'True' to the first question. The nose is clearly visible, so it answers 'False' to the second question. The image is of high quality, with clear details and no visible artifacts or distortions."}, {"ans": [true, false, 1.0], "reasoning": "The image shows a pair of sneakers with laces. The laces are visible and appear to be properly tied. The image is clear and well-lit, with no visible artifacts or distortions. The sneakers are centered in the frame, and the background is simple and uncluttered."}, {"ans": [true, false, 1.0], "reasoning": "The image clearly shows a refrigerator with its doors open, revealing the interior. The main object, the refrigerator, is present. The door shelves are visible on the left door, so they are not missing. The image is of high quality, with clear details and no visible artifacts or distortions."}, {"ans": [true, false, 0.9], "reasoning": "The image depicts a group of people gathered around a campfire in a forest. The campfire is the central focus, with flames clearly visible. The presence of the campfire and the people around it indicates that the image is showing a campfire with flames. Therefore, the answer to Question 1 is True. For Question 2, since the flames are clearly visible, the answer is False. The quality of the image is rated 0.9 because it is clear and well-defined, with no noticeable artifacts or distortions that would significantly impact the visibility of the main elements."}, {"ans": [true, false, 0.95], "reasoning": "The image clearly shows a drinking fountain with water flowing from it, indicating that the main object is present. Therefore, the answer to the first question is True. Since water is visible and flowing from the fountain, the answer to the second question is False. The image is of high quality, with clear details and no visible artifacts or distortions, so the quality score is 0.95. The slight deduction is due to minor texture details that could be more refined."}, {"ans": [true, false, 0.9], "reasoning": "The image clearly shows a revolver with a visible trigger guard. The revolver is positioned on a green surface, and its details are well-defined. The trigger guard is present and visible around the trigger. The image quality is high, with clear details of the revolver and its components. There are no visible artifacts, blurring, or other issues that would significantly impact the quality score."}, {"ans": [true, false, 0.9], "reasoning": "The image is a detailed illustration of a compass rose, which is clearly visible and centered in the image. The compass rose is ornately decorated with various symbols and markings, and it includes a north arrow, which is visible and pointing towards the top of the image. The image is of high quality, with clear lines and details, although there are some minor tears and discolorations around the edges, which slightly reduces its quality score to 0.9."}, {"ans": [true, false, 0.9], "reasoning": "The image depicts a futuristic cityscape with tall skyscrapers, indicating that it is showing skyscrapers. The windows are visible on the skyscrapers, so they are not missing or invisible. The image is of high quality, with clear details and no visible artifacts or distortions, but the quality score is not 1 due to a slight haze in the background."}, {"ans": [true, true, 0.95], "reasoning": "The image depicts a conductor standing on a podium, dressed in a formal black tuxedo with a white shirt and bow tie, waving to the audience with his right hand. His left hand is resting on the podium. The background shows an orchestra with various musicians playing instruments. The conductor is the main object in the image. The baton is not visible in the conductor's hand, indicating it is either missing or not visible. The image is clear and well-lit, with no visible artifacts or distortions that would significantly impact the quality."}, {"ans": [true, true, 0.98], "reasoning": "The image depicts a soccer field with two white posts marking the goal area, but there is no visible crossbar connecting them. The presence of the posts indicates that the image is showing a soccer goal. The crossbar is not visible, making it either missing or not visible. The image quality is high, with clear details and no noticeable artifacts or distortions."}, {"ans": [true, false, 1.0], "reasoning": "The image clearly shows a microscope on a table. The microscope has lenses attached to it, which are visible and not missing. The image is sharp and well-lit, with no visible artifacts or distortions that would affect its quality."}]