[{"ans": [true, true, 1.0], "reasoning": "The image shows a sailboat on the water. The mast is visible, but there are no sails. The boat is centered in the image, and the surrounding water and sky are clear and well-defined. The absence of sails indicates that they are either missing or not visible."}, {"ans": [true, false, 1.0], "reasoning": "The image clearly shows a bicycle, so the answer to the first question is True. The chain is visible and not missing, so the answer to the second question is False. The image is of high quality and clearly shows the bicycle and its components."}, {"ans": [true, false, 1.0], "reasoning": "The image clearly shows a cat, so the answer to the first question is True. The cat's whiskers are visible, so the answer to the second question is False. The image is of high quality as it is clear and well-lit, and the presence or absence of whiskers does not affect the quality score."}, {"ans": [true, true, 1.0], "reasoning": "The image shows a castle in the background, visible through an archway. The castle is made of stone and has towers, which is consistent with the typical architecture of a castle. Therefore, the answer to the first question is True. The gates are not visible in the image, as the archway is the primary focus and there is no visible gate. Therefore, the answer to the second question is True. The image is clear and well-lit, with good resolution, so the quality is rated as 1."}, {"ans": [true, false, 1.0], "reasoning": "The image clearly shows a hot-air balloon with a visible basket. The balloon is centered in the image, and the basket is hanging below it, making it visible. Therefore, the answer to Question 1 is True because the image is showing a hot-air balloon. The answer to Question 2 is False because the basket is not missing or invisible; it is clearly visible in the image. The quality of the image is rated as 1 because it is clear and well-defined, with no visible distortions or issues that would detract from the visibility of the main elements."}, {"ans": [true, false, 1.0], "reasoning": "The image clearly shows a turtle with a visible shell. The turtle is centered in the image, and its shell is clearly visible, indicating that the shell is not missing or invisible. The image is of high quality, with clear details of the turtle and its surroundings."}, {"ans": [true, true, 1.0], "reasoning": "The image is showing a train, and the wheels are not visible as they are obscured by the platform and the angle of the shot."}, {"ans": [true, false, 1.0], "reasoning": "The image clearly shows a pair of eyeglasses with lenses. The lenses are visible and not missing, so the answer to the second question is False. The image is of high quality, well-lit, and in focus, hence the quality score is 1."}, {"ans": [true, false, 0.9], "reasoning": "The image clearly depicts a fountain pen, with one pen shown in its entirety and another with its cap off, both displaying their nibs prominently. Therefore, the answer to the first question is True because the main object, a fountain pen, is present. For the second question, the answer is False because the nibs are visible on both pens. The quality of the image is rated 0.9 due to its high clarity and detailed representation of the pens, although a minor deduction is made for the background's slightly distressed appearance which might be considered a minor distraction."}, {"ans": [true, false, 1.0], "reasoning": "The image clearly shows an umbrella with a visible canopy, so the answer to the first question is True. The canopy is present and visible, so the answer to the second question is False. The image is of high quality, well-lit, and clearly shows the subject, so the quality score is 1.0."}, {"ans": [true, false, 1.0], "reasoning": "The image clearly shows an airplane on a runway, with its wings fully visible. The presence of the airplane is evident, and the wings are not missing or invisible. The image is of high quality, capturing the details of the airplane and its surroundings."}, {"ans": [true, false, 1.0], "reasoning": "The image shows a desk lamp with a gold-colored metal shade and a flexible arm, which is clearly visible on a wooden table with an open book in front of it. The lamp is turned on, indicating the presence of a bulb. The bulb itself is not directly visible due to the shade, but the light emanating from it suggests that it is present. Therefore, for Question 1, the answer is True because the image is showing a desk lamp. For Question 2, the answer is False because, although the bulb is not directly visible, the lamp is emitting light, indicating that the bulb is present and not missing. The quality of the image is rated 1 because it is clear and well-lit, and the key elements are easily visible."}, {"ans": [true, false, 1.0], "reasoning": "The image clearly shows an electric guitar with a visible neck, body, and other characteristic features such as pickups and knobs. The presence of the neck is evident, answering the second question. The image is of high quality, with clear details and proper lighting, hence the quality score is 1."}, {"ans": [true, false, 1.0], "reasoning": "The image shows a toy fish floating in water. The toy has a fish-like shape and appears to be made of plastic or rubber. It has a silver color and is positioned in the center of the image. The background is a light blue-green color, representing the water. The toy fish has visible fins, which are clearly seen on its body. The image is clear and well-lit, with no visible distortions or obstructions. Therefore, the answer to the first question is True, as the image is showing a fish-like object. The answer to the second question is False, as the fins are visible on the toy fish. The quality of the image is rated as 1, as it is clear and well-defined, with no visible issues."}, {"ans": [true, false, 1.0], "reasoning": "The image depicts a small, red brick house with a tiled roof, situated in a field. The house is centered in the image and has a simple, rectangular shape with a gable roof. The roof is visible and appears to be intact, with two chimneys on top. The house has a door and windows, and is surrounded by tall grass. The background shows a clear blue sky and a field with cows grazing in the distance. The overall atmosphere is peaceful and serene. For Question 1, the image is showing a cottage, so the answer is True. For Question 2, the roof is visible, so the answer is False. The quality of the image is rated 1.0 because it is clear and well-defined, with no visible distortions or issues."}, {"ans": [true, false, 0.9], "reasoning": "The image shows a vintage convertible car with a red interior and exterior, driving down a road. The windshield is present and visible, although the doors are open. The image is clear and well-lit, with a good view of the car's interior and the road ahead. The quality of the image is high, with a score of 0.9 out of 1. The presence of the windshield answers question 2 as false, indicating it is not missing or not visible."}, {"ans": [true, true, 1.0], "reasoning": "The image is showing a keyboard, but the spacebar is missing or not visible. The keyboard is centered in the image and is lit up with a gradient of pink, orange, and yellow lights. The keys are arranged in a standard QWERTY layout, but the spacebar is absent. The image is clear and well-lit, with no visible distortions or obstructions."}, {"ans": [true, false, 0.9], "reasoning": "The image clearly depicts an owl perched on a branch, with a full moon in the background. The owl is shown with its feathers visible, indicating that the feathers are not missing or invisible. The image is of high quality, with clear details and a realistic representation of the owl and its surroundings. The only reason for not giving it a perfect score is the slight graininess visible upon close inspection, but this does not detract from the overall clarity and detail of the image."}, {"ans": [true, false, 0.9], "reasoning": "The image shows a book with its pages visible, lying on a wooden table. The book is the main object in the image, and it is clear that it is a book. Therefore, the answer to Question 1 is True. The pages of the book are visible and not missing, so the answer to Question 2 is False. The image is well-lit and clear, with a good focus on the book, so the quality is rated as 0.9."}, {"ans": [true, false, 0.9], "reasoning": "The image is showing a lighthouse with a lamp visible inside the lantern room. The presence of the lighthouse is clear, so the answer to the first question is True. The lamp is visible, so it is not missing or invisible, making the answer to the second question False. The image quality is rated 0.9 because it is clear and well-defined, with no visible distortions or obstructions that would hinder the view of the lighthouse or its lamp."}, {"ans": [true, true, 1.0], "reasoning": "The image shows a chair that can be classified as an armchair due to its design, which includes armrests. The chair is upholstered and has a cushioned seat and backrest. The legs of the chair are not visible, suggesting they might be missing or not visible. The image is clear and well-lit, allowing for a good view of the chair's design and details. Therefore, the answer to the first question is True because the image does show an armchair. The answer to the second question is also True because the legs are not visible. The quality of the image is rated as 1 because it is clear and well-composed, with good lighting that highlights the chair's features."}, {"ans": [true, false, 0.9], "reasoning": "The image shows a deer standing in a forest, facing the camera. The deer appears to be a female or a young male as it does not have fully developed antlers, but there are small protrusions on its head which could be antlers in early development. The main object, a deer, is present in the image, so the answer to the first question is True. For the second question, the antlers are not fully developed or visible, but there are small protrusions, so they are not entirely missing. However, since the question asks if antlers are missing or not visible, and the deer either doesn't have antlers or they are very small, the answer is False because the antlers are partially visible. The image is clear and well-lit, with good detail on the deer and its surroundings, so the quality is rated as 0.9. The absence of fully developed antlers does not negatively affect the quality score as per the instructions."}, {"ans": [true, false, 1.0], "reasoning": "The image shows a white envelope with its flap partially covering it, indicating that the envelope is present and the flap is visible. Therefore, the answer to Question 1 is True because the main object, the envelope, is present. The answer to Question 2 is False because the flap is not missing and is partially visible. The quality of the image is rated 1 because it is clear and well-defined, with no apparent issues that would detract from its quality."}, {"ans": [true, true, 1.0], "reasoning": "The image is showing a wall clock, which is the main object. The clock face is white with black hands and has small black marks around the edge instead of numbers. Therefore, the numbers are missing or not visible. The image is clear and well-lit, with no visible distortions or issues that would affect its quality."}, {"ans": [true, false, 0.9], "reasoning": "The image clearly shows a person wearing a white space suit, floating in a swimming pool. The space suit is fully visible and includes a helmet with a black visor. The presence of the helmet indicates that the helmet is not missing. The image is clear and well-lit, with good visibility of the space suit and its details. The quality of the image is high, with a score of 0.9, as it is sharp and well-defined."}, {"ans": [true, false, 1.0], "reasoning": "The image clearly depicts a windmill with visible blades in a field. The presence of the windmill answers the first question affirmatively. Since the blades are visible, the answer to the second question is false. The image is of high quality, with clear details of the windmill and its surroundings."}, {"ans": [true, true, 1.0], "reasoning": "The image clearly depicts a tree without leaves, as evidenced by the visible branches and the absence of foliage. The presence of the tree is evident, fulfilling the first question's condition. For the second question, the leaves are indeed missing, as there are no leaves visible on the tree. The image quality is high, with clear details of the tree's structure and the background."}, {"ans": [true, true, 1.0], "reasoning": "The image shows a yellow school bus parked on the side of a road. The bus is facing left, and its side is visible. The bus has several windows along its side, through which the brown seats inside can be seen. The front of the bus is not visible in the image. The doors of the bus are not visible as the side shown is not facing the camera, and the front is not in view. Therefore, for Question 1, the image is showing a bus, so the answer is True. For Question 2, since the doors are not visible from the side shown, the answer is True. The quality of the image is rated 1 because it is clear and well-lit, and the key elements of the bus are visible."}, {"ans": [true, true, 1.0], "reasoning": "The image shows a laptop with its screen facing away from the viewer, resting on a wooden table. The laptop is clearly visible, and it is an Apple brand. The screen is not visible as it is turned away, thus it is considered 'not visible'. The image is clear and well-lit, indicating good quality."}, {"ans": [true, true, 0.9], "reasoning": "The image shows a trumpet, which is the main object. The trumpet is lying on a red fabric background, and it appears to be a standard trumpet with valves and a bell. However, the mouthpiece is not attached to the trumpet, making it missing or not visible. The image is clear and well-lit, with the trumpet centered in the frame. The quality of the image is high, with a clear view of the trumpet's details. The score is not 1 because the image could be slightly more sharp."}, {"ans": [true, false, 1.0], "reasoning": "The image depicts a robot with a visible head, standing in a futuristic office environment. The robot's body is predominantly white with black accents and mechanical details. The head is clearly visible and not missing or obscured. Therefore, the answer to Question 1 is True because the image shows a robot. The answer to Question 2 is False because the head is visible. The quality of the image is rated 1 because it is clear and well-defined, with no apparent issues affecting its quality."}, {"ans": [true, true, 1.0], "reasoning": "The image depicts a cylindrical candle with a smooth surface, placed on a metal tray. The candle appears to be made of wax and has a uniform color. Upon closer inspection, there is no visible wick on the top surface of the candle. Therefore, for Question 1, the image is showing a candle, so the answer is True. For Question 2, since the wick is not visible on the surface of the candle, the answer is True. The image quality is rated as 1 because it is clear and well-lit, and the candle is the main focus."}, {"ans": [true, false, 1.0], "reasoning": "The image is showing a pizza with cheese, so it satisfies the condition of being a pizza with or without cheese. Therefore, the answer to the first question is True. The cheese is visible on the pizza, so it is not missing or not visible. Hence, the answer to the second question is False. The image is clear and well-defined, showing all the details of the pizza, so the quality is rated as 1."}, {"ans": [true, true, 1.0], "reasoning": "The image clearly shows a DSLR camera body without a lens attached to it, and the lens is placed separately on a stand below the camera. The camera body is the main object in the image, and it is a DSLR camera. Therefore, the answer to the first question is True. The lens is not attached to the camera, so it is considered missing from the camera body. Hence, the answer to the second question is also True. The image is clear and well-lit, with the camera and lens clearly visible, so the quality score is 1."}, {"ans": [true, true, 1.0], "reasoning": "The image shows a grand piano on a stage in an auditorium. The piano is black and appears to be a grand piano, but the keys are not visible as they are inside the piano. The image is clear and well-lit, showing the piano and the auditorium in detail."}, {"ans": [true, false, 1.0], "reasoning": "The image shows a paintbrush with visible bristles next to a paint palette. The paintbrush is clearly visible and has bristles, so the answer to the first question is True. The bristles are visible, so the answer to the second question is False. The image is of high quality, with clear details of the paintbrush and palette, so the quality score is 1."}, {"ans": [true, false, 0.9], "reasoning": "The image is showing a watch with a strap, so the answer to the first question is True. The strap is visible and not missing, so the answer to the second question is False. The quality of the image is rated 0.9 because it is clear and well-lit, with no visible distortions or issues that would detract from the viewer's understanding of the watch."}, {"ans": [true, true, 0.95], "reasoning": "The image is a close-up of a young man's face. His mouth is open, and his lips are parted, revealing a dark interior. However, there is no visible tongue inside the mouth. The image quality is generally high, with clear details of the subject's facial features and clothing."}, {"ans": [true, false, 0.9], "reasoning": "The image clearly shows a motorcycle, so the answer to the first question is True. The handlebars are visible in the image, so the answer to the second question is False. The image is well-lit and the motorcycle is centered, indicating a high-quality image. However, the quality score is not 1 because the image appears to be a 3D rendering rather than a photograph, which might affect its realism."}, {"ans": [true, false, 1.0], "reasoning": "The image is showing a vintage television set on a wooden cabinet. The television has a visible screen, although it appears to be turned off or displaying a static screen. Since the television is the main object and it is present, the answer to the first question is True. For the second question, the screen is visible, so it is not missing or not visible, making the answer False. The image is clear and well-lit, showing the television and its screen without any obstructions, hence the quality is rated as 1."}, {"ans": [true, false, 0.9], "reasoning": "The image clearly shows a white goat standing on rocky terrain. The goat has two visible horns, so it is not missing them. The image is of high quality, with clear details of the goat and its surroundings. The slight blur in the background does not detract from the overall quality."}, {"ans": [true, false, 1.0], "reasoning": "The image shows a red sneaker with white laces, so it is showing a sneaker. The laces are visible, so they are not missing or not visible. The image is clear and well-lit, so the quality is high."}, {"ans": [true, false, 0.95], "reasoning": "The image clearly shows a green frog sitting on a lily pad, with its body and legs visible. The frog's eyes are clearly visible, indicating that they are not missing or invisible. The image is of high quality, with clear details and good lighting, hence the quality score is 0.95."}, {"ans": [true, false, 0.9], "reasoning": "The image is showing a mug with a handle, so the answer to the first question is True. The handle is visible, so the answer to the second question is False. The quality of the image is rated 0.9 because it is clear and well-lit, with no visible distortions or obstructions."}, {"ans": [true, false, 0.9], "reasoning": "The image clearly shows a saxophone, which is the main object in question. The saxophone is depicted with its keys visible, indicating that the keys are not missing. The image is of high quality, with clear details of the saxophone's body and keys, hence a quality score of 0.9. The slight deduction from 1 is due to minor background texture or lighting variations, not related to the presence or visibility of the keys."}, {"ans": [true, false, 1.0], "reasoning": "The image is showing a skateboard with wheels, so the main object is present. The wheels are visible, so they are not missing or not visible. The image is clear and well-lit, hence the quality is high."}, {"ans": [true, false, 1.0], "reasoning": "The image is showing a fedora hat with a brim, so the answer to the first question is True. The brim is visible, so the answer to the second question is False. The image is clear and well-lit, and the hat is centered and prominent, so the quality score is 1."}, {"ans": [true, false, 1.0], "reasoning": "The image clearly shows a motorcycle helmet with a visor. The visor is present and visible, covering the front of the helmet. The helmet is placed on a wooden table in front of a white wall with a gray frame, and it is well-lit, indicating a high-quality image. The presence of the visor answers the second question, confirming it is not missing."}, {"ans": [true, true, 1.0], "reasoning": "The image shows a bedframe with a headboard and footboard, but without a mattress. The slats are visible, indicating that the mattress is not present. Therefore, the answer to Question 1 is True, as the image is showing a bedframe. The answer to Question 2 is also True, as the mattress is missing. The quality of the image is rated 1, as it is a clear and well-rendered image."}, {"ans": [true, false, 1.0], "reasoning": "The image depicts a clock tower with two visible clock faces. The presence of the clock tower satisfies the first question. Since the clock faces are clearly visible, the answer to the second question is false. The image is clear and well-defined, hence the quality is rated as 1."}, {"ans": [true, false, 0.95], "reasoning": "The image clearly shows a pocket watch with a white face and black Roman numerals. The watch has a gold casing and is positioned on a pink satin background. The hands of the watch are visible, with one hand pointing between the Roman numerals 'I' and 'II', and the other hand pointing between 'VIII' and 'IX' but closer to 'IX'. The presence of the hands indicates that they are not missing. The image is of high quality, with clear details of the watch and its components. The slight deduction in quality score is due to the subjective interpretation of the image's clarity and not related to the presence or absence of the hands."}, {"ans": [true, false, 0.9], "reasoning": "The image shows a bicycle with a red frame, leaning against a wall. The bicycle is clearly visible and has most of its parts intact, including the wheels, frame, seat, and handlebars. The pedals are also visible, attached to the crankset. Therefore, the answer to Question 1 is True because the image is showing a bicycle. The answer to Question 2 is False because the pedals are visible. The quality of the image is rated 0.9 because it is clear and well-lit, with no significant obstructions or distortions. The slight deduction from 1 is due to minor speckling on the ground and some minor details that could be sharper, but these do not significantly impact the overall clarity or the ability to identify the key elements of the bicycle."}, {"ans": [true, false, 1.0], "reasoning": "The image is a portrait of a woman with visible eyes. The woman's face is centered in the image, and her eyes are clearly visible. The image is of high quality, with clear details and no visible distortions."}, {"ans": [true, true, 0.9], "reasoning": "The image depicts a grand piano on a stage with spotlights shining down. The piano's lid is open, revealing the interior. The hammers inside the piano are not clearly visible due to the angle and lighting. For Question 1, the image is showing a grand piano, so the answer is True. For Question 2, the hammers are not clearly visible, so they are considered not visible, making the answer True. The quality of the image is rated 0.9 because it is clear and well-lit, with the main subject (the grand piano) prominently displayed."}, {"ans": [true, false, 1.0], "reasoning": "The image shows a sailing ship with sails, so it is a sailing ship. The sails are visible and not missing, so the answer to the second question is False. The image is of high quality, clear and detailed, so the quality score is 1."}, {"ans": [true, false, 1.0], "reasoning": "The image depicts a large tree with a sprawling canopy and a thick trunk, situated in a grassy field. The tree's leaves are visible, indicating that it is not bare. The tree's characteristics, such as its broad canopy and sturdy trunk, are consistent with those of an oak tree. The presence of leaves on the tree suggests that it is not missing them. Therefore, the answer to Question 1 is True, as the image does show an oak tree with leaves. The answer to Question 2 is False, as the leaves are not missing or invisible. The quality of the image is rated as 1.0, indicating that it is clear and well-defined."}, {"ans": [true, false, 0.9], "reasoning": "The image shows a stone cottage with a door, windows, and a roof covered in greenery. The main object, the cottage, is present. The door is visible and not missing. The image is clear and well-defined, with the key elements of the cottage visible, hence a high-quality score of 0.9."}, {"ans": [true, false, 1.0], "reasoning": "The image clearly shows a passenger jet on a runway. The wings are visible on the aircraft, so they are not missing or invisible. The image is of high quality as it is clear and well-lit."}, {"ans": [true, true, 1.0], "reasoning": "The image is showing a wristwatch with a white face and brown leather strap. The watch face is blank and does not have any numbers on it. Therefore, the numbers are missing or not visible from the wristwatch. The image is clear and well-lit, and the watch is the main focus, so the quality is rated as 1."}, {"ans": [true, false, 1.0], "reasoning": "The image shows a pizza with a visible cheese layer under the toppings, so the main object is a pizza and it has cheese. Therefore, the answer to the first question is True. Since the cheese is visible, the answer to the second question is False. The image is clear and well-lit, showing all the details of the pizza, so the quality is rated as 1."}, {"ans": [true, false, 0.9], "reasoning": "The image clearly shows traffic signals with lights, so the answer to the first question is True. The lights are visible on the traffic signals, so the answer to the second question is False. The image is well-lit and in focus, with clear details of the traffic signals and the surrounding environment, hence the quality is rated as 0.9. The slight reduction from 1 is due to the overexposure in the center of the image, but it does not affect the visibility of the key elements."}, {"ans": [true, false, 1.0], "reasoning": "The image clearly shows a skateboard with wheels attached to it. The skateboard is positioned on a concrete surface, and the wheels are visible and appear to be intact. Therefore, the answer to Question 1 is True because the image is showing a skateboard. The answer to Question 2 is False because the wheels are not missing; they are visible on the skateboard. The quality of the image is rated as 1 because it is clear and well-lit, allowing for easy identification of the skateboard and its components."}, {"ans": [true, false, 1.0], "reasoning": "The image clearly depicts a chessboard with pieces on it, so the answer to the first question is True. The black pieces are visible on the board, albeit fewer than the white pieces, so the answer to the second question is False. The image is of high quality, with clear details of the chessboard and pieces, so the quality score is 1."}, {"ans": [true, true, 0.9], "reasoning": "The image depicts a red Ferrari sports car in a modern, well-lit room with a reflective floor. The car is positioned facing left, and its sleek design is clearly visible. The image is of high quality, with clear details of the car's features, except for the brakes which are not visible as they are inside the wheels."}, {"ans": [true, true, 1.0], "reasoning": "The image shows a book with blank pages, indicating that it is a book. The text is missing or not visible from the book as the pages are blank. The image is clear and well-lit, with no visible distortions or obstructions, hence the quality is rated as 1."}, {"ans": [true, false, 1.0], "reasoning": "The image clearly shows a computer tower with its side panel partially removed, revealing the internal components. The presence of fans is evident on both the side panel and inside the tower. Therefore, the answer to the first question is True because the main object, a computer tower, is present. For the second question, the answer is False because the fans are visible, both on the side panel and inside the tower. The image quality is rated 1 because it is clear and well-lit, showing all the necessary details without any significant issues."}, {"ans": [true, false, 1.0], "reasoning": "The image depicts a scarecrow standing in a wheat field. The scarecrow is wearing a red plaid shirt, blue jeans, and a straw hat, and has a burlap sack for a head with a stitched-on face. The scarecrow's arms are visible and made of straw or burlap, attached to the body. Therefore, the scarecrow is present and its arms are visible, answering the first question affirmatively and the second question negatively. The image is clear and well-lit, with no visible distortions or obstructions, hence the quality is rated as 1."}, {"ans": [true, true, 0.9], "reasoning": "The image depicts a man in armor, which is consistent with the representation of a knight. The presence of armor, including a breastplate, shoulder guards, and gauntlets, along with a belt and a strap across the chest, indicates that the individual is indeed a knight. Therefore, the answer to the first question is True. The knight is not holding a sword, and there is no visible sword on his belt or in the image. Thus, the sword is missing or not visible, making the answer to the second question True. The image is well-detailed and clear, with a good representation of the knight's armor and the background. The quality of the image is rated 0.9 because it is clear and detailed, and the absence of a sword does not negatively impact the quality score as per the instructions."}, {"ans": [true, false, 1.0], "reasoning": "The image shows a white teapot with a floral design on it, placed on a bamboo mat. The teapot has a spout, a lid, and a handle, which are all typical features of a teapot. The handle is visible on the right side of the teapot. Therefore, the answer to Question 1 is True because the image is showing a teapot. The answer to Question 2 is False because the handle is visible. The quality of the image is rated as 1 because it is clear and well-lit, and the teapot is centered in the frame."}, {"ans": [true, false, 0.9], "reasoning": "The image clearly shows a basketball hoop with a net, so the answer to the first question is True. The net is visible, so the answer to the second question is False. The image is well-lit and in focus, with clear details of the basketball hoop and net, hence the quality score is 0.9. The slight rust on the backboard and the pole does not significantly detract from the overall quality."}, {"ans": [true, false, 1.0], "reasoning": "The image is showing a dining table setting with a plate, cutlery, and glasses. The main object, the dining table, is present. The glasses are visible at the top of the image, so they are not missing or invisible. The image is clear and well-lit, and the key elements are easily visible, hence the quality is rated as 1.0."}, {"ans": [true, true, 1.0], "reasoning": "The image clearly depicts a vintage typewriter on a wooden table against a textured wall background. The typewriter is the main focus, and it is evident that it is an older model due to its design and the presence of a sheet of paper rolled into it. Upon closer inspection, it is noticeable that the ribbon, which is typically visible between the keys and the paper, is not present or visible in the image. Therefore, the answer to the first question is True because the image is showing a typewriter. The answer to the second question is also True because the ribbon is not visible, indicating it is either missing or not visible. The quality of the image is rated as 1 because it is clear and well-lit, showing the typewriter in detail without any significant distractions or obstructions."}, {"ans": [true, true, 0.9], "reasoning": "The image shows a winter jacket hanging on a hook against a white wall. The jacket is a puffy, cream-colored coat with a fur-lined hood and buttons down the front. There is no visible zipper on the jacket. The image is clear and well-lit, suggesting a high-quality visual. The main object, a winter jacket, is present, so the answer to the first question is True. The zipper is not visible, so the answer to the second question is True. The quality of the image is rated 0.9 because it is clear and well-composed, with good lighting that highlights the details of the jacket."}, {"ans": [true, false, 1.0], "reasoning": "The image clearly shows a sunflower with its characteristic large yellow petals and a prominent center. The center of the sunflower is visible and contains seeds, which are not missing or invisible. The image is well-lit and in focus, contributing to its high quality."}, {"ans": [true, false, 0.9], "reasoning": "The image clearly shows an elephant with a visible trunk, large ears, and tusks, walking on a dirt path in a savannah-like environment. The trunk is fully visible and is a prominent feature of the elephant's face. The image is of high quality, with clear details and good lighting, although the sky appears somewhat hazy."}, {"ans": [true, true, 0.9], "reasoning": "The image clearly depicts a rowboat on a serene lake, with no oars visible inside or outside the boat. The presence of the rowboat directly answers the first question affirmatively. For the second question, the absence or invisibility of oars within or near the boat leads to a positive response. The image quality is rated high because it is clear and well-focused, effectively capturing the details of the rowboat and its surroundings. The absence of oars does not negatively impact the quality rating as per the instructions."}, {"ans": [true, false, 1.0], "reasoning": "The image shows a snowman with a hat and scarf, and it has a smile made of small dots, which could be interpreted as buttons. Therefore, the answer to the first question is True. For the second question, the buttons are visible as a smile on the snowman's face, so the answer is False. The image is clear and well-defined, showing the snowman and its details, so the quality is rated as 1."}, {"ans": [true, true, 1.0], "reasoning": "The image shows a fountain pen resting on a notebook. The pen is the main object in the image and is clearly visible. The nib of the pen is visible, but there is no visible ink within the pen. The image is clear and well-lit, and the pen is centered in the frame. Therefore, the answer to Question 1 is True because the image is showing a fountain pen. The answer to Question 2 is True because the ink is not visible within the pen. The quality of the image is rated as 1.0 because it is clear and well-composed, with the pen being the main focus."}, {"ans": [true, false, 1.0], "reasoning": "The image is showing a paintbrush with bristles, so the answer to the first question is True. The bristles are visible, so the answer to the second question is False. The image is clear and well-lit, and the paintbrush and palette are prominently displayed, so the quality score is 1."}, {"ans": [true, true, 1.0], "reasoning": "The image shows a pair of eyeglasses placed on top of a book. The eyeglasses are visible and appear to be without temples, as they are not visible in the image. Therefore, the answer to Question 1 is True because the image is showing eyeglasses. The answer to Question 2 is also True because the temples are not visible, implying they are either missing or not visible. The quality of the image is rated 1.0 because it is clear and well-defined, with no apparent issues that would detract from its quality."}, {"ans": [true, true, 0.9], "reasoning": "The image shows a person holding an umbrella on a rainy day. The umbrella is visible and appears to be in use, so the answer to the first question is True. The ribs of the umbrella are not visible, likely due to the angle and the fact that the umbrella is black, making the ribs less discernible. Therefore, the answer to the second question is True. The quality of the image is rated 0.9 because it is clear and well-composed, with good lighting and focus. The only reason it wouldn't be rated 1 is due to the slight blurriness in the background, but this does not detract from the main subject."}, {"ans": [true, false, 0.9], "reasoning": "The image is showing a wristwatch, which is the main object. The watch has a gold band and a white face with visible gears, indicating it is a mechanical watch. The hour markers are visible as black lines on the outer edge of the face, so they are not missing. The image is clear and well-lit, showing the watch from a top-down perspective, and the watch is centered in the frame. The quality of the image is high, with clear details of the watch's mechanism."}, {"ans": [true, false, 1.0], "reasoning": "The image shows a camping tent with a green fabric cover, set up on a grassy field. The tent appears to be a simple, lightweight design, and it is clear that it is a camping tent. The poles are visible and appear to be holding the tent upright, so they are not missing. The image is clear and well-lit, with good detail visible. Therefore, the answer to Question 1 is True, the answer to Question 2 is False, and the quality of the image is rated as 1."}, {"ans": [true, false, 0.9], "reasoning": "The image depicts a traditional cuckoo clock with a wooden structure, a round clock face, and decorative elements such as deer figures and pinecones hanging from chains. The presence of the clock face and the decorative elements are characteristic of a cuckoo clock. The weights are visible as pinecones hanging from chains, so they are not missing or invisible. The image is clear and well-defined, showing all the key elements of the clock, hence a high quality score."}, {"ans": [true, true, 1.0], "reasoning": "The image shows a smartphone with its screen facing upwards. The phone's screen is black and reflects shadows, indicating it is turned off or in a dark mode. The phone's frame is visible, and it appears to be a modern smartphone design. The speaker grille is not visible from this angle as the phone is shown from the front. Therefore, for Question 1, the answer is True because the image is showing a smartphone. For Question 2, the answer is True because the speaker grille is not visible from the front view of the smartphone. The quality of the image is rated as 1 because it is clear and well-lit, with no visible distortions or issues that would detract from its quality."}, {"ans": [true, false, 1.0], "reasoning": "The image clearly shows a motorcycle from the rider's perspective, with the handlebars and a speedometer visible. The presence of the motorcycle answers the first question affirmatively. The speedometer is clearly visible on the handlebars, answering the second question negatively as it is not missing or invisible. The image is of high quality, clearly showing the necessary details without any significant issues."}, {"ans": [true, true, 0.9], "reasoning": "The image depicts a violin bow with a wooden stick and metal fittings. The bow hair is not visible, indicating it is either missing or not visible. The presence of the bow is clear, so the answer to the first question is true. Since the hair is not visible, the answer to the second question is also true. The image is of high quality, clearly showing the details of the bow, hence the quality score is 0.9."}, {"ans": [true, true, 0.9], "reasoning": "The image depicts a birdcage hanging from a chain, which is the main object in the image. The birdcage is made of gold-colored metal and has a dome-shaped top with a decorative base. There is no visible perch inside the cage. Therefore, the answer to Question 1 is True because the image is showing a birdcage. The answer to Question 2 is also True because the perch is not visible inside the birdcage. The quality of the image is rated 0.9 out of 1, as it is clear and well-lit, with no significant distractions or issues that would detract from the main subject."}, {"ans": [true, false, 1.0], "reasoning": "The image shows a statue of a woman in a classical setting with columns. The statue is intact and has a head, which is visible. Therefore, for Question 1, the answer is True because the image is showing a statue. For Question 2, the answer is False because the head is not missing; it is clearly visible. The quality of the image is rated as 1 because it is clear and well-defined, with no visible degradation or missing key elements that would affect the assessment of the questions."}, {"ans": [false, false, 1.0], "reasoning": "The image is showing a teddy bear, and it has a nose. The nose is visible, so it is not missing. The quality of the image is high as it clearly shows the teddy bear and its features."}, {"ans": [true, false, 0.9], "reasoning": "The image clearly shows a pair of sneakers with laces. The sneakers are placed on a brown mat in front of a white door. The laces are visible and appear to be properly tied. The image is well-lit and the sneakers are the main focus, indicating a high-quality image. The presence of laces answers both questions directly."}, {"ans": [true, false, 1.0], "reasoning": "The image clearly shows a refrigerator with its doors open, revealing the interior. The refrigerator is empty and has multiple shelves inside. The door shelves are visible on the left door. Therefore, the main object in the image is a refrigerator, and the door shelves are not missing."}, {"ans": [true, false, 1.0], "reasoning": "The image depicts a group of people gathered around a large campfire in a forest, with flames clearly visible. The presence of the campfire and the flames answers the first question affirmatively. Since the flames are visible, the answer to the second question is negative. The image is clear and well-defined, indicating high quality."}, {"ans": [true, true, 1.0], "reasoning": "The image shows a drinking fountain, which is a metallic structure with a handle and a spout, located beside a pathway in a park. The fountain appears to be turned off or not dispensing water, as there is no visible water flow. Therefore, the answer to Question 1 is True because the main object, a drinking fountain, is present. The answer to Question 2 is also True because the water is not visible or flowing from the fountain. The quality of the image is rated 1.0 because it is clear and well-lit, with no apparent issues affecting its quality."}, {"ans": [true, true, 0.9], "reasoning": "The image shows a revolver with a visible cylinder and barrel, confirming it is a revolver. The trigger guard is not visible, indicating it is either missing or not visible. The image is clear and well-lit, showing the revolver in detail, hence the high quality score."}, {"ans": [true, false, 0.9], "reasoning": "The image is a detailed illustration of a compass rose, which is clearly visible in the center. The compass rose has multiple rings and is adorned with ornate details. A north arrow is present and visible, pointing towards the top of the image. The overall quality of the image is high, with clear and intricate details throughout. The presence of the north arrow is evident, thus answering the second question as false because it is not missing."}, {"ans": [true, false, 1.0], "reasoning": "The image shows three skyscrapers with visible windows, indicating that the main object (skyscrapers) is present. The windows are visible on the skyscrapers, so they are not missing or invisible. The image is clear and well-defined, hence the quality score is 1."}, {"ans": [true, true, 0.9], "reasoning": "The image shows a man in a tuxedo standing on a stage with his right arm raised, indicating that he is a conductor. He is standing behind a podium with sheet music on it, and there are musicians in the background playing various instruments. The conductor's right hand is empty and raised, suggesting that he is not holding a baton. Therefore, the baton is missing or not visible. The image is clear and well-lit, and the key elements are easily visible, so the quality is rated as 0.9."}, {"ans": [false, true, 1.0], "reasoning": "The image depicts a soccer field with markings, but there is no visible soccer goal. Therefore, the answer to the first question is False. Since there is no soccer goal present, the crossbar is also not visible, making the answer to the second question True. The quality of the image is rated as 1 because it clearly shows the soccer field and its markings, and the absence of a soccer goal is not considered a factor in decreasing the quality score."}, {"ans": [true, false, 1.0], "reasoning": "The image clearly depicts a microscope with its various components visible, including the eyepieces, objective turret, stage, and base. The presence of the microscope is evident, satisfying the first question. For the second question, the eyepieces (lenses) are visible at the top of the microscope, indicating that they are not missing. The overall quality of the image is high as it is clear and well-lit, allowing for easy identification of the microscope's parts."}]