[{"ans": [true, true, 1.0], "reasoning": "The image depicts a sailboat on the water. The boat has a mast and rigging, which are typical features of a sailboat. However, the sails are not visible, indicating they are either missing or not deployed. The image is clear and well-composed, showing the sailboat in the center, with a clear view of its hull and mast. The quality of the image is high, with good resolution and lighting."}, {"ans": [true, false, 0.9], "reasoning": "The image shows a red bicycle leaning against a brick wall. The bicycle is clearly visible and has a chain that is partially visible near the pedals, indicating that it is not missing. The chain is visible, so the answer to the second question is False. The image is clear and well-lit, with the bicycle being the main focus, hence a high-quality score of 0.9."}, {"ans": [true, false, 0.9], "reasoning": "The image is showing a cat, which is the main object, so the answer to the first question is True. The whiskers are visible on the cat's face, so the answer to the second question is False. The image is clear and well-lit, with a sharp focus on the cat, indicating a high-quality image. The quality score is 0.9 because the image is very clear, but not perfect due to a slight blur in the background."}, {"ans": [true, true, 0.9], "reasoning": "The image depicts a large stone structure with a prominent arched entrance, characteristic of a castle. The presence of towers and battlements further supports this identification. Therefore, the answer to the first question is True. Upon closer inspection, it is evident that there are no visible gates at the entrance, suggesting that they are either missing or not visible. Hence, the answer to the second question is also True. The image is clear and well-lit, with good resolution, which is why the quality is rated high at 0.9."}, {"ans": [true, false, 0.9], "reasoning": "The image clearly depicts a hot-air balloon with a basket. The main object, the hot-air balloon, is present and identifiable. The basket is also visible and attached to the balloon, indicating it is not missing. The image is well-lit and in focus, contributing to its high quality. The slight deduction in quality score is due to the presence of some fog in the background, which slightly obscures the view of the landscape but does not affect the visibility of the balloon or the basket."}, {"ans": [true, false, 0.9], "reasoning": "The image clearly shows a turtle with a visible shell on a beach. The turtle is centered and its shell is fully visible, indicating that the shell is not missing. The image is of high quality, with clear details of the turtle's features and its surroundings."}, {"ans": [true, false, 0.9], "reasoning": "The image clearly shows a train at a station, indicating that the main object (the train) is present. The wheels of the train are visible under the carriage, so they are not missing or invisible. The quality of the image is high, with clear details of the train and the station. The slight deduction in quality score is due to minor debris and dirt visible on the tracks, but this does not significantly impact the overall clarity or the main subject."}, {"ans": [true, false, 1.0], "reasoning": "The image clearly shows a pair of eyeglasses with lenses. The lenses are visible and not missing, as they are clearly seen in the image. The image is of high quality, well-lit, and in focus, thus the quality score is 1."}, {"ans": [true, false, 1.0], "reasoning": "The image shows a fountain pen with a visible nib, indicating that the main object, a fountain pen, is present. The nib is clearly visible, so it is not missing or invisible. The image is of high quality, with clear details of the pen and its components."}, {"ans": [true, true, 1.0], "reasoning": "The image shows an umbrella without a canopy, leaning against a wall. The main object in the image is an umbrella, so the answer to the first question is True. The canopy is missing, so the answer to the second question is True. The image is clear and well-lit, and the umbrella is the main focus, so the quality score is 1.0."}, {"ans": [true, false, 1.0], "reasoning": "The image clearly shows a large white airplane on a runway, with visible wings and tail. The presence of the airplane is evident, answering the first question as true. The wings are also clearly visible, making the answer to the second question false. The image is of high quality, with clear details of the airplane and its surroundings, thus rating the quality as 1.0."}, {"ans": [true, true, 0.9], "reasoning": "The image shows a desk lamp, which is the main object. The lamp appears to be a classic or vintage style with a brass finish. The bulb is not visible, as it is either missing or obscured from view. The image quality is good, with clear details of the lamp and the surrounding objects. The presence or absence of the bulb does not affect the overall quality score."}, {"ans": [true, false, 1.0], "reasoning": "The image clearly shows an electric guitar with a visible neck, body, and other characteristic features such as pickups and tuning pegs are not visible but the neck is present and visible. The guitar is hanging on a wall, and the overall image is well-lit and clear. The presence of the neck is evident, so the answer to the second question is False because the neck is not missing or not visible."}, {"ans": [true, false, 0.9], "reasoning": "The image clearly shows a fish, so the answer to the first question is True. The fins are visible on the fish, so the answer to the second question is False. The image is of high quality, with clear details of the fish and its surroundings, so the quality score is 0.9."}, {"ans": [true, false, 1.0], "reasoning": "The image shows a small brick house with a chimney and a roof, surrounded by trees and a field of white flowers. The house is centered in the image and appears to be a cottage. The roof is visible and intact, so the answer to question 2 is False. The image is clear and well-lit, with good composition, so the quality is rated as 1."}, {"ans": [true, true, 0.9], "reasoning": "The image shows a vintage convertible car with its top down, revealing the interior. The main object in the image is indeed a car, so the answer to the first question is True. The windshield is not visible as the focus is on the interior and the top is down, making it difficult to see if there is a windshield or not. However, given the context of a convertible, it is likely that the windshield is either missing or not visible, so the answer to the second question is True. The quality of the image is rated 0.9 because it is clear and well-focused on the subject, with good lighting and detail visible in the car's interior and the surrounding environment."}, {"ans": [true, false, 0.9], "reasoning": "The image is showing a keyboard with a visible spacebar, so the answer to the first question is True. The spacebar is present and visible, so the answer to the second question is False. The quality of the image is rated 0.9 because it is clear and well-lit, with no visible distortions or obstructions."}, {"ans": [true, false, 0.9], "reasoning": "The image is showing an owl with feathers clearly visible on its body. The owl is perched on a tree branch, with a full moon and stars in the background. The feathers are detailed and visible, covering the owl's body. Therefore, the answer to the first question is True. For the second question, since the feathers are visible, the answer is False. The quality of the image is rated 0.9 because it is a clear and detailed representation of an owl, with good lighting and composition."}, {"ans": [true, true, 1.0], "reasoning": "The image is showing a book with a leather cover, which is the main object. The pages are not visible as the book is open and empty, indicating that the pages are missing. The image is of high quality as it clearly shows the details of the book and its surroundings."}, {"ans": [true, false, 1.0], "reasoning": "The image clearly shows a lighthouse with a visible lamp inside the lantern room at the top. The presence of the lighthouse is evident, and the lamp is visible through the glass enclosure. The image is of high quality, capturing the details of the lighthouse and its surroundings."}, {"ans": [true, false, 0.9], "reasoning": "The image shows a beige armchair with a tufted back and wooden legs on a patterned rug. The chair is clearly visible and appears to be an armchair. The legs of the chair are visible, so they are not missing or invisible. The image is well-lit and clear, with a good view of the chair and its features. The quality of the image is high, with a clear and detailed view of the chair and its surroundings."}, {"ans": [true, true, 0.9], "reasoning": "The image clearly depicts a deer standing in a forest, facing the camera. The deer appears to be a female or a young male as there are no visible antlers on its head. The absence of antlers is noticeable, and since the question specifies 'could be either with or without antlers,' the presence of the deer is confirmed. For the second question, the antlers are indeed missing or not visible, which aligns with the observation that the deer does not have visible antlers. The image quality is rated high because it is clear and well-lit, capturing the details of the deer and its surroundings effectively."}, {"ans": [true, false, 1.0], "reasoning": "The image shows a white envelope on a marble surface. The envelope is closed, and its flap is visible on the right side, indicating that it is not missing. Therefore, the answer to Question 1 is True because the image is showing an envelope. The answer to Question 2 is False because the flap is visible, hence not missing or not visible. The quality of the image is rated 1 because it is clear and well-defined, with the envelope and its details clearly visible."}, {"ans": [true, true, 1.0], "reasoning": "The image shows a wall clock mounted on a wall above a fireplace. The clock face is white with black hands, but it does not display any numbers. Therefore, the answer to Question 1 is True because the image is showing a wall clock. The answer to Question 2 is also True because the numbers on the clock face are missing. The quality of the image is rated as 1.0 because it is clear and well-defined, and the absence of numbers on the clock does not negatively impact the quality score as per the instructions."}, {"ans": [true, false, 1.0], "reasoning": "The image clearly shows an astronaut wearing a space suit, which includes a helmet. The presence of the helmet is evident as it covers the astronaut's head. Therefore, for Question 1, the answer is True because the image is showing a space suit with a helmet. For Question 2, the answer is False because the helmet is visible and not missing. The quality of the image is rated as 1 since it is clear and well-defined, and the key elements are easily identifiable."}, {"ans": [true, false, 1.0], "reasoning": "The image clearly depicts a windmill with its blades visible, standing in a field of wheat. The presence of the windmill and its blades directly answers both questions. For Question 1, the image is showing a windmill, so the answer is True. For Question 2, since the blades are visible, they are not missing or not visible, so the answer is False. The image is clear and well-lit, with no visible distortions or obstructions that would affect the visibility of the main subject or its key elements, hence the quality is rated as 1."}, {"ans": [true, true, 0.9], "reasoning": "The image prominently features a large tree without leaves, surrounded by other trees also devoid of leaves. The main object, a tree, is clearly visible, fulfilling the condition for Question 1. For Question 2, the leaves are not just missing but the tree is explicitly bare, confirming that the leaves are not visible. The image is well-composed and clear, with good lighting that highlights the tree's structure. The quality of the image is rated 0.9 because it is sharp and effectively captures the scene, with the absence of leaves being a characteristic of the scene rather than a deficiency in the image quality."}, {"ans": [true, true, 1.0], "reasoning": "The image shows a yellow school bus parked in a designated parking space. The bus is viewed from the side and rear, with its doors not visible as they are on the opposite side of the image. The presence of the bus is clear, fulfilling the first question's condition. For the second question, the doors are not visible from the given perspective, so they are considered missing or not visible. The image quality is high, with clear details of the bus and its surroundings."}, {"ans": [true, false, 1.0], "reasoning": "The image is showing a laptop with its screen visible, albeit not displaying any content. The laptop is an Apple MacBook, identifiable by the Apple logo on the back of the screen. The screen is open and facing the camera, making it visible. Therefore, the answer to Question 1 is True because the image is showing a laptop. The answer to Question 2 is False because the screen is not missing or not visible; it is clearly visible. The quality of the image is rated 1 because it is clear and well-lit, with no visible distortions or obstructions that would hinder the view of the laptop."}, {"ans": [true, true, 1.0], "reasoning": "The image shows a trumpet lying on a red velvet couch. The trumpet is visible and appears to be a standard instrument. The mouthpiece is not attached to the trumpet, indicating it is either missing or not visible. The image is clear and well-lit, allowing for a good view of the trumpet. Therefore, the answer to the first question is True because the image is showing a trumpet. The answer to the second question is True because the mouthpiece is not visible. The quality of the image is rated 1 because it is clear and well-lit."}, {"ans": [true, false, 0.9], "reasoning": "The image clearly depicts a robot with a visible head, standing in a laboratory setting. The robot is white and has various wires and cables attached to it. The head is present and visible, indicating that it is not missing. The image is of high quality, with clear details of the robot and its surroundings. The only reason for not giving it a perfect score is the slight blurriness in the background, but this does not affect the main subject, which is the robot."}, {"ans": [true, true, 0.9], "reasoning": "The image shows a white, cylindrical object that resembles a candle, placed on a silver tray. The object is likely a candle, as it has the typical shape and color of a candle. The wick is not visible, which suggests that it is either missing or not visible. The image is of high quality, with clear details and good lighting. The only reason for a lower quality score would be if the image was blurry or poorly lit, but that is not the case here. Therefore, the quality score is 0.9, indicating a high-quality image."}, {"ans": [true, false, 0.9], "reasoning": "The image shows a pizza with a tomato sauce base, topped with cherry tomatoes, basil leaves, and what appears to be mozzarella or similar cheese formed into small rolls around the edge. The presence of the rolled cheese around the edge and the slight melted appearance under the tomato sauce indicates that cheese is present, even if not spread uniformly across the surface. Therefore, for Question 1, the image is showing a pizza, so the answer is True. For Question 2, since cheese is visible, albeit not as a uniform layer, the cheese is not missing or invisible, so the answer is False. The quality of the image is rated 0.9 because it is clear and well-lit, showing the details of the pizza toppings and the crust."}, {"ans": [true, true, 0.9], "reasoning": "The image is showing a DSLR camera body without a lens attached. The camera body is clearly visible, and the absence of a lens is evident from the exposed mount. The image quality is good, with clear details of the camera and its surroundings. The lens is not visible as it is not attached to the camera."}, {"ans": [true, true, 1.0], "reasoning": "The image is showing a grand piano on a stage in an auditorium. The piano's lid is open, and the keys are not visible from the viewer's perspective, indicating that they are either missing or not visible. The image is clear and well-lit, with no visible distortions or obstructions, hence a quality score of 1.0."}, {"ans": [true, false, 0.9], "reasoning": "The image shows two paintbrushes, one on the left side and another on the right side, both with visible bristles. The presence of the paintbrushes indicates that the main object is indeed a paintbrush. The bristles are clearly visible on both brushes, so they are not missing or invisible. The image is of high quality, with clear details of the paintbrushes and the surrounding paint palette."}, {"ans": [true, true, 1.0], "reasoning": "The image is showing a watch, which is the main object. The watch is present, so the answer to the first question is True. The strap of the watch is not visible as it is not attached or is hidden from view, so the answer to the second question is True. The image is clear and well-lit, showing the watch in detail, so the quality is rated as 1."}, {"ans": [true, false, 0.9], "reasoning": "The image is showing a mouth with an open jaw, and the tongue is visible inside the mouth. The main object, the mouth, is present. The tongue is also visible, so it is not missing or invisible. The image quality is good, with clear details of the dental setting and the instruments being used."}, {"ans": [true, false, 0.9], "reasoning": "The image is clearly showing a motorcycle, so the answer to the first question is True. The motorcycle has visible handlebars, so the answer to the second question is False. The image is well-lit and the motorcycle is centered, making it a high-quality image. The quality score is 0.9 because the image is very clear and detailed, with no visible distortions or artifacts."}, {"ans": [true, false, 0.9], "reasoning": "The image shows a vintage television set with a visible screen, so the answer to the first question is True. The screen is present and visible, so the answer to the second question is False. The image is of high quality, with clear details of the television and its components, so the quality score is 0.9. The slight deduction from 1 is due to minor imperfections in the image, but not related to the presence or visibility of the screen."}, {"ans": [true, false, 1.0], "reasoning": "The image clearly shows a goat standing on a rocky outcrop. The goat has visible horns, which are clearly seen on its head. Therefore, for Question 1, the answer is True because the image is showing a goat. For Question 2, the answer is False because the horns are not missing or invisible; they are clearly visible. The quality of the image is rated as 1 because it is clear and well-defined, with the goat and its horns clearly visible."}, {"ans": [true, false, 1.0], "reasoning": "The image shows a red sneaker with white laces, which is clearly visible on an orange surface in front of gray lockers. For Question 1, the main object is a sneaker, so the answer is True. For Question 2, the laces are present and visible, so the answer is False. The image is clear and well-lit, showing the sneaker and its details, hence the quality is rated as 1."}, {"ans": [true, false, 1.0], "reasoning": "The image clearly shows a frog sitting on a leaf in the water. The frog is centered and clearly visible, with its body and limbs detailed. One of its eyes is visible and clearly seen, indicating that at least one eye is not missing or invisible. The image is of high quality, with good lighting and focus."}, {"ans": [true, false, 1.0], "reasoning": "The image is showing a mug with a handle, so the answer to the first question is True. The handle is visible, so the answer to the second question is False. The image is clear and well-lit, and the mug is centered in the frame, so the quality is rated as 1."}, {"ans": [true, false, 0.9], "reasoning": "The image clearly shows a saxophone with its keys visible, indicating that the keys are not missing or not visible. The saxophone is the main object in the image, and it is depicted with a high level of detail. The quality of the image is rated 0.9 because it is clear and well-lit, with no visible distortions or obstructions that would detract from the visibility of the saxophone or its keys."}, {"ans": [true, false, 1.0], "reasoning": "The image clearly shows a skateboard with its trucks and wheels still attached, lying on a brick surface. The main object in the image is indeed a skateboard, so the answer to the first question is True. For the second question, the wheels are visible and not missing, so the answer is False. The image is clear and well-lit, showing the skateboard and its components in detail, hence the quality is rated as 1.0."}, {"ans": [true, false, 1.0], "reasoning": "The image shows a black fedora hat on a wooden stand. The hat has a brim, which is visible and not missing. Therefore, the answer to Question 1 is True because the image is showing a fedora. The answer to Question 2 is False because the brim is visible and not missing. The quality of the image is rated 1.0 because it is clear and well-lit, with no visible distortions or issues."}, {"ans": [true, false, 0.9], "reasoning": "The image shows a motorcycle helmet with a visor. The visor is clearly visible and appears to be tinted yellow. The helmet is placed on a workbench, surrounded by various tools, indicating that it is being worked on or maintained. The presence of the visor directly answers the second question, indicating that it is not missing or not visible. The overall quality of the image is high, with clear details of the helmet and its surroundings."}, {"ans": [true, true, 1.0], "reasoning": "The image is showing a bedframe, which is the main object. The mattress is not visible, so it is considered missing. The image is of high quality, with clear details of the bedframe and the surrounding environment."}, {"ans": [true, false, 1.0], "reasoning": "The image is showing a clock tower with a visible clock face. The clock tower is the main object in the image, and it is clearly visible. The clock face is also visible on the front side of the tower. Therefore, the answer to Question 1 is True because the image is showing a clock tower. The answer to Question 2 is False because the clock face is not missing or invisible; it is clearly visible. The quality of the image is rated 1 because it is clear and well-defined, with no visible distortions or issues that would affect the visibility of the main object or the clock face."}, {"ans": [true, false, 0.9], "reasoning": "The image clearly shows a pocket watch with its cover open, revealing the inner workings and the face of the watch. The hands of the watch are visible, indicating the time. Therefore, for Question 1, the answer is True because the image is showing a pocket watch. For Question 2, the answer is False because the hands are not missing; they are clearly visible. The quality of the image is rated 0.9 because it is clear and well-lit, with no apparent issues that would detract from the visibility of the pocket watch or its details."}, {"ans": [true, false, 1.0], "reasoning": "The image clearly shows a bicycle leaning against a stone wall. The bicycle is red with 'EON' written on the frame, and it has two wheels, a seat, and handlebars, fulfilling the criteria for being a bicycle. The pedals are visible and attached to the crankset, indicating they are not missing. Therefore, the answer to Question 1 is True because the image is showing a bicycle. The answer to Question 2 is False because the pedals are visible and not missing. The quality of the image is rated 1 because it is clear and well-lit, showing all relevant parts of the bicycle without any significant obstructions or blurriness."}, {"ans": [true, false, 0.9], "reasoning": "The image shows a portrait of a woman with visible eyes. The portrait is clearly visible and well-lit, indicating a high-quality image. The presence of the eyes in the portrait directly answers both questions."}, {"ans": [true, false, 0.9], "reasoning": "The image clearly shows a grand piano on a stage, with its lid open and the internal mechanisms visible. The presence of the piano is evident, answering the first question affirmatively. Upon closer inspection, the hammers inside the piano are visible, indicating that they are not missing. Therefore, the second question is answered negatively as the hammers are visible. The image is of high quality, with clear details of the piano and its components, hence a quality rating of 0.9."}, {"ans": [true, true, 0.9], "reasoning": "The image depicts a sailing ship with three masts and no visible sails, floating on the water. The ship's hull is made of wood and has a classic design. The absence of sails is noticeable, and the image is of high quality, with clear details and a well-composed scene."}, {"ans": [true, false, 0.9], "reasoning": "The image depicts a large tree with a wide canopy and visible leaves, which is identifiable as an oak tree based on its morphology. The presence of leaves on the tree indicates that they are not missing or invisible. The quality of the image is rated 0.9 due to its high resolution and clear details, with no significant factors detracting from its quality."}, {"ans": [true, false, 1.0], "reasoning": "The image depicts a stone cottage with a chimney, surrounded by trees and vines. The cottage has a door, windows with shutters, and a tiled roof. The door is visible and appears to be intact. Therefore, the answer to Question 1 is True because the image shows a cottage. The answer to Question 2 is False because the door is not missing or invisible; it is clearly visible. The quality of the image is rated 1.0 because it is clear and well-defined, with all elements of the cottage and its surroundings clearly visible."}, {"ans": [true, false, 1.0], "reasoning": "The image shows a white passenger jet on a runway, with its wings visible. The first question asks if the image is showing a passenger jet, which it is, so the answer is True. The second question asks if the wings are missing or not visible from the passenger jet. The wings are clearly visible in the image, so the answer is False. The quality of the image is rated as 1 because it is clear and well-lit, and the key elements of the plane are easily visible."}, {"ans": [true, true, 0.9], "reasoning": "The image is showing a wristwatch with a white face and brown leather strap. The watch face is blank, with no numbers visible. The watch is placed on a brown leather tray. The image is clear and well-lit, with a good focus on the watch. The quality of the image is high, with a score of 0.9 out of 1. The numbers are not visible on the watch face, so the answer to the second question is True."}, {"ans": [true, true, 0.9], "reasoning": "The image is showing a pizza with a red sauce base and basil leaves on top. The crust is visible and appears to be cooked. There is no visible cheese on the pizza. The image is clear and well-lit, with a good view of the pizza. The quality of the image is high, with a score of 0.9 out of 1. The absence of cheese is not considered a factor in determining the quality of the image."}, {"ans": [true, false, 0.9], "reasoning": "The image clearly shows traffic signals above the road, with some of the lights visible and lit. The presence of traffic signals is evident, answering the first question affirmatively. For the second question, the lights are visible on the traffic signals, so they are not missing or invisible. The quality of the image is high, with clear details of the traffic signals and the surrounding environment, hence a quality score of 0.9."}, {"ans": [true, false, 1.0], "reasoning": "The image clearly shows a skateboard with a rainbow-colored deck and yellow wheels. The skateboard is positioned on a concrete surface, and its wheels are visible, indicating that they are not missing. Therefore, the answer to the first question is True because the image is showing a skateboard. The answer to the second question is False because the wheels are visible and not missing. The quality of the image is rated 1 because it is clear and well-lit, allowing for easy identification of the skateboard and its components."}, {"ans": [true, true, 1.0], "reasoning": "The image is showing a chessboard with white pieces set up on it. The black pieces are not visible on the board, they are not present. Therefore, the answer to the first question is True because the image is showing a chessboard. The answer to the second question is True because the black pieces are missing from the chessboard. The quality of the image is rated as 1 because it is clear and well-lit, and there are no visible distortions or issues that would detract from its quality."}, {"ans": [true, false, 0.9], "reasoning": "The image is showing a red sports car, which is clearly visible in the center of the image. The brakes are visible as red calipers behind the silver rims of the wheels. The image quality is high, with clear details of the car and its surroundings. The only reason for not giving it a perfect score is the slight reflection on the floor, but it does not hinder the visibility of the main object or its key elements."}, {"ans": [true, true, 1.0], "reasoning": "The image shows an open book on a wooden table. The pages are blank and do not contain any text. The book is the main object in the image, and it is clearly visible. Therefore, the answer to the first question is True. The text is not visible on the pages of the book, so the answer to the second question is also True. The image is of high quality, with clear details and proper lighting, so the quality score is 1."}, {"ans": [true, false, 1.0], "reasoning": "The image clearly shows a computer tower with its side panel removed, revealing the internal components. The presence of fans is evident, as they are visible and illuminated with purple and blue lights. Therefore, the answer to the first question is True because the main object, a computer tower, is present. For the second question, the answer is False because the fans are not missing; they are visible and clearly seen on the image. The quality of the image is rated 1 because it is clear and well-lit, with no visible distortions or obstructions that would hinder the view of the computer tower or its components."}, {"ans": [true, true, 1.0], "reasoning": "The image shows a scarecrow in a field. The scarecrow is made of straw and is wearing a hat and a plaid shirt. The scarecrow is attached to a wooden post. The arms of the scarecrow are not visible, as they are either missing or obscured by the straw and the shirt. Therefore, the answer to the first question is True because the image is showing a scarecrow. The answer to the second question is True because the arms are not visible. The quality of the image is rated as 1 because it is clear and well-defined, and the key elements are easily identifiable."}, {"ans": [true, true, 0.9], "reasoning": "The image depicts a man in armor, which is consistent with the representation of a knight. The presence of the armor and the serious expression on the man's face are typical characteristics associated with knights in historical and artistic depictions. However, upon closer inspection, it becomes apparent that the knight is not holding a sword, nor is a sword visible on his person or in the immediate vicinity. The absence or invisibility of the sword is the basis for answering the second question. The quality of the image is rated highly because it is clear and detailed, effectively conveying the subject matter."}, {"ans": [true, false, 0.9], "reasoning": "The image is showing a teapot with a handle, so the answer to the first question is True. The handle is visible, so the answer to the second question is False. The quality of the image is rated 0.9 because it is clear and well-lit, with a good focus on the teapot."}, {"ans": [true, false, 0.9], "reasoning": "The image clearly shows a basketball hoop with a net. The basketball hoop is the main object in the image, and it is visible along with its net. The net is also visible, attached to the hoop, and is not missing or invisible. The quality of the image is rated 0.9 because it is clear and well-focused, showing the details of the basketball hoop and the net."}, {"ans": [true, false, 0.9], "reasoning": "The image is showing a dining table setting with a white tablecloth, a plate, silverware, and glasses. The main object, the dining table, is present. The glasses are visible at the top of the image, so they are not missing. The quality of the image is rated 0.9 because it is clear and well-lit, with no visible distortions or obstructions."}, {"ans": [true, false, 0.9], "reasoning": "The image clearly shows a vintage typewriter on a wooden desk, with a sheet of paper in it. The typewriter is the main focus of the image, and it appears to be in a functional state, with keys and mechanical parts visible. The ribbon is visible and appears to be properly installed, as indicated by its presence between the red and black guides under the roller. Therefore, the answer to the first question is True. For the second question, since the ribbon is visible, the answer is False. The quality of the image is rated 0.9 because it is clear and well-focused on the typewriter, with good lighting that highlights its details."}, {"ans": [true, true, 1.0], "reasoning": "The image shows a winter jacket hanging on a coat rack. The main object in the image is a winter jacket, which is clearly visible. Therefore, the answer to Question 1 is True. Upon closer inspection, it appears that the zipper is not visible on the jacket, as it is covered by a flap. Hence, the answer to Question 2 is True. The image is of high quality, with clear details of the jacket and its surroundings, so the quality score is 1."}, {"ans": [true, false, 0.9], "reasoning": "The image clearly depicts a sunflower, answering the first question affirmatively. The seeds are visible on the flower head, indicating they are not missing, thus answering the second question negatively. The quality of the image is rated 0.9 due to its clear and detailed representation of the sunflower, with minor deductions for the slight overexposure around the sun."}, {"ans": [true, false, 1.0], "reasoning": "The image clearly depicts an elephant with a trunk, which is visible and prominent. The presence of the trunk directly answers both questions. For Question 1, the image shows an elephant, so the answer is True. For Question 2, since the trunk is visible, the answer is False. The image is of high quality, with clear details of the elephant and its surroundings, so the quality score is 1."}, {"ans": [true, true, 1.0], "reasoning": "The image clearly shows a rowboat. The oars are not visible inside the boat or anywhere else in the image. The quality of the image is high as it is clear and well-defined, showing the details of the boat and its surroundings."}, {"ans": [true, false, 0.9], "reasoning": "The image clearly shows a snowman in the foreground, standing on a snowy street. The snowman is made of three large snowballs, with a carrot nose, coal eyes, and a red scarf. It is wearing a black top hat and has sticks for arms. The snowman has three black buttons on its middle section, which are visible. Therefore, the answer to Question 1 is True because the image is showing a snowman. The answer to Question 2 is False because the buttons are visible on the snowman. The quality of the image is rated 0.9 because it is clear and well-defined, with no significant issues or distractions."}, {"ans": [true, false, 1.0], "reasoning": "The image is showing a fountain pen with a clear ink reservoir, and the ink is visible inside the reservoir. The pen is placed on top of a notebook, and the image is well-lit and in focus. The quality of the image is high, with clear details of the pen and the notebook. The ink is visible in the reservoir, so it is not missing or invisible."}, {"ans": [true, true, 0.8], "reasoning": "The image is showing a paintbrush. The bristles of the paintbrush are not visible, as they are likely covered in a protective cap or ferrule and possibly inserted into a container or palette. The quality of the image is rated 0.8 because it is clear and well-lit, with no visible distortions or obstructions that would hinder the viewer's ability to see the main elements."}, {"ans": [true, false, 1.0], "reasoning": "The image clearly shows a pair of eyeglasses with temples on top of a stack of papers. The glasses are positioned in a way that both lenses and temples are visible, indicating that the temples are not missing. The image is well-lit and in focus, contributing to a high-quality score. The presence of the eyeglasses and their details are clearly visible, answering the first question affirmatively. For the second question, since the temples are visible, the answer is negative, meaning the temples are not missing or not visible."}, {"ans": [true, false, 0.9], "reasoning": "The image shows a woman holding an umbrella on a rainy city street. The umbrella is clearly visible and appears to be intact, with no obvious damage or missing parts. The ribs of the umbrella are visible from the underside, indicating that they are present. Therefore, the answer to Question 1 is True, as the image is showing an umbrella. The answer to Question 2 is False, as the ribs are visible and not missing. The quality of the image is rated 0.9, as it is clear and well-defined, with no significant issues or distractions."}, {"ans": [true, false, 0.9], "reasoning": "The image is showing a wristwatch with a visible face and hour markers, although the face is partially cut out to show the inner workings. The hour markers are visible on the outer rim of the watch face. The image is of high quality, with clear details of the watch's design and features."}, {"ans": [true, false, 0.9], "reasoning": "The image clearly depicts a camping tent set up in a grassy field. The tent is fully visible, and its structure is intact with poles holding it up. The poles are visible both inside and outside the tent, indicating that they are not missing. The image is of high quality, with clear details of the tent and its surroundings. Therefore, the answer to the first question is True because the image is showing a camping tent. The answer to the second question is False because the poles are visible and not missing. The quality of the image is rated 0.9, as it is clear and well-lit, with no significant issues affecting the visibility of the main object or its key elements."}, {"ans": [true, false, 0.9], "reasoning": "The image shows a cuckoo clock with intricate carvings and details, including a bird emerging from a door, which is a characteristic feature of cuckoo clocks. The clock face is visible, and there are chains hanging down, indicating the presence of weights. The weights are partially visible, suggesting that they are not missing but rather hanging down from the clock. Therefore, the answer to the first question is True because the image does show a cuckoo clock. The answer to the second question is False because the weights are visible, hanging down from the clock. The quality of the image is rated 0.9 because it is clear and detailed, showing the intricate carvings and features of the clock without any significant obstruction or distortion."}, {"ans": [true, true, 0.9], "reasoning": "The image is showing a smartphone, which is the main object. The phone is displayed with its screen facing the viewer, and it appears to be an iPhone. The speaker grille is not visible from this angle, as the phone is shown from the front. Therefore, the answer to the first question is True. For the second question, since the speaker grille is not visible from the front view of the smartphone, it is considered missing or not visible. Hence, the answer is True. The quality of the image is rated 0.9 because it is clear and well-lit, with no significant issues affecting the visibility of the main object."}, {"ans": [true, false, 0.9], "reasoning": "The image clearly shows a motorcycle facing the camera, with its front wheel and handlebars visible. The motorcycle is positioned on a dirt road, with dust being kicked up around it. The image is well-lit and in focus, with a clear view of the motorcycle's features. The speedometer is visible as part of the motorcycle's dashboard, so it is not missing or invisible."}, {"ans": [true, true, 1.0], "reasoning": "The image shows a violin and its bow. The bow is visible, but the hair on the bow is not visible, indicating it is either missing or not visible. Therefore, the answer to the first question is True because a violin bow is present. The answer to the second question is True because the hair is not visible. The quality of the image is rated 1 because it is clear and well-lit, and the absence of hair on the bow does not negatively impact the quality score as per the instructions."}, {"ans": [true, true, 0.9], "reasoning": "The image clearly shows a birdcage hanging from the ceiling of a porch. The birdcage is the main object in the image and is visible in detail. Upon closer inspection, it is evident that there is no perch visible inside the birdcage. The quality of the image is high, with clear details of the birdcage and its surroundings. The only reason for not giving it a perfect score is the slight overexposure due to the sunlight, but this does not affect the visibility of the key elements."}, {"ans": [true, false, 1.0], "reasoning": "The image clearly shows a statue of a woman in a classical setting. The statue is intact and has a head, which is visible. Therefore, for Question 1, the answer is True because the image is showing a statue. For Question 2, the answer is False because the head is not missing; it is visible. The quality of the image is rated 1.0 because it is clear and well-defined, and the presence or absence of the head does not affect the quality score as per the instructions."}, {"ans": [true, false, 1.0], "reasoning": "The image is showing a teddy bear with a visible nose, so the answer to Question 1 is True. The nose is clearly visible, so the answer to Question 2 is False. The image is of high quality and is not missing any key elements."}, {"ans": [true, false, 0.9], "reasoning": "The image clearly shows a pair of white sneakers with laces. The sneakers are the main object in the image, and they are visible with their laces intact and visible. Therefore, the answer to the first question is True. For the second question, since the laces are visible, the answer is False. The quality of the image is rated 0.9 because it is clear and well-lit, with no visible distortions or obstructions that would hinder the visibility of the sneakers or their laces."}, {"ans": [true, false, 0.9], "reasoning": "The image clearly shows a refrigerator with its door open, revealing the interior. The refrigerator is the main object in the image, and it is visible and identifiable. Therefore, the answer to the first question is True. For the second question, the door shelves are visible inside the refrigerator, so they are not missing or invisible. Hence, the answer is False. The image is of high quality, with clear details of the refrigerator and its contents, so the quality score is 0.9."}, {"ans": [true, false, 0.9], "reasoning": "The image depicts a group of four young women gathered around a campfire in a wooded area. The campfire is the central focus, with flames visible and surrounded by stones. The women are seated on the ground, engaged in conversation and enjoying each other's company. The atmosphere is serene, with sunlight filtering through the trees in the background. For question 1, the image indeed shows a campfire, so the answer is True. For question 2, the flames are clearly visible, so the answer is False. The quality of the image is rated 0.9 because it is clear and well-composed, with good lighting that highlights the campfire and the women's interactions."}, {"ans": [true, false, 1.0], "reasoning": "The image clearly depicts a drinking fountain, which is the main object in question. The drinking fountain is shown with water flowing from it, indicating that water is present and visible. Therefore, for Question 1, the answer is True because the image is showing a drinking fountain. For Question 2, the answer is False because the water is visible and flowing from the fountain. The image is of high quality, clearly showing the details of the drinking fountain and its surroundings, hence the quality rating is 1."}, {"ans": [true, false, 0.9], "reasoning": "The image shows a revolver with a visible trigger guard. The main object in the image is a revolver, which matches the description in Question 1. Therefore, the answer to Question 1 is True. The trigger guard is visible around the trigger, so it is not missing or invisible, making the answer to Question 2 False. The image is clear and well-lit, showing the revolver in detail, so the quality is rated as 0.9. The slight deduction is due to minor background texture, not related to the key elements of the revolver."}, {"ans": [true, false, 1.0], "reasoning": "The image is a detailed illustration of a compass rose, which is clearly visible in the center. The compass rose includes a north arrow, indicating the direction of north. The presence of the compass rose and the north arrow are evident, making the image relevant to both questions. The image is of high quality, with intricate details and a clear representation of the compass rose and its components."}, {"ans": [true, false, 0.9], "reasoning": "The image depicts a futuristic cityscape with tall, sleek skyscrapers that are characteristic of the skyscraper genre. The presence of numerous tall buildings qualifies the image as showing skyscrapers. Upon closer inspection, the skyscrapers in the image have visible windows, indicated by the grid-like patterns on their facades and the reflection of light on them. Therefore, the windows are not missing or invisible. The image is of high quality, with clear details and a coherent futuristic theme."}, {"ans": [true, true, 0.9], "reasoning": "The image depicts a conductor standing on a podium with his back to the camera, arms raised, and leading an orchestra. The conductor is dressed in a black tuxedo, which is typical attire for such a role. The presence of the orchestra, with musicians holding violins and other instruments, further supports the identification of the central figure as a conductor. For Question 1, the image indeed shows a conductor, so the answer is True. For Question 2, the baton is not visible in the conductor's hand; both hands are raised and open, indicating that the baton is either not being used or is not visible. Therefore, the answer to whether the baton is missing or not visible is True. The quality of the image is rated 0.9 because it is clear and well-focused on the conductor and the orchestra, capturing the dynamic moment of the performance."}, {"ans": [false, true, 0.8], "reasoning": "The image shows a soccer field, but the soccer goal is not visible in the image. Therefore, the answer to the first question is False. Since the soccer goal is not visible, it's not possible to determine if the crossbar is missing or not, but the question is specifically asking about the crossbar of the soccer goal, so the answer is True because the goal itself is not present. The quality of the image is rated 0.8 because it clearly shows the soccer field, even though the goal is not visible."}, {"ans": [true, false, 1.0], "reasoning": "The image clearly shows a microscope on a table. The microscope has lenses visible in the image, both the objective lenses and the eyepiece lenses are present. Therefore, for Question 1, the answer is True because the main object (microscope) is present. For Question 2, the answer is False because the lenses are not missing; they are clearly visible. The quality of the image is rated 1 because it is clear and well-defined, showing all necessary details of the microscope without any significant issues."}]