[{"ans": [true, true, 1.0], "reasoning": "The image depicts a sailboat on the water, with its mast and rigging visible but no sails present. The boat is centered in the frame, floating on calm blue waters under a clear sky. The absence of sails is evident, as there are no visible sails attached to the mast or rigging. The image is clear and well-defined, with no visible artifacts or distortions that would detract from its quality."}, {"ans": [true, false, 0.95], "reasoning": "The image clearly shows a bicycle, so the answer to Question 1 is True. The chain is visible in the image, so the answer to Question 2 is False. The image is of high quality with no noticeable artifacts, blurring, or other issues that would detract from its clarity, so the quality score is 0.95. The slight deduction from 1 is due to the fact that the image is not perfectly sharp, but it is still very clear."}, {"ans": [true, false, 1.0], "reasoning": "The image clearly shows a cat sitting on a windowsill. The cat appears to be a gray breed with visible whiskers, indicating that the whiskers are present and not missing. The image is of high quality with clear details and no visible artifacts or distortions."}, {"ans": [true, true, 1.0], "reasoning": "The image shows a stone structure with an archway, which appears to be part of a castle. The main object, the castle, is present. The gates are not visible, as there is only an archway without any gates. The image is clear and well-defined, with no visible artifacts or distortions. Therefore, the quality is rated as 1.0."}, {"ans": [true, false, 1.0], "reasoning": "The image clearly depicts a hot-air balloon with a visible basket suspended beneath it. The balloon is centered in the frame, and the basket is clearly visible, indicating that it is not missing. The image is of high quality, with no visible artifacts, blurring, or other issues that would detract from its clarity. Therefore, the answer to the first question is True, and the answer to the second question is False. The quality of the image is rated as 1.0, indicating that it is of very high quality."}, {"ans": [true, false, 1.0], "reasoning": "The image clearly shows a turtle with a visible shell on a sandy beach. The turtle is centered in the image, and its shell is clearly visible, indicating that the shell is not missing. The image is of high quality, with clear details and no visible artifacts or distortions."}, {"ans": [true, true, 0.95], "reasoning": "The image is clearly showing a train at a station. The train is silver and has a modern design, with its front facing the camera. The wheels of the train are not visible as they are obscured by the platform and the angle of the shot. The image is well-lit, with clear details of the train and the station. The quality of the image is high, with no visible artifacts or blurring. The main object, the train, is clearly visible, so the answer to the first question is True. The wheels are not visible, so the answer to the second question is True. The quality of the image is rated 0.95 out of 1 because it is very clear and well-defined."}, {"ans": [true, false, 0.95], "reasoning": "The image clearly shows a pair of eyeglasses with lenses. The lenses are visible and not missing. The image is sharp and well-lit, with a clear reflection of the glasses on the surface below. The quality of the image is high, with no noticeable artifacts or blurring. The only reason the quality score is not 1 is due to the slight vignetting and shading in the background, but this does not affect the main subject."}, {"ans": [true, false, 1.0], "reasoning": "The image clearly shows two fountain pens, one with the nib visible and the other with the cap on. The presence of the nib on both pens is evident, so the main object (fountain pen) is present. The nib is visible on both pens, so it is not missing or invisible. The image is of high quality, with clear details and no visible artifacts or distortions."}, {"ans": [true, false, 1.0], "reasoning": "The image shows a patio umbrella with a beige canopy and a metal frame, along with a chair beside it. The main object, the umbrella, is present. The canopy is visible, so it is not missing. The image is clear and well-lit, with no visible artifacts or distortions, hence the quality is rated as 1.0."}, {"ans": [true, false, 1.0], "reasoning": "The image is clearly showing an airplane with wings. The airplane is centered in the image, and its wings are visible and not obstructed. The image is of high quality with no visible artifacts, blurring, or other issues that would affect the visibility of the airplane or its wings."}, {"ans": [true, false, 1.0], "reasoning": "The image clearly shows a desk lamp with a brass finish and a curved arm, positioned on a wooden table next to an open book. The lamp is the main object in the image, and it is intact and visible. The bulb is present and visible, hanging from the lamp shade. The image is well-lit, and there are no visible artifacts, blurring, or other issues that would affect its quality. Therefore, the answer to Question 1 is True because the image is showing a desk lamp. The answer to Question 2 is False because the bulb is not missing; it is visible. The quality score is 1.0 because the image is clear and of high quality, with no visible issues."}, {"ans": [true, false, 1.0], "reasoning": "The image clearly shows an electric guitar with its neck intact and visible. The guitar is well-lit and centered, with no visible artifacts, blurring, or other issues that would affect its quality. The neck is clearly attached to the body of the guitar and is fully visible, indicating that it is not missing or invisible."}, {"ans": [true, false, 0.9], "reasoning": "The image is showing a fish-like object, which appears to be a toy or model of a fish, floating on the surface of the water. The main object is clearly visible, and it has a fish-like shape. Therefore, the answer to Question 1 is True. For Question 2, the fins of the fish are visible, so the answer is False. The image quality is high, with clear details of the object and the surrounding water. However, there are some ripples and reflections on the water's surface, which might be considered minor artifacts. Hence, the quality score is 0.9."}, {"ans": [true, false, 1.0], "reasoning": "The image shows a small brick cottage with a tiled roof in a field. The cottage is clearly visible and appears to be intact with a roof. The roof is present and visible, so it is not missing or not visible. The image is clear and of high quality, with no visible artifacts, blurring, or other issues that would affect the quality score."}, {"ans": [true, false, 0.9], "reasoning": "The image shows a red convertible car with its top down, parked in an empty lot. The windshield is visible and intact, indicating that it is not missing. The image is clear and well-defined, with no visible artifacts or distortions that would affect the quality. The only reason for not giving it a perfect score is the slight blurring of the background."}, {"ans": [true, true, 1.0], "reasoning": "The image is showing a keyboard, but the spacebar is missing or not visible. The image is clear and of high quality, with no visible artifacts or distortions. The keyboard is centered in the image and is the main focus. The keys are well-defined and the lighting is even. Therefore, the quality of the image is rated as 1.0."}, {"ans": [true, false, 0.9], "reasoning": "The image depicts a white owl perched on a branch, with a full moon in the background. The owl is clearly visible and appears to be covered in feathers, which are detailed and textured. The image is of high quality, with clear details and no visible artifacts or distortions. The presence of feathers on the owl is evident, so the answer to the second question is False. The quality score is 0.9 because the image is very clear and detailed, but may not be perfect due to some minor texture or grain visible upon close inspection."}, {"ans": [true, false, 0.95], "reasoning": "The image is showing a book with its cover open, revealing blank pages. The main object in the image is indeed a book, so the answer to the first question is True. The pages are visible and not missing, so the answer to the second question is False. The image is of high quality, with clear details and no visible artifacts or distortions, so the quality score is 0.95."}, {"ans": [true, false, 1.0], "reasoning": "The image clearly shows a lighthouse, which is the main object. The lighthouse has a lamp visible inside the glass enclosure at the top, so the lamp is not missing or invisible. The image is sharp and well-defined, with no visible artifacts, blurring, or other issues that would affect its quality."}, {"ans": [true, false, 1.0], "reasoning": "The image depicts a beige armchair with two pillows on it, placed on a patterned rug against a white wall. The chair is clearly visible and appears to be an armchair, satisfying the first question. The legs of the chair are partially visible, indicating that they are not missing, thus answering the second question as false. The image is clear and well-lit, with no visible artifacts or distortions, resulting in a quality score of 1.0."}, {"ans": [true, false, 0.9], "reasoning": "The image shows a deer standing in a forest, facing the camera. The deer has small antlers, so it is visible. The image is clear and well-lit, with no visible artifacts or distortions that would affect the quality. The main object, the deer, is clearly visible, so the answer to the first question is True. The antlers are visible, so the answer to the second question is False. The quality of the image is high, with a score of 0.9, as it is clear and well-rendered."}, {"ans": [true, false, 1.0], "reasoning": "The image shows a white envelope with its flap open and visible. The main object in the image is indeed an envelope, so the answer to the first question is True. The flap of the envelope is visible and not missing, so the answer to the second question is False. The image is clear and of high quality, with no visible artifacts or distortions, so the quality score is 1."}, {"ans": [true, true, 1.0], "reasoning": "The image shows a wall clock with a white face and black hands. The clock is centered on a wall above a dark wooden table or shelf. The clock face does not have any numbers visible. The image is clear and well-lit, with no visible artifacts or distortions. The quality of the image is high."}, {"ans": [true, false, 0.95], "reasoning": "The image clearly shows a person wearing a white space suit with a helmet, floating in a pool. The main object is the space suit, which is present. The helmet is visible, so it is not missing. The image is clear and well-lit, with no visible artifacts or distortions that would affect the quality. The only reason for a lower quality score could be the slight rippling of the water, but it does not significantly impact the visibility of the space suit or the helmet."}, {"ans": [true, false, 1.0], "reasoning": "The image is clearly showing a windmill with its blades visible, standing in a field of wheat. The windmill is the main object in the image and is clearly identifiable. The blades are present and visible, attached to the central hub of the windmill. The image is of high quality with no visible artifacts, blurring, or other issues that would detract from its clarity. Therefore, for Question 1, the answer is True because the image is showing a windmill. For Question 2, the answer is False because the blades are not missing or invisible; they are clearly visible. The quality of the image is rated as 1.0 because it is clear and free of defects."}, {"ans": [true, true, 1.0], "reasoning": "The image clearly shows a tree without leaves, as evidenced by the bare branches and the visible trunk. The absence of leaves is apparent, making the answer to the first question 'true' because the image is showing a tree. For the second question, the leaves are indeed missing, so the answer is 'true'. The image is of high quality with no visible artifacts, blurring, or other issues that would detract from its clarity."}, {"ans": [true, true, 1.0], "reasoning": "The image clearly shows a yellow school bus parked in front of a building. The bus is facing left, and its right side is visible. The doors of the bus are not visible as the image only shows the side and the rear end of the bus. The image is clear and well-lit, with no visible artifacts or distortions. Therefore, the quality of the image is rated as 1."}, {"ans": [true, true, 1.0], "reasoning": "The image shows a laptop on a table. The laptop is an Apple brand and is positioned with its back facing the camera, and its screen is not visible. The laptop is clearly visible and there are no visible artifacts, blurring, or other issues that would affect the quality of the image. Therefore, the answer to Question 1 is True because the image is showing a laptop. The answer to Question 2 is True because the screen is not visible. The quality of the image is rated as 1.0 because it is clear and well-lit, with no visible issues."}, {"ans": [true, true, 1.0], "reasoning": "The image clearly shows a trumpet without a mouthpiece. The main object, a trumpet, is present, so the answer to the first question is True. The mouthpiece is not visible, so the answer to the second question is True. The image is of high quality with no visible artifacts or distortions, so the quality score is 1.0."}, {"ans": [true, false, 1.0], "reasoning": "The image clearly shows a robot with a visible head, standing in an office corridor. The robot is white with black accents and has a futuristic design. The image is sharp and well-lit, with no visible artifacts or distortions. The quality of the image is high, with a score of 1.0. For question 1, the answer is True because the image is showing a robot. For question 2, the answer is False because the head is visible."}, {"ans": [true, true, 1.0], "reasoning": "The image shows a candle on a metal tray. The candle is cylindrical and appears to be made of wax. The wick is not visible on the top surface of the candle. The image is clear and well-lit, with no visible artifacts or distortions. Therefore, the answer to Question 1 is True because the image is showing a candle. The answer to Question 2 is True because the wick is not visible. The quality of the image is rated as 1.0 because it is clear and well-lit, with no visible issues."}, {"ans": [true, false, 0.95], "reasoning": "The image is showing a pizza with visible cheese, so the answer to the first question is True. The cheese is clearly visible on the pizza, so the answer to the second question is False. The image is of high quality, with clear details and no visible artifacts or distortions, so the quality score is 0.95. The slight deduction from 1 is due to the presence of minor flour dust on the slate and background, but it does not significantly impact the overall quality."}, {"ans": [true, true, 1.0], "reasoning": "The image shows a DSLR camera without a lens, mounted on a stand. The camera body is clearly visible, and the lens mount is empty. The image is sharp and well-lit, with no visible artifacts or distortions. Therefore, the answer to Question 1 is True, as the image is showing a DSLR camera. The answer to Question 2 is also True, as the lens is missing. The quality of the image is rated 1, as it is clear and well-defined."}, {"ans": [true, true, 0.9], "reasoning": "The image is showing a grand piano on a stage in an auditorium. The piano is black and appears to be a high-quality rendering. The keys of the piano are not visible as they are facing downwards and are not in view. The image is clear and well-rendered, with no visible artifacts or distortions. The quality of the image is high, with a score of 0.9 out of 1. The only reason it is not a perfect score is because the image is a rendering and not a photograph, which can sometimes give it a slightly unnatural look."}, {"ans": [true, false, 1.0], "reasoning": "The image clearly shows a paintbrush with bristles next to a paint palette. The paintbrush is the main object in the image, and it is visible and clear. The bristles are also visible, so they are not missing or invisible. The image is of high quality, with no visible artifacts, blurring, or other issues that would affect the visibility of the main object or the bristles. Therefore, the answer to Question 1 is True, the answer to Question 2 is False, and the quality score is 1.0."}, {"ans": [true, false, 1.0], "reasoning": "The image is showing a watch with a strap, so the main object (watch) is present. The strap is visible and not missing, so the answer to the second question is False. The image is clear and of high quality, with no visible artifacts or distortions, so the quality score is 1."}, {"ans": [true, true, 1.0], "reasoning": "The image is a close-up portrait of a young man with dark hair and a blue denim shirt. His mouth is closed, and his lips are visible. The tongue is not visible, indicating it is either missing or not visible. The image is clear and well-lit, with no visible artifacts or distortions that would affect the quality."}, {"ans": [true, false, 1.0], "reasoning": "The image is clearly showing a motorcycle with handlebars, so the answer to the first question is True. The handlebars are visible, so the answer to the second question is False. The image is well-lit and has no visible artifacts or distortions, so the quality score is 1."}, {"ans": [true, false, 1.0], "reasoning": "The image clearly shows a vintage television set on a wooden cabinet. The television has a visible screen, although it is not displaying any content. The image is of high quality with clear details and no visible artifacts or distortions."}, {"ans": [true, false, 0.95], "reasoning": "The image is showing a goat with horns. The goat is standing on a rocky outcropping, and its horns are clearly visible. The image is sharp and clear, with no visible artifacts or distortions. The quality of the image is high, with a score of 0.95 out of 1. The main object (the goat) is present, and the horns are visible, so the answer to the first question is True. Since the horns are visible, the answer to the second question is False."}, {"ans": [true, false, 1.0], "reasoning": "The image clearly shows a red sneaker with white laces on a wooden surface. The sneaker is the main object in the image and is visible in detail. The laces are also clearly visible, threaded through the eyelets and tied. The image is sharp and well-lit, with no visible artifacts or distortions. Therefore, the answer to Question 1 is True, as the image is showing a sneaker. The answer to Question 2 is False, as the laces are not missing or invisible. The quality of the image is rated 1.0, as it is clear and well-defined, with no issues affecting its quality."}, {"ans": [true, false, 1.0], "reasoning": "The image clearly shows a green frog sitting on a lily pad. The frog is facing to the right and has both eyes visible. The image is sharp and clear, with no visible artifacts or distortions. The quality of the image is high, with a score of 1.0. For question 1, the image is showing a frog, so the answer is True. For question 2, the eyes are visible, so the answer is False."}, {"ans": [true, false, 1.0], "reasoning": "The image clearly shows a mug with a handle on the right side, sitting on a saucer. The mug is white with a blue floral pattern. The handle is visible and present, so the answer to Question 2 is False. The image is sharp and well-lit, with no visible artifacts or distortions, so the quality score is 1.0."}, {"ans": [true, false, 1.0], "reasoning": "The image clearly shows a saxophone, which is the main object in question. The saxophone is depicted with its keys visible, indicating that the keys are not missing. The image is of high quality, with clear details and no visible artifacts or distortions. Therefore, the answer to Question 1 is True because the image is showing a saxophone. The answer to Question 2 is False because the keys are visible and not missing. The quality of the image is rated as 1, indicating it is of very high quality."}, {"ans": [true, false, 1.0], "reasoning": "The image clearly shows a skateboard with wheels attached to it. The skateboard is positioned on a brick surface, and all four wheels are visible and appear to be intact. The image is well-lit, and there are no visible artifacts, blurring, or other issues that would affect the quality. Therefore, the answer to Question 1 is True because the image is showing a skateboard. The answer to Question 2 is False because the wheels are not missing or invisible; they are clearly visible. The quality of the image is rated as 1.0 because it is clear and well-defined, with no noticeable issues."}, {"ans": [true, false, 1.0], "reasoning": "The image depicts a fedora-like hat on a stand, with the hat having a distinct brim. The presence of the brim is clearly visible, indicating that it is not missing. The image is of high quality, with clear details and no visible artifacts or distortions."}, {"ans": [true, false, 0.95], "reasoning": "The image clearly shows a motorcycle helmet with a visor. The visor is present and visible, covering the front of the helmet. The image is sharp and well-lit, with no visible artifacts or distortions that would affect the quality. The only reason the quality is not rated as 1 is due to the slight reflection on the helmet's surface, but it does not significantly impact the visibility of the helmet or the visor."}, {"ans": [true, true, 1.0], "reasoning": "The image clearly shows a bedframe, which is the main object in the picture. The bedframe is ornate and made of wood, with a headboard and footboard visible. The mattress is not present on the bedframe, as indicated by the visible slats. Therefore, the answer to Question 1 is True, as the image is showing a bedframe. The answer to Question 2 is also True, as the mattress is missing. The image quality is high, with clear details and no visible artifacts or distortions, so the quality score is 1.0."}, {"ans": [true, false, 1.0], "reasoning": "The image clearly shows a clock tower with two visible clock faces. The main object, the clock tower, is present and identifiable. The clock faces are also visible, indicating that they are not missing. The image is of high quality, with clear details and no visible artifacts or distortions."}, {"ans": [true, false, 1.0], "reasoning": "The image clearly shows a pocket watch with a white face and black Roman numerals, indicating the time. The watch is gold-colored and has a visible mechanism at the bottom of the face. The hands of the watch are visible, with one hand pointing between the XII and I, and the other hand is not visible as it is likely the hour hand is obscured or not present, but there is one hand visible. The background is a pink satin fabric. The image is clear and well-lit, with no visible artifacts or distortions. Therefore, the answer to Question 1 is True, as the image is showing a pocket watch. The answer to Question 2 is False, as the hand is visible. The quality of the image is rated 1.0, as it is clear and well-defined."}, {"ans": [true, true, 1.0], "reasoning": "The image clearly shows a bicycle, fulfilling the first question. Upon closer inspection, it's evident that the pedals are missing or not visible, as there's no sign of them attached to the crankset. The image is of high quality, with clear details and no visible artifacts or distortions."}, {"ans": [true, false, 0.9], "reasoning": "The image is a digital painting of a woman's portrait. The woman has brown hair and green eyes, and is wearing a black shirt. The background is a light beige color. The image is clear and well-defined, with no visible artifacts or distortions. The woman's eyes are clearly visible, so the answer to the second question is False. The overall quality of the image is high, with a score of 0.9 out of 1. The slight deduction in quality is due to the subtle texture visible in the background, which could be considered a minor artifact."}, {"ans": [true, true, 0.9], "reasoning": "The image shows a grand piano on a stage with spotlights shining down. The piano is centered and facing the audience, with its lid open. The image is clear and well-lit, with no visible artifacts or distortions. The grand piano is the main object in the image, and it is clearly visible. The hammers are not visible from the current angle, as they are inside the piano. Therefore, the answer to Question 1 is True, and the answer to Question 2 is True. The quality of the image is rated 0.9, as it is a clear and well-rendered image with no visible issues."}, {"ans": [true, false, 1.0], "reasoning": "The image clearly shows a sailing ship with two visible sails. The sails are not missing or invisible; they are prominently displayed and appear to be in good condition. The image is of high quality, with clear details and no visible artifacts or distortions."}, {"ans": [true, false, 0.95], "reasoning": "The image shows a large tree with a wide canopy and visible leaves, standing in a field. The tree's trunk and branches are clearly visible, and it appears to be an oak tree. The leaves are present and visible, although they may be sparse in some areas. The image is well-lit, with a clear blue sky in the background, and the overall quality is high. However, the image appears to be digitally rendered, which may affect its quality score."}, {"ans": [true, false, 1.0], "reasoning": "The image clearly depicts a cottage with a stone exterior, a brown door, and windows with shutters. The presence of the cottage is evident, satisfying the first question. The door is visible on the front facade of the cottage, addressing the second question. The image is of high quality, with no visible artifacts, blurring, or unnatural elements that would detract from its clarity or the visibility of the main object."}, {"ans": [true, false, 0.9], "reasoning": "The image shows a white passenger jet on a runway. The main object, a passenger jet, is clearly visible, so the answer to the first question is True. The wings of the jet are also visible, so the answer to the second question is False. The image is of high quality, with clear details and no visible artifacts or distortions, so the quality score is 0.9. The slight haze in the background does not significantly affect the visibility of the main object."}, {"ans": [true, true, 1.0], "reasoning": "The image clearly shows a wristwatch with a white face and brown leather strap on top of a tan leather item. The watch face does not have any numbers visible, indicating that the numbers are either missing or not visible. The image is sharp and well-lit, with no visible artifacts or distortions that would affect its quality."}, {"ans": [true, false, 0.95], "reasoning": "The image is showing a pizza with visible cheese, so the answer to the first question is True. The cheese is visible on the pizza, so the answer to the second question is False. The image is clear and well-defined, with no visible artifacts or distortions, so the quality score is 0.95. The slight deduction from 1 is due to the image being generated and not a real photograph, which might introduce some minor unnaturalness."}, {"ans": [true, false, 0.9], "reasoning": "The image clearly shows traffic signals with lights, so the answer to the first question is True. The lights are visible on the traffic signals, so the answer to the second question is False. The image is of high quality, with clear details and no visible artifacts or distortions, so the quality score is 0.9. The slight decrease from 1 is due to the bright sunlight causing some overexposure."}, {"ans": [true, false, 0.9], "reasoning": "The image clearly shows a skateboard with wheels. The skateboard is positioned on a concrete surface, and its wheels are visible and intact. The image is well-lit, with clear details of the skateboard's design and the surrounding environment. The quality of the image is high, with no noticeable artifacts or distortions that would detract from the visibility of the skateboard or its components. Therefore, the answer to the first question is True because the image is showing a skateboard. The answer to the second question is False because the wheels are not missing; they are clearly visible. The quality score is 0.9, indicating a high-quality image with minor imperfections, such as slight shadows and texture on the concrete, but these do not significantly impact the overall clarity."}, {"ans": [true, true, 0.9], "reasoning": "The image clearly shows a chessboard with pieces on it, so the answer to the first question is True. The black pieces are not visible on the chessboard, as all the pieces shown are of the same color, so the answer to the second question is True. The image is of high quality, with clear details and no visible artifacts or distortions, so the quality score is 0.9. The slight shadow on the chessboard is natural and does not detract from the overall quality."}, {"ans": [true, true, 0.95], "reasoning": "The image shows a red Ferrari sports car in a modern, minimalist room with large glass walls and a reflective floor. The car is positioned centrally, facing left, and is a convertible with its top down. The image is clear and well-lit, showcasing the car's sleek design and vibrant red color. The brakes are not visible as the wheels are not shown in detail, and the image does not focus on the braking system. The overall quality of the image is high, with no noticeable artifacts or distortions, though there is a slight blur on the background trees. The score is 0.95 due to the slight blur in the background, but it does not affect the main subject, the sports car."}, {"ans": [true, true, 0.95], "reasoning": "The image shows a book with blank pages, so it is indeed showing a book. The text is missing or not visible from the book because the pages are blank. The image quality is high, with clear details and no visible artifacts or distortions, hence a quality score of 0.95."}, {"ans": [true, false, 0.95], "reasoning": "The image clearly shows a computer tower with a transparent side panel, revealing the internal components. The fans are visible and illuminated with purple lights, indicating they are present and not missing. The image is of high quality, with clear details and no visible artifacts or distortions. The slight deduction in quality score is due to the subtle shadow and reflection effects, but these do not significantly impact the overall clarity."}, {"ans": [true, false, 1.0], "reasoning": "The image depicts a scarecrow standing in a field of wheat. The scarecrow is wearing a red plaid shirt, blue jeans, and a straw hat. It has a skeleton head and visible arms. The image is clear and well-defined, with no visible artifacts or distortions. The scarecrow's arms are clearly visible, so they are not missing or invisible."}, {"ans": [true, true, 0.9], "reasoning": "The image depicts a man in armor, which is consistent with the depiction of a knight. The presence of armor and the serious expression on the man's face are typical characteristics associated with knights. However, upon closer inspection, it is evident that the knight is not holding a sword, nor is a sword visible on his person or in the immediate surroundings. The image is of high quality, with detailed rendering of the armor and the background. The only reason for not giving it a perfect score is the slight texture visible on the image, suggesting it might be a digital rendering or a scan of a painting, but this does not detract significantly from the overall clarity or understanding of the image."}, {"ans": [true, false, 1.0], "reasoning": "The image shows a teapot with a handle, so the answer to the first question is True. The handle is visible, so the answer to the second question is False. The image is clear and well-lit, with no visible artifacts or distortions, so the quality score is 1.0."}, {"ans": [true, false, 1.0], "reasoning": "The image clearly shows a basketball hoop with a net. The main object, the basketball hoop, is present. The net is visible and attached to the hoop, so it is not missing or invisible. The image is clear and well-defined, with no visible artifacts or distortions that would affect its quality."}, {"ans": [true, false, 1.0], "reasoning": "The image is showing a dining table setting with a plate, cutlery, and glasses. The main object, the dining table, is present. The glasses are visible on the table. The image is clear and well-lit, with no visible artifacts or distortions. Therefore, the quality of the image is rated as 1."}, {"ans": [true, true, 0.95], "reasoning": "The image clearly shows a typewriter on a wooden desk, with a sheet of paper rolled into it. The typewriter is the main focus of the image and is depicted in detail. The ribbon is not visible, suggesting it might be missing or not visible due to its position or condition. The image is sharp and well-lit, with no visible artifacts or distortions that would detract from its quality. The only reason for not giving it a perfect score is the slight shadow and darkness around the edges, but this does not significantly impact the visibility of the main object."}, {"ans": [true, true, 1.0], "reasoning": "The image shows a winter jacket hanging on a bar against a white wall. The jacket is beige, puffy, and has a fur-lined hood. It is fastened with buttons down the front. There is no visible zipper on the jacket. The image is clear and well-lit, with no visible artifacts or distortions. Therefore, the answer to Question 1 is True because the image is showing a winter jacket. The answer to Question 2 is True because the zipper is not visible on the jacket. The quality of the image is rated 1.0 because it is clear and well-lit, with no visible issues."}, {"ans": [true, false, 0.95], "reasoning": "The image clearly shows a sunflower with its large yellow petals and a prominent center. The seeds are visible on the sunflower's head, arranged in a spiral pattern. The image is sharp and well-lit, with no noticeable artifacts or distortions. The quality is high, with a score of 0.95, as it is clear and well-defined."}, {"ans": [true, false, 0.9], "reasoning": "The image clearly depicts an elephant with a trunk, standing in a desert-like environment. The trunk is visible and hanging down towards the ground. The image is of high quality, with clear details and no visible artifacts or distortions that would affect the perception of the main object. The slight reduction in quality score is due to the image's color tone and texture, which might be considered unnatural or overly processed."}, {"ans": [true, false, 0.95], "reasoning": "The image clearly shows a rowboat floating on a lake. The boat is empty and has a wooden construction. The oars are visible inside the boat, resting on the seats. The image is sharp and well-lit, with no visible artifacts or distortions. The quality of the image is high, with a score of 0.95. The main object, the rowboat, is present, so the answer to the first question is True. The oars are visible inside the boat, so the answer to the second question is False."}, {"ans": [true, true, 1.0], "reasoning": "The image clearly shows a snowman, which is the main object. The snowman is depicted with a hat and scarf but lacks visible buttons on its body. The image is of high quality, with clear details and no visible artifacts or distortions."}, {"ans": [true, true, 1.0], "reasoning": "The image is clearly showing a fountain pen on top of a notebook. The pen is the main object and is visible in its entirety. The ink reservoir is transparent and appears to be empty, as there is no visible ink inside. The image is of high quality, with no visible artifacts, blurring, or other issues that would detract from its clarity."}, {"ans": [true, false, 0.95], "reasoning": "The image clearly shows a paintbrush with visible bristles. The bristles are light brown and appear to be made of natural fibers. The paintbrush is placed next to a paint palette with various colors of paint. The image is well-lit and has good resolution, with no visible artifacts or distortions. The quality of the image is high, with a score of 0.95 out of 1. The main object, the paintbrush, is present and clearly visible. The bristles are also visible, so the answer to the second question is False."}, {"ans": [true, true, 1.0], "reasoning": "The image clearly shows a pair of eyeglasses on top of a book. The eyeglasses are without temples, as they are not visible. The image is sharp and clear, with no visible artifacts or distortions. Therefore, the answer to Question 1 is True because the image is showing eyeglasses. The answer to Question 2 is True because the temples are missing from the eyeglasses. The quality of the image is rated 1.0 because it is clear and well-defined, with no issues affecting its quality."}, {"ans": [true, true, 0.95], "reasoning": "The image is showing a person holding an umbrella on a rainy day. The umbrella is black and appears to be fully closed or possibly not showing its ribs due to the angle and lighting. The main object, the umbrella, is present, so the answer to the first question is True. For the second question, the ribs of the umbrella are not visible, likely due to the dark color and the angle of the umbrella, so the answer is True. The image quality is high, with clear details of the scene, so the quality score is 0.95. The only reason for a slightly lower score than 1 is the slight darkness and silhouette effect on the person and the umbrella, but this does not significantly hinder the visibility of the main elements."}, {"ans": [true, false, 0.95], "reasoning": "The image clearly shows a wristwatch with a visible face and hour markers, although the watch face is partially obscured by the visible mechanical gears. The hour markers are present and visible around the edge of the watch face. The image is sharp and well-lit, with no visible artifacts or distortions that would detract from its quality. The only reason for not giving it a perfect score is the slight reflection on the glass dome covering the watch."}, {"ans": [true, false, 1.0], "reasoning": "The image clearly shows a camping tent set up on a grassy field. The tent appears to be fully assembled with its fabric stretched over poles, indicating that the poles are present and visible. The image is sharp and clear, with no visible artifacts, blurring, or other issues that would detract from its quality. Therefore, the answer to Question 1 is True because the image is showing a camping tent. The answer to Question 2 is False because the poles are visible and not missing. The quality of the image is rated as 1, indicating it is of high quality."}, {"ans": [true, false, 1.0], "reasoning": "The image clearly shows a cuckoo clock with intricate details, including a clock face, carved animals, and pinecone-shaped weights hanging from the bottom. The weights are visible and appear to be part of the clock's design. The image is sharp and well-defined, with no visible artifacts or distortions that would affect its quality. Therefore, the answer to Question 1 is True because the image is showing a cuckoo clock. The answer to Question 2 is False because the weights are not missing; they are clearly visible hanging from the clock. The quality of the image is rated as 1 because it is clear and well-defined, with no noticeable issues."}, {"ans": [true, true, 1.0], "reasoning": "The image is showing a smartphone with its screen facing upwards. The screen is black and has a reflection of shadows on it, indicating that it is turned off or in a dark mode. The phone's body is black and has a sleek design. The background of the image is a light-colored surface with shadows cast on it. The image is clear and well-lit, with no visible artifacts or distortions. The quality of the image is high, with a score of 1.0. For question 1, the image is showing a smartphone, so the answer is True. For question 2, the speaker grille is not visible from the current angle of the smartphone, so the answer is True."}, {"ans": [true, false, 0.9], "reasoning": "The image clearly shows a motorcycle, so the answer to Question 1 is True. The speedometer is visible on the handlebars, so the answer to Question 2 is False. The image is of high quality, with clear details of the motorcycle and its components. The only reason for not giving it a perfect score is the slight blurring in the background, but it doesn't affect the main subject."}, {"ans": [true, true, 1.0], "reasoning": "The image clearly shows a violin bow. The bow is positioned diagonally across the image, with the tip pointing towards the top-right corner and the frog towards the bottom-left corner. The bow's stick is made of a light-colored wood, and it has a black frog and metal fittings. The hair of the bow is not visible, indicating that it is either missing or not tightened. The background is a red fabric that provides a clear contrast to the bow. The image is sharp and well-lit, with no visible artifacts or distortions. Therefore, the quality of the image is rated as 1.0."}, {"ans": [true, true, 1.0], "reasoning": "The image clearly shows a birdcage hanging from a chain, which is the main object in the image. The birdcage is made of gold-colored metal and has a domed top with intricate designs. There is no visible perch inside the birdcage. The image is well-lit and has a high level of clarity, with no visible artifacts or distortions. Therefore, the answer to Question 1 is True because the image is showing a birdcage. The answer to Question 2 is True because the perch is not visible inside the birdcage. The quality of the image is rated as 1.0 because it is clear and well-rendered, with no noticeable issues."}, {"ans": [true, false, 0.95], "reasoning": "The image shows a statue of a woman in a classical style, standing in a colonnade. The statue is clearly visible and appears to be intact, with a head, body, and limbs. The head is present and visible, so the answer to the second question is False. The image is of high quality, with clear details and no visible artifacts or distortions, so the quality score is 0.95. The only reason it is not 1 is because the image appears to be a rendering or digital artwork rather than a photograph, which might slightly affect its realism."}, {"ans": [true, false, 1.0], "reasoning": "The image shows a large, yellow teddy bear sitting on a bed with a patterned sheet and pillows. The teddy bear is clearly visible and has a nose, so the answer to the first question is True. The nose is visible, so the answer to the second question is False. The image is clear and of high quality, with no visible artifacts or distortions, so the quality score is 1.0."}, {"ans": [true, false, 1.0], "reasoning": "The image clearly shows a pair of gray sneakers with white laces on a brown mat in front of a white door. The sneakers are the main object in the image and are clearly visible. The laces are also visible, so they are not missing or not visible. The image is of high quality, with no visible artifacts, blurring, or other issues that would affect the visibility of the sneakers or laces."}, {"ans": [true, false, 1.0], "reasoning": "The image clearly shows a refrigerator with its doors open, revealing the interior. The main object, a refrigerator, is present. The door shelves are visible on both sides of the refrigerator doors, so they are not missing. The image is clear and well-lit, with no visible artifacts or distortions, hence the quality score is 1."}, {"ans": [true, false, 0.8], "reasoning": "The image depicts a group of people gathered around a large, vibrant fire in a forest setting, indicating a campfire. The flames are clearly visible, so they are not missing. The image is of high quality with clear details, although the people are silhouetted, which is likely due to the lighting conditions rather than image quality issues. The overall scene is well-rendered with no visible artifacts or distortions that would significantly detract from the quality."}, {"ans": [true, true, 1.0], "reasoning": "The image shows a drinking fountain in a park setting. The fountain is a tall, silver, cylindrical structure with a spout and a basin. There is no visible water coming out of the spout or in the basin. The image is clear and well-lit, with no visible artifacts or distortions. The quality of the image is high, so the quality score is 1.0. For question 1, the image is showing a drinking fountain, so the answer is True. For question 2, the water is not visible from the drinking fountain, so the answer is True."}, {"ans": [true, false, 1.0], "reasoning": "The image clearly shows a revolver with a visible trigger guard. The revolver is centered in the image, and its details are sharp and clear. The trigger guard is present and visible around the trigger. The image is of high quality, with no visible artifacts, blurring, or other issues that would detract from its clarity."}, {"ans": [true, false, 0.9], "reasoning": "The image is a detailed illustration of a compass rose, which is clearly visible in the center. The compass rose has multiple rings and ornate decorations around it, and it includes a north arrow, which is one of its key elements. The presence of the compass rose and the north arrow indicates that the image is showing a compass rose with a north arrow. Therefore, the answer to the first question is True. For the second question, the north arrow is visible, so the answer is False. The image quality is high, with clear details and no visible artifacts or distortions, so the quality score is 0.9."}, {"ans": [true, false, 1.0], "reasoning": "The image clearly shows skyscrapers, so the answer to the first question is true. The windows on the skyscrapers are visible, so the answer to the second question is false. The image is of high quality, with no visible artifacts, blurring, or other issues, so the quality score is 1.0."}, {"ans": [true, true, 1.0], "reasoning": "The image depicts a man in a tuxedo standing at a podium, with his right hand raised. He is surrounded by musicians playing violins, indicating that he is a conductor. The image is clear and well-defined, with no visible artifacts or distortions. The conductor's right hand is empty, and there is no visible baton. Therefore, the answer to Question 1 is True, as the image is showing a conductor. The answer to Question 2 is also True, as the baton is missing or not visible from the conductor. The quality of the image is rated 1.0, as it is clear and well-defined."}, {"ans": [true, true, 1.0], "reasoning": "The image shows a soccer field with a goal visible in the background. The goal appears to be without a crossbar, as there is no visible bar connecting the two goalposts. The image is clear and well-defined, with no visible artifacts or distortions. The quality of the image is high, with a score of 1.0. Therefore, the answer to Question 1 is True, as the image is showing a soccer goal. The answer to Question 2 is also True, as the crossbar is not visible, implying it is either missing or not visible."}, {"ans": [true, false, 1.0], "reasoning": "The image clearly shows a microscope, which is the main object in question. The microscope is depicted with its eyepieces and other components visible, indicating that the lenses are present and visible. The image is sharp and well-defined, with no visible artifacts or distortions that would affect its quality. Therefore, the answer to the first question is True, as the image is showing a microscope. The answer to the second question is False, as the lenses are not missing or invisible; they are clearly visible. The quality of the image is rated as 1.0, indicating that it is of high quality with no noticeable issues."}]