[{"ans": [true, false, 1.0], "reasoning": "The image clearly depicts a sailboat with its sails visible and properly displayed. The sailboat is centered in the image, and the sails are fully visible, indicating that they are not missing. The image is of high quality, with clear details and no visible artifacts or distortions."}, {"ans": [true, false, 1.0], "reasoning": "The image clearly shows a bicycle leaning against a brick wall. The bicycle is red with a brown seat and black handlebars, and it has a visible chain connecting the pedals to the gears. The image is sharp and well-lit, with no visible artifacts or distortions that would detract from its quality. The main object, the bicycle, is clearly visible, so the answer to Question 1 is True. The chain is also visible, so the answer to Question 2 is False. The image quality is rated as 1 because it is clear and well-defined, with no noticeable issues."}, {"ans": [true, false, 0.95], "reasoning": "The image clearly shows a cat sitting on a windowsill. The cat is visible and appears to be a gray tabby with distinct features. The whiskers are clearly visible on the cat's face, indicating that they are not missing. The image is sharp and well-lit, with no significant artifacts or distortions that would detract from its quality. The only minor issue is some wear on the windowsill, but this does not affect the overall quality of the image. Therefore, the answer to Question 1 is True, the answer to Question 2 is False, and the quality score is 0.95."}, {"ans": [true, true, 0.9], "reasoning": "The image depicts a stone archway with a pathway leading through it, flanked by stone walls and towers, which is characteristic of a castle. The main object, the castle, is present. The gates are not visible as there is only an archway without any gates. The image is clear and well-defined, with no visible artifacts or distortions that would significantly impact its quality. The quality score is 0.9 because the image is sharp and detailed, with natural colors."}, {"ans": [true, false, 0.95], "reasoning": "The image clearly depicts a hot-air balloon with a visible basket. The balloon is the main object in the image, and it is centered. The basket is attached to the balloon and is visible, indicating that it is not missing. The image is of high quality, with clear details and no visible artifacts or distortions. The only reason it is not rated 1 is due to the slight gradient effect in the sky, which could be considered a minor processing artifact, but it does not significantly impact the overall quality or the visibility of the main object."}, {"ans": [true, false, 1.0], "reasoning": "The image clearly shows a turtle with a visible shell. The turtle is centered in the image, and its shell is fully visible. The image is of high quality, with no visible artifacts or distortions. Therefore, the answer to Question 1 is True, as the image is showing a turtle. The answer to Question 2 is False, as the shell is not missing or invisible. The quality of the image is rated as 1.0, indicating that it is of very high quality."}, {"ans": [true, false, 0.95], "reasoning": "The image clearly shows a train on the tracks at a station. The train is silver and has a modern design with visible headlights and a digital display on the front. The wheels of the train are visible under the front carriage, indicating that they are not missing. The image is sharp and well-lit, with clear details of the train and the station. The quality of the image is high, with no noticeable artifacts or distortions. Therefore, the answer to the first question is True because the image is showing a train. The answer to the second question is False because the wheels are visible. The quality score is 0.95 because the image is clear and well-defined, with only minor potential adjustments for slight shadowing or lighting."}, {"ans": [true, false, 0.95], "reasoning": "The image clearly shows a pair of eyeglasses with lenses. The main object, eyeglasses, is present in the image. The lenses are visible and not missing. The image is of high quality with clear details and minimal artifacts, though there is a slight blur in the background which does not affect the main object. The quality score is 0.95 due to the slight blur in the background."}, {"ans": [true, false, 1.0], "reasoning": "The image clearly shows a fountain pen with a visible nib. The pen is placed on a piece of paper with a rough edge, and the nib is pointing towards the bottom left corner of the image. The pen's body is dark brown with gold accents, and the nib is gold. The image is well-lit and has a clear focus on the pen, indicating a high-quality image."}, {"ans": [true, false, 0.9], "reasoning": "The image clearly shows an umbrella with a canopy, along with a table and chairs. The main object, the umbrella, is present. The canopy is visible and not missing. The image quality is high, with clear details and no significant artifacts or distortions, though the wall behind the umbrella appears to have some texture and peeling paint, the overall image is sharp and well-defined."}, {"ans": [true, false, 1.0], "reasoning": "The image clearly shows an airplane on a runway, indicating that the main object is indeed an airplane. The wings are visible on the airplane, so they are not missing or not visible. The image is clear and of high quality, with no visible artifacts, blurring, or other issues that would affect the quality score."}, {"ans": [true, false, 1.0], "reasoning": "The image clearly shows a desk lamp with a brass finish, positioned over an open book on a wooden table. The lamp's design includes a flexible neck and a domed shade. The bulb is present and visible within the shade, indicating that it is not missing. The image is sharp and well-lit, with no visible artifacts or distortions, suggesting a high-quality image."}, {"ans": [true, false, 1.0], "reasoning": "The image clearly shows an electric guitar with a visible neck. The guitar is centered in the image, and its body and neck are well-defined. The neck is attached to the body and is visible, indicating that it is not missing. The image is of high quality, with clear details and no visible artifacts or distortions."}, {"ans": [true, false, 0.9], "reasoning": "The image clearly shows a fish swimming in water, so the answer to Question 1 is True. The fins of the fish are visible, so the answer to Question 2 is False. The image is of high quality, with clear details of the fish and the water. The only reason for not giving it a perfect score is the slight rippling effect on the water's surface, which could be considered a minor artifact, hence a quality score of 0.9."}, {"ans": [true, false, 1.0], "reasoning": "The image depicts a small, red brick house with a gable roof and a chimney, situated in a field. The house is centered in the image and appears to be a cottage. The roof is visible and not missing. The image is clear and well-lit, with no visible artifacts or distortions. Therefore, the answer to Question 1 is True, as the image shows a cottage. The answer to Question 2 is False, as the roof is visible. The quality of the image is rated 1.0, as it is clear and free of any noticeable issues."}, {"ans": [true, true, 0.95], "reasoning": "The image is showing a convertible car with its top down. The windshield is not visible as it is not present due to the convertible design. The image is clear and well-lit, with no visible artifacts or distortions that would affect its quality. The main object, the car, is clearly visible and the details of its interior and exterior are well-defined. Therefore, the answer to Question 1 is True as the image is showing a car. The answer to Question 2 is True because the windshield is not visible, it is a convertible car. The quality of the image is rated 0.95 out of 1, as it is a clear and well-defined image with no significant issues."}, {"ans": [true, false, 0.95], "reasoning": "The image is showing a keyboard with a spacebar that is visible and illuminated. The main object in the image is a keyboard, so the answer to the first question is True. The spacebar is present and visible, so the answer to the second question is False. The image quality is high, with clear details and vibrant colors, but there is a slight shadow under the keyboard which might be considered a minor artifact, hence the quality score is 0.95 instead of 1."}, {"ans": [true, false, 0.9], "reasoning": "The image clearly depicts an owl perched on a tree branch under a starry night sky with a full moon. The owl is fully feathered, with detailed plumage visible. The image is of high quality, with clear details and no visible artifacts or distortions that would significantly impact the perception of the main subject. The feathers are not missing or invisible; they are a prominent feature of the owl's appearance. The quality score is 0.9 because the image is very detailed and clear, though it may have some minor texture or style-related aspects due to its apparent digital art nature."}, {"ans": [true, true, 0.95], "reasoning": "The image shows a book with a brown leather cover on a wooden surface. The book is closed, and its pages are not visible, indicating that they are either missing or not visible. The image is clear and well-lit, with no visible artifacts or distortions that would affect its quality. The main object, the book, is clearly visible, and the absence of visible pages is not due to image quality issues but rather the book being closed. Therefore, the answer to Question 1 is True because the image is showing a book. The answer to Question 2 is True because the pages are not visible. The quality of the image is rated 0.95 out of 1, as it is clear and well-defined, with no noticeable issues."}, {"ans": [true, false, 1.0], "reasoning": "The image clearly depicts a lighthouse, which is the main object in question. The lighthouse is standing on a rocky cliff with a cloudy sky in the background. The lamp is visible inside the glass enclosure at the top of the lighthouse, indicating that it is not missing. The image is of high quality with no visible artifacts, blurring, or other issues that would detract from its clarity."}, {"ans": [true, false, 1.0], "reasoning": "The image shows a beige armchair with a patterned rug underneath it. The chair is clearly visible and appears to be an armchair. The legs of the chair are partially visible, indicating that they are not missing. The image is clear and well-lit, with no visible artifacts or distortions. Therefore, the answer to Question 1 is True, as the image is showing an armchair. The answer to Question 2 is False, as the legs are visible. The quality of the image is rated as 1.0, as it is clear and well-defined."}, {"ans": [true, false, 0.9], "reasoning": "The image clearly shows a deer with antlers standing in a forest. The main object, a deer, is present, so the answer to the first question is True. The antlers are visible, so the answer to the second question is False. The image is of high quality, with clear details and natural colors, but the quality score is slightly reduced to 0.9 due to minor artifacts or slight blurring that may not be immediately noticeable."}, {"ans": [true, false, 1.0], "reasoning": "The image clearly shows an envelope, which is the main object. The envelope has a flap, and it is visible. The image is of high quality with no visible artifacts, blurring, or other issues that would affect the quality score."}, {"ans": [true, true, 1.0], "reasoning": "The image is showing a wall clock, which is the main object. The clock face is white with black hands and has markings for hours but does not display numbers. Therefore, the numbers are missing. The image is clear and of high quality, with no visible artifacts, blurring, or other issues that would affect its quality."}, {"ans": [true, false, 0.95], "reasoning": "The image shows a person wearing a white space suit with orange accents, floating in a pool of water. The suit is fully visible and appears to be a realistic representation of a space suit. The helmet is clearly visible and is not missing or obscured. The image is well-lit and the details of the suit are clearly visible, indicating a high-quality image. However, there are some minor ripples in the water that could be considered a slight degradation in quality, hence the score of 0.95 rather than 1."}, {"ans": [true, false, 1.0], "reasoning": "The image clearly shows a windmill standing in a field of wheat. The windmill is fully visible with its blades intact and visible. The image is clear and well-lit, with no visible artifacts or distortions that would affect the quality. Therefore, the answer to the first question is True because the image is showing a windmill. The answer to the second question is False because the blades are present and visible. The quality of the image is rated as 1 because it is clear and free of noticeable issues."}, {"ans": [true, true, 1.0], "reasoning": "The image clearly depicts a tree without leaves, as evidenced by the bare branches and the visible trunk. The absence of leaves is apparent, making the answer to the first question 'True' since the image is showing a tree. For the second question, the leaves are indeed missing or not visible, so the answer is 'True'. The image quality is high, with clear details of the tree's structure and no visible artifacts or distortions, hence the quality score is 1.0."}, {"ans": [true, true, 1.0], "reasoning": "The image shows a yellow school bus parked on the side of a road. The bus is facing left, and its side is visible. The doors of the bus are not visible as the side view does not show the door area. The image is clear and well-lit, with no visible artifacts or distortions. Therefore, the answer to Question 1 is True because the image is showing a bus. The answer to Question 2 is True because the doors are not visible from the side view. The quality of the image is rated 1.0 because it is clear and well-lit, with no visible issues."}, {"ans": [true, true, 1.0], "reasoning": "The image shows a laptop with its back facing the camera and the screen closed, so the laptop is visible but the screen is not visible. The image is clear and of high quality, with no visible artifacts or distortions."}, {"ans": [true, true, 1.0], "reasoning": "The image clearly shows a trumpet lying on a red fabric background. The trumpet is visible in its entirety, and it is evident that it does not have a mouthpiece attached. The image is of high quality, with clear details and no visible artifacts or distortions. The trumpet is the main object in the image, and it is well-defined. Therefore, the answer to the first question is True because the image is showing a trumpet. The answer to the second question is True because the mouthpiece is not attached to the trumpet, making it missing. The quality of the image is rated 1.0 because it is clear and well-defined, with no issues that would detract from its quality."}, {"ans": [true, false, 1.0], "reasoning": "The image clearly shows a robot with a head. The robot is standing in a laboratory setting, and its head is visible with blue eyes and headphones. The image is sharp and clear, with no visible artifacts or distortions. Therefore, the answer to Question 1 is True because the image is showing a robot. The answer to Question 2 is False because the head is visible. The quality of the image is rated as 1 because it is clear and well-defined, with no noticeable issues."}, {"ans": [true, false, 1.0], "reasoning": "The image clearly shows a candle on a silver tray. The candle is cylindrical and has a visible wick on top. The image is well-lit and in focus, with no visible artifacts or distortions. Therefore, the answer to Question 1 is True because the image is showing a candle. The answer to Question 2 is False because the wick is visible. The quality of the image is rated as 1 because it is clear and well-defined, with no noticeable issues."}, {"ans": [true, false, 0.95], "reasoning": "The image is clearly showing a pizza. The pizza has a crust, tomato sauce, basil leaves, and what appears to be mozzarella cheese, indicating that it is a pizza with cheese. Therefore, the answer to the first question is True. For the second question, the cheese is visible on the pizza, so the answer is False. The image is of high quality, with clear details and no visible artifacts or distortions, so the quality score is 0.95. The slight deduction from 1 is due to the subtle texture of the background that might be considered slightly unnatural or overly processed, but it does not significantly impact the overall clarity or perception of the pizza."}, {"ans": [true, false, 1.0], "reasoning": "The image clearly shows a DSLR camera with a lens attached to it. The camera is positioned on a stand on a wooden surface against a plain background. The lens is visible and appears to be properly attached to the camera body. The image is sharp and well-lit, with no visible artifacts or distortions. Therefore, the answer to the first question is True because the image is showing a DSLR camera with a lens. The answer to the second question is False because the lens is visible and not missing. The quality of the image is rated as 1 because it is clear, well-lit, and free of any noticeable issues."}, {"ans": [true, false, 1.0], "reasoning": "The image clearly shows a grand piano on a stage in an auditorium. The piano is visible and appears to be intact, with its keys clearly visible. The image is of high quality, with no visible artifacts, blurring, or other issues that would detract from its clarity. Therefore, the answer to Question 1 is True because the image is showing a piano. The answer to Question 2 is False because the keys are visible and not missing. The quality score is 1.0 because the image is clear and well-rendered, with no visible defects."}, {"ans": [true, false, 1.0], "reasoning": "The image is showing a paintbrush with bristles, so the main object is present. The bristles are visible, so they are not missing. The image is clear and well-lit, with no visible artifacts or distortions, hence the quality score is 1.0."}, {"ans": [true, false, 1.0], "reasoning": "The image clearly shows a watch with a strap, so the answer to the first question is True. The strap is visible and not missing, so the answer to the second question is False. The image is of high quality, with no visible artifacts, blurring, or other issues, so the quality score is 1.0."}, {"ans": [true, false, 1.0], "reasoning": "The image clearly shows a person's mouth with their tongue out, being examined by a dental tool held by a gloved hand. The mouth is the main object, and it is visible along with the tongue. Therefore, the answer to the first question is True. Since the tongue is visible, the answer to the second question is False. The image is of high quality, with clear details and no visible artifacts or distortions, so the quality score is 1.0."}, {"ans": [true, false, 0.95], "reasoning": "The image clearly shows a motorcycle facing to the right, with its handlebars visible. The presence of the motorcycle directly answers the first question. For the second question, the handlebars are visible, so they are not missing or not visible. The image is of high quality, with clear details and no visible artifacts or distortions that would affect the perception of the motorcycle or its components. The slight deduction in quality score is due to the slight gradient and lighting effects in the background, but they do not significantly impact the clarity of the motorcycle."}, {"ans": [true, false, 1.0], "reasoning": "The image clearly shows a vintage television set on a wooden stand in a living room setting. The television is the main object and is visible with its screen, although the screen is not displaying any content. Since the television is the main object and is present, the answer to the first question is True. For the second question, the screen is visible, so it is not missing or not visible, making the answer False. The image is of high quality, with clear details and no visible artifacts or distortions, so the quality score is 1.0."}, {"ans": [true, false, 0.95], "reasoning": "The image clearly shows a goat with horns standing on a rocky outcrop. The main object, a goat, is present, so the answer to the first question is True. The horns are visible, so the answer to the second question is False. The image is of high quality, with clear details and no visible artifacts or distortions, so the quality score is 0.95. The slight deduction is due to a minor blur in the background, but it does not affect the main subject."}, {"ans": [true, false, 1.0], "reasoning": "The image clearly shows a red sneaker with white laces on a wooden surface in front of gray lockers. The sneaker is the main object and is visible and clear. The laces are present and visible, threaded through the eyelets. The image is sharp and well-lit, with no visible artifacts or distortions that would affect the quality. Therefore, the answer to the first question is True because the image is showing a sneaker. The answer to the second question is False because the laces are not missing or invisible; they are clearly visible. The quality of the image is rated 1 because it is clear and well-rendered, with no issues that detract from the visibility of the sneaker or its details."}, {"ans": [true, false, 1.0], "reasoning": "The image is showing a green frog sitting on a leaf over water. The frog's eyes are clearly visible, so the answer to the first question is True. Since the eyes are visible, the answer to the second question is False. The image is clear and well-defined, with no visible artifacts or distortions, so the quality score is 1.0."}, {"ans": [true, false, 1.0], "reasoning": "The image shows a mug with a handle on the right side. The mug is white with blue floral designs and is placed on a matching saucer. The handle is clearly visible, so it is not missing. The image is clear and well-lit, with no visible artifacts or distortions. Therefore, the quality of the image is rated as 1.0."}, {"ans": [true, false, 1.0], "reasoning": "The image clearly shows a saxophone with its keys visible, indicating that the main object is present and the keys are not missing or invisible. The image is of high quality with no visible artifacts, blurring, or other issues that would detract from its clarity."}, {"ans": [true, false, 0.95], "reasoning": "The image clearly shows a skateboard with wheels attached to it. The skateboard is positioned on a brick surface, and all four wheels are visible and appear to be securely attached to the board. The image is well-lit and in focus, with no visible artifacts or distortions that would detract from its quality. The main object, the skateboard, is clearly identifiable, and the wheels are also visible, indicating that they are not missing. Therefore, the answer to Question 1 is True, and the answer to Question 2 is False. The quality of the image is rated as 0.95 due to its clarity and lack of noticeable defects."}, {"ans": [true, false, 1.0], "reasoning": "The image is showing a fedora hat with a brim, and the brim is clearly visible. The image is of high quality with no visible artifacts or distortions."}, {"ans": [true, false, 0.95], "reasoning": "The image clearly shows a motorcycle helmet on a table. The visor is present and visible, as it is lifted up. The image is sharp and well-lit, with no visible artifacts or distortions that would affect the quality. The only reason for a quality score less than 1 is the slight wear and tear visible on the table, but this does not impact the clarity or visibility of the helmet or its visor."}, {"ans": [true, true, 1.0], "reasoning": "The image is showing a bedframe without a mattress. The bedframe is clearly visible and is the main object in the image. The mattress is missing, as only the slats are visible. The image is of high quality, with clear details and no visible artifacts or distortions."}, {"ans": [true, false, 1.0], "reasoning": "The image is showing a clock tower with a visible clock face on one side and another clock face partially visible on the adjacent side. The main object, the clock tower, is present and clearly visible. The clock face is also visible, so it is not missing. The image is clear and of high quality, with no visible artifacts, blurring, or other issues that would affect the quality score."}, {"ans": [true, false, 0.95], "reasoning": "The image clearly shows a pocket watch with a white face and black Roman numerals. The watch is open, revealing its inner mechanisms, and it has two hands visible on the face. The presence of the hands directly answers the second question. The image is of high quality, with clear details and no visible artifacts or distortions that would detract from the viewer's ability to see the watch and its features. The slight deduction from 1.0 to 0.95 is due to the background, which, while not distracting, is somewhat soft and not as sharply defined as the watch itself."}, {"ans": [true, false, 1.0], "reasoning": "The image clearly shows a bicycle. The bicycle is red with silver accents and is leaning against a stone wall. The pedals are visible and appear to be attached to the bicycle, so they are not missing or invisible. The image is clear and well-lit, with no visible artifacts or distortions, so the quality is high."}, {"ans": [true, false, 0.9], "reasoning": "The image is a portrait of a woman with visible eyes, so the answer to the first question is True. The eyes are clearly visible, so the answer to the second question is False. The image quality is high, with clear details and no visible artifacts or distortions, so the quality score is 0.9. The slight deduction from 1 is due to the image being a digital painting, which may not be considered 'perfect' in terms of image quality."}, {"ans": [true, false, 1.0], "reasoning": "The image clearly shows a grand piano on a stage with spotlights shining down. The lid of the piano is open, and the internal mechanisms, including the hammers, are visible. Therefore, the main object (grand piano) is present, and the hammers are visible. The image is of high quality with no visible artifacts or distortions."}, {"ans": [true, false, 1.0], "reasoning": "The image clearly depicts a sailing ship with its sails visible and intact. The presence of the sails directly answers both questions: the image is showing a sailing ship, and the sails are not missing or invisible. The image quality is high, with no visible artifacts, blurring, or other issues that would detract from its clarity."}, {"ans": [true, false, 1.0], "reasoning": "The image depicts a large tree with a wide canopy and green leaves, situated in a grassy field. The tree's trunk is thick and sturdy, with visible roots at the base. The leaves are abundant and appear to be healthy. The image is clear and well-lit, with no visible artifacts or distortions. The tree is likely an oak tree, given its size and leaf structure. The leaves are clearly visible, so they are not missing or invisible."}, {"ans": [true, false, 0.95], "reasoning": "The image depicts a charming stone cottage with a brown door and red-framed windows, surrounded by lush greenery. The door is clearly visible, indicating that it is not missing. The image is of high quality, with clear details and no visible artifacts or distortions. The only reason the quality score is not 1 is due to the slight fogginess in the background, but this does not detract from the main subject."}, {"ans": [true, false, 1.0], "reasoning": "The image clearly shows a passenger jet on a runway, indicating that the main object is indeed a passenger jet. The wings are visible on the aircraft, meaning they are not missing or invisible. The image is clear and of high quality, with no visible artifacts, blurring, or other issues that would detract from its quality."}, {"ans": [true, true, 0.95], "reasoning": "The image clearly shows a wristwatch with a white face and brown leather strap, placed in a box. The watch face does not have numbers, only hour markers. The main object, the wristwatch, is present. The numbers are missing from the wristwatch face. The image is of high quality, with clear details and no visible artifacts or distortions. The slight decrease in quality score is due to the torn edges of the box's interior, which is a minor imperfection."}, {"ans": [true, false, 1.0], "reasoning": "The image clearly shows a pizza with a thick crust, topped with red sauce, white cheese, and green basil leaves. The presence of cheese is visible, indicating that the cheese is not missing. The image is of high quality, with clear details and no visible artifacts or distortions."}, {"ans": [true, true, 0.9], "reasoning": "The image clearly shows traffic signals hanging above the road. The traffic signals are visible but the lights within them are not illuminated, appearing dark. Therefore, for Question 1, the answer is True because the image is showing traffic signals. For Question 2, the answer is True because the lights are not visible or are missing from the traffic signals as they are not lit up. The quality of the image is rated 0.9 because it is clear and well-defined, showing a city street with traffic signals and vehicles. The slight reduction from 1 is due to the overexposure or glow around the traffic lights, possibly due to the sun's position, but it does not significantly impair the visibility of the main elements."}, {"ans": [true, false, 1.0], "reasoning": "The image clearly shows a skateboard with wheels attached to its trucks. The skateboard is positioned on a concrete surface, and the wheels are visible and appear to be in good condition. The image is well-lit, and the details of the skateboard are clearly visible, indicating a high-quality image."}, {"ans": [true, false, 0.95], "reasoning": "The image shows a chessboard with pieces on it, so the answer to the first question is True. The black pieces are visible on the board, so the answer to the second question is False. The image is clear and well-lit, with no visible artifacts or distortions, so the quality score is 0.95. The only reason for not giving it a perfect score is the slight shadow on the tablecloth, but it does not affect the visibility of the chessboard or pieces."}, {"ans": [true, true, 0.9], "reasoning": "The image is showing a red Ferrari sports car, which is a sports car. The brakes are not visible as the image is taken from the side and the front wheels are not fully visible, and the brake calipers are not visible. The image is of high quality with clear details and no visible artifacts or blurring."}, {"ans": [true, true, 1.0], "reasoning": "The image is showing an open book on a wooden table with blank pages, and there are bookshelves in the background. The main object in the image is indeed a book, so the answer to the first question is True. The pages of the book are blank, meaning there is no text visible, so the answer to the second question is also True. The image is clear and well-lit, with no visible artifacts, blurring, or other issues that would affect its quality, so the quality score is 1.0."}, {"ans": [true, false, 0.95], "reasoning": "The image clearly shows a computer tower with its side panel removed, revealing the internal components. The fans are visible and illuminated with purple lights, indicating they are present and not missing. The image is of high quality, with clear details and no visible artifacts or distortions. The slight reduction in quality score is due to the subtle shadow and reflection effects on the surface below the computer tower, but these do not significantly impact the overall clarity of the main subject."}, {"ans": [true, false, 1.0], "reasoning": "The image clearly depicts a scarecrow standing in a wheat field. The scarecrow is wearing a plaid shirt, jeans, and a straw hat, and has straw stuffed into its shirt to create the appearance of arms. The scarecrow's arms are visible and appear to be made of straw or hay, attached to the wooden post. The image is well-lit, with clear details and no visible artifacts or distortions. Therefore, the answer to Question 1 is True, as the image is showing a scarecrow with arms. The answer to Question 2 is False, as the arms are visible. The quality of the image is rated 1.0, as it is clear and well-defined, with no noticeable issues."}, {"ans": [true, true, 0.9], "reasoning": "The image depicts a man in armor, which is consistent with the representation of a knight. The main object, the knight, is present in the image. However, upon closer inspection, it is evident that the knight is not holding a sword, and there is no visible sword on his person. The image is of high quality, with clear details and no visible artifacts or distortions that would significantly impact the interpretation of the scene. The quality score is 0.9 because the image is very detailed and clear, with no major issues."}, {"ans": [true, false, 0.95], "reasoning": "The image is showing a white teapot with a floral design on it, placed on a bamboo mat. The teapot has a handle, spout, and lid, which are all clearly visible. Therefore, the answer to the first question is True. The handle is present and visible, so the answer to the second question is False. The image is clear and well-defined, with no visible artifacts or distortions, so the quality score is high, but slightly less than 1 due to a minor blur in the background."}, {"ans": [true, false, 1.0], "reasoning": "The image clearly shows a basketball hoop with a net. The main object, the basketball hoop, is present and visible. The net is also visible, attached to the hoop. The image is clear and well-defined, with no visible artifacts, blurring, or other issues that would affect its quality. Therefore, the answer to Question 1 is True, the answer to Question 2 is False, and the quality score is 1.0."}, {"ans": [true, false, 1.0], "reasoning": "The image shows a dining table setting with plates, cutlery, and glasses. The main object, a dining table, is present. The glasses are visible at the top of the image. The image is clear and well-lit, with no visible artifacts or distortions."}, {"ans": [true, true, 1.0], "reasoning": "The image clearly shows a typewriter, which is the main object. The typewriter is centered and well-lit, with no visible artifacts or distortions that would affect the quality of the image. The ribbon is not visible, indicating it is either missing or not visible. Therefore, the answer to the first question is True, and the answer to the second question is also True. The quality of the image is rated as 1 because it is clear and well-defined, with no noticeable issues."}, {"ans": [true, true, 1.0], "reasoning": "The image shows a winter jacket hanging on a coat rack. The jacket is beige and has a fur-lined hood. It appears to be fastened with buttons rather than a zipper. The image is clear and well-lit, with no visible artifacts or distortions. The main object, the winter jacket, is clearly visible. The zipper is not visible, suggesting it is either missing or not visible under the buttoned closure."}, {"ans": [true, false, 1.0], "reasoning": "The image clearly shows a sunflower. The seeds are visible on the flower head, so they are not missing or invisible. The image is of high quality with clear details and no visible artifacts or distortions."}, {"ans": [true, false, 0.95], "reasoning": "The image clearly shows an elephant, so the answer to the first question is True. The trunk of the elephant is visible and not missing, so the answer to the second question is False. The image is of high quality with clear details and no visible artifacts or distortions, so the quality score is 0.95. The slight deduction is due to the hazy background, but it does not significantly impact the overall clarity of the main subject."}, {"ans": [true, true, 0.95], "reasoning": "The image clearly shows a rowboat floating on a lake. The boat is empty and there are no oars visible inside or outside the boat. The image is of high quality, with clear details and no visible artifacts or distortions. The only reason the quality score is not 1 is because the image is not perfectly sharp, there is a slight softness to it."}, {"ans": [true, false, 0.95], "reasoning": "The image is clearly showing a snowman with a hat and scarf, and it has buttons on its body. The buttons are visible, so they are not missing. The image is of high quality, with clear details and no visible artifacts or distortions. The snowman is centered in the image, and the background is also clear. Therefore, the answer to the first question is True, and the answer to the second question is False. The quality of the image is rated as 0.95, as it is a clear and well-defined image."}, {"ans": [true, true, 1.0], "reasoning": "The image is showing a fountain pen on top of a notebook. The pen is transparent, showing the ink reservoir inside, but the ink level is not visible as it is not filled with ink. The image is clear and of high quality, with no visible artifacts or distortions."}, {"ans": [true, false, 1.0], "reasoning": "The image clearly shows a paintbrush with bristles next to a paint palette. The paintbrush is the main object in the image, and it is visible with its bristles intact. The bristles are not missing or invisible; they are clearly visible at the top of the brush. The image is of high quality, with no visible artifacts, blurring, or other issues that would detract from its clarity. Therefore, the answer to the first question is True because the image is showing a paintbrush. The answer to the second question is False because the bristles are visible. The quality of the image is rated 1.0 because it is clear and well-defined, with no noticeable issues."}, {"ans": [true, true, 0.9], "reasoning": "The image clearly shows a pair of eyeglasses with round lenses and a gold frame, lying on top of a piece of paper with text. The eyeglasses are positioned in the center of the image, making them the main object. The temples of the eyeglasses are not visible as they are folded inwards and resting on the paper, thus they are considered missing or not visible. The image is sharp and clear, with no visible artifacts or distortions that would detract from its quality. The overall quality of the image is high, with a score of 0.9 out of 1. The slight decrease in quality score is due to the texture of the background and the paper, which might be considered slightly distracting."}, {"ans": [true, false, 0.9], "reasoning": "The image clearly shows a person holding an umbrella on a rainy street. The umbrella is visible and appears to be intact, with visible ribs underneath it. The image is of high quality, with clear details of the scene, though there is a slight haze due to the rain, which slightly reduces the quality score to 0.9."}, {"ans": [true, false, 1.0], "reasoning": "The image clearly shows a wristwatch with a gold case and black leather strap, displayed on a stand under a glass dome. The watch face is visible and features hour markers, which are the black numbers and lines around the edge of the face. Therefore, the answer to Question 1 is True because the image is showing a wristwatch. The answer to Question 2 is False because the hour markers are visible on the watch face. The quality of the image is rated as 1 because it is clear, sharp, and well-lit, with no visible artifacts or distortions."}, {"ans": [true, false, 1.0], "reasoning": "The image clearly shows a camping tent set up in a grassy field. The tent is beige and has a simple, compact design. It is fully visible and appears to be intact. The poles are visible and are supporting the structure of the tent, indicating that they are not missing. The image is clear and well-lit, with no visible artifacts, blurring, or other issues that would detract from its quality. Therefore, the answer to Question 1 is True, as the image is showing a camping tent. The answer to Question 2 is False, as the poles are visible and not missing. The quality of the image is rated as 1, indicating that it is of high quality."}, {"ans": [true, false, 1.0], "reasoning": "The image is showing a cuckoo clock with weights hanging from it. The clock is intricately carved and has a traditional design, with a face, Roman numerals, and decorative elements such as leaves and deer. The weights are visible and appear to be made of wood, shaped like pinecones. The image is clear and well-defined, with no visible artifacts or distortions. Therefore, the answer to Question 1 is True, as the image is showing a cuckoo clock with weights. The answer to Question 2 is False, as the weights are not missing or invisible. The quality of the image is rated 1.0, as it is clear and well-defined, with no visible issues."}, {"ans": [true, false, 1.0], "reasoning": "The image clearly shows a smartphone. The speaker grille is visible on the bottom edge of the smartphone, indicating it is not missing. The image is of high quality with no visible artifacts, blurring, or other issues that would detract from its clarity."}, {"ans": [true, true, 0.95], "reasoning": "The image clearly shows a motorcycle parked on the side of a road. The motorcycle is facing the camera, and its main components such as the handlebars, headlight, and front wheel are visible. There is no visible speedometer on the motorcycle, suggesting it is either missing or not visible. The image is sharp and well-lit, with no noticeable artifacts or distortions that would affect its quality. The overall quality of the image is high, with a score of 0.95 out of 1."}, {"ans": [true, true, 0.95], "reasoning": "The image shows a violin bow. The bow is lying on a red fabric surface, and it appears to be a typical violin bow with a wooden stick and metal fittings. The bow hair is not visible, suggesting that it is either missing or not taut. The image is clear and well-lit, with no visible artifacts or distortions. The quality of the image is high, with a score of 0.95 out of 1. The main object, the violin bow, is clearly visible, and the lack of bow hair is noticeable. Therefore, the answer to Question 1 is True, and the answer to Question 2 is also True."}, {"ans": [true, true, 0.9], "reasoning": "The image is showing a birdcage hanging from a porch ceiling. The birdcage is made of gold-colored metal and has a dome-shaped top. It is hanging from a chain and is positioned in front of a white porch column. The background shows a suburban neighborhood with trees and houses. The image is clear and well-lit, with no visible artifacts or distortions. The quality of the image is high, with a score of 0.9. For question 1, the image is showing a birdcage, so the answer is True. For question 2, the perch is not visible inside the birdcage, so the answer is True."}, {"ans": [true, false, 0.95], "reasoning": "The image depicts a statue of a woman in a classical setting with columns. The statue is intact and includes a head, so it answers 'true' to the first question. Since the head is present and visible, the answer to the second question is 'false'. The image is of high quality, with clear details and no visible artifacts or distortions, hence a quality score of 0.95."}, {"ans": [true, false, 1.0], "reasoning": "The image clearly shows a teddy bear sitting on a bed. The teddy bear has a visible nose, which is brown in color. The image is of high quality with no visible artifacts, blurring, or unnatural colors. The main object, the teddy bear, is clearly visible and well-defined."}, {"ans": [true, false, 1.0], "reasoning": "The image clearly shows a pair of sneakers with laces. The sneakers are centered on a gray mat in front of a white wall, and the laces are visible and intact. The image is well-lit and clear, with no visible artifacts or distortions. Therefore, the answer to Question 1 is True because the image is showing sneakers. The answer to Question 2 is False because the laces are present and visible. The quality of the image is rated 1.0 because it is clear and well-lit, with no noticeable issues."}, {"ans": [true, false, 1.0], "reasoning": "The image shows a refrigerator with its doors open, revealing the interior. The main object, a refrigerator, is present in the image. The door shelves are visible on the left door, so they are not missing or invisible. The image is clear and well-lit, with no visible artifacts or distortions, hence the quality score is 1."}, {"ans": [true, false, 0.9], "reasoning": "The image depicts a group of people gathered around a campfire in a forest. The campfire is the central focus, with flames clearly visible. The presence of the campfire and the flames answers the first question affirmatively. For the second question, the flames are not missing; they are clearly visible, so the answer is false. The image quality is high, with clear details of the scene, though it might be slightly diminished due to the presence of some artifacts or unnatural lighting, hence a score of 0.9."}, {"ans": [true, true, 1.0], "reasoning": "The image shows a drinking fountain, which is a tall, silver-colored structure with a spout and a button or handle on the side. The fountain is situated on a grassy area next to a paved path in a park-like setting. There is no visible water coming out of the fountain or around it, indicating that it is not currently dispensing water. The image is clear and well-lit, with no visible artifacts, blurring, or other issues that would detract from its quality. Therefore, the answer to the first question is True because the image does show a drinking fountain. The answer to the second question is also True because the water is not visible from the drinking fountain, as it is not being dispensed. The quality of the image is rated as 1.0 because it is clear and well-composed, with no visible issues."}, {"ans": [true, false, 1.0], "reasoning": "The image clearly shows a revolver with a visible trigger guard. The revolver is centered in the image, and its details are well-defined, indicating a high-quality image. The trigger guard is present and visible, surrounding the trigger."}, {"ans": [true, false, 0.9], "reasoning": "The image is a detailed illustration of a compass rose, which is clearly visible and centered in the image. The compass rose is ornately decorated and includes a north arrow, which is also clearly visible. The image is of high quality, with clear lines and details, although it appears to be aged or distressed, which slightly reduces its quality score. The presence of the north arrow answers the second question, indicating it is not missing."}, {"ans": [true, false, 0.9], "reasoning": "The image clearly depicts a cityscape with multiple skyscrapers, indicating that the main object (skyscrapers) is present. Therefore, the answer to Question 1 is True. Upon closer inspection, the windows on the skyscrapers are visible, especially on the buildings on the left and right sides of the image. Hence, the answer to Question 2 is False because the windows are not missing or invisible. The image is of high quality, with clear details and no significant artifacts or distortions, warranting a quality score of 0.9. The slight deduction from 1 is due to a very minor haze in the background and the slight blur on some of the distant buildings, but these do not significantly impact the overall clarity of the main subjects."}, {"ans": [true, true, 1.0], "reasoning": "The image shows a conductor standing on a podium with his right hand raised. He is wearing a black tuxedo with a white shirt and bow tie, which is typical attire for a conductor. The background shows an orchestra with musicians playing various instruments, indicating that the man is indeed a conductor. Therefore, the answer to the first question is True.\n\nFor the second question, the conductor's right hand is raised, and there is no visible baton in either of his hands. His left hand is resting on the podium. This suggests that the baton is either not being used or is not visible, so the answer to the second question is True.\n\nThe image is clear and well-lit, with no visible artifacts, blurring, or other issues that would affect its quality. The colors appear natural, and the objects are not deformed. Therefore, the quality score is 1.0."}, {"ans": [true, true, 1.0], "reasoning": "The image shows a soccer field with a goal in the background. The goal is partially obscured by a hedge, but it is visible and appears to be a standard soccer goal. The crossbar of the goal is not visible due to the hedge, so it is considered missing or not visible. The image is of high quality, with clear and sharp details, and no visible artifacts or distortions."}, {"ans": [true, false, 1.0], "reasoning": "The image clearly shows a microscope on a table. The microscope has lenses attached to it, which are visible and not missing. The image is sharp and well-lit, with no visible artifacts or distortions. Therefore, the answer to Question 1 is True because the image is showing a microscope. The answer to Question 2 is False because the lenses are visible and not missing from the microscope. The quality of the image is rated 1.0 because it is clear and well-defined, with no issues that would detract from its quality."}]