[{"ans": [true, false, 1.0], "reasoning": "The image depicts a sailboat on the water, with its mast and rigging visible. Although the sails are not fully extended, a part of the sail is visible, indicating that they are not entirely missing. The presence of the sailboat and its rigging confirms that it is a sailboat. The sails are partially visible, so they are not considered missing or not visible."}, {"ans": [true, false, 0.9], "reasoning": "The image clearly shows a bicycle leaning against a brick wall. The bicycle is red with silver accents and has a visible chain connecting the pedals to the gears on the back wheel. Therefore, for Question 1, the answer is True because the image is showing a bicycle. For Question 2, the answer is False because the chain is visible and not missing. The quality of the image is rated 0.9 because it is clear and well-lit, with all parts of the bicycle clearly visible."}, {"ans": [true, false, 1.0], "reasoning": "The image clearly shows a cat sitting on a windowsill. The cat is centered and well-lit, making it the main focus of the image. The cat has visible whiskers, which are clearly seen around its mouth. Therefore, for Question 1, the answer is True because the image is showing a cat. For Question 2, the answer is False because the whiskers are visible, not missing or invisible. The image quality is rated 1 because it is clear and well-focused on the cat."}, {"ans": [true, true, 1.0], "reasoning": "The image depicts a stone structure with an archway, which appears to be part of a castle or fortified wall. The presence of the archway and the stone walls suggests that it is a castle. Therefore, the answer to Question 1 is True. The gates are not visible in the image, as the archway is empty and there are no visible gates. Hence, the answer to Question 2 is True. The image is clear and well-lit, with no visible distortions or issues that would affect its quality. Thus, the quality rating is 1."}, {"ans": [true, false, 0.9], "reasoning": "The image is clearly showing a hot-air balloon with a visible basket, so the answer to the first question is True. Since the basket is visible, the answer to the second question is False. The image is well-lit and in focus, with a clear view of the balloon and its surroundings, hence a high quality score of 0.9."}, {"ans": [true, false, 1.0], "reasoning": "The image clearly shows a turtle with a visible shell on a sandy beach. The turtle is centered and its features are well-defined, indicating a high-quality image. The shell is present and visible, so it is not missing or invisible."}, {"ans": [true, false, 0.9], "reasoning": "The image is showing a train at a station, which directly answers Question 1. The train is clearly visible and appears to be in good condition. For Question 2, the wheels of the train are not directly visible from the front view, but the presence of tracks and the train's positioning on them implies that it has wheels. However, the wheels are partially obscured from view. The image quality is generally good, with clear details of the train and the station. The slight obstruction of the wheels does not significantly impact the overall quality, as the key elements of the train are still visible."}, {"ans": [true, false, 1.0], "reasoning": "The image clearly shows a pair of eyeglasses with lenses. The glasses are centered on a white surface, and both lenses are visible and not missing. The quality of the image is high as it is clear and well-lit, with good focus on the glasses."}, {"ans": [true, false, 1.0], "reasoning": "The image shows a fountain pen with a visible nib. The pen is placed on a piece of paper with text, and the nib is clearly visible at the tip of the pen. Therefore, the answer to Question 1 is True because the image is showing a fountain pen with a nib. The answer to Question 2 is False because the nib is visible in the image. The quality of the image is rated as 1 because it is clear and well-defined, with no apparent issues or distortions."}, {"ans": [true, false, 1.0], "reasoning": "The image shows an umbrella with a canopy, so it is showing an umbrella. The canopy is visible, so it is not missing or not visible. The image is clear and well-lit, and the umbrella is the main focus, so the quality is high."}, {"ans": [true, false, 1.0], "reasoning": "The image clearly shows an airplane on a runway. The airplane is white and has a visible fuselage, wings, and tail. The wings are visible, so they are not missing or invisible. The image is of high quality, with clear details of the airplane and its surroundings."}, {"ans": [true, true, 1.0], "reasoning": "The image shows a desk lamp with a brass finish and an adjustable arm, positioned over an open book on a wooden table. The lamp's shade is directed towards the book, but there is no visible bulb inside the lamp. The presence of a pull chain suggests that the lamp is designed to be operated by pulling the chain, which typically controls the power to the bulb. However, the bulb itself is not visible, indicating it is either missing or not visible due to being obscured from view. Therefore, for Question 1, the image is showing a desk lamp, so the answer is True. For Question 2, since the bulb is not visible, the answer is True. The quality of the image is rated as 1 because it is clear and well-lit, and the key elements (the desk lamp and the book) are clearly visible."}, {"ans": [true, false, 1.0], "reasoning": "The image shows an electric guitar with a visible neck, body, and other characteristic features such as pickups and tuning pegs are not visible but the neck is present and visible. The quality of the image is high as it clearly displays the guitar against a plain background, with good lighting and focus."}, {"ans": [true, false, 0.9], "reasoning": "The image clearly shows a fish, so the answer to the first question is True. The fins of the fish are visible, so the answer to the second question is False. The image is of high quality, with clear details of the fish and its surroundings, so the quality score is 0.9. The slight deduction is due to the rippling effect of the water, which slightly affects the clarity of the image."}, {"ans": [true, false, 1.0], "reasoning": "The image depicts a small brick house with a gable roof, situated in a field. The house is centered in the image and has a chimney on the left side. The roof is visible and appears to be intact. The image is clear and well-lit, with no visible distortions or obstructions. Therefore, the answer to Question 1 is True, as the image is showing a cottage with a roof. The answer to Question 2 is False, as the roof is not missing or invisible. The quality of the image is rated 1.0, as it is clear and well-composed."}, {"ans": [true, false, 1.0], "reasoning": "The image is showing a car, specifically a vintage convertible. The windshield is visible and appears to be intact. The image is clear and well-lit, with a good view of the car's interior and exterior. The quality of the image is high, with no visible distortions or issues that would detract from the overall clarity. Therefore, the answer to Question 1 is True, the answer to Question 2 is False, and the quality rating is 1."}, {"ans": [true, false, 1.0], "reasoning": "The image is showing a keyboard with a visible spacebar. The spacebar is present and visible, so it is not missing. The image is clear and well-lit, showing the keyboard and its keys in detail, hence the quality is rated as 1."}, {"ans": [true, false, 1.0], "reasoning": "The image clearly depicts an owl perched on a branch, with detailed feathers visible across its body. The presence of the owl is evident, and its feathers are not missing or invisible; they are intricately illustrated. Therefore, the answer to the first question is True, and the answer to the second question is False. The image is of high quality, with clear and detailed elements, hence the quality score is 1."}, {"ans": [true, true, 1.0], "reasoning": "The image shows a leather-bound book with blank pages visible. The cover is made of brown leather and has a strap closure. The pages are blank and appear to be made of a thick, high-quality paper. The book is placed on a wooden table, and there are other books visible in the background on a bookshelf. The image is well-lit and clear, with no visible distortions or artifacts. For question 1, the image is showing a book, so the answer is True. For question 2, the pages are visible but they are blank, so the answer is True because the pages are not missing but they are not visible with content. The quality of the image is rated as 1 because it is clear and well-lit, and there are no visible issues with the image."}, {"ans": [true, false, 1.0], "reasoning": "The image clearly depicts a lighthouse, which is the main object of interest. The lighthouse is shown with a lamp inside the lantern room, and the lamp is visible and lit, indicating that it is not missing. Therefore, the answer to the first question is True. For the second question, since the lamp is visible and present, the answer is False. The image is of high quality as it clearly shows the lighthouse and its details without any significant obstruction or degradation."}, {"ans": [true, false, 1.0], "reasoning": "The image shows a beige armchair with visible legs, so it is an armchair and the legs are not missing or not visible."}, {"ans": [true, true, 0.9], "reasoning": "The image depicts a deer standing in a forest, which matches the description in Question 1. The deer appears to be without antlers, which directly relates to Question 2. Since the antlers are not visible, the answer to Question 2 is True. The image is of high quality, with clear details of the deer and its surroundings, hence the quality score is 0.9."}, {"ans": [true, false, 1.0], "reasoning": "The image shows a white envelope with its flap closed and visible. The envelope is centered on a marble surface. For Question 1, the image is showing an envelope, so the answer is True. For Question 2, the flap is visible and not missing, so the answer is False. The image is clear and well-lit, showing the envelope in detail, so the quality is rated 1."}, {"ans": [true, true, 1.0], "reasoning": "The image is showing a wall clock, which is the main object. The clock face is white with black hands and markings but lacks numbers, so the numbers are missing. The image is clear and well-lit, and the clock is prominently displayed, so the quality is high."}, {"ans": [true, false, 1.0], "reasoning": "The image depicts an astronaut in a white space suit floating in a pool of water. The space suit is fully visible, including the helmet, which is reflective and gold-tinted. The presence of the space suit is clear, so the answer to the first question is True. The helmet is visible, so it is not missing or not visible, making the answer to the second question False. The image is clear and well-lit, showing all details of the space suit, so the quality is rated as 1."}, {"ans": [true, false, 1.0], "reasoning": "The image clearly shows a windmill with blades in a field. The windmill is the main object and is visible with its blades intact, so the answer to the first question is True. Since the blades are present and visible, the answer to the second question is False. The image is clear and well-lit, showing all the necessary details, so the quality is rated as 1."}, {"ans": [true, true, 1.0], "reasoning": "The image prominently features a large tree without leaves, with the sun shining through its branches. The main object in the image is indeed a tree, satisfying the first question. For the second question, the leaves are not visible on the tree, aligning with the condition of being 'missing or not visible.' The image is clear and well-composed, capturing the details of the tree and its surroundings effectively, hence the quality score of 1.0."}, {"ans": [true, true, 1.0], "reasoning": "The image shows a yellow school bus. The main object, which is the bus, is present in the image. Therefore, the answer to the first question is True. The doors of the bus are not visible as the image only captures the side of the bus and the front door is not in view. Hence, the answer to the second question is True because the doors are not visible. The quality of the image is rated as 1.0 because it is clear and well-lit, and there are no visible distortions or issues that would detract from its quality."}, {"ans": [true, true, 1.0], "reasoning": "The image shows a laptop on a table. The laptop is positioned with its back facing the camera, and its screen is not visible. The presence of the laptop is evident, fulfilling the condition for Question 1. For Question 2, since the screen is not visible due to its orientation, it is considered missing or not visible. The image quality is rated as 1.0 because it clearly displays the laptop, and the absence of the screen visibility does not negatively impact the quality rating as per the instructions."}, {"ans": [true, true, 1.0], "reasoning": "The image shows a trumpet, which is the main object. The trumpet is visible and appears to be in good condition. However, the mouthpiece is not attached to the trumpet, indicating that it is missing. Therefore, the answer to Question 1 is True because the image is showing a trumpet. The answer to Question 2 is True because the mouthpiece is missing. The quality of the image is rated as 1 because it is clear and well-lit, and there are no visible issues that would detract from the overall quality."}, {"ans": [true, false, 0.9], "reasoning": "The image clearly shows a robot with a visible head. The robot is standing in a laboratory setting with various equipment and shelves in the background. The head of the robot is clearly visible, with blue eyes and a white faceplate, so the head is not missing or not visible. The image is of high quality, with clear details of the robot and its surroundings."}, {"ans": [true, true, 1.0], "reasoning": "The image shows a candle on a silver platter. The candle is the main object and is clearly visible. The wick is not visible, which means it is either missing or not visible. Therefore, the answer to the first question is True because the image is showing a candle. The answer to the second question is True because the wick is not visible. The quality of the image is rated 1 because it is clear and well-lit, and there are no visible issues that would detract from the viewer's understanding of the image."}, {"ans": [true, false, 1.0], "reasoning": "The image is showing a pizza with visible toppings including cheese, so it satisfies the condition for Question 1. For Question 2, the cheese is visible, so it is not missing or not visible. The image is clear and well-lit, showing all the details of the pizza, hence the quality is rated as 1."}, {"ans": [true, false, 1.0], "reasoning": "The image is showing a DSLR camera with a lens attached, so the main object is present. The lens is visible and attached to the camera, so it is not missing. The image is clear and well-lit, indicating high quality."}, {"ans": [true, false, 1.0], "reasoning": "The image clearly shows a grand piano in the center of a concert hall. The piano is fully visible, and its keys are also visible, indicating that they are not missing. The image is of high quality, with clear details and proper lighting."}, {"ans": [true, false, 1.0], "reasoning": "The image shows a paintbrush with visible bristles next to a paint palette. The paintbrush is the main object in the image, and it is clearly visible. The bristles are also visible, indicating that they are not missing. Therefore, the answer to the first question is True. For the second question, since the bristles are visible, the answer is False. The image is of high quality, as it clearly shows the paintbrush and the paint palette, so the quality score is 1."}, {"ans": [true, false, 1.0], "reasoning": "The image clearly shows a watch with a strap. The watch face is visible and the strap is partially visible, extending from the watch body to the top right corner of the image. Therefore, for Question 1, the answer is True because the image is showing a watch. For Question 2, the answer is False because the strap is not missing; it is visible, although partially out of the frame. The quality of the image is rated 1 because it is clear and well-focused, showing the watch and its details without any significant issues."}, {"ans": [true, false, 1.0], "reasoning": "The image clearly shows a person with their mouth open, revealing their teeth and tongue. The presence of a mouth is evident, so the answer to the first question is True. The tongue is visible inside the mouth, so it is not missing or not visible, making the answer to the second question False. The image is clear and well-lit, showing the details of the mouth and the dental examination being performed, hence the quality is rated as 1."}, {"ans": [true, false, 0.9], "reasoning": "The image clearly shows a motorcycle, fulfilling the first question. The handlebars are visible, so they are not missing or not visible, answering the second question. The image is well-lit and clear, with a high level of detail, hence a high-quality score."}, {"ans": [true, false, 1.0], "reasoning": "The image clearly shows a vintage television set on a wooden cabinet. The television has a visible screen, although it is not displaying any content. The presence of the screen directly answers both questions: the main object is a television, and the screen is not missing or invisible."}, {"ans": [true, false, 1.0], "reasoning": "The image is showing a goat with horns. The goat is standing on a rocky outcrop, and its horns are clearly visible. Therefore, the answer to Question 1 is True. Since the horns are visible, the answer to Question 2 is False. The image is clear and well-defined, with no visible distortions or issues that would affect its quality. Hence, the quality rating is 1."}, {"ans": [true, false, 1.0], "reasoning": "The image is showing a red sneaker with white laces, so the main object is present. The laces are visible, so they are not missing or not visible. The image is clear and well-lit, so the quality is high."}, {"ans": [true, false, 1.0], "reasoning": "The image is a clear and sharp photograph of a green frog sitting on a lily pad. The frog is facing to the right, and its large, round eyes are clearly visible. The image is well-lit and in focus, showing the details of the frog's skin and the texture of the lily pad. Therefore, the answer to the first question is True because the image is showing a frog. The answer to the second question is False because the eyes are visible. The quality of the image is rated as 1 because it is a high-quality image with good lighting and focus."}, {"ans": [true, false, 1.0], "reasoning": "The image is showing a mug with a handle, so the main object is present. The handle is visible, so it is not missing. The image is clear and well-lit, and the mug is centered in the frame, so the quality is high."}, {"ans": [true, false, 0.9], "reasoning": "The image clearly shows a saxophone, which is the main object in question. The saxophone is depicted with its keys visible, indicating that the keys are not missing. The image is of high quality, with clear details of the instrument, although the background gradient could be considered slightly distracting. However, it does not affect the visibility of the saxophone or its keys."}, {"ans": [true, false, 1.0], "reasoning": "The image clearly shows a skateboard with wheels. The skateboard is positioned on a brick surface, and all four wheels are visible. The presence of wheels indicates that they are not missing. The image is well-lit and in focus, contributing to a high-quality score."}, {"ans": [true, false, 0.9], "reasoning": "The image shows a fedora hat on a stand. The hat has a visible brim, so it is not missing. The quality of the image is high, with clear details of the hat and stand, hence a score of 0.9."}, {"ans": [true, false, 1.0], "reasoning": "The image is showing a motorcycle helmet with a visor. The visor is clearly visible and not missing. The image is of high quality, with good lighting and focus on the helmet."}, {"ans": [true, true, 1.0], "reasoning": "The image shows a bedframe with a wooden structure and slats, but without a mattress. The bedframe is the main object in the image, and it is clearly visible. Therefore, the answer to Question 1 is True. The mattress is not present on the bedframe, so the answer to Question 2 is True. The image is of high quality, with clear details and no visible distortions, so the quality score is 1."}, {"ans": [true, false, 1.0], "reasoning": "The image depicts a clock tower with visible clock faces, so it is a clock tower and the clock face is not missing."}, {"ans": [true, false, 0.95], "reasoning": "The image clearly shows a pocket watch with a gold casing and a white face featuring Roman numerals. The watch is open, revealing its inner mechanical workings and the black hands are visible, indicating the time. The presence of the watch and its visible hands directly answers both questions. The image is of high quality, with clear details of the watch and its components, hence a quality rating of 0.95."}, {"ans": [true, false, 0.9], "reasoning": "The image is showing a red bicycle against a stone wall. The bicycle is clearly visible and appears to be in good condition. The pedals are visible and appear to be attached to the bicycle, so they are not missing. The image is well-lit and the bicycle is centered in the frame, making it easy to see all its components. The quality of the image is high, with clear details of the bicycle and its surroundings."}, {"ans": [true, false, 0.9], "reasoning": "The image is a portrait of a woman with visible eyes, so the answer to the first question is True. The eyes are clearly visible, so the answer to the second question is False. The quality of the image is high, with clear details and a realistic representation, so the quality score is 0.9."}, {"ans": [true, true, 0.9], "reasoning": "The image depicts a grand piano on a stage with spotlights shining down. The lid of the piano is open, but the interior is not clearly visible due to the angle and lighting. The presence of the grand piano is evident, answering the first question affirmatively. For the second question, the hammers inside the piano are not visible, so they are considered missing or not visible. The image quality is rated 0.9 because it clearly shows the grand piano, and the lack of visibility of the hammers is not penalized as per the instructions."}, {"ans": [true, true, 1.0], "reasoning": "The image depicts a sailing ship with three masts, characteristic of historical sailing vessels, floating on the water. The ship is shown without sails, indicating that the sails are missing or not visible. The image is clear and well-defined, showing the details of the ship and its surroundings. Therefore, the answer to the first question is True because the image is showing a sailing ship. The answer to the second question is also True because the sails are not visible on the ship. The quality of the image is rated as 1.0 because it is clear and detailed, with no visible distortions or issues that would detract from its quality."}, {"ans": [true, false, 0.9], "reasoning": "The image depicts a large tree with a wide canopy and visible leaves, set against a backdrop of a grassy field and other trees. The tree's trunk is thick and gnarled, with branches that spread out in all directions. The leaves are green and appear to be healthy. The overall atmosphere suggests a serene and natural setting.\n\nFor Question 1, the image does show an oak tree, as indicated by its characteristic broad canopy and lobed leaves, so the answer is True.\n\nFor Question 2, the leaves are clearly visible on the tree, so the answer is False.\n\nThe quality of the image is rated 0.9 because it is clear and well-lit, with good detail visible in the tree's bark and leaves. The only reason it is not rated 1 is due to the slightly artificial lighting and lack of subtle texture in the grass."}, {"ans": [true, false, 1.0], "reasoning": "The image shows a stone cottage with a brown door and multiple windows. The presence of the cottage is clear, so the answer to the first question is true. The door is visible on the front of the cottage, so it is not missing or invisible, making the answer to the second question false. The image is clear and well-defined, showing all the necessary details of the cottage, hence the quality is rated as 1."}, {"ans": [true, false, 0.9], "reasoning": "The image shows a white passenger jet on a runway. The jet is facing the camera, and its wings are visible on both sides. The presence of the wings indicates that they are not missing. The image is clear and well-lit, showing the details of the aircraft, hence the high-quality score."}, {"ans": [true, true, 1.0], "reasoning": "The image is showing a wristwatch with a white face and brown leather strap. The watch face has hour markers in the form of lines instead of numbers. Therefore, for Question 1, the image is showing a wristwatch, so the answer is True. For Question 2, the numbers are not visible on the wristwatch face because there are no numbers; instead, there are lines marking the hours. Thus, the answer is True. The quality of the image is rated as 1 because the key elements are clearly visible, and the image is well-lit and sharp."}, {"ans": [true, true, 1.0], "reasoning": "The image is showing a pizza. The pizza appears to be a tomato and basil pizza, and there is no visible cheese on top. Therefore, the answer to the first question is True because the image is showing a pizza. The answer to the second question is also True because the cheese is not visible on the pizza. The quality of the image is rated as 1 because it is clear and well-lit, and there are no visible defects or distractions."}, {"ans": [true, false, 0.9], "reasoning": "The image clearly shows traffic signals above the road, indicating that the main object (traffic signals) is present. The lights on the traffic signals are visible and not missing. The quality of the image is high, with clear details of the traffic signals and the surrounding environment. The slight glare from the sun does not significantly impact the visibility of the key elements."}, {"ans": [true, false, 1.0], "reasoning": "The image shows a skateboard with a rainbow-colored deck and yellow wheels. The skateboard is positioned on a concrete surface, with its trucks and wheels visible. The presence of the wheels indicates that they are not missing. The image is clear and well-lit, allowing for a detailed view of the skateboard. Therefore, the answer to Question 1 is True, as the image does show a skateboard. The answer to Question 2 is False, as the wheels are visible and not missing. The quality of the image is rated 1, as it is clear and well-composed."}, {"ans": [true, true, 0.9], "reasoning": "The image depicts a chessboard with pieces on it, but all the pieces appear to be the same color, suggesting that the black pieces are either missing or not visible. The chessboard is clearly visible and is set up on a table with a red cloth. The quality of the image is high, with clear details of the chessboard and pieces, hence a quality score of 0.9. The absence of black pieces is not considered for the quality score as per the instructions."}, {"ans": [true, true, 1.0], "reasoning": "The image is showing a red Ferrari sports car. The brakes are not visible as the wheels are facing outward and the brake components are not visible from the side view. Therefore, the brakes are considered not visible. The image is of high quality as it clearly shows the sports car."}, {"ans": [true, true, 1.0], "reasoning": "The image is showing an open book on a wooden table, with the pages visible and blank. The book is the main object in the image, and it is clearly visible. The text is missing or not visible from the book, as the pages are blank. The image is of high quality, with clear details and no distractions. The presence of other books in the background on a bookshelf adds context to the scene but does not affect the quality of the main image."}, {"ans": [true, false, 1.0], "reasoning": "The image is showing a computer tower with its side panel removed, revealing the internal components. The computer tower is the main object in the image, so the answer to the first question is True. The fans are visible on the side panel and inside the tower, so the answer to the second question is False. The image is clear and well-lit, showing all the necessary details, so the quality is rated as 1."}, {"ans": [true, false, 1.0], "reasoning": "The image is showing a scarecrow with arms, so the answer to the first question is True. The arms are visible, so the answer to the second question is False. The image is clear and well-lit, and it shows the scarecrow and its surroundings in detail, so the quality is rated as 1."}, {"ans": [true, true, 0.9], "reasoning": "The image depicts a man in armor, which is consistent with the representation of a knight. The presence of a belt and the overall attire suggests that the knight could be armed, but there is no visible sword. Therefore, for Question 1, the answer is True because the image is showing a knight. For Question 2, the answer is True because the sword is not visible. The quality of the image is rated 0.9 due to its high level of detail and clarity, despite the absence of a visible sword."}, {"ans": [true, false, 1.0], "reasoning": "The image clearly shows a teapot with a handle, spout, and lid, which are typical characteristics of a teapot. The teapot is placed on a bamboo mat on a table. The handle is visible on the right side of the teapot, indicating that it is not missing. Therefore, the answer to Question 1 is True because the image is showing a teapot. The answer to Question 2 is False because the handle is visible. The quality of the image is rated as 1 because it is clear and well-lit, allowing for easy identification of the teapot and its features."}, {"ans": [true, false, 1.0], "reasoning": "The image clearly shows a basketball hoop with a net. The presence of the hoop and the net is evident, and the net is visible and not missing. The quality of the image is high, with clear details of the basketball hoop, the net, and the basketball going through it. The background is a clear blue sky, which adds to the overall clarity of the image. Therefore, the answer to the first question is True because the image is showing a basketball hoop. The answer to the second question is False because the net is not missing; it is visible and attached to the hoop. The quality score is 1.0 because the image is clear and well-lit, with no visible distortions or obstructions that would detract from its quality."}, {"ans": [true, false, 0.9], "reasoning": "The image is showing a dining table setting with plates, cutlery, and glasses. The main object, the dining table, is present. The glasses are visible on the table, so they are not missing or invisible. The quality of the image is high, with clear details of the table setting, so the score is 0.9."}, {"ans": [true, true, 0.9], "reasoning": "The image clearly shows a vintage typewriter on a wooden table, with papers around it. The typewriter is the main focus and is visible in detail. Upon closer inspection, it is evident that the ribbon is not visible, suggesting it is either missing or not visible. The image quality is good, with clear details of the typewriter and its surroundings. The absence of the ribbon does not detract from the overall quality of the image as per the given instructions."}, {"ans": [true, true, 1.0], "reasoning": "The image shows a winter jacket hanging on a coat rack. The jacket is a puffer coat with a fur-lined hood, which is characteristic of winter jackets. It is fastened with buttons down the front, and there is no visible zipper. The presence of the jacket confirms the first question, so the answer is True. For the second question, since there is no zipper visible on the jacket, the answer is True. The image is clear and well-lit, showing the jacket in detail, so the quality is rated as 1."}, {"ans": [true, false, 0.9], "reasoning": "The image clearly depicts a sunflower with its characteristic large yellow petals and a prominent center. The seeds are visible in the center of the sunflower, arranged in a spiral pattern. Therefore, for Question 1, the answer is True because the image is showing a sunflower. For Question 2, the answer is False because the seeds are visible, not missing or invisible. The quality of the image is rated 0.9, as it is clear and well-lit, with no visible distortions or obstructions that would detract from its quality."}, {"ans": [true, false, 0.9], "reasoning": "The image clearly depicts an elephant standing on a dirt road in a savannah. The elephant is facing the camera, and its trunk is visible and hanging down between its tusks. Therefore, the answer to Question 1 is True because the image is showing an elephant. The answer to Question 2 is False because the trunk is not missing; it is visible. The quality of the image is rated 0.9, indicating a high-quality image with clear details of the elephant and its surroundings. The slight deduction from 1 is due to minor factors such as slight haze in the background, but this does not affect the visibility of the key elements."}, {"ans": [true, true, 0.9], "reasoning": "The image depicts a rowboat floating on a serene lake, with its bow facing the camera. The boat is made of wood and has a white stripe along its side. The interior of the boat is visible, showing the wooden slats and seats. There are no oars visible in the image. The background features a lush forest and a clear sky. The overall atmosphere is peaceful and idyllic. To determine the answers, we first examine if the main object is a rowboat. The image clearly shows a rowboat, so the answer to the first question is True. For the second question, we check if the oars are missing or not visible. Since there are no oars visible in the image, the answer is True. The quality of the image is rated 0.9 because it is clear and well-composed, with good lighting and focus. The absence of oars does not affect the quality score as per the instructions."}, {"ans": [true, false, 1.0], "reasoning": "The image clearly shows a snowman in the foreground, wearing a hat and scarf, with a face made of coal or similar material and a carrot nose. The snowman is standing in a snowy yard with a house and trees in the background. The presence of the snowman directly answers the first question. For the second question, the snowman appears to have buttons, as indicated by the black dots on its middle snowball section, so the buttons are not missing or invisible. The image is clear and well-defined, showing all relevant details without any significant issues, hence the quality rating is 1."}, {"ans": [true, false, 1.0], "reasoning": "The image shows a fountain pen placed on a notebook. The pen is clearly visible, and its transparent ink reservoir allows the ink to be seen. The presence of ink in the reservoir is evident, indicating that the pen is not empty. Therefore, the answer to the first question is True because the image is showing a fountain pen. The answer to the second question is False because the ink is visible in the pen's reservoir. The quality of the image is rated 1.0 because it is clear and well-lit, with no visible distortions or obstructions that would affect the visibility of the pen or its ink."}, {"ans": [true, false, 0.9], "reasoning": "The image shows a paintbrush with visible bristles, next to a palette with various colors of paint. The paintbrush is the main object in the image and is clearly visible. The bristles are also visible, indicating that they are not missing. Therefore, the answer to Question 1 is True. For Question 2, since the bristles are visible, the answer is False. The quality of the image is rated 0.9 because it is clear and well-lit, with no visible distortions or obstructions."}, {"ans": [true, true, 1.0], "reasoning": "The image clearly shows a pair of eyeglasses with round lenses and a gold frame, lying on top of a piece of paper with text. The temples of the eyeglasses are not visible, as they are folded inwards and not extended. Therefore, the answer to Question 1 is True because the image is showing eyeglasses. The answer to Question 2 is True because the temples are not visible. The quality of the image is rated as 1.0 because it is clear and well-lit, with no visible distortions or obstructions that would affect the visibility of the main object, the eyeglasses."}, {"ans": [true, false, 0.9], "reasoning": "The image clearly shows a person holding an umbrella on a rainy day. The umbrella is visible and appears to be intact, with no obvious signs of damage or missing parts. The ribs of the umbrella are visible, indicating that they are not missing. The image is of high quality, with clear details of the scene, although the brightness in the background might slightly affect the visibility of some details. However, it does not impact the visibility of the umbrella or its ribs."}, {"ans": [true, false, 0.9], "reasoning": "The image is showing a wristwatch with a visible face and hour markers. The watch is displayed on a stand under a glass dome. The hour markers are visible on the outer rim of the watch face, indicating that they are not missing. The quality of the image is high, with clear details of the watch's mechanism and features."}, {"ans": [true, false, 0.9], "reasoning": "The image clearly shows a camping tent in a grassy field. The tent is partially set up, with its fabric visible and ropes extended to stakes in the ground. The poles are present and visible, holding up the tent's structure. Therefore, for Question 1, the answer is True because the image is showing a camping tent. For Question 2, the answer is False because the poles are not missing; they are visible and appear to be supporting the tent. The quality of the image is rated 0.9 because it is clear and well-lit, with no visible distortions or obstructions that would hinder the view of the tent or its components."}, {"ans": [true, false, 0.95], "reasoning": "The image depicts a traditional cuckoo clock with intricate carvings and a clock face, indicating that it is indeed a cuckoo clock. The weights are visible as pinecones hanging from the bottom of the clock. Therefore, the answer to Question 1 is True. Since the weights are visible, the answer to Question 2 is False. The image is clear and well-defined, showing all the details of the clock, hence the quality is rated as 0.95."}, {"ans": [true, true, 0.8], "reasoning": "The image shows a smartphone with its screen facing upwards. The phone is positioned at an angle, with the top pointing towards the upper right corner of the image. The screen is on, displaying a white background with black stripes. The phone's frame is black, and it appears to be hovering above a surface. The background is divided into two sections: the left side is light gray, while the right side is dark blue. Shadows are cast across the left side of the image. For question 1, the image is showing a smartphone, so the answer is True. For question 2, the speaker grille is not visible from the current angle, so the answer is True. The quality of the image is rated 0.8 because it is clear and well-lit, with no visible distortions or artifacts."}, {"ans": [true, true, 1.0], "reasoning": "The image clearly shows a motorcycle centered on a road, facing forward. The motorcycle is the main object and is visible in detail, including its handlebars, headlight, and front wheel. There is no visible speedometer on the motorcycle, and it is not obscured; it is simply not present in the view provided. The image is well-lit and in focus, contributing to a high-quality rating."}, {"ans": [true, true, 0.8], "reasoning": "The image shows a violin bow, which is the main object in question. The bow is lying on a red velvet surface, and its structure is visible, including the stick and the metal parts at both ends. However, the hair of the bow is not visible, indicating that it is either missing or not visible. The quality of the image is rated 0.8 because it is clear and well-lit, showing the details of the bow and the background. The absence of the hair does not affect the quality rating as per the instructions."}, {"ans": [true, true, 1.0], "reasoning": "The image clearly depicts a birdcage hanging from a porch ceiling. The birdcage is made of gold-colored metal bars and has a dome-shaped top. There is no visible perch inside the cage. The image is well-lit and in focus, indicating a high-quality image."}, {"ans": [true, false, 1.0], "reasoning": "The image is showing a statue of a woman in a classical style, with a head and detailed features. The statue is clearly visible and appears to be in good condition, with no apparent damage or missing parts. The head is present and visible, so the answer to the second question is False. The image quality is high, as it is clear and well-defined, so the quality score is 1."}, {"ans": [true, false, 1.0], "reasoning": "The image is showing a teddy bear with a nose, so the answer to Question 1 is True. The nose is visible on the teddy bear's face, so the answer to Question 2 is False. The image is clear and well-lit, showing the teddy bear in detail, so the quality is rated as 1."}, {"ans": [true, false, 1.0], "reasoning": "The image clearly shows a pair of sneakers, which are high-top Converse-style shoes with white laces. The laces are visible and appear to be properly tied. The image is well-lit and in focus, showing the sneakers from the front. The quality of the image is high, with clear details of the shoes and their surroundings."}, {"ans": [true, false, 1.0], "reasoning": "The image clearly shows a refrigerator with its doors open, revealing the interior. The refrigerator is the main object in the image, and it is visible in its entirety. The door shelves are present and visible on the inside of the doors. Therefore, the answer to the first question is True. Since the door shelves are visible, the answer to the second question is False. The image is of high quality, with clear details and proper lighting, so the quality score is 1."}, {"ans": [true, false, 0.9], "reasoning": "The image depicts a group of people gathered around a campfire in a forest. The campfire is the central focus, with flames clearly visible. The presence of the campfire and the people around it indicates that the image is showing a campfire. The flames are not missing or invisible; they are prominent and bright. The quality of the image is high, with clear details of the scene, although the exact quality score is subjective. The image effectively captures the ambiance of a gathering around a campfire, with good lighting and composition."}, {"ans": [true, false, 1.0], "reasoning": "The image shows a drinking fountain with water flowing from it, indicating that it is present and visible. The main object, the drinking fountain, is clearly visible, so the answer to the first question is True. Since the water is flowing and visible, the answer to the second question is False. The image is clear and well-lit, with no visible distortions or issues, so the quality is rated as 1.0."}, {"ans": [true, true, 1.0], "reasoning": "The image shows a revolver with a visible trigger and hammer, but the trigger guard is not visible around the trigger. The presence of the revolver is clear, answering the first question as true. For the second question, the trigger guard appears to be missing or not visible, as there is no visible structure around the trigger, making the answer true. The image is clear and well-lit, showing the revolver in detail, so the quality is rated as 1."}, {"ans": [true, false, 0.9], "reasoning": "The image is a detailed illustration of a compass rose, which is clearly visible in the center. The compass rose has multiple rings and ornate decorations around it. A north arrow is present and visible, indicating the direction. The image quality is high, with clear details throughout, though there are some signs of aging or wear around the edges."}, {"ans": [true, false, 1.0], "reasoning": "The image depicts a futuristic cityscape with multiple tall buildings, which can be classified as skyscrapers. The skyscrapers are visible and appear to be the main focus of the image, so the answer to the first question is True. Upon closer inspection, it is evident that many of the skyscrapers have windows, which are visible as a series of rectangular openings on their facades. Therefore, the answer to the second question is False, as the windows are not missing or invisible. The image is clear and well-defined, with no visible distortions or issues that would affect its quality. Hence, the quality rating is 1."}, {"ans": [true, true, 0.9], "reasoning": "The image shows a man in a tuxedo standing on a podium, waving to an audience. He is likely a conductor, as there are musicians in the background playing instruments. The conductor's right hand is raised in a wave, while his left hand is resting on the podium. There is no visible baton in either of his hands."}, {"ans": [true, true, 1.0], "reasoning": "The image depicts a soccer field with two white posts standing upright, indicating the presence of a soccer goal. The crossbar is not visible, suggesting it is either missing or not visible from the given perspective. The image is clear and well-lit, with no apparent issues affecting its quality."}, {"ans": [true, false, 1.0], "reasoning": "The image is showing a microscope. The microscope has lenses attached to it, which are visible and not missing. The quality of the image is high as it clearly shows the microscope and its components."}]