[{"ans": [true, true, 1.0], "reasoning": "The image is showing a sailboat. The sail is furled and covered, making it not visible. Therefore, the sails are considered missing or not visible. The image quality is high as it clearly shows the sailboat and its details."}, {"ans": [true, true, 0.9], "reasoning": "The image shows a bicycle leaning against a brick wall. The bicycle is red and has a classic design. The chain of the bicycle is not visible, likely because it is hidden by the chain guard. However, the presence of the chain guard suggests that the chain is present but not visible. For Question 1, the image is showing a bicycle, so the answer is True. For Question 2, the chain is not visible due to the chain guard, so the answer is True. The quality of the image is rated 0.9 because it is clear and well-lit, with no significant obstructions or distractions."}, {"ans": [true, false, 1.0], "reasoning": "The image clearly shows a cat, so the answer to the first question is True. The whiskers are visible on the cat's face, so the answer to the second question is False. The image is of high quality, with the cat and its features clearly visible, so the quality score is 1."}, {"ans": [true, true, 1.0], "reasoning": "The image depicts a large stone structure with towers and battlements, characteristic of a castle. The presence of the castle is evident, fulfilling the first question's condition. For the second question, the gates appear to be missing or not visible as there is a large opening in the wall with no visible gates, and the entrance is instead represented by a surreal, large mouth-like structure. The image is clear and well-lit, showing the details of the castle and its surroundings, hence the quality rating is 1."}, {"ans": [true, false, 0.9], "reasoning": "The image clearly depicts a hot-air balloon with a visible basket. The main object, a hot-air balloon, is present, so the answer to the first question is True. The basket is also visible, attached to the balloon, so the answer to the second question is False. The image is of high quality, with clear details of the balloon and its surroundings, so the quality score is 0.9."}, {"ans": [true, false, 0.9], "reasoning": "The image clearly shows a turtle with a visible shell. The turtle is centered in the image, and its shell is prominent. Therefore, the answer to the first question is True. The shell is visible, so the answer to the second question is False. The image is clear and well-lit, with the turtle as the main subject, hence the quality score is 0.9."}, {"ans": [true, false, 0.9], "reasoning": "The image clearly shows a train at a station, so the answer to the first question is True. The wheels of the train are visible, so the answer to the second question is False. The image is well-lit and in focus, with a clear view of the train and its details, so the quality is rated 0.9."}, {"ans": [true, false, 1.0], "reasoning": "The image clearly shows a pair of eyeglasses with lenses. The lenses are visible and not missing, so the answer to the first question is True. For the second question, since the lenses are present and visible, the answer is False. The image is of high quality as it is clear and well-lit, and the presence of lenses does not affect the quality score as per the instructions."}, {"ans": [true, false, 0.9], "reasoning": "The image shows two fountain pens, one with the nib visible and the other with the cap on. The main object, a fountain pen, is present in the image. The nib of one pen is clearly visible, so it is not missing or invisible. The quality of the image is high, with clear details of the pens and the surrounding objects. However, the image is not perfect, as it appears to be a digital rendering rather than a photograph, which slightly reduces its quality score."}, {"ans": [true, false, 1.0], "reasoning": "The image shows an umbrella, which is the main object. The umbrella has a canopy, although it is clear and partially collapsed. The presence of the canopy means it is not missing or invisible. The image is clear and well-lit, indicating good quality."}, {"ans": [true, false, 1.0], "reasoning": "The image shows a large white airplane on a runway, with a cloudy sky in the background. The airplane is clearly visible and has wings, which are a key feature of an airplane. Therefore, the answer to Question 1 is True. Since the wings are visible, the answer to Question 2 is False. The image is clear and well-lit, with no visible distortions or obstructions, so the quality is rated as 1.0."}, {"ans": [true, false, 0.9], "reasoning": "The image is showing a desk lamp with a bulb. The lamp is positioned above an open book on a table, and the bulb is visible inside the lampshade. The image is clear and well-lit, with good resolution. The quality of the image is high, with a score of 0.9 out of 1. The presence of the bulb is evident, so the answer to the second question is False."}, {"ans": [true, false, 1.0], "reasoning": "The image clearly shows an electric guitar with a visible neck, answering the first question as true. The neck is present and visible, so the second question is answered as false. The image is of high quality, well-lit, and clearly displays the guitar and its features, hence the quality score is 1."}, {"ans": [true, false, 0.9], "reasoning": "The image depicts a fish, which is the main object. The fish has fins, which are clearly visible. The quality of the image is high, with clear details of the fish and its surroundings. The presence of fins is evident, so they are not missing or invisible."}, {"ans": [true, false, 0.9], "reasoning": "The image depicts a small brick cottage with a gable roof, situated in a field of tall grass and wildflowers. The cottage has a green door and several windows, and there is a large tree behind it. A wooden structure is visible above the roof. For Question 1, the image clearly shows a cottage, so the answer is True. For Question 2, the roof is visible and not missing, so the answer is False. The quality of the image is rated 0.9 because it is clear and well-lit, with no significant issues affecting the visibility of the main elements."}, {"ans": [true, true, 0.8], "reasoning": "The image is showing a car, specifically a vintage convertible with its hood open. The windshield is not visible, as the focus is on the interior and the front of the car. Therefore, for Question 1, the answer is True because the image is showing a car. For Question 2, the answer is True because the windshield is not visible. The quality of the image is rated 0.8 because it is clear and well-lit, showing the details of the car's interior and exterior."}, {"ans": [true, false, 0.9], "reasoning": "The image shows a keyboard, which is the main object in question. The keyboard is fully visible and appears to be a custom or specialty keyboard due to its transparent casing and illuminated keys. The spacebar is present and visible on the keyboard. The quality of the image is high, with clear details of the keyboard and its components. The image is well-lit, and the colors are vibrant, contributing to its high quality."}, {"ans": [true, false, 1.0], "reasoning": "The image clearly depicts an owl perched on a tree branch under a full moon, with detailed feathers visible across its body. The presence of the owl is evident, fulfilling the first question's condition. For the second question, the feathers are not missing or invisible; they are detailed and clearly visible, indicating that the condition of having feathers is met. Therefore, the answer to the first question is True because an owl is shown, and the answer to the second question is False because the feathers are not missing or invisible. The quality of the image is rated 1.0 because it is clear and detailed, with no apparent issues that would detract from its quality."}, {"ans": [true, false, 0.95], "reasoning": "The image depicts a leather-bound book lying open on a wooden table. The pages are visible and appear to be made of a yellowed, aged paper. The cover is made of brown leather with visible stitching and wear. The book is positioned in the center of the image, with the spine facing the bottom-right corner. The background features a bookshelf filled with other books, suggesting a library or study setting. The overall atmosphere is one of nostalgia and learning."}, {"ans": [true, false, 1.0], "reasoning": "The image clearly shows a lighthouse, which is the main object in the image. The lighthouse has a lamp visible at the top, enclosed in a glass lantern room with a railing around it. Therefore, the lamp is not missing or invisible. The image is of high quality, capturing the details of the lighthouse and its surroundings."}, {"ans": [true, false, 1.0], "reasoning": "The image is showing an armchair with visible legs. The chair is placed on a rug in a room with a door and a picture on the wall. The legs of the chair are clearly visible, indicating that they are not missing."}, {"ans": [true, true, 0.9], "reasoning": "The image shows a deer standing in a forest, facing the camera. The deer appears to be a female or a young male as there are no visible antlers. The image is clear and well-lit, with the deer as the main subject. The quality of the image is high, with a score of 0.9 out of 1. The antlers are not visible, so the answer to the second question is true."}, {"ans": [true, false, 1.0], "reasoning": "The image shows an envelope, which is the main object. The flap is present and visible, as indicated by the crease lines on the envelope. Therefore, the answer to Question 1 is True. Since the flap is visible, the answer to Question 2 is False. The image is clear and well-lit, with no visible distortions or obstructions, so the quality is rated as 1."}, {"ans": [true, true, 1.0], "reasoning": "The image is showing a wall clock, which is the main object in question. The clock face is white with black hands, but there are no numbers visible on the clock face. Therefore, the answer to the first question is True because the image is showing a wall clock. The answer to the second question is also True because the numbers are not visible on the clock face. The quality of the image is rated as 1.0 because it is clear and well-lit, and there are no issues with the visibility of the main object (the wall clock)."}, {"ans": [true, false, 0.9], "reasoning": "The image clearly depicts a person wearing a space suit, which is partially submerged in a swimming pool. The space suit is fully visible and includes a helmet with a reflective visor. The presence of the helmet is evident, and it is not missing or invisible. Therefore, the answer to the first question is True because the image is showing a space suit with a helmet. The answer to the second question is False because the helmet is present and visible. The quality of the image is rated 0.9, as it is clear and well-lit, with no significant issues affecting the visibility of the main subject."}, {"ans": [true, false, 0.9], "reasoning": "The image clearly depicts a windmill with visible blades, standing in a field of wheat. The presence of the windmill and its blades directly answers both questions. For Question 1, the image shows a windmill, so the answer is True. For Question 2, since the blades are visible, the answer is False. The image quality is rated 0.9 because it is clear and well-lit, with no significant obstructions or issues affecting the visibility of the main subject, the windmill."}, {"ans": [true, true, 1.0], "reasoning": "The image clearly shows a large tree with bare branches, indicating that it is either without leaves or the leaves are not visible. The main object in the image is a tree, so the answer to the first question is True. The leaves are not visible on the tree, so the answer to the second question is True. The image is well-lit and in focus, with a clear view of the tree and its surroundings, so the quality is rated as 1."}, {"ans": [true, false, 0.9], "reasoning": "The image clearly shows a yellow school bus, which is a type of bus. The bus is parked in a lot, and its side is visible, showing the seats inside and the exterior condition. The doors are visible and appear to be closed, not missing or invisible. The image is well-lit and in focus, with clear details of the bus's condition and features. The quality of the image is high, with a score of 0.9, as it is clear and well-defined."}, {"ans": [true, false, 1.0], "reasoning": "The image shows a laptop on a table. The laptop is open and facing the camera, with its screen visible. The screen is blank and white, displaying the Apple logo in the center. The laptop's keyboard and ports are also visible. Since the laptop is the main object and it is present in the image, the answer to the first question is True. The screen is visible, so the answer to the second question is False. The image is clear and well-lit, and there are no visible distortions or issues that would affect its quality. Therefore, the quality of the image is rated as 1."}, {"ans": [true, true, 0.9], "reasoning": "The image shows a trumpet without a mouthpiece. The main object in the image is a trumpet, which is clearly visible. The mouthpiece is not attached to the trumpet, indicating it is either missing or not visible. The image quality is high, with clear details of the trumpet and its components."}, {"ans": [true, false, 1.0], "reasoning": "The image is showing a robot with a head, so the answer to the first question is True. The head is visible, so the answer to the second question is False. The image is clear and well-lit, and the robot is centered in the frame, so the quality is rated as 1."}, {"ans": [true, true, 1.0], "reasoning": "The image shows a candle on a silver platter. The candle is cylindrical and white, but there is no visible wick on top. For Question 1, the main object is indeed a candle, so the answer is True. For Question 2, the wick is not visible, so the answer is True. The image quality is rated as 1 because the key elements are clearly visible and the image is well-lit and sharp."}, {"ans": [true, false, 0.95], "reasoning": "The image shows a pizza with visible cheese, tomato sauce, basil leaves, and other toppings. The crust is lightly charred, and the pizza is cut into slices. The presence of cheese is evident, so the answer to the second question is False. The image is clear and well-lit, with a quality score of 0.95."}, {"ans": [true, true, 0.9], "reasoning": "The image is showing a DSLR camera body without a lens, as evidenced by the visible internal mechanisms of the camera mount. The lens is not attached to the camera, and there is no lens visible in the image. The camera body is clearly visible and appears to be in good condition. The image is well-lit and in focus, indicating a high-quality image."}, {"ans": [true, true, 0.9], "reasoning": "The image shows a grand piano on a stage in an auditorium. The piano is open, and its keys are not visible, indicating they are either missing or not visible due to the angle or obstruction. The image is clear and well-lit, showing the piano and the auditorium in detail."}, {"ans": [true, true, 1.0], "reasoning": "The image shows a paintbrush with a wooden handle and metal ferrule, but the bristles are not visible as they are likely covered in paint and resting on the palette. The presence of the paintbrush is clear, so the answer to the first question is True. The bristles are not visible, so the answer to the second question is True. The image is of high quality, clearly showing the details of the paintbrush and palette, so the quality score is 1."}, {"ans": [true, false, 0.9], "reasoning": "The image clearly shows a watch with a visible strap, thus answering the first question as true. For the second question, since the strap is visible, it is not missing or not visible, so the answer is false. The quality of the image is rated 0.9 because it is clear and well-lit, with no apparent issues that would detract from the visibility of the watch or its strap."}, {"ans": [true, true, 0.9], "reasoning": "The image clearly shows a man in a dentist's chair with his mouth open, indicating that the main object (mouth) is present. Therefore, the answer to Question 1 is True. Upon closer inspection, it is evident that the man's tongue is not visible within his open mouth, making the tongue 'missing or not visible.' Hence, the answer to Question 2 is also True. The image quality is rated 0.9 because it is clear and well-lit, with the key elements (the man's face and the dental equipment) clearly visible. The absence of the tongue does not negatively impact the quality score as per the instructions."}, {"ans": [true, false, 0.9], "reasoning": "The image clearly shows a motorcycle in the center, with its main features visible despite the dramatic lighting effects around it. The handlebars are present and visible, attached to the front of the motorcycle. The overall quality of the image is high, with clear details of the motorcycle and its surroundings, although the lighting effects might be considered overly dramatic or edited."}, {"ans": [true, false, 0.9], "reasoning": "The image clearly shows a vintage television set with a visible screen displaying static. The television is placed on a wooden cabinet with its lower panel open, revealing the internal components. The screen is present and visible, although it is showing static. Therefore, the answer to the first question is True. For the second question, since the screen is visible, the answer is False. The quality of the image is rated 0.9 because it is clear and well-lit, with no significant issues affecting the visibility of the main object or its key elements."}, {"ans": [true, false, 0.9], "reasoning": "The image clearly shows a goat with horns standing on a rocky outcrop. The goat is white and fluffy, with visible horns on its head. The background is blurred but appears to be a rocky landscape. The image is well-lit and in focus, indicating good quality. The presence of horns is clearly visible, so they are not missing or invisible."}, {"ans": [true, false, 0.9], "reasoning": "The image clearly shows a red sneaker with white soles and laces, sitting on a bench in front of lockers. The sneaker is the main object in the image, and it is clearly visible. The laces are also visible, threaded through the eyelets and tied. Therefore, the answer to Question 1 is True. The laces are not missing or invisible, so the answer to Question 2 is False. The image is well-lit and in focus, with good color and detail, so the quality score is 0.9."}, {"ans": [true, false, 1.0], "reasoning": "The image clearly shows a green frog sitting on a lily pad, with its body and eyes visible. The frog is centered in the image, and its features are well-defined. The eyes are clearly visible, indicating that they are not missing or invisible. Therefore, the answer to the first question is True, and the answer to the second question is False. The quality of the image is high, as it is clear and well-focused, so the quality score is 1.0."}, {"ans": [true, false, 1.0], "reasoning": "The image is showing a mug with a handle, so the answer to the first question is True. The handle is visible, so the answer to the second question is False. The image is clear and well-lit, and the mug is centered in the frame, so the quality is rated as 1.0."}, {"ans": [true, false, 1.0], "reasoning": "The image clearly shows a saxophone, so the answer to the first question is True. The keys of the saxophone are visible, so the answer to the second question is False. The image is clear and well-lit, showing the saxophone and its keys in detail, so the quality is rated as 1."}, {"ans": [true, false, 1.0], "reasoning": "The image clearly shows a skateboard with its deck, trucks, and wheels visible. The skateboard is positioned on a brick surface, and the wheels are clearly visible and not missing. Therefore, the answer to the first question is True because the image is showing a skateboard. The answer to the second question is False because the wheels are not missing or invisible; they are clearly visible in the image. The quality of the image is rated 1 because it is clear and well-lit, allowing for easy identification of the skateboard and its components."}, {"ans": [true, false, 1.0], "reasoning": "The image shows a black fedora hat with a visible brim on a wooden stand. The hat is centered and clearly visible against a plain background. The brim of the hat is present and not missing or invisible. The image is of high quality, with clear details of the hat and the stand."}, {"ans": [true, false, 0.9], "reasoning": "The image clearly shows a motorcycle helmet on a workbench, surrounded by various tools. The helmet has a visor that is intact and visible, indicating that the visor is not missing. The image is well-lit and in focus, contributing to a high-quality score. The presence of the visor answers the second question, confirming it is not missing or invisible."}, {"ans": [true, true, 0.9], "reasoning": "The image is showing a bedframe, which is the main object. The mattress is not visible, so it is considered missing. The image quality is high, with clear details of the bedframe and its surroundings."}, {"ans": [true, false, 1.0], "reasoning": "The image is showing a clock tower with a visible clock face. The clock tower is the main object in the image, and it is clearly visible. The clock face is also visible, so it is not missing or not visible. The image is of high quality, with clear details and good lighting."}, {"ans": [true, false, 0.9], "reasoning": "The image is showing a pocket watch with a visible face and hands. The hands are clearly visible on the watch face, so they are not missing or invisible. The image is of high quality, with clear details of the pocket watch and its intricate mechanisms. The only reason the quality is not 1 is due to the slight reflection on the fabric background."}, {"ans": [true, true, 0.9], "reasoning": "The image clearly shows a bicycle leaning against a stone wall. The bicycle is a road bike with a red frame and is missing its pedals, as they are not visible in the image. The quality of the image is high, with clear details of the bicycle and its surroundings. The absence of pedals does not affect the quality score as per the instructions."}, {"ans": [true, false, 1.0], "reasoning": "The image shows a portrait of a woman on the wall in a museum setting. The portrait is clearly visible and depicts a woman with her eyes clearly visible. Therefore, the answer to the first question is True because the image is showing a portrait of a woman. The answer to the second question is False because the eyes are not missing or not visible from the portrait of the woman; they are clearly visible. The quality of the image is rated 1.0 because it is clear and well-lit, and the key elements (the portrait and the woman's eyes) are easily discernible."}, {"ans": [true, false, 1.0], "reasoning": "The image clearly shows a grand piano on a stage with its lid open, revealing the internal mechanisms including the hammers. The presence of the hammers is visible as they are part of the internal structure that is exposed when the lid is open. Therefore, for Question 1, the answer is True because the image is showing a grand piano. For Question 2, the answer is False because the hammers are visible inside the piano. The quality of the image is rated as 1 because it is clear and well-lit, with the grand piano being the central focus."}, {"ans": [true, true, 0.9], "reasoning": "The image depicts a sailing ship with three masts and no visible sails. The ship is floating on calm water, and the background shows a clear blue sky with a few clouds on the horizon. The image is of high quality, with clear details of the ship's structure and the surrounding environment. The sails are not visible, which directly answers the second question. Therefore, the answers are: 1. True (the image is showing a sailing ship), 2. True (the sails are not visible), and the quality rating is 0.9."}, {"ans": [true, false, 0.9], "reasoning": "The image depicts a large tree with sprawling branches, which is identifiable as an oak tree due to its characteristic shape and structure. The tree has leaves, though they are not densely packed, indicating it is likely an oak tree, possibly during a seasonal transition. Therefore, the answer to Question 1 is True. For Question 2, the leaves are visible on the tree, although they are sparse, so the answer is False. The image quality is rated 0.9 because it is clear and well-lit, capturing the details of the tree and its surroundings effectively."}, {"ans": [true, false, 0.9], "reasoning": "The image depicts a charming stone cottage with a sloping roof and a chimney, surrounded by trees and lush greenery. The front of the cottage is partially covered in vines, but the door is visible and appears to be intact. The image is well-rendered and detailed, with a clear focus on the cottage. The quality of the image is high, with clear details and a good color palette. The door is present and visible, so the answer to the second question is False."}, {"ans": [true, false, 1.0], "reasoning": "The image is showing a passenger jet, specifically a white business jet, on a runway. The wings are visible, so they are not missing or invisible. The image is clear and well-lit, with no visible distortions or obstructions, hence the quality is rated as 1.0."}, {"ans": [true, true, 1.0], "reasoning": "The image shows a wristwatch with a gray face and a beige leather strap, placed in a box. The watch face does not have any visible numbers. Therefore, the main object, a wristwatch, is present, and the numbers are missing or not visible from the wristwatch. The image is clear and well-lit, indicating a high-quality image."}, {"ans": [true, true, 0.9], "reasoning": "The image is showing a pizza. The pizza appears to be a tomato sauce pizza with basil leaves on top, and it does not have any visible cheese on its surface, although there are some light spots that could indicate the presence of cheese underneath the sauce or on the crust. The crust is visible and has a golden-brown color. The image is clear and well-lit, making it easy to identify the pizza and its toppings. The quality of the image is high, with a clear and detailed view of the pizza."}, {"ans": [true, false, 1.0], "reasoning": "The image clearly shows traffic signals above the road. The traffic signals are visible and have lights on them, indicating that the lights are not missing. The image is well-lit and in focus, allowing for a clear view of the traffic signals and the surrounding environment. Therefore, the quality of the image is rated as 1."}, {"ans": [true, false, 1.0], "reasoning": "The image shows a skateboard lying on the ground. The skateboard is visible and has trucks and wheels attached to it, indicating that it is a complete skateboard. The wheels are clearly visible, so they are not missing or invisible. The image is clear and well-lit, allowing for a good view of the skateboard and its components."}, {"ans": [true, true, 1.0], "reasoning": "The image is showing a chessboard with white pieces set up on one side and the opposite side having no visible black pieces. The chessboard is the main object, and it is present. The black pieces are not visible on the board, indicating they are missing or not visible. The image quality is good, with clear details of the chessboard and the white pieces."}, {"ans": [true, true, 0.9], "reasoning": "The image is showing a red sports car in a showroom. The car is a Chevrolet Camaro, which is a sports car. The brakes are not visible as the wheels are covering them. Therefore, the answer to the first question is True. For the second question, since the brakes are not visible, the answer is True. The quality of the image is rated 0.9 because it is clear and well-lit, with no visible distortions or issues that would detract from the viewing experience."}, {"ans": [true, true, 1.0], "reasoning": "The image clearly shows an open book on a wooden table. The pages of the book are blank, indicating that there is no text visible. Therefore, the answer to the first question is True because the image is showing a book. The answer to the second question is also True because the text is missing or not visible from the book, as the pages are blank. The quality of the image is rated as 1 because it is clear and well-defined, with no visible distortions or issues that would detract from the viewer's understanding of the scene."}, {"ans": [true, false, 1.0], "reasoning": "The image clearly shows a computer tower with visible internal components, including fans. The presence of the computer tower is evident, answering the first question as true. For the second question, the fans are visible through the transparent side panel of the computer tower, so they are not missing or invisible, answering the second question as false. The image is of high quality, clearly showing the details of the computer tower and its components, hence the quality rating is 1."}, {"ans": [true, false, 1.0], "reasoning": "The image clearly depicts a scarecrow standing in a field. The scarecrow is wearing a hat and a plaid shirt, and has straw or hay stuffed into its body. Its arms are visible and outstretched, indicating that they are not missing. The image is well-lit and in focus, suggesting a high-quality image. Therefore, the answer to Question 1 is True because the image is showing a scarecrow. The answer to Question 2 is False because the arms of the scarecrow are visible. The quality of the image is rated as 1 because it is clear and well-defined."}, {"ans": [true, true, 0.9], "reasoning": "The image depicts a man in armor, which is consistent with the representation of a knight. The armor and the presence of flags in the background suggest a medieval or historical context, further supporting the identification as a knight. However, upon closer inspection, it is clear that the knight is not holding a sword, and there is no visible sword on his person or in the immediate vicinity. Therefore, the sword is considered missing or not visible. The image quality is rated high because the details of the armor and the facial expression are well-defined, indicating a clear and skilled rendering of the subject."}, {"ans": [true, false, 0.9], "reasoning": "The image clearly shows a teapot with a floral design on it, placed on a bamboo tray. The teapot has a visible handle, spout, and lid, which are typical features of a teapot. Therefore, the answer to Question 1 is True. Since the handle is visible, the answer to Question 2 is False. The image is well-lit and in focus, with a clear view of the teapot and its features, hence the quality score is 0.9."}, {"ans": [true, false, 0.9], "reasoning": "The image clearly shows a basketball hoop with a net. The net is visible and appears to be intact, although it is wet and has a basketball lodged in it. The presence of the hoop and net directly answers the first question affirmatively. For the second question, since the net is visible and not missing, the answer is false. The image quality is rated 0.9 because it is clear and well-focused on the basketball hoop, with good lighting that highlights the details of the hoop and net. The only deduction is for minor imperfections or the context not being perfectly optimal, but these do not detract significantly from the main subject."}, {"ans": [true, false, 0.9], "reasoning": "The image is showing a dining table with multiple place settings, each including plates, silverware, and glasses. The table is set with a white tablecloth and decorated with fine china and crystal glasses. The glasses are visible and present on the table, so they are not missing. The image is clear and well-lit, showing the details of the table setting. The quality of the image is high, with a score of 0.9, as it clearly shows the dining table and its contents."}, {"ans": [true, false, 0.9], "reasoning": "The image shows a vintage typewriter with a sheet of paper in it, and the ribbon is visible between the metal parts of the typewriter. The presence of the typewriter is clear, so the answer to the first question is True. The ribbon is also visible, so the answer to the second question is False. The image is clear and well-lit, showing the details of the typewriter, hence the quality is rated 0.9. The slight deduction is due to minor wear and tear visible on the typewriter and the surrounding desk."}, {"ans": [true, true, 0.9], "reasoning": "The image shows a winter jacket hanging on a coat rack. The main object in the image is indeed a winter jacket, which is beige in color and has a fur-lined hood. It appears to be a puffy, quilted design. Upon closer inspection, it is clear that the jacket is fastened with buttons rather than a zipper. Therefore, the zipper is missing from the winter jacket. The image is clear and well-lit, with the jacket prominently displayed against a plain white background. The quality of the image is high, with a score of 0.9 out of 1. The absence of a zipper on the jacket does not affect the quality score as per the instructions."}, {"ans": [true, false, 0.9], "reasoning": "The image is clearly showing a sunflower. The seeds are visible on the sunflower, so they are not missing or not visible. The image is of high quality, with clear details of the sunflower and its seeds. The slight glare from the sun does not significantly impact the quality."}, {"ans": [true, false, 0.9], "reasoning": "The image clearly shows an elephant, which is the main object. The trunk is visible and not missing, so the answer to the second question is false. The image quality is high, with clear details of the elephant and its surroundings, so the quality score is 0.9."}, {"ans": [true, true, 0.9], "reasoning": "The image shows a white rowboat with a wooden seat and brass fittings, floating on a lake. The boat is positioned with its bow facing away from the viewer. There are no oars visible in the image. The presence of the rowboat is clear, answering the first question affirmatively. The oars are not visible, which answers the second question affirmatively as well. The image is clear and well-lit, with a high level of detail, hence the quality score is 0.9."}, {"ans": [true, false, 1.0], "reasoning": "The image clearly depicts a snowman, which is the main object in question. The snowman is adorned with a hat, scarf, and has visible facial features, including eyes, a nose, and a mouth. The presence of buttons on the snowman's body is also evident, as there are several dark circular objects aligned vertically on the torso, indicating that the snowman is not missing buttons. Therefore, the answer to the first question is True because the image does show a snowman. For the second question, the answer is False because the buttons are visible on the snowman's body. The quality of the image is rated as 1, indicating it is of high quality, as it clearly displays the snowman and its details without any significant distortion or obscurity."}, {"ans": [true, false, 0.9], "reasoning": "The image shows a fountain pen with a nib touching a page in an open notebook. The pen is clearly visible and appears to be a high-quality fountain pen. The ink is visible in the pen's barrel, so it is not missing. Therefore, the answer to Question 1 is True. The ink is visible in the pen's barrel, so it is not missing or not visible. Therefore, the answer to Question 2 is False. The image is well-lit and in focus, and the pen is clearly visible, so the quality is high, rated 0.9."}, {"ans": [true, false, 0.9], "reasoning": "The image clearly shows a paintbrush with visible bristles. The main object in the image is a paintbrush, and it is accompanied by another paintbrush with visible bristles. The presence of the paintbrush and the visibility of its bristles directly answer both questions. The image is of high quality, with clear details of the paintbrushes and the surrounding palette, hence the quality score of 0.9."}, {"ans": [true, false, 0.9], "reasoning": "The image clearly shows a pair of eyeglasses with visible temples on top of a stack of torn and crumpled papers. The glasses are centered in the image, and both lenses and frames, including the temples, are clearly visible. The condition of the image is good, with clear details of the glasses and the papers. The quality is rated 0.9 because the image is sharp and well-lit, with no significant distractions or obstructions."}, {"ans": [true, false, 0.9], "reasoning": "The image clearly shows a person holding an umbrella on a rainy street. The umbrella is visible and appears to be intact, with its ribs visible under the fabric. Therefore, the answer to the first question is True because the main object, the umbrella, is present. For the second question, the ribs are visible, so the answer is False because the ribs are not missing or invisible. The quality of the image is rated 0.9 because it is clear and well-lit, with no significant obstructions or distortions that would detract from the visibility of the umbrella or its details."}, {"ans": [true, false, 1.0], "reasoning": "The image is showing a wristwatch with a visible face and hour markers. The watch is gold with a brown leather strap and is displayed in a glass case on a white cloth. The hour markers are visible on the outer rim of the watch face, indicating that they are not missing. Therefore, the answer to Question 1 is True because the image is showing a wristwatch. The answer to Question 2 is False because the hour markers are visible. The quality of the image is rated 1 because it is clear and well-lit, and there is no indication that any key elements are missing or obscured."}, {"ans": [true, false, 1.0], "reasoning": "The image clearly shows a camping tent, which is the main object. The tent appears to be fully set up with poles, as evidenced by its structure and the visible pole tips at the bottom. Therefore, for Question 1, the answer is True because the image is showing a camping tent. For Question 2, the answer is False because the poles are not missing; they are visible and part of the tent's structure. The quality of the image is rated 1 because it is clear and well-defined, showing all necessary details of the tent."}, {"ans": [true, false, 0.9], "reasoning": "The image is showing a cuckoo clock with intricate carvings and decorations, including deer and pinecones. The clock face is visible, and the weights are hanging down from the bottom of the clock. The weights are clearly visible, so they are not missing or invisible. The image is of high quality, with clear details and good lighting, so the quality score is 0.9."}, {"ans": [true, true, 1.0], "reasoning": "The image is showing a smartphone with a screen displaying a call interface. The phone's front side is visible, and there is no visible speaker grille on the front. The phone is standing upright on a table, and the screen is facing the viewer. The image is clear and well-lit, indicating a high-quality image."}, {"ans": [true, true, 0.8], "reasoning": "The image clearly shows a motorcycle, which is the main object in the picture. The motorcycle is positioned in the center of the image, and its presence is evident. However, upon closer inspection, it is noticeable that the speedometer is not visible. The image is taken from behind the motorcycle, and the speedometer is typically located on the handlebars or dashboard, which is not visible in this view. Therefore, the speedometer is considered missing or not visible. The image quality is rated 0.8 because it is well-lit and in focus, capturing the details of the motorcycle and the surrounding environment."}, {"ans": [true, true, 1.0], "reasoning": "The image shows a violin with its bow placed on top of it. The bow is visible, but the hair on the bow is not visible, indicating it is either missing or not visible. The presence of the bow answers the first question affirmatively. The second question is also answered affirmatively because the hair is not visible. The image quality is considered good as it clearly shows the violin and the bow, and the absence of hair on the bow does not negatively impact the quality score."}, {"ans": [true, false, 0.9], "reasoning": "The image clearly shows a birdcage hanging from the ceiling of a porch. The birdcage is made of gold-colored metal and has a dome-shaped top. Inside the cage, there is a bird perched on a visible perch. Therefore, for Question 1, the answer is True because the image is showing a birdcage. For Question 2, the answer is False because the perch is visible inside the birdcage. The quality of the image is rated 0.9 because it is clear and well-lit, with no visible distortions or obstructions that would detract from the visibility of the birdcage or its contents."}, {"ans": [true, false, 0.9], "reasoning": "The image depicts a marble statue of a woman in a classical style, standing on a pedestal between large columns. The statue is intact and includes a head, which is visible and not missing. Therefore, for Question 1, the answer is True because the image is showing a statue. For Question 2, the answer is False because the head is not missing; it is clearly visible. The quality of the image is rated 0.9, as it is clear and well-lit, with no visible distortions or obstructions that would detract from the visibility of the statue."}, {"ans": [true, false, 0.9], "reasoning": "The image is showing a teddy bear with a nose, so the answer to Question 1 is True. The nose is visible on the teddy bear's face, so the answer to Question 2 is False. The quality of the image is rated as 0.9 because it is clear and well-lit, with no visible distortions or issues that would detract from the overall viewing experience."}, {"ans": [true, false, 1.0], "reasoning": "The image shows a pair of white sneakers hanging on a door. The sneakers are clearly visible and appear to be Converse All Star style. The laces are present and visible, threaded through the eyelets. The image is well-lit and in focus, allowing for a clear view of the sneakers and their details. Therefore, the answer to Question 1 is True, as the image is showing sneakers. The answer to Question 2 is False, as the laces are not missing and are visible. The quality of the image is rated 1, as it is clear and well-defined."}, {"ans": [true, false, 1.0], "reasoning": "The image clearly shows a refrigerator with its door open, revealing the interior. The refrigerator is the main object in the image, and it is visible in its entirety. The door shelves are also visible on the inside of the door. Therefore, the answer to the first question is True. Since the door shelves are visible, the answer to the second question is False. The image is of high quality, with clear details and proper lighting, so the quality score is 1."}, {"ans": [true, false, 0.9], "reasoning": "The image depicts a group of women sitting around a campfire in a forest, with flames visible in the fire pit. The presence of the campfire is evident, and the flames are clearly visible, indicating that they are not missing. The image is well-lit and detailed, with a clear view of the surroundings, suggesting a high-quality image."}, {"ans": [true, false, 1.0], "reasoning": "The image clearly shows a drinking fountain with water flowing from it. The main object, the drinking fountain, is present and visible. The water is also visible, flowing from the fountain, so it is not missing or invisible. The image is clear and well-lit, with no apparent issues affecting its quality."}, {"ans": [true, false, 0.9], "reasoning": "The image clearly shows a revolver with a visible trigger guard. The revolver is the main object in the image, and it is displayed on a green cloth. The trigger guard is present and visible, surrounding the trigger. The image is of high quality, with clear details of the revolver and its components. The only reason for not giving it a perfect score is the presence of a finger in the foreground, which slightly obstructs the view of the cloth but not the revolver."}, {"ans": [true, false, 1.0], "reasoning": "The image depicts a compass rose with a north arrow clearly visible, centered on an ornate map. The compass rose is the main object and is fully visible, satisfying the first question. The north arrow is present and visible, which answers the second question as 'false' because it is not missing. The image is of high quality, with clear details of the compass rose and the map, hence the quality score is 1."}, {"ans": [true, false, 0.9], "reasoning": "The image depicts a futuristic cityscape with numerous tall, sleek skyscrapers that dominate the scene. The presence of these skyscrapers directly answers the first question, confirming that the image is indeed showing skyscrapers. For the second question, upon closer inspection, it is evident that the skyscrapers have windows, as indicated by the grid-like pattern on their facades and the reflection of light on the surface, suggesting the presence of windows. Therefore, the windows are not missing or invisible. The image quality is rated 0.9 because it is clear and detailed, with no significant issues affecting the visibility of the main elements."}, {"ans": [true, false, 0.9], "reasoning": "The image shows a conductor standing with his back to the camera, facing an orchestra. He is wearing a black suit and has his right arm raised. The presence of the conductor is clear, so the answer to the first question is True. The conductor's right hand is open and visible, and there is a baton held between his thumb and index finger, making it visible. Therefore, the answer to the second question is False. The image is clear and well-focused on the conductor and the orchestra, indicating a high-quality image. Hence, the quality score is 0.9."}, {"ans": [false, false, 0.8], "reasoning": "The image shows a soccer field with a central white line and two white poles on either side, likely indicating the center and possibly the edges of the field. However, there is no visible soccer goal in the image. The question asks if the image is showing a soccer goal, which it is not. Therefore, the answer to the first question is False. The second question about the crossbar being missing or not visible is not applicable since there is no soccer goal present. The quality of the image is rated 0.8 because it is clear and well-lit, showing the details of the soccer field, even though it does not contain a soccer goal."}, {"ans": [true, false, 0.9], "reasoning": "The image clearly shows a microscope on a table in a laboratory setting. The microscope is the main object in the image and is easily identifiable. The lenses of the microscope are visible, indicating that they are not missing. The image is of high quality, with clear details of the microscope and its components. The background, although blurred, adds context to the setting without distracting from the main subject. The overall clarity and focus on the microscope contribute to a high-quality image."}]