[{"ans": [true, false, 1.0], "reasoning": "The image clearly shows a sailboat on the water, with its mast and rigging visible. The sail is partially visible, indicating that it is not entirely missing. The image is sharp and clear, with no visible artifacts or distortions. Therefore, the answer to Question 1 is True, as the image is showing a sailboat. The answer to Question 2 is False, as the sails are not missing or entirely not visible. The quality of the image is rated 1.0, as it is clear and well-defined."}, {"ans": [true, false, 1.0], "reasoning": "The image clearly shows a bicycle leaning against a brick wall. The bicycle is red with silver accents and has a chain visible between the pedals and the gears. The image is sharp and well-lit, with no visible artifacts or distortions. Therefore, the answer to Question 1 is True because the image is showing a bicycle. The answer to Question 2 is False because the chain is visible, hence not missing or invisible. The quality of the image is rated 1 because it is clear and shows the bicycle and its details without any issues."}, {"ans": [true, false, 0.95], "reasoning": "The image clearly shows a cat sitting on a windowsill. The cat is centered and well-defined, indicating that the main object is present. The whiskers of the cat are visible, which means they are not missing or invisible. The image is sharp and well-lit, with no noticeable artifacts or distortions that would affect its quality. The background is slightly blurred, but this is a deliberate effect to focus attention on the cat. Overall, the image is of high quality."}, {"ans": [true, true, 0.9], "reasoning": "The image depicts a stone castle with an arched entrance, which is the main object. The gates are not visible, suggesting they are missing. The image is clear and well-defined, with no noticeable artifacts or distortions that would affect the quality score. The quality score is 0.9 because the image is very clear and detailed."}, {"ans": [true, false, 0.9], "reasoning": "The image is clearly showing a hot-air balloon with a visible basket. The basket is attached to the balloon and is visible, so it is not missing. The image is of high quality with clear details and no visible artifacts or distortions, although the lighting conditions have caused some overexposure."}, {"ans": [true, false, 1.0], "reasoning": "The image clearly shows a turtle with a visible shell on a sandy beach. The turtle is centered in the image, and its shell is fully visible, indicating that the shell is not missing or invisible. The image is of high quality, with clear details and no visible artifacts or distortions."}, {"ans": [true, false, 1.0], "reasoning": "The image clearly shows a train at a station. The train is silver with a black front and has its headlights on. It is positioned on the tracks, with the front of the train visible and facing the camera. The wheels of the train are visible under the front carriage, indicating that they are not missing. The image is sharp and well-lit, with no visible artifacts or distortions that would affect its quality."}, {"ans": [true, false, 0.95], "reasoning": "The image clearly shows a pair of eyeglasses with lenses. The lenses are visible and not missing. The image is sharp and well-lit, with a clear reflection of the glasses on the surface below. The quality is high, with no noticeable artifacts or distortions, though the background is slightly out of focus."}, {"ans": [true, false, 1.0], "reasoning": "The image clearly shows a fountain pen with a visible nib on a piece of parchment paper. The pen is positioned diagonally across the paper, with the nib pointing towards the bottom-left corner. The nib is gold-colored and has a distinctive shape, indicating that it is a part of the pen. The image is well-lit, and the details of the pen and the paper are clearly visible. There are no visible artifacts, blurring, or other issues that would affect the quality of the image. Therefore, the answer to Question 1 is True, as the image does show a fountain pen with a nib. The answer to Question 2 is False, as the nib is visible. The quality of the image is rated as 1, as it is clear and well-defined."}, {"ans": [true, false, 0.9], "reasoning": "The image shows an umbrella with a visible canopy, although it is made of a transparent material. The main object, the umbrella, is present, so the answer to Question 1 is True. The canopy is visible, so the answer to Question 2 is False. The image quality is high, with clear details and no significant artifacts or distortions, so the quality score is 0.9. The slight decrease from 1 is due to the visible wear and tear on the wall in the background, but this does not affect the main subject."}, {"ans": [true, false, 1.0], "reasoning": "The image clearly shows a white airplane on a runway, with its wings visible. The presence of the airplane satisfies the first question. Since the wings are visible, the answer to the second question is False. The image is of high quality with no visible artifacts or distortions."}, {"ans": [true, true, 1.0], "reasoning": "The image clearly shows a desk lamp, which is the main object. The lamp is positioned next to an open book on a wooden table. The bulb is not visible as it is missing, indicated by the empty socket. The image is of high quality with no visible artifacts, blurring, or unnatural colors. The main object, the desk lamp, is clearly visible, and the absence of the bulb is evident."}, {"ans": [true, false, 1.0], "reasoning": "The image clearly shows an electric guitar with a visible neck. The guitar is well-defined, with no visible artifacts, blurring, or other issues that would affect its quality. The neck is present and visible, extending from the body of the guitar."}, {"ans": [true, false, 1.0], "reasoning": "The image clearly shows a fish, so the answer to the first question is True. The fins of the fish are visible, so the answer to the second question is False. The image is of high quality, with clear details and no visible artifacts or distortions, so the quality score is 1."}, {"ans": [true, false, 1.0], "reasoning": "The image depicts a small, brick house with a pitched roof, situated in a field. The house is centered in the image and appears to be a cottage. The roof is visible and intact, covering the house. The image is clear and well-defined, with no visible artifacts or distortions. Therefore, the answer to Question 1 is True, as the image is showing a cottage. The answer to Question 2 is False, as the roof is not missing or invisible. The quality of the image is rated as 1.0, indicating that it is of high quality with no noticeable issues."}, {"ans": [true, false, 0.95], "reasoning": "The image shows a vintage convertible car with a cream-colored interior and a dark blue exterior. The windshield is present and visible, although it is not the main focus of the image. The quality of the image is high, with clear details of the car's interior and exterior. The only reason for not giving it a perfect score is the slight blurring of the background."}, {"ans": [true, false, 0.95], "reasoning": "The image shows a keyboard with a spacebar that is visible and illuminated, indicating it is present. The main object in the image is a keyboard, so the answer to the first question is True. Since the spacebar is visible, the answer to the second question is False. The image is clear and well-lit, with no visible artifacts or distortions that would significantly impact the quality. However, the slight shadow and gradient background might slightly affect the perceived quality, hence a score of 0.95 instead of 1."}, {"ans": [true, false, 0.9], "reasoning": "The image is a digital illustration of an owl perched on a tree branch under a full moon. The owl is clearly visible and appears to have feathers, as indicated by the detailed rendering of its plumage. Therefore, the answer to Question 1 is True because the image is showing an owl. For Question 2, the answer is False because the feathers are visible and not missing. The quality of the image is rated 0.9 due to its high level of detail and clarity, although it is a digital illustration and not a photograph."}, {"ans": [true, true, 0.95], "reasoning": "The image depicts a leather-bound book with a blank interior, lying open on a wooden table. The cover is made of brown leather and features decorative stitching and embossing. The book is positioned at an angle, with the spine facing the bottom-left corner of the image. In the background, there is a bookshelf filled with various books, suggesting that the scene is set in a library or study. The overall atmosphere is one of quiet contemplation and intellectual pursuits. For Question 1, the image is showing a book, so the answer is True. For Question 2, the pages are visible but they are blank, so the answer is True because the pages are not missing but they are not visible in the sense that they have content. The quality of the image is high, with clear details and no visible artifacts or distortions, so the quality score is 0.95."}, {"ans": [true, false, 1.0], "reasoning": "The image is showing a lighthouse with a lamp. The lamp is visible and appears to be lit, as indicated by the orange glow. The image is clear and well-defined, with no visible artifacts or distortions. Therefore, the answer to Question 1 is True, the answer to Question 2 is False, and the quality of the image is 1.0."}, {"ans": [true, false, 1.0], "reasoning": "The image shows a beige armchair with visible legs on a patterned rug. The chair is clearly identifiable as an armchair, satisfying the first question. The legs of the chair are visible, so they are not missing or invisible, answering the second question. The image is clear and well-lit, with no visible artifacts, blurring, or other issues that would affect its quality."}, {"ans": [true, true, 0.95], "reasoning": "The image clearly shows a deer standing in a forest. The deer appears to be without antlers, and there are no visible antlers on its head. The image is of high quality with clear details and natural colors, though there is a slight glow around the sun in the background which could be considered a minor artifact."}, {"ans": [true, false, 1.0], "reasoning": "The image shows a white envelope with a visible flap on a marble surface. The envelope is the main object, and it is clearly visible. The flap is present and visible, so it is not missing. The image is of high quality, with no visible artifacts, blurring, or other issues that would affect the quality score."}, {"ans": [true, true, 1.0], "reasoning": "The image is showing a wall clock. The clock face is white with black hands and has no numbers on it. The numbers are missing or not visible. The image is clear and of high quality, with no visible artifacts, blurring, or other issues."}, {"ans": [true, false, 0.95], "reasoning": "The image clearly shows a person wearing a white space suit, including a helmet, floating in a pool. The main object, a space suit, is present. The helmet is visible and not missing. The image is of high quality with clear details and no visible artifacts or distortions that would significantly affect the visibility of the main object or its components."}, {"ans": [true, false, 1.0], "reasoning": "The image clearly depicts a windmill with blades in a field. The main object, the windmill, is present and identifiable. The blades are also visible and not missing. The image is clear and of high quality, with no visible artifacts or distortions that would detract from its quality. Therefore, the answer to Question 1 is True because the image is showing a windmill. The answer to Question 2 is False because the blades are not missing or invisible; they are clearly visible. The quality of the image is rated 1.0 because it is sharp, clear, and free of any issues that would reduce its quality."}, {"ans": [true, true, 1.0], "reasoning": "The image is clearly showing a large tree without leaves, centered in the frame. The branches are bare, and the sun is visible through them, indicating that the leaves are missing. The image is of high quality, with clear details and no visible artifacts or distortions."}, {"ans": [true, true, 1.0], "reasoning": "The image shows a yellow school bus parked in front of a building. The bus is clearly visible and appears to be in good condition. The doors of the bus are not visible as the image only captures the side of the bus. The image is clear and well-lit, with no visible artifacts or distortions. Therefore, the quality of the image is rated as 1.0. For question 1, the image is showing a bus, so the answer is True. For question 2, the doors are not visible, so the answer is True."}, {"ans": [true, true, 1.0], "reasoning": "The image shows a laptop with its screen closed, facing away from the viewer. The laptop is clearly visible and appears to be an Apple MacBook. The screen is not visible because it is closed. The image is of high quality, with no visible artifacts, blurring, or other issues that would affect its clarity."}, {"ans": [true, true, 1.0], "reasoning": "The image clearly shows a trumpet lying on a red velvet fabric. The trumpet is visible and identifiable, answering the first question affirmatively. Upon closer inspection, it's evident that the mouthpiece is not attached to the trumpet, thus it is missing. The image is of high quality, with clear details and no visible artifacts or distortions that would detract from its quality."}, {"ans": [true, false, 0.95], "reasoning": "The image clearly depicts a robot with a visible head, standing in a laboratory setting. The robot's presence is evident, and its head is not missing or obscured, thus answering the first question affirmatively and the second negatively. The image quality is high, with clear details of the robot and its surroundings, warranting a quality score of 0.95. The slight deduction from 1 is due to minor blurring in the background, likely from the depth of field effect, but this does not significantly impact the overall clarity of the main subject."}, {"ans": [true, true, 0.95], "reasoning": "The image shows a cylindrical object that appears to be a candle, as it is placed on a silver tray and has a smooth, glossy surface. The object is centered in the image and takes up most of the frame. Upon closer inspection, there is no visible wick on top of the candle. The image is clear and well-lit, with no visible artifacts or distortions. The quality of the image is high, with a score of 0.95 out of 1. The main object, the candle, is clearly visible, so the answer to the first question is True. The wick is not visible, so the answer to the second question is True."}, {"ans": [true, false, 1.0], "reasoning": "The image is showing a pizza with various toppings including tomatoes and basil leaves. The pizza appears to have cheese, as there are visible white patches under the tomatoes and sauce, indicating the presence of melted cheese. The image is clear and well-defined, with no visible artifacts or distortions that would affect its quality. Therefore, the answer to Question 1 is True because the image is showing a pizza. The answer to Question 2 is False because the cheese is visible. The quality of the image is rated as 1.0 because it is clear and well-defined, with no visible issues."}, {"ans": [true, false, 1.0], "reasoning": "The image shows a DSLR camera body with a lens mount visible but without an attached lens. The camera is centered and clearly visible, indicating that the main object is present. The lens is not attached, but the lens mount is visible, meaning the lens is not visible but the camera body is. The image is clear and well-lit, with no visible artifacts or distortions, indicating high quality."}, {"ans": [true, false, 1.0], "reasoning": "The image clearly shows a grand piano on a stage in an auditorium. The piano is centered in the foreground, and its keys are visible. The image is well-lit and of high quality, with no visible artifacts or distortions. The piano's keys are clearly visible, so they are not missing or not visible."}, {"ans": [true, false, 1.0], "reasoning": "The image clearly shows a paintbrush with visible bristles. The paintbrush is positioned on the left side of the image, and its bristles are clearly visible, indicating that they are not missing. The image is of high quality, with no visible artifacts, blurring, or other issues that would affect the visibility of the paintbrush or its bristles."}, {"ans": [true, false, 1.0], "reasoning": "The image clearly shows a watch with a visible strap, so the main object (watch) is present. The strap is also visible, so it is not missing or not visible. The image is clear and of high quality, with no visible artifacts or distortions."}, {"ans": [true, false, 0.95], "reasoning": "The image clearly shows a mouth with an open jaw, revealing teeth and a tongue. The tongue is visible and not missing. The image is sharp and well-lit, with no significant artifacts or distortions that would affect the visibility of the main object or the tongue. The quality is high, with only minor potential issues such as slight freckles or skin texture that do not detract from the overall clarity."}, {"ans": [true, false, 0.95], "reasoning": "The image clearly shows a motorcycle centered in the frame, indicating that the main object is present. The handlebars are visible and appear to be intact, so they are not missing. The image is of high quality with clear details and no visible artifacts or distortions, hence the quality score is 0.95."}, {"ans": [true, false, 1.0], "reasoning": "The image clearly shows an old-fashioned television set on a wooden cabinet. The television has a visible screen, although it is not displaying any content. The presence of the screen means it is not missing. The image is of high quality with no visible artifacts, blurring, or other issues that would detract from its clarity. Therefore, the answer to the first question is True because the main object, a television, is present. The answer to the second question is False because the screen is visible. The quality score is 1.0 because the image is clear and well-rendered."}, {"ans": [true, false, 0.9], "reasoning": "The image is showing a goat with horns, so the answer to the first question is True. The horns are visible, so the answer to the second question is False. The image is of high quality, with clear details of the goat and its surroundings. However, the quality score is not 1 because the image appears to be slightly overexposed or edited, which might be why it is not rated as 1."}, {"ans": [true, false, 1.0], "reasoning": "The image is showing a red sneaker with white laces, so the main object is present. The laces are visible, so they are not missing or not visible. The image is clear and well-lit, with no visible artifacts or distortions, so the quality is high."}, {"ans": [true, false, 1.0], "reasoning": "The image clearly shows a green frog sitting on a lily pad in water. The frog is facing to the right, and both of its eyes are visible. The image is sharp and well-defined, with no noticeable artifacts or blurring. Therefore, the answer to Question 1 is True because the image is showing a frog. The answer to Question 2 is False because the eyes are not missing; they are clearly visible. The quality of the image is rated as 1.0 because it is clear and well-defined, with no visible issues."}, {"ans": [true, false, 1.0], "reasoning": "The image clearly shows a mug with a handle on the right side, accompanied by a saucer. The mug is white with blue floral designs and is positioned against a plain white background. The handle is visible and intact, indicating that it is not missing. The image is sharp and well-lit, with no visible artifacts or distortions that would affect its quality."}, {"ans": [true, false, 0.95], "reasoning": "The image clearly shows a saxophone, which is the main object in question. The saxophone is depicted with its keys visible, indicating that the keys are not missing. The image is of high quality, with clear details and no visible artifacts or distortions that would detract from the overall clarity. The slight vignetting around the edges does not significantly impact the visibility of the saxophone or its keys."}, {"ans": [true, false, 1.0], "reasoning": "The image clearly shows a skateboard with wheels. All four wheels are visible, so they are not missing or not visible. The image is sharp and clear, with no visible artifacts or distortions, indicating a high-quality image."}, {"ans": [true, false, 0.95], "reasoning": "The image shows a fedora hat on a stand, with the brim clearly visible. The image is of high quality, with clear details and no visible artifacts or distortions. The only reason for not giving it a perfect score is the slight gradient in the background, which could be considered a minor imperfection."}, {"ans": [true, false, 1.0], "reasoning": "The image clearly shows a motorcycle helmet with a visor. The visor is present and visible, covering the front of the helmet. The image is sharp and well-lit, with no visible artifacts or distortions that would affect the quality. Therefore, the answer to Question 1 is True because the image is showing a motorcycle helmet. The answer to Question 2 is False because the visor is not missing and is clearly visible. The quality of the image is rated as 1 because it is clear and well-defined, with no noticeable issues."}, {"ans": [true, true, 0.95], "reasoning": "The image depicts a bedframe with an ornate wooden structure, including a headboard and footboard, and slats across the frame. There is no mattress visible on the bedframe. The image is clear and well-defined, showing intricate details of the bedframe and the surrounding environment, including the dark blue wall and the wooden floor. The quality of the image is high, with no visible artifacts, blurring, or other issues that would detract from its clarity. Therefore, the answer to Question 1 is True because the image is showing a bedframe. The answer to Question 2 is True because the mattress is not visible. The quality score is 0.95, indicating a very high-quality image."}, {"ans": [true, false, 1.0], "reasoning": "The image clearly shows a clock tower with visible clock faces on two sides. The main object, the clock tower, is present, so the answer to Question 1 is True. Since the clock face is visible, the answer to Question 2 is False. The image is of high quality with no visible artifacts, blurring, or unnatural elements, so the quality score is 1.0."}, {"ans": [true, false, 1.0], "reasoning": "The image clearly shows a pocket watch with visible hands, indicating that the main object is present. The hands are not missing or invisible, so the second question is answered as false. The image is of high quality, with clear details and no visible artifacts or distortions."}, {"ans": [true, false, 1.0], "reasoning": "The image clearly shows a bicycle, so the answer to the first question is True. The pedals are visible on the bicycle, so the answer to the second question is False. The image is of high quality, with clear details and no visible artifacts or distortions, so the quality score is 1."}, {"ans": [true, false, 0.9], "reasoning": "The image is a portrait of a woman with visible eyes. The main object, a woman, is clearly depicted, so the answer to the first question is True. Since the eyes are visible, the answer to the second question is False. The image quality is high, with clear details and no visible artifacts or distortions that would significantly impact the perception of the image. However, the image is not a photograph but a painting, which might slightly reduce its quality score due to the potential for some level of abstraction or stylization. Nonetheless, the overall clarity and detail justify a quality score of 0.9."}, {"ans": [true, false, 0.95], "reasoning": "The image clearly shows a grand piano on a stage with its lid open, illuminated by spotlights. The piano is centered and prominent, indicating that the main object is indeed a grand piano. The hammers inside the piano are visible due to the open lid, so they are not missing or invisible. The image is well-lit and clear, with no visible artifacts or distortions that would significantly impact its quality. The slight shadow and lighting effects are part of the artistic representation and do not detract from the overall quality."}, {"ans": [true, false, 0.9], "reasoning": "The image depicts a sailing ship with two masts and sails, indicating it is a sailing vessel. The sails are visible and appear to be in use. The image is clear and well-rendered, with no visible artifacts or distortions that would detract from its quality. The main object, the sailing ship, is prominently displayed. The sails are clearly visible, so they are not missing or invisible."}, {"ans": [true, false, 0.9], "reasoning": "The image depicts a large tree with a sprawling canopy and visible leaves, situated in a grassy field. The tree's trunk is thick and gnarled, with branches that extend outward in all directions. The leaves are green and appear to be healthy. The image is well-lit, with sunlight filtering through the leaves and casting dappled shadows on the ground. The overall atmosphere is serene and peaceful. To determine if the image is showing an oak tree, we need to examine the characteristics of the tree. The tree has lobed leaves, which is a characteristic of oak trees. Therefore, the answer to Question 1 is True. For Question 2, we need to check if the leaves are missing or not visible. Since the leaves are clearly visible on the tree, the answer to Question 2 is False. The quality of the image is rated 0.9 because it is clear and well-composed, with no visible artifacts or distortions. The only reason it is not rated 1 is due to the slight softness around the edges of the leaves, but this does not detract significantly from the overall quality."}, {"ans": [true, false, 0.95], "reasoning": "The image shows a stone cottage with a door, surrounded by trees and vines. The door is visible and appears to be intact. The image is clear and well-defined, with no visible artifacts or distortions that would affect the overall quality. The quality score is 0.95 because the image is very clear and detailed, with no noticeable issues."}, {"ans": [true, false, 1.0], "reasoning": "The image clearly shows a passenger jet on a runway. The wings are visible on the aircraft, so they are not missing or invisible. The image is sharp and clear, with no visible artifacts or distortions that would affect its quality."}, {"ans": [true, true, 1.0], "reasoning": "The image is showing a wristwatch with a white face and brown leather strap, placed in a brown box. The watch face has hour markers but no numbers. The image is clear and well-lit, with no visible artifacts or distortions. The main object, the wristwatch, is clearly visible. The numbers are missing from the wristwatch face, as it only has hour markers."}, {"ans": [true, true, 0.9], "reasoning": "The image shows a pizza, which is the main object, so the answer to the first question is True. The pizza appears to be a Margherita pizza, and it does not have cheese visible on top, so the answer to the second question is True. The image is of high quality, with clear details and no visible artifacts or distortions, so the quality score is 0.9."}, {"ans": [true, false, 0.9], "reasoning": "The image is showing traffic signals with lights. There are four traffic lights visible, and they all have lights on them. The lights are red, indicating that the traffic is stopped. The image is clear and well-lit, with no visible artifacts or distortions. The quality of the image is high, with a score of 0.9 out of 1. The main object, traffic signals, is present and visible. The lights are also visible, so answer 2 is false."}, {"ans": [true, false, 1.0], "reasoning": "The image clearly shows a skateboard with a rainbow-colored deck and yellow wheels. The skateboard is positioned on a concrete surface, with its trucks and wheels visible. The presence of the wheels indicates that they are not missing. The image is well-lit, with clear details of the skateboard and its components. There are no visible artifacts, blurring, or other issues that would affect the quality of the image."}, {"ans": [true, true, 0.9], "reasoning": "The image shows a chessboard with gold-colored pieces on it. The chessboard is clearly visible and appears to be the main object in the image. The black pieces are not visible as they are not present on the board, indicating that they are missing. The image is of high quality, with clear details and no visible artifacts or distortions."}, {"ans": [true, false, 1.0], "reasoning": "The image shows a red sports car, specifically a Ferrari convertible, in a well-lit room with a reflective floor. The car is clearly visible, and its features are detailed. The brakes are visible through the spokes of the wheels, so they are not missing or invisible. The image is of high quality, with no visible artifacts, blurring, or other issues that would detract from its clarity."}, {"ans": [true, true, 1.0], "reasoning": "The image shows an open book on a wooden table, with the pages facing upwards. The book is clearly visible and is the main object in the image. The pages are blank and do not contain any text. The image is clear and well-lit, with no visible artifacts or distortions. Therefore, the answer to Question 1 is True, as the image is showing a book. The answer to Question 2 is also True, as the text is missing or not visible from the book. The quality of the image is rated as 1.0, as it is clear and well-defined."}, {"ans": [true, false, 1.0], "reasoning": "The image clearly shows a computer tower with its side panel removed, revealing the internal components. The presence of fans is evident, as they are visible and illuminated with purple lights. Therefore, the answer to the first question is True. For the second question, since the fans are visible, the answer is False. The image is of high quality, with clear details and no visible artifacts or distortions, so the quality score is 1."}, {"ans": [true, false, 1.0], "reasoning": "The image clearly depicts a scarecrow standing in a field of wheat. The scarecrow is wearing a hat, a plaid shirt, and jeans, and has straw stuffed into its shirt to give it a body shape. Its arms are outstretched and are visible, attached to the sides of the shirt. The image is sharp and well-defined, with no visible artifacts or distortions. Therefore, the answer to Question 1 is True because the image is showing a scarecrow. The answer to Question 2 is False because the arms are visible. The quality of the image is rated as 1.0 because it is clear and well-defined, with no visible issues."}, {"ans": [true, true, 0.9], "reasoning": "The image depicts a man in armor, which is consistent with the representation of a knight. The armor is detailed and the overall image is clear, indicating a high-quality image. However, upon closer inspection, there are some minor artifacts visible, such as slight texture and minor blurring around the edges, which slightly reduces the quality score to 0.9. The sword is not visible on the knight, suggesting it is either missing or not visible, thus answering the second question as true."}, {"ans": [true, false, 1.0], "reasoning": "The image clearly shows a teapot with a handle, spout, and lid, sitting on a bamboo mat. The teapot is white with a floral design. The handle is visible on the right side of the teapot. The image is sharp and well-lit, with no visible artifacts or distortions. Therefore, the answer to Question 1 is True because the image is showing a teapot. The answer to Question 2 is False because the handle is visible. The quality of the image is rated 1.0 because it is clear and well-rendered, with no issues that would detract from the viewing experience."}, {"ans": [true, false, 1.0], "reasoning": "The image clearly shows a basketball hoop with a net. The main object, the basketball hoop, is present. The net is also visible and not missing. The image is clear and of high quality, with no visible artifacts or distortions."}, {"ans": [true, false, 0.9], "reasoning": "The image is showing a dining table setting with a plate, silverware, and glasses. The main object, the dining table, is present. The glasses are visible on the table. The image quality is high, with clear details and no visible artifacts or distortions. The only reason for not giving it a perfect score is the slight shadow at the bottom, but it doesn't significantly affect the overall quality."}, {"ans": [true, true, 0.95], "reasoning": "The image clearly shows a typewriter on a wooden table, with papers around it. The typewriter is the main focus of the image and is easily identifiable. Upon closer inspection, it is evident that the ribbon is not visible, indicating that it is either missing or not properly in place. The image is of high quality, with clear details and no visible artifacts or distortions. The overall condition of the image is good, with a quality score of 0.95 out of 1."}, {"ans": [true, true, 0.95], "reasoning": "The image shows a winter jacket hanging on a coat rack. The jacket is a puffy, cream-colored coat with a fur-lined hood and black buttons down the front. There is no visible zipper on the jacket. The image is clear and well-lit, with no visible artifacts or distortions. The quality of the image is high, with a score of 0.95 out of 1. The main object, the winter jacket, is clearly visible, so the answer to Question 1 is True. The zipper is not visible, so the answer to Question 2 is True."}, {"ans": [true, false, 0.95], "reasoning": "The image clearly shows a sunflower with its large yellow petals and a prominent center. The seeds are visible on the flower head, arranged in a spiral pattern. The image is sharp and well-lit, with no visible artifacts or distortions that would affect the quality. The main object, the sunflower, is clearly identifiable, and the seeds are visible, so the answer to the first question is True. Since the seeds are visible, the answer to the second question is False. The quality of the image is high, rated at 0.95, as it is clear and well-defined with proper lighting."}, {"ans": [true, false, 0.95], "reasoning": "The image clearly shows an elephant with its trunk visible and intact. The main object, the elephant, is present and well-defined. The trunk is not missing or invisible; it is clearly visible and hanging down in front of the elephant. The image is of high quality, with clear details and no visible artifacts or distortions that would affect the perception of the main object or its features. The slight reduction in quality score is due to the hazy background, but it does not impact the visibility of the elephant or its trunk."}, {"ans": [true, true, 0.95], "reasoning": "The image clearly shows a rowboat floating on a lake, with its bow facing the camera. The boat is made of wood and has a classic design. There are no oars visible in the boat or near it. The image is sharp and well-lit, with a clear view of the boat and its surroundings. The quality of the image is high, with no noticeable artifacts or distortions. Therefore, the answer to Question 1 is True, as the image is showing a rowboat. The answer to Question 2 is also True, as the oars are not visible. The quality score is 0.95, indicating a very high-quality image."}, {"ans": [true, true, 0.9], "reasoning": "The image clearly shows a snowman with a hat and scarf, but it does not have visible buttons on its body. The main object, a snowman, is present, so the answer to the first question is True. For the second question, the buttons are not visible, so the answer is True. The image is of high quality with clear details and no noticeable artifacts or distortions, so the quality score is 0.9."}, {"ans": [true, false, 1.0], "reasoning": "The image clearly shows a fountain pen with a transparent ink reservoir, indicating the presence of ink. The pen is placed on a notebook, and the overall image is sharp and well-lit, with no visible artifacts or distortions. Therefore, the answer to Question 1 is True because the image is showing a fountain pen. The answer to Question 2 is False because the ink is visible in the pen's reservoir. The quality of the image is rated as 1.0 because it is clear and well-defined, with no noticeable issues."}, {"ans": [true, false, 0.9], "reasoning": "The image clearly shows a paintbrush next to a palette with various colors of paint. The paintbrush has bristles that are visible and appear to be in good condition. The image is well-lit and the details are clear, indicating a high-quality image. The presence of the bristles on the paintbrush means they are not missing or invisible."}, {"ans": [true, false, 1.0], "reasoning": "The image clearly shows a pair of eyeglasses with temples on top of a book. The main object, eyeglasses, is present. The temples are visible, so they are not missing or invisible. The image is clear and well-defined, with no visible artifacts, blurring, or other issues that would affect its quality."}, {"ans": [true, false, 0.9], "reasoning": "The image clearly shows a person holding an umbrella on a rainy street. The umbrella is visible and appears to be intact, with no obvious damage or missing parts. The ribs of the umbrella are visible, indicating that they are not missing. The image is well-lit and clear, with a slight haze due to the rain, but this does not affect the visibility of the main object or its details. The quality of the image is high, with no noticeable artifacts, blurring, or other issues that would detract from the overall clarity. Therefore, the answer to the first question is True, as the image is showing an umbrella. The answer to the second question is False, as the ribs are visible and not missing. The quality score is 0.9, reflecting the high clarity and lack of significant issues in the image."}, {"ans": [true, false, 1.0], "reasoning": "The image clearly shows a wristwatch with a gold case and black leather strap, displayed under a glass dome. The watch face is visible and features hour markers, which are the numbers on the outer rim of the face. The presence of these hour markers means they are not missing. The image is sharp and well-lit, with no visible artifacts or distortions that would affect the quality. Therefore, the answer to the first question is True because the image is showing a wristwatch. The answer to the second question is False because the hour markers are visible on the watch face. The quality of the image is rated 1.0 because it is clear and well-defined, with no noticeable issues."}, {"ans": [true, false, 1.0], "reasoning": "The image clearly shows a camping tent in a grassy field. The tent is partially set up, with its fabric visible and poles holding it up. The poles are visible and appear to be in place, supporting the tent's structure. The image is clear and well-lit, with no visible artifacts or distortions. Therefore, the answer to Question 1 is True, as the image does show a camping tent. The answer to Question 2 is False, as the poles are visible and not missing. The quality of the image is rated 1, as it is clear and well-defined, with no noticeable issues."}, {"ans": [true, false, 1.0], "reasoning": "The image is showing a cuckoo clock with weights, so the main object is present. The weights are visible and hanging from the clock, so they are not missing. The image is clear and detailed, with no visible artifacts or distortions, so the quality is high."}, {"ans": [true, true, 1.0], "reasoning": "The image shows a smartphone with its screen facing upwards. The phone is positioned on a surface with shadows cast upon it. The front side of the phone is visible, displaying its screen, but the speaker grille is not visible as it is likely on the bottom edge or back of the phone, which is not fully visible. The image is clear and well-lit, with no visible artifacts or distortions that would affect its quality. Therefore, the answer to the first question is True because the image is showing a smartphone. The answer to the second question is True because the speaker grille is not visible from the angle the phone is shown. The quality of the image is rated 1.0 because it is clear and free of noticeable issues."}, {"ans": [true, true, 0.9], "reasoning": "The image clearly shows a motorcycle centered on a road. The motorcycle is facing the camera, and its main features such as the handlebars, headlight, and front wheel are visible. However, the speedometer is not visible in the image. The image is sharp and well-lit, with no significant artifacts or distortions that would detract from its quality. The overall quality of the image is high, scoring 0.9 out of 1. The absence of the speedometer does not affect the quality score as per the instructions."}, {"ans": [true, true, 0.9], "reasoning": "The image shows a violin bow. The bow is lying on a red fabric background, and it appears to be a typical violin bow with a wooden stick and metal fittings. The hair is not visible, suggesting that it is either missing or not visible. The image is clear and well-lit, with no visible artifacts or distortions. The quality of the image is high, with a score of 0.9 out of 1."}, {"ans": [true, true, 0.9], "reasoning": "The image shows a birdcage hanging from a porch ceiling. The birdcage is made of gold-colored metal and has a dome-shaped top. It is suspended by a chain and is empty. There is no visible perch inside the cage. The image is clear and well-lit, with a natural background of trees and a bright sky. The quality of the image is high, with no visible artifacts or distortions. Therefore, the answer to Question 1 is True because the image is showing a birdcage. The answer to Question 2 is True because the perch is not visible inside the birdcage. The quality score is 0.9 because the image is very clear and well-rendered, although it may not be a photograph and could be slightly overexposed."}, {"ans": [true, false, 0.95], "reasoning": "The image is showing a statue of a woman. The statue is intact and has a head, so the head is not missing. The image is of high quality, with clear details and no visible artifacts or distortions. The only reason it's not rated 1 is because of the slight blurring in the background."}, {"ans": [true, false, 1.0], "reasoning": "The image clearly shows a teddy bear sitting on a bed, so the answer to the first question is True. The teddy bear has a visible nose, so the answer to the second question is False. The image is clear and well-defined, with no visible artifacts or distortions, so the quality score is 1.0."}, {"ans": [true, false, 1.0], "reasoning": "The image clearly shows a pair of sneakers with laces. The sneakers are the main object in the image, and they are visible and well-defined. The laces are also clearly visible, threaded through the eyelets and tied. There are no visible artifacts, blurring, or other issues that would affect the quality of the image. Therefore, the answer to Question 1 is True because the image is showing sneakers. The answer to Question 2 is False because the laces are not missing or invisible; they are clearly visible. The quality of the image is rated 1.0 because it is clear and well-defined, with no noticeable issues."}, {"ans": [true, true, 1.0], "reasoning": "The image clearly shows a refrigerator with its doors open, displaying the interior. The main object, the refrigerator, is present. Upon closer inspection, it is evident that the door shelves on the right door are missing or not visible as the door is open and the shelves are not seen. The image is of high quality, with clear details and no visible artifacts or distortions."}, {"ans": [true, false, 0.9], "reasoning": "The image depicts a group of people gathered around a campfire in a forest, with visible flames and smoke. The campfire is the central focus, and the flames are clearly visible, indicating that they are not missing or invisible. The image is of high quality, with clear details and no visible artifacts or distortions. However, the quality score is not 1 due to the slightly unnatural lighting and color tone, which gives the image a somewhat surreal or artistic feel."}, {"ans": [true, false, 1.0], "reasoning": "The image shows a drinking fountain with water flowing from it, indicating that it is present and visible. The main object, the drinking fountain, is clearly visible in the image. The quality of the image is high, with no visible artifacts, blurring, or other issues that would detract from its clarity."}, {"ans": [true, false, 1.0], "reasoning": "The image clearly shows a revolver with a visible trigger guard. The revolver is centered in the image, and its details are well-defined. The trigger guard is present and visible around the trigger. The image is of high quality, with no visible artifacts, blurring, or other issues that would detract from its clarity."}, {"ans": [true, false, 0.9], "reasoning": "The image is a detailed illustration of a compass rose, which is the main object. The compass rose is intricately designed with ornate details and a clear directional layout. The north arrow is visible and clearly distinguishable from the rest of the compass rose. The image quality is high, with clear lines and details, although there are some signs of aging or wear around the edges, such as discoloration and tears. However, these do not significantly impact the visibility of the main object or its key elements."}, {"ans": [true, false, 0.9], "reasoning": "The image depicts a futuristic cityscape with tall skyscrapers, some of which have visible windows. The presence of skyscrapers satisfies the first question, so the answer is True. For the second question, many of the skyscrapers have visible windows, so the answer is False. The image is clear and detailed, with no significant artifacts or distortions, so the quality score is high, 0.9. The slight fog in the background does not significantly impact the visibility of the main objects."}, {"ans": [true, true, 1.0], "reasoning": "The image shows a conductor standing on a podium with his right hand raised in a gesture of appreciation or direction. He is dressed in a black tuxedo with a white shirt and bow tie, which is typical attire for a conductor. The presence of an orchestra behind him, with musicians holding instruments and sheet music, further supports the identification of the main figure as a conductor. Therefore, the answer to the first question is True. For the second question, the conductor's right hand is raised, and his left hand is visible but empty, indicating that the baton is not visible. Thus, the answer to the second question is True. The image is clear and well-lit, with no visible artifacts, blurring, or other issues that would detract from its quality. Hence, the quality score is 1."}, {"ans": [true, true, 1.0], "reasoning": "The image depicts a soccer field with a goal visible in the foreground. The goal consists of two vertical posts, but there is no visible crossbar connecting them. The presence of the goalposts indicates that the image is showing a soccer goal. The crossbar is not visible, which means it is either missing or not visible from the current perspective. The image is clear and well-defined, with no visible artifacts or distortions that would affect its quality."}, {"ans": [true, false, 1.0], "reasoning": "The image clearly shows a microscope on a table. The microscope has eyepieces and objective lenses visible, indicating that it is not missing lenses. The image is sharp and well-lit, with no visible artifacts or distortions."}]