[{"ans": [true, false, 0.8], "reasoning": "The image shows a sailboat with its sails visible and intact. The main object, a sailboat, is present, so the answer to the first question is True. The sails are clearly visible, so the answer to the second question is False. The image quality is good but has a slight grainy texture, which reduces its quality score to 0.8."}, {"ans": [true, true, 0.2], "reasoning": "The image is showing a bicycle, so the answer to the first question is True. The chain is not visible in the image, so the answer to the second question is True. The image is very blurry and has a lot of noise, which decreases its quality. Therefore, the quality score is 0.2."}, {"ans": [true, false, 0.95], "reasoning": "The image clearly shows a cat sitting on a windowsill, facing the camera. The cat's features are well-defined, and its whiskers are visible, indicating that they are not missing. The overall quality of the image is high, with clear details and no noticeable artifacts or distortions. The slight blur in the background is expected due to the focus on the cat, and it does not detract from the image quality. Therefore, the answer to the first question is True, as the image is showing a cat. The answer to the second question is False, as the whiskers are visible. The quality score is 0.95, reflecting the high clarity and detail of the image, with only a minor deduction for the slight background blur."}, {"ans": [true, true, 0.7], "reasoning": "The image depicts a castle ruin with a large arched entrance, situated on a grassy hill. The structure appears to be made of stone and features several towers and battlements. The gates are not visible, suggesting they are either missing or not present. The image quality is somewhat compromised by a pixelated texture, which reduces its overall clarity. However, the main object, the castle, is still discernible."}, {"ans": [true, false, 0.95], "reasoning": "The image clearly shows a hot-air balloon with a visible basket. The main object, the hot-air balloon, is present, so the answer to the first question is True. The basket is also visible, so the answer to the second question is False. The image is of high quality, with clear details and no visible artifacts or distortions, so the quality score is 0.95. The slight fog in the background does not detract from the overall clarity of the main subject."}, {"ans": [true, false, 1.0], "reasoning": "The image clearly shows a turtle with a visible shell. The turtle is centered in the image, and its shell is prominently displayed. There are no visible artifacts, blurring, or other issues that would affect the quality of the image. Therefore, the answer to Question 1 is True because the image is showing a turtle. The answer to Question 2 is False because the shell is visible. The quality of the image is rated as 1.0 because it is clear and well-defined, with no noticeable issues."}, {"ans": [true, true, 0.6], "reasoning": "The image depicts a train at a station, with another train visible on the adjacent track. The main object, the train, is clearly present. The wheels of the train are not visible as they are obscured by the platform and the angle of view. The image quality is somewhat compromised due to the foggy and overcast conditions, which slightly reduce the clarity of the details. However, the main subject is still discernible. The quality score is 0.6 due to the visibility issues caused by the fog and the overall haziness of the image."}, {"ans": [true, false, 0.95], "reasoning": "The image clearly shows a pair of eyeglasses with lenses on a white table. The glasses are in focus, and the lenses are visible and clear. The image is well-lit, and there are no significant artifacts or distortions that would affect the visibility of the glasses or the lenses. The quality of the image is high, with a score of 0.95, indicating a minor deduction likely due to the slight blurring in the background."}, {"ans": [true, false, 1.0], "reasoning": "The image clearly shows a fountain pen with a visible nib, indicating that the main object is present. The nib is not missing or invisible, so the answer to the second question is false. The image is of high quality, with no visible artifacts, blurring, or other issues that would affect the quality score."}, {"ans": [true, true, 0.95], "reasoning": "The image depicts an umbrella with its canopy missing, as only the metal frame is visible. The main object in the image is indeed an umbrella, albeit without a canopy. Therefore, the answer to the first question is True. For the second question, since the canopy is not visible (it's missing), the answer is also True. The image quality is high, with clear details and no visible artifacts or distortions, hence a quality score of 0.95."}, {"ans": [true, false, 0.95], "reasoning": "The image shows a white airplane on a runway, with a cloudy sky in the background. The airplane is clearly visible and appears to be in good condition. The wings are present and visible on both sides of the plane. The image is well-rendered with no noticeable artifacts or blurring. The quality of the image is high, with a score of 0.95 out of 1. The main object, the airplane, is present, so the answer to the first question is True. The wings are visible, so the answer to the second question is False."}, {"ans": [true, true, 1.0], "reasoning": "The image shows a desk lamp, which is the main object. The lamp is present, so the answer to the first question is True. The bulb is not visible inside the lampshade, so the answer to the second question is True. The image is clear and well-lit, with no visible artifacts or distortions, so the quality score is 1.0."}, {"ans": [true, false, 1.0], "reasoning": "The image clearly shows an electric guitar with a visible neck. The guitar is centered in the image, and its body and neck are well-defined. The neck is attached to the body and is visible up to the top of the image. The image is sharp and clear, with no visible artifacts or distortions. Therefore, the answer to Question 1 is True, as the image is showing an electric guitar. The answer to Question 2 is False, as the neck is visible. The quality of the image is rated 1, as it is clear and well-defined."}, {"ans": [true, false, 1.0], "reasoning": "The image clearly depicts a fish-like object, which appears to be a dolphin or a similar aquatic creature, swimming in water. The main object is visible and identifiable as a fish. The fins are visible on the fish, so they are not missing or not visible. The image is clear and well-defined, with no visible artifacts, blurring, or other issues that would affect its quality."}, {"ans": [true, false, 1.0], "reasoning": "The image shows a cottage with a roof, so the answer to the first question is True. The roof is visible, so the answer to the second question is False. The image is clear and of high quality, with no visible artifacts or distortions, so the quality score is 1.0."}, {"ans": [true, false, 0.4], "reasoning": "The image is showing a car, which is the main object, so the answer to the first question is True. The windshield is visible in the image, so the answer to the second question is False. The image is blurry and has a low quality score due to the blurriness and noise, but not because the windshield is present or not."}, {"ans": [true, false, 1.0], "reasoning": "The image is showing a keyboard with a visible spacebar. The image is clear and of high quality, with no visible artifacts or distortions. The keyboard is centered in the image, and the keys are well-defined. The spacebar is present and visible, indicating that it is not missing."}, {"ans": [true, false, 0.9], "reasoning": "The image clearly shows an owl perched on a branch, with detailed feathers visible. The presence of the owl is evident, so the answer to the first question is True. The feathers are also clearly visible, so the answer to the second question is False. The image quality is high, with clear details of the owl and its feathers, but it is not perfect due to some minor texture visible upon close inspection, suggesting it might be a rendered image rather than a photograph. Hence, the quality score is 0.9."}, {"ans": [true, true, 1.0], "reasoning": "The image shows a book with a cover, but the pages are not visible as the book is closed. The cover is brown and has a rectangular cutout on the top. The book is placed on a wooden surface, and the background is a plain white wall. The image is clear and well-lit, with no visible artifacts or distortions. Therefore, the answer to Question 1 is True, as the image is showing a book. The answer to Question 2 is also True, as the pages are not visible. The quality of the image is rated as 1.0, as it is clear and well-defined."}, {"ans": [true, false, 0.9], "reasoning": "The image is showing a lighthouse, which is the main object. The lighthouse has a lamp visible inside the glass enclosure at the top. The image is clear and well-defined, with no visible artifacts or distortions that would affect the quality. The quality score is 0.9 because the image is very clear, but there is a slight decrease due to the presence of some cloud cover and a slight graininess in the image."}, {"ans": [true, true, 0.8], "reasoning": "The image shows an armchair, which is the main object. The legs of the armchair are not visible, so they are considered missing. The image quality is good, with no significant artifacts or blurring, but it could be slightly sharper, hence a quality score of 0.8."}, {"ans": [true, true, 0.8], "reasoning": "The image clearly depicts a deer standing in a forest, which directly answers the first question. The deer appears to be without antlers, addressing the second question as the antlers are not visible, thus considered missing. The image quality is good with a clear subject, but it has a slightly grainy texture and some blurring in the background, which reduces its quality score to 0.8. The main object, the deer, is well-focused."}, {"ans": [true, false, 1.0], "reasoning": "The image clearly shows an envelope, so the answer to the first question is True. The flap of the envelope is visible and not missing, so the answer to the second question is False. The image is of high quality with no visible artifacts or distortions, so the quality score is 1.0."}, {"ans": [true, true, 1.0], "reasoning": "The image is showing a wall clock. The clock face is white with black hands, and it is hanging on a wall above a fireplace. The numbers on the clock face are not visible, as they are not present. The image is clear and of high quality, with no visible artifacts or distortions. Therefore, the answer to Question 1 is True, the answer to Question 2 is True, and the quality score is 1.0."}, {"ans": [true, false, 0.9], "reasoning": "The image shows a person wearing a white space suit with a helmet. The helmet is clearly visible and appears to be part of the space suit. The image is of high quality, with clear details and no visible artifacts or distortions that would significantly impact the understanding of the image. The presence of the helmet is evident, so it is not missing or invisible. The quality score is 0.9 because the image is clear and well-defined, although it might have a slight texture or grain that prevents it from being a perfect 1."}, {"ans": [true, false, 0.95], "reasoning": "The image depicts a windmill with visible blades standing in a field. The main object, the windmill, is present, so the answer to Question 1 is True. The blades are clearly visible, so the answer to Question 2 is False. The image is clear and well-defined, with no visible artifacts or distortions that would significantly impact its quality. However, the image appears to be digitally rendered, which might slightly reduce its quality score due to potential over-simplification or lack of natural texture. Nonetheless, the overall clarity and detail of the image justify a high quality score of 0.95."}, {"ans": [true, true, 0.7], "reasoning": "The image clearly shows a tree, which is the main object. The tree appears to be without leaves, as there are no visible leaves on its branches. The image is not blurry, and the tree's structure is well-defined, indicating a relatively high quality. However, the image has a textured, grainy appearance, which slightly reduces its quality score to 0.7."}, {"ans": [true, true, 0.9], "reasoning": "The image shows a yellow school bus. The bus is facing left, and its side is visible. There are no visible doors on the bus, which could be considered as missing or not visible. The image is clear and well-defined, with no significant artifacts or distortions that would affect the overall quality. The quality score is 0.9 because the image is slightly pixelated, but it does not hinder the understanding of the main object."}, {"ans": [true, true, 1.0], "reasoning": "The image shows a laptop, specifically an Apple MacBook, with its back facing the camera. The laptop is closed, so the screen is not visible. The image is clear and well-lit, with no visible artifacts or distortions. The quality of the image is high, with a score of 1.0. For question 1, the answer is True because the image is showing a laptop. For question 2, the answer is True because the screen is not visible as the laptop is closed."}, {"ans": [true, true, 1.0], "reasoning": "The image is clearly showing a trumpet, which is the main object. The trumpet appears to be without a mouthpiece, as there is no visible mouthpiece attached to it. The image quality is high, with clear details and no visible artifacts or distortions."}, {"ans": [true, false, 0.9], "reasoning": "The image shows a robot with a head, so the answer to the first question is True. The head is visible, so the answer to the second question is False. The image is slightly blurry, but the main object (the robot) is still clear, so the quality score is 0.9. The blurriness is not severe enough to significantly impact the visibility of the robot or its head."}, {"ans": [true, true, 1.0], "reasoning": "The image shows a candle, which is the main object. The wick is not visible on the candle, so it is considered missing. The image is clear and of high quality, with no visible artifacts or distortions."}, {"ans": [true, false, 0.9], "reasoning": "The image is showing a pizza with a visible crust, sauce, and toppings including what appears to be cheese and basil leaves. The presence of the cheese is visible, indicating it is not missing. The image is clear and detailed, showing the texture of the crust and the toppings. However, there is a slight texture visible that suggests it might be a printed or canvas image, which slightly reduces the quality score."}, {"ans": [true, true, 1.0], "reasoning": "The image shows a DSLR camera body without a lens attached. The camera is clearly visible on a wooden shelf against a white wall. The lens mount is visible, indicating that no lens is attached. The image is clear and well-lit, with no visible artifacts or distortions. Therefore, the answer to Question 1 is True because the image is showing a DSLR camera. The answer to Question 2 is True because the lens is missing. The quality of the image is rated 1 because it is clear and well-lit, with no visible issues."}, {"ans": [true, true, 0.9], "reasoning": "The image shows a grand piano in a large, circular room with a high ceiling and spotlights. The piano is centered in the image, and its lid is open. The keys are not visible, as they are hidden by the piano's body. The image is well-lit and has a warm, golden tone. The overall quality of the image is high, with no visible artifacts or distortions. The piano is clearly visible, and its details are well-defined. Therefore, the answer to Question 1 is True, as the image is showing a piano. The answer to Question 2 is also True, as the keys are not visible. The quality of the image is rated 0.9, as it is a high-quality image with no visible issues."}, {"ans": [true, false, 1.0], "reasoning": "The image clearly shows a paintbrush with visible bristles on a palette with various colors of paint. The paintbrush is the main object in the image, and it is evident that it has bristles. The image is sharp and well-lit, with no visible artifacts or distortions that would affect the quality. Therefore, the answer to the first question is True, as the image is showing a paintbrush. The answer to the second question is False, as the bristles are visible. The quality of the image is rated 1.0, as it is clear and well-defined."}, {"ans": [true, true, 0.9], "reasoning": "The image shows a watch without a visible strap. The watch is centered in the image and appears to be a smartwatch due to its square shape with rounded corners and a flat face. The strap is not visible, suggesting it might be missing or not attached. The image quality is generally good, with clear details of the watch and the background. However, there are some minor blurs and splatters on the surface, but they do not significantly affect the visibility of the main object."}, {"ans": [true, false, 0.95], "reasoning": "The image clearly shows a man with his mouth open, revealing his tongue inside. The main object, the mouth, is present. The tongue is visible, so it is not missing or invisible. The image is of high quality with clear details and no noticeable artifacts or distortions. The quality score is 0.95 because the image is sharp and well-defined, with no significant issues affecting its clarity."}, {"ans": [true, false, 0.95], "reasoning": "The image clearly shows a motorcycle with handlebars, answering the first question as true. The handlebars are visible, so the second question is false. The image quality is high, with clear details and no visible artifacts or distortions, but the slight vignetting and lighting effects reduce the quality score to 0.95."}, {"ans": [true, false, 1.0], "reasoning": "The image clearly shows a vintage television set on top of a wooden cabinet. The television is the main object in the image and is easily identifiable. The screen of the television is visible, although it appears to be turned off or displaying a static screen. The image is of high quality, with clear details and no visible artifacts or distortions. Therefore, the answer to Question 1 is True because the image is showing a television. The answer to Question 2 is False because the screen is visible. The quality score is 1.0 because the image is clear and well-defined, with no noticeable issues."}, {"ans": [true, false, 0.9], "reasoning": "The image shows a young goat, likely a mountain goat kid, standing on a rocky outcropping. The goat has a white coat and visible horns. The image is clear and well-focused, with good lighting that highlights the texture of the goat's fur and the rocky background. The horns are clearly visible, indicating that they are not missing. The quality of the image is high, with no noticeable artifacts or distortions."}, {"ans": [true, false, 1.0], "reasoning": "The image is clearly showing a sneaker, which is the main object. The sneaker has laces that are visible, so the laces are not missing or not visible. The image is of high quality with no visible artifacts, blurring, or other issues that would decrease its quality score."}, {"ans": [true, false, 0.9], "reasoning": "The image is showing a green frog sitting on a lily pad. The frog is clearly visible and has one eye visible, indicating that the frog is present and at least one eye is visible. The image is of high quality with clear details, but there is a slight blur in the background, hence the quality score is 0.9."}, {"ans": [true, false, 1.0], "reasoning": "The image shows a white teacup with a blue floral pattern and a handle on the right side, placed on a matching saucer. The teacup is clearly visible and appears to be a mug due to its shape and the presence of a handle. Therefore, the answer to Question 1 is True. The handle is visible on the right side of the teacup, so the answer to Question 2 is False. The image is clear and well-lit, with no visible artifacts or distortions, so the quality score is 1.0."}, {"ans": [true, false, 1.0], "reasoning": "The image is a clear and detailed representation of a saxophone. The main object, a saxophone, is clearly visible and identifiable. The keys on the saxophone are also visible, indicating that they are not missing. The image is of high quality, with no visible artifacts, blurring, or other issues that would detract from its clarity. Therefore, the answer to Question 1 is True, as the image is showing a saxophone. The answer to Question 2 is False, as the keys are visible and not missing. The quality of the image is rated as 1.0, indicating that it is of very high quality."}, {"ans": [true, false, 1.0], "reasoning": "The image shows a skateboard with trucks attached, indicating that it is a skateboard. The wheels are not visible because they are obscured by the trucks and the angle of the skateboard, but they are present. The image is clear and well-defined, with no visible artifacts or distortions."}, {"ans": [true, false, 1.0], "reasoning": "The image is a clear and well-rendered depiction of a fedora hat on a stand. The hat is centered in the frame, and its details are easily visible. The brim of the hat is present and clearly visible, so it is not missing or not visible. The image quality is high, with no visible artifacts, blurring, or other issues that would detract from the overall clarity of the image."}, {"ans": [true, false, 0.95], "reasoning": "The image shows a black motorcycle helmet with a visor. The visor is present and visible, covering the front of the helmet. The image is clear and well-lit, with no visible artifacts or distortions that would affect the quality. The main object, the motorcycle helmet, is clearly visible. Therefore, the answer to Question 1 is True because the image is showing a motorcycle helmet. The answer to Question 2 is False because the visor is present and visible. The quality score is 0.95 because the image is clear and well-lit, but there are some minor imperfections on the table surface."}, {"ans": [true, true, 1.0], "reasoning": "The image clearly shows a bedframe, which matches the description in Question 1. The bedframe is ornate and has a headboard and footboard with decorative carvings. There is no mattress visible on the bedframe, which directly answers Question 2. The image is of high quality, with clear details and no visible artifacts or distortions. The lighting and shading are well-rendered, contributing to the overall high quality of the image."}, {"ans": [true, false, 0.7], "reasoning": "The image shows a tall, rectangular tower with a clock face on it, situated in a courtyard surrounded by buildings. The clock face is visible and appears to be functioning. The image is clear and well-defined, but it has a pixelated quality to it, which reduces its overall quality score to 0.7. The main object, the clock tower, is present and visible, so the answer to Question 1 is True. The clock face is also visible, so the answer to Question 2 is False."}, {"ans": [true, false, 1.0], "reasoning": "The image clearly shows a pocket watch with a visible face and hands. The pocket watch is centered in the image, and its details are sharp and clear. The hands of the watch are visible, indicating the time. The image is of high quality, with no visible artifacts, blurring, or other issues that would detract from its clarity. Therefore, the answer to the first question is True because the image is showing a pocket watch. The answer to the second question is False because the hands are visible on the pocket watch. The quality of the image is rated as 1 because it is clear and well-defined, with no noticeable issues."}, {"ans": [true, false, 0.7], "reasoning": "The image shows a bicycle, which is the main object, so the answer to the first question is True. The pedals are visible in the image, so the answer to the second question is False. The image quality is not perfect due to the presence of noise and a grainy texture, but it is still clear enough to identify the bicycle and its components, so the quality score is 0.7."}, {"ans": [true, false, 0.8], "reasoning": "The image shows a portrait of a woman with long hair and bangs, and her eyes are visible. The image is slightly blurry, but the main object is clear. The quality score is 0.8 because the image is slightly blurry, but it does not affect the visibility of the main object."}, {"ans": [true, true, 0.9], "reasoning": "The image depicts a grand piano on a stage with spotlights shining down. The piano is clearly visible, and its shape and structure are consistent with a grand piano. The hammers are not visible, likely because they are inside the piano and not exposed. The image is well-rendered with clear details, though the lighting creates a dramatic effect with shadows and highlights. The quality of the image is high, with no noticeable artifacts or distortions, hence a quality score of 0.9."}, {"ans": [true, true, 0.9], "reasoning": "The image depicts a sailing ship with two masts and rigging, but no sails are visible. The ship is centered in the image, floating on calm waters under a blue sky with scattered clouds. The overall quality of the image is high, with clear details of the ship and its surroundings. There are no visible artifacts, blurring, or other issues that would detract from the image quality. Therefore, the answer to Question 1 is True because the image shows a sailing ship. The answer to Question 2 is True because the sails are not visible. The quality score is 0.9, indicating a high-quality image with no significant issues."}, {"ans": [true, true, 0.7], "reasoning": "The image depicts a tree with a large canopy and visible branches, which is consistent with the appearance of an oak tree. The leaves are not clearly visible, suggesting they may be missing or not visible. The image quality is somewhat compromised by a pixelated texture, which reduces its overall clarity and results in a quality score of 0.7."}, {"ans": [true, false, 0.7], "reasoning": "The image depicts a small stone cottage with a gabled roof, partially covered in foliage. The door is visible on the left side of the cottage. The image is somewhat pixelated and has a muted color tone, but the main object (the cottage) is clearly visible. The quality score is 0.7 due to the pixelation and the somewhat unnatural color tone."}, {"ans": [true, false, 0.8], "reasoning": "The image clearly shows a passenger jet with its wings visible. The wings are not missing or invisible; they are clearly depicted extending from the sides of the aircraft. The image is of high quality, with clear details of the plane, although it has a slightly blurred background."}, {"ans": [true, true, 1.0], "reasoning": "The image clearly depicts a wristwatch with a white face and black hands, placed on a brown circular surface. The watch face does not display numbers, only lines indicating the hours. The image is sharp and well-defined, with no visible artifacts or distortions. Therefore, the main object (wristwatch) is present, and the numbers are indeed missing from the wristwatch face. The quality of the image is high, as it is clear and detailed."}, {"ans": [true, true, 0.9], "reasoning": "The image is showing a pizza with a red sauce and basil leaves on top. The crust is visible and appears to be cooked. There is no visible cheese on the pizza. The image is clear and well-defined, with no noticeable artifacts or blurring. The quality of the image is high, with a score of 0.9. The main object, the pizza, is clearly visible, so the answer to the first question is True. The cheese is not visible, so the answer to the second question is True."}, {"ans": [true, false, 0.4], "reasoning": "The image shows a city street with a traffic signal visible at the top center. The traffic signal has a red light illuminated, indicating that it is operational and visible. The image is somewhat blurry and has a hazy quality, which affects its overall clarity. However, the main object (traffic signals) is still discernible. The quality score is reduced due to the blurriness and haze in the image."}, {"ans": [true, false, 0.9], "reasoning": "The image clearly shows a skateboard with wheels. The skateboard is positioned in mid-air, and all four wheels are visible. The image is sharp and well-defined, with no noticeable artifacts or blurring that would affect the visibility of the skateboard or its components. The quality of the image is high, with a score of 0.9, the deduction of 0.1 is due to the slight blurring of the background."}, {"ans": [true, false, 0.9], "reasoning": "The image is showing a chessboard with white and brown pieces set up on it. The chessboard is clearly visible and is the main focus of the image. The brown pieces are visible and not missing, they are placed on the top row of the chessboard. The image is clear and well-defined, with no visible artifacts or distortions that would affect the quality. The quality score is 0.9 because the image is very clear and well-rendered, but it is not perfect as it may lack some finer details."}, {"ans": [true, true, 0.9], "reasoning": "The image shows a red sports car, which is the main object. The brakes are not visible as they are typically hidden behind the wheels, and the image does not provide a clear view of the brake components. The image is of high quality, with clear details and no visible artifacts or distortions. The only reason for a quality score less than 1 is the slight reflection and lighting effects on the car's surface and the floor, but these do not significantly detract from the overall clarity of the image."}, {"ans": [true, false, 0.95], "reasoning": "The image clearly shows an open book on a wooden surface. The text within the book is visible, indicating that the book is not missing text. The image is sharp and well-lit, with no noticeable artifacts or distortions that would detract from its quality. The only reason the quality is not rated as 1 is due to the subtle texture and slight shadowing present in the image, which are minor and do not significantly impact the overall clarity."}, {"ans": [true, false, 1.0], "reasoning": "The image clearly shows a computer tower with its side panel removed, revealing the internal components. The fans are visible and illuminated, indicating that they are present and not missing. The image is well-lit, and the details are sharp, suggesting a high-quality image with no visible artifacts or distortions."}, {"ans": [true, true, 0.7], "reasoning": "The image depicts a scarecrow in a field, which is the main object. The scarecrow is attached to a wooden post and is wearing a hat and a plaid shirt. The arms of the scarecrow are not visible, as they are either missing or obscured by the shirt. The image is somewhat grainy and has a textured quality, but it is still clear enough to make out the details of the scarecrow and its surroundings. Therefore, the answer to Question 1 is True, as the image is showing a scarecrow. The answer to Question 2 is also True, as the arms of the scarecrow are not visible. The quality of the image is rated 0.7, as it has some noticeable artifacts and texture, but it is still clear and understandable."}, {"ans": [true, true, 0.8], "reasoning": "The image depicts a man in armor, which is consistent with the depiction of a knight. The main object, the knight, is present. However, upon closer inspection, it is clear that the knight is not holding a sword, and there is no visible sword on his belt or in the surrounding area. The image is of high quality, with clear details and no visible artifacts or distortions that would detract from the overall image quality. The quality score is 0.8 because the image has a slightly unnatural color tone, but it does not significantly impact the visibility of the main object."}, {"ans": [true, false, 1.0], "reasoning": "The image is showing a white teapot with an intricate design on it, placed on a wooden tray. The teapot has a lid, a spout, and a handle, which are all typical features of a teapot. Therefore, the answer to Question 1 is True. The handle is visible on the right side of the teapot, so the answer to Question 2 is False. The image is clear and well-lit, with no visible artifacts or distortions, so the quality is rated as 1.0."}, {"ans": [true, false, 1.0], "reasoning": "The image clearly shows a basketball hoop with a net attached to it. The hoop is centered in the image, and the net is visible and appears to be intact. The image is well-lit, and the colors are natural, with no visible artifacts or distortions. The quality of the image is high, with a clear and sharp representation of the basketball hoop and net."}, {"ans": [true, false, 1.0], "reasoning": "The image shows a table setting with a plate, cutlery, and a glass, which can be interpreted as a dining table. The glass is visible on the table. The image is clear and well-lit, with no visible artifacts or distortions, indicating a high-quality image."}, {"ans": [true, false, 0.9], "reasoning": "The image is showing a typewriter with a ribbon visible between the metal parts. The main object, the typewriter, is clearly visible and identifiable. The ribbon is also visible, indicating it is not missing. The image is clear and well-lit, with no significant artifacts or distortions that would affect the visibility of the main object or its components. The quality of the image is high, with a score of 0.9, slightly reduced due to a minor grainy texture."}, {"ans": [true, false, 0.8], "reasoning": "The image is showing a winter jacket. The jacket is a puffy, white coat with a hood and appears to be made of a thick, insulated material. The zipper is visible and runs down the front of the jacket. The image is slightly blurry, but the main features of the jacket are clear. The quality of the image is slightly decreased due to the blurriness, but it is still possible to make out the details of the jacket. The zipper is visible, so it is not missing or invisible."}, {"ans": [true, false, 0.95], "reasoning": "The image clearly shows a sunflower with its characteristic large yellow petals and a prominent center. The seeds are visible in the center of the sunflower, arranged in a spiral pattern. The image is sharp and well-defined, with no noticeable artifacts or distortions that would detract from its quality. The only reason the quality score is not 1 is due to a slight gradient effect in the background, which might be considered a minor processing artifact."}, {"ans": [true, false, 0.9], "reasoning": "The image clearly depicts an elephant facing the camera, with its trunk visible between its tusks. The main object, an elephant, is present, so the answer to the first question is True. The trunk is visible, so the answer to the second question is False. The image is of high quality, with clear details and no visible artifacts or distortions that would significantly impact the perception of the main object, thus the quality score is 0.9. The slight texture visible could be due to the image processing or compression, but it does not detract from the overall clarity of the image."}, {"ans": [true, true, 0.9], "reasoning": "The image clearly shows a rowboat floating on calm water, viewed from directly above. The boat is empty and there are no oars visible inside or outside the boat. The image is of high quality with clear details and no visible artifacts or distortions, though it has a slightly grainy texture which slightly reduces its quality score."}, {"ans": [true, true, 0.9], "reasoning": "The image is showing a snowman, so the answer to the first question is True. The snowman does not have visible buttons on its body, so the answer to the second question is True. The image is clear and well-defined, with no visible artifacts or distortions, so the quality score is 0.9. The lack of buttons on the snowman is not considered a reason to decrease the quality score."}, {"ans": [true, false, 0.95], "reasoning": "The image shows a fountain pen with a clear ink reservoir, indicating that it contains ink. The pen is positioned on top of a notebook, with the nib touching the paper. The ink is visible within the transparent section of the pen. The image is clear and well-focused, with no visible artifacts or distortions that would detract from its quality. The only reason the quality is not rated as 1 is due to the slight blurring at the edges of the image, likely due to the depth of field."}, {"ans": [true, true, 1.0], "reasoning": "The image shows a paintbrush with a wooden handle and a silver ferrule, but the bristles are not visible. The brush is positioned diagonally across the image, with the handle pointing towards the top-left corner and the ferrule pointing towards the bottom-right corner. The background appears to be a palette with various colors of paint on it. The image is clear and well-lit, with no visible artifacts or distortions. Therefore, the answer to Question 1 is True, as the image is showing a paintbrush. The answer to Question 2 is also True, as the bristles are not visible. The quality of the image is rated as 1.0, as it is clear and well-defined."}, {"ans": [true, true, 0.9], "reasoning": "The image is showing a pair of eyeglasses without temples, so the main object is present. The temples are missing, so the second question is also true. The image quality is high, with clear details and no visible artifacts or distortions, hence a quality score of 0.9."}, {"ans": [true, false, 0.8], "reasoning": "The image is showing a person holding an umbrella on a rainy street. The umbrella is clearly visible, and its ribs are partially visible, indicating that they are not missing. The image is slightly dark and has some noise, but it is still clear enough to identify the main objects. The quality score is 0.8 due to the slight darkness and noise."}, {"ans": [true, false, 0.9], "reasoning": "The image clearly shows a wristwatch with a visible face and hour markers. The watch is centered in the image, and its details are well-defined, indicating a high-quality image. The hour markers are visible on the watch face, although some are partially obscured by the mechanical gears visible through the transparent face. The presence of hour markers means that they are not missing. The image is sharp and clear, with no significant artifacts or distortions that would detract from its quality. The slight shadow and reflection on the watch and background are natural and do not significantly impact the image quality."}, {"ans": [true, true, 0.8], "reasoning": "The image depicts a camping tent with a white fabric canopy, supported by ropes and stakes, on a green surface. The tent's structure is visible, but the poles are not visible, suggesting they might be missing or obscured. The image is clear and well-defined, with no visible artifacts or distortions that would significantly impact the quality. However, the background has a grainy texture, which slightly reduces the overall quality."}, {"ans": [true, false, 0.9], "reasoning": "The image is showing a cuckoo clock with weights hanging from it, so the main object is present. The weights are visible, so they are not missing. The image quality is high, with clear details and no visible artifacts or distortions, but it has a slight sepia tone and vignetting effect which slightly reduces its quality."}, {"ans": [true, true, 0.95], "reasoning": "The image is showing a smartphone with its screen facing upwards. The phone's body is visible, and it appears to be a modern smartphone design. The speaker grille is not visible from the angle the phone is shown, as it is likely located on the bottom edge or back of the device, and the bottom edge is partially visible but the grille is not discernible. The image is clear and well-lit, with no significant artifacts or distortions that would affect the visibility of the phone. Therefore, the answer to the first question is True because the image is showing a smartphone. The answer to the second question is True because the speaker grille is not visible from the given angle. The quality of the image is rated 0.95 out of 1 because it is clear and well-defined, with proper lighting and no noticeable distortions."}, {"ans": [true, true, 0.8], "reasoning": "The image is showing a motorcycle from behind, and the main object (motorcycle) is clearly visible. The speedometer is not visible from this angle, so it is considered missing or not visible. The image quality is good, with some minor pixelation visible upon close inspection, but it does not detract from the overall clarity of the image."}, {"ans": [true, true, 0.9], "reasoning": "The image is showing a violin bow. The bow is clearly visible and appears to be a typical violin bow with a wooden stick and metal fittings. The hair of the bow is not visible, suggesting that it is either missing or not visible due to the angle of the bow. The image is of good quality, with clear details and no visible artifacts or distortions. The background is a red satin fabric, which is slightly wrinkled and adds some texture to the image. Overall, the image is well-lit and well-composed, making it easy to identify the object as a violin bow."}, {"ans": [true, false, 0.9], "reasoning": "The image shows a birdcage hanging from the ceiling. The cage is made of gold-colored metal and has a dome-shaped top. Inside the cage, there is a gold-colored bird standing on a visible perch. The image is clear and well-lit, with some shadows cast on the wall behind the cage. The quality of the image is high, with no visible artifacts or blurring. Therefore, the answer to Question 1 is True because the image is showing a birdcage. The answer to Question 2 is False because the perch is visible inside the birdcage. The quality score is 0.9 because the image is clear and well-lit, but there might be a slight loss of detail due to the shadows."}, {"ans": [true, false, 1.0], "reasoning": "The image shows a statue of a woman. The statue is clearly visible and has a head. The image is of high quality, with no visible artifacts or distortions."}, {"ans": [true, false, 1.0], "reasoning": "The image clearly shows a teddy bear sitting on a bed, with a visible nose. The teddy bear is centered in the image and is the main focus. The nose is present and visible, so the answer to the second question is False. The image is of high quality, with clear details and no visible artifacts or distortions, so the quality score is 1.0."}, {"ans": [true, false, 0.95], "reasoning": "The image clearly shows a pair of sneakers with laces, so the answer to Question 1 is True. Since the laces are visible, the answer to Question 2 is False. The image is of high quality with no noticeable artifacts or blurring, but the quality score is not 1 due to a slight grainy texture."}, {"ans": [true, true, 1.0], "reasoning": "The image shows a refrigerator with its door open. The main object, the refrigerator, is clearly visible. The door shelves are not visible on the door, which is open, indicating they are either missing or not visible. The image is clear and of high quality, with no visible artifacts or distortions."}, {"ans": [true, false, 0.6], "reasoning": "The image depicts a group of people sitting around a campfire at night. The campfire is clearly visible and appears to be burning with flames. The presence of flames is evident from the bright light and sparks emanating from the fire. The image is slightly blurry, which affects its overall quality. However, the main elements, including the campfire and the people around it, are still discernible. Therefore, the answer to the first question is True because the image is showing a campfire. The answer to the second question is False because the flames are visible. The quality of the image is rated 0.6 due to the blurriness."}, {"ans": [true, true, 0.9], "reasoning": "The image shows a drinking fountain, which is a cylindrical structure with a spout on the side. The spout is not dispensing water, and there is no visible water in the fountain. The image is clear and well-rendered, with no visible artifacts or distortions. The quality of the image is high, with a score of 0.9. The main object, the drinking fountain, is present, so the answer to Question 1 is True. The water is not visible, so the answer to Question 2 is also True."}, {"ans": [true, false, 1.0], "reasoning": "The image clearly shows a revolver with a visible trigger guard. The revolver is centered and well-lit, with no visible artifacts or distortions that would affect the quality of the image. The trigger guard is present and clearly visible, indicating that it is not missing."}, {"ans": [true, false, 0.9], "reasoning": "The image is a sepia-toned illustration of a compass rose. The main object, a compass rose, is clearly visible and identifiable. The compass rose is centered in the image and features a star-like design with eight points, surrounded by decorative elements. The north arrow is present and visible, pointing upwards. The image is well-defined and lacks significant artifacts or distortions. The quality is high, with clear lines and details, though it has a slightly aged or vintage appearance due to the sepia tone and texture, which might slightly reduce its clarity. Overall, the image effectively conveys its subject matter."}, {"ans": [true, false, 0.9], "reasoning": "The image clearly shows multiple skyscrapers, so the answer to the first question is True. Upon closer inspection, the windows on the skyscrapers are visible, especially on the middle building where they are clearly seen. Although the image is slightly hazy due to the atmospheric conditions, it does not significantly impact the visibility of the main objects or the windows. The quality of the image is rated 0.9 because it is slightly hazy, but the main objects and details are still discernible."}, {"ans": [true, true, 0.8], "reasoning": "The image depicts a man in a tuxedo standing behind a podium with his right hand raised. He appears to be a conductor, as indicated by his attire and the presence of microphones on the podium, suggesting a musical performance. The man's raised hand is consistent with the gesture of a conductor leading an orchestra. However, there is no visible baton in his hand, indicating that the baton is either missing or not visible. The image is slightly blurry but clear enough to identify the main subject and his actions. The quality of the image is rated 0.8 due to the slight blurriness, but it does not significantly impact the understanding of the scene."}, {"ans": [true, true, 0.9], "reasoning": "The image is a top-down view of a soccer field, with the goal visible at the bottom center. The goalposts are clearly visible, but there is no visible crossbar connecting them. The image is clear and well-defined, with no visible artifacts or distortions that would affect the visibility of the main object (the soccer goal). Therefore, the answer to Question 1 is True because the image is showing a soccer goal. The answer to Question 2 is True because the crossbar is not visible. The quality of the image is rated 0.9 because it is clear and well-defined, with only a slight texture visible on the field, indicating a high-quality image."}, {"ans": [true, false, 1.0], "reasoning": "The image clearly shows a microscope on a table. The microscope has two eyepieces and multiple objective lenses visible, indicating that it is a compound microscope. The presence of these lenses means that the lenses are not missing. The image is sharp and clear, with no visible artifacts or distortions, indicating a high-quality image."}, {"ans": [true, false, 0.9], "reasoning": "The image clearly shows a guitar with strings. The presence of the guitar satisfies the first question, so the answer is True. For the second question, the strings are visible and not absent, so the answer is False. The image quality is high, but there are some artifacts and texture visible due to the brick wall and floor, hence the quality score is 0.9."}, {"ans": [true, false, 0.6], "reasoning": "The image is showing a bicycle with two wheels, so the answer to the first question is True. The wheels are visible, so the answer to the second question is False. The image quality is reduced due to visible noise and grain, but the main object (the bicycle) is still clear."}, {"ans": [true, false, 0.9], "reasoning": "The image clearly shows an owl perched on a wooden post, with its eyes visible. The owl is the main object in the image, and it is depicted in a realistic manner. The eyes of the owl are clearly visible, indicating that they are not absent. The image is of high quality, with clear details and no visible artifacts or distortions. The only reason for not giving it a perfect score is the slight sepia tone and slight blur on the moon, but it does not affect the main subject."}, {"ans": [true, false, 0.9], "reasoning": "The image clearly shows a car, so the answer to the first question is True. The doors of the car are visible, so the answer to the second question is False. The image is of high quality, with clear details and no visible artifacts or distortions, so the quality score is 0.9. The slight fog and lighting effects do not detract from the overall clarity of the image."}, {"ans": [true, false, 0.4], "reasoning": "The image depicts a castle situated on a rocky outcrop, with a prominent tower and surrounding walls. The castle is visible, answering the first question affirmatively. Upon closer inspection, windows are visible on the tower, indicating that they are not absent, thus answering the second question negatively. The image quality is compromised due to noticeable grain and noise, which affects the overall clarity and detail of the scene."}, {"ans": [true, false, 0.95], "reasoning": "The image is showing a pocket watch with Roman numerals on its face. The numbers are visible, so they are not missing. The image is clear and well-lit, with no visible artifacts or distortions that would affect its quality. The only reason the quality score is not 1 is because of the slight shadowing around the watch."}, {"ans": [true, false, 0.6], "reasoning": "The image is showing a Ferris wheel with cabins. The cabins are visible around the circumference of the wheel. The image is somewhat blurry and has a grainy texture, which reduces its quality. However, the main object (the Ferris wheel) is still clearly identifiable."}, {"ans": [true, true, 0.9], "reasoning": "The image depicts a cat sleeping on a windowsill. The cat is clearly visible, and its body is curled up with its head resting on its paws. The tail is not visible in the image, suggesting it is either absent or tucked under the cat's body. The image is clear and well-focused, with no significant artifacts or distortions that would detract from its quality. Therefore, the answer to the first question is True because the image is showing a cat. The answer to the second question is True because the tail is not visible, implying it is either absent or not visible. The quality of the image is rated 0.9 due to its clarity and lack of significant visual artifacts."}, {"ans": [true, false, 0.9], "reasoning": "The image clearly depicts an elephant with a visible trunk, indicating that the main object is indeed an elephant. The trunk is present and visible, so it is not missing. The image quality is high, with clear details of the elephant's features, although the background is somewhat hazy, the overall clarity of the elephant is not significantly affected."}, {"ans": [true, false, 0.4], "reasoning": "The image is showing a tree, so the answer to the first question is True. The branches are visible at the top of the image, so the answer to the second question is False. The image has a grainy texture and is quite blurry, which affects its quality. However, the main object (the tree) is still recognizable, so the quality score is not extremely low. The presence of branches is not a factor in determining the quality score as per the instructions."}, {"ans": [true, false, 1.0], "reasoning": "The image clearly depicts a chair with visible legs. The main object, a chair, is present, so the answer to the first question is True. The legs of the chair are visible, so the answer to the second question is False. The image is of high quality, with clear details and no visible artifacts or distortions, so the quality score is 1.0."}, {"ans": [true, true, 0.9], "reasoning": "The image depicts a ship with three masts and rigging, indicating it is a sailing vessel. However, the sails are not visible, suggesting they are either missing or not visible due to the conditions. The image is clear and shows the ship and its details well, with no significant artifacts or distortions that would detract from its quality. The foggy background slightly reduces the overall clarity but does not significantly impact the visibility of the main object, the ship."}, {"ans": [true, true, 0.8], "reasoning": "The image shows a painter's palette, which is the main object. The palette is empty, and there is no paint visible on it. The image is slightly blurry, but the main object is still recognizable. The quality of the image is good, with some minor blurring."}, {"ans": [true, false, 1.0], "reasoning": "The image clearly depicts a typewriter on a table. The typewriter is centered and visible, with its keys facing the camera. The keys are present and visible, indicating that they are not missing. The image is clear and well-lit, with no visible artifacts or distortions that would affect its quality."}, {"ans": [true, false, 0.9], "reasoning": "The image is showing a mug with a handle, so the answer to the first question is True. The handle is visible, so the answer to the second question is False. The image is clear and well-defined, with no visible artifacts or distortions, so the quality score is 0.9. The slight shadow under the mug and the steam rising from it suggest a well-lit and realistic scene."}, {"ans": [true, false, 1.0], "reasoning": "The image shows two katanas, one with a visible blade and the other without. The presence of the katanas satisfies the first question. For the second question, the blade of the lower katana is not visible, but the upper katana's blade is clearly visible. The image is of high quality with no visible artifacts or distortions."}, {"ans": [true, true, 1.0], "reasoning": "The image clearly shows a smartphone with a screen that is not displaying any content, appearing black. The phone is centered on a marble surface, and the image is sharp and clear. The screen is visible but not displaying any content, so it is considered 'not visible' in the context of displaying information. The image quality is high, with no visible artifacts or distortions."}, {"ans": [true, false, 0.9], "reasoning": "The image clearly shows an airplane on a runway or tarmac, with its body, engines, and wings visible. The presence of the airplane is evident, so the answer to the first question is True. For the second question, the wings are visible, so they are not missing or not visible, making the answer False. The image quality is high, with clear details of the airplane and its surroundings, but there is a slight haze and reflection that might slightly reduce the clarity, hence a quality score of 0.9."}, {"ans": [true, false, 0.95], "reasoning": "The image shows a cowboy hat hanging on a hook. The hat has a visible brim, which is a key characteristic of a cowboy hat. The image is clear and well-lit, with no visible artifacts or distortions that would affect the quality. The quality score is 0.95 because the image is very clear and well-defined, but not perfect due to a slight shadow on the wall."}, {"ans": [true, false, 0.9], "reasoning": "The image clearly shows a frog sitting on a lily pad. The frog's legs are visible, with one leg tucked under its body and the other leg hanging over the edge of the lily pad. The image is sharp and clear, with no visible artifacts or distortions that would affect the quality. The only reason for a quality score less than 1 is the slight blurring of the background."}, {"ans": [true, false, 0.9], "reasoning": "The image shows a teapot with a spout, handle, and lid, placed on a round, tan-colored tray. The teapot is white with blue floral designs. The main object, the teapot, is clearly visible and identifiable. The spout is present and visible, so it is not missing or invisible. The image is clear and well-lit, with no significant artifacts or distortions that would affect the visibility of the teapot or its features. The quality of the image is high, with a score of 0.9, as it is slightly affected by a reflection on the teapot."}, {"ans": [true, false, 1.0], "reasoning": "The image clearly depicts a snowman with a head, wearing a hat and scarf, in a snowy setting. The snowman is the main object and is fully visible, indicating that the head is present. The image is of high quality with no visible artifacts or distortions."}, {"ans": [true, true, 0.9], "reasoning": "The image is showing a laptop, which is the main object. The laptop is positioned in a way that its keyboard is not visible, as it is closed. The image is clear and well-lit, with no visible artifacts or distortions. The quality of the image is high, with a score of 0.9. The keyboard is not visible, so the answer to the second question is True."}, {"ans": [true, false, 0.9], "reasoning": "The image is showing a pair of glasses on an open book. The glasses have lenses, so they are not absent. The image is clear and well-focused, with no visible artifacts or distortions that would detract from its quality. The main object, the glasses, is clearly visible and centered in the frame. Therefore, the answer to Question 1 is True, and the answer to Question 2 is False. The quality of the image is rated as 0.9, as it is a clear and well-composed photograph."}, {"ans": [true, false, 0.8], "reasoning": "The image depicts a railroad track with rails, as indicated by the two parallel lines and the cross ties in between. The rails are clearly visible, so the answer to the second question is False. The image is of high quality, with clear details and no visible artifacts or distortions, but the slight grainy texture reduces the quality score to 0.8."}, {"ans": [true, false, 0.6], "reasoning": "The image is showing a streetlamp with a bulb. The bulb is visible inside the lamp. The image quality is affected by noise and a somewhat blurry appearance, but the main object (the streetlamp) is clear. Therefore, the answer to Question 1 is True because the image shows a streetlamp. The answer to Question 2 is False because the bulb is visible. The quality score is 0.6 due to the presence of noise and a slightly blurry appearance."}, {"ans": [true, false, 0.7], "reasoning": "The image depicts a swing hanging from a tree branch, with a visible seat. The presence of the swing satisfies the first question. The seat is clearly visible, so the answer to the second question is False. The image quality is affected by a grainy texture and a somewhat unnatural color tone, but it is still clear enough to discern the main elements."}, {"ans": [true, true, 0.8], "reasoning": "The image shows a grand piano with its lid open. The interior of the piano is not clearly visible, and there is no clear indication of the presence or absence of strings. However, based on the visible parts of the piano, it can be confirmed that the image is showing a piano. Therefore, the answer to Question 1 is True. For Question 2, since the strings are not visible, it is considered that they are missing or invisible. Hence, the answer is True. The quality of the image is rated 0.8 because it is slightly blurry but still clearly shows the main object, which is the piano."}, {"ans": [true, false, 0.9], "reasoning": "The image shows an umbrella with its fabric intact and visible. The main object in the image is an umbrella, which is clearly identifiable. The fabric of the umbrella is present and not missing. The image is in grayscale, and the lighting creates a shadow on the wall behind the umbrella, indicating a somewhat realistic rendering. The quality of the image is high, with clear details and no visible artifacts or distortions that would significantly impact the perception of the umbrella or its fabric. Therefore, the answer to the first question is True because the image is showing an umbrella. The answer to the second question is False because the fabric is visible and not missing. The quality score is 0.9, as the image is clear and well-rendered, with no significant issues."}, {"ans": [true, false, 0.95], "reasoning": "The image clearly shows a white sneaker, which is the main object. The sneaker has a sole, and it is visible. The image is of high quality, with clear details of the sneaker and its surroundings. The only reason for not giving it a perfect score is the slight blurring in the background, but it does not affect the visibility of the main object."}, {"ans": [true, false, 0.9], "reasoning": "The image depicts a red fire hydrant with visible outlets on its sides. The main object in the image is indeed a fire hydrant, so the answer to the first question is True. The outlets are visible on the sides of the hydrant, so they are not missing or invisible, making the answer to the second question False. The image is clear and shows the fire hydrant and its details without any significant artifacts or distortions, hence the quality score is 0.9. The slight deduction from 1 is due to the presence of some minor speckles around the hydrant, which could be considered noise."}, {"ans": [true, false, 1.0], "reasoning": "The image shows a banana, which is the main object. The stem is visible at the left end of the banana, so it is not missing or invisible. The image is clear and well-defined, with no visible artifacts, blurring, or other issues that would affect its quality."}, {"ans": [true, false, 0.9], "reasoning": "The image clearly shows a wall clock with Roman numerals and two hands, indicating the time. The clock is centered on the wall above a door. The hands are visible and not missing. The image is sharp and clear, with no significant artifacts or distortions that would affect the visibility of the clock or its hands. The quality is rated 0.9 because there is a slight glare on the clock face, but it does not obscure the hands or the numerals."}, {"ans": [true, false, 0.6], "reasoning": "The image is showing a peacock, so the answer to the first question is True. The peacock's tail feathers are visible, so the answer to the second question is False. The image quality is rated 0.6 because it appears to be a low-resolution or pixelated rendering, with visible artifacts and a somewhat blurry texture, but the main object (the peacock) is still clearly recognizable."}, {"ans": [true, false, 0.9], "reasoning": "The image clearly shows a shopping cart with wheels. The main object, a shopping cart, is present in the image. The wheels are visible, so they are not missing or not visible. The image quality is high, with clear details of the cart and its wheels, but there is some minor pixelation that slightly reduces the quality score to 0.9."}, {"ans": [true, false, 0.9], "reasoning": "The image is showing a compass with a visible needle. The compass is centered in the image and is clearly visible. The needle is also visible and appears to be pointing towards the top of the image. The image is of high quality, with clear details and no visible artifacts or distortions. The background is a map, which is slightly blurry but does not affect the visibility of the compass. Therefore, the answer to Question 1 is True, the answer to Question 2 is False, and the quality of the image is 0.9."}, {"ans": [true, false, 0.9], "reasoning": "The image clearly shows a violin, which is the main object. The violin is well-defined and centered in the image. Upon closer inspection, the bridge is visible, holding the strings above the body of the violin. The image is sharp and well-lit, with no significant artifacts or distortions that would detract from its quality. The only reason the quality score is not 1 is due to the slight shadowing and the texture of the background, which might be considered minor imperfections."}, {"ans": [true, false, 0.95], "reasoning": "The image clearly depicts a motorcycle, so the answer to Question 1 is True. The engine is visible in the image, so the answer to Question 2 is False. The image is of high quality with clear details and no visible artifacts or distortions, so the quality score is 0.95. The slight deduction is due to the subtle gradient background which might be considered a minor imperfection but does not significantly impact the overall clarity of the motorcycle."}, {"ans": [true, false, 0.9], "reasoning": "The image shows a wristwatch with a white face and brown leather strap on a marble surface. The watch face is clearly visible and has hands, so the answer to the first question is True. The hands are visible, so the answer to the second question is False. The image is sharp and clear, with no visible artifacts or distortions, but the top left corner is slightly out of focus, hence the quality score is 0.9."}, {"ans": [true, false, 0.7], "reasoning": "The image shows a bus, which is the main object, so the answer to the first question is True. The bus has visible windows on its side and front, so the answer to the second question is False. The image quality is slightly grainy and has a noticeable noise, which decreases the quality score to 0.7. The bus is clearly visible, and the key elements are discernible, but the image could be sharper."}, {"ans": [true, false, 1.0], "reasoning": "The image clearly shows a flamingo standing in water, with its wings partially visible. The wings are not missing or invisible; they are tucked in and partially visible under the bird's body. The image is of high quality, with clear details and no visible artifacts or distortions."}, {"ans": [true, true, 0.9], "reasoning": "The image shows a book with its cover open, revealing the inside cover but not the pages. The main object in the image is a book, so the answer to the first question is True. The pages are not visible, so the answer to the second question is True. The image is of high quality, with clear details and no visible artifacts or distortions, so the quality score is 0.9."}, {"ans": [true, true, 0.9], "reasoning": "The image depicts a knight statue, specifically a suit of armor, which is the main object. The armor is fully visible, and there is no sword present or visible in the image. The image is of high quality, with clear details and no noticeable artifacts or distortions. The quality score is 0.9 because the image is very clear and well-defined, with no significant issues affecting its quality."}, {"ans": [true, false, 1.0], "reasoning": "The image clearly shows a ring with a gemstone. The ring is centered on a red velvet pillow, and the gemstone is visible and clearly defined. The image is sharp and well-lit, with no visible artifacts or distortions. Therefore, the answer to the first question is True. Since the gemstone is visible, the answer to the second question is False. The quality of the image is high, with a score of 1.0, as it is clear and well-defined."}, {"ans": [true, false, 0.9], "reasoning": "The image depicts a windmill with three visible blades, standing in a field of sunflowers. The presence of the windmill directly answers Question 1, confirming that the image is showing a windmill. For Question 2, the blades are clearly visible, so they are not missing or invisible. The image is of high quality, with clear details and natural colors, but the quality score is slightly reduced to 0.9 due to some minor pixelation visible upon close inspection."}, {"ans": [true, false, 1.0], "reasoning": "The image clearly shows a skateboard with its wheels visible. The skateboard is positioned on a flat surface, and the wheels are not missing or obscured from view. The image is sharp and well-lit, with no visible artifacts or distortions that would affect its quality."}, {"ans": [true, false, 0.95], "reasoning": "The image clearly depicts a tortoise with a visible shell. The tortoise is centered in the image, and its shell is prominent and detailed. The image is well-rendered with clear details, indicating a high-quality image. The only reason for not giving it a perfect score is the slight texture visible upon close inspection, which might be considered a minor artifact."}, {"ans": [true, false, 0.8], "reasoning": "The image clearly shows a camera mounted on a tripod, with a lens attached to it. The camera is positioned in front of a cityscape at dusk or dawn, with the city lights visible in the background. The camera and lens are in sharp focus, while the background is blurred. There are no visible artifacts, blurring, or other issues that would significantly impact the image quality. The lens is clearly visible and attached to the camera, so it is not missing or invisible."}, {"ans": [true, true, 0.2], "reasoning": "The image depicts a long, arched structure with a transparent roof and walls, surrounded by lush greenery on both sides, which is characteristic of a greenhouse. The presence of a path leading through the center further supports this identification. However, the glass panels are not visible; instead, the image suggests the use of a transparent plastic or polycarbonate material for the roof and walls. The image is very hazy and lacks clear details, indicating a low quality score due to the presence of significant artifacts or blurring."}, {"ans": [true, true, 0.9], "reasoning": "The image shows a firefighter's helmet, which is the main object. The helmet appears to be red and shiny, with a black strap underneath it. The visor is not visible, suggesting that it is either missing or not attached. The image is clear and well-lit, with no visible artifacts or distortions. The quality of the image is high, with a score of 0.9. The main object is clearly visible, and the lack of visor does not affect the overall quality of the image."}, {"ans": [true, false, 0.8], "reasoning": "The image clearly shows a bicycle leaning against a wall. Both wheels of the bicycle are visible, indicating that they are not missing. The image quality is somewhat diminished due to a grainy texture and possible artifacts from editing or compression, but the main object (the bicycle) is still clearly identifiable. The presence of both wheels means that the condition for 'wheels missing or not visible' is not met."}, {"ans": [true, false, 0.95], "reasoning": "The image clearly shows a wristwatch with a white face and brown leather strap. The watch face is visible and has hands, so the main object is present. The hands are visible, so they are not missing or not visible. The image is of high quality, with clear details and no visible artifacts or distortions, but the quality score is slightly decreased to 0.95 due to a small hole visible on the surface below the watch."}, {"ans": [true, false, 1.0], "reasoning": "The image depicts a teapot with a spout, handle, and lid, featuring a blue floral pattern on a white background. The teapot is placed on a table covered with a white lace tablecloth. For Question 1, the presence of a teapot is evident, so the answer is True. For Question 2, the spout is visible, so the answer is False. The image quality is high, with clear details and no visible artifacts or distortions, so the quality score is 1."}, {"ans": [true, false, 0.9], "reasoning": "The image clearly shows a pair of eyeglasses on top of an open book. The eyeglasses are visible and appear to have lenses, so the answer to the first question is True. The lenses are present, so the answer to the second question is False. The image is well-lit and in focus, with some shadows cast by the eyeglasses and the book's pages. The overall quality of the image is high, with a score of 0.9. The slight shadowing and texture of the book's pages add to the image's realism, but there are no significant artifacts or distortions that would detract from its quality."}, {"ans": [true, false, 0.8], "reasoning": "The image depicts a sailboat with a mast and sail, docked at a pier. The sailboat is the main object in the image, and it is clearly visible. The mast is present and visible, supporting the sail. The image is of good quality, with clear details and no significant artifacts or distortions. However, there is a slight graininess to the image, which reduces its quality score to 0.8."}, {"ans": [true, false, 0.95], "reasoning": "The image clearly shows a globe with a stand on a table. The globe is centered and prominently displayed. The stand is visible and supports the globe. The image is sharp and well-lit, with no visible artifacts or distortions that would affect the quality. The quality score is 0.95 because the image is very clear and detailed, with no noticeable issues."}, {"ans": [true, false, 0.8], "reasoning": "The image depicts an umbrella leaning against a wall. The umbrella is closed, and its canopy is not visible but it is implied to be present as the object is identified as an umbrella. The image is clear and well-defined, showing the details of the umbrella and its surroundings. There are no significant artifacts or distortions that would detract from the overall quality of the image."}, {"ans": [true, false, 1.0], "reasoning": "The image clearly shows a guitar with its body and neck visible. The strings are also visible, running from the tuning pegs at the top of the neck down to the bridge on the body of the guitar. The image is well-lit and there are no visible artifacts, blurring, or other issues that would detract from its quality. Therefore, the answer to Question 1 is True because there is a guitar in the image. The answer to Question 2 is False because the strings are visible. The quality of the image is rated as 1 because it is clear and well-rendered."}, {"ans": [true, false, 0.8], "reasoning": "The image depicts a lighthouse on a rocky outcrop in the sea. The lighthouse is the main object and is clearly visible despite the foggy conditions. It has a distinctive red and white striped pattern. The presence of a door is not clearly visible, but there are structures at the base that could include a door. The image is somewhat hazy due to the fog, which reduces its clarity but does not obscure the main object. The quality score is 0.8 because the image is slightly blurry due to the fog, but it does not contain artifacts, unnatural colors, or other significant issues."}, {"ans": [true, false, 0.9], "reasoning": "The image clearly shows a jet airplane in a hangar with its wings visible on both sides. The presence of the airplane answers the first question affirmatively. For the second question, the wings are clearly visible, so they are not missing or not visible. The image quality is generally good, but there are some minor artifacts and pixelation visible upon close inspection, which is why the quality score is not 1."}, {"ans": [true, true, 0.7], "reasoning": "The image depicts a fortress situated on a rocky outcrop, surrounded by mountains and a river. The fortress is the main object in the image and is clearly visible. There is no visible drawbridge in the image, and the entrance to the fortress appears to be an archway in the rock face, suggesting that the drawbridge might be missing or not visible. The image quality is somewhat diminished due to a textured, canvas-like effect and a slightly blurry appearance, but the main elements are still discernible."}, {"ans": [true, true, 0.9], "reasoning": "The image features a vintage car parked in a lot at dusk, with a streetlight illuminating the scene. The car is positioned facing to the right, and its headlights are not visible as they are not turned on and are in shadow. The image is clear and well-lit, with the streetlight providing sufficient illumination. The quality of the image is high, with no visible artifacts or distortions. Therefore, the answer to Question 1 is True, as there is a sedan in the image. The answer to Question 2 is also True, as the headlights are not visible. The quality of the image is rated 0.9, as it is clear and well-lit, with no significant issues."}, {"ans": [true, false, 0.8], "reasoning": "The image depicts a tree with a large, sprawling canopy and a thick trunk, which is consistent with the appearance of an oak tree. The tree has leaves, so it is not leafless. The image is of high quality, with clear details and no visible artifacts or distortions that would detract from the overall clarity of the image, although it has a slightly pixelated texture."}, {"ans": [true, false, 0.9], "reasoning": "The image clearly shows a frog sitting on a lily pad. The frog is visible and appears to be intact with its legs visible. The image is of high quality with clear details of the frog and its surroundings. The legs of the frog are visible, so they are not missing or not visible. The quality of the image is high, with clear details and no visible artifacts or distortions."}, {"ans": [true, false, 0.2], "reasoning": "The image is blurry, but it appears to show a wooden rocking chair on a porch. The chair is visible and appears to be intact, with no obvious signs of the seat being missing. The blurriness of the image makes it difficult to discern finer details, but the overall structure of the chair is visible. The image quality is rated low due to the significant blurriness and visible artifacts, which obscure the clarity of the scene."}, {"ans": [true, false, 0.9], "reasoning": "The image clearly shows a film camera with a lens attached to it. The camera is positioned on a reflective surface, and the lens is visible and appears to be securely attached. The image is sharp and well-lit, with no visible artifacts or distortions that would affect the quality. Therefore, the answer to Question 1 is True because there is a film camera in the image. The answer to Question 2 is False because the lens is present and not absent. The quality of the image is rated 0.9 because it is clear and well-defined, with no noticeable issues."}, {"ans": [true, true, 0.9], "reasoning": "The image shows a book standing upright on a table. The book's cover is visible, but its pages are not. The book appears to be closed, and there is no visible indication of the pages being present or visible. The image is clear and well-lit, with no significant artifacts or distortions that would affect the assessment. Therefore, the answer to Question 1 is True because there is a book in the image. The answer to Question 2 is True because the pages are not visible. The quality of the image is rated 0.9 because it is clear and well-defined, with only slight blurring in the background."}, {"ans": [true, false, 1.0], "reasoning": "The image clearly shows an hourglass with sand inside it. The hourglass is the main object in the image and is visible in its entirety. The sand is also visible, filling the top and bottom bulbs of the hourglass. There are no visible artifacts, blurring, or other issues that would affect the quality of the image. Therefore, the answer to Question 1 is True, and the answer to Question 2 is False. The quality of the image is rated as 1, indicating that it is of high quality."}, {"ans": [true, false, 1.0], "reasoning": "The image shows a bird perched on a wooden post. The bird appears to be a sparrow, and it has wings, although they are folded against its body. The presence of wings is evident from the shape and structure of the bird's body. Therefore, the answer to Question 1 is True because there is a sparrow in the image. The answer to Question 2 is False because the wings are not absent; they are visible, albeit folded. The image is clear and well-defined, with no visible artifacts or distortions, so the quality score is 1.0."}, {"ans": [true, true, 0.6], "reasoning": "The image depicts a tall, narrow tower with a pointed roof, which appears to be a clock tower. However, upon closer inspection, there is no visible clock face on the tower. The image is somewhat grainy and lacks clarity, which reduces its quality. Despite this, the main object (the tower) is still discernible. Therefore, the answer to Question 1 is True because there is a clock tower present. The answer to Question 2 is also True because the clock face is not visible. The quality of the image is rated 0.6 due to its grainy texture and lack of clarity, but not because the clock face is missing."}, {"ans": [true, false, 0.95], "reasoning": "The image shows a black ski mask with eye holes on a wooden table in front of a row of white lockers. The ski mask is clearly visible and has two distinct eye holes, indicating that the eye holes are present and not missing. The image is well-lit and clear, with no visible artifacts or distortions that would affect the quality. Therefore, the answer to Question 1 is True, as there is a ski mask in the image. The answer to Question 2 is False, as the eye holes are visible and not missing. The quality of the image is rated 0.95, as it is clear and well-defined, with only minor potential issues with the slight shadowing on the lockers."}, {"ans": [true, false, 1.0], "reasoning": "The image clearly shows a frying pan with a handle. The handle is visible and not missing. The image is of high quality with no visible artifacts or distortions."}, {"ans": [true, false, 1.0], "reasoning": "The image depicts a red scooter with handlebars, answering the first question affirmatively as there is a scooter present. For the second question, the handlebars are visible, so they are not missing or invisible. The image is clear and of high quality, showing the scooter and its details without any visible artifacts or distortions, thus warranting a quality score of 1.0."}, {"ans": [true, false, 0.9], "reasoning": "The image clearly shows a snail with a shell on a leaf. The snail is centered and visible, indicating that the main object is present. The shell is also clearly visible on the snail's back, so it is not absent. The image is of high quality, with clear details and no visible artifacts or distortions. The only reason for not giving it a perfect score is the slight darkness at the corners, but it does not affect the visibility of the main object."}, {"ans": [true, true, 0.7], "reasoning": "The image depicts a backpack leaning against a tree trunk in a forest setting. The backpack is the main object and is clearly visible, indicating that the answer to the first question is True. The straps of the backpack are not visible, as they are either tucked away or not present, which means the answer to the second question is True. The image quality is somewhat compromised due to its grainy texture and slightly blurry focus, but it is still possible to discern the main object and its context, hence a quality score of 0.7."}, {"ans": [true, true, 0.6], "reasoning": "The image depicts a mailbox mounted on a wooden post in a field. The mailbox is black and has a red flag on the left side. The flag is visible but not clearly raised or lowered, however, upon closer inspection, it appears that the flag is not raised or is possibly missing its tip, but it is still present. The image is slightly blurry, which affects its quality. For Question 1, the presence of a mailbox is confirmed, so the answer is True. For Question 2, the flag is present but not raised, so the answer is False. However, if we interpret 'absent' as not being visible or not being in the raised position, there might be confusion. Given the flag is visible but not raised, the answer to 'Is the flag absent?' should be False. The image quality is rated 0.6 due to the blurriness and potential artifacts."}, {"ans": [true, false, 1.0], "reasoning": "The image clearly depicts a vintage television set with a visible screen. The television is centered in the image, and its screen is turned on, displaying a blank or static screen. The presence of the television answers the first question affirmatively. Since the screen is visible, the answer to the second question is negative, indicating that the screen is not missing or not visible. The image is of high quality, with clear details and no visible artifacts or distortions."}, {"ans": [true, true, 0.9], "reasoning": "The image features a desk lamp with a brass finish, positioned on a white surface next to a stack of white paper. The lamp is turned on, casting a warm glow on the paper. The bulb is not visible as it is likely enclosed within the lamp's shade. For Question 1, the presence of a lamp is confirmed, so the answer is True. For Question 2, the bulb is not visible, and it is assumed to be absent because it is not seen, so the answer is True. The image quality is rated 0.9 because it is clear and well-lit, with no visible artifacts or distortions."}, {"ans": [true, false, 0.8], "reasoning": "The image shows a helmet with a visor, so the answer to the first question is True. The visor is clearly visible, so the answer to the second question is False. The image quality is good, but there are some minor artifacts and dust spots visible, which is why the quality score is 0.8 rather than 1."}, {"ans": [true, true, 0.7], "reasoning": "The image features a grand piano on a stage illuminated by spotlights. The piano is depicted in silhouette, making it impossible to see the keys. The presence of the piano is clear, but the keys are not visible due to the lighting conditions."}, {"ans": [true, false, 1.0], "reasoning": "The image clearly shows a windmill in a field. The windmill has blades, so it is not absent. The image is of high quality with no visible artifacts or distortions."}, {"ans": [true, true, 1.0], "reasoning": "The image depicts a telescope mounted on a stand, with the telescope's body and mount clearly visible. The eyepiece is not visible as it is obscured by the telescope's body. The image is clear and well-lit, with no visible artifacts or distortions. Therefore, the answer to Question 1 is True, as there is a telescope in the image. The answer to Question 2 is also True, as the eyepiece is not visible. The quality of the image is rated 1.0, as it is clear and free of any noticeable issues."}, {"ans": [true, false, 0.6], "reasoning": "The image depicts a stroller with a canopy, positioned in front of a bench in a park. The stroller is clearly visible and appears to be intact, with its wheels present and visible. The image is somewhat blurry, which affects its quality. However, the main object, the stroller, is identifiable. The wheels of the stroller are visible, indicating they are not missing. Therefore, the answer to the first question is True, as there is a stroller in the image. The answer to the second question is False, because the wheels are visible and not missing. The quality of the image is rated 0.6 due to its blurriness."}, {"ans": [true, false, 0.9], "reasoning": "The image shows a cat sleeping on a windowsill. The cat is clearly visible and appears to be a domestic cat with orange fur. The tail is also visible, hanging down from the edge of the windowsill. The image is clear and well-lit, with no visible artifacts or distortions. The quality of the image is high, with a score of 0.9. For question 1, the answer is True because there is a cat in the image. For question 2, the answer is False because the tail is not absent; it is visible hanging down from the windowsill."}, {"ans": [true, false, 0.9], "reasoning": "The image clearly depicts a pipe with a stem resting on a brown leather-bound book. The pipe is emitting smoke, and the stem is visible, extending from the bowl of the pipe to the right side of the image. The presence of the pipe and its stem is evident, indicating that the stem is not missing. The image is of high quality, with clear details and no visible artifacts or distortions that would detract from the visibility of the main objects. The slight wear on the wooden surface in the background adds a sense of realism without compromising the clarity of the main subjects."}, {"ans": [true, false, 0.9], "reasoning": "The image shows a fountain pen with a visible nib. The pen is centered in the image and is casting a shadow on the background. The nib is clearly visible at the tip of the pen. The image is well-lit and the details of the pen are clearly visible, indicating a high-quality image. However, there are some shadows cast on the background, which slightly reduces the overall quality score to 0.9."}, {"ans": [true, true, 0.95], "reasoning": "The image shows a framed painting on a wall. The frame is gold and ornate, and it contains a sepia-toned painting of a scene with people. There is no visible glass covering the painting. The image is clear and well-lit, with a slight shadow under the frame. The quality of the image is high, with no noticeable artifacts or distortions."}, {"ans": [true, true, 0.8], "reasoning": "The image features a skateboard with a unique design, positioned on a surface with a graffiti-like pattern. The skateboard is clearly visible, indicating that it is present in the image. However, upon closer inspection, it becomes apparent that the wheels are not visible, suggesting that they might be missing or obscured from view. The image quality is generally good, with clear details of the skateboard and its design, although there is some blurring around the edges. The overall quality is rated at 0.8 due to the slight blurring, but this does not significantly impact the visibility of the main object or the assessment of the wheels."}, {"ans": [true, false, 0.9], "reasoning": "The image clearly shows a ring with a gemstone in a ring box. The ring is the main object, and it is present in the image. The gemstone is also visible and appears to be a diamond. The image is well-lit, with a clear view of the ring and its details. The quality of the image is high, with no visible artifacts or distortions. The only reason for a quality score less than 1 is the slight shadowing and the fact that the background is not perfectly uniform, but these do not detract significantly from the overall clarity of the image."}, {"ans": [true, false, 0.9], "reasoning": "The image clearly shows a rocket on a launchpad, so the answer to the first question is True. The rocket has visible fins at its base, so the fins are not missing or not visible, making the answer to the second question False. The image quality is generally good but has a pixelated effect, which slightly reduces its quality. Hence, the quality score is 0.9."}, {"ans": [true, false, 0.8], "reasoning": "The image shows a pair of headphones on a soundboard. The headphones are clearly visible and appear to be intact, with no visible damage or removal of parts. The ear pads are present and not missing. The image is slightly blurry, which affects the quality score. However, the main object (headphones) is still clearly identifiable."}, {"ans": [true, true, 0.9], "reasoning": "The image shows a folded T-shirt with a rectangular orange design on the front. The T-shirt is folded in a way that its sleeves are not visible, suggesting they are either missing or not visible due to the folding. The image is clear and well-defined, indicating good quality. However, there is a slight pixelation noticeable upon close inspection, which slightly reduces the quality score to 0.9."}, {"ans": [true, false, 0.9], "reasoning": "The image clearly shows a snowman in the foreground with a house and trees in the background. The snowman is wearing a top hat and has a face made of coal or stones, with a carrot nose. The presence of the snowman directly answers Question 1. For Question 2, the nose is visible and appears to be made of a carrot. The image is of high quality with clear details of the snowman and the background, though it has a slight blur."}, {"ans": [true, false, 1.0], "reasoning": "The image shows a sneaker on a sandy beach, partially covered in sand and with laces visible. The main object, a sneaker, is present in the image, so the answer to Question 1 is True. The laces are visible and not absent, so the answer to Question 2 is False. The image is clear and of high quality, with no visible artifacts or distortions, so the quality score is 1.0."}, {"ans": [true, false, 0.95], "reasoning": "The image clearly shows a lantern hanging from the ceiling. The lantern is intact with its glass panes visible and not damaged or missing. The quality of the image is high, with clear details of the lantern and its surroundings. The only reason for not giving it a perfect score is the slight blurring around the edges, but it doesn't affect the main subject."}, {"ans": [true, false, 0.9], "reasoning": "The image clearly shows a keyboard with a spacebar. The keyboard is illuminated with a colorful glow, and the spacebar is visible and intact. The image is of high quality, with clear details and no visible artifacts or distortions. The only reason for not giving it a perfect score is the slight shadow and lighting effect that could be considered a minor artifact."}, {"ans": [true, false, 0.9], "reasoning": "The image clearly shows a teddy bear sitting on a bed surrounded by fairy lights. The teddy bear is beige with a white muzzle and brown nose, and it has two small black eyes. The presence of the teddy bear answers the first question affirmatively. For the second question, the eyes are visible, so they are not absent. The image is of high quality, with clear details and no visible artifacts or distortions that would significantly impact the perception of the main object or its features. The slight decrease in quality score is due to the soft focus and the fairy lights creating a slight haze around the teddy bear, but the main object remains clear and well-defined."}, {"ans": [true, false, 0.6], "reasoning": "The image depicts a basketball hoop with a net, so the answer to the first question is True. The net is visible and not missing, so the answer to the second question is False. The image quality is compromised due to its grainy, low-contrast, and slightly blurry nature, resulting in a quality score of 0.6."}, {"ans": [true, false, 1.0], "reasoning": "The image clearly shows a wine glass with a stem on a table setting. The glass is positioned on a folded napkin, accompanied by a fork and knife. The presence of the wine glass answers the first question affirmatively. For the second question, the stem is visible and present, so the answer is negative. The image is of high quality, with clear details and no visible artifacts or distortions."}, {"ans": [true, false, 1.0], "reasoning": "The image depicts a pocket mirror with an ornate silver frame and a reflective surface. The mirror is positioned on a white marble surface, and its reflective surface is clearly visible. Therefore, the answer to Question 1 is True because there is a pocket mirror in the image. The answer to Question 2 is False because the reflective surface is visible. The quality of the image is rated 1.0 as it is clear and free of any visible artifacts or distortions."}]