[{"ans": [true, false, 1.0], "reasoning": "The image clearly shows a sailboat on the water with its sails visible and fully deployed. The presence of the sails and the boat's design confirm it is a sailboat. Since the sails are visible, they are not missing or invisible."}, {"ans": [true, false, 1.0], "reasoning": "The image clearly shows a bicycle leaning against a brick wall. The bicycle is red with silver accents and has a visible chain connecting the pedals to the rear wheel. Therefore, for Question 1, the answer is True because the image is showing a bicycle. For Question 2, the answer is False because the chain is visible and not missing. The quality of the image is rated 1 because it is clear and well-lit, showing all the necessary details of the bicycle without any obstruction."}, {"ans": [true, false, 0.9], "reasoning": "The image clearly shows a cat sitting on a windowsill. The cat is the main object in the image, and it is visible and identifiable. Therefore, the answer to Question 1 is True. The whiskers of the cat are clearly visible on both sides of its face, so the answer to Question 2 is False. The image is well-lit and in focus, with the cat being the central subject. The quality of the image is high, so the quality score is 0.9."}, {"ans": [true, true, 1.0], "reasoning": "The image depicts a stone archway with a pathway leading to a tower in the distance, surrounded by stone walls, which is consistent with the architecture of a castle. The gates are not visible, suggesting they are either missing or not visible. The image is clear and well-defined, indicating a high-quality image."}, {"ans": [true, false, 1.0], "reasoning": "The image clearly shows a hot-air balloon with a visible basket. The balloon is centered in the image, and the basket is hanging below it, making it visible. Therefore, the answer to Question 1 is True because the image is showing a hot-air balloon. The answer to Question 2 is False because the basket is not missing; it is visible in the image. The quality of the image is rated 1.0 because it is clear and well-defined, with no apparent issues that would detract from its quality."}, {"ans": [true, false, 1.0], "reasoning": "The image clearly shows a turtle with a visible shell. The turtle is centered in the image, and its shell is fully visible, indicating that the shell is not missing or invisible. The image is of high quality, with clear details of the turtle and its surroundings."}, {"ans": [true, true, 1.0], "reasoning": "The image shows a silver train at a station, with people on the platform. The train is centered and facing forward, with its front lights on. The wheels of the train are not visible as they are obscured by the platform and the train's body. The image is clear and well-lit, indicating good quality."}, {"ans": [true, false, 1.0], "reasoning": "The image clearly shows a pair of eyeglasses with lenses. The lenses are visible and not missing, so the answer to the second question is False. The image is of high quality, clearly showing the details of the eyeglasses, so the quality score is 1."}, {"ans": [true, false, 1.0], "reasoning": "The image is showing a fountain pen with a visible nib. The pen is placed on a beige cloth, and the nib is clearly visible at the bottom left corner of the image. Therefore, the answer to the first question is True. The nib is not missing or invisible, so the answer to the second question is False. The image is clear and well-lit, and the pen is the main focus, so the quality score is 1."}, {"ans": [true, false, 0.9], "reasoning": "The image shows a patio umbrella with a canopy, which is the main object in the image. The canopy is visible and not missing, so the answer to the second question is False. The image is clear and well-lit, and the main object is centered in the frame, so the quality is rated as 0.9. The only reason for not giving it a perfect score is the slightly rough texture of the wall in the background, but this does not detract significantly from the overall quality of the image."}, {"ans": [true, false, 1.0], "reasoning": "The image clearly shows a white airplane on a runway, with its wings visible. The presence of the airplane directly answers the first question. For the second question, the wings are not missing or invisible; they are clearly visible on both sides of the fuselage. The image is of high quality, with clear details of the airplane and its surroundings."}, {"ans": [true, true, 1.0], "reasoning": "The image shows a desk lamp on a table with an open book. The lamp is the main object and it is a desk lamp. Therefore, the answer to the first question is True. The bulb is not visible as it is enclosed within the lamp's shade, so the answer to the second question is True. The image is clear and well-lit, showing the desk lamp and the book in detail, so the quality is rated as 1.0."}, {"ans": [true, false, 1.0], "reasoning": "The image shows an electric guitar with a visible neck, so it satisfies the condition for Question 1. The neck is clearly visible, so it does not satisfy the condition for being missing or not visible, hence the answer to Question 2 is False. The image is clear and well-lit, showing all the necessary details of the guitar, hence the quality is rated as 1."}, {"ans": [true, false, 1.0], "reasoning": "The image clearly shows a fish with visible fins, answering the first question affirmatively. For the second question, the fins are visible, so they are not missing or not visible, hence the answer is false. The image is of high quality, clearly showing the details of the fish and its surroundings, thus the quality score is 1."}, {"ans": [true, false, 1.0], "reasoning": "The image depicts a small, two-story brick house with a gable roof and a chimney, situated in a field. The house is centered in the image and appears to be a cottage. The roof is clearly visible, so it is not missing or invisible. Therefore, the answer to Question 1 is True, and the answer to Question 2 is False. The image is clear and well-lit, with no visible distortions or obstructions, so the quality is rated as 1.0."}, {"ans": [true, false, 0.9], "reasoning": "The image is taken from inside a car, showing the dashboard, steering wheel, and windshield. The presence of a steering wheel and dashboard indicates that the main object is a car. The windshield is visible, although it has water droplets on it, indicating that it is present and not missing. The quality of the image is high, with clear details of the car's interior and exterior visible through the windshield."}, {"ans": [true, false, 0.9], "reasoning": "The image is showing a keyboard with a spacebar that is visible and present. The keyboard is well-lit and centered in the image, with a clear view of all keys, including the spacebar. The quality of the image is high, with a clear and sharp representation of the keyboard. The image is not missing any key elements, and the spacebar is clearly visible."}, {"ans": [true, false, 1.0], "reasoning": "The image is a digital painting of an owl perched on a branch, with a full moon and clouds in the background. The owl is depicted in detail, with feathers visible on its body. The image clearly shows an owl, so the answer to the first question is True. The feathers are also visible, so the answer to the second question is False. The image is well-rendered and detailed, so the quality is rated as 1."}, {"ans": [true, false, 1.0], "reasoning": "The image shows a book with a brown leather cover, open to display its blank pages. The pages are visible and not missing, so the answer to the second question is False. The image is clear and well-lit, with no visible distortions or obstructions, so the quality is rated as 1.0."}, {"ans": [true, false, 1.0], "reasoning": "The image clearly shows a lighthouse, which is the main object in question. The lighthouse is depicted with a lamp visible inside the glass enclosure at the top. Therefore, for Question 1, the answer is True because the image is showing a lighthouse. For Question 2, the answer is False because the lamp is visible, hence not missing or invisible. The quality of the image is rated as 1 because it is clear and well-defined, capturing the details of the lighthouse and its surroundings effectively."}, {"ans": [true, false, 1.0], "reasoning": "The image shows a beige armchair with visible legs on a patterned rug. The chair is clearly identifiable as an armchair, satisfying the first question. The legs of the chair are visible, meaning they are not missing or invisible, which answers the second question. The image is clear and well-lit, contributing to a high-quality score."}, {"ans": [true, false, 0.9], "reasoning": "The image is clearly showing a deer with antlers standing in a forest. The deer is centered and facing the camera, making it the main object of the image. The presence of antlers is visible, so they are not missing or invisible. The image is of high quality, with clear details of the deer and its surroundings. The only reason it wouldn't be a perfect 1 is due to the slight blurring in the background, but this does not detract from the main subject."}, {"ans": [true, false, 1.0], "reasoning": "The image shows a white envelope with a visible flap. The envelope is centered on a marble surface. The presence of the envelope answers the first question affirmatively. The flap is visible, so it is not missing or not visible, answering the second question negatively. The image is clear and well-lit, hence the quality is rated as 1."}, {"ans": [true, true, 1.0], "reasoning": "The image shows a wall clock with a white face and black hands. The clock is hanging on a wall above a wooden table. The clock face has markings for hours, but there are no numbers visible. Therefore, the answer to Question 1 is True because the image is showing a wall clock. The answer to Question 2 is True because the numbers are not visible on the clock face. The quality of the image is rated as 1 because it is clear and well-defined."}, {"ans": [true, false, 1.0], "reasoning": "The image depicts a person wearing a white space suit with an American flag on the arm and chest, floating in a pool of water. The space suit is fully visible and includes a helmet with a reflective visor. The presence of the space suit is clear, and the helmet is both present and visible."}, {"ans": [true, false, 1.0], "reasoning": "The image clearly depicts a windmill with visible blades standing in a field of wheat. The presence of the windmill and its blades directly answers both questions. For Question 1, the image is showing a windmill, so the answer is True. For Question 2, the blades are visible, so they are not missing or not visible, making the answer False. The image is clear and well-lit, with the windmill and its blades clearly visible against a clear sky, indicating a high-quality image, hence the quality score is 1."}, {"ans": [true, true, 1.0], "reasoning": "The image clearly depicts a tree without leaves, as evidenced by the bare branches and the visible trunk. The absence of leaves is apparent, making the answer to the first question 'True' because the image is showing a tree. For the second question, the leaves are indeed missing, so the answer is 'True'. The image quality is rated as 1 because it is clear and well-defined, with no visible distortions or obstructions that would detract from the visibility of the tree."}, {"ans": [true, true, 0.8], "reasoning": "The image shows a yellow school bus parked in front of a building. The bus is clearly visible, and it is a bus, so the answer to the first question is True. The doors of the bus are not visible as the side of the bus is shown, and there is no clear view of the front or back doors, so the answer to the second question is True. The image is clear and well-lit, but the quality score is not 1 because the bus is not shown in its entirety, as the front and back parts are partially out of the frame."}, {"ans": [true, true, 1.0], "reasoning": "The image shows a laptop with its screen open and facing away from the viewer, displaying the back of the screen. The laptop is clearly visible on a wooden table against a white wall. For Question 1, the image is showing a laptop, so the answer is True. For Question 2, the screen is not visible because it is facing away from the viewer, so the answer is True. The image quality is rated 1 because it is clear and well-lit, and the key elements are easily identifiable."}, {"ans": [true, true, 1.0], "reasoning": "The image is showing a trumpet without a mouthpiece. The trumpet is clearly visible, and the absence of the mouthpiece is evident as it is not attached to the instrument. The image quality is good as it clearly shows the trumpet and its details."}, {"ans": [true, false, 1.0], "reasoning": "The image clearly shows a robot with a visible head in a laboratory setting. The robot is white with black and gold mechanical parts and is standing in the center of the image. The head is fully visible and not missing or obscured. Therefore, the answer to the first question is True because the image is showing a robot. The answer to the second question is False because the head is not missing or not visible. The quality of the image is rated as 1 because it is clear and well-lit, with no apparent issues or distortions."}, {"ans": [true, false, 1.0], "reasoning": "The image is showing a candle, which is the main object. The wick is visible on top of the candle, so it is not missing. The image is clear and well-lit, with no visible defects or distractions, hence the quality is rated as 1."}, {"ans": [true, false, 1.0], "reasoning": "The image shows a pizza with visible cheese, so it answers the first question as true. The cheese is visible, so the second question is answered as false. The image is clear and well-lit, showing all the details of the pizza, so the quality is rated as 1."}, {"ans": [true, false, 1.0], "reasoning": "The image shows a DSLR camera with a lens attached, so the main object is present. The lens is visible, so it is not missing. The image is clear and well-lit, with no visible distortions or obstructions, hence the quality is rated as 1."}, {"ans": [true, false, 1.0], "reasoning": "The image shows a grand piano on a stage in an auditorium. The piano is clearly visible and appears to be a standard grand piano with its lid open. The keys are visible and appear to be intact. The image is well-lit and of high quality, with clear details of the piano and the surrounding environment. Therefore, the answer to Question 1 is True because the image is showing a piano. The answer to Question 2 is False because the keys are visible and not missing. The quality of the image is rated 1 because it is clear and well-lit."}, {"ans": [true, false, 1.0], "reasoning": "The image is showing a paintbrush with bristles, so the answer to the first question is True. The bristles are visible, so the answer to the second question is False. The image is clear and well-lit, and the paintbrush is the main focus, so the quality score is 1."}, {"ans": [true, false, 0.9], "reasoning": "The image is showing a watch with a strap, so the main object (watch) is present. The strap is visible and not missing, so the answer to the second question is false. The quality of the image is rated 0.9 because it is clear and well-lit, with no visible distortions or obstructions."}, {"ans": [true, false, 0.9], "reasoning": "The image is a close-up of a young man's face with his mouth open, showing his teeth and tongue. The mouth is clearly visible, so the answer to the first question is True. The tongue is also visible inside the mouth, so the answer to the second question is False. The image is well-lit and in focus, but the quality is not perfect due to the slight blurriness around the edges, hence a quality score of 0.9."}, {"ans": [true, false, 0.9], "reasoning": "The image clearly shows a motorcycle centered in the frame, indicating that the main object is indeed a motorcycle. The handlebars are visible and appear to be intact, meaning they are not missing or invisible. The quality of the image is high, with clear details of the motorcycle and its surroundings, thus scoring a 0.9. The slight deduction is due to the somewhat unnatural lighting and setting, which might not be considered entirely realistic."}, {"ans": [true, false, 1.0], "reasoning": "The image is showing a vintage television set with a visible screen, placed on a wooden cabinet in a living room setting. The television is the main object in the image, and it is clearly visible. The screen is also visible, although it appears to be turned off or displaying a static image. Therefore, the answer to the first question is True. For the second question, since the screen is visible, the answer is False. The image quality is rated as 1.0 because it is clear and well-defined, with no visible distortions or issues that would affect the visibility of the main object or its key elements."}, {"ans": [true, false, 0.9], "reasoning": "The image clearly depicts a goat standing on a rocky outcrop, with a mountainous background. The goat is white and has horns, which are visible and clearly part of the image. Therefore, for Question 1, the answer is True because the image is showing a goat. For Question 2, the answer is False because the horns are present and visible. The quality of the image is rated 0.9, as it is clear and well-focused, with no significant issues affecting its quality."}, {"ans": [true, false, 1.0], "reasoning": "The image clearly shows a red sneaker with white laces, sitting on a wooden ledge in front of gray lockers. The sneaker is the main focus of the image and is displayed prominently. The laces are visible and appear to be part of the shoe. Therefore, the answer to Question 1 is True because the image is showing a sneaker. The answer to Question 2 is False because the laces are not missing or invisible; they are clearly visible. The quality of the image is rated as 1 because it is clear and well-lit, with no apparent issues that would detract from the visibility of the sneaker or its details."}, {"ans": [true, false, 0.95], "reasoning": "The image is clearly showing a frog sitting on a leaf. The frog's eyes are visible and clearly seen, so the eyes are not missing or not visible. The image is of high quality, with clear details of the frog's features and its surroundings. The only reason it wouldn't be a perfect 1 is due to the slight blur in the background, but this does not detract from the main subject, the frog."}, {"ans": [true, false, 1.0], "reasoning": "The image is showing a mug with a handle, so the answer to the first question is True. The handle is visible, so the answer to the second question is False. The image is clear and well-lit, and the mug is centered in the frame, so the quality score is 1.0."}, {"ans": [true, false, 1.0], "reasoning": "The image clearly shows a saxophone with its keys visible. The saxophone is the main object in the image, and it is depicted with its keys, indicating that the keys are not missing. The image is of high quality, with clear details of the saxophone and its keys."}, {"ans": [true, false, 1.0], "reasoning": "The image shows a skateboard with its wooden deck and trucks clearly visible. The wheels are also visible, attached to the trucks, so they are not missing or invisible. The image is clear and well-lit, showing all the necessary details of the skateboard."}, {"ans": [true, false, 1.0], "reasoning": "The image depicts a hat that resembles a fedora, characterized by its wide brim and indented crown. The brim is clearly visible, indicating that it is not missing. The overall presentation is clear and well-lit, suggesting a high-quality image."}, {"ans": [true, true, 0.9], "reasoning": "The image shows a motorcycle helmet with the visor in the up position, thus making it appear as if it's missing or not visible. The helmet is clearly visible and is the main object in the image, so the answer to the first question is true. Since the visor is flipped up and not covering the face area, it can be considered as 'not visible' in the context of its functional use, hence the answer to the second question is true. The image is of high quality as it clearly displays the helmet and its features."}, {"ans": [true, true, 1.0], "reasoning": "The image is showing a bedframe without a mattress. The bedframe is clearly visible and is the main object in the image. The mattress is missing, as indicated by the visible slats on the bedframe. The image is of high quality, with clear details and no visible distortions."}, {"ans": [true, false, 1.0], "reasoning": "The image depicts a brick clock tower with a visible clock face. The clock tower is the main object in the image, and it is clearly visible. The clock face is also visible, indicating that it is not missing. Therefore, the answer to the first question is True, and the answer to the second question is False. The image is of high quality, with clear details of the clock tower and its surroundings, so the quality score is 1.0."}, {"ans": [true, false, 1.0], "reasoning": "The image shows a pocket watch with a white face and black Roman numerals, along with visible hands. The presence of the watch and its details are clear, indicating a high-quality image. The hands are visible, so they are not missing or invisible."}, {"ans": [true, false, 1.0], "reasoning": "The image clearly shows a red bicycle with visible components, including the frame, wheels, and gears. The pedals are present and visible on the bicycle, attached to the crankset. Therefore, the answer to Question 1 is True because the image is showing a bicycle. The answer to Question 2 is False because the pedals are not missing and are visible. The quality of the image is rated 1 because it is clear and well-lit, with all relevant details of the bicycle visible."}, {"ans": [true, false, 0.9], "reasoning": "The image is a portrait of a woman with visible eyes. The woman is depicted with brown hair and brown eyes, and she is wearing a black shirt. The background is a plain gray color. The overall quality of the image is high, with clear details and realistic features. The eyes are clearly visible, so they are not missing or invisible."}, {"ans": [true, true, 0.9], "reasoning": "The image clearly shows a grand piano on a stage with its lid open, revealing the internal strings and mechanism. The hammers are not visible from the current angle, as they are likely hidden behind the piano's structure or not illuminated by the stage lights. Therefore, for Question 1, the image is showing a grand piano, so the answer is True. For Question 2, since the hammers are not visible, the answer is True. The quality of the image is rated 0.9 because it is clear and well-lit, with no apparent distortions or obstructions that would hinder the view of the grand piano."}, {"ans": [true, false, 1.0], "reasoning": "The image depicts a sailing ship with its sails clearly visible. The ship is shown in the middle of the ocean, and its sails are fully extended, indicating that it is sailing. The image is of high quality, with clear details of the ship and its surroundings."}, {"ans": [true, false, 1.0], "reasoning": "The image is showing a large tree with a thick trunk and sprawling branches, which is characteristic of an oak tree. The tree has green leaves, indicating it is not missing them. The image is clear and well-lit, with good detail visible in the tree and its surroundings, hence the quality is rated as 1."}, {"ans": [true, false, 1.0], "reasoning": "The image depicts a stone cottage with a tiled roof, chimney, and vines growing on its walls. The door is clearly visible, which means it is not missing or invisible. Therefore, the answer to Question 1 is True because the image shows a cottage. The answer to Question 2 is False because the door is visible. The quality of the image is rated as 1.0 because it is clear and well-defined, and the presence or absence of the door does not affect the quality score according to the instructions."}, {"ans": [true, false, 0.9], "reasoning": "The image clearly shows a passenger jet on a runway, indicating that the main object is indeed a passenger jet. The wings are visible on both sides of the aircraft, so they are not missing or invisible. The image is of high quality, with clear details of the aircraft and its surroundings."}, {"ans": [true, true, 1.0], "reasoning": "The image clearly shows a wristwatch with a white face and brown leather strap on top of a tan leather surface. The watch face has black hands and markings but no numbers. Therefore, the main object (wristwatch) is present, answering Question 1 as True. For Question 2, the numbers are not visible on the watch face, so the answer is True. The image is clear and well-lit, showing the watch and its details, so the quality is rated as 1."}, {"ans": [true, false, 1.0], "reasoning": "The image shows a pizza with a visible crust, tomato sauce, mozzarella cheese, and basil leaves. The presence of the pizza is clear, so the answer to the first question is True. The cheese is visible on the pizza, so the answer to the second question is False. The image is clear and well-lit, showing all the details of the pizza, so the quality is rated as 1."}, {"ans": [true, true, 1.0], "reasoning": "The image depicts a city street with traffic signals visible at the top center. The traffic signals are present but the lights within them are not illuminated, appearing dark. Thus, for Question 1, the image is showing traffic signals, so the answer is True. For Question 2, the lights are not visible or are missing from the traffic signals, so the answer is True. The quality of the image is rated 1 because it is clear and well-defined, with the key elements (traffic signals) clearly visible."}, {"ans": [true, false, 0.9], "reasoning": "The image is showing a skateboard with wheels. The skateboard is lying on a concrete surface, and its trucks and wheels are clearly visible. The wheels are attached to the trucks, which are attached to the skateboard deck. The image is well-lit, and the skateboard is in sharp focus. Therefore, the answer to Question 1 is True. Since the wheels are visible, the answer to Question 2 is False. The quality of the image is rated 0.9 because it is clear and well-lit, with no visible distortions or obstructions."}, {"ans": [true, false, 0.9], "reasoning": "The image is showing a chessboard with pieces on it, so the answer to the first question is True. The black pieces are visible on the board, so the answer to the second question is False. The image is of high quality, with clear details of the chessboard and pieces, so the quality score is 0.9."}, {"ans": [true, true, 0.9], "reasoning": "The image depicts a red sports car, specifically a Ferrari convertible, in a well-lit room with a reflective floor. The car is positioned facing left, showcasing its front and side. The image is clear and of high quality, with a quality score of 0.9. For Question 1, the image indeed shows a sports car, so the answer is True. For Question 2, the brakes are not visible as the image does not provide a clear view of the brake components, thus the answer is True. The quality score is 0.9 because the image is clear and well-lit, and the absence of visible brakes does not negatively impact the quality score as per the instructions."}, {"ans": [true, true, 1.0], "reasoning": "The image is showing an open book with blank pages, so it is a book. The text is missing or not visible from the book because the pages are blank. The image quality is good as it clearly shows the book and its pages."}, {"ans": [true, false, 1.0], "reasoning": "The image clearly shows a computer tower with its side panel removed, revealing the internal components. The presence of fans is evident, as they are visible and illuminated with purple lights. Therefore, the answer to Question 1 is True because the main object in the image is indeed a computer tower. For Question 2, the answer is False because the fans are not missing; they are visible and clearly seen within the computer tower. The image quality is rated as 1 because it is clear and well-lit, with no significant issues affecting the visibility of the main object or its components."}, {"ans": [true, false, 1.0], "reasoning": "The image is clearly showing a scarecrow standing in a field of wheat. The scarecrow is wearing a red and white plaid shirt, blue jeans, and a straw hat. Its arms are outstretched, and it has a smiley face made of straw. The scarecrow's arms are visible and appear to be made of straw or a similar material, with corn cobs attached to the ends. Therefore, the answer to the first question is True. For the second question, since the arms are visible, the answer is False. The image is of high quality, with clear details and proper lighting, so the quality score is 1.0."}, {"ans": [true, true, 0.8], "reasoning": "The image depicts a man in armor, which is consistent with the representation of a knight. The presence of the armor and the context suggest that the individual is indeed a knight. However, upon closer inspection, it is evident that the knight is not holding a sword, nor is a sword visible on his person or in the immediate vicinity. Therefore, the sword is considered missing or not visible. The image quality is rated as 0.8 because the details are clear, and the composition is well-executed, even though the sword is not present."}, {"ans": [true, false, 0.9], "reasoning": "The image clearly shows a teapot with a handle, spout, and lid, which are the defining features of a teapot. The teapot is placed on a bamboo mat on a table, and the overall composition is well-lit and clear. The presence of the handle is visible on the right side of the teapot, indicating that it is not missing. Therefore, the answer to the first question is True. For the second question, since the handle is visible, the answer is False. The image quality is rated 0.9 because it is clear and well-composed, with good lighting that highlights the details of the teapot and its surroundings."}, {"ans": [true, false, 1.0], "reasoning": "The image clearly shows a basketball hoop with a net. The net is visible and attached to the hoop, indicating that it is not missing. The image is of high quality, with clear details of the basketball hoop and net."}, {"ans": [true, false, 0.9], "reasoning": "The image is showing a dining table setting with plates, cutlery, and glasses. The main object, a dining table, is present. The glasses are visible on the table, so they are not missing. The image is well-lit and clear, with all elements visible, hence the high quality score."}, {"ans": [true, true, 0.9], "reasoning": "The image clearly shows a typewriter, which is the main object in question. The typewriter is positioned on a wooden table with papers inserted into it, indicating its functionality. Upon closer inspection, it is evident that the ribbon is not visible, suggesting that it is either missing or not properly threaded. The image is well-lit and focused, providing a clear view of the typewriter's details, hence the high quality score."}, {"ans": [true, true, 1.0], "reasoning": "The image shows a winter jacket hanging on a coat rack. The jacket is a puffy, cream-colored coat with a fur-lined hood and buttons down the front. There is no visible zipper on the jacket. Therefore, the answer to Question 1 is True because the image is showing a winter jacket. The answer to Question 2 is True because the zipper is not visible. The quality of the image is rated 1.0 because it is clear and well-lit, and the jacket is the main focus of the image."}, {"ans": [true, false, 1.0], "reasoning": "The image clearly shows a sunflower with its characteristic large yellow petals and a dark center. The center of the sunflower is visible and contains seeds, which are visible as small dark spots arranged in a spiral pattern. Therefore, the seeds are not missing or invisible. The image is of high quality as it is clear and well-lit."}, {"ans": [true, false, 0.9], "reasoning": "The image clearly shows an elephant with its trunk visible and facing the camera. The main object in the image is an elephant, so the answer to the first question is True. Since the trunk is visible, the answer to the second question is False. The image is well-lit and the elephant is clearly visible, so the quality is rated as 0.9. The slight deduction is due to the hazy background, but it does not affect the visibility of the main subject."}, {"ans": [true, true, 0.9], "reasoning": "The image shows a wooden rowboat floating on a lake. The boat is empty and there are no oars visible inside or outside the boat. The image is clear and well-lit, with a good view of the boat and its surroundings."}, {"ans": [true, false, 1.0], "reasoning": "The image clearly shows a snowman with a hat and scarf, and it has buttons on its body. The presence of the snowman fulfills the first question's condition. For the second question, the buttons are visible on the snowman's body, so they are not missing or invisible. The image is clear and well-defined, showing all the necessary details of the snowman, hence the quality is rated as 1."}, {"ans": [true, true, 1.0], "reasoning": "The image shows a fountain pen on top of a notebook, with a glass of water in the background. The pen is black with gold accents and is positioned diagonally across the notebook. The nib of the pen is visible, but the ink reservoir is not visible as it is not transparent. Therefore, we cannot see if there is ink inside the pen. For question 1, the image is showing a fountain pen, so the answer is True. For question 2, since the ink reservoir is not transparent, we cannot see the ink, so the answer is True. The image is clear and well-lit, and the main object (the fountain pen) is clearly visible, so the quality score is 1."}, {"ans": [true, false, 1.0], "reasoning": "The image clearly shows a paintbrush with bristles next to a paint palette. The paintbrush is the main object in the image and is visible with its bristles intact. Therefore, the answer to the first question is True. For the second question, since the bristles are visible, the answer is False. The image is of high quality as it clearly displays the paintbrush and the paint palette, and there are no visible issues that would detract from its quality."}, {"ans": [true, false, 1.0], "reasoning": "The image is showing eyeglasses with temples, so the main object is present. The temples are visible, so they are not missing or not visible. The image quality is good, with clear details of the eyeglasses and the background."}, {"ans": [true, false, 0.9], "reasoning": "The image clearly shows a person holding an umbrella on a rainy day. The umbrella is visible and appears to be intact, with visible ribs under the fabric. The image is well-composed and clear, with good lighting and focus. The presence of the umbrella and the person holding it is evident, answering the first question affirmatively. For the second question, the ribs of the umbrella are visible, indicating they are not missing or invisible. Thus, the answer to the second question is false. The quality of the image is rated 0.9 because it is clear and well-lit, with no significant issues affecting its clarity or composition."}, {"ans": [true, false, 1.0], "reasoning": "The image is showing a wristwatch with a visible face and hour markers. The hour markers are present on the watch face, although they are not traditional numbers but rather lines. The watch is displayed inside a glass orb, which does not affect the visibility of the hour markers. Therefore, the answer to Question 1 is True because the image is showing a wristwatch. The answer to Question 2 is False because the hour markers are visible on the watch face. The quality of the image is rated 1 because it is clear and well-defined, with no visible distortions or issues that would detract from the visibility of the watch or its details."}, {"ans": [true, true, 1.0], "reasoning": "The image shows a camping tent in a grassy field. The tent is partially assembled, with its fabric visible but the poles are not visible as they are likely inside the tent or not present. The image is clear and well-lit, showing the tent and its surroundings in detail."}, {"ans": [true, false, 0.9], "reasoning": "The image shows a traditional cuckoo clock with intricate details, including a clock face with Roman numerals, deer figures on either side, and pinecone-shaped weights hanging below. The presence of the clock face, the decorative elements, and the weights are all characteristic of a cuckoo clock. Therefore, the answer to Question 1 is True. For Question 2, the weights are clearly visible, hanging from the bottom of the clock, so the answer is False. The quality of the image is rated 0.9 because it is clear and well-detailed, with no significant issues affecting the visibility of the main elements."}, {"ans": [true, false, 1.0], "reasoning": "The image shows a smartphone with a visible screen and a bottom edge that includes several small holes, which are likely the speaker grilles. The presence of these holes indicates that the speaker grille is not missing. Therefore, the answer to Question 1 is True because the image is showing a smartphone. The answer to Question 2 is False because the speaker grille is visible as a series of small holes on the bottom edge of the phone. The quality of the image is rated as 1 because it is clear and well-lit, showing the details of the smartphone without any significant issues."}, {"ans": [true, true, 0.9], "reasoning": "The image clearly shows a motorcycle positioned in the middle of a road, facing the camera. The motorcycle is the main object in the image, and it is visible in detail, including its handlebars, headlight, and front wheel. Therefore, the answer to the first question is True. Upon closer inspection, it is evident that the speedometer is not visible in the image. The visible parts of the motorcycle include the handlebars, headlight, and front wheel, but there is no visible speedometer. Hence, the answer to the second question is True, as the speedometer is either missing or not visible. The image quality is rated 0.9 because it is clear and well-lit, allowing for a detailed view of the motorcycle. The absence of the speedometer does not affect the quality rating as per the instructions."}, {"ans": [true, true, 1.0], "reasoning": "The image shows a violin bow. The bow is positioned diagonally across the image, with the tip pointing towards the top-right corner and the frog towards the bottom-left corner. The bow's stick is made of light-colored wood, and it has metal fittings at both ends. The frog is black with a silver screw and a silver metal piece at the bottom. The hair of the bow is not visible, indicating that it is either missing or not taut. For Question 1, the image is showing a violin bow, so the answer is True. For Question 2, the hair is not visible, so the answer is True. The quality of the image is rated 1 because it is clear and well-lit, and there are no visible issues that would detract from the overall understanding of the image."}, {"ans": [true, true, 0.9], "reasoning": "The image is showing a birdcage hanging from a porch ceiling. The birdcage is made of gold-colored metal bars and has a dome-shaped top. There is no visible perch inside the birdcage. The image is well-lit, with the sun shining through the bars of the cage, and the background is clearly visible, showing trees and houses. The quality of the image is high, with clear details of the birdcage and its surroundings."}, {"ans": [true, false, 1.0], "reasoning": "The image depicts a statue of a woman in a classical style, standing in a colonnade. The statue is intact and has a head, which is visible and clearly detailed. Therefore, for Question 1, the answer is True because the image is showing a statue. For Question 2, the answer is False because the head is not missing and is clearly visible. The quality of the image is rated 1.0 because it is clear and well-detailed, with no visible degradation or issues that would detract from its quality."}, {"ans": [true, false, 1.0], "reasoning": "The image is showing a teddy bear with a visible nose, so the answer to the first question is True. The nose is clearly visible, so the answer to the second question is False. The image is of high quality and clearly shows the teddy bear and its features."}, {"ans": [true, false, 1.0], "reasoning": "The image clearly shows a pair of white sneakers with laces. The sneakers are positioned on a gray mat in front of a white wall, and the laces are visible and tied. Therefore, the answer to Question 1 is True because the image is showing sneakers. The answer to Question 2 is False because the laces are visible and not missing. The quality of the image is rated as 1 because it is clear and well-lit, with no visible distortions or obstructions."}, {"ans": [true, false, 0.9], "reasoning": "The image clearly shows a refrigerator with its doors open, revealing the interior. The main object, a refrigerator, is present. The door shelves are visible on the inside of the refrigerator doors, so they are not missing or invisible. The image is of high quality, with clear details of the refrigerator's interior and the surrounding kitchen environment. The slight deduction in quality score is due to the fact that the image is not a perfect frontal view, but it does not affect the visibility of the key elements."}, {"ans": [true, false, 0.9], "reasoning": "The image clearly depicts a group of people gathered around a campfire in a forest setting. The campfire is the central focus, with visible flames and people sitting around it. Therefore, the answer to Question 1 is True because the image is showing a campfire. For Question 2, the flames are clearly visible, so the answer is False because the flames are not missing or invisible. The quality of the image is rated 0.9, as it is a clear and well-composed image, with the key elements (the campfire and the people around it) clearly visible."}, {"ans": [true, false, 0.9], "reasoning": "The image shows a drinking fountain, which is a tall, silver, metallic object with a spout and a button on the side, located next to a sidewalk in a park. The fountain is clearly visible and appears to be functioning as there is water flowing from the spout. Therefore, the answer to Question 1 is True. For Question 2, since water is visible flowing from the spout, the water is not missing or invisible, so the answer is False. The quality of the image is rated 0.9 because it is clear and well-lit, with no visible distortions or obstructions."}, {"ans": [true, false, 0.9], "reasoning": "The image clearly shows a revolver, so the answer to the first question is True. The trigger guard is visible around the trigger, so the answer to the second question is False. The image is of high quality, with clear details of the revolver, so the quality score is 0.9."}, {"ans": [true, false, 1.0], "reasoning": "The image is a detailed illustration of a compass rose, which is clearly visible and centered in the image. The compass rose is adorned with intricate designs and markings, indicating the cardinal directions. A north arrow is present, pointing towards the top of the image, and is clearly visible. Therefore, the answer to the first question is True. Since the north arrow is visible, the answer to the second question is False. The image is of high quality, with clear and detailed illustrations, so the quality score is 1.0."}, {"ans": [true, false, 1.0], "reasoning": "The image depicts a futuristic cityscape with several tall buildings, some of which have visible windows. The presence of skyscrapers is evident, fulfilling the first question's condition. For the second question, the windows on the buildings are visible, indicating that they are not missing or invisible. Therefore, the answer to the first question is True, and the answer to the second question is False. The image is of high quality, with clear details of the buildings and their reflections on the ground, hence the quality score is 1.0."}, {"ans": [true, true, 1.0], "reasoning": "The image is showing a conductor standing on a podium with his right hand raised. He is wearing a black tuxedo and white shirt, which is typical attire for a conductor. The background shows an orchestra with musicians playing various instruments, indicating that the man is indeed a conductor leading the orchestra. Therefore, the answer to the first question is True. For the second question, the conductor's right hand is raised and empty, and there is no visible baton in his hand or anywhere else in the image. Thus, the baton is either missing or not visible, making the answer to the second question True. The image is clear and well-lit, and it effectively captures the scene of a conductor leading an orchestra, so the quality score is 1."}, {"ans": [false, true, 0.8], "reasoning": "The image depicts a soccer field with well-maintained green grass and white markings. However, there is no visible soccer goal in the image. Therefore, the answer to the first question is False. Since there is no soccer goal present, the crossbar is also not visible, making the answer to the second question True. The image quality is rated 0.8 because it is clear and well-lit, showing the details of the soccer field."}, {"ans": [true, false, 1.0], "reasoning": "The image clearly shows a microscope with its various components visible. The main object in the image is a microscope, which is evident from its structure that includes eyepieces, objective lenses, a stage, and a base. Therefore, the answer to Question 1 is True. For Question 2, the lenses (both eyepieces and objective lenses) are visible in the image, so the answer is False. The image is clear and well-lit, showing all the necessary details of the microscope, hence the quality is rated as 1.0."}]