[{"ans": [true, true, 1.0], "reasoning": "The image shows a sailboat in the water. The main object, a sailboat, is present. The sails are not visible, they appear to be furled or lowered. The image is clear and of high quality, with no visible artifacts or distortions."}, {"ans": [true, true, 0.7], "reasoning": "The image depicts a bicycle with a red frame, leaning against a brick wall. The bicycle is the main object in the image, and it is clearly visible. The chain of the bicycle is not visible, suggesting that it is either missing or not visible due to the angle or condition of the bicycle. The image is somewhat abstract and artistic, with the bicycle and wall being the primary focus. The quality of the image is somewhat compromised by the abstract style, which may include some artistic effects or filters that could be considered as reducing the quality. However, the main object (the bicycle) is still clearly recognizable."}, {"ans": [true, false, 0.9], "reasoning": "The image is showing a cat, so the answer to the first question is True. The cat's whiskers are visible, so the answer to the second question is False. The image is clear and well-defined, with no visible artifacts or distortions that would affect the quality score. However, there is a slight reflection on the glass door behind the cat, which slightly reduces the quality score to 0.9."}, {"ans": [true, false, 0.4], "reasoning": "The image depicts a large, ancient stone structure that resembles a castle. The structure is heavily weathered and has a large opening that could be interpreted as a gate. The presence of this structure answers the first question affirmatively. For the second question, the gates appear to be present, as indicated by the visible opening and what seems to be the remnants or structure of gates within it, thus answering the second question negatively. The image quality is compromised due to visible artifacts and a double vision effect, likely caused by the image being a photograph of a screen or another image, which reduces its clarity and sharpness."}, {"ans": [true, false, 0.4], "reasoning": "The image depicts a scene with multiple hot-air balloons, and the main object is indeed a hot-air balloon. Although the image is blurry and has a low quality score due to its abstract and artistic style, the presence of hot-air balloons is clear. The baskets of the balloons are visible, so the basket is not missing or not visible."}, {"ans": [true, false, 0.9], "reasoning": "The image clearly shows a turtle with a visible shell. The shell is partially covered in sand and water, but it is evident that the turtle has a shell. The image is of good quality, with clear details of the turtle's features, although there might be slight artifacts or noise due to the wet environment and possibly the camera settings."}, {"ans": [true, true, 0.2], "reasoning": "The image is heavily distorted and appears to be a multiple exposure or layered image of a train. The main object, a train, is visible but heavily distorted. The wheels are not clearly visible due to the distortion, so it can be considered as missing or not visible. The image quality is poor due to the heavy distortion, double vision effect, and unnatural layering of multiple images, hence the low quality score."}, {"ans": [true, false, 0.95], "reasoning": "The image clearly shows a pair of eyeglasses on a reflective surface. The lenses are visible and appear to be intact, so the answer to the first question is True. For the second question, since the lenses are visible, the answer is False. The image is of high quality, with clear details and minimal artifacts, so the quality score is 0.95. The slight reflection and shadow on the surface do not detract significantly from the overall clarity of the image."}, {"ans": [true, true, 0.9], "reasoning": "The image shows a fountain pen with its nib detached and lying next to it. The pen is placed on a piece of aged paper, which is on top of a burlap cloth. The overall condition of the image is clear and well-defined, with no visible artifacts or distortions that would significantly impact the quality. The main object, the fountain pen, is clearly visible, answering the first question as True. The nib is not attached to the pen, making it 'missing' in the context of being part of the pen, thus answering the second question as True. The quality of the image is rated 0.9 because it is clear and well-lit, with the objects in focus. The slight decrease from 1 is due to the aged and torn paper, which, while not an artifact, gives a slightly worn look to the image."}, {"ans": [true, false, 0.8], "reasoning": "The image shows a damaged umbrella with its canopy partially visible, indicating that it is not entirely missing. The main object, an umbrella, is present. The canopy is damaged but still visible, so it is not considered missing. The image quality is slightly compromised due to visible artifacts and a somewhat unnatural color tone, but the main object is still discernible."}, {"ans": [true, false, 0.95], "reasoning": "The image clearly shows a large airplane on a tarmac, with its wings visible. The presence of the airplane answers the first question affirmatively. For the second question, the wings are clearly visible, so they are not missing or not visible. The image is of high quality, with clear details and no visible artifacts or distortions that would affect the visibility of the main object or its key elements. The slight blur on some parts due to motion does not significantly impact the overall quality."}, {"ans": [true, false, 0.2], "reasoning": "The image is showing a desk lamp, so the answer to the first question is True. The bulb is visible in the lamp, so the answer to the second question is False. The quality of the image is rated 0.2 because it is very blurry and hard to see the details, with significant artifacts and glare."}, {"ans": [true, false, 0.7], "reasoning": "The image shows an electric guitar with a visible neck. The main object, the electric guitar, is present, so the answer to the first question is True. The neck is visible, so the answer to the second question is False. The image quality is affected by the presence of reflections and shadows, but the main object is still clear, so the quality score is 0.7."}, {"ans": [true, true, 0.7], "reasoning": "The image shows a close-up of ice with fish frozen inside. The fish is visible, so the answer to the first question is True. The fins of the fish are not clearly visible due to the ice, so the answer to the second question is True. The image quality is rated 0.7 because the details of the fish are somewhat obscured by the ice, but the main object (the fish) is still recognizable. The image is not overly blurry or distorted, but the clarity is affected by the transparency and texture of the ice."}, {"ans": [true, false, 0.9], "reasoning": "The image depicts a small, rustic cottage with a roof, situated in a field of wildflowers. The cottage is the main object in the image and is clearly visible. The roof is also visible, although it appears to be old and weathered. The image is well-defined and lacks significant artifacts or distortions, indicating a high quality. However, there is a slight pixelation noticeable upon close inspection, which is why the quality score is not 1.0."}, {"ans": [true, false, 0.9], "reasoning": "The image is showing a collection of vintage cars. The main car in focus has a windshield that is visible, although it is partially reflected with the surroundings. The image is clear and well-lit, with no significant artifacts or distortions that would affect the visibility of the main object. The quality of the image is high, with a score of 0.9, as it is sharp and well-defined."}, {"ans": [true, false, 0.9], "reasoning": "The image shows a transparent keyboard with illuminated keys, indicating that it is indeed a keyboard. The spacebar is visible and not missing, as it is present in the lower part of the keyboard. The image is clear and well-lit, with no visible artifacts or distortions that would affect its quality. However, the reflection on the surface below the keyboard slightly reduces the overall quality score to 0.9."}, {"ans": [true, false, 0.8], "reasoning": "The image shows an owl perched on a tree branch, and its feathers are visible. The owl is centered in the image and is illuminated by a light source, making it stand out against the dark background. The feathers are detailed and textured, indicating that they are not missing or invisible. However, the image has some noise and speckles, likely due to the low-light conditions or camera settings, which reduces its overall quality."}, {"ans": [true, false, 1.0], "reasoning": "The image clearly shows a book on a wooden table. The book is open, and its pages are visible, indicating that the pages are not missing or invisible. The image is of high quality with no visible artifacts, blurring, or unnatural colors."}, {"ans": [true, false, 0.9], "reasoning": "The image depicts a lighthouse on a rocky island during a storm. The lighthouse is the main object and is clearly visible, although it appears to be under construction or renovation with scaffolding around it. The lamp at the top of the lighthouse is visible and illuminated, indicating that it is not missing. The image is of high quality, with detailed rendering of the lighthouse, the surrounding rocks, and the stormy weather. The only reason for not giving it a perfect score is the presence of some artifacts or double vision effect due to the overlaying of multiple images or rendering techniques used to create the image."}, {"ans": [true, false, 0.7], "reasoning": "The image shows a cream-colored armchair with a tufted back and arms, sitting on a patterned rug. The chair appears to be wrapped in plastic, suggesting it may be new or protected. The legs of the chair are visible, indicating that they are not missing. The image quality is somewhat compromised by a hazy or foggy effect, likely due to the plastic wrapping, which reduces the clarity of the details. However, the main object (the armchair) is clearly identifiable, and the legs are visible, so the answer to Question 1 is True. For Question 2, since the legs are visible, the answer is False. The quality score is 0.7 because the image is slightly blurry due to the plastic wrapping, but it does not significantly hinder the identification of the main object or its parts."}, {"ans": [true, false, 0.9], "reasoning": "The image clearly shows a deer standing in a forest, with its body facing the camera and its head turned slightly to the left. The deer appears to have antlers, which are visible on its head. The image is well-lit, with sunlight filtering through the trees, and the deer's features are clearly visible. The overall quality of the image is high, with no noticeable artifacts or distortions. However, the image does have a slight yellowish tint due to the sunlight, which might affect its quality score. Nonetheless, the main object (the deer) is clearly visible, and the antlers are also visible, so the quality score remains high."}, {"ans": [true, false, 0.9], "reasoning": "The image shows a pink envelope on a marble surface. The envelope is visible and appears to be intact with a flap at the top. The flap is partially visible, indicating that it is not missing. The image is clear and well-defined, with no visible artifacts or distortions that would affect the quality. The quality score is 0.9 because the image is clear and well-defined, but there might be a slight loss of detail due to the marble texture in the background."}, {"ans": [true, true, 0.95], "reasoning": "The image is showing a wall clock, which is the main object. The clock face is white with black hands, but there are no numbers visible on the clock face. The image is clear and well-lit, with a high level of detail visible. The quality of the image is high, with no noticeable artifacts or distortions. The only reason the quality score is not 1 is due to a slight softness in the image, possibly due to compression or resizing."}, {"ans": [true, true, 0.8], "reasoning": "The image depicts multiple white space suits floating in a pool of water. The suits are clearly visible, and they appear to be without helmets. The main object in the image is the space suits, which are present. Therefore, the answer to the first question is True. For the second question, the helmets are not visible on the space suits, so the answer is True. The image quality is rated 0.8 because it is clear and well-lit, with no significant artifacts or distortions that would hinder the understanding of the scene."}, {"ans": [true, false, 0.2], "reasoning": "The image is showing a windmill, so the answer to the first question is True. The blades of the windmill are visible, although the image is distorted and has multiple layers, so the answer to the second question is False. The quality of the image is rated 0.2 due to the significant distortion, multiple exposures, and blurriness, which make it difficult to clearly see the details of the windmill and the surrounding environment."}, {"ans": [true, true, 0.9], "reasoning": "The image is showing a large tree without leaves, so the answer to the first question is True. The leaves are missing, so the answer to the second question is True. The image is clear and well-lit, with no visible artifacts or distortions that would affect its quality. The only potential issue is a slight grain or texture visible upon close inspection, but it does not detract significantly from the overall image. Therefore, the quality score is 0.9."}, {"ans": [true, true, 0.1], "reasoning": "The image appears to be a distorted and abstract representation of multiple school buses, with the main objects being the buses. The buses are recognizable despite the heavy distortion, so the answer to Question 1 is True. The doors of the buses are not clearly visible due to the distortion, so the answer to Question 2 is True. The quality of the image is rated 0.1 due to the heavy distortion, multiple overlapping images, and unnatural colors, which significantly degrade the image quality."}, {"ans": [true, true, 0.1], "reasoning": "The image is very blurry and hazy, making it difficult to discern details. However, it appears to show a laptop on a cluttered desk. The laptop's screen is not clearly visible due to the haze and blur, suggesting it is either missing or not visible. The overall quality of the image is very poor due to the significant blurring and haze."}, {"ans": [true, true, 1.0], "reasoning": "The image shows a trumpet lying on a red velvet cloth. The trumpet is clearly visible and appears to be in good condition. The mouthpiece is not attached to the trumpet, indicating that it is missing. The image is clear and well-lit, with no visible artifacts or distortions. Therefore, the answer to Question 1 is True, as the image is showing a trumpet. The answer to Question 2 is also True, as the mouthpiece is not visible or attached to the trumpet. The quality of the image is rated 1.0, as it is clear and well-defined."}, {"ans": [true, false, 0.9], "reasoning": "The image clearly shows a robot with a visible head, standing in a laboratory setting. The robot's body is transparent, revealing its internal mechanical components. The head is visible and not missing. The image quality is high, with clear details of the robot and its surroundings. However, the transparency effect and the complexity of the scene slightly reduce the quality score due to some potential visual noise and complexity."}, {"ans": [true, true, 0.9], "reasoning": "The image shows a candle on a silver platter. The candle appears to be made of wax and is cylindrical in shape. There is no visible wick on the candle. The image is clear and well-lit, with no noticeable artifacts or distortions. The quality of the image is high, with a score of 0.9 out of 1. The main object, the candle, is clearly visible, so the answer to the first question is True. The wick is not visible, so the answer to the second question is True."}, {"ans": [true, false, 0.9], "reasoning": "The image is showing a pizza with tomato sauce, basil leaves, and what appears to be mozzarella cheese. The presence of the cheese is visible, so it is not missing. The image is clear and well-lit, with no visible artifacts or distortions that would significantly impact the quality. However, there are some minor specks and splatters around the pizza, but they do not detract from the overall clarity of the image."}, {"ans": [true, true, 0.4], "reasoning": "The image shows a disassembled DSLR camera mounted on a wooden board. The main components of the camera are visible, indicating that it is indeed a DSLR camera. However, the lens is not attached to the camera body, suggesting that it is missing or not visible. The image quality is somewhat compromised due to blurriness and artifacts, which reduces its overall quality score to 0.4."}, {"ans": [true, true, 0.8], "reasoning": "The image shows a grand piano on a stage in an auditorium. The piano is visible but its keys are not visible as they are facing away from the camera and are not in view. The image is clear and well-lit, showing the details of the piano and the auditorium. There are no visible artifacts, blurring, or other issues that would detract from the quality of the image. The quality score is 0.8 because the image is very well taken but has a slightly unnatural color tone."}, {"ans": [true, true, 0.8], "reasoning": "The image shows a paint palette with various colors of paint and two paintbrushes. The paintbrushes are visible, but their bristles are not clearly visible due to being covered in paint. The image is of high quality, with clear details of the paint and palette, but the paint on the brushes and palette slightly affects the clarity."}, {"ans": [true, true, 0.7], "reasoning": "The image shows a watch with its back open, revealing the internal mechanism. The watch is sitting on a granite countertop. The strap is not visible, indicating it is either missing or not visible. The image quality is somewhat compromised due to visible artifacts and a slightly blurry background, but the main object (the watch) is clear enough to identify. Therefore, the answer to Question 1 is True because the image is showing a watch. The answer to Question 2 is True because the strap is not visible. The quality score is 0.7 due to the presence of artifacts and a blurry background."}, {"ans": [false, false, 0.1], "reasoning": "The image is heavily distorted and appears to be a multiple exposure or a heavily blurred photo of a dental procedure. The main subject is not clearly visible due to the distortion, making it difficult to determine if a mouth is present. The image quality is very poor, with significant artifacts and blurring, which is why the quality score is low. Due to the poor quality and distortion, it's not possible to confirm if a mouth is shown or if a tongue is missing/invisible."}, {"ans": [true, true, 0.9], "reasoning": "The image is showing a futuristic motorcycle with a sleek design, positioned in the center of a neon-lit cityscape. The motorcycle is facing to the right, and its body is heavily damaged, with debris and wires scattered around it. The handlebars of the motorcycle are not visible, suggesting that they might be missing or damaged beyond recognition. The overall quality of the image is high, with vibrant colors and detailed rendering of the motorcycle and the cityscape. However, there are some minor artifacts and noise visible in the image, which slightly reduces its quality score to 0.9."}, {"ans": [true, false, 0.9], "reasoning": "The image shows an old television set with its back panel removed, exposing the internal components. The screen is visible, although it appears to be damaged or dirty. The presence of the screen answers Question 1 affirmatively. For Question 2, the screen is not missing; it is visible, albeit in a deteriorated state. The image quality is high, with clear details of the television and its surroundings. The slight decrease in quality score is due to the visible wear and tear on the television and the room, but it does not significantly impact the visibility of the main object."}, {"ans": [true, true, 0.3], "reasoning": "The image is showing a white goat with a blurry and unclear appearance. The goat's head is visible, but its features are not clear due to the blurriness. The horns are not visible, likely due to the poor image quality. The image quality is rated 0.3 due to the significant blurriness and lack of clarity."}, {"ans": [true, true, 0.9], "reasoning": "The image is showing a sneaker, which is the main object. The sneaker appears to be red with a white sole and is displayed on a metal surface, possibly undergoing some kind of cleaning or treatment process as indicated by the white foam covering parts of it. The laces are not visible, suggesting they are either missing or not visible due to the foam. The image quality is generally good, with clear details of the sneaker and its surroundings. However, there are some minor reflections and blurriness on the surface, which slightly reduces the quality score to 0.9."}, {"ans": [true, true, 0.8], "reasoning": "The image shows a green frog sitting on a lily pad in the water, surrounded by aquatic plants and flowers. The frog is visible, but its eyes are not clearly visible, suggesting they might be missing or not visible. The image is somewhat blurry, but it is still possible to identify the main object as a frog. The quality of the image is rated 0.8 because it is slightly blurry, but it does not contain significant artifacts or other issues that would severely impact the quality."}, {"ans": [true, false, 0.8], "reasoning": "The image is showing a mug with a floral pattern, and it has a handle on the right side. The handle is visible, so it is not missing. The image is clear and well-focused, but there are some slight artifacts and reflections on the surface, which reduces the quality score to 0.8."}, {"ans": [true, false, 0.8], "reasoning": "The image shows a saxophone with its keys visible, indicating that the main object is indeed a saxophone. The keys are not missing or invisible, so the answer to the second question is false. The image quality is good, with clear details of the saxophone and its keys, but there are some reflections and lighting effects that might slightly affect the overall clarity, hence a quality score of 0.8."}, {"ans": [false, false, 0.2], "reasoning": "The image is showing a group of fish on a brick ground, not a skateboard. The image is very unclear and has unnatural color, so the quality score is low."}, {"ans": [true, false, 1.0], "reasoning": "The image clearly shows a fedora hat on a stand, with the brim visible. The image is sharp and well-lit, with no visible artifacts or distortions. Therefore, the answer to Question 1 is True, as the image is showing a fedora. The answer to Question 2 is False, as the brim is visible. The quality of the image is rated 1.0, as it is clear and well-defined."}, {"ans": [true, false, 0.9], "reasoning": "The image shows a damaged motorcycle helmet with a visor. The visor is cracked and broken but still attached to the helmet, so it is visible. The main object, a motorcycle helmet, is present in the image. The quality of the image is high, with clear details of the helmet and the surrounding environment. However, there are some minor scratches and dirt on the surface, which slightly reduces the quality score to 0.9."}, {"ans": [true, true, 0.9], "reasoning": "The image shows an ornate, antique bed frame with intricate carvings and a wooden structure. The bed frame is the main object in the image. The mattress is not visible, as it is either missing or not shown. The image is clear and well-defined, with no visible artifacts or distortions that would affect the overall quality. The quality score is 0.9 because the image is clear and well-lit, but there might be some minor wear or aging visible on the bed frame."}, {"ans": [true, false, 0.95], "reasoning": "The image clearly shows a clock tower, so the answer to the first question is True. The clock face is visible on the tower, so the answer to the second question is False. The image is of high quality, with clear details and no visible artifacts or distortions, so the quality score is 0.95. The slight deduction from 1 is due to the fact that the image is not a perfect representation of the scene, as it is a 2D representation of a 3D environment."}, {"ans": [true, false, 0.8], "reasoning": "The image shows a pocket watch with its back open, revealing the inner mechanism. The hands of the watch are visible on the dial, although the image is slightly blurry and has some artifacts. The main object, a pocket watch, is present in the image. The hands are visible, so they are not missing or not visible. The quality of the image is good, but not perfect, due to some blurriness and artifacts, hence a score of 0.8."}, {"ans": [true, false, 1.0], "reasoning": "The image shows two bicycles leaning against a stone wall. The bicycles are red and appear to be road bikes. The pedals are visible on both bicycles, so they are not missing. The image is clear and well-lit, with no visible artifacts or distortions that would affect the quality. Therefore, the answer to Question 1 is True because the image is showing bicycles. The answer to Question 2 is False because the pedals are visible on both bicycles. The quality of the image is rated as 1 because it is clear and well-lit, with no visible issues."}, {"ans": [true, false, 0.7], "reasoning": "The image is a painting of a woman sitting on a bench, and it is clear that the main subject is a portrait of a woman. The woman's face is visible, and her eyes are also visible, although the image is somewhat blurry. The quality of the image is not perfect due to the blurriness and visible brushstrokes, but it is still possible to make out the details of the portrait. Therefore, the answer to the first question is True. For the second question, since the eyes are visible, the answer is False. The quality score is 0.7 because the image is a bit blurry, but it is still clear enough to identify the main subject and its features."}, {"ans": [true, true, 0.7], "reasoning": "The image shows a grand piano on a stage, lit by multiple spotlights. The piano is the main object in the image and is clearly visible, although somewhat obscured by lighting effects and smoke. The hammers of the piano are not visible, likely due to the angle of the image and the lighting. The image quality is somewhat compromised by the heavy use of lighting effects, smoke, and slight blurring, which reduces the clarity of some details. However, the main object (the grand piano) is still discernible. The quality score is 0.7 due to these artistic effects that slightly impair the clarity of the image."}, {"ans": [true, true, 0.8], "reasoning": "The image depicts a sailing ship, which is the main object, so the answer to the first question is True. Upon closer inspection, it is evident that the sails are not visible, making the answer to the second question True as well. The image quality is rated 0.8 because it is a clear and detailed illustration, but it has a slightly textured appearance, suggesting it may be a digital rendering or a scan of a painting, which slightly reduces its quality."}, {"ans": [true, false, 0.9], "reasoning": "The image depicts a large tree with a wide canopy and a thick trunk, which appears to be an oak tree due to its shape and structure. The tree has leaves, so it is not missing them. The quality of the image is generally high, with clear details and natural colors, but there are some minor artifacts around the tree trunk due to the lighting effects, which slightly reduces the quality score to 0.9."}, {"ans": [true, true, 0.9], "reasoning": "The image depicts a cottage covered in vines and foliage, with no visible door. The presence of the cottage is evident, answering the first question affirmatively. For the second question, the door is not visible, making the answer true. The image quality is high, with detailed textures and natural colors, though the presence of foliage covering parts of the cottage might slightly reduce clarity in some areas. However, the overall image is clear and well-defined, warranting a quality score of 0.9."}, {"ans": [true, false, 0.9], "reasoning": "The image clearly shows a passenger jet on the tarmac, with its wings visible. The presence of the wings indicates that they are not missing. The image quality is high, with clear details of the aircraft and its surroundings. However, there is a slight haze in the background, which slightly reduces the overall quality score to 0.9."}, {"ans": [true, true, 0.4], "reasoning": "The image appears to be a close-up of a wristwatch, as indicated by the circular face and the band. However, the image is blurry and has a low quality, making it difficult to discern details. The numbers on the watch face are not visible, suggesting that they are either missing or not visible due to the poor image quality. Therefore, the answer to the first question is True, as the image is showing a wristwatch. The answer to the second question is also True, as the numbers are not visible on the watch face. The quality of the image is rated 0.4 due to the blurriness and lack of clarity."}, {"ans": [true, false, 0.9], "reasoning": "The image clearly shows a pizza, which is the main object. The pizza appears to have cheese, as there are visible melted cheese patches on the surface, so the cheese is not missing. The image is of high quality with clear details and no significant artifacts or distortions, though there is a slight vintage or filtered effect applied."}, {"ans": [true, false, 0.4], "reasoning": "The image shows a city street with multiple traffic signals visible. The traffic signals are present, so the answer to the first question is True. The lights on the traffic signals are also visible, so the answer to the second question is False. The image quality is rated 0.4 due to the presence of artifacts and distortion, likely caused by multiple exposures or reflections, which affects the overall clarity of the image."}, {"ans": [true, true, 0.7], "reasoning": "The image shows a skateboard lying on the ground, partially submerged in a puddle of water. The skateboard is covered in paint splatters and appears to be damaged. The wheels are not visible, suggesting that they may be missing or obscured by the water. The image quality is somewhat compromised by the presence of shadows and the reflection of light on the wet surface, but it is still possible to make out the main object. Therefore, the answer to Question 1 is True, as the image is showing a skateboard. The answer to Question 2 is also True, as the wheels are not visible. The quality of the image is rated 0.7, as it is slightly affected by the shadows and reflections, but not severely enough to prevent identification of the main object."}, {"ans": [true, false, 0.8], "reasoning": "The image clearly shows a chessboard with intricately designed pieces on it. The chessboard is the main object, and it is present in the image. Therefore, the answer to Question 1 is True. For Question 2, the black pieces are visible on the chessboard, although they are not colored black; they are distinguishable from the white pieces by their design and coloration. Hence, the answer to Question 2 is False. The image quality is rated 0.8 because, while the image is clear and well-lit, there are some minor artifacts and reflections on the chessboard that slightly detract from its overall quality."}, {"ans": [true, true, 0.95], "reasoning": "The image shows a red sports car, which is the main object. The brakes are not visible as the image is taken from the side and the front wheels are not clearly showing the brake components. The image is clear and well-lit, with no visible artifacts or distortions that would affect the quality. The quality score is 0.95 because the image is sharp and detailed, with no noticeable issues."}, {"ans": [true, false, 0.7], "reasoning": "The image is showing an open book on a table, so the answer to the first question is True. The text is visible on the pages of the book, so the answer to the second question is False. The image quality is somewhat degraded due to a blurry effect and some artifacts, but the main object (the book) is still clearly visible, hence the quality score is 0.7."}, {"ans": [true, false, 0.9], "reasoning": "The image clearly shows a computer tower with its side panel removed, revealing the internal components. The main object, the computer tower, is present. Fans are visible inside the tower, so they are not missing. The image quality is high, with clear details of the internal components, but there are some reflections and glare on the glass panel, which slightly reduces the quality score to 0.9."}, {"ans": [true, true, 0.9], "reasoning": "The image depicts a scarecrow standing in a field, which is the main object. The scarecrow is made of straw and is wearing a plaid shirt. The scarecrow's back is turned towards the camera, and its arms are not visible. The image is clear and well-defined, with no visible artifacts or distortions that would affect the quality. The quality of the image is high, with a score of 0.9. The main object, the scarecrow, is present, so the answer to the first question is True. The arms of the scarecrow are not visible, so the answer to the second question is True."}, {"ans": [true, true, 0.2], "reasoning": "The image appears to be a chaotic and abstract depiction of a battle scene with multiple knights in armor. The central figure is somewhat discernible as a knight, though the image is heavily distorted and layered, making details difficult to ascertain. The presence of multiple knights and armor is clear, satisfying the condition for Question 1. For Question 2, the sword is not clearly visible on the central knight or most other knights due to the abstract and layered nature of the image, so it is considered missing or not visible. The quality of the image is rated low (0.2) due to its abstract and distorted nature, which makes it hard to clearly see the details of the scene, though this is not due to the absence of a sword but rather the overall artistic style and layering."}, {"ans": [true, false, 0.95], "reasoning": "The image clearly shows a teapot with a floral design on it. The teapot has a handle, spout, and lid, which are all visible. The handle is on the right side of the teapot and is clearly visible, so it is not missing. The image is of high quality, with clear details and no visible artifacts or distortions. The only reason the quality score is not 1 is because of the slight reflection on the glass surface below the teapot, but this does not significantly impact the overall clarity of the image."}, {"ans": [true, false, 0.2], "reasoning": "The image appears to be a distorted and abstract representation of a basketball hoop with a net. Despite the heavy distortion and artifacts, the presence of a hoop and net can be inferred. The net is visible, albeit heavily distorted. The image quality is very poor due to the extensive distortion, artifacts, and unnatural colors, which significantly degrade its clarity and visibility."}, {"ans": [true, false, 0.9], "reasoning": "The image shows a dining table set with plates, silverware, and glasses, indicating that it is a dining table. The glasses are visible on the table, so they are not missing. The image is clear and well-lit, with no visible artifacts or distortions that would affect its quality. However, the quality score is not 1 because the image is slightly overexposed, which may cause some loss of detail in the highlights."}, {"ans": [true, true, 0.8], "reasoning": "The image shows the internal mechanisms of a typewriter, indicating that it is indeed a typewriter. The ribbon is not visible, suggesting it is either missing or not visible. The image quality is good, with clear details of the typewriter's internal parts, although there are some signs of wear and aging."}, {"ans": [true, true, 0.9], "reasoning": "The image shows a row of winter jackets hanging on a rack. The main objects in the image are indeed winter jackets, so the answer to the first question is True. Upon closer inspection, it appears that the jackets are fastened with buttons rather than zippers, suggesting that the zipper is either missing or not visible. Therefore, the answer to the second question is also True. The image is clear and well-lit, with no visible artifacts or distortions that would affect the quality. However, the image is not perfect, as there are some minor imperfections in the background, hence the quality score is 0.9."}, {"ans": [true, false, 0.2], "reasoning": "The image is showing a sunflower with seeds visible in the center. The seeds are clearly seen as part of the sunflower's structure. However, the image quality is poor due to heavy distortion, artifacts, and unnatural colors, which significantly degrade the overall quality."}, {"ans": [true, true, 0.3], "reasoning": "The image is showing multiple elephants, and the main elephant is facing away from the camera, making its trunk not visible. The image quality is compromised due to the heavy dust or dirt covering the main elephant, and the overall image appears to be a composite of multiple photos, showing some artifacts and unnatural blending."}, {"ans": [true, true, 0.8], "reasoning": "The image is a painting of a rowboat, which is the main object. The rowboat is depicted without oars, and the oars are not visible. The image quality is good, with clear details of the boat and its surroundings. However, the painting style gives it a slightly artistic and less realistic look, which might slightly reduce its quality score. The quality score is 0.8 because the image is not a photograph but a painting, and it has a somewhat impressionistic style that might be considered less sharp than a photograph."}, {"ans": [true, false, 0.9], "reasoning": "The image is showing a snowman with a hat and scarf. The snowman has buttons visible on its body, so the buttons are not missing. The image is clear and well-defined, but there are some minor artifacts and reflections from the glass window it's being displayed in, which slightly reduces the quality score to 0.9."}, {"ans": [true, false, 0.8], "reasoning": "The image shows a fountain pen lying on a piece of paper with writing on it. The pen is transparent, allowing the ink inside to be visible. The presence of ink is evident as it is visible within the pen's barrel. The image is clear and well-lit, with some reflections and light spots due to the transparent nature of the pen and possibly other objects in the scene. The overall quality of the image is good, with no significant artifacts or distortions that would detract from the visibility of the main object, the fountain pen. Therefore, the answer to the first question is True because the image is showing a fountain pen. The answer to the second question is False because the ink is visible inside the pen. The quality score is 0.8, as the image is clear but has some reflections and light spots."}, {"ans": [true, true, 0.9], "reasoning": "The image shows a paintbrush with a visible handle and a partially visible bristle area that is covered in paint. The bristles are not clearly visible due to the heavy paint coverage, making it appear as if they are missing or not visible. The image is of high quality, with clear details and no visible artifacts or distortions. The presence of paint on the palette and the brush suggests an artistic context."}, {"ans": [true, false, 0.9], "reasoning": "The image clearly shows a pair of eyeglasses with visible temples, lying on a pile of torn newspaper. The main object, eyeglasses, is present in the image. The temples are visible, so they are not missing or invisible. The image is sharp and clear, with no noticeable artifacts or distortions that would affect the quality. The only reason for a slightly lower quality score is the slight blurring in the background, but it does not affect the main object."}, {"ans": [true, true, 0.7], "reasoning": "The image depicts a person holding an umbrella while walking down a rainy street. The umbrella is the main object in the image, and it is clearly visible. The ribs of the umbrella are not visible due to the angle and the rain, making it difficult to discern their presence. The image quality is slightly compromised by the rain and the blurry background, but the main object (the umbrella) is still clearly visible. Therefore, the answer to the first question is True because the image is showing an umbrella. The answer to the second question is True because the ribs are not visible. The quality score is 0.7 due to the slight blurriness caused by the rain."}, {"ans": [false, false, 0.5], "reasoning": "The image shows a close-up of a watch's inner mechanism submerged in a liquid, possibly water or oil, within a glass container. The main object is the watch's inner workings, not a complete wristwatch. Therefore, the answer to Question 1 is False because the image does not show a complete wristwatch. For Question 2, the hour markers are not visible as the image focuses on the inner mechanism, but this is because the outer face of the watch is not shown, not necessarily because they are missing. However, since the question specifically asks about the wristwatch and the image does not clearly show a wristwatch, the condition for Question 2 is not directly applicable. The image quality is rated 0.5 due to the presence of artifacts like reflections and the unclear, possibly distorted view caused by the liquid and glass."}, {"ans": [true, true, 0.8], "reasoning": "The image depicts a camping tent in a grassy area with trees in the background. The tent is partially collapsed and appears to be without its poles, as the fabric is sagging and not standing upright. The image is clear and well-lit, with no visible artifacts or distortions that would detract from its quality. However, there is some overexposure on the grassy area, which slightly reduces the overall quality. Therefore, the quality score is 0.8."}, {"ans": [false, false, 0.8], "reasoning": "The image is a close-up of a wall or surface heavily decorated with various ornaments, including leaves, pinecones, and figurines. The main object in the image is not clearly identifiable as a cuckoo clock due to the dense decoration and lack of clear clock features. Therefore, the answer to Question 1 is False. For Question 2, since there is no clear cuckoo clock visible, it's not possible to determine if the weights are missing or not. However, based on the instruction to answer False if the main object is not present, the answer to Question 2 is also False. The quality of the image is rated 0.8 because, although it is densely decorated and somewhat chaotic, it is clear and not blurry or distorted."}, {"ans": [true, true, 0.8], "reasoning": "The image is showing a smartphone encased in a clear protective case, standing upright on a reflective surface. The phone's screen is not visible as it is facing away from the camera. The speaker grille is not visible from the angle the photo is taken, so it is considered missing or not visible. The image is clear and well-lit, with minimal blurring or artifacts, hence the quality score is 0.8."}, {"ans": [true, true, 0.2], "reasoning": "The image depicts a motorcycle, which is the main object, so the answer to the first question is True. The speedometer is not visible in the image, so the answer to the second question is True. The image quality is rated 0.2 due to the presence of significant artifacts, blurring, and unnatural color, making it difficult to discern details."}, {"ans": [false, true, 1.0], "reasoning": "The image does not show a violin bow. The object in the image appears to be a transparent plastic or glass object with a complex shape, but it does not resemble a violin bow. Therefore, the answer to Question 1 is False. Since there is no violin bow in the image, the hair is considered missing or not visible, so the answer to Question 2 is True. The image is clear and well-lit, with no visible artifacts or distortions, so the quality is rated as 1."}, {"ans": [true, false, 0.9], "reasoning": "The image depicts a large, ornate birdcage with multiple birds inside, hanging from a structure adorned with vines and leaves. The cage is made of gold-colored metal and has several perches visible inside. The presence of the birdcage is clear, so the answer to the first question is True. For the second question, since there are visible perches inside the birdcage, the answer is False. The image quality is high, with detailed rendering of the cage, birds, and surrounding decor. However, the quality score is not 1 due to slight blurring and softness in some areas, likely due to the artistic style or rendering technique used."}, {"ans": [true, false, 0.9], "reasoning": "The image shows a statue of a woman with intricate details, indicating that it is indeed a statue. The head is present and visible, so the head is not missing. The image is clear and well-defined, with no visible artifacts or distortions that would affect the quality. However, there are some minor issues with the image, such as the slight transparency around the edges of the statue, which might be due to the image processing. Overall, the image is of high quality."}, {"ans": [true, false, 0.9], "reasoning": "The image clearly shows a teddy bear, so the answer to the first question is True. The teddy bear has a nose, which is visible, so the answer to the second question is False. The image is of high quality, with clear details and no visible artifacts or distortions, so the quality score is 0.9. The only reason it's not a perfect 1 is because of the soft focus and slight color tone that might not be entirely natural."}, {"ans": [true, false, 0.8], "reasoning": "The image is showing a sneaker, which is the main object. The laces are visible, so they are not missing. The image quality is good, but there is a slight blur and unnatural color around the sneaker, which reduces the quality score to 0.8."}, {"ans": [true, false, 0.9], "reasoning": "The image clearly shows a refrigerator with its doors open, revealing the interior contents. The main object, the refrigerator, is present. The door shelves are visible on the right door, so they are not missing or invisible. The image is clear and well-lit, with minimal artifacts or distortions, hence the high quality score of 0.9."}, {"ans": [true, false, 0.9], "reasoning": "The image depicts a group of people sitting around a campfire in a forest, with visible flames. The campfire is the main object in the image, and it is clearly visible. The flames are also visible, so they are not missing or invisible. The image is well-rendered and has a high level of detail, but it has a slightly dark and moody tone, which might be due to the artistic style rather than any technical issues. Overall, the image is of good quality, with a score of 0.9 out of 1."}, {"ans": [true, false, 0.9], "reasoning": "The image shows a drinking fountain with water dripping from it, indicating that it is present and visible. The main object in the image is a drinking fountain, which matches the description in Question 1. Therefore, the answer to Question 1 is True. Since water is visible and dripping from the fountain, the answer to Question 2 is False. The image is clear and well-focused on the drinking fountain, with no visible artifacts or distortions that would significantly impact the quality. However, there are some minor issues such as leaves scattered around and slight shadowing, but these do not detract from the overall clarity of the main subject. Thus, the quality score is 0.9."}, {"ans": [true, true, 0.8], "reasoning": "The image shows a revolver partially encased in a green, possibly glass or resin, material. The revolver is visible and identifiable, answering the first question as true. The trigger guard is not visible due to being encased, answering the second question as true. The image quality is rated 0.8 because, although it is clear enough to identify the revolver, there are some artifacts and distortion due to the encasing material."}, {"ans": [true, false, 0.8], "reasoning": "The image is showing a compass rose with a north arrow. The compass rose is clearly visible in the center of the image, and it has a north arrow pointing upwards. The image is a bit worn and aged, with some discoloration and creases, but the main elements are still clearly visible. The quality of the image is good, with some minor artifacts and wear, but it does not affect the visibility of the compass rose or the north arrow. Therefore, the answer to the first question is True, and the answer to the second question is False. The quality score is 0.8 due to the minor wear and tear on the image."}, {"ans": [true, false, 0.9], "reasoning": "The image depicts a futuristic cityscape with tall, sleek skyscrapers that are reflective and have a metallic sheen. The buildings are adorned with numerous windows that are visible and illuminated from within, indicating that they are not missing. The overall quality of the image is high, with clear details and vibrant colors. However, the image has a slightly surreal or rendered quality to it, which might suggest some level of digital enhancement or manipulation. Nonetheless, the image remains clear and detailed, warranting a quality score of 0.9."}, {"ans": [true, true, 0.9], "reasoning": "The image shows a conductor standing in front of an orchestra, with their back to the camera and their right arm raised. The conductor is wearing a black suit and has short hair. The background is blurry, but it appears to be a large concert hall with many musicians seated in rows. The overall atmosphere suggests that the conductor is leading the orchestra in a performance. The baton is not visible in the conductor's hand, and it is likely that they are using a gesture to guide the musicians. The image is clear and well-lit, with no visible artifacts or distortions. Therefore, the answer to Question 1 is True, as the image is showing a conductor. The answer to Question 2 is also True, as the baton is not visible. The quality of the image is rated as 0.9, as it is clear and well-composed, with only a slight blur in the background."}, {"ans": [true, false, 0.9], "reasoning": "The image shows a soccer field with three visible soccer goals. The main object, a soccer goal, is present. The crossbar is visible on all three goals, so it is not missing. The image is clear and well-defined, showing the details of the soccer field and the goals. The quality is high, with no noticeable artifacts or blurring that would affect the visibility of the main objects."}, {"ans": [true, false, 0.2], "reasoning": "The image is heavily distorted with multiple overlapping exposures, making it difficult to discern details clearly. Despite the distortion, the central object appears to be a microscope due to its structure and the presence of lenses. The lenses are visible, indicating they are not missing. However, the image quality is severely compromised due to the distortion, artifacts, and double vision effects, resulting in a low quality score."}]