[{"ans": [true, false, 1.0], "reasoning": "The image depicts a sailboat on calm waters with a clear blue sky in the background. The sailboat is centered in the image, and its sail is visible, although it appears to be furled or partially rolled up. The presence of the mast and the sail, even if furled, indicates that it is a sailboat. Therefore, the answer to the first question is True. For the second question, the sails are not missing; they are visible, albeit furled. Hence, the answer is False. The image is clear and well-composed, with no visible distortions or obstructions, so the quality is rated as 1.0."}, {"ans": [true, true, 0.9], "reasoning": "The image is showing a bicycle, which is the main object. The bicycle appears to be red and is leaning against a wall. The chain of the bicycle is not visible, likely because it is missing or hidden from view. The image is clear and well-lit, showing the bicycle and its surroundings in detail. The quality of the image is high, with a score of 0.9 out of 1. The missing chain does not affect the quality score as per the instructions."}, {"ans": [true, true, 1.0], "reasoning": "The image depicts a cat figurine or sculpture, which is clearly recognizable as a cat. The object is shown from behind, and its features, such as the ears and the shape of the head, are consistent with those of a cat. Therefore, the answer to the first question is True. The whiskers are not visible because the cat is facing away from the viewer, and the image does not provide a clear view of the cat's face. Hence, the whiskers are considered not visible, making the answer to the second question True. The image is clear and well-lit, showing the details of the cat sculpture, so the quality is rated as 1."}, {"ans": [true, true, 1.0], "reasoning": "The image depicts a castle-like structure with stone walls and towers, situated on a grassy hill. The main object in the image is indeed a castle. There are no visible gates in the image, as the entrance is shown as a staircase leading directly to the wall, indicating that gates are either missing or not visible."}, {"ans": [true, false, 1.0], "reasoning": "The image clearly depicts a hot-air balloon with a visible basket suspended beneath it. The balloon is the main object in the image, and it is shown floating above a field. The basket is attached to the balloon by ropes and is visible, indicating that it is not missing or invisible. The image is of high quality, with clear details and a well-defined composition."}, {"ans": [true, false, 1.0], "reasoning": "The image clearly shows a turtle on a beach, with its shell visible. The turtle is centered in the image, and its shell is partially covered by sand. The presence of the turtle and its shell indicates that the image is of good quality and relevant to the questions asked."}, {"ans": [true, true, 0.9], "reasoning": "The image is showing a train, which is the main object. The train is stopped at a station, and its front is visible. The wheels of the train are not visible as they are below the platform level and obscured from view. The image is clear and well-lit, with a clear view of the train's front. The quality of the image is high, with a score of 0.9. The absence of visible wheels does not affect the quality score as per the given instructions."}, {"ans": [true, true, 1.0], "reasoning": "The image shows a pair of eyeglasses without lenses on a table. The main object in the image is indeed eyeglasses, so the answer to the first question is True. The lenses are missing from the eyeglasses, so the answer to the second question is also True. The quality of the image is rated as 1.0 because it is clear and well-lit, and there are no visible issues that would detract from the overall quality."}, {"ans": [true, false, 0.9], "reasoning": "The image shows two parts of a fountain pen, with one part having a visible nib. The main object in the image is a fountain pen, which matches the description in Question 1. Therefore, the answer to Question 1 is True. For Question 2, the nib is visible on both parts of the pen, so it is not missing or not visible. Hence, the answer to Question 2 is False. The quality of the image is rated 0.9 because it is clear and well-lit, with no visible distortions or obstructions that would hinder the understanding of the object being depicted."}, {"ans": [true, true, 1.0], "reasoning": "The image depicts a wire frame of an umbrella, leaning against a wall. The canopy is present but is made of wire, indicating that it is not covered with fabric or another material. For Question 1, the image is showing an umbrella frame, which meets the condition of being an umbrella. For Question 2, the canopy is visible but not made of the typical material; however, it is still considered present. Nevertheless, since the canopy is not covered or made of a non-wire material, it can be argued that the typical 'canopy' as expected (usually made of fabric) is missing. Thus, the answer to whether the canopy is missing or not visible is True because it's not the typical canopy one expects. The quality of the image is rated 1 because it clearly shows the main object, and the condition of the canopy does not negatively affect the quality score as per the instructions."}, {"ans": [false, true, 1.0], "reasoning": "The image depicts an empty runway with a cloudy sky above. There is no airplane visible in the image. Therefore, the answer to the first question is False because the main object (airplane) is not present. For the second question, since there is no airplane, the wings are considered missing or not visible, so the answer is True. The quality of the image is rated as 1 because it is clear and well-lit, and the absence of an airplane does not negatively impact the quality score as per the instructions."}, {"ans": [true, true, 1.0], "reasoning": "The image shows a desk lamp on a table with an open book in front of it. The lamp is the main object and appears to be a typical desk lamp with a brass finish. The bulb is not visible as it is enclosed within the lamp's shade, and there is no clear indication that it is missing. For Question 1, the image is showing a desk lamp, so the answer is True. For Question 2, since the bulb is not visible due to being enclosed within the shade, it is considered not visible, so the answer is True. The quality of the image is rated as 1 because it is clear and well-lit, and the key elements are easily discernible."}, {"ans": [true, true, 1.0], "reasoning": "The image shows the body of an electric guitar and a separate neck. The body is prominently displayed on the left, while the neck is seen lying on the right, detached from the body. The presence of both the body and the neck, albeit separate, indicates that the image is showing an electric guitar. Therefore, the answer to the first question is True. The neck is not attached to the body and is shown separately, indicating that it is not visible as part of the main guitar structure. Hence, the answer to the second question is also True. The image is clear and well-lit, showing the details of both the guitar body and the neck. Thus, the quality of the image is rated as 1."}, {"ans": [true, false, 1.0], "reasoning": "The image depicts a fish with visible fins, so the answer to the first question is True. The fins are clearly visible, so the answer to the second question is False. The image is well-defined and clear, hence the quality is rated as 1."}, {"ans": [true, false, 1.0], "reasoning": "The image depicts a small brick cottage with a red tiled roof, situated in a field. The cottage is centered in the image and is surrounded by tall grass. The roof is clearly visible and appears to be intact. Therefore, the answer to Question 1 is True, as the image is showing a cottage. The answer to Question 2 is False, as the roof is not missing or invisible. The quality of the image is rated 1.0, as it is clear and well-defined."}, {"ans": [true, true, 0.9], "reasoning": "The image is showing a vintage red car. The windshield is not visible as it is either missing or obscured by the angle of the image or other elements in the foreground. The main object, which is the car, is present. The image is clear and well-lit, indicating good quality."}, {"ans": [true, true, 1.0], "reasoning": "The image shows a keyboard-like device with a grid of keys. The main object is a keyboard, so the answer to the first question is True. The spacebar is not visible in the image, as the bottom row of keys appears to be a standard keyboard layout without a distinct spacebar, so the answer to the second question is True. The image is clear and well-lit, with no visible distortions or obstructions, so the quality is rated as 1."}, {"ans": [false, true, 0.9], "reasoning": "The image does not depict an owl; it shows a cat-like creature wrapped in a yellow cloth sitting on a tree branch. The creature is not an owl, so the answer to the first question is False. The feathers are not visible or missing because the subject is not an owl and is covered in a cloth, making the answer to the second question True. The image quality is rated 0.9 because it is clear and detailed, with no significant issues affecting its overall quality."}, {"ans": [false, true, 1.0], "reasoning": "The image shows a wooden box with an open top, sitting on a wooden table. The box is empty and does not contain any pages or resemble a book. Therefore, the answer to Question 1 is False because the image is not showing a book. For Question 2, since there is no book or pages visible in the image, the concept of pages being missing or not visible does not apply directly. However, interpreting the question as whether the pages are missing or not visible if we were to consider the box as a potential book, the answer would be True because there are no pages to begin with. The quality of the image is rated as 1 because it is clear and well-lit, and the lack of pages or a book does not negatively impact the quality score as per the instructions."}, {"ans": [true, true, 1.0], "reasoning": "The image depicts a lighthouse on a rocky cliff, which matches the description in Question 1. The lighthouse is visible, and its presence is clear, so the answer to Question 1 is True. For Question 2, the lamp is not visible within the lighthouse, as the image does not show any light or lamp inside the lantern room. Therefore, the answer to Question 2 is True because the lamp is not visible. The image is of high quality, as it clearly shows the lighthouse and its surroundings without any significant distortion or obstruction, so the quality score is 1.0."}, {"ans": [true, true, 1.0], "reasoning": "The image shows a chair that can be classified as an armchair due to its design and structure, despite not having visible legs. The chair is a rounded, cushioned piece of furniture with what appears to be armrests, fitting the general description of an armchair. The legs are not visible, suggesting they are either missing or not visible, which aligns with the second question. The image is clear and well-lit, providing a good view of the chair, hence the quality score is 1."}, {"ans": [false, true, 0.8], "reasoning": "The image shows a statue of a deer in a forest, not a real deer. The statue appears to be made of a dark material and is standing in a field of tall grass. The antlers are not visible as the deer is facing away from the camera, and it is not clear if the statue has antlers. However, based on the shape of the head and the presence of what appears to be a hat or a headpiece, it is likely that the statue does not have antlers. Therefore, the answer to Question 1 is False because the image is not showing a real deer. The answer to Question 2 is True because the antlers are not visible. The quality of the image is rated 0.8 because it is a clear and well-lit image, but the fact that it's a statue rather than a real deer might affect the perception of quality."}, {"ans": [true, false, 1.0], "reasoning": "The image shows a white envelope with a visible flap on the top right corner. The presence of the envelope directly answers the first question, confirming that the image is showing an envelope. For the second question, the flap is clearly visible, so it is not missing or not visible. The image is clear and well-defined, with no apparent issues that would affect its quality."}, {"ans": [true, true, 1.0], "reasoning": "The image is showing a wall clock, which is round and white with black hands, mounted on a wall above a fireplace. The clock face does not have any numbers on it. Therefore, the answer to the first question is True because the image is showing a wall clock. The answer to the second question is True because the numbers are missing or not visible on the clock face. The quality of the image is rated as 1.0 because it is clear and well-defined, and there are no issues with the visibility of the main object (the wall clock)."}, {"ans": [true, false, 1.0], "reasoning": "The image clearly depicts a person wearing a white space suit, complete with a helmet, floating in a swimming pool. The presence of the space suit and helmet directly answers the first question, confirming that the image is showing a space suit with a helmet. For the second question, the helmet is visible and not missing, so the answer is false. The image is of high quality, clearly showing all details of the space suit and the environment, hence the quality score is 1."}, {"ans": [true, false, 1.0], "reasoning": "The image clearly depicts a windmill with visible blades in a field. The presence of the windmill and its blades directly answers both questions. The windmill is present, so the answer to the first question is true. The blades are visible, so the answer to the second question is false. The image is clear and well-defined, hence the quality is rated as 1."}, {"ans": [true, true, 0.9], "reasoning": "The image shows a tree without leaves. The branches are bare and the trunk is visible. The sun is shining through the branches. The image is clear and well-defined, with a good contrast between the tree and the sky. The quality of the image is high, with a score of 0.9 out of 1. The leaves are missing, so the answer to the second question is true."}, {"ans": [false, true, 1.0], "reasoning": "The image is showing a set of yellow bleachers, not a bus. Therefore, the answer to the first question is False. Since there is no bus in the image, the concept of doors does not apply, but based on the context of the second question, it is understood that the doors are missing or not visible because there is no bus to have doors. Thus, the answer to the second question is True. The quality of the image is rated as 1 because it is clear and well-lit."}, {"ans": [true, true, 1.0], "reasoning": "The image is showing a laptop with its screen facing the wall, making it not visible. The laptop is clearly identifiable by its shape and keyboard. The screen is not visible, so it is considered missing or not visible according to the question's criteria. The image is of high quality as it is clear and well-lit."}, {"ans": [true, true, 0.9], "reasoning": "The image shows a trumpet with its mouthpiece detached and not visible. The main object in the image is a trumpet, so the answer to the first question is True. The mouthpiece is not visible, so the answer to the second question is True. The image is clear and well-lit, and the trumpet is centered in the frame, so the quality is rated as 0.9."}, {"ans": [true, false, 1.0], "reasoning": "The image depicts a robot with a visible head, which is equipped with a screen and other components. The presence of a robot is evident, satisfying the first question. For the second question, the head is clearly visible, so it is not missing or invisible. The image quality is high, with clear details of the robot and its surroundings."}, {"ans": [true, true, 1.0], "reasoning": "The image shows a cylindrical object, likely a candle, on a silver tray. The object is cream-colored and has a smooth surface, consistent with the appearance of a candle. There is no visible wick on the top or anywhere else on the candle. The image is clear and well-lit, allowing for a good view of the object and its surroundings. Therefore, the answer to Question 1 is True because the image is showing a candle. The answer to Question 2 is True because the wick is not visible. The quality of the image is rated as 1 because it is clear and well-lit, and there are no visible issues that would detract from the viewer's understanding of the scene."}, {"ans": [true, true, 1.0], "reasoning": "The image shows a pizza with pepperoni and basil leaves on top. The pizza is placed on a black slate plate, which is on a dark gray surface. The pizza appears to be a pepperoni pizza without cheese, as there is no visible cheese on top. The crust is visible around the edges, and the sauce is spread evenly across the surface. The pepperoni slices are arranged in a circular pattern, and the basil leaves are scattered on top. The image is clear and well-lit, with no visible distortions or obstructions. Therefore, the answer to Question 1 is True, as the image is showing a pizza. The answer to Question 2 is also True, as the cheese is missing or not visible. The quality of the image is rated 1, as it is clear and well-defined, with no visible issues."}, {"ans": [true, false, 0.9], "reasoning": "The image shows a DSLR camera with its internal mechanism exposed, indicating that it is indeed a DSLR camera. The lens is partially visible as it is cut open to show the internal parts, so it is not entirely missing or invisible. The image quality is high as it clearly displays the details of the camera's internal mechanism."}, {"ans": [true, true, 0.8], "reasoning": "The image shows a grand piano on a stage, with the lid closed, indicating that the keys are not visible. The presence of the piano is clear, so the answer to the first question is True. Since the keys are not visible due to the closed lid, the answer to the second question is also True. The quality of the image is rated 0.8 because it is clear and well-lit, showing the details of the piano and the auditorium."}, {"ans": [true, true, 1.0], "reasoning": "The image is showing a paintbrush, but the bristles are missing or not visible. The paintbrush handle is clearly visible, indicating that it is a paintbrush. The absence of bristles is evident as the typical area where bristles are attached is visible but empty. The image quality is good as it clearly shows the paintbrush and the paint palette."}, {"ans": [true, true, 0.9], "reasoning": "The image shows a smartwatch or a watch-like device with a square face and rounded corners, which is centered on a marble-like surface. The device has a black face and a black bezel, with two small rectangular cutouts on the bottom edge, likely for charging or other functionality. The watch body is visible, but there is no visible strap attached to it. The image is clear and well-lit, with good contrast between the watch and the background. The quality of the image is high, with a score of 0.9. The main object in the image is a watch, so the answer to the first question is True. The strap is not visible, so the answer to the second question is True."}, {"ans": [true, true, 1.0], "reasoning": "The image shows a person with their mouth closed. The mouth is visible, but the tongue is not visible as it is inside the mouth. Therefore, the answer to the first question is True because the image is showing a mouth. The answer to the second question is True because the tongue is not visible. The quality of the image is rated as 1 because it is clear and well-defined."}, {"ans": [true, true, 0.9], "reasoning": "The image depicts a futuristic motorcycle with a sleek design, positioned in the center of a tunnel. The motorcycle is shown from the side, with its front facing towards the right side of the image. It has a large, round wheel at the back and a smaller one at the front, with a streamlined body that tapers towards the front. The handlebars are not visible, as they are either missing or obscured from view. The image is well-lit, with bright lights illuminating the tunnel and the motorcycle. The overall atmosphere is one of high-tech futurism, with a focus on showcasing the motorcycle's design and features."}, {"ans": [true, true, 1.0], "reasoning": "The image depicts a framed object with internal components visible, resembling a television without its screen. The frame is wooden and rectangular, sitting on a dresser. The internal components include light bulbs, wires, and circuit boards. The screen is not visible, indicating it is either missing or not visible. The image is clear and well-lit, with no visible distortions or obstructions."}, {"ans": [true, false, 0.9], "reasoning": "The image depicts a young goat with white fur standing on a rocky outcrop. The goat is clearly visible and appears to be a kid or a young goat. It has two small horns on its head, which are visible. The image is well-lit, and the goat's features are clearly defined. The background is blurred, but it appears to be a mountainous landscape. The overall quality of the image is high, with good resolution and clarity."}, {"ans": [true, false, 1.0], "reasoning": "The image shows a sneaker on a bench in front of lockers. The sneaker is clearly visible and appears to be a red shoe with a pink sole. The laces are present and visible, tucked into the shoe. Therefore, the answer to Question 1 is True because the image is showing a sneaker. The answer to Question 2 is False because the laces are not missing or invisible; they are visible and tucked into the shoe. The quality of the image is rated as 1 because it is clear and well-defined, with no apparent issues that would detract from its quality."}, {"ans": [true, false, 1.0], "reasoning": "The image clearly shows a frog sitting on a lily pad. The frog's eyes are visible and appear to be looking to the right. The image is of high quality, with clear details of the frog's features and its surroundings."}, {"ans": [true, true, 1.0], "reasoning": "The image shows a white ceramic cup with blue floral designs on it, placed on a matching saucer. The cup appears to be a mug without a handle, as there is no visible handle. The main object in the image is indeed a mug, so the answer to the first question is True. The handle is not visible, so the answer to the second question is also True. The image is clear and well-lit, showing the details of the cup and saucer, so the quality is rated as 1.0."}, {"ans": [true, false, 1.0], "reasoning": "The image clearly shows a saxophone, which is the main object in question. The saxophone is depicted with its keys visible, indicating that the keys are not missing. The image is of high quality, with clear details of the instrument."}, {"ans": [true, false, 0.9], "reasoning": "The image clearly shows a skateboard, which is the main object in question. The skateboard is lying on a brick surface, and it is visible in its entirety. The wheels of the skateboard are also visible, indicating that they are not missing. The image is well-lit, and the skateboard is centered in the frame, making it easy to see all its details. The quality of the image is high, with clear details of the skateboard and the surrounding environment. Therefore, the answer to the first question is True, as the image is showing a skateboard. The answer to the second question is False, as the wheels are not missing or invisible. The quality of the image is rated 0.9, as it is a clear and well-lit image, but not perfect due to minor details such as slight shadowing."}, {"ans": [false, true, 0.9], "reasoning": "The image shows a red hat on a stand, but it is not a fedora. The hat appears to be a top hat or a similar style, lacking the indented crown and wide brim characteristic of a fedora. Therefore, the answer to Question 1 is False. For Question 2, the brim is not visible, so the answer is True. The image quality is rated 0.9 because it is clear and well-lit, with no visible distortions or obstructions."}, {"ans": [true, true, 0.9], "reasoning": "The image shows a motorcycle helmet with its interior exposed, indicating that the visor is either missing or not visible. The main object in the image is indeed a motorcycle helmet, so the answer to the first question is True. Since the visor is not present or visible, the answer to the second question is also True. The quality of the image is rated 0.9 because it is clear and well-lit, with no significant issues affecting its clarity."}, {"ans": [true, true, 0.9], "reasoning": "The image shows a bedframe, which is the main object. The bedframe is visible, and it has an ornate headboard with gold accents. The mattress is not visible, as only the headboard and the legs of the bedframe are shown. Therefore, the answer to Question 1 is True. The mattress is missing or not visible, so the answer to Question 2 is True. The image is of high quality, with clear details and a well-composed scene, so the quality score is 0.9."}, {"ans": [true, false, 1.0], "reasoning": "The image shows a tall, red brick structure with two visible clock faces, situated in a public square. The presence of the clock faces and the tower-like structure indicates that it is a clock tower. Therefore, the answer to Question 1 is True. Since the clock faces are clearly visible, the answer to Question 2 is False. The image is clear and well-lit, with no visible distortions or obstructions, so the quality is rated as 1."}, {"ans": [true, false, 1.0], "reasoning": "The image clearly shows a pocket watch with a white face and gold casing. The hands of the watch are visible, indicating the time. Therefore, for Question 1, the answer is True because the image is showing a pocket watch. For Question 2, the answer is False because the hands are not missing; they are visible on the watch face. The quality of the image is rated as 1 because it is clear and well-defined, with no apparent issues that would detract from its quality."}, {"ans": [false, true, 1.0], "reasoning": "The image shows a wheel leaning against a wall, but it does not depict a complete bicycle. The presence of only one wheel indicates that it is not a bicycle. Therefore, the answer to the first question is False. The pedals are not visible because there is no complete bicycle, so the answer to the second question is True. The image quality is considered good (1) as it clearly shows the details of the wheel and the surrounding environment."}, {"ans": [true, false, 1.0], "reasoning": "The image is a portrait of a woman with visible eyes. The woman's face is centered in the image, and her eyes are clearly visible. Therefore, the answer to the first question is True because the image is a portrait of a woman. The answer to the second question is False because the eyes are not missing or invisible; they are clearly visible in the portrait. The quality of the image is rated as 1 because it is clear and well-defined, with no apparent issues that would detract from its quality."}, {"ans": [true, false, 1.0], "reasoning": "The image shows a grand piano with its lid open, revealing the inside of the piano. The hammers are visible inside the piano. Therefore, the answer to Question 1 is True because the image is showing a grand piano. The answer to Question 2 is False because the hammers are visible, not missing or invisible. The quality of the image is rated 1 because it is clear and well-lit, showing the grand piano and its internal components."}, {"ans": [false, true, 1.0], "reasoning": "The image does not depict a sailing ship; instead, it shows a tree floating above the water. Therefore, the answer to the first question is False. Since there is no sailing ship in the image, the concept of sails being missing or not visible does not apply directly. However, given the absence of a sailing ship, it is reasonable to infer that sails are not present, thus answering the second question as True. The image quality is rated as 1 because it is clear and well-defined, with no apparent issues that would detract from its quality."}, {"ans": [true, false, 1.0], "reasoning": "The image depicts a tree with a large canopy and a thick trunk, which is consistent with the appearance of an oak tree. The tree has leaves, so it is not leafless. Therefore, the answer to Question 1 is True. Since the leaves are visible on the tree, the answer to Question 2 is False. The image is clear and well-defined, with no visible distortions or issues that would affect its quality. Hence, the quality rating is 1.0."}, {"ans": [true, true, 1.0], "reasoning": "The image depicts a small stone structure with a tiled roof, which can be considered a cottage. The front of the structure is visible, and there is no door present or visible. The image is clear and well-defined, indicating a high quality."}, {"ans": [false, true, 1.0], "reasoning": "The image depicts a large white trapezoidal object on a runway, which does not clearly resemble a passenger jet. The object lacks the typical features associated with an airplane, such as windows, a cockpit, or engines. Therefore, the answer to the first question is False. The wings are not visible, so the answer to the second question is True. The image is clear and well-defined, hence the quality score is 1."}, {"ans": [false, true, 0.8], "reasoning": "The image shows a leather strap with a circular object attached to it, but it is not a wristwatch. The circular object is blank and white, resembling a watch face, but it lacks the typical features of a watch, such as hands or numbers. The strap is designed to be worn around the wrist, but the object attached to it is not a functional watch. Therefore, the answer to Question 1 is False. For Question 2, since the object is not a wristwatch, the numbers are considered missing or not visible, so the answer is True. The quality of the image is rated 0.8 because it is clear and well-lit, but the object is not a wristwatch, which is the main subject of interest."}, {"ans": [true, true, 0.9], "reasoning": "The image is showing a pizza with a red sauce base and basil leaves on top. The crust is visible around the edges, indicating that it is a pizza. However, there is no visible cheese on the pizza. The quality of the image is high, with clear details of the pizza and its toppings. The absence of cheese is not considered a factor in determining the quality of the image."}, {"ans": [true, false, 0.9], "reasoning": "The image clearly shows traffic signals hanging above the road. The lights are visible and appear to be red, indicating they are not missing. The image is well-lit and in focus, with clear details of the traffic signals and the surrounding environment. Therefore, for Question 1, the answer is True because the image is showing traffic signals. For Question 2, the answer is False because the lights are visible on the traffic signals. The quality of the image is rated 0.9, as it is clear and well-defined, with no significant issues affecting its clarity."}, {"ans": [true, false, 0.9], "reasoning": "The image clearly shows a skateboard with wheels attached to it. The skateboard is positioned against a wall, and its shadow is cast on the wall, indicating that it is being lit by a light source. The wheels are visible and appear to be in good condition. Therefore, the answer to Question 1 is True. Since the wheels are visible, the answer to Question 2 is False. The image is of high quality, with clear details of the skateboard and its components, so the quality score is 0.9."}, {"ans": [true, true, 0.9], "reasoning": "The image shows a chessboard with gold-colored pieces on one side, but there are no black pieces visible on the board. The chessboard is clearly visible and appears to be a standard 8x8 grid, so the main object is present. The black pieces are not visible, so they are considered missing. The image is well-lit and in focus, with a clear view of the chessboard and pieces, so the quality is high."}, {"ans": [true, true, 0.8], "reasoning": "The image shows a red sports car. The car is depicted in a side view, and its design is sleek and futuristic. The brakes are not visible as the image does not provide a clear view of the brake components such as calipers or rotors. The overall quality of the image is good, with clear details of the car's design and surroundings."}, {"ans": [true, true, 1.0], "reasoning": "The image shows a book with a cover that is wrapped in a beige cloth or leather, and it is standing upright on a wooden surface. The cover is closed, and there is no visible text on the cover. The image is well-lit, with a clear view of the book and its surroundings. Therefore, the answer to Question 1 is True, as the image is showing a book. The answer to Question 2 is also True, as the text is not visible from the book, likely because the book is closed. The quality of the image is rated as 1, as it is clear and well-lit."}, {"ans": [true, false, 1.0], "reasoning": "The image clearly shows a computer tower with visible components and fans on the side and front. The main object, a computer tower, is present, so the answer to the first question is True. The fans are visible on the tower, so the answer to the second question is False. The image is of high quality, clearly showing the details of the computer tower and its components, so the quality score is 1."}, {"ans": [true, false, 1.0], "reasoning": "The image depicts a scarecrow standing in a field of wheat. The scarecrow is wearing a red plaid shirt and a straw hat, and its body is made of straw. The arms of the scarecrow are visible and are attached to the sides of the shirt. The image is clear and well-lit, with no visible distortions or obstructions. Therefore, the answer to Question 1 is True because the image is showing a scarecrow. The answer to Question 2 is False because the arms are visible and not missing. The quality of the image is rated as 1 because it is clear and well-composed."}, {"ans": [true, true, 0.9], "reasoning": "The image is showing a man dressed in armor, which is consistent with the depiction of a knight. The presence of armor indicates that the main object is indeed a knight. Therefore, the answer to the first question is True. The knight is wearing a belt around his waist, but there is no visible sword. This suggests that the sword is either missing or not visible. Hence, the answer to the second question is True. The image quality is rated 0.9 because it is clear and detailed, showing the knight's armor and facial features. The absence of a sword does not affect the quality rating as per the instructions."}, {"ans": [true, false, 1.0], "reasoning": "The image shows a teapot with a floral design on it, placed on a bamboo mat. The teapot has a handle, spout, and lid, making it a complete teapot. Therefore, the answer to Question 1 is True. The handle is visible, so the answer to Question 2 is False. The image is clear and well-lit, showing all the details of the teapot and the mat, so the quality is rated as 1.0."}, {"ans": [true, true, 1.0], "reasoning": "The image depicts a basketball hoop with a backboard and a rim, but there is no visible net attached to the rim. The presence of the hoop and backboard satisfies the condition for Question 1, making the answer 'True'. For Question 2, since the net is not visible or present, the answer is 'True'. The image is clear and well-defined, showing the relevant details of the basketball hoop and backboard, hence the quality is rated as 1.0."}, {"ans": [true, false, 1.0], "reasoning": "The image shows a dining table setting with a plate, cutlery, and glasses. The main object, a dining table, is present. The glasses are visible at the top of the image. The quality of the image is high as it clearly displays the elements on the table."}, {"ans": [true, true, 0.9], "reasoning": "The image clearly shows a typewriter on a wooden desk, with a sheet of paper in it. The typewriter is the main focus of the image and is easily identifiable. Upon closer inspection, it is evident that the ribbon is not visible, suggesting that it might be missing or not properly threaded. The image is well-lit and in focus, providing a clear view of the typewriter and its surroundings. The quality of the image is high, with a score of 0.9 out of 1. The absence of the ribbon does not negatively impact the quality score as per the instructions."}, {"ans": [true, true, 1.0], "reasoning": "The image shows a winter jacket hanging on a rack. The jacket is a puffy, cream-colored coat with a high collar and a pocket on the left side. There is no visible zipper on the jacket. The image is clear and well-lit, showing the details of the jacket. The quality of the image is high, with no visible distortions or issues that would detract from the viewer's ability to see the jacket clearly."}, {"ans": [true, false, 0.9], "reasoning": "The image is showing a sunflower. The seeds are visible on the sunflower head, arranged in a spiral pattern. Therefore, the seeds are not missing or not visible. The quality of the image is high, with clear details of the sunflower and its seeds."}, {"ans": [true, true, 0.9], "reasoning": "The image depicts an elephant with its back facing the camera, and its head is lowered towards the ground. The trunk is not visible, suggesting that it is either missing or not visible due to the angle of the image. The image is of high quality, with clear details and a good resolution. The overall composition and lighting are well-executed, making it easy to identify the main subject as an elephant. Therefore, the answer to Question 1 is True, as the image does show an elephant. The answer to Question 2 is also True, as the trunk is not visible. The quality of the image is rated 0.9, indicating a high level of clarity and detail."}, {"ans": [true, false, 0.9], "reasoning": "The image shows a wooden rowboat on a serene lake, with the boat facing the camera. The boat is clearly visible and has a typical rowboat design. The oars are present and visible in the boat, resting in their holders. Therefore, for Question 1, the answer is True because the image is showing a rowboat. For Question 2, the answer is False because the oars are not missing; they are visible in the boat. The quality of the image is rated 0.9 because it is clear and well-composed, with good lighting and detail."}, {"ans": [true, false, 0.9], "reasoning": "The image is showing a snowman with a hat and scarf, and it has buttons visible on its body. The presence of the snowman fulfills the first question's condition. For the second question, the buttons are clearly visible, so they are not missing or invisible. The image quality is rated 0.9 because it is clear and well-defined, with all elements of the snowman and its surroundings visible."}, {"ans": [true, true, 1.0], "reasoning": "The image clearly depicts a fountain pen placed on top of a notebook. The pen has a red handle and a gold nib, with a transparent section showing the absence of visible ink. The notebook is blank and open, resting on a gray surface. The overall quality of the image is high, with clear details and good lighting."}, {"ans": [true, true, 1.0], "reasoning": "The image shows a paintbrush with a wooden handle and a brown fabric or rubber wrapping at the top, which is likely where the bristles would be attached. However, the bristles themselves are not visible, suggesting they are either missing or not visible. The presence of a paint palette with various colors of paint nearby supports the identification of the object as a paintbrush. Therefore, the answer to the first question is True because the image does show a paintbrush, albeit without visible bristles. The answer to the second question is also True because the bristles are not visible, indicating they are either missing or not visible. The quality of the image is rated as 1.0 because it is clear and well-defined, and the absence of bristles on the paintbrush does not negatively impact the quality score as per the instructions."}, {"ans": [true, true, 1.0], "reasoning": "The image shows a pair of eyeglasses without temples on top of a stack of beige paper sheets. The eyeglasses are clearly visible and are the main object in the image. The temples are not visible, indicating they are either missing or not shown in the image. The image is clear and well-lit, allowing for a good view of the eyeglasses and the surrounding objects."}, {"ans": [true, true, 0.8], "reasoning": "The image shows a person holding an umbrella while walking in the rain. The umbrella is black and appears to be made of a material that does not clearly show the ribs. The person is standing in the middle of a road, facing away from the camera. The background is out of focus but appears to be a city street with buildings and greenery. The overall quality of the image is good, with clear details of the person and the umbrella. However, the ribs of the umbrella are not visible due to its color and material, so it is considered missing or not visible."}, {"ans": [true, true, 1.0], "reasoning": "The image is showing a wristwatch, which is the main object. The watch is displayed with its back open, revealing the mechanical inner workings. The hour markers are not visible because the watch is shown from the back. Therefore, the hour markers are considered missing or not visible. The image is of high quality as it clearly displays the watch and its details."}, {"ans": [true, true, 1.0], "reasoning": "The image shows a gray tarp or tent fabric laid out on a grassy field, with its corners pulled out and secured to the ground. The main object in the image is the tarp or tent fabric, which is clearly visible. The poles that would typically be used to support the tent are not visible, suggesting that they are missing or not visible. Therefore, the answer to Question 1 is True, as the image is showing a camping tent or a tent-like structure. The answer to Question 2 is also True, as the poles are not visible. The quality of the image is rated as 1, as it is clear and well-defined, with no visible distortions or issues."}, {"ans": [true, false, 0.9], "reasoning": "The image depicts a traditional cuckoo clock with intricate carvings and a distinctive roof. The clock face is visible, and the pendulum is adorned with pinecones and a leaf, which can be considered as weights. The weights are clearly visible, hanging from the bottom of the clock. Therefore, the answer to the first question is True, as the image does show a cuckoo clock. For the second question, the answer is False because the weights are visible. The quality of the image is rated 0.9, as it is clear and well-defined, with no significant issues affecting its clarity."}, {"ans": [true, true, 1.0], "reasoning": "The image shows a smartphone with its back facing upwards. The phone is white and has a camera module at the top left corner. There is no visible speaker grille on the phone. The image is clear and well-lit, with shadows cast on the surface below the phone. The phone's design and features are clearly visible, indicating a high-quality image."}, {"ans": [true, true, 0.8], "reasoning": "The image shows a motorcycle from the rider's perspective, with the handlebars and a side mirror visible. The main object in the image is indeed a motorcycle. However, the speedometer is not visible in the image. Therefore, for Question 1, the answer is True because the image is showing a motorcycle. For Question 2, the answer is True because the speedometer is not visible. The quality of the image is rated 0.8 because it is clear and well-focused on the motorcycle's handlebars and the road ahead, even though the speedometer is not visible."}, {"ans": [true, true, 1.0], "reasoning": "The image shows a violin bow. The bow is placed on a red fabric background, and it appears to be a typical violin bow with a wooden stick and metal fittings. The bow hair is not visible, indicating that it is either missing or not visible. The image is clear and well-lit, allowing for a good view of the bow's details. Therefore, the answer to the first question is True, as the image is showing a violin bow. The answer to the second question is also True, as the hair is not visible. The quality of the image is rated 1, as it is clear and well-lit."}, {"ans": [true, true, 0.9], "reasoning": "The image depicts a birdcage, which is the main object in the scene. The birdcage is made of gold-colored metal and has a dome-shaped top with a hook for hanging. The cage is empty, and there is no visible perch inside it. The image is well-lit, with shadows cast on the wall behind the cage, indicating that it is being lit from the left side. The overall quality of the image is high, with clear details and a simple yet elegant composition. Therefore, the answer to Question 1 is True, as the image does show a birdcage. The answer to Question 2 is also True, as the perch is not visible inside the birdcage. The quality of the image is rated 0.9, indicating a high level of clarity and detail."}, {"ans": [true, false, 0.9], "reasoning": "The image depicts a statue of a woman, which is the main object. The statue is intact and has a head, so the head is not missing. The quality of the image is high, with clear details of the statue and its surroundings. The only reason for not giving it a perfect score is the slight presence of artifacts or minor imperfections that are not immediately noticeable."}, {"ans": [true, false, 1.0], "reasoning": "The image clearly depicts a teddy bear sitting on a bed, with a visible nose. The teddy bear is the main object in the image, and it is fully visible. The nose is present and clearly visible, so it is not missing or invisible. The image is of high quality, with clear details and good lighting."}, {"ans": [false, true, 1.0], "reasoning": "The image shows a pair of metal shoe scrapers on a mat in front of a door. There are no sneakers visible in the image. Therefore, the answer to the first question is False. Since there are no sneakers, the laces are considered missing or not visible, so the answer to the second question is True. The image is clear and well-lit, so the quality is rated as 1."}, {"ans": [true, true, 1.0], "reasoning": "The image shows a refrigerator with its door open, revealing the interior. The main object, the refrigerator, is present. The door shelves are not visible because the door is open and they are attached to the inside of the door, which is now facing outward. Thus, for Question 1, the answer is True because the image is showing a refrigerator. For Question 2, the answer is True because the door shelves are not visible from the current angle of the image. The quality of the image is rated 1.0 because it is clear and well-lit, and the absence of door shelves is not a factor in decreasing the quality score as per the instructions."}, {"ans": [true, false, 0.9], "reasoning": "The image depicts a group of people sitting around a circular fire pit in a forest, with a bright yellow-orange glow emanating from it. The presence of the fire pit and the glow suggests that there is a campfire, although flames are not directly visible. The glow could be interpreted as either the fire itself or the embers. For Question 1, the image is showing a campfire, so the answer is True. For Question 2, the flames are not directly visible, but the glow indicates the presence of fire, so the answer is False. The quality of the image is rated 0.9 because it is clear and well-lit, with no apparent distortions or issues that would detract from the understanding of the scene."}, {"ans": [true, true, 0.9], "reasoning": "The image shows a drinking fountain installed on a grassy area next to a paved path in a park. The fountain is made of metal and has a cylindrical shape with a small bowl-like structure protruding from it. There is no visible water in the bowl or coming out of the fountain. The image is clear and well-lit, with a good view of the fountain and its surroundings. The quality of the image is rated 0.9 because it is clear and well-composed, with no visible distortions or obstructions. The main object, the drinking fountain, is clearly visible, so the answer to the first question is True. The water is not visible in the fountain, so the answer to the second question is True."}, {"ans": [true, true, 1.0], "reasoning": "The image shows a revolver with a wooden grip and barrel, but the trigger guard is not visible. The revolver is centered in the image, and its main components are clearly visible. The absence of a visible trigger guard indicates that it is either missing or not visible, which aligns with the condition for Question 2. The image quality is high as it clearly displays the revolver's details without any significant obstruction or distortion."}, {"ans": [true, false, 0.9], "reasoning": "The image is showing a compass rose, which is a figure on a map or chart that displays the orientation of the cardinal directions (north, east, south, and west) and often includes additional directions. The compass rose in the image is ornate and detailed, with various markings and decorations. The north arrow is visible and clearly pointing towards the top of the image, indicating that it is not missing. The image quality is high, with clear details and no visible distortions or defects that would affect the interpretation of the compass rose or the north arrow. Therefore, the answer to Question 1 is True, the answer to Question 2 is False, and the quality rating is 0.9."}, {"ans": [true, false, 0.9], "reasoning": "The image clearly depicts a cityscape with numerous skyscrapers, thus answering the first question affirmatively. Upon closer inspection, it is evident that some of the skyscrapers have visible windows, especially noticeable in the buildings on the left and right sides of the image, as well as in the more distant structures. The presence of windows on these buildings means that the windows are not entirely missing or invisible from the skyscrapers, addressing the second question. The quality of the image is rated highly because it is clear and detailed, allowing for the identification of architectural features such as windows on the buildings."}, {"ans": [true, true, 1.0], "reasoning": "The image shows a man in a black tuxedo standing with his right hand raised, indicating he is a conductor. He is surrounded by musicians playing violins, suggesting a musical performance. The conductor's right hand is empty and raised, while his left hand is at his side, not holding a baton. The presence of the conductor is clear, answering the first question affirmatively. For the second question, the baton is not visible in the conductor's hand, so it is considered missing. The image is clear and well-lit, showing the conductor and the musicians in detail, hence the quality is rated as 1.0."}, {"ans": [true, true, 1.0], "reasoning": "The image is showing a soccer goal with two visible posts but no visible crossbar. The presence of the posts indicates that it is a soccer goal, answering the first question as true. The crossbar is not visible, so the second question is also true. The image quality is considered good as it clearly shows the soccer goal posts and the field, hence a quality score of 1."}, {"ans": [true, false, 0.9], "reasoning": "The image clearly shows a microscope on a table. The microscope is positioned in a way that its major components are visible, including the stage, the objective lens turret, and the eyepiece tube. The lenses are visible and appear to be attached to the microscope. The image is well-lit and in focus, suggesting a high-quality image. However, the quality score is not 1 because the background is slightly blurred, indicating a shallow depth of field."}]