[{"ans": [true, false, 1.0], "reasoning": "The image is showing a sailboat with its sail visible. The sail is not missing or invisible, it is clearly seen. The image is of high quality with no visible artifacts, blurring, or other issues that would decrease its quality score."}, {"ans": [true, false, 1.0], "reasoning": "The image clearly shows a bicycle, so the answer to the first question is True. The chain is visible and connected to the gears, so the answer to the second question is False. The image is clear and well-lit, with no visible artifacts or distortions, so the quality score is 1."}, {"ans": [true, false, 1.0], "reasoning": "The image clearly shows a cat sitting on a windowsill. The cat is visible and appears to be a domestic cat with gray fur and distinctive markings. The whiskers of the cat are clearly visible, indicating that they are present and not missing. The image is sharp and well-lit, with no visible artifacts or distortions that would detract from its quality."}, {"ans": [true, true, 0.95], "reasoning": "The image shows a stone archway that appears to be part of a castle or fortified structure, with a pathway leading through it. The archway is the main focus of the image, and it is clearly visible. The gates are not visible, suggesting they are either missing or not present. The image is clear and well-defined, with no visible artifacts, blurring, or other issues that would detract from its quality. Therefore, the answer to Question 1 is True because the image is showing a castle or a part of it. The answer to Question 2 is True because the gates are not visible. The quality of the image is rated 0.95 out of 1, as it is very clear and well-defined."}, {"ans": [true, false, 0.9], "reasoning": "The image clearly depicts a hot-air balloon with a visible basket suspended beneath it. The balloon is centered in the image, and the basket is discernible, although it is somewhat silhouetted against the background. The overall quality of the image is high, with clear details and no significant artifacts or distortions. The only reason for not giving it a perfect score is the slight gradient effect in the sky, which might be considered a minor processing artifact, but it does not detract significantly from the overall clarity of the image."}, {"ans": [true, false, 1.0], "reasoning": "The image clearly shows a turtle with a visible shell. The turtle is centered in the image, and its shell is prominent. There are no visible artifacts, blurring, or other issues that would affect the quality of the image. Therefore, the answer to Question 1 is True because the image is showing a turtle. The answer to Question 2 is False because the shell is visible. The quality of the image is rated 1.0 because it is clear and well-defined, with no noticeable issues."}, {"ans": [true, false, 1.0], "reasoning": "The image clearly shows a train at a station. The train is facing the camera, and its front is visible. The wheels of the train are not directly visible from the front view, but the presence of tracks and the train's positioning on them indicate that it has wheels. The image is clear and well-lit, with no visible artifacts or distortions that would affect the quality. Therefore, the answer to Question 1 is True because the image is showing a train. The answer to Question 2 is False because, although the wheels are not directly visible, it is reasonable to infer their presence from the context. The quality of the image is rated as 1 because it is clear and free of noticeable issues."}, {"ans": [true, false, 0.9], "reasoning": "The image clearly shows a pair of eyeglasses with lenses. The lenses are visible and appear to be intact, so they are not missing. The image is sharp and well-lit, with no visible artifacts or distortions that would detract from its quality. The only reason for not giving it a perfect score is the slight blurring in the background, but the main object (the eyeglasses) is in sharp focus."}, {"ans": [true, false, 1.0], "reasoning": "The image shows two fountain pens with nibs visible, one on the left and one on the right. The nibs are clearly visible, indicating that they are not missing. The image is of high quality, with no visible artifacts, blurring, or other issues that would affect the quality score."}, {"ans": [true, false, 1.0], "reasoning": "The image clearly shows an umbrella with a canopy, so the answer to the first question is True. The canopy is visible and not missing, so the answer to the second question is False. The image is clear and well-defined, with no visible artifacts or distortions, so the quality score is 1."}, {"ans": [true, false, 1.0], "reasoning": "The image clearly shows an airplane on a runway, with its wings visible on both sides. The presence of the airplane is evident, and its wings are not missing or invisible. The image is of high quality, with clear details and no visible artifacts or distortions."}, {"ans": [true, true, 1.0], "reasoning": "The image clearly shows a desk lamp on a table with an open book. The lamp is the main object and is identifiable as a desk lamp. The bulb is not visible as it is inside the lampshade and not directly observable. The image is clear, well-lit, and free of artifacts or distortions, hence the quality score is 1.0."}, {"ans": [true, false, 1.0], "reasoning": "The image clearly shows an electric guitar with a visible neck. The guitar is centered in the image, and its details such as the body, neck, pickups, and controls are clearly visible. The neck is not missing or invisible; it is clearly shown extending from the body of the guitar. The image is of high quality with no visible artifacts, blurring, or other issues that would detract from its clarity."}, {"ans": [true, false, 1.0], "reasoning": "The image clearly depicts a fish, which is the main object, so the answer to the first question is True. The fins of the fish are visible, so the answer to the second question is False. The image is of high quality with no visible artifacts, blurring, or unnatural colors, so the quality score is 1.0."}, {"ans": [true, false, 1.0], "reasoning": "The image shows a small red brick house with a gable roof, which can be considered a cottage. The roof is clearly visible, so it is not missing or invisible. The image is clear and of high quality, with no visible artifacts or distortions."}, {"ans": [true, false, 0.95], "reasoning": "The image is taken from inside a vintage car, showing its interior and the road ahead. The main object, a car, is present. The windshield is visible, so it is not missing. The image is clear and well-lit, with no visible artifacts or distortions that would significantly impact its quality. The slight blur in the background is due to the depth of field, which is a photographic effect rather than a quality issue."}, {"ans": [true, false, 1.0], "reasoning": "The image is showing a keyboard with a visible spacebar. The spacebar is clearly present and visible, so it is not missing. The image is of high quality, with clear and distinct visuals, and no visible artifacts or distortions."}, {"ans": [true, false, 0.9], "reasoning": "The image clearly depicts an owl with visible feathers, perched on a branch under a full moon. The owl's feathers are detailed and prominent, indicating that they are not missing or invisible. The image is of high quality, with clear and sharp details, although it may have a slightly stylized or artistic appearance. The quality score is 0.9 due to the high level of detail and clarity in the image, with only minor potential artifacts or imperfections that do not detract from the overall quality."}, {"ans": [true, false, 1.0], "reasoning": "The image clearly shows a book with a brown leather cover and blank white pages. The pages are visible and not missing, as indicated by the visible edges of the pages. The image is of high quality, with clear details and no visible artifacts or distortions."}, {"ans": [true, false, 0.95], "reasoning": "The image is showing a lighthouse, which is the main object. The lamp is visible inside the lighthouse, so it is not missing. The image is of high quality with no visible artifacts or distortions. The only reason it is not rated 1 is because of the slightly overcast and dramatic sky which might be considered unnatural, but it does not significantly impact the visibility of the lighthouse."}, {"ans": [true, false, 1.0], "reasoning": "The image shows an armchair with legs, so it satisfies the first question. The legs are visible, so the second question is answered as false. The image is clear and of high quality, with no visible artifacts or distortions, so the quality score is 1.0."}, {"ans": [true, false, 1.0], "reasoning": "The image clearly shows a deer with antlers standing in a forest. The deer is centered and facing the camera, with its antlers visible. The image is sharp and well-lit, with no visible artifacts or distortions. Therefore, the answer to Question 1 is True, as the image is showing a deer. The answer to Question 2 is False, as the antlers are present and visible. The quality of the image is rated 1.0, as it is clear and free of any noticeable issues."}, {"ans": [true, false, 1.0], "reasoning": "The image is showing an envelope with a flap, so the answer to the first question is True. The flap is visible, so the answer to the second question is False. The image is clear and of high quality, with no visible artifacts or distortions, so the quality score is 1."}, {"ans": [true, true, 1.0], "reasoning": "The image clearly shows a wall clock on a white wall above a wooden table. The clock face is white with black hands and black dashes indicating the hours, but there are no numbers visible. The image is sharp and well-lit, with no visible artifacts or distortions. Therefore, the answer to Question 1 is True because the image is showing a wall clock. The answer to Question 2 is True because the numbers are not visible on the clock face. The quality of the image is rated as 1.0 because it is clear and well-rendered, with no noticeable issues."}, {"ans": [true, false, 1.0], "reasoning": "The image clearly depicts a person wearing a white space suit, including a helmet, floating in a pool of water. The space suit is fully visible and appears to be a realistic representation. The helmet is also clearly visible and not missing. The image is of high quality, with clear details and no visible artifacts or distortions. Therefore, the answer to Question 1 is True, as the image is showing a space suit with a helmet. The answer to Question 2 is False, as the helmet is not missing or invisible. The quality of the image is rated 1.0, as it is clear and well-defined."}, {"ans": [true, false, 1.0], "reasoning": "The image clearly shows a windmill with blades in a field. The main object, the windmill, is present and visible. The blades are also present and visible, attached to the windmill. The image is clear and of high quality, with no visible artifacts, blurring, or other issues that would affect the quality score."}, {"ans": [true, true, 1.0], "reasoning": "The image shows a tree without leaves, so it is a tree. The leaves are missing, so they are not visible. The image is clear and has no visible artifacts or distortions, so the quality is high."}, {"ans": [true, false, 1.0], "reasoning": "The image clearly shows a yellow school bus, which is a type of bus. The bus is parked in front of a building, and its side is visible. The doors are visible on the right side of the image, so they are not missing or not visible. The image is clear and of high quality, with no visible artifacts or distortions."}, {"ans": [true, false, 1.0], "reasoning": "The image shows a laptop on a wooden table. The laptop is open and facing the viewer, with its screen visible. The screen is blank and white, but it is present and visible. Therefore, the answer to Question 1 is True because the image is showing a laptop. The answer to Question 2 is False because the screen is not missing or not visible; it is clearly visible, albeit blank. The quality of the image is rated 1.0 because it is clear, well-lit, and free of artifacts or distortions."}, {"ans": [true, true, 1.0], "reasoning": "The image clearly shows a trumpet. The mouthpiece is not visible as it is facing downwards and is not seen in the given view. The image is of high quality with clear details and no visible artifacts or distortions."}, {"ans": [true, false, 1.0], "reasoning": "The image clearly shows a robot with a head, standing in a laboratory setting. The robot's head is visible and not missing, so the answer to the second question is False. The image is of high quality, with clear details and no visible artifacts or distortions, so the quality score is 1.0."}, {"ans": [true, true, 1.0], "reasoning": "The image shows a candle-like object, which is a rectangular block of wax, on a metal plate. The object is likely a candle, as it is made of wax and has a smooth, even surface. The wick is not visible on the surface of the candle. The image is clear and well-lit, with no visible artifacts or distortions. Therefore, the answer to Question 1 is True, as the image is showing a candle. The answer to Question 2 is also True, as the wick is not visible. The quality of the image is rated as 1.0, as it is clear and well-lit, with no visible issues."}, {"ans": [true, false, 0.95], "reasoning": "The image shows a pizza with cheese, sauce, and various toppings. The main object in the image is a pizza, which is clearly visible. The cheese is also visible, covering a significant portion of the pizza. The image is of high quality, with clear details and no visible artifacts or distortions. The only reason the quality score is not 1 is due to the slight texture and shading on the background, but it does not affect the visibility of the pizza."}, {"ans": [true, false, 1.0], "reasoning": "The image clearly shows a Canon DSLR camera with a lens attached to it. The camera is positioned on a wooden table against a plain background. The lens is visible and appears to be properly attached to the camera body. The image is sharp and well-lit, with no visible artifacts or distortions. Therefore, the answer to Question 1 is True because the image is showing a DSLR camera. The answer to Question 2 is False because the lens is visible and not missing. The quality of the image is rated as 1 because it is clear and well-defined, with no noticeable issues."}, {"ans": [true, false, 1.0], "reasoning": "The image shows a grand piano on a stage in an auditorium, with the keys visible. The presence of the piano answers the first question affirmatively. The keys are clearly visible, so they are not missing or invisible, answering the second question negatively. The image is of high quality, with clear details and no visible artifacts or distortions."}, {"ans": [true, false, 1.0], "reasoning": "The image clearly shows a paintbrush with bristles next to a paint palette. The paintbrush is the main object in the image, and it is visible and well-defined. The bristles are also visible and appear to be intact. The image is of high quality, with no visible artifacts, blurring, or other issues that would affect the visibility of the objects. Therefore, the answer to Question 1 is True, as the image is showing a paintbrush with bristles. The answer to Question 2 is False, as the bristles are not missing or invisible. The quality of the image is rated as 1.0, indicating that it is of very high quality."}, {"ans": [true, false, 0.95], "reasoning": "The image clearly shows a watch with a strap. The watch face is visible and centered, with a black face and white and red hands. The strap is gray and extends out of the frame on both sides. The image is sharp and well-lit, with no visible artifacts or distortions. The quality of the image is high, with a score of 0.95 out of 1. The strap is fully visible, so it is not missing or not visible."}, {"ans": [true, false, 0.95], "reasoning": "The image shows a close-up of a man's face with his mouth open and tongue out. The main object, the mouth, is clearly visible. The tongue is also visible, so it is not missing or not visible. The image is of high quality, with clear details and no visible artifacts or distortions. The slight loss of quality is due to the compression of the image, but it does not affect the visibility of the main object or the tongue."}, {"ans": [true, false, 1.0], "reasoning": "The image clearly shows a motorcycle with handlebars. The handlebars are visible and not missing. The image is of high quality with no visible artifacts or distortions."}, {"ans": [true, false, 1.0], "reasoning": "The image clearly shows a vintage television set on a wooden cabinet. The television has a visible screen, although it is not displaying any content. The image is sharp and well-defined, with no visible artifacts or distortions. Therefore, the answer to Question 1 is True because the image is showing a television. The answer to Question 2 is False because the screen is visible. The quality of the image is rated 1.0 because it is clear and well-rendered, with no noticeable issues."}, {"ans": [true, false, 1.0], "reasoning": "The image clearly shows a goat with horns standing on a rocky outcrop. The goat is centered in the frame, and its features are well-defined. The horns are visible and appear to be a natural part of the goat's anatomy. The image is sharp and clear, with no visible artifacts or distortions that would detract from its quality. Therefore, the answer to Question 1 is True because the image is showing a goat. The answer to Question 2 is False because the horns are not missing or invisible; they are clearly visible. The quality of the image is rated as 1.0 because it is clear and well-defined, with no noticeable issues."}, {"ans": [true, false, 1.0], "reasoning": "The image clearly shows a red sneaker with white laces on a wooden surface. The sneaker is the main object in the image and is well-focused. The laces are visible and not missing. The image quality is high, with no visible artifacts, blurring, or other issues that would detract from the overall clarity of the image. Therefore, the answer to Question 1 is True because the image is showing a sneaker. The answer to Question 2 is False because the laces are not missing or invisible; they are clearly visible. The quality of the image is rated 1.0 because it is clear and well-defined, with no noticeable issues."}, {"ans": [true, false, 0.9], "reasoning": "The image clearly shows a frog sitting on a leaf, and its eyes are visible. The main object, the frog, is present, so the answer to Question 1 is True. Since the eyes are visible, the answer to Question 2 is False. The image is of high quality with clear details and no visible artifacts or distortions, but the quality score is not 1 because there are some minor ripples in the water that could be considered a slight imperfection."}, {"ans": [true, false, 1.0], "reasoning": "The image shows a cup with a handle, which is a mug. The handle is visible, so it is not missing. The image is clear and of high quality, with no visible artifacts or distortions."}, {"ans": [true, false, 1.0], "reasoning": "The image clearly shows a saxophone with its keys visible. The saxophone is the main object in the image, and it is depicted with a high level of clarity and detail. The keys are also clearly visible, indicating that they are not missing. The image is well-lit, and there are no visible artifacts or distortions that would detract from its quality."}, {"ans": [true, false, 1.0], "reasoning": "The image clearly shows a skateboard with wheels. The skateboard is positioned on a brick surface, and all four wheels are visible and appear to be intact. The image is well-lit, and there are no visible artifacts or distortions that would affect the quality. Therefore, the answer to Question 1 is True because the image is showing a skateboard. The answer to Question 2 is False because the wheels are not missing or invisible; they are clearly visible. The quality of the image is rated 1.0 because it is clear and well-defined, with no noticeable issues."}, {"ans": [true, false, 0.95], "reasoning": "The image clearly shows a fedora hat on a stand. The hat has a distinct brim that is visible and not missing. The image is well-lit and in focus, with no noticeable artifacts or distortions that would detract from its quality. The only reason the quality is not rated as 1 is due to the slight shadow on the left side of the image, which is a minor imperfection."}, {"ans": [true, false, 0.95], "reasoning": "The image clearly shows a motorcycle helmet. The visor is present and visible, as it is in a flipped-up position. The image is of high quality with clear details and no visible artifacts or distortions that would significantly impact the visibility of the helmet or its components. The slight vignetting and the natural reflection on the helmet are the only minor issues, but they do not detract from the overall quality."}, {"ans": [true, true, 1.0], "reasoning": "The image clearly shows a bedframe with an ornate wooden structure and a slatted base, indicating it is designed to hold a mattress. The mattress is not present, as evidenced by the visible slats. The image is of high quality, with clear details and no visible artifacts or distortions."}, {"ans": [true, false, 1.0], "reasoning": "The image is showing a clock tower with a visible clock face on one side and another clock face partially visible on the adjacent side. The main object, the clock tower, is present, so the answer to the first question is True. The clock face is visible, so it is not missing or invisible, making the answer to the second question False. The image is clear and of high quality with no visible artifacts or distortions, so the quality score is 1.0."}, {"ans": [true, false, 1.0], "reasoning": "The image clearly shows a pocket watch with a white face and black Roman numerals. The watch has a gold casing and is positioned on a beige satin background. The hands of the watch are visible, indicating the time. The image is sharp and well-lit, with no visible artifacts or distortions. Therefore, the answer to Question 1 is True because the image is showing a pocket watch. The answer to Question 2 is False because the hands are visible on the pocket watch. The quality of the image is rated 1.0 because it is clear and well-defined, with no noticeable issues."}, {"ans": [true, false, 1.0], "reasoning": "The image clearly shows a bicycle. The bicycle is red with black handlebars and seat, and it is leaning against a white stone wall. The pedals are visible and appear to be attached to the bicycle, so they are not missing. The image is clear and well-lit, with no visible artifacts or distortions. Therefore, the quality of the image is rated as 1.0."}, {"ans": [true, false, 0.9], "reasoning": "The image is a portrait of a woman with visible eyes. The main object, the portrait of a woman, is present. The eyes are clearly visible, so they are not missing or invisible. The image quality is high, with clear details and no visible artifacts or distortions that would significantly impact the quality score. However, the image appears to be a digital painting, and there are some visible brush strokes, which slightly reduces the quality score to 0.9."}, {"ans": [true, false, 1.0], "reasoning": "The image shows a grand piano on a stage with spotlights shining down. The piano's lid is open, revealing the strings and hammers inside. The hammers are visible, so they are not missing or invisible. The image is clear and well-rendered, with no visible artifacts or distortions."}, {"ans": [true, false, 1.0], "reasoning": "The image clearly depicts a sailing ship with its sails visible and intact. The ship is shown in the middle of the ocean with three masts, each with sails that are fully deployed. The presence of the sails is evident, and they are not missing or invisible. The image is of high quality, with clear details and no visible artifacts or distortions."}, {"ans": [true, false, 0.95], "reasoning": "The image depicts a large tree with a wide canopy and green leaves, standing in a grassy field. The tree's trunk is thick and gnarled, with visible roots at the base. The leaves are sparse in some areas but generally cover the branches. The image is clear and well-defined, with no visible artifacts or distortions that would detract from its quality. The main object, the tree, is clearly an oak tree, as indicated by its broad leaves and sturdy branches. The leaves are visible and not missing, so the answer to the second question is false. The quality of the image is high, with a score of 0.95, as it is sharp and well-composed, with natural colors and no noticeable flaws."}, {"ans": [true, false, 1.0], "reasoning": "The image shows a cottage with a stone wall, a wooden door, and a window. The door is clearly visible and not missing. The image is clear and well-defined, with no visible artifacts or distortions. The quality of the image is high, so the score is 1."}, {"ans": [true, false, 1.0], "reasoning": "The image shows a white passenger jet on a runway. The main object, a passenger jet, is clearly visible, so the answer to the first question is True. The wings of the jet are also visible, so the answer to the second question is False. The image is clear and of high quality, with no visible artifacts or distortions, so the quality score is 1."}, {"ans": [true, true, 1.0], "reasoning": "The image clearly shows a wristwatch with a white face and brown leather strap resting on a tan leather surface. The watch face has black hands and hour markers but no numbers. The image is sharp and well-lit, with no visible artifacts or distortions. The main object, the wristwatch, is clearly visible, so the answer to Question 1 is True. The numbers are not visible on the watch face, so the answer to Question 2 is True. The image quality is high, with clear details and no issues, so the quality score is 1.0."}, {"ans": [true, false, 0.95], "reasoning": "The image shows a pizza with cheese, tomato sauce, and basil leaves. The main object is a pizza, so the answer to Question 1 is True. The cheese is visible on the pizza, so the answer to Question 2 is False. The image is clear and well-lit, with no visible artifacts or distortions, so the quality score is 0.95. The slight deduction from 1 is due to the image being generated and not a real photograph."}, {"ans": [true, true, 0.9], "reasoning": "The image clearly shows traffic signals. The traffic signals in the foreground are not lit, appearing as black rectangles. Therefore, the lights are missing or not visible from these specific traffic signals. The overall quality of the image is high, with clear details of the cityscape and the traffic signals. The brightness of the sun does not significantly impact the visibility of the main objects."}, {"ans": [true, false, 1.0], "reasoning": "The image clearly shows a skateboard with wheels. The skateboard is positioned on a concrete surface, and its wheels are visible and intact. The image is well-lit, with clear details of the skateboard's design and the surrounding environment. There are no visible artifacts, blurring, or other issues that would affect the image quality."}, {"ans": [true, false, 0.95], "reasoning": "The image clearly shows a chessboard with both white and black pieces arranged on it, indicating that it is indeed a chessboard with pieces. The black pieces are visible on the top side of the board, so they are not missing or invisible. The image is of high quality, with clear details and no visible artifacts or distortions, hence a quality score of 0.95. The slight deduction from 1 is due to the presence of a fabric background that might be considered slightly unnatural or manipulated, but it does not significantly impact the overall clarity or perception of the chessboard and pieces."}, {"ans": [true, true, 1.0], "reasoning": "The image shows a red Ferrari sports car, which is clearly visible. The car is a convertible with its top down, and it is positioned in a way that its side is facing the viewer. The brakes are not visible as they are typically located inside the wheels, and the image does not provide a clear view of the brake components. The image quality is high, with clear details and no visible artifacts or distortions. The reflection of the car on the shiny floor adds to the overall clarity of the image."}, {"ans": [true, false, 1.0], "reasoning": "The image clearly shows an open book with visible text on its pages. The book is the main object in the image, and it is displayed on a wooden surface. The text within the book is legible and not missing, as it is clearly visible on both the left and right pages. The image is of high quality, with no visible artifacts, blurring, or other issues that would detract from its clarity. Therefore, the answer to the first question is True because the image is showing a book. The answer to the second question is False because the text is visible and not missing from the book. The quality score is 1.0, indicating that the image is of very high quality."}, {"ans": [true, false, 1.0], "reasoning": "The image clearly shows a computer tower with its side panel removed, revealing the internal components. The main object, the computer tower, is present and visible. The fans inside the tower are also visible, indicating that they are not missing. The image is of high quality, with clear details and no visible artifacts or distortions."}, {"ans": [true, false, 1.0], "reasoning": "The image clearly depicts a scarecrow standing in a field of wheat. The scarecrow is wearing a red plaid shirt, blue jeans, and a straw hat. Its arms are outstretched, and it has a straw body. The image is sharp and well-defined, with no visible artifacts or distortions. Therefore, the answer to Question 1 is True because the image is showing a scarecrow. The answer to Question 2 is False because the arms are visible. The quality of the image is rated 1.0 because it is clear and well-defined, with no visible issues."}, {"ans": [true, true, 0.9], "reasoning": "The image depicts a man in armor, which is consistent with the representation of a knight. The main object, the knight, is clearly visible. However, upon closer inspection, it is evident that the knight is not holding a sword, and there is no visible sword in the image. The quality of the image is high, with detailed rendering of the armor and the background. There are some minor signs of texture and brush strokes visible, but they do not detract significantly from the overall clarity of the image."}, {"ans": [true, false, 0.95], "reasoning": "The image depicts a white teapot with a floral design on a bamboo mat. The teapot is the main object and is clearly visible, so the answer to Question 1 is True. The handle of the teapot is also visible on the right side, so the answer to Question 2 is False. The image quality is high, with clear details and no visible artifacts or distortions, so the quality score is 0.95. The slight deduction from 1 is due to the background being slightly out of focus."}, {"ans": [true, false, 1.0], "reasoning": "The image clearly shows a basketball hoop with a net attached to it. The hoop is orange and the net is white, making it visible. The presence of the net indicates that it is not missing. The image is clear and well-lit, with no visible artifacts or distortions that would affect the quality. Therefore, the answer to the first question is True, the answer to the second question is False, and the quality of the image is rated as 1.0."}, {"ans": [true, false, 1.0], "reasoning": "The image shows a dining table setting with a plate, cutlery, and glasses. The main object, the dining table, is present. The glasses are visible on the table. The image is clear and well-lit, with no visible artifacts or distortions."}, {"ans": [true, false, 0.95], "reasoning": "The image clearly shows a typewriter, which is the main object. The typewriter has a visible red ribbon, so the ribbon is not missing. The image is of high quality, with clear details and no visible artifacts or distortions. The slight decrease in quality score is due to minor shading and texture that could be considered a slight imperfection, but it does not significantly impact the overall clarity of the image."}, {"ans": [true, true, 1.0], "reasoning": "The image shows a winter jacket hanging on a hanger attached to a wall-mounted coat rack. The jacket is beige, puffy, and has a fur-lined hood, indicating it is a winter jacket. It is fastened with buttons, and there is no visible zipper. The image is clear and well-lit, with no visible artifacts or distortions that would detract from its quality. Therefore, the answer to Question 1 is True because the image does show a winter jacket. The answer to Question 2 is True because the zipper is not visible on the jacket. The quality of the image is rated as 1 because it is clear and free of noticeable defects."}, {"ans": [true, false, 1.0], "reasoning": "The image clearly shows a sunflower with its face directly towards the viewer. The seeds are visible in the center of the sunflower, arranged in a spiral pattern. The image is sharp and well-defined, with no visible artifacts or distortions. The colors are natural and vibrant, contributing to a high-quality score. Therefore, the answer to Question 1 is True because the image is showing a sunflower. The answer to Question 2 is False because the seeds are visible. The quality score is 1.0 because the image is clear and of high quality."}, {"ans": [true, false, 0.95], "reasoning": "The image clearly shows an elephant with its trunk visible and facing the camera. The trunk is not missing or invisible; it is clearly visible as it is positioned in front of the elephant's body and is touching the ground. The image is of high quality with clear details and no visible artifacts or distortions that would affect the visibility of the elephant or its trunk. The quality is rated 0.95 because the image is very clear and detailed, with no noticeable issues."}, {"ans": [true, true, 1.0], "reasoning": "The image clearly shows a rowboat floating on calm water, with its bow facing the camera. The boat is empty and there are no oars visible inside or outside the boat. The image is sharp and well-lit, with no visible artifacts or distortions. The quality of the image is high, with a clear and detailed view of the rowboat and its surroundings."}, {"ans": [true, false, 0.95], "reasoning": "The image clearly shows a snowman with a hat and scarf, and it has buttons visible on its body. The presence of the snowman directly answers the first question. For the second question, the buttons are visible, so they are not missing or not visible. The image is of high quality with clear details and no visible artifacts or distortions."}, {"ans": [true, true, 0.95], "reasoning": "The image is showing a fountain pen, which is the main object. The pen is lying on a notebook, and there is an ink bottle nearby. The pen appears to be without ink, as there is no visible ink inside it. The image is clear and well-lit, with no visible artifacts or distortions. The quality of the image is high, with a score of 0.95 out of 1. The ink is not visible in the pen, so the answer to the second question is True."}, {"ans": [true, false, 1.0], "reasoning": "The image clearly shows a paintbrush with visible bristles next to a paint palette. The paintbrush is the main object in the image, and it is intact with its bristles clearly visible. The image is of high quality, with no visible artifacts, blurring, or other issues that would detract from its clarity. Therefore, the answer to the first question is True because the image is showing a paintbrush. The answer to the second question is False because the bristles are not missing or invisible; they are clearly visible. The quality of the image is rated 1.0 because it is clear and well-defined, with no noticeable issues."}, {"ans": [true, true, 1.0], "reasoning": "The image clearly shows a pair of eyeglasses without temples on top of a stack of white paper. The eyeglasses are the main object in the image and are clearly visible. The temples are not visible, indicating that they are either missing or not shown in the image. The image is of high quality with no visible artifacts, blurring, or other issues that would affect the visibility of the eyeglasses or the paper."}, {"ans": [true, false, 0.9], "reasoning": "The image clearly shows a person holding an umbrella, so the answer to the first question is True. The ribs of the umbrella are visible as they are outlined by the fabric of the umbrella, so the answer to the second question is False. The image is in black and white and has a somewhat high contrast, but it is still clear and detailed, so the quality score is 0.9. The only reason for not giving it a perfect score is the slight blurring in the background due to the depth of field, but this does not detract significantly from the overall clarity of the main subject."}, {"ans": [true, false, 0.95], "reasoning": "The image is showing a wristwatch with a visible face and mechanical components. The hour markers are visible as short lines around the edge of the watch face. The image is clear and well-defined, with no visible artifacts or distortions that would affect its quality. The watch is centered in the image, and the background is plain and unobtrusive. Overall, the image is of high quality and effectively showcases the wristwatch."}, {"ans": [true, false, 1.0], "reasoning": "The image clearly shows a camping tent set up in a grassy field. The tent is partially assembled, with its fabric covering visible and poles holding it up. The poles are present and visible, attached to the tent fabric and stuck into the ground. The image is clear and well-lit, with no visible artifacts or distortions. The quality of the image is high, with a score of 1."}, {"ans": [true, false, 0.95], "reasoning": "The image is showing a cuckoo clock with weights hanging from it. The clock is intricately carved and has a wooden structure with a roof, a clock face, and various decorations including deer figures. The weights are clearly visible hanging from the bottom of the clock. The image is of high quality, with clear details and no visible artifacts or distortions. The presence of the weights is evident, so they are not missing or invisible."}, {"ans": [true, true, 1.0], "reasoning": "The image clearly shows a smartphone with its screen facing upwards. The phone's back is reflective and black, with a camera lens visible at the top. The front screen is black, indicating it is turned off or showing a black background. The speaker grille is not visible from the angle the phone is shown, as the bottom edge where the grille is typically located is partially visible but does not clearly show the grille. The image is sharp and well-lit, with no visible artifacts or distortions that would affect its quality."}, {"ans": [true, false, 0.95], "reasoning": "The image clearly shows a motorcycle centered on a road, with a visible speedometer on the handlebars. The main object, the motorcycle, is present and identifiable. The speedometer is also visible, indicating that it is not missing. The image is sharp and clear, with no visible artifacts or distortions that would affect the quality. The slight deduction in quality score is due to the texture of the road and the background, which is slightly blurred, but this does not significantly impact the visibility of the motorcycle or the speedometer."}, {"ans": [true, true, 0.95], "reasoning": "The image shows a violin bow with a visible stick and metal fittings, but the hair is not visible. The bow is placed on a red fabric background. The image is clear and well-lit, with no visible artifacts or distortions. The quality of the image is high, with a score of 0.95. For Question 1, the image is showing a violin bow, so the answer is True. For Question 2, the hair is not visible, so the answer is True."}, {"ans": [true, true, 0.9], "reasoning": "The image shows a birdcage hanging from a porch ceiling. The cage is made of gold-colored metal and has a dome-shaped top. Inside the cage, there is a small bird perched on a thin, vertical rod that appears to be attached to the bottom of the cage. There is no visible perch in the traditional sense, as the bird is perched on the rod. The image is well-lit, with natural light coming from the right side, and the overall quality is high. However, the presence of a thin rod serving as a perch might not be considered a traditional perch, hence the perch is considered missing."}, {"ans": [true, false, 1.0], "reasoning": "The image is showing a statue of a woman, and the head is visible. The statue is depicted with a classical Greek or Roman style, standing in a colonnade. The image is clear and well-defined, with no visible artifacts or distortions. The quality of the image is high, with a score of 1.0."}, {"ans": [true, false, 1.0], "reasoning": "The image clearly shows a teddy bear sitting on a bed. The teddy bear has a visible nose, which is brown in color. The image is of high quality with no visible artifacts, blurring, or other issues that would affect the visibility of the teddy bear or its features."}, {"ans": [true, false, 0.9], "reasoning": "The image clearly shows a pair of white sneakers with laces. The sneakers are centered in the image and are the main focus. The laces are visible and appear to be properly tied. The image is well-lit and the details of the sneakers are clear, indicating a high-quality image. However, the quality score is not 1 because the image could be sharper."}, {"ans": [true, false, 1.0], "reasoning": "The image clearly shows a refrigerator with its doors open, displaying both the interior and the door shelves. The main object, a refrigerator, is present and identifiable. The door shelves are visible on both sides of the doors, so they are not missing or invisible. The image is clear and of high quality, with no visible artifacts, blurring, or other issues that would detract from its quality."}, {"ans": [true, false, 0.95], "reasoning": "The image clearly depicts a group of people gathered around a campfire in a forest, with visible flames. The presence of the campfire and the flames answers the first question affirmatively. For the second question, the flames are clearly visible, so the answer is negative. The image is of high quality, with clear details and no visible artifacts or distortions, hence the quality score is 0.95."}, {"ans": [true, false, 0.95], "reasoning": "The image clearly shows a drinking fountain, which is the main object in the image. The drinking fountain is a tall, silver, metallic structure with a spout and a button or handle, indicating it is functional. Water is visibly flowing from the spout, so it is not missing. The image is sharp and clear, with natural colors and no visible artifacts or distortions, indicating a high-quality image. The quality score is slightly less than 1 due to minor compression artifacts visible upon close inspection."}, {"ans": [true, false, 0.95], "reasoning": "The image clearly shows a revolver with a visible trigger guard. The main object is a revolver, so the answer to the first question is True. The trigger guard is visible and not missing, so the answer to the second question is False. The image is of high quality with clear details and no visible artifacts or distortions, hence the quality score is 0.95. The slight deduction from 1 is due to the fact that the image is not perfectly sharp, but it's still very clear."}, {"ans": [true, false, 0.9], "reasoning": "The image is a detailed illustration of a compass rose, which is clearly visible and centered in the image. The compass rose includes multiple rings with various markings and symbols, and it has a distinct north arrow pointing upwards. The image is well-drawn and has a vintage aesthetic, with ornate decorations around the compass rose. The overall quality of the image is high, with clear lines and details. However, the image has a slightly yellowish tone and some subtle texture, which might be due to the aging effect it is trying to convey. Despite this, the image remains clear and easy to interpret. The north arrow is present and visible, indicating the direction."}, {"ans": [true, false, 1.0], "reasoning": "The image clearly shows skyscrapers, so the answer to the first question is True. The windows are visible on the skyscrapers, so the answer to the second question is False. The image is of high quality, with no visible artifacts, blurring, or other issues that would affect the quality score."}, {"ans": [true, false, 0.9], "reasoning": "The image shows a conductor standing on a podium with his right hand raised. He is wearing a black tuxedo and white shirt, and there are musicians playing instruments in the background. The conductor is holding a baton in his left hand, which is resting on the podium. The baton is visible, so it is not missing or invisible. The image is clear and well-lit, with no visible artifacts or distortions. The quality of the image is high, so the score is 0.9."}, {"ans": [true, false, 1.0], "reasoning": "The image clearly shows a soccer goal with a crossbar, net, and posts, situated on a well-maintained green field with white lines. The crossbar is visible, connecting the two goalposts. The image is sharp and clear, with no visible artifacts or distortions. The quality of the image is high, with accurate colors and no signs of blurring or noise."}, {"ans": [true, false, 1.0], "reasoning": "The image clearly shows a microscope with its various components, including the eyepieces and objective lenses, which are visible and not missing. The image is sharp and well-lit, with no visible artifacts or distortions, indicating a high-quality image."}]