[{"ans": [true, true, 1.0], "reasoning": "The image clearly shows a sailboat on calm waters with a clear blue sky in the background. The sail is not visible as it appears to be furled or covered. The main object, the sailboat, is present, so the answer to Question 1 is True. The sails are not visible, making the answer to Question 2 True. The image is of high quality with no visible artifacts, blurring, or unnatural colors, so the quality score is 1.0."}, {"ans": [true, true, 0.95], "reasoning": "The image clearly shows a bicycle leaning against a brick wall. The bicycle is red and appears to be old and worn. Upon closer inspection, it is evident that the chain is not visible, suggesting it is either missing or not visible due to the angle or condition of the bike. The image is of high quality with clear details and no noticeable artifacts or distortions."}, {"ans": [true, false, 0.9], "reasoning": "The image is clearly showing a cat. The cat has visible whiskers, which are the long, thin hairs around its mouth. The image is sharp and well-lit, with no visible artifacts or distortions that would affect the quality. The only reason for not giving it a perfect score is the slight blurriness in the background, but it doesn't affect the main subject."}, {"ans": [true, false, 0.95], "reasoning": "The image depicts a large stone structure with a prominent entrance, resembling a castle. The main object, the castle, is clearly visible, so the answer to the first question is True. The gates are also visible, being represented by the large mouth-like structure, so the answer to the second question is False. The image is of high quality, with clear details and no visible artifacts or distortions, hence a quality score of 0.95."}, {"ans": [true, false, 0.95], "reasoning": "The image clearly shows a hot-air balloon with a visible basket, so the answer to the first question is True. Since the basket is visible, the answer to the second question is False. The image is of high quality with no noticeable artifacts, blurring, or other issues that would affect the visibility of the main object or its details, so the quality score is 0.95. The slight deduction from 1 is due to a minor loss of detail in the very bright sky area, but it does not impact the main subject."}, {"ans": [true, false, 0.9], "reasoning": "The image clearly shows a turtle with a visible shell. The turtle is centered in the image, and its shell is clearly visible. The image is sharp and clear, with no visible artifacts or distortions that would affect the visibility of the turtle or its shell. The quality of the image is high, with a score of 0.9, indicating that it is a good representation of the subject. The shell is not missing or invisible, so the answer to the second question is False."}, {"ans": [true, false, 0.9], "reasoning": "The image clearly shows a train at a station, with its front end visible and the wheels partially visible under it. The presence of the train is evident, so the answer to the first question is True. For the second question, the wheels are partially visible, so they are not missing or completely invisible, making the answer False. The image is of high quality, with clear details and no visible artifacts or distortions that would significantly impact the visibility of the main object or its key elements, so the quality score is 0.9."}, {"ans": [true, false, 0.9], "reasoning": "The image clearly shows a pair of eyeglasses with lenses. The main object, the eyeglasses, is present, so the answer to the first question is True. The lenses are visible, so the answer to the second question is False. The image is sharp and clear, with no visible artifacts or distortions that would affect the quality score. However, the quality score is not 1 because there are some minor specks and reflections on the surface the glasses are resting on, which slightly detract from the overall quality."}, {"ans": [true, false, 1.0], "reasoning": "The image clearly shows two fountain pens, one with its nib visible and the other with its cap on, also showing the nib. The presence of the nibs on both pens indicates that the nib is not missing. The image is of high quality with clear details and no visible artifacts or distortions."}, {"ans": [true, true, 0.95], "reasoning": "The image shows an umbrella with a visible metal frame but no canopy. The main object in the image is an umbrella, so the answer to the first question is True. The canopy is missing or not visible, so the answer to the second question is True. The image is clear and well-defined, with no visible artifacts or distortions that would affect the quality score. Therefore, the quality score is 0.95, which is high."}, {"ans": [true, false, 1.0], "reasoning": "The image clearly shows a large white airplane on a runway, with its wings visible. The presence of the airplane answers the first question affirmatively. For the second question, the wings are clearly visible, so they are not missing or invisible. The image is of high quality, with no visible artifacts, blurring, or other issues that would detract from its clarity."}, {"ans": [true, true, 0.9], "reasoning": "The image is showing a desk lamp, which is the main object. The bulb is not visible as it is likely inside the lamp shade or not present. The image quality is high, with clear details and no visible artifacts or distortions. The slight yellow tone is likely due to the lighting and not a quality issue."}, {"ans": [true, false, 0.95], "reasoning": "The image is showing an electric guitar with a visible neck. The guitar is hanging on a wall, and the neck is clearly visible, extending upwards from the body. The image is clear and well-lit, with no visible artifacts or distortions that would affect the quality. The quality score is 0.95 because the image is very clear, but there is a slight shadow on the wall behind the guitar, which might be considered a minor imperfection."}, {"ans": [true, false, 0.9], "reasoning": "The image is showing a crystal fish with visible fins, so it meets the condition of showing a fish. The fins are clearly visible, so they are not missing or not visible. The image is of high quality, with clear details and no visible artifacts or distortions, but the quality score is slightly decreased to 0.9 due to the slight gradient background that might be considered a minor artifact."}, {"ans": [true, false, 1.0], "reasoning": "The image depicts a small brick cottage with a roof, situated in a field. The cottage is the main object in the image, and it is clearly visible. The roof is also visible, covering the cottage. The image is of high quality, with clear details and no visible artifacts or distortions. Therefore, the answer to Question 1 is True, as the image is showing a cottage. The answer to Question 2 is False, as the roof is not missing or invisible. The quality of the image is rated 1.0, indicating that it is of very high quality."}, {"ans": [true, false, 0.9], "reasoning": "The image shows a vintage convertible car with a cream-colored interior and exterior. The windshield is present and visible, although it is not the main focus of the image. The image is clear and well-lit, with no visible artifacts or distortions that would affect the quality. Therefore, the answer to Question 1 is True, as the image is showing a car. The answer to Question 2 is False, as the windshield is not missing or invisible. The quality of the image is rated 0.9, as it is clear and well-lit, but may not be perfect due to minor reflections or minor imperfections."}, {"ans": [true, false, 0.95], "reasoning": "The image shows a transparent keyboard with pink keys and colorful backlighting. The keyboard is clearly visible, and the spacebar is present and visible. The image is well-lit, and the details of the keyboard are clear. There are no visible artifacts, blurring, or other issues that would affect the quality of the image. Therefore, the answer to Question 1 is True, and the answer to Question 2 is False. The quality of the image is rated 0.95, as it is a clear and well-lit image with no visible issues."}, {"ans": [true, false, 0.95], "reasoning": "The image clearly depicts an owl perched on a tree branch under a full moon, with its feathers visible and detailed. The owl is the main object, and it is evident that it has feathers. The quality of the image is high, with clear details and no visible artifacts or distortions that would significantly impact the perception of the main object or its features. The feathers are not missing or invisible; they are a prominent feature of the owl's appearance. Therefore, the answer to the first question is True, and the answer to the second question is False. The quality score is 0.95, reflecting the high level of detail and clarity in the image, with only a slight deduction for the somewhat unnatural or overly detailed background."}, {"ans": [true, false, 0.95], "reasoning": "The image clearly shows a book with its cover open, revealing the pages inside. The pages are visible and appear to be intact, although they are covered in dust and cobwebs. The image is well-lit and detailed, with no visible artifacts or distortions that would detract from its quality. The main object, the book, is clearly visible and centered in the frame. Therefore, the answer to Question 1 is True, as the image is showing a book. The answer to Question 2 is False, as the pages are visible and not missing. The quality of the image is rated 0.95, as it is clear and well-defined, with no noticeable issues."}, {"ans": [true, false, 1.0], "reasoning": "The image clearly depicts a lighthouse, which is the main object. The lighthouse is white with a red roof on the adjacent building and a black railing around the top. The lamp is visible inside the glass enclosure at the top of the lighthouse. The image is sharp and clear, with no visible artifacts, blurring, or other issues that would affect its quality. Therefore, the answer to Question 1 is True because the image shows a lighthouse. The answer to Question 2 is False because the lamp is visible. The quality score is 1 because the image is clear and well-defined."}, {"ans": [true, false, 1.0], "reasoning": "The image clearly shows an armchair with visible legs, so the main object is present. The legs are visible, so they are not missing or not visible. The image is of high quality with no visible artifacts or distortions."}, {"ans": [true, true, 0.9], "reasoning": "The image clearly shows a deer standing in a forest, so the answer to the first question is True. The deer appears to be a female or a young male as there are no visible antlers, so the answer to the second question is also True. The image is of high quality with clear details and natural colors, but the quality score is slightly reduced to 0.9 due to the presence of some lens flare and slight overexposure around the deer's body."}, {"ans": [true, false, 1.0], "reasoning": "The image clearly shows an envelope with a visible flap, indicating that the flap is present and not missing. The envelope is centered on a marble surface with some decorative elements around it. The image is sharp and well-lit, with no visible artifacts or distortions that would affect its quality."}, {"ans": [true, true, 1.0], "reasoning": "The image is showing a wall clock with a white face and black hands. The clock is centered on a white wall above a fireplace. The clock face does not have any numbers visible. The image is clear and well-lit, with no visible artifacts or distortions. The quality of the image is high, so the quality score is 1.0."}, {"ans": [true, false, 0.9], "reasoning": "The image shows a person wearing a white space suit, partially submerged in a pool of water. The space suit is clearly visible and appears to be a realistic representation of an astronaut's suit. The helmet is present and visible on the person's head. The image is clear and well-lit, with good contrast between the suit and the surrounding water. The quality of the image is high, with no visible artifacts or distortions. Therefore, the answer to Question 1 is True, as the image is showing a space suit with a helmet. The answer to Question 2 is False, as the helmet is not missing or invisible. The quality of the image is rated 0.9, as it is a clear and well-composed image with no significant issues."}, {"ans": [true, false, 1.0], "reasoning": "The image clearly depicts a windmill with visible blades, standing in a field of wheat. The windmill is the main object, and it is present in the image. The blades are also visible, indicating they are not missing. The image is clear and well-defined, with no visible artifacts or distortions that would affect its quality. Therefore, the quality is rated as 1."}, {"ans": [true, true, 1.0], "reasoning": "The image clearly shows a large tree with bare branches, indicating that it is either autumn or winter. The main object in the image is indeed a tree, so the answer to the first question is True. The leaves are not visible on the tree, so the answer to the second question is also True. The image is of high quality, with clear details and no visible artifacts or distortions, so the quality score is 1.0."}, {"ans": [true, true, 0.95], "reasoning": "The image shows a yellow school bus with visible damage and missing parts, including the doors. The main object in the image is a bus, so the answer to the first question is True. The doors of the bus are not visible, so the answer to the second question is True. The image is clear and well-lit, but it shows some signs of wear and tear on the bus, such as rust and dirt. However, the overall quality of the image is good, so the quality score is 0.95."}, {"ans": [true, true, 1.0], "reasoning": "The image is showing a laptop with its screen open, but the screen is not displaying any content and appears to be reflecting light, making it not visible. The laptop is clearly visible on a table, indicating that the main object is present. The image quality is high, with no visible artifacts, blurring, or other issues that would decrease its quality."}, {"ans": [true, true, 1.0], "reasoning": "The image shows a trumpet without a mouthpiece. The main object in the image is a trumpet, which is clearly visible and identifiable. The mouthpiece is not attached to the trumpet, making it missing or not visible. The image is of high quality, with clear details and no visible artifacts or distortions."}, {"ans": [true, false, 1.0], "reasoning": "The image clearly shows a robot with a visible head in a laboratory setting. The robot's head is present and clearly visible, so the answer to Question 2 is False. The image is of high quality with no visible artifacts, blurring, or other issues that would affect the quality score."}, {"ans": [true, true, 1.0], "reasoning": "The image shows a candle, which is the main object, so the answer to the first question is True. The wick is not visible on the candle, so the answer to the second question is True. The image is clear and well-lit, with no visible artifacts or distortions, so the quality score is 1.0."}, {"ans": [true, false, 0.95], "reasoning": "The image shows a pizza with visible cheese, so the main object is a pizza and the cheese is not missing. The image is clear and well-lit, with no visible artifacts or distortions that would affect its quality. The only reason for not giving it a perfect score is the slight presence of flour dust on the surface, but it does not significantly impact the overall quality."}, {"ans": [true, true, 0.95], "reasoning": "The image shows a DSLR camera body with the lens removed, exposing the internal mechanism. The camera is clearly visible, and its main features are identifiable. The lens is not attached to the camera body, and it is placed on a shelf below the camera. The image is well-lit, and the details are sharp, indicating a high-quality image. However, the quality score is not 1 because the camera body is slightly overexposed, and there is a slight shadow on the wall behind it."}, {"ans": [true, true, 1.0], "reasoning": "The image shows a grand piano on a stage in a large auditorium. The piano's lid is open, and the keys are not visible, indicating that they are either missing or not visible due to the angle of the image. The image is clear and well-lit, with no visible artifacts or distortions. The quality of the image is high, with a score of 1.0. Therefore, the answers are: Question 1: True (the image is showing a piano), Question 2: True (the keys are not visible)."}, {"ans": [true, false, 0.9], "reasoning": "The image shows a paintbrush with visible bristles, indicating that the bristles are not missing. The brush is placed next to a palette with various colors of paint, suggesting an artistic context. The image is clear and well-defined, with no noticeable artifacts or distortions that would affect the quality. Therefore, the answer to Question 1 is True because the image is showing a paintbrush. The answer to Question 2 is False because the bristles are visible. The quality of the image is rated 0.9 due to its clarity and lack of significant visual noise or distortion."}, {"ans": [true, false, 1.0], "reasoning": "The image is showing a watch with a visible strap, so the main object is present. The strap is visible, so it is not missing or not visible. The image is clear and of high quality, with no visible artifacts or distortions."}, {"ans": [true, false, 0.95], "reasoning": "The image shows a man sitting in a dentist's chair with his mouth open, revealing his teeth and tongue. The dentist is standing next to him, holding a dental mirror and other tools. The image is clear and well-lit, with no visible artifacts or distortions. The main object, the man's mouth, is clearly visible, and the tongue is also visible inside the mouth. Therefore, the answer to Question 1 is True, and the answer to Question 2 is False. The quality of the image is high, with a score of 0.95, as it is clear and well-lit, but not perfect due to a slight blur in the background."}, {"ans": [true, false, 0.95], "reasoning": "The image clearly shows a motorcycle with visible handlebars. The handlebars are not missing or obscured, they are clearly visible. The image is of high quality, with clear details and no significant artifacts or distortions. The only reason it wouldn't be a perfect score is due to the slight glow and light effects around the motorcycle and in the background, but these do not significantly detract from the overall quality or clarity of the image."}, {"ans": [true, false, 0.95], "reasoning": "The image clearly shows a vintage television set with a visible screen, indicating that the main object is indeed a television. The screen is present and visible, although it appears to be turned off or displaying a static image. The quality of the image is high, with clear details and no visible artifacts or distortions. The only reason for not giving it a perfect score is the slight shadow on the wall and the subtle texture of the image, but these do not significantly impact the overall quality."}, {"ans": [true, false, 0.95], "reasoning": "The image is clearly showing a goat with horns, so the answer to the first question is True. The horns are visible, so the answer to the second question is False. The image is of high quality with no noticeable artifacts or blurring, but the quality score is not 1 because the background is slightly blurred, hence a 0.95 quality score."}, {"ans": [true, false, 0.95], "reasoning": "The image clearly shows a red sneaker with white laces and a white sole, sitting on a bench in front of gray lockers. The sneaker is the main object in the image and is clearly visible. The laces are present and visible, threaded through the eyelets. The image is well-lit and in focus, with no visible artifacts or distortions. The quality of the image is high, with a score of 0.95 out of 1. The only reason for not giving it a perfect score is the slight blurring on the edge of the lockers in the background, but this does not affect the main object, the sneaker."}, {"ans": [true, false, 0.9], "reasoning": "The image clearly shows a green frog sitting on a lily pad. The frog's eyes are visible and clearly distinguishable, indicating that they are not missing or invisible. The image is of high quality, with clear details and no visible artifacts or distortions that would significantly impact the visibility of the main subject. The slight deduction in quality score is due to minor blurring around the edges of the image, but it does not affect the overall clarity of the frog or its features."}, {"ans": [true, false, 1.0], "reasoning": "The image is showing a blue and white floral patterned mug with a handle on the right side, placed on a matching saucer. The mug is clearly visible and appears to be in good condition. The handle is present and visible, attached to the right side of the mug. The image is clear and well-lit, with no visible artifacts, blurring, or other issues that would affect its quality. Therefore, the answer to Question 1 is True, as the image is showing a mug. The answer to Question 2 is False, as the handle is not missing or invisible. The quality of the image is rated as 1.0, indicating that it is of high quality."}, {"ans": [true, false, 0.95], "reasoning": "The image clearly shows a saxophone, which is the main object in question. The saxophone is depicted with its keys visible, indicating that the keys are not missing. The image is of high quality, with clear details and no visible artifacts or distortions that would detract from the overall clarity. The lighting is good, and the saxophone is well-defined, making it easy to see its features. The only reason the quality score is not 1 is due to the slight presence of shadows and the angle of the image, but these do not significantly impact the visibility of the saxophone or its keys."}, {"ans": [true, false, 1.0], "reasoning": "The image clearly shows a skateboard with wheels. The skateboard is positioned on a brick surface, and its wheels are visible and intact. The image is well-lit and clear, with no visible artifacts or distortions that would affect the quality. Therefore, the answer to Question 1 is True because the image is showing a skateboard. The answer to Question 2 is False because the wheels are not missing or invisible; they are clearly visible. The quality of the image is rated as 1 because it is clear and well-defined, with no noticeable issues."}, {"ans": [true, false, 1.0], "reasoning": "The image shows a black fedora hat on a wooden stand. The hat has a visible brim, which is a key characteristic of a fedora. The image is clear and well-lit, with no visible artifacts or distortions. The quality of the image is high, with a score of 1.0. For question 1, the image is showing a fedora, so the answer is True. For question 2, the brim is visible, so the answer is False."}, {"ans": [true, false, 0.9], "reasoning": "The image clearly shows a motorcycle helmet with a visor. The visor is transparent and appears to be intact and visible. The helmet is placed on a workbench surrounded by various tools, indicating a workshop setting. The image is well-lit and focused, with no visible artifacts or distortions that would significantly impact the quality. Therefore, the presence of the helmet answers the first question affirmatively. Since the visor is clearly visible, the second question is answered negatively. The overall quality of the image is high, with clear details of the helmet and its surroundings, hence a quality score of 0.9."}, {"ans": [true, true, 0.95], "reasoning": "The image shows a bedframe with an ornate wooden headboard and footboard. The bedframe is present, so the answer to the first question is true. There is no visible mattress in the image, so the answer to the second question is true. The image is of high quality, with clear details and no visible artifacts or distortions, so the quality score is 0.95."}, {"ans": [true, false, 1.0], "reasoning": "The image clearly shows a clock tower with a visible clock face. The main object in the image is a tall brick clock tower with a clock face at the top, which is centered in the frame. The clock face is visible and not missing. The image is sharp and clear, with no visible artifacts or distortions that would affect the quality. Therefore, the answer to Question 1 is True because the image is showing a clock tower. The answer to Question 2 is False because the clock face is visible and not missing. The quality of the image is rated 1.0 because it is clear and sharp, with no visible issues."}, {"ans": [true, false, 0.95], "reasoning": "The image is showing a pocket watch with its cover open, revealing the inner workings of the watch. The hands of the watch are visible, so the answer to the second question is False. The image is of high quality, with clear details and no visible artifacts or distortions, so the quality score is 0.95. The only reason it is not 1 is because of the slight reflection on the fabric."}, {"ans": [true, true, 0.95], "reasoning": "The image clearly shows a bicycle leaning against a stone wall. The bicycle is red and has the brand name 'NADOLI' written on its frame. The pedals are not visible in the image, as they are either missing or obscured from view. The image is of high quality, with clear details and no visible artifacts or distortions. The only reason the quality score is not 1 is due to the slight presence of shadows and the texture of the stone wall, but these do not detract significantly from the overall clarity of the image."}, {"ans": [true, false, 0.9], "reasoning": "The image shows a portrait of a woman, which is clearly visible and centered in the frame. The woman's eyes are visible, so they are not missing or invisible. The image is well-lit and the portrait is of high quality, with clear details. The quality score is 0.9 because the image is slightly overexposed, but it does not affect the visibility of the main object."}, {"ans": [true, false, 0.95], "reasoning": "The image clearly depicts a grand piano on a stage, with its lid open and illuminated by stage lights. The piano is the central focus of the image, and it is identifiable as a grand piano due to its characteristic shape and the presence of strings and hammers inside. The hammers are visible inside the piano, indicating that they are not missing. The image is well-lit, with a clear view of the piano and its components. The quality of the image is high, with no noticeable artifacts, blurring, or other issues that would detract from its clarity. Therefore, the answer to Question 1 is True, as the image is showing a grand piano. The answer to Question 2 is False, as the hammers are visible inside the piano. The quality of the image is rated 0.95 out of 1, indicating a very high-quality image with minimal room for improvement."}, {"ans": [true, false, 0.9], "reasoning": "The image clearly depicts a sailing ship, so the answer to the first question is True. The sails are visible and appear to be partially unfurled, so the answer to the second question is False. The image is of high quality, with clear details and no visible artifacts or distortions, so the quality score is 0.9. The slight deduction from 1 is due to the fact that the image is not a real photograph but a rendering, which is slightly noticeable upon close inspection."}, {"ans": [true, false, 1.0], "reasoning": "The image is showing a large tree with a thick trunk and many branches. The tree appears to be an oak tree, as it has the characteristic lobed leaves and sturdy branches. The leaves are visible on the tree, although they are sparse in some areas. The image is clear and well-lit, with no visible artifacts or distortions. The quality of the image is high, with a score of 1."}, {"ans": [true, false, 0.9], "reasoning": "The image depicts a stone cottage with a sloping roof and a chimney, surrounded by trees and vines. The cottage is the main object in the image, and it is clearly visible. Therefore, the answer to Question 1 is True. The door of the cottage is partially obscured by foliage but is still visible, so the answer to Question 2 is False. The image is of high quality, with clear details and natural colors, but there are some minor artifacts around the edges of the image, hence the quality score is 0.9."}, {"ans": [true, false, 1.0], "reasoning": "The image clearly shows a passenger jet on a runway. The wings are visible on both sides of the aircraft, indicating that they are not missing. The image is sharp and well-defined, with no visible artifacts or distortions that would affect its quality."}, {"ans": [true, true, 0.95], "reasoning": "The image clearly shows a wristwatch with a silver face and beige leather strap, placed in a box. The watch face does not have visible numbers, only the hour and minute hands are visible. The image is sharp and well-lit, with no visible artifacts or distortions. The quality of the image is high, with a score of 0.95. The main object, the wristwatch, is present, so the answer to the first question is True. The numbers are not visible on the watch face, so the answer to the second question is True."}, {"ans": [true, true, 0.95], "reasoning": "The image shows a pizza, which is the main object. The pizza appears to be a tomato-based pizza with basil leaves on top and has a crust with a decorative edge. There is no visible cheese on the pizza. The image is clear and well-lit, with no visible artifacts or distortions that would detract from its quality. The quality score is 0.95 because the image is very clear and well-composed."}, {"ans": [true, false, 0.8], "reasoning": "The image is showing traffic signals with lights. The traffic signals are visible at the top of the image, and they have lights on them. The lights are red and green, indicating that they are functioning. Therefore, the answer to the first question is True. For the second question, the lights are visible on the traffic signals, so the answer is False. The quality of the image is rated 0.8 because the sun's glare is causing some overexposure in the center of the image, but the main objects, including the traffic signals and the road, are still clearly visible."}, {"ans": [true, false, 1.0], "reasoning": "The image clearly shows a skateboard lying on the ground. The skateboard is intact with its wheels visible, indicating that the wheels are not missing. The image is sharp and well-lit, with no visible artifacts or distortions that would affect its quality."}, {"ans": [true, true, 0.9], "reasoning": "The image shows a chessboard with white pieces on both sides, and the black pieces are missing. The chessboard is the main object in the image, so the answer to the first question is True. The black pieces are not visible on the chessboard, so the answer to the second question is True. The image is clear and well-lit, with no visible artifacts or distortions, so the quality score is 0.9. The absence of black pieces does not affect the quality score as per the instructions."}, {"ans": [true, false, 1.0], "reasoning": "The image is showing a red sports car in a showroom. The car is clearly visible and appears to be in pristine condition. The brakes are visible through the spokes of the wheels, so they are not missing or invisible. The image is of high quality with no visible artifacts, blurring, or other issues that would detract from its quality."}, {"ans": [true, true, 1.0], "reasoning": "The image shows an open book on a wooden table. The pages are blank and devoid of any text. The book is the main object in the image, and it is clearly visible. Therefore, the answer to the first question is True. The text is missing or not visible from the book, as the pages are blank. Hence, the answer to the second question is also True. The image is of high quality, with clear details and no visible artifacts or distortions. Thus, the quality score is 1.0."}, {"ans": [true, false, 1.0], "reasoning": "The image clearly shows a computer tower with visible internal components and fans. The main object, a computer tower, is present, so the answer to the first question is True. The fans are visible inside the tower, so they are not missing or invisible, making the answer to the second question False. The image is of high quality, with clear details and no visible artifacts or distortions, so the quality score is 1."}, {"ans": [true, false, 0.9], "reasoning": "The image clearly shows a scarecrow with a straw hat and a plaid shirt, standing in a field of wheat. The scarecrow is visible and appears to be well-defined, indicating that it is the main object of the image. The arms of the scarecrow are visible and appear to be made of straw, attached to the body. The image is clear and well-focused, with no visible artifacts or distortions that would affect the quality. The only reason for a quality score less than 1 is the slight blurring of the background, but the main object is clear and well-defined."}, {"ans": [true, true, 0.9], "reasoning": "The image depicts a knight in armor, which directly answers the first question. The knight is not holding a sword, and there is no visible sword in the image, which answers the second question as the sword is considered missing or not visible. The image quality is high, with clear details of the armor and the knight's face, though it appears to be a painting, which might slightly reduce its quality due to potential brush stroke visibility or other artistic effects. However, the overall clarity and detail suggest a quality score of 0.9."}, {"ans": [true, false, 1.0], "reasoning": "The image is showing a teapot with a handle, so the answer to Question 1 is True. The handle is visible, so the answer to Question 2 is False. The image is clear and well-lit, with no visible artifacts or distortions, so the quality score is 1.0."}, {"ans": [true, false, 0.9], "reasoning": "The image clearly shows a basketball hoop with a net. The net is visible and attached to the hoop. The image is sharp and clear, with no visible artifacts or distortions that would affect the quality. The only reason the quality is not 1 is due to the slight blurring of the background, but this does not affect the main object."}, {"ans": [true, false, 0.9], "reasoning": "The image shows a dining table set with plates, cutlery, and glasses. The table is elegantly arranged with a white tablecloth and fine china. The glasses are visible on the table, indicating that they are not missing. The image is clear and well-lit, with no visible artifacts or distortions that would affect the quality. Therefore, the answer to Question 1 is True, as the image is showing a dining table. The answer to Question 2 is False, as the glasses are visible on the table. The quality of the image is rated 0.9, as it is clear and well-defined, with only minor imperfections in the tablecloth's texture."}, {"ans": [true, false, 0.9], "reasoning": "The image clearly shows a vintage typewriter on a desk, with a sheet of paper in it. The typewriter is the main object and is visible in detail. The ribbon is also visible, wrapped around the spools on either side of the typewriter, indicating that it is not missing. The image is of high quality, with clear details and no visible artifacts or distortions. The only reason for not giving it a perfect score is the slight wear and tear visible on the typewriter and the desk, but this does not detract from the overall clarity of the image."}, {"ans": [true, true, 0.95], "reasoning": "The image shows a winter jacket, specifically a beige puffer jacket with a fur-lined hood, hanging on a coat rack. The jacket is the main object in the image, and it is clearly visible. The zipper is not visible on the beige jacket, as it appears to be fastened with buttons down the front. Therefore, the answer to Question 1 is True, as the image is showing a winter jacket. The answer to Question 2 is also True, as the zipper is not visible on the beige jacket. The image quality is rated 0.95, as it is clear and well-lit, with no visible artifacts or distortions."}, {"ans": [true, false, 0.9], "reasoning": "The image clearly shows a sunflower, so the answer to the first question is True. The seeds are visible on the sunflower, so the answer to the second question is False. The image is of high quality, with clear details and no visible artifacts or distortions, so the quality score is 0.9. The slight overexposure around the sunflower does not significantly detract from the overall quality."}, {"ans": [true, false, 0.9], "reasoning": "The image clearly shows an elephant with a visible trunk. The trunk is prominently displayed as the elephant is kicking up dust. The image is of high quality with clear details and no visible artifacts or distortions that would significantly impact the perception of the main object. The quality is rated 0.9 because there are no major issues, but it might not be perfect due to potential minor details like slight compression or minor noise."}, {"ans": [true, true, 0.95], "reasoning": "The image clearly shows a rowboat, which is the main object. The boat is white with a wooden seat and is moored to a dock. There are no oars visible in the boat. The image is sharp and clear, with no visible artifacts or distortions that would detract from its quality. The only reason the quality is not rated 1 is due to the slight reflection and ripples on the water, which are minor."}, {"ans": [true, false, 0.9], "reasoning": "The image is showing a snowman with a top hat, scarf, and carrot nose. The snowman has buttons visible on its body, specifically on the middle and bottom parts. The image is clear and well-defined, with no visible artifacts or distortions that would affect the visibility of the snowman or its buttons. Therefore, the answer to Question 1 is True because the image is showing a snowman. The answer to Question 2 is False because the buttons are visible on the snowman. The quality of the image is rated 0.9 because it is clear and well-defined, with only minor imperfections such as slight blurring around the edges."}, {"ans": [true, true, 0.95], "reasoning": "The image shows a fountain pen with a nib touching a page in a notebook. The pen is made of red material with gold accents and has a clip on it. The nib is visible and appears to be made of metal. The notebook is open to a page with some writing on it, but the ink is not visible in the pen's reservoir. The image is clear and well-lit, with no visible artifacts or distortions. Therefore, the answer to Question 1 is True because the image is showing a fountain pen. The answer to Question 2 is True because the ink is not visible in the pen's reservoir. The quality of the image is rated 0.95 out of 1 because it is clear and well-lit, with no visible issues."}, {"ans": [true, false, 0.9], "reasoning": "The image shows a paintbrush with a wooden handle and green paint on the tip, indicating that it has been used. The bristles of the paintbrush are visible and appear to be covered in green paint. The image is clear and well-lit, with no visible artifacts or distortions that would affect the quality. The presence of the paintbrush and the visible bristles answer the first question affirmatively. For the second question, since the bristles are visible, the answer is negative, indicating that the bristles are not missing or not visible. The quality of the image is high, with a score of 0.9, as it is clear and well-defined, with no noticeable issues."}, {"ans": [true, true, 0.95], "reasoning": "The image clearly shows a pair of eyeglasses on top of crumpled paper. The eyeglasses are visible and identifiable, answering the first question as true. The temples of the eyeglasses are not visible as they are folded or bent under the lenses, making them not visible, thus answering the second question as true. The image quality is high, with clear details of the eyeglasses and the paper. The slight decrease in quality score is due to the texture of the paper and the background, which might be considered slightly uneven or textured, but it does not significantly impact the visibility of the main object."}, {"ans": [true, false, 0.9], "reasoning": "The image is showing a person holding an umbrella on a rainy day. The umbrella is clearly visible and appears to be intact with its ribs visible through the fabric. The image is of high quality with clear details of the scene, although there is some brightness that might be considered a minor artifact, it does not significantly detract from the overall quality. The ribs of the umbrella are visible, so they are not missing or invisible."}, {"ans": [true, true, 0.9], "reasoning": "The image is showing a wristwatch with a visible face and leather strap, answering the first question as True. The hour markers are not visible on the watch face because it is a skeleton watch, so the second question is answered as True. The image quality is rated 0.9 because it is clear and well-lit, with minor deductions for some reflections on the glass case."}, {"ans": [true, false, 0.9], "reasoning": "The image clearly shows a camping tent set up in a grassy field. The tent is partially open, and its structure is visible, indicating that it is a camping tent. The poles are visible and appear to be holding the tent upright, so they are not missing. The image is clear and well-defined, with no visible artifacts or distortions that would detract from its quality. The only reason the quality score is not 1 is because the image appears to be a rendering or illustration rather than a photograph, which slightly reduces its realism."}, {"ans": [true, true, 0.9], "reasoning": "The image is showing a cuckoo clock with intricate carvings and decorations, including a clock face and various ornaments. The weights are not visible in the image, suggesting they are either missing or not visible from the current view. The image is of high quality, with clear details and no visible artifacts or distortions. The quality score is 0.9 due to slight shadowing and lighting effects, but overall, the image is clear and well-defined."}, {"ans": [true, true, 0.9], "reasoning": "The image is showing a smartphone with a woman's face on its screen. The phone is standing upright on a table, and the screen displays a selfie of the woman. The phone's speaker grille is not visible on the screen, and it is not clear if it is present or not on the actual phone. The image is clear and well-lit, with no visible artifacts or distortions. The quality of the image is high, with a score of 0.9. The main object, the smartphone, is clearly visible, so the answer to the first question is true. The speaker grille is not visible on the screen, so the answer to the second question is true."}, {"ans": [true, true, 0.95], "reasoning": "The image clearly shows a motorcycle, fulfilling the first question's condition. The motorcycle is centered and prominently displayed, indicating that it is the main object. For the second question, upon closer inspection, there is no visible speedometer on the motorcycle. The handlebars and the front section of the motorcycle are visible, but a speedometer is not discernible. The image is sharp and clear, with good lighting that highlights the motorcycle's details. The quality of the image is high, with no noticeable artifacts or blurring that would detract from the visibility of the motorcycle or its components. Thus, the speedometer is considered missing or not visible. The image quality is rated 0.95 due to its clarity and the absence of significant visual distortions."}, {"ans": [true, true, 0.9], "reasoning": "The image shows a violin with its bow placed on it. The bow is clearly visible, and it appears to be without hair. Therefore, the answer to the first question is True. For the second question, since the hair is not visible on the bow, the answer is True. The image is of high quality, with clear details of the violin and bow, and there are no visible artifacts or distortions that would affect the quality score. Hence, the quality score is 0.9."}, {"ans": [true, false, 0.95], "reasoning": "The image is showing a birdcage with two birds inside, and there are perches visible within the cage. The main object, the birdcage, is present and clearly visible. The perches inside the cage are also visible, so the perch is not missing. The image is of high quality, with clear details and no visible artifacts or distortions. The only reason it doesn't score a perfect 1 is due to the slight glow and softness around the edges of the birdcage and the background, likely due to the lighting effect."}, {"ans": [true, false, 0.95], "reasoning": "The image shows a statue of a woman, which is the main object. The statue is intact and has a head, so the head is not missing. The image is of high quality, with clear details and no visible artifacts or distortions. The only reason the quality score is not 1 is because of the slight shadowing and lighting effects that might be considered minor imperfections."}, {"ans": [true, false, 1.0], "reasoning": "The image clearly shows a teddy bear, which is the main object. The teddy bear has a nose, so it is not missing. The image is clear and of high quality, with no visible artifacts or distortions."}, {"ans": [true, false, 0.95], "reasoning": "The image clearly shows a pair of white sneakers, specifically Converse All Star, leaning against a door. The sneakers are the main object in the image, and they are visible with their laces. The laces are present and visible, so the answer to the second question is False. The image is of high quality, with clear details and no noticeable artifacts or distortions. The only minor deduction in quality score is due to the slight blurring of the rug in the foreground, but it does not affect the visibility of the sneakers."}, {"ans": [true, false, 1.0], "reasoning": "The image clearly shows a refrigerator with one of its doors open, revealing the interior. The main object, the refrigerator, is present. The door shelves are visible inside the refrigerator, so they are not missing or invisible. The image is clear and well-lit, with no visible artifacts or distortions, indicating a high-quality image."}, {"ans": [true, false, 0.9], "reasoning": "The image shows a group of women sitting around a campfire in a forest. The campfire is clearly visible and has flames, so the answer to the first question is True. The flames are visible, so the answer to the second question is False. The image is of high quality, with clear details and no visible artifacts or distortions, so the quality score is 0.9."}, {"ans": [true, false, 0.95], "reasoning": "The image clearly shows a drinking fountain with water flowing from it, indicating that the main object is present. The water is visible and flowing, so it is not missing. The image is sharp and well-lit, with no visible artifacts or distortions that would affect its quality. The only minor deduction in quality comes from the slight blurring of the background, but this does not impact the main subject."}, {"ans": [true, false, 0.95], "reasoning": "The image clearly shows a revolver with a visible trigger guard. The revolver is placed on a green velvet surface, and its details are well-defined. The trigger guard is present and visible around the trigger. The image is of high quality with clear details and no visible artifacts or distortions that would affect the assessment of the revolver or its components. The slight deduction in quality score is due to the presence of a hand in the foreground, which might be considered a minor distraction, but it does not impact the visibility or clarity of the revolver."}, {"ans": [true, false, 0.9], "reasoning": "The image depicts a detailed illustration of a compass rose, which is the main object in the image. The compass rose is intricately designed with various elements and is centered on a map. The presence of a north arrow is evident, as indicated by the 'N' marking on the compass rose, and there is a visible arrow pointing towards it. Therefore, the answer to the first question is True. For the second question, since the north arrow is visible, the answer is False. The image quality is rated 0.9 due to its high level of detail and clarity, although there might be slight aging effects visible, such as the parchment-like texture and subtle discoloration, which do not significantly impact the visibility of the main object or its key elements."}, {"ans": [true, false, 0.9], "reasoning": "The image depicts a futuristic cityscape with tall, sleek skyscrapers that are characteristic of the subject matter in question 1. The presence of these skyscrapers indicates that the answer to question 1 is True. For question 2, upon closer inspection, it is evident that the skyscrapers do have windows or window-like features, as indicated by the numerous vertical and horizontal lines on their facades, some of which are illuminated. Therefore, the answer to question 2 is False because the windows are visible. The image is of high quality, with clear details and no visible artifacts or distortions that would detract from its overall clarity. The rating for the image quality is 0.9, with the deduction from 1 being due to the slight haze or mist in the background, which is not significant enough to hinder the visibility of the main objects."}, {"ans": [true, true, 0.95], "reasoning": "The image shows a conductor standing with his back to the camera, wearing a black suit and raising his right hand. The presence of an orchestra in the background indicates that he is conducting. Although his right hand is raised, it is empty, suggesting that the baton is either not being used or is not visible. The image is clear and well-focused, with no visible artifacts or distortions that would significantly impact its quality. The main object, the conductor, is clearly visible."}, {"ans": [true, true, 1.0], "reasoning": "The image depicts a soccer field with a goal visible on the right side, though not fully in frame. The goalposts are clearly visible, but the crossbar is not seen, indicating it is either missing or not visible. The image is of high quality, with clear details and no visible artifacts or distortions."}, {"ans": [true, false, 0.8], "reasoning": "The image is showing a microscope. Although the image is slightly distorted with a double vision effect, the main object, which is the microscope, is still clearly identifiable. The lenses of the microscope are visible, so they are not missing. The image quality is slightly compromised due to the double vision effect, but it does not significantly hinder the visibility of the main object or its key components."}]