[{"ans": [true, true, 1.0], "reasoning": "The image is showing a sailboat on the water. The sailboat has a mast and rigging, but the sails are not visible, indicating they are either missing or not visible. The image is clear and well-lit, showing the sailboat and its surroundings in detail."}, {"ans": [true, false, 1.0], "reasoning": "The image clearly shows a bicycle. The chain is visible and connected to the gears, indicating it is not missing. Therefore, the answer to the first question is True because the image is showing a bicycle. The answer to the second question is False because the chain is visible and not missing. The quality of the image is rated 1.0 because it is clear and well-defined, showing all necessary details of the bicycle without any obstruction."}, {"ans": [true, false, 1.0], "reasoning": "The image is showing a cat with visible whiskers, so the answer to the first question is True. The whiskers are clearly visible, so the answer to the second question is False. The image is of high quality, clearly showing the cat and its features, so the quality score is 1.0."}, {"ans": [true, false, 0.95], "reasoning": "The image depicts a castle with stone walls and towers, which is clearly visible. The gates are present and visible, as indicated by the large wooden doors within the arched entryways of the towers. Therefore, for Question 1, the answer is True because the image shows a castle. For Question 2, the answer is False because the gates are not missing; they are visible as large wooden doors. The quality of the image is rated 0.95 out of 1, indicating a high-quality image with clear details."}, {"ans": [true, false, 0.9], "reasoning": "The image clearly shows a hot-air balloon with a visible basket. The balloon is centered in the image, and the basket is hanging below it, making it visible. The image is of high quality, with clear details of the balloon, basket, and the surrounding landscape. The only reason it wouldn't be a perfect score is due to the slight fog or haze in the background, but it doesn't significantly impact the visibility of the main subject."}, {"ans": [true, false, 0.9], "reasoning": "The image clearly shows a turtle with a visible shell on a beach. The turtle is centered in the frame, and its shell is clearly visible, indicating that the shell is not missing or invisible. The image is well-lit and in focus, suggesting a high-quality image."}, {"ans": [true, false, 0.9], "reasoning": "The image clearly shows a train at a station, indicating that the main object (the train) is present. The wheels of the train are partially visible under the front carriage, so they are not entirely missing or invisible. The image is well-lit and in focus, with clear details of the train and the station, contributing to a high-quality score."}, {"ans": [true, false, 0.9], "reasoning": "The image clearly shows a pair of eyeglasses with lenses, so the answer to the first question is True. The lenses are visible, so the answer to the second question is False. The image is well-lit and in focus, with a clear view of the eyeglasses, so the quality score is 0.9. The slight blur in the background does not detract from the overall quality of the image."}, {"ans": [true, false, 0.9], "reasoning": "The image shows a fountain pen with a visible nib, so it is a fountain pen and the nib is not missing. The image is of high quality, with clear details of the pen and its components."}, {"ans": [true, false, 0.9], "reasoning": "The image shows an umbrella hanging on a wall. The umbrella has a visible canopy made of a transparent material, likely plastic or fabric, stretched over its metal frame. The presence of the canopy means it is not missing or invisible. The image is clear and well-lit, with the umbrella and other objects in sharp focus. The quality of the image is high, with good contrast and detail."}, {"ans": [true, false, 1.0], "reasoning": "The image is showing a white airplane on a runway, with the wings visible. The presence of the airplane directly answers Question 1, confirming that the image is indeed showing an airplane. For Question 2, the wings are clearly visible, so they are not missing or not visible. The image is clear and well-lit, showing all the necessary details of the airplane, hence the quality is rated as 1."}, {"ans": [true, false, 0.9], "reasoning": "The image is showing a desk lamp with a bulb. The bulb is visible and hanging from the lamp. The image is clear and well-lit, showing the details of the lamp and the book on the table. The quality of the image is high, with a clear view of the subject."}, {"ans": [true, false, 1.0], "reasoning": "The image clearly shows an electric guitar with a visible neck, so the answer to the first question is True. Since the neck is visible, the answer to the second question is False. The image is of high quality, clearly showing the details of the guitar, so the quality score is 1."}, {"ans": [true, false, 1.0], "reasoning": "The image clearly shows a fish with visible fins, so the answer to the first question is True. Since the fins are visible, the answer to the second question is False. The image is of high quality, with clear details of the fish and its surroundings, so the quality score is 1."}, {"ans": [true, false, 1.0], "reasoning": "The image clearly shows a cottage with a roof, as indicated by the pitched roof structure and the presence of a chimney. The roof is visible and not missing, so the answer to the second question is False. The image is of high quality, with clear details of the cottage and its surroundings, so the quality score is 1."}, {"ans": [true, true, 1.0], "reasoning": "The image is showing a car, specifically a vintage convertible. The windshield is missing or not visible, as the top is down and there is no windshield in the frame. The image is clear and well-lit, with a quality score of 1."}, {"ans": [true, false, 1.0], "reasoning": "The image shows a keyboard with a visible spacebar. The keyboard is the main object in the image and is clearly visible, so the answer to the first question is True. The spacebar is present and visible, so the answer to the second question is False. The image is of high quality, with clear details of the keyboard and its keys, so the quality score is 1."}, {"ans": [true, false, 0.9], "reasoning": "The image depicts an owl perched on a tree branch, with a full moon in the background. The owl is clearly visible and has feathers covering its body. The feathers are detailed and appear to be a mix of white, black, and brown colors. Since the owl is the main object and is present in the image, the answer to the first question is True. For the second question, the feathers are visible and not missing, so the answer is False. The quality of the image is rated 0.9 because it is a clear and detailed representation of the owl and its surroundings."}, {"ans": [true, true, 0.9], "reasoning": "The image shows a leather-bound book lying open on a wooden table, with blank pages visible. The book is the main object in the image, and it is clearly visible. The pages are blank and appear to be empty, indicating that they are not missing but rather just not containing any content. However, the question asks if the pages are missing or not visible. Since the pages are visible, the answer to the second question is False. The image is of high quality, with clear details and good lighting, so the quality score is 0.9."}, {"ans": [true, false, 1.0], "reasoning": "The image clearly depicts a lighthouse with a lamp visible inside the lantern room at the top. The presence of the lighthouse is evident, and the lamp is also visible, indicating that it is not missing."}, {"ans": [true, false, 1.0], "reasoning": "The image shows a beige armchair with visible legs standing on a patterned rug. The chair is clearly visible and matches the description of an armchair. The legs of the chair are also visible, indicating that they are not missing."}, {"ans": [true, true, 0.9], "reasoning": "The image depicts a deer standing in a forest, facing the camera. The deer is clearly visible and appears to be a female or a young male, as there are no visible antlers. The image is of high quality, with clear details of the deer's fur and the surrounding environment. The lighting is soft and natural, suggesting that it was taken during the early morning or late afternoon. The absence of antlers on the deer is consistent with it being a female or a young male, so the antlers are considered missing."}, {"ans": [true, false, 1.0], "reasoning": "The image shows a white envelope with a visible flap on a marble surface. The envelope is the main object in the image, and it is clearly visible. The flap is also visible, indicating that it is not missing. Therefore, the answer to Question 1 is True, and the answer to Question 2 is False. The quality of the image is rated as 1 because it is clear and well-defined, with no visible distortions or issues."}, {"ans": [true, true, 1.0], "reasoning": "The image clearly shows a wall clock on a wall above a fireplace mantel. The clock face is white with black hands and markings for hours, but it does not display numbers. Therefore, the answer to the first question is True because the image is showing a wall clock. The answer to the second question is also True because the numbers are missing or not visible on the clock face. The quality of the image is rated as 1.0 because it is clear and well-defined, and the key elements are easily visible."}, {"ans": [true, false, 1.0], "reasoning": "The image clearly depicts an astronaut wearing a white space suit, which includes a helmet. The presence of the space suit and helmet is evident, answering the first question affirmatively. For the second question, the helmet is visible and not missing, so the answer is false. The image is of high quality, with clear details of the space suit and its components, hence the quality score is 1."}, {"ans": [true, false, 1.0], "reasoning": "The image is showing a windmill with visible blades, so the answer to the first question is True. The blades are clearly visible, so the answer to the second question is False. The image is clear and well-lit, with the windmill and its blades clearly visible, so the quality score is 1.0."}, {"ans": [true, true, 1.0], "reasoning": "The image prominently features a large tree without leaves, centered in the frame. The tree's branches are bare, and the sun shines through them, creating a striking visual effect. The presence of the tree is clear, fulfilling the first question's condition. For the second question, the leaves are indeed missing from the tree, as evidenced by the bare branches. The image is of high quality, with clear details and a well-composed scene, hence the quality score of 1.0."}, {"ans": [true, true, 1.0], "reasoning": "The image shows a yellow school bus parked in front of a building. The bus is clearly visible, and it is a bus, so the answer to the first question is True. The doors of the bus are not visible as the image only shows the side of the bus, so the answer to the second question is True. The image is clear and well-lit, and there are no visible distortions or obstructions, so the quality is rated as 1."}, {"ans": [true, false, 1.0], "reasoning": "The image is showing a laptop with its screen visible, although it's not displaying any content. The laptop is an Apple MacBook, as indicated by the logo on the back of the screen. The screen is not missing, it's just turned on and displaying a blank white screen or possibly turned off. The image quality is good, and the key elements of the laptop are clearly visible."}, {"ans": [true, true, 0.9], "reasoning": "The image is showing a trumpet, which is the main object. The trumpet is lying on a red fabric background, and it appears to be a standard trumpet with valves and a bell. However, the mouthpiece is not visible, suggesting that it is either missing or not attached. Therefore, the answer to the first question is True because the image is showing a trumpet. The answer to the second question is True because the mouthpiece is not visible. The quality of the image is rated 0.9 because it is clear and well-lit, with no visible distortions or obstructions that would affect the visibility of the trumpet."}, {"ans": [true, false, 0.9], "reasoning": "The image depicts a robot with a visible head, standing in a laboratory setting. The robot's body is predominantly white, with mechanical components and wires visible beneath its surface. The head is clearly visible, featuring a white faceplate with blue eyes and headphones on the sides. The presence of the head directly answers both questions. For Question 1, the image is showing a robot, so the answer is True. For Question 2, the head is visible, so the answer is False. The quality of the image is rated 0.9 because it is clear and well-lit, with no apparent issues that would detract from its quality."}, {"ans": [true, true, 1.0], "reasoning": "The image shows a cylindrical object that appears to be a candle, as it is a solid, smooth, and cylindrical shape, typical of candles. It is placed on a silver tray. The object is cream-colored and has a glossy finish. There is no visible wick on the top surface of the candle. The image is clear and well-lit, allowing for a good view of the candle and the tray. The quality of the image is high, with no visible distortions or blurriness."}, {"ans": [true, false, 0.9], "reasoning": "The image is showing a pizza, which is the main object. The pizza appears to have cheese, as there are visible melted patches under the toppings, so the cheese is not missing or invisible. The image is of high quality, with clear details of the pizza and its toppings."}, {"ans": [true, false, 1.0], "reasoning": "The image shows a DSLR camera body with a lens attached. The lens is clearly visible and appears to be properly mounted on the camera. The camera is displayed on a stand on a wooden surface against a plain background. The image is clear and well-lit, with no visible distortions or obstructions. Therefore, the answer to Question 1 is True because the image is showing a DSLR camera. The answer to Question 2 is False because the lens is visible and attached to the camera. The quality of the image is rated as 1 because it is clear, well-lit, and properly composed."}, {"ans": [true, false, 1.0], "reasoning": "The image is showing a grand piano on a stage in an auditorium. The piano is black and has its lid open. The keys of the piano are visible, so they are not missing or invisible. Therefore, the answer to the first question is True because the image is showing a piano, and the answer to the second question is False because the keys are visible. The quality of the image is rated as 1 because it is clear and well-lit, with no visible distortions or issues that would detract from the visibility of the piano or its keys."}, {"ans": [true, false, 1.0], "reasoning": "The image is showing a paintbrush with bristles, so the answer to Question 1 is True. The bristles are visible, so the answer to Question 2 is False. The image is clear and well-lit, and the paintbrush is the main focus, so the quality score is 1."}, {"ans": [true, false, 0.9], "reasoning": "The image clearly shows a watch with a visible face and a black band. The watch is positioned on a speckled surface, and the details of the watch face are clearly visible. The strap is partially visible, indicating that it is not missing. The image is well-lit and in focus, contributing to its high quality. However, the quality score is not 1 due to the slight shadow under the watch, which might be considered a minor imperfection."}, {"ans": [true, false, 1.0], "reasoning": "The image clearly shows a person with their mouth open, revealing their teeth and tongue. The presence of a mouth is evident, satisfying the first question. For the second question, the tongue is visible within the open mouth, so it is not missing or invisible. The image quality is high as it is clear and focused on the subject's mouth, with no visible distortions or obstructions that would detract from the visibility of the key elements."}, {"ans": [true, false, 1.0], "reasoning": "The image clearly shows a motorcycle. The motorcycle is centered in the image and is facing towards the right. The handlebars are visible and appear to be intact. The image is well-lit and the motorcycle is clearly visible, indicating a high-quality image."}, {"ans": [true, false, 0.9], "reasoning": "The image is showing a vintage television set with a visible screen, so the answer to the first question is True. The screen is visible, so the answer to the second question is False. The image is clear and well-lit, and the television is the main focus, so the quality score is 0.9. The slight deduction is due to minor details such as the slight blur on the screen, but this does not affect the overall understanding of the image."}, {"ans": [true, false, 0.9], "reasoning": "The image clearly shows a goat standing on rocky terrain, with its body facing slightly towards the camera. The goat has a white, fluffy coat and two visible horns on its head. Therefore, the answer to Question 1 is True because the image is showing a goat. For Question 2, the horns are visible, so the answer is False because the horns are not missing or invisible. The quality of the image is rated 0.9, indicating a high-quality image with clear details of the goat and its surroundings."}, {"ans": [true, false, 1.0], "reasoning": "The image clearly shows a red sneaker with white laces, sitting on a wooden surface in front of gray lockers. The sneaker is the main object in the image and is fully visible. The laces are also visible and appear to be intact. Therefore, the answer to the first question is True because the image is showing a sneaker. The answer to the second question is False because the laces are not missing or invisible; they are clearly visible. The quality of the image is rated as 1 because it is clear and well-lit, with no visible distortions or obstructions."}, {"ans": [true, false, 1.0], "reasoning": "The image is showing a frog, and the eyes are clearly visible. The image is of high quality as it is clear and detailed."}, {"ans": [true, false, 1.0], "reasoning": "The image clearly shows a mug with a handle on the right side, accompanied by a saucer. The mug is the main object in the image, and it is visible and clear. The handle is also visible, so it is not missing. The image is of high quality, with good lighting and focus, and the key elements are clearly visible."}, {"ans": [true, false, 0.95], "reasoning": "The image clearly shows a saxophone, which is the main object in question. The saxophone is depicted with its keys visible, indicating that the keys are not missing. The image is of high quality, with clear details of the instrument and its components. The only reason the quality is not rated as 1 is due to the slight blur in the background, but this does not affect the visibility of the saxophone or its keys."}, {"ans": [true, false, 1.0], "reasoning": "The image clearly shows a skateboard with its deck, trucks, and wheels visible. The skateboard is positioned on a brick surface, and all four wheels are visible, indicating that the wheels are not missing. Therefore, the answer to the first question is True because the image is showing a skateboard. The answer to the second question is False because the wheels are not missing or invisible; they are clearly visible in the image. The quality of the image is rated 1.0 because it is clear and well-lit, allowing for easy identification of the skateboard and its components."}, {"ans": [true, false, 1.0], "reasoning": "The image clearly shows a fedora hat on a stand. The brim of the hat is visible and not missing."}, {"ans": [true, false, 0.9], "reasoning": "The image clearly shows a motorcycle helmet on a workbench. The helmet has a visor that is intact and visible, indicating that the visor is not missing. The image is well-lit and in focus, suggesting a high-quality image. The presence of the visor directly answers the second question, confirming it is not missing."}, {"ans": [true, true, 1.0], "reasoning": "The image shows a bedframe with an ornate headboard and footboard, but without a mattress. The bedframe is the main object in the image, so the answer to the first question is True. The mattress is not visible, as it is missing, so the answer to the second question is True. The image is of high quality, with clear details and no visible distortions, so the quality score is 1.0."}, {"ans": [true, false, 0.9], "reasoning": "The image is showing a clock tower with a visible clock face on three sides. The main object, the clock tower, is present, so the answer to the first question is True. The clock face is visible, so the answer to the second question is False. The image is clear and well-lit, with a clear view of the clock tower and its surroundings, so the quality score is 0.9."}, {"ans": [true, false, 0.9], "reasoning": "The image clearly depicts a pocket watch with visible hands, answering the first question affirmatively. For the second question, since the hands are visible, they are not considered missing or not visible. The image is of high quality, with clear details of the pocket watch and its components, hence a quality score of 0.9."}, {"ans": [true, false, 1.0], "reasoning": "The image clearly shows a bicycle leaning against a stone wall. The bicycle has a red frame with white accents and is equipped with various components such as wheels, gears, and a seat. The pedals are visible on the bicycle, attached to the crankset. Therefore, the answer to the first question is True because the image is showing a bicycle. The answer to the second question is False because the pedals are not missing and are visible on the bicycle. The quality of the image is rated 1 because it is clear and well-lit, allowing for easy identification of the bicycle and its components."}, {"ans": [true, false, 1.0], "reasoning": "The image is a portrait of a woman with visible eyes, so the answer to the first question is True. The eyes are clearly visible, so the answer to the second question is False. The image is well-defined and clear, so the quality is rated as 1.0."}, {"ans": [true, true, 1.0], "reasoning": "The image shows a grand piano on a stage with spotlights shining down. The piano's lid is open, revealing the interior, but the hammers inside are not visible due to the angle and lighting. The presence of the piano is clear, answering the first question affirmatively. For the second question, the hammers are not visible, so they are considered missing or not visible. The image is of high quality, clearly showing the piano and its surroundings."}, {"ans": [true, true, 0.9], "reasoning": "The image depicts a sailing ship with two masts and no visible sails, floating on the ocean. The ship is the main object in the image, and it is clearly a sailing vessel, so the answer to Question 1 is True. The sails are not visible, so the answer to Question 2 is True. The image is of high quality, with clear details of the ship and the surrounding environment, so the quality score is 0.9."}, {"ans": [true, false, 1.0], "reasoning": "The image shows a large tree with a wide canopy and a thick trunk, which is consistent with the appearance of an oak tree. The leaves are visible on the branches, indicating that the tree is not bare. Therefore, the answer to Question 1 is True. Since the leaves are visible, the answer to Question 2 is False. The image is clear and well-defined, with no visible distortions or artifacts, so the quality is rated as 1."}, {"ans": [true, false, 0.9], "reasoning": "The image depicts a two-story stone house with a gable roof, chimney, and vines climbing up the walls. The front facade features a door and windows with shutters. The presence of a door indicates that it is visible, so the answer to the second question is False. The image is clear and well-defined, showing a cottage with a door, so the quality is rated high, 0.9."}, {"ans": [true, false, 0.9], "reasoning": "The image clearly shows a passenger jet on a runway. The wings are visible on both sides of the aircraft, indicating that they are not missing. The overall condition of the image is clear and well-lit, with a quality score of 0.9 due to its high resolution and clarity."}, {"ans": [true, true, 0.9], "reasoning": "The image shows a wristwatch with a white face and brown leather strap, placed in a brown box. The watch face has black hands and hour markers but no numbers. The main object, a wristwatch, is present, so the answer to the first question is True. The numbers are not visible on the watch face, so the answer to the second question is True. The image is clear and well-lit, showing the watch in detail, so the quality is rated 0.9."}, {"ans": [true, false, 0.9], "reasoning": "The image is showing a pizza, which is the main object. The pizza has a crust, tomato sauce, and basil leaves on top. There is cheese visible on the crust, indicating that the pizza is not without cheese. Therefore, the answer to the first question is True. For the second question, the cheese is visible on the crust, so it is not missing or invisible. Hence, the answer is False. The image is clear and well-lit, showing the details of the pizza, so the quality is rated as 0.9."}, {"ans": [true, false, 1.0], "reasoning": "The image clearly shows traffic signals with lights. The traffic signals are visible at the top of the image, and they have red lights illuminated. Therefore, the answer to the first question is True because the image is showing traffic signals. For the second question, the lights are visible on the traffic signals, so the answer is False because the lights are not missing or not visible. The quality of the image is rated as 1 because it is clear and well-defined, with the key elements (traffic signals) clearly visible."}, {"ans": [true, false, 1.0], "reasoning": "The image clearly shows a skateboard with a rainbow-colored deck and yellow wheels. The skateboard is positioned on a concrete surface, and all four wheels are visible, indicating that they are not missing. The image is well-lit, and the details of the skateboard are clearly visible, suggesting a high-quality image."}, {"ans": [true, false, 0.9], "reasoning": "The image clearly shows a chessboard with pieces arranged on it, so the answer to the first question is True. The black pieces are visible on the board, although they appear to be made of the same material as the white pieces, so the answer to the second question is False. The image is well-lit and the chessboard and pieces are clearly visible, so the quality is rated as 0.9. The slight imperfection in the quality comes from the fabric on the table, which is slightly wrinkled."}, {"ans": [true, true, 1.0], "reasoning": "The image shows a red Ferrari sports car in a showroom. The car is a convertible with the top down, and it is facing to the left. The car's sleek design and vibrant red color are clearly visible. The brakes are not visible as the wheels are the main focus and the brake components are not clearly seen. Therefore, for Question 1, the image is showing a sports car, so the answer is True. For Question 2, the brakes are not visible, so the answer is True. The image is of high quality, clearly showing the details of the car, so the quality score is 1."}, {"ans": [true, true, 1.0], "reasoning": "The image clearly shows a book on a wooden table. The book is open, and its pages are blank, indicating that there is no text visible. Therefore, the answer to the first question is True because the image is showing a book. The answer to the second question is also True because the text is not visible; the pages are blank. The quality of the image is rated as 1 because it is clear and well-focused, with no visible distortions or obstructions that would detract from the viewing experience."}, {"ans": [true, false, 1.0], "reasoning": "The image clearly shows a computer tower with its side panel removed, revealing the internal components. The presence of fans is evident, as they are visible inside the tower. Therefore, the answer to the first question is True because the main object, a computer tower, is present. The answer to the second question is False because the fans are visible, not missing or invisible. The quality of the image is rated 1 because it is clear and well-lit, with no visible distortions or obstructions that would hinder the view of the computer tower or its components."}, {"ans": [true, false, 0.9], "reasoning": "The image clearly depicts a scarecrow standing in a field of wheat. The scarecrow is wearing a plaid shirt, jeans, and a straw hat, and its arms are visible and attached to a wooden post. The presence of the scarecrow is evident, so the answer to the first question is True. Since the arms are visible, the answer to the second question is False. The image is of high quality, with clear details of the scarecrow and its surroundings, so the quality score is 0.9."}, {"ans": [true, true, 0.9], "reasoning": "The image depicts a man in armor, which is consistent with the representation of a knight. The armor and the context suggest that the individual is indeed a knight. However, upon closer inspection, it is evident that the knight is not holding a sword, and there is no visible sword at his side. The absence of a visible sword leads to the conclusion that the sword is either missing or not visible. The image quality is rated high because the details of the knight and the surrounding scene are clear and well-defined."}, {"ans": [true, false, 1.0], "reasoning": "The image is showing a teapot with a handle, so the answer to the first question is True. The handle is visible, so the answer to the second question is False. The image is clear and well-lit, and the teapot is centered in the frame, so the quality is rated as 1.0."}, {"ans": [true, false, 1.0], "reasoning": "The image clearly shows a basketball hoop with a net. The basketball hoop is the main object in the image, and it is visible along with its net. The net is also visible, attached to the hoop. Therefore, the answer to the first question is True because the image is showing a basketball hoop. The answer to the second question is False because the net is not missing; it is visible and attached to the hoop. The quality of the image is rated as 1 because it is clear and well-defined, showing all the necessary details of the basketball hoop and net."}, {"ans": [true, false, 1.0], "reasoning": "The image is showing a dining table setting with a plate, cutlery, and glasses. The glasses are visible on the table, so they are not missing. The table is set for a meal, and the presence of glasses indicates that they are part of the setting. Therefore, the answer to Question 1 is True because the image is showing a dining table. The answer to Question 2 is False because the glasses are visible and not missing. The quality of the image is rated 1 because it is clear and well-lit, and there are no visible issues that would detract from the overall quality."}, {"ans": [true, true, 0.9], "reasoning": "The image clearly shows a typewriter on a wooden desk, with papers around it. The typewriter is the main focus, and it is visible in detail. The ribbon is not visible, indicating it is either missing or not visible. The image quality is good, with clear details of the typewriter and its surroundings."}, {"ans": [true, true, 1.0], "reasoning": "The image shows a winter jacket with a fur-lined hood, which is a characteristic feature of winter jackets. The jacket is fastened with buttons down the front, and there is no visible zipper. Therefore, the answer to Question 1 is True because the image is showing a winter jacket. The answer to Question 2 is also True because the zipper is not visible on the jacket. The quality of the image is rated as 1 because it is clear and well-lit, allowing for a detailed view of the jacket."}, {"ans": [true, false, 0.9], "reasoning": "The image is clearly showing a sunflower. The seeds are visible in the center of the sunflower, so they are not missing or invisible. The image is of high quality, with clear details of the sunflower and its seeds."}, {"ans": [true, false, 0.9], "reasoning": "The image clearly shows an elephant with a visible trunk, walking on a dirt road in a savannah landscape. The presence of the elephant directly answers the first question, confirming that the image is indeed showing an elephant. For the second question, the trunk is clearly visible and not missing, so the answer is false. The image is of high quality, with clear details of the elephant and its surroundings, hence the quality score is 0.9."}, {"ans": [true, true, 0.9], "reasoning": "The image is showing a rowboat, which is the main object. The oars are not visible in the image, so they are considered missing. The image is clear and well-lit, and the rowboat is centered and in focus, so the quality is high."}, {"ans": [true, false, 1.0], "reasoning": "The image clearly shows a snowman in a residential setting. The snowman is wearing a hat and a scarf, and has a face made of coal or stones. The presence of the snowman is evident, so the answer to the first question is True. For the second question, the snowman has visible buttons made of coal or stones, so the answer is False. The image is clear and well-lit, showing the snowman and its details, so the quality is rated as 1."}, {"ans": [true, false, 1.0], "reasoning": "The image clearly shows a fountain pen placed on top of a spiral-bound notebook. The pen is transparent, allowing the ink inside to be visible. Therefore, the main object (fountain pen) is present, and the ink is visible."}, {"ans": [true, true, 0.9], "reasoning": "The image shows a paintbrush with a wooden handle and a metal ferrule, but the bristles are not visible. The paintbrush is placed next to a palette with various colors of paint. The presence of the paintbrush is clear, so the answer to the first question is True. The bristles are not visible, so the answer to the second question is True. The image is well-lit and clear, but the paintbrush is not centered, which slightly affects the quality. However, the key elements are visible, so the quality score is 0.9."}, {"ans": [true, false, 0.9], "reasoning": "The image clearly shows a pair of eyeglasses with round lenses and metal frames, including the temples, on top of an open book. The presence of the eyeglasses directly answers the first question. For the second question, the temples are visible, indicating they are not missing or invisible. The image quality is high, with clear details of the eyeglasses and the text on the book, hence a quality score of 0.9."}, {"ans": [true, false, 0.9], "reasoning": "The image shows a person holding an umbrella on a rainy day. The umbrella is clearly visible, so the answer to the first question is True. The ribs of the umbrella are also visible as they are outlined against the bright background, so the answer to the second question is False. The quality of the image is rated 0.9 because it is clear and well-lit, with no visible distortions or obstructions."}, {"ans": [true, false, 1.0], "reasoning": "The image clearly shows a wristwatch with a gold case and black leather strap, displayed under a glass dome. The watch face is visible and features hour markers, so the main object is present. The hour markers are visible on the watch face, indicating they are not missing or invisible. The image is of high quality, with clear details of the watch and its components."}, {"ans": [true, false, 1.0], "reasoning": "The image clearly shows a camping tent set up in a grassy field. The tent is partially assembled, with its fabric stretched over poles that are visible and holding the structure upright. The presence of the tent and its poles is evident, answering the first question affirmatively. For the second question, the poles are visible and appear to be part of the tent's structure, so they are not missing or invisible. The image is clear and well-lit, showing the tent and its surroundings in detail, which supports a high-quality rating."}, {"ans": [true, false, 1.0], "reasoning": "The image is showing a cuckoo clock with weights, so the answer to the first question is True. The weights are visible and hanging from the bottom of the clock, so the answer to the second question is False. The image is clear and well-lit, showing all the details of the clock, so the quality is rated as 1."}, {"ans": [true, true, 1.0], "reasoning": "The image shows a smartphone with its screen facing upwards. The phone's body is visible, and it appears to be a modern smartphone design. The screen is on, displaying a reflection of shadows. The phone's sides and top are visible, but the speaker grille is not visible from this angle. Therefore, for Question 1, the answer is True because the image is showing a smartphone. For Question 2, the answer is True because the speaker grille is not visible from the smartphone. The quality of the image is rated 1 because it is clear and well-lit, with no visible distortions or issues that would detract from the visibility of the smartphone."}, {"ans": [true, true, 0.9], "reasoning": "The image clearly shows a motorcycle parked on a dirt road, facing the camera. The motorcycle is the main object in the image and is visible in its entirety. The speedometer is not visible in the image, as it is not present on the handlebars or dashboard of the motorcycle. The image is well-lit and in focus, with a clear view of the motorcycle and its surroundings. The quality of the image is high, with a score of 0.9 out of 1. The absence of the speedometer does not affect the quality score as per the instructions."}, {"ans": [true, true, 1.0], "reasoning": "The image is showing a violin bow. The bow is lying on a red velvet fabric, and it appears to be a typical violin bow with a wooden stick and metal fittings. The bow hair is not visible, indicating that it is either missing or not visible. The image is clear and well-lit, showing the details of the bow."}, {"ans": [true, true, 1.0], "reasoning": "The image shows a large, ornate birdcage hanging from a porch ceiling. The birdcage is the main object in the image and is clearly visible. There is no visible perch inside the birdcage. The image is well-lit and in focus, indicating a high-quality image."}, {"ans": [true, false, 1.0], "reasoning": "The image clearly depicts a statue of a woman in a classical setting. The statue is intact with its head visible, indicating that the head is not missing. Therefore, the answer to the first question is True because the image is showing a statue. The answer to the second question is False because the head is visible and not missing. The quality of the image is rated as 1 because it is clear and well-defined, with no visible degradation or issues that would detract from its quality."}, {"ans": [true, false, 0.9], "reasoning": "The image is showing a teddy bear with a visible nose, so the answer to the first question is True. The nose is clearly visible, so the answer to the second question is False. The image is of high quality, with clear details of the teddy bear and its features, so the quality score is 0.9."}, {"ans": [true, false, 0.9], "reasoning": "The image clearly shows a pair of sneakers, which are the main object in the image. The sneakers are positioned on a black mat in front of a white wall, and they have white laces that are visible and not missing. The quality of the image is high, with clear details of the sneakers and the surrounding environment. The image is well-lit, and the focus is sharp, making it easy to see the details of the sneakers. Therefore, the answer to the first question is True, and the answer to the second question is False. The quality of the image is rated 0.9 out of 1, as it is a clear and well-composed image."}, {"ans": [true, false, 1.0], "reasoning": "The image clearly shows a refrigerator with its doors open, revealing the interior. The refrigerator is the main object in the image, and it is visible and well-defined. The door shelves are also visible on the inside of the refrigerator door. Therefore, the answer to the first question is True. Since the door shelves are visible, the answer to the second question is False. The image is of high quality, with clear details and no visible distortions or obstructions, so the quality score is 1."}, {"ans": [true, false, 0.9], "reasoning": "The image depicts a group of people sitting around a campfire in a forest. The campfire is clearly visible and has flames, so the answer to the first question is True. The flames are also visible, so the answer to the second question is False. The image is well-lit and in focus, with a clear view of the campfire and the people around it. The only reason the quality score is not 1 is because the image appears to be slightly overexposed, with the fire being very bright and illuminating the surrounding area."}, {"ans": [true, false, 1.0], "reasoning": "The image shows a drinking fountain, which is the main object. The water is visible and flowing from the fountain, so it is not missing. The image is clear and well-lit, with no visible distortions or issues that would affect its quality. Therefore, the answer to Question 1 is True, the answer to Question 2 is False, and the quality rating is 1."}, {"ans": [true, true, 0.9], "reasoning": "The image clearly shows a revolver. The trigger guard is not visible as it is obscured by the positioning of the revolver's cylinder and frame. The image is of high quality, with clear details of the revolver."}, {"ans": [true, false, 1.0], "reasoning": "The image is a detailed illustration of a compass rose, which is clearly visible and centered in the image. The compass rose has multiple rings with various markings and symbols, and it is surrounded by ornate decorations. The north arrow is present and visible, pointing towards the top of the image. The image is of high quality, with clear lines and details. Therefore, the answer to Question 1 is True, as the image is showing a compass rose. The answer to Question 2 is False, as the north arrow is not missing or invisible. The quality of the image is rated 1, as it is clear and well-defined."}, {"ans": [true, false, 0.9], "reasoning": "The image depicts a futuristic cityscape with tall skyscrapers, indicating that it is showing skyscrapers. The skyscrapers have visible windows, which are represented by the orange lights on the buildings. Therefore, the windows are not missing or invisible. The image is of high quality, with clear details and a futuristic atmosphere."}, {"ans": [true, true, 0.8], "reasoning": "The image shows a man in a tuxedo standing on a stage, with his right arm raised in a gesture of appreciation or direction. He is surrounded by musicians playing violins, indicating that he is likely a conductor. The man's attire and the setting suggest a formal orchestral performance. The conductor's right hand is empty, and there is no visible baton, suggesting that the baton is either not being used or is not visible in the image. The overall quality of the image is good, with clear details of the conductor and the musicians."}, {"ans": [true, true, 1.0], "reasoning": "The image depicts a soccer field with two white posts at the center, indicating the presence of a soccer goal. The crossbar is not visible, suggesting it is either missing or not visible from the given perspective. The image quality is considered high as it clearly shows the details of the soccer field and the goal posts."}, {"ans": [true, false, 0.9], "reasoning": "The image clearly shows a microscope on a table. The microscope has eyepieces and objective lenses visible, indicating that it is not missing lenses. The presence of the microscope directly answers the first question. For the second question, since the lenses (both eyepieces and objective lenses) are visible, they are not considered missing or not visible. The image is of high quality, with clear details of the microscope and its components, hence a quality rating of 0.9."}]