[{"ans": [true, false, 1.0], "reasoning": "The image clearly shows a sailboat on the water with its sails visible and intact. The sailboat is the main object in the image, and it is depicted in a clear and sharp manner, indicating that it is not missing any key elements related to its identification as a sailboat. The sails are fully visible, so they are not missing or invisible. The image is of high quality, with no visible artifacts, blurring, or other issues that would detract from its clarity."}, {"ans": [true, false, 1.0], "reasoning": "The image clearly shows a red bicycle against a brick wall. The bicycle is intact and has a visible chain connecting the pedals to the rear wheel. There are no visible artifacts, blurring, or other issues that would affect the quality of the image. Therefore, the answer to Question 1 is True because the image is showing a bicycle. The answer to Question 2 is False because the chain is visible and not missing. The quality of the image is rated 1.0 as it is clear and free of defects."}, {"ans": [true, false, 0.95], "reasoning": "The image clearly shows a cat sitting on a windowsill. The cat is visible and appears to be a domestic cat with typical feline features. The whiskers are clearly visible on the cat's face, indicating that they are not missing or invisible. The image is sharp and well-lit, with no noticeable artifacts or distortions that would affect the quality. The only reason for not giving it a perfect score is the slight wear on the windowsill, but this does not detract from the main subject or the overall quality of the image."}, {"ans": [true, true, 0.95], "reasoning": "The image depicts a stone structure with an archway, resembling a castle entrance. The presence of the stone walls and the archway indicates that it is a castle. The gates are not visible, suggesting they are either missing or not visible. The image is clear and well-defined, with no noticeable artifacts or distortions, hence a high quality score."}, {"ans": [true, false, 1.0], "reasoning": "The image clearly depicts a hot-air balloon with a visible basket. The balloon is centered in the frame, and the basket is suspended beneath it, making it evident that the basket is present and visible. The image is of high quality, with clear details and no visible artifacts or distortions."}, {"ans": [true, false, 1.0], "reasoning": "The image clearly shows a turtle with a visible shell. The turtle is centered in the image, and its shell is prominent and well-defined. There are no visible artifacts, blurring, or other issues that would affect the quality of the image."}, {"ans": [true, true, 1.0], "reasoning": "The image is clearly showing a train at a station. The train is silver and has a modern design. The wheels of the train are not visible as they are obscured by the platform and the angle of the shot. The image is sharp and well-lit, with no visible artifacts or distortions. Therefore, the quality of the image is rated as 1.0."}, {"ans": [true, false, 0.95], "reasoning": "The image clearly shows a pair of eyeglasses with lenses. The main object, eyeglasses, is present. The lenses are visible and not missing. The image is of high quality with clear details and no visible artifacts or distortions that would affect the visibility of the main object. The slight decrease in quality score is due to the subtle gradient and shadow effects in the background, but they do not significantly impact the clarity of the eyeglasses."}, {"ans": [true, false, 1.0], "reasoning": "The image clearly shows a fountain pen with a visible nib, indicating that the main object is present. The nib is not missing or invisible; it is clearly visible at the tip of the pen. The image is of high quality, with no visible artifacts, blurring, or other issues that would detract from its clarity."}, {"ans": [true, false, 0.9], "reasoning": "The image clearly shows an umbrella with a canopy, so the answer to the first question is True. The canopy is visible and not missing, so the answer to the second question is False. The image quality is generally good, but there are some minor issues such as the rough texture of the wall and the peeling paint, which slightly detract from the overall quality. However, the main object (the umbrella) is clear and well-defined, so the quality score is 0.9."}, {"ans": [true, false, 1.0], "reasoning": "The image clearly shows an airplane on a runway, with its wings visible on both sides. The presence of the airplane is evident, and the wings are not missing or invisible. The image is of high quality, with no visible artifacts, blurring, or other issues that would affect the assessment."}, {"ans": [true, true, 1.0], "reasoning": "The image is showing a desk lamp. The bulb is missing or not visible as there is a dangling fixture that suggests a bulb was once there but is now absent. The image is clear and well-lit, with no visible artifacts, blurring, or other issues that would detract from its quality."}, {"ans": [true, false, 1.0], "reasoning": "The image clearly shows an electric guitar with its neck intact and visible. The guitar is centered in the image, and its details are sharp and clear, indicating a high-quality image. The neck of the guitar is not missing or invisible; it is clearly visible and attached to the body of the guitar."}, {"ans": [true, false, 1.0], "reasoning": "The image clearly shows a fish swimming in water, with its body and fins visible. The fish is depicted in a realistic manner, with scales and fins that are typical of a real fish. The water around the fish is also well-rendered, with ripples and reflections that give a sense of movement and depth. The image does not appear to be blurry or distorted, and there are no obvious artifacts or unnatural colors. Therefore, the quality of the image is high, and it meets the criteria for both questions. For question 1, the image is showing a fish, so the answer is True. For question 2, the fins are visible, so the answer is False."}, {"ans": [true, false, 1.0], "reasoning": "The image shows a small brick house with a gable roof, chimney, and a field in the background. The house is centered in the image and appears to be a cottage. The roof is visible and intact, so it is not missing. The image is clear and well-lit, with no visible artifacts or distortions. Therefore, the answer to Question 1 is True, the answer to Question 2 is False, and the quality of the image is 1.0."}, {"ans": [true, false, 0.9], "reasoning": "The image is taken from inside a car, showing the dashboard and steering wheel. The windshield is visible, although it's slightly distorted due to the angle of the camera. The presence of a windshield indicates that the car is not missing it. However, the image quality is not perfect, as the rearview mirror and side mirrors are slightly overexposed, appearing as black rectangles. Nonetheless, the main elements of the car's interior are clearly visible, and there are no significant artifacts or distortions that would significantly impact the overall quality. Therefore, the quality score is 0.9."}, {"ans": [true, false, 1.0], "reasoning": "The image is showing a keyboard with a visible spacebar, so the answer to the first question is True. The spacebar is clearly visible, so the answer to the second question is False. The image is clear and of high quality, with no visible artifacts or distortions, so the quality score is 1.0."}, {"ans": [true, false, 0.9], "reasoning": "The image clearly depicts an owl with detailed feathers, perched on a branch against a backdrop of a full moon and night sky. The owl's feathers are not only visible but are rendered in great detail, indicating that they are not missing. The image is of high quality, with clear and vibrant colors, and no visible artifacts or distortions that would detract from the overall clarity of the image. The only reason the quality score is not 1 is due to a slight texture or brushstroke effect visible upon close inspection, suggesting a digital painting or heavily edited photograph."}, {"ans": [true, false, 1.0], "reasoning": "The image shows a book with its pages visible, indicating that it is indeed a book and the pages are not missing. The image is clear and well-defined, with no visible artifacts or distortions, hence the quality score is 1."}, {"ans": [true, false, 0.95], "reasoning": "The image clearly depicts a lighthouse, which is the main object in question. The lighthouse is standing on a rocky outcrop with a cloudy sky in the background. The lamp is visible inside the glass enclosure at the top of the lighthouse, indicating that it is not missing. The image is of high quality with clear details and no visible artifacts or distortions, hence the quality score is 0.95. The presence of the lamp inside the glass enclosure answers the second question, indicating that the lamp is not missing or invisible."}, {"ans": [true, false, 1.0], "reasoning": "The image clearly shows an armchair with visible legs, so the main object is present. The legs are visible, so they are not missing or not visible. The image is clear and of high quality, with no visible artifacts or distortions."}, {"ans": [true, false, 1.0], "reasoning": "The image clearly shows a deer with antlers standing in a forest. The deer is centered and facing the camera, with its antlers visible. The image is sharp and well-lit, with no visible artifacts or distortions. The quality of the image is high, with a score of 1.0. For question 1, the answer is True because the image shows a deer. For question 2, the answer is False because the antlers are visible."}, {"ans": [true, false, 1.0], "reasoning": "The image is showing a white envelope with a flap, and the flap is visible. Therefore, the answer to Question 1 is True. Since the flap is visible, the answer to Question 2 is False. The image is clear and of high quality, with no visible artifacts or distortions, so the quality score is 1."}, {"ans": [true, true, 1.0], "reasoning": "The image is showing a wall clock with a white face and black hands, which is clearly visible on the wall above a wooden mantle. The clock face does not have numbers, only short black lines marking the hours. Therefore, the numbers are missing. The image is clear and of high quality, with no visible artifacts or distortions."}, {"ans": [true, false, 1.0], "reasoning": "The image clearly shows an astronaut wearing a white space suit with red accents and a helmet. The space suit is fully visible, and the helmet is present and visible on the astronaut's head. The image is sharp and clear, with no visible artifacts or distortions that would affect the quality. Therefore, the answer to Question 1 is True because the image is showing a space suit with a helmet. The answer to Question 2 is False because the helmet is not missing; it is clearly visible. The quality of the image is rated 1.0 because it is clear and well-defined, with no noticeable issues."}, {"ans": [true, false, 1.0], "reasoning": "The image clearly shows a windmill in a field, with its blades visible. The presence of the windmill and its blades directly answers both questions. For Question 1, the image is showing a windmill, so the answer is True. For Question 2, the blades are visible, so they are not missing or not visible, making the answer False. The image is clear and of high quality, with no visible artifacts or distortions, so the quality score is 1.0."}, {"ans": [true, true, 0.9], "reasoning": "The image clearly shows a tree without leaves, so the answer to the first question is True. The leaves are not visible, so the answer to the second question is also True. The image quality is high, with clear details of the tree's branches and trunk. The only reason for not giving it a perfect score is the slight overexposure around the sun, but it doesn't significantly impact the overall quality."}, {"ans": [true, true, 1.0], "reasoning": "The image clearly shows a yellow school bus, which is a type of bus, parked in front of a building. The bus is facing left, and its side is visible. The doors of the bus are not visible as the side shown does not include the door area, indicating they are either not present in the visible part of the image or not visible. The image is clear and well-lit, with no visible artifacts, blurring, or other quality issues."}, {"ans": [true, true, 1.0], "reasoning": "The image shows a laptop with its back facing the camera, and the screen is not visible. The laptop is clearly identifiable, so the answer to the first question is True. The screen is not visible, so the answer to the second question is True. The image is clear and well-lit, with no visible artifacts or distortions, so the quality score is 1.0."}, {"ans": [true, true, 1.0], "reasoning": "The image shows a trumpet, which is the main object in the image. The trumpet is clearly visible and appears to be in good condition. The mouthpiece is not visible, as it is not attached to the trumpet. The image is of high quality, with clear details and no visible artifacts or distortions. Therefore, the answer to Question 1 is True, and the answer to Question 2 is True. The quality score is 1."}, {"ans": [true, false, 0.95], "reasoning": "The image clearly shows a robot with a head in a laboratory setting. The robot is white with black mechanical parts visible under its transparent or semi-transparent sections. The head is fully visible and not missing. The image is sharp and well-lit, with a clear view of the robot and its surroundings. The quality of the image is high, with no noticeable artifacts or blurring. Therefore, the answer to Question 1 is True because the image is showing a robot. The answer to Question 2 is False because the head is not missing or not visible; it is clearly visible. The quality score is 0.95, indicating a very high-quality image with only minor potential issues, such as slight blurring in the background, but the main subject is crisp and clear."}, {"ans": [true, false, 1.0], "reasoning": "The image shows a candle with a visible wick on top. The candle is centered and clearly visible, indicating that the main object is present. The wick is also visible, meaning it is not missing or invisible. The image is clear and well-lit, with no visible artifacts or distortions, resulting in a high-quality score of 1.0."}, {"ans": [true, false, 1.0], "reasoning": "The image is showing a pizza with visible cheese. The cheese is melted and spread across the pizza, indicating its presence. The image is clear and well-defined, with no visible artifacts or distortions that would affect the quality. Therefore, the answer to Question 1 is True, and the answer to Question 2 is False. The quality of the image is rated as 1, indicating high quality."}, {"ans": [true, false, 1.0], "reasoning": "The image clearly shows a DSLR camera with a lens attached. The camera is positioned on a wooden table against a plain background, and the image is sharp and well-lit. The lens is visible and appears to be properly attached to the camera body. There are no visible artifacts, blurring, or other issues that would affect the quality of the image. Therefore, the answer to Question 1 is True, and the answer to Question 2 is False. The quality of the image is rated as 1, indicating that it is of high quality."}, {"ans": [true, false, 1.0], "reasoning": "The image clearly shows a grand piano in the foreground of an auditorium. The piano is black with its lid open, and the keys are visible. The image is of high quality with no visible artifacts, blurring, or other issues that would detract from its clarity. The main object, the piano, is clearly visible, and the keys are also visible, indicating they are not missing."}, {"ans": [true, false, 1.0], "reasoning": "The image clearly shows a paintbrush with bristles next to a paint palette. The paintbrush is the main object in the image and is easily identifiable. The bristles are visible and appear to be intact, indicating that they are not missing. The image is of high quality, with clear and sharp details, and there are no visible artifacts or distortions that would affect the visibility of the paintbrush or its bristles. Therefore, the answer to the first question is True, and the answer to the second question is False. The quality of the image is rated as 1."}, {"ans": [true, false, 1.0], "reasoning": "The image clearly shows a watch with a strap, so the answer to the first question is True. The strap is visible and not missing, so the answer to the second question is False. The image is of high quality, with clear details and no visible artifacts or distortions, so the quality score is 1.0."}, {"ans": [true, false, 1.0], "reasoning": "The image clearly shows a person with their mouth open, revealing their tongue. The main object, the mouth, is present. The tongue is visible, so it is not missing or invisible. The image is of high quality, with clear details and no visible artifacts or distortions."}, {"ans": [true, false, 1.0], "reasoning": "The image clearly shows a motorcycle with visible handlebars, so the answer to the first question is True. The handlebars are present and visible, so the answer to the second question is False. The image is of high quality, with clear details and no visible artifacts or distortions, so the quality score is 1."}, {"ans": [true, false, 1.0], "reasoning": "The image clearly shows an old television set on a wooden cabinet. The television has a visible screen, although it appears to be turned off or displaying a blank screen. The image is sharp and well-defined, with no visible artifacts or distortions. The main object, the television, is present and clearly visible. The screen is also visible, so it is not missing or not visible."}, {"ans": [true, false, 0.95], "reasoning": "The image clearly shows a goat standing on a rocky outcrop, with a mountainous background. The goat is white and has horns, which are visible. The image is sharp and well-defined, with good contrast and no visible artifacts or distortions. The quality of the image is high, with a score of 0.95 out of 1. For Question 1, the image is showing a goat, so the answer is True. For Question 2, the horns are visible, so the answer is False."}, {"ans": [true, false, 0.95], "reasoning": "The image shows a red sneaker with white laces, so the main object is present. The laces are visible, so they are not missing. The image is clear and well-lit, with no visible artifacts or distortions, but the quality score is not 1 due to a slight shadow under the sneaker."}, {"ans": [true, false, 1.0], "reasoning": "The image is showing a green frog sitting on a leaf, with its eyes clearly visible. The eyes are not missing or invisible, so the answer to the second question is False. The image is of high quality, with clear details and no visible artifacts or distortions, so the quality score is 1.0."}, {"ans": [true, false, 1.0], "reasoning": "The image is showing a white mug with a blue floral design and a handle on the right side. The mug is placed on a saucer that matches its design. The handle is visible and clearly present. The image is clear and of high quality, with no visible artifacts or distortions. Therefore, the answer to the first question is True because the image is showing a mug. The answer to the second question is False because the handle is not missing or invisible; it is clearly visible on the right side of the mug. The quality of the image is rated as 1.0 because it is clear and well-defined, with no noticeable issues."}, {"ans": [true, false, 1.0], "reasoning": "The image clearly shows a saxophone, so the answer to the first question is True. The keys of the saxophone are visible, so the answer to the second question is False. The image is of high quality, with no visible artifacts, blurring, or other issues, so the quality score is 1."}, {"ans": [true, false, 1.0], "reasoning": "The image clearly shows a skateboard with wheels attached to it. The skateboard is positioned on a brick surface, and all four wheels are visible. The image is clear and well-lit, with no visible artifacts or distortions that would affect the quality. Therefore, the answer to Question 1 is True, as the image is showing a skateboard. The answer to Question 2 is False, as the wheels are not missing or invisible; they are clearly visible. The quality of the image is rated 1.0, as it is clear and free of significant artifacts."}, {"ans": [true, false, 1.0], "reasoning": "The image clearly shows a fedora hat with a brim. The brim is visible and not missing. The image is of high quality, with clear details and no visible artifacts or distortions."}, {"ans": [true, true, 0.95], "reasoning": "The image clearly shows a motorcycle helmet on a table. The visor is not present, as indicated by the open face shield and the absence of a visor. The image is of high quality, with clear details and no visible artifacts or distortions. The only reason for not giving it a perfect score is the slight wear and tear visible on the table, but this does not affect the main subject, the helmet."}, {"ans": [true, true, 1.0], "reasoning": "The image clearly shows a bedframe, which is the main object. The bedframe is ornate and made of wood with golden accents. The mattress is not present, as only the slats are visible. The image is of high quality, with clear details and no visible artifacts or distortions. The quality score is 1.0 because the image is clear and well-rendered."}, {"ans": [true, false, 1.0], "reasoning": "The image shows a clock tower with a visible clock face. The main object, the clock tower, is present and clearly visible. The clock face is also visible, indicating that it is not missing. The image is clear and of high quality, with no visible artifacts or distortions."}, {"ans": [true, false, 1.0], "reasoning": "The image clearly shows a pocket watch with a white face, black Roman numerals, and a gold casing. The watch is positioned on a beige satin fabric. The hands of the watch are visible, indicating the time. The image is sharp and well-defined, with no visible artifacts or distortions. Therefore, the answer to Question 1 is True, as the image is showing a pocket watch. The answer to Question 2 is False, as the hands are visible on the pocket watch. The quality of the image is rated as 1, as it is clear and well-defined with no noticeable issues."}, {"ans": [true, false, 1.0], "reasoning": "The image clearly shows a bicycle, so the answer to the first question is True. The pedals are visible on the bicycle, so the answer to the second question is False. The image is clear and well-defined, with no visible artifacts or distortions, so the quality is rated as 1."}, {"ans": [true, false, 0.9], "reasoning": "The image is a portrait of a woman with visible eyes. The main object, a woman, is clearly depicted, so the answer to the first question is True. Since the eyes are visible, the answer to the second question is False. The image quality is high, with clear details and no visible artifacts or distortions, so the quality score is 0.9."}, {"ans": [true, false, 1.0], "reasoning": "The image clearly shows a grand piano on a stage with its lid open, revealing the interior. The hammers are visible inside the piano, attached to the strings. The image is well-lit and of high quality, with no visible artifacts or distortions. Therefore, the answer to Question 1 is True because the image is showing a grand piano. The answer to Question 2 is False because the hammers are visible from the grand piano. The quality of the image is rated as 1 because it is clear and well-rendered, with no noticeable issues."}, {"ans": [true, false, 1.0], "reasoning": "The image clearly depicts a sailing ship with its sails visible and intact. The main object, the sailing ship, is present in the image, so the answer to the first question is True. Since the sails are visible and not missing, the answer to the second question is False. The image is of high quality, with clear details and no visible artifacts or distortions, so the quality score is 1.0."}, {"ans": [false, false, 1.0], "reasoning": "The image depicts a large tree with a wide canopy and visible leaves, standing in a grassy field. The tree's trunk is thick and gnarled, and its branches are spread out in all directions. The leaves are green and appear to be healthy. The sky above is blue with some clouds. The image is clear and well-defined, with no visible artifacts or distortions. The main object in the image is the tree, which appears to be an oak tree due to its shape and leaf structure. The leaves are visible and not missing. Therefore, the answer to Question 1 is False because the tree is not an oak tree, it's more likely to be an oak tree but the image doesn't show the acorns or lobed leaves that are characteristic of oak trees. The answer to Question 2 is False because the leaves are visible on the tree. The quality of the image is rated as 1.0 because it is clear and well-defined, with no visible artifacts or distortions."}, {"ans": [true, false, 1.0], "reasoning": "The image depicts a stone cottage with a tiled roof and a door, surrounded by trees and vines. The main object, the cottage, is clearly visible. The door is present and visible, so it is not missing. The image is clear and detailed, with no visible artifacts or distortions, indicating a high-quality image."}, {"ans": [true, false, 1.0], "reasoning": "The image clearly shows a passenger jet on a runway. The wings are visible on both sides of the aircraft, so they are not missing or invisible. The image is clear and of high quality, with no visible artifacts or distortions."}, {"ans": [true, true, 1.0], "reasoning": "The image clearly shows a wristwatch with a white face and brown leather strap on a tan leather surface. The watch face has black hands and hour markers but no numbers. Therefore, the answer to Question 1 is True because the image is showing a wristwatch. The answer to Question 2 is True because the numbers are missing from the wristwatch face. The quality of the image is rated 1.0 because it is clear, well-lit, and free of artifacts or distortions."}, {"ans": [true, false, 0.95], "reasoning": "The image is clearly showing a pizza with cheese, sauce, and basil leaves on top. The pizza is centered on a wooden plate, which is placed on a wooden table. The image is well-lit and has a clear view of the pizza, with no visible artifacts or distortions. The cheese is visible and appears to be melted, so it is not missing. The quality of the image is high, with clear details and natural colors, so the quality score is 0.95."}, {"ans": [true, true, 0.9], "reasoning": "The image clearly shows traffic signals hanging above the road. The traffic signals are visible but the lights within them are not illuminated, appearing as dark circles. The image is sharp and clear with no visible artifacts or distortions that would significantly impact the quality. The presence of the traffic signals answers the first question affirmatively. For the second question, the lights within the traffic signals are not visible or illuminated, so they are considered missing. The quality of the image is rated high because it is clear and well-defined, with no major issues."}, {"ans": [true, false, 1.0], "reasoning": "The image clearly shows a skateboard with a rainbow-colored deck and four wheels. The skateboard is positioned on a concrete surface, and the wheels are visible and appear to be intact. The image is well-lit, with clear details of the skateboard and its components. There are no visible artifacts, blurring, or other issues that would affect the quality of the image. Therefore, the answer to Question 1 is True, as the image is showing a skateboard. The answer to Question 2 is False, as the wheels are not missing and are clearly visible. The quality of the image is rated as 1.0, indicating that it is of high quality."}, {"ans": [true, false, 0.95], "reasoning": "The image clearly shows a chessboard with pieces arranged on it, so the answer to the first question is True. The black pieces are visible on the board, so the answer to the second question is False. The image is of high quality, with clear details and no visible artifacts or distortions, so the quality score is 0.95. The only reason it is not 1 is because of the slight texture and shading on the purple background that might be considered a minor imperfection."}, {"ans": [true, true, 1.0], "reasoning": "The image clearly shows a red sports car, specifically a Ferrari convertible, in a well-lit room with a reflective floor. The car's sleek design and vibrant color are prominent. For Question 1, the image is showing a sports car, so the answer is True. For Question 2, the brakes are not visible as the image does not provide a clear view of the brake components, so the answer is True. The image quality is high, with no visible artifacts, blurring, or unnatural colors, so the quality score is 1.0."}, {"ans": [true, true, 1.0], "reasoning": "The image clearly shows a book with blank pages, indicating that it is a book. The text is not visible on the pages, so it is considered missing. The image is of high quality, with clear details and no visible artifacts or distortions."}, {"ans": [true, false, 1.0], "reasoning": "The image clearly shows a computer tower with its side panel removed, revealing the internal components. The fans are visible and illuminated with purple lights, indicating that they are present and not missing. The image is of high quality, with clear details and no visible artifacts or distortions."}, {"ans": [true, false, 1.0], "reasoning": "The image clearly shows a scarecrow standing in a field of wheat. The scarecrow is wearing a red and white plaid shirt, blue jeans, and a straw hat. Its arms are visible and outstretched, holding cornstalks in each hand. The image is sharp and well-lit, with no visible artifacts or distortions. The scarecrow's presence and details are easily discernible, indicating a high-quality image."}, {"ans": [true, true, 0.9], "reasoning": "The image depicts a man in armor, which is consistent with the representation of a knight. The man is wearing full armor, including a helmet and breastplate, and is standing in front of a group of other armored men. The image is clear and well-defined, with good color and no visible artifacts or distortions. However, upon closer inspection, it is noticeable that the knight's sword is not visible, suggesting that it is either missing or not visible. The overall quality of the image is high, with a score of 0.9 out of 1.0."}, {"ans": [true, false, 0.95], "reasoning": "The image clearly shows a teapot with a handle, spout, and lid, which is the main object. The handle is visible on the right side of the teapot. The image is of high quality with clear details and no visible artifacts or distortions. The slight deduction in quality score is due to the background being slightly out of focus, but it does not affect the visibility of the teapot."}, {"ans": [true, false, 1.0], "reasoning": "The image clearly shows a basketball hoop with a net. The main object, the basketball hoop, is present and visible. The net is also visible, attached to the hoop. The image is clear and well-defined, with no visible artifacts or distortions that would affect the quality. Therefore, the answer to Question 1 is True, the answer to Question 2 is False, and the quality of the image is rated as 1."}, {"ans": [true, false, 0.95], "reasoning": "The image depicts a dining table setting with two place settings, each consisting of a plate, silverware, and a napkin. Two glasses are visible at the top of the image. The main object, a dining table, is present. The glasses are clearly visible, so they are not missing. The image is of high quality with no noticeable artifacts or distortions, but the quality score is not 1 due to a slight texture visible on the tablecloth."}, {"ans": [true, true, 1.0], "reasoning": "The image clearly shows a vintage typewriter with a sheet of paper in it, placed on a wooden table. The typewriter is the main object in the image and is easily identifiable. Upon closer inspection, it is evident that the ribbon is not visible, indicating that it is either missing or not visible. The image is of high quality, with clear details and no visible artifacts or distortions."}, {"ans": [true, true, 1.0], "reasoning": "The image shows a winter jacket hanging on a hook against a white wall. The jacket is beige, puffy, and has a fur-lined hood. It is fastened with buttons down the front. There is no visible zipper on the jacket. The image is clear and well-lit, with no visible artifacts or distortions. The main object, the winter jacket, is clearly visible. The zipper is not visible, indicating it is either missing or not visible."}, {"ans": [true, false, 1.0], "reasoning": "The image clearly shows a sunflower with visible seeds in the center. The seeds are not missing or invisible; they are clearly visible as dark brown or black spots on the flower head. The image is of high quality with clear details and natural colors, hence the quality score is 1.0."}, {"ans": [true, false, 1.0], "reasoning": "The image clearly depicts an elephant with its trunk visible and intact. The main object, the elephant, is present and centered in the image. The trunk is not missing or invisible; it is clearly visible and hanging down from the elephant's face. The image is of high quality, with no visible artifacts, blurring, or unnatural colors that would detract from its clarity. The details of the elephant and its surroundings are well-defined, contributing to a quality score of 1.0."}, {"ans": [true, true, 1.0], "reasoning": "The image clearly shows a rowboat floating on a lake. The boat is empty and there are no oars visible inside or outside the boat. The image is sharp and well-lit, with no visible artifacts or distortions. The quality of the image is high, so the quality score is 1.0."}, {"ans": [true, false, 1.0], "reasoning": "The image clearly shows a snowman with a hat, scarf, and buttons, indicating that it is indeed a snowman. The buttons are visible on the snowman's body, so they are not missing. The image is clear and well-defined, with no visible artifacts or distortions, hence the quality is rated as 1."}, {"ans": [true, true, 0.95], "reasoning": "The image is showing a fountain pen on a notebook. The pen is black with gold accents and has a nib visible. The pen's ink reservoir is not visible, suggesting that it might be empty or the ink is not visible. The image is clear and well-lit, with no visible artifacts or distortions. The quality of the image is high, with a score of 0.95 out of 1. The main object, the fountain pen, is clearly visible, so the answer to the first question is True. The ink is not visible in the pen, so the answer to the second question is True."}, {"ans": [true, false, 0.95], "reasoning": "The image clearly shows a paintbrush with visible bristles next to a paint palette. The paintbrush is the main object in the image, and it is intact with its bristles clearly visible. Therefore, for Question 1, the answer is True because the image is showing a paintbrush. For Question 2, the answer is False because the bristles are not missing; they are clearly visible. The image quality is rated 0.95 out of 1 because it is clear and well-lit, with no visible artifacts or distortions that would detract from the visibility of the main object or its details."}, {"ans": [true, true, 0.95], "reasoning": "The image clearly shows a pair of eyeglasses placed on top of some papers. The eyeglasses are visible and appear to be the main object in the image. The temples of the eyeglasses are not visible as they are folded inwards and hidden from view. The image is of high quality, with clear details and no noticeable artifacts or distortions. The quality score is 0.95, indicating a very good image quality."}, {"ans": [true, false, 0.9], "reasoning": "The image clearly shows a person holding an umbrella on a rainy day. The umbrella is visible and appears to be intact, with visible ribs underneath it. The image is well-lit and clear, with no significant artifacts or distortions. The quality of the image is high, with a score of 0.9. The main object, the umbrella, is present, so the answer to the first question is True. The ribs of the umbrella are visible, so the answer to the second question is False."}, {"ans": [true, false, 1.0], "reasoning": "The image is showing a wristwatch with a visible face and hour markers. The hour markers are visible on the watch face, indicating that they are not missing. The image is clear and of high quality, with no visible artifacts or distortions."}, {"ans": [true, false, 1.0], "reasoning": "The image clearly shows a camping tent set up in a grassy field. The tent is visible and appears to be intact with its fabric and structure. The poles are present and are supporting the tent's structure, making them visible. The image is clear and well-lit, with no visible artifacts, blurring, or other issues that would detract from its quality. Therefore, the answer to the first question is True because the image is showing a camping tent. The answer to the second question is False because the poles are visible and supporting the tent. The quality of the image is rated as 1 because it is clear and free of defects."}, {"ans": [true, false, 0.95], "reasoning": "The image is showing a cuckoo clock with weights hanging from it. The weights are visible and appear to be made of pinecones, which is a common design element in traditional cuckoo clocks. The clock itself is intricately carved with various forest-themed decorations, including deer and leaves. The image is clear and well-defined, with no visible artifacts or distortions that would detract from its quality. The only reason the quality score is not 1 is due to the slight shadow on the right side of the clock, which might be considered a minor imperfection."}, {"ans": [true, true, 0.9], "reasoning": "The image shows a smartphone with a reflective screen, displaying black and white stripes. The phone is positioned at an angle, with its bottom edge facing the viewer. The speaker grille is located on the bottom edge of the phone, but it is not clearly visible due to the angle of the image and the reflection on the screen. However, there are several small holes visible on the bottom edge, which could be the speaker grille. Since the speaker grille is not clearly visible, it can be considered as 'not visible'. The image is of high quality, with clear details and no visible artifacts or distortions. Therefore, the answer to Question 1 is True, as the image is showing a smartphone. The answer to Question 2 is also True, as the speaker grille is not clearly visible. The quality of the image is rated as 0.9, indicating a high-quality image with minor imperfections."}, {"ans": [true, true, 0.95], "reasoning": "The image clearly shows a motorcycle facing the camera on a road. The motorcycle is the main object in the image, and it is visible and well-defined. The speedometer is not visible in the image, as it is likely located on the handlebars or dashboard, which are not clearly visible from the front view. The image is of high quality, with clear details and no visible artifacts or distortions. The only reason for a slightly lower quality score is the slight blur in the background, but the main object (the motorcycle) is still very clear."}, {"ans": [true, true, 1.0], "reasoning": "The image clearly shows a violin bow. The bow is positioned diagonally across the image, with the tip pointing towards the top-right corner and the frog towards the bottom-left corner. The bow stick is made of a light-colored wood, and the metal fittings are silver. The hair of the bow is not visible, indicating it is either missing or not visible. The background is a red fabric surface, which appears to be slightly wrinkled. The image is clear and well-lit, with no visible artifacts or distortions. Therefore, the quality of the image is rated as 1."}, {"ans": [true, true, 0.9], "reasoning": "The image depicts a birdcage hanging from a porch ceiling, which is the main object. The birdcage is gold-colored and has a dome-shaped top with bars around it. There is no visible perch inside the cage. The image is clear and well-lit, with a natural background of trees and houses. The quality of the image is high, with no noticeable artifacts or distortions. Therefore, the answer to Question 1 is True because the image shows a birdcage. The answer to Question 2 is True because the perch is not visible inside the birdcage. The quality score is 0.9 because the image is clear and well-lit, but there might be a slight overexposure around the birdcage due to the sunlight."}, {"ans": [true, false, 1.0], "reasoning": "The image depicts a statue of a woman in a classical Greek or Roman style, standing on a pedestal in a colonnade. The statue is fully visible and appears to be in good condition, with no visible damage or deterioration. The head is present and clearly visible, so the answer to the second question is False. The image is of high quality, with clear details and no visible artifacts or distortions, so the quality score is 1.0."}, {"ans": [true, false, 0.95], "reasoning": "The image is showing a teddy bear with a nose, so it satisfies the condition for Question 1. For Question 2, the nose is visible on the teddy bear, so the answer is False. The image is of high quality, clear and well-lit, with no visible artifacts or distortions. The only reason it doesn't get a perfect score is due to a slight texture visible on the teddy bear's fur, which could be considered a minor imperfection."}, {"ans": [true, false, 1.0], "reasoning": "The image clearly shows a pair of white sneakers with laces. The laces are visible and appear to be properly tied. The image is well-lit and the sneakers are centered, making it easy to see the details. There are no visible artifacts, blurring, or other issues that would affect the quality of the image."}, {"ans": [true, false, 0.98], "reasoning": "The image clearly shows a refrigerator with its doors open, revealing the interior. The main object, the refrigerator, is present. The door shelves are visible on the left door, so they are not missing. The image is of high quality, with clear details and no visible artifacts or distortions. The slight deduction in quality score is due to the image being a rendering, which might not perfectly capture the real-world texture and lighting."}, {"ans": [true, false, 0.9], "reasoning": "The image depicts a group of people gathered around a campfire in a forest setting. The campfire is the central focus, with visible flames and sparks rising from it. The presence of the campfire and the people around it indicates that the image is indeed showing a campfire with flames. Therefore, the answer to Question 1 is True. Since the flames are clearly visible, the answer to Question 2 is False. The image quality is generally high, with clear details of the scene, but there might be a slight reduction in quality due to the presence of sparks and smoke, which could be considered a minor artifact. Hence, the quality score is 0.9."}, {"ans": [true, false, 1.0], "reasoning": "The image clearly depicts a drinking fountain, which is the main object. The drinking fountain is shown with water flowing from it, indicating that water is present and visible. The image is of high quality with no visible artifacts, blurring, or other issues that would detract from its clarity."}, {"ans": [true, false, 1.0], "reasoning": "The image clearly shows a revolver, so the answer to the first question is True. The trigger guard is visible around the trigger, so the answer to the second question is False. The image is clear and well-lit, with no visible artifacts or distortions, so the quality score is 1."}, {"ans": [true, false, 0.9], "reasoning": "The image is a detailed illustration of a compass rose, which is clearly visible and centered in the image. The compass rose includes a north arrow, which is also clearly visible. The image is well-drawn and detailed, with intricate designs around the compass rose. The quality of the image is high, with clear lines and shading. However, there are some minor tears and discolorations around the edges, which slightly reduces the quality score to 0.9."}, {"ans": [true, false, 1.0], "reasoning": "The image shows several skyscrapers, which are the main objects in the image. The skyscrapers are visible and appear to be well-defined, indicating that the main object is present. For the second question, the windows are visible on the skyscrapers, especially on the central and right buildings, so they are not missing or invisible. The image is clear and does not show significant artifacts, blurring, or other issues that would decrease its quality. Therefore, the quality is rated as 1."}, {"ans": [true, true, 0.95], "reasoning": "The image depicts a man in a tuxedo standing on a podium with his right hand raised, indicating that he is a conductor. The presence of musicians in the background further supports this interpretation. Therefore, the answer to the first question is True. For the second question, since the conductor's hand is empty and there is no visible baton, the answer is True. The image quality is high, with clear details and no noticeable artifacts or distortions, so the quality score is 0.95."}, {"ans": [true, true, 1.0], "reasoning": "The image shows a soccer field with a goal in the background. The goal is visible, but the crossbar is not clearly visible, suggesting it might be missing or not visible from the given perspective. The image is clear and well-defined, with no visible artifacts or distortions that would affect the quality. Therefore, the quality is rated as 1."}, {"ans": [true, false, 1.0], "reasoning": "The image clearly shows a microscope with its various parts visible, including the eyepieces and objective lenses. The microscope is placed on a table against a plain background, and the image is sharp and well-lit. The lenses are visible and appear to be in place, indicating that they are not missing. The overall quality of the image is high, with no visible artifacts, blurring, or other issues that would detract from its clarity."}]