[{"ans": [true, true, 1.0], "reasoning": "The image shows a sailboat on the water. The main object, a sailboat, is present, so the answer to Question 1 is True. The sails are not visible, so the answer to Question 2 is True. The image is clear and well-defined, with no visible artifacts or distortions, so the quality score is 1.0."}, {"ans": [true, false, 0.9], "reasoning": "The image shows a red tandem bicycle leaning against a brick wall. The bicycle is clearly visible and appears to be in a relatively good condition. The chain is visible and not missing. The image quality is high, with clear details of the bicycle and its surroundings. However, the quality score is not 1 due to minor dirt and wear visible on the bicycle and the wall."}, {"ans": [true, false, 0.95], "reasoning": "The image clearly shows a cat, so the answer to the first question is True. The cat's whiskers are visible, so the answer to the second question is False. The image is of high quality, with clear details and no visible artifacts or distortions, so the quality score is 0.95."}, {"ans": [true, true, 1.0], "reasoning": "The image depicts a large stone structure with a prominent arched entrance, characteristic of a castle. The presence of towers and battlements further supports this identification. The gates are not visible, suggesting they are either missing or not visible within the frame. The image is clear and well-defined, with no visible artifacts or distortions that would detract from its quality."}, {"ans": [true, false, 0.95], "reasoning": "The image clearly shows a hot-air balloon with a visible basket suspended beneath it. The main object, the hot-air balloon, is present, so the answer to the first question is True. The basket is also visible and not missing, so the answer to the second question is False. The image is of high quality, with clear details and no visible artifacts or distortions, hence the quality score is 0.95."}, {"ans": [true, false, 0.9], "reasoning": "The image clearly shows a turtle with a visible shell on a beach. The turtle is centered in the image, and its shell is clearly visible. The image is of good quality, with clear details of the turtle and its surroundings. The only reason for not giving it a perfect score is the slight graininess and texture of the image, but it does not significantly impact the visibility of the main object."}, {"ans": [true, false, 0.9], "reasoning": "The image clearly shows a train at a station, indicating that the main object is indeed a train. The train's wheels are visible under the front carriage, indicating that the wheels are not missing or invisible. The image is of high quality with clear details and no visible artifacts or distortions, though there is a slight decrease in quality due to the image being slightly dark."}, {"ans": [true, false, 1.0], "reasoning": "The image clearly shows a pair of eyeglasses with lenses. The lenses are visible and not missing. The image is sharp and well-lit, with no visible artifacts or distortions that would affect the quality."}, {"ans": [true, false, 1.0], "reasoning": "The image clearly shows a fountain pen with a visible nib. The pen is placed on a piece of paper with a decorative edge, and the nib is pointing towards the bottom left corner of the image. The nib is clearly visible and appears to be made of metal with an engraved design. The overall quality of the image is high, with clear details and no visible artifacts or distortions."}, {"ans": [true, true, 0.9], "reasoning": "The image depicts a metal umbrella frame leaning against a wall, with a chair beside it. The main object in the image is the umbrella frame, which is present. The canopy of the umbrella is missing, as only the metal frame is visible. The image is clear and well-defined, with no visible artifacts or distortions that would affect its quality. Therefore, the quality of the image is rated as 0.9."}, {"ans": [true, false, 1.0], "reasoning": "The image clearly shows a large white airplane on a runway, with its wings visible. The presence of the airplane satisfies the first question. The wings are not missing or invisible; they are clearly visible, which answers the second question. The image is of high quality, with no visible artifacts, blurring, or other issues that would detract from its clarity."}, {"ans": [true, false, 1.0], "reasoning": "The image clearly shows a desk lamp with a brass finish, positioned over an open book on a wooden table. The lamp's design includes an adjustable arm and a shade, and it appears to be in good condition. The bulb is present and visible within the lamp's socket. The image is sharp and well-lit, with no visible artifacts or distortions. Therefore, the main object (desk lamp) is present, and the bulb is not missing or invisible."}, {"ans": [true, false, 1.0], "reasoning": "The image clearly shows an electric guitar with its neck attached and visible. The guitar is hanging on a wall, and the neck is not missing or obscured. The image is sharp and well-lit, with no visible artifacts or distortions that would affect its quality."}, {"ans": [true, false, 0.9], "reasoning": "The image clearly shows a fish lying on a bed of ice, with its body and fins visible. The main object in the image is indeed a fish, so the answer to the first question is True. For the second question, the fins are clearly visible on the fish, so the answer is False. The image is of high quality, with clear details and no visible artifacts or distortions, so the quality score is 0.9."}, {"ans": [true, false, 1.0], "reasoning": "The image clearly shows a cottage with a roof. The cottage is made of brick and has a tiled roof, a door, and windows. The roof is visible and not missing. The image is of high quality with clear details and no visible artifacts or distortions."}, {"ans": [true, true, 0.9], "reasoning": "The image is showing a car, specifically a vintage convertible. The windshield appears to be missing or not visible as the image focuses on the interior and the top is down, making it hard to see the windshield area clearly. The image is of high quality with clear details of the car's interior and surrounding cars, though the focus is on the interior, suggesting a slight decrease in quality due to the angle and focus rather than artifacts or blurring."}, {"ans": [true, false, 0.95], "reasoning": "The image is showing a keyboard with a visible spacebar. The main object, the keyboard, is present. The spacebar is not missing and is clearly visible. The image is of high quality with clear details and no visible artifacts or distortions. The only reason for not giving it a perfect score is the slight shadow and lighting effect around the USB connection, but it doesn't significantly impact the overall quality."}, {"ans": [true, false, 1.0], "reasoning": "The image clearly depicts an owl perched on a tree branch, with its feathers visible and detailed. The owl's plumage is intricately rendered, showing a mix of white, black, and brown feathers. The image is of high quality, with no visible artifacts, blurring, or unnatural colors. The main object, the owl, is prominently displayed, and its feathers are not missing or invisible. Therefore, the answer to Question 1 is True, and the answer to Question 2 is False. The quality of the image is rated as 1.0 due to its clarity and lack of defects."}, {"ans": [true, false, 1.0], "reasoning": "The image shows two books on a wooden table. The book standing upright has its pages visible, and the one lying flat also has its pages visible. Therefore, the main object (a book) is present, and the pages are not missing or not visible."}, {"ans": [true, false, 1.0], "reasoning": "The image is showing a lighthouse with a visible lamp inside the glass enclosure at the top. The lighthouse is clearly identifiable, and the lamp is visible, indicating that it is not missing or invisible. The image is of high quality with no visible artifacts, blurring, or other issues that would affect the assessment."}, {"ans": [true, false, 1.0], "reasoning": "The image clearly shows an armchair with visible legs, so the main object is present. The legs are visible, so they are not missing or not visible. The image is clear and well-lit, with no visible artifacts or distortions, so the quality is high."}, {"ans": [true, true, 0.95], "reasoning": "The image clearly depicts a deer standing in a forest, facing the camera. The deer appears to be without antlers, which are not visible. The image is of high quality, with clear details and natural colors. The only reason the quality score is not 1 is due to a slight softness in the background, likely due to the atmospheric effect of the forest."}, {"ans": [true, false, 1.0], "reasoning": "The image shows a white envelope with its flap closed and visible on the right side. The envelope is centered on a marble surface. The main object, the envelope, is present, so the answer to Question 1 is True. The flap is visible, so it is not missing, making the answer to Question 2 False. The image is clear and well-lit, with no visible artifacts or distortions, so the quality is rated 1.0."}, {"ans": [true, true, 1.0], "reasoning": "The image is showing a wall clock. The clock face is white with black hands, and it is mounted on a wall above a fireplace mantel. The numbers on the clock face are not visible, indicating that they are either missing or not visible. The image is clear and of high quality, with no visible artifacts or distortions."}, {"ans": [true, false, 0.95], "reasoning": "The image clearly depicts an astronaut wearing a white space suit, floating in a swimming pool. The space suit is fully visible and includes a helmet with a gold-tinted visor. The presence of the helmet indicates that it is not missing. The image is of high quality, with clear details and no visible artifacts or distortions that would detract from the overall clarity. The slight ripples in the water and the reflection of light on the surface are natural and do not degrade the image quality."}, {"ans": [true, false, 1.0], "reasoning": "The image clearly shows a windmill with its blades visible, standing in a field of wheat. The windmill is the main object in the image and is easily identifiable. The blades are present and visible, attached to the central axis of the windmill. The image is sharp and clear, with no visible artifacts or distortions that would affect its quality. Therefore, the answer to the first question is True because the image is showing a windmill. The answer to the second question is False because the blades are not missing or invisible; they are clearly visible. The quality of the image is rated 1.0 because it is clear and well-defined, with no noticeable issues."}, {"ans": [true, true, 0.95], "reasoning": "The image clearly depicts a large tree without leaves, standing in a field with other similar trees in the background. The main object, a tree, is present, so the answer to the first question is True. The leaves are not visible on the tree, so the answer to the second question is also True. The image is of high quality, with clear details and no visible artifacts or distortions, hence the quality score is 0.95."}, {"ans": [true, true, 1.0], "reasoning": "The image is showing a yellow school bus parked in a parking lot. The bus is facing left, and its side is visible. The doors of the bus are not visible as they are on the opposite side. The image is clear and well-lit, with no visible artifacts or distortions. Therefore, the answer to Question 1 is True as the image is showing a bus. The answer to Question 2 is True because the doors are not visible. The quality of the image is rated as 1.0 because it is clear and well-lit, with no visible issues."}, {"ans": [true, false, 1.0], "reasoning": "The image shows a laptop with its screen visible, albeit blank. The laptop is clearly identifiable, and the screen is present and visible, though it is not displaying any content. The image is clear and well-lit, with no visible artifacts or distortions that would detract from its quality."}, {"ans": [true, true, 0.95], "reasoning": "The image clearly shows a trumpet, which is the main object. The trumpet is lying on a red velvet surface, and its overall shape and components are visible. The mouthpiece is not visible, indicating it is either missing or not attached. The image is of high quality, with clear details of the trumpet and its surroundings. There are no visible artifacts, blurring, or other issues that would decrease the quality score. The score is 0.95 because the image is very clear and well-lit."}, {"ans": [true, false, 0.95], "reasoning": "The image clearly shows a robot with a visible head in a laboratory setting. The robot is white with black accents and has various wires and mechanical parts exposed. The head is present and clearly visible, so the answer to the second question is False. The image is of high quality, with clear details and no visible artifacts or distortions, hence the quality score is 0.95. The slight deduction is due to minor blurring in the background, but it does not affect the main subject."}, {"ans": [true, true, 1.0], "reasoning": "The image shows a candle on a silver platter. The candle is white and cylindrical, and it appears to be made of wax. The top of the candle is not visible in the image. The wick is not visible, suggesting it might be missing or not visible due to the angle of the photo. The image is clear and well-lit, with no visible artifacts or distortions. Therefore, the answer to Question 1 is True because the image is showing a candle. The answer to Question 2 is True because the wick is not visible. The quality of the image is rated 1.0 because it is clear and well-lit, with no visible issues."}, {"ans": [true, false, 0.95], "reasoning": "The image is showing a pizza with a thick crust, tomato sauce, cherry tomatoes, basil leaves, and what appears to be garlic or cheese bubbles around the edges. The main object in the image is a pizza, so the answer to the first question is True. The pizza appears to have cheese, as evidenced by the bubbly texture around the edges and the presence of what seems to be melted cheese or garlic. Therefore, the answer to the second question is False because the cheese is visible. The image is clear and well-defined, with no visible artifacts, blurring, or other issues that would detract from its quality. The only reason it is not rated 1 is due to the slight presence of noise or grain, hence the quality score is 0.95."}, {"ans": [true, false, 0.95], "reasoning": "The image shows a DSLR camera body with a lens partially attached, as indicated by the visible lens mount and the presence of a lens below it, suggesting it might be detached or in the process of being attached. The camera body is clearly visible and appears to be the main subject. The lens is not fully attached but is visible in the image, hence not considered missing. The image quality is high, with clear details and no visible artifacts or distortions."}, {"ans": [true, false, 1.0], "reasoning": "The image clearly shows a grand piano on a stage in an auditorium. The piano is visible and appears to be in good condition. The keys of the piano are visible, so they are not missing or invisible. The image is well-lit and of high quality, with no visible artifacts or distortions. Therefore, the answer to the first question is True, the answer to the second question is False, and the quality of the image is rated as 1."}, {"ans": [true, false, 0.95], "reasoning": "The image clearly shows a paintbrush with visible bristles. The brush is placed on a canvas with paint splatters, and the bristles are clearly visible, indicating that they are not missing. The image is of high quality, with clear details and no visible artifacts or distortions. The quality score is 0.95 because the image is very clear and well-lit, with no noticeable issues."}, {"ans": [true, true, 0.95], "reasoning": "The image clearly shows a watch with a black face and silver body, resting on a speckled surface. The watch is visible and appears to be the main object in the image. The strap of the watch is not visible as it is obscured by the watch body and the surface it is resting on. The image is of high quality with clear details and no visible artifacts or distortions. The quality score is 0.95 because the image is sharp and well-lit, with no noticeable issues."}, {"ans": [true, false, 0.95], "reasoning": "The image clearly shows a man in a dentist's chair with his mouth open, displaying his teeth. The mouth is the main object in the image, and it is visible. Therefore, the answer to Question 1 is True. The tongue is also visible inside the mouth, so it is not missing or invisible, making the answer to Question 2 False. The image is of high quality, with clear details and no visible artifacts or distortions, so the quality score is 0.95."}, {"ans": [true, false, 0.9], "reasoning": "The image clearly shows a motorcycle, so the answer to the first question is True. The handlebars are visible in the image, so the answer to the second question is False. The image is well-rendered and clear, with no visible artifacts or blurring that would significantly impact the quality. However, the quality score is not 1 because the image appears to be a digital rendering rather than a photograph, which might slightly affect its realism. Nonetheless, the rendering is of high quality, hence the score of 0.9."}, {"ans": [true, false, 0.9], "reasoning": "The image clearly shows a vintage television set with a visible screen, although the screen is not turned on. The television is housed in a wooden cabinet with the lower panel open, revealing the internal components. The presence of the screen, albeit not active, confirms that the television is indeed present. Therefore, the answer to the first question is True. For the second question, since the screen is visible, albeit not displaying any content, it is not considered missing or not visible. Hence, the answer is False. The image quality is rated 0.9 because it is clear and well-defined, with no noticeable artifacts or distortions that would significantly impact the visibility of the main object, the television."}, {"ans": [true, false, 1.0], "reasoning": "The image is showing a white goat with horns standing on a rocky outcrop. The goat is clearly visible and the horns are present and visible. The image is clear and of high quality, with no visible artifacts or distortions."}, {"ans": [true, false, 1.0], "reasoning": "The image is showing a red sneaker with white laces. The laces are visible and not missing. The image is clear and of high quality, with no visible artifacts or distortions."}, {"ans": [true, false, 1.0], "reasoning": "The image clearly shows a frog sitting on a lily pad in the water. The frog's eyes are visible and clearly defined, indicating that they are not missing. The image is sharp and well-defined, with no visible artifacts or distortions that would detract from its quality. Therefore, the answer to the first question is True because the image is showing a frog. The answer to the second question is False because the eyes are visible. The quality of the image is rated as 1 because it is clear and well-defined, with no visible issues."}, {"ans": [true, false, 1.0], "reasoning": "The image clearly shows a mug with a handle, so the answer to the first question is True. The handle is visible, so the answer to the second question is False. The image is of high quality, with clear details and no visible artifacts or distortions, so the quality score is 1.0."}, {"ans": [true, false, 1.0], "reasoning": "The image clearly shows a saxophone with its keys visible. The saxophone is the main object in the image, and it is well-lit and in focus. The keys are also clearly visible, so they are not missing or invisible. The image is of high quality with no visible artifacts, blurring, or other issues that would detract from its clarity."}, {"ans": [true, false, 0.95], "reasoning": "The image clearly shows a skateboard with wheels. The skateboard is positioned on some bricks, and its underside is visible, displaying two yellow wheels and silver trucks. The presence of the wheels indicates that they are not missing. The image is sharp and well-lit, with no visible artifacts or distortions that would detract from its quality. The slight discoloration and texture of the bricks and road surface appear natural and do not significantly impact the overall quality."}, {"ans": [true, false, 1.0], "reasoning": "The image shows a black fedora hat on a stand. The hat has a visible brim, which is a key characteristic of a fedora. The brim is clearly visible and not missing or obscured. The image is of high quality, with clear details and no visible artifacts or distortions."}, {"ans": [true, false, 0.95], "reasoning": "The image clearly shows a motorcycle helmet on a workbench. The helmet has a visor that is partially open, indicating it is present and not missing. The image is well-lit and in focus, with clear details of the helmet and its surroundings. The quality of the image is high, with no visible artifacts or distortions that would detract from its clarity. Therefore, the answer to Question 1 is True because the image is showing a motorcycle helmet. The answer to Question 2 is False because the visor is visible and not missing. The quality score is 0.95, reflecting the high clarity and detail of the image, with a slight deduction for the minor wear and tear visible on the workbench."}, {"ans": [true, true, 1.0], "reasoning": "The image shows a bedframe without a mattress. The bedframe is the main object and is clearly visible, so the answer to the first question is True. The mattress is not visible, so the answer to the second question is True. The image is of high quality, with clear details and no visible artifacts or distortions, so the quality score is 1.0."}, {"ans": [true, false, 0.95], "reasoning": "The image is showing a clock tower, which is the main object. The clock face is visible on the tower, so it is not missing. The image is clear and well-defined, with no visible artifacts or distortions that would affect its quality. The quality score is 0.95 because the image is very clear and well-lit, with no noticeable issues."}, {"ans": [true, false, 0.95], "reasoning": "The image is clearly showing a pocket watch with its cover open, revealing the inner workings and the hands of the watch. The hands are visible, so they are not missing or invisible. The image is of high quality, with clear details and no visible artifacts or distortions. The only reason it doesn't get a perfect score is due to the slight shadowing and reflection on the satin background, which could be considered a minor quality issue."}, {"ans": [true, false, 1.0], "reasoning": "The image clearly shows a red bicycle leaning against a stone wall. The bicycle is fully visible, and its components, including the pedals, are clearly discernible. The pedals are attached to the crankset and are visible on the left side of the bicycle. The image is sharp and well-lit, with no visible artifacts or distortions that would affect the quality. Therefore, the answer to Question 1 is True because the image is showing a bicycle. The answer to Question 2 is False because the pedals are visible and not missing. The quality of the image is rated 1 because it is clear and well-defined, with no noticeable issues."}, {"ans": [true, false, 0.9], "reasoning": "The image shows a portrait of a woman with her eyes visible, so the answer to the first question is True. Since the eyes are visible, the answer to the second question is False. The quality of the image is rated 0.9 because it is clear and well-defined, with no visible artifacts or distortions that would significantly impact the perception of the main object, the portrait of the woman."}, {"ans": [true, false, 1.0], "reasoning": "The image clearly shows a grand piano on a stage with spotlights shining down. The lid of the piano is open, revealing the internal mechanisms, including the hammers, which are visible. Therefore, the answer to the first question is True because the image is showing a grand piano. The answer to the second question is False because the hammers are visible inside the piano. The quality of the image is rated 1.0 because it is clear, well-lit, and free of artifacts or distortions."}, {"ans": [true, true, 0.95], "reasoning": "The image depicts a sailing ship with two masts and rigging, but there are no sails visible. The ship is shown in the middle of the ocean, with waves around it and a clear sky above. The image is of high quality, with clear details and no visible artifacts or distortions. The sailing ship is the main object in the image, and it is clearly visible. Therefore, the answer to Question 1 is True. The sails are not visible, so the answer to Question 2 is True. The quality of the image is rated 0.95 out of 1, as it is a clear and well-rendered image with no noticeable issues."}, {"ans": [true, false, 1.0], "reasoning": "The image shows a large tree with a wide canopy and visible roots, set against a blue sky with clouds. The tree appears to be an oak tree, as indicated by its broad leaves and sturdy branches. The leaves are clearly visible on the tree, covering its branches. The image is of high quality, with clear details and natural colors."}, {"ans": [true, true, 0.9], "reasoning": "The image depicts a stone cottage with a steeply pitched roof and chimneys, surrounded by trees and foliage. The cottage is the main object in the image. For Question 1, the image is showing a cottage, so the answer is True. For Question 2, the door is not visible as it is covered by vines, so the answer is True. The quality of the image is high, with clear details and no visible artifacts or distortions, so the quality score is 0.9."}, {"ans": [true, false, 1.0], "reasoning": "The image clearly shows a passenger jet on a runway. The wings are visible on both sides of the aircraft, indicating that they are not missing. The image is of high quality, with clear details and no visible artifacts or distortions."}, {"ans": [true, true, 0.95], "reasoning": "The image shows a wristwatch with a white face and brown leather strap on a leather tray. The watch face does not have any numbers visible. The image is clear and well-lit, with no visible artifacts or distortions. The quality of the image is high, with a score of 0.95 out of 1. The main object, the wristwatch, is clearly visible and centered in the image. The numbers on the watch face are not visible, so the answer to the second question is true."}, {"ans": [true, true, 0.95], "reasoning": "The image shows a pizza with a red sauce base, topped with green basil leaves and having a crust with black olives. The crust appears to be cooked and has a golden-brown color. There is no visible cheese on the pizza. The image is clear and well-defined, with no visible artifacts or blurring. The quality of the image is high, with a score of 0.95 out of 1. For question 1, the image is showing a pizza, so the answer is True. For question 2, the cheese is not visible on the pizza, so the answer is True."}, {"ans": [true, false, 0.9], "reasoning": "The image clearly shows traffic signals, with one of them displaying a red light. The presence of traffic signals is evident, answering the first question affirmatively. For the second question, the lights are visible on the traffic signals, with the middle signal showing a red light, so the answer is false. The image quality is generally high, with clear details of the scene, but the strong sunlight and lens flare slightly reduce the quality, hence a score of 0.9."}, {"ans": [true, false, 1.0], "reasoning": "The image clearly shows a skateboard with wheels attached to it. The skateboard is positioned on a concrete surface, and its colorful deck and yellow wheels are visible. Since the wheels are clearly visible, the answer to the second question is False. The image is of high quality, with clear details and no visible artifacts or distortions, so the quality score is 1."}, {"ans": [true, true, 0.95], "reasoning": "The image is showing a chessboard with white pieces on it, but the black pieces are missing. The chessboard is clearly visible and the main object of the image. The black pieces are not visible on the board, they are supposed to be on the top part of the image, but only white pieces are seen. The image is of high quality, with clear details and no visible artifacts or distortions, so the quality score is 0.95."}, {"ans": [true, true, 0.95], "reasoning": "The image is showing a red Ferrari sports car, which is the main object. The car is displayed in a showroom with a reflective floor and a luxurious background. The brakes are not visible as the wheels are covering them, so they are considered missing or not visible. The image is of high quality with clear details and no noticeable artifacts or distortions. The slight deduction in quality score is due to the reflection on the car's surface and the floor, which might be considered a minor issue."}, {"ans": [true, true, 0.9], "reasoning": "The image shows an open book on a wooden table. The pages are blank and do not contain any text. The image is clear and well-lit, with no visible artifacts or distortions. The quality of the image is high, with a score of 0.9. The main object, the book, is present, so the answer to the first question is True. The text is missing from the book, so the answer to the second question is also True."}, {"ans": [true, false, 1.0], "reasoning": "The image clearly shows a computer tower with visible internal components, including fans. The main object, the computer tower, is present. The fans are visible, so they are not missing or invisible. The image is of high quality with no visible artifacts, blurring, or other issues that would decrease its quality score."}, {"ans": [true, true, 0.95], "reasoning": "The image clearly depicts a scarecrow in a wheat field, confirming the presence of the main object. The scarecrow is made of straw and is dressed in a plaid shirt, with a hat on its head. However, upon closer inspection, it is evident that the scarecrow does not have visible arms, as the shirt sleeves are hanging empty. The image is of high quality, with clear details and no visible artifacts or distortions. The quality score is 0.95, indicating a very good image quality."}, {"ans": [true, false, 0.9], "reasoning": "The image depicts a man in armor, which is consistent with the depiction of a knight. The presence of armor and the context suggest that the individual is a knight. The sword is visible on the knight's back, indicating that it is not missing. The image is of high quality with detailed rendering of the armor and the background, though there might be some minor artifacts or slight blurring upon close inspection, hence a quality score of 0.9."}, {"ans": [true, false, 1.0], "reasoning": "The image clearly shows a teapot with a handle, spout, and lid, placed on a bamboo tray. The teapot is white with a floral design. The handle is visible and clearly attached to the teapot, so it is not missing. The image is sharp and well-lit, with no visible artifacts or distortions, indicating high quality."}, {"ans": [true, false, 1.0], "reasoning": "The image clearly shows a basketball hoop with a net. The net is visible and attached to the hoop. The image is clear and well-defined, showing no significant artifacts, blurring, or other quality issues. Therefore, the answer to Question 1 is True because the image is showing a basketball hoop. The answer to Question 2 is False because the net is not missing; it is visible. The quality of the image is rated as 1 because it is clear and shows the main object and its details without any issues."}, {"ans": [true, false, 0.9], "reasoning": "The image is showing a dining table set with plates, cutlery, and glasses. The main object, a dining table, is present. The glasses are visible on the table, so they are not missing. The image quality is high, with clear details of the table setting, but there is a slight decrease in quality due to minor shadowing and slight wrinkling of the tablecloth, hence a score of 0.9."}, {"ans": [true, true, 0.95], "reasoning": "The image clearly shows a vintage typewriter on a wooden desk, with a sheet of paper in it. The typewriter appears to be without a ribbon, as there is no visible ribbon in the machine. A spool of ribbon is visible to the right of the typewriter, suggesting that the ribbon might have been removed or is being stored. The image is sharp and well-lit, with good color representation. There are no noticeable artifacts, blurring, or other issues that would detract from the quality. Therefore, the main object (typewriter) is present, and the ribbon is either missing or not visible, making the answers True for both questions. The quality of the image is rated 0.95 due to its clarity and lack of noticeable defects."}, {"ans": [true, true, 1.0], "reasoning": "The image shows a winter jacket hanging on a coat rack. The jacket is a long, puffy, cream-colored coat with a fur-lined hood. It is fastened with buttons down the front. There is no visible zipper on the jacket. The image is clear and well-lit, with no visible artifacts or distortions. The main object, the winter jacket, is clearly visible. The zipper is not visible, indicating it is either missing or not visible."}, {"ans": [true, false, 0.9], "reasoning": "The image clearly shows a sunflower with its face directly towards the camera. The seeds are visible on the flower head, arranged in a spiral pattern. The image is sharp and well-lit, with natural colors and no visible artifacts or distortions. The quality is high, with a score of 0.9, deducting 0.1 for slight overexposure around the flower head."}, {"ans": [true, false, 0.95], "reasoning": "The image clearly shows an elephant with a trunk, so the answer to the first question is True. The trunk is visible, so the answer to the second question is False. The image is of high quality, with clear details and no noticeable artifacts or distortions, so the quality score is 0.95."}, {"ans": [true, true, 1.0], "reasoning": "The image clearly shows a rowboat floating on a lake, with its bow facing the camera. The boat is white with a brown trim and has a wooden seat inside. There are no oars visible in the boat or around it. The image is sharp and well-lit, with no visible artifacts or distortions. Therefore, the answer to Question 1 is True because the image is showing a rowboat. The answer to Question 2 is True because the oars are not visible in the image. The quality of the image is rated as 1.0 because it is clear and well-defined, with no noticeable issues."}, {"ans": [true, true, 0.95], "reasoning": "The image clearly shows a snowman, which is the main object. The snowman is wearing a hat and scarf, and has a carrot nose and coal eyes. However, it does not have visible buttons on its body. The image is of high quality, with clear details and no noticeable artifacts or distortions. The quality score is 0.95 because the image is clear and well-defined, with no significant issues."}, {"ans": [true, false, 1.0], "reasoning": "The image clearly shows a fountain pen on a stand above a notebook. The pen is red with gold accents and has a nib. The ink reservoir is visible and appears to be filled with ink, as indicated by the reflection on the pen's body and the presence of a small amount of ink on the nib. Therefore, the ink is not missing or invisible. The image is of high quality, with clear details and no visible artifacts or distortions."}, {"ans": [true, true, 0.9], "reasoning": "The image shows a paintbrush with a wooden handle and a metal ferrule, but the bristles are not visible as they appear to be missing. The presence of the paintbrush is clear, so the answer to the first question is True. The bristles are not visible, so the answer to the second question is True. The image quality is high, with clear details of the paintbrush and surrounding objects, so the quality score is 0.9."}, {"ans": [true, false, 0.95], "reasoning": "The image clearly shows a pair of eyeglasses with temples on top of a stack of papers. The glasses are in sharp focus, and there are no visible artifacts or distortions that would detract from the image quality. The temples are visible, so they are not missing or invisible. The image is well-lit and has a natural color palette. The quality score is 0.95 because the image is very clear and well-composed, with only a slight decrease due to the slight shadowing on the surface."}, {"ans": [true, false, 0.9], "reasoning": "The image clearly shows a person holding an umbrella on a rainy day. The umbrella is visible and appears to be intact, with its shape and structure indicating the presence of ribs underneath the fabric. The ribs are not directly visible but can be inferred from the umbrella's appearance. The image is of high quality, with clear details of the scene, although there is a slight glare from the light, which slightly reduces the quality score."}, {"ans": [true, false, 0.95], "reasoning": "The image is showing a wristwatch with a gold case and brown leather strap. The watch face is visible and has a skeleton design, showing the inner workings. The hour markers are visible on the outer rim of the watch face, indicating the hours. The image is clear and well-lit, with no visible artifacts or distortions. The quality of the image is high, with a score of 0.95 out of 1. The watch is displayed in a glass dome, which is slightly reflective but does not affect the visibility of the watch. Therefore, the answer to Question 1 is True, as the image is showing a wristwatch. The answer to Question 2 is False, as the hour markers are visible on the watch face. The quality score is 0.95, as the image is clear and well-lit, but has a slight reflection on the glass dome."}, {"ans": [true, false, 1.0], "reasoning": "The image clearly shows a camping tent with its poles in place, standing on a grassy field. The tent is beige and has a black mesh door and window, with ropes securing it to the ground. The presence of the poles is evident as they are visible and holding the tent upright. The image is of high quality, with clear details and no visible artifacts or distortions."}, {"ans": [true, false, 1.0], "reasoning": "The image shows a cuckoo clock with intricate carvings and decorations, including deer figures and a clock face. The weights are visible hanging below the clock, so they are not missing or invisible. The image is clear and well-defined, with no visible artifacts or distortions, indicating a high-quality image."}, {"ans": [true, true, 0.9], "reasoning": "The image is showing a smartphone with its screen facing upwards. The phone's screen is on and displaying a white background with a green battery icon in the bottom left corner. The phone's bottom edge is visible, showing several small holes which could be speaker grilles, but they are not clearly visible as such. The phone is placed on a gray surface, possibly a table, with natural light casting shadows on it. The image is clear and well-lit, with no visible artifacts or distortions that would significantly impact its quality. The speaker grille is not clearly visible from the given angle, so it is considered missing or not visible."}, {"ans": [true, false, 0.9], "reasoning": "The image clearly shows a motorcycle on a dirt road. The motorcycle is facing the camera, and its front features are visible, including a round speedometer. The presence of the speedometer indicates that it is not missing. The image is sharp and well-defined, with clear details of the motorcycle and its surroundings. The quality of the image is high, with no noticeable artifacts or blurring that would detract from the visibility of the motorcycle or its components."}, {"ans": [true, false, 1.0], "reasoning": "The image shows a violin and its bow. The bow is clearly visible and appears to have hair on it, as indicated by the white strands between the bow stick and the frog. Therefore, for Question 1, the answer is True because the image is showing a violin bow. For Question 2, the answer is False because the hair is visible on the bow. The image quality is rated 1.0 because it is clear and shows the details of the violin and bow without any visible artifacts or distortions."}, {"ans": [true, true, 0.9], "reasoning": "The image depicts a large, ornate gold birdcage hanging from the ceiling of a porch. The birdcage is the main object in the image and is clearly visible, answering the first question as True. Upon closer inspection, it is evident that there is no visible perch within the birdcage, thus answering the second question as True. The image quality is rated 0.9 due to the slight overexposure and glow around the birdcage caused by the sunlight, but overall, the details are clear and there are no significant artifacts or distortions."}, {"ans": [true, false, 0.95], "reasoning": "The image shows a statue of a woman in a classical style, standing on a marble pedestal in a hallway with columns. The statue is intact and has a head, which is visible and clearly depicted. The image is of high quality, with clear details and no visible artifacts or distortions. The quality score is 0.95 because the image is very clear and well-rendered, with no noticeable issues."}, {"ans": [true, false, 1.0], "reasoning": "The image shows a teddy bear with a visible nose, so the main object is present and the nose is not missing. The image is clear and of high quality, with no visible artifacts or distortions."}, {"ans": [true, false, 1.0], "reasoning": "The image clearly shows a pair of sneakers, specifically high-top Converse-style shoes, with white laces. The sneakers are positioned on a black mat in front of a door. The laces are visible and appear to be properly tied. The image is sharp and well-lit, with no visible artifacts or distortions that would affect the quality. Therefore, the main object (sneakers) is present, and the laces are not missing or invisible."}, {"ans": [true, false, 1.0], "reasoning": "The image clearly shows a refrigerator with its door open, revealing the interior. The main object, the refrigerator, is present and visible. The door shelves are also visible on the inside of the refrigerator door, so they are not missing or invisible. The image is of high quality, with clear details and no visible artifacts or distortions."}, {"ans": [true, false, 0.9], "reasoning": "The image depicts a group of young women gathered around a campfire in a wooded area. The campfire is the central focus, with visible flames and sparks. The presence of the campfire and the women around it indicates that the image is indeed showing a campfire with flames. Therefore, the answer to Question 1 is True. For Question 2, since the flames are clearly visible, the answer is False. The image quality is rated 0.9 because it is clear and well-lit, with no noticeable artifacts or distortions that detract from the overall scene."}, {"ans": [true, false, 1.0], "reasoning": "The image clearly shows a drinking fountain with water flowing from it, indicating that the main object is present. The water is visible and flowing, so it is not missing. The image is of high quality, with clear details and no visible artifacts or distortions."}, {"ans": [true, false, 1.0], "reasoning": "The image clearly shows a revolver, which is the main object in the image. The revolver has a visible trigger guard, so the answer to the second question is False. The image is of high quality, with clear details and no visible artifacts or distortions."}, {"ans": [true, false, 0.9], "reasoning": "The image is a detailed illustration of a compass rose, which is the main object. The compass rose is intricately designed with various elements, including a north arrow, which is clearly visible. The image is of high quality, with clear lines and details, although it has a slightly aged, parchment-like appearance that might suggest some wear. However, the wear does not significantly impact the visibility of the main elements. The north arrow is present and visible, indicating direction."}, {"ans": [true, false, 0.9], "reasoning": "The image depicts a futuristic cityscape with tall skyscrapers, indicating that it is showing skyscrapers. The skyscrapers have visible windows, some of which are lit up, so the windows are not missing or not visible. The image is of high quality, with clear details and vibrant colors, but the quality score is slightly decreased to 0.9 due to the presence of some minor artifacts and unnatural lighting effects."}, {"ans": [true, true, 1.0], "reasoning": "The image shows a conductor standing on a podium with his right hand raised and his left hand open, indicating that he is leading an orchestra. The presence of musicians playing instruments around him confirms that he is a conductor. Therefore, the answer to Question 1 is True. The conductor's right hand is empty and open, and there is no visible baton in either hand, so the baton is either missing or not visible. Thus, the answer to Question 2 is True. The image is clear and well-lit, with no visible artifacts or distortions, so the quality score is 1."}, {"ans": [false, true, 1.0], "reasoning": "The image depicts a soccer field with white lines, but there is no visible soccer goal. Therefore, the answer to the first question is False. Since there is no soccer goal present in the image, the crossbar is also not visible, making the answer to the second question True. The image quality is high, with clear and sharp details, so the quality score is 1."}, {"ans": [true, false, 1.0], "reasoning": "The image clearly shows a microscope on a table. The microscope is a complex device with multiple lenses visible, indicating that it is not missing lenses. The image is sharp and well-lit, with no visible artifacts or distortions. The quality of the image is high, with a clear view of the microscope and its components."}]