[{"ans": [true, true, 1.0], "reasoning": "The image shows a sailboat in the water. The sailboat has a mast and rigging, but the sails are not visible, they appear to be furled or not deployed. The image is clear and well-lit, with no visible artifacts or distortions. The sailboat is centered in the image, and the surrounding water and sky are also clearly visible."}, {"ans": [true, false, 0.9], "reasoning": "The image is showing a red bicycle against a brick wall. The bicycle is clearly visible and appears to be in a relatively good condition, although there are some signs of wear and tear. The chain of the bicycle is visible, so it is not missing. The image is clear and well-lit, with no noticeable artifacts or distortions. The quality of the image is high, with a score of 0.9 out of 1. The only reason for not giving it a perfect score is the presence of some minor debris on the ground and the slight weathering of the bicycle, but these do not detract significantly from the overall quality of the image."}, {"ans": [true, false, 1.0], "reasoning": "The image clearly shows a gray cat sitting on a windowsill. The cat is well-defined and centered in the image, indicating that it is the main object. The whiskers of the cat are visible, which means they are not missing or invisible. The image is sharp and clear, with no visible artifacts, blurring, or other issues that would detract from its quality. Therefore, the answer to Question 1 is True because the image is showing a cat. The answer to Question 2 is False because the whiskers are visible. The quality of the image is rated 1.0 because it is clear and well-defined, with no noticeable issues."}, {"ans": [true, true, 1.0], "reasoning": "The image depicts a large, ancient stone structure with a prominent arched entrance, characteristic of a castle. The presence of the castle is evident, fulfilling the first question's condition. Upon closer inspection, it is clear that there are no visible gates at the entrance or anywhere else in the image, addressing the second question. The image is of high quality, with clear details and no visible artifacts or distortions that would detract from its quality."}, {"ans": [true, false, 1.0], "reasoning": "The image clearly depicts a hot-air balloon with a visible basket. The balloon is the main object in the image, and it is centered and prominently displayed. The basket is also visible, hanging below the balloon. The image is of high quality, with no visible artifacts, blurring, or other issues that would detract from the overall clarity of the image. Therefore, the answer to the first question is True, and the answer to the second question is False, as the basket is visible. The quality of the image is rated as 1, indicating that it is of high quality."}, {"ans": [true, false, 0.9], "reasoning": "The image clearly shows a turtle with a visible shell. The turtle is centered in the image, and its shell is clearly visible on its back. The image is well-lit and in focus, with good color representation. The only reason the quality score is not 1 is because of slight overexposure on parts of the turtle's shell and the sand."}, {"ans": [true, false, 0.95], "reasoning": "The image clearly shows a train at a station, so the answer to the first question is True. The wheels of the train are visible, so the answer to the second question is False. The image is of high quality, with clear details and no noticeable artifacts or distortions, so the quality score is 0.95. The only reason for not giving it a perfect score is the slight presence of shadows and the dirt on the tracks, but these do not significantly impact the overall clarity of the image."}, {"ans": [true, false, 0.95], "reasoning": "The image clearly shows a pair of eyeglasses with lenses. The main object, eyeglasses, is present. The lenses are visible and not missing. The image quality is high, with clear details and no visible artifacts or distortions. The slight deduction in quality score is due to the reflection on the surface, which is not a significant issue."}, {"ans": [true, false, 0.95], "reasoning": "The image clearly shows a fountain pen with a visible nib, so the answer to Question 1 is True. Since the nib is visible, the answer to Question 2 is False. The image is of high quality, with clear details and no visible artifacts or distortions, so the quality score is 0.95. The slight deduction is due to the aged paper texture which might be considered a minor imperfection."}, {"ans": [false, false, 1.0], "reasoning": "The image depicts a bicycle with a broken wheel and a chair. The main object in the image is not an umbrella, so the answer to the first question is False. The canopy is not present in the image, but the question is asking about an umbrella, which is not the main object. However, if we consider the bicycle as a potential umbrella stand or related object, the canopy is still not visible or missing because there is no umbrella. Thus, the answer to the second question is False because the question's premise (the presence of an umbrella) is not met. The image quality is good, with no visible artifacts, blurring, or other issues, so the quality score is 1.0."}, {"ans": [true, false, 1.0], "reasoning": "The image clearly shows a large white airplane on a runway. The airplane is facing left, and its wings are visible, indicating that the wings are not missing. The image is of high quality with no visible artifacts, blurring, or other issues that would affect the visibility of the airplane or its wings."}, {"ans": [true, true, 0.95], "reasoning": "The image is showing a desk lamp, which is the main object. The lamp appears to be without a bulb, as there is no visible bulb inside the lamp. The image is clear and well-lit, with no visible artifacts or distortions. The quality of the image is high, with a score of 0.95 out of 1. The only reason for not giving it a perfect score is the slight texture visible on the wall in the background, but it does not detract from the overall clarity of the image."}, {"ans": [true, false, 1.0], "reasoning": "The image clearly shows an electric guitar with a visible neck. The guitar is hanging on a wall, and its body and neck are well-defined. The neck is clearly visible and attached to the body, so it is not missing or invisible. The image is sharp and clear, with no visible artifacts or distortions, hence the quality score is 1.0."}, {"ans": [true, false, 0.9], "reasoning": "The image clearly depicts a fish with visible fins, so the answer to the first question is True. Since the fins are visible, the answer to the second question is False. The image is of high quality, with clear details and no visible artifacts or distortions that would significantly impact the visibility of the main object or its fins, hence a quality score of 0.9. The slight deduction from 1 is due to the presence of some minor blurring around the edges of the splashing water."}, {"ans": [true, false, 1.0], "reasoning": "The image depicts a small, rustic cottage with a roof, situated in a field. The cottage is made of brick and has a steeply pitched roof covered in tiles. The presence of the roof is clearly visible, indicating that it is not missing. The image is of high quality, with clear details and no visible artifacts or distortions."}, {"ans": [true, false, 0.9], "reasoning": "The image shows a vintage convertible car with its top up, and the windshield is visible. The main object in the image is indeed a car, so the answer to the first question is True. The windshield is present and visible, so the answer to the second question is False. The image is of high quality, with clear details and no visible artifacts or distortions, so the quality score is 0.9."}, {"ans": [true, true, 0.9], "reasoning": "The image shows a keyboard, which is the main object. The spacebar is missing or not visible in the image. The image is of high quality, with clear details and no visible artifacts or distortions. The quality score is 0.9 because the image is very clear and well-lit, but there might be a slight decrease due to the presence of some minor shadows."}, {"ans": [true, false, 0.95], "reasoning": "The image clearly shows an owl perched on a branch with a full moon in the background. The owl is fully feathered, with visible details on its feathers. The image is sharp and clear, with no visible artifacts or distortions that would affect the quality. The only reason for not giving it a perfect score is the slight possibility of it being a highly realistic rendering rather than a photograph, but based on the information given, it appears to be a high-quality image."}, {"ans": [true, true, 0.9], "reasoning": "The image is showing a book with a leather cover, but the pages are missing as the book is open and empty. The main object in the image is a book, so the answer to the first question is True. The pages are missing, so the answer to the second question is True. The image is clear and well-defined, with no visible artifacts or distortions, so the quality score is 0.9."}, {"ans": [true, false, 0.95], "reasoning": "The image is showing a lighthouse with a lamp visible inside the lantern room at the top. The lamp is clearly visible and appears to be lit, as indicated by the light emanating from it. The image is of high quality, with clear details and no visible artifacts or distortions. The overall quality score is 0.95 due to the slight presence of clouds which might be considered a minor reduction in clarity."}, {"ans": [true, false, 1.0], "reasoning": "The image shows a beige armchair with visible legs on a patterned rug. The chair is clearly an armchair, so the answer to the first question is true. The legs of the chair are visible, so the answer to the second question is false. The image is clear and well-lit, with no visible artifacts or distortions, so the quality is rated as 1.0."}, {"ans": [true, true, 0.9], "reasoning": "The image clearly depicts a deer standing in a forest. The deer is centered and facing the camera, showcasing its body and head. There are no visible antlers on the deer's head. The image is sharp and well-lit, with good detail visible on the deer and the surrounding environment. The quality of the image is high, with no noticeable artifacts or distortions that would detract from the overall clarity. Therefore, the answer to the first question is True because the image is showing a deer. The answer to the second question is True because the antlers are not visible. The quality score is 0.9 because the image is very clear and detailed, with proper lighting and no visible artifacts."}, {"ans": [true, false, 1.0], "reasoning": "The image clearly shows an envelope, so the answer to the first question is True. The flap of the envelope is visible, albeit slightly tucked in on the right side, so it is not missing or invisible, making the answer to the second question False. The image is of high quality with no visible artifacts, blurring, or other issues, so the quality score is 1.0."}, {"ans": [true, true, 1.0], "reasoning": "The image clearly shows a wall clock on a white wall above a fireplace. The clock face is white with black hands, and there are no numbers visible on the clock face. The image is sharp and well-lit, with no visible artifacts or distortions. Therefore, the answer to Question 1 is True because the image is showing a wall clock. The answer to Question 2 is True because the numbers are not visible on the clock face. The quality of the image is rated as 1.0 because it is clear and well-rendered, with no noticeable issues."}, {"ans": [true, false, 0.9], "reasoning": "The image clearly shows an astronaut wearing a space suit floating in a swimming pool. The space suit is the main object, and it is visible and identifiable. The helmet is also present and visible on the astronaut's head. The image is of high quality, with clear details and no visible artifacts or distortions that would significantly impact the visibility of the main object or the helmet. The slight ripples in the water and the reflections on the surface do not detract from the overall clarity of the image."}, {"ans": [true, false, 1.0], "reasoning": "The image clearly depicts a windmill with blades in a field. The main object, a windmill, is present and identifiable. The blades are also visible and not missing. The image is sharp and clear, with no visible artifacts or distortions that would affect its quality."}, {"ans": [true, true, 0.95], "reasoning": "The image clearly depicts a large tree without leaves, surrounded by other trees in a park-like setting. The main object, a tree, is present and visible. The leaves are not visible on the main tree or most of the surrounding trees, indicating they are missing. The image is of high quality with clear details and no visible artifacts or distortions that would significantly impact the perception of the scene."}, {"ans": [true, false, 0.95], "reasoning": "The image clearly shows a yellow school bus, so the answer to the first question is True. The doors of the bus are visible, so the answer to the second question is False. The image is of high quality, with clear details and no visible artifacts or distortions, so the quality score is 0.95. The slight deduction from 1 is due to the fact that the image is not perfectly sharp, but it is still very clear."}, {"ans": [true, false, 1.0], "reasoning": "The image shows a laptop with its screen visible, albeit blank and reflecting light. The laptop is positioned on a dark brown table against a plain white background. The image is clear and well-lit, with no visible artifacts or distortions. The main object, the laptop, is present and identifiable. The screen is visible, so it is not missing or not visible."}, {"ans": [true, true, 0.95], "reasoning": "The image shows a trumpet without a mouthpiece. The main object in the image is a trumpet, which is clearly visible. The mouthpiece is not attached to the trumpet, making it missing or not visible. The image quality is high, with clear details of the trumpet and the red velvet background. The only reason for not giving it a perfect score is the slight reflection on the velvet, but it does not significantly impact the overall quality."}, {"ans": [true, false, 0.95], "reasoning": "The image clearly shows a robot with a head in a laboratory setting. The robot is white and has various wires and mechanical parts visible. The head is present and visible, so the answer to the second question is False. The image is of high quality, with clear details and no visible artifacts or distortions, so the quality score is 0.95. The slight deduction from 1 is due to the fact that the background is slightly blurred, but this does not affect the main subject."}, {"ans": [true, true, 1.0], "reasoning": "The image shows a candle on a silver tray. The candle is white and cylindrical, and it appears to be a standard candle shape. There is no visible wick on the top of the candle. The image is clear and well-lit, with no visible artifacts or distortions. Therefore, the answer to Question 1 is True because the image is showing a candle. The answer to Question 2 is True because the wick is not visible. The quality of the image is rated as 1.0 because it is clear and well-lit, with no visible artifacts or distortions."}, {"ans": [true, true, 0.95], "reasoning": "The image is showing a pizza, which is evident from the circular shape, crust, and toppings. The pizza appears to be a tomato and basil pizza, with visible tomato sauce, cherry tomatoes, and basil leaves. However, there is no visible cheese on top of the pizza, suggesting that it might be a cheese-less or low-cheese pizza. The image is clear and well-lit, with no visible artifacts or distortions. The quality of the image is high, with a score of 0.95 out of 1. The absence of cheese is not considered a factor in determining the image quality."}, {"ans": [true, true, 0.95], "reasoning": "The image is showing a DSLR camera body without a lens attached. The camera body is clearly visible, and the lens mount is exposed, indicating that the lens is not attached. The image is clear and well-lit, with no visible artifacts or distortions. The quality of the image is high, with a score of 0.95 out of 1. The main object, the DSLR camera, is present, so the answer to the first question is True. The lens is missing, so the answer to the second question is also True."}, {"ans": [true, false, 1.0], "reasoning": "The image clearly shows a grand piano on a stage in an auditorium. The piano is open, and its keys are visible. The image is well-lit and of high quality, with no visible artifacts, blurring, or other issues that would detract from its quality. Therefore, the answer to Question 1 is True because the image is showing a piano. The answer to Question 2 is False because the keys are visible. The quality score is 1 because the image is clear and well-defined."}, {"ans": [true, false, 0.9], "reasoning": "The image clearly shows a paintbrush with visible bristles. The bristles are covered in paint, indicating they are present and not missing. The image is of high quality with clear details and no visible artifacts or distortions that would significantly impact the visibility of the main object or its components."}, {"ans": [true, true, 0.95], "reasoning": "The image shows a watch with a black face and silver accents, positioned on a speckled countertop. The watch is clearly visible, indicating that the main object (a watch) is present. The strap of the watch is not visible as it is likely detached or not shown in the image, so it is considered missing or not visible. The image quality is high, with clear details of the watch and the countertop, and there are no visible artifacts or distortions that would significantly impact the quality."}, {"ans": [true, false, 0.95], "reasoning": "The image clearly shows a person sitting in a dentist's chair with their mouth open, displaying their teeth and tongue. The presence of dental tools and a dentist wearing gloves indicates a dental examination is taking place. The tongue is visible inside the open mouth. The image is sharp and well-lit, with no noticeable artifacts or distortions that would detract from its quality. Therefore, the answer to Question 1 is True because the image is showing a mouth. The answer to Question 2 is False because the tongue is visible. The quality of the image is rated 0.95 out of 1, as it is clear and well-defined, with only minor potential deductions for the slight blurriness in the background."}, {"ans": [true, false, 0.9], "reasoning": "The image clearly shows a motorcycle parked on a street at night. The motorcycle is centered in the image and is facing left. It has a sleek black design with visible engine details and a single headlight. The handlebars are present and visible, along with the mirrors attached to them. The overall quality of the image is high, with clear details and vibrant colors. However, there are some minor artifacts around the neon lights, which slightly reduces the quality score to 0.9."}, {"ans": [true, false, 0.95], "reasoning": "The image clearly shows a television set, which is the main object in question. The television is an older model with a visible screen, although the screen appears to be turned off or displaying a static image. The screen is present and visible, so it is not missing. The image is of high quality with clear details and no visible artifacts or distortions, hence the quality score is 0.95. The slight deduction is due to the subtle static-like appearance on the screen, but it does not significantly impact the overall clarity of the image."}, {"ans": [true, false, 0.9], "reasoning": "The image is showing a goat with visible horns. The main object, a goat, is clearly visible and identifiable. The horns are also visible, indicating that they are not missing. The image quality is high, with clear details of the goat's fur and the rocky terrain. However, the quality score is not 1 due to the slight blurring of the background."}, {"ans": [true, false, 1.0], "reasoning": "The image clearly shows a red sneaker with white laces, so the main object is present. The laces are visible, so they are not missing or not visible. The image is sharp and clear, with no visible artifacts or distortions, so the quality is high."}, {"ans": [true, false, 0.9], "reasoning": "The image clearly shows a green frog sitting on a leaf over water. The frog's eyes are visible and clearly distinguishable, indicating that they are not missing. The image is sharp and well-defined, with good lighting that highlights the details of the frog and its surroundings. The only reason the quality score is not 1 is due to the slight blurring of the background."}, {"ans": [true, false, 1.0], "reasoning": "The image clearly shows a mug with a handle on a saucer. The mug is white with blue floral designs and is positioned centrally in the image. The handle is visible and is on the right side of the mug. The image is clear and well-lit, with no visible artifacts or distortions. Therefore, the answer to Question 1 is True because the image is showing a mug. The answer to Question 2 is False because the handle is present and visible. The quality of the image is rated as 1.0 because it is clear and well-defined, with no visible issues."}, {"ans": [true, false, 0.95], "reasoning": "The image clearly shows a saxophone, which is the main object in the picture. The saxophone is depicted with its keys visible, indicating that the keys are not missing. The image is of high quality, with clear details and no visible artifacts or distortions that would significantly impact the visibility of the saxophone or its keys. The slight decrease in quality score is due to minor reflections and lighting effects, but these do not hinder the overall clarity of the image."}, {"ans": [true, false, 0.9], "reasoning": "The image clearly shows a skateboard, which is the main object in the image. The skateboard has wheels attached to it, so the wheels are not missing. The image is clear and well-lit, with no visible artifacts or distortions that would affect the quality. The only reason for a slightly lower quality score is the presence of some dirt and weathering on the skateboard and the surrounding bricks, but this does not significantly impact the overall clarity of the image."}, {"ans": [true, false, 1.0], "reasoning": "The image is showing a fedora with a visible brim. The hat is clearly visible and well-defined, indicating a high-quality image. The brim is present and visible, so it is not missing or not visible."}, {"ans": [true, false, 0.95], "reasoning": "The image clearly shows a motorcycle helmet on a workbench, with various tools scattered around it. The helmet has a visor that is currently in the up position but is visible and present. The image is sharp and well-lit, with no noticeable artifacts or distortions that would detract from its quality. The main object, the motorcycle helmet, is clearly visible and identifiable."}, {"ans": [true, true, 1.0], "reasoning": "The image shows a bedframe with an ornate wooden headboard and footboard. The bedframe is clearly visible, so the answer to the first question is True. The mattress is not visible in the image, so the answer to the second question is True. The image is of high quality, with clear details and no visible artifacts or distortions, so the quality score is 1.0."}, {"ans": [true, false, 1.0], "reasoning": "The image clearly shows a clock tower with visible clock faces on three sides. The main object, the clock tower, is present and well-defined. The clock faces are visible, so they are not missing or invisible. The image is sharp and clear, with no visible artifacts, blurring, or other issues that would affect its quality."}, {"ans": [true, false, 0.95], "reasoning": "The image clearly shows a pocket watch with its cover open, revealing the inner workings and the face of the watch. The watch has Roman numerals and visible hands, indicating the time. The image is of high quality, with clear details and no visible artifacts or distortions. The hands are present and visible on the watch face."}, {"ans": [true, false, 1.0], "reasoning": "The image clearly shows a bicycle leaning against a stone wall. The bicycle is red with white lettering and has two wheels, a frame, handlebars, and a seat. The pedals are visible and appear to be attached to the bicycle, so they are not missing. The image is clear and well-lit, with no visible artifacts or distortions that would affect the quality. Therefore, the quality score is 1.0."}, {"ans": [true, false, 0.9], "reasoning": "The image is showing a portrait of a woman with visible eyes, so the answer to the first question is True. The eyes are clearly visible in the portrait, so the answer to the second question is False. The image quality is good, with clear details and no visible artifacts or distortions, so the quality score is 0.9. The slight reduction from 1 is due to the fact that the image is a photograph of a painting, and there might be some minor loss of detail due to the camera capture or display."}, {"ans": [true, false, 0.95], "reasoning": "The image clearly shows a grand piano on a stage, with its lid open and the internal mechanisms visible. The piano is centered in the image and is illuminated by spotlights, making it the main focus. The hammers are visible inside the piano, attached to the strings. The image is well-lit and in sharp focus, with no visible artifacts or distortions that would detract from its quality. The overall quality of the image is high, with a score of 0.95 out of 1. For Question 1, the image is showing a grand piano, so the answer is True. For Question 2, the hammers are visible inside the piano, so the answer is False."}, {"ans": [true, true, 0.95], "reasoning": "The image depicts a sailing ship with three masts, which is characteristic of historical sailing vessels. The ship is shown without sails, indicating that the sails are either missing or not visible. The image is clear and well-rendered, showing detailed textures and a realistic depiction of the sea and sky. The quality of the image is high, with no noticeable artifacts or distortions that would detract from the overall impression. Therefore, the answer to the first question is True because the image shows a sailing ship. The answer to the second question is also True because the sails are not visible. The quality score is 0.95, indicating a very high-quality image with only minor potential issues, such as slight gradient banding in the sky, but these do not significantly impact the overall quality."}, {"ans": [true, false, 1.0], "reasoning": "The image depicts a large tree with a wide canopy and a thick trunk, which appears to be an oak tree due to its characteristic branching pattern and leaf structure. The leaves are visible on the branches, indicating that they are not missing. The image is clear and well-defined, with no visible artifacts or distortions that would affect its quality. Therefore, the answer to Question 1 is True, as the image shows an oak tree. The answer to Question 2 is False, as the leaves are visible and not missing. The quality of the image is rated as 1.0, indicating that it is of high quality."}, {"ans": [true, true, 0.9], "reasoning": "The image depicts a charming stone cottage with a steeply pitched roof, nestled among trees in a forest. The cottage is covered in vines, and there are windows on both floors. However, the door is not visible as it is obscured by the foliage. The image is clear and well-defined, with no noticeable artifacts or distortions. The quality of the image is high, with a score of 0.9, as it is a detailed and realistic representation of a cottage. The door is considered missing or not visible due to being covered by vines."}, {"ans": [true, false, 1.0], "reasoning": "The image clearly shows a passenger jet on a runway. The wings are visible on both sides of the aircraft, so they are not missing. The image is sharp and well-lit, with no visible artifacts or distortions that would affect its quality."}, {"ans": [true, true, 0.95], "reasoning": "The image is clearly showing a wristwatch with a silver face and brown leather strap. The watch face does not have any numbers on it, so the numbers are missing. The image is of high quality, with clear details and no visible artifacts or distortions."}, {"ans": [true, true, 0.95], "reasoning": "The image is showing a pizza, which is the main object. The pizza appears to be a 'Pizza Marinara', a type of pizza that traditionally does not contain cheese. The image is clear and well-lit, with no visible artifacts or distortions that would detract from its quality. The pizza is centered on a wooden board, and the details of the crust, sauce, and basil leaves are clearly visible. The quality of the image is high, with a score of 0.95 out of 1. For question 1, the answer is True because the image is showing a pizza. For question 2, the answer is True because the cheese is not visible on the pizza."}, {"ans": [true, false, 0.8], "reasoning": "The image is showing traffic signals with lights. The traffic signals are clearly visible at the top of the image, and they have lights on them. The lights are visible, so they are not missing. The image quality is good, but the bright light in the center might be considered a slight issue, though it doesn't significantly impact the visibility of the main objects."}, {"ans": [true, false, 0.95], "reasoning": "The image clearly shows a skateboard with a colorful deck and visible trucks and wheels, indicating that it is indeed a skateboard. The wheels are present and visible, so they are not missing. The image is well-lit and clear, with no significant artifacts or distortions, hence the high quality score. However, the quality score is not perfect (0.95) because there are some minor imperfections such as the rough texture of the concrete background and slight shadow variations."}, {"ans": [true, true, 1.0], "reasoning": "The image clearly shows a chessboard with white pieces set up on both sides, indicating a chess game is about to start or has just begun. The black pieces are not visible as they are supposed to be on the opposite side of the board from the viewer's perspective, thus they are considered missing or not visible. The image is of high quality, with clear details of the chessboard and pieces, and no visible artifacts or distortions."}, {"ans": [true, false, 0.95], "reasoning": "The image clearly shows a sports car, specifically a red convertible Corvette, in a showroom setting. The car is displayed with its doors open and is positioned on a reflective black floor, surrounded by various car rims on the walls. The brakes are visible as red calipers behind the silver rims, so they are not missing or invisible. The image is of high quality, with clear details and no visible artifacts or distortions. The slight deduction in quality score is due to the reflection on the floor, which, while not an artifact, slightly affects the overall clarity."}, {"ans": [true, true, 1.0], "reasoning": "The image is showing an open book on a wooden table. The pages are blank and there is no text visible. The image is clear and well-lit, with no visible artifacts or distortions. The quality of the image is high, so the quality score is 1.0."}, {"ans": [true, false, 1.0], "reasoning": "The image clearly shows a computer tower with its side panel removed or transparent, revealing the internal components. The presence of fans is evident, as they are visible and illuminated with purple and blue lights. Therefore, the answer to Question 1 is True because the image is showing a computer tower. The answer to Question 2 is False because the fans are visible and not missing. The quality of the image is rated 1.0 because it is clear, well-lit, and free of artifacts or distortions."}, {"ans": [true, true, 0.95], "reasoning": "The image depicts a scarecrow in a wheat field. The scarecrow is made of straw and is wearing a hat and a plaid shirt. The scarecrow does not have visible arms. The image is clear and well-defined, with no noticeable artifacts or distortions. The quality of the image is high, with a score of 0.95 out of 1. The main object, the scarecrow, is clearly visible, and the absence of arms is evident. Therefore, the answer to the first question is True, and the answer to the second question is also True."}, {"ans": [true, true, 0.9], "reasoning": "The image depicts a man in armor, which is consistent with the depiction of a knight. The main object, the knight, is present in the image. However, upon closer inspection, it is clear that the knight is not holding a sword, and there is no visible sword in the image. The quality of the image is high, with detailed rendering of the armor and the background. However, the image is not perfect, as there are some minor artifacts visible upon close inspection, hence the quality score of 0.9."}, {"ans": [true, false, 1.0], "reasoning": "The image clearly shows a teapot with a handle, spout, and lid, decorated with a floral pattern. The teapot is placed on a bamboo tray. The handle is visible on the right side of the teapot. The image is clear and well-lit, with no visible artifacts or distortions. Therefore, the answer to Question 1 is True because the image is showing a teapot. The answer to Question 2 is False because the handle is visible. The quality of the image is rated 1.0 because it is clear and well-defined, with no noticeable issues."}, {"ans": [true, false, 0.95], "reasoning": "The image clearly shows a basketball hoop with a net. The presence of the hoop and the net is evident, and the net is visible and not missing. The image is sharp and clear, with no visible artifacts or distortions that would affect the quality. The only reason for not giving it a perfect score is the slight wear and tear visible on the backboard, but it does not significantly impact the overall quality."}, {"ans": [true, false, 0.95], "reasoning": "The image is showing a dining table set with fine china and silverware. The glasses are visible on the table, so they are not missing. The image is clear and well-lit, with no visible artifacts or distortions. The quality of the image is high, with a score of 0.95 out of 1. The main object, the dining table, is clearly visible, and the glasses are also visible, so the answer to the first question is True. The answer to the second question is False because the glasses are not missing."}, {"ans": [true, false, 0.95], "reasoning": "The image clearly shows a vintage typewriter on a wooden desk, with a sheet of paper in it. The typewriter is the main focus of the image, and it appears to be in a somewhat worn condition, suggesting it is old. The ribbon is visible and appears to be intact, as it is threaded through the typewriter and visible on both sides. There are no obvious artifacts, blurring, or unnatural colors in the image, and the objects are not deformed or showing double vision. The quality of the image is high, with clear details of the typewriter and its surroundings. Therefore, the answer to the first question is True because the main object, a typewriter, is present. The answer to the second question is False because the ribbon is visible and not missing. The quality score is 0.95, indicating a very high-quality image with only minor wear on the desk and typewriter that does not detract from the overall clarity."}, {"ans": [true, false, 1.0], "reasoning": "The image clearly shows a winter jacket hanging on a coat rack. The jacket is a puffy, cream-colored coat with a fur-lined hood, which is a common feature of winter jackets. The presence of this jacket satisfies Question 1. For Question 2, the jacket has a visible zipper running down the middle, so the zipper is not missing or invisible. The image is clear and well-lit, with no visible artifacts or distortions that would affect the quality score."}, {"ans": [true, false, 0.9], "reasoning": "The image clearly depicts a sunflower. The seeds are visible on the flower head, arranged in a spiral pattern. The image is sharp and well-lit, with natural colors, indicating good quality. However, there is a slight screen texture visible upon close inspection, which slightly reduces the quality score."}, {"ans": [true, false, 0.95], "reasoning": "The image clearly shows an elephant with its trunk visible and facing the camera. The trunk is a distinctive feature of the elephant and is clearly visible in the image. The image is of high quality, with clear details and no visible artifacts or distortions. The only reason the quality score is not 1 is due to the slight dust or dirt visible on the elephant's body and the ground, but this does not significantly impact the overall clarity of the image."}, {"ans": [true, true, 1.0], "reasoning": "The image clearly shows a rowboat, which is the main object in the image. The boat is white with a red bottom and has a wooden seat inside. There are no oars visible in the boat or near it. The image is of high quality, with clear details and no visible artifacts or distortions. The quality score is 1.0 because the image is sharp and well-defined, and there are no issues that detract from its clarity."}, {"ans": [true, false, 0.95], "reasoning": "The image clearly shows a snowman in the foreground, wearing a hat and scarf, with a carrot nose and coal eyes and buttons. The snowman is well-defined and centered in the image, indicating that it is the main object. The presence of buttons on the snowman's body is visible, answering the second question. The image is of high quality, with clear details and no visible artifacts or distortions that would affect the perception of the snowman or its features. The quality score is 0.95 because the image is very clear and well-rendered, with no significant issues."}, {"ans": [true, false, 1.0], "reasoning": "The image clearly shows a fountain pen, which is the main object. The pen is placed on top of a notebook, and its nib is visible. The ink reservoir is transparent, and it appears to be filled with ink, as the ink is visible within the reservoir. Therefore, the ink is not missing or invisible. The image is of high quality, with clear details and no visible artifacts or distortions."}, {"ans": [true, false, 0.9], "reasoning": "The image shows a paintbrush with visible bristles, lying on a palette with various colors of paint. The brush is clearly identifiable, and its bristles are not missing or invisible, they are covered in paint but still visible. The image is of high quality, with clear details and vibrant colors, though it has some minor artifacts from the paint splatters and smudges."}, {"ans": [true, false, 0.95], "reasoning": "The image clearly shows a pair of eyeglasses with temples on top of a stack of papers. The glasses are the main object in the image and are in focus. The temples are visible and not missing. The image is well-lit and has good clarity, with no noticeable artifacts or distortions. The quality of the image is high, with a score of 0.95 out of 1. The only reason for not giving it a perfect score is the slight blurring of the background."}, {"ans": [true, true, 0.9], "reasoning": "The image clearly shows a woman holding an umbrella on a rainy street. The umbrella is the main object in the image and is visible, so the answer to the first question is True. Upon closer inspection, the ribs of the umbrella are not visible, likely due to the angle and the fact that they are obscured by the umbrella's fabric, so the answer to the second question is True. The image quality is generally good, with clear details of the scene, but there is some overexposure in the center, which slightly reduces the quality score to 0.9."}, {"ans": [true, false, 0.9], "reasoning": "The image clearly shows a wristwatch with a gold face and brown leather strap enclosed in a glass dome. The watch face is visible and has hour markers, so the main object is present. The hour markers are visible on the watch face, so they are not missing. The image is of high quality, with clear details and no visible artifacts or distortions, but the quality score is slightly decreased due to the presence of the glass dome causing some reflections and slight blurring around the edges."}, {"ans": [true, false, 1.0], "reasoning": "The image clearly shows a camping tent. The tent is set up with its poles visible and intact, holding the structure upright. The overall quality of the image is high, with clear details and no visible artifacts or distortions. The poles are clearly visible and are not missing."}, {"ans": [true, false, 0.95], "reasoning": "The image clearly depicts a cuckoo clock with intricate carvings and decorations, including a visible pendulum and chains that suggest the presence of weights. The clock face is centered, and the overall craftsmanship is detailed. The weights are visible below the clock face, hanging from chains, indicating they are not missing. The image quality is high, with clear details and no visible artifacts or distortions that would detract from the overall perception of the clock or its components."}, {"ans": [true, true, 0.95], "reasoning": "The image clearly shows a smartphone standing upright on a table, with its screen facing the viewer. The phone's screen is on and displays a call interface, indicating that it is a smartphone. Therefore, the answer to Question 1 is True. The speaker grille is not visible from the front view of the smartphone, as it is likely located on the bottom edge or back of the device, which is not fully visible. Hence, the answer to Question 2 is True. The image is sharp and clear, with no visible artifacts or distortions that would significantly impact its quality. The only minor issue is a slight reflection on the table surface, but it does not detract from the overall clarity of the image. Thus, the quality score is 0.95."}, {"ans": [true, true, 0.9], "reasoning": "The image clearly shows a motorcycle, so the answer to the first question is True. The speedometer is not visible in the image, as the camera is positioned behind the motorcycle, so the answer to the second question is True. The image quality is high, with clear details of the motorcycle and the surrounding environment. The only reason for a quality score less than 1 is the slight dust around the motorcycle, but it does not significantly affect the overall visibility or clarity of the image."}, {"ans": [true, true, 0.9], "reasoning": "The image shows a violin and a bow. The bow is clearly visible, so the answer to the first question is True. The hair of the bow is not visible, so the answer to the second question is True. The image is clear and well-lit, with no visible artifacts or distortions, so the quality is rated as 0.9. The only reason it is not rated as 1 is because of the slight reflection on the case, but it does not affect the overall clarity of the image."}, {"ans": [true, false, 0.95], "reasoning": "The image is showing a birdcage hanging from the ceiling of a porch. The birdcage is the main object in the image and is clearly visible. Inside the cage, there is a decorative bird figure on a perch, so the perch is present and visible. The image is well-lit and clear, with no visible artifacts or distortions that would affect the quality. The quality score is 0.95 because the image is very clear and well-rendered, with only a slight effect of lens flare from the bright light which does not significantly impact the visibility of the main object."}, {"ans": [true, false, 0.95], "reasoning": "The image clearly shows a statue of a woman, indicating that the main object is indeed a statue. The statue has a head, and it is visible, so the head is not missing. The image is of high quality with clear details and no visible artifacts or distortions that would significantly impact the perception of the statue or its parts. The slight decrease in quality score is due to a minor blur that is barely noticeable."}, {"ans": [true, false, 0.9], "reasoning": "The image is showing a teddy bear with a nose, so it satisfies the condition for Question 1. For Question 2, the nose is visible on the teddy bear's face, so the answer is False. The image is clear and well-defined, with no noticeable artifacts or distortions that would affect its quality. The only reason for not giving it a perfect score is the slight softness around the edges of the teddy bear and the bedding, but it does not significantly impact the overall clarity."}, {"ans": [true, false, 1.0], "reasoning": "The image clearly shows a pair of white sneakers with laces. The laces are visible and appear to be intact, threaded through the eyelets of the shoes. The image is sharp and well-lit, with no visible artifacts or distortions that would affect the quality. Therefore, the answer to Question 1 is True because the image is showing sneakers. The answer to Question 2 is False because the laces are visible and not missing. The quality of the image is rated 1.0 because it is clear and well-defined, with no noticeable issues."}, {"ans": [true, false, 1.0], "reasoning": "The image clearly shows a refrigerator with its door open, displaying the interior. The refrigerator is the main object in the image, and it is visible and clear. The door shelves are present and visible on the door of the refrigerator. The image is of high quality, with no visible artifacts, blurring, or other issues that would detract from its clarity. Therefore, the answer to Question 1 is True, indicating that the image is showing a refrigerator. The answer to Question 2 is False, indicating that the door shelves are not missing or not visible. The quality score is 1.0, indicating that the image is of very high quality."}, {"ans": [true, false, 0.8], "reasoning": "The image depicts a group of five young women gathered around a campfire in a wooded area. The campfire is the central focus, surrounded by stones and with visible flames. The presence of the campfire and the flames directly answers both questions. For Question 1, the image is indeed showing a campfire with flames, so the answer is True. For Question 2, since the flames are visible, the answer is False. The quality of the image is rated 0.8 because, while the image is clear and well-lit, there are some minor artifacts and unnatural lighting effects visible, particularly around the campfire and the rays of light coming through the trees."}, {"ans": [true, false, 0.98], "reasoning": "The image clearly shows a drinking fountain with water flowing from the spout, indicating that it is present and visible. The main object, the drinking fountain, is clearly visible and identifiable. The water is flowing from the fountain, so it is not missing. The image is of high quality with no noticeable artifacts, blurring, or other issues that would detract from its clarity."}, {"ans": [true, false, 0.95], "reasoning": "The image clearly shows a revolver with a visible trigger guard. The revolver is positioned on a green surface, and its details are well-defined. The trigger guard is present and visible around the trigger. The image is of high quality, with clear details and no visible artifacts or distortions that would affect the assessment of the revolver or its trigger guard. The slight deduction in quality score is due to the texture of the green surface, which might be slightly unnatural but does not significantly impact the overall clarity."}, {"ans": [true, false, 0.9], "reasoning": "The image is showing a compass rose with a north arrow. The compass rose is the main object in the image, and it is clearly visible. The north arrow is also visible, indicating the direction of north. The image is of high quality, with clear details and no visible artifacts or distortions. The only reason for not giving it a perfect score is the slight aged effect around the edges, but this does not affect the visibility of the main object or the north arrow."}, {"ans": [true, false, 0.9], "reasoning": "The image depicts a futuristic cityscape with tall, sleek skyscrapers that are prominently featured. The skyscrapers are shown with visible windows, indicated by the presence of pink and purple lights within them, suggesting that the windows are not missing. The image is of high quality, with clear details and vibrant colors, although it is a futuristic rendering and not a photograph. The quality score is 0.9 due to the high level of detail and the absence of noticeable artifacts or distortions."}, {"ans": [true, true, 0.95], "reasoning": "The image depicts a conductor standing on a stage with his back to the camera, wearing a black tuxedo and raising both hands. He is surrounded by an orchestra, indicating that he is the conductor. The conductor's hands are empty, and there is no visible baton. The image is clear and well-lit, with no noticeable artifacts or distortions. Therefore, the answer to the first question is True because the image shows a conductor. The answer to the second question is also True because the baton is not visible in the conductor's hands. The quality of the image is rated 0.95 out of 1, as it is sharp and clear, with natural colors and no visible issues."}, {"ans": [true, true, 1.0], "reasoning": "The image shows a soccer field with a goal visible in the background. The goal appears to be without a crossbar, as there is no visible bar connecting the two goalposts. The image is clear and well-lit, with no visible artifacts or distortions. The quality of the image is high, with a score of 1."}, {"ans": [true, false, 1.0], "reasoning": "The image clearly shows a microscope with lenses attached to it. The main object in the image is a microscope, and it is visible and well-defined. The lenses are also visible and appear to be attached to the microscope. The image is of high quality, with no visible artifacts, blurring, or other issues that would affect the interpretation of the image. Therefore, the answer to Question 1 is True, and the answer to Question 2 is False. The quality of the image is rated as 1."}]