[{"ans": [true, true, 1.0], "reasoning": "The image depicts a sailboat with its mast visible but without sails. The boat is centered in the image, and the mast is tall and slender, extending upwards from the water. The absence of sails is evident, as there are no visible fabrics or structures attached to the mast. The image is clear and well-defined, with a high level of detail, hence the quality score is 1.0."}, {"ans": [true, true, 0.9], "reasoning": "The image shows two bicycle wheels leaning against a brick wall. The main object in the image is indeed a bicycle, albeit incomplete as it lacks other essential parts like the frame, seat, and handlebars. Therefore, the answer to the first question is True. For the second question, the chain is not visible in the image, so the answer is True. The image quality is rated 0.9 because, although the key elements (the wheels) are clearly visible, the image does not show a complete bicycle."}, {"ans": [false, true, 1.0], "reasoning": "The image depicts a statue or figurine of a humanoid character with cat-like features, including ears. However, it is not a real cat. The character's face is smooth and lacks whiskers, indicating that the whiskers are either missing or not visible. The image quality is considered good as it clearly shows the details of the figurine and its surroundings."}, {"ans": [true, true, 0.9], "reasoning": "The image depicts a structure that resembles a castle, with stone walls and towers, situated on a grassy hill. The presence of a doorway suggests an entrance, but there are no visible gates. The image is clear and well-defined, indicating a high-quality visual representation. The absence of gates is not considered a factor in assessing the image quality."}, {"ans": [true, false, 1.0], "reasoning": "The image clearly depicts a hot-air balloon with a visible basket suspended beneath it. The balloon is the main object in the image, and it is centered, making it easily identifiable. The basket, although small, is visible and not obscured by any other elements in the image. The image is of high quality, with clear details and a serene landscape in the background."}, {"ans": [true, true, 1.0], "reasoning": "The image depicts a turtle without a shell, as indicated by the presence of flippers and a head, but the shell is not visible. The turtle appears to be emerging from the water onto the sandy beach. The first question asks if the image is showing a turtle, which it is, so the answer is True. The second question asks if the shell is missing or not visible, and since the turtle does not have a visible shell, the answer is True. The quality of the image is rated as 1 because it is clear and well-defined, and the absence of the shell does not negatively impact the quality score as per the instructions."}, {"ans": [true, true, 0.9], "reasoning": "The image is showing a train at a station. The train is silver with black trim and has two visible doors with lights on either side. The train is positioned on the tracks, and the platform is visible in front of it. The wheels of the train are not visible as they are obscured by the platform and the lower part of the train's body. Therefore, for Question 1, the answer is True because the image is showing a train. For Question 2, the answer is True because the wheels are not visible. The quality of the image is rated 0.9 because it is clear and well-lit, with no visible distortions or obstructions that would hinder the understanding of the scene."}, {"ans": [true, true, 1.0], "reasoning": "The image shows eyeglasses on a table. The lenses are not visible as they are either missing or not reflecting light in a way that makes them visible. The quality of the image is high as it is clear and well-lit, showing the details of the eyeglasses and the surrounding environment."}, {"ans": [true, false, 1.0], "reasoning": "The image shows a disassembled fountain pen with the cap and the barrel separated. The nib is visible and attached to the barrel, indicating that it is not missing. The image is clear and well-lit, showing the details of the pen."}, {"ans": [true, true, 1.0], "reasoning": "The image shows a wire frame that resembles an umbrella, leaning against a wall. The canopy is present but is made of wire mesh and does not have a fabric cover. The main object in the image is an umbrella frame, so the answer to the first question is True. The canopy is not made of fabric or any material that would provide shade, so it is considered missing in the context of a typical umbrella. Therefore, the answer to the second question is True. The image is clear and well-lit, and it is not missing any key elements that would affect its quality. Hence, the quality score is 1.0."}, {"ans": [false, true, 1.0], "reasoning": "The image depicts a landscape with a runway, fields, and trees under a cloudy sky. There is no airplane visible in the image. Therefore, the answer to the first question is False because the main object (airplane) is not present. The second question is about whether the wings are missing or not visible. Since there is no airplane in the image, it follows that the wings are also not visible, making the answer to the second question True. The quality of the image is rated as 1 because it is clear and well-defined, and the absence of an airplane (or its wings) does not negatively impact the quality score as per the instructions."}, {"ans": [true, true, 1.0], "reasoning": "The image shows a desk lamp on a wooden table with an open book in front of it. The lamp is brass-colored and has an adjustable arm. The bulb is not visible as it is enclosed within the lampshade. For Question 1, the main object is a desk lamp, so the answer is True. For Question 2, the bulb is not visible because it is inside the lampshade, so the answer is True. The quality of the image is rated 1 because it is clear and well-lit, and the key elements are easily identifiable."}, {"ans": [true, false, 1.0], "reasoning": "The image shows the body of an electric guitar with a visible neck attached to it. The presence of the guitar body and neck indicates that the main object is indeed an electric guitar, so the answer to the first question is True. Since the neck is visible and attached to the body, the answer to the second question is False. The image is clear and well-lit, showing the details of the guitar, so the quality is rated as 1.0."}, {"ans": [true, false, 1.0], "reasoning": "The image is a clear illustration of a fish with visible fins, thus answering the first question as true. For the second question, the fins are clearly visible, so the answer is false. The image quality is high as it clearly depicts the subject and its details without any significant distortion or lack of clarity."}, {"ans": [true, false, 1.0], "reasoning": "The image depicts a small brick cottage with a red tiled roof, situated in a field. The cottage is clearly visible, indicating that the main object is present. The roof is also visible, covering the cottage, so it is not missing or invisible. The image is clear and well-lit, suggesting good quality."}, {"ans": [true, true, 1.0], "reasoning": "The image is showing a car, specifically a convertible with its top down. The windshield is not visible, indicating it is either missing or not visible due to the angle of the photo. The image is clear and well-lit, showing the details of the car's interior and exterior, hence the quality is rated as 1."}, {"ans": [true, true, 0.9], "reasoning": "The image shows a keyboard with orange keys and a silver base. The keyboard has a grid of keys, but there is no visible spacebar. The presence of the keyboard is clear, so the answer to the first question is True. The spacebar is not visible, so the answer to the second question is True. The image is clear and well-lit, but the absence of a visible spacebar might be considered a minor issue. However, since the question specifies not to decrease the quality score for the missing key element, the quality is rated as 0.9, indicating a high-quality image."}, {"ans": [true, true, 0.9], "reasoning": "The image depicts an owl with its body covered by a brown cloth, leaving only its face visible. The owl's facial features, including its eyes and the surrounding feathers, are clearly shown. The main object in the image is indeed an owl, so the answer to the first question is True. The owl's body feathers are not visible as they are covered by the cloth, so the answer to the second question is True. The image quality is high, with clear details and a well-defined composition, so the quality score is 0.9."}, {"ans": [true, true, 1.0], "reasoning": "The image shows a book with a cover, but the pages are not visible. The book is lying on a wooden table, and the cover is made of brown leather with gold trim. The cover is closed, and there is no indication of the presence of pages. Therefore, the answer to Question 1 is True, as the image is showing a book. The answer to Question 2 is also True, as the pages are not visible. The quality of the image is rated as 1.0, as it is clear and well-lit, and there are no issues with the visibility of the main object (the book)."}, {"ans": [true, false, 1.0], "reasoning": "The image depicts a lighthouse with a visible lamp at the top. The structure is white with a red roof and a railing around the lantern room, which contains the lamp. The presence of the lamp is evident, and it is not missing or invisible. Therefore, the answer to the first question is True because the image is showing a lighthouse. The answer to the second question is False because the lamp is visible. The quality of the image is rated 1 as it clearly shows the lighthouse and its details."}, {"ans": [true, true, 1.0], "reasoning": "The image shows a chair with a rounded back and arms, upholstered in a light-colored fabric. The chair is placed on a red patterned rug over a wooden floor. The chair appears to be an armchair without visible legs, as the bottom is rounded and does not show any leg structures. The image is clear and well-lit, providing a good view of the chair and its surroundings. Therefore, the answer to Question 1 is True because the image is showing an armchair. The answer to Question 2 is True because the legs are not visible. The quality of the image is rated 1 because it is clear and well-defined."}, {"ans": [false, true, 0.8], "reasoning": "The image depicts a person standing in a forest, not a deer. Therefore, the answer to Question 1 is False. Since there is no deer in the image, the antlers are not present, making the answer to Question 2 True. The image is well-composed and clear, with good lighting, so the quality is rated 0.8."}, {"ans": [true, false, 1.0], "reasoning": "The image shows a white envelope with a visible flap on the top right corner. The envelope is centered on a white marble background with gray veins. The presence of the flap indicates that it is not missing, and it is clearly visible."}, {"ans": [true, true, 1.0], "reasoning": "The image shows a wall clock, which is the main object. The clock face is white with black hands, but there are no numbers visible on the clock face. Therefore, the answer to the first question is True because the image is showing a wall clock. The answer to the second question is also True because the numbers are not visible on the clock face. The quality of the image is rated as 1 because it is clear and well-defined, and the absence of numbers on the clock face is not considered a reason to decrease the quality score."}, {"ans": [true, false, 0.9], "reasoning": "The image depicts a person wearing a white space suit, including a helmet, floating in a swimming pool. The presence of the space suit, with its distinctive features such as the American flag patch and the backpack, clearly indicates that the main object is a space suit. Therefore, the answer to Question 1 is True. For Question 2, the helmet is visible and not missing, so the answer is False. The image is clear and well-lit, with no significant issues affecting its quality, hence a quality rating of 0.9."}, {"ans": [true, false, 1.0], "reasoning": "The image clearly shows a windmill standing in a field of wheat. The windmill has a visible structure and blades, indicating that it is a windmill. The blades are present and visible, so they are not missing or invisible."}, {"ans": [true, true, 0.9], "reasoning": "The image is clearly showing a tree without leaves. The branches are bare, and there are no leaves visible. The sun is shining through the branches, which further emphasizes the absence of leaves. The image is well-lit and in focus, indicating a high-quality image."}, {"ans": [false, true, 1.0], "reasoning": "The image does not show a bus; it shows a row of yellow seats. Therefore, the answer to the first question is False. Since there is no bus in the image, the concept of doors being missing or not visible does not apply directly. However, given the context that the question seems to pertain to a bus and its doors, and there's no bus, the most straightforward interpretation for the second question is that the doors are indeed missing or not visible because there is no bus to have doors. Hence, the answer to the second question is True. The image quality is considered good (1) as it clearly shows the objects present, and the absence of a bus or its doors is not considered a factor that decreases the quality score."}, {"ans": [true, true, 1.0], "reasoning": "The image shows a laptop with its screen closed, resting on a wooden table. The laptop is visible and identifiable, so the answer to the first question is True. The screen is not visible because it is closed, so the answer to the second question is True. The image is clear and well-lit, and there are no obvious issues with its quality, so the quality score is 1."}, {"ans": [true, true, 0.9], "reasoning": "The image shows a trumpet, which is the main object in question. The trumpet is visible and identifiable. The mouthpiece is not attached to the trumpet, indicating it is missing. The image is clear and well-lit, showing the trumpet in detail, hence the high quality score."}, {"ans": [true, false, 0.9], "reasoning": "The image depicts a robot with a humanoid body and a visible head. The robot's body is primarily black with white and gold accents, and it has numerous wires and cables attached to it. The head is clearly visible, with braided hair and a serious expression. Therefore, the answer to the first question is True because the image is showing a robot. The answer to the second question is False because the head is visible and not missing. The quality of the image is rated 0.9, indicating a high level of clarity and detail. The image effectively conveys the robot's design and features without any significant distractions or obscurities."}, {"ans": [true, true, 1.0], "reasoning": "The image shows a cylindrical object that appears to be a candle, as it is a solid, smooth, and cylindrical shape, typical of candles. The object is placed on a silver tray, which is a common way to display candles. The color of the object is a pale yellow, which is a plausible color for a candle. Therefore, the answer to Question 1 is True. The wick is not visible in the image, so the answer to Question 2 is True. The image is clear and well-lit, and the object is centered in the frame, so the quality score is 1."}, {"ans": [true, true, 1.0], "reasoning": "The image is showing a pizza, which is the main object. The pizza appears to be a 'red pizza' or 'pizza rossa' without cheese, as it is covered in a red sauce and basil leaves. The absence of visible cheese means that the cheese is either missing or not visible. The image is of high quality as it clearly displays the pizza and its toppings."}, {"ans": [false, true, 1.0], "reasoning": "The image shows a disassembled camera component on a wall, and a small black object that appears to be a battery or a charger on a wooden surface. The main object in the image is not a complete DSLR camera, so the answer to the first question is False. The lens is not visible in the image, and it appears that the camera component is disassembled, so the answer to the second question is True. The image is clear and well-lit, and the objects are easily identifiable, so the quality score is 1."}, {"ans": [true, true, 1.0], "reasoning": "The image shows a grand piano on a stage in an auditorium. The piano is closed, and its keys are not visible. Therefore, the answer to the first question is True because the image is showing a piano. The answer to the second question is also True because the keys are not visible as the piano is closed. The quality of the image is rated as 1 because it is clear and well-lit, and the piano is the main focus."}, {"ans": [true, true, 1.0], "reasoning": "The image shows a paintbrush with a visible handle and metal ferrule, but the bristles are not visible, indicating they are either missing or not visible. The presence of the paintbrush satisfies the first question. The absence or invisibility of the bristles satisfies the condition for the second question. The image is clear and well-lit, hence the quality score is 1."}, {"ans": [true, true, 1.0], "reasoning": "The image shows a smartwatch or a fitness tracker with a square face and rounded corners, which can be classified as a watch. The device is placed on a marble surface. The strap of the watch is not visible in the image, indicating that it is either missing or not visible. Therefore, the answer to the first question is True, and the answer to the second question is also True. The quality of the image is rated as 1 because it is clear and well-lit, and there are no visible distortions or issues that would affect the visibility of the watch."}, {"ans": [true, true, 0.9], "reasoning": "The image shows a close-up of a person's face and upper body. The person has short brown hair and is wearing a blue shirt. The mouth is visible, and it appears to be closed. There is no visible tongue. The image is clear and well-lit, suggesting a high-quality image. The presence of the mouth answers the first question affirmatively. The absence or invisibility of the tongue answers the second question affirmatively. The quality of the image is rated high because it is clear and well-lit, with no significant distractions or defects."}, {"ans": [true, true, 0.9], "reasoning": "The image depicts a futuristic motorcycle with a sleek design, positioned in the center of a tunnel. The motorcycle is facing away from the viewer, showcasing its rear and side profiles. It has two large wheels and a streamlined body, characteristic of a high-performance vehicle. The handlebars are not visible, suggesting they might be missing or not visible due to the angle of the image. The tunnel's walls and ceiling are lined with bright lights, creating a dramatic and futuristic ambiance. The overall quality of the image is high, with clear details and a well-composed scene."}, {"ans": [true, true, 1.0], "reasoning": "The image is showing a vintage television set with a visible screen, although the screen is blank and dark. The television is placed on a wooden cabinet, and there are several light bulbs on top of it. The screen is not displaying any image, but it is present and visible. Therefore, the answer to the first question is True. For the second question, the screen is visible, but it is not displaying any content. However, the question asks if the screen is missing or not visible, and since the screen is present and visible, the answer is False. However, since the screen is blank and dark, it can be considered as not visible in the context of displaying an image. But based on the literal interpretation of the question, the answer is False. The quality of the image is rated as 1 because it is clear and well-defined, and the key elements are visible."}, {"ans": [true, true, 0.9], "reasoning": "The image depicts a white, fluffy goat standing on a rocky outcropping. The goat appears to be a young one, and its head is turned to the left, showing its profile. The fur around its head and ears is visible, but there is no clear indication of horns. The image is well-lit and in focus, suggesting a high-quality photograph. The presence of the goat is clear, so the answer to the first question is True. The horns are not visible, so the answer to the second question is True. The quality of the image is rated 0.9 because it is sharp and well-composed, with good lighting that highlights the texture of the goat's fur and the rocky terrain."}, {"ans": [true, true, 0.9], "reasoning": "The image shows a sneaker on a bench in front of lockers. The sneaker is clearly visible and appears to be a single shoe. The laces are not visible, suggesting they are either missing or not visible. The image is clear and well-lit, indicating a high-quality image."}, {"ans": [true, false, 1.0], "reasoning": "The image is clearly showing a frog sitting on a lily pad. The frog is green and has large, visible eyes. Therefore, the answer to the first question is True because the image is showing a frog. The answer to the second question is False because the eyes are visible. The quality of the image is rated as 1.0 because it is clear and well-focused, with the frog and its features easily discernible."}, {"ans": [true, true, 0.9], "reasoning": "The image shows a white porcelain cup with blue floral designs on it, sitting on a matching saucer. The cup appears to be a mug without a handle, as there is no visible handle. Therefore, the answer to Question 1 is True. For Question 2, since the handle is not visible, it is considered missing or not visible, so the answer is True. The image is clear and well-lit, and the cup is centered in the frame, so the quality is rated as 0.9."}, {"ans": [true, false, 1.0], "reasoning": "The image clearly shows a saxophone, which is the main object in question. The saxophone is depicted with its keys visible, indicating that the keys are not missing. The image is of high quality, with clear details of the instrument."}, {"ans": [true, false, 1.0], "reasoning": "The image shows a skateboard lying on a brick surface. The skateboard is visible and has a wooden deck with trucks and one visible wheel. The presence of the skateboard answers the first question affirmatively. For the second question, the wheels are partially visible, with at least one wheel and part of another visible, so they are not entirely missing or not visible. The image is clear and well-lit, showing the skateboard and its components in detail, hence the quality is rated as 1."}, {"ans": [true, true, 1.0], "reasoning": "The image depicts a red hat on a stand, which resembles a fedora. The hat is shown from the front, and its brim is not visible, suggesting that it is either missing or not visible. Therefore, the answer to the first question is True, as the image is showing a fedora. The answer to the second question is also True, as the brim is not visible. The quality of the image is rated as 1.0, indicating that it is clear and well-defined."}, {"ans": [true, false, 0.9], "reasoning": "The image shows a motorcycle helmet with a visor. The visor is present and visible, so it is not missing. The image is clear and well-lit, allowing for a good view of the helmet and its features. The quality of the image is high, with a score of 0.9 out of 1."}, {"ans": [false, true, 1.0], "reasoning": "The image is showing a decorative headboard, not a complete bedframe. The headboard is mounted on a wall and does not have a mattress or any other parts of a bedframe visible. Therefore, the answer to the first question is False. The mattress is not visible, so the answer to the second question is True. The image is clear and well-defined, so the quality is rated as 1."}, {"ans": [true, false, 0.9], "reasoning": "The image shows a tall, red brick structure with two visible clock faces, indicating it is a clock tower. The clock faces are clearly visible, so the clock face is not missing or invisible. The image is clear and well-lit, suggesting a high-quality image."}, {"ans": [true, false, 0.95], "reasoning": "The image clearly shows a pocket watch with a white face and gold casing. The watch has Roman numerals and visible hands, indicating the time. The presence of the watch is evident, so the answer to the first question is True. For the second question, the hands are visible on the watch face, so the answer is False. The image is of high quality, with clear details of the watch and its components, so the quality score is 0.95."}, {"ans": [true, true, 0.8], "reasoning": "The image shows a bicycle frame leaning against a wall. The main object, a bicycle, is present, so the answer to the first question is True. The pedals are not visible as they are not attached to the frame, making the answer to the second question True. The quality of the image is rated 0.8 because it is clear and well-defined, with no significant issues affecting the visibility of the main object."}, {"ans": [true, false, 1.0], "reasoning": "The image is a portrait of a woman with her eyes visible, so the answer to the first question is True. The eyes are clearly visible in the portrait, so the answer to the second question is False. The image is of high quality, with clear details and no visible distortions or issues, so the quality score is 1.0."}, {"ans": [true, true, 1.0], "reasoning": "The image clearly shows a grand piano on a stage with spotlights shining down. The piano's lid is open, but the hammers inside are not visible due to the angle and lighting. The main object, a grand piano, is present, so the answer to the first question is True. The hammers are not visible, so the answer to the second question is True. The image is clear and well-lit on the piano, so the quality is rated as 1."}, {"ans": [false, true, 0.9], "reasoning": "The image depicts a wooden sculpture of a ship's wheel floating above the water, but it does not show a sailing ship. Therefore, the answer to Question 1 is False. Since there is no sailing ship in the image, the sails are considered missing or not visible, making the answer to Question 2 True. The image is of high quality as it clearly shows the sculpture and the surrounding environment, with a quality score of 0.9."}, {"ans": [false, false, 1.0], "reasoning": "The image shows a large tree with a distinctive canopy and a thick trunk, surrounded by bushes and other trees in the background. The tree appears to be in a state of partial foliage, with some leaves visible on the branches. The question asks if the image is showing an oak tree, which could be either with or without leaves. Upon closer inspection, the tree does not resemble a typical oak tree, as its leaves and branches do not match the characteristic features of an oak tree. Therefore, the answer to the first question is False. For the second question, the leaves are partially visible on the tree, so they are not entirely missing or not visible. Hence, the answer to the second question is also False. The image is clear and well-defined, with no visible distortions or degradations, so the quality score is 1."}, {"ans": [false, true, 0.9], "reasoning": "The image depicts a small stone structure with a tiled roof, two windows, and no visible door. The structure appears to be a small building or shed, but it does not resemble a typical cottage. The absence of a door is notable, and it is not visible from the current perspective. The image is clear and well-defined, with good lighting and detail, hence the high quality score."}, {"ans": [false, true, 1.0], "reasoning": "The image depicts a large, white, rectangular object on a runway, but it does not clearly resemble a passenger jet. The object lacks distinct features commonly associated with aircraft, such as wings, engines, or a cockpit. Therefore, for Question 1, the answer is False because the image does not show a recognizable passenger jet. For Question 2, the answer is True because the wings are not visible, aligning with the observation that the object does not have visible wings. The quality of the image is rated as 1 because it is clear and well-defined, even though it does not depict a passenger jet."}, {"ans": [false, true, 0.8], "reasoning": "The image is showing a leather strap with a circular object on it, which appears to be a watch face without numbers. The main object is not clearly a wristwatch as it is not being worn and lacks distinct watch features. Therefore, the answer to the first question is False. The numbers are not visible on the watch face, so the answer to the second question is True. The quality of the image is rated 0.8 because it is clear and well-lit, but the context of the object being a wristwatch is not established."}, {"ans": [true, true, 0.9], "reasoning": "The image shows a pizza with a red sauce base and basil leaves on top. The crust is visible around the edges, indicating that it is a pizza. However, there is no visible cheese on the pizza. The image is clear and well-lit, with a good view of the pizza and its toppings. The quality of the image is high, with a score of 0.9 out of 1. The absence of cheese is not considered a factor in determining the quality of the image."}, {"ans": [true, false, 0.9], "reasoning": "The image shows a city street with traffic signals hanging above the road. The traffic signals are visible and appear to be functioning, as one of the lights is illuminated. The presence of the traffic signals and the visible light indicates that the main object (traffic signals) is present. Therefore, the answer to the first question is True. For the second question, the lights are visible on the traffic signals, so the answer is False. The quality of the image is rated 0.9 because it is clear and well-lit, with no visible distortions or obstructions that would hinder the understanding of the scene."}, {"ans": [true, false, 0.9], "reasoning": "The image is showing a skateboard with wheels. The skateboard is clearly visible and has four wheels attached to it, which are also visible. The image is well-lit and the skateboard is centered in the frame, making it easy to see all its details. The quality of the image is high, with a clear and sharp depiction of the skateboard and its components."}, {"ans": [true, true, 0.9], "reasoning": "The image clearly shows a chessboard with a grid pattern typical of a chessboard. The chessboard is set up with gold-colored pieces on one side, but there are no pieces on the opposite side. The presence of the chessboard is evident, so the answer to the first question is True. For the second question, since there are no black pieces visible on the chessboard (as the pieces present are gold-colored and only on one side), the black pieces are considered missing or not visible, so the answer is True. The image is of high quality, with clear details of the chessboard and pieces, hence the quality score is 0.9. The absence of black pieces does not negatively affect the quality score as per the instructions."}, {"ans": [true, true, 0.9], "reasoning": "The image is a 3D rendering of a red sports car in a futuristic or abstract setting. The car is the main object and is clearly visible. The car's design is sleek and modern, with a low profile and angular lines. The image is well-lit, with a subtle gradient effect on the wall behind the car. The floor has a checkered pattern, adding to the futuristic ambiance. For Question 1, the image is showing a sports car, so the answer is True. For Question 2, the brakes are not visible, as the image does not show the brake components, so the answer is True. The quality of the image is rated 0.9 because it is a clear and detailed rendering, with no apparent issues or distortions."}, {"ans": [true, true, 1.0], "reasoning": "The image shows a book with a leather cover, standing upright on a wooden surface. The cover is tan and has visible stitching along the spine. The book is illuminated by a light source from the left, casting a shadow on the wall behind it. The image is clear and well-lit, with no visible distortions or obstructions. The book is the main object in the image, and it is clearly visible. The text on the book is not visible, as the cover is closed and the pages are not exposed. Therefore, the answer to Question 1 is True, as the image is showing a book. The answer to Question 2 is also True, as the text is not visible from the book. The quality of the image is rated as 1, as it is clear and well-lit, with no visible issues."}, {"ans": [true, false, 1.0], "reasoning": "The image clearly shows a computer tower with visible fans on the side panel. The presence of the computer tower is evident, and the fans are also visible, thus answering both questions. The image is of high quality as it clearly displays the object and its details."}, {"ans": [true, false, 0.9], "reasoning": "The image depicts a scarecrow standing in a wheat field. The scarecrow is wearing a red plaid shirt and a straw hat, and its body is made of straw. The scarecrow has visible arms, which are made of straw and are hanging down at its sides. The image is clear and well-lit, with a clear view of the scarecrow and the surrounding wheat field. The quality of the image is high, with a score of 0.9 out of 1. The scarecrow is the main object in the image, and it is clearly visible. Therefore, the answer to the first question is True. The arms of the scarecrow are visible, so the answer to the second question is False."}, {"ans": [true, true, 0.9], "reasoning": "The image depicts a man in armor, which is consistent with the depiction of a knight. The armor is detailed and appears to be of high quality, suggesting that the image is well-rendered. However, upon closer inspection, it becomes apparent that the knight's sword is not visible. The belt around the knight's waist suggests that a sword might be present, but it is not visible in the image. Therefore, the answer to the first question is True because the image does show a knight. The answer to the second question is also True because the sword is not visible. The quality of the image is rated as 0.9, indicating a high level of detail and clarity, despite the absence of the sword."}, {"ans": [true, false, 1.0], "reasoning": "The image shows a teapot with a handle, spout, and lid, placed on a bamboo mat. The teapot is the main object in the image, and it is clearly visible. The handle is present and visible on the right side of the teapot. Therefore, the answer to Question 1 is True because the image is showing a teapot. The answer to Question 2 is False because the handle is not missing or invisible; it is clearly visible. The quality of the image is rated as 1.0 because it is clear and well-lit, with the teapot being the central focus."}, {"ans": [true, false, 1.0], "reasoning": "The image clearly shows a basketball hoop with a net attached to it. The presence of the hoop is evident, and the net is visible and not missing. The image is of high quality, with clear details of the basketball hoop and its components."}, {"ans": [true, true, 1.0], "reasoning": "The image shows a table setting with a white plate, silverware, and napkins. The main object is a dining table setting, which matches the description in Question 1. Therefore, the answer to Question 1 is True. For Question 2, the glasses are not visible on the table, as they are likely the two cups at the top of the image, but they are not positioned near the plate or where glasses are typically placed. Thus, the glasses are considered missing or not visible from the typical dining table setting, making the answer to Question 2 True. The image is clear and well-composed, showing the table setting in detail, so the quality is rated as 1."}, {"ans": [true, true, 1.0], "reasoning": "The image clearly shows a typewriter, which is the main object in question. The typewriter is visible and identifiable, so the answer to the first question is True. Upon closer inspection, it is evident that the ribbon is not visible, as it is typically located between the metal arms and the paper. Therefore, the answer to the second question is also True, as the ribbon is not visible. The quality of the image is high, as it is clear and well-lit, allowing for a detailed examination of the typewriter. The absence of the ribbon does not detract from the overall quality of the image, as it is not a factor in assessing the image's clarity or resolution."}, {"ans": [true, false, 1.0], "reasoning": "The image shows a winter jacket with a fur-lined hood, hanging on a wooden frame. The jacket is clearly visible and appears to be a winter coat. The zipper is also visible, running down the front of the jacket. Therefore, the answer to Question 1 is True because the image is showing a winter jacket. The answer to Question 2 is False because the zipper is visible on the jacket. The quality of the image is rated as 1 because it is clear and well-lit, and the key elements of the jacket are easily visible."}, {"ans": [true, false, 0.9], "reasoning": "The image is showing a sunflower with a detailed center that includes what appears to be seeds or the representation of seeds. The presence of the sunflower is clear, and the seeds are visible as small dots in the center of the flower. The quality of the image is high as it clearly depicts the sunflower and its details."}, {"ans": [true, true, 1.0], "reasoning": "The image depicts a sculpture of an elephant with its backside facing the camera, and its trunk is not visible. The sculpture is well-defined and detailed, indicating a high-quality image. The presence of the elephant is clear, satisfying the first question. The trunk is not visible, which directly answers the second question. The image quality is high as it is clear and detailed, with no visible distortions or issues that would detract from its quality."}, {"ans": [true, true, 0.9], "reasoning": "The image depicts a boat on a body of water, with a wooden interior and exterior. The boat is positioned facing the viewer, showcasing its open design without any visible oars. The presence of the boat directly answers the first question, confirming that the image is indeed showing a rowboat, regardless of the absence or visibility of oars. For the second question, the oars are not visible within or around the boat, leading to the conclusion that they are either missing or not visible. The image quality is rated highly because it clearly displays the boat and its surroundings, with the key elements of the boat being easily discernible."}, {"ans": [true, true, 1.0], "reasoning": "The image depicts a snowman wearing a hat and scarf, with sticks for arms. The snowman's body is made of three large snowballs, and its face is not detailed enough to see any buttons. Therefore, the answer to Question 1 is True because the image is showing a snowman. The answer to Question 2 is True because the buttons are not visible on the snowman's body. The quality of the image is rated as 1.0 because it clearly shows the snowman and its features, and the absence of buttons does not affect the quality score as per the given instructions."}, {"ans": [true, true, 1.0], "reasoning": "The image shows a fountain pen resting on a white book. The pen is made of a material with a striped pattern, featuring shades of brown and yellow, and has a gold nib. The pen's barrel is transparent, allowing the interior to be visible. Upon closer inspection, there is no visible ink within the pen's barrel. Therefore, the answer to Question 1 is True because the image does depict a fountain pen. The answer to Question 2 is also True because the ink is not visible within the pen. The quality of the image is rated as 1.0 because it is clear and well-lit, with no apparent issues that would detract from its quality."}, {"ans": [true, true, 0.8], "reasoning": "The image is showing a paintbrush with a wooden handle, but the bristles are not visible. The presence of paint on the palette and the paper towel suggests that the brush is used for painting. The handle is intact and clearly visible, indicating that the main object is indeed a paintbrush. Therefore, the answer to the first question is True. For the second question, since the bristles are not visible, the answer is True. The quality of the image is rated 0.8 because it is clear and well-lit, with no visible distortions or obstructions that would hinder the understanding of the main object."}, {"ans": [true, true, 1.0], "reasoning": "The image shows a pair of eyeglasses with gold frames and circular lenses, but without traditional temples. Instead, the 'temples' are made of a twisted fabric or ribbon, which is tied around the frames. For Question 1, the image is showing eyeglasses, so the answer is True. For Question 2, the traditional temples are missing and are replaced by fabric or ribbon, so the answer is True. The quality of the image is rated as 1 because it is clear and well-defined, and the key elements are easily visible."}, {"ans": [true, true, 0.9], "reasoning": "The image shows a person holding an umbrella, which is the main object in the scene. The umbrella appears to be black and is being used by the person to protect themselves from the rain. The ribs of the umbrella are not visible, likely due to the angle and the fact that the umbrella is black, making the ribs less discernible. The image is of high quality, with clear details of the person and the surrounding environment, except for the ribs of the umbrella which are not visible."}, {"ans": [true, true, 0.9], "reasoning": "The image is showing a wristwatch, which is the main object. The watch is displayed under a glass dome, and its back is visible, showing the mechanical inner workings. The hour markers are not visible because the watch is shown from the back. Therefore, the answer to the first question is True. For the second question, since the hour markers are not visible from the back of the watch, the answer is True. The quality of the image is rated 0.9 because it is clear and well-lit, with no visible distortions or obstructions that would affect the visibility of the watch."}, {"ans": [true, true, 1.0], "reasoning": "The image shows a gray, fabric structure laid out on a grassy field. The structure has four pointed corners and appears to be a camping tent without poles, as it is not standing upright. The fabric is stretched out and has visible creases, indicating that it is designed to be supported by poles. The image is clear and well-lit, with a high level of detail. The quality of the image is rated as 1 because it is a high-quality rendering with no visible artifacts or distortions. The poles are not visible, so the answer to the second question is True."}, {"ans": [true, false, 0.9], "reasoning": "The image is showing a cuckoo clock with decorative elements hanging below it, which are likely representing the weights. The clock is intricately designed and appears to be a traditional cuckoo clock. The weights are visible and appear to be decorative pinecones, so the answer to the second question is False. The image is clear and well-defined, so the quality is rated as 0.9."}, {"ans": [true, true, 0.8], "reasoning": "The image shows a smartphone lying face up on a surface. The phone's screen is visible and appears to be turned off or in a locked state, displaying no content. The phone's body is white with a black border around the screen. There is no visible speaker grille on the front of the phone, which is typical for many modern smartphones as they often have speaker grilles on the bottom or top edges rather than the front face. The image is well-lit with clear details of the phone and its surroundings, indicating a high-quality image. However, the absence of a visible speaker grille on the front does not detract from the image quality. Therefore, the answer to the first question is True because the image is showing a smartphone. The answer to the second question is True because the speaker grille is not visible from the front view of the smartphone. The quality of the image is rated 0.8 out of 1, considering it is clear and well-lit, with no significant distractions or obstructions."}, {"ans": [true, false, 0.9], "reasoning": "The image shows a motorcycle handlebar with a speedometer visible on it. The presence of the handlebar and the speedometer indicates that the main object is a motorcycle. Therefore, the answer to the first question is True. The speedometer is clearly visible, so it is not missing or invisible. Hence, the answer to the second question is False. The quality of the image is rated 0.9 because it is clear and well-focused on the motorcycle handlebar, with no significant distractions or obstructions."}, {"ans": [true, true, 1.0], "reasoning": "The image depicts a violin bow. The bow is positioned diagonally across the frame, with the tip pointing towards the bottom-left corner and the end towards the top-right corner. The bow's stick is made of a light-colored wood, and it features a black and silver metal ferrule at the tip. The screw mechanism for adjusting the tension of the bow hair is visible near the end of the bow, but the hair itself is not visible. The background is a rich, dark red fabric that provides a luxurious backdrop for the bow. Given that the bow is the main object and is clearly visible, the answer to the first question is True. The hair of the bow is not visible, so the answer to the second question is True. The image is of high quality, with clear details of the bow and its components, so the quality rating is 1."}, {"ans": [true, true, 1.0], "reasoning": "The image clearly depicts a birdcage, which is the main object in question. The birdcage is made of gold-colored metal and has a dome-shaped top with a pointed finial. It is positioned on a wooden surface, and the background is a beige wall with shadows cast by an unseen light source. Upon closer inspection, it is evident that there is no visible perch inside the birdcage. Therefore, the answer to the first question is True because the image does show a birdcage. The answer to the second question is also True because the perch is not visible within the birdcage. The quality of the image is rated as 1 because it is clear and well-defined, with no apparent issues that would detract from its quality."}, {"ans": [true, false, 1.0], "reasoning": "The image is showing a statue of a woman. The statue is intact and has a head, so the head is not missing. The image is clear and well-lit, and the statue is centered in the frame, making it a high-quality image."}, {"ans": [true, false, 1.0], "reasoning": "The image depicts a teddy bear with a clearly visible nose. The teddy bear is sitting on a bed, and its facial features, including the nose, are well-defined and visible. Therefore, the answer to Question 1 is True because the image is showing a teddy bear. The answer to Question 2 is False because the nose is not missing or invisible; it is clearly visible on the teddy bear's face. The quality of the image is rated as 1.0 because it is clear and well-defined, with no apparent issues that would detract from its quality."}, {"ans": [true, false, 0.9], "reasoning": "The image shows a pair of white sneakers placed on a mat in front of a door. The sneakers are clearly visible, and they appear to have laces. The presence of the sneakers directly answers the first question. For the second question, the laces are visible, indicating they are not missing or invisible. The image is clear and well-lit, showing the sneakers and their details, which contributes to a high-quality score."}, {"ans": [true, true, 1.0], "reasoning": "The image shows an open refrigerator with its door visible on the right side and the interior on the left. The interior has shelves and compartments, but the door shelves are not visible as the door is open. The main object, the refrigerator, is present. The door shelves are not visible because the door is open and they are attached to the inside of the door, hence 'missing or not visible' condition is met."}, {"ans": [true, false, 0.9], "reasoning": "The image depicts a group of people sitting around a circular fire pit in a forest, with a bright light emanating from the center. The fire pit is surrounded by stones and appears to be lit, as indicated by the warm glow and sparks visible within it. For Question 1, the image is showing a campfire, so the answer is True. For Question 2, the flames are visible, so the answer is False. The quality of the image is rated 0.9 because it is clear and well-composed, with good lighting and detail. The presence or absence of flames does not affect the quality score as per the instructions."}, {"ans": [true, true, 1.0], "reasoning": "The image shows a drinking fountain installed in a park. The fountain is a tall, silver-colored cylindrical structure with a small, round basin protruding from its side. The basin appears to be dry, as there is no visible water in it. The overall condition of the image is clear and well-lit, suggesting a high-quality photograph."}, {"ans": [false, false, 1.0], "reasoning": "The image depicts a double-barreled pistol with a distinctive design, featuring two barrels and a central chamber. The pistol is not a revolver, as it lacks a rotating cylinder. Therefore, the answer to the first question is False. The trigger guard is visible in the image, so the answer to the second question is False. The image is clear and well-lit, allowing for a detailed examination of the pistol, hence the quality score is 1."}, {"ans": [true, false, 1.0], "reasoning": "The image is a detailed illustration of a compass rose, which is clearly visible in the center. The compass rose is intricately designed with various elements, including a north arrow that is clearly visible. The presence of the compass rose and the north arrow indicates that the image is of high quality and effectively conveys its intended information."}, {"ans": [true, false, 0.9], "reasoning": "The image depicts a cityscape with multiple skyscrapers, indicating that the main object (skyscrapers) is present. Upon closer inspection, the windows on the skyscrapers are visible, suggesting that they are not missing or invisible. The image quality is high, with clear details of the buildings and the road. However, the quality score is not 1 due to the slight blurring effect on some of the distant buildings."}, {"ans": [true, true, 0.9], "reasoning": "The image is showing a conductor standing on a stage with musicians behind him. The conductor is wearing a black tuxedo and white shirt, and his right hand is raised in the air. His left hand is by his side, and there is no visible baton in either hand. The musicians behind him are holding violins and bows, indicating that they are part of an orchestra. The image is clear and well-lit, with good resolution. The conductor is the main focus of the image, and he is clearly visible. Therefore, the answer to Question 1 is True. For Question 2, since there is no visible baton in the conductor's hands, the answer is True. The quality of the image is rated 0.9 because it is clear and well-lit, with good resolution."}, {"ans": [true, true, 1.0], "reasoning": "The image depicts a soccer goal with two visible posts, but the crossbar is not visible. The presence of the goalposts indicates that it is a soccer goal. The crossbar is not visible, so it is considered missing. The image quality is good as it clearly shows the goalposts and the soccer field."}, {"ans": [true, true, 0.8], "reasoning": "The image shows a microscope on a table. The microscope is the main object in the image. The eyepieces are visible, but the lenses are not visible as they are likely inside the eyepieces. Therefore, the lenses are considered missing or not visible. The image is clear and well-lit, and the microscope is centered in the frame, indicating a high-quality image. However, the quality score is not 1 because the background is slightly blurred."}]