[{"ans": [true, false, 0.95], "reasoning": "The image shows a sailboat on the water. The main object, the sailboat, is clearly visible, so the answer to the first question is True. The sails are partially visible, as the jib sail is furled but still visible, so the answer to the second question is False. The image is of high quality, with clear details and no visible artifacts or distortions, so the quality score is 0.95. The only reason for not giving it a perfect score is the slight rippling effect on the water, which is natural and not a defect."}, {"ans": [true, false, 1.0], "reasoning": "The image clearly shows a red bicycle leaning against a brick wall. The bicycle is the main object in the image and is easily identifiable. The chain of the bicycle is visible, connecting the pedals to the rear wheel. Therefore, the chain is not missing or invisible. The image is of high quality with no visible artifacts, blurring, or other issues that would detract from its clarity."}, {"ans": [true, false, 1.0], "reasoning": "The image clearly shows a cat sitting on a windowsill. The cat is visible and identifiable, answering the first question as True. The whiskers of the cat are also clearly visible, which means they are not missing or invisible, answering the second question as False. The image is sharp, with no visible artifacts, blurring, or other quality issues, so the quality is rated as 1.0."}, {"ans": [true, true, 1.0], "reasoning": "The image depicts a stone structure with an arched entrance, resembling a castle or fortified wall. The presence of the stone walls and the archway suggests that it is a castle or part of a fortified structure. The gates are not visible, as the image focuses on the archway and the surrounding walls, indicating that the gates are either missing or not visible. The image is clear and well-defined, with no visible artifacts, blurring, or other issues that would affect its quality."}, {"ans": [true, false, 0.9], "reasoning": "The image clearly depicts a hot-air balloon with a visible basket. The balloon is the main object and is centered in the image, indicating that the answer to the first question is True. The basket is also visible, attached to the balloon by ropes, so the answer to the second question is False because the basket is not missing or invisible. The image is of high quality, with clear details and no visible artifacts or distortions, so the quality score is 0.9. The slight deduction from 1 is due to the presence of some natural lighting effects that could be considered minor artifacts, but they do not significantly impact the overall clarity of the image."}, {"ans": [true, false, 1.0], "reasoning": "The image clearly shows a turtle with a visible shell. The turtle is centered in the image, and its shell is intact and visible. The image is of high quality, with no visible artifacts, blurring, or other issues that would affect the interpretation of the image."}, {"ans": [true, false, 1.0], "reasoning": "The image clearly shows a train at a station. The train is silver and has a modern design, with its front facing the camera. The wheels of the train are visible under the front carriage, indicating that they are not missing. The image is sharp and well-lit, with no visible artifacts or distortions that would affect its quality."}, {"ans": [true, false, 0.9], "reasoning": "The image clearly shows a pair of eyeglasses with lenses. The glasses are positioned on a reflective surface, and both the glasses and their reflection are visible. The lenses are present and visible, indicating that they are not missing. The image is sharp and well-lit, with no significant artifacts or distortions that would detract from its quality. The only reason for not giving it a perfect score is the slight blurring in the background, but it does not affect the main object, which is the eyeglasses."}, {"ans": [true, false, 1.0], "reasoning": "The image clearly shows a fountain pen with a visible nib. The pen is placed on a piece of paper with writing on it, and the nib is facing downwards towards the bottom-left corner of the image. The nib is gold-colored and has a distinctive shape, making it easily identifiable. The image is of high quality, with no visible artifacts, blurring, or other issues that would affect the visibility of the pen or its nib. Therefore, the answer to Question 1 is True, as the image is showing a fountain pen. The answer to Question 2 is False, as the nib is visible. The quality of the image is rated as 1.0, indicating that it is of very high quality."}, {"ans": [true, false, 1.0], "reasoning": "The image is showing an umbrella with a canopy, so the main object is present. The canopy is visible, so it is not missing. The image is clear and of high quality, with no visible artifacts or distortions."}, {"ans": [true, false, 1.0], "reasoning": "The image clearly shows a white airplane on a tarmac, with its wings visible. The presence of the airplane answers the first question affirmatively. For the second question, the wings are clearly visible, so they are not missing or not visible. The image is of high quality, with no visible artifacts, blurring, or other issues that would detract from its clarity."}, {"ans": [true, true, 1.0], "reasoning": "The image clearly shows a desk lamp, which is the main object. The lamp is positioned on a table with an open book underneath it. The bulb is not visible, as it is likely to be inside the lamp's shade or socket, and there is no visible bulb. The image is of high quality, with clear details and no visible artifacts or distortions."}, {"ans": [true, false, 1.0], "reasoning": "The image is showing an electric guitar with a visible neck. The neck is clearly visible and appears to be intact. The image is of high quality, with no visible artifacts or distortions."}, {"ans": [true, false, 1.0], "reasoning": "The image clearly shows a fish, so the answer to the first question is True. The fins of the fish are visible, so the answer to the second question is False. The image is clear and well-lit, with no visible artifacts or distortions, so the quality is rated as 1."}, {"ans": [true, false, 1.0], "reasoning": "The image clearly depicts a cottage with a roof, situated in a field. The cottage is made of red brick and has a gable roof with a chimney. The roof is visible and appears to be intact. The image is of high quality, with clear details and no visible artifacts or distortions. Therefore, the answer to Question 1 is True, as the image shows a cottage. The answer to Question 2 is False, as the roof is present and visible. The quality of the image is rated as 1, indicating that it is of high quality."}, {"ans": [true, false, 0.9], "reasoning": "The image shows a classic convertible car with its top down, and the windshield is clearly visible. The main object, a car, is present in the image. The windshield is not missing; it is visible and intact. The image is of high quality, with clear details and no significant artifacts or distortions that would detract from its quality. The slight decrease in quality score is due to the slight blurring of the background, but the main subject is sharp and clear."}, {"ans": [true, false, 1.0], "reasoning": "The image is showing a keyboard with a visible spacebar. The spacebar is present and clearly visible, so it is not missing. The image is of high quality with no visible artifacts, blurring, or other issues that would affect the visibility of the keyboard or its components."}, {"ans": [true, false, 0.9], "reasoning": "The image clearly shows an owl perched on a branch, with detailed feathers visible. The presence of the owl is evident, and its feathers are not missing or invisible. The image is of high quality, with clear details and no visible artifacts or distortions that would affect the perception of the main object or its feathers. The quality score is 0.9 because the image is very detailed and clear, but it might not be perfect due to the slight grain or texture visible upon close inspection."}, {"ans": [true, true, 0.95], "reasoning": "The image shows a leather-bound book with blank white pages visible. The book is the main object, and it is clearly visible on a wooden table. The pages are blank and visible, indicating that they are not missing but rather empty. The image is of high quality, with clear details and no visible artifacts or distortions. The quality score is 0.95 because the image is very clear and well-rendered, with no noticeable issues."}, {"ans": [true, false, 0.98], "reasoning": "The image clearly depicts a lighthouse with a visible lamp, as evidenced by the lit light within the glass enclosure at the top of the tower. The presence of the lighthouse fulfills the condition for Question 1, making the answer 'true'. For Question 2, the lamp is visible and not missing, so the answer is 'false'. The image is of high quality, with clear details and no visible artifacts or distortions, hence the quality score is 0.98."}, {"ans": [true, false, 0.95], "reasoning": "The image shows an armchair with a light beige fabric and a patterned rug underneath it. The chair is positioned at an angle, with its front facing the bottom-right corner of the image. The chair has a tufted seat and rolled arms, and it appears to be sitting on short wooden legs, which are visible. The legs are not missing or invisible; they are clearly visible at the bottom of the chair. The image is clear and well-lit, with no visible artifacts, blurring, or other issues that would affect its quality. The quality score is 0.95 because the image is very clear and well-defined, with no noticeable issues."}, {"ans": [true, true, 0.95], "reasoning": "The image depicts a deer standing in a forest, which matches the description of the main object in Question 1. The deer appears to be without antlers, making the answer to Question 2 'true' as the antlers are indeed missing or not visible. The image is of high quality, with clear details and natural colors, thus the quality score is 0.95. The slight deduction from 1 is due to the slight softness in the background, likely from the bokeh effect, but it does not significantly impact the overall clarity of the main subject."}, {"ans": [true, false, 1.0], "reasoning": "The image is showing a white envelope with its flap closed and visible. The envelope is centered on a marble surface. The image is clear and of high quality, with no visible artifacts or distortions. The main object, the envelope, is clearly visible, and the flap is present and visible, indicating that it is not missing."}, {"ans": [true, true, 1.0], "reasoning": "The image shows a wall clock on a white wall above a fireplace mantel. The clock face is white with black hands and markings but lacks numbers. The presence of the clock confirms the answer to the first question is True. For the second question, since the numbers are not visible on the clock face, the answer is True. The image quality is high, with clear details and no visible artifacts or distortions, so the quality score is 1.0."}, {"ans": [true, false, 1.0], "reasoning": "The image clearly shows a person wearing a white space suit with a helmet. The suit is designed for space exploration and is easily identifiable. The helmet is present and visible on the person's head. The image is of high quality, with clear details and no visible artifacts or distortions."}, {"ans": [true, false, 1.0], "reasoning": "The image clearly shows a windmill with its blades visible in a field. The main object, the windmill, is present, so the answer to the first question is True. The blades of the windmill are visible, so they are not missing or invisible, making the answer to the second question False. The image is clear and well-defined with no visible artifacts, blurring, or other issues that would affect its quality, so the quality score is 1.0."}, {"ans": [true, true, 1.0], "reasoning": "The image clearly shows a tree without leaves. The main object, a tree, is present and visible. The leaves are missing, as evidenced by the bare branches. The image is of high quality, with clear details and no visible artifacts or distortions."}, {"ans": [true, true, 1.0], "reasoning": "The image shows a yellow school bus parked on the side of a road. The bus is facing left, and its side is visible. The doors are not visible as they are on the left side of the bus, which is not fully in the frame. The image is clear and well-lit, with no visible artifacts or distortions. The quality of the image is high, with a score of 1.0. For question 1, the image is showing a bus, so the answer is True. For question 2, the doors are not visible, so the answer is True."}, {"ans": [true, true, 1.0], "reasoning": "The image is showing a laptop with its back facing the camera. The laptop is clearly visible and is sitting on a table. The screen is not visible as it is facing away from the camera, hence it is considered missing or not visible. The image is of high quality with no visible artifacts, blurring, or other issues that would affect the quality score."}, {"ans": [true, true, 0.9], "reasoning": "The image shows a trumpet, which is the main object in question. The trumpet is clearly visible and appears to be in good condition. The mouthpiece is not visible, indicating that it is either missing or not attached. The image quality is generally good, with clear details of the trumpet and the red fabric background. However, there is a slight decrease in quality due to the fabric's texture and the subtle sparkle it has, which might be considered a minor artifact. Nonetheless, the overall clarity and focus on the trumpet are good, hence a quality score of 0.9."}, {"ans": [true, false, 1.0], "reasoning": "The image clearly shows a robot with a head in a laboratory setting. The robot is centered and prominent, with visible details such as blue eyes and mechanical components. The head is present and visible, so the answer to the second question is False. The image is of high quality, with no visible artifacts, blurring, or other issues that would affect the quality score."}, {"ans": [true, true, 1.0], "reasoning": "The image shows a cylindrical candle on a silver tray. The candle is beige and has a smooth surface. There is no visible wick on the candle. The image is clear and well-lit, with no visible artifacts or distortions. Therefore, the answer to Question 1 is True because the image is showing a candle. The answer to Question 2 is True because the wick is not visible. The quality of the image is rated 1.0 because it is clear and well-lit, with no visible issues."}, {"ans": [true, false, 0.95], "reasoning": "The image clearly shows a pizza with various toppings, including what appears to be cheese, on a black plate. The presence of cheese is visible, indicating that it is not missing. The image is of high quality with clear details and no visible artifacts or distortions that would significantly impact the perception of the pizza or its toppings."}, {"ans": [true, false, 1.0], "reasoning": "The image is showing a DSLR camera with a lens attached to it. The lens is clearly visible and appears to be properly mounted on the camera body. The image is sharp and well-lit, with no visible artifacts or distortions. The camera and lens are centered in the frame, and the background is plain and unobtrusive. Overall, the image is of high quality and effectively showcases the camera and lens."}, {"ans": [true, false, 1.0], "reasoning": "The image is showing a grand piano on a stage in an auditorium. The piano is clearly visible and appears to be in good condition. The keys of the piano are visible and not missing. The image is of high quality, with clear details and no visible artifacts or distortions."}, {"ans": [true, false, 0.95], "reasoning": "The image shows a paintbrush with visible bristles next to a paint palette. The paintbrush is the main object and is clearly visible, so the answer to the first question is True. The bristles are visible, so the answer to the second question is False. The image quality is high, with clear details and no visible artifacts or distortions, so the quality score is 0.95."}, {"ans": [true, false, 1.0], "reasoning": "The image clearly shows a watch with a strap. The watch face is visible and appears to be in good condition. The strap is also visible and is black in color. There are no visible artifacts, blurring, or other issues that would affect the quality of the image. Therefore, the answer to Question 1 is True, as the image is showing a watch. The answer to Question 2 is False, as the strap is visible. The quality of the image is rated as 1, as it is clear and well-defined."}, {"ans": [true, false, 0.95], "reasoning": "The image clearly shows a person with their mouth open, displaying their teeth and tongue. The presence of a mouth is evident, so the answer to the first question is True. The tongue is visible inside the mouth, so it is not missing or invisible, making the answer to the second question False. The image is of high quality, with clear details and no visible artifacts or distortions, so the quality score is 0.95."}, {"ans": [true, false, 0.95], "reasoning": "The image is showing a motorcycle with handlebars. The handlebars are visible and not missing. The image quality is high with clear details, but there are some minor lens flares around the lights which slightly reduces the quality score."}, {"ans": [true, false, 1.0], "reasoning": "The image is showing a vintage television set on a wooden cabinet. The television has a visible screen, although it is not displaying any content. The image is clear and well-lit, with no visible artifacts or distortions. The main object, the television, is present and the screen is visible, so the answer to the first question is True. Since the screen is visible, the answer to the second question is False. The quality of the image is high, with no noticeable issues, so the quality score is 1.0."}, {"ans": [true, false, 0.9], "reasoning": "The image clearly shows a goat standing on a rocky outcrop. The goat has two visible horns, indicating that horns are present. Therefore, for Question 1, the answer is True because the image is showing a goat. For Question 2, the answer is False because the horns are visible. The quality of the image is rated 0.9 because it is clear and well-defined, with no noticeable artifacts or distortions that would detract from the visibility of the goat or its features."}, {"ans": [true, false, 1.0], "reasoning": "The image clearly shows a red sneaker with white laces. The sneaker is the main object in the image, and it is displayed on a wooden surface in front of a gray locker. The laces are visible and appear to be properly tied. The image is sharp and well-lit, with no visible artifacts or distortions. Therefore, the answer to the first question is True because the image is showing a sneaker. The answer to the second question is False because the laces are visible and not missing. The quality of the image is rated as 1.0 because it is clear and well-defined, with no noticeable issues."}, {"ans": [true, false, 0.95], "reasoning": "The image clearly shows a green frog sitting on a lily pad in the water. The frog's eyes are visible and clearly defined, indicating that they are not missing. The image is sharp and well-defined, with no visible artifacts or blurring that would detract from its quality. The only reason the quality is not rated as 1 is due to the slight reflection and ripples in the water, which are minor and do not significantly impact the overall clarity of the image."}, {"ans": [true, false, 1.0], "reasoning": "The image shows a mug with a handle on the right side, placed on a saucer. The mug is white with a blue floral pattern and has a matching blue rim and handle. The saucer also features a blue pattern around the edge. The background is plain white, and the overall image is clear and well-lit. For Question 1, the image is showing a mug, so the answer is True. For Question 2, the handle is visible, so the answer is False. The quality of the image is high, with no visible artifacts, blurring, or other issues, so the quality score is 1.0."}, {"ans": [true, false, 0.9], "reasoning": "The image clearly shows a saxophone, which is the main object in question. The saxophone is depicted with its keys visible, indicating that the keys are not missing. The image is of high quality, with clear details and no visible artifacts or distortions that would detract from the overall clarity of the saxophone. The slight reduction in quality score is due to minor scratches visible on the bell of the saxophone, but this does not significantly impact the overall visibility of the instrument or its keys."}, {"ans": [true, false, 1.0], "reasoning": "The image clearly shows a skateboard with wheels. The skateboard is positioned on a brick surface, and all four wheels are visible. The image is sharp and well-lit, with no visible artifacts or distortions. Therefore, the answer to Question 1 is True, as the image is showing a skateboard. The answer to Question 2 is False, as the wheels are not missing or invisible. The quality of the image is rated 1.0, as it is clear and well-defined, with no issues affecting its quality."}, {"ans": [true, false, 1.0], "reasoning": "The image is showing a black fedora hat on a stand, and the brim is clearly visible. The image is of high quality with no visible artifacts or distortions."}, {"ans": [true, false, 0.95], "reasoning": "The image clearly shows a motorcycle helmet with a visor. The visor is transparent and is in the closed position, covering the face area of the helmet. The helmet is placed on a workbench, and various tools are scattered around it. The image is well-lit and in focus, indicating a high-quality image. The main object, the motorcycle helmet, is clearly visible, and the visor is also present and visible."}, {"ans": [true, true, 1.0], "reasoning": "The image is showing a bedframe without a mattress. The bedframe is the main object in the image and is clearly visible. The mattress is not present on the bedframe, so it is considered missing. The image is of high quality, with clear details and no visible artifacts or distortions."}, {"ans": [true, false, 1.0], "reasoning": "The image is showing a clock tower with visible clock faces on two sides, so the main object is present. The clock face is visible, so it is not missing. The image is clear and of high quality with no visible artifacts or distortions."}, {"ans": [true, false, 1.0], "reasoning": "The image clearly shows a pocket watch with visible hands, indicating that the main object is present. The hands are not missing or invisible, they are clearly visible on the watch face. The image is of high quality, with clear details and no visible artifacts or distortions."}, {"ans": [true, false, 1.0], "reasoning": "The image clearly shows a red bicycle leaning against a stone wall. The bicycle is fully visible and appears to be in good condition. The pedals are visible and appear to be attached to the bicycle, so they are not missing. The image is sharp and well-lit, with no visible artifacts or distortions. Therefore, the quality of the image is rated as 1.0."}, {"ans": [true, false, 0.9], "reasoning": "The image is a portrait of a woman with visible eyes, so the answer to the first question is True. The eyes are clearly visible, so the answer to the second question is False. The image is of high quality, with clear and detailed features, but the quality score is not 1 due to the slightly unnatural skin tone and the texture of the painting, which may be considered as artifacts by some viewers."}, {"ans": [true, true, 1.0], "reasoning": "The image is clearly showing a grand piano on a stage with spotlights shining down. The lid of the piano is open, and the interior is visible, reflecting the light. However, the hammers inside the piano are not visible due to the angle and lighting. The image is of high quality, with no visible artifacts, blurring, or other issues that would detract from the overall clarity. Therefore, the answer to the first question is True because the main object, a grand piano, is present. The answer to the second question is True because the hammers are not visible. The quality score is 1.0 because the image is clear and well-lit, with no noticeable issues."}, {"ans": [true, true, 1.0], "reasoning": "The image depicts a sailing ship with three masts, indicating it is a sailing vessel. However, there are no sails visible on the masts. The image is clear and well-defined, showing the details of the ship and its surroundings without any noticeable artifacts or distortions."}, {"ans": [true, false, 0.95], "reasoning": "The image depicts a large tree with a wide canopy and visible roots, standing in a grassy field. The tree has a sturdy trunk and numerous branches covered with green leaves. The overall appearance suggests it is an oak tree, given its size and leaf structure. The leaves are clearly visible, indicating they are not missing. The image is of high quality, with clear details and natural colors, though there is a slight gradient effect in the sky that could be considered a minor artifact."}, {"ans": [true, false, 0.95], "reasoning": "The image shows a stone cottage with a brown roof and a chimney, surrounded by trees and vines. The cottage has a door and windows, and the door is clearly visible. The image is well-defined and clear, with no visible artifacts or distortions. The quality of the image is high, with a score of 0.95 out of 1. The door is present and visible, so the answer to question 2 is False."}, {"ans": [true, false, 1.0], "reasoning": "The image clearly shows a passenger jet on a runway. The wings are visible and not missing. The image is clear and of high quality, with no visible artifacts or distortions."}, {"ans": [true, true, 1.0], "reasoning": "The image is clearly showing a wristwatch with a white face and brown leather strap, placed in a box. The watch face has black hour markers but no numbers. The image is sharp and well-lit, with no visible artifacts or distortions. The main object, the wristwatch, is clearly visible. The numbers are missing from the wristwatch face, as it uses hour markers instead."}, {"ans": [true, true, 0.95], "reasoning": "The image shows a pizza with a red sauce base and basil leaves on top. The crust is visible and appears to be cooked. There is no visible cheese on the pizza. The image is clear and well-lit, with no visible artifacts or distortions. The quality of the image is high, with a score of 0.95 out of 1. The main object, a pizza, is present in the image. The cheese is not visible on the pizza, so it is considered missing."}, {"ans": [true, false, 0.9], "reasoning": "The image clearly shows traffic signals above the road, indicating that the main object (traffic signals) is present. The lights on the traffic signals are visible, so they are not missing. The image quality is high, with clear details of the scene, although there is a slight glare from the sun, which does not significantly impact the visibility of the main elements."}, {"ans": [true, false, 1.0], "reasoning": "The image clearly shows a skateboard with a rainbow-colored deck and yellow wheels attached to silver trucks. The skateboard is positioned on a concrete surface, with shadows cast to the right, indicating sunlight from the left. The image is well-lit and in focus, with no visible artifacts or distortions. The main object, the skateboard, is clearly visible, and the wheels are also present and visible. Therefore, the answer to Question 1 is True, as the image is showing a skateboard. The answer to Question 2 is False, as the wheels are not missing and are visible on the skateboard. The quality of the image is rated 1.0, as it is clear and well-defined, with no noticeable issues."}, {"ans": [true, true, 0.9], "reasoning": "The image is showing a chessboard with chess pieces on it. The chessboard is the main object in the image and it is clearly visible. The black pieces are not visible as they are all the same color, gold, and there is no distinction between black and white pieces based on color. Therefore, for Question 1, the answer is True because the image is showing a chessboard. For Question 2, the answer is True because the black pieces are not visible or distinguishable from the white pieces due to their identical color. The quality of the image is rated 0.9 because it is clear and well-lit, with no visible artifacts or distortions that would significantly impact the visibility of the chessboard or pieces."}, {"ans": [true, true, 0.95], "reasoning": "The image clearly shows a red Ferrari sports car in a well-lit room. The car is a convertible with its top down, and it is positioned in a way that its side is visible to the viewer. The brakes are not visible as they are inside the wheels and not directly observable from the outside. The image is of high quality with clear details and no visible artifacts or distortions. The lighting is good, and the reflection on the floor adds to the overall clarity of the image."}, {"ans": [true, true, 1.0], "reasoning": "The image clearly shows an open book on a wooden table, with the pages visible and blank. The main object, a book, is present. The text is not visible on the pages, as they are blank, so it is considered missing. The image is sharp and clear, with no visible artifacts or distortions, indicating high quality."}, {"ans": [true, false, 1.0], "reasoning": "The image clearly shows a computer tower with its side panel removed, revealing the internal components. The computer tower is the main object in the image, and it is visible and identifiable. Therefore, the answer to the first question is True. The fans are visible on the side panel and inside the computer tower, so the answer to the second question is False. The image is of high quality, with clear details and no visible artifacts or distortions, so the quality score is 1."}, {"ans": [true, false, 1.0], "reasoning": "The image clearly depicts a scarecrow standing in a field of wheat. The scarecrow is wearing a plaid shirt, jeans, and a straw hat, and its arms are outstretched and visible. The image is sharp and well-defined, with no visible artifacts or distortions. Therefore, the answer to Question 1 is True because the image is showing a scarecrow. The answer to Question 2 is False because the arms of the scarecrow are clearly visible. The quality of the image is rated as 1.0 because it is clear and well-defined, with no visible issues."}, {"ans": [true, true, 0.9], "reasoning": "The image depicts a man in armor, which is consistent with the representation of a knight. The knight is not holding a sword, and there is no visible sword on his belt or in the surrounding area. The image is of high quality, with detailed rendering of the armor and the background. However, the quality score is not 1 due to slight texture visible on the image, suggesting it might be a digital painting or edited photograph."}, {"ans": [true, false, 0.95], "reasoning": "The image clearly shows a teapot with a handle, spout, and lid, placed on a bamboo mat. The teapot is white with a floral design. The handle is visible on the right side of the teapot. The image is sharp and well-lit, with no visible artifacts or distortions that would affect the quality. The quality score is 0.95 because the image is very clear and detailed."}, {"ans": [true, false, 0.95], "reasoning": "The image clearly shows a basketball hoop with a net. The presence of the hoop and the net is evident, and the net is visible and not missing. The image is of high quality with clear details and no visible artifacts or distortions that would affect the perception of the main object."}, {"ans": [true, false, 0.9], "reasoning": "The image shows a dining table set with plates, cutlery, and glasses. The main object, a dining table, is present. The glasses are visible on the table, so they are not missing. The image is clear and well-lit, with no visible artifacts or distortions that would significantly impact its quality. However, the quality score is not 1 because the image appears to be slightly over-shadowed at the bottom."}, {"ans": [true, true, 0.95], "reasoning": "The image clearly shows a typewriter on a wooden table, with papers around it. The typewriter is the main focus of the image. Upon closer inspection, it is evident that the ribbon is not visible, suggesting it is either missing or not properly threaded. The image is sharp and well-lit, with no noticeable artifacts or distortions. The quality of the image is high, with a score of 0.95 out of 1. The main object, the typewriter, is clearly visible, so the answer to the first question is True. The ribbon is not visible, so the answer to the second question is True."}, {"ans": [true, true, 1.0], "reasoning": "The image shows a winter jacket hanging on a coat rack. The jacket is a puffy, cream-colored coat with a fur-lined hood and buttons down the front. There is no visible zipper on the jacket. The image is clear and well-lit, with no visible artifacts or distortions. The quality of the image is high, with a score of 1.0. For question 1, the image is showing a winter jacket, so the answer is True. For question 2, the zipper is not visible on the jacket, so the answer is True."}, {"ans": [true, false, 1.0], "reasoning": "The image clearly shows a sunflower with its characteristic large yellow petals and a prominent center. The seeds are visible in the center of the sunflower, arranged in a spiral pattern. The image is sharp and well-lit, with no visible artifacts or distortions. The quality of the image is high, with a score of 1.0."}, {"ans": [true, false, 1.0], "reasoning": "The image clearly shows an elephant standing on a dirt road in a savannah. The elephant is facing the camera, and its trunk is visible, hanging down between its tusks. The image is sharp and well-defined, with no visible artifacts or distortions that would detract from its quality. Therefore, the answer to Question 1 is True because the image is showing an elephant. The answer to Question 2 is False because the trunk is visible. The quality of the image is rated as 1.0 because it is clear and well-defined, with no noticeable issues."}, {"ans": [true, true, 0.9], "reasoning": "The image is showing a rowboat, which is the main object. The oars are not visible in the image, so they are considered missing. The image is clear and well-defined, with no visible artifacts or distortions that would affect the quality. The only reason for a quality score less than 1 is the slight rippling of the water, which is a natural part of the scene."}, {"ans": [true, false, 0.95], "reasoning": "The image is clearly showing a snowman with a hat and scarf, and it has a face with a nose and mouth. The snowman is standing in a snowy yard with a house in the background. The buttons on the snowman are visible as a row of small black dots on the middle section of the snowman. Therefore, the answer to Question 1 is True. Since the buttons are visible, the answer to Question 2 is False. The image is of high quality, with clear details and no visible artifacts or distortions, so the quality score is 0.95."}, {"ans": [true, false, 1.0], "reasoning": "The image clearly shows a fountain pen placed on top of a notebook. The pen is visible in its entirety, with a clear ink reservoir that is filled with ink, indicating that the ink is visible. The image is sharp and well-lit, with no visible artifacts or distortions. Therefore, the answer to the first question is True, as the image is showing a fountain pen. The answer to the second question is False, as the ink is visible in the pen's reservoir. The quality of the image is rated as 1.0, as it is clear and well-defined, with no issues that would detract from its quality."}, {"ans": [true, false, 0.95], "reasoning": "The image shows a paintbrush with visible bristles, indicating that the bristles are not missing. The paintbrush is clearly visible and appears to be in good condition. The image quality is high, with clear details of the paintbrush and the surrounding palette. The only reason the quality score is not 1 is due to the slight texture visible on the surface, but it does not detract from the overall clarity of the image."}, {"ans": [true, true, 1.0], "reasoning": "The image clearly shows a pair of eyeglasses with round lenses and a metal frame, resting on a piece of paper with text. The temples of the eyeglasses are not visible, indicating they are either missing or not visible in the image. The image is sharp and well-lit, with no visible artifacts or distortions that would affect its quality."}, {"ans": [true, false, 0.9], "reasoning": "The image clearly shows a person holding an umbrella on a rainy street. The umbrella is visible and appears to be intact, with its shape indicating the presence of ribs underneath the fabric. The ribs are not directly visible but are implied by the umbrella's structure. The image is of high quality, with clear details and no significant artifacts or distortions that would detract from the visibility of the main objects. The slight fog and rain effects do not significantly impact the overall clarity."}, {"ans": [true, false, 1.0], "reasoning": "The image clearly shows a wristwatch with a gold case and black strap, displayed under a glass dome. The watch face is visible and features hour markers, which are the numbers on the outer rim of the face. Therefore, for Question 1, the answer is True because the image is showing a wristwatch. For Question 2, the answer is False because the hour markers are visible on the watch face. The image quality is rated 1.0 because it is clear and well-lit, with no visible artifacts or distortions."}, {"ans": [true, false, 0.9], "reasoning": "The image shows a camping tent in a grassy field. The tent is clearly visible and appears to be set up with poles, as indicated by the shape and structure of the fabric. The poles are visible and appear to be holding up the tent. The image is clear and well-lit, with no visible artifacts or distortions that would affect the quality. The quality score is 0.9 because the image is very clear and well-composed, with the tent being the main focus. The only reason it's not a 1 is because of the slight grass texture and minor shadowing that could be considered minor imperfections."}, {"ans": [true, false, 1.0], "reasoning": "The image is showing a cuckoo clock with weights, which are the pinecones hanging below the clock face. The weights are clearly visible, so they are not missing. The image is of high quality, with clear details and no visible artifacts or distortions."}, {"ans": [true, true, 0.95], "reasoning": "The image is showing a smartphone. The phone is floating in the air with its screen facing upwards. The screen is on and displaying a white background with black stripes. The phone's bezel is black, and it has a small hole at the top center, likely for the front camera. The phone's bottom edge has several small holes, which could be for speakers or microphones. However, there is no visible speaker grille on the phone. The image quality is generally good, with clear details of the phone and its surroundings. The lighting is also well done, with soft shadows cast on the background. However, the image could be slightly sharper, as there is a slight blurring effect around the edges of the phone. Overall, the image is well-composed and effectively showcases the phone's design."}, {"ans": [true, true, 0.9], "reasoning": "The image clearly shows a motorcycle positioned on a road, facing the viewer. The motorcycle is the main object in the image, and it is visible and identifiable. Therefore, the answer to the first question is True. Upon closer inspection, it is evident that the speedometer is not visible on the motorcycle. The visible parts include the handlebars, headlight, and front wheel, but there is no visible speedometer. Thus, the answer to the second question is True, as the speedometer is either missing or not visible. The image quality is rated 0.9 because it is clear and well-defined, with no significant artifacts or distortions that would hinder the identification of the motorcycle or its components."}, {"ans": [true, true, 1.0], "reasoning": "The image shows a violin bow with a visible stick and metal fittings, but the hair is not visible. The bow is placed on a red fabric background. The image is clear and well-lit, with no visible artifacts or distortions. The quality of the image is high, as it is sharp and well-defined."}, {"ans": [true, true, 0.95], "reasoning": "The image depicts a large, ornate birdcage hanging from a porch ceiling. The birdcage is the main object in the image and is clearly visible. Upon closer inspection, it is evident that there is no perch visible inside the birdcage. The image is of high quality, with clear details and no visible artifacts or distortions. The only reason the quality score is not 1 is due to the slight overexposure of the image, which causes some loss of detail in the brightest areas."}, {"ans": [true, false, 0.95], "reasoning": "The image depicts a statue of a woman in a classical setting with columns. The statue is intact and has a head, which is visible. The quality of the image is high, with clear details and no visible artifacts or distortions that would significantly impact the perception of the statue or its details. The slight deduction in quality score is due to the image being a rendering rather than a photograph, which might slightly affect its realism."}, {"ans": [true, false, 1.0], "reasoning": "The image clearly shows a teddy bear sitting on a bed. The teddy bear has a visible nose, so the nose is not missing. The image is clear and of high quality, with no visible artifacts, blurring, or other issues that would affect the quality score."}, {"ans": [true, false, 1.0], "reasoning": "The image clearly shows a pair of high-top sneakers with white laces. The sneakers are positioned on a black mat in front of a white wall, and the laces are visible and not missing. The image is well-lit and clear, with no visible artifacts or distortions that would affect the quality."}, {"ans": [true, false, 1.0], "reasoning": "The image clearly shows a refrigerator with its doors open, revealing the interior. The refrigerator is the main object in the image, and it is visible and well-defined. The door shelves are also visible on the inside of the doors. The image is of high quality, with no visible artifacts, blurring, or other issues that would affect the clarity of the objects depicted. Therefore, the answer to Question 1 is True because the image is showing a refrigerator. The answer to Question 2 is False because the door shelves are visible. The quality of the image is rated 1.0 because it is clear and well-rendered, with no visible defects."}, {"ans": [true, false, 0.95], "reasoning": "The image depicts a group of people gathered around a campfire in a forest, with flames clearly visible. The presence of the campfire and the flames answers the first question affirmatively. For the second question, since the flames are visible, the answer is negative. The image is of high quality, with clear details and no visible artifacts or distortions that would significantly impact the perception of the scene, hence a quality score of 0.95."}, {"ans": [true, false, 0.95], "reasoning": "The image shows a drinking fountain with water flowing from it, indicating that it is present and visible. The main object, the drinking fountain, is clearly visible in the image. The quality of the image is high, with clear details and no visible artifacts or distortions. The only reason for not giving it a perfect score is the slight presence of dirt or debris on the pavement, but it does not significantly affect the overall quality."}, {"ans": [true, false, 0.9], "reasoning": "The image shows a revolver with a visible trigger guard. The main object, a revolver, is clearly visible and identifiable. The trigger guard is present and not missing or invisible. The image is of high quality with clear details of the revolver and its components. The only reason for not giving it a perfect score is the slight texture visible on the green surface, but it does not significantly impact the visibility of the main object."}, {"ans": [true, false, 0.9], "reasoning": "The image is a detailed illustration of a compass rose, which is clearly visible in the center. The compass rose has multiple rings and ornate details, and it includes a north arrow pointing upwards. The image is well-drawn and has a vintage aesthetic. The quality of the image is high, with clear lines and details, although there are some minor signs of wear and tear around the edges, such as small tears and discoloration. The presence of the north arrow is evident, so it is not missing."}, {"ans": [true, false, 0.9], "reasoning": "The image depicts a futuristic cityscape with numerous skyscrapers, some of which have visible windows. The presence of skyscrapers satisfies the first question. For the second question, the windows are visible on several of the skyscrapers, so they are not missing or invisible. The image is of high quality, with clear details and no significant artifacts or distortions, though it is slightly surreal and futuristic, but that does not detract from its quality."}, {"ans": [true, true, 1.0], "reasoning": "The image depicts a man in a tuxedo standing on a podium, waving to an audience. He is surrounded by musicians playing violins, indicating that he is a conductor. The conductor's right hand is raised in a waving gesture, while his left hand is resting on the podium. There is no visible baton in either of his hands. The image is clear and well-defined, with no visible artifacts or distortions. Therefore, the answer to Question 1 is True, as the image is showing a conductor. The answer to Question 2 is also True, as the baton is not visible. The quality of the image is rated as 1.0, as it is clear and well-defined."}, {"ans": [true, true, 1.0], "reasoning": "The image shows a soccer goal with two visible posts, indicating that it is a soccer goal. The crossbar is not visible, suggesting that it is either missing or not visible from the given perspective. The image is clear and well-defined, with no visible artifacts, blurring, or other issues that would affect its quality."}, {"ans": [true, false, 1.0], "reasoning": "The image is showing a microscope with lenses visible. The microscope is clearly visible and appears to be in good condition. The lenses are also visible and not missing. The image is clear and well-lit, with no visible artifacts or distortions. Therefore, the answer to the first question is True, and the answer to the second question is False. The quality of the image is rated as 1, indicating that it is of high quality."}]