[{"ans": [true, true, 1.0], "reasoning": "The image shows a sailboat on the water. The sailboat has a mast and rigging, but the sails are not visible as they are likely furled or stowed. The boat is white with a red flag at the back. The image is clear and well-lit, with no visible artifacts or distortions. The quality of the image is high."}, {"ans": [true, true, 0.95], "reasoning": "The image clearly shows a bicycle leaning against a brick wall. The bicycle is red and has a worn appearance, indicating it is old. The chain of the bicycle is not visible, suggesting it is either missing or not visible due to the angle or condition of the bike. The image is clear and well-lit, with no visible artifacts or distortions that would affect the quality. The main object, the bicycle, is easily identifiable. Therefore, the answer to Question 1 is True because the image is showing a bicycle. The answer to Question 2 is True because the chain is not visible. The quality of the image is rated 0.95 out of 1, as it is clear and well-defined with no significant issues."}, {"ans": [true, false, 1.0], "reasoning": "The image clearly shows a cat sitting on a windowsill. The cat is centered and well-defined, indicating that the main object is present. Upon closer inspection, the cat's whiskers are visible, albeit somewhat faint, around its mouth area. The image is sharp and clear, with no visible artifacts or distortions that would detract from its quality. Therefore, the answer to the first question is True because the image is showing a cat. The answer to the second question is False because the whiskers are visible. The quality of the image is rated 1.0 because it is clear and well-defined, with no noticeable issues."}, {"ans": [true, true, 0.8], "reasoning": "The image depicts a large stone castle with towers and battlements, which is the main object. The castle is clearly visible, so the answer to Question 1 is True. The gates are not visible in the image, so the answer to Question 2 is True. The image quality is generally good, but it has been edited to include a cartoonish elephant, which slightly reduces its quality score to 0.8 due to the unnatural element."}, {"ans": [true, false, 0.95], "reasoning": "The image clearly shows a hot-air balloon with a visible basket. The balloon is centered in the frame, and the basket is hanging below it, containing people. The image is sharp and well-lit, with a clear blue sky and a picturesque landscape in the background. The quality of the image is high, with no visible artifacts or distortions. The only reason the quality score is not 1 is due to a slight gradient effect in the sky, which could be considered a minor processing artifact."}, {"ans": [true, false, 0.9], "reasoning": "The image clearly shows a turtle with a visible shell. The turtle is centered in the image, and its shell is prominent. The image is of good quality, with clear details of the turtle's features. However, the quality score is not 1 due to slight graininess in the image."}, {"ans": [true, false, 0.95], "reasoning": "The image clearly shows a train at a station, indicating that the main object is indeed a train. The train's wheels are visible under the front carriage, so they are not missing or invisible. The image is well-lit and clear, with no significant artifacts or distortions that would affect its quality. The slight decrease in quality score is due to minor shadows and the natural lighting conditions, but overall, the image is crisp and detailed."}, {"ans": [true, false, 0.9], "reasoning": "The image clearly shows a pair of eyeglasses with lenses. The lenses are visible and not missing, so the answer to the second question is false. The image is of high quality, with clear details and no visible artifacts or distortions that would significantly impact the perception of the eyeglasses. However, there are some minor spots on the lenses, which slightly reduces the quality score to 0.9."}, {"ans": [true, false, 0.95], "reasoning": "The image clearly shows a fountain pen with a visible nib, thus answering the first question as True. For the second question, since the nib is visible, the answer is False. The image is of high quality with clear details and no visible artifacts or distortions, hence a quality score of 0.95. The slight deduction from 1 is due to the natural aging effect on the paper, which is not considered a defect but rather part of the image's character."}, {"ans": [true, true, 1.0], "reasoning": "The image shows two umbrellas, one hanging on the wall and the other lying on the ground. The canopy of both umbrellas is missing. The image is clear and well-lit, with no visible artifacts or distortions. Therefore, the answer to Question 1 is True because the image is showing an umbrella. The answer to Question 2 is True because the canopy is missing or not visible. The quality of the image is rated as 1.0 because it is clear and well-lit, with no visible issues."}, {"ans": [true, false, 1.0], "reasoning": "The image clearly shows an airplane on a runway, with its wings visible. The presence of the airplane is evident, and the wings are not missing or invisible. The image is of high quality, with no visible artifacts, blurring, or other issues that would detract from its clarity."}, {"ans": [true, false, 0.95], "reasoning": "The image clearly shows a desk lamp with a bulb, so the answer to Question 1 is True. The bulb is visible and present, so the answer to Question 2 is False. The image quality is high, with clear details and no visible artifacts or distortions, so the quality score is 0.95. The slight yellowish tone is likely due to the lighting and not considered a decrease in quality."}, {"ans": [true, false, 1.0], "reasoning": "The image clearly shows an electric guitar with a visible neck. The guitar is hanging on a wall, and its body and neck are well-illuminated, making all details visible. There are no signs of blurring, artifacts, or other issues that would affect the image quality. Therefore, the answer to the first question is True because the main object, an electric guitar, is present. The answer to the second question is False because the neck is clearly visible. The quality of the image is rated 1.0 since it is clear and well-defined."}, {"ans": [true, false, 0.9], "reasoning": "The image clearly depicts a fish with visible fins, scales, and eyes, indicating that it is indeed a fish. The presence of fins is evident, so they are not missing or not visible. The image quality is high, with clear details and no significant artifacts or distortions, though there might be a slight decrease in quality due to the complexity of the scene and the reflection on the ice."}, {"ans": [true, false, 1.0], "reasoning": "The image clearly depicts a cottage with a roof. The roof is visible and not missing. The image is of high quality with no visible artifacts, blurring, or other issues that would detract from its clarity."}, {"ans": [true, true, 0.95], "reasoning": "The image is showing a vintage convertible car, which meets the condition of being a car. The windshield is not visible as the image focuses on the interior and the hood is down or possibly removed, so it is considered missing. The image is of high quality with clear details and no visible artifacts or distortions, hence the quality score is 0.95."}, {"ans": [true, false, 0.95], "reasoning": "The image shows a keyboard with a transparent case and backlighting. The keyboard is fully visible, and the spacebar is present and clearly visible. The image is of high quality, with clear details and no visible artifacts or distortions. The only reason the quality score is not 1 is due to the slight gradient effect in the background, but it does not affect the visibility of the keyboard."}, {"ans": [true, false, 0.9], "reasoning": "The image is clearly showing an owl with detailed feathers, perched on a tree branch under a full moon. The owl's feathers are visible and well-defined, indicating that they are not missing or invisible. The image is of high quality with clear details, although it might be slightly diminished due to potential artifacts or over-processing around the moon's glow, hence a quality score of 0.9."}, {"ans": [true, true, 0.9], "reasoning": "The image shows a book with a leather cover, and the pages are not visible as they are facing downwards or possibly missing. The main object in the image is indeed a book. The pages are not visible, so they can be considered missing or not visible. The image quality is high, with clear details of the book and its surroundings, but slightly decreased due to minor artifacts."}, {"ans": [true, false, 1.0], "reasoning": "The image clearly shows a lighthouse with a lamp visible inside the lantern room. The lighthouse is the main object in the image and is depicted in good detail. The lamp is also visible, indicating that it is not missing. The image quality is high, with no noticeable artifacts, blurring, or other issues that would detract from the overall clarity of the image."}, {"ans": [true, false, 1.0], "reasoning": "The image is showing an armchair with visible legs. The chair is centered in the image and is clearly visible, indicating that it is the main object. The legs of the chair are also visible, so they are not missing or not visible. The image is clear and of high quality, with no visible artifacts or distortions."}, {"ans": [true, true, 0.9], "reasoning": "The image is clearly showing a deer standing in a forest. The deer appears to be without antlers, and upon closer inspection, it is evident that the deer is likely a female or a young male as there are no visible antlers. The image is of high quality with good lighting and clarity, although the quality score is not 1 due to the slight softness around the edges of the deer and the forest background."}, {"ans": [true, false, 1.0], "reasoning": "The image shows a white envelope on a marble surface. The envelope is closed and has a visible flap. The image is clear and well-lit, with no visible artifacts or distortions. The quality of the image is high."}, {"ans": [true, true, 1.0], "reasoning": "The image shows a wall clock with a white face and black hands, mounted on a wall above a fireplace. The clock face does not have any numbers visible. The image is clear and well-defined, with no visible artifacts or distortions. The quality of the image is high, with a score of 1.0. For Question 1, the image is showing a wall clock, so the answer is True. For Question 2, the numbers are not visible on the clock face, so the answer is True."}, {"ans": [true, false, 0.9], "reasoning": "The image clearly shows a person wearing a space suit, and the helmet is visible on the person's head. The image is of high quality, with clear details of the space suit and the surrounding environment. The only reason the quality score is not 1 is because of the slight rippling effect on the water, which could be considered a minor artifact."}, {"ans": [true, false, 1.0], "reasoning": "The image clearly shows a windmill with its blades visible, standing in a field of wheat. The main object, the windmill, is present and identifiable. The blades are also present and visible, indicating that they are not missing. The image is clear and well-defined, with no visible artifacts or distortions that would affect its quality. Therefore, the answer to Question 1 is True, as the image is showing a windmill. The answer to Question 2 is False, as the blades are not missing or invisible. The quality of the image is rated as 1.0, indicating that it is of high quality."}, {"ans": [true, true, 0.95], "reasoning": "The image clearly shows a large tree with bare branches, indicating that it is either without leaves or the leaves are not visible. The main object, a tree, is present in the image. The leaves are not visible on the main tree or most of the other trees in the background, suggesting they are missing or not visible. The image is of high quality, with clear details and no visible artifacts or distortions that would affect the perception of the main object or the presence of leaves."}, {"ans": [true, true, 0.95], "reasoning": "The image is showing a yellow school bus. The doors of the bus are not visible in the given image, as the image is cropped to show the side of the bus with the seats visible. The quality of the image is high, with clear details of the bus and its surroundings. There are no visible artifacts, blurring, or other issues that would affect the quality score."}, {"ans": [true, true, 1.0], "reasoning": "The image is showing a laptop with its screen facing away from the viewer, so the screen is not visible. The laptop is clearly identifiable as the main object in the image. The image is clear and well-lit, with no visible artifacts or distortions that would affect its quality. Therefore, the answer to Question 1 is True because the image is showing a laptop. The answer to Question 2 is True because the screen is not visible. The quality of the image is rated as 1.0 because it is clear and well-lit, with no visible issues."}, {"ans": [true, true, 0.95], "reasoning": "The image shows a trumpet without a mouthpiece. The main object, a trumpet, is clearly visible and identifiable. The mouthpiece is not attached to the trumpet, making it missing or not visible. The image is clear and well-lit, with no visible artifacts or distortions that would affect its quality. The quality score is 0.95 because the image is very clear and well-defined."}, {"ans": [true, false, 0.95], "reasoning": "The image clearly depicts a robot with a visible head in a laboratory setting. The robot is white with mechanical parts and has wires attached to its head and body. The head is fully visible, facing to the right. The image is sharp and well-lit, with no significant artifacts or distortions that would affect the visibility of the robot or its head. The quality of the image is high, with clear details of the robot and the laboratory equipment around it."}, {"ans": [true, true, 1.0], "reasoning": "The image depicts a cylindrical candle on a silver tray. The candle appears to be made of wax and has a smooth surface. There is no visible wick on the candle. The image is clear and well-lit, with no visible artifacts or distortions. Therefore, the answer to Question 1 is True because the image is showing a candle. The answer to Question 2 is True because the wick is not visible. The quality of the image is rated as 1.0 because it is clear and well-lit, with no visible issues."}, {"ans": [true, false, 0.95], "reasoning": "The image is showing a pizza with visible toppings, including tomatoes and basil leaves, and what appears to be melted cheese under the sauce and toppings. The presence of the pizza is clear, so the answer to the first question is True. For the second question, the cheese is visible as it is melted under the toppings, so the answer is False. The image is of high quality with clear details and no visible artifacts or distortions, hence the quality score is 0.95. The slight deduction is due to minor texture and slight unevenness in lighting, but it does not significantly impact the visibility of the pizza or its toppings."}, {"ans": [true, true, 0.95], "reasoning": "The image is showing a DSLR camera body without a lens, as evidenced by the visible internal mechanisms of the camera mount. The lens is not attached to the camera, so it is considered missing. The image is clear and well-lit, with no visible artifacts or distortions that would affect its quality. The camera body and other objects in the image are in sharp focus, and the colors appear natural. The only reason for a quality score less than 1 is a slight presence of visible wood grain and minor shadow details, but these do not detract significantly from the overall clarity of the image."}, {"ans": [true, false, 0.95], "reasoning": "The image shows a grand piano on a stage in an auditorium. The piano is clearly visible and appears to be in good condition. The keys are visible and not missing. The image is well-lit and there are no visible artifacts or distortions that would affect the quality. The quality score is 0.95 because the image is very clear and well-composed."}, {"ans": [true, true, 0.9], "reasoning": "The image shows a paintbrush with its handle and ferrule visible, but the bristles are not visible as they are likely covered in paint and possibly stuck to the palette or canvas. The image is clear and well-lit, showing various colors of paint on a palette and the surrounding surface. The quality of the image is high, with no noticeable artifacts or blurring. Therefore, the answer to the first question is True because a paintbrush is visible, and the answer to the second question is True because the bristles are not visible."}, {"ans": [true, true, 0.95], "reasoning": "The image clearly shows a watch on a countertop. The watch is the main object and is visible. The strap of the watch is not visible, as it is either missing or not shown in the image. The image is of high quality, with clear details and no visible artifacts or distortions. The quality score is 0.95 because the image is sharp and well-lit, but not perfect due to minor potential compression or rendering artifacts that are not immediately obvious."}, {"ans": [true, true, 0.9], "reasoning": "The image shows a man in a dentist's chair with his mouth open, revealing his teeth. The dentist is holding various tools near the man's mouth. The man's tongue is not visible, likely due to the dental procedure being performed. The image is clear and well-lit, with no visible artifacts or distortions that would significantly impact the quality. The main object (the mouth) is clearly visible, and the tongue is not visible, so it is considered missing."}, {"ans": [true, false, 0.9], "reasoning": "The image clearly shows a motorcycle, which is the main object. The motorcycle is depicted with its handlebars visible, so they are not missing or invisible. The image is well-lit and has a clear view of the motorcycle, with some artistic lighting effects in the background. The overall quality of the image is high, with no noticeable artifacts or distortions that would detract from the viewer's understanding of the scene. The slight purple tint and neon lights are artistic choices and do not negatively impact the quality."}, {"ans": [true, false, 0.95], "reasoning": "The image clearly shows an old television set with a visible screen displaying an image. The screen is not missing; it is present and showing content. The quality of the image is high, with clear details of the television and its surroundings. The slight deduction in quality score is due to the slight artificial look of the image, but it does not significantly impact the visibility or understanding of the content."}, {"ans": [true, false, 0.95], "reasoning": "The image clearly depicts a goat standing on a rocky outcrop, with a snowy mountain landscape in the background. The goat is white and fluffy, with horns visible on its head. The image is sharp and well-defined, with no noticeable artifacts or distortions. The horns are clearly visible, so they are not missing or invisible."}, {"ans": [true, false, 1.0], "reasoning": "The image clearly shows a red sneaker, which is the main object. The laces are present and visible, so they are not missing or invisible. The image is sharp and clear, with no visible artifacts or distortions, indicating high quality."}, {"ans": [true, false, 0.9], "reasoning": "The image is clearly showing a frog sitting on a lily pad in water. The frog's eyes are visible and clearly seen, so the answer to the second question is False. The image is sharp and well-defined, with good lighting and no visible artifacts or distortions, hence a high quality score of 0.9. The slight deduction is due to the minor ripples in the water that could be considered a minor distortion."}, {"ans": [true, false, 1.0], "reasoning": "The image is showing a mug with a handle, so the answer to the first question is True. The handle is visible, so the answer to the second question is False. The image is clear and of high quality, with no visible artifacts or distortions, so the quality score is 1.0."}, {"ans": [true, false, 0.9], "reasoning": "The image clearly shows a saxophone, which is the main object in question. The saxophone is depicted with its keys visible, indicating that the keys are not missing. The image is of high quality, with clear details of the saxophone and its keys, although there is a slight artifact from the lighting on the curtain in the background."}, {"ans": [true, false, 1.0], "reasoning": "The image clearly shows a skateboard with wheels. The skateboard is positioned on a brick surface, and its wheels are visible and intact. The image is sharp and well-lit, with no visible artifacts or distortions that would affect its quality."}, {"ans": [true, false, 1.0], "reasoning": "The image clearly shows a fedora hat on a stand. The hat has a visible brim, so it is not missing or invisible. The image is of high quality, with clear details and no visible artifacts or distortions."}, {"ans": [true, false, 0.95], "reasoning": "The image is showing a motorcycle helmet with a visor. The visor is clearly visible and not missing. The image is of high quality with clear details and no visible artifacts or distortions. The only reason it doesn't score a perfect 1 is due to minor wear and tear visible on the workbench and surrounding tools, but this does not affect the clarity or the main subject of the image."}, {"ans": [true, true, 1.0], "reasoning": "The image clearly shows a bedframe, which is the main object in the image. The bedframe is ornate and made of wood, with intricate carvings on the headboard and footboard. The mattress is not visible, as it is not present on the bedframe. The image is of high quality, with clear details and no visible artifacts or distortions. The lighting is even, and the colors are natural and well-balanced."}, {"ans": [true, false, 1.0], "reasoning": "The image clearly shows a clock tower, so the answer to the first question is True. The clock face is visible on the tower, so the answer to the second question is False. The image is sharp and clear, with no visible artifacts or distortions, so the quality score is 1.0."}, {"ans": [true, false, 0.95], "reasoning": "The image clearly shows a pocket watch with its cover open, revealing the inner workings and the hands of the watch. The hands are visible, indicating that they are not missing. The image is of high quality, with clear details and no visible artifacts or distortions. The slight deduction in quality score is due to the fabric background having some minor reflections and texture that might be considered slightly unnatural, but it does not detract significantly from the main subject."}, {"ans": [true, false, 0.95], "reasoning": "The image clearly shows a bicycle leaning against a stone wall. The bicycle is red with silver accents and has the word 'FROID' written on its frame. It has two wheels, a seat, handlebars, and a chain connecting the pedals to the gears. The pedals are visible and appear to be attached to the bicycle. The image is well-lit and in focus, with no visible artifacts or distortions that would detract from its quality. The overall condition of the image is good, with a clear view of the bicycle and its components."}, {"ans": [true, false, 0.9], "reasoning": "The image shows a portrait of a woman with her eyes visible, hanging on a wall in an art gallery. The portrait is the main focus of the image and is well-lit, indicating that it is the central piece being displayed. The woman's eyes are clearly visible, so they are not missing or invisible. The image is of high quality, with clear details and no visible artifacts or distortions. The only reason the quality score is not 1 is because the image is a photograph of a painting, and there may be some slight loss of detail due to the camera's capture."}, {"ans": [true, false, 0.95], "reasoning": "The image clearly shows a grand piano on a stage with its lid open, revealing the internal mechanisms including the hammers. The presence of the hammers is visible as they are illuminated by the stage lights. The image is of high quality with clear details and no significant artifacts or distortions that would affect the visibility of the main object or its components."}, {"ans": [true, true, 0.95], "reasoning": "The image depicts a sailing ship, as evidenced by its hull and mast structure, indicating it is designed for sailing. The sails are not visible, suggesting they are either missing or not currently deployed. The image is clear and detailed, with no visible artifacts or distortions that would detract from its quality."}, {"ans": [true, false, 0.9], "reasoning": "The image shows a large tree with a thick trunk and sprawling branches, which is consistent with the appearance of an oak tree. The leaves are visible on the branches, although they appear to be sparse in some areas. The image is clear and well-defined, with no visible artifacts or distortions that would detract from its quality. However, the quality score is not 1 because the grass in the foreground appears slightly unnatural and may be slightly over-processed."}, {"ans": [true, false, 0.95], "reasoning": "The image depicts a stone cottage with a sloping roof and a chimney, surrounded by trees and vines. The cottage is clearly visible, and the door is present and visible on the left side of the image. The image is of high quality, with clear details and no visible artifacts or distortions. The only reason the quality score is not 1 is due to the slight softness in the foliage and the subtle mistiness in the background, which slightly reduces the overall clarity."}, {"ans": [true, false, 1.0], "reasoning": "The image clearly shows a passenger jet on a runway. The wings are visible and not missing, so the answer to the second question is False. The image is sharp and clear, with no visible artifacts or distortions, so the quality score is 1.0."}, {"ans": [true, true, 1.0], "reasoning": "The image is showing a wristwatch with a silver face and brown leather strap. The watch face is plain and does not have any numbers on it. The image is clear and well-lit, with no visible artifacts or distortions. The quality of the image is high, with a score of 1.0. For question 1, the image is showing a wristwatch, so the answer is True. For question 2, the numbers are missing from the wristwatch face, so the answer is True."}, {"ans": [true, false, 0.95], "reasoning": "The image is showing a pizza, which is the main object. The pizza has a red sauce base and is topped with basil leaves. There are also small pieces of what appears to be mozzarella cheese visible under the sauce and basil. The crust is lightly charred around the edges. The image is clear and well-lit, with no visible artifacts or distortions that would detract from its quality. The presence of cheese, although not abundant, is visible, so it is not missing. Therefore, the answer to Question 1 is True, and the answer to Question 2 is False. The quality of the image is rated 0.95 out of 1 because it is sharp and clear, with natural colors and no noticeable issues."}, {"ans": [true, false, 0.8], "reasoning": "The image clearly shows traffic signals above the road, with some of them displaying red lights. The presence of traffic signals is evident, so the answer to the first question is True. For the second question, the lights are visible on the traffic signals, so the answer is False. The quality of the image is rated 0.8 because the sun's glare is causing some overexposure, but the main elements, including the traffic signals and their lights, are still clearly visible."}, {"ans": [true, false, 0.9], "reasoning": "The image clearly shows a skateboard with wheels. The skateboard is positioned on a concrete surface, and its wheels are visible and appear to be intact. The image is well-lit, and the details of the skateboard are clear, indicating a high-quality image. However, the quality score is not 1 due to the presence of some dirt and debris on the concrete surface and minor shadows that could be considered as slight imperfections."}, {"ans": [true, true, 0.9], "reasoning": "The image clearly shows a chessboard with the white pieces arranged on one side and the opposing side empty, indicating that the black pieces are missing or not visible. The image is of high quality, with clear details and no visible artifacts or distortions that would affect the visibility of the main object or its components. The chessboard and the white pieces are well-defined, and the red background is clear and smooth, contributing to a high-quality score."}, {"ans": [true, true, 0.9], "reasoning": "The image shows a red sports car with its doors open, displayed in a showroom. The car is clearly visible and appears to be in good condition. The brakes are not visible as the wheels are not fully shown and the car's body obstructs the view of the brake components. The image is of high quality, with good lighting and no noticeable artifacts or distortions. The only reason for not giving it a perfect score is the slight reflection on the floor and the ceiling, but it does not significantly affect the overall quality."}, {"ans": [true, true, 1.0], "reasoning": "The image clearly shows an open book on a wooden table against a plain background. The pages of the book are blank, indicating that there is no text visible. The image is sharp and well-lit, with no visible artifacts or distortions that would detract from its quality. Therefore, the answer to the first question is True because the image is showing a book. The answer to the second question is also True because the text is missing or not visible from the book, as the pages are blank. The quality of the image is rated as 1.0 because it is clear and well-defined, with no issues that would reduce its quality."}, {"ans": [true, false, 1.0], "reasoning": "The image clearly shows a computer tower with its side panel removed or made of transparent material, allowing a clear view of the internal components. The fans are visible and illuminated, indicating they are present. The image is sharp, well-lit, and free of noticeable artifacts or distortions, hence the quality is rated as 1."}, {"ans": [true, false, 0.95], "reasoning": "The image clearly shows a scarecrow standing in a field of wheat. The scarecrow is made of straw and is wearing a hat and a plaid shirt. The scarecrow has visible arms, which are made of straw and are attached to the body. The image is well-lit and the details are clear, indicating a high-quality image. The quality score is 0.95 because the image is sharp and well-defined, with no visible artifacts or distortions."}, {"ans": [true, true, 0.9], "reasoning": "The image depicts a knight in armor, which directly answers Question 1. The knight is clearly visible, and the main object (the knight) is present, so the answer to Question 1 is True. For Question 2, the sword is not visible on the knight, so the answer is True because the sword is either missing or not visible. The quality of the image is high, with detailed rendering of the armor and the background. However, there are some minor signs of wear or digital artifacts on the right side of the image, which slightly reduces the quality score to 0.9."}, {"ans": [true, false, 1.0], "reasoning": "The image is showing a teapot with a floral design on it. The teapot is white and has a handle on the right side, a spout on the left, and a lid on top. The handle is visible, so it is not missing. The image is clear and well-lit, with no visible artifacts or distortions. Therefore, the quality of the image is high."}, {"ans": [true, false, 0.9], "reasoning": "The image clearly shows a basketball hoop with a net. The basketball hoop is the main object in the image, and it is visible along with the net. The net is white and is attached to the orange rim of the basketball hoop. The image is of high quality, with clear details and no visible artifacts or distortions that would affect the visibility of the main object or the net. The clarity and focus of the image contribute to its high quality score."}, {"ans": [true, false, 0.95], "reasoning": "The image is showing a dining table with plates, cutlery, and glasses. The main object, the dining table, is present. The glasses are visible on the table, so they are not missing. The image is of high quality, with clear details and no visible artifacts or distortions, though the top and bottom parts of the image are slightly cropped."}, {"ans": [true, false, 0.9], "reasoning": "The image clearly shows a vintage typewriter on a desk, with the ribbon visible and in place between the metal parts. The typewriter is the main focus of the image, and it is evident that it is present. The ribbon is also visible, indicating that it is not missing. The image is of high quality, with clear details and no visible artifacts or distortions. The slight decrease in quality score is due to the slight wear and tear visible on the typewriter and the desk, but this does not detract significantly from the overall clarity of the image."}, {"ans": [true, false, 0.95], "reasoning": "The image clearly shows a winter jacket, which is the main object of interest. The jacket is beige, puffy, and has a fur-lined hood, indicating it is a winter jacket. The zipper is visible and appears to be zipped up, so it is not missing. The image quality is high, with clear details of the jacket and its features. The only reason for not giving it a perfect score is the slight presence of a crack in the wall behind the coat rack, but it does not significantly affect the overall image quality or the visibility of the main object."}, {"ans": [true, true, 0.9], "reasoning": "The image clearly shows a sunflower. The seeds are not visible as they are still in the early stage of development and not yet mature. The image quality is high, with clear details of the sunflower and its surroundings. However, there is a slight grid pattern visible in the background, which slightly reduces the quality score to 0.9."}, {"ans": [true, false, 0.95], "reasoning": "The image clearly depicts an elephant with its trunk visible and facing the camera. The main object, the elephant, is present, so the answer to the first question is True. Since the trunk is visible, the answer to the second question is False. The image is of high quality, with clear details and no visible artifacts or distortions, so the quality score is 0.95. The slight deduction from 1 is due to the presence of some dust around the elephant's feet, but it does not significantly impact the overall clarity."}, {"ans": [true, true, 0.95], "reasoning": "The image clearly shows a rowboat, which is the main object. The boat is white with a red bottom and has a wooden seat inside. There are no oars visible in the image. The image is of high quality, with clear details and no visible artifacts or distortions. The quality score is 0.95 because the image is very clear and well-defined, with no noticeable issues."}, {"ans": [true, false, 1.0], "reasoning": "The image is clearly showing a snowman with a hat and scarf, standing in a snowy yard. The snowman has three visible buttons on its body, which are clearly visible. The image is of high quality, with no visible artifacts or distortions. Therefore, the answer to Question 1 is True, as the image is showing a snowman. The answer to Question 2 is False, as the buttons are visible on the snowman. The quality of the image is rated as 1, as it is clear and well-defined."}, {"ans": [true, true, 0.95], "reasoning": "The image shows a fountain pen with a nib touching a blank page in a journal. The pen is red with gold accents and appears to be in use or poised for writing. The ink reservoir is not visible, suggesting it might be empty or not visible due to the angle of the pen. The image is clear and well-lit, with no visible artifacts or distortions that would detract from its quality."}, {"ans": [true, true, 0.9], "reasoning": "The image shows a paintbrush with a wooden handle and a metal ferrule, but the bristles are not visible as they are likely covered in paint and possibly stuck to the palette. The presence of the handle and ferrule indicates that it is a paintbrush. The bristles are not visible, so they can be considered missing or not visible. The image is of high quality, with clear details and vibrant colors, but the quality score is slightly reduced to 0.9 due to the presence of thick paint textures that might be considered as minor artifacts."}, {"ans": [true, false, 0.9], "reasoning": "The image clearly shows a pair of eyeglasses with temples on top of a stack of papers. The eyeglasses are the main object in the image and are clearly visible. The temples are also visible, extending from the sides of the frames. The image is well-lit and in focus, with no visible artifacts or distortions that would detract from its quality. The only reason the quality score is not 1 is due to a slight shadow on the left side of the image, but it does not significantly impact the visibility of the eyeglasses."}, {"ans": [true, false, 0.9], "reasoning": "The image clearly shows a woman holding an umbrella on a rainy street. The umbrella is the main object, and it is visible and identifiable. The ribs of the umbrella are visible under the fabric, so they are not missing or invisible. The image is of high quality, with clear details and no significant artifacts or distortions. The slight glare from the background does not affect the visibility of the umbrella or its ribs."}, {"ans": [true, false, 0.9], "reasoning": "The image shows a wristwatch with a brown leather strap and a gold-colored face. The watch face is visible through a clear glass or plastic dome, and it appears to be a mechanical watch with a skeleton design, showing the inner workings. The hour markers are visible on the watch face, although they are not traditional numerals but rather symbols and lines. The watch is displayed on a white cushion within a black case. The image is clear and well-lit, with no visible artifacts or distortions that would detract from its quality. The quality score is 0.9 because the image is very clear and detailed, with no noticeable issues."}, {"ans": [true, false, 1.0], "reasoning": "The image clearly shows a camping tent in a grassy field, with the tent's structure and fabric visible. The poles are present and appear to be holding the tent upright, so they are not missing. The image is clear and well-lit, with no visible artifacts or distortions that would detract from its quality. Therefore, the answer to Question 1 is True because the image is showing a camping tent. The answer to Question 2 is False because the poles are visible and not missing. The quality of the image is rated 1 because it is clear and free of noticeable issues."}, {"ans": [true, false, 0.95], "reasoning": "The image shows a cuckoo clock with intricate carvings and decorations, including two deer and various ornaments. The clock face is visible, and the weights are hanging below it. The image is clear and well-defined, with no visible artifacts or distortions. The weights are clearly visible, so they are not missing or invisible."}, {"ans": [true, true, 0.9], "reasoning": "The image is showing a smartphone standing upright on a table. The phone's screen is on and displaying the home screen. The phone appears to be an iPhone due to its design and interface. The speaker grille is not visible from the angle the photo is taken, as the phone is facing forward. The image is clear and well-lit, with a shallow depth of field that blurs the background. The overall quality of the image is high, with no visible artifacts or distortions. However, the quality score is not 1 because the image could be slightly sharper."}, {"ans": [true, true, 0.9], "reasoning": "The image clearly shows a motorcycle on a dirt road. The motorcycle is facing the camera, and its front features are visible. The speedometer is not visible in the image, as the focus is on the front of the motorcycle, and the speedometer is typically located on the handlebars or dashboard, which is not fully visible. The image is sharp and well-lit, with no significant artifacts or distortions, hence the high quality score of 0.9."}, {"ans": [true, true, 0.9], "reasoning": "The image shows a violin and a bow. The bow is present but its hair is not visible, indicating it is either missing or not visible. The image is clear and well-lit, with no significant artifacts or distortions that would affect the visibility of the main objects."}, {"ans": [true, true, 0.9], "reasoning": "The image clearly depicts a birdcage hanging from a porch ceiling, containing two birds inside. The cage is made of gold-colored metal with intricate designs and is suspended by chains. The presence of the birdcage fulfills the condition for Question 1. Upon closer inspection, it is evident that there is no visible perch within the cage, thus satisfying the condition for Question 2. The image is of high quality, with clear details and no visible artifacts or distortions that would detract from the overall clarity. The slight overexposure due to the sunlight does not significantly impact the visibility of the main object, the birdcage."}, {"ans": [true, false, 1.0], "reasoning": "The image clearly shows a statue of a woman in a classical style, standing on a marble pedestal within a grand architectural setting featuring large columns. The statue is intact with its head visible, indicating that the head is not missing. The image is of high quality with clear details and no visible artifacts or distortions."}, {"ans": [true, false, 1.0], "reasoning": "The image is clearly showing a teddy bear sitting on a bed. The teddy bear has a visible nose, so the nose is not missing. The image is of high quality, with no visible artifacts, blurring, or other issues that would detract from its clarity. Therefore, the quality score is 1.0."}, {"ans": [true, false, 1.0], "reasoning": "The image clearly shows a pair of white sneakers hanging on a door. The sneakers are the main object in the image, and they are clearly visible. The laces are also visible and appear to be intact. The image is well-lit and has no visible artifacts or distortions. Therefore, the answer to Question 1 is True, as the image is showing sneakers. The answer to Question 2 is False, as the laces are not missing or invisible. The quality of the image is rated as 1.0, as it is clear and well-defined."}, {"ans": [true, false, 1.0], "reasoning": "The image clearly shows a refrigerator with its doors open, revealing the interior. The main object, the refrigerator, is present and visible. The door shelves are also visible on the left door, so they are not missing or invisible. The image is clear and of high quality, with no visible artifacts, blurring, or other issues that would affect the quality score."}, {"ans": [true, false, 0.9], "reasoning": "The image depicts a group of young women gathered around a campfire in a forest setting. The campfire is clearly visible and contains flames, indicating that it is lit. The presence of the campfire and the flames answers both questions. For Question 1, the image is showing a campfire, so the answer is True. For Question 2, since the flames are visible, they are not missing, so the answer is False. The image quality is rated 0.9 because it is clear and well-defined, with no noticeable artifacts or distortions that would detract from the visibility of the main objects."}, {"ans": [true, false, 1.0], "reasoning": "The image clearly shows a drinking fountain with water flowing from it. The main object, the drinking fountain, is present and visible. The water is also visible as it flows from the fountain, so it is not missing or invisible. The image is of high quality with no visible artifacts, blurring, or other issues that would detract from its clarity."}, {"ans": [true, false, 0.9], "reasoning": "The image clearly shows a revolver with a trigger guard. The revolver is positioned on a green fabric inside a box, and a finger is pointing to the trigger guard. The image is clear and well-lit, with no visible artifacts or distortions that would affect the visibility of the revolver or its components. The trigger guard is visible and appears to be intact."}, {"ans": [true, false, 0.9], "reasoning": "The image is a detailed illustration of a compass rose, which is the main object in the image. The compass rose is intricately designed with various elements, including a north arrow that is clearly visible. The presence of the compass rose and the north arrow answers the first question affirmatively. For the second question, the north arrow is visible, so it is not missing. The image quality is high, with clear details and no significant artifacts or distortions, but the quality score is not 1 due to the slightly aged and worn appearance of the illustration, which might be considered a minor degradation."}, {"ans": [true, false, 0.9], "reasoning": "The image depicts a futuristic cityscape with numerous tall, slender skyscrapers, some of which have visible windows or window-like features, while others appear to have neon lights or other design elements that could be interpreted as windows. The presence of these structures satisfies the condition for Question 1. For Question 2, upon closer inspection, many of the skyscrapers do have visible windows or features that resemble windows, so the condition of windows being missing or not visible is not met. The image is of high quality, with clear details and no significant artifacts or distortions that would detract from the overall clarity, thus the quality score is 0.9."}, {"ans": [true, true, 0.95], "reasoning": "The image shows a conductor standing with his back to the camera, leading an orchestra. His right hand is raised, and he is wearing a black suit. The musicians in the orchestra are playing various string instruments. The baton is not visible in the conductor's hand, suggesting it is either missing or not visible. The image is clear and well-focused, with no visible artifacts or distortions that would detract from its quality."}, {"ans": [false, true, 0.9], "reasoning": "The image depicts a soccer field with white lines and corner posts, but there is no visible soccer goal. The absence of a soccer goal directly answers Question 1 as False. For Question 2, since there is no soccer goal present, the crossbar is considered missing, so the answer is True. The image quality is rated 0.9 because it is clear and well-lit, with no visible artifacts or distortions."}, {"ans": [true, false, 1.0], "reasoning": "The image clearly shows a microscope on a laboratory table. The microscope is white with black eyepieces and has multiple lenses visible. The lenses are not missing; they are clearly visible in the image. The image is sharp and well-lit, with no visible artifacts or distortions. Therefore, the quality of the image is high."}]