[{"ans": [true, true, 1.0], "reasoning": "The image is showing a sailboat. The boat has a mast and rigging, which are typical features of a sailboat. However, the sails are not visible, they appear to be furled or stowed. The image is clear and well-lit, with good resolution, so the quality is high."}, {"ans": [true, true, 0.8], "reasoning": "The image shows a bicycle leaning against a brick wall. The bicycle is rusty and appears to be old. The chain is not visible, likely due to rust or damage, making it either missing or not visible. The image is clear and well-lit, with the bicycle being the main focus. The quality of the image is good, with a clear view of the bicycle and its surroundings."}, {"ans": [true, false, 1.0], "reasoning": "The image clearly shows a cat, so the answer to the first question is True. The cat's whiskers are visible, so the answer to the second question is False. The image is of high quality, with the cat in sharp focus and good lighting, so the quality score is 1."}, {"ans": [true, true, 0.8], "reasoning": "The image depicts a castle, which is the main object. The presence of a castle is evident from its structure and architecture. Therefore, the answer to Question 1 is True. Upon closer inspection, it is observed that the gates are not visible or are missing. The entrance to the castle appears to be an open archway without any gates. Hence, the answer to Question 2 is True. The quality of the image is rated 0.8 because it is clear and well-lit, allowing for a good view of the castle's details. The absence of gates does not affect the quality score as per the given instructions."}, {"ans": [true, false, 0.9], "reasoning": "The image prominently features a hot-air balloon, which is the main object. The balloon is shown with its basket visible, indicating that the basket is not missing or invisible. The image is clear and well-lit, capturing the scene of multiple hot-air balloons in a field. The quality of the image is high, with a score of 0.9, as it is sharp and detailed, effectively conveying the scene."}, {"ans": [true, false, 0.9], "reasoning": "The image clearly shows a turtle with its shell visible, indicating that the shell is present and not missing. The presence of the turtle and its shell directly answers both questions. The image is of high quality, capturing the details of the turtle and its environment, hence the quality score is 0.9. The slight deduction is due to minor factors like potential slight graininess or the context not being extremely sharp, but these do not detract significantly from the overall clarity regarding the main subject."}, {"ans": [true, true, 1.0], "reasoning": "The image is showing a train, which is the main object. The train appears to be in a maintenance or storage area with visible tracks and other infrastructure. The wheels of the train are not visible as they are likely obscured by the surrounding environment or the angle of the image. The image is clear and well-lit, showing the train and its surroundings in detail."}, {"ans": [true, false, 1.0], "reasoning": "The image clearly shows eyeglasses with lenses present, so the answer to the first question is True. The lenses are visible, so the answer to the second question is False. The image is well-lit and in focus, with no visible distortions or obstructions, so the quality is rated as 1."}, {"ans": [true, false, 1.0], "reasoning": "The image clearly shows a fountain pen with a visible nib. The nib is not missing or obscured, it is clearly visible at the end of the pen. The image is of high quality, with good lighting and focus on the pen and its nib."}, {"ans": [true, false, 0.8], "reasoning": "The image is showing an umbrella with a canopy, although it is broken and lying on the ground. The canopy is visible, so it is not missing. The quality of the image is rated 0.8 because it is slightly blurry and has a pinkish hue, but it is still clear enough to identify the main objects."}, {"ans": [true, false, 0.9], "reasoning": "The image clearly shows an airplane on a runway, indicating that the main object is indeed an airplane. The wings of the airplane are visible, so they are not missing or invisible. The image is of high quality as it clearly captures the details of the airplane and its surroundings."}, {"ans": [true, false, 0.9], "reasoning": "The image shows a desk lamp, which is the main object in the image. The lamp is gold-colored and has an adjustable arm, with a bulb visible inside the shade. The bulb is not missing or invisible, it is clearly visible. The image is of high quality, with clear details and good lighting, hence the quality score is 0.9."}, {"ans": [true, false, 0.9], "reasoning": "The image shows an electric guitar with a visible neck, so the answer to the first question is True. The neck is clearly visible, so the answer to the second question is False. The quality of the image is high, with clear details of the guitar, so the quality score is 0.9. The slight deduction is due to minor imperfections in the image, such as the slight shadow on the wall."}, {"ans": [true, false, 0.8], "reasoning": "The image shows a fish-shaped object encased in ice. The fish is visible and has fins, so the answer to the first question is True. The fins are visible, so the answer to the second question is False. The image is clear and well-lit, but the background is blurry, so the quality is not perfect, hence a score of 0.8."}, {"ans": [true, false, 1.0], "reasoning": "The image depicts a small cottage with a roof, situated in a field of wildflowers. The cottage is the main object in the image and is clearly visible. The roof is also visible, covering the cottage. Therefore, the answer to Question 1 is True, as the image is showing a cottage. The answer to Question 2 is False, as the roof is not missing or invisible. The quality of the image is rated 1.0, as it is clear and well-defined, with no visible distortions or issues."}, {"ans": [true, false, 0.8], "reasoning": "The image shows a classic car with a windshield. The main object in the image is a car, so the answer to the first question is True. The windshield is visible, so the answer to the second question is False. The quality of the image is rated 0.8 because it is slightly overexposed and has some glare, but it is still clear and detailed enough to identify the object and its features."}, {"ans": [true, false, 0.8], "reasoning": "The image is showing a transparent keyboard with illuminated keys. The keyboard is clearly visible and appears to be a custom or specialty keyboard due to its transparent design and the presence of colorful lights underneath the keys. The spacebar is present and visible on the keyboard, indicating that it is not missing. The overall quality of the image is good, with clear details of the keyboard and its components, though the angle and lighting might be considered a bit unconventional."}, {"ans": [true, false, 1.0], "reasoning": "The image is showing an owl with feathers, as the feathers are clearly visible on its body. The presence of the owl is evident, and its feathers are not missing or invisible. The image is of high quality, with clear details of the owl and its surroundings."}, {"ans": [true, false, 1.0], "reasoning": "The image clearly depicts a large, leather-bound book lying open on a wooden table. The pages of the book are visible and not missing. The quality of the image is high, with clear details of the book and its surroundings."}, {"ans": [true, false, 1.0], "reasoning": "The image depicts a lighthouse with a lamp visible at the top. The presence of the lighthouse is clear, and the lamp is also visible, indicating it is not missing or invisible. The image quality is high as it clearly shows the details of the lighthouse and its surroundings."}, {"ans": [true, false, 1.0], "reasoning": "The image shows a cream-colored armchair with a fluffy texture, positioned on a patterned rug. The chair is clearly visible and has four dark brown legs, which are partially obscured by the rug but still visible. The presence of the chair confirms that the main object is an armchair. Since the legs are visible, they are not missing or invisible."}, {"ans": [true, false, 0.9], "reasoning": "The image clearly depicts a deer standing in a forest, facing the camera. The deer has antlers, which are visible and not obscured by any other elements in the image. Therefore, for Question 1, the answer is True because the image is showing a deer. For Question 2, the answer is False because the antlers are present and visible. The quality of the image is rated 0.9, as it is clear and well-lit, with the deer being the central focus."}, {"ans": [true, true, 1.0], "reasoning": "The image shows an envelope, which is the main object. The envelope appears to be closed, but the flap is not visible, indicating it is either missing or not visible. The image is clear and well-lit, allowing for a good view of the envelope, hence the quality is rated as 1."}, {"ans": [true, true, 1.0], "reasoning": "The image shows a wall clock, which is the main object in question. The clock is round and white with black hands, and it is hanging on a wall above a fireplace. The numbers on the clock face are not visible, indicating that they are either missing or not visible. Therefore, the answer to the first question is True because the image is showing a wall clock. The answer to the second question is also True because the numbers on the clock are not visible. The quality of the image is rated as 1.0 because it is clear and well-lit, and there are no visible distortions or issues that would affect the interpretation of the image."}, {"ans": [true, false, 0.8], "reasoning": "The image depicts a person wearing a white space suit submerged in a pool, with the helmet visible on their head. The presence of the space suit is clear, answering the first question affirmatively. Since the helmet is visible, it is not missing or not visible, so the second question is answered negatively. The image quality is rated 0.8 because the water creates some distortion and reflections, but the main subject is still clearly identifiable."}, {"ans": [true, false, 0.8], "reasoning": "The image is showing a windmill with visible blades, so the answer to the first question is True. The blades are visible, so the answer to the second question is False. The quality of the image is rated 0.8 because it appears to be a double exposure or a heavily edited image, which affects its clarity and overall quality."}, {"ans": [true, true, 1.0], "reasoning": "The image is clearly showing a large tree with many branches. The tree appears to be without leaves, as the branches are bare and the sun is visible through them. The image is of high quality, with clear details of the tree's structure and the surrounding environment."}, {"ans": [true, true, 0.8], "reasoning": "The image shows multiple yellow buses, likely school buses, with distorted and overlapping views due to a photographic effect or editing. The buses are recognizable by their yellow color and typical bus shape. However, the doors of the buses are not clearly visible due to the distortion and overlapping of the images. Therefore, for Question 1, the answer is True because the image is showing buses. For Question 2, the answer is True because the doors are not clearly visible or are missing due to the distortion. The quality of the image is rated 0.8 because, despite the distortion, the main subject (the buses) is still recognizable, and the distortion does not detract from identifying the buses themselves."}, {"ans": [true, false, 0.8], "reasoning": "The image shows a laptop with its screen open and visible, displaying a cityscape. The laptop is on a glass table, and the screen is not missing or invisible. The image is clear and well-lit, with a good view of the laptop and its screen."}, {"ans": [true, true, 1.0], "reasoning": "The image shows a saxophone, not a trumpet, but the question asks if the image is showing a trumpet. The main object in the image is not a trumpet, so the answer to the first question is False. However, the task requires answering if the main object is there, no matter if a key element described in the second question is missing from it. The main object, a saxophone, is present. Therefore, the answer to the first question should be True if we were considering the presence of a brass instrument, but strictly speaking, it's not a trumpet. The mouthpiece of the saxophone is not visible, so the answer to the second question is True. The quality of the image is rated 1 because it is clear and well-lit, and the absence of the mouthpiece does not affect the quality score as per the instructions."}, {"ans": [true, false, 0.9], "reasoning": "The image depicts a robot with a visible head enclosed in a transparent dome. The robot is the main object in the image, and it is clearly visible. Therefore, the answer to Question 1 is True. The head of the robot is visible inside the dome, so the answer to Question 2 is False. The image is of high quality, with clear details of the robot and its surroundings, hence the quality score is 0.9."}, {"ans": [true, true, 0.8], "reasoning": "The image shows a candle, which is the main object, so the answer to the first question is True. The wick is not visible in the image, so the answer to the second question is True. The quality of the image is rated 0.8 because it is clear and well-lit, with no visible distortions or obstructions that would affect the visibility of the candle."}, {"ans": [true, false, 0.9], "reasoning": "The image is showing a pizza with visible cheese, although the quality is slightly reduced due to the presence of flour and other toppings on the surface, the main object is clearly visible and identifiable as a pizza."}, {"ans": [false, true, 0.8], "reasoning": "The image shows a disassembled camera, with the lens mount open and the internal mechanisms exposed. The camera body is visible, but it is not clear if it is a DSLR camera. The lens is not attached to the camera body, and it is not visible in the image. Therefore, the answer to Question 1 is False, as the image does not clearly show a DSLR camera. The answer to Question 2 is True, as the lens is missing or not visible. The quality of the image is rated 0.8, as it is a clear and well-lit image, but the disassembly of the camera makes it difficult to identify the type of camera."}, {"ans": [true, true, 1.0], "reasoning": "The image shows a large concert hall with multiple rows of seats and a grand piano on the stage. The piano is visible but its keys are not visible as they are inside the piano. The image is clear and well-lit, indicating good quality."}, {"ans": [false, false, 0.8], "reasoning": "The image shows a palette with paint on it, but there is no paintbrush visible. Therefore, the answer to Question 1 is False. Since there is no paintbrush, the bristles are not visible, but it's not that they are missing from a visible brush, so the answer to Question 2 is also False. The image quality is rated 0.8 because it is a clear and detailed image of a paint palette, and the lack of a paintbrush does not detract from its quality as per the instructions."}, {"ans": [true, false, 1.0], "reasoning": "The image clearly shows a watch with a visible strap. The watch is centered on a granite countertop, and the strap is fully visible, attached to the watch case. Therefore, for Question 1, the answer is True because the image is showing a watch. For Question 2, the answer is False because the strap is not missing and is clearly visible. The quality of the image is rated 1 because it is clear and well-focused on the watch, with no issues affecting the visibility of the main object or its strap."}, {"ans": [true, true, 0.8], "reasoning": "The image is a double-exposed photograph showing a dental procedure. The main object in the image is a mouth, which is visible with various dental tools and equipment around it. The mouth is open, and a dental model or a real mouth with a jawbone is visible, indicating that it is a dental procedure. The tongue is not visible in the image, so it is considered missing or not visible. The image quality is good, with clear details of the dental equipment and the mouth, although the double exposure effect makes it slightly blurry. The quality score is 0.8 because the image is clear enough to identify the main elements, but the double exposure effect reduces its overall clarity."}, {"ans": [true, true, 0.8], "reasoning": "The image depicts a motorcycle, albeit heavily damaged and distorted, with its main structure still recognizable. The handlebars are not visible due to the extensive damage, suggesting they are either missing or obscured. The image quality is high in terms of detail and rendering, despite the abstract and futuristic scene. The key elements of the motorcycle are present, but the handlebars are not discernible."}, {"ans": [true, false, 1.0], "reasoning": "The image shows an old television set with its back panel removed, exposing the internal components. The screen is visible and appears to be intact, although it is displaying a distorted image with three glowing light bulbs inside. The television is the main object in the image, and it is clear that it is a television. Therefore, the answer to the first question is True. The screen is visible, so the answer to the second question is False. The image is clear and well-lit, and the television is the main focus, so the quality is rated as 1."}, {"ans": [true, false, 1.0], "reasoning": "The image shows a goat with visible horns, so the answer to the first question is True. Since the horns are visible, the answer to the second question is False. The image is clear and well-focused, so the quality is rated as 1."}, {"ans": [true, true, 0.8], "reasoning": "The image shows a red sneaker with a white sole, sitting on a metal bench in front of lockers. The sneaker is clearly visible and appears to be the main subject of the image. The laces are not visible, suggesting they are either missing or not visible. The image is well-lit and in focus, indicating a high-quality image. However, the presence of dirt and grime on the lockers and bench slightly reduces the overall quality."}, {"ans": [true, true, 0.8], "reasoning": "The image shows a green frog sitting on a lily pad in the water. The frog's body is visible, but its eyes are not clearly visible, suggesting they might be missing or not visible due to the angle or lighting. The presence of the frog is clear, so the answer to the first question is True. The eyes are not visible, so the answer to the second question is True. The image is clear and well-lit, showing the frog and its surroundings in detail, hence the quality score is 0.8."}, {"ans": [true, false, 1.0], "reasoning": "The image shows a teacup with a handle, which is a type of mug. The handle is visible on the right side of the cup. The image is clear and well-lit, allowing for a good view of the cup and its details. Therefore, the answer to Question 1 is True, and the answer to Question 2 is False. The quality of the image is rated as 1, as it is clear and well-defined."}, {"ans": [true, false, 1.0], "reasoning": "The image shows a saxophone, which is the main object in question. The saxophone is visible and identifiable, so the answer to the first question is True. The keys of the saxophone are also visible, so the answer to the second question is False. The image is clear and well-lit, allowing for a good view of the saxophone and its keys, hence the quality score is 1.0."}, {"ans": [false, false, 0.8], "reasoning": "The image does not show a skateboard, it appears to be a different object, possibly a piece of trash or a damaged item, lying on the ground. The object is partially submerged in water and has some visible parts that resemble wheels or other components, but it does not clearly depict a skateboard. Therefore, the answer to the first question is False. For the second question, the wheels are not missing because there is no clear skateboard to assess. However, if we consider the visible round parts as wheels, they are not missing, so the answer is False. The image quality is rated 0.8 because it is clear enough to identify the main elements, even though it is somewhat obscured by water and the angle is not ideal."}, {"ans": [true, false, 1.0], "reasoning": "The image shows a fedora hat on top of an hourglass. The fedora is clearly visible and has a brim, which is also visible. Therefore, the answer to Question 1 is True because the image is showing a fedora. The answer to Question 2 is False because the brim is not missing or invisible; it is clearly visible around the hat. The quality of the image is rated as 1 because it is clear and well-defined, with no issues that would detract from the visibility of the main object or its key elements."}, {"ans": [true, false, 0.9], "reasoning": "The image shows a motorcycle helmet with a visor. The visor is clearly visible and appears to be intact, although it is cracked and broken in several places. The presence of the visor means it is not missing. The image is of high quality, with good lighting and detail, and the main object (the helmet) is clearly visible. The quality score is not 1 because the image is slightly cluttered with tools and debris around the helmet, which slightly distracts from the main subject."}, {"ans": [true, false, 0.9], "reasoning": "The image clearly shows a bedframe with intricate carvings and a mattress covered with a patterned fabric. The bedframe is the main object in the image, and it is visible in its entirety. The mattress is also visible, covering the bedframe. The image is of high quality, with clear details of the bedframe and its surroundings. The only reason for not giving it a perfect score is the slight darkness in the background, but it does not affect the visibility of the main object."}, {"ans": [true, false, 0.9], "reasoning": "The image is showing a clock tower with a visible clock face. The main object in the image is a tall stone tower with a clock face on one side, which qualifies it as a clock tower. The clock face is clearly visible, so it is not missing or invisible. The image is of high quality, with clear details of the tower and its surroundings, hence a quality score of 0.9."}, {"ans": [true, false, 0.9], "reasoning": "The image shows a pocket watch with its back cover removed, revealing the inner mechanisms. The hands of the watch are visible on the lower part of the dial, indicating that they are not missing. The image is clear and well-lit, showing the intricate details of the watch's mechanism. The quality of the image is high, with a score of 0.9, as it is sharp and well-focused, with good contrast and lighting."}, {"ans": [true, true, 0.8], "reasoning": "The image shows a damaged bicycle leaning against a stone wall. The bicycle is clearly visible, although it is damaged, answering the first question as True. The pedals are not visible, likely due to the damage, so the second question is also True. The quality of the image is rated 0.8 because it is clear and well-lit, showing the details of the bicycle and its surroundings."}, {"ans": [true, false, 0.8], "reasoning": "The image shows a portrait of a woman, which is the main object. The woman's eyes are visible in the portrait, so they are not missing or invisible. The image is well-lit and clear, with a good level of detail, hence the quality score is 0.8."}, {"ans": [true, true, 0.8], "reasoning": "The image depicts a grand piano on a stage with spotlights shining down. The piano appears to be the main object, and it is visible despite being distorted and abstract. The hammers inside the piano are not clearly visible due to the abstract representation and the angle of the open lid. The image quality is rated 0.8 because it is an artistic representation rather than a realistic photograph, but it still clearly conveys the presence of a grand piano."}, {"ans": [true, true, 0.9], "reasoning": "The image depicts a sailing ship with three masts and no visible sails. The presence of masts indicates it is a sailing ship, fulfilling the first question's condition. The sails are not visible, answering the second question affirmatively. The image quality is high, with clear details of the ship and its surroundings, hence a quality score of 0.9."}, {"ans": [true, false, 1.0], "reasoning": "The image depicts a large tree with a wide canopy and a thick trunk, which appears to be an oak tree due to its morphology. The leaves are visible on the branches, indicating that they are not missing. The image is clear and well-lit, with good resolution, hence the quality is rated as 1.0."}, {"ans": [true, false, 0.9], "reasoning": "The image depicts a charming stone cottage surrounded by lush greenery and trees. The cottage is visible and appears to be a traditional, rustic dwelling. The door of the cottage is clearly visible, indicating that it is not missing. The image is of high quality, with clear details and a serene atmosphere. The only reason for not giving it a perfect score is the slight blurriness in some areas, but this does not detract from the overall clarity and appeal of the image."}, {"ans": [true, false, 1.0], "reasoning": "The image is showing a passenger jet on a runway, with its wings clearly visible. The wings are not missing or invisible, they are present and visible on both sides of the aircraft. The image is clear and of high quality, showing the details of the plane and the surrounding environment."}, {"ans": [true, true, 0.8], "reasoning": "The image shows a wristwatch inside a case, with the watch face visible but blurry. The watch face appears to be white with black hands, but the numbers are not visible. The image is slightly out of focus, which affects its overall quality. However, the main object, the wristwatch, is clearly identifiable."}, {"ans": [true, false, 0.9], "reasoning": "The image is showing a pizza with visible cheese, although not abundantly covering the surface. The presence of cheese is evident, so the answer to the first question is True. For the second question, since cheese is visible, the answer is False. The image quality is rated 0.9 because it is clear and well-lit, showing the details of the pizza and its toppings."}, {"ans": [true, false, 0.8], "reasoning": "The image clearly shows multiple traffic signals hanging above the road. The lights on the traffic signals are visible, indicating that they are not missing. The quality of the image is good, with a clear view of the traffic signals and the surrounding environment, although the bright sunlight in the background may cause some overexposure."}, {"ans": [true, true, 0.8], "reasoning": "The image shows a skateboard, which is the main object. The skateboard appears to be broken, with part of it separated from the rest. The wheels are not visible, suggesting they are either missing or not visible due to the angle or the broken state of the skateboard. The image is clear and well-lit, with good visibility of the skateboard's details, hence a high quality score."}, {"ans": [true, false, 0.8], "reasoning": "The image depicts a chessboard with intricately designed pieces, showcasing a game in progress. The chessboard is clearly visible, with both white and black pieces present, although the black pieces are positioned at the top and appear to be made of darker materials or have a different finish compared to the white pieces. The presence of both sets of pieces indicates that the black pieces are not missing. The image is well-lit and focused, providing a clear view of the chessboard and pieces, hence a high quality score."}, {"ans": [true, true, 0.8], "reasoning": "The image is showing a sports car, which is the main object. The brakes are not visible as the image is taken from the side and the brakes are typically located inside the wheels or on the other side of the car. The image is well-lit and clear, with a quality score of 0.8. The main object is present, so the answer to the first question is True. The brakes are not visible, so the answer to the second question is True."}, {"ans": [true, false, 0.9], "reasoning": "The image is showing an open book on a wooden table, with text visible on the pages. The book is the main object in the image, so the answer to the first question is True. The text is clearly visible on the pages, so the answer to the second question is False. The image is of high quality, with clear details of the book and its surroundings, so the quality score is 0.9."}, {"ans": [true, false, 0.9], "reasoning": "The image clearly shows a computer tower with its side panel removed or made of transparent material, revealing the internal components. The presence of fans is evident, as they are visible and illuminated, indicating that they are not missing. The image is well-lit and provides a clear view of the internal components, suggesting a high-quality image. However, the quality score is not 1 due to the slight darkness at the bottom of the image."}, {"ans": [true, false, 0.9], "reasoning": "The image depicts a scarecrow standing in a field. The scarecrow is made of straw and is dressed in a black and white plaid shirt. It has a head, body, and arms, although the arms are somewhat obscured by the surrounding vegetation and the straw used to create it. The presence of the scarecrow is clear, and its arms are visible, albeit not clearly defined due to the materials used in its construction. The image is of good quality, with a clear view of the scarecrow and its surroundings."}, {"ans": [true, false, 0.8], "reasoning": "The image depicts a group of knights in armor, with the central figure being a knight. The presence of a knight is clear, so the answer to the first question is True. Upon closer inspection, it appears that the central knight is wearing a sword at his side, which is visible. Therefore, the answer to the second question is False, as the sword is not missing or invisible. The image is well-detailed and clear, with good lighting and composition, hence the quality score is 0.8."}, {"ans": [true, false, 0.9], "reasoning": "The image is showing a teapot with a handle, so the answer to the first question is True. The handle is visible, so the answer to the second question is False. The image is clear and well-lit, and the teapot is centered in the frame, so the quality is high, rated 0.9."}, {"ans": [true, false, 0.8], "reasoning": "The image is a double exposure of a basketball player dunking a ball into a hoop. The basketball hoop is clearly visible, with a net attached to it. The net is visible and not missing. The image quality is good, but the double exposure effect gives it a slightly distorted and artistic look, hence the quality score of 0.8."}, {"ans": [true, false, 0.9], "reasoning": "The image depicts a dining table set with multiple place settings, each consisting of plates, utensils, and glasses. The table is covered with a white tablecloth and decorated with various items. For Question 1, the image indeed shows a dining table, so the answer is True. For Question 2, the glasses are visible on the table, so the answer is False. The quality of the image is rated 0.9 because it is clear and well-lit, showing all the details of the table setting without any significant obstructions or blurriness."}, {"ans": [true, false, 0.9], "reasoning": "The image clearly shows a typewriter, so the answer to the first question is True. The ribbon is visible and appears to be in place, so the answer to the second question is False. The image is of high quality, showing the details of the typewriter, but the presence of dust and grime slightly reduces its clarity, hence a quality score of 0.9."}, {"ans": [false, false, 1.0], "reasoning": "The image shows a collection of white winter jackets hanging on hangers. The main object in the image is indeed winter jackets. However, upon closer inspection, it is evident that most of the jackets are buttoned, not zipped. One jacket on the right appears to have a zipper, and the zipper is visible. Therefore, for Question 1, the answer is False because not all the jackets are shown with or without a zipper; most are buttoned. For Question 2, the answer is False because the zipper is visible on at least one of the jackets. The quality of the image is rated 1 because it is clear and well-lit, and the key elements (the jackets) are easily discernible."}, {"ans": [true, false, 0.9], "reasoning": "The image depicts a sunflower in a field, with the flower facing forward and its petals visible. The center of the sunflower is also visible, showing the seeds. Therefore, the answer to Question 1 is True because the image is showing a sunflower. The answer to Question 2 is False because the seeds are visible in the center of the sunflower. The quality of the image is rated 0.9, as it is clear and well-defined, with no significant issues affecting its quality."}, {"ans": [true, true, 0.8], "reasoning": "The image is showing an elephant, so the answer to the first question is true. The trunk of the elephant is not visible, as it is obscured by the elephant's body and the presence of other elephants. Therefore, the answer to the second question is true. The quality of the image is rated 0.8 because it is slightly blurry and dusty, but it still clearly depicts the main subject, which is the elephant."}, {"ans": [true, false, 0.9], "reasoning": "The image shows a rowboat, which is the main object. The boat is present, so the answer to the first question is True. The oars are visible inside the boat, leaning against the left side, so they are not missing or invisible. Therefore, the answer to the second question is False. The image is clear and well-lit, showing the details of the boat and its surroundings, so the quality is rated 0.9."}, {"ans": [true, false, 0.9], "reasoning": "The image is showing a snowman with a scarf and a hat. The snowman has buttons visible on its body, so the buttons are not missing. The image is clear and well-defined, with the snowman as the main focus. The quality of the image is high, with a score of 0.9, as it is clear and well-lit."}, {"ans": [true, false, 0.9], "reasoning": "The image shows a fountain pen with a transparent barrel, allowing the ink inside to be visible. The presence of ink is evident from the dark color within the barrel. The pen is placed on a piece of paper with some writing on it, indicating that it is a functional fountain pen. The image is clear and well-lit, with a shallow depth of field that focuses attention on the pen. The quality of the image is high, with good resolution and minimal distortion. Therefore, the answer to Question 1 is True, as the image does show a fountain pen. The answer to Question 2 is False, as the ink is visible inside the pen. The quality of the image is rated 0.9 out of 1, as it is a clear and well-composed photograph."}, {"ans": [true, true, 0.8], "reasoning": "The image shows a paintbrush handle with no visible bristles, indicating that the bristles are either missing or not visible. The handle is clearly visible, confirming the presence of a paintbrush. The quality of the image is rated 0.8 because it is a close-up shot with a lot of detail on the paint and palette, but the focus is on the palette rather than the paintbrush."}, {"ans": [true, true, 0.8], "reasoning": "The image shows a pair of eyeglasses with gold frames and clear lenses, placed on a crumpled piece of paper that appears to be a newspaper or magazine page. The glasses are positioned in the center of the image, with the lenses facing upwards. The temples of the glasses are not visible, as they are either missing or folded back and not visible from the angle of the photo. The image is clear and well-lit, with a shallow depth of field that focuses attention on the glasses. The quality of the image is good, with a rating of 0.8 out of 1.0. The main object, the eyeglasses, is clearly visible, and the background is not distracting. Therefore, the answer to Question 1 is True, as the image is showing eyeglasses. The answer to Question 2 is also True, as the temples are not visible from the eyeglasses."}, {"ans": [true, false, 0.9], "reasoning": "The image clearly shows a person holding an umbrella in a rainy city scene. The umbrella is visible and appears to be intact, with its ribs visible under the fabric. The presence of the umbrella is evident, answering the first question affirmatively. For the second question, the ribs of the umbrella are visible, indicating they are not missing or invisible. The image quality is rated high because it is clear and well-defined, capturing the details of the scene effectively, including the umbrella and its ribs."}, {"ans": [true, true, 0.8], "reasoning": "The image shows a close-up of a wristwatch's inner mechanism, visible through a transparent face. The main object is indeed a wristwatch, so the answer to the first question is True. The hour markers are not visible as the image focuses on the inner workings rather than the watch face, so the answer to the second question is True. The quality of the image is rated 0.8 because it is clear and detailed, showing intricate mechanical parts without any noticeable blur or distortion."}, {"ans": [true, false, 0.9], "reasoning": "The image shows a camping tent in a grassy field with trees in the background. The tent is fully visible and appears to be set up with poles, as indicated by its shape and structure. Therefore, the answer to Question 1 is True because the image is showing a camping tent. The answer to Question 2 is False because the poles are visible and appear to be supporting the tent. The quality of the image is rated 0.9 because it is clear and well-lit, with no visible distortions or obstructions that would detract from the visibility of the tent or its components."}, {"ans": [true, false, 0.8], "reasoning": "The image shows a highly detailed and intricate cuckoo clock with various carved elements, including leaves, animals, and figurines. The clock face is visible in the center, indicating that it is indeed a cuckoo clock. The weights are not immediately visible, but there are chains hanging down from the clock, suggesting that the weights might be present but obscured by other decorative elements. Therefore, for Question 1, the answer is True because the image is showing a cuckoo clock. For Question 2, the answer is False because the weights are not entirely missing or invisible; they are likely obscured by the intricate carvings. The quality of the image is rated 0.8 because it is a detailed close-up, but the complexity of the carvings makes it somewhat difficult to discern all elements clearly."}, {"ans": [true, true, 1.0], "reasoning": "The image is showing a smartphone standing upright on a reflective surface. The phone's screen is visible and appears to be turned on, displaying a reflection of a hand holding another phone. The phone is positioned in a way that its bottom edge is visible, and there is no visible speaker grille on the visible edges. Therefore, for Question 1, the image is showing a smartphone, so the answer is True. For Question 2, since the speaker grille is not visible on the edges that are in view, it is considered missing or not visible, so the answer is True. The quality of the image is rated as 1 because it is clear and well-lit, with the smartphone being the main focus."}, {"ans": [true, true, 0.8], "reasoning": "The image shows a motorcycle, which is the main object, so the answer to Question 1 is True. The speedometer is not visible in the image, as the motorcycle is viewed from behind and the handlebars and other components are obscuring the view of the dashboard, so the answer to Question 2 is True. The image quality is rated 0.8 because it is clear and well-defined, despite being a bit dusty and dirty."}, {"ans": [true, true, 1.0], "reasoning": "The image shows a violin bow on the left side, indicating that the main object is present. The hair on the bow is not visible, suggesting it is either missing or not visible. The quality of the image is rated 1 because it clearly shows the violin bow, and the absence of visible hair does not negatively impact the quality score as per the instructions."}, {"ans": [true, false, 0.9], "reasoning": "The image clearly depicts a birdcage hanging from a porch. The birdcage is gold-colored and has a dome-shaped top with a small bird inside. There is a perch visible inside the cage, so the answer to the second question is False. The image is well-lit and detailed, with a quality score of 0.9."}, {"ans": [true, true, 1.0], "reasoning": "The image shows a statue, which is the main object. The head of the statue is not visible as it is cropped out of the frame, thus it is considered missing. The image is clear and well-lit, showing the details of the statue and its surroundings, hence the quality is rated as 1."}, {"ans": [true, false, 0.9], "reasoning": "The image is showing a large teddy bear sitting on a bed, with smaller versions of the same bear around it. The main teddy bear has a visible nose, so the answer to Question 1 is True. Since the nose is visible, the answer to Question 2 is False. The quality of the image is rated 0.9 because it is clear and well-lit, with no visible distortions or issues that would detract from the visibility of the teddy bear or its features."}, {"ans": [true, false, 0.8], "reasoning": "The image shows a dirty white sneaker with visible laces. The sneaker is the main object in the image, and it is clear that it is a sneaker. The laces are present and visible, threaded through the eyelets. The image quality is good, with clear details of the sneaker and its surroundings, though it could be slightly sharper. The presence of laces answers the second question, indicating they are not missing."}, {"ans": [true, false, 0.9], "reasoning": "The image clearly shows a refrigerator with its doors open, revealing the interior. The refrigerator is stocked with various food items and has multiple shelves and compartments. The door shelves are visible on the right-hand side door, indicating that they are not missing. The image is of high quality, with clear details of the refrigerator's interior and contents. The slight transparency effect does not detract from the overall clarity of the image."}, {"ans": [true, false, 0.9], "reasoning": "The image shows a group of people sitting around a campfire in a forest. The campfire is clearly visible and has flames, so the answer to the first question is True. The flames are visible, so the answer to the second question is False. The image is well-lit and the details are clear, so the quality is rated as 0.9."}, {"ans": [true, false, 1.0], "reasoning": "The image clearly depicts a drinking fountain, which is the main object in question. The drinking fountain is shown with water flowing from it, indicating that water is present and visible. Therefore, the answer to the first question is True because the image is showing a drinking fountain. The answer to the second question is False because the water is visible and not missing from the drinking fountain. The quality of the image is rated as 1 because it is clear and well-defined, with the key elements of the drinking fountain and the water flowing from it clearly visible."}, {"ans": [true, false, 0.9], "reasoning": "The image clearly depicts a revolver, which is the main object in question. The revolver is shown with a trigger guard, which is visible and not missing. The quality of the image is high, with clear details of the revolver's design and the surrounding environment. The presence of a finger pointing to the revolver adds context but does not affect the assessment of the revolver itself. Therefore, the answer to the first question is True because the image is showing a revolver. The answer to the second question is False because the trigger guard is visible and not missing. The quality score is 0.9, indicating a high-quality image with no significant issues."}, {"ans": [true, false, 1.0], "reasoning": "The image is a detailed illustration of a compass rose, which is prominently displayed in the center. The compass rose is ornate and includes various elements such as a fleur-de-lis at the top, indicating north, and other decorative features. The presence of the compass rose and its clear visibility means that the answer to the first question is True. For the second question, the north arrow is visible and clearly indicated by the fleur-de-lis, so the answer is False. The image is of high quality, with clear details and no apparent damage or obscuration that would affect the visibility of the compass rose or its elements, hence the quality score is 1.0."}, {"ans": [true, false, 0.9], "reasoning": "The image depicts a futuristic cityscape with multiple skyscrapers, some of which have visible windows. The presence of skyscrapers satisfies the first question, so the answer is True. For the second question, the windows are visible on many of the buildings, so the answer is False. The quality of the image is rated 0.9 because it is clear and detailed, with no significant issues that would detract from its overall quality."}, {"ans": [true, true, 0.9], "reasoning": "The image shows a conductor standing on a stage, with his back to the camera and his arms raised in the air. He is wearing a black suit and appears to be leading an orchestra. The musicians are seated on either side of him, holding their instruments. The conductor's hands are empty, and there is no visible baton. Therefore, the answer to the first question is True because the image is showing a conductor. The answer to the second question is also True because the baton is not visible. The quality of the image is rated 0.9 because it is clear and well-lit, capturing the moment of the conductor leading the orchestra."}, {"ans": [true, true, 0.8], "reasoning": "The image is showing a soccer field with two soccer goals, one on the left and one on the right. The goal on the left is clearly visible and appears to be a standard soccer goal. The crossbar of the goal is not visible, likely due to the angle of the image. The image quality is good, with clear details of the field and the goals. The quality score is 0.8 because the image is slightly overexposed, but it does not affect the visibility of the main objects."}, {"ans": [true, false, 0.9], "reasoning": "The image appears to be showing a complex piece of laboratory equipment, possibly a microscope or a similar scientific instrument. The main object in the image is a large, multi-component device with various parts and attachments. For Question 1, the image is showing a microscope or a similar device, so the answer is True. For Question 2, the lenses are visible and appear to be attached to the device, so the answer is False. The image is of high quality, with clear details of the equipment, so the quality score is 0.9."}]