[{"ans": [true, true, 0.9], "reasoning": "The image shows a sailboat on the water. The boat has a mast and rigging, indicating it is designed for sailing, but there are no sails visible. The presence of the mast and the design of the boat confirm it is a sailboat, even though the sails are not present or visible, thus answering the first question as true. For the second question, the sails are not visible, so the answer is true. The image is clear and well-composed, showing the sailboat and its surroundings in good detail, hence a high-quality score of 0.9."}, {"ans": [true, true, 1.0], "reasoning": "The image clearly shows a bicycle leaning against a brick wall. The bicycle is red and has a single gear visible, indicating it is likely a single-speed or fixed-gear bike. The chain is not visible, suggesting it is either missing or not visible due to the angle or design of the bike. The image is clear and well-lit, showing all major components of the bicycle."}, {"ans": [true, false, 0.9], "reasoning": "The image clearly shows a cat sitting on a windowsill. The cat is visible and identifiable, so the answer to the first question is True. The whiskers of the cat are clearly visible, so the answer to the second question is False. The quality of the image is high, with clear details of the cat and its surroundings, so the quality score is 0.9. The slight blur in the background does not detract significantly from the overall quality."}, {"ans": [true, true, 1.0], "reasoning": "The image depicts a castle with a large stone wall and a prominent arched entrance. The presence of the castle satisfies the first question. The gates are not visible, as there is only an empty archway, which satisfies the condition for the second question. The image is clear and well-lit, with no visible distortions or obstructions, hence the quality is rated as 1."}, {"ans": [true, false, 0.9], "reasoning": "The image clearly shows a hot-air balloon with a visible basket, so the answer to the first question is True. Since the basket is visible, the answer to the second question is False. The image is of high quality, with clear details of the balloon and its surroundings, so the quality score is 0.9."}, {"ans": [true, false, 0.9], "reasoning": "The image clearly shows a turtle with a visible shell on a beach. The turtle is centered in the image, and its shell is clearly visible, indicating that the shell is not missing or invisible. The image is well-lit and in focus, suggesting a high-quality image. The slight deduction in quality score is due to minor factors such as the texture of the sand and water, but these do not significantly impact the overall clarity of the image."}, {"ans": [true, false, 0.9], "reasoning": "The image clearly shows a train at a station. The train is silver and has multiple cars. The wheels of the train are visible as it sits on the tracks, indicating that they are not missing. The image is well-lit and in focus, suggesting a high-quality image."}, {"ans": [true, false, 1.0], "reasoning": "The image clearly shows a pair of eyeglasses with lenses. The lenses are visible and not missing, so the answer to the second question is False. The image is of high quality as it is clear and well-lit, and the eyeglasses are the main focus."}, {"ans": [true, false, 1.0], "reasoning": "The image clearly shows a fountain pen with a visible nib, so the main object is present. The nib is visible, so it is not missing or invisible. The image is of high quality, with clear details of the pen and its components."}, {"ans": [true, false, 1.0], "reasoning": "The image shows an umbrella with a visible metal frame and a wire mesh canopy. The main object in the image is indeed an umbrella, so the answer to the first question is True. The canopy is present and visible, so the answer to the second question is False. The image is clear and well-lit, and the umbrella is the main focus, so the quality is rated as 1."}, {"ans": [true, false, 1.0], "reasoning": "The image shows a large white airplane on a runway. The airplane is facing left and has its wings visible, although partially obscured by the angle of the image. The presence of the airplane is clear, so the answer to the first question is True. For the second question, since the wings are visible, the answer is False. The image is clear and well-lit, with no significant issues affecting its quality, so the quality score is 1."}, {"ans": [true, false, 1.0], "reasoning": "The image shows a desk lamp with an adjustable arm and a brass shade, positioned above an open book on a wooden table. The lamp is turned on, and the bulb is visible and emitting light. The image is clear and well-lit, with the lamp and book being the main focus."}, {"ans": [true, false, 1.0], "reasoning": "The image is showing an electric guitar with a visible neck, so the main object is present and the neck is not missing."}, {"ans": [true, false, 0.9], "reasoning": "The image clearly depicts a fish, which is the main object. The fish has visible fins, so the fins are not missing or not visible. The image is of high quality, with clear details of the fish and its surroundings, hence a quality score of 0.9."}, {"ans": [true, false, 1.0], "reasoning": "The image depicts a small brick house with a pitched roof, situated in a rural setting. The presence of the house directly answers the first question, confirming that the image is showing a cottage, regardless of the presence of a roof. For the second question, the roof is clearly visible, so it is not missing or invisible. The image is clear and well-defined, with all elements visible, hence the quality score is 1."}, {"ans": [true, false, 0.9], "reasoning": "The image shows a vintage convertible car with its door open, revealing the interior. The windshield is present and visible, although it is not the main focus of the image. The car is parked in a lot with other vehicles and people around, suggesting a car show or similar event. The image is clear and well-lit, with good visibility of the car's features. Therefore, the answer to Question 1 is True because the image is showing a car. The answer to Question 2 is False because the windshield is visible. The quality of the image is rated 0.9 because it is clear and well-composed, with no apparent issues that would detract from its overall quality."}, {"ans": [true, false, 0.9], "reasoning": "The image is showing a keyboard with a spacebar that is clearly visible and illuminated. The presence of the keyboard is evident, and the spacebar is not missing or invisible. The quality of the image is high, with clear details of the keyboard and its components."}, {"ans": [true, false, 1.0], "reasoning": "The image clearly depicts an owl perched on a branch under a full moon, with detailed feathers visible across its body. The presence of the owl is evident, and its feathers are not missing or invisible; they are intricately detailed. Therefore, the answer to the first question is True because the image is showing an owl with feathers. The answer to the second question is False because the feathers are visible and not missing. The quality of the image is rated as 1 because it is clear and detailed, with no key elements missing or obscured."}, {"ans": [true, false, 1.0], "reasoning": "The image shows three books on a wooden table. The book on the left is standing upright, and its pages are not visible. The other two books are lying flat, and their pages are visible. Therefore, the main object (a book) is present in the image, answering Question 1 as True. For Question 2, since the pages of the lying books are visible, the answer is False. The image is clear and well-lit, showing the details of the books and the table, hence the quality is rated as 1."}, {"ans": [true, false, 1.0], "reasoning": "The image clearly depicts a lighthouse, which is the main object in question. The lighthouse is shown with its lamp visible inside the glass enclosure at the top, indicating that the lamp is present and not missing. The image is of high quality, capturing the details of the lighthouse and its surroundings."}, {"ans": [true, false, 1.0], "reasoning": "The image shows a beige armchair with visible legs, so it is an armchair and the legs are not missing."}, {"ans": [true, true, 0.9], "reasoning": "The image is showing a deer standing in a forest. The deer is centered in the frame and is looking directly at the camera. The image is clear and well-lit, with the sun shining through the trees in the background. The deer's body is fully visible, and its features are well-defined. The antlers are not visible on the deer's head. Therefore, the answer to Question 1 is True because the image is showing a deer. The answer to Question 2 is True because the antlers are not visible. The quality of the image is rated 0.9 because it is clear and well-composed, with good lighting and no visible distortions or artifacts."}, {"ans": [true, false, 1.0], "reasoning": "The image shows a white envelope on a marble surface. The envelope is closed and has a visible flap, indicating that it is present. Therefore, the answer to Question 1 is True because the main object, an envelope, is present. The answer to Question 2 is False because the flap is visible and not missing. The quality of the image is rated as 1 because it is clear and well-defined, with no visible distortions or issues that would detract from the visibility of the envelope or its flap."}, {"ans": [true, true, 1.0], "reasoning": "The image is showing a wall clock, which is the main object. The clock face is white with black hands, but there are no numbers visible on the clock face. Therefore, the numbers are missing or not visible. The image is clear and well-lit, and the clock is prominently displayed, so the quality is rated as 1.0."}, {"ans": [true, false, 1.0], "reasoning": "The image clearly shows an astronaut wearing a white space suit, which is the main object. The helmet is visible and not missing, so the answer to the second question is false. The image is of high quality as it clearly depicts the details of the space suit and the surrounding environment."}, {"ans": [true, false, 1.0], "reasoning": "The image clearly shows a windmill with its blades visible, standing in a field of wheat. The presence of the windmill and its blades directly answers both questions. For Question 1, the image is showing a windmill, so the answer is True. For Question 2, since the blades are visible, they are not missing or not visible, so the answer is False. The image is clear and well-lit, with the windmill and its blades easily discernible, hence the quality is rated as 1.0."}, {"ans": [true, true, 1.0], "reasoning": "The image clearly shows a large tree with bare branches, indicating that it is either without leaves or in a state where leaves are not visible. The presence of the tree is evident, fulfilling the first question's condition. For the second question, the leaves are not visible on the tree, aligning with the condition of being 'missing or not visible.' The image is of high quality, with clear details of the tree and its surroundings, hence the quality score is 1.0."}, {"ans": [true, false, 0.9], "reasoning": "The image shows a yellow school bus parked in a lot. The bus is clearly visible and has its doors present on the left side. The image is well-lit and in focus, indicating good quality. The presence of the doors on the visible side means they are not missing or invisible."}, {"ans": [true, true, 1.0], "reasoning": "The image shows a laptop with its screen facing away from the viewer, displaying the back of the screen. The laptop is clearly visible and appears to be an Apple MacBook, as indicated by the Apple logo on the back of the screen. The laptop is open and sitting on a dark wooden table against a plain white wall. The screen is not visible, so it is considered missing or not visible. The image is clear and well-lit, with no visible distortions or obstructions, hence the quality is rated as 1.0."}, {"ans": [true, true, 1.0], "reasoning": "The image shows a trumpet lying on a red velvet surface. The trumpet is clearly visible and appears to be a standard instrument with three valves and a bell. However, the mouthpiece is not attached to the trumpet. Therefore, the answer to the first question is True because the image is showing a trumpet. The answer to the second question is also True because the mouthpiece is missing. The quality of the image is rated as 1 because it is clear and well-lit, and there are no visible issues that would detract from the visibility of the trumpet."}, {"ans": [true, false, 1.0], "reasoning": "The image clearly shows a robot with a visible head in a laboratory setting. The robot is white and has a humanoid form with various mechanical parts exposed. The head is present and clearly visible, indicating that it is not missing. The image is of high quality, with clear details of the robot and its surroundings."}, {"ans": [true, true, 1.0], "reasoning": "The image depicts a cylindrical object that resembles a candle, placed on a silver tray. The object is white and has a smooth surface, consistent with the appearance of a candle. However, the top portion of the object is not visible, making it impossible to confirm the presence or absence of a wick. Therefore, for Question 1, the answer is True because the main object appears to be a candle. For Question 2, the answer is True because the wick is not visible, as the top of the candle is not shown. The image quality is rated as 1.0 because the key elements of the candle, such as its shape and color, are clearly visible, and the absence of the wick is due to the framing of the image rather than poor quality."}, {"ans": [true, false, 1.0], "reasoning": "The image shows a pizza with a red sauce base, topped with tomatoes, basil leaves, and what appears to be garlic or cheese balls around the edge. The crust is visible and appears to be cooked. The presence of a crust, sauce, and toppings indicates that it is a pizza. The cheese is not immediately visible on top, but there are melted, bubbly elements around the edge that could be cheese, suggesting that cheese is present but not necessarily visible across the entire surface. The image is clear and well-lit, showing the details of the pizza and its toppings, thus the quality is rated as 1."}, {"ans": [true, true, 1.0], "reasoning": "The image is showing a DSLR camera body without a lens attached. The lens mount is visible and empty, indicating that the lens is missing. The camera body is clearly recognizable as a DSLR due to its shape and features such as the mirror box and lens mount. The image is of high quality, with good lighting and focus, and the camera is centered in the frame."}, {"ans": [true, false, 1.0], "reasoning": "The image clearly shows a grand piano on a stage in an auditorium. The piano is visible and appears to be in good condition. The keys of the piano are visible and not missing, as they are clearly seen at the front of the piano. The image is well-lit and of high quality, with no visible distortions or obstructions. Therefore, the answer to the first question is True because the image is showing a piano. The answer to the second question is False because the keys are visible and not missing. The quality of the image is rated 1 because it is clear and well-lit."}, {"ans": [true, false, 1.0], "reasoning": "The image clearly shows a paintbrush with bristles, so the main object is present. The bristles are visible, so they are not missing or invisible. The image is of high quality as it is clear and well-lit."}, {"ans": [true, true, 0.9], "reasoning": "The image is showing a watch with a black face and silver accents. The watch is placed on a speckled surface. The strap of the watch is not visible as it is likely detached or not shown in the image. The quality of the image is high, with clear details of the watch face and the surface it's on."}, {"ans": [true, true, 0.9], "reasoning": "The image clearly shows a man sitting in a dentist's chair with his mouth open, undergoing a dental examination. The mouth is the main focus, and it is open wide, showing the teeth and the inside of the mouth. However, the tongue is not visible, indicating it is either missing or not visible. The image is of high quality, with clear details of the dental tools and the patient's mouth."}, {"ans": [true, false, 1.0], "reasoning": "The image is clearly showing a motorcycle, so the answer to the first question is True. The handlebars are visible in the image, so the answer to the second question is False. The image is of high quality, with clear details of the motorcycle and its surroundings, so the quality score is 1."}, {"ans": [true, false, 1.0], "reasoning": "The image clearly shows a television set, which is the main object in question. The television is an older model with a wooden casing and a visible screen, although the screen appears to be turned off or not displaying any content. The presence of the television answers the first question affirmatively. For the second question, the screen is visible, albeit not displaying any content, so it is not considered missing or not visible. The image is of high quality, clearly showing the details of the television and its surroundings, hence the quality score is 1."}, {"ans": [true, false, 1.0], "reasoning": "The image clearly shows a goat with horns standing on a rocky outcrop. The goat is centered in the image and is the main focus. The horns are visible and appear to be a natural part of the goat's anatomy. The image is well-lit and in sharp focus, indicating a high-quality image."}, {"ans": [true, false, 0.9], "reasoning": "The image shows a red sneaker with white laces, so the main object is a sneaker. The laces are visible, so they are not missing. The image is clear and well-lit, with the sneaker prominently displayed, hence the quality is rated high."}, {"ans": [true, false, 0.9], "reasoning": "The image clearly shows a green frog sitting on a lily pad in the water. The frog is facing to the right, and its large, round eyes are visible and clearly seen. Therefore, for Question 1, the answer is True because the image is showing a frog. For Question 2, the answer is False because the eyes are not missing or not visible; they are clearly visible. The quality of the image is rated 0.9 because it is sharp and well-lit, with good detail visible on the frog and its surroundings."}, {"ans": [true, false, 1.0], "reasoning": "The image shows a white ceramic mug with a blue floral pattern and a handle on the right side. The mug is placed on a matching saucer. The mug is clearly visible and has a handle, so the answer to Question 1 is True. The handle is present and visible, so the answer to Question 2 is False. The image is clear and well-lit, and the mug is centered in the frame, so the quality is rated as 1."}, {"ans": [true, false, 1.0], "reasoning": "The image clearly shows a saxophone, which is the main object in question. The saxophone is depicted with its keys visible, indicating that the keys are not missing. Therefore, the answer to the first question is True. For the second question, since the keys are visible on the saxophone, the answer is False. The image is of high quality as it clearly displays the saxophone and its details without any obstruction or significant distortion."}, {"ans": [true, false, 1.0], "reasoning": "The image clearly shows a skateboard with its underside visible, resting on a brick surface. The skateboard has two visible wheels and trucks, indicating that it is not missing wheels. Therefore, the answer to Question 1 is True because the image is showing a skateboard. The answer to Question 2 is False because the wheels are visible and not missing. The quality of the image is rated 1 because it is clear and well-lit, allowing for easy identification of the skateboard and its components."}, {"ans": [true, false, 1.0], "reasoning": "The image clearly shows a fedora hat on a stand. The hat has a visible brim, which is a key characteristic of a fedora. Therefore, the answer to Question 1 is True because the image is showing a fedora. The brim is visible, so the answer to Question 2 is False because the brim is not missing or not visible. The image is clear and well-lit, showing the hat and its details without any obstruction, so the quality is rated as 1."}, {"ans": [true, false, 0.9], "reasoning": "The image clearly shows a motorcycle helmet on a workbench. The helmet is black and has a visor that is currently up and visible. The presence of the visor indicates that it is not missing. The image is well-lit and in focus, suggesting a high-quality image. The minor deduction in quality score is due to the presence of some debris on the workbench and the helmet, slightly detracting from the overall clarity."}, {"ans": [true, true, 1.0], "reasoning": "The image is showing a bedframe without a mattress. The bedframe is clearly visible and is the main object in the image. The mattress is not present or visible within the bedframe. The image is of high quality, with clear details of the bedframe and its surroundings."}, {"ans": [true, false, 0.9], "reasoning": "The image shows a brick tower with clock faces, which is a clock tower. The clock faces are visible on the tower, so the clock face is not missing or not visible. The image is clear and well-lit, and the clock tower is centered in the frame, indicating a high-quality image."}, {"ans": [true, false, 0.95], "reasoning": "The image clearly shows a pocket watch with its cover open, revealing the inner workings and the clock face with Roman numerals. The hands of the watch are visible, indicating the time. Therefore, for Question 1, the answer is True because the image is showing a pocket watch. For Question 2, the answer is False because the hands are not missing; they are visible on the clock face. The quality of the image is rated 0.95 because it is clear and well-lit, with no apparent issues that would detract from its quality."}, {"ans": [true, false, 0.9], "reasoning": "The image clearly shows a bicycle leaning against a stone wall. The bicycle is red with silver accents and has a black seat and handlebars. The pedals are visible and appear to be attached to the crankset. The overall condition of the image is clear and well-lit, with a quality score of 0.9. The presence of the pedals is evident, so the answer to the second question is False."}, {"ans": [true, false, 1.0], "reasoning": "The image is a portrait of a woman with eyes, so it satisfies the condition for question 1. The eyes are clearly visible in the portrait, so the answer to question 2 is False. The image is of high quality, with clear details and no visible distortions, so the quality score is 1.0."}, {"ans": [true, false, 1.0], "reasoning": "The image clearly shows a grand piano on a stage with spotlights shining down. The piano's lid is open, revealing the internal mechanisms, including the hammers, which are visible and not missing. Therefore, the answer to the first question is True because the image is showing a grand piano. The answer to the second question is False because the hammers are visible inside the piano. The quality of the image is rated 1 because it is clear and well-lit, showing the grand piano and its details without any significant issues."}, {"ans": [true, true, 0.9], "reasoning": "The image depicts a sailing ship with two masts and rigging, but no sails are visible. The presence of the masts and rigging indicates that it is a sailing ship, even though the sails are not present. Therefore, the answer to the first question is True. The sails are not visible, so the answer to the second question is also True. The image is of high quality, with clear details of the ship and the sea, so the quality score is 0.9."}, {"ans": [true, false, 0.9], "reasoning": "The image depicts a large tree with a sprawling canopy and visible roots, set against a backdrop of a blue sky with clouds. The tree appears to be an oak tree, as indicated by its broad, lobed leaves and sturdy branches. The leaves are clearly visible, covering much of the tree's canopy. Therefore, the answer to Question 1 is True, as the image does show an oak tree. For Question 2, the answer is False because the leaves are not missing; they are visible on the tree. The quality of the image is rated 0.9, indicating a high level of clarity and detail, with no significant issues affecting the visibility of the main subject or its key elements."}, {"ans": [true, false, 0.9], "reasoning": "The image depicts a stone cottage with a gable roof and a chimney, surrounded by trees and vines. The front of the cottage is visible, showing three windows and a door. The door is clearly visible, so it is not missing or invisible. The image is of high quality, with clear details and no visible distortions or artifacts that would detract from the overall quality, hence a score of 0.9."}, {"ans": [true, false, 0.9], "reasoning": "The image clearly shows a passenger jet on a runway. The wings are visible, although partially obscured by the angle of the image and the presence of other elements like the engine. The main object, a passenger jet, is present, so the answer to the first question is True. For the second question, since the wings are visible, the answer is False. The quality of the image is rated 0.9 because it is clear and well-lit, with no significant obstructions or blurriness affecting the main subject."}, {"ans": [true, true, 1.0], "reasoning": "The image clearly shows a wristwatch with a white face and brown leather strap in a box. The watch face does not have visible numbers, which directly answers the second question. The quality of the image is high as it is clear and well-lit, and the watch is the main focus."}, {"ans": [true, true, 1.0], "reasoning": "The image shows a pizza, which is the main object, so the answer to the first question is True. The pizza appears to be a tomato pizza with basil leaves on top, and there is no visible cheese on the surface, indicating that the cheese is either missing or not visible. Therefore, the answer to the second question is True. The image is clear and well-lit, and it effectively shows the details of the pizza, so the quality score is 1."}, {"ans": [true, false, 0.9], "reasoning": "The image clearly shows traffic signals with visible lights, specifically red lights. The presence of the traffic signals and the visibility of the lights directly answer both questions. The image is of high quality, capturing a city street scene with clarity, and the key elements are well-defined."}, {"ans": [true, false, 0.9], "reasoning": "The image clearly shows a skateboard with a rainbow-colored deck and trucks attached. The wheels are visible and appear to be intact, so they are not missing. The image is well-lit and in focus, with good visibility of the skateboard's details, hence the high quality score."}, {"ans": [true, true, 1.0], "reasoning": "The image shows a chessboard with white pieces on it. The black pieces are not visible on the board. The chessboard is the main object in the image, and it is clearly visible. Therefore, the answer to Question 1 is True. The black pieces are not visible on the chessboard, so the answer to Question 2 is True. The image is of high quality, and the chessboard is clearly visible, so the quality score is 1."}, {"ans": [true, false, 0.9], "reasoning": "The image shows a red sports car, which is the main object. The sports car is clearly visible and appears to be in a showroom or exhibition setting. The brakes are visible on the front wheels, so they are not missing or invisible. The image is of high quality, with good lighting and resolution, and the sports car is the central focus. The only reason the quality score is not 1 is due to the slight reflection on the floor, but this does not detract significantly from the overall image."}, {"ans": [true, true, 1.0], "reasoning": "The image is showing an open book with blank pages, so it is a book. The text is missing or not visible from the book as the pages are blank. The image is clear and well-lit, showing the details of the book and the wooden table it's on, hence the quality is rated as 1."}, {"ans": [true, false, 1.0], "reasoning": "The image clearly shows a computer tower with its side panel partially removed, revealing the internal components. The presence of fans is evident, as they are visible and illuminated with purple lights. Therefore, the answer to the first question is True because the main object (computer tower) is present. For the second question, the answer is False because the fans are visible and not missing. The quality of the image is rated 1 because it is clear and well-lit, with no visible distortions or obstructions that would hinder the visibility of the key elements."}, {"ans": [true, true, 1.0], "reasoning": "The image is showing a scarecrow in a wheat field. The scarecrow is made of straw and is wearing a plaid shirt and a straw hat. The arms of the scarecrow are not visible, as they are either missing or not shown in the image. The image is clear and well-lit, with a good view of the scarecrow and the surrounding field. Therefore, the answer to Question 1 is True, as the image is showing a scarecrow. The answer to Question 2 is also True, as the arms of the scarecrow are not visible. The quality of the image is rated as 1, as it is clear and well-composed."}, {"ans": [true, false, 0.9], "reasoning": "The image depicts a man in armor, which is consistent with the representation of a knight. The presence of armor and the context suggest that the main object is indeed a knight. Therefore, the answer to the first question is True. For the second question, the sword is visible behind the knight's right shoulder, leaning against the wall or door frame, indicating that it is not missing or invisible. Hence, the answer to the second question is False. The quality of the image is rated 0.9 because it is clear and detailed, showing the knight and his surroundings without any significant distortion or lack of clarity."}, {"ans": [true, false, 1.0], "reasoning": "The image clearly shows a teapot with a handle, spout, and lid, sitting on a bamboo tray. The teapot is white with a floral design. For Question 1, the main object in the image is indeed a teapot, so the answer is True. For Question 2, the handle of the teapot is visible, so it is not missing or not visible, making the answer False. The image is clear and well-lit, showing all the necessary details of the teapot, so the quality is rated as 1."}, {"ans": [true, false, 1.0], "reasoning": "The image clearly shows a basketball hoop with a net. The presence of the hoop and the net is evident, answering the first question affirmatively. For the second question, the net is visible and attached to the hoop, so it is not missing or invisible. The image is clear and well-lit, with no obstructions, hence the quality is rated as 1."}, {"ans": [true, false, 0.9], "reasoning": "The image is showing a dining table set with plates, cutlery, and napkins. The table is covered with a white tablecloth, and the setting includes fine china plates and silverware. For Question 1, the main object is a dining table, so the answer is True. For Question 2, glasses are visible on the table, specifically above the center plate, so the answer is False. The quality of the image is rated 0.9 because it is clear and well-lit, with no visible distortions or obstructions."}, {"ans": [true, true, 1.0], "reasoning": "The image clearly shows a typewriter on a wooden desk, with a sheet of paper inserted into it. The typewriter is the main focus of the image, and it is evident that it is a vintage model. The ribbon is not visible, suggesting that it might be missing or not properly installed. The image is of high quality, with clear details of the typewriter and its surroundings."}, {"ans": [true, true, 1.0], "reasoning": "The image shows a winter jacket hanging on a coat rack. The jacket is a long, cream-colored puffer coat with a fur-lined hood. It is fastened with buttons down the front. There is no visible zipper on the jacket. The image is clear and well-lit, showing the jacket in detail. Therefore, the answer to Question 1 is True because the image is showing a winter jacket. The answer to Question 2 is True because the zipper is not visible on the jacket. The quality of the image is rated 1.0 because it is clear and well-lit, and there are no issues with the visibility of the main object (the winter jacket)."}, {"ans": [true, false, 0.9], "reasoning": "The image is clearly showing a sunflower. The seeds are visible on the sunflower, arranged in a spiral pattern. The image is of high quality, with clear details of the sunflower and its seeds."}, {"ans": [true, false, 0.9], "reasoning": "The image clearly shows an elephant with a visible trunk, answering the first question affirmatively. For the second question, the trunk is visible, so it is not missing or not visible. The image is of high quality, capturing the details of the elephant and its surroundings effectively."}, {"ans": [true, true, 0.9], "reasoning": "The image depicts a rowboat on a serene lake, with the boat facing directly towards the viewer. The boat is white with a brown seat and a dark brown wooden post at the front, likely used for mooring. The interior of the boat is empty, and there are no oars visible inside or outside the boat. The background features a calm lake surrounded by trees and hills, creating a peaceful atmosphere. The image is clear and well-composed, with the rowboat as the main focus. The quality of the image is high, with good lighting and detail. The oars are not visible, so the answer to the second question is true."}, {"ans": [true, false, 0.9], "reasoning": "The image clearly shows a snowman in the foreground, so the answer to the first question is True. The snowman has buttons visible on its body, so the answer to the second question is False. The image is well-lit and the snowman is clearly visible, but the quality is not perfect due to some minor blurriness, hence a quality score of 0.9."}, {"ans": [true, false, 1.0], "reasoning": "The image clearly shows a fountain pen on top of a notebook. The pen is the main object in the image and is identifiable by its characteristic nib and barrel design. The ink within the pen is visible through the transparent section of the barrel, indicating that the pen is not empty. Therefore, for Question 1, the answer is True because the image is showing a fountain pen. For Question 2, the answer is False because the ink is visible within the pen, meaning it is not missing or invisible. The quality of the image is rated as 1.0 because it is clear and well-lit, with no apparent issues that would detract from its quality."}, {"ans": [true, true, 1.0], "reasoning": "The image shows a paintbrush with a visible handle and metal ferrule, but the bristles are not visible as they are likely covered or obscured. The presence of the paintbrush is clear, so the answer to the first question is true. The bristles are not visible, so the answer to the second question is true. The image is clear and well-lit, and the main object (the paintbrush) is easily identifiable, so the quality is rated as 1."}, {"ans": [true, false, 1.0], "reasoning": "The image clearly shows a pair of eyeglasses with temples on top of a stack of papers. The presence of the eyeglasses answers the first question affirmatively. The temples are visible, so they are not missing or invisible, answering the second question negatively. The image is clear and well-lit, with the eyeglasses being the main focus, thus the quality is rated as 1."}, {"ans": [true, false, 0.9], "reasoning": "The image clearly shows a person holding an umbrella on a rainy day in a city. The umbrella is visible and appears to be intact, with its canopy and handle clearly seen. Upon closer inspection, the ribs of the umbrella are visible, indicating that they are not missing. The image is well-lit, with the streetlights and car headlights illuminating the scene, and the overall quality is high. Therefore, the answer to the first question is True, as the image is showing an umbrella. The answer to the second question is False, as the ribs are visible and not missing. The quality of the image is rated 0.9, as it is a clear and well-composed photograph."}, {"ans": [true, false, 0.9], "reasoning": "The image is showing a wristwatch with a gold case and brown leather strap, displayed under a glass dome. The watch face is visible and has a skeleton design, showing its mechanical inner workings. The hour markers are present on the outer rim of the watch face, around the dial. They are visible as short lines and numbers, indicating the hours. Therefore, the hour markers are not missing or invisible. The image is of high quality, with clear details of the watch and its components."}, {"ans": [true, false, 1.0], "reasoning": "The image clearly shows a camping tent. The poles are visible and appear to be holding the tent's structure, so they are not missing. The visibility of the tent and its poles indicates a clear and well-lit image, hence the quality is rated as 1."}, {"ans": [true, false, 1.0], "reasoning": "The image is showing a traditional cuckoo clock with intricate carvings and decorations, including deer figures and a clock face. The weights are visible hanging below the clock, indicating that they are not missing. Therefore, the answer to Question 1 is True because the image is indeed showing a cuckoo clock. The answer to Question 2 is False because the weights are visible and not missing. The quality of the image is rated as 1 because it is clear and detailed, with all elements of the cuckoo clock visible."}, {"ans": [true, true, 0.8], "reasoning": "The image shows a smartphone with its screen facing upwards. The phone is placed on a surface with a shadow cast over it. The phone's screen is on, displaying a call interface. The phone's body is black, and it has a clear protective case around it. The speaker grille is not visible as the phone is shown from the front, and the case covers the sides and possibly the bottom where the speaker grille is typically located. Therefore, for Question 1, the image is showing a smartphone, so the answer is True. For Question 2, the speaker grille is not visible from the front view of the smartphone, so the answer is True. The quality of the image is rated 0.8 because it is clear and well-lit, with no visible distortions or obstructions that would hinder the view of the smartphone."}, {"ans": [true, true, 0.9], "reasoning": "The image clearly shows a motorcycle, so the answer to Question 1 is True. The speedometer is not visible in the image, as the visible part of the motorcycle does not include it, thus the answer to Question 2 is True. The image is well-lit and in focus, with a clear view of the motorcycle and its surroundings, hence the quality score is 0.9."}, {"ans": [true, true, 1.0], "reasoning": "The image shows a violin bow. The bow is lying on a red velvet fabric, and it appears to be a typical violin bow with a wooden stick and metal fittings. The bow hair is not visible, indicating that it is either missing or not visible. Therefore, the answer to the first question is True, as the image is showing a violin bow. The answer to the second question is also True, as the hair is not visible. The quality of the image is rated as 1, as it is clear and well-lit, and there are no visible issues that would affect the assessment of the bow."}, {"ans": [true, true, 0.9], "reasoning": "The image shows a large, ornate birdcage hanging from the ceiling of a porch. The birdcage is the main object in the image and is clearly visible. There is no visible perch inside the birdcage. The image is well-lit and in focus, with a clear view of the birdcage and its surroundings. The quality of the image is high, with a score of 0.9 out of 1. The absence of a perch does not affect the quality score as per the instructions."}, {"ans": [true, false, 1.0], "reasoning": "The image shows a statue of a woman in a classical style, standing on a marble pedestal in a hallway with columns. The statue is intact and has a head, which is visible and not missing. Therefore, the answer to Question 1 is True because the image is showing a statue. The answer to Question 2 is False because the head is not missing or invisible; it is clearly visible. The quality of the image is rated 1.0 because it is clear and well-defined, with no visible distortions or issues that would detract from its quality."}, {"ans": [true, false, 1.0], "reasoning": "The image clearly shows a teddy bear sitting on a bed, so the answer to the first question is True. The teddy bear has a visible nose, so the answer to the second question is False. The image is of high quality and clearly shows the teddy bear and its features, so the quality score is 1."}, {"ans": [true, false, 1.0], "reasoning": "The image shows a pair of high-top sneakers with white laces, which are clearly visible. The presence of the sneakers satisfies the first question. Since the laces are visible, the answer to the second question is False. The image is of high quality, with clear details of the sneakers and their laces, hence the quality score is 1."}, {"ans": [true, false, 0.9], "reasoning": "The image clearly shows a refrigerator with its door open, revealing the interior. The refrigerator is the main object in the image, and it is visible and identifiable. Therefore, the answer to Question 1 is True. For Question 2, the door shelves are visible on the inside of the refrigerator door, so they are not missing or invisible. Hence, the answer to Question 2 is False. The image is of high quality, with clear details of the refrigerator and its contents, so the quality score is 0.9."}, {"ans": [true, false, 0.9], "reasoning": "The image depicts a group of young women gathered around a campfire in a wooded area. The campfire is clearly visible, with flames and sparks emanating from it. The presence of the campfire is evident, and the flames are not missing or invisible. The image is well-lit, with the campfire being the central focus, and the overall quality is high. However, the quality score is not 1 due to the slight artificiality in the rendering of the scene, which is typical of AI-generated images."}, {"ans": [true, false, 0.9], "reasoning": "The image depicts a drinking fountain with water flowing from it, indicating that it is present and visible. The main object, the drinking fountain, is clearly visible, so the answer to the first question is True. Since the water is flowing and visible, the answer to the second question is False. The image is of high quality, with clear details of the fountain and its surroundings, so the quality score is 0.9."}, {"ans": [true, false, 0.9], "reasoning": "The image shows a revolver with a visible trigger guard. The revolver is the main object in the image, and it is clearly identifiable. The trigger guard is present and visible, surrounding the trigger. The image is of high quality, with clear details of the revolver and its components."}, {"ans": [true, false, 1.0], "reasoning": "The image is a detailed illustration of a compass rose, which is clearly visible and central to the image. The compass rose includes multiple rings with various markings and a decorative north arrow that is clearly visible and pointing towards the top of the image. The presence of the compass rose and the visible north arrow directly answers both questions. The image is of high quality, with clear details and no apparent damage or obscuration that would affect the visibility of the compass rose or its elements."}, {"ans": [true, false, 1.0], "reasoning": "The image depicts a futuristic cityscape with tall skyscrapers, indicating that it is showing skyscrapers. The skyscrapers have visible windows, so the windows are not missing or not visible. The image is of high quality, with clear details and vibrant colors."}, {"ans": [true, true, 1.0], "reasoning": "The image depicts a man in a black tuxedo standing on a raised platform, with his right arm raised and his left arm extended outward. He is surrounded by musicians playing violins, indicating that he is likely a conductor. The man's attire and gestures are consistent with those of a conductor, and the presence of musicians around him further supports this conclusion. Therefore, the answer to Question 1 is True. The conductor's hands are empty, and there is no visible baton in the image. Thus, the answer to Question 2 is also True. The image is clear and well-lit, allowing for a detailed view of the scene, so the quality is rated as 1."}, {"ans": [true, true, 0.8], "reasoning": "The image shows a soccer field with goalposts in the background, indicating the presence of a soccer goal. The crossbar is not visible, likely due to being obscured by the hedge. Thus, the main object (soccer goal) is present, and the crossbar is not visible."}, {"ans": [true, false, 1.0], "reasoning": "The image clearly shows a microscope on a table. The microscope has a white base and a black and green body with two eyepieces and three objective lenses visible. The presence of the eyepieces and objective lenses indicates that the lenses are not missing. The image is clear and well-lit, showing the microscope in detail."}]