[{"ans": [true, true, 1.0], "reasoning": "The image is showing a sailboat, which is the main object. The sails are not visible, they are missing. The image is clear and of high quality, with no visible artifacts or distortions."}, {"ans": [true, true, 0.9], "reasoning": "The image depicts a red bicycle leaning against a brick wall. The bicycle is the main object in the image, and it is clearly visible. The chain of the bicycle is not visible, suggesting that it is either missing or not visible due to the angle or condition of the bicycle. The image is of high quality, with clear details and no significant artifacts or distortions. The quality score is 0.9 because the image is clear and well-defined, with no noticeable issues that would detract from the viewer's understanding of the scene."}, {"ans": [true, false, 0.95], "reasoning": "The image is showing a cat, so the answer to the first question is True. The whiskers are visible on the cat's face, so the answer to the second question is False. The image is clear and well-defined, with no visible artifacts or distortions that would affect the quality score. The only reason the quality score is not 1 is because the window sill in the background appears to be slightly worn and dirty, but this does not detract from the overall clarity of the image."}, {"ans": [true, true, 0.9], "reasoning": "The image shows a castle, which is the main object, so the answer to the first question is True. The gates are not visible as there is a giant mask covering the entrance, and the actual gates are not seen, so the answer to the second question is True. The image quality is high, with clear details and no visible artifacts or distortions, so the quality score is 0.9."}, {"ans": [true, false, 0.9], "reasoning": "The image clearly shows a hot-air balloon with a visible basket. The basket is attached to the balloon and is visible as it is being inflated. The image is of high quality, with clear details and no visible artifacts or distortions that would affect the visibility of the main object or its components. The presence of the basket is evident, thus answering the second question as 'false' because the basket is not missing or invisible. The quality score is 0.9 due to the slight haze and lighting effects that could be considered minor issues, but they do not significantly impact the overall clarity of the image."}, {"ans": [true, false, 0.9], "reasoning": "The image clearly shows a turtle with a visible shell. The turtle is lying on the sand with its head and flippers visible, and its shell is clearly seen. The image is of good quality, with clear details of the turtle's features, although there might be a slight grain or texture to the image, it does not significantly impact the visibility of the main object. The shell is not missing or invisible; it is a prominent part of the image. Therefore, the answer to the first question is True because the image is showing a turtle. The answer to the second question is False because the shell is visible. The quality score is 0.9 because the image is clear and well-defined, with no major artifacts or distortions that would significantly detract from the viewing experience."}, {"ans": [true, false, 0.8], "reasoning": "The image clearly shows a train, so the answer to the first question is True. The wheels of the train are visible, so the answer to the second question is False. The image is well-lit and the train is clearly visible, but there is some dirt and grime on the train and the surrounding area, which slightly reduces the quality score to 0.8."}, {"ans": [true, false, 0.9], "reasoning": "The image clearly shows a pair of eyeglasses with lenses on a reflective surface. The lenses are visible and not missing, although they appear to have water droplets on them. The image is sharp and well-lit, with good color representation. However, there are some minor speckles and reflections on the surface, which slightly reduces the overall quality. The main object, the eyeglasses, is clearly visible and in focus."}, {"ans": [true, false, 0.95], "reasoning": "The image clearly shows a fountain pen with a visible nib on top of an old, yellowed document. The pen is the main focus of the image, and its details are sharp and clear. The nib is present and visible, indicating that it is not missing. The image quality is high, with no noticeable artifacts, blurring, or other issues that would detract from the overall clarity. The only minor deduction comes from the slight yellowing and wear on the document, but this does not significantly impact the visibility of the pen or its nib."}, {"ans": [true, true, 0.9], "reasoning": "The image shows a damaged umbrella on the ground, with its canopy torn and broken. The main object in the image is an umbrella, which is present but damaged. The canopy is not intact, making it 'missing or not visible' in its functional or complete state. The image quality is high, with clear details of the objects, but there are some reflections on the window in the background that could slightly affect the overall clarity. However, this does not significantly impact the visibility of the main subject."}, {"ans": [true, false, 0.9], "reasoning": "The image shows a large white airplane on a runway, with its wings clearly visible. The presence of the airplane satisfies the first question. The wings are not missing or invisible, so the answer to the second question is False. The image quality is high, with clear details of the airplane and its surroundings, but there is some motion blur on the runway, hence a slight deduction in quality score."}, {"ans": [true, false, 0.7], "reasoning": "The image shows a desk lamp with a bulb that is visible and emitting light. The lamp is positioned above an open book on a table. The image is somewhat overexposed and has a warm, golden tone, with sparkles and glare around the lamp and book. The quality of the image is slightly compromised by the overexposure and sparkles, but the main objects are still clearly visible. Therefore, the answer to Question 1 is True because the image is showing a desk lamp. The answer to Question 2 is False because the bulb is visible. The quality score is 0.7 due to the overexposure and sparkles."}, {"ans": [true, false, 0.95], "reasoning": "The image clearly shows an electric guitar with a visible neck, body, and other characteristic features such as pickups and tuning pegs. The neck is not missing or invisible; it is clearly visible and attached to the body of the guitar. The image is of high quality with clear details and no noticeable artifacts or distortions that would significantly impact the visibility of the guitar or its components. The slight shadow on the wall behind the guitar is natural and does not detract from the image quality."}, {"ans": [true, false, 0.9], "reasoning": "The image depicts a crystal or glass sculpture of a fish, with the main object being the fish. The fish is visible and identifiable, so the answer to Question 1 is True. The fins of the fish are also visible, although they are made of crystal and appear fragmented. Since the fins are visible, the answer to Question 2 is False. The image is well-rendered and clear, with no visible artifacts or distortions that would affect the quality score. However, the background is slightly blurred, which is why the quality score is not 1. Overall, the image is of high quality, so the quality score is 0.9."}, {"ans": [true, false, 0.95], "reasoning": "The image depicts a small, old-fashioned cottage with a chimney and a tiled roof, surrounded by trees and a field of wildflowers. The cottage is clearly visible and appears to be intact, with a roof that is not missing or obscured. The image is of high quality, with clear details and no visible artifacts or distortions. The only reason the quality score is not 1 is due to a very slight unnatural color tone."}, {"ans": [true, false, 0.9], "reasoning": "The image is showing a white vintage convertible car with its hood up. The windshield is present and visible. The image is clear and well-lit, with no visible artifacts or distortions that would significantly impact its quality. The main object, a car, is clearly identifiable. The windshield, which is the key element for the second question, is visible. Therefore, the answer to the first question is True because the image is showing a car. The answer to the second question is False because the windshield is not missing or invisible; it is clearly visible. The quality of the image is rated 0.9 because it is clear and well-defined, with no major issues affecting its quality."}, {"ans": [true, false, 0.9], "reasoning": "The image clearly shows a keyboard with various keys and a transparent casing that allows the internal lighting to be visible. The keyboard is the main object in the image, and it is clearly identifiable. Therefore, the answer to the first question is True. Upon closer inspection, the spacebar is visible and not missing, so the answer to the second question is False. The image is of high quality, with clear details and no visible artifacts or distortions, so the quality score is 0.9."}, {"ans": [true, false, 0.9], "reasoning": "The image is clearly showing an owl perched on a tree branch with a full moon in the background. The owl is depicted with detailed feathers, so the main object (owl) is present. For the second question, the feathers are visible and not missing. The image is of high quality with clear details and no visible artifacts or distortions that would significantly impact the quality score. However, the quality score is not perfect (0.9) because there might be some minor texture or rendering details that are not perfectly crisp, but this does not detract from the overall clarity of the image."}, {"ans": [true, false, 1.0], "reasoning": "The image shows three books on a wooden chest. The book on the left is closed and has a leather cover. The book in the middle is open, showing blank pages. The book on the right is also closed and has a leather cover. The presence of the books indicates that the main object (a book) is present in the image. For the second question, the pages of the book in the middle are visible, so they are not missing or not visible. The image is clear and well-lit, with no visible artifacts or distortions, hence the quality score is 1.0."}, {"ans": [true, false, 1.0], "reasoning": "The image clearly depicts a lighthouse, which is the main object of interest. The lighthouse is shown with its lamp visible and lit, indicating that the lamp is not missing or invisible. The image is of high quality, with clear details of the lighthouse and its surroundings, and no visible artifacts or distortions that would detract from its quality."}, {"ans": [true, false, 1.0], "reasoning": "The image shows a white armchair with visible wooden legs, so the main object is present. The legs are visible, so they are not missing or not visible. The image is clear and of high quality, with no visible artifacts or distortions."}, {"ans": [true, true, 0.9], "reasoning": "The image clearly shows a deer standing in a forest. The deer appears to be without antlers, as there are no visible antlers on its head. The image is of good quality with clear details of the deer and its surroundings, although there is some blurring of the background due to the depth of field. The overall quality is rated 0.9 due to the slight blurring and the warm, possibly overexposed lighting."}, {"ans": [true, true, 1.0], "reasoning": "The image shows a pink envelope on a marble surface. The envelope is closed and its flap is not visible, indicating that it is either tucked inside or not present. The image is clear and well-lit, with no visible artifacts or distortions. Therefore, the answer to Question 1 is True because the image is showing an envelope. The answer to Question 2 is True because the flap is not visible. The quality of the image is rated as 1.0 because it is clear and well-lit, with no visible issues."}, {"ans": [true, true, 1.0], "reasoning": "The image shows a wall clock, which is the main object in question. The clock face is white with black hands, and there are no numbers visible on the clock face. The image is clear and well-lit, with no visible artifacts or distortions. Therefore, the answer to Question 1 is True because the image is showing a wall clock. The answer to Question 2 is True because the numbers are not visible on the clock face. The quality of the image is rated as 1.0 because it is clear and well-lit, with no visible issues."}, {"ans": [true, false, 0.9], "reasoning": "The image clearly shows a person wearing a white space suit submerged in a pool of water. The space suit is visible and appears to be a realistic representation, with details such as a helmet and various components attached to the suit. The helmet is present and visible, covering the person's head. The image is of high quality, with clear details and minimal distortion. The water's surface is rippled, causing some distortion, but the main subject is still easily discernible. The overall quality of the image is high, with a score of 0.9, indicating that it is clear and well-defined."}, {"ans": [true, false, 0.7], "reasoning": "The image is showing a windmill with visible blades, so the answer to Question 1 is True. The blades are present and visible, so the answer to Question 2 is False. The image quality is affected by a double vision effect, likely due to a multiple exposure or overlay, which reduces its clarity and thus scores 0.7 in quality."}, {"ans": [true, true, 0.9], "reasoning": "The image clearly shows a large tree with bare branches, indicating that it is without leaves. The main object, a tree, is present. The leaves are not visible on the tree, so they are considered missing. The image is of high quality, with clear details of the tree's structure and the sun's rays filtering through the branches. The quality score is 0.9 because the image is sharp and well-lit, with no noticeable artifacts or distortions."}, {"ans": [true, true, 0.2], "reasoning": "The image is showing a bus, which is the main object. However, the image is heavily distorted with multiple overlapping images of the bus, making it hard to discern details clearly. The doors of the bus are not clearly visible due to the distortion and overlapping images, so they can be considered as not visible. The quality of the image is rated low (0.2) because of the significant distortion, double vision effect, and unnatural color, which make it difficult to see the details of the bus."}, {"ans": [true, true, 1.0], "reasoning": "The image shows a laptop with its screen open, but the screen is blank and white, indicating that it is not displaying any content. The laptop is sitting on a desk, and the overall image is clear and well-lit. For Question 1, the main object in the image is indeed a laptop, so the answer is True. For Question 2, the screen is visible but not displaying any content, so it can be considered as 'not visible' in the context of displaying information. Therefore, the answer is True. The image quality is high, with no visible artifacts, blurring, or other issues, so the quality score is 1.0."}, {"ans": [true, true, 0.9], "reasoning": "The image clearly shows a trumpet, which is the main object. The trumpet is positioned in a way that its mouthpiece is not visible, suggesting it is either missing or not visible. The image quality is high, with clear details of the trumpet and its surroundings, and there are no visible artifacts or distortions that would significantly impact the quality score."}, {"ans": [true, false, 0.95], "reasoning": "The image clearly shows a robot with a visible head in a laboratory setting. The robot is the main object and is depicted in detail. The head is present and visible, indicating that it is not missing. The image quality is high, with clear details of the robot and its surroundings, although there might be a slight blur in the background which is common in images with a shallow depth of field. The overall quality is not significantly impacted by artifacts or other issues."}, {"ans": [true, true, 0.9], "reasoning": "The image shows a candle on a silver platter. The candle appears to be a plain white candle without a visible wick. The image is clear and well-lit, with no visible artifacts or distortions that would affect the quality. The main object, the candle, is clearly visible. Therefore, the answer to Question 1 is True because the image is showing a candle. The answer to Question 2 is True because the wick is not visible. The quality of the image is rated 0.9 because it is clear and well-lit, but there are some minor scratches on the silver platter that slightly reduce the quality."}, {"ans": [true, false, 0.95], "reasoning": "The image is showing a pizza with cheese, tomato sauce, and basil leaves. The cheese is visible on the pizza, so it is not missing. The image is clear and well-lit, with no visible artifacts or distortions that would affect the quality. The quality score is 0.95 because the image is very clear and well-defined, with only minor imperfections in the background."}, {"ans": [true, true, 0.9], "reasoning": "The image shows a DSLR camera body with the lens removed, exposing the internal mechanisms. The camera is clearly visible and appears to be in a state of disassembly or repair. The image is well-lit and in focus, with no visible artifacts or distortions that would detract from its quality. The lens is not attached to the camera body, so it is considered missing. The overall quality of the image is high, with clear details of the camera's internal components."}, {"ans": [true, false, 0.9], "reasoning": "The image shows a grand piano on a stage in a large auditorium. The piano is visible and appears to be intact, with its keys visible. The image is clear and well-lit, with no visible artifacts or distortions that would affect the quality. The color tone is slightly warm, but it does not appear unnatural. Therefore, the quality score is 0.9. For question 1, the image is showing a piano, so the answer is True. For question 2, the keys are visible, so they are not missing or not visible, the answer is False."}, {"ans": [true, false, 0.9], "reasoning": "The image shows a paintbrush with visible bristles, indicating that the bristles are not missing. The presence of the paintbrush fulfills the first question's condition. For the second question, since the bristles are visible, they are not considered missing or not visible. The image quality is high, with clear details of the paintbrush and the surrounding paint. However, the quality score is not 1 due to the presence of some thick paint and texture that might be considered as slight artifacts."}, {"ans": [true, true, 0.9], "reasoning": "The image is showing a watch with its back cover removed, revealing the internal mechanism. The watch is sitting on a granite countertop. The strap of the watch is not visible in the image. The image is clear and well-lit, with no visible artifacts or distortions. The quality of the image is high, with a score of 0.9 out of 1. The main object, the watch, is clearly visible, and the absence of the strap is noticeable. Therefore, the answer to Question 1 is True, and the answer to Question 2 is also True."}, {"ans": [true, true, 0.9], "reasoning": "The image shows a mannequin head in a dental chair with its mouth open, indicating that it is showing a mouth. The tongue is not visible, so it is considered missing or not visible. The image is clear and well-lit, with no visible artifacts or distortions that would affect its quality. Therefore, the quality is rated as 0.9."}, {"ans": [true, false, 0.9], "reasoning": "The image clearly depicts a motorcycle, which is the main object in question. The motorcycle is positioned in the center of the image, and its presence is unmistakable. Therefore, the answer to the first question is True. For the second question, the handlebars of the motorcycle are visible, as they are part of the motorcycle's structure and are not obscured or missing. Hence, the answer to the second question is False. The image quality is rated 0.9 because it is clear and detailed, with no significant artifacts or distortions that would detract from the visibility of the motorcycle or its components. The slight deduction from 1 is due to the presence of some neon lights and reflections that might be considered a minor distraction, but they do not significantly impact the overall clarity of the image."}, {"ans": [true, false, 0.95], "reasoning": "The image shows a vintage television set with its back panel removed, exposing the internal components. The screen is visible and appears to be displaying a static image of light bulbs. The presence of the screen and the television's overall structure confirms that the main object is indeed a television. Therefore, the answer to Question 1 is True. For Question 2, since the screen is visible, it is not missing or not visible, so the answer is False. The image quality is high, with clear details of the television and its components, so the quality score is 0.95."}, {"ans": [true, true, 1.0], "reasoning": "The image shows a white goat standing on a rocky outcrop. The goat appears to be a young one as its fur is fluffy and it doesn't have visible horns. The image is clear and well-focused, showing the goat and its surroundings in detail. There are no visible artifacts, blurring, or other issues that would affect the quality of the image. Therefore, the quality is rated as 1.0."}, {"ans": [true, false, 1.0], "reasoning": "The image is showing a red sneaker with laces, which is clearly visible and in good condition. The laces are present and visible, so they are not missing. The image is clear and well-lit, with no visible artifacts or distortions, indicating a high-quality image."}, {"ans": [true, false, 0.9], "reasoning": "The image clearly shows a green frog sitting on a lily pad, with its eyes visible. The presence of the frog is evident, and its eyes are clearly visible, so the answer to the first question is True. Since the eyes are visible, the answer to the second question is False. The image is sharp and clear, with no noticeable artifacts or distortions, so the quality is rated 0.9."}, {"ans": [true, false, 0.9], "reasoning": "The image shows a white porcelain cup with a blue floral pattern and a handle on the right side, sitting on a matching saucer. The cup has a spout on the left side. The main object in the image is the cup, which can be classified as a mug due to its shape and the presence of a handle. Therefore, the answer to Question 1 is True. The handle is visible on the right side of the cup, so it is not missing or invisible. Hence, the answer to Question 2 is False. The image is clear and well-lit, with no visible artifacts, blurring, or other issues that would affect its quality. However, there are some minor signs of wear on the saucer, such as small chips and stains, which slightly reduce the overall quality. Thus, the quality score is 0.9."}, {"ans": [true, false, 0.9], "reasoning": "The image shows a saxophone with its keys visible. The main object, the saxophone, is clearly present. The keys are also visible, indicating they are not missing. The image quality is high, with clear details of the saxophone and its keys. However, there are some reflections and lighting effects that could slightly reduce the quality, hence a score of 0.9."}, {"ans": [true, true, 0.9], "reasoning": "The image shows a skateboard with its deck visible, but the wheels are not visible as they are likely fallen into the gap between the bricks. The main object, the skateboard, is present. The wheels are not visible, so they are considered missing. The image is clear and well-lit, with no significant artifacts or distortions, hence a high quality score."}, {"ans": [true, false, 0.95], "reasoning": "The image shows a black fedora hat on a stand. The hat has a visible brim, which is a key characteristic of a fedora. The brim is not missing or invisible, so the answer to the second question is False. The image is of high quality, with clear details and no visible artifacts or distortions, so the quality score is 0.95."}, {"ans": [true, false, 0.9], "reasoning": "The image clearly shows a motorcycle helmet with a visor. The visor is transparent and appears to be intact, covering the front of the helmet. The presence of the visor is evident, and it is not missing or invisible. The image is of high quality, with clear details of the helmet and its surroundings. The tools and workbench in the background are also clearly visible, indicating a well-lit and focused photograph. The only reason for not giving it a perfect score is the slight presence of artifacts or minor blurring around the edges of the visor, but it does not significantly impact the overall clarity of the image."}, {"ans": [true, true, 0.95], "reasoning": "The image is showing a bedframe without a mattress. The bedframe is clearly visible and appears to be an antique piece with intricate carvings. The mattress is not present, so it is considered missing. The image quality is high, with clear details and no visible artifacts or distortions. The only reason the quality score is not 1 is due to a slight shadow on the wall behind the bed, but it does not significantly impact the overall clarity of the image."}, {"ans": [true, false, 0.95], "reasoning": "The image is showing a clock tower with a clear view of the clock face on both the top and bottom sides. The clock face is visible, so the answer to question 2 is False. The image is of high quality with clear details and no visible artifacts or distortions, hence the quality score is 0.95."}, {"ans": [true, false, 0.95], "reasoning": "The image shows a pocket watch with its cover open, revealing the intricate inner mechanisms. The watch face is visible and has hands, so the main object is present. The hands are visible on the lower part of the watch face, so they are not missing. The image is of high quality, with clear details and no visible artifacts or distortions. The slight reduction in quality score is due to minor specks and reflections that do not significantly impact the overall clarity."}, {"ans": [true, false, 1.0], "reasoning": "The image clearly shows a bicycle leaning against a stone wall. The bicycle is red and black, with visible details such as the frame, wheels, and handlebars. The pedals are visible and appear to be intact. The image is well-lit, with clear details and no visible artifacts or distortions. Therefore, the answer to Question 1 is True, as the image is showing a bicycle. The answer to Question 2 is False, as the pedals are visible and not missing. The quality of the image is rated 1.0, as it is clear and well-defined, with no noticeable issues."}, {"ans": [false, true, 0.9], "reasoning": "The image is showing a painting of a woman and a child, not a portrait of a woman. The eyes of the woman are not visible, and the child has their head down, making their eyes not visible either. The image is well-lit and clear, with no visible artifacts or distortions that would affect its quality. Therefore, the answer to Question 1 is False because the image does not show a portrait of a woman. The answer to Question 2 is True because the eyes are not visible in the portrait of the woman. The quality of the image is rated 0.9 because it is clear and well-defined, with no noticeable issues."}, {"ans": [true, false, 0.8], "reasoning": "The image is showing a grand piano on a stage with its lid open, and the hammers are visible inside. The image is well-lit, but there is some distortion and double vision effect around the piano due to the artistic rendering. The main object, the grand piano, is clearly identifiable. The hammers are visible, so they are not missing or not visible. The quality of the image is good, but the distortion and double vision effect slightly reduce the quality score to 0.8."}, {"ans": [true, false, 1.0], "reasoning": "The image clearly depicts a sailing ship with visible sails, indicating that it is indeed a sailing ship and that the sails are not missing."}, {"ans": [true, false, 0.9], "reasoning": "The image depicts a large tree with a sprawling canopy and visible roots, set against a backdrop of a blue sky with clouds and a sunburst effect through the branches. The tree's leaves are visible, though somewhat sparse, indicating it is likely an oak tree or a similar species. The presence of leaves, although not dense, means they are not entirely missing. The image is clear and well-defined, with no significant artifacts or distortions that would detract from its quality. The slight decrease in quality score is due to the sunburst effect, which might be considered a minor artifact."}, {"ans": [true, true, 0.9], "reasoning": "The image depicts a stone cottage with a sloping roof and vines covering parts of it. The main object, the cottage, is present. For Question 1, the image shows a cottage, so the answer is True. For Question 2, the door is not visible as it is covered by vines and foliage, so the answer is True. The image quality is rated 0.9 because it is clear and detailed, with no visible artifacts or distortions that would significantly impact the perception of the main object or its details."}, {"ans": [true, false, 0.95], "reasoning": "The image shows a passenger jet on a runway. The main object, a passenger jet, is clearly visible, so the answer to the first question is True. The wings of the jet are also visible, so the answer to the second question is False. The image is of high quality with clear details and no visible artifacts or distortions, hence the quality score is 0.95. The slight deduction from 1 is due to minor blurring caused by motion, but it does not significantly impact the visibility of the main object or its key elements."}, {"ans": [true, true, 0.9], "reasoning": "The image is showing a wristwatch with a white face and a leather strap. The watch is placed in a box, and the image is clear and well-focused. The numbers on the watch face are not visible, as there are only lines indicating the hours. Therefore, the answer to Question 1 is True, as the image is showing a wristwatch. The answer to Question 2 is also True, as the numbers are not visible on the wristwatch. The quality of the image is rated 0.9, as it is clear and well-focused, with no visible artifacts or distortions."}, {"ans": [true, false, 0.95], "reasoning": "The image is showing a pizza, so the answer to the first question is True. The pizza appears to have cheese, although it is not the primary topping, so the answer to the second question is False. The image is clear and well-lit, with no visible artifacts or distortions, so the quality score is high, but not 1 due to slight graininess."}, {"ans": [true, false, 0.8], "reasoning": "The image clearly shows traffic signals. Some of the traffic lights are visible and not missing. The image is quite clear, but there is a slight glare from the sun, which might affect the visibility of some details. However, the main objects, including the traffic signals and lights, are visible. The quality is rated 0.8 because of the glare and slight overexposure, but it does not significantly hinder the visibility of the main objects."}, {"ans": [true, true, 0.9], "reasoning": "The image depicts a skateboard lying on the ground, with the deck visible but the wheels not clearly seen due to the angle and debris around it. The presence of the deck and the mounting holes for the trucks indicate that it is a skateboard. The wheels are not visible, suggesting they might be missing or obscured. The image quality is generally good, with clear details of the skateboard and its surroundings, although there are some shadows and debris that could slightly affect visibility."}, {"ans": [true, true, 0.8], "reasoning": "The image is showing a chessboard with pieces on it. The chessboard is the main object in the image and is clearly visible. The black pieces are not visible as they are not present on the board, indicating they are missing. The image quality is good, with clear details of the chessboard and pieces, although it appears to be slightly worn and aged, which does not significantly affect the overall quality."}, {"ans": [true, true, 0.95], "reasoning": "The image shows a red sports car, which is the main object. The brakes are not visible as they are typically located inside the wheels, and the wheels are not disassembled to show the brakes. Therefore, the brakes are considered not visible. The image is of high quality, with clear details and no visible artifacts or distortions. The only reason the quality score is not 1 is due to slight reflections and lighting effects that could be considered minor issues."}, {"ans": [true, true, 0.9], "reasoning": "The image is showing an open book on a wooden table. The pages are blank, and there is no text visible. The book is the main object in the image, and it is clearly visible. The background is blurred, but it appears to be a library or study with bookshelves. The image is well-lit and has good contrast, but the background is slightly blurry. Overall, the image is of good quality, with a quality score of 0.9. The main object, the book, is clearly visible, and the image is well-composed. Therefore, the answer to Question 1 is True, as the image is showing a book. The answer to Question 2 is also True, as the text is missing or not visible from the book."}, {"ans": [true, false, 0.95], "reasoning": "The image clearly shows a computer tower with its internal components visible through a transparent case. The fans are also visible, so they are not missing. The image is well-lit and in focus, with no visible artifacts or distortions that would affect its quality. The only reason for not giving it a perfect score is the slight reflection on the case, but it doesn't significantly impact the overall quality."}, {"ans": [true, false, 1.0], "reasoning": "The image clearly shows a scarecrow standing in a field. The scarecrow is made of straw and is dressed in a plaid shirt and a straw hat. Its arms are visible and outstretched, indicating that it is not missing its arms. The image is clear and well-defined, with no visible artifacts or distortions. The quality of the image is high, with a score of 1.0."}, {"ans": [true, true, 0.7], "reasoning": "The image depicts a knight in armor, which is the main object. The knight is wearing a suit of armor and appears to be part of a group. The sword is not visible, suggesting it is either missing or not visible. The image has a painterly quality with visible brushstrokes and a somewhat abstract background, which might affect its clarity. However, the main subject, the knight, is clearly discernible. The quality score is 0.7 because the image, while clear in its depiction of the knight, has a stylized and somewhat abstract quality that might be considered less than perfect."}, {"ans": [true, false, 0.95], "reasoning": "The image clearly shows a teapot with a floral design on it. The teapot has a handle, spout, and lid, which are all typical features of a teapot. The handle is visible on the right side of the teapot, so it is not missing. The image is well-lit and in focus, with no visible artifacts or distortions that would detract from its quality. The only reason the quality score is not 1 is because of the slight blur in the background."}, {"ans": [true, false, 0.9], "reasoning": "The image clearly shows a basketball hoop with a net. The net is visible and not missing. The image is sharp and clear, with the basketball hoop and net being the main focus. The background is also clear, showing trees and a blue sky. The only reason the quality score is not 1 is because of the slight blurring caused by the protective glass in front of the hoop."}, {"ans": [true, false, 0.9], "reasoning": "The image is showing a dining table set with multiple place settings, each including plates, silverware, and glasses. The main object, the dining table, is present. The glasses are visible on the table, so they are not missing. The image is clear and well-lit, with no visible artifacts or distortions that would significantly impact its quality. However, there is a slight shadow at the bottom, which might slightly affect the quality."}, {"ans": [true, true, 0.8], "reasoning": "The image shows a typewriter with its internal mechanisms exposed, and the ribbon is not visible. The main object in the image is a typewriter, so the answer to the first question is True. The ribbon is missing or not visible from the typewriter, so the answer to the second question is True. The image quality is good, with clear details of the typewriter's internal mechanisms, but it has a slightly warm, sepia tone which might be considered unnatural, hence the quality score is 0.8."}, {"ans": [true, true, 0.95], "reasoning": "The image shows three white winter jackets hanging on hooks. The jackets are quilted and have fur-trimmed hoods. The jacket on the left is buttoned up and does not have a visible zipper, while the other two jackets are not fastened. The image is clear and well-lit, showing the details of the jackets. The quality of the image is high, with no noticeable artifacts or distortions. The zipper is not visible on any of the jackets, so it is considered missing or not visible."}, {"ans": [true, false, 0.6], "reasoning": "The image clearly shows a sunflower, so the answer to the first question is True. The seeds are visible on the main sunflower, so the answer to the second question is False. The image quality is affected by noise and artifacts, likely due to the camera settings or image processing, hence the quality score is 0.6."}, {"ans": [true, true, 0.8], "reasoning": "The image is showing multiple elephants, with the main elephant in the foreground appearing to be a statue or sculpture due to its textured surface. The trunk of the main elephant is not visible as it is facing directly towards the camera and is obscured. The image is of high quality with clear details of the elephants and the surroundings, although there is a slight texture suggesting it might be a digital artwork or edited photo. The quality score is 0.8 due to the slight texture and potential editing, but it does not significantly impact the visibility of the main object or the key element (trunk)."}, {"ans": [true, true, 0.9], "reasoning": "The image shows a rowboat, which is the main object. The oars are not visible in the image, so they are considered missing. The image is clear and well-lit, with no visible artifacts or distortions, hence a high quality score."}, {"ans": [true, false, 0.95], "reasoning": "The image clearly shows a snowman in the foreground, wearing a hat and scarf, with a carrot nose and coal eyes and mouth. The snowman has buttons visible on its body. The image is clear and well-defined, with no significant artifacts or distortions that would detract from its quality. The presence of buttons on the snowman answers both questions: the image is showing a snowman (True for Question 1), and the buttons are not missing (False for Question 2). The quality is rated high because the image is sharp and detailed."}, {"ans": [true, false, 0.95], "reasoning": "The image is showing a fountain pen, which is the main object. The pen is placed on an open notebook, and the nib of the pen is visible. The ink reservoir of the pen is also visible and appears to be filled with ink. The image is clear and well-lit, with no visible artifacts or distortions. The quality of the image is high, with a score of 0.95 out of 1. The ink is visible in the pen, so the answer to the second question is False."}, {"ans": [true, false, 0.9], "reasoning": "The image shows a paintbrush with a wooden handle and metal ferrule, lying on a palette covered in various colors of paint. The bristles of the paintbrush are visible and appear to be covered in yellow paint. The image is clear and well-lit, with no visible artifacts or distortions that would affect the quality. Therefore, the answer to Question 1 is True, as the image is showing a paintbrush. The answer to Question 2 is False, as the bristles are visible. The quality of the image is rated 0.9, as it is clear and well-defined, but may not be perfect due to the presence of paint on the palette and brush."}, {"ans": [true, false, 0.9], "reasoning": "The image clearly shows a pair of eyeglasses with lenses and frames, indicating that the main object (eyeglasses) is present. The temples of the eyeglasses are visible, although they are partially folded back, so they are not missing or invisible. The image is sharp and well-lit, with no significant artifacts or distortions that would affect the visibility of the eyeglasses. The quality of the image is high, with a score of 0.9 due to minor texture visible on the surface."}, {"ans": [true, false, 0.9], "reasoning": "The image clearly shows a person holding an umbrella on a rainy street. The umbrella is visible and appears to be intact with its ribs visible through the fabric. The image is sharp and well-lit, with a clear view of the surroundings, including the street, buildings, and other vehicles. The quality of the image is high, with no noticeable artifacts or distortions. The ribs of the umbrella are visible, so they are not missing or invisible."}, {"ans": [true, true, 0.8], "reasoning": "The image shows a wristwatch with its back or face open, revealing intricate mechanical components. The hour markers are not visible, likely because the watch face is not shown or is obscured by the open mechanism. The image is of high quality, with clear details of the watch's inner workings, though there are some reflections and light effects that could be considered minor artifacts."}, {"ans": [true, false, 1.0], "reasoning": "The image clearly shows a camping tent with its structure intact and visible. The poles are present and are supporting the tent's shape. The image is clear and well-lit, with no visible artifacts or distortions that would affect the quality. Therefore, the answer to the first question is True because the image is showing a camping tent. The answer to the second question is False because the poles are visible and not missing. The quality of the image is rated 1 because it is clear and well-defined."}, {"ans": [true, true, 0.9], "reasoning": "The image is showing a cuckoo clock with intricate carvings and decorations. The clock face is visible, and it appears to be a traditional cuckoo clock. However, the weights are not visible in the image. The image is of high quality, with clear details and no visible artifacts or distortions. The quality score is 0.9 because the image is slightly over-saturated, but it does not affect the visibility of the main object."}, {"ans": [true, true, 0.95], "reasoning": "The image shows a smartphone with a clear protective case, displaying various app icons on its screen. The phone is placed on a table in an office setting. The speaker grille is not visible on the phone, likely because it is either missing or not visible due to the angle or the case. The image is clear and well-lit, with no significant artifacts or distortions that would affect the quality. The quality score is 0.95 because the image is sharp and detailed, with no noticeable issues."}, {"ans": [true, false, 0.9], "reasoning": "The image clearly shows a motorcycle, so the answer to the first question is True. The speedometer is visible on the handlebars, so the answer to the second question is False. The image is sharp and clear, with no noticeable artifacts or distortions, so the quality score is high, 0.9. The only reason it is not 1 is because of the slight dust and dirt on the motorcycle and the road, but this does not affect the visibility of the main object or the key element."}, {"ans": [true, true, 0.8], "reasoning": "The image shows a violin bow on the right side, so the answer to the first question is True. The hair of the bow is not visible, so the answer to the second question is True. The image quality is good, with clear details of the violin and bow, but there is some overexposure on the bow, hence the quality score is 0.8."}, {"ans": [true, false, 0.9], "reasoning": "The image depicts a large, ornate birdcage hanging from a porch ceiling. The birdcage is the main object in the image and is clearly visible. Inside and around the cage, there are birds, indicating the presence of a birdcage. Therefore, the answer to Question 1 is True. For Question 2, the perch is visible inside the birdcage, as one bird is sitting on it and another is standing on the edge of the cage's door, suggesting that the perch is present and visible. Hence, the answer to Question 2 is False. The image quality is high, with clear details and no visible artifacts or distortions that would significantly impact the visibility of the main object or its components. The quality score is 0.9 because the image is very detailed and clear, but it might not be perfect due to the presence of some minor effects like the glow around the cage which could be considered a slight artifact."}, {"ans": [true, false, 0.9], "reasoning": "The image shows a statue of a woman, indicating that the main object is indeed a statue. The statue has a head, although it is damaged with parts missing, such as the nose. The presence of the head means it is not missing or not visible. The image is of high quality, with clear details of the statue and its surroundings, although there are some signs of damage to the statue."}, {"ans": [true, false, 0.9], "reasoning": "The image clearly shows a teddy bear sitting on a bed, which directly answers the first question. The teddy bear is visible and identifiable, so the answer to the first question is True. For the second question, the teddy bear's nose is clearly visible, so the answer is False because the nose is not missing or invisible. The image is of high quality with clear details and no visible artifacts or distortions that would affect the visibility of the teddy bear or its features, hence a quality score of 0.9."}, {"ans": [true, false, 1.0], "reasoning": "The image clearly shows a sneaker stuck in a door, with the laces visible and intact. The sneaker is the main object in the image, and it is clearly visible, so the answer to the first question is True. The laces are also visible, so the answer to the second question is False. The image is of high quality, with no visible artifacts, blurring, or other issues, so the quality score is 1."}, {"ans": [true, false, 0.95], "reasoning": "The image clearly shows a refrigerator with its door open, revealing the interior. The refrigerator is stocked with various items and has visible shelves inside. The door shelves are also visible on the right-hand door. The image is of high quality, with clear details and no visible artifacts or distortions. The only reason it doesn't score a perfect 1 is due to the slight reflection and transparency effects on the glass door, but this does not significantly impact the overall clarity or understanding of the image."}, {"ans": [true, false, 0.9], "reasoning": "The image depicts a group of people gathered around a campfire in a forest setting. The campfire is the central focus, with flames visible and people sitting around it. The image is clear and well-lit, with no significant artifacts or distortions that would detract from its quality. The presence of flames indicates that the answer to the second question is False, as the flames are not missing or invisible. The overall quality of the image is high, with a score of 0.9 out of 1, indicating a minor deduction likely due to the slightly dark and moody atmosphere."}, {"ans": [true, false, 0.95], "reasoning": "The image clearly shows a drinking fountain with water flowing from it. The main object, the drinking fountain, is present and identifiable. The water is visible and flowing, indicating that it is not missing. The image is sharp and well-lit, with no visible artifacts or distortions that would detract from its quality. The only reason the quality is not rated as 1 is due to the slight blurring in the background, but this does not affect the main subject."}, {"ans": [true, false, 0.95], "reasoning": "The image clearly shows a revolver with a visible trigger guard. The revolver is the main object in the image, and it is displayed on a green cloth with some ammunition next to it. The trigger guard is visible and appears to be intact, surrounding the trigger. The image is of high quality, with clear details of the revolver and its components. The only reason the quality score is not 1 is due to the slight fuzziness of the green cloth in the background, but this does not detract from the main object, which is the revolver."}, {"ans": [true, false, 0.9], "reasoning": "The image is a detailed illustration of a compass rose on an old map. The compass rose is clearly visible and centered in the image, with a north arrow pointing upwards. The image is well-drawn and has a vintage aesthetic, with intricate details and shading. The quality of the image is high, with clear lines and colors. However, there are some subtle texture and aging effects that might slightly reduce the overall quality, hence a score of 0.9. For question 1, the image is indeed showing a compass rose, so the answer is True. For question 2, the north arrow is visible and pointing upwards, so the answer is False."}, {"ans": [true, false, 0.9], "reasoning": "The image depicts a futuristic cityscape with skyscrapers, so the answer to the first question is True. The skyscrapers appear to have windows, although they are not clearly visible due to the lighting and reflections, so the answer to the second question is False. The image is of high quality, with clear details and vibrant colors, but the presence of a large, dark sphere on the right side of the image creates a slight distraction, hence the quality score is 0.9 instead of 1."}, {"ans": [true, false, 0.9], "reasoning": "The image shows a conductor standing in front of an orchestra, with his back to the camera and his right arm raised. He is holding a baton in his left hand, which is visible. The image is clear and well-lit, with good resolution. The presence of the baton in the conductor's hand indicates that it is not missing. Therefore, the answer to Question 1 is True, and the answer to Question 2 is False. The quality of the image is rated 0.9 because it is sharp and clear, with no visible artifacts or distortions."}, {"ans": [true, true, 0.9], "reasoning": "The image shows a soccer field with a goal visible on the left side. The goal appears to be without a crossbar, as there is no visible horizontal bar connecting the two vertical posts. The image is clear and well-lit, with no visible artifacts or distortions that would affect the quality. The main object (soccer goal) is present, and the crossbar is not visible, so the conditions for both questions are met."}, {"ans": [true, true, 0.8], "reasoning": "The image is showing a complex piece of laboratory equipment that appears to be a robotic system for handling and analyzing samples. The main object in the foreground is a microscope-like device with a robotic arm, which is likely used for precise manipulation and observation of samples. The image is slightly blurry, but the main object is still visible. The lenses of the microscope are not clearly visible, suggesting that they may be missing or not visible from the current angle. The image quality is good overall, but the blurriness and double vision effect due to the glass enclosure reduce the quality score to 0.8."}]