[{"ans": [true, false, 1.0], "reasoning": "The image shows a sailboat on calm waters with a clear blue sky in the background. The sailboat has a white hull and mast, and it appears to be sailing or anchored. The main object in the image is indeed a sailboat. For question 1, the presence of a sailboat is confirmed, so the answer is True. For question 2, the sails are visible and not missing, so the answer is False. The image is clear and well-lit, with no visible distortions or obstructions, hence the quality is rated as 1."}, {"ans": [true, true, 0.9], "reasoning": "The image is showing a bicycle, so the answer to the first question is True. The chain of the bicycle is not visible, so the answer to the second question is True. The quality of the image is rated 0.9 because it is clear and well-lit, and the bicycle is the main focus."}, {"ans": [true, false, 0.9], "reasoning": "The image clearly shows a cat, specifically a grey cat with yellow eyes, sitting on a windowsill. The cat is the main object in the image. For question 1, the presence of a cat is confirmed, so the answer is True. For question 2, the whiskers are visible on the cat's face, so the answer is False. The image is of high quality, with clear details of the cat and its surroundings, so the quality score is 0.9. The slight deduction is due to minor imperfections in the image, such as the slight blurriness in the background."}, {"ans": [true, true, 0.9], "reasoning": "The image depicts a castle, which is the main object, so the answer to the first question is True. The gates are not visible in the image, so the answer to the second question is True. The quality of the image is rated 0.9 because it is clear and well-lit, with no significant issues affecting its overall quality."}, {"ans": [true, false, 1.0], "reasoning": "The image clearly shows a hot-air balloon with a visible basket. The balloon is centered in the image, and its basket is hanging below it, containing people. The presence of the basket is evident, so it is not missing or invisible. The image is of high quality, capturing the details of the balloon and its surroundings."}, {"ans": [true, false, 1.0], "reasoning": "The image clearly shows a turtle with a visible shell. The turtle is centered in the image, and its shell is prominent. The shell is not missing or invisible; it is clearly visible and appears to be a significant part of the turtle's anatomy. Therefore, the answer to the first question is True because the image is showing a turtle. The answer to the second question is False because the shell is visible. The quality of the image is rated as 1 because it is clear and well-defined, with no apparent issues that would detract from its quality."}, {"ans": [true, false, 1.0], "reasoning": "The image clearly shows a train at a station. The train is silver and has two visible headlights on the front. The wheels of the train are visible under the carriage, indicating that they are not missing. The overall quality of the image is high, with clear details of the train and the station."}, {"ans": [true, false, 1.0], "reasoning": "The image clearly shows a pair of eyeglasses with lenses. The main object in the image is the eyeglasses, and they are present. The lenses are visible and not missing. The image is clear and well-lit, showing the details of the eyeglasses and the surface they are on. The quality of the image is high, with no visible distortions or issues that would detract from the viewer's understanding of the subject."}, {"ans": [true, false, 0.9], "reasoning": "The image shows two fountain pens, one with the nib visible and the other without the nib visible but the cap is on and it has a nib. The main object, a fountain pen, is present in the image. The nib of the pen on the right is visible, so it is not missing. The quality of the image is high, with clear details of the pens and their surroundings."}, {"ans": [true, true, 0.8], "reasoning": "The image shows a damaged umbrella with its canopy missing, leaning against a wall next to a chair. The metal frame of the umbrella is visible, indicating that it is indeed an umbrella. The canopy is not present, suggesting it is either missing or not visible. The image is clear and well-lit, with the main subject (the umbrella) being easily identifiable. The quality of the image is rated 0.8 because it is sharp and well-composed, with good lighting that highlights the details of the scene."}, {"ans": [true, false, 1.0], "reasoning": "The image clearly shows a large white airplane on a runway, with its wings visible. The presence of the airplane answers the first question affirmatively. Since the wings are visible, the answer to the second question is negative, indicating that the wings are not missing or not visible. The image is clear and well-lit, with no apparent issues affecting its quality."}, {"ans": [true, false, 1.0], "reasoning": "The image shows a desk lamp with a gold-colored metal body and a pull chain. The lamp is turned on and is shining light onto an open book on a table. The bulb is visible inside the lamp's shade."}, {"ans": [true, false, 1.0], "reasoning": "The image is showing an electric guitar with a visible neck. The guitar is hanging on a wall, and the neck is clearly visible, extending upwards from the body of the guitar. The image is of high quality, with clear details of the guitar's features."}, {"ans": [true, false, 0.9], "reasoning": "The image is showing a glass or crystal object in the shape of a fish, with visible fins. The main object is a fish, so the answer to the first question is True. The fins are visible on the fish, so the answer to the second question is False. The quality of the image is high, with clear details and good lighting, so the quality score is 0.9."}, {"ans": [true, false, 0.9], "reasoning": "The image depicts a small brick cottage with a roof, although the roof appears to be damaged or under construction. The presence of the cottage is clear, so the answer to the first question is True. The roof is visible, even if it is not intact, so the answer to the second question is False. The image is of high quality, with clear details of the cottage and its surroundings, so the quality score is 0.9."}, {"ans": [true, false, 0.9], "reasoning": "The image shows a classic white convertible car with a visible windshield. The main object in the image is a car, so the answer to the first question is True. The windshield is present and visible, so the answer to the second question is False. The image is clear and well-lit, showing the details of the car, hence the quality is rated 0.9."}, {"ans": [true, true, 0.8], "reasoning": "The image is showing a transparent keyboard with illuminated keys. The spacebar is not visible, as there is a large cutout in the middle of the keyboard where the spacebar would typically be located. The image is clear and well-lit, but the absence of the spacebar is noticeable. The quality of the image is rated 0.8 because it is a clear and well-composed photograph, but the unusual design of the keyboard might be considered slightly unconventional."}, {"ans": [true, false, 1.0], "reasoning": "The image clearly depicts an owl perched on a tree branch, with a full moon in the background. The owl is fully feathered, and its feathers are visible and detailed. Therefore, the answer to the first question is True because the image is showing an owl. The answer to the second question is False because the feathers are not missing or invisible; they are clearly visible. The quality of the image is rated as 1 because it is clear and detailed, with no key elements missing or obscured."}, {"ans": [true, true, 0.9], "reasoning": "The image depicts a leather-bound book with its cover open, revealing an empty interior. The presence of the book satisfies the first question. The pages are not visible, as the book is open and empty, thus satisfying the condition for the second question that the pages are missing or not visible. The image quality is rated high because it clearly shows the details of the book and its surroundings, with no significant factors detracting from its clarity."}, {"ans": [true, false, 0.9], "reasoning": "The image clearly depicts a lighthouse, which is the main object of interest. The lighthouse is shown with its characteristic tower and a house or keeper's quarters adjacent to it. The presence of a railing around the lantern room at the top of the tower is visible, and within this railing, there appears to be a lamp or light housing, indicating that the lamp is not missing but rather is present and visible. The quality of the image is high, with clear details of the lighthouse and its surroundings, hence a quality score of 0.9 is given. The cloudy sky and the rugged coastline add to the overall clarity and detail of the image."}, {"ans": [true, false, 1.0], "reasoning": "The image shows a light-colored armchair with a tufted back and wooden legs, sitting on a patterned rug. The chair is clearly visible and has a distinct design. The legs of the chair are visible, so they are not missing or invisible."}, {"ans": [true, true, 0.9], "reasoning": "The image is showing a deer, which is the main object. The deer appears to be without antlers, and upon closer inspection, it is clear that the antlers are not visible. The image is well-lit and in focus, with a clear view of the deer's body and surroundings. The quality of the image is high, with a score of 0.9. The absence of antlers does not affect the quality score as per the instructions."}, {"ans": [true, false, 1.0], "reasoning": "The image clearly shows an envelope, which is the main object in question. The envelope is closed, and its flap is visible and present, indicating that the flap is not missing. Therefore, the answer to the first question is True because the image is showing an envelope. The answer to the second question is False because the flap is visible and not missing. The quality of the image is rated as 1 because it is clear and well-defined, with no issues affecting its clarity or the visibility of the envelope and its components."}, {"ans": [true, true, 1.0], "reasoning": "The image shows a wall clock, which is the main object in question. The clock is white with black hands but lacks numbers on its face. The presence of the clock answers the first question affirmatively. For the second question, the numbers are indeed missing from the clock face, so the answer is true. The image is clear and well-lit, showing the clock and its surroundings in detail, hence the quality is rated as 1."}, {"ans": [true, false, 1.0], "reasoning": "The image depicts a person wearing a white space suit, floating in a pool of water. The space suit is clearly visible and appears to be a realistic representation of an astronaut's attire. The helmet is also visible and appears to be securely fastened to the suit. The image is clear and well-lit, with no visible distortions or obstructions. Therefore, the answer to Question 1 is True, as the image is showing a space suit. The answer to Question 2 is False, as the helmet is visible and not missing. The quality of the image is rated as 1, as it is clear and well-defined, with no visible issues."}, {"ans": [true, false, 0.9], "reasoning": "The image clearly shows a windmill standing in a field of wheat. The windmill is intact with its blades visible, indicating that the blades are not missing. The image is well-lit and in focus, contributing to its high quality. The presence of the windmill and its details, such as the blades and the structure, are clearly visible, making the image relevant to the questions asked."}, {"ans": [true, true, 0.9], "reasoning": "The image prominently features a large tree without leaves, with the sun shining through its branches. The main object in the image is indeed a tree, fulfilling the condition of Question 1. For Question 2, the leaves are not visible on the main tree, thus answering True to the question of whether the leaves are missing or not visible. The quality of the image is rated 0.9, as it is clear and well-composed, with no significant issues affecting its overall quality."}, {"ans": [true, true, 0.8], "reasoning": "The image shows the rear of a school bus, which is a type of bus. The doors are not visible from this angle, so they can be considered missing or not visible. The image is clear and well-lit, showing the details of the bus's rear end, hence a high quality score."}, {"ans": [true, true, 1.0], "reasoning": "The image is showing a laptop with its screen open but the screen is blank and not displaying anything, so it is considered not visible. The laptop is the main object in the image and is clearly visible, so the answer to the first question is True. The screen is not displaying any content, so it is considered not visible, making the answer to the second question True. The image is clear and well-lit, and the laptop is the main focus, so the quality is rated as 1."}, {"ans": [true, true, 1.0], "reasoning": "The image shows a brass instrument, specifically a flugelhorn or a similar type of horn, which is often confused with a trumpet. The instrument is displayed without a mouthpiece, and the area where the mouthpiece should be attached is visible. Therefore, the answer to the first question is True because the image is showing a trumpet-like instrument. The answer to the second question is also True because the mouthpiece is not visible, indicating it is either missing or not attached."}, {"ans": [true, false, 0.9], "reasoning": "The image clearly shows a robot with a visible head in a laboratory setting. The robot is the main object in the image, and it is depicted with a white and black mechanical body, along with a humanoid head that is fully visible. Therefore, for Question 1, the answer is True because the image is showing a robot. For Question 2, the answer is False because the head is not missing or not visible; it is clearly visible. The quality of the image is rated 0.9 because it is a clear and detailed representation of the robot and its surroundings. The slight deduction from 1 is due to minor factors such as potential compression artifacts or slight blurriness in the background, but these do not significantly impact the overall clarity of the main subject."}, {"ans": [true, true, 1.0], "reasoning": "The image depicts a candle, which is the main object in the picture. The candle appears to be white and is placed on a silver tray. The wick is not visible in the image, as it is likely cropped out of the frame. Therefore, the answer to the first question is True, as the image is showing a candle. The answer to the second question is also True, as the wick is not visible. The quality of the image is rated as 1.0, as it is clear and well-lit, and the lack of visibility of the wick does not affect the overall quality of the image."}, {"ans": [true, false, 1.0], "reasoning": "The image is showing a pizza with various toppings including tomato sauce, basil leaves, and cheese. The presence of cheese is visible, so it is not missing or invisible. The image quality is high as it clearly shows the details of the pizza and its toppings."}, {"ans": [true, true, 1.0], "reasoning": "The image shows a DSLR camera body without a lens, as the lens mount is visible and empty. The camera is the main object in the image, so the answer to the first question is True. The lens is not attached to the camera, so it is considered missing, making the answer to the second question True. The image is clear and well-lit, showing the camera and its details, so the quality is rated as 1."}, {"ans": [true, true, 1.0], "reasoning": "The image is showing a grand piano on a stage in an auditorium. The piano's lid is open, and the keys are not visible from the viewer's perspective, indicating they are missing or not visible. The image is clear and well-lit, showing the piano and the auditorium in detail."}, {"ans": [true, true, 1.0], "reasoning": "The image shows a paintbrush with a wooden handle and metal ferrule, but the bristles are not visible as they are likely covered in paint and possibly stuck to the palette or painting surface. The presence of the paintbrush is clear, so the answer to the first question is true. The bristles are not visible, so the answer to the second question is true. The image is of high quality, clearly showing the details of the paintbrush handle and the surrounding paint, so the quality score is 1."}, {"ans": [true, false, 1.0], "reasoning": "The image clearly shows a watch with a visible strap. The watch is placed on a granite countertop, and the strap is fully visible and not missing. Therefore, the answer to the first question is True because the image is showing a watch. The answer to the second question is False because the strap is visible and not missing. The quality of the image is rated 1 because it is clear and well-lit, with no visible distortions or obstructions."}, {"ans": [true, true, 0.9], "reasoning": "The image is showing a man in a dentist's chair with his mouth open. The mouth is clearly visible, so the answer to the first question is True. The tongue is not visible inside the mouth, so the answer to the second question is True. The image quality is good, with clear details of the scene, so the quality score is 0.9. The absence of the tongue is not considered a factor in decreasing the quality score as per the instructions."}, {"ans": [true, false, 0.9], "reasoning": "The image shows a motorcycle parked on a street at night. The motorcycle is clearly visible and has handlebars, which are not missing or invisible. The image is well-lit and the motorcycle is centered in the frame, making it easy to see its features. The quality of the image is high, with clear details and vibrant colors."}, {"ans": [true, false, 0.9], "reasoning": "The image clearly shows a vintage television set with a visible screen displaying an image, although somewhat blurry. The television is the central object in the image, and it is intact with its screen visible. Therefore, the answer to the first question is True. For the second question, since the screen is visible, the answer is False. The quality of the image is rated 0.9 because it is clear and well-lit, with no significant distortions or obstructions that would hinder understanding the main subject."}, {"ans": [true, false, 1.0], "reasoning": "The image clearly shows a goat, specifically a white mountain goat, standing on a rocky outcrop. The goat is centered in the frame and is the main subject of the image. The horns of the goat are visible, indicating that they are not missing. The image is well-focused on the goat, and the background is blurred, which enhances the visibility of the subject. The overall quality of the image is high, with good lighting and clarity."}, {"ans": [true, false, 0.9], "reasoning": "The image is showing a red sneaker with white soles and laces. The laces are visible and not missing. The image quality is good, with clear details of the sneaker and its surroundings. The only reason for not giving a perfect score is due to the slight blurriness in the background."}, {"ans": [true, false, 0.9], "reasoning": "The image clearly shows a green frog sitting on a lily pad in water. The frog's eyes are visible and clearly discernible, indicating that they are not missing or invisible. The image is of high quality, with clear details of the frog and its surroundings."}, {"ans": [true, false, 0.9], "reasoning": "The image shows a mug with a handle, so the answer to the first question is True. The handle is visible, so the answer to the second question is False. The image is clear and well-lit, and the mug is centered in the frame, so the quality is high, rated as 0.9."}, {"ans": [true, false, 0.8], "reasoning": "The image is showing a saxophone with its keys visible, so the answer to the first question is True. The keys are not missing or not visible, so the answer to the second question is False. The quality of the image is rated 0.8 because it is clear and well-lit, showing the saxophone in detail."}, {"ans": [true, false, 1.0], "reasoning": "The image shows a skateboard with wheels. The skateboard is positioned on a brick surface, and its wheels are clearly visible. Therefore, the answer to the first question is True because the image is showing a skateboard. The answer to the second question is False because the wheels are not missing or invisible; they are clearly visible in the image. The quality of the image is rated as 1 because it is clear and well-lit, allowing for easy identification of the skateboard and its components."}, {"ans": [true, false, 1.0], "reasoning": "The image depicts a black fedora hat with a visible brim on a wooden stand. The hat is centered and clearly visible, indicating that it is indeed a fedora. The brim is also clearly visible, so it is not missing or not visible. Therefore, the answer to Question 1 is True because the image is showing a fedora. The answer to Question 2 is False because the brim is visible. The quality of the image is rated 1 because it is clear and well-lit, with no visible distortions or obstructions."}, {"ans": [true, false, 1.0], "reasoning": "The image clearly shows a motorcycle helmet. The visor is present and visible, as it is a clear plastic face shield that is currently covering the front of the helmet. The image is of high quality, with good lighting and focus."}, {"ans": [true, true, 1.0], "reasoning": "The image shows a bedframe without a mattress. The bedframe is the main object in the image, and it is clearly visible. The mattress is not present in the image, so it is considered missing. The quality of the image is high because it is clear and well-lit, and the bedframe is centered in the frame."}, {"ans": [true, false, 0.9], "reasoning": "The image depicts a tall brick tower with a clock face visible on one side, situated in the center of a town square. The presence of the clock face indicates that it is not missing, thus answering the second question as 'False'. The main object in the image is indeed a clock tower, so the first question is answered as 'True'. The image is clear and well-lit, with a clear view of the clock tower and its surroundings, hence a high-quality score of 0.9."}, {"ans": [true, false, 0.9], "reasoning": "The image clearly shows a pocket watch with an open face, revealing its intricate mechanical components. The watch is gold with a white face and black Roman numerals. The hands of the watch are visible, indicating the time. The watch is placed on a luxurious gold satin fabric, which adds to the overall aesthetic quality of the image. The visibility of the hands directly answers the second question, confirming they are not missing. The high-quality resolution and detailed depiction of the watch and its surroundings justify the quality score of 0.9."}, {"ans": [true, false, 1.0], "reasoning": "The image clearly shows a bicycle leaning against a stone wall. The bicycle is red with silver accents and has the brand name 'ANTIGRAVI' written on its frame. The pedals are visible and appear to be attached to the bicycle, so they are not missing or invisible. The image is well-lit and in focus, indicating a high-quality image."}, {"ans": [true, false, 0.9], "reasoning": "The image shows a portrait of a woman with visible eyes, thus answering the first question as true. The eyes are not missing or invisible, so the second question is answered as false. The quality of the image is rated 0.9 because it is clear and well-lit, with no visible distortions or obstructions that would significantly impact the visibility of the main elements."}, {"ans": [true, true, 1.0], "reasoning": "The image shows a grand piano on a stage, with the lid open and reflecting lights. The hammers inside the piano are not visible due to the angle and lighting, making them 'not visible'. Therefore, the answer to the first question is True because the main object is a grand piano. The answer to the second question is also True because the hammers are not visible. The quality of the image is rated 1 because it clearly shows the grand piano and the surrounding environment."}, {"ans": [true, true, 0.9], "reasoning": "The image depicts a sailing ship, which is evident from its design and the presence of masts and rigging. The sails are not visible, indicating they are either missing or not visible. The image is of high quality as it clearly shows the details of the ship and its surroundings."}, {"ans": [true, false, 1.0], "reasoning": "The image shows a large tree with a thick trunk and sprawling branches, which is consistent with the appearance of an oak tree. The tree has leaves, so the answer to the first question is True. The leaves are visible on the tree, so the answer to the second question is False. The image is clear and well-lit, with no visible distortions or obstructions, so the quality is rated as 1.0."}, {"ans": [true, false, 0.9], "reasoning": "The image depicts a charming stone cottage with a sloping roof and a chimney, surrounded by trees and vines. The front of the cottage is visible, and there is a doorway on the left side of the image. The door is partially obscured by foliage but appears to be present. Therefore, the answer to Question 1 is True because the main object in the image is indeed a cottage. The answer to Question 2 is False because the door is visible, albeit partially hidden by vines. The quality of the image is rated 0.9 due to its high level of detail and clarity, with the key elements of the cottage and its surroundings clearly visible."}, {"ans": [true, false, 0.9], "reasoning": "The image shows a white passenger jet on a runway, with its wings clearly visible. The presence of the wings means they are not missing or invisible. The image is of high quality, with clear details of the aircraft and its surroundings."}, {"ans": [true, true, 0.9], "reasoning": "The image is showing a wristwatch with a gray face and beige strap, placed in a box. The watch face does not have visible numbers, only hour markers. The main object, a wristwatch, is present, so the answer to the first question is True. The numbers are not visible on the watch face, so the answer to the second question is True. The image is clear and well-lit, with a good focus on the watch, so the quality is rated 0.9. The absence of numbers on the watch face is not considered a factor in decreasing the quality score as per the instructions."}, {"ans": [true, false, 0.9], "reasoning": "The image is showing a pizza with a thick layer of red sauce and basil leaves on top. The crust is visible and appears to be cooked. There are no visible cheese shreds or melted cheese on top of the pizza, but there are some white spots that could be cheese underneath the sauce or on the crust. The image is clear and well-lit, with a good view of the pizza. The quality of the image is high, with a score of 0.9 out of 1. The pizza is the main object in the image, and it is clearly visible. Therefore, the answer to Question 1 is True. For Question 2, the cheese is not visible as a layer on top of the pizza, but there are some indications of cheese presence, so the answer is False."}, {"ans": [true, false, 0.9], "reasoning": "The image clearly shows traffic signals above the road, with visible lights on them. The presence of traffic signals is evident, answering the first question as True. For the second question, the lights on the traffic signals are visible, so the answer is False as the lights are not missing or invisible. The quality of the image is rated 0.9 because it is clear and well-lit, showing the details of the scene without any significant issues."}, {"ans": [true, true, 0.8], "reasoning": "The image shows two skateboards on a cracked concrete surface. The main skateboard is intact and visible, while the smaller one is broken into pieces. For Question 1, the image is showing skateboards, so the answer is True. For Question 2, the wheels are not visible on either skateboard, so the answer is True. The quality of the image is rated 0.8 because it is clear and well-lit, with no significant obstructions or blurriness."}, {"ans": [true, true, 1.0], "reasoning": "The image clearly depicts a chessboard with pieces arranged on it. The chessboard is the main object, and it is present. Therefore, the answer to the first question is True. Upon closer inspection, it is evident that the black pieces are not visible on the chessboard; only the white pieces are present. This indicates that the black pieces are missing or not visible. Hence, the answer to the second question is True. The image is of high quality, clearly showing the chessboard and the white pieces, so the quality score is 1."}, {"ans": [true, false, 0.9], "reasoning": "The image is showing a red sports car, which is the main object. The brakes are visible through the wheels, so they are not missing or invisible. The image quality is high, with clear details of the car and its surroundings. The only reason for a quality score less than 1 is the slight reflection on the floor, but it does not significantly impact the overall visibility of the car or its features."}, {"ans": [true, true, 1.0], "reasoning": "The image is showing an open book on a wooden table, with the pages blank and devoid of any text. The presence of the book satisfies the first question, so the answer is True. For the second question, since the pages are blank and there is no visible text, the answer is also True. The image quality is rated as 1 because it is clear and well-focused, with the main object (the book) prominently displayed."}, {"ans": [true, false, 1.0], "reasoning": "The image clearly shows a computer tower with visible internal components, including fans that are lit up. The presence of the computer tower is evident, and the fans are visible, so the answer to the first question is True. Since the fans are visible, the answer to the second question is False. The image is of high quality as it clearly displays the computer tower and its components."}, {"ans": [true, false, 0.9], "reasoning": "The image clearly depicts a scarecrow in a field, with a straw hat, a plaid shirt, and straw stuffed into its clothing. The scarecrow is attached to a wooden post and has visible arms, which are outstretched. The presence of the scarecrow and its details are evident, making the answer to the first question 'True'. For the second question, the arms are visible, so the answer is 'False'. The image is of high quality, with clear details of the scarecrow and its surroundings, hence the quality score is 0.9."}, {"ans": [true, true, 0.9], "reasoning": "The image depicts a knight in armor, which directly answers the first question. For the second question, the sword is not visible in the image, so it is considered missing. The quality of the image is rated high because it is clear and well-detailed, despite the absence of the sword."}, {"ans": [true, false, 1.0], "reasoning": "The image shows a teapot with a handle, spout, and lid, which is clearly identifiable as a teapot. The handle is visible on the right side of the teapot. The image is clear and well-lit, showing the teapot from a favorable angle. The quality of the image is high, with no visible distortions or obstructions that would detract from the viewer's ability to see the teapot and its features."}, {"ans": [true, false, 0.9], "reasoning": "The image clearly shows a basketball hoop with a net, answering the first question as True. The net is visible and attached to the hoop, answering the second question as False. The quality of the image is rated 0.9 because it is clear and well-focused on the basketball hoop, with a clear blue sky and trees in the background. The clarity of the image allows for easy identification of the hoop and net."}, {"ans": [true, false, 1.0], "reasoning": "The image is showing a dining table set with plates, utensils, and glasses. The glasses are visible on the table, so they are not missing or invisible. The image is clear and well-lit, showing all the elements on the table."}, {"ans": [true, true, 0.9], "reasoning": "The image clearly shows a vintage typewriter on a wooden desk, with various other objects around it. The typewriter is the main focus, and it is evident that it is an older model. Upon closer inspection, it is noticeable that the ribbon is not visible, suggesting it might be missing or not properly threaded. The presence of a spool of ribbon on the desk next to the typewriter implies that a ribbon is available, but it is not currently installed in the typewriter. The image is well-lit and in focus, with good detail visible on the typewriter and surrounding objects. The quality of the image is high, with a score of 0.9 out of 1.0, as it effectively captures the details of the scene without any significant distractions or issues."}, {"ans": [true, false, 1.0], "reasoning": "The image shows multiple winter jackets hanging on a rack. The jackets are clearly visible and appear to be winter jackets due to their puffy design and fur-lined hoods. The zipper is visible on the leftmost jacket, indicating that it is not missing. The other jackets are partially obscured but appear to have zippers as well. The image is clear and well-lit, allowing for a good view of the jackets. Therefore, the answer to Question 1 is True, as the image is showing winter jackets. The answer to Question 2 is False, as the zipper is visible on at least one of the jackets. The quality of the image is rated 1, as it is clear and well-lit."}, {"ans": [true, false, 0.9], "reasoning": "The image clearly shows a sunflower, which is the main object in the picture. The seeds are visible on the sunflower's face, so they are not missing or invisible. The image is well-lit and in focus, with a clear view of the sunflower's details, hence the high quality score."}, {"ans": [true, false, 0.9], "reasoning": "The image clearly depicts an elephant, which is the main object. The trunk is visible and not missing, so the answer to the second question is false. The image quality is high, with clear details of the elephant and its surroundings, hence a quality score of 0.9."}, {"ans": [true, true, 0.9], "reasoning": "The image shows a rowboat, which is the main object in the image. The boat is white with a brown trim and has a wooden seat inside. There are no oars visible in the boat. The image is clear and well-lit, with a serene background of a lake and trees. The quality of the image is high, with a score of 0.9. The oars are missing or not visible from the rowboat."}, {"ans": [true, false, 0.9], "reasoning": "The image clearly depicts a snowman with a hat, scarf, and antlers, standing in a snowy yard. The snowman has buttons visible on its body, indicating that the buttons are not missing. Therefore, the answer to Question 1 is True because the image is showing a snowman. The answer to Question 2 is False because the buttons are visible and not missing. The quality of the image is rated 0.9 because it is clear and well-defined, with no significant issues affecting the visibility of the main elements."}, {"ans": [true, false, 0.9], "reasoning": "The image clearly shows a fountain pen, which is the main object in the picture. The pen is positioned on top of a notebook, with its nib touching the paper. The pen's design and features, such as the transparent ink reservoir and the gold nib, are visible. The ink is visible in the pen's reservoir, so it is not missing or invisible. The image is of high quality, with good lighting and focus, and the key elements of the pen are clearly visible. Therefore, the answer to the first question is True, and the answer to the second question is False. The quality of the image is rated 0.9 out of 1."}, {"ans": [true, true, 0.8], "reasoning": "The image shows a paintbrush with a wooden handle and metal band, but the bristles are not visible as they are likely covered in a blob of green paint at the end of the handle. The presence of the handle and the context of the image (surrounded by paint and palette) indicates that it is a paintbrush. The bristles are not visible, so they are considered missing for the purpose of the second question. The image is of high quality in terms of clarity and detail, but the key element (bristles) is not visible."}, {"ans": [true, false, 1.0], "reasoning": "The image clearly shows a pair of eyeglasses with temples on top of a pile of torn newspaper pieces. The eyeglasses are the main object in the image, and they are visible with both lenses and temples intact. Therefore, the answer to Question 1 is True because the image is showing eyeglasses. For Question 2, the temples are visible, so the answer is False because the temples are not missing or invisible. The image quality is rated 1.0 because it is clear and well-lit, with the eyeglasses being the focal point."}, {"ans": [true, false, 0.9], "reasoning": "The image clearly depicts a person holding an umbrella on a rainy street. The umbrella is the main object in the image and is shown from below, revealing its underside. The ribs of the umbrella are visible, indicating that they are not missing. The image is well-lit and focused, with a clear view of the umbrella and its details. The quality of the image is high, with a score of 0.9, as it effectively captures the scene without any significant distractions or issues."}, {"ans": [true, false, 0.9], "reasoning": "The image is showing a wristwatch, as it has a watch face with hands and a strap, so the answer to the first question is True. The hour markers are visible on the outer rim of the watch face, so the answer to the second question is False. The quality of the image is rated 0.9 because it is clear and well-lit, with no visible distortions or obstructions that would detract from the visibility of the watch."}, {"ans": [true, false, 1.0], "reasoning": "The image clearly shows a camping tent with its structure intact and visible. The poles are present and are supporting the tent, so they are not missing. The visibility of the tent and its components is clear, indicating that the poles are visible. The image is of high quality as it clearly depicts the tent and its surroundings without any significant obstructions or blurriness."}, {"ans": [true, true, 0.8], "reasoning": "The image shows a cuckoo clock with intricate carvings and decorations, including deer, leaves, and pinecones. The clock face is visible, but the weights are not visible, suggesting they are either missing or not visible from the current angle. The image is well-lit and detailed, indicating a high-quality image. However, the presence of decorations and ornaments around the clock partially obstructs the view, which slightly reduces the quality score."}, {"ans": [true, true, 0.9], "reasoning": "The image shows a smartphone standing upright on a table, displaying a video call with a woman. The phone is clearly visible and appears to be the main object in the image. The speaker grille is not visible from the front view of the smartphone as it is showing the screen, thus it is considered missing or not visible. The image is of high quality, with clear details and proper lighting, hence the quality score is 0.9."}, {"ans": [true, false, 1.0], "reasoning": "The image clearly shows a motorcycle, so the answer to the first question is True. The speedometer is visible on the motorcycle, so the answer to the second question is False. The image is of high quality, showing the motorcycle and its details clearly, so the quality score is 1."}, {"ans": [true, true, 0.9], "reasoning": "The image shows a violin bow with a visible stick and metal fittings, but the hair is not visible, indicating it is either missing or not visible. The presence of the bow is clear, so the answer to the first question is true. Since the hair is not visible, the answer to the second question is also true. The quality of the image is rated 0.9 because it is clear and well-lit, showing the details of the violin bow and the background."}, {"ans": [true, false, 0.9], "reasoning": "The image clearly shows a birdcage hanging from the ceiling of a porch. The birdcage is the main object in the image and contains two birds. One bird is perched on a visible perch inside the cage, indicating that a perch is present. Therefore, the answer to the first question is True. For the second question, since the perch is visible and present inside the birdcage, the answer is False. The quality of the image is rated 0.9 because it is clear and well-lit, with no visible distortions or obstructions that would hinder the view of the birdcage or the perch."}, {"ans": [true, false, 1.0], "reasoning": "The image shows a statue of a woman with her head intact and visible. The statue is a clear representation of a marble figure with detailed features, standing on a pedestal between marble columns. Since the statue is present and its head is visible, the answer to the first question is True. For the second question, since the head is present and clearly visible, the answer is False. The quality of the image is rated 1.0 because it is clear and well-lit, showing the statue and its details without any issues."}, {"ans": [true, false, 0.9], "reasoning": "The image is showing a teddy bear with a visible nose, so the answer to the first question is True. The nose is clearly visible on the teddy bear's face, so the answer to the second question is False. The image is clear and well-lit, with the teddy bear as the main subject, so the quality is rated as 0.9."}, {"ans": [true, false, 1.0], "reasoning": "The image is showing a pair of white sneakers hanging on a door. The sneakers are clearly visible and appear to be in good condition. The laces are present and visible, threaded through the eyelets. Therefore, the answer to Question 1 is True because the image is showing sneakers. The answer to Question 2 is False because the laces are not missing and are visible. The quality of the image is rated 1.0 because it is clear and well-lit, with no visible distortions or obstructions."}, {"ans": [true, false, 0.9], "reasoning": "The image clearly shows a refrigerator with its door open, revealing the interior. The refrigerator is the main object in the image, and it is visible and identifiable. Therefore, the answer to Question 1 is True. For Question 2, the door shelves are visible inside the refrigerator, so they are not missing or invisible. Hence, the answer to Question 2 is False. The image is of high quality, with clear details of the refrigerator and its contents, so the quality score is 0.9."}, {"ans": [true, false, 0.9], "reasoning": "The image shows a group of four young women sitting around a campfire in a forest clearing. The campfire is the central focus of the image and is surrounded by stones. Flames are visible in the campfire, indicating that it is lit. Therefore, the answer to Question 1 is True because the image is showing a campfire. The answer to Question 2 is False because the flames are visible, not missing or invisible. The quality of the image is rated 0.9, as it is clear and well-defined, with no noticeable issues that would detract from the overall understanding of the scene."}, {"ans": [true, false, 0.9], "reasoning": "The image clearly depicts a drinking fountain with water flowing from it, indicating that it is present and functional. The presence of water is evident as it is seen flowing down from the fountain. Therefore, for Question 1, the answer is True because the main object, a drinking fountain, is present. For Question 2, the answer is False because the water is visible and flowing, meaning it is not missing or invisible. The quality of the image is rated 0.9, as it is clear and well-focused on the drinking fountain, with no significant issues affecting its quality."}, {"ans": [true, false, 0.9], "reasoning": "The image clearly shows a revolver with a visible trigger guard. The revolver is positioned on a green cloth, and its details are well-defined. The trigger guard is present and visible, surrounding the trigger. The image is of high quality, with clear details of the revolver's components."}, {"ans": [true, false, 0.9], "reasoning": "The image is a detailed illustration of a compass rose, which is clearly visible in the center. The compass rose is ornate and includes various directional markings. A north arrow is present and visible, pointing towards one of the 'N' markings on the compass rose. The image quality is high, with clear details throughout, though it has a slightly aged or vintage appearance due to the color tone and texture."}, {"ans": [true, false, 0.9], "reasoning": "The image depicts a futuristic cityscape with numerous tall, sleek skyscrapers, indicating the presence of skyscrapers. The skyscrapers have visible windows, some of which are illuminated, suggesting that windows are not missing or invisible. The overall quality of the image is high, with clear details and vibrant colors, thus a quality score of 0.9 is given."}, {"ans": [true, true, 0.8], "reasoning": "The image shows a conductor standing with his back to the camera, arms raised in appreciation or direction, amidst an orchestra. The presence of the conductor is clear, answering the first question affirmatively. For the second question, the baton is not visible in the conductor's hand, suggesting it is either missing or not visible, thus answering the second question affirmatively as well. The image quality is rated 0.8 because it is clear and well-focused on the conductor and the orchestra, capturing the moment effectively without any significant distractions or blurriness."}, {"ans": [true, true, 1.0], "reasoning": "The image depicts a soccer field with a goal visible on the right side. The goal is partially visible, but it is clear that it is a soccer goal. The crossbar of the goal is not visible, indicating that it is either missing or not visible from the given perspective. The image is clear and well-lit, with no visible distortions or obstructions that would affect its quality."}, {"ans": [true, true, 0.8], "reasoning": "The image clearly shows a microscope on a table in a laboratory setting. The microscope appears to be damaged, with parts of it shattered and broken, suggesting that it has been subjected to some form of impact or force. Despite the damage, the overall structure of the microscope is still recognizable. The lenses of the microscope are not visible due to the damage, indicating that they are either missing or not visible. The image quality is good, with clear details of the microscope and its surroundings, hence a quality score of 0.8 is given."}]