[{"ans": [true, true, 1.0], "reasoning": "The image shows a sailboat on the water. The sailboat is white with a tall mast and ropes, but there are no sails visible. The boat is floating on calm blue water under a clear blue sky. The presence of the mast and the design of the boat indicate it is a sailboat, even though the sails are not visible. Therefore, the answer to the first question is True because the image is showing a sailboat. The answer to the second question is also True because the sails are not visible. The quality of the image is rated 1.0 because it is clear and well-defined, capturing the details of the sailboat and its surroundings."}, {"ans": [true, false, 1.0], "reasoning": "The image clearly shows a bicycle leaning against a brick wall. The bicycle is red with silver accents and has a visible chain connecting the pedals to the rear wheel. Therefore, for Question 1, the answer is True because the image is showing a bicycle. For Question 2, the answer is False because the chain is visible, not missing or invisible. The quality of the image is rated 1 because it is clear and well-lit, showing all relevant details of the bicycle without any significant obstructions or blurriness."}, {"ans": [true, false, 0.9], "reasoning": "The image is showing a cat, which is the main object. The cat has visible whiskers, so they are not missing. The quality of the image is high, with clear details of the cat's features and surroundings."}, {"ans": [true, false, 1.0], "reasoning": "The image depicts a castle with a large stone wall and a prominent arched entrance. The presence of the castle is clear, so the answer to the first question is True. The gates are visible at the entrance, so they are not missing or invisible, making the answer to the second question False. The image is clear and well-lit, showing the details of the castle and its surroundings, so the quality is rated as 1."}, {"ans": [true, false, 1.0], "reasoning": "The image is showing a hot-air balloon with a visible basket, so the answer to the first question is True. The basket is clearly visible, so the answer to the second question is False. The image is of high quality, with a clear view of the hot-air balloon and its surroundings, so the quality score is 1."}, {"ans": [true, false, 0.9], "reasoning": "The image clearly shows a turtle with a visible shell, indicating that the main object (turtle) is present. The shell is not missing or invisible; it is clearly visible on the turtle's back. The quality of the image is rated 0.9 because it is clear and well-lit, with no apparent issues that would detract from the visibility of the turtle or its shell."}, {"ans": [true, false, 0.9], "reasoning": "The image is clearly showing a train at a station. The train is silver with a black front and has its headlights on. It is positioned on the tracks, with the front of the train facing the camera. The wheels of the train are visible under the carriage, so they are not missing or invisible. The image is well-lit and in focus, indicating good quality."}, {"ans": [true, false, 1.0], "reasoning": "The image clearly shows a pair of eyeglasses with lenses. The lenses are visible and not missing, so the answer to the second question is False. The image is of high quality as it clearly displays the eyeglasses and their details."}, {"ans": [true, false, 1.0], "reasoning": "The image is showing a fountain pen with a visible nib, so it meets the condition for Question 1. Since the nib is visible, it is not missing, so the answer to Question 2 is False. The image is clear and well-lit, showing the pen and its details, so the quality is rated as 1."}, {"ans": [true, false, 0.9], "reasoning": "The image shows an umbrella with a visible canopy, leaning against a wall next to a chair. The main object, the umbrella, is present, so the answer to the first question is True. The canopy is visible, so it is not missing or not visible, making the answer to the second question False. The image is clear and well-lit, with the umbrella and chair in sharp focus, so the quality is rated 0.9. The slight deduction from 1 is due to the uneven lighting on the wall behind the objects, but this does not affect the visibility of the key elements."}, {"ans": [true, false, 1.0], "reasoning": "The image clearly shows a white airplane on a runway, with its wings visible. The presence of the airplane satisfies the first question. Since the wings are visible, the answer to the second question is False. The image is clear and well-lit, hence the quality is rated as 1."}, {"ans": [true, false, 0.9], "reasoning": "The image clearly shows a desk lamp with a brass body and a shade, positioned over an open book on a wooden table. The lamp is the main object in the image, and it is evident that it is a desk lamp. Therefore, the answer to Question 1 is True. For Question 2, the bulb is visible inside the shade, as indicated by the light emanating from it. Hence, the bulb is not missing or invisible, making the answer to Question 2 False. The quality of the image is rated 0.9 because it is clear and well-lit, with the main object (the desk lamp) clearly visible. The slight deduction from 1 is due to minor factors such as the background not being perfectly uniform, but this does not detract significantly from the overall clarity or the visibility of the main object."}, {"ans": [true, false, 1.0], "reasoning": "The image clearly shows an electric guitar with its neck attached and visible. The guitar is hanging on a wall, and the neck is fully visible, indicating that it is not missing or invisible. Therefore, the answer to the first question is True because the image is showing an electric guitar. The answer to the second question is False because the neck is visible. The quality of the image is rated as 1 because it is clear and well-lit, with no visible distortions or obstructions that would affect the visibility of the guitar or its neck."}, {"ans": [true, false, 0.9], "reasoning": "The image clearly shows a fish with visible fins, so the answer to the first question is True. For the second question, the fins are visible, so the answer is False. The image is of high quality, with clear details of the fish and its fins, so the quality score is 0.9."}, {"ans": [true, false, 1.0], "reasoning": "The image depicts a small brick house with a gable roof, situated in a field. The house is the main object in the image, and it is clearly visible. The roof is present and visible, covering the house. The image is of high quality, with clear details and a well-defined subject."}, {"ans": [true, true, 0.9], "reasoning": "The image is showing a car, which is a convertible with its top down, so the windshield is not visible as a complete unit. The presence of a windshield frame is visible, indicating that the windshield is either missing or not visible because the top is down. The image is clear and well-lit, showing various details of the car and its surroundings."}, {"ans": [true, false, 0.9], "reasoning": "The image shows a keyboard with a visible spacebar. The keyboard is the main object in the image, and it is clearly visible. The spacebar is present and not missing or invisible. The image is of high quality, with clear details of the keyboard and its keys. The only reason it wouldn't be a perfect score is due to the slight darkness and shadow around the edges, but this does not affect the visibility of the keyboard or the spacebar."}, {"ans": [true, false, 1.0], "reasoning": "The image clearly depicts an owl perched on a tree branch under a full moon, with detailed feathers visible across its body. The presence of the owl is evident, answering the first question affirmatively. For the second question, the feathers are not missing or invisible; they are detailed and visible, so the answer is false. The image is of high quality, with clear and detailed elements, thus the quality score is 1.0."}, {"ans": [true, true, 1.0], "reasoning": "The image depicts a leather-bound book lying open on a wooden table, with its pages facing upwards. The pages are blank and appear to be made of a smooth, off-white material. The book's cover is made of brown leather, adorned with brass rivets and a decorative edge. The background features a wooden wall with a door, adding to the rustic ambiance. For Question 1, the image indeed shows a book, so the answer is True. For Question 2, the pages are visible but blank, implying that they are not missing but rather empty. However, the question asks if the pages are missing or not visible. Since the pages are visible, the answer is False. The image is of high quality, with clear details and realistic textures, so the quality score is 1."}, {"ans": [true, false, 1.0], "reasoning": "The image clearly depicts a lighthouse on a rocky cliffside, with a white tower and a black railing around the top. The presence of a glass-enclosed lantern room at the top indicates that it is a lighthouse. The lamp inside the lantern room is visible, suggesting that it is not missing. Therefore, the answer to the first question is True, as the image is showing a lighthouse. The answer to the second question is False, as the lamp is visible inside the lantern room. The quality of the image is rated 1, as it is clear and well-defined, with no visible distortions or issues."}, {"ans": [true, false, 1.0], "reasoning": "The image shows a beige armchair with a patterned rug underneath it. The chair is positioned in a way that its legs are visible, indicating that it is not missing or invisible. Therefore, the answer to Question 1 is True because the image is showing an armchair. The answer to Question 2 is False because the legs are visible. The quality of the image is rated 1.0 because it is clear and well-lit, and the key elements are visible."}, {"ans": [true, true, 0.9], "reasoning": "The image clearly shows a deer standing in a forest. The deer is centered and facing the camera, with its ears perked up and alert. The image is well-lit, with sunlight filtering through the trees, and the deer's features are clearly visible. There are no antlers visible on the deer's head. The overall quality of the image is high, with good resolution and detail. The absence of antlers is not considered a factor in evaluating the quality of the image."}, {"ans": [true, false, 1.0], "reasoning": "The image shows a white envelope with its flap visible and partially tucked in. The envelope is centered on a marble surface. For Question 1, the main object is an envelope, so the answer is True. For Question 2, the flap is visible, so it is not missing or not visible, making the answer False. The image is clear and well-lit, and it contains the main object (envelope) and the key element (flap) is visible, so the quality score is 1."}, {"ans": [true, true, 1.0], "reasoning": "The image is showing a wall clock, which is the main object. The numbers on the clock face are not visible, they are represented by short lines. Therefore, the answer to the first question is True. The numbers are missing or not visible, so the answer to the second question is True. The image is clear and well-lit, and the clock is prominently displayed, so the quality score is 1."}, {"ans": [true, false, 1.0], "reasoning": "The image clearly shows an astronaut wearing a white space suit, which includes a helmet. The presence of the space suit and helmet indicates that the main object is indeed a space suit with a helmet. Therefore, the answer to the first question is True. For the second question, the helmet is visible on the astronaut's head, so it is not missing or invisible, making the answer False. The image is of high quality, with clear details of the space suit and its surroundings, hence the quality score is 1."}, {"ans": [true, false, 1.0], "reasoning": "The image clearly depicts a windmill standing in a field of wheat. The windmill is visible with its blades intact and clearly visible, indicating that the blades are not missing. Therefore, the answer to the first question is True because the image is showing a windmill. The answer to the second question is False because the blades are visible and not missing. The quality of the image is rated 1.0 because it is clear and well-defined, with no apparent issues that would detract from its quality."}, {"ans": [true, true, 1.0], "reasoning": "The image clearly depicts a large tree with bare branches, indicating that it is either without leaves or the leaves are not visible. The presence of the tree is evident, and the absence or invisibility of leaves is also clear. The image is of high quality, with clear details of the tree and its surroundings."}, {"ans": [true, true, 0.9], "reasoning": "The image is showing a yellow school bus. The doors of the bus are not visible as the image only captures the side of the bus. Therefore, the doors are considered missing or not visible. The image quality is rated 0.9 because it is clear and well-lit, with no visible distortions or obstructions that would hinder the understanding of the scene."}, {"ans": [true, true, 1.0], "reasoning": "The image is showing a laptop with its screen visible but not displaying any content as it is facing away from the viewer. The laptop is an Apple MacBook, and it is positioned on a dark wooden table against a plain white background. The screen is not visible from the angle it is positioned, hence it is considered 'not visible'. The image is clear and well-lit, indicating good quality."}, {"ans": [true, true, 1.0], "reasoning": "The image shows a trumpet, which is the main object in question. The trumpet is visible and appears to be in good condition. However, upon closer inspection, it is clear that the mouthpiece is not attached to the trumpet. Therefore, the answer to Question 1 is True, as the image is showing a trumpet. The answer to Question 2 is also True, as the mouthpiece is missing or not visible. The quality of the image is rated as 1, as it is clear and well-lit, and the trumpet is the main focus of the image."}, {"ans": [true, false, 0.9], "reasoning": "The image shows a robot with a visible head, standing in a laboratory setting. The robot's body is white with mechanical parts and wires visible underneath. The head is clearly visible, with blue eyes and a neutral expression. Therefore, the answer to Question 1 is True, as the image is showing a robot. The answer to Question 2 is False, as the head is not missing or invisible. The quality of the image is rated 0.9, as it is a clear and detailed representation of the robot and its surroundings."}, {"ans": [true, true, 1.0], "reasoning": "The image depicts a cylindrical, cream-colored object on a silver tray. The object is likely a candle, as it matches the typical shape and color of a candle. The wick is not visible, suggesting it is either missing or not visible. The image is clear and well-lit, allowing for a detailed view of the object and its surroundings."}, {"ans": [true, false, 1.0], "reasoning": "The image is showing a pizza with various toppings, including tomatoes, basil leaves, and mozzarella-like balls. The presence of a red sauce and a crust indicates that it is a pizza. The cheese is visible, melted and integrated into the pizza, so it is not missing or invisible. The image is clear and well-lit, showing all the details of the pizza, hence the quality is rated as 1."}, {"ans": [true, true, 0.9], "reasoning": "The image shows a Canon DSLR camera body mounted on a rig, with the lens mount exposed and no lens attached. The camera body is clearly visible, indicating that the main object is indeed a DSLR camera. The lens is missing, as evidenced by the exposed lens mount. The image quality is high, with clear details of the camera and its components, hence a quality score of 0.9."}, {"ans": [true, false, 1.0], "reasoning": "The image shows a grand piano on a stage in an auditorium. The piano is clearly visible and appears to be in good condition. The keys of the piano are visible and not missing. Therefore, the answer to Question 1 is True because the image is showing a piano. The answer to Question 2 is False because the keys are visible and not missing. The quality of the image is rated as 1 because it is clear and well-lit, with no visible distortions or obstructions."}, {"ans": [true, false, 1.0], "reasoning": "The image clearly shows a paintbrush with visible bristles. The paintbrush is positioned vertically on the left side of the image, and its bristles are visible at the top. The presence of the paintbrush and its bristles is evident, making the answer to the first question 'True'. Since the bristles are visible, the answer to the second question is 'False'. The image is of high quality, with clear details of the paintbrush and the surrounding painting palette, thus the quality score is 1."}, {"ans": [true, false, 0.9], "reasoning": "The image clearly shows a watch with a visible face and a strap. The watch is centered in the image, and its details are well-defined. The strap is partially visible, indicating that it is not missing. Therefore, the answer to the first question is True. For the second question, since the strap is visible, the answer is False. The quality of the image is rated 0.9 because it is clear and well-focused, with no visible distortions or obstructions that would hinder the view of the watch."}, {"ans": [true, false, 0.95], "reasoning": "The image clearly shows a man sitting in a dentist's chair with his mouth open, revealing his teeth and tongue. The presence of a mouth is evident, so the answer to the first question is True. The tongue is visible inside the mouth, so it is not missing or invisible, making the answer to the second question False. The image is of high quality, with clear details of the dental examination in progress, hence the quality score is 0.95."}, {"ans": [true, false, 0.9], "reasoning": "The image clearly shows a motorcycle in the center of the road. The motorcycle is facing to the right and has its handlebars visible. Therefore, for Question 1, the answer is True because the image is showing a motorcycle. For Question 2, the answer is False because the handlebars are visible and not missing. The quality of the image is rated 0.9 because it is clear and well-lit, with no significant issues affecting its visibility."}, {"ans": [true, false, 1.0], "reasoning": "The image clearly shows a television set, which is the main object in question. The television is an older model with a wooden cabinet and a CRT screen. The screen is visible, although it appears to be turned off or displaying a static image. The presence of the screen directly answers both questions. For question 1, the presence of a television is confirmed. For question 2, since the screen is visible, it is not considered missing or not visible. The quality of the image is rated as 1 because it is clear and well-defined, with all relevant details visible."}, {"ans": [true, false, 1.0], "reasoning": "The image clearly shows a goat with horns standing on a rocky outcrop. The goat is the main object in the image and is easily identifiable. The horns are visible and not missing or obscured. The image is of high quality, with clear details of the goat and its surroundings."}, {"ans": [true, false, 0.9], "reasoning": "The image shows a red sneaker with white laces, so it is showing a sneaker. The laces are visible, so they are not missing or not visible. The image is clear and well-lit, but the quality score is not 1 because the background is slightly out of focus."}, {"ans": [true, false, 0.9], "reasoning": "The image clearly shows a green frog sitting on a lily pad in the water, with its eyes visible and clearly discernible. The presence of the frog satisfies the first question. Since the eyes are visible, the answer to the second question is false. The image is of high quality, with clear details of the frog and its surroundings, hence a quality score of 0.9."}, {"ans": [true, false, 1.0], "reasoning": "The image clearly shows a mug with a handle, so the answer to the first question is True. The handle is visible, so the answer to the second question is False. The image is of high quality, with clear details of the mug and its design, so the quality score is 1."}, {"ans": [true, false, 1.0], "reasoning": "The image clearly shows a saxophone, which is the main object in question. The saxophone is depicted with its keys visible, indicating that the keys are not missing. The image is of high quality, with clear details of the instrument and its components."}, {"ans": [true, false, 0.9], "reasoning": "The image clearly shows a skateboard with wheels attached to it, so the answer to the first question is True. The wheels are visible and not missing, so the answer to the second question is False. The image is clear and well-lit, and the skateboard is the main focus, so the quality score is 0.9. The slight deduction is due to the background being somewhat uneven and cracked, but it does not detract from the main subject."}, {"ans": [true, false, 1.0], "reasoning": "The image is showing a fedora with a brim, so the answer to the first question is True. The brim is visible, so the answer to the second question is False. The image is clear and well-lit, and the fedora is the main focus, so the quality score is 1."}, {"ans": [true, false, 0.9], "reasoning": "The image clearly shows a motorcycle helmet on a workbench in a workshop. The helmet is black and has a visor that is currently in place and visible. The presence of the visor indicates that it is not missing. The image is of high quality, with clear details of the helmet and its surroundings. The slight deduction in quality score is due to the presence of some debris on the workbench and minor reflections on the helmet, but these do not significantly impact the overall clarity or the ability to answer the questions."}, {"ans": [true, true, 1.0], "reasoning": "The image clearly shows a bedframe without a mattress. The bedframe is ornate and made of wood, with intricate carvings and details. The mattress is not present, and there is no indication that it is hidden or obscured. Therefore, the answer to Question 1 is True, as the image is showing a bedframe. The answer to Question 2 is also True, as the mattress is missing. The quality of the image is rated as 1, as it is clear and well-defined, with no visible distortions or issues."}, {"ans": [true, false, 1.0], "reasoning": "The image is showing a clock tower with two visible clock faces. The clock faces are clearly visible on the top of the tower, so the answer to the second question is False. The image is of high quality, with clear details of the clock tower and its surroundings, so the quality score is 1."}, {"ans": [true, false, 1.0], "reasoning": "The image clearly shows a pocket watch with its cover open, revealing the face and the internal mechanism. The hands of the watch are visible, indicating the time. Therefore, the answer to Question 1 is True because the image is showing a pocket watch. The answer to Question 2 is False because the hands are not missing; they are clearly visible. The quality of the image is rated 1 because it is clear and well-lit, with no apparent issues that would detract from its quality."}, {"ans": [true, false, 0.9], "reasoning": "The image is showing a red bicycle against a stone wall. The bicycle appears to be complete with visible pedals attached to the crankset. The overall condition of the image is clear and well-lit, allowing for a detailed view of the bicycle. Therefore, the answer to Question 1 is True because the image is showing a bicycle. The answer to Question 2 is False because the pedals are visible and not missing. The quality of the image is rated 0.9 due to its clarity and the absence of any significant obstructions or distractions."}, {"ans": [true, false, 0.9], "reasoning": "The image is a photograph of a painting that depicts a portrait of a woman. The woman's face and upper body are visible, and her eyes are clearly shown. The painting is well-lit and detailed, with a clear representation of the subject. The quality of the image is high, with a clear and sharp depiction of the painting. The eyes of the woman are visible, so they are not missing or not visible."}, {"ans": [true, false, 0.9], "reasoning": "The image shows a grand piano on a stage with spotlights shining down. The piano's lid is open, revealing its internal mechanisms, including the hammers. Therefore, the main object (grand piano) is present, and the hammers are visible."}, {"ans": [true, true, 1.0], "reasoning": "The image depicts a sailing ship with two masts and no visible sails, floating on the ocean. The ship is the main object in the image, and it is clearly a sailing vessel. Therefore, the answer to Question 1 is True. The sails are not visible, so the answer to Question 2 is also True. The image is of high quality, with clear details and no visible distortions or artifacts, so the quality score is 1.0."}, {"ans": [true, false, 1.0], "reasoning": "The image depicts a large tree with a wide canopy and visible leaves. The tree's characteristics, such as its broad branches and green foliage, are consistent with those of an oak tree. Therefore, the answer to Question 1 is True. For Question 2, the leaves are clearly visible on the tree, so the answer is False. The image is of high quality, with clear details of the tree and its surroundings, thus the quality score is 1."}, {"ans": [true, false, 0.9], "reasoning": "The image depicts a stone cottage with a gable roof, surrounded by trees and vines. The front of the cottage is visible, showing a door and windows. The door is clearly visible, so it is not missing or invisible. The image is of high quality, with clear details and no apparent issues that would detract from its quality."}, {"ans": [true, false, 0.9], "reasoning": "The image shows a white passenger jet on a runway. The plane is facing the camera, and its wings are visible on both sides of the fuselage. The presence of the wings means they are not missing or invisible. The image is clear and well-lit, indicating good quality."}, {"ans": [true, true, 0.9], "reasoning": "The image shows a wristwatch with a white face and brown leather strap, placed in a box. The watch face does not have visible numbers, only the hour and minute hands are visible. Therefore, the answer to the first question is True because the image is showing a wristwatch. The answer to the second question is also True because the numbers are not visible on the wristwatch face. The quality of the image is rated 0.9 because it is clear and well-lit, with no visible distortions or issues that would detract from the visibility of the watch."}, {"ans": [true, true, 1.0], "reasoning": "The image is showing a pizza with a red sauce base, topped with basil leaves and having a crust with charred spots. There is no visible cheese on top of the pizza, as the red sauce covers the area where cheese would typically be. The crust has some golden-brown spots, indicating it is cooked. The pizza is presented on a wooden board, which is placed on a wooden table. The image is clear and well-lit, showing the details of the pizza and its toppings. Therefore, the answer to the first question is True because the image is showing a pizza. The answer to the second question is True because the cheese is not visible on the pizza. The quality of the image is rated as 1 because it is clear and well-lit, and it effectively shows the details of the pizza."}, {"ans": [true, false, 1.0], "reasoning": "The image clearly shows traffic signals with red lights visible, indicating that the traffic signals are present and the lights are not missing or invisible. The quality of the image is high as it clearly captures the details of the scene, including the traffic signals and the surrounding environment."}, {"ans": [true, false, 1.0], "reasoning": "The image clearly shows a skateboard with a rainbow-colored deck and yellow wheels. The skateboard is positioned on a concrete surface, and its wheels are visible, indicating that they are not missing. The image is well-lit, and the details of the skateboard are clearly visible, contributing to a high-quality score."}, {"ans": [true, false, 0.9], "reasoning": "The image clearly shows a chessboard with pieces arranged on it, so the answer to the first question is True. The black pieces are visible on the board, albeit they are the same color as the white pieces due to the material used, so the answer to the second question is False. The quality of the image is rated 0.9 because it is clear and well-lit, showing all the details of the chessboard and pieces."}, {"ans": [true, true, 1.0], "reasoning": "The image clearly shows a sports car, specifically a red Ferrari, in a luxurious setting. The car is positioned in the center of the image, and its sleek design is evident. For Question 1, the presence of the sports car is confirmed, so the answer is True. For Question 2, the brakes are not visible as the image does not provide a clear view of the brake components, thus the answer is True. The image quality is high, with clear details of the car and its surroundings, so the quality score is 1."}, {"ans": [true, true, 1.0], "reasoning": "The image shows a book with blank pages, so it is indeed showing a book. The text is not visible on the pages, as they are blank, so the text is considered missing or not visible. The image is clear and well-lit, and there are no issues with the quality of the image that would detract from the main subject, which is the book. Therefore, the quality is rated as 1."}, {"ans": [true, false, 0.9], "reasoning": "The image clearly shows a computer tower with a transparent side panel, revealing the internal components. Two fans are visible inside the tower, one on the left side and another attached to the CPU cooler. The presence of the computer tower is evident, so the answer to the first question is True. Since the fans are visible, the answer to the second question is False. The image is of high quality, with clear details of the internal components and the lighting effects. The only reason it wouldn't be a perfect 1 is due to the slight shadow on the tower, but it doesn't detract significantly from the overall clarity."}, {"ans": [true, false, 1.0], "reasoning": "The image clearly depicts a scarecrow standing in a field of wheat. The scarecrow is made of straw and is dressed in a plaid shirt and a straw hat. Its arms are visible and attached to a wooden post, indicating that the scarecrow is not missing its arms. Therefore, the answer to the first question is True because the image is showing a scarecrow. The answer to the second question is False because the arms are visible and not missing. The quality of the image is rated as 1 because it is clear and well-defined, with all key elements of the scarecrow visible."}, {"ans": [true, false, 1.0], "reasoning": "The image depicts a man in armor, which is consistent with the representation of a knight. The presence of armor and the context suggest that the individual is indeed a knight. Therefore, the answer to the first question is True. Upon closer inspection, it is evident that the knight is holding a sword behind his back, making it not immediately visible but still present. Thus, the sword is not missing; it's just not visible from the front. Hence, the answer to the second question is False. The image is of high quality as it clearly depicts the details of the knight and his surroundings."}, {"ans": [true, false, 1.0], "reasoning": "The image is showing a teapot with a handle, so the answer to the first question is True. The handle is visible, so the answer to the second question is False. The image is clear and well-lit, showing the teapot and its details, so the quality is rated as 1.0."}, {"ans": [true, false, 1.0], "reasoning": "The image clearly shows a basketball hoop with a net. The presence of the hoop and the net is evident, and the net is visible and not missing. The image is clear and well-lit, showing the details of the basketball hoop and the net. Therefore, the answer to the first question is True because the image is showing a basketball hoop. The answer to the second question is False because the net is not missing; it is visible and attached to the hoop. The quality of the image is rated as 1 because it is clear and well-defined, with no visible distortions or obstructions that would affect the visibility of the main object or its key elements."}, {"ans": [true, false, 0.9], "reasoning": "The image is showing a dining table setting with plates, cutlery, and glasses. The main object, the dining table, is present. The glasses are visible on the table, so they are not missing. The quality of the image is rated 0.9 because it is clear and well-lit, with all elements visible."}, {"ans": [true, false, 1.0], "reasoning": "The image clearly shows a typewriter on a wooden desk. The typewriter is centered and appears to be in good condition. The ribbon is visible and appears to be properly installed, as it is threaded around the spools and is visible between them. The image is well-lit and in focus, allowing for a clear view of the typewriter and its components. Therefore, the answer to Question 1 is True, as the image is showing a typewriter. The answer to Question 2 is False, as the ribbon is visible and not missing. The quality of the image is rated 1, as it is clear and well-lit."}, {"ans": [true, true, 1.0], "reasoning": "The image is showing a winter jacket. The jacket is a long, cream-colored puffer coat with a fur-trimmed hood and buttons down the front. There is no visible zipper on the jacket. The quality of the image is high as it clearly shows the details of the jacket."}, {"ans": [true, false, 1.0], "reasoning": "The image clearly shows a sunflower. The seeds are visible on the flower head, arranged in a spiral pattern, so they are not missing or invisible. The image is clear and well-lit, showing the details of the sunflower, hence the quality is rated as 1."}, {"ans": [true, false, 0.9], "reasoning": "The image clearly shows an elephant with its trunk visible and facing the camera. The trunk is a distinctive feature of the elephant and is not missing or obscured. The image is of high quality, with clear details of the elephant and its surroundings. The only reason for not giving it a perfect score is the slight haziness in the background, but this does not detract from the main subject."}, {"ans": [true, true, 1.0], "reasoning": "The image shows a rowboat on a lake, with the bow facing the camera. The boat is white with a wooden interior and a wooden bench in the middle. There are no oars visible in the boat or around it. The image is clear and well-lit, showing the details of the boat and its surroundings. The quality of the image is high, with a clear view of the boat and the lake."}, {"ans": [true, false, 0.9], "reasoning": "The image is showing a snowman with a hat and scarf, and it has buttons on its body. The presence of the snowman answers the first question as True. For the second question, the buttons are visible on the snowman's body, so the answer is False. The image quality is rated 0.9 because it is clear and well-lit, with no significant issues affecting the visibility of the main subject."}, {"ans": [true, false, 1.0], "reasoning": "The image clearly shows a fountain pen lying on top of a notebook. The pen is transparent, allowing the ink inside to be visible. Therefore, the answer to the first question is True because the image is showing a fountain pen. The answer to the second question is False because the ink is visible inside the pen. The quality of the image is rated as 1.0 because it is clear and well-lit, with no visible distortions or obstructions that would hinder the visibility of the pen or the ink."}, {"ans": [true, true, 0.8], "reasoning": "The image shows a paintbrush with a wooden handle and metal ferrule, but the bristles are not visible. The brush is placed on a canvas with paint splatters. The presence of the paintbrush is clear, so the answer to the first question is True. Since the bristles are not visible, the answer to the second question is True. The image quality is rated 0.8 because it is clear and well-lit, and the absence of bristles does not affect the quality score as per the instructions."}, {"ans": [true, false, 1.0], "reasoning": "The image clearly shows a pair of eyeglasses with round lenses and metal frames. The temples are visible and appear to be intact, although they are folded back towards the lenses. The glasses are placed on top of a stack of papers, and the overall image is well-lit and in focus. Therefore, the answer to Question 1 is True because the image is showing eyeglasses. The answer to Question 2 is False because the temples are visible, albeit folded back. The quality of the image is rated as 1 because it is clear and well-defined, with no visible distortions or issues that would detract from the visibility of the eyeglasses."}, {"ans": [true, true, 0.9], "reasoning": "The image depicts a person holding an umbrella while walking down a rainy city street. The umbrella is clearly visible, and its presence is the main focus of the image. The ribs of the umbrella are not visible due to the angle and the fabric covering them, making them 'not visible'. Therefore, the answer to the first question is True because an umbrella is present. The answer to the second question is True because the ribs are not visible. The quality of the image is rated 0.9, as it is clear and well-composed, with the key elements (the person and the umbrella) clearly visible."}, {"ans": [true, false, 0.9], "reasoning": "The image clearly shows a wristwatch under a glass dome. The watch face is visible and has hour markers, which are the white lines around the edge of the face. Therefore, the hour markers are not missing or invisible. The image is of high quality, with clear details of the watch and its components."}, {"ans": [true, false, 1.0], "reasoning": "The image clearly shows a camping tent set up in a grassy field. The tent is fully visible and appears to be intact with its poles in place, supporting the structure. The poles are visible and are holding up the tent fabric, indicating that they are not missing. The image is clear and well-lit, providing a good view of the tent and its surroundings. Therefore, the answer to the first question is True because the image is showing a camping tent. The answer to the second question is False because the poles are visible and not missing. The quality of the image is rated as 1 because it is clear and well-composed, with no visible issues that would detract from the viewer's understanding of the scene."}, {"ans": [true, false, 0.9], "reasoning": "The image is showing a cuckoo clock with intricate carvings and details. The clock face is visible, and the weights are hanging below it, indicating that they are not missing. The overall quality of the image is high, with clear details and good lighting. The only reason for not giving it a perfect score is the slight shadow on the left side of the clock, but it does not significantly affect the visibility of the clock or its components."}, {"ans": [true, true, 0.8], "reasoning": "The image is showing a smartphone. The phone is positioned in a way that its screen is visible, and the side of the phone is also visible, but the speaker grille is not visible as it is likely on the bottom edge which is partially visible but not clear enough to confirm the presence of a speaker grille. The image quality is good, with clear details of the phone's screen and edges, hence the quality score is 0.8."}, {"ans": [true, false, 0.9], "reasoning": "The image is showing a motorcycle with a visible speedometer. The motorcycle is centered in the image, and the speedometer is clearly visible on the handlebars. The image is well-lit and in focus, indicating a high-quality image. The presence of the speedometer answers both questions: it confirms the main object is a motorcycle and it is visible, hence not missing."}, {"ans": [true, true, 0.9], "reasoning": "The image shows a violin bow. The bow is lying on a red velvet fabric, and it appears to be a typical violin bow with a wooden stick and metal fittings. The bow hair is not visible, suggesting that it is either missing or not visible. The image is clear and well-lit, with good resolution, hence the quality score is 0.9."}, {"ans": [true, true, 0.9], "reasoning": "The image depicts a large, ornate birdcage hanging from the ceiling of a porch. The birdcage is made of gold-colored metal and has a dome-shaped top with vertical bars. There is no visible perch inside the cage. The image is well-lit and clear, with a high level of detail. The quality of the image is rated as 0.9 because it is clear and well-composed, with no visible distortions or artifacts. The absence of a perch is not considered a factor in determining the quality of the image."}, {"ans": [true, false, 1.0], "reasoning": "The image shows a statue of a woman in a classical setting with columns. The statue is intact and has a head, so it answers 'True' to Question 1 as it is showing a statue. For Question 2, the head is visible, so the answer is 'False' because the head is not missing or invisible. The image is clear and detailed, hence the quality is rated as 1."}, {"ans": [true, false, 1.0], "reasoning": "The image is showing a teddy bear with a visible nose, so the answer to the first question is True. The nose is clearly visible on the teddy bear's face, so the answer to the second question is False. The image is of high quality, with clear details of the teddy bear and its features, so the quality score is 1."}, {"ans": [true, false, 1.0], "reasoning": "The image shows a pair of gray high-top sneakers with white laces and soles, placed on a black mat in front of a door. The sneakers are clearly visible, and the laces are present and visible. Therefore, the answer to Question 1 is True because the image is showing sneakers. The answer to Question 2 is False because the laces are not missing and are visible. The quality of the image is rated 1.0 because it is clear and well-lit, and the key elements (sneakers) are clearly visible."}, {"ans": [true, false, 1.0], "reasoning": "The image clearly shows a refrigerator with its doors open, revealing the interior. The refrigerator is the main object in the image, and it is visible in its entirety. The door shelves are present and visible on the right door. Therefore, the answer to Question 1 is True. For Question 2, since the door shelves are visible on the right door, the answer is False. The image is of high quality, clearly showing the details of the refrigerator and its contents, so the quality score is 1."}, {"ans": [true, false, 1.0], "reasoning": "The image depicts a group of four young women gathered around a campfire in a wooded area. The campfire is the central focus, with flames clearly visible. The presence of the campfire and the flames directly answers both questions. For Question 1, the image is showing a campfire with flames, so the answer is True. For Question 2, the flames are visible, so the answer is False. The image is of high quality, with clear details and a well-composed scene, so the quality rating is 1."}, {"ans": [true, false, 1.0], "reasoning": "The image clearly shows a drinking fountain with water flowing from it, indicating that the main object (drinking fountain) is present. The water is visible and flowing into the basin, so it is not missing or invisible. The image is of high quality, with clear details of the fountain and its surroundings."}, {"ans": [true, false, 0.9], "reasoning": "The image clearly shows a revolver with a visible trigger guard. The revolver is positioned on a green surface, and its details, including the trigger guard, are clearly visible. Therefore, the answer to the first question is True because the main object is a revolver. The answer to the second question is False because the trigger guard is visible. The quality of the image is rated 0.9 because it is clear and well-lit, with no significant obstructions or issues affecting the visibility of the revolver."}, {"ans": [true, false, 0.9], "reasoning": "The image is a detailed illustration of a compass rose, which is clearly visible and centered in the image. The compass rose includes a north arrow, which is pointing upwards and is decorated with ornate details. The presence of the compass rose and the north arrow indicates that the image is showing a compass rose with a north arrow. Therefore, the answer to Question 1 is True. Since the north arrow is visible, the answer to Question 2 is False. The quality of the image is rated 0.9 because it is a high-resolution image with clear details, although it has a slightly aged and worn appearance."}, {"ans": [true, false, 1.0], "reasoning": "The image depicts a futuristic cityscape with tall, sleek skyscrapers that are characteristic of a modern urban environment. The presence of these skyscrapers directly answers the first question, confirming that the image is indeed showing skyscrapers. For the second question, upon closer inspection, it is evident that the skyscrapers have windows, as indicated by the vertical lines of orange lights within the dark glass facades, suggesting that the windows are not missing but rather are visible, albeit not as distinct panes. The overall quality of the image is high, with clear details and a well-defined scene, hence the quality score is 1."}, {"ans": [true, true, 0.8], "reasoning": "The image shows a man in a tuxedo standing on a podium with his right arm raised and his left arm extended outward. He is surrounded by musicians playing violins, indicating that he is a conductor. Therefore, the answer to Question 1 is True. The conductor's hands are empty, and there is no visible baton in the image. Thus, the answer to Question 2 is True. The image is clear and well-lit, with the conductor and the musicians visible. The quality of the image is rated 0.8 because it is a good representation of the scene, although it may not be perfect due to the slight blurriness of the background."}, {"ans": [true, true, 1.0], "reasoning": "The image shows a soccer field with a goal visible on the right side. The goal has two vertical posts but lacks a visible crossbar connecting them. For Question 1, the presence of the goalposts indicates that the image is showing a soccer goal, so the answer is True. For Question 2, since the crossbar is not visible, the answer is True. The quality of the image is rated as 1 because it is clear and well-lit, and the absence of the crossbar does not negatively impact the quality score as per the instructions."}, {"ans": [true, false, 1.0], "reasoning": "The image clearly shows a microscope on a table. The microscope has lenses attached to it, which are visible and appear to be in place. Therefore, for Question 1, the answer is True because the image is showing a microscope. For Question 2, the answer is False because the lenses are not missing; they are visible and appear to be properly attached to the microscope. The image is of high quality, clearly showing the details of the microscope and its components, so the quality score is 1."}]