[{"ans": [true, true, 1.0], "reasoning": "The image depicts a sailboat on calm waters with a clear blue sky in the background. The sailboat is white and has its sails furled or not deployed, indicating that it is either not sailing or is in a state of rest. The mast and rigging are visible, and the boat appears to be in good condition. The sails are not visible as they are likely furled or covered, which aligns with the condition of being 'not visible'. Therefore, the answer to the first question is True because the image is showing a sailboat. The answer to the second question is also True because the sails are not visible, they are furled or covered. The quality of the image is rated 1.0 because it is clear and well-defined, showing the sailboat and its details without any significant issues."}, {"ans": [true, true, 1.0], "reasoning": "The image clearly shows a bicycle leaning against a brick wall. The bicycle is red and has a visible frame, wheels, and other typical bicycle components. However, upon closer inspection, it is evident that the chain is not visible, suggesting it is either missing or not visible due to the angle or condition of the bicycle. The image is clear and well-lit, allowing for a good view of the bicycle's details, hence the quality is rated as 1."}, {"ans": [true, false, 0.9], "reasoning": "The image clearly shows a cat, so the answer to the first question is True. The cat's whiskers are visible, so the answer to the second question is False. The image is well-lit and in focus, with a clear view of the cat's features, so the quality is rated as 0.9. The slight deduction from 1 is due to the minor blurriness in the background, but it does not affect the main subject, the cat."}, {"ans": [true, true, 0.9], "reasoning": "The image depicts a large stone structure with towers and battlements, characteristic of a castle. The presence of a large stone wall and towers indicates that it is indeed a castle. Therefore, the answer to the first question is True. For the second question, there are no visible gates in the image, suggesting that they are either missing or not visible. Hence, the answer to the second question is also True. The quality of the image is rated 0.9 because it is clear and well-lit, with no significant issues affecting the visibility of the main elements."}, {"ans": [true, false, 0.9], "reasoning": "The image clearly shows a hot-air balloon with a visible basket, so the answer to Question 1 is True. Since the basket is visible, the answer to Question 2 is False. The image is of high quality, with a clear view of the balloon and its surroundings, so the quality score is 0.9."}, {"ans": [true, false, 0.9], "reasoning": "The image shows a turtle with a visible shell, so the main object is present. The shell is clearly visible, so it is not missing or not visible. The image is of high quality, with clear details of the turtle and its surroundings, hence a quality score of 0.9."}, {"ans": [true, false, 1.0], "reasoning": "The image clearly shows a train at a station. The train is silver with visible wheels under the front carriage, indicating that the wheels are present and not missing. The overall quality of the image is high, with clear details of the train and the station."}, {"ans": [true, false, 1.0], "reasoning": "The image clearly shows a pair of eyeglasses with lenses. The lenses are visible and not missing, so the answer to the first question is True. For the second question, since the lenses are present and visible, the answer is False. The image is of high quality, well-lit, and clearly shows the eyeglasses and lenses, hence the quality score is 1."}, {"ans": [true, false, 0.9], "reasoning": "The image shows two fountain pens on a piece of paper with writing on it. The first pen is standing upright with its nib not visible, and the second pen is lying down with its nib visible. For Question 1, the image is showing fountain pens, so the answer is True. For Question 2, the nib of the lying pen is visible, and the nib of the standing pen is not visible, but it is not missing, it is just not visible due to the angle. However, since one nib is visible, the condition 'Is the nib missing or not visible' is not met for both pens, so the answer is False. The quality of the image is rated 0.9 because it is clear and well-defined, with no apparent issues that would detract from the visibility of the main objects."}, {"ans": [true, true, 0.8], "reasoning": "The image shows a broken umbrella frame leaning against a wall, with its canopy missing. The presence of the umbrella frame indicates that the main object, an umbrella, is indeed present in the image, albeit without its canopy. Therefore, the answer to the first question is True. For the second question, since the canopy is not visible and appears to be missing, the answer is True. The quality of the image is rated 0.8 because it is clear and well-focused on the main subject, despite the presence of some background elements."}, {"ans": [true, false, 1.0], "reasoning": "The image is showing a large white airplane on a runway, with its wings visible. The presence of the airplane satisfies the first question. The wings are clearly visible, so they are not missing or invisible, which answers the second question. The image is clear and well-lit, with no visible distortions or obstructions, hence the quality is rated as 1."}, {"ans": [true, true, 1.0], "reasoning": "The image clearly shows a desk lamp, which is the main object in question. The lamp is positioned above an open book on a table. Upon closer inspection, it is evident that the bulb is not visible within the lamp's shade, indicating that it is either missing or not visible. The image is well-lit and in focus, with the lamp and book being the central subjects. Therefore, the quality of the image is considered high."}, {"ans": [true, false, 1.0], "reasoning": "The image shows an electric guitar with its neck clearly visible. The guitar is hanging on a wall, and the neck is not missing or obstructed from view. Therefore, the answer to the first question is True because the image is showing an electric guitar. The answer to the second question is False because the neck is visible. The quality of the image is rated as 1 because it is clear and well-lit, with no visible distortions or obstructions that would affect the visibility of the guitar or its neck."}, {"ans": [true, false, 0.9], "reasoning": "The image is showing a fish, which is the main object, so the answer to the first question is True. The fins are visible in the image, so the answer to the second question is False. The quality of the image is rated 0.9 because it is a clear and detailed representation of a fish, with good lighting and no visible distortions or artifacts."}, {"ans": [true, false, 0.9], "reasoning": "The image depicts a small, brick cottage with a chimney and a gable roof, situated in a field of wildflowers. The cottage is the main object in the image, and it is clearly visible. The roof is also visible, covering the cottage. The image is of high quality, with clear details and vibrant colors. The presence of the roof is evident, and it is not missing or invisible."}, {"ans": [true, true, 0.8], "reasoning": "The image shows a vintage convertible car with its top up, and the windshield is not visible. The main object in the image is the car, which is clearly visible. The windshield is not visible because it is not present or is not in view. The image is of high quality, with clear details of the car's interior and exterior, and the surrounding environment is also visible. However, the quality score is not 1 because the image is slightly edited or filtered, as indicated by its uniform tone and lack of natural lighting effects."}, {"ans": [true, false, 1.0], "reasoning": "The image is showing a keyboard with a visible spacebar. The keyboard is the main object in the image and is clearly visible, so the answer to the first question is True. The spacebar is present and visible on the keyboard, so the answer to the second question is False. The image is of high quality, with clear details of the keyboard and its keys, so the quality score is 1."}, {"ans": [true, false, 1.0], "reasoning": "The image clearly depicts an owl perched on a tree branch, with detailed feathers visible across its body. The presence of the owl is evident, and its feathers are not missing or invisible; they are intricately detailed. The image is of high quality, capturing the owl and its surroundings with clarity."}, {"ans": [true, true, 0.9], "reasoning": "The image shows a leather-bound book with its cover open and pages visible, but the pages appear to be torn and mostly missing. The book is prominently displayed on a wooden table, with a bookshelf in the background. The main object in the image is indeed a book, so the answer to the first question is True. For the second question, since the pages are mostly torn and missing, the answer is True. The image quality is rated 0.9 because it is clear and well-lit, with no significant issues affecting the visibility of the main subject."}, {"ans": [true, false, 1.0], "reasoning": "The image is showing a lighthouse with a visible lamp. The main object in the image is a lighthouse, which matches the description in Question 1. The lamp is present and visible within the lighthouse, so the answer to Question 2 is False. The image is clear and well-defined, showing all the necessary details of the lighthouse and its surroundings, hence the quality is rated as 1."}, {"ans": [true, false, 1.0], "reasoning": "The image shows a beige armchair with visible legs on a patterned rug. The chair is the main object and is clearly an armchair. The legs are visible, so they are not missing or invisible."}, {"ans": [true, true, 0.9], "reasoning": "The image shows a deer standing in a forest. The deer is clearly visible and appears to be a female or a young male as it does not have antlers. The image is of high quality with good lighting and detail, capturing the serene atmosphere of the forest. The antlers are not visible, which suggests that the deer either does not have them or they are not visible from the current angle. Therefore, the answer to the first question is True because the image is showing a deer. The answer to the second question is True because the antlers are not visible. The quality of the image is rated 0.9 because it is clear and well-lit, with no significant issues affecting its quality."}, {"ans": [true, false, 1.0], "reasoning": "The image shows a white envelope with a flap, placed on a marble surface. The envelope is centered and clearly visible, indicating that it is the main object in the image. The flap is also visible and appears to be intact, not missing or invisible. Therefore, the answer to the first question is True because the image is showing an envelope. The answer to the second question is False because the flap is visible and not missing. The quality of the image is rated as 1 because it is clear and well-lit, with no visible distortions or obstructions."}, {"ans": [true, true, 1.0], "reasoning": "The image shows a wall clock centered on a wall above a fireplace. The clock face is white with black hands but lacks numbers. The presence of the clock answers the first question affirmatively. For the second question, the numbers are indeed missing from the clock face, so the answer is true. The image is clear and well-lit, showing the clock and its surroundings in detail, hence the quality is rated 1.0."}, {"ans": [true, false, 1.0], "reasoning": "The image clearly depicts a person wearing a white space suit, which is partially submerged in a pool of water. The space suit is fully visible and includes a helmet with a reflective gold visor. The presence of the helmet indicates that it is not missing. The image is of high quality, with clear details of the space suit and its surroundings."}, {"ans": [true, false, 1.0], "reasoning": "The image clearly depicts a windmill with visible blades in a field. The presence of the windmill and its blades is evident, answering the first question affirmatively. Since the blades are visible, the answer to the second question is negative, indicating that the blades are not missing or invisible. The image is of high quality, capturing the details of the windmill and its surroundings effectively."}, {"ans": [true, true, 1.0], "reasoning": "The image clearly shows a large tree with bare branches, indicating that it is without leaves. The presence of the tree is evident, and the absence of leaves is also clear. Therefore, the answer to the first question is True because the image is showing a tree. The answer to the second question is also True because the leaves are missing. The quality of the image is rated as 1.0 because it is clear and well-defined, with no visible distortions or issues that would detract from its quality."}, {"ans": [true, true, 1.0], "reasoning": "The image shows the rear of a yellow school bus. The main object in the image is indeed a bus, which is clearly visible. Therefore, the answer to the first question is True. The doors of the bus are not visible from the rear view, so they are considered missing or not visible. Hence, the answer to the second question is True. The image is clear and well-lit, showing the details of the bus, so the quality is rated as 1."}, {"ans": [true, true, 1.0], "reasoning": "The image shows a laptop on a table. The laptop is open, but the screen is not visible as it is facing away from the camera. Therefore, for Question 1, the image is showing a laptop, so the answer is True. For Question 2, the screen is not visible, so the answer is True. The quality of the image is rated 1 because it is clear and well-lit, and the lack of visibility of the screen is due to the angle of the laptop, not the image quality."}, {"ans": [true, true, 1.0], "reasoning": "The image is showing a trumpet without a mouthpiece. The trumpet is clearly visible and is the main object in the image. The mouthpiece is not visible, indicating it is either missing or not attached."}, {"ans": [true, false, 0.9], "reasoning": "The image clearly shows a robot with a visible head in a laboratory setting. The robot is white and has various wires and mechanical parts exposed. The head is present and visible, indicating that it is not missing. The image quality is high, with clear details of the robot and its surroundings, hence a quality score of 0.9."}, {"ans": [true, false, 0.9], "reasoning": "The image is showing a candle, which is the main object. The wick is visible on top of the candle, so it is not missing. The image is clear and well-lit, with a clear view of the candle and the silver tray it's on. The quality of the image is high, with a rating of 0.9. The only reason it's not a perfect 1 is because the background is a bit plain and lacks detail."}, {"ans": [true, false, 0.9], "reasoning": "The image is showing a pizza with visible cheese, so the answer to the first question is True. The cheese is visible on the pizza, so the answer to the second question is False. The image is clear and well-lit, with the pizza centered and the toppings clearly visible, hence the quality score is 0.9. The slight deduction is due to the presence of some flour dust on the surface around the pizza, but it does not significantly affect the overall clarity of the image."}, {"ans": [true, true, 1.0], "reasoning": "The image is showing a DSLR camera body without a lens. The camera is clearly visible and identifiable as a DSLR. The lens is missing, as evidenced by the open lens mount and the visible internal mechanisms. The image is of high quality, with good lighting and focus."}, {"ans": [true, false, 1.0], "reasoning": "The image is showing a grand piano on a stage in an auditorium. The piano is visible and appears to be the main object in the image. The keys of the piano are visible, so they are not missing or invisible. The image is clear and well-lit, indicating a high-quality image."}, {"ans": [true, true, 0.8], "reasoning": "The image shows a paintbrush with a visible handle and metal ferrule, but the bristles are not visible as they are likely submerged in paint on the palette. The presence of the paintbrush is evident, satisfying the first question. For the second question, the bristles are not visible, so they are considered missing. The image quality is rated 0.8 because it is a clear and well-lit close-up of the paintbrush and palette, with no visible obstructions or distractions."}, {"ans": [true, true, 0.9], "reasoning": "The image clearly shows a watch, which is the main object in question. The watch is displayed without a strap, as it is not visible on either side of the watch face. The image is of high quality, with clear details of the watch and its surroundings. The absence of the strap is not considered a factor in evaluating the image quality."}, {"ans": [true, true, 0.9], "reasoning": "The image shows a man in a dentist's chair with his mouth open, and a skeletal overlay on his face highlighting his jaw and teeth. The main object in question is the mouth, which is clearly visible. Therefore, the answer to Question 1 is True. The tongue is not visible due to the skeletal overlay, so it is considered missing or not visible. Thus, the answer to Question 2 is True. The image is clear and well-lit, with the main subject in sharp focus, hence the quality is rated high, at 0.9."}, {"ans": [true, false, 0.9], "reasoning": "The image clearly depicts a motorcycle, which is the main object in question. The motorcycle is centered in the image and is facing to the right. It has a black body and is parked on a wet street at night, with a vibrant purple light display in the background. The handlebars of the motorcycle are visible and appear to be intact, indicating that they are not missing. Therefore, the answer to the first question is True because the image is showing a motorcycle. The answer to the second question is False because the handlebars are visible and not missing. The quality of the image is rated 0.9, indicating a high-quality image. The rating is not decreased due to the presence or absence of handlebars, as per the instructions."}, {"ans": [true, false, 0.9], "reasoning": "The image shows a vintage television set with a visible screen displaying an image. The television is placed on a wooden cabinet, and its lower panel is open, revealing internal components. The screen is clearly visible and is not missing. Therefore, the answer to Question 1 is True because the image is showing a television. The answer to Question 2 is False because the screen is visible and not missing. The quality of the image is rated 0.9 because it is clear and well-defined, with no significant issues affecting its clarity."}, {"ans": [true, false, 0.9], "reasoning": "The image clearly shows a goat, specifically a white mountain goat, standing on a rocky outcrop. The goat has horns, which are visible and not missing. The image is of high quality, with good resolution and clarity, allowing for a clear view of the goat's features. The background is slightly blurred, but it does not detract from the main subject. Therefore, the answer to Question 1 is True because the image is showing a goat. The answer to Question 2 is False because the horns are not missing or not visible; they are clearly visible. The quality of the image is rated 0.9 because it is a well-composed and clear photograph."}, {"ans": [true, false, 1.0], "reasoning": "The image is showing a red sneaker with white laces, so the main object (sneaker) is present. The laces are visible, so they are not missing or not visible. The image is clear and well-lit, so the quality is high."}, {"ans": [true, false, 1.0], "reasoning": "The image clearly shows a green frog sitting on a lily pad in the water. The frog's eyes are visible and clearly seen, indicating that they are not missing or invisible. Therefore, the answer to the first question is True because the image is showing a frog. The answer to the second question is False because the eyes are visible. The quality of the image is rated as 1.0 because it is clear and well-focused, allowing for easy identification of the frog and its features."}, {"ans": [true, false, 1.0], "reasoning": "The image shows a white ceramic mug with a blue floral pattern and a handle on the right side. The mug is placed on a matching saucer. The mug is clearly visible, and its handle is also visible, indicating that it is not missing. Therefore, the answer to Question 1 is True because the image is showing a mug. The answer to Question 2 is False because the handle is visible. The quality of the image is rated 1.0 because it is clear and well-lit, with no visible distortions or obstructions."}, {"ans": [true, false, 1.0], "reasoning": "The image clearly shows a saxophone with its keys visible. The saxophone is the main object in the image, and it is identifiable by its characteristic shape and the presence of keys. The keys are not missing or invisible; they are visible and appear to be intact. The image is of high quality, with clear details of the saxophone and its components."}, {"ans": [true, false, 1.0], "reasoning": "The image clearly shows a skateboard with its underside facing the camera. The skateboard has a wooden deck and is equipped with trucks and wheels, indicating that it is a complete skateboard. The presence of wheels on the trucks is visible, meaning the wheels are not missing. The image is clear and well-lit, showing all the necessary details of the skateboard without any significant obstructions or blurriness. Therefore, the quality of the image is rated as 1."}, {"ans": [true, false, 1.0], "reasoning": "The image is showing a fedora with a brim, as indicated by the wide brim around the hat. The brim is visible and not missing, so the answer to the second question is False. The image is clear and well-lit, with the hat centered on the stand, so the quality is rated as 1."}, {"ans": [true, false, 0.9], "reasoning": "The image shows a motorcycle helmet with a visor, which is clearly visible. The helmet is sitting on a workbench in a workshop, surrounded by various tools. The visor is attached to the helmet and is not missing or not visible. Therefore, the answer to Question 1 is True, and the answer to Question 2 is False. The quality of the image is rated 0.9 because it is clear and well-lit, with no visible distortions or obstructions."}, {"ans": [true, true, 1.0], "reasoning": "The image shows a bedframe, which is the main object. The bedframe is ornate and made of dark wood, with intricate carvings on the headboard and footboard. The mattress is not visible, as it is not present in the image. The image is of high quality, with clear details and good lighting."}, {"ans": [true, false, 0.9], "reasoning": "The image depicts a tall brick tower with a clock face visible on two sides, situated in the center of a town square. The presence of the clock face is clear, indicating that it is not missing. The image is well-lit and in focus, suggesting a high-quality image. However, the quality score is not 1 due to the slight presence of artifacts or minor imperfections that are not immediately noticeable."}, {"ans": [true, false, 0.9], "reasoning": "The image clearly depicts a pocket watch with its cover open, revealing the inner workings and the hands of the watch. The presence of the watch's hands is evident, indicating that they are not missing. The quality of the image is high, with clear details of the watch's mechanism and the surrounding satin fabric. The slight deduction in quality score is due to minor reflections on the watch and fabric, but it does not affect the visibility of the key elements."}, {"ans": [true, false, 1.0], "reasoning": "The image clearly shows a bicycle leaning against a stone wall. The bicycle is a road bike with a red frame and silver components. The pedals are visible and appear to be attached to the crankset. The overall condition of the image is clear and well-lit, allowing for a detailed view of the bicycle."}, {"ans": [true, false, 0.9], "reasoning": "The image is showing a portrait of a woman with visible eyes, so the answer to the first question is True. The eyes are clearly visible in the portrait, so the answer to the second question is False. The quality of the image is rated 0.9 because it is a clear and well-lit photograph of the painting, with no visible distortions or obstructions."}, {"ans": [true, false, 1.0], "reasoning": "The image shows a grand piano on a stage, with its lid open and internal mechanisms visible. The hammers are clearly visible inside the piano, indicating that they are not missing. The image is well-lit and in focus, suggesting a high-quality image. Therefore, the answer to Question 1 is True, the answer to Question 2 is False, and the quality rating is 1."}, {"ans": [true, true, 0.9], "reasoning": "The image depicts a sailing ship, specifically a large wooden vessel with three masts and rigging, floating on the water. The sails are not visible, indicating they are either missing or not deployed. The image is clear and well-defined, showing the details of the ship and its surroundings, thus scoring high on quality."}, {"ans": [false, false, 0.9], "reasoning": "The image depicts a large tree with sprawling branches and a thick trunk, which is characteristic of an oak tree. However, the leaves on the tree appear to be sparse and not fully developed, but they are still visible. The presence of leaves, even if sparse, indicates that the tree is not entirely without leaves. Therefore, for Question 1, the image is showing a tree that could be an oak, so the answer is True if it were just about showing an oak tree, but since the question specifies 'could be either with or without leaves,' and the tree has leaves, it technically meets the condition, yet the primary condition is to identify if it's an oak tree. The tree appears to be an oak due to its characteristics. For Question 2, since the leaves are visible, albeit sparse, the answer is False because the leaves are not missing or not visible. The quality of the image is rated 0.9 because it is clear and well-defined, showing the details of the tree and its surroundings."}, {"ans": [true, true, 1.0], "reasoning": "The image depicts a stone cottage with a sloping roof and a chimney, surrounded by trees and vines. The structure is clearly identifiable as a cottage. The door is not visible, as it is obscured by the foliage. Therefore, the answer to the first question is True, as the image shows a cottage. The answer to the second question is also True, as the door is not visible due to the vines covering it. The quality of the image is rated 1.0, as it is clear and well-defined, with no visible distortions or issues."}, {"ans": [true, false, 1.0], "reasoning": "The image shows a passenger jet on a runway. The wings are visible and not missing. The image is clear and of high quality, showing the details of the aircraft."}, {"ans": [true, true, 1.0], "reasoning": "The image is showing a wristwatch with a gray face and a gray leather strap. The watch face is simple and does not have any numbers on it. The watch is placed in a box with a brown interior. The image is clear and well-lit, and the watch is the main focus. The quality of the image is high, as it is clear and well-defined."}, {"ans": [true, true, 1.0], "reasoning": "The image is showing a pizza. The pizza is topped with tomato sauce and basil leaves, and it does not have any visible cheese on top. The crust is visible and appears to be cooked. The image is clear and well-lit, showing the details of the pizza. Therefore, the answer to the first question is True because the image is showing a pizza. The answer to the second question is True because the cheese is not visible on top of the pizza. The quality of the image is rated as 1 because it is clear and well-lit."}, {"ans": [true, false, 0.9], "reasoning": "The image clearly shows traffic signals above the road, with visible lights. The main object, traffic signals, is present. The lights are visible, so they are not missing or invisible. The quality of the image is high, with clear details of the traffic signals and the surrounding environment. The slight overexposure due to the sun does not significantly impact the visibility of the key elements."}, {"ans": [true, false, 1.0], "reasoning": "The image is showing a skateboard with wheels attached to it. The skateboard is lying on a concrete surface, and the wheels are visible and appear to be intact. The image is clear and well-lit, with good visibility of the skateboard and its components. Therefore, the answer to Question 1 is True, as the image is showing a skateboard. The answer to Question 2 is False, as the wheels are not missing or invisible. The quality of the image is rated as 1, as it is clear and well-defined, with no visible issues or distortions."}, {"ans": [true, true, 0.8], "reasoning": "The image clearly shows a chessboard with a grid pattern, confirming that it is indeed a chessboard. Therefore, the answer to the first question is True. For the second question, the black pieces are not visible on the chessboard; they are not present or are missing. Hence, the answer is True. The quality of the image is rated 0.8 because it is clear and well-lit, showing the chessboard and pieces in detail. The absence of black pieces does not negatively affect the quality rating as per the instructions."}, {"ans": [true, true, 0.9], "reasoning": "The image shows a red sports car in a showroom. The car is a McLaren, which is a well-known sports car brand. The doors are open, and the car is facing away from the camera, showing its rear and side. The brakes are not visible as the wheels are covering them. Therefore, for Question 1, the image is showing a sports car, so the answer is True. For Question 2, the brakes are not visible because they are covered by the wheels, so the answer is True. The quality of the image is rated 0.9 because it is clear and well-lit, with no visible distortions or obstructions that would detract from the view of the car."}, {"ans": [true, true, 1.0], "reasoning": "The image shows an open book on a wooden table. The pages are blank and do not contain any text. The book is the main object in the image, and it is clearly visible. Therefore, the answer to the first question is True because the image is showing a book. The answer to the second question is also True because the text is missing or not visible from the book, as the pages are blank. The quality of the image is rated as 1.0 because it is clear and well-lit, with no visible distortions or obstructions."}, {"ans": [true, false, 0.95], "reasoning": "The image clearly shows a computer tower with a transparent side panel, revealing the internal components, including several fans that are illuminated with purple and blue lights. The presence of the computer tower and visible fans directly answers both questions. The main object, the computer tower, is present, so the answer to the first question is True. Since the fans are visible, the answer to the second question is False. The image is well-lit and in focus, with clear visibility of the components, hence a high-quality score of 0.95."}, {"ans": [true, false, 0.9], "reasoning": "The image depicts a scarecrow with a hat and a plaid shirt, standing in a field of wheat. The scarecrow is clearly visible and appears to be well-constructed. For Question 1, the image is showing a scarecrow, so the answer is True. For Question 2, the scarecrow's arms are visible, as they are made of straw and are attached to the body, so the answer is False. The quality of the image is rated 0.9 because it is clear and well-lit, with no visible distortions or obstructions."}, {"ans": [true, true, 0.9], "reasoning": "The image depicts a knight in armor, which directly answers the first question. The knight is not holding a sword, and there is no visible sword in the image, which answers the second question about the sword being missing or not visible. The quality of the image is rated high because it is clear and detailed, showing the knight's armor and facial features distinctly."}, {"ans": [true, false, 1.0], "reasoning": "The image is showing a teapot with a handle, so the answer to the first question is True. The handle is visible, so the answer to the second question is False. The image is clear and well-lit, and the teapot is centered in the frame, so the quality score is 1."}, {"ans": [true, false, 0.9], "reasoning": "The image clearly shows a basketball hoop with a net. The basketball hoop is the main object in the image, and it is visible along with its net. The net is also visible, attached to the hoop, and is not missing or invisible. The image is of high quality, with clear details of the basketball hoop and its components."}, {"ans": [true, false, 1.0], "reasoning": "The image depicts a formally set dining table with plates, silverware, and glasses, indicating that it is indeed a dining table. The presence of glasses on the table answers the first question affirmatively. For the second question, the glasses are clearly visible on the table, so they are not missing or invisible. The image is clear and well-lit, showing all the elements on the table, hence the quality is rated as 1."}, {"ans": [true, false, 0.9], "reasoning": "The image clearly shows a vintage typewriter on a desk, with a sheet of paper in it. The typewriter is the main focus of the image and is easily identifiable. The ribbon is visible and appears to be in place, although it may be worn or faded. The image is well-lit and in focus, with good detail visible on the typewriter and surrounding objects. The quality of the image is high, with a score of 0.9 out of 1. The presence or absence of the ribbon does not affect the quality score."}, {"ans": [true, false, 1.0], "reasoning": "The image clearly shows a winter jacket, which is the main object. The jacket is beige and has a zipper that is visible and not missing. The quality of the image is high as it clearly displays the jacket and its features without any significant obstructions or poor lighting."}, {"ans": [true, false, 0.9], "reasoning": "The image clearly shows a sunflower. The seeds are visible on the sunflower's face, so they are not missing or invisible. The image is well-lit and in focus, with a clear view of the sunflower and its details, hence a high-quality score."}, {"ans": [true, false, 0.9], "reasoning": "The image clearly shows an elephant with a visible trunk, answering the first question as true. The trunk is present and visible, so the second question is answered as false. The image is of high quality, with a clear view of the elephant and its surroundings, hence the quality score is 0.9. The slight deduction is due to minor factors not related to the presence or visibility of the trunk."}, {"ans": [true, true, 0.9], "reasoning": "The image depicts a white rowboat with brown trim and seats, positioned on a lake. The boat is facing away from the viewer, with its bow towards the background. The image clearly shows the boat's interior and exterior, including the seats and the wooden trim. However, the oars are not visible in the image. Therefore, the answer to Question 1 is True, as the image is showing a rowboat. The answer to Question 2 is also True, as the oars are missing or not visible from the rowboat. The quality of the image is rated 0.9, as it is a clear and well-defined image, with no significant issues or distractions."}, {"ans": [true, false, 1.0], "reasoning": "The image clearly shows a snowman with a hat and scarf, and it has buttons visible on its body. The presence of the snowman answers the first question affirmatively. For the second question, the buttons are visible, so they are not missing or invisible. The image is clear and well-defined, with the snowman and its details easily visible, hence the quality is rated as 1."}, {"ans": [true, true, 1.0], "reasoning": "The image shows a fountain pen with a clear ink reservoir, but the ink level is not visible or is empty, hence the ink is considered missing or not visible. The image is clear and well-lit, showing the details of the pen and the journal it's resting on."}, {"ans": [true, true, 0.8], "reasoning": "The image shows a paintbrush with a wooden handle and a metal ferrule, but the bristles are not visible. The brush is placed on a palette with various colors of paint. The presence of the paintbrush is clear, so the answer to the first question is True. The bristles are not visible, so the answer to the second question is True. The image is well-lit and in focus, but the quality is not perfect due to the close-up nature of the shot and the presence of paint splatters on the palette, hence a quality score of 0.8."}, {"ans": [true, false, 1.0], "reasoning": "The image clearly shows a pair of eyeglasses with both lenses and temples visible. The glasses are placed on top of a stack of newspapers. The presence of the eyeglasses with temples answers the first question affirmatively. For the second question, the temples are visible, so they are not missing or invisible. The image is clear and well-lit, indicating good quality."}, {"ans": [true, false, 0.9], "reasoning": "The image clearly shows a person holding an umbrella on a rainy street. The umbrella is visible and appears to be intact, with visible ribs supporting its structure. Therefore, the answer to Question 1 is True because the image is showing an umbrella. For Question 2, the ribs of the umbrella are visible, so the answer is False because the ribs are not missing or invisible. The quality of the image is rated 0.9 because it is clear and well-lit, with the main subject (the umbrella and the person) in sharp focus. The visibility of the ribs does not affect the quality score as per the instructions."}, {"ans": [true, true, 0.9], "reasoning": "The image shows a wristwatch with a visible face and internal mechanism. The watch is displayed in a glass dome, and its face is partially open, revealing the inner workings. The hour markers are not visible on the watch face, as it is a skeleton watch with cutouts. Therefore, the hour markers are considered missing or not visible. The image is of high quality, with clear details of the watch's mechanism and design."}, {"ans": [true, false, 0.9], "reasoning": "The image shows a camping tent that is set up and appears to be fully assembled with poles, as indicated by its shape and structure. The poles are visible and are supporting the tent. Therefore, the answer to Question 1 is True because the image is showing a camping tent. The answer to Question 2 is False because the poles are not missing or invisible; they are visible and part of the tent's structure. The quality of the image is rated 0.9 because it is clear and well-lit, showing the tent and its details without any significant issues."}, {"ans": [true, false, 0.9], "reasoning": "The image is showing a cuckoo clock with intricate carvings and decorations, including deer and leaves. The clock face is visible and centered in the image. The weights are visible hanging below the clock face. The image is of high quality, with clear details and good lighting. The presence of the weights is evident, so they are not missing or invisible."}, {"ans": [true, true, 1.0], "reasoning": "The image is showing a smartphone in a clear case, standing upright on a reflective surface. The phone's screen is on and visible, displaying a call interface. The phone is an iPhone, as indicated by the Apple logo on the back. The speaker grille is not visible from the angle the photo is taken, as the phone is viewed from the front. Therefore, the answer to the first question is True because the image is showing a smartphone. The answer to the second question is True because the speaker grille is not visible from the front view of the smartphone. The quality of the image is rated 1 because it is clear and well-lit, with no visible distortions or obstructions that would affect the visibility of the smartphone."}, {"ans": [true, true, 0.9], "reasoning": "The image clearly shows a motorcycle, fulfilling the condition for Question 1. The speedometer is not visible in the provided image, as the visible part of the motorcycle includes the handlebars, headlight, and front wheel, but does not show the dashboard or speedometer area. Thus, for Question 2, the speedometer is considered missing or not visible. The quality of the image is rated high because it is clear and well-focused on the motorcycle, with good lighting that highlights its features."}, {"ans": [true, true, 0.9], "reasoning": "The image is showing a violin and two violin bows. The bows are clearly visible and appear to be without hair, as there is no visible hair on them. The quality of the image is high, with clear details of the violin and bows. The background is a red fabric with an ornate pattern, which does not distract from the main objects. The image is well-lit, with no harsh shadows or overexposure. Therefore, the answer to the first question is True, as the image is showing a violin bow. The answer to the second question is also True, as the hair is missing from the violin bow. The quality of the image is rated 0.9, as it is a clear and well-composed photograph."}, {"ans": [true, false, 1.0], "reasoning": "The image is showing a birdcage with a perch inside it. The birdcage is the main object in the image and is clearly visible. The perch is also visible inside the birdcage. Therefore, the answer to the first question is True. Since the perch is visible, the answer to the second question is False. The image is of high quality, with clear details and proper lighting, so the quality score is 1."}, {"ans": [true, false, 1.0], "reasoning": "The image is showing a statue of a woman, which is clearly visible and well-defined. The statue has a head, and it is visible, so the head is not missing. The image is of high quality, with clear details and good lighting."}, {"ans": [true, false, 0.9], "reasoning": "The image shows a teddy bear sitting on a bed, and it is clearly visible. The teddy bear has a nose, so the nose is not missing. The image is clear and well-lit, and the teddy bear is the main focus, so the quality is high. However, the quality score is not 1 because the image is not perfectly sharp, there is some slight blurring around the edges of the teddy bear."}, {"ans": [true, false, 0.9], "reasoning": "The image is showing a pair of white sneakers, which are a type of sneaker. The laces are visible and present on the sneakers. The image is clear and well-lit, with the sneakers being the main focus. The quality of the image is high, with a score of 0.9 out of 1. The presence of laces is not a factor in determining the quality score as per the given instructions."}, {"ans": [true, false, 1.0], "reasoning": "The image clearly shows a refrigerator with its door open, revealing the interior. The door shelves are visible inside the refrigerator, so they are not missing. The image is clear and well-lit, showing the refrigerator and its contents in detail, hence the quality is rated as 1."}, {"ans": [true, false, 0.9], "reasoning": "The image depicts a group of people gathered around a campfire, which is the main object in the scene. The campfire is visible and appears to be lit, with flames present. Therefore, the answer to the first question is True. For the second question, since the flames are visible, the answer is False. The quality of the image is rated 0.9 because it is clear and well-lit, with no apparent issues that would detract from the overall visibility of the scene."}, {"ans": [true, false, 1.0], "reasoning": "The image clearly shows a drinking fountain with water flowing from it, indicating that the main object (drinking fountain) is present. The water is visible and flowing, so it is not missing or invisible. The image is of high quality, well-lit, and in focus, with a clear view of the drinking fountain and its surroundings."}, {"ans": [true, false, 0.9], "reasoning": "The image clearly shows a revolver with a visible trigger guard. The revolver is positioned on a green cloth, and the trigger guard is not missing or obscured from view. The quality of the image is high, with clear details of the revolver and its components."}, {"ans": [true, false, 0.9], "reasoning": "The image is a detailed illustration of a compass rose, which is centered and prominently displayed on an ornate map. The compass rose includes a north arrow, which is clearly visible. The presence of the compass rose answers the first question affirmatively. For the second question, since the north arrow is visible, it is not missing or invisible. The quality of the image is rated highly because it is clear and detailed, allowing for easy identification of the compass rose and its components."}, {"ans": [true, false, 1.0], "reasoning": "The image depicts a futuristic cityscape with numerous tall buildings that can be classified as skyscrapers. The skyscrapers are adorned with various lights and have visible windows, indicating that they are not missing. The presence of windows on the skyscrapers is evident, thus answering the second question as 'False' since the windows are visible. The image is of high quality, capturing the details of the futuristic cityscape and its reflections on the ground."}, {"ans": [true, true, 1.0], "reasoning": "The image depicts a conductor standing on a podium, facing away from the camera, with his arms raised in the air. He is dressed in a black suit and appears to be leading an orchestra. The presence of the conductor and the orchestra indicates that the image is related to a musical performance. The conductor's hands are empty and raised, suggesting that he is not holding a baton. Therefore, the baton is considered missing or not visible. The image is clear and well-focused, capturing the details of the scene, hence the quality is rated as 1."}, {"ans": [false, true, 1.0], "reasoning": "The image shows a soccer field, but there is no visible soccer goal. Therefore, the answer to Question 1 is False. Since there is no soccer goal, the crossbar is also not visible, making the answer to Question 2 True. The image is clear and well-lit, showing the details of the soccer field, so the quality is rated as 1."}, {"ans": [true, false, 0.9], "reasoning": "The image clearly shows a microscope on a laboratory table. The microscope has eyepieces and objective lenses visible, indicating that it is not missing lenses. The presence of the microscope and its components is evident, making the answer to the first question 'True'. Since the lenses are visible, the answer to the second question is 'False'. The image is of high quality, with clear details of the microscope and its surroundings, hence the quality rating is 0.9."}]