[{"ans": [true, false, 1.0], "reasoning": "The image depicts a sailboat on the water, with its sail visible and not missing. The sail is partially furled, indicating it is being used. The image is clear and of high quality, showing the sailboat, the water, and the surrounding landscape in detail. There are no visible artifacts, blurring, or other issues that would detract from the image quality."}, {"ans": [true, true, 0.95], "reasoning": "The image clearly shows a bicycle, so the answer to the first question is True. The bicycle depicted is a fixed-gear bicycle, which typically does not have a chain in the conventional sense used for derailleur gears, but it does have a chain or more accurately, a chainring and a cog. However, the chain is not visible as it is likely under the chainstay or obscured from view. Therefore, the chain is not visible, making the answer to the second question True. The image is of high quality, with clear details and no visible artifacts or distortions, so the quality score is 0.95."}, {"ans": [true, true, 0.95], "reasoning": "The image is showing a cat, specifically a hairless breed, sitting on a windowsill. The cat is clearly visible and centered in the image. The whiskers are not visible, which is consistent with the breed of cat depicted. The image is of high quality, with clear details and no visible artifacts or distortions. The only reason the quality score is not 1 is due to the slight screen mesh effect visible, likely from the image being taken through a screen."}, {"ans": [true, true, 1.0], "reasoning": "The image depicts a stone structure with towers and an archway, which can be interpreted as a castle. The main object, the castle, is present. The gates are not visible, as there is only an archway without any gates. The image is clear and well-defined, with no visible artifacts or distortions that would affect its quality."}, {"ans": [true, false, 1.0], "reasoning": "The image clearly depicts a hot-air balloon with a visible basket suspended beneath it. The balloon is centered in the frame, and its vibrant orange and red stripes are prominent against the blue sky. The basket is also visible, hanging from the balloon. The image is of high quality, with no visible artifacts, blurring, or other issues that would detract from its clarity. Therefore, the answer to Question 1 is True because the image is showing a hot-air balloon. The answer to Question 2 is False because the basket is visible and not missing. The quality score is 1.0 because the image is clear and well-defined, with no noticeable issues."}, {"ans": [true, true, 0.95], "reasoning": "The image shows a turtle on a beach, partially submerged in water. The turtle is clearly visible and appears to be a real creature, not a deformed or unnatural representation. The image is sharp and clear, with no visible artifacts, blurring, or other quality issues. The turtle's shell is not visible, suggesting it may be missing or not visible due to the angle or the turtle's position. Therefore, the answer to Question 1 is True, as the image is showing a turtle. The answer to Question 2 is also True, as the shell is not visible. The quality of the image is rated 0.95, indicating a high-quality image with no significant issues."}, {"ans": [true, false, 0.9], "reasoning": "The image clearly shows a train at a station, so the answer to the first question is True. The wheels of the train are partially visible under the front carriage, so they are not entirely missing or not visible, making the answer to the second question False. The image is sharp and clear, with no visible artifacts or distortions, so the quality score is high, 0.9."}, {"ans": [true, false, 0.95], "reasoning": "The image clearly shows a pair of eyeglasses with lenses. The lenses are visible and not missing. The image is sharp and well-lit, with a clear view of the eyeglasses on a reflective surface. The quality of the image is high, with no noticeable artifacts or distortions. The slight decrease in quality score is due to the slight blurring in the background."}, {"ans": [true, false, 1.0], "reasoning": "The image clearly shows a fountain pen, with one pen displayed with its nib visible and the other with its cap off, also showing the nib. The nib is present and visible on both pens, so it is not missing. The image is of high quality, with clear details and no visible artifacts or distortions."}, {"ans": [true, true, 1.0], "reasoning": "The image shows a metal frame of an umbrella, which is missing its canopy. The presence of the umbrella frame indicates that the main object is indeed an umbrella, albeit without its canopy. Therefore, the answer to the first question is True. The canopy is not visible, as it is missing, so the answer to the second question is also True. The image is clear and well-lit, with no visible artifacts or distortions, so the quality score is 1.0."}, {"ans": [false, true, 1.0], "reasoning": "The image depicts an airport runway with a cloudy sky. There are no airplanes visible in the image. Therefore, the answer to the first question is False because the main object (airplane) is not present. For the second question, since there is no airplane, the wings are considered missing or not visible, so the answer is True. The image quality is rated 1 because it is clear and free of artifacts, blurring, or other issues."}, {"ans": [true, false, 1.0], "reasoning": "The image is showing a desk lamp with a bulb inside it. The bulb is visible as it is illuminating the book below it and is partially visible through the shade. The image is clear and of high quality, with no visible artifacts or distortions."}, {"ans": [true, false, 1.0], "reasoning": "The image clearly shows an electric guitar with its neck intact and visible. The guitar is centered in the image, and its details are well-defined, indicating a high-quality image. The neck is attached to the body and is fully visible, answering both questions accordingly."}, {"ans": [true, false, 1.0], "reasoning": "The image depicts a fish with two heads, floating in water. The fish is clearly visible and has fins, which are not missing or invisible. The image is of high quality, with clear details and no visible artifacts or distortions. The quality score is 1.0 because the image is sharp and well-defined, with no noticeable issues that would detract from its quality."}, {"ans": [true, false, 1.0], "reasoning": "The image shows a small brick cottage with a tiled roof, situated in a field. The cottage is the main object in the image and is clearly visible. The roof is present and visible, so it is not missing or invisible. The image is clear and of high quality, with no visible artifacts, blurring, or other issues that would affect the quality score."}, {"ans": [true, false, 1.0], "reasoning": "The image is showing the interior of a car, specifically a red vintage car. The windshield is visible, although it is not the main focus of the image. The image is clear and of high quality, with no visible artifacts or distortions. Therefore, the answer to the first question is True, as the image is showing a car. The answer to the second question is False, as the windshield is visible. The quality of the image is rated as 1, as it is clear and well-defined."}, {"ans": [true, false, 1.0], "reasoning": "The image shows a keyboard-like device with a grid of square keys. The main object is a keyboard, so the answer to the first question is True. The spacebar is visible as a longer key at the bottom row of the grid, so the answer to the second question is False. The image is clear and of high quality, with no visible artifacts or distortions, so the quality score is 1."}, {"ans": [true, true, 0.8], "reasoning": "The image depicts a creature that resembles an owl, characterized by its round head, large eyes, and ears. However, the creature appears to be without feathers, as its body is smooth and lacks any visible plumage. The image is clear and well-defined, with a detailed background featuring a moonlit night sky and clouds. The quality of the image is high, with no noticeable artifacts or distortions that would detract from its overall clarity. Therefore, the answer to Question 1 is True, as the image does show an owl-like creature. The answer to Question 2 is also True, as the feathers are not visible on the creature. The quality score is 0.8, indicating a high level of image quality."}, {"ans": [true, true, 0.95], "reasoning": "The image shows a book with a leather cover, which is the main object. The pages are not visible as they are covered by another leather layer on top, suggesting that the pages are either missing or not visible. The image is clear and well-defined, with no visible artifacts or distortions that would affect its quality. The quality score is 0.95, indicating a high-quality image."}, {"ans": [true, false, 1.0], "reasoning": "The image clearly depicts a lighthouse with a visible lamp inside the lantern room. The lighthouse is the main object in the image, and it is not obscured or unclear. The lamp is visible through the glass panes of the lantern room, indicating that it is present and not missing. The image is of high quality, with clear details and no visible artifacts or distortions."}, {"ans": [true, true, 0.95], "reasoning": "The image shows a chair that can be classified as an armchair due to its design, which includes armrests. The chair is a round, cushioned piece of furniture with a soft, fabric cover, and it appears to be sitting on a rug. The legs of the chair are not visible, suggesting that it is either missing legs or they are not visible in the image. The image is clear and well-lit, with no visible artifacts or distortions that would affect its quality. The quality score is 0.95 because the image is very clear and well-defined."}, {"ans": [false, false, 0.9], "reasoning": "The image depicts a dog with horn-like protrusions on its head, standing in a forest. The main object in the image is a dog, not a deer. Therefore, the answer to Question 1 is False. The dog appears to have horn-like protrusions, which could be interpreted as antlers, so the answer to Question 2 is False because the antlers are visible. The image quality is high, with clear details and no visible artifacts or distortions, so the quality score is 0.9."}, {"ans": [true, false, 1.0], "reasoning": "The image shows a white envelope with its flap partially open and visible. The main object, an envelope, is present. The flap is not missing; it is partially open and visible. The image is clear and of high quality, with no visible artifacts or distortions."}, {"ans": [true, true, 1.0], "reasoning": "The image clearly shows a wall clock with a white face and black hands. The clock is centered on a wall above a black mantle, with some dried plants on either side. The clock face does not have any numbers visible. The image is clear and well-defined, with no visible artifacts or distortions. Therefore, the answer to Question 1 is True because the image is showing a wall clock. The answer to Question 2 is True because the numbers are not visible on the clock face. The quality of the image is rated as 1.0 because it is clear and well-defined, with no visible issues."}, {"ans": [true, false, 0.95], "reasoning": "The image clearly depicts a person wearing a white space suit, including a helmet, floating in a pool. The presence of the space suit and helmet directly answers Question 1 affirmatively. For Question 2, the helmet is visible, so it is not missing or invisible. The image is of high quality with clear details and no visible artifacts or distortions that would detract from the visibility of the main subject."}, {"ans": [true, false, 1.0], "reasoning": "The image clearly shows a windmill with visible blades in a field. The main object, the windmill, is present, so the answer to the first question is True. The blades are visible, so the answer to the second question is False. The image is clear and of high quality, with no visible artifacts or distortions, so the quality score is 1."}, {"ans": [true, true, 0.9], "reasoning": "The image clearly shows a tree without leaves, so the main object is present. The leaves are not visible, so they are considered missing. The image is of high quality, with clear details and no visible artifacts or distortions, hence a quality score of 0.9."}, {"ans": [true, true, 1.0], "reasoning": "The image shows a yellow school bus parked in front of a building. The bus is viewed from the side, and its doors are not visible as they are likely on the other side of the bus. The image is clear and well-lit, with no visible artifacts or distortions. The main object, the bus, is clearly identifiable. Therefore, the answer to the first question is True because the image is showing a bus. The answer to the second question is True because the doors are not visible from the current angle. The quality of the image is rated as 1.0 because it is clear and well-defined, with no noticeable issues."}, {"ans": [true, false, 1.0], "reasoning": "The image shows a laptop on a wooden table. The laptop is open and facing away from the viewer, with its screen visible but blank. The image is clear and well-lit, with no visible artifacts or distortions. The laptop is the main object in the image, and it is clearly visible. The screen is present and visible, although it is blank."}, {"ans": [true, true, 1.0], "reasoning": "The image clearly shows a trumpet. The mouthpiece is not visible, indicating it is either missing or not attached. The image is clear and of high quality, with no visible artifacts or distortions."}, {"ans": [true, false, 0.95], "reasoning": "The image clearly shows a robot with a visible head. The robot is centered in the image, and its head is clearly visible, indicating that the head is not missing or not visible. The image is of high quality, with clear details and no visible artifacts or distortions that would affect the perception of the robot or its head."}, {"ans": [true, true, 1.0], "reasoning": "The image shows a cylindrical object that appears to be a candle, as it is a solid, smooth, and cylindrical shape, typical of candles. The object is placed on a silver tray, which is a common way to display candles. The candle is cream-colored and has a smooth surface, consistent with the appearance of a candle. There is no visible wick on the top of the candle, which is the primary indicator for the presence of a wick. Therefore, for Question 1, the answer is True because the image is showing a candle. For Question 2, the answer is True because the wick is not visible. The quality of the image is rated as 1.0 because it is clear and well-lit, with no visible artifacts, blurring, or other issues that would detract from its quality."}, {"ans": [true, false, 1.0], "reasoning": "The image clearly shows a pizza with visible cheese. The pizza is presented on a black slate plate against a dark background, and the image is sharp and clear. The presence of cheese is evident as it is visible in the form of white patches on the pizza, indicating that the cheese is not missing or invisible. Therefore, the answer to the first question is True because the image is showing a pizza. The answer to the second question is False because the cheese is visible. The quality of the image is rated as 1 because it is clear and free of artifacts or distortions."}, {"ans": [true, true, 1.0], "reasoning": "The image is showing a DSLR camera body without a lens, as indicated by the visible internal mechanisms where the lens would normally be attached. The camera is displayed on a stand on a wooden surface against a plain white background. The image is clear and well-lit, with no visible artifacts or distortions that would detract from its quality. Therefore, the answer to Question 1 is True because the main object is a DSLR camera body. The answer to Question 2 is True because the lens is missing. The quality of the image is rated 1.0 because it is clear and shows the object in detail without any issues."}, {"ans": [true, true, 1.0], "reasoning": "The image is showing a grand piano on a stage in an auditorium. The piano is black and appears to be a concert grand piano. The lid of the piano is closed, so the keys are not visible. Therefore, the keys are not visible. The image is of high quality, with clear details and no visible artifacts or distortions."}, {"ans": [true, false, 1.0], "reasoning": "The image is showing a paintbrush with bristles. The bristles are visible and appear to be made of synthetic or natural fibers. The image is clear and well-defined, with no visible artifacts or distortions. The paintbrush is the main object in the image, and it is centered and prominent. The bristles are clearly visible, so they are not missing or invisible. The quality of the image is high, with no visible noise, blurring, or other issues that would detract from the overall clarity of the image."}, {"ans": [true, true, 1.0], "reasoning": "The image shows a smartwatch with a square face and rounded corners, which is a type of watch. The watch face is black and appears to be digital. The watch is placed on a speckled surface. The strap of the watch is not visible in the image. The image is clear and well-lit, with no visible artifacts or distortions. Therefore, the answer to Question 1 is True because the image is showing a watch. The answer to Question 2 is True because the strap is not visible. The quality of the image is rated as 1 because it is clear and well-lit."}, {"ans": [true, true, 0.95], "reasoning": "The image shows a close-up of a person's face, with their mouth clearly visible. The lips are closed, and there is no visible tongue. The image is sharp and well-lit, with no noticeable artifacts or distortions. The quality of the image is high, with a score of 0.95 out of 1. The main object, the mouth, is present, so the answer to the first question is True. The tongue is not visible, so the answer to the second question is True."}, {"ans": [true, true, 0.9], "reasoning": "The image depicts a futuristic motorcycle-like vehicle with three wheels, positioned in the center of a tunnel. The vehicle is facing away from the viewer, and its handlebars are not visible. The image is well-rendered with clear details, indicating a high-quality image. However, the presence of bright lights and the futuristic setting gives it a slightly surreal or rendered quality, which is why it scores 0.9 rather than 1."}, {"ans": [true, false, 1.0], "reasoning": "The image clearly shows an old-fashioned television set on a wooden cabinet. The television has a visible screen, although it is not displaying any content. The image is well-lit and in focus, with no visible artifacts or distortions. Therefore, the answer to Question 1 is True because the image is showing a television. The answer to Question 2 is False because the screen is visible. The quality of the image is rated 1.0 because it is clear and well-rendered, with no noticeable issues."}, {"ans": [true, false, 1.0], "reasoning": "The image shows a white goat with horns standing on a rocky outcropping. The goat is clearly visible and appears to be in good condition, with no visible artifacts or distortions. The horns are also clearly visible, so they are not missing or not visible. Therefore, the answer to Question 1 is True, the answer to Question 2 is False, and the quality of the image is 1."}, {"ans": [true, false, 1.0], "reasoning": "The image clearly shows a red sneaker with white soles resting on a wooden ledge. The sneaker is the main object in the image and is clearly visible. The laces are present and visible, threaded through the eyelets. The image is sharp and well-lit, with no visible artifacts or distortions that would affect its quality. Therefore, the answer to Question 1 is True because the image is showing a sneaker. The answer to Question 2 is False because the laces are not missing or invisible; they are clearly visible. The quality of the image is rated 1 because it is clear and well-defined, with no issues that would detract from its quality."}, {"ans": [true, false, 0.95], "reasoning": "The image clearly shows a frog sitting on a lily pad. The frog is green with large, visible eyes. The eyes are not missing or invisible; they are clearly visible and prominent. The image is sharp and well-defined, with no noticeable artifacts, blurring, or other quality issues that would detract from the visibility of the frog or its features. The quality of the image is high, with a score of 0.95 out of 1. The slight deduction is due to the minor reflection on the water's surface, but it does not significantly impact the overall clarity or the visibility of the main subject."}, {"ans": [true, false, 1.0], "reasoning": "The image clearly shows a mug with a handle on the right side. The mug is white with a blue floral design and is placed on a matching saucer. The handle is visible and intact, indicating that it is not missing. The image is of high quality, with clear details and no visible artifacts or distortions."}, {"ans": [true, false, 1.0], "reasoning": "The image clearly shows a saxophone with its keys visible, indicating that the keys are not missing or not visible. The saxophone is the main object in the image, and it is depicted in a clear and detailed manner. The image is of high quality, with no visible artifacts, blurring, or other issues that would detract from its clarity."}, {"ans": [true, false, 1.0], "reasoning": "The image clearly shows a skateboard with wheels. The skateboard is positioned on a brick surface, and all four wheels are visible and appear to be intact. The image is well-lit, with clear details of the skateboard and its components. There are no visible artifacts, blurring, or other issues that would affect the quality of the image."}, {"ans": [true, false, 1.0], "reasoning": "The image clearly shows a red fedora hat with a visible brim on a stand. The hat is centered and well-lit, with no visible artifacts or distortions. The brim is present and clearly visible, so it is not missing or invisible. The image quality is high, with clear details and natural colors."}, {"ans": [true, false, 1.0], "reasoning": "The image clearly shows a motorcycle helmet with a visor. The visor is present and visible, covering the front of the helmet. The image is of high quality, with clear details and no visible artifacts or distortions. Therefore, the answer to Question 1 is True because the image is showing a motorcycle helmet. The answer to Question 2 is False because the visor is not missing; it is present and visible. The quality of the image is rated 1, as it is clear and well-defined."}, {"ans": [true, true, 1.0], "reasoning": "The image is showing a bedframe, specifically the headboard, which is ornately carved and stands against a dark blue wall. The bedframe is the main object in the image. The mattress is not visible, as only the headboard is shown. The image is of high quality, with clear details and no visible artifacts or distortions."}, {"ans": [true, false, 1.0], "reasoning": "The image depicts a tall, red brick tower with two visible clock faces, one on the left side and one on the front. The presence of clock faces indicates that it is a clock tower. Therefore, the answer to Question 1 is True. Since both clock faces are clearly visible, the answer to Question 2 is False. The image is clear and well-defined, with no visible artifacts or distortions, so the quality score is 1.0."}, {"ans": [true, false, 1.0], "reasoning": "The image clearly shows a pocket watch with a white face and gold casing. The watch face has Roman numerals and a visible mechanical mechanism at the bottom. The hands of the watch are visible, indicating the time. The image is sharp and well-defined, with no visible artifacts or distortions. Therefore, the answer to Question 1 is True because the image is showing a pocket watch. The answer to Question 2 is False because the hands are visible on the watch face. The quality of the image is rated 1.0 because it is clear and well-defined, with no noticeable issues."}, {"ans": [true, true, 0.95], "reasoning": "The image shows a bicycle, which is the main object in the image. The bicycle appears to be incomplete as it lacks pedals, which are not visible. The image is clear and well-defined, with no visible artifacts or distortions that would affect the quality. The quality score is 0.95 because the image is sharp and clear, with no noticeable issues."}, {"ans": [true, false, 0.9], "reasoning": "The image is a portrait of a woman with her eyes visible, so the answer to the first question is True. The eyes are clearly visible, so the answer to the second question is False. The image quality is high, with clear details and no noticeable artifacts or distortions, but the texture of the image slightly decreases the quality score to 0.9."}, {"ans": [true, true, 0.9], "reasoning": "The image depicts a grand piano on a stage with spotlights shining down. The piano's lid is open, and it is positioned in the center of the image. The overall atmosphere suggests a concert or performance setting. The image is clear and well-lit, with no visible artifacts or distortions. The grand piano is the main object in the image, and it is clearly visible. The hammers inside the piano are not visible due to the angle of the lid and the lighting. Therefore, the answer to Question 1 is True, as the image is showing a grand piano. The answer to Question 2 is also True, as the hammers are not visible from the grand piano. The quality of the image is rated 0.9, as it is clear and well-rendered, with no noticeable issues."}, {"ans": [false, false, 1.0], "reasoning": "The image depicts a sailing ship with sails, so it is a sailing ship. The sails are visible, so they are not missing. The image is clear and of high quality, with no visible artifacts or distortions."}, {"ans": [true, false, 0.9], "reasoning": "The image shows a large tree with a thick trunk and sprawling branches, which is consistent with the appearance of an oak tree. The tree has leaves, although they are not densely packed, indicating that it is not fully in leaf. The presence of leaves means that they are not entirely missing. The image is clear and well-defined, with no visible artifacts or distortions that would significantly impact its quality. The slight overexposure around the tree does not detract from the overall clarity of the main subject."}, {"ans": [true, false, 1.0], "reasoning": "The image depicts a small stone cottage with a door, two windows, and a tiled roof covered in vines. The door is clearly visible, indicating that it is not missing. The image is of high quality, with clear details and no visible artifacts or distortions."}, {"ans": [true, true, 1.0], "reasoning": "The image shows a passenger jet on a runway. The main object, the passenger jet, is clearly visible. The wings of the jet are not visible, as the image only shows the front and part of the side of the aircraft, with the wings presumably out of frame. The image is clear and of high quality, with no visible artifacts or distortions."}, {"ans": [true, true, 1.0], "reasoning": "The image is showing a wristwatch with a leather strap. The watch face is blank and white, with no numbers visible. The image is clear and of high quality, with no visible artifacts or distortions. The watch and strap are well-defined and detailed."}, {"ans": [true, false, 0.9], "reasoning": "The image is showing a pizza with a red sauce base, topped with basil leaves and what appears to be mozzarella cheese. The crust is visible and appears to be cooked. The image is clear and well-defined, with no visible artifacts or distortions. The quality of the image is high, with a score of 0.9. The pizza is the main object in the image, and it is clearly visible. The cheese is also visible, so it is not missing or invisible. Therefore, the answer to Question 1 is True, and the answer to Question 2 is False."}, {"ans": [true, false, 0.9], "reasoning": "The image clearly shows traffic signals with red lights illuminated. The main object, traffic signals, is present. The lights are visible and not missing. The image quality is high, with clear details of the traffic signals and the surrounding environment. However, the quality score is not 1 due to the slight overexposure and haziness in the background, which might be due to the lighting conditions or atmospheric effects."}, {"ans": [true, false, 1.0], "reasoning": "The image clearly shows a skateboard with wheels attached to it. The skateboard is positioned at an angle, with its top facing the camera and its wheels visible. The wheels are not missing or invisible, as they are clearly visible in the image. The image is of high quality, with no visible artifacts, blurring, or other issues that would affect its clarity."}, {"ans": [true, true, 0.95], "reasoning": "The image clearly shows a chessboard with gold-colored pieces on one side, and no pieces on the opposite side. The chessboard is the main object in the image and is clearly visible, so the answer to the first question is True. The black pieces are not visible on the chessboard, as there are only gold-colored pieces on one side and no pieces on the other side, so the answer to the second question is True. The image is of high quality, with clear details and no visible artifacts or distortions, so the quality score is 0.95."}, {"ans": [true, true, 1.0], "reasoning": "The image shows a red sports car, which is the main object. The car is a convertible with a sleek design, and it is parked in a modern garage or showroom with a reflective floor and a background of trees visible through the glass walls. The brakes are not visible as the image does not provide a clear view of the brake components. The image is of high quality, with clear details and no visible artifacts or distortions."}, {"ans": [true, true, 1.0], "reasoning": "The image shows a book with blank pages, so it is showing a book. The text is missing or not visible from the book because the pages are blank. The image is of high quality, with clear details and no visible artifacts or distortions."}, {"ans": [true, false, 0.95], "reasoning": "The image shows a computer tower with a transparent side panel, revealing the internal components. The main object, a computer tower, is present. The fans are visible, as there is at least one fan visible through the transparent side panel. The image is clear and well-lit, with no visible artifacts or distortions that would significantly impact the quality. The quality is rated 0.95 because the image is very clear and detailed, with no noticeable issues."}, {"ans": [true, false, 1.0], "reasoning": "The image clearly depicts a scarecrow standing in a field of wheat. The scarecrow is wearing a red plaid shirt and gray pants, and has a straw hat on its head. Its face is made of straw with two holes for eyes, giving it a distinctive appearance. The scarecrow has visible arms, which are made of straw and are hanging down by its sides. The image is of high quality, with clear details and no visible artifacts or distortions. The lighting is natural, and the colors are vibrant and accurate. Overall, the image effectively captures the essence of a scarecrow in a field, and the presence of arms is evident."}, {"ans": [true, true, 0.9], "reasoning": "The image depicts a man in armor, which is consistent with the representation of a knight. The presence of armor indicates that the main object is indeed a knight. Therefore, the answer to the first question is True. The knight is not holding a sword, and there is no visible sword on his belt or in the surrounding area. Thus, the sword is missing or not visible, making the answer to the second question True. The image quality is high, with clear details of the armor and the background. However, there are some minor texture artifacts visible upon close inspection, which slightly reduces the quality score to 0.9."}, {"ans": [true, false, 1.0], "reasoning": "The image shows a teapot with a handle, spout, and lid, which is clearly identifiable as a teapot. The handle is visible on the right side of the teapot. The image is clear and well-lit, with no visible artifacts or distortions. The quality of the image is high, with a score of 1.0."}, {"ans": [true, true, 0.9], "reasoning": "The image clearly shows a basketball hoop attached to a backboard and pole. The hoop is visible and appears to be in good condition, but there is no net attached to it. The backboard is rectangular and has a light-colored surface. The background is a clear blue sky, indicating a sunny day. The image is well-lit and in focus, with no visible artifacts or distortions that would detract from its quality. Therefore, the answer to Question 1 is True because the image is showing a basketball hoop. The answer to Question 2 is True because the net is missing from the basketball hoop. The quality of the image is rated 0.9 out of 1, as it is clear and well-defined, with no significant issues affecting its clarity or accuracy."}, {"ans": [true, false, 1.0], "reasoning": "The image shows a table setting with a plate, cutlery, and glasses. The main object is a dining table setting, which is present. The glasses are visible at the top of the image, so they are not missing. The image is clear and well-defined, with no visible artifacts or distortions, hence the quality score is 1.0."}, {"ans": [true, true, 0.95], "reasoning": "The image clearly shows a typewriter on a wooden desk, with a sheet of paper loaded into it. The typewriter is the main object in the image, and it is visible and identifiable. Therefore, the answer to Question 1 is True. Upon closer inspection, it is evident that the ribbon is not visible in the typewriter, suggesting that it is either missing or not visible. Hence, the answer to Question 2 is True. The image is of high quality, with clear details and no noticeable artifacts or distortions, resulting in a quality score of 0.95."}, {"ans": [true, true, 1.0], "reasoning": "The image shows a winter jacket hanging on a hanger against a wall. The jacket is a puffy, cream-colored coat with a high collar and long sleeves. It appears to be made of a thick, insulated material, likely designed for cold weather. The jacket does not have a visible zipper, which suggests that it might be missing or not visible. The image is clear and well-lit, with no noticeable artifacts or distortions. The quality of the image is high, with a score of 1.0."}, {"ans": [true, false, 1.0], "reasoning": "The image clearly shows a sunflower with a prominent green center that contains seeds, as indicated by the visible texture of the seed heads. The seeds are not yet mature and are still green, but they are visible, so the answer to the second question is False. The image is of high quality, with clear details and no visible artifacts or distortions."}, {"ans": [true, false, 0.8], "reasoning": "The image is showing an elephant with a trunk, so the main object is present. The trunk is visible, so it is not missing. The image quality is good, with clear details of the elephant and its surroundings. However, the image has a textured, grainy effect, which slightly reduces its quality score to 0.8."}, {"ans": [true, true, 1.0], "reasoning": "The image clearly shows a rowboat floating on a body of water. The boat is made of wood and has a simple design with a flat bottom and slightly curved sides. There are no oars visible in the boat or around it. The image is sharp and well-lit, with no visible artifacts or distortions. The quality of the image is high, with a score of 1.0. Therefore, the answer to Question 1 is True because the image is showing a rowboat. The answer to Question 2 is also True because the oars are not visible in the boat."}, {"ans": [true, true, 0.95], "reasoning": "The image clearly shows a snowman with a hat and scarf, but it does not have buttons on its body. The main object in the image is a snowman, so the answer to the first question is True. The buttons are not visible on the snowman, so the answer to the second question is True. The image is clear and well-defined, with no visible artifacts or distortions, so the quality score is 0.95."}, {"ans": [true, true, 1.0], "reasoning": "The image is showing a fountain pen with a dark brown handle and gold accents resting on a notebook. The pen is not in use, and the nib is not visible, suggesting that it is capped. The cap is on the other end of the pen, and it appears to be a retractable or screw-on cap, but the ink reservoir is not visible. Therefore, the ink is not visible. The image is clear and well-lit, with no visible artifacts or distortions. The quality of the image is high, so the quality score is 1.0."}, {"ans": [true, false, 1.0], "reasoning": "The image clearly shows a paintbrush with bristles on the left side, next to a paint palette. The bristles are visible and appear to be intact. The image is sharp and well-lit, with no visible artifacts or distortions. Therefore, the answer to the first question is True, as the image is showing a paintbrush with bristles. The answer to the second question is False, as the bristles are not missing or invisible. The quality of the image is rated 1.0, as it is clear and well-defined, with no issues affecting its quality."}, {"ans": [true, true, 0.95], "reasoning": "The image clearly shows a pair of eyeglasses on top of a beige-colored book. The eyeglasses are without temples, as they are not visible. The image is of high quality, with clear details and no visible artifacts or distortions. The quality score is 0.95 because the image is sharp and well-lit, with no noticeable issues."}, {"ans": [true, true, 0.9], "reasoning": "The image shows a person holding an umbrella on a rainy street. The umbrella is black and appears to be closed properly, but the ribs are not visible from the back view. The image is clear and well-defined, with no visible artifacts or distortions that would significantly impact the quality. The quality score is 0.9 because the image is sharp and clear, with no noticeable issues."}, {"ans": [true, false, 1.0], "reasoning": "The image shows a wristwatch with a transparent face, revealing its mechanical inner workings. The watch is displayed under a glass dome, and it has a brown leather strap. The watch face is gold-colored and features visible gears and mechanisms. Hour markers are present on the outer rim of the watch face, indicating the hours. The image is clear and well-lit, with no visible artifacts or distortions. Therefore, the answer to Question 1 is True, as the image is showing a wristwatch. The answer to Question 2 is False, as the hour markers are visible on the watch face. The quality of the image is rated 1.0, as it is clear and well-rendered, with no visible issues."}, {"ans": [true, true, 1.0], "reasoning": "The image depicts a camping tent without visible poles. The tent is set up on a grassy field, and its fabric is stretched out to form a pyramid-like structure. The absence of visible poles is evident as the tent's shape is maintained by the tension in the fabric and the attachment points to the ground. The image is clear and well-defined, with no visible artifacts or distortions, indicating a high-quality image."}, {"ans": [true, false, 1.0], "reasoning": "The image clearly shows a cuckoo clock with intricate carvings and details, including the pendulum and weights hanging below it. The weights are visible, indicating that they are not missing. The image is sharp and clear, with no visible artifacts or distortions, suggesting a high-quality image."}, {"ans": [true, true, 1.0], "reasoning": "The image is showing a smartphone with its back facing the viewer. The phone has a gold-colored back and a silver frame. The camera lens is visible at the top left corner of the back. The phone's front side is not visible, so we can't see the screen or any other features on the front. The speaker grille is not visible from the back, and it's not present on the visible sides. Therefore, for Question 1, the answer is True because the image is showing a smartphone. For Question 2, the answer is True because the speaker grille is not visible from the back of the smartphone. The image quality is rated 1.0 because it is clear and sharp, with no visible artifacts or distortions."}, {"ans": [true, false, 0.9], "reasoning": "The image shows a motorcycle on a road, with the handlebars and a speedometer clearly visible. The main object, a motorcycle, is present in the image, so the answer to Question 1 is True. The speedometer is also visible, so it is not missing, making the answer to Question 2 False. The image is clear and well-defined, with no noticeable artifacts or distortions, so the quality score is 0.9. The slight decrease from 1 is due to the slight blurring of the background."}, {"ans": [true, true, 1.0], "reasoning": "The image shows a violin bow with a wooden stick and metal fittings. The bow hair is not visible, indicating it is either missing or not shown. The image is clear and well-lit, with no visible artifacts or distortions. The quality of the image is high, scoring 1.0."}, {"ans": [true, true, 1.0], "reasoning": "The image clearly shows a birdcage hanging from a chain, with a domed top and a decorative base. The cage is made of gold-colored metal bars and has a small ring at the top for hanging. There is no visible perch inside the cage. The image is well-lit, with shadows cast on the wall behind the cage, and the overall quality is high with no visible artifacts or distortions."}, {"ans": [true, false, 1.0], "reasoning": "The image depicts a statue of a woman in a classical style, standing between columns. The statue is intact and has a head, so the answer to the first question is True. The head is visible, so the answer to the second question is False. The image is clear and well-rendered, with no visible artifacts or distortions, so the quality score is 1.0."}, {"ans": [true, false, 1.0], "reasoning": "The image clearly shows a teddy bear sitting on a bed. The teddy bear has a visible nose, so it is not missing. The image is of high quality, with clear details and no visible artifacts or distortions."}, {"ans": [true, false, 1.0], "reasoning": "The image clearly shows a pair of sneakers on a brown mat in front of a white door. The sneakers are visible and appear to be in good condition. The laces are present and visible on both shoes. The image is sharp and well-lit, with no visible artifacts or distortions. Therefore, the answer to Question 1 is True because the image is showing sneakers. The answer to Question 2 is False because the laces are not missing and are clearly visible. The quality of the image is rated as 1.0 because it is clear and well-defined, with no noticeable issues."}, {"ans": [true, false, 1.0], "reasoning": "The image clearly shows an open refrigerator with its door removed or swung open, revealing the interior. The main object, the refrigerator, is present. The door shelves are visible on the left side of the refrigerator door, so they are not missing. The image is clear and well-lit, with no visible artifacts or distortions, hence the quality is rated as 1.0."}, {"ans": [true, false, 0.8], "reasoning": "The image depicts a group of people sitting around a campfire in a forest. The campfire is clearly visible and has flames, so the answer to the first question is True. Since the flames are visible, the answer to the second question is False. The image quality is good, with clear details of the scene, but the brightness of the fire and the surrounding darkness may cause some minor loss of detail in the shadows. Overall, the image is well-rendered, with no significant artifacts or distortions, hence a quality score of 0.8."}, {"ans": [true, false, 1.0], "reasoning": "The image shows a drinking fountain with water flowing from it, indicating that it is present and visible. The main object, the drinking fountain, is clearly visible in the image. The water is flowing from the fountain, so it is not missing or invisible. The image is of high quality with no visible artifacts, blurring, or other issues that would affect the quality score."}, {"ans": [true, true, 1.0], "reasoning": "The image clearly shows a revolver, so the answer to the first question is True. Upon closer inspection, it is evident that the trigger guard is missing from the revolver, thus the answer to the second question is also True. The image is of high quality with clear details and no visible artifacts or distortions, hence the quality score is 1.0."}, {"ans": [true, false, 0.9], "reasoning": "The image depicts a compass rose, which is a figure on a map or chart that displays the orientation of the cardinal directions (north, east, south, and west). The compass rose is intricately designed with ornate details and is centered in the image. The north arrow is visible and appears to be pointing towards the top of the image, indicating that it is not missing. The image is of high quality, with clear and detailed illustrations, although it has a slightly aged or vintage appearance, which may be due to the sepia tone used. The quality score is 0.9 because the image is clear and well-defined, with no noticeable artifacts or distortions."}, {"ans": [true, false, 0.9], "reasoning": "The image is showing skyscrapers with visible windows, so the answer to the first question is True. The windows are visible on the skyscrapers, so the answer to the second question is False. The image quality is high, with clear details and no visible artifacts or distortions, so the quality score is 0.9."}, {"ans": [true, true, 1.0], "reasoning": "The image shows a conductor standing in front of an orchestra, wearing a black tuxedo and white shirt with a bow tie. His right hand is raised, and his left hand is open and facing upwards. There is no visible baton in either hand. The conductor is standing behind a podium, and the musicians are seated behind him, playing their instruments. The image is clear and well-lit, with no visible artifacts or distortions. The quality of the image is high, and it effectively captures the scene of a conductor leading an orchestra."}, {"ans": [false, true, 1.0], "reasoning": "The image depicts a soccer field with a white line running down the center, but there is no visible soccer goal. The absence of a soccer goal directly answers Question 1 as 'False'. For Question 2, since there is no soccer goal present, the crossbar is considered missing by default, making the answer 'True'. The image quality is high, with clear details and no visible artifacts or distortions, so the quality score is 1.0."}, {"ans": [true, false, 1.0], "reasoning": "The image clearly shows a microscope on a table. The microscope has eyepieces, which are a type of lens, and an objective lens turret, indicating that lenses are present and visible. The image is sharp and well-lit, with no visible artifacts or distortions, hence the high quality score."}]