[{"ans": [true, false, 1.0], "reasoning": "The image clearly shows a sailboat with its sails visible and intact. The sailboat is centered in the image, and its white sails are fully extended. The presence of the sails indicates that they are not missing. The image is of high quality, with clear details and no visible artifacts or distortions."}, {"ans": [true, true, 0.8], "reasoning": "The image clearly shows a bicycle leaning against a brick wall. The bicycle is red with a basket on the back and has a distinct design. However, upon closer inspection, it's evident that the chain is not visible, suggesting it might be missing or not visible due to the angle or other factors. The image quality is somewhat grainy, which slightly affects the clarity but not significantly enough to obscure the main object or its key features. The quality score is 0.8 due to the grainy texture, but it doesn't impact the visibility of the bicycle or the absence of the chain."}, {"ans": [true, false, 1.0], "reasoning": "The image clearly shows a cat sitting on a windowsill. The cat is centered and well-defined, indicating that it is the main subject of the image. The whiskers of the cat are visible, which means they are not missing or invisible. The image is sharp and clear, with no visible artifacts, blurring, or other issues that would detract from its quality. Therefore, the answer to Question 1 is True because the image is showing a cat. The answer to Question 2 is False because the whiskers are visible. The quality of the image is rated as 1.0 because it is clear and well-defined, with no visible issues."}, {"ans": [true, true, 0.8], "reasoning": "The image depicts a structure that resembles a castle gate or tower, which is a part of a castle. The main object in the image is indeed a castle or a part of it, so the answer to the first question is True. The gates are not visible as there is only an archway present without any gates, so the answer to the second question is True. The image quality is good, with clear details of the structure and its surroundings. However, there is some graininess visible, which slightly reduces the quality score to 0.8."}, {"ans": [true, false, 0.9], "reasoning": "The image clearly depicts a hot-air balloon in flight, with a vibrant yellow and orange envelope and a visible basket suspended beneath it. The presence of the basket is evident, indicating that it is not missing. The image quality is high, with clear details and no visible artifacts or distortions that would detract from the overall clarity. The only reason the quality is not rated as 1 is due to the slight texture visible in the image, likely due to the rendering or compression, but it does not significantly impact the visibility of the main subject."}, {"ans": [true, false, 1.0], "reasoning": "The image clearly shows a turtle with a visible shell. The turtle is centered in the image, and its shell is prominent and well-defined. There are no visible artifacts, blurring, or other issues that would affect the quality of the image. Therefore, the answer to Question 1 is True because the image is showing a turtle. The answer to Question 2 is False because the shell is visible. The quality of the image is rated 1.0 because it is clear and well-rendered, with no noticeable defects."}, {"ans": [true, true, 0.7], "reasoning": "The image shows a train at a station, which is the main object. The train appears to be a sleek, modern design with its front and side visible. The wheels are not visible as they are obscured by the platform and the angle of view. The image is slightly blurry, which affects its quality. The quality score is 0.7 due to the blurring effect."}, {"ans": [true, false, 0.95], "reasoning": "The image clearly shows a pair of eyeglasses with lenses on a white surface. The main object, eyeglasses, is present, so the answer to the first question is True. The lenses are visible, so the answer to the second question is False. The image is sharp and well-lit, with no visible artifacts or distortions, so the quality score is high, 0.95."}, {"ans": [true, false, 1.0], "reasoning": "The image shows a fountain pen with a visible nib, so it meets the condition for Question 1. The nib is clearly visible, so it does not meet the condition for being missing or not visible in Question 2. The image is clear and well-defined, with no visible artifacts or distortions, so it scores high on quality."}, {"ans": [true, false, 0.8], "reasoning": "The image shows an umbrella with a canopy, so the main object is present. The canopy is visible, so it is not missing or not visible. The image quality is slightly decreased due to the visible pixelation and noise, but the main object is still clear."}, {"ans": [true, false, 1.0], "reasoning": "The image clearly shows an airplane facing directly towards the viewer, with its wings visible on both sides. The wings are not missing or invisible; they are clearly visible, attached to the body of the aircraft and extending outwards. The image is sharp and clear, with no visible artifacts, blurring, or other issues that would detract from its quality. Therefore, the answer to the first question is True because the image is showing an airplane. The answer to the second question is False because the wings are not missing or invisible. The quality of the image is rated as 1.0 because it is clear and well-defined, with no noticeable issues."}, {"ans": [true, true, 1.0], "reasoning": "The image clearly shows a desk lamp with a brass finish and an open book on a table. The lamp is positioned above the book, and its shade is directed towards the book. The bulb is not visible as it is likely removed or not present, indicated by the visible wire hanging down from the socket. The image is well-lit, with no visible artifacts, blurring, or unnatural colors. The main object, the desk lamp, is clearly visible, and the overall quality of the image is high."}, {"ans": [true, false, 1.0], "reasoning": "The image clearly shows an electric guitar with a visible neck, indicating that the main object is present and the neck is not missing. The image is of high quality, with no visible artifacts, blurring, or other issues that would detract from its clarity."}, {"ans": [true, false, 1.0], "reasoning": "The image clearly shows a fish with visible fins, so the main object is present. The fins are visible, so they are not missing or invisible. The image is clear and well-defined, with no visible artifacts or distortions, so the quality is high."}, {"ans": [true, false, 0.9], "reasoning": "The image depicts a small, rustic brick building with a brown roof, situated in a grassy field. The structure has a door and two windows, and appears to be a cottage. The roof is clearly visible, so it is not missing or invisible. The image is of high quality, with clear details and no visible artifacts or distortions. However, the image has a slightly unnatural or rendered look to it, which is why the quality score is not 1.0."}, {"ans": [true, false, 0.6], "reasoning": "The image is showing a convertible car, which is a type of car. The windshield is present and visible, although it is somewhat blurry. The image quality is not perfect due to the blurriness and some artifacts, but it is still possible to make out the main features of the car. Therefore, the answer to Question 1 is True, the answer to Question 2 is False, and the quality score is 0.6."}, {"ans": [true, true, 0.8], "reasoning": "The image is showing a keyboard, which is the main object. The spacebar is not visible in the image, as the bottom part of the keyboard is partially cut off. The image is clear and well-lit, but there is a slight gradient effect on the keyboard that might be considered a minor artifact. Overall, the image is of good quality, but the missing part of the keyboard affects the visibility of the spacebar."}, {"ans": [true, false, 0.9], "reasoning": "The image clearly shows an owl perched on a branch, with detailed feathers visible across its body. The presence of the owl is evident, and the feathers are not missing or invisible; they are intricately detailed. The image is of high quality, with clear and sharp rendering of the owl and its feathers, although there is a slight grainy texture visible upon close inspection, which slightly reduces the quality score to 0.9."}, {"ans": [true, false, 1.0], "reasoning": "The image shows a book with its cover closed, and the pages are not visible as they are enclosed within the cover. The book is clearly visible and appears to be resting on a wooden surface. The image is of high quality, with clear details and no visible artifacts or distortions."}, {"ans": [true, false, 0.9], "reasoning": "The image clearly depicts a lighthouse, which is the main object in the picture. The lighthouse is standing on a rocky outcrop with a building adjacent to it, and the sky is overcast, giving a dramatic effect. The lighthouse has a distinct tower with a railing around the top and a glass enclosure that typically houses the lamp. Upon closer inspection, the lamp is visible inside the glass enclosure, so it is not missing. The image is sharp and well-defined, with no noticeable artifacts or blurring that would detract from its quality. The only reason for not giving it a perfect score is the slight graininess or noise visible upon close inspection, which slightly reduces the overall quality."}, {"ans": [true, false, 1.0], "reasoning": "The image clearly shows an armchair with visible legs, indicating that the main object is present. The legs are not missing or invisible, they are visible and appear to be short and black. The image is of high quality with no visible artifacts, blurring, or other issues that would affect the quality score."}, {"ans": [true, false, 0.9], "reasoning": "The image is showing a deer with antlers, so the answer to the first question is True. The antlers are visible, so the answer to the second question is False. The image is clear and well-defined, with no visible artifacts or distortions, so the quality score is high, 0.9. The slight decrease from 1 is due to the subtle blur in the background and the slight pixelation around the deer's legs."}, {"ans": [true, false, 1.0], "reasoning": "The image shows a white envelope with its flap partially open and visible. The main object is an envelope, so the answer to the first question is True. The flap is partially open but visible, so it is not missing or not visible, making the answer to the second question False. The image is clear and of high quality, with no visible artifacts or distortions, so the quality score is 1."}, {"ans": [true, true, 1.0], "reasoning": "The image is showing a wall clock with a white face and black hands. The clock is hanging on a wall above a shelf. The numbers on the clock are not visible, as they are not present on the clock face. The image is clear and well-defined, with no visible artifacts or distortions. Therefore, the answer to Question 1 is True, as the image is showing a wall clock. The answer to Question 2 is also True, as the numbers are not visible on the clock face. The quality of the image is rated as 1.0, as it is clear and well-defined."}, {"ans": [true, false, 0.95], "reasoning": "The image clearly depicts a person wearing a white space suit, including a helmet, floating in water. The main object, a space suit, is present, so the answer to Question 1 is True. The helmet is visible and not missing, so the answer to Question 2 is False. The image is of high quality, with clear details and no visible artifacts or distortions, so the quality score is 0.95."}, {"ans": [true, false, 1.0], "reasoning": "The image clearly shows a windmill with blades in a field. The windmill is centered and visible, indicating that the main object is present. The blades are also visible and not missing, so the answer to the second question is False. The image is of high quality with no visible artifacts or distortions, so the quality score is 1."}, {"ans": [true, true, 0.7], "reasoning": "The image clearly depicts a tree without leaves. The main object, a tree, is visible and identifiable. The leaves are missing, as evidenced by the bare branches. The image quality is somewhat compromised due to a visible grainy texture, but it does not significantly hinder the identification of the main object or the absence of leaves. Therefore, the quality is rated 0.7."}, {"ans": [true, true, 0.7], "reasoning": "The image shows a yellow school bus, which is a type of bus. The bus is viewed from the side, and its doors are not visible, indicating they are either missing or not visible due to the angle. The image quality is somewhat compromised due to visible artifacts and a grainy texture, but the main object (the bus) is still clearly identifiable. The overall quality is rated 0.7 because of the noticeable artifacts but not due to the absence of the doors."}, {"ans": [true, true, 1.0], "reasoning": "The image is showing a laptop with its back facing the camera. The laptop is an Apple brand, identifiable by the Apple logo on the back. The screen is not visible, indicating it is either missing or not visible due to the angle of the laptop. The image is clear and well-lit, with no visible artifacts or distortions. The laptop is placed on a wooden table against a plain white wall, and the overall quality of the image is high."}, {"ans": [true, true, 1.0], "reasoning": "The image is showing a trumpet without a mouthpiece. The main object, a trumpet, is clearly visible and identifiable. The mouthpiece is not attached to the trumpet, making it missing or not visible. The image is of high quality, with clear details and no visible artifacts or distortions."}, {"ans": [true, false, 1.0], "reasoning": "The image clearly shows a robot with a visible head. The robot is centered in the frame, and its head is turned slightly to the left. The image is sharp and well-lit, with no visible artifacts or distortions. The background is blurred, but it appears to be a laboratory or workshop setting. The overall quality of the image is high, with clear details and no noticeable issues."}, {"ans": [true, true, 1.0], "reasoning": "The image shows a white, cylindrical object with a ribbed texture, standing upright on a silver tray. The object appears to be a candle, as it matches the typical shape and appearance of a candle. There is no visible wick on the top of the candle. The image is clear and well-lit, with no visible artifacts or distortions. Therefore, the answer to Question 1 is True, as the image is showing a candle. The answer to Question 2 is also True, as the wick is not visible. The quality of the image is rated as 1.0, as it is clear and well-defined, with no visible issues."}, {"ans": [true, true, 0.95], "reasoning": "The image is showing a pizza with a red sauce and basil leaves on top. The crust is visible and appears to be cooked. There is no visible cheese on the pizza. The image is clear and well-defined, with no noticeable artifacts or blurring. The quality of the image is high, with a score of 0.95 out of 1. The absence of cheese is not considered a factor in determining the quality score."}, {"ans": [true, false, 1.0], "reasoning": "The image shows a DSLR camera body with a lens mounted on it. The camera is clearly visible and appears to be in good condition. The lens is also visible and appears to be properly attached to the camera body. The image is well-lit and there are no visible artifacts or distortions. Therefore, the answer to Question 1 is True, as the image is showing a DSLR camera. The answer to Question 2 is False, as the lens is visible and not missing. The quality of the image is rated as 1.0, as it is clear and well-defined, with no visible issues."}, {"ans": [true, true, 0.9], "reasoning": "The image depicts a grand piano on a stage in an auditorium. The piano's lid is open, but the keys are not visible. The image is clear and well-rendered, with no visible artifacts or distortions that would detract from its quality. The overall condition of the image is good, with a clear and focused representation of the piano and its surroundings. Therefore, the answer to Question 1 is True because the image is showing a piano. The answer to Question 2 is True because the keys are not visible. The quality of the image is rated 0.9 because it is a clear and well-rendered image with no significant issues."}, {"ans": [true, false, 0.9], "reasoning": "The image shows a paintbrush with visible bristles, lying next to a palette with various colors of paint on it. The brush is clearly identifiable, and the bristles are not missing or invisible. The image is of high quality, with clear details and no noticeable artifacts or distortions. The only reason the quality score is not 1 is due to the slight reflection and shine on the palette and canvas, which might be considered a minor imperfection."}, {"ans": [true, false, 1.0], "reasoning": "The image shows a watch with a strap. The watch is centered in the image and is dark gray in color. The strap is also dark gray and is visible on both sides of the watch face. The background of the image is a speckled beige, black, and brown surface. The image is clear and well-lit, with no visible artifacts or distortions. Therefore, the answer to Question 1 is True because the image is showing a watch. The answer to Question 2 is False because the strap is visible. The quality of the image is rated as 1 because it is clear and well-lit, with no visible artifacts or distortions."}, {"ans": [true, true, 0.9], "reasoning": "The image is a close-up of a young man's face with his mouth open, showing his teeth. The mouth is the main object in the image. The tongue is not visible, so it is considered missing or not visible. The image is clear and well-lit, with no noticeable artifacts or distortions. The quality of the image is high, so the score is 0.9."}, {"ans": [true, false, 0.95], "reasoning": "The image clearly shows a motorcycle with handlebars. The handlebars are visible and appear to be intact. The image is well-lit and the motorcycle is centered, making it the main focus. The quality of the image is high, with clear details and no visible artifacts or distortions. The only reason for not giving it a perfect score is the slight gradient effect in the background which might be considered a minor artifact by some, but it doesn't significantly impact the overall clarity of the motorcycle."}, {"ans": [true, false, 1.0], "reasoning": "The image clearly shows a vintage television set on a wooden cabinet. The television has a visible screen, although it appears to be turned off or showing a static screen. The main object, the television, is present, so the answer to the first question is True. The screen is visible, so the answer to the second question is False. The image is of high quality with no visible artifacts, blurring, or unnatural colors, so the quality score is 1.0."}, {"ans": [true, false, 0.95], "reasoning": "The image clearly shows a goat with horns standing on a rocky outcrop. The main object, a goat, is present. The horns are visible, so they are not missing or not visible. The image is sharp and clear, with no visible artifacts or distortions that would significantly affect its quality. The only reason it wouldn't be a perfect 1 is due to the slight blurring of the background, but this does not detract from the main subject."}, {"ans": [true, false, 1.0], "reasoning": "The image is clearly showing a sneaker, which is the main object. The laces are visible and present on the sneaker. The image is of high quality with no visible artifacts, blurring, or other issues that would affect the quality score."}, {"ans": [true, false, 0.9], "reasoning": "The image clearly shows a frog sitting on a lily pad. The frog is green and has its eyes visible, with one eye clearly visible and the other partially obscured. The image is sharp and clear, with good lighting and no visible artifacts or distortions that would significantly impact the quality. The main object, the frog, is easily identifiable. The eyes of the frog are visible, so they are not missing or not visible. The quality of the image is high, with a score of 0.9 due to the slight presence of some dark spots and minor imperfections on the lily pad, but these do not detract from the overall clarity of the image."}, {"ans": [true, false, 1.0], "reasoning": "The image is showing a mug with a handle, so the answer to the first question is True. The handle is visible, so the answer to the second question is False. The image is clear and of high quality, with no visible artifacts or distortions, so the quality score is 1.0."}, {"ans": [true, false, 1.0], "reasoning": "The image clearly depicts a saxophone, which is the main object. The saxophone has keys visible on its body, so the keys are not missing or invisible. The image is of high quality, with clear details and no visible artifacts or distortions."}, {"ans": [true, false, 0.9], "reasoning": "The image shows a skateboard with wheels, so it meets the condition for Question 1. For Question 2, the wheels are visible, so they are not missing or not visible. The image quality is high, with clear details of the skateboard and the ground it's on, but there are some minor imperfections like small dots on the tiles, hence a quality score of 0.9."}, {"ans": [true, false, 1.0], "reasoning": "The image shows a fedora hat on a stand, and it has a visible brim. The hat is centered in the image and is well-lit, with clear details of its texture and the white band around it. The brim is clearly visible, so it is not missing or not visible. The image is of high quality, with no visible artifacts, blurring, or other issues that would detract from its clarity."}, {"ans": [true, false, 0.95], "reasoning": "The image clearly shows a motorcycle helmet with a visor. The visor is present and visible, covering the front of the helmet. The image is sharp and well-lit, with no visible artifacts or distortions that would affect the quality. The only reason for not giving it a perfect score is the presence of some minor splatters on the surface the helmet is resting on, but this does not detract from the clarity of the helmet itself."}, {"ans": [true, true, 1.0], "reasoning": "The image clearly shows a bedframe without a mattress. The bedframe is the main object in the image and is visible in its entirety. The mattress is not present on the bedframe, so it is considered missing. The image is of high quality, with clear details and no visible artifacts or distortions."}, {"ans": [true, false, 0.9], "reasoning": "The image shows a clock tower with a visible clock face. The clock tower is the main object in the image, and it is clearly visible. The clock face is also visible, so it is not missing. The image is of high quality, with clear details and no visible artifacts or distortions. However, there are some minor pixelation issues around the edges of the buildings, which slightly reduces the quality score to 0.9."}, {"ans": [true, false, 1.0], "reasoning": "The image clearly depicts a pocket watch with visible hands. The pocket watch is centered and well-defined, with a white face and black Roman numerals. The hands of the watch are black and clearly visible, indicating the time. The image is of high quality, with no visible artifacts, blurring, or other issues that would detract from the clarity of the image. The background is a smooth, beige fabric that does not distract from the pocket watch. Therefore, the answer to Question 1 is True because the image is showing a pocket watch. The answer to Question 2 is False because the hands are not missing or invisible; they are clearly visible. The quality score is 1.0 because the image is clear and well-rendered, with no significant issues."}, {"ans": [true, true, 0.8], "reasoning": "The image is showing a bicycle. The pedals are not visible as they are partially obscured by the overlaying mask, making it appear as if they are missing. The image quality is good but has some artifacts and noise due to the overlaying texture and mask, hence the quality score is 0.8."}, {"ans": [true, true, 0.9], "reasoning": "The image shows a portrait of a woman with her back turned to the viewer, looking to the left. The portrait is the main object in the image, and it is clearly visible. The woman's eyes are not visible because her face is turned away from the viewer. The image is of high quality, with clear details and no visible artifacts or distortions. The quality score is 0.9 because the image is slightly blurry, but it does not affect the overall understanding of the portrait."}, {"ans": [true, true, 0.9], "reasoning": "The image shows a grand piano on a stage with spotlights shining down. The piano is in shadow, making its details hard to discern. The lid of the piano is open, but the interior is not visible due to the darkness. Therefore, it is not possible to see the hammers inside the piano. The image is of high quality in terms of composition and lighting, but the darkness and shadows reduce the visibility of details. The quality score is 0.9 because the image is clear and well-composed, but the darkness affects the visibility of some details."}, {"ans": [true, true, 0.9], "reasoning": "The image depicts a sailing ship with three masts, which is a characteristic feature of sailing vessels. The presence of the ship itself is clear, so the answer to the first question is True. The sails are not visible, as there are no sails deployed on the masts, making the answer to the second question True as well. The image quality is generally high, with clear details of the ship and its surroundings. However, the quality score is slightly reduced to 0.9 due to a minor loss of detail in the hazy sky and water, but this does not significantly impact the visibility of the main object."}, {"ans": [true, true, 0.7], "reasoning": "The image shows a large tree with a thick trunk and many branches, which is consistent with the appearance of an oak tree, especially one without leaves. The tree is centered in the image and is the main focus. The branches are bare, indicating that the tree is either in a dormant state or is depicted without leaves. The image quality is somewhat compromised due to its stylized, dotted rendering, which gives it a somewhat artificial or illustrative appearance. However, the main object (the tree) is clear and recognizable."}, {"ans": [true, false, 0.8], "reasoning": "The image depicts a small stone cottage with a gable roof and a chimney, surrounded by trees and foliage. The cottage is the main object in the image, and it is visible despite some foliage covering parts of it. The door is present and visible, although it appears to be open. The image quality is good, with clear details of the cottage and its surroundings. However, there is some pixelation noticeable upon close inspection, which slightly reduces the quality score."}, {"ans": [true, false, 1.0], "reasoning": "The image clearly shows a white passenger jet on a gray surface, with its wings visible and intact. The presence of the wings directly answers both questions: the main object is a passenger jet, and its wings are not missing or invisible. The image is of high quality with no visible artifacts, blurring, or other issues that would detract from its clarity."}, {"ans": [true, true, 0.95], "reasoning": "The image clearly shows a wristwatch with a white face and black strap on a brown plate. The watch face has hour markers but no numbers. Therefore, for Question 1, the image is showing a wristwatch, so the answer is True. For Question 2, the numbers are indeed missing from the wristwatch face, so the answer is True. The image quality is high, with clear details of the watch and the plate. However, the quality score is not 1 because there is a slight shadow on the plate, which might be considered a minor artifact."}, {"ans": [true, true, 0.95], "reasoning": "The image is showing a pizza with a red sauce and basil leaves on top. The crust is visible and appears to be cooked. There is no visible cheese on the pizza. The image is clear and well-lit, with no visible artifacts or distortions. The quality of the image is high, with a score of 0.95 out of 1. The main object, the pizza, is clearly visible, so the answer to the first question is true. The cheese is not visible on the pizza, so the answer to the second question is true."}, {"ans": [true, false, 0.6], "reasoning": "The image is showing a city street with traffic signals. There are two traffic signals visible, one on the right side of the image and another on the left. The traffic signal on the right is displaying red and yellow lights, while the one on the left appears to be dark or not lit. The presence of traffic signals answers the first question affirmatively. For the second question, the lights are visible on the traffic signal on the right, so they are not missing or not visible. However, the image quality is somewhat compromised due to a hazy or foggy effect and some artifacts, which is why the quality score is not 1."}, {"ans": [true, false, 0.95], "reasoning": "The image clearly shows a skateboard with wheels. The skateboard is positioned vertically in the center of the image, with its deck facing upwards and its wheels visible on both the top and bottom. The wheels are beige in color and appear to be intact. The image is well-lit, with a clear shadow cast by the skateboard on the ground below. The overall quality of the image is high, with no visible artifacts or distortions. However, the background appears to be a bit grainy, which is why the quality score is not 1."}, {"ans": [true, false, 0.8], "reasoning": "The image depicts a chessboard with black chess pieces on it, indicating that the main object (chessboard) is present. The black pieces are visible on the chessboard, so they are not missing or invisible. The image quality is generally good, but it appears to be slightly blurry and has some unnatural lighting, which reduces its quality score to 0.8."}, {"ans": [true, false, 0.95], "reasoning": "The image shows a red convertible sports car in a modern room with white walls and a white ceiling. The car is facing left, and its top is down. The car's sleek design and vibrant color are clearly visible. The brakes are visible through the spokes of the wheels, indicating that they are not missing. The image is well-lit and has a high level of clarity, with no visible artifacts or distortions. The quality of the image is high, scoring 0.95 out of 1. The main object, the sports car, is present, so the answer to the first question is true. The brakes are visible, so the answer to the second question is false."}, {"ans": [true, false, 1.0], "reasoning": "The image clearly shows a book lying open on a wooden surface. The pages of the book are visible and contain text, which is legible. There are no visible artifacts, blurring, or other issues that would detract from the image quality. Therefore, the main object (a book) is present, and the text is visible, so the answer to the first question is True, and the answer to the second question is False. The quality of the image is high, so the quality score is 1.0."}, {"ans": [true, false, 1.0], "reasoning": "The image clearly shows a computer tower with a visible fan inside, indicating that the main object is present. The fans are visible through the transparent side panel, so they are not missing or invisible. The image is of high quality, with clear details and no visible artifacts or distortions."}, {"ans": [true, false, 0.9], "reasoning": "The image is showing a scarecrow with arms, so the answer to the first question is True. The arms are visible, so the answer to the second question is False. The image is clear and well-defined, with no visible artifacts or distortions, so the quality score is 0.9. The only reason it's not a perfect 1 is because of the slightly unnatural color tone."}, {"ans": [true, true, 0.9], "reasoning": "The image depicts a man in armor, which is consistent with the representation of a knight. The main object, the knight, is present in the image. However, upon closer inspection, it is evident that the knight's sword is not visible. The belt is present, but there is no sword attached to it. The image quality is generally good, with clear details of the armor and the surrounding environment. However, there is a slight graininess to the image, which reduces its quality score to 0.9."}, {"ans": [true, false, 1.0], "reasoning": "The image clearly shows a teapot with a handle, spout, and lid, sitting on a wooden tray. The teapot is the main object in the image and is fully visible. The handle is present and visible on the right side of the teapot. The image is of high quality, with clear details and no visible artifacts or distortions."}, {"ans": [true, false, 1.0], "reasoning": "The image clearly shows a basketball hoop with a net, so the answer to the first question is True. The net is visible and attached to the hoop, so the answer to the second question is False. The image is clear and well-lit, with no visible artifacts or distortions, so the quality score is 1.0."}, {"ans": [true, true, 1.0], "reasoning": "The image shows a dining table setting with plates, forks, and napkins. The main object, a dining table, is present. The glasses are not visible in the image, so they are considered missing. The image is clear and well-lit, with no visible artifacts or distortions, hence the quality score is 1.0."}, {"ans": [true, true, 0.8], "reasoning": "The image clearly shows a typewriter on a desk, which directly answers the first question. The typewriter is visible and identifiable, so the answer to the first question is True. Upon closer inspection, it's evident that the ribbon is not visible between the keys and the roller, indicating it is either missing or not visible. Therefore, the answer to the second question is True. The image quality is generally good, with clear details of the typewriter and its surroundings. However, there are some minor artifacts and possible slight blurring, hence a quality score of 0.8."}, {"ans": [true, false, 1.0], "reasoning": "The image clearly shows a winter jacket, which is the main object. The jacket has a zipper that is visible and appears to be fully zipped up. The image is of high quality, with no visible artifacts, blurring, or other issues that would detract from its clarity. The zipper is present and visible, so it is not missing or invisible."}, {"ans": [true, false, 1.0], "reasoning": "The image clearly depicts a sunflower, with its characteristic large yellow petals and dark center. The seeds are visible in the center of the sunflower, indicating that they are not missing. The image is of high quality, with clear details and no visible artifacts or distortions."}, {"ans": [true, false, 0.9], "reasoning": "The image clearly depicts an elephant, fulfilling the first question's condition. The trunk is visible and not missing, so the answer to the second question is False. The image is of high quality with detailed rendering of the elephant and its surroundings, though it might be slightly diminished by the uniform gray sky in the background, hence a quality score of 0.9."}, {"ans": [true, true, 1.0], "reasoning": "The image depicts a rowboat floating on calm water. The boat is empty and tied to a post with a rope. There are no oars visible in the image. The image is clear and well-rendered, with no visible artifacts or distortions. The quality of the image is high."}, {"ans": [true, false, 0.9], "reasoning": "The image clearly shows a snowman with a red scarf and hat, standing in a snowy yard. The snowman has a face with a mouth made of small dots, resembling buttons, so the buttons are not missing. The image is sharp and well-defined, with no noticeable artifacts or blurring that would detract from its quality. The main object, the snowman, is clearly visible and well-rendered."}, {"ans": [true, false, 0.9], "reasoning": "The image shows a fountain pen on top of a notebook. The pen is black with gold accents and has a clear section that allows the ink level to be visible. The nib of the pen is pointed towards the bottom left corner of the image. The notebook is white and has a spiral binding at the top. The background is a dark gray surface. The image is clear and well-lit, with no visible artifacts or distortions. The pen is the main object in the image, and it is clearly visible. The ink level is visible through the clear section of the pen, indicating that there is ink present. Therefore, the answer to Question 1 is True, as the image is showing a fountain pen. The answer to Question 2 is False, as the ink is visible through the clear section of the pen. The quality of the image is rated as 0.9, as it is clear and well-lit, with no visible artifacts or distortions."}, {"ans": [true, false, 0.95], "reasoning": "The image shows a paintbrush with visible bristles next to a palette with various colors of paint. The paintbrush is the main object in the image, and it is clear that it has bristles. Therefore, the answer to Question 1 is True. For Question 2, since the bristles are visible, the answer is False. The image quality is high, with clear details and no noticeable artifacts or distortions, so the quality score is 0.95."}, {"ans": [true, false, 0.9], "reasoning": "The image clearly shows a pair of eyeglasses with round lenses and a thin metal frame. The temples are present, although one is partially folded. The image is well-lit and the glasses are in sharp focus. The quality of the image is high, with no visible artifacts or distortions. The main object, the eyeglasses, is clearly visible."}, {"ans": [true, true, 0.9], "reasoning": "The image clearly shows a person holding an umbrella while walking down a rainy street. The umbrella is the main object in the scene, and it is visible and identifiable. The ribs of the umbrella are not visible, likely due to the dark color and the rain making the details less discernible. The image is of high quality, with clear details of the scene despite the rainy conditions. The slight blur in the background is expected due to the focus on the person with the umbrella. The quality score is 0.9 because the image is clear and well-defined, with no significant artifacts or distortions."}, {"ans": [true, false, 0.95], "reasoning": "The image is showing a wristwatch with a visible face and hour markers, so the answer to Question 1 is True. The hour markers are visible on the watch face, so the answer to Question 2 is False. The image is of high quality, with clear details and no visible artifacts or distortions, so the quality score is 0.95. The slight shadow and reflection on the watch do not detract from its overall clarity."}, {"ans": [true, false, 1.0], "reasoning": "The image clearly shows a camping tent with its structure visible, indicating the presence of poles supporting it. The poles are visible and appear to be part of the tent's structure, so they are not missing or invisible. The image is of high quality with no visible artifacts, blurring, or other issues that would detract from its clarity."}, {"ans": [true, false, 1.0], "reasoning": "The image clearly shows a cuckoo clock with intricate carvings and three visible weights hanging below it. The presence of the weights is evident, so they are not missing or invisible. The image is of high quality, with clear details and no visible artifacts or distortions."}, {"ans": [true, true, 0.95], "reasoning": "The image is showing a smartphone with its back facing the camera. The phone's back is visible, and it appears to be a modern smartphone with dual cameras on the top left corner. The speaker grille is not visible from this angle as the phone is shown from the back. Therefore, for Question 1, the answer is True because the image is showing a smartphone. For Question 2, the answer is True because the speaker grille is not visible from the back of the smartphone. The quality of the image is rated 0.95 because it is clear and well-lit, with no visible artifacts or distortions that would detract from the visibility of the phone."}, {"ans": [true, true, 1.0], "reasoning": "The image clearly shows a motorcycle parked on a dirt road. The motorcycle is facing to the right and is positioned in the center of the image. The handlebars and front wheel are visible, but the speedometer is not visible as it is not present on the handlebars. The image is sharp and clear, with no visible artifacts or distortions. The quality of the image is high, with a score of 1.0."}, {"ans": [true, true, 1.0], "reasoning": "The image shows a violin bow. The bow is lying diagonally across the image, with the tip pointing towards the top left corner and the frog pointing towards the bottom right corner. The bow has a light-colored wooden stick and two metal bands, one near the tip and one near the frog. The background is a dark red satin fabric that is wrinkled and folded. The image is clear and well-lit, with no visible artifacts or distortions. The quality of the image is high, with a score of 1. The hair on the bow is not visible, so the answer to the second question is true."}, {"ans": [true, true, 0.95], "reasoning": "The image depicts a birdcage hanging from the ceiling, which is the main object. The cage is made of gold-colored metal and has a dome-shaped top with vertical bars. There is no visible perch inside the cage. The image is well-lit, with shadows cast on the wall behind the cage, indicating a light source coming from the left side. The overall quality of the image is high, with clear details and no visible artifacts or distortions. The quality score is 0.95 because the image is very clear and well-rendered, with no noticeable issues."}, {"ans": [true, false, 1.0], "reasoning": "The image depicts a statue of a woman, which is clearly visible and well-defined. The statue is shown with its head intact, indicating that the head is not missing. The image quality is high, with no visible artifacts, blurring, or other issues that would detract from the overall clarity of the statue. Therefore, the answer to Question 1 is True, as the image is showing a statue. The answer to Question 2 is False, as the head is not missing from the statue. The quality of the image is rated as 1.0, indicating that it is of very high quality."}, {"ans": [true, false, 1.0], "reasoning": "The image clearly shows a teddy bear sitting on a bed, with a visible nose. The teddy bear is the main object in the image, and it is depicted in a clear and detailed manner. The nose is present and visible, so it is not missing. The image is of high quality, with no visible artifacts, blurring, or other issues that would detract from the overall clarity of the image."}, {"ans": [true, false, 1.0], "reasoning": "The image clearly shows a pair of sneakers with white laces. The sneakers are the main object in the image, and they are clearly visible. The laces are also visible, so they are not missing or invisible. The image is of high quality, with no visible artifacts, blurring, or other issues that would affect the quality score."}, {"ans": [true, false, 0.95], "reasoning": "The image shows an open refrigerator with visible shelves inside. The door shelves are visible on the door. The image is clear and well-lit, with no visible artifacts or distortions that would significantly impact the quality. The main object, the refrigerator, is clearly visible. The door shelves are also visible, meaning they are not missing or invisible."}, {"ans": [true, false, 0.7], "reasoning": "The image depicts a group of people sitting around a glowing fire pit, which can be interpreted as a campfire. The fire is visible and appears to be burning, as indicated by the light and shadows cast on the surrounding environment. The presence of the fire and the people around it suggests a campfire setting. The flames are visible, so they are not missing or invisible. The image quality is somewhat grainy and has a textured appearance, but it is still clear enough to discern the main elements."}, {"ans": [true, false, 0.9], "reasoning": "The image shows a drinking fountain, which is the main object. The drinking fountain appears to have water in it, as indicated by the ripples on the surface. Therefore, the water is not missing or invisible. The image quality is high, with clear details and no visible artifacts or distortions. The only reason for not giving it a perfect score is the slight pixelation visible upon close inspection, which slightly reduces the overall quality."}, {"ans": [true, false, 1.0], "reasoning": "The image clearly shows a revolver with a visible trigger guard. The revolver is centered on a green background, and its details are well-defined. The trigger guard is present and visible, indicating that it is not missing. The image quality is high, with no visible artifacts, blurring, or other issues that would affect the assessment."}, {"ans": [true, false, 0.9], "reasoning": "The image is showing a compass rose with a north arrow. The compass rose is clearly visible and has a distinct north arrow pointing upwards. The image is of high quality, with clear details and no visible artifacts or distortions. The quality score is 0.9 because the image has some minor imperfections, such as a slight texture and a few small spots, but they do not affect the overall clarity of the image."}, {"ans": [true, false, 0.9], "reasoning": "The image clearly shows several skyscrapers, indicating that the main object is present. Upon closer inspection, the windows on the skyscrapers are visible, although some are lit up while others are not. The image is of high quality with no visible artifacts, blurring, or unnatural colors that would significantly impact the visibility of the main object or its details."}, {"ans": [true, true, 0.95], "reasoning": "The image depicts a conductor standing on a podium, wearing a tuxedo and raising his right hand. The presence of an orchestra in the background further supports the identification of the main figure as a conductor. The conductor's right hand is empty, and there is no visible baton in either hand. The image is clear and well-lit, with no noticeable artifacts or distortions that would detract from its quality. Therefore, the answer to Question 1 is True because the image shows a conductor. The answer to Question 2 is True because the baton is not visible. The quality of the image is rated 0.95 out of 1, as it is clear and well-composed, with only minor potential for improvement in terms of lighting or focus."}, {"ans": [true, true, 0.7], "reasoning": "The image is showing a soccer goal, which is the main object, so the answer to the first question is True. The crossbar of the soccer goal is not visible, as it is obscured by the net or possibly missing, so the answer to the second question is True. The image quality is rated 0.7 because it appears to have some noise or grain, likely due to compression or rendering artifacts, but the main object is still clearly visible."}, {"ans": [true, false, 1.0], "reasoning": "The image clearly shows a microscope with its various parts visible, including the eyepiece and objective lenses. The microscope is centered on a table against a plain background, and the image is sharp and well-lit, indicating high quality. The presence of lenses is evident, so they are not missing or invisible."}, {"ans": [true, false, 1.0], "reasoning": "The image clearly shows a guitar with strings. The presence of the guitar is evident, and the strings are visible and intact. The image is of high quality, with clear details and no visible artifacts or distortions."}, {"ans": [true, false, 0.9], "reasoning": "The image clearly shows a bicycle with two visible wheels. The main object in the image is a bicycle, so the answer to the first question is True. The wheels are present and visible, so the answer to the second question is False. The image is of high quality with a clear view of the bicycle and its surroundings, although it has a slightly sepia tone which might be intended for aesthetic purposes. There are no visible artifacts, blurring, or other issues that would significantly decrease the quality score."}, {"ans": [true, false, 1.0], "reasoning": "The image clearly shows an owl perched on a wooden post. The owl is facing the camera and has its eyes open and visible. The image is sharp and clear, with no visible artifacts or distortions. Therefore, the answer to Question 1 is True because the image is showing an owl. The answer to Question 2 is False because the eyes are not absent; they are clearly visible. The quality of the image is rated as 1.0 because it is clear and well-defined, with no noticeable issues."}, {"ans": [true, false, 1.0], "reasoning": "The image clearly shows a silver car parked in front of a building at night. The car is visible in its entirety, with its doors intact and clearly visible. The image is sharp and well-lit, with no visible artifacts or distortions that would detract from its quality. Therefore, the answer to the first question is True because the image is showing a car. The answer to the second question is False because the doors are present and visible. The quality of the image is rated as 1.0 because it is clear and well-rendered, with no noticeable issues."}, {"ans": [true, false, 0.7], "reasoning": "The image depicts a castle on a rocky outcrop with visible windows, indicating that the main object is indeed a castle. The presence of windows on the castle directly answers both questions. For Question 1, the image shows a castle, so the answer is True. For Question 2, since windows are visible, they are not absent, so the answer is False. The image quality is rated 0.7 due to the presence of a textured, canvas-like effect and some blurring in the background, but the main subject is clear and well-defined."}, {"ans": [true, false, 1.0], "reasoning": "The image shows a pocket watch with a white face and black Roman numerals, indicating the time. The watch is placed on a beige fabric surface. The main object, a pocket watch, is clearly visible, so the answer to the first question is True. The numbers on the watch face are also clearly visible, so the answer to the second question is False. The image is clear and well-lit, with no visible artifacts or distortions, so the quality score is 1.0."}, {"ans": [true, false, 0.9], "reasoning": "The image clearly shows a Ferris wheel with cabins attached to it. The main object, the Ferris wheel, is present and visible. The cabins are also visible, attached to the wheel. The image is clear and well-defined, with no significant artifacts or distortions that would affect the visibility of the main object or its components. The quality of the image is high, with a score of 0.9, as it is slightly grainy but still clear."}, {"ans": [true, true, 0.95], "reasoning": "The image shows a cat sleeping on a windowsill. The cat is clearly visible and appears to be an orange tabby. The main object, the cat, is present. The tail is not visible in the image, so it is considered absent. The image is of high quality, with clear details and no noticeable artifacts or distortions."}, {"ans": [true, false, 0.9], "reasoning": "The image clearly depicts an elephant, which is the main object. The trunk is visible and not missing. The image is of high quality with clear details, although the background is slightly hazy, it doesn't significantly impact the overall quality. The main object is well-defined."}, {"ans": [true, false, 0.7], "reasoning": "The image shows a large tree with a thick trunk and visible roots in a grassy field. The branches of the tree are partially visible at the top of the image. The presence of the tree is clear, so the answer to the first question is True. The branches are visible, so the answer to the second question is False. The image quality is somewhat diminished by the foggy atmosphere and the pixelated texture, but the main object (the tree) is still clearly discernible, so the quality score is 0.7."}, {"ans": [true, false, 1.0], "reasoning": "The image shows a wooden chair with a backrest and four legs. The chair is centered in the image, and the legs are clearly visible. The image is clear and well-lit, with no visible artifacts or distortions. Therefore, the answer to Question 1 is True, as the image is showing a chair. The answer to Question 2 is False, as the legs are visible. The quality of the image is rated as 1.0, as it is clear and well-rendered."}, {"ans": [true, true, 0.9], "reasoning": "The image depicts a ship with four masts, which is the main object. The ship appears to be a sailing vessel, but the sails are not visible, indicating they are either missing or not visible. The image is clear and well-defined, showing the details of the ship and its rigging, hence the high quality score. The presence of a single sail-like object on the right side is not sufficient to consider the sails as visible since it's not clear if it's a sail or another part of the ship's rigging, and it's not accompanied by other sails on the other masts."}, {"ans": [true, false, 0.8], "reasoning": "The image shows a painter's palette with paint on it. The palette is the main object and is visible, so the answer to the first question is True. The paint is present on the palette, so the answer to the second question is False. The image is clear and well-defined, but it appears to be a bit grainy, which reduces its quality score to 0.8."}, {"ans": [true, false, 1.0], "reasoning": "The image clearly shows a typewriter on a wooden table. The typewriter is centered and facing forward, with its keys visible. The image is sharp and well-lit, with no visible artifacts or distortions. Therefore, the answer to Question 1 is True because the image is showing a typewriter. The answer to Question 2 is False because the keys are visible. The quality of the image is rated 1.0 because it is clear and well-rendered, with no issues that would detract from its quality."}, {"ans": [true, false, 0.95], "reasoning": "The image shows a white mug with steam rising from it, indicating that it contains hot liquid. The mug is clearly visible and appears to be in good condition. The handle of the mug is visible on the left side, so it is not missing. The image is well-focused on the mug, and the background is blurred but not distracting. The overall quality of the image is high, with clear details and no noticeable artifacts or distortions. The quality score is 0.95 out of 1, indicating a very high-quality image."}, {"ans": [true, true, 1.0], "reasoning": "The image shows a katana displayed on a stand. The katana is present, but the blade is not visible as it is sheathed or possibly not present. The image is clear and of high quality, with no visible artifacts or distortions."}, {"ans": [true, false, 1.0], "reasoning": "The image shows a smartphone with a visible screen. The screen is black, indicating it might be turned off or in a state of displaying a black background. The phone is placed on a marble surface, and there's a piece of fabric or cloth in the top-right corner. The image is clear and well-lit, with no visible artifacts or distortions that would affect the quality. Therefore, the main object (smartphone) is present, and the screen is visible, albeit black."}, {"ans": [true, false, 1.0], "reasoning": "The image clearly shows an airplane with its wings visible, so the answer to the first question is True. Since the wings are visible, the answer to the second question is False. The image is of high quality, with no visible artifacts, blurring, or other issues, so the quality score is 1."}, {"ans": [true, false, 0.95], "reasoning": "The image clearly shows a cowboy hat hanging on a hook against a plain white wall. The hat has a visible brim, which is a key characteristic of a cowboy hat. The image is well-lit, and the details of the hat are clearly visible, indicating a high-quality image. The brim is not missing or invisible; it is clearly visible and appears to be intact. The quality of the image is high, with no visible artifacts, blurring, or other issues that would detract from the overall clarity. The only reason the quality score is not 1 is due to a slight shadow on the wall, which is a natural result of the lighting and does not significantly impact the visibility of the hat."}, {"ans": [true, false, 1.0], "reasoning": "The image clearly shows a green frog sitting on a lily pad. The frog is visible and appears to be intact, with its legs clearly visible. The image is sharp and well-defined, with no visible artifacts or distortions. Therefore, the answer to Question 1 is True because the image is showing a frog. The answer to Question 2 is False because the legs are visible. The quality of the image is rated as 1.0 because it is clear and well-defined, with no visible issues."}, {"ans": [true, false, 1.0], "reasoning": "The image clearly shows a teapot with a spout, handle, and lid, placed on a wooden tray. The teapot is white with blue floral designs. The spout is visible and not missing. The image is clear and well-lit, with no visible artifacts or distortions that would affect the quality. Therefore, the answer to Question 1 is True because the image is showing a teapot. The answer to Question 2 is False because the spout is visible and not missing. The quality of the image is rated 1.0 because it is clear and well-defined, with no noticeable issues."}, {"ans": [true, false, 0.9], "reasoning": "The image shows a snowman with a head, wearing a scarf and a hat. The snowman is clearly visible and well-defined, indicating that the main object is present. The head is visible, so it is not missing. The image quality is high, with clear details and no visible artifacts or distortions, so the quality score is 0.9."}, {"ans": [true, false, 1.0], "reasoning": "The image clearly shows a laptop on a table. The laptop is open and its screen is visible, along with its keyboard. The presence of the laptop directly answers the first question. Since the keyboard is visible, it is not missing or not visible, answering the second question. The image is clear and well-lit, with no visible artifacts or distortions, hence the quality is rated as 1."}, {"ans": [true, true, 0.9], "reasoning": "The image shows a pair of glasses on top of a book. The glasses are clearly visible and appear to be without lenses. The image is well-lit and the objects are in sharp focus, indicating good image quality. The presence of the glasses satisfies the first question. For the second question, the lenses are indeed absent from the glasses, so the answer is true. The image quality is high, with no visible artifacts or distortions, so the quality score is 0.9."}, {"ans": [true, false, 0.9], "reasoning": "The image clearly depicts a set of railroad tracks extending into the distance, surrounded by fields of golden wheat. The rails are visible and appear to be intact, indicating that they are not missing. The image is of high quality, with clear details and no visible artifacts or distortions that would detract from the overall clarity. The slight deduction in quality score is due to the image being slightly rendered, which is not a significant issue."}, {"ans": [true, false, 0.6], "reasoning": "The image shows a streetlamp with a bulb that is lit, indicating it is present and visible. The main object, the streetlamp, is clearly visible, so the answer to the first question is True. Since the bulb is visible and lit, the answer to the second question is False. The image quality is rated 0.6 due to visible noise and artifacts, likely from compression or rendering issues, but the main subject is still discernible."}, {"ans": [true, false, 0.8], "reasoning": "The image shows a swing hanging from a tree branch, with a visible seat. The presence of the seat indicates that the swing is not missing its seat. The image is clear and well-defined, showing the details of the swing and the surrounding environment. The quality of the image is high, with a score of 0.8, indicating a good level of clarity and detail. The only reason for not giving it a perfect score is the slight graininess visible upon close inspection."}, {"ans": [true, true, 0.95], "reasoning": "The image shows a grand piano with its lid open. The interior of the piano is visible, but the strings are not visible, suggesting they are either absent or not visible due to the angle or lighting. The image is clear and well-lit, with no visible artifacts or distortions that would affect the quality. Therefore, the answer to Question 1 is True because the image is showing a piano. The answer to Question 2 is True because the strings are not visible, implying they are either absent or not visible. The quality of the image is rated 0.95 out of 1 because it is clear and well-lit, with no significant issues affecting the visibility of the main object."}, {"ans": [true, false, 1.0], "reasoning": "The image is showing an umbrella, and the fabric is visible, so the answer to the first question is True. The fabric is not missing or not visible, so the answer to the second question is False. The image is clear and of high quality, with no visible artifacts, blurring, or other issues, so the quality score is 1.0."}, {"ans": [true, false, 1.0], "reasoning": "The image clearly shows a white sneaker on a wooden surface. The sneaker is a high-top model with laces and a visible sole. The sole is present and visible, so it is not missing or not visible. The image is sharp and well-lit, with no visible artifacts or distortions, indicating a high-quality image."}, {"ans": [true, false, 0.9], "reasoning": "The image is showing a fire hydrant with two visible outlets on the sides, so the answer to Question 1 is True. The outlets are clearly visible, so the answer to Question 2 is False. The image is of high quality, with clear details and no visible artifacts or distortions, so the quality score is 0.9."}, {"ans": [true, false, 1.0], "reasoning": "The image clearly shows a banana with a stem on a wooden cutting board. The banana is the main object in the image, and it is visible and identifiable. The stem is also visible at the top of the banana. The image is clear and well-lit, with no visible artifacts or distortions. Therefore, the answer to Question 1 is True because the image is showing a banana. The answer to Question 2 is False because the stem is visible. The quality of the image is rated as 1.0 because it is clear and well-defined, with no noticeable issues."}, {"ans": [true, false, 1.0], "reasoning": "The image clearly shows a wall clock with hands, indicating that it is a wall clock and the hands are visible. The image is sharp and clear, with no visible artifacts or distortions, hence the quality is rated as 1."}, {"ans": [true, false, 0.7], "reasoning": "The image is showing a peacock with its tail feathers visible and spread out. The tail feathers are not missing or not visible, so the answer to the second question is False. The image is of high quality in terms of the main object being clear, but it has a somewhat grainy texture and an unnatural color tone, which reduces its overall quality score to 0.7."}, {"ans": [true, false, 0.9], "reasoning": "The image clearly shows a shopping cart with four visible wheels. The main object, the shopping cart, is present and identifiable. The wheels are visible, so they are not missing or not visible. The image quality is high, with clear details and no significant artifacts or distortions, though there is a slight graininess."}, {"ans": [true, true, 0.9], "reasoning": "The image shows a compass with a star-shaped dial and a ring around it, but there is no visible needle. The compass is centered on a map background. The image is clear and well-defined, with no visible artifacts or distortions that would affect the quality. Therefore, the answer to Question 1 is True because the image is showing a compass. The answer to Question 2 is True because the needle is not visible. The quality of the image is rated 0.9 because it is clear and well-defined, with only minor halftone pattern visible due to the original image being possibly being a scan or low quality image."}, {"ans": [true, true, 1.0], "reasoning": "The image clearly shows a violin, which is the main object in question. The violin is depicted without a bridge, as the bridge is not visible in the image. The image is of high quality, with clear details and no visible artifacts or distortions. Therefore, the answer to the first question is True because the image is showing a violin. The answer to the second question is True because the bridge is not visible. The quality score is 1.0 because the image is clear and well-rendered."}, {"ans": [true, false, 0.95], "reasoning": "The image clearly shows a motorcycle on display. The motorcycle is black and has a visible engine, handlebars, and other typical motorcycle features. The engine is not missing or obscured, it is clearly visible. The image is of high quality, with clear details and no visible artifacts or distortions. The only reason it wouldn't be a perfect score is due to the slight reflection on the display platform."}, {"ans": [true, false, 1.0], "reasoning": "The image clearly shows a wristwatch with a white face and brown strap. The watch face has two hands, so the hands are visible. The image is sharp and clear, with no visible artifacts or distortions. Therefore, the quality of the image is high."}, {"ans": [true, true, 0.9], "reasoning": "The image is showing a bus. The windows are not visible as they appear to be tinted black, making it impossible to see inside. The image quality is generally good, with clear details of the bus and its surroundings. However, the image appears to be a rendering or a computer-generated image, which might slightly affect its quality score due to potential lack of realism or minor artifacts. Nonetheless, it does not significantly impact the visibility of the main object or the assessment of the questions."}, {"ans": [true, false, 0.9], "reasoning": "The image is showing a flamingo with its wings visible, although they are not fully spread out. The wings are partially visible, with the left wing being more visible than the right. The image is clear and well-defined, with no visible artifacts or distortions. The quality of the image is high, with a score of 0.9 out of 1. The main object, the flamingo, is clearly visible, and the wings are not missing or invisible."}, {"ans": [true, false, 1.0], "reasoning": "The image shows two books on a shelf, with one standing upright and the other lying flat. The standing book has its cover visible, while the lying book has its pages visible. The presence of the books confirms that the image is showing books. The pages of the lying book are visible, indicating that they are not missing. The image is clear and well-defined, with no visible artifacts or distortions, hence the quality is rated as 1."}, {"ans": [true, true, 0.95], "reasoning": "The image depicts a suit of armor, which is a representation of a knight. The armor is fully visible and appears to be a statue or mannequin. The sword is not visible in the image, so it is considered missing. The image is of high quality, with clear details and no visible artifacts or distortions."}, {"ans": [true, false, 1.0], "reasoning": "The image clearly shows a ring with a gemstone. The ring is placed in a red jewelry box, and the gemstone is visible and appears to be a diamond. The image is well-lit and in focus, with no visible artifacts or distortions. Therefore, the quality of the image is high (1). For Question 1, the image is showing a ring with a gemstone, so the answer is True. For Question 2, the gemstone is visible, so the answer is False."}, {"ans": [true, false, 1.0], "reasoning": "The image clearly depicts a windmill standing tall in a field of sunflowers against a clear blue sky. The windmill is fully visible with its three blades intact and clearly visible, indicating that the blades are neither missing nor invisible. The image is sharp, with no visible artifacts, blurring, or other quality issues, hence the quality score is 1.0."}, {"ans": [true, false, 0.9], "reasoning": "The image clearly shows a skateboard with wheels. The skateboard is centered in the image, and its wheels are visible on both ends. The image is well-lit, with a clear shadow under the skateboard, indicating that it is a real object. The quality of the image is high, with no visible artifacts or blurring. However, there is a slight grain or texture visible on the surface, which reduces the quality score to 0.9."}, {"ans": [true, false, 1.0], "reasoning": "The image clearly depicts a tortoise with a visible shell. The tortoise is centered in the image, and its shell is fully visible, indicating that the shell is not missing. The image is of high quality, with clear details and no visible artifacts or distortions."}, {"ans": [true, false, 0.95], "reasoning": "The image clearly shows a camera mounted on a tripod, with a lens attached to it. The camera is positioned in front of a cityscape at dusk or dawn, with various buildings and lights visible in the background. The camera and lens are in sharp focus, while the background is blurred, indicating a good depth of field. The overall quality of the image is high, with no noticeable artifacts, blurring, or other issues that would detract from its clarity. The lighting is natural and well-balanced, capturing the soft hues of the sky and the warm glow of the city lights. Therefore, the answer to Question 1 is True because the image is showing a camera. The answer to Question 2 is False because the lens is visible and attached to the camera. The quality score is 0.95, indicating a very high-quality image with only minor potential issues, such as slight blurring in the background, but these do not significantly impact the overall perception of the image."}, {"ans": [true, false, 0.7], "reasoning": "The image depicts a large, enclosed structure with a transparent roof and walls, which is characteristic of a greenhouse. The presence of plants on both sides of the path further supports this identification. The glass panels are visible on the left side of the image, indicating that they are not entirely missing. However, the overall quality of the image is somewhat diminished due to its sepia tone and the foggy atmosphere, which may be due to the image processing rather than the actual scene. The image does not appear to be blurry or contain significant artifacts, but the monochromatic color and fog reduce its clarity."}, {"ans": [true, true, 0.95], "reasoning": "The image shows a red firefighter's helmet on a shelf. The helmet is clearly visible and appears to be a typical firefighter's helmet. The visor is not visible, suggesting it is either missing or not visible. The image is of high quality, with clear details and no noticeable artifacts or distortions. The only minor deduction in quality score is due to a small mark on the shelf, but it does not affect the visibility of the helmet."}, {"ans": [true, false, 0.7], "reasoning": "The image depicts a bicycle leaning against a brick wall. The bicycle is clearly visible and has two wheels, a frame, handlebars, and a seat. The wheels are present and visible, so the answer to the second question is False. The image is somewhat grainy and has a textured appearance, which reduces its quality. However, the main object (the bicycle) is still clearly discernible, so the quality score is not extremely low."}, {"ans": [true, false, 1.0], "reasoning": "The image clearly shows a wristwatch with a white face and gold casing on a brown leather strap, resting on a cream-colored cushion. The watch face has Roman numerals and two hands, indicating the time. The hands are visible, so they are not missing or invisible. The image is sharp and well-lit, with no visible artifacts or distortions, indicating high quality."}, {"ans": [true, false, 0.9], "reasoning": "The image clearly shows a teapot with a spout, handle, and lid, placed on a table with a white tablecloth. The teapot is white with blue floral designs. The spout is visible on the left side of the teapot. The image is clear and well-lit, with no visible artifacts or distortions that would affect the quality. The quality score is 0.9 because the image is very clear, but there might be a slight loss of detail due to the tablecloth's texture and the lighting."}, {"ans": [true, false, 1.0], "reasoning": "The image clearly shows a pair of eyeglasses with lenses on an open book. The main object, eyeglasses, is present. The lenses are visible and not absent. The image is sharp and clear, with no visible artifacts or distortions that would affect the quality."}, {"ans": [true, false, 0.9], "reasoning": "The image depicts a sailboat with a mast, indicating the presence of a sailboat. The mast is visible, so it is not missing or invisible. The image quality is high, with clear details of the boat and its surroundings, but it has a slightly grainy texture, hence a quality score of 0.9."}, {"ans": [true, false, 0.9], "reasoning": "The image depicts a globe with a stand on a wooden table. The globe is the main object and is clearly visible, so the answer to Question 1 is True. The stand is also visible, supporting the globe, so the answer to Question 2 is False because the stand is not absent. The image is of high quality, with clear details of the globe and its stand, and there are no visible artifacts or distortions that would significantly impact the quality. Therefore, the quality score is 0.9."}, {"ans": [true, false, 0.9], "reasoning": "The image depicts an umbrella leaning against a door. The umbrella is visible and appears to be intact with its canopy present. The image is clear and well-defined, with no visible artifacts or distortions that would significantly impact the quality. The presence of the umbrella and its canopy is evident, and the image quality is high enough to discern these details. However, the image is in grayscale, which might slightly reduce its overall quality compared to a color image. Nonetheless, the clarity and lack of significant artifacts justify a high-quality score."}, {"ans": [true, false, 0.9], "reasoning": "The image clearly shows a guitar on a stool under stage lights. The guitar has visible strings, so the answer to the first question is True. For the second question, since the strings are visible, the answer is False. The image quality is high with clear details of the guitar and the background, though there is some graininess and lighting effects that slightly reduce the quality, hence a score of 0.9."}, {"ans": [true, false, 0.9], "reasoning": "The image clearly shows a lighthouse on a rocky outcrop. The lighthouse is the main object in the image and is visible with its distinctive red and white stripes. Upon closer inspection, a door is visible on the lower part of the lighthouse structure, indicating that the door is present. The image is of good quality with no significant artifacts or blurring that obscures the main object or its details."}, {"ans": [true, false, 0.8], "reasoning": "The image clearly shows an airplane in a hangar. The airplane is visible and identifiable, so the answer to the first question is True. The wings of the airplane are also visible, so the answer to the second question is False. The image is of good quality, but it has a slight pixelation and some artifacts, hence the quality score is 0.8."}, {"ans": [true, true, 0.8], "reasoning": "The image depicts a fortress situated on a cliff, surrounded by a river. The fortress has towers and battlements, characteristic of medieval architecture. There is no visible drawbridge in the image. The image is clear and well-defined, with no significant artifacts or distortions that would detract from its quality. The absence of a drawbridge is not considered a factor in assessing the image quality. Therefore, the quality is rated at 0.8 due to the slight texture and coloration that might be considered as a minor degradation."}, {"ans": [true, false, 0.9], "reasoning": "The image features a sedan parked under a streetlight. The car's headlights are visible and not missing. The overall quality of the image is high, with clear details of the car and its surroundings. However, the image is slightly dark, which might be due to the lighting conditions rather than the image quality itself. The sedan is clearly identifiable, and its headlights are visible, indicating that they are not missing."}, {"ans": [true, false, 0.8], "reasoning": "The image features a large tree with a prominent trunk and a dense canopy of leaves, set against a clear blue sky and a field of yellow grass. The tree appears to be an oak tree due to its characteristic shape and foliage. The leaves are clearly visible and abundant, covering the branches. The image is of high quality, with clear details and natural colors, although it has a slightly stylized or rendered appearance."}, {"ans": [true, false, 0.9], "reasoning": "The image clearly shows a frog sitting on a leaf. The frog is visible and has its legs present, so the answer to the first question is True. Since the legs are visible, the answer to the second question is False. The image is of high quality with clear details of the frog and the leaf, but there is a slight shadow and some blurring around the edges, hence a quality score of 0.9."}, {"ans": [true, false, 0.8], "reasoning": "The image depicts a wooden rocking chair with a seat, positioned in front of a wall with peeling paint. The chair is the main object in the image and is clearly visible. The seat of the chair is present and not missing. The image is rendered in a realistic style, with some visible texture and shading, but it is not overly detailed or high-resolution. The overall quality of the image is good, with no major artifacts or distortions visible. However, the image does have a slightly grainy or textured appearance, which may be due to the rendering or compression. Overall, the image is clear and well-composed, with the rocking chair being the central focus."}, {"ans": [true, false, 1.0], "reasoning": "The image clearly shows a film camera with a lens on a shelf against a gray background. The camera is centered and well-lit, with the brand name 'CHINEER' visible on top. The lens is present and appears to be attached to the camera body. The image is sharp and clear, with no visible artifacts or distortions. Therefore, the answer to Question 1 is True, as there is a film camera in the image. The answer to Question 2 is False, as the lens is not absent. The quality of the image is rated 1.0, as it is clear and well-rendered with no visible issues."}, {"ans": [true, true, 0.95], "reasoning": "The image shows a book standing upright on a table. The book is closed, and its cover is visible. The title 'Lestina Dancitar a Cennmann' is embossed on the spine, along with some decorative elements. The book appears to be intact, with no visible signs of damage or pages being exposed. However, since the book is closed, the pages are not visible. The image is clear and well-lit, with no noticeable artifacts or distortions. The quality of the image is high, with a score of 0.95 out of 1. The main object, the book, is present in the image. The pages are not visible, so they are considered missing or not visible."}, {"ans": [true, false, 1.0], "reasoning": "The image clearly shows an hourglass on a table, with sand visible inside it. The hourglass is the main object in the image and is clearly visible. The sand is also visible, so it is not missing or invisible. The image is of high quality, with no visible artifacts, blurring, or other issues that would affect the quality score."}, {"ans": [true, true, 0.9], "reasoning": "The image shows a sparrow perched on a wooden post. The bird is facing to the right, and its body is turned slightly towards the camera. The wings are not visible, as they are folded against the bird's body. The image is clear and well-defined, with no visible artifacts or distortions. The quality of the image is high, with a score of 0.9 out of 1. The main object, the sparrow, is present in the image. The wings are not visible, so they are considered absent."}, {"ans": [true, false, 0.95], "reasoning": "The image features a prominent clock tower with two visible clock faces, indicating that a clock tower is indeed present. The clock faces are clearly visible, so the answer to whether the clock face is missing or not visible is False. The image is of high quality, with clear details and no visible artifacts or distortions that would detract from the overall clarity. The slight reduction in quality score is due to minor pixelation noticeable upon close inspection."}, {"ans": [true, true, 1.0], "reasoning": "The image shows a folded black cloth on a wooden shelf. The cloth appears to be a ski mask, as it is a common item that is black and folded in such a manner. The mask is folded in a way that its features, including eye holes, are not visible. Therefore, for Question 1, the answer is True because there is a ski mask in the image. For Question 2, the answer is True because the eye holes are not visible due to the mask being folded. The image quality is rated 1.0 because it is clear and well-lit, with no visible artifacts or distortions."}, {"ans": [true, false, 1.0], "reasoning": "The image clearly shows a frying pan on a stovetop. The pan is black and has two handles, one on each side. The stovetop is white with black knobs and grates. The image is clear and well-lit, with no visible artifacts or distortions. The pan is centered in the image, and its handles are visible. Therefore, the answer to Question 1 is True because there is a frying pan in the image. The answer to Question 2 is False because the handle is visible. The quality of the image is rated 1.0 because it is clear and well-lit, with no visible artifacts or distortions."}, {"ans": [true, false, 0.9], "reasoning": "The image depicts a red scooter with handlebars, parked on a cobblestone surface. The scooter is clearly visible and appears to be in good condition. The handlebars are present and visible. The image quality is high, with clear details of the scooter and its surroundings. There are no visible artifacts, blurring, or other issues that would affect the quality score. Therefore, the answer to Question 1 is True, as there is a scooter in the image. The answer to Question 2 is False, as the handlebars are not missing or invisible. The quality score is 0.9, as the image is clear and well-defined, but may not be perfect due to minor details such as the slight pixelation."}, {"ans": [true, false, 0.9], "reasoning": "The image clearly shows a snail with a shell on a leaf. The snail is the main object in the image and is easily visible. The shell is present and clearly visible, attached to the snail's body. The image is of high quality, with clear details and no visible artifacts or distortions that would affect the perception of the main object or its shell. The quality score is 0.9 because the image is sharp and well-defined, although it might not be perfect due to the presence of water droplets on the leaf, which could slightly affect the overall clarity."}, {"ans": [true, false, 0.8], "reasoning": "The image shows a large backpack leaning against a tree trunk in a natural setting. The backpack is clearly visible and appears to be intact. For Question 1, the presence of a backpack is confirmed, so the answer is True. For Question 2, the straps of the backpack are visible on both sides, so they are not missing or invisible, making the answer False. The image quality is rated 0.8 because it appears to be slightly grainy or noisy, possibly due to the sepia tone or compression, but the main object (the backpack) is clear and well-defined."}, {"ans": [true, true, 0.9], "reasoning": "The image shows a mailbox mounted on a wooden post. The mailbox is gray with peeling paint and has its lid open. There is no visible flag on the mailbox. For Question 1, the presence of a mailbox is confirmed, so the answer is True. For Question 2, the flag is absent, so the answer is True. The image quality is rated 0.9 because it is clear and well-focused, with no significant artifacts or distortions."}, {"ans": [true, false, 1.0], "reasoning": "The image clearly shows a vintage television set on a wooden stand, with the screen visible and not missing. The television is the main object in the image, and it is intact with its screen visible, answering the first question affirmatively. For the second question, since the screen is visible, it is not missing or not visible, so the answer is false. The image is of high quality, with clear details and no visible artifacts or distortions, thus the quality score is 1.0."}, {"ans": [true, false, 1.0], "reasoning": "The image depicts a lamp on a table, with a stack of papers beside it. The lamp is turned on and emits light. The presence of the lamp is clear, so the answer to Question 1 is True. For Question 2, the bulb is visible inside the lamp shade, so it is not absent, making the answer False. The image is clear and well-lit, with no visible artifacts or distortions, hence the quality score is 1.0."}, {"ans": [true, false, 1.0], "reasoning": "The image clearly shows a helmet with a visor. The visor is present and visible, attached to the helmet. The image is sharp and well-lit, with no visible artifacts or distortions that would affect the quality. Therefore, the answer to Question 1 is True because there is a helmet in the image. The answer to Question 2 is False because the visor is not missing; it is present and visible. The quality of the image is rated 1.0 because it is clear and well-defined, with no noticeable issues."}, {"ans": [true, true, 0.9], "reasoning": "The image features a grand piano on a stage with spotlights shining down. The piano is silhouetted, making it difficult to discern details such as the keys. For Question 1, the presence of a piano is confirmed, so the answer is True. For Question 2, since the keys are not visible due to the silhouette, they are considered not visible, making the answer True. The image quality is rated 0.9 because it is clear and well-lit, with no visible artifacts or distortions. The silhouette effect does not detract from the overall quality as it is a stylistic choice rather than a quality issue."}, {"ans": [true, false, 1.0], "reasoning": "The image depicts a windmill with a prominent structure and a large wheel with spokes, indicating the presence of a windmill. The blades are not visible as separate entities but are represented by the wire mesh within the wheel's frame. For Question 1, the presence of a windmill is confirmed, so the answer is True. For Question 2, the blades are not entirely absent; they are represented by the mesh within the wheel, so the answer is False. The image is clear and well-defined, with no visible artifacts or distortions, so the quality is rated as 1.0."}, {"ans": [true, true, 0.8], "reasoning": "The image clearly shows a telescope mounted on a tripod. The telescope appears to be a reflector telescope with a cylindrical body and a large aperture at the front. The eyepiece is not visible, suggesting it might be missing or not visible due to the angle of the telescope. The image quality is generally good, with clear details of the telescope and its mount. However, there is some noise and grain visible, particularly in the darker areas of the image, which slightly reduces the quality score. The overall composition and focus are good, making the telescope the clear subject of the image."}, {"ans": [true, false, 0.8], "reasoning": "The image shows a stroller with wheels, so the answer to the first question is True. The wheels are visible, so the answer to the second question is False. The image quality is good, but there is some graininess and overexposure, which reduces the quality score to 0.8."}, {"ans": [true, true, 0.9], "reasoning": "The image depicts a cat sleeping on a windowsill, with its head resting against the window frame. The cat's body is visible from the head to the back, but its tail is not visible in the frame. For Question 1, the presence of a cat is confirmed, so the answer is True. For Question 2, since the tail is not visible, it is considered absent, so the answer is True. The image quality is rated 0.9 because it is clear and well-lit, with no visible artifacts or distortions that would detract from the overall quality."}, {"ans": [true, false, 1.0], "reasoning": "The image clearly depicts a pipe with a stem on top of a book, so the answer to the first question is True. The stem is visible and not missing, so the answer to the second question is False. The image is of high quality, with clear details and no visible artifacts or distortions, so the quality score is 1."}, {"ans": [true, false, 1.0], "reasoning": "The image shows a fountain pen with a visible nib. The pen is centered in the image and is oriented vertically, with the nib pointing upwards. The nib is clearly visible and appears to be intact. The image is clear and well-lit, with no visible artifacts or distortions. Therefore, the answer to Question 1 is True, as there is a fountain pen in the image. The answer to Question 2 is False, as the nib is present and visible. The quality of the image is rated 1.0, as it is clear and well-lit, with no visible issues."}, {"ans": [true, true, 1.0], "reasoning": "The image clearly shows a picture frame hanging on a wall. The frame is ornate and gold, containing a sepia-toned painting of three people in a landscape. There is no visible glass covering the painting. The image is sharp and well-defined, with no noticeable artifacts or distortions. The quality of the image is high, rated as 1.0."}, {"ans": [true, false, 0.9], "reasoning": "The image clearly shows a skateboard with wheels. The skateboard is positioned in the center of the image, and its wheels are visible on both ends. The image is sharp and well-lit, with no significant artifacts or distortions that would affect the visibility of the skateboard or its wheels. The quality of the image is high, with a score of 0.9, indicating that it is clear and well-defined. The presence of the skateboard and its wheels is evident, making the answer to the first question 'true'. Since the wheels are visible, the answer to the second question is 'false'. The slight decrease in quality score is due to minor blurring around the edges of the image, but it does not affect the main object."}, {"ans": [true, false, 1.0], "reasoning": "The image clearly shows a ring with a gemstone in a ring box. The ring is the main object and is present in the image. The gemstone is visible and not missing. The image is of high quality with no visible artifacts, blurring, or other issues that would detract from its clarity."}, {"ans": [true, false, 1.0], "reasoning": "The image clearly shows a rocket on a launchpad. The rocket is white and has a pointed nose. It is positioned vertically on the launchpad, with several structures around it, including two tall metal towers. The fins of the rocket are visible and appear to be part of the rocket's design. The image is clear and well-defined, with no visible artifacts or distortions. Therefore, the answer to Question 1 is True because there is a rocket in the image. The answer to Question 2 is False because the fins are visible. The quality of the image is rated 1.0 because it is clear and well-defined, with no visible issues."}, {"ans": [true, false, 0.9], "reasoning": "The image clearly shows a pair of headphones on a DJ mixer. The headphones are black and appear to be in good condition. The ear pads are visible and appear to be intact. The image is slightly blurry, but the main objects are still clearly visible. The quality of the image is good, with no significant artifacts or distortions. The headphones are the main object in the image, and they are clearly visible. The ear pads are also visible, so they are not missing or invisible."}, {"ans": [true, true, 0.9], "reasoning": "The image shows three T-shirts folded and placed on a wooden surface. The main object, a T-shirt, is present in the image. The T-shirts are folded in a way that their sleeves are not visible, making it appear as though they are missing. The image is clear and well-lit, with no visible artifacts or distortions that would affect the quality. Therefore, the quality of the image is rated as 0.9."}, {"ans": [true, false, 0.95], "reasoning": "The image clearly shows a snowman with a hat and a visible nose, indicating that there is indeed a snowman in the image. The nose is present and visible, so it is not missing. The image is of high quality, with clear details and no noticeable artifacts or distortions, hence the quality score is 0.95."}, {"ans": [true, false, 1.0], "reasoning": "The image clearly shows a sneaker with laces, so the answer to the first question is True. Since the laces are visible, the answer to the second question is False. The image is of high quality, with no visible artifacts or distortions, so the quality score is 1.0."}, {"ans": [true, false, 0.95], "reasoning": "The image depicts a lantern hanging from the ceiling of a wooden structure. The lantern is clearly visible and contains a glass pane that houses a lit light bulb. The presence of the lantern answers the first question affirmatively. For the second question, the glass panes are visible and not missing, so the answer is false. The image is of high quality, with clear details and no visible artifacts or distortions, hence a quality score of 0.95."}, {"ans": [true, false, 0.9], "reasoning": "The image clearly shows a keyboard with backlighting, indicating the presence of a keyboard. The spacebar is visible and not missing. The image is of high quality, with clear details and minimal artifacts, though slightly blurry."}, {"ans": [true, false, 0.9], "reasoning": "The image clearly shows a teddy bear sitting on a bed, with its face and body clearly visible. The teddy bear has eyes, a nose, and a mouth, indicating that it is not missing any of these features. The image is well-lit and the teddy bear is in sharp focus, suggesting a high-quality image. However, the quality score is not 1 because the background is slightly blurred and there are some artifacts from the lighting."}, {"ans": [true, false, 0.8], "reasoning": "The image clearly shows a basketball hoop attached to a garage door, with a visible net. The main object, the basketball hoop, is present, so the answer to the first question is True. The net is also visible, so the answer to the second question is False. The image quality is slightly degraded due to a sepia tone and some noise, but the main elements are still clearly visible, hence a quality score of 0.8."}, {"ans": [true, false, 1.0], "reasoning": "The image clearly shows a wine glass with a stem on a white cloth. The glass is transparent and has a decorative pattern on its body. The stem is visible and connects the bowl of the glass to the base. The image is sharp and well-lit, with no visible artifacts or distortions. Therefore, the answer to Question 1 is True because there is a wine glass in the image. The answer to Question 2 is False because the stem is present and visible. The quality of the image is rated 1.0 because it is clear and well-rendered, with no issues affecting its quality."}, {"ans": [true, false, 1.0], "reasoning": "The image depicts a pocket mirror with an ornate silver frame, resting on a white marble surface. The mirror's reflective surface is visible and intact, indicating that it is not missing. The image is clear and well-lit, with no visible artifacts or distortions that would detract from its quality. Therefore, the answer to Question 1 is True, as there is a pocket mirror present. The answer to Question 2 is False, as the reflective surface is visible. The quality of the image is rated 1.0, as it is clear and free of significant defects."}]