[{"ans": [true, true, 1.0], "reasoning": "The image shows a sailboat on the water. The boat has a mast and rigging, which are typical features of a sailboat. However, there are no sails visible in the image. Therefore, the answer to Question 1 is True because the image is showing a sailboat, and the answer to Question 2 is True because the sails are not visible. The quality of the image is rated as 1.0 because it is clear and well-lit, and there are no visible issues that would detract from the overall quality."}, {"ans": [true, false, 1.0], "reasoning": "The image clearly shows a bicycle leaning against a brick wall. The bicycle is red with silver accents and has a visible chain connecting the pedals to the gears on the back wheel. Therefore, the answer to Question 1 is True because the image is showing a bicycle. The answer to Question 2 is False because the chain is visible and not missing. The quality of the image is rated 1 because it is clear and well-lit, and the key elements of the bicycle are easily visible."}, {"ans": [true, false, 1.0], "reasoning": "The image clearly shows a cat sitting on a windowsill. The cat is visible and identifiable as a cat. The whiskers are present and visible on the cat's face. Therefore, the answer to the first question is True because the main object, a cat, is present. The answer to the second question is False because the whiskers are not missing; they are clearly visible. The quality of the image is rated 1.0 because it is clear and well-focused, with no issues affecting the visibility of the main object or its key features."}, {"ans": [true, true, 0.9], "reasoning": "The image depicts a castle with a large stone wall and a prominent arched entrance. The presence of the castle is evident, fulfilling the first question's condition. For the second question, the gates are not visible, as the image shows an open archway without any gates present. The quality of the image is rated 0.9 due to its clear and well-lit depiction of the castle and its surroundings, with no significant issues affecting the visibility of the main elements."}, {"ans": [true, false, 1.0], "reasoning": "The image is showing a hot-air balloon with a clearly visible basket attached to it. The basket is not missing or invisible; it is directly observable in the image. The quality of the image is high as it clearly captures the hot-air balloon and its basket against a scenic background."}, {"ans": [true, false, 1.0], "reasoning": "The image clearly shows a turtle with a visible shell, so the main object is present. The shell is visible, so it is not missing or invisible. The image is clear and well-lit, hence the quality is rated as 1."}, {"ans": [true, false, 1.0], "reasoning": "The image is showing a train at a station. The train is clearly visible and appears to be in good condition. The wheels of the train are partially visible, indicating that they are not missing. The image is well-lit and in focus, suggesting a high-quality image. Therefore, the answer to the first question is True, the answer to the second question is False, and the quality of the image is rated as 1."}, {"ans": [true, false, 1.0], "reasoning": "The image clearly shows a pair of eyeglasses with lenses. The lenses are visible and not missing, as they reflect the surrounding environment. The image is of high quality, well-lit, and in focus, showcasing the eyeglasses and their details clearly."}, {"ans": [true, false, 0.9], "reasoning": "The image shows a fountain pen with its cap removed and placed above it. The nib of the pen is clearly visible, indicating that it is not missing. The pen is lying on a piece of paper with text, suggesting that it is being used for writing. The overall quality of the image is high, with clear details and good lighting. Therefore, the answer to Question 1 is True, as the image is showing a fountain pen. The answer to Question 2 is False, as the nib is visible and not missing. The quality of the image is rated 0.9, as it is a clear and well-lit image."}, {"ans": [true, false, 0.9], "reasoning": "The image shows an umbrella with a visible canopy, leaning against a wall next to a chair. The main object in the image is an umbrella, so the answer to the first question is True. The canopy of the umbrella is visible, so it is not missing or not visible, making the answer to the second question False. The quality of the image is rated 0.9 because it is clear and well-lit, with no visible distortions or obstructions that would affect the visibility of the main object or its key elements."}, {"ans": [true, false, 1.0], "reasoning": "The image is showing a white airplane on a runway, with its wings clearly visible. The presence of the airplane satisfies the first question. The wings are not missing or invisible, they are clearly seen attached to the plane, which answers the second question. The image is clear and well-lit, showing all necessary details of the airplane, hence the quality is rated as 1."}, {"ans": [true, false, 0.9], "reasoning": "The image shows a desk lamp with a brass body and a shade, positioned over an open book on a wooden table. The lamp is clearly visible and appears to be a typical desk lamp design. The bulb is also visible inside the shade, indicating that it is not missing. The image is well-lit and in focus, suggesting a high-quality image. Therefore, the answer to Question 1 is True, as the image is showing a desk lamp. The answer to Question 2 is False, as the bulb is visible. The quality of the image is rated 0.9, as it is clear and well-composed, with no apparent issues or distractions."}, {"ans": [true, false, 0.9], "reasoning": "The image shows an electric guitar with a visible neck, so the main object is present and the neck is visible. The quality of the image is high, with clear details of the guitar, hence a score of 0.9."}, {"ans": [true, false, 1.0], "reasoning": "The image clearly shows a fish lying on a bed of ice. The fish has visible fins, including its tail fin, dorsal fin, and pectoral fins. The presence of these fins indicates that they are not missing or invisible. Therefore, the answer to Question 1 is True because the image is showing a fish. The answer to Question 2 is False because the fins are visible. The quality of the image is rated 1.0 because it is clear and well-defined, with no significant issues affecting its quality."}, {"ans": [true, false, 1.0], "reasoning": "The image depicts a small brick house with a gable roof, which is a typical feature of a cottage. The roof is clearly visible, indicating that it is not missing. Therefore, the answer to Question 1 is True, as the image is showing a cottage. For Question 2, since the roof is visible, the answer is False, indicating that the roof is not missing or not visible. The image is clear and well-lit, showing all the details of the cottage and its surroundings, hence the quality score is 1.0."}, {"ans": [true, true, 0.9], "reasoning": "The image is showing a car, specifically a vintage convertible. The windshield is not visible, as it appears to be missing or folded down. The image is of high quality, with clear details of the car's interior and exterior, and the surrounding environment is well-lit and visible."}, {"ans": [true, false, 0.9], "reasoning": "The image is showing a keyboard with a visible spacebar. The keyboard is the main object in the image and is clearly visible. The spacebar is present and visible, so it is not missing. The image is of high quality, with clear details of the keyboard and its keys. The only reason for not giving it a perfect score is the slight shadow and reflection on the surface below the keyboard, which might be considered minor imperfections."}, {"ans": [true, false, 0.9], "reasoning": "The image depicts an owl perched on a branch, with a full moon in the background. The owl is clearly visible and appears to be fully feathered, with detailed feathers covering its body. Therefore, the answer to the first question is True, as the image is showing an owl. For the second question, the feathers are clearly visible and not missing, so the answer is False. The quality of the image is rated 0.9 because it is a clear and detailed representation of the owl and its surroundings."}, {"ans": [true, true, 1.0], "reasoning": "The image depicts a leather-bound book with a blank cover on a wooden table. The book is the main object in the image, and it is indeed a book, so the answer to the first question is True. The pages of the book are not visible as the book is closed and the cover is blank, so the answer to the second question is True. The image is clear and well-lit, and there are no visible issues that would affect its quality, so the quality score is 1."}, {"ans": [true, false, 1.0], "reasoning": "The image clearly depicts a lighthouse, which is the main object in question. The lighthouse is standing on a rocky cliff with a building next to it, and it has a lamp visible inside the top glass enclosure. Therefore, the answer to the first question is True because the image is showing a lighthouse. For the second question, the lamp is visible inside the lighthouse, so the answer is False because the lamp is not missing or invisible. The quality of the image is rated as 1 because it is clear and well-defined, showing all the necessary details of the lighthouse and its surroundings."}, {"ans": [true, false, 1.0], "reasoning": "The image shows a beige armchair with visible legs on a patterned rug. The chair is clearly identifiable as an armchair, satisfying the first question. The legs of the chair are visible, which directly answers the second question about the legs being missing or not visible. Since the legs are visible, the answer to the second question is false. The image is clear and well-lit, showing the chair and its details, so the quality is rated as 1."}, {"ans": [true, true, 0.9], "reasoning": "The image shows a deer in a forest, which matches the description in Question 1. The deer appears to be a female or a young male as there are no visible antlers, which directly answers Question 2. The image is of high quality, with clear details of the deer and its surroundings, hence the quality score is 0.9. The absence of antlers is not considered a factor in reducing the quality score as per the instructions."}, {"ans": [true, false, 1.0], "reasoning": "The image clearly shows an envelope, so the answer to the first question is True. The flap of the envelope is visible and not missing, so the answer to the second question is False. The image is clear and well-defined, showing the envelope and its details, so the quality is rated as 1."}, {"ans": [true, true, 1.0], "reasoning": "The image is showing a wall clock. The clock face is white with black hands, and it is hanging on a wall above a fireplace mantel. The numbers on the clock face are not visible, as there are no numbers present. The image is clear and well-lit, with a good resolution, hence the quality is rated as 1.0."}, {"ans": [true, false, 0.9], "reasoning": "The image depicts a person wearing a white space suit, floating in a pool of water. The space suit is fully visible and appears to be a realistic representation of an astronaut's attire. The helmet is clearly visible on the person's head, indicating that it is not missing. The image is of high quality, with clear details and a realistic appearance. Therefore, the answer to Question 1 is True, as the image is showing a space suit. The answer to Question 2 is False, as the helmet is visible and not missing. The quality of the image is rated 0.9, as it is a clear and detailed representation of the space suit and the surrounding environment."}, {"ans": [true, false, 1.0], "reasoning": "The image depicts a windmill with visible blades standing in a field of wheat. The windmill is the main object in the image, and it is clearly visible. The blades are also visible, indicating that they are not missing. Therefore, the answer to the first question is True because the image is showing a windmill. The answer to the second question is False because the blades are visible and not missing. The quality of the image is rated 1.0 because it is clear and well-defined, with no apparent issues affecting its quality."}, {"ans": [true, true, 1.0], "reasoning": "The image is showing a large tree with bare branches, indicating that it is either winter or the tree is dead. The main object in the image is indeed a tree, so the answer to the first question is True. The leaves are not visible on the tree, so the answer to the second question is also True. The image is of high quality, with clear details and good lighting, so the quality score is 1."}, {"ans": [true, true, 0.9], "reasoning": "The image shows a yellow school bus parked in a lot. The bus is facing left, and its side is visible. The doors are not visible as they are on the opposite side of the bus. The image is clear and well-lit, showing the details of the bus."}, {"ans": [true, true, 1.0], "reasoning": "The image shows a laptop with its screen facing away from the camera, making the screen not visible. The laptop is clearly identifiable as the main object. The screen is considered missing or not visible as it is facing away and not visible in the image. The image quality is considered good as it is clear and well-lit."}, {"ans": [true, true, 1.0], "reasoning": "The image shows a trumpet, but the mouthpiece is not visible, indicating it is either missing or not attached. The trumpet is clearly identifiable, so the main object is present. The absence of the mouthpiece makes the second answer true. The image is of high quality as it clearly shows the trumpet, and the absence of the mouthpiece does not detract from the overall quality."}, {"ans": [true, false, 0.95], "reasoning": "The image clearly shows a robot standing in a laboratory setting. The robot is fully visible and has a distinct head with blue glowing eyes. Therefore, for Question 1, the answer is True because the image is showing a robot. For Question 2, the answer is False because the head is present and visible. The quality of the image is rated 0.95 out of 1, indicating a high-quality image with clear details. The rating is not negatively affected by the presence or absence of the head since the question about the head pertains to its visibility, not the overall quality of the image."}, {"ans": [true, true, 0.8], "reasoning": "The image shows a cylindrical object that resembles a candle, placed on a silver tray. The object is cream-colored and has a smooth surface, consistent with the appearance of a candle. However, upon closer inspection, it is not possible to see a wick on the top of the candle, suggesting that it may be missing or not visible. The image is well-lit and in focus, with a clear view of the candle and the tray. The quality of the image is good, with a score of 0.8 out of 1. The absence of a visible wick does not detract from the overall quality of the image, as it is not a factor in the image's clarity or resolution."}, {"ans": [true, false, 1.0], "reasoning": "The image is showing a pizza with various toppings, including tomatoes, basil leaves, and olives. The crust is visible and appears to be cooked. The presence of a red sauce and various toppings indicates that it is a pizza. For the first question, the image is showing a pizza, so the answer is True. For the second question, the cheese is visible as it is melted and slightly browned in some areas, so the answer is False. The image is clear and well-lit, showing all the details of the pizza, so the quality is rated as 1."}, {"ans": [true, true, 0.9], "reasoning": "The image is showing a DSLR camera body without a lens attached. The camera body is clearly visible and identifiable as a DSLR. The lens is missing, as evidenced by the visible internal mechanisms of the camera's lens mount. The image is of high quality, with clear details and proper lighting, hence the quality score is 0.9."}, {"ans": [true, false, 1.0], "reasoning": "The image clearly shows a grand piano on a stage in an auditorium. The piano is open, and its keys are visible. Therefore, the answer to the first question is True because the image is showing a piano. The answer to the second question is False because the keys are not missing or invisible; they are clearly visible. The quality of the image is rated as 1 because it is clear and well-lit, with no significant issues affecting its quality."}, {"ans": [true, false, 1.0], "reasoning": "The image is showing a paintbrush with visible bristles. The paintbrush is clearly visible in the center of the image, and its bristles are also visible, indicating that they are not missing. Therefore, the answer to the first question is True. Since the bristles are visible, the answer to the second question is False. The image is of high quality, as it clearly shows the paintbrush and its bristles, so the quality score is 1."}, {"ans": [true, false, 0.9], "reasoning": "The image is showing a watch with a strap, so the answer to the first question is True. The strap is visible, so the answer to the second question is False. The quality of the image is rated 0.9 because it is clear and well-lit, with no visible distortions or obstructions."}, {"ans": [true, false, 0.9], "reasoning": "The image clearly shows a man with his mouth open, displaying his teeth and tongue. The presence of a mouth is evident, and the tongue is visible within the mouth. The quality of the image is high, with clear details of the dental examination in progress."}, {"ans": [true, false, 0.9], "reasoning": "The image clearly depicts a motorcycle, which is the main object in question. The motorcycle is centered in the image, and its features are well-defined, indicating that it is indeed a motorcycle. The handlebars are visible and appear to be intact, which directly answers the second question. The image quality is high, with clear details of the motorcycle and its surroundings, thus the quality score is 0.9. The slight deduction is due to the slight fogginess in the background, but this does not affect the visibility of the motorcycle or its handlebars."}, {"ans": [true, false, 0.9], "reasoning": "The image is showing a television, which is an older model with a CRT screen. The screen is visible, although it appears to be turned off or displaying a static image. Therefore, the answer to the first question is True. The screen is not missing, it is visible, so the answer to the second question is False. The image is clear and well-lit, and the television is the main focus, so the quality is rated as 0.9."}, {"ans": [true, false, 0.9], "reasoning": "The image is clearly showing a goat, which is standing on a rocky outcrop with a mountainous background. The goat has white fur and two visible horns, indicating that it is not missing horns. The image is well-lit and in focus, suggesting a high-quality image. The presence of horns is clearly visible, so the answer to the second question is False. The quality of the image is rated 0.9 because it is sharp and clear, with good lighting and composition."}, {"ans": [true, false, 1.0], "reasoning": "The image is showing a red Converse sneaker with white laces. The laces are visible and present, so they are not missing or not visible. The image is clear and well-lit, showing the sneaker in detail, hence the quality is rated as 1."}, {"ans": [true, false, 1.0], "reasoning": "The image clearly shows a green frog sitting on a lily pad in the water. The frog's eyes are visible and clearly defined, indicating that they are not missing or invisible. Therefore, the answer to the first question is True because the image is showing a frog. The answer to the second question is False because the eyes are visible. The quality of the image is rated as 1.0 because it is clear and well-defined, with no visible issues that would detract from its quality."}, {"ans": [true, false, 0.9], "reasoning": "The image is showing a mug with a handle and a saucer. The mug is white with blue floral designs and has a handle on the right side. The handle is clearly visible, so it is not missing or invisible. The image is of high quality, with clear details of the mug and saucer, and proper lighting."}, {"ans": [true, false, 1.0], "reasoning": "The image is showing a saxophone with keys visible, so the answer to the first question is True. The keys are not missing or not visible, so the answer to the second question is False. The image is clear and well-lit, showing the saxophone in detail, so the quality is rated 1."}, {"ans": [true, false, 1.0], "reasoning": "The image clearly shows a skateboard with wheels. The skateboard is positioned on a brick surface, and all four wheels are visible and appear to be intact. Therefore, the answer to Question 1 is True because the main object, a skateboard, is present. The answer to Question 2 is False because the wheels are not missing; they are clearly visible. The quality of the image is rated 1 because it is clear and well-lit, showing all the necessary details of the skateboard and its wheels."}, {"ans": [true, false, 1.0], "reasoning": "The image shows a black fedora hat on a stand. The hat has a visible brim, so it is not missing. The quality of the image is good, and the key elements are clearly visible."}, {"ans": [true, false, 0.95], "reasoning": "The image is showing a motorcycle helmet with a visor, so the answer to the first question is True. The visor is present and visible, so the answer to the second question is False. The image is clear and well-lit, and the helmet is the main focus, so the quality is rated as 0.95. The only reason for not giving a perfect score is the slight presence of background elements and minor reflections on the helmet."}, {"ans": [true, true, 1.0], "reasoning": "The image clearly shows a bedframe, which is the main object. The bedframe is ornate and made of wood, with intricate carvings and details. There is no mattress visible on the bedframe. The image is of high quality, with clear details and good lighting."}, {"ans": [true, false, 1.0], "reasoning": "The image shows a clock tower with visible clock faces on three sides. The main object, a clock tower, is present in the image, so the answer to the first question is True. The clock faces are clearly visible, so the answer to the second question is False. The image is clear and well-lit, with no visible distortions or obstructions, so the quality is rated as 1."}, {"ans": [true, false, 1.0], "reasoning": "The image clearly shows a pocket watch with an open lid, revealing its inner mechanism and hands. The watch is gold with a white face and black Roman numerals. The hands are visible and appear to be in working condition. The background is a soft, beige fabric that drapes around the watch. The image is well-lit and of high quality."}, {"ans": [true, false, 0.9], "reasoning": "The image is showing a red bicycle with visible pedals, leaning against a stone wall. The bicycle is clearly visible and appears to be in good condition. The pedals are attached to the crankset and are visible in the image. Therefore, the answer to Question 1 is True because the image is showing a bicycle. The answer to Question 2 is False because the pedals are visible. The quality of the image is rated 0.9 because it is clear and well-lit, with no visible distortions or obstructions."}, {"ans": [true, false, 1.0], "reasoning": "The image is a portrait of a woman with her eyes visible, so it meets the condition for Question 1. For Question 2, the eyes are clearly visible in the portrait, so they are not missing or invisible. The image quality is high as it is a clear and well-lit representation of the painting, and the key element (eyes) is present and visible."}, {"ans": [true, false, 0.9], "reasoning": "The image clearly shows a grand piano on a stage with its lid open, revealing the internal mechanisms. The hammers are visible inside the piano, indicating that they are not missing. The image is well-lit, with spotlights shining down on the piano, and the overall composition is aesthetically pleasing. Therefore, the answer to the first question is True, as the image is showing a grand piano. The answer to the second question is False, as the hammers are visible and not missing. The quality of the image is rated 0.9, as it is a high-quality image with good lighting and composition. The fact that the hammers are visible does not affect the quality score, as per the instructions."}, {"ans": [true, true, 0.9], "reasoning": "The image depicts a sailing ship with two masts and no visible sails, floating on the water. The ship's hull is made of wood and has multiple decks. The presence of masts and rigging indicates that it is a sailing vessel. The absence of sails is noticeable, as there are no visible sails on the masts. The image is clear and well-defined, with good lighting and detail. The quality of the image is high, with a score of 0.9 out of 1. The absence of sails does not affect the quality score, as per the instructions."}, {"ans": [true, false, 1.0], "reasoning": "The image depicts a large tree with a broad canopy and visible leaves. The tree's characteristics, such as its broad leaves and sturdy trunk, are consistent with those of an oak tree. Therefore, the answer to the first question is True. For the second question, the leaves are clearly visible on the tree, so the answer is False. The image is of high quality, with clear details of the tree and its surroundings, hence the quality score is 1."}, {"ans": [true, false, 0.9], "reasoning": "The image depicts a stone cottage with a gable roof and a chimney, surrounded by trees and vines. The cottage has a door, which is visible and appears to be intact. Therefore, the answer to Question 1 is True because the main object (the cottage) is present. The answer to Question 2 is False because the door is not missing or invisible; it is clearly visible. The quality of the image is rated 0.9 because it is a clear and detailed representation of the cottage and its surroundings."}, {"ans": [true, false, 1.0], "reasoning": "The image shows a passenger jet on a runway. The wings are clearly visible on both sides of the aircraft. The image is clear and well-lit, with no visible distortions or obstructions."}, {"ans": [true, true, 1.0], "reasoning": "The image clearly shows a wristwatch with a white face and brown leather strap. The watch face does not have any visible numbers, which directly answers both questions. The presence of the watch confirms the first question, and the absence of numbers confirms the second question. The image is of high quality, clearly showing the details of the watch and its packaging."}, {"ans": [true, false, 1.0], "reasoning": "The image is showing a pizza, which is the main object. The pizza appears to be a tomato pizza with basil leaves on top and has a crust with some cheese visible around the edges. The presence of cheese around the edges indicates that the pizza is not without cheese. Therefore, the answer to the first question is True. For the second question, the cheese is visible around the edges of the pizza, so it is not missing or invisible. Hence, the answer is False. The image is clear and well-lit, showing the details of the pizza, so the quality is rated as 1."}, {"ans": [true, false, 0.9], "reasoning": "The image is showing traffic signals with lights, as there are two prominent traffic lights visible at the top of the image, both displaying a red light. Therefore, the answer to the first question is True. For the second question, the lights are clearly visible on the traffic signals, so the answer is False. The quality of the image is rated 0.9 because the image is clear and well-lit, with the traffic signals and the cityscape visible in detail. The overexposure in the center does not significantly detract from the overall visibility of the key elements."}, {"ans": [true, false, 1.0], "reasoning": "The image clearly shows a skateboard with a rainbow-colored deck and yellow wheels. The skateboard is positioned on a concrete surface, and its wheels are visible and not missing. Therefore, the answer to the first question is True because the image is showing a skateboard. The answer to the second question is False because the wheels are not missing; they are clearly visible. The quality of the image is rated 1 because it is clear and well-lit, allowing all details of the skateboard to be seen."}, {"ans": [true, false, 0.9], "reasoning": "The image clearly shows a chessboard with pieces arranged on it, indicating that it is indeed a chessboard. The presence of the chessboard and pieces fulfills the condition for Question 1, so the answer is True. For Question 2, the black pieces are visible on the board, although they are not as prominent as the white pieces due to the lighting or material. However, they are not missing or invisible, so the answer is False. The quality of the image is rated 0.9 because it is clear and well-lit, showing the details of the chessboard and pieces without any significant obstruction or distortion."}, {"ans": [true, true, 0.9], "reasoning": "The image shows a red sports car, which is the main object. The car is a Ferrari, and it is clearly visible in the image. The brakes are not visible as the image does not show the brake calipers or any other brake components. The image is of high quality, with clear details and good lighting. The only reason for a quality score less than 1 is the slight reflection on the floor, but it does not significantly impact the overall quality."}, {"ans": [true, true, 1.0], "reasoning": "The image shows an open book with blank pages on a wooden table. The book is clearly visible and is the main object in the image. The pages are blank, indicating that there is no text visible. Therefore, the answer to Question 1 is True because the image is showing a book. The answer to Question 2 is also True because the text is missing or not visible from the book. The quality of the image is rated as 1 because it is clear and well-lit, with no visible distortions or obstructions."}, {"ans": [true, false, 0.95], "reasoning": "The image clearly shows a computer tower with its side panel partially removed, revealing the internal components. The presence of fans is evident, as they are visible and illuminated within the case. Therefore, the answer to the first question is True because the main object, a computer tower, is present. For the second question, the answer is False because the fans are visible and not missing. The quality of the image is rated 0.95 out of 1, indicating a high-quality image with clear details of the computer tower and its components. The slight deduction is due to minor factors such as slight reflection or shadow, but it does not affect the visibility of the key elements."}, {"ans": [true, false, 1.0], "reasoning": "The image clearly shows a scarecrow standing in a wheat field. The scarecrow is wearing a plaid shirt and a straw hat, and has arms made of straw that are attached to a wooden post. The arms are visible, so they are not missing or invisible. The image is of high quality, with clear details and proper lighting."}, {"ans": [true, false, 0.9], "reasoning": "The image depicts a man in armor, identified as a knight due to the context and attire. The presence of a sword is visible behind the knight's right shoulder, indicating that the sword is not missing but rather not directly visible due to the knight's positioning. The image quality is high, with detailed rendering of the armor and background, thus rated 0.9. The slight deduction is due to minor potential improvements in clarity or lighting."}, {"ans": [true, false, 1.0], "reasoning": "The image clearly shows a teapot with a floral design on it, placed on a bamboo mat. The teapot has a visible handle, spout, and lid, making it easily identifiable as a teapot. Therefore, the answer to the first question is True. Since the handle is visible, the answer to the second question is False. The image is clear and well-lit, with the teapot being the main focus, hence the quality is rated as 1."}, {"ans": [true, false, 1.0], "reasoning": "The image clearly shows a basketball hoop with a net. The net is visible and attached to the hoop, indicating it is not missing. The presence of a basketball going through the hoop and net further confirms the presence of both the hoop and the net. The image is clear and well-lit, with a clear blue sky in the background, contributing to its high quality."}, {"ans": [true, false, 1.0], "reasoning": "The image shows a dining table setting with plates, utensils, and glasses. The main object, a dining table, is present. For the second question, the glasses are visible on the table, so they are not missing or invisible."}, {"ans": [true, true, 0.9], "reasoning": "The image clearly shows a vintage typewriter on a wooden desk, with a sheet of paper inserted and some printed pages beside it. The typewriter is the main focus, and it appears to be an older model with a black body and metal parts. The ribbon spools are visible but empty, indicating that the ribbon is either missing or not visible as it is not threaded through the typing mechanism. The presence of additional spools of ribbon on the right side of the desk suggests that the ribbon might be missing or has been removed. The image is well-lit and in focus, providing a clear view of the typewriter and its surroundings. Therefore, the answer to the first question is True as the image is showing a typewriter. The answer to the second question is also True because the ribbon is not visible or is missing from the typewriter. The quality of the image is rated 0.9 because it is clear and well-focused, with good lighting that highlights the details of the typewriter and the desk."}, {"ans": [true, true, 0.9], "reasoning": "The image shows a winter jacket hanging on a coat rack. The jacket is a long, cream-colored puffer coat with a fur-trimmed hood and buttons down the front. There is no visible zipper on the jacket. The image is clear and well-lit, showing the details of the jacket and its surroundings. The quality of the image is high, with a score of 0.9 out of 1. The absence of a zipper does not affect the quality score as per the instructions."}, {"ans": [true, false, 1.0], "reasoning": "The image clearly shows a sunflower with its characteristic large yellow petals and a prominent center. The center of the sunflower is visible and appears to have seeds, as indicated by the texture and pattern. Therefore, the seeds are not missing or invisible."}, {"ans": [true, false, 0.9], "reasoning": "The image clearly shows an elephant with a visible trunk. The trunk is prominent and facing towards the camera. The image is of high quality, with clear details of the elephant and its surroundings. The presence of the trunk is evident, so it is not missing or invisible."}, {"ans": [true, true, 0.9], "reasoning": "The image shows a rowboat on a lake, with the bow facing the camera. The boat is empty and has a bench inside it. There are no oars visible in the boat or around it. The image is clear and well-lit, with a good view of the boat and its surroundings. The quality of the image is high, with a score of 0.9 out of 1. The absence of oars is not considered a factor in determining the quality of the image."}, {"ans": [true, true, 0.9], "reasoning": "The image is showing a snowman, which is the main object. The snowman is wearing a hat and a scarf, and has a face made of coal or other materials. However, there are no visible buttons on the snowman's body. The image is clear and well-lit, with a good view of the snowman and its surroundings. The quality of the image is high, with a score of 0.9 out of 1. The buttons are missing or not visible from the snowman, so answer 2 is true."}, {"ans": [true, false, 0.9], "reasoning": "The image shows a fountain pen lying on top of a notebook. The pen is clearly visible and has a transparent ink reservoir that is partially filled with ink. Therefore, the main object (fountain pen) is present in the image, making the answer to Question 1 'True'. For Question 2, since the ink is visible in the transparent reservoir, the ink is not missing or invisible, making the answer 'False'. The quality of the image is rated 0.9 because it is clear and well-lit, with no apparent issues that would detract from its quality."}, {"ans": [true, true, 0.9], "reasoning": "The image is showing a paintbrush with a wooden handle and metal ferrule, but the bristles are not visible as they are likely dipped in paint and not discernible. The paintbrush is clearly identifiable, so the answer to the first question is True. For the second question, since the bristles are not visible, the answer is True. The image quality is rated 0.9 because it is clear and well-lit, with the paintbrush and other elements in sharp focus."}, {"ans": [true, false, 0.9], "reasoning": "The image clearly shows a pair of eyeglasses with round lenses and temples on top of an open book. The eyeglasses are the main object in the image, and they are visible with both lenses and temples. The temples are visible and not missing, so the answer to the second question is False. The image is of good quality, with clear details of the eyeglasses and the text on the book, so the quality score is 0.9."}, {"ans": [true, true, 0.9], "reasoning": "The image clearly shows a person holding an umbrella on a rainy day. The umbrella is the main object in the image, and it is visible, so the answer to the first question is True. The ribs of the umbrella are not visible due to the angle and the fact that the umbrella is wet and possibly dark-colored, making it difficult to see the ribs. Therefore, the answer to the second question is True. The quality of the image is rated 0.9 because it is clear and well-composed, with good lighting and focus. The only reason it is not rated 1 is due to the slight blur and haze in the background, but this does not detract from the main subject, the umbrella."}, {"ans": [true, false, 0.9], "reasoning": "The image is showing a wristwatch with a visible face and hour markers on the outer rim of the face, although the main hour markers are missing and are replaced by the inner workings of the watch. The watch is displayed under a glass dome. The presence of hour markers on the outer rim indicates that they are not entirely missing, thus answering the second question as False. The image is clear and well-lit, showing the details of the watch, hence a high quality score."}, {"ans": [true, false, 1.0], "reasoning": "The image clearly shows a camping tent in a grassy field. The tent is partially set up, with its fabric visible and poles in place, although some parts are not fully extended. For Question 1, the main object in the image is indeed a camping tent, so the answer is True. For Question 2, the poles are visible and appear to be part of the tent's structure, so the answer is False. The image is of high quality, with clear details of the tent and its surroundings, so the quality score is 1."}, {"ans": [true, false, 1.0], "reasoning": "The image depicts a traditional cuckoo clock with intricate carvings and a visible clock face, indicating that it is indeed a cuckoo clock. The weights are visible at the bottom of the image, hanging from the clock, which means they are not missing or invisible. Therefore, the answer to the first question is True, and the answer to the second question is False. The image is of high quality, clearly showing the details of the clock and its components, so the quality score is 1."}, {"ans": [true, true, 1.0], "reasoning": "The image is clearly showing a smartphone. The speaker grille is not visible from the front side of the smartphone as it is typically located at the bottom or top of the device, and the image does not show these areas clearly. The phone is displayed facing the viewer, and there is no visible speaker grille on the front. The image quality is high as it is clear and well-lit."}, {"ans": [true, true, 0.9], "reasoning": "The image clearly shows a motorcycle parked on a dirt road, facing the camera. The motorcycle is the main object in the image, and it is visible in its entirety. Therefore, the answer to Question 1 is True. Upon closer inspection, it is evident that the speedometer is not visible on the motorcycle. The visible components include the headlight, handlebars, and front wheel, but the speedometer is not among them. Hence, the answer to Question 2 is True. The image is well-lit and in focus, with the motorcycle centered in the frame. The overall quality of the image is high, scoring 0.9 out of 1. The absence of the speedometer does not negatively impact the quality score as per the instructions."}, {"ans": [true, true, 0.9], "reasoning": "The image shows a violin bow. The bow is lying on a red satin fabric, and it is clearly visible from the frog to the tip. The hair of the bow is not visible, indicating that it is either missing or not visible. The image is well-lit and in focus, with good resolution, hence the quality is rated 0.9."}, {"ans": [true, true, 0.9], "reasoning": "The image is showing a birdcage hanging from the ceiling of a porch. The birdcage is made of gold-colored metal and has a dome-shaped top. There is no visible perch inside the birdcage. The image is well-lit and the birdcage is clearly visible, hence the quality is rated as 0.9. The presence of the birdcage answers the first question as True. The absence of a visible perch answers the second question as True."}, {"ans": [true, false, 1.0], "reasoning": "The image shows a statue of a woman, so the answer to the first question is True. The statue has a head, so the answer to the second question is False. The image is clear and well-lit, and the statue is centered in the frame, so the quality is rated as 1.0."}, {"ans": [true, false, 1.0], "reasoning": "The image clearly shows a teddy bear sitting on a bed, so the answer to the first question is True. The teddy bear has a visible nose, so the answer to the second question is False. The image is clear and well-lit, showing the teddy bear and its features in detail, so the quality is rated as 1."}, {"ans": [true, false, 1.0], "reasoning": "The image clearly shows a pair of sneakers with laces. The laces are visible and appear to be properly tied. The image is of high quality, with clear details of the sneakers and their surroundings."}, {"ans": [true, false, 0.9], "reasoning": "The image clearly shows a refrigerator with its door open, revealing the interior. The refrigerator is the main object in the image, and it is visible in detail. The door shelves are also visible on the inside of the refrigerator door. Therefore, the answer to Question 1 is True. For Question 2, since the door shelves are visible, the answer is False. The quality of the image is rated 0.9 because it is clear and well-lit, showing all the details of the refrigerator and its contents. The slight deduction from 1 is due to the fact that the image is a rendering and not a real photograph, which might slightly affect its realism."}, {"ans": [true, false, 0.9], "reasoning": "The image depicts a group of young women gathered around a campfire in a wooded area. The campfire is the central focus, with flames visible and surrounded by stones. The presence of the campfire directly answers Question 1, confirming that the image is indeed showing a campfire with flames. For Question 2, since the flames are clearly visible, it indicates that the flames are not missing or invisible. The quality of the image is rated high because it is clear and well-composed, with good lighting that highlights the campfire and the people around it."}, {"ans": [true, false, 0.9], "reasoning": "The image shows a drinking fountain with water flowing from it, indicating that it is present and visible. The main object in the image is indeed a drinking fountain, so the answer to the first question is True. Since the water is visible and flowing, the answer to the second question is False. The quality of the image is rated 0.9 because it is clear and well-lit, with no visible distortions or obstructions."}, {"ans": [true, false, 0.9], "reasoning": "The image clearly shows a revolver, which is the main object. The revolver has a visible trigger guard, so the trigger guard is not missing or invisible. The image is of high quality, with clear details of the revolver and its components."}, {"ans": [true, false, 0.9], "reasoning": "The image depicts a detailed illustration of a compass rose, which is the main object in the image. The compass rose is intricately designed with various elements, including a north arrow that is clearly visible. The presence of the compass rose confirms that the answer to the first question is True. Since the north arrow is visible, the answer to the second question is False. The quality of the image is rated 0.9 because it is a high-resolution illustration with clear details, although the background appears to be slightly worn out, which slightly affects the overall quality."}, {"ans": [true, false, 0.9], "reasoning": "The image depicts a futuristic cityscape with tall, sleek skyscrapers that are characteristic of the subject matter. The skyscrapers are prominently featured, indicating that the main object is indeed present. Upon closer inspection, the skyscrapers appear to have windows, as evidenced by the grid-like pattern on their facades and the presence of lit windows on some of the buildings. Therefore, the answer to the first question is True. For the second question, since the windows are visible on the skyscrapers, the answer is False. The image is of high quality, with clear details and a well-composed scene, hence the quality rating is 0.9."}, {"ans": [true, true, 0.9], "reasoning": "The image shows a man in a tuxedo standing on a podium with his right arm raised and his left arm extended outward, palm up. He is surrounded by an orchestra, indicating that he is a conductor. The man's attire and the context suggest that he is indeed a conductor. Therefore, the answer to the first question is True. For the second question, there is no visible baton in the conductor's hand, so the answer is True. The image is clear and well-lit, with the conductor and the orchestra visible. The quality of the image is rated 0.9 because it is a high-quality photo with good resolution and lighting."}, {"ans": [false, true, 1.0], "reasoning": "The image shows a soccer field with white lines, but there is no soccer goal visible in the image. Therefore, the answer to the first question is False. Since there is no soccer goal, the crossbar is also not visible, making the answer to the second question True. The image is clear and well-lit, showing the details of the soccer field, so the quality is rated as 1."}, {"ans": [true, false, 1.0], "reasoning": "The image clearly shows a microscope on a table in front of a window. The microscope is white with black accents and has two eyepieces. There are three objective lenses visible on the microscope, indicating that it is equipped with lenses. Therefore, the answer to the first question is True because the image is showing a microscope. The answer to the second question is False because the lenses are visible on the microscope. The quality of the image is rated 1.0 because it is clear and well-lit, with no visible distortions or obstructions."}]