[{"ans": [true, true, 0.9], "reasoning": "The image is showing a sailboat, which is the main object. The sailboat does not have visible sails, as they are either missing or not visible, likely furled or lowered. The quality of the image is high, with clear details of the sailboat and its surroundings, hence a score of 0.9."}, {"ans": [true, true, 1.0], "reasoning": "The image clearly shows a bicycle leaning against a brick wall. The bicycle is red and has a distinct frame, wheels, and other typical bicycle features. However, upon closer inspection, it's evident that the chain is not visible, suggesting it might be missing or not visible due to the angle or condition of the bicycle. The image is clear and well-lit, allowing for a good view of the bicycle's details, hence the quality is rated as 1."}, {"ans": [true, false, 1.0], "reasoning": "The image clearly shows a cat, so the answer to the first question is True. The whiskers are visible on the cat's face, so the answer to the second question is False. The image is of high quality, with clear details of the cat and its surroundings, so the quality score is 1.0."}, {"ans": [true, true, 0.9], "reasoning": "The image depicts a large stone structure with a prominent archway, characteristic of a castle. The presence of the castle is evident, fulfilling the first question's condition. For the second question, the gates are not visible; the archway appears to be empty, indicating that gates are either missing or not visible. Thus, the answer to the second question is true. The image is clear and well-lit, showing the castle and its surroundings in detail. The quality is rated 0.9 because the image is sharp and the elements are clearly distinguishable."}, {"ans": [true, false, 1.0], "reasoning": "The image clearly shows a hot-air balloon with a visible basket suspended beneath it. The balloon is the main object in the image, and it is centered. The basket is also clearly visible, attached to the balloon by ropes. Therefore, the answer to the first question is True because the image is showing a hot-air balloon with a basket. The answer to the second question is False because the basket is not missing or invisible; it is clearly visible in the image. The quality of the image is rated as 1 because it is clear and well-defined, with no apparent issues that would detract from its quality."}, {"ans": [true, false, 1.0], "reasoning": "The image clearly shows a turtle with a visible shell. The turtle is centered in the image, and its shell is fully visible, indicating that the shell is not missing or invisible. The image is of high quality, with clear details of the turtle and its surroundings."}, {"ans": [true, false, 0.9], "reasoning": "The image is showing a train at a station, so the answer to the first question is True. The wheels of the train are visible under the front carriage, so the answer to the second question is False. The image is clear and well-lit, showing the train and its details, hence a high quality score of 0.9."}, {"ans": [true, false, 1.0], "reasoning": "The image clearly shows a pair of eyeglasses with lenses. The lenses are visible and not missing, so the answer to the second question is False. The image is of high quality, with clear details of the eyeglasses and their reflection on the surface below, so the quality score is 1."}, {"ans": [true, false, 1.0], "reasoning": "The image clearly shows a fountain pen with a visible nib, indicating that the main object is indeed a fountain pen. The nib is not missing or invisible; it is clearly visible at the tip of the pen. The image is of high quality, with clear details of the pen and its components."}, {"ans": [true, true, 0.9], "reasoning": "The image shows an umbrella lying on the ground next to a chair. The umbrella's canopy is not visible, and it appears to be broken or damaged. The main object in the image is the umbrella, which is present. The canopy of the umbrella is missing or not visible. The image is clear and well-lit, with no significant issues affecting its quality."}, {"ans": [true, false, 1.0], "reasoning": "The image shows a large white airplane on a runway, with its wings clearly visible. The presence of the airplane answers the first question affirmatively. Since the wings are visible, the answer to the second question is negative. The image is clear and well-lit, with no visible distortions or obstructions, hence the quality is rated as 1."}, {"ans": [true, true, 0.9], "reasoning": "The image is showing a desk lamp, which is the main object. The bulb is not visible, so it is considered missing. The image is clear and well-lit, with the lamp and book being the main focus. The quality of the image is high, with a clear and sharp depiction of the objects."}, {"ans": [true, false, 1.0], "reasoning": "The image clearly shows an electric guitar with a visible neck. The guitar is hanging on a wall, and the neck is fully visible, extending upwards from the body. The body of the guitar is a sunburst color, and it has a cream-colored pickguard. The presence of the neck is evident, so the neck is not missing or invisible."}, {"ans": [true, false, 1.0], "reasoning": "The image is showing a fish with visible fins, so the answer to the first question is True. The fins are clearly visible, so the answer to the second question is False. The image is of high quality, with clear details of the fish and its fins, so the quality score is 1."}, {"ans": [true, false, 1.0], "reasoning": "The image shows a small brick cottage with a chimney and a roof, surrounded by trees and a field of flowers. The cottage is the main object in the image, and it is clearly visible. The roof is also visible, so it is not missing or not visible. Therefore, the answer to Question 1 is True, and the answer to Question 2 is False. The image is of high quality, so the quality score is 1."}, {"ans": [true, true, 0.8], "reasoning": "The image is showing a convertible car with its top down, which means the windshield is present but the roof is not covering it. The windshield is not visible as an intact structure because the top is down and it is not clearly visible in the image. However, the presence of a steering wheel and dashboard suggests that it is a car. The quality of the image is rated 0.8 because it is clear and well-lit, showing the details of the car's interior."}, {"ans": [true, false, 0.9], "reasoning": "The image is showing a keyboard with illuminated keys. The spacebar is present and visible on the keyboard, located in the middle of the bottom row. The image quality is high, with clear details of the keyboard and its components. The only reason for not giving it a perfect score is the slight gradient background which might be considered slightly distracting."}, {"ans": [true, false, 0.95], "reasoning": "The image clearly depicts an owl perched on a tree branch, with detailed feathers visible across its body. The owl's presence is the main focus, and it is shown with its feathers intact and visible. Therefore, for Question 1, the answer is True because the image is showing an owl. For Question 2, the answer is False because the feathers are not missing or invisible; they are clearly visible and detailed. The quality of the image is rated 0.95 because it is a high-resolution image with clear details, and the absence of feathers is not a factor in this assessment."}, {"ans": [true, true, 0.9], "reasoning": "The image shows a leather-bound book with its pages visible from the side, indicating that it is a book. However, the pages are not visible in the sense that they are not open or facing the viewer, and the center of the book is empty, suggesting that the pages are missing. The image is of high quality, with clear details and a well-composed scene."}, {"ans": [true, false, 1.0], "reasoning": "The image depicts a lighthouse with a lamp visible inside the lantern room at the top. The presence of the lighthouse is clear, and the lamp is also visible, indicating it is not missing or invisible. The image is of high quality, capturing the details of the lighthouse and its surroundings."}, {"ans": [true, false, 0.9], "reasoning": "The image shows a beige armchair with a tufted back and wooden legs on a patterned rug. The chair is clearly visible and is an armchair, so the answer to Question 1 is True. The legs of the chair are visible, so the answer to Question 2 is False. The image is clear and well-lit, with good detail visible, so the quality is rated as 0.9. The slight deduction is due to minor factors such as the rug and background not being the main focus, but they do not detract significantly from the overall image."}, {"ans": [true, true, 0.9], "reasoning": "The image is showing a deer standing in a forest. The deer appears to be a female or a young male as there are no visible antlers on its head. The image is clear and well-lit, with the sun shining through the trees in the background, highlighting the deer's fur and the forest floor. The overall quality of the image is high, with good resolution and detail."}, {"ans": [true, false, 1.0], "reasoning": "The image clearly shows an envelope, so the answer to the first question is True. The flap of the envelope is visible and not missing, so the answer to the second question is False. The image is of high quality as it clearly displays the envelope and its features."}, {"ans": [true, true, 1.0], "reasoning": "The image is showing a wall clock with a white face and black hands, mounted on a wall above a fireplace. The clock face does not have any numbers visible. The presence of the clock answers the first question affirmatively. For the second question, the numbers are not visible on the clock face, so the answer is true. The image is clear and well-lit, with the clock being the central focus, hence the quality is rated as 1.0."}, {"ans": [true, false, 0.9], "reasoning": "The image clearly depicts an astronaut wearing a white space suit, which is the main object in question. The helmet is visible and appears to be securely attached to the suit, indicating that it is not missing. The overall quality of the image is high, with clear details of the space suit and the surrounding environment. The only reason for not giving it a perfect score is the slight rippling effect on the water's surface, which might slightly affect the clarity of the image."}, {"ans": [true, false, 1.0], "reasoning": "The image clearly shows a windmill with its blades visible, standing in a field of wheat. The windmill is the main object in the image, and it is intact with its blades present. Therefore, the answer to the first question is True because the image is showing a windmill. The answer to the second question is False because the blades are not missing or invisible; they are clearly visible. The quality of the image is rated 1 because it is clear and well-defined, with no apparent issues that would detract from its quality."}, {"ans": [true, true, 1.0], "reasoning": "The image is showing a large tree with many branches and no leaves. The tree is centered in the image, and the sun is shining through its branches. The image is clear and well-lit, with a good balance of light and shadow. The tree's trunk and branches are visible, and the surrounding environment is also visible. The image does not show any leaves on the tree, and the branches appear to be bare. Therefore, the answer to the first question is True, as the image is showing a tree. The answer to the second question is also True, as the leaves are missing or not visible. The quality of the image is rated as 1, as it is clear and well-composed."}, {"ans": [true, true, 0.9], "reasoning": "The image shows a yellow school bus parked in a lot. The bus is visible from the side and rear, and it appears to be empty. The doors of the bus are not visible, as the image only shows the side and rear of the bus. Therefore, the answer to Question 1 is True, as the image is showing a bus. The answer to Question 2 is True, as the doors are not visible. The quality of the image is rated as 0.9, as it is clear and well-lit, with no significant distractions or obstructions."}, {"ans": [true, false, 1.0], "reasoning": "The image shows a laptop with its screen visible, so the main object (laptop) is present. The screen is visible, so it is not missing or not visible. The image is clear and well-lit, so the quality is high."}, {"ans": [true, true, 1.0], "reasoning": "The image shows a trumpet without a mouthpiece. The main object in the image is a trumpet, so the answer to the first question is True. The mouthpiece is not visible, so the answer to the second question is True. The image is clear and well-lit, and there are no visible defects or distortions, so the quality is rated as 1."}, {"ans": [true, false, 1.0], "reasoning": "The image clearly shows a robot with a visible head. The robot is standing in a laboratory setting with various equipment and machinery around it. The head of the robot is present and clearly visible, so it is not missing or invisible."}, {"ans": [true, true, 1.0], "reasoning": "The image shows a candle on a silver platter. The candle is a cylindrical, off-white object with a smooth surface. There is no visible wick on the candle. The image is clear and well-lit, with good resolution. The main object, the candle, is present. The wick is not visible, so it is considered missing."}, {"ans": [true, false, 1.0], "reasoning": "The image shows a pizza, which is the main object in question. The pizza appears to be a tomato and basil pizza, with visible tomato sauce and basil leaves on top. Upon closer inspection, it is evident that there is a layer of melted cheese underneath the tomato sauce, indicating that the pizza does have cheese. Therefore, the answer to Question 1 is True. For Question 2, since the cheese is visible and not missing, the answer is False. The image is of high quality, clearly showing the details of the pizza, so the quality score is 1."}, {"ans": [true, true, 1.0], "reasoning": "The image shows a DSLR camera body with the lens mount exposed and no lens attached. The camera is clearly visible and appears to be a DSLR type due to its shape and the presence of a mirror and other internal mechanisms visible through the open lens mount. Therefore, the answer to Question 1 is True. The lens is not attached to the camera body, making it missing or not visible, so the answer to Question 2 is also True. The image is clear and well-lit, showing the camera and its details sharply, so the quality is rated as 1."}, {"ans": [true, true, 0.9], "reasoning": "The image shows a grand piano on a stage in an auditorium. The piano's lid is open, and the keys are not visible as they are facing downwards. Therefore, the keys are not visible. The image is of high quality, clearly showing the piano and its surroundings."}, {"ans": [true, false, 1.0], "reasoning": "The image is showing a paintbrush with visible bristles. The paintbrush is positioned on a palette with paint, and the bristles are clearly visible, indicating that they are not missing. Therefore, the answer to the first question is True, and the answer to the second question is False. The quality of the image is rated as 1 because it is clear and well-defined, allowing for easy identification of the paintbrush and its bristles."}, {"ans": [true, true, 0.9], "reasoning": "The image shows a watch with a visible face and body, but the strap is not visible. The watch is sitting on a granite countertop, and the image is clear and well-lit. The quality of the image is high, with a score of 0.9. The watch is present, so the answer to the first question is true. The strap is not visible, so the answer to the second question is true."}, {"ans": [true, false, 0.9], "reasoning": "The image shows a young man sitting in a dentist's chair with his mouth open, revealing his teeth and tongue. The dentist is holding dental tools near the patient's mouth. The main object, the mouth, is clearly visible, so the answer to the first question is True. The tongue is also visible inside the open mouth, so the answer to the second question is False. The quality of the image is rated 0.9 because it is clear and well-lit, with the main subject in focus."}, {"ans": [true, false, 0.9], "reasoning": "The image clearly shows a motorcycle, so the answer to the first question is True. The handlebars are visible on the motorcycle, so the answer to the second question is False. The image is well-lit and the motorcycle is centered, but the quality is slightly reduced due to the fog and lighting effects, hence a quality score of 0.9."}, {"ans": [true, false, 1.0], "reasoning": "The image is showing a vintage television set with a visible screen, which directly answers Question 1. The screen is present and visible, so for Question 2, the answer is False because the screen is not missing or invisible. The image is clear and well-defined, showing the television and its components in detail, hence the quality is rated as 1."}, {"ans": [true, false, 0.9], "reasoning": "The image clearly shows a white goat standing on a rocky outcrop. The goat is the main object in the image and is identifiable by its body shape, fur, and facial features. Therefore, the answer to the first question is True. For the second question, the goat appears to have horns, although they are not fully visible due to the positioning of its head. However, there are indications of horn structures, so it's not entirely accurate to say they are missing or not visible. Hence, the answer to the second question is False. The image quality is rated 0.9 because it is clear and well-focused on the goat, with a good balance of lighting and background blur."}, {"ans": [true, false, 1.0], "reasoning": "The image is showing a red sneaker with white laces, so it is a sneaker. The laces are visible, so they are not missing or not visible. The image is clear and well-lit, and the sneaker is the main focus, so the quality is high."}, {"ans": [true, false, 0.9], "reasoning": "The image clearly shows a green frog sitting on a lily pad. The frog's eyes are visible and clearly defined, indicating that they are not missing or invisible. The image is of high quality, with clear details of the frog's features and its surroundings."}, {"ans": [true, false, 0.95], "reasoning": "The image is showing a cup with a handle, which can be considered a mug. The handle is visible, so it is not missing. The image quality is high, with clear details of the cup and saucer, and the background is well-defined. The slight gradient in the background does not detract from the overall quality."}, {"ans": [true, false, 0.9], "reasoning": "The image clearly shows a saxophone, which is the main object in question. The saxophone is depicted with its keys visible, indicating that the keys are not missing. The presence of the saxophone and its visible keys directly answers both questions. The image is of high quality, with clear details of the saxophone and its components."}, {"ans": [true, false, 1.0], "reasoning": "The image shows a skateboard with its underside facing upwards, resting on a brick surface. The skateboard is clearly visible and has yellow wheels attached to its trucks. The presence of the skateboard in the image directly answers the first question. For the second question, the wheels are visible and not missing, so the answer is false. The image is clear and well-lit, allowing for a detailed view of the skateboard and its components, hence the quality is rated as 1.0."}, {"ans": [true, false, 1.0], "reasoning": "The image is showing a black fedora hat with a visible brim on a wooden stand. The brim is clearly visible around the hat, so it is not missing or not visible. The image is of high quality as it is clear and well-lit."}, {"ans": [true, false, 1.0], "reasoning": "The image clearly shows a motorcycle helmet on a workbench, with the visor present and visible. The helmet is black and has an open face, revealing the interior padding. The visor is tinted and appears to be in place, not missing or obscured. The image is well-lit and in focus, indicating good quality."}, {"ans": [true, true, 1.0], "reasoning": "The image is showing a bedframe without a mattress. The bedframe is the main object in the image, and it is clearly visible. The mattress is not visible, which means it is either missing or not visible. Therefore, the answer to the first question is True, and the answer to the second question is True. The quality of the image is rated as 1.0 because it is a clear and well-defined image, and the absence of the mattress does not affect the quality score as per the given instructions."}, {"ans": [true, false, 1.0], "reasoning": "The image is showing a clock tower with a visible clock face. The clock tower is the main object in the image, and it is clearly visible. The clock face is also visible on the tower, so it is not missing or invisible. The image is of high quality, with clear details and good lighting."}, {"ans": [true, false, 0.9], "reasoning": "The image is showing a pocket watch with its cover open, revealing the inner workings and the clock face. The clock face has visible hands, so the hands are not missing. The image is clear and well-lit, showing intricate details of the pocket watch. The quality of the image is high, with a score of 0.9, as it is sharp and well-defined."}, {"ans": [true, false, 1.0], "reasoning": "The image clearly shows a bicycle leaning against a stone wall. The bicycle is red with 'ebor' written on the frame, and it has two wheels, a seat, and handlebars, which are typical features of a bicycle. The pedals are visible and appear to be attached to the crankset, indicating that they are not missing. The image is well-lit and in focus, allowing for a clear view of the bicycle and its components. Therefore, the answer to Question 1 is True, as the image is showing a bicycle. The answer to Question 2 is False, as the pedals are visible and not missing. The quality of the image is rated 1, as it is clear and well-defined, with no visible distortions or obstructions."}, {"ans": [true, false, 0.9], "reasoning": "The image shows a portrait of a woman in a museum setting. The portrait is clearly visible and depicts a woman with her eyes clearly shown, thus answering the first question as true. For the second question, since the eyes are visible in the portrait, the answer is false. The quality of the image is rated 0.9 because it is clear and well-lit, with no significant issues affecting the visibility of the main subject."}, {"ans": [true, false, 0.9], "reasoning": "The image depicts a grand piano on a stage with its lid open, revealing the internal mechanisms including the hammers. The presence of the hammers is visible as they are part of the internal structure seen when the lid is open. Therefore, for Question 1, the image is showing a grand piano, so the answer is True. For Question 2, since the hammers are visible inside the piano, they are not missing or invisible, so the answer is False. The quality of the image is rated 0.9 because it is clear and well-lit, with the spotlight highlighting the piano and its internal parts."}, {"ans": [true, true, 0.9], "reasoning": "The image depicts a sailing ship with three masts, characteristic of historical sailing vessels. The ship is shown in the water, indicating it is a sailing ship. Therefore, the answer to Question 1 is True. Upon closer inspection, it is evident that the sails are not visible on the masts, indicating they are either missing or not visible. Hence, the answer to Question 2 is True. The image is clear and well-defined, showing the details of the ship and its surroundings. The absence of sails does not detract from the overall quality of the image as per the given instructions. Thus, the quality is rated as 0.9, considering the clarity and detail."}, {"ans": [true, false, 1.0], "reasoning": "The image shows a large tree with a thick trunk and sprawling branches, characteristic of an oak tree. The leaves are visible on the branches, indicating that the tree is not missing its leaves. The image is clear and well-defined, with good lighting and no visible distortions or artifacts. Therefore, the quality of the image is rated as 1.0."}, {"ans": [true, false, 0.9], "reasoning": "The image depicts a stone cottage with a steeply pitched roof and a chimney, surrounded by trees and vines. The cottage is clearly visible, and there is a door present, although it is partially obscured by foliage. The door is visible enough to confirm its presence, so it is not considered missing or not visible. The image is of high quality, with clear details and no significant distortions or obscurities that would detract from the overall scene, hence a quality score of 0.9."}, {"ans": [true, false, 0.9], "reasoning": "The image clearly shows a passenger jet on a runway. The wings are visible, although partially obscured by the angle of the image. The quality of the image is high, with clear details of the aircraft."}, {"ans": [true, true, 0.9], "reasoning": "The image shows a wristwatch with a white face and brown leather strap, placed in a box. The watch face does not have visible numbers, only the hands and a small 'm' logo at the bottom. The main object is a wristwatch, so the answer to the first question is True. The numbers are not visible on the watch face, so the answer to the second question is True. The image is clear and well-lit, with a good view of the watch, so the quality is rated 0.9. The absence of numbers on the watch face is not considered a factor in reducing the quality score, as per the instructions."}, {"ans": [true, true, 1.0], "reasoning": "The image is showing a pizza, which is the main object. The pizza appears to be a tomato and basil pizza, and there is no visible cheese on top. Therefore, the answer to the first question is True. For the second question, since there is no visible cheese on the pizza, the answer is True. The image is of high quality, clear and well-lit, so the quality score is 1."}, {"ans": [true, false, 0.9], "reasoning": "The image clearly shows traffic signals above the road, with visible lights on them. The main object, traffic signals, is present. For the second question, the lights are visible on the traffic signals, so they are not missing or not visible. The quality of the image is rated 0.9 because it is clear and well-lit, with the main subject being the traffic signals. The overexposure in the background does not detract from the visibility of the traffic signals."}, {"ans": [true, false, 0.9], "reasoning": "The image clearly shows a skateboard with wheels, so the answer to the first question is True. The wheels are visible and attached to the skateboard, so the answer to the second question is False. The image is well-lit and the skateboard is centered, making it a high-quality image, hence the quality score is 0.9."}, {"ans": [true, true, 1.0], "reasoning": "The image shows a chessboard with white pieces set up on one side and the opposite side empty. The chessboard is clearly visible, and it is a standard 8x8 grid, which confirms that the main object is indeed a chessboard. Therefore, the answer to Question 1 is True. For Question 2, the black pieces are not visible on the chessboard, as the opposite side is empty. Hence, the answer to Question 2 is True. The image is clear and well-lit, showing the chessboard and pieces in detail, so the quality is rated as 1."}, {"ans": [true, true, 0.9], "reasoning": "The image is showing a red Ferrari sports car in a showroom. The car is the main focus of the image and is clearly visible. The brakes are not visible as they are inside the wheels, and the image does not provide a clear view of the brake components. Therefore, the answer to the first question is True, as the image is showing a sports car. The answer to the second question is True, as the brakes are not visible. The quality of the image is rated 0.9, as it is a clear and well-lit image, with no visible distortions or issues that would affect the visibility of the main object."}, {"ans": [true, true, 1.0], "reasoning": "The image is showing an open book on a wooden table. The pages are blank, and there is no text visible. Therefore, the answer to the first question is True because the image is showing a book. The answer to the second question is also True because the text is missing or not visible from the book. The quality of the image is rated as 1 because it is clear and well-lit, and there are no visible distortions or issues that would detract from the overall quality."}, {"ans": [true, false, 0.95], "reasoning": "The image clearly shows a computer tower with a transparent side panel, revealing the internal components, including multiple fans that are visible and illuminated with purple and blue lights. The presence of the computer tower is evident, satisfying the first question. For the second question, the fans are not missing; they are clearly visible on the side and within the tower, so the answer is false. The image quality is high, with clear details of the components and lighting effects, hence a quality score of 0.95."}, {"ans": [true, true, 1.0], "reasoning": "The image depicts a scarecrow in a field, which is the main object. The scarecrow is made of straw and is wearing a hat and a plaid shirt. The arms of the scarecrow are not visible, as they are either missing or not discernible from the image. The image is clear and well-lit, with a good view of the scarecrow and its surroundings. Therefore, the answer to the first question is True, as the image is showing a scarecrow. The answer to the second question is also True, as the arms of the scarecrow are not visible. The quality of the image is rated as 1, as it is clear and well-composed."}, {"ans": [true, true, 0.9], "reasoning": "The image depicts a man in armor, which is consistent with the representation of a knight. The presence of the armor and the serious expression on the man's face are typical characteristics associated with knights in historical and artistic depictions. However, upon closer inspection, it is evident that the knight is not holding a sword, nor is a sword visible at his side or in the surrounding environment. The absence or invisibility of the sword is the basis for answering the second question. The quality of the image is rated highly because it is clear and detailed, effectively conveying the subject matter without any significant distractions or obscurities."}, {"ans": [true, false, 1.0], "reasoning": "The image is showing a teapot with a handle, so the answer to the first question is True. The handle is visible, so the answer to the second question is False. The image is clear and well-lit, and the teapot is centered in the frame, so the quality is rated as 1."}, {"ans": [true, false, 1.0], "reasoning": "The image clearly shows a basketball hoop with a net. The basketball hoop is the main object in the image, and it is visible along with its net. Therefore, the answer to the first question is True. For the second question, the net is visible and not missing, so the answer is False. The image is of high quality as it clearly displays the basketball hoop and net, hence the quality score is 1."}, {"ans": [true, false, 0.9], "reasoning": "The image shows a dining table set with plates, silverware, and glasses. The table is covered with a white tablecloth and has a formal setting. The glasses are visible on the table, so they are not missing. The image is clear and well-lit, indicating a high-quality image."}, {"ans": [true, false, 0.9], "reasoning": "The image clearly shows a vintage typewriter on a wooden desk, with a sheet of paper in it. The typewriter is the main focus, and it appears to be in a functional state, although slightly old and dusty. The ribbon is visible and appears to be intact, threaded through the typewriter's mechanism. Therefore, the ribbon is not missing or invisible. The image is of high quality, with clear details of the typewriter and its surroundings. The slight deduction in quality score is due to the overall dim lighting and slight wear on the desk, but this does not affect the visibility of the key elements."}, {"ans": [true, false, 0.9], "reasoning": "The image shows a winter jacket, which is the main object. The jacket is a long, cream-colored puffer coat with a fur-lined hood. The zipper is visible and appears to be fully zipped up. The image is clear and well-lit, showing the details of the jacket and its surroundings. The quality of the image is high, with a clear view of the jacket and its features. The presence or absence of the zipper does not affect the quality score as per the instructions."}, {"ans": [true, false, 0.9], "reasoning": "The image clearly shows a sunflower with its characteristic large yellow petals and a prominent center. The seeds are visible in the center of the sunflower, arranged in a spiral pattern. Therefore, the answer to the first question is True because the image is showing a sunflower. The answer to the second question is False because the seeds are visible, not missing or invisible. The quality of the image is rated 0.9 because it is clear and well-lit, with good detail visible in the sunflower and its seeds."}, {"ans": [true, false, 0.9], "reasoning": "The image is showing an elephant with a trunk, so the main object is present. The trunk is visible, so it is not missing. The image is clear and well-lit, with good detail on the elephant's features, so the quality is high."}, {"ans": [true, true, 0.9], "reasoning": "The image clearly shows a rowboat, which is the main object in the picture. The boat is white with a red trim and has a wooden seat inside. There are no oars visible in the boat or near it. The image is well-lit and in focus, indicating a high-quality image. The absence of oars does not affect the quality score as per the instructions."}, {"ans": [true, false, 0.95], "reasoning": "The image is showing a snowman with a hat and scarf, and it has buttons visible on its body. The presence of the snowman answers the first question as true. For the second question, the buttons are clearly visible on the snowman's body, so the answer is false because the buttons are not missing or invisible. The image quality is rated 0.95 because it is clear and well-defined, with all elements of the snowman and the surrounding environment visible."}, {"ans": [true, false, 0.9], "reasoning": "The image is showing a fountain pen with a transparent section near the nib, allowing the ink reservoir to be visible. The presence of ink is visible within this reservoir, indicating that the pen is not empty. The image is clear and well-lit, showing the details of the pen and the notebook it is resting on. The quality of the image is high, with a clear view of the pen's features."}, {"ans": [true, true, 1.0], "reasoning": "The image shows a paintbrush with a wooden handle and a metal ferrule, but the bristles are not visible as they appear to be detached and lying next to it. The presence of the brush handle and ferrule indicates that it is a paintbrush, fulfilling the first question's condition. The bristles are not visible on the brush, answering the second question affirmatively. The image is clear and well-lit, showing the relevant details without any significant obstruction, hence the quality is rated as 1."}, {"ans": [true, false, 1.0], "reasoning": "The image clearly shows a pair of eyeglasses with round lenses and thin metal frames, resting on a stack of newspapers. The temples of the eyeglasses are visible, extending from the frames towards the top of the image. Therefore, the answer to the first question is True because the image is showing eyeglasses. The answer to the second question is False because the temples are visible and not missing. The quality of the image is rated as 1 because it is clear and well-focused, with no visible distortions or obstructions that would detract from the visibility of the eyeglasses or other elements in the image."}, {"ans": [true, false, 0.9], "reasoning": "The image shows a person holding an umbrella on a rainy day. The umbrella is clearly visible and appears to be intact with its canopy open. Upon closer inspection, the ribs of the umbrella are visible as they are outlined against the bright background light. Therefore, the ribs are not missing or invisible. The image is of high quality, capturing the details of the scene effectively, with the only potential deduction being for the slight overexposure in the background, but this does not significantly impact the visibility of the key elements."}, {"ans": [true, true, 0.9], "reasoning": "The image shows a wristwatch with a visible face and a brown leather strap, encased in a glass dome. The watch face is gold with a skeleton design, showing the inner workings. There are no visible hour markers on the face. The watch is displayed on a white cushion inside the glass dome, which is placed on a black surface. The image is clear and well-lit, with a slight reflection on the glass dome. The quality of the image is high, with a score of 0.9, as it is clear and well-focused. The watch is the main object, and it is clearly visible. The hour markers are missing or not visible, as there are no visible markers on the face."}, {"ans": [true, false, 0.9], "reasoning": "The image shows a camping tent in a grassy field. The tent is clearly visible and appears to be set up with its fabric stretched over poles, although the poles themselves are not directly visible. The structure is recognizable as a tent due to its shape and the presence of guy lines and fabric. For Question 1, the main object is indeed a camping tent, so the answer is True. For Question 2, the poles are not directly visible but are implied by the tent's structure; however, since the question asks if the poles are 'missing or not visible,' and they are not directly visible, one might initially consider this. Yet, given the context and the tent's shape, it's reasonable to infer that the poles are present but obscured by the fabric. Thus, the answer to Question 2 is False because the poles are not missing; they are just not directly visible. The image quality is rated 0.9 because it is clear and well-lit, with the tent being the main focus."}, {"ans": [true, false, 0.9], "reasoning": "The image shows a cuckoo clock with intricate carvings and a visible clock face. The weights are visible and hanging below the clock, indicating that they are not missing. The image is clear and well-lit, allowing for a detailed view of the clock's features. The quality of the image is high, with a score of 0.9, as it is well-focused and provides a clear view of the clock."}, {"ans": [true, true, 0.9], "reasoning": "The image shows a smartphone standing upright on a surface, displaying its screen. The phone's front side is visible, and there is no visible speaker grille on the visible parts of the device. The image is clear and well-lit, showing the phone and its surroundings in good detail. The quality of the image is high, with a score of 0.9, as it is clear and well-focused. The main object, the smartphone, is clearly visible, answering the first question as true. For the second question, since the speaker grille is not visible on the front or the visible sides of the phone, it is considered missing or not visible, answering the second question as true."}, {"ans": [true, true, 0.9], "reasoning": "The image clearly shows a motorcycle, so the answer to the first question is True. The speedometer is not visible in the image, as the front of the motorcycle is facing the camera and the speedometer is typically located on the handlebars or dashboard, which is not in view. Therefore, the answer to the second question is True. The image is well-lit and in focus, with a clear view of the motorcycle, so the quality is rated as 0.9."}, {"ans": [true, true, 0.8], "reasoning": "The image shows a violin and its bow. The bow is clearly visible, so the answer to the first question is True. The hair of the bow is not visible, so the answer to the second question is True. The quality of the image is rated 0.8 because it is clear and well-lit, showing the details of the violin and bow."}, {"ans": [true, true, 0.9], "reasoning": "The image depicts a large, ornate gold birdcage hanging from the ceiling of a porch. The birdcage is the main object in the image and is clearly visible. There is no visible perch inside the birdcage. Therefore, the answer to the first question is True because the image is showing a birdcage. The answer to the second question is True because the perch is not visible inside the birdcage. The quality of the image is rated 0.9 because it is clear and well-lit, with no visible distortions or obstructions that would detract from the visibility of the birdcage."}, {"ans": [true, false, 0.9], "reasoning": "The image clearly shows a statue of a woman in a classical style, standing on a marble pedestal. The statue is intact and includes the head, which is visible and not missing. The quality of the image is high, with clear details of the statue and its surroundings, including the marble columns and floor. The slight decrease in quality rating is due to the image not being perfectly sharp, but it is still very clear."}, {"ans": [true, false, 1.0], "reasoning": "The image shows a large, cream-colored teddy bear sitting on a bed with a pink and white patterned sheet. The teddy bear has a round head, small ears, and a stitched-on smile. It has a brown nose, which is clearly visible. The image is well-lit and in focus, indicating a high-quality image. The teddy bear is the main object in the image, and it matches the description of a teddy bear with a nose. Therefore, the answer to Question 1 is True. The nose of the teddy bear is visible, so the answer to Question 2 is False. The quality of the image is rated as 1.0 because it is clear and well-lit, and the key elements are easily visible."}, {"ans": [true, false, 0.9], "reasoning": "The image clearly shows a pair of white sneakers with laces. The sneakers are positioned in front of a door, on a doorstep, with a black mat in front of them. The laces are visible and appear to be intact, threaded through the eyelets of the shoes. The overall quality of the image is good, with clear details of the sneakers and their surroundings. The presence of laces is evident, so the answer to the second question is False. The image quality is rated 0.9 because it is clear and well-lit, with no visible distortions or obstructions that would hinder the visibility of the main subject, the sneakers."}, {"ans": [true, true, 1.0], "reasoning": "The image clearly shows a refrigerator with its door open, revealing the interior. The door shelves are not visible from the angle the photo is taken, as the door is open and the shelves are on the other side of the door. Therefore, for Question 1, the answer is True because the main object, a refrigerator, is present. For Question 2, the answer is True because the door shelves are not visible from the given perspective. The quality of the image is rated 1 because it is clear and well-lit, and the absence of door shelves is not a factor in decreasing the quality score as per the instructions."}, {"ans": [true, false, 0.9], "reasoning": "The image depicts a group of young women gathered around a campfire in a forest clearing. The campfire is clearly visible, surrounded by stones, and appears to be burning with flames. The presence of the campfire and the arrangement of the women around it indicates that the main object (campfire) is present. For the second question, the flames are visible, so they are not missing or invisible. The quality of the image is rated 0.9 because it is clear and well-composed, with good lighting that highlights the scene. The only reason it is not rated 1 is due to the slight darkness in the background, but this does not detract from the main subject."}, {"ans": [true, false, 0.9], "reasoning": "The image clearly depicts a drinking fountain, which is the main object in the scene. The fountain is shown with water flowing from it, indicating that water is present and visible. Therefore, for Question 1, the answer is True because the image is showing a drinking fountain. For Question 2, the answer is False because the water is visible and not missing from the drinking fountain. The quality of the image is rated 0.9, as it is clear and well-lit, with no apparent issues that would detract from its quality."}, {"ans": [true, true, 0.9], "reasoning": "The image clearly shows a revolver, which is the main object. The revolver is positioned in a way that its trigger guard is not visible, indicating it is either missing or not visible. The image is of high quality, with clear details of the revolver and its components."}, {"ans": [true, false, 0.9], "reasoning": "The image depicts a detailed illustration of a compass rose, which is the main object in the image. The compass rose is intricately designed with various elements, including a north arrow that is clearly visible. Therefore, the answer to Question 1 is True. Since the north arrow is visible, the answer to Question 2 is False. The quality of the image is rated 0.9 because it is a clear and detailed illustration, with no visible distortions or degradations that would affect the visibility of the main object or its key elements."}, {"ans": [true, false, 0.9], "reasoning": "The image depicts a futuristic cityscape with tall, sleek skyscrapers that are prominently featured in the foreground and background. The skyscrapers have a metallic appearance with neon pink lights accentuating their structures, and some of them have visible windows. The presence of skyscrapers satisfies the first question. For the second question, the windows on the skyscrapers are visible, particularly on the buildings in the foreground, so they are not missing or invisible. The image quality is high, with clear details and vibrant colors, hence a quality score of 0.9."}, {"ans": [true, true, 1.0], "reasoning": "The image depicts a conductor standing with his back to the camera, leading an orchestra. His arms are raised, and he is not holding a baton in either hand. The presence of the conductor is clear, answering the first question affirmatively. For the second question, since the conductor's hands are empty and there is no visible baton, it is considered missing or not visible. The image is of high quality, clearly showing the conductor and the orchestra, and the lack of a baton does not detract from the overall quality."}, {"ans": [false, true, 1.0], "reasoning": "The image shows a soccer field with markings, but there is no visible soccer goal in the image. Therefore, the answer to Question 1 is False. Since there is no soccer goal visible, the crossbar is also not visible, making the answer to Question 2 True. The image quality is considered good as it clearly shows the details of the soccer field, hence the quality score is 1."}, {"ans": [true, false, 1.0], "reasoning": "The image clearly shows a microscope on a table. The microscope has multiple lenses visible, so it is not missing lenses. The quality of the image is high as it is clear and well-lit, showing all parts of the microscope in detail."}]