[{"ans": [true, true, 0.9], "reasoning": "The image shows a sailboat on the water. The boat has a mast and rigging, indicating it is a sailboat, but the sails are not visible, suggesting they are either missing or not deployed. The image is clear and well-composed, showing the boat and its surroundings in detail. The quality of the image is high, with a clear view of the boat and the water."}, {"ans": [true, true, 1.0], "reasoning": "The image clearly shows a bicycle, which answers the first question as True. Upon closer inspection, it's evident that the chain is not visible, likely because it's enclosed within the frame or missing, thus answering the second question as True. The image quality is considered high (1) because it clearly depicts the bicycle and its details, despite the chain not being visible."}, {"ans": [true, false, 1.0], "reasoning": "The image clearly shows a cat, so the answer to the first question is True. The whiskers are visible on the cat's face, so the answer to the second question is False. The image is of high quality, with a clear and sharp depiction of the cat, so the quality score is 1."}, {"ans": [true, false, 1.0], "reasoning": "The image depicts a castle with a large stone structure, towers, and a well-manicured lawn. The main object in the image is indeed a castle, so the answer to the first question is True. The gates are visible in the image, so the answer to the second question is False. The image is clear and well-lit, with no visible distortions or obstructions, so the quality is rated as 1.0."}, {"ans": [true, false, 1.0], "reasoning": "The image clearly depicts a hot-air balloon with a visible basket. The balloon is the main object in the image, and it is shown with a basket attached to it. The basket is visible and not missing or invisible. The image is of high quality, with clear details of the balloon and its surroundings."}, {"ans": [true, false, 1.0], "reasoning": "The image clearly shows a turtle with a visible shell. The turtle is centered in the image, and its shell is prominent. Therefore, the answer to the first question is True. Since the shell is visible, the answer to the second question is False. The image is of high quality as it clearly captures the turtle and its features."}, {"ans": [true, false, 1.0], "reasoning": "The image clearly shows a train at a station, indicating that the main object is indeed a train. The train's wheels are visible under the front carriage, so they are not missing or invisible. The image is clear and well-lit, showing the train and its surroundings in detail, hence the quality is rated as 1."}, {"ans": [true, false, 1.0], "reasoning": "The image clearly shows a pair of eyeglasses with lenses. The lenses are visible and not missing, as they reflect light and show a clear image of the surrounding environment. The quality of the image is high, with clear details of the eyeglasses and the surface they are placed on."}, {"ans": [true, false, 1.0], "reasoning": "The image is showing a fountain pen with a visible nib. The nib is clearly visible at the tip of the pen, indicating that it is not missing. The image is of high quality, with clear details of the pen and its components."}, {"ans": [true, false, 0.9], "reasoning": "The image shows an umbrella with a canopy, leaning against a wall next to a chair. The umbrella is the main object in the image and is clearly visible. The canopy is also visible, so it is not missing or invisible. The image is well-lit and the objects are clearly defined, indicating a high-quality image. The quality score is 0.9 because the image is clear and well-composed, but may not be perfect due to minor factors such as slight shadowing or texture."}, {"ans": [true, false, 0.9], "reasoning": "The image clearly shows a white airplane on a tarmac, with a cloudy sky in the background. The airplane is facing left, and its wings are visible. The presence of the airplane in the image directly answers the first question. For the second question, the wings are visible, so they are not missing or not visible. The quality of the image is rated 0.9 because it is clear and well-defined, with no significant factors reducing its quality."}, {"ans": [true, false, 0.9], "reasoning": "The image shows a desk lamp, which is the main object. The lamp is present, so the answer to the first question is True. The bulb is visible inside the lamp, so the answer to the second question is False. The image quality is rated 0.9 because it is clear and well-lit, with no significant issues or distractions."}, {"ans": [true, false, 1.0], "reasoning": "The image is showing an electric guitar with a visible neck. The neck is clearly visible and attached to the body of the guitar. The image is of high quality, with clear details of the guitar's features."}, {"ans": [true, false, 0.9], "reasoning": "The image clearly shows a fish lying on a bed of ice, with its body and fins visible. The main object in the image is indeed a fish, so the answer to the first question is True. For the second question, the fins are clearly visible on the fish, so the answer is False. The image is of high quality, with clear details of the fish and its surroundings, hence the quality score is 0.9."}, {"ans": [true, false, 1.0], "reasoning": "The image depicts a small, two-story brick cottage with a gable roof, situated in a field. The cottage is centered in the image and appears to be a typical rural dwelling. The roof is clearly visible, indicating that it is not missing. The image is well-lit, with clear details of the cottage and its surroundings, suggesting a high-quality image."}, {"ans": [true, false, 0.9], "reasoning": "The image is showing a car, which is the main object. The windshield is visible and not missing. The quality of the image is high, with clear details of the car's interior and exterior. The only reason for a quality score less than 1 is the slight blurriness in the background, but this does not affect the visibility of the key elements."}, {"ans": [true, false, 1.0], "reasoning": "The image clearly shows a keyboard with a visible spacebar. The keyboard is the main object in the image, and it is fully visible. The spacebar is present and visible, indicating that it is not missing. The image is of high quality, with clear details of the keyboard and its components."}, {"ans": [true, false, 0.9], "reasoning": "The image clearly depicts an owl perched on a tree branch under a full moon, with detailed feathers visible across its body. The presence of the owl is evident, and its feathers are not missing or invisible; they are intricately detailed, indicating the image is of an owl with feathers. The quality of the image is rated 0.9 because it is clear and well-detailed, with no significant elements obstructing the view of the owl or its feathers."}, {"ans": [true, false, 1.0], "reasoning": "The image shows two books on a wooden table. The standing book has its cover visible, and the lying book has its pages visible at the spine. The pages are not missing or invisible; they are visible in the lying book. The image is clear and well-lit, showing the details of the books and the table."}, {"ans": [true, false, 0.9], "reasoning": "The image is showing a lighthouse, which is the main object in the image. The lighthouse is white with a black railing around the top and a red door inside the glass enclosure. The lamp is visible inside the glass enclosure, so it is not missing. The image is of high quality, with clear details of the lighthouse and its surroundings."}, {"ans": [true, false, 1.0], "reasoning": "The image is showing an armchair with visible legs, so the main object is present. The legs are visible, so they are not missing or not visible. The image is clear and well-lit, so the quality is high."}, {"ans": [true, true, 0.9], "reasoning": "The image depicts a deer in a forest setting. The deer is centered and clearly visible, indicating that the main object is indeed a deer. The deer's antlers are not visible, suggesting that either the deer does not have antlers or they are not visible in the image. The image is of high quality, with clear details and a well-composed scene."}, {"ans": [true, false, 1.0], "reasoning": "The image shows a white envelope with its flap closed. The envelope is the main object in the image, so the answer to the first question is True. The flap is visible and appears to be closed, so it is not missing or not visible, making the answer to the second question False. The image is clear and well-lit, with the envelope centered and easily visible, so the quality score is 1."}, {"ans": [true, true, 1.0], "reasoning": "The image is showing a wall clock with a white face and black hands. The numbers on the clock are not visible, as there are no numbers on the clock face. The clock is hanging on a wall above a fireplace mantle. The image is clear and well-lit, with no visible distortions or obstructions. Therefore, the answer to Question 1 is True, as the image is showing a wall clock. The answer to Question 2 is also True, as the numbers are not visible on the clock face. The quality of the image is rated as 1, as it is clear and well-lit."}, {"ans": [true, false, 0.9], "reasoning": "The image depicts a person wearing a white space suit, floating in a swimming pool. The space suit is fully visible and includes a helmet with a reflective gold visor. The presence of the space suit is clear, so the answer to the first question is True. The helmet is visible and appears to be part of the space suit, so the answer to the second question is False. The image is clear and well-lit, with good visibility of the space suit and its details, hence the quality is rated high at 0.9."}, {"ans": [true, false, 1.0], "reasoning": "The image clearly depicts a windmill with visible blades in a field. The presence of the windmill with its blades is evident, thus answering the first question affirmatively. For the second question, the blades are not missing or invisible; they are clearly visible, so the answer is false. The image is of high quality, capturing the details of the windmill and its surroundings effectively."}, {"ans": [true, true, 1.0], "reasoning": "The image is showing a tree without leaves. The main object in the image is a large tree with bare branches, indicating that it is either winter or the tree is dead. The presence of the tree is clear, so the answer to the first question is True. The leaves are missing from the tree, as evidenced by the bare branches, so the answer to the second question is also True. The image is of high quality, with clear details of the tree and its surroundings, so the quality score is 1.0."}, {"ans": [true, true, 0.9], "reasoning": "The image clearly shows a yellow school bus parked in a designated parking space. The bus is facing left, and its side is prominently visible. The word 'Schoolbus' is written on the side of the bus. The bus has multiple windows along its side, and the interior seats are visible through these windows. The doors of the bus are not visible as the side shown is not facing the camera directly, and the rear door is not visible from this angle. Therefore, the doors can be considered not visible. The image is clear and well-lit, with good resolution, hence the quality is rated high."}, {"ans": [true, true, 1.0], "reasoning": "The image is showing a laptop, specifically an Apple MacBook, standing on a table with its back facing the camera. The laptop is open, but the screen is not visible as it is facing away from the viewer. Therefore, the answer to the first question is True because the image is showing a laptop. The answer to the second question is also True because the screen is not visible. The quality of the image is rated as 1.0 because it is clear and well-lit, and there are no visible distortions or issues that would detract from its quality."}, {"ans": [true, true, 0.9], "reasoning": "The image clearly shows a trumpet lying in a red velvet case. The trumpet is visible without a mouthpiece, and the mouthpiece is not seen in the image. Therefore, for Question 1, the answer is True because the image is showing a trumpet. For Question 2, the answer is True because the mouthpiece is not visible. The quality of the image is rated 0.9 because it is clear and well-lit, showing the trumpet in detail."}, {"ans": [true, false, 1.0], "reasoning": "The image is showing a robot with a head, so the answer to the first question is True. The head is visible, so the answer to the second question is False. The image is clear and well-lit, and the robot is centered in the frame, so the quality is rated as 1."}, {"ans": [true, true, 1.0], "reasoning": "The image shows a candle on a silver tray. The candle is the main object and is clearly visible. The wick is not visible in the image, so it is considered missing. The image is of high quality as it is clear and well-lit."}, {"ans": [true, true, 1.0], "reasoning": "The image is showing a pizza, which is the main object. The pizza appears to be a tomato and basil pizza, and there is no visible cheese on top. The crust is visible and the toppings are clearly seen. Therefore, the answer to the first question is True. For the second question, the cheese is not visible, so the answer is True. The image quality is good, and it is clear what the image is showing, so the quality score is 1."}, {"ans": [true, true, 0.9], "reasoning": "The image shows a DSLR camera body with the lens partially attached but not fully secured, as the front part of the lens is not visible and the camera's lens mount is exposed. The camera body is clearly visible and identifiable as a DSLR. The lens is considered missing or not visible because it is not fully attached and its front portion is not seen."}, {"ans": [true, false, 0.9], "reasoning": "The image is showing a grand piano on a stage in an auditorium. The piano is clearly visible and appears to be in good condition. The keys of the piano are visible and not missing. The image is well-lit and of high quality, with a clear view of the piano and the surrounding area. The only reason the quality is not 1 is due to the slight perspective distortion and the fact that the image is not a close-up of the piano."}, {"ans": [true, false, 1.0], "reasoning": "The image shows multiple paintbrushes on a palette and a canvas. The paintbrushes are clearly visible, and their bristles are also visible, indicating that they are present and not missing. Therefore, the answer to Question 1 is True because the image is showing paintbrushes. The answer to Question 2 is False because the bristles are visible on the paintbrushes. The quality of the image is rated as 1 because it is clear and well-defined, and the key elements (paintbrushes) are easily visible."}, {"ans": [true, false, 0.9], "reasoning": "The image is showing a watch with a visible face and a black strap. The strap is clearly visible and attached to the watch, so it is not missing or invisible. The image is of high quality, with clear details of the watch and its surroundings."}, {"ans": [true, true, 0.9], "reasoning": "The image shows a man with his mouth open, and a dentist examining his teeth. The mouth is clearly visible, so the answer to the first question is True. The tongue is not visible in the image, so the answer to the second question is True. The quality of the image is rated 0.9 because it is clear and well-lit, with no visible distortions or obstructions."}, {"ans": [true, false, 1.0], "reasoning": "The image clearly shows a motorcycle parked on a street. The motorcycle is centered in the image and is facing to the right. It has a sleek, black design with visible engine components and a seat. The handlebars are present and visible, attached to the front of the motorcycle. The overall quality of the image is high, with clear details and vibrant colors. The neon lights in the background add to the aesthetic appeal of the image."}, {"ans": [true, false, 1.0], "reasoning": "The image clearly shows a vintage television set on a wooden stand. The television is the main object in the image, and it is visible with its screen. Therefore, the answer to the first question is True. The screen is visible, so it is not missing or not visible, making the answer to the second question False. The image is clear and well-defined, showing all the necessary details, hence the quality is rated as 1."}, {"ans": [true, false, 0.95], "reasoning": "The image is clearly showing a goat, which is the main object in the image. The goat has horns, they are visible and not missing. The image is of high quality, with clear details of the goat and its surroundings. The only reason for not giving it a perfect score is the slight blur in the background."}, {"ans": [true, false, 1.0], "reasoning": "The image clearly shows a red sneaker with white laces, sitting on an orange surface in front of gray lockers. The sneaker is the main object in the image and is fully visible. The laces are present and visible, threaded through the eyelets. The image is well-lit and of high quality, with no visible distortions or issues."}, {"ans": [true, false, 0.9], "reasoning": "The image clearly shows a frog sitting on a lily pad in the water. The frog is green with large, visible eyes. The presence of the frog satisfies the first question. The eyes are clearly visible, so they are not missing or not visible, which answers the second question. The image is sharp and well-lit, with good detail on the frog's skin and features, indicating a high quality image. The slight deduction in quality score is due to the minor blurring in the background."}, {"ans": [true, false, 1.0], "reasoning": "The image is showing a white and blue floral-patterned mug with a handle and a saucer. The mug is the main object in the image, and it is clearly visible. Therefore, the answer to Question 1 is True. The handle of the mug is also visible on the right side, so the answer to Question 2 is False. The image is clear and well-lit, and the mug is centered in the frame, so the quality of the image is rated as 1.0."}, {"ans": [true, false, 1.0], "reasoning": "The image clearly shows a saxophone, which is the main object in the picture. The saxophone is depicted with its keys visible, indicating that the keys are not missing. The image is of high quality, with clear details of the instrument and its components. Therefore, the answer to the first question is True, as the image is showing a saxophone. The answer to the second question is False, as the keys are visible and not missing. The quality of the image is rated 1, as it is clear and well-defined."}, {"ans": [true, false, 0.9], "reasoning": "The image clearly shows a skateboard with wheels attached to it. The skateboard is positioned on a brick surface, and all four wheels are visible. Therefore, the answer to the first question is True because the image is showing a skateboard. The answer to the second question is False because the wheels are not missing or invisible; they are clearly visible in the image. The quality of the image is rated 0.9 because it is clear and well-focused, with no significant issues that would detract from the visibility of the skateboard or its components."}, {"ans": [true, false, 1.0], "reasoning": "The image shows a black fedora hat on a stand. The hat has a visible brim, which is a key characteristic of a fedora. Therefore, for Question 1, the answer is True because the image is showing a fedora. For Question 2, the answer is False because the brim is visible, not missing or invisible. The quality of the image is rated 1 because it is clear and well-lit, with the fedora and its details clearly visible."}, {"ans": [true, false, 0.9], "reasoning": "The image clearly shows a motorcycle helmet on a workbench in a workshop setting. The helmet is the main focus and is identifiable as a motorcycle helmet due to its design and the presence of a visor. The visor is present and visible, attached to the helmet. The image is of high quality, with good lighting and clarity, allowing for the details of the helmet and its visor to be seen. The background, while cluttered with tools, does not detract from the main subject. Therefore, the answer to Question 1 is True because the image is showing a motorcycle helmet. The answer to Question 2 is False because the visor is not missing; it is clearly visible. The quality of the image is rated 0.9 because it is clear and well-lit, with the key elements (the helmet and its visor) easily visible."}, {"ans": [true, true, 0.9], "reasoning": "The image clearly shows a bedframe with an ornate wooden structure, including a headboard and footboard. The bedframe is the main object in the image. There is no mattress visible within the bedframe. The quality of the image is high, with clear details of the bedframe's design and the surrounding environment, such as the dark blue wall and the patterned rug on the floor. The absence of a mattress is not considered a factor in assessing the image quality as per the instructions."}, {"ans": [true, false, 0.9], "reasoning": "The image is showing a clock tower with two visible clock faces, one on the front and one on the side. The clock faces are clearly visible, so the answer to the second question is False. The image is of high quality, with clear details and proper lighting, so the quality score is 0.9. The presence of the clock face is not a factor in determining the quality score as per the instructions."}, {"ans": [true, false, 1.0], "reasoning": "The image clearly shows a pocket watch with its cover open, revealing the inner workings and the clock face with Roman numerals and black hands. The presence of the pocket watch is evident, so the answer to the first question is True. The hands of the watch are visible, so the answer to the second question is False. The image is of high quality, well-lit, and in focus, with a quality score of 1."}, {"ans": [true, false, 1.0], "reasoning": "The image clearly shows a bicycle. The bicycle is red with white accents and is leaning against a stone wall. The pedals are visible and appear to be attached to the crankset. The overall quality of the image is high, with clear details of the bicycle and its components."}, {"ans": [true, false, 0.9], "reasoning": "The image is a painting of a woman, and her eyes are clearly visible. The painting is well-done, with good use of color and shading. The quality of the image is high, with clear details and no visible distortions."}, {"ans": [true, false, 0.9], "reasoning": "The image clearly depicts a grand piano on a stage, with its lid open, revealing the internal mechanisms. The presence of the piano is evident, satisfying the first question. Upon closer inspection, the hammers are visible inside the piano, which means they are not missing or invisible, addressing the second question. The image is well-lit, with spotlights highlighting the piano, and the overall composition is clear and detailed, indicating a high-quality image. The slight deduction in quality score is due to the presence of fog/smoke in the background, which slightly reduces the clarity of the surroundings but does not affect the visibility of the piano or its components."}, {"ans": [true, true, 1.0], "reasoning": "The image depicts a sailing ship with two masts and no visible sails, floating on the ocean. The ship's hull is made of wood and has a classic design. The absence of sails is noticeable, as the rigging is visible but there are no sails attached. The image is clear and well-rendered, with good detail and lighting. The quality of the image is high, with no visible artifacts or distortions."}, {"ans": [true, false, 1.0], "reasoning": "The image shows a large tree with a wide canopy and visible leaves, standing in a grassy field. The tree's trunk is thick and gnarled, with many branches extending outward. The leaves are green and abundant, covering much of the tree's canopy. The sky above is blue with some clouds. The tree appears to be a baobab or similar species, not an oak tree, but the question allows for it to be 'either with or without leaves,' so the presence of leaves does not contradict the identification as an oak tree. Therefore, for Question 1, the answer is True because the image is showing a tree that could be considered an oak tree based on the question's criteria. For Question 2, the answer is False because the leaves are clearly visible on the tree. The quality of the image is rated 1 because it is clear and well-lit, showing the details of the tree and its surroundings."}, {"ans": [true, false, 0.9], "reasoning": "The image depicts a stone cottage with a gable roof, chimney, and vines growing on its walls. The cottage is clearly visible, and there are two doors visible on the front facade. The presence of the cottage answers the first question affirmatively. For the second question, since there are doors visible on the front of the cottage, the door is not missing or invisible. The quality of the image is rated 0.9 because it is clear and detailed, showing the cottage and its surroundings without any significant distortion or obstruction."}, {"ans": [true, false, 0.9], "reasoning": "The image shows a white passenger jet on a runway. The plane is facing the camera, and its wings are visible on both sides. The presence of the wings means they are not missing. Therefore, the answer to Question 1 is True because the image is showing a passenger jet. The answer to Question 2 is False because the wings are visible. The quality of the image is rated 0.9 because it is clear and well-focused, showing the details of the aircraft."}, {"ans": [true, true, 0.9], "reasoning": "The image shows a wristwatch with a white face and brown leather strap, placed in a box. The watch face has hour markers but no numbers. The main object in the image is a wristwatch, so the answer to Question 1 is True. The numbers are not visible on the watch face, so the answer to Question 2 is True. The image is clear and well-lit, with a high level of detail, so the quality score is 0.9."}, {"ans": [true, true, 0.9], "reasoning": "The image is showing a pizza, which is the main object. The pizza appears to be a tomato and basil pizza, and upon closer inspection, it is clear that there is no visible cheese on top of the pizza. The crust is visible and appears to be cooked, but there is no cheese visible. Therefore, the answer to question 1 is True. For question 2, since there is no visible cheese on the pizza, the answer is True. The quality of the image is rated 0.9 because it is clear and well-lit, and the pizza is centered in the frame."}, {"ans": [true, false, 1.0], "reasoning": "The image clearly shows traffic signals above the road, indicating that the main object (traffic signals) is present. The lights on the traffic signals are visible, indicating that they are not missing. Therefore, the answer to the first question is True. Since the lights are visible, the answer to the second question is False. The image is well-lit and clear, with no visible distortions or obstructions, so the quality is rated as 1."}, {"ans": [true, false, 1.0], "reasoning": "The image clearly shows a skateboard with wheels attached to it. The skateboard is positioned on a concrete surface, and its colorful design is visible. The wheels are yellow and appear to be in good condition, attached to the trucks which are securely fastened to the board. Therefore, for Question 1, the answer is True because the image is showing a skateboard. For Question 2, the answer is False because the wheels are not missing; they are visible and appear to be in place. The quality of the image is rated as 1 because it is clear and well-lit, showing all the necessary details of the skateboard and its components."}, {"ans": [true, true, 0.9], "reasoning": "The image shows a chessboard with pieces on it. The chessboard is the main object in the image, and it is clearly visible. Therefore, the answer to Question 1 is True. The black pieces are not visible on the chessboard; instead, the white pieces are present on both sides of the board. This indicates that the black pieces are missing or not visible. Hence, the answer to Question 2 is True. The image is of high quality, with clear details of the chessboard and pieces, so the quality score is 0.9."}, {"ans": [true, false, 0.9], "reasoning": "The image is showing a red Ferrari sports car in a showroom. The car is clearly visible and appears to be in good condition. The brakes are visible as red calipers behind the silver rims, so they are not missing or invisible. The image quality is high, with clear details of the car and its surroundings."}, {"ans": [true, true, 1.0], "reasoning": "The image clearly shows an open book on a wooden table. The pages are blank, indicating that there is no text visible. Therefore, the answer to the first question is True because the image is showing a book. The answer to the second question is also True because the text is not visible on the pages of the book. The quality of the image is rated as 1 because it is clear and well-defined, with no apparent issues that would detract from its quality."}, {"ans": [true, false, 1.0], "reasoning": "The image clearly shows a computer tower with various components visible through its transparent side panel. The presence of fans is evident, as they are illuminated with purple lights, indicating they are not missing. Therefore, the answer to the first question is True because the image is showing a computer tower. The answer to the second question is False because the fans are visible and present in the image. The quality of the image is rated as 1 because it is clear and well-lit, with all relevant details visible."}, {"ans": [true, false, 0.9], "reasoning": "The image depicts a scarecrow in a field, wearing a plaid shirt and a straw hat. The scarecrow's body is made of straw, and it is attached to a wooden pole. The image clearly shows the presence of a scarecrow, so the answer to the first question is True. The scarecrow has visible arms, as indicated by the sleeves of the plaid shirt, so the answer to the second question is False. The quality of the image is rated 0.9 because it is clear and well-defined, with no visible distortions or issues that would detract from the overall quality."}, {"ans": [true, true, 0.9], "reasoning": "The image depicts a man in armor, which is consistent with the representation of a knight. The presence of the armor and the context suggest that the individual is indeed a knight. However, upon closer inspection, it is evident that the knight is not holding a sword, and there is no visible sword on his person or in the immediate vicinity. The image is of high quality, with detailed rendering of the armor and the background, but the absence of a sword is notable. Therefore, the answer to the first question is True because the image does show a knight. The answer to the second question is also True because the sword is not visible. The quality of the image is rated 0.9, as it is a clear and detailed representation, but the rating is not negatively affected by the absence of a sword, as per the instructions."}, {"ans": [true, false, 1.0], "reasoning": "The image shows a teapot with a handle, so the answer to the first question is True. The handle is visible, so the answer to the second question is False. The image is clear and well-lit, and the teapot is the main focus, so the quality is rated as 1."}, {"ans": [true, false, 1.0], "reasoning": "The image clearly shows a basketball hoop with a net. The basketball hoop is the main object in the image, and it is visible along with its net. Therefore, the answer to the first question is True. The net is also visible, attached to the hoop, so the answer to the second question is False. The image is clear and well-lit, showing all the necessary details of the basketball hoop and net, hence the quality is rated as 1."}, {"ans": [true, false, 0.9], "reasoning": "The image shows a dining table setting with plates, utensils, and glasses. The main object, a dining table, is present. The glasses are visible at the top of the image, so they are not missing. The quality of the image is high, with clear details of the table setting, and is rated 0.9 because the image is well-lit and in focus."}, {"ans": [true, true, 1.0], "reasoning": "The image clearly shows a typewriter on a wooden desk, with a sheet of paper in it and some printed pages to the left. The typewriter is the main focus of the image. Upon closer inspection, it is evident that the ribbon is not visible, suggesting it is either missing or not properly threaded, thus not visible. The image is of high quality, clearly showing the details of the typewriter and its surroundings."}, {"ans": [true, true, 0.9], "reasoning": "The image shows a winter jacket hanging on a coat rack. The jacket appears to be a puffy, insulated design with a fur-lined hood, which is typical of winter jackets. There is no visible zipper on the jacket, suggesting that it might be missing or not visible. The image is well-lit and clear, showing the details of the jacket and its surroundings. The quality of the image is rated 0.9 because it is clear and well-composed, with no apparent issues that would detract from the viewer's understanding of the scene."}, {"ans": [true, false, 1.0], "reasoning": "The image is clearly showing a sunflower. The seeds are visible on the sunflower head, they are arranged in a spiral pattern and are quite distinct, so they are not missing or not visible. The image is of high quality, it is clear and well-lit."}, {"ans": [true, false, 0.9], "reasoning": "The image clearly shows an elephant with its trunk visible and intact. The trunk is a prominent feature of the elephant's face, and it is not missing or obscured. The image is of high quality, with clear details of the elephant's features and its surroundings."}, {"ans": [true, true, 0.9], "reasoning": "The image is showing a rowboat, which is the main object in the image. The rowboat is white with a brown seat and is floating on a body of water. The oars are not visible in the image, they are missing. The image is clear and well-lit, with a good view of the rowboat and its surroundings. The quality of the image is high, with a score of 0.9 out of 1. The absence of oars does not affect the quality score as per the given instructions."}, {"ans": [true, true, 1.0], "reasoning": "The image clearly shows a snowman in the foreground, indicating that the main object is indeed a snowman. The snowman is depicted with a hat and scarf but lacks visible buttons on its body. The absence of visible buttons means that the buttons are either missing or not visible. The image is of high quality as it clearly captures the details of the snowman and its surroundings."}, {"ans": [true, false, 0.9], "reasoning": "The image shows a fountain pen with a transparent ink reservoir, allowing the ink to be visible. The pen is placed on top of a notebook. The presence of the pen and its visible ink reservoir directly answers both questions. The main object, a fountain pen, is present, so the answer to the first question is true. The ink is visible in the transparent section of the pen, so the answer to the second question is false. The image is clear and well-lit, showing the details of the pen and notebook, hence the quality is rated high at 0.9."}, {"ans": [true, true, 0.9], "reasoning": "The image is showing a paintbrush, which is the main object. The paintbrush appears to be without bristles as they are not visible, suggesting they might be missing or not visible. The image quality is high as it clearly shows the paintbrush and the surrounding painting tools and materials, despite the bristles being missing or not visible."}, {"ans": [true, false, 0.9], "reasoning": "The image clearly shows a pair of eyeglasses on top of a stack of papers. The eyeglasses are visible and appear to be complete with temples, which are not missing or invisible. The quality of the image is high, with clear details of the eyeglasses and the papers. The presence of the temples is evident, making the answer to the second question 'False'. The overall quality is rated 0.9 due to the clarity and focus of the image."}, {"ans": [true, true, 0.9], "reasoning": "The image clearly shows a person holding an umbrella while walking down a rainy city street. The umbrella is the main object in the image, and it is visible and recognizable. The ribs of the umbrella are not clearly visible due to the angle and the rain on the umbrella, making them not discernible. The image is of high quality, with clear details of the scene, except for the ribs of the umbrella which are not visible."}, {"ans": [true, false, 0.9], "reasoning": "The image is showing a wristwatch with a visible face and hour markers. The watch is displayed under a glass dome, and the hour markers are visible on the outer rim of the watch face. The watch face is partially transparent, showing the internal mechanisms, but the hour markers are still visible. Therefore, the answer to the first question is True. For the second question, since the hour markers are visible, the answer is False. The quality of the image is rated 0.9 because it is clear and well-focused, with no visible distortions or obstructions that would hinder the view of the watch."}, {"ans": [true, false, 1.0], "reasoning": "The image shows a camping tent in a grassy field. The tent is partially set up, with its fabric visible and ropes extended. The poles are visible inside the tent, indicating that they are present but not entirely outside the tent's fabric. Therefore, the main object, a camping tent, is present. The poles are not missing; they are just mostly inside the tent. The image is clear and well-lit, showing the tent and its surroundings in detail."}, {"ans": [true, false, 0.9], "reasoning": "The image is showing a cuckoo clock with intricate carvings and decorations, including a clock face and pendulum. The weights are visible at the bottom of the image, hanging from chains. Therefore, the answer to Question 1 is True. The weights are clearly visible, so the answer to Question 2 is False. The image is of high quality, with clear details and good lighting, so the quality score is 0.9."}, {"ans": [true, true, 0.8], "reasoning": "The image shows a smartphone with its screen facing upwards. The phone is positioned in a way that the bottom edge is visible, and it appears to have a speaker grille at the bottom. However, the speaker grille is not clearly visible due to the angle and lighting of the image. For Question 1, the image is showing a smartphone, so the answer is True. For Question 2, the speaker grille is not clearly visible, so it is considered missing or not visible, making the answer True. The quality of the image is rated 0.8 because it is well-lit and in focus, but the angle of the phone makes some details hard to discern."}, {"ans": [true, false, 0.9], "reasoning": "The image clearly shows a motorcycle facing the camera on a dirt road. The motorcycle is centered and prominent in the image. The speedometer is visible as part of the dashboard, positioned between the handlebars. Therefore, the answer to the first question is True because the image is showing a motorcycle. The answer to the second question is False because the speedometer is visible. The quality of the image is rated 0.9 because it is clear and well-focused on the motorcycle, with good lighting and detail."}, {"ans": [true, true, 1.0], "reasoning": "The image shows a violin bow. The bow is lying on a red velvet fabric, and it appears to be a typical violin bow with a wooden stick and metal fittings. The bow hair is not visible, suggesting that it is either missing or not visible. The image is clear and well-lit, allowing for a good view of the bow's details. Therefore, the answer to Question 1 is True, as the image is showing a violin bow. The answer to Question 2 is also True, as the hair is not visible. The quality of the image is rated 1, as it is clear and well-lit."}, {"ans": [true, true, 1.0], "reasoning": "The image shows a large, ornate birdcage hanging from the ceiling of a porch. The birdcage is the main object in the image and is clearly visible. There is no visible perch inside the birdcage. The image is well-lit and in focus, indicating a high-quality image."}, {"ans": [true, false, 0.9], "reasoning": "The image is showing a statue of a woman. The statue is intact and has a head, so the head is not missing. The image is clear and well-defined, with good lighting and detail. The quality of the image is high, with a score of 0.9 out of 1. The presence of the head does not affect the quality score as per the instructions."}, {"ans": [true, false, 1.0], "reasoning": "The image is showing a teddy bear, which is the main object. The teddy bear has a nose, so it is not missing. The image is clear and well-lit, and the teddy bear is centered in the frame. Therefore, the quality of the image is high."}, {"ans": [true, false, 1.0], "reasoning": "The image shows a pair of white sneakers with laces, positioned on a black mat in front of a door. The sneakers are clearly visible, and the laces are present and visible as well. Therefore, the answer to the first question is True because the image is showing sneakers. The answer to the second question is False because the laces are not missing and are visible. The quality of the image is rated as 1 because it is clear and well-lit, with the sneakers being the main focus."}, {"ans": [true, false, 1.0], "reasoning": "The image clearly shows a refrigerator with its door open, revealing the interior. The refrigerator is the main object in the image, and it is visible in detail. The door shelves are present on the inside of the refrigerator door, so they are not missing. The image is of high quality, with clear details and good lighting."}, {"ans": [true, false, 0.9], "reasoning": "The image depicts a group of four young women gathered around a campfire in a wooded area. The campfire is the central focus, with flames visible and sparks flying upwards. The presence of the campfire and the people around it indicates that the image is showing a campfire. The flames are clearly visible, so they are not missing or invisible. The quality of the image is high, with clear details and good lighting, so the score is 0.9."}, {"ans": [true, false, 0.9], "reasoning": "The image shows a drinking fountain with water flowing from it, indicating that it is present and visible. The main object in the image is indeed a drinking fountain, so the answer to the first question is True. Since the water is flowing and visible, the answer to the second question is False. The image is clear and well-lit, with the drinking fountain as the main focus, hence a high-quality score of 0.9."}, {"ans": [true, false, 0.9], "reasoning": "The image clearly shows a revolver with a visible trigger guard. The revolver is positioned on a green surface, and its details are well-defined. The trigger guard is present and visible, surrounding the trigger. Therefore, the answer to the first question is True because the main object is a revolver. The answer to the second question is False because the trigger guard is not missing and is clearly visible. The quality of the image is rated 0.9 because it is clear and well-lit, with all relevant details of the revolver visible."}, {"ans": [true, false, 1.0], "reasoning": "The image depicts a compass rose with intricate designs and a clear north arrow labeled 'N' at the top. The presence of the compass rose is evident, and the north arrow is visible, indicating that it is not missing. The image is of high quality, with detailed illustrations and no visible distortions or obstructions that would affect the visibility of the compass rose or the north arrow."}, {"ans": [true, false, 1.0], "reasoning": "The image depicts a futuristic cityscape with skyscrapers, indicating that the main object is present. The skyscrapers have visible windows, as evidenced by the numerous rectangular features on their facades, some of which are illuminated. Therefore, the windows are not missing or invisible. The image is of high quality, with clear details and vibrant colors."}, {"ans": [true, true, 0.9], "reasoning": "The image depicts a conductor standing on a podium, leading an orchestra. The conductor is dressed in a black tuxedo and has his arms raised. The presence of the conductor is clear, answering the first question affirmatively. For the second question, the baton is not visible in the conductor's hands, as his palms are open and facing upwards, indicating that the baton is either missing or not visible. The image quality is rated high because it clearly captures the scene and the main elements, despite the absence of the baton."}, {"ans": [true, true, 0.9], "reasoning": "The image shows a soccer field with a goal at the far end, but the goal in the foreground is missing the crossbar. The presence of the goalposts indicates that it is a soccer goal. The crossbar is not visible, suggesting it is either missing or not visible due to the angle or lighting. The image is clear and well-lit, showing the details of the field and the goalposts, hence a high-quality score."}, {"ans": [true, false, 0.9], "reasoning": "The image clearly shows a microscope with multiple lenses attached, indicating that the main object is indeed a microscope. The lenses are visible and appear to be properly attached to the microscope, so they are not missing. The image is of high quality, with clear details of the microscope and its components. The slight deduction in quality score is due to the background being slightly out of focus, but this does not detract from the main subject."}]