[{"ans": [true, true, 1.0], "reasoning": "The image is showing a sailboat, which is the main object. The sails are not visible as they are furled or not deployed, hence they are considered missing or not visible. The image is clear and of high quality, with no visible artifacts or distortions."}, {"ans": [true, false, 1.0], "reasoning": "The image clearly shows a red bicycle leaning against a brick wall. The bicycle is intact and has a visible chain connecting the pedals to the rear wheel, so the chain is not missing or invisible. The image is sharp and well-lit, with no visible artifacts or distortions, hence the quality is rated as 1."}, {"ans": [true, false, 1.0], "reasoning": "The image clearly shows a cat sitting on a windowsill. The cat is the main object in the image and is easily identifiable. The whiskers of the cat are visible, indicating that they are not missing or invisible. The image is of high quality, with clear details and no visible artifacts or distortions. Therefore, the answer to Question 1 is True because the image is showing a cat. The answer to Question 2 is False because the whiskers are visible. The quality of the image is rated 1.0 because it is clear and well-defined."}, {"ans": [true, true, 0.95], "reasoning": "The image depicts a large stone structure with a prominent arched entrance, characteristic of a castle. The presence of towers and battlements further supports this identification. The gates, which would typically be found at the entrance, are not visible, suggesting they are either missing or not visible. The image is clear and well-defined, with no noticeable artifacts or distortions that would detract from its quality."}, {"ans": [true, false, 1.0], "reasoning": "The image clearly shows a hot-air balloon with a visible basket, so the answer to the first question is True. The basket is visible and not missing, so the answer to the second question is False. The image is of high quality, with no visible artifacts, blurring, or other issues, so the quality score is 1."}, {"ans": [true, false, 0.95], "reasoning": "The image clearly shows a turtle with a visible shell, indicating that the main object (turtle) is present. The shell is not missing or invisible; it is clearly visible on the turtle's back. The image is of high quality with clear details and no noticeable artifacts or distortions that would affect the visibility of the turtle or its shell."}, {"ans": [true, false, 0.9], "reasoning": "The image clearly shows a train at a station, so the answer to the first question is True. The wheels of the train are visible in the image, so the answer to the second question is False. The image is clear and well-lit, with no visible artifacts or distortions, so the quality score is 0.9. The slight deduction from 1 is due to the fact that the image is not perfectly sharp, but it is still very clear."}, {"ans": [true, false, 0.95], "reasoning": "The image clearly shows a pair of eyeglasses with lenses. The lenses are visible and appear to be intact, so they are not missing. The image is sharp and well-lit, with no visible artifacts or distortions that would detract from its quality. The only reason for not giving it a perfect score is the slight blur in the background, but it does not affect the main subject."}, {"ans": [true, false, 1.0], "reasoning": "The image clearly shows a fountain pen with a visible nib, indicating that the main object is present. The nib is not missing or invisible, as it is clearly visible at the tip of the pen. The image is of high quality, with no visible artifacts, blurring, or other issues that would affect the quality score."}, {"ans": [true, true, 0.95], "reasoning": "The image shows two umbrellas lying on the ground next to a chair. The umbrellas are not open and their canopies are not visible, indicating that they are either missing or not visible. The main object in the image is the umbrellas, and they are present. The image is clear and well-lit, with no visible artifacts or distortions that would affect the quality. Therefore, the quality score is high at 0.95."}, {"ans": [true, false, 1.0], "reasoning": "The image clearly shows a large white airplane on a runway, with its wings visible. The presence of the airplane satisfies the first question. Since the wings are visible, the answer to the second question is false. The image is of high quality, with no visible artifacts, blurring, or other issues that would affect the quality score."}, {"ans": [false, true, 0.95], "reasoning": "The image shows a lamp, but it is not a desk lamp. It appears to be a banker's lamp, which is typically used on a desk but is not classified as a desk lamp. The bulb is not visible, so it is considered missing. The image quality is high, with clear details and no visible artifacts or distortions."}, {"ans": [true, false, 1.0], "reasoning": "The image clearly shows an electric guitar with its neck attached and visible. The guitar is hanging on a wall, and the neck is not missing or obscured. The image is sharp and well-lit, with no visible artifacts or distortions that would detract from its quality."}, {"ans": [true, false, 0.9], "reasoning": "The image clearly shows a fish, so the answer to the first question is True. The fins are visible on the fish, so the answer to the second question is False. The image is of high quality, with clear details and no visible artifacts or distortions that would significantly impact the visibility of the main object or its key elements, hence the quality score is 0.9."}, {"ans": [true, false, 1.0], "reasoning": "The image is showing a cottage with a roof. The cottage is a small, brick house with a chimney and a gable roof, which is visible and not missing. The image is clear and well-defined, with no visible artifacts, blurring, or other issues that would affect its quality. Therefore, the quality of the image is rated as 1.0."}, {"ans": [true, true, 0.95], "reasoning": "The image is showing a vintage convertible car, which is the main object. The windshield is not visible as the top is down, so it is considered missing or not visible. The image quality is high with clear details and no visible artifacts or distortions, hence a quality score of 0.95."}, {"ans": [true, false, 0.95], "reasoning": "The image is showing a keyboard with a transparent casing, allowing the internal components to be visible. The keyboard has a standard QWERTY layout and is illuminated with colorful backlighting. The spacebar is present and visible on the keyboard. The image is clear and well-lit, with no visible artifacts or distortions. The quality of the image is high, with a score of 0.95 out of 1. The only reason for not giving it a perfect score is the slight gradient effect on the background, which might be considered a minor artifact."}, {"ans": [true, false, 0.95], "reasoning": "The image clearly shows an owl perched on a branch, with its feathers visible and well-defined. The owl is centered in the image, and its feathers are detailed and textured, indicating that they are not missing or invisible. The image is of high quality, with clear details and no visible artifacts or distortions. The only reason the quality is not rated as 1 is due to the slight blurring around the edges of the owl's feathers and the background, but this does not detract significantly from the overall clarity of the image."}, {"ans": [true, true, 0.95], "reasoning": "The image shows a book with a leather cover, but the pages are missing as the book is open and empty. The main object in the image is a book, so the answer to Question 1 is True. The pages are not visible because they are missing, so the answer to Question 2 is True. The image is of high quality, with clear details and no visible artifacts or distortions, so the quality score is 0.95."}, {"ans": [true, false, 1.0], "reasoning": "The image clearly depicts a lighthouse with a lamp visible inside the lantern room at the top. The lighthouse is standing on a rocky cliff overlooking the sea, with a cloudy sky in the background. The presence of the lighthouse and its lamp is evident, and there are no visible artifacts, blurring, or other issues that would affect the image quality."}, {"ans": [true, false, 1.0], "reasoning": "The image shows a beige armchair with a tufted back and wooden legs on a patterned rug. The chair is clearly visible and appears to be in a well-lit room. The legs of the chair are visible, so they are not missing or not visible. The image is clear and well-rendered, with no visible artifacts or distortions."}, {"ans": [true, true, 0.9], "reasoning": "The image is showing a deer without antlers. The deer is clearly visible and centered in the image, indicating that the main object is present. The antlers are missing, so the answer to the second question is also true. The image quality is high, with clear details and natural colors, but not perfect due to slight artifacts around the edges of the deer, hence a quality score of 0.9."}, {"ans": [true, false, 1.0], "reasoning": "The image clearly shows an envelope, which is the main object. The flap of the envelope is visible and not missing, as it is partially open on the right side. The image is of high quality with no visible artifacts, blurring, or other issues that would affect the quality score."}, {"ans": [true, true, 1.0], "reasoning": "The image is showing a wall clock, which is the main object. The clock face is white with black hands, and there are no numbers visible on the clock face. The image is clear and of high quality, with no visible artifacts or distortions. The clock is centered in the image, and the surrounding environment is a plain white wall with a fireplace mantel below it. The overall composition is clean and simple."}, {"ans": [true, false, 0.95], "reasoning": "The image clearly shows an astronaut wearing a white space suit, including a helmet, floating in a swimming pool. The main object, the space suit, is present. The helmet is visible and not missing. The image is of high quality, with clear details and no visible artifacts or distortions. The slight deduction in quality score is due to the slight rippling effect in the water, which is a natural part of the scene and not a defect."}, {"ans": [true, false, 1.0], "reasoning": "The image clearly depicts a windmill with its blades visible, standing in a field of wheat. The windmill is the main object in the image, and it is shown with four blades attached to it. The blades are not missing or invisible; they are clearly visible and appear to be in good condition. The image is of high quality, with clear details and no visible artifacts or distortions. The colors are natural, and the lighting is appropriate for the scene. Therefore, the answer to Question 1 is True because the image is showing a windmill. The answer to Question 2 is False because the blades are not missing or not visible. The quality of the image is rated as 1.0 because it is clear, well-lit, and free of artifacts."}, {"ans": [true, true, 0.95], "reasoning": "The image clearly shows a large tree with many branches, indicating that it is indeed showing a tree. The tree appears to be without leaves, as the branches are bare. The image is of high quality, with clear details and no visible artifacts or distortions. The sun's rays peeking through the branches add to the image's clarity. Therefore, the answer to the first question is True. For the second question, since the tree is without leaves, the answer is True. The quality of the image is rated 0.95 out of 1, as it is clear and well-defined, with no noticeable issues."}, {"ans": [true, true, 0.95], "reasoning": "The image shows a yellow school bus parked in a lot, with its side visible. The bus is clearly identifiable, so the answer to Question 1 is True. The doors of the bus are not visible as the image is taken from the side and rear, so the answer to Question 2 is True. The image is clear and well-lit, with no visible artifacts or distortions, so the quality score is 0.95."}, {"ans": [true, false, 0.95], "reasoning": "The image is showing a laptop with its screen visible, so it answers 'true' to the first question. The screen is not missing or invisible, it is clearly visible, so the answer to the second question is 'false'. The image quality is high with no visible artifacts, blurring, or other issues, so the quality score is 0.95. The slight deduction from 1 is due to the fact that the image is not perfectly sharp, but it's still very clear."}, {"ans": [true, true, 0.95], "reasoning": "The image shows a trumpet lying on a red velvet couch. The trumpet is clearly visible and appears to be a standard brass instrument with valves and a bell. However, the mouthpiece is not attached to the trumpet, indicating it is either missing or not visible. The image is clear and well-lit, with no visible artifacts or distortions that would affect the quality. The quality score is 0.95 because the image is sharp and well-defined, with no noticeable issues."}, {"ans": [true, false, 1.0], "reasoning": "The image is clearly showing a robot with a head, so the answer to the first question is True. The head is visible, so the answer to the second question is False. The image is of high quality, with no visible artifacts, blurring, or other issues, so the quality score is 1."}, {"ans": [true, true, 0.9], "reasoning": "The image shows a large, white candle on a silver tray. The candle is the main object and is clearly visible. The wick is not visible, so it is considered missing. The image is of high quality, with clear details and no visible artifacts or distortions. The only reason for a quality score less than 1 is the slight shadow on the wall behind the candle, but it does not significantly affect the overall quality."}, {"ans": [true, false, 1.0], "reasoning": "The image is showing a pizza with a red sauce base, topped with various ingredients including tomatoes and basil leaves. The crust is visible and appears to be cooked. Upon closer inspection, it is clear that the pizza does have cheese, albeit not melted or bubbly, it is visible as a thin layer under the toppings and around the edges. The image is clear and well-lit, with no visible artifacts or distortions. Therefore, the answer to Question 1 is True as the image is showing a pizza. The answer to Question 2 is False because the cheese is visible. The quality of the image is rated as 1, as it is clear and well-defined with no noticeable issues."}, {"ans": [true, true, 1.0], "reasoning": "The image is showing a DSLR camera body without a lens attached. The camera is clearly visible and appears to be a MODOO brand. The lens mount is visible, and there is no lens attached to it. The image is clear and well-lit, with no visible artifacts or distortions. The quality of the image is high, with a score of 1.0."}, {"ans": [true, false, 1.0], "reasoning": "The image shows a grand piano on a stage in a large auditorium. The piano is open, and the keys are visible. Therefore, the answer to Question 1 is True because the image is showing a piano. The answer to Question 2 is False because the keys are not missing or invisible; they are clearly visible. The quality of the image is rated 1 because it is clear and well-lit, with no visible artifacts, blurring, or other issues."}, {"ans": [true, false, 0.95], "reasoning": "The image shows a paintbrush with visible bristles on a palette covered in paint. The main object, a paintbrush, is present. The bristles are visible on the brush lying on the palette, so they are not missing or invisible. The image is clear and well-lit, with no significant artifacts or distortions, hence a high-quality score."}, {"ans": [true, true, 0.95], "reasoning": "The image shows a watch without a strap. The watch is clearly visible on a granite surface. The strap is not visible, indicating it is either missing or not attached. The image is clear and well-lit, with no visible artifacts or distortions that would affect the quality. The quality score is 0.95 because the image is sharp and well-defined, with no noticeable issues."}, {"ans": [true, true, 0.95], "reasoning": "The image clearly shows a person sitting in a dentist's chair with their mouth open, displaying their teeth. The mouth is the main object in the image. The tongue is not visible, so it is considered missing or not visible. The image is of high quality, with clear details and no visible artifacts or distortions."}, {"ans": [true, false, 0.9], "reasoning": "The image is showing a motorcycle, which is the main object. The motorcycle has handlebars that are visible, so they are not missing. The image is of high quality, with clear details and vibrant colors, though there is a slight glow effect around the motorcycle and streetlights that might be considered a minor artifact, hence the quality score of 0.9."}, {"ans": [true, false, 1.0], "reasoning": "The image shows a television set with a visible screen, although the screen is not displaying any content. The television is housed in a wooden cabinet with the lower panel open, revealing the internal components. The presence of the screen, albeit blank, indicates that it is not missing. The image is clear and well-defined, with no visible artifacts or distortions that would affect its quality."}, {"ans": [true, false, 0.9], "reasoning": "The image clearly shows a goat standing on a rocky outcrop with a mountainous background. The goat has visible horns, so it is not missing or invisible. The image is sharp and clear, with good lighting and no visible artifacts or distortions that would detract from its quality. The only reason the quality score is not 1 is due to a slight blur in the background, but the main subject is well-defined."}, {"ans": [true, false, 1.0], "reasoning": "The image clearly shows a red sneaker with white laces on an orange bench in front of gray lockers. The sneaker is the main object and is visible in detail. The laces are present and visible, threaded through the eyelets. The image is sharp and clear, with no visible artifacts or distortions that would affect the quality."}, {"ans": [true, false, 0.95], "reasoning": "The image clearly shows a frog sitting on a lily pad. The frog is green with visible eyes, indicating that the eyes are not missing. The image is sharp and well-defined, with clear details of the frog's features and its surroundings. The quality is high, with no noticeable artifacts or blurring that would detract from the overall clarity. The only reason for not giving it a perfect score is the slight blurring in the background, but it does not affect the main subject."}, {"ans": [true, false, 1.0], "reasoning": "The image shows a cup with a handle, which is a mug. The handle is visible, so it is not missing. The image is clear and of high quality, with no visible artifacts or distortions."}, {"ans": [true, false, 0.95], "reasoning": "The image clearly shows a saxophone, which is the main object in question. The saxophone is depicted with its keys visible, indicating that the keys are not missing or invisible. The image is well-lit and sharp, with no noticeable artifacts, blurring, or other issues that would detract from its quality. The only reason the quality score is not 1 is due to the slight presence of shadows and the texture of the curtain in the background, but these do not significantly impact the overall clarity of the main subject."}, {"ans": [true, false, 1.0], "reasoning": "The image clearly shows a skateboard with wheels. The skateboard is positioned on a brick surface, and both its trucks and wheels are visible. Therefore, for Question 1, the answer is True because the image is showing a skateboard. For Question 2, the answer is False because the wheels are not missing; they are clearly visible. The image quality is rated 1.0 because it is clear and sharp, with no visible artifacts, blurring, or other issues that would detract from its quality."}, {"ans": [true, false, 1.0], "reasoning": "The image clearly shows a fedora hat on a stand. The brim of the hat is visible and not missing. The image is of high quality with clear details and no visible artifacts or distortions."}, {"ans": [true, false, 0.95], "reasoning": "The image clearly shows a motorcycle helmet on a workbench. The helmet is black with a tinted visor that is currently in the down position, covering the face area. The presence of the visor indicates that it is not missing. The image is sharp and well-lit, with no visible artifacts or distortions that would detract from its quality. The only reason the quality score is not 1 is due to the slight presence of reflections on the visor and the metal wall in the background."}, {"ans": [true, true, 1.0], "reasoning": "The image is showing a bedframe, which is the main object. The mattress is not visible, so it is considered missing. The image quality is high, with no visible artifacts, blurring, or other issues that would decrease the quality score."}, {"ans": [true, false, 1.0], "reasoning": "The image is showing a clock tower with a visible clock face. The main object, a clock tower, is present in the image. The clock face is also visible on the tower. The image is clear and of high quality, with no visible artifacts or distortions."}, {"ans": [true, false, 1.0], "reasoning": "The image clearly shows a pocket watch with its cover open, revealing the inner workings and the clock face. The hands of the watch are visible, indicating the time. The image is of high quality, with clear details and no visible artifacts or distortions. Therefore, the answer to Question 1 is True because the image is showing a pocket watch. The answer to Question 2 is False because the hands are visible on the watch face. The quality of the image is rated as 1.0 because it is clear and well-defined, with no noticeable issues."}, {"ans": [true, false, 1.0], "reasoning": "The image clearly shows a bicycle leaning against a stone wall. The bicycle is red with silver accents and has the word 'AROW' written on its frame. The pedals are visible and appear to be attached to the bicycle. The image is clear and well-lit, with no visible artifacts or distortions. Therefore, the answer to Question 1 is True because the image is showing a bicycle. The answer to Question 2 is False because the pedals are visible and not missing. The quality of the image is rated 1.0 because it is clear and well-defined, with no visible issues."}, {"ans": [true, false, 0.9], "reasoning": "The image is showing a portrait of a woman with her eyes visible, so the answer to the first question is True. The eyes are not missing or not visible from the portrait, so the answer to the second question is False. The quality of the image is high, but there is a slight decrease in quality due to the presence of some artifacts and unnatural color in the painting, hence the score is 0.9."}, {"ans": [true, false, 0.9], "reasoning": "The image clearly shows a grand piano on a stage with its lid open, revealing the interior. The hammers inside the piano are visible, indicating that they are not missing. The image is well-lit, with spotlights shining down, and there are no significant artifacts or distortions that would detract from the overall quality. The quality is rated 0.9 because the image is sharp and clear, with good lighting and no noticeable issues."}, {"ans": [true, true, 0.95], "reasoning": "The image shows a sailing ship with three masts and no visible sails. The ship is depicted in the middle of the ocean, with a clear blue sky in the background. The image is of high quality, with clear details and no visible artifacts or distortions. The sailing ship is the main object in the image, and it is clearly visible. The sails are not visible, indicating that they are either missing or not deployed. Therefore, the answer to Question 1 is True, as the image is showing a sailing ship. The answer to Question 2 is also True, as the sails are not visible. The quality of the image is rated 0.95, as it is a clear and well-rendered image with no visible issues."}, {"ans": [true, false, 1.0], "reasoning": "The image depicts a large tree with a wide canopy and visible roots, set against a blue sky with some clouds. The tree appears to be an oak tree as it has the characteristic lobed leaves and sturdy branches. The leaves are clearly visible on the tree, indicating that they are not missing. The image is of high quality, with clear details and no visible artifacts or distortions."}, {"ans": [true, false, 0.95], "reasoning": "The image depicts a stone cottage with a door, surrounded by trees and vines. The main object, the cottage, is present, so the answer to Question 1 is True. The door is visible, so the answer to Question 2 is False. The image is of high quality, with clear details and no visible artifacts or distortions, so the quality score is 0.95."}, {"ans": [true, false, 1.0], "reasoning": "The image shows a passenger jet on a runway, and the wings are visible. The main object, a passenger jet, is present, so the answer to the first question is true. The wings are also visible, so the answer to the second question is false. The image is clear and of high quality, with no visible artifacts or distortions, so the quality score is 1."}, {"ans": [true, true, 1.0], "reasoning": "The image clearly shows a wristwatch with a white face and brown leather strap on a leather tray. The watch face does not have any visible numbers, indicating that the numbers are missing. The image is sharp and well-lit, with no visible artifacts or distortions, hence the quality is rated as 1.0."}, {"ans": [true, true, 0.95], "reasoning": "The image is showing a pizza, which is the main object. The pizza appears to be without cheese, as there is no visible cheese on top of the sauce. The image is clear and well-lit, with no visible artifacts or distortions. The quality of the image is high, with a score of 0.95 out of 1. The absence of cheese is not considered a factor in determining the quality score."}, {"ans": [true, false, 0.7], "reasoning": "The image clearly shows traffic signals with visible lights. The traffic signals are hanging above the road, and the lights are clearly visible, indicating that they are not missing. The image is well-lit, but the sun's glare in the background might affect the overall quality. However, the main objects, including the traffic signals and the road, are clear and visible. The quality score is 0.7 due to the glare and slight overexposure, but it does not significantly impact the visibility of the main objects."}, {"ans": [true, false, 1.0], "reasoning": "The image clearly shows a skateboard with a rainbow-colored deck and trucks with yellow wheels. The main object, the skateboard, is present and visible. The wheels are also visible, attached to the trucks, so they are not missing or invisible. The image is sharp and well-lit, with no visible artifacts or distortions that would affect its quality."}, {"ans": [true, true, 1.0], "reasoning": "The image clearly shows a chessboard with pieces arranged on it, satisfying the first question. The black pieces are not visible on the chessboard, as all the pieces shown are of the same color, indicating they are either all white or all black, but since the question does not specify the color, the presence of pieces on one side implies the other side (black) is not visible, thus missing or not visible. The image is of high quality with no visible artifacts, blurring, or unnatural colors, hence a quality score of 1."}, {"ans": [true, true, 0.95], "reasoning": "The image clearly shows a red sports car, which is the main object. The car is displayed in a showroom with a reflective floor, and its brakes are not visible as they are typically located inside the wheels or on the axles, and in this image, the wheels are not disassembled to show the brakes. The image is of high quality with clear details and no visible artifacts or distortions. The quality score is 0.95 because the image is sharp and well-lit, with no noticeable issues."}, {"ans": [true, true, 0.95], "reasoning": "The image is showing an open book on a wooden table. The pages are blank, and there is no text visible. The image is clear and well-lit, with no visible artifacts or distortions. The quality of the image is high, with a score of 0.95. The main object, the book, is clearly visible, so the answer to Question 1 is True. Since the pages are blank, the text is missing or not visible, so the answer to Question 2 is also True."}, {"ans": [true, false, 0.95], "reasoning": "The image shows a computer tower with a transparent side panel, revealing the internal components. The fans are visible and illuminated with purple and blue lights. The image is clear and well-lit, with no visible artifacts or distortions. The main object, the computer tower, is present and easily identifiable. The fans are also visible, so they are not missing. The quality of the image is high, with a score of 0.95 out of 1. The slight deduction is due to the minor shadowing on the table, but it does not affect the overall clarity of the image."}, {"ans": [true, true, 1.0], "reasoning": "The image depicts a scarecrow in a field, which is the main object. The scarecrow is made of straw and is dressed in a hat and a plaid shirt. The arms of the scarecrow are not visible, as they are either missing or obscured from view. The image is clear and well-defined, with no visible artifacts or distortions. Therefore, the answer to Question 1 is True, as the image is showing a scarecrow. The answer to Question 2 is also True, as the arms are not visible. The quality of the image is rated as 1, indicating that it is of high quality."}, {"ans": [true, true, 0.9], "reasoning": "The image depicts a man in armor, which is consistent with the representation of a knight. The main object in the image is indeed a knight, so the answer to the first question is True. The knight is not holding a sword, and there is no visible sword in the image, so the answer to the second question is also True. The image quality is high, with detailed rendering of the armor and the background. However, the quality score is not 1 because the image appears to be a painting or digital artwork, and there are some subtle texture and brushstroke effects visible upon close inspection, which slightly reduces the overall quality."}, {"ans": [true, false, 1.0], "reasoning": "The image is showing a teapot with a handle, spout, and lid, which is clearly visible on a bamboo tray. The handle is present and visible on the right side of the teapot. The image is clear and well-lit, with no visible artifacts or distortions. Therefore, the answer to Question 1 is True, and the answer to Question 2 is False. The quality of the image is rated as 1.0, indicating that it is of high quality."}, {"ans": [true, false, 1.0], "reasoning": "The image clearly shows a basketball hoop with a net. The hoop is attached to a clear backboard and a metal pole, and there is a basketball going through the net. The net is visible and not missing. The image is clear and of high quality, with no visible artifacts or distortions."}, {"ans": [true, false, 1.0], "reasoning": "The image is showing a dining table setting with plates, cutlery, and glasses. The main object, the dining table, is present. The glasses are visible on the table, so they are not missing or invisible. The image is clear and well-lit, with no visible artifacts or distortions, hence the quality score is 1.0."}, {"ans": [true, false, 0.95], "reasoning": "The image clearly shows a vintage typewriter on a wooden desk, with a sheet of paper in it. The typewriter is the main focus of the image, and it is evident that it is a vintage model due to its design and the presence of a ribbon. The ribbon is visible and appears to be intact, indicating that it is not missing. The image is of high quality, with clear details and no visible artifacts or distortions. The only reason the quality score is not 1 is due to the slight darkening around the edges, which is likely due to the lighting conditions. However, this does not detract from the overall clarity of the image."}, {"ans": [true, true, 0.98], "reasoning": "The image shows a winter jacket, which is the main object. The jacket is a long, cream-colored puffer coat with a fur-lined hood, hanging on a hanger. The presence of the jacket answers the first question as True. Upon closer inspection, it is observed that the zipper is not visible on the jacket, as it is likely covered by a flap or not present. This makes the answer to the second question True as well. The image quality is high, with clear details of the jacket and its surroundings. The score is 0.98 due to the high-quality resolution and lack of noticeable artifacts or distortions."}, {"ans": [true, false, 1.0], "reasoning": "The image is clearly showing a sunflower with visible seeds in the center. The seeds are visible as small, darker spots arranged in a spiral pattern on the flower head. The image is sharp and well-lit, with no visible artifacts or distortions that would affect the quality. Therefore, the answer to Question 1 is True because the image is showing a sunflower. The answer to Question 2 is False because the seeds are visible on the sunflower. The quality of the image is rated as 1.0 because it is clear and well-defined, with no noticeable issues."}, {"ans": [true, false, 0.9], "reasoning": "The image is clearly showing an elephant with a trunk, so the answer to the first question is True. The trunk is visible and not missing, so the answer to the second question is False. The image quality is high with clear details of the elephant and its surroundings, but there is some dust around the elephant's feet which slightly reduces the quality score to 0.9."}, {"ans": [true, true, 1.0], "reasoning": "The image shows a rowboat floating on a lake. The boat is white with a red bottom and has a wooden seat at the back. There are no oars visible in the boat or around it. The image is clear and well-defined, showing the details of the boat and its surroundings. The quality of the image is high, with no visible artifacts, blurring, or other issues that would detract from its clarity."}, {"ans": [true, false, 1.0], "reasoning": "The image clearly shows a snowman in a residential setting, with all the typical features of a snowman, including a hat, scarf, and stick arms. The snowman has buttons visible on its body, so they are not missing or invisible. The image is clear and well-defined, with no visible artifacts or distortions that would detract from its quality."}, {"ans": [true, false, 0.95], "reasoning": "The image clearly shows a fountain pen placed on top of a journal or notebook. The pen is the main object in the image and is depicted in detail, with its nib and ink reservoir visible. The ink reservoir is transparent and appears to be filled with ink, indicating that the ink is not missing. The image is of high quality, with clear details and no visible artifacts or distortions. The only reason for not giving it a perfect score is the slight shadowing and texture of the background, but these do not detract significantly from the overall clarity of the image."}, {"ans": [true, true, 0.9], "reasoning": "The image shows a paintbrush with a wooden handle and a metal ferrule, but the bristles are not visible as they appear to be missing. The presence of the paintbrush is evident, so the answer to the first question is True. Since the bristles are not visible, the answer to the second question is also True. The image quality is high, with clear details of the paintbrush and the surrounding painting materials, so the quality score is 0.9. The only reason for not giving it a perfect score is the slight presence of artifacts or blurring around the edges of some paint strokes, but this does not significantly impact the overall clarity of the main object, the paintbrush."}, {"ans": [true, false, 0.95], "reasoning": "The image clearly shows a pair of eyeglasses with round lenses and metal frames, resting on a stack of newspapers. The temples of the eyeglasses are visible, extending upwards from the frames. The image is sharp and well-lit, with no noticeable artifacts or distortions. The main object, the eyeglasses, is present and clearly visible. The temples are also visible, so they are not missing or invisible. The quality of the image is high, with a clear and sharp representation of the eyeglasses and the newspapers. The only reason for a quality score less than 1 is the slight shadow and texture on the surface, but it does not significantly affect the overall clarity of the image."}, {"ans": [true, false, 0.9], "reasoning": "The image clearly shows a person holding an umbrella on a rainy day. The umbrella is the main object in the image and is visible with its ribs. The ribs are visible as they are outlined against the bright background light. The image is of high quality with clear details, although there is some glare from the light which slightly reduces the quality."}, {"ans": [true, false, 0.95], "reasoning": "The image is showing a wristwatch with a gold face and brown leather strap. The watch face is visible and has hour markers, although they are partially obscured by the skeleton design. The hour markers are present on the outer rim of the watch face, indicating that they are not missing. The image is clear and well-lit, with no visible artifacts or distortions that would affect the quality. The only reason for a slightly lower quality score is the slight reflection on the glass dome, but it does not significantly impact the visibility of the watch."}, {"ans": [true, false, 0.95], "reasoning": "The image clearly shows a camping tent. The tent appears to be set up with poles, as indicated by its shape and the visible pole tips at the bottom. The poles are not missing or invisible; they are simply not fully visible due to the angle and the tent's design. The image is of high quality, with clear details and no visible artifacts or distortions."}, {"ans": [true, false, 1.0], "reasoning": "The image clearly depicts a cuckoo clock with intricate carvings and weights hanging from the bottom. The clock's face is visible, and the weights are clearly seen hanging down, indicating they are not missing. The image is sharp and well-defined, with no visible artifacts or distortions that would affect the quality."}, {"ans": [true, true, 0.95], "reasoning": "The image is showing a smartphone with its screen on, displaying the time and some icons. The phone is standing upright on a surface, and the screen is facing the viewer. The image is clear and well-lit, with no visible artifacts or distortions. The phone's screen is the main focus of the image, and it appears to be in good condition. The speaker grille is not visible from this angle, as the phone is facing forward and the speaker grille is typically located on the bottom or top edge of the device. Therefore, the answer to Question 1 is True, as the image is showing a smartphone. The answer to Question 2 is also True, as the speaker grille is not visible from this angle. The quality of the image is rated 0.95 out of 1, as it is clear and well-lit, but not perfect due to a slight shadow on the surface below the phone."}, {"ans": [true, false, 0.9], "reasoning": "The image clearly shows a motorcycle, so the answer to the first question is True. The speedometer is visible on the motorcycle, so the answer to the second question is False. The image is of high quality, with clear details of the motorcycle and its surroundings. The only reason for not giving it a perfect score is the slight dust around the motorcycle, but it does not significantly affect the visibility of the main object."}, {"ans": [true, true, 0.95], "reasoning": "The image shows a violin with a bow placed on it. The bow is visible, but the hair on the bow is not visible, indicating it is either missing or not visible. The image is clear and well-lit, with no noticeable artifacts or distortions that would affect the quality. The quality score is 0.95 because the image is sharp and clear, with no visible issues."}, {"ans": [true, true, 0.9], "reasoning": "The image clearly shows a large, ornate birdcage hanging from the ceiling of a porch. The cage is made of gold-colored metal and has a domed top with intricate details. There is no visible perch inside the cage. The image is well-lit, with sunlight streaming in from the background, and the details of the cage and the surrounding environment are clear. The quality of the image is high, with no noticeable artifacts or blurring. Therefore, the answer to Question 1 is True because the image is showing a birdcage. The answer to Question 2 is True because the perch is not visible inside the birdcage. The quality score is 0.9, as the image is clear and well-defined, but there might be a slight loss of detail due to the bright sunlight."}, {"ans": [true, false, 0.95], "reasoning": "The image clearly depicts a statue of a woman, indicating that the main object is indeed a statue. The statue has a head, which is visible and not missing. The image is of high quality, with clear details and no visible artifacts or distortions that would significantly impact the perception of the statue or its features. The slight reduction in quality score is due to the subtle blurring in the background, but it does not affect the main subject."}, {"ans": [true, false, 1.0], "reasoning": "The image is clearly showing a teddy bear with a visible nose. The teddy bear is sitting on a bed with a light-colored comforter and pillow, and the background is a white wall with a window on the right side. The image is well-lit and there are no visible artifacts or distortions. The teddy bear's nose is clearly visible, so it is not missing or invisible."}, {"ans": [true, false, 0.95], "reasoning": "The image clearly shows a pair of white sneakers with laces. The sneakers are the main object in the image, and they are visible and clear. The laces are also visible, so they are not missing or invisible. The image is of high quality, with clear details and no visible artifacts or distortions. The only reason for not giving it a perfect score is the slight reflection on the door, but it does not affect the visibility of the sneakers or the laces."}, {"ans": [true, false, 0.98], "reasoning": "The image clearly shows a refrigerator with its door open, revealing the interior. The main object, the refrigerator, is present and visible. The door shelves are also visible on the inside of the door, so they are not missing. The image is of high quality, with clear details and no visible artifacts or distortions. The slight deduction in quality score is due to the image being a rendered or edited photo, as hinted by its overly perfect appearance."}, {"ans": [true, false, 0.9], "reasoning": "The image clearly depicts a group of people sitting around a campfire, with flames visible. The main object, the campfire, is present. The flames are also visible, indicating they are not missing. The image is well-lit and clear, with no significant artifacts or distortions that would detract from its quality. The quality is rated 0.9 because the image is very clear and well-rendered, with the only potential deduction being for the slight unnaturalness in the lighting or the rendering of the subjects' faces and hair, but this does not significantly impact the overall perception of the image."}, {"ans": [true, false, 1.0], "reasoning": "The image clearly shows a drinking fountain with water flowing from it. The main object, the drinking fountain, is present and visible. The water is also visible as it flows from the fountain, indicating that it is not missing or invisible. The image is of high quality, with clear details and no visible artifacts or distortions."}, {"ans": [true, false, 0.98], "reasoning": "The image clearly shows a revolver with a visible trigger guard. The revolver is positioned on a green surface, and its details are well-defined. The trigger guard is present and visible around the trigger. The image is of high quality with no noticeable artifacts or blurring."}, {"ans": [true, false, 0.9], "reasoning": "The image is a detailed illustration of a compass rose, which is the main object. The compass rose is intricately designed with various elements and is centered in the image. The north arrow is clearly visible and pointing towards the top of the image, indicating that it is not missing. The image is of high quality, with clear lines and details, although there might be some slight degradation around the edges due to the aged parchment effect. The quality score is 0.9 because the image is very detailed and clear, with no significant artifacts or blurring that would detract from the visibility of the compass rose or its components."}, {"ans": [true, false, 0.9], "reasoning": "The image depicts a futuristic cityscape with tall skyscrapers, indicating that the main object (skyscrapers) is present. Therefore, the answer to Question 1 is True. The skyscrapers in the image have visible windows, some of which are illuminated, so the answer to Question 2 is False. The image is of high quality, with clear details and no visible artifacts or distortions, hence the quality score is 0.9."}, {"ans": [true, true, 1.0], "reasoning": "The image shows a conductor standing on a podium with his arms raised, indicating that he is leading an orchestra. The presence of musicians playing various instruments in the background further supports this conclusion. Therefore, the answer to the first question is True. For the second question, the baton is not visible in the conductor's hand, as both hands are raised and empty. Thus, the answer to the second question is True. The image is clear and well-defined, with no visible artifacts or distortions that would affect its quality. Hence, the quality score is 1.0."}, {"ans": [true, true, 0.95], "reasoning": "The image shows a soccer field with a goal at the far end. The goal is visible, but the crossbar is not clearly visible, suggesting it might be missing or not visible due to the perspective or image quality. The image is of high quality with clear details of the field and the goalposts, indicating that the crossbar is likely missing rather than being obscured by image quality issues."}, {"ans": [true, false, 1.0], "reasoning": "The image clearly shows a microscope on a table. The microscope has multiple eyepieces and objective lenses visible, indicating that it is not missing lenses. The image is sharp and well-lit, with no visible artifacts or distortions, suggesting a high-quality image."}]