[{"ans": [true, true, 1.0], "reasoning": "The image depicts a sailboat on calm waters with its sails furled or not visible, indicating that while the main object (sailboat) is present, the sails are either missing or not visible. The image is clear and of high quality, with no visible artifacts or distortions."}, {"ans": [true, true, 0.9], "reasoning": "The image clearly shows a red bicycle leaning against a brick wall. The bicycle is the main object in the image, and it is visible in its entirety. The chain of the bicycle is not visible, likely because it is hidden by the frame or other parts of the bike. The image is well-lit and in focus, with no noticeable artifacts or distortions. The quality of the image is high, with clear details of the bicycle and the background. Therefore, the answer to Question 1 is True, as the image is showing a bicycle. The answer to Question 2 is also True, as the chain is not visible. The quality score is 0.9, as the image is clear and well-defined, with no significant issues."}, {"ans": [true, false, 0.95], "reasoning": "The image clearly shows a cat sitting on a windowsill. The cat is gray with yellow eyes and visible whiskers, indicating that it is indeed a cat and that the whiskers are present and visible. The image is sharp and well-lit, with no significant artifacts or distortions that would detract from its quality. The only minor issue is a small patch of damaged paint on the window frame, but this does not affect the overall quality of the image. Therefore, the answer to the first question is True, the answer to the second question is False because the whiskers are visible, and the quality score is 0.95 due to the minor issue with the window frame."}, {"ans": [true, true, 0.9], "reasoning": "The image shows a large stone structure with a prominent archway, resembling a castle. The archway is damaged and has a large, pink, abstract sculpture hanging from it. There are no visible gates in the image. The structure appears to be well-maintained, with some greenery growing on the walls. The overall condition of the image is clear and well-lit, with no visible artifacts or distortions. Therefore, the answer to Question 1 is True, as the image does show a castle-like structure. The answer to Question 2 is also True, as there are no visible gates. The quality of the image is rated 0.9, as it is clear and well-lit, but there is a slight unnatural color due to the pink sculpture."}, {"ans": [true, false, 0.95], "reasoning": "The image clearly depicts a hot-air balloon with a visible basket. The balloon is centered in the frame, and its basket is hanging below it, suspended by ropes. The image is sharp and well-defined, with no visible artifacts or distortions that would detract from its quality. The presence of the basket is evident, so it is not missing or invisible."}, {"ans": [true, false, 0.9], "reasoning": "The image clearly shows a turtle with a visible shell, indicating that the main object (turtle) is present. The shell is not missing or invisible; it is clearly visible on the turtle's back. The image is of high quality, with clear details of the turtle and its surroundings. The only minor deduction in quality comes from the slight texture and grain visible in the image, but it does not significantly impact the visibility of the main subject."}, {"ans": [true, false, 1.0], "reasoning": "The image clearly shows a train at a station. The train is silver and has its headlights on, indicating it is ready to depart. The wheels of the train are visible under the front carriage, so they are not missing or invisible. The image is clear and well-lit, with no visible artifacts or distortions that would affect its quality."}, {"ans": [true, false, 0.9], "reasoning": "The image clearly shows a pair of eyeglasses with lenses. The main object is present, so the answer to the first question is True. The lenses are visible, so the answer to the second question is False. The image is in black and white, and there are some minor reflections and shadows, but overall, it is clear and well-defined. The quality of the image is high, with no significant artifacts or distortions, so the quality score is 0.9."}, {"ans": [true, false, 0.9], "reasoning": "The image clearly shows two fountain pens, both with visible nibs. The presence of the nibs indicates that the nib is not missing. The image is of high quality, with clear details and no visible artifacts or distortions. The slight sepia tone and aged paper effect do not detract from the overall clarity of the image. Therefore, the answer to the first question is True because the image is showing fountain pens with nibs. The answer to the second question is False because the nibs are visible. The quality score is 0.9 due to the high level of detail and clarity, with a minor deduction for the aged paper effect which slightly affects the overall sharpness."}, {"ans": [true, false, 0.9], "reasoning": "The image shows an umbrella with a visible canopy, although it is damaged and leaning against a wall. The presence of the umbrella's frame and canopy indicates that the main object is indeed an umbrella. The canopy is visible, albeit partially damaged, so it is not considered missing. The image quality is high, with clear details of the objects, but minor dirt or debris on the surface slightly reduces the quality score to 0.9."}, {"ans": [true, false, 1.0], "reasoning": "The image clearly shows a large white airplane on a runway, with its wings visible. The presence of the airplane answers the first question affirmatively. Since the wings are clearly visible, the answer to the second question is negative, indicating that the wings are not missing or not visible. The image is of high quality, with no visible artifacts, blurring, or other issues that would detract from its clarity."}, {"ans": [true, false, 0.95], "reasoning": "The image clearly shows a desk lamp with a bulb that is turned on, illuminating an open book. The main object, the desk lamp, is present and identifiable. The bulb is visible and appears to be lit, as indicated by the light cast on the book and the wall. The image is sharp and well-lit, with no significant artifacts or distortions that would detract from its quality. The only reason for not giving it a perfect score is the slight reflection on the lamp's shade, but it does not significantly impact the overall quality."}, {"ans": [true, false, 1.0], "reasoning": "The image clearly shows an electric guitar with a visible neck. The guitar is hanging on a wall, and the neck is not missing or obstructed from view. The image is sharp and well-lit, with no visible artifacts or distortions that would affect the quality. Therefore, the answer to the first question is True, the answer to the second question is False, and the quality score is 1.0."}, {"ans": [true, false, 0.9], "reasoning": "The image shows a clear glass sculpture of a fish, with visible fins. The main object is a fish, so the answer to Question 1 is True. The fins are visible, so the answer to Question 2 is False. The image quality is high, with clear details and no visible artifacts or distortions, so the quality score is 0.9."}, {"ans": [true, false, 1.0], "reasoning": "The image shows a small brick cottage in a field. The cottage has a roof, although it appears to be under construction or renovation as there are wooden beams on top. The main object, the cottage, is present, so the answer to Question 1 is True. The roof is visible, so the answer to Question 2 is False. The image is clear and well-defined, with no visible artifacts or distortions, so the quality is rated as 1.0."}, {"ans": [true, false, 0.9], "reasoning": "The image is showing a car, which is the main object. The windshield is visible, so it is not missing. The image quality is high, with clear details and no visible artifacts or distortions. However, the image is not perfect, as it appears to be slightly over-enhanced, which is why the quality score is not 1."}, {"ans": [true, true, 0.95], "reasoning": "The image is showing a transparent keyboard with illuminated keys. The spacebar is missing or not visible as there is a gap in the row where the spacebar should be. The image is clear and well-lit, with no visible artifacts or distortions that would affect the quality score. The quality score is 0.95 because the image is very clear and detailed."}, {"ans": [true, false, 0.9], "reasoning": "The image clearly shows an owl perched on a tree branch under a full moon, indicating that the main object (the owl) is present. The owl is depicted with detailed feathers, so the feathers are not missing or invisible. The image is of high quality, with clear details and no visible artifacts or distortions that would significantly impact the perception of the owl or its feathers. The slight reduction in quality score is due to the image being a digital artwork, which might not be considered 'natural' or 'photographic' quality by some standards, but it does not detract from the visibility of the owl or its feathers."}, {"ans": [true, false, 0.9], "reasoning": "The image shows a large, leather-bound book resting on a wooden table. The book is closed, and its cover is made of brown leather with visible stitching and decorative elements. The pages are not visible as the book is closed, but the thickness of the book suggests it has pages. The image is clear and well-defined, with good lighting that highlights the details of the book and its surroundings. The background includes a bookshelf filled with other books, adding context to the scene. The overall quality of the image is high, with no noticeable artifacts or distortions that detract from the viewer's understanding of the scene. The main object, the book, is clearly visible, and the pages are not missing but simply not visible because the book is closed."}, {"ans": [true, false, 1.0], "reasoning": "The image clearly shows a lighthouse with a visible lamp in the lantern room at the top. The lighthouse is white with a red roof on the adjacent building and is situated on a cliff overlooking the sea. The lamp is visible inside the lantern room, indicating that it is not missing. The image is of high quality with no visible artifacts, blurring, or other issues that would detract from its clarity."}, {"ans": [true, false, 1.0], "reasoning": "The image clearly shows an armchair with visible legs, so the main object is present. The legs are visible, so they are not missing or invisible. The image is of high quality, with clear details and no visible artifacts or distortions."}, {"ans": [true, true, 0.9], "reasoning": "The image clearly shows a deer standing in a forest. The deer appears to be a female or a young male as there are no visible antlers on its head. The image is sharp and well-lit, with good color representation. The only reason the quality score is not 1 is due to the slight lens flare effect visible around the deer and the background, which is a minor artifact."}, {"ans": [true, false, 0.95], "reasoning": "The image clearly shows an envelope, which is the main object. The envelope has a flap that is visible and not missing. The quality of the image is high, with clear details and no visible artifacts or distortions. The only reason for not giving it a perfect score is the slight presence of shadows and the texture of the marble background, but these do not significantly detract from the overall clarity."}, {"ans": [true, true, 1.0], "reasoning": "The image is showing a wall clock. The clock face is white with black hands, and it is mounted on a wall above a fireplace. The numbers on the clock face are not visible. The image is clear and well-lit, with no visible artifacts or distortions. Therefore, the answer to Question 1 is True, the answer to Question 2 is True, and the quality of the image is 1.0."}, {"ans": [true, false, 0.9], "reasoning": "The image clearly shows a person wearing a space suit, which is fully visible and identifiable. The helmet is present and visible on the space suit. The image is clear and well-lit, with no significant artifacts or distortions that would affect the visibility of the main object or its components. The quality of the image is high, with only minor ripples in the water that do not significantly impact the clarity of the space suit or the helmet."}, {"ans": [true, false, 1.0], "reasoning": "The image clearly shows a windmill with blades in a field. The main object, the windmill, is present and identifiable. The blades are also visible and not missing. The image is clear and of high quality, with no visible artifacts, blurring, or other issues that would detract from its quality."}, {"ans": [true, true, 0.9], "reasoning": "The image clearly shows a large tree with bare branches, indicating that it is either winter or the tree is dead. The main object, a tree, is present in the image. The leaves are not visible on the main tree, and it appears to be bare, so the answer to the second question is true. The image is of high quality, with clear details and no visible artifacts or distortions, so the quality score is 0.9."}, {"ans": [true, true, 0.9], "reasoning": "The image shows a yellow school bus parked in a designated area. The bus is viewed from the rear, and its doors are not visible, indicating they are either missing or not visible. The image is clear and well-lit, with no significant artifacts or distortions that would affect the visibility of the bus. The quality of the image is high, with a score of 0.9, as it is sharp and well-defined."}, {"ans": [true, true, 0.95], "reasoning": "The image is showing a laptop with its screen open but the screen is blank and not displaying any content, making it effectively 'not visible'. The laptop is clearly visible and is the main object in the image. The image quality is high with clear details of the laptop and its surroundings, hence a quality score of 0.95 is given. The screen is considered 'not visible' as it is blank and not displaying any content."}, {"ans": [true, true, 0.9], "reasoning": "The image shows a brass instrument, likely a trumpet or a similar type, lying on a red velvet fabric. The instrument is gold in color and has several valves and pipes. The mouthpiece is not visible, suggesting it is either missing or not attached. The image is clear and well-lit, with no visible artifacts or distortions that would affect the quality. The quality score is 0.9 because the image is clear and well-focused, with no noticeable issues."}, {"ans": [true, false, 0.95], "reasoning": "The image is showing a robot with a head, so the answer to the first question is True. The head is visible, so the answer to the second question is False. The image quality is high, with clear details and no visible artifacts or distortions, so the quality score is 0.95."}, {"ans": [true, true, 1.0], "reasoning": "The image shows a white candle on a silver tray. The candle is cylindrical and appears to be made of wax. There is no visible wick on the candle. The image is clear and well-lit, with no visible artifacts or distortions. Therefore, the answer to Question 1 is True because the image is showing a candle. The answer to Question 2 is True because the wick is not visible. The quality of the image is rated 1.0 because it is clear and well-lit, with no visible issues."}, {"ans": [true, false, 0.95], "reasoning": "The image clearly shows a pizza, so the answer to the first question is True. The pizza has visible cheese on it, so the answer to the second question is False. The image is of high quality, with clear details and no visible artifacts or distortions, so the quality score is 0.95. The only reason for not giving it a perfect score is the slight presence of flour dust on the surface around the pizza, but it does not significantly impact the overall quality."}, {"ans": [true, true, 0.95], "reasoning": "The image shows a DSLR camera body without a lens attached, as evidenced by the visible internal mechanisms of the lens mount. The camera body is clearly visible and appears to be a DSLR type. The lens is not attached to the camera, so it is considered missing. The image is of high quality, with clear details and no visible artifacts or distortions. The only reason the quality score is not 1 is due to a slight blur on the edge of the camera body and the wooden shelf, but this does not affect the overall clarity of the main subject."}, {"ans": [true, true, 0.95], "reasoning": "The image shows a grand piano on a stage in an auditorium. The piano's lid is open, and the keys are not visible from the camera's angle. For Question 1, the main object is a piano, so the answer is True. For Question 2, the keys are not visible because the lid is open and the camera is positioned in front of the piano, so the answer is True. The image quality is high, with clear details and no visible artifacts or distortions, so the quality score is 0.95."}, {"ans": [true, true, 0.9], "reasoning": "The image shows a paintbrush with a wooden handle and a metal ferrule, but the bristles are not visible as they are likely buried in the paint on the palette. The presence of the paintbrush is evident, so the answer to the first question is true. Since the bristles are not visible, the answer to the second question is also true. The image quality is high, with clear details of the paint and the brush handle, so the quality score is 0.9."}, {"ans": [true, false, 1.0], "reasoning": "The image is showing a watch with a visible strap, so the answer to the first question is True. The strap is visible, so the answer to the second question is False. The image is clear and of high quality, with no visible artifacts or distortions, so the quality score is 1.0."}, {"ans": [true, false, 0.9], "reasoning": "The image shows a man sitting in a dentist's chair with his mouth open, and a transparent overlay of his skull is visible. The main object, the mouth, is clearly visible. The tongue is also visible inside the mouth. The image is clear and well-lit, with no noticeable artifacts or distortions that would affect the quality. The quality score is 0.9 because the image is very clear, but there is a slight overlay effect on the face which might be considered a minor artifact."}, {"ans": [true, false, 0.9], "reasoning": "The image clearly shows a motorcycle, so the answer to the first question is True. The handlebars are visible in the image, so the answer to the second question is False. The image is well-lit and clear, with no visible artifacts or distortions that would affect its quality. The only reason for not giving it a perfect score is the slight unnatural color tone due to the lighting, but it does not significantly impact the visibility of the main object."}, {"ans": [true, false, 0.95], "reasoning": "The image shows a vintage television set with its back and bottom panels removed, revealing the internal components. The screen is visible and appears to be intact, although it is not displaying any content. The image is clear and well-lit, with no visible artifacts or distortions. The quality of the image is high, with a score of 0.95 out of 1. The main object, the television, is present and clearly visible. The screen is also visible, so it is not missing or not visible."}, {"ans": [true, false, 0.9], "reasoning": "The image is showing a goat with horns, so the answer to the first question is True. The horns are visible, so the answer to the second question is False. The image is clear and well-defined, with no visible artifacts or distortions, so the quality score is high, but not perfect due to some minor blurring in the background."}, {"ans": [true, false, 1.0], "reasoning": "The image is showing a red sneaker with white soles and laces, which is clearly visible on a bench in front of gray lockers. The laces are present and visible, threaded through the eyelets. The image is clear and well-lit, with no visible artifacts or distortions that would affect the quality. Therefore, the answer to Question 1 is True because the image is showing a sneaker. The answer to Question 2 is False because the laces are not missing or invisible; they are clearly visible. The quality of the image is rated as 1 because it is clear and well-defined, with no noticeable issues."}, {"ans": [true, false, 1.0], "reasoning": "The image clearly shows a green frog sitting on a lily pad, with its eyes visible. The presence of the frog is evident, and its eyes are clearly visible, indicating that they are not missing. The image is of high quality, with clear details and no visible artifacts or distortions."}, {"ans": [true, false, 0.95], "reasoning": "The image is showing a mug with a handle, so the answer to the first question is True. The handle is visible, so the answer to the second question is False. The image is of high quality, with clear details and no visible artifacts or distortions, so the quality score is 0.95. The slight gradient background does not affect the quality score."}, {"ans": [true, false, 0.95], "reasoning": "The image clearly shows a saxophone with its keys visible. The saxophone is the main object in the image, and it is positioned in the center. The keys are also visible, although some of them are partially obscured by the microphone stand. The image is well-lit, and the saxophone is in sharp focus. There are no visible artifacts, blurring, or other issues that would affect the quality of the image. Therefore, the answer to Question 1 is True, and the answer to Question 2 is False. The quality of the image is rated as 0.95, indicating that it is a high-quality image."}, {"ans": [true, false, 0.9], "reasoning": "The image clearly shows a skateboard with wheels, thus answering the first question as True. The wheels are visible and not missing, so the answer to the second question is False. The image is of high quality with clear details and no visible artifacts or distortions, hence the quality score is 0.9. The slight deduction is due to the presence of shadows and the uneven surface, but these do not significantly impact the visibility of the skateboard or its components."}, {"ans": [true, false, 1.0], "reasoning": "The image is showing a fedora hat with a brim, so the answer to Question 1 is True. The brim is visible in the image, so the answer to Question 2 is False. The image is clear and well-lit, with no visible artifacts or distortions, so the quality score is 1.0."}, {"ans": [true, false, 0.9], "reasoning": "The image clearly shows a motorcycle helmet with a visor. The visor is transparent and appears to be intact, covering the front of the helmet. The helmet is sitting on a workbench surrounded by various tools, indicating it might be under maintenance or repair. The image is sharp and well-lit, with no visible artifacts or distortions that would significantly impact the quality. The main object, the motorcycle helmet, is clearly visible, and the visor is present and visible as well."}, {"ans": [true, true, 0.95], "reasoning": "The image shows a bedframe with an ornate wooden headboard and footboard. The bedframe is the main object in the image, and it is clearly visible. Therefore, the answer to Question 1 is True. The mattress is not visible in the image, as it is not present on the bedframe. Therefore, the answer to Question 2 is True. The image is of high quality, with clear details and no visible artifacts or distortions. The only reason it does not receive a perfect score is due to the slight shadowing under the bedframe, but this does not significantly impact the overall quality. Thus, the quality score is 0.95."}, {"ans": [true, false, 1.0], "reasoning": "The image is showing a clock tower with a visible clock face. The clock tower is the main object in the image, and it is clearly visible. The clock face is also visible, so it is not missing. The image is of high quality, with no visible artifacts, blurring, or other issues that would affect the quality score."}, {"ans": [true, false, 0.95], "reasoning": "The image clearly shows a pocket watch with its cover open, revealing the intricate mechanical workings and the clock face. The hands of the watch are visible, indicating the time. The image is of high quality, with clear details and no visible artifacts or distortions that would detract from the overall clarity. The slight decrease in quality score is due to minor reflections on the satin background, but this does not significantly impact the visibility of the pocket watch or its details."}, {"ans": [true, false, 1.0], "reasoning": "The image clearly shows a bicycle leaning against a stone wall. The bicycle is a red road bike with the brand name 'DALLA COSTA' written on its frame. The pedals are visible and appear to be attached to the cranks. The image is sharp and well-lit, with no visible artifacts or distortions that would affect the quality. Therefore, the answer to Question 1 is True because the image is showing a bicycle. The answer to Question 2 is False because the pedals are visible and not missing. The quality of the image is rated as 1 because it is clear and well-defined, with no noticeable issues."}, {"ans": [true, false, 0.9], "reasoning": "The image is showing a portrait of a woman. The main object, a portrait of a woman, is visible in the center of the image. The eyes of the woman in the portrait are visible, so they are not missing or not visible. The quality of the image is high, with clear details and no visible artifacts or distortions. The only reason for not giving it a perfect score is the slight blurring on the floor."}, {"ans": [true, false, 0.95], "reasoning": "The image shows a grand piano on a stage with its lid open, and the hammers are visible inside. The presence of the grand piano is clear, so the answer to the first question is True. The hammers are visible, so they are not missing or invisible, making the answer to the second question False. The image is well-lit and clear, with no visible artifacts or distortions that would significantly impact its quality. The quality score is 0.95, reflecting the high clarity and detail of the image."}, {"ans": [true, true, 0.95], "reasoning": "The image depicts a sailing ship with three masts and rigging, indicating it is a sailing vessel. However, there are no sails visible on the masts. The image is clear and well-defined, showing the details of the ship and its surroundings. The quality of the image is high, with no visible artifacts or distortions that would detract from the overall clarity. Therefore, the image is showing a sailing ship, and the sails are missing or not visible. The quality score is 0.95 due to the high level of detail and clarity in the image."}, {"ans": [true, false, 1.0], "reasoning": "The image depicts a large tree with sprawling branches and a thick trunk, which is characteristic of an oak tree. The tree has leaves, although they are sparse and appear to be budding or partially fallen, indicating it could be either in a state of growth or shedding. Therefore, for Question 1, the image is showing an oak tree, so the answer is True. For Question 2, the leaves are visible on the tree, so they are not missing or not visible, making the answer False. The image is clear and well-defined, with no visible artifacts, blurring, or other issues that would detract from its quality, so the quality score is 1.0."}, {"ans": [true, false, 0.95], "reasoning": "The image depicts a charming stone cottage nestled in a forest, with vines covering parts of its facade. The main object, the cottage, is clearly visible and identifiable. The door is present and visible, indicating that it is not missing. The image is of high quality, with clear details and natural colors. The slight deduction in quality score is due to the presence of some minor artifacts around the edges of the image, but they do not significantly impact the overall clarity or perception of the main object."}, {"ans": [true, false, 1.0], "reasoning": "The image clearly shows a passenger jet on a runway. The wings are visible on both sides of the aircraft, so they are not missing or invisible. The image is sharp and well-lit, with no visible artifacts or distortions that would affect its quality."}, {"ans": [true, true, 0.95], "reasoning": "The image clearly shows a wristwatch with a light-colored leather strap and a silver face. The watch face is plain and does not have any numbers visible. The watch is placed in a box with a light-colored interior. The image is sharp and well-lit, with no visible artifacts or distortions. The quality of the image is high, with a score of 0.95. For Question 1, the image is showing a wristwatch, so the answer is True. For Question 2, the numbers are not visible on the wristwatch face, so the answer is True."}, {"ans": [true, false, 0.95], "reasoning": "The image is showing a pizza with a thick layer of red sauce and various toppings, including basil leaves and what appears to be cheese or cheese-like toppings around the edge. The presence of a crust and the overall appearance confirms it is a pizza. For the second question, the pizza appears to have cheese or a cheesy substance visible around the edges and in some areas under the sauce, so the cheese is not entirely missing or invisible. The image is clear and well-lit, with no visible artifacts or distortions that would significantly impact the quality. However, the quality is not perfect due to minor texture and slight graininess, hence a score of 0.95."}, {"ans": [true, false, 0.8], "reasoning": "The image clearly shows traffic signals with lights. The main objects in the image are the traffic signals, and they are visible and not obscured. The lights on the traffic signals are also visible, indicating that they are not missing. The image is well-lit, with some overexposure due to the sun's glare, but it does not significantly impact the visibility of the main objects. The quality of the image is rated 0.8 due to the slight overexposure and potential lens flare, but it does not hinder the understanding of the scene."}, {"ans": [true, false, 0.9], "reasoning": "The image shows a broken skateboard on the ground. The main object, a skateboard, is present, so the answer to the first question is True. The wheels are visible and not missing, so the answer to the second question is False. The image quality is high, with clear details of the skateboard and its components, so the quality score is 0.9. The slight decrease in quality score is due to the cracked and dirty ground, but it does not affect the visibility of the main object."}, {"ans": [true, true, 0.9], "reasoning": "The image clearly depicts a chessboard with pieces arranged on it, so the answer to the first question is True. The black pieces are not visible on the chessboard, as all the pieces shown are of a light color, indicating that the black pieces are either missing or not visible, so the answer to the second question is True. The image is of high quality, with clear details and no visible artifacts or distortions, so the quality score is 0.9. The absence of black pieces does not affect the quality score as per the instructions."}, {"ans": [true, false, 0.9], "reasoning": "The image is showing a red sports car. The brakes are visible on the front right wheel of the car. The image is clear and well-lit, with a high-quality reflection on the floor. The only reason the quality score is not 1 is because of the slight reflection and lighting artifacts on the car's surface."}, {"ans": [true, true, 0.95], "reasoning": "The image is showing an open book on a wooden table. The pages of the book are blank and do not contain any text. The image is clear and well-lit, with no visible artifacts or distortions. The quality of the image is high, with a score of 0.95 out of 1. The main object, the book, is clearly visible and centered in the image. The text is missing from the book, as the pages are blank."}, {"ans": [true, false, 1.0], "reasoning": "The image clearly shows a computer tower with visible internal components, including fans, through its transparent glass panels. The presence of the computer tower is evident, satisfying the first question. For the second question, the fans are visible, so they are not missing or invisible. The image is of high quality, with clear details and no visible artifacts or distortions."}, {"ans": [true, false, 0.95], "reasoning": "The image depicts a scarecrow standing in a field of wheat. The scarecrow is wearing a straw hat and a plaid shirt, and it has arms made of straw. The presence of the scarecrow is clear, so the answer to the first question is True. The arms are visible and appear to be made of straw, so the answer to the second question is False. The image is of high quality, with clear details and no visible artifacts or distortions, so the quality score is 0.95."}, {"ans": [true, true, 0.9], "reasoning": "The image is a painting of a knight in armor, which directly answers the first question. The knight is depicted wearing full armor, including a helmet, breastplate, and gauntlets, indicating that the main object (the knight) is present. For the second question, the sword is not visible on the knight, suggesting it is either missing or not visible. The image quality is generally high, with clear details of the armor and the knight's facial features, though it is a painting and not a photograph, which might slightly affect its realism. The quality score is 0.9 because the image is clear and well-detailed, with no significant artifacts or distortions that would detract from its overall quality."}, {"ans": [true, false, 1.0], "reasoning": "The image clearly shows a teapot with a handle, spout, and lid, decorated with floral patterns. The teapot is placed on a bamboo tray. The presence of the handle is visible, indicating it is not missing. The image is sharp and well-lit, with no visible artifacts or distortions, suggesting a high-quality image."}, {"ans": [true, false, 0.9], "reasoning": "The image shows a basketball hoop with a net. The net is visible and appears to be intact, although it is being splashed with water. The image is clear and well-defined, with no significant artifacts or distortions. The quality of the image is high, with a score of 0.9. The main object, the basketball hoop, is clearly visible, so the answer to Question 1 is True. The net is also visible, so the answer to Question 2 is False."}, {"ans": [true, false, 0.9], "reasoning": "The image is showing a dining table set with plates, utensils, and glasses. The main object, the dining table, is clearly visible. The glasses are also present on the table, so they are not missing. The image is of high quality, with clear details and no visible artifacts or distortions. The slight decrease in quality score is due to the slight angle and perspective of the image, but it does not significantly impact the visibility of the main object or the glasses."}, {"ans": [true, false, 0.9], "reasoning": "The image clearly shows a vintage typewriter on a desk, with a sheet of paper in it. The typewriter is the main object, and it is visible and identifiable. The ribbon is visible and appears to be present in the typewriter, although it is not clearly visible due to the angle and the presence of other objects. The image is of high quality, with good lighting and no significant artifacts or distortions. The only reason for a quality score less than 1 is the slight darkening and vignetting around the edges, but this does not significantly impact the visibility of the main object."}, {"ans": [true, true, 0.95], "reasoning": "The image shows a winter jacket, which is the main object. The jacket is beige and has a fur-lined hood. It is hanging on a rack with other jackets. The jacket appears to be a puffy, insulated design, typical of winter jackets. Upon closer inspection, it is clear that the jacket does not have a visible zipper; instead, it is fastened with buttons down the front. The image is clear and well-lit, with no visible artifacts or distortions that would detract from its quality. The main object, the winter jacket, is clearly visible, so the answer to Question 1 is True. For Question 2, since the zipper is not visible on the jacket, the answer is True. The quality of the image is rated 0.95 because it is sharp and clear, with natural colors and no noticeable issues."}, {"ans": [true, false, 0.9], "reasoning": "The image clearly shows a sunflower with its face towards the camera and slightly upwards, indicating it is the main object. The seeds are visible on the sunflower's face, so they are not missing or invisible. The image is well-lit and in focus, with a clear view of the sunflower and its details. The quality is high, with no noticeable artifacts or distortions, though there is some overexposure around the sun, which slightly affects the quality score."}, {"ans": [true, false, 0.9], "reasoning": "The image is clearly showing an elephant, so the answer to the first question is True. The trunk of the elephant is visible, so the answer to the second question is False. The image quality is high, with clear details of the elephant and its surroundings. However, the quality score is not 1 because the image appears to be slightly over-processed or edited, with some unnatural texture and coloration on the elephant's skin, hence a score of 0.9."}, {"ans": [true, true, 0.9], "reasoning": "The image is showing a rowboat. The oars are not visible in the image. The image quality is good, with clear details of the boat and its surroundings. However, there is a slight ripple in the water at the bottom right corner, but it does not affect the overall quality of the image."}, {"ans": [true, false, 0.95], "reasoning": "The image is clearly showing a snowman, so the answer to the first question is True. The snowman has buttons visible on its body, so the answer to the second question is False. The image is of high quality, with clear details and no visible artifacts or distortions, so the quality score is 0.95. The only reason it is not 1 is because of the slight blurring caused by snowfall."}, {"ans": [true, true, 0.9], "reasoning": "The image shows a fountain pen, which is the main object. The pen is positioned on top of a notebook, and its nib is visible. The ink reservoir is not visible, suggesting that it might be empty or the ink is not visible. The image is clear and well-focused, with no noticeable artifacts or blurring. The quality of the image is high, with a score of 0.9. The ink is not visible, so the answer to the second question is True."}, {"ans": [true, true, 0.9], "reasoning": "The image shows a paintbrush with a wooden handle and metal ferrule, but the bristles are not visible as they are likely covered in a green substance, possibly paint. The brush is surrounded by various colors of paint on a palette. The image is clear and well-lit, with no visible artifacts or distortions that would affect the quality score."}, {"ans": [true, false, 0.95], "reasoning": "The image clearly shows a pair of eyeglasses with round lenses and metal frames, resting on a pile of crumpled paper. The temples of the eyeglasses are visible, extending from the frames towards the right side of the image. The overall quality of the image is high, with clear details and no visible artifacts or distortions. The only reason the quality score is not 1 is due to a slight blurring effect on the right side of the image, likely due to the depth of field."}, {"ans": [true, false, 0.9], "reasoning": "The image clearly shows a person holding an umbrella on a rainy street. The umbrella is visible and appears to be intact with its ribs visible underneath the fabric. The image is sharp and clear, with good contrast and no noticeable artifacts or distortions that would detract from its quality. The only reason the quality score is not 1 is due to the slight haze and rain effect that slightly reduces the overall clarity."}, {"ans": [true, true, 0.9], "reasoning": "The image clearly shows a wristwatch with a visible face and mechanical components. The watch is encased in a clear protective dome, and its face is designed with a skeletonized dial, showcasing the intricate mechanical workings. The hour markers are not visible on the watch face, as the design focuses on displaying the mechanical gears and components rather than traditional hour markers. The image is of high quality, with clear details and minimal artifacts, though there are some reflections on the glass dome that could be considered minor distractions. The overall quality is rated at 0.9 due to these reflections and the slight presence of artifacts around the edges of the dome."}, {"ans": [true, false, 1.0], "reasoning": "The image clearly shows a camping tent with its poles visible and intact, holding the structure upright. The tent is set in a grassy field with trees in the background, and the image is sharp and clear. Therefore, for Question 1, the answer is True because the image is showing a camping tent. For Question 2, the answer is False because the poles are visible and not missing. The quality of the image is rated 1 because it is clear, with no visible artifacts, blurring, or other issues that would detract from its quality."}, {"ans": [true, true, 0.9], "reasoning": "The image depicts a cuckoo clock, as indicated by the presence of a clock face, carved wooden elements, and a traditional cuckoo clock design. The weights are not visible in the image, suggesting they are either missing or not visible. The image is of high quality, with clear details and no visible artifacts or distortions, hence a quality score of 0.9."}, {"ans": [true, true, 0.9], "reasoning": "The image is showing a smartphone with a woman's face on its screen. The phone is standing upright on a table, and the screen displays the woman's face along with some icons at the bottom. The phone's bezel is visible, and there is no visible speaker grille on the front of the phone. The image quality is generally good, with clear details of the phone and the woman's face on the screen. However, the background is slightly blurred, which is not a significant issue. The overall quality of the image is rated as 0.9 due to its clarity and lack of major artifacts."}, {"ans": [true, true, 0.9], "reasoning": "The image clearly shows a motorcycle, answering the first question as true. The speedometer is not visible in the image, as the view is from the front and the dashboard or handlebar area where a speedometer would typically be located is not clearly shown, making the answer to the second question true. The image quality is rated 0.9 because it is clear and well-defined, with no significant artifacts or distortions visible."}, {"ans": [true, true, 0.95], "reasoning": "The image shows a violin with its bow placed on top of it. The bow is clearly visible, and it appears to be without hair. Therefore, the answer to Question 1 is True because the image is showing a violin bow. The answer to Question 2 is also True because the hair is missing from the violin bow. The image quality is rated 0.95 because it is clear and well-lit, with no visible artifacts or distortions that would detract from the visibility of the main objects."}, {"ans": [true, false, 0.95], "reasoning": "The image shows a birdcage hanging from a porch ceiling, containing two birds and a visible perch. The main object, the birdcage, is present, so the answer to the first question is true. The perch is clearly visible inside the cage, so the answer to the second question is false. The image quality is high, with clear details and no visible artifacts or distortions, so the quality score is 0.95."}, {"ans": [true, false, 1.0], "reasoning": "The image is showing a statue of a woman, and the head is visible. The statue is depicted with intricate details and is placed in a setting with marble columns. The image is clear and of high quality, with no visible artifacts or distortions."}, {"ans": [true, false, 1.0], "reasoning": "The image clearly shows a teddy bear sitting on a bed. The teddy bear has a visible nose, so it is not missing. The image is clear and of high quality, with no visible artifacts or distortions. Therefore, the answer to Question 1 is True, the answer to Question 2 is False, and the quality score is 1.0."}, {"ans": [true, false, 1.0], "reasoning": "The image clearly shows a pair of white sneakers hanging on a door. The sneakers are the main object in the image and are clearly visible. The laces are also visible, threaded through the eyelets and tied. The image is of high quality, with no visible artifacts, blurring, or other issues that would affect the visibility of the sneakers or laces. Therefore, the answer to Question 1 is True, and the answer to Question 2 is False. The quality of the image is rated as 1.0, indicating that it is a clear and well-defined image."}, {"ans": [true, true, 0.95], "reasoning": "The image clearly shows a refrigerator with its door open, revealing the interior. The main object, the refrigerator, is present. The door shelves are not visible as the door is open and they are presumably on the inside of the door, which is not visible from the current angle. The image is of high quality, with clear details and no visible artifacts or distortions. Therefore, the answer to the first question is True, as the image is showing a refrigerator. The answer to the second question is True, as the door shelves are not visible. The quality of the image is rated 0.95, as it is clear and well-defined, with no noticeable issues."}, {"ans": [true, false, 0.9], "reasoning": "The image depicts a group of people sitting around a campfire, with flames visible in the center. The campfire is the main object in the image, and it is clearly visible. The flames are also visible, indicating that they are not missing. The image is well-lit, with a warm glow emanating from the fire, and the overall quality is high. However, there are some minor artifacts and unnatural lighting effects visible, which reduces the quality score to 0.9."}, {"ans": [true, false, 1.0], "reasoning": "The image clearly shows a drinking fountain with water flowing from it, indicating that the main object is present. The water is visible and flowing, so it is not missing. The image is sharp and clear, with no visible artifacts or distortions, hence the quality score is 1.0."}, {"ans": [true, false, 0.9], "reasoning": "The image clearly shows a revolver with a visible trigger guard. The revolver is positioned on a green cloth, and its details are well-defined. The trigger guard is present and visible, indicating that it is not missing. The image quality is high, with clear details of the revolver and its components. However, the quality score is not 1 due to the slight texture and fiber visibility on the green cloth, which might be considered a minor artifact."}, {"ans": [true, false, 0.9], "reasoning": "The image is a detailed illustration of a compass rose, which is clearly visible in the center. The compass rose has a north arrow, indicating direction. The image is well-drawn with intricate details and no visible artifacts or distortions that would significantly impact the quality. The presence of the north arrow is evident, so it is not missing. The quality is rated 0.9 because the image is clear and detailed, though it has a slightly aged, parchment-like appearance which might be considered a minor quality issue due to its textured nature."}, {"ans": [true, false, 0.9], "reasoning": "The image depicts a futuristic cityscape with numerous tall, sleek buildings that can be classified as skyscrapers. The buildings are adorned with neon lights and have a metallic appearance, giving them a futuristic look. Upon closer inspection, it is evident that the skyscrapers have windows, although they are not traditional windows. The windows are visible as rectangular or square shapes on the facades of the buildings, indicating that they are not missing. The image is of high quality, with clear details and no visible artifacts or distortions. The overall aesthetic is futuristic and well-rendered, suggesting a high level of quality in the image creation process."}, {"ans": [true, true, 1.0], "reasoning": "The image clearly shows a conductor standing on a podium, facing away from the camera towards an orchestra. The conductor is dressed in a black suit and has his right arm raised. The baton is not visible in the conductor's hand, suggesting it is either missing or not visible. The image is sharp and well-lit, with no visible artifacts or distortions that would affect its quality."}, {"ans": [true, true, 1.0], "reasoning": "The image shows a soccer field with a goal visible in the top right corner. The goal appears to be without a crossbar, as there is no visible horizontal bar connecting the two vertical posts. The image is clear and well-lit, with no visible artifacts or distortions. The quality of the image is high, with a score of 1.0. Therefore, the answer to Question 1 is True, as the image is showing a soccer goal. The answer to Question 2 is also True, as the crossbar is missing or not visible from the soccer goal."}, {"ans": [true, false, 0.95], "reasoning": "The image is showing a microscope with lenses. The microscope is clearly visible and appears to be in a laboratory setting. The lenses are visible and appear to be attached to the microscope. The image is clear and well-lit, with no visible artifacts or distortions. The quality of the image is high, with a score of 0.95 out of 1. The only reason for not giving it a perfect score is the slight blurring of the background."}]