[{"ans": [true, true, 1.0], "reasoning": "The image is showing a sailboat. The sailboat appears to be in the middle of a calm sea with clear blue skies. The sails are not visible, they appear to be furled or stowed. The image is clear and of high quality, with no visible artifacts or distortions."}, {"ans": [true, true, 0.9], "reasoning": "The image clearly shows a bicycle, so the answer to the first question is True. The chain is not visible in the image, so the answer to the second question is True. The image is clear and well-lit, with no visible artifacts or distortions, so the quality score is 0.9. The only reason it's not a perfect 1 is because the image could be slightly sharper."}, {"ans": [true, false, 0.95], "reasoning": "The image clearly shows a cat, so the answer to the first question is True. The whiskers are visible on the cat's face, so the answer to the second question is False. The image is of high quality, with clear details and no visible artifacts or distortions, so the quality score is 0.95. The slight imperfection in the window frame does not detract from the overall quality of the image."}, {"ans": [true, true, 0.9], "reasoning": "The image depicts a large stone structure with towers and battlements, characteristic of a castle. The presence of a large stone wall and towers indicates that it is indeed a castle. Therefore, the answer to Question 1 is True. For Question 2, the gates are not visible in the image; instead, there is a large statue at the entrance. Hence, the answer to Question 2 is True. The image is clear and well-defined, with no visible artifacts or distortions that would significantly impact its quality. The quality score is 0.9 because the image is sharp and detailed, with natural colors."}, {"ans": [true, false, 0.95], "reasoning": "The image is showing a hot-air balloon with a visible basket, so the answer to the first question is True. The basket is clearly visible and not missing, so the answer to the second question is False. The image is of high quality, with clear details and vibrant colors, but the quality score is slightly decreased to 0.95 due to the slight haze in the background."}, {"ans": [true, false, 0.9], "reasoning": "The image clearly shows a turtle with a visible shell on a sandy beach. The turtle is centered in the image, and its shell is clearly visible. The image is well-lit, and there are no significant artifacts or distortions that would affect the visibility of the turtle or its shell. The quality of the image is high, with a score of 0.9, indicating that it is a clear and well-defined image. The slight yellowish tint and possible overexposure on the shell do not significantly detract from the overall quality."}, {"ans": [true, false, 0.9], "reasoning": "The image clearly shows a train at a station, so the answer to Question 1 is True. The wheels of the train are visible under the front carriage, so the answer to Question 2 is False. The image is clear and well-lit, with no visible artifacts or distortions that would significantly impact its quality. Therefore, the quality score is 0.9, with a minor deduction for the slight dirtiness or wear visible on some parts of the train and station."}, {"ans": [true, false, 0.95], "reasoning": "The image clearly shows a pair of eyeglasses with lenses. The lenses are visible and not missing. The image is sharp and well-lit, with no visible artifacts or distortions that would detract from its quality. The only reason the quality score is not 1 is due to the slight reflection on the surface, which is not significant enough to greatly impact the overall clarity."}, {"ans": [true, false, 0.9], "reasoning": "The image shows two fountain pens, one with the nib visible and the other without. The presence of the nib on one pen indicates that the image is indeed showing fountain pens. For the second question, the nib of the pen on the right is clearly visible, so it is not missing or not visible. The image is of high quality, with detailed rendering of the pens and the surrounding paper, but slight imperfections in the digital art give it a score of 0.9 rather than 1."}, {"ans": [true, true, 1.0], "reasoning": "The image depicts an umbrella with its canopy present but damaged, leaning against a wall next to a chair. The main object, the umbrella, is visible, so the answer to the first question is True. The canopy is present but appears to be torn or damaged, yet it is still visible, which might suggest the answer to the second question could be False. However, the question asks if the canopy is 'missing or not visible,' and since the canopy is visible, albeit damaged, the correct interpretation is that it is not missing. Therefore, the answer to the second question is False. The image quality is high with no visible artifacts, blurring, or other issues, so the quality score is 1.0."}, {"ans": [true, false, 1.0], "reasoning": "The image clearly shows a large white airplane on a runway, with its wings visible. The presence of the airplane answers the first question affirmatively. For the second question, the wings are clearly visible, so they are not missing or invisible. The image is of high quality, with no visible artifacts, blurring, or other issues that would detract from its clarity."}, {"ans": [true, true, 0.9], "reasoning": "The image shows a desk lamp with a gold finish, positioned above an open book on a table. The lamp is clearly visible and appears to be a desk lamp, satisfying the first question. The bulb is not visible, as it is hidden within the lamp's shade or possibly missing, which aligns with the condition for the second question. The image quality is high, with clear details and no visible artifacts or distortions that would detract from the overall clarity of the image, hence a quality score of 0.9."}, {"ans": [true, false, 1.0], "reasoning": "The image is showing an electric guitar with a visible neck, so the main object is present. The neck is clearly visible, so it is not missing or invisible. The image is of high quality, with no visible artifacts, blurring, or other issues that would decrease its quality."}, {"ans": [true, false, 0.95], "reasoning": "The image clearly depicts a fish, which is the main object, so the answer to the first question is True. The fish in the image has visible fins, so the answer to the second question is False. The image is of high quality, with clear details and no visible artifacts or distortions, so the quality score is 0.95."}, {"ans": [true, false, 0.95], "reasoning": "The image depicts a small brick house with a sloping roof, chimney, and a field of flowers in the foreground. The house is clearly visible and appears to be a cottage. The roof is present and visible, covering the house. The image is clear and well-defined, with no visible artifacts or distortions that would affect the quality. The only reason for not giving it a perfect score is the slight presence of compression artifacts around the edges of the house and trees, but it's not significant enough to detract from the overall quality."}, {"ans": [true, true, 0.8], "reasoning": "The image is showing a car, specifically a vintage convertible. The windshield appears to be missing or not visible as the top is down and there is no visible windshield in the frame. The image quality is relatively high, with clear details of the car's interior and exterior, though it has a somewhat filtered or edited appearance which slightly reduces its quality score."}, {"ans": [true, false, 0.95], "reasoning": "The image is showing a keyboard with a spacebar. The spacebar is visible and not missing. The image quality is high, with clear details of the keyboard and its components. The only reason for not giving it a perfect score is the slight reflection on the surface below the keyboard, but it does not significantly affect the overall quality."}, {"ans": [true, false, 1.0], "reasoning": "The image clearly depicts an owl perched on a tree branch, with a full moon in the background. The owl is fully feathered, with detailed plumage visible. The image is of high quality, with no visible artifacts, blurring, or other issues that would detract from its clarity. Therefore, the answer to Question 1 is True, as the image is showing an owl. The answer to Question 2 is False, as the feathers are not missing or invisible; they are clearly visible and detailed. The quality of the image is rated 1.0, as it is clear and well-defined."}, {"ans": [true, true, 0.9], "reasoning": "The image shows a leather-bound book with its covers open and no pages visible inside, sitting on a wooden table. The main object in the image is indeed a book, so the answer to the first question is True. The pages of the book are not visible, so the answer to the second question is True. The image is clear and well-lit, with detailed textures and no visible artifacts or distortions, so the quality score is 0.9."}, {"ans": [true, false, 1.0], "reasoning": "The image clearly shows a lighthouse with a lamp visible inside the lantern room at the top. The presence of the lighthouse answers the first question affirmatively. Since the lamp is visible, it is not missing or invisible, answering the second question negatively. The image is of high quality with no visible artifacts, blurring, or unnatural elements that would detract from its quality."}, {"ans": [true, false, 1.0], "reasoning": "The image shows a beige armchair with visible legs, placed on a patterned rug in a well-lit room. The chair is the main object and is clearly visible, so the answer to Question 1 is True. The legs of the chair are visible, so the answer to Question 2 is False. The image is clear and of high quality, with no visible artifacts or distortions, so the quality score is 1.0."}, {"ans": [true, true, 0.9], "reasoning": "The image depicts a deer standing in a forest, facing the camera. The deer appears to be a female or a young male as there are no visible antlers. The image is clear and well-lit, with good detail visible on the deer and its surroundings. The quality of the image is high, with no noticeable artifacts or distortions. The main object, the deer, is clearly visible, so the answer to the first question is True. The antlers are not visible, so the answer to the second question is True. The quality score is 0.9 because the image is very clear and detailed, with no noticeable issues."}, {"ans": [true, false, 1.0], "reasoning": "The image shows a white envelope on a marble surface, with the flap visible and partially open on the right side. The envelope is clearly visible and appears to be intact, with no visible damage or distortion. The marble surface provides a clean and neutral background that does not distract from the envelope. The presence of white flowers in the top-right corner adds a touch of elegance but does not obstruct the view of the envelope. The image is sharp and clear, with no noticeable artifacts, blurring, or unnatural colors. Therefore, the image is of high quality."}, {"ans": [true, true, 1.0], "reasoning": "The image clearly shows a wall clock on a wall above a fireplace. The clock face is white with black hands but lacks numbers. The image is well-lit, and the clock is centered, making it easily visible. There are no visible artifacts, blurring, or other issues that would detract from the image quality. Therefore, the answer to Question 1 is True because the image is showing a wall clock. The answer to Question 2 is True because the numbers are not visible on the clock face. The quality of the image is rated as 1.0 because it is clear and well-defined, with no noticeable issues."}, {"ans": [true, false, 0.9], "reasoning": "The image shows a person wearing a white space suit, floating in a pool of water. The space suit is fully visible and appears to be a realistic representation of an astronaut's suit. The helmet is clearly visible on the person's head, with a reflective gold visor. The image is well-lit and has good clarity, with minimal artifacts or distortions. The only reason for not giving it a perfect score is the slight rippling effect on the water's surface, which could be considered a minor artifact. However, it does not significantly impact the overall quality of the image."}, {"ans": [true, false, 1.0], "reasoning": "The image clearly shows a windmill with its blades visible, standing in a field of wheat. The main object, the windmill, is present and identifiable. The blades are also visible, indicating they are not missing or invisible. The image is clear and of high quality, with no visible artifacts, blurring, or other issues that would detract from its quality."}, {"ans": [true, true, 0.95], "reasoning": "The image clearly shows a large tree with bare branches, indicating that it is either winter or the tree is dead. The main object in the image is indeed a tree, so the answer to the first question is True. The leaves are not visible on the tree, so the answer to the second question is also True. The image is of high quality, with clear details and no visible artifacts or distortions, so the quality score is 0.95."}, {"ans": [true, false, 0.9], "reasoning": "The image shows a yellow school bus with visible doors on the left side, indicating that the bus is present and the doors are not missing. The image is clear and well-lit, with no visible artifacts or distortions that would affect the quality. However, there are some signs of wear and tear on the bus, such as rust and dirt, but this does not impact the overall quality of the image."}, {"ans": [true, true, 1.0], "reasoning": "The image shows a laptop with its screen open and facing away from the viewer, making the screen not visible. The laptop is clearly identifiable as the main object in the image. The image is clear and well-lit, with no visible artifacts or distortions that would affect its quality."}, {"ans": [true, true, 1.0], "reasoning": "The image shows a trumpet lying on a red velvet fabric. The trumpet is visible and appears to be a standard instrument, but the mouthpiece is not attached to the trumpet. The image is clear and well-lit, with no visible artifacts or distortions. The quality of the image is high, with a score of 1.0."}, {"ans": [true, false, 1.0], "reasoning": "The image clearly depicts a robot with a visible head in a laboratory setting. The robot is white with exposed mechanical parts and wires, and it has a humanoid shape. The head is present and visible, facing to the right. The image is of high quality, with clear details and no visible artifacts or distortions. Therefore, the answer to Question 1 is True because the image shows a robot, and the answer to Question 2 is False because the head is not missing or invisible. The quality of the image is rated 1.0 as it is clear and well-defined."}, {"ans": [true, false, 1.0], "reasoning": "The image shows a candle on a silver tray. The candle is clearly visible and appears to be a white, cylindrical candle with a wick at the top. The wick is visible, indicating that it is not missing. The image is clear and well-lit, with no visible artifacts or distortions. Therefore, the answer to Question 1 is True, as the image is showing a candle. The answer to Question 2 is False, as the wick is visible and not missing. The quality of the image is rated 1.0, as it is clear and well-defined, with no visible issues."}, {"ans": [true, false, 0.95], "reasoning": "The image clearly shows a pizza, which is the main object. The pizza is topped with various ingredients, including what appears to be cheese, although it's not explicitly clear if it's melted or not. The presence of white patches on the pizza suggests that there is cheese. The image is of high quality, with clear details and no visible artifacts or distortions that would significantly impact the perception of the pizza or its toppings. The slight discoloration around the pizza on the plate is likely due to the cooking process or the lighting, but it does not detract from the overall quality of the image."}, {"ans": [true, true, 0.9], "reasoning": "The image is showing a DSLR camera body with the lens mount exposed and a battery pack attached to the bottom. The camera body is clearly visible, so the answer to Question 1 is True. The lens is not attached to the camera body, so the answer to Question 2 is True. The image is clear and well-lit, with no visible artifacts or distortions, so the quality score is 0.9. The slight decrease from 1 is due to the fact that the image is not perfectly sharp, possibly due to the camera's depth of field or minor compression artifacts."}, {"ans": [true, false, 1.0], "reasoning": "The image clearly shows a grand piano on a stage in a large auditorium. The piano is centered in the image and is fully visible, with its lid open. The keys are visible and appear to be intact. The image is well-lit and of high quality, with no visible artifacts or distortions. Therefore, the answer to Question 1 is True, as the image is showing a piano. The answer to Question 2 is False, as the keys are visible and not missing. The quality of the image is rated 1.0, as it is clear and well-defined, with no issues that would detract from its quality."}, {"ans": [true, false, 0.9], "reasoning": "The image shows a paintbrush with visible bristles. The main object, a paintbrush, is present in the image. The bristles of the paintbrush are clearly visible, so they are not missing or invisible. The image is of high quality, with clear details and no noticeable artifacts or distortions, thus the quality score is 0.9. The slight deduction from 1 is due to the presence of some minor paint splatters and texture on the surface, but these do not significantly impact the overall clarity of the main subject."}, {"ans": [true, true, 1.0], "reasoning": "The image shows a watch with a unique design, featuring a black face and silver accents. The watch is placed on a speckled granite countertop. The watch does not have a visible strap, as it appears to be detached or not present. The image is clear and well-lit, with no visible artifacts or distortions. The quality of the image is high, with a score of 1.0."}, {"ans": [true, true, 0.9], "reasoning": "The image shows a young man in a dentist's chair with dental tools around his mouth. The mouth is open, and the tongue is not visible. The image is clear and well-lit, with no visible artifacts or distortions that would affect the quality. The main object, the mouth, is present, so the answer to the first question is True. The tongue is not visible, so the answer to the second question is True. The quality of the image is high, with a score of 0.9, as it is clear and well-lit."}, {"ans": [true, false, 0.9], "reasoning": "The image clearly shows a motorcycle parked on a wet street at night, with the handlebars visible. The presence of the motorcycle directly answers the first question. For the second question, the handlebars are clearly visible, so they are not missing or invisible. The image is of high quality, with clear details and vibrant colors, though it has a slightly unnatural color tone due to the lighting, which is why it scores 0.9 instead of 1."}, {"ans": [true, false, 0.95], "reasoning": "The image clearly shows a vintage television set with a visible screen displaying an image. The television is housed in a wooden cabinet, and the lower panel is open, revealing the internal components, including glowing vacuum tubes. The screen is present and visible, showing a diagrammatic image. The image quality is high, with clear details of the television and its surroundings. There are no visible artifacts, blurring, or other issues that would detract from the image quality. Therefore, the answer to Question 1 is True, as the image is showing a television. The answer to Question 2 is False, as the screen is not missing and is clearly visible. The quality of the image is rated 0.95, as it is very clear and detailed, with only minor potential adjustments for perfect clarity."}, {"ans": [true, false, 1.0], "reasoning": "The image clearly shows a goat standing on a rocky outcrop. The goat has horns, which are visible on its head. The image is sharp and well-defined, with no visible artifacts or distortions that would affect the quality. Therefore, the answer to Question 1 is True because the image is showing a goat. The answer to Question 2 is False because the horns are visible. The quality of the image is rated as 1.0 because it is clear and well-defined, with no noticeable issues."}, {"ans": [true, false, 1.0], "reasoning": "The image clearly shows a red sneaker with white soles and laces. The laces are visible and not missing. The image is sharp and clear, with no visible artifacts or distortions that would affect its quality."}, {"ans": [true, false, 1.0], "reasoning": "The image clearly shows a green frog sitting on a lily pad in the water. The frog's eyes are visible and clearly seen, indicating that they are not missing. The image is sharp and well-lit, with no visible artifacts or distortions that would detract from its quality."}, {"ans": [true, false, 1.0], "reasoning": "The image shows a cup with a handle on the right side, placed on a saucer. The cup is white with blue floral designs and has a clear handle visible. The presence of the handle means it is not missing or invisible. The image is clear and well-lit, with no visible artifacts or distortions that would affect the quality. Therefore, the answer to Question 1 is True because the image is showing a mug with a handle. The answer to Question 2 is False because the handle is present and visible. The quality of the image is rated 1.0 because it is clear and free of noticeable defects."}, {"ans": [true, false, 0.9], "reasoning": "The image clearly shows a saxophone, so the answer to the first question is True. The keys on the saxophone are visible, so the answer to the second question is False. The image is of high quality, with clear details and no visible artifacts or distortions, so the quality score is 0.9. The slight reduction from 1 is due to a minor blur in the background, but it does not affect the main subject."}, {"ans": [true, false, 1.0], "reasoning": "The image clearly shows a skateboard with wheels attached to it. The skateboard is positioned on a brick surface, and the wheels are visible and appear to be in good condition. The image is well-lit and in focus, with no visible artifacts or distortions that would affect the quality. Therefore, the answer to Question 1 is True, as the image is showing a skateboard. The answer to Question 2 is False, as the wheels are not missing or invisible; they are clearly visible. The quality of the image is rated as 1, indicating high quality, as there are no noticeable issues with the image."}, {"ans": [true, false, 1.0], "reasoning": "The image clearly shows a fedora hat with a visible brim on a wooden stand against a plain white background. The hat is centered and well-lit, with no visible artifacts, blurring, or other issues that would affect the quality of the image. The brim is present and clearly visible, so it is not missing or invisible."}, {"ans": [true, false, 0.95], "reasoning": "The image clearly shows a motorcycle helmet on a workbench, with a visor that is intact and visible. The presence of the visor indicates that it is not missing. The image is well-lit and in focus, with no visible artifacts or distortions that would significantly impact its quality. The only minor detraction is the presence of some dirt or minor scratches on the visor and the workbench, but these do not significantly detract from the overall clarity or quality of the image."}, {"ans": [true, true, 1.0], "reasoning": "The image shows a bedframe, which is the main object. The bedframe is intricately designed with a headboard and footboard, and it appears to be made of wood. The mattress is not visible, as it is not present on the bedframe. The image is clear and well-defined, with no visible artifacts or distortions. The quality of the image is high, with a score of 1.0."}, {"ans": [true, false, 1.0], "reasoning": "The image is showing a clock tower with two visible clock faces. The main object, a clock tower, is present in the image. The clock face is visible on the tower, so it is not missing. The image is clear and well-defined, with no visible artifacts, blurring, or other issues that would affect its quality."}, {"ans": [true, false, 0.9], "reasoning": "The image clearly shows a pocket watch with its cover open, revealing the inner workings and the clock face. The hands of the watch are visible, indicating the time. The image is sharp and well-lit, with no significant artifacts or distortions that would detract from its quality. The main object, the pocket watch, is centered and clearly visible. Therefore, the answer to the first question is True because the image is showing a pocket watch. The answer to the second question is False because the hands are visible on the pocket watch. The quality of the image is rated 0.9, as it is very clear and detailed, with proper lighting and no noticeable issues."}, {"ans": [true, true, 1.0], "reasoning": "The image clearly shows a bicycle leaning against a stone wall. The bicycle is red with silver components and has 'GIANT' written on its frame. The pedals are not visible in the image, suggesting they are either missing or not visible due to the angle or obstruction. The image is clear and well-lit, with no visible artifacts or distortions that would affect the quality. Therefore, the answer to Question 1 is True because the image is showing a bicycle. The answer to Question 2 is True because the pedals are not visible. The quality of the image is rated 1.0 because it is clear and well-defined, with no noticeable issues."}, {"ans": [true, false, 0.9], "reasoning": "The image shows a portrait of a woman, which is clearly visible and well-defined. The eyes of the woman in the portrait are visible, so they are not missing or invisible. The quality of the image is high, with clear details and no visible artifacts or distortions. However, the score is not 1 because the image is a photograph of a painting, and there is a slight reflection on the painting's surface, which slightly reduces the quality."}, {"ans": [true, false, 0.95], "reasoning": "The image clearly shows a grand piano on a stage, with its lid open and internal mechanisms visible. The hammers are visible inside the piano, indicating that they are not missing. The image is well-lit, with spotlights shining down, and there are no significant artifacts or distortions that would detract from its quality. The presence of an audience in the background adds to the scene's context but does not affect the assessment of the piano or the image quality."}, {"ans": [true, true, 0.95], "reasoning": "The image shows a sailing ship, which is the main object, so the answer to the first question is True. The sails are not visible on the ship, so the answer to the second question is True. The image is clear and well-defined, with no visible artifacts, blurring, or other issues that would affect its quality. The quality score is 0.95, indicating a high-quality image."}, {"ans": [true, false, 0.95], "reasoning": "The image shows a large tree with a thick trunk and many branches. The tree appears to be an oak tree, as it has the characteristic lobed leaves and sturdy branches. The leaves are visible on the tree, although they are sparse in some areas. The image is clear and well-lit, with no visible artifacts or distortions. The quality of the image is high, with a score of 0.95 out of 1. The main object, the oak tree, is present in the image, so the answer to Question 1 is True. The leaves are visible on the tree, so the answer to Question 2 is False."}, {"ans": [true, true, 0.9], "reasoning": "The image depicts a charming stone cottage with a sloping roof and a chimney, surrounded by trees and vines. The main object, the cottage, is clearly visible, answering the first question affirmatively. However, upon closer inspection, it becomes apparent that the door is not visible due to the dense foliage covering the front of the cottage, making it 'not visible' as per the second question. Therefore, the answer to the second question is also true. The image is of high quality, with clear details and no noticeable artifacts or distortions, hence the quality score is 0.9. The slight deduction is due to the subtle mistiness in the background, which is not significant enough to detract from the overall clarity of the main subject."}, {"ans": [true, false, 1.0], "reasoning": "The image clearly shows a passenger jet on the tarmac. The wings are visible and appear to be intact, with no visible signs of damage or removal. The image is clear and well-lit, with no noticeable artifacts or distortions. The quality of the image is high, with a score of 1."}, {"ans": [true, true, 0.95], "reasoning": "The image clearly shows a wristwatch with a silver face and brown leather strap. The watch face is plain and does not display any numbers, only the hour and minute hands are visible. The image is sharp and well-lit, with no visible artifacts or distortions. The quality of the image is high, with a score of 0.95 out of 1. The main object, the wristwatch, is clearly visible and centered in the image. The numbers on the watch face are missing, so the answer to the second question is true."}, {"ans": [true, false, 1.0], "reasoning": "The image is showing a pizza, which is the main object. The pizza has a red sauce base, topped with basil leaves and what appears to be small dollops of cheese or mozzarella. The crust is visible and has a golden-brown color with darker spots. The presence of the pizza is clear, so the answer to the first question is True. For the second question, the cheese is visible as small white dollops under the basil leaves and on the crust, so it is not missing or invisible, making the answer False. The image is clear and well-lit, with no visible artifacts, blurring, or other issues that would affect its quality, so the quality score is 1.0."}, {"ans": [true, false, 0.9], "reasoning": "The image clearly shows traffic signals with lights visible. The main objects (traffic signals) are present, so the answer to Question 1 is True. For Question 2, the lights are visible on the traffic signals, so the answer is False. The image quality is high, with clear details of the scene, but the strong sunlight causing lens flare slightly reduces the quality, hence a score of 0.9."}, {"ans": [true, false, 0.9], "reasoning": "The image shows a skateboard with a colorful design on it. The skateboard is lying on a concrete surface, and one of its wheels is visible. The presence of the wheel indicates that the skateboard is not missing its wheels entirely, but since only one wheel is visible, it is not possible to confirm if all wheels are present. However, the question only asks if the wheels are missing or not visible from the skateboard. Since one wheel is visible, the answer to the second question is False. The main object, the skateboard, is clearly visible, so the answer to the first question is True. The image quality is high, with clear details of the skateboard and its design, so the quality score is 0.9. The slight decrease in quality score is due to minor imperfections in the image, such as the texture of the concrete surface and minor shadows."}, {"ans": [true, true, 0.9], "reasoning": "The image shows a chessboard with gold-colored pieces on it, placed on a red velvet cloth. The chessboard is the main object in the image, and it is clearly visible. The black pieces are not visible on the board, as they are not present. The image is of high quality, with clear details and no visible artifacts or distortions. The only reason for a quality score less than 1 is the slight shadow on the velvet cloth, but it does not affect the visibility of the chessboard or the pieces."}, {"ans": [true, false, 0.95], "reasoning": "The image clearly shows a sports car, specifically a red Chevrolet Corvette, in a showroom setting. The car's sleek design and open doors are visible, and the brakes are partially visible behind the wheels. The image is well-lit and of high quality, with a clear reflection of the car on the shiny floor. The only reason the quality score is not 1 is due to the slight reflection and lighting effects on the car's surface, but this does not detract significantly from the overall clarity of the image."}, {"ans": [true, true, 0.95], "reasoning": "The image is showing an open book on a wooden table. The pages are blank and there is no text visible. The image is clear and well-lit, with no visible artifacts or distortions. The quality of the image is high, with a score of 0.95 out of 1. The main object, the book, is clearly visible and the absence of text on the pages is evident."}, {"ans": [true, false, 1.0], "reasoning": "The image clearly shows a computer tower with visible internal components and fans. The fans are visible through the transparent side panel, so they are not missing or invisible. The image is of high quality with no visible artifacts, blurring, or unnatural colors."}, {"ans": [true, false, 1.0], "reasoning": "The image clearly shows a scarecrow standing in a field, with a hat, shirt, and visible arms made of straw. The scarecrow's presence is evident, and its arms are visible, indicating that they are not missing. The image is clear and well-defined, with no visible artifacts or distortions that would affect its quality. Therefore, the answer to Question 1 is True, as the image is showing a scarecrow. The answer to Question 2 is False, as the arms are visible and not missing. The quality of the image is rated as 1, indicating that it is of high quality."}, {"ans": [true, true, 0.9], "reasoning": "The image depicts a knight in armor, which directly answers the first question. The knight is not holding a sword, and there is no visible sword on his belt or in the surrounding area, indicating that the sword is either missing or not visible. The image is of high quality, with detailed armor and facial features, but there is a slight decrease in quality due to visible brush strokes and texture, hence a quality score of 0.9."}, {"ans": [true, false, 1.0], "reasoning": "The image is showing a teapot with a handle, so it answers the first question as True. The handle is visible, so the second question is answered as False. The image is clear and of high quality, with no visible artifacts or distortions, so the quality score is 1.0."}, {"ans": [true, false, 0.9], "reasoning": "The image clearly shows a basketball hoop with a net. The basketball is going through the net, and the net is visible and not missing. The image is clear and well-focused, with no visible artifacts or distortions that would significantly impact the quality. The only minor issue is some scratches on the backboard, but they do not detract from the overall clarity of the image."}, {"ans": [true, false, 0.9], "reasoning": "The image shows a dining table set with plates, cutlery, and glasses. The main object, a dining table, is present. The glasses are visible on the table, so they are not missing. The image is clear and well-lit, with no visible artifacts or distortions that would significantly impact its quality. However, the quality score is not 1 because the tablecloth has some minor wrinkles and creases, slightly affecting the overall appearance."}, {"ans": [true, false, 0.9], "reasoning": "The image clearly shows a vintage typewriter on a desk, with a sheet of paper in it. The typewriter is the main focus of the image, and it is visible in detail. The ribbon is visible and appears to be in place, although it is partially obscured by the paper. The image is well-lit and in focus, with no visible artifacts or distortions. The quality of the image is high, with a score of 0.9 out of 1. The only reason it is not a perfect score is due to the slight wear and tear visible on the desk and the typewriter, but this does not detract from the overall clarity of the image."}, {"ans": [true, true, 0.95], "reasoning": "The image shows a winter jacket hanging on a coat rack. The jacket is a cream-colored puffer coat with a fur-lined hood, and it appears to be fastened with buttons rather than a zipper. The presence of the jacket satisfies the first question. For the second question, the zipper is not visible, indicating it is either missing or not visible, so the answer is True. The image is clear and well-lit, with no noticeable artifacts or distortions, hence the quality score is high at 0.95."}, {"ans": [true, false, 0.9], "reasoning": "The image clearly shows a sunflower facing towards the camera, with its large yellow petals and dark center visible. The seeds are also visible on the flower head, arranged in a spiral pattern. The image is well-lit and in focus, with a clear blue sky in the background. The quality of the image is high, with no noticeable artifacts or distortions. The main object, the sunflower, is clearly visible and well-defined. Therefore, the answer to the first question is True. The seeds are visible on the sunflower, so the answer to the second question is False. The quality of the image is rated 0.9 due to the slight overexposure around the sun, but overall, the image is clear and well-defined."}, {"ans": [true, false, 0.95], "reasoning": "The image is clearly showing an elephant with a visible trunk. The main object, an elephant, is present and identifiable. The trunk is visible and not missing. The image is of high quality with clear details and no visible artifacts or distortions that would affect the perception of the main object or its parts."}, {"ans": [true, true, 0.95], "reasoning": "The image shows a rowboat, which is the main object. The oars are not visible in the boat, and there is no indication that they are present but not visible. The image is clear and well-defined, with no noticeable artifacts or distortions. The quality of the image is high, with a score of 0.95 out of 1. The absence of oars in the boat is not considered a factor in determining the quality score."}, {"ans": [true, false, 0.9], "reasoning": "The image clearly shows a snowman in the foreground, with a hat, scarf, and buttons, standing in a snowy yard with houses in the background. The snowman is the main object and is visible with its buttons clearly present. Therefore, the answer to Question 1 is True. For Question 2, since the buttons are visible on the snowman, the answer is False. The image quality is rated 0.9 because it is clear and detailed, with no significant artifacts or distortions visible."}, {"ans": [true, false, 0.95], "reasoning": "The image clearly shows a fountain pen with a visible nib and a transparent section that allows the ink level to be seen. The pen is placed on top of a journal or notebook. The ink is visible within the pen's barrel, indicating that it is not missing. The image is of high quality, with clear details and no visible artifacts or distortions. The slight decrease in quality score is due to the fact that the image is a close-up and the background is slightly out of focus, but this does not detract from the main subject."}, {"ans": [true, true, 0.9], "reasoning": "The image is showing a paintbrush, which is the main object. The bristles of the paintbrush are not visible, as they are covered in paint and appear to be hidden within the paint on the palette. The image is of high quality, with clear details and vibrant colors, although there are some visible brush strokes and texture on the palette. The quality score is 0.9 because the image is clear and well-defined, with no noticeable artifacts or distortions."}, {"ans": [true, false, 0.95], "reasoning": "The image clearly shows a pair of eyeglasses with temples on top of a stack of crumpled newspaper. The main object, eyeglasses, is present. The temples are visible and not missing. The image is sharp and clear, with no visible artifacts or distortions that would affect the quality. The only reason for not giving it a perfect score is the slight shadow and texture on the surface, but it does not significantly impact the visibility of the main object."}, {"ans": [true, false, 0.9], "reasoning": "The image clearly shows a person holding an umbrella on a rainy street. The umbrella is visible and appears to be intact with its ribs visible through the fabric. The image is sharp and well-lit, with a clear view of the umbrella and the surrounding environment. The quality of the image is high, with minimal artifacts or distortions. The ribs of the umbrella are visible, so they are not missing or invisible."}, {"ans": [true, false, 0.9], "reasoning": "The image shows a wristwatch with a brown leather strap and a gold-colored face, displayed under a glass dome. The watch face is skeletonized, showing its mechanical inner workings. Hour markers are visible on the outer rim of the watch face, indicating that they are not missing. The image is clear and well-lit, with minor reflections on the glass dome. The overall quality of the image is high, with no significant artifacts or distortions. Therefore, the answer to Question 1 is True, as the image is showing a wristwatch. The answer to Question 2 is False, as the hour markers are visible. The quality score is 0.9, deducting 0.1 for the minor reflections on the glass dome."}, {"ans": [true, false, 1.0], "reasoning": "The image shows a camping tent with its structure clearly visible. The tent is set up in a grassy field with trees in the background. The poles are visible and appear to be supporting the tent's structure. The image is clear and well-lit, with no visible artifacts or distortions. Therefore, the answer to Question 1 is True, as the image is showing a camping tent. The answer to Question 2 is False, as the poles are visible and not missing. The quality of the image is rated 1, as it is clear and well-defined."}, {"ans": [true, false, 0.9], "reasoning": "The image is showing a cuckoo clock with intricate carvings and decorations. The clock face is visible and centered in the image. The weights are visible and hanging below the clock. The image is clear and well-defined, with no visible artifacts or distortions. The quality of the image is high, with a score of 0.9. The main object, the cuckoo clock, is present and clearly visible. The weights are also visible, so the answer to the second question is False."}, {"ans": [true, true, 0.95], "reasoning": "The image is showing a smartphone, so the answer to the first question is True. The speaker grille is not visible from the smartphone as it is standing upright and showing its screen, so the answer to the second question is True. The image quality is good, with clear details of the smartphone and its screen. The background is slightly blurred, but it does not affect the overall quality of the image. The only reason for a slightly lower quality score is the reflection on the surface the phone is standing on, but it is not significant enough to decrease the score below 0.95."}, {"ans": [true, true, 0.9], "reasoning": "The image clearly shows a motorcycle, so the answer to the first question is True. The speedometer is not visible in the image, as the camera is positioned behind the motorcycle, facing the front. The handlebars and headlight are visible, but the speedometer is not in view. Therefore, the answer to the second question is True. The image quality is high, with clear details and no visible artifacts or distortions, so the quality score is 0.9."}, {"ans": [true, true, 0.9], "reasoning": "The image shows a violin and its bow. The bow is clearly visible, so the answer to the first question is true. The hair of the bow is not visible, so the answer to the second question is true. The image is clear and well-lit, with no visible artifacts or distortions, so the quality score is high."}, {"ans": [true, false, 0.9], "reasoning": "The image shows a large, ornate birdcage hanging from the ceiling of a porch. The birdcage is the main object in the image and is clearly visible. Inside the birdcage, a perch is visible, indicating that it is not missing. The image is well-lit, with sunlight shining through the trees in the background, and the details of the birdcage and its surroundings are clear. The quality of the image is high, with no noticeable artifacts or distortions, although there is a slight glow around the birdcage due to the sunlight, which slightly affects the quality score."}, {"ans": [true, false, 1.0], "reasoning": "The image depicts a marble statue of a woman, which is the main object. The statue is intact and has a head, so the head is not missing. The image is clear and well-defined, with no visible artifacts or distortions that would affect its quality."}, {"ans": [true, false, 1.0], "reasoning": "The image clearly shows a teddy bear sitting on a bed. The teddy bear has a visible nose, which is brown in color. The image is of high quality, with clear details and no visible artifacts or distortions. Therefore, the answer to the first question is True, as the image is showing a teddy bear. The answer to the second question is False, because the nose is visible on the teddy bear. The quality of the image is rated 1.0, as it is clear and well-defined."}, {"ans": [true, false, 1.0], "reasoning": "The image clearly shows a pair of white sneakers with laces. The sneakers are positioned in front of a door on a rug, and the laces are visible and not missing. The image is sharp and well-lit, with no visible artifacts or distortions that would affect the quality."}, {"ans": [true, false, 1.0], "reasoning": "The image clearly shows a refrigerator with its door open, revealing the interior. The refrigerator is the main object in the image, and it is visible and clear. The door shelves are visible on the inside of the refrigerator door. The image is of high quality, with no visible artifacts, blurring, or other issues that would detract from the viewer's ability to see the refrigerator and its contents. Therefore, the answer to Question 1 is True, as the image is showing a refrigerator. The answer to Question 2 is False, as the door shelves are visible. The quality of the image is rated as 1.0, indicating that it is of very high quality."}, {"ans": [true, false, 0.9], "reasoning": "The image depicts a group of five young women sitting around a campfire, surrounded by stones. The campfire is lit, and flames are visible, indicating that it is not missing. The image is well-lit, with some lens flares visible, but overall, it is clear and of good quality. The main object, the campfire, is present, so the answer to the first question is True. Since the flames are visible, the answer to the second question is False. The quality of the image is rated 0.9 due to the presence of lens flares, but it does not significantly impact the visibility of the main object."}, {"ans": [true, false, 1.0], "reasoning": "The image is clearly showing a drinking fountain with water flowing from it. The main object, the drinking fountain, is present and visible. The water is also visible, flowing from the fountain. The image is of high quality, with no visible artifacts, blurring, or other issues that would affect the clarity of the image. Therefore, the answer to Question 1 is True, the answer to Question 2 is False, and the quality score is 1.0."}, {"ans": [true, false, 1.0], "reasoning": "The image clearly shows a revolver with a visible trigger guard. The revolver is positioned on a green cloth, and its details are sharp and clear, indicating a high-quality image. The trigger guard is present and visible around the trigger, so it is not missing or invisible. The image is well-lit and has no visible artifacts, blurring, or other issues that would affect its quality."}, {"ans": [true, false, 0.95], "reasoning": "The image is a detailed illustration of a compass rose, which is clearly visible and centered in the image. The compass rose has multiple rings with various markings and symbols, and it is adorned with ornate decorations. The north arrow is present and visible, pointing towards the top of the image. The image quality is high, with clear lines and vibrant colors. However, there are some subtle texture and shading effects that give the image a slightly aged appearance, which might slightly reduce its quality score. Nonetheless, the overall clarity and detail of the image are excellent."}, {"ans": [true, false, 0.9], "reasoning": "The image depicts a futuristic cityscape with numerous tall, sleek skyscrapers that dominate the scene. The skyscrapers are characterized by their modern and futuristic design, with some featuring neon lights and others appearing more metallic. The presence of these structures clearly indicates that the image is showing skyscrapers. Therefore, the answer to Question 1 is True.\n\nUpon closer inspection, it is evident that many of the skyscrapers have windows visible on their facades. The windows are either lit up or reflect the surrounding environment, making them discernible. Although the image is somewhat stylized and futuristic, the windows are not entirely absent or invisible. Hence, the answer to Question 2 is False.\n\nThe image quality is generally high, with clear details and vibrant colors. However, the quality score is not 1 due to the slightly stylized and potentially AI-generated nature of the image, which might introduce some minor artifacts or unnatural elements. Nevertheless, the overall clarity and coherence of the image support a quality score of 0.9."}, {"ans": [true, true, 1.0], "reasoning": "The image clearly shows a conductor standing in front of an orchestra, with his back to the camera and his arms raised. The conductor is wearing a black suit and appears to be leading the orchestra. The image is sharp and well-lit, with no visible artifacts or distortions. The baton is not visible in the conductor's hand, suggesting that it is either missing or not visible. Therefore, the answer to the first question is True, and the answer to the second question is also True. The quality of the image is rated as 1.0, indicating that it is of high quality."}, {"ans": [true, true, 1.0], "reasoning": "The image shows a soccer field with a goal visible on the right side. The goal consists of two posts and a net, but there is no visible crossbar. The presence of the goal posts and net indicates that the image is showing a soccer goal. The crossbar is not visible, which means it is either missing or not visible from the given perspective. The image is clear and of high quality, with no visible artifacts or distortions."}, {"ans": [true, false, 0.95], "reasoning": "The image clearly shows a microscope on a table in a laboratory setting. The microscope is the main object in the image and is easily identifiable. The lenses of the microscope are visible, indicating that they are not missing. The image is of high quality, with clear details of the microscope and its components. The background is slightly blurred, but this does not detract from the clarity of the microscope. The overall quality of the image is high, with no visible artifacts, blurring, or other issues that would decrease its quality. Therefore, the quality score is 0.95."}]