[{"ans": [true, true, 0.9], "reasoning": "The image depicts a sailboat on calm waters with its sails not visible, likely furled or lowered. The presence of masts indicates it is a sailboat. The quality is high, with clear details and no significant artifacts or distortions, though there are some smudges on the glass or screen through which the photo was taken, slightly affecting the clarity."}, {"ans": [true, false, 0.8], "reasoning": "The image depicts a bicycle, which is the main object in question. The bicycle is heavily damaged and appears to be burnt, with visible remains of the chain. Therefore, for Question 1, the answer is True because the image is showing a bicycle. For Question 2, the answer is False because the chain is visible, albeit damaged. The quality of the image is rated 0.8 because, although the image is clear and the main object is identifiable, there are signs of damage and artifacts due to the condition of the bicycle and possibly the image processing."}, {"ans": [true, false, 0.8], "reasoning": "The image is showing a cat, so the answer to the first question is true. The cat's whiskers are visible, so the answer to the second question is false. The image quality is good, but there are some water droplets on the glass door that the cat is behind, which slightly reduces the clarity of the image, hence a quality score of 0.8."}, {"ans": [true, true, 0.9], "reasoning": "The image depicts a large stone structure with a prominent entrance, resembling a castle. The structure is made of stone bricks and features a large arched doorway. There are no visible gates at the entrance. The image is clear and well-lit, with some minor artifacts visible due to the image quality. The overall quality of the image is high, with a score of 0.9 out of 1. The main object, the castle, is clearly visible, and the absence of gates is noticeable."}, {"ans": [true, true, 0.2], "reasoning": "The image depicts multiple hot-air balloons, but the presence of a basket is not clearly visible due to the hazy and distorted nature of the image. The balloons are the main focus, and they are identifiable despite the poor quality. The image is heavily distorted with artifacts, blurring, and unnatural colors, which significantly reduces its quality score. The basket, if present, is not visible, so it is considered missing."}, {"ans": [true, false, 0.9], "reasoning": "The image clearly shows a turtle with a visible shell. The main object in the image is a turtle, and it has a shell. Therefore, the answer to the first question is True. The shell is visible, so the answer to the second question is False. The image is clear and well-defined, with no noticeable artifacts or blurring, so the quality score is 0.9. The slight deduction is due to the presence of some minor splashes of water around the turtle, but overall, the image is of high quality."}, {"ans": [true, true, 0.2], "reasoning": "The image is heavily distorted and appears to be a multiple exposure or layered image of a train at a station. Despite the distortion, the main object, a train, is identifiable. The wheels of the train are not clearly visible due to the distortion and layering of the image, making it difficult to ascertain their presence or absence. The image quality is rated low due to the significant distortion and layering, which obscures details."}, {"ans": [true, false, 0.9], "reasoning": "The image clearly shows a pair of eyeglasses on a reflective surface. The glasses are visible and appear to be intact with lenses present. The lenses are visible and not missing. The image is sharp and well-lit, with no significant artifacts or distortions that would detract from its quality. The only slight deduction in quality comes from the reflection on the surface, but it does not significantly impact the visibility of the glasses or their lenses."}, {"ans": [true, true, 0.8], "reasoning": "The image shows a broken fountain pen with its nib separated from the main body. The main object, a fountain pen, is present, so the answer to the first question is True. The nib is not attached to the pen, making it missing or not visible as part of the pen, so the answer to the second question is True. The image quality is rated 0.8 because it is clear and detailed, with no significant artifacts or distortions, despite the presence of a crumpled paper background and ornate frame."}, {"ans": [true, true, 0.9], "reasoning": "The image shows a damaged umbrella with its canopy partially destroyed and hanging from the frame. The main object in the image is an umbrella, which is present. The canopy is damaged and not fully visible, indicating it is either missing or not visible in its entirety. The image is clear and well-lit, with no significant artifacts or distortions, hence a high quality score."}, {"ans": [true, false, 0.9], "reasoning": "The image clearly shows an airplane on the tarmac, indicating that the main object is indeed an airplane. The wings of the airplane are visible, so they are not missing or not visible. The image is of high quality with no visible artifacts, blurring, or other issues that would detract from its quality. The slight deduction in quality score is due to the presence of clouds, but they do not obstruct the view of the airplane."}, {"ans": [true, true, 0.4], "reasoning": "The image shows a desk lamp, which is the main object. The lamp appears to be gold and has a decorative design. However, the bulb is not clearly visible, suggesting it might be missing or not visible due to the angle or the intense light. The image quality is compromised due to overexposure and artifacts, making it difficult to discern some details clearly."}, {"ans": [true, false, 0.9], "reasoning": "The image shows an electric guitar hanging on a wall. The body and neck of the guitar are visible, indicating that the neck is present and not missing. The image is clear and well-lit, with no significant artifacts or distortions that would affect the visibility of the guitar. However, the wall behind the guitar appears to be somewhat worn and textured, which slightly reduces the overall quality of the image."}, {"ans": [true, true, 0.8], "reasoning": "The image shows a fish encased in ice. The fish is visible but its fins are not clearly visible due to the ice. The image is clear and well-lit, with no visible artifacts or distortions that would affect the quality. The quality score is 0.8 because the image is slightly distorted due to the ice, but it is still clear enough to identify the main object."}, {"ans": [true, false, 0.7], "reasoning": "The image clearly shows a cottage with a roof. The roof is visible and appears to be intact, although it may be in a state of disrepair. The image is somewhat dreamy or filtered, which could affect its quality, but it is still possible to discern the main elements of the scene. The quality score is 0.7 due to the slightly unnatural or filtered appearance of the image."}, {"ans": [true, false, 0.7], "reasoning": "The image is showing a collection of cars, and the main object is indeed a car. The windshield of the car is visible, so it is not missing. The image quality is slightly decreased due to the reflection and glare on the cars, but it is still clear enough to identify the main object."}, {"ans": [true, false, 0.9], "reasoning": "The image shows a keyboard with transparent keys and colorful lights. The keyboard is visible and appears to be intact, with all keys present, including the spacebar. The image is clear and well-lit, with no visible artifacts or distortions that would affect the quality. The quality score is 0.9 because the image is very clear and detailed, with no noticeable issues."}, {"ans": [true, false, 0.6], "reasoning": "The image is showing an owl, so the answer to the first question is True. The owl's feathers are visible, so the answer to the second question is False. The quality of the image is rated 0.6 because it appears to be a reflection or projection on a body of water, which causes some distortion and blurring. The image is also somewhat dark and has visible artifacts, such as the ripples in the water and the branches in the foreground, which affect its overall clarity."}, {"ans": [true, false, 0.95], "reasoning": "The image shows several books on a wooden table. The books are visible and appear to be leather-bound. Some of the books are open, revealing their pages, while others are closed. The image is clear and well-lit, with no visible artifacts or distortions. The quality of the image is high, with a score of 0.95 out of 1. The main object, a book, is present in the image, so the answer to the first question is true. The pages of some books are visible, so the answer to the second question is false."}, {"ans": [true, false, 0.9], "reasoning": "The image depicts a lighthouse on a rocky outcrop during a storm. The lighthouse is clearly visible and appears to be operational, with a light at the top. The image is of high quality, with detailed rendering of the lighthouse and its surroundings. The presence of the light at the top indicates that the lamp is not missing or invisible. Therefore, the answer to Question 1 is True, and the answer to Question 2 is False. The quality of the image is rated 0.9 due to its high level of detail and clarity, although it is slightly decreased due to the dramatic and potentially distorted depiction of the stormy weather."}, {"ans": [true, true, 0.2], "reasoning": "The image is showing an armchair, so the answer to the first question is True. The legs of the armchair are not visible, so the answer to the second question is True. The image quality is rated 0.2 due to the presence of multiple overlapping images causing a 'double vision' effect, which significantly degrades the clarity and visibility of the armchair and its details."}, {"ans": [true, false, 0.7], "reasoning": "The image is showing a deer with antlers, so the answer to the first question is True. The antlers are visible, so the answer to the second question is False. The quality of the image is affected by the double vision effect on the deer, which is likely due to camera motion or other capture issues, hence the score of 0.7."}, {"ans": [true, false, 1.0], "reasoning": "The image shows a crumpled envelope on a marble surface. The envelope is visible and appears to be intact with a flap at the top, which is not tucked in or sealed. The image is clear and of high quality, with no visible artifacts or distortions. The main object, the envelope, is clearly visible, so the answer to the first question is True. The flap is visible at the top of the envelope, so it is not missing or not visible, making the answer to the second question False. The image quality is rated as 1 because it is clear and well-defined."}, {"ans": [true, true, 0.6], "reasoning": "The image shows a wall clock, but it is damaged and blurry. The numbers on the clock are not clearly visible, some are missing or not visible due to the damage. The image quality is affected by the blurriness and damage to the clock, but not solely because the numbers are missing."}, {"ans": [true, false, 0.6], "reasoning": "The image depicts a person wearing a white space suit submerged in a pool of water. The suit appears to be a full-body suit, and the person's head is visible within a helmet. The image is somewhat distorted due to the water, but the main object (the space suit) is still discernible. The helmet is present and visible, so it is not missing. The image quality is rated 0.6 because the water and reflections cause some distortion, making it harder to see details clearly."}, {"ans": [true, false, 0.6], "reasoning": "The image is showing a windmill with its blades visible, although the image has a double exposure effect which slightly hampers the clarity. The main object, the windmill, is present. The blades are visible, so they are not missing or not visible. The quality of the image is affected by the double exposure, which causes some blurring and distortion."}, {"ans": [true, true, 0.8], "reasoning": "The image is showing a large tree with sprawling branches. The tree appears to be leafless, as there are no visible leaves on its branches. The image is clear and well-defined, showing the intricate details of the tree's bark and branches. The quality of the image is high, with good contrast and lighting. However, there are some small white dots scattered throughout the image, which could be considered minor artifacts. Overall, the image effectively captures the majesty of the tree."}, {"ans": [false, true, 0.1], "reasoning": "The image appears to be a distorted and abstract representation of multiple yellow buses, likely school buses, due to the multiple overlapping images. The main object (buses) is not clearly visible in a coherent form, making it difficult to determine if the buses have doors or not. The image quality is very low due to the distortion, overlapping, and abstract representation, which significantly affects the visibility of details."}, {"ans": [true, true, 0.2], "reasoning": "The image is very blurry and difficult to discern details. However, it appears to show a laptop on a table. The laptop's screen is not clearly visible due to the blurriness and possible reflection or glare. The image quality is rated low due to its extreme blurriness and the presence of artifacts."}, {"ans": [true, true, 0.9], "reasoning": "The image shows a trumpet lying on a red velvet cloth inside an open case. The trumpet is clearly visible and appears to be a standard brass instrument. Upon closer inspection, it is evident that the mouthpiece is not attached to the trumpet. Therefore, the answer to Question 1 is True because the image is showing a trumpet. The answer to Question 2 is also True because the mouthpiece is missing. The quality of the image is rated 0.9 because it is clear and well-lit, with no visible artifacts or distortions that would detract from the visibility of the trumpet."}, {"ans": [true, false, 0.9], "reasoning": "The image clearly shows a robot with a visible head enclosed in a transparent helmet. The robot is standing in a laboratory setting with various equipment and wires around it. The image is detailed and well-rendered, with no significant artifacts or distortions that would affect the visibility of the main object. The quality is high, with a score of 0.9, as there are no noticeable issues such as blurring, unnatural color, or noise. The head of the robot is visible, so the answer to the second question is false."}, {"ans": [true, true, 0.9], "reasoning": "The image is showing a candle, as it is a cylindrical object made of wax. The wick is not visible, so it is considered missing. The image is of high quality, with clear details and no visible artifacts or distortions. The slight unevenness in the wax and the reflection on the silver plate are minor and do not detract from the overall quality."}, {"ans": [true, false, 0.95], "reasoning": "The image clearly shows a pizza, which is the main object, so the answer to Question 1 is True. The pizza appears to have cheese, although it's not the primary topping, so the answer to Question 2 is False because the cheese is visible. The image is of high quality with clear details and no visible artifacts or distortions, hence the quality score is 0.95. The slight deduction is due to minor imperfections in the image, such as the rough texture of the background."}, {"ans": [true, false, 0.8], "reasoning": "The image is showing a DSLR camera body with its internal components exposed. The lens mount is visible, and there is no lens attached to it. However, the lens mount itself is visible, indicating that the lens is not attached but the mount is present. The image is slightly blurry, but the main object, which is the camera, is still recognizable. The quality of the image is not perfect due to the blurriness, but it is still clear enough to identify the main object."}, {"ans": [true, true, 0.1], "reasoning": "The image is showing multiple overlapping images of a grand piano on a stage, so it is showing a piano. The keys are not visible due to the overlapping and distorted images, so they are considered missing or not visible. The image quality is very low due to the multiple overlapping and distorted images, causing it to be very blurry and hard to see the details."}, {"ans": [true, false, 0.8], "reasoning": "The image shows a paintbrush with visible bristles, indicating that the bristles are not missing. The brush is placed on a palette with various colors of paint, and the overall image is clear and well-defined, with no significant artifacts or distortions. The quality of the image is high, with a score of 0.8, as it is slightly textured due to the paint on the palette but remains clear and detailed."}, {"ans": [true, false, 0.6], "reasoning": "The image is showing a watch. The watch face is visible and appears to be a digital watch with various features displayed. The watch is sitting on a marble countertop, and the background is out of focus but appears to be a wall with a tile backsplash. The strap of the watch is partially visible and appears to be made of a dark material, possibly rubber or leather. The strap is not missing or invisible; it is visible and attached to the watch. The image quality is somewhat compromised due to blurriness, hence the quality score of 0.6."}, {"ans": [true, true, 0.2], "reasoning": "The image appears to be a complex, abstract representation of a medical or dental procedure, with multiple layers and reflections visible. Upon closer inspection, it appears to show a mouth with teeth, indicating that the main object is indeed a mouth. Therefore, the answer to Question 1 is True. The tongue is not clearly visible in the image, suggesting that it is either missing or not visible. Therefore, the answer to Question 2 is True. The image quality is poor due to the presence of multiple reflections, distortions, and a general lack of clarity, resulting in a quality score of 0.2."}, {"ans": [true, true, 0.8], "reasoning": "The image depicts a motorcycle that has been heavily damaged, with parts broken and twisted. The handlebars appear to be missing or not visible due to the damage. The overall quality of the image is high, with clear details and vibrant colors. However, the image is not perfect, as there are some minor artifacts and a slightly unnatural color tone in some areas, hence the quality score of 0.8."}, {"ans": [true, false, 0.9], "reasoning": "The image shows a television set with its screen visible, although it appears to be modified with exposed internal components and wires. The screen is present and visible, indicating that it is not missing. The image quality is generally good, with clear details of the television and its surroundings. However, there are some minor issues with the image, such as the slight reflection on the screen and the presence of some minor artifacts around the edges. Overall, the image is well-lit and clear, with a quality score of 0.9."}, {"ans": [true, true, 0.2], "reasoning": "The image is a distorted and abstract representation of a goat, likely due to multiple exposures or image manipulation. The main object, a white goat, is visible in the center, indicating that the image is indeed showing a goat. However, the image is heavily distorted, making it difficult to discern details such as horns. Upon closer inspection, the head of the goat is not clear enough to confirm the presence or absence of horns, suggesting they are not visible. The image quality is rated low (0.2) due to its abstract and distorted nature, which includes artifacts and unnatural colors."}, {"ans": [true, false, 0.4], "reasoning": "The image shows a red sneaker with white sole and laces, sitting on a bench in front of lockers. The main object, the sneaker, is clearly visible. Although the image is distorted and has artifacts, the sneaker and its laces are still discernible. The laces are visible, so they are not missing or invisible. The image quality is reduced due to the distortion and artifacts, hence the quality score of 0.4."}, {"ans": [true, true, 0.8], "reasoning": "The image shows a green frog partially submerged in water, surrounded by aquatic plants. The frog's body is mostly visible, but its eyes are not clearly visible, suggesting they might be missing or not visible. The image quality is good, with clear details of the frog and its surroundings, although there is some blurring due to the water and vegetation."}, {"ans": [true, false, 0.7], "reasoning": "The image is showing a mug with a floral pattern. The mug is placed on a saucer, and both are decorated with blue flowers. The handle of the mug is visible and not missing. The image is slightly blurry, which affects its quality score. However, the main object (the mug) is clear enough to be identified."}, {"ans": [false, true, 0.4], "reasoning": "The image appears to be a complex arrangement of glass or crystal objects, possibly part of a sculpture or installation. The main object in the image is not clearly identifiable as a saxophone, and it does not resemble one. Therefore, the answer to Question 1 is False. The keys are not visible, so the answer to Question 2 is True. The image quality is somewhat compromised due to blurring and reflections, which reduces its clarity and makes it harder to discern details. Hence, the quality score is 0.4."}, {"ans": [true, true, 0.8], "reasoning": "The image appears to show a skateboard on a brick surface. The main object in the image is identifiable as a skateboard, even though it is partially obscured by a shadow and some debris. The wheels are not visible, suggesting they are either missing or not visible due to the angle or obstruction. The image quality is good, with clear details of the brick surface and the skateboard's presence, though there is some shadow and debris obscuring parts of it."}, {"ans": [true, false, 0.9], "reasoning": "The image shows a fedora hat on a mannequin head. The fedora is clearly visible and has a brim. The brim is not missing or invisible, it is clearly visible around the hat. The image is of high quality, with clear details of the hat and the mannequin. The only reason for not giving it a perfect score is the slight blurring on the background, but it doesn't affect the main object, the fedora."}, {"ans": [true, false, 0.9], "reasoning": "The image clearly shows a motorcycle helmet with a visor. The visor is transparent and appears to be intact, covering the front of the helmet. The image is sharp and well-lit, with good visibility of the helmet and its details. The background, although cluttered with tools, does not distract from the main object. The quality of the image is high, with no noticeable artifacts or distortions that would detract from the visibility of the helmet or its visor. Therefore, the answer to Question 1 is True because the image is showing a motorcycle helmet. The answer to Question 2 is False because the visor is present and visible. The quality score is 0.9, indicating a high-quality image with minor deductions for the cluttered background and slight reflections on the visor."}, {"ans": [true, false, 0.9], "reasoning": "The image is showing a bedframe with a mattress. The bedframe is intricately carved and has a high headboard. The mattress is visible and appears to be covered with a blanket or sheet. The image is clear and well-lit, with no visible artifacts or distortions. The quality of the image is high, with a score of 0.9. The mattress is visible, so it is not missing or not visible."}, {"ans": [true, false, 0.95], "reasoning": "The image is showing a clock tower with a visible clock face on one side. The main object, the clock tower, is clearly visible and identifiable. The clock face is also visible, indicating that it is not missing. The image quality is high, with clear details and no significant artifacts or distortions. The only reason for not giving it a perfect score is the slight presence of some artifacts on the left side of the image, possibly due to image processing or compression, but they do not significantly impact the visibility of the main object or the clock face."}, {"ans": [true, false, 0.6], "reasoning": "The image is showing a pocket watch with visible hands, so the answer to the first question is True. The hands are visible, so the answer to the second question is False. The quality of the image is rated 0.6 because it appears to be a close-up of a damaged or old pocket watch with a cloudy or foggy face, and there are some artifacts and blurring visible, but the main object is still recognizable."}, {"ans": [true, false, 0.9], "reasoning": "The image shows a bicycle, albeit in a damaged and melted state, leaning against a stone wall. The main object, a bicycle, is identifiable despite its condition. The pedals are visible on the bicycle, indicating they are not missing. The image quality is high, with clear details of the bicycle and its surroundings, though there are some signs of distortion and melting, which slightly reduces the quality score to 0.9 due to the unnatural deformation of the bicycle parts."}, {"ans": [true, false, 0.6], "reasoning": "The image depicts a portrait of a woman, which is the main object. The woman's eyes are visible in the painting, so they are not missing. The image quality is somewhat compromised due to visible brush strokes and a hazy effect, but it is still clear enough to discern the main subject and details like the eyes. Therefore, the image shows a portrait of a woman, and her eyes are not missing."}, {"ans": [true, true, 0.8], "reasoning": "The image shows a grand piano on a stage with spotlights shining down. The piano is visible, but the hammers inside are not visible due to the lid being open and the angle of the view. The image is slightly blurry and has a warm, golden tone, but it is still clear enough to identify the main object. The quality score is 0.8 because the image is slightly blurry, but it is not severely degraded."}, {"ans": [true, true, 0.9], "reasoning": "The image depicts a sailing ship, which is the main object, so the answer to Question 1 is True. The sails are not visible, as they are either missing or not depicted in the image, so the answer to Question 2 is True. The image quality is high, with detailed rendering of the ship and its rigging, but it has a slightly watercolor or painted appearance, which might reduce its quality score slightly. However, the main elements are clear and well-defined, so the quality score is 0.9."}, {"ans": [true, false, 0.9], "reasoning": "The image depicts a large tree with a full canopy of green leaves, which is consistent with the appearance of an oak tree. The presence of leaves on the tree indicates that the leaves are not missing. The image quality is high, with clear details and no visible artifacts or distortions that would detract from the overall quality. The sun's rays filtering through the leaves add to the image's realism and depth."}, {"ans": [true, true, 0.9], "reasoning": "The image depicts a charming stone cottage, heavily covered in ivy, situated in a forest. The cottage is visible, and its presence is clear, so the answer to the first question is True. Upon closer inspection, it is evident that the door of the cottage is not visible, as it is either missing or obscured by the dense foliage. Therefore, the answer to the second question is also True. The image is of high quality, with clear details and no noticeable artifacts or distortions, so the quality score is 0.9."}, {"ans": [true, false, 0.9], "reasoning": "The image clearly shows a passenger jet on the tarmac, with its wings visible. The main object, the passenger jet, is present and identifiable. The wings are also visible, attached to the fuselage of the aircraft. The image is of high quality, with clear details of the aircraft and its surroundings. The slight haze in the background does not detract from the overall clarity of the image, hence a quality score of 0.9."}, {"ans": [true, true, 0.2], "reasoning": "The image is showing a wristwatch, so the answer to the first question is True. The numbers on the wristwatch are not visible due to the white substance covering the face, so the answer to the second question is True. The quality of the image is rated 0.2 because it is very blurry and has a significant amount of noise and artifacts, making it difficult to discern details."}, {"ans": [true, false, 0.9], "reasoning": "The image is showing a pizza with visible cheese, so the answer to the first question is True. The cheese is visible on the pizza, so the answer to the second question is False. The image is clear and well-lit, with no visible artifacts or distortions, so the quality score is 0.9. The slight deduction is due to the presence of some minor specks and dust on the surface, but overall the image is crisp and well-defined."}, {"ans": [true, false, 0.2], "reasoning": "The image is a highly distorted and abstract representation of a city street, with multiple layers and reflections visible. Despite the distortion, it is possible to identify traffic signals in the image, both with and without visible lights. The presence of traffic signals answers the first question affirmatively. For the second question, while the image is heavily distorted, there are instances where the lights on the traffic signals are visible, indicating that they are not entirely missing or invisible. However, the overall quality of the image is very low due to the extensive distortion, double vision, and unnatural reflections, which significantly impairs the clarity and visibility of the scene."}, {"ans": [true, true, 0.8], "reasoning": "The image shows a skateboard lying on the ground, partially submerged in a puddle of water or paint. The skateboard is the main object in the image, and it is visible despite the presence of water or paint on it. The wheels of the skateboard are not visible, as they are likely submerged in the liquid. The image is slightly blurry, but the skateboard is still recognizable. The quality of the image is rated 0.8 out of 1, as it is clear enough to identify the main object, but the blurriness affects the overall clarity."}, {"ans": [true, true, 0.8], "reasoning": "The image shows a chessboard with pieces on it. The chessboard is visible and appears to be made of a light-colored material, possibly wood or stone. The pieces are arranged on the board in a way that suggests a game is in progress. However, upon closer inspection, it becomes clear that the black pieces are not visible on the board. They appear to be missing or not visible. The image is slightly blurry, but the main object (the chessboard) is still discernible. The quality of the image is good, but not perfect, due to the blurriness."}, {"ans": [true, true, 0.9], "reasoning": "The image shows a sports car, which is the main object. The car is a sleek, red, two-door vehicle with a glossy finish, displayed in a showroom or exhibition setting. The brakes are not visible as the image does not provide a clear view of the brake components. The image quality is high, with clear details of the car and its surroundings, but there are some minor reflections and glare that slightly affect the overall quality."}, {"ans": [true, false, 0.6], "reasoning": "The image is showing an open book on a wooden table, so the answer to the first question is True. The text in the book is visible, so the answer to the second question is False. The image quality is affected by a bright glare and some artifacts, which reduces its quality score to 0.6."}, {"ans": [true, false, 0.9], "reasoning": "The image clearly shows a computer tower with its side panel removed, revealing the internal components. The fans are visible on the right side of the image, indicating that they are not missing. The image is well-lit and the components are clearly visible, suggesting a high-quality image. However, there are some minor reflections and glare on the glass panel, which slightly reduces the quality score to 0.9."}, {"ans": [true, false, 0.9], "reasoning": "The image depicts a scarecrow standing in a field, which is the main object. The scarecrow appears to be made of straw or hay and is dressed in a checkered cloth. The arms of the scarecrow are visible, indicating that they are not missing. The image is clear and well-defined, with no visible artifacts or distortions that would affect its quality. However, there is a slight grain or texture visible upon close inspection, which might be due to the image processing or compression. Despite this, the overall quality remains high."}, {"ans": [true, true, 0.3], "reasoning": "The image depicts a knight in armor, which is the main object. The knight is heavily armored and appears to be in a battle scene. The sword is not visible, suggesting it is either missing or not visible. The image quality is poor due to heavy brush strokes and distortion, making it hard to discern details clearly."}, {"ans": [true, false, 0.9], "reasoning": "The image clearly shows a teapot with a floral pattern on it, and it has a handle visible on the right side. The teapot is placed on a bamboo mat, and the background is a floral painting. The image is sharp and clear, with no visible artifacts or distortions that would affect the quality. The quality score is 0.9 because the image is very clear and well-lit, but there might be a slight loss of detail due to the compression or the fact that it's a photograph of a photograph (the painting in the background). However, this does not significantly impact the visibility of the main object, the teapot."}, {"ans": [true, false, 0.2], "reasoning": "The image appears to be a highly distorted and abstract representation of a basketball hoop with a net. Despite the heavy distortion, the presence of a hoop and net can be inferred from the visible structure and mesh-like pattern. The net is visible, albeit distorted. The image quality is very poor due to significant distortion, artifacts, and unnatural colors, which reduces its quality score."}, {"ans": [true, false, 0.9], "reasoning": "The image shows a dining table set with plates, cutlery, and glasses. The main object, the dining table, is clearly visible. The glasses are also visible on the table, so they are not missing. The image is of high quality, with clear details and no visible artifacts or distortions. The slight decrease in quality score is due to the image being slightly overexposed, giving it a warm tone."}, {"ans": [true, true, 0.7], "reasoning": "The image shows a typewriter with its internal mechanisms exposed. The ribbon is not visible, indicating it is either missing or not visible. The image quality is slightly degraded due to artifacts and blurring, but the main object is still discernible."}, {"ans": [true, true, 0.8], "reasoning": "The image shows a collection of winter jackets hanging on a rack. The main object in the image is indeed a winter jacket, so the answer to the first question is True. Upon closer inspection, it appears that the jackets are wrapped in plastic, and the zipper is not visible on the central jacket, which is the most prominent. Therefore, the answer to the second question is also True, as the zipper is not visible. The image quality is relatively good, but there are some minor issues with the plastic wrapping causing slight distortion and reflections, hence the quality score is 0.8."}, {"ans": [true, true, 0.4], "reasoning": "The image is showing a sunflower, so the answer to the first question is True. The seeds are not clearly visible in the image, so the answer to the second question is True. The image quality is affected by the presence of artifacts, blurring, and unnatural color, resulting in a quality score of 0.4."}, {"ans": [true, true, 0.6], "reasoning": "The image depicts a herd of elephants in a natural setting, with the central elephant being the main focus. The trunk of the central elephant is not visible as it is obscured by dust or possibly not shown in the image. The image is somewhat distorted and has a hazy quality, which affects its overall quality. The presence of multiple elephants and the natural scenery indicates that the main object (an elephant) is present. However, the trunk of the main elephant is not visible, making it 'missing or not visible' according to the definition provided."}, {"ans": [true, false, 0.8], "reasoning": "The image shows a rowboat, which is the main object, so the answer to the first question is True. The oars are present and visible inside the boat, so the answer to the second question is False. The image is a painting with visible brush strokes, which slightly reduces its quality score to 0.8 due to the unnatural texture."}, {"ans": [true, false, 0.95], "reasoning": "The image is showing a snowman with a hat and scarf, and it has buttons visible on its body. The buttons are clearly visible, so they are not missing or invisible. The image is of high quality, with clear details and no visible artifacts or distortions, though there is some slight blurring due to the window reflection."}, {"ans": [true, false, 0.7], "reasoning": "The image shows a fountain pen with ink visible inside it. The pen is lying on a piece of paper, and the ink is visible through the transparent barrel. The image is slightly blurry, but the main object (the fountain pen) is still clearly identifiable. The quality of the image is rated 0.7 due to the blurriness and reflections on the paper, but it does not affect the visibility of the main object or the ink inside the pen."}, {"ans": [true, true, 0.9], "reasoning": "The image shows a paintbrush lying on a palette covered in paint. The brush handle is visible, but the bristles are not clearly seen as they appear to be buried under the paint on the palette. The image is clear and well-lit, showing the details of the paint and the brush handle. The quality of the image is high, with no visible artifacts or distortions that would detract from the overall clarity. Therefore, the answer to Question 1 is True because the image is showing a paintbrush. The answer to Question 2 is True because the bristles are not visible, as they are likely covered by paint. The quality score is 0.9, indicating a high-quality image with minor, if any, issues."}, {"ans": [true, true, 0.8], "reasoning": "The image shows a pair of eyeglasses buried under a pile of torn newspaper. The eyeglasses are visible and appear to be the main object in the image. The temples of the eyeglasses are not visible as they are covered by the newspaper, thus they are considered missing or not visible. The image quality is good with a clear view of the eyeglasses and the newspaper. However, the quality score is not 1 due to the slight blurring and the fact that the eyeglasses are partially buried."}, {"ans": [true, false, 0.7], "reasoning": "The image clearly shows a person holding an umbrella, so the answer to the first question is True. The ribs of the umbrella are visible, so the answer to the second question is False. The image quality is affected by the rain and the blurred background, but the main object (the umbrella) is clear, so the quality score is 0.7."}, {"ans": [false, false, 0.4], "reasoning": "The image does not show a wristwatch; instead, it appears to be a close-up of a mechanical component, possibly from a watch or clock, submerged in a liquid. The main object is not a complete wristwatch, so the answer to the first question is False. Since there is no visible wristwatch face or hour markers, the second question is not applicable in the context of a wristwatch. The image quality is rated 0.4 due to its high level of distortion, blurriness, and the presence of artifacts like reflections and liquid droplets, which make it difficult to discern details clearly."}, {"ans": [true, false, 0.8], "reasoning": "The image shows a camping tent, which is the main object. The tent is partially set up, with some poles visible and attached to it. The presence of the tent confirms the answer to the first question is True. For the second question, since some poles are visible and attached to the tent, it indicates that not all poles are missing or not visible. Therefore, the answer to the second question is False. The image quality is rated 0.8 because it is clear and shows the details of the tent and its surroundings. However, the image could be slightly sharper, which is why it is not rated as 1."}, {"ans": [false, false, 0.2], "reasoning": "The image is extremely blurry and appears to be a close-up of various decorative elements such as leaves, pinecones, and berries. It is not clear what the main object is, but it does not appear to be a cuckoo clock. Therefore, the answer to Question 1 is False. Since there is no visible cuckoo clock, the concept of weights is not applicable, making Question 2 also False by default. The quality of the image is rated 0.2 due to its extreme blurriness and lack of clarity, making it difficult to discern any specific details."}, {"ans": [true, true, 0.4], "reasoning": "The image shows a smartphone encased in a clear protective case, standing upright on a reflective surface. The phone's screen is not visible as it is facing away from the camera, and the case reflects the surrounding environment. The image is blurry, which affects its quality. The speaker grille is not visible from the angle shown, so it is considered missing or not visible."}, {"ans": [true, true, 0.6], "reasoning": "The image depicts a motorcycle, but it is heavily damaged and appears to be made up of multiple motorcycles smashed together. The speedometer is not visible due to the damage and the chaotic composition of the image. The image quality is somewhat compromised by the presence of artifacts and a somewhat blurry effect, likely due to the image processing or editing. However, the main object (the motorcycle) is still discernible."}, {"ans": [false, false, 1.0], "reasoning": "The image does not depict a violin bow. The main objects visible are pieces of amber or resin and fabric, but there is no violin bow present. Therefore, the answer to the first question is False. Since there is no violin bow, the question of whether the hair is missing or not visible does not apply directly, but the answer is False because the absence of a bow makes the condition of its hair irrelevant. The image is clear and of high quality, with no visible artifacts or distortions, so the quality score is 1."}, {"ans": [true, false, 0.8], "reasoning": "The image clearly shows a birdcage hanging from the left side, containing birds and having a visible perch inside it. Therefore, the answer to the first question is True. For the second question, since the perch is visible inside the birdcage, the answer is False. The image quality is rated 0.8 due to the presence of some artifacts and unnatural lighting effects, but the main object (birdcage) is clearly visible."}, {"ans": [true, false, 0.7], "reasoning": "The image is showing a statue of a woman. The statue is visible and appears to be intact, with the head present. The quality of the image is somewhat compromised due to the presence of a double vision effect, which is likely caused by the image being a composite or having some form of distortion. However, the main object (the statue) is still clearly discernible."}, {"ans": [true, false, 1.0], "reasoning": "The image shows a large teddy bear with a visible nose, sitting on a bed surrounded by pillows. The teddy bear is the main object and is clearly visible. The nose is present and visible on the teddy bear's face. The image is clear and of high quality, with no visible artifacts or distortions."}, {"ans": [true, false, 0.9], "reasoning": "The image shows a sneaker, which is the main object, so the answer to the first question is True. The laces are visible, although they are torn and dirty, so the answer to the second question is False. The image quality is good, with clear details of the sneaker, but it is not perfect due to the presence of some dirt and wear on the shoe, hence a quality score of 0.9."}, {"ans": [true, true, 0.1], "reasoning": "The image is heavily distorted and blurry, making it difficult to discern details. However, it appears to be showing the interior of a refrigerator. The door shelves are not clearly visible due to the distortion and blurriness, suggesting they are either missing or not visible. The image quality is rated low due to the significant distortion and blurriness."}, {"ans": [true, false, 0.8], "reasoning": "The image depicts a group of people gathered around a campfire in a forest at night. The campfire is visible and appears to be burning, with flames present. The image is clear and well-defined, showing the details of the scene. The quality of the image is high, with no noticeable artifacts or distortions that would detract from the overall clarity. The presence of flames around the campfire indicates that they are not missing or invisible."}, {"ans": [true, false, 0.9], "reasoning": "The image shows a drinking fountain with water flowing from it, indicating that it is present and visible. The main object, the drinking fountain, is clearly visible and identifiable. The water is also visible as it flows from the fountain, so it is not missing or invisible. The image quality is high, with clear details of the fountain and its surroundings, although there are some minor signs of wear and tear on the fountain itself. The overall clarity and lack of significant artifacts or distortions result in a quality score of 0.9."}, {"ans": [true, false, 0.9], "reasoning": "The image shows a clear glass or crystal revolver with a gold trigger and other gold accents, placed on a green velvet surface. The revolver is visible and appears to be the main object in the image. The trigger guard is visible and appears to be intact. The image is clear and well-lit, with no visible artifacts or distortions that would affect the quality. Therefore, the answer to Question 1 is True, and the answer to Question 2 is False. The quality of the image is rated 0.9, as it is clear and well-defined, but may have some minor imperfections or slight loss of detail due to the velvet texture or lighting."}, {"ans": [true, false, 0.8], "reasoning": "The image is a detailed illustration of a compass rose, which is clearly visible in the center. The compass rose has a north arrow, which is colored red and pointing upwards. The image is part of a larger map, with various other illustrations and markings around it. The overall quality of the image is good, with clear details and colors. However, there are some signs of aging or wear, such as yellowing and cracking, which slightly reduce the quality score to 0.8."}, {"ans": [true, false, 0.9], "reasoning": "The image depicts a futuristic cityscape with tall, curved buildings that resemble skyscrapers. The buildings are reflective and have a metallic sheen, with lights and colors visible on their surfaces. The presence of people and the reflection of the buildings in the water suggest a modern urban environment. The windows on the buildings are visible, indicating that they are not missing. The image is clear and detailed, with vibrant colors and a sense of depth. However, the quality score is not 1 due to the slightly unnatural colors and reflections, which may be a result of artistic rendering or editing."}, {"ans": [true, true, 0.7], "reasoning": "The image shows a conductor standing with his back to the camera, facing an orchestra. His arms are raised, which is a typical gesture for a conductor. The image is somewhat blurry and has a warm, golden tone, but the main subject is still discernible. The conductor's hands are empty, and there is no visible baton, so it can be concluded that the baton is either missing or not visible."}, {"ans": [true, true, 0.7], "reasoning": "The image is showing a soccer field with two soccer goals, one on the left and one on the right side of the image. The goals are visible, but the crossbar is not clearly visible due to the angle and distance of the camera. The image is slightly blurry, which affects its quality. The quality score is 0.7 because the image is not sharp, likely due to being a photograph of a photograph, indicated by the visible grid lines and slight blurring."}, {"ans": [false, false, 0.2], "reasoning": "The image is heavily distorted and appears to be a multiple exposure or reflection, making it difficult to discern clear details. The main object in the center resembles a microscope due to its shape and the presence of various components around it, but the image quality is too poor to confirm this with certainty. The lenses, if present, are not clearly visible due to the distortion. The overall quality of the image is very low due to the significant distortion and blurring, which affects the ability to identify objects clearly."}]