[{"ans": [true, true, 1.0], "reasoning": "The image is showing a sailboat. The sailboat is in the middle of the water with its sails not visible, indicating they are either missing or not deployed. The image is clear and well-lit, showing the sailboat and its surroundings in detail."}, {"ans": [true, false, 1.0], "reasoning": "The image clearly shows a bicycle leaning against a brick wall. The bicycle is red and has a visible chain connecting the pedals to the rear wheel. Therefore, for Question 1, the answer is True because the image is showing a bicycle. For Question 2, the answer is False because the chain is visible and not missing. The quality of the image is rated 1 because it is clear and well-lit, showing all the necessary details of the bicycle without any obstruction."}, {"ans": [true, false, 0.9], "reasoning": "The image is showing a cat, which is the main object. The cat has visible whiskers, so they are not missing. The image is clear and well-lit, with a sharp focus on the cat, indicating a high-quality image. The quality score is 0.9 because the image is very clear, but there might be a slight blur in the background."}, {"ans": [true, true, 0.9], "reasoning": "The image shows a castle with a large stone structure and towers, which is clearly visible. The presence of a castle is confirmed, so the answer to the first question is True. Upon closer inspection, it is evident that there are no visible gates at the entrance or anywhere else in the image, so the answer to the second question is True. The image is well-lit and clear, with a good resolution, hence the quality score is 0.9."}, {"ans": [true, false, 0.9], "reasoning": "The image clearly shows a hot-air balloon with a visible basket, so the answer to the first question is True. Since the basket is visible, the answer to the second question is False. The image is well-composed and clear, with good lighting, so the quality is rated 0.9. The presence of the basket does not affect the quality score as per the instructions."}, {"ans": [true, false, 1.0], "reasoning": "The image clearly shows two sea turtles on a beach, with their shells visible. The presence of the turtles is evident, and their shells are clearly visible, so the answer to the first question is True. Since the shells are visible, the answer to the second question is False. The image is of high quality, with clear details of the turtles and their surroundings, so the quality score is 1."}, {"ans": [true, false, 0.9], "reasoning": "The image clearly shows a train at a station. The train is silver with a dark front and has visible wheels under the front carriage, indicating that the wheels are not missing or invisible. The quality of the image is high, with clear details of the train and the station."}, {"ans": [true, false, 1.0], "reasoning": "The image clearly shows a pair of eyeglasses with lenses. The lenses are visible and not missing, so the answer to the second question is False. The image is of high quality, with clear details of the eyeglasses and their reflection on the surface they are placed on, so the quality score is 1.0."}, {"ans": [true, false, 1.0], "reasoning": "The image shows a fountain pen with a visible nib, indicating that the main object, a fountain pen, is present. The nib is clearly visible, so it is not missing or invisible. The image is of high quality, with clear details of the pen and its components."}, {"ans": [true, false, 1.0], "reasoning": "The image is showing an umbrella, which is the main object. The canopy is present and visible, so it is not missing. The quality of the image is high as it clearly shows the umbrella and its details."}, {"ans": [true, false, 1.0], "reasoning": "The image clearly depicts an airplane on a runway, indicating that the main object is indeed an airplane. The wings are visible, so they are not missing or invisible."}, {"ans": [true, false, 1.0], "reasoning": "The image shows a desk lamp with a brass finish and a gooseneck design, positioned above an open book on a wooden table. The lamp's shade is directed towards the book, and the overall setup is well-lit and clear. For Question 1, the image indeed shows a desk lamp, so the answer is True. For Question 2, the bulb is visible inside the lamp's shade, so the answer is False. The image is of high quality, with clear details and proper lighting, hence the quality score is 1."}, {"ans": [true, false, 1.0], "reasoning": "The image shows an electric guitar with its neck visible. The guitar is hanging on a wall, and the neck is clearly visible, extending upwards from the body. The presence of the neck is evident, and it is not missing or invisible."}, {"ans": [true, false, 1.0], "reasoning": "The image shows a fish with visible fins, so the main object is present and the fins are not missing."}, {"ans": [true, false, 1.0], "reasoning": "The image depicts a small, brick house with a gable roof, situated in a field. The house is the main object in the image and appears to be a cottage. The roof is visible and not missing, so the answer to the second question is False. The image is clear and well-lit, with no visible distortions or issues that would affect its quality, so the quality score is 1.0."}, {"ans": [true, true, 1.0], "reasoning": "The image is showing a red convertible car with its top down, so the windshield is not visible as it is folded back. The main object in the image is a car, so the answer to the first question is True. The windshield is missing or not visible because the top is down, so the answer to the second question is True. The quality of the image is rated 1 because it is clear and well-lit, and the key elements are visible."}, {"ans": [true, true, 1.0], "reasoning": "The image is showing a keyboard, so the answer to the first question is True. The spacebar is not visible as it appears to be removed or not installed, so the answer to the second question is True. The image is clear and well-lit, showing the keyboard in detail, so the quality is rated as 1."}, {"ans": [true, false, 1.0], "reasoning": "The image clearly depicts an owl perched on a tree branch under a full moon. The owl is fully feathered, with detailed plumage visible across its body. Therefore, for Question 1, the answer is True because the image is showing an owl. For Question 2, the answer is False because the feathers are not missing or not visible; they are clearly visible and detailed. The quality of the image is rated 1 because it is clear and well-defined, with no apparent issues affecting its quality."}, {"ans": [true, false, 1.0], "reasoning": "The image depicts two leather-bound books on a wooden table. The book standing upright is closed, and its pages are not visible. The other book is open, with its pages visible. Since the question asks if the image is showing a book, and there are two books present, the answer to the first question is True. For the second question, regarding whether the pages are missing or not visible, the pages of the upright book are not visible, but the pages of the open book are visible. However, the question does not specify 'all pages,' so the presence of visible pages in the open book makes the statement 'pages are missing or not visible' False because at least some pages are visible. The image is clear and well-lit, with no apparent issues affecting its quality, hence the quality rating is 1.0."}, {"ans": [true, false, 1.0], "reasoning": "The image clearly depicts a lighthouse, which is the main object in question. The lighthouse is shown with its lamp visible, indicating that the lamp is not missing. Therefore, the answer to the first question is True. For the second question, since the lamp is visible, the answer is False. The image is of high quality as it clearly shows the lighthouse and its details."}, {"ans": [true, false, 0.9], "reasoning": "The image shows a beige armchair with visible legs, sitting on a patterned rug. The chair is clearly identifiable as an armchair, fulfilling the first question's condition. For the second question, the legs of the chair are visible, so they are not missing or invisible. The image is clear and well-lit, showing the chair and its surroundings in detail, hence a high-quality score."}, {"ans": [true, true, 0.9], "reasoning": "The image clearly shows a deer standing in a forest, so the answer to the first question is True. The deer appears to be without antlers, and upon closer inspection, it is evident that there are no antlers visible on the deer's head, so the answer to the second question is also True. The image is of high quality, with clear details of the deer and its surroundings, so the quality score is 0.9."}, {"ans": [true, false, 1.0], "reasoning": "The image clearly shows an envelope, so the answer to the first question is True. The flap is visible and appears to be closed, so it is not missing or not visible, making the answer to the second question False. The image is clear and well-lit, with no visible defects or distractions, so the quality is rated as 1."}, {"ans": [true, true, 1.0], "reasoning": "The image is showing a wall clock with a white face and black hands. The clock is mounted on a wall above a fireplace mantle. The clock face does not have any numbers on it. Therefore, the answer to the first question is True because the image is showing a wall clock. The answer to the second question is True because the numbers are missing from the clock face. The quality of the image is rated as 1.0 because it is clear and well-lit, and the main object (the clock) is easily visible."}, {"ans": [true, false, 0.9], "reasoning": "The image shows a person wearing a white space suit with a helmet. The space suit is fully visible and appears to be in good condition. The helmet is also visible and is being worn by the person in the space suit. The image is clear and well-lit, with good visibility of the space suit and its components. Therefore, the answer to Question 1 is True, as the image is showing a space suit with a helmet. The answer to Question 2 is False, as the helmet is not missing or invisible. The quality of the image is rated 0.9, as it is clear and well-lit, with no visible distortions or issues."}, {"ans": [true, false, 1.0], "reasoning": "The image clearly shows a windmill with visible blades in a field. The windmill is the main object, and it is present in the image. The blades are also visible, so they are not missing or invisible. The image is of high quality, with clear details of the windmill and the surrounding environment."}, {"ans": [true, true, 1.0], "reasoning": "The image prominently features a large tree without leaves, surrounded by other trees also without leaves. The main object, a tree, is clearly visible, fulfilling the condition for Question 1. For Question 2, the leaves are not visible on any of the trees, making the answer 'True'. The image is clear and well-lit, with the sun shining through the branches, indicating good quality."}, {"ans": [true, true, 0.9], "reasoning": "The image shows a yellow school bus parked in a lot. The bus is clearly visible, and its identity as a bus is not in question. The doors of the bus are not visible as the side of the bus is shown, and the front or back where doors are typically located is not in view. Therefore, for Question 1, the answer is True because the image is showing a bus. For Question 2, the answer is True because the doors are not visible. The quality of the image is rated 0.9 because it is clear and well-lit, with no significant obstructions or distortions."}, {"ans": [true, true, 1.0], "reasoning": "The image is showing a laptop with its back facing the camera. The screen is not visible, so it is considered missing or not visible. The image is clear and well-lit, and there are no other objects obstructing the view of the laptop."}, {"ans": [true, true, 0.8], "reasoning": "The image shows a trumpet without a mouthpiece. The trumpet is clearly visible in the image, so the answer to the first question is True. The mouthpiece is not attached to the trumpet, so it is considered missing, making the answer to the second question True. The quality of the image is rated 0.8 because it is clear and well-lit, showing the trumpet in detail."}, {"ans": [true, false, 1.0], "reasoning": "The image depicts a robot with a visible head, standing in a laboratory setting. The robot is white and has a humanoid appearance, with a clear head and facial features. The presence of the robot's head is evident, and it is not missing or invisible. Therefore, the answer to the first question is True, as the image does show a robot. The answer to the second question is False, as the head is visible. The quality of the image is rated as 1, indicating that it is clear and well-defined."}, {"ans": [true, true, 1.0], "reasoning": "The image shows a candle, which is the main object. The wick is not visible, so it is considered missing. The image is clear and well-lit, with no visible distortions or obstructions, hence the quality score is 1."}, {"ans": [true, false, 0.95], "reasoning": "The image is showing a pizza with visible toppings including cheese, tomatoes, and basil leaves. The crust is lightly browned, and the overall presentation is appetizing. The cheese is visible and appears to be melted, so it is not missing or invisible. The image quality is high, with clear details of the pizza and its toppings."}, {"ans": [true, true, 0.9], "reasoning": "The image is showing a DSLR camera body without a lens attached. The camera is mounted on a wall, and the lens mount is visible, indicating that a lens is not attached. Therefore, the answer to Question 1 is True because the main object is a DSLR camera body. The answer to Question 2 is also True because the lens is missing. The quality of the image is rated 0.9 because it is clear and well-lit, with no visible distortions or obstructions that would affect the visibility of the camera."}, {"ans": [true, false, 0.95], "reasoning": "The image clearly shows a grand piano on a stage in an auditorium. The piano is centered and visible in its entirety. The keys of the piano are visible and not missing. The image is well-lit and of high quality, with clear details of the piano and the surrounding environment. The slight deduction in quality score is due to the fact that the image is not a perfect frontal view, but it does not affect the visibility of the main object or its key elements."}, {"ans": [true, false, 1.0], "reasoning": "The image shows multiple paintbrushes, with two of them having visible bristles. The presence of paintbrushes with bristles fulfills the condition for Question 1. For Question 2, since the bristles are visible on the paintbrushes, they are not missing or not visible. Therefore, the answer to Question 2 is False. The image is clear and well-lit, showing the paintbrushes and their bristles in detail, hence the quality rating is 1."}, {"ans": [true, false, 0.9], "reasoning": "The image clearly shows a watch with a visible face and a strap, thus answering the first question as true. The strap is partially visible, so it is not missing or completely not visible, making the answer to the second question false. The quality of the image is rated 0.9 because it is clear and well-focused on the watch, with good lighting that highlights the details of the watch."}, {"ans": [true, true, 0.9], "reasoning": "The image shows a young man with his mouth open, undergoing a dental examination. The mouth is the main object, and it is clearly visible. The tongue is not visible, as it is likely pressed down by the dental tool or not visible due to the angle of the mouth. Therefore, the answer to the first question is True, as the image is showing a mouth. The answer to the second question is True, as the tongue is not visible. The quality of the image is rated 0.9, as it is clear and well-lit, with no significant distractions or issues that would detract from the main subject."}, {"ans": [true, false, 0.9], "reasoning": "The image clearly shows a motorcycle, so the answer to the first question is True. The handlebars are visible in the image, so the answer to the second question is False. The quality of the image is rated 0.9 because it is a clear and well-lit image, with no visible distortions or issues that would detract from its overall quality."}, {"ans": [true, false, 1.0], "reasoning": "The image clearly shows a television set, which is the main object in question. The television is an older model with a wooden cabinet and a visible screen, although the screen appears to be turned off or displaying a static image. The screen is present and visible, so it is not missing. The quality of the image is high, as it clearly shows the details of the television and its surroundings."}, {"ans": [true, false, 0.9], "reasoning": "The image clearly shows a white goat standing on a rocky outcrop. The goat has a shaggy coat and appears to be looking directly at the camera. Upon closer inspection, it is evident that the goat has horns, which are visible on its head. Therefore, the answer to Question 1 is True because the image is showing a goat. The answer to Question 2 is False because the horns are visible, not missing or invisible. The quality of the image is rated 0.9 because it is clear and well-defined, with good lighting and focus."}, {"ans": [true, false, 0.9], "reasoning": "The image clearly shows a red sneaker with white soles and red laces. The sneaker is positioned on an orange surface in front of gray lockers. Since the sneaker is visible and identifiable, the answer to the first question is True. The laces are present and visible, so the answer to the second question is False. The image is well-lit and in focus, with the sneaker being the main subject, hence the quality is rated high at 0.9."}, {"ans": [true, false, 1.0], "reasoning": "The image clearly shows a green frog sitting on a lily pad in the water. The frog is facing to the right, and its large, round eye is visible, indicating that its eyes are not missing or invisible. Therefore, the answer to Question 1 is True because the image is showing a frog. The answer to Question 2 is False because the eyes are visible. The quality of the image is rated as 1 because it is clear and well-focused, with the frog and its features easily discernible."}, {"ans": [true, false, 1.0], "reasoning": "The image shows a cup with a handle, which is typically referred to as a mug. The handle is visible and present on the right side of the cup. Therefore, for Question 1, the answer is True because the image is showing a mug. For Question 2, the answer is False because the handle is not missing; it is clearly visible. The quality of the image is rated 1.0 because it is clear and well-lit, showing the mug and its details without any issues."}, {"ans": [true, false, 1.0], "reasoning": "The image clearly shows a saxophone, which is the main object in question. The saxophone is depicted with its keys visible, indicating that the keys are not missing. The image is well-lit and focused, allowing for a clear view of the instrument's details. Therefore, the answer to the first question is True because the image is showing a saxophone. The answer to the second question is False because the keys are visible and not missing. The quality of the image is rated 1 because it is clear and well-focused, with no apparent issues that would detract from its quality."}, {"ans": [true, false, 1.0], "reasoning": "The image clearly shows a skateboard with wheels attached to it. The skateboard is positioned on a brick surface, and the wheels are visible and appear to be in good condition. Therefore, the answer to the first question is True because the image is showing a skateboard. The answer to the second question is False because the wheels are not missing or invisible; they are clearly visible in the image. The quality of the image is rated as 1 because it is clear and well-lit, allowing for easy identification of the skateboard and its components."}, {"ans": [true, false, 1.0], "reasoning": "The image shows a black fedora hat on a stand, and the brim is clearly visible. Therefore, the answer to Question 1 is True because the image is showing a fedora. The answer to Question 2 is False because the brim is not missing or not visible; it is present and visible. The quality of the image is rated 1.0 because it is clear and well-lit, and the fedora is the main focus."}, {"ans": [true, false, 0.9], "reasoning": "The image clearly shows a motorcycle helmet on a workbench in a workshop. The helmet is black with a clear visor that is currently up and visible, indicating that the visor is not missing. The presence of the visor answers the second question, confirming it is visible and thus not missing. The image is well-lit and focused on the helmet, suggesting a high-quality image. The quality score is 0.9 because, while the image is clear and well-composed, there might be minor aspects such as slight reflections or background clutter that could be improved."}, {"ans": [true, true, 1.0], "reasoning": "The image shows a bedframe, which is the main object. The mattress is not visible, so it is considered missing. The image is of high quality, with clear details of the bedframe and its surroundings."}, {"ans": [true, false, 0.9], "reasoning": "The image shows a clock tower with three visible sides, two of which have clock faces. The clock tower is the main object in the image, and it is clearly visible. Therefore, the answer to Question 1 is True. The clock faces are also visible on two sides of the tower, so the answer to Question 2 is False. The image is well-lit and in focus, with a clear view of the clock tower and its surroundings. The quality of the image is high, so the quality score is 0.9."}, {"ans": [true, false, 0.95], "reasoning": "The image shows a pocket watch with its cover open, revealing the clock face and the internal mechanism. The clock face has Roman numerals and two hands, indicating the time. The image is clear and well-lit, with a high level of detail visible on the watch and its components. The background is a smooth, light-colored fabric that provides a subtle contrast to the watch. The overall quality of the image is high, with no visible distortions or artifacts that would detract from the viewer's understanding of the object. The pocket watch is the main focus of the image, and it is presented in a way that showcases its features and details."}, {"ans": [true, false, 0.9], "reasoning": "The image clearly shows a bicycle, so the answer to the first question is True. The pedals are visible on the bicycle, so the answer to the second question is False. The image is of high quality, with clear details of the bicycle and its components, so the quality score is 0.9. The slight deduction is due to minor imperfections in the image, but it does not affect the visibility of the key elements."}, {"ans": [true, false, 1.0], "reasoning": "The image is a photograph of a painting depicting a portrait of a woman. The woman in the painting has her eyes clearly visible, so the answer to the second question is False. The main object, a portrait of a woman, is present, so the answer to the first question is True. The image is clear and well-lit, and there are no visible issues that would detract from its quality, so the quality score is 1.0."}, {"ans": [true, false, 0.9], "reasoning": "The image clearly shows a grand piano on a stage with spotlights shining down. The lid of the piano is open, revealing the internal mechanisms, including the hammers. Therefore, the answer to Question 1 is True because the image is showing a grand piano. The answer to Question 2 is False because the hammers are visible inside the piano. The quality of the image is rated 0.9 because it is clear and well-lit, with the piano being the central focus."}, {"ans": [true, true, 0.9], "reasoning": "The image depicts a sailing ship with two masts and no visible sails, floating on the water. The ship's hull is made of wood and has multiple cannons along its sides. The presence of masts and rigging indicates that it is a sailing ship, even though the sails are not visible. Therefore, the answer to Question 1 is True. Since the sails are not visible, the answer to Question 2 is also True. The image quality is rated 0.9 because it is clear and detailed, with no visible distortions or issues that would detract from the overall view of the ship."}, {"ans": [true, false, 0.9], "reasoning": "The image shows a large tree with a wide canopy and visible leaves. The tree appears to be an oak tree due to its broad, rounded crown and sturdy branches. The leaves are clearly visible on the branches, indicating that they are not missing. The image is of high quality, with clear details of the tree's structure and foliage."}, {"ans": [true, false, 0.9], "reasoning": "The image depicts a cottage with a stone exterior, a sloping roof, and a chimney, surrounded by trees and vines. The cottage is clearly visible, and there is a door present on the front facade. Therefore, the answer to Question 1 is True. For Question 2, the door is visible, so the answer is False. The image quality is rated 0.9 because it is clear and detailed, with no significant issues or missing elements that affect the overall understanding of the scene."}, {"ans": [true, false, 0.9], "reasoning": "The image is showing a white passenger jet on a runway. The wings are visible, so they are not missing. The image is clear and well-lit, showing the details of the plane."}, {"ans": [true, true, 1.0], "reasoning": "The image clearly shows a wristwatch with a white face and brown leather strap on a brown leather tray. The watch face does not have visible numbers, which directly answers the second question. The presence of the watch answers the first question. The image is of high quality, well-lit, and clearly focused on the watch."}, {"ans": [true, true, 1.0], "reasoning": "The image is showing a pizza with tomato sauce and basil leaves on top. The crust is visible and appears to be cooked. There is no visible cheese on the pizza, which suggests that it might be missing or not visible. The image is clear and well-lit, making it easy to observe the details. Therefore, the answer to Question 1 is True because the image is showing a pizza. The answer to Question 2 is True because the cheese is not visible on the pizza. The quality of the image is rated as 1 because it is clear and well-lit, and there are no visible issues that would affect the interpretation of the image."}, {"ans": [true, true, 0.9], "reasoning": "The image clearly shows traffic signals hanging above the road. The lights within the traffic signals are not visible due to the intense sunlight directly behind them, making them appear dark or 'missing' in the context of the question. The overall quality of the image is high, with clear details of the scene, except for the lights in the traffic signals which are obscured by the sunlight."}, {"ans": [true, false, 1.0], "reasoning": "The image clearly shows a skateboard with wheels. The skateboard is positioned on a concrete surface, and its colorful design is visible. The wheels are yellow and attached to the trucks, which are securely fastened to the board. Since the wheels are visible and attached, they are not missing. The image is of high quality, with clear details of the skateboard and its components."}, {"ans": [true, true, 0.9], "reasoning": "The image is showing a chessboard with pieces on it. The chessboard is the main object in the image, and it is clearly visible. The black pieces are not visible on the chessboard, they are missing. The image is of high quality, with clear details of the chessboard and the white pieces."}, {"ans": [true, true, 0.9], "reasoning": "The image shows a red Ferrari sports car in a showroom. The car is clearly visible and is a sports car, so the answer to the first question is True. The brakes are not visible as the wheels are covering them, so the answer to the second question is True. The image is of high quality, with clear details of the car and its surroundings. The only reason for not giving it a perfect score is the slight reflection on the floor, but it does not detract significantly from the overall quality."}, {"ans": [true, true, 1.0], "reasoning": "The image is showing an open book on a wooden table. The pages are blank and there is no text visible. Therefore, the answer to the first question is True because the image is showing a book. The answer to the second question is also True because the text is not visible, as the pages are blank. The quality of the image is rated as 1.0 because it is clear and well-lit, and there are no visible distortions or issues that would detract from the overall quality."}, {"ans": [true, false, 1.0], "reasoning": "The image clearly shows a computer tower with a transparent side panel, revealing the internal components, including fans. The presence of the computer tower is evident, so the answer to the first question is True. The fans are visible inside the tower, so the answer to the second question is False. The image is of high quality, clearly showing the details of the computer tower and its components, so the quality score is 1."}, {"ans": [true, false, 0.9], "reasoning": "The image depicts a scarecrow standing in a field of wheat, wearing a straw hat and a plaid shirt. The scarecrow is made of straw and is attached to a wooden post. The image is clear and well-lit, with the scarecrow centered in the frame. The arms of the scarecrow are visible and are made of straw, attached to the shirt. Therefore, the answer to the first question is True, as the image is showing a scarecrow. The answer to the second question is False, as the arms are visible. The quality of the image is rated 0.9, as it is clear and well-composed, with no visible distortions or defects."}, {"ans": [true, true, 0.9], "reasoning": "The image depicts a man in armor, which is consistent with the representation of a knight. The presence of a battle scene in the background further supports this interpretation. However, upon closer inspection, it is evident that the knight is not holding a sword, and there is no visible sword attached to his belt or anywhere else on his person. The absence of a sword is noticeable, and it can be concluded that the sword is either missing or not visible. The image is of high quality, with detailed rendering of the armor and the background scene, hence the quality score of 0.9."}, {"ans": [true, false, 1.0], "reasoning": "The image shows a white teapot with a floral design on it, placed on a bamboo mat. The teapot has a spout, a lid, and a handle, which are all typical features of a teapot. Therefore, the answer to Question 1 is True. The handle is visible on the teapot, so the answer to Question 2 is False. The image is clear and well-lit, showing the teapot and its features in detail, so the quality score is 1."}, {"ans": [true, false, 0.9], "reasoning": "The image clearly shows a basketball hoop with a net. The basketball hoop is the main object in the image, and it is visible along with its net. Therefore, the answer to the first question is True. For the second question, the net is visible and not missing, so the answer is False. The image quality is rated 0.9 because it is clear and well-focused on the basketball hoop, with no significant issues affecting its visibility."}, {"ans": [true, false, 0.9], "reasoning": "The image is showing a dining table setting with a white tablecloth, fine china, and silverware. The presence of a plate, napkin, and cutlery indicates that it is a dining table. For the second question, the glasses are visible at the top of the image, so they are not missing. The quality of the image is rated 0.9 because it is clear and well-lit, with no visible distortions or obstructions."}, {"ans": [true, true, 1.0], "reasoning": "The image clearly shows a typewriter on a wooden desk. The typewriter is visible and appears to be in a functional state, with a sheet of paper inserted into it. The ribbon is not visible within the typewriter, and there is a spool of ribbon sitting next to it on the desk. The presence of the typewriter confirms the answer to the first question is True. Since the ribbon is not visible within the typewriter, the answer to the second question is True. The image is clear and well-lit, showing the typewriter and its surroundings in detail, hence the quality is rated as 1."}, {"ans": [true, true, 0.9], "reasoning": "The image shows a winter jacket hanging on a coat rack. The jacket is a puffy, cream-colored coat with a fur-lined hood. For Question 1, the image is showing a winter jacket, so the answer is True. For Question 2, the zipper is not visible as the jacket is closed and there's no clear view of a zipper, so the answer is True. The quality of the image is rated 0.9 because it is clear and well-lit, and the main object (the winter jacket) is easily visible. The absence of a visible zipper does not negatively impact the quality score as per the instructions."}, {"ans": [true, false, 0.9], "reasoning": "The image is showing a sunflower, which is the main object. The seeds are visible on the sunflower, so they are not missing or not visible. The image is of high quality, with clear details of the sunflower and its seeds."}, {"ans": [true, false, 1.0], "reasoning": "The image clearly shows an elephant with a trunk, ears, and tusks, walking on a dirt path in a savannah. The trunk is visible and not missing. The image is of high quality with clear details of the elephant and its surroundings."}, {"ans": [true, true, 1.0], "reasoning": "The image clearly shows a rowboat floating on a lake. The boat is empty and facing the camera, with its bow visible. There are no oars visible inside the boat or around it. The image is clear and well-lit, with a serene background of trees and water. The quality of the image is high, and it effectively captures the details of the rowboat and its surroundings."}, {"ans": [true, true, 0.9], "reasoning": "The image is showing a snowman, which is the main object, so the answer to the first question is True. The snowman does not have visible buttons, so the answer to the second question is True. The image is clear and well-lit, with the snowman being the central focus. The quality of the image is rated 0.9 because it is a clear and well-composed image, with no visible issues or distractions."}, {"ans": [true, false, 1.0], "reasoning": "The image is showing a fountain pen, and the ink is visible in the transparent section of the pen. The pen is lying on top of a journal, and the image is clear and well-lit. The presence of the pen and its details can be clearly seen, and the ink is visible, so the answer to the first question is True and the second question is False. The quality of the image is high, so the score is 1."}, {"ans": [true, true, 0.9], "reasoning": "The image is showing a paintbrush with a wooden handle and metal ferrule. The bristles of the paintbrush are not visible as they are likely covered by the palette or not in view. The image is of high quality, with clear details of the paintbrush handle and the paint on the palette."}, {"ans": [true, true, 1.0], "reasoning": "The image clearly shows a pair of eyeglasses on top of a document. The eyeglasses are visible and appear to be a pair of round, metal-framed glasses with lenses. The temples of the eyeglasses are not visible as they are folded inwards and resting on the document. Therefore, the answer to the first question is True because the image is showing eyeglasses. The answer to the second question is also True because the temples are not visible. The quality of the image is rated as 1 because it is clear and well-defined, and there are no visible issues that would detract from the overall quality."}, {"ans": [true, false, 0.9], "reasoning": "The image clearly shows a person holding an umbrella on a rainy street. The umbrella is the main object in the image, and it is visible and prominent. The ribs of the umbrella are visible as they are outlined by the rain and the lighting, indicating that they are not missing. The image is of high quality, capturing the details of the scene effectively, including the reflections on the wet street and the lights of the cars and buildings. The slight fog or haze in the background does not detract from the overall quality."}, {"ans": [true, false, 0.9], "reasoning": "The image clearly shows a wristwatch with a gold case and black leather strap. The watch face is visible and has a skeleton design, showing the inner workings. Hour markers are present on the watch face, although they are not traditional, they are visible as numbers and lines around the edge of the face. Therefore, the hour markers are not missing or invisible. The image is of high quality, with clear details of the watch."}, {"ans": [true, false, 0.9], "reasoning": "The image shows a camping tent that is set up and appears to be in use. The tent is clearly visible and is the main object in the image. The poles of the tent are visible and appear to be intact, supporting the structure of the tent. The image is of high quality, with clear details of the tent and its surroundings. Therefore, the answer to Question 1 is True, as the image is showing a camping tent. The answer to Question 2 is False, as the poles are visible and not missing. The quality of the image is rated 0.9, as it is clear and well-defined."}, {"ans": [true, false, 1.0], "reasoning": "The image shows a cuckoo clock with intricate carvings and decorations, including a clock face and various wooden figures. The weights are visible hanging below the clock, so they are not missing or invisible."}, {"ans": [true, true, 1.0], "reasoning": "The image shows a smartphone with its screen facing upwards. The phone is positioned in a way that the front side is visible, and there is no visible speaker grille on the front side. The image is clear and well-lit, indicating a high-quality image."}, {"ans": [true, false, 0.9], "reasoning": "The image clearly shows a motorcycle facing forward on a dirt road. The motorcycle is visible from the front, and it has a speedometer that is clearly visible. Therefore, the answer to Question 1 is True because the image is showing a motorcycle. The answer to Question 2 is False because the speedometer is visible on the motorcycle. The quality of the image is rated 0.9 because it is clear and well-lit, with no visible distortions or obstructions that would hinder the view of the motorcycle or its speedometer."}, {"ans": [true, true, 1.0], "reasoning": "The image shows a violin bow. The bow is lying on a red velvet fabric, and it appears to be a typical violin bow with a wooden stick and metal fittings at both ends. However, the hair of the bow is not visible, indicating that it is either missing or not visible. The image is clear and well-lit, showing the details of the bow, so the quality is rated as 1."}, {"ans": [true, false, 0.9], "reasoning": "The image clearly shows a large, ornate birdcage hanging from the ceiling of a porch. The birdcage is the main object in the image and is easily identifiable. Inside the cage, there is a visible perch where a bird is standing. Therefore, for Question 1, the answer is True because the image is showing a birdcage. For Question 2, the answer is False because the perch is visible inside the birdcage. The quality of the image is rated 0.9, indicating it is of high quality. The slight deduction is due to minor factors such as the overexposure to light in the background, but this does not affect the visibility of the main object or the perch."}, {"ans": [true, false, 1.0], "reasoning": "The image shows a statue of a woman in a classical style, standing on a marble pedestal. The statue is intact and has a head, so the main object (the statue) is present. Therefore, the answer to Question 1 is True. Since the head is visible and present, the answer to Question 2 is False. The image is clear and well-defined, with no visible distortions or issues that would affect its quality. Hence, the quality rating is 1.0."}, {"ans": [true, false, 0.9], "reasoning": "The image clearly shows a teddy bear sitting on a bed, so the answer to the first question is True. The teddy bear has a visible nose, so the answer to the second question is False. The image is well-lit and the teddy bear is centered, making it a high-quality image. However, the quality score is not 1 because the image is not perfectly sharp, hence a score of 0.9."}, {"ans": [true, false, 1.0], "reasoning": "The image clearly shows a pair of white high-top sneakers with laces on a black mat in front of a door. The sneakers are the main object in the image, and they are visible with their laces intact and visible. Therefore, the answer to the first question is True because the image is showing sneakers. The answer to the second question is False because the laces are not missing and are clearly visible on the sneakers. The quality of the image is rated as 1.0 because it is clear and well-lit, with the sneakers being the central focus."}, {"ans": [true, false, 1.0], "reasoning": "The image clearly shows a refrigerator with its door open, revealing the interior. The refrigerator is the main object in the image, and it is visible in its entirety. The door shelves are visible on the door, so they are not missing. The image is of high quality, with clear details and good lighting."}, {"ans": [true, false, 0.9], "reasoning": "The image depicts a group of young women gathered around a campfire in a wooded area. The campfire is the central focus, surrounded by stones and emitting a bright flame. The presence of the campfire and its flames directly answers both questions. For Question 1, the image is indeed showing a campfire with flames, so the answer is True. For Question 2, since the flames are visible, the answer is False. The quality of the image is rated 0.9, as it is clear and well-composed, with no apparent issues that would detract from its overall quality."}, {"ans": [true, false, 1.0], "reasoning": "The image clearly shows a drinking fountain in a park setting. The fountain is made of stainless steel and has two spouts, one of which is dispensing water. The presence of water flowing from the spout indicates that the water is not missing. Therefore, the answer to the first question is True because the image is showing a drinking fountain. The answer to the second question is False because the water is visible and flowing from the fountain. The quality of the image is rated 1 because it is clear and well-lit, with no visible distortions or obstructions."}, {"ans": [true, false, 0.9], "reasoning": "The image clearly shows a revolver with a visible trigger guard. The revolver is positioned on a green surface, and its details are well-defined. The presence of the trigger guard is evident as it surrounds the trigger. Therefore, for Question 1, the answer is True because the image is showing a revolver. For Question 2, the answer is False because the trigger guard is visible and not missing. The quality of the image is rated 0.9 due to its clear and detailed representation of the revolver, with the slight deduction for minor background texture or other negligible factors not directly related to the presence or absence of the trigger guard."}, {"ans": [true, false, 1.0], "reasoning": "The image is a detailed illustration of a compass rose, which is clearly visible and centered. The compass rose includes the cardinal directions and is decorated with intricate designs. The north arrow is present and visible, pointing towards the top of the image, labeled with 'N'. Therefore, the answer to the first question is True because the image does show a compass rose. The answer to the second question is False because the north arrow is not missing; it is clearly visible. The quality of the image is rated as 1 because it is clear and detailed, with all elements of the compass rose and its decorations visible."}, {"ans": [true, false, 0.9], "reasoning": "The image depicts a futuristic cityscape with tall, sleek skyscrapers that dominate the scene. The presence of these skyscrapers directly answers Question 1, confirming that the image is indeed showing skyscrapers. For Question 2, upon closer inspection, it is evident that the skyscrapers have windows, as indicated by the vertical lines and reflections on their surfaces, and some windows are illuminated from within. Therefore, the windows are not missing or invisible. The quality of the image is rated 0.9 because it is clear and well-defined, with no significant distortions or obscurities that would detract from the visibility of the skyscrapers or their details."}, {"ans": [true, true, 1.0], "reasoning": "The image shows a conductor standing on a podium with his arms raised, leading an orchestra. The conductor is the main object in the image, and he is clearly visible. Therefore, the answer to Question 1 is True. The baton is not visible in the conductor's hand, as both hands are raised and empty. Therefore, the answer to Question 2 is True. The image is of high quality, with a clear view of the conductor and the orchestra, so the quality score is 1."}, {"ans": [true, true, 1.0], "reasoning": "The image depicts a soccer field with a goal at the far end, though the goal itself is not visible in the frame. The presence of the goal is inferred by the white lines and the structure of the field. The crossbar of the goal is not visible, as it is beyond the frame's upper boundary. Therefore, for Question 1, the answer is True because the image is showing a soccer field that implies the presence of a soccer goal. For Question 2, the answer is True because the crossbar is not visible in the image. The quality of the image is rated as 1 because it is clear and well-lit, and the lack of visibility of the crossbar does not negatively impact the quality score as per the instructions."}, {"ans": [true, false, 1.0], "reasoning": "The image clearly shows a microscope on a table. The microscope has multiple objective lenses attached to it, and eyepieces are also visible. Therefore, the main object in the image is a microscope, making the answer to the first question 'True'. For the second question, the lenses (both objective lenses and eyepieces) are visible, so the answer is 'False'. The image is clear and well-lit, showing all the necessary details of the microscope, hence the quality is rated as 1."}]