[{"ans": [true, true, 1.0], "reasoning": "The image depicts a sailboat on the water, with its mast and rigging visible but no sails present. The boat is white with a dark stripe along its hull and has a canopy over the cockpit. The surrounding water is calm and blue, with gentle ripples on its surface. The sky above is clear and blue, with mountains visible on the horizon. The image is sharp and well-defined, with no visible artifacts or distortions. Therefore, the answer to Question 1 is True because the image is showing a sailboat. The answer to Question 2 is True because the sails are missing. The quality of the image is rated 1.0 because it is clear and well-defined, with no visible issues."}, {"ans": [true, true, 0.9], "reasoning": "The image clearly shows a bicycle leaning against a brick wall. The bicycle is red and has a classic design. Upon closer inspection, it is evident that the chain is not visible, suggesting that it is either missing or not visible due to the angle or condition of the bicycle. The image is of high quality, with clear details and no noticeable artifacts or distortions. The quality score is 0.9 because the image is sharp and well-lit, but there are some minor signs of wear and tear on the bicycle and the surrounding environment."}, {"ans": [true, false, 1.0], "reasoning": "The image clearly shows a cat, which satisfies the first question. The cat's whiskers are visible, so they are not missing or not visible, answering the second question as false. The image is of high quality with clear details and no visible artifacts or distortions."}, {"ans": [true, true, 0.95], "reasoning": "The image depicts a large stone structure with a prominent arched entrance, characteristic of a castle. The presence of towers and battlements further supports this identification. The gates, which would typically be found at the entrance, are not visible, suggesting they are either missing or not visible. The image is clear and well-lit, with no significant artifacts or distortions that would detract from its quality."}, {"ans": [true, false, 0.9], "reasoning": "The image is clearly showing a hot-air balloon with a visible basket. The main object, the hot-air balloon, is present in the image. The basket is also visible and not missing. The image is of high quality with clear details and no visible artifacts or distortions. The slight decrease in quality score is due to the slight gradient effect in the sky, which is not a significant degradation."}, {"ans": [true, false, 0.95], "reasoning": "The image clearly shows a turtle with a visible shell on a beach. The turtle is centered and well-lit, with its shell and flippers clearly visible. The image is sharp and of high quality, with no visible artifacts or distortions. The shell is present and clearly visible, so it is not missing or invisible. The quality of the image is high, with a score of 0.95, as it is sharp and well-lit, with no visible issues."}, {"ans": [true, false, 0.9], "reasoning": "The image clearly shows a train at a station. The train is silver with visible wheels, indicating that the wheels are not missing or invisible. The image is well-lit and in focus, with no visible artifacts or distortions that would affect its quality. The overall quality of the image is high, with a score of 0.9 out of 1. The only reason it is not a perfect score is due to slight wear and tear visible on the tracks and surrounding area, but this does not detract from the main subject, which is the train."}, {"ans": [true, false, 1.0], "reasoning": "The image clearly shows a pair of eyeglasses with lenses. The lenses are visible and not missing. The image is sharp and well-lit, with no visible artifacts or distortions that would affect the quality. The reflection of the glasses on the surface below is also clear, indicating a high-quality image."}, {"ans": [true, false, 1.0], "reasoning": "The image clearly shows a fountain pen with a visible nib on the paper. The pen is disassembled, with the cap placed separately. The nib is clearly visible and appears to be in good condition. The image is of high quality, with clear details and no visible artifacts or distortions. Therefore, the answer to the first question is True, as the image is showing a fountain pen. The answer to the second question is False, as the nib is visible. The quality of the image is rated as 1, indicating that it is of high quality."}, {"ans": [true, true, 1.0], "reasoning": "The image shows an umbrella without its canopy, leaning against a wall. The frame of the umbrella is visible, indicating that it is indeed an umbrella. The canopy is missing, so it is not visible. The image is clear and well-lit, with no visible artifacts or distortions. Therefore, the quality of the image is rated as 1.0."}, {"ans": [true, false, 1.0], "reasoning": "The image clearly shows an airplane on a runway, with its wings visible. The presence of the airplane is evident, so the answer to the first question is True. The wings are also clearly visible, so the answer to the second question is False. The image is of high quality, with no visible artifacts or distortions, so the quality score is 1."}, {"ans": [true, true, 1.0], "reasoning": "The image clearly shows a desk lamp with a brass finish, positioned above an open book on a wooden table. The lamp's design includes an adjustable arm and a shade, and it appears to be missing a bulb as there is no visible bulb inside the socket. The image is of high quality, with clear details and no visible artifacts or distortions. Therefore, the answer to Question 1 is True because the image is showing a desk lamp. The answer to Question 2 is True because the bulb is not visible, indicating it is either missing or not visible. The quality of the image is rated 1.0 because it is clear and well-defined, with no noticeable issues."}, {"ans": [true, false, 1.0], "reasoning": "The image clearly shows an electric guitar with its neck attached and visible. The guitar is hanging on a wall, and the neck is not missing or obscured. The image is sharp and well-lit, with no visible artifacts or distortions that would affect its quality."}, {"ans": [true, false, 0.9], "reasoning": "The image clearly shows a fish with visible fins, so the answer to the first question is True. Since the fins are visible, the answer to the second question is False. The image quality is high, with clear details of the fish and its surroundings, so the quality score is 0.9. The slight deduction is due to minor reflections and possible slight blurring around the edges of some ice fragments, but these do not significantly impact the overall clarity of the main subject, the fish."}, {"ans": [true, false, 1.0], "reasoning": "The image clearly depicts a small cottage with a roof, situated in a field. The cottage is made of brick and has a tiled roof, a chimney, windows, and a door. The roof is visible and intact, indicating that it is not missing. The image is of high quality, with clear details and no visible artifacts or distortions."}, {"ans": [true, false, 0.9], "reasoning": "The image shows a red convertible car with its top down, revealing the interior. The windshield is visible, indicating that it is not missing. The image is clear and well-lit, with no noticeable artifacts or distortions. The quality of the image is high, with a score of 0.9 out of 1. The only reason it doesn't score a perfect 1 is due to a slight loss of detail in the background."}, {"ans": [true, false, 0.95], "reasoning": "The image is showing a keyboard with a spacebar that is clearly visible. The spacebar is located at the bottom center of the keyboard and is illuminated by the keyboard's backlight. The image is of high quality, with clear and vibrant colors, and there are no visible artifacts or distortions. The only reason the quality score is not 1 is because the background is slightly grainy."}, {"ans": [true, false, 1.0], "reasoning": "The image clearly shows an owl perched on a tree branch with a full moon in the background. The owl is fully visible with its feathers clearly depicted, indicating that the feathers are not missing or invisible. The image is sharp and clear, with no visible artifacts, blurring, or other issues that would affect its quality."}, {"ans": [true, false, 1.0], "reasoning": "The image is showing a book with its cover opened and standing upright, and the pages are visible. The main object in the image is a book, so the answer to the first question is True. The pages are visible in the image, so the answer to the second question is False. The image is clear and well-defined, with no visible artifacts or distortions, so the quality score is 1.0."}, {"ans": [true, false, 1.0], "reasoning": "The image clearly depicts a lighthouse on a rocky coastline with a cloudy sky. The lighthouse is white with a black and glass lantern room at the top, and it has a red roofed building adjacent to it. The lamp is visible inside the lantern room, indicating that it is not missing. The image is sharp and well-defined, with no visible artifacts or distortions that would detract from its quality."}, {"ans": [true, false, 1.0], "reasoning": "The image shows a beige armchair with visible legs on a patterned rug. The main object, an armchair, is present, so the answer to Question 1 is True. The legs of the armchair are visible, so the answer to Question 2 is False. The image is clear and well-lit, with no visible artifacts or distortions, so the quality is rated 1.0."}, {"ans": [true, true, 0.95], "reasoning": "The image clearly depicts a deer standing in a forest, facing the camera. The deer appears to be a female or a young male as there are no visible antlers on its head. The image is sharp and well-lit, with good color representation and no visible artifacts or distortions that would significantly impact the quality. The main object, the deer, is clearly visible and centered in the frame. The absence of antlers is noticeable, and it is reasonable to conclude that the antlers are either missing or not visible."}, {"ans": [true, false, 1.0], "reasoning": "The image shows a white envelope with its flap closed, lying on a marble surface. The envelope is clearly visible and appears to be intact with the flap covering the opening. There are no visible artifacts, blurring, or other issues that would detract from the image quality. Therefore, for Question 1, the answer is True because the image is showing an envelope. For Question 2, the answer is False because the flap is not missing; it is visible and covering the envelope. The quality of the image is rated as 1, indicating it is of high quality with no noticeable issues."}, {"ans": [true, true, 1.0], "reasoning": "The image shows a wall clock on a white wall above a fireplace. The clock face is white with black hands, but there are no numbers visible on the clock face. The image is clear and well-lit, with no visible artifacts or distortions. Therefore, the answer to Question 1 is True because the image is showing a wall clock. The answer to Question 2 is True because the numbers are not visible on the clock face. The quality of the image is rated 1.0 because it is clear and well-lit, with no visible issues."}, {"ans": [true, false, 0.9], "reasoning": "The image depicts a person wearing a white space suit, including a helmet, submerged in a swimming pool. The space suit is clearly visible, and the helmet is present and visible on the person's head. The image is of high quality, with clear details of the space suit and the pool environment. There are no visible artifacts, blurring, or other issues that would significantly detract from the image quality. The slight decrease in quality score is due to minor ripples in the water and slight reflections, but these do not significantly impact the overall clarity."}, {"ans": [true, false, 1.0], "reasoning": "The image clearly depicts a windmill with visible blades in a field. The windmill is the main object, and it is present in the image. The blades are also visible, so they are not missing or invisible. The image is of high quality with no visible artifacts, blurring, or other issues that would affect the quality score."}, {"ans": [true, true, 1.0], "reasoning": "The image is clearly showing a tree, which is the main object, so the answer to the first question is True. The tree is bare, indicating that the leaves are missing, so the answer to the second question is also True. The image is of high quality, with clear details and no visible artifacts or distortions, so the quality score is 1.0."}, {"ans": [true, true, 0.95], "reasoning": "The image shows a yellow school bus parked in a parking lot. The main object, the bus, is clearly visible. The doors of the bus are not visible as the image is taken from the side, and the front or back of the bus where the doors are located is not shown. The image is clear and well-lit, with no visible artifacts, blurring, or other issues that would affect its quality. Therefore, the answer to Question 1 is True because the image is showing a bus. The answer to Question 2 is True because the doors are not visible. The quality of the image is rated 0.95 out of 1, as it is clear and well-defined, with proper lighting and no noticeable distortions."}, {"ans": [true, false, 1.0], "reasoning": "The image clearly shows a laptop on a table. The laptop is open and its screen is visible, although it appears to be blank or not displaying any content. The presence of the laptop is evident, so the answer to the first question is True. The screen is visible, so it is not missing or not visible, making the answer to the second question False. The image is clear and well-lit, with no visible artifacts or distortions, so the quality is rated as 1.0."}, {"ans": [true, true, 0.9], "reasoning": "The image shows a trumpet without a mouthpiece. The trumpet is clearly visible and appears to be in good condition. The mouthpiece is not attached to the trumpet, indicating it is missing. The image quality is high, with clear details of the trumpet and its surroundings. The only reason for a quality score less than 1 is the slight texture visible on the red velvet case, but it does not significantly impact the overall clarity of the image."}, {"ans": [true, false, 0.95], "reasoning": "The image clearly depicts a robot standing in a laboratory setting. The robot is fully visible and has a distinct head. The image is of high quality with clear details and no significant artifacts or distortions. The presence of the head is evident, so it is not missing or not visible."}, {"ans": [true, true, 1.0], "reasoning": "The image shows a candle on a silver tray. The candle is the main object and is clearly visible. The wick is not visible in the image. The image is of high quality, with no visible artifacts or blurring."}, {"ans": [true, false, 0.95], "reasoning": "The image is showing a pizza with visible toppings, including tomato sauce, basil leaves, and what appears to be cheese around the tomatoes. The presence of cheese is evident, so the answer to the second question is false. The image is clear and well-defined, with no visible artifacts or distortions that would significantly impact its quality. The slight decrease in quality score is due to minor specks or dust visible on the surface, but overall, the image is crisp and detailed."}, {"ans": [true, true, 0.95], "reasoning": "The image shows a DSLR camera body without a lens attached. The camera is clearly visible and appears to be in good condition. The lens mount is visible, and there is no lens attached to it. The image is well-lit and has good resolution, with no visible artifacts or distortions. The quality of the image is high, with a score of 0.95 out of 1. The main object, the DSLR camera, is present, so the answer to the first question is True. The lens is missing, so the answer to the second question is also True."}, {"ans": [true, false, 1.0], "reasoning": "The image clearly shows a grand piano on a stage in an auditorium. The piano is open, and its keys are visible. The image is well-lit, and there are no visible artifacts, blurring, or other issues that would detract from its quality. Therefore, the answer to the first question is True because the image is showing a piano. The answer to the second question is False because the keys are visible. The quality of the image is rated as 1.0 because it is clear and well-defined, with no noticeable issues."}, {"ans": [true, false, 1.0], "reasoning": "The image clearly shows a paintbrush with visible bristles, so the main object is present. The bristles are visible, so they are not missing or invisible. The image is of high quality with no visible artifacts or distortions."}, {"ans": [true, true, 0.9], "reasoning": "The image is showing a watch, which is the main object, so the answer to the first question is True. The strap of the watch is not visible, as it is not present or is hidden from view, so the answer to the second question is True. The image is clear and well-lit, with no visible artifacts or distortions that would affect the quality score. The quality score is 0.9 because the image is very clear, but there might be a slight decrease due to the texture of the surface the watch is on, which could be considered a minor distraction."}, {"ans": [true, false, 0.95], "reasoning": "The image clearly shows a man sitting in a dentist's chair with his mouth open, undergoing a dental examination. The dentist is using various tools to inspect his teeth. The man's mouth is wide open, and his tongue is visible inside his mouth. The image is sharp and well-lit, with no visible artifacts or distortions that would detract from its quality. The only reason the quality score is not 1 is due to the slight blurring of the background, which is common in images where the focus is on the subject."}, {"ans": [true, false, 0.95], "reasoning": "The image clearly depicts a motorcycle, so the answer to Question 1 is True. The handlebars are visible in the image, so the answer to Question 2 is False. The image is well-rendered with vibrant colors and clear details, indicating a high quality. However, the quality score is not 1 due to the slightly unnatural color tone and the neon lights that might be considered overly stylized."}, {"ans": [true, false, 0.95], "reasoning": "The image clearly shows a vintage television set with a visible screen, indicating that the main object (a television) is present. The screen is not missing; it is visible, albeit not displaying any content. The image is of high quality, with clear details and no visible artifacts or distortions that would detract from the overall perception of the scene. The slight deduction in quality score is due to the fact that the image appears to be a rendering rather than a photograph, which might affect its realism."}, {"ans": [true, false, 0.95], "reasoning": "The image clearly shows a goat standing on a rocky outcrop. The goat has horns, which are visible on its head. The image is sharp and well-defined, with no noticeable artifacts or distortions that would affect the visibility of the goat or its horns. The quality of the image is high, with a clear view of the goat and its surroundings."}, {"ans": [true, false, 1.0], "reasoning": "The image clearly shows a red sneaker with white laces, sitting on a brown surface in front of gray lockers. The sneaker is the main object in the image and is clearly visible. The laces are also visible, threaded through the eyelets and tied. The image is sharp and well-lit, with no visible artifacts or distortions. Therefore, the answer to Question 1 is True, as the image is showing a sneaker. The answer to Question 2 is False, as the laces are not missing or not visible. The quality of the image is rated as 1, as it is clear and well-defined, with no noticeable issues."}, {"ans": [true, false, 0.9], "reasoning": "The image clearly shows a green frog sitting on a lily pad in the water. The frog is facing to the right, and its large, round eye is visible, indicating that its eyes are not missing. The image is sharp and well-defined, with clear details of the frog's skin and the surrounding environment. The only reason the quality score is not 1 is due to a slight reflection and ripples in the water, which slightly affect the clarity of the image."}, {"ans": [true, false, 1.0], "reasoning": "The image clearly shows a mug with a handle, so the answer to the first question is True. The handle is visible, so the answer to the second question is False. The image is of high quality with no visible artifacts or blurring."}, {"ans": [true, false, 0.9], "reasoning": "The image clearly shows a saxophone with its keys visible, indicating that the main object is present. The keys are not missing or invisible, so the answer to the second question is false. The image quality is high, with clear details of the saxophone and its keys, but slightly decreased due to minor blurring in the background."}, {"ans": [true, false, 1.0], "reasoning": "The image clearly shows a skateboard with its deck, trucks, and wheels visible. The main object in the image is indeed a skateboard, so the answer to the first question is True. The wheels are present and visible, so the answer to the second question is False. The image is clear and well-defined, with no visible artifacts, blurring, or other issues that would affect its quality, so the quality score is 1."}, {"ans": [true, false, 1.0], "reasoning": "The image shows a black fedora hat with a visible brim on a stand. The hat is clearly identifiable as a fedora, and the brim is present and visible, so the answer to the first question is True. Since the brim is visible, the answer to the second question is False. The image is clear and well-lit, with no visible artifacts or distortions, so the quality score is 1."}, {"ans": [true, false, 0.95], "reasoning": "The image clearly shows a motorcycle helmet on a workbench. The helmet has a visor that is intact and visible, indicating that the visor is not missing. The image is sharp and well-lit, with no visible artifacts or distortions that would detract from its quality. The main object, the motorcycle helmet, is clearly identifiable, and the visor is present and visible."}, {"ans": [true, true, 1.0], "reasoning": "The image clearly shows a bedframe with intricate designs, and there is no mattress visible within the frame. The image is of high quality, with clear details and no visible artifacts or distortions."}, {"ans": [true, false, 1.0], "reasoning": "The image is showing a clock tower with a visible clock face on two sides. The clock tower is the main object in the image, and it is clearly visible. The clock face is also visible, so it is not missing. The image is of high quality, with no visible artifacts, blurring, or other issues that would affect the quality score."}, {"ans": [true, false, 1.0], "reasoning": "The image clearly shows a pocket watch with its cover open, revealing the inner workings of the watch. The hands of the watch are visible, indicating the time. The image is sharp and well-lit, with no visible artifacts or distortions that would detract from its quality. Therefore, the answer to the first question is True because the image is showing a pocket watch. The answer to the second question is False because the hands are visible on the pocket watch. The quality of the image is rated as 1.0 because it is clear and well-defined, with no noticeable issues."}, {"ans": [true, false, 1.0], "reasoning": "The image clearly shows a red bicycle leaning against a stone wall. The bicycle is visible in its entirety, and its components, including the pedals, are clearly discernible. The pedals are attached to the crankset and are visible on the left side of the bicycle. The image is sharp and well-lit, with no visible artifacts or distortions that would affect the quality. Therefore, the answer to Question 1 is True, as the image is showing a bicycle. The answer to Question 2 is False, as the pedals are not missing and are visible. The quality of the image is rated 1.0, as it is clear and free of any significant issues."}, {"ans": [true, false, 0.9], "reasoning": "The image is a photograph of a large painting in an art gallery. The painting depicts a woman with dark hair and a white shirt, and her eyes are clearly visible. The quality of the image is high, with clear details and no visible artifacts or distortions. The only reason for not giving it a perfect score is the slight reflection or lighting effect on the wall behind the painting, but it does not significantly impact the overall quality."}, {"ans": [true, false, 1.0], "reasoning": "The image clearly shows a grand piano on a stage with spotlights shining down. The lid of the piano is open, revealing the internal mechanisms, including the hammers, which are visible. Therefore, for Question 1, the answer is True because the image is showing a grand piano. For Question 2, the answer is False because the hammers are visible inside the piano. The image quality is rated 1.0 because it is clear and sharp, with no visible artifacts or distortions."}, {"ans": [true, true, 0.9], "reasoning": "The image depicts a sailing ship with two masts and rigging, but there are no sails visible. The ship is shown in the middle of the ocean, with waves around it and a clear sky in the background. The image is well-rendered and detailed, showing the wooden hull of the ship and the ropes and rigging. The quality of the image is high, with no visible artifacts or distortions. The main object, the sailing ship, is clearly visible, and the absence of sails is noticeable."}, {"ans": [true, false, 0.95], "reasoning": "The image depicts a large tree with a broad canopy and a sturdy trunk, which appears to be an oak tree due to its characteristic branching pattern and leaf structure. The leaves are visible and not missing, as they are spread out across the branches. The image quality is high, with clear details of the tree's features and the surrounding landscape. The only reason for not giving it a perfect score is the slight blurring on some of the leaf edges, but this does not significantly impact the overall clarity of the image."}, {"ans": [true, false, 0.9], "reasoning": "The image depicts a stone cottage with a gable roof, chimney, and vines covering the walls. The front of the cottage is visible, showing three windows and a door. The door is clearly visible, so it is not missing or invisible. The image is of high quality, with clear details and no visible artifacts or distortions. The quality score is 0.9 because the image is very clear and well-rendered, but not perfect due to the slightly unnatural lighting and color palette."}, {"ans": [true, false, 0.98], "reasoning": "The image clearly shows a passenger jet on a runway. The wings are visible and not missing. The image is sharp and clear, with no visible artifacts or distortions that would affect its quality."}, {"ans": [true, true, 0.95], "reasoning": "The image clearly shows a wristwatch with a white face and brown leather strap in a box. The watch face does not have numbers, only black lines indicating the hours. Therefore, for Question 1, the answer is True because the image is showing a wristwatch. For Question 2, the answer is True because the numbers are indeed missing from the wristwatch face. The image quality is rated 0.95 because it is clear and well-lit, with no visible artifacts or distortions that would detract from the visibility of the watch or its details."}, {"ans": [true, true, 0.95], "reasoning": "The image clearly shows a pizza on a wooden platter, which is placed on a wooden table. The pizza has a red sauce base, topped with green basil leaves and has a crust with black olives. There is no visible cheese on the pizza. The image is clear and well-lit, with no noticeable artifacts or distortions. The quality of the image is high, with a score of 0.95 out of 1."}, {"ans": [true, false, 0.9], "reasoning": "The image clearly shows traffic signals. The main traffic signal in the center shows a red light, indicating that it is visible and not missing. Other traffic signals are also visible but are not lit. The image is sharp and clear, with no significant artifacts or distortions, though the sun's glare slightly affects the brightness."}, {"ans": [true, false, 1.0], "reasoning": "The image clearly shows a skateboard with wheels. The skateboard is positioned on a concrete surface, and its colorful design is visible. The wheels are yellow and attached to the trucks, which are silver. The image is well-lit, with a clear shadow cast by the skateboard, indicating that it is a sunny day. The quality of the image is high, with no visible artifacts, blurring, or other issues that would detract from its clarity. Therefore, the answer to Question 1 is True, as the image does show a skateboard. The answer to Question 2 is False, as the wheels are not missing and are clearly visible. The quality score is 1.0, indicating that the image is of very high quality."}, {"ans": [true, true, 0.95], "reasoning": "The image is showing a chessboard with white pieces set up on it. The black pieces are not visible on the board. The image is clear and well-lit, with no visible artifacts or distortions. The chessboard and pieces appear to be well-rendered and detailed. The quality of the image is high, with a score of 0.95 out of 1. The main object, the chessboard, is present, so the answer to Question 1 is True. The black pieces are missing from the chessboard, so the answer to Question 2 is True."}, {"ans": [true, false, 1.0], "reasoning": "The image clearly shows a red Ferrari sports car in a showroom. The car is a convertible with its top down, and it is facing to the left. The image is of high quality, with clear details of the car's features, including its sleek design, silver rims, and red brake calipers visible behind the wheels. The brakes are not missing and are visible, so the answer to the second question is False. The overall quality of the image is high, with good lighting and no visible artifacts or distortions, so the quality score is 1."}, {"ans": [true, true, 1.0], "reasoning": "The image shows an open book on a wooden table. The pages are blank, and there is no text visible. The book is the main object in the image, and it is clearly visible. Therefore, the answer to the first question is True. The text is not visible on the pages of the book, so the answer to the second question is also True. The image is of high quality, with no visible artifacts, blurring, or other issues that would affect the visibility of the main object. Hence, the quality score is 1.0."}, {"ans": [true, false, 0.95], "reasoning": "The image clearly shows a computer tower with a transparent side panel, revealing the internal components, including fans. The presence of the computer tower is evident, so the answer to the first question is True. The fans are visible through the transparent side panel and on the side of the tower, so the answer to the second question is False. The image is of high quality, with clear details and no visible artifacts or distortions, so the quality score is 0.95."}, {"ans": [true, false, 1.0], "reasoning": "The image clearly depicts a scarecrow standing in a wheat field. The scarecrow is wearing a plaid shirt and a straw hat, and its body is made of straw. The scarecrow's arms are visible and are made of the same plaid shirt material as the body, indicating that it has arms. The image is clear and well-defined, with no visible artifacts or distortions. The quality of the image is high, and it accurately represents the scene."}, {"ans": [true, true, 0.9], "reasoning": "The image depicts a man in armor, which is consistent with the representation of a knight. The man is wearing a full suit of armor, including a helmet, breastplate, and gauntlets. The presence of a belt and a sword sheath suggests that he is equipped for battle, but the sword itself is not visible. The image is well-rendered, with detailed textures and realistic lighting, contributing to a high quality score. However, the absence of the sword is noted in the answer to the second question."}, {"ans": [true, false, 1.0], "reasoning": "The image clearly shows a teapot with a handle, spout, and lid, placed on a bamboo mat. The teapot is white with a floral design and is positioned in a way that the handle is visible on the right side. The image is sharp and well-lit, with no visible artifacts or distortions. Therefore, the answer to Question 1 is True because the image is showing a teapot. The answer to Question 2 is False because the handle is present and visible. The quality of the image is rated 1.0 because it is clear and well-defined, with no noticeable issues."}, {"ans": [true, false, 1.0], "reasoning": "The image clearly shows a basketball hoop with a net. The net is visible and attached to the hoop, indicating that it is not missing. The image is clear and well-defined, with no visible artifacts or distortions that would affect the quality. Therefore, the answer to Question 1 is True, the answer to Question 2 is False, and the quality score is 1.0."}, {"ans": [true, false, 0.95], "reasoning": "The image shows a dining table set with fine china and silverware. The table is covered with a white tablecloth, and there are two place settings visible. Each setting includes a plate, napkin, and various pieces of silverware. At the top of the image, a glass is visible on a plate, indicating that glasses are present on the table. The image is clear and well-lit, with no visible artifacts or distortions that would detract from its quality. Therefore, the answer to the first question is True because the image does show a dining table. The answer to the second question is False because the glasses are visible in the image. The quality of the image is rated 0.95 out of 1, as it is very clear and well-composed, with only minor imperfections."}, {"ans": [true, false, 0.95], "reasoning": "The image clearly shows a typewriter with a visible ribbon, indicating that the main object is indeed a typewriter and the ribbon is present and visible. The image is of high quality, with clear details of the typewriter and its components. The only reason for not giving it a perfect score is the slight wear and tear visible on the wooden surface it's placed on, but this does not significantly detract from the overall clarity or the main subject of the image."}, {"ans": [true, false, 1.0], "reasoning": "The image clearly shows a winter jacket hanging on a coat rack. The jacket is a puffy, cream-colored coat with a fur-lined hood, which is characteristic of a winter jacket. The presence of the jacket is evident, so the answer to the first question is True. For the second question, the zipper is visible on the jacket, running down the front, so the answer is False because the zipper is not missing or invisible. The image is of high quality, with clear details and no visible artifacts or distortions, so the quality score is 1."}, {"ans": [true, false, 0.95], "reasoning": "The image clearly shows a sunflower, so the answer to the first question is True. The seeds are visible on the sunflower, so the answer to the second question is False. The image is of high quality, with clear details and no visible artifacts or distortions, so the quality score is 0.95. The slight gradient in the background is not considered a distortion."}, {"ans": [true, false, 0.95], "reasoning": "The image clearly shows an elephant with a trunk, so the main object is present. The trunk is visible and not missing, so the answer to the second question is false. The image is of high quality, with clear details and no visible artifacts or distortions, so the quality score is 0.95."}, {"ans": [true, true, 1.0], "reasoning": "The image clearly shows a rowboat floating on a lake. The boat is white with a dark brown bottom and has a wooden seat inside. There are no oars visible in the boat or around it. The image is clear and well-lit, with no visible artifacts or distortions. The quality of the image is high, so the quality score is 1.0. Since the oars are not visible in the image, the answer to the second question is True."}, {"ans": [true, false, 0.95], "reasoning": "The image is showing a snowman with a hat, scarf, and buttons. The snowman is clearly visible and has three large snowballs stacked on top of each other. The buttons are visible on the middle and lower snowballs. The image is clear and well-defined, with no visible artifacts or blurring. The quality of the image is high, with a score of 0.95 out of 1. For question 1, the answer is True because the image is showing a snowman. For question 2, the answer is False because the buttons are visible on the snowman."}, {"ans": [true, true, 0.95], "reasoning": "The image clearly shows a fountain pen on top of a notebook. The pen is disassembled, with the nib and the cap visible, and the ink reservoir is transparent and empty. The image is sharp and well-lit, with no visible artifacts or distortions. The quality of the image is high, with a score of 0.95 out of 1. The ink is not visible in the pen, so the answer to the second question is True."}, {"ans": [true, true, 0.9], "reasoning": "The image shows a paintbrush with a wooden handle and metal ferrule, but the bristles are not visible. The paintbrush is placed on a palette with various colors of paint. The image is clear and well-lit, with no visible artifacts or distortions. The quality of the image is high, with a score of 0.9 out of 1. The main object, the paintbrush, is present, so the answer to the first question is true. The bristles are not visible, so the answer to the second question is true."}, {"ans": [true, false, 0.95], "reasoning": "The image clearly shows a pair of eyeglasses on top of a newspaper. The eyeglasses have round lenses and metal frames, and both temples are visible. The image is sharp and well-lit, with no visible artifacts or distortions that would affect the quality. The main object (eyeglasses) is present, and the temples are visible, so the answer to the first question is True. Since the temples are visible, the answer to the second question is False. The quality of the image is high, so the quality score is 0.95."}, {"ans": [true, false, 0.9], "reasoning": "The image clearly shows a person holding an umbrella on a rainy day. The umbrella is visible and appears to be intact, with no obvious signs of damage or missing parts. Upon closer inspection, the ribs of the umbrella are visible, indicating that they are not missing. The image is well-lit, with a clear view of the umbrella and the surrounding environment. The quality of the image is high, with minimal artifacts or blurring. However, the image has a slight glow around the center, which might be considered a minor flaw, hence the quality score is not 1."}, {"ans": [true, false, 0.95], "reasoning": "The image is showing a wristwatch with a gold case and brown leather strap. The watch face is visible and has a skeleton design, showing the inner mechanisms. The hour markers are visible on the outer rim of the watch face, although they are not traditional markers but rather numbers and lines. The image is clear and well-lit, with no visible artifacts or distortions. The quality of the image is high, with a score of 0.95 out of 1. The watch is the main object in the image, and it is clearly visible. Therefore, the answer to Question 1 is True. The hour markers are visible on the watch face, so the answer to Question 2 is False."}, {"ans": [true, false, 0.9], "reasoning": "The image shows a camping tent in a grassy field. The tent is beige and brown, with a mesh door and windows. It appears to be set up, with poles visible inside and around the tent. The poles are not missing; they are visible and appear to be holding the tent's structure. The image is clear and well-defined, showing the tent and its surroundings in detail. The quality of the image is high, with no visible artifacts or distortions that would detract from the viewer's understanding of the scene. Therefore, the answer to Question 1 is True because the image is showing a camping tent. The answer to Question 2 is False because the poles are visible and not missing. The quality score is 0.9, indicating a high-quality image with only minor issues, such as slight mesh texture visible upon close inspection."}, {"ans": [true, false, 1.0], "reasoning": "The image clearly shows a cuckoo clock with intricate carvings and decorations, including a clock face and weights hanging below it. The main object, the cuckoo clock, is present and visible. The weights are also visible, hanging down from the clock. The image is of high quality, with clear details and no visible artifacts or distortions."}, {"ans": [true, true, 0.95], "reasoning": "The image shows a smartphone with its screen facing upwards. The phone is placed on a surface with shadows cast upon it. The phone's screen is on, displaying a call interface. The bottom edge of the phone, where a speaker grille is typically located, is visible and appears to have a series of small holes, but they are not clearly visible due to the angle and lighting. However, the primary view is of the screen, and the phone's overall appearance is clear and sharp. There are no visible artifacts, blurring, or other issues that would significantly impact the image quality. The speaker grille's visibility is limited, making it seem missing or not visible."}, {"ans": [true, true, 0.95], "reasoning": "The image clearly shows a motorcycle positioned on a dirt road, facing the camera. The motorcycle is the main object in the image and is visible in detail. The speedometer is not visible in the image, as it is not within the camera's view. The image is of high quality, with clear details and no noticeable artifacts or distortions. The slight dust around the motorcycle and on the road does not detract from the overall quality. Therefore, the answer to the first question is True because the image is showing a motorcycle. The answer to the second question is True because the speedometer is not visible. The quality score is 0.95, indicating a high-quality image with no significant issues."}, {"ans": [true, true, 1.0], "reasoning": "The image shows a violin bow, and the hair is not visible, indicating it is either missing or not visible. The image is clear and well-lit, showing the bow and its details without any visible artifacts or distortions."}, {"ans": [true, false, 0.9], "reasoning": "The image shows a large, ornate birdcage hanging from the ceiling of a porch. The birdcage is the main object in the image and is clearly visible, so the answer to the first question is True. Upon closer inspection, a small perch can be seen inside the birdcage, so the answer to the second question is False. The image is well-lit and the details of the birdcage are clear, but the bright light behind the cage causes some overexposure, hence the quality score is 0.9 instead of 1."}, {"ans": [true, false, 1.0], "reasoning": "The image is showing a statue of a woman in a classical style, with a head and detailed features. The statue is clearly visible and well-defined, indicating that the main object is present. The head of the statue is visible, so it is not missing or not visible. The image is of high quality, with clear details and no visible artifacts or distortions."}, {"ans": [true, false, 1.0], "reasoning": "The image clearly shows a teddy bear sitting on a bed, so the answer to the first question is True. The teddy bear has a visible nose, so the answer to the second question is False. The image is clear and of high quality, with no visible artifacts or distortions, so the quality score is 1.0."}, {"ans": [true, false, 1.0], "reasoning": "The image clearly shows a pair of sneakers, so the answer to the first question is True. The laces are visible and present on the sneakers, so the answer to the second question is False. The image is clear and well-lit, with no visible artifacts or distortions, so the quality score is 1.0."}, {"ans": [true, false, 1.0], "reasoning": "The image clearly shows a refrigerator with its door open, revealing the interior. The door shelves are visible on the right-hand side of the open door, indicating that they are not missing. The image is of high quality, with clear details and no visible artifacts or distortions."}, {"ans": [true, false, 0.9], "reasoning": "The image clearly shows a campfire with four women sitting around it, indicating that a campfire is present. The flames are visible, so they are not missing or invisible. The image quality is high, with clear details and no visible artifacts or distortions that would significantly impact the perception of the scene, hence a quality score of 0.9. The slight deduction is due to the image possibly being overly processed or having a slightly unnatural glow, but it does not detract from the main elements."}, {"ans": [true, true, 0.95], "reasoning": "The image shows a drinking fountain in a park. The fountain is made of metal and has a lever on the side. There is no visible water coming out of the fountain. The image is clear and well-lit, with no visible artifacts or distortions. The quality of the image is high, with a score of 0.95. The main object, the drinking fountain, is present, so the answer to the first question is true. The water is not visible, so the answer to the second question is true."}, {"ans": [true, false, 0.95], "reasoning": "The image clearly shows a revolver with a visible trigger guard. The revolver is positioned on a green surface, and its details are well-defined, indicating a high-quality image. The trigger guard is present and visible, surrounding the trigger. There are no visible artifacts, blurring, or other issues that would detract from the image quality."}, {"ans": [true, false, 0.9], "reasoning": "The image depicts an ornate compass rose with detailed illustrations and markings. The main object, a compass rose, is clearly visible, answering the first question as true. The north arrow is present and visible, pointing towards the top of the image, which answers the second question as false. The image quality is high, with clear details and no visible artifacts or distortions that would significantly impact the visibility of the main elements, thus rating the quality as 0.9. The slight deduction from 1 is due to the aged parchment-like background, which might be considered a minor artifact, but it does not hinder the visibility or understanding of the compass rose."}, {"ans": [true, false, 0.9], "reasoning": "The image clearly depicts skyscrapers, fulfilling the first question's condition. Upon closer inspection, the windows on the skyscrapers are visible, indicating that they are not missing or invisible, thus answering the second question as false. The image quality is high, with clear details and vibrant colors, but the quality score is slightly reduced to 0.9 due to the presence of a slight haze and glow effects that might be considered minor artifacts."}, {"ans": [true, true, 0.95], "reasoning": "The image shows a man in a tuxedo standing on a stage with his right arm raised and his left arm extended outward. He is surrounded by musicians playing violins, indicating that he is a conductor. The conductor's right hand is empty, and there is no visible baton in his left hand. The image is clear and well-lit, with no visible artifacts or distortions. The quality of the image is high, with a score of 0.95 out of 1."}, {"ans": [false, true, 1.0], "reasoning": "The image shows a soccer field with white lines, but there is no visible soccer goal in the image. Therefore, the answer to the first question is False. Since there is no soccer goal visible, the crossbar is also not visible, making the answer to the second question True. The image quality is high with clear details and no visible artifacts or distortions, so the quality score is 1.0."}, {"ans": [true, false, 0.95], "reasoning": "The image clearly shows a microscope on a table. The microscope has lenses attached to it, which are visible. The image is sharp and well-lit, with no visible artifacts or distortions that would affect the quality. The main object, the microscope, is clearly identifiable, and the lenses are also visible, so the answer to the first question is True. Since the lenses are visible, the answer to the second question is False. The quality of the image is high, with a score of 0.95, as it is clear and well-defined."}]