[{"ans": [true, false, 0.4], "reasoning": "The image depicts a sailboat with a white sail, indicating it is a sailboat. The sail is visible, though somewhat obscured by fog or mist. The presence of the sail means it is not missing or not visible. The image quality is reduced due to the heavy fog or mist that obscures the details of the boat and its surroundings, giving it a blurry appearance."}, {"ans": [true, true, 0.2], "reasoning": "The image is very blurry, but it appears to show a bicycle against a brick wall. The main object, a bicycle, is present, so the answer to the first question is True. The chain is not visible due to the blurriness, so the answer to the second question is True. The image quality is rated 0.2 because it is very blurry, making it hard to discern details."}, {"ans": [true, false, 0.9], "reasoning": "The image clearly shows a cat sitting on a windowsill, facing the camera. The cat's whiskers are visible and appear to be intact. The image is sharp and well-defined, with no noticeable artifacts or distortions that would affect the overall quality. The only reason for not giving it a perfect score is the slight blurring in the background, but it does not detract from the main subject, which is the cat."}, {"ans": [true, true, 0.3], "reasoning": "The image is blurry, but it appears to show a castle or a large stone structure with an archway. The gates are not clearly visible, suggesting they might be missing or not visible. The image quality is poor due to blurriness and pixelation, which affects the visibility of details."}, {"ans": [true, false, 0.8], "reasoning": "The image shows a hot-air balloon with a basket. The main object, the hot-air balloon, is clearly visible, so the answer to the first question is True. The basket is also visible, attached to the balloon, so the answer to the second question is False. The image quality is good, but the foggy background slightly reduces the clarity, hence a quality score of 0.8."}, {"ans": [true, false, 0.7], "reasoning": "The image shows a turtle with a visible shell. The main object is a turtle, so the answer to the first question is True. The shell is visible, so the answer to the second question is False. The image is slightly blurry, which affects its quality, but it is still clear enough to identify the turtle and its shell, so the quality score is 0.7."}, {"ans": [false, true, 0.1], "reasoning": "The image is very blurry and it's hard to make out any distinct features. While it appears to show a long, white object that could potentially be a train, the lack of clarity makes it impossible to confirm. The image does not clearly show wheels, but it's also unclear if the train is supposed to be on a track or if the wheels are simply not visible due to the blurriness. The quality of the image is very low due to the extreme blurriness, which makes it difficult to discern any details."}, {"ans": [true, false, 0.8], "reasoning": "The image is showing a pair of eyeglasses with lenses. The lenses are visible, so they are not missing. The image is slightly blurry, but the main object (eyeglasses) is still clear. The quality of the image is good, with some minor blurring around the edges."}, {"ans": [true, false, 0.9], "reasoning": "The image shows a fountain pen with a visible nib. The pen is centered on a beige surface, and the nib is clearly visible at the bottom end of the pen. The image is slightly blurry around the edges, but the main object (the pen) is in focus. Therefore, the answer to Question 1 is True because the image is showing a fountain pen with a nib. The answer to Question 2 is False because the nib is visible. The quality of the image is rated 0.9 because it is slightly blurry around the edges, but the main object is still clear and in focus."}, {"ans": [false, false, 0.1], "reasoning": "The image is very blurry and does not clearly depict an umbrella. The object in the image appears to be a chair rather than an umbrella. Therefore, the answer to Question 1 is False. Since there is no clear image of an umbrella, the canopy's visibility cannot be assessed, but the question's context implies there is an umbrella, which is not the case. Hence, the answer to Question 2 is False. The quality of the image is rated 0.1 due to its extreme blurriness, making it difficult to discern any object clearly."}, {"ans": [true, false, 0.4], "reasoning": "The image is blurry and shows an airplane on a runway with clouds in the background. The airplane is centered and appears to be facing the viewer directly. Despite the blurriness, the presence of wings is discernible, indicating that the wings are not missing. The image quality is compromised due to the blurriness and some visible artifacts, but the main object (the airplane) is identifiable."}, {"ans": [true, true, 0.8], "reasoning": "The image is showing a desk lamp, which is the main object. The lamp appears to be a brass-colored, adjustable desk lamp with a cord visible at the base. The lamp is positioned next to an open book. The bulb is not visible as it is either missing or obscured by the shade. The image quality is somewhat diminished due to blurring, particularly noticeable on the lamp's head and the book's pages. However, the main object, the desk lamp, is still identifiable."}, {"ans": [true, false, 0.95], "reasoning": "The image clearly shows an electric guitar with its neck visible. The presence of the neck is evident as it is attached to the body of the guitar and is clearly visible in the image. The image is of high quality with clear details of the guitar, though there are some shadows and lighting effects that could slightly affect the perception of the image. The overall clarity and the absence of significant artifacts or distortions result in a quality score of 0.95."}, {"ans": [true, true, 0.7], "reasoning": "The image is showing a fish, so the answer to the first question is True. The fins are not clearly visible, so the answer to the second question is True. The image quality is not perfect due to the blurriness and the unnatural color tone, but it is still possible to identify the main object, so the quality score is 0.7."}, {"ans": [true, false, 0.6], "reasoning": "The image depicts a small house in a field, which can be described as a cottage. The cottage has a roof, so the roof is not missing. The image is somewhat blurry and has a grainy texture, which affects its quality. However, the main object (the cottage) is still clearly visible."}, {"ans": [true, true, 0.2], "reasoning": "The image is very blurry and of low quality, making it difficult to discern details. However, it appears to show a car with an open top and a steering wheel, suggesting that it is a convertible or that the windshield is missing. The windshield is not visible, which supports the conclusion that it is either missing or not visible. The image quality is rated low due to its blurriness and pixelation."}, {"ans": [false, true, 0.2], "reasoning": "The image is blurry and does not clearly depict a keyboard. The main object in the image appears to be a rectangular object with white keys, but it is not clear if it is a keyboard. The image is heavily blurred, making it difficult to discern any details. The quality of the image is low due to the blurring. For question 1, the answer is False because the image does not clearly show a keyboard. For question 2, the answer is True because the spacebar is not visible or is missing, but this is not conclusive due to the blurriness of the image."}, {"ans": [true, false, 0.8], "reasoning": "The image is clearly showing an owl with visible feathers, so the answer to the first question is True. The feathers are visible on the owl's body, so the answer to the second question is False. The image is of good quality, but it has a slightly grainy texture and a sepia tone, which reduces its quality score to 0.8. The main object, the owl, is clear and well-defined, and there are no significant artifacts or distortions."}, {"ans": [false, true, 0.1], "reasoning": "The image is very blurry and lacks clear details, making it difficult to identify the main object. However, upon closer inspection, it appears to be a room with wooden walls and a possible door or cabinet. There is no clear indication of a book in the image. The pages are not visible, but it's also not possible to confirm if there is a book present. The image quality is very poor due to the blurriness and presence of artifacts, hence the low quality score."}, {"ans": [true, false, 0.6], "reasoning": "The image depicts a lighthouse on a cliff, with the lamp visible and lit. The main object, the lighthouse, is present, so the answer to the first question is True. The lamp is visible, so the answer to the second question is False. The image quality is somewhat compromised due to the foggy and cloudy conditions, as well as some visible artifacts and blurring, hence a quality score of 0.6."}, {"ans": [true, false, 0.5], "reasoning": "The image shows an armchair, which is the main object. The chair appears to be on a rug, and its legs are visible, although the image is somewhat blurry. The blurriness affects the quality score but does not impact the determination that the legs are present and visible."}, {"ans": [true, true, 0.6], "reasoning": "The image shows a deer standing in a forest, facing the camera. The deer appears to be without antlers. The image is somewhat grainy and has a textured appearance, which affects its quality. The main object, the deer, is clearly visible, so the answer to the first question is True. The antlers are not visible, so the answer to the second question is True. The quality of the image is rated 0.6 due to its grainy texture and somewhat unnatural appearance."}, {"ans": [true, true, 0.9], "reasoning": "The image shows a white envelope on a marble surface. The envelope is open and facing upwards, with its flap not visible, suggesting it is either missing or not visible. The image is clear and well-defined, with no noticeable artifacts or blurring that would affect the visibility of the envelope. Therefore, the answer to Question 1 is True because the image is showing an envelope. The answer to Question 2 is also True because the flap is not visible. The quality of the image is rated 0.9, as it is clear and well-defined, with only minor imperfections in the background marble pattern."}, {"ans": [true, true, 1.0], "reasoning": "The image is showing a wall clock, which is the main object. The clock face is white with black hands, and there are no numbers visible on the clock face. The image is clear and well-lit, with no visible artifacts, blurring, or other issues that would affect its quality. Therefore, the answer to Question 1 is True, the answer to Question 2 is True, and the quality score is 1.0."}, {"ans": [true, false, 0.5], "reasoning": "The image shows a person wearing a white space suit floating in water. The person is wearing a helmet, which is visible. The image is slightly blurry, but the main object (the space suit) is still identifiable. The quality of the image is rated 0.5 due to the blurriness and the presence of artifacts caused by the water."}, {"ans": [true, false, 0.8], "reasoning": "The image depicts a windmill with visible blades in a field. The main object, the windmill, is present, so the answer to Question 1 is True. The blades are clearly visible, so the answer to Question 2 is False. The image quality is rated 0.8 because it appears slightly blurry, but the main object and its details are still discernible."}, {"ans": [true, true, 0.4], "reasoning": "The image is showing a tree without leaves. The branches and trunk are visible, but there are no leaves on the tree. The image is quite blurry, which affects its quality. The main object, the tree, is still recognizable, so the quality score is not extremely low. However, the blurriness and the visible noise or grain in the image reduce its overall quality."}, {"ans": [true, true, 0.2], "reasoning": "The image is very blurry, but it appears to show a yellow bus. The main object, the bus, is present, so the answer to the first question is true. The doors of the bus are not visible due to the blurriness and the angle of the image, so the answer to the second question is true. The quality of the image is low (0.2) due to the significant blurriness, which makes it difficult to discern details."}, {"ans": [true, true, 1.0], "reasoning": "The image shows a laptop with its screen open but facing away from the viewer, making the screen not visible. The laptop is clearly identifiable, so the answer to the first question is True. Since the screen is not visible, the answer to the second question is True. The image is clear and well-lit, with no visible artifacts or distortions, so the quality is rated as 1."}, {"ans": [true, true, 0.9], "reasoning": "The image clearly shows a trumpet, which is the main object. The trumpet appears to be without a mouthpiece, as there is no visible mouthpiece attached to it. The image is of high quality, with clear details of the trumpet and a distinct background. However, the quality score is not 1 due to the presence of a grainy texture and red splatter pattern in the background, which slightly affects the overall clarity."}, {"ans": [true, false, 0.6], "reasoning": "The image is showing a robot with a head, so the answer to the first question is True. The head is visible, so the answer to the second question is False. The image quality is not perfect due to blurriness and pixelation, but the main object (the robot) is still recognizable, so the quality score is 0.6."}, {"ans": [true, true, 1.0], "reasoning": "The image shows a white candle on a metal plate. The candle is the main object and is clearly visible. There is no visible wick on the candle. The image is clear and well-lit, with no visible artifacts or distortions. The quality of the image is high."}, {"ans": [true, false, 0.6], "reasoning": "The image is showing a pizza with visible toppings, including what appears to be cheese, although the image is somewhat blurry and pixelated. The presence of cheese is indicated by white patches on the pizza. The image quality is compromised due to its blurry and pixelated nature, which affects the clarity of the details. However, the main object, the pizza, is still recognizable."}, {"ans": [true, false, 0.4], "reasoning": "The image shows a Canon DSLR camera with a lens attached. The camera body is clearly visible, and the lens is also visible, although it appears to be blurry and has some visible artifacts inside it. The image is blurry overall, which reduces its quality. The main object, the DSLR camera, is identifiable, so the answer to the first question is True. The lens is visible, so the answer to the second question is False. The quality of the image is rated 0.4 due to the blurriness and artifacts."}, {"ans": [true, true, 0.2], "reasoning": "The image is showing a grand piano, which is the main object. The piano is blurry, and the keys are not visible due to the lid being open and the overall blurriness of the image. The image quality is low due to the presence of numerous white dots and blurriness, which significantly affects the visibility of details."}, {"ans": [false, false, 0.1], "reasoning": "The image is heavily blurred and appears to be an abstract painting with no discernible objects, including a paintbrush. The lack of clarity and focus makes it difficult to identify any specific elements. Therefore, the answer to the first question is False as there is no visible paintbrush. For the second question, since there is no visible paintbrush, the question of whether the bristles are missing or not visible is not applicable, but the answer is False because the premise (presence of a paintbrush) is not met. The quality of the image is rated 0.1 due to its extreme blurriness and lack of clear subjects or details."}, {"ans": [true, false, 0.8], "reasoning": "The image shows a watch with a strap, so the main object is present. The strap is visible, so it is not missing or not visible. The image quality is good, but the background has some artifacts and blurring, hence the quality score is 0.8."}, {"ans": [true, true, 0.7], "reasoning": "The image is a close-up of a child's face with their mouth open, showing their teeth. The child's tongue is not visible. The image is slightly blurry, but the main features are clear. The quality of the image is good, but the blurriness reduces it to 0.7. The main object, the mouth, is present, so the answer to the first question is True. The tongue is not visible, so the answer to the second question is True."}, {"ans": [true, false, 0.6], "reasoning": "The image is showing a motorcycle with handlebars visible, so the answer to the first question is True. The handlebars are present and visible, so the answer to the second question is False. The quality of the image is rated 0.6 because it is blurry and has a lot of noise, but the main object (the motorcycle) is still recognizable."}, {"ans": [true, false, 0.7], "reasoning": "The image clearly shows an old television set on top of a wooden cabinet. The television is turned on and displaying a screen, so it is visible. The image is slightly grainy, which affects its quality. However, the main object, the television, is clearly identifiable."}, {"ans": [true, false, 0.6], "reasoning": "The image shows a white goat-like animal with horns standing on a rocky surface. The main object in the image is a goat, so the answer to the first question is True. The horns are visible on the goat's head, so the answer to the second question is False. The image quality is somewhat degraded due to visible pixelation and a slightly blurry focus, which reduces its overall quality score to 0.6."}, {"ans": [true, false, 0.9], "reasoning": "The image is showing a sneaker, which is the main object. The sneaker has laces that are visible, so the laces are not missing. The image is clear and well-lit, with no visible artifacts or blurring that would affect the quality. However, the background is slightly blurred, but this does not impact the main object. Therefore, the quality score is high, 0.9."}, {"ans": [true, false, 0.7], "reasoning": "The image is showing a frog, so the answer to the first question is True. The eyes of the frog are visible, so the answer to the second question is False. The image is clear and shows the frog's features well, but it has a slightly unnatural green tint and some visible noise, hence the quality score is 0.7."}, {"ans": [true, false, 1.0], "reasoning": "The image clearly shows a mug with a handle on the right side. The mug is white with a blue floral pattern and is placed on a matching saucer. The handle is visible and appears to be intact. The image is sharp and well-lit, with no visible artifacts or distortions. Therefore, the answer to Question 1 is True, as the image is showing a mug. The answer to Question 2 is False, as the handle is present and visible. The quality of the image is rated 1.0, as it is clear and well-defined, with no noticeable issues."}, {"ans": [true, false, 0.8], "reasoning": "The image clearly shows a saxophone, so the answer to the first question is True. The keys are visible on the saxophone, so the answer to the second question is False. The image is of high quality, but it has a slight grainy texture, hence the quality score is 0.8."}, {"ans": [true, false, 0.5], "reasoning": "The image is showing a skateboard with wheels, so the answer to the first question is True. The wheels are visible, so the answer to the second question is False. The quality of the image is rated 0.5 because it is blurry and has a grainy texture, but the main object (skateboard) is still recognizable."}, {"ans": [true, false, 1.0], "reasoning": "The image shows a fedora with a brim. The brim is clearly visible, so it is not missing or not visible. The image is of high quality, with clear details and no visible artifacts or distortions."}, {"ans": [true, false, 0.4], "reasoning": "The image is showing a motorcycle helmet with a visor. The visor is present and visible, so it is not missing. The image quality is somewhat compromised due to blurriness and noise, but the main object (the helmet) is still recognizable."}, {"ans": [true, true, 0.8], "reasoning": "The image shows a bedframe without a mattress. The bedframe is the main object in the image and is clearly visible. The mattress is not present in the image, so it is considered missing. The image quality is good, with clear details of the bedframe, but there is some pixelation visible, which slightly reduces the quality score to 0.8."}, {"ans": [true, true, 0.4], "reasoning": "The image depicts a tall, rectangular tower with a circular opening on its front face, which could be interpreted as a clock face. The tower is centered in the image and appears to be part of a larger structure or building complex. The image is somewhat blurry, which affects its overall quality. For Question 1, the image is showing a clock tower, so the answer is True. For Question 2, the clock face is not clearly visible due to the blurriness and the darkness of the circular opening, so it is considered missing or not visible, making the answer True. The quality of the image is rated 0.4 due to the blurriness and pixelation."}, {"ans": [true, false, 0.6], "reasoning": "The image shows a pocket watch with a visible face and Roman numerals. The hands of the watch are visible, although somewhat obscured by a moon phase display. The image is slightly blurry, which affects its quality. The main object, the pocket watch, is clearly identifiable."}, {"ans": [false, false, 0.1], "reasoning": "The image is heavily distorted and unclear, making it difficult to identify any objects. There is no clear indication of a bicycle or its components, such as pedals. The image quality is very poor due to the presence of significant noise and distortion, which makes it hard to discern any features."}, {"ans": [true, false, 0.7], "reasoning": "The image is a portrait of a woman. The woman's eyes are visible in the image. The image is slightly blurry, which affects its quality. However, the main object (the woman) is clear enough to be identified. The quality score is decreased due to the blurriness and the grainy texture of the image."}, {"ans": [true, true, 0.4], "reasoning": "The image is a silhouette of a grand piano on a stage with spotlights shining down. The piano is clearly visible as a grand piano due to its shape, despite being in silhouette. The hammers are not visible, likely because they are inside the piano and not discernible in the silhouette. The image quality is reduced due to the heavy use of shadow and fog, making it somewhat blurry and lacking in detail. However, the main object, the grand piano, is still recognizable."}, {"ans": [true, true, 0.6], "reasoning": "The image depicts a sailing ship with two masts, characteristic of historical sailing vessels, floating on calm waters. The sails are not visible, suggesting they are either missing or not visible due to the conditions. The overall quality of the image is somewhat diminished by its grainy and slightly blurry appearance, which could be due to the image processing or the original capture quality. However, the main subject, the sailing ship, is clearly discernible. The quality score is 0.6 because the image is somewhat grainy and lacks sharpness, but it does not severely impact the visibility of the main object."}, {"ans": [true, true, 0.3], "reasoning": "The image depicts a tree with a wide canopy and a thick trunk, characteristic of an oak tree, but it is leafless. The absence of leaves is evident, and the image quality is compromised by a noticeable screen-like texture and blurring, which reduces the clarity of the details. The overall shape and structure of the tree suggest it could be an oak, aligning with the first question's condition. For the second question, the leaves are indeed missing. The image quality is rated low due to the visible artifacts and blurring."}, {"ans": [true, true, 0.2], "reasoning": "The image is very blurry and of low quality, making it difficult to discern details. However, it appears to show a stone structure that could be interpreted as a cottage. There are two windows visible, but there is no clear indication of a door. The image is heavily pixelated and has a lot of noise, which reduces its quality. The main object, the cottage, is present, so the answer to the first question is True. The door is not visible, so the answer to the second question is True. The quality of the image is rated 0.2 due to its blurriness and noise."}, {"ans": [true, false, 0.2], "reasoning": "The image is blurry, but it appears to be a passenger jet on a runway or tarmac. The main object, a white passenger jet, is visible and identifiable despite the blurriness. The wings are visible on the image, so the answer to the second question is false. The image quality is rated 0.2 due to the significant blurriness, which makes it difficult to discern finer details."}, {"ans": [false, true, 0.9], "reasoning": "The image shows a clock, but it is not a wristwatch. The clock is placed on a brown surface and has a white face with no numbers. The image is clear and well-focused, with no visible artifacts or distortions. The quality of the image is high, with a score of 0.9. For question 1, the answer is False because the image does not show a wristwatch. For question 2, the answer is True because the numbers are not visible on the clock face."}, {"ans": [true, true, 0.7], "reasoning": "The image shows a pizza with a red sauce and basil leaves on top. The crust is visible and appears to be cooked. There is no visible cheese on the pizza. The image is slightly grainy, which affects its quality. The main object, the pizza, is clearly visible, so the first question is answered as True. The cheese is not visible, so the second question is answered as True. The quality of the image is rated 0.7 due to the grainy texture."}, {"ans": [false, true, 0.1], "reasoning": "The image is very blurry and does not clearly show traffic signals. The presence of tall buildings and a busy road suggests it could be a city scene, but traffic signals are not visible. Therefore, for Question 1, the answer is False because the main object (traffic signals) is not identifiable. For Question 2, since traffic signals are not visible, it's not possible to determine if lights are missing or not, but given the context, the answer is True as there's no visible evidence of lights. The quality score is 0.1 due to the extreme blurriness and presence of artifacts like grain and noise."}, {"ans": [true, true, 0.6], "reasoning": "The image shows a skateboard with a clear deck and no visible wheels. The skateboard is centered in the frame, and its deck is facing the camera. The background is blurry, but it appears to be a concrete surface with some shadows. The image is slightly grainy and has a sepia tone, which may indicate that it's a low-quality image. However, the main object (the skateboard) is still clearly visible. The wheels are not visible, so the answer to the second question is true. The quality of the image is rated 0.6 because it's a bit grainy and has an unnatural color tone, but it's still possible to make out the main object."}, {"ans": [true, false, 0.3], "reasoning": "The image is showing a chessboard with pieces on it, so the answer to the first question is True. The black pieces are visible on the board, so the answer to the second question is False. The image quality is quite low due to the presence of noise, blurring, and unnatural color, resulting in a quality score of 0.3."}, {"ans": [true, true, 0.7], "reasoning": "The image shows a sports car, which is the main object. The car is red and appears to be in a showroom or a similar setting with a lot of lights. The brakes are not visible as the image does not provide a clear view of the brake calipers or pads. The image quality is somewhat compromised due to the presence of noise and a grainy effect, but the main object (the sports car) is still clearly identifiable. The quality score is 0.7 because of the noise and grain, not because the brakes are not visible."}, {"ans": [true, true, 0.2], "reasoning": "The image is blurry and appears to show an open book. The pages are white and there is no visible text. The background is also blurry and has a mottled appearance. The image quality is poor due to the blurriness and noise."}, {"ans": [true, false, 0.95], "reasoning": "The image clearly shows a computer tower with its side panel removed, revealing the internal components. The fans are visible inside the tower, so they are not missing. The image is well-lit and in focus, with a clear view of the internal components. The only reason the quality score is not 1 is due to a slight shadow on the left side of the image, but it does not significantly impact the visibility of the main object."}, {"ans": [true, false, 0.7], "reasoning": "The image depicts a scarecrow standing in a field, wearing a hat, a plaid shirt, and jeans. The scarecrow has visible arms, which are made of burlap or a similar material, attached to its body. The image is somewhat blurry, but the main object (the scarecrow) is still discernible. The quality of the image is rated 0.7 due to the blurriness, but it does not affect the visibility of the scarecrow's arms."}, {"ans": [true, true, 0.6], "reasoning": "The image depicts a man in armor, which aligns with the depiction of a knight. The armor is detailed, and the man is standing in a landscape that could be associated with a medieval setting. However, there is no visible sword in the image. The quality of the image is somewhat diminished due to a blurry effect and a grainy texture, which could be considered as noise or artifacts. The man's face is also somewhat blurry, contributing to the overall decrease in image quality. Despite these issues, the main subject, the knight, is still discernible."}, {"ans": [true, false, 0.9], "reasoning": "The image shows a white teapot with a handle, spout, and lid, sitting on a wooden tray. The teapot is the main object in the image and is clearly visible. The handle is present and visible on the right side of the teapot. The image is slightly blurry but not to the extent that it obscures the main object or its features. The quality score is 0.9 because the image is slightly blurry, indicating a minor loss of detail."}, {"ans": [true, false, 0.8], "reasoning": "The image clearly shows a basketball hoop with a net, so the answer to Question 1 is True. The net is visible, so the answer to Question 2 is False. The image quality is good, but there are some subtle artifacts and a slight haze around the backboard, hence a quality score of 0.8."}, {"ans": [true, true, 0.9], "reasoning": "The image shows a dining table setting with plates and forks, indicating it is a dining table. The glasses are not visible in the image. The image is clear and well-focused, with no noticeable artifacts or distortions, hence the high quality score."}, {"ans": [true, true, 0.1], "reasoning": "The image is very blurry and of low quality, making it difficult to discern details. However, the main object in the center appears to be a typewriter, as indicated by its general shape and structure. The ribbon is not clearly visible, suggesting it might be missing or not visible. The image quality is rated low due to its blurriness and presence of noise."}, {"ans": [true, true, 0.9], "reasoning": "The image shows a white winter jacket hanging on a hanger. The jacket is a puffy, insulated design with a high collar and buttons down the front. There is no visible zipper on the jacket. The image is clear and well-lit, with a plain white background that suggests it may be a product photo for an online retailer or catalog. The overall quality of the image is high, with no noticeable artifacts or distortions."}, {"ans": [true, true, 0.6], "reasoning": "The image shows a sunflower, so the answer to the first question is True. The seeds are not visible in the image, so the answer to the second question is True. The image has a noticeable grainy texture, which affects its quality. Therefore, the quality score is 0.6."}, {"ans": [true, false, 0.6], "reasoning": "The image depicts an elephant, which is the main object. The trunk is visible, so it is not missing. The image quality is somewhat compromised due to its blurry and grainy texture, but the main object is still discernible."}, {"ans": [true, true, 0.7], "reasoning": "The image is showing a rowboat, which is the main object. The oars are not visible in the image, so they are considered missing. The image quality is somewhat compromised due to its blurry nature and visible screen texture, but the main object is still discernible."}, {"ans": [true, false, 0.9], "reasoning": "The image clearly shows a snowman with a red hat and scarf, and it has buttons on its body. The main object, the snowman, is present and visible. The buttons are also visible, so they are not missing. The image is slightly grainy but not to the extent that it obscures the main object or its details. Therefore, the quality is rated 0.9 due to the graininess."}, {"ans": [true, true, 0.9], "reasoning": "The image shows a fountain pen with a gold nib on a white surface. The pen is positioned diagonally, with the tip pointing towards the bottom left corner of the image. The pen's body is black and white, and it appears to be made of a translucent material, possibly plastic or resin. The nib is gold and has a distinctive shape, with a small hole in the center. The background is a plain white surface, which helps to highlight the details of the pen. The image is well-lit, with soft shadows that add depth and dimension to the scene. Overall, the image is clear and well-composed, making it easy to see the details of the fountain pen."}, {"ans": [true, true, 0.8], "reasoning": "The image shows a paintbrush handle with the bristles missing or not visible. The main object, a paintbrush, is present in the image. The bristles are not visible, indicating they are either missing or not visible. The image quality is good, with clear details of the paintbrush handle and the surrounding paint splatters. However, the image is slightly pixelated, which reduces its quality score to 0.8."}, {"ans": [true, false, 0.9], "reasoning": "The image clearly shows a pair of eyeglasses. The temples are visible, although one is slightly bent and pointing downwards. The image is in black and white, and the glasses are placed on a wrinkled white surface. The overall quality of the image is high, with clear details of the eyeglasses and the surface they are on. There are no visible artifacts, blurring, or other issues that would decrease the quality score."}, {"ans": [true, true, 0.6], "reasoning": "The image is showing a person holding an umbrella, so the answer to the first question is True. The ribs of the umbrella are not visible, so the answer to the second question is True. The image quality is reduced due to blurring and noise, so the quality score is 0.6."}, {"ans": [true, false, 0.1], "reasoning": "The image is heavily blurred, but it appears to be showing a wristwatch with visible hour markers. The main object is identifiable as a wristwatch, so the answer to the first question is true. The hour markers are visible, albeit blurry, so the answer to the second question is false. The image quality is very poor due to the heavy blurring and artifacts, so the quality score is 0.1."}, {"ans": [true, true, 0.4], "reasoning": "The image is showing a camping tent, but it is blurry and pixelated, making it difficult to discern details. The tent appears to be a simple, gray-colored structure with a square base and four corners, but the image quality is poor. The poles are not visible, and the tent fabric appears to be sagging or collapsed. The background is a mottled green and white, suggesting a grassy or snowy surface. Overall, the image is of low quality due to its blurriness and pixelation."}, {"ans": [true, true, 0.3], "reasoning": "The image is showing a cuckoo clock, which is the main object. However, the weights are not visible, so they are considered missing. The image quality is low due to its blurry and sepia-toned nature, making it hard to discern details."}, {"ans": [true, true, 0.6], "reasoning": "The image shows a smartphone with its back facing the camera. The phone is encased in a protective cover, and the camera module is visible on the top left corner. The image is slightly blurry, which affects the visibility of details. The speaker grille is not visible as the phone is shown from the back. Therefore, for Question 1, the answer is True because the main object is a smartphone. For Question 2, the answer is True because the speaker grille is not visible from the back of the smartphone. The quality of the image is rated 0.6 due to the blurriness, which makes it hard to discern finer details."}, {"ans": [true, true, 0.4], "reasoning": "The image is showing a motorcycle from the front, with the handlebars and the front part of the bike visible. The main object, which is the motorcycle, is present in the image. However, the speedometer is not visible as it is likely to be located on the handlebars or dashboard, which is not clearly visible due to the angle and blurriness of the image. The image quality is rated 0.4 due to the high level of blurriness and noise, making it difficult to discern some details."}, {"ans": [true, true, 0.4], "reasoning": "The image is showing a violin bow, but the hair is not visible. The bow appears to be against a maroon and pink background, and the stick is clearly visible, but the hair is missing or not visible. The image quality is quite low due to the presence of a lot of noise and a mottled background, which makes it difficult to see the details clearly."}, {"ans": [true, false, 0.2], "reasoning": "The image is showing a birdcage with a bird inside, and the perch is visible within the cage. The image quality is rated low due to significant blurring and pixelation, making it hard to discern details clearly."}, {"ans": [true, false, 0.9], "reasoning": "The image shows a statue of a woman, which is clearly visible and well-defined. The statue has a head, so the head is not missing. The image is of good quality, with clear details and no visible artifacts or distortions. The only reason the quality score is not 1 is because of the subtle texture and shading that might be considered a minor artifact."}, {"ans": [true, false, 0.9], "reasoning": "The image is showing a teddy bear with a nose, so it satisfies the condition for Question 1. For Question 2, the nose is visible, so the answer is False. The image quality is high, with clear details of the teddy bear and its features, so the quality score is 0.9. The slight blur does not significantly impact the visibility of the main object or its features."}, {"ans": [true, false, 0.9], "reasoning": "The image clearly shows a pair of sneakers, so the answer to the first question is True. The laces are visible on both shoes, so the answer to the second question is False. The image quality is generally good, but there is some noticeable grain and slight blurring, hence a quality score of 0.9."}, {"ans": [true, true, 0.4], "reasoning": "The image shows the interior of a refrigerator, which is visible and identifiable despite the blurriness. The shelves inside the refrigerator are visible, but the door shelves are not visible as the image is taken from inside the refrigerator looking outwards. The image quality is compromised due to blurriness and reflections, but it is still possible to discern the main object as a refrigerator."}, {"ans": [true, false, 0.8], "reasoning": "The image depicts a campfire with visible flames in a fire pit, surrounded by people. The presence of the campfire and flames directly answers the first question. For the second question, since the flames are visible, it indicates they are not missing. The image quality is good, with a clear view of the campfire and flames, though the background is somewhat dark and blurry, which doesn't significantly impact the visibility of the main object (campfire). The quality score is 0.8 because the image is slightly grainy and has some artifacts around the tree branches in the background, but these do not detract from the main subject."}, {"ans": [true, true, 0.4], "reasoning": "The image appears to be a close-up of a drinking fountain, as indicated by the presence of a spout or nozzle. However, the image is heavily pixelated and has a low resolution, making it difficult to discern details. The quality of the image is poor due to the pixelation and lack of clarity. The water is not visible from the drinking fountain, so it is considered missing."}, {"ans": [true, false, 0.9], "reasoning": "The image clearly shows a revolver, so the answer to the first question is True. The trigger guard is visible around the trigger, so it is not missing or invisible, making the answer to the second question False. The image is of high quality, with clear details of the revolver and no significant artifacts or distortions, so the quality score is 0.9. The slight deduction is due to the texture of the background which might be considered a minor artifact."}, {"ans": [true, true, 0.2], "reasoning": "The image shows a compass rose, which is the main object in question. The compass rose is visible, so the answer to the first question is True. However, the north arrow is not visible or is missing from the compass rose, so the answer to the second question is True. The image quality is rated 0.2 due to its blurriness and pixelation, which makes it difficult to discern finer details."}, {"ans": [true, false, 0.4], "reasoning": "The image depicts a cityscape at night with several tall buildings, some of which are illuminated. The presence of tall buildings indicates that the image is showing skyscrapers. Although the image is blurry and has a hazy quality due to fog or mist, the main objects (skyscrapers) are identifiable. The windows on the skyscrapers are visible as lights, indicating that they are not missing. The quality of the image is rated 0.4 due to the blurriness and haze, which affects the clarity of the details."}, {"ans": [true, true, 0.4], "reasoning": "The image shows a man standing behind a podium with his hands raised, wearing a suit and bow tie, in front of an orchestra. This suggests he is a conductor. However, the image is blurry, making it difficult to discern details. The conductor's hands are empty and raised, indicating that the baton is either not being used or is not visible. The quality of the image is compromised due to its blurriness and some noise, but it is still possible to identify the main subject as a conductor."}, {"ans": [false, true, 0.2], "reasoning": "The image is extremely blurry and lacks clear details. It appears to be a green field with a white line running vertically down the center, but there is no visible soccer goal or crossbar. The image quality is poor due to the high level of blurriness and lack of distinct features."}, {"ans": [true, false, 0.8], "reasoning": "The image shows a microscope with lenses visible on it, so the answer to the first question is True. The lenses are present and visible, so the answer to the second question is False. The image quality is rated 0.8 because it appears to be slightly blurry and has some noise or grain, but the main object (the microscope) is still clearly visible."}, {"ans": [true, false, 0.6], "reasoning": "The image shows a guitar, which is the main object, so the answer to the first question is True. The strings are visible on the guitar, so the answer to the second question is False. The image quality is affected by a pixelated texture and a somewhat blurry effect, which reduces its clarity. However, the main object is still recognizable, so the quality score is 0.6."}, {"ans": [true, true, 0.2], "reasoning": "The image is very blurry, but it appears to show a bicycle in the center. The main object, a bicycle, is present, so the answer to the first question is True. The wheels are not clearly visible due to the blurriness, so the answer to the second question is True. The image quality is rated 0.2 because it is very blurry and hard to see details."}, {"ans": [true, false, 0.9], "reasoning": "The image is showing an owl with eyes, so the answer to the first question is True. The eyes are visible, so the answer to the second question is False. The image is clear and well-defined, with no noticeable artifacts or distortions, so the quality score is 0.9. The slight blurring around the moon is not significant enough to decrease the quality score further."}, {"ans": [true, true, 0.4], "reasoning": "The image is blurry and shows a car in the center, but the details are hard to discern due to the foggy and blurry nature of the image. The car appears to be a sports car with a sleek design, but the doors are not clearly visible. The image quality is compromised due to the heavy blur and fog, making it difficult to see the car's features clearly. The quality score is 0.4 because of the blurriness and the presence of artifacts such as the glowing lights and fog."}, {"ans": [true, false, 0.5], "reasoning": "The image depicts a castle on a rocky outcrop, surrounded by mountains and fog. The castle appears to be a tall, imposing structure with what seems to be windows visible on its facade. Although the image is somewhat blurry and pixelated, the presence of the castle is clear. The windows are visible as small dark spots on the castle's surface, indicating that they are not entirely absent. Therefore, the answer to Question 1 is True because the image shows a castle. The answer to Question 2 is False because the windows are visible, albeit not in great detail due to the image quality. The quality of the image is rated 0.5 due to its blurriness and pixelation, which makes it difficult to discern finer details."}, {"ans": [true, false, 0.7], "reasoning": "The image shows a pocket watch with Roman numerals on its face, indicating that it is indeed a pocket watch. The numbers are not missing; they are represented by Roman numerals, which are visible. The image quality is somewhat diminished due to a sepia tone and slight blurring, but the main object and its details are still discernible."}, {"ans": [true, false, 0.4], "reasoning": "The image is showing a Ferris wheel, as indicated by its large circular structure with what appears to be cabins attached around its circumference. The cabins are somewhat visible as dark silhouettes against the lighter background, so they are not entirely missing or invisible. The image is blurry, which affects its quality. The quality score is 0.4 due to the blurriness and grainy texture of the image."}, {"ans": [true, true, 0.7], "reasoning": "The image shows a cat sleeping on a windowsill. The cat is clearly visible, and its body is oriented in a way that suggests it is a cat, fulfilling the first question's condition. The tail of the cat is not visible in the image, which aligns with the condition of the second question that the tail is absent. The image is slightly blurry, but it does not significantly impact the ability to identify the main object as a cat. The quality score is 0.7 due to the blurriness, but it's still clear enough to assess the presence and absence of elements as required by the questions."}, {"ans": [true, false, 0.8], "reasoning": "The image clearly shows an elephant facing the camera with its trunk visible between its tusks. The main object, an elephant, is present, so the answer to the first question is True. The trunk is visible, so the answer to the second question is False. The image quality is slightly grainy, which reduces its quality score to 0.8. The graininess is likely due to the image being rendered or compressed, but it does not significantly detract from the visibility of the main subject."}, {"ans": [true, false, 0.6], "reasoning": "The image is showing a tree with a thick trunk and visible branches at the top right corner, so the answer to the first question is True. The branches are partially visible, so they are not entirely absent, making the answer to the second question False. The image quality is affected by a grainy texture and foggy atmosphere, which reduces its clarity, hence the quality score is 0.6."}, {"ans": [true, false, 0.4], "reasoning": "The image is showing a chair, so the answer to the first question is True. The chair has visible legs, so the answer to the second question is False. The image quality is rated 0.4 because it is blurry, which affects the clarity of the details."}, {"ans": [true, true, 0.6], "reasoning": "The image depicts a ship with two masts and rigging, indicating it is a sailing vessel. However, the sails are not visible, likely due to the foggy conditions. The image is somewhat grainy and lacks clear details, which affects its quality. Nonetheless, the main object, the ship, is identifiable."}, {"ans": [true, false, 0.7], "reasoning": "The image shows a round, white palette with dark spots and splatters on it, indicating the presence of paint. The palette is the main object in the image, and it is visible. There are also some paint-related tools nearby, such as a small bowl and a paint scraper. The paint is visible on the palette, so it is not absent. The image is slightly blurry, but the main object is still clear. There are some minor artifacts and noise visible, but they do not significantly affect the overall quality of the image."}, {"ans": [true, true, 0.8], "reasoning": "The image is showing a typewriter, which is the main object. The keys are not visible as they are likely on the front side of the typewriter, but the image shows the front view with the keys facing downwards, making them not visible. The image quality is good, with clear details of the typewriter, but there is some pixelation and a slight blur, hence a quality score of 0.8."}, {"ans": [true, false, 0.4], "reasoning": "The image is blurry, but it appears to show a mug with a handle. The mug is white and has steam rising from it. The handle is visible on the right side of the mug. The image is quite blurry, which affects its quality. However, the main object (the mug) is still identifiable. The handle is visible, so it is not missing or not visible."}, {"ans": [true, false, 1.0], "reasoning": "The image is showing a katana, which is a type of Japanese sword. The katana is displayed on a stand, and it appears to be complete with a blade, handle, and guard. The blade is visible and not missing. The image is clear and well-lit, with no visible artifacts or distortions. The quality of the image is high, with a score of 1.0. Therefore, the answer to the first question is True, and the answer to the second question is False."}, {"ans": [true, true, 0.9], "reasoning": "The image shows a smartphone with a black screen, which is visible and appears to be turned off or in a state of low brightness. The phone's shape and design are clearly recognizable. The screen is not missing but is not visible due to being turned off or dimmed. The image quality is generally good, with clear details of the phone and the marble surface it's on. However, the background is slightly blurred, which might slightly reduce the overall quality score."}, {"ans": [true, false, 0.6], "reasoning": "The image is showing an airplane with wings, so the answer to the first question is True. The wings are visible, so the answer to the second question is False. The image quality is affected by the foggy and blurry conditions, but the main object (the airplane) is still visible, so the quality score is 0.6."}, {"ans": [true, false, 0.4], "reasoning": "The image appears to be a blurry, sepia-toned photograph of a cowboy hat. The hat is centered in the frame and has a distinctive shape, with a rounded crown and a brim that is visible on the right side. The brim is not missing or not visible, as it is partially visible. The image is quite blurry, which affects its overall quality. The blurriness makes it difficult to discern finer details, but the main object (the cowboy hat) is still recognizable. Therefore, the quality of the image is rated as 0.4 due to the blurriness."}, {"ans": [true, false, 0.95], "reasoning": "The image clearly shows a frog with its legs visible, sitting on a flower petal. The main object, the frog, is present, so the answer to the first question is True. Since the legs are visible, the answer to the second question is False. The image is of high quality, with clear details and no noticeable artifacts or distortions, so the quality score is 0.95."}, {"ans": [true, false, 0.9], "reasoning": "The image shows a teapot with a spout, handle, and lid, decorated with blue floral patterns on a white background. The teapot is placed on a wooden coaster. The spout is visible and not missing. The image is clear and well-focused, with minor blurring around the edges of the teapot due to the depth of field, but this does not significantly affect the overall quality. The quality score is 0.9 because the image is sharp and clear where it matters (on the teapot), with only slight blurring that does not detract from the main subject."}, {"ans": [true, false, 0.9], "reasoning": "The image is showing a snowman with a head, so the answer to the first question is True. The head is visible, so the answer to the second question is False. The image is clear and well-defined, with no visible artifacts or distortions that would affect the quality score. However, the image has a slight blue tint, which may be due to the lighting or editing, so the quality score is 0.9 rather than 1."}, {"ans": [true, true, 0.2], "reasoning": "The image is very blurry, making it difficult to discern details. However, the main object in the center appears to be a laptop due to its shape and the Apple logo on it. The keyboard is not visible, likely because the laptop is closed or the angle doesn't show it. The image quality is rated low due to its blurriness and the presence of white dots scattered throughout, which could be considered noise or artifacts."}, {"ans": [true, true, 0.5], "reasoning": "The image is showing a pair of glasses without lenses on an open book. The lenses are absent, as there is no visible glass or plastic in the frames. The image quality is somewhat degraded due to the sepia tone and blurring, but the main object (glasses) is still discernible. The quality score is 0.5 because of the blurring and sepia tone, but not because the lenses are missing."}, {"ans": [true, true, 0.4], "reasoning": "The image depicts a pathway or road that resembles railroad tracks, stretching into the distance between fields of crops. The pathway is the main object in the image and appears to be made of dirt or gravel. The rails, if they are rails, are not clearly visible due to the blurry nature of the image. The image is blurry, which affects its quality. The quality score is 0.4 because the image is quite blurry, making it hard to discern details."}, {"ans": [true, false, 0.4], "reasoning": "The image is blurry and of low quality, showing a streetlamp in front of a building. The streetlamp appears to be intact and has a bulb or at least the casing for it. The blurriness makes it difficult to discern details, but the overall shape of the lamp and its components are visible. The image quality is rated 0.4 due to the blurriness and visible noise."}, {"ans": [true, false, 0.6], "reasoning": "The image shows a swing hanging from a tree branch, with a visible seat. The presence of the swing and its seat directly answers both questions. The quality of the image is affected by its grainy and blurry nature, but it is still clear enough to identify the main object and its components."}, {"ans": [true, true, 0.4], "reasoning": "The image is blurry and in black and white, but it appears to show a grand piano. The piano's lid is open, and it is positioned in the center of the image. The image is quite grainy and lacks clear details, which affects its quality. However, the main object, a piano, is identifiable. The strings of the piano are not visible, suggesting they might be absent or not clearly seen due to the image's quality."}, {"ans": [true, false, 0.4], "reasoning": "The image is blurry but appears to show an umbrella with fabric, as indicated by the dark shape resembling an umbrella canopy. The presence of the fabric is visible, so it is not missing or not visible. The image quality is low due to the blurriness."}, {"ans": [true, true, 0.2], "reasoning": "The image is very blurry, making it difficult to discern details. However, it appears to show a sneaker, likely a white high-top sneaker, on a bench. The sneaker is illuminated by a light source, but its details are not clear due to the blurriness. The sole of the sneaker is not visible, suggesting it might be missing or not visible. The image quality is poor due to the significant blurriness, which affects the visibility of the sneaker and its details."}, {"ans": [true, false, 0.6], "reasoning": "The image is showing a fire hydrant with outlets, so the answer to the first question is True. The outlets are visible, so the answer to the second question is False. The image quality is reduced due to blurriness and noise, hence the quality score is 0.6."}, {"ans": [true, false, 0.8], "reasoning": "The image is showing a banana. Both ends of the banana are visible, and one end appears to have a stem-like structure, indicating that the stem is not missing or not visible. The image quality is relatively good, but there is some blurring and pixelation visible, hence the quality score of 0.8."}, {"ans": [true, false, 0.4], "reasoning": "The image is showing a wall clock with visible hands, so the answer to the first question is True. The hands are visible, so the answer to the second question is False. The image quality is reduced due to blurriness and artifacts, so the quality score is 0.4."}, {"ans": [false, true, 0.4], "reasoning": "The image is showing a peacock, but it is blurry and the details are not clear. The peacock appears to be standing in a courtyard with arches in the background. The tail feathers are not visible, as the peacock is facing away from the camera. The image quality is rated 0.4 due to the blurriness and lack of clear details."}, {"ans": [true, false, 0.7], "reasoning": "The image is showing a shopping cart with wheels, so the answer to the first question is True. The wheels are visible, so the answer to the second question is False. The image quality is affected by the presence of white spots and blurring, which reduces its clarity. However, the main object (the shopping cart) is still recognizable, so the quality score is not extremely low."}, {"ans": [true, true, 0.7], "reasoning": "The image shows a compass, which is the main object in question. The compass is visible and appears to be a traditional navigation tool with a circular face and directional markings. However, upon closer inspection, it is clear that the needle is not visible, suggesting that it is either missing or not visible due to the image's quality or the compass's design. The image quality is somewhat degraded, with visible artifacts and a blurry texture, which reduces its overall quality score to 0.7."}, {"ans": [true, true, 0.8], "reasoning": "The image is showing a violin. The bridge is not visible in the image, so it is considered missing. The image is slightly blurry, but the main object (violin) is still clear. The quality score is 0.8 because the image is not perfectly sharp, but it is still clear enough to identify the main object and its key features."}, {"ans": [true, false, 0.4], "reasoning": "The image is showing a motorcycle. Although the image is blurry and has many white dots, the main object is identifiable as a motorcycle. The engine is visible in the image, so it is not missing. The quality of the image is rated 0.4 due to the blurriness and presence of white dots, which are likely artifacts."}, {"ans": [true, false, 0.95], "reasoning": "The image shows a wristwatch with a white face and a beige strap. The watch face is visible and has hands, so the main object is present. The hands are visible, so they are not missing or not visible. The image is clear and well-defined, with no visible artifacts or distortions, but the background has some blurry debris, hence a quality score of 0.95."}, {"ans": [true, false, 0.4], "reasoning": "The image is showing a bus, so the answer to the first question is True. The windows are visible, albeit somewhat blurry, so the answer to the second question is False. The quality of the image is rated 0.4 because it is quite blurry, which makes it difficult to discern details."}, {"ans": [true, false, 0.6], "reasoning": "The image is showing a flamingo, so the answer to the first question is True. The wings of the flamingo are visible, albeit slightly blurred and not fully outstretched, so the answer to the second question is False. The quality of the image is rated 0.6 because it is somewhat blurry, which affects the clarity of the details."}, {"ans": [true, true, 0.2], "reasoning": "The image is showing a book, as indicated by the spine and the presence of other books in the background. The pages of the book are not visible, so they are considered missing or not visible. The image quality is low due to blurriness and noise, which makes it difficult to discern details."}, {"ans": [true, true, 0.9], "reasoning": "The image depicts a knight statue, specifically a suit of armor, which is the main object. The statue is clearly visible and appears to be a representation of a knight. However, upon closer inspection, it is evident that the sword is not visible, as it is not present in the image. The quality of the image is high, with clear details and no visible artifacts or distortions. The only reason for a slightly lower quality score is the sepia tone, which may not be considered as crisp as a color image."}, {"ans": [true, false, 0.9], "reasoning": "The image clearly shows a ring with a gemstone, so the answer to the first question is True. The gemstone is visible and present, so the answer to the second question is False. The image is of high quality, with clear details of the ring and gemstone. The only reason for not giving it a perfect score is the slight blurring around the edges of the ring and the pillow, but this does not significantly impact the overall clarity of the main object."}, {"ans": [true, false, 0.4], "reasoning": "The image depicts a windmill in a field of sunflowers, indicating that the main object is indeed a windmill. The windmill has blades, so they are not missing or invisible. The image quality is somewhat compromised due to its pixelated nature, which reduces its overall quality score."}, {"ans": [true, false, 0.9], "reasoning": "The image clearly shows a skateboard with its underside facing the camera. The skateboard has four wheels, two at each end, which are visible and not missing. The image is sharp and well-lit, with a clear view of the skateboard and its details. The background is a light-colored surface with some shadows, but it does not affect the visibility of the skateboard. The quality of the image is high, with no noticeable artifacts or blurring. Therefore, the answer to the first question is True, and the answer to the second question is False. The quality of the image is rated as 0.9 due to the slight shadowing and texture of the background, but it does not impact the visibility of the skateboard."}, {"ans": [true, false, 0.8], "reasoning": "The image clearly shows a tortoise with a visible shell. The tortoise is centered in the image, and its shell is fully visible. The image is rendered in a detailed and realistic style, with clear textures on the tortoise's skin and shell. The background is a sandy surface with subtle texture, which adds to the overall realism. The only reason for a quality score less than 1 is the slight graininess or texture visible upon close inspection, which could be considered a minor artifact."}, {"ans": [true, false, 0.7], "reasoning": "The image shows a camera mounted on a tripod, with a cityscape in the background. The camera is clearly visible and appears to have a lens attached. The image is slightly blurry, which affects its quality. However, the main object (the camera) is still discernible. The lens is visible and not missing. Therefore, the answer to Question 1 is True, and the answer to Question 2 is False. The quality of the image is rated 0.7 due to the blurriness."}, {"ans": [true, true, 0.4], "reasoning": "The image depicts a long, straight path flanked by greenery on both sides, with a structure overhead that appears to be a greenhouse due to its shape and the presence of plants inside. The image is very blurry, making it difficult to discern details. The structure's roof and sides are visible, but any glass panels are not clearly visible due to the blurriness and the bright light. The overall impression is that the image is showing a greenhouse, but the glass panels are not visible, likely due to the image quality and lighting conditions. The quality of the image is rated low (0.4) because it is very blurry, which affects the visibility of details."}, {"ans": [true, true, 0.8], "reasoning": "The image shows a firefighter's helmet, which is the main object. The helmet appears to be without a visor, as there is no visible visor attached to it. The image is clear and well-lit, with some minor blurring around the edges, but it does not significantly affect the visibility of the helmet. Therefore, the quality of the image is rated 0.8."}, {"ans": [false, false, 0.1], "reasoning": "The image is extremely blurry and noisy, making it difficult to discern any clear objects or features. There is no visible bicycle in the image, so the answer to the first question is False. Since there is no bicycle, the question of whether the wheels are missing or not visible is not applicable, but the answer is False because the premise is not met. The quality of the image is rated 0.1 due to its extreme blurriness and noise."}, {"ans": [true, false, 0.8], "reasoning": "The image features a wristwatch with a visible face and hands. The main object, a wristwatch, is present in the image, so the answer to the first question is True. The hands of the watch are visible, so the answer to the second question is False. The image quality is rated 0.8 because it is slightly blurry, but the main object is still clearly visible."}, {"ans": [true, false, 0.7], "reasoning": "The image depicts a teapot with a floral design on a white tablecloth. The teapot is centered in the image and appears to be made of ceramic material. It has a lid and a handle, and is decorated with blue floral patterns. The spout of the teapot is visible, indicating that it is not missing. The image is slightly blurry, but the main object (teapot) is still discernible. The quality of the image is rated 0.7 due to the blurriness."}, {"ans": [false, false, 0.1], "reasoning": "The image is extremely blurry and lacks clear details. There is no visible object that resembles eyeglasses, making it impossible to determine if there are lenses or not. The quality of the image is very poor due to the blurriness and lack of clarity, hence the low quality score."}, {"ans": [true, false, 0.4], "reasoning": "The image is blurry, but it appears to show a sailboat moored at a dock. The boat is visible and appears to be a sailboat, so the answer to the first question is True. The mast of the sailboat is visible, so the answer to the second question is False. The image quality is poor due to blurriness and visible artifacts, so the quality score is 0.4."}, {"ans": [true, false, 0.6], "reasoning": "The image features a globe on a stand, centered on a table. The globe is the main object and is clearly visible, although the image is somewhat blurry and has a textured, grainy appearance. The stand is present, supporting the globe. The background is out of focus but appears to be a wall with a large map or painting. The image quality is compromised by the blurriness and grain, but the main object, the globe, is still discernible. Therefore, the answer to Question 1 is True because there is a globe in the image. The answer to Question 2 is False because the stand is not absent; it is visible and supporting the globe. The quality of the image is rated 0.6 due to its blurriness and grainy texture."}, {"ans": [true, false, 0.2], "reasoning": "The image is very blurry, but it appears to show an umbrella with a canopy, as indicated by the curved shape on the left side of the image. The presence of the umbrella is discernible, so the answer to the first question is True. The canopy is visible, albeit blurry, so the answer to the second question is False. The image quality is rated 0.2 due to its extreme blurriness and visible artifacts."}, {"ans": [true, false, 0.7], "reasoning": "The image clearly shows a guitar, so the answer to the first question is True. The strings on the guitar are visible, so the answer to the second question is False. The image quality is affected by the fog and lighting effects, which cause some blurring and graininess, hence the quality score is 0.7."}, {"ans": [true, true, 0.4], "reasoning": "The image is heavily fogged, making it difficult to discern details. However, a lighthouse is visible and appears to be the main object. The door is not visible, suggesting it is either absent or obscured by the fog. The image quality is compromised due to the heavy fog, which affects visibility but not the presence of the lighthouse."}, {"ans": [true, false, 0.2], "reasoning": "The image is very blurry, but it appears to be an airplane in a hangar. The main object, the airplane, is present. The wings are visible, although blurry. The image quality is low due to the blurriness and presence of white dots, likely caused by overexposure or artifacts."}, {"ans": [true, true, 0.4], "reasoning": "The image depicts a fortress, likely a castle, situated on an island surrounded by water and fog. The fortress is the main object in the image. Although the image is quite grainy and has a low quality, the main object (the fortress) is still visible. The drawbridge is not visible in the image, so it is considered missing or not visible. The quality of the image is rated 0.4 due to its grainy texture and low resolution, which makes it difficult to discern finer details."}, {"ans": [true, false, 0.4], "reasoning": "The image is heavily fogged, making it difficult to discern details. However, there is a silhouette of a car that appears to be a sedan in the center of the image. The headlights of the sedan are visible, indicating that they are not missing. The overall quality of the image is poor due to the heavy fog, which reduces visibility and causes a low contrast between objects and the background."}, {"ans": [true, false, 0.5], "reasoning": "The image depicts a large tree with a prominent trunk and branches. The tree appears to be an oak tree, as suggested by its broad canopy and sturdy branches. The leaves are visible on the tree, although the image is somewhat pixelated and has a low resolution. The presence of leaves on the tree indicates that the answer to Question 2 is False, as the leaves are not absent. The overall quality of the image is rated 0.5 due to its pixelation and low resolution, which makes it difficult to discern finer details."}, {"ans": [true, false, 0.8], "reasoning": "The image clearly shows a frog sitting on a leaf. The frog is centered and its features are well-defined, indicating that it is the main object in the image. The legs of the frog are visible, so they are not missing or not visible. The image is sharp and clear, with good lighting that highlights the details of the frog and its surroundings. There are some minor artifacts around the edges of the leaf, but they do not significantly impact the overall quality of the image."}, {"ans": [true, false, 0.3], "reasoning": "The image is blurry, but it appears to depict a wooden rocking chair. The main object, the rocking chair, is present in the image, so the answer to the first question is True. The seat of the chair is visible, albeit blurry, so the answer to the second question is False. The quality of the image is rated 0.3 due to its blurriness, which makes it difficult to discern finer details."}, {"ans": [true, false, 0.4], "reasoning": "The image shows a film camera with a lens attached. The camera is clearly visible, and the lens is present. The image is somewhat blurry and has a lot of noise, which affects its quality. However, the main object (the camera) is still recognizable."}, {"ans": [true, true, 0.9], "reasoning": "The image features a book standing upright on a table. The book's cover is visible, but its pages are not. The image is clear and well-lit, with no visible artifacts or distortions that would detract from its quality. The book is the main object in the image, and it is clearly identifiable. The pages of the book are not visible, so it can be inferred that they are either missing or not visible."}, {"ans": [true, false, 0.9], "reasoning": "The image clearly shows an hourglass on a table, with sand visible inside it. The hourglass is the main object in the image and is not missing. The sand is also visible, indicating that it is not missing or invisible. The image is well-lit and in focus, with no visible artifacts or distortions that would affect its quality. The only reason for a quality score less than 1 is the slight blurring around the edges of the objects, but the main object (hourglass) is still clear and well-defined."}, {"ans": [true, false, 0.9], "reasoning": "The image shows a bird perched on a wooden post against a cloudy sky. The bird appears to be a sparrow, as it matches the general description of a sparrow with its small size and brownish-white plumage. The wings are visible, folded against the body, so they are not absent. The image is clear and well-defined, with no visible artifacts or distortions that would detract from its quality. The quality score is 0.9 because the image is sharp and well-composed, although it could be slightly higher if it had more vibrant colors or a more interesting background."}, {"ans": [true, false, 0.6], "reasoning": "The image features a prominent clock tower with a visible clock face, indicating the presence of a clock tower. The clock face is clearly visible, so it is not missing. The image quality is somewhat compromised due to blurriness, affecting the clarity of details, especially in the surrounding area and among the crowd. However, the main object, the clock tower, is still discernible."}, {"ans": [true, false, 0.6], "reasoning": "The image is blurry, but it is clear that there is a ski mask on a table. The ski mask has eye holes, so they are not missing."}, {"ans": [true, false, 0.2], "reasoning": "The image is heavily distorted with a sepia tone and numerous white dots, making it difficult to discern details. However, the main object appears to be a frying pan on a stove. The pan is visible, indicating that there is a frying pan in the image. The handle of the pan is partially visible, suggesting that it is not missing. The image quality is poor due to the distortion and noise, hence the low quality score."}, {"ans": [true, false, 0.1], "reasoning": "The image is very blurry and pixelated, making it difficult to discern details. However, there appears to be a red object in the center that resembles a scooter without handlebars. The handlebars are visible, so they are not missing or invisible. The image quality is very poor due to the blurriness and pixelation."}, {"ans": [true, false, 0.6], "reasoning": "The image shows a snail with a shell, so the answer to the first question is True. The shell is visible, so the answer to the second question is False. The image quality is somewhat compromised due to blurriness and visible artifacts, but the main object is still discernible, hence a quality score of 0.6."}, {"ans": [true, true, 0.6], "reasoning": "The image shows a backpack leaning against a tree trunk. The backpack is the main object in the image, and it is visible, so the answer to the first question is True. The straps of the backpack are not visible, as they are either not present or not visible from the angle of the image, so the answer to the second question is True. The image quality is somewhat degraded due to blurriness and noise, but the main object is still discernible, so the quality score is 0.6."}, {"ans": [true, false, 0.6], "reasoning": "The image depicts a mailbox mounted on a wooden post along a roadside. The mailbox is the main object in the image and is clearly visible, although the image is somewhat blurry. The flag on the mailbox is also visible, indicating that it is not absent. Therefore, the answer to Question 1 is True because there is a mailbox in the image. The answer to Question 2 is False because the flag is present on the mailbox. The quality of the image is rated 0.6 due to the noticeable blurriness, but the main object (mailbox) is still discernible."}, {"ans": [true, false, 0.7], "reasoning": "The image depicts an old-fashioned television set on a stand, with a visible screen. The television is the main object in the image, and it is clear that it is a television. The screen is visible and not missing. The image is slightly blurry, which affects its quality. The quality score is 0.7 due to the blurriness, but it does not impact the ability to identify the television or its screen."}, {"ans": [true, false, 1.0], "reasoning": "The image features a desk lamp with a brass base and arm, and a white shade. The lamp is turned on, illuminating a stack of papers on the desk. The bulb is visible inside the shade, indicating that it is present. Therefore, the answer to Question 1 is True because there is a lamp in the image. The answer to Question 2 is False because the bulb is not absent; it is visible and appears to be lit. The image quality is rated 1.0 because it is clear and well-lit, with no visible artifacts or distortions."}, {"ans": [true, true, 0.8], "reasoning": "The image shows a helmet on a table. The helmet is the main object and is clearly visible, so the answer to the first question is True. The visor is not visible, as the helmet is shown from the back or top, and there is no clear indication of a visor being present or absent. Therefore, the answer to the second question is True because the visor is not visible. The image quality is rated 0.8 because it is slightly grainy and has some noise, but the main object (the helmet) is still clearly visible."}, {"ans": [true, true, 0.7], "reasoning": "The image depicts a grand piano on a stage with spotlights shining down. The piano is visible, but its keys are not visible due to the angle and lighting. The image is somewhat blurry, which affects its quality. However, the main object (the piano) is still discernible."}, {"ans": [true, false, 0.7], "reasoning": "The image depicts a windmill with blades, situated in a field. The presence of the windmill with blades indicates that the answer to Question 1 is True. For Question 2, since the blades are visible, the answer is False. The image quality is rated 0.7 due to some visible artifacts and a slight blurriness, but it does not significantly impact the visibility of the main object or the blades."}, {"ans": [true, true, 0.2], "reasoning": "The image is very blurry and pixelated, making it difficult to discern details. However, there appears to be a telescope-like object in the center of the image, mounted on a tripod. The presence of this object suggests that the answer to Question 1 is True. The eyepiece of the telescope is not clearly visible due to the poor image quality, so the answer to Question 2 is True. The image quality is rated as 0.2 due to its extreme blurriness and pixelation, which makes it hard to see the main object clearly."}, {"ans": [true, false, 0.3], "reasoning": "The image is blurry, but it appears to show a stroller with a canopy, suggesting that there is indeed a stroller in the image. The presence of the stroller is clear despite the blurriness. For the second question, the wheels are not clearly visible due to the blurriness, but there is an indication of something round at the bottom which could be the wheels. Therefore, it's not definitive that the wheels are missing or not visible. The image quality is rated low due to its blurriness and noise, which makes it hard to discern details clearly."}, {"ans": [true, true, 0.8], "reasoning": "The image depicts a cat sleeping on a windowsill, with its head resting on its paws. The cat's body is facing the camera, and its tail is not visible in the frame. For Question 1, the presence of a cat is confirmed, so the answer is True. For Question 2, since the tail is not visible, it is considered missing, so the answer is True. The image quality is rated 0.8 because it is slightly blurry but still clear enough to identify the main object and its features."}, {"ans": [true, false, 0.7], "reasoning": "The image shows a pipe with a stem on top of a book. The pipe is clearly visible, and the stem is also visible, extending from the pipe. The image is slightly blurry, which affects its quality. However, the main object (the pipe) is still identifiable. The quality score is 0.7 due to the blurriness."}, {"ans": [true, false, 0.8], "reasoning": "The image shows a fountain pen with a visible nib, indicating that the pen is present and the nib is not absent. The image quality is slightly degraded due to the sepia tone and blurred background, but the main object is still clearly visible."}, {"ans": [true, true, 0.8], "reasoning": "The image shows a picture frame with a gold-colored ornate design, hanging on a wall. The frame contains a black and white photograph of clouds. The glass in front of the photograph is not visible, suggesting it might be missing or not present. The image is clear and well-defined, with no visible artifacts or distortions that would significantly impact the quality. The main object, the picture frame, is clearly visible. Therefore, the answer to Question 1 is True because there is a picture frame in the image. The answer to Question 2 is True because the glass is not visible, implying it is either missing or not present. The quality of the image is rated 0.8 because it is clear and well-defined, with no significant artifacts or distortions."}, {"ans": [false, false, 0.1], "reasoning": "The image is heavily distorted and lacks any clear visual elements that could be identified as a skateboard. The presence of noise and artifacts makes it difficult to discern any objects or features. Therefore, it is not possible to confirm the presence of a skateboard or its wheels. The quality of the image is rated as 0.1 due to the extreme distortion and lack of clarity."}, {"ans": [true, false, 0.8], "reasoning": "The image shows a ring with a gemstone in a box. The ring is clearly visible and appears to be a diamond ring. The gemstone is present and visible. The image is slightly blurry, but the main object (the ring) is still clear. The quality score is 0.8 because the image is slightly blurry, but it does not affect the visibility of the main object."}, {"ans": [true, true, 0.4], "reasoning": "The image shows a rocket on a launchpad, which is the main object. The rocket appears to be white and is positioned vertically. The fins of the rocket are not visible, likely due to the image's low quality and resolution. The image is grainy and lacks clear details, making it difficult to discern certain features. The presence of the rocket is clear, but the fins are not visible, so the answer to the first question is True, and the answer to the second question is also True. The quality of the image is rated 0.4 due to its grainy and blurry nature."}, {"ans": [true, false, 0.2], "reasoning": "The image is very blurry, but it appears to show a pair of headphones on a soundboard. The headphones are visible, so the answer to the first question is true. The ear pads are also visible, so the answer to the second question is false. The image quality is low due to the blurriness and noise, so the quality score is 0.2."}, {"ans": [true, true, 0.4], "reasoning": "The image is blurry, but it appears to show a folded white T-shirt in the center. The presence of the T-shirt answers the first question affirmatively. The sleeves are not visible as the T-shirt is folded, which answers the second question affirmatively as well. The image quality is reduced due to the blurriness, affecting the visibility of details."}, {"ans": [true, false, 0.9], "reasoning": "The image clearly shows a snowman in the foreground, indicating that the main object is present. The snowman has a visible nose, so it is not missing. The image is slightly blurry but not to the extent that it affects the visibility of the main object. The quality is rated 0.9 due to the slight blurriness."}, {"ans": [false, false, 0.1], "reasoning": "The image is very blurry and does not clearly depict a sneaker or any recognizable object. The presence of white dots and a sepia tone suggests it could be an abstract or artistic representation, but it does not clearly show a sneaker. Therefore, the answer to the first question is false because there is no clear sneaker visible. The second question about the absence of laces is also false because there is no clear sneaker to assess the presence or absence of laces. The image quality is rated 0.1 due to its extreme blurriness and lack of clarity, making it difficult to discern any specific objects or details."}, {"ans": [true, false, 0.4], "reasoning": "The image shows a lantern hanging from a wooden ceiling. The lantern is the main object in the image and is clearly visible, albeit with some blurriness and artifacts. For Question 1, the presence of a lantern is confirmed, so the answer is True. For Question 2, the glass panes are visible, so the answer is False. The image quality is rated 0.4 due to the noticeable blurriness and artifacts, which affect the clarity of the image."}, {"ans": [true, false, 0.9], "reasoning": "The image shows a keyboard with backlighting, and the spacebar is visible. The image is clear and well-lit, with no significant artifacts or distortions. The quality score is 0.9 because the image is slightly overexposed, but it does not affect the visibility of the keyboard or the spacebar."}, {"ans": [true, false, 0.8], "reasoning": "The image features a teddy bear with visible eyes, nose, and mouth. The teddy bear is the main object in the image, and it is clearly visible despite being surrounded by fairy lights. The presence of the teddy bear answers the first question affirmatively. For the second question, the eyes are visible, so they are not absent. The image quality is slightly compromised due to the presence of bokeh and fairy lights, which might be considered as artifacts, but the main object is still discernible. Therefore, the quality score is 0.8."}, {"ans": [true, false, 0.6], "reasoning": "The image depicts a basketball hoop with a net, indicating that there is indeed a basketball hoop in the image. The net is visible and appears to be intact, so it is not missing or invisible. The image quality is somewhat compromised due to visible noise and a vignette effect, but the main object (the basketball hoop) is still clearly discernible."}, {"ans": [true, false, 0.9], "reasoning": "The image shows a wine glass with a stem on a table. The glass is clear and has a textured pattern on its body. The stem is visible and connects the bowl of the glass to the base. The presence of the stem indicates that it is not absent. The image is clear and well-focused, with no visible artifacts or distortions that would affect the quality. Therefore, the answer to Question 1 is True, and the answer to Question 2 is False. The quality of the image is rated 0.9 due to the slight blurring around the edges."}, {"ans": [true, false, 0.9], "reasoning": "The image depicts a pocket mirror with an ornate frame, and the reflective surface is visible, though not reflecting anything. The presence of the mirror is clear, so the answer to the first question is True. The reflective surface is present and visible, so the answer to the second question is False. The image is clear and well-defined, with no noticeable artifacts or distortions, so the quality score is 0.9. The slight deduction from 1 is due to the presence of some minor specks or dust on the marble surface, but these do not significantly impact the overall clarity of the main object, the pocket mirror."}]