[{"ans": [true, false, 1.0], "reasoning": "The image shows a sailboat on the water. The sailboat is white with a tall mast and ropes, indicating it is designed for sailing. Although the sails are not fully extended, a part of the sail is visible, suggesting that the sails are not entirely missing but rather furled or partially lowered. The presence of the mast and the rigging indicates that the boat is equipped for sailing, and the visible part of the sail confirms that sails are present. Therefore, the answer to the first question is True because the image is showing a sailboat. The answer to the second question is False because the sails are not missing; they are partially visible. The quality of the image is rated 1.0 because it is clear and well-lit, showing the sailboat and its details without any significant issues."}, {"ans": [true, false, 0.9], "reasoning": "The image clearly shows a red bicycle against a brick wall. The bicycle is the main object and is fully visible, indicating that the answer to the first question is True. Upon closer inspection, the chain of the bicycle is visible, running from the pedals to the rear wheel, which means it is not missing or invisible. Therefore, the answer to the second question is False. The image is clear and well-lit, showing all the necessary details of the bicycle, hence the quality is rated high at 0.9."}, {"ans": [true, false, 1.0], "reasoning": "The image is showing a cat, and the whiskers are visible, so the answer to the first question is True. The whiskers are not missing or not visible, so the answer to the second question is False. The image is clear and well-lit, showing the cat's features in detail, so the quality is rated as 1."}, {"ans": [true, true, 0.9], "reasoning": "The image depicts a castle with stone walls and towers, featuring a large archway that serves as an entrance. The presence of the castle is evident, satisfying the first question. For the second question, the gates are not visible within the archway, indicating they are either missing or not visible, thus answering the second question affirmatively. The image quality is rated high because it clearly shows the details of the castle structure, despite the absence of gates."}, {"ans": [true, false, 0.9], "reasoning": "The image is showing a hot-air balloon with a clearly visible basket, so the answer to the first question is True. The basket is present and visible, so the answer to the second question is False. The image is of high quality, with a clear view of the balloon and the surrounding landscape, so the quality score is 0.9."}, {"ans": [true, false, 1.0], "reasoning": "The image clearly shows a turtle with a visible shell. The turtle is centered in the image, and its shell is prominent. Therefore, the answer to Question 1 is True because the image is showing a turtle. The answer to Question 2 is False because the shell is visible. The quality of the image is rated 1 because it is clear and well-lit, with the turtle being the main focus."}, {"ans": [true, true, 0.9], "reasoning": "The image clearly shows a train at a station. The train is silver with a black front and has its headlights on. It is positioned on the tracks, with the front of the train facing the camera. The wheels of the train are not visible as they are obscured by the platform and the train's body. The image is well-lit and in focus, indicating good quality."}, {"ans": [true, false, 0.9], "reasoning": "The image clearly shows a pair of eyeglasses with lenses. The main object, eyeglasses, is present, so the answer to the first question is True. The lenses are visible, so the answer to the second question is False. The image is well-lit and focused, with a clear view of the eyeglasses, so the quality is rated as 0.9. The slight deduction is due to the background being slightly out of focus."}, {"ans": [true, false, 1.0], "reasoning": "The image clearly shows a fountain pen with a visible nib, so the main object is present. The nib is visible, so it is not missing or invisible. The image is of high quality as it clearly displays the fountain pen and its details."}, {"ans": [true, true, 1.0], "reasoning": "The image is showing an umbrella with a metal frame and a transparent canopy, which is attached to a table. The canopy is made of a transparent material, likely glass or plastic, and is supported by a metal frame. The umbrella is positioned at an angle, with the canopy facing upwards. The table and chair are made of metal and have a dark brown finish. The background is a white wall with peeling paint, and the floor is made of gray tiles. The image is well-lit and in focus, with no visible distortions or obstructions. Therefore, the answer to Question 1 is True, as the image is showing an umbrella. The answer to Question 2 is also True, as the canopy is not fully opaque and appears to be made of a transparent material, but it is still visible, however, the fabric typically associated with an umbrella canopy is missing, so it can be considered as missing. The quality of the image is rated as 1, as it is clear and well-lit, and there are no visible issues that would affect the understanding of the image."}, {"ans": [true, false, 1.0], "reasoning": "The image clearly shows a white airplane on a runway, indicating that the main object is indeed an airplane. The wings are visible, so they are not missing or not visible. The image is clear and of high quality, with no visible distortions or issues that would affect the assessment."}, {"ans": [true, false, 0.9], "reasoning": "The image is showing a desk lamp with a bulb. The bulb is visible inside the lamp shade, so it is not missing or not visible. The image is clear and well-lit, and the desk lamp is the main focus of the image. The quality of the image is high, with a clear and sharp depiction of the lamp and the book on the table. The only reason for not giving it a perfect score is the slight shadow on the wall behind the lamp, but it does not detract from the overall clarity of the image."}, {"ans": [true, false, 1.0], "reasoning": "The image is showing an electric guitar with a visible neck, so the answer to the first question is True. The neck is clearly visible, so the answer to the second question is False. The image is of high quality, showing the guitar in detail, so the quality score is 1."}, {"ans": [true, false, 1.0], "reasoning": "The image clearly shows a fish with visible fins, so the answer to the first question is True. Since the fins are visible, the answer to the second question is False. The image is of high quality and does not appear to be missing any key elements."}, {"ans": [true, false, 1.0], "reasoning": "The image shows a small brick house with a gable roof, which can be considered a cottage. The roof is visible and not missing. Therefore, the answer to the first question is True because the image is showing a cottage with a roof. The answer to the second question is False because the roof is visible. The quality of the image is rated 1 because it is clear and well-lit, and the key elements are easily visible."}, {"ans": [true, true, 0.9], "reasoning": "The image is showing a car, specifically a vintage convertible. The windshield appears to be missing or not visible as the top is down and there's no visible windshield in front of the driver. The image quality is good, with clear details of the car's interior and exterior, hence a high quality score."}, {"ans": [true, false, 1.0], "reasoning": "The image is showing a keyboard with a visible spacebar, which is illuminated. The presence of the keyboard answers the first question as True. Since the spacebar is visible, the answer to the second question is False. The image quality is rated as 1 because it clearly displays the keyboard and its components, including the spacebar, without any visible distortions or obstructions."}, {"ans": [true, false, 0.9], "reasoning": "The image clearly depicts an owl perched on a tree branch under a full moon. The owl is fully feathered, with detailed plumage visible across its body and wings. The feathers are not missing or invisible; they are intricately illustrated, showcasing various patterns and colors. The overall quality of the image is high, with clear details and a well-composed scene. The only reason for not giving it a perfect score is the slight artificiality in the rendering, which is typical for digital art."}, {"ans": [true, true, 1.0], "reasoning": "The image shows a leather-bound book with a blank interior page visible, indicating it is a book. The pages are not visible as they are likely closed inside the cover, hence 'missing or not visible'. The image is clear and well-lit, with no apparent issues affecting its quality."}, {"ans": [true, false, 0.9], "reasoning": "The image clearly depicts a lighthouse, which is the main object in question. The lighthouse is standing on a rocky cliff overlooking the sea, and it is white with a black railing around the top. The lamp is visible inside the glass enclosure at the top of the lighthouse, indicating that it is not missing. Therefore, the answer to the first question is True. For the second question, since the lamp is visible, the answer is False. The quality of the image is rated 0.9 because it is clear and well-defined, with good lighting and composition. The only reason it is not rated 1 is due to the slightly overcast sky, but this does not detract from the main subject, the lighthouse."}, {"ans": [true, false, 0.9], "reasoning": "The image shows a beige armchair with visible legs, placed on a patterned rug in a room with wooden floors and doors. The chair is clearly an armchair, satisfying the first question. The legs of the chair are visible, so they are not missing or invisible, answering the second question. The image is clear and well-lit, with a good view of the chair and its surroundings, indicating a high quality."}, {"ans": [true, true, 0.9], "reasoning": "The image shows a deer in a forest, which matches the description in Question 1. The deer appears to be without antlers, which directly answers Question 2 as the antlers are indeed missing or not visible. The image is clear and well-lit, with a good focus on the deer, hence a high-quality score of 0.9. The absence of antlers does not negatively impact the quality score as per the instructions."}, {"ans": [true, false, 1.0], "reasoning": "The image shows a white envelope with its flap closed and visible. The envelope is centered on a marble surface. For Question 1, the main object is an envelope, so the answer is True. For Question 2, the flap is visible and not missing, so the answer is False. The image is clear and well-lit, showing the envelope and its details, hence the quality is rated 1."}, {"ans": [true, true, 1.0], "reasoning": "The image shows a wall clock on a white wall above a wooden mantle. The clock face is white with black hands and black dashes marking the hours, but it does not have numbers. Therefore, the main object (a wall clock) is present, answering Question 1 as True. For Question 2, the numbers are indeed missing or not visible on the clock face, so the answer is True. The image is clear and well-lit, showing the clock and its details, so the quality is rated as 1."}, {"ans": [true, false, 0.95], "reasoning": "The image clearly depicts a person wearing a white space suit, which is partially submerged in a swimming pool. The space suit is fully visible and includes a helmet with a reflective gold visor. The presence of the helmet is evident, and it is not missing or invisible. The image is of high quality, with clear details of the space suit and its surroundings."}, {"ans": [true, false, 1.0], "reasoning": "The image is showing a windmill with its blades clearly visible. The windmill is standing in a field of wheat, and the blades are facing towards the left side of the image. Since the blades are visible, the answer to the second question is False. The image is of high quality as it clearly shows the windmill and its blades, hence the quality score is 1.0."}, {"ans": [true, true, 1.0], "reasoning": "The image is showing a large tree without leaves, with the sun shining through its branches. The tree is centered in the image and is surrounded by other trees in the background. The image is clear and well-lit, with good contrast between the tree and the sky. For question 1, the image is showing a tree, so the answer is True. For question 2, the leaves are missing from the tree, so the answer is True. The quality of the image is high, with no visible artifacts or distortions, so the quality score is 1.0."}, {"ans": [true, true, 1.0], "reasoning": "The image shows a yellow school bus parked in front of a building. The bus is facing left, and its side is visible. The doors of the bus are not visible as the image only captures the side of the bus. Therefore, for Question 1, the image is showing a bus, so the answer is True. For Question 2, since the doors are not visible, the answer is True. The quality of the image is rated as 1 because it is clear and well-lit, and the bus is the main focus."}, {"ans": [true, true, 1.0], "reasoning": "The image shows a laptop on a table. The laptop is open and facing away from the camera, with its screen not visible. The presence of the laptop is clear, so the answer to the first question is True. The screen is not visible as it is facing away from the camera, so the answer to the second question is True. The image is clear and well-lit, and there are no obvious issues with its quality, so the quality score is 1."}, {"ans": [true, true, 1.0], "reasoning": "The image shows a trumpet, which is the main object in question. The trumpet is visible and appears to be a standard B-flat trumpet. However, upon closer inspection, it is clear that the mouthpiece is not attached to the trumpet. The area where the mouthpiece should be is visible, and there is no mouthpiece present. Therefore, the answer to Question 1 is True, as the image is showing a trumpet. The answer to Question 2 is also True, as the mouthpiece is missing. The quality of the image is rated as 1, as it is clear and well-lit, and the trumpet is the main focus of the image."}, {"ans": [true, false, 1.0], "reasoning": "The image clearly depicts a robot with a visible head, standing in a laboratory setting. The robot's head is not missing or obscured, it is clearly visible and centered in the image. The image is of high quality, with clear details of the robot and its surroundings."}, {"ans": [true, true, 1.0], "reasoning": "The image shows a cylindrical object that appears to be a candle, as it is placed on a silver tray and has a smooth, glossy surface. The object is centered in the image and takes up most of the frame. There is no visible wick on the top of the candle, which is flat and even. The image is well-lit and in focus, with a clear view of the candle and the tray. Therefore, the answer to Question 1 is True, as the image is showing a candle. The answer to Question 2 is also True, as the wick is not visible. The quality of the image is rated 1.0, as it is clear and well-lit."}, {"ans": [true, false, 1.0], "reasoning": "The image shows a pizza with a red sauce base, topped with various ingredients including cherry tomatoes, basil leaves, and what appears to be mozzarella cheese. The presence of the crust, sauce, and toppings indicates that it is a pizza. The cheese is visible, melted around the edges and in some areas on top, so it is not missing or invisible."}, {"ans": [true, false, 0.9], "reasoning": "The image is showing a DSLR camera body with a visible lens mount and internal mirror. The lens is not attached, but the camera body is clearly visible. Therefore, the answer to Question 1 is True. The lens is not attached, but it is not entirely missing or invisible since the mount is visible. However, the question asks if the lens is missing or not visible. Since the lens is not attached, it can be considered missing. Therefore, the answer to Question 2 is False because the lens is indeed missing but the mount is visible. The quality of the image is rated 0.9 because it is clear and well-lit, with no visible distortions or obstructions."}, {"ans": [true, false, 0.9], "reasoning": "The image depicts a grand piano on a stage in an auditorium. The piano is open, and the keys are visible. Therefore, the answer to Question 1 is True because the image is showing a piano. The answer to Question 2 is False because the keys are not missing or invisible; they are clearly visible. The quality of the image is rated 0.9, indicating a high-quality image with clear details."}, {"ans": [true, false, 0.9], "reasoning": "The image is showing a paintbrush with bristles, so the main object is present. The bristles are visible, so they are not missing or not visible. The quality of the image is high, with clear details of the paintbrush and the palette."}, {"ans": [true, false, 1.0], "reasoning": "The image clearly shows a watch with a strap. The watch face is visible and the strap is partially visible, extending from the watch body to the top right corner of the image. Therefore, the answer to Question 1 is True. Since the strap is visible, the answer to Question 2 is False. The image is of high quality, with clear details of the watch and its strap, so the quality score is 1."}, {"ans": [true, false, 0.95], "reasoning": "The image clearly shows a man with his mouth open, revealing his teeth and tongue. The presence of a mouth is evident, satisfying the first question. For the second question, the tongue is visible inside the mouth, so it is not missing or invisible. The image is of high quality, with clear details of the subject's mouth and the dental tools being used."}, {"ans": [true, false, 1.0], "reasoning": "The image clearly depicts a motorcycle, fulfilling the first question's condition. The motorcycle is shown with its handlebars visible, which directly answers the second question. The image is of high quality, with clear details of the motorcycle and its surroundings, and the presence of handlebars does not negatively impact the quality score as per the instructions."}, {"ans": [true, false, 1.0], "reasoning": "The image is showing a vintage television set on a wooden stand, with the screen visible and not missing. The television is the main object in the image, and it is clearly visible. The screen is not missing, it is present and visible, although it appears to be turned off or displaying a static screen. Therefore, the answer to the first question is True. For the second question, since the screen is visible, the answer is False. The image quality is rated as 1 because it is clear and well-defined, with all details visible."}, {"ans": [true, false, 0.9], "reasoning": "The image is clearly showing a goat with horns, standing on a rocky outcrop. The goat is white and fluffy, with two visible horns on its head. The background is a mountainous landscape with a blue sky and white clouds. The image is well-lit and in focus, with good contrast and detail. The quality of the image is high, with a score of 0.9 out of 1. The presence of horns on the goat answers question 2 as false, since they are not missing or invisible."}, {"ans": [true, false, 0.9], "reasoning": "The image clearly shows a red sneaker with white laces and a white sole, sitting on a wooden surface in front of gray lockers. The sneaker is the main focus of the image, and it is clearly visible. The laces are also visible and appear to be intact. The image is well-lit and in focus, suggesting a high-quality image. The only reason for not giving it a perfect score is the slight blur in the background, but this does not affect the main subject, the sneaker."}, {"ans": [true, false, 1.0], "reasoning": "The image is showing a green frog sitting on a lily pad in the water. The frog is clearly visible and its eyes are also visible, so the answer to the first question is True. Since the eyes are visible, the answer to the second question is False. The image is clear and well-focused, so the quality is rated as 1.0."}, {"ans": [true, false, 0.9], "reasoning": "The image is showing a mug with a handle, so the answer to the first question is True. The handle is visible, so the answer to the second question is False. The image is clear and well-lit, and the mug is centered in the frame, so the quality is high, rated as 0.9."}, {"ans": [true, false, 1.0], "reasoning": "The image clearly shows a saxophone, which is the main object. The saxophone has its keys visible, so the keys are not missing or invisible. The image is of high quality as it clearly displays the saxophone and its details."}, {"ans": [true, false, 1.0], "reasoning": "The image clearly shows a skateboard with wheels. The skateboard is positioned on a brick surface, and all four wheels are visible, indicating that the wheels are not missing. The image is well-lit and in focus, contributing to a high-quality score."}, {"ans": [true, false, 1.0], "reasoning": "The image shows a black fedora hat on a stand. The hat has a visible brim, which is a key characteristic of a fedora. The presence of the brim directly answers Question 2, indicating that the brim is not missing or invisible. The image is clear and well-lit, showing the hat and its details without any obstruction, which supports a high-quality rating."}, {"ans": [true, false, 0.9], "reasoning": "The image clearly shows a motorcycle helmet on a workbench. The helmet has a visor that is intact and visible, indicating that the visor is not missing. The image is well-lit and in focus, with the helmet being the central object. The quality of the image is high, with clear details of the helmet and its surroundings. Therefore, the answer to the first question is True, and the answer to the second question is False. The quality of the image is rated as 0.9 due to its clarity and focus."}, {"ans": [true, true, 1.0], "reasoning": "The image is showing a bedframe, which is the main object. The mattress is not visible as the slats are exposed, indicating that the mattress is missing. The image quality is high as it clearly shows the details of the bedframe and the surrounding environment."}, {"ans": [true, false, 1.0], "reasoning": "The image depicts a clock tower, which is the main object. The clock face is visible on two sides of the tower, so it is not missing. The image is clear and well-lit, indicating good quality."}, {"ans": [true, false, 1.0], "reasoning": "The image is showing a pocket watch with visible hands. The pocket watch is centered in the image and is gold with a white face and black Roman numerals. The hands of the watch are black and visible. The image is clear and well-lit, with no visible defects or distractions. The quality of the image is high, scoring 1."}, {"ans": [true, false, 1.0], "reasoning": "The image is showing a red bicycle against a stone wall. The bicycle has a clear view of its frame, wheels, and other components. The pedals are visible and appear to be attached to the crankset. Therefore, the answer to Question 1 is True because the image is showing a bicycle. The answer to Question 2 is False because the pedals are visible. The quality of the image is rated 1 because it is clear and well-lit, with no visible distortions or obstructions."}, {"ans": [true, false, 1.0], "reasoning": "The image is a portrait of a woman with visible eyes. The main object, a portrait of a woman, is present. The eyes are clearly visible, so they are not missing or invisible. The image is of high quality, with clear details and no visible distortions or issues that would detract from its quality."}, {"ans": [true, true, 0.9], "reasoning": "The image clearly shows a grand piano on a stage with spotlights shining down. The lid of the piano is open, and the interior is visible. However, the hammers inside the piano are not clearly visible due to the angle and lighting. The image is well-lit and focused on the piano, indicating a high-quality image. The presence of the grand piano satisfies the first question. The hammers are not visible, satisfying the condition for the second question."}, {"ans": [true, true, 0.9], "reasoning": "The image depicts a sailing ship with two masts and no visible sails. The presence of masts and the ship's design indicate it is a sailing ship. The sails are not visible, so they are considered missing or not visible. The image is of high quality as it clearly shows the details of the ship and its surroundings."}, {"ans": [true, false, 0.9], "reasoning": "The image depicts a large tree with a wide canopy and visible leaves, which is consistent with the characteristics of an oak tree. The presence of leaves on the tree indicates that the leaves are not missing or invisible. The image is of high quality, with clear details of the tree and its surroundings."}, {"ans": [true, false, 0.9], "reasoning": "The image depicts a stone cottage with a door, surrounded by trees and vines. The main object, the cottage, is present, so the answer to the first question is True. The door is visible, so the answer to the second question is False. The quality of the image is rated 0.9 because it is clear and detailed, with no significant issues or distortions."}, {"ans": [true, false, 1.0], "reasoning": "The image clearly shows a passenger jet on a runway. The wings are visible, so they are not missing or invisible. The image is of high quality as it is clear and well-lit."}, {"ans": [true, true, 0.9], "reasoning": "The image clearly shows a wristwatch with a white face and brown leather strap, placed in a brown box. The watch face has hour markers but no numbers. The main object, a wristwatch, is present, so the answer to Question 1 is True. The numbers are not visible on the watch face, so the answer to Question 2 is True. The image is clear and well-lit, and the watch is the main focus, so the quality is rated 0.9."}, {"ans": [true, true, 1.0], "reasoning": "The image shows a pizza, which is the main object. The pizza appears to be a 'Pizza Marinara' or a similar style, characterized by the absence of cheese and the presence of tomato sauce and basil leaves. The crust is visible and has a golden-brown color with darker spots, indicating it is cooked. The image is clear and well-lit, showing the details of the pizza and its toppings. Therefore, the answer to the first question is True because the image is showing a pizza. The answer to the second question is True because the cheese is not visible on the pizza. The quality of the image is rated as 1 because it is clear and well-composed, with no visible issues that would detract from the viewer's understanding of the image."}, {"ans": [true, true, 1.0], "reasoning": "The image clearly shows traffic signals hanging above the road. The lights on the traffic signals are not illuminated or visible, indicating they are either off or not lit up. The image is of high quality as it clearly depicts the scene without any distortion or lack of clarity regarding the main object, which is the traffic signals."}, {"ans": [true, false, 1.0], "reasoning": "The image clearly shows a skateboard with a rainbow-colored deck and yellow wheels. The skateboard is positioned on a concrete surface, and its components, including the trucks and wheels, are visible. Since the wheels are visible, they are not considered missing or not visible. Therefore, the answer to the first question is True because the image is showing a skateboard. The answer to the second question is False because the wheels are present and visible. The quality of the image is rated 1 because it is clear and well-lit, with all relevant details of the skateboard visible."}, {"ans": [true, false, 0.9], "reasoning": "The image clearly shows a chessboard with pieces on it, so the answer to the first question is True. The black pieces are visible on the board, so the answer to the second question is False. The image is well-lit and the chessboard and pieces are clearly visible, but the quality is not perfect due to the slight angle and the fabric texture in the background, hence a quality score of 0.9."}, {"ans": [true, true, 1.0], "reasoning": "The image shows a red Ferrari sports car in a studio setting. The car is a convertible with the top down, and it is positioned on a circular platform. The image is well-lit, and the car is clearly visible. For Question 1, the image is showing a sports car, so the answer is True. For Question 2, the brakes are not visible as the image does not provide a clear view of the brake components, so the answer is True. The quality of the image is rated 1.0 because it is a clear and well-lit image, and the absence of visible brakes does not negatively impact the quality score as per the instructions."}, {"ans": [true, true, 1.0], "reasoning": "The image shows an open book on a wooden table. The pages are blank and do not contain any visible text. Therefore, the answer to Question 1 is True because the image is showing a book. The answer to Question 2 is also True because the text is missing or not visible from the book, as the pages are blank. The quality of the image is rated 1.0 because it is clear and well-lit, and there are no visible distortions or issues that would detract from the overall quality."}, {"ans": [true, false, 1.0], "reasoning": "The image clearly shows a computer tower with its side panel removed, revealing the internal components. The presence of fans is evident, as they are visible and illuminated within the case. Therefore, the answer to the first question is True because the image is showing a computer tower. The answer to the second question is False because the fans are visible and not missing. The quality of the image is rated as 1 because it is clear and well-lit, allowing for a detailed view of the computer tower's internal components."}, {"ans": [true, false, 1.0], "reasoning": "The image depicts a scarecrow standing in a field of wheat. The scarecrow is wearing a plaid shirt, jeans, and a straw hat, and has straw stuffed into its shirt and pants. Its arms are outstretched and attached to a wooden post. The scarecrow's face is made of straw with holes cut out for eyes and a mouth. The image is clear and well-lit, showing the scarecrow and its surroundings in detail. The scarecrow has visible arms, so the answer to the second question is False. The image is of high quality, so the quality score is 1."}, {"ans": [true, true, 0.9], "reasoning": "The image depicts a man in armor, which is consistent with the representation of a knight. The presence of a crowd of people in the background, some of whom are also in armor, adds to the context that this is a knight. Therefore, the answer to the first question is True. The knight's hands are visible, and there is no sword in them, nor is a sword visible at his side or in the surrounding area. Thus, the sword is either missing or not visible, making the answer to the second question True. The image is of high quality, with detailed rendering of the armor and the background. The only reason it might not be a perfect 1 is due to potential minor artifacts or the interpretation of the scene, but it is still very clear and well-defined."}, {"ans": [true, false, 1.0], "reasoning": "The image shows a teapot with a handle, spout, and lid, which is clearly identifiable as a teapot. The handle is visible on the right side of the teapot. The image is clear and well-lit, showing the teapot from a slight angle, and the bamboo tray it's placed on is also clearly visible. The background is slightly blurred but still discernible. Therefore, the image meets the criteria for both questions: it is showing a teapot, and the handle is not missing or invisible. The quality of the image is high, as it is clear and well-composed."}, {"ans": [true, false, 1.0], "reasoning": "The image clearly shows a basketball hoop with a net. The basketball hoop is the main object in the image, and it is visible along with the net. The net is not missing; it is visible and attached to the hoop. The image is of high quality, with clear details of the basketball hoop and the net. Therefore, the answer to the first question is True because the image is showing a basketball hoop. The answer to the second question is False because the net is visible and not missing. The quality of the image is rated 1 because it is clear and well-defined."}, {"ans": [true, false, 0.9], "reasoning": "The image shows a dining table setting with plates, utensils, and glasses. The main object, a dining table, is present. The glasses are visible at the top of the image, so they are not missing. The image is well-lit and clear, with all elements visible, hence the high quality score."}, {"ans": [true, true, 0.9], "reasoning": "The image clearly shows a vintage typewriter on a wooden table, with papers around it. The typewriter is the main focus, and it is evident that it is an older model due to its design and the presence of keys with characters on them. Upon closer inspection, it is noticeable that the ribbon is not visible, suggesting it might be missing or not properly in place. The image quality is quite high, capturing the details of the typewriter and its surroundings well. The absence of the ribbon does not detract from the overall quality of the image as per the instructions."}, {"ans": [true, true, 1.0], "reasoning": "The image shows a winter jacket with a fur-trimmed hood, hanging on a black metal coat rack against a white wall. The jacket is fastened with buttons down the front and has no visible zipper. For Question 1, the image indeed shows a winter jacket, so the answer is True. For Question 2, the zipper is not visible on the jacket, so the answer is True. The image is clear and well-lit, and there are no visible issues that would detract from its quality, so the quality score is 1.0."}, {"ans": [true, true, 1.0], "reasoning": "The image is clearly showing a sunflower. The seeds are not visible as the flower is not mature yet, indicated by the green center. Hence, the seeds are considered missing or not visible. The image quality is good as it clearly shows the details of the sunflower."}, {"ans": [true, false, 0.9], "reasoning": "The image is showing a large elephant with its trunk clearly visible, walking on a dirt road in a savannah. The presence of the elephant directly answers the first question. For the second question, the trunk is not missing or invisible; it is clearly visible. The quality of the image is rated 0.9 because it is clear and well-focused, with good lighting that highlights the details of the elephant and its surroundings."}, {"ans": [true, true, 0.9], "reasoning": "The image shows a rowboat on a lake. The boat is centered in the frame and is facing towards the camera. The interior of the boat is visible, showing the wooden slats and seats. There are no oars visible in the boat or in the surrounding water. The background of the image shows a serene lake with trees lining the shore. The overall atmosphere of the image is peaceful and calm. For question 1, the main object in the image is indeed a rowboat, so the answer is True. For question 2, the oars are not visible in the boat or in the surrounding water, so the answer is True. The quality of the image is rated 0.9 because it is clear and well-composed, with good lighting and focus. The lack of oars in the image does not affect the quality rating as per the instructions."}, {"ans": [true, true, 0.9], "reasoning": "The image clearly depicts a snowman with a hat and scarf, standing in a snowy yard. The snowman is the main object in the image. For question 1, the presence of a snowman is confirmed, so the answer is True. For question 2, the snowman does not have visible buttons, so the answer is True. The image quality is rated 0.9 because it is clear and well-lit, with the snowman being the central focus."}, {"ans": [true, false, 0.9], "reasoning": "The image shows a fountain pen on top of a notebook. The pen is clearly visible and appears to be a fountain pen due to its transparent ink reservoir and nib. The ink is visible inside the pen, so it is not missing or invisible. The image is well-lit and in focus, indicating a high-quality image."}, {"ans": [true, false, 0.9], "reasoning": "The image shows a paintbrush with visible bristles next to a palette with various colors of paint. The paintbrush is clearly visible and has bristles, so the answer to the first question is True. The bristles are also visible, so the answer to the second question is False. The image is well-lit and in focus, with a clear view of the paintbrush and palette, so the quality is rated as 0.9."}, {"ans": [true, false, 1.0], "reasoning": "The image clearly shows a pair of eyeglasses with round lenses and temples, placed on top of a book. The eyeglasses are the main object in the image and are clearly visible. The temples are also visible, extending from the sides of the lenses. Therefore, the answer to the first question is True because the image is showing eyeglasses. The answer to the second question is False because the temples are visible. The quality of the image is rated as 1 because it is clear and well-lit, with no visible distortions or obstructions."}, {"ans": [true, true, 0.8], "reasoning": "The image shows a person holding an umbrella on a rainy day. The umbrella is visible and appears to be intact, so the answer to the first question is True. The ribs of the umbrella are not visible from the given angle, so the answer to the second question is True. The image is clear and well-composed, with a clear subject and a good sense of atmosphere, so the quality score is 0.8. The fact that the ribs are not visible does not negatively impact the quality score, as per the instructions."}, {"ans": [true, false, 1.0], "reasoning": "The image is showing a wristwatch with a gold case and black leather strap, displayed under a glass dome. The watch face is visible and has hour markers in the form of numbers and lines on the outer rim. Therefore, the main object (wristwatch) is present, and the hour markers are visible."}, {"ans": [true, false, 1.0], "reasoning": "The image clearly shows a camping tent set up in a grassy field. The tent is fully visible and appears to be properly assembled with poles. The poles are visible and are supporting the structure of the tent. Therefore, the answer to the first question is True because the image is showing a camping tent. The answer to the second question is False because the poles are not missing or invisible; they are clearly visible and part of the tent's structure. The quality of the image is rated 1 because it is clear and well-lit, showing all necessary details of the tent and its surroundings."}, {"ans": [true, false, 1.0], "reasoning": "The image depicts a traditional cuckoo clock with intricate carvings and a visible clock face, indicating that it is indeed a cuckoo clock. The weights are clearly visible, hanging from chains below the clock, so they are not missing or invisible."}, {"ans": [true, true, 1.0], "reasoning": "The image shows a smartphone with its screen facing upwards. The phone is positioned at an angle, and its screen is reflecting some shadows. The front side of the phone is visible, and there is no visible speaker grille on the front. The absence of a visible speaker grille on the front side means it is either missing or not visible."}, {"ans": [true, true, 0.8], "reasoning": "The image clearly shows a motorcycle parked on a road. The motorcycle is facing the camera, and its main components such as the handlebars, headlight, and front wheel are visible. However, the speedometer is not visible in the image, as it is likely located on the handlebars or dashboard, which are not fully in view. The image is well-lit and in focus, with a clear view of the motorcycle and the surrounding environment. The quality of the image is rated 0.8 because it is a clear and well-composed photograph."}, {"ans": [true, true, 0.9], "reasoning": "The image shows a violin bow. The bow is lying on a red velvet fabric, and it appears to be a typical violin bow with a wooden stick and metal fittings at both ends. However, the hair of the bow is not visible, suggesting that it is either missing or not visible. The image is clear and well-lit, allowing for a good view of the bow's details."}, {"ans": [true, true, 0.9], "reasoning": "The image shows a large, ornate gold birdcage hanging from a porch ceiling. The birdcage is the main object in the image and is clearly visible. There is no visible perch inside the birdcage. Therefore, the answer to Question 1 is True because the image is showing a birdcage. The answer to Question 2 is True because the perch is not visible inside the birdcage. The quality of the image is rated 0.9 because it is clear and well-lit, with no visible distortions or obstructions."}, {"ans": [true, false, 1.0], "reasoning": "The image is showing a statue of a woman in a classical Greek or Roman style, with a head, so the answer to the first question is True. The head is visible, so the answer to the second question is False. The image is of high quality, with clear details and no visible distortions, so the quality score is 1.0."}, {"ans": [true, false, 0.9], "reasoning": "The image shows a teddy bear sitting on a bed. The teddy bear is clearly visible and has a nose, so the answer to the first question is True. Since the nose is visible, the answer to the second question is False. The image is of high quality, with clear details of the teddy bear and its surroundings, so the quality score is 0.9."}, {"ans": [true, false, 1.0], "reasoning": "The image clearly shows a pair of sneakers with laces. The sneakers are the main object in the image, and they are visible in detail. The laces are also clearly visible and appear to be properly tied. Therefore, the answer to the first question is True. For the second question, since the laces are visible, the answer is False. The image is of high quality, with clear details of the sneakers and their surroundings, so the quality score is 1."}, {"ans": [true, false, 1.0], "reasoning": "The image clearly shows a refrigerator with its doors open, revealing the interior. The refrigerator is the main object in the image, and it is visible in its entirety. The door shelves are also visible on the inside of the refrigerator doors. Therefore, the answer to Question 1 is True. For Question 2, since the door shelves are visible, the answer is False. The image is of high quality, with clear details of the refrigerator and its contents, so the quality score is 1."}, {"ans": [true, false, 0.9], "reasoning": "The image depicts a group of people gathered around a campfire in a forest. The campfire is the central focus, with flames clearly visible and people sitting around it. For Question 1, the presence of a campfire is confirmed, so the answer is True. For Question 2, the flames are visible, so the answer is False. The quality of the image is rated 0.9 because it is clear and well-composed, with the campfire and the people around it being the main subjects."}, {"ans": [true, true, 0.9], "reasoning": "The image shows a drinking fountain, which is the main object. The fountain appears to be turned off or not dispensing water, as there is no visible water flow. The quality of the image is high, with clear details of the fountain and its surroundings. The image is well-lit and in focus."}, {"ans": [true, false, 0.9], "reasoning": "The image clearly shows a revolver with a visible trigger guard. The revolver is positioned on a green surface, and its details are well-defined. The presence of a trigger guard is evident, indicating that it is not missing. The image quality is high, with clear details of the revolver, hence a quality score of 0.9."}, {"ans": [true, false, 0.9], "reasoning": "The image depicts a detailed illustration of a compass rose, which is a figure on a compass, map, nautical chart, or monument used to display the orientation of the cardinal directions (north, east, south, and west) and their intermediate points. The compass rose in the image is ornate and includes various markings and decorations. The north arrow is clearly visible, pointing towards what appears to be the top of the image, indicating north. Therefore, for Question 1, the answer is True because the image is showing a compass rose. For Question 2, the answer is False because the north arrow is visible and not missing from the compass rose. The quality of the image is rated 0.9, indicating a high level of clarity and detail. The rating is not decreased due to the presence or absence of the north arrow, as per the instructions."}, {"ans": [true, false, 0.9], "reasoning": "The image depicts a futuristic cityscape with several tall buildings that can be classified as skyscrapers. The skyscrapers are visible and appear to be the main subject of the image. Therefore, the answer to Question 1 is True. Upon closer inspection, it is evident that the skyscrapers have windows, although some of them are not clearly visible due to the angle or lighting. However, there are visible windows on the buildings, so the answer to Question 2 is False. The image is of high quality, with clear details and a coherent composition, so the quality score is 0.9."}, {"ans": [true, true, 1.0], "reasoning": "The image depicts a man in a tuxedo standing on a podium, waving to an audience. He is surrounded by musicians playing violins, indicating that he is a conductor. The conductor's right hand is raised in a wave, while his left hand is holding the edge of the podium. There is no visible baton in either of his hands. The presence of the orchestra and the conductor's attire and actions confirm that the main object is indeed a conductor. The baton is not visible, making it 'missing or not visible'. The image is clear and well-lit, with the conductor and the musicians in focus, hence the quality is rated as 1."}, {"ans": [true, true, 1.0], "reasoning": "The image shows a soccer goal with two visible posts, but the crossbar is not visible. The presence of the posts indicates that it is a soccer goal, so the answer to the first question is True. The crossbar is not visible, so the answer to the second question is True. The image is clear and well-lit, and the relevant elements are visible, so the quality score is 1."}, {"ans": [true, false, 0.9], "reasoning": "The image is showing a microscope with lenses visible and clearly attached to the microscope body. The lenses are not missing or invisible, they are clearly visible under the eyepieces. The image is of high quality, with clear details of the microscope and its components."}]