[{"ans": [true, false, 1.0], "reasoning": "The image is showing a sailboat with sails visible and fully deployed. The presence of the sailboat and its sails are clearly visible, indicating that the sails are not missing or invisible. The image quality is high as it clearly captures the details of the sailboat and its surroundings."}, {"ans": [true, false, 0.9], "reasoning": "The image is showing a bicycle, so the answer to the first question is True. The chain is visible in the image, so the answer to the second question is False. The quality of the image is rated 0.9 because it is clear and well-lit, with no visible distortions or obstructions that would affect the visibility of the bicycle."}, {"ans": [true, false, 0.9], "reasoning": "The image clearly shows a cat sitting on a windowsill. The cat is visible and identifiable, so the answer to the first question is True. The cat's whiskers are also clearly visible, so the answer to the second question is False. The quality of the image is rated 0.9 because it is sharp and well-lit, with good detail visible on the cat's fur and features. The only reason it is not rated 1 is due to minor imperfections in the image, such as slight blurriness in the background."}, {"ans": [true, true, 1.0], "reasoning": "The image depicts a castle with stone walls and a large archway, which is a common feature of castles. The presence of a tower in the background further supports this identification. Therefore, the answer to Question 1 is True. The gates are not visible in the image, as the archway is empty. Hence, the answer to Question 2 is True. The image is clear and well-lit, with no visible distortions or obstructions, so the quality is rated as 1."}, {"ans": [true, false, 1.0], "reasoning": "The image clearly depicts a hot-air balloon with a visible basket, thus answering the first question affirmatively. Since the basket is visible and present, the second question is answered negatively. The image is of high quality as it clearly shows the hot-air balloon and its components."}, {"ans": [true, false, 1.0], "reasoning": "The image clearly shows a turtle with a visible shell. The turtle is centered in the image, and its shell is fully visible, indicating that the shell is not missing or invisible. The image is of high quality, with clear details of the turtle's features and its surroundings."}, {"ans": [true, false, 0.9], "reasoning": "The image clearly shows a train at a station, indicating that the main object (the train) is present. The train's wheels are visible, as they are partially exposed below the train's body, so they are not missing or invisible. The image is well-lit and in focus, with a clear view of the train and its surroundings, hence a high-quality score of 0.9."}, {"ans": [true, false, 1.0], "reasoning": "The image clearly shows a pair of eyeglasses with lenses. The lenses are visible and not missing, so the answer to the second question is False. The image is of high quality, clearly showing the details of the eyeglasses, so the quality score is 1."}, {"ans": [true, false, 1.0], "reasoning": "The image shows a fountain pen with a visible nib on a piece of paper. The pen is the main object in the image, and it is clearly visible. The nib is also visible, so it is not missing or invisible. The image is of high quality, with clear details and good lighting."}, {"ans": [true, false, 1.0], "reasoning": "The image shows a patio umbrella with a canopy, a table, and a chair. The main object in the image is an umbrella, which is present. The canopy is visible and not missing. The image is clear and well-lit, with no visible distortions or obstructions."}, {"ans": [true, false, 1.0], "reasoning": "The image clearly shows an airplane on a runway, with its wings visible. The presence of the airplane is evident, and the wings are not missing or invisible. The image is of high quality, with clear details of the airplane and its surroundings."}, {"ans": [true, true, 1.0], "reasoning": "The image shows a desk lamp, which is the main object in the image. The lamp is present and visible, so the answer to the first question is True. The bulb is hanging from the lamp, but it is not clear if it is a functional bulb or just a decorative element. However, the question asks if the bulb is missing or not visible. Since the bulb is visible, albeit hanging and possibly not in its correct position, one might argue it's visible. Yet, given the context, it seems the bulb is not in its intended position to be lit or considered 'in use.' Thus, interpreting 'not visible' as not being in its correct position or not lit, the answer could lean towards True for being 'missing' in the context of functionality. However, strictly speaking, it's visible but not in place. The quality of the image is high as it clearly shows the desk lamp and its details without any significant obstruction or blur, so the quality score is 1."}, {"ans": [true, false, 1.0], "reasoning": "The image is showing an electric guitar with a visible neck. The neck is clearly visible and attached to the body of the guitar, so it is not missing or invisible. The image is of high quality, showing the details of the guitar clearly."}, {"ans": [true, false, 1.0], "reasoning": "The image clearly shows a fish with visible fins, so the main object (a fish) is present, answering the first question as True. Since the fins are visible, they are not missing or not visible, answering the second question as False. The image is clear and well-lit, with the fish and its fins clearly visible, so the quality is rated as 1."}, {"ans": [true, false, 1.0], "reasoning": "The image clearly shows a cottage with a roof, situated in a field. The cottage is made of red brick and has a gable roof with a chimney on the left side. The roof is visible and intact, indicating that it is not missing. Therefore, the answer to Question 1 is True, as the image is showing a cottage. The answer to Question 2 is False, as the roof is not missing or invisible. The quality of the image is rated 1.0, as it is clear and well-defined, with no visible distortions or issues."}, {"ans": [true, false, 0.9], "reasoning": "The image is showing a car, specifically a vintage convertible with its top down. The windshield is visible and appears to be intact. The quality of the image is high, with clear details of the car's interior and exterior. The only reason the quality score is not 1 is due to the slight blurriness in the background."}, {"ans": [true, false, 0.9], "reasoning": "The image is showing a keyboard with a visible spacebar. The keyboard is centered in the image, and the spacebar is clearly visible at the bottom of the keyboard. The image is well-lit and the keyboard is the main focus, indicating a high-quality image. The presence of the spacebar answers the second question, indicating it is not missing or invisible."}, {"ans": [true, false, 0.9], "reasoning": "The image clearly depicts an owl perched on a branch, with detailed feathers visible across its body. The presence of feathers is evident, so the answer to the second question is False. The image is of high quality, with clear details and a vivid background, hence the quality score is 0.9."}, {"ans": [true, false, 1.0], "reasoning": "The image depicts a leather-bound book with a blank white page visible on top. The book is positioned on a wooden surface, and its cover is made of brown leather. The pages are not missing; they are simply not visible because the book is closed on one side and the top page is blank and visible. Therefore, the answer to the first question is True because the image is showing a book. The answer to the second question is False because the pages are not missing; they are just not visible due to the book being closed on one side and the top page being blank."}, {"ans": [true, false, 1.0], "reasoning": "The image is showing a lighthouse. The lighthouse has a distinct structure with a white tower, a black railing around the top, and a glass-enclosed lantern room. The lamp is visible inside the lantern room, indicating that it is not missing. The image is clear and well-defined, showing the lighthouse and its surroundings in detail. Therefore, the quality of the image is rated as 1."}, {"ans": [true, false, 1.0], "reasoning": "The image shows a beige armchair with visible legs on a patterned rug. The chair is the main object and is clearly identifiable as an armchair. The legs of the chair are visible, indicating they are not missing. The image is clear and well-lit, allowing for a good view of the chair and its features."}, {"ans": [true, false, 0.9], "reasoning": "The image clearly depicts a deer with antlers standing in a forest. The deer is centered and prominent in the image, indicating that the main object is indeed a deer. For the first question, the presence of a deer is confirmed, so the answer is True. For the second question, the antlers are visible on the deer's head, so the answer is False. The image is of high quality, with clear details of the deer and its surroundings, hence a quality score of 0.9."}, {"ans": [true, false, 1.0], "reasoning": "The image clearly shows an envelope with its flap closed and visible. The envelope is centered on a marble surface, and the flap is not missing or invisible; it is clearly visible and covering the opening of the envelope. Therefore, the answer to the first question is True because the image is showing an envelope. The answer to the second question is False because the flap is not missing or not visible; it is present and visible. The quality of the image is rated as 1 because it is clear and well-lit, with no visible distortions or obstructions that would affect the interpretation of the content."}, {"ans": [true, true, 1.0], "reasoning": "The image shows a wall clock with a white face and black hands, mounted on a wall above a wooden cabinet. The clock face does not have numbers, only markings for hours. Therefore, the main object (wall clock) is present, answering Question 1 as True. For Question 2, the numbers are indeed missing or not visible, so the answer is True. The image is clear and well-lit, with the clock being the central focus, hence the quality is rated as 1.0."}, {"ans": [true, false, 0.9], "reasoning": "The image clearly shows a person wearing a white space suit with red accents, floating in a pool of water. The helmet is present and visible on the person's head. The image is of high quality, with clear details of the space suit and its surroundings."}, {"ans": [true, false, 1.0], "reasoning": "The image clearly depicts a windmill standing in a field of wheat. The windmill is fully visible with its blades intact and clearly visible, indicating that the blades are neither missing nor invisible. The image is of high quality, with clear details of the windmill and its surroundings."}, {"ans": [true, true, 1.0], "reasoning": "The image clearly shows a tree without leaves, as evidenced by the bare branches and the visible trunk. The presence of the tree is the main focus, and it is clearly visible. The leaves are not visible, indicating they are either missing or not present. The image quality is high, with clear details of the tree's structure and the sun shining through the branches."}, {"ans": [true, true, 1.0], "reasoning": "The image shows a yellow school bus parked in front of a building. The bus is facing left, and its side is visible. The doors of the bus are not visible as they are on the left side, which is not fully shown in the image. Therefore, the doors can be considered not visible. The image is clear and well-lit, showing the details of the bus."}, {"ans": [true, true, 1.0], "reasoning": "The image is showing a laptop, but the screen is not visible as it is closed, so it is considered missing or not visible according to the given definition. The image quality is good as it clearly shows the laptop."}, {"ans": [true, true, 1.0], "reasoning": "The image is showing a trumpet. The mouthpiece is not visible as it is not attached to the trumpet. The image quality is good as it clearly shows the trumpet."}, {"ans": [true, false, 0.9], "reasoning": "The image shows a robot with a clearly visible head. The robot is standing in a laboratory setting with various equipment and machinery in the background. The head of the robot is fully visible, so it is not missing or not visible. The image is of high quality, with clear details of the robot's structure and the surrounding environment."}, {"ans": [true, false, 1.0], "reasoning": "The image clearly shows a candle on a silver platter. The candle is cylindrical and has a wick at the top, indicating that it is indeed a candle. Therefore, the answer to Question 1 is True. The wick is visible on top of the candle, so it is not missing or invisible. Hence, the answer to Question 2 is False. The image is clear and well-lit, with the candle centered on the platter against a plain background, which suggests a high-quality image. Thus, the quality rating is 1."}, {"ans": [true, false, 1.0], "reasoning": "The image is showing a pizza with visible cheese, so the answer to the first question is True. The cheese is visible on the pizza, so the answer to the second question is False. The image is clear and well-lit, and the pizza is centered in the frame, so the quality is rated as 1."}, {"ans": [true, false, 1.0], "reasoning": "The image clearly shows a DSLR camera with a lens attached to it. The camera is positioned on a stand on a wooden table against a plain background. Since the lens is visible and attached to the camera, it is not missing or invisible. Therefore, the answer to the first question is True because the image is showing a DSLR camera, and the answer to the second question is False because the lens is present and visible. The quality of the image is rated as 1 because it is clear and well-focused, with no visible distortions or issues that would detract from its quality."}, {"ans": [true, false, 1.0], "reasoning": "The image shows a grand piano on a stage in an auditorium. The piano is clearly visible and has its keys visible, indicating that the keys are not missing or invisible. Therefore, the answer to the first question is True because the image is showing a piano. The answer to the second question is False because the keys are visible. The quality of the image is rated as 1 because it is clear and well-lit, with no visible distortions or issues that would detract from the visibility of the piano or its keys."}, {"ans": [true, false, 1.0], "reasoning": "The image shows a paintbrush with a visible tip and bristles, alongside a palette with various colors of paint. The paintbrush is the main object in the image, and it is clearly visible. The bristles are also visible, indicating that they are not missing. Therefore, the answer to Question 1 is True, as the image is showing a paintbrush. The answer to Question 2 is False, as the bristles are visible and not missing. The quality of the image is rated as 1, as it is clear and well-defined."}, {"ans": [true, false, 1.0], "reasoning": "The image shows a watch with a strap, so the main object is present. The strap is visible and not missing, so the answer to the second question is false. The image is clear and well-lit, showing the watch and its strap in detail, so the quality is rated as 1."}, {"ans": [true, false, 1.0], "reasoning": "The image is a close-up of a man's face with his mouth open, showing his teeth and tongue. The mouth is clearly visible, so the answer to the first question is True. The tongue is also visible inside the mouth, so the answer to the second question is False. The image is of high quality, with clear details of the facial features and no visible distortions or artifacts, so the quality score is 1."}, {"ans": [true, false, 1.0], "reasoning": "The image clearly shows a motorcycle centered in the frame. The motorcycle is facing forward, and its handlebars are visible on both sides. Therefore, for Question 1, the answer is True because the image is showing a motorcycle. For Question 2, the answer is False because the handlebars are not missing and are clearly visible. The quality of the image is rated 1 because it is clear and well-lit, with no visible distortions or obstructions that would detract from the visibility of the motorcycle or its components."}, {"ans": [true, false, 1.0], "reasoning": "The image clearly shows a vintage television set on a wooden stand, with a visible screen. The television is the main object in the image, and it is intact with its screen visible, albeit not displaying any content. Therefore, for Question 1, the answer is True because the image is showing a television. For Question 2, the answer is False because the screen is not missing or invisible; it is present and visible. The quality of the image is rated as 1 because it is clear and well-defined, with all elements clearly visible."}, {"ans": [true, false, 0.9], "reasoning": "The image clearly shows a goat standing on a rocky outcrop. The goat has horns, which are visible and not missing. The image is of high quality, with clear details of the goat's fur and the background. The presence of horns answers both the primary question affirmatively and the secondary question negatively. The quality score is high because the image is clear and well-defined, with no significant issues affecting its quality."}, {"ans": [true, false, 0.9], "reasoning": "The image is showing a red sneaker with white laces, so the main object is present. The laces are visible, so they are not missing or not visible. The image is well-lit and clear, with a good focus on the sneaker, hence the high quality score."}, {"ans": [true, false, 1.0], "reasoning": "The image clearly shows a green frog sitting on a leaf over water. The frog's eyes are visible and clearly defined, indicating that they are not missing or invisible. Therefore, the answer to Question 1 is True because the image is showing a frog. The answer to Question 2 is False because the eyes are visible. The quality of the image is rated as 1.0 because it is clear and well-defined, with no apparent issues that would detract from its quality."}, {"ans": [true, false, 1.0], "reasoning": "The image is showing a mug with a handle, so it answers the first question as true. The handle is visible, so the second question is false. The image is clear and well-lit, showing the mug and its details, so the quality is rated as 1.0."}, {"ans": [true, false, 0.9], "reasoning": "The image clearly shows a saxophone, which is the main object in question. The saxophone is depicted with its keys visible, indicating that the keys are not missing. The image is of high quality, with clear details of the instrument, hence a quality score of 0.9. The slight deduction is due to minor background texture and lighting effects, but these do not significantly impact the visibility of the saxophone or its keys."}, {"ans": [true, false, 1.0], "reasoning": "The image clearly shows a skateboard with wheels attached to it. The skateboard is positioned on a brick surface, and all four wheels are visible and appear to be intact. Therefore, the answer to the first question is True because the image is showing a skateboard. The answer to the second question is False because the wheels are not missing or invisible; they are clearly visible in the image. The quality of the image is rated as 1 because it is clear and well-lit, allowing for easy identification of the skateboard and its components."}, {"ans": [true, false, 1.0], "reasoning": "The image depicts a fedora hat with a visible brim. The presence of the brim is evident as it is clearly visible around the hat. Therefore, the answer to the first question is True because the image is showing a fedora. The answer to the second question is False because the brim is not missing and is visible. The quality of the image is rated 1.0 as it is clear and well-lit, with no visible distortions or issues that would detract from the visibility of the hat or its features."}, {"ans": [true, false, 0.9], "reasoning": "The image shows a motorcycle helmet with the visor up, indicating that the helmet is present. The visor is not missing but is simply in the up position, so it is visible and not considered missing. The image is clear and well-lit, showing the helmet and its details, hence a high-quality score."}, {"ans": [true, true, 1.0], "reasoning": "The image shows a bedframe with an ornate wooden headboard and footboard, and a slatted base. The mattress is not present on the bedframe, as only the slats are visible. Therefore, the answer to Question 1 is True because the image is showing a bedframe. The answer to Question 2 is True because the mattress is missing. The quality of the image is rated as 1 because it is a clear and well-rendered image, and the absence of a mattress does not negatively impact the quality score as per the instructions."}, {"ans": [true, false, 0.9], "reasoning": "The image shows a brick tower with a clock face on it, which is a clock tower. The clock face is visible, so it is not missing. The image is clear and well-lit, with a clear view of the clock tower and its surroundings, hence the quality is rated 0.9. The slight deduction is due to the fact that the image is not perfectly symmetrical, but this does not detract from the main subject."}, {"ans": [true, false, 1.0], "reasoning": "The image shows a pocket watch with visible hands. The watch is centered in the image, and its face is clearly visible, displaying Roman numerals and two hands. The presence of the hands indicates that they are not missing. The image is of high quality, with clear details of the watch and its components."}, {"ans": [true, false, 1.0], "reasoning": "The image is showing a red bicycle against a stone wall. The bicycle has two wheels, a frame, handlebars, and a seat, which are the main components of a bicycle. Therefore, the answer to Question 1 is True. The pedals are visible on the bicycle, attached to the crankset, so they are not missing or invisible. Thus, the answer to Question 2 is False. The image is clear and well-lit, showing all the key elements of the bicycle, so the quality is rated as 1."}, {"ans": [true, false, 1.0], "reasoning": "The image is a portrait of a woman with visible eyes, so it meets the condition for Question 1. The eyes are clearly visible, so the answer to Question 2 is False. The image is of high quality, with clear details and no visible distortions, so the quality score is 1."}, {"ans": [true, false, 1.0], "reasoning": "The image clearly depicts a grand piano on a stage with its lid open, showcasing the internal mechanism including the hammers. The presence of the grand piano is evident, satisfying the first question. For the second question, the hammers are visible inside the piano, indicating they are not missing. The image is well-lit, highlighting the details of the piano and its components, thus the quality is rated high."}, {"ans": [true, false, 1.0], "reasoning": "The image clearly depicts a sailing ship with its sails visible and fully deployed. The presence of the sails directly answers both questions. For Question 1, the image is showing a sailing ship, so the answer is True. For Question 2, since the sails are visible, the answer is False. The image is of high quality, with clear details of the ship and its sails, hence the quality score is 1."}, {"ans": [true, false, 1.0], "reasoning": "The image is showing a large tree with a wide canopy and green leaves, which is consistent with the appearance of an oak tree. The presence of leaves on the tree indicates that the leaves are not missing or not visible. The image is clear and well-lit, with good resolution, hence the quality is rated as 1."}, {"ans": [true, false, 0.9], "reasoning": "The image depicts a charming stone cottage with a brown door and red-framed windows, surrounded by lush greenery and fallen leaves. The cottage is the main object in the image, and it is clearly visible. The door is present and visible, so the answer to the second question is False. The image is of high quality, with clear details and vibrant colors, hence the quality score is 0.9."}, {"ans": [true, false, 1.0], "reasoning": "The image clearly shows a passenger jet on a runway, with its wings visible. The presence of the wings is evident as they are seen extending from the body of the aircraft. Therefore, for Question 1, the answer is True because the image is showing a passenger jet. For Question 2, the answer is False because the wings are not missing; they are visible in the image. The quality of the image is rated 1.0 because it is clear and well-defined, allowing for easy identification of the aircraft and its features."}, {"ans": [true, true, 1.0], "reasoning": "The image is showing a wristwatch with a white face and brown leather strap. The watch face has hour markers in the form of lines, but it does not have numbers. Therefore, the answer to Question 1 is True because the image is showing a wristwatch. The answer to Question 2 is True because the numbers are not visible on the wristwatch face. The quality of the image is rated as 1 because it is clear and well-lit, and there are no visible issues that would detract from the overall quality."}, {"ans": [true, false, 1.0], "reasoning": "The image clearly shows a pizza with a red sauce base, mozzarella cheese, and basil leaves on top. The presence of cheese is evident, so the cheese is not missing or invisible. The image is of high quality, with clear details of the pizza and its toppings."}, {"ans": [true, true, 1.0], "reasoning": "The image clearly shows traffic signals hanging above the road. The lights on the traffic signals are not visible or are missing, as they appear dark and not illuminated. The image is of high quality, capturing a clear view of the city street and the traffic signals."}, {"ans": [true, false, 1.0], "reasoning": "The image clearly shows a skateboard with a rainbow-colored deck and four wheels attached to it. The skateboard is positioned on a concrete surface, and the wheels are visible and appear to be intact. Therefore, the answer to Question 1 is True because the image is showing a skateboard. The answer to Question 2 is False because the wheels are not missing and are clearly visible. The quality of the image is rated as 1 because it is clear and well-lit, with no visible distortions or obstructions that would affect the visibility of the skateboard or its components."}, {"ans": [true, false, 0.9], "reasoning": "The image shows a chessboard with pieces on it, indicating that it is indeed a chessboard. The presence of the chessboard satisfies the condition for Question 1, so the answer is True. For Question 2, the black pieces are visible on the chessboard, so they are not missing or invisible, making the answer False. The quality of the image is rated 0.9 because it is clear and well-lit, showing the details of the chessboard and pieces."}, {"ans": [true, false, 0.9], "reasoning": "The image clearly shows a red sports car, specifically a Ferrari convertible. The car is positioned in a well-lit room with a reflective floor, showcasing its sleek design. The brakes are visible through the spokes of the wheels, indicating that they are not missing. The image is of high quality, with clear details and a sharp focus on the vehicle. The only reason for a quality score less than 1 is the slight gradient in the background, which might be considered a minor imperfection."}, {"ans": [true, true, 1.0], "reasoning": "The image is showing a book lying on a wooden table, with its pages open and blank. The cover is brown and visible. The book is the main object in the image. The text is not visible on the pages of the book, as they are blank. Therefore, the answer to the first question is True because the image is showing a book. The answer to the second question is also True because the text is not visible on the pages of the book. The quality of the image is rated as 1 because it is clear and well-defined, and there are no visible distortions or issues that would detract from the viewing experience."}, {"ans": [true, false, 1.0], "reasoning": "The image is showing a computer tower with visible internal components, including fans. The fans are clearly visible through the transparent side panel of the computer tower. Therefore, the answer to the first question is True because the main object, a computer tower, is present. The answer to the second question is False because the fans are visible. The quality of the image is rated as 1 because it is clear and well-lit, with no visible distortions or obstructions."}, {"ans": [true, false, 1.0], "reasoning": "The image clearly depicts a scarecrow standing in a field of wheat. The scarecrow is wearing a straw hat, a plaid shirt, and blue jeans, and has straw-stuffed arms outstretched. The presence of the scarecrow is evident, fulfilling the first question's condition. For the second question, the scarecrow's arms are visible and not missing, so the answer is false. The image is of high quality, with clear details and proper lighting, hence the quality score is 1."}, {"ans": [true, true, 0.9], "reasoning": "The image depicts a man in armor, which is consistent with the representation of a knight. The presence of a crowd of people in armor and a castle in the background further supports this interpretation. However, the knight's sword is not visible, as it is not shown in the image. The quality of the image is high, with clear details and a realistic style."}, {"ans": [true, false, 1.0], "reasoning": "The image shows a white teapot with a floral design on it, placed on a bamboo mat. The teapot has a spout, a lid, and a handle, which are all typical features of a teapot. The handle is visible on the right side of the teapot. Therefore, the answer to Question 1 is True because the image is showing a teapot. The answer to Question 2 is False because the handle is not missing or invisible; it is clearly visible. The quality of the image is rated as 1 because it is clear and well-lit, with no visible distortions or obstructions."}, {"ans": [true, false, 1.0], "reasoning": "The image clearly shows a basketball hoop with a net. The presence of the hoop and net directly answers Question 1 affirmatively. For Question 2, the net is visible and attached to the basketball hoop, so it is not missing or invisible. The image is clear and well-lit, allowing for a straightforward assessment of the scene, hence the quality score is 1."}, {"ans": [true, false, 1.0], "reasoning": "The image is showing a dining table setting with two place settings, each including a plate, utensils, and glasses. The glasses are visible on the top part of the image, indicating that they are not missing. Therefore, the answer to Question 1 is True because the image is showing a dining table. The answer to Question 2 is False because the glasses are visible. The quality of the image is rated 1 because it is clear and well-lit, and the key elements are visible."}, {"ans": [true, true, 1.0], "reasoning": "The image clearly shows a typewriter, which is the main object in question. The typewriter is positioned on a wooden table with papers inserted into it, indicating its functionality. Upon closer inspection, it is evident that the ribbon is not visible, suggesting that it is either missing or not properly threaded. The image is of high quality, with clear details of the typewriter's components, such as the keys and the metal parts. The absence of the ribbon does not detract from the overall quality of the image, as it is not a factor in assessing the image's clarity or resolution."}, {"ans": [true, true, 0.9], "reasoning": "The image shows a winter jacket, which is the main object. The jacket is beige and has a fur-lined hood. It is hanging on a hanger attached to a black bar on a white wall. The jacket is fastened with buttons down the front, and there is no visible zipper. Therefore, the answer to Question 1 is True because the image is showing a winter jacket. The answer to Question 2 is True because the zipper is not visible on the jacket. The quality of the image is rated 0.9 because it is clear and well-lit, with no visible distortions or obstructions."}, {"ans": [true, false, 1.0], "reasoning": "The image is clearly showing a sunflower. The seeds are visible on the sunflower head, arranged in a spiral pattern. The image is of high quality, with clear details of the sunflower and its seeds."}, {"ans": [true, false, 0.9], "reasoning": "The image is showing an elephant with a visible trunk. The trunk is clearly seen hanging down from the elephant's face, so it is not missing or invisible. The image is of high quality as it clearly shows the details of the elephant and its surroundings."}, {"ans": [true, true, 0.9], "reasoning": "The image depicts a wooden rowboat floating on a serene lake, with its bow facing the viewer. The boat is empty and lacks oars, which are not visible within the boat or in the surrounding water. The overall condition and clarity of the image are high, capturing the details of the boat and its surroundings effectively."}, {"ans": [true, false, 1.0], "reasoning": "The image is showing a snowman with a hat, scarf, and buttons. The buttons are visible on the snowman's body, so they are not missing or invisible. The image is clear and well-defined, showing the snowman and its details, so the quality is high."}, {"ans": [true, false, 1.0], "reasoning": "The image is showing a fountain pen on top of a notebook. The pen has a clear barrel that allows the ink inside to be visible, so the ink is not missing or invisible. Therefore, the answer to Question 1 is True because the image is showing a fountain pen. The answer to Question 2 is False because the ink is visible inside the pen's barrel. The quality of the image is rated as 1 because it is clear and well-lit, with no issues affecting the visibility of the main object or its key elements."}, {"ans": [true, false, 0.9], "reasoning": "The image clearly shows a paintbrush with visible bristles next to a paint palette. The paintbrush is the main object in the image and is easily identifiable. The bristles of the paintbrush are visible and not missing. The image is well-lit and in focus, indicating a high quality. The presence of the paint palette and the paint on it adds context to the image but does not affect the visibility or presence of the bristles."}, {"ans": [true, false, 1.0], "reasoning": "The image clearly shows a pair of eyeglasses with visible temples on top of some printed papers. The presence of the eyeglasses fulfills the first question's condition. The temples are visible, so they are not missing or invisible, which answers the second question. The image is clear and well-lit, with the eyeglasses being the main focus, hence the quality is rated as 1."}, {"ans": [true, false, 1.0], "reasoning": "The image clearly shows a person holding an umbrella on a rainy day. The umbrella is visible and appears to be intact, with no visible damage or missing parts. The ribs of the umbrella are visible as they are outlined by the fabric of the umbrella, indicating that they are present. Therefore, the answer to the first question is True, as the image is showing an umbrella. The answer to the second question is False, as the ribs are visible and not missing. The quality of the image is rated as 1, as it is clear and well-defined, with no issues that would detract from the visibility of the main object or its components."}, {"ans": [true, false, 1.0], "reasoning": "The image clearly shows a wristwatch with a visible face and mechanical components. The hour markers are present on the outer edge of the watch face, indicating the hours. Therefore, the hour markers are not missing or invisible. The image is of high quality, clearly displaying the watch and its details."}, {"ans": [true, false, 1.0], "reasoning": "The image shows a camping tent, which is the main object in question. The tent is clearly visible and appears to be set up in a grassy field. The poles are visible and appear to be supporting the tent, so they are not missing. The image is clear and well-lit, with good color and detail, so the quality is high."}, {"ans": [true, false, 0.9], "reasoning": "The image shows a traditional cuckoo clock with intricate carvings and a clock face, indicating that it is indeed a cuckoo clock. The weights are visible as pinecones hanging from the bottom of the clock, so they are not missing or invisible. The image is clear and well-defined, with all details of the clock visible, hence a high quality score."}, {"ans": [true, true, 1.0], "reasoning": "The image is showing a smartphone with its screen facing upwards. The speaker grille is not visible from this angle, as it is typically located at the bottom or top edge of the phone, and the bottom edge is partially visible but does not show a clear speaker grille. The image is clear and well-lit, with good resolution, hence the quality is rated as 1."}, {"ans": [true, true, 0.8], "reasoning": "The image clearly shows a motorcycle facing the camera on a road. The main object, the motorcycle, is present. However, upon closer inspection, there is no visible speedometer on the handlebars or anywhere else on the visible parts of the motorcycle. The image is well-lit and focused on the motorcycle, indicating a high-quality image. The absence of a visible speedometer answers the second question."}, {"ans": [true, true, 1.0], "reasoning": "The image shows a violin bow. The bow is lying on a red velvet fabric, and it is clear that the bow is present. However, the hair of the bow is not visible, indicating that it is either missing or not visible. The image is of good quality, with clear details of the bow and the fabric it's on."}, {"ans": [true, true, 1.0], "reasoning": "The image shows a birdcage hanging from a porch ceiling. The cage is made of gold-colored metal and has a dome-shaped top. It is suspended by a chain attached to the ceiling. The cage is empty, and there is no visible perch inside it. The background shows a suburban neighborhood with trees and houses. The overall atmosphere suggests a serene and peaceful setting."}, {"ans": [true, false, 1.0], "reasoning": "The image is showing a statue of a woman in a classical style, with a head and detailed features. The statue is prominently displayed in the center of the image, standing on a pedestal between rows of columns. The head is clearly visible and intact, indicating that it is not missing. The overall quality of the image is high, with clear details and a well-composed scene."}, {"ans": [true, false, 1.0], "reasoning": "The image shows a teddy bear sitting on a bed. The teddy bear is clearly visible and has a nose, which is brown in color. Therefore, for Question 1, the answer is True because the main object is a teddy bear. For Question 2, the answer is False because the nose is present and visible on the teddy bear's face. The image quality is rated as 1 because it is clear and well-lit, with no visible distortions or issues that would detract from the visibility of the teddy bear or its features."}, {"ans": [true, false, 1.0], "reasoning": "The image clearly shows a pair of white sneakers with laces. The sneakers are the main object in the image, and they are visible in detail. The laces are also clearly visible, threaded through the eyelets and tied. Therefore, the answer to Question 1 is True because the image is showing sneakers. The answer to Question 2 is False because the laces are not missing and are visible. The quality of the image is rated 1 because it is clear and well-lit, with no visible distortions or obstructions."}, {"ans": [true, false, 1.0], "reasoning": "The image clearly shows a refrigerator with its doors open, revealing the interior. The refrigerator is the main object in the image, and it is visible in its entirety. The door shelves are present and visible on the left door. Therefore, the answer to Question 1 is True. For Question 2, since the door shelves are visible on the left door, the answer is False. The image is of high quality, with clear details and no visible distortions or obstructions, so the quality score is 1."}, {"ans": [true, false, 1.0], "reasoning": "The image depicts a group of people gathered around a campfire in a forest, with flames clearly visible. The presence of the campfire and the people around it indicates that the main object (campfire) is present. The flames are also visible, so they are not missing or invisible. The image is clear and well-defined, indicating high quality."}, {"ans": [true, false, 0.9], "reasoning": "The image depicts a drinking fountain in a park setting. The fountain is a tall, silver-colored structure with a spout and a button or handle on the side. Water is visible coming out of the spout, indicating that the fountain is functioning. The presence of the drinking fountain and the visible water flow directly answers the questions. For question 1, the image is showing a drinking fountain, so the answer is True. For question 2, since water is visible coming out of the fountain, it is not missing or invisible, so the answer is False. The quality of the image is rated 0.9 because it is clear and well-lit, with the drinking fountain prominently displayed. The absence of water would not be a reason to decrease the quality score as per the instructions."}, {"ans": [true, false, 1.0], "reasoning": "The image clearly shows a revolver with a visible trigger guard. The revolver is positioned on a green surface, and its details are well-defined. The trigger guard is present and visible, surrounding the trigger. Therefore, the answer to the first question is True because the image is showing a revolver. The answer to the second question is False because the trigger guard is not missing and is visible. The quality of the image is rated 1 because it is clear and well-lit, with all key elements of the revolver visible."}, {"ans": [true, false, 0.9], "reasoning": "The image is a detailed illustration of a compass rose, which is clearly visible and central to the image. The compass rose includes a north arrow, which is also visible. The presence of the compass rose and the north arrow indicates that the image meets the criteria for both questions. The quality of the image is high, with intricate details and a clear representation of the compass rose, although there are some signs of aging or wear around the edges, the overall clarity is not significantly impacted."}, {"ans": [true, false, 1.0], "reasoning": "The image depicts a futuristic cityscape with several tall buildings, prominently featuring skyscrapers. The skyscrapers are the main focus of the image, and they are clearly visible. Therefore, the answer to the first question is True. Upon closer inspection, it is evident that the windows on the skyscrapers are visible, especially on the buildings in the foreground. The windows are visible as a grid pattern on the facades of the buildings. Hence, the answer to the second question is False. The image is of high quality, with clear details and a well-composed scene, so the quality score is 1."}, {"ans": [true, true, 1.0], "reasoning": "The image depicts a man in a tuxedo standing on a podium with his right hand raised, indicating he is a conductor. The presence of musicians with instruments in the background further supports this conclusion. Therefore, the answer to the first question is True. The conductor's right hand is empty and raised, and there is no visible baton in his hand or anywhere else near him. This suggests that the baton is either missing or not visible, making the answer to the second question True. The image is clear and well-lit, with the main subject (the conductor) prominently displayed, hence the quality score is 1."}, {"ans": [true, true, 1.0], "reasoning": "The image shows a soccer field with a goal visible behind a hedge in the background. The goalposts are present, but the crossbar is not visible due to being obscured by the hedge. Therefore, for Question 1, the image is showing a soccer goal, so the answer is True. For Question 2, the crossbar is not visible, so the answer is True. The quality of the image is rated 1 because it is clear and well-lit, and the lack of visibility of the crossbar is due to its obstruction by the hedge, not due to image quality."}, {"ans": [true, false, 1.0], "reasoning": "The image clearly shows a microscope with its main components visible, including the eyepieces and objective lenses. The presence of the microscope answers the first question affirmatively. For the second question, the lenses are visible, as we can see the eyepieces and the objective lens, so the answer is false. The image is of high quality, clearly showing the microscope and its parts, hence the quality score is 1."}]