[{"ans": [true, true, 1.0], "reasoning": "The image depicts a sailboat on calm waters with its sails furled or not visible, indicating it is either not in use or not visible. The presence of the mast and rigging confirms it is a sailboat. The sails are not visible, answering the second question affirmatively. The image is clear and well-lit, contributing to a high-quality score."}, {"ans": [true, true, 0.9], "reasoning": "The image shows two red bicycles leaning against a brick wall. The bicycles are clearly visible and appear to be in a somewhat worn condition. Upon closer inspection, it is evident that the chain is not visible on either bicycle, suggesting that it is either missing or not visible due to the angle or condition of the bicycles. The image is well-lit and in focus, allowing for a clear view of the bicycles and their surroundings. The quality of the image is high, with a clear and detailed representation of the bicycles and the brick wall behind them."}, {"ans": [true, false, 1.0], "reasoning": "The image clearly shows a cat, so the answer to the first question is True. The whiskers are visible on the cat's face, so the answer to the second question is False. The image is clear and well-lit, with no visible distortions or issues, so the quality is rated as 1."}, {"ans": [true, true, 0.8], "reasoning": "The image depicts a castle with a large, ruined archway where gates might be expected. The structure is made of stone and has a medieval appearance, indicating it is indeed a castle. The gates are not visible, suggesting they are either missing or not visible, which aligns with the condition of the ruin. The image quality is good, capturing the details of the castle and its surroundings clearly."}, {"ans": [true, false, 0.9], "reasoning": "The image clearly shows a hot-air balloon with a visible basket. The balloon is centered in the image, and its basket is hanging below it, containing people. The image is well-lit and in focus, with a clear view of the balloon and its surroundings. The quality of the image is high, with a clear and detailed view of the balloon and the landscape below. The presence of the basket is evident, so it is not missing or invisible."}, {"ans": [true, false, 1.0], "reasoning": "The image clearly shows a turtle with a visible shell. The turtle is centered in the image, and its shell is prominent. Therefore, the answer to the first question is True. Since the shell is visible, the answer to the second question is False. The image is of high quality, with clear details of the turtle and its surroundings, so the quality score is 1.0."}, {"ans": [true, false, 0.9], "reasoning": "The image clearly shows a train at a station, so the answer to the first question is True. The wheels of the train are partially visible under the carriage, so they are not missing or completely not visible, making the answer to the second question False. The image is well-lit and in focus, with a clear view of the train and its details, hence a high quality score of 0.9."}, {"ans": [true, false, 0.9], "reasoning": "The image clearly shows a pair of eyeglasses with lenses, so the answer to the first question is True. The lenses are visible, so the answer to the second question is False. The quality of the image is high, with clear details of the eyeglasses and their reflection on the surface below. The only reason for not giving it a perfect score is the slight presence of shadows and the reflection, but it does not hinder the visibility of the main object or the lenses."}, {"ans": [true, false, 0.9], "reasoning": "The image shows two fountain pens with visible nibs on a piece of paper. The main object in the image is indeed a fountain pen, and the nibs are clearly visible, so the answer to the first question is True. Since the nibs are visible, the answer to the second question is False. The quality of the image is rated 0.9 because it is clear and well-defined, with no apparent issues that would detract from its quality."}, {"ans": [true, false, 0.8], "reasoning": "The image shows an umbrella with a visible metal frame, indicating that it is an umbrella. The canopy is partially visible, so it is not missing or not visible. Therefore, the answer to the first question is True and the second question is False. The quality of the image is rated 0.8 because it is clear and well-lit, with no significant distractions or obstructions."}, {"ans": [true, false, 1.0], "reasoning": "The image is clearly showing an airplane on a runway, with its wings visible. The presence of the airplane is evident, so the answer to the first question is True. The wings are also clearly visible, so the answer to the second question is False. The image is of high quality as it clearly shows the airplane and its details."}, {"ans": [true, false, 1.0], "reasoning": "The image shows a desk lamp with a bulb that is turned on, illuminating an open book. The lamp is clearly visible and is the main object in the image. The bulb is also visible and appears to be lit, as it is casting light on the book. Therefore, the answer to Question 1 is True, as the image is showing a desk lamp with a bulb. The answer to Question 2 is False, as the bulb is not missing or invisible; it is clearly visible and lit. The quality of the image is rated 1.0 because it is clear and well-lit, and there are no visible issues or distractions that would detract from the main subject."}, {"ans": [true, false, 1.0], "reasoning": "The image shows an electric guitar with a visible neck, which is hanging on a wall. The guitar is clearly identifiable as an electric guitar due to its body shape and the presence of pickups. The neck is also visible, attached to the body of the guitar. Therefore, the answer to the first question is True because the image is showing an electric guitar. The answer to the second question is False because the neck is visible and not missing. The quality of the image is rated 1.0 because it is clear and well-lit, allowing for easy identification of the guitar and its components."}, {"ans": [true, false, 0.9], "reasoning": "The image is showing a clear glass sculpture of a fish with visible fins. The main object, the fish, is present. The fins are visible and not missing. The quality of the image is high, with clear details of the sculpture and its reflection on the surface below. The slight brown tint and reflection do not detract from the overall clarity of the image."}, {"ans": [true, false, 1.0], "reasoning": "The image depicts a small brick cottage with a roof, although the roof appears to be under construction or renovation as it lacks roofing material and has exposed wooden beams. The presence of the cottage is evident, satisfying the first question. For the second question, the roof is partially visible, with the wooden structure being the primary component visible. Since the question asks if the roof is missing or not visible, and given that parts of the roof's structure are visible, the answer is False. The image quality is rated 1.0 because it clearly shows the cottage and its details, and the absence of roofing material does not negatively impact the quality score as per the instructions."}, {"ans": [true, false, 0.8], "reasoning": "The image is showing a car, which is the main object. The windshield is visible, so it is not missing. The image quality is rated 0.8 because some parts of the image are not very clear, but it is still possible to identify the main object and its features."}, {"ans": [true, false, 0.9], "reasoning": "The image shows a transparent keyboard with pink keys and rainbow-colored backlighting. The keyboard is fully visible, and the spacebar is present and clearly visible. The image is well-lit, and the details of the keyboard are clear, indicating a high-quality image. The presence of the spacebar answers question 2 as false because it is not missing or not visible."}, {"ans": [true, false, 1.0], "reasoning": "The image clearly depicts an owl perched on a tree branch under a full moon, with its feathers visible and detailed. The owl's plumage is intricately rendered, showing no signs of missing or invisible feathers. The overall quality of the image is high, with clear details and a well-composed scene."}, {"ans": [true, false, 0.9], "reasoning": "The image shows a large, leather-bound book with visible pages. The book is closed but the thickness of the pages is evident, indicating that it is not missing. The image is clear and well-lit, showing details of the book and its surroundings. The quality is high, with no significant issues noted."}, {"ans": [true, false, 1.0], "reasoning": "The image clearly depicts a lighthouse, which is the main object of interest. The lighthouse is shown with its lamp visible inside the glass enclosure at the top, indicating that the lamp is not missing. Therefore, the answer to Question 1 is True because the image is showing a lighthouse. The answer to Question 2 is False because the lamp is visible and not missing. The quality of the image is rated as 1 because it is clear and well-defined, with all key elements of the lighthouse visible."}, {"ans": [true, false, 1.0], "reasoning": "The image shows a beige armchair with a tufted back and dark wooden legs, placed on a patterned rug. The chair is clearly visible and has legs, so the answer to Question 1 is True. Since the legs are visible, the answer to Question 2 is False. The image is clear and well-lit, with no visible distortions or obstructions, so the quality is rated as 1."}, {"ans": [true, true, 0.9], "reasoning": "The image clearly depicts a deer standing in a forest. The deer appears to be a female or a young male as there are no visible antlers on its head. The absence of antlers or their visibility being obstructed leads to the conclusion that antlers are either missing or not visible. The image is of high quality, with clear details of the deer and its surroundings, hence the quality score is 0.9."}, {"ans": [true, false, 1.0], "reasoning": "The image is showing an envelope with a visible flap. The envelope is centered in the image and is light pink in color. The flap is clearly visible and is folded over the top of the envelope. The image is of high quality, with clear details and good lighting. The presence of the flap is evident, so it is not missing or invisible."}, {"ans": [true, true, 1.0], "reasoning": "The image is showing a wall clock with a white face and black hands. The numbers on the clock face are not visible, indicating that they are either missing or not visible. The clock is centered on a wall above a fireplace, and the overall quality of the image is high, with clear details and good lighting."}, {"ans": [true, false, 0.9], "reasoning": "The image clearly shows a person wearing a white space suit, which is fully visible and includes a helmet. The presence of the space suit answers the first question affirmatively. For the second question, the helmet is visible and not missing, so the answer is false. The image quality is rated 0.9 because it is clear and well-lit, with no significant obstructions or issues that would detract from the visibility of the space suit or its components."}, {"ans": [true, false, 1.0], "reasoning": "The image clearly shows a windmill with visible blades, standing in a field of wheat. The windmill is the main object in the image, and it is depicted with its blades intact and visible. Therefore, the answer to the first question is True. For the second question, since the blades are visible, the answer is False. The image is of high quality, well-lit, and clearly shows the details of the windmill and its surroundings, hence the quality score is 1."}, {"ans": [true, true, 1.0], "reasoning": "The image prominently features a large tree with bare branches, indicating it is either without leaves or has sparse foliage. The main object, a tree, is clearly visible, satisfying the first question. For the second question, the leaves are not visible on the main tree, aligning with the condition of being 'missing or not visible.' The image is clear and well-lit, with the sun shining through the branches, contributing to its high quality."}, {"ans": [true, true, 0.8], "reasoning": "The image shows a yellow school bus parked in a designated parking space. The bus is facing away from the camera, with its rear end visible. The rear section of the bus has several rows of yellow seats, some of which appear to be damaged or rusted. The bus's exterior is also weathered, with visible signs of wear and tear. The doors of the bus are not visible, as the image only shows the rear of the vehicle. Therefore, for Question 1, the answer is True because the image is showing a bus. For Question 2, the answer is True because the doors are not visible. The quality of the image is rated 0.8 because it is clear and well-lit, with no significant distractions or obstructions."}, {"ans": [true, true, 1.0], "reasoning": "The image is showing a laptop with its screen open and visible. However, the screen is blank and not displaying any content, making it 'not visible' in terms of displaying information. The laptop is clearly identifiable, so the main object is present. The quality of the image is good as it clearly shows the laptop and its surroundings without any significant distortion or obstruction."}, {"ans": [true, true, 0.9], "reasoning": "The image shows a brass instrument, specifically a trumpet-like instrument, lying on a red velvet fabric. The instrument is gold in color and has several valves and pipes. The mouthpiece is not visible, suggesting it is either missing or not attached. The image is clear and well-lit, with good detail visible on the instrument. The quality of the image is rated 0.9 because it is clear and well-composed, with the instrument being the main focus. The absence of the mouthpiece does not affect the quality rating as per the instructions."}, {"ans": [true, false, 1.0], "reasoning": "The image is showing a robot with a head, so the answer to the first question is True. The head is visible, so the answer to the second question is False. The image is clear and well-lit, and the robot is centered in the frame, so the quality is rated as 1."}, {"ans": [true, true, 1.0], "reasoning": "The image shows a candle on a silver tray. The candle is cylindrical and white, with a smooth surface. There is no visible wick on the top of the candle. The image is clear and well-lit, with good resolution. The main object, the candle, is present, so the answer to the first question is True. The wick is not visible, so the answer to the second question is True. The image quality is good, and the absence of a visible wick does not affect the quality score as per the instructions."}, {"ans": [true, false, 1.0], "reasoning": "The image is showing a pizza with visible cheese, so it answers 'true' to the first question. The cheese is visible on the pizza, so it answers 'false' to the second question about the cheese being missing or not visible. The image is clear and well-lit, showing all the details of the pizza, so it scores high on quality."}, {"ans": [true, true, 1.0], "reasoning": "The image shows a DSLR camera body without a lens attached, as evidenced by the visible internal mechanisms of the lens mount. The camera body is clearly visible and identifiable as a DSLR. The lens is not attached to the camera body, and there is no lens visible in the image. The image is of high quality, with clear details of the camera body and its internal mechanisms."}, {"ans": [true, true, 1.0], "reasoning": "The image is showing a grand piano on a stage in an auditorium. The piano's lid is open, and the keys are not visible as they are typically positioned under the lid when it is closed. Therefore, for Question 1, the image is showing a piano, so the answer is True. For Question 2, since the keys are not visible due to the lid being open and the angle of the image, the answer is True. The quality of the image is rated as 1 because it is clear and well-lit, and there are no visible distortions or issues that detract from its quality."}, {"ans": [true, true, 0.9], "reasoning": "The image shows a paintbrush with a visible handle and a portion of the brush that appears to be covered or caked with paint, suggesting that the bristles are not clearly visible. The presence of the paintbrush is evident, fulfilling the condition for Question 1. For Question 2, the bristles are not clearly visible due to the paint, so it can be considered that they are not visible. The image quality is rated 0.9 because it is clear and well-focused on the subject, despite the bristles being obscured by paint."}, {"ans": [true, false, 1.0], "reasoning": "The image shows a watch with a visible strap, so the main object is present. The strap is visible, so it is not missing or not visible. The image is clear and well-lit, so the quality is high."}, {"ans": [true, true, 0.9], "reasoning": "The image shows a man sitting in a dentist's chair with his mouth open. The image is a composite, with a transparent overlay of the man's skull and teeth visible. The mouth is clearly visible, so the answer to the first question is True. The tongue is not visible in the image, so the answer to the second question is True. The image is of high quality, with clear details of the man's face and the dental equipment. The only reason the quality is not 1 is because the image is a composite, which may affect its overall coherence."}, {"ans": [true, false, 0.9], "reasoning": "The image shows a motorcycle in the center of the frame, which is the main object of interest. The motorcycle is clearly visible and appears to be a black cruiser-style bike with a prominent engine and a single seat. The handlebars are present and visible, attached to the front of the motorcycle. The image is well-lit, with a dark background and neon lights illuminating the motorcycle and the surrounding environment. The overall quality of the image is high, with clear details and vibrant colors. Therefore, the answer to Question 1 is True, as the image is showing a motorcycle. The answer to Question 2 is False, as the handlebars are not missing or invisible. The quality of the image is rated 0.9, as it is a clear and well-composed image with good lighting and detail."}, {"ans": [true, false, 0.9], "reasoning": "The image clearly shows an old television set with a visible screen, although the internal components are exposed. The presence of the screen directly answers the first question. For the second question, the screen is visible, so it is not missing or not visible. The quality of the image is rated high because it is clear and well-lit, allowing for easy identification of the television and its components."}, {"ans": [true, false, 0.9], "reasoning": "The image shows a white goat with horns standing on a rocky outcrop. The goat is clearly visible and appears to be a mountain goat, which is a type of goat. The horns are also visible, so they are not missing or not visible. The image is of high quality, with a clear and sharp focus on the goat. The background is blurred, which helps to draw attention to the goat. The only reason the quality is not rated as 1 is due to the slight blurriness around the edges of the goat's fur, but this does not detract from the overall clarity of the image."}, {"ans": [true, false, 0.9], "reasoning": "The image shows a pair of red sneakers with white soles and laces, sitting on a bench in front of lockers. The sneakers are clearly visible and appear to be in good condition. The laces are present and visible, threaded through the eyelets. Therefore, the answer to Question 1 is True, as the image is showing a sneaker. The answer to Question 2 is False, as the laces are not missing or not visible. The quality of the image is rated 0.9, as it is clear and well-lit, with no visible distortions or issues that would affect the visibility of the sneakers or laces."}, {"ans": [true, false, 1.0], "reasoning": "The image clearly shows a green frog sitting on a lily pad. The frog's eyes are visible and clearly discernible, indicating that they are not missing or invisible. The image is of high quality, with clear details of the frog and its surroundings."}, {"ans": [true, false, 1.0], "reasoning": "The image is showing a mug with a handle, so the answer to the first question is True. The handle is visible, so the answer to the second question is False. The image is clear and well-lit, and the mug is centered in the frame, so the quality is rated as 1."}, {"ans": [true, false, 0.9], "reasoning": "The image clearly shows a saxophone, which is the main object in the picture. The saxophone is depicted with its keys visible, indicating that the keys are not missing. The image is well-lit, and the saxophone is the central focus, suggesting a high-quality image. However, the quality score is not 1 due to the presence of some background elements and slight shadowing, but it does not detract significantly from the main subject."}, {"ans": [true, false, 1.0], "reasoning": "The image is showing a skateboard with wheels. The skateboard is positioned on a brick surface, and the wheels are visible and appear to be in place. The image is clear and well-lit, allowing for a good view of the skateboard and its components."}, {"ans": [true, false, 1.0], "reasoning": "The image shows a black fedora hat on a wooden stand. The hat has a visible brim, which is a key characteristic of a fedora. Therefore, the answer to Question 1 is True because the image is showing a fedora. The answer to Question 2 is False because the brim is visible. The quality of the image is rated 1.0 because it is clear and well-lit, and the hat is centered in the frame."}, {"ans": [true, false, 0.9], "reasoning": "The image clearly shows a motorcycle helmet with a visor. The visor is transparent and is currently in the down position, covering the face area of the helmet. Therefore, the visor is present and visible, making the answer to the second question 'false'. The image is of high quality, with clear details of the helmet and its surroundings, hence a quality rating of 0.9."}, {"ans": [true, true, 1.0], "reasoning": "The image clearly shows a bedframe, which is the main object. The bedframe is ornate and made of wood, with intricate carvings on the headboard and footboard. The mattress is not visible, as there is no mattress on the bedframe. Therefore, the answer to Question 1 is True, as the image is showing a bedframe. The answer to Question 2 is also True, as the mattress is missing or not visible. The quality of the image is rated as 1, as it is clear and well-lit, with no visible distortions or issues."}, {"ans": [true, false, 1.0], "reasoning": "The image is showing a clock tower with a visible clock face. The clock tower is the main object in the image, and it is clearly visible. The clock face is also visible, so it is not missing or not visible. The image is of high quality, with clear details and no visible distortions."}, {"ans": [true, false, 0.9], "reasoning": "The image shows a pocket watch with its cover open, revealing the inner workings of the watch. The hands of the watch are visible, indicating the time. Therefore, the answer to the first question is True because the image is showing a pocket watch. The answer to the second question is False because the hands are visible and not missing. The quality of the image is rated 0.9 because it is clear and well-lit, with no visible distortions or obstructions."}, {"ans": [true, false, 0.9], "reasoning": "The image is showing a bicycle, which is a red road bike leaning against a stone wall. The pedals are visible and attached to the cranks, so they are not missing or not visible. The image is clear and well-lit, with good resolution, hence the quality score is 0.9. The slight deduction is due to the fact that the image is not perfectly sharp, but it is still clear enough to identify the details of the bicycle."}, {"ans": [true, false, 1.0], "reasoning": "The image shows a portrait of a woman in the center, which is the main object. The portrait is clearly visible and depicts a woman with her eyes visible, so the answer to the first question is True. For the second question, since the eyes of the woman in the central portrait are visible, the answer is False. The image quality is considered good as it clearly displays the details of the portrait, hence the quality score is 1."}, {"ans": [true, false, 0.9], "reasoning": "The image is showing a grand piano on a stage with an audience in the background. The piano is clearly visible and appears to be a grand piano. The hammers are visible inside the piano, so they are not missing. The image is well-lit and of high quality, with a clear view of the piano and its components. The quality score is 0.9 because the image is slightly hazy due to the stage lighting and fog effects."}, {"ans": [true, true, 0.9], "reasoning": "The image depicts a sailing ship with three masts, which is a characteristic feature of historical sailing vessels. The ship is shown in the water, with its hull and rigging clearly visible. The sails, however, are not visible, indicating that they are either missing or not deployed. The image is of high quality, with clear details of the ship's structure and the surrounding environment."}, {"ans": [true, false, 0.9], "reasoning": "The image depicts a large tree with sprawling branches and a thick trunk, characteristic of an oak tree. The tree appears to be in a state of having leaves, as indicated by the light green foliage visible among the branches. Therefore, for Question 1, the image is showing an oak tree, so the answer is True. For Question 2, since the leaves are visible on the tree, they are not missing or not visible, so the answer is False. The quality of the image is rated 0.9 because it is clear and well-lit, with no visible distortions or obstructions that would detract from the visibility of the tree."}, {"ans": [true, false, 0.9], "reasoning": "The image depicts a charming stone cottage with a sloping roof and chimneys, surrounded by lush greenery. The cottage is the main object in the image, and it is clearly visible. Therefore, the answer to Question 1 is True. The door of the cottage is visible, although partially covered by vines, so the answer to Question 2 is False. The image is well-rendered and detailed, with a clear and focused view of the cottage. The quality of the image is rated 0.9, as it is a high-quality representation of a cottage scene."}, {"ans": [true, false, 0.9], "reasoning": "The image clearly shows a passenger jet on a runway. The wings are visible on both sides of the aircraft, indicating that they are not missing. The overall quality of the image is high, with clear details of the plane and its surroundings."}, {"ans": [true, true, 1.0], "reasoning": "The image is showing a wristwatch with a light gray face and a beige leather strap, which is clearly visible. The watch face does not have any numbers on it, so the numbers are missing. The image is of high quality, with clear details of the watch and its packaging."}, {"ans": [true, false, 0.9], "reasoning": "The image is showing a pizza with tomato sauce, basil leaves, and what appears to be mozzarella or another type of cheese around the edges and in small patches under the basil leaves. The main object in the image is indeed a pizza, so the answer to the first question is True. For the second question, while the cheese is not uniformly distributed across the pizza, it is visible in several places, particularly around the crust and under some of the basil leaves. Therefore, the cheese is not entirely missing or invisible, making the answer to the second question False. The image is clear and well-lit, showing the details of the pizza, so the quality is rated high, at 0.9. The absence of a thick layer of cheese across the entire surface does not negatively impact the quality score as per the instructions."}, {"ans": [true, false, 1.0], "reasoning": "The image clearly shows traffic signals with visible lights. The presence of traffic signals is evident, and the lights are visible, answering the first question affirmatively. For the second question, the lights are not missing or invisible; they are clearly visible, so the answer is false. The image is of high quality, capturing the details of the traffic signals and the surrounding environment without any issues that would detract from its quality."}, {"ans": [true, false, 1.0], "reasoning": "The image shows two skateboards on the ground. The main object, a skateboard, is present in the image, so the answer to the first question is True. The wheels of the skateboard on the left are visible, and the trucks are attached, indicating that the wheels are not missing. The skateboard on the right is lying on its deck, and its wheels are also visible, so they are not missing either. Therefore, the answer to the second question is False. The image is clear and well-lit, showing the skateboards and their details, so the quality is rated as 1."}, {"ans": [true, true, 1.0], "reasoning": "The image shows a chessboard with white pieces on both sides, but there are no black pieces visible. The chessboard is the main object, and it is present in the image. Therefore, the answer to the first question is True. The black pieces are not visible on the chessboard, so the answer to the second question is also True. The image is clear and well-lit, showing the chessboard and pieces in detail, so the quality score is 1."}, {"ans": [true, false, 0.9], "reasoning": "The image shows a red sports car in a showroom setting, with the car being the main focus. The car is clearly visible and appears to be in good condition. The brakes are visible on the wheels, so they are not missing or invisible. The image is well-lit and of high quality, with a clear view of the car and its surroundings. The only reason for not giving it a perfect score is the slight reflection on the floor, but it does not detract significantly from the overall quality."}, {"ans": [true, true, 1.0], "reasoning": "The image shows an open book on a wooden table. The pages are blank and do not contain any text. Therefore, the answer to the first question is True because the image is showing a book. The answer to the second question is also True because the text is missing or not visible from the book, as the pages are blank. The quality of the image is rated as 1 because it is clear and well-lit, and there are no visible distortions or issues that would detract from the viewer's understanding of the scene."}, {"ans": [true, false, 1.0], "reasoning": "The image shows a computer tower with transparent glass panels on the sides, revealing the internal components. The tower is well-lit with purple and blue lights, and several fans are visible inside. For Question 1, the image indeed shows a computer tower, so the answer is True. For Question 2, the fans are clearly visible through the transparent glass, so the answer is False. The image is of high quality, with clear details of the internal components and lighting, so the quality score is 1."}, {"ans": [true, false, 0.9], "reasoning": "The image depicts a scarecrow standing in a field of wheat. The scarecrow is wearing a straw hat and a plaid shirt, and has arms made of straw or hay. The presence of the scarecrow is clear, so the answer to the first question is True. For the second question, the arms are visible and appear to be made of straw or hay, so the answer is False. The image is well-lit and in focus, with a clear view of the scarecrow and its surroundings, hence the quality score is 0.9."}, {"ans": [true, true, 0.9], "reasoning": "The image depicts a knight in armor, which directly answers the first question. The knight is wearing full armor, including a helmet, breastplate, and gauntlets, but there is no visible sword. This answers the second question as the sword is not visible, thus considered missing. The quality of the image is rated high because it is clear and detailed, showing the intricate details of the armor."}, {"ans": [true, false, 1.0], "reasoning": "The image shows a teapot with a floral design on it, placed on a bamboo tray. The teapot has a spout, a lid, and a handle, which are all typical features of a teapot. The handle is visible and clearly present, so it is not missing. The image is clear and well-lit, showing the teapot from a good angle, and there are no visible defects or issues that would affect its quality. Therefore, the answer to Question 1 is True, the answer to Question 2 is False, and the quality rating is 1."}, {"ans": [true, false, 1.0], "reasoning": "The image clearly shows a basketball hoop with a net. The net is visible and attached to the hoop, although it is partially damaged and has ice or water on it. The presence of the hoop and the net answers the first question affirmatively. For the second question, since the net is visible, the answer is negative, indicating the net is not missing or not visible. The image is clear and well-lit, showing the details of the hoop and net, hence the quality is rated as 1."}, {"ans": [true, false, 0.9], "reasoning": "The image is showing a dining table with multiple place settings, each including plates, silverware, and glasses. The table is set with a white tablecloth and decorated with candles. The glasses are visible on the table, indicating that they are not missing. Therefore, the answer to Question 1 is True, and the answer to Question 2 is False. The quality of the image is rated 0.9 because it is clear and well-lit, with no visible distortions or obstructions."}, {"ans": [true, false, 0.9], "reasoning": "The image is showing a vintage typewriter with its internal mechanisms visible. The typewriter is present on a desk with other items like books and a spool of ribbon. The ribbon is visible inside the typewriter, indicating it is not missing. The image quality is good, capturing the details of the typewriter and surrounding objects. The slight decrease in quality score is due to the overall aesthetic and potential minor blurriness, not related to the presence or absence of the ribbon."}, {"ans": [true, true, 0.9], "reasoning": "The image shows a winter jacket hanging on a rack. The main object, a winter jacket, is clearly visible, so the answer to the first question is True. The jacket is fastened with buttons and does not appear to have a visible zipper, so the answer to the second question is also True. The quality of the image is rated 0.9 because it is clear and well-lit, with no significant distractions or obstructions. The absence of a zipper does not negatively impact the quality score as per the instructions."}, {"ans": [true, false, 0.9], "reasoning": "The image shows a sunflower with its face directly towards the camera. The seeds are visible on the flower head, arranged in a spiral pattern. Therefore, the answer to the first question is True because the image is showing a sunflower. The answer to the second question is False because the seeds are visible on the sunflower. The quality of the image is rated 0.9 because it is clear and well-lit, with no visible distortions or obstructions."}, {"ans": [true, false, 1.0], "reasoning": "The image is clearly showing an elephant with a trunk, so the answer to the first question is True. The trunk is visible, so the answer to the second question is False. The image is of high quality, with clear details of the elephant and its surroundings, so the quality score is 1."}, {"ans": [true, true, 0.9], "reasoning": "The image shows a rowboat, which is the main object. The oars are not visible in the image, so they are considered missing. The image is clear and well-lit, with a good view of the rowboat and its surroundings, hence the quality score is high."}, {"ans": [true, false, 0.9], "reasoning": "The image clearly depicts a snowman, which is the main object in question. The snowman is adorned with a hat, scarf, and has visible buttons, indicating that the buttons are not missing. Therefore, the answer to the first question is True. For the second question, since the buttons are visible on the snowman's body, the answer is False. The image quality is rated 0.9 because it is clear and well-defined, with no significant issues affecting the visibility of the snowman or its details."}, {"ans": [true, true, 0.8], "reasoning": "The image is showing a fountain pen with a nib, and the ink reservoir is not visible. The pen is placed on top of a notebook, and the nib is pointing downwards. The image is clear and well-lit, but the quality is not perfect due to the slight blurriness in the background."}, {"ans": [true, true, 0.9], "reasoning": "The image shows a paintbrush with a wooden handle and a metal ferrery. The bristles of the paintbrush are not visible as they are covered in paint and appear to be buried under a palette of mixed colors. The presence of the paintbrush is evident, but the bristles are obscured. Therefore, the answer to the first question is True because the image is showing a paintbrush. The answer to the second question is True because the bristles are not visible. The quality of the image is rated 0.9 because it is clear and well-focused, showing the details of the paintbrush handle and the surrounding palette, even though the bristles are not visible."}, {"ans": [true, false, 1.0], "reasoning": "The image is showing a pair of eyeglasses with round lenses and metal frames. The temples of the eyeglasses are visible, so they are not missing or not visible. The image is clear and well-lit, and the eyeglasses are the main focus. Therefore, the quality of the image is rated as 1."}, {"ans": [true, false, 0.9], "reasoning": "The image clearly shows a person holding an umbrella on a rainy street. The umbrella is visible and appears to be intact with its ribs visible under the canopy. The presence of the umbrella is evident, answering the first question affirmatively. For the second question, the ribs of the umbrella are visible, indicating they are not missing or invisible. The image quality is rated high because it is clear and well-lit, with the main subject (the umbrella) prominently displayed. The slight reduction in quality score is due to the rain and the overall lighting conditions, which might slightly affect the clarity of some details in the background."}, {"ans": [true, true, 0.9], "reasoning": "The image shows a wristwatch with a visible face and mechanical components. The watch is encased in a clear protective dome, which allows for a detailed view of its intricate design. The hour markers are not visible on the watch face, as it appears to be a skeleton design, showcasing the internal mechanics rather than traditional hour markers. The image is clear and well-lit, highlighting the craftsmanship of the watch."}, {"ans": [true, false, 0.9], "reasoning": "The image shows a camping tent with poles, as evidenced by the structure being held up and the visible poles at the corners and supporting the fabric. Therefore, for Question 1, the answer is True because the image is showing a camping tent. For Question 2, the answer is False because the poles are visible and not missing. The quality of the image is rated 0.9 because it is clear and well-lit, showing the tent and its details without any significant obstructions or issues."}, {"ans": [true, true, 0.8], "reasoning": "The image shows a cuckoo clock, which is the main object in the image. The clock is intricately carved and decorated with various elements such as leaves, deer, and pinecones. The weights are not visible in the image, suggesting that they are either missing or not visible from the current view. The image is of high quality, with clear details and good lighting, hence a quality score of 0.8."}, {"ans": [true, true, 1.0], "reasoning": "The image is showing a smartphone with a woman's face on its screen. The phone is standing upright on a table, and the screen displays the woman's face along with some icons at the bottom. The phone's speaker grille is not visible on the front side of the phone, suggesting it might be missing or not visible. The image is clear and well-lit, indicating good quality."}, {"ans": [true, true, 0.9], "reasoning": "The image clearly shows a motorcycle on a dirt road. The motorcycle is facing the camera, and its front end is visible. The speedometer is not visible in the image, as it is likely to be located on the handlebars or dashboard, which are not clearly shown. The image is well-lit and in focus, with a clear view of the motorcycle's front end. The quality of the image is high, with a score of 0.9 out of 1. The absence of the speedometer does not affect the quality score as per the instructions."}, {"ans": [true, true, 0.8], "reasoning": "The image shows a violin with its bow placed on top of it. The bow is clearly visible, and it appears to be a violin bow. Therefore, the answer to the first question is True. Upon closer inspection, the hair of the bow is not visible, suggesting that it is either missing or not visible. Hence, the answer to the second question is True. The image is well-lit and focused, with the violin and bow clearly visible against a red velvet background. The overall quality of the image is good, with a score of 0.8 out of 1."}, {"ans": [true, false, 0.9], "reasoning": "The image clearly shows a birdcage hanging from a porch ceiling, containing two birds on perches inside it. The birdcage is the main object in the image, and it is present. Therefore, the answer to Question 1 is True. For Question 2, the perch is visible inside the birdcage as both birds are perched on it, so the answer is False. The quality of the image is rated 0.9 because it is clear and well-lit, with no visible distortions or issues that would detract from the visibility of the main object or its details."}, {"ans": [true, false, 1.0], "reasoning": "The image clearly depicts a statue of a woman, indicating that the main object is indeed a statue. The statue has a head, and it is visible, so the head is not missing or not visible. The image is of high quality, with clear details of the statue and its surroundings."}, {"ans": [true, false, 0.9], "reasoning": "The image is showing a teddy bear, so the answer to the first question is True. The teddy bear has a nose, which is visible, so the answer to the second question is False. The image is clear and well-lit, with the teddy bear centered in the frame. The quality of the image is high, with a score of 0.9 out of 1."}, {"ans": [true, false, 1.0], "reasoning": "The image clearly shows a pair of white sneakers hanging on a door. The sneakers are the main object in the image and are easily identifiable. The laces are visible and appear to be intact, threaded through the eyelets of the shoes. The image is well-lit and in focus, providing a clear view of the sneakers and their details. Therefore, the answer to the first question is True because the image is showing sneakers. The answer to the second question is False because the laces are visible and not missing. The quality of the image is rated as 1 because it is clear and well-composed, with no visible issues that would detract from the viewer's understanding of the scene."}, {"ans": [true, false, 1.0], "reasoning": "The image clearly shows a refrigerator with its door open, revealing the interior. The door shelves are visible inside the refrigerator, indicating that they are not missing. Therefore, the answer to Question 1 is True because the main object (the refrigerator) is present. The answer to Question 2 is False because the door shelves are visible and not missing. The quality of the image is rated as 1 because it is clear and well-lit, showing all the necessary details without any significant issues."}, {"ans": [true, false, 0.9], "reasoning": "The image shows a group of people sitting around a campfire. The campfire is present and visible, surrounded by stones, with flames visible at the center. Therefore, the answer to the first question is True because the image is showing a campfire. For the second question, the flames are visible, so the answer is False because the flames are not missing or invisible. The quality of the image is rated 0.9, as it is clear and well-lit, with no apparent issues that would detract from its quality."}, {"ans": [true, false, 1.0], "reasoning": "The image clearly shows a drinking fountain with water flowing from it, indicating that the main object is present. The water is visible and flowing, so it is not missing or invisible. The image is clear and well-lit, with no visible obstructions or issues that would affect its quality."}, {"ans": [true, false, 0.9], "reasoning": "The image clearly shows a revolver with a visible trigger guard. The revolver is positioned on a green cloth, and its details are clearly visible. The trigger guard is present and not missing or invisible. The image quality is high, with clear details of the revolver and its components. The only reason for not giving it a perfect score is the slight texture and possible minor lighting issues, but these do not detract significantly from the overall clarity."}, {"ans": [true, false, 0.9], "reasoning": "The image depicts a compass rose with a north arrow, which is clearly visible. The compass rose is the main object in the image, and it is centered and prominent. The north arrow is also present and visible, pointing towards the top of the image. The image is well-detailed and clear, with a quality score of 0.9. The presence of the north arrow answers the second question, indicating that it is not missing or invisible."}, {"ans": [true, false, 0.9], "reasoning": "The image depicts a futuristic cityscape with numerous tall, sleek skyscrapers that are characteristic of a sci-fi setting. The presence of these skyscrapers, some of which have visible windows or window-like features, indicates that the image is indeed showing skyscrapers. Therefore, the answer to the first question is True. For the second question, upon closer inspection, it is evident that many of the skyscrapers have visible windows or illuminated sections that could be interpreted as windows. Hence, the windows are not missing or invisible, making the answer to the second question False. The quality of the image is rated 0.9 because it is a clear and detailed representation of a futuristic cityscape, with no apparent issues that would detract from its overall quality."}, {"ans": [true, true, 0.8], "reasoning": "The image shows a conductor standing on a raised platform, facing away from the camera, with his right arm raised. He is dressed in a black suit and appears to be leading an orchestra. The presence of the conductor is clear, answering the first question affirmatively. For the second question, the baton is not visible in the conductor's hand, which is raised with the palm facing backwards. This suggests that the baton is either missing or not visible, supporting an affirmative answer to the second question. The image quality is rated 0.8 because, while the main subject is clear, some details in the background might be slightly blurred."}, {"ans": [true, true, 1.0], "reasoning": "The image shows a soccer field with a goal visible in the background on the right side. The goal appears to be a standard soccer goal. The crossbar of the goal is not visible, likely due to its distance from the camera and the angle of view. The image quality is good, with clear details of the field and the goal posts visible."}, {"ans": [true, false, 0.9], "reasoning": "The image is showing a microscope with its lenses visible, indicating that the main object is indeed a microscope. The lenses are not missing, they are clearly visible, so the answer to the second question is False. The image quality is high, with clear details of the microscope and its components, hence a quality score of 0.9."}]