[{"ans": [true, false, 1.0], "reasoning": "The image depicts a sailboat on the water. The sailboat is white with a tall mast and rigging, and it appears to be a sailing yacht. The sails are not fully deployed but there is a partially visible sail. The boat is floating on calm blue water under a clear sky. The image is clear and well-defined, with no visible artifacts or distortions."}, {"ans": [true, false, 1.0], "reasoning": "The image clearly shows a bicycle leaning against a brick wall. The bicycle is red with silver accents and has a visible chain connecting the pedals to the rear wheel. The image is sharp and well-lit, with no visible artifacts or distortions that would detract from its quality. Therefore, the answer to the first question is True because the image is showing a bicycle. The answer to the second question is False because the chain is visible and not missing. The quality of the image is rated as 1 because it is clear and well-defined, with no noticeable issues."}, {"ans": [true, false, 0.95], "reasoning": "The image clearly shows a cat sitting on a windowsill. The cat is gray with yellow eyes and has visible whiskers. The presence of the cat confirms the answer to the first question is True. The whiskers are clearly visible, so the answer to the second question is False. The image is sharp and well-lit, with no noticeable artifacts or distortions, hence the quality score is high at 0.95. The slight deduction is due to the background being slightly out of focus, but this does not affect the main subject."}, {"ans": [true, false, 0.95], "reasoning": "The image depicts a castle with stone walls and towers, featuring an archway that serves as an entrance. The presence of the castle is evident, satisfying the condition for Question 1. For Question 2, the gates are visible as they are hanging from the archway, indicating that they are not missing or invisible. The image is clear and well-defined, with no visible artifacts, blurring, or other issues that would detract from its quality. The quality score is 0.95, reflecting the high clarity and detail of the image."}, {"ans": [true, false, 0.9], "reasoning": "The image clearly depicts a hot-air balloon with a basket, thus answering the first question as true. The basket is visible and not missing, so the second question is answered as false. The image quality is high with clear details of the balloon and the landscape, but the quality score is slightly reduced to 0.9 due to the slight haze and backlighting that could affect some details."}, {"ans": [true, false, 0.95], "reasoning": "The image clearly shows a turtle with a visible shell. The turtle is centered in the image, and its shell is clearly visible, indicating that the shell is not missing or invisible. The image is of high quality, with clear details and no visible artifacts or distortions. The only reason the quality is not rated as 1 is due to the slight graininess of the image, but it does not significantly impact the visibility of the turtle or its shell."}, {"ans": [true, true, 0.9], "reasoning": "The image shows a train at a station. The train is clearly visible and appears to be a typical subway or commuter train. The wheels of the train are not visible as they are obscured by the platform and the train's body. The image is clear and well-lit, with no visible artifacts or distortions that would affect its quality. Therefore, the answer to Question 1 is True because the image is showing a train. The answer to Question 2 is True because the wheels are not visible. The quality of the image is rated 0.9 because it is clear and well-composed, with good lighting and no visible issues."}, {"ans": [true, false, 0.95], "reasoning": "The image clearly shows a pair of eyeglasses with lenses. The lenses are visible and not missing. The image is sharp and well-lit, with a clear reflection of the glasses on the surface below. The quality is high, with no noticeable artifacts or distortions. The only reason the quality is not rated as 1 is due to the slight blurring in the background, but this does not affect the main object."}, {"ans": [true, false, 1.0], "reasoning": "The image shows a fountain pen with a nib, placed on a piece of torn paper on a wooden surface. The pen is the main object in the image, and it is clearly visible. The nib is also visible, attached to the end of the pen. The image is of high quality, with clear details and no visible artifacts or distortions. Therefore, the answer to Question 1 is True, as the image is showing a fountain pen with a nib. The answer to Question 2 is False, as the nib is not missing or invisible. The quality of the image is rated as 1.0, indicating that it is of very high quality."}, {"ans": [true, false, 0.95], "reasoning": "The image clearly shows an umbrella with a canopy, so the answer to the first question is True. The canopy is visible, so the answer to the second question is False. The image is of high quality, with clear details and no visible artifacts or distortions, so the quality score is 0.95. The slight decrease from 1 is due to the peeling paint on the wall, which could be considered a minor distraction."}, {"ans": [true, false, 1.0], "reasoning": "The image clearly shows a white airplane on a tarmac, with a cloudy sky in the background. The airplane is facing left, and its wings are visible, indicating that the wings are not missing. The image is sharp and clear, with no visible artifacts or distortions. Therefore, the answer to Question 1 is True, as the image is showing an airplane. The answer to Question 2 is False, as the wings are visible and not missing. The quality of the image is rated 1.0, as it is clear and well-defined, with no noticeable issues."}, {"ans": [true, false, 1.0], "reasoning": "The image clearly shows a desk lamp, which is the main object, so the answer to the first question is True. The bulb is visible inside the lamp, so the answer to the second question is False. The image is of high quality, with no visible artifacts, blurring, or other issues, so the quality score is 1.0."}, {"ans": [true, false, 1.0], "reasoning": "The image clearly shows an electric guitar with a visible neck, body, and other distinct features such as pickups and knobs. The neck is not missing or invisible; it is clearly visible and attached to the body of the guitar. The image is sharp and well-lit, with no visible artifacts, blurring, or other issues that would detract from its quality."}, {"ans": [true, false, 0.9], "reasoning": "The image clearly shows a fish with visible fins, answering the first question as true. For the second question, the fins are visible, so the answer is false. The image quality is high, with clear details of the fish and its surroundings, but the quality score is slightly reduced to 0.9 due to the presence of caustics and refractions that might be considered minor artifacts."}, {"ans": [true, false, 1.0], "reasoning": "The image clearly shows a cottage with a roof. The roof is visible and appears to be intact. The image is of high quality with no visible artifacts, blurring, or other issues that would affect the interpretation of the scene."}, {"ans": [true, true, 0.9], "reasoning": "The image shows a classic convertible car with its top down, and the windshield is not visible, suggesting it might be missing or folded down. The main object, a car, is present. The windshield appears to be missing or not visible as it is a convertible and the top is down. The image is clear and well-lit, with no visible artifacts or distortions that would significantly impact its quality."}, {"ans": [true, false, 1.0], "reasoning": "The image clearly shows a keyboard with a visible spacebar. The spacebar is illuminated and appears to be in its correct position on the keyboard. The image is of high quality, with clear details and no visible artifacts or distortions. Therefore, the answer to Question 1 is True because the image is showing a keyboard. The answer to Question 2 is False because the spacebar is visible. The quality score is 1 because the image is clear and well-defined, with no noticeable issues."}, {"ans": [true, false, 0.9], "reasoning": "The image clearly depicts an owl perched on a tree branch under a full moon, with detailed feathers visible across its body. The presence of the owl is evident, and its feathers are not missing or invisible; they are intricately illustrated. The image is of high quality, with clear details and no visible artifacts or distortions that would detract from the overall clarity. The slight reduction in quality score is due to the image's stylized nature, which might be considered slightly unnatural or overly detailed in some aspects."}, {"ans": [true, true, 0.95], "reasoning": "The image shows a leather-bound book with a blank interior, suggesting that it is a book. The pages are not visible as they are likely tucked inside the cover. The image is of high quality, with clear details and no visible artifacts or distortions. The quality score is 0.95 because the image is very clear and well-rendered, with no noticeable issues."}, {"ans": [true, false, 1.0], "reasoning": "The image clearly depicts a lighthouse, which is the main object in question. The lighthouse is standing on a rocky cliff with a cloudy sky in the background, and it has a distinctive white tower with a black railing around the top. The lamp is visible inside the glass enclosure at the top of the lighthouse, indicating that it is not missing. The image is of high quality, with clear details and no visible artifacts or distortions. Therefore, the answer to Question 1 is True, and the answer to Question 2 is False."}, {"ans": [true, false, 0.95], "reasoning": "The image clearly shows an armchair with a light beige fabric and a patterned rug underneath it. The chair has visible legs, which are dark brown in color. The image is well-lit and clear, with no visible artifacts or distortions that would affect the quality. The main object, the armchair, is clearly visible and identifiable. The legs of the chair are also visible, indicating that they are not missing. Therefore, the answer to Question 1 is True, as the image is showing an armchair. The answer to Question 2 is False, as the legs are visible and not missing. The quality of the image is rated as 0.95, as it is clear and well-defined, with only a slight deduction for the slight angle of the image, which might be considered minor."}, {"ans": [true, true, 0.9], "reasoning": "The image clearly shows a deer standing in a forest. The deer appears to be a female or a young male as there are no visible antlers on its head. The image is of high quality with clear details of the deer and its surroundings, although it might be slightly over-processed or digitally enhanced, which could slightly reduce its quality score. The main object, the deer, is clearly visible, and the absence of antlers is also evident."}, {"ans": [true, false, 1.0], "reasoning": "The image shows a white envelope with its flap closed, positioned on a marble surface. For Question 1, the main object in the image is indeed an envelope, so the answer is True. For Question 2, the flap is visible and not missing, so the answer is False. The image is clear, with no visible artifacts, blurring, or other issues that would affect its quality, so the quality score is 1.0."}, {"ans": [true, true, 1.0], "reasoning": "The image clearly shows a wall clock on a wall above a wooden mantle. The clock face is white with black hands but lacks numbers. The image is sharp and well-lit, with no visible artifacts or distortions. Therefore, the answer to Question 1 is True because the image is showing a wall clock. The answer to Question 2 is True because the numbers are missing from the clock face. The quality of the image is rated 1.0 because it is clear and well-rendered, with no noticeable issues."}, {"ans": [true, false, 1.0], "reasoning": "The image clearly shows a space suit floating in a pool of water. The space suit is fully visible and appears to be intact, with no visible damage or distortion. The helmet is also clearly visible and appears to be attached to the suit. The image is well-lit and has good resolution, with no visible artifacts or noise. Therefore, the answer to Question 1 is True, as the image is showing a space suit with a helmet. The answer to Question 2 is False, as the helmet is visible and not missing. The quality of the image is rated as 1.0, as it is clear and well-defined, with no visible issues."}, {"ans": [true, false, 1.0], "reasoning": "The image clearly depicts a windmill with visible blades in a field. The presence of the windmill and its blades directly answers both questions. The image is of high quality with no visible artifacts, blurring, or other issues that would detract from its clarity."}, {"ans": [true, true, 1.0], "reasoning": "The image clearly shows a large tree without leaves, standing in a field with other trees in the background. The main object, a tree, is present, so the answer to the first question is True. The leaves are not visible on the tree, so the answer to the second question is True. The image is of high quality, with clear details and no visible artifacts or distortions, so the quality score is 1.0."}, {"ans": [true, true, 1.0], "reasoning": "The image is clearly showing a yellow school bus. The bus is facing left, and its side is visible, but the doors are not visible as the front of the bus is partially cut off from the frame. The image is sharp and clear, with no visible artifacts or distortions that would affect its quality. Therefore, the main object (the bus) is present, answering the first question as True. For the second question, since the doors are not visible due to the framing of the image, it is considered as 'not visible', hence True. The quality of the image is rated as 1.0 because it is clear and well-defined."}, {"ans": [true, true, 1.0], "reasoning": "The image is showing a laptop with its back facing the camera. The laptop is open and sitting on a table. The screen is not visible from this angle, so it is considered not visible. The image is clear and of high quality, with no visible artifacts or distortions."}, {"ans": [true, true, 1.0], "reasoning": "The image clearly shows a trumpet lying on a red fabric background. The trumpet is gold in color and has its valves and bell visible. However, the mouthpiece is not attached to the trumpet, indicating it is missing. The image is of high quality, with clear details and no visible artifacts or distortions. Therefore, the answer to the first question is True because the image is showing a trumpet. The answer to the second question is True because the mouthpiece is not attached and thus is missing. The quality of the image is rated 1.0 because it is clear and well-defined."}, {"ans": [true, false, 0.95], "reasoning": "The image clearly shows a robot with a visible head in a laboratory setting. The robot is white and has a humanoid form with visible mechanical parts. The head is present and clearly visible, so the answer to the second question is False. The image is of high quality with clear details and no noticeable artifacts or distortions, hence the quality score is 0.95."}, {"ans": [true, true, 0.95], "reasoning": "The image shows a candle on a silver tray. The candle is a cylindrical object with a smooth surface, and it appears to be made of wax. The wick is not visible in the image. The image is clear and well-lit, with no visible artifacts or distortions. The quality of the image is high, with a score of 0.95 out of 1. The main object, the candle, is present in the image, so the answer to Question 1 is True. The wick is not visible, so the answer to Question 2 is True."}, {"ans": [true, false, 0.95], "reasoning": "The image shows a pizza with various toppings, including tomatoes and basil leaves. The crust is visible and appears to be cooked. There are visible cheese bits around the toppings, indicating the presence of cheese. The image is clear and well-lit, with no visible artifacts or distortions that would affect the quality. However, there are some minor specks and dust on the surface, which slightly reduces the quality score to 0.95."}, {"ans": [true, false, 1.0], "reasoning": "The image is showing a DSLR camera body with a lens attached to it, mounted on a stand. The camera is clearly visible and appears to be in good condition. The lens is also visible and appears to be attached to the camera body. The image is well-lit and there are no visible artifacts or distortions. Therefore, the answer to Question 1 is True, as the image is showing a DSLR camera. The answer to Question 2 is False, as the lens is visible and attached to the camera. The quality of the image is rated as 1, as it is clear and well-defined with no visible issues."}, {"ans": [true, false, 1.0], "reasoning": "The image is showing a grand piano on a stage in an auditorium. The piano is black and has its lid open, revealing the strings inside. The keys are visible and appear to be intact. The image is clear and well-lit, with no visible artifacts or distortions. The quality of the image is high, with a score of 1."}, {"ans": [true, false, 0.9], "reasoning": "The image shows a paintbrush with bristles, alongside a palette with various colors of paint. The main object, a paintbrush, is present, so the answer to the first question is true. The bristles are visible on the paintbrush, so the answer to the second question is false. The image is clear and well-lit, with no visible artifacts or distortions that would affect the quality score. However, the image is not perfect, as it appears to be a photograph taken at an angle, and there might be some minor shadowing. Therefore, the quality score is 0.9."}, {"ans": [true, false, 1.0], "reasoning": "The image clearly shows a watch with a visible strap. The watch is centered and well-focused, with a clear view of its face and strap. The strap is partially visible, extending from the watch body to the top right corner of the image. The image is sharp and free of artifacts, indicating a high-quality image."}, {"ans": [true, false, 0.95], "reasoning": "The image clearly shows a man with his mouth open, displaying his teeth and tongue. The presence of a mouth is evident, satisfying the first question. The tongue is visible inside the mouth, so it is not missing or invisible, answering the second question. The image is of high quality with clear details and no visible artifacts or distortions, hence the quality score is high."}, {"ans": [true, false, 1.0], "reasoning": "The image clearly shows a motorcycle, so the answer to the first question is True. The handlebars are visible, so the answer to the second question is False. The image is of high quality, with clear details and no visible artifacts or distortions, so the quality score is 1.0."}, {"ans": [true, false, 1.0], "reasoning": "The image clearly shows a vintage television set on a wooden stand. The television has a visible screen, although it is not displaying any content. The presence of the screen answers the first question affirmatively. For the second question, since the screen is visible, it is not considered missing or not visible. The image is of high quality with clear details and no visible artifacts or distortions."}, {"ans": [true, false, 0.9], "reasoning": "The image clearly shows a goat standing on a rocky outcrop, with a mountainous background. The goat is white and has horns, which are visible. The image is sharp and well-defined, with clear details of the goat's fur and the rocky terrain. The quality of the image is high, with no noticeable artifacts or distortions. Therefore, the answer to Question 1 is True, as the image is showing a goat. The answer to Question 2 is False, as the horns are visible. The quality score is 0.9, as the image is very clear and well-defined, but may not be perfect due to slight blurring in the background."}, {"ans": [true, false, 1.0], "reasoning": "The image clearly shows a red sneaker with white laces on a wooden surface in front of gray lockers. The sneaker is the main object and is visible in detail. The laces are present and visible, tied at the top. The image is sharp and well-lit, with no visible artifacts or distortions that would affect the quality. Therefore, the answer to the first question is True because the image is showing a sneaker. The answer to the second question is False because the laces are not missing or invisible; they are clearly visible. The quality of the image is rated 1.0 because it is clear and well-defined, with no issues that would detract from its quality."}, {"ans": [true, false, 0.95], "reasoning": "The image clearly shows a green frog sitting on a lily pad in the water. The frog's eyes are visible and clearly defined, indicating that they are not missing. The image is sharp and well-defined, with no visible artifacts or distortions that would affect the quality. The only reason the quality is not 1 is because there is a slight blur on the top part of the image, but it does not affect the main subject."}, {"ans": [true, false, 1.0], "reasoning": "The image is showing a mug with a handle, so the main object is present. The handle is visible, so it is not missing. The image is clear and well-lit, with no visible artifacts or distortions, so the quality is high."}, {"ans": [true, false, 1.0], "reasoning": "The image clearly shows a saxophone, which is the main object. The keys are visible on the saxophone, so they are not missing or not visible. The image is of high quality, with clear details and no visible artifacts or distortions."}, {"ans": [true, false, 1.0], "reasoning": "The image clearly shows a skateboard with wheels. The skateboard is positioned on a brick surface, and all four wheels are visible. The image is clear and well-lit, with no visible artifacts or distortions that would affect the quality."}, {"ans": [true, false, 1.0], "reasoning": "The image shows a fedora hat on a stand, and the brim is clearly visible. The image is of high quality, with no visible artifacts, blurring, or other issues that would affect the quality score."}, {"ans": [true, false, 0.95], "reasoning": "The image clearly shows a motorcycle helmet with a visor. The visor is transparent and appears to be securely attached to the helmet. The image is well-lit and in focus, with no visible artifacts or distortions that would affect the visibility of the helmet or its visor. The quality of the image is high, with a score of 0.95 out of 1. The main object, the motorcycle helmet, is clearly visible, and the visor is also visible and not missing."}, {"ans": [true, true, 1.0], "reasoning": "The image clearly shows a bedframe with an ornate wooden structure, including a headboard and footboard, and the mattress is not present on the bedframe. The image is of high quality, with clear details and no visible artifacts or distortions."}, {"ans": [true, false, 1.0], "reasoning": "The image is showing a clock tower with two visible clock faces. The main object, the clock tower, is present. The clock face is visible on at least one side, so it is not missing or not visible. The image is clear and of high quality, with no visible artifacts or distortions."}, {"ans": [true, false, 0.95], "reasoning": "The image clearly shows a pocket watch with visible hands, so the answer to the first question is True. The hands are present and visible, so the answer to the second question is False. The image is of high quality, with clear details and no visible artifacts or distortions, so the quality score is 0.95. The only reason it is not 1 is because the fabric in the background is slightly blurry."}, {"ans": [true, false, 0.95], "reasoning": "The image clearly shows a bicycle leaning against a wall. The bicycle is red with silver accents and has a visible crankset with pedals attached. The pedals are clearly visible in the image, so they are not missing or invisible. The image is of high quality, with clear details and no visible artifacts or distortions. The only reason for not giving it a perfect score is the slight speckling on the ground, but it doesn't significantly affect the overall quality."}, {"ans": [true, false, 0.9], "reasoning": "The image is a portrait of a woman with visible eyes. The main object, the woman, is clearly depicted, so the answer to the first question is True. The eyes are visible, so the answer to the second question is False. The image quality is high, with clear details and no significant artifacts or distortions, but the texture of the painting slightly decreases the quality score to 0.9."}, {"ans": [true, false, 0.95], "reasoning": "The image clearly shows a grand piano on a stage with spotlights shining down. The lid of the piano is open, and the interior is visible, indicating that the hammers are present and visible. The image is well-lit and of high quality, with no noticeable artifacts or distortions. The only reason the quality score is not 1 is due to the slight shadow and lighting effects that might be considered minor imperfections."}, {"ans": [true, true, 0.95], "reasoning": "The image depicts a sailing ship with two masts and no visible sails, floating on the ocean. The ship is the main object in the image and is clearly visible, so the answer to Question 1 is True. The sails are not visible, so the answer to Question 2 is True. The image is of high quality, with clear details and no visible artifacts or distortions, so the quality score is 0.95."}, {"ans": [true, false, 0.9], "reasoning": "The image depicts a large tree with a sprawling canopy and visible roots, set against a backdrop of a field and other trees. The tree appears to be an oak, given its broad leaves and sturdy branches. The leaves are present and visible, covering the branches. The image is clear and well-defined, with no noticeable artifacts or distortions that would detract from its quality. The overall condition of the image is good, with a quality score of 0.9 out of 1."}, {"ans": [true, false, 0.95], "reasoning": "The image depicts a stone cottage with a door, surrounded by trees and vines. The main object, the cottage, is present, so the answer to the first question is True. The door is visible on the front of the cottage, so the answer to the second question is False. The image is clear and well-defined, with no visible artifacts or distortions, so the quality score is 0.95. The only reason for not giving it a perfect score is the slight fogginess in the background, but it does not affect the main subject."}, {"ans": [true, false, 1.0], "reasoning": "The image clearly shows a passenger jet on a runway. The wings are visible, so they are not missing. The image is clear and of high quality, with no visible artifacts or distortions."}, {"ans": [true, true, 0.95], "reasoning": "The image clearly shows a wristwatch with a white face and brown leather strap, placed in a brown box. The watch face has black hour markers but no numbers, so the numbers are missing. The image is sharp and well-lit, with no visible artifacts or distortions, hence the high quality score of 0.95."}, {"ans": [true, true, 1.0], "reasoning": "The image shows a pizza with a thick crust, topped with red sauce and basil leaves. The crust is golden brown and has a bubbly texture. The pizza is placed on a wooden board, which is sitting on a wooden table. The image is clear and well-lit, with no visible artifacts or distortions. The pizza appears to be a 'Pizza Marinara', which is a type of pizza that typically does not have cheese. Therefore, the answer to Question 1 is True, as the image is showing a pizza. The answer to Question 2 is also True, as the cheese is missing from the pizza. The quality of the image is rated as 1.0, as it is clear and well-lit, with no visible artifacts or distortions."}, {"ans": [true, true, 0.8], "reasoning": "The image is showing traffic signals. There are six traffic signals visible in the image, hanging above the road. The lights within the traffic signals are not visible or are missing, as they appear dark. The image quality is generally good, with clear details of the traffic signals and the surrounding environment. However, the bright light in the background slightly affects the visibility of some details, hence the quality score is 0.8."}, {"ans": [true, false, 1.0], "reasoning": "The image clearly shows a skateboard with a rainbow-colored deck and yellow wheels. The skateboard is positioned on a concrete surface, and the image is well-lit with clear visibility of the skateboard's details. The wheels are visible and attached to the trucks, indicating that they are not missing. The image quality is high, with no visible artifacts, blurring, or other issues that would affect the assessment."}, {"ans": [true, false, 0.95], "reasoning": "The image clearly shows a chessboard with pieces on it. The chessboard is the main object, and it is present. The black pieces are visible on the board, so they are not missing. The image is of high quality, with clear details and no visible artifacts or distortions. The only reason it wouldn't be a perfect 1 is due to the slight angle and the fabric texture, but it doesn't significantly impact the visibility or understanding of the image."}, {"ans": [true, true, 1.0], "reasoning": "The image is showing a red Ferrari sports car, which is a sports car. The brakes are not visible as the wheels are shown from the side and the brake calipers are behind the wheels. The image is of high quality with no visible artifacts, blurring, or other issues."}, {"ans": [true, true, 0.95], "reasoning": "The image clearly shows an open book on a wooden table. The pages of the book are blank and do not contain any text. The image is sharp and well-lit, with no visible artifacts or distortions that would detract from its quality. The main object, the book, is clearly visible and centered in the frame. The quality of the image is high, with a score of 0.95 out of 1. The absence of text on the pages directly answers the second question, indicating that the text is indeed missing or not visible."}, {"ans": [true, false, 0.95], "reasoning": "The image shows a computer tower with its side panel removed, revealing the internal components. The computer tower is clearly visible, so the answer to the first question is True. The fans are also visible inside the computer tower, so the answer to the second question is False. The image is of high quality, with clear details and no visible artifacts or distortions, so the quality score is 0.95."}, {"ans": [true, false, 1.0], "reasoning": "The image clearly shows a scarecrow standing in a wheat field. The scarecrow is wearing a plaid shirt, jeans, and a straw hat, and has its arms outstretched. The arms are visible and appear to be made of straw or hay, attached to the body of the scarecrow. The image is well-lit and in focus, with no visible artifacts or distortions. Therefore, the answer to Question 1 is True, as the image is showing a scarecrow. The answer to Question 2 is False, as the arms are not missing or invisible. The quality of the image is rated as 1.0, as it is clear and well-defined, with no noticeable issues."}, {"ans": [true, true, 0.9], "reasoning": "The image depicts a man in armor, which is consistent with the representation of a knight. The main object, the knight, is present in the image. However, upon closer inspection, it is evident that the knight is not holding a sword, and there is no visible sword in the image. Therefore, the sword is considered missing or not visible. The image quality is high, with clear details and no visible artifacts or distortions that would significantly impact the perception of the main object."}, {"ans": [true, false, 1.0], "reasoning": "The image clearly shows a teapot with a handle, spout, and lid, sitting on a bamboo mat. The teapot is white with a floral design. The handle is visible on the right side of the teapot, indicating it is not missing. The image is sharp and well-lit, with no visible artifacts or distortions, suggesting a high-quality image."}, {"ans": [true, false, 1.0], "reasoning": "The image clearly shows a basketball hoop with a net. The net is visible and attached to the hoop, indicating that it is not missing. The image is sharp and clear, with no visible artifacts or distortions that would affect its quality."}, {"ans": [true, false, 0.95], "reasoning": "The image is showing a dining table setting with plates, cutlery, and glasses. The main object, the dining table, is present. The glasses are visible on the table. The image is clear and well-lit, with no visible artifacts or distortions that would affect the quality score. The quality score is 0.95 due to the slight shadow at the bottom of the image, but it does not significantly impact the overall clarity."}, {"ans": [true, true, 0.95], "reasoning": "The image shows a vintage typewriter on a wooden table, with papers around it. The typewriter is the main focus, and it is clearly visible. The ribbon is not visible, suggesting it might be missing or not properly positioned. The image is clear and well-lit, with no visible artifacts or distortions that would affect the quality. Therefore, the answer to the first question is True because the image is showing a typewriter. The answer to the second question is True because the ribbon is not visible. The quality of the image is rated 0.95 out of 1, as it is clear and sharp, with no noticeable issues."}, {"ans": [true, true, 1.0], "reasoning": "The image shows a winter jacket, which is the main object. The jacket is beige, puffy, and has a fur-lined hood. It is hanging on a black metal bar attached to a white wall. The jacket is fastened with buttons down the front, and there is no visible zipper. The image is clear and well-lit, with no visible artifacts or distortions. The quality of the image is high, so the quality score is 1. For question 1, the image is showing a winter jacket, so the answer is True. For question 2, the zipper is not visible on the jacket, so the answer is True."}, {"ans": [true, true, 1.0], "reasoning": "The image clearly shows a sunflower. The seeds are not visible as they are still in the early stage of development and are covered by the greenish-yellow center of the flower. The image is of high quality with clear details and no visible artifacts or distortions."}, {"ans": [true, false, 0.95], "reasoning": "The image clearly depicts an elephant, so the answer to Question 1 is True. The trunk of the elephant is visible, so the answer to Question 2 is False. The image is of high quality, with clear details and no visible artifacts or distortions, so the quality score is 0.95. The only reason it is not 1 is due to the slight haze in the background, but this does not affect the main subject."}, {"ans": [true, true, 0.95], "reasoning": "The image shows a rowboat floating on a lake. The boat is empty and there are no oars visible inside or outside the boat. The image is clear and well-lit, with no visible artifacts or distortions. The quality of the image is high, with a score of 0.95 out of 1. The main object, the rowboat, is clearly visible and centered in the frame. The absence of oars is also evident, making the answer to the second question true."}, {"ans": [true, true, 0.95], "reasoning": "The image clearly shows a snowman standing in a snowy driveway, wearing a red scarf and a black hat. The snowman has a face with eyes, a nose, and a mouth, but it does not have buttons on its body. The image is sharp and clear, with no visible artifacts or distortions. The quality of the image is high, with a score of 0.95 out of 1. The snowman's buttons are not visible, so the answer to the second question is True."}, {"ans": [true, false, 1.0], "reasoning": "The image is showing a fountain pen on top of a notebook. The pen is transparent, showing the ink inside, so the ink is visible. The image is clear and of high quality, with no visible artifacts or distortions."}, {"ans": [true, false, 1.0], "reasoning": "The image clearly shows a paintbrush with visible bristles on the left side of the frame, next to a paint palette. The paintbrush is the main object in the image and is easily identifiable. The bristles are clearly visible, indicating that they are not missing. The image is of high quality, with clear details and no visible artifacts or distortions. Therefore, the answer to the first question is True, as the image is showing a paintbrush. The answer to the second question is False, as the bristles are visible and not missing. The quality of the image is rated as 1, indicating that it is of high quality."}, {"ans": [true, false, 1.0], "reasoning": "The image clearly shows a pair of eyeglasses with round lenses and a metal frame, placed on top of an open book. The temples of the eyeglasses are visible, indicating that they are not missing. The image is sharp and well-lit, with no visible artifacts or distortions. Therefore, the answer to Question 1 is True, as the image is showing eyeglasses. The answer to Question 2 is False, as the temples are visible. The quality of the image is rated 1.0, as it is clear and well-defined."}, {"ans": [true, true, 0.9], "reasoning": "The image clearly shows a person holding an umbrella while walking down a rainy city street. The umbrella is the main object in the image and is visible, so the answer to the first question is True. The ribs of the umbrella are not visible from the given perspective, as the underside of the umbrella is facing the viewer and the ribs are not visible through the fabric, so the answer to the second question is True. The image quality is high, with clear details of the scene, but the brightness in the center slightly reduces the quality, hence a score of 0.9."}, {"ans": [true, false, 1.0], "reasoning": "The image clearly shows a wristwatch under a glass dome. The watch face is visible and has hour markers in the form of numbers and lines on the outer rim, indicating that the hour markers are not missing. The image is sharp and well-lit, with no visible artifacts or distortions, hence the quality is rated as 1."}, {"ans": [true, false, 1.0], "reasoning": "The image clearly shows a camping tent set up in a grassy field. The tent is partially assembled, with poles visible and holding up the structure. The poles are not missing or invisible; they are clearly visible and appear to be supporting the tent fabric. The image is sharp, with no visible artifacts, blurring, or other quality issues. The main object, the camping tent, is present and well-defined. Therefore, the answer to Question 1 is True because the image is showing a camping tent. The answer to Question 2 is False because the poles are visible and not missing. The quality of the image is rated 1 out of 1 because it is clear and well-defined, with no noticeable quality issues."}, {"ans": [true, false, 0.95], "reasoning": "The image clearly shows a cuckoo clock with intricate carvings and four visible weights hanging from the bottom. The weights are clearly visible, indicating that they are not missing. The image is of high quality, with clear details and no visible artifacts or distortions. The slight shadow on the left side does not affect the overall visibility of the clock or its components."}, {"ans": [true, true, 1.0], "reasoning": "The image shows a smartphone with its screen facing upwards. The phone's screen is visible, and it appears to be a modern smartphone design. The speaker grille is not visible from the given angle, as the phone is shown from the front. Therefore, for Question 1, the answer is True because the image is showing a smartphone. For Question 2, the answer is True because the speaker grille is not visible from the front view of the smartphone. The image quality is rated as 1 because it is clear and sharp, with no visible artifacts or distortions."}, {"ans": [true, true, 0.9], "reasoning": "The image clearly shows a motorcycle positioned on a road, facing the camera. The motorcycle is the main object in the image and is visible in detail. The speedometer is not visible in the image, as it is not within the camera's view or is possibly not present on the motorcycle. The image is of high quality with clear details and no visible artifacts or distortions that would affect the visibility of the motorcycle. The quality score is 0.9 because the image is sharp and well-lit, but it might be slightly overexposed, which could be considered a minor issue."}, {"ans": [true, true, 0.9], "reasoning": "The image shows a violin bow. The bow is lying on a red velvet fabric, and it appears to be a typical violin bow with a wooden stick and metal fittings at both ends. The hair of the bow is not visible, indicating that it is either missing or not visible. The image is clear and well-lit, with no visible artifacts or distortions. The quality of the image is high, with a score of 0.9 out of 1. The slight deduction in quality is due to the presence of some minor sparkles on the fabric, which could be considered a minor artifact."}, {"ans": [true, true, 0.9], "reasoning": "The image shows a birdcage hanging from a porch ceiling. The birdcage is the main object in the image and is clearly visible. There is no visible perch inside the birdcage. The image is of high quality with no noticeable artifacts or distortions. The quality score is 0.9 because the image is very clear and well-lit, but the bright light in the background slightly reduces the overall quality."}, {"ans": [true, false, 1.0], "reasoning": "The image is showing a statue of a woman, and the head is clearly visible. The statue is depicted with intricate details and is set against a backdrop of columns, suggesting a classical or neoclassical architectural style. The image is of high quality, with clear and sharp details, and no visible artifacts or distortions. Therefore, the answer to Question 1 is True, as the image is showing a statue. The answer to Question 2 is False, as the head is not missing or invisible. The quality of the image is rated as 1.0, indicating that it is of very high quality."}, {"ans": [true, false, 1.0], "reasoning": "The image clearly shows a teddy bear sitting on a bed, indicating that the main object is indeed a teddy bear. The teddy bear has a visible nose, which is brown in color. The image is of high quality, with clear details and no visible artifacts or distortions. Therefore, the answer to Question 1 is True, as the image is showing a teddy bear. The answer to Question 2 is False, because the nose is visible on the teddy bear. The quality of the image is rated 1.0, as it is clear and well-defined."}, {"ans": [true, false, 1.0], "reasoning": "The image clearly shows a pair of sneakers with laces. The sneakers are the main object in the image, and they are clearly visible. The laces are also visible and appear to be properly tied. The image is of high quality, with no visible artifacts, blurring, or other issues that would affect the visibility of the sneakers or their laces. Therefore, the answer to Question 1 is True, as the image is showing sneakers. The answer to Question 2 is False, as the laces are visible and not missing. The quality of the image is rated 1.0, as it is clear and well-defined."}, {"ans": [true, false, 1.0], "reasoning": "The image clearly shows a refrigerator with its doors open, revealing the interior. The main object, the refrigerator, is present. The door shelves are visible on the inside of the refrigerator door, so they are not missing or invisible. The image is clear and well-lit, with no visible artifacts, blurring, or other issues that would affect its quality."}, {"ans": [true, false, 0.8], "reasoning": "The image depicts a group of people gathered around a campfire in a forest, with flames clearly visible. The presence of the campfire and the people around it indicates that the main object (campfire) is present, answering the first question as True. The flames are visible, so the second question is answered as False because the flames are not missing or invisible. The image quality is rated 0.8 due to some minor artifacts and unnatural lighting around the fire, but it does not significantly detract from the overall visibility of the scene."}, {"ans": [true, true, 1.0], "reasoning": "The image clearly shows a drinking fountain, which is the main object. The drinking fountain is made of metal and has a sleek design, with a button or lever on the front. The water spout is visible but there is no water coming out, indicating that the water is either not flowing or not visible. The image is of high quality, with clear details and no visible artifacts or distortions."}, {"ans": [true, false, 1.0], "reasoning": "The image clearly shows a revolver with a visible trigger guard. The main object, a revolver, is present and identifiable. The trigger guard is visible and not missing. The image is clear and well-lit, with no visible artifacts or distortions that would affect the quality."}, {"ans": [true, false, 0.9], "reasoning": "The image is a detailed illustration of a compass rose, which is clearly visible and well-defined. The compass rose is adorned with intricate designs and markings, indicating the various directions. A north arrow is present and visible, pointing towards the top of the image. The image quality is high, with clear lines and minimal artifacts. However, there are some minor tears and discolorations around the edges, which slightly reduce the overall quality score to 0.9."}, {"ans": [true, false, 0.9], "reasoning": "The image depicts a futuristic cityscape with several tall, sleek skyscrapers, indicating that the main object (skyscrapers) is present. The skyscrapers have windows that are visible, especially in the vertical strips where lights are seen. The overall quality of the image is high, with clear details and vibrant colors. However, the quality score is not perfect (0.9) due to the slight haze and glow effects that might be considered minor artifacts."}, {"ans": [true, true, 1.0], "reasoning": "The image shows a man in a tuxedo standing on a podium with his right hand raised, likely a conductor. He is holding what appears to be a baton in his left hand, but it is not clearly visible as it is partially obscured by the podium. The presence of an orchestra behind him further supports the identification as a conductor. The image is clear and well-lit, with no visible artifacts or distortions that would detract from its quality."}, {"ans": [true, true, 1.0], "reasoning": "The image shows a soccer goal with two visible posts, but the crossbar is not visible. The main object, the soccer goal, is present. The crossbar is either missing or not visible, as there is no visible connection between the two posts. The image is of high quality, with clear and sharp details, and no visible artifacts or distortions."}, {"ans": [true, false, 1.0], "reasoning": "The image clearly shows a microscope on a table, with the lenses visible and not missing. The microscope is white and black, with three eyepieces and a stage. The image is sharp and well-lit, with no visible artifacts or distortions. The quality of the image is high, with a score of 1."}]