[{"ans": [true, false, 1.0], "reasoning": "The image clearly depicts a sailboat with its sails visible and intact. The sailboat is shown sailing on the water with its sails fully deployed, indicating that the sails are not missing or invisible. The image is of high quality, with clear details and no visible artifacts or distortions."}, {"ans": [true, false, 1.0], "reasoning": "The image clearly shows a bicycle leaning against a brick wall. The bicycle is red with black tires and a black seat. The chain is visible and appears to be intact, connecting the pedals to the gears on the back wheel. The image is clear and well-lit, with no visible artifacts or distortions that would affect the quality. Therefore, the answer to Question 1 is True because the image is showing a bicycle. The answer to Question 2 is False because the chain is visible and not missing. The quality of the image is rated as 1 because it is clear and well-defined, with no noticeable issues."}, {"ans": [true, false, 0.95], "reasoning": "The image clearly shows a cat sitting on a windowsill. The cat is visible from the front, and its whiskers are clearly visible on either side of its nose. The image is sharp and well-defined, with no visible artifacts or distortions that would detract from its quality. The background is blurred, which helps to focus attention on the cat. The overall quality of the image is high, with good lighting and color. Therefore, the answer to Question 1 is True because the image is showing a cat. The answer to Question 2 is False because the whiskers are visible. The quality score is 0.95, indicating a very high-quality image."}, {"ans": [true, true, 1.0], "reasoning": "The image shows a castle gatehouse with two towers and an arched entrance. The gatehouse is made of stone and has a battlemented parapet. There are no gates visible in the entrance. The image is clear and well-defined, with no visible artifacts or distortions."}, {"ans": [true, false, 1.0], "reasoning": "The image clearly shows a hot-air balloon in the sky, and upon closer inspection, the basket is visible below the balloon. The image is of high quality with clear details and no visible artifacts or distortions."}, {"ans": [true, false, 1.0], "reasoning": "The image clearly depicts a turtle with a visible shell. The turtle is shown on a sandy beach with water in the background, and its shell is intact and visible. The image is of high quality, with clear details and no visible artifacts or distortions."}, {"ans": [true, false, 1.0], "reasoning": "The image clearly shows a train at a station platform. The train is silver with a red stripe and has its front facing the viewer. The wheels of the train are visible under the carriage, indicating that they are not missing. The image is sharp and well-lit, with no visible artifacts or distortions that would detract from its quality."}, {"ans": [true, false, 1.0], "reasoning": "The image clearly shows a pair of eyeglasses with lenses. The lenses are visible and not missing. The image is sharp and well-lit, with no visible artifacts or distortions that would affect the quality. Therefore, the quality is rated as 1."}, {"ans": [true, false, 1.0], "reasoning": "The image clearly shows a fountain pen with a visible nib. The pen is centered in the image, and the nib is clearly visible at the tip. The image is sharp and well-lit, with no visible artifacts or distortions. The quality of the image is high, with a clear and detailed view of the pen and its nib."}, {"ans": [true, false, 0.9], "reasoning": "The image is showing an umbrella with a visible canopy, so the answer to the first question is True. The canopy is visible, so the answer to the second question is False. The image is clear and well-lit, with no visible artifacts or distortions, so the quality score is 0.9. The peeling wall in the background does not affect the quality score as it is part of the scene."}, {"ans": [true, false, 1.0], "reasoning": "The image clearly shows a white airplane on a runway, with its wings fully visible. The presence of the airplane directly answers Question 1, confirming that the image is showing an airplane. For Question 2, the wings are not missing or invisible; they are clearly visible on both sides of the airplane. The image is of high quality, with no visible artifacts, blurring, or other issues that would detract from its clarity. Therefore, the quality score is 1.0."}, {"ans": [true, true, 1.0], "reasoning": "The image shows a desk lamp on a table with an open book in front of it. The lamp is brass-colored and has a flexible arm, with its shade directed towards the book. The socket where the bulb should be is visible, but there is no bulb present. The image is clear and well-lit, with no visible artifacts or distortions. Therefore, the main object (desk lamp) is present, and the bulb is missing. The quality of the image is high."}, {"ans": [true, false, 1.0], "reasoning": "The image clearly shows an electric guitar with its neck visible, answering the first question affirmatively. The neck is present and visible, so the answer to the second question is false. The image is of high quality with no visible artifacts, blurring, or other issues that would detract from its clarity."}, {"ans": [true, false, 0.9], "reasoning": "The image clearly shows a fish, specifically a tarpon, swimming in the water. The fish is visible and has fins, so the answer to the first question is True. Since the fins are visible, the answer to the second question is False. The image is of high quality, with clear details and no visible artifacts or distortions, so the quality score is 0.9."}, {"ans": [true, false, 1.0], "reasoning": "The image clearly shows a cottage with a roof, situated in a field. The roof is visible and intact, with no signs of being missing or not visible. The image is of high quality, with clear details and no visible artifacts or distortions. Therefore, the answer to Question 1 is True, as the image is showing a cottage. The answer to Question 2 is False, as the roof is not missing or not visible. The quality of the image is rated 1.0, as it is clear and well-defined."}, {"ans": [true, false, 0.9], "reasoning": "The image shows a car, specifically a vintage convertible with a red interior and white exterior. The windshield is visible, although it is not the main focus of the image. The image is of high quality, with clear details and no noticeable artifacts or distortions. However, the quality score is not 1 because the image appears to be slightly over-processed or edited, giving it a somewhat unnatural look."}, {"ans": [true, false, 1.0], "reasoning": "The image clearly shows a keyboard with a visible spacebar. The keyboard is well-lit and has a rainbow-colored backlight, making it easy to see all the keys, including the spacebar. The image is of high quality, with no visible artifacts or distortions."}, {"ans": [true, false, 1.0], "reasoning": "The image clearly shows an owl with visible feathers perched on a branch. The owl is centered and its feathers are detailed, indicating that the feathers are not missing or invisible. The image is of high quality with no visible artifacts, blurring, or other issues that would detract from its clarity."}, {"ans": [true, false, 0.95], "reasoning": "The image shows a large, brown leather-bound book lying on a wooden surface. The book is positioned with its cover facing upwards and its pages visible on the right side. The presence of the book is clear, so the answer to the first question is True. The pages are visible on the right side of the book, indicating that they are not missing, so the answer to the second question is False. The image is clear and well-lit, with no visible artifacts or distortions that would affect the quality score. However, the quality score is not 1 because the image is not perfectly sharp, and there is some slight shadowing around the edges of the book."}, {"ans": [true, false, 1.0], "reasoning": "The image clearly shows a lighthouse, which is the main object in the image. The lighthouse is white with a black railing around the top and a lit lamp inside the glass enclosure, indicating that the lamp is present and visible. The image is sharp and clear, with no visible artifacts, blurring, or other issues that would affect its quality. Therefore, the answer to Question 1 is True because the image is showing a lighthouse. The answer to Question 2 is False because the lamp is visible and not missing. The quality score is 1 because the image is clear and of high quality."}, {"ans": [true, false, 1.0], "reasoning": "The image shows a clear and well-defined armchair with visible legs. The chair is centered in the image, and its features are easily discernible. The legs of the chair are visible, indicating that they are not missing. The image quality is high, with no noticeable artifacts, blurring, or other issues that would detract from the overall clarity of the image."}, {"ans": [true, false, 0.9], "reasoning": "The image clearly shows a deer with antlers standing in a forest. The deer is centered and facing the camera, with its antlers visible. The image is sharp and well-lit, with no noticeable artifacts or distortions. The quality of the image is high, with a score of 0.9. The main object (deer) is present, so the answer to the first question is True. The antlers are visible, so the answer to the second question is False."}, {"ans": [true, false, 1.0], "reasoning": "The image shows two white envelopes, one on top of the other, on a marble surface. The top envelope is fully visible and has a flap, which is a key element of an envelope. The presence of the flap means it is not missing or invisible. The image is clear and well-defined, with no visible artifacts, blurring, or other issues that would affect its quality."}, {"ans": [true, true, 1.0], "reasoning": "The image clearly shows a wall clock on a white wall above a mantle. The clock face is white with black hands and black lines indicating the hours, but it does not display numbers. Therefore, the answer to Question 1 is True because the image is showing a wall clock. The answer to Question 2 is True because the numbers are indeed missing or not visible on the clock face. The quality of the image is rated as 1.0 because it is clear, sharp, and free of artifacts or distortions."}, {"ans": [true, false, 1.0], "reasoning": "The image depicts an astronaut in a white space suit floating in water. The space suit is clearly visible and appears to be intact, with the helmet securely on the astronaut's head. The image is of high quality, with clear details and no visible artifacts or distortions. The astronaut's helmet is visible and not missing, so the answer to the second question is false."}, {"ans": [true, false, 1.0], "reasoning": "The image clearly shows a windmill with blades in a field. The main object, the windmill, is present and identifiable. The blades are also visible and not missing. The image is clear and of high quality, with no visible artifacts, blurring, or other issues that would affect the quality score."}, {"ans": [true, true, 1.0], "reasoning": "The image clearly depicts a large tree without leaves, standing in a field. The tree's branches are bare, indicating that it is either winter or the tree is dead. The image is of high quality, with clear details and no visible artifacts or distortions. Therefore, the answer to the first question is True because the image is showing a tree. The answer to the second question is also True because the leaves are missing. The quality of the image is rated 1.0 because it is clear and well-defined."}, {"ans": [true, true, 1.0], "reasoning": "The image shows a yellow school bus parked in front of a gray wall. The bus is visible from the side, and its doors are not visible in the frame. The image is clear and well-lit, with no visible artifacts or distortions. The quality of the image is high, with a score of 1.0. For question 1, the image is showing a bus, so the answer is True. For question 2, the doors are not visible, so the answer is True."}, {"ans": [true, false, 1.0], "reasoning": "The image clearly shows a laptop with its screen visible. The laptop is positioned on a wooden table against a plain white wall. The screen is turned on and displays a blank screen, indicating that it is not missing or invisible. The image is sharp and well-lit, with no visible artifacts or distortions. Therefore, the answer to Question 1 is True, as the image is showing a laptop. The answer to Question 2 is False, as the screen is visible. The quality of the image is rated as 1, as it is clear and well-defined."}, {"ans": [true, true, 0.95], "reasoning": "The image clearly shows a trumpet, which is the main object in question. The trumpet is visible and identifiable, answering the first question affirmatively. Upon closer inspection, it's evident that the mouthpiece is not attached to the trumpet; it's missing. Therefore, the answer to the second question is also affirmative because the mouthpiece is indeed missing. The image quality is high, with clear details of the trumpet and its components. The red fabric background is slightly wrinkled but does not detract from the overall clarity of the image. The score for image quality is 0.95, deducted slightly due to the fabric's texture and minor reflections on the trumpet."}, {"ans": [true, false, 1.0], "reasoning": "The image clearly shows a robot with a visible head. The robot is standing in a futuristic hallway with a human in the background. The image is sharp and well-lit, with no visible artifacts or distortions. The quality of the image is high, and it effectively conveys the presence of a robot with a head."}, {"ans": [true, true, 1.0], "reasoning": "The image shows a candle on a metal plate. The candle is cylindrical and has vertical ridges on its surface. The top of the candle is flat and does not show any visible wick. For Question 1, the image is showing a candle, so the answer is True. For Question 2, the wick is not visible, so the answer is True. The image is clear and well-lit, with no visible artifacts or distortions, so the quality is rated as 1.0."}, {"ans": [true, false, 0.95], "reasoning": "The image is a clear and well-lit representation of a pizza. The crust is visible, and the toppings are clearly identifiable, including tomato sauce and basil leaves. There are visible patches of melted cheese between the tomatoes and basil leaves, indicating that the pizza is not without cheese. The image is sharp and free of significant artifacts or distortions, suggesting a high-quality image. The quality score is 0.95, deducting 0.05 for minor imperfections in the crust's representation and the background."}, {"ans": [true, false, 0.95], "reasoning": "The image is showing a DSLR camera with a lens attached. The lens is clearly visible and appears to be properly mounted on the camera body. The image is sharp and well-lit, with no visible artifacts or distortions. The quality of the image is high, with a score of 0.95 out of 1. The main object, the DSLR camera, is present and identifiable. The lens is also present and visible, so the answer to the second question is False."}, {"ans": [true, true, 1.0], "reasoning": "The image clearly shows a grand piano on a stage in an auditorium. The piano's lid is open, and the keys are not visible, indicating they are either missing or not visible due to the angle or obstruction. The image is of high quality, with clear details and no visible artifacts or distortions."}, {"ans": [true, false, 1.0], "reasoning": "The image clearly shows a paintbrush with visible bristles, lying next to a paint palette. The paintbrush is the main object in the image and is easily identifiable. The bristles are visible and not missing. The image is of high quality with no visible artifacts, blurring, or other issues that would affect the clarity of the objects depicted."}, {"ans": [true, false, 1.0], "reasoning": "The image is clearly showing a watch with a strap. The strap is visible and not missing. The image is of high quality with no visible artifacts or blurring."}, {"ans": [true, false, 0.95], "reasoning": "The image shows a man with his mouth open, undergoing a dental examination. The mouth is clearly visible, and the tongue is also visible inside the mouth. The image is clear and well-lit, with no visible artifacts or distortions that would affect the quality. The quality score is 0.95 because the image is very clear and detailed, with no noticeable issues."}, {"ans": [true, false, 0.95], "reasoning": "The image clearly shows a motorcycle, so the answer to Question 1 is True. The handlebars are visible in the image, so the answer to Question 2 is False. The image is well-lit and has no visible artifacts or distortions, but the bright lights in the background cause some overexposure, hence the quality score is 0.95 instead of 1."}, {"ans": [true, false, 0.95], "reasoning": "The image is showing a television, which is the main object in the image. The television has a visible screen, so the screen is not missing. The image is clear and well-lit, with no visible artifacts or distortions. The quality of the image is high, with a score of 0.95 out of 1. The only reason for not giving it a perfect score is the slight shadow on the wall behind the TV and the slight texture on the rug, but these do not significantly affect the overall quality."}, {"ans": [true, false, 1.0], "reasoning": "The image clearly depicts a goat with horns standing on a rocky outcrop. The goat is white and has a shaggy coat, with its head turned to the left. The horns are visible and appear to be a light brown color. The background is blurred but appears to be a mountainous landscape. The image is of high quality, with clear details and no visible artifacts or distortions."}, {"ans": [true, false, 1.0], "reasoning": "The image clearly shows a red sneaker with white soles and laces. The laces are visible and not missing. The image is of high quality, with clear details and no visible artifacts or distortions."}, {"ans": [true, false, 0.95], "reasoning": "The image clearly shows a green frog sitting on a leaf over water. The frog's eyes are visible and clearly seen, so the answer to the second question is False. The image is sharp and clear, with no visible artifacts or distortions that would affect the quality score. The only reason the quality score is not 1 is because the image is slightly over-sharpened, giving it a slightly unnatural look."}, {"ans": [true, false, 1.0], "reasoning": "The image shows a mug with a handle on the right side. The mug is white with a blue floral pattern and is placed on a matching saucer. The handle is visible and intact. The image is clear and well-lit, with no visible artifacts or distortions. Therefore, the answer to Question 1 is True because the image is showing a mug. The answer to Question 2 is False because the handle is present and visible. The quality of the image is rated 1.0 because it is clear and well-defined, with no noticeable issues."}, {"ans": [true, false, 1.0], "reasoning": "The image clearly shows a saxophone with its keys visible. The saxophone is the main object in the image, and it is depicted in a clear and detailed manner. The keys are also visible, indicating that they are not missing. The image is of high quality, with no visible artifacts, blurring, or other issues that would affect its clarity. Therefore, the answer to Question 1 is True, as the image is showing a saxophone. The answer to Question 2 is False, as the keys are not missing or not visible. The quality of the image is rated as 1.0, indicating that it is of very high quality."}, {"ans": [true, false, 1.0], "reasoning": "The image clearly shows a skateboard with wheels on top of a broken brick. The skateboard is the main object in the image and is fully visible. The wheels are also visible and appear to be intact. The image is sharp and well-lit, with no visible artifacts or distortions. Therefore, the answer to Question 1 is True, as the image is showing a skateboard. The answer to Question 2 is False, as the wheels are not missing or invisible. The quality of the image is rated as 1.0, as it is clear and well-defined, with no visible issues."}, {"ans": [true, false, 1.0], "reasoning": "The image clearly shows a fedora hat with a visible brim. The hat is centered and well-lit, with no visible artifacts or distortions that would affect the quality of the image. The brim is present and clearly visible, so it is not missing or invisible."}, {"ans": [true, false, 1.0], "reasoning": "The image clearly shows a motorcycle helmet with a visor. The visor is present and visible, attached to the helmet. The image is sharp and well-lit, with no visible artifacts or distortions that would affect the quality. Therefore, the answer to Question 1 is True because the image is showing a motorcycle helmet. The answer to Question 2 is False because the visor is not missing and is clearly visible. The quality of the image is rated 1.0 because it is clear and well-defined, with no issues that would detract from the visibility of the helmet or visor."}, {"ans": [true, true, 1.0], "reasoning": "The image clearly shows a bedframe without a mattress. The bedframe is the main object in the image, and it is visible and well-defined. The absence of a mattress is also evident, as the slats are visible. The image is of high quality, with clear details and no visible artifacts or distortions."}, {"ans": [true, false, 1.0], "reasoning": "The image is showing a clock tower with a visible clock face on at least one side. The clock tower is the main object in the image and is clearly visible. The clock face is also visible, so it is not missing. The image is clear and of high quality, with no visible artifacts or distortions."}, {"ans": [true, false, 1.0], "reasoning": "The image clearly shows a pocket watch with visible hands. The pocket watch is centered in the image, and its face is open, revealing the clock's inner mechanisms and the hour and minute hands. The image is sharp and well-lit, with no visible artifacts or distortions that would detract from its quality."}, {"ans": [true, false, 1.0], "reasoning": "The image clearly shows a bicycle. The bicycle has a red frame and is positioned against a stone wall. The pedals are visible and appear to be attached to the bicycle, indicating they are not missing. The image is clear and well-defined, with no visible artifacts or distortions that would affect the quality."}, {"ans": [true, false, 0.9], "reasoning": "The image is a portrait of a woman with her eyes visible. The main object, a woman, is clearly present in the image. The eyes are also visible, so they are not missing or invisible. The image is of high quality, with clear details and no visible artifacts or distortions. However, the quality score is not 1 because the image appears to be a digital rendering or painting, which might slightly reduce its realism compared to a photograph."}, {"ans": [true, true, 1.0], "reasoning": "The image clearly shows a grand piano on a stage with spotlights shining down. The lid of the piano is open, revealing the interior. However, the hammers inside the piano are not visible due to the angle and the darkness inside the piano. The image is of high quality with no visible artifacts, blurring, or other issues that would detract from its clarity."}, {"ans": [true, false, 1.0], "reasoning": "The image clearly depicts a sailing ship with its sails visible and intact. The main object, the sailing ship, is present in the image, so the answer to the first question is True. Since the sails are visible and not missing, the answer to the second question is False. The image is of high quality, with no visible artifacts, blurring, or other issues that would detract from its clarity or realism, so the quality score is 1.0."}, {"ans": [true, false, 1.0], "reasoning": "The image shows a large tree with a thick trunk and sprawling branches covered in green leaves. The tree is centered in the image, standing on a grassy hill with other trees visible in the background. The sky is clear and blue. The tree appears to be an oak tree due to its characteristic shape and leaf structure. The leaves are clearly visible, so they are not missing or invisible."}, {"ans": [true, false, 0.9], "reasoning": "The image shows a stone house with a brown door, surrounded by trees and greenery. The house has a tiled roof and chimneys, and the door is visible and not missing. The image is clear and well-defined, with no visible artifacts or distortions that would affect the quality. The quality score is 0.9 because the image is very clear and detailed, with no noticeable issues."}, {"ans": [true, false, 1.0], "reasoning": "The image clearly shows a passenger jet on a runway. The wings are visible and appear to be intact. The image is of high quality, with clear details and no visible artifacts or distortions."}, {"ans": [true, true, 1.0], "reasoning": "The image is showing a wristwatch with a black face and black leather strap on a brown leather surface. The watch face is black with silver hands and a silver bezel, but there are no numbers visible on the face. The image is clear and well-lit, with no visible artifacts or distortions. The watch is the main focus of the image, and it is displayed prominently. Therefore, the answer to Question 1 is True, as the image is showing a wristwatch. The answer to Question 2 is also True, as the numbers are not visible on the watch face. The quality of the image is rated as 1.0, as it is clear and well-lit with no visible issues."}, {"ans": [true, false, 1.0], "reasoning": "The image clearly shows a pizza with a visible crust, sauce, cheese, and basil leaves. The cheese is melted and visible on the pizza, so it is not missing. The image is of high quality, with clear details and no visible artifacts or distortions."}, {"ans": [true, false, 1.0], "reasoning": "The image clearly shows traffic signals hanging above a city street. The traffic signals are visible and have lights on them, indicating that they are operational. The lights are clearly visible, so they are not missing or invisible. The image is sharp and clear, with no visible artifacts or distortions, indicating a high-quality image."}, {"ans": [true, false, 1.0], "reasoning": "The image clearly shows a skateboard with wheels. The skateboard is positioned on a gray surface, with its deck featuring a pink, blue, and purple design. The trucks and wheels are visible and appear to be in good condition. All four wheels are present and visible, so they are not missing. The image is well-lit and in focus, with no visible artifacts or distortions that would affect the quality."}, {"ans": [true, true, 0.9], "reasoning": "The image clearly depicts a chessboard with pieces arranged on it, confirming that it is showing a chessboard. The presence of the chessboard and pieces satisfies the first question. For the second question, the black pieces are not visible on the board as they are either captured or not placed on the board, thus they are considered missing or not visible. The image quality is high with clear details of the chessboard and pieces, and there are no significant artifacts or distortions that would detract from the overall quality, hence a quality score of 0.9."}, {"ans": [true, true, 1.0], "reasoning": "The image shows a red Ferrari sports car in a well-lit room. The car is clearly visible, and its sports car design is evident. The brakes are not visible as the image does not show the brake calipers or pads, and the wheels obscure part of the brake system. The image is of high quality, with clear details and no visible artifacts or distortions."}, {"ans": [true, false, 1.0], "reasoning": "The image clearly shows an open book on a wooden surface. The book is open to a page with text on both sides, indicating that it is a book with content. The text is visible and legible, suggesting that the image is of high quality. There are no visible artifacts, blurring, or other issues that would detract from the quality of the image. Therefore, the answer to Question 1 is True because the image is showing a book. The answer to Question 2 is False because the text is visible and not missing. The quality of the image is rated as 1.0 because it is clear and well-defined, with no noticeable issues."}, {"ans": [true, false, 1.0], "reasoning": "The image clearly shows a computer tower with visible internal components and fans. The main object, the computer tower, is present. The fans are visible on the side panel of the tower, indicating they are not missing. The image is of high quality, with clear details and no visible artifacts or distortions."}, {"ans": [true, false, 1.0], "reasoning": "The image clearly depicts a scarecrow standing in a wheat field. The scarecrow is wearing a straw hat, a plaid shirt, and jeans, and is attached to a wooden post. The scarecrow's arms are visible and outstretched, indicating that they are not missing. The image is well-lit and in focus, with no visible artifacts or distortions. Therefore, the answer to Question 1 is True, as the image is showing a scarecrow. The answer to Question 2 is False, as the arms are visible and not missing. The quality of the image is rated as 1.0, as it is clear and well-defined, with no issues affecting its quality."}, {"ans": [true, false, 0.95], "reasoning": "The image depicts a man dressed in armor, holding a sword, which aligns with the definition of a knight. The presence of the sword is evident as it is being held by the knight, indicating that the sword is not missing. The image quality is high, with clear details of the armor and the sword, though there is a slight dark vignette effect around the edges which might slightly reduce the overall quality score."}, {"ans": [true, false, 0.95], "reasoning": "The image clearly shows a teapot with a floral design on a bamboo tray. The teapot is white and has a handle, spout, and lid. The handle is visible on the right side of the teapot. The image is clear and well-lit, with no visible artifacts or distortions that would affect the quality. The quality score is 0.95 because the image is very clear and detailed, with no noticeable issues."}, {"ans": [true, false, 0.9], "reasoning": "The image clearly shows a basketball hoop with a net, so the answer to the first question is True. The net is visible and attached to the hoop, so the answer to the second question is False. The image is well-lit and in focus, with no visible artifacts or distortions, so the quality score is 0.9. The slight rust on the backboard's frame does not significantly impact the image quality."}, {"ans": [true, false, 1.0], "reasoning": "The image shows a dining table set with plates, utensils, and glasses. The main object, the dining table, is present. The glasses are visible on the table, so they are not missing. The image is clear and well-lit, with no visible artifacts or distortions. Therefore, the quality of the image is rated as 1.0."}, {"ans": [true, false, 0.95], "reasoning": "The image clearly shows a vintage typewriter on a wooden desk, with a sheet of paper loaded into it. The typewriter is the main focus of the image, and it appears to be in good condition, with visible keys and mechanical parts. The ribbon is visible and appears to be present, although partially obscured by the paper. The image is well-lit and in focus, with no visible artifacts or distortions. The quality of the image is high, with a score of 0.95 out of 1. The main object, the typewriter, is clearly visible, so the answer to the first question is True. The ribbon is visible, so the answer to the second question is False."}, {"ans": [true, true, 1.0], "reasoning": "The image shows a winter jacket, specifically a puffer jacket, hanging on a hanger against a gray background. The jacket is beige in color and has a hood, two pockets, and buttons down the front. There is no visible zipper on the jacket. The image is clear and well-lit, with no visible artifacts or distortions. Therefore, the answer to Question 1 is True because the image is showing a winter jacket. The answer to Question 2 is True because the zipper is not visible on the jacket. The quality of the image is rated as 1.0 because it is clear and well-lit, with no visible issues."}, {"ans": [true, false, 0.9], "reasoning": "The image clearly shows a sunflower with visible seeds in the center. The main object, a sunflower, is present and identifiable. The seeds are visible, so they are not missing or invisible. The image is sharp and well-lit, with no noticeable artifacts or distortions that would affect its quality. The quality score is 0.9 because the image is very clear, but it might not be perfect due to minor potential issues like slight overexposure or minor compression artifacts not immediately visible."}, {"ans": [true, false, 1.0], "reasoning": "The image clearly shows an elephant, so the answer to the first question is True. The trunk of the elephant is visible and not missing, so the answer to the second question is False. The image is of high quality with clear details and no visible artifacts or distortions, so the quality score is 1.0."}, {"ans": [true, true, 1.0], "reasoning": "The image depicts a wooden rowboat floating on calm water. The boat is empty and facing the viewer directly, with its bow pointing upwards. The interior of the boat is visible, showing the wooden slats and seats. There are no oars visible in the image. The image is clear and well-lit, with no visible artifacts or distortions. The quality of the image is high, with a score of 1.0. For question 1, the image is showing a rowboat, so the answer is True. For question 2, the oars are not visible in the image, so the answer is True."}, {"ans": [true, false, 0.95], "reasoning": "The image clearly shows a snowman with a hat and scarf, standing in a snowy yard. The snowman has three large snowballs stacked on top of each other, with a carrot nose and coal eyes. It is wearing a red scarf and a black top hat. The buttons on the snowman's body are visible, so the answer to the second question is False. The image is of high quality, with clear details and no visible artifacts or distortions, so the quality score is 0.95."}, {"ans": [true, false, 1.0], "reasoning": "The image clearly shows a fountain pen on top of a spiral-bound notebook. The pen is black with gold accents and has a transparent section showing the ink level, indicating that it is a fountain pen. The ink is visible in the pen, so it is not missing. The image is of high quality, with no visible artifacts, blurring, or other issues that would detract from its clarity. Therefore, the answer to Question 1 is True because the image is showing a fountain pen. The answer to Question 2 is False because the ink is visible in the pen. The quality score is 1.0 because the image is clear and well-defined."}, {"ans": [true, false, 1.0], "reasoning": "The image clearly shows a paintbrush with visible bristles. The bristles are not missing or invisible, they are clearly seen at the tip of the brush. The image is of high quality, with no visible artifacts, blurring, or other issues that would detract from its clarity. Therefore, the answer to the first question is True because the image is showing a paintbrush. The answer to the second question is False because the bristles are visible. The quality of the image is rated as 1, indicating it is of very high quality."}, {"ans": [true, false, 1.0], "reasoning": "The image clearly shows a pair of eyeglasses placed on top of a stack of papers. The eyeglasses are visible with both lenses and the frames, and the temples are also visible, although they are bent and not fully extended. The image is sharp and clear, with no visible artifacts or distortions. The quality of the image is high, with a score of 1.0. For question 1, the answer is True because the image is showing eyeglasses. For question 2, the answer is False because the temples are visible, although not fully extended."}, {"ans": [true, false, 0.95], "reasoning": "The image clearly shows a person holding an umbrella on a rainy day. The umbrella is visible and appears to be intact with its ribs visible through the fabric. The image is sharp and well-lit, with a clear view of the umbrella and the surrounding environment. The quality of the image is high, with no noticeable artifacts or distortions. The ribs of the umbrella are visible, indicating that they are not missing."}, {"ans": [true, false, 0.95], "reasoning": "The image clearly shows a wristwatch with a visible face and internal mechanisms. The hour markers are visible on the watch face, specifically the Roman numeral 'XII' and other markers around the edge. The image is of high quality, with clear details and no visible artifacts or distortions. The slight deduction in quality score is due to the presence of a slight shadow around the watch, but it does not significantly impact the overall clarity."}, {"ans": [true, true, 1.0], "reasoning": "The image shows a camping tent without visible poles. The tent is set up on a grassy field, and its fabric is stretched out, indicating that it is supported by some structure, but the poles themselves are not visible. The image is clear and well-lit, with no visible artifacts or distortions, hence the quality score is 1.0."}, {"ans": [true, false, 1.0], "reasoning": "The image clearly shows a cuckoo clock with intricate carvings and details, including weights hanging from the bottom. The clock is prominently displayed against a wooden log wall background. The weights are visible and appear to be part of the clock's mechanism. The image is of high quality, with clear details and no visible artifacts or distortions."}, {"ans": [true, true, 1.0], "reasoning": "The image clearly shows a smartphone. The speaker grille is not visible from the angle the smartphone is shown, as it is on the bottom edge and partially visible, but it is there. However, the question is whether it is 'missing or not visible,' and since it's not fully visible due to the angle and the phone's orientation, it can be considered not visible. The image is of high quality with no visible artifacts or distortions."}, {"ans": [true, true, 1.0], "reasoning": "The image clearly shows a motorcycle, so the answer to the first question is True. The speedometer is not visible in the image, so the answer to the second question is True. The image is clear and well-lit, with no visible artifacts or distortions, so the quality score is 1.0."}, {"ans": [true, true, 1.0], "reasoning": "The image shows a violin bow with a visible stick and metal fittings, but the hair is not visible, indicating it is either missing or not visible. The image is clear and well-lit, with no visible artifacts or distortions, hence the quality score is 1."}, {"ans": [true, true, 0.95], "reasoning": "The image shows a birdcage hanging from the ceiling of a porch. The birdcage is the main object in the image and is clearly visible. Therefore, the answer to Question 1 is True. Upon closer inspection, it is evident that there is no visible perch inside the birdcage. Hence, the answer to Question 2 is True. The image is of high quality, with clear details and no visible artifacts or distortions, thus the quality score is 0.95."}, {"ans": [true, false, 1.0], "reasoning": "The image depicts a statue of a woman in a classical style, standing between columns. The statue is intact and has a head, which is visible. Therefore, for Question 1, the answer is True because the image is showing a statue. For Question 2, the answer is False because the head is not missing; it is clearly visible. The quality of the image is rated 1.0 because it is clear, detailed, and free of artifacts or distortions."}, {"ans": [true, false, 0.95], "reasoning": "The image clearly shows a teddy bear sitting on a bed, so the answer to the first question is True. The teddy bear has a visible nose, so the answer to the second question is False. The image is of high quality, with clear details and no visible artifacts or distortions, so the quality score is 0.95. The slight deduction from 1 is due to the slight blurring of the background, but it does not affect the main subject."}, {"ans": [true, false, 0.95], "reasoning": "The image clearly shows a pair of sneakers with laces. The main object (sneakers) is present, so the answer to the first question is True. The laces are visible, so the answer to the second question is False. The image quality is high with clear details and no visible artifacts or distortions, so the quality score is 0.95."}, {"ans": [true, false, 0.95], "reasoning": "The image clearly shows a refrigerator with its door open, revealing the interior. The refrigerator is white and has multiple shelves inside. The door shelves are visible on the right-hand side of the open door. The image is sharp and well-lit, with no noticeable artifacts or distortions. The main object, the refrigerator, is clearly visible, so the answer to the first question is True. The door shelves are also visible, so the answer to the second question is False. The quality of the image is high, with a score of 0.95, as it is clear and well-rendered, with no significant issues."}, {"ans": [true, false, 0.8], "reasoning": "The image clearly shows a group of women sitting around a campfire, with visible flames. The presence of the campfire and the flames answers the first question affirmatively. For the second question, the flames are clearly visible, so the answer is false. The image quality is rated 0.8 because, while the main elements are clear, there is some noticeable darkness and potential artifacts around the edges, but these do not significantly detract from the overall clarity of the campfire and the people around it."}, {"ans": [true, false, 1.0], "reasoning": "The image shows a drinking fountain with water flowing from it. The main object, a drinking fountain, is clearly visible, so the answer to the first question is True. The water is also visible as it flows from the fountain, so the answer to the second question is False. The image is clear and of high quality, with no visible artifacts or distortions, so the quality score is 1.0."}, {"ans": [true, false, 1.0], "reasoning": "The image clearly shows a revolver. The revolver has a visible trigger guard around the trigger. The image is sharp and well-lit, with no visible artifacts or distortions that would affect the quality. Therefore, the main object (revolver) is present, the trigger guard is visible, and the image quality is high."}, {"ans": [true, false, 0.9], "reasoning": "The image depicts a compass rose, which is a circular figure with directions marked around it. The compass rose is intricately designed with various elements, including a north arrow that is clearly visible. The presence of the compass rose and the north arrow indicates that the image is showing a compass rose with a north arrow. Therefore, the answer to the first question is True. The north arrow is visible in the image, so the answer to the second question is False. The image is of high quality, with clear details and no visible artifacts or distortions, so the quality score is 0.9."}, {"ans": [true, false, 1.0], "reasoning": "The image clearly shows several skyscrapers with visible windows, indicating that the main object (skyscrapers) is present. The windows are also visible on the skyscrapers, so they are not missing or invisible. The image is of high quality with no visible artifacts, blurring, or other issues that would affect the quality score."}, {"ans": [true, true, 1.0], "reasoning": "The image shows a man in a black tuxedo with a white shirt and bow tie, standing behind a podium with his hands raised. He is likely a conductor, as indicated by his attire and the presence of musicians in the foreground. The baton is not visible in his hands, suggesting it is either missing or not visible. The image is clear and well-lit, with no visible artifacts or distortions."}, {"ans": [true, false, 1.0], "reasoning": "The image clearly shows a soccer goal with a crossbar and netting. The crossbar is visible, connecting the two goalposts. The image is of high quality, with clear details and no visible artifacts or distortions."}, {"ans": [true, false, 0.95], "reasoning": "The image clearly shows a microscope on a table. The microscope has two eyepieces and an objective lens visible, indicating that it is equipped with lenses. The image is sharp and well-lit, with no visible artifacts or distortions that would detract from its quality. The only reason for not giving it a perfect score is the slight blurring of the background, but this does not affect the main subject, which is the microscope."}, {"ans": [true, false, 1.0], "reasoning": "The image clearly shows a guitar with strings. The main object, the guitar, is present and identifiable. The strings are visible and attached to the guitar, indicating they are not absent. The image is sharp and clear, with no visible artifacts or distortions that would affect the quality."}, {"ans": [true, false, 1.0], "reasoning": "The image is clearly showing a bicycle with both wheels visible. The bicycle is positioned on a cobblestone surface with a canal and buildings in the background. The image is sharp and well-defined, with no visible artifacts or distortions that would affect the quality. Therefore, the answer to Question 1 is True because the image is showing a bicycle. The answer to Question 2 is False because the wheels are not missing or invisible; they are clearly visible. The quality of the image is rated as 1 because it is clear and well-defined, with no noticeable issues."}, {"ans": [true, false, 1.0], "reasoning": "The image clearly shows an owl perched on a wooden post with a full moon in the background. The owl is facing forward, and its eyes are clearly visible. Therefore, the answer to Question 1 is True because the image is showing an owl. The answer to Question 2 is False because the eyes are not absent; they are clearly visible. The quality of the image is rated 1.0 because it is clear and sharp, with no visible artifacts, blurring, or other issues that would detract from its quality."}, {"ans": [true, false, 1.0], "reasoning": "The image is clearly showing a car. The car has doors, which are visible on the side. The image is of high quality, with no visible artifacts, blurring, or other issues that would affect the quality score."}, {"ans": [true, false, 0.9], "reasoning": "The image depicts a castle on a rocky outcrop, with towers and battlements visible. The castle has multiple windows on its towers, indicating that it is not without windows. Therefore, the answer to Question 1 is True, as the image is showing a castle. For Question 2, since the windows are visible on the towers, the answer is False, as the windows are not absent. The image quality is rated 0.9 because it is clear and detailed, with no visible artifacts or distortions that would detract from the overall clarity of the image."}, {"ans": [true, false, 1.0], "reasoning": "The image clearly shows a pocket watch with a white face and black Roman numerals, indicating the time. The watch is centered and well-lit, with no visible artifacts or distortions. The numbers on the watch face are clearly visible, so they are not missing or invisible."}, {"ans": [true, false, 0.95], "reasoning": "The image clearly depicts a Ferris wheel, which is the main object in question. The Ferris wheel is shown with its cabins intact and visible, indicating that the cabins are not missing. The image is of high quality, with clear details and no visible artifacts or distortions that would detract from its quality. The slight decrease in quality score is due to the image being a bit overexposed in some areas, but it does not significantly impact the visibility of the main object or its details."}, {"ans": [true, false, 0.95], "reasoning": "The image shows a cat sleeping on a windowsill. The cat is clearly visible and appears to be an orange tabby with distinctive stripes. The tail is visible and extended behind the cat, indicating that it is not absent. The image is sharp and well-lit, with no visible artifacts or distortions that would detract from its quality. The only reason for not giving it a perfect score is that the image is slightly cropped, but this does not affect the visibility of the main object or the tail."}, {"ans": [true, false, 1.0], "reasoning": "The image clearly depicts an elephant with its trunk visible, standing in a field of tall, yellow grass. The elephant is centered in the image, facing forward, and its trunk is hanging down. The background shows other elephants and trees, but they are not the main focus. The image is sharp and well-defined, with no visible artifacts or distortions. Therefore, the answer to Question 1 is True because the image is showing an elephant. The answer to Question 2 is False because the trunk is visible. The quality of the image is rated 1.0 because it is clear and well-defined, with no visible issues."}, {"ans": [true, false, 0.9], "reasoning": "The image is showing a tree with visible branches, so the main object is present. The branches are clearly visible, so they are not absent. The image quality is high, with clear details of the tree and its surroundings. The only reason for not giving it a perfect score is the slight fog in the background, but it doesn't significantly affect the visibility of the main object."}, {"ans": [true, false, 1.0], "reasoning": "The image clearly shows a chair with legs, so the main object is present. The legs are visible, so they are not missing or not visible. The image is of high quality with no visible artifacts, blurring, or other issues."}, {"ans": [true, true, 0.95], "reasoning": "The image shows a large sailing ship with three masts on the water. The ship is white with a black stripe along the side and has multiple windows and a wooden deck. The sails are not visible, indicating they are either missing or not deployed. The image is clear and well-lit, with a clear blue sky and calm waters. The quality of the image is high, with no visible artifacts or distortions."}, {"ans": [true, false, 1.0], "reasoning": "The image clearly shows a painter's palette with various colors of paint on it. The palette is the main object in the image and is easily identifiable. The paint is visible on the palette, indicating that it is not absent. The image is of high quality, with clear details and no visible artifacts or distortions. Therefore, the answer to Question 1 is True, the answer to Question 2 is False, and the quality score is 1.0."}, {"ans": [true, false, 1.0], "reasoning": "The image clearly shows a vintage typewriter with visible keys on a wooden table. The keys are present and not missing or invisible. The image is sharp and well-lit, with no visible artifacts or distortions, indicating a high-quality image."}, {"ans": [true, false, 1.0], "reasoning": "The image shows a white mug with steam rising from it, and the handle is visible on the right side. The mug is clearly the main object in the image. The presence of the handle means it is not missing or invisible. The image is clear and well-lit, with no visible artifacts or distortions that would affect its quality."}, {"ans": [true, false, 1.0], "reasoning": "The image is showing a katana with a visible blade. The blade is clearly seen, so it is not missing or not visible. The image is of high quality, with no visible artifacts, blurring, or other issues that would decrease its quality."}, {"ans": [true, true, 0.95], "reasoning": "The image clearly shows a smartphone lying on a marble surface. The phone's screen is black and appears to be turned off or in a state where it's not displaying any content, thus it is considered not visible. The image is sharp and well-lit, with clear details of the phone and the background, indicating a high-quality image."}, {"ans": [true, false, 1.0], "reasoning": "The image clearly shows an airplane on a runway, with its wings visible and intact. The airplane is centered in the image, facing forward, and its wings are fully visible on both sides. The image is clear and of high quality, with no visible artifacts or distortions. Therefore, the answer to Question 1 is True, as the image is showing an airplane. The answer to Question 2 is False, as the wings are not missing or invisible. The quality of the image is rated as 1.0, indicating that it is of very high quality."}, {"ans": [true, false, 1.0], "reasoning": "The image clearly shows a cowboy hat hanging from a hook on a wall. The hat has a visible brim, which is a key characteristic of a cowboy hat. The brim is not missing or invisible; it is clearly visible around the hat. The image is of high quality, with no visible artifacts, blurring, or other issues that would detract from its clarity. Therefore, the answer to the first question is True because the image is showing a cowboy hat. The answer to the second question is False because the brim is visible. The quality of the image is rated 1.0 because it is clear and well-defined, with no noticeable issues."}, {"ans": [true, false, 1.0], "reasoning": "The image clearly shows a green frog sitting on a lily pad. The frog is visible and appears to be intact, with its legs clearly visible. Therefore, the answer to the first question is True. For the second question, since the legs are visible, the answer is False. The image is of high quality, with clear details and no visible artifacts or distortions, so the quality score is 1.0."}, {"ans": [true, false, 1.0], "reasoning": "The image shows a teapot with a spout, handle, and lid, decorated with blue floral patterns on a white background. The teapot is placed on a wooden tray. The main object, a teapot, is present, so the answer to the first question is True. The spout is visible, so the answer to the second question is False. The image is clear and well-lit, with no visible artifacts or distortions, so the quality score is 1.0."}, {"ans": [true, false, 0.9], "reasoning": "The image clearly shows a snowman with a head, body, and arms made of sticks, wearing a scarf. The head is visible and not missing. The image is well-lit and clear, with a quality score of 0.9 due to slight blurring around the edges."}, {"ans": [true, false, 1.0], "reasoning": "The image clearly shows a laptop on a table. The laptop is open and its keyboard is visible, indicating that the keyboard is not missing or invisible. The image is sharp and well-lit, with no visible artifacts or distortions, hence the quality is rated as 1."}, {"ans": [true, false, 0.95], "reasoning": "The image clearly shows a pair of glasses on top of an open book. The glasses have lenses, so the main object (glasses) is present. For the second question, the lenses are visible, so they are not absent. The image is of high quality with clear details and no visible artifacts or distortions. The slight shadow and lighting effects do not detract from the overall clarity of the image."}, {"ans": [true, false, 0.9], "reasoning": "The image clearly shows railroad tracks with rails present and visible. The rails are not missing or invisible; they are a central feature of the image. The quality of the image is high, with clear details and no significant artifacts or distortions that would detract from the visibility of the tracks or the surrounding environment. The slight decrease in quality score is due to the image being slightly over-saturated with a yellow tone, but it does not significantly impact the visibility of the main object."}, {"ans": [true, false, 1.0], "reasoning": "The image clearly shows a streetlamp. The streetlamp has a bulb inside it, which is visible through the glass casing. The image is clear and of high quality, with no visible artifacts or distortions."}, {"ans": [true, false, 1.0], "reasoning": "The image depicts a swing hanging from a tree branch, with a visible wooden seat. The presence of the swing and its seat directly answers both questions. For Question 1, the image is showing a swing, so the answer is True. For Question 2, since the seat is visible, it is not missing or not visible, so the answer is False. The image is clear and well-defined, with no visible artifacts, blurring, or other issues that would affect its quality. Therefore, the quality score is 1.0."}, {"ans": [true, true, 1.0], "reasoning": "The image shows a grand piano, which is the main object. The lid is open, and the strings are not visible, indicating they are absent or not shown. The image is clear and well-lit, with no visible artifacts or distortions, so the quality is high."}, {"ans": [true, false, 1.0], "reasoning": "The image depicts a large, open umbrella with a brown fabric canopy, mounted on a stand. The umbrella is the main object in the image, and it is clearly visible. The fabric is present and visible, so it is not missing. The image is clear and well-lit, with no visible artifacts or distortions. Therefore, the quality of the image is rated as 1.0."}, {"ans": [true, false, 1.0], "reasoning": "The image clearly shows a white sneaker, which is the main object. The sneaker has a sole, and it is visible. The image is of high quality with no visible artifacts, blurring, or other issues that would affect the quality score."}, {"ans": [true, false, 1.0], "reasoning": "The image clearly shows a red fire hydrant with visible outlets. The main object, a fire hydrant, is present, so the answer to Question 1 is True. The outlets are visible on the hydrant, so the answer to Question 2 is False. The image is clear and well-lit, with no visible artifacts or distortions, so the quality score is 1.0."}, {"ans": [true, false, 1.0], "reasoning": "The image clearly shows a banana on a wooden cutting board. The banana is yellow and has a stem at both ends, indicating it is intact. The presence of the banana satisfies the first question. For the second question, the stem is visible at both ends of the banana, so it is not missing or not visible. The image is clear and of high quality, with no visible artifacts or distortions."}, {"ans": [true, false, 1.0], "reasoning": "The image clearly shows a wall clock with a white face and black numbers and hands. The clock is centered in the image and is easily visible. The hands of the clock are also clearly visible, indicating the time. The image is sharp and well-lit, with no visible artifacts or distortions. Therefore, the answer to Question 1 is True, as the image is showing a wall clock. The answer to Question 2 is False, as the hands are visible. The quality of the image is rated as 1.0, as it is clear and well-defined, with no noticeable issues."}, {"ans": [true, false, 1.0], "reasoning": "The image clearly shows a peacock with its tail feathers fully visible and spread out. The peacock is standing on a stone pathway in front of a building with arches, and its vibrant blue and green plumage is on full display. The tail feathers are not missing or obscured; they are prominently displayed. The image is of high quality, with no visible artifacts, blurring, or other issues that would detract from its clarity."}, {"ans": [true, false, 1.0], "reasoning": "The image clearly shows a shopping cart with four wheels. The main object is a shopping cart, so the answer to the first question is True. The wheels are visible, so the answer to the second question is False. The image is clear and well-lit, with no visible artifacts or distortions, so the quality score is 1.0."}, {"ans": [true, false, 0.95], "reasoning": "The image clearly shows a compass with a visible needle. The compass is centered in the image and is placed on top of a map. The needle is black and is pointing towards one of the cardinal directions. The image is sharp and well-defined, with no visible artifacts or distortions. The quality of the image is high, with a score of 0.95 out of 1. The main object, the compass, is clearly visible, and the needle is also visible, so the answer to the first question is True. Since the needle is visible, the answer to the second question is False."}, {"ans": [true, true, 1.0], "reasoning": "The image shows a violin, which is the main object in question. The violin is clearly visible and appears to be in good condition. The bridge of the violin is not visible, suggesting that it is either missing or not visible due to the angle of the image. The image is of high quality, with clear details and no visible artifacts or distortions. Therefore, the answer to the first question is True, and the answer to the second question is also True. The quality of the image is rated as 1.0, indicating that it is a high-quality image."}, {"ans": [true, false, 0.95], "reasoning": "The image clearly shows a motorcycle with its engine visible. The motorcycle is positioned on a stand, and the engine is not obscured or missing. The image is of high quality, with clear details and no visible artifacts or distortions that would significantly impact the visibility of the motorcycle or its engine. The slight deduction in quality score is due to the image being a rendering, which might not perfectly replicate real-world details."}, {"ans": [true, false, 1.0], "reasoning": "The image clearly shows a wristwatch with a white face and black leather strap on a marble surface. The watch face is visible and has hands, so the main object (wristwatch) is present. The hands are visible, so they are not missing or invisible. The image is clear and of high quality, with no visible artifacts or distortions."}, {"ans": [true, false, 1.0], "reasoning": "The image clearly shows a bus, which is the main object. The bus has visible windows along its side, so the windows are not missing or invisible. The image is of high quality with no visible artifacts, blurring, or other issues that would affect the quality score."}, {"ans": [true, false, 0.95], "reasoning": "The image shows a flamingo standing in water with tall grass around it. The flamingo is clearly visible and appears to be in a natural setting. The wings are partially visible, with some feathers showing orange and white colors, indicating that they are not entirely missing. The image is sharp and clear, with no visible artifacts or distortions that would affect its quality. The only reason for a quality score less than 1 is the slight blurring of the background, but this does not detract from the main subject."}, {"ans": [true, false, 1.0], "reasoning": "The image prominently features a book standing upright on a table, with its spine facing the viewer. The book is clearly visible and appears to be in a library setting, given the rows of bookshelves in the background. The pages of the book are not visible as it is closed, but the presence of the book itself is evident. The image is sharp and well-lit, with no visible artifacts or distortions that would detract from its quality. The key element of the book is present, and the pages are not missing but simply not visible due to the book being closed. Therefore, the answer to the first question is True, as the image is showing a book. For the second question, the answer is False because the pages are not missing; they are just not visible. The quality of the image is rated 1.0 as it is clear and free of noticeable defects."}, {"ans": [true, true, 0.9], "reasoning": "The image depicts a full suit of armor standing in a niche, which can be interpreted as a knight statue. The armor is fully visible, and there is no sword present in the image. The quality of the image is high, with clear details of the armor and the surrounding environment. However, the quality score is not 1 due to the slight shadowing and lighting effects that could be considered minor artifacts."}, {"ans": [true, false, 1.0], "reasoning": "The image clearly shows a ring with a gemstone, so the answer to the first question is true. The gemstone is visible and present, so the answer to the second question is false. The image is of high quality, with clear details and no visible artifacts or distortions, so the quality score is 1."}, {"ans": [true, false, 1.0], "reasoning": "The image clearly depicts a windmill with its blades visible in a field of sunflowers. The main object, the windmill, is present and identifiable. The blades are also visible, so they are not missing or invisible. The image is clear and of high quality with no visible artifacts or distortions."}, {"ans": [true, false, 1.0], "reasoning": "The image clearly shows a skateboard with its wheels attached and visible. The skateboard is centered in the image, and its components, including the wheels, are clearly discernible. There are no visible artifacts, blurring, or other issues that would affect the quality of the image. Therefore, the image is of high quality."}, {"ans": [true, false, 1.0], "reasoning": "The image clearly depicts a tortoise with its shell visible. The tortoise is centered in the image, and its shell is fully visible, indicating that the shell is not missing or invisible. The image is of high quality, with clear details and no visible artifacts or distortions."}, {"ans": [true, false, 0.95], "reasoning": "The image clearly shows a camera mounted on a tripod, with a lens visible on the front. The camera is a Panasonic model, and the lens is attached to it. The background is a cityscape at dusk or dawn, with many lights visible. The image is sharp and well-defined, with no visible artifacts or distortions. The quality of the image is high, with a score of 0.95 out of 1. The main object (camera) is present, so the answer to the first question is True. The lens is visible, so the answer to the second question is False."}, {"ans": [true, false, 0.9], "reasoning": "The image depicts a structure with a curved roof and transparent panels, characteristic of a greenhouse. The presence of plants in planters along the sides further supports this identification. The transparent panels are visible and appear to be made of a material such as polycarbonate or glass, which is typical for greenhouses. Therefore, the answer to Question 1 is True. For Question 2, the glass panels are visible and not missing, so the answer is False. The image quality is rated 0.9 because it is clear and well-lit, with no visible artifacts or distortions that would detract from the viewer's ability to see the details of the greenhouse."}, {"ans": [true, true, 0.95], "reasoning": "The image clearly shows a firefighter's helmet on a metal surface. The helmet is red and has a chin strap, but it does not have a visor visible. The image is well-lit and in focus, with good color representation. The main object, the helmet, is clearly visible and identifiable. The visor is not visible, which aligns with the condition of being 'missing or not visible'. The image quality is high, with no noticeable artifacts, blurring, or unnatural colors. The only slight deduction in quality score is due to the background being slightly out of focus, but this does not affect the main subject."}, {"ans": [true, false, 1.0], "reasoning": "The image clearly shows a red bicycle leaning against a white brick wall. The bicycle is intact with both wheels visible and present. The image is sharp, with clear details of the bicycle and its surroundings, indicating high quality. Therefore, the answer to Question 1 is True because there is a bicycle in the image. The answer to Question 2 is False because the wheels are not missing or invisible; they are clearly visible."}, {"ans": [true, false, 1.0], "reasoning": "The image clearly shows a wristwatch with a white face and black hands. The watch is placed on a brown satin pillow. The hands of the watch are visible, indicating the time. The image is sharp and well-lit, with no visible artifacts or distortions. Therefore, the answer to Question 1 is True because there is a wristwatch in the image. The answer to Question 2 is False because the hands are visible. The quality of the image is rated 1.0 because it is clear and well-defined, with no noticeable issues."}, {"ans": [true, false, 0.95], "reasoning": "The image features a teapot with a spout, handle, and lid, adorned with blue floral patterns on a white background. The teapot is placed on a table with a white tablecloth that has intricate lace-like designs. The main object, the teapot, is clearly visible and well-defined, indicating the presence of a teapot. For Question 1, the answer is True because there is a teapot in the image. For Question 2, the answer is False because the spout is visible. The image quality is rated 0.95 out of 1. The slight deduction is due to minor shadows and the dark background, but overall, the image is clear and well-lit, with no significant artifacts or distortions."}, {"ans": [true, false, 1.0], "reasoning": "The image clearly shows a pair of eyeglasses with lenses on a white surface. The glasses are in focus, and the lenses are visible and intact. The image is well-lit, with clear shadows and no visible artifacts or distortions. Therefore, the answer to Question 1 is True because there are eyeglasses in the image. The answer to Question 2 is False because the lenses are present and not absent. The quality of the image is rated 1.0 because it is clear and well-defined, with no noticeable issues."}, {"ans": [true, false, 0.9], "reasoning": "The image depicts a sailboat docked at a pier. The sailboat is clearly visible and has a mast, which is a key component of a sailboat. The mast is standing upright and appears to be intact. The image is clear and well-defined, with no visible artifacts or distortions that would affect the visibility of the sailboat or its mast. The quality of the image is high, with a score of 0.9 out of 1. The only reason it is not a perfect score is due to a slight graininess in the image."}, {"ans": [true, false, 0.9], "reasoning": "The image clearly shows a globe with a stand on a wooden table against a teal background. The globe is the main object and is visible with its stand, answering Question 1 as True. For Question 2, the stand is present and visible, so the answer is False. The image quality is high, with clear details of the globe and its stand, but slight blurring in the background reduces the score to 0.9."}, {"ans": [true, false, 1.0], "reasoning": "The image clearly shows an umbrella leaning against a wall next to a door. The umbrella has a canopy, which is visible and intact. The presence of the umbrella answers the first question affirmatively. For the second question, since the canopy is visible and present, it is not missing or not visible. The image is of high quality, with clear details and no visible artifacts or distortions."}, {"ans": [true, false, 1.0], "reasoning": "The image clearly shows a guitar with its strings visible. The presence of the guitar answers the first question affirmatively. Since the strings are visible, the answer to the second question is negative, indicating that the strings are not missing or invisible. The image is of high quality, with no visible artifacts, blurring, or other issues that would detract from its clarity."}, {"ans": [true, true, 0.9], "reasoning": "The image clearly shows a lighthouse on a rocky outcrop in the sea. The lighthouse is the main object in the image and is visible in detail. Upon closer inspection, it is evident that the door of the lighthouse is not visible, suggesting that it is either absent or not visible from the current angle. The image is of high quality, with clear details of the lighthouse and its surroundings. The foggy atmosphere adds a sense of depth and context to the image, but does not obscure the main object. The quality score is 0.9 due to the slight fogginess, but it does not significantly impact the visibility of the lighthouse."}, {"ans": [true, false, 1.0], "reasoning": "The image clearly depicts an airplane in a hangar. The airplane is centered and facing forward, with its wings visible on both sides. The presence of the airplane directly answers the first question. For the second question, the wings are clearly visible, so they are not missing or not visible. The image is of high quality, with clear details and no visible artifacts or distortions."}, {"ans": [true, true, 0.9], "reasoning": "The image depicts a medieval fortress situated on a cliff overlooking a river, which matches the description of a fortress. The fortress is the main object in the image, and it is clearly visible. Therefore, the answer to Question 1 is True. Upon closer inspection, it is evident that there is no visible drawbridge connecting the fortress to the surrounding land. The absence of a drawbridge is noticeable, and it is not hidden or obscured by other elements in the image. Hence, the answer to Question 2 is True. The image is of high quality, with clear details and no visible artifacts or distortions. The rating for the image quality is 0.9."}, {"ans": [true, false, 1.0], "reasoning": "The image depicts a black sedan parked on the side of a road at dusk. The car is facing left, and its headlights are visible and illuminated. The presence of the sedan in the image answers the first question affirmatively. For the second question, since the headlights are visible and lit, they are not missing or not visible, so the answer is false. The image is clear, with no visible artifacts, blurring, or other issues that would affect its quality, so the quality score is 1.0."}, {"ans": [true, false, 0.95], "reasoning": "The image depicts a large tree with a sprawling canopy and a sturdy trunk, situated in a field of tall grass. The tree is centered in the image and appears to be an oak tree due to its broad leaves and robust branches. The leaves are green and abundant, indicating that the tree is healthy and not bare. The image is well-lit, with the sun casting a warm glow on the scene. The overall quality of the image is high, with clear details and vibrant colors. However, the quality score is not 1 due to a slight softness in the image, possibly caused by the rendering or compression."}, {"ans": [true, false, 0.9], "reasoning": "The image clearly shows a green frog sitting on a lily pad. The frog appears to be intact with its legs visible, so the main object (the frog) is present. For the second question, the legs of the frog are visible, so they are not missing or not visible. The image is of high quality with clear details and no noticeable artifacts or distortions, hence a quality score of 0.9."}, {"ans": [true, false, 1.0], "reasoning": "The image depicts a wooden rocking chair with a visible seat, positioned on a porch in front of a wall with peeling paint. The chair is the main object in the image, and it is clear that it is a rocking chair. The seat of the chair is visible and appears to be intact. The image is of high quality, with no visible artifacts, blurring, or other issues that would detract from the overall clarity of the image. Therefore, the answer to Question 1 is True, as there is a rocking chair in the image. The answer to Question 2 is False, as the seat is not missing or invisible. The quality of the image is rated as 1.0, indicating that it is of very high quality."}, {"ans": [true, false, 1.0], "reasoning": "The image clearly shows a film camera with a lens on a glass shelf. The camera is well-defined, and there are no visible artifacts or distortions that would affect the quality of the image. The lens is present and clearly visible on the camera. Therefore, for Question 1, the answer is True because there is a film camera in the image. For Question 2, the answer is False because the lens is not absent; it is clearly attached to the camera. The quality of the image is rated 1.0 because it is clear and well-defined, with no noticeable issues."}, {"ans": [true, false, 1.0], "reasoning": "The image shows a book standing upright on a round, black table in front of a gray couch. The book is white with gold designs on the cover and spine. The pages of the book are visible on the right side, indicating that the book is not missing its pages. The image is clear and well-lit, with no visible artifacts or distortions. Therefore, the answer to Question 1 is True, as there is a book in the image. The answer to Question 2 is False, as the pages are visible and not missing. The quality of the image is rated 1.0, as it is clear and well-rendered."}, {"ans": [true, false, 0.9], "reasoning": "The image clearly depicts an hourglass with sand flowing from the top bulb to the bottom one, indicating the presence of an hourglass. The sand is visible and not missing, as it is clearly seen within the glass bulbs and flowing through the narrow passage between them. The image is of high quality, with clear details and no visible artifacts or distortions that would significantly impact the perception of the main object or its components. The slight decrease in quality score is due to the background being slightly out of focus, but this does not detract from the main subject."}, {"ans": [true, false, 0.9], "reasoning": "The image clearly shows a sparrow perched on a wooden post. The sparrow is visible and has wings, although they are folded against its body. The image is well-focused, with clear details of the bird and its surroundings. The quality of the image is high, with no noticeable artifacts or blurring. Therefore, the answer to Question 1 is True because there is a sparrow in the image. The answer to Question 2 is False because the wings are not absent; they are visible, albeit folded. The quality score is 0.9, indicating a high-quality image with minor deductions for the slight gradient effect in the background, which is not considered a significant flaw."}, {"ans": [true, false, 1.0], "reasoning": "The image clearly shows a clock tower with a visible clock face. The clock tower is the main object in the image, and it is centered and clearly visible. The clock face is also clearly visible, indicating that it is not missing. The image is of high quality, with no visible artifacts, blurring, or other issues that would affect the visibility of the clock tower or its clock face."}, {"ans": [true, false, 0.95], "reasoning": "The image shows a black ski mask with eye holes on a mannequin head, placed on a wooden surface in front of white lockers. The ski mask is clearly visible, and the eye holes are present and visible. The image is clear and well-lit, with no visible artifacts or distortions. The quality of the image is high, with a score of 0.95 out of 1. The main object, the ski mask, is present, so the answer to Question 1 is True. The eye holes are visible, so the answer to Question 2 is False."}, {"ans": [true, false, 1.0], "reasoning": "The image shows a cast iron frying pan with two handles on a gas stovetop. The main object, a frying pan, is present in the image. The pan has two handles, one on each side, which are clearly visible. Therefore, the answer to Question 1 is True. Since the handle is visible, the answer to Question 2 is False. The image is clear and well-lit, with no visible artifacts or distortions, so the quality score is 1.0."}, {"ans": [true, false, 1.0], "reasoning": "The image clearly shows a red scooter parked on a cobblestone street. The scooter is facing away from the camera but has visible handlebars, indicating that they are not missing. The image is sharp and well-lit, with no visible artifacts or distortions that would affect its quality. Therefore, the answer to the first question is True because there is a scooter in the image. The answer to the second question is False because the handlebars are visible and not missing. The quality of the image is rated 1.0 as it is clear and free of noticeable issues."}, {"ans": [true, false, 0.9], "reasoning": "The image clearly shows a snail with a shell on a leaf. The snail is visible and has a shell, so the answer to the first question is True. The shell is present, so the answer to the second question is False. The image is of high quality, with clear details of the snail and its surroundings. The only reason for not giving it a perfect score is the slight blurring in the background, but it does not affect the main subject."}, {"ans": [true, false, 1.0], "reasoning": "The image clearly shows a backpack leaning against a tree trunk in a forest setting. The backpack is visible and appears to be intact with its straps. The straps are not missing or invisible; they are clearly visible and appear to be part of the backpack's design. The image is of high quality with no visible artifacts, blurring, or unnatural colors that would detract from the visibility of the main object or its details."}, {"ans": [true, true, 0.95], "reasoning": "The image clearly shows a mailbox mounted on a wooden post in a field. The mailbox is the main object and is present in the image, so the answer to Question 1 is True. Upon closer inspection, it is evident that the flag is not visible on the mailbox, indicating that it is either absent or not raised. Therefore, the answer to Question 2 is True. The image is of high quality, with clear details and no significant artifacts or distortions, so the quality score is 0.95."}, {"ans": [true, false, 1.0], "reasoning": "The image depicts a vintage television set with a visible screen, placed on a wooden stand in a living room setting. The television is the main object in the image, and it is clearly visible. The screen is not missing; it is present and visible, although it appears to be turned off or displaying a static screen. The image is of high quality, with clear details and no visible artifacts or distortions. Therefore, the answer to Question 1 is True because there is a television in the image. The answer to Question 2 is False because the screen is not missing or invisible; it is clearly visible. The quality of the image is rated 1.0 because it is clear and well-defined, with no noticeable issues."}, {"ans": [true, false, 1.0], "reasoning": "The image clearly shows a lamp on a table, with the lamp being the main object. The lamp is turned on and has a bulb inside it. The presence of the lamp answers the first question affirmatively. For the second question, the bulb is visible and present inside the lamp, so it is not absent. The image is of high quality, with clear details and no visible artifacts or distortions."}, {"ans": [true, false, 0.95], "reasoning": "The image clearly shows a helmet on a table. The helmet has a visor that is visible and not missing. The image is of high quality with clear details of the helmet and its surroundings. The only reason the quality score is not 1 is due to the presence of some minor splatters and dust on the helmet and table, but this does not significantly detract from the overall clarity."}, {"ans": [true, true, 1.0], "reasoning": "The image clearly shows a grand piano on a stage with spotlights shining down. The piano's lid is open, and it is positioned in the center of the image. The keys of the piano are not visible because the lid is open and the camera angle does not allow a view of the keyboard. The image is well-lit, with clear details of the piano and its surroundings, indicating high quality. The presence of the piano answers the first question affirmatively. Since the keys are not visible due to the angle and the open lid, they are considered not visible, answering the second question affirmatively as well."}, {"ans": [true, false, 1.0], "reasoning": "The image clearly shows a windmill with blades in a field of wheat under a blue sky. The presence of the windmill with blades directly answers the first question, confirming there is a windmill. For the second question, the blades are visible and not absent, so the answer is false. The image is of high quality with no visible artifacts, blurring, or unnatural colors, hence the quality score is 1.0."}, {"ans": [true, true, 1.0], "reasoning": "The image depicts a large telescope in a dome-shaped room, with a person standing next to it. The telescope is the main object in the image, and it is clearly visible. The eyepiece of the telescope is not visible, suggesting that it may be missing or not visible from the current angle. The image is of high quality, with clear details and no visible artifacts or distortions."}, {"ans": [true, false, 0.95], "reasoning": "The image clearly shows a stroller with wheels, so the answer to Question 1 is True. The wheels are visible, so the answer to Question 2 is False. The image is of high quality, with clear details and no visible artifacts or distortions, so the quality score is 0.95. The slight deduction from 1 is due to the presence of some minor leaf debris and dirt around the stroller, but this does not significantly impact the overall clarity or quality of the image."}, {"ans": [true, true, 0.9], "reasoning": "The image depicts a cat lying on a windowsill, sleeping. The cat is the main object in the image, and it is clearly visible. Therefore, the answer to Question 1 is True. The tail of the cat is not visible in the image, so it is considered missing. Hence, the answer to Question 2 is True. The image is of high quality, with clear details and no visible artifacts or distortions. The only reason it doesn't score a perfect 1 is due to the slight blurring in the background, but this does not affect the main subject. Thus, the quality score is 0.9."}, {"ans": [true, false, 1.0], "reasoning": "The image clearly shows a pipe with a stem on top of a book. The pipe is visible and has a distinct stem, so the answer to Question 1 is True. Since the stem is visible, the answer to Question 2 is False. The image is of high quality, with clear details and no visible artifacts or distortions, so the quality score is 1.0."}, {"ans": [true, false, 1.0], "reasoning": "The image clearly shows a fountain pen with a nib at both ends, indicating that it is a double-ended fountain pen. The presence of the nibs means that the pen is not missing its nib. The image is of high quality, with clear details and no visible artifacts or distortions. Therefore, the answer to Question 1 is True because there is a fountain pen in the image. The answer to Question 2 is False because the nib is not absent; it is visible at both ends of the pen. The quality score is 1.0 because the image is clear and well-lit, with no issues that would detract from its quality."}, {"ans": [true, true, 1.0], "reasoning": "The image shows a large, ornate gold picture frame hanging on a white wall. The frame is empty and has no glass covering it. The frame is the main object in the image, and it is clearly visible. Therefore, the answer to Question 1 is True. The glass is missing from the frame, so the answer to Question 2 is also True. The image is of high quality, with clear details and no visible artifacts or distortions. The quality score is 1.0."}, {"ans": [true, false, 0.9], "reasoning": "The image clearly shows a skateboard with yellow wheels on a concrete surface. The skateboard is the main object in the image and is visible in its entirety. The wheels are also clearly visible, so they are not missing or invisible. The image is well-lit, with a clear shadow cast by the skateboard, indicating that it is a daytime scene. The quality of the image is high, with no visible artifacts, blurring, or other issues that would detract from the overall clarity. The only reason the quality score is not 1 is because of the slight shadow on the skateboard and the concrete surface, but this does not significantly impact the visibility of the main object or its components."}, {"ans": [true, false, 1.0], "reasoning": "The image clearly shows a ring with a gemstone in a jewelry box. The ring is the main object and is visible, so the answer to the first question is True. The gemstone is present and visible, so the answer to the second question is False. The image is of high quality, with clear details and no visible artifacts or distortions, so the quality score is 1.0."}, {"ans": [true, false, 0.95], "reasoning": "The image depicts a rocket on a launchpad, with the main body of the rocket clearly visible. The fins are also visible at the base of the rocket. The presence of the rocket answers the first question affirmatively. For the second question, since the fins are visible, the answer is false. The image quality is high, with clear details of the rocket and its surroundings, hence a quality score of 0.95. The slight deduction from 1 is due to the subtle gradient in the sky, which might be considered a minor artifact, but it does not significantly impact the overall clarity of the image."}, {"ans": [true, false, 1.0], "reasoning": "The image clearly shows a pair of headphones on top of a sound mixer. The headphones are visible and appear to be intact with ear pads. The image is sharp and well-lit, with no visible artifacts or distortions. Therefore, the answer to Question 1 is True because there are headphones in the image. The answer to Question 2 is False because the ear pads are visible and not missing. The quality of the image is rated 1 out of 1 because it is clear and well-defined, with no noticeable issues."}, {"ans": [true, true, 1.0], "reasoning": "The image shows a stack of folded T-shirts on a wooden shelf. The top T-shirt is white and has a tag visible inside the collar. The presence of the T-shirts directly answers Question 1, confirming that there is indeed a T-shirt in the image. For Question 2, the sleeves of the T-shirts are not visible as they are folded, thus they are considered missing or not visible. The image is clear and well-lit, with no visible artifacts, blurring, or other issues that would affect its quality. Therefore, the quality score is 1."}, {"ans": [true, false, 0.95], "reasoning": "The image depicts a snowman with a carrot nose, standing in a snowy yard in front of a house. The snowman is wearing a black hat and has stick arms and coal eyes and mouth. The image is clear and well-defined, with no visible artifacts or distortions. The snowman's nose is visible and appears to be made of carrot. Therefore, the answer to Question 1 is True, as there is a snowman in the image. The answer to Question 2 is False, as the nose is visible. The quality of the image is rated 0.95, as it is clear and well-defined, with no visible issues."}, {"ans": [true, false, 1.0], "reasoning": "The image depicts a white sneaker on a beach with laces present. The sneaker is clearly visible, and the laces are tied. The image is of high quality, with clear details and no visible artifacts or distortions."}, {"ans": [true, false, 1.0], "reasoning": "The image depicts a hanging lantern with a metal frame and a glass enclosure. The lantern is illuminated, indicating that it is lit. The glass panes are visible and appear to be intact, suggesting that they are not missing. The image is clear and well-lit, with no visible artifacts or distortions. Therefore, the answer to Question 1 is True, as there is a lantern in the image. The answer to Question 2 is False, as the glass panes are visible and not missing. The quality of the image is rated as 1.0, indicating that it is of high quality with no noticeable issues."}, {"ans": [true, false, 1.0], "reasoning": "The image clearly shows a keyboard with a spacebar. The spacebar is visible and not missing. The image is of high quality, with clear details and no visible artifacts or distortions."}, {"ans": [true, false, 0.9], "reasoning": "The image clearly shows a teddy bear sitting on a bed, indicating that the main object (teddy bear) is present. The teddy bear has eyes, so the answer to the second question is False. The image is of high quality with clear details and no visible artifacts or distortions, but the quality score is not 1 because the background is slightly blurred."}, {"ans": [true, false, 1.0], "reasoning": "The image clearly shows a basketball hoop with a net attached to it. The presence of the hoop answers the first question affirmatively. For the second question, the net is visible and not missing, so the answer is false. The image is of high quality, with clear details and no visible artifacts or distortions that would affect the assessment of the questions."}, {"ans": [true, false, 1.0], "reasoning": "The image clearly shows a wine glass with a stem on a table. The glass is positioned on a white napkin, and there are two spoons to the right of it. The stem of the glass is visible and intact, indicating that it is not absent. The image is sharp and well-lit, with no visible artifacts or distortions that would affect its quality."}, {"ans": [true, false, 1.0], "reasoning": "The image shows a pocket mirror with an ornate silver frame and a reflective surface. The mirror is open and facing upwards, displaying its reflective surface clearly. The image is of high quality, with no visible artifacts, blurring, or other issues that would detract from its clarity. The main object, the pocket mirror, is present and clearly visible. The reflective surface is also visible, indicating that it is not missing."}]