[{"ans": [true, false, 0.9], "reasoning": "The image is showing a sailboat with its sails mostly furled or not deployed, but there is a small triangular sail visible on the mast. The presence of the mast and rigging indicates it is a sailboat. The main sail is not visible, but a small sail is present, indicating that sails are not entirely missing."}, {"ans": [true, true, 0.9], "reasoning": "The image is showing a bicycle. The bicycle appears to be a vintage or classic model with a red frame, leaning against a brick wall. The chain is not visible, suggesting it might be missing or not visible due to the angle or condition of the bike."}, {"ans": [true, false, 0.9], "reasoning": "The image clearly shows a cat, so the answer to the first question is True. The cat's whiskers are visible, so the answer to the second question is False. The image is well-lit and in focus, with a clear view of the cat's features, so the quality score is 0.9. The slight blur in the background does not detract from the overall quality of the image."}, {"ans": [true, true, 0.9], "reasoning": "The image shows a castle with a large stone structure and towers, which matches the description of a castle. The gates are not visible, as the entrance appears to be an open archway. Therefore, the answer to the first question is True, and the answer to the second question is also True. The quality of the image is rated 0.9 because it is clear and well-lit, with no visible distortions or obstructions."}, {"ans": [true, false, 1.0], "reasoning": "The image clearly depicts a hot-air balloon with a visible basket. The main object, the hot-air balloon, is present in the image. The basket is also visible, attached to the balloon, so it is not missing or invisible. The image is of high quality, capturing the details of the balloon and its surroundings."}, {"ans": [true, false, 0.9], "reasoning": "The image clearly shows a turtle with a visible shell. The turtle is on the beach, and its shell is intact and visible. Therefore, the answer to Question 1 is True because the image is showing a turtle. The answer to Question 2 is False because the shell is not missing or invisible; it is clearly visible. The quality of the image is rated 0.9 because it is clear and well-lit, allowing for easy identification of the turtle and its shell."}, {"ans": [true, false, 0.9], "reasoning": "The image clearly shows a train at a station, indicating that the main object (the train) is present. The wheels of the train are visible under the front carriage, so they are not missing or invisible. The image is well-lit and in focus, with a clear view of the train and the station platform, hence a high quality score."}, {"ans": [true, false, 1.0], "reasoning": "The image clearly shows a pair of eyeglasses with lenses. The lenses are visible and not missing, as they reflect light and show a clear surface. The presence of the eyeglasses and their lenses directly answers both questions. The image is of high quality as it is clear and well-lit, allowing for a detailed view of the eyeglasses."}, {"ans": [true, false, 0.9], "reasoning": "The image clearly shows a fountain pen with a visible nib, so the answer to the first question is True. Since the nib is visible, the answer to the second question is False. The quality of the image is rated 0.9 because it is clear and well-lit, with no visible distortions or obstructions."}, {"ans": [true, true, 0.8], "reasoning": "The image shows a metal frame of an umbrella leaning against a wall, with a chair next to it. The main object in the image is the umbrella frame, which is present. Therefore, the answer to Question 1 is True. The canopy of the umbrella is not visible as it is missing, so the answer to Question 2 is also True. The quality of the image is rated 0.8 because it is clear and well-lit, with no visible distortions or obstructions that would affect the understanding of the scene."}, {"ans": [true, false, 0.9], "reasoning": "The image clearly shows a white airplane on a runway, indicating that the main object is indeed an airplane. The wings are visible on both sides of the aircraft, so they are not missing or invisible. The image is of high quality, with clear details of the airplane and its surroundings, hence a quality score of 0.9."}, {"ans": [true, false, 0.9], "reasoning": "The image shows a desk lamp, which is the main object. The lamp is present and identifiable, so the answer to the first question is True. The bulb is visible inside the lamp, so the answer to the second question is False. The image is clear and well-lit, with the lamp and book being the main focus. The quality of the image is high, with a score of 0.9, as it is sharp and well-composed."}, {"ans": [true, false, 1.0], "reasoning": "The image is showing an electric guitar with a visible neck, so the answer to the first question is True. The neck is clearly visible in the image, so the answer to the second question is False. The image is clear and well-lit, and it is not missing any key elements that would affect its quality, so the quality score is 1."}, {"ans": [true, false, 0.9], "reasoning": "The image clearly shows a fish, so the answer to the first question is True. The fins of the fish are visible, so the answer to the second question is False. The image is of high quality, with clear details of the fish and its surroundings, so the quality score is 0.9."}, {"ans": [true, false, 1.0], "reasoning": "The image shows a small brick house with a gable roof, which can be considered a cottage. The roof is visible and intact, so it is not missing. The image is clear and well-lit, showing the cottage and its surroundings in detail, hence the quality is rated as 1.0."}, {"ans": [true, true, 0.8], "reasoning": "The image is showing a red vintage car with its doors and hood open. The windshield is not visible, likely because it is a convertible and the windshield is folded down or removed. The image is clear and well-lit, showing the interior of the car in detail. The quality of the image is good, with a score of 0.8 out of 1. The main object, a car, is present, so the answer to the first question is True. The windshield is not visible, so the answer to the second question is True."}, {"ans": [true, false, 1.0], "reasoning": "The image clearly shows a keyboard with a visible spacebar, so the answer to the first question is True. The spacebar is present and visible, so the answer to the second question is False. The image is of high quality and clearly displays the keyboard and its components."}, {"ans": [true, false, 1.0], "reasoning": "The image clearly shows an owl perched on a tree branch under a full moon. The owl is fully feathered, with detailed feathers visible across its body, indicating that the feathers are not missing or invisible. Therefore, the answer to the first question is True because the main object, an owl, is present. The answer to the second question is False because the feathers are visible and not missing. The quality of the image is rated 1 because it is clear and detailed, capturing the owl and its surroundings effectively."}, {"ans": [true, true, 1.0], "reasoning": "The image is showing two books, one standing upright and the other lying open on a table. The standing book has its cover visible but its pages are not visible, while the lying book has its pages visible but they are blank. The presence of the books satisfies the first question. For the second question, the pages of the standing book are not visible, and the lying book's pages are blank, so it can be considered that the pages are either missing or not visible. The image is clear and well-lit, and the key elements are visible, hence the quality is rated as 1."}, {"ans": [true, false, 1.0], "reasoning": "The image is showing a lighthouse with a visible lamp inside the lantern room. The lighthouse is the main object in the image, and it is clearly visible. The lamp is also visible inside the lantern room, so it is not missing or invisible. The image is of high quality, with clear details of the lighthouse and its surroundings."}, {"ans": [true, false, 1.0], "reasoning": "The image shows a beige armchair with visible legs on a patterned rug. The main object, an armchair, is present. The legs of the armchair are visible, so they are not missing or not visible. The image is clear and well-lit, indicating good quality."}, {"ans": [true, true, 0.9], "reasoning": "The image shows a deer standing in a forest. The deer is clearly visible and appears to be a young or female deer as it does not have antlers. The image is well-lit and the deer is centered, making it the main focus. The quality of the image is high, with clear details of the deer's fur and the surrounding environment. The antlers are not visible, which aligns with the description of the deer being young or female."}, {"ans": [true, false, 1.0], "reasoning": "The image shows a white envelope with its flap closed, positioned on a marble surface. For Question 1, the main object in the image is indeed an envelope, so the answer is True. For Question 2, the flap is visible and appears to be closed, not missing or invisible, so the answer is False. The image is clear and well-lit, showing the envelope and its details without any issues, so the quality is rated as 1.0."}, {"ans": [true, true, 1.0], "reasoning": "The image is showing a wall clock, and the numbers on the clock face are not visible. The clock is centered on the wall above a fireplace mantel, and it has a simple white face with black hands. The absence of numbers on the clock face is noticeable, and the overall quality of the image is high, with clear details and good lighting."}, {"ans": [true, false, 0.9], "reasoning": "The image clearly depicts a person wearing a space suit, which is fully visible and includes a helmet. The presence of the helmet directly answers the second question, indicating that the helmet is not missing. The quality of the image is high, with clear details of the space suit and its surroundings, hence a high-quality score is given."}, {"ans": [true, false, 0.9], "reasoning": "The image clearly depicts a windmill with visible blades in a field. The presence of the windmill answers the first question affirmatively. Since the blades are visible, the answer to the second question is negative, indicating that the blades are not missing or invisible. The quality of the image is rated high because it is clear and well-composed, with good lighting and focus on the windmill."}, {"ans": [true, true, 0.9], "reasoning": "The image is clearly showing a large tree without leaves, with the sun shining through its branches. The presence of the tree is evident, answering the first question as True. The leaves are not visible on the tree, answering the second question as True. The image quality is rated 0.9 because it is clear and well-lit, with no visible distortions or issues that would detract from the visibility of the main subject, the tree."}, {"ans": [true, true, 0.9], "reasoning": "The image is showing a yellow school bus. The doors of the bus are not visible as the image is taken from the side and the front or back doors are not in view. The quality of the image is high, with clear details of the bus and its surroundings, hence a score of 0.9."}, {"ans": [true, false, 1.0], "reasoning": "The image shows a laptop with its screen visible, albeit blank. The laptop is open and facing forward, with the screen clearly visible. Therefore, the answer to Question 1 is True because the image is showing a laptop. The answer to Question 2 is False because the screen is not missing or not visible; it is visible but blank. The quality of the image is rated 1.0 because it is clear and well-lit, with no visible distortions or obstructions."}, {"ans": [true, true, 0.9], "reasoning": "The image shows a trumpet lying on a red velvet case. The trumpet is clearly visible and appears to be a standard brass instrument. However, the mouthpiece is not attached to the trumpet, indicating it is either missing or not visible. The image is clear and well-lit, showing the trumpet in detail, hence the high quality score."}, {"ans": [true, false, 0.9], "reasoning": "The image clearly depicts a robot with a visible head in a laboratory setting. The robot is the main object in the image, and its presence is evident. The head of the robot is also visible, indicating that it is not missing. The quality of the image is high, with clear details of the robot and its surroundings. The only reason for not giving it a perfect score is the slight blurriness in the background, but this does not affect the visibility of the robot or its head."}, {"ans": [true, true, 1.0], "reasoning": "The image shows a cylindrical candle on a silver platter. The candle appears to be made of wax and is cream-colored. The top of the candle is not visible in the frame, so it is unclear if there is a wick present. For Question 1, the main object in the image is indeed a candle, so the answer is True. For Question 2, since the top of the candle is not visible, the wick is not visible, so the answer is True. The quality of the image is rated 1 because it is clear and well-lit, and there are no visible issues that would detract from the overall quality."}, {"ans": [true, false, 1.0], "reasoning": "The image is showing a pizza with visible toppings, including tomatoes and basil leaves, on a red sauce base. The crust is visible and appears to be cooked. There are visible cheese bits around the pizza, indicating the presence of cheese. Therefore, the answer to the first question is True. For the second question, the cheese is visible, so the answer is False. The image is clear and well-lit, showing the details of the pizza, so the quality is rated as 1."}, {"ans": [true, true, 0.9], "reasoning": "The image shows a DSLR camera body without a lens attached. The camera is clearly visible and recognizable as a DSLR. The lens is missing, as evidenced by the open lens mount showing the internal mechanisms. The image is well-lit and in focus, with a clear view of the camera body. The quality of the image is high, with good resolution and no visible artifacts or distortions."}, {"ans": [true, false, 1.0], "reasoning": "The image shows a grand piano on a stage in an auditorium. The piano is open, and the keys are visible. The image is clear and well-lit, showing the piano and its surroundings in detail. Therefore, the answer to Question 1 is True because the image is showing a piano. The answer to Question 2 is False because the keys are visible. The quality of the image is rated 1 because it is clear and well-lit."}, {"ans": [true, false, 0.9], "reasoning": "The image shows a paintbrush with visible bristles. The paintbrush is positioned on the left side of the image, and its bristles are clearly visible. The presence of the paintbrush and its bristles is evident, making the answer to the first question 'True'. Since the bristles are visible, the answer to the second question is 'False'. The image is of high quality, with clear details of the paintbrush and the surrounding painting palette, hence the quality score is 0.9."}, {"ans": [true, false, 1.0], "reasoning": "The image is showing a watch with a visible strap, so the main object is present. The strap is visible and not missing, so the answer to the second question is False. The image is clear and well-lit, showing the watch and its details, so the quality is rated as 1."}, {"ans": [true, false, 0.9], "reasoning": "The image clearly shows a man sitting in a dentist's chair with his mouth open, and a dentist is examining his teeth. The mouth is the main focus of the image, and it is clearly visible. Therefore, the answer to the first question is True. The tongue is also visible inside the mouth, so the answer to the second question is False. The image quality is good, with clear details of the scene, so the quality score is 0.9."}, {"ans": [true, false, 0.9], "reasoning": "The image clearly shows a motorcycle, so the answer to the first question is True. The handlebars are visible in the image, so the answer to the second question is False. The quality of the image is rated 0.9 because it is a clear and well-lit image, with no visible distortions or issues that would detract from its overall quality."}, {"ans": [true, false, 0.9], "reasoning": "The image clearly shows a television set, which is the main object in question. The television is an older model with a wooden cabinet and a visible screen, although the screen is not turned on. The presence of the screen, even if not displaying an image, means it is not missing. Therefore, the answer to the first question is True. For the second question, since the screen is visible, it is not missing or invisible, so the answer is False. The quality of the image is rated 0.9 because it is clear and well-defined, showing the details of the television and its surroundings without any significant distortion or obscurity."}, {"ans": [true, false, 0.9], "reasoning": "The image clearly shows a goat standing on a rocky outcrop. The goat appears to be a white mountain goat with visible horns, indicating that it is indeed a goat and the horns are not missing. The image is of high quality, with clear details of the goat and its surroundings, hence a quality score of 0.9."}, {"ans": [true, false, 0.9], "reasoning": "The image shows a red sneaker with white soles and red laces. The sneaker is placed on a bench in front of lockers. The laces are visible and appear to be intact. The image is clear and well-lit, with good resolution. The quality of the image is high, with a score of 0.9 out of 1. The main object, the sneaker, is clearly visible, so the answer to the first question is True. The laces are also visible, so the answer to the second question is False."}, {"ans": [true, false, 1.0], "reasoning": "The image clearly shows a frog sitting on a lily pad in the water. The frog is green with large, visible eyes. The eyes are clearly visible, so they are not missing or not visible. The image is of high quality, with clear details of the frog and its surroundings."}, {"ans": [true, false, 0.9], "reasoning": "The image shows a mug with a handle, so the main object is present. The handle is visible, so it is not missing. The image is clear and well-lit, but the background gradient could be more detailed, hence a quality score of 0.9."}, {"ans": [true, false, 1.0], "reasoning": "The image clearly shows a saxophone, which is the main object in question. The keys of the saxophone are visible and not missing, as they are intricately detailed and reflect light, indicating their presence. The image is of high quality, with good lighting that highlights the details of the saxophone, and there are no visible distortions or issues that would detract from its quality. Therefore, the answer to the first question is True because a saxophone is shown. The answer to the second question is False because the keys are visible. The quality rating is 1.0 because the image is clear and well-lit, effectively showcasing the saxophone's details."}, {"ans": [true, false, 1.0], "reasoning": "The image clearly shows a skateboard with wheels attached to it, placed on a brick surface. The skateboard is the main object in the image, and it is visible with its wheels. Therefore, the answer to the first question is True because the image is showing a skateboard. The answer to the second question is False because the wheels are not missing; they are visible and attached to the skateboard. The quality of the image is rated 1 because it is clear and well-focused, showing all the necessary details of the skateboard and its components."}, {"ans": [true, false, 1.0], "reasoning": "The image shows a black fedora hat on a wooden stand. The hat has a visible brim, which is a key characteristic of a fedora. Therefore, the answer to Question 1 is True. Since the brim is visible, the answer to Question 2 is False. The image is clear and well-lit, and the hat is centered in the frame, so the quality score is 1.0."}, {"ans": [true, false, 0.9], "reasoning": "The image clearly shows a motorcycle helmet on a workbench. The helmet is black and white, with a visor that is currently up, revealing the interior padding. The presence of the visor, even though it is not in the down position, means it is not missing. Therefore, for Question 1, the answer is True because the main object, a motorcycle helmet, is present. For Question 2, the answer is False because the visor is visible and present, just not in the down position. The quality of the image is rated 0.9 because it is clear and well-lit, with no significant obstructions or issues that would detract from the visibility of the helmet or its components."}, {"ans": [true, true, 1.0], "reasoning": "The image is showing a bedframe without a mattress. The bedframe is the main object in the image and is clearly visible. The mattress is not present in the bedframe, so it is considered missing. The image is of high quality as it is clear and well-lit, and the bedframe is the central focus."}, {"ans": [true, false, 0.9], "reasoning": "The image depicts a brick clock tower with visible clock faces, thus answering the first question affirmatively as it is indeed showing a clock tower. For the second question, the clock faces are clearly visible, so the answer is false as the clock face is not missing or not visible. The quality of the image is rated 0.9 because it is clear and well-lit, with no significant distractions or obstructions."}, {"ans": [true, false, 1.0], "reasoning": "The image clearly shows a pocket watch with visible hands, indicating that the main object is present. The hands are visible and not missing, so the answer to the second question is false. The image is of high quality, with clear details of the pocket watch and its mechanisms."}, {"ans": [true, false, 1.0], "reasoning": "The image is showing a red bicycle with visible pedals. The bicycle is leaning against a stone wall, and the pedals are clearly visible. Therefore, the answer to Question 1 is True because the image is showing a bicycle. The answer to Question 2 is False because the pedals are visible. The quality of the image is rated 1 because it is clear and well-lit, and there are no visible issues that would detract from the overall quality."}, {"ans": [true, false, 1.0], "reasoning": "The image is showing a portrait of a woman with visible eyes. The portrait is clearly visible and well-lit, indicating that the eyes are not missing or invisible. The quality of the image is high as it is a clear representation of the painting."}, {"ans": [true, false, 1.0], "reasoning": "The image clearly shows a grand piano on a stage, with its lid open, revealing the internal mechanisms including the hammers. The presence of the grand piano satisfies the first question. The hammers are visible inside the piano, which means they are not missing or invisible, answering the second question. The image is of high quality, clearly showing the details of the piano and its surroundings."}, {"ans": [true, true, 1.0], "reasoning": "The image depicts a sailing ship with two masts and rigging, indicating it is a sailing vessel. However, there are no sails visible on the masts. The presence of the ship itself answers the first question affirmatively. For the second question, the absence of visible sails means they are either missing or not visible, so the answer is true. The image is clear and well-rendered, with no issues affecting its quality."}, {"ans": [true, false, 1.0], "reasoning": "The image depicts a large tree with a wide canopy and visible roots, set against a blue sky with white clouds. The tree appears to be an oak tree, as indicated by its broad leaves and sturdy branches. The leaves are clearly visible, covering the branches of the tree. Therefore, the answer to Question 1 is True because the image is showing an oak tree with leaves. The answer to Question 2 is False because the leaves are not missing or invisible; they are clearly visible on the tree. The quality of the image is rated as 1.0 because it is clear and well-defined, with no visible distortions or issues that would detract from its quality."}, {"ans": [true, false, 0.95], "reasoning": "The image depicts a stone cottage with a steeply pitched roof and a chimney, surrounded by trees and vines. The cottage is clearly visible, and there are two doors visible on the front facade. The presence of the cottage directly answers Question 1, confirming it is showing a cottage. For Question 2, since there are doors visible on the cottage, the condition of the door being missing or not visible is not met. The quality of the image is rated highly because it is clear and detailed, with all key elements of the cottage visible."}, {"ans": [true, false, 1.0], "reasoning": "The image shows a white passenger jet on a runway, with its wings visible. The presence of the wings is evident as they are partially visible on both sides of the aircraft. Therefore, the answer to Question 1 is True because the image is showing a passenger jet. The answer to Question 2 is False because the wings are not missing or invisible; they are visible, albeit partially. The quality of the image is rated 1 because it is clear and well-defined, allowing for easy identification of the aircraft and its features."}, {"ans": [true, true, 1.0], "reasoning": "The image is showing a wristwatch with a white face and brown leather strap on a brown tray. The watch face does not have any visible numbers, only the hour and minute hands are visible. Therefore, the answer to Question 1 is True because the image is showing a wristwatch. The answer to Question 2 is also True because the numbers are not visible on the wristwatch face. The quality of the image is rated as 1.0 because it is clear and well-lit, and there are no visible issues that would detract from the overall quality."}, {"ans": [true, true, 0.9], "reasoning": "The image shows a pizza with tomato sauce, basil leaves, and black olives. The crust is visible and appears to be cooked. There is no visible cheese on top of the pizza. The image is clear and well-lit, suggesting a high-quality image. The absence of cheese is not considered when evaluating the quality of the image."}, {"ans": [true, false, 0.9], "reasoning": "The image clearly shows traffic signals above the road. The traffic signals are visible and appear to be functioning, with one of them displaying a red light. The presence of the traffic signals and the visibility of the red light on one of them indicate that the lights are not missing or not visible. The quality of the image is high, with clear details of the traffic signals and the surrounding environment, although the bright sunlight may cause some overexposure."}, {"ans": [true, false, 1.0], "reasoning": "The image shows a skateboard with wheels. The skateboard is positioned on a concrete surface, and its wheels are visible and appear to be intact. The presence of the wheels indicates that they are not missing. The image is clear and well-lit, allowing for a good view of the skateboard and its components. Therefore, the answer to Question 1 is True because the image is showing a skateboard. The answer to Question 2 is False because the wheels are not missing or invisible; they are clearly visible. The quality of the image is rated as 1 because it is clear and well-lit, with no significant issues affecting the visibility of the skateboard or its wheels."}, {"ans": [true, true, 0.9], "reasoning": "The image clearly shows a chessboard with pieces on it. The chessboard is the main object in the image, so the answer to the first question is True. The black pieces are not visible on the chessboard; instead, the pieces on the board are all light-colored, indicating that the black pieces are missing. Therefore, the answer to the second question is True. The image is well-lit and clear, with a quality score of 0.9. The absence of black pieces does not affect the quality score as per the instructions."}, {"ans": [true, true, 0.9], "reasoning": "The image shows a red Ferrari sports car in a showroom. The car is clearly visible and is a sports car, so the answer to the first question is True. The brakes are not visible as the wheels and other parts of the car are obstructing the view, so the answer to the second question is True. The image is of high quality, with clear details of the car and its surroundings, so the quality score is 0.9. The absence of visible brakes does not affect the quality score as per the instructions."}, {"ans": [true, true, 1.0], "reasoning": "The image shows an open book on a wooden table. The pages are blank, indicating that there is no text visible. The book is the main object in the image, and it is clearly visible. Therefore, the answer to Question 1 is True. Since the pages are blank, the text is missing or not visible, so the answer to Question 2 is also True. The image is clear and well-lit, with no visible distortions or obstructions, so the quality is rated as 1."}, {"ans": [true, false, 0.95], "reasoning": "The image clearly shows a computer tower with visible internal components and fans. The fans are visible on the side and inside the tower, so they are not missing or invisible. The image is of high quality, with clear details of the components and lighting effects."}, {"ans": [true, false, 1.0], "reasoning": "The image clearly shows a scarecrow with a hat and a plaid shirt, standing in a field of wheat. The scarecrow has visible arms, which are part of the shirt attached to the straw body. Therefore, for Question 1, the image is showing a scarecrow, so the answer is True. For Question 2, since the arms are visible as part of the shirt, they are not missing or not visible, so the answer is False. The image is clear and well-lit, with the scarecrow centered and easily visible, hence the quality is rated as 1."}, {"ans": [true, true, 0.9], "reasoning": "The image depicts a man in armor, which is consistent with the representation of a knight. The presence of armor, including a helmet, breastplate, and gauntlets, indicates that the subject is a knight. Therefore, the answer to the first question is True. The sword is not visible in the image, as it is not being held by the knight nor is it visible at his side. Hence, the answer to the second question is True. The quality of the image is rated 0.9 because it is a clear and detailed representation of a knight in armor, with good lighting and no visible distortions or artifacts."}, {"ans": [true, false, 0.9], "reasoning": "The image clearly shows a teapot with a handle, spout, and lid, which are typical characteristics of a teapot. The teapot is placed on a bamboo tray on a table. The presence of the handle is visible, so it is not missing. The image is clear and well-lit, showing the teapot and its details sharply. The quality of the image is high, with a clear view of the teapot and its surroundings."}, {"ans": [true, false, 1.0], "reasoning": "The image clearly shows a basketball hoop with a net. The presence of the hoop and the net is evident, answering the first question affirmatively. For the second question, the net is visible and attached to the hoop, so it is not missing or invisible. The image is clear and well-lit, showing all the necessary details without any obstruction, hence the quality is rated as 1."}, {"ans": [true, true, 0.9], "reasoning": "The image shows a dining table set with fine china and silverware. The table is covered with a white tablecloth, and there are plates, utensils, and napkins arranged on it. The glasses are not visible in the image, so it can be considered that they are missing or not visible. The quality of the image is high, with clear details of the table setting."}, {"ans": [true, false, 0.9], "reasoning": "The image shows a vintage typewriter with a sheet of paper in it, sitting on a wooden desk. The typewriter is clearly visible and appears to be in a functional state, with keys and mechanical parts visible. The ribbon is also visible, threaded through the typewriter's mechanism, indicating that it is present and not missing. Therefore, the answer to Question 1 is True because the image is showing a typewriter. The answer to Question 2 is False because the ribbon is visible and not missing. The quality of the image is rated 0.9 because it is clear and well-lit, with good detail visible on the typewriter and surrounding objects."}, {"ans": [true, true, 0.9], "reasoning": "The image shows a winter jacket hanging on a coat rack. The jacket is a puffy, cream-colored coat with a fur-lined hood, which is characteristic of a winter jacket. The coat is open and does not show a zipper, suggesting that it might be missing or not visible. The image is well-lit and clearly shows the details of the jacket, indicating a high-quality image. The absence of a visible zipper on the jacket answers the second question affirmatively, as it is either missing or not visible."}, {"ans": [true, false, 1.0], "reasoning": "The image is clearly showing a sunflower. The seeds are visible on the sunflower head, so they are not missing or invisible. The image is of high quality as it clearly displays the details of the sunflower."}, {"ans": [true, false, 1.0], "reasoning": "The image clearly shows an elephant with a visible trunk. The trunk is prominent and facing towards the camera, indicating that it is not missing or invisible. The overall quality of the image is high, with clear details of the elephant and its surroundings."}, {"ans": [true, true, 1.0], "reasoning": "The image shows a rowboat on a lake. The boat is white with a brown seat and a wooden post at the front. There are no oars visible in the boat or around it. The image is clear and well-lit, showing the details of the boat and its surroundings."}, {"ans": [true, true, 0.9], "reasoning": "The image clearly shows a snowman in the foreground, indicating that the main object is indeed a snowman. The snowman is wearing a hat and a scarf, and has a carrot nose and coal eyes, but it does not have visible buttons on its body. Therefore, the answer to the first question is True. For the second question, since the buttons are not visible on the snowman's body, the answer is True. The quality of the image is rated 0.9 because it is clear and well-defined, with the snowman being the central focus. The lack of buttons does not negatively affect the quality score as per the instructions."}, {"ans": [true, true, 0.9], "reasoning": "The image is showing a fountain pen resting on top of a notebook. The pen is dark brown with gold accents and is positioned over an open notebook with white pages. The nib of the pen is visible, but there is no visible ink in the pen's barrel. The image is clear and well-lit, indicating a high-quality image. The presence of the pen is evident, answering the first question as true. The ink is not visible, answering the second question as true. The quality of the image is rated 0.9 because it is clear and well-composed, with good lighting that highlights the details of the pen and notebook."}, {"ans": [true, false, 0.9], "reasoning": "The image shows a paintbrush with visible bristles on the right side of the image, and another paintbrush with a handle visible on the left side. The bristles of the left paintbrush are not visible, but it is still considered a paintbrush. Therefore, the answer to Question 1 is True. The bristles of the right paintbrush are visible, so the answer to Question 2 is False. The image is clear and well-lit, with the paintbrushes and paint palette in sharp focus, hence the quality score is 0.9."}, {"ans": [true, false, 0.8], "reasoning": "The image is showing a pair of eyeglasses with round lenses and metal frames, placed on top of a stack of papers. The temples of the eyeglasses are visible, so they are not missing. The image is clear and well-lit, with a good focus on the eyeglasses. The quality of the image is rated 0.8 because it is a good representation of the object, but it may not be perfect due to some minor blurriness around the edges."}, {"ans": [true, false, 0.9], "reasoning": "The image shows a person holding an umbrella on a rainy day. The umbrella is clearly visible and appears to be intact, with no visible signs of damage or missing parts. The ribs of the umbrella are visible, indicating that they are present. Therefore, the answer to Question 1 is True. For Question 2, since the ribs are visible, the answer is False. The quality of the image is rated 0.9 because it is clear and well-lit, with good visibility of the subject and the surroundings."}, {"ans": [true, false, 0.9], "reasoning": "The image clearly shows a wristwatch with a gold case and brown leather strap. The watch face is visible and features a skeleton design, showcasing its mechanical inner workings. The hour markers are present on the outer rim of the watch face, indicating the hours. Therefore, for Question 1, the answer is True because the image is showing a wristwatch. For Question 2, the answer is False because the hour markers are visible on the watch. The quality of the image is rated 0.9 because it is clear and well-focused, with good lighting that highlights the details of the watch."}, {"ans": [true, false, 0.9], "reasoning": "The image clearly shows a camping tent set up in a grassy field. The tent is beige with a black trim and has a mesh screen door. The tent appears to be fully assembled with poles visible inside and outside the tent. The poles are not missing; they are visible and supporting the structure of the tent. Therefore, the answer to the first question is True because the image is showing a camping tent. The answer to the second question is False because the poles are visible and not missing. The quality of the image is rated 0.9 because it is clear and well-lit, showing the tent and its details without any significant obstructions or blurriness."}, {"ans": [true, false, 0.9], "reasoning": "The image is showing a cuckoo clock with intricate carvings and decorations, including a clock face, deer figures, and pinecones hanging from the bottom. The weights are visible and appear to be made of pinecones and other decorative elements. Therefore, the answer to Question 1 is True because the image is showing a cuckoo clock. The answer to Question 2 is False because the weights are visible. The quality of the image is rated 0.9 because it is clear and well-detailed, with no visible distortions or issues that would detract from the overall viewing experience."}, {"ans": [true, true, 0.9], "reasoning": "The image is showing a smartphone, so the answer to the first question is True. The speaker grille is not visible from the front side of the smartphone, and since the phone is facing upwards, the speaker grille is likely to be on the bottom edge or back side, which is not visible. Therefore, the answer to the second question is True. The image is clear and well-lit, with a good focus on the smartphone, so the quality score is 0.9."}, {"ans": [true, false, 0.8], "reasoning": "The image clearly shows a motorcycle facing the camera on a dirt road. The motorcycle is the main object in the image and is visible in detail, including its headlight, handlebars, and front wheel. The speedometer is visible as part of the headlight assembly, indicating that it is not missing. The image is well-lit and in focus, with a clear view of the motorcycle and its surroundings. The quality of the image is rated 0.8 because it is a clear and well-composed photograph, but it may not be perfect due to minor factors such as slight dust or minor compression artifacts that are not immediately noticeable."}, {"ans": [true, true, 1.0], "reasoning": "The image shows a violin bow. The bow is placed on a red fabric background, and it is clearly visible. The bow's structure, including the stick and the frog, is evident. However, the hair of the bow is not visible, indicating that it is either missing or not visible due to the angle or lighting of the image. Therefore, for Question 1, the answer is True because the image is showing a violin bow. For Question 2, the answer is True because the hair is not visible. The quality of the image is rated as 1 because the key elements of the bow are clearly visible, and the absence of visible hair does not negatively impact the quality score as per the instructions."}, {"ans": [true, true, 0.9], "reasoning": "The image is showing a birdcage hanging from the ceiling of a porch. The birdcage is the main object in the image and is clearly visible. Therefore, the answer to the first question is True. Upon closer inspection, it is evident that there is no perch visible inside the birdcage. Hence, the answer to the second question is also True. The image is well-lit and the birdcage is the central focus, making the quality of the image high, rated at 0.9. The absence of a perch does not negatively impact the quality score as per the given instructions."}, {"ans": [true, false, 1.0], "reasoning": "The image shows a statue of a woman in a classical style, standing on a marble pedestal. The statue is intact and has a head, which is visible. The image is clear and well-lit, with good detail. The statue is the main object in the image, and it is clearly visible. The head is present and visible, so the answer to the second question is False. The quality of the image is high, as it is clear and well-rendered, so the quality score is 1."}, {"ans": [true, false, 1.0], "reasoning": "The image is showing a teddy bear with a visible nose, so the main object is present and the nose is not missing."}, {"ans": [true, false, 1.0], "reasoning": "The image clearly shows a pair of white sneakers with laces. The sneakers are centered on a brown mat in front of a door, and the laces are visible and tied. The presence of the sneakers directly answers the first question, confirming that the image is showing sneakers with laces. For the second question, since the laces are visible, it indicates that the laces are not missing or invisible. Therefore, the answer to the second question is False. The image is clear and well-lit, showing all necessary details of the sneakers, hence the quality is rated as 1."}, {"ans": [true, false, 0.9], "reasoning": "The image clearly shows a refrigerator with its door open, revealing the interior. The refrigerator is the main object in the image, and it is visible and identifiable. Therefore, the answer to the first question is True. For the second question, the door shelves are visible on the inside of the refrigerator door, so they are not missing or invisible. Hence, the answer to the second question is False. The image is of high quality, with clear details of the refrigerator and its contents, so the quality score is 0.9."}, {"ans": [true, false, 1.0], "reasoning": "The image clearly shows a campfire with flames, surrounded by four women in a forest setting. The presence of the campfire and the flames answers the first question affirmatively. For the second question, the flames are visible, so they are not missing or invisible. The image is of high quality, with clear details and a realistic representation of the scene."}, {"ans": [true, true, 0.9], "reasoning": "The image shows a drinking fountain, which is the main object in the image. The fountain appears to be made of stainless steel and has two spouts, one higher than the other, indicating it is designed for both adults and children. The water is not visible, suggesting it might be turned off or not functioning at the moment the photo was taken. The quality of the image is high, with clear details of the fountain and its surroundings."}, {"ans": [true, false, 0.9], "reasoning": "The image clearly shows a revolver, which is the main object in question. The revolver is positioned on a green surface, and its details are visible. For Question 1, the presence of a revolver is confirmed, so the answer is True. For Question 2, the trigger guard is visible around the trigger, so it is not missing or invisible, making the answer False. The quality of the image is rated 0.9 because it is clear and well-lit, with no significant obstructions or blurriness affecting the view of the revolver."}, {"ans": [true, false, 1.0], "reasoning": "The image depicts a compass rose, which is a circular figure with directions marked around it. The compass rose is ornately designed and includes various elements such as a north arrow, making it clear that it is indeed a compass rose. Therefore, the answer to the first question is True. The north arrow is visible in the image, pointing towards the top of the compass rose, indicating that it is not missing. Hence, the answer to the second question is False. The image is of high quality, with clear details and no visible distortions or issues, so the quality score is 1."}, {"ans": [true, false, 0.9], "reasoning": "The image depicts a futuristic cityscape with tall skyscrapers, indicating that it is showing skyscrapers. The skyscrapers appear to have windows, as evidenced by the grid-like pattern on their facades and the reflection of light on them, so the windows are not missing or not visible."}, {"ans": [true, false, 1.0], "reasoning": "The image is showing a conductor with a baton, he is standing on a stage with an orchestra behind him. The baton is visible in his right hand. The image is clear and well-lit, showing the conductor and the orchestra in detail."}, {"ans": [false, true, 1.0], "reasoning": "The image depicts a soccer field with a clear view of the center and the surrounding area. However, there is no visible soccer goal in the image. The absence of a soccer goal directly answers Question 1 as False because the main object (soccer goal) is not present. For Question 2, since there is no soccer goal visible, it's considered that the crossbar is missing or not visible, hence the answer is True. The quality of the image is rated as 1 because it clearly shows the details of the soccer field, and the absence of a soccer goal does not negatively impact the quality score as per the instructions."}, {"ans": [true, false, 1.0], "reasoning": "The image clearly shows a microscope on a table. The microscope has lenses attached to it, which are visible and appear to be in place. Therefore, for Question 1, the answer is True because the image is showing a microscope. For Question 2, the answer is False because the lenses are not missing; they are visible and appear to be properly attached to the microscope. The quality of the image is rated 1.0 because it is clear and well-lit, showing the microscope and its components in detail."}]