[{"ans": [true, false, 1.0], "reasoning": "The image depicts a sailboat on calm waters with a clear blue sky in the background. The sailboat is centered and appears to be a catamaran type, with its sails furled but visible. The presence of the mast and the sail, even though it is furled, indicates that it is a sailboat. Therefore, the answer to the first question is True. For the second question, the sails are visible, albeit furled, so they are not missing or invisible, making the answer False. The image is clear and well-composed, showing the sailboat and its surroundings in detail, hence the quality is rated as 1."}, {"ans": [true, true, 0.9], "reasoning": "The image clearly shows a bicycle leaning against a brick wall. The bicycle is old and rusty, with visible signs of wear and tear. Upon closer inspection, it is evident that the chain is not visible, suggesting that it might be missing or not visible due to the condition of the bicycle. The image is of good quality, with clear details of the bicycle and its surroundings. The presence or absence of the chain does not affect the overall quality score as per the given instructions."}, {"ans": [true, false, 1.0], "reasoning": "The image clearly shows a cat sitting on a windowsill. The cat is centered and well-defined, indicating that the main object is present. For the second question, the cat's whiskers are visible, so they are not missing or not visible. The image is of high quality as it is clear and well-lit, with no significant distractions or obstructions."}, {"ans": [true, true, 0.9], "reasoning": "The image depicts a castle, which is the main object, so the answer to the first question is True. The gates are not visible in the image, so the answer to the second question is True. The quality of the image is rated 0.9 because it is clear and well-lit, with no visible distortions or issues that would detract from the overall viewing experience."}, {"ans": [true, false, 1.0], "reasoning": "The image depicts a hot-air balloon with a basket, which is the main object of the image. The basket is clearly visible and appears to be attached to the balloon. Therefore, the answer to Question 1 is True. Since the basket is visible, the answer to Question 2 is False. The image is of high quality, with clear details of the balloon and the surrounding landscape, so the quality score is 1."}, {"ans": [true, false, 0.9], "reasoning": "The image clearly shows a turtle with a visible shell. The turtle is on a beach with water around it, and its shell is partially covered by sand and water but is still clearly visible. The image is of good quality, with the turtle and its features clearly discernible. The shell is not missing or not visible; it is present and visible, albeit partially obscured by sand and water."}, {"ans": [true, false, 0.9], "reasoning": "The image clearly shows a train at a station. The train's wheels are visible under the front carriage, indicating they are not missing. The image is well-lit and in focus, with clear details of the train and its surroundings, hence a high-quality score."}, {"ans": [true, false, 0.9], "reasoning": "The image clearly shows a pair of eyeglasses with lenses on a reflective surface. The presence of the eyeglasses with lenses directly answers the first question. For the second question, the lenses are visible, so they are not missing or not visible. The quality of the image is rated 0.9 because it is clear and well-lit, with no significant issues affecting the visibility of the main object."}, {"ans": [true, false, 1.0], "reasoning": "The image shows a fountain pen with a nib, which is clearly visible as it is being used to write on a piece of paper. The presence of the nib is evident from its shape and the fact that it is in contact with the paper, leaving ink behind. Therefore, the nib is not missing or invisible. The image is of high quality, with clear details of the pen and its components."}, {"ans": [true, true, 0.8], "reasoning": "The image shows a broken umbrella with its metal frame visible and the canopy missing or not visible. The main object in the image is indeed an umbrella, albeit damaged. The canopy is not present, indicating it is either missing or not visible. The quality of the image is rated 0.8 because it is clear and well-focused on the subject."}, {"ans": [true, false, 1.0], "reasoning": "The image clearly shows a large white airplane on a runway, with its wings visible on both sides of the fuselage. The presence of the airplane is evident, so the answer to the first question is True. The wings are also clearly visible, so the answer to the second question is False. The image is of high quality, with clear details of the airplane and its surroundings, so the quality score is 1."}, {"ans": [true, false, 1.0], "reasoning": "The image depicts a desk lamp with an ornate brass design, positioned above an open book. The lamp is the main object in the image, and it appears to be a traditional or vintage-style desk lamp. The bulb is visible and appears to be a standard light bulb. Therefore, the answer to Question 1 is True, as the image is showing a desk lamp. The answer to Question 2 is False, as the bulb is not missing or invisible. The quality of the image is rated as 1, as it is clear and well-lit, with no visible distortions or issues."}, {"ans": [true, false, 0.9], "reasoning": "The image shows an electric guitar with a visible neck, answering the first question as true. The neck is clearly visible, so the second question is answered as false. The quality of the image is rated 0.9 because it is clear and well-lit, with no apparent issues that would detract from the visibility of the guitar or its components."}, {"ans": [true, false, 1.0], "reasoning": "The image clearly depicts a fish, which is the main object, so the answer to the first question is True. The fins are visible on the fish, so the answer to the second question is False. The image is of high quality, with clear details and good lighting, so the quality score is 1."}, {"ans": [true, false, 1.0], "reasoning": "The image depicts a small, rustic cottage with a visible roof, situated in a field of wildflowers. The cottage is made of brick and has a tiled roof. The presence of the cottage in the image directly answers Question 1, affirming that the image is showing a cottage. For Question 2, the roof is clearly visible, so it is not missing or invisible. The image is of high quality, with clear details of the cottage and its surroundings, hence the quality score is 1."}, {"ans": [true, true, 0.9], "reasoning": "The image shows a vintage convertible car with its hood up and the windshield is not visible, it is either missing or folded down and not visible. The main object in the image is a car, so the answer to the first question is True. The windshield is not visible, so the answer to the second question is True. The image is clear and well-lit, showing the details of the car, so the quality is rated as 0.9."}, {"ans": [true, true, 0.8], "reasoning": "The image shows a transparent keyboard with illuminated keys, indicating that it is indeed a keyboard. The spacebar is not visible, likely due to the angle of the image or its design. The quality of the image is rated 0.8 because it is well-lit and in focus, with clear details of the keyboard's components."}, {"ans": [true, false, 0.9], "reasoning": "The image clearly shows an owl perched on a tree branch, with its feathers visible and detailed. The owl's presence is the main focus, and it is depicted with feathers, so the answer to the first question is True. For the second question, the feathers are not missing or invisible; they are clearly visible, so the answer is False. The quality of the image is rated 0.9 because it is a clear and detailed representation of an owl, with good lighting and composition. The key elements are well-defined, and there are no significant distractions or issues that would detract from the overall quality."}, {"ans": [true, false, 0.9], "reasoning": "The image is showing a book with its cover open and pages visible. The main object in the image is a book, so the answer to the first question is True. The pages of the book are visible, so they are not missing or not visible, making the answer to the second question False. The image is of high quality, with clear details of the book and its surroundings, so the quality score is 0.9."}, {"ans": [true, false, 0.9], "reasoning": "The image depicts a lighthouse, which is the main object. The lighthouse is visible and appears to be intact, with a lamp visible inside the lantern room. The presence of the lamp indicates that it is not missing. The quality of the image is high, with clear details of the lighthouse and its surroundings, despite the rainy and cloudy weather conditions."}, {"ans": [true, false, 1.0], "reasoning": "The image shows a light-colored armchair with a tufted back and arms, sitting on a patterned rug. The chair has visible legs, which are dark in color. The image is clear and well-lit, showing the chair and its details. Therefore, the answer to the first question is True because the image is showing an armchair. The answer to the second question is False because the legs are visible. The quality of the image is rated as 1 because it is clear and well-lit."}, {"ans": [true, true, 0.9], "reasoning": "The image is showing a deer, which is the main object, so the answer to the first question is True. The deer appears to be without antlers, and upon closer inspection, it is clear that the antlers are not visible, so the answer to the second question is True. The image is well-lit and in focus, with good composition, so the quality is rated as 0.9. The absence of antlers does not affect the quality score as per the instructions."}, {"ans": [true, true, 1.0], "reasoning": "The image shows a pink envelope on a marble surface. The envelope is closed, and the flap is tucked inside, making it not visible. Therefore, the answer to the first question is True because the image is showing an envelope. The answer to the second question is also True because the flap is not visible. The quality of the image is rated 1 because it is clear and well-lit, and the envelope is the main focus."}, {"ans": [true, true, 1.0], "reasoning": "The image is showing a wall clock. The clock face is white with black hands, and there are no numbers visible on the clock face. Therefore, the numbers are missing or not visible. The image is clear and well-lit, and the clock is the main focus of the image, so the quality is high."}, {"ans": [true, false, 0.9], "reasoning": "The image depicts a person wearing a white space suit, partially submerged in a pool of water. The suit is fully visible and appears to be a space suit, so the answer to Question 1 is True. The helmet is clearly visible on the person's head, so the answer to Question 2 is False. The image is well-lit and the details of the space suit are clear, so the quality is rated as 0.9. The slight distortion due to the water does not significantly impact the overall quality."}, {"ans": [true, false, 1.0], "reasoning": "The image clearly depicts a windmill with visible blades standing in a field of wheat. The presence of the windmill and its blades directly answers both questions. For Question 1, the image shows a windmill, so the answer is True. For Question 2, since the blades are visible, they are not missing or not visible, so the answer is False. The image is of high quality as it clearly shows the windmill and its details."}, {"ans": [true, true, 0.9], "reasoning": "The image clearly depicts a large tree with extensive branches, but it is leafless. The presence of the tree is evident, fulfilling the first question's condition. For the second question, the leaves are indeed missing, as there are no leaves visible on the tree. The image is of high quality, capturing the details of the tree and its surroundings effectively, hence the quality rating of 0.9."}, {"ans": [true, true, 1.0], "reasoning": "The image shows a yellow bus with visible seats and no doors. The presence of the bus is clear, so the answer to the first question is True. The doors are not visible, so the answer to the second question is True. The image is clear and well-lit, and the key elements of the bus are visible, so the quality is rated as 1."}, {"ans": [true, false, 1.0], "reasoning": "The image shows a laptop on a table with its screen visible. The laptop is open and facing the camera, with the Apple logo visible on the back of the screen. The presence of the laptop is clear, so the answer to the first question is True. The screen is visible, so it is not missing or not visible, making the answer to the second question False. The image is clear and well-lit, showing the laptop and its surroundings in detail, so the quality is rated as 1."}, {"ans": [true, true, 1.0], "reasoning": "The image shows a brass instrument, which is a cornet, not a trumpet. However, the question asks if the image is showing a trumpet, and it is acceptable to consider a cornet as a type of trumpet. The main object in the image is indeed a brass instrument that is similar to a trumpet. Therefore, the answer to the first question is True. The mouthpiece is not visible in the image, so the answer to the second question is True. The image is clear and well-lit, and it is not missing any key elements that would affect its quality. Therefore, the quality score is 1."}, {"ans": [true, false, 1.0], "reasoning": "The image clearly shows a robot with a visible head in a laboratory setting. The robot is white and has a humanoid shape with a distinct head, indicating that it is indeed a robot. The head is not missing or invisible; it is clearly visible and has blue glowing eyes. The image is of high quality, with clear details of the robot and its surroundings."}, {"ans": [true, true, 1.0], "reasoning": "The image shows a candle on a decorative tray. The candle is white and cylindrical, with no visible wick. The first question asks if the image is showing a candle, which it is, so the answer is True. The second question asks if the wick is missing or not visible. Since the wick is not visible in the image, the answer is True. The image quality is rated 1.0 because it is clear and well-lit, and there are no visible issues that would detract from the overall quality."}, {"ans": [true, false, 1.0], "reasoning": "The image clearly shows a pizza with various toppings including tomatoes, basil, and cheese. The presence of cheese is visible, indicating that it is not missing. The image is of high quality, well-lit, and clearly shows the details of the pizza."}, {"ans": [true, true, 0.8], "reasoning": "The image is showing a DSLR camera body with the lens removed and the mount open, revealing the internal mechanisms. The camera body is clearly visible, so the answer to the first question is True. The lens is not attached to the camera, so the answer to the second question is True. The image is well-lit and in focus, but the presence of a cluttered background (the wooden shelf and wall) slightly reduces the quality score. However, the key elements of the camera are clearly visible, so the quality score is not severely impacted."}, {"ans": [true, false, 1.0], "reasoning": "The image clearly shows a grand piano on a stage in an auditorium. The piano is visible and appears to be intact, with its keys visible. Therefore, the answer to the first question is True. For the second question, the keys are visible, so they are not missing or invisible, making the answer False. The image is of high quality, well-lit, and clearly shows the details of the piano and the auditorium, hence the quality score is 1."}, {"ans": [true, false, 1.0], "reasoning": "The image shows two paintbrushes, one on the left and one on the right. The paintbrush on the left is mostly out of the frame, but it appears to be a paintbrush with a wooden handle and metal ferrule. The paintbrush on the right is more visible and has a wooden handle with paint on it. The bristles of the paintbrush on the right are visible and appear to be covered in paint. Therefore, the answer to Question 1 is True because the image is showing a paintbrush. The answer to Question 2 is False because the bristles are visible on the paintbrush on the right. The quality of the image is rated 1 because it is clear and well-lit, allowing for easy identification of the objects in the image."}, {"ans": [true, false, 1.0], "reasoning": "The image is showing a watch with its back removed, exposing the internal mechanisms. The watch is sitting on a granite countertop, and parts of the watch are disassembled around it. The watch has a strap, which is visible and connected to the watch body. Therefore, the strap is not missing or not visible. The image is clear and well-lit, showing the details of the watch and its components."}, {"ans": [true, true, 0.8], "reasoning": "The image shows a patient in a dental chair with their mouth open and visible. The mouth is the main focus of the image, and it is clearly visible. Therefore, the answer to Question 1 is True. The tongue is not visible in the image, likely due to the dental procedure being performed and the presence of dental tools and equipment in the mouth. Therefore, the answer to Question 2 is True. The quality of the image is rated 0.8 because it is clear and well-lit, showing the details of the dental procedure and the patient's mouth."}, {"ans": [true, false, 0.9], "reasoning": "The image shows a motorcycle parked on a wet street at night, with its handlebars visible. The motorcycle is the main object in the image, and it is clearly visible. The handlebars are also visible, so they are not missing or invisible. The image is well-lit and has a clear view of the motorcycle, indicating a high-quality image."}, {"ans": [true, false, 1.0], "reasoning": "The image clearly shows a television set, which is the main object in question. The television is an older model with a visible screen displaying light bulbs inside, indicating it is not functioning as a typical TV. The screen is present and visible, although it is not displaying a normal image. Therefore, the answer to the first question is True because the image is showing a television. For the second question, the answer is False because the screen is not missing; it is visible and displaying an unusual content. The quality of the image is rated as 1 because it is clear and well-lit, with no significant issues affecting its clarity or the visibility of the main object."}, {"ans": [true, false, 0.9], "reasoning": "The image shows a white goat with horns standing on a rocky outcrop. The goat is clearly visible and appears to be a mountain goat, which matches the description. The horns are also visible, so they are not missing or invisible. The image is of high quality, with a clear and sharp focus on the goat, although the background is slightly blurred. The only reason I wouldn't give it a 1 is that the image could be slightly sharper."}, {"ans": [true, false, 1.0], "reasoning": "The image clearly shows a pair of red sneakers on a bench in front of lockers. The sneakers are prominently displayed and appear to be in good condition. The laces are visible and appear to be intact, threaded through the eyelets. Therefore, the laces are not missing or not visible. The image is of high quality, with clear details of the sneakers and the surrounding environment."}, {"ans": [true, false, 0.9], "reasoning": "The image clearly shows a green frog sitting on a lily pad in the water. The frog's eyes are visible and not missing. The image is of high quality, with clear details of the frog and its surroundings. The presence of the frog and its visible eyes directly answer the questions."}, {"ans": [true, false, 0.9], "reasoning": "The image shows a white porcelain mug with blue floral designs, accompanied by a saucer. The mug has a handle on the right side, which is clearly visible. The presence of the mug is evident, so the answer to the first question is True. Since the handle is visible, the answer to the second question is False. The image is of high quality, with clear details of the mug and saucer, hence the quality score is 0.9."}, {"ans": [true, false, 0.9], "reasoning": "The image is showing a saxophone, and the keys are visible, so the answer to the first question is True. The keys are not missing or not visible, so the answer to the second question is False. The quality of the image is rated 0.9 because it is a clear and well-lit close-up shot of the saxophone, with no visible distortions or obstructions."}, {"ans": [true, true, 1.0], "reasoning": "The image shows a skateboard with its trucks and some wheels visible but not the actual wheels on the ground. The skateboard is broken and lying on a brick surface. The main object is a skateboard, so the answer to the first question is True. The wheels are missing or not visible as they are not attached to the trucks, making the answer to the second question True. The image is clear and well-lit, showing the details of the skateboard and its surroundings, so the quality is rated as 1."}, {"ans": [true, false, 0.9], "reasoning": "The image shows a fedora hat on a stand, and the brim is visible. The main object in the image is a fedora, which matches the description in Question 1. Therefore, the answer to Question 1 is True. The brim of the fedora is clearly visible, so it is not missing or not visible, making the answer to Question 2 False. The image is well-lit and in focus, with a clear view of the hat and its details, hence a high-quality score of 0.9."}, {"ans": [true, false, 0.9], "reasoning": "The image shows a motorcycle helmet with a visor. The visor is clearly visible and appears to be intact. The helmet is placed on a workbench surrounded by various tools, indicating that it might be undergoing maintenance or repair. The presence of the visor on the helmet directly answers both questions."}, {"ans": [true, true, 1.0], "reasoning": "The image clearly shows a bedframe, which is the main object in the picture. The bedframe is ornate and made of wood, with intricate carvings and details. There is no mattress visible on the bedframe. The quality of the image is high, as it is clear and well-lit, showing all the details of the bedframe."}, {"ans": [true, false, 1.0], "reasoning": "The image is showing a clock tower with a visible clock face on one side. The clock tower is the main object in the image and is clearly visible. The clock face is also visible, so it is not missing or invisible."}, {"ans": [true, false, 0.9], "reasoning": "The image shows a pocket watch with its cover open, revealing the intricate inner mechanisms. The watch face is visible and has hands, so the main object is present and the hands are not missing."}, {"ans": [true, true, 0.9], "reasoning": "The image is showing a bicycle, which is the main object. The bicycle appears to be leaning against a stone wall, and it is red and silver in color. Upon closer inspection, it is clear that the pedals are not visible, as they are either missing or obstructed from view. The image is well-lit and in focus, with good clarity and detail. The quality of the image is high, with a score of 0.9 out of 1. The absence of pedals does not affect the quality score as per the instructions."}, {"ans": [true, false, 0.9], "reasoning": "The image is a painting of a woman in a white dress, which is clearly visible. The woman's eyes are also visible, so they are not missing or invisible. The quality of the image is high, with clear details and colors. The only reason for not giving it a perfect score is the slight blurriness and the fact that it appears to be a painting on a wall, which might affect its overall clarity."}, {"ans": [true, false, 0.9], "reasoning": "The image clearly depicts a grand piano on a stage, with its internal mechanisms visible due to a transparent or broken outer casing. The presence of the piano is evident, answering the first question affirmatively. For the second question, the hammers inside the piano are visible, indicating they are not missing. The image quality is high, with detailed rendering of the piano and its components, though the overall scene is somewhat surreal and edited, hence a quality score of 0.9."}, {"ans": [true, false, 0.9], "reasoning": "The image depicts a sailing ship with three masts and visible sails, indicating that it is indeed a sailing ship. The sails are partially visible and appear to be set, so they are not missing or invisible. The image is of high quality, with clear details of the ship and its rigging, hence the quality score is 0.9."}, {"ans": [true, false, 1.0], "reasoning": "The image shows a large tree with sprawling branches and a thick trunk, which is consistent with the appearance of an oak tree. The tree has leaves, so the answer to the first question is True. The leaves are visible on the tree, so the answer to the second question is False. The image is clear and well-lit, with no visible distortions or obstructions, so the quality is rated as 1."}, {"ans": [true, true, 0.9], "reasoning": "The image depicts a charming stone cottage with a sloping roof and chimneys, surrounded by lush greenery. The cottage is the main object in the image, and it is clearly visible. Therefore, the answer to the first question is True. Upon closer inspection, it is evident that the door of the cottage is not visible due to the dense foliage covering it. Hence, the answer to the second question is also True. The image is of high quality, with clear details and vibrant colors, so the quality score is 0.9."}, {"ans": [true, false, 0.9], "reasoning": "The image is showing a passenger jet on the tarmac. The wings are visible on the aircraft, indicating that they are not missing. The image is clear and well-lit, showing the details of the plane and its surroundings. The quality of the image is high, with a score of 0.9 out of 1. The presence of the wings is confirmed, so the answer to the second question is False."}, {"ans": [true, true, 0.9], "reasoning": "The image shows a wristwatch with a white face and silver band on a beige leather tray. The watch face does not have any visible numbers, only the hour and minute hands are visible. Therefore, the answer to the first question is True because the image is showing a wristwatch. The answer to the second question is also True because the numbers are not visible on the wristwatch face. The quality of the image is rated 0.9 because it is clear and well-lit, with no visible distortions or obstructions that would affect the visibility of the main object, the wristwatch."}, {"ans": [true, false, 0.9], "reasoning": "The image is showing a pizza with visible cheese, although not the primary topping. The primary topping appears to be tomato sauce and basil leaves. The presence of cheese is visible around the edges and in some areas under the sauce, indicating it is not missing. The image is clear and well-lit, showing the details of the pizza and its toppings, hence a high-quality score."}, {"ans": [true, false, 0.9], "reasoning": "The image is showing a busy city street with multiple traffic signals visible. The traffic signals are clearly present and some of them have visible lights. Therefore, the answer to the first question is True. For the second question, the lights are visible on the traffic signals, so the answer is False. The quality of the image is rated 0.9 because it is clear and well-lit, with no significant obstructions or issues that would detract from the visibility of the traffic signals or the overall scene."}, {"ans": [true, true, 0.8], "reasoning": "The image shows a broken skateboard on the ground. The main object, the skateboard, is present, so the answer to the first question is True. The wheels are not visible as the skateboard is broken and the trucks are separated from the deck, indicating that the wheels are likely missing, so the answer to the second question is True. The quality of the image is rated 0.8 because it is clear and well-lit, with no significant issues affecting the visibility of the skateboard."}, {"ans": [true, true, 0.9], "reasoning": "The image is showing a chessboard with pieces on it. The chessboard is the main object, and it is present in the image. The black pieces are not visible on the board, they are missing. The image is clear and well-lit, and the chessboard and pieces are in sharp focus. The quality of the image is high, with a score of 0.9 out of 1. The missing black pieces do not affect the quality score as per the instructions."}, {"ans": [true, true, 1.0], "reasoning": "The image shows a red sports car on display in a showroom. The car is clearly visible and appears to be a high-performance vehicle. The brakes are not visible as the wheels are designed in a way that they cover the brakes. Therefore, the answer to the first question is True as the image is showing a sports car. The answer to the second question is True because the brakes are not visible. The quality of the image is rated as 1 because it is clear and well-lit, with no visible distortions or issues that would detract from the viewing experience."}, {"ans": [true, true, 1.0], "reasoning": "The image is showing an open book on a wooden table, with the pages visible and blank. The book is the main object in the image, and it is clearly visible. Therefore, the answer to Question 1 is True. The text is not visible on the pages of the book, as they appear to be blank. Therefore, the answer to Question 2 is True. The image is of high quality, as it is clear and well-lit, and the book is the main focus. The fact that the text is missing or not visible does not affect the quality score, as per the instructions. Therefore, the quality score is 1."}, {"ans": [true, false, 1.0], "reasoning": "The image clearly shows a computer tower with a transparent side panel, revealing the internal components. The fans are visible and illuminated with colorful lights, indicating they are present and not missing. The image is well-lit and of high quality, with clear details of the internal components."}, {"ans": [true, false, 0.9], "reasoning": "The image shows a scarecrow with a hat and a plaid shirt, standing in a field. The scarecrow has visible arms, which are made of straw and attached to the body. The image is clear and well-defined, with a clear view of the scarecrow and its surroundings. The quality of the image is high, with a score of 0.9 out of 1. The scarecrow's arms are visible, so the answer to the second question is False."}, {"ans": [true, true, 0.9], "reasoning": "The image depicts a knight in armor, which directly answers Question 1. The knight is wearing full armor, including a helmet and breastplate, and is clearly identifiable as a knight. For Question 2, the sword is not visible in the image, as it is not being held by the knight nor is it visible at his side. The quality of the image is rated 0.9 because it is a clear and detailed representation of a knight in armor, with good lighting and color. The absence of a sword does not detract from the overall quality of the image."}, {"ans": [true, false, 1.0], "reasoning": "The image shows a teapot with a floral design on it. The teapot has a handle and a spout, and it is sitting on a bamboo tray. The handle is visible on the right side of the teapot. Therefore, the answer to Question 1 is True because the image is showing a teapot. The answer to Question 2 is False because the handle is visible. The quality of the image is rated as 1 because it is clear and well-lit, and the teapot is centered in the frame."}, {"ans": [true, false, 1.0], "reasoning": "The image clearly shows a basketball hoop with a net. The hoop is orange, and the net is white and visible, indicating that it is not missing. The backboard is made of transparent material, likely glass or plastic, and is attached to a pole. The background features trees and a blue sky, suggesting an outdoor setting. The presence of the hoop and net directly answers the first question affirmatively. For the second question, since the net is clearly visible, the answer is negative, indicating the net is not missing or not visible."}, {"ans": [true, false, 0.9], "reasoning": "The image shows a dining table set with multiple place settings, each including plates, silverware, and glasses. The table is covered with a white tablecloth and has a formal setting. The glasses are visible on the table, indicating that they are not missing. Therefore, the answer to Question 1 is True, as the image is showing a dining table. The answer to Question 2 is False, as the glasses are visible and not missing. The quality of the image is rated 0.9, as it is clear and well-lit, with no visible distortions or issues that would affect the interpretation of the content."}, {"ans": [true, true, 1.0], "reasoning": "The image clearly shows a vintage typewriter with its internal mechanisms visible, indicating that it is indeed a typewriter. The ribbon is not visible within the typewriter, and there is a spool of ribbon on the right side of the desk, suggesting that the ribbon might be missing or not properly installed in the typewriter. The image is of high quality, with clear details of the typewriter and its surroundings."}, {"ans": [true, false, 0.9], "reasoning": "The image shows multiple winter jackets hanging on a rack. The jackets are quilted and appear to be made of a thick, warm material, consistent with winter jackets. The first jacket from the left has buttons and no visible zipper, while the others have zippers. Therefore, for Question 1, the answer is True because the image does show winter jackets. For Question 2, the answer is False because the zipper is visible on at least one of the jackets, specifically the ones on the right. The quality of the image is rated 0.9 because it is clear and well-lit, showing the details of the jackets without any significant obstructions or blurriness."}, {"ans": [true, false, 0.9], "reasoning": "The image is clearly showing a sunflower, so the answer to the first question is True. The seeds are visible on the sunflower, so the answer to the second question is False. The quality of the image is high, with good lighting and clarity, so the quality score is 0.9. The presence or absence of seeds does not affect the quality score as per the instructions."}, {"ans": [true, false, 0.9], "reasoning": "The image clearly shows an elephant in the foreground, kicking up dirt. The main object (the elephant) is present, so the answer to Question 1 is True. The trunk of the elephant is visible and not missing, so the answer to Question 2 is False. The image is clear and well-focused on the elephant, with other animals and a natural setting visible in the background. The quality of the image is rated 0.9 because it is sharp and detailed, with good lighting that highlights the texture of the elephant's skin and the dirt it's kicking up. The absence of the trunk is not a factor in the quality rating as per the instructions."}, {"ans": [true, true, 0.8], "reasoning": "The image shows a rowboat, which is the main object. The boat is white with a wooden interior and appears to be old and weathered. The oars are not visible in the image, suggesting they are either missing or not visible. The image is clear and well-composed, showing the boat in detail against a serene background of a lake and trees. The quality of the image is rated 0.8 because it is clear and well-lit, but the rating does not take into account the absence of oars as per the instructions."}, {"ans": [true, false, 0.9], "reasoning": "The image is showing a snowman with a scarf and hat, and it has buttons visible on its body. The main object in the image is a snowman, so the answer to the first question is True. The buttons are visible on the snowman's body, so the answer to the second question is False. The image is clear and well-defined, with no visible distortions or issues that would affect its quality. Therefore, the quality of the image is rated as 0.9."}, {"ans": [true, false, 0.9], "reasoning": "The image clearly shows a fountain pen, which is the main object in question. The pen is lying on an open book, and its transparent barrel allows the ink inside to be visible. Therefore, the answer to the first question is True. For the second question, since the ink is visible inside the pen's barrel, it is not missing or invisible, so the answer is False. The image is of high quality, with clear details of the pen and its components, hence the quality score is 0.9."}, {"ans": [true, false, 0.9], "reasoning": "The image shows a paintbrush with visible bristles, lying on a palette covered in various colors of paint. The brush is clearly identifiable, and its bristles are partially visible and covered in paint, indicating that they are present. The quality of the image is high, with clear details of the brush and the paint on the palette."}, {"ans": [true, false, 0.9], "reasoning": "The image clearly shows a pair of eyeglasses with lenses and frames, along with the temples, on top of a torn newspaper. The presence of the eyeglasses satisfies the first question. For the second question, the temples are visible, so they are not missing or invisible. The image is well-lit and in focus, with the eyeglasses being the main subject, hence a high-quality score."}, {"ans": [true, false, 0.9], "reasoning": "The image clearly shows a person holding an umbrella on a rainy street. The umbrella is visible and appears to be intact, with its ribs visible under the fabric. The image is well-lit and in focus, with a clear view of the umbrella and its details. Therefore, the answer to the first question is True. For the second question, the ribs of the umbrella are visible, so the answer is False. The quality of the image is rated 0.9 because it is sharp and well-composed, with good lighting that highlights the subject."}, {"ans": [true, true, 0.8], "reasoning": "The image is showing a wristwatch with an open face, revealing its intricate mechanical components. The hour markers are not visible on the watch face, as the face is not present in the image, suggesting it is either missing or not visible. The quality of the image is rated 0.8 because it is a clear and detailed close-up of the watch's inner workings, with good lighting and focus."}, {"ans": [true, false, 0.9], "reasoning": "The image clearly shows a camping tent, so the answer to the first question is True. The poles of the tent are visible and appear to be part of the structure, so the answer to the second question is False. The image is clear and well-lit, and it effectively shows the tent and its surroundings, so the quality score is 0.9. The only reason for not giving it a perfect score is the slight blurriness of the image."}, {"ans": [true, true, 0.9], "reasoning": "The image depicts a cuckoo clock, as evidenced by the central clock face and the surrounding carved wooden decorations, which are typical of traditional cuckoo clocks. The clock face is visible and appears to be functional, with hour and minute hands. The surrounding decorations include carved animals, leaves, and other ornaments, which are also characteristic of cuckoo clocks. The weights are not visible in the image, suggesting that they are either missing or not visible from the current perspective. The image is of high quality, with clear details of the clock and its decorations, hence the quality score is 0.9."}, {"ans": [true, true, 0.8], "reasoning": "The image is showing a smartphone with a screen displaying a man's face. The phone is standing upright on a wooden table. The speaker grille is not visible from the front side of the smartphone, and it appears to be missing or not visible. The image quality is good, with clear details of the phone and its screen, so the quality score is 0.8."}, {"ans": [true, false, 1.0], "reasoning": "The image clearly depicts a motorcycle, fulfilling the first question's condition. The speedometer is visible on the handlebars, indicating that it is not missing, thus answering the second question as false. The image is of high quality, capturing the motorcycle and its surroundings in detail, with the key elements clearly visible."}, {"ans": [false, false, 1.0], "reasoning": "The image is showing a traditional Chinese instrument, likely an Erhu, and its bow. The bow is visible but the hair on the bow is not clearly visible due to the angle and the reflection on the surface. However, the presence of the bow is evident. For question 1, the main object in question is a violin bow, which is not the primary focus of the image. The image is primarily showing an Erhu, not a violin or its bow. Therefore, the answer to question 1 is False. For question 2, the hair on the bow is not clearly visible, but it's not entirely clear if it's missing or just not visible due to the angle. However, given the context that it's a bow for a traditional Chinese instrument, it's reasonable to assume it has hair. The question asks if the hair is missing or not visible. Since we can't confirm it's missing, and it's somewhat visible or implied to be present, the answer to question 2 is False. The quality of the image is rated 1 because it is clear and well-lit, and the lack of visibility of the bow hair does not negatively impact the quality score as per the instructions."}, {"ans": [true, false, 0.9], "reasoning": "The image clearly shows a birdcage hanging from a porch, with a bird inside and several birds around it. The birdcage is the main object in the image and is prominently displayed. Inside the birdcage, a perch is visible, supporting a bird. Therefore, for Question 1, the answer is True because the image is showing a birdcage. For Question 2, the answer is False because the perch is visible inside the birdcage. The quality of the image is rated 0.9, as it is clear and well-lit, with no apparent issues that would detract from its quality."}, {"ans": [true, false, 0.9], "reasoning": "The image shows a statue of a woman, which is the main object. The statue is intact and has a head, so the head is not missing. The image is clear and well-lit, with good detail on the statue and its surroundings, hence a high quality score."}, {"ans": [true, false, 1.0], "reasoning": "The image clearly shows a teddy bear sitting on a bed. The teddy bear has a visible nose, which is a key feature of its face. Therefore, the answer to the first question is True because the main object, a teddy bear, is present. For the second question, the nose is visible on the teddy bear's face, so the answer is False because the nose is not missing or invisible. The quality of the image is rated as 1.0 because it is clear and well-lit, with the teddy bear and its features easily visible."}, {"ans": [true, false, 0.9], "reasoning": "The image is showing a pair of white sneakers, specifically Converse All Star, with laces. The laces are visible and not missing. The image is clear and well-lit, showing the sneakers in detail. The quality of the image is high, with a score of 0.9, as it is clear and well-focused."}, {"ans": [true, false, 1.0], "reasoning": "The image clearly shows a refrigerator with its door open, revealing the interior. The door shelves are visible on the right side of the refrigerator door. Therefore, the answer to the first question is True because the main object, a refrigerator, is present. The answer to the second question is False because the door shelves are not missing; they are visible. The quality of the image is rated 1 because it is clear and well-lit, with no significant issues affecting its quality."}, {"ans": [true, false, 0.9], "reasoning": "The image is showing a campfire with people sitting around it. The campfire is lit and has visible flames. The presence of the campfire and the people around it indicates a gathering or social event. The image is well-lit and the details are clear, suggesting a high-quality image. The flames are visible, so they are not missing or invisible."}, {"ans": [true, false, 0.9], "reasoning": "The image clearly shows a drinking fountain with water flowing from it. The presence of the fountain and the flowing water indicates that the main object is indeed a drinking fountain. Therefore, the answer to the first question is True. For the second question, since water is visibly flowing from the fountain, it is not missing or invisible. Hence, the answer is False. The quality of the image is rated 0.9 because it is clear and well-focused on the drinking fountain, with a good view of its details and the surrounding environment."}, {"ans": [true, false, 0.9], "reasoning": "The image clearly shows a revolver with a visible trigger guard. The presence of the revolver confirms the first question as true. The trigger guard is visible and not missing, so the second question is false. The image is of high quality, with clear details of the revolver and its components, hence the quality score is 0.9."}, {"ans": [true, false, 0.9], "reasoning": "The image is a detailed illustration of a compass rose, which is prominently displayed in the center. The compass rose includes a north arrow, which is visible and pointing towards the top of the image. The presence of the compass rose and the north arrow indicates that the image is showing a compass rose with a north arrow. Therefore, the answer to the first question is True. Since the north arrow is visible, the answer to the second question is False. The quality of the image is rated 0.9 because it is a clear and detailed illustration, with no visible distortions or obstructions that would affect the visibility of the compass rose or the north arrow."}, {"ans": [true, false, 0.9], "reasoning": "The image depicts a futuristic cityscape with tall, sleek skyscrapers that have a metallic appearance and are adorned with neon lights. The buildings are the main focus of the image, and they can be considered as skyscrapers. Therefore, the answer to the first question is True. Upon closer inspection, it is evident that some of the skyscrapers have windows or window-like features that are visible, indicating that windows are not entirely missing or invisible. Hence, the answer to the second question is False. The image is of high quality, with clear details and vibrant colors, so the quality score is 0.9."}, {"ans": [true, true, 0.9], "reasoning": "The image shows a conductor standing in front of an orchestra, with his back to the camera and his arms raised. The conductor is wearing a black suit and appears to be leading the orchestra. The image is clear and well-lit, showing the conductor and the musicians in detail. The baton is not visible in the conductor's hand, suggesting that it is either missing or not visible. The overall quality of the image is high, with a clear view of the conductor and the orchestra."}, {"ans": [false, false, 1.0], "reasoning": "The image shows a soccer field with markings and flags, but there is no visible soccer goal in the image. Therefore, the answer to Question 1 is False because the main object (soccer goal) is not present. For Question 2, since there is no soccer goal visible, the question about the crossbar being missing or not visible does not apply directly, but the answer is False because there's no goal to assess. The quality of the image is rated 1 because it clearly shows the soccer field and its details, and the absence of a soccer goal is not penalized as per the instructions."}, {"ans": [true, true, 0.8], "reasoning": "The image is showing a microscope, which is the main object. The lenses appear to be missing or not visible due to the superimposed transparent image of the microscope parts. The quality of the image is good, with clear details of the microscope and its components, despite the overlay."}]