[{"ans": [true, false, 1.0], "reasoning": "The image clearly shows a sailboat on the water. The sailboat has a mast and rigging, and a partially furled sail is visible, indicating that it is a sailboat. The sail is not fully unfurled, but it is still visible, so the sails are not missing or not visible. The image is clear and well-defined, with no visible artifacts or distortions, so the quality is high."}, {"ans": [true, false, 1.0], "reasoning": "The image clearly shows a bicycle, which is the main object in question. The bicycle is red and leaning against a brick wall. The chain of the bicycle is visible, indicating that it is not missing. The image is clear and well-defined, with no visible artifacts, blurring, or other issues that would affect its quality. Therefore, the answer to the first question is True because the image is showing a bicycle. The answer to the second question is False because the chain is visible and not missing. The quality of the image is rated as 1.0 because it is clear and well-defined, with no visible issues."}, {"ans": [true, false, 0.95], "reasoning": "The image clearly shows a cat sitting on a windowsill. The cat is centered and well-defined, indicating that it is the main object of the image. The cat's whiskers are visible and appear to be intact, which directly answers the second question. The image is sharp and clear, with no noticeable artifacts, blurring, or other issues that would detract from its quality. The only reason the quality score is not 1 is due to the slight blurring of the background, but this does not affect the main subject."}, {"ans": [true, true, 1.0], "reasoning": "The image depicts a castle with a large stone structure, towers, and a grassy hill in front. The main object, the castle, is present. The gates are not visible, as the entrance appears to be open or the gates are not shown. The image is clear and well-defined, with no visible artifacts or distortions. Therefore, the quality is rated as 1.0."}, {"ans": [true, false, 0.9], "reasoning": "The image clearly depicts a hot-air balloon with a visible basket. The balloon is the main object, and it is shown in a field with a clear sky. The basket is attached to the balloon and is visible, containing people. The image is of high quality, with clear details and vibrant colors. The only reason for not giving it a perfect score is the slight gradient effect in the sky, which could be considered a minor artifact, but it does not significantly detract from the overall quality."}, {"ans": [true, false, 0.95], "reasoning": "The image clearly shows a turtle with a visible shell. The turtle is centered in the image, and its shell is prominent. The image is well-lit, and there are no significant artifacts or distortions that would affect the visibility of the turtle or its shell. The quality of the image is high, with clear details of the turtle's features and the surrounding environment. The only reason the quality is not rated as 1 is due to the slight shadowing and reflection on the sand, which is a natural aspect of the scene rather than an image quality issue."}, {"ans": [true, false, 0.95], "reasoning": "The image clearly shows a train at a station, indicating that the main object is indeed a train. The wheels of the train are visible, so they are not missing or invisible. The image is sharp and well-lit, with no noticeable artifacts or distortions that would affect its quality. Therefore, the quality is rated high at 0.95."}, {"ans": [true, false, 0.95], "reasoning": "The image clearly shows a pair of eyeglasses with lenses. The lenses are visible and not missing. The image is sharp and well-lit, with a clear reflection of the glasses on the surface below. The only reason the quality score is not 1 is due to the slight blurring in the background, but this does not affect the main object, which is the eyeglasses."}, {"ans": [true, false, 1.0], "reasoning": "The image clearly shows a fountain pen with a visible nib, indicating that the main object is indeed a fountain pen. The nib is present and visible, so it is not missing. The image is of high quality, with clear details and no visible artifacts or distortions."}, {"ans": [true, false, 0.95], "reasoning": "The image shows an umbrella with a canopy that is damaged and has visible signs of wear, but it is still present. The main object in the image is indeed an umbrella, so the answer to the first question is True. The canopy is visible, although it is damaged, so the answer to the second question is False. The image quality is high, with clear details of the umbrella and the chair next to it. The only reason for a slightly lower quality score is the peeling paint on the wall, but it does not affect the main objects in the image."}, {"ans": [true, false, 1.0], "reasoning": "The image is clearly showing an airplane on a tarmac with a cloudy sky in the background. The airplane is white and has a visible nose, body, and tail section. The wings are also visible, so they are not missing or not visible. The image is sharp and clear, with no visible artifacts or distortions. Therefore, the answer to the first question is True, and the answer to the second question is False. The quality of the image is rated as 1 because it is clear and well-defined."}, {"ans": [true, false, 0.95], "reasoning": "The image clearly shows a desk lamp, which is the main object, so the answer to the first question is True. The bulb is visible and appears to be lit, as indicated by the light shining on the book and the wall, so the answer to the second question is False. The image is of high quality, with clear details and no visible artifacts or distortions, so the quality score is 0.95. The slight deduction from 1 is due to the minor shadow on the wall, which is not a significant issue but prevents it from being perfect."}, {"ans": [true, false, 1.0], "reasoning": "The image clearly shows an electric guitar with a visible neck, answering the first question as True. The neck is present and visible, so the answer to the second question is False. The image is of high quality with no visible artifacts, blurring, or other issues, hence the quality score is 1.0."}, {"ans": [true, false, 0.9], "reasoning": "The image clearly shows a fish lying on a bed of ice, with its body and fins visible. The main object, a fish, is present, so the answer to Question 1 is True. For Question 2, the fins are visible on the fish, so the answer is False. The image is of high quality, with clear details and no visible artifacts or distortions that would significantly impact the visibility of the main object or its fins. The slight decrease in quality score is due to minor imperfections in the rendering of the ice and the fish's texture, but these do not detract from the overall clarity of the image."}, {"ans": [true, false, 1.0], "reasoning": "The image is showing a cottage with a roof, so the answer to the first question is True. The roof is visible, so the answer to the second question is False. The image is clear and of high quality, with no visible artifacts or distortions, so the quality score is 1.0."}, {"ans": [true, true, 0.9], "reasoning": "The image shows a vintage convertible car with its top down, and the windshield is not visible as it is folded down or not present. The main object, a car, is clearly visible, so the answer to the first question is True. The windshield is not visible, so the answer to the second question is True. The image quality is good, with clear details of the car and its surroundings, so the quality score is 0.9. There are no noticeable artifacts or distortions that would decrease the quality score."}, {"ans": [true, false, 0.95], "reasoning": "The image clearly shows a keyboard with a visible spacebar. The keyboard is well-illuminated and the keys are clearly visible, indicating that the main object is present. The spacebar is also present and visible, so it is not missing. The image quality is high, with clear details and no visible artifacts or distortions, hence a high quality score. However, the quality score is not 1 because the background has some gradient and shadow effects that might be considered slightly unnatural."}, {"ans": [true, false, 0.9], "reasoning": "The image clearly depicts an owl with detailed feathers perched on a tree branch under a moonlit sky. The owl's feathers are visible and well-defined, indicating that they are not missing or invisible. The image is of high quality, with clear details and no visible artifacts or distortions that would significantly impact the perception of the main subject, the owl. The slight deduction in quality score is due to the image being a digital artwork, which might have a slightly different texture or sharpness compared to a natural photograph."}, {"ans": [true, false, 1.0], "reasoning": "The image shows a book with its cover open, revealing blank pages. The book is the main object in the image, so the answer to the first question is True. The pages are visible and not missing, so the answer to the second question is False. The image is clear and of high quality, with no visible artifacts or distortions, so the quality score is 1."}, {"ans": [true, false, 1.0], "reasoning": "The image clearly depicts a lighthouse with a visible lamp. The lighthouse is white with a black railing around the top and a lit lamp inside the glass enclosure. The image is sharp and well-defined, with no visible artifacts or distortions that would affect the quality. Therefore, the answer to Question 1 is True because the image shows a lighthouse. The answer to Question 2 is False because the lamp is visible and not missing. The quality of the image is rated 1.0 because it is clear and well-defined, with no noticeable issues."}, {"ans": [true, false, 1.0], "reasoning": "The image is showing an armchair with visible legs, so the main object is present. The legs are visible, so they are not missing or not visible. The image is clear and well-lit, with no visible artifacts or distortions, hence the quality score is 1.0."}, {"ans": [true, true, 0.95], "reasoning": "The image shows a deer standing in a forest, facing the camera. The deer appears to be a female or a young male as there are no visible antlers on its head. The image is clear and well-lit, with good detail visible on the deer's fur and the surrounding environment. The quality of the image is high, with no noticeable artifacts or distortions. The antlers are not visible, which suggests that they are either missing or not present."}, {"ans": [true, false, 1.0], "reasoning": "The image shows a white envelope with its flap closed and visible on the right side. The envelope is centered on a marble surface. The main object, the envelope, is present, so the answer to Question 1 is True. The flap is visible, so it is not missing or not visible, making the answer to Question 2 False. The image is clear and of high quality, with no visible artifacts or distortions, so the quality score is 1.0."}, {"ans": [true, true, 1.0], "reasoning": "The image is showing a wall clock, which is the main object. The clock face is white with black hands, and there are no numbers visible on the clock face. The image is clear and well-defined, with no visible artifacts, blurring, or other issues that would affect its quality. Therefore, the answer to Question 1 is True, the answer to Question 2 is True because the numbers are not visible, and the quality score is 1.0."}, {"ans": [true, false, 0.95], "reasoning": "The image is showing a space suit with a helmet. The helmet is clearly visible on the astronaut's head. The image is of high quality, with clear details and no visible artifacts or distortions. The only reason it's not a perfect 1 is due to the slight rippling effect on the water, which might be considered a minor artifact, but it doesn't significantly impact the overall clarity of the image."}, {"ans": [true, false, 1.0], "reasoning": "The image clearly shows a windmill with its blades visible in a field. The windmill is the main object and is easily identifiable. The blades are present and visible, so they are not missing or invisible. The image is clear and of high quality, with no visible artifacts or distortions."}, {"ans": [true, true, 0.95], "reasoning": "The image clearly shows a large tree with bare branches, indicating that it is either winter or the tree is dead. The main object in the image is a tree, so the answer to the first question is True. The leaves are not visible on the tree, so the answer to the second question is True. The image is of high quality, with clear details and no visible artifacts or distortions, so the quality score is 0.95."}, {"ans": [true, true, 0.95], "reasoning": "The image shows a yellow school bus parked in front of a building. The bus is clearly visible, and its main features are discernible. For Question 1, the image is showing a bus, so the answer is True. For Question 2, the doors of the bus are not visible as the image captures the side of the bus, making it impossible to see the doors. Therefore, the answer is True because the doors are not visible. The quality of the image is rated 0.95 because it is clear and well-lit, with no visible artifacts or distortions that would affect the visibility of the main object, which is the bus."}, {"ans": [true, true, 1.0], "reasoning": "The image is showing a laptop with its screen facing away from the camera, making the screen not visible. The laptop is clearly identifiable as the main object in the image. The image is of high quality with no visible artifacts, blurring, or other issues that would detract from its quality."}, {"ans": [true, true, 0.9], "reasoning": "The image shows a trumpet without a mouthpiece. The main object in the image is a trumpet, which is clearly visible and identifiable. The mouthpiece is not attached to the trumpet, making it missing or not visible. The image is of high quality, with clear details and no visible artifacts or distortions. The red velvet background provides a nice contrast to the brass trumpet, making it stand out. The only reason for not giving it a perfect score is the slight texture visible on the velvet background, but it does not affect the visibility of the trumpet."}, {"ans": [true, false, 1.0], "reasoning": "The image clearly shows a robot with a visible head. The robot is centered in the image and is depicted in a laboratory setting with various equipment and tools around it. The robot's head is clearly visible, with blue glowing eyes and a white faceplate. The image is of high quality, with clear details and no visible artifacts or distortions. Therefore, the answer to Question 1 is True, and the answer to Question 2 is False. The quality of the image is rated as 1.0, indicating that it is of very high quality."}, {"ans": [true, true, 1.0], "reasoning": "The image shows a candle on a silver tray. The candle is the main object and is clearly visible. The wick is not visible in the image. The image is clear and well-lit, with no visible artifacts or distortions. Therefore, the answer to Question 1 is True because the image is showing a candle. The answer to Question 2 is True because the wick is not visible. The quality of the image is rated 1.0 because it is clear and well-lit, with no visible issues."}, {"ans": [true, true, 0.95], "reasoning": "The image is showing a pizza, which is the main object. The pizza appears to be without cheese, as there is no visible cheese on top. The image is clear and well-defined, with no visible artifacts or blurring. The quality of the image is high, with a score of 0.95 out of 1. The absence of cheese is not considered a factor in determining the quality score."}, {"ans": [true, true, 1.0], "reasoning": "The image is showing a DSLR camera body without a lens attached. The camera body is clearly visible and appears to be a DSLR type. The lens is missing, as indicated by the visible sensor and the mount for the lens. The image quality is high, with no visible artifacts or distortions. The camera is centered and well-lit, making it easy to identify the object and its features."}, {"ans": [true, true, 1.0], "reasoning": "The image shows a grand piano on a stage in an auditorium. The piano is black and has its lid open. The keys of the piano are not visible as they are hidden under the lid. The image is clear and well-lit, showing the piano and the auditorium in detail. There are no visible artifacts, blurring, or other issues that would affect the quality of the image."}, {"ans": [true, false, 1.0], "reasoning": "The image clearly shows a paintbrush with visible bristles, positioned next to a palette with various colors of paint. The brush is the main object in the image and is easily identifiable. The bristles are not missing or invisible; they are clearly visible at the tip of the brush. The image is of high quality, with no noticeable artifacts, blurring, or other issues that would detract from its clarity. Therefore, the answer to the first question is True because the image is showing a paintbrush. The answer to the second question is False because the bristles are visible. The quality score is 1.0, indicating that the image is clear and well-defined."}, {"ans": [true, false, 1.0], "reasoning": "The image is showing a watch with a visible strap, so the main object (watch) is present. The strap is clearly visible, so it is not missing or not visible. The image is clear and of high quality, with no visible artifacts or distortions."}, {"ans": [true, false, 0.95], "reasoning": "The image clearly shows a man with his mouth open, displaying his teeth and tongue. The tongue is visible inside the mouth. The image is sharp and well-lit, with no visible artifacts or distortions that would significantly impact the quality. The quality is rated as 0.95 because the image is very clear and detailed, with only minor potential issues such as slight shadowing around the dental tools."}, {"ans": [true, false, 0.95], "reasoning": "The image clearly shows a motorcycle parked in the middle of a road at night. The motorcycle is facing to the right and is centered in the image. The handlebars are visible and appear to be intact. The image is well-lit, with streetlights illuminating the scene, and there are no visible artifacts or distortions that would detract from the overall quality. The only reason the quality is not rated as 1 is due to a slight graininess in the image, likely due to compression or rendering."}, {"ans": [true, false, 1.0], "reasoning": "The image clearly shows a vintage television set with a visible screen, placed on a wooden cabinet. The screen is not missing; it is present and appears to be in an off state or displaying a static screen. The image is of high quality, with clear details and no visible artifacts or distortions. Therefore, the answer to the first question is True because the image is showing a television. The answer to the second question is False because the screen is visible. The quality of the image is rated 1.0 as it is clear and well-defined."}, {"ans": [true, false, 1.0], "reasoning": "The image clearly shows a goat standing on a rocky outcrop, with its horns visible. The presence of the goat is evident, and its horns are clearly visible, indicating that they are not missing or invisible. The image is sharp and clear, with no visible artifacts or distortions that would affect the quality."}, {"ans": [true, false, 1.0], "reasoning": "The image clearly shows a red sneaker with white laces on a wooden surface in front of gray lockers. The sneaker is the main object and is visible and clear. The laces are present and visible, threaded through the eyelets. The image is sharp and well-lit, with no visible artifacts or distortions that would affect the quality."}, {"ans": [true, false, 0.95], "reasoning": "The image is showing a clear and sharp green frog sitting on a lily pad in the water. The frog's eyes are clearly visible, so the answer to the second question is False. The image is of high quality, with no visible artifacts, blurring, or other issues that would detract from its clarity. The only reason it wouldn't be a perfect 1 is due to the slight darkness and shadowing in the background, but this does not significantly impact the overall quality."}, {"ans": [true, false, 1.0], "reasoning": "The image clearly shows a mug with a handle on the right side, accompanied by a saucer. The mug is white with a blue floral pattern and a blue rim. The handle is visible and intact, indicating that it is not missing. The image is sharp and well-lit, with no visible artifacts or distortions that would affect the quality. Therefore, the answer to Question 1 is True because the image is showing a mug. The answer to Question 2 is False because the handle is present and visible. The quality of the image is rated 1.0 because it is clear and well-defined, with no noticeable issues."}, {"ans": [true, false, 0.9], "reasoning": "The image clearly shows a saxophone, which is the main object in question. The saxophone is depicted with its keys visible, indicating that the keys are not missing. The image is of high quality, with clear details of the saxophone and its components. The only reason for not giving it a perfect score is the slight shadowing and gradient in the background, which could be considered a minor artifact."}, {"ans": [true, false, 1.0], "reasoning": "The image clearly shows a skateboard with wheels attached to it. The skateboard is positioned on a brick surface, and all four wheels are visible and appear to be securely attached to the board. The image is well-lit and in focus, with no visible artifacts or distortions that would affect the quality. Therefore, the answer to Question 1 is True because the image is showing a skateboard. The answer to Question 2 is False because the wheels are not missing or invisible; they are clearly visible. The quality of the image is rated as 1.0 because it is clear and well-defined, with no noticeable issues."}, {"ans": [true, false, 1.0], "reasoning": "The image clearly shows a fedora hat on a stand, and the brim of the hat is visible. The image is well-lit and has no noticeable artifacts or distortions, indicating a high-quality image."}, {"ans": [true, false, 0.95], "reasoning": "The image clearly shows a motorcycle helmet on a workbench. The helmet has a visor that is intact and visible, indicating that the visor is not missing. The image is sharp and well-lit, with no significant artifacts or distortions, hence a high quality score of 0.95. The presence of the visor answers the second question, confirming it is not missing."}, {"ans": [true, true, 0.95], "reasoning": "The image clearly shows a bedframe, which is the main object in the picture. The bedframe is intricately designed with ornate carvings and a wooden structure. There is no mattress visible in the image. The quality of the image is high, with clear details and no visible artifacts or distortions. The only reason the quality score is not 1 is due to the slight shadow and lighting effects that might be considered minor imperfections."}, {"ans": [true, false, 1.0], "reasoning": "The image is showing a clock tower with two visible clock faces. The main object, the clock tower, is present and clearly visible. The clock faces are also visible, so they are not missing or invisible. The image is of high quality with no visible artifacts, blurring, or other issues that would decrease its quality score."}, {"ans": [true, false, 0.95], "reasoning": "The image clearly shows a pocket watch with its cover open, revealing the face and internal mechanisms. The hands are visible on the clock face, indicating the time. Therefore, the answer to the first question is True because the main object, a pocket watch, is present. For the second question, the answer is False because the hands are visible and not missing. The image quality is rated 0.95 out of 1. The image is very clear and detailed, showing the intricate mechanisms of the pocket watch and the luxurious fabric it is resting on. The only reason it is not rated 1 is due to minor imperfections in the rendering of the fabric folds, but these do not detract significantly from the overall clarity or the visibility of the main object."}, {"ans": [true, false, 1.0], "reasoning": "The image clearly shows a red bicycle leaning against a stone wall. The bicycle is visible in its entirety, and its components, including the pedals, are clearly discernible. The pedals are attached to the crankset and are visible on the left side of the bicycle. The image is sharp and well-lit, with no visible artifacts or distortions that would detract from its quality. Therefore, the answer to Question 1 is True, as the image is showing a bicycle. The answer to Question 2 is False, as the pedals are not missing and are visible. The quality of the image is rated as 1.0, indicating that it is of high quality with no noticeable issues."}, {"ans": [true, false, 0.9], "reasoning": "The image is a portrait of a woman with eyes visible, displayed on a wall. The main object, the portrait, is clearly present. The eyes are visible and not missing. The quality of the image is high, with clear details and no visible artifacts or distortions. The slight deduction in quality score is due to the fact that the image is a photograph of a painting, and there might be a slight loss of detail due to the camera capturing the texture of the painting."}, {"ans": [true, false, 0.95], "reasoning": "The image clearly shows a grand piano on a stage, with its lid open, revealing the internal mechanisms. The piano is well-lit by spotlights, and the image is sharp and clear, indicating a high-quality image. The hammers are visible inside the piano, so they are not missing or invisible. The quality of the image is high, with no visible artifacts, blurring, or other issues that would detract from the overall clarity. Therefore, the answer to Question 1 is True, the answer to Question 2 is False, and the quality score is 0.95."}, {"ans": [true, true, 0.9], "reasoning": "The image depicts a sailing ship with two masts, indicating it is a sailing ship. The sails are not visible, suggesting they are either missing or not visible. The image is clear and detailed, showing the ship and its rigging. The quality is high, with no noticeable artifacts or blurring. Therefore, the answer to Question 1 is True, the answer to Question 2 is True, and the quality score is 0.9."}, {"ans": [true, false, 1.0], "reasoning": "The image shows a large tree with a wide canopy and visible leaves, indicating it is an oak tree with leaves. The leaves are clearly visible, so they are not missing or invisible. The image is clear and well-defined, with no visible artifacts or distortions, hence the quality is rated as 1.0."}, {"ans": [true, false, 0.95], "reasoning": "The image depicts a stone cottage with a door, windows, and a chimney, surrounded by trees and vines. The main object, the cottage, is present and clearly visible. The door is also visible, so it is not missing. The image is of high quality, with clear details and natural colors. The only reason for a quality score less than 1 is the slight fogginess in the background, but it does not affect the clarity of the main object."}, {"ans": [true, false, 1.0], "reasoning": "The image clearly shows a passenger jet on a runway. The wings are visible on both sides of the aircraft, indicating that they are not missing. The image is of high quality, with clear details and no visible artifacts or distortions."}, {"ans": [true, true, 0.95], "reasoning": "The image clearly shows a wristwatch with a white face and brown leather strap, placed in a box. The watch face has hour markers but no numbers. The image is sharp and well-lit, with no visible artifacts or distortions. The quality of the image is high, scoring 0.95 out of 1. For Question 1, the image is showing a wristwatch, so the answer is True. For Question 2, the numbers are not visible on the wristwatch face, so the answer is True."}, {"ans": [true, true, 0.95], "reasoning": "The image is showing a pizza, which is the main object. The pizza appears to be a tomato and basil pizza without cheese, as there is no visible cheese on top. The crust is visible and appears to be cooked. The image is clear and well-lit, with no visible artifacts or blurring. The quality of the image is high, with a score of 0.95. The cheese is missing from the pizza, so the answer to the second question is True."}, {"ans": [true, false, 0.9], "reasoning": "The image clearly shows traffic signals with red lights visible, indicating that the traffic signals are present and operational. The lights are not missing or invisible; they are clearly displaying a red signal. The image quality is high, with clear details of the traffic signals and the surrounding environment. The only reason for a slightly lower quality score is the slight overexposure in the center of the image due to the sunlight, but it does not significantly affect the visibility of the main objects."}, {"ans": [true, false, 0.9], "reasoning": "The image clearly shows a skateboard with wheels. The skateboard is positioned on a concrete surface, and its rainbow-colored deck is visible along with its yellow wheels and silver trucks. The presence of the wheels indicates that they are not missing. The image is well-lit, and the details are clear, suggesting a high-quality image. However, the quality score is not 1 due to the presence of some minor imperfections like small spots on the concrete and slight wear on the skateboard, but these do not significantly detract from the overall clarity."}, {"ans": [true, true, 0.95], "reasoning": "The image is showing a chessboard with pieces on it. The chessboard is the main object in the image and is clearly visible. The black pieces are not visible as they are not present on the board, they are supposed to be at the top of the board but only white pieces are visible there. The image is of high quality with clear details and no visible artifacts or distortions. The quality score is 0.95 because the image is clear and well-lit, but there might be a slight decrease due to the texture of the fabric in the background."}, {"ans": [true, true, 0.9], "reasoning": "The image shows a red Ferrari sports car in a luxurious showroom. The car is a convertible with its top down, and it is positioned on a circular white platform. The car's sleek design and vibrant red color are prominently displayed. The brakes are not visible as the image does not show the brake calipers or any other brake components. The image is of high quality, with clear details and no visible artifacts or distortions. The lighting is well-balanced, and the reflections on the floor add to the overall aesthetic. However, the quality score is not 1 because the image appears to be a rendered or computer-generated image, which slightly reduces its authenticity."}, {"ans": [true, true, 1.0], "reasoning": "The image shows an open book with blank pages on a wooden table. The main object is a book, so the answer to the first question is True. The pages of the book are blank, meaning there is no text visible, so the answer to the second question is also True. The image is clear and well-lit, with no visible artifacts, blurring, or other issues that would affect its quality, so the quality score is 1.0."}, {"ans": [true, false, 1.0], "reasoning": "The image clearly shows a computer tower with its side panel removed, revealing the internal components. The fans are visible and illuminated with purple lights, indicating that they are present and not missing. The image is of high quality, with clear details and no visible artifacts or distortions."}, {"ans": [true, false, 1.0], "reasoning": "The image clearly shows a scarecrow in a wheat field. The scarecrow is wearing a plaid shirt and a straw hat, and is attached to a wooden post. The arms of the scarecrow are visible and are made of straw, attached to the shirt. The image is clear and well-defined, with no visible artifacts or distortions. Therefore, the answer to Question 1 is True because the image is showing a scarecrow. The answer to Question 2 is False because the arms are visible. The quality of the image is rated as 1.0 because it is clear and well-defined, with no visible issues."}, {"ans": [true, true, 0.9], "reasoning": "The image depicts a knight in armor, which directly answers Question 1. The knight is not holding a sword, and there is no visible sword on his belt or anywhere else on him, which indicates the sword is missing or not visible, answering Question 2. The image is of high quality, with detailed rendering of the armor and the background, though there are some minor artifacts around the edges and slight blurring in some areas, hence a quality score of 0.9."}, {"ans": [true, false, 1.0], "reasoning": "The image clearly shows a teapot with a handle, spout, and lid, decorated with a floral pattern. The teapot is placed on a bamboo tray. The handle is visible on the right side of the teapot, so it is not missing. The image is sharp and clear, with no visible artifacts or distortions, indicating a high-quality image."}, {"ans": [true, false, 1.0], "reasoning": "The image clearly shows a basketball hoop with a net. The hoop is attached to a backboard and a pole, and there is a basketball going through the net. The net is visible and not missing. The image is clear and of high quality, with no visible artifacts or distortions."}, {"ans": [true, false, 1.0], "reasoning": "The image shows a dining table setting with a white tablecloth, a plate, silverware, and glasses. The main object, the dining table, is present. The glasses are visible at the top of the image. The image is clear and well-lit, with no visible artifacts or distortions. Therefore, the quality of the image is rated as 1.0."}, {"ans": [true, false, 0.95], "reasoning": "The image clearly shows a vintage typewriter on a wooden desk, with a sheet of paper loaded into it. The typewriter is the main focus of the image, and it is evident that it is a typewriter. The ribbon is visible and appears to be in place, although it is partially obscured by the internal mechanisms of the typewriter. The image is well-lit and in sharp focus, with no visible artifacts or distortions. The quality of the image is high, with a score of 0.95 out of 1. The only reason for not giving it a perfect score is the slight wear and tear visible on the desk and the typewriter, but this does not detract from the overall clarity of the image."}, {"ans": [true, true, 0.98], "reasoning": "The image shows a winter jacket hanging on a coat rack. The jacket is a cream-colored puffer coat with a fur-trimmed hood and buttons down the front. There is no visible zipper on the jacket. The image is clear and well-lit, with no visible artifacts or distortions. The quality of the image is high, with a score of 0.98 out of 1."}, {"ans": [true, false, 0.95], "reasoning": "The image clearly shows a sunflower, which is the main object. The seeds are visible on the sunflower, so they are not missing. The image is of high quality with clear details and natural colors, though there is a slight gradient in the background that could be considered a minor artifact, hence the quality score is not 1 but 0.95."}, {"ans": [true, false, 1.0], "reasoning": "The image clearly shows an elephant with a visible trunk. The trunk is prominent and centered in the image, indicating that it is not missing. The image is of high quality, with clear details and no visible artifacts or distortions."}, {"ans": [true, true, 1.0], "reasoning": "The image clearly shows a rowboat on a lake, with its bow facing the camera. The boat is white with a wooden interior and a wooden bench inside. There are no oars visible in the image. The image is sharp and clear, with no visible artifacts or distortions. The quality of the image is high, and it accurately represents the scene. Therefore, the answer to Question 1 is True because the image is showing a rowboat. The answer to Question 2 is True because the oars are not visible in the image. The quality score is 1.0 because the image is clear and well-defined, with no noticeable issues."}, {"ans": [true, false, 1.0], "reasoning": "The image clearly shows a snowman standing in a driveway, wearing a hat and a scarf. The snowman has a face with eyes, a nose, and a mouth, which are typically represented by buttons or other materials. In this case, the 'buttons' are visible as two small black dots on the snowman's body, indicating that they are present. Therefore, the answer to Question 1 is True because the image is showing a snowman. The answer to Question 2 is False because the buttons are visible. The quality of the image is rated as 1.0 because it is clear and well-defined, with no visible artifacts or distortions."}, {"ans": [true, true, 1.0], "reasoning": "The image clearly shows a fountain pen resting on a notebook. The pen has a transparent section that is typically used to hold ink, but there is no visible ink in this section. The image is of high quality, with clear details and no visible artifacts or distortions. Therefore, the answer to the first question is True because the image does show a fountain pen. The answer to the second question is also True because the ink is not visible in the pen's reservoir. The quality of the image is rated 1.0 because it is clear and well-defined, with no issues that would detract from its quality."}, {"ans": [true, true, 0.9], "reasoning": "The image is showing a paintbrush with a wooden handle and metal ferrule, but the bristles are not visible as they are likely covered in paint and pointing downwards, making them hard to see. The paintbrush is placed next to a palette with various colors of paint on it. The image is clear and well-lit, with no visible artifacts or distortions that would affect the quality. Therefore, the quality of the image is rated as 0.9. The main object, the paintbrush, is present, so the answer to the first question is True. The bristles are not visible, so the answer to the second question is True."}, {"ans": [true, false, 0.95], "reasoning": "The image clearly shows a pair of eyeglasses with round lenses and metal frames, placed on top of a book. The temples of the eyeglasses are visible and not missing. The image is sharp and well-lit, with no noticeable artifacts or distortions. The quality of the image is high, with a score of 0.95 out of 1. The main object (eyeglasses) is present, and the temples are visible, so the answer to the first question is True, and the answer to the second question is False."}, {"ans": [true, true, 0.9], "reasoning": "The image shows a person holding an umbrella on a rainy street. The umbrella is the main object in the image, and it is clearly visible. Therefore, the answer to Question 1 is True. The ribs of the umbrella are not visible due to the angle and the fabric of the umbrella, so the answer to Question 2 is True. The image quality is high, with clear details of the scene, but there is some fog or haze in the background that slightly reduces the clarity. Hence, the quality score is 0.9."}, {"ans": [true, false, 0.95], "reasoning": "The image clearly shows a wristwatch with a visible face and hour markers on the outer rim, although the inner parts of the watch face are skeletonized, showing the mechanical gears. The hour markers are present and visible on the outer bezel. The image is sharp and well-lit, with no significant artifacts or distortions, hence the high quality score. Minor deductions for quality come from the slight reflection on the glass dome."}, {"ans": [true, false, 0.9], "reasoning": "The image shows a camping tent in a grassy field. The tent is set up with its poles visible and intact, indicating that it is fully assembled. The main object, the tent, is present, so the answer to the first question is True. Since the poles are visible and part of the tent's structure, the answer to the second question is False. The image is clear and well-lit, with no visible artifacts or distortions that would significantly impact its quality. However, the quality score is not 1 because the image could be sharper, hence a score of 0.9."}, {"ans": [true, false, 0.95], "reasoning": "The image is showing a cuckoo clock with intricate carvings and decorations, including deer and pinecones. The weights are visible and appear to be made of wood, hanging from the bottom of the clock. The image is clear and well-defined, with no visible artifacts or distortions. The quality of the image is high, with a score of 0.95 out of 1. The main object, the cuckoo clock, is present and clearly visible. The weights are also visible, so the answer to the second question is False."}, {"ans": [true, true, 0.9], "reasoning": "The image shows a smartphone with its screen facing upwards. The phone is positioned in a way that the bottom edge is visible, and it appears to be hovering above a surface with shadows cast on it. The speaker grille is typically located on the bottom edge or on the front or back of the phone. In this image, the bottom edge is visible and there is no visible speaker grille on the visible parts of the phone. Therefore, for Question 1, the image is showing a smartphone, so the answer is True. For Question 2, since the speaker grille is not visible on the visible parts of the phone, the answer is True. The image quality is high, with clear details of the phone and its surroundings, so the quality score is 0.9."}, {"ans": [true, true, 0.9], "reasoning": "The image clearly shows a motorcycle parked on a dirt road, facing the camera. The motorcycle is the main object in the image and is visible in detail. The speedometer is not visible in the image, as it is likely located on the handlebars or dashboard, which are not fully visible. The image is well-lit and in focus, with no noticeable artifacts or distortions. The quality of the image is high, with a score of 0.9 out of 1. The only reason for not giving it a perfect score is the slight blurring of the background."}, {"ans": [true, true, 1.0], "reasoning": "The image clearly shows a violin bow. The bow is positioned diagonally across the image, with the tip pointing towards the upper right corner and the frog towards the lower left corner. The bow's stick is made of a light-colored wood, and it has a black and silver frog. There is no visible hair on the bow. The background is a red velvet fabric that is bunched up, creating a textured surface. The image is well-lit and in sharp focus, with no visible artifacts or distortions. Therefore, the quality of the image is rated as 1.0."}, {"ans": [true, true, 0.95], "reasoning": "The image shows a large, ornate birdcage hanging from the ceiling of a porch. The birdcage is the main object in the image and is clearly visible. There is no visible perch inside the birdcage. The image is well-lit and has a natural color tone, with no visible artifacts or distortions. The quality of the image is high, with a score of 0.95 out of 1. The absence of a perch inside the birdcage makes answer 2 true."}, {"ans": [true, false, 1.0], "reasoning": "The image clearly shows a statue of a woman in a classical Greek or Roman style, standing on a marble pedestal in a colonnaded hallway. The statue is intact and has a head, which is visible and not missing. The image is of high quality with clear details and no visible artifacts or distortions."}, {"ans": [true, false, 1.0], "reasoning": "The image clearly shows a teddy bear, which is the main object. The teddy bear has a nose, so it is not missing. The image is clear and of high quality, with no visible artifacts or distortions."}, {"ans": [true, false, 1.0], "reasoning": "The image clearly shows a pair of sneakers with laces, answering the first question affirmatively. The laces are visible, so they are not missing or not visible, answering the second question negatively. The image is clear and of high quality, with no visible artifacts or distortions, hence the quality score is 1.0."}, {"ans": [true, false, 1.0], "reasoning": "The image clearly shows a refrigerator with its doors open, revealing the interior. The main object, the refrigerator, is present. The door shelves are visible on the right door, so they are not missing or invisible. The image is of high quality, with clear details and no visible artifacts or distortions."}, {"ans": [true, false, 0.9], "reasoning": "The image depicts a group of young women gathered around a campfire in a wooded area. The campfire is the central focus, with flames clearly visible. The presence of the campfire and the flames answers the first question affirmatively. For the second question, since the flames are visible, it indicates that they are not missing. The image quality is generally high, with clear details of the scene and the people around the campfire. However, there are some minor artifacts and unnatural lighting effects, particularly around the campfire area, which slightly reduce the quality score to 0.9."}, {"ans": [true, true, 1.0], "reasoning": "The image clearly shows a drinking fountain, which is the main object in the foreground. The fountain is made of metal and has two spouts, one higher than the other, indicating it is designed for both adults and children. There is no visible water coming out or present around the spouts, suggesting that the water is either turned off or not functioning. The image is clear and well-lit, with good resolution, showing the details of the fountain and its surroundings without any noticeable artifacts or distortions. Therefore, the image is of high quality."}, {"ans": [true, false, 0.95], "reasoning": "The image clearly shows a revolver with a visible trigger guard. The main object in the image is a revolver, so the answer to the first question is True. The trigger guard is visible around the trigger, so the answer to the second question is False. The image is of high quality with clear details and no visible artifacts or distortions, so the quality score is 0.95."}, {"ans": [true, false, 0.9], "reasoning": "The image is a detailed illustration of a compass rose, which is the main object. The compass rose is intricately designed with various elements, including a north arrow that is clearly visible. The presence of the compass rose answers the first question affirmatively. For the second question, the north arrow is visible, so it is not missing. The image quality is high, with clear details and no significant artifacts or distortions, hence a quality score of 0.9. The slight deduction from 1 is due to the aged, parchment-like texture which might be considered a minor degradation."}, {"ans": [true, false, 0.9], "reasoning": "The image clearly depicts skyscrapers, fulfilling the first question. The windows on the skyscrapers are visible, so the answer to the second question is false. The image is of high quality, with clear details and no significant artifacts or distortions, thus the quality score is 0.9. The slight deduction is due to the slightly unnatural color tone and the futuristic elements which might be considered slightly artificial."}, {"ans": [true, true, 0.95], "reasoning": "The image clearly shows a conductor standing on a stage, wearing a black tuxedo and white shirt, with his right hand raised and his left hand open. The presence of an orchestra behind him confirms that he is a conductor. Therefore, the answer to the first question is True. The conductor's hands are empty, and there is no visible baton, so the answer to the second question is True. The image is of high quality, with clear details and no visible artifacts or distortions, so the quality score is 0.95."}, {"ans": [true, true, 0.9], "reasoning": "The image clearly shows a soccer goal without a crossbar, as indicated by the presence of two goalposts and the absence of a visible crossbar connecting them. The image is of high quality, with clear details and no visible artifacts or distortions. The quality score is 0.9 because the image is very clear and well-lit, with no issues that would detract from its quality."}, {"ans": [true, false, 0.95], "reasoning": "The image clearly shows a microscope on a table. The microscope has multiple eyepieces and objective lenses visible, indicating that it is a complete instrument. The presence of the lenses is evident as they are clearly visible in the image. The image is sharp and well-lit, with no visible artifacts or distortions that would affect the quality. The only reason for not giving it a perfect score is the slight reflection on the table, but it does not significantly impact the overall quality."}]