[{"ans": [true, false, 1.0], "reasoning": "The image is showing a sailboat. Although the sails are not fully extended, a part of the sail is visible, indicating that the sail is present but not fully utilized. The image is clear and of high quality, with no visible artifacts or distortions."}, {"ans": [true, true, 0.95], "reasoning": "The image clearly shows a bicycle, so the answer to Question 1 is True. The bicycle appears to be missing a chain, as there is no visible chain connecting the gears, so the answer to Question 2 is True. The image is of high quality, with clear details and no visible artifacts or distortions, so the quality score is 0.95. The absence of a chain does not affect the quality score as per the instructions."}, {"ans": [true, false, 0.9], "reasoning": "The image clearly shows a cat sitting on a windowsill, facing the camera. The cat has distinct features such as gray fur, yellow eyes, and visible whiskers. The presence of whiskers indicates that they are not missing or invisible. The image is sharp and well-defined, with no noticeable artifacts or distortions that would significantly impact its quality. The background is blurred, which is a common photographic technique to focus attention on the subject. Overall, the image is of high quality, with a score of 0.9 due to minor potential issues like slight blurring around the edges."}, {"ans": [true, true, 0.95], "reasoning": "The image depicts a castle with a large entrance gate. The main object, the castle, is present. The gates are missing or not visible, as there are no visible gates at the entrance. The image is clear and well-defined, with no noticeable artifacts or distortions, hence a high quality score."}, {"ans": [true, false, 1.0], "reasoning": "The image clearly shows a hot-air balloon with a visible basket, indicating that the main object is present. The basket is not missing or invisible; it is clearly visible below the balloon. The image is of high quality with no visible artifacts, blurring, or other issues that would detract from its clarity."}, {"ans": [true, false, 1.0], "reasoning": "The image clearly shows a turtle with a visible shell. The turtle is centered in the image, and its shell is prominent and well-defined. The image is of high quality, with no visible artifacts or distortions."}, {"ans": [true, false, 0.95], "reasoning": "The image clearly shows a train at a station. The train is silver with a dark stripe across the front and has visible wheels under the carriage, indicating that the wheels are present and visible. The image is sharp and well-lit, with no noticeable artifacts or distortions that would detract from its quality. The only minor deduction in quality comes from the slight darkening at the edges, likely due to the lighting conditions or processing, but this does not significantly impact the overall clarity or the visibility of the train and its components."}, {"ans": [true, false, 1.0], "reasoning": "The image clearly shows a pair of eyeglasses with lenses on a white table. The glasses are in focus, and the lenses are visible, indicating that they are not missing. The image is sharp and well-lit, with no visible artifacts or distortions that would affect the quality. Therefore, the answer to Question 1 is True because the image is showing eyeglasses. The answer to Question 2 is False because the lenses are present and visible. The quality of the image is rated as 1.0 because it is clear and well-defined, with no noticeable issues."}, {"ans": [true, false, 1.0], "reasoning": "The image shows a fountain pen with a visible nib. The pen is black with gold accents and is placed on a white piece of paper. The nib is clearly visible at the tip of the pen, indicating that it is not missing. The image is of high quality, with no visible artifacts or distortions."}, {"ans": [true, false, 1.0], "reasoning": "The image depicts an umbrella with a visible canopy, alongside a chair. The presence of the umbrella satisfies the first question. For the second question, the canopy is visible, so it is not missing or not visible. The image is clear and well-defined, with no visible artifacts or distortions, hence the quality score is 1."}, {"ans": [true, false, 1.0], "reasoning": "The image clearly shows an airplane on a runway, with its wings visible. The presence of the airplane is evident, and the wings are not missing or invisible. The image is of high quality, with no visible artifacts, blurring, or other issues that would affect the assessment."}, {"ans": [true, false, 1.0], "reasoning": "The image shows a desk lamp with a brass finish, positioned on a wooden table with an open book in front of it. The lamp is turned on and has a visible bulb hanging from its shade. The image is clear and well-lit, with no visible artifacts or distortions. The main object, the desk lamp, is present and identifiable. The bulb is visible, so it is not missing or invisible."}, {"ans": [true, false, 1.0], "reasoning": "The image is showing an electric guitar with a visible neck. The guitar is centered in the image, and its body and neck are clearly visible against a plain gray background. The neck is attached to the body and is not missing or invisible. The image is of high quality, with no visible artifacts, blurring, or other issues that would detract from its clarity."}, {"ans": [true, false, 1.0], "reasoning": "The image is showing a fish with fins, so the main object is present. The fins are visible, so they are not missing. The image is clear and of high quality, with no visible artifacts or distortions."}, {"ans": [true, false, 1.0], "reasoning": "The image depicts a small, one-story brick house with a gable roof, situated in a field of tall grass. The house has a chimney and appears to be intact, with no visible damage or destruction. The roof is clearly visible, covering the house. The image is clear and well-defined, with no visible artifacts, blurring, or other issues that would affect its quality. Therefore, the answer to Question 1 is True, as the image is showing a cottage. The answer to Question 2 is False, as the roof is visible. The quality of the image is rated as 1.0, indicating that it is of high quality."}, {"ans": [true, true, 0.9], "reasoning": "The image shows a convertible car with its top down, revealing the interior. The windshield is not visible as it is likely folded down with the top. The main object, a car, is present in the image. The quality of the image is high, with clear details of the car's interior and exterior. However, the quality score is not 1 due to slight artifacts and unnatural color."}, {"ans": [true, false, 1.0], "reasoning": "The image is showing a keyboard with all keys visible, including the spacebar. The spacebar is present and visible, so it is not missing. The image is clear and of high quality, with no visible artifacts or distortions."}, {"ans": [true, false, 1.0], "reasoning": "The image is showing an owl with feathers, so the answer to the first question is True. The feathers are visible on the owl, so the answer to the second question is False. The image is clear and of high quality, with no visible artifacts, blurring, or other issues, so the quality score is 1.0."}, {"ans": [true, true, 1.0], "reasoning": "The image depicts a brown leather-bound book with a rectangular cutout on its cover, lying on a wooden surface. The book's pages are not visible as the cover is closed and the cutout does not reveal the inside. The image is clear and well-lit, showing the details of the book and the wooden surface. There are no visible artifacts, blurring, or other issues that would affect the quality of the image."}, {"ans": [true, false, 0.9], "reasoning": "The image clearly depicts a lighthouse on a rocky outcrop with a cloudy sky in the background. The lighthouse is white with a red roof and has a lit lamp visible in the lantern room at the top. The presence of the lighthouse is evident, so the answer to Question 1 is True. The lamp is visible and lit, so it is not missing or invisible, making the answer to Question 2 False. The image is of high quality with clear details and no visible artifacts or distortions, hence the quality score is 0.9."}, {"ans": [true, true, 0.95], "reasoning": "The image is showing an armchair. The legs of the armchair are not visible, as they are obscured by the rug and the angle of the view. The image is clear and well-lit, with no visible artifacts or distortions. The quality of the image is high, with a score of 0.95 out of 1."}, {"ans": [true, false, 0.9], "reasoning": "The image clearly depicts a deer with antlers standing in a forest. The main object, a deer, is present, so the answer to the first question is True. The antlers are visible on the deer's head, so the answer to the second question is False. The image is of high quality, with clear details and no visible artifacts or distortions, so the quality score is 0.9."}, {"ans": [true, false, 1.0], "reasoning": "The image clearly shows an envelope, which is the main object. The envelope has a flap, and it is visible, so it is not missing. The image is of high quality with no visible artifacts, blurring, or other issues that would detract from its clarity."}, {"ans": [true, true, 1.0], "reasoning": "The image is showing a wall clock with a white face and black hands. The numbers on the clock face are not visible, indicating they are either missing or not visible. The image is clear and of high quality, with no visible artifacts or distortions. The clock is centered in the image, and the surrounding environment is simple and uncluttered."}, {"ans": [true, false, 1.0], "reasoning": "The image clearly shows an astronaut wearing a white space suit, including a helmet, floating in water. The presence of the space suit and helmet indicates that the main object is indeed a space suit. Therefore, the answer to Question 1 is True. Since the helmet is visible and not missing, the answer to Question 2 is False. The image is of high quality, with clear details and no visible artifacts or distortions, so the quality score is 1.0."}, {"ans": [true, false, 1.0], "reasoning": "The image clearly shows a windmill with its blades visible, standing in a field of wheat. The windmill is the main object in the image and is easily identifiable. The blades are also clearly visible and not missing or obscured. The image is sharp and well-defined, with no visible artifacts or distortions that would affect its quality."}, {"ans": [true, true, 0.95], "reasoning": "The image clearly shows a tree without leaves, so the main object is present. The leaves are missing, so the second condition is also met. The image quality is high, with clear details and no visible artifacts or distortions. The only reason it doesn't score a perfect 1 is due to the slight gradient effect in the background, which could be considered a minor processing artifact, but it doesn't significantly impact the overall quality."}, {"ans": [true, false, 1.0], "reasoning": "The image clearly shows a yellow school bus parked on a concrete surface. The bus is facing left, and its door is open, revealing the interior. The image is sharp and well-lit, with no visible artifacts or distortions. The main object, the bus, is present and easily identifiable. The doors are visible and open, so they are not missing or not visible."}, {"ans": [true, true, 1.0], "reasoning": "The image shows a laptop with its back facing the camera, and the screen is not visible. The laptop is clearly identifiable as the main object in the image. The screen is not visible because it is closed, so it is considered 'not visible'. The image is of high quality, with no visible artifacts, blurring, or other issues that would detract from its clarity."}, {"ans": [true, true, 1.0], "reasoning": "The image clearly shows a trumpet without a mouthpiece. The trumpet is centered and well-lit, with no visible artifacts or distortions. The red satin background adds to the overall clarity of the image. The mouthpiece is not attached to the trumpet, making it 'missing or not visible'."}, {"ans": [true, false, 0.95], "reasoning": "The image clearly shows a robot with a head, standing in a laboratory setting. The robot's body is predominantly white with visible mechanical components and wires. The head is visible and not missing, so the answer to the second question is false. The image is of high quality with clear details and no visible artifacts or distortions, hence the quality score is 0.95. The slight deduction is due to the background being slightly blurred, but it does not affect the visibility of the main object."}, {"ans": [true, true, 1.0], "reasoning": "The image shows a candle, which is the main object. The wick is not visible, so it is considered missing. The image is clear and well-lit, with no visible artifacts or distortions, so the quality is high."}, {"ans": [true, false, 1.0], "reasoning": "The image is showing a pizza with tomato sauce and what appears to be mozzarella cheese, along with basil leaves on top. The cheese is visible in several places, so it is not missing or invisible. The image is clear and well-lit, with no visible artifacts or distortions that would detract from its quality."}, {"ans": [true, false, 1.0], "reasoning": "The image is showing a DSLR camera with a lens attached to it. The camera is clearly visible and appears to be in good condition. The lens is also visible and appears to be properly attached to the camera body. There are no visible artifacts, blurring, or other issues that would affect the quality of the image. Therefore, the answer to Question 1 is True, and the answer to Question 2 is False. The quality of the image is rated as 1.0, indicating that it is of high quality."}, {"ans": [true, true, 0.9], "reasoning": "The image depicts a grand piano on a stage in a large auditorium. The piano is open, but the keys are not visible due to the angle and lighting. The main object, the piano, is present, so the answer to the first question is True. The keys are not visible, so the answer to the second question is True. The image is clear and well-lit, with no visible artifacts or distortions, so the quality score is 0.9."}, {"ans": [true, true, 0.95], "reasoning": "The image shows a paintbrush lying on a palette with various colors of paint. The brush is positioned diagonally across the palette, with its tip pointing towards the bottom right corner of the image. The brush appears to be a standard paintbrush with a wooden handle and a metal ferrule. However, the bristles are not visible, suggesting that they may be missing or not visible due to being covered in paint. The image is clear and well-lit, with no visible artifacts or distortions. The quality of the image is high, with a score of 0.95 out of 1.0."}, {"ans": [true, false, 1.0], "reasoning": "The image clearly shows a watch with a strap. The watch face is visible and the strap is attached to it, so the main object is present. The strap is also visible, so it is not missing. The image is clear and of high quality, with no visible artifacts or distortions."}, {"ans": [true, false, 0.9], "reasoning": "The image shows a man with his mouth open, revealing his teeth and tongue. The main object, the mouth, is clearly visible. The tongue is also visible inside the mouth. The image is clear and well-lit, with no noticeable artifacts or distortions. The quality of the image is high, with a score of 0.9. The only reason for not giving it a perfect score is the slight blurring of the background."}, {"ans": [true, false, 0.95], "reasoning": "The image clearly shows a motorcycle with handlebars. The main object, a motorcycle, is present and identifiable. The handlebars are visible and not missing. The image is of high quality with clear details and no visible artifacts or distortions that would significantly impact the visibility of the motorcycle or its components."}, {"ans": [true, false, 1.0], "reasoning": "The image clearly shows a vintage television set on top of a wooden cabinet. The television has a visible screen, although it is not displaying any content. The image is well-lit and the objects are clearly defined, indicating a high-quality image. There are no visible artifacts, blurring, or other issues that would affect the quality score."}, {"ans": [true, false, 1.0], "reasoning": "The image clearly shows a goat with visible horns. The presence of the goat is evident, and the horns are clearly visible, so the answer to the first question is True. Since the horns are visible, the answer to the second question is False. The image is of high quality, with clear details and no visible artifacts or distortions, so the quality score is 1."}, {"ans": [true, false, 1.0], "reasoning": "The image clearly shows a red sneaker with white laces on a bench in front of lockers. The sneaker is the main object and is visible in detail. The laces are present and visible, threaded through the eyelets. The image is sharp and well-lit, with no visible artifacts or distortions that would affect the quality. Therefore, the answer to Question 1 is True because the image is showing a sneaker. The answer to Question 2 is False because the laces are not missing or invisible; they are clearly visible. The quality of the image is rated 1.0 because it is clear and well-defined, with no issues that would detract from the visibility of the sneaker or its details."}, {"ans": [true, false, 0.9], "reasoning": "The image is showing a clear and sharp green frog sitting on a lily pad, with both eyes visible. The main object, the frog, is present and identifiable. The eyes are clearly visible, so they are not missing. The image is of high quality with no noticeable artifacts or blurring, though there is a slight blur in the background which is expected for a close-up shot. The quality score is 0.9 because the image is very clear and well-focused on the frog."}, {"ans": [true, false, 1.0], "reasoning": "The image shows a cup with a handle on a saucer. The cup is white with a blue floral pattern and is placed on a matching saucer. The handle is visible and attached to the right side of the cup. The image is clear and well-lit, with no visible artifacts or distortions. Therefore, the answer to Question 1 is True because the image is showing a mug. The answer to Question 2 is False because the handle is visible. The quality of the image is rated 1.0 because it is clear and well-lit, with no visible issues."}, {"ans": [true, false, 1.0], "reasoning": "The image clearly depicts a saxophone with its keys visible. The presence of the saxophone answers the first question affirmatively. Since the keys are visible, the answer to the second question is negative. The image is of high quality with no visible artifacts or distortions."}, {"ans": [true, false, 0.95], "reasoning": "The image clearly shows a skateboard with wheels attached to it. The skateboard is positioned on a brick surface, and all four wheels are visible. The image is sharp and well-lit, with no noticeable artifacts or distortions. The quality of the image is high, with a score of 0.95 out of 1. The main object, the skateboard, is present and clearly visible. The wheels are also present and not missing or invisible."}, {"ans": [true, false, 1.0], "reasoning": "The image clearly shows a fedora hat on a stand. The hat has a brim, which is visible and not missing. The image is of high quality, with clear details and no visible artifacts or distortions."}, {"ans": [true, false, 0.95], "reasoning": "The image clearly shows a motorcycle helmet with a visor. The visor is present and visible, covering the face area of the helmet. The image is sharp and well-lit, with no noticeable artifacts or distortions that would affect the visibility of the helmet or its visor. The quality of the image is high, with a score of 0.95 out of 1. The main object, the motorcycle helmet, is clearly identifiable, and the visor is also clearly visible, hence answering the first question as true and the second question as false."}, {"ans": [true, true, 1.0], "reasoning": "The image shows a bedframe without a mattress. The main object in the image is a bedframe, which is clearly visible and well-defined. The mattress is not present, so it is considered missing. The image is of high quality, with clear details and no visible artifacts or distortions."}, {"ans": [true, false, 1.0], "reasoning": "The image clearly shows a clock tower with a visible clock face. The clock tower is the main object in the image, and it is centered and clearly visible. The clock face is also visible, indicating the time. The image is of high quality, with no visible artifacts, blurring, or other issues that would detract from its clarity. Therefore, the answer to the first question is True, as the image is showing a clock tower. The answer to the second question is False, as the clock face is visible and not missing. The quality of the image is rated 1.0, as it is clear and well-defined."}, {"ans": [true, false, 1.0], "reasoning": "The image clearly shows a pocket watch with its cover open, revealing the face and the inner mechanism. The hands of the watch are visible, indicating the time. The image is sharp and well-defined, with no visible artifacts or distortions that would affect the quality. Therefore, the answer to the first question is True because the image is showing a pocket watch. The answer to the second question is False because the hands are visible on the watch face. The quality of the image is rated as 1 because it is clear and free of noticeable defects."}, {"ans": [true, false, 1.0], "reasoning": "The image clearly shows a red bicycle against a stone wall. The bicycle is fully visible and appears to be in good condition. The pedals are visible and attached to the bicycle, so they are not missing. The image is sharp and well-lit, with no visible artifacts or distortions that would affect its quality. Therefore, the answer to Question 1 is True because the image is showing a bicycle. The answer to Question 2 is False because the pedals are visible and not missing. The quality of the image is rated 1 because it is clear and well-defined, with no noticeable issues."}, {"ans": [true, false, 0.9], "reasoning": "The image is a digital illustration of a woman's portrait, displayed on a wall. The portrait is clear and detailed, showing the woman's face and upper body. The eyes are visible and clearly depicted. The image quality is high, with no noticeable artifacts or distortions. The only reason the quality score is not 1 is due to the slight shadow and reflection on the wall, which are minor and do not detract from the overall clarity of the portrait."}, {"ans": [true, true, 0.9], "reasoning": "The image depicts a grand piano on a stage with spotlights shining down. The piano is shown with its lid open, but the hammers inside are not visible due to the lighting and angle of the image. The main object, the grand piano, is present, so the answer to the first question is True. The hammers are not visible, so the answer to the second question is True. The image quality is high, with clear details and no visible artifacts or distortions, so the quality score is 0.9."}, {"ans": [true, false, 1.0], "reasoning": "The image clearly depicts a sailing ship with three masts and sails. The main object, a sailing ship, is present, so the answer to the first question is True. The sails are visible and not missing, so the answer to the second question is False. The image is of high quality with clear details and no visible artifacts or distortions, so the quality score is 1."}, {"ans": [true, false, 1.0], "reasoning": "The image shows a large tree with a thick trunk and sprawling branches, covered in green leaves. The tree is centered in the image, standing on a grassy hill against a clear blue sky. The tree appears to be an oak tree due to its characteristic shape and leaf structure. The leaves are visible and not missing. The image is clear and of high quality, with no visible artifacts or distortions."}, {"ans": [true, false, 0.95], "reasoning": "The image depicts a small stone cottage with a gabled roof and a chimney, surrounded by trees and vines. The cottage is clearly visible and appears to be the main subject of the image. The door is present and visible, so the answer to the second question is False. The image is of high quality, with clear details and no visible artifacts or distortions, so the quality score is 0.95."}, {"ans": [true, false, 1.0], "reasoning": "The image clearly shows a passenger jet on a runway. The wings are visible, with one wing partially obscured by the fuselage and the other visible in full. The image is sharp and clear, with no visible artifacts or distortions. Therefore, the answer to the first question is True, as the image is showing a passenger jet. The answer to the second question is False, as the wings are not missing and are visible. The quality of the image is rated as 1.0, as it is clear and well-defined."}, {"ans": [true, true, 1.0], "reasoning": "The image clearly shows a wristwatch with a white face and black straps on a brown circular surface. The watch face has hour markers but no numbers. The image is sharp and well-lit, with no visible artifacts or distortions. The main object, the wristwatch, is clearly visible, so the answer to the first question is True. The numbers are not visible on the watch face, so the answer to the second question is True. The quality of the image is high, with no issues affecting the visibility or clarity of the watch, so the quality score is 1.0."}, {"ans": [true, true, 0.95], "reasoning": "The image shows a pizza with a red sauce and basil leaves on top. The crust is visible and appears to be cooked. There is no visible cheese on the pizza. The image is clear and well-defined, with no visible artifacts or distortions. The quality of the image is high, with a score of 0.95 out of 1. The main object, the pizza, is clearly visible, so the answer to the first question is True. The cheese is not visible, so the answer to the second question is True."}, {"ans": [true, false, 0.8], "reasoning": "The image is showing a city street with traffic signals hanging above the road. The traffic signals are clearly visible and have lights on them, indicating that they are operational. The image is well-lit, with the sun shining down the street, and the traffic signals are not overexposed or obscured. The quality of the image is high, with clear details of the street, cars, and buildings. However, the brightness of the sun in the background may cause some slight overexposure, hence the quality score is not 1."}, {"ans": [true, false, 1.0], "reasoning": "The image clearly shows a skateboard with wheels. The skateboard is positioned on a gray surface, and its wheels are visible and intact. The image is well-lit, with clear details of the skateboard and its components. There are no visible artifacts, blurring, or other issues that would affect the quality of the image. Therefore, the answer to Question 1 is True because the image is showing a skateboard. The answer to Question 2 is False because the wheels are not missing; they are clearly visible. The quality of the image is rated 1.0 because it is clear and well-defined, with no noticeable issues."}, {"ans": [true, true, 0.95], "reasoning": "The image clearly shows a chessboard with white pieces set up on it. The black pieces are not visible on the board. The image is of high quality, with clear details and no visible artifacts or distortions. The chessboard and pieces are well-rendered, and the background is a simple red fabric that does not distract from the main subject."}, {"ans": [true, true, 1.0], "reasoning": "The image clearly shows a sports car, which is the main object. The car is depicted in a red color with a sleek design, and it is positioned in a room with a reflective floor and white walls. The brakes are not visible as the image does not provide a clear view of the brake components. The image is of high quality, with no visible artifacts, blurring, or unnatural colors. The sports car is the central focus, and its details are well-defined."}, {"ans": [true, false, 1.0], "reasoning": "The image clearly shows an open book on a wooden table. The text within the book is visible, indicating that the text is not missing or invisible. The image is of high quality with no visible artifacts, blurring, or other issues that would detract from its clarity."}, {"ans": [true, false, 0.95], "reasoning": "The image clearly shows a computer tower with visible internal components and fans. The main object, the computer tower, is present and identifiable. The fans are also visible, indicating they are not missing. The image is of high quality, with clear details and no visible artifacts or distortions that would significantly impact the visibility of the main object or its components. The slight deduction in quality score is due to the subtle shadow and lighting effects that could be considered minor imperfections."}, {"ans": [true, false, 1.0], "reasoning": "The image depicts a scarecrow standing in a field, wearing a plaid shirt and jeans, with straw hat and straw hanging from its head and arms. The scarecrow is clearly visible and has arms that are outstretched. The image is clear and well-defined, with no visible artifacts or distortions. Therefore, the answer to Question 1 is True because the image is showing a scarecrow. The answer to Question 2 is False because the arms are visible. The quality of the image is rated as 1 because it is clear and well-defined."}, {"ans": [true, true, 0.9], "reasoning": "The image depicts a man in armor, which is consistent with the representation of a knight. The main object, the knight, is present in the image. However, upon closer inspection, it is evident that the knight is not holding a sword, and there is no visible sword in the image. The quality of the image is generally high, with clear details and realistic colors. However, there are some minor artifacts visible upon close inspection, such as slight blurring around the edges of the armor, which is why the quality score is not 1.0."}, {"ans": [true, false, 1.0], "reasoning": "The image clearly shows a teapot with a handle, spout, and lid, placed on a wooden tray. The teapot is the main object in the image, and it is visible and well-defined. The handle is present and visible on the right side of the teapot. The image is sharp and clear, with no visible artifacts or distortions. Therefore, the answer to Question 1 is True, as the image is showing a teapot. The answer to Question 2 is False, as the handle is not missing and is visible. The quality of the image is rated as 1, indicating that it is of high quality with no noticeable issues."}, {"ans": [true, false, 1.0], "reasoning": "The image clearly shows a basketball hoop with a net. The net is visible and attached to the hoop, indicating that it is not missing. The image is clear and well-defined, with no visible artifacts or distortions that would affect its quality."}, {"ans": [true, false, 1.0], "reasoning": "The image is showing a dining table setting with plates, cutlery, and a glass. The main object, the dining table, is present. The glass is visible on the table, so it is not missing. The image is clear and well-lit, with no visible artifacts or distortions, hence the quality is rated as 1."}, {"ans": [true, true, 1.0], "reasoning": "The image clearly shows a typewriter on a desk, with papers around it. The typewriter is visible and appears to be in good condition. Upon closer inspection, it is evident that the ribbon is missing or not visible from the typewriter. The image is of high quality, with no visible artifacts, blurring, or other issues that would affect the overall clarity. Therefore, the answer to Question 1 is True, as the image is showing a typewriter. The answer to Question 2 is also True, as the ribbon is not visible. The quality of the image is rated as 1, indicating that it is clear and well-defined."}, {"ans": [true, false, 1.0], "reasoning": "The image is showing a winter jacket, which is the main object. The jacket has a zipper that is visible, so it is not missing. The image is clear and of high quality, with no visible artifacts or distortions."}, {"ans": [true, false, 1.0], "reasoning": "The image clearly shows a sunflower with visible seeds in the center. The seeds are visible as small dark spots arranged in a spiral pattern on the flower head. The image is sharp and clear, with no visible artifacts or distortions. Therefore, the answer to Question 1 is True because the image is showing a sunflower. The answer to Question 2 is False because the seeds are visible. The quality of the image is rated 1.0 because it is clear and well-defined, with no noticeable issues."}, {"ans": [true, true, 0.9], "reasoning": "The image clearly shows an elephant, so the answer to the first question is True. The trunk is not visible in the image, so the answer to the second question is True. The image is of high quality, with clear details and no visible artifacts or distortions, so the quality score is 0.9. The slight deduction is due to the slightly grayish tone of the sky, which may not be entirely natural."}, {"ans": [true, true, 0.95], "reasoning": "The image clearly shows a rowboat floating on calm water. The boat is empty and there are no oars visible inside or outside the boat. The image is of high quality with clear details and no visible artifacts or distortions. The wooden texture of the boat and the reflection on the water are well-defined."}, {"ans": [true, false, 0.95], "reasoning": "The image clearly shows a snowman in a residential yard. The snowman is wearing a red hat and scarf, and has a face made of coal or small stones. The buttons on the snowman are visible as a row of small black dots on the middle section of the snowman. The image is sharp and well-defined, with no visible artifacts or distortions that would detract from its quality. The only reason the quality score is not 1 is due to the slight overexposure of the snow, which causes some loss of detail in the snow-covered areas."}, {"ans": [true, false, 1.0], "reasoning": "The image clearly shows a fountain pen on top of a notebook. The pen is black with gold accents and has a visible nib, indicating it is a fountain pen. The transparent section of the pen allows the ink to be visible, so the ink is not missing. The image is clear and well-lit, with no visible artifacts or distortions, hence the quality is rated as 1."}, {"ans": [true, false, 1.0], "reasoning": "The image clearly shows a paintbrush with bristles, so the answer to the first question is True. The bristles are visible, so the answer to the second question is False. The image is clear and well-lit, with no visible artifacts or distortions, so the quality score is 1.0."}, {"ans": [true, false, 0.9], "reasoning": "The image is showing a pair of eyeglasses with round lenses and metal frames, and the temples are visible. The glasses are placed on a piece of paper that is torn around the edges, and the background appears to be a gray surface. The image is clear and well-lit, with no visible artifacts or distortions. The quality of the image is high, with a score of 0.9. The main object, the eyeglasses, is clearly visible, and the temples are also visible, so the answer to Question 1 is True. Since the temples are visible, the answer to Question 2 is False."}, {"ans": [true, false, 0.9], "reasoning": "The image clearly shows a person holding an umbrella on a rainy day in a city street. The umbrella is the main object and is visible with its ribs. The ribs are visible as they are slightly outlined against the fabric of the umbrella. The image is of high quality with clear details and no visible artifacts or blurring that would affect the visibility of the main object or its components."}, {"ans": [true, false, 0.95], "reasoning": "The image clearly shows a wristwatch with a visible face and hour markers on the outer rim of the watch face. The watch face is designed to show its mechanical inner workings, but it still has Roman numerals marking the hours, along with smaller lines for the minutes. The image is sharp and well-lit, with no visible artifacts or distortions that would detract from its quality. The main object, the wristwatch, is clearly visible and centered in the image."}, {"ans": [true, false, 1.0], "reasoning": "The image clearly shows a camping tent with its structure supported by poles, which are visible. The tent is set up on a grassy field, and the overall image is clear and well-defined. There are no visible artifacts, blurring, or other issues that would detract from the image quality. Therefore, the answer to Question 1 is True because the image is showing a camping tent. The answer to Question 2 is False because the poles are visible and supporting the tent. The quality of the image is rated as 1.0 because it is clear and shows the main object and its details without any significant issues."}, {"ans": [true, false, 1.0], "reasoning": "The image clearly shows a cuckoo clock with intricate carvings and details, including three pinecones hanging below it, which are typically associated with weights in a cuckoo clock. The clock is mounted on a wooden log wall, and the overall image is sharp and well-defined, indicating high quality. The presence of the pinecones suggests that the weights are not missing."}, {"ans": [true, true, 1.0], "reasoning": "The image clearly shows a smartphone with its screen facing downwards, revealing the back and bottom sides. The phone's design and features are visible, indicating it is a smartphone. The speaker grille is located at the bottom of the phone, but it is not clearly visible due to the angle and shadow. However, there are several small holes visible at the bottom, which could be the speaker grille. The image is clear and well-lit, with no visible artifacts or distortions. Therefore, the quality of the image is rated as 1. For Question 1, the answer is True because the image is showing a smartphone. For Question 2, the answer is True because the speaker grille is not clearly visible, making it 'not visible'."}, {"ans": [true, true, 0.9], "reasoning": "The image clearly shows a motorcycle facing the camera on a desert road. The motorcycle is the main object and is visible in detail. The speedometer is not visible in the image, as it is not present on the handlebars or the dashboard area that is visible. The image quality is generally good, with clear details of the motorcycle and the surroundings. However, the image has a slightly hazy or overcast quality, which might be due to the atmospheric conditions or the image processing. There are no significant artifacts, blurring, or unnatural colors that would significantly decrease the quality score."}, {"ans": [true, true, 0.95], "reasoning": "The image shows a violin bow, which is the main object. The bow is lying diagonally across the image, with the tip pointing towards the top-left corner and the frog towards the bottom-right corner. The bow's stick is made of wood and has a black and silver frog. The hair is not visible in the image. The image is clear and well-lit, with no visible artifacts or distortions. The quality of the image is high, with a score of 0.95."}, {"ans": [true, false, 0.95], "reasoning": "The image clearly shows a birdcage hanging from the ceiling. The birdcage is made of gold-colored metal and has a dome-shaped top. Inside the cage, there is a decorative bird and other ornaments. The cage is suspended from a hook attached to the ceiling, and it is positioned in front of a window with a view of trees outside. The image is well-lit, with sunlight streaming through the bars of the cage, casting shadows on the wall behind it. The overall quality of the image is high, with clear details and no visible artifacts or distortions. The perch is visible inside the birdcage, so it is not missing."}, {"ans": [true, false, 1.0], "reasoning": "The image is showing a statue of a woman, and the head is clearly visible. The statue is depicted in a classical style, with intricate details and a serene expression. The image is of high quality, with no visible artifacts, blurring, or other issues that would detract from the overall clarity. Therefore, the answer to Question 1 is True, as the image is showing a statue. The answer to Question 2 is False, as the head is not missing or invisible. The quality of the image is rated as 1.0, indicating that it is of very high quality."}, {"ans": [true, false, 1.0], "reasoning": "The image clearly shows a teddy bear sitting on a bed, with a visible nose. The teddy bear is the main object in the image, and it is clearly visible and well-defined. The nose of the teddy bear is also visible, so it is not missing or invisible. The image is of high quality, with no visible artifacts, blurring, or other issues that would affect the clarity of the image."}, {"ans": [true, false, 1.0], "reasoning": "The image clearly shows a pair of sneakers, so the answer to Question 1 is True. The laces are visible on both sneakers, so the answer to Question 2 is False. The image is clear and well-lit, with no visible artifacts or distortions, so the quality score is 1.0."}, {"ans": [true, false, 1.0], "reasoning": "The image clearly shows a refrigerator with its door open, revealing the interior. The main object, the refrigerator, is present. The door shelves are visible on the inside of the door, so they are not missing. The image is of high quality, with clear details and no visible artifacts or distortions."}, {"ans": [true, false, 0.8], "reasoning": "The image depicts a group of people sitting around a campfire, with flames visible in the center. The campfire is the main object, and it is present in the image. Therefore, the answer to Question 1 is True. The flames are also visible, so the answer to Question 2 is False. The image quality is good, with clear details of the people and the campfire, but there is some haze and smoke around the fire, which slightly reduces the quality score to 0.8."}, {"ans": [true, true, 1.0], "reasoning": "The image depicts a stainless steel drinking fountain situated on a concrete path in a park-like setting. The fountain is cylindrical with a flat top and a curved spout on the side. There is no visible water flowing from the spout or present in the fountain's basin. The image is clear and well-lit, with no visible artifacts or distortions. Therefore, the answer to Question 1 is True because the image is showing a drinking fountain. The answer to Question 2 is True because the water is not visible from the drinking fountain. The quality of the image is rated as 1.0 because it is clear and free of noticeable issues."}, {"ans": [true, false, 1.0], "reasoning": "The image clearly shows a revolver with a visible trigger guard. The main object, a revolver, is present and identifiable. The trigger guard is visible and not missing. The image is of high quality with no visible artifacts, blurring, or other issues that would detract from its clarity."}, {"ans": [true, false, 0.9], "reasoning": "The image is a detailed illustration of a compass rose, which is clearly visible and centered in the image. The compass rose includes a north arrow, which is pointing upwards. The image is well-drawn and has a clear, vintage aesthetic. The quality of the image is high, with clear lines and details. However, it has a slightly yellowish tone and some minor texture, which might be due to the aging effect, hence the quality score is 0.9 instead of 1."}, {"ans": [true, false, 0.95], "reasoning": "The image shows two skyscrapers, which are the main objects. The windows are visible on the skyscrapers, indicating that they are not missing. The image is clear and of high quality, with no visible artifacts or distortions. The only reason for not giving it a perfect score is the slightly unnatural color tone of the sky, which might be due to editing or the time of day. However, this does not significantly impact the visibility or understanding of the main objects."}, {"ans": [true, true, 0.95], "reasoning": "The image depicts a man in a tuxedo standing in front of an orchestra, with his arms raised as if conducting. The presence of the orchestra and his attire suggest that he is a conductor. Both of his hands are empty and visible, indicating that he is not holding a baton. The image is clear and well-focused, with no visible artifacts or distortions that would detract from its quality. Therefore, the answer to the first question is True because the image is showing a conductor. The answer to the second question is also True because the baton is not visible, as his hands are empty. The quality of the image is rated 0.95 out of 1, as it is clear and well-defined, with proper lighting and no noticeable issues."}, {"ans": [true, false, 0.95], "reasoning": "The image shows a soccer goal with two vertical posts and a horizontal crossbar, which is clearly visible. The main object in the image is a soccer goal, so the answer to the first question is True. The crossbar is present and visible, so the answer to the second question is False. The image is of high quality, with clear details and no visible artifacts or distortions, so the quality score is 0.95."}, {"ans": [true, false, 1.0], "reasoning": "The image clearly shows a microscope on a table. The microscope has a white base and black components, with eyepieces and objective lenses visible. The main object, a microscope, is present, so the answer to the first question is True. The lenses are visible, so the answer to the second question is False. The image is clear and well-lit, with no visible artifacts or distortions, so the quality score is 1.0."}, {"ans": [true, false, 1.0], "reasoning": "The image clearly shows a guitar with strings, leaning against a brick wall. The guitar is the main object and is visible in its entirety. The strings are present and clearly visible. The image is of high quality, with no visible artifacts, blurring, or other issues that would affect the quality score."}, {"ans": [true, false, 0.95], "reasoning": "The image clearly shows a bicycle with both wheels visible and intact. The bicycle is positioned on a cobblestone surface with a canal and buildings in the background. The image is sharp and well-lit, with no visible artifacts or distortions that would affect the quality. The main object, the bicycle, is clearly identifiable, and both wheels are present and visible."}, {"ans": [true, false, 1.0], "reasoning": "The image clearly shows an owl perched on a wooden post with a full moon in the background. The owl is facing forward, and its eyes are clearly visible. Therefore, the answer to the first question is True because the image is showing an owl. The answer to the second question is False because the eyes are not absent; they are clearly visible. The image is of high quality, with no visible artifacts, blurring, or other issues that would detract from its clarity. The main object (the owl) is clearly visible, and the details are well-defined."}, {"ans": [true, false, 1.0], "reasoning": "The image clearly shows a car, fulfilling the first question. The car has doors visible on its side, answering the second question as false because the doors are not missing or not visible. The image is of high quality with clear details and no visible artifacts or distortions."}, {"ans": [true, false, 0.9], "reasoning": "The image depicts a castle situated atop a rocky outcrop, surrounded by mountains and fog. The castle is the main object in the image and is clearly visible. It has two towers and several windows are visible on its surface, indicating that the windows are not absent. The image is of high quality, with clear details and no visible artifacts or distortions. The quality score is 0.9 because the image is very clear and well-defined, with no noticeable issues."}, {"ans": [true, false, 1.0], "reasoning": "The image is showing a pocket watch with Roman numerals on its face. The numbers are clearly visible, so they are not missing or not visible. The image is of high quality, with clear details and no visible artifacts or distortions."}, {"ans": [true, false, 0.9], "reasoning": "The image is showing a Ferris wheel with visible cabins. The main object, the Ferris wheel, is clearly present in the image. The cabins are also visible, attached to the wheel. The image is of high quality, with clear details and no visible artifacts or distortions. The quality score is 0.9 because the image is well-lit and the objects are clearly visible, but it may not be perfect due to the slight orange tint which could be considered an unnatural color."}, {"ans": [true, false, 0.9], "reasoning": "The image shows a cat sleeping on a windowsill. The cat is clearly visible and appears to be a domestic cat with orange fur and darker stripes. The cat's tail is partially visible and is not absent. The image is of high quality, with clear details and no visible artifacts or distortions. The only reason for not giving it a perfect score is that the image is slightly cropped, and the tail is not fully visible, but it is not entirely missing either."}, {"ans": [true, false, 1.0], "reasoning": "The image clearly shows an elephant with its trunk visible. The trunk is a distinctive feature of an elephant, and in this image, it is clearly present and visible. The image is of high quality, with clear details and no visible artifacts or distortions."}, {"ans": [true, false, 0.9], "reasoning": "The image clearly shows a tree with a large trunk and branches covered in leaves. The presence of branches is evident, so the answer to the second question is False. The image is of high quality, with clear details and no visible artifacts or distortions, so the quality score is 0.9."}, {"ans": [true, false, 1.0], "reasoning": "The image clearly shows a chair with visible legs, answering the first question affirmatively. The legs are present and visible, so the second question is answered negatively. The image is of high quality with no visible artifacts, blurring, or other issues that would detract from its quality."}, {"ans": [true, true, 0.95], "reasoning": "The image shows a ship with two masts and ropes, indicating it is a sailing ship. However, there are no sails visible on the masts. The image is clear and well-defined, showing the details of the ship and its surroundings. The quality of the image is high, with no visible artifacts, blurring, or other issues that would detract from its clarity. Therefore, the answer to Question 1 is True because the image is showing a ship. The answer to Question 2 is True because the sails are not visible. The quality score is 0.95, indicating a very high-quality image."}, {"ans": [true, false, 0.95], "reasoning": "The image shows a white, oval-shaped painter's palette with visible paint splatters and smudges on it, indicating that it has been used. The palette is surrounded by paintbrushes and other painting materials. Although the palette is not fully covered with paint, there are noticeable paint residues, suggesting that paint is present. Therefore, for Question 1, the answer is True because the image is showing a painter's palette. For Question 2, the answer is False because the paint is not absent; there are visible smudges and splatters on the palette. The image quality is rated 0.95 because it is clear and well-lit, with no visible artifacts or distortions that would detract from the visibility of the main object."}, {"ans": [true, false, 1.0], "reasoning": "The image clearly shows a vintage typewriter on a wooden table. The typewriter is centered and facing forward, with its keys visible. The image is sharp and well-lit, with no visible artifacts or distortions. The typewriter's keys are present and visible, so the answer to the second question is False. The overall quality of the image is high, with a clear and detailed view of the typewriter, so the quality score is 1.0."}, {"ans": [true, false, 1.0], "reasoning": "The image clearly shows a white mug with a handle on the right side. The mug is filled with a hot beverage, as indicated by the steam rising from it. The handle is visible and appears to be intact. The image is well-lit, and there are no visible artifacts, blurring, or other issues that would affect its quality. Therefore, the answer to Question 1 is True because the image is showing a mug. The answer to Question 2 is False because the handle is present and visible. The quality of the image is rated as 1.0 because it is clear and well-defined, with no noticeable issues."}, {"ans": [true, false, 1.0], "reasoning": "The image clearly shows a katana with its blade visible, so the answer to the first question is True. Since the blade is visible, the answer to the second question is False. The image is of high quality with no visible artifacts, blurring, or other issues that would affect the quality score."}, {"ans": [true, true, 1.0], "reasoning": "The image shows a smartphone with a black screen on a marble surface. The phone is clearly visible and appears to be in good condition. The screen is black, indicating it is either turned off or in a locked state, so it is not visible in the sense of displaying content. The image is clear and well-lit, with no visible artifacts or distortions. Therefore, the answer to the first question is True because the image is showing a smartphone. The answer to the second question is True because the screen is not visible as it is black and not displaying any content. The quality of the image is rated 1.0 because it is clear and well-lit, with no visible issues."}, {"ans": [true, false, 1.0], "reasoning": "The image clearly shows an airplane on a runway, with its wings visible on both sides of the fuselage. The wings are not missing or invisible; they are clearly visible, although partially obscured by the engines. The image is of high quality, with no visible artifacts, blurring, or other issues that would detract from its clarity."}, {"ans": [true, false, 1.0], "reasoning": "The image clearly shows a cowboy hat hanging from a hook on a wall. The hat has a visible brim, which is a key characteristic of a cowboy hat. The image is of high quality, with clear details and no visible artifacts or distortions. The brim is not missing or invisible; it is clearly visible and intact. Therefore, the answer to the first question is True, and the answer to the second question is False. The quality of the image is rated as 1, indicating that it is of very high quality."}, {"ans": [true, false, 1.0], "reasoning": "The image is clearly showing a frog, so the answer to the first question is True. The frog's legs are visible in the image, so the answer to the second question is False. The image is of high quality, with no visible artifacts, blurring, or other issues, so the quality score is 1."}, {"ans": [true, false, 1.0], "reasoning": "The image clearly shows a teapot with a spout, lid, and handle. The teapot is white with blue floral designs and is placed on a wooden tray. The main object, a teapot, is present and visible. The spout is also visible, indicating that it is not missing. The image is sharp and well-lit, with no visible artifacts or distortions. Therefore, the quality of the image is rated as 1.0."}, {"ans": [true, false, 0.95], "reasoning": "The image clearly shows a snowman with a head, wearing a hat and a scarf, and has stick arms. The snowman is well-defined and centered in the image. The head is present and visible, so the answer to the second question is False. The image is of high quality, with clear details and no visible artifacts or distortions, hence the quality score is 0.95. The slight deduction is due to the background being slightly blurry, but it does not affect the main subject."}, {"ans": [true, false, 1.0], "reasoning": "The image clearly shows a laptop on a wooden table. The laptop is open and facing the camera, with its screen visible and the keyboard partially visible. The keyboard is not missing; it is visible and appears to be in its normal position on the laptop. The image is of high quality, with clear details and no visible artifacts or distortions."}, {"ans": [true, false, 0.9], "reasoning": "The image shows a pair of glasses on top of an open book. The glasses are clearly visible and appear to be intact with lenses. The main object, which is the glasses, is present in the image. Therefore, the answer to Question 1 is True. For Question 2, the lenses are visible and not absent, so the answer is False. The image is of high quality, with clear details and no visible artifacts or distortions that would significantly impact the visibility of the main object. The slight blurring in some areas is due to the depth of field and does not detract from the overall quality. Hence, the quality score is 0.9."}, {"ans": [true, false, 1.0], "reasoning": "The image clearly depicts railroad tracks with rails visible, running through a field of tall, yellow grass under a clear blue sky. The rails are present and visible, indicating that they are not missing. The image is sharp and well-defined, with no visible artifacts, blurring, or other issues that would detract from its quality."}, {"ans": [true, false, 1.0], "reasoning": "The image clearly shows a streetlamp with a bulb that is lit, indicating it is present and visible. The main object, the streetlamp, is present, so the answer to the first question is True. Since the bulb is visible and lit, the answer to the second question is False. The image is of high quality, with no visible artifacts, blurring, or other issues, so the quality score is 1."}, {"ans": [true, false, 0.95], "reasoning": "The image depicts a swing hanging from a tree branch, with a clear view of the swing's wooden seat and ropes. The main object, the swing, is present in the image. The seat of the swing is visible, so it is not missing or invisible. The image is of high quality, with clear details and no visible artifacts or distortions. The slight yellowish tint and soft focus in the background do not detract from the overall clarity of the main subject."}, {"ans": [true, true, 0.9], "reasoning": "The image is showing a grand piano with its lid open. The interior of the piano is dark and the strings are not visible, suggesting they are either absent or not visible due to the lighting. The image is well-lit and clear, with no visible artifacts or distortions that would affect the quality. The quality score is 0.9 because the image is clear and well-composed, but the darkness inside the piano makes it hard to confirm the presence of strings."}, {"ans": [true, false, 1.0], "reasoning": "The image clearly shows an umbrella with its fabric intact and visible. The umbrella is centered in the image, and its fabric is fully extended, indicating that it is not missing. The image is of high quality, with clear details and no visible artifacts or distortions."}, {"ans": [true, false, 1.0], "reasoning": "The image clearly shows a white sneaker with a sole, sitting on a wooden slatted surface. The sneaker is well-lit and in sharp focus, with no visible artifacts or distortions. The sole is visible and appears to be intact. Therefore, the answer to Question 1 is True, as the image is showing a sneaker. The answer to Question 2 is False, as the sole is not missing or invisible. The quality of the image is rated as 1.0, as it is clear and well-defined, with no noticeable issues."}, {"ans": [true, false, 1.0], "reasoning": "The image clearly shows a red fire hydrant with two visible outlets on the sides, indicating that the main object (fire hydrant) is present. The outlets are visible, so they are not missing or not visible. The image is clear and well-lit, with no visible artifacts, blurring, or other issues that would affect its quality."}, {"ans": [true, false, 1.0], "reasoning": "The image clearly shows a banana on a wooden cutting board. The banana is yellow and has a stem at both ends. The presence of the banana confirms the answer to the first question is True. For the second question, the stem is visible at both ends of the banana, so the answer is False. The image is clear and of high quality, with no visible artifacts or distortions, so the quality score is 1.0."}, {"ans": [true, false, 1.0], "reasoning": "The image clearly shows a wall clock with hands, so the answer to the first question is True. The hands are visible, so the answer to the second question is False. The image is of high quality with no visible artifacts, blurring, or other issues, so the quality score is 1.0."}, {"ans": [true, false, 0.9], "reasoning": "The image clearly depicts a peacock with its tail feathers fully visible and spread out. The main object, a peacock, is present in the image. The tail feathers are not missing; they are prominently displayed. The image is of high quality with clear details and no visible artifacts or distortions that would significantly impact the perception of the main object or its features."}, {"ans": [true, false, 0.9], "reasoning": "The image clearly shows a shopping cart with wheels. The main object, the shopping cart, is present, so the answer to Question 1 is True. The wheels are visible, so the answer to Question 2 is False. The image is in black and white, which is not a quality issue. There is some graininess visible, but it does not significantly impact the visibility of the cart or its details. Therefore, the quality score is 0.9, deducting 0.1 for the graininess."}, {"ans": [true, false, 0.95], "reasoning": "The image clearly shows a compass with a visible needle. The compass is centered in the image and is depicted in detail, including the needle. The background is a map, which is not relevant to the questions asked. The image is of high quality, with clear and sharp details, but there are some minor artifacts around the edges of the compass due to the overlay on the map. The quality score is 0.95 due to these minor artifacts."}, {"ans": [true, false, 1.0], "reasoning": "The image clearly shows a violin with its various parts, including the bridge, visible. The violin is placed on a white fabric background with shadows cast upon it. The image is sharp and well-lit, showing the details of the violin without any noticeable artifacts or distortions. Therefore, the answer to the first question is True because the image is showing a violin. The answer to the second question is False because the bridge is visible in the image. The quality of the image is rated as 1.0 because it is clear and well-defined, with no visible issues that would detract from its quality."}, {"ans": [true, false, 1.0], "reasoning": "The image clearly shows a motorcycle with its engine visible. The motorcycle is displayed on a stand, and the engine is not covered or missing. The image is of high quality with no visible artifacts, blurring, or other issues that would detract from its clarity."}, {"ans": [true, false, 1.0], "reasoning": "The image clearly shows a wristwatch with a white face and gold hands. The watch is centered in the image, and its features are well-defined. The hands of the watch are visible, indicating the time. The image is sharp and clear, with no visible artifacts or distortions. Therefore, the answer to Question 1 is True, as the image is showing a wristwatch. The answer to Question 2 is False, as the hands are not missing or invisible. The quality of the image is rated 1.0, as it is clear and well-defined, with no visible issues."}, {"ans": [true, false, 1.0], "reasoning": "The image clearly shows a bus, so the answer to the first question is True. The bus has visible windows, so the answer to the second question is False. The image is clear and of high quality, with no visible artifacts or distortions, so the quality score is 1.0."}, {"ans": [true, false, 1.0], "reasoning": "The image clearly shows a flamingo standing in water, with its wings partially visible. The main object, the flamingo, is present and identifiable. The wings are not missing; they are visible, although partially folded. The image is clear and well-defined, with no visible artifacts or distortions that would affect its quality. Therefore, the quality is rated as 1."}, {"ans": [true, false, 1.0], "reasoning": "The image clearly shows a book with its pages visible on the right side. The pages are not missing; they are simply opened and facing away from the viewer, showing the edge of the pages. The image is of high quality, with clear details and no visible artifacts or distortions."}, {"ans": [true, true, 0.9], "reasoning": "The image depicts a knight statue, specifically a suit of armor standing in a niche. The armor is detailed and appears to be a representation of a knight, fulfilling the first question's condition. For the second question, the sword is not visible, as there is no sword present in the image. The quality of the image is high, with clear details and no visible artifacts or distortions that would significantly impact the perception of the main object. However, the quality score is not 1 due to the slight shadow and shading that might be considered minor imperfections."}, {"ans": [true, false, 1.0], "reasoning": "The image clearly shows a ring with a gemstone, answering the first question as true. The gemstone is visible and not missing, answering the second question as false. The image is of high quality, with clear details and no visible artifacts or distortions, thus the quality score is 1.0."}, {"ans": [true, false, 1.0], "reasoning": "The image clearly depicts a windmill with its blades visible, standing in a field of sunflowers. The main object, the windmill, is present and identifiable. The blades are also visible, indicating they are not missing. The image is sharp, with no visible artifacts or distortions that would affect its quality. The colors are natural, and the objects are not deformed. Therefore, the image meets the criteria for both questions and is of high quality."}, {"ans": [true, false, 1.0], "reasoning": "The image clearly shows a skateboard with wheels. The skateboard is positioned on a white ramp, and its four wheels are visible. The image is of high quality, with no visible artifacts, blurring, or other issues that would affect the visibility of the skateboard or its wheels."}, {"ans": [true, false, 0.9], "reasoning": "The image is a 3D rendering of a tortoise with a visible shell. The tortoise is centered in the image and is facing to the right. The shell is clearly visible and appears to be a realistic representation of a tortoise shell. The image is well-lit and there are no visible artifacts or distortions. The quality of the image is high, with a score of 0.9. The main object, the tortoise, is present, so the answer to Question 1 is True. The shell is visible, so the answer to Question 2 is False."}, {"ans": [true, false, 0.9], "reasoning": "The image clearly shows a camera mounted on a tripod. The camera is visible and appears to be a Canon model with a lens attached. The lens is clearly visible, indicating that it is not missing. The image is sharp and well-focused on the camera, with a blurred background that includes city lights, suggesting it was taken at dusk or dawn. The overall quality of the image is high, with good contrast and minimal artifacts. Therefore, the answer to the first question is True because the image is showing a camera. The answer to the second question is False because the lens is visible. The quality score is 0.9 because the image is very clear and well-composed, with the camera and tripod in sharp focus against a nicely blurred background."}, {"ans": [true, true, 0.8], "reasoning": "The image depicts a large, enclosed structure with a curved roof and a pathway down the center, lined with plants on either side. The structure appears to be a greenhouse, as it is designed to house plants and has a transparent or translucent roof. The glass panels are not visible, suggesting that they may be missing or not visible due to the image's perspective or lighting. The image is clear and well-defined, with no visible artifacts or distortions, but the quality is not perfect due to a slight haze or fog in the distance."}, {"ans": [true, true, 0.95], "reasoning": "The image clearly shows a firefighter's helmet on a metal surface. The helmet is red and has a black interior. The visor is not visible, suggesting it is either missing or not visible due to its position or the angle of the image. The image is well-lit and clear, with no visible artifacts or distortions that would affect the quality. The quality score is 0.95 because the image is sharp and well-defined, with no noticeable issues."}, {"ans": [true, false, 1.0], "reasoning": "The image clearly shows a bicycle with two wheels against a brick wall. The bicycle is intact and has both wheels visible, so the answer to Question 1 is True. For Question 2, since the wheels are visible, the answer is False. The image is clear and shows no signs of blurring, artifacts, or other quality issues, so the quality score is 1."}, {"ans": [true, false, 0.95], "reasoning": "The image clearly shows a wristwatch with a white face and brown leather strap on a beige cushion. The watch face has visible hands, indicating the time. The image is well-lit, with clear details of the watch and its components. The quality of the image is high, with no noticeable artifacts or distortions. The presence of the watch and its hands is evident, making the answers to the questions 'Is there a wristwatch?' True and 'Are the hands missing or not visible?' False. The quality score is 0.95 due to the high clarity and detail of the image, with a slight deduction for the shadow on the left side."}, {"ans": [true, false, 1.0], "reasoning": "The image clearly shows a teapot with a spout, handle, and lid, placed on a table with a decorative tablecloth. The teapot is white with blue floral designs. The spout is visible and not missing. The image is sharp and well-lit, with no visible artifacts or distortions. Therefore, the answer to Question 1 is True because there is a teapot in the image. The answer to Question 2 is False because the spout is visible and not missing. The quality of the image is rated 1 because it is clear and well-defined, with no noticeable issues."}, {"ans": [true, false, 1.0], "reasoning": "The image clearly shows a pair of eyeglasses with lenses on an open book. The main object, eyeglasses, is present, so the answer to the first question is True. The lenses are visible and not missing, so the answer to the second question is False. The image is sharp and clear, with no visible artifacts or distortions, so the quality score is 1.0."}, {"ans": [true, false, 0.95], "reasoning": "The image depicts a sailboat docked at a wooden pier. The sailboat is the main object in the image, and it is clearly visible. The mast of the sailboat is also visible, standing upright from the center of the boat. The image is sharp and well-defined, with no noticeable artifacts or distortions that would detract from its quality. The only reason the quality score is not 1 is due to the slight fading of the colors towards the horizon, which is a common effect in photography and not necessarily a flaw."}, {"ans": [true, false, 1.0], "reasoning": "The image clearly depicts a globe on a stand, sitting on a table against a plain background. The globe is centered and well-lit, showing a detailed representation of the Earth's surface. The stand is visible and supports the globe. There are no visible artifacts, blurring, or other issues that would detract from the image quality. Therefore, for Question 1, the answer is True because there is a globe in the image. For Question 2, the answer is False because the stand is present. The quality of the image is rated as 1.0 because it is clear and detailed, with no noticeable defects."}, {"ans": [true, false, 0.9], "reasoning": "The image depicts a black umbrella leaning against a wall, with its canopy intact and visible. The presence of the umbrella answers the first question affirmatively. For the second question, the canopy is clearly visible, so it is not missing or invisible. The image is of high quality, with clear details and no significant artifacts or distortions, hence a quality score of 0.9. The slight deduction from 1 is due to the minor wear and tear visible on the wall and the ground, but this does not significantly impact the overall clarity or the main subject of the image."}, {"ans": [true, false, 0.95], "reasoning": "The image clearly shows a guitar standing on a stool, illuminated by stage lights. The guitar is fully visible and appears to be an acoustic guitar with strings. The strings are visible and appear to be intact. The image is well-lit, with a clear view of the guitar and its details. The quality of the image is high, with no visible artifacts or distortions. The only potential issue is the slight haze or fog in the background, but it does not affect the visibility of the guitar. Therefore, the answer to Question 1 is True, as there is a guitar in the image. The answer to Question 2 is False, as the strings are visible and not missing. The quality score is 0.95, indicating a high-quality image with minimal issues."}, {"ans": [true, false, 0.9], "reasoning": "The image clearly shows a lighthouse on a rocky outcrop in the sea. The lighthouse is the main object and is present in the image. The door of the lighthouse is visible, which means it is not absent. The image is of high quality with clear details of the lighthouse and its surroundings, although it is somewhat foggy. The quality score is 0.9 because the image is clear enough to identify the main object and its features, with no significant artifacts or distortions."}, {"ans": [true, false, 1.0], "reasoning": "The image clearly shows an airplane in a hangar. The airplane is visible and appears to be intact with its wings present, although partially obscured by the angle of the view. The wings are not missing; they are just not fully visible due to the perspective. The image is clear and of high quality, with no visible artifacts or distortions that would affect the visibility of the main object or its components."}, {"ans": [true, true, 0.9], "reasoning": "The image depicts a castle situated on a rocky outcrop surrounded by water, with several towers and flags. The main object, the fortress or castle, is present. However, upon closer inspection, there is no visible drawbridge connecting the castle to the land or any other visible structure. The image is clear and detailed, with no significant artifacts or distortions that would detract from its quality. The absence of a drawbridge is not considered a factor in assessing the image quality. Therefore, the answer to Question 1 is True because there is a fortress. The answer to Question 2 is True because the drawbridge is not visible. The quality of the image is rated 0.9 due to its clarity and detail, with minor deductions for the slight haze in the background."}, {"ans": [true, true, 0.95], "reasoning": "The image depicts a sedan parked on the side of a road at night, under the light of a streetlamp. The car is clearly visible and appears to be a vintage model. The headlights of the car are not visible, likely because they are not illuminated. The image is well-lit by the streetlamp, and there are no visible artifacts, blurring, or other issues that would detract from its quality. Therefore, the answer to Question 1 is True because there is a sedan in the image. The answer to Question 2 is True because the headlights are not visible. The quality of the image is rated 0.95 out of 1, as it is clear and well-lit, with no significant issues."}, {"ans": [true, false, 1.0], "reasoning": "The image depicts a large tree with a wide canopy and a thick trunk, situated in a grassy field. The tree is centered in the image and has a robust appearance, with many branches and leaves. The leaves are green and densely packed, covering most of the tree's branches. The overall appearance of the tree suggests that it is an oak tree, given its size and the shape of its leaves. Therefore, the answer to Question 1 is True. For Question 2, the leaves are clearly visible and not absent, so the answer is False. The image is of high quality, with clear details and no visible artifacts or distortions, so the quality score is 1.0."}, {"ans": [true, false, 0.9], "reasoning": "The image clearly shows a green frog sitting on a lily pad. The frog is visible and appears to be intact with its legs clearly visible. Therefore, the answer to Question 1 is True. For Question 2, since the legs are visible, the answer is False. The image quality is high with clear details of the frog and its surroundings, so the quality score is 0.9. The slight deduction is due to minor blurring around the edges of the lily pads."}, {"ans": [true, false, 1.0], "reasoning": "The image depicts a wooden rocking chair with a seat, positioned on a porch in front of a window and a wall with peeling paint. The chair is made of light-colored wood and has a high back with vertical slats. The seat is present and visible. The overall condition of the image is clear and well-defined, with no visible artifacts or distortions. Therefore, the answer to Question 1 is True, as there is a rocking chair in the image. The answer to Question 2 is False, as the seat is not missing or invisible. The quality of the image is rated as 1, indicating that it is of high quality."}, {"ans": [true, false, 1.0], "reasoning": "The image clearly shows a film camera on a glass shelf. The camera is a CAESA model, and it has a lens attached to it. The presence of the camera answers the first question affirmatively. For the second question, the lens is visible and attached to the camera, so it is not absent. The image is sharp, with no visible artifacts, blurring, or other quality issues, hence the quality score is 1.0."}, {"ans": [true, true, 1.0], "reasoning": "The image features a book standing upright on a table, with its spine facing the viewer. The book's cover is closed, and the pages are not visible. The image is clear and well-lit, with no visible artifacts or distortions. The book is the main object in the image, and it is clearly visible. Therefore, the answer to Question 1 is True. The pages of the book are not visible, so the answer to Question 2 is True. The image quality is high, with no noticeable issues, so the quality score is 1.0."}, {"ans": [true, false, 0.95], "reasoning": "The image clearly shows an hourglass on a wooden table, with sand visible inside it. The hourglass is the main object in the image and is clearly visible, so the answer to the first question is True. The sand is also visible inside the hourglass, so the answer to the second question is False. The image is of high quality, with clear details and no visible artifacts or distortions, so the quality score is 0.95."}, {"ans": [true, false, 0.9], "reasoning": "The image depicts a sparrow perched on a wooden post, with its wings visible but folded against its body. The bird is clearly identifiable as a sparrow, satisfying the first question. For the second question, the wings are not absent; they are present but folded. The image is of high quality, with clear details and no visible artifacts or distortions that would detract from its quality. The slight decrease in quality score is due to the background gradient, which might be considered slightly unnatural, but it does not significantly impact the overall clarity of the main subject."}, {"ans": [true, false, 0.95], "reasoning": "The image features a prominent clock tower with a visible clock face, indicating that there is indeed a clock tower present. The clock face is clearly visible, so it is not missing or invisible. The image is of high quality with clear details and no noticeable artifacts or distortions, hence a high quality score of 0.95."}, {"ans": [true, false, 1.0], "reasoning": "The image depicts a black ski mask with visible eye holes on a wooden bench. The presence of the ski mask directly answers Question 1, confirming that there is indeed a ski mask in the image. For Question 2, the eye holes are clearly visible, indicating that they are not missing or invisible. The image is clear and well-defined, with no visible artifacts, blurring, or other quality issues, resulting in a quality score of 1."}, {"ans": [true, false, 1.0], "reasoning": "The image clearly shows a frying pan with a handle on a stovetop. The pan is centered in the image, and its handle is visible and pointing downwards. The image is clear and well-lit, with no visible artifacts or distortions. Therefore, the answer to Question 1 is True because there is a frying pan in the image. The answer to Question 2 is False because the handle is visible. The quality of the image is rated 1.0 because it is clear and well-lit, with no visible issues."}, {"ans": [true, false, 0.9], "reasoning": "The image clearly shows a red scooter parked on a cobblestone street. The scooter is facing to the right and has its handlebars visible. The image is sharp and well-lit, with a clear view of the scooter and its details. The only reason for not giving it a perfect quality score is the partial black and white effect on the surroundings, which might be considered a slight artifact, but it does not affect the visibility of the scooter."}, {"ans": [true, false, 0.9], "reasoning": "The image clearly shows a snail with a shell on a leaf. The snail is visible and has a shell, so the answer to the first question is True. Since the shell is present, the answer to the second question is False. The image is of high quality, with clear details of the snail and the leaf, and there are no visible artifacts or distortions that would significantly affect the quality. The quality score is 0.9 because the image is very clear and well-focused."}, {"ans": [true, false, 1.0], "reasoning": "The image clearly shows a backpack leaning against a tree trunk. The backpack is visible and appears to be intact with straps attached to it. The straps are not missing or invisible; they are clearly visible on both sides of the backpack. The image is of high quality, with no visible artifacts, blurring, or other issues that would detract from its clarity. Therefore, the answer to Question 1 is True because there is a backpack in the image. The answer to Question 2 is False because the straps are visible and not missing. The quality of the image is rated 1.0 because it is clear and free of defects."}, {"ans": [true, true, 0.9], "reasoning": "The image shows a blue mailbox mounted on a wooden post, with a road and trees in the background. The mailbox is weathered and has peeling paint. There is no visible flag on the mailbox. For Question 1, the presence of a mailbox is confirmed, so the answer is True. For Question 2, since the flag is not visible, it is considered absent, so the answer is True. The image quality is rated 0.9 because it is clear and well-defined, with no significant artifacts or distortions."}, {"ans": [true, false, 1.0], "reasoning": "The image clearly shows an old television set on a wooden stand, with the screen visible and displaying a reflection. The presence of the television answers the first question affirmatively. Since the screen is visible, the second question about the screen being missing or not visible is answered negatively. The image is of high quality, with clear details and no visible artifacts or distortions, thus the quality score is 1.0."}, {"ans": [true, false, 1.0], "reasoning": "The image clearly shows a lamp on a table. The lamp is turned on and has a bulb inside it, as indicated by the light emanating from it. Therefore, for Question 1, the answer is True because there is a lamp in the image. For Question 2, the answer is False because the bulb is present and visible, as it is lit up. The image is of high quality, with clear details and no visible artifacts or distortions, so the quality score is 1.0."}, {"ans": [true, true, 0.9], "reasoning": "The image shows a black helmet on a workbench. The helmet is the main object and is clearly visible. It appears to be a helmet without a visor, as there is no visible visor attached to it. The image is clear and well-lit, with some dust and debris on the helmet and workbench. The quality of the image is high, with no noticeable artifacts or blurring. Therefore, the answer to Question 1 is True, as there is a helmet in the image. The answer to Question 2 is also True, as the visor is missing or not visible. The quality score is 0.9, as the image is clear and well-lit, but there is some dust and debris visible."}, {"ans": [true, true, 0.95], "reasoning": "The image depicts a grand piano on a stage, illuminated by spotlights. The piano is centered and facing the viewer, with its lid open. The keys are not visible as they are facing downwards due to the angle of the lid. The image is clear and well-lit, with no visible artifacts or distortions. The quality of the image is high, with a score of 0.95. For question 1, the presence of a piano is confirmed, so the answer is True. For question 2, since the keys are not visible due to the angle of the lid, they are considered not visible, so the answer is True."}, {"ans": [true, false, 1.0], "reasoning": "The image clearly depicts a windmill with blades in a field. The presence of the windmill answers the first question affirmatively. The blades are visible and not absent, so the second question is answered negatively. The image is of high quality, with clear details and no visible artifacts or distortions."}, {"ans": [true, true, 1.0], "reasoning": "The image clearly shows a telescope mounted on a tripod stand. The telescope is the main object in the image, and it is evident that it is a telescope due to its cylindrical shape and the presence of various mechanical components. The eyepiece is not visible in the image, suggesting that it is either missing or not visible due to the angle of the telescope. The image is of high quality, with clear details and no visible artifacts or distortions. The lighting is even, and the colors are natural, contributing to the overall high quality of the image."}, {"ans": [true, false, 0.95], "reasoning": "The image depicts a stroller with wheels, positioned on a sidewalk next to a bench in a park-like setting. The stroller is clearly visible and appears to be in good condition. The wheels are present and visible, indicating that they are not missing. The image is sharp and well-defined, with no noticeable artifacts or distortions that would affect the visibility of the stroller or its wheels. The quality of the image is high, with a score of 0.95 out of 1.0."}, {"ans": [true, true, 0.9], "reasoning": "The image depicts a cat lying on a windowsill, with its head resting on its paws. The cat's body is visible from the head to the back, but the tail is not visible in the frame. For Question 1, the presence of a cat is confirmed, so the answer is True. For Question 2, since the tail is not visible, it is considered missing, so the answer is True. The image quality is rated 0.9 because it is clear and well-lit, with no visible artifacts or distortions."}, {"ans": [true, false, 0.98], "reasoning": "The image clearly shows a pipe with a stem on top of a book. The pipe is visible and has a distinct shape with a bowl and a stem. The stem is clearly visible, extending from the bowl to the right side of the image. The image is well-lit, with good contrast and no visible artifacts or distortions. The quality of the image is high, with a score of 0.98. For question 1, the answer is True because there is a pipe in the image. For question 2, the answer is False because the stem is visible."}, {"ans": [true, false, 1.0], "reasoning": "The image clearly shows a fountain pen with a visible nib, indicating that the main object is present. The nib is visible and appears to be intact, so it is not missing. The image is of high quality, with clear details and no visible artifacts or distortions."}, {"ans": [true, true, 1.0], "reasoning": "The image shows a framed portrait of a person. The frame is gold and ornate, with a white matte surrounding the portrait. The portrait itself is a black-and-white image of a person in a dark jacket and white collar. The frame is the main object in the image, and it is clearly visible. The glass covering the portrait is not visible, suggesting that it may be missing or not visible due to the angle of the image or lighting conditions. The image is clear and well-lit, with no visible artifacts or distortions. Therefore, the answer to Question 1 is True, as there is a picture frame in the image. The answer to Question 2 is also True, as the glass is not visible. The quality of the image is rated as 1.0, indicating that it is of high quality with no noticeable issues."}, {"ans": [true, false, 0.9], "reasoning": "The image clearly shows a skateboard with wheels. The skateboard is positioned on a concrete surface with graffiti, and its wheels are visible and intact. The image is well-lit, with clear details of the skateboard and its components. The quality of the image is high, with no noticeable artifacts or blurring that would affect the visibility of the skateboard or its wheels."}, {"ans": [true, false, 0.95], "reasoning": "The image clearly shows a ring with a gemstone in a ring box. The ring is centered in the box, and the gemstone is visible and appears to be a diamond. The image is well-lit, and the details of the ring and the gemstone are clearly visible. There are no visible artifacts, blurring, or other issues that would affect the quality of the image. Therefore, the answer to Question 1 is True because there is a ring in the image. The answer to Question 2 is False because the gemstone is present. The quality of the image is rated 0.95 out of 1 because it is a high-quality image with no noticeable issues."}, {"ans": [true, false, 1.0], "reasoning": "The image clearly shows a rocket on a launchpad. The rocket is white and has fins, which are visible on either side of it. The fins are not missing or invisible; they are clearly visible in the image. The image is of high quality with no visible artifacts, blurring, or other issues that would affect the visibility of the rocket or its fins."}, {"ans": [true, false, 0.95], "reasoning": "The image clearly shows a pair of headphones on a sound mixing board. The headphones are black and have ear pads that are visible and not missing. The image is sharp and well-lit, with good contrast, indicating a high-quality image. The presence of the headphones directly answers the first question. For the second question, the ear pads are visible, so they are not missing or not visible. The image quality is high, with no noticeable artifacts, blurring, or other issues that would detract from the quality, hence a quality score of 0.95."}, {"ans": [true, false, 1.0], "reasoning": "The image clearly shows a T-shirt with short sleeves on a wooden surface against a white background. The T-shirt is the main object, and it is visible and clear. The sleeves are present and visible, so they are not missing. The image is of high quality with no visible artifacts, blurring, or other issues that would detract from its clarity."}, {"ans": [true, false, 1.0], "reasoning": "The image clearly shows a snowman in front of a house. The snowman is well-defined and has a hat, eyes, a nose, and a mouth, indicating that it is a complete snowman. The nose is visible, so it is not missing. The image is clear and of high quality, with no visible artifacts or distortions."}, {"ans": [true, false, 1.0], "reasoning": "The image clearly shows a pair of sneakers on a wooden deck next to wet sand. The sneakers are visible and appear to be in good condition. For Question 1, the presence of sneakers is confirmed, so the answer is True. For Question 2, the laces are visible on the sneakers, so the answer is False. The image is clear and well-lit, with no visible artifacts or distortions, so the quality score is 1.0."}, {"ans": [true, false, 1.0], "reasoning": "The image depicts a lantern hanging from a wooden beam. The lantern is made of metal and has a glass pane. The glass pane is visible and appears to be intact. The image is clear and well-lit, with no visible artifacts or distortions. Therefore, the answer to Question 1 is True, as there is a lantern in the image. The answer to Question 2 is False, as the glass panes are not missing or invisible. The quality of the image is rated as 1.0, indicating that it is of high quality with no noticeable issues."}, {"ans": [true, false, 1.0], "reasoning": "The image clearly shows a keyboard with a visible spacebar. The keyboard is the main object in the image and is well-lit, with no visible artifacts or distortions that would affect the quality of the image. The spacebar is present and visible, so it is not missing. Therefore, the answer to Question 1 is True, the answer to Question 2 is False, and the quality of the image is rated as 1."}, {"ans": [true, false, 1.0], "reasoning": "The image clearly shows a teddy bear sitting on a bed, indicating that there is indeed a teddy bear present. The teddy bear has eyes, so the answer to the second question is False. The image is of high quality with no visible artifacts, blurring, or other issues that would affect the quality score."}, {"ans": [true, false, 0.9], "reasoning": "The image clearly shows a basketball hoop with a net in front of a garage. The main object, the basketball hoop, is present, so the answer to Question 1 is True. The net is visible and attached to the hoop, so the answer to Question 2 is False. The image quality is high, with clear details of the hoop, net, and surrounding environment. However, the backboard shows signs of wear and tear with peeling paint, but this does not significantly impact the overall quality, hence a score of 0.9."}, {"ans": [true, false, 1.0], "reasoning": "The image depicts a wine glass with a stem on a table setting. The glass is clear and has a decorative pattern around its body. It is placed on a white napkin, accompanied by a spoon and fork. The presence of the wine glass answers the first question affirmatively. For the second question, the stem is visible and not absent, so the answer is false. The image is clear and well-lit, with no visible artifacts or distortions, hence the quality score is 1.0."}, {"ans": [true, false, 0.95], "reasoning": "The image features a pocket mirror with an ornate silver frame resting on a white marble surface. The mirror's reflective surface is visible and intact, indicating that it is not missing. The image is clear and well-lit, with no visible artifacts or distortions that would detract from its quality. The only reason for not giving it a perfect score is the slight shadowing and the background being out of focus, but these do not significantly impact the overall clarity of the main object, the pocket mirror."}]