[{"ans": [true, false, 1.0], "reasoning": "The image clearly depicts a sailboat with its sails visible and intact. The sailboat is centered in the image, and the sails are fully visible, indicating that they are not missing. The image is of high quality, with clear details and no visible artifacts or distortions."}, {"ans": [true, true, 0.8], "reasoning": "The image is showing a bicycle, which is the main object. The chain is not visible, so it is considered missing. The image quality is good, but there is some graininess and texture visible, which reduces the quality score to 0.8."}, {"ans": [true, false, 0.95], "reasoning": "The image clearly shows a cat sitting on a windowsill. The cat is gray with yellow eyes and has visible whiskers. The background is blurred, showing a view of houses outside the window. The image is sharp and clear, with no visible artifacts or distortions that would significantly affect its quality. The main object, the cat, is well-defined and easily recognizable. The whiskers are clearly visible, indicating that they are not missing or invisible."}, {"ans": [true, true, 0.8], "reasoning": "The image depicts a castle with a gatehouse, but the gates are not visible. The main object, the castle, is present. The gates are missing or not visible, so the answer to the second question is true. The image quality is generally good, but there are some visible artifacts and a grainy texture, which reduces the quality score to 0.8."}, {"ans": [true, false, 0.9], "reasoning": "The image clearly shows a hot-air balloon with a basket, so the answer to the first question is True. The basket is visible and not missing, so the answer to the second question is False. The image is of high quality, with clear details and no visible artifacts or distortions, so the quality score is 0.9. The slight deduction from 1 is due to the subtle texture visible in the lower part of the image, which could be considered a minor artifact."}, {"ans": [true, false, 1.0], "reasoning": "The image clearly shows a turtle with a visible shell. The turtle is centered in the image, and its shell is prominent. There are no visible artifacts, blurring, or other issues that would affect the quality of the image. Therefore, the answer to Question 1 is True because the image is showing a turtle. The answer to Question 2 is False because the shell is visible. The quality of the image is rated 1.0 because it is clear and well-defined, with no noticeable issues."}, {"ans": [true, true, 0.9], "reasoning": "The image is clearly showing a train at a station. The train is silver and has a sleek, modern design. The wheels of the train are not visible as they are obscured by the platform and the angle of the image. The image is sharp and clear, with good contrast and no visible artifacts or distortions. The quality of the image is high, with a score of 0.9 out of 1. The main object, the train, is clearly visible, and the image is well-lit. The only reason for not giving it a perfect score is the slight vignetting around the edges, but this does not detract from the overall clarity of the image."}, {"ans": [true, false, 0.95], "reasoning": "The image is showing a pair of eyeglasses with lenses, so the answer to the first question is True. The lenses are visible, so the answer to the second question is False. The image quality is high, with clear details of the eyeglasses and the surface they are on. However, the background is slightly out of focus, which is why the quality score is not 1."}, {"ans": [true, false, 1.0], "reasoning": "The image clearly shows a fountain pen with its cap off, placed on a white surface. The pen's nib is visible and appears to be intact. The image is sharp and well-lit, with no visible artifacts or distortions. Therefore, the answer to the first question is True because the main object, a fountain pen, is present. The answer to the second question is False because the nib is visible and not missing. The quality of the image is rated 1.0 as it is clear and free of any noticeable issues."}, {"ans": [true, false, 0.9], "reasoning": "The image is showing an umbrella with a canopy, as indicated by the presence of the fabric or mesh material stretched across the ribs. The canopy is visible and not missing. The image is in black and white and has a slight grainy texture, but it is clear and well-defined. The quality of the image is high, with a score of 0.9, as it is not blurry or distorted. The only reason it is not scored as 1 is due to the grainy texture."}, {"ans": [true, false, 0.95], "reasoning": "The image clearly shows an airplane on a runway, with its wings visible. The presence of the airplane satisfies the first question. For the second question, the wings are clearly visible, so they are not missing or invisible. The image is of high quality, with clear details and no visible artifacts or distortions, hence a quality score of 0.95. The slight deduction from 1 is due to the presence of a somewhat ominous sky with dark clouds, but this does not detract from the clarity of the main subject, the airplane."}, {"ans": [true, false, 1.0], "reasoning": "The image clearly shows a desk lamp on a table with an open book in front of it. The lamp is the main object and is visible in its entirety. The bulb is present inside the lampshade, so it is not missing. The image is sharp and well-lit, with no visible artifacts or distortions, hence the quality score is 1.0."}, {"ans": [true, false, 1.0], "reasoning": "The image clearly shows an electric guitar with a visible neck. The guitar is centered and well-lit against a plain background, indicating that the main object is present. The neck is visible and attached to the body of the guitar, so it is not missing or invisible. The image is sharp and clear, with no visible artifacts or distortions, indicating a high-quality image."}, {"ans": [true, false, 1.0], "reasoning": "The image clearly depicts a fish with visible fins, so the main object is present. The fins are not missing or invisible, they are clearly visible. The image is of high quality with no visible artifacts, blurring, or unnatural colors."}, {"ans": [true, false, 1.0], "reasoning": "The image depicts a small, one-story brick house with a gable roof, situated in a grassy field. The house has a door and windows, and is surrounded by trees in the background. The roof is clearly visible and intact. The image is clear and of high quality, with no visible artifacts or distortions."}, {"ans": [true, true, 0.9], "reasoning": "The image shows a convertible car with its top down, revealing the interior. The windshield is not visible, suggesting it might be missing or not present. The image is clear and well-lit, showing the details of the car's interior and exterior. There are no visible artifacts, blurring, or other issues that would significantly impact the quality. Therefore, the image is of high quality, and the windshield appears to be missing or not visible."}, {"ans": [true, false, 0.95], "reasoning": "The image is showing a keyboard. The keyboard appears to be well-lit and clear, with visible keys and a distinct layout. The spacebar is present and visible on the keyboard. The image quality is high, with clear details and no visible artifacts or distortions. The only reason for not giving it a perfect score is the slight shadow under the keyboard, which might be considered a minor quality issue, but it does not detract significantly from the overall clarity of the image."}, {"ans": [true, false, 1.0], "reasoning": "The image clearly shows an owl perched on a branch with a full moon in the background. The owl is fully feathered, and its feathers are visible and detailed. The image is sharp and clear, with no visible artifacts or distortions. Therefore, the answer to Question 1 is True because the image is showing an owl. The answer to Question 2 is False because the feathers are not missing or invisible; they are clearly visible. The quality of the image is rated 1.0 because it is clear and well-defined, with no noticeable issues."}, {"ans": [true, true, 1.0], "reasoning": "The image depicts a book with its cover open and no pages visible inside. The cover is designed to resemble a book, with a spine and cover texture that suggests it is a book. Therefore, the answer to the first question is True because the main object in the image is indeed a book. For the second question, the pages are not visible, so the answer is True as the pages are either missing or not visible. The image is of high quality, with clear details and no visible artifacts or distortions, hence the quality score is 1.0."}, {"ans": [true, false, 0.9], "reasoning": "The image clearly depicts a lighthouse standing on a rocky outcrop against a dramatic, cloudy sky. The lighthouse is white with a black railing around the top and a small door at the base. The lamp is visible inside the glass enclosure at the top of the lighthouse. The image is sharp and well-defined, with no visible artifacts or distortions that would detract from its quality. The presence of the lamp inside the glass enclosure indicates that it is not missing. Therefore, the answer to Question 1 is True because the image is showing a lighthouse. The answer to Question 2 is False because the lamp is visible. The quality score is 0.9 because the image is clear and well-defined, but there are some dark and light areas that could be considered minor issues."}, {"ans": [true, true, 1.0], "reasoning": "The image shows a white armchair with a simple design, placed on a rug in a room. The chair is the main object in the image and is clearly visible. The legs of the chair are not visible, as they are either missing or obscured from view. The image is of high quality, with clear details and no visible artifacts or distortions. Therefore, the answer to Question 1 is True, as the image is showing an armchair. The answer to Question 2 is also True, as the legs are not visible. The quality of the image is rated as 1.0, indicating that it is a clear and well-defined image."}, {"ans": [true, false, 0.9], "reasoning": "The image clearly shows a deer with antlers standing in a forest. The deer is the main object and is visible with its antlers intact. The quality of the image is high, with clear details of the deer and its surroundings. The only reason for not giving it a perfect score is the slight blurring in the background due to the fog, but this does not detract significantly from the overall clarity of the main subject."}, {"ans": [true, false, 1.0], "reasoning": "The image clearly shows an envelope with its flap visible and partially covering the top part of the envelope. The envelope is white and placed on a marble surface. The image is sharp and well-lit, with no visible artifacts or distortions. Therefore, the main object (envelope) is present, and the flap is visible, making the answer to the first question 'True' and the second question 'False'. The quality of the image is high, rated as 1."}, {"ans": [true, true, 1.0], "reasoning": "The image is showing a wall clock with a white face and black hands. The clock is mounted on a gray wall above a white table or shelf. The clock face does not have any numbers visible. The image is clear and well-lit, with no visible artifacts or distortions. The main object, the wall clock, is present and clearly visible. The numbers on the clock face are missing or not visible. The quality of the image is high, with no noticeable issues."}, {"ans": [true, false, 1.0], "reasoning": "The image clearly shows a person wearing a white space suit, which is the main object. The helmet is visible and not missing, as it is clearly seen on the person's head. The image is of high quality with no visible artifacts, blurring, or other issues that would decrease its quality score."}, {"ans": [true, false, 0.9], "reasoning": "The image clearly depicts a windmill with visible blades in a field. The main object, the windmill, is present, so the answer to the first question is True. The blades are also visible, so the answer to the second question is False. The image is of high quality with clear details and no visible artifacts or distortions, hence the quality score is 0.9. The slight deduction is due to minor compression artifacts visible upon close inspection."}, {"ans": [true, true, 0.9], "reasoning": "The image clearly shows a tree, which is the main object, so the answer to the first question is True. The tree is without leaves, so the leaves are missing, making the answer to the second question True. The image is of high quality with clear details of the tree and its branches, but the quality score is slightly reduced to 0.9 due to the presence of some noise or graininess in the image."}, {"ans": [true, true, 0.8], "reasoning": "The image shows a yellow school bus. The bus is clearly visible and appears to be a standard representation of a school bus. The doors of the bus are not visible, as the image only shows the side of the bus. The quality of the image is good, with clear details and no significant artifacts or distortions. However, the image is not perfect, as it has a slight grainy texture, which reduces its quality score to 0.8."}, {"ans": [true, false, 1.0], "reasoning": "The image clearly shows a laptop on a table. The laptop is open and its screen is visible, although it is blank and white, indicating it is either turned off or displaying a blank screen. The laptop's presence and its screen being visible answer the first question affirmatively. For the second question, since the screen is visible, it is not considered missing or not visible. The image is of high quality, with clear details and no visible artifacts or distortions."}, {"ans": [true, true, 1.0], "reasoning": "The image clearly shows a trumpet lying on a red satin cloth against a plain background. The trumpet is the main object in the image and is depicted without a mouthpiece. The absence of the mouthpiece is evident as the part where the mouthpiece is typically attached is visible and empty. The image is of high quality, with clear details and no visible artifacts or distortions."}, {"ans": [true, false, 0.9], "reasoning": "The image depicts a robot with a head, standing in a laboratory or workshop setting. The robot's body is predominantly white, with black mechanical components visible beneath its surface. The head is clearly visible and not missing. The image is well-lit and focused, with a clear view of the robot and its surroundings. The background is blurred, but it appears to be a laboratory or workshop with various equipment and cabinets. The overall quality of the image is high, with no noticeable artifacts or distortions. Therefore, the answer to Question 1 is True, as the image is showing a robot. The answer to Question 2 is False, as the head is not missing or not visible. The quality score is 0.9, indicating a high-quality image with minimal issues."}, {"ans": [true, false, 1.0], "reasoning": "The image clearly shows a candle, which is the main object. The candle appears to be intact and has a visible wick at the top, indicated by a small circular indentation. The image is of high quality, with clear details and no visible artifacts or distortions. Therefore, the answer to Question 1 is True because the image is showing a candle. The answer to Question 2 is False because the wick is visible as a small dot in the center of the candle's top surface. The quality of the image is rated 1.0 because it is clear and well-defined, with no noticeable issues."}, {"ans": [true, false, 0.95], "reasoning": "The image shows a pizza with a visible crust, tomato sauce, basil leaves, and small white pieces that appear to be cheese. The presence of these elements confirms that the main object is a pizza. For the second question, the cheese is visible, so it is not missing or invisible. The image quality is high, with clear details and no visible artifacts or distortions, hence a quality score of 0.95. The slight deduction is due to the subtle texture and shading that might suggest a slight digital enhancement or compression, but it does not significantly impact the overall perception of the image."}, {"ans": [true, false, 1.0], "reasoning": "The image clearly shows a DSLR camera body with a lens attached. The camera is positioned on a wooden surface against a plain background, and the overall image is sharp and well-lit. The lens is visible and appears to be properly mounted on the camera body. There are no visible artifacts, blurring, or other issues that would affect the quality of the image."}, {"ans": [true, false, 1.0], "reasoning": "The image clearly shows a grand piano, so the answer to the first question is True. The keys are visible on the piano, so the answer to the second question is False. The image is of high quality, with clear details and no visible artifacts or distortions, so the quality score is 1."}, {"ans": [false, true, 0.9], "reasoning": "The image is showing a paint palette with various colors of paint on it. There is no paintbrush visible in the image. Therefore, the answer to the first question is False. Since there is no paintbrush, the bristles are not visible, so the answer to the second question is True. The image is clear and well-lit, with no visible artifacts or distortions, so the quality score is 0.9."}, {"ans": [true, false, 0.95], "reasoning": "The image clearly shows a watch with a strap, so the answer to the first question is True. The strap is visible and not missing, so the answer to the second question is False. The image is of high quality, with clear details and no visible artifacts or distortions, so the quality score is 0.95. The slight deduction is due to the minor blurring at the edges of the image, but it does not affect the visibility of the main object."}, {"ans": [true, false, 0.95], "reasoning": "The image shows a young man with his mouth open, revealing his teeth and tongue. The main object, a mouth, is present. The tongue is visible inside the mouth, so it is not missing or invisible. The image is clear and well-lit, with no visible artifacts or distortions that would affect its quality. The quality score is 0.95 because the image is very clear and detailed, with no noticeable issues."}, {"ans": [true, false, 0.95], "reasoning": "The image clearly shows a motorcycle with visible handlebars. The main object, the motorcycle, is present and identifiable. The handlebars are also visible, indicating they are not missing. The image is of high quality with clear details and minimal artifacts, though there is a slight blur in the background."}, {"ans": [true, false, 1.0], "reasoning": "The image clearly shows a vintage television set on a wooden cabinet. The television has a visible screen, although it appears to be turned off or displaying a static screen. The presence of the screen directly answers both questions. For Question 1, the main object is indeed a television, so the answer is True. For Question 2, since the screen is visible, it is not missing or not visible, so the answer is False. The image is of high quality, with clear details and no visible artifacts or distortions, so the quality score is 1.0."}, {"ans": [true, false, 1.0], "reasoning": "The image clearly shows a goat, specifically a white mountain goat with horns, standing on a rocky outcrop. The presence of horns is evident, so for Question 1, the answer is True as the image is showing a goat. For Question 2, the answer is False because the horns are visible. The image is of high quality, with clear details of the goat and its surroundings, and there are no visible artifacts, blurring, or other issues that would detract from the quality."}, {"ans": [true, false, 1.0], "reasoning": "The image clearly shows a red sneaker with white laces on a gray surface. The sneaker is the main object in the image and is visible in detail. The laces are present and visible, threaded through the eyelets. The image is sharp and clear, with no visible artifacts or distortions that would affect the quality. Therefore, the answer to Question 1 is True because the image is showing a sneaker. The answer to Question 2 is False because the laces are not missing or invisible; they are clearly visible. The quality of the image is rated 1 because it is clear and well-defined, with no noticeable issues."}, {"ans": [true, false, 1.0], "reasoning": "The image clearly shows a frog sitting on a leaf. The frog's eyes are visible, indicating that they are not missing. The image is sharp and clear, with no visible artifacts or distortions that would affect the quality."}, {"ans": [true, false, 1.0], "reasoning": "The image is showing a cup, which can be considered a mug despite being on a saucer, and it has a handle. The handle is visible, so it is not missing. The image is clear and well-lit, with no visible artifacts or distortions, hence the quality score is 1.0."}, {"ans": [true, false, 1.0], "reasoning": "The image clearly shows a saxophone with its keys visible, indicating that the main object is present and the keys are not missing or invisible. The image is of high quality with no visible artifacts, blurring, or other issues that would detract from its clarity."}, {"ans": [true, false, 1.0], "reasoning": "The image clearly shows a skateboard with its wheels visible. The main object in the image is a skateboard, so the answer to the first question is True. The wheels are present and visible, so the answer to the second question is False. The image is of high quality, with clear details and no visible artifacts or distortions, so the quality score is 1.0."}, {"ans": [true, false, 1.0], "reasoning": "The image is a 3D rendering of a mannequin head wearing a black fedora hat. The fedora is clearly visible and has a distinct brim. The image is of high quality, with clear details and no visible artifacts or distortions. The brim of the fedora is present and visible, so it is not missing."}, {"ans": [true, true, 0.95], "reasoning": "The image shows a motorcycle helmet on a workbench. The helmet is matte black and has an open face design. There is no visor visible on the helmet. The image is clear and well-lit, with no visible artifacts or distortions. The quality of the image is high, with a score of 0.95 out of 1. The main object, the motorcycle helmet, is clearly visible, so the answer to the first question is True. The visor is not visible, so the answer to the second question is True."}, {"ans": [true, false, 1.0], "reasoning": "The image clearly shows a bedframe with a mattress. The bedframe is the main object, and it is present in the image. The mattress is also visible on top of the bedframe. The image is of high quality, with clear details and no visible artifacts or distortions."}, {"ans": [true, false, 1.0], "reasoning": "The image clearly shows a clock tower with a visible clock face. The clock tower is the main object in the image, and it is centered and prominent. The clock face is also clearly visible, with its white surface and black hands. The image is of high quality, with no visible artifacts, blurring, or other issues that would affect the visibility of the clock tower or its clock face. Therefore, the answer to the first question is True, and the answer to the second question is False. The quality of the image is rated as 1.0, indicating that it is of very high quality."}, {"ans": [true, false, 0.95], "reasoning": "The image is a clear and detailed representation of a pocket watch. The pocket watch is open, revealing its inner mechanisms and the hands are clearly visible. The image is sharp and well-lit, with no visible artifacts or distortions. The quality of the image is high, with a score of 0.95 out of 1. The main object, the pocket watch, is present and identifiable. The hands of the watch are also visible, so they are not missing or invisible."}, {"ans": [true, false, 1.0], "reasoning": "The image clearly shows a red bicycle against a wall. The bicycle is fully visible and appears to be in good condition. The pedals are visible and attached to the bicycle, so they are not missing. The image is sharp and well-lit, with no visible artifacts or distortions that would affect the quality. Therefore, the quality is rated as 1.0."}, {"ans": [true, false, 0.9], "reasoning": "The image is a portrait of a woman with visible eyes. The eyes are clearly visible and not missing. The image is of high quality, with clear details and no visible artifacts or distortions that would significantly impact the quality score. However, the image appears to be a digital rendering or heavily edited, which might slightly reduce its quality score due to its unnatural smoothness."}, {"ans": [true, true, 0.9], "reasoning": "The image depicts a grand piano on a stage with spotlights shining down. The piano is shown in silhouette, making it difficult to discern details such as the hammers. The overall shape and structure of the instrument are consistent with a grand piano. The hammers are not visible, likely due to the silhouette effect and the angle of the camera. The image quality is high, with clear lines and minimal artifacts, though the silhouette and lighting conditions make some details hard to see."}, {"ans": [true, false, 0.9], "reasoning": "The image depicts a sailing ship with three masts, where one sail is visible on the rightmost mast. The presence of the ship and its rigging indicates it is a sailing ship. The sail on the rightmost mast is clearly visible, indicating that not all sails are missing or not visible. The image is clear and well-defined, showing the details of the ship and the water. The quality is high, with no noticeable artifacts or distortions, but the slight lack of sharpness in some areas prevents it from being a perfect score."}, {"ans": [true, false, 0.9], "reasoning": "The image depicts a large tree with a wide canopy and a thick trunk, which appears to be an oak tree due to its characteristic shape and foliage. The leaves are visible and not missing, so the answer to the second question is false. The image quality is generally high, with clear details and natural colors, but it has a slight texture or grain that reduces its quality score to 0.9."}, {"ans": [true, true, 0.9], "reasoning": "The image depicts a small stone cottage with a steeply pitched roof and ivy covering parts of its exterior. The front of the cottage is visible, and there is no visible door. The image is clear and well-defined, with no significant artifacts or distortions. The quality is high, with a score of 0.9, as it is slightly grainy."}, {"ans": [true, false, 1.0], "reasoning": "The image clearly shows a passenger jet with its wings visible. The presence of the wings is evident as they are extending from the sides of the aircraft. The image is of high quality, with clear details and no visible artifacts or distortions."}, {"ans": [true, true, 0.95], "reasoning": "The image shows a wristwatch with a black face and leather strap on a brown leather surface. The watch face does not have visible numbers, only hour markers. The image is clear and well-lit, with no visible artifacts or distortions. The quality of the image is high, with a score of 0.95 out of 1. The main object, the wristwatch, is clearly visible, so the answer to the first question is True. The numbers are not visible on the watch face, so the answer to the second question is True."}, {"ans": [true, false, 1.0], "reasoning": "The image clearly shows a pizza with a visible crust, sauce, and cheese. The cheese is present and visible on the pizza, indicating that it is not missing. The image is of high quality, with clear details and no visible artifacts or distortions."}, {"ans": [true, false, 0.8], "reasoning": "The image is showing traffic signals with lights. The traffic signals are clearly visible in the center of the image, hanging above the road. The lights on the traffic signals are also visible, indicating that they are not missing. The image quality is good, with clear details of the traffic signals and the surrounding environment. However, the image has a slight haze or fog effect, which reduces its quality score to 0.8."}, {"ans": [true, false, 0.95], "reasoning": "The image clearly shows a skateboard with a rainbow-colored deck and four wheels attached to it via trucks. The skateboard is positioned on a concrete surface with shadows cast upon it. All elements of the skateboard, including the wheels, are visible. The image is sharp and well-lit, with no significant artifacts or distortions. The quality is high, with a slight deduction for minor speckles and shadow details that might be considered noise."}, {"ans": [true, true, 0.9], "reasoning": "The image is showing a chessboard with white pieces on one side and no visible black pieces on the other side. The chessboard is clearly visible and is the main object in the image. The black pieces are not visible, as they are presumably on the opposite side of the board, which is not shown. The image is of high quality, with clear details and no visible artifacts or distortions. The only reason for not giving it a perfect score is the slight pixelation visible upon close inspection, but it does not detract from the overall clarity of the image."}, {"ans": [true, true, 0.95], "reasoning": "The image clearly shows a sports car, specifically a red Lotus Elise, in a well-lit showroom. The main object, the sports car, is present and centered in the image. The brakes are not visible as the image does not provide a clear view of the brake components. The image is of high quality, with clear details and no noticeable artifacts or distortions. The slight deduction in quality score is due to minor reflections on the floor."}, {"ans": [true, true, 1.0], "reasoning": "The image shows an open book on a wooden table. The pages are blank and do not contain any text. The book is clearly visible, and there are no visible artifacts, blurring, or other issues that would affect the quality of the image. Therefore, the answer to Question 1 is True because the image is showing a book. The answer to Question 2 is True because the text is missing or not visible from the book, as the pages are blank. The quality of the image is rated as 1.0 because it is clear and well-defined, with no noticeable issues."}, {"ans": [true, false, 0.95], "reasoning": "The image clearly shows a computer tower with its side panel removed, revealing the internal components. The presence of fans is evident, with at least one large fan visible on the left side and another partially visible on the right side. The image is well-lit, with a clear view of the components and no visible artifacts or distortions that would significantly impact the quality. The purple lighting adds a visual effect but does not detract from the clarity of the image. Therefore, the main object, a computer tower, is present, and the fans are visible, making the answer to the first question 'True' and the second question 'False'. The quality of the image is rated 0.95 due to its high clarity and lack of significant artifacts."}, {"ans": [true, true, 1.0], "reasoning": "The image depicts a scarecrow standing in a field of wheat. The scarecrow is wearing a plaid shirt and pants, and has a straw hat on its head. The scarecrow's face is not visible as it is made of straw. The arms of the scarecrow are not visible as they are not sticking out from the body. The image is clear and well-defined, with no visible artifacts or distortions. Therefore, the answer to Question 1 is True as the image is showing a scarecrow. The answer to Question 2 is also True as the arms are not visible. The quality of the image is rated as 1.0 as it is clear and well-defined."}, {"ans": [true, true, 0.9], "reasoning": "The image depicts a man in armor, which aligns with the representation of a knight. The armor is detailed and appears to be historically inspired, indicating a clear depiction of a knight. However, upon closer inspection, there is no visible sword in the image. The belt around the waist suggests that a sword could be present but is not visible, possibly due to the angle or framing of the image. The image is of high quality with clear details, but there is a slight degradation around the edges, which might be due to the image processing or aging effect applied to it."}, {"ans": [true, false, 0.95], "reasoning": "The image is showing a white teapot with a floral design on it, placed on a wooden tray. The teapot has a spout, a lid, and a handle, which are all typical features of a teapot. Therefore, the answer to Question 1 is True. The handle is visible on the right side of the teapot, so the answer to Question 2 is False. The image is clear and well-lit, with no visible artifacts or distortions, so the quality score is 0.95. The slight deduction from 1 is due to the very minor shadow under the tray and slight non-uniformity in the background."}, {"ans": [true, false, 1.0], "reasoning": "The image clearly shows a basketball hoop with a net attached to it. The hoop is centered in the image, and the net is visible and intact. The image is sharp and clear, with no visible artifacts or distortions. The quality of the image is high, with a score of 1.0. Since the net is visible, the answer to the second question is False."}, {"ans": [true, false, 0.9], "reasoning": "The image shows a dining table set with plates, utensils, and glasses. The main object, a dining table, is present. The glasses are visible at the top of the image, so they are not missing. The image is clear and well-defined, with no noticeable artifacts or distortions, hence the high quality score."}, {"ans": [true, false, 0.95], "reasoning": "The image clearly shows a typewriter on a desk, indicating that the main object is indeed a typewriter. The typewriter has a ribbon visible inside it, so the ribbon is not missing. The image is sharp and well-lit, with no visible artifacts or distortions that would significantly impact the quality. The only reason for not giving it a perfect score is the slight blurring in the background, but the main object is clear and well-defined."}, {"ans": [true, true, 1.0], "reasoning": "The image shows a winter jacket, which is the main object in the image. The jacket is a puffy, gray coat with a hood and buttons down the front. There is no visible zipper on the jacket. The image is clear and well-lit, with no visible artifacts or distortions. The quality of the image is high, so the quality score is 1.0."}, {"ans": [true, false, 0.9], "reasoning": "The image clearly shows a sunflower, so the answer to the first question is True. The seeds are visible on the sunflower, so the answer to the second question is False. The image is of high quality, with clear details and no visible artifacts or distortions, so the quality score is 0.9. The slight deduction is due to the image being slightly unnatural in color."}, {"ans": [true, false, 0.9], "reasoning": "The image clearly depicts an elephant, which is the main object. The elephant's trunk is visible and not missing. The image is of high quality with clear details of the elephant and its surroundings, although it has a slightly yellowish tone due to the lighting or editing, which doesn't significantly impact the quality score."}, {"ans": [true, true, 1.0], "reasoning": "The image depicts a rowboat floating on calm water. The boat is empty and there are no oars visible inside or outside the boat. The image is clear and of high quality, with no visible artifacts or distortions. The main object, the rowboat, is clearly visible and well-defined."}, {"ans": [true, false, 0.9], "reasoning": "The image is showing a snowman with a hat and scarf, and it has buttons on its body. The main object, the snowman, is present. The buttons are visible on the snowman's body, so they are not missing or not visible. The image quality is good, with clear details of the snowman and its surroundings. However, there is a slight pixelation visible upon close inspection, which is why the quality score is not 1."}, {"ans": [true, true, 1.0], "reasoning": "The image is showing a fountain pen with a gold nib on top of a notebook. The pen's ink reservoir is not visible, and there is no indication of ink being present in the nib. The image is clear and well-focused, with no visible artifacts or distortions. The quality of the image is high, and it effectively conveys the details of the fountain pen and the notebook."}, {"ans": [true, true, 0.98], "reasoning": "The image clearly shows a paintbrush. The bristles of the paintbrush are not visible as they are pointing downwards and are obscured from view. The image is of high quality with clear details and no noticeable artifacts or distortions."}, {"ans": [true, true, 0.9], "reasoning": "The image clearly shows a pair of eyeglasses with round lenses and metal frames on a crumpled paper. The temples of the eyeglasses are not visible as they are folded inwards towards the lenses. The image is in black and white, and the quality is generally good with clear details of the eyeglasses and the paper. However, the crumpled nature of the paper and the shadows cast by the eyeglasses create some minor texture and contrast variations. Overall, the main object (eyeglasses) is clearly visible, and the image is sharp enough to assess the presence and visibility of the temples."}, {"ans": [true, true, 0.9], "reasoning": "The image clearly shows a person holding an umbrella on a rainy street. The umbrella is black and appears to be made of a material that is not transparent, and the ribs are not visible from the viewer's perspective. The image is of high quality, with clear details of the person and the umbrella, although the background is slightly blurred due to the rain. The quality score is 0.9 because the image is well-defined and lacks significant artifacts or distortions."}, {"ans": [true, false, 0.95], "reasoning": "The image clearly shows a wristwatch with a visible face and mechanical components. The hour markers are visible as thin lines around the edge of the watch face, indicating that they are not missing. The image is of high quality, with clear details and no visible artifacts or distortions. The slight gradient background does not affect the clarity of the watch itself."}, {"ans": [true, false, 1.0], "reasoning": "The image shows a camping tent with poles. The tent is set up on a green surface, and the poles are visible and appear to be holding the tent's structure. The image is clear and well-lit, with no visible artifacts or distortions. Therefore, the answer to Question 1 is True, as the image is showing a camping tent. The answer to Question 2 is False, as the poles are visible. The quality of the image is rated 1, as it is clear and well-defined."}, {"ans": [true, false, 1.0], "reasoning": "The image clearly depicts a cuckoo clock with intricate carvings and a clock face, indicating that it is indeed a cuckoo clock. The weights are visible as pinecones hanging from the bottom of the clock, so they are not missing or invisible. The image is of high quality, with clear details and no visible artifacts or distortions."}, {"ans": [true, true, 0.95], "reasoning": "The image shows a smartphone with its screen facing upwards. The phone is positioned at an angle, and its screen is reflecting some shadows. The phone's body is black, and it has a few openings at the top and bottom edges. The top edge has a small hole for the front-facing camera and another small opening, likely for the speaker or microphone. The bottom edge has several small holes, which could be for the speaker grille. However, upon closer inspection, it appears that the speaker grille is not visible on the visible sides of the phone. The image is clear and well-lit, with no visible artifacts or distortions. The quality of the image is high, with a score of 0.95 out of 1. The main object, the smartphone, is clearly visible, so the answer to the first question is True. The speaker grille is not visible from the angle shown in the image, so the answer to the second question is True."}, {"ans": [true, true, 0.9], "reasoning": "The image clearly shows a motorcycle parked on a dirt road. The motorcycle is facing to the right and is centered in the frame. The main object, the motorcycle, is visible and identifiable. However, the speedometer is not visible from the angle the motorcycle is captured. The image is sharp and clear, with no visible artifacts or distortions that would significantly impact the quality. The slight sepia tone is a stylistic choice and does not detract from the image quality."}, {"ans": [true, true, 1.0], "reasoning": "The image shows a violin bow. The bow is positioned diagonally across the image, with the tip pointing towards the bottom left corner and the other end towards the top right corner. The bow has a dark brown wooden stick with silver metal fittings at both ends. The background is a red satin fabric that is bunched up, creating folds and creases. The image is clear and well-lit, with no visible artifacts or distortions. The main object, the violin bow, is clearly visible, and it is evident that the hair is missing or not visible. Therefore, the answer to Question 1 is True, and the answer to Question 2 is also True. The quality of the image is rated as 1.0 because it is clear and well-defined, with no noticeable issues."}, {"ans": [true, true, 1.0], "reasoning": "The image is showing a birdcage, which is the main object. The birdcage is hanging from the ceiling and is made of gold-colored metal with intricate designs. There is no visible perch inside the birdcage. The image is clear and well-lit, with no visible artifacts or distortions. Therefore, the quality of the image is rated as 1.0."}, {"ans": [true, false, 1.0], "reasoning": "The image clearly depicts a statue of a woman, so the answer to the first question is True. The statue has a head that is visible, so the answer to the second question is False. The image is of high quality, with clear details and no visible artifacts or distortions, so the quality score is 1.0."}, {"ans": [true, false, 1.0], "reasoning": "The image clearly shows a teddy bear with a visible nose. The teddy bear is centered and well-lit, with no visible artifacts or distortions that would affect the quality of the image. The nose is clearly visible and not missing."}, {"ans": [true, false, 1.0], "reasoning": "The image clearly shows a pair of sneakers with laces. The sneakers are positioned in front of a white door on a brown carpeted floor. The laces are visible and appear to be properly tied. The image is sharp and well-defined, with no visible artifacts or distortions. Therefore, the answer to the first question is True because the image is showing sneakers. The answer to the second question is False because the laces are visible and not missing. The quality of the image is rated as 1 because it is clear and well-defined, with no visible issues."}, {"ans": [true, false, 1.0], "reasoning": "The image shows an open refrigerator with visible shelves inside. The door is open, and the door shelves are visible on the right side of the image. The main object, a refrigerator, is present. The door shelves are not missing; they are visible. The image is clear and well-lit, with no visible artifacts or distortions. Therefore, the quality of the image is rated as 1."}, {"ans": [true, false, 0.9], "reasoning": "The image shows a group of people sitting around a campfire. The campfire is clearly visible and has flames, so the answer to the first question is True. Since the flames are visible, the answer to the second question is False. The image quality is high, with clear details of the people and the campfire, but there is some smoke and sparks that could slightly affect the clarity. However, the overall quality is still good, so the quality score is 0.9."}, {"ans": [true, true, 0.95], "reasoning": "The image depicts a cylindrical drinking fountain with a spout on the right side and a small circular opening on the left side. The fountain is made of metal and has a modern design. The background shows a park-like setting with a paved path, grass, and trees. The image is clear and well-lit, with no visible artifacts or distortions. The drinking fountain is the main object in the image, and it is clearly visible. The water is not visible from the drinking fountain, as there is no visible water flow or reflection. Therefore, the answer to Question 1 is True, as the image is showing a drinking fountain. The answer to Question 2 is also True, as the water is missing or not visible from the drinking fountain. The quality of the image is rated 0.95, as it is a clear and well-composed image with no visible issues."}, {"ans": [true, false, 1.0], "reasoning": "The image clearly shows a revolver with a visible trigger guard. The main object, a revolver, is present in the image, so the answer to the first question is True. The trigger guard is visible and not missing, so the answer to the second question is False. The image is of high quality with clear details and no visible artifacts or distortions, so the quality score is 1.0."}, {"ans": [true, false, 0.8], "reasoning": "The image is a sepia-toned illustration of a compass rose, which is clearly visible and central to the image. The compass rose includes a north arrow, which is pointing upwards. The image is detailed, with intricate designs around the compass rose, and there are no significant artifacts or distortions that detract from the overall clarity of the main object. The quality is slightly reduced due to the sepia tone and some minor texture visible on the image, but it does not significantly impact the visibility of the compass rose or the north arrow."}, {"ans": [true, false, 1.0], "reasoning": "The image clearly shows several skyscrapers, so the answer to the first question is True. Upon closer inspection, it is evident that the windows are visible on the skyscrapers, especially on the central and rightmost buildings where lights are visible from the windows, indicating that the windows are not missing or invisible. Thus, the answer to the second question is False. The image is of high quality, with clear details and no visible artifacts or distortions, so the quality score is 1."}, {"ans": [true, true, 0.9], "reasoning": "The image shows a man in a tuxedo standing on a podium with his hands raised, indicating he is a conductor. The presence of musicians in the background further supports this. The baton is not visible in either of his hands, suggesting it is either missing or not visible. The image is clear and well-defined, with no noticeable artifacts or distortions that would significantly impact the quality."}, {"ans": [true, true, 1.0], "reasoning": "The image depicts a soccer field with two goalposts, indicating the presence of a soccer goal. The crossbar is not visible, suggesting it is either missing or not visible. The image is clear and of high quality, with no visible artifacts or distortions."}, {"ans": [true, false, 1.0], "reasoning": "The image clearly shows a microscope on a table. The microscope has lenses attached to it, which are visible. The image is sharp and clear, with no visible artifacts or distortions. Therefore, the answer to Question 1 is True because the image is showing a microscope. The answer to Question 2 is False because the lenses are not missing; they are visible on the microscope. The quality of the image is rated 1.0 because it is clear and well-defined, with no noticeable issues."}, {"ans": [true, false, 0.9], "reasoning": "The image clearly shows a guitar with its body and neck visible, leaning against a brick wall. The guitar has strings, which are visible along the neck and attached to the body. The presence of the guitar fulfills the first question's condition. For the second question, the strings are clearly visible, so they are not absent. The image is of high quality with clear details and no visible artifacts or distortions that would significantly impact the visibility of the main object or its components. The slight texture and shadow effects add to the realism without degrading the quality."}, {"ans": [true, false, 0.8], "reasoning": "The image clearly shows a bicycle with two wheels, a frame, handlebars, and a seat. The bicycle is positioned on a brick sidewalk beside a canal, with a blurred background that includes trees, buildings, and a bridge. The main object, a bicycle, is present and identifiable. Both wheels are visible, so they are not missing or invisible. The image is slightly blurry, which affects its quality, but it is still clear enough to identify the main elements. Therefore, the image is showing a bicycle, and the wheels are not missing or not visible. The quality of the image is rated 0.8 due to the slight blurriness."}, {"ans": [true, false, 0.9], "reasoning": "The image clearly shows an owl perched on a wooden post, with its eyes visible. The owl is the main object in the image, and it is depicted in detail. The eyes are clearly visible, so they are not absent. The image is of high quality, with clear details and no visible artifacts or distortions. The only reason it doesn't score a perfect 1 is due to a slight blur on the moon in the background, but this does not affect the main subject, the owl."}, {"ans": [true, false, 0.9], "reasoning": "The image clearly shows a silver car, which is the main object. The car is depicted with its doors visible, indicating that the doors are not missing. The image is of high quality, with clear details and no visible artifacts or distortions that would significantly impact the visibility of the car or its features. The slight decrease in quality score is due to a minor artifact on the wall behind the car, but it does not affect the overall visibility of the car."}, {"ans": [true, false, 0.7], "reasoning": "The image depicts a castle situated on a cliff, with visible towers and walls. The presence of windows on the towers indicates that the castle is not without windows. Therefore, the answer to Question 1 is True, as the image does show a castle. For Question 2, since windows are visible, the answer is False, as the windows are not absent. The image quality is rated 0.7 due to the noticeable texture and slight graininess, suggesting it may be a rendered or heavily processed image."}, {"ans": [true, false, 0.95], "reasoning": "The image is showing a pocket watch with Roman numerals on its face, so it is a pocket watch with numbers. The numbers are visible, so they are not missing or not visible. The image is of high quality, with clear details and no visible artifacts or distortions, but there are some minor scratches on the watch, hence the quality score is 0.95 instead of 1."}, {"ans": [true, false, 0.95], "reasoning": "The image clearly shows a Ferris wheel with cabins, so the answer to the first question is True. The cabins are visible and not missing, so the answer to the second question is False. The image is of high quality, with clear details and no visible artifacts or distortions, so the quality score is 0.95. The slight decrease from 1 is due to the subtle gradient effect in the sky, which might be considered a minor processing artifact."}, {"ans": [true, true, 0.9], "reasoning": "The image shows a cat sleeping on a windowsill. The cat is clearly visible and appears to be a typical domestic cat with orange fur. The image is of high quality, with clear details and no visible artifacts or distortions. The cat's tail is not visible in the image, which suggests that it is either absent or not visible due to the cat's position. Therefore, the answer to Question 1 is True because the image is showing a cat. The answer to Question 2 is True because the tail is not visible, implying it is either absent or hidden from view. The quality score is 0.9 because the image is clear and well-defined, with no noticeable issues."}, {"ans": [true, false, 0.9], "reasoning": "The image clearly shows an elephant with a trunk, standing in a field. The trunk is visible and not missing. The image is of high quality, with clear details and no visible artifacts or distortions. The background is slightly blurry, but it does not affect the overall quality of the main subject."}, {"ans": [true, false, 0.9], "reasoning": "The image depicts a tree with visible branches, trunk, and roots. The main object in the image is a tree, so the answer to the first question is True. The branches are visible, so the answer to the second question is False. The image is clear and well-defined, with no visible artifacts or distortions that would affect its quality. The quality score is 0.9 because the image is slightly foggy in the background, but this does not significantly impact the visibility of the main object."}, {"ans": [true, false, 1.0], "reasoning": "The image clearly shows a wooden chair with a backrest and four legs, positioned in the center of a room with a plain white wall and a gray floor. The chair is the main object in the image, and it is fully visible. The legs of the chair are clearly visible, so they are not missing or not visible. The image is of high quality, with no visible artifacts, blurring, or other issues that would affect its clarity."}, {"ans": [true, true, 0.95], "reasoning": "The image shows a ship with three masts, which is a characteristic of a sailing ship. However, there are no sails visible on the masts. The image is clear and well-defined, showing the details of the ship and its surroundings. The quality of the image is high, with no visible artifacts or distortions. Therefore, the answer to Question 1 is True, as the image is showing a ship. The answer to Question 2 is also True, as the sails are not visible. The quality of the image is rated 0.95, indicating a high-quality image with no significant issues."}, {"ans": [true, false, 0.9], "reasoning": "The image shows a white, oval-shaped palette with some gray paint residue on it, surrounded by paintbrushes. The main object is indeed a painter's palette. Although there is no visible paint on the palette, there are signs of previous paint usage, such as residue and stains. The paint is not entirely absent, as there are remnants on the palette and surrounding surface. The image is of high quality, with clear details and minimal artifacts."}, {"ans": [true, false, 1.0], "reasoning": "The image clearly shows a vintage typewriter with visible keys on a wooden table. The typewriter is the main object, and it is intact with its keys visible, so the answer to the first question is True. Since the keys are visible, the answer to the second question is False. The image is of high quality with clear details and no visible artifacts or distortions, so the quality score is 1."}, {"ans": [true, false, 0.9], "reasoning": "The image shows a white mug with a handle on the right side. The mug is placed on a white surface, and there is steam rising from it. The handle is clearly visible, so it is not missing or invisible. The image is of high quality, with clear details and no visible artifacts or distortions. The slight blur in the background does not affect the overall quality of the image, hence the quality score is 0.9."}, {"ans": [true, false, 1.0], "reasoning": "The image clearly shows a katana with its blade visible. The katana is displayed on a stand, and the blade is not missing or obscured. The image is of high quality, with clear details and no visible artifacts or distortions."}, {"ans": [true, true, 1.0], "reasoning": "The image clearly shows a smartphone lying on a marble surface. The screen is black and not displaying any content, which makes it not visible in the context of showing information or images. The image is of high quality, with clear details and no visible artifacts or distortions."}, {"ans": [true, false, 1.0], "reasoning": "The image clearly shows an airplane on a runway, with its wings visible on both sides. The wings are not missing or invisible; they are clearly visible, although partially obscured by the engines. The image is sharp and well-lit, with no visible artifacts or distortions that would affect its quality."}, {"ans": [true, false, 0.9], "reasoning": "The image depicts a cowboy hat hanging on a hook against a wall. The hat is clearly visible and has a brim, which is also clearly visible. The image is well-lit and has a clear focus on the hat, with no visible artifacts or distortions that would detract from its quality. The quality of the image is high, with a score of 0.9 out of 1. The main object, the cowboy hat, is present, so the answer to the first question is True. The brim of the hat is visible, so the answer to the second question is False."}, {"ans": [true, false, 1.0], "reasoning": "The image clearly shows a frog with its legs visible, sitting on a green leaf. The main object, a frog, is present and identifiable. The legs of the frog are clearly visible, so they are not missing or invisible. The image is of high quality with clear details and no visible artifacts or distortions."}, {"ans": [true, false, 1.0], "reasoning": "The image clearly shows a teapot with a spout, handle, and lid, decorated with a blue floral pattern on a white background. The teapot is placed on a round wooden tray. The main object, a teapot, is present and clearly visible, so the answer to Question 1 is True. The spout is visible, so the answer to Question 2 is False. The image is sharp, with no visible artifacts, blurring, or other issues that would affect its quality, so the quality score is 1.0."}, {"ans": [true, false, 1.0], "reasoning": "The image clearly depicts a snowman with a head, wearing a hat and scarf, and standing in a snowy yard. The snowman is well-defined and detailed, indicating a high-quality image. The head is present and visible, so it is not missing. The overall quality of the image is high, with no visible artifacts, blurring, or other issues that would detract from its quality."}, {"ans": [true, true, 1.0], "reasoning": "The image shows a laptop, specifically an Apple MacBook, on a table. The laptop is positioned with its back facing the camera, and the Apple logo is visible. The keyboard is not visible because the laptop is closed and angled away from the viewer, showing only its back and a slight view of the bottom. The image is clear and well-lit, with no visible artifacts or distortions that would affect its quality. Therefore, the answer to Question 1 is True because the image is showing a laptop. The answer to Question 2 is True because the keyboard is not visible. The quality of the image is rated as 1 because it is clear and well-defined."}, {"ans": [true, false, 0.9], "reasoning": "The image clearly shows a pair of glasses on top of an open book. The glasses are the main object in the image and are visible with lenses. The presence of the lenses means that the answer to the second question is False because the lenses are not absent. The image is of high quality, with clear details and minimal artifacts, hence the quality score is 0.9. The slight decrease from 1 is due to a minor blur in some parts of the image, but it does not significantly impact the visibility of the main object."}, {"ans": [true, false, 0.9], "reasoning": "The image clearly shows railroad tracks with rails and sleepers, set in a field of golden wheat. The rails are visible and appear to be intact, running parallel to each other into the distance. The image is of high quality, with clear details and no visible artifacts or distortions that would detract from the overall clarity. The quality score is 0.9 because the image is very clear and detailed, with no noticeable issues."}, {"ans": [true, true, 0.9], "reasoning": "The image shows a streetlamp with two lanterns, which is the main object. The bulb is not visible inside the lanterns, so it is considered missing. The image is clear and well-defined, with no noticeable artifacts or distortions, hence the high quality score of 0.9."}, {"ans": [true, false, 0.9], "reasoning": "The image depicts a swing hanging from a tree branch, with a clear view of the swing's seat. The presence of the swing answers the first question affirmatively. For the second question, the seat is visible, so it is not missing or invisible. The image quality is high, with clear details of the swing and its surroundings, though it has a slightly grainy texture, hence a quality score of 0.9."}, {"ans": [true, true, 0.9], "reasoning": "The image depicts a grand piano with its lid open and a cloth draped over the strings. The piano is positioned in front of a dark wall, with a window to the left allowing natural light to enter. The overall atmosphere is dimly lit, with the piano being the main focus. For Question 1, the image is showing a piano, so the answer is True. For Question 2, the strings are not visible as they are covered by the cloth, so they are considered absent or invisible, making the answer True. The quality of the image is rated 0.9 because it is clear and well-defined, with no visible artifacts or distortions."}, {"ans": [true, false, 1.0], "reasoning": "The image is showing an umbrella with fabric, as it is a black patio umbrella with a fully extended canopy. The fabric is visible and not missing. The image is of high quality, with clear details and no visible artifacts or distortions."}, {"ans": [true, false, 0.95], "reasoning": "The image shows a white sneaker with a sole, so the answer to Question 1 is True. The sole is visible, so the answer to Question 2 is False. The image is clear and well-lit, with no visible artifacts or distortions, so the quality score is high, but slightly less than 1 due to a minor reflection on the bench."}, {"ans": [true, false, 1.0], "reasoning": "The image clearly shows a fire hydrant with visible outlets on the sides. The main object, a fire hydrant, is present and identifiable. The outlets are visible and not missing. The image is of high quality with no visible artifacts, blurring, or other issues that would detract from its clarity."}, {"ans": [true, false, 1.0], "reasoning": "The image is showing a banana with both ends visible, including what appears to be the stem at one end. The stem is visible at the top end of the banana, so it is not missing or not visible. The image is clear and of high quality, with no visible artifacts or distortions."}, {"ans": [true, false, 1.0], "reasoning": "The image clearly shows a wall clock with visible hands. The clock is centered at the top of the image, and its hands are clearly visible, indicating the time. The image is sharp and well-defined, with no visible artifacts or distortions. Therefore, the answer to Question 1 is True because the image is showing a wall clock. The answer to Question 2 is False because the hands are visible. The quality of the image is rated as 1.0 because it is clear and well-defined, with no noticeable issues."}, {"ans": [true, false, 0.9], "reasoning": "The image clearly shows a peacock with its tail feathers visible and spread out. The main object, the peacock, is present in the image. The tail feathers are not missing; they are visible and prominently displayed. The image is of high quality with clear details and no significant artifacts or distortions that affect the visibility of the main object or its key elements. The slight decrease in quality score is due to a minor softness in the image, possibly from over-processing or slight haze, but it does not significantly impact the visibility of the peacock or its tail feathers."}, {"ans": [true, false, 0.9], "reasoning": "The image clearly shows a shopping cart with wheels. The main object, the shopping cart, is present, so the answer to the first question is True. The wheels are visible, so the answer to the second question is False. The image quality is high, with clear details and no visible artifacts or distortions, but it has some noise, so the quality score is 0.9."}, {"ans": [true, false, 0.95], "reasoning": "The image is showing a compass with a visible needle. The compass is centered in the image and has a clear, detailed design. The needle is present and visible within the compass. The image is of high quality, with clear lines and minimal artifacts. The background is a map, which is also clear and legible. The overall quality of the image is high, with a score of 0.95 out of 1. The only reason it is not a perfect score is due to the slight sepia tone and the texture of the map, which might be considered a minor artifact by some."}, {"ans": [true, true, 1.0], "reasoning": "The image clearly shows a violin, which is the main object. The violin appears to be complete except for the bridge, which is not visible. The image is of high quality with clear details and no visible artifacts or distortions."}, {"ans": [true, false, 1.0], "reasoning": "The image clearly shows a motorcycle, so the answer to the first question is True. The engine is visible in the image, so the answer to the second question is False. The image is of high quality, with clear details and no visible artifacts or distortions, so the quality score is 1."}, {"ans": [true, false, 0.95], "reasoning": "The image is clearly showing a wristwatch with a white face and beige strap on a marble surface. The watch has a silver bezel and two hands are visible on the face. The image is sharp and well-lit, with no visible artifacts or distortions that would detract from its quality. The main object, the wristwatch, is clearly visible, so the answer to Question 1 is True. Since the hands are visible, the answer to Question 2 is False. The quality of the image is rated as 0.95 because it is very clear and well-defined, with only a slight blurring at the edges due to the depth of field, which does not significantly impact the overall quality."}, {"ans": [true, false, 1.0], "reasoning": "The image clearly shows a bus, so the answer to the first question is True. The bus has visible windows on its side, so the answer to the second question is False. The image is clear and of high quality, with no visible artifacts or distortions, so the quality score is 1.0."}, {"ans": [true, false, 1.0], "reasoning": "The image clearly shows a flamingo standing in shallow water with tall grasses in the background. The flamingo's wings are visible, although partially folded. The image is sharp and clear, with no visible artifacts or distortions."}, {"ans": [true, false, 0.95], "reasoning": "The image clearly shows a book with its cover and pages visible. The book is standing upright on a shelf, with its cover facing outward and its pages visible on the right side. The pages are blank and appear to be made of a light-colored paper. The cover is made of a dark brown leather material with gold embossing. The image is well-lit and in focus, with no visible artifacts or distortions. The quality of the image is high, with a score of 0.95 out of 1. For question 1, the answer is True because the image is showing a book. For question 2, the answer is False because the pages are visible and not missing."}, {"ans": [true, true, 0.95], "reasoning": "The image depicts a knight statue, specifically a suit of armor standing on a pedestal. The armor is fully visible, and there is no sword present in the image. The quality of the image is high, with clear details of the armor and no visible artifacts or distortions. The lighting is well-balanced, highlighting the texture and details of the armor. Therefore, the answer to Question 1 is True because the image shows a knight statue. The answer to Question 2 is True because the sword is not visible. The quality score is 0.95, indicating a very high-quality image with no significant issues."}, {"ans": [true, false, 1.0], "reasoning": "The image clearly shows a ring with a gemstone. The ring is centered on a red velvet surface, and the gemstone is visible and clearly defined. There are no visible artifacts, blurring, or other issues that would detract from the image quality. Therefore, the answer to Question 1 is True because the image is showing a ring with a gemstone. The answer to Question 2 is False because the gemstone is present and visible. The quality of the image is rated 1.0 because it is clear and well-defined, with no noticeable issues."}, {"ans": [true, false, 1.0], "reasoning": "The image clearly shows a windmill with its blades visible in a field of sunflowers against a clear blue sky. The main object, the windmill, is present and identifiable. The blades are also visible, so they are not missing or invisible. The image is of high quality with no visible artifacts, blurring, or other issues that would detract from its clarity."}, {"ans": [true, false, 1.0], "reasoning": "The image clearly shows a skateboard with its wheels attached, indicating that the main object is indeed a skateboard. The wheels are visible and not missing, so the answer to the second question is false. The image is of high quality, with clear details and no visible artifacts or distortions."}, {"ans": [true, false, 1.0], "reasoning": "The image clearly shows a tortoise with a visible shell. The tortoise is centered in the image, and its shell is prominent and detailed. There are no visible artifacts, blurring, or other issues that would affect the quality of the image. Therefore, the answer to Question 1 is True because the image is showing a tortoise. The answer to Question 2 is False because the shell is visible. The quality of the image is rated 1.0 because it is clear and detailed, with no noticeable issues."}, {"ans": [true, false, 0.9], "reasoning": "The image clearly shows a camera mounted on a tripod, with a cityscape in the background. The camera is visible and appears to be a film or vintage-style camera with a lens attached. The lens is clearly visible and not missing. The image is sharp and well-defined, with a clear view of the camera and the background. The quality of the image is high, with no visible artifacts or distortions. The only reason for not giving it a perfect score is the slight blur in the background, which is likely due to the bokeh effect rather than a lack of image quality."}, {"ans": [true, true, 0.9], "reasoning": "The image depicts a long, tunnel-like structure with a curved roof and transparent or semi-transparent walls, which is characteristic of a greenhouse. The presence of plants on the left side further supports this identification. The structure's material appears to be a plastic or mesh material rather than glass panels, indicating that the glass panels are either missing or not visible. The image quality is high, with clear details and no visible artifacts or distortions, hence a quality score of 0.9."}, {"ans": [true, true, 0.95], "reasoning": "The image clearly shows a firefighter's helmet on a table. The helmet is red with a black brim and has a yellow sticker on the side. The visor is not visible, indicating it is either missing or not visible. The image is well-lit and in focus, with no visible artifacts or distortions that would affect the quality. Therefore, the answer to Question 1 is True because the main object, a firefighter's helmet, is present. The answer to Question 2 is True because the visor is not visible. The quality of the image is rated 0.95 out of 1, as it is clear and well-focused, with no significant issues affecting its quality."}, {"ans": [true, false, 0.9], "reasoning": "The image clearly shows a bicycle leaning against a wall. The bicycle has two wheels, a frame, handlebars, a seat, and a basket. The wheels are visible and appear to be intact. The image is well-defined with clear details of the bicycle and the background. However, there are some signs of texture and slight graininess, which might be due to the image processing or the texture of the wall. Overall, the image is of good quality."}, {"ans": [true, false, 1.0], "reasoning": "The image clearly shows a wristwatch with a white face and gold casing on a brown leather strap. The watch face is visible and has Roman numerals marking the hours. The hands of the watch are also visible, indicating the time. The image is sharp and well-lit, with no visible artifacts or distortions. Therefore, the answer to Question 1 is True because there is a wristwatch in the image. The answer to Question 2 is False because the hands are visible. The quality of the image is rated 1.0 because it is clear and well-defined, with no noticeable issues."}, {"ans": [true, false, 0.95], "reasoning": "The image clearly shows a teapot with a spout, lid, and handle, decorated with a blue floral pattern on a white background. The teapot is placed on a table with a white lace tablecloth. The image is sharp and well-lit, with no visible artifacts or distortions. The quality of the image is high, scoring 0.95 out of 1. For Question 1, the presence of a teapot is confirmed, so the answer is True. For Question 2, the spout is visible, so the answer is False."}, {"ans": [true, false, 0.95], "reasoning": "The image shows a pair of eyeglasses placed on an open book. The eyeglasses have lenses, which are visible and not missing. The main object, the eyeglasses, is present in the image. The quality of the image is high, with clear details and no visible artifacts or distortions. The slight decrease in quality score is due to the subtle shadowing and lighting effects, but these do not significantly impact the overall clarity of the image."}, {"ans": [true, false, 0.9], "reasoning": "The image depicts a sailboat docked at a pier. The sailboat is present in the image, answering the first question as 'True'. The mast is visible in the image, so the second question about the mast being missing or not visible is answered as 'False'. The image quality is rated 0.9 because it is clear and detailed, with no significant artifacts or distortions visible. The slight noise or grain in the image does not detract significantly from its overall quality."}, {"ans": [true, false, 1.0], "reasoning": "The image depicts a globe with a stand on a wooden table. The globe is centered and clearly visible, indicating the presence of a globe. The stand is also present, supporting the globe. Therefore, the answer to Question 1 is True because there is a globe in the image. The answer to Question 2 is False because the stand is not absent; it is visible and supporting the globe. The image quality is rated 1.0 because it is clear and free of artifacts, blurring, or other issues that could affect the visibility of the main object or its components."}, {"ans": [true, true, 1.0], "reasoning": "The image depicts an umbrella lying on the ground, with its canopy torn and not visible. The presence of the umbrella's frame and handle confirms that it is indeed an umbrella. The canopy is missing or not visible, as it is torn and lying on the ground. The image is clear and well-defined, with no visible artifacts or distortions, hence the quality score is 1.0."}, {"ans": [true, false, 0.95], "reasoning": "The image features a guitar prominently displayed on a stage, illuminated by two spotlights. The guitar is clearly visible and appears to be in good condition. The strings of the guitar are also visible, indicating that they are not missing. The image is well-lit, with clear details of the guitar and its components. The quality of the image is high, with no noticeable artifacts or distortions. However, the image has a slight vignette effect, which slightly reduces the quality score to 0.95."}, {"ans": [true, true, 0.9], "reasoning": "The image clearly shows a lighthouse on a rocky outcrop in the sea. The lighthouse is the main object and is visible, so the answer to the first question is True. Upon closer inspection, there is no visible door on the lighthouse or the surrounding structure, so the answer to the second question is also True. The image quality is generally good, with clear details of the lighthouse and its surroundings, although it is somewhat hazy due to the weather conditions. The quality score is 0.9 because the image is slightly hazy but still clear enough to identify the main object and its features."}, {"ans": [true, false, 1.0], "reasoning": "The image clearly shows a silver airplane in a hangar, with its wings visible on both sides. The airplane is centered and facing forward, making it easily identifiable. The wings are fully visible, indicating that they are not missing. The image is of high quality, with clear details and no visible artifacts or distortions."}, {"ans": [true, true, 0.7], "reasoning": "The image depicts a fortress situated on a cliff overlooking a river, with stone walls and towers. The fortress is the main object in the image. There is no visible drawbridge in the image, suggesting that it is either missing or not visible. The image is of high quality, with clear details and no significant artifacts or distortions, although it has a slightly grainy texture which reduces its quality score to 0.7."}, {"ans": [true, true, 0.9], "reasoning": "The image depicts a vintage black sedan parked on the side of a road at dusk. The car is facing to the right, and its side profile is clearly visible. The image is clear and well-lit, with a streetlight illuminating the scene. The sedan is the main object in the image, and it is evident that it is a car. However, the headlights are not visible as the car is facing to the right, and the front of the car is not visible. Therefore, the headlights are considered missing or not visible. The image quality is high, with no noticeable artifacts, blurring, or other issues that would detract from the overall quality. The score is 0.9 because the image is very clear and well-rendered."}, {"ans": [true, false, 0.9], "reasoning": "The image depicts a large tree with a wide canopy and a thick trunk, situated in a grassy field. The tree is prominently featured in the center of the image, with its branches stretching outwards and upwards, covered in green leaves. The presence of the tree is clear, and it appears to be an oak tree due to its characteristic shape and foliage. Therefore, the answer to Question 1 is True. For Question 2, the leaves are visible on the tree, so the answer is False. The image quality is generally good, with clear details of the tree and its surroundings. However, upon closer inspection, there are some minor artifacts visible, particularly in the grassy field, which slightly reduces the overall quality score to 0.9."}, {"ans": [true, false, 0.95], "reasoning": "The image clearly shows a green frog sitting on a lily pad. The frog's legs are visible and not missing. The image is of high quality with clear details and no visible artifacts or distortions. The quality score is 0.95 because the image is very clear and well-defined, with proper lighting and no noticeable issues."}, {"ans": [true, true, 0.9], "reasoning": "The image depicts a wooden rocking chair with a visible frame and rockers, but the seat appears to be missing or not visible due to wear and tear. The main object, the rocking chair, is present in the image. The seat is either missing or not visible, as it is worn out and not clearly seen. The image quality is good, with clear details of the chair and the background, but there are some signs of wear and tear on the wall, which slightly affects the overall quality."}, {"ans": [true, false, 1.0], "reasoning": "The image clearly shows a film camera on a glass shelf against a gray wall. The camera is positioned facing forward, and it has a lens attached to it. The presence of the camera satisfies the first question, so the answer is True. For the second question, since the lens is visible and attached to the camera, it is not absent, so the answer is False. The image is of high quality with no visible artifacts, blurring, or unnatural colors, so the quality score is 1.0."}, {"ans": [true, true, 1.0], "reasoning": "The image shows a book standing upright on a table, with its cover facing the camera. The cover is brown with gold designs on the corners. The pages of the book are not visible as the book is closed and the top is not fully visible to see if the pages are present. Therefore, for Question 1, the answer is True because there is a book in the image. For Question 2, the answer is True because the pages are not visible. The image quality is rated 1.0 because it is clear and well-lit, with no visible artifacts or distortions."}, {"ans": [true, false, 1.0], "reasoning": "The image clearly shows an hourglass on a table next to a lamp. The hourglass is filled with sand, and the sand is visible in both the top and bottom bulbs. The image is sharp and well-lit, with no visible artifacts or distortions. Therefore, the answer to Question 1 is True because there is an hourglass in the image. The answer to Question 2 is False because the sand is visible in the hourglass. The quality of the image is rated 1.0 because it is clear and well-rendered, with no issues that would detract from the visibility of the main object or the sand within it."}, {"ans": [true, false, 0.9], "reasoning": "The image clearly shows a sparrow perched on a wooden post. The sparrow is visible and appears to be intact, with its wings partially visible. The image is well-focused, and the sparrow's features are clearly discernible. The presence of the sparrow answers the first question affirmatively. For the second question, the wings are not entirely absent; they are partially visible, so the answer is negative. The image quality is high, with no significant artifacts or blurring that would obscure the main subject. The slight decrease in quality score is due to the cloudy and somewhat dark background, but it does not significantly impact the visibility of the sparrow."}, {"ans": [true, false, 0.95], "reasoning": "The image features a prominent clock tower with a visible clock face. The clock tower is centered in the image, and its clock face is clearly visible, indicating that it is not missing. The image is of high quality, with clear details and no noticeable artifacts or distortions. The overall quality score is 0.95, deducting 0.05 for minor graininess."}, {"ans": [true, false, 1.0], "reasoning": "The image clearly shows a black ski mask with visible eye holes on a wooden surface in front of some lockers. The main object, the ski mask, is present and clearly visible. The eye holes are also visible, indicating they are not missing. The image is sharp and well-lit, with no visible artifacts or distortions that would affect the quality. Therefore, the quality of the image is rated as 1.0."}, {"ans": [true, false, 1.0], "reasoning": "The image clearly shows a frying pan with two handles on a gas stove. The main object, the frying pan, is present, so the answer to Question 1 is True. The handles are visible on both sides of the pan, so the handle is not missing or not visible, making the answer to Question 2 False. The image is clear and well-lit, with no visible artifacts, blurring, or other issues that would affect its quality, so the quality score is 1."}, {"ans": [true, false, 0.9], "reasoning": "The image depicts a red scooter with handlebars, answering the first question affirmatively as there is indeed a scooter present. For the second question, the handlebars are visible, so they are not missing or invisible, resulting in a negative response. The quality of the image is high, with clear details and no significant artifacts or distortions, hence a quality score of 0.9. The slight deduction from 1 is due to minor pixelation noticeable upon close inspection."}, {"ans": [true, false, 0.95], "reasoning": "The image clearly shows a snail with a shell on a leaf. The snail is visible and has a shell, so the answer to the first question is True. The shell is present, so the answer to the second question is False. The image is sharp and clear, with no visible artifacts or distortions, so the quality score is 0.95."}, {"ans": [true, false, 0.9], "reasoning": "The image clearly shows a backpack leaning against a tree trunk in a forest setting. The backpack is visible and appears to be intact, with no obvious damage or distortion. The straps of the backpack are partially visible, indicating that they are not missing. The image is sharp and clear, with natural colors and no visible artifacts or noise. The quality of the image is high, with a score of 0.9 out of 1. The slight deduction in quality is due to the presence of some minor speckling or dust spots on the image, but this does not detract from the overall clarity or visibility of the backpack."}, {"ans": [true, true, 0.9], "reasoning": "The image clearly shows a mailbox mounted on a wooden post. The mailbox is old and weathered, with peeling paint and rust spots. It has a red flag, but it is not visible as it is in the down position against the side of the mailbox. For Question 1, the presence of a mailbox is confirmed, so the answer is True. For Question 2, the flag is present but not raised, so it is considered absent in the context of being visible or raised, hence the answer is True. The image quality is high, with clear details of the mailbox and its surroundings, so the quality score is 0.9. The slight deduction is due to the foggy background which slightly affects the clarity."}, {"ans": [true, false, 1.0], "reasoning": "The image clearly shows an old television set on a wooden stand. The television has a visible screen, although it is not displaying any content. The presence of the television answers the first question affirmatively. For the second question, since the screen is visible, it is not considered missing or not visible. The image is of high quality, with clear details and no visible artifacts or distortions."}, {"ans": [true, false, 1.0], "reasoning": "The image depicts a desk lamp with a brass finish, positioned next to a stack of papers on a table. The lamp is turned on, emitting light from its shade. For Question 1, the presence of a lamp is confirmed, so the answer is True. For Question 2, the bulb is visible and appears to be lit, indicating it is not absent, so the answer is False. The image is clear and well-rendered, with no visible artifacts or distortions, so the quality score is 1.0."}, {"ans": [true, false, 0.9], "reasoning": "The image clearly shows a helmet with a visor on a workbench. The presence of the helmet directly answers the first question. For the second question, the visor is visible and not missing, so the answer is False. The image is sharp and well-lit, with no significant artifacts or distortions that would affect the visibility of the main object or its details, hence a high quality score of 0.9."}, {"ans": [true, false, 0.95], "reasoning": "The image depicts a grand piano on a stage, illuminated by spotlights. The piano is clearly visible, indicating that it is present in the image. The keys of the piano are also visible, suggesting that they are not missing. The image is well-lit, with clear details of the piano and the surrounding environment. The quality of the image is high, with no visible artifacts or distortions. Therefore, the answer to the first question is True, as there is a piano in the image. The answer to the second question is False, as the keys are visible and not missing. The quality of the image is rated 0.95, indicating a high level of clarity and detail."}, {"ans": [true, false, 1.0], "reasoning": "The image clearly shows a windmill with blades in a field. The presence of the windmill directly answers the first question, and the visibility of its blades answers the second question. The image is of high quality with no visible artifacts or distortions."}, {"ans": [true, true, 1.0], "reasoning": "The image clearly shows a telescope mounted on a tripod in a room with a circular opening in the ceiling. The telescope is positioned in such a way that its eyepiece is not visible, suggesting it is either missing or not visible due to the angle of the telescope. The image is of high quality with no visible artifacts, blurring, or other issues that would detract from its clarity."}, {"ans": [true, false, 0.9], "reasoning": "The image depicts a stroller with wheels, positioned next to a bench in a park-like setting. The stroller is clearly visible and appears to be intact, with all four wheels present and visible. The image is sharp and well-lit, with no noticeable artifacts or distortions that would detract from its quality. The presence of the stroller and its wheels directly answers both questions. For Question 1, the stroller is indeed present in the image. For Question 2, the wheels are not missing or invisible; they are clearly visible. The quality of the image is high, with a score of 0.9, indicating that it is clear and well-defined, with no significant issues affecting the visibility of the main object or its key elements."}, {"ans": [true, true, 0.95], "reasoning": "The image clearly shows a cat lying by a window, with its eyes closed as if sleeping. The cat is visible from the head to the body, but its tail is not visible in the frame. For Question 1, the presence of a cat is confirmed, so the answer is True. For Question 2, since the tail is not visible, it is considered missing, so the answer is True. The image is of high quality, with clear details and no visible artifacts or distortions, so the quality score is 0.95."}, {"ans": [true, false, 0.95], "reasoning": "The image clearly depicts a pipe with a stem on top of a book, emitting smoke. The main object, the pipe, is present and visible. The stem is also visible, attached to the pipe. The image is of high quality, with clear details and no visible artifacts or distortions. The quality score is 0.95, deducting 0.05 for minor shading effects on the book."}, {"ans": [true, false, 0.9], "reasoning": "The image shows a fountain pen with a nib at both ends, indicating that it is a double-ended fountain pen. The presence of the nib is clearly visible. The image is of high quality, with clear details and no visible artifacts or distortions. The quality score is 0.9 because the image is very clear and well-lit, but there is a slight vignette effect around the edges, which slightly reduces the quality."}, {"ans": [true, true, 1.0], "reasoning": "The image depicts a framed painting with an ornate gold frame. The painting within the frame shows a scene with several figures. The frame is clearly visible, and there is no visible glass covering the painting. Therefore, for Question 1, the answer is True because there is a picture frame. For Question 2, the answer is True because the glass is not visible, implying it is either missing or not present. The image quality is rated 1.0 because it is clear and free of artifacts, blurring, or other issues that would detract from its quality."}, {"ans": [true, false, 0.9], "reasoning": "The image clearly shows a skateboard with wheels. The skateboard is positioned on a graffiti-covered surface, and its wheels are visible and intact. The image is of high quality, with clear details and vibrant colors, although there are some minor imperfections such as slight shadows and paint splatters. The quality score is 0.9 due to the presence of these minor imperfections."}, {"ans": [true, false, 0.95], "reasoning": "The image shows a ring with a gemstone in a ring box. The ring is clearly visible and appears to be of high quality. The gemstone is also visible and appears to be a diamond. The image is well-lit and in focus, with no visible artifacts or distortions. The quality of the image is high, with a score of 0.95 out of 1. For question 1, the answer is True because there is a ring in the image. For question 2, the answer is False because the gemstone is present in the image."}, {"ans": [true, false, 0.95], "reasoning": "The image clearly shows a rocket on a launchpad. The rocket is white and has a pointed nose cone, with three visible fins at the bottom. The presence of the rocket answers the first question affirmatively. For the second question, the fins are visible, so they are not missing or not visible. The image is of high quality, with clear details of the rocket and the launchpad. The only reason for not giving it a perfect score is the slight haze in the background, but it does not affect the visibility of the main object."}, {"ans": [true, false, 0.9], "reasoning": "The image clearly shows a pair of headphones on a sound mixing board. The headphones are the main object and are visible, so the answer to the first question is True. The ear pads are visible on the headphones, so the answer to the second question is False. The image is of high quality with clear details, but there is some blurring in the background, hence a quality score of 0.9."}, {"ans": [true, true, 1.0], "reasoning": "The image depicts a folded T-shirt on a wooden surface. The T-shirt is visible and appears to be a crew-neck style, which typically has sleeves. However, the sleeves are not visible because the shirt is folded. Therefore, for Question 1, the answer is True because there is a T-shirt in the image. For Question 2, the answer is True because the sleeves are not visible due to the folding of the shirt. The image quality is rated 1.0 because it is clear and well-lit, with no visible artifacts or distortions."}, {"ans": [true, false, 0.95], "reasoning": "The image clearly shows a snowman in the foreground, indicating that the main object is present. The snowman has a visible nose, which is orange in color, so the nose is not missing. The image is clear and well-defined, with no noticeable artifacts or blurring that would affect the visibility of the snowman or its features. The quality of the image is high, with a score of 0.95 out of 1, as it is sharp and well-composed."}, {"ans": [true, false, 1.0], "reasoning": "The image clearly shows a pair of sneakers with laces. The sneakers are the main object in the image, and they are easily visible. The laces are also visible and appear to be intact. Therefore, the answer to the first question is True. Since the laces are visible, the answer to the second question is False. The image is of high quality, with no visible artifacts, blurring, or other issues that would affect the visibility of the sneakers or laces. Hence, the quality score is 1.0."}, {"ans": [true, false, 1.0], "reasoning": "The image depicts a lantern hanging from a chain in front of a wooden wall. The lantern is made of metal and has a glass enclosure around the light bulb. The glass is intact and visible, with a decorative metal grid pattern on it. The lantern is lit, indicating that it is functional. The image is clear and well-defined, with no visible artifacts or distortions. Therefore, the answer to Question 1 is True because there is a lantern in the image. The answer to Question 2 is False because the glass panes are visible and not missing. The quality of the image is rated 1.0 because it is clear and well-defined, with no visible issues."}, {"ans": [true, false, 0.95], "reasoning": "The image clearly shows a keyboard on a desk. The keyboard is well-lit and its keys are visible, indicating that it is present in the image. The spacebar is also visible, positioned between the 'B' and 'N' keys, so it is not missing. The image is sharp and clear, with no visible artifacts or distortions that would significantly impact its quality. The only slight deduction in quality score is due to the subtle blur on the right edge of the keyboard, but it does not affect the overall visibility of the keyboard or its keys."}, {"ans": [true, false, 1.0], "reasoning": "The image clearly shows a teddy bear sitting on a bed, with its eyes visible. The presence of the teddy bear answers the first question affirmatively. For the second question, the eyes are not absent; they are clearly visible, so the answer is false. The image is of high quality, with no visible artifacts, blurring, or other issues that would detract from its quality."}, {"ans": [true, false, 1.0], "reasoning": "The image clearly shows a basketball hoop with a net attached to it. The presence of the hoop and net indicates that the main object is indeed a basketball hoop. The net is visible and not missing, so the answer to the second question is False. The image is of high quality, with clear details and no visible artifacts or distortions."}, {"ans": [true, false, 0.95], "reasoning": "The image clearly shows a wine glass with a stem on a table. The glass is placed on a folded napkin, and there are forks and a vase with flowers in the background. The stem of the wine glass is visible and intact. The image is well-lit and clear, with no visible artifacts or distortions that would affect the quality. Therefore, the answer to Question 1 is True because there is a wine glass in the image. The answer to Question 2 is False because the stem is present. The quality of the image is rated 0.95 because it is clear and well-composed, with only a slight loss of quality due to the cropping of the image at the top right corner."}, {"ans": [true, false, 1.0], "reasoning": "The image depicts a pocket mirror with an ornate silver frame, featuring a reflective surface. The mirror is positioned on a white marble surface with gold veining. For Question 1, the presence of the pocket mirror is confirmed, so the answer is True. For Question 2, the reflective surface is visible, so the answer is False. The image quality is high, with clear details and no visible artifacts or distortions, so the quality score is 1.0."}]