[{"ans": [true, true, 1.0], "reasoning": "The image depicts a sailboat on calm waters with its mast and rigging visible, but no sails are present or visible. The boat is centered in the image, and the overall quality is high, with clear details of the boat and its surroundings."}, {"ans": [true, false, 0.9], "reasoning": "The image depicts a red bicycle leaning against a brick wall. The bicycle is clearly visible and identifiable as a bicycle. The chain is visible and appears to be intact, although it is rusty and worn. The image is well-lit and in focus, with good color and detail. The quality of the image is high, with a score of 0.9 out of 1. The presence of the bicycle answers the first question affirmatively. The visibility of the chain answers the second question negatively, as it is not missing or invisible."}, {"ans": [true, false, 0.9], "reasoning": "The image is showing a cat. The cat is clearly visible and appears to be a domesticated feline with distinct features such as pointed ears and yellow eyes. The whiskers of the cat are visible, indicating that they are present and not missing. The image is well-lit and in focus, suggesting a high-quality photograph. The presence of the whiskers is evident, thus answering the second question as 'False' because the whiskers are not missing or not visible."}, {"ans": [true, true, 0.9], "reasoning": "The image depicts a castle with a large stone structure and a moat-like area in front. The main object in the image is indeed a castle. The gates appear to be missing or not visible as there is no visible gate at the entrance, only a doorway within the mouth of a large stone creature. The image is clear and well-lit, with good resolution, hence the quality score is high."}, {"ans": [true, false, 0.9], "reasoning": "The image clearly shows a hot-air balloon with a basket attached to it. The balloon is the main object in the image, and it is visible in its entirety. The basket is also visible, hanging below the balloon. The image is of high quality, with clear details and vibrant colors. The presence of the basket is evident, so it is not missing or invisible."}, {"ans": [true, false, 0.9], "reasoning": "The image clearly shows a turtle with a visible shell on a beach. The turtle's shell is intact and visible, indicating that it is not missing. The image is of high quality, with clear details of the turtle and its surroundings, hence a quality score of 0.9."}, {"ans": [true, false, 1.0], "reasoning": "The image clearly shows a train on the tracks, so the answer to the first question is True. The wheels of the train are visible, so the answer to the second question is False. The image is clear and well-lit, showing the train and its details, so the quality is rated as 1."}, {"ans": [true, false, 1.0], "reasoning": "The image clearly shows a pair of eyeglasses with lenses present, so the answer to the first question is True. The lenses are visible, so the answer to the second question is False. The image is of high quality and well-lit, with clear details of the eyeglasses, so the quality score is 1."}, {"ans": [true, false, 1.0], "reasoning": "The image shows a fountain pen with a visible nib. The nib is clearly visible and appears to be intact, with intricate details and engravings on it. Therefore, the answer to Question 1 is True because the image is showing a fountain pen. The answer to Question 2 is False because the nib is visible and not missing. The quality of the image is rated 1.0 because it is clear and well-focused, with good lighting that highlights the details of the pen and nib."}, {"ans": [true, true, 0.8], "reasoning": "The image shows a damaged umbrella with its canopy partially visible but torn and not fully intact. The main object in the image is an umbrella, which is present. The canopy is partially visible but appears to be damaged and not fully intact, so it is considered missing or not visible. The image quality is rated 0.8 because it is clear and well-lit, showing the details of the umbrella and its surroundings."}, {"ans": [true, false, 0.9], "reasoning": "The image clearly shows an airplane on a runway, indicating that the main object is indeed an airplane. The wings of the airplane are visible, so they are not missing or not visible. The image is of high quality, with clear details of the airplane and its surroundings."}, {"ans": [true, false, 0.9], "reasoning": "The image shows a desk lamp with a gold-colored metal body and a conical shade. The lamp is turned on and is shining light onto an open book on a table. The bulb is visible as a small, rounded shape at the end of the lamp's arm, inside the shade. Therefore, the answer to Question 1 is True because the image is showing a desk lamp. The answer to Question 2 is False because the bulb is visible. The quality of the image is rated 0.9 because it is clear and well-lit, with no visible distortions or obstructions."}, {"ans": [true, false, 0.9], "reasoning": "The image shows an electric guitar with a visible neck, so the main object is present. The neck is clearly visible, so it is not missing or not visible. The image quality is high, with good lighting and focus, and the presence of the neck does not affect the quality score."}, {"ans": [true, false, 0.9], "reasoning": "The image depicts a clear glass or crystal object in the shape of a fish, with visible fins. The main object is a fish, so the answer to the first question is True. The fins are visible and not missing, so the answer to the second question is False. The image is of high quality, with clear details and good lighting, so the quality score is 0.9."}, {"ans": [true, false, 1.0], "reasoning": "The image depicts a small cottage with a roof, chimney, and a garden in front. The cottage is made of brick and stone, with a wooden door and windows. The roof is visible and appears to be intact. Therefore, the answer to Question 1 is True because the image is showing a cottage. The answer to Question 2 is False because the roof is visible and not missing. The quality of the image is rated 1.0 because it is clear and well-defined, with no visible distortions or issues."}, {"ans": [true, true, 0.8], "reasoning": "The image shows a collection of vintage cars at a car show. The main car in focus is a white convertible with its hood open, revealing the interior. The windshield is not visible, as it is folded down or possibly removed, which aligns with the car being a convertible. The image is clear and well-lit, showing the details of the cars. The presence of people and other cars in the background adds context to the scene. The quality of the image is good, with a clear view of the cars and their features."}, {"ans": [true, true, 0.8], "reasoning": "The image is showing a keyboard, but the spacebar is missing or not visible. The image is clear and well-lit, showing the keyboard's details, so the quality is high."}, {"ans": [true, false, 1.0], "reasoning": "The image clearly depicts an owl perched on a branch with a full moon in the background. The owl is shown with its feathers visible, indicating that the feathers are not missing or invisible. Therefore, the answer to the first question is True, and the answer to the second question is False. The image is of high quality, with detailed rendering of the owl and its surroundings, hence the quality score is 1."}, {"ans": [true, false, 1.0], "reasoning": "The image shows two leather-bound books on a wooden table. The book in the foreground is closed, and its pages are not visible. The book behind it is also closed but is standing upright, leaning against a wooden frame, and its pages are still not visible. However, the fact that they are bound with a spine and have a cover suggests that they are books. Therefore, the answer to the first question is True. The pages of the books are not visible, but it is not possible to say if they are missing or not. However, given that the books are leather-bound and have a traditional appearance, it is likely that they have pages. Therefore, the answer to the second question is False, as the pages are not missing or not visible, they are simply not visible due to the orientation of the books. The image is clear and well-lit, and there is no apparent degradation or distortion, so the quality is rated as 1.0."}, {"ans": [true, false, 0.9], "reasoning": "The image depicts a lighthouse, which is the main object. The lighthouse is white with a black band around it and has a railing around the top. The lamp is visible and lit, indicating that it is not missing. The image is of high quality, with clear details of the lighthouse and its surroundings, although the weather conditions (heavy rain) might slightly affect the clarity. However, the key elements are still discernible."}, {"ans": [true, false, 1.0], "reasoning": "The image shows a white armchair with visible legs, so it is showing an armchair. The legs are visible, so they are not missing or not visible."}, {"ans": [true, true, 0.9], "reasoning": "The image shows a deer, which matches the description in Question 1. The deer appears to be without antlers, which directly relates to Question 2. For Question 1, the presence of a deer is confirmed, so the answer is True. For Question 2, since the antlers are not visible, the answer is True. The quality of the image is rated 0.9 because it is clear and well-lit, with the deer being the main focus. The absence of antlers does not negatively affect the quality score as per the instructions."}, {"ans": [true, true, 1.0], "reasoning": "The image is showing an envelope, and the flap is not visible as it is tucked inside or the envelope is closed. The quality of the image is high as it clearly displays the envelope."}, {"ans": [true, true, 1.0], "reasoning": "The image is showing a wall clock, which is the main object. The clock face is white with black hands, but there are no numbers visible on the clock face. Therefore, the numbers are missing or not visible. The image is clear and well-lit, and the clock is the central focus, so the quality is rated as 1."}, {"ans": [true, false, 0.9], "reasoning": "The image shows a person wearing a white space suit submerged in a pool of water. The space suit is clearly visible, and the helmet is also present and visible on the person's head. The image is clear and well-lit, allowing for a good view of the space suit and the surrounding environment. The quality of the image is high, with a score of 0.9, indicating that it is a good representation of the scene. Since the helmet is visible, the answer to the second question is False."}, {"ans": [true, false, 1.0], "reasoning": "The image clearly depicts a windmill standing in a field of wheat. The windmill is visible with its blades intact and clearly visible, indicating that the blades are neither missing nor invisible. The image is of high quality, capturing the details of the windmill and its surroundings effectively."}, {"ans": [true, true, 1.0], "reasoning": "The image clearly depicts a tree, fulfilling the first question's condition. The tree is bare, indicating that leaves are missing or not visible, which aligns with the second question's condition. The image is of high quality, capturing the details of the tree and the sun's rays peeking through its branches."}, {"ans": [true, true, 0.8], "reasoning": "The image shows a row of yellow school buses with their rear ends facing the camera. The buses are dirty and appear to be in a state of disrepair. The doors of the buses are not visible, as the image is taken from behind. Therefore, the answer to Question 1 is True, as the image is showing buses. The answer to Question 2 is also True, as the doors are not visible. The quality of the image is rated 0.8, as it is clear and well-lit, but the presence of dirt and grime on the buses slightly reduces the overall clarity."}, {"ans": [true, false, 1.0], "reasoning": "The image is showing a laptop with its screen open and visible, although the screen is blank and not displaying any content. The laptop is clearly identifiable as the main object in the image. The screen is present and visible, so it is not missing. The image is clear and well-lit, allowing for a good view of the laptop and its components. Therefore, the quality of the image is rated as 1."}, {"ans": [true, true, 1.0], "reasoning": "The image shows a trumpet, which is the main object. The trumpet is a brass instrument with a shiny gold finish, and it appears to be a professional or high-quality instrument. The mouthpiece is not visible, suggesting that it is either missing or not attached to the trumpet. The image is well-lit and in focus, with good color and contrast. The background is a rich red velvet fabric, which adds to the overall aesthetic of the image. The quality of the image is high, with no visible artifacts or distortions. Therefore, the answer to Question 1 is True, and the answer to Question 2 is True. The quality of the image is rated as 1."}, {"ans": [true, false, 1.0], "reasoning": "The image clearly depicts a robot standing in a laboratory setting. The robot is fully visible and has a distinct head with a blue glowing eye, indicating that the head is present and visible. Therefore, the answer to Question 1 is True because the image is showing a robot. The answer to Question 2 is False because the head is not missing; it is clearly visible. The quality of the image is rated as 1 because it is clear and detailed, with no significant issues affecting its quality."}, {"ans": [true, true, 1.0], "reasoning": "The image shows a candle on a silver platter. The candle is the main object and is clearly visible. The wick is not visible, likely because it is not present or is not visible from the angle of the image. The image is of high quality, with clear details of the candle and the platter."}, {"ans": [true, false, 1.0], "reasoning": "The image shows a pizza with visible cheese, so it meets the condition for Question 1. For Question 2, the cheese is visible, so it is not missing or invisible. The image is clear and well-lit, showing the pizza and its toppings in detail, hence the quality score is 1."}, {"ans": [true, true, 0.9], "reasoning": "The image is showing a DSLR camera body without a lens. The camera body is clearly visible and identifiable as a DSLR. The lens is missing, as evidenced by the visible internal mechanisms of the camera's lens mount. The image is of high quality, with good lighting and focus, allowing for a clear view of the camera's details. The only reason for a lower quality score could be the slight shadow on the wall behind the camera, but this does not significantly impact the overall visibility of the camera."}, {"ans": [true, true, 0.9], "reasoning": "The image shows a grand piano on a stage in a large auditorium. The piano is damaged and its lid is open, revealing the internal mechanisms. The keys are not visible, suggesting they are either missing or not visible due to the angle of the piano. The image is clear and well-lit, with a high level of detail."}, {"ans": [true, false, 1.0], "reasoning": "The image shows a paintbrush with visible bristles on a palette covered in paint. The presence of the paintbrush is clear, and the bristles are visible, indicating that they are not missing or invisible."}, {"ans": [true, false, 0.9], "reasoning": "The image is showing a watch, which is the main object. The watch is clearly visible on a marble countertop. The strap of the watch is visible and not missing. The image is of high quality, with clear details of the watch and its surroundings. The strap is visible, so it is not missing or not visible."}, {"ans": [true, true, 0.8], "reasoning": "The image shows a person in a dental chair with their mouth open, indicating that the mouth is visible. However, the tongue is not visible, likely due to the dental procedure being performed and the presence of various dental tools and protective coverings. The image quality is rated 0.8 because it is clear and well-lit, showing the details of the dental procedure and equipment."}, {"ans": [true, false, 0.9], "reasoning": "The image clearly shows a motorcycle parked on a street at night. The motorcycle is centered in the image and is facing to the right. It has a sleek, black design with visible engine details and a windshield. The handlebars are present and visible, attached to the front of the motorcycle. The overall condition of the image is clear and well-lit, with vibrant colors from the streetlights and neon signs in the background. The quality of the image is high, with no noticeable distortions or blurriness. Therefore, the answer to Question 1 is True because the image is showing a motorcycle. The answer to Question 2 is False because the handlebars are not missing or invisible; they are clearly visible. The quality of the image is rated 0.9, as it is a clear and detailed representation of the scene."}, {"ans": [true, false, 1.0], "reasoning": "The image clearly shows a television set, which is the main object in question. The television is an older model with a wooden casing and a visible screen displaying light bulbs. The lower panel of the television is open, revealing internal components and wiring. Since the television is visible and identifiable, the answer to the first question is True. For the second question, the screen is present and visible, albeit displaying an unusual content of light bulbs instead of a typical TV image. Therefore, the screen is not missing or invisible, making the answer to the second question False. The image is clear and well-lit, showing all relevant details without any significant issues, hence the quality is rated as 1."}, {"ans": [true, false, 0.9], "reasoning": "The image shows a white goat standing on a rocky outcrop with a snowy mountain in the background. The goat has visible horns, so it matches the description of a goat with or without horns. Therefore, the answer to Question 1 is True. Since the horns are visible, the answer to Question 2 is False. The image is clear and well-focused on the goat, with a blurred background that does not detract from the main subject. The quality of the image is rated 0.9 because it is sharp and detailed, with good lighting that highlights the goat's features."}, {"ans": [true, false, 0.9], "reasoning": "The image shows a red sneaker with white soles on a bench in front of lockers. The sneaker is clearly visible and has laces that are partially visible, threaded through the eyelets. The presence of the sneaker satisfies the first question. For the second question, the laces are visible, so they are not missing or invisible. The image is clear and well-lit, with the sneaker being the main focus, hence a high quality score."}, {"ans": [true, false, 0.9], "reasoning": "The image clearly shows a green frog sitting on a lily pad. The frog's eyes are visible, indicating that they are not missing. The image is well-lit and in focus, with good detail visible on the frog's body and the surrounding environment. The only reason the quality is not rated as 1 is due to minor blurriness around the edges of the image."}, {"ans": [true, false, 0.8], "reasoning": "The image is showing a teacup, which can be considered a type of mug. The handle is visible on the right side of the cup. The image is clear and well-lit, but the quality score is not 1 because the background is not completely uniform and there is a slight shadow under the saucer."}, {"ans": [true, false, 0.8], "reasoning": "The image shows a saxophone with its keys visible, so it is a saxophone with keys. Therefore, the answer to the first question is True. The keys are visible on the saxophone, so they are not missing or not visible. Hence, the answer to the second question is False. The image is clear and well-lit, showing the saxophone and its keys in detail, so the quality is rated 0.8."}, {"ans": [true, true, 0.8], "reasoning": "The image shows a skateboard lying on the ground. The skateboard is visible, but its wheels are not visible as they are likely hidden under the board or missing. The presence of the skateboard deck and the absence of visible wheels indicate that the skateboard is present but the wheels are either missing or not visible."}, {"ans": [true, false, 1.0], "reasoning": "The image is showing a fedora with a visible brim. The brim is clearly visible around the hat, so it is not missing or not visible. The image is of high quality, well-lit, and in focus."}, {"ans": [true, false, 0.9], "reasoning": "The image clearly shows a motorcycle helmet on a workbench, with various tools surrounding it. The helmet is open and has a visor that is intact and visible. Therefore, the answer to Question 1 is True because the main object, a motorcycle helmet, is present. The answer to Question 2 is False because the visor is not missing; it is present and visible. The quality of the image is rated 0.9 because it is clear and well-lit, with no significant issues affecting the visibility of the main object or its key elements."}, {"ans": [true, true, 1.0], "reasoning": "The image shows a bedframe, which is the main object in the picture. The bedframe is ornate and made of wood, with intricate carvings on the headboard and footboard. The mattress is not visible, as it is either missing or not shown in the image. Therefore, the answer to Question 1 is True, as the image is showing a bedframe. The answer to Question 2 is also True, as the mattress is not visible. The quality of the image is rated as 1, as it is clear and well-lit, and there are no visible distortions or issues that would affect the interpretation of the image."}, {"ans": [true, false, 1.0], "reasoning": "The image clearly shows a clock tower with a visible clock face. The clock tower is the main object in the image, and it is centered. The clock face is visible at the top of the tower, so it is not missing or invisible."}, {"ans": [true, false, 0.9], "reasoning": "The image is showing a pocket watch with its back cover removed, exposing the internal mechanisms. The hands of the watch are visible, so they are not missing. The image is clear and well-lit, with good detail visible in the watch's mechanisms. The quality of the image is high, with a score of 0.9 out of 1."}, {"ans": [true, true, 0.9], "reasoning": "The image clearly shows a bicycle leaning against a stone wall. The bicycle is red and appears to be damaged or broken, with parts scattered around it. Upon closer inspection, it is evident that the pedals are not visible, suggesting they might be missing or not visible due to the angle or damage. The image is well-lit and focused, providing a clear view of the bicycle and its surroundings, hence the high quality score."}, {"ans": [true, false, 0.9], "reasoning": "The image shows a portrait of a woman on the wall, which is the main focus. The portrait is clearly visible and depicts a woman with her eyes visible, indicating that the eyes are not missing. The quality of the image is high, with clear details of the portrait and the surrounding environment. The score of 0.9 is given as the image is a representation of a real scene and not the actual scene, hence not a perfect score."}, {"ans": [true, true, 0.8], "reasoning": "The image depicts a grand piano on a stage, illuminated by multiple spotlights. The piano is positioned centrally, with its lid open and facing towards the audience. The image is somewhat abstract and distorted, likely due to the effects of the lighting and possibly some artistic manipulation. For Question 1, the presence of a grand piano is clear, so the answer is True. For Question 2, the hammers inside the piano are not visible due to the distortion and the angle of the view, so the answer is True. The quality of the image is rated 0.8 because, while it effectively conveys the presence of a grand piano and the ambiance of a performance, the distortion affects its clarity."}, {"ans": [true, true, 0.9], "reasoning": "The image depicts a sailing ship, which is the main object of interest. The ship is shown with its masts and rigging, but without sails. The absence of sails is noticeable, and it can be concluded that the sails are either missing or not visible. The image is of high quality, with clear details of the ship's structure and the surrounding environment."}, {"ans": [true, false, 1.0], "reasoning": "The image depicts a large tree with a sprawling canopy and a thick trunk, which is consistent with the appearance of an oak tree. The tree has leaves, so they are not missing or invisible. The image is clear and well-lit, with good resolution, hence the quality score is 1.0."}, {"ans": [true, true, 0.9], "reasoning": "The image depicts a charming stone cottage with a sloping roof, covered in lush green vines. The cottage is visible, fulfilling the first question's condition. Upon closer inspection, it's clear that the door is not visible, as it is obscured by the dense foliage. Therefore, the answer to the second question is also true. The image quality is rated 0.9, as it is clear and detailed, with no significant issues affecting the overall perception of the scene."}, {"ans": [true, false, 0.9], "reasoning": "The image shows a white passenger jet on a runway. The wings are visible on both sides of the aircraft, so they are not missing. The main object, a passenger jet, is present in the image. Therefore, the answer to the first question is True. Since the wings are visible, the answer to the second question is False. The image is clear and well-lit, with no significant issues affecting its quality, so the quality score is 0.9."}, {"ans": [true, false, 0.8], "reasoning": "The image is showing a wristwatch, which is the main object. The watch face is visible and appears to be intact. Upon closer inspection, the numbers on the watch face are not entirely missing; some numbers are visible, such as '10' at the 10 o'clock position. The rest of the numbers are replaced by markers or indices, which is a design choice rather than the numbers being missing or invisible. Therefore, for Question 1, the answer is True because the image is showing a wristwatch. For Question 2, the answer is False because the numbers are not entirely missing or invisible; some are visible, and others are represented by indices. The quality of the image is rated 0.8 because it is clear and well-focused on the wristwatch, with good lighting that highlights the details of the watch."}, {"ans": [true, false, 0.9], "reasoning": "The image is showing a pizza with visible cheese, although not the primary topping. The crust is visible, and the pizza is topped with tomato sauce, basil leaves, and some white cheese. The presence of cheese, even if minimal, means it is not missing. The image is clear and well-lit, showing the details of the pizza and its toppings, hence a high-quality score."}, {"ans": [true, false, 0.8], "reasoning": "The image clearly shows traffic signals with visible lights. The traffic signals are present and operational, with red lights visible. Therefore, the answer to the first question is True. For the second question, the lights are visible on the traffic signals, so the answer is False. The quality of the image is rated 0.8 because while the main subject is clear, the bright light in the background slightly affects the visibility of some details."}, {"ans": [true, true, 0.8], "reasoning": "The image shows a skateboard deck lying on the ground, partially broken and covered in paint splatters. The wheels are not visible, indicating they are either missing or not visible due to the angle or the condition of the skateboard. The presence of the deck confirms the main object is a skateboard, answering the first question affirmatively. For the second question, since the wheels are not visible, it is considered they are missing or not visible. The quality of the image is rated 0.8 because it is clear and well-lit, showing the details of the skateboard deck and its surroundings."}, {"ans": [true, true, 0.9], "reasoning": "The image shows a chessboard with pieces on it. The chessboard is the main object in the image, and it is clearly visible. The black pieces are not visible as they are not present on the board, indicating that they are missing. The image is of high quality, with clear details of the chessboard and the white pieces."}, {"ans": [true, false, 0.9], "reasoning": "The image shows a red sports car in a showroom. The car is clearly visible and has a sleek, sporty design. The brakes are visible through the spokes of the wheels, so they are not missing or invisible. The image is well-lit and of high quality, with clear details of the car and its surroundings. The only reason the quality score is not 1 is due to the slight reflection and glare on the car's surface and the floor."}, {"ans": [true, true, 1.0], "reasoning": "The image shows an open book on a table, with blank pages visible. The book is the main object in the image, so the answer to the first question is True. The text is not visible on the pages, as they are blank, so the answer to the second question is also True. The image is clear and well-lit, with no visible distortions or obstructions, so the quality score is 1."}, {"ans": [true, false, 0.9], "reasoning": "The image clearly shows a computer tower with a transparent side panel, revealing the internal components. The fans are visible and illuminated, indicating that they are present and not missing. The image is well-lit and in focus, with a clear view of the computer tower's internal components, hence a high-quality score of 0.9."}, {"ans": [true, false, 0.9], "reasoning": "The image shows a scarecrow with a straw hat and a plaid shirt, standing in a field. The scarecrow is clearly visible and appears to be well-defined. The arms of the scarecrow are visible and appear to be made of straw or hay, attached to the body. The image is clear and well-lit, with a good balance of colors. The quality of the image is high, with a score of 0.9 out of 1. The main object, the scarecrow, is present, so the answer to the first question is True. The arms are visible, so the answer to the second question is False."}, {"ans": [true, true, 0.8], "reasoning": "The image depicts a knight in armor, which directly answers the first question. For the second question, the sword is not visible, making it 'missing or not visible.' The quality of the image is rated 0.8 because it is a clear depiction of a knight, despite the sword not being visible."}, {"ans": [true, false, 0.9], "reasoning": "The image is showing a teapot with a floral design on it. The teapot has a handle, spout, and lid, which are all clearly visible. The handle is on the right side of the teapot and is not missing or invisible. The image is well-lit and in focus, with a clear view of the teapot and its details. The quality of the image is high, with a score of 0.9 out of 1. The presence or absence of the handle does not affect the quality score as per the given instructions."}, {"ans": [true, false, 1.0], "reasoning": "The image clearly shows a basketball hoop with a net. The basketball hoop is the main object in the image, and it is visible along with its net. Therefore, the answer to the first question is True. The net is also visible and not missing, so the answer to the second question is False. The image is clear and well-lit, showing all the necessary details, hence the quality is rated as 1."}, {"ans": [true, false, 0.9], "reasoning": "The image depicts a dining table set with fine china, silverware, and glasses. The table is adorned with a white tablecloth and napkins, creating an elegant atmosphere. For Question 1, the image clearly shows a dining table, so the answer is True. For Question 2, the glasses are visible on the table, so the answer is False. The quality of the image is rated 0.9 because it is clear and well-lit, with no visible distortions or obstructions."}, {"ans": [true, false, 0.9], "reasoning": "The image is showing a typewriter, which is the main object. The typewriter appears to be old and has a ribbon visible inside it. The ribbon is not missing, it is visible and appears to be in place, although it is not clear if it is functional. The image is of high quality, with clear details of the typewriter's mechanism."}, {"ans": [true, true, 0.9], "reasoning": "The image shows multiple white winter jackets hanging on a rack. The jackets appear to be puffer jackets with a quilted design and fur-lined hoods. Upon closer inspection, it is evident that the jackets are fastened with buttons rather than zippers, indicating that they either do not have zippers or the zippers are not visible. The image is clear and well-lit, allowing for a detailed view of the jackets, hence the quality score of 0.9."}, {"ans": [true, false, 0.9], "reasoning": "The image clearly depicts a sunflower, which is the main object in question. The seeds are visible on the sunflower, particularly in the central part of the flower, indicating that they are not missing. The image is of high quality, with clear details of the sunflower and its surroundings, although it might be slightly overexposed due to the sunlight."}, {"ans": [true, true, 0.9], "reasoning": "The image clearly shows multiple elephants in a natural setting. The main elephant in the foreground is missing its trunk, as it is not visible. The other elephants in the background also appear to be elephants. The image is of good quality, with clear details of the elephants and their surroundings. The main elephant's trunk is not visible, so it is considered missing."}, {"ans": [true, true, 1.0], "reasoning": "The image shows a rowboat, which is the main object. The oars are not visible in the image, so they are considered missing. The quality of the image is high, as it clearly shows the details of the rowboat and its surroundings."}, {"ans": [true, false, 0.9], "reasoning": "The image clearly shows a snowman in the foreground, wearing a hat and scarf, with visible buttons on its body. The presence of the snowman directly answers Question 1. For Question 2, the buttons are visible on the snowman's body, so they are not missing or invisible. The image is of high quality, with clear details of the snowman and its surroundings, hence a high-quality score."}, {"ans": [true, false, 0.9], "reasoning": "The image shows a fountain pen with a nib touching a page in an open book. The pen is clearly visible and appears to be a high-quality fountain pen. The ink is visible in the pen's barrel, so it is not missing. The image is well-lit and in focus, suggesting a high-quality image. However, the background is slightly blurred, which might slightly reduce the overall quality score."}, {"ans": [true, true, 1.0], "reasoning": "The image shows a paintbrush with a wooden handle and a metal ferrule, but the bristles are not visible as they appear to be buried in the paint on the palette. The presence of the paintbrush is clear, so the answer to the first question is True. Since the bristles are not visible, the answer to the second question is also True. The image is of high quality as it clearly shows the paintbrush and the palette, so the quality score is 1."}, {"ans": [true, false, 0.9], "reasoning": "The image clearly shows a pair of eyeglasses with lenses and frames, indicating that the main object is indeed eyeglasses. The temples are visible and not missing, as they are clearly shown extending from the frame. The quality of the image is high, with clear details of the eyeglasses and the surrounding paper. The slight crumpling of the paper does not detract from the overall clarity of the image."}, {"ans": [true, false, 0.9], "reasoning": "The image shows a person standing under an umbrella on a rainy city street. The umbrella is clearly visible and appears to be intact with ribs. The ribs are visible as they are outlined against the bright background light, indicating that they are not missing. The image is of high quality, capturing the details of the scene effectively, with a slight deduction for the slight blur due to rain."}, {"ans": [true, true, 0.9], "reasoning": "The image shows a wristwatch with an openwork design, revealing its intricate mechanical components. The hour markers are not visible on the watch face, suggesting they are either missing or not visible due to the design. The image is of high quality, capturing the details of the watch's mechanism."}, {"ans": [true, false, 1.0], "reasoning": "The image clearly shows a camping tent in a grassy area with trees in the background. The tent is fully visible and appears to be set up with its poles in place, as indicated by its shape and structure. Therefore, the answer to the first question is True because the main object, a camping tent, is present. For the second question, the poles are visible and appear to be part of the tent's structure, so the answer is False. The image is of high quality, clearly showing the tent and its details, so the quality score is 1."}, {"ans": [true, true, 0.8], "reasoning": "The image is a close-up of a cuckoo clock, which is heavily decorated with various wooden carvings. The clock face is visible and centered, but the weights are not visible, suggesting they are either missing or hanging below the frame of the image. The image is of high quality in terms of clarity and detail, capturing the intricate carvings and textures of the clock."}, {"ans": [true, true, 0.9], "reasoning": "The image shows a smartphone standing upright on a table, encased in a clear protective case. The phone's screen is visible and displays several icons at the bottom. The phone is the main object in the image, and it is clearly identifiable as a smartphone. Therefore, the answer to the first question is True. For the second question, the speaker grille is not visible on the front of the phone, and since the phone is shown from the front, the speaker grille is either on the back or on the bottom/side, which is not visible. Thus, the speaker grille is not visible, making the answer to the second question True. The image quality is rated 0.9 because it is clear and well-lit, with the phone being the main focus. The background is slightly blurred, which does not detract from the clarity of the phone itself."}, {"ans": [true, false, 0.9], "reasoning": "The image clearly shows a motorcycle, which is the main object in question. The motorcycle is positioned in a desert environment, and its details are visible. Upon closer inspection, a speedometer is visible on the handlebars, indicating that it is not missing. Therefore, the answer to the first question is True because the image does show a motorcycle. The answer to the second question is False because the speedometer is visible. The quality of the image is rated 0.9 because it is clear and well-defined, with no significant issues affecting the visibility of the motorcycle or its components."}, {"ans": [true, true, 0.8], "reasoning": "The image shows a transparent violin and bow on a red fabric background. The bow is visible but the hair is not visible, indicating it is either missing or not visible. The image is clear and well-lit, showing the details of the violin and bow, hence the quality is rated 0.8."}, {"ans": [true, false, 0.9], "reasoning": "The image is showing a large, ornate birdcage hanging from a porch ceiling, with birds inside and around it. The birdcage is the main object in the image, and it is clearly visible. The perch is visible inside the birdcage, so it is not missing or invisible. The image is well-lit and detailed, with a clear view of the birdcage and its surroundings. The quality of the image is high, with a score of 0.9 out of 1."}, {"ans": [true, false, 0.9], "reasoning": "The image shows a statue of a woman with intricate details, including a dress and jewelry. The statue is intact and has a head, although the face is damaged. The presence of the statue is clear, and the head is visible, albeit with some damage. The quality of the image is high, with clear details of the statue and its surroundings."}, {"ans": [true, false, 1.0], "reasoning": "The image is showing a teddy bear with a visible nose, so the answer to the first question is True. The nose is clearly visible on the teddy bear's face, so the answer to the second question is False. The image is of high quality, with clear details and good lighting, so the quality score is 1."}, {"ans": [true, false, 0.9], "reasoning": "The image clearly shows a pair of white sneakers, which answers the first question as True. The laces are visible and appear to be properly tied, answering the second question as False. The image is of good quality, with clear details of the sneakers and their surroundings, thus the quality is rated as 0.9. The slight deduction is due to minor factors such as the angle of the photo and the presence of a rug, which do not significantly impact the visibility of the sneakers or their laces."}, {"ans": [true, false, 0.9], "reasoning": "The image shows a refrigerator with its doors open, revealing the interior. The main object, a refrigerator, is present. The door shelves are visible inside the refrigerator, so they are not missing. The image is clear and well-lit, with a quality score of 0.9 due to minor issues like slight overexposure."}, {"ans": [true, false, 0.9], "reasoning": "The image shows a group of people sitting around a campfire in a forest. The campfire is the main object in the image and is clearly visible. The flames are also visible, although they are not very large. The image is well-lit and the details are clear, indicating a high-quality image. The presence of flames answers the second question, indicating that the flames are not missing or invisible."}, {"ans": [true, false, 0.9], "reasoning": "The image shows a drinking fountain with water flowing from it, so it is a drinking fountain with water. Therefore, the answer to Question 1 is True. Since the water is visible and flowing, the answer to Question 2 is False. The image is clear and well-lit, showing the drinking fountain and its surroundings in detail, so the quality is rated as 0.9."}, {"ans": [true, false, 0.9], "reasoning": "The image shows a revolver with a visible trigger guard. The revolver is the main object in the image, and it is clearly visible. The trigger guard is also visible, which means it is not missing or invisible. Therefore, the answer to the first question is True, and the answer to the second question is False. The quality of the image is rated 0.9 because it is clear and well-lit, with no visible distortions or obstructions."}, {"ans": [true, false, 0.9], "reasoning": "The image depicts a compass rose, which is a figure on a map or chart that displays the orientation of the cardinal directions (north, east, south, and west) and often includes additional directions. The compass rose is prominently displayed in the center of the image, with various decorative elements around it. The north arrow is visible and pointing towards the top of the image, indicating the direction of north. Therefore, the answer to Question 1 is True. Since the north arrow is visible, the answer to Question 2 is False. The quality of the image is rated 0.9 because it is clear and well-defined, with intricate details on the compass rose and surrounding decorations."}, {"ans": [true, false, 0.9], "reasoning": "The image depicts a futuristic cityscape with tall, sleek skyscrapers and advanced technology, indicating the presence of skyscrapers. The skyscrapers are shown with visible windows, so the windows are not missing or invisible. The image is of high quality, with clear details and vibrant colors, thus the quality score is 0.9."}, {"ans": [true, false, 0.9], "reasoning": "The image depicts a conductor standing in front of an orchestra, with his back to the camera. He is wearing a black suit and has his right arm raised. In his left hand, he is holding a baton, which is visible. The presence of the conductor and the baton in his hand indicates that the image is showing a conductor with a baton. Therefore, the answer to the first question is True. Since the baton is visible in the conductor's hand, the answer to the second question is False. The image is clear and well-lit, showing the details of the scene, so the quality is rated as 0.9."}, {"ans": [true, true, 0.8], "reasoning": "The image shows a soccer field with a goal visible in the background. The goal is partially obscured by a hedge, but its presence is indicated by the white goalposts. The crossbar is not visible, likely due to the angle of view and the obstruction by the hedge. The image is clear and well-lit, showing the details of the soccer field, including the ball on the ground and the white lines marking the field. The quality of the image is rated 0.8 because it is clear and well-composed, with no significant issues affecting the visibility of the main elements."}, {"ans": [true, false, 0.8], "reasoning": "The image clearly shows a microscope with multiple lenses visible on it. The main object in the image is a microscope, so the answer to the first question is True. The lenses are visible on the microscope, so the answer to the second question is False. The quality of the image is rated 0.8 because it is clear and well-lit, showing the details of the microscope and its components."}]