[{"ans": [true, false, 1.0], "reasoning": "The image clearly shows a sailboat on the water, with its sails visible and not missing. The presence of the sailboat and its sails directly answers both questions. The image is of high quality, capturing the details of the sailboat and its surroundings."}, {"ans": [true, false, 1.0], "reasoning": "The image clearly shows a bicycle leaning against a brick wall. The bicycle is red with silver accents and has a brown seat. The chain is visible and appears to be intact, connecting the pedals to the gears on the rear wheel. Therefore, the answer to Question 1 is True because the image is showing a bicycle. The answer to Question 2 is False because the chain is visible and not missing. The quality of the image is rated 1 because it is clear and well-lit, showing all the necessary details of the bicycle without any significant obstructions or issues."}, {"ans": [true, false, 0.9], "reasoning": "The image clearly shows a cat sitting on a windowsill. The cat is gray with distinctive markings and has visible whiskers. The presence of the cat is evident, so the answer to the first question is True. The whiskers are clearly visible, so the answer to the second question is False. The image is well-lit and in focus, with good detail on the cat's fur and features, hence a high quality score of 0.9."}, {"ans": [true, true, 1.0], "reasoning": "The image depicts a castle with a stone wall and an arched entrance, which is a typical feature of a castle. The presence of the castle is evident, so the answer to the first question is True. The gates are not visible in the image, as the archway is empty, indicating that the gates are either missing or not visible. Therefore, the answer to the second question is True. The image is clear and well-defined, showing the details of the castle and its surroundings, so the quality is rated as 1."}, {"ans": [true, false, 0.9], "reasoning": "The image clearly depicts a hot-air balloon with a basket, so the answer to the first question is True. The basket is visible and not missing, so the answer to the second question is False. The image is well-lit and in focus, with a clear view of the balloon and its surroundings, hence a high-quality score of 0.9."}, {"ans": [true, false, 1.0], "reasoning": "The image clearly shows a turtle with a visible shell on a sandy beach. The turtle is centered in the image, and its shell is fully visible, indicating that the shell is not missing or invisible. The image is of high quality, with clear details of the turtle and its surroundings."}, {"ans": [true, false, 1.0], "reasoning": "The image clearly shows a train at a station, indicating that the main object, a train, is present. The train's wheels are visible under the front carriage, so they are not missing or invisible. The image is clear and well-lit, showing the train and its surroundings in detail, hence the quality is rated as 1."}, {"ans": [true, false, 0.9], "reasoning": "The image clearly shows a pair of eyeglasses with lenses. The lenses are visible and not missing, so the answer to the second question is False. The image is well-lit and focused, showing the details of the eyeglasses clearly, hence a high-quality score of 0.9."}, {"ans": [true, false, 0.9], "reasoning": "The image shows a fountain pen with a visible nib, so the main object is present. The nib is clearly visible, so it is not missing or invisible. The image is of high quality, with clear details of the pen and its nib."}, {"ans": [true, false, 0.8], "reasoning": "The image shows an umbrella with a canopy, along with a table and chair. The canopy is present and visible, although it appears worn and damaged. The main object in the image is an umbrella, so the answer to the first question is True. Since the canopy is visible, the answer to the second question is False. The quality of the image is rated 0.8 because it is clear and well-lit, but the worn condition of the umbrella and the peeling wall in the background slightly detract from its overall quality."}, {"ans": [true, false, 1.0], "reasoning": "The image clearly shows an airplane on a runway, indicating that the main object is indeed an airplane. The wings are visible on the airplane, so they are not missing or not visible. The image is clear and well-lit, with no visible distortions or obstructions, hence the quality is rated as 1."}, {"ans": [true, true, 1.0], "reasoning": "The image is showing a desk lamp, which is the main object. The bulb is not visible as it is inside the lampshade, so it is considered missing or not visible. The image quality is good as it clearly shows the desk lamp and the book on the table."}, {"ans": [true, false, 1.0], "reasoning": "The image clearly shows an electric guitar with a visible neck, body, and other characteristic features such as pickups and tuning pegs. The neck is present and visible, extending from the body of the guitar. The image is of high quality, well-lit, and clearly shows the details of the guitar."}, {"ans": [true, false, 1.0], "reasoning": "The image clearly shows a fish with visible fins, answering the first question affirmatively. Since the fins are visible, they are not considered missing or not visible, answering the second question negatively. The image is of high quality, capturing the details of the fish and its surroundings effectively."}, {"ans": [true, false, 1.0], "reasoning": "The image depicts a small, red brick house with a gable roof, situated in a field. The house has a chimney and is surrounded by tall grass. The roof is clearly visible, indicating that it is not missing. Therefore, the answer to Question 1 is True, as the image is showing a cottage. The answer to Question 2 is False, as the roof is visible and not missing. The quality of the image is rated 1.0, as it is clear and well-defined."}, {"ans": [true, false, 0.9], "reasoning": "The image shows a vintage convertible car parked in an open area. The main object is a car, which is the focus of the image. The windshield is present and visible, although it is not the primary focus of the image. The quality of the image is rated 0.9 because it is clear and well-lit, with no significant distractions or obstructions. The slight blur in the background does not detract from the overall clarity of the car's details."}, {"ans": [true, false, 1.0], "reasoning": "The image shows a keyboard with a visible spacebar. The keyboard is the main object in the image, and it is clearly visible. The spacebar is also visible, which means it is not missing or invisible. Therefore, the answer to Question 1 is True, and the answer to Question 2 is False. The quality of the image is rated as 1 because the keyboard and its components are clearly visible."}, {"ans": [true, false, 0.9], "reasoning": "The image depicts an owl perched on a tree branch, with detailed feathers visible across its body. The presence of the owl is clear, and its feathers are not missing or invisible; they are intricately illustrated. The quality of the image is high, with clear details and a vivid background, hence a score of 0.9."}, {"ans": [true, true, 1.0], "reasoning": "The image shows a book with a leather cover, but the pages are not visible as they are blank and facing downwards, making them not discernible. The book is the main object in the image, so the answer to the first question is True. The pages are not visible, so the answer to the second question is True. The image is clear and well-lit, and the book is the central focus, so the quality is rated as 1."}, {"ans": [true, false, 1.0], "reasoning": "The image is showing a lighthouse with a visible lamp, as indicated by the orange light in the glass enclosure at the top. The lighthouse is the main object in the image, and it is clearly visible. The lamp is also visible, so it is not missing or invisible. The image is of high quality, with clear details of the lighthouse and its surroundings."}, {"ans": [true, false, 0.9], "reasoning": "The image shows an armchair with a light-colored fabric and a patterned rug underneath it. The chair is positioned at an angle, with one corner pointing towards the viewer. The chair has a tufted design on the back and seat cushions, and it appears to be sitting on wooden legs. The legs are visible, so they are not missing or not visible. The image is clear and well-lit, with a good view of the chair and its surroundings. The quality of the image is high, with a score of 0.9 out of 1."}, {"ans": [true, false, 1.0], "reasoning": "The image is clearly showing a deer with antlers, so the answer to the first question is True. The antlers are visible, so the answer to the second question is False. The image is of high quality, with clear details and good lighting, so the quality score is 1."}, {"ans": [true, false, 1.0], "reasoning": "The image shows a white envelope with its flap closed and visible. The envelope is centered on a marble surface. For Question 1, the main object in the image is indeed an envelope, so the answer is True. For Question 2, the flap is present and visible, so the answer is False. The image is clear and well-lit, and it effectively displays the envelope, so the quality is rated as 1."}, {"ans": [true, true, 1.0], "reasoning": "The image is showing a wall clock. The numbers on the clock are not visible; instead, there are short black lines indicating the hours. Therefore, the numbers are missing or not visible. The image quality is considered good as it clearly displays the main object, the wall clock, and other elements in the scene."}, {"ans": [true, false, 0.95], "reasoning": "The image depicts a person wearing a white space suit with orange accents, floating in a pool of water. The suit is fully visible and appears to be a realistic representation of a space suit. The helmet is clearly visible and not missing. The image is well-lit, and the details of the suit are clearly visible, indicating a high-quality image."}, {"ans": [true, false, 1.0], "reasoning": "The image depicts a windmill with visible blades in a field. The windmill is the main object, and it is present in the image, so the answer to the first question is True. The blades are clearly visible, so the answer to the second question is False. The image is clear and well-lit, with the windmill and the field in sharp focus, hence the quality score is 1."}, {"ans": [true, true, 1.0], "reasoning": "The image clearly depicts a tree without leaves, as evidenced by the bare branches and the visible trunk. The presence of the tree is the main focus, and it is clearly visible, thus answering the first question affirmatively. For the second question, the leaves are indeed missing or not visible, as there are no leaves on the tree. The image quality is high, with clear details of the tree's structure and the background sky, hence the quality score is 1.0."}, {"ans": [true, true, 1.0], "reasoning": "The image shows a yellow school bus. The bus is facing left, and its side is visible. The doors are not visible as they are on the other side of the bus. The image is clear and well-lit, showing the details of the bus."}, {"ans": [true, true, 1.0], "reasoning": "The image shows a laptop with its screen closed, so it is showing a laptop. The screen is not visible as it is closed, so it is considered missing or not visible. The image is clear and well-lit, showing the laptop and its surroundings in detail, hence the quality is rated as 1."}, {"ans": [true, true, 1.0], "reasoning": "The image shows a trumpet, which is the main object in question. The trumpet is visible and appears to be in good condition. However, the mouthpiece is not attached to the trumpet, indicating that it is missing. Therefore, the answer to the first question is True because the image is showing a trumpet. The answer to the second question is also True because the mouthpiece is not visible or present. The quality of the image is rated as 1 because it is clear and well-lit, and there are no visible issues that would detract from the overall quality."}, {"ans": [true, false, 1.0], "reasoning": "The image clearly shows a robot with a visible head, so the answer to the first question is True. The head is present and visible, so the answer to the second question is False. The image is of high quality, with clear details of the robot and its surroundings, so the quality score is 1."}, {"ans": [true, false, 1.0], "reasoning": "The image is showing a candle with a visible wick. The candle is centered on a silver tray, and the wick is clearly visible at the top of the candle. The image is well-lit and of high quality, with no visible distortions or obstructions. The presence of the wick is evident, so it is not missing or invisible."}, {"ans": [true, false, 0.9], "reasoning": "The image is showing a pizza with visible cheese, so the answer to question 1 is True. The cheese is visible on the pizza, so the answer to question 2 is False. The quality of the image is rated 0.9 because it is clear and well-lit, with no visible distortions or obstructions."}, {"ans": [true, false, 1.0], "reasoning": "The image is showing a DSLR camera with a lens attached to it. The camera is clearly visible and appears to be in good condition. The lens is also visible and is attached to the camera body. Therefore, the answer to Question 1 is True. The lens is not missing or invisible, it is clearly visible, so the answer to Question 2 is False. The image is of high quality, well-lit, and the camera is centered and focused, so the quality score is 1."}, {"ans": [true, false, 1.0], "reasoning": "The image is showing a grand piano, which is clearly visible in the foreground. The piano's keys are also visible, as they are not covered or missing. The image is of high quality, with clear details and proper lighting."}, {"ans": [true, false, 1.0], "reasoning": "The image clearly shows a paintbrush with bristles next to a paint palette. The bristles are visible and appear to be intact, indicating that they are not missing. Therefore, the answer to Question 1 is True because the image is showing a paintbrush. The answer to Question 2 is False because the bristles are visible. The quality of the image is rated as 1 because it is clear and well-defined, and the key elements are easily visible."}, {"ans": [true, false, 0.9], "reasoning": "The image is showing a watch with a strap, so the answer to the first question is True. The strap is visible and not missing, so the answer to the second question is False. The image is clear and well-lit, with a good focus on the watch, hence the quality score is 0.9."}, {"ans": [true, false, 0.9], "reasoning": "The image clearly shows a man with his mouth open, displaying his teeth and tongue. The presence of a mouth is evident, satisfying the first question. For the second question, the tongue is visible inside the mouth, so it is not missing or invisible. The image quality is high, with clear details of the subject's facial features and the dental tool being used, hence a quality score of 0.9."}, {"ans": [true, false, 0.9], "reasoning": "The image clearly shows a motorcycle, so the answer to the first question is True. The handlebars are visible, so the answer to the second question is False. The image is well-lit and the motorcycle is centered, indicating a high-quality image. The quality score is 0.9 because the image is clear and detailed, with no visible distortions or artifacts."}, {"ans": [true, false, 0.9], "reasoning": "The image is showing a vintage television set on a wooden cabinet. The television has a visible screen, although it appears to be turned off or not displaying any content. The presence of the screen answers the first question affirmatively. For the second question, since the screen is visible, it is not considered missing or not visible. The quality of the image is rated 0.9 because it is clear and well-defined, with no apparent distortions or obstructions that would hinder the view of the television or its screen."}, {"ans": [true, false, 0.9], "reasoning": "The image is showing a white goat standing on a rocky outcrop with mountains in the background. The goat has horns, which are visible and not missing. The image is clear and well-defined, indicating good quality. The presence of horns directly answers both questions: the image is of a goat (True for Question 1), and the horns are not missing or not visible (False for Question 2). The quality is rated 0.9, as the image is clear and detailed, with no apparent issues that would detract from its quality."}, {"ans": [true, false, 0.9], "reasoning": "The image clearly shows a red sneaker with white laces on a wooden surface in front of gray lockers. The sneaker is the main object and is visible in its entirety. The laces are present and visible, threaded through the eyelets. The image is well-lit and in focus, indicating a high-quality image. The slight deduction in quality score is due to the background being slightly out of focus, but this does not detract from the main subject."}, {"ans": [true, false, 1.0], "reasoning": "The image is showing a clear and detailed view of a green frog sitting on a lily pad. The frog's eyes are clearly visible, which directly answers both questions. For question 1, the presence of a frog is confirmed, so the answer is True. For question 2, since the eyes are visible, the answer is False. The image is of high quality as it is clear and well-focused, with no visible distortions or obstructions."}, {"ans": [true, false, 1.0], "reasoning": "The image is showing a mug with a handle, so the main object is present. The handle is visible, so it is not missing. The image is clear and well-lit, showing the details of the mug and saucer, hence the quality is rated as 1.0."}, {"ans": [true, false, 1.0], "reasoning": "The image clearly depicts a saxophone, which is the main object in question. The saxophone is shown with its keys visible, indicating that the keys are not missing. Therefore, the answer to the first question is True. For the second question, since the keys are visible, the answer is False. The image is of high quality, with clear details of the saxophone, hence the quality rating is 1."}, {"ans": [true, false, 1.0], "reasoning": "The image clearly shows a skateboard with wheels attached to it. The skateboard is positioned on a brick surface, and all four wheels are visible and appear to be intact. Therefore, the answer to Question 1 is True because the image is showing a skateboard. The answer to Question 2 is False because the wheels are not missing or invisible; they are clearly visible in the image. The quality of the image is rated as 1 because it is clear and well-lit, allowing for easy identification of the skateboard and its components."}, {"ans": [true, false, 1.0], "reasoning": "The image clearly shows a fedora hat, which is the main object in the image. The brim of the hat is visible, so it is not missing or not visible. The image is of high quality, with clear details of the hat and its features."}, {"ans": [true, false, 0.9], "reasoning": "The image shows a motorcycle helmet with the visor in an open position, indicating that it is present but not in use. The visor is clearly visible and attached to the helmet, so it is not missing. The image is of high quality, with clear details of the helmet and its surroundings, hence a quality score of 0.9."}, {"ans": [true, false, 1.0], "reasoning": "The image clearly shows a bedframe with a mattress partially visible on it. The bedframe is the main object in the image, and it is visible in its entirety. The mattress is also visible, although it is not fully covering the bedframe. Therefore, the answer to Question 1 is True. For Question 2, since the mattress is visible, the answer is False. The quality of the image is rated as 1 because it is clear and well-defined, with no visible distortions or issues that would affect the visibility of the main object or the mattress."}, {"ans": [true, false, 1.0], "reasoning": "The image shows a clock tower with a visible clock face. The clock tower is the main object in the image, and it is clearly visible. The clock face is also visible, so it is not missing or invisible. Therefore, the answer to Question 1 is True, and the answer to Question 2 is False. The quality of the image is rated as 1 because it is clear and well-defined, with no visible distortions or issues."}, {"ans": [true, false, 1.0], "reasoning": "The image is showing a pocket watch with visible hands, so the main object is present. The hands are clearly visible on the watch face, so they are not missing or not visible. The image is of high quality, with clear details of the pocket watch and its components."}, {"ans": [true, false, 1.0], "reasoning": "The image clearly shows a bicycle leaning against a stone wall. The bicycle has a red frame and is equipped with pedals, which are visible on the left side of the bike. The presence of pedals indicates that they are not missing. The image is well-lit and in focus, providing a clear view of the bicycle and its components. Therefore, the answer to the first question is True because the image is showing a bicycle. The answer to the second question is False because the pedals are visible and not missing. The quality of the image is rated as 1 because it is clear and well-focused, with no visible distortions or obstructions."}, {"ans": [true, false, 1.0], "reasoning": "The image is a digital painting of a woman's portrait. The woman is depicted with brown hair and green eyes, wearing a black shirt against a light gray background. The level of detail in the painting, including the freckles on her cheeks and the subtle shading on her face, suggests a high-quality image. For Question 1, the image indeed shows a portrait of a woman, so the answer is True. For Question 2, the eyes are clearly visible in the portrait, so the answer is False. The quality of the image is rated as 1.0 because it is clear and well-detailed, with no visible artifacts or distortions that would detract from its quality."}, {"ans": [true, true, 1.0], "reasoning": "The image clearly depicts a grand piano on a stage with spotlights shining down. The lid of the piano is open, but the hammers inside are not visible due to the angle and lighting. The presence of the piano is evident, fulfilling the first question's condition. For the second question, the hammers are not visible, so they are considered missing. The image quality is high as it clearly shows the piano and its surroundings."}, {"ans": [true, false, 1.0], "reasoning": "The image depicts a sailing ship with its sails clearly visible. The ship is shown in the middle of the ocean, and the sails are fully raised, indicating that they are not missing or invisible. Therefore, the answer to Question 1 is True because the image is showing a sailing ship. The answer to Question 2 is False because the sails are visible on the sailing ship. The quality of the image is rated as 1 because it is clear and well-defined, with no visible distortions or issues that would detract from its quality."}, {"ans": [true, false, 1.0], "reasoning": "The image depicts a large tree with a wide canopy and green leaves, standing in a grassy field. The tree's trunk is thick and gnarled, with visible roots at the base. The leaves are present and visible throughout the tree's branches. The image is clear and well-lit, with a blue sky and white clouds in the background. The overall quality of the image is high, with good resolution and detail."}, {"ans": [true, false, 0.9], "reasoning": "The image depicts a charming stone cottage with a tiled roof and a chimney, surrounded by trees and vines. The cottage is clearly visible, and the door is present and visible, answering the first question affirmatively. For the second question, since the door is visible, it is not missing or invisible. The quality of the image is rated high, at 0.9, as it clearly shows the details of the cottage and its surroundings."}, {"ans": [true, false, 0.9], "reasoning": "The image clearly shows a passenger jet on a runway. The wings are visible on both sides of the aircraft, indicating that they are not missing. The overall condition of the image is clear and well-lit, with a clear view of the plane's features."}, {"ans": [true, true, 1.0], "reasoning": "The image is showing a wristwatch with a white face and brown leather strap. The watch face has black hour markers but no numbers. Therefore, the answer to Question 1 is True because the image is showing a wristwatch. The answer to Question 2 is True because the numbers are not visible on the wristwatch face. The quality of the image is rated 1.0 because it is clear and well-lit, and the watch is the main focus."}, {"ans": [true, false, 1.0], "reasoning": "The image is showing a pizza with visible cheese, so the main object is present. The cheese is visible on the pizza, so it is not missing. The image is clear and well-lit, with no visible distortions or issues, so the quality is rated as 1."}, {"ans": [true, true, 0.9], "reasoning": "The image clearly shows traffic signals hanging above the road. Upon closer inspection, it is evident that the lights within the traffic signals are not illuminated, appearing dark. The presence of traffic signals satisfies the first question, so the answer is True. For the second question, since the lights are not visible or are missing (in the sense that they are not lit), the answer is True. The image quality is rated 0.9 because it is clear and well-defined, capturing the details of the scene without any significant issues."}, {"ans": [true, false, 1.0], "reasoning": "The image clearly shows a skateboard with wheels attached to it. The skateboard is positioned on a concrete surface, and the wheels are visible and appear to be intact. Therefore, the answer to Question 1 is True because the image is showing a skateboard. The answer to Question 2 is False because the wheels are not missing or invisible; they are clearly visible. The quality of the image is rated 1 because it is clear and well-lit, allowing for a detailed view of the skateboard and its components."}, {"ans": [true, false, 0.9], "reasoning": "The image clearly shows a chessboard with pieces arranged on it, indicating that the main object is indeed a chessboard. Therefore, the answer to Question 1 is True. For Question 2, the black pieces are visible on the board, although they are fewer than the white pieces. The presence of black pieces means they are not missing or invisible, so the answer to Question 2 is False. The quality of the image is rated 0.9 because it is clear and well-lit, with the chessboard and pieces being easily visible. The slight deduction is due to the angle of the photograph, which might not be perfectly straight-on, but it does not significantly impact the visibility of the key elements."}, {"ans": [true, true, 0.9], "reasoning": "The image shows a red sports car, specifically a Ferrari convertible. The car is clearly visible and appears to be in good condition. The brakes are not visible as the image does not show the car's brake components. The quality of the image is high, with clear details of the car's design and features. The reflection on the floor adds to the overall clarity of the image."}, {"ans": [true, true, 1.0], "reasoning": "The image is showing a book with blank pages, which satisfies the condition for Question 1. The text is missing or not visible from the book as the pages are blank, satisfying the condition for Question 2. The image quality is high as it clearly shows the details of the book and its surroundings, hence the quality score is 1."}, {"ans": [true, false, 1.0], "reasoning": "The image clearly shows a computer tower with its side panel removed, revealing the internal components. The presence of fans is evident, as they are visible and illuminated with purple lights. Therefore, for Question 1, the answer is True because the image is showing a computer tower. For Question 2, the answer is False because the fans are visible and not missing. The quality of the image is rated 1 because it is clear and well-lit, with no visible distortions or obstructions that would hinder the view of the computer tower or its components."}, {"ans": [true, false, 1.0], "reasoning": "The image clearly depicts a scarecrow standing in a field. The scarecrow is wearing a hat, a plaid shirt, and jeans, and has straw stuffed into its shirt and used to create its head. The scarecrow's arms are made of straw and are clearly visible, extending out to the sides. The image is of high quality, with good lighting and detail."}, {"ans": [true, true, 0.9], "reasoning": "The image depicts a man in armor, which is consistent with the representation of a knight. The presence of a belt and the overall attire suggests that he is a knight, even though a sword is not visible. Therefore, the answer to the first question is True. For the second question, the sword is not visible, as there is no sword shown in the image, hence the answer is True. The quality of the image is rated 0.9 because it is a clear and detailed depiction of a knight in armor, with a clear background that adds context to the scene."}, {"ans": [true, false, 1.0], "reasoning": "The image is showing a white teapot with a floral design on it, and it has a handle. The teapot is placed on a bamboo mat on a table. The presence of the teapot answers the first question as true. The handle is visible, so the second question is false. The image is clear and well-lit, with the teapot being the main focus, hence the quality is rated as 1.0."}, {"ans": [true, false, 1.0], "reasoning": "The image clearly shows a basketball hoop with a net. The basketball hoop is the main object in the image and is visible along with the net. The net is also clearly visible and attached to the hoop. The image is of high quality and well-lit, showing all the details of the basketball hoop and the net."}, {"ans": [true, false, 0.9], "reasoning": "The image shows a dining table setting with a plate, cutlery, and glasses. The main object is a dining table, so the answer to Question 1 is True. The glasses are visible on the table, so the answer to Question 2 is False. The image is well-lit and clear, but the quality score is not 1 because the table setting is somewhat simplistic and lacks additional elements that might be expected in a typical dining scene, such as food or a centerpiece."}, {"ans": [true, true, 1.0], "reasoning": "The image clearly shows a typewriter on a wooden table, with paper inserted and other papers around it. The typewriter is the main focus, and it is identifiable as a vintage or antique model. Upon closer inspection, it's evident that the ribbon is not visible, indicating it is either missing or not visible. The image is well-lit and in focus, showing the typewriter and its details clearly. Therefore, the answer to the first question is True because the image is showing a typewriter. The answer to the second question is True because the ribbon is not visible. The quality of the image is rated as 1 because it is clear and well-focused, and the key elements are easily identifiable."}, {"ans": [true, true, 1.0], "reasoning": "The image shows a winter jacket hanging on a hook. The jacket is a puffy, cream-colored coat with a fur-lined hood and buttons down the front. There is no visible zipper on the jacket. Therefore, the answer to Question 1 is True because the image is showing a winter jacket. The answer to Question 2 is True because the zipper is not visible on the jacket. The quality of the image is rated 1.0 because it is clear and well-lit, and the jacket is the main focus."}, {"ans": [true, false, 1.0], "reasoning": "The image clearly shows a sunflower with its characteristic yellow petals and a large brown center. The seeds are visible in the center of the sunflower, arranged in a spiral pattern. The image is well-lit and in focus, indicating a high-quality image. Therefore, the answer to Question 1 is True because the image is showing a sunflower. The answer to Question 2 is False because the seeds are visible in the image. The quality of the image is rated 1 because it is clear and well-focused."}, {"ans": [true, false, 0.9], "reasoning": "The image clearly depicts an elephant with a visible trunk, standing on a dirt road in a savannah. The presence of the trunk indicates that it is not missing. The image is of high quality, with clear details of the elephant and its surroundings, hence a quality score of 0.9."}, {"ans": [true, true, 0.9], "reasoning": "The image is showing a wooden rowboat on a lake. The boat is empty and there are no oars visible inside or outside the boat. The image is clear and well-lit, with a good view of the boat and its surroundings. The quality of the image is high, with a score of 0.9 out of 1. The absence of oars does not affect the quality score as per the instructions."}, {"ans": [true, false, 1.0], "reasoning": "The image clearly shows a snowman with three large snowballs stacked on top of each other, wearing a hat and scarf, and having a face. The snowman has buttons visible on its middle section. Therefore, the answer to the first question is True because the main object in the image is indeed a snowman. The answer to the second question is False because the buttons are visible on the snowman. The quality of the image is rated as 1 because it is clear and well-defined, showing all the necessary details of the snowman without any significant issues."}, {"ans": [true, false, 0.9], "reasoning": "The image shows a fountain pen on top of an open notebook. The pen is clearly visible and appears to be a high-quality fountain pen with a transparent ink reservoir, indicating the presence of ink. The nib is also visible, suggesting that it is a functional fountain pen. Therefore, the answer to Question 1 is True. For Question 2, since the ink is visible through the transparent reservoir, the ink is not missing or invisible, so the answer is False. The image is well-lit and in focus, with clear details of the pen and notebook, hence a high quality score of 0.9."}, {"ans": [true, false, 1.0], "reasoning": "The image clearly shows a paintbrush with visible bristles next to a paint palette. The paintbrush is the main object in the image, and it is present. Therefore, the answer to the first question is True. The bristles of the paintbrush are visible, so they are not missing or invisible. Hence, the answer to the second question is False. The image is of high quality as it clearly displays the paintbrush and the paint palette, and there are no visible issues that would detract from its quality."}, {"ans": [true, false, 1.0], "reasoning": "The image clearly shows a pair of eyeglasses with visible temples on a piece of paper. The presence of the eyeglasses with temples indicates that the main object is indeed eyeglasses, answering the first question as true. For the second question, since the temples are visible, it means they are not missing or invisible, so the answer is false. The image is clear and well-lit, showing the eyeglasses and the paper in detail, hence the quality is rated as 1."}, {"ans": [true, true, 0.9], "reasoning": "The image shows a person holding an umbrella on a rainy city street. The umbrella is the main object in question. For Question 1, the presence of an umbrella is confirmed, so the answer is True. For Question 2, the ribs of the umbrella are not visible, likely due to the angle and the fact that they are obscured by the umbrella's fabric and the rain, so the answer is True. The quality of the image is rated 0.9 because it is clear and well-composed, with good lighting and focus on the subject."}, {"ans": [true, false, 0.9], "reasoning": "The image is showing a wristwatch with a visible face and hour markers. The hour markers are visible on the outer rim of the watch face, indicating that they are not missing. The watch is displayed in a clear glass dome on a black stand, and the overall image quality is high, with clear details of the watch's mechanism and features."}, {"ans": [true, false, 0.9], "reasoning": "The image shows a camping tent, which is the main object in question. The tent appears to be set up with its fabric stretched over poles, indicating that the poles are present and visible. Therefore, the answer to Question 1 is True because the image is showing a camping tent. The answer to Question 2 is False because the poles are visible, supporting the tent's structure. The quality of the image is rated 0.9, as it is clear and well-lit, with no apparent issues that would detract from the visibility of the tent or its components."}, {"ans": [true, false, 0.9], "reasoning": "The image shows a traditional cuckoo clock with a wooden structure, a clock face, and decorative elements such as deer and pinecones. The weights are visible and appear to be made of pinecones, hanging from chains below the clock. The clock is mounted on a wooden wall, which adds to the traditional and rustic ambiance. The image is clear and well-defined, with good lighting that highlights the details of the clock and its surroundings. The quality of the image is high, with a score of 0.9, indicating that it is a good representation of a cuckoo clock. For question 1, the answer is True because the image does show a cuckoo clock. For question 2, the answer is False because the weights are visible and not missing."}, {"ans": [true, true, 1.0], "reasoning": "The image clearly shows a smartphone. The speaker grille is not visible from the angle the smartphone is shown, as the visible side is the front, and the speaker grille is typically located at the bottom or on the back. Therefore, the speaker grille is considered not visible."}, {"ans": [true, true, 0.8], "reasoning": "The image clearly shows a motorcycle parked on a road. The motorcycle is facing the camera, and its front end is visible. There is no visible speedometer on the motorcycle, suggesting it is either missing or not visible. The image is well-lit and in focus, with a clear view of the motorcycle and its surroundings. The quality of the image is rated 0.8 because it is a clear and well-composed photograph."}, {"ans": [true, true, 1.0], "reasoning": "The image shows a violin bow. The bow is lying on a red fabric background, and it appears to be a typical violin bow with a wooden stick and metal fittings. The bow hair is not visible, indicating that it is either missing or not visible. The image is clear and well-lit, showing the details of the bow."}, {"ans": [true, true, 0.8], "reasoning": "The image shows a birdcage hanging from a porch ceiling. The cage is made of gold-colored metal bars and has a dome-shaped top. There is no visible perch inside the cage. The quality of the image is rated 0.8 because it is well-lit and clear, with a good composition that highlights the birdcage."}, {"ans": [true, false, 0.9], "reasoning": "The image depicts a statue of a woman in a classical setting, with the statue being the main focus. The statue is intact and has a head, which is visible. Therefore, for Question 1, the answer is True because the image is showing a statue. For Question 2, the answer is False because the head is not missing; it is clearly visible. The quality of the image is rated 0.9, as it is clear and well-defined, with no apparent issues that would detract from its quality."}, {"ans": [true, false, 1.0], "reasoning": "The image clearly shows a teddy bear sitting on a bed. The teddy bear has a visible nose, which is brown in color. Therefore, for Question 1, the answer is True because the main object in the image is indeed a teddy bear. For Question 2, the answer is False because the nose is visible on the teddy bear. The quality of the image is rated as 1 because it is clear and well-defined, and the key elements are easily visible."}, {"ans": [true, false, 1.0], "reasoning": "The image clearly shows a pair of sneakers, which are the main object in the image. The laces are visible and present on both shoes, so they are not missing or invisible. The image is well-lit and in focus, with good resolution, hence the quality score is 1."}, {"ans": [true, false, 1.0], "reasoning": "The image clearly shows a refrigerator with its doors open, revealing the interior. The refrigerator is the main object in the image, and it is visible in its entirety. The door shelves are also visible on the inside of the doors. Therefore, the answer to Question 1 is True. Since the door shelves are visible, the answer to Question 2 is False. The image is of high quality, with clear details and proper lighting, so the quality score is 1."}, {"ans": [true, false, 1.0], "reasoning": "The image clearly depicts a group of people gathered around a campfire in a forest setting. The campfire is the central focus, with visible flames and sparks, indicating that the fire is burning. Therefore, for Question 1, the answer is True because the image is showing a campfire. For Question 2, the answer is False because the flames are visible and not missing. The quality of the image is rated as 1 because it is clear and well-defined, with all elements relevant to the questions clearly visible."}, {"ans": [true, false, 0.9], "reasoning": "The image shows a drinking fountain, which is a tall, silver, cylindrical structure with a spout and a button on the side. The fountain is located on the edge of a sidewalk in a park-like setting. Water is visible coming out of the spout, indicating that the fountain is operational and water is present. The image is clear and well-lit, with a good view of the fountain and its surroundings. The quality of the image is high, with a score of 0.9 out of 1. The presence of water coming out of the spout answers question 2, indicating that water is not missing or invisible."}, {"ans": [true, false, 0.9], "reasoning": "The image clearly shows a revolver with a visible trigger guard. The revolver is positioned on a green surface, and its details are well-defined. The trigger guard is present and visible, surrounding the trigger. Therefore, the answer to Question 1 is True because the image is showing a revolver. The answer to Question 2 is False because the trigger guard is not missing and is clearly visible. The quality of the image is rated 0.9 because it is clear and well-lit, with no significant obstructions or blurriness."}, {"ans": [true, false, 0.9], "reasoning": "The image depicts a detailed and ornate compass rose, which is the main object of focus. The compass rose is intricately designed with various elements, including a clear north arrow pointing upwards. The presence of the compass rose answers the first question affirmatively. For the second question, the north arrow is visible and not missing, so the answer is false. The image quality is rated 0.9 because it is clear and detailed, with no significant issues affecting the visibility of the main elements."}, {"ans": [true, false, 1.0], "reasoning": "The image clearly depicts skyscrapers, which are tall, modern buildings. Upon closer inspection, it is evident that many of the skyscrapers have visible windows, especially those that are illuminated from within. The presence of windows on the buildings is noticeable, indicating that they are not missing or invisible. Therefore, the answer to the first question is True because the image shows skyscrapers. The answer to the second question is False because the windows are visible on the skyscrapers. The quality of the image is rated as 1 because it is clear and well-defined, allowing for easy identification of the skyscrapers and their windows."}, {"ans": [true, true, 0.9], "reasoning": "The image depicts a man in a tuxedo standing on a podium, with his right hand raised. He is surrounded by musicians playing various instruments, indicating that he is a conductor leading an orchestra. The presence of the man and the context strongly suggest that he is a conductor. His right hand is raised, and there is no visible baton in either of his hands, suggesting that the baton is either missing or not visible. The image is clear and well-lit, with the main subject (the conductor) prominently featured, hence the high-quality score."}, {"ans": [false, true, 1.0], "reasoning": "The image shows a soccer field, but there is no soccer goal visible in the image. Therefore, the answer to Question 1 is False. Since there is no soccer goal, the crossbar is also not visible, making the answer to Question 2 True. The image quality is rated 1 because it clearly shows the soccer field, and the absence of a soccer goal does not negatively impact the quality score as per the instructions."}, {"ans": [true, false, 0.9], "reasoning": "The image clearly shows a microscope on a table. The microscope has eyepieces and objective lenses visible, indicating that it is not missing lenses. The presence of the microscope in the image answers the first question affirmatively. For the second question, since the lenses are visible, they are not considered missing or not visible. The image quality is rated high because it clearly displays the microscope and its components."}]