[{"ans": [true, true, 1.0], "reasoning": "The image shows a sailboat on calm waters with a clear blue sky in the background. The boat has a mast and rigging but no visible sails. The presence of the mast and rigging indicates that it is a sailboat, even though the sails are not visible. Therefore, the answer to Question 1 is True. For Question 2, since the sails are not visible, the answer is True. The image is clear and well-lit, showing the details of the boat and the surrounding environment, so the quality is rated as 1.0."}, {"ans": [true, true, 0.8], "reasoning": "The image is showing a bicycle, so the answer to the first question is True. The chain of the bicycle is not visible, so the answer to the second question is True. The quality of the image is rated 0.8 because it is clear and well-lit, showing the bicycle in detail."}, {"ans": [true, false, 0.9], "reasoning": "The image clearly shows a cat, satisfying the first question. Upon closer inspection, the cat's whiskers are visible, indicating that they are not missing or invisible. Thus, the answer to the second question is false. The image is well-lit and focused on the cat, with good clarity of the cat's features, including its whiskers, hence a high-quality score of 0.9."}, {"ans": [true, false, 0.8], "reasoning": "The image depicts a ruined castle with a large stone structure and a grassy area in front of it. The castle's facade is visible, showing its stone walls and towers. There is an entrance to the castle with a visible gate, although it appears to be damaged or hanging off its hinges. The presence of the castle satisfies the first question. For the second question, the gates are visible, even though they are not in a typical or fully functional state, so they are not considered missing or invisible. The quality of the image is rated 0.8 because it is clear and shows the details of the castle and its surroundings."}, {"ans": [true, false, 0.9], "reasoning": "The image is clearly showing a hot-air balloon, and the basket is visible and attached to the balloon. The quality of the image is high, with clear details of the balloon and the surrounding environment. The presence of the basket is evident, so it is not missing or invisible."}, {"ans": [true, false, 0.9], "reasoning": "The image clearly shows a turtle with a visible shell. The turtle is on a beach with water around it, and the shell is covered in algae or moss, indicating it is present and visible. Therefore, the answer to the first question is True because the main object, a turtle, is present. The answer to the second question is False because the shell is visible. The quality of the image is rated 0.9, as it is clear and well-focused, with no significant issues that would detract from the visibility of the turtle or its shell."}, {"ans": [true, false, 0.7], "reasoning": "The image is showing a train at a station, and the train appears to be in the center of the image. The wheels of the train are visible, so they are not missing or invisible. The image is distorted and has a glitchy effect, but it is still possible to make out the main elements. The quality of the image is somewhat compromised due to the distortion, but it is still clear enough to answer the questions."}, {"ans": [true, false, 1.0], "reasoning": "The image clearly shows a pair of eyeglasses with lenses on a reflective surface. The presence of the eyeglasses with lenses directly answers the first question. For the second question, the lenses are visible, so they are not missing or not visible. The image is clear and well-lit, showing the eyeglasses and lenses in detail, hence the quality score is 1.0."}, {"ans": [true, false, 1.0], "reasoning": "The image shows a fountain pen with a visible nib, which is the main object. The nib is clearly visible and not missing. The image is of high quality, with clear details of the pen and its nib."}, {"ans": [true, false, 1.0], "reasoning": "The image depicts an umbrella with a damaged canopy, but the canopy is still partially visible. The main object in the image is an umbrella, so the answer to the first question is True. Since the canopy is visible, albeit damaged, the answer to the second question is False. The image is clear and well-lit, showing the details of the umbrella and the surrounding environment, so the quality score is 1.0."}, {"ans": [true, false, 1.0], "reasoning": "The image clearly shows an airplane on a runway, with its wings visible on both sides of the fuselage. The presence of the airplane is evident, answering the first question affirmatively. For the second question, the wings are not missing and are clearly visible, so the answer is false. The image is of high quality as it is clear and well-defined, capturing the details of the airplane and its surroundings."}, {"ans": [true, false, 0.9], "reasoning": "The image is showing a desk lamp, which is the main object. The lamp appears to be gold and is positioned above an open book. The bulb is visible inside the lamp, so it is not missing. The image is clear and well-lit, with a clear view of the lamp and the book. The quality of the image is high, with a score of 0.9."}, {"ans": [true, false, 0.9], "reasoning": "The image clearly shows an electric guitar with a visible neck, answering the first question as True. For the second question, since the neck is visible, the answer is False. The quality of the image is rated 0.9 because it is clear and well-lit, with no significant issues affecting the visibility of the main subject, the electric guitar."}, {"ans": [true, false, 0.8], "reasoning": "The image shows a fish, likely made of glass or crystal, lying on a bed of ice crystals. The fish has visible fins, so the answer to the first question is True. The fins are visible, so the answer to the second question is False. The image is well-lit and in focus, with a clear view of the fish and its surroundings, hence the quality score is 0.8. The slight deduction is due to the presence of some blur in the background."}, {"ans": [true, false, 1.0], "reasoning": "The image shows a cottage with a roof. The cottage is centered in the image and has a red brick exterior, a brown door, and a tiled roof. The roof is visible and appears to be intact, with no signs of damage or missing sections. The image is clear and well-composed, with a good balance of colors and a clear view of the cottage and its surroundings."}, {"ans": [true, false, 0.9], "reasoning": "The image shows a vintage convertible car with its top down, and the windshield is visible. The presence of the car is clear, so the answer to the first question is True. The windshield is present and visible, so the answer to the second question is False. The image is clear and well-lit, showing the details of the car, hence a high quality score of 0.9."}, {"ans": [true, false, 0.9], "reasoning": "The image shows a transparent keyboard with illuminated keys, indicating it is a keyboard. The spacebar is visible and not missing."}, {"ans": [true, false, 0.9], "reasoning": "The image depicts an owl perched on a tree branch, with its feathers visible. The owl's body is covered in feathers, which are clearly visible despite the dim lighting. The image quality is good, with a clear view of the owl's features and its surroundings."}, {"ans": [true, false, 0.9], "reasoning": "The image is showing a large, leather-bound book with visible pages. The book is open and lying on a wooden table, with its cover standing upright behind it. The pages are visible and appear to be yellowed with age. The image is well-lit and clear, with a high level of detail. The quality of the image is high, with a score of 0.9 out of 1. The main object in the image is a book, so the answer to the first question is True. The pages of the book are visible, so the answer to the second question is False."}, {"ans": [true, false, 0.9], "reasoning": "The image clearly depicts a lighthouse, which is the main object in question. The lighthouse is shown with a lamp at the top, enclosed in a glass-enclosed lantern room surrounded by a metal cage. The presence of the lamp is evident, so the lamp is not missing or invisible. The image is of high quality, capturing the details of the lighthouse and its surroundings during a stormy weather condition."}, {"ans": [true, false, 1.0], "reasoning": "The image shows a cream-colored armchair with a patterned rug underneath it. The chair has a visible base with legs, which are partially obscured by the rug but still visible. The first question asks if the image is showing an armchair, which it is, so the answer is True. The second question asks if the legs are missing or not visible. Since the legs are visible, albeit partially, the answer is False. The image is clear and well-lit, and there are no obvious issues with its quality, so the quality score is 1.0."}, {"ans": [true, true, 0.9], "reasoning": "The image depicts a deer standing in a forest, facing the camera. The deer appears to be without antlers, as there are no visible antlers on its head. The image is clear and well-lit, with the deer as the main subject. The quality of the image is high, with a score of 0.9, indicating that it is a good representation of the scene. The absence of antlers is not considered a factor in determining the quality of the image."}, {"ans": [true, true, 1.0], "reasoning": "The image shows a pink envelope on a marble surface. The envelope is positioned at an angle, with its flap not visible. For Question 1, the main object in the image is indeed an envelope, so the answer is True. For Question 2, the flap of the envelope is not visible, so the answer is True. The quality of the image is rated 1 because it is clear and well-lit, and the envelope is the main focus."}, {"ans": [true, true, 1.0], "reasoning": "The image is showing a wall clock, which is the main object in question. The clock face is white with black hands, but it lacks numbers on its face. Therefore, the answer to the first question is True because the image is showing a wall clock. The answer to the second question is also True because the numbers are missing from the clock face. The quality of the image is rated as 1 because it is clear and well-defined, and the absence of numbers on the clock does not detract from its overall quality."}, {"ans": [true, false, 0.9], "reasoning": "The image depicts a person in a white space suit submerged in a pool of water. The suit appears to be a space suit due to its bulky design and the presence of various components attached to it. The helmet is visible and appears to be part of the suit, as it is connected to the rest of the suit and has a reflective visor. The image is clear and well-lit, with good visibility of the subject. Therefore, the answer to Question 1 is True, as the image is showing a space suit. The answer to Question 2 is False, as the helmet is visible. The quality of the image is rated 0.9, as it is clear and well-defined, with no significant issues affecting its visibility."}, {"ans": [true, false, 0.8], "reasoning": "The image is showing a windmill with visible blades, so the answer to the first question is True. The blades are visible, so the answer to the second question is False. The image quality is good, with the windmill and its blades clearly visible despite some overlay effects, so the quality score is 0.8."}, {"ans": [true, true, 1.0], "reasoning": "The image prominently features a large tree with sprawling branches, indicating that it is indeed showing a tree. The tree appears to be without leaves, as the branches are bare. Therefore, the answer to the first question is True. For the second question, since the tree is without leaves, the leaves are considered missing or not visible, making the answer True. The image is clear and well-lit, with the sun shining through the branches, contributing to its high quality. Hence, the quality rating is 1.0."}, {"ans": [true, true, 0.8], "reasoning": "The image shows a collection of yellow school buses parked in a lot. The buses are visible from the front and side, with some appearing to be in a state of disrepair or storage. The image is distorted and pixelated, with some areas obscured by black squares. Despite the distortion, it is clear that the main objects in the image are buses. The doors of the buses are not clearly visible due to the distortion and pixelation, making it difficult to determine if they are present or not. Therefore, the answer to the first question is True, as the image is showing buses. The answer to the second question is also True, as the doors are not clearly visible or appear to be missing due to the distortion."}, {"ans": [true, true, 0.8], "reasoning": "The image shows a laptop with its screen open and visible, but the screen itself is not displaying any content and appears to be damaged or broken, as indicated by the cracked and shattered glass. The laptop is clearly identifiable, so the answer to the first question is True. The screen is visible but damaged, so the answer to the second question is True because it is not functional or visible in the sense of displaying content. The quality of the image is rated 0.8 because it is clear and well-lit, allowing for the details of the laptop to be seen."}, {"ans": [false, true, 1.0], "reasoning": "The image depicts a saxophone, not a trumpet. Therefore, the answer to the first question is False. The mouthpiece of the saxophone is not visible, so the answer to the second question is True. The image is clear and well-lit, showing the saxophone in detail, so the quality is rated as 1."}, {"ans": [true, false, 0.9], "reasoning": "The image clearly depicts a robot, which is the main object in question. The robot is shown with a visible head, enclosed in a transparent helmet. Therefore, for Question 1, the answer is True because the image is showing a robot. For Question 2, the answer is False because the head is visible, albeit covered by a helmet. The quality of the image is rated 0.9, indicating a high level of clarity and detail, with no significant issues affecting the visibility of the main subject."}, {"ans": [true, true, 1.0], "reasoning": "The image shows a candle on a silver tray. The candle appears to be made of wax and has a cylindrical shape. There is no visible wick on the candle. The image is clear and well-lit, allowing for a good view of the candle and its surroundings."}, {"ans": [true, false, 0.9], "reasoning": "The image clearly shows a pizza, which is the main object. The pizza is topped with tomato sauce, basil leaves, and what appears to be mozzarella cheese, indicating that cheese is present and visible. Therefore, the answer to the first question is True because the image is showing a pizza. The answer to the second question is False because the cheese is visible on the pizza. The quality of the image is rated 0.9, as it is clear and well-lit, with no significant issues affecting the visibility of the pizza or its toppings."}, {"ans": [true, true, 0.8], "reasoning": "The image shows a DSLR camera body with the lens removed, exposing the internal mechanisms. The camera body is clearly visible, so the answer to the first question is True. The lens is not attached to the camera body, so it is considered missing, making the answer to the second question True. The image is well-lit and in focus, but the presence of a wooden background and other objects might slightly distract from the main subject. However, the camera is the main focus, and the image is clear enough to identify it as a DSLR camera. Therefore, the quality score is 0.8."}, {"ans": [true, false, 0.9], "reasoning": "The image shows a grand piano on a stage in an auditorium. The piano is damaged and has its top lifted, but the keys are still visible. The presence of the piano answers the first question affirmatively. For the second question, since the keys are visible, they are not considered missing or not visible. The image quality is rated high because it clearly shows the main object and its details."}, {"ans": [true, false, 0.8], "reasoning": "The image shows a palette with paint and two paintbrushes. The paintbrushes are visible, with one of them having bristles that are partially visible and covered in paint. The presence of the paintbrushes indicates that the image is showing a paintbrush, fulfilling the first question's condition. For the second question, since the bristles are visible on at least one brush, it indicates that the bristles are not missing or not visible, answering the second question as False. The quality of the image is rated 0.8 because it is clear and well-focused on the subject matter, despite being a close-up that might slightly limit the context."}, {"ans": [true, true, 0.9], "reasoning": "The image is showing a watch without a strap. The watch is clearly visible on a granite countertop, and the absence of a strap is evident. The image quality is high, with clear details of the watch and its surroundings. The quality score is 0.9 because the image is sharp and well-lit, but not perfect due to minor blur around the edges."}, {"ans": [true, true, 0.8], "reasoning": "The image is a double-exposure photograph showing a dental procedure and an X-ray of a human skull. The X-ray clearly shows the mouth and jaw area, indicating that the image is showing a mouth. However, the tongue is not visible in the X-ray or the dental procedure. The quality of the image is good, with clear details visible in both the X-ray and the dental procedure. The double exposure does not significantly detract from the quality."}, {"ans": [true, true, 0.9], "reasoning": "The image depicts a motorcycle, which is the main object in question. The motorcycle is present in the center of the image, indicating that the answer to the first question is True. Upon closer inspection, it appears that the handlebars of the motorcycle are not visible due to the damage and distortion caused by the surrounding environment, suggesting that they might be missing or obscured. Therefore, the answer to the second question is also True. The overall quality of the image is rated as 0.9, indicating a high level of clarity and detail, despite the presence of some visual effects and distortion."}, {"ans": [true, false, 1.0], "reasoning": "The image clearly shows a television set, albeit an old and modified one with its back and bottom panels removed, exposing the internal components. The screen is present and visible, although it is reflecting some light and showing the internal elements. Therefore, for Question 1, the answer is True because the main object is indeed a television. For Question 2, the answer is False because the screen is not missing; it is visible. The quality of the image is rated as 1 because it is clear and well-defined, with no significant issues that would detract from the visibility of the television or its screen."}, {"ans": [true, false, 0.9], "reasoning": "The image depicts a mountain goat standing on a rocky outcrop. The goat appears to have horns, which are visible on its head. The image is clear and well-defined, showing the details of the goat's fur and the rocky terrain. The presence of horns is evident, so the answer to the second question is false. The quality of the image is rated 0.9 because it is sharp and clear, with good lighting that highlights the subject."}, {"ans": [true, true, 0.9], "reasoning": "The image is showing a red sneaker with a white sole, which is wrapped in plastic. The sneaker is sitting on a bench in front of a row of lockers. The laces are not visible, as the shoe appears to be sealed in plastic wrap. Therefore, the answer to the first question is True because the image is showing a sneaker. The answer to the second question is True because the laces are not visible due to the plastic wrapping. The quality of the image is rated 0.9 because it is clear and well-lit, with no significant distractions or issues that would detract from the main subject."}, {"ans": [true, true, 0.8], "reasoning": "The image shows a green frog sitting on a lily pad in the water. The frog is facing to the left, and its body is mostly visible. However, its eyes are not visible as they are either not present or not visible due to the angle of the frog's head. The image is clear and well-lit, showing the details of the frog's skin and the surrounding environment. The quality of the image is rated 0.8 because it is slightly blurry and the water is not perfectly clear, but it is still possible to identify the main object and its features."}, {"ans": [true, false, 0.9], "reasoning": "The image shows a mug with a floral pattern on it, and the handle is visible. The mug is placed on a saucer, and the overall quality of the image is high, with clear details of the mug and its pattern. The handle is clearly visible, so it is not missing or not visible."}, {"ans": [true, false, 0.8], "reasoning": "The image shows a saxophone with its keys visible, so it is a saxophone. The keys are visible, so they are not missing or not visible. The quality of the image is rated 0.8 because it is clear and well-lit, but the background is somewhat distracting."}, {"ans": [true, true, 0.8], "reasoning": "The image shows a skateboard deck lying on the ground, partially submerged in a puddle of water. The deck is visible and appears to be the main object in the image. The wheels are not visible, as they are either missing or submerged in the water. The image is clear and well-lit, with good resolution, hence the quality score of 0.8."}, {"ans": [true, false, 1.0], "reasoning": "The image shows a fedora hat on a stand. The fedora is clearly visible and has a brim, which is also visible. Therefore, the answer to Question 1 is True because the image is showing a fedora. The answer to Question 2 is False because the brim is not missing and is visible. The quality of the image is rated 1 because it is clear and well-lit, and the key elements are visible."}, {"ans": [true, false, 0.8], "reasoning": "The image shows a motorcycle helmet with a visor. The visor is clear and appears to be attached to the helmet. The helmet is sitting on a workbench with various tools hanging on the wall behind it. The image is well-lit and in focus, suggesting a high-quality image. The presence of the visor on the helmet answers question 2 as false because it is not missing or not visible."}, {"ans": [true, false, 1.0], "reasoning": "The image shows a bedframe with a mattress. The bedframe is ornately carved and has four posts. The mattress is visible and appears to be covered with a yellow and white blanket or comforter. The image is clear and well-lit, showing the details of the bedframe and the mattress. Therefore, the answer to Question 1 is True because the image is showing a bedframe with a mattress. The answer to Question 2 is False because the mattress is visible. The quality of the image is rated 1 because it is clear and well-lit, and there are no visible distortions or issues that would detract from the viewer's ability to see the bedframe and mattress."}, {"ans": [true, false, 0.9], "reasoning": "The image depicts a tall, stone tower with a clock face visible on one side near the top. The presence of the clock face indicates that the tower is a clock tower. Therefore, the answer to Question 1 is True because the image is showing a clock tower. For Question 2, the clock face is clearly visible, so the answer is False because the clock face is not missing or not visible. The quality of the image is rated 0.9 because it is clear and well-lit, with no significant obstructions or distortions that would hinder the visibility of the clock tower or its details."}, {"ans": [true, false, 0.95], "reasoning": "The image is showing a pocket watch with its inner mechanisms visible through a transparent cover. The hands of the watch are present and visible, indicating the time. Therefore, the answer to Question 1 is True because the main object is a pocket watch. The answer to Question 2 is False because the hands are not missing; they are clearly visible. The quality of the image is rated 0.95 out of 1 because it is a high-resolution image with clear details of the pocket watch and its mechanisms. The absence of hands is not a factor in the quality rating as per the instructions."}, {"ans": [true, true, 0.8], "reasoning": "The image clearly shows two bicycles leaning against a stone wall. The bicycles are red and have distinct features such as handlebars, seats, and wheels. However, the pedals are not visible on either bicycle, suggesting they are either missing or not visible due to the angle or obstruction. The image is well-lit and in focus, capturing the details of the bicycles and the surrounding environment. The quality of the image is rated 0.8 because it is clear and well-defined, with no significant issues affecting the visibility of the main objects."}, {"ans": [true, false, 0.8], "reasoning": "The image shows a portrait of a woman, which is the main object. The portrait is visible and appears to be a painting of a woman with her eyes visible, although the quality of the image is somewhat abstract and impressionistic. The eyes are not missing or invisible, they are visible in the portrait. The quality of the image is rated 0.8 because it is an impressionistic representation, but it does not lack key elements."}, {"ans": [true, true, 0.8], "reasoning": "The image is showing a grand piano on a stage with multiple spotlights shining down. The piano is the main object in the image, and it is clearly visible despite the haze and multiple exposures. The hammers of the piano are not visible, likely due to the angle of the camera and the haze. The image quality is good, with a clear view of the piano and the surrounding stage. The haze and multiple exposures do not detract from the overall quality of the image. Therefore, the answer to Question 1 is True, as the image is showing a grand piano. The answer to Question 2 is also True, as the hammers are not visible. The quality of the image is rated 0.8, as it is a high-quality image with some minor issues due to the haze and multiple exposures."}, {"ans": [true, true, 0.9], "reasoning": "The image depicts a sailing ship with three masts and rigging, indicating it is a sailing vessel. However, the sails are not visible, suggesting they are either missing or not visible. The image is of high quality, with clear details of the ship's hull, masts, and rigging, hence a quality score of 0.9."}, {"ans": [true, false, 1.0], "reasoning": "The image depicts a tree with a large canopy and a trunk that transitions into a skeleton. The tree is centered in the image and has a wide, rounded crown with many branches covered in leaves. The trunk of the tree is thick and gnarled, with visible roots at the base. The lower part of the trunk is depicted as a skeleton, which is an artistic representation rather than a realistic image. The presence of leaves on the tree indicates that it is not missing or invisible. Therefore, the answer to Question 1 is True because the image is showing an oak-like tree with leaves. The answer to Question 2 is False because the leaves are visible on the tree. The quality of the image is rated as 1 because it is clear and well-defined, with no visible distortions or degradations that would affect the interpretation of the image."}, {"ans": [true, false, 1.0], "reasoning": "The image depicts a cottage, which is the main object, so the answer to the first question is True. The door is visible on the left side of the cottage, so the answer to the second question is False. The image is clear and detailed, showing the cottage and its surroundings, so the quality is rated as 1."}, {"ans": [true, false, 0.9], "reasoning": "The image clearly shows a passenger jet on the tarmac, with its wings visible. The presence of the wings is evident as they are seen on either side of the fuselage, extending outwards. Therefore, for Question 1, the answer is True because the image is showing a passenger jet. For Question 2, the answer is False because the wings are not missing or invisible; they are clearly visible. The quality of the image is rated 0.9 because it is clear and well-focused on the main subject, the passenger jet, with no significant obstructions or blurriness affecting the visibility of the key elements."}, {"ans": [true, true, 0.8], "reasoning": "The image shows a wristwatch, so the answer to the first question is True. The numbers on the wristwatch are not visible, so the answer to the second question is True. The quality of the image is rated 0.8 because it is slightly blurry."}, {"ans": [true, false, 0.9], "reasoning": "The image shows a pizza with a red sauce base, topped with basil leaves and what appears to be cheese or other toppings. The crust is visible and slightly charred. The presence of a crust, sauce, and toppings indicates that it is a pizza. For the second question, the cheese is visible on the pizza, particularly on the right side, so it is not missing or invisible. The image is clear and well-lit, showing the details of the pizza, hence the high quality score."}, {"ans": [true, false, 0.8], "reasoning": "The image clearly shows multiple traffic signals hanging above the street. Some of these traffic signals have visible lights, such as red and green, indicating that they are operational. Therefore, for Question 1, the answer is True because the image is showing traffic signals. For Question 2, the answer is False because the lights are visible on the traffic signals, indicating they are not missing or invisible. The quality of the image is rated 0.8 because, while it is clear and well-lit, the intense sunlight and potential lens flare slightly reduce the clarity of some details."}, {"ans": [true, true, 1.0], "reasoning": "The image shows a skateboard deck with paint on it, lying on the ground. The skateboard is visible, so the answer to the first question is True. The wheels are not visible, as only the deck is present, so the answer to the second question is True. The image is clear and well-lit, with no issues that would affect its quality, so the quality score is 1."}, {"ans": [true, false, 0.9], "reasoning": "The image depicts a chessboard with pieces arranged on it, indicating that it is indeed a chessboard. The presence of both white and black pieces is visible, although the black pieces are positioned at the back and appear to be intricately designed. The chessboard itself is clearly visible and appears to be made of wood. Therefore, the answer to the first question is True. For the second question, the black pieces are visible on the board, albeit at the back, so they are not missing or invisible. Hence, the answer to the second question is False. The quality of the image is rated 0.9 because it is clear and well-lit, with the chessboard and pieces being the main focus."}, {"ans": [true, false, 0.9], "reasoning": "The image is showing a sports car, which is the main object. The brakes are visible as part of the wheels, so they are not missing or invisible. The image quality is high, with clear details of the car and its surroundings."}, {"ans": [true, true, 1.0], "reasoning": "The image is showing a large, open book on a wooden table, with other bookshelves in the background. The book is clearly visible and is the main focus of the image. The text within the book is not visible, as the pages appear to be blank. Therefore, the answer to the first question is True, as the image is showing a book. The answer to the second question is also True, as the text is not visible within the book. The quality of the image is rated as 1.0, as it is clear and well-defined, with no visible distortions or issues."}, {"ans": [true, false, 0.9], "reasoning": "The image shows a computer tower with its side panel removed, revealing the internal components. The main object in the image is indeed a computer tower. The fans are visible and appear to be part of the cooling system, so they are not missing. The image is clear and well-lit, showing the internal components in detail, hence the high quality score."}, {"ans": [true, false, 0.9], "reasoning": "The image depicts a scarecrow in a field, which is the main object. The scarecrow appears to be made of straw and is dressed in a plaid shirt. It has visible arms, which are part of the straw structure. The image is clear and well-composed, with a good balance of elements. The quality of the image is rated 0.9 because it is sharp and well-lit, with no significant distractions or defects. The presence of arms on the scarecrow answers the second question, indicating that the arms are not missing or invisible."}, {"ans": [true, false, 0.8], "reasoning": "The image depicts a group of knights on horseback, with the central figure being a knight. The knights are wearing armor and are positioned in a crowded formation. The image is clear and detailed, showing the texture of the armor and the horses. The sword is visible on the knight's hip, indicating that it is not missing. The quality of the image is high, with good lighting and detail. However, the image is not perfect, as it appears to be a painting or digital art rather than a photograph, which might slightly reduce its quality score."}, {"ans": [true, false, 1.0], "reasoning": "The image is showing a teapot with a floral pattern on it. The teapot has a handle and a spout, and it is sitting on a wicker tray. The handle is visible and appears to be intact. The image is clear and well-lit, with no visible distortions or obstructions. Therefore, the answer to the first question is True, as the image is showing a teapot. The answer to the second question is False, as the handle is not missing or invisible. The quality of the image is rated as 1, as it is clear and well-defined."}, {"ans": [true, false, 0.7], "reasoning": "The image is a heavily distorted and layered representation of a basketball hoop. Despite the distortion, the presence of a basketball hoop is discernible, with a visible rim and net. The net is partially visible and appears to be intact, although it is difficult to ascertain its condition due to the image's distortion. The overall quality of the image is compromised by the heavy layering and distortion, but it is still possible to identify the main elements. Therefore, the answer to the first question is True because a basketball hoop is visible. The answer to the second question is False because the net is visible, albeit distorted. The quality score is 0.7, reflecting the image's distortion but not penalizing it for the visibility of the net."}, {"ans": [true, false, 0.9], "reasoning": "The image is showing a dining table with multiple place settings, each with plates, napkins, and glasses. The glasses are clearly visible on the table, so the answer to the second question is False. The image is of high quality, with clear details of the table setting, so the quality score is 0.9. The presence of glasses is not a factor in determining the quality score."}, {"ans": [true, true, 1.0], "reasoning": "The image clearly shows a typewriter with its internal mechanisms exposed. The ribbon spools are visible on the left side, but the ribbon itself is not visible between the hammers and the platen, indicating it is either missing or not visible. The image is of high quality as it is clear and well-focused on the typewriter."}, {"ans": [true, false, 0.8], "reasoning": "The image shows multiple winter jackets hanging on a rack. The central jacket is clearly visible and appears to be a winter jacket, fulfilling the first question's condition. Upon closer inspection, the central jacket has buttons down the front, but there is no visible zipper. However, the presence or absence of a zipper does not affect the primary identification of the garment as a winter jacket. For the second question, the zipper is not visible on the central jacket, but it is also not the only jacket in the image. The question is specifically about the winter jacket, which is present, so the first answer is True. For the second question, since the central jacket is fastened with buttons and does not show a zipper, it can be inferred that the zipper is either missing or not visible, but the presence of buttons and the absence of a visible zipper suggests it might be designed without a zipper. Thus, the answer to the second question is False because the zipper is not 'missing' in the context that it's not a required element for the jacket's design. The quality of the image is rated 0.8 because it is clear and well-lit, showing the details of the jackets, even though the jackets are not perfectly straight or centered."}, {"ans": [true, false, 0.9], "reasoning": "The image is clearly showing a sunflower, so the answer to the first question is True. The seeds are visible on the sunflower, so the answer to the second question is False. The image is well-lit and in focus, but the quality is slightly compromised due to the presence of a circular filter or overlay, hence the quality score is 0.9."}, {"ans": [true, true, 0.8], "reasoning": "The image is showing an elephant, but the trunk is not visible as it is possibly obscured by the dust or the angle of the elephant's head. The image quality is good, with clear details of the elephant's body, but the dust and the angle of the photo make it difficult to see the trunk."}, {"ans": [true, true, 0.8], "reasoning": "The image shows a wooden boat, likely a rowboat, with peeling paint and a worn appearance. The boat is positioned in calm water, with trees visible in the background. The oars are not visible inside the boat or around it, suggesting they are missing. The image is clear and well-lit, with good detail visible on the boat and its surroundings. The quality of the image is rated 0.8 due to minor wear and tear visible on the boat, but it does not affect the main elements of the scene."}, {"ans": [true, false, 1.0], "reasoning": "The image is showing a snowman, and the buttons are visible on the snowman's body, so the answer to the first question is True and the second question is False. The image is clear and well-defined, with the snowman and its details easily visible, so the quality score is 1."}, {"ans": [true, false, 0.9], "reasoning": "The image shows two fountain pens, one with a clear body and the other with a red body. The clear body pen allows the ink to be visible, indicating that it is not missing. The image is well-lit and in focus, with a clear view of the pens and the surrounding objects. The quality of the image is high, with a score of 0.9 out of 1. The presence of ink in the clear pen answers the second question, indicating that the ink is not missing or not visible."}, {"ans": [true, true, 0.8], "reasoning": "The image shows a paintbrush with a wooden handle, but the bristles are not visible. The presence of the handle indicates that it is a paintbrush, so the answer to the first question is True. The bristles are not visible, so the answer to the second question is True. The image is of high quality in terms of clarity and detail, but the presence or absence of bristles does not affect the quality score as per the instructions."}, {"ans": [true, false, 1.0], "reasoning": "The image clearly shows a pair of eyeglasses with visible temples, lying on a bed of torn newspaper. The presence of the eyeglasses directly answers the first question, confirming that the image is showing eyeglasses. For the second question, the temples are visible, so they are not missing or invisible. The image is clear and well-lit, with the eyeglasses being the main focus, hence the quality is rated as 1."}, {"ans": [true, false, 0.9], "reasoning": "The image is showing an umbrella, so the answer to the first question is True. The ribs of the umbrella are visible, so the answer to the second question is False. The quality of the image is rated 0.9 because it is clear and well-lit, with no significant issues affecting its visibility."}, {"ans": [true, true, 0.8], "reasoning": "The image shows a wristwatch with its back open, revealing the intricate mechanical components inside. The watch is clearly visible, so the answer to the first question is True. The hour markers are not visible because the image is taken from the back of the watch, so the answer to the second question is True. The quality of the image is rated 0.8 because it is clear and well-lit, but it does not show the front of the watch."}, {"ans": [true, false, 0.9], "reasoning": "The image clearly shows a camping tent. The tent is set up with poles visible inside and outside the tent fabric, indicating that the poles are present and not missing. The quality of the image is high, with clear details of the tent and its surroundings."}, {"ans": [false, true, 0.8], "reasoning": "The image is a close-up of a highly detailed and intricate wooden carving, possibly a cuckoo clock. The carving depicts a forest scene with various animals and figures. However, the image does not clearly show the entire clock or its typical features like a clock face or a bird. The weights are not visible in the image. The quality of the image is good, with clear details of the carving, but it is a close-up, so it is difficult to determine the overall structure of the clock."}, {"ans": [true, true, 0.8], "reasoning": "The image is showing a smartphone encased in a protective cover. The phone is standing upright on a reflective surface, and its screen is not visible. The back of the phone is covered with a clear or transparent case that has a marbled design. The speaker grille is not visible from the angle the photo is taken, as it is showing the side of the phone. Therefore, for Question 1, the answer is True because the image is showing a smartphone. For Question 2, the answer is True because the speaker grille is not visible from the angle the photo is taken. The quality of the image is rated 0.8 because it is clear and well-lit, with a shallow depth of field that blurs the background effectively."}, {"ans": [true, true, 0.8], "reasoning": "The image depicts a motorcycle, which is the main object in question. The motorcycle is shown in a state of disarray, with parts scattered around it, indicating that it has likely been involved in an accident or crash. The speedometer is not visible, likely due to the damage sustained by the motorcycle. Therefore, the answer to the first question is True, as the image is showing a motorcycle. The answer to the second question is also True, as the speedometer is not visible. The quality of the image is rated at 0.8, indicating that it is a clear and well-defined image, despite the damage to the motorcycle."}, {"ans": [true, false, 0.8], "reasoning": "The image shows multiple violin bows, some of which have visible hair. The presence of the bows is clear, and the hair on some of them is visible, indicating that not all bows have missing or invisible hair. The quality of the image is rated 0.8 due to the clarity of the bows and the fabric background, despite some reflections on the plastic cover."}, {"ans": [true, false, 0.9], "reasoning": "The image depicts a birdcage hanging from the ceiling of a gazebo, with a perch visible inside the cage. The birdcage is the main object in the image, and it is clearly visible. Therefore, the answer to Question 1 is True. The perch is also visible inside the birdcage, so the answer to Question 2 is False. The image is well-lit and clear, with good details, so the quality score is 0.9."}, {"ans": [true, true, 1.0], "reasoning": "The image shows a statue, which is the main object. The head of the statue is not visible, as it is cropped out of the frame. Therefore, the head is considered missing or not visible. The image is clear and well-lit, with no visible distortions or issues that would affect its quality."}, {"ans": [true, false, 0.8], "reasoning": "The image depicts a large, cream-colored teddy bear with a visible nose, sitting on a bed. The teddy bear is the main object in the image, and it is clearly visible. The nose of the teddy bear is also visible, indicating that it is not missing. The image is well-lit and in focus, suggesting a high-quality image. However, the quality score is not 1 due to the slight overexposure of the image, which may be due to the lighting conditions."}, {"ans": [true, false, 1.0], "reasoning": "The image clearly shows a pair of white sneakers, so the answer to the first question is True. The laces are visible and appear to be intact, so the answer to the second question is False. The image is clear and well-lit, with no visible distortions or obstructions, so the quality is rated as 1."}, {"ans": [true, false, 0.9], "reasoning": "The image shows a refrigerator with its doors open, revealing the interior. The shelves inside the refrigerator are visible, and there are items stored on them. The door shelves on the right door are also visible and contain various items. Therefore, the answer to Question 1 is True because the image is showing a refrigerator. The answer to Question 2 is False because the door shelves are visible on the right door. The quality of the image is rated 0.9 because it is clear and well-lit, with no significant issues affecting the visibility of the main object or its components."}, {"ans": [true, false, 1.0], "reasoning": "The image depicts three women sitting around a campfire in a forest, with the campfire being the central object. The campfire is visible and appears to be burning, with flames present. Therefore, the answer to Question 1 is True because the image is showing a campfire. The answer to Question 2 is False because the flames are visible and not missing. The quality of the image is rated 1 because it is clear and well-defined, with no visible distortions or issues that would detract from the overall quality."}, {"ans": [true, false, 0.9], "reasoning": "The image clearly shows a drinking fountain with water flowing from it, indicating that it is present and visible. The presence of the drinking fountain is evident, and the water is flowing, so it is not missing. The image is well-lit and in focus, with a clear view of the fountain and its surroundings, contributing to a high-quality score. The slight deduction in quality score is due to the presence of some debris around the fountain and the slightly worn appearance of the fountain itself."}, {"ans": [true, false, 0.9], "reasoning": "The image is showing a revolver, which is the main object. The revolver has a visible trigger guard, so it is not missing. The quality of the image is high, with clear details of the revolver and its components."}, {"ans": [true, false, 0.9], "reasoning": "The image is a detailed illustration of a compass rose, which is clearly visible in the center. The compass rose has a north arrow, which is pointing upwards. The image is rich in details and has a high level of craftsmanship, indicating a high-quality image. The presence of the north arrow is evident, so it is not missing."}, {"ans": [true, false, 0.9], "reasoning": "The image depicts a futuristic cityscape with numerous tall, sleek skyscrapers, indicating the presence of skyscrapers. The windows on the skyscrapers are visible, suggesting that they are not missing or invisible. The overall quality of the image is high, with clear details and vibrant colors, thus the quality score is 0.9."}, {"ans": [true, true, 0.9], "reasoning": "The image shows a conductor standing on a stage, with his back to the camera and his right arm raised. The presence of an orchestra around him indicates that he is a conductor. Therefore, the answer to Question 1 is True. The conductor's hand is empty and open, with no visible baton, so the answer to Question 2 is True. The image is well-lit and clear, with a good view of the conductor and the orchestra, so the quality is rated as 0.9."}, {"ans": [true, false, 0.8], "reasoning": "The image shows a soccer field with two soccer goals, one on each side. The goals are visible and appear to be complete, with both posts and a crossbar present. The image is taken from an aerial view, providing a clear view of the field and the goals. The quality of the image is good, with clear details of the field and the goals. The crossbar is visible on both goals, so it is not missing or not visible."}, {"ans": [false, false, 0.8], "reasoning": "The image does not show a microscope. Instead, it appears to be a complex piece of laboratory equipment, possibly used for chemical or biological experiments. The main object in the image is a large, multi-component device with various tubes, valves, and other parts. There is no visible microscope. Therefore, the answer to Question 1 is False. Since there is no microscope, the question of whether lenses are missing or not visible does not apply directly. However, if we were to consider the main object as potentially related to microscopy or optical equipment, we still cannot confirm the presence or absence of lenses. The image is somewhat blurry and overlaid with multiple exposures, making it difficult to discern details clearly. Nonetheless, the primary object does not resemble a typical microscope, and there are no obvious lenses visible. The quality of the image is rated 0.8 because, while it is somewhat unclear due to the multiple exposures, it still conveys a lot of information about the laboratory equipment."}]