[{"ans": [true, true, 0.9], "reasoning": "The image depicts a sailboat on the water. The boat has a mast and rigging, indicating it is a sailboat, but there are no sails visible. The presence of the mast and the design of the boat confirm it is a sailboat, answering the first question affirmatively. For the second question, the sails are not visible, so the answer is true. The image quality is rated 0.9 because it is clear and well-composed, with good lighting and focus on the sailboat."}, {"ans": [true, false, 1.0], "reasoning": "The image clearly shows a bicycle leaning against a brick wall. The bicycle is red with silver accents and has a brown seat. The chain is visible and appears to be intact, connecting the pedals to the rear wheel. Therefore, the answer to Question 1 is True because the image is showing a bicycle. The answer to Question 2 is False because the chain is visible and not missing. The quality of the image is rated 1 because it is clear and well-lit, with all parts of the bicycle clearly visible."}, {"ans": [true, false, 1.0], "reasoning": "The image clearly shows a cat sitting on a windowsill, so the answer to the first question is True. The cat's whiskers are visible, so the answer to the second question is False. The image is clear and well-lit, with no visible distortions or issues that would affect its quality, so the quality score is 1."}, {"ans": [true, true, 0.9], "reasoning": "The image depicts a castle with a large stone wall and an arched entrance, which is typical of medieval castles. The presence of the castle is clear, so the answer to the first question is True. Upon closer inspection, it appears that there are no visible gates at the entrance, suggesting that they are either missing or not visible, so the answer to the second question is True. The image is well-lit and in focus, with clear details of the castle's architecture, so the quality score is 0.9. The absence of gates does not affect the quality score as per the instructions."}, {"ans": [true, false, 1.0], "reasoning": "The image is showing a hot-air balloon with a visible basket, so the answer to the first question is True. The basket is clearly visible, so the answer to the second question is False. The image is of high quality, with clear details of the balloon and the basket, so the quality score is 1."}, {"ans": [true, false, 0.9], "reasoning": "The image clearly shows a turtle with a visible shell. The turtle is centered in the image, and its shell is intact and visible. Therefore, the answer to Question 1 is True because the image is showing a turtle. The answer to Question 2 is False because the shell is not missing or invisible; it is clearly visible. The quality of the image is rated 0.9 because it is clear and well-lit, with the turtle being the main focus."}, {"ans": [true, false, 1.0], "reasoning": "The image clearly shows a train at a station, so the answer to the first question is True. The wheels of the train are partially visible under the train, so they are not missing or completely invisible, making the answer to the second question False. The image is clear and well-lit, showing the train and its surroundings in detail, so the quality is rated as 1."}, {"ans": [true, false, 1.0], "reasoning": "The image clearly shows a pair of eyeglasses with lenses. The lenses are visible and not missing, so the answer to the second question is False. The image is of high quality, clearly showing the details of the eyeglasses, so the quality score is 1."}, {"ans": [true, false, 1.0], "reasoning": "The image clearly shows a fountain pen with its nib visible, indicating that the main object is indeed a fountain pen. The nib is present and clearly visible, so it is not missing or invisible. The image is of high quality, with clear details of the pen and its components."}, {"ans": [true, false, 0.9], "reasoning": "The image is showing an umbrella with a visible canopy, although it is made of a mesh material. The canopy is present and visible, so it is not missing. The quality of the image is high, with clear details of the umbrella and the surrounding environment."}, {"ans": [true, false, 1.0], "reasoning": "The image clearly shows a white airplane on a tarmac, with a cloudy sky in the background. The airplane is facing left and has its nose, cockpit, and part of its body visible. The wings are partially visible, indicating that they are not missing. The tail section is also visible, along with one of the engines. The overall condition of the image is clear and well-defined, with no visible distortions or obstructions."}, {"ans": [true, false, 0.9], "reasoning": "The image clearly shows a desk lamp, which is the main object. The lamp is positioned on a wooden table with an open book underneath it. The lamp has a brass finish and is turned on, indicating that it has a bulb. The bulb is visible as it is emitting light. Therefore, the answer to the first question is True because the image is showing a desk lamp. The answer to the second question is False because the bulb is not missing; it is visible and lit. The quality of the image is rated 0.9 because it is clear and well-lit, with no significant issues or distractions."}, {"ans": [true, false, 1.0], "reasoning": "The image shows an electric guitar with a visible neck, so the main object is present and the neck is not missing or invisible."}, {"ans": [true, false, 1.0], "reasoning": "The image clearly depicts a fish lying on a bed of ice, with its body and fins visible. The presence of the fish is evident, satisfying the first question. For the second question, the fins are clearly visible, indicating they are not missing or invisible. The image is of high quality, with clear details of the fish and its surroundings, hence the quality score is 1."}, {"ans": [true, false, 1.0], "reasoning": "The image depicts a small brick house with a gable roof, situated in a field. The house is centered in the image and has a black door, two windows on the front facade, and one window on the right side. The roof is visible and appears to be intact. The surrounding area is a field with tall grasses and wildflowers in the foreground. The sky above is clear and blue. Based on this description, the image shows a cottage with a roof, so the answer to Question 1 is True. Since the roof is visible, the answer to Question 2 is False. The image is clear and well-composed, with good lighting, so the quality is rated as 1.0."}, {"ans": [true, true, 0.9], "reasoning": "The image is showing a car, specifically a vintage convertible. The windshield is missing or not visible, as the top is down and there is no windshield in view. The image is of high quality, with clear details of the car's interior and exterior."}, {"ans": [true, false, 1.0], "reasoning": "The image clearly shows a keyboard with a visible spacebar. The keyboard is the main object in the image, and it is fully visible, including the spacebar. Therefore, the answer to the first question is True. Since the spacebar is visible, the answer to the second question is False. The image is of high quality, with clear details of the keyboard and its components, so the quality score is 1."}, {"ans": [true, false, 1.0], "reasoning": "The image clearly depicts an owl perched on a tree branch under a full moon. The owl is fully feathered, with detailed feathers visible across its body, indicating that the feathers are not missing or invisible. Therefore, the answer to Question 1 is True because the image is showing an owl. The answer to Question 2 is False because the feathers are visible and not missing. The quality of the image is rated as 1 because it is clear and detailed, with no apparent issues affecting its quality."}, {"ans": [true, false, 1.0], "reasoning": "The image depicts a leather-bound book lying open on a wooden table. The book is clearly visible and appears to be the main object in the image. The pages of the book are visible and appear to be intact, not missing or invisible. The image is of high quality, with clear details of the book and its surroundings. Therefore, the answer to Question 1 is True because the image is showing a book. The answer to Question 2 is False because the pages are visible and not missing. The quality of the image is rated 1 because it is clear and well-defined."}, {"ans": [true, false, 1.0], "reasoning": "The image is showing a lighthouse with a visible lamp inside the lantern room. The lighthouse is the main object in the image, and it is clearly visible. The lamp is also visible inside the lantern room, so it is not missing or invisible."}, {"ans": [true, false, 1.0], "reasoning": "The image shows a beige armchair with visible legs on a patterned rug. The chair is the main object, and it is clearly an armchair. The legs are visible, indicating they are not missing. The image is clear and well-lit, showing the details of the chair and its surroundings."}, {"ans": [false, true, 0.9], "reasoning": "The image depicts a deer standing in a forest. The deer appears to be a female or a young male as it lacks antlers. The image is clear and well-lit, showing the deer's features in detail. The presence of the deer is evident, but it does not have antlers, which directly answers both questions."}, {"ans": [true, false, 1.0], "reasoning": "The image shows a white envelope with its flap closed and visible. The envelope is centered on a marble surface. For Question 1, the main object is indeed an envelope, so the answer is True. For Question 2, the flap is visible and not missing, so the answer is False. The image is clear and well-lit, showing the envelope and its details, hence the quality is rated 1."}, {"ans": [true, true, 1.0], "reasoning": "The image is showing a wall clock, which is the main object. The clock face is white with black hands, but it does not have numbers on it. Therefore, the numbers are missing. The image is clear and well-lit, and the clock is prominently displayed, so the quality is high."}, {"ans": [true, false, 0.9], "reasoning": "The image depicts a person wearing a white space suit, including a helmet, floating in a swimming pool. The presence of the space suit, with its characteristic features such as a large backpack and helmet with a gold visor, is clearly visible. The helmet is also visible and not missing. The image is of high quality, with clear details of the space suit and the pool environment. The slight ripple in the water and the reflection on the helmet do not detract from the overall clarity of the image."}, {"ans": [true, false, 1.0], "reasoning": "The image depicts a windmill with visible blades, standing in a field of wheat under a clear blue sky. The windmill is the main object in the image, and it is clearly visible. The blades are also visible, indicating that they are not missing. Therefore, the answer to Question 1 is True because the image is showing a windmill. The answer to Question 2 is False because the blades are visible and not missing. The quality of the image is rated as 1, indicating that it is of high quality, and the presence of blades does not affect this rating as per the instructions."}, {"ans": [true, true, 1.0], "reasoning": "The image prominently features a large tree without leaves, set against a backdrop of other trees, some of which also lack leaves. The main tree is clearly visible and is the central focus of the image. The absence of leaves on the main tree is evident, as its branches are bare. Therefore, for Question 1, the answer is True because the image is showing a tree. For Question 2, the answer is also True because the leaves are missing or not visible on the main tree. The quality of the image is rated as 1 because it is clear and well-defined, with no apparent issues that would detract from its quality."}, {"ans": [true, true, 1.0], "reasoning": "The image shows a yellow school bus parked in front of a building. The bus is clearly visible, and its identity as a bus is not in question. The doors of the bus are not visible as the side of the bus is shown, and the front door is not in the frame. Therefore, for Question 1, the answer is True because the image is showing a bus. For Question 2, the answer is True because the doors are not visible. The quality of the image is rated as 1 because it is clear and well-lit, and the key elements are easily discernible."}, {"ans": [true, true, 1.0], "reasoning": "The image shows a laptop with its screen facing away from the viewer, making the screen not visible. The laptop is clearly identifiable as the main object in the image. The image is of high quality, with clear details of the laptop and its surroundings."}, {"ans": [true, true, 1.0], "reasoning": "The image shows a trumpet, which is the main object in question. The trumpet is visible and appears to be intact except for the mouthpiece, which is not attached to the instrument. Therefore, the answer to the first question is True because the image is showing a trumpet. The answer to the second question is also True because the mouthpiece is missing from the trumpet. The quality of the image is rated as 1 because it is clear and well-lit, and there are no visible issues that would detract from its quality."}, {"ans": [true, false, 0.9], "reasoning": "The image clearly shows a robot with a visible head in a laboratory setting. The robot is centered and prominent, with detailed mechanical features and a white body. The head is fully visible and not obscured, indicating that it is present. The image quality is high, with clear details of the robot and its surroundings, suggesting a quality score of 0.9. The presence of the head directly answers both questions."}, {"ans": [true, true, 0.8], "reasoning": "The image depicts a cylindrical object, likely a candle, placed on a silver tray. The object is beige in color and has a smooth surface, consistent with the appearance of a candle. However, the top of the object is not visible in the image, so it is unclear if it has a wick. The image is clear and well-lit, with a plain background that does not distract from the main object. The quality of the image is good, with a clear view of the object's texture and the tray it is on. Therefore, the answer to Question 1 is True because the object appears to be a candle. The answer to Question 2 is True because the wick is not visible, as the top of the candle is not shown. The quality of the image is rated 0.8 because it is clear and well-composed, but the lack of visibility of the top of the candle prevents a perfect score."}, {"ans": [true, true, 1.0], "reasoning": "The image shows a pizza, which is the main object in question. The pizza is present, so the answer to the first question is True. Upon closer inspection, it is clear that there is no visible cheese on the pizza, as the toppings are visible and there's no layer of cheese. Therefore, the answer to the second question is True because the cheese is either missing or not visible. The quality of the image is rated as 1 because it is clear and well-lit, and the absence of cheese does not negatively impact the quality score as per the instructions."}, {"ans": [true, true, 1.0], "reasoning": "The image shows a Canon DSLR camera body without a lens attached. The camera is clearly visible and appears to be a DSLR model. The lens mount is visible, indicating that a lens is not attached. Therefore, the answer to Question 1 is True because the image is showing a DSLR camera. The answer to Question 2 is True because the lens is missing. The quality of the image is rated as 1 because it is clear and well-lit, with no visible distortions or obstructions."}, {"ans": [true, false, 1.0], "reasoning": "The image clearly shows a grand piano in the center of a concert hall. The piano is visible and appears to be in good condition. The keys of the piano are visible and not missing, as they are clearly seen on the keyboard. The image is well-lit and of high quality, with no visible distortions or obstructions. Therefore, the answer to Question 1 is True because the image is showing a piano. The answer to Question 2 is False because the keys are visible and not missing. The quality of the image is rated as 1, indicating it is of very high quality."}, {"ans": [true, false, 1.0], "reasoning": "The image clearly shows a paintbrush with visible bristles. The presence of the paintbrush satisfies the first question, so the answer is True. For the second question, the bristles are visible, so they are not missing or not visible, making the answer False. The image is of high quality as it clearly displays the paintbrush and its bristles."}, {"ans": [true, false, 0.9], "reasoning": "The image is showing a watch with a visible face and a strap. The strap is clearly visible, so it is not missing or invisible. The image quality is good, with clear details of the watch and its surroundings."}, {"ans": [true, false, 0.9], "reasoning": "The image clearly shows a man sitting in a dentist's chair with his mouth open, undergoing a dental examination. The mouth is the main object in the image, and it is clearly visible. Therefore, the answer to the first question is True. The tongue is also visible inside the mouth, so the answer to the second question is False. The image is of high quality, with clear details of the mouth and the dental tools being used. The only reason for not giving it a perfect score is the slight blurriness in the background."}, {"ans": [true, false, 1.0], "reasoning": "The image clearly shows a motorcycle, which is the main object in the image. The motorcycle is centered and facing to the right, with its handlebars visible. Therefore, the answer to Question 1 is True. Since the handlebars are visible, the answer to Question 2 is False. The image is of high quality, with clear details and good lighting, so the quality score is 1."}, {"ans": [true, false, 0.9], "reasoning": "The image clearly shows a television set, which is the main object in question. The television is an older model with a wooden cabinet and a visible screen, although the screen is not displaying any content. The presence of the television answers the first question affirmatively. For the second question, the screen is visible, albeit not displaying any image, so it is not considered missing or not visible. The quality of the image is rated high because it clearly depicts the television and its components without any significant obscuration or distortion."}, {"ans": [true, false, 0.9], "reasoning": "The image clearly shows a goat with horns standing on a rocky outcrop. The presence of the goat is evident, and the horns are visible, so the answer to the first question is True. For the second question, since the horns are visible, the answer is False. The quality of the image is rated 0.9 because it is clear and well-focused on the goat, with a good composition and lighting."}, {"ans": [true, false, 1.0], "reasoning": "The image clearly shows a red sneaker with white laces. The sneaker is prominently displayed on a bench in front of lockers. The laces are visible and present, threaded through the eyelets. Therefore, the sneaker is present, and the laces are not missing or invisible."}, {"ans": [true, false, 1.0], "reasoning": "The image is showing a frog, and the eyes are clearly visible. The frog is sitting on a lily pad in the water, and its large round eyes are facing towards the right side of the image. Since the main object, the frog, is present, the answer to the first question is True. For the second question, since the eyes are visible, the answer is False. The image is of high quality as it is clear and well-focused, and the key elements are easily visible."}, {"ans": [true, false, 0.9], "reasoning": "The image is showing a white ceramic mug with a blue floral design and a handle on the right side. The mug is placed on a matching saucer. The handle is clearly visible, so it is not missing or invisible. The image is of high quality, with clear details of the mug and saucer, and a well-lit background."}, {"ans": [true, false, 0.9], "reasoning": "The image clearly shows a saxophone with its keys visible, indicating that the keys are not missing. The presence of the saxophone and its details suggests a high-quality image, though the rating is not 1 due to the slight vignetting around the edges."}, {"ans": [true, false, 1.0], "reasoning": "The image clearly shows a skateboard with wheels attached to it. The skateboard is positioned on a brick surface, and all four wheels are visible and appear to be securely attached to the board. Therefore, the answer to Question 1 is True because the image is showing a skateboard. The answer to Question 2 is False because the wheels are not missing or invisible; they are clearly visible in the image. The quality of the image is rated as 1 because it is clear and well-lit, with no significant issues affecting the visibility of the skateboard or its components."}, {"ans": [true, false, 1.0], "reasoning": "The image is showing a black fedora hat with a brim on a stand. The brim is visible and not missing. The image is clear and well-lit, showing the details of the hat and the stand."}, {"ans": [true, false, 1.0], "reasoning": "The image clearly shows a motorcycle helmet on a workbench. The helmet has a visor that is intact and visible, indicating that the visor is not missing. The image is well-lit and in focus, with good visibility of the helmet and its details, hence the quality is rated as 1."}, {"ans": [true, true, 1.0], "reasoning": "The image is showing a bedframe without a mattress, so the answer to the first question is True. The mattress is not visible, so the answer to the second question is True. The image is of high quality, clearly showing the details of the bedframe, so the quality score is 1."}, {"ans": [true, false, 1.0], "reasoning": "The image shows a clock tower, which is the main object. The clock face is visible on two sides of the tower, so it is not missing. The image is clear and well-lit, with no visible distortions or obstructions, hence the quality is rated as 1."}, {"ans": [true, false, 1.0], "reasoning": "The image clearly shows a pocket watch with an open lid, revealing its intricate mechanical components and clock hands. The presence of the clock hands is evident, indicating that they are not missing. The image is of high quality, with detailed visibility of the pocket watch's features."}, {"ans": [true, false, 0.9], "reasoning": "The image clearly shows a bicycle, which is the main object in question. The bicycle is red with white accents and is leaning against a stone wall. The pedals are visible and appear to be attached to the bicycle, so they are not missing. The image is well-lit and in focus, suggesting a high-quality image. The slight deduction in quality score is due to the fact that the image is not perfectly sharp, but it is still clear enough to identify the bicycle and its components."}, {"ans": [true, false, 1.0], "reasoning": "The image shows a portrait of a woman with eyes, so the answer to the first question is True. The eyes are visible in the portrait, so the answer to the second question is False. The image is clear and well-defined, and the key elements of the portrait are visible, so the quality is rated as 1.0."}, {"ans": [true, false, 1.0], "reasoning": "The image clearly shows a grand piano on a stage with its lid open, revealing the internal mechanism. The hammers are visible inside the piano, indicating that they are not missing. The image is well-lit and of high quality, with clear details of the piano and its components."}, {"ans": [true, true, 0.9], "reasoning": "The image depicts a sailing ship with two masts and no visible sails, floating on the ocean. The ship is the main object in the image, and it is a sailing ship, so the answer to the first question is True. The sails are not visible, so the answer to the second question is True. The image is of high quality, with clear details of the ship and the surrounding environment, so the quality score is 0.9."}, {"ans": [true, false, 0.9], "reasoning": "The image prominently features a large tree with a broad canopy and visible leaves, which is identifiable as an oak tree based on its morphology. The presence of leaves on the tree answers the second question, indicating that the leaves are not missing. The image is of high quality, capturing the details of the tree and its surroundings clearly."}, {"ans": [true, false, 1.0], "reasoning": "The image depicts a stone cottage with a gable roof, chimney, and vines growing up the walls. The front of the cottage is visible, showing a door and windows. The door is present and visible, so it is not missing or invisible. The image is clear and well-defined, showing the details of the cottage and its surroundings, hence the quality is rated as 1."}, {"ans": [true, false, 1.0], "reasoning": "The image clearly shows a passenger jet on a runway. The wings are visible and not missing, so the answer to the second question is False. The image is of high quality, showing all necessary details of the aircraft."}, {"ans": [true, true, 0.9], "reasoning": "The image shows a wristwatch with a white face and brown leather strap, placed in a box. The watch face is clean and simple, with no numbers visible. The image is clear and well-lit, with good resolution. The quality of the image is high, with a score of 0.9. The watch is clearly visible, and the details of the watch and box are well-defined."}, {"ans": [true, false, 0.9], "reasoning": "The image shows a pizza with a red sauce base, topped with green basil leaves and having a crust with puffed edges. The presence of cheese is visible around the sauce and on the crust. Therefore, for Question 1, the image is showing a pizza, so the answer is True. For Question 2, the cheese is visible, so it is not missing or invisible, making the answer False. The image quality is rated 0.9 because it clearly displays the pizza and its toppings without any noticeable distortion or obstruction."}, {"ans": [true, false, 0.9], "reasoning": "The image clearly shows traffic signals, so the answer to the first question is True. The lights are visible on the traffic signals, so the answer to the second question is False. The quality of the image is rated 0.9 because it is clear and well-lit, with the traffic signals and surrounding environment easily visible. The slight glare from the sun does not significantly impact the visibility of the key elements."}, {"ans": [true, false, 1.0], "reasoning": "The image clearly shows a skateboard with wheels. The skateboard is positioned on a concrete surface, and its rainbow-colored deck is visible along with its yellow wheels and silver trucks. Since the skateboard and its wheels are clearly visible, the answer to the first question is True. For the second question, since the wheels are visible, the answer is False. The quality of the image is rated 1 because it is clear and well-lit, showing all the necessary details of the skateboard without any obstruction."}, {"ans": [true, true, 1.0], "reasoning": "The image clearly shows a chessboard with pieces arranged on it, indicating that it is indeed showing a chessboard. The presence of the chessboard and the arrangement of the white pieces are evident. However, upon closer inspection, it's clear that the black pieces are not visible on the board, suggesting they are either missing or not visible. The quality of the image is high as it clearly displays the chessboard and the white pieces, and the absence of black pieces does not detract from the overall quality of the image as per the given condition."}, {"ans": [true, true, 0.9], "reasoning": "The image shows a red Ferrari sports car in a modern showroom. The car is clearly visible and is a sports car, so the answer to the first question is True. The brakes are not visible as the wheels are facing forward and the brake calipers are not visible, so the answer to the second question is True. The image is of high quality, with clear details of the car and the showroom, so the quality score is 0.9. The absence of visible brakes does not affect the quality score as per the instructions."}, {"ans": [true, true, 1.0], "reasoning": "The image depicts a book with blank pages, which fulfills the condition of being a book. The text is not visible on the pages, so it is considered missing. The image is clear and well-lit, hence the quality is rated as 1."}, {"ans": [true, false, 0.95], "reasoning": "The image shows a computer tower with a transparent side panel, revealing the internal components. The tower is black and has a mesh front and side panels. The internal components are visible, including the motherboard, graphics card, and fans. The fans are visible and lit up with purple lights. The image is well-lit and clear, with no visible distortions or obstructions. Therefore, the answer to Question 1 is True, as the image is showing a computer tower. The answer to Question 2 is False, as the fans are visible. The quality of the image is rated 0.95, as it is clear and well-lit."}, {"ans": [true, false, 1.0], "reasoning": "The image depicts a scarecrow in a field, wearing a plaid shirt and a straw hat. The scarecrow is clearly visible and has arms attached to its body, which are tied to a wooden post. The presence of the scarecrow and its arms is evident, answering the first question affirmatively. For the second question, since the arms are visible and attached to the body, they are not missing or invisible. Therefore, the answer to the second question is false. The image is clear and well-lit, with the scarecrow being the main focus, hence the quality is rated as 1."}, {"ans": [true, false, 0.9], "reasoning": "The image depicts a man in armor, which is consistent with the representation of a knight. The presence of armor and the historical setting suggest that the individual is indeed a knight. Therefore, the answer to the first question is True. The sword is visible behind the knight's right shoulder, indicating that it is not missing. Hence, the answer to the second question is False. The image is of high quality, with detailed rendering of the armor and the background, thus the quality score is 0.9."}, {"ans": [true, false, 1.0], "reasoning": "The image is showing a teapot with a handle, so the answer to the first question is True. The handle is visible, so the answer to the second question is False. The image is clear and well-lit, and there are no visible issues that would affect the quality score, so the quality is rated as 1."}, {"ans": [true, false, 0.9], "reasoning": "The image clearly shows a basketball hoop with a net. The basketball is going through the hoop, and the net is visible and not damaged or missing. The quality of the image is high, with clear details of the hoop, net, and basketball. The background is a clear blue sky, which adds to the overall clarity of the image."}, {"ans": [true, false, 0.9], "reasoning": "The image shows a dining table with a white tablecloth, plates, silverware, and glasses. The table is set for two people. The presence of plates, silverware, and glasses indicates that it is a dining table. Therefore, the answer to Question 1 is True. For Question 2, the glasses are visible on the table, so they are not missing or invisible. Hence, the answer to Question 2 is False. The quality of the image is rated 0.9 because it is clear and well-lit, showing all the necessary details of the table setting."}, {"ans": [true, true, 0.9], "reasoning": "The image clearly shows a typewriter on a wooden desk, with papers around it. The typewriter is the main focus, and it is identifiable by its keys and mechanical parts. The ribbon is not visible in the typewriter, suggesting it might be missing or not visible. The image quality is good, with clear details of the typewriter and its surroundings. The absence of the ribbon does not negatively impact the quality score as per the instructions."}, {"ans": [true, true, 1.0], "reasoning": "The image is showing a winter jacket. The jacket is fastened with buttons and does not have a visible zipper. The quality of the image is good as it clearly shows the jacket and its features."}, {"ans": [true, false, 0.9], "reasoning": "The image clearly shows a sunflower with its large yellow petals and a prominent center. The center of the sunflower is visible and appears to have seeds, as indicated by the textured pattern. Therefore, the seeds are not missing or invisible. The image is of high quality, capturing the details of the sunflower and its surroundings."}, {"ans": [true, false, 0.9], "reasoning": "The image clearly depicts an elephant, so the answer to the first question is True. The trunk of the elephant is visible and not missing, so the answer to the second question is False. The quality of the image is high, with clear details of the elephant and its surroundings, so the quality score is 0.9."}, {"ans": [true, true, 1.0], "reasoning": "The image clearly shows a rowboat floating on a serene lake, surrounded by lush greenery. The boat is white with a wooden interior and has a bench inside. There are no oars visible in the image. The first question is whether the image is showing a rowboat, which it is, so the answer is True. The second question asks if the oars are missing or not visible from the rowboat. Since there are no oars visible in the image, the answer is True. The quality of the image is rated as 1 because it is clear and well-defined, and the key elements are easily visible."}, {"ans": [true, true, 1.0], "reasoning": "The image is showing a snowman with a hat and scarf, but it does not have visible buttons. The main object, the snowman, is present in the image, so the answer to the first question is True. The buttons are not visible on the snowman, so the answer to the second question is True. The image is clear and well-lit, and it is not missing any key elements that would affect its quality, so the quality score is 1."}, {"ans": [true, false, 0.9], "reasoning": "The image clearly shows a fountain pen on top of a notebook. The pen is transparent, allowing the ink inside to be visible. Therefore, the main object (fountain pen) is present, and the ink is visible, so the answers are True for the presence of a fountain pen and False for the ink being missing or not visible. The quality of the image is rated 0.9 because it is clear and well-lit, with no apparent issues that would detract from its quality."}, {"ans": [true, true, 0.8], "reasoning": "The image shows a paintbrush with a wooden handle and a metal ferrule, but the bristles are not visible. The brush is placed on a canvas with paint splatters, and there are paint palettes nearby. The presence of the paintbrush is clear, so the answer to the first question is True. Since the bristles are not visible, the answer to the second question is True. The image is of good quality, with clear details of the paintbrush and the surrounding environment, so the quality score is 0.8."}, {"ans": [true, false, 0.9], "reasoning": "The image clearly shows a pair of eyeglasses with round lenses and metal frames on top of a stack of papers. The temples of the eyeglasses are visible, extending from the frames towards the sides. Therefore, the answer to the first question is True because the image is showing eyeglasses. The answer to the second question is False because the temples are visible, hence not missing or invisible. The quality of the image is rated 0.9 because it is clear and well-focused, with no apparent issues that would detract from its quality."}, {"ans": [true, false, 0.9], "reasoning": "The image shows a person holding an umbrella on a rainy street. The umbrella is clearly visible and appears to be intact with its fabric and shape maintained. Upon closer inspection, the ribs of the umbrella are visible as they are outlined by the rainwater on the fabric, indicating that they are present and not missing. Therefore, the answer to the first question is True because the image is showing an umbrella. The answer to the second question is False because the ribs are visible due to the water on the umbrella's surface. The quality of the image is rated 0.9 because it is clear and well-defined, with good lighting that highlights the details of the scene, including the umbrella and its ribs."}, {"ans": [true, false, 0.9], "reasoning": "The image clearly shows a wristwatch with a gold case and black leather strap, displayed under a glass dome. The watch face is visible and features hour markers, which are the Roman numerals on the outer ring of the face. Therefore, for Question 1, the answer is True because the image is showing a wristwatch. For Question 2, the answer is False because the hour markers are visible as Roman numerals around the edge of the watch face. The quality of the image is rated 0.9 because it is clear and well-lit, with no significant distractions or obstructions that would detract from the visibility of the watch."}, {"ans": [true, false, 0.9], "reasoning": "The image depicts a camping tent set up in a grassy field. The tent is fully visible, and its structure is intact with poles holding it up. The poles are clearly visible and appear to be part of the tent's frame, supporting its shape. Therefore, for Question 1, the answer is True because the image is showing a camping tent. For Question 2, the answer is False because the poles are not missing; they are visible and supporting the tent. The quality of the image is rated 0.9, indicating a high-quality image with clear details of the tent and its surroundings. The visibility of the poles does not negatively impact the quality score as per the instructions."}, {"ans": [true, false, 0.9], "reasoning": "The image shows a cuckoo clock with intricate carvings and details, including a clock face, pendulum, and weights. The weights are visible at the bottom of the image, hanging from chains. Therefore, the answer to Question 1 is True, as the image is showing a cuckoo clock. The answer to Question 2 is False, as the weights are not missing or invisible. The quality of the image is rated 0.9, as it is clear and well-detailed, with no significant issues affecting the visibility of the clock or its components."}, {"ans": [true, true, 0.9], "reasoning": "The image is showing a smartphone with its screen facing upwards. The phone's screen is turned off, and it is reflecting some light. The speaker grille is not visible from this angle, as the phone is shown from the front. Therefore, the answer to the first question is True, as the image is showing a smartphone. The answer to the second question is also True, as the speaker grille is not visible from the front side of the smartphone. The quality of the image is rated as 0.9, as it is clear and well-lit, with no visible distortions or artifacts."}, {"ans": [true, false, 0.9], "reasoning": "The image clearly shows a motorcycle centered on a dirt road. The motorcycle is facing the camera, and its front features, including the headlight and handlebars, are visible. A circular instrument, likely a speedometer, is prominently displayed between the handlebars. Therefore, for Question 1, the answer is True because the image is showing a motorcycle. For Question 2, the answer is False because the speedometer is visible on the motorcycle. The quality of the image is rated 0.9 because it is clear and well-focused on the motorcycle, with good lighting that highlights its features."}, {"ans": [true, true, 1.0], "reasoning": "The image shows a violin bow. The bow is displayed on a red velvet background, and it is clear that it is a violin bow due to its distinctive shape and structure. The bow has a wooden stick and metal fittings, which are typical of a violin bow. However, the hair of the bow is not visible, indicating that it is either missing or not visible. Therefore, the answer to the first question is True, as the image is showing a violin bow. The answer to the second question is also True, as the hair is not visible. The quality of the image is rated as 1, as it is clear and well-lit, and there are no visible defects or issues that would affect the understanding of the image."}, {"ans": [true, true, 1.0], "reasoning": "The image is showing a birdcage hanging from the ceiling of a porch. The birdcage is made of gold-colored metal and has a dome-shaped top. It is suspended by a chain attached to the ceiling. The cage is empty and there is no visible perch inside it. The background shows a serene view of trees and bushes outside the porch. The overall atmosphere is peaceful and calm. For question 1, the main object in the image is indeed a birdcage, so the answer is True. For question 2, upon closer inspection, it is clear that there is no perch visible inside the birdcage, so the answer is True. The quality of the image is rated 1.0 because it is clear and well-lit, with no visible distortions or defects."}, {"ans": [true, false, 1.0], "reasoning": "The image clearly depicts a statue of a woman in a classical setting. The statue is fully visible, including its head, which is an integral part of the sculpture. Therefore, for Question 1, the answer is True because the image is showing a statue. For Question 2, the answer is False because the head is not missing; it is clearly visible. The quality of the image is rated as 1 because it is clear and well-defined, with no visible distortions or obstructions that would detract from its quality."}, {"ans": [true, false, 1.0], "reasoning": "The image is showing a teddy bear with a nose, so it satisfies the condition for Question 1. For Question 2, the nose is clearly visible, so it is not missing or invisible. The image is of high quality and clearly shows the teddy bear and its features."}, {"ans": [true, false, 1.0], "reasoning": "The image clearly shows a pair of sneakers, which directly answers the first question. For the second question, the laces are visible and present on the sneakers, so they are not missing or invisible. The image is clear and well-lit, showing the sneakers and their details, including the laces, hence the quality is rated as 1.0."}, {"ans": [true, false, 1.0], "reasoning": "The image clearly shows a refrigerator with its door open, revealing the interior. The refrigerator is the main object in the image, and it is visible and identifiable. Therefore, the answer to the first question is True. For the second question, the door shelves are visible on the inside of the refrigerator door, so they are not missing or invisible. Hence, the answer is False. The image is of high quality, clearly showing the details of the refrigerator and its contents, so the quality score is 1."}, {"ans": [true, false, 1.0], "reasoning": "The image depicts a group of people gathered around a campfire in a wooded area. The campfire is the central focus, with flames clearly visible. Therefore, the answer to the first question is True because the image is showing a campfire with flames. The answer to the second question is False because the flames are visible. The quality of the image is rated as 1, indicating it is clear and well-defined, effectively conveying the scene without any issues related to the presence or visibility of the campfire or its flames."}, {"ans": [true, false, 1.0], "reasoning": "The image clearly shows a drinking fountain with water flowing from it, indicating that it is present and functional. The presence of water is visible as it flows from the fountain into the basin. Therefore, the answer to Question 1 is True because the image is showing a drinking fountain. The answer to Question 2 is False because the water is visible and not missing. The quality of the image is rated 1 because it is clear and well-lit, showing all the necessary details without any significant issues."}, {"ans": [true, false, 0.9], "reasoning": "The image clearly shows a revolver with a visible trigger guard. The revolver is positioned on a green cloth, and its details are well-defined. The presence of the trigger guard is evident, indicating that it is not missing. The image quality is high, with clear visibility of the revolver's components, hence a quality score of 0.9."}, {"ans": [true, false, 0.9], "reasoning": "The image depicts a detailed illustration of a compass rose, which is the main object in the image. The compass rose is intricately designed with various markings and ornate details around it. A north arrow is clearly visible, pointing upwards. The presence of the compass rose and the north arrow indicates that the image is showing a compass rose with a north arrow. Therefore, the answer to the first question is True. Since the north arrow is visible, the answer to the second question is False. The image quality is rated 0.9 because it is clear and detailed, with no significant issues affecting the visibility of the main elements."}, {"ans": [true, false, 0.9], "reasoning": "The image depicts a futuristic cityscape with tall, sleek skyscrapers that are characteristic of a modern urban environment. The presence of these skyscrapers, some of which have visible windows, directly answers the first question. For the second question, the windows on the skyscrapers are visible, indicating they are not missing or invisible. The image quality is high, with clear details and vibrant colors, hence a quality score of 0.9."}, {"ans": [true, true, 0.9], "reasoning": "The image depicts a man in a tuxedo standing on a podium, with his right arm raised and his left arm extended outward. He is surrounded by an orchestra, indicating that he is a conductor. The conductor's hands are empty, and there is no visible baton. The image is clear and well-lit, with the conductor and the orchestra members visible. The quality of the image is high, with a score of 0.9 out of 1. The absence of a baton in the conductor's hand answers the second question, indicating that the baton is indeed missing or not visible."}, {"ans": [true, true, 0.9], "reasoning": "The image shows a soccer field with two white goalposts at the center, indicating the presence of a soccer goal. The crossbar is not visible, suggesting it is either missing or not visible from the given perspective. The image is clear and well-lit, with a quality score of 0.9 due to the slight shadow cast by the goalposts."}, {"ans": [true, false, 1.0], "reasoning": "The image clearly shows a microscope on a table. The microscope is a compound microscope with a binocular eyepiece and multiple objective lenses. The lenses are visible and appear to be intact. The image is of high quality, with clear details of the microscope's components."}]