[{"ans": [true, true, 1.0], "reasoning": "The image shows a sailboat on the water. The main object, the sailboat, is clearly visible. The sails appear to be missing or not visible, as only a white cover is seen on the mast. The image is clear and of high quality, with no visible artifacts or distortions."}, {"ans": [true, false, 0.95], "reasoning": "The image clearly shows a red bicycle against a brick wall. The bicycle is intact and has a visible chain, so the answer to the first question is True. Since the chain is visible, the answer to the second question is False. The image is of high quality, with clear details and no visible artifacts or distortions, so the quality score is 0.95. The only minor deduction is due to the slight weathering visible on the brick wall and the bicycle, but this does not significantly impact the overall clarity or perception of the main object."}, {"ans": [true, false, 0.95], "reasoning": "The image clearly shows a cat sitting on a windowsill. The cat is gray with yellow eyes and has visible whiskers. The image is sharp and well-lit, with no noticeable artifacts or distortions that would affect the visibility of the main object or its features. The whiskers are clearly visible, so they are not missing or invisible. The quality of the image is high, with a score of 0.95, as it is sharp and well-defined, with natural colors and no visible noise or blurring."}, {"ans": [true, true, 0.98], "reasoning": "The image depicts a stone structure with walls and an archway, resembling a castle. The presence of the archway suggests an entrance, but there are no visible gates. The image is clear and well-defined, with no apparent artifacts or distortions that would affect its quality. The quality score is 0.98, indicating a high-quality image."}, {"ans": [true, false, 0.95], "reasoning": "The image depicts a hot-air balloon with a clearly visible basket carrying people. The main object, the hot-air balloon, is present, so the answer to Question 1 is True. The basket is also visible, so the answer to Question 2 is False. The image is of high quality, with clear details and no visible artifacts or distortions, so the quality score is 0.95."}, {"ans": [true, false, 1.0], "reasoning": "The image clearly shows a turtle with a visible shell on a sandy beach. The turtle is centered in the image, and its shell is fully visible, indicating that the shell is not missing or invisible. The image is of high quality, with clear details and no visible artifacts or distortions."}, {"ans": [true, false, 0.95], "reasoning": "The image clearly shows a train at a station, so the answer to the first question is True. The wheels of the train are visible, so the answer to the second question is False. The image is of high quality, with clear details and no visible artifacts or distortions, so the quality score is 0.95. The slight decrease from 1 is due to minor shadowing and lighting effects that are inherent to the scene rather than the image quality itself."}, {"ans": [true, false, 0.95], "reasoning": "The image clearly shows a pair of eyeglasses with lenses, so the answer to the first question is True. The lenses are visible, so the answer to the second question is False. The image is of high quality, with clear details and minimal artifacts, but the slight blurring in the background slightly reduces the quality score to 0.95."}, {"ans": [true, false, 1.0], "reasoning": "The image shows a disassembled fountain pen on a piece of parchment. The pen is clearly visible, with one part showing the nib and the other part showing the cap. The nib is visible and not missing, so the answer to the second question is False. The image is clear and of high quality, with no visible artifacts or distortions, so the quality score is 1.0."}, {"ans": [true, false, 0.9], "reasoning": "The image shows an umbrella with a canopy, so the main object is present. The canopy is visible, so it is not missing. The image is clear and well-defined, with no visible artifacts or distortions that would significantly impact the quality. However, the peeling paint on the wall in the background could be considered a minor quality issue, hence the score of 0.9."}, {"ans": [true, false, 1.0], "reasoning": "The image clearly shows a white airplane on a tarmac with cloudy skies in the background. The airplane is facing left, and its wings are visible. The presence of the airplane in the image directly answers the first question. For the second question, the wings are clearly visible, so they are not missing or not visible. The image is of high quality with no visible artifacts, blurring, or other issues that would affect the quality score."}, {"ans": [true, true, 1.0], "reasoning": "The image clearly shows a desk lamp, which is the main object. The lamp is positioned above an open book on a wooden table. The bulb is hanging down from the lamp, indicating it is missing or not visible in its proper position. The image is of high quality, with clear details and no visible artifacts or distortions."}, {"ans": [true, false, 1.0], "reasoning": "The image clearly shows an electric guitar with a visible neck. The guitar is centered in the image, and its body and neck are well-defined and sharp. There are no visible artifacts, blurring, or other issues that would affect the quality of the image. The neck is clearly attached to the body and is visible, so it is not missing or invisible."}, {"ans": [true, false, 1.0], "reasoning": "The image clearly shows a fish swimming in the water, with its body and fins visible. The fish is depicted in a realistic manner, with scales and fins that are typical of a real fish. The water around the fish is also well-rendered, with ripples and reflections that give the image a sense of depth and movement. The fins of the fish are clearly visible, so they are not missing or invisible. The image is of high quality, with no visible artifacts or distortions."}, {"ans": [true, false, 1.0], "reasoning": "The image depicts a small, two-story brick house with a gable roof and a chimney, situated in a field. The house is the main object in the image, and it is clearly visible. The roof is present and visible, so the answer to the second question is False. The image is of high quality, with clear details and no visible artifacts or distortions, so the quality score is 1.0."}, {"ans": [true, true, 0.9], "reasoning": "The image is showing a car, specifically a convertible with its top down. The windshield is not visible as it is beyond the frame of the image, thus considered missing. The image is of high quality, with clear details of the car's interior and exterior, and the background is also well-defined. The only reason for not giving it a perfect score is the slight cropping of the image."}, {"ans": [true, false, 1.0], "reasoning": "The image clearly shows a keyboard with a visible spacebar, indicating that the main object is present and the spacebar is not missing. The image is of high quality with no visible artifacts or distortions."}, {"ans": [true, false, 0.9], "reasoning": "The image clearly depicts an owl perched on a branch, with detailed feathers visible across its body. The presence of the owl is evident, and its feathers are not missing or invisible; they are intricately illustrated. The image is of high quality, with clear details and no visible artifacts or distortions that would detract from the overall clarity. The only reason it does not receive a perfect score is due to the slightly stylized and illustrative nature of the image, which might be considered slightly less realistic than a photograph."}, {"ans": [true, false, 0.95], "reasoning": "The image shows a leather-bound book with blank pages visible. The main object in the image is indeed a book, so the answer to the first question is True. The pages are visible and not missing, so the answer to the second question is False. The image is clear and well-rendered, with no visible artifacts or distortions, so the quality score is high at 0.95."}, {"ans": [true, false, 1.0], "reasoning": "The image clearly shows a lighthouse, which is the main object, so the answer to the first question is True. The lamp is visible inside the glass enclosure at the top of the lighthouse, so the answer to the second question is False. The image is of high quality, with no visible artifacts, blurring, or other issues that would detract from its clarity or the visibility of the lighthouse."}, {"ans": [true, false, 1.0], "reasoning": "The image clearly shows an armchair with visible legs. The chair is placed on a rug, and the legs are partially visible, indicating that they are present. The image is well-lit and clear, with no visible artifacts or distortions that would affect the quality. Therefore, the answer to the first question is True, and the answer to the second question is False. The quality of the image is rated as 1.0, indicating that it is of high quality."}, {"ans": [true, true, 0.9], "reasoning": "The image clearly shows a deer standing in a forest, which directly answers the first question. The deer does not have visible antlers, so the second question is also true. The image is of high quality with clear details and natural colors, but the quality score is slightly reduced to 0.9 due to minor artifacts or slight blurring that might be present upon close inspection."}, {"ans": [true, false, 1.0], "reasoning": "The image shows a white envelope with its flap visible and closed. The envelope is centered on a marble surface. The main object, an envelope, is present, so the answer to Question 1 is True. The flap is visible, so it is not missing or not visible, making the answer to Question 2 False. The image is clear and well-lit, with no visible artifacts or distortions, so the quality is rated as 1."}, {"ans": [true, true, 1.0], "reasoning": "The image is showing a wall clock, which is the main object. The clock face is white with black hands and markings, but it does not display numbers. Therefore, the answer to the first question is True. For the second question, the numbers are indeed missing or not visible on the clock face, so the answer is True. The image is clear and of high quality, with no visible artifacts, blurring, or other issues that would affect its quality. Hence, the quality score is 1.0."}, {"ans": [true, false, 1.0], "reasoning": "The image clearly shows a person wearing a space suit, which includes a helmet. The space suit is white with red accents and has various components attached to it, such as a utility belt and gloves. The helmet is visible and appears to be securely fastened to the suit. The image is of high quality, with clear details and no visible artifacts or distortions. Therefore, the answer to Question 1 is True, as the image is showing a space suit with a helmet. The answer to Question 2 is False, as the helmet is not missing or invisible; it is clearly visible. The quality of the image is rated as 1, indicating that it is of very high quality."}, {"ans": [true, false, 1.0], "reasoning": "The image clearly depicts a windmill with visible blades standing in a field of wheat. The windmill is the main object, and it is present in the image, so the answer to the first question is True. The blades of the windmill are visible, so the answer to the second question is False. The image is of high quality, with clear details and no visible artifacts or distortions, so the quality score is 1.0."}, {"ans": [true, true, 1.0], "reasoning": "The image clearly depicts a large tree without leaves, standing in a field with other trees in the background. The main object, the tree, is present and identifiable. The leaves are not visible on the tree, indicating they are either missing or not visible due to the season or other factors. The image is of high quality, with clear details and no visible artifacts or distortions."}, {"ans": [true, true, 1.0], "reasoning": "The image shows a yellow school bus parked in front of a building. The bus is clearly visible, and its presence is not ambiguous. The doors of the bus are not visible as the side of the bus is shown, and the doors are typically located on the other side or at the front, which is not fully visible in the image. The image is clear and well-lit, with no visible artifacts, blurring, or other issues that would affect its quality."}, {"ans": [true, true, 1.0], "reasoning": "The image shows a laptop with its back facing the viewer. The laptop is open, but the screen is not visible as it is facing away from the viewer. The image is clear and well-lit, with no visible artifacts or distortions. Therefore, the answer to Question 1 is True because the image is showing a laptop. The answer to Question 2 is True because the screen is not visible. The quality of the image is rated 1.0 because it is clear and well-lit, with no visible issues."}, {"ans": [true, true, 1.0], "reasoning": "The image clearly shows a trumpet lying on a red fabric background. The trumpet is visible and identifiable, answering the first question affirmatively. Upon closer inspection, it is evident that the mouthpiece is not attached to the trumpet, thus it is missing. The image is of high quality, with clear details and no visible artifacts or distortions that would detract from its clarity."}, {"ans": [true, false, 0.9], "reasoning": "The image clearly shows a robot with a head in a laboratory setting. The robot is the main object and is visible in detail. The head is present and visible, so the answer to the second question is False. The image quality is high, with clear details of the robot and the laboratory environment. There are no visible artifacts, blurring, or other issues that would decrease the quality score. However, the score is not 1 because the background is slightly blurred, which is a minor deduction."}, {"ans": [true, true, 1.0], "reasoning": "The image shows a cylindrical candle on a silver tray. The candle appears to be made of wax and has a smooth, glossy surface. There is no visible wick on the candle. The image is clear and well-lit, with no visible artifacts or distortions. Therefore, the answer to Question 1 is True because the image is showing a candle. The answer to Question 2 is True because the wick is not visible. The quality of the image is rated as 1.0 because it is clear and well-lit, with no visible issues."}, {"ans": [true, true, 1.0], "reasoning": "The image is showing a pizza, but it is missing cheese. The pizza is centered in the image and is well-lit, with clear details of the toppings and crust. The image quality is high, with no visible artifacts or distortions. Therefore, the answer to Question 1 is True, the answer to Question 2 is True, and the quality score is 1.0."}, {"ans": [true, false, 1.0], "reasoning": "The image is showing a DSLR camera with a lens attached to it. The lens is clearly visible and appears to be properly mounted on the camera body. The image is of high quality, with clear details and no visible artifacts or distortions. The camera is centered in the frame and is well-lit, making it easy to see the various components. The background is plain and uncluttered, which helps to focus attention on the camera. Overall, the image is well-composed and provides a clear view of the DSLR camera and its lens."}, {"ans": [true, false, 1.0], "reasoning": "The image clearly shows a grand piano on a stage in an auditorium. The piano is black and has its lid open, revealing the keys inside. The keys are visible and not missing. The image is of high quality, with clear details and no visible artifacts or distortions."}, {"ans": [true, false, 0.95], "reasoning": "The image shows a paintbrush with bristles, alongside a palette of paints. The paintbrush is clearly visible and has bristles, so the answer to the first question is True. The bristles are visible, so the answer to the second question is False. The image is well-lit and clear, with no visible artifacts or distortions, so the quality score is high at 0.95."}, {"ans": [true, false, 0.95], "reasoning": "The image clearly shows a watch with a strap, so the answer to the first question is True. The strap is visible and not missing, so the answer to the second question is False. The image is of high quality, with clear details and no visible artifacts or distortions, so the quality score is 0.95. The slight deduction is due to the fact that the image is not perfectly sharp, but it's still very clear."}, {"ans": [true, false, 0.95], "reasoning": "The image clearly shows a man with his mouth open, displaying his teeth and tongue. The presence of a mouth is evident, satisfying the first question. For the second question, the tongue is visible inside the mouth, so it is not missing or invisible. The image quality is high, with clear details of the teeth, tongue, and the dentist's tools, indicating a quality score of 0.95. The slight deduction from 1 is due to the presence of a very minor blur on the edge of the man's shirt, but it does not affect the main subject."}, {"ans": [true, false, 1.0], "reasoning": "The image clearly shows a motorcycle with visible handlebars, so the answer to Question 1 is True. Since the handlebars are visible, the answer to Question 2 is False. The image is of high quality with no visible artifacts, blurring, or other issues that would affect the quality score."}, {"ans": [true, false, 1.0], "reasoning": "The image clearly shows a vintage television set on a wooden cabinet. The television has a visible screen, although it is not displaying any content. The presence of the screen directly answers both questions. For question 1, the image is showing a television, so the answer is True. For question 2, since the screen is visible, it is not missing or not visible, so the answer is False. The image is of high quality with clear details and no visible artifacts or distortions, so the quality score is 1.0."}, {"ans": [true, false, 0.95], "reasoning": "The image clearly shows a white goat standing on a rocky outcrop with mountains in the background. The goat has visible horns, so the answer to Question 1 is True. For Question 2, since the horns are visible, the answer is False. The image quality is high, with clear details of the goat and its surroundings, so the quality score is 0.95. The slight deduction from 1 is due to minor blurring in the background."}, {"ans": [true, false, 1.0], "reasoning": "The image clearly shows a red sneaker with white laces and soles, positioned on a wooden surface in front of gray lockers. The sneaker is the main object in the image, and it is clearly visible. The laces are also visible and appear to be properly tied. The image is sharp and well-lit, with no visible artifacts or distortions. Therefore, the answer to Question 1 is True, as the image is showing a sneaker. The answer to Question 2 is False, as the laces are visible. The quality of the image is rated as 1.0, indicating that it is of high quality with no noticeable issues."}, {"ans": [true, false, 1.0], "reasoning": "The image clearly shows a green frog sitting on a lily pad in the water. The frog is facing to the right, and its large, round eyes are clearly visible. The image is sharp and well-defined, with no visible artifacts or distortions. The colors are natural and vibrant, and the overall quality of the image is high."}, {"ans": [true, false, 1.0], "reasoning": "The image clearly shows a mug with a handle, along with a saucer. The mug is the main object and is visible in detail. The handle is present and visible on the right side of the mug. The image is of high quality, with clear details and no visible artifacts or distortions."}, {"ans": [true, false, 0.95], "reasoning": "The image clearly shows a saxophone, which is the main object in question. The saxophone is depicted with its keys visible, indicating that the keys are not missing. The image is of high quality, with clear details and no visible artifacts or distortions that would detract from the visibility of the saxophone or its keys. The slight vignetting and gradient background do not negatively impact the quality of the saxophone's representation."}, {"ans": [true, false, 1.0], "reasoning": "The image clearly shows a skateboard with wheels, so the answer to the first question is True. The wheels are visible, so the answer to the second question is False. The image is clear and well-lit, with no visible artifacts or distortions, so the quality score is 1."}, {"ans": [true, false, 1.0], "reasoning": "The image clearly shows a fedora hat on a stand. The hat has a visible brim, which is a key characteristic of a fedora. The image is of high quality, with clear details and no visible artifacts or distortions. The lighting is even, and the hat is centered in the frame, making it easy to observe. Therefore, the answer to Question 1 is True because the image is showing a fedora. The answer to Question 2 is False because the brim is visible. The quality score is 1.0 because the image is clear and well-lit, with no visible issues."}, {"ans": [true, false, 0.95], "reasoning": "The image clearly shows a motorcycle helmet on a workbench. The helmet has a visor that is intact and visible, indicating that the visor is not missing. The image is of high quality, with clear details of the helmet and its surroundings. The only reason for not giving it a perfect score is the slight reflection and minor imperfections on the workbench, but these do not detract significantly from the overall clarity of the image."}, {"ans": [true, true, 1.0], "reasoning": "The image is clearly showing a bedframe. The bedframe is ornate and made of wood, with a headboard and footboard. The mattress is not visible as it is represented by white slats, indicating that it is either missing or not visible. The image is of high quality, with clear details and no visible artifacts or distortions."}, {"ans": [true, false, 0.98], "reasoning": "The image clearly shows a clock tower with two visible clock faces. The main object, the clock tower, is present and identifiable. The clock face is visible on the front and partially visible on the left side of the tower. The image is sharp and clear, with no visible artifacts or distortions that would affect the quality. The quality score is high because the image is well-defined and easy to interpret."}, {"ans": [true, false, 1.0], "reasoning": "The image clearly shows a pocket watch with visible hands. The pocket watch is centered and well-lit, with no visible artifacts or distortions that would affect the quality of the image. The hands of the watch are clearly visible, indicating that they are not missing."}, {"ans": [true, false, 0.95], "reasoning": "The image clearly shows a red bicycle leaning against a stone wall. The bicycle is fully visible, and its components, including the pedals, are clearly discernible. The pedals are attached to the crankset and are visible on the left side of the bicycle. The image is sharp and well-lit, with no visible artifacts or distortions that would detract from its quality. The only minor deduction in quality comes from the slight speckling on the asphalt and the rough texture of the stone wall, but these do not significantly impact the overall clarity of the image."}, {"ans": [true, false, 0.9], "reasoning": "The image is a portrait of a woman with her eyes open and visible. The main object, a portrait of a woman, is present. The eyes are not missing or invisible; they are clearly visible. The image quality is high, with clear details and no significant artifacts or distortions, though there are some minor speckles at the bottom that slightly reduce the quality."}, {"ans": [true, true, 0.95], "reasoning": "The image clearly shows a grand piano on a stage with its lid open, illuminated by stage lights. The piano is centered and the main object of the image. The hammers inside the piano are not visible due to the angle and lighting, suggesting they are either missing or not visible. The image is well-lit and clear, with no visible artifacts or distortions that would significantly impact the quality. The slight darkness around the edges and the shadows cast by the piano do not detract from the overall clarity of the main subject."}, {"ans": [true, true, 0.9], "reasoning": "The image depicts a sailing ship with two masts, flying flags, and appears to be in the middle of the ocean. The ship is clearly visible and has the characteristics of a sailing vessel. However, upon closer inspection, it is evident that the sails are not visible, suggesting they are either missing or not deployed. The image is of high quality, with clear details and no noticeable artifacts or distortions. The quality score is 0.9 because the image is very clear and well-rendered, with no visible issues that would detract from its quality."}, {"ans": [true, false, 0.9], "reasoning": "The image shows a large tree with a wide canopy and a thick trunk, which appears to be an oak tree. The leaves are visible and not missing. The image is clear and well-defined, with no visible artifacts or distortions that would affect the quality score. However, the score is not 1 due to a slight unnaturalness in the lighting and shading."}, {"ans": [true, false, 0.95], "reasoning": "The image depicts a stone cottage with a brown door, surrounded by trees and vines. The main object, the cottage, is clearly visible, so the answer to Question 1 is True. The door is also visible, so the answer to Question 2 is False. The image is of high quality, with clear details and no visible artifacts or distortions, so the quality score is 0.95. The slight deduction from 1 is due to the subtle mistiness in the background, but it does not significantly impact the overall clarity of the main subject."}, {"ans": [true, false, 1.0], "reasoning": "The image clearly shows a passenger jet on a runway, with its wings visible. The presence of the wings means they are not missing or invisible. The image is of high quality with no visible artifacts, blurring, or other issues that would affect the assessment."}, {"ans": [true, true, 0.95], "reasoning": "The image clearly shows a wristwatch with a white face and brown leather strap, placed in a brown box. The watch face has hour markers but no numbers, so the numbers are indeed missing. The image is sharp and well-lit, with no visible artifacts or distortions. The quality is high, so the score is 0.95."}, {"ans": [true, false, 1.0], "reasoning": "The image clearly shows a pizza, which is the main object. The pizza is topped with tomato sauce and basil leaves, and it has a crust with visible cheese. The presence of cheese is evident, so it is not missing. The image is of high quality, with clear details and no visible artifacts or distortions."}, {"ans": [true, true, 0.9], "reasoning": "The image shows a city street with traffic signals hanging above the road. The traffic signals are visible but do not have any lights on. The main object, traffic signals, is present in the image. The lights on the traffic signals are not visible or are missing. The image quality is good, with clear details of the scene, but the overexposure in the center due to the sun might slightly affect the overall quality. However, it does not significantly impact the visibility of the main objects."}, {"ans": [true, false, 1.0], "reasoning": "The image clearly shows a skateboard with a rainbow-colored deck and yellow wheels attached to silver trucks. The skateboard is positioned on a concrete surface, casting a shadow. The presence of the skateboard with wheels indicates that the main object is present, answering the first question as true. For the second question, the wheels are visible and attached to the skateboard, so they are not missing, answering the second question as false. The image is clear and well-lit, with no visible artifacts or distortions, resulting in a quality score of 1.0."}, {"ans": [true, false, 0.9], "reasoning": "The image shows a chessboard with pieces on it. The chessboard is the main object and is clearly visible, so the answer to the first question is True. The black pieces are present on the board, although they are made of the same material as the white pieces, they are positioned on the opposite side of the board, so the answer to the second question is False. The image is of high quality, with clear details and no visible artifacts or distortions, so the quality score is 0.9. The slight decrease from 1 is due to the fact that the image is not perfectly sharp, but it is still very clear."}, {"ans": [true, true, 1.0], "reasoning": "The image shows a red Ferrari sports car in a studio setting. The car is a convertible with its top down, and it is positioned on a circular platform with a reflective floor. The image is clear and well-lit, with no visible artifacts or distortions. The main object, the sports car, is clearly visible. The brakes are not visible as they are typically located inside the wheels, and the wheels are not fully detailed in the image. Therefore, the brakes can be considered not visible. The quality of the image is high, with a clear and detailed representation of the car and its surroundings."}, {"ans": [true, true, 0.95], "reasoning": "The image is showing an open book on a wooden table, with the pages visible and blank. The book is the main object in the image. The text is missing or not visible from the book as the pages are blank. The image is clear and well-lit, with no visible artifacts or distortions. The quality of the image is high, with a score of 0.95 out of 1."}, {"ans": [true, false, 0.95], "reasoning": "The image clearly shows a computer tower with its side panel removed, revealing the internal components. The presence of fans is evident, as they are visible and illuminated with purple lights. The main object, a computer tower, is present, so the answer to the first question is True. For the second question, since the fans are visible, the answer is False. The image quality is high, with clear details and no visible artifacts or distortions, so the quality score is 0.95. The slight deduction from 1 is due to the subtle shadow and reflection effects that might not be considered perfect."}, {"ans": [true, false, 1.0], "reasoning": "The image clearly depicts a scarecrow with a straw hat, plaid shirt, and jeans, standing in a field of wheat. The scarecrow has visible arms, which are outstretched and tied to a wooden post. The image is sharp and well-defined, with no visible artifacts or distortions. Therefore, the answer to Question 1 is True, as the image is showing a scarecrow. The answer to Question 2 is False, as the arms are visible. The quality of the image is rated 1.0, as it is clear and well-defined, with no visible issues."}, {"ans": [true, true, 0.9], "reasoning": "The image depicts a man in armor, which is consistent with the representation of a knight. The main object, the knight, is present in the image. However, upon closer inspection, it is evident that the knight is not holding a sword, and there is no visible sword on his belt or in the surrounding area. Therefore, the sword is considered missing or not visible. The image is of high quality, with clear details and no visible artifacts or distortions. The only reason for not giving it a perfect score is the slight texture visible on the image, which could be interpreted as a minor artifact."}, {"ans": [true, false, 1.0], "reasoning": "The image shows a teapot with a floral design on it, placed on a bamboo mat. The teapot has a spout, a lid, and a handle, which are all typical features of a teapot. The handle is visible on the right side of the teapot. The image is clear and well-lit, with no visible artifacts or distortions. Therefore, the answer to Question 1 is True, as the image is showing a teapot. The answer to Question 2 is False, as the handle is not missing and is visible. The quality of the image is rated 1.0, as it is clear and well-defined."}, {"ans": [true, false, 0.9], "reasoning": "The image clearly shows a basketball hoop with a net. The basketball is going through the hoop, and the net is visible and attached to the hoop. The image is clear and well-lit, with no visible artifacts or distortions that would affect the quality. The only reason for not giving it a perfect score is the slight wear and tear visible on the backboard."}, {"ans": [true, false, 0.95], "reasoning": "The image shows a table set for a meal, with a plate, utensils, and glasses, indicating it is a dining table. The glasses are visible at the top of the image. The image is clear and well-lit, with no visible artifacts or distortions, but the bottom part of the image is slightly shadowed, hence the quality score is not 1."}, {"ans": [true, true, 0.95], "reasoning": "The image clearly shows a typewriter on a wooden table, with papers around it. The typewriter is the main focus and is visible in detail. Upon closer inspection, it's evident that the ribbon is not visible or is missing from the typewriter. The image quality is high, with clear details of the typewriter and its surroundings. There are no visible artifacts, blurring, or other issues that would decrease the quality score. The score is 0.95 because the image is very clear and well-lit, but not perfect due to slight wear visible on the wooden table."}, {"ans": [true, true, 0.95], "reasoning": "The image clearly shows a winter jacket hanging on a coat rack against a white wall. The jacket is beige, puffy, and has a fur-lined hood. It is fastened with buttons down the front. There is no visible zipper on the jacket. The image is well-lit and clear, with no visible artifacts or distortions that would detract from its quality. The main object, the winter jacket, is clearly visible and identifiable. The zipper is not visible, indicating it is either missing or not visible, which aligns with the answer to the second question. The overall quality of the image is high, with a score of 0.95 out of 1.0, as it is clear and well-defined."}, {"ans": [true, false, 0.95], "reasoning": "The image clearly shows a sunflower with its characteristic large yellow petals and a prominent center. The seeds are visible on the flower head, arranged in a spiral pattern, indicating they are not missing. The image is sharp and well-lit, with natural colors, contributing to a high-quality score. The slight gradient in the background does not detract from the overall quality."}, {"ans": [true, false, 0.95], "reasoning": "The image clearly shows an elephant with its trunk visible and fully intact. The presence of the elephant directly answers the first question. For the second question, since the trunk is visible, it is not considered missing or not visible. The image is of high quality, with clear details of the elephant and its surroundings, and there are no visible artifacts or distortions that would significantly impact the quality score."}, {"ans": [true, true, 0.9], "reasoning": "The image clearly shows a rowboat on a lake, with its bow facing the camera. The boat is empty and there are no oars visible inside or outside the boat. The image is of high quality, with clear details and no visible artifacts or distortions. The slight ripples on the water and the reflection of the boat are well-rendered, indicating a high level of image quality. However, the quality score is not 1 because the image could be slightly sharper."}, {"ans": [true, false, 1.0], "reasoning": "The image is clearly showing a snowman with a carrot nose, coal eyes, a top hat, and a red scarf. The snowman has three visible coal buttons on its body, so the buttons are not missing. The image is sharp and well-lit, with no visible artifacts or distortions. Therefore, the quality of the image is rated as 1.0."}, {"ans": [true, false, 1.0], "reasoning": "The image is showing a fountain pen with a transparent ink reservoir, and the ink is visible inside the pen. The pen is placed on top of a notebook. The image is clear and well-lit, with no visible artifacts or distortions. Therefore, the answer to Question 1 is True because the image is showing a fountain pen. The answer to Question 2 is False because the ink is visible inside the pen. The quality of the image is rated 1.0 because it is clear and well-lit, with no visible issues."}, {"ans": [true, false, 1.0], "reasoning": "The image clearly shows a paintbrush with visible bristles next to a paint palette. The paintbrush is the main object in the image, and it is easily identifiable. The bristles are visible and not missing. The image is of high quality with no visible artifacts, blurring, or unnatural colors. The main object, the paintbrush, is clearly visible, and the bristles are also visible, so the answer to the first question is True. Since the bristles are visible, the answer to the second question is False. The quality of the image is rated 1.0 because it is clear and well-defined."}, {"ans": [true, false, 1.0], "reasoning": "The image is showing a pair of eyeglasses with round lenses and a thin metal frame, resting on a book. The temples of the eyeglasses are visible, extending from the frame on both sides. The image is clear and well-lit, with no visible artifacts or distortions. The quality of the image is high, with a score of 1. For question 1, the answer is True because the image is showing eyeglasses. For question 2, the answer is False because the temples are visible."}, {"ans": [true, true, 0.9], "reasoning": "The image clearly shows a person holding an umbrella on a rainy city street. The umbrella is the main object in the image, and it is visible and identifiable. Therefore, the answer to the first question is True. For the second question, the ribs of the umbrella are not visible due to the angle and the darkness of the umbrella's color, so the answer is True. The image quality is high, with clear details of the scene, but the brightness in the center slightly affects the overall quality, hence a score of 0.9."}, {"ans": [true, false, 0.95], "reasoning": "The image clearly shows a wristwatch with a gold case and black leather strap, displayed under a glass dome. The watch face is visible and features hour markers around the edge, indicating that the hour markers are present and visible. The image is of high quality, with clear details and no visible artifacts or distortions. The only reason the quality score is not 1 is due to the slight reflection on the glass dome."}, {"ans": [true, false, 1.0], "reasoning": "The image clearly shows a camping tent with its structure intact and visible poles holding it up. The tent is set in a grassy field, and the overall image is sharp and clear with no visible artifacts or distortions. The poles are present and visible, supporting the tent's structure."}, {"ans": [true, false, 0.95], "reasoning": "The image clearly shows a cuckoo clock with intricate carvings and details, including a clock face, a bird's perch at the top, and carved deer on either side. The weights are visible hanging below the clock, indicating that they are not missing. The image is of high quality, with clear details and no visible artifacts or distortions. The slight shadowing and log texture in the background add to the image's realism without detracting from its clarity. Thus, the image is showing a cuckoo clock, and the weights are not missing or invisible."}, {"ans": [true, true, 0.95], "reasoning": "The image shows a smartphone with its screen facing upwards. The phone's screen is on and displays a white background with some icons at the top. The phone's body is black, and it appears to be floating above a surface. The surface below the phone has a blue-gray color on the right side and a lighter gray color on the left side, with shadows cast across it. The overall quality of the image is high, with clear details and no visible artifacts or distortions. The speaker grille is not visible on the phone, as it is facing upwards and the bottom edge is not clearly shown."}, {"ans": [true, true, 0.9], "reasoning": "The image clearly shows a motorcycle on a road, so the answer to the first question is True. The speedometer is not visible in the image, as it is not shown on the motorcycle, so the answer to the second question is True. The image is of high quality, with clear details and no visible artifacts or distortions, so the quality score is 0.9."}, {"ans": [true, true, 1.0], "reasoning": "The image shows a violin bow, which is the main object in question. The bow is lying on a red velvet surface, and it appears to be a typical violin bow with a wooden stick and metal fittings. However, the hair of the bow is not visible, indicating that it is either missing or not visible. The image is clear and well-lit, with no visible artifacts or distortions. Therefore, the quality of the image is rated as 1.0."}, {"ans": [true, true, 0.9], "reasoning": "The image depicts a large, ornate birdcage hanging from a porch ceiling. The birdcage is the main object and is clearly visible. There is no visible perch inside the birdcage. The image is well-lit and clear, with no noticeable artifacts or distortions that would detract from its quality. The quality score is 0.9 because the image is very clear and well-rendered, with no significant issues."}, {"ans": [true, false, 1.0], "reasoning": "The image clearly shows a statue of a woman in a classical Greek or Roman style, standing on a marble pedestal in a colonnaded hallway. The statue is intact and has a head, which is visible and not missing. The image is of high quality, with clear details and no visible artifacts or distortions. The lighting is even, and the statue is rendered in a realistic manner. Therefore, the answer to Question 1 is True because the image is showing a statue. The answer to Question 2 is False because the head is not missing; it is clearly visible. The quality of the image is rated 1.0 because it is clear, detailed, and free of noticeable artifacts or distortions."}, {"ans": [true, false, 1.0], "reasoning": "The image clearly shows a teddy bear sitting on a bed, with a visible nose. The teddy bear is the main object in the image, and it is clearly identifiable. The nose is present and visible, so it is not missing. The image is of high quality, with no visible artifacts, blurring, or other issues that would affect the quality score."}, {"ans": [true, false, 1.0], "reasoning": "The image clearly shows a pair of sneakers with laces. The sneakers are the main object in the image, and they are clearly visible. The laces are also visible, so they are not missing or not visible. The image is of high quality, with no visible artifacts, blurring, or other issues that would affect the quality score."}, {"ans": [true, false, 1.0], "reasoning": "The image clearly shows a refrigerator with its doors open, revealing the interior. The main object, the refrigerator, is present. The door shelves are visible on the inside of the refrigerator door, so they are not missing or invisible. The image is of high quality, with clear details and no visible artifacts or distortions."}, {"ans": [true, false, 0.9], "reasoning": "The image depicts a group of people gathered around a campfire in a forest clearing. The campfire is the central focus, with flames clearly visible. The presence of the campfire and the people around it indicates that the image is showing a campfire with flames. Therefore, the answer to the first question is True. For the second question, since the flames are visible, the answer is False. The quality of the image is rated 0.9 because it is clear and well-defined, with no significant artifacts or distortions. The only reason it is not rated 1 is due to the slight haze and glow around the fire, which could be considered a minor effect."}, {"ans": [true, false, 0.95], "reasoning": "The image shows a drinking fountain with water flowing from it, indicating that it is present and visible. The main object, the drinking fountain, is clearly visible in the image. The quality of the image is high, with clear details and no noticeable artifacts or distortions. The only reason for not giving it a perfect score is the slight presence of dirt or debris around the base of the fountain and on the path, but this does not significantly impact the overall quality."}, {"ans": [true, false, 0.95], "reasoning": "The image clearly shows a revolver with a visible trigger guard. The revolver is positioned on a green surface, and its details are well-defined. The trigger guard is present and visible around the trigger. The image quality is high, with clear details of the revolver and its components. There are no visible artifacts, blurring, or other issues that would affect the quality score."}, {"ans": [true, false, 0.9], "reasoning": "The image is a detailed illustration of a compass rose, which is clearly visible and centered in the image. The compass rose is adorned with intricate designs and markings, indicating directions and possibly other navigational information. The presence of a north arrow is evident, as it is a typical component of a compass rose used to indicate direction. The image is well-defined, with clear lines and details, suggesting a high-quality rendering. However, there are some minor tears and discolorations around the edges, which slightly detract from the overall quality. The quality score is 0.9 because the main content is clear and well-defined, despite minor peripheral damage."}, {"ans": [true, false, 0.9], "reasoning": "The image depicts a futuristic cityscape with tall, sleek skyscrapers that dominate the scene. The presence of these skyscrapers directly answers the first question, confirming that the image is indeed showing skyscrapers. For the second question, upon closer inspection, the skyscrapers appear to have windows, as evidenced by the vertical lines of light on the buildings, suggesting that the windows are not missing or invisible. The image is of high quality, with clear details and vibrant colors, although a slight haze is visible in the background, which slightly reduces the overall quality score to 0.9."}, {"ans": [true, true, 0.9], "reasoning": "The image shows a conductor standing on a stage, wearing a black tuxedo with a white shirt and bow tie, with his right hand raised in a gesture. The presence of an orchestra behind him and the podium in front of him confirms that he is a conductor. Therefore, the answer to the first question is True. For the second question, the conductor's right hand is empty and raised, and his left hand is visible but empty as well, indicating that the baton is missing or not visible. Thus, the answer to the second question is True. The image is clear and well-lit, with no visible artifacts or distortions that would affect its quality. Hence, the quality score is 0.9."}, {"ans": [true, true, 0.95], "reasoning": "The image shows a soccer goal with two visible posts, indicating the presence of a soccer goal. However, the crossbar is not visible, suggesting it is either missing or not visible from the given perspective. The image quality is high, with clear details and no noticeable artifacts or distortions, hence a quality score of 0.95."}, {"ans": [true, false, 1.0], "reasoning": "The image clearly shows a microscope on a table. The microscope has lenses attached to it, which are visible. The image is sharp and clear, with no visible artifacts or distortions. Therefore, the answer to Question 1 is True because the image is showing a microscope. The answer to Question 2 is False because the lenses are visible on the microscope. The quality of the image is rated as 1.0 because it is clear and well-defined, with no noticeable issues."}]