[{"ans": [true, false, 1.0], "reasoning": "The image clearly depicts a sailboat on calm waters, with its sails partially visible and not entirely furled, indicating it is a sailboat. The sails are visible, so they are not missing or not visible. The image is clear and of high quality, with no visible artifacts or distortions."}, {"ans": [true, true, 0.9], "reasoning": "The image clearly shows a red bicycle leaning against a brick wall. The main object, a bicycle, is present, so the answer to Question 1 is True. Upon closer inspection, it is evident that the chain is not visible; it appears to be either missing or severely rusted and hidden from view. Therefore, the answer to Question 2 is True. The image is of high quality, with clear details and no significant artifacts or distortions, so the quality score is 0.9. The slight rust and wear on the bicycle are not considered artifacts but rather part of the image content."}, {"ans": [true, false, 0.95], "reasoning": "The image clearly shows a cat, so the answer to the first question is True. The cat's whiskers are visible, so the answer to the second question is False. The image is of high quality, with clear details and no visible artifacts or distortions, so the quality score is 0.95."}, {"ans": [true, true, 0.9], "reasoning": "The image depicts a castle with a large, ruined structure and a prominent stone or metal sculpture of a mouth with teeth, resembling a gate or entrance. The main object in the image is indeed a castle, so the answer to the first question is True. The gates are not visible as a traditional gate; instead, there is this large sculpture that could be interpreted as a gate or an entrance feature. Therefore, the answer to the second question is True because the traditional gates are missing or not visible. The image quality is rated 0.9 because it is clear and well-defined, with no visible artifacts, blurring, or other issues that would detract from its quality."}, {"ans": [true, false, 0.9], "reasoning": "The image clearly shows a hot-air balloon with a basket, so the answer to the first question is True. The basket is visible and not missing, so the answer to the second question is False. The image is of high quality, with clear details and no visible artifacts or distortions, so the quality score is 0.9. The slight decrease from 1 is due to a minor haze effect in the background, but it does not significantly impact the overall clarity of the main subject."}, {"ans": [true, false, 0.95], "reasoning": "The image clearly shows a turtle with a visible shell on a beach. The turtle is centered and its features are distinct. The shell is clearly visible and not missing. The image is of high quality with no noticeable artifacts, blurring, or unnatural colors. The only reason it doesn't score a perfect 1 is due to the slight shadowing and lighting effects that could be considered minor imperfections."}, {"ans": [true, false, 0.9], "reasoning": "The image clearly shows a train at a station. The train is silver and has its headlights on, indicating it is ready to depart. The wheels of the train are visible under the carriage, so they are not missing or invisible. The image is well-lit and in focus, with no significant artifacts or distortions that would detract from its quality. The overall quality of the image is high, so it scores 0.9 out of 1."}, {"ans": [true, false, 1.0], "reasoning": "The image clearly shows a pair of eyeglasses with lenses on a reflective surface. The main object, the eyeglasses, is present, so the answer to the first question is True. The lenses are visible in the image, so the answer to the second question is False. The image is sharp and clear, with no visible artifacts or distortions, so the quality is rated as 1.0."}, {"ans": [true, false, 0.9], "reasoning": "The image clearly shows a fountain pen with a visible nib, so the answer to the first question is True. The nib is visible, so the answer to the second question is False. The image quality is high, with clear details and no visible artifacts or distortions, so the quality score is 0.9. The slight decrease from 1 is due to the torn paper background, which gives a slightly unnatural look, but it does not significantly affect the main subject."}, {"ans": [true, false, 0.9], "reasoning": "The image shows a damaged umbrella with its canopy still partially intact, leaning against a wall next to a chair. The main object, an umbrella, is present. Although the canopy is torn and damaged, it is still visible, so it is not considered missing. The image is clear and well-lit, with no significant artifacts or distortions, hence a high quality score."}, {"ans": [true, false, 1.0], "reasoning": "The image clearly shows a large white airplane on a runway. The airplane is facing left, and its wings are visible, indicating that the wings are not missing. The image is clear and well-defined, with no visible artifacts or distortions that would affect its quality. Therefore, the answer to Question 1 is True because the image is showing an airplane. The answer to Question 2 is False because the wings are visible. The quality of the image is rated 1.0 because it is clear and well-defined, with no visible issues."}, {"ans": [true, false, 0.95], "reasoning": "The image is showing a desk lamp with a bulb, as evidenced by the presence of a light source shining on the book. The bulb is visible inside the lamp shade, so it is not missing or not visible. The image is clear and well-lit, with no visible artifacts or distortions, hence the high quality score of 0.95."}, {"ans": [true, false, 1.0], "reasoning": "The image is showing an electric guitar with a visible neck, so the main object is present. The neck is clearly visible and not missing. The image is clear and well-lit, with no visible artifacts or distortions, so the quality is high."}, {"ans": [true, false, 0.9], "reasoning": "The image depicts a metallic fish lying on a bed of ice crystals, with its body and fins clearly visible. The fish is the main object in the image, and it is shown in a detailed and realistic manner. The fins are present and visible, so the answer to the second question is False. The image is of high quality, with clear details and no visible artifacts or distortions, so the quality score is 0.9."}, {"ans": [true, false, 0.9], "reasoning": "The image shows a small brick cottage with a roof, although the roof appears to be damaged and has a large wooden structure above it. The main object, the cottage, is present, so the answer to the first question is True. The roof is visible, even though it is damaged, so the answer to the second question is False. The image quality is high, with clear details of the cottage and its surroundings, so the quality score is 0.9. The only reason for not giving it a perfect score is the slight presence of artifacts or unnatural elements due to the wooden structure above the roof, but it does not significantly detract from the overall clarity of the image."}, {"ans": [true, false, 0.9], "reasoning": "The image shows a vintage convertible car with its hood open. The main object in the image is indeed a car, so the answer to the first question is True. The windshield is visible, although it is partially obscured by the open hood and other elements in the foreground. Therefore, the answer to the second question is False. The image is clear and well-lit, with no visible artifacts or distortions that would affect its quality. However, the presence of other cars and people in the background may cause some minor distractions. Overall, the image quality is good, so the quality score is 0.9."}, {"ans": [true, false, 0.9], "reasoning": "The image shows a transparent keyboard with illuminated keys, which is the main object. The spacebar is present and visible, indicated by a large white key in the middle of the bottom row. The image quality is high, with clear details of the keyboard and its components, although there might be some minor reflections or lighting effects around the edges."}, {"ans": [true, false, 0.9], "reasoning": "The image clearly depicts an owl with feathers, perched on a tree branch under a moonlit sky. The owl's feathers are visible and detailed, indicating that they are not missing or invisible. The image is of high quality, with clear details and no visible artifacts or distortions that would significantly impact the perception of the main subject. The slight deduction in quality score is due to minor potential enhancements that could be made to the background or the texture of the tree, but it does not affect the main subject."}, {"ans": [true, false, 0.95], "reasoning": "The image shows a large, leather-bound book with its cover open, revealing a metal interior. The book is sitting on a wooden table in front of a bookshelf. The pages of the book are visible on the bottom edge, indicating that they are present. The image is clear and well-defined, with no visible artifacts or distortions. The quality of the image is high, with a score of 0.95 out of 1. The main object, the book, is clearly visible, so the answer to the first question is True. The pages are visible on the edge, so they are not missing or not visible, making the answer to the second question False."}, {"ans": [true, false, 0.95], "reasoning": "The image depicts a lighthouse on a cliff, with a cloudy sky in the background. The lighthouse is white and has a red roofed building adjacent to it. The lantern room at the top is visible and contains a lamp, which is partially visible through the glass panes. Therefore, the lamp is not missing. The image is clear and well-defined, with no visible artifacts or distortions that would affect its quality. The quality score is 0.95 due to the slight cloudiness in the sky and the overall lighting conditions."}, {"ans": [true, false, 1.0], "reasoning": "The image is showing a light gray armchair with visible legs, placed on a patterned rug in a room with large windows. The chair is clearly visible and appears to be in good condition. The legs of the chair are visible, indicating that they are not missing. The image is clear and well-defined, with no visible artifacts or distortions. Therefore, the answer to Question 1 is True, as the image is showing an armchair. The answer to Question 2 is False, as the legs are visible. The quality of the image is rated as 1.0, as it is clear and well-defined."}, {"ans": [true, true, 0.95], "reasoning": "The image depicts a deer standing in a forest, which matches the description in Question 1. The deer appears to be a young one and does not have antlers, so the antlers are missing or not visible, answering Question 2 affirmatively. The image is clear and well-lit, with the deer and its surroundings visible in detail, indicating a high-quality image. The quality score is 0.95 because the image is sharp and has natural colors, with no visible artifacts or distortions that would significantly detract from its quality."}, {"ans": [true, false, 1.0], "reasoning": "The image shows an envelope with a visible flap, so the main object is present. The flap is visible, so it is not missing. The image is clear and of high quality, with no visible artifacts or distortions."}, {"ans": [true, true, 1.0], "reasoning": "The image clearly shows a wall clock on a wall above a fireplace. The clock face is white with black hands but lacks numbers. The image is of high quality, with clear details and no visible artifacts or distortions. The clock is centered and easily visible, and the surrounding environment is also well-defined."}, {"ans": [true, false, 0.9], "reasoning": "The image shows a person wearing a white space suit floating in a pool of water. The space suit is clearly visible and appears to be a realistic representation of an astronaut's suit. The helmet is also visible and is attached to the suit. The image is well-lit and the details of the suit are clear, indicating a high-quality image. The presence of the helmet means it is not missing or invisible."}, {"ans": [true, false, 1.0], "reasoning": "The image clearly shows a windmill with blades in a field. The main object, the windmill, is present and identifiable. The blades are also visible, so they are not missing or invisible. The image is of high quality with no visible artifacts, blurring, or other issues that would detract from its clarity."}, {"ans": [true, true, 0.95], "reasoning": "The image is showing a large tree with bare branches, indicating that it is likely winter or the tree is dead. The main object in the image is indeed a tree, so the answer to the first question is True. The leaves are not visible on the main tree, and it appears to be bare, so the answer to the second question is also True. The image quality is high, with clear details of the tree's branches and trunk, so the quality score is 0.95. The only reason for a slightly lower quality score is the slight overexposure around the sun, but it does not significantly affect the overall image quality."}, {"ans": [true, true, 0.8], "reasoning": "The image shows a yellow school bus with visible seats and a sign that reads 'SCHOOL BUS'. The doors are not visible, indicating they are either missing or not visible. The image is clear and well-lit, but there is some discoloration and wear on the bus, which slightly reduces the quality score to 0.8."}, {"ans": [true, false, 0.95], "reasoning": "The image shows a laptop on a table. The laptop is open and facing the camera, with its screen visible. The image is clear and well-lit, with no visible artifacts or distortions. The laptop appears to be in good condition, with no signs of damage or wear. The screen is visible and appears to be turned off, as it is white and not displaying any content. Therefore, the answer to Question 1 is True, as the image is showing a laptop. The answer to Question 2 is False, as the screen is visible. The quality of the image is rated 0.95 out of 1, as it is clear and well-lit, but not perfect due to slight shadowing on the wall behind the laptop."}, {"ans": [true, true, 1.0], "reasoning": "The image shows a brass instrument, specifically a cornet, which is similar to a trumpet. The main object, the cornet, is clearly visible and appears to be in good condition. The mouthpiece is not visible, suggesting it is missing. The image is of high quality with no visible artifacts or distortions."}, {"ans": [true, false, 0.95], "reasoning": "The image clearly shows a robot with a visible head. The robot is standing in a laboratory setting with various equipment and machinery around it. The head of the robot is clearly visible, so it is not missing or invisible. The image is of high quality, with clear details and no visible artifacts or distortions. Therefore, the answer to the first question is True, the answer to the second question is False, and the quality score is 0.95."}, {"ans": [true, true, 0.9], "reasoning": "The image shows a large, white candle on a decorative silver platter. The candle is cylindrical and appears to be made of wax. The top of the candle is not visible in the image. The wick is not visible, suggesting it might be missing or not visible due to the angle or the top being out of frame. The image is clear and well-lit, with no visible artifacts or distortions that would significantly impact the quality. Therefore, the main object, a candle, is present. The wick is not visible, so it is considered missing. The quality of the image is high, rated at 0.9, as it is clear and shows the details of the candle and the platter."}, {"ans": [true, false, 0.95], "reasoning": "The image clearly shows a pizza with various toppings, including what appears to be cheese, tomato sauce, and basil leaves. The presence of cheese is visible, indicating that it is not missing. The image is of high quality, with clear details and no noticeable artifacts or distortions. The slight discoloration and splatters around the pizza on the metal surface do not detract from the overall clarity of the image."}, {"ans": [true, true, 0.95], "reasoning": "The image shows a DSLR camera body with the lens removed, exposing the internal mount. The camera is clearly visible and appears to be in good condition. The lens is not attached to the camera body, indicating that it is missing or not visible. The image is well-lit and in focus, with no visible artifacts or distortions. The quality of the image is high, with a score of 0.95 out of 1. The slight deduction in quality is due to minor texture and shading details that could be improved."}, {"ans": [true, false, 1.0], "reasoning": "The image shows a grand piano on a stage in a concert hall. The piano is the main object in the image and is clearly visible. Although the piano is damaged, with its internal mechanisms exposed due to the top being open and parts of it burnt, the keys are still visible. Therefore, for Question 1, the answer is True because the image is showing a piano. For Question 2, the answer is False because the keys are not missing; they are visible at the bottom of the piano. The image quality is rated as 1 because it is clear and well-lit, with no visible artifacts or distortions that would detract from the visibility of the main object."}, {"ans": [true, true, 0.9], "reasoning": "The image shows a paintbrush with a wooden handle and metal ferrule, but the bristles are not visible. The brush is placed on a palette with various colors of paint. The image is clear and well-lit, with no visible artifacts or distortions. The quality of the image is high, with a score of 0.9. The main object, the paintbrush, is present, so the answer to the first question is true. The bristles are not visible, so the answer to the second question is true."}, {"ans": [false, true, 1.0], "reasoning": "The image is showing a smartwatch or a fitness tracker with a touchscreen display, but it is not a traditional watch. The device is sitting on a marble countertop. The strap is not visible, so it is considered missing or not visible. The image is clear and of high quality, with no visible artifacts or distortions."}, {"ans": [true, true, 0.9], "reasoning": "The image shows a man in a dentist's chair with a transparent skull mask over his face, revealing his teeth and jawbone. The main object is the man's mouth, which is open and visible. The tongue is not visible, as it is obscured by the skull mask. Therefore, the answer to Question 1 is True, as the image is showing a mouth. The answer to Question 2 is also True, as the tongue is not visible. The quality of the image is rated 0.9, as it is clear and well-lit, with no noticeable artifacts or distortions."}, {"ans": [true, false, 0.9], "reasoning": "The image is showing a motorcycle with handlebars, so the answer to the first question is True. The handlebars are visible, so the answer to the second question is False. The image quality is high, with clear details and vibrant colors, but the neon lights and reflections on the wet ground create a slight haze, hence a quality score of 0.9."}, {"ans": [true, false, 1.0], "reasoning": "The image clearly shows a vintage television set with a visible screen displaying an image. The television is the main object in the image, and it is intact with a screen, so the answer to the first question is True. The screen is visible and not missing, so the answer to the second question is False. The image is of high quality, with clear details and no visible artifacts or distortions, so the quality score is 1.0."}, {"ans": [true, false, 0.9], "reasoning": "The image depicts a white goat with horns standing on a rocky outcrop. The goat is clearly visible and appears to be a mountain goat, which is a type of goat. The horns are also visible, so they are not missing or invisible. The image is sharp and clear, with no visible artifacts or distortions that would affect its quality. The only reason for a lower quality score is the slight blurring of the background, but this does not detract from the main subject, which is the goat. Therefore, the quality score is 0.9."}, {"ans": [true, false, 0.95], "reasoning": "The image clearly shows a red sneaker with white soles and laces, sitting on a bench in front of lockers. The laces are visible and appear to be intact, so they are not missing or not visible. The image is sharp and clear, with no noticeable artifacts or distortions, hence the high quality score of 0.95. The slight deduction is due to minor scuffs and dirt on the bench and sneaker, but these do not significantly impact the overall clarity or perception of the image."}, {"ans": [true, false, 0.95], "reasoning": "The image clearly shows a green frog sitting on a lily pad in the water. The frog is centered in the image and is facing to the right. The eyes of the frog are clearly visible, so the answer to the second question is False. The image is sharp and well-focused, with good lighting and no visible artifacts or distortions, hence the quality score is 0.95. The slight decrease from 1 is due to the minor blurring at the bottom of the image, likely caused by the water's surface."}, {"ans": [true, false, 1.0], "reasoning": "The image clearly shows a mug with a handle on the right side. The mug is white with blue floral patterns and is placed on a matching saucer. The handle is visible and intact, indicating that it is not missing. The image is of high quality, with clear details and no visible artifacts or distortions."}, {"ans": [true, false, 0.9], "reasoning": "The image shows a saxophone, which is the main object. The saxophone has keys visible on it, so the keys are not missing or not visible. The image is of high quality with clear details of the saxophone, but there are some minor reflections and shadows that slightly affect the quality, hence a score of 0.9."}, {"ans": [true, false, 1.0], "reasoning": "The image clearly shows a skateboard with its wheels attached. The skateboard is positioned on a brick surface, and all four wheels are visible. The image is sharp and well-lit, with no visible artifacts or distortions that would affect its quality."}, {"ans": [true, false, 1.0], "reasoning": "The image shows a black fedora hat on a wooden stand. The hat is clearly visible and appears to be a fedora with a brim. The brim is visible and not missing, so the answer to the second question is false. The image is clear and of high quality, with no visible artifacts or distortions."}, {"ans": [true, false, 0.95], "reasoning": "The image clearly shows a motorcycle helmet with a visor. The visor is transparent and is currently in the up position, covering the top part of the helmet's face area. The presence of the visor is evident, and it is not missing or invisible. The image is of high quality, with clear details of the helmet and its surroundings. The tools and workbench in the background are also clearly visible, indicating a well-lit and focused photograph. The slight decrease in quality score is due to minor rust and dirt visible on the tools and workbench, but this does not significantly impact the overall clarity of the main subject, the motorcycle helmet."}, {"ans": [true, true, 1.0], "reasoning": "The image is showing a bedframe with intricate carvings and ornate details. The bedframe is made of dark wood and has a high headboard with a decorative crest at the top. The footboard is also ornately carved and has a similar design to the headboard. The bedframe is placed on a patterned rug, and the background is a dark wall with molding. The mattress is not visible, so it is considered missing or not visible. The image is of high quality, with clear details and no visible artifacts or distortions."}, {"ans": [true, false, 1.0], "reasoning": "The image clearly shows a clock tower with a visible clock face. The main object, the clock tower, is present and identifiable. The clock face is also visible, indicating that it is not missing or invisible. The image is sharp and clear, with no noticeable artifacts or distortions that would affect the quality."}, {"ans": [true, false, 0.9], "reasoning": "The image shows a pocket watch with an open face, revealing its inner mechanisms and hands. The hands are visible, indicating that they are not missing. The image is of high quality, with clear details and no visible artifacts or distortions. The only reason for not giving it a perfect score is the slight reflection on the satin background, but it does not significantly impact the overall quality."}, {"ans": [true, false, 0.9], "reasoning": "The image clearly shows a bicycle leaning against a stone wall. The bicycle is red with 'giant' written on its frame, and it has two wheels, a seat, and handlebars. The pedals are visible and appear to be attached to the bicycle, so they are not missing. The image is well-lit and in focus, with clear details of the bicycle and its surroundings. The quality of the image is high, with no noticeable artifacts or distortions."}, {"ans": [true, false, 0.9], "reasoning": "The image is showing a portrait of a woman with visible eyes. The main object, the portrait of a woman, is present and clearly visible. The eyes are also visible, so they are not missing. The quality of the image is high, with clear details and no visible artifacts or distortions. However, the score is not 1 because the image is slightly reflective on the floor, which might be considered a minor issue."}, {"ans": [true, false, 0.95], "reasoning": "The image clearly shows a grand piano on a stage, with its lid open and illuminated by spotlights. The interior of the piano is visible, and the hammers are clearly seen inside. The presence of an orchestra in the background adds to the context of a performance setting. The image is sharp and well-lit, with no visible artifacts or distortions that would detract from its quality. The main object, the grand piano, is prominently displayed, and the hammers are visible, making the answer to the first question 'True' and the second 'False'. The quality of the image is high, rated at 0.95, as it is clear and well-composed, with proper lighting that highlights the grand piano and the orchestra."}, {"ans": [true, false, 0.9], "reasoning": "The image depicts a sailing ship with three masts, which is clearly visible and appears to be in good condition. The sails are not fully furled but are visible and appear to be in a state of partial deployment. The image is clear and well-defined, with no visible artifacts or distortions that would detract from its quality. The main object, the sailing ship, is present and easily identifiable. The sails are visible, so they are not missing or not visible. The quality of the image is high, with a score of 0.9, as it is clear and well-defined, with no visible artifacts or distortions."}, {"ans": [true, false, 1.0], "reasoning": "The image is showing a large tree with sprawling branches and a thick trunk, which appears to be an oak tree as it matches the general description of an oak tree. The leaves are visible on the branches, so they are not missing or not visible. The image is clear and well-lit, with no visible artifacts or distortions, hence the quality score is 1.0."}, {"ans": [true, false, 0.9], "reasoning": "The image depicts a stone cottage with a sloping roof and a chimney, surrounded by trees and vines. The cottage is the main object in the image, and it is clearly visible. Therefore, the answer to Question 1 is True. The door of the cottage is partially covered by vines but is still visible, so the answer to Question 2 is False. The image is of high quality, with clear details and no visible artifacts or distortions, so the quality score is 0.9."}, {"ans": [true, false, 1.0], "reasoning": "The image clearly shows a passenger jet on the tarmac. The wings of the jet are visible, indicating that they are not missing. The image is sharp and clear, with no visible artifacts or distortions that would affect its quality."}, {"ans": [true, true, 0.95], "reasoning": "The image shows a wristwatch with a white face and silver hands, placed on a leather tray. The watch face does not have any visible numbers. The image is clear and well-lit, with no visible artifacts or distortions. The quality of the image is high, with a score of 0.95. For question 1, the image is showing a wristwatch, so the answer is True. For question 2, the numbers are not visible on the wristwatch face, so the answer is True."}, {"ans": [true, false, 1.0], "reasoning": "The image is showing a pizza, which is the main object. The pizza appears to have cheese, as there are visible melted cheese patches on the surface, particularly around the edges and under the toppings. The presence of cheese is evident, so it is not missing. The image is clear and well-lit, with no visible artifacts or distortions that would affect the quality. Therefore, the quality of the image is rated as 1."}, {"ans": [true, false, 0.9], "reasoning": "The image clearly shows traffic signals with lights visible. The main traffic lights are seen at the top of the image, and some of them are lit up. There are no visible signs of distortion, blurring, or other artifacts that would significantly reduce the quality of the image. The presence of lights on the traffic signals indicates that the lights are not missing. The quality is slightly less than 1 due to the overexposure in the center of the image, which might be considered a minor artifact."}, {"ans": [true, false, 1.0], "reasoning": "The image clearly shows a skateboard lying on the ground. The skateboard is visible with its deck and trucks, and the wheels are also visible, although partially obscured by the shadow and the angle of the board. The image is sharp and well-lit, with no visible artifacts or distortions that would detract from its quality. Therefore, the answer to the first question is True because the main object, a skateboard, is present. The answer to the second question is False because the wheels are visible. The quality of the image is rated as 1.0 because it is clear and well-defined, with no noticeable issues."}, {"ans": [true, true, 0.8], "reasoning": "The image clearly shows a chessboard with pieces arranged on it, so the answer to the first question is True. The black pieces are not visible as they are likely to be the other color (not shown in the image), so the answer to the second question is True. The image quality is good, with clear details of the chessboard and pieces, but it has a slight yellowish tone and some shadows, hence the quality score is 0.8."}, {"ans": [true, false, 0.95], "reasoning": "The image clearly shows a red sports car, which is the main object. The brakes are visible behind the wheels, so they are not missing or invisible. The image is well-lit and has a clear reflection on the floor, indicating good quality. However, the quality score is not 1 because of the slight reflection and lighting effects on the car's surface."}, {"ans": [true, true, 0.95], "reasoning": "The image shows a large, open book on a wooden table, with a bookshelf in the background. The pages of the book are blank and devoid of any text. The image is clear and well-lit, with no visible artifacts or distortions. The main object, the book, is clearly visible and centered in the image. The text is missing from the book, as the pages are blank. The quality of the image is high, with a score of 0.95 out of 1. The slight deduction in quality is due to the slight blurring of the background bookshelves, but this does not detract from the overall clarity of the main subject."}, {"ans": [true, false, 1.0], "reasoning": "The image clearly shows a computer tower with visible internal components, including fans that are illuminated with colorful lights. The main object, a computer tower, is present, so the answer to the first question is True. The fans are visible on both the left and right sides of the tower, so the answer to the second question is False. The image is of high quality, with clear details and no visible artifacts or distortions, so the quality score is 1."}, {"ans": [true, false, 1.0], "reasoning": "The image clearly shows a scarecrow with a hat and a plaid shirt, standing in a field. The scarecrow has visible arms, which are made of straw and are outstretched to the sides. The image is well-lit and in focus, with no visible artifacts or distortions. Therefore, the answer to Question 1 is True, as the image is showing a scarecrow. The answer to Question 2 is False, as the arms are visible and not missing. The quality of the image is rated as 1.0, as it is clear and well-defined, with no visible issues."}, {"ans": [true, true, 0.9], "reasoning": "The image depicts a knight in armor, which directly answers the first question. The knight is not holding a sword, and there is no visible sword in the image, which answers the second question. The image is of high quality with detailed armor and facial features, but the quality score is slightly reduced to 0.9 due to some minor visible brush strokes and texture, indicating it is a painting."}, {"ans": [true, false, 0.95], "reasoning": "The image is showing a teapot with a floral design on it. The teapot has a handle, spout, and lid, which are all clearly visible. The handle is on the right side of the teapot. The image is of high quality, with clear details and no visible artifacts or distortions. The quality score is 0.95 because the image is very clear and well-lit, but not perfect due to a slight blur in the background."}, {"ans": [true, false, 0.9], "reasoning": "The image clearly shows a basketball hoop with a net, so the answer to the first question is True. The net is visible and not missing, so the answer to the second question is False. The image is of high quality, with clear details of the basketball hoop and net, and a clear blue sky in the background. The only reason for not giving it a perfect score is the presence of some minor scratches and dirt on the backboard, but it does not significantly affect the overall quality."}, {"ans": [true, false, 0.9], "reasoning": "The image shows a dining table set with plates, cutlery, and glasses. The table is fully visible and appears to be well-arranged. For Question 1, the main object is a dining table, so the answer is True. For Question 2, the glasses are visible on the table, so the answer is False. The quality of the image is rated 0.9 because it is clear and well-lit, with no visible artifacts or distortions."}, {"ans": [true, true, 0.9], "reasoning": "The image clearly shows a vintage typewriter with a sheet of paper in it, indicating that it is indeed a typewriter. The ribbon is not visible, suggesting that it might be missing or not visible due to the angle or condition of the typewriter. The image is of high quality, with clear details of the typewriter's mechanisms and the surrounding objects, although there are some signs of wear and tear on the typewriter and the table it's on. The overall quality is good, with no significant artifacts or distortions that would detract from the viewer's understanding of the image."}, {"ans": [true, true, 0.95], "reasoning": "The image shows multiple winter jackets hanging on a rack. The jackets appear to be puffy and have a thick, insulated design, which is typical of winter jackets. The first jacket on the left has buttons down the front and appears to have a zipper underneath the buttoned flap, but the zipper is not visible as it is covered by the buttons. The other jackets are similarly designed but are different shades of beige and brown. The image is clear and well-lit, showing the details of the jackets without any significant artifacts or distortions. The quality of the image is high, with a score of 0.95 out of 1. The main object, a winter jacket, is present, so the answer to the first question is True. The zipper on the most visible jacket is not visible, so the answer to the second question is True."}, {"ans": [true, false, 0.9], "reasoning": "The image clearly shows two sunflowers, so the answer to the first question is True. The seeds on the sunflowers are visible, so the answer to the second question is False. The image is well-lit and the sunflowers are in sharp focus, but there is some lens flare around the sun, which slightly reduces the quality score to 0.9."}, {"ans": [true, false, 0.9], "reasoning": "The image clearly shows an elephant with its trunk visible and intact, indicating that the main object is present. The trunk is not missing or invisible; it is clearly seen being held by the elephant. The image quality is high, with clear details of the elephant and its surroundings. The only reason for not giving it a perfect score is the slight dust or dirt on the camera lens or the presence of some minor artifacts around the elephant's feet due to motion, but these do not significantly detract from the overall quality."}, {"ans": [true, true, 0.9], "reasoning": "The image shows a white rowboat with wooden seats and trim, floating on a serene lake. The boat is positioned with its back facing the camera, and there are no oars visible in the image. The overall condition of the image is clear and well-defined, with no noticeable artifacts or distortions that would detract from its quality. The main object, the rowboat, is clearly visible and well-lit. The absence of oars is evident as they are not seen within the boat or near it. The image quality is rated high because it is sharp, well-composed, and free of significant visual noise or distortion."}, {"ans": [true, false, 0.95], "reasoning": "The image clearly shows a snowman in a residential yard during a snowy scene. The snowman is adorned with a top hat, scarf, and has visible buttons on its body. The presence of the snowman directly answers the first question. For the second question, the buttons on the snowman are clearly visible, indicating they are not missing. The image is of high quality with detailed rendering of the snowman and the surrounding environment. The only reason it wouldn't be a perfect 1 is due to the slight blurring effect from the snowfall, but it doesn't significantly impact the visibility of the main object or its details."}, {"ans": [true, false, 0.95], "reasoning": "The image clearly shows a fountain pen, so the answer to the first question is True. The ink is visible inside the pen's transparent barrel, so the answer to the second question is False. The image is of high quality, with clear details and no visible artifacts or distortions, so the quality score is 0.95. The slight deduction is due to the subtle texture visible on the paper, which might be considered a minor imperfection."}, {"ans": [true, true, 0.9], "reasoning": "The image shows a paintbrush with a visible handle and metal ferrule, but the bristles are not visible as they are likely submerged in the paint on the palette. The presence of the paintbrush is clear, so the answer to the first question is True. For the second question, since the bristles are not visible, the answer is True. The image quality is high, with clear details of the paintbrush and the palette, so the quality score is 0.9."}, {"ans": [true, false, 0.9], "reasoning": "The image shows a pair of eyeglasses with one temple visible and the other partially visible. The main object, eyeglasses, is present in the image. For the second question, the temples are not missing; one is fully visible, and the other is partially visible. The image quality is high, with clear details of the eyeglasses and the newspaper underneath. The only reason for a slightly lower quality score is the slight blurring and color gradient in the background, but it does not affect the visibility of the main object."}, {"ans": [true, false, 0.9], "reasoning": "The image clearly shows a person holding an umbrella on a rainy street. The umbrella is the main object and is visible with its ribs clearly seen under the fabric. The image is of high quality with clear details of the scene, although there is some blurring in the background due to rain, which slightly affects the overall quality score."}, {"ans": [true, true, 0.9], "reasoning": "The image shows a wristwatch inside a glass dome. The watch is visible and appears to be a high-end model with a gold case and leather strap. The face of the watch is visible, but the hour markers are not clearly visible due to the openwork design of the dial. The image is of high quality, with good lighting and no visible artifacts or distortions. However, the presence of scratches on the glass dome slightly reduces the quality score."}, {"ans": [true, false, 1.0], "reasoning": "The image clearly shows a camping tent with its structure intact and poles visible, holding up the fabric. The tent is set up in a grassy field with trees in the background. The image is sharp and clear, with no visible artifacts or distortions that would detract from its quality. Therefore, the answer to Question 1 is True because the image is showing a camping tent. The answer to Question 2 is False because the poles are visible and not missing. The quality of the image is rated as 1, indicating high quality, as there are no noticeable issues such as blurring, unnatural colors, or other defects."}, {"ans": [true, false, 0.9], "reasoning": "The image shows a cuckoo clock with intricate carvings and decorations, including a visible clock face and weights hanging below it. The main object, the cuckoo clock, is present. The weights are visible, hanging down from the bottom of the clock, so they are not missing or invisible. The image is of high quality, with clear details and no visible artifacts or distortions, though the focus is on the clock face and the surrounding decorations, with some parts of the image slightly blurred due to depth of field."}, {"ans": [true, true, 0.9], "reasoning": "The image shows a smartphone standing upright on a table. The phone's screen is visible, displaying various icons and a reflection of the surrounding environment. The phone is an iPhone, as indicated by the layout of the icons and the design of the device. The speaker grille is not visible from the front view of the smartphone, as it is typically located at the bottom or on the back of the device. Therefore, the answer to the first question is True, as the image is showing a smartphone. The answer to the second question is also True, as the speaker grille is not visible from the front view. The quality of the image is rated 0.9, as it is clear and well-lit, with minimal artifacts or distortions."}, {"ans": [true, true, 0.9], "reasoning": "The image clearly shows a motorcycle, fulfilling the first question. The speedometer is not visible, as it is not in the viewer's line of sight, thus answering the second question as true. The image quality is high, with clear details of the motorcycle and its surroundings, hence a quality score of 0.9. The slight deduction is due to the presence of dust around the motorcycle, which could be considered a minor artifact, but it does not significantly impact the overall clarity."}, {"ans": [true, true, 1.0], "reasoning": "The image shows a violin with a bow placed on it. The bow is clearly visible, and it is a violin bow. Therefore, the answer to the first question is True. Upon closer inspection, it is evident that the hair on the bow is not visible, indicating that it is either missing or not visible. Hence, the answer to the second question is also True. The image is of high quality, with clear details and no visible artifacts or distortions, so the quality score is 1.0."}, {"ans": [true, false, 0.9], "reasoning": "The image shows a birdcage hanging from the ceiling of a porch. The birdcage is the main object in the image and is clearly visible. Inside the birdcage, there is a perch, so it is not missing. The image is well-lit and has a warm, golden tone. The quality of the image is high, with clear details and no visible artifacts or distortions. The only reason for a quality score less than 1 is the slight overexposure causing some parts of the image to be overlit."}, {"ans": [true, false, 1.0], "reasoning": "The image clearly shows a statue of a woman, indicating that the main object is indeed a statue. The head of the statue is visible, meaning it is not missing or invisible. The image is of high quality with no visible artifacts, blurring, or other issues that would detract from its clarity."}, {"ans": [true, false, 1.0], "reasoning": "The image clearly shows a teddy bear sitting on a bed. The teddy bear is light beige in color with a visible nose, which is brown. The nose is clearly visible, so it is not missing. The image is of high quality, with no visible artifacts, blurring, or other issues that would detract from its clarity. Therefore, the quality is rated as 1.0."}, {"ans": [true, false, 0.95], "reasoning": "The image clearly shows a pair of white sneakers with laces. The main object in the image is the sneakers, and they are visible and identifiable. The laces are also visible and appear to be intact. The image is of high quality, with clear details and no visible artifacts or distortions. The quality score is 0.95 because the image is sharp and well-lit, but not perfect due to slight dirtiness on the sneakers."}, {"ans": [true, false, 1.0], "reasoning": "The image clearly shows a refrigerator with its door open, displaying the interior. The main object, the refrigerator, is present. The door shelves are visible on the right side of the refrigerator door, so they are not missing. The image is clear and well-lit, with no visible artifacts or distortions, hence the quality is rated as 1.0."}, {"ans": [true, false, 0.9], "reasoning": "The image depicts a group of women gathered around a campfire. The campfire is present, as indicated by the arrangement of stones and the visible flames. Therefore, the answer to Question 1 is True. The flames are visible, so the answer to Question 2 is False. The image quality is high, with clear details and no significant artifacts or distortions, so the quality score is 0.9."}, {"ans": [true, false, 0.95], "reasoning": "The image is clearly showing a drinking fountain. The drinking fountain has water flowing from it, so water is visible. The image is sharp and well-lit, with no visible artifacts or distortions that would detract from its quality. The only reason the quality is not 1 is because the image is not perfectly sharp on the background elements, but the main object, the drinking fountain, is very clear."}, {"ans": [true, false, 0.95], "reasoning": "The image clearly shows a revolver with a visible trigger guard. The main object in the image is a revolver, and it is evident that the trigger guard is present and visible. The image is of high quality, with clear details of the revolver and its components. The only reason for not giving it a perfect score is the presence of a hand in the foreground, which might be considered slightly distracting, but it does not significantly impact the overall quality or the visibility of the revolver."}, {"ans": [true, false, 0.9], "reasoning": "The image is a detailed illustration of a compass rose, which is clearly visible and centered in the image. The compass rose is adorned with ornate details and is set against a backdrop that resembles an old map. For Question 1, the presence of a compass rose is evident, so the answer is True. For Question 2, the north arrow is visible and pointing towards the 'N' on the compass rose, so the answer is False. The image quality is high, with clear details and no significant artifacts or distortions, so the quality score is 0.9. The slight reduction from 1 is due to the aged, parchment-like texture which might be considered a minor degradation."}, {"ans": [true, false, 0.9], "reasoning": "The image depicts a futuristic cityscape with towering skyscrapers that have a sleek, modern design. The buildings are adorned with neon lights and have a metallic sheen, giving them a high-tech appearance. Upon closer inspection, it is evident that the skyscrapers do have windows, although some of them appear to be more like LED screens or illuminated panels rather than traditional windows. The overall atmosphere of the image is one of a futuristic, high-tech urban environment. The quality of the image is generally high, with clear details and vibrant colors. However, there is a slight haze or fog in the background that might detract from the overall clarity, hence the quality score of 0.9."}, {"ans": [true, true, 0.95], "reasoning": "The image shows a conductor standing in front of an orchestra with his back to the camera, wearing a black suit and raising both hands. The conductor is the main object in the image. Although the conductor's hands are raised, there is no visible baton in either hand. The baton is not visible, so it is considered missing. The image is clear and well-lit, with no visible artifacts or distortions that would affect the quality. Therefore, the quality is rated high at 0.95."}, {"ans": [true, true, 1.0], "reasoning": "The image shows a soccer field with a goal area marked by white lines and flags. The main object, a soccer goal, is not directly visible but implied by the markings and flags. The crossbar is not visible, and since the goal itself is not directly shown, it is considered missing or not visible. The image is clear and well-lit, with no visible artifacts or distortions, hence the quality score is 1.0."}, {"ans": [true, false, 0.95], "reasoning": "The image clearly shows a microscope on a table in a laboratory setting. The microscope is the main object and is visible in detail. The lenses of the microscope are also visible, indicating that they are not missing. The image is sharp and well-lit, with no visible artifacts or distortions that would affect its quality. The background is slightly blurred, which is typical for a focused shot on the main subject. Overall, the image is of high quality."}]