[{"ans": [true, true, 1.0], "reasoning": "The image is showing a sailboat, which is the main object, so the answer to the first question is True. The sails are not visible as they appear to be furled or not deployed, so the answer to the second question is True. The image is clear and of high quality, with no visible artifacts, blurring, or other issues that would decrease its quality score, so the quality is rated as 1.0."}, {"ans": [true, true, 0.9], "reasoning": "The image shows a red bicycle leaning against a brick wall. The bicycle is the main object in the image and is clearly visible. The chain of the bicycle is not visible, likely due to the angle and the condition of the bike. The image is clear and well-lit, with no noticeable artifacts or distortions that would affect the visibility of the main object. The quality of the image is high, with a score of 0.9 out of 1. The slight decrease in quality is due to the presence of some minor wear and tear on the bicycle and the wall, but this does not significantly impact the overall clarity of the image."}, {"ans": [true, false, 1.0], "reasoning": "The image clearly shows a cat, so the answer to the first question is True. The cat's whiskers are visible, so the answer to the second question is False. The image is sharp and clear, with no visible artifacts or distortions, so the quality score is 1.0."}, {"ans": [true, true, 0.9], "reasoning": "The image depicts a castle with a large, ruined structure in the background and a giant hand sculpture emerging from the ground in front of it. The castle is the main object, and it is clearly visible. Therefore, the answer to Question 1 is True. The gates are not visible in the image, so the answer to Question 2 is True. The image is well-lit and clear, with no visible artifacts or distortions that would affect its quality. However, there is a slight unnatural element due to the giant hand sculpture, but it does not significantly detract from the overall quality. Thus, the quality score is 0.9."}, {"ans": [true, false, 0.9], "reasoning": "The image is showing a hot-air balloon with a visible basket, so the answer to the first question is True. The basket is visible and not missing, so the answer to the second question is False. The image quality is high, with clear details of the balloon and the surrounding landscape. However, the image has a slight warm tone and some haze in the background, which slightly reduces its quality. Overall, the quality score is 0.9."}, {"ans": [true, false, 0.8], "reasoning": "The image clearly shows a turtle on the beach, with its shell visible. The turtle is partially submerged in water and appears to be coming ashore. The shell is covered in algae or moss, indicating it has been in the water. The image is clear and well-defined, showing the details of the turtle and its surroundings. The quality is high enough to identify the turtle and its features, but there is some grain or noise visible upon close inspection, which slightly reduces the quality score."}, {"ans": [true, false, 0.9], "reasoning": "The image clearly shows a train at a station, indicating that the main object is indeed a train. The wheels of the train are visible under the carriage, so they are not missing or invisible. The image is of high quality with clear details of the train and the station, though there might be some minor dirt or grime on the tracks and platform, which does not significantly detract from the overall quality."}, {"ans": [true, false, 0.8], "reasoning": "The image clearly shows a pair of eyeglasses with lenses on a reflective surface. The lenses are visible and not missing, so the answer to the second question is False. The main object, eyeglasses, is present, so the answer to the first question is True. The image quality is slightly compromised due to the presence of dust and minor reflections on the surface, but it is still clear and sharp enough to identify the eyeglasses and their lenses."}, {"ans": [true, false, 0.95], "reasoning": "The image clearly shows a fountain pen with a visible nib. The nib is detailed and appears to be a part of the pen, indicating that it is not missing. The image is of high quality, with clear details and no visible artifacts or distortions that would detract from the overall clarity. The slight decrease in quality score is due to the slight shadowing and the texture of the paper, but these do not significantly impact the visibility of the pen or its nib."}, {"ans": [true, true, 0.9], "reasoning": "The image shows an umbrella with its canopy missing or torn, leaning against a chair outside a storefront. The main object in the image is indeed an umbrella, so the answer to the first question is True. The canopy of the umbrella is not visible or is missing, so the answer to the second question is also True. The image is clear and well-lit, with no visible artifacts or distortions that would significantly affect its quality, so the quality score is 0.9."}, {"ans": [true, false, 1.0], "reasoning": "The image clearly shows a large white airplane on a runway, with its wings visible. The presence of the airplane satisfies the first question. The wings are not missing or invisible; they are clearly visible on both sides of the fuselage, which answers the second question. The image is sharp and well-defined, with no visible artifacts, blurring, or other issues that would affect its quality."}, {"ans": [true, false, 0.9], "reasoning": "The image clearly shows a desk lamp with a bulb. The lamp is positioned above an open book on a table, and the bulb is visible and illuminated. The image is well-lit and in focus, with no significant artifacts or distortions that would affect the visibility of the main object or the bulb. The quality of the image is high, with a score of 0.9 out of 1.0."}, {"ans": [true, false, 0.9], "reasoning": "The image shows an electric guitar with a visible neck, so the main object is present. The neck is clearly visible, so it is not missing or not visible. The image is clear and well-lit, with no significant artifacts or distortions, but there are some minor scratches on the wall and the guitar has some wear and tear, hence a quality score of 0.9."}, {"ans": [true, false, 0.9], "reasoning": "The image depicts a clear glass or crystal fish sculpture with detailed engravings, indicating that it is indeed a representation of a fish. The fins are visible and appear to be an integral part of the sculpture, so they are not missing or invisible. The image quality is high, with clear details and no visible artifacts or distortions, though it is slightly low due to the presence of some minor blurring around the edges of the objects."}, {"ans": [true, false, 1.0], "reasoning": "The image clearly depicts a cottage with a roof. The roof is visible and appears to be intact, covering the cottage. The image is of high quality, with clear details and no visible artifacts or distortions."}, {"ans": [true, true, 0.9], "reasoning": "The image is showing a white vintage convertible car with its hood open. The windshield is not visible, likely because it is a convertible and the windshield is folded down or removed. The image is clear and well-lit, with no visible artifacts or distortions. The quality of the image is high, with a score of 0.9. The main object, a car, is present, so the answer to the first question is True. The windshield is not visible, so the answer to the second question is True."}, {"ans": [true, false, 0.9], "reasoning": "The image shows a keyboard with a transparent casing, revealing its internal components. The keyboard is illuminated with colorful lights, and the keys are visible. The spacebar is present and visible, indicating that it is not missing. The image quality is high, with clear details of the keyboard's components, although there might be some minor reflections or glare on the surface. Overall, the image is well-lit and sharp, with no significant artifacts or distortions."}, {"ans": [true, false, 0.95], "reasoning": "The image clearly shows an owl perched on a branch, with its feathers visible. The owl is centered in the image, and its feathers are detailed and textured, indicating that they are not missing or invisible. The background of the image is a night sky with a full moon, which adds to the overall aesthetic but does not affect the visibility of the owl's feathers. The image is well-defined and lacks significant artifacts or blurring, suggesting a high-quality image. However, there are some minor speckles and dots around the image, possibly due to the processing or the night sky effect, which slightly reduces the quality score to 0.95."}, {"ans": [true, false, 0.95], "reasoning": "The image shows a leather-bound book standing upright on a wooden table, with another book lying open next to it. The pages of the open book are visible, indicating that the book has pages. The standing book's cover is closed, but it is clearly a book. The image is well-lit and detailed, with no visible artifacts or distortions that would affect the quality. Therefore, the answer to Question 1 is True, as the image is showing a book. The answer to Question 2 is False, as the pages of the open book are visible, indicating that they are not missing or not visible. The quality of the image is rated 0.95, as it is clear and well-rendered, with only minor signs of wear on the wooden table."}, {"ans": [true, false, 0.9], "reasoning": "The image clearly depicts a lighthouse, which is the main object in the scene. The lighthouse is standing on a rocky cliff with a stormy sky in the background. The lamp is visible inside the lighthouse, so it is not missing. The image is of high quality with clear details, although there are some rain streaks and a stormy atmosphere that could slightly affect visibility. However, the main object and its details are clearly visible, so the quality score is high."}, {"ans": [true, false, 1.0], "reasoning": "The image shows a white armchair with a tufted back and arms, sitting on a rug in a room with white walls and large windows. The chair is clearly visible and appears to be in good condition. The legs of the chair are visible, indicating that they are not missing. The image is well-lit and has good resolution, with no visible artifacts or distortions. Therefore, the quality of the image is rated as 1. For Question 1, the image is showing an armchair, so the answer is True. For Question 2, the legs are visible, so the answer is False."}, {"ans": [true, true, 0.9], "reasoning": "The image is showing a deer, which is the main object, so the answer to the first question is True. The deer appears to be without antlers, and upon closer inspection, it is clear that the antlers are not visible, so the answer to the second question is True. The image quality is good, with clear details of the deer and its surroundings, but the strong sunlight creates a slight glare, hence the quality score is 0.9 rather than 1."}, {"ans": [true, false, 1.0], "reasoning": "The image clearly shows an envelope with a visible flap, indicating that the flap is present and not missing. The image is of high quality with no visible artifacts or distortions."}, {"ans": [true, true, 1.0], "reasoning": "The image shows a wall clock with black hands but no numbers on its face. The clock is centered on a white wall above a fireplace. The presence of the clock answers the first question affirmatively. The absence of numbers on the clock face answers the second question affirmatively as well. The image is clear and well-lit, with no visible artifacts or distortions, hence the quality score is 1.0."}, {"ans": [true, false, 0.9], "reasoning": "The image depicts a person wearing a white space suit submerged in a pool. The space suit is clearly visible, and the helmet is present and visible on the person's head. The image is clear and well-lit, with minimal distortion or artifacts. The quality of the image is high, with a score of 0.9 due to some minor ripples and reflections on the water's surface."}, {"ans": [true, false, 0.9], "reasoning": "The image clearly shows a windmill with visible blades, standing in a field of wheat. The windmill is the main object in the image and is not blurry or obscured. The blades are also clearly visible, indicating that they are not missing. The image is of high quality, with clear details and natural colors, though there is a slight double vision effect due to the multiple exposure of the windmill, which slightly reduces the quality score to 0.9."}, {"ans": [true, true, 0.9], "reasoning": "The image clearly shows a large tree with bare branches, indicating that it is either without leaves or the leaves are not visible. The main object, the tree, is present and clearly visible, so the answer to the first question is True. The leaves are not visible on the tree, so the answer to the second question is also True. The image is of high quality, with clear details of the tree's branches and trunk, and the sun's rays creating a nice effect. The quality score is 0.9 because the image is sharp and well-defined, with no noticeable artifacts or distortions."}, {"ans": [true, true, 0.8], "reasoning": "The image clearly shows a bus, specifically a school bus, with significant damage to its side. The main object (the bus) is present, so the answer to the first question is True. For the second question, the side of the bus is severely damaged, and the doors are not visible as they are likely destroyed or missing, so the answer is True. The image quality is rated 0.8 because, although the main object is clear, there are some artifacts and unnatural coloration due to the damage and possibly the lighting or processing of the image."}, {"ans": [true, true, 1.0], "reasoning": "The image shows a laptop with its screen open but not displaying anything. The laptop is clearly visible and is the main object in the image. The screen is not displaying any content, but it is not missing; it is just blank. Therefore, for Question 1, the answer is True because the image is showing a laptop. For Question 2, the answer is True because the screen is not visible in terms of displaying content, and it appears to be reflecting light, making it hard to discern any details on it. The quality of the image is rated 1.0 because it is clear and shows the laptop and its details without any significant artifacts or distortions."}, {"ans": [true, true, 1.0], "reasoning": "The image shows a trumpet, which is the main object. The trumpet appears to be without a mouthpiece, as there is no visible attachment at the end where the mouthpiece would typically be. The image is clear and well-lit, with no visible artifacts or distortions that would affect the quality. Therefore, the quality is rated as 1."}, {"ans": [true, false, 0.9], "reasoning": "The image clearly shows a robot with a visible head in a laboratory setting. The robot is the main object and is depicted in detail, indicating that it is not missing. The head is also clearly visible, so it is not missing or invisible. The image quality is high, with clear details of the robot and its surroundings, although there might be a slight reduction in quality due to the complexity of the scene and the presence of various equipment and wires."}, {"ans": [true, true, 1.0], "reasoning": "The image shows a candle, which is the main object. The wick is not visible, so it is considered missing. The image is clear and well-lit, with no visible artifacts or distortions, so the quality is rated as 1.0."}, {"ans": [true, false, 0.95], "reasoning": "The image clearly shows a pizza with various toppings, including what appears to be cheese, tomato sauce, and basil leaves. The presence of cheese is visible, indicating that it is not missing. The image is of high quality, with clear details and no visible artifacts or distortions that would significantly impact the visibility of the pizza or its toppings. The slight decrease in quality score is due to minor imperfections in the image, such as slight blurring around the edges of the pizza and some specks on the surface, but these do not detract from the overall clarity of the image."}, {"ans": [true, true, 0.9], "reasoning": "The image shows a DSLR camera body with the lens removed and the internal mechanisms exposed. The camera is sitting on a wooden surface against a white wall. The image is clear and well-lit, with no visible artifacts or distortions. The main object, the DSLR camera, is present and identifiable. The lens is not attached to the camera body, indicating it is either missing or not visible. The quality of the image is high, with a score of 0.9, as it is clear and well-defined, with no noticeable issues."}, {"ans": [true, false, 1.0], "reasoning": "The image shows a grand piano on a stage in an auditorium. The piano is visible and appears to be intact, with its keys visible. The image is clear and well-lit, with no visible artifacts or distortions. Therefore, the answer to Question 1 is True, as the image is showing a piano. The answer to Question 2 is False, as the keys are visible and not missing. The quality of the image is rated 1, as it is clear and well-defined, with no visible issues."}, {"ans": [true, true, 0.9], "reasoning": "The image shows a paintbrush lying on a palette covered in paint. The brush is visible, but its bristles are not clearly visible due to being covered in paint. The main object, the paintbrush, is present, so the answer to the first question is true. The bristles are not visible, so the answer to the second question is true. The image quality is high, with clear details of the paint and the brush handle, but some minor blurring is present due to the wet paint, hence a quality score of 0.9."}, {"ans": [true, true, 0.9], "reasoning": "The image is showing a watch without a strap, as the strap is not visible. The watch is clearly visible on a granite countertop. The image is of high quality, with clear details of the watch and its surroundings. The quality score is 0.9 because the image is sharp and well-lit, but there might be a slight decrease due to the background being slightly out of focus."}, {"ans": [true, true, 0.9], "reasoning": "The image shows a patient in a dental chair with their mouth open, undergoing a procedure. The mouth is clearly visible, so the answer to the first question is True. The tongue is not visible, likely due to the dental equipment and the angle of the image, so the answer to the second question is True. The image is clear and well-lit, with no visible artifacts or distortions that would affect the quality, so the quality score is 0.9."}, {"ans": [true, false, 0.9], "reasoning": "The image is clearly showing a motorcycle, so the answer to the first question is True. The handlebars are visible in the image, so the answer to the second question is False. The image is of high quality, with clear details and vibrant colors, but the neon lights and reflections on the wet ground create a slightly surreal atmosphere that might be considered unnatural, hence a quality score of 0.9 rather than 1."}, {"ans": [true, false, 0.95], "reasoning": "The image is showing a television set, which is the main object in the picture. The television is an older model with a wooden casing and visible internal components. The screen is present and displaying an image, so it is not missing. The image is clear and well-lit, with no visible artifacts or distortions that would affect the quality. The only reason the quality score is not 1 is due to the slight artificial look of the image, likely due to being generated or edited."}, {"ans": [true, false, 1.0], "reasoning": "The image depicts a white mountain goat standing on a rocky outcrop, with its head turned to the left. The goat appears to have horns, which are visible on its head. The image is clear and well-defined, with no visible artifacts or distortions. The quality of the image is high, and it effectively captures the details of the goat's appearance and its surroundings."}, {"ans": [true, false, 0.9], "reasoning": "The image shows a pair of red sneakers on a bench in front of lockers. The main object, a sneaker, is clearly visible. For Question 1, the image is showing a sneaker, so the answer is True. For Question 2, the laces are visible, so the answer is False. The image quality is high, with clear details of the sneakers and the background. However, there is a slight blur on the sole of the shoe, which might slightly reduce the quality score. Nonetheless, the overall clarity and lack of significant artifacts or distortions warrant a quality score of 0.9."}, {"ans": [true, false, 0.9], "reasoning": "The image is showing a green frog sitting on a lily pad in the water. The frog's eyes are visible, so the answer to the second question is False. The image is clear and well-focused, with no visible artifacts or distortions that would affect the quality score. However, the image is not perfect, as there are some minor ripples in the water and some leaves are out of focus in the background. Therefore, the quality score is 0.9."}, {"ans": [true, false, 0.9], "reasoning": "The image shows a mug with a handle, along with a saucer. The mug is the main object and it is clearly visible. The handle is present and visible on the right side of the mug. The image is of good quality with clear details of the mug and saucer, though there are some minor signs of wear and tear visible."}, {"ans": [true, false, 0.8], "reasoning": "The image clearly shows a saxophone with its keys visible, indicating that the main object is indeed a saxophone. The keys are not missing or invisible; they are present and visible on the instrument. The image quality is high, with clear details of the saxophone and its keys, although there might be some minor reflections or lighting effects. The overall clarity and focus of the image contribute to its high quality score."}, {"ans": [true, false, 0.9], "reasoning": "The image clearly shows a skateboard lying on a brick surface. The skateboard is visible with its trucks and wheels intact, indicating that it is not missing any wheels. The image is of good quality, with clear details of the skateboard and its components, although there might be some minor artifacts or slight degradation due to the image quality, it does not significantly impact the visibility of the main object. Therefore, the quality score is 0.9."}, {"ans": [true, false, 0.98], "reasoning": "The image shows a black fedora hat on a wooden stand. The hat has a visible brim, which is a key characteristic of a fedora. The image is clear and well-lit, with no visible artifacts or distortions. The quality of the image is high, with a score of 0.98 out of 1. The brim is not missing or invisible, so the answer to the second question is False."}, {"ans": [true, false, 0.95], "reasoning": "The image is showing a motorcycle helmet with a visor. The visor is clearly visible and not missing. The image is of high quality, with clear details of the helmet and the surrounding environment. The only reason the quality score is not 1 is due to the slight rust and wear visible on the tools and the wall in the background, which might be considered minor artifacts."}, {"ans": [true, true, 0.95], "reasoning": "The image shows a bedframe with intricate carvings and ornate details. The bedframe is the main object in the image, and it is clearly visible. There is no mattress on the bedframe, so it is considered missing. The image is of high quality, with clear details and no visible artifacts or distortions. The only reason the quality score is not 1 is because of the slight reflection on the bedframe, but it does not affect the overall clarity of the image."}, {"ans": [true, false, 0.95], "reasoning": "The image shows a tall brick tower with a clock face at the top, which is a clock tower. The clock face is visible, so it is not missing. The image is clear and well-lit, with no visible artifacts or distortions that would affect the quality. The only reason the quality is not 1 is because of the slight compression artifacts visible upon close inspection."}, {"ans": [true, false, 0.9], "reasoning": "The image shows a pocket watch with its cover open, revealing the intricate mechanical workings inside. The watch face is visible and has hands, so the main object is present and the hands are not missing. The image is of high quality, with clear details and no visible artifacts or distortions. The only reason for not giving it a perfect score is the slight reflection and shine on the watch and the fabric it's resting on, but this does not detract significantly from the overall clarity."}, {"ans": [true, false, 1.0], "reasoning": "The image clearly shows a bicycle leaning against a stone wall. The bicycle is red and has visible pedals, indicating that it is present and not missing. The image is of high quality with clear details and no visible artifacts or distortions."}, {"ans": [true, false, 0.9], "reasoning": "The image is showing a portrait of a woman, which is the main object. The eyes are visible in the portrait, so they are not missing. The image quality is good, with clear details, but there are some minor artifacts and brush strokes visible, hence a quality score of 0.9."}, {"ans": [true, true, 0.6], "reasoning": "The image depicts a grand piano on a stage, surrounded by spotlights and an audience. The piano is the main object and is clearly visible, although it appears to be distorted or manipulated in some way, possibly through editing or artistic effects. The hammers of the piano are not clearly visible due to the lighting and the angle of the image. The image quality is somewhat compromised by the heavy use of lighting effects, which creates a hazy or dreamlike atmosphere. However, the main object (the grand piano) is still discernible. The quality score is reduced due to the presence of artifacts and unnatural lighting."}, {"ans": [true, false, 0.9], "reasoning": "The image depicts a sailing ship with two masts and rigging, indicating it is a sailing vessel. The sails are visible and appear to be set, although they are not fully extended. The image is clear and well-rendered, showing the details of the ship and its surroundings. The quality is high, with no noticeable artifacts or distortions, but the slightly unnatural color tone and the rendering style slightly decrease the quality score to 0.9."}, {"ans": [true, false, 0.95], "reasoning": "The image is showing a large tree with a wide canopy and visible leaves, so the answer to the first question is True. The leaves are visible on the tree, so the answer to the second question is False. The image is clear and well-lit, with no visible artifacts or distortions, so the quality score is high at 0.95. The presence of a carved face on the trunk does not affect the quality score as it is not considered a 'key element' for the second question."}, {"ans": [true, true, 0.9], "reasoning": "The image depicts a charming stone cottage, covered in lush greenery, situated in a forest. The cottage is the main object in the image, and it is clearly visible. Therefore, the answer to the first question is True. Upon closer inspection, it is evident that the door of the cottage is not visible, as it is obscured by the foliage. Hence, the answer to the second question is also True. The image quality is high, with clear details and no visible artifacts or distortions, so the quality score is 0.9."}, {"ans": [true, false, 1.0], "reasoning": "The image clearly shows a passenger jet on the tarmac, with its wings visible. The main object in the image is a passenger jet, so the answer to the first question is True. The wings of the jet are also visible, so the answer to the second question is False. The image is of high quality, with no visible artifacts, blurring, or other issues that would affect the quality score, so the quality is rated as 1."}, {"ans": [true, true, 0.9], "reasoning": "The image clearly shows a wristwatch with a white face and a brown leather strap. The watch is placed on a beige surface, possibly a table or a display case. Upon closer inspection, it is evident that the watch face does not have any numbers on it. The overall quality of the image is high, with clear details of the watch and its surroundings. However, there is a slight blur around the edges of the image, which might be due to the camera's focus on the watch. The quality score is 0.9 because the image is generally clear and well-lit, but the slight blur around the edges prevents it from being a perfect score."}, {"ans": [true, false, 0.95], "reasoning": "The image is showing a pizza with visible cheese, so the answer to the first question is True. The cheese is visible on the pizza, so the answer to the second question is False. The image is clear and well-lit, with no visible artifacts or distortions, so the quality score is high, but slightly less than 1 due to minor imperfections in the image."}, {"ans": [true, false, 0.9], "reasoning": "The image clearly shows traffic signals, with some of them displaying lights. The main object, traffic signals, is present in the image. For the second question, the lights are visible on some of the traffic signals, so they are not missing or not visible. The image is of high quality, with clear details of the traffic signals and the surrounding environment. However, the quality score is not 1 due to the slight overexposure and lens flare visible around the sun."}, {"ans": [true, true, 0.9], "reasoning": "The image shows a skateboard lying on the ground. The skateboard is visible, but its wheels are not visible as they are likely facing downwards and obscured from view. The image is clear and well-lit, with some shadows cast by tree branches. The quality of the image is high, with no noticeable artifacts or distortions. Therefore, the answer to Question 1 is True, as the image is showing a skateboard. The answer to Question 2 is also True, as the wheels are not visible. The quality score is 0.9, as the image is clear and well-defined, with only some minor shadows and dirt on the ground."}, {"ans": [true, true, 0.9], "reasoning": "The image is showing a chessboard with pieces on it. The chessboard is the main object in the image, and it is clearly visible. The black pieces are not visible as they are not present on the board, they are likely to be the other color (possibly dark brown or black but not clearly distinguishable) but are not visible as the image is taken from the white player's perspective and the pieces are light colored. The quality of the image is good, with clear details of the chessboard and pieces. However, the image could be slightly more clear, hence the quality score is 0.9."}, {"ans": [true, true, 0.9], "reasoning": "The image is showing a red sports car. The car is displayed in a showroom with a shiny floor and a wall of lights behind it. The car's brakes are not visible as the wheels are covered with rims, and the brake calipers are not visible. The image is of high quality with no visible artifacts or blurring."}, {"ans": [true, true, 0.9], "reasoning": "The image shows a large, open book on a wooden table. The pages are blank and devoid of any text. The book is the main focus of the image, and it is clearly visible. The background is blurred, but it appears to be a library or study with bookshelves. The image is well-lit and has good clarity, with no visible artifacts or distortions. The quality of the image is high, with a score of 0.9 out of 1. The text is missing from the book, as the pages are blank."}, {"ans": [true, false, 0.95], "reasoning": "The image clearly shows a computer tower with a transparent side panel, allowing the internal components to be visible. The fans are also visible, so they are not missing. The image is of high quality, with clear details and no visible artifacts or distortions. The only reason it doesn't get a perfect score is due to the slight reflection on the glass panel."}, {"ans": [true, false, 0.95], "reasoning": "The image clearly depicts a scarecrow standing in a field. The scarecrow is wearing a plaid shirt and a straw hat, and it has visible arms made of straw or similar material. The image is sharp and well-defined, with no noticeable artifacts or distortions that would detract from its quality. The main object, the scarecrow, is clearly visible, and its arms are also visible, indicating that they are not missing."}, {"ans": [true, false, 0.8], "reasoning": "The image depicts a knight in armor riding a horse, with another knight partially visible on the left side. The central knight is wearing full armor, including a helmet and chainmail, and is holding the reins of the horse. The presence of the sword is visible at the knight's side, indicating it is not missing. The image is a painting with visible brush strokes, giving it a somewhat impressionistic quality. The overall quality is good, with clear details of the armor and the horse, though the brushwork is somewhat rough."}, {"ans": [true, false, 0.95], "reasoning": "The image shows a teapot with a handle, spout, and lid, decorated with floral patterns. The teapot is the main object in the image and is clearly visible. The handle is present and visible on the right side of the teapot. The image is of high quality, with clear details and no visible artifacts or distortions. The only reason the quality is not rated as 1 is due to the slight blurring in the background."}, {"ans": [true, false, 0.8], "reasoning": "The image clearly shows a basketball hoop with a net. The net is visible and appears to be intact, although it is slightly distorted due to the impact of a basketball. The image is sharp and clear, with good lighting, but there are some minor imperfections such as dirt or smudges on the backboard, which slightly reduces the quality score to 0.8."}, {"ans": [true, false, 0.95], "reasoning": "The image is showing a dining table set with plates, cutlery, and glasses. The table is covered with a white tablecloth and has multiple place settings. The glasses are visible on the table, so they are not missing. The image is clear and well-lit, with no visible artifacts or distortions that would affect its quality."}, {"ans": [true, true, 0.9], "reasoning": "The image clearly shows an old typewriter with its internal mechanisms exposed, indicating that it is likely being repaired or maintained. The presence of papers and a pen on top of the typewriter suggests that it is being used or has been used recently. The ribbon is not visible, which could mean it is either missing or not visible due to the angle of the image. The image is of high quality, with clear details and no visible artifacts or distortions. The slight decrease in quality score is due to the slight blurring of some parts of the image, but it does not affect the overall clarity of the main object."}, {"ans": [true, true, 0.95], "reasoning": "The image shows multiple winter jackets hanging on a rack. The main object, a winter jacket, is clearly visible. The jackets appear to be puffer jackets with fur-lined hoods. Upon closer inspection, the jackets on the left are fastened with buttons and do not have visible zippers. The image is clear and well-lit, with no apparent artifacts or distortions that would significantly impact the quality. However, there is a slight texture visible on the wall behind the jackets, which could be considered a minor quality issue. Overall, the image is of high quality."}, {"ans": [true, false, 0.7], "reasoning": "The image is showing a sunflower, so the answer to the first question is True. The seeds are visible on the sunflower, so the answer to the second question is False. The image quality is affected by the presence of artifacts and a slight blur due to the strong sunlight, but the main object is still clear, so the quality score is 0.7."}, {"ans": [true, true, 0.7], "reasoning": "The image is showing an elephant, so the answer to the first question is True. The trunk of the main elephant is not visible as it is covered by its body and the dust kicked up, so the answer to the second question is True. The image quality is rated 0.7 because the main elephant is slightly blurry due to motion and the dust around it, but the overall scene is still clear."}, {"ans": [true, true, 0.9], "reasoning": "The image shows a rowboat, which is the main object. The oars are not visible in the image, indicating they are either missing or not visible. The image is clear and well-lit, with no significant artifacts or distortions that would affect the quality score. The only reason for not giving a perfect quality score is the slight wear and tear visible on the boat, but this does not significantly impact the overall clarity or understanding of the image."}, {"ans": [true, false, 0.9], "reasoning": "The image is clearly showing a snowman, so the answer to the first question is True. The snowman has buttons visible on its body, so the answer to the second question is False. The image is of high quality, with clear details and no visible artifacts or distortions, so the quality score is 0.9. The only reason it's not a perfect 1 is because of the slight blurring effect due to the snowfall."}, {"ans": [true, false, 0.95], "reasoning": "The image clearly shows a fountain pen, which is the main object. The pen is positioned on a reflective surface, likely glass, and is accompanied by another pen in the background. The nib of the pen is visible and appears to have ink in it, as indicated by the red color visible on the nib. The image is sharp and well-lit, with no noticeable artifacts or distortions that would detract from its quality. The quality score is 0.95 because the image is very clear and well-focused, with no significant issues affecting its clarity or the visibility of the main object."}, {"ans": [true, true, 0.9], "reasoning": "The image is showing a paintbrush with a wooden handle and a metal ferrule. The bristles of the paintbrush are not visible, as they are likely covered in paint and stuck to the palette. The image is clear and well-lit, with vibrant colors from the paint on the palette. The quality of the image is high, with no visible artifacts or blurring. Therefore, the answer to Question 1 is True, as the image is showing a paintbrush. The answer to Question 2 is also True, as the bristles are not visible. The quality of the image is rated 0.9, as it is clear and well-lit, but not perfect due to the presence of some texture and slight unevenness in the lighting."}, {"ans": [true, false, 0.9], "reasoning": "The image clearly shows a pair of eyeglasses with temples on top of a crumpled newspaper. The main object, eyeglasses, is present. The temples are visible and not missing. The image quality is high, with clear details of the eyeglasses and the newspaper. The only reason for a quality score less than 1 is the slight texture and noise visible upon close inspection, but it does not significantly impact the visibility of the main object."}, {"ans": [true, false, 0.9], "reasoning": "The image clearly shows a person holding an umbrella on a rainy day. The umbrella is visible and appears to be intact, with no obvious signs of damage or missing parts. The ribs of the umbrella are visible under the canopy, indicating that they are present. The image is sharp and well-lit, with good contrast between the different elements. However, there is some slight blurring in the background due to the rain, which reduces the overall quality score to 0.9."}, {"ans": [false, true, 0.8], "reasoning": "The image shows a close-up of a wristwatch's inner mechanism, with the outer casing and face not visible due to being underwater and filled with sand and debris. The watch is clearly identifiable as a wristwatch due to its shape and the presence of a strap. However, the hour markers are not visible as the face of the watch is not shown. The image is of high quality, with clear details of the watch's mechanism, but the presence of sand and debris around the watch slightly affects the overall clarity."}, {"ans": [true, false, 1.0], "reasoning": "The image clearly shows a camping tent with its poles in place, holding the structure upright. The tent is set up in a grassy field with trees in the background. The poles are visible and appear to be supporting the tent. The image is clear and well-lit, with no visible artifacts or distortions that would affect the quality. Therefore, the answer to the first question is True, as the image is showing a camping tent. The answer to the second question is False, as the poles are not missing or invisible. The quality of the image is rated 1, as it is clear and well-defined."}, {"ans": [true, true, 0.9], "reasoning": "The image is showing a cuckoo clock with intricate carvings and decorations, including animals and foliage. The clock face is visible, but the weights are not visible, suggesting they are either missing or not visible from the current angle. The image is of high quality, with detailed carvings and no visible artifacts or blurring, hence a quality score of 0.9."}, {"ans": [true, true, 0.8], "reasoning": "The image shows a smartphone with a clear protective case on it, standing upright on a table. The phone's screen is visible and displays various apps. The speaker grille is not visible from the front view of the smartphone, and since the image is taken from the front, we cannot see the back or bottom of the phone where the speaker grille is typically located. Therefore, for Question 1, the answer is True because the main object is indeed a smartphone. For Question 2, the answer is True because the speaker grille is not visible from the front view. The quality of the image is rated 0.8 because while the phone is clear, the background is blurry, indicating some level of image processing or camera focus on the phone. However, there are no significant artifacts or distortions that would drastically reduce the quality score."}, {"ans": [true, true, 0.9], "reasoning": "The image clearly shows a motorcycle, so the answer to the first question is True. The speedometer is not visible in the image, as the camera is positioned behind the motorcycle, so the answer to the second question is True. The image is of high quality, with clear details and no noticeable artifacts or distortions, so the quality score is 0.9."}, {"ans": [true, true, 0.9], "reasoning": "The image is showing a violin bow. The bow is lying on a red fabric with intricate embroidery. The bow appears to be made of a light-colored wood and has a dark-colored tip and frog. The hair on the bow is not visible, suggesting it might be missing or not visible due to the angle or lighting. The image is clear and well-lit, with no visible artifacts or distortions that would affect the quality. The quality of the image is high, rated at 0.9."}, {"ans": [true, false, 0.9], "reasoning": "The image clearly depicts a birdcage hanging from a porch, containing two birds and having a visible perch inside. The main object, the birdcage, is present and clearly visible, so the answer to the first question is True. The perch inside the cage is also visible, so the answer to the second question is False. The image is of high quality, with clear details and no visible artifacts or distortions, so the quality score is 0.9. The slight deduction from 1 is due to the soft, dreamy lighting that might be considered slightly unnatural."}, {"ans": [true, false, 0.95], "reasoning": "The image clearly shows a statue of a woman, indicating that the main object is indeed a statue. The statue has a head, which is visible and not missing. The image is of high quality with clear details and no visible artifacts or distortions that would significantly impact the perception of the statue or its parts. The slight deduction in quality score is due to minor marble texture and veining that might be considered slight noise, but it does not detract from the overall clarity of the image."}, {"ans": [true, false, 1.0], "reasoning": "The image clearly shows a teddy bear sitting on a bed, with a visible nose. The teddy bear is the main object in the image, and it is depicted with a nose, so the answer to the first question is True. Since the nose is visible, the answer to the second question is False. The image is of high quality, with clear details and no visible artifacts or distortions, so the quality score is 1.0."}, {"ans": [true, false, 0.9], "reasoning": "The image is showing a sneaker, which is the main object. The laces are visible, though they appear to be worn and dirty. The image is clear and well-lit, with no visible artifacts or distortions that would significantly impact the quality. The quality score is 0.9 because the image is sharp and clear, with only minor signs of wear or dirt on the sneaker and the mat it's on, which doesn't significantly detract from the overall quality."}, {"ans": [true, true, 0.95], "reasoning": "The image clearly shows a refrigerator with its door open, revealing the interior. The main object, the refrigerator, is present. The door shelves are not visible in the image as the door is open and the focus is on the interior shelves. The image is of high quality with clear details and no visible artifacts or distortions. The quality score is 0.95 because the image is very clear and well-lit, with no noticeable issues."}, {"ans": [true, false, 0.9], "reasoning": "The image depicts a group of people gathered around a campfire in a forest setting. The campfire is the central focus, and it is clear that there are flames present, as indicated by the light emanating from the fire and the sticks arranged in a teepee structure. The presence of flames directly answers both questions. For Question 1, the image is indeed showing a campfire with flames, so the answer is True. For Question 2, since the flames are visible, the answer is False. The quality of the image is rated 0.9 because it is clear and detailed, with no visible artifacts or distortions that would detract from the overall perception of the scene."}, {"ans": [true, false, 0.9], "reasoning": "The image clearly shows a drinking fountain with water flowing from it. The main object, the drinking fountain, is present and visible. The water is also visible, flowing from the fountain, so it is not missing. The image is sharp and clear, with no visible artifacts or distortions that would significantly impact the quality. The background is slightly blurred, but this does not detract from the main subject. Therefore, the quality is rated high, at 0.9, because it is a clear and well-focused image."}, {"ans": [true, false, 0.95], "reasoning": "The image clearly shows a revolver with a visible trigger guard. The revolver is the main object in the image, and it is displayed on a green felt surface within a black frame. The trigger guard is present and visible, indicating that it is not missing. The image is of high quality, with clear details of the revolver and its components. The only reason for not giving it a perfect score is the slight presence of fuzz or fibers from the green felt, but this does not significantly detract from the overall clarity."}, {"ans": [true, false, 0.9], "reasoning": "The image is a detailed illustration of a compass rose, which is centered and prominently displayed on a vintage-style map. The compass rose includes a north arrow, which is clearly visible. The image is of high quality, with intricate details and ornate designs, although there are some signs of aging and wear, such as torn edges and discoloration, which slightly reduces its quality score to 0.9."}, {"ans": [true, false, 0.9], "reasoning": "The image depicts a futuristic cityscape with tall, sleek skyscrapers that are characteristic of the skyscraper genre. The presence of numerous vertical structures with a uniform, futuristic design indicates that the main object is indeed skyscrapers. Therefore, the answer to the first question is True.\n\nUpon closer inspection, it is evident that many of the skyscrapers have visible windows or window-like features. Some of the structures have rectangular and linear patterns that resemble windows, and there are also neon lights that could be interpreted as part of the window design or as separate lighting elements. Since the windows are visible, the answer to the second question is False.\n\nThe image quality is high, with clear details and vibrant colors. The futuristic architecture is rendered in a highly realistic and detailed manner, with minimal artifacts or distortions. The only reason the quality score is not 1 is due to the slightly unnatural color palette and the futuristic nature of the scene, which may not be entirely representative of real-world skyscrapers. Nonetheless, the image is well-rendered and effectively conveys a sense of a futuristic urban environment."}, {"ans": [true, true, 0.9], "reasoning": "The image shows a conductor standing with his back to the camera, leading an orchestra. His hands are raised, and he is wearing a black suit, indicating that he is likely conducting. The presence of the orchestra and the conductor's posture suggest that the image is indeed showing a conductor. Therefore, the answer to the first question is True. For the second question, the conductor's hands are empty and open, indicating that he is not holding a baton. Hence, the baton is missing or not visible, making the answer to the second question True. The image is clear and well-lit, with no visible artifacts or distortions that would significantly impact its quality. Thus, the quality score is 0.9."}, {"ans": [true, true, 1.0], "reasoning": "The image shows a soccer field with a goal visible in the background on the right side. The goal is partially visible but is identifiable as a soccer goal. The crossbar of the goal is not visible, indicating it is either missing or not visible from the given perspective. The image is clear and well-lit, with no visible artifacts or distortions that would affect its quality."}, {"ans": [true, false, 0.7], "reasoning": "The image is a multiple exposure photograph showing a microscope as the main object in the foreground. The microscope is clearly visible and appears to be in a laboratory setting with various other scientific equipment around it. The lenses of the microscope are visible, indicating that they are not missing. The image quality is somewhat compromised due to the multiple exposure effect, which causes some blurring and ghosting of the objects. However, the main object (the microscope) is still discernible, and the lenses are visible, so the quality is not severely impacted."}]