[{"ans": [true, false, 1.0], "reasoning": "The image depicts a sailboat on the water, with its sail visible and not missing. The sail is clearly seen, indicating that it is present and visible. Therefore, the answer to the first question is True because the main object, a sailboat, is present. The answer to the second question is False because the sails are not missing or invisible; they are clearly visible in the image. The quality of the image is rated 1.0 because it is clear and well-defined, with no visible issues that would detract from its quality."}, {"ans": [true, false, 0.9], "reasoning": "The image clearly shows a bicycle, so the answer to the first question is True. The chain is visible and attached to the pedals and the gears, so the answer to the second question is False. The image is of high quality, with clear details of the bicycle and its surroundings, so the quality score is 0.9."}, {"ans": [true, false, 1.0], "reasoning": "The image clearly shows a cat sitting on a windowsill. The cat is centered and visible, with its face and body clearly depicted. The whiskers are also visible, extending from the cat's mouth area. Therefore, the answer to the first question is True because the image is showing a cat. The answer to the second question is False because the whiskers are visible. The quality of the image is rated as 1 because it is clear and well-defined, with no visible distortions or obstructions that would detract from the visibility of the cat or its features."}, {"ans": [true, true, 0.9], "reasoning": "The image depicts a stone archway that appears to be part of a larger structure, potentially a castle or fortification, given its design and the presence of a wall to the right. The archway is intact and stands prominently in the foreground, with a pathway leading through it to a picturesque landscape of rolling hills and trees. There are no visible gates within the archway. The image is clear and well-lit, with a good balance of detail in both the foreground and background, suggesting a high-quality image."}, {"ans": [true, false, 0.9], "reasoning": "The image clearly depicts a hot-air balloon with a visible basket suspended beneath it. The balloon is centered in the frame, and the basket is discernible, indicating that it is not missing or invisible. The image quality is high, with clear details of the balloon, basket, and the surrounding landscape, thus rating it 0.9. The presence of the basket directly answers the second question, confirming it is visible."}, {"ans": [true, false, 1.0], "reasoning": "The image clearly shows a turtle with a visible shell. The turtle is centered in the image, and its shell is clearly visible on its back. Therefore, the answer to the first question is True. Since the shell is visible, the answer to the second question is False. The image is of high quality, well-lit, and clearly shows the turtle and its shell, so the quality score is 1."}, {"ans": [true, false, 0.9], "reasoning": "The image clearly shows a train at a station, with the front of the train facing the viewer. The train is silver and has a distinctive nose shape. The wheels are not directly visible because the train is positioned on the tracks, but the presence of tracks and the train's positioning indicate that it is on its wheels. The image is well-lit and in focus, with clear details of the train and the station. The quality of the image is high, with a score of 0.9 out of 1. The wheels are not missing; they are just not directly visible due to the angle and the positioning of the train on the tracks."}, {"ans": [true, false, 0.9], "reasoning": "The image clearly shows a pair of eyeglasses with lenses. The glasses are centered in the image, and the lenses are visible and clear, indicating that they are not missing. The overall quality of the image is high, with good lighting and focus, although the background is slightly out of focus."}, {"ans": [true, false, 1.0], "reasoning": "The image clearly shows two fountain pens, one with its nib visible and the other with its nib exposed and visible. The presence of the nibs indicates that the pens are fountain pens. Therefore, the answer to the first question is True. For the second question, since the nibs are visible in both cases, the answer is False. The image is of high quality as it clearly depicts the fountain pens and their nibs."}, {"ans": [true, false, 1.0], "reasoning": "The image shows a patio umbrella with a canopy, along with a folding chair. The main object in the image is the umbrella, which is clearly visible and has a canopy. Therefore, the answer to Question 1 is True. The canopy is also visible, so the answer to Question 2 is False. The image is clear and well-lit, showing all the necessary details of the umbrella and the chair, so the quality is rated as 1."}, {"ans": [true, false, 1.0], "reasoning": "The image depicts a large airplane on a runway, with its wings clearly visible. The presence of the airplane satisfies the first question, making the answer 'True'. Since the wings are visible, they are not missing or not visible, so the answer to the second question is 'False'. The image is clear and well-defined, with no apparent issues affecting its quality, hence the quality score is 1."}, {"ans": [true, true, 0.9], "reasoning": "The image shows a desk lamp, which is the main object. The lamp is present, so the answer to the first question is True. The bulb is not visible as it is likely inside the lamp shade, and the image does not provide a clear view of the inside of the shade. Therefore, the answer to the second question is True. The quality of the image is rated 0.9 because it is clear and well-lit, and the main object is easily identifiable."}, {"ans": [true, false, 1.0], "reasoning": "The image is showing an electric guitar with a visible neck, body, and other characteristic features such as pickups and knobs. The presence of the neck is evident as it is clearly visible extending from the body of the guitar. Therefore, the answer to the first question is True because the image does show an electric guitar. The answer to the second question is False because the neck is visible in the image. The quality of the image is rated 1 because it is clear and well-defined, showing all the necessary details of the guitar without any significant issues or missing key elements."}, {"ans": [true, false, 0.9], "reasoning": "The image shows a fish-like object in water, which appears to be a toy or model of a fish. The object has a body and fins, so it can be considered a fish for the purpose of the first question. Therefore, the answer to the first question is True. For the second question, the fins are visible on the object, so they are not missing or not visible. Hence, the answer to the second question is False. The quality of the image is rated 0.9 because it is clear and well-lit, with no significant distractions or obstructions."}, {"ans": [true, false, 1.0], "reasoning": "The image shows a small brick cottage with a tiled roof, situated in a field. The cottage is clearly visible and appears to be intact with a roof. Therefore, the answer to the first question is True because the image is showing a cottage. The answer to the second question is False because the roof is present and visible. The quality of the image is rated 1.0 because it is clear and well-defined, with no visible distortions or issues that would detract from its quality."}, {"ans": [true, false, 0.9], "reasoning": "The image shows a car from the driver's perspective, with the dashboard and steering wheel visible. The car appears to be a convertible, as the top is down. The windshield is present and visible, although it is not the primary focus of the image. The image is clear and well-lit, with a good view of the car's interior and the road ahead. The quality of the image is high, with a score of 0.9 out of 1. The presence of the windshield answers the second question, indicating that it is not missing or not visible."}, {"ans": [true, false, 1.0], "reasoning": "The image is showing a keyboard with a spacebar present and visible. The keyboard is centered in the image, and the spacebar is clearly visible as the long key at the bottom row. The image is of high quality, with clear details and good lighting."}, {"ans": [true, false, 0.9], "reasoning": "The image is showing an owl with feathers clearly visible, so the answer to the first question is True. The feathers are not missing or not visible, so the answer to the second question is False. The quality of the image is rated 0.9 because it is a clear and detailed representation of an owl, with no visible distortions or issues that would detract from its quality."}, {"ans": [true, false, 1.0], "reasoning": "The image shows a book with a brown leather cover and blank white pages. The pages are visible and not missing, so the answer to the second question is False. The image is clear and well-lit, showing the details of the book and the wooden surface it's on, so the quality is rated as 1."}, {"ans": [true, false, 1.0], "reasoning": "The image clearly depicts a lighthouse, which is the main object in the picture. The lighthouse is standing on a rocky outcrop with a cloudy sky in the background. The lamp is visible inside the glass enclosure at the top of the lighthouse, indicating that it is not missing. Therefore, the answer to the first question is True because the image is showing a lighthouse. The answer to the second question is False because the lamp is visible. The quality of the image is rated as 1 because it is clear and well-defined, with no visible distortions or issues that would detract from the viewing experience."}, {"ans": [true, true, 1.0], "reasoning": "The image shows a beige armchair with a tufted seat and backrest, placed on a patterned rug against a beige wall. The chair appears to be a modern design with a low profile and no visible legs, suggesting that it might be designed to sit directly on the floor or has legs that are not visible from the given angle. For Question 1, the image is showing an armchair, so the answer is True. For Question 2, the legs are not visible, so the answer is True. The image is clear and well-lit, with no visible distortions or obstructions, hence the quality is rated as 1."}, {"ans": [true, false, 0.9], "reasoning": "The image clearly depicts a deer standing in a forest, facing the camera. The deer has a pair of small antlers, which are visible and not missing. Therefore, the answer to the first question is True because the main object (deer) is present. The answer to the second question is False because the antlers are visible. The quality of the image is rated 0.9, indicating a high-quality image with clear details."}, {"ans": [true, false, 1.0], "reasoning": "The image shows a white envelope with its flap partially open and visible. The envelope is centered on a marble surface, and the flap is on the right side, indicating that it is present and visible. Therefore, the answer to Question 1 is True because the image is showing an envelope. The answer to Question 2 is False because the flap is not missing; it is visible. The quality of the image is rated 1 because it is clear and well-lit, with no visible distortions or obstructions."}, {"ans": [true, true, 1.0], "reasoning": "The image is showing a wall clock with a white face and black hands, mounted on a wall above a wooden cabinet. The clock face does not have numbers, only short black lines indicating the hours. Therefore, the numbers are missing or not visible. The image is clear and well-lit, with a good resolution, hence the quality is rated as 1.0."}, {"ans": [true, false, 1.0], "reasoning": "The image depicts a person wearing a white space suit, including a helmet, floating in a pool of water. The space suit is clearly visible, and the helmet is present and visible on the person's head. Therefore, the answer to Question 1 is True because the image is showing a space suit with a helmet. The answer to Question 2 is False because the helmet is not missing; it is clearly visible. The quality of the image is rated as 1 because it is clear and well-defined, with no visible distortions or issues that would detract from the visibility of the space suit or helmet."}, {"ans": [true, false, 1.0], "reasoning": "The image is showing a windmill with visible blades, so the main object is present. The blades are visible, so they are not missing or not visible. The image is clear and well-lit, with no visible distortions or obstructions, hence the quality is rated as 1."}, {"ans": [true, true, 1.0], "reasoning": "The image is showing a tree without leaves. The main object in the image is a tree, which is clearly visible. The tree does not have leaves, so the leaves are missing. The image is clear and well-defined, with good contrast between the tree and the background, hence the quality is rated as 1."}, {"ans": [true, true, 1.0], "reasoning": "The image shows a yellow school bus, which is a type of bus. The bus is parked in front of a building, and its side is visible. The doors of the bus are not visible, as they are likely on the other side of the bus or not shown in the image. Therefore, the answer to Question 1 is True, as the image is showing a bus. The answer to Question 2 is True, as the doors are not visible in the image. The quality of the image is rated as 1, as it is clear and well-lit, and the bus is the main focus of the image."}, {"ans": [true, true, 1.0], "reasoning": "The image shows a laptop on a table. The laptop is positioned in such a way that its back is visible, and the screen is not visible. Therefore, for Question 1, the image is showing a laptop, so the answer is True. For Question 2, the screen is not visible, so the answer is True. The image is clear and well-lit, and there are no visible distortions or issues that would affect its quality. Hence, the quality rating is 1.0."}, {"ans": [true, true, 0.9], "reasoning": "The image shows a trumpet, which is the main object in question. The trumpet is visible and appears to be a standard B-flat trumpet. However, the mouthpiece is not attached to the trumpet, indicating it is either missing or not visible. The image quality is high, with clear details of the trumpet and the red fabric background. The absence of the mouthpiece does not affect the quality score as per the instructions."}, {"ans": [true, false, 0.95], "reasoning": "The image clearly depicts a robot with a visible head, standing in a futuristic laboratory setting. The robot's white and black body is detailed, showing its mechanical structure. Since the head is visible, the answer to whether the head is missing or not visible is False. The image quality is high, with clear details of the robot and its surroundings, hence a quality score of 0.95."}, {"ans": [true, true, 1.0], "reasoning": "The image shows a cylindrical candle on a metal tray. The candle appears to be made of wax and has a smooth surface. There is no visible wick on the top or anywhere else on the candle. For Question 1, the image is showing a candle, so the answer is True. For Question 2, the wick is not visible, so the answer is True. The image is clear and well-lit, and there are no other distracting elements, so the quality is rated as 1."}, {"ans": [true, false, 1.0], "reasoning": "The image clearly shows a pizza, which is the main object. The pizza has cheese on it, so the cheese is not missing or invisible. The image is of high quality, with clear details of the pizza and its toppings."}, {"ans": [true, false, 1.0], "reasoning": "The image is showing a DSLR camera with a lens attached to it. The camera is clearly visible and appears to be a DSLR model. The lens is also visible and is attached to the camera body. Therefore, the answer to the first question is True. For the second question, the lens is visible and attached to the camera, so it is not missing or not visible. Hence, the answer is False. The image is of high quality, well-lit, and clearly shows the camera and lens, so the quality score is 1."}, {"ans": [true, true, 1.0], "reasoning": "The image shows a grand piano on a stage in an auditorium. The piano is positioned with its back to the audience, and the keys are not visible. Therefore, the answer to Question 1 is True because the image is showing a piano. The answer to Question 2 is True because the keys are not visible. The quality of the image is rated as 1 because it is clear and well-rendered, with no visible artifacts or distortions."}, {"ans": [true, false, 1.0], "reasoning": "The image shows a paintbrush with bristles next to a paint palette. The paintbrush is clearly visible and has bristles, so the answer to the first question is True. The bristles are visible, so the answer to the second question is False. The image is clear and well-lit, and the paintbrush is the main focus, so the quality score is 1."}, {"ans": [true, false, 0.9], "reasoning": "The image shows a watch with a strap, so the main object (watch) is present. The strap is visible and not missing, so the answer to the second question is False. The image is clear and well-lit, and the watch is centered, so the quality is high (0.9). The slight deduction is due to the fact that the watch face is not visible, but this does not affect the overall quality of the image."}, {"ans": [true, false, 0.95], "reasoning": "The image is a close-up of a young man's face, with his mouth open and his tongue visible between his teeth. The first question asks if the image is showing a mouth, which it is, so the answer is True. The second question asks if the tongue is missing or not visible, but the tongue is visible, so the answer is False. The image is well-lit and in focus, with a clear view of the subject's face, so the quality is rated as 0.95."}, {"ans": [true, false, 0.9], "reasoning": "The image clearly shows a motorcycle, so the answer to the first question is True. The handlebars are visible, so the answer to the second question is False. The image is well-lit and the motorcycle is centered, indicating a high-quality image. The quality score is 0.9 because the image is clear and well-composed, with no visible distortions or artifacts."}, {"ans": [true, false, 1.0], "reasoning": "The image clearly shows a vintage television set on a wooden cabinet. The television has a visible screen, although it is not displaying any content. The presence of the screen directly answers both questions. For Question 1, the image is showing a television, so the answer is True. For Question 2, since the screen is visible, it is not missing or not visible, so the answer is False. The image is of high quality, and the key elements are clearly visible, hence the quality score is 1."}, {"ans": [true, false, 0.9], "reasoning": "The image clearly shows a goat standing on a rocky outcrop. The goat has horns, which are visible and not missing. The image is of high quality, with clear details of the goat and its surroundings. The presence of horns is directly observable, so the answer to the second question is False. The quality score is high because the image is clear and well-defined, with no significant issues affecting its quality."}, {"ans": [true, false, 1.0], "reasoning": "The image shows a red sneaker with white laces on a wooden surface. The sneaker is clearly visible, and the laces are also visible and present. Therefore, the answer to Question 1 is True because the image is showing a sneaker. The answer to Question 2 is False because the laces are not missing or not visible; they are clearly visible. The quality of the image is rated 1 because it is clear and well-lit, and there are no visible issues that would detract from its quality."}, {"ans": [true, false, 0.9], "reasoning": "The image is showing a green frog sitting on a lily pad. The frog has large, round eyes that are clearly visible. Therefore, the answer to the first question is True because the image is showing a frog. The answer to the second question is False because the eyes are visible. The quality of the image is rated 0.9 because it is clear and well-focused, with no visible distortions or issues that would detract from the viewer's understanding of the image."}, {"ans": [true, false, 1.0], "reasoning": "The image is showing a white mug with a blue floral design on it, and it has a handle on the right side. The mug is placed on a matching saucer. The handle is clearly visible, so it is not missing. The image is of high quality, with good lighting and a clear view of the mug and saucer."}, {"ans": [true, false, 1.0], "reasoning": "The image clearly shows a saxophone with its keys visible. The presence of the saxophone answers the first question affirmatively. Since the keys are visible, the answer to the second question is negative, indicating that the keys are not missing or not visible. The image is of high quality as it clearly displays the saxophone and its details."}, {"ans": [true, false, 1.0], "reasoning": "The image shows a skateboard with wheels. The skateboard is positioned on a brick surface, and all four wheels are visible. The presence of the skateboard and its wheels directly answers both questions. For question 1, the image is showing a skateboard, so the answer is True. For question 2, the wheels are not missing or not visible; they are clearly visible, so the answer is False. The image is clear and well-lit, showing the skateboard and its components in detail, hence the quality is rated as 1."}, {"ans": [true, false, 1.0], "reasoning": "The image shows a fedora hat on a stand. The hat has a distinct brim that is clearly visible, indicating that the brim is not missing. The overall quality of the image is high, with clear details of the hat and its components."}, {"ans": [true, true, 0.9], "reasoning": "The image shows a motorcycle helmet with the visor in the up position, revealing the interior. The main object is a motorcycle helmet, so the answer to the first question is True. The visor is not covering the face area, so it can be considered 'not visible' in the context of protecting the face. Therefore, the answer to the second question is True. The image is clear and well-lit, showing the helmet from a good angle, so the quality is rated as 0.9. The absence of the visor covering the face does not negatively affect the quality score as per the instructions."}, {"ans": [true, true, 1.0], "reasoning": "The image shows a bedframe without a mattress. The bedframe is the main object in the image, and it is clearly visible. The mattress is not present on the bedframe, making it missing. The image is of high quality, with clear details and no visible distortions."}, {"ans": [true, false, 1.0], "reasoning": "The image depicts a tall, red brick structure with two visible clock faces, which is identified as a clock tower. The clock faces are clearly visible on the tower, indicating that they are not missing. Therefore, the answer to Question 1 is True because the image shows a clock tower. The answer to Question 2 is False because the clock faces are visible. The quality of the image is rated 1, as it is clear and well-defined, allowing for easy identification of the clock tower and its features."}, {"ans": [true, false, 0.95], "reasoning": "The image clearly shows a pocket watch with a white face and black Roman numerals. The watch has a gold casing and is positioned on a pink satin background. The watch face is visible and has a single hand, indicating the time. The image is of high quality, with clear details of the watch's features. The presence of the watch's hand indicates that the hands are not missing."}, {"ans": [true, true, 0.9], "reasoning": "The image clearly shows a bicycle leaning against a wall. The bicycle appears to be a fixed-gear or single-speed bike with no pedals visible. The absence of pedals is noticeable as there are no pedal arms or pedals attached to the crank. The image is well-lit and in focus, indicating a high-quality image."}, {"ans": [true, false, 0.9], "reasoning": "The image is a portrait of a woman with visible eyes. The main object, a portrait of a woman, is present. The eyes are clearly visible, so they are not missing or invisible. The image quality is high, with clear details on the subject's face, so it scores 0.9."}, {"ans": [true, true, 1.0], "reasoning": "The image depicts a grand piano on a stage with spotlights shining down. The piano's lid is open, revealing the interior. However, the hammers inside the piano are not clearly visible due to the lighting and the angle of the image. The main object, a grand piano, is present in the image, so the answer to the first question is True. The hammers are not visible, so the answer to the second question is True. The quality of the image is rated as 1 because it clearly shows the grand piano, and the lack of visibility of the hammers does not negatively impact the quality score as per the instructions."}, {"ans": [true, false, 1.0], "reasoning": "The image clearly depicts a sailing ship with three visible sails, indicating that it is indeed a sailing ship and that the sails are present and visible."}, {"ans": [true, false, 0.9], "reasoning": "The image depicts a large tree with a wide canopy and visible leaves, standing in a grassy field. The tree's trunk is thick and gnarled, with branches that spread out in all directions. The leaves are green and appear to be healthy. The overall appearance of the tree is consistent with an oak tree. The leaves are clearly visible, so they are not missing or invisible."}, {"ans": [true, false, 0.9], "reasoning": "The image shows a stone cottage with a door, windows, and a roof covered in vines. The door is clearly visible, so it is not missing or invisible. The image is of high quality, with clear details of the cottage and its surroundings."}, {"ans": [true, false, 0.9], "reasoning": "The image is showing a passenger jet, which is the main object. The wings are visible, so they are not missing. The image is clear and well-lit, with a clear view of the plane, hence a high quality score."}, {"ans": [true, true, 1.0], "reasoning": "The image is showing a wristwatch with a white face and brown leather strap. The watch face has black hands but does not display numbers, only small dashes as hour markers. Thus, for Question 1, the image is showing a wristwatch, so the answer is True. For Question 2, the numbers are not visible on the wristwatch face, so the answer is True. The image is clear and well-lit, showing the watch and its details clearly, so the quality is rated as 1."}, {"ans": [true, false, 1.0], "reasoning": "The image is showing a pizza with cheese, as indicated by the white color spread across the pizza. The cheese is visible and not missing, so the answer to the second question is False. The image is clear and well-lit, showing all the details of the pizza, so the quality is rated as 1."}, {"ans": [true, false, 0.9], "reasoning": "The image clearly shows traffic signals, with one of them displaying a red light. The presence of traffic signals is evident, answering the first question affirmatively. For the second question, the lights are visible on the traffic signals, so they are not missing or invisible. The quality of the image is rated 0.9 because it is clear and well-lit, with the main elements (traffic signals and the road) clearly visible. The slight haze in the background does not significantly detract from the overall clarity."}, {"ans": [true, false, 1.0], "reasoning": "The image clearly shows a skateboard with a rainbow-colored deck and yellow wheels attached to its trucks. The presence of the skateboard answers the first question affirmatively. For the second question, the wheels are visible and attached to the skateboard, so they are not missing or invisible. The image is clear and well-lit, showing all the necessary details of the skateboard, hence the quality is rated as 1."}, {"ans": [true, false, 1.0], "reasoning": "The image clearly depicts a chessboard with pieces arranged on it. The chessboard is the main object, and it is present in the image. Therefore, the answer to the first question is True. For the second question, the black pieces are visible on the board, specifically two pawns are visible on the board, indicating that they are not missing. Hence, the answer to the second question is False. The image is of high quality, clearly showing the chessboard and pieces, so the quality score is 1."}, {"ans": [true, true, 0.9], "reasoning": "The image is showing a red Ferrari sports car in a modern, minimalist room. The car is a convertible with its top down, and it is positioned in the center of the image, facing left. The car's sleek design and vibrant red color are prominent features. The brakes are not visible as the wheels are in motion and the brake calipers are not clearly seen. The image quality is high, with clear details of the car and its surroundings."}, {"ans": [true, false, 1.0], "reasoning": "The image shows a book with its pages open, displaying text on the visible page. The book is the main object in the image, and it is clearly visible. Therefore, the answer to the first question is True. The text is visible on the page, so the answer to the second question is False. The image is clear and well-lit, with no visible distortions or obstructions, so the quality is rated as 1."}, {"ans": [true, false, 0.95], "reasoning": "The image is showing a computer tower with its side panel partially removed, revealing the internal components. The fans are visible and illuminated with purple light, indicating that they are present and not missing. The image is clear and well-lit, allowing for a good view of the internal components. The quality of the image is high, with a clear and sharp representation of the computer tower and its components. Therefore, the answer to Question 1 is True, and the answer to Question 2 is False."}, {"ans": [true, false, 1.0], "reasoning": "The image is showing a scarecrow with arms, so the answer to the first question is True. The arms are visible, so the answer to the second question is False. The image is clear and well-defined, with no visible distortions or issues, so the quality is rated as 1.0."}, {"ans": [true, true, 0.9], "reasoning": "The image depicts a man in armor, which is consistent with the representation of a knight. The presence of armor and the historical setting suggest that the figure is indeed a knight. However, upon closer inspection, it is evident that the knight is not holding a sword, and there is no visible sword in the image. The belt around the knight's waist appears to be empty, suggesting that a sword is typically stored there but is currently missing or not visible. The image quality is high, with detailed rendering of the armor and the background, hence a quality score of 0.9."}, {"ans": [true, false, 1.0], "reasoning": "The image depicts a teapot with a handle, spout, and lid, which is clearly visible on a bamboo mat. The teapot is white with a floral design. The handle is visible on the right side of the teapot, indicating that it is not missing. The image is clear and well-lit, allowing for a detailed view of the teapot and its features. Therefore, the answer to Question 1 is True because the image shows a teapot. The answer to Question 2 is False because the handle is visible. The quality of the image is rated as 1 because it is clear and well-composed."}, {"ans": [true, false, 1.0], "reasoning": "The image clearly shows a basketball hoop with a net. The hoop is orange and attached to a white backboard, which is mounted on a metal pole. The net is white and visible, hanging from the hoop. The presence of the hoop and net indicates that the main object is indeed a basketball hoop. Therefore, the answer to the first question is True. Since the net is visible, the answer to the second question is False. The image is of high quality as it clearly depicts the basketball hoop and net."}, {"ans": [true, false, 0.9], "reasoning": "The image shows a table setting with a plate, utensils, and glasses, indicating it is a dining table. The glasses are visible at the top of the image. The quality is rated 0.9 because the image is clear and well-lit, with no visible distortions or obstructions."}, {"ans": [true, false, 0.9], "reasoning": "The image clearly shows a vintage typewriter on a wooden table with a white sheet of paper loaded into it. The typewriter is centered in the image, and its details are well-defined, indicating a high-quality image. The ribbon is visible and appears to be in place, suggesting that it is not missing. Therefore, the answer to the first question is True because the main object, a typewriter, is present. The answer to the second question is False because the ribbon is visible and not missing. The quality of the image is rated 0.9 because it is clear and well-lit, with no visible distortions or obstructions that would detract from its quality."}, {"ans": [true, true, 1.0], "reasoning": "The image shows a winter jacket with a fur-lined hood, hanging on a hanger against a white wall. The jacket is fastened with buttons down the front and has a puffy design, indicating it is a winter jacket. There is no visible zipper on the jacket, suggesting that it either does not have a zipper or the zipper is not visible. Therefore, the answer to the first question is True because the image is showing a winter jacket. The answer to the second question is True because the zipper is not visible on the jacket. The quality of the image is rated as 1 because it is clear and well-lit, and there are no visible issues that would detract from the overall quality."}, {"ans": [true, false, 0.9], "reasoning": "The image clearly shows a sunflower with its characteristic large yellow petals and a prominent center. The center of the sunflower is visible and contains seeds, which are not missing or invisible. The image is well-lit and in focus, with a clear blue sky in the background, indicating a high-quality image."}, {"ans": [true, false, 0.9], "reasoning": "The image clearly shows an elephant with a visible trunk, answering the first question affirmatively. For the second question, since the trunk is visible, it is not missing or invisible. The image quality is rated 0.9 because it is clear and well-focused, capturing the details of the elephant and its surroundings effectively."}, {"ans": [true, true, 1.0], "reasoning": "The image shows a wooden rowboat floating on a lake. The boat is empty and there are no oars visible inside or outside the boat. Therefore, the answer to Question 1 is True because the image is showing a rowboat. The answer to Question 2 is also True because the oars are not visible, hence considered missing. The quality of the image is rated as 1 because it is clear and well-defined, showing the details of the rowboat and its surroundings."}, {"ans": [true, false, 1.0], "reasoning": "The image clearly shows a snowman in a backyard setting. The snowman is wearing a hat and scarf, and has a face made of dots, resembling buttons. The presence of the snowman confirms the answer to the first question is True. For the second question, the buttons are visible as dots on the snowman's face, so the answer is False. The image is clear and well-defined, showing all relevant details, hence the quality is rated as 1."}, {"ans": [true, true, 0.9], "reasoning": "The image clearly shows a fountain pen lying on top of a notebook. The pen is the main object in the image and is identifiable by its nib and the design typical of fountain pens. The ink within the pen is not visible as the pen's ink reservoir is not transparent or visible in the given orientation. Therefore, for Question 1, the answer is True because the image is showing a fountain pen. For Question 2, the answer is True because the ink is not visible. The quality of the image is rated 0.9 because it is clear and well-lit, with the pen and notebook being the main focus. The absence of visible ink does not negatively affect the quality score as per the instructions."}, {"ans": [true, false, 1.0], "reasoning": "The image clearly shows a paintbrush with visible bristles next to a paint palette. The paintbrush is the main object in the image, and it is identifiable as a paintbrush with bristles. Therefore, the answer to Question 1 is True. The bristles are visible, so the answer to Question 2 is False. The image is of high quality, with clear details of the paintbrush and the paint palette, so the quality score is 1."}, {"ans": [true, false, 1.0], "reasoning": "The image shows a pair of eyeglasses on top of a stack of papers. The eyeglasses are clearly visible and have temples, which are the arms that go behind the ears. The presence of the temples means they are not missing. The image is clear and well-lit, indicating good quality."}, {"ans": [true, true, 0.9], "reasoning": "The image depicts a person holding an umbrella on a rainy street. The umbrella is visible and appears to be intact, answering the first question affirmatively. Upon closer inspection, the ribs of the umbrella are not visible, likely due to the angle and the fact that it's a black umbrella against a dark background, making 'true' the answer to the second question as well. The quality of the image is rated 0.9 because it is clear and well-composed, with good lighting that highlights the subject despite the rainy conditions."}, {"ans": [true, false, 1.0], "reasoning": "The image shows a wristwatch with a visible face and hour markers on the outer edge of the dial, despite the internal mechanism being exposed. The presence of the watch and its hour markers are clear, so the first answer is true. The hour markers are visible, so the second answer is false. The image is clear and well-lit, showing the watch in detail, so the quality is rated as 1."}, {"ans": [true, false, 1.0], "reasoning": "The image shows a camping tent with poles. The tent is set up on a grassy field, and the poles are visible and appear to be supporting the tent's structure. Therefore, the answer to Question 1 is True because the image is showing a camping tent. The answer to Question 2 is False because the poles are not missing; they are visible and part of the tent's setup. The quality of the image is rated 1 because it is clear and well-defined, showing the tent and its details without any issues."}, {"ans": [true, false, 1.0], "reasoning": "The image depicts a traditional cuckoo clock with a wooden structure, a clock face, and decorative elements such as deer and pinecones. The clock has four visible weights shaped like pinecones hanging from chains, indicating that the weights are present and visible. Therefore, the answer to Question 1 is True because the image is showing a cuckoo clock. The answer to Question 2 is False because the weights are not missing; they are visible as pinecone-shaped objects hanging from the clock. The quality of the image is rated as 1 because it is clear and well-defined, showing all the necessary details of the cuckoo clock without any significant issues."}, {"ans": [true, true, 0.9], "reasoning": "The image shows a smartphone with a reflective screen, and the phone's edges are visible. The speaker grille is not visible on the visible edges of the phone, suggesting it is either missing or not visible. The image is clear and well-lit, with good resolution, hence the high quality score."}, {"ans": [true, false, 0.9], "reasoning": "The image clearly shows a motorcycle from the perspective of being directly behind it, with the handlebars and a speedometer visible. The motorcycle is centered in the image, and the speedometer is clearly visible on the handlebars. Therefore, the answer to the first question is True because the image is showing a motorcycle. The answer to the second question is False because the speedometer is visible and not missing. The quality of the image is rated 0.9 because it is clear and well-focused on the motorcycle's handlebars and speedometer, with a good view of the surrounding environment."}, {"ans": [true, true, 0.9], "reasoning": "The image shows a violin bow with a wooden stick and metal fittings. The bow hair is not visible, indicating it is either missing or not visible. The presence of the bow is clear, so the answer to the first question is True. Since the hair is not visible, the answer to the second question is True. The image is clear and well-lit, showing the details of the bow, hence a high-quality score of 0.9."}, {"ans": [true, true, 1.0], "reasoning": "The image shows a birdcage hanging from the ceiling. The birdcage is made of gold metal and has a dome-shaped top with a decorative ring around the bottom. The cage is empty, and there is no perch visible inside it. The image is well-lit, and the birdcage is the main focus. Therefore, the answer to Question 1 is True because the image is showing a birdcage. The answer to Question 2 is True because the perch is not visible in the birdcage. The quality of the image is rated as 1 because it is clear and well-lit, and there are no visible issues or distractions."}, {"ans": [true, false, 0.9], "reasoning": "The image depicts a statue of a woman in a classical setting with columns. The statue is intact and has a head, which is visible. Therefore, for Question 1, the answer is True because the image is showing a statue. For Question 2, the answer is False because the head is not missing; it is clearly visible. The quality of the image is rated 0.9, as it is a clear and detailed representation of the statue and its surroundings. The absence of the head is not a factor in determining the quality since Question 2 is about the presence or absence of the head, not the image quality."}, {"ans": [true, false, 1.0], "reasoning": "The image clearly shows a teddy bear sitting on a bed. The teddy bear has a visible nose, which is brown in color. Therefore, for Question 1, the answer is True because the image is showing a teddy bear. For Question 2, the answer is False because the nose is visible on the teddy bear. The quality of the image is rated as 1 because it is clear and well-defined, with no apparent issues that would detract from its quality."}, {"ans": [true, false, 1.0], "reasoning": "The image shows a pair of white sneakers with laces. The sneakers are clearly visible on a brown mat in front of a white door. The laces are present and visible, threaded through the eyelets. Therefore, the answer to Question 1 is True because the image is showing sneakers. The answer to Question 2 is False because the laces are not missing and are visible. The quality of the image is rated as 1 because it is clear and well-lit, with no visible distortions or obstructions."}, {"ans": [true, false, 1.0], "reasoning": "The image clearly shows an open refrigerator with visible shelves inside, including door shelves on the right door. The presence of the refrigerator is evident, so the answer to Question 1 is True. The door shelves are visible on the right door, so they are not missing or invisible, making the answer to Question 2 False. The image is clear and well-lit, showing all the details of the refrigerator, hence the quality is rated as 1."}, {"ans": [true, false, 1.0], "reasoning": "The image depicts a group of people gathered around a large campfire in a forest, with flames clearly visible. The presence of the campfire and the flames answers the first question affirmatively. For the second question, the flames are visible, so they are not missing or not visible. The image is of high quality as it clearly shows the campfire and the people around it."}, {"ans": [true, true, 1.0], "reasoning": "The image shows a drinking fountain, which is the main object in the image. The drinking fountain is made of metal and has a sleek, modern design. It is installed on a grassy area next to a sidewalk. The water is not visible from the drinking fountain, as there is no visible water flow or puddle around the fountain. The image is clear and well-lit, with a good resolution, hence the quality is rated as 1.0."}, {"ans": [true, false, 0.9], "reasoning": "The image shows a revolver with a visible trigger guard. The main object is a revolver, so the answer to the first question is True. The trigger guard is visible, so the answer to the second question is False. The image is clear and well-lit, but the quality score is not 1 because the background is not perfectly uniform, it has some texture."}, {"ans": [true, false, 0.9], "reasoning": "The image is a detailed illustration of a compass rose, which is clearly visible in the center. The compass rose is adorned with intricate designs and markings, indicating the various directions. A north arrow is present, pointing towards the top of the image, which is indicated by the decorative element at the top of the compass rose. The presence of the north arrow is evident, and it is not missing or invisible. The image quality is high, with clear details and no significant distortions or obstructions. The score of 0.9 is given due to the slight aging effect on the image, which slightly affects its clarity."}, {"ans": [true, false, 1.0], "reasoning": "The image clearly depicts skyscrapers, which are tall buildings typically found in urban areas. The presence of windows on these structures is evident, as indicated by the grid-like pattern on their facades. The windows are visible and not missing, as they reflect light and are a prominent feature of the buildings' design. The image is of high quality, with clear details and a well-composed scene."}, {"ans": [true, false, 0.9], "reasoning": "The image depicts a man in a tuxedo standing on a podium with his right hand raised, indicating that he is a conductor. The presence of musicians playing instruments in the background further supports this conclusion. Therefore, the answer to Question 1 is True. The conductor is holding a baton in his left hand, which is visible as it rests on the podium. Thus, the baton is not missing or invisible, making the answer to Question 2 False. The image is clear and well-lit, with the conductor and the musicians in focus. The overall quality of the image is high, scoring 0.9 out of 1. The absence of the baton in the conductor's right hand is not considered a factor in evaluating the image quality for this question."}, {"ans": [true, true, 0.8], "reasoning": "The image shows a soccer field with a goal in the distance. The goal is visible, but the crossbar is not clearly visible due to the distance and perspective. The image is clear and well-lit, showing the details of the field and the surrounding environment. The quality of the image is rated 0.8 because it is a clear and well-composed image, but the distance of the goal from the camera makes it difficult to see some details."}, {"ans": [true, false, 1.0], "reasoning": "The image clearly depicts a microscope with its various components visible. The microscope is positioned on a table against a plain background, and its parts are well-defined. For Question 1, the presence of a microscope is confirmed, so the answer is True. For Question 2, the eyepieces (lenses) are visible at the top of the microscope, indicating that they are not missing, so the answer is False. The image is of high quality as it clearly shows the microscope and its parts without any significant obstruction or distortion."}]