[{"ans": [true, true, 1.0], "reasoning": "The image is showing a sailboat, which is the main object. The sails are not visible, indicating they are either missing or not deployed. The image is clear and of high quality, with no visible artifacts or distortions."}, {"ans": [true, false, 0.95], "reasoning": "The image shows a red bicycle leaning against a brick wall. The bicycle is clearly visible and appears to be in a relatively good condition, although there are some signs of wear and tear. The chain is visible and appears to be intact, connecting the pedals to the gears on the back wheel. The image is sharp and well-lit, with no significant artifacts or distortions. The quality of the image is high, with a score of 0.95 out of 1. The main object, the bicycle, is present, so the answer to the first question is True. The chain is visible, so the answer to the second question is False."}, {"ans": [true, false, 0.95], "reasoning": "The image clearly shows a cat sitting on a windowsill. The cat is visible and appears to be a gray cat with yellow eyes. The whiskers are visible and appear to be long and thin. The image is well-lit and the cat is in sharp focus. The overall quality of the image is high, with no visible artifacts or distortions. The only reason the quality score is not 1 is because of the slight blurring in the background."}, {"ans": [true, true, 0.95], "reasoning": "The image depicts a castle with a large stone wall and towers, which matches the description of a castle. The gates are not visible, as the entrance appears to be an open archway without any visible gates. The image is clear and well-lit, with no visible artifacts or distortions that would affect its quality. The quality score is 0.95 due to the slight shadow on the grass, but it does not significantly impact the overall clarity of the image."}, {"ans": [true, false, 0.95], "reasoning": "The image clearly depicts a hot-air balloon with a visible basket. The balloon is the main object, and it is shown in detail with its vibrant colors and the basket hanging beneath it. The basket is not missing or invisible; it is clearly visible and contains people. The image quality is high, with no noticeable artifacts, blurring, or other issues that would detract from its clarity. The only reason it doesn't score a perfect 1 is due to the slight gradient effect in the sky, which is more of an artistic choice than a quality issue."}, {"ans": [true, false, 1.0], "reasoning": "The image clearly shows a turtle with a visible shell on a beach. The turtle is centered and well-lit, with clear details of its shell and body. There are no visible artifacts, blurring, or other issues that would affect the quality of the image. Therefore, the answer to the first question is True because the image is showing a turtle. The answer to the second question is False because the shell is visible. The quality of the image is rated 1.0 because it is clear and well-defined, with no noticeable issues."}, {"ans": [true, false, 0.95], "reasoning": "The image clearly shows a train at a station, so the answer to the first question is True. The wheels of the train are visible under the carriage, so the answer to the second question is False. The image is sharp and well-lit, with no noticeable artifacts or distortions, so the quality score is 0.95. The only reason for not giving a perfect score is the slight shadow and dirt on the tracks, but these do not significantly impact the overall quality."}, {"ans": [true, false, 1.0], "reasoning": "The image clearly shows a pair of eyeglasses with lenses. The lenses are visible and not missing, so the answer to the first question is True and the second is False. The image is sharp and well-lit, with no visible artifacts or distortions, so the quality score is 1."}, {"ans": [true, false, 1.0], "reasoning": "The image clearly shows a fountain pen with a visible nib, indicating that the main object is present. The nib is not missing or invisible, so the answer to the second question is false. The image is of high quality with no visible artifacts, blurring, or other issues that would affect the quality score."}, {"ans": [true, true, 1.0], "reasoning": "The image depicts a metal umbrella frame leaning against a wall next to a chair. The umbrella's canopy is missing, as only the metal skeleton is visible. The main object in question is the umbrella, which is present. The canopy, however, is not visible, indicating it is missing. The image is clear and well-defined, showing no signs of artifacts, blurring, or other quality issues."}, {"ans": [true, false, 1.0], "reasoning": "The image clearly shows an airplane on a runway, with its wings visible. The presence of the airplane satisfies the first question. Since the wings are visible, the answer to the second question is False. The image is of high quality with no visible artifacts or distortions, hence the quality score is 1.0."}, {"ans": [true, true, 1.0], "reasoning": "The image shows a desk lamp, which is the main object, so the answer to the first question is True. The bulb is missing, as indicated by the visible socket and the absence of a bulb, so the answer to the second question is True. The image is clear and well-lit, with no visible artifacts or distortions, so the quality score is 1.0."}, {"ans": [true, false, 1.0], "reasoning": "The image clearly shows an electric guitar with its neck attached and visible. The guitar is hanging on a wall, and the neck is not missing or obscured. The image is of high quality, with clear details and no visible artifacts or distortions."}, {"ans": [true, false, 0.95], "reasoning": "The image clearly shows a fish lying on a bed of ice, with its body and fins visible. The fish is the main object in the image, and it is clearly identifiable. The fins are present and visible, so they are not missing. The image is of high quality, with clear details and no visible artifacts or distortions. The only reason the quality score is not 1 is because of the slight blurring of the background."}, {"ans": [true, false, 1.0], "reasoning": "The image depicts a small cottage with a roof, situated in a field. The main object, the cottage, is clearly visible and appears to be intact with a roof. Therefore, the answer to the first question is True. For the second question, since the roof is visible, the answer is False. The image is of high quality, with clear details and no visible artifacts or distortions, thus the quality score is 1.0."}, {"ans": [true, false, 0.9], "reasoning": "The image is showing a vintage convertible car with a cream-colored interior and a brown steering wheel. The windshield is visible and appears to be intact. The image is clear and well-lit, with no visible artifacts or distortions. The quality of the image is high, with a score of 0.9. The main object, a car, is present, so the answer to the first question is true. The windshield is visible, so the answer to the second question is false."}, {"ans": [true, false, 0.95], "reasoning": "The image clearly shows a keyboard with a visible spacebar. The main object, the keyboard, is present and identifiable. The spacebar is also present and visible, indicating that it is not missing. The image is of high quality, with clear details and no visible artifacts or distortions that would significantly impact the visibility of the keyboard or its components. However, the quality score is not 1 due to the slight glow and shadow effects around the keyboard and the cable, which might be considered minor processing artifacts."}, {"ans": [true, false, 1.0], "reasoning": "The image clearly shows an owl perched on a tree branch, with detailed feathers visible. The owl is centered and prominent in the image, indicating that it is the main object. The feathers are clearly visible and detailed, covering the owl's body. The image is sharp and clear, with no visible artifacts or distortions that would affect the quality. Therefore, the answer to Question 1 is True because the image is showing an owl. The answer to Question 2 is False because the feathers are visible. The quality of the image is rated 1.0 because it is clear and detailed, with no noticeable issues."}, {"ans": [true, false, 1.0], "reasoning": "The image shows two books on a wooden table. The book on the left is standing upright and appears to be closed, with its cover visible. The book on the right is lying flat, open to its pages. Therefore, the main object (a book) is present in the image, so the answer to Question 1 is True. For Question 2, since one of the books is open and its pages are visible, the pages are not missing or not visible, so the answer is False. The image is clear and well-defined, with no visible artifacts or distortions, so the quality score is 1.0."}, {"ans": [true, false, 0.95], "reasoning": "The image clearly shows a lighthouse with a visible lamp. The lighthouse is standing on a rocky cliff with a cloudy sky in the background. The lamp is visible inside the glass enclosure at the top of the lighthouse. The image is sharp and clear, with no noticeable artifacts or distortions. The quality of the image is high, with a score of 0.95 out of 1. The main object, the lighthouse, is clearly visible, and the lamp is also visible, so the answer to the first question is True. Since the lamp is visible, the answer to the second question is False."}, {"ans": [true, false, 1.0], "reasoning": "The image shows a beige armchair with visible legs on a patterned rug. The main object, an armchair, is present, so the answer to the first question is True. The legs of the armchair are visible, so the answer to the second question is False. The image is clear and well-lit, with no visible artifacts or distortions, so the quality score is 1.0."}, {"ans": [true, true, 0.95], "reasoning": "The image depicts a deer standing in a forest, facing the camera. The deer appears to be a female or a young male as there are no visible antlers on its head. The image is clear and well-lit, with the sun shining through the trees in the background, creating a warm and natural ambiance. The quality of the image is high, with no noticeable artifacts, blurring, or other issues that would detract from its clarity. Therefore, the answer to Question 1 is True because the image does show a deer. The answer to Question 2 is also True because the antlers are not visible, suggesting that the deer either does not have antlers or they are not visible in the image. The quality score is 0.95, indicating a very high-quality image with only minor, if any, imperfections."}, {"ans": [true, false, 1.0], "reasoning": "The image shows a white envelope with a visible flap on a marble background. The envelope is the main object, and it is clearly visible. The flap is present and visible, so it is not missing. The image is clear and of high quality, with no visible artifacts or distortions."}, {"ans": [true, true, 1.0], "reasoning": "The image is showing a wall clock, and the numbers on the clock face are not visible, they are missing. The image is clear and of high quality, with no visible artifacts or distortions."}, {"ans": [true, false, 0.95], "reasoning": "The image clearly depicts an astronaut wearing a white space suit, which is fully visible and includes a helmet. The presence of the helmet directly answers the second question, indicating that the helmet is not missing. The image is of high quality, with clear details and no visible artifacts or distortions that would significantly impact the visibility of the main object or its components. The slight deduction in quality score is due to minor ripples and reflections in the water, but these do not detract from the overall clarity of the image."}, {"ans": [true, false, 1.0], "reasoning": "The image clearly depicts a windmill with blades in a field. The windmill is the main object and is visible with its blades intact. Therefore, the answer to Question 1 is True. For Question 2, the blades are present and visible, so the answer is False. The image is of high quality, with no visible artifacts, blurring, or other issues, so the quality score is 1.0."}, {"ans": [true, true, 0.95], "reasoning": "The image clearly shows a large tree with bare branches, indicating that it is either without leaves or the leaves are not visible. The main object in the image is a tree, so the answer to the first question is True. The leaves are not visible on the tree, so the answer to the second question is True. The image is of high quality, with clear details and no visible artifacts or distortions, so the quality score is 0.95."}, {"ans": [true, true, 1.0], "reasoning": "The image shows a yellow school bus parked in a parking lot. The bus is facing left, and its side is visible. The doors of the bus are not visible as they are on the opposite side. Therefore, for Question 1, the image is showing a bus, so the answer is True. For Question 2, the doors are not visible, so the answer is True. The image quality is high with clear details and no visible artifacts or distortions, so the quality score is 1.0."}, {"ans": [true, false, 1.0], "reasoning": "The image shows a laptop with its screen open and visible, sitting on a dark brown table against a plain white background. The laptop is an Apple brand, identifiable by the logo on the back of the screen. The screen is blank and white, but it is clearly present and visible. The image is clear and well-lit, with no visible artifacts, blurring, or other issues that would detract from its quality. Therefore, the answer to Question 1 is True because the image is showing a laptop. The answer to Question 2 is False because the screen is visible. The quality of the image is rated 1.0 because it is clear and well-lit, with no visible issues."}, {"ans": [true, true, 0.95], "reasoning": "The image shows a trumpet lying on a red velvet surface. The trumpet is gold in color and has several valves and a bell. However, the mouthpiece is not attached to the trumpet. The image is clear and well-lit, with no visible artifacts or distortions. The quality of the image is high, with a score of 0.95 out of 1. The main object in the image is a trumpet, so the answer to the first question is True. The mouthpiece is not visible, as it is not attached to the trumpet, so the answer to the second question is True."}, {"ans": [true, false, 1.0], "reasoning": "The image shows a robot with a head, standing in a laboratory setting. The robot is white and has various mechanical parts visible. The head is clearly visible, so the answer to question 2 is False. The image is clear and well-defined, with no visible artifacts or distortions, so the quality score is 1."}, {"ans": [true, true, 0.9], "reasoning": "The image shows a candle, which is the main object. The wick is not visible, so it is considered missing. The image is of high quality, with clear details and no noticeable artifacts or distortions."}, {"ans": [true, true, 1.0], "reasoning": "The image is showing a pizza, but there is no visible cheese on the pizza. The pizza has a red sauce base, topped with tomatoes, basil leaves, and what appears to be garlic. The crust is lightly browned and has some charred spots. The image is clear and well-lit, with no visible artifacts or distortions. Therefore, the answer to Question 1 is True, as the image is showing a pizza. The answer to Question 2 is True, as the cheese is not visible. The quality of the image is rated as 1, as it is clear and well-defined."}, {"ans": [true, true, 0.95], "reasoning": "The image is showing a DSLR camera body without a lens attached. The camera body is visible and appears to be a DSLR type. The lens mount is visible and empty, indicating that the lens is not attached. The image is clear and well-lit, with no visible artifacts or distortions. The quality of the image is high, with a score of 0.95 out of 1."}, {"ans": [true, false, 0.95], "reasoning": "The image shows a grand piano on a stage in a concert hall. The piano is the main object in the image, and it is clearly visible. The keys of the piano are also visible, so they are not missing or invisible. The image is of high quality, with clear details and no visible artifacts or distortions. The only reason the quality score is not 1 is due to the slight reflection on the piano's surface, but it does not significantly impact the overall clarity of the image."}, {"ans": [true, false, 0.95], "reasoning": "The image shows a paintbrush with visible bristles, placed on a palette with paint. The brush is clearly visible and appears to be in good condition. The bristles are visible and not missing. The image is of high quality, with clear details and no visible artifacts or distortions. The quality score is 0.95, indicating a very good image quality."}, {"ans": [true, false, 0.95], "reasoning": "The image clearly shows a watch with a visible face and a metal band. The watch is centered on a speckled surface, and the details of the watch are well-defined. The strap is partially visible and appears to be attached to the watch, so it is not missing. The image is sharp and clear, with no visible artifacts or distortions that would significantly impact the quality. However, the quality score is not 1 due to the slight perspective distortion and the texture of the surface the watch is on, which might be considered minor imperfections."}, {"ans": [true, true, 0.95], "reasoning": "The image shows a man in a dentist's chair with his mouth open, and a dentist is examining his teeth. The mouth is clearly visible, so the answer to the first question is True. The tongue is not visible in the open mouth, so the answer to the second question is True. The image is clear and well-lit, with no visible artifacts or distortions, so the quality score is 0.95."}, {"ans": [true, false, 0.9], "reasoning": "The image clearly shows a motorcycle parked in the middle of a street at night, with neon lights illuminating the scene. The motorcycle is facing left and has its handlebars visible. The image is of high quality, with clear details and no visible artifacts or distortions. The presence of the handlebars means they are not missing or invisible."}, {"ans": [true, false, 0.95], "reasoning": "The image clearly shows a vintage television set with a visible screen, although the screen is not displaying any content. The presence of the television is evident, answering the first question affirmatively. For the second question, the screen is visible, so it is not considered missing or not visible. The image quality is high, with clear details and no noticeable artifacts or distortions, hence a quality score of 0.95. The slight deduction from 1 is due to the screen being slightly foggy or dim, but it is still clearly visible."}, {"ans": [true, false, 0.95], "reasoning": "The image clearly shows a white goat standing on rocky terrain. The goat has horns, which are visible and not missing. The image is sharp and well-defined, with good lighting and no visible artifacts or distortions that would detract from its quality. The main object (the goat) is clearly visible, and the horns are also visible, so the answer to the first question is True and the answer to the second question is False. The quality of the image is high, rated at 0.95, because it is clear and well-defined, with no noticeable issues."}, {"ans": [true, false, 1.0], "reasoning": "The image clearly shows a red sneaker with white laces on an orange bench in front of gray lockers. The sneaker is the main object and is visible and clear. The laces are present and visible, threaded through the eyelets. The image is sharp and well-lit, with no visible artifacts or distortions that would affect its quality."}, {"ans": [true, false, 1.0], "reasoning": "The image clearly shows a green frog sitting on a lily pad in the water. The frog is facing to the right, and its large, round eyes are visible. The image is sharp and well-defined, with no visible artifacts or distortions. The colors are natural and vibrant, accurately representing the scene. Therefore, the answer to Question 1 is True because the image is showing a frog. The answer to Question 2 is False because the eyes are clearly visible. The quality of the image is rated 1.0 because it is clear, sharp, and free of artifacts or distortions."}, {"ans": [true, false, 1.0], "reasoning": "The image clearly shows a mug with a handle on a saucer. The mug is the main object, and it is visible and well-defined. The handle is also visible, attached to the right side of the mug. The image is of high quality, with no visible artifacts, blurring, or other issues that would detract from its clarity. Therefore, the answer to Question 1 is True because the image is showing a mug. The answer to Question 2 is False because the handle is not missing or invisible; it is clearly visible. The quality score is 1.0 because the image is clear and well-defined, with no noticeable issues."}, {"ans": [true, false, 1.0], "reasoning": "The image clearly shows a saxophone with its keys visible. The saxophone is the main object in the image, and it is displayed with its keys intact and visible. The image is of high quality, with no visible artifacts, blurring, or other issues that would detract from its clarity. Therefore, the answer to the first question is True because the image does show a saxophone. The answer to the second question is False because the keys are not missing or invisible; they are clearly visible on the saxophone. The quality of the image is rated 1.0 because it is clear and well-defined, with no noticeable issues."}, {"ans": [true, false, 1.0], "reasoning": "The image clearly shows a skateboard with wheels, so the main object is present. The wheels are visible, so they are not missing or invisible. The image is clear and of high quality, with no visible artifacts or distortions."}, {"ans": [true, false, 1.0], "reasoning": "The image shows a black fedora hat on a stand. The hat is clearly visible and has a brim, which is also visible. The image is clear and well-lit, with no visible artifacts or distortions. Therefore, the answer to Question 1 is True, as the image is showing a fedora. The answer to Question 2 is False, as the brim is visible. The quality of the image is rated 1.0, as it is clear and well-defined."}, {"ans": [true, false, 0.95], "reasoning": "The image clearly shows a motorcycle helmet on a workbench, with a visor that is intact and visible. The main object, a motorcycle helmet, is present, so the answer to Question 1 is True. The visor is not missing and is clearly visible, so the answer to Question 2 is False. The image is of high quality, with clear details and no visible artifacts or distortions, so the quality score is 0.95. The only reason for not giving it a perfect score is the slight wear and tear visible on the workbench and surrounding tools, but this does not detract from the clarity of the main subject."}, {"ans": [true, true, 1.0], "reasoning": "The image clearly shows a bedframe without a mattress. The bedframe is the main object in the image, and it is visible and well-defined. The absence of a mattress is evident as the interior of the bedframe is empty and visible. The image is of high quality, with clear details and no visible artifacts or distortions."}, {"ans": [true, false, 1.0], "reasoning": "The image shows a brick clock tower with visible clock faces, so it is a clock tower. The clock faces are visible, so they are not missing or not visible. The image is clear and well-defined, with no visible artifacts or distortions, so the quality is high."}, {"ans": [true, false, 1.0], "reasoning": "The image clearly shows a pocket watch with visible hands, indicating that the main object is present and the hands are not missing. The image is of high quality with no visible artifacts or distortions."}, {"ans": [true, false, 1.0], "reasoning": "The image clearly shows a bicycle, so the answer to the first question is True. The pedals are visible on the bicycle, so the answer to the second question is False. The image is of high quality, with clear details and no visible artifacts or distortions, so the quality score is 1."}, {"ans": [true, false, 0.9], "reasoning": "The image is showing a portrait of a woman with visible eyes, indicating that the main object is present. The eyes are clearly visible in the portrait, so they are not missing or invisible. The image quality is generally good, but there is some visible paint splatter on the floor, which slightly detracts from the overall quality."}, {"ans": [true, false, 1.0], "reasoning": "The image clearly shows a grand piano on a stage with its lid open, revealing the internal mechanisms including the hammers. The presence of the grand piano directly answers the first question affirmatively. For the second question, since the hammers are visible inside the piano, they are not missing or invisible, so the answer is false. The image is of high quality, with clear details and no visible artifacts or distortions, hence the quality score is 1.0."}, {"ans": [true, true, 0.95], "reasoning": "The image depicts a sailing ship with two masts and rigging, indicating it is a sailing vessel. However, there are no sails visible on the masts. The image is clear and detailed, showing the ship's hull and rigging without any significant artifacts or distortions. The absence of sails is not considered a factor in assessing the image quality. Therefore, the image is of high quality, rated at 0.95 out of 1."}, {"ans": [true, false, 1.0], "reasoning": "The image is showing a large tree with a wide canopy and visible roots, which appears to be an oak tree due to its characteristics. The leaves are present and visible on the tree, so they are not missing. The image is clear and of high quality, with no visible artifacts or distortions."}, {"ans": [true, false, 1.0], "reasoning": "The image depicts a cottage with a stone exterior and a roof covered in vines. The cottage has a door, which is visible and appears to be intact. The image is clear and well-defined, with no visible artifacts or distortions. The quality of the image is high, with a score of 1.0. For question 1, the answer is True because the image shows a cottage. For question 2, the answer is False because the door is visible and not missing."}, {"ans": [true, false, 1.0], "reasoning": "The image clearly shows a passenger jet on a runway. The wings are visible and not missing. The image is clear and of high quality, with no visible artifacts or distortions."}, {"ans": [true, true, 0.95], "reasoning": "The image clearly shows a wristwatch with a white face and brown leather strap, placed in a box. The watch face does not have visible numbers, answering the first question as True. For the second question, since the numbers are not visible on the watch face, the answer is True. The image quality is high, with clear details of the watch and its surroundings. The slight decrease in quality score is due to the texture of the surface, which might be slightly over-smoothed, but it does not significantly impact the visibility of the main object."}, {"ans": [true, true, 0.95], "reasoning": "The image is showing a pizza, which is the main object. The pizza appears to be a tomato and basil pizza without cheese, as there is no visible cheese on top. The crust is visible and appears to be cooked. The image is clear and well-lit, with no visible artifacts or blurring. The quality of the image is high, with a score of 0.95. The cheese is missing from the pizza, so the answer to the second question is True."}, {"ans": [true, false, 0.9], "reasoning": "The image clearly shows traffic signals above the road, with one of the signals displaying a red light. The presence of traffic signals is evident, answering the first question as True. For the second question, the lights are visible on the traffic signals, with the middle signal showing a red light and the others appearing dark or off, hence the answer is False. The image quality is high, with clear details of the scene, but the strong sunlight causes some overexposure, slightly reducing the quality score to 0.9."}, {"ans": [true, false, 0.95], "reasoning": "The image clearly shows a skateboard with wheels. The skateboard is positioned on a concrete surface, and its rainbow-colored deck is visible. The wheels are yellow and attached to the trucks, which are silver. The image is well-lit, with clear shadows indicating that it was taken outdoors during the daytime. There are no visible artifacts, blurring, or other issues that would detract from the image quality. The skateboard's details, including the wheels, are clearly visible."}, {"ans": [true, true, 1.0], "reasoning": "The image clearly shows a chessboard with white pieces set up on one side, but the black pieces are not visible as they are not present on the board. The chessboard is the main object and is clearly visible, so the answer to the first question is True. The black pieces are missing from the chessboard, so the answer to the second question is True. The image is of high quality, with clear details and no visible artifacts or distortions, so the quality score is 1.0."}, {"ans": [true, true, 0.95], "reasoning": "The image shows a red Ferrari sports car in a showroom. The car is a convertible with the top down, and it is positioned on a white platform. The image is clear and well-lit, with a reflection of the car visible on the shiny floor. For Question 1, the image is showing a sports car, so the answer is True. For Question 2, the brakes are not visible as the image does not provide a clear view of the brake components, so the answer is True. The quality of the image is high, with no noticeable artifacts, blurring, or other issues that would detract from the overall clarity. The score is 0.95, indicating a very high-quality image."}, {"ans": [true, true, 1.0], "reasoning": "The image clearly shows an open book on a wooden table. The pages are blank, indicating that there is no text visible. The image is sharp and well-lit, with no visible artifacts or distortions. Therefore, the answer to the first question is True because the image is showing a book. The answer to the second question is also True because the text is missing or not visible from the book. The quality of the image is rated 1.0 because it is clear and well-defined, with no issues that would detract from its quality."}, {"ans": [true, false, 1.0], "reasoning": "The image clearly shows a computer tower with visible fans. The main object, the computer tower, is present and identifiable. The fans are also visible through the transparent side panel, so they are not missing or invisible. The image is of high quality, with clear details and no visible artifacts or distortions."}, {"ans": [true, true, 1.0], "reasoning": "The image is showing a scarecrow without visible arms. The scarecrow is centered in the image, wearing a plaid shirt and a straw hat, and is standing in a field of wheat. The arms are not visible, as they are either missing or obscured by the straw. The image is clear and of high quality, with no visible artifacts or distortions. Therefore, the answer to Question 1 is True, as the image is showing a scarecrow. The answer to Question 2 is also True, as the arms are not visible. The quality of the image is rated as 1, as it is clear and well-defined."}, {"ans": [true, false, 0.9], "reasoning": "The image depicts a man in armor, which is consistent with the representation of a knight. The main object, the knight, is present in the image. Therefore, the answer to Question 1 is True. The sword is visible behind the knight's right shoulder, leaning against the wall. Hence, the answer to Question 2 is False. The image quality is high, with detailed rendering of the armor and the background. However, the quality score is slightly reduced to 0.9 due to minor reflections and possible texture artifacts on the armor."}, {"ans": [true, false, 1.0], "reasoning": "The image is clearly showing a teapot with a handle, so the answer to the first question is True. The handle is visible, so the answer to the second question is False. The image is of high quality, with clear details and no visible artifacts or distortions, so the quality score is 1.0."}, {"ans": [true, false, 1.0], "reasoning": "The image clearly shows a basketball hoop with a net. The basketball hoop is the main object in the image, and it is visible and clear. The net is also visible and attached to the hoop. The image is of high quality, with no visible artifacts, blurring, or other issues that would affect the visibility of the main object or the net. Therefore, the answer to Question 1 is True, and the answer to Question 2 is False. The quality of the image is rated as 1.0, indicating that it is a clear and high-quality image."}, {"ans": [true, false, 1.0], "reasoning": "The image shows a dining table set with plates, silverware, and glasses. The main object, the dining table, is clearly visible and well-arranged. The glasses are also present on the table, although partially visible at the top of the image. The image is clear and well-lit, with no visible artifacts or distortions. Therefore, the answer to Question 1 is True, as the image is showing a dining table. The answer to Question 2 is False, as the glasses are not missing; they are visible at the top of the image. The quality of the image is rated 1.0, as it is clear and well-defined, with no noticeable issues."}, {"ans": [true, false, 0.95], "reasoning": "The image clearly shows a vintage typewriter on a wooden table, with a sheet of paper in it and another sheet next to it. The typewriter is the main object and is easily identifiable. The ribbon is visible and appears to be in place, although it is not clear if it is functional. The image is well-lit and in focus, with no visible artifacts or distortions that would detract from its quality. The only reason for not giving it a perfect score is the slight wear and tear visible on the typewriter and the table, but this does not significantly impact the overall quality of the image."}, {"ans": [true, true, 0.98], "reasoning": "The image is showing a winter jacket, which is the main object. The jacket appears to be a puffer jacket with a fur-trimmed hood, and it is hanging on a coat rack. The jacket is fastened with buttons, and there is no visible zipper. The image is clear and well-lit, with no visible artifacts or distortions. The quality of the image is high, with a score of 0.98. The zipper is not visible, so the answer to the second question is True."}, {"ans": [true, false, 0.9], "reasoning": "The image clearly shows a sunflower with its face towards the camera. The seeds are visible on the flower head, arranged in a spiral pattern. The image is sharp and well-lit, with no noticeable artifacts or distortions. The quality is high, with a score of 0.9 due to slight vignetting around the edges."}, {"ans": [true, false, 0.95], "reasoning": "The image clearly shows an elephant with a trunk, answering the first question as True. The trunk is visible and not missing, so the second question is answered as False. The image quality is high with clear details of the elephant and its surroundings, but slight dust around the elephant's feet slightly reduces the quality score to 0.95."}, {"ans": [true, false, 1.0], "reasoning": "The image clearly shows a rowboat on a serene lake, with the boat facing the camera. The boat is white with a brown seat and has a rope attached to its front. The oars are visible inside the boat, resting on the sides. Therefore, the answer to Question 1 is True because the image is showing a rowboat. The answer to Question 2 is False because the oars are not missing; they are visible inside the boat. The quality of the image is rated 1.0 because it is clear and well-defined, with no visible artifacts or distortions."}, {"ans": [true, false, 1.0], "reasoning": "The image clearly shows a snowman with a hat, scarf, and other features. The snowman has buttons visible on its body, so they are not missing or invisible. The image is of high quality, with no visible artifacts, blurring, or other issues that would detract from its clarity."}, {"ans": [true, true, 1.0], "reasoning": "The image clearly shows a fountain pen on top of a notebook. The pen is the main object and is visible in its entirety. The nib of the pen is visible, but there is no visible ink in the pen's barrel. The image is of high quality with no visible artifacts, blurring, or other issues that would detract from its clarity."}, {"ans": [true, true, 0.9], "reasoning": "The image is showing a paintbrush with a wooden handle and a metal ferrule, but the bristles are not visible as they are likely to be inside the ferrule or not present. The image is clear and well-lit, with no visible artifacts or distortions. The quality of the image is high, with a score of 0.9. The main object, the paintbrush, is clearly visible, so the answer to the first question is True. The bristles are not visible, so the answer to the second question is True."}, {"ans": [true, false, 0.95], "reasoning": "The image clearly shows a pair of eyeglasses with temples on top of a stack of papers. The main object, the eyeglasses, is present and visible. The temples are also visible, so they are not missing or invisible. The image is of high quality, with clear details and no visible artifacts or distortions. The slight decrease in quality score is due to the subtle gradient in the background, but it does not affect the visibility of the main object."}, {"ans": [true, false, 0.95], "reasoning": "The image clearly shows a person holding an umbrella on a rainy day in a city setting. The umbrella is the main object and is visible, so the answer to the first question is True. The ribs of the umbrella are visible as they are outlined against the dark fabric of the umbrella, so the answer to the second question is False. The image is of high quality with clear details and no visible artifacts or distortions, hence the quality score is 0.95. The slight reduction from 1 is due to the presence of some overexposure in the background."}, {"ans": [true, false, 0.95], "reasoning": "The image clearly shows a wristwatch with a gold case and brown leather strap. The watch face is visible and has hour markers, which are the small lines and numbers around the edge of the face. The watch is displayed under a glass dome, and the image is well-lit and in focus. The quality of the image is high, with no visible artifacts or distortions. The watch face is not blurry, and the details are clear. Therefore, the answer to Question 1 is True, as the image is showing a wristwatch. The answer to Question 2 is False, as the hour markers are visible on the watch face. The quality score is 0.95, as the image is very clear and well-defined, but there is a slight decrease due to the presence of a minor reflection on the glass dome."}, {"ans": [true, false, 0.9], "reasoning": "The image depicts a camping tent in a grassy field, with the tent's structure and fabric clearly visible. The poles are present and visible, supporting the tent's shape. The image is of high quality, with clear details and no visible artifacts or distortions. The only reason for not giving it a perfect score is the slight pixelation noticeable upon close inspection, but it does not significantly impact the overall clarity."}, {"ans": [true, false, 0.95], "reasoning": "The image depicts a cuckoo clock with intricate carvings and decorations, including a fox on top, deer on the sides, and pinecones hanging below. The clock face is visible, and the weights are clearly shown hanging from the bottom. The image is well-lit and detailed, with no visible artifacts or distortions. The quality of the image is high, with a score of 0.95 out of 1. For question 1, the image is showing a cuckoo clock, so the answer is True. For question 2, the weights are visible and not missing, so the answer is False."}, {"ans": [true, true, 0.9], "reasoning": "The image shows a smartphone with its screen facing upwards. The phone is placed on a surface, and its screen is on, displaying a light blue background with a green icon in the bottom-left corner. The phone's bottom edge is visible, showing a row of small holes that could be a speaker grille. However, upon closer inspection, it is clear that the speaker grille is not visible from the current angle as the phone is shown from the front and slightly above. The image is clear and well-lit, with no visible artifacts or distortions. The quality of the image is high, with a score of 0.9 out of 1. The main object, the smartphone, is clearly visible, and the image does not appear to be blurry or distorted."}, {"ans": [true, false, 0.9], "reasoning": "The image clearly shows a motorcycle centered on a dirt road. The motorcycle is facing forward, and its front features are visible, including the headlight and handlebars. The speedometer is visible and appears to be integrated into the headlight assembly. The image is sharp and well-lit, with clear details of the motorcycle and its surroundings. The quality of the image is high, with no noticeable artifacts or distortions that would detract from the visibility of the motorcycle or its components. Therefore, the answer to Question 1 is True because the image is showing a motorcycle. The answer to Question 2 is False because the speedometer is visible. The quality score is 0.9, as the image is clear and well-defined, with only minor potential adjustments for slight overexposure or minor details that could be more defined."}, {"ans": [true, true, 0.9], "reasoning": "The image shows a violin bow lying on a red velvet fabric. The bow is clearly visible, and it appears to be without hair, as there are no visible strands between the tip and the frog. The image is clear and well-lit, with no visible artifacts or distortions that would detract from its quality. The quality score is 0.9 because the image is very clear and well-defined, with no noticeable issues."}, {"ans": [true, true, 1.0], "reasoning": "The image depicts a large, ornate gold birdcage hanging from the ceiling of a porch. The birdcage is the main object in the image and is clearly visible. There is no visible perch inside the birdcage. The image is well-lit and clear, with no visible artifacts or distortions that would affect its quality."}, {"ans": [true, false, 0.9], "reasoning": "The image clearly depicts a statue of a woman, indicating that the main object is indeed a statue. The statue has a head, and it is visible, so the head is not missing. The image is of high quality, with clear details and no visible artifacts or distortions that would significantly impact the perception of the statue or its head. The slight reduction in quality score is due to minor potential rendering or compression artifacts that are barely noticeable."}, {"ans": [true, false, 0.98], "reasoning": "The image is clearly showing a teddy bear, so the answer to the first question is True. The teddy bear has a visible nose, so the answer to the second question is False. The image is of high quality, with clear details and no visible artifacts or distortions, so the quality score is 0.98. The slight deduction from 1 is due to minor potential compression or rendering artifacts that are not immediately obvious but could be present upon closer inspection."}, {"ans": [true, false, 1.0], "reasoning": "The image clearly shows a pair of sneakers with laces. The sneakers are the main object in the image, and they are clearly visible. The laces are also visible, threaded through the eyelets and tied. The image is well-lit and in focus, with no visible artifacts or distortions. Therefore, the answer to Question 1 is True, and the answer to Question 2 is False. The quality of the image is rated as 1, indicating that it is of high quality."}, {"ans": [true, false, 1.0], "reasoning": "The image clearly shows a refrigerator with its door open, revealing the interior. The refrigerator is the main object in the image, and it is visible and well-defined. The door shelves are visible inside the refrigerator, so they are not missing. The image is of high quality, with clear details and no visible artifacts or distortions."}, {"ans": [true, false, 0.8], "reasoning": "The image depicts a group of people sitting around a campfire in a forest. The campfire is the central focus and is clearly visible, surrounded by stones. Flames are present and visible, indicating that the fire is burning. The image is well-lit, with the fire being the primary light source, and the overall quality is good. However, the image appears to be digitally rendered, which might slightly reduce its quality score due to potential over-processing or lack of natural texture."}, {"ans": [true, false, 1.0], "reasoning": "The image clearly shows a drinking fountain with water flowing from it, indicating that the main object (drinking fountain) is present. Since water is visible and flowing, it is not missing or invisible. The image is clear, well-lit, and free of artifacts or distortions, suggesting a high-quality image."}, {"ans": [true, false, 0.9], "reasoning": "The image clearly shows a revolver with a visible trigger guard. The revolver is positioned on a green cloth, and its details are well-defined. The trigger guard is present and visible, surrounding the trigger. The image is of high quality, with clear details and no visible artifacts or distortions that would affect the assessment of the revolver or its components. The slight deduction in quality score is due to the texture of the green cloth slightly obscuring the bottom edge of the revolver, but this does not impact the visibility of the trigger guard or the overall identification of the object as a revolver."}, {"ans": [true, false, 0.9], "reasoning": "The image depicts a detailed illustration of a compass rose, which is the main object in the image. The compass rose is intricately designed with various elements, including a north arrow that is clearly visible. The presence of the compass rose satisfies the condition for Question 1, making the answer 'True'. For Question 2, the north arrow is visible, so it is not missing or invisible, making the answer 'False'. The image quality is high, with clear details and no significant artifacts or distortions, but the slight aging effect and torn edges around the border slightly reduce the quality score to 0.9."}, {"ans": [true, false, 0.9], "reasoning": "The image depicts a futuristic cityscape with numerous skyscrapers, some of which have visible windows. The presence of skyscrapers is evident, satisfying the first question. For the second question, the windows are visible on several buildings, indicating they are not missing or invisible. The image is of high quality, with clear details and vibrant colors, though the quality score is slightly reduced due to the slight haze and glow effects that might be considered minor artifacts."}, {"ans": [true, true, 1.0], "reasoning": "The image shows a conductor standing on a podium, wearing a black tuxedo, with his right arm raised and his left arm extended outward. He is surrounded by musicians playing various instruments, indicating that he is leading an orchestra. The conductor is the main object in the image, and he is clearly visible. The baton is not visible in the conductor's hand, suggesting that it is either missing or not visible. The image is clear and well-lit, with no visible artifacts or distortions. Therefore, the quality of the image is rated as 1.0."}, {"ans": [true, true, 1.0], "reasoning": "The image shows a soccer field with two goals in the background. The main object, a soccer goal, is present on both sides of the image. The crossbar of the goal is not visible as it is obscured by the hedge in the background. The image is clear and of high quality, with no visible artifacts or distortions. The grass is well-manicured and the lines on the field are crisp and white."}, {"ans": [true, false, 0.95], "reasoning": "The image clearly shows a microscope on a table in front of a window. The microscope has two eyepieces and multiple objective lenses attached, indicating that it is equipped with lenses. The presence of the microscope in the image answers the first question affirmatively. For the second question, the lenses are visible on the microscope, so they are not missing or invisible. The image is of high quality, with clear details of the microscope and its components, and there are no visible artifacts or distortions that would detract from the quality. Therefore, the quality is rated high."}]