[{"ans": [true, true, 1.0], "reasoning": "The image is showing a sailboat, specifically a catamaran, floating on calm water. The sail is not visible as it appears to be furled or lowered. The image is clear and of high quality, with no visible artifacts or distortions."}, {"ans": [true, false, 0.95], "reasoning": "The image shows a bicycle leaning against a brick wall. The bicycle is red and appears to be old and worn out. The chain is visible and appears to be intact, although it is dirty and rusty. The image is clear and well-lit, with no visible artifacts or distortions. The quality of the image is high, with a score of 0.95 out of 1. The main object, the bicycle, is clearly visible, and the chain is also visible, so the answer to the first question is True. Since the chain is visible, the answer to the second question is False."}, {"ans": [true, false, 1.0], "reasoning": "The image clearly shows a cat sitting on a windowsill. The cat's face is visible, and its whiskers are present and visible on both sides of its nose. The image is sharp and well-lit, with no noticeable artifacts or distortions that would affect the visibility of the cat or its features. Therefore, the answer to Question 1 is True because the image is showing a cat. The answer to Question 2 is False because the whiskers are visible. The quality of the image is rated as 1.0 because it is clear and well-defined, with no visible issues that would detract from the overall quality."}, {"ans": [true, true, 0.9], "reasoning": "The image shows a castle, which is the main object. The castle is depicted with a large stone structure and a dragon's mouth entrance, indicating that it is a castle. Therefore, the answer to Question 1 is True. The gates are not visible as the entrance is designed to look like a dragon's mouth, and there are no visible gates. Hence, the answer to Question 2 is True. The image is clear and well-defined, with no noticeable artifacts or blurring, so the quality score is 0.9."}, {"ans": [true, false, 0.9], "reasoning": "The image shows a hot-air balloon with a clearly visible basket. The basket is attached to the balloon and is visible as it is being prepared for flight. The image is of high quality, with clear details and no visible artifacts or distortions. The only reason for not giving it a perfect score is the slight haze and mist in the background, which slightly reduces the overall clarity."}, {"ans": [true, false, 0.9], "reasoning": "The image clearly shows a turtle with a visible shell. The turtle is centered in the image, and its shell is prominent. The image is of good quality, with clear details of the turtle's features, although there might be a slight decrease in quality due to the lighting or camera settings, it is not significant enough to affect the overall understanding of the image. The shell is not missing or invisible; it is clearly visible and appears to be covered in green algae or moss, indicating it is present and intact."}, {"ans": [true, false, 0.9], "reasoning": "The image clearly shows a train, so the answer to the first question is True. The wheels of the train are visible, so the answer to the second question is False. The image is of high quality, with clear details and no visible artifacts or distortions, so the quality score is 0.9."}, {"ans": [true, false, 0.95], "reasoning": "The image clearly shows a pair of eyeglasses with lenses on a gray surface. The lenses are visible and not missing, so the answer to Question 2 is False. The image is sharp and well-lit, with no visible artifacts or distortions that would significantly affect its quality. However, there are some minor reflections on the surface and the glasses, which slightly reduces the quality score to 0.95."}, {"ans": [true, false, 0.95], "reasoning": "The image is showing a fountain pen with a visible nib, so the main object is present. The nib is clearly visible and not missing. The image quality is high with clear details of the pen and the surrounding objects, but slightly decreased due to minor artifacts."}, {"ans": [true, true, 0.9], "reasoning": "The image shows a discarded umbrella with its canopy missing. The metal frame of the umbrella is visible, leaning against a wall. The main object in the image is an umbrella, so the answer to the first question is True. The canopy of the umbrella is not visible, so the answer to the second question is True. The image is clear and well-lit, with no visible artifacts or distortions, so the quality score is 0.9."}, {"ans": [true, false, 0.9], "reasoning": "The image clearly shows a large airplane on a runway, with its wings visible. The presence of the airplane is evident, and the wings are not missing or invisible. The image is of high quality, with clear details of the airplane and its surroundings. The only reason for not giving it a perfect score is the slight blurring effect on some parts of the image due to motion, but it does not significantly impact the visibility of the main object."}, {"ans": [true, true, 1.0], "reasoning": "The image is showing a desk lamp. The bulb is missing as indicated by the empty socket and the pieces of the bulb on the table and wall. The image is clear and well-lit, with no visible artifacts or distortions. Therefore, the quality of the image is rated as 1.0."}, {"ans": [true, false, 0.9], "reasoning": "The image shows an electric guitar with a visible neck, so the main object is present. The neck is visible and not missing, so the answer to the second question is False. The image quality is high, with clear details of the guitar, but there are some minor scratches and wear visible on the guitar's body, which slightly reduces the quality score to 0.9."}, {"ans": [true, false, 0.9], "reasoning": "The image depicts a clear, glassy fish-like object with visible fins, lying on a reflective surface surrounded by ice or glass shards. The main object is a fish, so the answer to the first question is True. The fins are visible, so the answer to the second question is False. The image is well-rendered and clear, but the background is slightly blurred, which might slightly reduce its quality. However, the main subject is sharp and detailed, so the quality score is 0.9."}, {"ans": [true, false, 1.0], "reasoning": "The image depicts a small, old-fashioned cottage with a roof, situated in a field of wildflowers. The cottage is made of brick and has a wooden door and windows. The roof is visible and appears to be intact, although it may be damaged or worn. The image is clear and well-defined, with no visible artifacts or distortions. Therefore, the answer to Question 1 is True, as the image does show a cottage. The answer to Question 2 is False, as the roof is visible. The quality of the image is rated as 1.0, indicating that it is of high quality with no noticeable issues."}, {"ans": [true, false, 0.6], "reasoning": "The image shows a collection of vintage cars, with the main focus on a cream-colored car in the foreground. The car is clearly visible and identifiable as a car, so the answer to the first question is True. The windshield of the cream-colored car is visible, so the answer to the second question is False. The image quality is somewhat compromised by the presence of artifacts and a slight glare, which reduces its overall quality to 0.6."}, {"ans": [true, false, 0.9], "reasoning": "The image shows a custom-built keyboard with transparent keys and a clear base plate, illuminated by colorful lights. The keyboard is the main object in the image, and it is clearly visible. The spacebar is present and visible on the keyboard. The image is of high quality, with clear details and vibrant colors. The only reason for a quality score less than 1 is the slight blurring in the background, but it does not affect the visibility of the main object."}, {"ans": [true, false, 0.9], "reasoning": "The image clearly shows an owl perched on a tree branch, with detailed feathers visible. The owl is the main object in the image, and it is depicted with its feathers intact and visible. Therefore, the answer to the first question is True. For the second question, since the feathers are clearly visible on the owl, the answer is False. The image quality is high, with clear details and no visible artifacts or distortions that would significantly impact the visibility of the main object or its features. However, the quality score is not 1 because the image appears to be a digital artwork or heavily edited, which might slightly affect its naturalness. Nonetheless, it does not detract from the overall clarity or the presence of the owl or its feathers."}, {"ans": [true, false, 1.0], "reasoning": "The image shows a leather-bound book with its pages visible, lying open on a wooden chest. The main object in the image is indeed a book, so the answer to the first question is True. The pages of the book are visible and not missing, so the answer to the second question is False. The image is clear and well-defined, with no visible artifacts or distortions, so the quality score is 1."}, {"ans": [true, false, 0.9], "reasoning": "The image is showing a lighthouse with a lamp visible inside the lantern room. The lamp is not missing or invisible, it is clearly visible. The image quality is high, with clear details of the lighthouse and its surroundings, although it appears to be raining heavily, which could slightly affect the visibility. However, the overall quality remains good."}, {"ans": [true, false, 1.0], "reasoning": "The image shows a clear and well-defined armchair with visible legs, placed on a patterned rug in a room with light-colored walls and wooden flooring. The main object, the armchair, is present and clearly visible. The legs of the armchair are also visible, indicating that they are not missing. The image is of high quality with no visible artifacts, blurring, or other issues that would detract from its clarity."}, {"ans": [true, true, 0.9], "reasoning": "The image clearly shows a deer standing in a forest. The deer appears to be a female or a young male as there are no visible antlers on its head. The image is sharp and well-lit, with good color representation. The main object, the deer, is clearly visible. The quality of the image is high, with no noticeable artifacts or distortions. Therefore, the answer to the first question is True because the image is showing a deer. The answer to the second question is True because the antlers are not visible, likely because the deer does not have them. The quality score is 0.9 because the image is very clear and well-composed, with only a slight potential issue with the lighting being a bit too warm, but this does not significantly detract from the overall quality."}, {"ans": [true, false, 1.0], "reasoning": "The image shows an envelope with a flap, so the main object is present. The flap is visible, so it is not missing. The image is clear and of high quality, with no visible artifacts or distortions."}, {"ans": [true, true, 1.0], "reasoning": "The image is showing a wall clock, which is the main object. The clock face is white with black hands, and there are no numbers visible on the clock face. The image is clear and well-lit, with no visible artifacts or distortions. The quality of the image is high, with a score of 1.0."}, {"ans": [true, false, 0.9], "reasoning": "The image depicts a person wearing a white space suit submerged in a pool of water. The space suit is clearly visible, and the helmet is present and visible on the person's head. The image is clear and well-lit, with minor ripples in the water causing some distortion. The overall quality of the image is high, with no significant artifacts or issues noted. Therefore, the answer to Question 1 is True because the image is showing a space suit. The answer to Question 2 is False because the helmet is visible. The quality score is 0.9 due to the slight distortion caused by the water, but it does not significantly impact the visibility of the main object."}, {"ans": [true, false, 0.7], "reasoning": "The image shows a windmill in a field, and the main object (the windmill) is clearly visible. The blades of the windmill are also visible, although the image has a double exposure effect that creates a ghostly impression of the blades. The double exposure effect is an artistic choice and not a result of image degradation, so it doesn't directly affect the quality score. However, the image is slightly blurry due to this effect, which reduces its quality. The quality score is 0.7 because the main subject is still recognizable and the blurriness is not extreme."}, {"ans": [true, true, 0.9], "reasoning": "The image clearly depicts a large tree with sprawling branches. The tree is bare, indicating it is either winter or the tree is dead. The sun is visible through the branches, creating a starburst effect. The image is sharp and well-lit, with no visible artifacts or distortions that would detract from its quality. The main object, the tree, is clearly visible and centered in the frame. The leaves are not visible on the tree, indicating they are either missing or not visible due to the season. The overall quality of the image is high, with good contrast and detail."}, {"ans": [true, true, 0.7], "reasoning": "The image shows a row of yellow school buses parked in a lot, with the front of the buses facing the camera. The buses are old and appear to be in a state of disrepair, with visible signs of rust and wear. The doors of the buses are not visible, as they are either missing or not shown in the image. The overall condition of the buses suggests that they have been out of service for some time. The image is clear and well-lit, but there are some artifacts and blurring visible, particularly around the edges of the buses. The quality of the image is rated as 0.7 due to these minor issues."}, {"ans": [true, false, 1.0], "reasoning": "The image clearly shows a laptop on a table. The laptop is open and facing the camera, with its screen visible. The screen is blank and white, but it is present and not missing. The image is sharp and well-lit, with no visible artifacts or distortions. Therefore, the answer to Question 1 is True because the image is showing a laptop. The answer to Question 2 is False because the screen is visible. The quality of the image is rated 1.0 because it is clear and well-defined, with no issues that would detract from its quality."}, {"ans": [false, true, 0.9], "reasoning": "The image depicts a brass instrument, but it is not a trumpet. It appears to be a baritone or euphonium due to its size and shape. The mouthpiece is not visible, suggesting it might be missing or not attached. The image quality is high, with clear details of the instrument and the background. There are no visible artifacts, blurring, or other issues that would decrease the quality score."}, {"ans": [true, false, 0.95], "reasoning": "The image depicts a robot with a visible head, standing in a laboratory setting. The robot's body is primarily white with black accents and visible mechanical components. The head is clearly visible and appears to be a humanoid skull design with a blue light on the side. The image is well-lit and detailed, indicating a high-quality rendering or photograph. There are no visible artifacts, blurring, or other issues that would detract from the image quality. The presence of the head is evident, so the answer to the second question is false."}, {"ans": [true, true, 0.9], "reasoning": "The image shows a candle on a silver platter. The candle is the main object in the image and is clearly visible. The wick is not visible, likely because it is either missing or not visible due to the angle or lighting of the image. The image is of high quality, with clear details and no noticeable artifacts or distortions. The quality score is 0.9 because the image is very clear and well-lit, but there might be a slight loss of detail due to the compression or the camera used."}, {"ans": [true, false, 1.0], "reasoning": "The image is clearly showing a pizza with various toppings including tomato sauce, basil leaves, and cheese. The cheese is visible and appears to be melted, so it is not missing. The image is of high quality, with clear details and no visible artifacts or distortions."}, {"ans": [true, true, 0.9], "reasoning": "The image shows a DSLR camera body with the lens removed, exposing the internal mechanisms. The camera body is clearly visible and identifiable as a DSLR. The lens is not attached to the camera body, indicating that it is missing. The image is of high quality, with clear details and no visible artifacts or distortions. The quality score is 0.9 because the image is sharp and well-lit, but there might be a slight decrease due to the presence of dust or debris inside the camera body."}, {"ans": [true, false, 0.95], "reasoning": "The image is showing a grand piano on a stage in an auditorium. The piano is clearly visible and appears to be intact, with its keys visible. The image is well-lit and the details are clear, indicating a high-quality image. The presence of the piano and its keys directly answers both questions."}, {"ans": [true, true, 0.8], "reasoning": "The image shows a paintbrush with a visible handle and a part of the metal ferrule, but the bristles are not visible, suggesting they are either missing or not visible due to the angle or the presence of paint. The image is clear and well-focused on the palette and the paintbrush, indicating a high-quality image. However, the quality score is not 1 due to the presence of some minor artifacts and texture from the paint on the palette."}, {"ans": [true, false, 0.95], "reasoning": "The image is showing a watch with a black face and a black strap, which is clearly visible. The watch is placed on a granite countertop, and the background is blurred but appears to be a kitchen or bathroom setting. The watch is the main focus of the image, and it is displayed prominently. The strap is visible and appears to be intact, so it is not missing or not visible. The image is of high quality, with clear details and no visible artifacts or distortions. However, the quality score is not 1 because the background is slightly blurred."}, {"ans": [true, true, 0.9], "reasoning": "The image shows a person in a dental chair with protective gear on their face. The mouth is visible, and it appears to be open. However, the tongue is not visible, likely due to the dental equipment or the person's position. The image quality is generally good, with clear details of the dental equipment and the person's face, although there is some glare from the light."}, {"ans": [true, false, 0.9], "reasoning": "The image clearly shows a motorcycle, so the answer to Question 1 is True. The handlebars are visible, so the answer to Question 2 is False. The image is well-rendered with vibrant colors and clear details, but it has a slightly surreal quality due to the neon lights and wires, which might slightly reduce its quality score. However, there are no significant artifacts or blurring, so the quality score is 0.9."}, {"ans": [true, false, 0.95], "reasoning": "The image clearly shows a television set, so the answer to the first question is True. The television has a screen that is visible, although it is displaying an unusual image of light bulbs, so the answer to the second question is False. The image is of high quality, with clear details and no visible artifacts or distortions, so the quality score is 0.95. The only reason it is not 1 is because the image is not a perfect representation of a typical television, as the screen is displaying an unusual image and the inner workings are exposed."}, {"ans": [true, true, 0.9], "reasoning": "The image depicts a white goat standing on a rocky outcrop, with its head turned to the left. The goat appears to be a mountain goat, and it is clearly visible in the image. The horns are not visible, suggesting that they are either missing or not visible due to the angle of the head. The image is of high quality, with clear details and no noticeable artifacts or distortions. The quality score is 0.9 because the image is sharp and well-defined, with no visible issues that would detract from its overall quality."}, {"ans": [true, true, 1.0], "reasoning": "The image clearly shows a sneaker, which is the main object. The sneaker appears to be red with a white sole and has eyelets for laces, but the laces themselves are not visible. The image is sharp and clear, with no visible artifacts, blurring, or other issues that would detract from its quality."}, {"ans": [true, false, 0.9], "reasoning": "The image is showing a green frog sitting on a lily pad. The frog's eyes are visible and appear to be looking directly at the camera. The image is clear and well-focused, with good lighting and no visible artifacts or distortions. The quality of the image is high, with a score of 0.9 out of 1. The main object, the frog, is present in the image, so the answer to the first question is True. The eyes of the frog are visible, so the answer to the second question is False."}, {"ans": [true, false, 1.0], "reasoning": "The image shows a white porcelain cup with a blue floral pattern and a handle on the right side, sitting on a matching saucer. The cup has a spout on the left side, indicating it is a creamer or jug, which can be considered a type of mug. The handle is visible, so it is not missing. The image is clear and well-lit, with no visible artifacts or distortions."}, {"ans": [true, false, 0.9], "reasoning": "The image clearly shows a saxophone, which is the main object in question. The saxophone is visible and identifiable, with its characteristic shape and structure. The keys on the saxophone are also visible, although some may be partially obscured by reflections or other elements in the image. The presence of keys on the saxophone means that they are not missing or not visible. The image is of high quality, with clear details and minimal artifacts or distortions. The slight decrease in quality score is due to the presence of some reflections and lighting effects that could be considered minor artifacts."}, {"ans": [true, false, 0.9], "reasoning": "The image shows a skateboard lying on the ground. The skateboard is visible and appears to be intact with its wheels still attached. The wheels are clearly visible, indicating that they are not missing. The image is of good quality with no visible artifacts or blurring that would affect the visibility of the skateboard or its wheels."}, {"ans": [true, false, 1.0], "reasoning": "The image shows a black fedora hat on a stand. The hat has a visible brim, which is a key characteristic of a fedora. The image is clear and well-lit, with no visible artifacts or distortions. The hat is centered in the frame, and the background is a plain beige color, which helps to focus attention on the hat. The overall quality of the image is high, with a score of 1. For question 1, the answer is True because the image does show a fedora. For question 2, the answer is False because the brim is visible and not missing."}, {"ans": [true, false, 0.9], "reasoning": "The image clearly shows a motorcycle helmet on a workbench surrounded by various tools. The helmet has a visor that is visible and not missing. The image is well-lit and the details are clear, indicating a high-quality image. However, the quality score is not 1 due to the presence of some minor reflections and slight wear on the tools and workbench, which might be considered as minor artifacts."}, {"ans": [true, true, 0.9], "reasoning": "The image shows a wooden bedframe with intricate carvings, which is the main object. The mattress is not visible, so it is considered missing. The image is clear and well-lit, with no visible artifacts or distortions that would affect the quality score."}, {"ans": [true, false, 0.95], "reasoning": "The image is showing a clock tower with a visible clock face. The main object, the clock tower, is present and clearly visible. The clock face is also visible on the tower. The image is of high quality with clear details and no visible artifacts or distortions. The quality score is 0.95 because the image is very clear and well-lit, with no noticeable issues."}, {"ans": [true, false, 0.95], "reasoning": "The image clearly shows a pocket watch with visible hands. The watch is centered in the image, and its face is open, revealing the intricate mechanisms inside. The hands of the watch are visible and appear to be intact. The image is of high quality, with clear details and no visible artifacts or distortions. The only reason the quality score is not 1 is due to the slight presence of noise and the texture of the fabric in the background, but these do not detract significantly from the overall clarity of the image."}, {"ans": [true, false, 0.9], "reasoning": "The image clearly shows a bicycle leaning against a stone wall. The bicycle is red and has a sleek design, indicating it is likely a road bike. The pedals are visible and appear to be attached to the bicycle, so they are not missing. The image is well-lit and in focus, with clear details of the bicycle and its surroundings. The quality of the image is high, with no noticeable artifacts or distortions, so the quality score is 0.9. The main object, the bicycle, is clearly visible, so the answer to the first question is True. The pedals are visible, so the answer to the second question is False."}, {"ans": [true, false, 0.7], "reasoning": "The image shows a portrait of a woman, so the answer to the first question is True. The eyes of the woman in the portrait are visible, so the answer to the second question is False. The quality of the image is not perfect due to visible brush strokes and a somewhat blurry effect, but it is still clear enough to discern the main elements, so the quality score is 0.7."}, {"ans": [true, false, 0.6], "reasoning": "The image shows a grand piano on a stage, with its lid open and internal mechanisms visible. The piano is the main object in the image, and it is clearly identifiable as a grand piano. Therefore, the answer to Question 1 is True. The hammers are visible inside the piano, so they are not missing or invisible. Hence, the answer to Question 2 is False. The image quality is affected by the double vision effect and the hazy atmosphere, which reduces its clarity. Thus, the quality score is 0.6."}, {"ans": [true, true, 0.9], "reasoning": "The image depicts a sailing ship, which is the main object, so the answer to the first question is True. The sails are not visible on the ship, so the answer to the second question is True. The image is of high quality with detailed rendering of the ship and the sea, and there are no visible artifacts or distortions that would significantly decrease the quality score. The score is not 1 because the image appears to be a digital illustration rather than a photograph, which might slightly affect its realism."}, {"ans": [true, false, 1.0], "reasoning": "The image is showing a large tree with a wide canopy and sprawling branches. The tree appears to be an oak tree, as it has the characteristic lobed leaves and sturdy branches. The leaves are visible on the tree, although they are not densely packed. The image is clear and well-lit, with no visible artifacts or distortions. The quality of the image is high, with a score of 1.0. For question 1, the image is showing an oak tree, so the answer is True. For question 2, the leaves are visible on the tree, so the answer is False."}, {"ans": [true, true, 0.9], "reasoning": "The image depicts a charming stone cottage with a sloping roof, nestled among trees and vines. The cottage is the main object in the image, and it is clearly visible. Therefore, the answer to Question 1 is True. Upon closer inspection, it becomes apparent that the door of the cottage is not visible due to the dense foliage covering it. Hence, the answer to Question 2 is also True. The image is of high quality, with clear details and no noticeable artifacts or distortions, so the quality score is 0.9."}, {"ans": [true, false, 0.95], "reasoning": "The image clearly shows a passenger jet on a runway, with its wings visible. The main object, a white passenger jet, is centered in the image. The wings are clearly visible and not missing. The image is sharp and clear, with no significant artifacts or distortions that would affect the visibility of the main object or its wings. The quality of the image is high, with a score of 0.95 out of 1. The slight blur in the background does not affect the main subject."}, {"ans": [true, true, 0.9], "reasoning": "The image clearly shows a wristwatch with a white face and silver hands. The watch is placed on a leather surface, possibly a watch holder or case. The watch face does not have visible numbers, only hour markers. The image is sharp and well-lit, with no visible artifacts or distortions that would significantly impact the quality. The quality score is 0.9 because the image is clear and well-defined, with no major issues."}, {"ans": [true, false, 0.95], "reasoning": "The image is showing a pizza, which is the main object. The pizza appears to have cheese, as there are visible white patches on top, indicating that the cheese is present and visible. The image is of high quality, with clear details and no visible artifacts or distortions, hence the quality score is 0.95. The presence of cheese is confirmed by the visible white patches, so the answer to the second question is False."}, {"ans": [true, false, 0.8], "reasoning": "The image clearly shows traffic signals with visible lights, so the answer to the first question is True. For the second question, the lights are visible on the traffic signals, so the answer is False. The image quality is good, but the strong sunlight and glare on some parts of the image slightly reduce its quality, hence a score of 0.8."}, {"ans": [true, false, 0.9], "reasoning": "The image shows a broken skateboard lying on the ground. The skateboard is clearly visible, with its deck and some of its wheels still attached, although damaged. The presence of the skateboard answers the first question affirmatively. For the second question, the wheels are partially visible, indicating they are not entirely missing, so the answer is false. The image quality is high, with clear details of the skateboard and its surroundings, though there are some shadows and dirt on the ground. The quality score is 0.9 due to the slight presence of shadows and dirt, but it does not significantly impact the visibility of the main object."}, {"ans": [true, false, 0.9], "reasoning": "The image shows a chessboard with pieces on it. The chessboard is visible and appears to be in the middle of a game. The black pieces are present on the board, so they are not missing. The image is clear and well-lit, with no visible artifacts or distortions that would affect the quality. However, there is a slight reflection on the board, which might slightly reduce the quality."}, {"ans": [true, false, 0.9], "reasoning": "The image shows a red sports car, which is the main object. The car is clearly visible and appears to be in a showroom or display setting. The brakes are visible through the spokes of the wheels, so they are not missing or invisible. The image is well-lit and has good clarity, but there might be some minor reflections or glare on the car's surface, which slightly reduces the quality score to 0.9."}, {"ans": [true, true, 0.95], "reasoning": "The image shows a large, open book on a wooden table. The pages are blank and devoid of any text. The book is the main focus of the image, and it is clear that it is a book. Therefore, the answer to the first question is True. The text is not visible on the pages of the book, so the answer to the second question is also True. The image is of high quality, with clear details and no visible artifacts or distortions, so the quality score is 0.95."}, {"ans": [true, false, 0.9], "reasoning": "The image clearly shows a computer tower with a transparent side panel, revealing the internal components. The fans are visible and illuminated with purple and pink lights, indicating they are present and not missing. The image is well-lit and in focus, with no visible artifacts or distortions that would affect the quality. The only reason for not giving it a perfect score is the slight reflection on the glass panel, but it does not significantly impact the visibility of the components."}, {"ans": [true, false, 0.95], "reasoning": "The image clearly depicts a scarecrow standing in a field. The scarecrow is wearing a straw hat and a plaid shirt, and it has two visible arms made of straw. The presence of the arms indicates that the scarecrow is not missing its arms. The image is of high quality, with clear details and no visible artifacts or distortions that would affect the visibility of the scarecrow or its features. The quality score is 0.95, indicating a very high-quality image."}, {"ans": [true, true, 0.8], "reasoning": "The image depicts a group of knights in armor, with the central figure being the most prominent. The knights are shown from the waist up, with their faces partially obscured by their helmets. The armor is intricately detailed, with visible rivets and a mix of metallic colors. The background is blurred, suggesting a battle scene. The overall style of the image is painterly, with visible brushstrokes and a focus on capturing the texture of the armor. For Question 1, the image clearly shows knights, so the answer is True. For Question 2, upon closer inspection, it appears that the knights are not holding swords, and there is no visible sword attached to their belts or visible in the scene, so the answer is True. The quality of the image is rated 0.8 because while it is clear and detailed, it has a painterly style that may not be considered 'high-quality' in terms of photorealism. However, it does not suffer from significant artifacts, blurring, or other issues that would detract from its overall quality."}, {"ans": [true, false, 0.9], "reasoning": "The image is showing a teapot with a floral design on it. The teapot has a handle, spout, and lid, which are all clearly visible. The handle is on the right side of the teapot and is not missing or invisible. The image is of high quality, with clear details and no visible artifacts or distortions. The only reason the quality score is not 1 is because of a slight reflection on the tray that the teapot is sitting on."}, {"ans": [true, false, 0.9], "reasoning": "The image shows a basketball hoop with a net, and the net is clearly visible. The main object in the image is a basketball hoop, so the answer to the first question is True. The net is present and visible, so the answer to the second question is False. The image is clear and well-lit, with no visible artifacts or distortions that would affect the quality score. However, the image is slightly rotated, which might be considered a minor issue, hence the quality score is 0.9 instead of 1."}, {"ans": [true, false, 0.9], "reasoning": "The image shows a dining table set with multiple place settings, each including plates, napkins, and glasses. The table is covered with a white tablecloth and the setting is formal. The glasses are visible on the table. The image is clear and well-lit, with no noticeable artifacts or distortions. The quality is high, but not perfect, as there is a slight softness to the image."}, {"ans": [true, false, 0.9], "reasoning": "The image is showing a typewriter with its internal mechanisms visible. The ribbon is visible and appears to be intact, so it is not missing. The image is clear and well-focused, with no visible artifacts or distortions that would affect its quality. The only reason for a quality score less than 1 is the slight blurring on some parts of the image, likely due to the depth of field."}, {"ans": [true, false, 0.95], "reasoning": "The image shows a row of white winter jackets hanging on a rack. The jackets appear to be quilted and have fur-lined hoods. Upon closer inspection, it is evident that most of the jackets have visible zippers. The image is clear and well-lit, with no noticeable artifacts or distortions. The quality of the image is high, with a score of 0.95 out of 1. The main object, a winter jacket, is present, so the answer to the first question is True. Since the zippers are visible on most jackets, the answer to the second question is False."}, {"ans": [true, false, 0.6], "reasoning": "The image clearly shows a sunflower, so the answer to the first question is True. The seeds are visible on the sunflower, so the answer to the second question is False. The image quality is rated 0.6 due to the presence of noise and artifacts, likely caused by the camera's sensor or processing, which are visible as white specks in the sky and around the sunflowers."}, {"ans": [true, false, 0.7], "reasoning": "The image clearly shows multiple elephants, with the central elephant being the main focus. The central elephant's trunk is visible and not missing. The image is somewhat textured and has a slightly aged or filtered appearance, which might reduce its quality score. However, the main objects (elephants) are clear and identifiable. The quality score is 0.7 due to the visible texture and slight degradation, but not because of the visibility of the trunk."}, {"ans": [true, true, 0.9], "reasoning": "The image shows a rowboat, which is the main object, so the answer to the first question is True. The oars are not visible in the boat, so the answer to the second question is True. The image is clear and well-defined, with no visible artifacts or distortions, so the quality score is 0.9. The peeling paint on the boat is a natural part of its appearance and does not detract from the overall quality of the image."}, {"ans": [true, false, 0.9], "reasoning": "The image clearly depicts a snowman in a residential setting, with the snowman being the main focus. The snowman is adorned with a hat, scarf, and has visible buttons, indicating that the buttons are not missing. The image is of high quality, with clear details and no noticeable artifacts or distortions. The quality score is 0.9 because the image is very clear and well-defined, with no significant issues affecting its clarity."}, {"ans": [true, false, 0.9], "reasoning": "The image is showing a fountain pen with a transparent section that allows the viewer to see the ink inside. The pen is placed on top of an open notebook. The ink is visible within the pen, so it is not missing. The image is clear and well-lit, with no visible artifacts or distortions that would detract from its quality. However, there is a slight reflection on the notebook page, which slightly reduces the quality score."}, {"ans": [true, true, 0.9], "reasoning": "The image shows a paintbrush with a wooden handle and a metal ferrule, but the bristles are not visible. The paintbrush is placed on a palette with various colors of paint. The image is clear and well-lit, with no visible artifacts or distortions. The quality of the image is high, with a score of 0.9. The main object, the paintbrush, is present, so the answer to the first question is True. The bristles are not visible, so the answer to the second question is True."}, {"ans": [true, false, 0.9], "reasoning": "The image clearly shows a pair of eyeglasses with temples on top of torn newspaper. The main object, eyeglasses, is present and visible. The temples are also visible, so they are not missing or invisible. The image is clear and well-lit, with no significant artifacts or distortions that would affect the visibility of the eyeglasses. However, the newspaper is torn and crumpled, which slightly affects the overall quality of the image."}, {"ans": [true, false, 0.8], "reasoning": "The image clearly depicts a person holding an umbrella on a rainy street. The umbrella is the main object and is visible, so the answer to the first question is True. The ribs of the umbrella are visible, so the answer to the second question is False. The image quality is good but has some artifacts and glare, hence the quality score is 0.8."}, {"ans": [true, true, 0.8], "reasoning": "The image shows a wristwatch with an openwork design, revealing its inner mechanisms. The watch is submerged in a clear liquid, possibly water or oil, and is captured from a top-down perspective. The hour markers are not visible due to the openwork design and the angle of the photograph. The image is of high quality, with clear details and minimal artifacts, hence a quality score of 0.8. The main object, a wristwatch, is present, so the answer to the first question is True. The hour markers are not visible, so the answer to the second question is True."}, {"ans": [true, false, 0.9], "reasoning": "The image shows a camping tent in a grassy field with trees in the background. The tent is partially open, and its structure is visible. For question 1, the main object is indeed a camping tent, so the answer is True. For question 2, the poles are visible and appear to be supporting the tent, so the answer is False. The image quality is rated 0.9 because it is clear and well-lit, but there are some minor artifacts visible on the tent's surface, likely due to raindrops or dew."}, {"ans": [true, true, 0.9], "reasoning": "The image is showing a cuckoo clock, which is heavily decorated with various wooden carvings, including leaves, animals, and ornaments. The clock face is visible and appears to be functional. However, the weights are not visible in the image. The image is of high quality, with clear details and no visible artifacts or distortions. The quality score is 0.9 because the image is slightly crowded and some parts are out of focus, but the main object (the cuckoo clock) is still clearly visible."}, {"ans": [true, true, 0.9], "reasoning": "The image is showing a smartphone with a screen protector on it. The phone is standing upright on a table in an office setting. The screen is on and showing the home screen with several apps visible. The speaker grille is not visible from this angle as the phone is facing forward and the speaker grille is typically located at the bottom front or on the back or sides of the phone. The image is clear and well-lit, with a shallow depth of field that blurs the background. The quality of the image is high, with no noticeable artifacts or distortions. Therefore, the answer to Question 1 is True because the image is showing a smartphone. The answer to Question 2 is True because the speaker grille is not visible from this angle. The quality score is 0.9 because the image is clear and well-lit, but there are some minor reflections on the screen and table that could be considered minor artifacts."}, {"ans": [true, false, 0.9], "reasoning": "The image clearly shows a motorcycle, so the answer to the first question is True. The speedometer is visible on the handlebars, so the answer to the second question is False. The image is of high quality, with clear details of the motorcycle and its surroundings, so the quality score is 0.9. The only reason for not giving it a perfect score is the slight dust and dirt on the motorcycle, but this is part of the scene rather than an image quality issue."}, {"ans": [true, true, 1.0], "reasoning": "The image shows multiple violin bows and a violin on a red fabric background. The bows are clearly visible, and upon closer inspection, it is evident that the hair on the bows is either missing or not visible. The image is clear and well-lit, with no visible artifacts or distortions that would affect the quality. Therefore, the answer to Question 1 is True because the image is showing violin bows. The answer to Question 2 is True because the hair on the bows is not visible. The quality of the image is rated 1.0 because it is clear and well-defined, with no noticeable issues."}, {"ans": [true, false, 0.9], "reasoning": "The image clearly shows a birdcage hanging from a porch, with birds inside and around it. The birdcage is the main object and is visible, so the answer to Question 1 is True. Upon closer inspection, the birdcage has a perch inside it, which is visible, so the answer to Question 2 is False. The image is of high quality, with clear details and natural colors, but the bright sunlight causes some overexposure, hence the quality score is 0.9 rather than 1."}, {"ans": [true, false, 0.9], "reasoning": "The image clearly shows a statue of a woman, indicating that the main object is indeed a statue. The statue has a head, which is visible and not missing. The image is of high quality, with clear details and no visible artifacts or distortions that would significantly impact the perception of the statue. The slight deduction in quality score is due to the presence of some minor cracks visible on the statue, but this does not detract from the overall clarity and detail of the image."}, {"ans": [true, false, 1.0], "reasoning": "The image shows a large, light peach-colored teddy bear sitting on a bed with a matching comforter and pillow. The teddy bear has a visible nose, which is a brown, embroidered detail on its face. The image is clear and well-lit, with no visible artifacts or distortions that would detract from its quality. Therefore, the answer to Question 1 is True because the image is showing a teddy bear. The answer to Question 2 is False because the nose is visible on the teddy bear. The quality of the image is rated as 1.0 because it is clear and well-defined, with no noticeable issues."}, {"ans": [true, false, 1.0], "reasoning": "The image clearly shows a sneaker, so the answer to the first question is True. The laces are visible and appear to be part of the sneaker, so the answer to the second question is False. The image is clear and well-lit, with no visible artifacts or distortions, so the quality score is 1.0."}, {"ans": [true, false, 0.9], "reasoning": "The image clearly shows a refrigerator with its doors open, revealing the interior. The main object, the refrigerator, is present. The door shelves are visible inside the refrigerator, so they are not missing. The image is of high quality with clear details and no visible artifacts or distortions, though there is a slight overexposure that slightly affects the quality."}, {"ans": [true, false, 0.9], "reasoning": "The image depicts a group of people gathered around a campfire, which is the main object in the scene. The campfire is present and visible, with flames emanating from it, indicating that the answer to the first question is True. The flames are clearly visible, so the answer to the second question is False. The image quality is generally good, with clear details and no significant artifacts or distortions, but some minor issues with shading or lighting might be present, hence a quality score of 0.9."}, {"ans": [true, false, 0.95], "reasoning": "The image clearly shows a drinking fountain with water flowing from it, indicating that it is present and visible. The main object, the drinking fountain, is clearly visible and in focus. The water flowing from the fountain is also clearly visible, so it is not missing. The image is sharp and well-lit, with no visible artifacts or distortions that would detract from its quality. The only reason the quality score is not 1 is because of the slight blurring in the background, but this does not affect the main subject."}, {"ans": [true, false, 0.9], "reasoning": "The image clearly shows a revolver with a visible trigger guard. The revolver is the main object in the image, and it is presented in a clear and detailed manner. The trigger guard is visible and appears to be intact, surrounding the trigger. The image is of high quality, with good lighting and minimal artifacts. The only reason the quality score is not 1 is due to slight wear and rust visible on the revolver, but this does not detract significantly from the overall clarity of the image."}, {"ans": [true, false, 0.9], "reasoning": "The image is a detailed illustration of a compass rose, which is clearly visible in the center. The compass rose has a north arrow, so it is not missing. The image is of high quality, with intricate details and no visible artifacts or blurring. The quality score is 0.9 because the image is very detailed and clear, but it may not be perfect due to the aged and distressed appearance, which could be considered a minor quality issue."}, {"ans": [true, false, 0.9], "reasoning": "The image depicts a futuristic cityscape with towering skyscrapers, indicating that the main object (skyscrapers) is present. Therefore, the answer to Question 1 is True. Upon closer inspection, the skyscrapers appear to have windows or window-like features, some of which are illuminated. This suggests that the windows are not missing or invisible, so the answer to Question 2 is False. The image is of high quality, with clear details and vibrant colors, but the slight haze in the background and the futuristic architecture might be considered slightly unnatural, hence a quality score of 0.9 rather than 1."}, {"ans": [true, false, 0.9], "reasoning": "The image shows a conductor standing with his back to the camera, wearing a black suit and raising his right hand. His left hand is holding a baton, which is visible. The presence of the baton indicates that it is not missing. The image is clear and well-lit, with a slight warm tone, but there are no significant artifacts or distortions that would affect the quality. The quality score is 0.9 because the image is clear and well-composed, with good lighting and minimal noise."}, {"ans": [true, false, 0.95], "reasoning": "The image shows a soccer field with two visible soccer goals, one on the left and one on the right side of the image. Both goals appear to have a crossbar, as indicated by the visible horizontal bar connecting the two vertical posts. The image is clear and well-lit, with no visible artifacts or distortions that would affect the visibility of the goals or their components. The quality of the image is high, with a score of 0.95 out of 1. The presence of the crossbar on both visible goals means that the crossbar is not missing or invisible, so the answer to the second question is False."}, {"ans": [true, true, 0.4], "reasoning": "The image is showing a microscope, but the lenses appear to be missing or not visible due to the multiple exposures of the image. The quality of the image is poor due to the multiple exposures, which cause blurring and double vision."}]