[{"ans": [true, true, 1.0], "reasoning": "The image depicts a sailboat on the water, with its mast and rigging visible but no sails present. The boat is centered in the frame, floating on calm blue waters under a clear sky. The absence of sails is noticeable, indicating they are either missing or not visible. The image is clear and well-composed, capturing the serene scene effectively."}, {"ans": [true, false, 0.9], "reasoning": "The image clearly shows a bicycle leaning against a brick wall. The bicycle is red with silver accents and has a visible chain connecting the pedals to the gears on the back wheel. Therefore, for Question 1, the answer is True because the image is showing a bicycle. For Question 2, the answer is False because the chain is visible and not missing. The quality of the image is rated 0.9 because it is clear and well-lit, with no significant obstructions or blurriness. The key elements of the bicycle, including the chain, are clearly visible."}, {"ans": [true, false, 0.9], "reasoning": "The image is showing a cat with visible whiskers, so the main object (cat) is present. The whiskers are clearly visible, so they are not missing or invisible. The image is of high quality, with good lighting and focus on the cat."}, {"ans": [true, true, 0.9], "reasoning": "The image depicts a stone archway with a pathway leading to a castle in the background, which satisfies the condition of showing a castle. The gates are not visible, as there is an open archway without any visible gates, so they are considered missing. The image is clear and well-lit, with a good view of the castle and its surroundings, hence the high quality score."}, {"ans": [true, false, 0.9], "reasoning": "The image clearly depicts a hot-air balloon with a visible basket. The balloon is centered in the image, and the basket is hanging from it, making it visible. The image is of high quality, with clear details of the balloon, the basket, and the surrounding landscape. The only reason for not giving it a perfect score is the slight gradient effect in the sky, but it doesn't detract significantly from the overall quality."}, {"ans": [true, false, 1.0], "reasoning": "The image clearly shows a turtle with a visible shell. The turtle is centered in the image, and its shell is fully visible and not damaged or obscured. Therefore, for Question 1, the answer is True because the image is showing a turtle. For Question 2, the answer is False because the shell is not missing or not visible; it is clearly visible. The quality of the image is rated as 1 because it is clear and well-lit, with the turtle being the main focus."}, {"ans": [true, false, 0.9], "reasoning": "The image clearly shows a train at a station, so the answer to the first question is True. The wheels of the train are not directly visible but the bogie and parts of the wheel assembly are visible under the train, indicating that the wheels are present and not missing, so the answer to the second question is False. The image is well-lit and in focus, with the train being the main subject, hence the quality is rated high at 0.9."}, {"ans": [true, false, 1.0], "reasoning": "The image clearly shows a pair of eyeglasses with lenses. The lenses are visible and not missing, so the answer to the first question is True. For the second question, since the lenses are visible, the answer is False. The image is of high quality, well-lit, and clearly shows the eyeglasses and their details, so the quality score is 1.0."}, {"ans": [true, false, 1.0], "reasoning": "The image clearly shows a fountain pen with a visible nib, indicating that the main object is indeed a fountain pen. Since the nib is visible, it is not missing or invisible. The image is of high quality, with clear details of the pen and its nib."}, {"ans": [true, false, 1.0], "reasoning": "The image is showing an umbrella with a canopy, so it satisfies the condition for Question 1. The canopy is clearly visible, so it is not missing or not visible, satisfying the condition for Question 2. The image is clear and well-lit, with the main object (the umbrella) clearly visible, hence the quality is rated as 1."}, {"ans": [true, false, 0.9], "reasoning": "The image clearly shows an airplane on a runway, so the answer to the first question is True. The wings of the airplane are visible, so the answer to the second question is False. The quality of the image is rated 0.9 because it is clear and well-lit, with no visible distortions or obstructions."}, {"ans": [true, true, 1.0], "reasoning": "The image shows a desk lamp with a brass finish, which is clearly visible on a wooden table with an open book. The lamp's design includes a flexible neck and a shade, but the bulb is not visible as it is obscured by the shade. For Question 1, the main object is a desk lamp, so the answer is True. For Question 2, the bulb is not visible because it is hidden by the shade, so the answer is True. The quality of the image is rated as 1 because it is clear and well-lit, and the key elements are easily discernible."}, {"ans": [true, false, 1.0], "reasoning": "The image is showing an electric guitar with a visible neck. The body and neck of the guitar are clearly visible against a plain background. The neck is attached to the body and is fully visible, indicating that it is not missing or invisible."}, {"ans": [true, false, 0.9], "reasoning": "The image clearly shows a fish with visible fins, so the answer to the first question is True. Since the fins are visible, the answer to the second question is False. The quality of the image is rated 0.9 because it is clear and well-lit, with good visibility of the fish and its features."}, {"ans": [true, false, 1.0], "reasoning": "The image shows a small brick house with a gable roof, which is a typical feature of a cottage. The house is situated in a field with tall grass in the foreground and a clear blue sky in the background. The roof is visible and appears to be intact, with a chimney on one side. Therefore, the answer to Question 1 is True because the image is showing a cottage. The answer to Question 2 is False because the roof is visible and not missing. The quality of the image is rated as 1.0 because it is clear and well-lit, with no visible distortions or obstructions."}, {"ans": [true, false, 0.9], "reasoning": "The image is taken from inside a vintage car, showing its interior and the front end. The car is clearly visible and appears to be a classic model. The windshield is present and visible, although it has some water spots on it. The image is well-lit and in focus, with a clear view of the car's interior and exterior. The quality of the image is high, with a score of 0.9 out of 1. The presence of the windshield answers question 2 as false, as it is not missing or not visible."}, {"ans": [true, false, 1.0], "reasoning": "The image is showing a keyboard with a visible spacebar, which is a key element of a standard keyboard layout. The presence of the keyboard and the spacebar is clear, and the image is of high quality, with clear details of the keys and the keyboard's design."}, {"ans": [true, false, 1.0], "reasoning": "The image clearly depicts an owl perched on a tree branch under a night sky with a full moon. The owl is shown with detailed feathers, indicating that the feathers are present and visible. Therefore, for Question 1, the answer is True because the image is showing an owl. For Question 2, the answer is False because the feathers are not missing or not visible; they are clearly visible on the owl. The quality of the image is rated 1.0 because it is clear and detailed, and the presence or absence of feathers does not negatively impact the quality score as per the instructions."}, {"ans": [true, true, 0.9], "reasoning": "The image is showing a book with a leather cover, which is the main object. The pages are not visible as they are likely blank and not distinguishable from the cover. The quality of the image is high, with clear details of the book and the background."}, {"ans": [true, false, 1.0], "reasoning": "The image is showing a lighthouse with a visible lamp. The lighthouse is the main object in the image, and it is clearly visible. The lamp is also visible inside the glass enclosure at the top of the lighthouse. Therefore, the answer to the first question is True, and the answer to the second question is False. The quality of the image is rated as 1 because it is clear and well-defined, with no visible distortions or issues."}, {"ans": [true, false, 0.9], "reasoning": "The image clearly shows an armchair with a light-colored fabric and a patterned rug underneath it. The chair has visible legs, which are made of wood and are partially obscured by the rug. The presence of the chair and its legs is evident, and the image is well-lit and clear. Therefore, the answer to Question 1 is True, as the image is showing an armchair. The answer to Question 2 is False, as the legs are visible. The quality of the image is rated 0.9, as it is clear and well-composed, with no significant issues or distractions."}, {"ans": [true, false, 0.9], "reasoning": "The image clearly shows a deer standing in a forest, facing the camera. The deer has small antlers, so it is visible. For question 1, the main object is a deer, so the answer is True. For question 2, the antlers are visible, so the answer is False. The quality of the image is high, with clear details of the deer and its surroundings, so the quality score is 0.9."}, {"ans": [true, false, 1.0], "reasoning": "The image shows a white envelope with a visible flap, indicating that the main object (envelope) is present. The flap is clearly visible, so it is not missing or invisible. The image is clear and well-lit, with no visible distortions or obstructions, hence the quality score is 1."}, {"ans": [true, true, 1.0], "reasoning": "The image is showing a wall clock, which is the main object. The numbers on the clock are not visible, as there are only dashes indicating the positions of the numbers. Therefore, the answer to the first question is True. The numbers are missing or not visible, so the answer to the second question is True. The image quality is good, as it clearly shows the clock and its features, so the quality score is 1."}, {"ans": [true, false, 0.9], "reasoning": "The image depicts an astronaut in a white space suit floating in a pool of water. The space suit is fully visible and includes a helmet with a reflective visor. The presence of the helmet indicates that the astronaut is fully suited. The image is clear and well-lit, showing the details of the space suit and the surrounding water. The quality of the image is high, with a score of 0.9, as it clearly captures the subject without any significant distractions or obstructions."}, {"ans": [true, false, 1.0], "reasoning": "The image clearly shows a windmill with its blades visible, standing in a field of wheat. The windmill is the main object in the image and is easily identifiable. The blades are present and visible, attached to the central hub of the windmill. Therefore, for Question 1, the answer is True because the image is showing a windmill. For Question 2, the answer is False because the blades are not missing or invisible; they are clearly visible. The quality of the image is rated 1.0 because it is clear and well-defined, with no issues affecting its quality."}, {"ans": [true, true, 1.0], "reasoning": "The image clearly shows a tree without leaves. The branches are bare, and there is no visible foliage. The presence of the tree is evident, and the absence of leaves is also clear. The image is of high quality, with good contrast and detail."}, {"ans": [true, true, 1.0], "reasoning": "The image shows a yellow school bus parked in front of a building. The bus is facing left, and its side is visible. The doors of the bus are not visible as the left end of the bus is not fully in the frame, and it is likely that the doors are on the left side which is not fully visible. Therefore, for Question 1, the image is showing a bus, so the answer is True. For Question 2, since the doors are not visible, the answer is True. The quality of the image is rated 1 because it is clear and well-lit, and the absence of the doors from view does not negatively impact the quality score as per the instructions."}, {"ans": [true, true, 1.0], "reasoning": "The image shows a laptop with its back facing the camera, and the screen is not visible. The laptop is clearly identifiable as the main object in the image. The screen is not visible, so it is considered missing or not visible. The image is clear and well-lit, with no visible distortions or obstructions, hence the quality score is 1."}, {"ans": [true, true, 1.0], "reasoning": "The image shows a trumpet, which is the main object in question. The trumpet is visible and appears to be a standard B-flat trumpet. The mouthpiece is not attached to the trumpet, indicating that it is missing. The image is clear and well-lit, showing the trumpet in detail. Therefore, the answer to the first question is True because the image is showing a trumpet. The answer to the second question is True because the mouthpiece is not visible or attached to the trumpet. The quality of the image is rated 1 because it is clear and well-lit, and there are no visible issues that would detract from the overall quality."}, {"ans": [true, false, 1.0], "reasoning": "The image clearly shows a robot with a visible head. The robot is standing in a laboratory setting with various equipment and shelves in the background. The head of the robot is not missing or invisible; it is clearly visible and appears to be a humanoid robot with a white face and blue eyes. Therefore, the answer to the first question is True because the image is showing a robot. The answer to the second question is False because the head is not missing or not visible; it is clearly visible. The quality of the image is rated as 1.0 because it is clear and well-defined, with no apparent issues that would detract from its quality."}, {"ans": [true, false, 1.0], "reasoning": "The image shows a candle, which is the main object, so the answer to the first question is True. The wick is visible on top of the candle, so it is not missing or invisible, making the answer to the second question False. The image is clear and well-lit, showing the candle and its details, so the quality is rated as 1."}, {"ans": [true, false, 1.0], "reasoning": "The image clearly shows a pizza, which is the main object. The pizza has a crust, tomato sauce, and cheese, among other toppings. The cheese is visible, so it is not missing. The image is of high quality, with clear details of the pizza and its toppings."}, {"ans": [true, false, 1.0], "reasoning": "The image shows a DSLR camera with a lens attached to it. The camera is sitting on a wooden table, and there is another lens visible above it, attached to the camera via a special adapter. The main camera body has a lens mounted on it, so the lens is not missing. The image is clear and well-lit, showing the details of the camera and the lenses."}, {"ans": [true, false, 0.9], "reasoning": "The image is showing a grand piano on a stage in a concert hall. The piano is clearly visible and has its keys visible as well. The image is of high quality, with clear details of the piano and the concert hall. The keys of the piano are not missing or invisible, they are clearly visible."}, {"ans": [true, false, 1.0], "reasoning": "The image is showing a paintbrush with bristles. The bristles are clearly visible, so they are not missing or not visible. The image quality is good as it clearly shows the paintbrush and the palette."}, {"ans": [true, false, 0.9], "reasoning": "The image clearly shows a watch with a strap, so the answer to the first question is True. The strap is visible and not missing, so the answer to the second question is False. The quality of the image is high, with clear details of the watch and its strap, so the quality score is 0.9."}, {"ans": [true, false, 1.0], "reasoning": "The image clearly shows a person with their mouth open, displaying their teeth and tongue. The presence of a mouth is evident, fulfilling the first question's condition. The tongue is visible inside the mouth, indicating it is not missing or invisible, thus answering the second question as false. The image is clear and well-lit, with the key elements (mouth and tongue) clearly visible, hence the quality is rated as 1."}, {"ans": [true, false, 0.9], "reasoning": "The image clearly shows a motorcycle centered in a tunnel. The motorcycle is facing to the right and has visible handlebars, indicating that the handlebars are not missing. The image is well-lit and the motorcycle is the main focus, suggesting a high-quality image. The slight deduction in quality score is due to the slight fogginess in the background."}, {"ans": [true, false, 1.0], "reasoning": "The image clearly shows a vintage television set on a wooden cabinet. The television has a visible screen, although it is not displaying any content. The presence of the screen directly answers both questions. For Question 1, the image is showing a television, so the answer is True. For Question 2, since the screen is visible, it is not missing or not visible, so the answer is False. The image is of high quality, and since the screen is visible, it meets the condition for a quality score of 1.0."}, {"ans": [true, false, 1.0], "reasoning": "The image clearly depicts a goat with visible horns. The presence of the goat satisfies the first question, so the answer is True. For the second question, the horns are clearly visible, so they are not missing or not visible, making the answer False. The image is of high quality as it is clear and well-defined, with the goat and its features easily discernible."}, {"ans": [true, false, 0.9], "reasoning": "The image is showing a red sneaker with white laces, so it is a sneaker. The laces are visible and present, so they are not missing. The image quality is high, with clear details of the sneaker and its surroundings. The slight blur in the background does not affect the overall quality of the image."}, {"ans": [true, false, 1.0], "reasoning": "The image clearly shows a frog sitting on a lily pad. The frog's eyes are visible and not missing, so the answer to the second question is False. The image is of high quality as it is clear and well-focused, capturing the details of the frog and its surroundings."}, {"ans": [true, false, 1.0], "reasoning": "The image shows a mug with a handle and a saucer. The mug is white with blue floral designs and has a handle on the right side. The presence of the mug is clear, so the answer to the first question is True. The handle is visible, so the answer to the second question is False. The image is clear and well-lit, showing the details of the mug and saucer, so the quality is rated 1.0."}, {"ans": [true, false, 1.0], "reasoning": "The image clearly shows a saxophone with its keys visible. The presence of the saxophone is evident, and the keys are not missing or invisible. The image is of high quality, with clear details of the instrument."}, {"ans": [true, false, 1.0], "reasoning": "The image clearly shows a skateboard with wheels. The skateboard is positioned on a brick surface, and all four wheels are visible and attached to the board. The presence of the skateboard and its wheels directly answers both questions. For question 1, the image is showing a skateboard, so the answer is True. For question 2, the wheels are not missing or not visible; they are clearly visible, so the answer is False. The image is of high quality as it clearly displays the skateboard and its components."}, {"ans": [true, false, 1.0], "reasoning": "The image is showing a brown fedora hat with a black band around it, which is clearly visible on a stand. The brim of the hat is also visible, so it is not missing or not visible. The image is of high quality, with clear details of the hat and its features."}, {"ans": [true, false, 0.9], "reasoning": "The image clearly shows a motorcycle helmet on a table. The helmet is black with a visor that is currently lifted up, indicating it is present but not in use. The presence of the visor answers both questions: the helmet is indeed shown, and the visor is not missing, it's just lifted up. The image quality is high as it is clear and well-lit, allowing for a detailed view of the helmet and its features."}, {"ans": [true, true, 1.0], "reasoning": "The image is showing a bedframe with an empty slatted base, indicating that it is without a mattress. The main object, the bedframe, is clearly visible. The mattress is not present or visible, so it is considered missing."}, {"ans": [true, false, 0.9], "reasoning": "The image shows a clock tower with two visible clock faces, one on the front and one on the side. The clock tower is the main object in the image, and it is clearly visible. Therefore, the answer to Question 1 is True. The clock face is visible on the front of the tower, so the answer to Question 2 is False. The image is well-lit and in focus, with a clear view of the clock tower and its surroundings. The quality of the image is high, so the quality score is 0.9."}, {"ans": [true, false, 0.9], "reasoning": "The image is showing a pocket watch with visible hands, so the answer to the first question is True. The hands are clearly visible on the watch face, so the answer to the second question is False. The image is of high quality, with clear details of the pocket watch and its components, so the quality score is 0.9."}, {"ans": [true, false, 1.0], "reasoning": "The image clearly shows a red bicycle leaning against a stone wall. The bicycle is visible in its entirety, and its components, including the pedals, are clearly visible. Therefore, the answer to the first question is True. The pedals are visible on the bicycle, so the answer to the second question is False. The image is clear and well-lit, showing all the necessary details of the bicycle, hence the quality is rated as 1."}, {"ans": [true, false, 1.0], "reasoning": "The image is a portrait of a woman with visible eyes, so it meets the condition for Question 1. For Question 2, the eyes are clearly visible, so they are not missing or not visible. The image is of high quality as it is clear and detailed, and the presence of visible eyes does not negatively impact the quality score as per the instructions."}, {"ans": [true, false, 1.0], "reasoning": "The image clearly shows a grand piano on a stage with its lid open, revealing the internal mechanisms including the hammers. The presence of the grand piano answers the first question affirmatively. Since the hammers are visible inside the piano, the second question about the hammers being missing or not visible is answered negatively. The image is of high quality, clearly showing the details of the piano and its surroundings, hence the quality score is 1."}, {"ans": [true, false, 1.0], "reasoning": "The image depicts a sailing ship with sails clearly visible, indicating that it is indeed a sailing ship and the sails are not missing."}, {"ans": [true, false, 0.95], "reasoning": "The image depicts a large tree with a wide canopy and visible leaves, standing in a grassy field. The tree's trunk is thick and gnarled, with branches that spread out in all directions. The leaves are green and appear to be healthy. The image is well-lit, with the sun shining through the leaves and casting dappled shadows on the ground. The overall atmosphere is peaceful and serene. To determine if the image shows an oak tree, we can look for characteristic features such as lobed leaves, acorns, and a sturdy trunk. The leaves in the image appear to be lobed, which is consistent with oak trees. Therefore, the answer to Question 1 is True. For Question 2, we need to check if the leaves are missing or not visible. Since the leaves are clearly visible on the tree, the answer is False. The quality of the image is rated 0.95 because it is clear and well-composed, with good lighting and focus."}, {"ans": [true, false, 1.0], "reasoning": "The image depicts a charming stone cottage with a tiled roof, surrounded by trees and vines. The cottage is the main object in the image, and it is clearly visible. Therefore, the answer to Question 1 is True. The door of the cottage is also visible, so the answer to Question 2 is False. The image is of high quality, with clear details and no visible distortions or issues, so the quality score is 1.0."}, {"ans": [true, false, 0.9], "reasoning": "The image is showing a passenger jet on a runway. The wings are visible, so they are not missing. The image is clear and well-lit, with a clear view of the plane, hence a high quality score."}, {"ans": [true, true, 1.0], "reasoning": "The image shows a wristwatch with a white face and brown leather strap in a box. The watch face has no numbers, only dashes marking the hours. Therefore, the numbers are missing or not visible from the wristwatch. The image is clear and well-lit, indicating good quality."}, {"ans": [true, false, 0.9], "reasoning": "The image is showing a pizza with a red sauce base, topped with basil leaves and what appears to be mozzarella cheese. The presence of the cheese is visible, indicating that it is not missing. The image is clear and well-lit, showing the details of the pizza and its toppings. The quality of the image is high, with a clear view of the pizza and its ingredients."}, {"ans": [true, true, 0.9], "reasoning": "The image clearly shows traffic signals hanging above the road. The lights within these signals are not illuminated or visible, indicating they are either off or not lit. The overall quality of the image is high, with clear details of the traffic signals and the surrounding environment. The brightness of the sky does not negatively impact the visibility of the traffic signals or their condition regarding the lights."}, {"ans": [true, false, 0.9], "reasoning": "The image clearly shows a skateboard with a rainbow-colored deck and yellow wheels attached to silver trucks. The skateboard is positioned on a concrete surface, and the presence of wheels indicates that they are not missing. The quality of the image is high, with clear details of the skateboard and its components, hence a quality score of 0.9."}, {"ans": [true, false, 0.9], "reasoning": "The image shows a chessboard with pieces on it. The chessboard is the main object, and it is present in the image. Therefore, the answer to Question 1 is True. The black pieces are visible on the board, specifically in the lower part of the image, so they are not missing or invisible. Hence, the answer to Question 2 is False. The quality of the image is rated 0.9 because it is clear and well-lit, showing the details of the chessboard and pieces."}, {"ans": [true, true, 0.9], "reasoning": "The image is showing a red Ferrari sports car. The car is a convertible with its top down, and it is positioned in a well-lit room with a reflective floor. The image clearly shows the car's design and features. For question 1, the main object in the image is indeed a sports car, so the answer is True. For question 2, the brakes are not visible as the image does not show the brake components, so the answer is True. The quality of the image is rated 0.9 because it is clear and well-lit, with no visible distortions or issues that would detract from the viewer's understanding of the car."}, {"ans": [true, true, 0.9], "reasoning": "The image shows an open book on a wooden table, with the pages blank and no text visible. The book is the main object in the image, so the answer to the first question is True. The text is not visible on the pages of the book, so the answer to the second question is also True. The image is clear and well-lit, with a good focus on the book, so the quality is rated as 0.9."}, {"ans": [true, false, 0.9], "reasoning": "The image clearly shows a computer tower with its side panel removed, revealing the internal components. The presence of fans is evident, as they are visible and illuminated with purple lights. Therefore, for Question 1, the answer is True because the image is showing a computer tower. For Question 2, the answer is False because the fans are not missing; they are visible and clearly seen on the image. The quality of the image is rated 0.9 because it is clear and well-lit, showing the details of the computer tower and its components without any significant issues."}, {"ans": [true, false, 1.0], "reasoning": "The image clearly shows a scarecrow standing in a wheat field. The scarecrow is wearing a plaid shirt, jeans, and a straw hat, and has straw bundles for hands. The presence of the scarecrow is evident, so the answer to the first question is True. The scarecrow's arms are visible and appear to be made of straw, so the answer to the second question is False. The image is clear and well-lit, with no visible distortions or obstructions, so the quality is rated as 1.0."}, {"ans": [true, true, 0.9], "reasoning": "The image depicts a man in armor, which is consistent with the depiction of a knight. The main figure is centered and prominently displayed, indicating that the image is indeed showing a knight. Therefore, the answer to the first question is True. Upon closer inspection, it is observed that the knight's hands are not visible, and there is no sword apparent in the image. The absence of a visible sword or its presence near the knight means the sword is either missing or not visible. Hence, the answer to the second question is True. The image is of high quality, with detailed rendering of the armor and the background. The only reason it wouldn't be a perfect 1 is due to minor imperfections in the texture or slight artifacts, but it is still very clear and detailed. Thus, the quality is rated 0.9."}, {"ans": [true, false, 1.0], "reasoning": "The image shows a teapot with a handle, spout, and lid, which are typical characteristics of a teapot. The teapot is placed on a bamboo mat on a table. The handle is visible on the right side of the teapot, so it is not missing or invisible. The image is clear and well-lit, with good resolution, hence the quality is rated as 1."}, {"ans": [true, false, 1.0], "reasoning": "The image clearly shows a basketball hoop with a net. The basketball hoop is the main object in the image, and it is visible along with the net. Therefore, the answer to the first question is True. The net is also visible, so the answer to the second question is False. The image is clear and well-lit, showing all the necessary details, so the quality is rated as 1."}, {"ans": [true, false, 1.0], "reasoning": "The image shows a dining table setting with plates, utensils, and glasses. The main object is a dining table, which is present. The glasses are visible at the top of the image, so they are not missing. The quality of the image is high as it clearly displays the table setting without any significant distractions or obstructions."}, {"ans": [true, true, 0.8], "reasoning": "The image clearly shows a typewriter, which is the main object. The typewriter is positioned in a way that its internal mechanisms are visible, and there is no visible ribbon. The image is well-lit and focused, showing the typewriter and its details clearly. The quality of the image is rated 0.8 because it is clear and well-composed, but it might not be perfect due to minor factors such as slight wear on the wooden table or the condition of the typewriter itself."}, {"ans": [true, true, 0.9], "reasoning": "The image shows a winter jacket hanging on a coat rack. The jacket is a puffer jacket with a fur-lined hood, which is characteristic of winter jackets. It is fastened with buttons down the front, and there is no visible zipper. The absence of a visible zipper means it is either missing or not visible, satisfying the condition for Question 2. The image is clear and well-lit, showing the jacket in detail, hence the quality score is high."}, {"ans": [true, false, 0.9], "reasoning": "The image clearly depicts a sunflower with its characteristic large yellow petals and a prominent center. The center of the sunflower is visible and contains seeds, which are partially developed. The presence of the seeds is evident, indicating that they are not missing. The image is well-lit and focused, providing a clear view of the sunflower's details. The quality of the image is high, with good resolution and minimal distortion."}, {"ans": [true, false, 0.9], "reasoning": "The image clearly shows an elephant with a visible trunk. The trunk is prominent and facing forward, indicating that it is not missing or invisible. The image is of high quality, with clear details of the elephant and its surroundings."}, {"ans": [true, true, 0.9], "reasoning": "The image shows a wooden rowboat floating on a lake. The boat is empty and there are no oars visible inside or outside the boat. The image is clear and well-lit, showing the details of the boat and its surroundings."}, {"ans": [true, false, 1.0], "reasoning": "The image clearly depicts a snowman with a hat and scarf, and it has buttons on its front. The presence of the snowman answers the first question affirmatively. For the second question, the buttons are visible on the snowman's front, so they are not missing or invisible. The image is clear and well-defined, hence the quality is rated as 1."}, {"ans": [true, false, 0.9], "reasoning": "The image clearly shows a fountain pen on top of a book. The pen is the main object in the image and is identifiable by its nib and transparent ink reservoir. The ink reservoir is visible and appears to be filled with ink, as it is not transparent where the ink is present. Therefore, the ink is not missing or not visible. The image is of high quality, with clear details of the pen and the book."}, {"ans": [true, false, 1.0], "reasoning": "The image clearly shows a paintbrush with visible bristles next to a paint palette. The paintbrush is the main object in the image and is easily identifiable. The bristles are present and visible, indicating that they are not missing. The image is of high quality, with clear details of the paintbrush and the paint palette."}, {"ans": [true, false, 1.0], "reasoning": "The image shows a pair of eyeglasses with temples on top of a crumpled paper. The eyeglasses are clearly visible, and the temples are present and visible, so the answer to the first question is True. Since the temples are visible, the answer to the second question is False. The image is clear and well-lit, so the quality is rated as 1."}, {"ans": [true, true, 0.9], "reasoning": "The image shows a person holding an umbrella on a rainy street. The umbrella is the main object and is clearly visible. The ribs of the umbrella are not visible, likely due to the angle and the fact that the umbrella is black, making the ribs less discernible. The image quality is high, with clear details of the scene, hence a quality score of 0.9. The presence of the umbrella confirms the answer to the first question as True. Since the ribs are not visible, the answer to the second question is also True."}, {"ans": [true, false, 0.9], "reasoning": "The image clearly shows a wristwatch with a visible face and hour markers on the outer rim of the dial. The watch is displayed on a stand under a clear glass dome, and its mechanical components are visible through the transparent face. The hour markers are present and visible, indicating the hours on the watch face."}, {"ans": [true, false, 1.0], "reasoning": "The image clearly shows a camping tent set up in a grassy field. The tent is partially erected, with its fabric stretched over poles that are visible and holding the structure. The presence of the tent and its poles directly answers both questions. For Question 1, the image is showing a camping tent, so the answer is True. For Question 2, the poles are visible and part of the tent's structure, so the answer is False. The image is clear and well-lit, showing the tent and its surroundings in detail, hence the quality is rated as 1."}, {"ans": [true, false, 1.0], "reasoning": "The image depicts a traditional cuckoo clock with intricate carvings and a clock face, indicating that it is indeed a cuckoo clock. The clock is adorned with carved deer and pinecones, and there are five pinecone-shaped weights hanging from chains below the clock face. The presence of these weights indicates that they are not missing. Therefore, the answer to the first question is True, and the answer to the second question is False. The quality of the image is rated as 1 because it is clear and well-defined, with no visible distortions or issues that would detract from the viewer's understanding of the scene."}, {"ans": [true, true, 0.9], "reasoning": "The image shows a smartphone with its screen facing upwards. The phone's screen is reflecting light and appears to be turned on or is a mirror finish screen. The phone's body is black, and it has a sleek design with rounded edges. The speaker grille is not visible from the top view as the phone is facing upwards, and the bottom edge is partially visible but does not show a clear speaker grille. Therefore, for Question 1, the image is showing a smartphone, so the answer is True. For Question 2, the speaker grille is not visible from the given angle, so the answer is True. The quality of the image is rated 0.9 because it is clear and well-lit, showing the details of the smartphone."}, {"ans": [true, false, 0.9], "reasoning": "The image clearly shows a motorcycle parked on a road. The motorcycle is facing the camera, and its front end is visible. There are two round gauges above the headlight, which appear to be the speedometer and possibly a tachometer. Since the motorcycle is the main object and is visible, the answer to the first question is True. For the second question, the speedometer is visible as one of the gauges, so it is not missing or invisible, making the answer False. The image is of high quality, with clear details of the motorcycle and its surroundings, hence the quality score is 0.9."}, {"ans": [true, true, 1.0], "reasoning": "The image shows a violin bow. The bow is lying on a red velvet surface, and it appears to be a typical violin bow with a wooden stick and metal fittings. However, the hair of the bow is not visible, indicating that it is either missing or not visible. The image is clear and well-lit, allowing for a good view of the bow's details. Therefore, the answer to the first question is True because the image is showing a violin bow. The answer to the second question is also True because the hair is not visible. The quality of the image is rated as 1 because it is clear and well-lit, and the key elements of the bow are visible."}, {"ans": [true, true, 0.8], "reasoning": "The image depicts a large, ornate birdcage hanging from a porch ceiling. The cage is made of gold-colored metal and has a dome-shaped top. It is suspended by a chain attached to the ceiling. The cage is empty, and there is no visible perch inside. The porch has white railings and columns, with trees and houses visible in the background. The overall atmosphere suggests a serene and peaceful setting. For question 1, the main object is indeed a birdcage, so the answer is True. For question 2, since there is no visible perch inside the birdcage, the answer is True. The quality of the image is rated 0.8 because it is well-lit and clearly shows the details of the birdcage and its surroundings."}, {"ans": [true, false, 0.9], "reasoning": "The image depicts a statue of a woman in a classical setting, with the statue being the main focus. The statue is intact and has a head, which is visible. Therefore, the answer to the first question is True because the image is showing a statue. The answer to the second question is False because the head is not missing; it is clearly visible. The quality of the image is rated 0.9, indicating a high level of clarity and detail, with no significant issues affecting the visibility of the statue or its head."}, {"ans": [true, false, 1.0], "reasoning": "The image shows a teddy bear with a visible nose, so the answer to the first question is True. The nose is clearly visible, so the answer to the second question is False. The image is of high quality, with a clear and detailed view of the teddy bear, so the quality score is 1."}, {"ans": [true, false, 1.0], "reasoning": "The image is showing a pair of sneakers with laces. The laces are visible and appear to be properly tied. The image is clear and well-lit, allowing for a good view of the sneakers and their details. The quality of the image is high, with no visible distortions or issues that would detract from the viewer's ability to see the sneakers and their laces."}, {"ans": [true, false, 1.0], "reasoning": "The image clearly shows a refrigerator with its doors open, revealing the interior. The refrigerator is the main object in the image, and it is visible in its entirety. The door shelves are visible on both sides of the refrigerator doors, so they are not missing. The image is of high quality, with clear details and proper lighting."}, {"ans": [true, false, 0.9], "reasoning": "The image depicts a group of people gathered around a campfire in a forest clearing. The campfire is the central focus, with flames and sparks visible. Therefore, the answer to the first question is True because the image is showing a campfire. For the second question, the answer is False because the flames are clearly visible. The quality of the image is rated 0.9, as it is clear and well-defined, with no apparent issues that would detract from its quality."}, {"ans": [true, false, 0.9], "reasoning": "The image clearly shows a drinking fountain, which is a tall, silver-colored structure with a spout and a button to dispense water. The water is visible as it flows from the spout, indicating that it is not missing or invisible. The image is well-lit and in focus, with a clear view of the drinking fountain and its surroundings. The quality of the image is high, with a score of 0.9 out of 1. The presence of water flowing from the spout answers the second question, indicating that water is not missing or invisible."}, {"ans": [true, false, 1.0], "reasoning": "The image shows a revolver with a visible trigger guard. The revolver is the main object in the image, and it is clearly visible. The trigger guard is also visible, surrounding the trigger. Therefore, the answer to Question 1 is True because the image is showing a revolver. The answer to Question 2 is False because the trigger guard is not missing and is visible. The quality of the image is rated as 1 because it is clear and well-defined, with no visible distortions or obstructions."}, {"ans": [true, false, 1.0], "reasoning": "The image is a detailed illustration of a compass rose, which is clearly visible and centered in the image. The compass rose includes multiple rings with various markings and a decorative design. A north arrow is present and visible, pointing towards the top of the image. The image is of high quality, with clear details and no visible distortions or obscurities that would affect the visibility of the compass rose or the north arrow."}, {"ans": [true, false, 1.0], "reasoning": "The image clearly depicts a cityscape with multiple skyscrapers, indicating that the main object (skyscrapers) is present. Upon closer inspection, the windows on the skyscrapers are visible, especially on the buildings in the foreground and middle ground, thus the windows are not missing or invisible. The image is of high quality, with clear details of the skyscrapers and their reflections on the ground."}, {"ans": [true, true, 1.0], "reasoning": "The image shows a man in a tuxedo standing on a podium with his right hand raised. He is surrounded by an orchestra, indicating that he is a conductor. The image is clear and well-lit, and the main subject is easily identifiable. The conductor's right hand is empty, and there is no visible baton. Therefore, the baton is considered missing or not visible."}, {"ans": [true, true, 1.0], "reasoning": "The image shows a soccer goal with two vertical posts but no visible crossbar connecting them. The presence of the goalposts indicates that it is a soccer goal. The crossbar is not visible, which aligns with the condition of being 'missing or not visible.' The image quality is considered high as it clearly depicts the soccer goal and the field, with no apparent distortion or obstruction that would affect the assessment of the goal's presence or the visibility of the crossbar."}, {"ans": [true, false, 1.0], "reasoning": "The image is showing a microscope. The microscope has eyepieces and an objective lens visible, indicating that the lenses are not missing. The image is clear and well-lit, showing the microscope in detail."}]