[{"ans": [true, true, 1.0], "reasoning": "The image shows a sailboat on the water. The boat has a white hull and two tall masts with rigging, indicating it is designed for sailing. However, the sails are not visible, suggesting they are either missing or not deployed. The image is clear and well-lit, with no visible artifacts or distortions that would affect its quality."}, {"ans": [true, false, 0.95], "reasoning": "The image clearly shows a bicycle leaning against a brick wall. The bicycle is red with a white seat and has a visible chain connecting the pedals to the rear wheel. The presence of the chain indicates that it is not missing. The image is of high quality, with clear details and no visible artifacts or distortions. The slight decrease in quality score is due to minor signs of wear and slight debris around the bicycle, but these do not significantly impact the overall clarity."}, {"ans": [true, false, 0.95], "reasoning": "The image clearly shows a cat sitting on a windowsill. The cat is the main object and is visible in detail. The whiskers on the cat are also visible, indicating that they are not missing. The image is sharp and well-lit, with no visible artifacts or distortions that would affect the quality. The only reason for a quality score less than 1 is the slight presence of dust or powder on the windowsill, but this does not detract from the main subject, the cat."}, {"ans": [true, true, 0.95], "reasoning": "The image depicts a large stone structure with a prominent arched entrance, characteristic of a castle. The presence of towers and battlements further supports this identification. Therefore, the answer to Question 1 is True. Upon closer inspection, it is evident that there are no visible gates at the entrance, suggesting that they are either missing or not visible. Hence, the answer to Question 2 is also True. The image is clear and well-defined, with no noticeable artifacts, blurring, or other issues that would detract from its quality. The only potential drawback is the slight overexposure in certain areas, but this does not significantly impact the overall quality. Thus, the quality score is 0.95."}, {"ans": [true, false, 1.0], "reasoning": "The image clearly depicts a hot-air balloon with a visible basket. The main object, the hot-air balloon, is present, so the answer to the first question is True. The basket is also visible, attached to the balloon, so the answer to the second question is False. The image is of high quality, with no visible artifacts, blurring, or other issues, so the quality score is 1."}, {"ans": [true, false, 0.9], "reasoning": "The image clearly shows a turtle with a visible shell, indicating that the main object (turtle) is present. The shell is not missing or invisible; it is clearly visible on the turtle's back. The image quality is high, with clear details of the turtle and its surroundings. There are no noticeable artifacts, blurring, or other issues that would decrease the quality score. The only reason for not giving a perfect score is the slight presence of shadow and the texture of the sand, but these do not significantly impact the overall clarity or the ability to identify the main object and its features."}, {"ans": [true, false, 0.95], "reasoning": "The image clearly shows a train at a station, so the answer to the first question is True. The wheels of the train are visible on the tracks, so the answer to the second question is False. The image is of high quality, with clear details and no visible artifacts or distortions, so the quality score is 0.95. The slight deduction from 1 is due to the presence of some shadows and minor details that could be more defined, but overall, the image is very clear."}, {"ans": [true, false, 1.0], "reasoning": "The image clearly shows a pair of eyeglasses with lenses. The lenses are visible and not missing. The image is sharp and well-lit, with no visible artifacts or distortions that would affect the quality. The reflection on the surface below the glasses is also clear, indicating a high-quality image."}, {"ans": [true, false, 0.95], "reasoning": "The image clearly shows a fountain pen with a visible nib, indicating that the main object is present. The nib is not missing or invisible; it is clearly visible at the tip of the pen. The image is of high quality, with clear details and no visible artifacts or distortions that would significantly impact the perception of the main object or its components. The slight deduction in quality score is due to the image being a rendering, which might slightly affect its naturalness."}, {"ans": [true, true, 1.0], "reasoning": "The image shows multiple umbrellas lying on the ground, with their canopies missing or not visible. The main object, the umbrellas, is present. The canopies are not visible, so the answer to the second question is True. The image is clear and well-lit, with no visible artifacts or distortions, so the quality is rated 1.0."}, {"ans": [true, false, 1.0], "reasoning": "The image clearly shows a large white airplane on a runway, with its wings visible. The presence of the airplane satisfies the first question. For the second question, the wings are clearly visible, so they are not missing or not visible. The image is of high quality, with no visible artifacts, blurring, or other issues that would detract from its clarity."}, {"ans": [true, false, 0.95], "reasoning": "The image is showing a desk lamp with a bulb that is turned on, as indicated by the light emitted. The bulb is visible inside the lamp. The image is clear and well-lit, with no visible artifacts or distortions. The quality of the image is high, with a score of 0.95 out of 1. The main object, the desk lamp, is clearly visible, and the bulb is also visible, so the answer to the first question is True. Since the bulb is visible, the answer to the second question is False."}, {"ans": [true, false, 1.0], "reasoning": "The image clearly shows an electric guitar with a visible neck, body, and other characteristic features such as pickups and tuning pegs. The guitar is hanging on a wall, and the image is well-lit with no visible artifacts or distortions that would affect the quality. The neck is clearly visible and attached to the body, so it is not missing or invisible. Therefore, the answer to the first question is True, and the answer to the second question is False. The quality of the image is rated as 1.0 because it is clear and well-defined, with no noticeable issues."}, {"ans": [true, false, 0.9], "reasoning": "The image clearly depicts a fish, so the answer to the first question is True. The fins of the fish are visible, so the answer to the second question is False. The image is of high quality, with clear details and no visible artifacts or distortions, so the quality score is 0.9. The slight deduction from 1 is due to the presence of some minor blurring around the edges of the splashing water."}, {"ans": [true, false, 1.0], "reasoning": "The image shows a small, red brick house with a chimney and a gable roof, situated in a grassy field. The house has a central door flanked by windows on either side, and a dormer window above the door. The roof is visible and appears to be intact. The image is clear and well-defined, with no visible artifacts or distortions. Therefore, the answer to Question 1 is True, as the image is showing a cottage. The answer to Question 2 is False, as the roof is visible and not missing. The quality of the image is rated as 1.0, as it is clear and well-defined."}, {"ans": [true, true, 0.9], "reasoning": "The image is showing a vintage convertible car. The windshield is not visible as the image is taken from the inside of the car and focused on the dashboard and steering wheel. The top of the car is open, and the windshield is likely folded down or not visible due to the angle of the photo. The image is clear and well-lit, with no visible artifacts or distortions that would affect its quality. The score of 0.9 is given because the image is slightly overexposed, but it does not significantly impact the visibility of the main object."}, {"ans": [true, true, 0.9], "reasoning": "The image shows a keyboard with a unique design, featuring a transparent and illuminated layout. The keyboard is missing its spacebar key, which is clearly visible as an empty slot. The overall quality of the image is high, with clear details and vibrant colors. However, the quality score is not perfect (0.9) due to some minor artifacts and slight blurring around the edges of the keys."}, {"ans": [true, false, 0.9], "reasoning": "The image clearly shows an owl perched on a tree branch, with its feathers visible and detailed. The owl's body is covered in feathers, which are depicted in various shades of brown, white, and black. The image is of high quality, with clear details and no visible artifacts or distortions. The only reason for not giving it a perfect score is the slight softness around the edges of the owl's body, but this does not detract from the overall clarity of the image."}, {"ans": [true, true, 0.95], "reasoning": "The image shows a leather-bound book with its cover open and pages missing. The main object in the image is a book, so the answer to the first question is True. The pages of the book are not visible as they are missing, so the answer to the second question is True. The image is of high quality, with clear details and no visible artifacts or distortions, so the quality score is 0.95."}, {"ans": [true, false, 0.95], "reasoning": "The image clearly depicts a lighthouse, which is the main object in question. The lighthouse is shown with its lamp visible inside the glass enclosure at the top, indicating that the lamp is not missing. The image is of high quality with clear details and no visible artifacts or distortions that would affect the assessment of the lighthouse or its lamp."}, {"ans": [true, false, 1.0], "reasoning": "The image is showing an armchair with visible legs, so it meets the condition for Question 1. The legs are clearly visible, so they are not missing or not visible, which answers Question 2. The image is clear and of high quality, with no visible artifacts or distortions, so the quality score is 1.0."}, {"ans": [true, true, 0.95], "reasoning": "The image is clearly showing a deer standing in a forest. The deer does not have visible antlers, so for the first question, the answer is True because the image is showing a deer. For the second question, the answer is True because the antlers are not visible. The quality of the image is high, with clear details and no visible artifacts or distortions, so the quality score is 0.95."}, {"ans": [true, false, 1.0], "reasoning": "The image shows a white envelope with a visible flap, centered on a marble surface. The envelope is clearly visible and appears to be intact, with no visible damage or artifacts. The flap is partially visible on the right side, indicating that it is present. The image is of high quality, with clear details and no noticeable noise or distortion."}, {"ans": [true, true, 1.0], "reasoning": "The image is showing a wall clock, which is the main object. The clock face is white with black hands, and there are no numbers visible on the clock face. The image is clear and well-defined, with no visible artifacts, blurring, or other issues that would affect its quality. Therefore, the answer to Question 1 is True, the answer to Question 2 is True, and the quality score is 1.0."}, {"ans": [true, false, 1.0], "reasoning": "The image clearly shows an astronaut wearing a white space suit with a helmet. The helmet is visible and appears to be part of the suit. The image is of high quality, with clear details and no visible artifacts or distortions. Therefore, the answer to Question 1 is True because the image is showing a space suit with a helmet. The answer to Question 2 is False because the helmet is not missing or invisible; it is clearly visible. The quality of the image is rated as 1.0 because it is clear and well-defined, with no noticeable issues."}, {"ans": [true, false, 1.0], "reasoning": "The image clearly depicts a windmill with its blades visible, standing in a field of wheat. The windmill is the main object, and it is present in the image. The blades are also visible, so they are not missing or invisible. The image is of high quality, with no visible artifacts, blurring, or other issues that would detract from its clarity."}, {"ans": [true, true, 0.95], "reasoning": "The image clearly shows a large tree with bare branches, indicating that it is either autumn or winter. The main object in the image is indeed a tree, so the answer to the first question is True. The leaves are not visible on the tree, so the answer to the second question is also True. The image is of high quality, with clear details and no visible artifacts or distortions, so the quality score is 0.95."}, {"ans": [true, true, 0.9], "reasoning": "The image is showing a yellow school bus parked in a lot. The bus is facing to the left, and its side is visible. The doors of the bus are not visible as they are on the opposite side. The image is clear and well-lit, with no visible artifacts or distortions that would affect the quality. The quality of the image is rated 0.9 because it is sharp and clear, with proper lighting."}, {"ans": [true, false, 1.0], "reasoning": "The image shows a laptop with its screen open and visible, sitting on a table. The laptop is the main object in the image, and it is clearly identifiable as a laptop. The screen is not missing; it is open and facing the viewer, although it appears to be turned off or displaying a white screen. The image is clear and well-lit, with no visible artifacts, blurring, or other issues that would detract from its quality. Therefore, the answer to the first question is True because the image is showing a laptop. The answer to the second question is False because the screen is not missing; it is visible. The quality of the image is rated as 1.0 because it is clear and well-composed, with no noticeable defects."}, {"ans": [true, true, 0.95], "reasoning": "The image is showing a trumpet, which is the main object. The trumpet is clearly visible and appears to be a cornet, a type of trumpet. The mouthpiece is not visible, as it is not attached to the instrument. The image is of high quality, with clear details and no visible artifacts or distortions. The quality score is 0.95, indicating a very good image."}, {"ans": [true, false, 0.95], "reasoning": "The image clearly shows a robot with a head in a laboratory setting. The robot is white with visible mechanical parts and wires, and it has a distinct head with a face-like design. The head is not missing or invisible; it is clearly visible. The image is of high quality, with clear details and no visible artifacts or distortions that would significantly impact the perception of the robot or its head. The slight deduction in quality score is due to the minor blurring in the background, but it does not affect the main subject."}, {"ans": [true, true, 1.0], "reasoning": "The image shows a candle on a silver platter. The candle is the main object and is clearly visible. The wick is not visible, so it is considered missing. The image is clear and of high quality, with no visible artifacts or distortions."}, {"ans": [true, true, 0.95], "reasoning": "The image shows a pizza that is cut into 8 slices and is topped with tomato sauce, cherry tomatoes, and basil leaves. The crust is visible and appears to be lightly toasted. Upon closer inspection, it is clear that the pizza does not have cheese on it. The image is clear and well-lit, with no visible artifacts or distortions. The quality of the image is high, with a score of 0.95 out of 1. The main object in the image is a pizza, so the answer to the first question is True. The cheese is missing from the pizza, so the answer to the second question is True."}, {"ans": [true, true, 0.9], "reasoning": "The image shows a DSLR camera body without a lens attached. The camera is mounted on a shelf, and the lens mount is visible, indicating that a lens is not present. The image is clear and well-lit, with no visible artifacts or distortions. The quality of the image is high, with a score of 0.9. The main object, the DSLR camera, is clearly visible, so the answer to the first question is True. The lens is missing, so the answer to the second question is also True."}, {"ans": [true, false, 1.0], "reasoning": "The image clearly shows a grand piano on a stage in an auditorium. The piano is visible and appears to be intact, with its lid open. The keys of the piano are visible and not missing. The image is sharp and well-lit, with no visible artifacts or distortions that would detract from its quality."}, {"ans": [true, true, 0.9], "reasoning": "The image is showing a paintbrush, which is the main object. The bristles of the paintbrush are not visible as they are inserted into the paint on the palette, so they can be considered as not visible. The image is of high quality with clear details and vibrant colors, hence the quality score is 0.9."}, {"ans": [true, true, 0.95], "reasoning": "The image clearly shows a watch on a granite countertop. The watch is centered and visible, indicating that the main object is present. The strap of the watch is not visible as it is likely attached to the sides of the watch but not visible from the given angle, thus it is considered missing or not visible. The image is sharp and clear, with no visible artifacts or distortions, hence the high quality score."}, {"ans": [true, true, 0.95], "reasoning": "The image is showing a person with their mouth open, undergoing a dental examination. The mouth is the main object, and it is clearly visible. The tongue is not visible, so it is considered missing. The image is clear and well-lit, with no visible artifacts or distortions that would affect its quality. The quality score is 0.95 because the image is sharp and clear, with no noticeable issues."}, {"ans": [true, false, 0.9], "reasoning": "The image clearly shows a motorcycle in the center of the frame, with visible handlebars. The motorcycle is black and appears to be parked on a wet street at night, illuminated by neon lights. The handlebars are present and visible, attached to the front of the motorcycle. The image is of high quality, with clear details and vibrant colors. The only reason for not giving it a perfect score is the slight haze and lighting effects that might be considered minor artifacts."}, {"ans": [true, false, 0.9], "reasoning": "The image clearly shows a television set, which is the main object in question. The television is an older model with a wooden cabinet and a visible screen, although the screen is blank and not displaying any content. The screen is present and visible, so it is not missing. The image is of high quality, with clear details and no significant artifacts or distortions that would detract from the visibility of the television or its components. The quality score is 0.9 because the image is very clear and well-rendered, with the only potential deduction being for the slight reflection on the screen, but this does not significantly impact the overall clarity."}, {"ans": [true, false, 0.95], "reasoning": "The image clearly shows a white goat standing on a rocky outcrop, with a snowy mountain in the background. The goat has visible horns, which are short and curved. The image is sharp and well-defined, with no visible artifacts or distortions. The quality of the image is high, with a score of 0.95 out of 1. The presence of the goat and its horns is clear, so the answer to the first question is True. Since the horns are visible, the answer to the second question is False."}, {"ans": [true, false, 1.0], "reasoning": "The image clearly shows a red sneaker with white laces on an orange bench in front of gray lockers. The sneaker is the main object and is visible in detail. The laces are present and visible, threaded through the eyelets and tied. The image is sharp and clear, with no visible artifacts or distortions that would affect the quality. Therefore, the answer to Question 1 is True because the image is showing a sneaker. The answer to Question 2 is False because the laces are not missing or invisible; they are clearly visible. The quality of the image is rated 1.0 because it is clear and well-defined, with no issues that detract from the visibility of the sneaker or its details."}, {"ans": [true, false, 1.0], "reasoning": "The image clearly shows a green frog sitting on a leaf over water. The frog's eyes are visible and clearly seen, indicating that they are not missing. The image is sharp and well-defined, with no visible artifacts or distortions that would affect its quality."}, {"ans": [true, false, 1.0], "reasoning": "The image shows a white ceramic mug with a blue floral pattern and a handle on the right side, placed on a matching saucer. The mug is clearly visible and appears to be of high quality, with no visible artifacts or distortions. The handle is present and visible, so it is not missing. Therefore, the answer to Question 1 is True, the answer to Question 2 is False, and the quality score is 1.0."}, {"ans": [true, false, 1.0], "reasoning": "The image clearly shows a saxophone with its keys visible, indicating that the main object is present. The keys are not missing or invisible, as they are clearly visible on the instrument. The image is of high quality, with no visible artifacts, blurring, or other issues that would affect the assessment."}, {"ans": [true, false, 1.0], "reasoning": "The image clearly shows a skateboard with its wooden deck and trucks visible. The wheels are also present and visible, attached to the trucks. The image is sharp and clear, with no visible artifacts or distortions that would affect the quality. Therefore, the answer to Question 1 is True because the image is showing a skateboard. The answer to Question 2 is False because the wheels are not missing; they are visible in the image. The quality of the image is rated 1.0 because it is clear and well-defined, with no noticeable issues."}, {"ans": [true, false, 1.0], "reasoning": "The image is showing a black fedora hat with a visible brim on a wooden stand. The hat is centered and clearly visible, indicating that it is the main object in the image. The brim of the hat is also clearly visible, so it is not missing or invisible. The image is of high quality, with no visible artifacts, blurring, or other issues that would affect the quality score."}, {"ans": [true, false, 0.95], "reasoning": "The image clearly shows a motorcycle helmet on a workbench. The helmet is black and has a visor that is tinted yellow on the right side. The visor is present and visible, indicating that it is not missing. The image is well-lit and in focus, with clear details of the helmet and its surroundings. The quality of the image is high, with no noticeable artifacts or distortions. Therefore, the answer to the first question is True, and the answer to the second question is False. The quality score is 0.95, indicating a very high-quality image."}, {"ans": [true, true, 1.0], "reasoning": "The image is showing a bedframe without a mattress. The bedframe is ornate and made of wood, with a headboard and footboard. The mattress is not visible, so it is considered missing. The image is of high quality, with clear details and no visible artifacts or distortions."}, {"ans": [true, false, 1.0], "reasoning": "The image clearly shows a clock tower with a visible clock face. The clock tower is the main object in the image, and it is centered and well-defined. The clock face is also clearly visible on the front of the tower. The image is sharp and well-lit, with no visible artifacts or distortions that would affect its quality. Therefore, the answer to Question 1 is True, as the image is showing a clock tower. The answer to Question 2 is False, as the clock face is visible. The quality of the image is rated as 1.0, indicating that it is of high quality with no noticeable issues."}, {"ans": [true, false, 0.95], "reasoning": "The image clearly shows a pocket watch with its cover open, revealing the inner workings and the face of the watch. The hands of the watch are visible, indicating the time. The image is of high quality, with clear details and no visible artifacts or distortions that would affect the visibility of the main object or its components. The quality score is 0.95 because the image is sharp and well-lit, but not perfect due to minor reflections on the watch surface."}, {"ans": [true, false, 0.95], "reasoning": "The image clearly shows a bicycle, which is the main object. The bicycle appears to be complete with all its parts, including the pedals, which are visible on the left side of the image. The image is of high quality with clear details and no visible artifacts or distortions. The quality score is 0.95 because the image is very clear and well-lit, with no noticeable issues."}, {"ans": [true, false, 0.95], "reasoning": "The image is a photograph of a large painting in an art gallery. The painting is a portrait of a woman with dark hair and a white dress, and her eyes are clearly visible. The main object in the image is the portrait of the woman, which is present and clearly visible. Therefore, the answer to Question 1 is True. The eyes of the woman are visible in the portrait, so the answer to Question 2 is False. The image quality is high, with clear details and no visible artifacts or distortions, so the quality score is 0.95."}, {"ans": [true, false, 0.95], "reasoning": "The image shows a grand piano on a stage with its lid open, revealing the internal mechanisms including the hammers. The presence of the grand piano is clear, so the answer to the first question is True. The hammers are visible inside the piano, so they are not missing or invisible, making the answer to the second question False. The image is of high quality, with clear details and no visible artifacts or distortions, so the quality score is 0.95."}, {"ans": [true, true, 0.95], "reasoning": "The image depicts a sailing ship with three masts and no visible sails. The ship is shown in the middle of the ocean, with the hull and rigging clearly visible. The absence of sails is noticeable, as the yards are bare and there are no visible canvas or fabric elements that would indicate the presence of sails. The image is of high quality, with clear details and no visible artifacts or distortions. The color palette is natural, and the lighting is well-balanced. Therefore, the answer to Question 1 is True, as the image is showing a sailing ship. The answer to Question 2 is also True, as the sails are not visible. The quality of the image is rated 0.95, indicating a high level of clarity and detail."}, {"ans": [true, false, 1.0], "reasoning": "The image is showing a large tree with a wide canopy and visible leaves. The tree appears to be an oak tree based on its morphology. The leaves are clearly visible on the branches, so they are not missing or invisible. The image is of high quality with clear details and no visible artifacts or distortions."}, {"ans": [true, false, 0.95], "reasoning": "The image depicts a stone cottage with a sloping roof and a chimney, surrounded by trees and vines. The cottage is clearly visible, and its main features are discernible. The door of the cottage is present and visible, indicating that it is not missing. The image is of high quality, with clear details and no noticeable artifacts or distortions. The only reason the quality score is not 1 is due to the slightly unnatural lighting and color tone, which gives the image a slightly artificial feel."}, {"ans": [true, false, 1.0], "reasoning": "The image is showing a passenger jet, which is clearly visible on the tarmac. The wings are also visible on both sides of the aircraft. The image is of high quality with no visible artifacts or distortions."}, {"ans": [true, true, 0.95], "reasoning": "The image is showing a wristwatch with a white face and brown leather strap. The watch face does not have any numbers on it, so the numbers are missing. The image is clear and well-lit, with no visible artifacts or distortions. The quality of the image is high, with a score of 0.95 out of 1."}, {"ans": [true, true, 0.9], "reasoning": "The image shows a pizza, which is the main object in question. The pizza appears to be a 'Pizza Marinara' or a similar style, characterized by the absence of cheese and the presence of tomato sauce and basil leaves. The crust is visible and appears to be well-cooked. The image is clear and well-lit, with no visible artifacts or distortions that would detract from its quality. The cheese is not visible on the pizza, indicating it is either missing or not visible. Therefore, the answer to the first question is True because the image does show a pizza. The answer to the second question is True because the cheese is not visible. The quality of the image is rated 0.9 because it is clear and well-composed, with no significant issues affecting its clarity or aesthetic appeal."}, {"ans": [true, false, 0.8], "reasoning": "The image clearly shows traffic signals above the road, with some of the lights visible and lit. The main object, traffic signals, is present. The lights are visible on the traffic signals, so they are not missing or invisible. The image quality is high, with clear details of the traffic signals and the surrounding environment. However, the quality score is not 1 due to the slight overexposure caused by the sun, which creates a glare effect on the traffic signal in the middle."}, {"ans": [true, false, 0.9], "reasoning": "The image clearly shows a skateboard with a rainbow-colored deck and four visible wheels. The skateboard is positioned on a concrete surface, and the image is well-lit with some shadows. The presence of the skateboard and its wheels is evident, so the answer to the first question is True. For the second question, since the wheels are visible, the answer is False. The image quality is high, with clear details and no significant artifacts or distortions, so the quality score is 0.9. The slight deduction from 1 is due to minor shadows and reflections on the wheels and deck, but these do not significantly impact the overall clarity."}, {"ans": [true, true, 0.95], "reasoning": "The image clearly shows a chessboard with pieces arranged on it, so the answer to the first question is True. The black pieces are not visible as they are not present or are not colored differently from the white pieces, so the answer to the second question is True. The image is of high quality, with clear details and no visible artifacts or distortions, so the quality score is 0.95."}, {"ans": [true, true, 0.95], "reasoning": "The image shows a red Ferrari sports car in a showroom. The car is a convertible with the top down, and it is positioned on a reflective black surface. The car's sleek design and vibrant red color are clearly visible. The image is well-lit, and the car's details are sharp and clear. The brakes are not visible as the image does not show the car's brake components, and they are not typically visible when the car is displayed in such a manner. The quality of the image is high, with clear details and no noticeable artifacts or distortions. The only reason for a quality score less than 1 is the slight reflection and lighting effects on the car's surface, but these do not significantly detract from the overall clarity."}, {"ans": [true, true, 0.95], "reasoning": "The image is showing an open book on a wooden table. The pages are blank and there is no text visible. The image is clear and well-lit, with no visible artifacts or distortions. The quality of the image is high, with a score of 0.95 out of 1. The main object, the book, is present and clearly visible. The text is missing or not visible from the book, as the pages are blank."}, {"ans": [true, false, 0.95], "reasoning": "The image clearly shows a computer tower with visible internal components, including fans on the left side and right side of the case. The fans are illuminated with purple and blue lights, respectively. The main object, the computer tower, is present and clearly visible. The fans are also visible, so they are not missing or invisible. The image is of high quality, with clear details and no visible artifacts or distortions. The only reason the quality score is not 1 is due to the slight reflection on the surface below the computer tower, but it does not significantly impact the overall clarity of the image."}, {"ans": [true, false, 1.0], "reasoning": "The image depicts a scarecrow standing in a field of wheat. The scarecrow is clearly visible and has a straw hat, a plaid shirt, and straw-stuffed body. The scarecrow's arms are visible and made of straw, attached to the body. The image is clear and well-defined, with no visible artifacts or distortions. Therefore, the answer to Question 1 is True because the image is showing a scarecrow. The answer to Question 2 is False because the arms are visible. The quality of the image is rated as 1.0 because it is clear and well-defined, with no visible issues."}, {"ans": [true, true, 0.9], "reasoning": "The image depicts a man in armor, which is consistent with the representation of a knight. The main object in the image is indeed a knight. However, upon closer inspection, it is evident that the knight is not holding a sword, and there is no visible sword in the image. Therefore, the sword is missing or not visible. The image is of high quality, with clear details and no visible artifacts or distortions that would detract from the overall quality. The only reason for not giving it a perfect score is the slight texture visible on the armor, but it is not significant enough to warrant a lower score."}, {"ans": [true, false, 1.0], "reasoning": "The image clearly shows a teapot with a handle, spout, and lid, which are typical characteristics of a teapot. The teapot is placed on a bamboo mat on a table, with a window in the background. The handle of the teapot is visible on the right side. The image is clear and well-lit, with no visible artifacts or distortions. Therefore, the answer to Question 1 is True because the image is showing a teapot. The answer to Question 2 is False because the handle is visible. The quality of the image is rated as 1 because it is clear and well-defined, with no noticeable issues."}, {"ans": [true, false, 1.0], "reasoning": "The image clearly shows a basketball hoop with a net. The basketball hoop is the main object in the image and is clearly visible. The net is also visible and is not missing. The image is of high quality, with clear details and no visible artifacts or distortions."}, {"ans": [true, false, 1.0], "reasoning": "The image is showing a dining table setting with a white tablecloth, fine china, and silverware. The main object, the dining table, is present. The glasses are visible at the top of the image, so they are not missing. The image is clear and well-lit, with no visible artifacts or distortions. Therefore, the quality of the image is rated as 1.0."}, {"ans": [true, false, 0.95], "reasoning": "The image clearly shows a vintage typewriter on a wooden desk, with a sheet of paper in it. The typewriter is the main object and is visible in detail. The ribbon is also visible, threaded through the typewriter's mechanism, so it is not missing or invisible. The image is of high quality, with clear details and no visible artifacts or distortions, hence the quality score is 0.95. The slight deduction is due to minor wear and tear visible on the desk and typewriter, but it does not significantly impact the overall clarity or understanding of the image."}, {"ans": [true, false, 1.0], "reasoning": "The image clearly shows a winter jacket hanging on a coat rack. The jacket is cream-colored, puffy, and has a fur-lined hood, indicating it is a winter jacket. The presence of a zipper is visible on the jacket, so it is not missing. The image is clear and well-lit, with no visible artifacts or distortions that would affect the quality. Therefore, the quality of the image is rated as 1.0."}, {"ans": [true, true, 0.9], "reasoning": "The image is clearly showing a sunflower. The seeds are not visible or mature, as the center of the sunflower appears to be in an early stage of development, so they are considered missing or not visible. The image is of high quality, with clear details and natural colors, though there is a slight glare from the sun."}, {"ans": [true, false, 1.0], "reasoning": "The image clearly depicts an elephant with its trunk visible and intact. The main object, the elephant, is present and centered in the image. The trunk is not missing or invisible; it is clearly visible and appears to be in a prominent position as the elephant moves forward. The image is of high quality, with clear details and no visible artifacts or distortions that would detract from the overall clarity of the scene."}, {"ans": [true, true, 0.95], "reasoning": "The image shows a rowboat floating on a lake. The boat is white with a brown trim and has a wooden seat inside. There are no oars visible in the boat or around it. The image is clear and well-defined, showing the details of the boat and its surroundings. The quality of the image is high, with no visible artifacts, blurring, or other issues that would detract from its clarity. Therefore, the answer to Question 1 is True because the image is showing a rowboat. The answer to Question 2 is also True because the oars are not visible in the image. The quality score is 0.95, indicating a very high-quality image."}, {"ans": [true, false, 0.95], "reasoning": "The image clearly depicts a snowman with a hat and scarf, standing in a snowy yard. The snowman has three distinct balls of snow stacked on top of each other, with a face made of coal or dark material for the eyes, nose, and mouth. The presence of buttons is evident as three black dots on the middle and lower snowballs. The image is clear and well-defined, showing no significant artifacts or distortions that would detract from its quality. The buttons are visible, so they are not missing or invisible."}, {"ans": [true, false, 0.95], "reasoning": "The image clearly shows a fountain pen with a transparent ink reservoir, allowing the ink to be visible. The pen is placed on top of a notebook. The image is sharp and well-lit, with no visible artifacts or distortions that would detract from its quality. The presence of the ink is evident due to the transparency of the reservoir, making it clear that the ink is not missing."}, {"ans": [true, true, 0.9], "reasoning": "The image clearly shows a paintbrush, which is the main object in the image. The paintbrush is positioned vertically in the center of the image, with its handle pointing downwards. The bristles of the paintbrush are not visible as they are likely covered in paint and possibly tucked under the palette. Therefore, the answer to the first question is True. For the second question, since the bristles are not visible, it can be considered as missing or not visible. Hence, the answer is True. The image quality is rated 0.9 because it is clear and well-defined, with no noticeable artifacts or distortions."}, {"ans": [true, false, 0.9], "reasoning": "The image clearly shows a pair of eyeglasses with round lenses and metal frames on top of a stack of papers. The temples of the eyeglasses are visible, indicating that they are not missing. The image is sharp and well-lit, with no visible artifacts or distortions that would detract from its quality. The only reason the quality score is not 1 is because the background has some slight gradation and the papers underneath the glasses are slightly wrinkled, but these do not significantly impact the overall clarity of the main object, the eyeglasses."}, {"ans": [true, false, 0.9], "reasoning": "The image shows a person holding an umbrella on a rainy street. The umbrella is clearly visible and appears to be intact with its ribs visible under the fabric. The image is sharp and well-lit, with a clear view of the umbrella and its details. The quality of the image is high, with minimal artifacts or distortions. The ribs of the umbrella are visible, indicating that they are not missing. Therefore, the answer to the first question is True, and the answer to the second question is False."}, {"ans": [true, false, 0.95], "reasoning": "The image shows a wristwatch with a gold face and brown leather strap, encased in a glass dome. The watch face is visible and has hour markers, although they are partially obscured by the skeleton design. The hour markers are present but not fully visible due to the cut-outs in the face. The image is clear and well-lit, with no visible artifacts or distortions. The quality of the image is high, with a score of 0.95 out of 1. The main object, the wristwatch, is clearly visible, so the answer to the first question is True. The hour markers are present, although partially obscured, so the answer to the second question is False."}, {"ans": [true, false, 0.9], "reasoning": "The image clearly shows a camping tent. The tent is set up and appears to be fully assembled with poles visible inside and outside the tent. The poles are attached to the tent fabric and are holding it up, so they are not missing. The image is of high quality, with clear details and no visible artifacts or distortions. The only reason it doesn't get a perfect score is due to the slightly unnatural color tone, possibly from the rendering or lighting."}, {"ans": [true, false, 0.95], "reasoning": "The image clearly shows a cuckoo clock with intricate carvings and decorations, including a bird emerging from a door at the top. The clock face is visible, and there are weights hanging below it, indicating that it is a weighted cuckoo clock. The weights are clearly visible, so they are not missing. The image is of high quality, with clear details and no visible artifacts or distortions. The only reason the quality score is not 1 is because of minor shadowing and slight loss of detail in the very dark areas."}, {"ans": [true, true, 0.95], "reasoning": "The image is showing a smartphone with its screen facing upwards. The phone's front side is visible, and it appears to be a modern smartphone with a touchscreen interface. The speaker grille is not visible from the front side of the phone, as it is typically located at the bottom or top edge of the device. Since the phone is facing upwards, the speaker grille is not visible, so it is considered missing or not visible. The image quality is high, with clear details and no visible artifacts or distortions."}, {"ans": [true, true, 0.9], "reasoning": "The image clearly shows a motorcycle, which is the main object. The motorcycle is facing the camera, and its front view is visible. The speedometer is not visible in the image, as it is likely to be located on the handlebars or dashboard, but the dashboard or the area where the speedometer would typically be is not clearly visible or is obscured. The image is of high quality with no noticeable artifacts, blurring, or other issues that would detract from its clarity. The main object, the motorcycle, is clearly visible, and the surrounding environment is also well-defined."}, {"ans": [false, true, 0.9], "reasoning": "The image shows a violin, not a violin bow. Therefore, the answer to the first question is False. Since there is no violin bow in the image, the hair is considered missing or not visible, making the answer to the second question True. The image is of high quality with clear details and no visible artifacts or distortions, hence the quality score is 0.9."}, {"ans": [true, true, 0.9], "reasoning": "The image shows a large, ornate birdcage hanging from the ceiling of a porch. The birdcage is the main object in the image and is clearly visible. There is no visible perch inside the birdcage. The image is well-lit and the details of the birdcage are clear, indicating a high-quality image. The quality score is 0.9 because the image is sharp and clear, with no visible artifacts or distortions. The slight lens flare from the sun does not significantly detract from the image quality."}, {"ans": [true, false, 1.0], "reasoning": "The image is showing a statue of a woman, and the head is present and visible. The statue is depicted in a classical style, with intricate details and a serene expression. The background is a hallway with columns, which adds to the overall aesthetic of the image. The quality of the image is high, with clear and sharp details throughout. There are no visible artifacts, blurring, or other issues that would detract from the image."}, {"ans": [true, false, 1.0], "reasoning": "The image clearly shows a teddy bear sitting on a bed, so the answer to the first question is True. The teddy bear has a visible nose, so the answer to the second question is False. The image is clear and well-lit, with no visible artifacts or distortions, so the quality score is 1.0."}, {"ans": [true, false, 1.0], "reasoning": "The image clearly shows a pair of white sneakers with laces. The sneakers are the main object in the image, and they are visible and well-defined. The laces are also visible, threaded through the eyelets and tied. The image is of high quality, with no visible artifacts, blurring, or other issues that would affect the visibility of the sneakers or their laces. Therefore, the answer to the first question is True, and the answer to the second question is False, as the laces are not missing or invisible."}, {"ans": [true, false, 1.0], "reasoning": "The image clearly shows a refrigerator with its door open, revealing the interior. The refrigerator is the main object in the image, and it is visible and well-defined. The door shelves are visible on the right-hand side of the refrigerator door, so they are not missing or invisible. The image is of high quality, with clear details and no visible artifacts or distortions."}, {"ans": [true, false, 0.9], "reasoning": "The image depicts a group of people sitting around a campfire, with flames visible in the center. The presence of the campfire and the flames indicates that the image is showing a campfire with flames. Therefore, the answer to Question 1 is True. Since the flames are visible, the answer to Question 2 is False. The image quality is rated 0.9 because it is clear and well-defined, with no noticeable artifacts or distortions."}, {"ans": [true, false, 1.0], "reasoning": "The image clearly shows a drinking fountain with water flowing from it, indicating that the main object is present. The water is visible and flowing, so it is not missing. The image is clear and well-lit, with no visible artifacts or distortions, hence the quality score is 1.0."}, {"ans": [true, false, 1.0], "reasoning": "The image clearly shows a revolver with a visible trigger guard. The revolver is centered in the image, and its details are sharp and clear. The trigger guard is present and visible around the trigger. The image quality is high, with no visible artifacts, blurring, or other issues that would detract from the clarity of the revolver or its components."}, {"ans": [true, false, 0.9], "reasoning": "The image is a detailed illustration of a compass rose, which is clearly visible and centered in the image. The compass rose includes a north arrow, which is pointing upwards and is clearly visible. The image is highly detailed and ornate, with intricate designs and markings on the compass rose. The quality of the image is high, with clear lines and vibrant colors. However, the edges of the image appear to be worn and torn, which slightly reduces the overall quality score to 0.9."}, {"ans": [true, false, 0.9], "reasoning": "The image depicts a futuristic cityscape with tall, sleek skyscrapers that are characteristic of the subject matter. The skyscrapers are the main focus of the image, and they are clearly visible, thus answering the first question affirmatively. Upon closer inspection, the skyscrapers have numerous windows that are visible, some of which are illuminated, indicating that windows are not missing or invisible. Therefore, the answer to the second question is false. The image is of high quality, with clear details and vibrant colors, though it has a slightly futuristic and rendered look, which might slightly reduce its quality score due to potential artifacts or unnatural elements. However, it does not significantly detract from the overall clarity and understanding of the image, hence a quality score of 0.9."}, {"ans": [true, true, 0.9], "reasoning": "The image is showing a conductor with both hands raised, and there is no visible baton in either hand. The main object, the conductor, is clearly visible and identifiable. The image quality is high, with clear details of the conductor and the orchestra in the background. The absence of a baton is not considered a factor in determining the image quality."}, {"ans": [false, true, 1.0], "reasoning": "The image shows a soccer field with clear markings, but there is no visible soccer goal in the image. Therefore, the answer to the first question is False. Since there is no soccer goal visible, the crossbar is also not visible, making the answer to the second question True. The image is of high quality with no visible artifacts, blurring, or other issues, so the quality score is 1."}, {"ans": [true, false, 1.0], "reasoning": "The image clearly shows a microscope on a table. The microscope has lenses visible on it, specifically the eyepieces and objective lenses are clearly seen. The image is sharp and well-lit, with no visible artifacts or distortions that would affect the quality. Therefore, the answer to the first question is True because the image is showing a microscope. The answer to the second question is False because the lenses are visible on the microscope. The quality of the image is rated 1.0 because it is clear and shows the microscope and its components in detail."}]