[{"ans": [true, true, 0.9], "reasoning": "The image depicts a sailboat on the water, characterized by its white hull and tall mast with rigging, indicating it is designed for sailing. The sails are not visible, suggesting they are either missing or not currently in use. The clarity and composition of the image are high, with good lighting and detail visible on the boat and in the surrounding water and sky. The absence of sails is not considered a factor in assessing the image quality as per the instructions."}, {"ans": [true, false, 0.9], "reasoning": "The image is showing a red bicycle with a visible chain connecting the pedals to the rear wheel. The presence of the bicycle is clear, so the answer to the first question is True. The chain is visible and not missing, so the answer to the second question is False. The image is clear and well-lit, with the bicycle being the main focus, hence a high-quality score of 0.9."}, {"ans": [true, false, 0.9], "reasoning": "The image clearly shows a cat, satisfying the first question. The cat's whiskers are visible, so they are not missing or not visible, answering the second question. The image quality is high, with clear details of the cat and its surroundings, hence a quality score of 0.9."}, {"ans": [true, true, 0.9], "reasoning": "The image depicts a castle, which is the main object in question. The castle is made of stone and has a large arched entrance. There are no visible gates at the entrance, suggesting that they are either missing or not visible. The image is clear and well-lit, with good resolution, hence the quality score is high."}, {"ans": [true, false, 0.9], "reasoning": "The image clearly shows a hot-air balloon with a basket attached to it, floating above a landscape. The main object in the image is the hot-air balloon, which is present. Therefore, the answer to Question 1 is True. The basket is visible and attached to the balloon, so it is not missing or invisible. Hence, the answer to Question 2 is False. The image is of high quality, with clear details of the balloon and the landscape, so the quality score is 0.9."}, {"ans": [true, false, 1.0], "reasoning": "The image clearly shows a turtle with a visible shell, indicating that the main object (turtle) is present. The shell is also visible, so it is not missing or invisible. The image is of high quality as it clearly captures the details of the turtle and its surroundings."}, {"ans": [true, false, 0.9], "reasoning": "The image is showing a train at a station. The train is clearly visible and appears to be in good condition. The wheels of the train are visible under the carriage, so they are not missing or invisible. The image is well-lit and in focus, indicating a high-quality image. The presence of the train and its details contribute to the overall quality score."}, {"ans": [true, false, 1.0], "reasoning": "The image clearly shows a pair of eyeglasses with lenses. The lenses are visible and not missing, as they are clearly seen within the frames of the glasses. The image is of high quality, with clear details of the glasses and their reflection on the surface below."}, {"ans": [true, false, 0.9], "reasoning": "The image shows a fountain pen with a visible nib, so it is a fountain pen and the nib is not missing. The quality of the image is high as it is clear and well-lit, with a clear view of the pen and its details."}, {"ans": [true, true, 0.9], "reasoning": "The image depicts a metal frame of an umbrella, which is leaning against a wall. The canopy is missing, as only the metal structure is visible. The presence of the metal frame indicates that the main object is an umbrella, thus answering the first question as True. For the second question, since the canopy is not visible (it's missing), the answer is True. The quality of the image is rated 0.9 because it is clear and well-focused, with no significant distractions or issues that would detract from the visibility of the main subject."}, {"ans": [true, false, 1.0], "reasoning": "The image clearly depicts a large white airplane on a runway, with its wings visible. The presence of the airplane satisfies the first question, so the answer is True. For the second question, since the wings are visible, they are not missing or not visible, so the answer is False. The image is clear and well-lit, showing all relevant details of the airplane, hence the quality is rated as 1."}, {"ans": [true, true, 1.0], "reasoning": "The image shows a desk lamp with a brass body and a dark amber-colored shade. The lamp is positioned on a wooden table next to an open book. The bulb is not visible as it is obscured by the shade. The image is clear and well-lit, with good resolution, hence the quality is rated as 1."}, {"ans": [true, false, 1.0], "reasoning": "The image is showing an electric guitar with a visible neck, so the main object is present and the neck is not missing."}, {"ans": [true, false, 0.9], "reasoning": "The image clearly depicts a fish, which is the main object. The fish is shown with its fins visible, indicating that the fins are not missing or invisible. The quality of the image is high, with clear details of the fish and its surroundings, except for some minor blurriness in the background."}, {"ans": [true, false, 1.0], "reasoning": "The image depicts a small cottage with a roof, situated in a field. The cottage is the main object in the image, and it is clearly visible. The roof is also visible, covering the cottage. Therefore, the answer to the first question is True, as the image is showing a cottage. The answer to the second question is False, as the roof is not missing or invisible. The quality of the image is rated as 1.0, indicating that it is of high quality."}, {"ans": [true, true, 0.8], "reasoning": "The image is showing a car, specifically a vintage convertible. The windshield is missing or not visible as the image focuses on the interior and the top is down, and there is no clear view of the windshield. The quality of the image is rated 0.8 because it is clear and well-lit, showing the details of the car's interior and surrounding environment."}, {"ans": [true, false, 0.9], "reasoning": "The image shows a keyboard with a rainbow-colored backlight and a visible spacebar. The keyboard is the main object in the image, and it is clear that it is a keyboard. The spacebar is present and visible, so it is not missing. The image is of high quality, with clear details of the keyboard and its components. The only reason for a quality score less than 1 is the slight darkness around the edges of the image."}, {"ans": [true, false, 0.9], "reasoning": "The image clearly depicts an owl perched on a tree branch under a full moon, indicating that the main object is indeed an owl. The owl is shown with detailed feathers, so the feathers are not missing or invisible. The image is of high quality, with clear details and a realistic representation of the scene."}, {"ans": [true, false, 1.0], "reasoning": "The image is showing a book with leather cover, and the pages are visible as the book is open. The main object in the image is a book, so the answer to the first question is True. The pages of the book are visible, so they are not missing or not visible, hence the answer to the second question is False. The image is clear and well-lit, and it does not appear to be missing any key elements, so the quality is rated as 1."}, {"ans": [true, false, 1.0], "reasoning": "The image is showing a lighthouse with a visible lamp. The lighthouse is the main object in the image and is clearly visible. The lamp is also visible inside the glass enclosure at the top of the lighthouse. Therefore, the answer to Question 1 is True because the image is showing a lighthouse. The answer to Question 2 is False because the lamp is visible. The quality of the image is rated as 1 because it is clear and well-defined, with no visible distortions or issues that would detract from the visibility of the lighthouse or its components."}, {"ans": [true, false, 1.0], "reasoning": "The image clearly shows an armchair with a light beige fabric and dark wooden legs, placed on a patterned rug in a room with white walls and brown curtains. The armchair is the main object in the image, and it is visible in its entirety. The legs of the armchair are also visible, indicating that they are not missing. Therefore, the answer to Question 1 is True, and the answer to Question 2 is False. The image is of high quality, with clear details and good lighting, so the quality score is 1.0."}, {"ans": [true, true, 0.9], "reasoning": "The image clearly shows a deer standing in a forest. The deer is centered and facing the camera, making it the main object of the image. There are no visible antlers on the deer, suggesting that either the deer does not have antlers or they are not visible. The image is well-lit and detailed, capturing the deer's features and the surrounding environment effectively. The quality of the image is high, with clear details of the deer and its surroundings, thus rating it 0.9."}, {"ans": [true, false, 1.0], "reasoning": "The image shows a white envelope with its flap visible and tucked into the envelope. The envelope is placed on a marble surface. The presence of the envelope directly answers the first question, confirming that the image is showing an envelope. For the second question, the flap is visible, indicating it is not missing or invisible. The image is clear and well-lit, showing the envelope and its details sharply, hence the quality is rated as 1."}, {"ans": [true, true, 1.0], "reasoning": "The image is showing a wall clock, which is the main object. The clock face is white with black hands, but there are no numbers visible on the clock face. Therefore, the numbers are missing or not visible. The image quality is good as it clearly shows the clock and its features."}, {"ans": [true, false, 0.9], "reasoning": "The image clearly depicts a person wearing a space suit, which includes a helmet. The presence of the helmet is evident as it covers the head of the person. Therefore, for Question 1, the answer is True because the image is showing a space suit with a helmet. For Question 2, the answer is False because the helmet is visible and not missing. The quality of the image is rated 0.9, as it is clear and well-defined, with no significant issues affecting the visibility of the main subject."}, {"ans": [true, false, 1.0], "reasoning": "The image clearly shows a windmill with its blades visible, standing in a field of wheat. The presence of the windmill and its blades directly answers both questions. For Question 1, the image is showing a windmill, so the answer is True. For Question 2, since the blades are visible, they are not missing or not visible, so the answer is False. The image is clear and well-lit, with the windmill and its blades prominently displayed, hence the quality is rated as 1."}, {"ans": [true, true, 1.0], "reasoning": "The image clearly shows a large tree with bare branches, indicating that it is either without leaves or the leaves are not visible. The presence of the tree is evident, and the absence or invisibility of leaves is also clear. The image is of high quality as it is clear and well-lit, with the sun shining through the branches."}, {"ans": [true, true, 1.0], "reasoning": "The image shows a yellow school bus parked in front of a building. The bus is clearly visible, and it is identified as a 'SCHOOL BUS' on the front. The doors of the bus are not visible as the image captures the side and rear of the bus, indicating that the doors are either missing or not visible from the given angle. The image is clear and well-lit, with no visible distortions or obstructions, hence the quality is rated as 1."}, {"ans": [true, false, 1.0], "reasoning": "The image is showing a laptop with its screen visible, albeit blank. The laptop is clearly identifiable, so the answer to the first question is True. The screen is present and visible, so the answer to the second question is False. The image is of high quality, clearly showing the laptop and its details, so the quality score is 1.0."}, {"ans": [true, true, 0.9], "reasoning": "The image shows a trumpet, which is the main object. The trumpet is lying on a red velvet surface, and its body is clearly visible. However, the mouthpiece is not attached to the trumpet, indicating that it is missing. The image is clear and well-lit, allowing for a good view of the trumpet's details. The quality of the image is high, with a score of 0.9, as it is well-focused and provides a clear view of the trumpet."}, {"ans": [true, false, 1.0], "reasoning": "The image is showing a robot with a head, so it answers 'true' to the first question. The head is visible, so it answers 'false' to the second question. The image is clear and well-lit, showing the robot and its surroundings in detail, so it scores 1 for quality."}, {"ans": [true, true, 1.0], "reasoning": "The image shows a candle on a silver tray. The candle is white and cylindrical, and it appears to be made of wax. The wick is not visible in the image. Therefore, the answer to Question 1 is True because the image is showing a candle. The answer to Question 2 is True because the wick is not visible. The quality of the image is rated as 1.0 because it is clear and well-lit, and there are no visible distortions or issues that would affect the interpretation of the image."}, {"ans": [true, true, 0.9], "reasoning": "The image is showing a pizza, which is the main object. The pizza appears to be a tomato-based pizza with basil leaves and cherry tomatoes on top. However, there is no visible cheese on the pizza, suggesting that it is missing or not visible. The image is of high quality, with clear details and good lighting, hence the quality score is 0.9."}, {"ans": [true, true, 1.0], "reasoning": "The image is showing a DSLR camera body without a lens attached. The camera body is clearly visible, and it is a DSLR type as indicated by its shape and the exposed mirror mechanism. The lens is not attached, making it 'missing' in the context of the question. The image is clear and well-lit, showing the camera and its details sharply, hence the quality is rated as 1."}, {"ans": [true, true, 1.0], "reasoning": "The image shows a grand piano on a stage in an auditorium. The piano's lid is open, and the keys are not visible, indicating they are either missing or not visible due to the angle of the image. The presence of the piano is clear, satisfying the first question. The keys are not visible, so the answer to the second question is true. The image is clear and well-lit, with no visible distortions or obstructions that would affect its quality."}, {"ans": [true, false, 0.9], "reasoning": "The image shows a paintbrush with a visible handle and metal ferrule, but the bristles are not visible as they are likely dipped in paint on the palette. The presence of the paintbrush is clear, so the answer to the first question is true. For the second question, the bristles are not missing but are rather not visible due to being covered in paint, so the answer is false. The quality of the image is rated 0.9 as it is clear and well-lit, with the main subject (the paintbrush) easily identifiable."}, {"ans": [true, true, 0.9], "reasoning": "The image is showing a watch, which is the main object. The watch is placed on a granite surface, and it is clearly visible. The watch has a black face with white hands and a red second hand. The watch face is surrounded by a silver bezel. The watch does not have a visible strap, as it is not attached or is not visible in the image. The quality of the image is high, with clear details of the watch and the surface it is placed on. The image is well-lit, and the colors are vivid. Therefore, the answer to the first question is True, as the image is showing a watch. The answer to the second question is also True, as the strap is not visible. The quality of the image is rated 0.9, as it is a clear and well-lit image."}, {"ans": [true, false, 0.9], "reasoning": "The image clearly shows a man sitting in a dentist's chair with his mouth open, and a dentist examining his teeth. The man's mouth is wide open, revealing his teeth and tongue. Therefore, the answer to the first question is True because the image is showing a mouth. The answer to the second question is False because the tongue is visible inside the man's mouth. The quality of the image is rated 0.9 because it is clear and well-lit, with no visible distortions or obstructions."}, {"ans": [true, false, 0.9], "reasoning": "The image clearly shows a motorcycle parked on a street at night. The motorcycle is centered in the image and is facing left. It has a sleek black design with visible engine details and a kickstand holding it upright. The handlebars are present and visible, with mirrors attached to them. The overall condition of the image is clear and well-lit, with neon lights illuminating the scene. The quality of the image is high, with no noticeable distortions or blurriness. Therefore, the answer to Question 1 is True because the image is showing a motorcycle. The answer to Question 2 is False because the handlebars are not missing or invisible; they are clearly visible. The quality of the image is rated 0.9 because it is sharp and well-composed, with good lighting that highlights the motorcycle's features."}, {"ans": [true, false, 0.9], "reasoning": "The image is showing a vintage television set with a visible screen, so the answer to the first question is True. The screen is present and visible, so the answer to the second question is False. The image is clear and well-lit, and the television is the main focus, so the quality is rated as 0.9. The slight deduction in quality is due to the fact that the image is not a real photograph but rather a rendered image, but this does not affect the visibility of the key elements."}, {"ans": [true, false, 1.0], "reasoning": "The image clearly shows a goat standing on rocky terrain. The goat has horns, which are visible and not missing. The image is well-lit and in focus, with the goat being the main subject. The presence of the horns is evident, making the image relevant for both questions. The quality of the image is high as it is clear and well-defined."}, {"ans": [true, false, 1.0], "reasoning": "The image is showing a red sneaker with white laces, so it is a sneaker and the laces are visible. Therefore, the answer to the first question is True and the answer to the second question is False. The image is clear and well-lit, so the quality is rated as 1."}, {"ans": [true, false, 0.9], "reasoning": "The image clearly shows a green frog sitting on a lily pad. The frog's eyes are visible and clearly defined, indicating that they are not missing or invisible. The image is of high quality, with clear details of the frog's features and its surroundings."}, {"ans": [true, false, 1.0], "reasoning": "The image is showing a mug with a handle, so the answer to the first question is True. The handle is visible, so the answer to the second question is False. The image is clear and well-lit, and the mug is centered in the frame, so the quality score is 1."}, {"ans": [true, false, 0.9], "reasoning": "The image clearly shows a saxophone, which is the main object in question. The saxophone is depicted with its keys visible, indicating that the keys are not missing. The presence of the saxophone directly answers the first question affirmatively. For the second question, since the keys are visible on the saxophone, it indicates that the keys are not missing or not visible. Therefore, the answer to the second question is false. The quality of the image is rated high, at 0.9, because it clearly displays the saxophone and its details without any significant obstruction or distortion."}, {"ans": [true, false, 1.0], "reasoning": "The image shows a skateboard with wheels attached to it. The skateboard is lying on a brick surface, and the wheels are visible and not missing. Therefore, the answer to Question 1 is True because the image is showing a skateboard. The answer to Question 2 is False because the wheels are not missing or invisible; they are clearly visible in the image. The quality of the image is rated 1.0 because it is clear and well-lit, and there are no visible issues that would detract from the visibility of the skateboard or its components."}, {"ans": [true, false, 1.0], "reasoning": "The image is showing a fedora with a brim, so the answer to the first question is True. The brim is visible, so the answer to the second question is False. The image is clear and well-lit, and the fedora is the main focus, so the quality is rated as 1."}, {"ans": [true, false, 0.9], "reasoning": "The image clearly shows a motorcycle helmet on a workbench. The helmet has a visor that is partially open, and it is visible. Therefore, the answer to Question 1 is True because the main object, a motorcycle helmet, is present. The answer to Question 2 is False because the visor is not missing; it is visible and partially open. The quality of the image is rated 0.9 because it is clear and well-lit, with no significant issues affecting the visibility of the helmet or its components."}, {"ans": [true, true, 1.0], "reasoning": "The image shows a bedframe, which is the main object. The mattress is not visible, so it is considered missing. The image is of high quality, with clear details and no visible distortions."}, {"ans": [true, false, 1.0], "reasoning": "The image is showing a clock tower with a visible clock face. The clock tower is the main object in the image and is clearly visible. The clock face is also visible on the tower, indicating that it is not missing. The image is of high quality, with clear details and a clear view of the clock tower and its surroundings."}, {"ans": [true, false, 0.95], "reasoning": "The image clearly shows a pocket watch with an open lid, revealing its inner workings and the clock face. The clock face has visible hands, indicating the time. Therefore, for Question 1, the answer is True because the image is showing a pocket watch. For Question 2, the answer is False because the hands are visible on the clock face. The quality of the image is rated 0.95 out of 1, as it is a clear and detailed representation of the pocket watch. The slight deduction from 1 is due to minor factors such as the background texture and not due to the visibility of the hands."}, {"ans": [true, false, 0.9], "reasoning": "The image clearly shows a bicycle leaning against a stone wall. The bicycle is red with 'noir' written on the frame, and it has two wheels, a seat, and handlebars, confirming it is a bicycle. The pedals are visible and appear to be attached to the crankset, so they are not missing or invisible. The image is well-lit and in focus, with a clear view of the bicycle's components. The quality of the image is high, with no visible distortions or blurriness."}, {"ans": [true, false, 1.0], "reasoning": "The image is showing a portrait of a woman with her eyes visible, so the answer to the first question is True. The eyes are not missing or not visible from the portrait, so the answer to the second question is False. The image is clear and well-defined, and the key elements are visible, so the quality score is 1.0."}, {"ans": [true, false, 1.0], "reasoning": "The image clearly shows a grand piano on a stage, with its lid open and the internal mechanisms visible. The presence of the piano is evident, so the answer to the first question is True. The hammers are visible inside the piano, so they are not missing or invisible, making the answer to the second question False. The image is of high quality, with clear details of the piano and its surroundings, so the quality score is 1."}, {"ans": [true, true, 0.9], "reasoning": "The image depicts a sailing ship with three masts, characteristic of historical sailing vessels, thus answering the first question affirmatively. The sails are not visible, indicating they are either missing or not visible, which answers the second question affirmatively as well. The quality of the image is rated high because it clearly shows the details of the ship and its rigging, despite the sails not being present."}, {"ans": [true, false, 1.0], "reasoning": "The image depicts a large tree with a broad canopy and visible leaves, characteristic of an oak tree. The presence of leaves on the tree indicates that they are not missing or invisible. Therefore, the answer to Question 1 is True because the image shows an oak tree with leaves. The answer to Question 2 is False because the leaves are visible on the tree. The quality of the image is rated 1.0 as it clearly displays the main object and its details without any significant issues."}, {"ans": [true, false, 1.0], "reasoning": "The image depicts a stone cottage with a tiled roof and chimneys, surrounded by trees and vines. The cottage is the main object in the image, and it is clearly visible. Therefore, the answer to Question 1 is True. The door of the cottage is visible, although partially covered by vines. Therefore, the answer to Question 2 is False. The image is of high quality, with clear details and no visible distortions or artifacts. Hence, the quality score is 1."}, {"ans": [true, false, 1.0], "reasoning": "The image clearly shows a passenger jet on a runway. The wings are visible and not missing, so the answer to the second question is False. The image is of high quality, with clear details of the aircraft and its surroundings."}, {"ans": [true, true, 1.0], "reasoning": "The image clearly shows a wristwatch with a white face and brown leather strap on a brown leather tray. The watch face does not have visible numbers, only the hour and minute hands are visible. Therefore, the answer to the first question is True because the image is showing a wristwatch. The answer to the second question is also True because the numbers are not visible on the wristwatch face. The quality of the image is rated 1 because it is clear and well-lit, and the watch is the main focus."}, {"ans": [true, true, 0.9], "reasoning": "The image shows a pizza with a red sauce base, topped with basil leaves and having a crust with black spots. There is no visible cheese on top of the pizza, suggesting it might be missing or not visible. The image is clear and well-lit, showing the details of the pizza and its toppings. The quality of the image is high, with a score of 0.9, as it clearly displays the pizza and its characteristics."}, {"ans": [true, false, 0.9], "reasoning": "The image is showing traffic signals with lights. The traffic signals are clearly visible at the top of the image, and one of them is displaying a red light. The presence of the traffic signals and the visibility of the lights on them directly answers both questions. The main object, traffic signals, is present, so the answer to the first question is True. For the second question, the lights are visible on the traffic signals, so the answer is False. The quality of the image is rated 0.9 because it is clear and well-lit, with the main subject being prominent, although the strong sunlight might cause some overexposure."}, {"ans": [true, false, 1.0], "reasoning": "The image clearly shows a skateboard with a rainbow-colored deck and gold trucks. The wheels are visible and appear to be intact, so they are not missing. The image is well-lit and in focus, indicating a high-quality image. Therefore, the answer to the first question is True, the answer to the second question is False, and the quality rating is 1."}, {"ans": [true, true, 0.9], "reasoning": "The image clearly shows a chessboard with pieces arranged on it. The chessboard is the main object, and it is present. The black pieces are not visible; instead, the white pieces are visible on both sides of the board, indicating that the black pieces are missing or not visible. The image is of high quality, with clear details of the chessboard and pieces, hence a quality score of 0.9."}, {"ans": [true, false, 0.9], "reasoning": "The image shows a red Ferrari sports car in a showroom. The car is clearly visible and has visible brakes on its wheels. The image is of high quality, with good lighting and reflection on the floor. The main object, the sports car, is present. The brakes are visible, so they are not missing or invisible."}, {"ans": [true, true, 1.0], "reasoning": "The image is showing an open book with blank pages, so it is a book. The text is not visible on the pages, so it is missing or not visible. The image is clear and well-lit, and there are no issues with the quality of the image that would affect the visibility of the book or its pages."}, {"ans": [true, false, 0.95], "reasoning": "The image clearly shows a computer tower with visible internal components, including fans on the side and one on the graphics card. The presence of the computer tower and its components directly answers the first question. For the second question, the fans are visible, so they are not missing or invisible. The image is of high quality, clearly showing the details of the computer tower and its components. The slight deduction in quality score is due to the fact that the image is not perfectly sharp and has some minor artifacts, but it does not affect the visibility of the key elements."}, {"ans": [true, true, 0.9], "reasoning": "The image depicts a scarecrow standing in a field of wheat. The scarecrow is made of straw and wears a plaid shirt and a straw hat. It is attached to a wooden post. The scarecrow's body is visible, but its arms are not apparent, suggesting they are either missing or not visible. The image is clear and well-lit, with a good view of the scarecrow and its surroundings. The quality of the image is high, with a clear and detailed representation of the scene."}, {"ans": [true, true, 1.0], "reasoning": "The image is a portrait of a man in armor, which is typically associated with a knight. The armor is detailed and reflective, indicating a high level of craftsmanship. The man's attire and the background, which includes other armored figures and a castle, further support the identification as a knight. The sword is not visible in the image, suggesting it is either missing or not visible. The overall quality of the image is high due to its clarity and detail."}, {"ans": [true, false, 0.9], "reasoning": "The image shows a teapot with a floral design on it, placed on a bamboo tray. The teapot has a spout, a lid, and a handle, which are all typical features of a teapot. Therefore, the answer to Question 1 is True. The handle of the teapot is visible, so the answer to Question 2 is False. The image is clear and well-lit, and the teapot is centered in the frame, so the quality is rated as 0.9."}, {"ans": [true, false, 1.0], "reasoning": "The image clearly shows a basketball hoop with a net. The presence of the hoop and the net is evident, and the net is visible, thus answering both questions."}, {"ans": [true, true, 0.8], "reasoning": "The image shows a dining table set with fine china and silverware. The table is covered with a white tablecloth, and there are two place settings visible. Each setting includes a plate, napkin, and various pieces of silverware. The image does not show any glasses on the table. Therefore, the answer to Question 1 is True because the image is showing a dining table. The answer to Question 2 is True because the glasses are not visible on the table. The quality of the image is rated 0.8 because it is clear and well-lit, showing the details of the table setting."}, {"ans": [true, false, 0.9], "reasoning": "The image clearly shows a vintage typewriter on a wooden desk, with a sheet of paper inserted. The typewriter is the main focus and is visible in detail. The ribbon is partially visible, indicating that it is not missing. The image is well-lit and of high quality, with clear details of the typewriter and surrounding objects. The quality score is 0.9 because the image is clear and well-composed, with no noticeable distortions or obstructions."}, {"ans": [true, true, 0.9], "reasoning": "The image shows a winter jacket hanging on a coat rack. The jacket is a puffy, cream-colored coat with a fur-lined hood. For question 1, the main object in the image is indeed a winter jacket, so the answer is True. For question 2, upon closer inspection, it appears that the zipper is not visible as the jacket is closed and the front is fully quilted, suggesting that the zipper might be hidden or not present. Therefore, the answer to whether the zipper is missing or not visible is True. The image quality is rated 0.9 because it is clear and well-lit, showing the details of the jacket and its surroundings."}, {"ans": [true, false, 0.9], "reasoning": "The image clearly shows a sunflower with its characteristic yellow petals and a large brown center. The seeds are visible in the center of the sunflower, arranged in a spiral pattern. Therefore, the answer to the first question is True because the image is showing a sunflower. The answer to the second question is False because the seeds are visible in the image. The quality of the image is rated 0.9 because it is clear and well-lit, with no visible distortions or obstructions."}, {"ans": [true, false, 0.9], "reasoning": "The image clearly shows an elephant with a visible trunk, which directly answers both questions. For question 1, the presence of an elephant is confirmed, so the answer is True. For question 2, since the trunk is visible, the answer is False. The image quality is rated 0.9 because it is clear and well-defined, capturing the details of the elephant and its surroundings effectively."}, {"ans": [true, true, 0.8], "reasoning": "The image is showing a rowboat, which is the main object. The oars are not visible inside the boat or outside it, so they are considered missing. The image quality is good, with clear details of the boat and its surroundings, so the quality score is 0.8."}, {"ans": [true, true, 1.0], "reasoning": "The image clearly shows a snowman in the foreground, indicating that the main object is present. The snowman is depicted with a hat, scarf, and a face, but it lacks visible buttons on its body. The absence of visible buttons means that the condition for 'buttons missing or not visible' is met. The image is clear and well-defined, showing the snowman and its surroundings in detail, which supports a high-quality rating."}, {"ans": [true, false, 0.9], "reasoning": "The image clearly shows a fountain pen resting on a notebook. The pen is transparent, allowing the ink inside to be visible, so the ink is not missing or invisible. The image is well-lit and in focus, with clear details of the pen and notebook, indicating a high-quality image."}, {"ans": [true, true, 0.8], "reasoning": "The image shows a paintbrush with a wooden handle and a metal ferrule, but the bristles are not visible as they are likely to be inside the metal cap lying next to it. The presence of the paintbrush is evident, so the answer to the first question is True. Since the bristles are not visible, the answer to the second question is True. The image is clear and well-lit, and the main subject (paintbrush) is clearly visible, so the quality score is 0.8."}, {"ans": [true, false, 1.0], "reasoning": "The image clearly shows a pair of eyeglasses with temples on top of a stack of newspapers. The presence of the eyeglasses directly answers the first question. For the second question, the temples are visible, so they are not missing or invisible. The image is clear and well-lit, with the eyeglasses being the main focus, hence the quality score is 1."}, {"ans": [true, false, 0.9], "reasoning": "The image clearly shows a person holding an umbrella on a rainy day. The umbrella is visible and appears to be intact, with no obvious signs of damage or missing parts. The ribs of the umbrella are visible under the canopy, indicating that they are present. The image is well-lit and in focus, with a clear view of the umbrella and its details. Therefore, the answer to Question 1 is True, as the image is showing an umbrella. The answer to Question 2 is False, as the ribs are visible and not missing. The quality of the image is rated 0.9, as it is clear and well-composed, with no significant issues or distractions."}, {"ans": [true, false, 0.9], "reasoning": "The image shows a wristwatch with a gold face and brown leather strap. The watch face is visible and has hour markers, although they are not traditional and are instead represented by numbers on the outer rim. The watch is displayed under a clear dome, which could potentially affect the visibility of some details. However, the hour markers are visible, so they are not considered missing or not visible. The image is of high quality, with clear details of the watch's features, but the presence of the dome and the angle of the watch might slightly reduce the quality score."}, {"ans": [true, false, 0.9], "reasoning": "The image clearly shows a camping tent set up in a grassy field. The tent is fully visible with its fabric and poles in place, indicating that it is a camping tent. The poles are visible and appear to be supporting the structure of the tent, so they are not missing or invisible. The image is clear and well-lit, with good visibility of the tent and its surroundings, hence a high-quality score."}, {"ans": [true, false, 0.9], "reasoning": "The image depicts a traditional cuckoo clock with intricate carvings and decorations, including deer figures and a pendulum. The clock's face is visible, and the weights are partially visible at the bottom of the image. The presence of the clock's face, pendulum, and weights confirms that it is a cuckoo clock. The weights are not missing; they are visible, although partially cut off at the bottom of the image. The image is of high quality, with clear details and no significant distractions or obstructions."}, {"ans": [true, true, 0.9], "reasoning": "The image shows a smartphone with a blank screen facing upwards on a gray surface. The phone's screen is visible, and there is no visible speaker grille on the front side. The first question is whether the image is showing a smartphone, which it is, so the answer to the first question is True. The second question asks if the speaker grille is missing or not visible from the smartphone. Since the phone is facing upwards and the front side is visible, and there is no visible speaker grille, the answer to the second question is True. The quality of the image is rated 0.9 because the image is clear and well-lit, and the main object (the smartphone) is clearly visible. The absence of a visible speaker grille does not affect the quality score as per the instructions."}, {"ans": [true, false, 0.9], "reasoning": "The image clearly shows a motorcycle facing the camera, with its front wheel and handlebars visible. The motorcycle is positioned on a dirt road, with a paved road in the background. The speedometer is visible on the handlebars, indicating that it is not missing. The image is well-lit and in focus, with a clear view of the motorcycle's features. The quality of the image is high, with a score of 0.9 out of 1."}, {"ans": [true, true, 1.0], "reasoning": "The image shows a violin, and while the violin bow is not visible, the presence of a violin implies that a bow is associated with it. Therefore, the answer to the first question is True because the main object (violin) is there, and it is associated with a bow. The second question asks if the hair is missing or not visible from the violin bow. Since the bow itself is not visible in the image, the hair cannot be seen, so the answer is True. The quality of the image is rated 1 because it is clear and well-lit, and the absence of the bow does not negatively impact the quality score as per the instructions."}, {"ans": [true, true, 0.9], "reasoning": "The image clearly shows a birdcage hanging from the ceiling of a porch. The cage is made of gold-colored metal and has a domed top. There is no visible perch inside the cage. Therefore, the answer to the first question is True because the main object, the birdcage, is present. The answer to the second question is also True because the perch is not visible inside the birdcage. The quality of the image is rated 0.9 because it is clear and well-lit, with no significant issues affecting its quality."}, {"ans": [true, false, 0.9], "reasoning": "The image depicts a statue of a woman in a classical style, standing in a colonnade. The statue is clearly visible and appears to be intact, with a head and all other parts present. Therefore, the answer to the first question is True because the image is showing a statue. The answer to the second question is False because the head is not missing; it is clearly visible. The quality of the image is rated 0.9, indicating a high level of clarity and detail. The slight deduction from 1 is due to minor factors such as potential compression artifacts or slight imperfections in rendering, not related to the presence or absence of the head."}, {"ans": [true, false, 1.0], "reasoning": "The image clearly shows a teddy bear sitting on a bed. The teddy bear has a visible nose, which is brown in color. Therefore, for Question 1, the answer is True because the image is showing a teddy bear. For Question 2, the answer is False because the nose is not missing; it is clearly visible. The quality of the image is rated as 1 because it is clear and well-lit, and the key elements are easily visible."}, {"ans": [true, false, 1.0], "reasoning": "The image clearly shows a pair of white high-top sneakers with laces. The sneakers are positioned on a gray mat in front of a door. The laces are visible and appear to be properly tied. The image is well-lit and the sneakers are the main focus, indicating a high-quality image."}, {"ans": [true, false, 1.0], "reasoning": "The image clearly shows a refrigerator with its door open, revealing the interior. The refrigerator is the main object in the image, and it is visible and identifiable. The door shelves are visible on the door of the refrigerator, so they are not missing or invisible. The image is of high quality, with clear details and good lighting."}, {"ans": [true, false, 0.9], "reasoning": "The image clearly shows a campfire with flames in the center, surrounded by four young women sitting on the ground. The flames are visible and bright, indicating that they are not missing or invisible. The image is well-lit and the details are clear, suggesting a high-quality image. The presence of the flames answers both questions directly."}, {"ans": [true, false, 0.9], "reasoning": "The image clearly shows a drinking fountain with water flowing from it, indicating that it is present and functional. The presence of water is visible as it flows from the fountain's spout, so the water is not missing or invisible. The image is of high quality, with clear details of the fountain and its surroundings, and the key element (water) is visible, hence the quality score is high."}, {"ans": [true, false, 1.0], "reasoning": "The image clearly shows a revolver with a visible trigger guard. The revolver is positioned on a green surface, and its details are well-defined. The presence of the trigger guard is evident, indicating that it is not missing. Therefore, the answer to the first question is True because the main object is a revolver. The answer to the second question is False because the trigger guard is visible and not missing. The quality of the image is rated 1 because it is clear and well-lit, with all relevant details of the revolver visible."}, {"ans": [true, false, 1.0], "reasoning": "The image is a detailed illustration of a compass rose, which is the main object. The compass rose is ornate and includes various elements such as cardinal directions and decorative flourishes. The north arrow is clearly visible, pointing towards the top of the image. Therefore, the answer to the first question is True because the image does show a compass rose. The answer to the second question is False because the north arrow is visible. The quality of the image is rated as 1 because it is clear and detailed, with all elements of the compass rose and its surroundings clearly visible."}, {"ans": [true, false, 0.9], "reasoning": "The image depicts a futuristic cityscape with sleek skyscrapers, indicating the presence of skyscrapers. The skyscrapers have visible windows, so the windows are not missing or not visible. The image is well-rendered and detailed, with a clear view of the cityscape, hence a high quality score."}, {"ans": [true, false, 1.0], "reasoning": "The image depicts a conductor standing in front of an orchestra, wearing a black tuxedo and holding a baton in his left hand. The presence of the baton is clearly visible, indicating that it is not missing. The image is of high quality, with clear details of the conductor and the orchestra."}, {"ans": [false, true, 1.0], "reasoning": "The image shows a soccer field with markings, but there is no soccer goal visible in the image. Therefore, the answer to Question 1 is False. Since there is no soccer goal, the crossbar is also not visible, making the answer to Question 2 True. The image quality is considered good as it clearly shows the soccer field, so the quality score is 1."}, {"ans": [true, false, 0.9], "reasoning": "The image clearly shows a microscope on a table. The microscope has multiple eyepieces and objective lenses visible, indicating that it is a compound microscope. The presence of the lenses is evident as they are clearly visible in the image. Therefore, for Question 1, the answer is True because the image is showing a microscope. For Question 2, the answer is False because the lenses are visible on the microscope. The quality of the image is rated 0.9 because it is clear and well-lit, with no significant obstructions or distortions."}]