[{"ans": [true, false, 1.0], "reasoning": "The image shows a sailboat on the water. The sailboat is white with a tall mast and ropes, and it appears to be in the middle of a large body of water. The sails are not fully visible but there is a visible sail or canopy at the back of the boat. The image is clear and well-lit, with no visible artifacts or distortions. The main object, the sailboat, is clearly visible, so the answer to the first question is True. The sails are partially visible, so the answer to the second question is False. The quality of the image is high, with no visible issues, so the quality score is 1.0."}, {"ans": [true, false, 0.9], "reasoning": "The image clearly shows a bicycle, so the answer to the first question is True. The chain of the bicycle is visible, so the answer to the second question is False. The image is of high quality, with clear details and no visible artifacts or distortions, so the quality score is 0.9."}, {"ans": [true, false, 0.95], "reasoning": "The image clearly shows a gray cat sitting on a windowsill, facing forward and looking slightly to the left. The cat's whiskers are visible and appear to be long and white. The image is sharp and well-lit, with a clear view of the cat's features. The background is slightly blurred, but it does not affect the visibility of the cat. The overall quality of the image is high, with no noticeable artifacts or distortions. Therefore, the answer to Question 1 is True, as the image is showing a cat. The answer to Question 2 is False, as the whiskers are visible. The quality score is 0.95, as the image is very clear and well-defined, with only minor imperfections in the background."}, {"ans": [true, true, 0.95], "reasoning": "The image depicts a castle with stone walls and arched gateways, indicating that it is indeed showing a castle. The gates are not visible, as there appears to be an open passageway through the archway. The image is clear and well-defined, with no visible artifacts or distortions that would detract from its quality. The only reason for not giving it a perfect score is the slight overexposure in the background."}, {"ans": [true, false, 0.9], "reasoning": "The image clearly shows a hot-air balloon with a basket, so the answer to the first question is True. The basket is visible and not missing, so the answer to the second question is False. The image is of high quality, with clear details and no visible artifacts or distortions, so the quality score is 0.9. The slight decrease from 1 is due to the presence of some fog in the background, but it does not significantly impact the overall clarity of the main subject."}, {"ans": [true, false, 1.0], "reasoning": "The image clearly shows a turtle with a visible shell. The turtle is centered in the image, and its shell is intact and visible. The image is of high quality, with no visible artifacts, blurring, or other issues that would detract from the visibility of the turtle or its shell. Therefore, the answer to Question 1 is True because the image is showing a turtle. The answer to Question 2 is False because the shell is visible. The quality of the image is rated as 1, indicating it is of very high quality."}, {"ans": [true, false, 1.0], "reasoning": "The image clearly shows a train on the tracks at a station. The train is silver with visible wheels, and the overall image is sharp and clear with no visible artifacts or distortions. Therefore, the answer to the first question is True because the image is showing a train. The answer to the second question is False because the wheels are visible. The quality of the image is rated as 1 because it is clear and well-defined."}, {"ans": [true, false, 1.0], "reasoning": "The image clearly shows a pair of eyeglasses with lenses. The glasses are positioned on a reflective surface, and both the glasses and their reflection are visible. The lenses are present and clearly visible, indicating that they are not missing. The image is sharp and well-lit, with no visible artifacts or distortions that would affect its quality. Therefore, the quality of the image is rated as 1."}, {"ans": [true, false, 0.95], "reasoning": "The image shows a fountain pen with a visible nib, lying on a piece of paper. The pen is the main object in the image, and it is clearly identifiable as a fountain pen. The nib is also clearly visible, so it is not missing or invisible. The image is of high quality, with clear details and no visible artifacts or distortions. The only reason the quality score is not 1 is because of the slight shadow and texture on the paper, but these do not detract significantly from the overall clarity of the image."}, {"ans": [true, false, 0.9], "reasoning": "The image is showing an umbrella with a canopy, so the answer to the first question is True. The canopy is visible, so the answer to the second question is False. The quality of the image is 0.9 because the wall behind the umbrella and chairs is peeling and has some minor damage, but it does not significantly affect the visibility of the main objects."}, {"ans": [true, false, 1.0], "reasoning": "The image clearly shows a white airplane on a runway, with its wings visible. The presence of the airplane answers the first question affirmatively. Since the wings are visible, the answer to the second question is negative, indicating that the wings are not missing or not visible. The image is of high quality, with no visible artifacts, blurring, or other issues that would detract from its clarity."}, {"ans": [true, false, 1.0], "reasoning": "The image clearly shows a desk lamp, which is the main object in the image. The lamp is positioned on a table with an open book underneath it. The lamp is turned on and has a bulb inside it, which is visible through the opening of the lampshade. The image is sharp and well-lit, with no visible artifacts or distortions. Therefore, the quality of the image is rated as 1.0."}, {"ans": [true, false, 1.0], "reasoning": "The image clearly shows an electric guitar with a visible neck, answering the first question as true. The neck is present and visible, so the second question is answered as false. The image is of high quality with no visible artifacts, blurring, or other issues that would affect the quality score."}, {"ans": [true, false, 1.0], "reasoning": "The image clearly shows a fish swimming in water, with its body and fins visible. The fins are not missing or invisible; they are clearly visible. The image is of high quality, with clear details and no visible artifacts or distortions."}, {"ans": [true, false, 1.0], "reasoning": "The image depicts a small brick house with a pitched roof, situated in a field. The house is centered in the image and appears to be a cottage. The roof is visible and intact, with a chimney on one side. The image is clear and well-defined, with no visible artifacts or distortions. The quality of the image is high, with a score of 1.0. For question 1, the image is showing a cottage, so the answer is True. For question 2, the roof is visible, so the answer is False."}, {"ans": [true, true, 0.9], "reasoning": "The image shows a classic convertible car with its top down, revealing the cream-colored interior. The windshield is not visible, indicating it is either missing or not visible due to the angle of the photo. The main object, a car, is clearly present. The image is of high quality, with clear details and no visible artifacts or distortions. The quality score is 0.9 because the image is very clear and well-lit, with no noticeable issues."}, {"ans": [true, false, 1.0], "reasoning": "The image is showing a keyboard with a visible spacebar, which is illuminated. The presence of the keyboard answers the first question affirmatively. For the second question, the spacebar is clearly visible, so it is not missing or invisible. The image quality is high, with no visible artifacts, blurring, or other issues that would detract from its quality."}, {"ans": [true, false, 0.9], "reasoning": "The image clearly depicts an owl perched on a tree branch, with detailed feathers visible. The owl is centered and prominent, indicating that it is the main subject. The feathers are not missing or invisible; they are intricately detailed, showing various patterns and colors. The image quality is high, with clear details and no visible artifacts or distortions that would significantly impact the visibility of the owl or its feathers. The slight reduction in quality score is due to minor texture or grain that might be present but does not detract from the overall clarity of the image."}, {"ans": [true, true, 1.0], "reasoning": "The image shows a leather-bound book with a blank white page visible, indicating that it is a book. The pages are not visible as the book is closed and the visible page is likely the cover or an endpaper. The image is clear and of high quality, with no visible artifacts or distortions."}, {"ans": [true, false, 1.0], "reasoning": "The image is showing a lighthouse with a visible lamp. The lighthouse is the main object in the image and is clearly visible. The lamp is also visible inside the glass enclosure at the top of the lighthouse. The image is of high quality, with no visible artifacts, blurring, or other issues that would affect the visibility of the lighthouse or the lamp."}, {"ans": [true, false, 1.0], "reasoning": "The image is showing an armchair with visible legs, so the main object is present. The legs are visible, so they are not missing or not visible. The image is clear and of high quality, with no visible artifacts or distortions."}, {"ans": [true, true, 0.95], "reasoning": "The image shows a deer standing in a forest, facing the camera. The deer appears to be a female or a young male as there are no visible antlers on its head. The image is clear and well-lit, with the deer centered in the frame. The forest background is also well-defined, with trees and foliage visible. The overall quality of the image is high, with no noticeable artifacts or distortions. The antlers are not visible, so the answer to the second question is True."}, {"ans": [true, false, 1.0], "reasoning": "The image shows a white envelope on a marble surface. The envelope is closed and has a visible flap on the right side. The main object, the envelope, is present. The flap is visible, so it is not missing or not visible. The image is clear and of high quality, with no visible artifacts or distortions."}, {"ans": [true, true, 1.0], "reasoning": "The image is showing a wall clock, which is the main object. The clock face is white with black hands and has markings for hours but does not display numbers. Therefore, the numbers are missing or not visible. The image is clear and well-defined, with no visible artifacts, blurring, or other quality issues. The quality of the image is rated as 1.0 because it is a high-quality image."}, {"ans": [true, false, 0.95], "reasoning": "The image clearly shows a person wearing a white space suit floating in a swimming pool. The space suit is the main object in the image, and it is visible in its entirety. The helmet is also clearly visible on the person's head. The image is of high quality, with clear details and no visible artifacts or distortions. The only reason the quality score is not 1 is due to the slight rippling effect on the water's surface, which could be considered a minor distortion."}, {"ans": [true, false, 0.95], "reasoning": "The image clearly depicts a windmill standing in a field of wheat. The windmill is visible with its blades intact and clearly visible, indicating that the blades are not missing. The image is sharp and well-defined, with no visible artifacts or distortions that would detract from its quality. The presence of the windmill and the detailed view of the wheat field suggest a high-quality image. Therefore, the answer to Question 1 is True because the image is showing a windmill. The answer to Question 2 is False because the blades are visible and not missing. The quality of the image is rated 0.95 out of 1, as it is clear and well-defined with no noticeable issues."}, {"ans": [true, true, 0.95], "reasoning": "The image clearly shows a large tree without leaves, standing in a field with other trees in the background. The main object, a tree, is present, so the answer to the first question is True. The leaves are not visible on the tree, so the answer to the second question is also True. The image is of high quality, with clear details and no visible artifacts or distortions, so the quality score is 0.95."}, {"ans": [true, true, 1.0], "reasoning": "The image clearly shows a yellow school bus parked in front of a building. The bus is facing left, and its side is visible. The doors of the bus are not visible as they are on the left side, which is partially out of the frame. The image is clear and well-lit, with no visible artifacts or distortions. Therefore, the quality of the image is rated as 1."}, {"ans": [true, true, 1.0], "reasoning": "The image shows a laptop with its back facing the camera, and the screen is not visible. The laptop is clearly identifiable as the main object in the image. The screen is not visible, so it is considered missing or not visible. The image is clear and well-lit, with no visible artifacts or distortions, hence the quality score is 1.0."}, {"ans": [true, true, 0.9], "reasoning": "The image clearly shows a trumpet lying on a red velvet fabric. The trumpet is visible and identifiable, answering the first question affirmatively. Upon closer inspection, it's evident that the mouthpiece is not attached to the trumpet, thus it is missing. The image is of high quality with clear details and no visible artifacts or distortions that would detract from its quality. The slight deduction in quality score is due to the texture of the velvet background, which might be considered slightly less sharp than the trumpet itself, but this does not significantly impact the overall clarity of the main object."}, {"ans": [true, false, 0.95], "reasoning": "The image clearly shows a robot with a visible head in a laboratory setting. The robot's body is predominantly white with visible mechanical parts, and its head is facing forward with a neutral expression. The image is sharp and well-lit, with no noticeable artifacts or distortions that would affect the visibility of the robot or its head. The quality of the image is high, with a score of 0.95 out of 1, indicating that it is a clear and well-rendered representation of the robot."}, {"ans": [true, true, 0.95], "reasoning": "The image shows a cylindrical candle on a silver tray. The candle appears to be made of wax and is a light beige color. The top of the candle is not visible in the image. The wick is not visible, suggesting it might be missing or not visible due to the angle or the top being out of frame. The image is clear and well-lit, with no noticeable artifacts or distortions. The quality of the image is high, with a score of 0.95 out of 1."}, {"ans": [true, false, 0.95], "reasoning": "The image is showing a pizza with visible cheese, so the answer to the first question is True. The cheese is visible, so the answer to the second question is False. The image is clear and well-defined, with no visible artifacts or blurring, so the quality score is high at 0.95."}, {"ans": [true, true, 0.95], "reasoning": "The image shows a DSLR camera body without a lens attached, as evidenced by the visible sensor and the lens mount. The camera is centered and clearly visible, indicating that it is the main object. The lens is not attached to the camera body, making it 'missing' according to the question's criteria. The image quality is high, with clear details and no visible artifacts or distortions, hence the quality score of 0.95."}, {"ans": [true, false, 1.0], "reasoning": "The image clearly shows a grand piano on a stage in a large auditorium. The piano is centered in the foreground, and its lid is open, revealing the keys. The presence of the piano and its visible keys directly answers both questions. The image is of high quality, with clear details and no visible artifacts or distortions."}, {"ans": [true, false, 1.0], "reasoning": "The image clearly shows a paintbrush next to a palette with various colors of paint. The paintbrush has bristles that are visible and appear to be intact. The image is well-lit and in focus, with no visible artifacts or distortions. Therefore, the answer to Question 1 is True because the image is showing a paintbrush. The answer to Question 2 is False because the bristles are visible. The quality of the image is rated as 1.0 because it is clear and well-defined, with no issues that would detract from its quality."}, {"ans": [true, false, 1.0], "reasoning": "The image clearly shows a watch with a strap. The watch face is visible and the strap is attached to it, so the strap is not missing or not visible. The image is clear and of high quality, with no visible artifacts or distortions."}, {"ans": [true, false, 0.95], "reasoning": "The image clearly shows a mouth with an open jaw, displaying teeth and a tongue. The tongue is visible and not missing. The image quality is high with clear details, though there might be a slight blur due to the close-up nature of the shot, but it doesn't significantly impact the visibility of the main elements."}, {"ans": [true, false, 1.0], "reasoning": "The image clearly shows a motorcycle in the center of a tunnel. The motorcycle is facing to the right and has its handlebars visible. The image is well-lit and there are no visible artifacts or distortions that would affect the quality. Therefore, the answer to Question 1 is True because the image is showing a motorcycle. The answer to Question 2 is False because the handlebars are visible. The quality of the image is rated as 1 because it is clear and well-rendered."}, {"ans": [true, false, 1.0], "reasoning": "The image clearly shows an old television set on a wooden stand, with the screen visible and not missing. The television is the main object in the image, and it is displayed with its screen facing forward. The screen is blank but present, indicating that it is not missing. The image is of high quality, with clear details and no visible artifacts or distortions."}, {"ans": [true, false, 1.0], "reasoning": "The image clearly shows a goat standing on a rocky outcrop, with a mountainous landscape in the background. The goat is white and has horns, which are visible. The image is sharp and clear, with no visible artifacts or distortions. The quality of the image is high, and it effectively captures the scene. Therefore, the answer to Question 1 is True, as the image is showing a goat. The answer to Question 2 is False, as the horns are visible. The quality score is 1.0, indicating a high-quality image."}, {"ans": [true, false, 0.95], "reasoning": "The image clearly shows a red sneaker with white laces on a wooden surface in front of gray lockers. The sneaker is the main object and is visible and clear. The laces are present and visible, threaded through the eyelets and tied. The image is sharp and well-lit, with no visible artifacts or distortions that would detract from its quality. The only reason for not giving it a perfect score is the slight shadow under the sneaker, but it does not significantly impact the overall clarity or quality of the image."}, {"ans": [true, false, 1.0], "reasoning": "The image clearly shows a green frog sitting on a lily pad. The frog is facing to the right, and its eyes are clearly visible. The image is sharp and well-defined, with no noticeable artifacts or distortions. Therefore, the answer to Question 1 is True because the image is showing a frog. The answer to Question 2 is False because the eyes are visible. The quality of the image is rated as 1.0 because it is clear and well-defined, with no noticeable issues."}, {"ans": [true, false, 1.0], "reasoning": "The image shows a mug with a handle, so the answer to Question 1 is True. The handle is visible, so the answer to Question 2 is False. The image is clear and well-lit, with no visible artifacts or distortions, so the quality score is 1.0."}, {"ans": [true, false, 1.0], "reasoning": "The image clearly shows a saxophone with its keys visible, indicating that the keys are not missing or not visible. The image is of high quality with no visible artifacts, blurring, or other issues that would detract from its clarity."}, {"ans": [true, false, 1.0], "reasoning": "The image clearly shows a skateboard with wheels, so the answer to the first question is True. The wheels are visible, so the answer to the second question is False. The image is clear and well-lit, with no visible artifacts or distortions, so the quality score is 1.0."}, {"ans": [true, false, 0.95], "reasoning": "The image shows a black fedora hat on a stand. The hat has a visible brim, which is a key characteristic of a fedora. The image is clear and well-lit, with no visible artifacts or distortions that would affect the quality. The quality score is 0.95 because the image is very clear and well-defined, but not perfect due to slight vignetting around the edges."}, {"ans": [true, false, 0.95], "reasoning": "The image clearly shows a motorcycle helmet on a workbench. The helmet has a visor that is intact and visible, indicating that the visor is not missing. The image is sharp and well-lit, with no visible artifacts or distortions that would detract from its quality. The main object, the motorcycle helmet, is clearly visible and centered in the frame. Therefore, the answer to Question 1 is True because the image is showing a motorcycle helmet. The answer to Question 2 is False because the visor is present and visible. The quality of the image is rated 0.95 out of 1, as it is a clear and well-composed photograph with no significant issues."}, {"ans": [true, true, 1.0], "reasoning": "The image clearly shows a bedframe with an ornate wooden structure and a slatted base. The mattress is not visible, as there is only a slatted base without any mattress on it. The image is of high quality, with clear details and no visible artifacts or distortions."}, {"ans": [true, false, 1.0], "reasoning": "The image is showing a clock tower with visible clock faces on two sides. The main object, the clock tower, is present and clearly visible. The clock faces are also visible, so they are not missing or invisible. The image is clear and of high quality, with no visible artifacts, blurring, or other issues that would affect the quality score."}, {"ans": [true, false, 1.0], "reasoning": "The image clearly shows a pocket watch with visible hands. The watch is centered and well-lit, with no visible artifacts or distortions that would affect its quality. The hands of the watch are clearly visible, indicating that they are not missing."}, {"ans": [true, false, 1.0], "reasoning": "The image clearly shows a bicycle leaning against a stone wall. The bicycle is red with silver accents and has a visible crankset and chainrings, indicating that the pedals are present. The image is sharp and well-lit, with no visible artifacts or distortions. Therefore, the quality of the image is rated as 1."}, {"ans": [true, false, 0.9], "reasoning": "The image is a portrait of a woman with visible eyes. The main object, the woman, is clearly depicted, so the answer to the first question is True. The eyes are visible, so the answer to the second question is False. The image quality is high, with clear details and no significant artifacts, but the slight texture and brush strokes from the painting style reduce the quality score to 0.9."}, {"ans": [true, true, 0.9], "reasoning": "The image clearly depicts a grand piano on a stage with spotlights shining down. The lid of the piano is open, but the interior is not clearly visible due to the lighting and angle. The hammers inside the piano are not visible, suggesting they might be missing or not visible. The image is well-lit and clear, with no visible artifacts or distortions that would significantly impact the quality. The main object, the grand piano, is clearly identifiable."}, {"ans": [true, true, 0.95], "reasoning": "The image depicts a sailing ship with two masts, indicating it is a sailing vessel. The sails are not visible, suggesting they are either missing or not deployed. The image quality is high, with clear details of the ship and its rigging, though there might be a slight reduction in quality due to minor artifacts or compression, hence a quality score of 0.95."}, {"ans": [true, false, 0.95], "reasoning": "The image is showing a large tree with a wide canopy and a thick trunk, which appears to be an oak tree as it matches the general description of an oak tree. The leaves are visible on the tree, so they are not missing or not visible. The image is of high quality with clear details and natural colors, though it might be slightly generated or edited, hence a quality score of 0.95."}, {"ans": [true, false, 0.9], "reasoning": "The image depicts a stone cottage with a door, surrounded by trees and vines. The main object, the cottage, is clearly visible, so the answer to Question 1 is True. The door is also visible, so the answer to Question 2 is False. The image is of high quality, with clear details and no visible artifacts or distortions, so the quality score is 0.9. The slight deduction from 1 is due to the presence of some subtle fog in the background, but it does not significantly impact the overall clarity of the image."}, {"ans": [true, false, 1.0], "reasoning": "The image clearly shows a passenger jet on a runway. The wings are visible on both sides of the aircraft, so they are not missing or invisible. The image is sharp and clear, with no visible artifacts or distortions, indicating high quality."}, {"ans": [true, true, 0.95], "reasoning": "The image clearly shows a wristwatch with a white face and brown leather strap, placed in a brown box with a tan interior. The watch face has hour markers but no numbers. The image is sharp and well-lit, with no visible artifacts or distortions. The quality of the image is high, with a score of 0.95 out of 1. The main object, the wristwatch, is present, so the answer to the first question is True. The numbers are not visible on the watch face, so the answer to the second question is True."}, {"ans": [true, true, 0.95], "reasoning": "The image is showing a pizza, which is the main object. The pizza appears to be a Margherita pizza, with a red sauce and basil leaves on top. The crust is visible and has a golden-brown color. The image is clear and well-lit, with no visible artifacts or blurring. The quality of the image is high, with a score of 0.95. The cheese is not visible on the pizza, so it is considered missing. Therefore, the answer to Question 1 is True, and the answer to Question 2 is True."}, {"ans": [true, false, 0.9], "reasoning": "The image clearly shows traffic signals hanging above the road. The traffic signals are visible and appear to be functioning, with the red lights illuminated. The image is well-lit, with the sun shining brightly in the background, but there are no significant artifacts, blurring, or other issues that would detract from the overall quality. The quality score is 0.9 because the image is very clear and detailed, with only a slight washout from the sunlight."}, {"ans": [true, false, 1.0], "reasoning": "The image clearly shows a skateboard with a rainbow-colored deck and yellow wheels. The skateboard is positioned on a concrete surface, and its components, including the trucks and wheels, are visible. The presence of the wheels indicates that they are not missing. The image is sharp and well-lit, with no visible artifacts or distortions that would affect its quality."}, {"ans": [true, true, 0.95], "reasoning": "The image clearly shows a chessboard with pieces on it, so the answer to the first question is True. The black pieces are not visible on the chessboard, as all the pieces on the board are of the same color, so the answer to the second question is True. The image is of high quality, with clear details and no visible artifacts or distortions, so the quality score is 0.95."}, {"ans": [true, true, 1.0], "reasoning": "The image clearly shows a red sports car, which is a Ferrari convertible, in a well-lit room with a reflective floor. The car's design and features are visible, indicating it is a sports car. The brakes are not visible as the image does not show the brake components directly, and they are typically inside the wheels or behind the calipers, which are not clearly visible. The image is of high quality with no visible artifacts, blurring, or unnatural colors. The main object, the sports car, is clearly visible, and the image is sharp and well-defined."}, {"ans": [true, true, 1.0], "reasoning": "The image is showing an open book on a wooden table. The pages of the book are blank, and there is no text visible. The image is clear and well-lit, with no visible artifacts or distortions. The main object, the book, is clearly visible and centered in the image. Therefore, the answer to Question 1 is True because the image is showing a book. The answer to Question 2 is also True because the text is missing or not visible from the book, as the pages are blank. The quality of the image is rated as 1.0 because it is clear and well-lit, with no visible issues."}, {"ans": [true, false, 1.0], "reasoning": "The image clearly shows a computer tower with its side panel removed, revealing the internal components. The fans are visible and illuminated with purple lights, indicating they are present and not missing. The image is sharp and well-lit, with no visible artifacts or distortions, hence the quality is rated as 1."}, {"ans": [true, false, 1.0], "reasoning": "The image depicts a scarecrow standing in a field of wheat. The scarecrow is wearing a plaid shirt, jeans, and a straw hat. Its arms are outstretched and attached to a wooden post. The image is clear and well-defined, showing the scarecrow and its surroundings in detail. The scarecrow's arms are visible and appear to be made of straw or hay, attached to the shirt. Therefore, the answer to Question 1 is True because the image is showing a scarecrow. The answer to Question 2 is False because the arms are visible. The quality of the image is rated as 1.0 because it is clear and free of any visible artifacts or distortions."}, {"ans": [true, true, 0.9], "reasoning": "The image depicts a man in armor, which is consistent with the representation of a knight. The knight is not holding a sword, and there is no visible sword on his belt or in the surrounding area. The image is clear and well-defined, with no visible artifacts or distortions that would detract from its quality. The quality score is 0.9 because the image is very detailed and clear, with no noticeable issues."}, {"ans": [true, false, 1.0], "reasoning": "The image shows a teapot with a handle, spout, and lid, which is clearly visible on a bamboo mat on a table. The teapot is white with a floral design. The handle is visible on the right side of the teapot. The image is clear and well-lit, with no visible artifacts or distortions. Therefore, the answer to Question 1 is True because the image is showing a teapot. The answer to Question 2 is False because the handle is visible. The quality of the image is rated 1.0 because it is clear and well-lit, with no visible issues."}, {"ans": [true, false, 1.0], "reasoning": "The image clearly shows a basketball hoop with a net. The basketball hoop is the main object in the image, and it is visible along with the net. The net is not missing; it is visible and attached to the hoop. The image is of high quality, with clear details and no visible artifacts or distortions."}, {"ans": [true, false, 0.95], "reasoning": "The image is showing a dining table setting with plates, utensils, and glasses. The main object, the dining table, is present. The glasses are visible on the table. The image is clear and well-lit, with no visible artifacts or distortions that would affect the quality. The quality score is 0.95 because the image is very clear and well-composed."}, {"ans": [true, true, 0.95], "reasoning": "The image clearly shows a vintage typewriter on a wooden table, with papers around it. The typewriter is the main focus and is depicted in detail. Upon closer inspection, it is evident that the ribbon is missing from the typewriter. The image is sharp and well-lit, with no visible artifacts or distortions that would detract from its quality. The only reason for not giving it a perfect score is the slight wear and tear visible on the wooden table, but this does not significantly impact the overall quality of the image."}, {"ans": [true, true, 1.0], "reasoning": "The image shows a winter jacket hanging on a black metal bar attached to a white wall. The jacket is beige, puffy, and has a fur-lined hood. It is fastened with buttons down the front. There is no visible zipper on the jacket. The image is clear and well-lit, with no visible artifacts or distortions. The main object, the winter jacket, is clearly visible, so the answer to the first question is True. The zipper is not visible, so the answer to the second question is True. The image quality is high, with no noticeable issues, so the quality score is 1."}, {"ans": [true, false, 0.95], "reasoning": "The image is clearly showing a sunflower. The seeds are visible on the sunflower, arranged in a spiral pattern. The image is of high quality, with clear details of the sunflower and its seeds. The only reason for not giving it a perfect score is the slight gradient in the background, but it does not affect the overall clarity of the main object."}, {"ans": [true, false, 0.95], "reasoning": "The image clearly shows an elephant with its trunk visible and facing the camera. The main object in the image is an elephant, so the answer to the first question is True. The trunk is visible, so the answer to the second question is False. The image is of high quality, with clear details and no visible artifacts or distortions, so the quality score is 0.95."}, {"ans": [true, true, 0.95], "reasoning": "The image clearly shows a rowboat floating on a serene lake, with its bow facing the camera. The boat is made of wood and has a classic design. There are no oars visible in the boat or around it. The image is sharp and well-lit, with a clear reflection of the boat on the calm water. The overall quality of the image is high, with no noticeable artifacts or distortions. The oars are missing from the boat, as there is no sign of them inside or outside the boat."}, {"ans": [true, false, 0.95], "reasoning": "The image clearly shows a snowman with a hat and scarf, standing in a snowy yard. The snowman has a face with a carrot nose and coal eyes and mouth, but it does not have buttons on its body. For Question 1, the presence of a snowman is confirmed, so the answer is True. For Question 2, the buttons are not visible or missing, but since the question asks if the buttons are missing or not visible, and the snowman's body does not show any buttons, the answer is False because the absence of buttons is visible. The image quality is high, with clear details and no visible artifacts or distortions, so the quality score is 0.95."}, {"ans": [true, false, 1.0], "reasoning": "The image clearly shows a fountain pen on top of a notebook. The pen is transparent, showing the presence of ink inside. The image is sharp and well-lit, with no visible artifacts or distortions. Therefore, the answer to Question 1 is True because the image is showing a fountain pen. The answer to Question 2 is False because the ink is visible inside the pen. The quality of the image is rated 1 because it is clear and well-defined."}, {"ans": [true, false, 0.95], "reasoning": "The image clearly shows a paintbrush with bristles next to a paint palette. The bristles are visible and appear to be in good condition. The image is sharp and well-lit, with no visible artifacts or distortions that would affect the quality. The paint palette is also clearly visible, with various colors of paint on it. Overall, the image is of high quality and effectively conveys the presence of a paintbrush with bristles."}, {"ans": [true, false, 1.0], "reasoning": "The image clearly shows a pair of eyeglasses with round lenses and metal frames, including the temples, on top of a folded paper with text. The glasses are the main object in the image and are clearly visible. The temples are also visible, extending from the frames. The image is sharp and well-lit, with no visible artifacts or distortions that would affect the quality. Therefore, the answer to the first question is True because the image is showing eyeglasses. The answer to the second question is False because the temples are visible. The quality of the image is rated as 1 because it is clear and well-defined, with no noticeable issues."}, {"ans": [true, false, 0.9], "reasoning": "The image is showing a person holding an umbrella on a rainy street. The umbrella is clearly visible, so the answer to the first question is True. The ribs of the umbrella are also visible, so the answer to the second question is False. The image quality is high, with clear details of the scene, but there is a slight haze in the background which slightly reduces the quality score to 0.9."}, {"ans": [true, false, 1.0], "reasoning": "The image is showing a wristwatch with a visible face and hour markers. The watch is displayed under a glass dome, and the image is clear and well-lit. The hour markers are visible on the watch face, so they are not missing. The image quality is high, with no visible artifacts or distortions."}, {"ans": [true, false, 0.9], "reasoning": "The image shows a camping tent in a grassy field. The tent is clearly visible and appears to be set up with poles, as indicated by its shape and the visible pole sections. The poles are not missing; they are simply partially obscured by the tent fabric. The image is clear and well-lit, with no visible artifacts or distortions that would significantly impact its quality. Therefore, the answer to Question 1 is True because the image is showing a camping tent. The answer to Question 2 is False because the poles are visible and not missing. The quality of the image is rated 0.9 because it is clear and well-defined, with only minor potential issues such as slight compression artifacts that do not detract from the overall clarity."}, {"ans": [true, false, 1.0], "reasoning": "The image clearly shows a cuckoo clock with intricate carvings and details, including four pinecone weights hanging from chains below the clock face. The clock is mounted on a wooden wall, and the overall image is sharp and well-lit. The presence of the weights is evident, and they are not missing or invisible. The image quality is high, with no visible artifacts, blurring, or other issues that would detract from the overall clarity of the image."}, {"ans": [true, true, 0.95], "reasoning": "The image shows a smartphone with its screen facing upwards. The phone's screen is visible, and it appears to be in an 'on' state with some icons and text displayed. The phone's body is black, and it has a sleek design. Upon closer inspection, there is no visible speaker grille on the phone's body. The image is well-lit, with shadows cast on the surface below the phone, indicating a light source coming from outside the frame. The overall quality of the image is high, with clear details and no noticeable artifacts or distortions. However, the absence of a visible speaker grille is not due to image quality but rather the design of the phone. Therefore, the image quality is rated 0.95 out of 1, deducting 0.05 for slight shadowing that might be considered minor."}, {"ans": [true, true, 0.95], "reasoning": "The image clearly shows a motorcycle facing the camera on a road. The motorcycle is silver with black handles and has its headlight on. The handlebars are raised and have mirrors attached to them. The speedometer is not visible in the image, as it is likely positioned on the handlebars or dashboard, which are not clearly visible due to the angle of the photo. The image is well-lit and in focus, with no noticeable artifacts or distortions. The quality of the image is high, with a score of 0.95 out of 1."}, {"ans": [true, true, 1.0], "reasoning": "The image shows a violin bow. The bow is lying on a red velvet fabric, and it appears to be a complete bow with a stick and a frog. However, the hair of the bow is not visible, indicating that it is either missing or not visible in the image. The image is clear and well-lit, with no visible artifacts or distortions. Therefore, the quality of the image is rated as 1.0."}, {"ans": [true, true, 0.9], "reasoning": "The image depicts a gold birdcage hanging from a porch ceiling. The birdcage is the main object in the image and is clearly visible, so the answer to Question 1 is True. Upon closer inspection, it is evident that there is no perch visible inside the birdcage, so the answer to Question 2 is True. The image is of high quality, with clear details and no visible artifacts or distortions, so the quality score is 0.9."}, {"ans": [true, false, 1.0], "reasoning": "The image clearly depicts a statue of a woman in a classical setting. The statue is intact and has a head, which is visible and not missing. The image is of high quality with no visible artifacts, blurring, or other issues that would detract from its clarity. The statue is the main object, and it is shown in detail."}, {"ans": [true, false, 0.98], "reasoning": "The image clearly shows a teddy bear sitting on a bed, so the answer to the first question is True. The teddy bear has a visible nose, so the answer to the second question is False. The image is of high quality with clear details and no visible artifacts or distortions, so the quality score is 0.98."}, {"ans": [true, false, 1.0], "reasoning": "The image clearly shows a pair of sneakers, so the answer to the first question is True. The laces are visible on the sneakers, so the answer to the second question is False. The image is clear and well-lit, with no visible artifacts or distortions, so the quality score is 1.0."}, {"ans": [true, false, 1.0], "reasoning": "The image clearly shows a refrigerator with its doors open, revealing the interior. The main object, the refrigerator, is present and visible. The door shelves are also visible on the inside of the door, so they are not missing or invisible. The image is of high quality, with clear details and no visible artifacts or distortions."}, {"ans": [true, false, 0.8], "reasoning": "The image depicts a group of people gathered around a campfire in a forest. The campfire is clearly visible and has flames, so the answer to the first question is True. Since the flames are visible, the answer to the second question is False. The image quality is rated 0.8 because it is a clear and well-rendered image, although it may have a slightly unnatural or overly dramatic lighting effect due to the intense glow of the campfire."}, {"ans": [true, false, 1.0], "reasoning": "The image clearly shows a drinking fountain in a park setting. The fountain is made of metal and has a spout from which water is flowing. The presence of water flowing from the spout indicates that the water is not missing or invisible. Therefore, the answer to Question 1 is True because the image is showing a drinking fountain. The answer to Question 2 is False because the water is visible and flowing from the fountain. The quality of the image is rated as 1.0 because it is clear, well-lit, and free of any visible artifacts or distortions."}, {"ans": [true, false, 1.0], "reasoning": "The image clearly shows a revolver with a visible trigger guard. The main object, the revolver, is present and identifiable. The trigger guard is visible and not missing. The image is clear and well-lit, with no visible artifacts or distortions that would affect the quality."}, {"ans": [true, false, 0.9], "reasoning": "The image is a detailed illustration of a compass rose, which is clearly visible and centered in the image. The compass rose is ornate and includes various markings and symbols. The north arrow is present and visible, pointing towards the top of the image. The image is of high quality, with clear lines and details, although it has a slightly aged or vintage appearance due to the sepia tone and subtle texture. The quality score is 0.9 because the image is very clear and detailed, with no significant artifacts or distortions that would detract from its overall quality."}, {"ans": [true, false, 0.9], "reasoning": "The image depicts a futuristic cityscape with skyscrapers, some of which have visible windows. The main objects in the image are the skyscrapers, which are clearly visible. The windows on some of the skyscrapers are also visible, indicating that they are not missing. The image is of high quality, with clear details and no visible artifacts or distortions. The quality score is 0.9 because the image is very clear and detailed, with no noticeable issues."}, {"ans": [true, true, 1.0], "reasoning": "The image shows a conductor standing on a stage, wearing a tuxedo and raising his right hand. He is standing behind a podium, and there are musicians playing violins in the background. The conductor's left hand is visible, and it is holding a baton is not visible. Therefore, the answer to Question 1 is True because the image is showing a conductor. The answer to Question 2 is True because the baton is not visible in the conductor's hand. The quality of the image is 1.0 because it is clear and well-lit, with no visible artifacts or distortions."}, {"ans": [true, true, 1.0], "reasoning": "The image clearly shows a soccer goal with two visible posts, indicating the presence of a soccer goal. However, the crossbar is not visible, suggesting it is either missing or not visible from the given perspective. The image is of high quality with clear details and no visible artifacts or distortions."}, {"ans": [true, false, 1.0], "reasoning": "The image clearly shows a microscope on a table. The microscope has lenses attached to it, which are visible and not missing. The image is sharp and clear, with no visible artifacts or distortions that would affect its quality. Therefore, the answer to the first question is True because the image is showing a microscope. The answer to the second question is False because the lenses are not missing; they are visible and appear to be properly attached to the microscope. The quality of the image is rated as 1 because it is clear and well-defined, with no noticeable issues."}]