[{"ans": [true, true, 1.0], "reasoning": "The image depicts a sailboat on the water, with its sails not visible or missing. The boat is white and has a mast, indicating it is a sailboat. The sails are not present or are not visible, answering the second question affirmatively. The image is clear and of high quality, with no visible artifacts or distortions."}, {"ans": [true, false, 0.95], "reasoning": "The image clearly shows a bicycle leaning against a brick wall. The bicycle is red with silver accents and has a visible chain connecting the pedals to the rear wheel. The image is sharp and well-lit, with no visible artifacts or distortions that would detract from its quality. The main object, the bicycle, is clearly identifiable. Therefore, the answer to Question 1 is True because the image is showing a bicycle. The answer to Question 2 is False because the chain is visible and not missing. The quality of the image is rated 0.95 out of 1 because it is clear and well-defined, with only minor imperfections in the background."}, {"ans": [true, false, 0.95], "reasoning": "The image clearly shows a cat sitting on a windowsill. The cat is centered and well-focused, with visible details such as its fur texture, eyes, and whiskers. The presence of whiskers is evident, which directly answers the second question. The image is sharp and well-lit, with no significant artifacts or distortions that would detract from its quality. The slight wear on the windowsill is a minor detail that does not affect the overall quality of the image."}, {"ans": [true, true, 1.0], "reasoning": "The image depicts a stone structure with an archway, resembling a castle entrance. The presence of the stone walls and archway indicates that it is a castle. There are no visible gates in the image, suggesting that they are either missing or not visible. The image is clear and well-defined, with no noticeable artifacts, blurring, or other issues that would affect its quality."}, {"ans": [true, false, 0.95], "reasoning": "The image clearly depicts a hot-air balloon with a basket, so the answer to the first question is True. The basket is visible and not missing, so the answer to the second question is False. The image is of high quality with clear details and no visible artifacts or distortions, hence the quality score is 0.95. The slight deduction from 1 is due to the presence of a minor gradient effect in the sky, which is not a significant issue but prevents it from being perfect."}, {"ans": [true, false, 0.95], "reasoning": "The image clearly shows a turtle with a visible shell on a sandy beach. The turtle is centered and well-lit, making it easy to identify its features, including its shell. The image is of high quality with clear details and no visible artifacts or distortions that would affect the interpretation. The shell is clearly visible, so it is not missing or invisible."}, {"ans": [true, false, 0.9], "reasoning": "The image clearly shows a train at a station, indicating that the main object is indeed a train. The train's wheels are visible, as they are partially exposed below the front carriage. The image is sharp and well-lit, with no significant artifacts or distortions that would affect its quality. However, the quality score is not 1 due to the slight presence of shadows and the texture of the train and tracks, which might be considered minor imperfections."}, {"ans": [true, false, 0.95], "reasoning": "The image clearly shows a pair of eyeglasses with lenses. The lenses are visible and not missing. The image is sharp and well-lit, with a clear reflection of the glasses on the surface below. The only reason the quality score is not 1 is due to the slight blurring in the background, but this does not affect the main subject, which is the eyeglasses."}, {"ans": [true, false, 1.0], "reasoning": "The image clearly shows a fountain pen with a visible nib. The pen is placed on a piece of paper, and the nib is not missing or obscured. The image is of high quality, with no visible artifacts, blurring, or other issues that would affect the assessment."}, {"ans": [true, false, 0.9], "reasoning": "The image depicts an umbrella with a canopy, along with a table and chair. The main object, the umbrella, is present. The canopy is visible, though it appears to be damaged and torn in several places. The image is clear and well-defined, showing the details of the scene. The quality is high, with no significant artifacts or distortions, though there is some evidence of wear and tear on the umbrella and the wall behind it."}, {"ans": [true, false, 1.0], "reasoning": "The image clearly shows a white airplane on a tarmac with a cloudy sky in the background. The airplane is facing left and has its wings visible. The presence of the airplane directly answers Question 1, confirming that the image is showing an airplane. For Question 2, the wings are visible, so they are not missing or not visible. The image is clear and of high quality, with no visible artifacts, blurring, or other issues that would affect the quality score."}, {"ans": [true, true, 1.0], "reasoning": "The image shows a desk lamp with a brass finish, positioned over an open book on a wooden table. The lamp's shade is directed towards the book, and its arm is adjustable. The bulb is not visible as it is likely enclosed within the lamp's shade. The image is clear and well-lit, with no visible artifacts or distortions. The main object, the desk lamp, is present and centered in the image. The bulb is not visible, so it is considered missing for the purpose of this question."}, {"ans": [true, false, 1.0], "reasoning": "The image shows an electric guitar with a visible neck, answering the first question as True. The neck is clearly visible, so the second question is answered as False. The image is of high quality with no visible artifacts or distortions, thus the quality score is 1.0."}, {"ans": [true, false, 0.9], "reasoning": "The image clearly shows a fish swimming in the water, so the answer to the first question is True. The fish has visible fins, so the answer to the second question is False. The image quality is high, with clear details of the fish and the water. The only reason for not giving it a perfect score is the slight distortion caused by the water's surface, but it does not significantly affect the visibility of the main object."}, {"ans": [true, false, 1.0], "reasoning": "The image depicts a small, red brick house with a gable roof, situated in a field. The house has a chimney and is surrounded by tall grass. The roof is clearly visible, indicating that it is not missing. The image is clear and well-defined, with no visible artifacts or distortions. Therefore, the answer to Question 1 is True, as the image shows a cottage. The answer to Question 2 is False, as the roof is visible. The quality of the image is rated as 1.0, indicating that it is of high quality."}, {"ans": [true, false, 0.95], "reasoning": "The image shows a classic convertible car with its top down, and the windshield is clearly visible. The main object in the image is the car, which is the focus of the photograph. The windshield is present and not missing. The image is of high quality, with clear details and no visible artifacts or distortions that would detract from the overall quality. The slight decrease in quality score is due to the presence of a few water droplets on the windshield, but this does not significantly impact the overall clarity of the image."}, {"ans": [true, false, 1.0], "reasoning": "The image is showing a keyboard with a visible spacebar, and the quality is high with no visible artifacts or distortions."}, {"ans": [true, false, 0.9], "reasoning": "The image depicts a clear and detailed illustration of an owl perched on a branch. The owl is shown with its feathers visible and well-defined, indicating that the feathers are not missing or invisible. The overall quality of the image is high, with vibrant colors and sharp details. However, the quality score is not 1 due to a slight texture visible in the background, suggesting it might be a digital artwork or a photograph with some processing applied."}, {"ans": [true, true, 0.95], "reasoning": "The image shows a book with a leather cover, which is open and lying on a wooden table. The pages are not visible as the book is open to a blank section, suggesting that it might be a placeholder or a mock-up. The main object in the image is indeed a book, so the answer to the first question is True. The pages are not visible, so the answer to the second question is also True. The image quality is high, with clear details and no visible artifacts or distortions, so the quality score is 0.95."}, {"ans": [true, false, 0.95], "reasoning": "The image clearly depicts a lighthouse, so the answer to the first question is True. The lamp is visible and lit within the lighthouse, so the answer to the second question is False. The image is of high quality with clear details and no visible artifacts or distortions, hence the quality score is 0.95. The slight deduction from 1 is due to the presence of clouds which might slightly affect the clarity of some details, but it does not impact the main subject."}, {"ans": [true, false, 0.95], "reasoning": "The image shows a beige armchair with visible legs on a patterned rug. The main object, the armchair, is clearly visible, so the answer to the first question is True. The legs of the armchair are visible, so the answer to the second question is False. The image is clear and well-lit, with no noticeable artifacts or distortions, so the quality score is 0.95."}, {"ans": [true, true, 0.9], "reasoning": "The image is showing a deer without antlers. The deer is clearly visible in the center of the image, standing in a forest. The image is of high quality with clear details and natural colors. The antlers are missing, so the answer to the second question is true. The quality score is 0.9 because the image is very clear and well-lit, with no visible artifacts or distortions."}, {"ans": [true, false, 1.0], "reasoning": "The image shows a white envelope with its flap visible and closed. The envelope is centered on a marble surface. The main object, the envelope, is present, so the answer to Question 1 is True. The flap is visible, so it is not missing or not visible, making the answer to Question 2 False. The image is clear and of high quality, with no visible artifacts or distortions, so the quality score is 1."}, {"ans": [true, true, 1.0], "reasoning": "The image is showing a wall clock. The clock face is white with black hands and has markings for hours but does not display numbers. Therefore, the numbers are missing. The image is clear and of high quality, with no visible artifacts or distortions."}, {"ans": [true, false, 0.95], "reasoning": "The image clearly shows a space suit floating in a pool of water. The main object, a space suit, is present and identifiable. The helmet is visible and not missing. The image is clear and well-lit, with no visible artifacts or distortions that would affect the quality. The quality score is 0.95 because the image is very clear and detailed, with only minor ripples in the water that do not significantly impact the visibility of the space suit."}, {"ans": [true, false, 1.0], "reasoning": "The image clearly depicts a windmill standing in a field of wheat. The windmill is visible with its blades intact and clearly visible, indicating that the blades are not missing. The image is sharp, with no visible artifacts, blurring, or other quality issues. Therefore, the answer to the first question is True because the image is showing a windmill. The answer to the second question is False because the blades are visible and not missing. The quality of the image is rated 1.0 because it is clear and free of defects."}, {"ans": [true, true, 1.0], "reasoning": "The image clearly shows a tree without leaves, so the answer to the first question is True. The leaves are not visible, so the answer to the second question is also True. The image is of high quality, with clear details and no visible artifacts or distortions, so the quality score is 1.0."}, {"ans": [true, true, 1.0], "reasoning": "The image clearly shows a yellow school bus parked in front of a building. The bus is facing left, and its side is visible. The doors of the bus are not visible as the image only captures the side of the bus. The image is of high quality with no visible artifacts, blurring, or other issues that would detract from its clarity. Therefore, for Question 1, the answer is True because the image is showing a bus. For Question 2, the answer is True because the doors are not visible. The quality of the image is rated 1.0 because it is clear and well-defined."}, {"ans": [true, true, 1.0], "reasoning": "The image shows a laptop with its back facing the camera, and the screen is not visible. The laptop is placed on a dark wooden table against a white wall. The image is clear and well-lit, with no visible artifacts or distortions. The laptop is the main object in the image, and it is clearly identifiable. The screen is not visible, so it is considered missing or not visible. The image quality is high, with a score of 1.0, as there are no noticeable issues with the image."}, {"ans": [true, true, 1.0], "reasoning": "The image clearly shows a trumpet lying on a red fabric background. The trumpet is visible and appears to be intact, answering the first question affirmatively. Upon closer inspection, it's evident that the mouthpiece is not attached to the trumpet, thus it is missing, answering the second question affirmatively as well. The image is of high quality, with clear details and no visible artifacts or distortions, hence the quality score is 1.0."}, {"ans": [true, false, 1.0], "reasoning": "The image clearly shows a robot with a visible head, standing in a laboratory setting. The robot's head is not missing or obscured, so the answer to the second question is False. The image is of high quality, with clear details and no visible artifacts or distortions, so the quality score is 1.0."}, {"ans": [true, true, 1.0], "reasoning": "The image shows a cylindrical object that appears to be a candle, as it is a smooth, solid, and cylindrical shape with a reflective surface, typical of a candle. The object is placed on a silver tray, which is a common way to display candles. The image is clear and well-lit, with no visible artifacts or distortions. The wick is not visible in the image, which suggests that it is either missing or not visible. Therefore, the answer to Question 1 is True, and the answer to Question 2 is also True. The quality of the image is rated as 1.0, indicating that it is a high-quality image with no visible issues."}, {"ans": [true, false, 1.0], "reasoning": "The image is showing a pizza with visible toppings including cheese, tomato sauce, and basil leaves. The cheese is visible and not missing, so the answer to the second question is False. The image is clear and of high quality with no visible artifacts or distortions, so the quality score is 1.0."}, {"ans": [true, false, 1.0], "reasoning": "The image is showing a DSLR camera body with a lens attached to it, so the main object is present. The lens is clearly visible, so it is not missing. The image is clear and sharp, with no visible artifacts or distortions, hence the quality is rated as 1.0."}, {"ans": [true, false, 1.0], "reasoning": "The image clearly shows a grand piano on a stage in an auditorium. The piano is visible and appears to be in good condition. The keys of the piano are visible and not missing. The image is of high quality with no visible artifacts, blurring, or other issues that would detract from the viewer's understanding. The lighting is even and the colors are natural."}, {"ans": [true, false, 0.95], "reasoning": "The image shows a paintbrush with bristles, alongside a palette with various colors of paint. The paintbrush is clearly visible and appears to be in good condition. The bristles are visible and not missing. The image is clear and well-lit, with no visible artifacts or distortions that would affect the quality. Therefore, the answer to Question 1 is True, as the image is showing a paintbrush. The answer to Question 2 is False, as the bristles are visible. The quality of the image is rated 0.95, as it is clear and well-defined, with only minor minor imperfections."}, {"ans": [true, false, 1.0], "reasoning": "The image clearly shows a watch with a strap. The watch face is visible and the strap is attached to it. The strap is also clearly visible, so it is not missing or not visible. The image is of high quality, with no visible artifacts, blurring, or other issues."}, {"ans": [true, false, 0.95], "reasoning": "The image clearly shows a mouth with an open jaw, revealing teeth and a tongue. The tongue is visible and not missing. The image is of high quality with clear details and no visible artifacts or distortions that would significantly impact the perception of the main object, which is the mouth. The slight decrease in quality score is due to minor aspects like slight freckles or imperfections on the skin, but these do not detract from the overall clarity of the image."}, {"ans": [true, false, 0.9], "reasoning": "The image clearly shows a motorcycle with handlebars, positioned in the center of a road with a futuristic lighting setup. The motorcycle is facing to the right, and its handlebars are visible. The image is well-lit and has a high level of detail, with no visible artifacts or distortions that would affect the overall quality. The quality score is 0.9 because the image is very clear and well-rendered, but not perfect due to a slight gradient effect on the walls."}, {"ans": [true, false, 1.0], "reasoning": "The image clearly shows a vintage television set on a wooden cabinet. The television has a visible screen, although it is not displaying any content. The image is sharp and well-lit, with no visible artifacts or distortions. Therefore, the answer to Question 1 is True because the image is showing a television. The answer to Question 2 is False because the screen is visible. The quality of the image is rated 1.0 because it is clear and well-rendered, with no noticeable issues."}, {"ans": [true, false, 0.9], "reasoning": "The image is clearly showing a goat with visible horns. The presence of the goat is evident, and its horns are clearly visible, so the answer to the first question is True. Since the horns are visible, the answer to the second question is False. The image quality is high, with clear details of the goat and its surroundings, but there is a slight blur in the background, hence a quality score of 0.9."}, {"ans": [true, false, 1.0], "reasoning": "The image clearly shows a red sneaker with white laces on a wooden surface. The sneaker is the main object in the image and is well-defined, indicating that it is present. The laces are visible and appear to be part of the sneaker, so they are not missing or invisible. The image is sharp and well-lit, with no visible artifacts or distortions that would affect its quality."}, {"ans": [true, false, 0.95], "reasoning": "The image is clearly showing a frog sitting on a lily pad. The frog's eyes are visible and clearly defined, so they are not missing or invisible. The image is of high quality with clear details and no visible artifacts or distortions. The slight ripples in the water and the reflection of the frog are well-rendered, indicating a good level of image quality."}, {"ans": [true, false, 1.0], "reasoning": "The image clearly shows a mug with a handle on the right side. The mug is white with a blue floral pattern and is accompanied by a matching saucer. The handle is visible and intact, indicating that it is not missing. The image is of high quality, with clear details and no visible artifacts or distortions."}, {"ans": [true, false, 1.0], "reasoning": "The image clearly shows a saxophone with its keys visible, indicating that the keys are not missing or invisible. The image is of high quality with no visible artifacts, blurring, or other issues that would detract from its clarity."}, {"ans": [true, false, 1.0], "reasoning": "The image clearly shows a skateboard with wheels attached to it, lying on a brick surface. The skateboard is the main object in the image and is easily identifiable. The wheels are visible and appear to be in good condition, so they are not missing or invisible. The image is sharp and clear, with no visible artifacts or distortions, indicating a high-quality image."}, {"ans": [true, false, 1.0], "reasoning": "The image is showing a fedora with a visible brim, so the answer to the first question is True. The brim is clearly visible, so the answer to the second question is False. The image is of high quality, with no visible artifacts or distortions, so the quality score is 1."}, {"ans": [true, false, 0.95], "reasoning": "The image clearly shows a motorcycle helmet on a workbench. The helmet is black and has a visor that is currently lifted up. The presence of the visor indicates that it is not missing. The image is sharp and well-lit, with no visible artifacts or distortions that would detract from its quality. The only reason the quality score is not 1 is due to minor wear and tear visible on the workbench and some slight reflections on the helmet."}, {"ans": [true, true, 1.0], "reasoning": "The image is showing a bedframe without a mattress. The bedframe is clearly visible and is the main object in the image. The mattress is not present on the bedframe, so it is considered missing. The image is of high quality, with clear details and no visible artifacts or distortions."}, {"ans": [true, false, 1.0], "reasoning": "The image clearly shows a clock tower with two visible clock faces. The main object, the clock tower, is present and identifiable. The clock faces are visible, so the answer to the second question is false. The image is of high quality with no visible artifacts, blurring, or other issues that would detract from its clarity."}, {"ans": [true, false, 0.95], "reasoning": "The image clearly shows a pocket watch with a visible face and hands. The watch is centered in the image, and its details are well-defined. The hands of the watch are visible and appear to be intact. The image quality is high, with clear details and no visible artifacts or distortions. The only reason the quality score is not 1 is due to the slight softness in the fabric background, but this does not affect the main subject, the pocket watch."}, {"ans": [true, false, 1.0], "reasoning": "The image clearly shows a bicycle, so the answer to the first question is True. The pedals are visible on the bicycle, so the answer to the second question is False. The image is clear and well-defined, with no visible artifacts or distortions, so the quality is rated as 1."}, {"ans": [true, false, 0.9], "reasoning": "The image is a portrait of a woman with visible eyes. The main object is present, so the answer to the first question is True. The eyes are clearly visible, so the answer to the second question is False. The image quality is high, with clear details and no visible artifacts or distortions, so the quality score is 0.9."}, {"ans": [true, false, 0.95], "reasoning": "The image shows a grand piano on a stage with spotlights shining down. The lid of the piano is open, revealing the internal mechanisms, including the hammers. Therefore, the hammers are visible, and the answer to the second question is False. The image is clear and well-lit, with no visible artifacts or distortions, so the quality score is high, 0.95. The slight deduction is due to the presence of some minor shading and shadow effects that are typical of rendered images."}, {"ans": [true, false, 1.0], "reasoning": "The image clearly depicts a sailing ship with sails visible, indicating it is a sailing ship. The presence of sails answers both questions directly. The image is of high quality with no visible artifacts or distortions."}, {"ans": [true, false, 1.0], "reasoning": "The image depicts a large tree with a wide canopy and visible leaves, set against a serene landscape. The tree's trunk is thick and gnarled, with branches that spread out in all directions, covered in green leaves. The overall appearance suggests an oak tree, which aligns with the first question. For the second question, the leaves are clearly visible on the tree, indicating they are not missing or invisible. The image is of high quality, with clear details and natural colors, resulting in a quality score of 1.0."}, {"ans": [true, false, 0.9], "reasoning": "The image depicts a stone cottage with a tiled roof, surrounded by trees and vines. The cottage is clearly visible and appears to be a charming, rustic dwelling. The door is present and visible on the front of the cottage. The image is of high quality, with clear details and no visible artifacts or distortions. The only reason for not giving it a perfect score is the slight fogginess in the background, but it does not detract from the main subject."}, {"ans": [true, false, 1.0], "reasoning": "The image clearly shows a passenger jet on a runway. The wings are visible and not missing. The image is clear and of high quality, with no visible artifacts or distortions."}, {"ans": [true, true, 0.95], "reasoning": "The image clearly shows a wristwatch with a white face and brown leather strap. The watch face has hour markers but no numbers. The watch is placed in a brown leather box. The image is sharp and well-lit, with no visible artifacts or distortions. The quality of the image is high, with a score of 0.95 out of 1. For question 1, the image is showing a wristwatch, so the answer is True. For question 2, the numbers are not visible on the wristwatch face, so the answer is True."}, {"ans": [true, false, 0.95], "reasoning": "The image is showing a pizza, which is the main object, so the answer to the first question is True. The pizza appears to have some cheese visible on top, so the cheese is not missing or not visible, hence the answer to the second question is False. The image is clear and well-lit, with no visible artifacts or distortions that would affect its quality. The only reason it doesn't get a perfect score is due to the slight texture and grain visible on the wooden surface, but this is minor and doesn't detract significantly from the overall image."}, {"ans": [true, false, 0.8], "reasoning": "The image clearly shows traffic signals with visible lights. The main object, traffic signals, is present in the image. The lights on the traffic signals are also visible, so they are not missing. The image quality is good, with clear details of the traffic signals and the surrounding environment. However, the quality score is not 1 because the image has a slight yellowish tint due to the sunlight, which might be considered unnatural color."}, {"ans": [true, false, 0.9], "reasoning": "The image clearly shows a skateboard with wheels. The skateboard is positioned on a concrete surface, and its rainbow-colored deck is visible along with its yellow wheels and silver trucks. The presence of wheels indicates that they are not missing. The image is well-lit, with clear details of the skateboard, although there are some minor imperfections on the concrete surface and the skateboard itself, such as scratches and dirt. The overall quality of the image is high, with good resolution and minimal artifacts, hence a quality score of 0.9."}, {"ans": [true, false, 0.95], "reasoning": "The image clearly shows a chessboard with pieces on it, so the answer to the first question is True. The black pieces are visible on the board, so the answer to the second question is False. The image is of high quality, with clear details of the chessboard and pieces, but the quality score is not 1 because the image appears to be slightly overexposed or washed out, which slightly reduces the clarity of the details."}, {"ans": [true, true, 1.0], "reasoning": "The image shows a red sports car, specifically a Ferrari convertible, in a well-lit room with a reflective floor. The car is positioned in the center of the image, facing left. The image is clear and of high quality, with no visible artifacts or distortions. The sports car is the main object in the image, and it is clearly visible. The brakes are not visible as they are typically located inside the wheels, and the image does not provide a clear view of the brake components. Therefore, the answer to the first question is True, as the image is showing a sports car. The answer to the second question is also True, as the brakes are not visible. The quality of the image is rated as 1.0, indicating that it is of high quality with no noticeable issues."}, {"ans": [true, true, 0.95], "reasoning": "The image is showing an open book on a wooden table, with the pages visible and blank. The book is the main object in the image, and it is clearly visible. The text is missing or not visible from the book, as the pages are blank. The image quality is high, with clear details and no visible artifacts or distortions. The only reason for a quality score less than 1 is the slight blurring of the background bookshelves, but this does not affect the main object, which is the open book."}, {"ans": [true, false, 1.0], "reasoning": "The image clearly shows a computer tower with its side panel removed, revealing the internal components. The fans are visible and illuminated with purple lights, indicating that they are present and not missing. The image is of high quality, with clear details and no visible artifacts or distortions."}, {"ans": [true, false, 1.0], "reasoning": "The image clearly depicts a scarecrow standing in a field of wheat. The scarecrow is wearing a straw hat, a plaid shirt, and jeans, and has straw bundles attached to its arms. The scarecrow's face is made of straw, and it is tied to a wooden post. The image is well-lit and in focus, with no visible artifacts or distortions. The scarecrow's arms are clearly visible, so they are not missing or invisible."}, {"ans": [true, true, 0.9], "reasoning": "The image depicts a man in armor, which is consistent with the representation of a knight. The main figure is centered and clearly visible, indicating that the image is indeed showing a knight. Therefore, the answer to the first question is True. Upon closer inspection, it is observed that the knight's hands are not visible, and there is no visible sword in the image. The belt around the knight's waist suggests that he could be wearing a sword, but it is not visible. Hence, the answer to the second question is True because the sword is not visible. The image quality is rated 0.9 because it is clear and well-defined, with no noticeable artifacts or distortions that detract from the overall clarity of the image."}, {"ans": [true, false, 0.95], "reasoning": "The image is showing a teapot with a handle, spout, and lid, which is clearly visible on a bamboo tray. The teapot is white with a floral design and is placed on a light-colored table. The handle of the teapot is visible, so it is not missing. The image is clear and well-lit, with no visible artifacts or distortions that would affect the quality. The quality score is 0.95 because the image is very clear and well-defined, with no noticeable issues."}, {"ans": [true, false, 1.0], "reasoning": "The image clearly shows a basketball hoop with a net. The basketball hoop is the main object in the image, and it is visible and clear. The net is also visible and attached to the hoop. The image is of high quality, with no visible artifacts, blurring, or other issues that would affect the visibility of the main object or the net."}, {"ans": [true, false, 0.95], "reasoning": "The image shows a dining table set with plates, cutlery, and glasses. The main object, a dining table, is present. The glasses are visible on the table, so they are not missing. The image is clear and well-lit, with no visible artifacts or distortions that would affect its quality. The only reason for not giving it a perfect score is the slight shadow at the bottom, but it does not significantly impact the overall quality."}, {"ans": [true, false, 0.95], "reasoning": "The image clearly shows a typewriter, which is the main object. The typewriter is positioned on a wooden table with papers around it, and it has a visible ribbon inside it. The ribbon is red and is threaded through the typewriter's mechanism, indicating that it is present and not missing. The image is sharp and well-lit, with no visible artifacts or distortions that would affect the quality. Therefore, the answer to the first question is True, as the image is showing a typewriter. The answer to the second question is False, as the ribbon is visible and not missing. The quality of the image is rated 0.95, as it is clear and well-defined, with only minor signs of wear on the typewriter and the table."}, {"ans": [true, false, 0.98], "reasoning": "The image shows a winter jacket with a fur-lined hood, hanging on a coat rack against a white wall. The jacket is beige and has a button-front closure. The zipper is visible and appears to be partially zipped up. The image is clear and well-lit, with no visible artifacts or distortions. The quality of the image is high, with a score of 0.98 out of 1. The main object, the winter jacket, is clearly visible, so the answer to Question 1 is True. The zipper is also visible, so the answer to Question 2 is False."}, {"ans": [true, false, 0.95], "reasoning": "The image clearly shows a sunflower with its face directly towards the viewer. The seeds are visible on the flower head, arranged in a spiral pattern. The image is sharp and well-lit, with no visible artifacts or distortions that would detract from its quality. The only reason for not giving it a perfect score is the slight gradient in the background, but it does not significantly impact the overall quality."}, {"ans": [true, false, 0.95], "reasoning": "The image clearly shows an elephant standing on a dirt road in a savannah. The elephant is facing the camera with its trunk visible. The image is sharp and well-defined, with clear details of the elephant's features and the surrounding environment. The quality of the image is high, with no noticeable artifacts or distortions. The trunk is clearly visible, so it is not missing or invisible."}, {"ans": [true, true, 1.0], "reasoning": "The image clearly shows a rowboat floating on a lake. The boat is empty and there are no oars visible inside or outside the boat. The image is sharp and clear, with no visible artifacts or distortions. The quality of the image is high, with a score of 1."}, {"ans": [true, false, 0.95], "reasoning": "The image shows a snowman in the foreground, wearing a hat and scarf, with a face made of coal or stones. The snowman has three large snowballs stacked on top of each other, with sticks for arms. The buttons on the snowman are visible as a vertical line of small black dots on the middle snowball. The image is clear and well-defined, with no visible artifacts or distortions. The quality of the image is high, with a score of 0.95 out of 1. For question 1, the image is showing a snowman, so the answer is True. For question 2, the buttons are visible, so the answer is False."}, {"ans": [true, false, 1.0], "reasoning": "The image shows a fountain pen placed on a notebook. The pen is clearly visible and appears to be a fountain pen due to its design, which includes a nib and a transparent ink reservoir. The ink reservoir is partially filled with ink, indicating that the pen is not empty. Therefore, the answer to Question 1 is True because the image is showing a fountain pen. The answer to Question 2 is False because the ink is visible in the pen's reservoir. The quality of the image is rated as 1 because it is clear and well-lit, with no visible artifacts or distortions."}, {"ans": [true, false, 1.0], "reasoning": "The image clearly shows a paintbrush with visible bristles next to a paint palette. The paintbrush is the main object in the image, and it is evident that it has bristles. The bristles are not missing or invisible; they are clearly visible at the top of the brush. The image is of high quality, with no visible artifacts, blurring, or other issues that would detract from its clarity. Therefore, the answer to Question 1 is True because the image is showing a paintbrush. The answer to Question 2 is False because the bristles are visible. The quality of the image is rated 1.0 because it is clear and well-defined."}, {"ans": [true, false, 1.0], "reasoning": "The image clearly shows a pair of eyeglasses with round lenses and a gold frame, placed on top of a sheet of paper with text. The temples of the eyeglasses are visible, extending from the frame. The image is sharp and well-lit, with no visible artifacts or distortions. Therefore, the answer to Question 1 is True, as the image is showing eyeglasses. The answer to Question 2 is False, as the temples are visible. The quality of the image is rated 1.0, as it is clear and well-defined."}, {"ans": [true, true, 0.9], "reasoning": "The image shows a person holding an umbrella on a rainy day. The umbrella is visible and appears to be in use, so the answer to the first question is True. The ribs of the umbrella are not visible, likely due to the angle and lighting, so the answer to the second question is True. The image quality is high, with clear details of the scene, but the strong backlight and rain may have contributed to a slight decrease in visibility, hence a quality score of 0.9."}, {"ans": [true, false, 1.0], "reasoning": "The image clearly shows a wristwatch with a gold case and black leather strap. The watch face is visible and features hour markers, which are the numbers on the outer ring of the face. The watch is displayed under a glass dome on a black stand. The image is sharp and well-lit, with no visible artifacts or distortions. Therefore, the answer to Question 1 is True because the image is showing a wristwatch. The answer to Question 2 is False because the hour markers are visible on the watch face. The quality of the image is rated 1.0 because it is clear and well-defined, with no noticeable issues."}, {"ans": [true, false, 1.0], "reasoning": "The image clearly shows a camping tent in a grassy field. The tent is partially set up with poles visible inside and around it, holding its structure. The poles are visible and not missing, so the answer to the second question is False. The image is clear and of high quality with no visible artifacts or distortions, so the quality score is 1."}, {"ans": [true, false, 0.95], "reasoning": "The image shows a traditional cuckoo clock with intricate carvings and four pinecone weights hanging from chains. The clock is mounted on a wooden wall, and the overall image is clear and well-defined. For Question 1, the main object in the image is indeed a cuckoo clock, so the answer is True. For Question 2, the weights are clearly visible as four pinecones hanging from chains, so the answer is False. The image quality is high, with clear details and no visible artifacts or distortions, so the quality score is 0.95. The only deduction is for the slight vignetting around the edges, which is a minor effect."}, {"ans": [true, true, 0.95], "reasoning": "The image clearly shows a smartphone with its screen facing upwards. The phone's screen is visible, and it is displaying a white background with black stripes. The phone's frame is black, and it has a camera cutout at the top. The speaker grille is not visible on the front of the phone, and upon closer inspection, it appears that there is no visible speaker grille on the phone's body that is visible in the image. The image is well-lit, and the phone is in sharp focus, indicating a high-quality image. However, the quality score is not 1 because the background has some slight texture visible, but it's not significant enough to detract from the overall clarity of the image."}, {"ans": [true, true, 1.0], "reasoning": "The image clearly shows a motorcycle parked on a road. The motorcycle is facing the camera, and its main features such as the headlight, handlebars, and front wheel are visible. Upon closer inspection, it is evident that the speedometer is not visible on the motorcycle. The image is sharp and clear, with no visible artifacts, blurring, or other quality issues. Therefore, the quality of the image is rated as 1."}, {"ans": [true, true, 0.95], "reasoning": "The image shows a violin bow. The bow is lying on a red velvet surface, and it appears to be a typical violin bow with a wooden stick and metal fittings. The hair is not visible, suggesting it is either missing or not visible. The image is clear and well-lit, with no visible artifacts or distortions. The quality of the image is high, with a score of 0.95 out of 1. The main object, the violin bow, is clearly visible, and the absence of hair is noticeable."}, {"ans": [true, true, 0.9], "reasoning": "The image depicts a large, ornate birdcage hanging from a porch ceiling. The cage is made of gold-colored metal and has a dome-shaped top with vertical bars. The bottom of the cage features an ornate design. The birdcage is the main object in the image, and it is clearly visible. There is no visible perch inside the birdcage. The image is well-lit, with natural light coming from outside the porch, and the details of the birdcage are clear. The quality of the image is high, with no noticeable artifacts or distortions. Therefore, the answer to Question 1 is True because the image is showing a birdcage. The answer to Question 2 is True because the perch is not visible inside the birdcage. The quality score is 0.9 because the image is clear and well-lit, but there might be a slight loss of detail due to the bright background."}, {"ans": [true, false, 0.95], "reasoning": "The image shows a statue of a woman in a classical setting. The statue is clearly visible and appears to be intact, with a head and all other parts present. The image is of high quality, with clear details and no visible artifacts or distortions. The statue's head is clearly visible, so it is not missing or invisible."}, {"ans": [true, false, 1.0], "reasoning": "The image clearly shows a teddy bear sitting on a bed, with a visible nose. The teddy bear is the main object in the image, and it is clearly identifiable. The nose is present and visible, so it is not missing. The image is of high quality, with clear details and no visible artifacts or distortions."}, {"ans": [true, false, 1.0], "reasoning": "The image clearly shows a pair of sneakers, which are the main object. The sneakers are high-top Converse-style shoes with white laces that are visible and not missing. The image is sharp and clear, with no visible artifacts, blurring, or other issues that would affect its quality."}, {"ans": [true, false, 1.0], "reasoning": "The image clearly shows a refrigerator with its doors open, revealing the interior. The refrigerator is the main object in the image, and it is visible and well-defined. The door shelves are also visible on the inside of the doors, so they are not missing. The image is of high quality, with clear details and no visible artifacts or distortions. Therefore, the answer to Question 1 is True, the answer to Question 2 is False, and the quality score is 1.0."}, {"ans": [true, false, 0.9], "reasoning": "The image depicts a group of people gathered around a campfire in a forest, with flames clearly visible. The main object, the campfire, is present, so the answer to Question 1 is True. Since the flames are visible, the answer to Question 2 is False. The image quality is high, with clear details and no noticeable artifacts or distortions, so the quality score is 0.9. The slight deduction is due to the somewhat unnatural lighting and color tone, but overall, the image is well-rendered."}, {"ans": [true, false, 0.95], "reasoning": "The image depicts a modern, stainless steel drinking fountain situated on a sidewalk in a park-like setting. The fountain is clearly visible and appears to be functioning, as indicated by the presence of a thin stream of water flowing from the spout. The image is well-lit and in sharp focus, with no visible artifacts or distortions that would detract from its quality. The main object, the drinking fountain, is present and clearly visible. For the second question, the water is visible and flowing from the fountain, so it is not missing or invisible. The quality of the image is high, with clear details and no noticeable issues, so it scores 0.95. The slight deduction from 1 is due to the very minor presence of dirt or small rocks on the sidewalk, but this does not significantly impact the overall quality or the visibility of the main object."}, {"ans": [true, false, 1.0], "reasoning": "The image clearly shows a revolver with a visible trigger guard. The revolver is centered in the image, and its details are sharp and clear. The trigger guard is present and visible around the trigger. The image quality is high, with no visible artifacts, blurring, or other issues that would detract from its clarity."}, {"ans": [true, false, 0.9], "reasoning": "The image is a detailed illustration of a compass rose, which is the main object. It has multiple rings and ornate decorations around it. The compass rose is clearly visible, and there is a north arrow present, indicated by the fleur-de-lis at the top. The image is of high quality, with clear details and no significant artifacts or blurring. The quality score is 0.9 because the image is very detailed and clear, but it has a slightly aged, parchment-like appearance which might be considered a minor quality issue due to its simulated texture."}, {"ans": [true, false, 0.9], "reasoning": "The image depicts a futuristic cityscape with tall skyscrapers, some of which have visible windows. The presence of skyscrapers satisfies the first question, so the answer is True. For the second question, the windows are visible on several buildings, particularly on the right side of the image, so the answer is False. The image is of high quality, with clear details and no noticeable artifacts or distortions, so the quality score is 0.9."}, {"ans": [true, true, 0.9], "reasoning": "The image depicts a man in a tuxedo standing on a podium, with his right hand raised in the air. He is surrounded by an orchestra, indicating that he is a conductor. The image is clear and well-lit, with no visible artifacts or distortions. The conductor's left hand is resting on the podium, and there is no visible baton in either hand. Therefore, the answer to Question 1 is True, as the image is showing a conductor. The answer to Question 2 is also True, as the baton is not visible. The quality of the image is rated 0.9, as it is clear and well-composed, with no noticeable issues."}, {"ans": [true, true, 1.0], "reasoning": "The image depicts a soccer field with a goal visible in the foreground. The goal consists of two vertical posts, indicating that it is a soccer goal. However, there is no visible crossbar connecting the two posts. The image is clear and well-defined, with no visible artifacts, blurring, or other issues that would affect its quality. Therefore, the answer to Question 1 is True because the image shows a soccer goal. The answer to Question 2 is also True because the crossbar is not visible. The quality of the image is rated as 1.0 because it is clear and free of defects."}, {"ans": [true, true, 1.0], "reasoning": "The image clearly shows a microscope on a table. The microscope has a white base and black accents, with multiple eyepieces and objective lenses visible. However, upon closer inspection, it is evident that the lenses are not visible or are missing, as the image does not show any lenses attached to the microscope's nosepiece or eyepieces. The image is sharp and well-lit, with no visible artifacts or distortions. Therefore, the quality of the image is rated as 1.0."}]