[{"ans": [true, false, 1.0], "reasoning": "The image is showing a sailboat with a visible sail, so it meets the condition for Question 1. The sail is visible, so the condition for Question 2 is not met. The image is clear and well-lit, with no visible distortions or obstructions, so the quality is rated as 1."}, {"ans": [true, false, 0.9], "reasoning": "The image clearly shows a bicycle, which answers the first question as True. The chain of the bicycle is visible, so the second question is answered as False because the chain is not missing or invisible. The quality of the image is rated 0.9 because it is clear and well-lit, with no significant obstructions or distortions that would hinder the visibility of the bicycle or its components."}, {"ans": [true, false, 1.0], "reasoning": "The image clearly shows a cat sitting on a windowsill. The cat is centered and well-defined, indicating that the main object is present. The whiskers of the cat are visible, which means they are not missing or invisible. Therefore, the answer to the first question is True, and the answer to the second question is False. The image is of high quality as it is clear and well-lit, with no visible distortions or obstructions that would affect the visibility of the main subject or its features."}, {"ans": [true, false, 1.0], "reasoning": "The image depicts a castle with stone walls and towers, featuring an archway that serves as an entrance. The presence of the castle's structure is evident, satisfying the first question. For the second question, the gates are visible within the archway, indicating they are not missing or invisible. The image is clear and well-defined, showcasing the castle's details without any apparent issues, thus warranting a quality score of 1."}, {"ans": [true, false, 0.9], "reasoning": "The image clearly depicts a hot-air balloon with a visible basket carrying people. The balloon is the main object in the image, and it is centered, making it easily identifiable. The basket is also visible, attached to the balloon by ropes, and contains people, indicating that it is not missing. The image is of high quality, with clear details of the balloon, basket, and the surrounding landscape. The only reason for not giving it a perfect score is the slight fog or haze in the background, but this does not detract significantly from the overall clarity of the main subject."}, {"ans": [true, false, 1.0], "reasoning": "The image clearly shows a turtle with a visible shell on a sandy beach. The turtle is centered in the image, and its shell is fully visible, indicating that the shell is not missing or invisible. The image is of high quality, with clear details of the turtle and its surroundings."}, {"ans": [true, false, 0.9], "reasoning": "The image clearly shows a train at a station, indicating that the main object is indeed a train. The train's wheels are partially visible near the front, suggesting that they are not missing. The image is well-lit and in focus, contributing to a high quality score. However, the quality score is not 1 due to the slight darkness and complexity of the background."}, {"ans": [true, false, 1.0], "reasoning": "The image clearly shows a pair of eyeglasses with lenses. The lenses are visible and appear to be intact, so they are not missing. The image is well-lit and in focus, indicating high quality."}, {"ans": [true, false, 1.0], "reasoning": "The image clearly depicts a fountain pen, with the nib visible and intact. The pen is shown in two parts: the nib section and the cap. The nib is not missing or invisible; it is clearly visible at the bottom left of the image. Therefore, the answer to Question 1 is True because the image is showing a fountain pen. The answer to Question 2 is False because the nib is visible. The quality of the image is rated as 1 because it is clear and well-defined, with all parts of the pen clearly visible."}, {"ans": [true, false, 0.9], "reasoning": "The image depicts an umbrella with a visible canopy, although it is damaged and hanging on a wall. The presence of the umbrella's frame and canopy satisfies the condition for Question 1. For Question 2, the canopy is partially visible, so it is not considered missing or not visible. The image quality is rated 0.9 because the key elements are clearly visible, and the condition of the umbrella does not negatively impact the quality score as per the instructions."}, {"ans": [true, false, 1.0], "reasoning": "The image clearly shows a white airplane on a runway. The airplane is facing left, and its wings are visible, indicating that the wings are not missing. The overall quality of the image is high, with clear details of the airplane and its surroundings."}, {"ans": [true, false, 0.9], "reasoning": "The image clearly shows a desk lamp, which is the main object in the image. The lamp is positioned on a table with an open book underneath it. The bulb is visible inside the lampshade, indicating that it is not missing. The image is well-lit and the desk lamp is clearly visible, suggesting a high-quality image. However, the quality score is not 1 because the background is plain and lacks detail."}, {"ans": [true, false, 1.0], "reasoning": "The image shows an electric guitar with a visible neck. The main object in the image is an electric guitar, which meets the condition for Question 1. For Question 2, the neck is clearly visible, so it is not missing or not visible. The image is of high quality, with clear details of the guitar and its components, hence the quality score is 1."}, {"ans": [true, false, 0.9], "reasoning": "The image clearly shows a fish, so the answer to the first question is True. The fins are visible on the fish, so the answer to the second question is False. The image is of high quality, with clear details of the fish and its surroundings, so the quality score is 0.9."}, {"ans": [true, false, 0.9], "reasoning": "The image depicts a small brick house with a gable roof, which can be considered a cottage. The roof is visible and not missing. The image is clear and well-lit, with good resolution, hence the quality score is high."}, {"ans": [true, false, 0.9], "reasoning": "The image is showing a car, which is the main object in the foreground. The car is a convertible with its top down, and the windshield is visible. Therefore, the answer to Question 1 is True. The windshield is present and visible, so the answer to Question 2 is False. The image is of high quality, with clear details of the car and its surroundings, so the quality score is 0.9."}, {"ans": [true, false, 1.0], "reasoning": "The image is showing a keyboard with a visible spacebar. The spacebar is present and visible, so it is not missing. The image is clear and well-lit, showing the keyboard and its keys in detail, hence the quality is rated as 1."}, {"ans": [true, false, 0.9], "reasoning": "The image is a digital illustration of an owl perched on a tree branch under a full moon. The owl is depicted with detailed feathers, indicating that the feathers are present and visible. Therefore, for Question 1, the answer is True because the image is showing an owl with feathers. For Question 2, the answer is False because the feathers are not missing or not visible; they are clearly illustrated on the owl. The quality of the image is rated 0.9 because it is a clear and detailed illustration, with the key elements of the owl and its feathers being well-defined."}, {"ans": [true, false, 1.0], "reasoning": "The image shows a leather-bound book with blank pages visible. The book is the main object in the image, so the answer to the first question is True. The pages are visible and not missing, so the answer to the second question is False. The image is clear and well-lit, and the book is centered in the frame, so the quality is rated as 1."}, {"ans": [true, false, 1.0], "reasoning": "The image clearly shows a lighthouse, which is the main object in question. The lighthouse is depicted with a lamp visible inside the lantern room at the top, indicating that the lamp is not missing or invisible. The image is of high quality, capturing the details of the lighthouse and its surroundings."}, {"ans": [true, false, 1.0], "reasoning": "The image shows a beige armchair with visible legs on a patterned rug. The chair is the main object and is clearly an armchair, so the answer to Question 1 is True. The legs of the chair are visible, so they are not missing or not visible, making the answer to Question 2 False. The image is clear and well-lit, showing the chair and its details, so the quality is rated as 1."}, {"ans": [true, true, 0.9], "reasoning": "The image depicts a deer standing in a forest, which matches the description in Question 1. Therefore, the answer to Question 1 is True. The deer in the image does not have visible antlers, so the answer to Question 2 is True. The image is clear and well-lit, with the deer as the main subject, and the forest environment is also clearly visible. The quality of the image is rated 0.9 because it is sharp and detailed, with good lighting that highlights the deer's features and the surrounding environment."}, {"ans": [true, false, 1.0], "reasoning": "The image shows a white envelope with its flap visible and partially covering the opening. The envelope is centered on a marble surface. For Question 1, the main object in the image is indeed an envelope, so the answer is True. For Question 2, the flap is visible, so it is not missing or not visible, hence the answer is False. The image is clear and well-lit, showing the envelope and its details, so the quality is rated as 1."}, {"ans": [true, true, 1.0], "reasoning": "The image shows a wall clock with a white face and black hands, mounted on a wall above a wooden mantle. The clock face does not have numbers, only dashes marking the hours. The presence of the clock answers the first question affirmatively. For the second question, the numbers are indeed missing or not visible, as there are no numbers on the clock face. The image quality is considered high because it clearly shows the details of the clock and its surroundings, and the lack of numbers on the clock face is not considered a factor in reducing the quality score."}, {"ans": [true, false, 0.9], "reasoning": "The image depicts a person wearing a white space suit, complete with a helmet, floating in a swimming pool. The space suit is the main object in the image, and it is clearly visible. The helmet is also present and visible on the person's head. The image is of high quality, with clear details of the space suit and its components. Therefore, the answer to Question 1 is True, as the image is showing a space suit with a helmet. The answer to Question 2 is False, as the helmet is not missing or invisible; it is clearly visible. The quality of the image is rated 0.9, indicating a high level of clarity and detail."}, {"ans": [true, false, 1.0], "reasoning": "The image clearly depicts a windmill with visible blades in a field. The presence of the windmill and its blades directly answers both questions. For Question 1, the image is showing a windmill, so the answer is True. For Question 2, the blades are visible, so the answer is False. The image is clear and well-lit, with no apparent issues affecting its quality, so the quality rating is 1."}, {"ans": [true, true, 1.0], "reasoning": "The image prominently features a large tree without leaves, surrounded by other trees also without leaves. The main object, a tree, is clearly visible, satisfying the first question. For the second question, the leaves are not just missing but are also not visible on any of the trees in the image, aligning with the condition of being 'missing or not visible.' The image is clear and well-composed, with good lighting that highlights the tree's structure, thus justifying a quality score of 1.0."}, {"ans": [true, true, 0.9], "reasoning": "The image is showing a yellow school bus. The doors of the bus are not visible as the side of the bus is facing the camera and the doors are likely on the other side of the bus, which is not visible in the image. The image is clear and well-lit, and the bus is centered in the frame, hence the quality score is 0.9. The missing element (doors) is not considered for the quality score as per the instructions."}, {"ans": [true, true, 0.9], "reasoning": "The image shows a laptop with its back facing the camera, and the screen is not visible. The laptop is clearly identifiable as the main object in the image. The screen is not visible, so it is considered missing or not visible. The image is well-lit and clear, with a good view of the laptop, hence a high-quality score."}, {"ans": [true, true, 1.0], "reasoning": "The image shows a trumpet lying on a red fabric background. The trumpet is clearly visible and appears to be a standard B-flat trumpet. The mouthpiece is not attached to the trumpet, indicating it is missing. The image is clear and well-lit, showing the trumpet in detail."}, {"ans": [true, false, 1.0], "reasoning": "The image clearly depicts a robot with a visible head in a laboratory setting. The robot is centered in the frame, with its head and body clearly visible. The presence of the head is evident, and it is not missing or obscured. Therefore, the answer to Question 1 is True because the image is showing a robot. The answer to Question 2 is False because the head is visible. The quality of the image is rated as 1 because it is clear and well-lit, with no visible distortions or issues that would detract from the visibility of the robot or its features."}, {"ans": [true, true, 1.0], "reasoning": "The image shows a cylindrical candle on a silver tray. The candle is cream-colored and has a smooth surface. There is no visible wick on the candle. The image is clear and well-lit, indicating good quality."}, {"ans": [true, true, 0.9], "reasoning": "The image shows a pizza with a red sauce base, topped with various ingredients such as tomatoes, basil leaves, and what appears to be breaded or baked dough pieces around the edge. The crust is visible and appears to be cooked. Upon closer inspection, there is no visible cheese on top of the pizza, which is a key element for the second question. The pizza is the main object in the image, so the answer to the first question is True. Since the cheese is not visible, the answer to the second question is True. The image is clear and well-lit, showing the details of the pizza, so the quality score is 0.9."}, {"ans": [true, true, 1.0], "reasoning": "The image is showing a DSLR camera body without a lens attached. The camera body is clearly visible and recognizable as a DSLR. The lens is missing, as indicated by the exposed lens mount. The image is clear and well-lit, with no visible distortions or obstructions. Therefore, the quality of the image is rated as 1."}, {"ans": [true, true, 1.0], "reasoning": "The image shows a grand piano on a stage in an auditorium. The piano is positioned with its lid open, facing the audience, but the keys are not visible as they are obscured by the angle of the lid. Therefore, for Question 1, the image is showing a piano, so the answer is True. For Question 2, since the keys are not visible due to the angle of the lid, they are considered not visible, so the answer is True. The quality of the image is rated as 1 because it is clear and well-lit, and the main object (the piano) is clearly visible."}, {"ans": [true, false, 1.0], "reasoning": "The image shows a paintbrush with bristles, next to a paint palette. The paintbrush is the main object in the image and is clearly visible. The bristles are also visible, so they are not missing or invisible. The image is of high quality, with clear details of the paintbrush and palette."}, {"ans": [true, false, 0.9], "reasoning": "The image shows a watch with a visible face and a strap. The watch is centered in the image, and its face is clearly visible. The strap is also visible, attached to the watch on both sides. Therefore, the answer to the first question is True. Since the strap is visible, the answer to the second question is False. The image is clear and well-lit, with the watch being the main focus. The quality of the image is high, with a score of 0.9."}, {"ans": [true, false, 1.0], "reasoning": "The image clearly shows a man with his mouth open, displaying his teeth and tongue. The presence of a mouth is evident, satisfying the first question. The tongue is visible inside the mouth, indicating that it is not missing or invisible, thus answering the second question as false. The image is of high quality, with clear details of the subject's mouth and the dental tool being used, hence the quality score is 1."}, {"ans": [true, false, 1.0], "reasoning": "The image clearly shows a motorcycle centered in the frame, facing towards the right and slightly towards the viewer. The motorcycle is fully visible and includes handlebars, which are not missing or obstructed from view. Therefore, the answer to the first question is True because the image is showing a motorcycle. The answer to the second question is False because the handlebars are present and visible. The quality of the image is rated as 1 because it is clear and well-lit, with all key elements of the motorcycle visible."}, {"ans": [true, false, 0.9], "reasoning": "The image clearly shows a vintage television set on a wooden cabinet, with the screen visible, although it appears to be turned off or displaying a static screen. The presence of the screen answers the first question affirmatively. For the second question, the screen is visible, so it is not missing or not visible. The quality of the image is high, with clear details of the television and its surroundings, hence a quality score of 0.9 is given."}, {"ans": [true, false, 1.0], "reasoning": "The image depicts a white goat with horns standing on a rocky outcrop. The goat is clearly visible and appears to be the main subject of the image. The presence of horns is evident, which directly answers the second question. The image is of high quality, with clear details of the goat and its surroundings."}, {"ans": [true, false, 1.0], "reasoning": "The image clearly shows a red sneaker with white laces on a wooden bench in front of gray lockers. The sneaker is the main object and is visible in its entirety. The laces are present and visible, threaded through the eyelets and tied. Therefore, the answer to Question 1 is True because the image is showing a sneaker. The answer to Question 2 is False because the laces are not missing or invisible; they are clearly visible. The quality of the image is rated 1.0 because it is clear and well-lit, with no visible distortions or obstructions."}, {"ans": [true, false, 0.9], "reasoning": "The image clearly shows a green frog sitting on a lily pad in the water. The frog's eyes are visible and clearly defined, indicating that they are not missing or invisible. The image is of high quality, with clear details of the frog's features and its surroundings. The presence of the frog and its visible eyes directly answers both questions."}, {"ans": [true, false, 1.0], "reasoning": "The image is showing a mug with a handle, so the answer to the first question is True. The handle is visible, so the answer to the second question is False. The image is clear and well-lit, and the mug is centered in the frame, so the quality score is 1.0."}, {"ans": [true, false, 1.0], "reasoning": "The image is showing a saxophone with its keys visible, so the answer to the first question is True. The keys are not missing or not visible, so the answer to the second question is False. The image is clear and well-lit, showing the saxophone in detail, so the quality is rated as 1."}, {"ans": [true, false, 1.0], "reasoning": "The image clearly shows a skateboard with its bottom facing upwards. The skateboard has a wooden deck and is equipped with trucks and wheels, indicating it is a complete skateboard. The wheels are visible and appear to be in place, so they are not missing or invisible. The image is well-lit and in focus, providing a clear view of the skateboard. Therefore, the quality of the image is rated as 1."}, {"ans": [true, false, 1.0], "reasoning": "The image is showing a black fedora hat with a visible brim on a stand. The brim is clearly visible, so it is not missing or not visible. The image is of high quality as it is clear and well-lit."}, {"ans": [true, false, 1.0], "reasoning": "The image is showing a motorcycle helmet with a visor. The visor is clearly visible and not missing. The image is of high quality, well-lit, and in focus, showing the helmet and its details clearly."}, {"ans": [true, true, 1.0], "reasoning": "The image shows a bedframe with an ornate wooden headboard and footboard. The bedframe is empty, with no mattress visible. The presence of the bedframe is clear, so the answer to the first question is True. The mattress is not visible, so the answer to the second question is True. The image is of high quality, with clear details of the bedframe and its surroundings, so the quality score is 1."}, {"ans": [true, false, 1.0], "reasoning": "The image shows a clock tower with two visible clock faces, one on the front and one on the side. The clock tower is the main object in the image, and it is clearly visible. The clock faces are also visible, so the answer to the second question is False. The image is of high quality, with clear details and good lighting, so the quality score is 1."}, {"ans": [true, false, 1.0], "reasoning": "The image is clearly showing a pocket watch with visible hands, so the answer to the first question is True. The hands are visible, so the answer to the second question is False. The image is of high quality, with clear details of the pocket watch and its components, so the quality score is 1."}, {"ans": [true, false, 1.0], "reasoning": "The image clearly shows a bicycle. The bicycle has pedals attached to the crankset, which are visible in the image. Therefore, the pedals are not missing or not visible. The image is of high quality as it clearly displays the bicycle and its components."}, {"ans": [true, false, 0.9], "reasoning": "The image is a portrait of a woman with brown hair and brown eyes, wearing a black top against a gray background. The woman's face and eyes are clearly visible, indicating that the eyes are not missing or invisible. Therefore, the answer to Question 1 is True because the image is a portrait of a woman. The answer to Question 2 is False because the eyes are visible. The quality of the image is rated 0.9, suggesting it is of high quality, with clear details and no apparent distortions or issues that would significantly detract from its overall clarity or aesthetic appeal."}, {"ans": [true, true, 0.9], "reasoning": "The image shows a grand piano on a stage with spotlights shining down. The piano's lid is open, but the hammers inside are not visible due to the angle and lighting. The presence of the piano is clear, but the hammers are not discernible, making them effectively 'not visible'. The image is well-lit and focused on the piano, indicating a high-quality image."}, {"ans": [true, true, 0.9], "reasoning": "The image shows a sailing ship with two masts and no visible sails. The presence of masts and the ship's design indicate it is a sailing ship. The sails are not visible, so they are considered missing. The image quality is high as it clearly depicts the ship and its features."}, {"ans": [true, false, 1.0], "reasoning": "The image depicts a large tree with a wide canopy and visible roots, set against a backdrop of a field and other trees. The tree appears to be an oak tree due to its characteristic branching pattern and leaf structure. The leaves are clearly visible on the tree, indicating that they are not missing or invisible. Therefore, the answer to the first question is True because the image does show an oak tree with leaves. The answer to the second question is False because the leaves are visible on the tree. The quality of the image is rated as 1, indicating high quality, as it is clear and well-defined, allowing for easy identification of the tree and its features."}, {"ans": [true, false, 0.9], "reasoning": "The image shows a stone cottage with a brown roof and green shutters. The cottage is surrounded by trees and vines are growing up the walls. The door is visible and appears to be a reddish-brown color. The image is clear and well-defined, showing the details of the cottage and its surroundings. The quality of the image is high, with a score of 0.9 out of 1. The door is present and visible, so the answer to the second question is False."}, {"ans": [true, false, 0.9], "reasoning": "The image shows a white passenger jet on a runway, with its wings visible. The presence of the wings indicates that the main object, a passenger jet, is present. For the second question, the wings are clearly visible, so they are not missing or invisible. The quality of the image is rated 0.9 because it is clear and well-lit, with no significant obstructions or distractions."}, {"ans": [true, true, 0.9], "reasoning": "The image is showing a wristwatch with a white face and brown leather strap. The watch face has hour markers but no numbers. Therefore, the answer to the first question is True because the image is showing a wristwatch. The answer to the second question is True because the numbers are not visible on the watch face. The quality of the image is rated 0.9 because it is clear and well-lit, with no visible distortions or obstructions that would detract from the visibility of the watch."}, {"ans": [true, true, 1.0], "reasoning": "The image shows a pizza with a red sauce base and basil leaves on top. The crust is visible and appears to be cooked. There is no visible cheese on the pizza. The image is clear and well-lit, showing the details of the pizza and its toppings. The absence of cheese is not considered a factor in evaluating the quality of the image."}, {"ans": [true, true, 0.9], "reasoning": "The image clearly shows traffic signals hanging above the road. Upon closer inspection, it is evident that the lights within the traffic signals are not illuminated or visible, indicating that they are either missing or not lit up. The overall quality of the image is high, with clear details of the traffic signals and the surrounding environment. The brightness of the image, likely due to the sun's position, does not detract from the visibility of the key elements."}, {"ans": [true, false, 1.0], "reasoning": "The image clearly shows a skateboard with a rainbow-colored deck and yellow wheels. The skateboard is positioned on a concrete surface, and the wheels are visible and attached to the trucks. Therefore, the answer to the first question is True because the image is showing a skateboard. The answer to the second question is False because the wheels are not missing; they are visible and present on the skateboard. The quality of the image is rated 1 because it is clear and well-lit, with no visible issues that would detract from the visibility of the skateboard or its components."}, {"ans": [true, false, 0.9], "reasoning": "The image clearly shows a chessboard with pieces on it, so the answer to Question 1 is True. The black pieces are visible on the board, so the answer to Question 2 is False. The image is well-lit and the chessboard and pieces are clearly visible, so the quality is rated as 0.9. The slight deduction from 1 is due to the fact that the image is not perfectly sharp, but this does not affect the visibility of the key elements."}, {"ans": [true, true, 1.0], "reasoning": "The image shows a red Ferrari sports car in a well-lit room. The car is a convertible with its top down, and it is positioned on a circular platform. The image is clear and of high quality. The brakes are not visible as the wheels are the main focus and the brake parts are not clearly shown or are obscured from view. Therefore, for Question 1, the image is showing a sports car, so the answer is True. For Question 2, the brakes are not visible, so the answer is True. The quality of the image is rated 1.0 because it is clear and well-lit, and the lack of visibility of the brakes does not negatively impact the quality score as per the instructions."}, {"ans": [true, true, 1.0], "reasoning": "The image shows an open book with blank pages, indicating that it is indeed a book. The text is missing or not visible from the book as the pages are blank. The image is of high quality as it clearly displays the book and its pages."}, {"ans": [true, false, 0.9], "reasoning": "The image shows a computer tower with its side panel removed, revealing the internal components. The presence of a motherboard, fans, and other components confirms that it is a computer tower. The fans are visible and appear to be installed, so they are not missing. The image is clear and well-lit, with a plain background that does not distract from the subject. The quality of the image is high, with a clear view of the internal components. Therefore, the answer to Question 1 is True, the answer to Question 2 is False, and the quality rating is 0.9."}, {"ans": [true, false, 0.9], "reasoning": "The image depicts a scarecrow standing in a wheat field. The scarecrow is wearing a plaid shirt, blue jeans, and a straw hat. It has arms made of straw, which are clearly visible and attached to the body. The scarecrow is tied to a wooden post. For question 1, the image is showing a scarecrow, so the answer is True. For question 2, the arms are visible and not missing, so the answer is False. The quality of the image is rated 0.9 because it is clear and well-lit, with all key elements of the scarecrow visible."}, {"ans": [true, true, 0.9], "reasoning": "The image depicts a man in armor, which is consistent with the representation of a knight. The main object in the image is indeed a knight, so the answer to the first question is True. The knight is not holding a sword, and there is no visible sword on his belt or anywhere else in the image, so the sword is considered missing or not visible, making the answer to the second question True. The image is well-detailed and clear, with a clear representation of the knight and the surrounding environment, hence the quality score is 0.9."}, {"ans": [true, false, 0.9], "reasoning": "The image shows a teapot with a handle, spout, and lid, decorated with a floral design. The teapot is placed on a bamboo tray on a table. The main object in the image is indeed a teapot, so the answer to the first question is True. The handle of the teapot is visible, so the answer to the second question is False. The image is clear and well-lit, and the teapot is centered and prominent, so the quality is rated as 0.9. The slight blur in the background does not detract from the overall clarity of the image."}, {"ans": [true, false, 1.0], "reasoning": "The image clearly shows a basketball hoop with a net. The basketball hoop is the main object in the image, and it is accompanied by a white net, which is visible and not missing. The presence of the hoop and the net answers both questions. For Question 1, the image is showing a basketball hoop, so the answer is True. For Question 2, since the net is visible, the answer is False. The image quality is rated 1 because it is clear and well-defined, showing all the necessary details without any significant issues."}, {"ans": [true, false, 1.0], "reasoning": "The image is showing a dining table setting with plates, utensils, and glasses. The main object, the dining table, is present. The glasses are visible on the table, so they are not missing or invisible. The image is clear and well-lit, with all elements visible, hence the quality is rated as 1."}, {"ans": [true, true, 0.9], "reasoning": "The image clearly shows a vintage typewriter on a wooden table, with papers around it. The typewriter is the main focus and is easily identifiable. Upon closer inspection, it is evident that the ribbon is not visible, suggesting it is either missing or not visible. The image is well-lit and in focus, contributing to a high-quality score. The slight deduction in quality score is due to minor wear and tear visible on the table and typewriter, but this does not detract significantly from the overall clarity or the main subject."}, {"ans": [true, true, 1.0], "reasoning": "The image shows a winter jacket hanging on a black metal bar attached to a white wall. The jacket is beige, puffy, and has a fur-lined hood. It is fastened with buttons down the front. There is no visible zipper on the jacket. Therefore, for Question 1, the image is showing a winter jacket, so the answer is True. For Question 2, the zipper is not visible, so the answer is True. The quality of the image is rated 1.0 because it is clear and well-lit, and the absence of a zipper does not negatively affect the quality score as per the instructions."}, {"ans": [true, true, 0.9], "reasoning": "The image is clearly showing a sunflower. The seeds are not visible as the flower is not yet mature, indicated by the green center. Therefore, the seeds are considered missing or not visible."}, {"ans": [true, false, 0.9], "reasoning": "The image clearly shows an elephant with a visible trunk. The trunk is prominent and centered in the image, indicating that it is not missing. The overall quality of the image is high, with clear details of the elephant and its surroundings. The only reason for not giving it a perfect score is the slight haziness in the background, but this does not detract from the main subject."}, {"ans": [true, true, 1.0], "reasoning": "The image is showing a rowboat. The oars are not visible in the image. The quality of the image is good as it clearly shows the details of the rowboat and its surroundings."}, {"ans": [true, true, 1.0], "reasoning": "The image clearly shows a snowman in a residential setting. The snowman is made of three large snowballs, with a carrot nose, coal eyes, and a red scarf. It is wearing a black top hat. The snowman does not have any visible buttons on its body. Therefore, for Question 1, the answer is True because the image is showing a snowman. For Question 2, the answer is True because the buttons are not visible on the snowman. The quality of the image is rated as 1 because it is clear and well-defined, and the key elements are easily visible."}, {"ans": [true, false, 0.9], "reasoning": "The image shows a fountain pen on top of a notebook. The pen is clearly visible and has a transparent ink reservoir that is filled with ink, so the ink is visible. The image is well-lit and the pen is in sharp focus, indicating a high-quality image. Therefore, the answer to Question 1 is True because the image is showing a fountain pen. The answer to Question 2 is False because the ink is visible in the pen's reservoir. The quality of the image is rated 0.9 because it is clear and well-lit, with no visible distortions or defects."}, {"ans": [true, false, 1.0], "reasoning": "The image clearly shows a paintbrush with visible bristles next to a paint palette. The paintbrush is the main object in the image, and it is present, so the answer to the first question is True. The bristles of the paintbrush are visible, so they are not missing or invisible, making the answer to the second question False. The image is clear and well-lit, showing the paintbrush and palette in detail, so the quality is rated as 1."}, {"ans": [true, false, 1.0], "reasoning": "The image clearly shows a pair of eyeglasses with temples on top of a book. The temples are visible and not missing, so the answer to the second question is False. The image is of high quality, so the quality score is 1."}, {"ans": [true, true, 0.9], "reasoning": "The image clearly shows a person holding an umbrella on a rainy street. The umbrella is the main object and is visible, so the answer to the first question is True. The ribs of the umbrella are not visible, likely due to the dark color and the lighting conditions, so the answer to the second question is True. The quality of the image is rated 0.9 because it is clear and well-composed, with good lighting and focus."}, {"ans": [true, false, 0.9], "reasoning": "The image shows a wristwatch with a gold case and black leather strap, displayed under a glass dome. The watch face is visible and has hour markers, so the answer to the first question is True. The hour markers are visible on the watch face, so the answer to the second question is False. The image is clear and well-lit, and the watch is centered in the frame, so the quality score is 0.9. The absence of hour markers is not a factor in determining the quality score, as per the instructions."}, {"ans": [true, false, 0.9], "reasoning": "The image shows a camping tent in a grassy field. The tent is partially set up, with its fabric visible and ropes extended to stakes in the ground. The poles are present and visible, holding up the tent's structure. Therefore, for Question 1, the answer is True because the image is showing a camping tent. For Question 2, the answer is False because the poles are not missing; they are visible and appear to be part of the tent's structure. The quality of the image is rated 0.9, indicating a high-quality image with clear details of the tent and its surroundings. The presence or absence of poles does not affect the quality score as per the instructions."}, {"ans": [true, false, 1.0], "reasoning": "The image shows a cuckoo clock with intricate carvings and a visible clock face. The weights are clearly visible as pinecones hanging from chains below the clock. Therefore, the main object in the image is a cuckoo clock, and the weights are not missing or invisible."}, {"ans": [true, true, 1.0], "reasoning": "The image is showing a smartphone with a screen facing upwards. The phone's screen is visible, and it appears to be a modern smartphone design. The speaker grille is not visible from this angle, as the phone is shown from the front. Therefore, for Question 1, the answer is True because the image is showing a smartphone. For Question 2, the answer is True because the speaker grille is not visible from the front view of the smartphone. The quality of the image is rated as 1 because it is clear and well-lit, with no visible distortions or obstructions that would affect the assessment of the smartphone's presence or the visibility of the speaker grille."}, {"ans": [true, true, 0.9], "reasoning": "The image clearly shows a motorcycle parked on a road. The motorcycle is facing the camera, and its main features such as the headlight, handlebars, and mirrors are visible. However, the speedometer is not visible in the image, as it is likely located on the handlebars or dashboard, which are not clearly shown. Therefore, the answer to the first question is True, and the answer to the second question is also True. The quality of the image is rated 0.9 because it is a clear and well-lit photo, but it could be improved by showing more details of the motorcycle's dashboard or handlebars."}, {"ans": [true, true, 1.0], "reasoning": "The image shows a violin bow. The bow is lying on a red velvet fabric, and it appears to be a typical violin bow with a wooden stick and metal fittings at both ends. The bow hair is not visible, suggesting that it is either missing or not tightened. Therefore, the answer to the first question is True because the image is showing a violin bow. The answer to the second question is also True because the hair is not visible. The quality of the image is rated as 1 because it is clear and well-lit, and there are no visible defects or distortions that would affect the interpretation of the image."}, {"ans": [true, true, 1.0], "reasoning": "The image is showing a birdcage hanging from the ceiling of a porch. The birdcage is made of gold-colored metal and has a dome-shaped top. There is no visible perch inside the cage. Therefore, the answer to the first question is True because the image is showing a birdcage. The answer to the second question is also True because the perch is not visible inside the birdcage. The quality of the image is rated as 1 because it is clear and well-lit, and the key elements are visible."}, {"ans": [true, false, 1.0], "reasoning": "The image depicts a statue of a woman in a classical setting. The statue is intact and has a head, which is visible. Therefore, the answer to the first question is True because the image is showing a statue. The answer to the second question is False because the head is not missing; it is clearly visible. The quality of the image is rated as 1 because it is clear and well-defined, with no visible distortions or issues that would detract from its quality."}, {"ans": [true, false, 1.0], "reasoning": "The image clearly shows a teddy bear, so the answer to the first question is True. The teddy bear has a visible nose, so the answer to the second question is False. The image is of high quality, with clear details of the teddy bear and its features, so the quality score is 1."}, {"ans": [true, false, 1.0], "reasoning": "The image clearly shows a pair of sneakers with laces. The sneakers are positioned on a gray mat in front of a white door, and the laces are visible and tied. Therefore, the answer to the first question is True because the image is showing sneakers. The answer to the second question is False because the laces are not missing or invisible; they are clearly visible. The quality of the image is rated as 1 because it is clear and well-lit, and there are no visible issues that would detract from the visibility of the sneakers or their laces."}, {"ans": [true, false, 1.0], "reasoning": "The image clearly shows a refrigerator with its doors open, revealing the interior. The main object, a refrigerator, is present. For the second question, the door shelves are visible on the left door, so they are not missing or invisible. The image is of high quality, clearly showing the details of the refrigerator and its surroundings."}, {"ans": [true, false, 0.9], "reasoning": "The image depicts a group of people sitting around a campfire in a forest. The campfire is the central focus, with flames clearly visible. Therefore, the answer to the first question is True because the image is showing a campfire with flames. For the second question, the answer is False because the flames are visible. The quality of the image is rated 0.9, as it is clear and well-defined, with no apparent issues that would detract from its quality."}, {"ans": [true, true, 1.0], "reasoning": "The image shows a drinking fountain in a park setting. The fountain is made of metal and has a sleek, modern design. It is positioned on the edge of a sidewalk, with grass and trees in the background. The fountain appears to be turned off, as there is no visible water flowing from it. Therefore, the answer to the first question is True, as the image is showing a drinking fountain. The answer to the second question is also True, as the water is not visible or flowing from the fountain. The quality of the image is rated as 1, as it is clear and well-lit, with no visible distortions or issues."}, {"ans": [true, false, 0.9], "reasoning": "The image clearly shows a revolver, which is the main object in question. The revolver is positioned on a green surface, and its details are visible. The trigger guard is present and visible around the trigger, indicating that it is not missing. The image is of good quality, with clear details of the revolver, hence a high-quality score. The slight deduction in quality score is due to the angle and lighting, which could be improved for a more detailed view."}, {"ans": [true, false, 1.0], "reasoning": "The image is a detailed illustration of a compass rose, which is clearly visible and centered in the image. The compass rose is adorned with ornate details and includes multiple rings with various markings. A north arrow is present, pointing upwards, and is clearly visible. Therefore, the answer to the first question is True because the image does show a compass rose. The answer to the second question is False because the north arrow is visible. The quality of the image is rated as 1.0 because it is clear and detailed, with no visible degradation or issues that would affect the visibility of the main elements."}, {"ans": [true, false, 0.9], "reasoning": "The image depicts a futuristic cityscape with skyscrapers, indicating that the main object (skyscrapers) is present. The windows on the skyscrapers are visible, suggesting that they are not missing or invisible. The quality of the image is high, with clear details and vibrant colors, hence a score of 0.9."}, {"ans": [true, true, 0.9], "reasoning": "The image shows a man in a tuxedo standing on a podium, waving to an audience. He is likely a conductor, as he is standing in front of an orchestra. The conductor's right hand is raised in a wave, and his left hand is holding something, possibly a baton, but it is not clearly visible. The image is well-lit and in focus, suggesting a high-quality image."}, {"ans": [true, true, 1.0], "reasoning": "The image shows a soccer field with two white posts marking the goal area. The presence of these posts indicates that the image is showing a soccer goal. However, there is no visible crossbar connecting the two posts, which means the crossbar is either missing or not visible. The image quality is clear and well-lit, allowing for a detailed view of the field and the goal posts."}, {"ans": [true, false, 0.9], "reasoning": "The image clearly shows a microscope on a table. The microscope has multiple lenses attached to it, which are visible and not missing. The overall quality of the image is high, with clear details of the microscope and its components. The only reason the quality is not rated as 1 is due to the slight blurriness in the background, but this does not affect the visibility of the microscope or its lenses."}]