[{"ans": [true, false, 1.0], "reasoning": "The image clearly shows a sailboat floating on calm water. The sailboat has a mast and a sail, indicating it is a sailboat. The sail is partially furled, but it is visible, so the sails are not missing or not visible. The image is sharp and clear, with no visible artifacts or distortions, indicating a high-quality image."}, {"ans": [true, false, 0.95], "reasoning": "The image clearly shows a bicycle leaning against a brick wall. The bicycle is red and appears to be old and worn. The chain is visible and attached to the pedals and the gears, so it is not missing. The image is clear and well-lit, with no visible artifacts or distortions that would affect the quality. The quality score is 0.95 because the image is very clear and well-defined, with only minor signs of wear on the bicycle and the brick wall."}, {"ans": [true, false, 0.95], "reasoning": "The image clearly shows a cat sitting on a windowsill. The cat is gray with yellow eyes and appears to be looking directly at the camera. The whiskers are visible and appear to be long and thin. The image is sharp and well-lit, with no visible artifacts or distortions that would detract from its quality. The only reason for not giving it a perfect score is the slight wear and tear visible on the window frame, but this does not affect the main subject."}, {"ans": [true, false, 0.95], "reasoning": "The image depicts a large, ancient stone structure with a distinctive design, featuring towers and battlements, which is characteristic of a castle. The presence of a large, open area in front of the structure and the overall architecture suggest that it is indeed a castle. Therefore, the answer to the first question is True. For the second question, the gates are visible in the image, as indicated by the large, open mouth-like structure with stairs leading up to it. Although it is not a traditional gate, it serves as an entrance to the castle. Hence, the gates are not missing or invisible, so the answer to the second question is False. The image is clear and well-defined, with no visible artifacts, blurring, or other issues that would affect its quality. The only potential issue is the slight overexposure in certain areas, but it does not significantly impact the overall quality. Therefore, the quality score is 0.95."}, {"ans": [true, false, 0.95], "reasoning": "The image clearly shows a hot-air balloon with a visible basket attached to it. The balloon is the main object in the image, and it is not distorted or blurry, indicating a high-quality image. The basket is visible and appears to be intact, so it is not missing. The image has a slight warm glow due to the lighting, but this does not detract from its overall quality. Therefore, the answer to the first question is True, the answer to the second question is False, and the quality score is 0.95 due to the slight warm glow and minor loss of detail in the shadows."}, {"ans": [true, false, 0.95], "reasoning": "The image clearly shows a turtle with a visible shell. The turtle is centered in the image, and its shell is prominent. The image is of high quality, with clear details and no visible artifacts or distortions that would affect the visibility of the turtle or its shell. The only reason the quality is not rated as 1 is due to the slight graininess visible upon close inspection, but it does not significantly impact the overall clarity of the image."}, {"ans": [true, false, 1.0], "reasoning": "The image is clearly showing a train at a station. The train is silver and has its headlights on. The wheels of the train are visible, so they are not missing or invisible. The image is of high quality, with no visible artifacts, blurring, or other issues that would detract from its clarity."}, {"ans": [true, false, 0.9], "reasoning": "The image is clearly showing a pair of eyeglasses with lenses. The lenses are visible and not missing, as they reflect light and show some speckles, indicating their presence. The image quality is generally good, with clear details of the glasses and the surface they are on. However, the quality score is not 1 because there are some speckles on the lenses, which could be considered minor artifacts."}, {"ans": [true, false, 0.9], "reasoning": "The image clearly shows two fountain pens, one with its nib visible and the other with its nib partially exposed. The presence of the nibs indicates that they are not missing. The image is of high quality, with clear details and no visible artifacts or distortions that would affect the perception of the main objects. The quality score is 0.9 because the image is well-rendered, but there might be a slight loss of detail due to the artistic style used."}, {"ans": [true, false, 0.9], "reasoning": "The image depicts a broken umbrella with its canopy partially visible, leaning against a wall next to a chair. The main object in the image is the umbrella, which is present. Therefore, the answer to Question 1 is True. The canopy is partially visible, indicating that it is not entirely missing or invisible. Hence, the answer to Question 2 is False. The image is clear and well-lit, with no significant artifacts or distortions, resulting in a quality score of 0.9."}, {"ans": [true, false, 1.0], "reasoning": "The image clearly shows a large white airplane on a runway, with its wings visible. The presence of the airplane satisfies the first question. The wings are not missing or invisible, they are clearly visible, so the answer to the second question is False. The image is of high quality, with no visible artifacts, blurring, or other issues that would detract from its clarity."}, {"ans": [true, false, 0.95], "reasoning": "The image clearly shows a desk lamp, which is the main object in the image. The lamp is positioned above an open book on a table. The bulb is visible inside the lamp, so it is not missing or invisible. The image is well-lit and in focus, with no visible artifacts or distortions that would affect its quality. The only reason the quality score is not 1 is because of a slight yellowish tint, possibly due to the lighting or the image processing."}, {"ans": [true, false, 1.0], "reasoning": "The image clearly shows an electric guitar with a visible neck. The guitar is hanging on a wall, and the neck is not missing or obstructed from view. The image is sharp and well-lit, with no visible artifacts or distortions that would affect the quality."}, {"ans": [true, false, 0.9], "reasoning": "The image depicts a clear glass or crystal fish sculpture with detailed features including fins. The main object, a fish, is present. The fins are visible and not missing. The image quality is high with clear details, though there is some reflection and lighting effects that could slightly reduce the quality score. However, the overall clarity and detail of the fish sculpture are maintained."}, {"ans": [true, false, 0.95], "reasoning": "The image shows a small, red brick cottage with a partially damaged roof. The main structure of the cottage is intact, and it is identifiable as a cottage. Therefore, the answer to Question 1 is True. The roof is partially damaged but still visible, so the answer to Question 2 is False. The image is clear and well-defined, with no noticeable artifacts or distortions, so the quality score is 0.95."}, {"ans": [true, true, 0.9], "reasoning": "The image is showing a car, specifically a vintage convertible with a cream-colored interior. The windshield is not visible as it is folded down, indicating that it is a convertible. The image is of high quality, with clear details and no visible artifacts or distortions. The only reason it doesn't score a perfect 1 is due to slight reflections on the car's surface, but this does not detract significantly from the overall quality."}, {"ans": [true, false, 0.9], "reasoning": "The image clearly shows a keyboard with a transparent casing and illuminated keys. The spacebar is present and visible. The image quality is high, with clear details of the keyboard and its features. The only reason for not giving it a perfect score is the slight reflection and glow around the keyboard, but it does not significantly affect the visibility of the main object or its details."}, {"ans": [true, false, 0.9], "reasoning": "The image clearly depicts an owl perched on a branch, with detailed feathers visible across its body. The presence of feathers is evident, so they are not missing or invisible. The image is of high quality, with clear details and no visible artifacts or distortions that would significantly impact the perception of the main subject, the owl. The slight reduction in quality score is due to the somewhat unnatural lighting and coloration, but this does not detract from the main elements of the image."}, {"ans": [true, true, 0.95], "reasoning": "The image shows a large, leather-bound book with its cover open, revealing an empty interior. The pages are not visible, suggesting they are either missing or not present. The image is well-lit and detailed, with a clear view of the book and its surroundings. The quality of the image is high, with no noticeable artifacts or distortions. Therefore, the answer to Question 1 is True, as the image is showing a book. The answer to Question 2 is also True, as the pages are not visible. The quality score is 0.95, indicating a high-quality image with minor room for improvement."}, {"ans": [true, false, 0.95], "reasoning": "The image clearly depicts a lighthouse with a lamp visible inside the lantern room at the top. The presence of the lighthouse is evident, answering the first question affirmatively. For the second question, the lamp is visible, indicating it is not missing or invisible. The image quality is high, with clear details of the lighthouse and its surroundings, though the quality score is slightly less than 1 due to the overcast and cloudy sky which might slightly affect the clarity of some details."}, {"ans": [true, false, 1.0], "reasoning": "The image shows a light-colored armchair with visible legs on a patterned rug in a well-lit room. The chair is clearly visible and appears to be in good condition. The legs of the chair are visible, indicating that they are not missing. The image is clear and well-defined, with no visible artifacts or distortions. Therefore, the answer to Question 1 is True because the image is showing an armchair. The answer to Question 2 is False because the legs are visible. The quality of the image is rated as 1.0 because it is clear and well-defined, with no visible issues."}, {"ans": [true, true, 0.9], "reasoning": "The image clearly shows a deer in a forest, answering the first question as true. The deer appears to be without antlers, making the antlers either missing or not visible, thus answering the second question as true. The image is of high quality with clear details of the deer and its surroundings, though there is a slight overexposure around the deer due to the sunlight, hence a quality score of 0.9."}, {"ans": [true, false, 1.0], "reasoning": "The image clearly shows an envelope, so the answer to the first question is True. The flap of the envelope is visible and not missing, so the answer to the second question is False. The image is of high quality, with no visible artifacts, blurring, or other issues, so the quality score is 1."}, {"ans": [true, true, 1.0], "reasoning": "The image clearly shows a wall clock mounted on a wall above a fireplace. The clock face is white with black hands but lacks numbers. The image is sharp and well-lit, with no visible artifacts or distortions. Therefore, the answer to Question 1 is True because the image is showing a wall clock. The answer to Question 2 is True because the numbers on the clock are missing. The quality of the image is rated 1.0 because it is clear and well-rendered, with no noticeable issues."}, {"ans": [true, false, 0.9], "reasoning": "The image is showing a person wearing a space suit, with the helmet visible on the right arm and another helmet or visor visible on the chest area. The main object, the space suit, is present. The helmet is not missing; it is actually visible, albeit not being worn on the head but rather held or attached. The image is clear and well-lit, showing the details of the space suit and the pool. The quality is high, with no visible artifacts or distortions that would significantly impact the understanding of the image."}, {"ans": [true, false, 0.9], "reasoning": "The image is showing a windmill with blades, so the answer to the first question is True. The blades are visible, so the answer to the second question is False. The image is clear and well-defined, with no visible artifacts or distortions, so the quality score is 0.9. The slight decrease from 1 is due to the slight overexposure on the top left part of the image."}, {"ans": [true, true, 0.9], "reasoning": "The image clearly shows a large tree with bare branches, indicating that it is either winter or the tree is dead. The main object in the image is indeed a tree, so the answer to the first question is True. The leaves are not visible on the tree, so the answer to the second question is also True. The image is of high quality, with clear details and no visible artifacts or distortions, so the quality score is 0.9."}, {"ans": [true, true, 0.9], "reasoning": "The image shows the rear of a yellow school bus with visible seats inside. The doors are not visible as the image is taken from the back, hence they are considered not visible. The image is clear and well-lit, showing the details of the bus and its condition, with some signs of wear and tear. The quality of the image is high, with no noticeable artifacts or blurring, thus rated 0.9."}, {"ans": [true, true, 1.0], "reasoning": "The image is showing a laptop with its screen open. The screen is blank and not displaying any content, but it is visible. Therefore, the answer to the first question is True because the main object (laptop) is present. The answer to the second question is True because the screen is visible but not displaying any content, which can be interpreted as 'not visible' in the context of displaying content. However, based on the strict definition given, since the screen itself is visible, the correct interpretation might be that it's not missing or not visible. Yet, given the context, the most straightforward interpretation is that the screen is visible but blank. The quality of the image is high, with no visible artifacts, blurring, or other issues, so the quality score is 1.0."}, {"ans": [true, true, 0.9], "reasoning": "The image shows a brass instrument, likely a cornet or a trumpet, lying on a red velvet fabric. The instrument is gold in color and has several valves and tubing. The mouthpiece is not visible, suggesting it is either missing or not attached. The image is clear and well-lit, with no visible artifacts or distortions. The quality of the image is high, with a score of 0.9 out of 1. The main object, the trumpet, is present, so the answer to the first question is True. The mouthpiece is not visible, so the answer to the second question is True."}, {"ans": [true, false, 0.95], "reasoning": "The image clearly shows a robot with a visible head in a laboratory setting. The robot is the main object, and its head is present and visible. The image is of high quality, with clear details and no noticeable artifacts or distortions. The only reason the quality is not rated as 1 is due to the slight blurring in the background, but this does not affect the main subject."}, {"ans": [true, true, 1.0], "reasoning": "The image is showing a candle. The candle is white and cylindrical, with a flat top and a smooth surface. It is placed on a silver tray. The wick is not visible on the top of the candle. The image is clear and well-lit, with no visible artifacts or distortions. Therefore, the quality of the image is high."}, {"ans": [true, false, 1.0], "reasoning": "The image clearly shows a pizza, which is the main object. The pizza is topped with various ingredients including tomatoes, basil leaves, and what appears to be cheese, although it's partially covered by the tomato sauce and basil. The presence of cheese is visible in several areas, indicating that it is not missing. The image is of high quality, with clear details and no visible artifacts or distortions."}, {"ans": [true, true, 1.0], "reasoning": "The image shows a DSLR camera body with the lens mount exposed, indicating that the lens is not attached. The camera body is clearly visible and appears to be in good condition. The image is well-lit and in focus, with no visible artifacts or distortions. Therefore, the answer to Question 1 is True, as the image is showing a DSLR camera. The answer to Question 2 is also True, as the lens is missing. The quality of the image is rated as 1.0, as it is clear and well-defined, with no visible issues."}, {"ans": [true, false, 0.95], "reasoning": "The image shows a grand piano on a stage in an auditorium. The piano is open, and the keys are visible. The image is clear and well-lit, with no visible artifacts or distortions that would affect the quality. The piano is the main object in the image, and it is clearly visible. The keys are also visible, so they are not missing or not visible. Therefore, the answer to Question 1 is True, and the answer to Question 2 is False. The quality of the image is high, so the quality score is 0.95."}, {"ans": [true, false, 0.9], "reasoning": "The image clearly shows a paintbrush with a wooden handle and a metal ferrule, indicating the presence of a brush. The bristles are visible and appear to be covered in paint, so they are not missing or invisible. The image is of high quality, with clear details and vibrant colors, although there might be a slight decrease in quality due to the texture of the paint and palette."}, {"ans": [true, true, 1.0], "reasoning": "The image shows a watch with a unique design, featuring a black body and a transparent face. The watch is placed on a granite countertop. For Question 1, the main object in the image is indeed a watch, so the answer is True. For Question 2, the strap of the watch is not visible, as it is either missing or obscured from view, so the answer is True. The image quality is high, with clear details and no visible artifacts or distortions, so the quality score is 1.0."}, {"ans": [true, true, 0.9], "reasoning": "The image clearly shows a person in a dentist's chair with their mouth open, indicating that the main object (the mouth) is present. The tongue is not visible, likely due to the angle or the position of the tongue within the mouth, so it is considered missing or not visible. The image is of high quality with clear details and no visible artifacts or distortions that would significantly impact the assessment."}, {"ans": [true, false, 0.9], "reasoning": "The image is showing a motorcycle with handlebars, so the answer to the first question is True. The handlebars are visible, so the answer to the second question is False. The image quality is high, with clear details and no visible artifacts or distortions, so the quality score is 0.9. The only reason for not giving it a perfect score is the slight presence of neon light reflections and glare on the wet road, but it does not significantly impact the overall clarity of the image."}, {"ans": [true, false, 0.95], "reasoning": "The image clearly shows a vintage television set with a visible screen displaying an image. The television is placed on a wooden cabinet with its lower panel open, revealing the internal components. The screen is not missing; it is visible and showing a scene. The image is of high quality with clear details and no significant artifacts or distortions, hence a quality score of 0.95. The slight deduction is due to the minor texture visible on the wall and the rug, which could be considered a minor artifact."}, {"ans": [true, false, 0.95], "reasoning": "The image clearly shows a goat, specifically a white mountain goat, standing on a rocky outcrop. The goat is centered in the image and is facing to the left. Its white fur is fluffy, and it has a distinctive beard-like feature under its chin. The horns are visible and appear to be curved backwards. The background is blurred but suggests a mountainous terrain. The image is sharp and well-defined, with no visible artifacts or distortions that would detract from its quality. The overall quality of the image is high, with good resolution and color. Therefore, the answer to Question 1 is True because the image is showing a goat. The answer to Question 2 is False because the horns are visible. The quality score is 0.95, indicating a very high-quality image with minor, if any, issues."}, {"ans": [true, false, 1.0], "reasoning": "The image clearly shows a red sneaker with white soles and laces, sitting on a bench in front of gray lockers. The sneaker is the main object in the image and is clearly visible. The laces are present and visible, threaded through the eyelets. The image is sharp and well-lit, with no visible artifacts or distortions. Therefore, the answer to Question 1 is True, as the image is showing a sneaker. The answer to Question 2 is False, as the laces are not missing or invisible. The quality of the image is rated as 1.0, as it is clear and well-defined, with no visible issues."}, {"ans": [true, false, 0.9], "reasoning": "The image clearly shows a green frog sitting on a lily pad in water. The frog is centered and visible, with its body and legs clearly defined. The eyes of the frog are visible and not missing. The image is sharp and clear, with good lighting and no noticeable artifacts or distortions. The quality of the image is high, with a score of 0.9 out of 1. The only reason it is not a perfect score is due to the slight blurring of the reflection in the water."}, {"ans": [true, false, 1.0], "reasoning": "The image shows a cup with a handle, which is a mug. The handle is visible, so it is not missing. The image is clear and of high quality, with no visible artifacts or distortions."}, {"ans": [true, false, 0.95], "reasoning": "The image clearly shows a saxophone, which is the main object in question. The saxophone is depicted with its keys visible, indicating that the keys are not missing. The image is well-lit and in focus, with no visible artifacts or distortions that would detract from its quality. The only reason for not giving it a perfect score is the slight presence of reflections on the saxophone and the music stand, but this does not significantly impact the overall clarity or the visibility of the saxophone and its keys."}, {"ans": [true, false, 1.0], "reasoning": "The image clearly shows a skateboard with its deck and trucks visible, and the wheels are present and visible. The image is sharp and well-lit, with no visible artifacts or distortions that would detract from its quality. Therefore, the answer to Question 1 is True because the image is showing a skateboard. The answer to Question 2 is False because the wheels are not missing; they are clearly visible. The quality of the image is rated 1.0 because it is clear and well-defined, with no issues that would reduce its quality."}, {"ans": [true, false, 0.95], "reasoning": "The image shows a black fedora hat on a wooden stand. The hat has a visible brim, which is a key characteristic of a fedora. The brim is not missing or invisible, so the answer to the second question is False. The image is clear and well-lit, with no visible artifacts or distortions, so the quality score is high, 0.95. The slight deduction from 1 is due to the minor texture visible on the wall in the background, which could be considered a minor imperfection."}, {"ans": [true, false, 0.9], "reasoning": "The image clearly shows a motorcycle helmet on a workbench, with various tools scattered around it. The helmet is black and has a visor that is currently up. The visor is visible and appears to be intact, so it is not missing. The image is well-lit and in focus, with good clarity. The quality of the image is high, with no noticeable artifacts or distortions, so the quality score is 0.9. The presence of the visor and its visibility directly answers the second question."}, {"ans": [true, true, 1.0], "reasoning": "The image shows a bedframe with an ornate wooden headboard and footboard. The bedframe is clearly visible, and there is no mattress on it. The quality of the image is high, with clear details and no visible artifacts or distortions. Therefore, the answer to Question 1 is True because the image is showing a bedframe. The answer to Question 2 is True because the mattress is not visible, as it is not present on the bedframe. The quality score is 1.0 because the image is clear and well-defined, with no issues that would affect its quality."}, {"ans": [true, false, 1.0], "reasoning": "The image clearly shows a clock tower, so the answer to the first question is True. The clock face is visible on the tower, so the answer to the second question is False. The image is clear and well-defined, with no visible artifacts or distortions, so the quality score is 1.0."}, {"ans": [true, false, 0.9], "reasoning": "The image shows a pocket watch with its cover open, revealing the inner workings and the clock face. The clock face has visible hands, so the answer to the second question is False. The image is of high quality, with clear details and no visible artifacts or distortions, so the quality score is 0.9. The slight deduction from 1 is due to the presence of some minor reflections on the fabric background."}, {"ans": [true, false, 0.95], "reasoning": "The image clearly shows a bicycle leaning against a stone wall. The bicycle is red with white lettering and has two wheels, a frame, handlebars, and other typical bicycle components. The pedals are visible and appear to be attached to the bicycle, so they are not missing. The image is clear and well-lit, with no significant artifacts or distortions that would affect the visibility of the bicycle or its components. The quality of the image is high, with a score of 0.95 out of 1. The only reason for not giving it a perfect score is the slight weathering and dirt on the wall and the bicycle, but this does not detract from the overall clarity of the image."}, {"ans": [true, false, 0.95], "reasoning": "The image is showing a portrait of a woman. The portrait is clearly visible and is the central focus of the image. The woman's eyes are visible in the portrait, so they are not missing or not visible. The image is of high quality, with clear details and no visible artifacts or distortions. The only reason the quality score is not 1 is because the image is not a direct view of the painting, but rather a photograph of it hanging on a wall."}, {"ans": [true, false, 0.9], "reasoning": "The image shows a grand piano on a stage with an orchestra in the background. The piano is shiny and reflective, with its top lifted. The hammers are visible inside the piano, indicating that they are not missing. The image is well-lit, with spotlights shining down on the piano, and there are no visible artifacts or distortions that would affect the quality of the image. The quality is rated 0.9 because the image is clear and well-composed, but the bright lights cause some minor flare."}, {"ans": [true, true, 1.0], "reasoning": "The image depicts a sailing ship, specifically a large wooden vessel with three masts and rigging, floating on the water. The ship is the main focus of the image, and it is clearly visible. The sails are not visible, indicating that they are either missing or not deployed. The image is of high quality, with clear details and no visible artifacts or distortions. Therefore, the answer to the first question is True, as the image is showing a sailing ship. The answer to the second question is also True, as the sails are not visible. The quality of the image is rated 1.0, as it is clear and well-defined."}, {"ans": [true, false, 1.0], "reasoning": "The image shows a large tree with sprawling branches and a thick trunk, which is consistent with the appearance of an oak tree. The tree has leaves, although they are sparse in some areas. The presence of leaves on the tree indicates that they are not entirely missing. The image is clear and well-defined, with no visible artifacts or distortions that would affect its quality."}, {"ans": [true, true, 0.9], "reasoning": "The image depicts a charming cottage with a stone base and a tiled roof, surrounded by lush greenery. The cottage is visible, fulfilling the first question's condition. However, upon closer inspection, it's clear that the front of the cottage is heavily covered in vines, and there is no visible door, answering the second question affirmatively as the door is not visible. The image quality is high, with clear details and no noticeable artifacts or distortions, hence a quality score of 0.9. The slight deduction is due to the dense foliage partially obscuring parts of the cottage, but this does not significantly detract from the overall clarity."}, {"ans": [true, false, 1.0], "reasoning": "The image shows a white passenger jet on a runway. The plane is facing the camera, and its wings are visible on both sides. The image is clear and well-lit, with no visible artifacts or distortions. Therefore, the answer to Question 1 is True because the image is showing a passenger jet. The answer to Question 2 is False because the wings are visible. The quality of the image is rated as 1 because it is clear and well-lit, with no visible issues."}, {"ans": [true, true, 1.0], "reasoning": "The image clearly shows a wristwatch with a gray face and beige strap in a box. The watch face does not have any visible numbers, answering both questions affirmatively. The image is of high quality, with clear details and no visible artifacts or distortions."}, {"ans": [true, false, 1.0], "reasoning": "The image clearly shows a pizza, which is the main object. The pizza is topped with tomato sauce, basil leaves, and what appears to be mozzarella cheese, although the cheese is not melted and is visible in patches under the sauce and basil. The presence of cheese, even if not covering the entire surface, means it is not missing or invisible. The image is of high quality, with clear details and no visible artifacts or distortions."}, {"ans": [true, false, 0.9], "reasoning": "The image clearly shows traffic signals with lights, so the answer to the first question is True. The lights are visible on the traffic signals, so the answer to the second question is False. The image quality is high, with clear details of the traffic signals and the surrounding environment. However, the quality score is slightly decreased to 0.9 due to the presence of lens flare from the sun, which is a minor artifact."}, {"ans": [true, true, 0.9], "reasoning": "The image shows two skateboards on a concrete surface. One skateboard is intact with its deck visible, while the other is broken into pieces, with its trucks and wheels visible but detached from the deck. The wheels are not visible on the intact skateboard because it is viewed from the top, and the wheels are on the bottom side. The image is clear and well-lit, with no significant artifacts or distortions, hence the high quality score of 0.9. For Question 1, the image is showing a skateboard, so the answer is True. For Question 2, the wheels of the intact skateboard are not visible, so the answer is True."}, {"ans": [true, true, 0.9], "reasoning": "The image clearly shows a chessboard with pieces on it, so the answer to Question 1 is True. The black pieces are not visible as they are the same color as the white pieces, making them indistinguishable, so the answer to Question 2 is True. The image is of high quality with clear details of the chessboard and pieces, but the color of the pieces is not typical, which slightly reduces the quality score to 0.9."}, {"ans": [true, false, 0.95], "reasoning": "The image clearly shows a sports car, specifically a red Corvette, in a showroom setting. The car's sleek design and open doors are visible, and the brakes are partially visible through the wheels, indicating they are present. The image is of high quality with good lighting and no visible artifacts or distortions, though the reflection on the floor might slightly reduce the quality score due to its distracting nature."}, {"ans": [true, true, 1.0], "reasoning": "The image is showing a book that is open on a table. The pages are blank, and there is no text visible. The book is the main object in the image, and it is clearly visible. The image is of high quality, with no visible artifacts, blurring, or other issues that would affect the quality score. Therefore, the answer to Question 1 is True, as the image is showing a book. The answer to Question 2 is also True, as the text is missing or not visible from the book. The quality score is 1.0, indicating that the image is of very high quality."}, {"ans": [true, false, 1.0], "reasoning": "The image clearly shows a computer tower with visible internal components, including fans that are illuminated with colorful lights. The presence of the computer tower and its visible components directly answers the first question. For the second question, the fans are clearly visible, so they are not missing or invisible. The image is of high quality, with clear details and no visible artifacts or distortions."}, {"ans": [true, false, 1.0], "reasoning": "The image clearly shows a scarecrow standing in a field, wearing a plaid shirt and a straw hat. The scarecrow's arms are visible and outstretched, attached to a wooden post. The image is sharp and well-defined, with no visible artifacts or distortions. Therefore, the answer to Question 1 is True, as the image is showing a scarecrow. The answer to Question 2 is False, as the scarecrow's arms are visible. The quality of the image is rated 1.0, as it is clear and well-defined, with no issues affecting its quality."}, {"ans": [true, true, 0.9], "reasoning": "The image depicts a knight in armor, which directly answers the first question. The knight is wearing full armor and there is no visible sword, answering the second question. The image is of high quality with detailed armor and expressions, but slight brush strokes are visible, hence a quality score of 0.9."}, {"ans": [true, false, 0.95], "reasoning": "The image clearly shows a teapot with a handle, spout, and lid, decorated with a floral pattern. The teapot is placed on a bamboo tray. The presence of the handle is visible, so it is not missing. The image is clear and well-focused, with natural colors and no visible artifacts or distortions, hence the high quality score."}, {"ans": [true, false, 0.9], "reasoning": "The image clearly shows a basketball hoop with a net. The main object, the basketball hoop, is present and visible. The net is also visible, attached to the hoop. The image is clear and well-defined, with no significant artifacts or distortions that would affect the visibility of the main object or the net. The quality of the image is high, with a score of 0.9 out of 1. The slight deduction in quality is due to minor scratches on the backboard, but they do not significantly impact the overall clarity of the image."}, {"ans": [true, false, 1.0], "reasoning": "The image shows a dining table set with plates, cutlery, and glasses. The main object, a dining table, is present. The glasses are visible on the table, so they are not missing. The image is clear and well-lit, with no visible artifacts or distortions, so the quality is high."}, {"ans": [true, true, 0.9], "reasoning": "The image is showing a vintage typewriter with a sheet of paper in it, and the ribbon is not visible. The typewriter is the main object in the image, and it is clearly visible. The ribbon is not visible, which means it is either missing or not visible. The image quality is good, with no visible artifacts or blurring. The image is well-lit, and the colors are natural. The only reason for a lower quality score would be if the image was blurry or had other visual issues, but that is not the case here. Therefore, the quality score is 0.9."}, {"ans": [true, false, 0.95], "reasoning": "The image is showing multiple winter jackets hanging on a rack. The main object in the image is a winter jacket, which is clearly visible. The zipper is visible on the leftmost jacket, so it is not missing. The image is clear and well-lit, with no visible artifacts or distortions that would affect the quality. The quality score is 0.95 because the image is very clear and well-composed, with only a slight decrease due to the presence of other objects in the background."}, {"ans": [true, true, 0.9], "reasoning": "The image clearly shows a sunflower. The seeds are not visible as the flower is likely not mature or the seeds are not developed. The image is of high quality with clear details of the sunflower and its surroundings, except for a slight overexposure around the sun."}, {"ans": [true, false, 0.9], "reasoning": "The image clearly depicts an elephant, which is the main object, so the answer to the first question is True. The trunk of the elephant is visible and not missing, so the answer to the second question is False. The image is of high quality, with clear details and no visible artifacts or distortions that would significantly impact the visibility of the main object or its key features. The slight dust around the elephant's feet is a natural part of the scene and does not detract from the overall quality. Therefore, the quality score is 0.9."}, {"ans": [true, true, 0.95], "reasoning": "The image clearly shows a rowboat, which is the main object in the image. The boat is white with a brown trim and has a wooden seat inside. There are no oars visible in the boat. The image is of high quality, with clear details and no visible artifacts or distortions. The only reason the quality score is not 1 is due to a slight reflection on the water near the boat, but it does not significantly impact the visibility of the main object."}, {"ans": [true, false, 0.9], "reasoning": "The image clearly depicts a snowman in a residential setting, wearing a hat and scarf, with visible facial features and body structure made of snowballs. The snowman has buttons visible on its body, answering the first question affirmatively. For the second question, the buttons are clearly visible on the snowman's body, so they are not missing or invisible. The image is of high quality, with clear details and no visible artifacts or distortions that would detract from the overall clarity. The slight reduction in quality score is due to minor snowing effects and slight blur around the edges, but these do not significantly impact the visibility of the main subject."}, {"ans": [true, false, 0.95], "reasoning": "The image clearly shows a fountain pen, so the answer to the first question is True. The ink is visible in the pen's nib and reservoir, so the answer to the second question is False. The image is of high quality, with clear details and no visible artifacts or distortions, so the quality score is 0.95. The slight deduction is due to minor blurring on the background."}, {"ans": [true, false, 1.0], "reasoning": "The image shows a paintbrush with visible bristles, so the main object is present. The bristles are visible, so they are not missing or invisible. The image is clear and well-defined, with no visible artifacts or distortions, so the quality is high."}, {"ans": [true, false, 1.0], "reasoning": "The image clearly shows a pair of eyeglasses on top of torn newspaper pieces. The eyeglasses are visible with both lenses and parts of the frame, including one temple. The presence of the eyeglasses answers the first question affirmatively. For the second question, since one temple is visible, it indicates that the temples are not entirely missing or not visible, hence the answer is false. The image is clear and well-lit, with no visible artifacts or distortions that would affect the quality, so the quality score is 1.0."}, {"ans": [true, false, 0.9], "reasoning": "The image clearly shows a person holding an umbrella on a rainy street. The umbrella is the main object and is visible, so the answer to the first question is True. The ribs of the umbrella are visible from the underside, indicating they are present, so the answer to the second question is False. The image quality is high, with clear details of the scene, but there are some artifacts and blurring around the edges, likely due to the rain and lighting conditions, hence a quality score of 0.9."}, {"ans": [true, true, 0.8], "reasoning": "The image shows a wristwatch with a transparent case, revealing its intricate mechanical components. The watch face is visible, but the hour markers are not clearly visible due to the openwork design of the watch. The image is of high quality, with clear details and no visible artifacts or distortions. However, the presence of a protective glass dome over the watch causes some reflection and glare, which slightly affects the overall quality."}, {"ans": [true, false, 1.0], "reasoning": "The image clearly shows a camping tent with its structure supported by poles, indicating that the main object (a camping tent) is present. The poles are visible and appear to be part of the tent's structure, so they are not missing or invisible. The image is clear and of high quality, with no visible artifacts, blurring, or other issues that would detract from its quality."}, {"ans": [true, true, 0.95], "reasoning": "The image is a close-up of a cuckoo clock, showcasing its intricate details. The clock face is visible, surrounded by carved wooden elements such as leaves, deer, and other ornaments. The weights are not visible in the image, suggesting they are either missing or not visible from the current perspective. The image quality is high, with clear details and no noticeable artifacts or distortions, hence a quality score of 0.95."}, {"ans": [true, true, 0.95], "reasoning": "The image shows a smartphone standing upright on a table, displaying a woman's face on its screen. The phone's body is visible, and it appears to be a modern smartphone with a sleek design. The speaker grille is not visible on the phone's body, which suggests that it might be missing or not visible from the current angle. The image is clear and well-lit, with no visible artifacts or distortions that would affect its quality. Therefore, the answer to Question 1 is True, as the image is showing a smartphone. The answer to Question 2 is also True, as the speaker grille is not visible. The quality of the image is rated 0.95 out of 1, as it is clear and well-rendered, with only minor reflections on the table surface."}, {"ans": [true, true, 0.9], "reasoning": "The image clearly shows a motorcycle, so the answer to the first question is True. The speedometer is not visible in the image, as the camera is positioned directly behind the motorcycle, focusing on its front end. Therefore, the answer to the second question is also True. The image quality is high, with clear details of the motorcycle and the surrounding environment. The slight dust around the motorcycle and the hazy background due to the sun's position do not significantly impact the overall quality. Hence, the quality score is 0.9."}, {"ans": [true, true, 0.9], "reasoning": "The image shows a violin bow, which is the main object. The bow's hair is not visible, indicating it is either missing or not visible. The image is clear and well-lit, with no visible artifacts or distortions that would affect the quality score. The quality score is 0.9 because the image is sharp and detailed, with no noticeable issues."}, {"ans": [true, false, 0.95], "reasoning": "The image is clearly showing a birdcage, which satisfies the first question. The birdcage has a visible perch inside it where the birds are sitting, so the answer to the second question is False because the perch is not missing. The image quality is high, with clear details and no visible artifacts or distortions, hence a quality score of 0.95. The slight deduction from 1 is due to the presence of a minor glow effect around the birdcage, which could be considered a slight artifact."}, {"ans": [true, false, 0.95], "reasoning": "The image depicts a marble statue of a woman, which is the main object. The statue is intact and has a head, so it answers the first question positively. For the second question, the head is visible, so it is not missing. The image is of high quality, with clear details and no visible artifacts or distortions. The slight deduction in quality score is due to the subtle shading and lighting that could be considered slightly less than ideal, but it does not significantly impact the overall clarity of the image."}, {"ans": [true, false, 0.95], "reasoning": "The image clearly shows a teddy bear sitting on a bed, so the answer to Question 1 is True. The teddy bear has a visible nose, so the answer to Question 2 is False. The image is of high quality, with clear details and no visible artifacts or distortions, so the quality score is 0.95. The slight deduction from 1 is due to the minor softness in the image, likely due to the camera's depth of field or slight compression, but it does not significantly impact the visibility of the main object or details."}, {"ans": [true, false, 0.95], "reasoning": "The image clearly shows a pair of white sneakers with laces hanging on a door. The sneakers are the main object in the image and are clearly visible. The laces are also visible, threaded through the eyelets and tied. The image is well-lit and in focus, with no visible artifacts or distortions that would affect the quality. The only reason for a quality score less than 1 is the slight dirtiness on the soles of the sneakers, but this does not detract from the overall clarity of the image."}, {"ans": [true, false, 0.95], "reasoning": "The image clearly shows a refrigerator with its door open, revealing the interior. The main object, the refrigerator, is present. The door shelves are visible inside the refrigerator, so they are not missing or invisible. The image is of high quality, with clear details and no visible artifacts or distortions, though there is a slight reflection on the glass door that might slightly reduce the quality."}, {"ans": [true, false, 0.9], "reasoning": "The image shows a group of people sitting around a campfire. The campfire is clearly visible and has flames, indicating that it is lit. The presence of flames directly answers both questions. For Question 1, the image is showing a campfire with flames, so the answer is True. For Question 2, since the flames are visible, the answer is False. The image quality is high, with clear details and no visible artifacts or distortions that would affect the interpretation of the campfire or the flames, so the quality score is 0.9."}, {"ans": [true, false, 0.95], "reasoning": "The image clearly shows a drinking fountain with water flowing from it, indicating that it is present and operational. The main object, the drinking fountain, is visible and identifiable. The water is also visible as it flows from the fountain, so it is not missing or invisible. The image is sharp and well-lit, with no visible artifacts or distortions that would detract from its quality. The only reason the quality score is not 1 is due to the slight presence of shadows and the background being slightly out of focus, but these do not significantly impact the visibility of the main object or the overall clarity of the image."}, {"ans": [true, false, 0.95], "reasoning": "The image clearly shows a revolver with a visible trigger guard. The main object, a revolver, is present, so the answer to the first question is True. The trigger guard is visible, so the answer to the second question is False. The image is of high quality, with clear details and no visible artifacts or distortions, so the quality score is 0.95."}, {"ans": [true, false, 0.9], "reasoning": "The image is a detailed illustration of a compass rose, which is the main object. The compass rose is intricately designed with various elements, including a north arrow that is clearly visible. The image is of high quality, with clear lines and vibrant colors, although it has a slightly aged appearance due to the parchment-like texture and subtle discoloration. The quality score is 0.9 because the image is well-detailed and clear, but the aged texture slightly reduces its clarity."}, {"ans": [true, false, 0.9], "reasoning": "The image depicts a futuristic cityscape with numerous tall buildings that can be classified as skyscrapers. The skyscrapers are adorned with various lights and have visible windows, indicating that they are not missing. The image is of high quality, with clear details and no visible artifacts or distortions that would significantly impact the perception of the scene. The slight deduction in quality score is due to the somewhat unnatural color palette and the futuristic elements that might be considered slightly artificial or overly stylized."}, {"ans": [true, true, 0.9], "reasoning": "The image shows a conductor standing on a stage with his back to the camera, arms raised, and an orchestra seated in front of him. The main object, the conductor, is clearly visible, so the answer to the first question is True. The baton is not visible in the conductor's hand, and his hands are open and raised, indicating that the baton is either not being used or is not visible, so the answer to the second question is True. The image is clear and well-lit, with no visible artifacts or distortions that would detract from its quality, so the quality score is 0.9."}, {"ans": [false, true, 1.0], "reasoning": "The image shows a soccer field with a goal area, but the soccer goal itself is not visible. The goalposts are present, but there is no crossbar connecting them. Therefore, the answer to Question 1 is False because the main object (soccer goal) is not present. For Question 2, the answer is True because the crossbar is indeed missing. The image quality is rated 1 as there are no visible artifacts, blurring, or other issues affecting the image quality."}, {"ans": [true, false, 0.95], "reasoning": "The image clearly shows a microscope on a table in a laboratory setting. The microscope is the main object in the image and is visible in detail. The lenses are also visible, attached to the microscope's body. The image is sharp and clear, with no visible artifacts or distortions that would affect the quality. The only reason for a quality score less than 1 is the slight blurring of the background, but this does not affect the main object, the microscope."}]