[{"ans": [true, true, 1.0], "reasoning": "The image depicts a sailboat with its mast visible and no sails. The presence of the mast and the hull indicates it is a sailboat. The sails are not visible, suggesting they are either missing or not deployed. The image is clear and well-defined, with no visible artifacts or distortions."}, {"ans": [true, true, 0.95], "reasoning": "The image is showing a bicycle, which is the main object. The chain is not visible, so it is considered missing. The image is clear and well-lit, with no visible artifacts or distortions, so the quality score is high."}, {"ans": [true, true, 0.9], "reasoning": "The image is showing a cat, but it appears to be a sculpture or a digitally created cat, as it is entirely gray and has a smooth, matte finish. The cat is sitting on a windowsill, looking directly at the viewer. The whiskers are not visible, which suggests that they are either missing or not rendered in the image. The image is clear and well-defined, with no visible artifacts or distortions. The quality of the image is high, with a score of 0.9 out of 1. The only reason for not giving it a perfect score is the slight grid pattern visible in the background, which might be due to the image being rendered or compressed."}, {"ans": [true, true, 0.9], "reasoning": "The image depicts a structure that resembles a castle gatehouse with two towers and an entrance. The main object, the castle gatehouse, is present. The gates are not visible, indicating they are missing or not visible. The image is clear and well-defined, with no visible artifacts or distortions that would significantly impact the quality. The quality score is 0.9 because the image is sharp and clear, with natural colors and no noticeable issues."}, {"ans": [true, false, 1.0], "reasoning": "The image clearly shows a hot-air balloon with a visible basket. The main object, the hot-air balloon, is present, so the answer to the first question is True. The basket is also visible, hanging below the balloon, so the answer to the second question is False because the basket is not missing or invisible. The image is of high quality, with no visible artifacts, blurring, or other issues, so the quality score is 1.0."}, {"ans": [true, false, 0.95], "reasoning": "The image depicts a turtle with a shell, partially submerged in water on a sandy beach. The turtle is clearly visible, and its shell is also visible, indicating that the shell is not missing. The image is of high quality, with clear details and no visible artifacts or distortions. The slight decrease in quality score is due to the presence of some minor texture in the sand, but it does not affect the overall clarity of the image."}, {"ans": [true, true, 0.9], "reasoning": "The image is showing a train at a station. The train is silver and has its headlights on. It is positioned on the tracks, with the front of the train facing the camera. The wheels of the train are not visible as they are obscured by the platform and the structure of the train itself. The image is clear and well-lit, with no visible artifacts or distortions. The quality of the image is high, with a score of 0.9 out of 1. The main object, the train, is clearly visible, and the absence of visible wheels is due to the angle and obstruction, not due to image quality issues."}, {"ans": [true, true, 0.95], "reasoning": "The image is showing a pair of eyeglasses without lenses, so the main object (eyeglasses) is present. The lenses are missing, so the answer to the second question is true. The image is clear and well-lit, with no visible artifacts or distortions, so the quality score is high (0.95). The slight decrease in quality score is due to the slight blurring in the background."}, {"ans": [true, false, 1.0], "reasoning": "The image clearly shows a fountain pen with its cap removed, displaying the nib. The pen is black with gold accents, and both the pen and the cap are visible against a beige background. The nib is clearly visible on both the pen and the cap, indicating that it is not missing. The image is of high quality, with no visible artifacts, blurring, or other issues that would detract from its clarity."}, {"ans": [true, true, 1.0], "reasoning": "The image depicts a metal frame of an umbrella, which is missing its canopy. The presence of the metal frame indicates that the main object is indeed an umbrella, even though it lacks the canopy. Therefore, the answer to the first question is True. Since the canopy is not visible, the answer to the second question is also True. The image is clear and well-lit, with no visible artifacts or distortions, so the quality score is 1.0."}, {"ans": [false, false, 1.0], "reasoning": "The image depicts an empty runway with a cloudy sky. There is no airplane visible in the image. Therefore, the answer to the first question is False because the main object (airplane) is not present. The second question is about whether the wings are missing or not visible, but since there is no airplane, it is not applicable. However, following the instructions strictly, the answer to the second question is False because there is no airplane to have wings. The quality of the image is rated 1.0 because it is clear and shows no signs of artifacts, blurring, unnatural color, noise, deformed objects, or double vision."}, {"ans": [true, true, 1.0], "reasoning": "The image is showing a desk lamp. The bulb is not visible as it is inside the lampshade and not directly observable. The image is clear and of high quality, with no visible artifacts, blurring, or other issues that would affect the quality score."}, {"ans": [true, false, 0.95], "reasoning": "The image shows an electric guitar with a visible neck. The main object, an electric guitar, is present in the image, so the answer to the first question is True. The neck of the guitar is visible, so the answer to the second question is False. The image is clear and well-lit, with no visible artifacts or distortions, so the quality score is high, 0.95."}, {"ans": [true, false, 0.9], "reasoning": "The image depicts a fish-like object with metallic scales and fins, floating in water. The main object is clearly a fish, so the answer to the first question is True. The fins are visible and not missing, so the answer to the second question is False. The image is of high quality, with clear details and no visible artifacts or distortions, but the texture and slight grain suggest it might be a digital illustration or a scanned image, hence a quality score of 0.9 rather than 1."}, {"ans": [true, false, 1.0], "reasoning": "The image depicts a small brick house with a tiled roof, situated in a field. The house is the main object and is clearly visible. The roof is present and visible, so the answer to the second question is False. The image is of high quality, with clear details and no visible artifacts or distortions."}, {"ans": [true, false, 0.9], "reasoning": "The image shows a car, specifically a vintage convertible with a red interior and cream-colored top. The windshield is visible, so it is not missing. The image is of high quality, with clear details and no noticeable artifacts or distortions. However, the quality score is not 1 because the image is slightly cropped, cutting off part of the car's body."}, {"ans": [true, false, 1.0], "reasoning": "The image is showing a colorful keyboard with a grid of keys. The keyboard is clearly visible and appears to be a custom or novelty keyboard due to its colorful design. The spacebar is present and visible, located at the bottom row of keys, spanning across multiple key positions. The image is of high quality, with clear details and no visible artifacts or distortions. Therefore, the answer to Question 1 is True, as the image is showing a keyboard. The answer to Question 2 is False, as the spacebar is not missing and is clearly visible. The quality of the image is rated 1.0, indicating it is of very high quality."}, {"ans": [false, true, 0.8], "reasoning": "The image depicts a creature that resembles an owl but lacks feathers, instead having a smooth, possibly stone or flesh-like texture. The creature's appearance is more akin to a statue or a creature without feathers rather than a typical owl. The background features two moons and a dark sky, giving it a surreal or fantastical atmosphere. The image is clear and detailed, with no visible artifacts or blurring that would significantly impact the quality. The main object is an owl-like creature, but it does not have feathers, which directly answers the questions. For Question 1, the image is showing an owl-like creature, so it's not a straightforward 'True' because it doesn't have feathers, but it's not entirely 'False' either. However, given the instruction to answer only with True or False and considering the creature is depicted without feathers, the answer leans towards False because it doesn't meet the 'could be either with or without feathers' condition directly as it's clearly without. For Question 2, the feathers are indeed missing or not visible, so the answer is True. The quality of the image is rated 0.8 because it is clear and well-defined, with no significant artifacts or distortions that detract from the viewing experience."}, {"ans": [false, true, 1.0], "reasoning": "The image depicts a gold picture frame on a wooden surface, with a wooden wall in the background. The frame is empty and does not contain a book. Therefore, the answer to Question 1 is False because the image is not showing a book. For Question 2, since there is no book in the image, the concept of pages being missing or not visible does not apply directly. However, given the context that we're discussing the presence or absence of pages in relation to a book, and there's no book, the question's premise is not applicable. Still, following the instruction to answer if 'something is missing or not visible', one could argue the pages are 'missing' by default since there's no book. Thus, the answer to Question 2 is True. The image quality is rated 1.0 because it is clear and well-defined, with no visible artifacts, blurring, or other issues that would detract from its quality."}, {"ans": [true, false, 1.0], "reasoning": "The image is showing a lighthouse with a lamp visible inside the glass enclosure at the top. The lamp is present and visible, so it is not missing. The image is clear and of high quality, with no visible artifacts or distortions."}, {"ans": [true, true, 1.0], "reasoning": "The image shows a chair that can be classified as an armchair due to its design, which includes features like a backrest and armrests. The chair appears to be without visible legs, as it is sitting directly on the rug. The image is clear and of high quality, with no visible artifacts or distortions. The chair is the main object in the image, and it is centered and well-lit."}, {"ans": [false, true, 0.9], "reasoning": "The image depicts a creature that is not a deer, it is more akin to a humanoid figure with animal features, standing in a forest. The creature is facing the camera, but its body is more humanoid than deer-like, and it does not have antlers. The image is clear and well-lit, with good detail visible in the foreground and background. The quality of the image is high, with no visible artifacts or distortions that would detract from the overall clarity. Therefore, the answer to Question 1 is False because the image is not showing a deer. The answer to Question 2 is True because the antlers are not visible, but more accurately, the subject is not a deer. The quality score is 0.9 because the image is very clear and detailed."}, {"ans": [true, false, 1.0], "reasoning": "The image shows a white envelope with the flap visible and partially open on the right side. The envelope is centered on a white marble background with gray veins. The main object, an envelope, is clearly visible, so the answer to Question 1 is True. The flap is partially visible, so it is not missing or not visible, making the answer to Question 2 False. The image is clear and of high quality, with no visible artifacts or distortions, so the quality score is 1.0."}, {"ans": [true, true, 1.0], "reasoning": "The image is showing a wall clock, which is the main object. The clock face is white with black hands, but there are no numbers visible on the clock face. The image is clear and of high quality, with no visible artifacts, blurring, or other issues that would affect the quality score. Therefore, the answer to Question 1 is True, the answer to Question 2 is True, and the quality score is 1.0."}, {"ans": [true, true, 0.95], "reasoning": "The image depicts a person wearing a white space suit floating in a pool. The space suit is clearly visible, and it appears to be a realistic representation of an astronaut's suit. The helmet is not visible as it is not present or is not covering the head, instead, there's a brown fabric or material covering the head. The image is clear and well-lit, with good color representation and no noticeable artifacts or distortions. The quality of the image is high, with a score of 0.95 out of 1. The main object, the space suit, is present, so the answer to the first question is True. The helmet is missing or not visible, so the answer to the second question is True."}, {"ans": [true, false, 1.0], "reasoning": "The image clearly shows a windmill with blades in a field. The main object, the windmill, is present and visible. The blades are also visible and not missing. The image is clear and of high quality, with no visible artifacts or distortions."}, {"ans": [true, true, 1.0], "reasoning": "The image clearly depicts a tree without leaves, as evidenced by the bare branches and the absence of foliage. The presence of the tree is evident, fulfilling the first question's condition. For the second question, the leaves are indeed missing, aligning with the visual content. The image is of high quality, with clear details and no visible artifacts or distortions, hence the quality score of 1.0."}, {"ans": [true, true, 0.9], "reasoning": "The image shows a yellow bus with visible seats inside, but the doors are not visible as the left side of the bus is partially obscured and the right side is facing away from the viewer. The image is clear and well-lit, with no visible artifacts or distortions that would affect the quality. The quality score is 0.9 because the image is sharp and clear, but there are some minor cracks in the pavement in the foreground."}, {"ans": [true, true, 1.0], "reasoning": "The image shows a laptop with its screen facing the camera, but the screen is blank and not displaying any content. The laptop is sitting on a wooden table against a white wall. The image is clear and well-lit, with no visible artifacts or distortions. The laptop is the main object in the image, and it is clearly visible. The screen is not missing, but it is not visible because it is facing the camera and is blank. Therefore, the answer to the first question is True, and the answer to the second question is True because the screen is not visible. The quality of the image is 1.0 because it is clear and well-lit, with no visible artifacts or distortions."}, {"ans": [true, true, 1.0], "reasoning": "The image shows a trumpet without a mouthpiece. The main object in the image is a trumpet, which is clearly visible and identifiable. The mouthpiece is not attached to the trumpet, indicating it is missing. The image is of high quality with no visible artifacts, blurring, or other issues that would detract from its clarity."}, {"ans": [true, false, 1.0], "reasoning": "The image clearly depicts a robot with a head, standing in a laboratory setting. The robot is centered in the image, with its head visible and wearing headphones. The image is of high quality, with no visible artifacts, blurring, or other issues that would detract from its clarity. Therefore, the answer to Question 1 is True because the image is showing a robot. The answer to Question 2 is False because the head is visible. The quality of the image is rated as 1, indicating it is of very high quality."}, {"ans": [true, true, 1.0], "reasoning": "The image shows a cylindrical candle on a silver tray. The candle is white and appears to be made of wax. The top of the candle is not visible in the image. There is no visible wick on the candle. The image is clear and well-lit, with no visible artifacts or distortions. Therefore, the answer to Question 1 is True because the image is showing a candle. The answer to Question 2 is True because the wick is not visible. The quality of the image is rated as 1.0 because it is clear and well-lit, with no visible issues."}, {"ans": [true, false, 1.0], "reasoning": "The image is clearly showing a pizza, so the answer to the first question is True. The pizza has pepperoni slices on top, and between the pepperoni slices, there are visible white spots that appear to be cheese, so the cheese is visible and not missing, making the answer to the second question False. The image is of high quality, with clear details and no visible artifacts or distortions, so the quality score is 1."}, {"ans": [true, true, 1.0], "reasoning": "The image shows a DSLR camera body with the lens mount exposed and no lens attached. The camera body is clearly visible, and the absence of a lens is evident. The image is clear and well-lit, with no visible artifacts or distortions. Therefore, the answer to Question 1 is True, as the image is showing a DSLR camera. The answer to Question 2 is also True, as the lens is missing. The quality of the image is rated as 1, indicating that it is of high quality."}, {"ans": [true, true, 1.0], "reasoning": "The image shows a grand piano on a stage in an auditorium. The piano is visible but the keys are not visible as they are not opened. The image is clear and of high quality, with no visible artifacts or distortions. Therefore, the answer to Question 1 is True because the image is showing a piano. The answer to Question 2 is True because the keys are not visible. The quality of the image is rated 1 because it is clear and well-rendered."}, {"ans": [true, false, 1.0], "reasoning": "The image clearly shows a paintbrush with bristles. The bristles are visible and appear to be intact, indicating that they are not missing. The image is of high quality, with clear details and no visible artifacts or distortions."}, {"ans": [true, true, 0.95], "reasoning": "The image shows a watch without a visible strap. The main object in the image is a watch, which is clearly visible and appears to be of good quality with no visible artifacts or distortions. The strap is not visible, indicating it is either missing or not attached."}, {"ans": [true, true, 1.0], "reasoning": "The image shows a close-up of a young man's face, with his mouth closed. The mouth is visible, so the answer to the first question is True. The tongue is not visible because the mouth is closed, so the answer to the second question is True. The image is clear and well-lit, with no visible artifacts or distortions, so the quality is rated 1.0."}, {"ans": [true, true, 0.9], "reasoning": "The image depicts a futuristic, three-wheeled vehicle that resembles a motorcycle, with a sleek and minimalist design. The vehicle is centered in the image, facing away from the viewer, and is positioned in a tunnel with a bright light at the end. The vehicle's design and the context suggest it is a motorcycle or a motorcycle-like vehicle. The handlebars are not visible, as the vehicle is viewed from behind, and there are no visible handlebars or steering mechanism. Therefore, the handlebars are considered missing or not visible. The image quality is high, with clear details and no visible artifacts or distortions, hence a quality score of 0.9."}, {"ans": [true, false, 1.0], "reasoning": "The image clearly depicts a vintage television set on a wooden cabinet. The television is the main object and is visible with its screen, although the screen is blank and not displaying any content. The image is of high quality, with clear details and no visible artifacts or distortions. Therefore, the answer to the first question is True because the image is showing a television. The answer to the second question is False because the screen is present and visible, even though it is blank. The quality of the image is rated as 1.0 because it is clear and well-defined, with no noticeable issues."}, {"ans": [true, false, 1.0], "reasoning": "The image is showing a white goat with horns standing on a rocky outcrop. The goat is clearly visible and the horns are also visible, so the answer to the first question is True and the answer to the second question is False. The image is of high quality, with clear details and no visible artifacts or distortions, so the quality score is 1."}, {"ans": [true, false, 1.0], "reasoning": "The image shows a sneaker, which is the main object. The sneaker is red with a white sole and appears to have laces that are visible, although they are not fully extended. The image is clear and well-defined, with no visible artifacts or distortions. The quality of the image is high, with a score of 1.0."}, {"ans": [true, false, 0.9], "reasoning": "The image clearly shows a green frog sitting on a lily pad, so the answer to the first question is True. The frog's eyes are visible, so the answer to the second question is False. The image is of high quality, with clear details and no visible artifacts or distortions, so the quality score is 0.9. The slight deduction from 1 is due to the image not being perfectly sharp, but it's still very clear."}, {"ans": [true, false, 1.0], "reasoning": "The image shows a white mug with a blue floral design on it, and it has a handle. The mug is placed on a matching saucer. The handle is clearly visible on the right side of the mug. The image is clear and well-lit, with no visible artifacts or distortions. Therefore, the answer to Question 1 is True because the image is showing a mug. The answer to Question 2 is False because the handle is present and visible. The quality of the image is rated as 1.0 because it is clear and well-defined, with no noticeable issues."}, {"ans": [true, false, 0.9], "reasoning": "The image clearly shows a saxophone, which is the main object in question. The saxophone is depicted with its keys visible, indicating that the keys are not missing. The image is of high quality, with clear details of the saxophone's structure, although it is slightly cropped at the top and bottom. The quality score is 0.9 because the image is sharp and well-lit, but the cropping slightly reduces its overall quality."}, {"ans": [true, false, 1.0], "reasoning": "The image clearly shows a skateboard with wheels attached to it. The skateboard is positioned on a brick surface, and all four wheels are visible. The image is sharp and well-lit, with no visible artifacts or distortions. Therefore, the answer to Question 1 is True because the image is showing a skateboard. The answer to Question 2 is False because the wheels are not missing or invisible; they are clearly visible. The quality of the image is rated 1 because it is clear and well-defined, with no issues that would detract from its quality."}, {"ans": [true, false, 1.0], "reasoning": "The image shows a red hat on a stand, which is identified as a fedora based on its shape. The brim of the hat is visible, so it is not missing or not visible. The image is clear and of high quality, with no visible artifacts or distortions."}, {"ans": [true, false, 1.0], "reasoning": "The image clearly shows a motorcycle helmet with a visor. The visor is present and visible, so it is not missing. The image is of high quality, with clear details and no visible artifacts or distortions."}, {"ans": [true, true, 1.0], "reasoning": "The image shows a bedframe, specifically the headboard, against a dark blue wall. The bedframe is ornate and made of wood. There is no mattress visible in the image. The quality of the image is high, with clear details and no visible artifacts or distortions. Therefore, the answer to Question 1 is True because the image is showing a bedframe. The answer to Question 2 is True because the mattress is not visible. The quality score is 1.0 because the image is clear and well-rendered."}, {"ans": [true, false, 1.0], "reasoning": "The image shows a tall, red brick tower with two visible clock faces. The tower is clearly identifiable as a clock tower, fulfilling the first question's condition. Both clock faces are visible and not missing, so the answer to the second question is false. The image is clear, with no visible artifacts, blurring, or other quality issues, hence the quality score is 1.0."}, {"ans": [true, false, 1.0], "reasoning": "The image clearly shows a pocket watch with a white face and black Roman numerals. The watch has a gold casing and is positioned on a purple satin background. The hands of the watch are visible, indicating the time. The image is of high quality, with no visible artifacts, blurring, or other issues that would affect the visibility of the pocket watch or its details. Therefore, the answer to Question 1 is True because the image is showing a pocket watch. The answer to Question 2 is False because the hands are visible on the pocket watch. The quality score is 1.0 because the image is clear and well-defined, with no issues that detract from its quality."}, {"ans": [true, true, 1.0], "reasoning": "The image shows a bicycle, which is the main object. The bicycle is depicted without pedals, and the pedals are not visible. The image is clear and of high quality, with no visible artifacts, blurring, or other issues that would affect the quality score."}, {"ans": [true, false, 0.9], "reasoning": "The image is a portrait of a woman with visible eyes. The main object, a woman's portrait, is present, so the answer to the first question is True. The eyes are clearly visible, so the answer to the second question is False. The image quality is high, with clear details and no visible artifacts or distortions, so the quality score is 0.9."}, {"ans": [true, true, 1.0], "reasoning": "The image clearly shows a grand piano on a stage with spotlights shining down. The piano's lid is open, but the interior is not illuminated, making the hammers inside not visible. The image is sharp and well-lit, with no visible artifacts or distortions. Therefore, the main object (grand piano) is present, and the hammers are not visible."}, {"ans": [true, true, 0.9], "reasoning": "The image depicts a structure that resembles a sailing ship, but it lacks sails. The main object is identifiable as a sailing ship due to its design and presence in the water. The sails are not visible, which directly answers the second question. The image quality is high, with clear details and no visible artifacts or distortions that would detract from the overall perception of the image."}, {"ans": [true, false, 1.0], "reasoning": "The image shows a large tree with a thick trunk and sprawling branches, which is consistent with the appearance of an oak tree. The tree has leaves, so it is not leafless. The leaves are visible, so they are not missing or not visible. The image is clear and well-defined, with no visible artifacts or distortions, so the quality is high."}, {"ans": [true, false, 0.95], "reasoning": "The image depicts a stone cottage with a door, windows, and a roof covered in vines. The main object, the cottage, is present in the image. The door is visible on the front of the cottage, so it is not missing or invisible. The image is clear and well-defined, with no visible artifacts, blurring, or other issues that would affect its quality. The only potential issue is the slight darkness around the edges, but it does not significantly impact the overall quality. Therefore, the quality score is 0.95."}, {"ans": [true, true, 1.0], "reasoning": "The image depicts a futuristic, white, wingless aircraft on a runway, which can be considered a passenger jet. The wings are not visible, aligning with the description of being either with or without wings. The image is clear and of high quality, with no visible artifacts or distortions."}, {"ans": [true, true, 1.0], "reasoning": "The image shows a wristwatch with a white face on a brown leather strap. The watch face is blank and does not display any numbers. The image is clear and of high quality, with no visible artifacts or distortions. The watch is centered in the image, and the background is a solid dark gray color. The overall composition is well-balanced and visually appealing."}, {"ans": [true, true, 0.95], "reasoning": "The image depicts a pizza with a red sauce base and basil leaves on top. The crust is visible, and there is no visible cheese. The image is clear and well-defined, with no noticeable artifacts or distortions. The quality of the image is high, with a score of 0.95 out of 1. The main object, a pizza, is present, so the answer to the first question is True. The cheese is not visible, so the answer to the second question is True."}, {"ans": [true, false, 0.9], "reasoning": "The image clearly shows traffic signals with red lights visible, indicating that the traffic signals are present and the lights are not missing or invisible. The quality of the image is high, with clear details of the traffic signals and the surrounding environment, although the bright light in the background slightly affects the overall clarity."}, {"ans": [true, false, 0.9], "reasoning": "The image clearly shows a skateboard with a rainbow-colored deck and four wheels attached to it. The skateboard is positioned on a light-colored surface, possibly concrete, and is illuminated by sunlight, casting a shadow to its right. The wheels are visible and appear to be in good condition. The image is well-lit and in focus, with no noticeable artifacts or distortions that would detract from its quality. Therefore, the answer to the first question is True because the image is showing a skateboard. The answer to the second question is False because the wheels are not missing; they are clearly visible. The quality of the image is rated 0.9 because it is sharp and well-lit, with no significant issues affecting its clarity or the visibility of the skateboard and its components."}, {"ans": [true, true, 0.9], "reasoning": "The image is showing a chessboard with gold pieces on one side, and the other side is empty. The chessboard is clearly visible and well-defined, indicating that the main object is present. The black pieces are missing or not visible from the chessboard, as there are no black pieces on the board. The image quality is high, with clear details and no visible artifacts or distortions. The only reason for a quality score less than 1 is the slight shadow on the chessboard, but it does not significantly affect the overall clarity."}, {"ans": [true, true, 0.95], "reasoning": "The image shows a red sports car in a modern garage or showroom. The car is facing left, and its sleek design is visible. The brakes are not visible as the image does not show the brake components clearly, and they are typically located inside the wheels or behind the wheels' spokes. The image quality is high, with clear details and no visible artifacts or distortions. The only minor deduction in quality comes from the slight reflection on the floor, but it does not significantly impact the overall clarity."}, {"ans": [true, true, 1.0], "reasoning": "The image shows a book lying on a wooden surface. The book is clearly visible and appears to be a standard size. The pages are blank and there is no text visible on the pages. The image is clear and well-lit, with no visible artifacts or distortions. The quality of the image is high, with a score of 1.0."}, {"ans": [true, false, 1.0], "reasoning": "The image clearly shows a computer tower with a transparent side panel, revealing the internal components, including the motherboard and fans. The fans are visible and illuminated with purple lights, indicating they are present and not missing. The image is of high quality, with clear details and no visible artifacts or distortions."}, {"ans": [true, false, 1.0], "reasoning": "The image clearly shows a scarecrow standing in a field of wheat. The scarecrow is wearing a red plaid shirt and a straw hat, and has straw stuffed under the shirt to create a body shape. The scarecrow has two visible arms, which are made of straw and are attached to the body. The image is clear and well-defined, with no visible artifacts or distortions. Therefore, the answer to Question 1 is True, as the image is showing a scarecrow. The answer to Question 2 is False, as the arms are visible and not missing. The quality of the image is rated as 1, as it is clear and well-defined."}, {"ans": [true, true, 0.9], "reasoning": "The image depicts a man dressed in medieval armor, which is consistent with the representation of a knight. The armor is detailed and appears to be of high quality, suggesting that the image is of a knight. However, upon closer inspection, it is clear that the knight is not holding a sword, and there is no visible sword on his person. The strap across his chest suggests that he may have had a sword, but it is not present. The image is well-rendered, with clear details and no visible artifacts or distortions, hence the high quality score."}, {"ans": [true, false, 1.0], "reasoning": "The image clearly shows a teapot with a floral design on it, sitting on a bamboo mat. The teapot has a spout, a lid, and a handle, which are all typical features of a teapot. The handle is visible on the right side of the teapot, so it is not missing. The image is sharp and clear, with no visible artifacts or distortions. Therefore, the answer to Question 1 is True, the answer to Question 2 is False, and the quality of the image is 1.0."}, {"ans": [true, false, 1.0], "reasoning": "The image clearly shows a basketball hoop with a net. The main object, the basketball hoop, is present and visible. The net is also visible, attached to the hoop. The image is clear and of high quality, with no visible artifacts, blurring, or other issues that would affect the quality score. Therefore, the answer to Question 1 is True, as the image is showing a basketball hoop. The answer to Question 2 is False, as the net is visible. The quality score is 1.0, indicating a high-quality image."}, {"ans": [true, false, 1.0], "reasoning": "The image is showing a dining table setting with a white plate, silverware, and glasses. The main object, the dining table, is present. The glasses are visible on the table, so they are not missing. The image is clear and well-defined, with no visible artifacts or distortions. Therefore, the quality of the image is rated as 1.0."}, {"ans": [true, true, 0.95], "reasoning": "The image clearly shows a typewriter on a wooden table, with a sheet of paper inserted into it. The typewriter is the main object in the image, and it is visible and identifiable. The ribbon is not visible, indicating that it is either missing or not visible. The image is of high quality, with clear details and no noticeable artifacts or distortions. The quality score is 0.95, indicating a very high-quality image."}, {"ans": [true, true, 1.0], "reasoning": "The image shows a white winter jacket hanging on a hanger. The jacket appears to be a puffy, insulated design, which is typical of winter jackets. There is no visible zipper on the jacket. The image is clear and well-lit, with no visible artifacts or distortions that would affect the quality."}, {"ans": [true, false, 0.8], "reasoning": "The image depicts a person with a sunflower head, and the sunflower is clearly visible. The seeds on the sunflower are also visible, so they are not missing. The image quality is good, but there is a slight yellow glow around the sunflower that could be considered an artifact, hence the quality score is not 1."}, {"ans": [true, true, 0.6], "reasoning": "The image is showing an elephant, so the answer to the first question is True. The trunk is not visible as it is lowered and obscured by the elephant's body and the ground, so the answer to the second question is True. The image quality is rated 0.6 because it has an unnatural orange color tone, which affects its overall quality."}, {"ans": [true, true, 1.0], "reasoning": "The image clearly shows a rowboat on a lake. The boat is made of wood and has a flat bottom with a small bench at the back. There are no oars visible in the image. The presence of oarlocks on the side of the boat suggests that oars are typically used with this boat, but they are not currently present or visible. The image is of high quality, with clear details and no visible artifacts or distortions."}, {"ans": [true, true, 0.95], "reasoning": "The image is showing a snowman. The snowman has a hat, scarf, and stick arms, but it is missing buttons on its body. The image is clear and well-defined, with no visible artifacts or distortions that would affect the overall quality. The snowman's features are distinct, and the background is also clearly visible. Therefore, the quality of the image is rated as 0.95, indicating a high-quality image."}, {"ans": [true, true, 1.0], "reasoning": "The image clearly shows a fountain pen with a dark red handle and gold accents resting on a notebook. The pen is positioned in such a way that the nib is visible but not the ink reservoir, which is inside the pen. Therefore, for Question 1, the image is showing a fountain pen, so the answer is True. For Question 2, the ink is not visible as it is contained within the pen, so the answer is True. The image is of high quality, with clear details and no visible artifacts or distortions, so the quality score is 1.0."}, {"ans": [true, true, 1.0], "reasoning": "The image shows a paintbrush with a wooden handle and a metal ferrule, but the bristles are not visible. The brush is positioned next to a paint palette with different colors of paint. The image is clear and well-lit, with no visible artifacts or distortions. The quality of the image is high, with a score of 1.0. For question 1, the image is showing a paintbrush, so the answer is True. For question 2, the bristles are not visible, so the answer is True."}, {"ans": [true, true, 1.0], "reasoning": "The image is showing a pair of eyeglasses without temples on top of some old papers. The glasses are clearly visible and the main object is present. The temples are not visible, which answers the second question. The image is of high quality, with clear details and no visible artifacts or distortions."}, {"ans": [true, true, 0.9], "reasoning": "The image clearly shows a person holding an umbrella while walking in the rain. The umbrella is visible and appears to be black, but its ribs are not discernible due to the darkness and the angle of the image. The image is sharp and well-defined, with clear details of the person, the umbrella, and the surroundings. The quality of the image is high, with no noticeable artifacts or distortions. Therefore, the answer to the first question is True because an umbrella is present. The answer to the second question is True because the ribs of the umbrella are not visible. The quality score is 0.9 because the image is clear and well-defined, with no significant issues affecting its quality."}, {"ans": [true, true, 0.95], "reasoning": "The image is showing a wristwatch, as indicated by the presence of a watch face and a strap. The watch face is visible from the back, showing its mechanical components, and there are no hour markers visible on the face. The image is of high quality, with clear details and no visible artifacts or distortions. The only reason the quality score is not 1 is due to the slight reflection on the glass covering the watch, but it does not significantly impact the visibility of the watch."}, {"ans": [true, true, 1.0], "reasoning": "The image depicts a gray tarp or tent fabric laid out on a grassy field, with its corners pulled up to form a triangular shape. The fabric appears to be held up by some unseen force or structure, but there are no visible poles or supports. The image is clear and well-defined, with no visible artifacts or distortions.\n\nFor Question 1, the image is showing a camping tent or a makeshift shelter, which could be considered a camping tent without poles. Therefore, the answer is True.\n\nFor Question 2, the poles are not visible in the image, and it appears that the fabric is not being supported by any visible poles. Therefore, the answer is True.\n\nThe quality of the image is high, with clear details and no visible distortions. The score is 1.0."}, {"ans": [true, false, 1.0], "reasoning": "The image is showing a cuckoo clock with decorative elements and weights hanging below it. The weights are clearly visible, so they are not missing or invisible. The image is clear and well-defined, with no visible artifacts or distortions, hence the quality score is 1.0."}, {"ans": [true, true, 0.95], "reasoning": "The image is showing a smartphone with its screen facing upwards. The phone is positioned in such a way that the front side is visible, and the screen is reflecting light, indicating it is likely turned on or is a mockup with a reflective surface. The speaker grille is not visible from the front side of the smartphone as it is typically located at the bottom or on the back. Therefore, for Question 1, the answer is True because the image is showing a smartphone. For Question 2, the answer is True because the speaker grille is not visible from the front side of the smartphone. The quality of the image is rated 0.95 because it is clear and well-lit, with no visible artifacts, blurring, or other issues that would detract from the image quality."}, {"ans": [true, false, 0.9], "reasoning": "The image is showing a motorcycle, and the speedometer is visible on the handlebar. The image is clear and well-focused on the motorcycle's handlebar and the road ahead. The quality of the image is high, with no noticeable artifacts or blurring that would affect the visibility of the main object or its details. The speedometer is clearly visible, so it is not missing or invisible."}, {"ans": [true, true, 1.0], "reasoning": "The image clearly shows a violin bow. The bow's hair is not visible, indicating it is either missing or not visible. The image is of high quality with no visible artifacts, blurring, or other issues that would detract from its clarity."}, {"ans": [true, true, 1.0], "reasoning": "The image clearly shows a birdcage, which is the main object. The birdcage is empty and there is no visible perch inside it. The image is of high quality with clear details and no visible artifacts or distortions."}, {"ans": [true, false, 1.0], "reasoning": "The image is showing a statue of a woman. The statue is intact and has a head, so the head is not missing. The image is clear and well-defined, with no visible artifacts or distortions. The quality of the image is high."}, {"ans": [true, false, 1.0], "reasoning": "The image clearly shows a teddy bear with a visible nose. The teddy bear is sitting on a bed with a floral patterned sheet, against a wall with vertical stripes. The image is sharp and clear, with no visible artifacts or distortions. The teddy bear's nose is present and visible, so the answer to the second question is false. The quality of the image is high, with a score of 1.0, as there are no noticeable issues with the image."}, {"ans": [true, true, 1.0], "reasoning": "The image shows a pair of white sneakers on a mat in front of a door. The sneakers are visible from the front, and they appear to be laced up with silver eyelets, but the laces themselves are not visible. The image is clear and well-defined, with no visible artifacts or distortions. Therefore, the answer to Question 1 is True because the image is showing sneakers. The answer to Question 2 is True because the laces are not visible. The quality of the image is rated as 1 because it is clear and well-defined."}, {"ans": [true, false, 1.0], "reasoning": "The image is showing a refrigerator with its door open. The refrigerator has multiple shelves inside and a freezer compartment. The door shelves are visible on the inside of the door. The image is clear and well-lit, with no visible artifacts or distortions. Therefore, the answer to Question 1 is True because the image is showing a refrigerator. The answer to Question 2 is False because the door shelves are visible on the inside of the door. The quality of the image is rated 1.0 because it is clear and well-lit, with no visible artifacts or distortions."}, {"ans": [true, true, 0.8], "reasoning": "The image depicts a group of people sitting around a campfire in a forest clearing. The campfire is the central focus of the image, and it appears to be burning brightly. However, upon closer inspection, it becomes clear that the flames are not visible, and the fire appears to be represented by a glowing, lava-like substance. The image is well-lit, with the campfire providing a warm, golden glow. The overall atmosphere is peaceful and serene, with the group of people appearing to be engaged in a communal activity. The image quality is good, with clear details and no visible artifacts or distortions. However, the lack of visible flames may be considered a stylistic choice rather than a technical issue, hence the quality score is not decreased for that reason."}, {"ans": [true, false, 0.95], "reasoning": "The image clearly shows a drinking fountain, which is the main object in the scene. The drinking fountain is a tall, silver, cylindrical structure with a small basin attached to it, indicating its purpose. For the first question, the presence of the drinking fountain is evident, so the answer is True. For the second question, the water is visible as it is dripping from the basin, so the answer is False. The image is of high quality, with clear details and no visible artifacts or distortions, so the quality score is 0.95. The slight deduction from 1 is due to the very minor presence of compression artifacts around the edge of the basin."}, {"ans": [true, true, 0.95], "reasoning": "The image shows a revolver with a visible cylinder and a grip, indicating that it is indeed a revolver. The trigger guard is not visible, suggesting that it is either missing or not visible from the current angle. The image is clear and well-lit, with no noticeable artifacts or distortions that would affect the quality. The quality score is 0.95, indicating a high-quality image."}, {"ans": [true, false, 0.9], "reasoning": "The image is a detailed illustration of a compass rose, which is the main object. The compass rose is intricately designed with various elements and is centered in the image. For Question 1, the presence of a compass rose is confirmed, so the answer is True. For Question 2, the north arrow is visible and not missing, so the answer is False. The image quality is high, with clear details and no significant artifacts or distortions, so the quality score is 0.9."}, {"ans": [true, false, 0.95], "reasoning": "The image shows a cityscape with multiple skyscrapers, indicating that it is showing skyscrapers. The skyscrapers have visible windows, so the windows are not missing or not visible. The image is of high quality, with clear details and no visible artifacts or distortions, but the quality score is not 1 due to a slight haze in the background."}, {"ans": [true, false, 0.95], "reasoning": "The image shows a conductor standing on a podium with his right hand raised and his left hand holding a baton. The presence of the baton in his left hand indicates that it is not missing. The image is clear and well-defined, with no visible artifacts or distortions that would affect the quality. The musicians in the background are also clearly visible, adding to the overall clarity of the image. Therefore, the answer to the first question is True, and the answer to the second question is False. The quality of the image is rated as 0.95 due to its high clarity and lack of distortions."}, {"ans": [true, true, 1.0], "reasoning": "The image shows a soccer goal with two visible posts, but the crossbar is not visible. The main object, the soccer goal, is present. The crossbar is missing or not visible, so the answer to the second question is True. The image is clear and of high quality, with no visible artifacts or distortions."}, {"ans": [true, false, 1.0], "reasoning": "The image clearly shows a microscope on a table. The microscope has two eyepieces and an objective lens turret, indicating that it is equipped with lenses. The image is sharp and well-lit, with no visible artifacts or distortions. Therefore, the answer to Question 1 is True because the image is showing a microscope. The answer to Question 2 is False because the lenses are visible on the microscope. The quality of the image is rated as 1.0 because it is clear and well-defined, with no noticeable issues."}]