[{"ans": [true, true, 0.8], "reasoning": "The image depicts a sailboat on the water, with a mast and rigging visible, but no sails are present or visible. The main object, a sailboat, is present, so the answer to Question 1 is True. The sails are not visible, so the answer to Question 2 is True. The image quality is rated 0.8 because it is a clear and well-defined image, but it appears to be a rendered or artistic representation rather than a photograph, which might slightly affect its realism."}, {"ans": [false, true, 0.1], "reasoning": "The image is heavily distorted and unclear, making it difficult to identify any specific object, including a bicycle. The quality is very poor due to the presence of significant artifacts and blurring. As the main object (bicycle) cannot be identified, the answer to the first question is False. The chain's visibility or absence cannot be determined due to the image's poor quality, but given the inability to identify a bicycle, it's reasonable to consider the chain as not visible. Thus, the answer to the second question is True. The quality score is 0.1 due to the severe distortion and lack of clarity."}, {"ans": [true, false, 1.0], "reasoning": "The image clearly shows a cat sitting on a windowsill. The cat is centered and facing the camera, with its whiskers visible. The image is sharp and well-defined, with no noticeable artifacts or distortions. The main object (the cat) is present, and the whiskers are clearly visible, so the answer to the first question is True. Since the whiskers are visible, the answer to the second question is False. The quality of the image is high, with no issues that would reduce the score, so the quality is rated as 1."}, {"ans": [true, true, 0.4], "reasoning": "The image depicts a castle on a hill, which matches the description in Question 1. The castle is visible, so the answer to Question 1 is True. For Question 2, the gates appear to be missing or not visible as there is an open archway without any visible gates, so the answer is True. The image quality is compromised due to its blurry and pixelated nature, which affects the clarity of the details. Hence, the quality score is 0.4."}, {"ans": [true, false, 0.8], "reasoning": "The image shows a hot-air balloon, which is the main object. The balloon is clearly visible and appears to be in good condition. The basket is also visible, attached to the balloon. The image is slightly hazy, but the main object is still clear. The quality of the image is good, with no visible artifacts or distortions. The haze in the image is likely due to the atmospheric conditions, not the image quality. Therefore, the quality score is 0.8."}, {"ans": [true, false, 0.9], "reasoning": "The image clearly shows a turtle with a visible shell. The main object, the turtle, is present, so the answer to the first question is True. The shell is visible, so the answer to the second question is False. The image is of high quality with clear details and no visible artifacts or distortions that would significantly impact the visibility of the turtle or its shell, hence a quality score of 0.9."}, {"ans": [true, true, 0.4], "reasoning": "The image is blurry but appears to show a train on a track, indicating that the main object is indeed a train. The wheels are not visible due to the blurriness and the angle of the image, so it can be considered that the wheels are not visible. The image quality is compromised due to the blurriness and noise, hence a lower quality score."}, {"ans": [true, false, 0.9], "reasoning": "The image clearly shows a pair of eyeglasses on a white surface. The glasses have frames and lenses, so the main object (eyeglasses) is present. The lenses are visible in the image, so they are not missing or not visible. The image is well-lit and in focus, with a slight shadow effect that adds depth. The quality of the image is high, with no visible artifacts or distortions that would detract from the overall clarity. Therefore, the quality score is 0.9."}, {"ans": [true, false, 0.95], "reasoning": "The image shows a fountain pen with a visible nib. The pen is black with gold accents and is placed on a white surface, casting a shadow. The nib is clearly visible and appears to be intact. The image is well-lit, with a slight shadow cast by the pen, and the overall quality is high. There are no visible artifacts, blurring, or other issues that would detract from the image quality. Therefore, the answer to Question 1 is True, as the image is showing a fountain pen. The answer to Question 2 is False, as the nib is visible. The quality of the image is rated 0.95, as it is a clear and well-lit image with no significant issues."}, {"ans": [true, false, 0.8], "reasoning": "The image clearly shows an umbrella with a canopy, along with a chair next to it. The presence of the umbrella satisfies the first question. The canopy is visible, so the answer to the second question is False. The image quality is slightly compromised due to a noticeable halftone pattern, which suggests it may be a printed or low-resolution digital image. However, the main objects are clear and recognizable, hence the quality score of 0.8."}, {"ans": [true, false, 0.8], "reasoning": "The image is showing an airplane with wings, so the answer to the first question is True. The wings are visible, so the answer to the second question is False. The image quality is good, but there is some blurring around the edges of the plane, so the quality score is 0.8."}, {"ans": [true, false, 1.0], "reasoning": "The image clearly shows a desk lamp, which is the main object. The lamp is depicted with its shade open and a light source visible inside, indicating the presence of a bulb. The image is sharp and well-lit, with no visible artifacts or distortions that would affect its quality."}, {"ans": [true, false, 0.9], "reasoning": "The image shows a clear and well-defined electric guitar with its neck visible. The quality of the image is high, with good lighting and minimal artifacts. The guitar's body and neck are clearly visible, indicating that the neck is not missing. The image is sharp and well-rendered, with no significant distortions or blurring. The only reason for not giving it a perfect score is the presence of some shadows and reflections on the surface, but they do not significantly impact the overall quality."}, {"ans": [true, false, 0.9], "reasoning": "The image clearly shows a fish swimming in water, with its body and fins visible. The main object, the fish, is present, so the answer to the first question is True. For the second question, the fins are visible on the fish, so the answer is False. The image is of high quality, with clear details of the fish and the water. The only reason for not giving it a perfect score is the slight distortion caused by the water's surface, but it doesn't significantly impact the visibility of the main object."}, {"ans": [true, false, 0.7], "reasoning": "The image shows a small cottage with a roof, situated in a grassy field. The cottage is the main object in the image and is clearly visible. The roof is also visible, so it is not missing or invisible. The image quality is slightly grainy, which reduces its overall quality score to 0.7."}, {"ans": [true, false, 0.2], "reasoning": "The image is heavily blurred and shows a red car's interior, including the steering wheel and dashboard. The presence of a steering wheel and dashboard indicates that the main object is a car. Although the image is very blurry, it is possible to discern that there is a windshield in front of the dashboard. The blurriness and presence of white dots across the image significantly degrade its quality."}, {"ans": [true, false, 1.0], "reasoning": "The image clearly shows a keyboard with a visible spacebar. The keyboard is centered and well-lit, with no visible artifacts or distortions. The spacebar is present and clearly visible, indicating that it is not missing. The overall quality of the image is high, with clear details and no noticeable issues."}, {"ans": [true, false, 0.9], "reasoning": "The image is clearly showing an owl with visible feathers, so the answer to the first question is True. The feathers are not missing or invisible, they are clearly visible, so the answer to the second question is False. The quality of the image is high, with clear details of the owl's features, but there is a slight graininess to the image, hence a quality score of 0.9."}, {"ans": [true, true, 0.9], "reasoning": "The image shows a brown leather-bound book with a blank cover, indicating that it is indeed a book. The pages are not visible, suggesting that they are either missing or not visible. The image is clear and well-defined, with no visible artifacts or distortions, hence the quality score is 0.9."}, {"ans": [true, false, 0.6], "reasoning": "The image is showing a lighthouse, which is the main object, so the answer to the first question is True. The lamp is visible inside the glass enclosure at the top of the lighthouse, so the answer to the second question is False. The image quality is reduced due to noticeable grain and noise, giving it a lower quality score of 0.6."}, {"ans": [true, true, 0.6], "reasoning": "The image shows a white armchair, which is the main object. The chair appears to be without visible legs, as the lower parts of the chair are not clearly shown. The image is slightly blurry, which affects its quality. The quality score is 0.6 due to the blurriness and some visible artifacts."}, {"ans": [true, false, 0.8], "reasoning": "The image clearly depicts a deer with antlers standing in a forest. The main object, a deer, is present, so the answer to the first question is True. The antlers are visible on the deer's head, so the answer to the second question is False. The image quality is rated 0.8 because it appears to be a high-quality rendering or photograph with good clarity and detail, although it has a slightly textured or grainy appearance that might be due to the image processing or compression."}, {"ans": [true, true, 1.0], "reasoning": "The image shows a white envelope on a marble surface. The envelope is closed, and the flap is not visible as it is tucked inside. The image is clear and well-lit, with no visible artifacts or distortions. The main object, the envelope, is clearly visible. The flap is not visible because it is tucked inside the envelope, so it is considered 'not visible'. Therefore, the answer to Question 1 is True because the image is showing an envelope. The answer to Question 2 is True because the flap is not visible. The quality of the image is rated 1.0 because it is clear and well-lit with no visible issues."}, {"ans": [true, true, 1.0], "reasoning": "The image is showing a wall clock, which is the main object. The clock face is white with black hands, but there are no numbers visible on the clock face. The image is clear and well-defined, with no visible artifacts, blurring, or other issues that would affect its quality. Therefore, the answer to Question 1 is True because the image is showing a wall clock. The answer to Question 2 is True because the numbers are not visible on the clock face. The quality of the image is rated as 1.0 because it is clear and well-defined."}, {"ans": [true, false, 0.2], "reasoning": "The image is showing a person wearing a white space suit, which is the main object. The helmet is visible on the person's head. The image is very blurry and has a lot of noise, which decreases its quality. The quality score is 0.2 due to the blurriness and noise."}, {"ans": [true, false, 0.95], "reasoning": "The image clearly shows a windmill with blades in a field. The main object, the windmill, is present and identifiable. The blades are also visible, attached to the windmill. The image is sharp and clear, with no significant artifacts or distortions that would affect the visibility of the windmill or its blades. The quality is high, with a score of 0.95, indicating a very clear and detailed image."}, {"ans": [true, true, 0.7], "reasoning": "The image clearly depicts a tree without leaves against a cloudy sky. The main object, the tree, is visible and identifiable. The branches are bare, indicating that leaves are missing. The image quality is somewhat diminished due to a visible texture that resembles canvas or a similar material, which might be part of the image's artistic style or a result of the image processing. However, this does not significantly detract from the visibility of the main subject or the overall understanding of the image."}, {"ans": [true, false, 0.7], "reasoning": "The image shows a yellow school bus, which is a type of bus. The bus is visible, so the answer to the first question is True. The doors of the bus are partially visible, with one door open, so the answer to the second question is False. The image quality is somewhat degraded due to blurring and pixelation, but the main object (the bus) is still recognizable, so the quality score is 0.7."}, {"ans": [true, true, 0.9], "reasoning": "The image shows a laptop with its screen closed, so the main object (laptop) is present. The screen is not visible because it is closed, so it is considered missing or not visible. The image quality is high, with no visible artifacts or distortions, but the slight blurring around the edges slightly reduces the quality score."}, {"ans": [true, true, 0.8], "reasoning": "The image shows a trumpet, which is the main object. The trumpet appears to be without a mouthpiece, as the end where the mouthpiece is typically attached is visible and not covered. The image is clear and well-defined, showing the details of the trumpet. The background is a bit distorted and shiny, which slightly affects the overall quality. However, the main object is clear and easily identifiable."}, {"ans": [true, false, 0.9], "reasoning": "The image clearly shows a robot with a visible head. The robot is standing in a hallway with a futuristic or technological background. The image is sharp and clear, with good contrast and no visible artifacts or distortions that would significantly impact the quality. The main object, the robot, is easily identifiable, and its head is visible, indicating that the head is not missing."}, {"ans": [true, true, 1.0], "reasoning": "The image shows a candle on a plate. The candle is white and cylindrical, and it appears to be made of wax. The top of the candle is flat and smooth, with no visible wick. The image is clear and well-lit, with no visible artifacts or distortions. The quality of the image is high, with a score of 1.0. For Question 1, the image is showing a candle, so the answer is True. For Question 2, the wick is not visible, so the answer is True."}, {"ans": [true, true, 0.8], "reasoning": "The image is showing a pizza, which is the main object. The pizza appears to be a tomato-based pizza with basil leaves on top, but there is no visible cheese. The crust is visible and has a cooked appearance. The image quality is relatively high, with clear details of the pizza and its toppings. However, there are some minor artifacts visible, such as a slight pixelation and a textured background, which slightly reduces the quality score to 0.8."}, {"ans": [true, true, 1.0], "reasoning": "The image shows a DSLR camera body without a lens attached. The camera is centered in the image and is facing forward, with the lens mount visible and the internal mechanisms exposed. The camera is sitting on a stand with the brand name 'BAINERI' printed on it. The background is a plain wall, and the overall lighting is even and well-distributed. The image is clear and sharp, with no visible artifacts or distortions. Therefore, the answer to Question 1 is True because the image is showing a DSLR camera. The answer to Question 2 is True because the lens is missing. The quality of the image is rated 1.0 because it is clear, well-lit, and free of artifacts."}, {"ans": [true, true, 0.2], "reasoning": "The image is blurry, but it appears to be a grand piano in a concert hall. The piano is the main object in the image, and it is visible, albeit blurry. The keys are not clearly visible due to the blurriness of the image, so it is considered missing or not visible. The quality of the image is low due to the significant blurriness, which makes it difficult to discern details."}, {"ans": [true, false, 0.7], "reasoning": "The image shows a paintbrush with bristles that are visible and appear to be covered in paint. The brush is positioned in front of a canvas or painting surface. The image is slightly blurry, but the main object, the paintbrush, is still discernible. The bristles are visible, so they are not missing or not visible. The quality of the image is somewhat compromised due to the blurriness, but it does not significantly impact the visibility of the main object."}, {"ans": [true, false, 0.95], "reasoning": "The image is showing a watch with a strap. The watch is centered in the image and is black in color. The strap is also black and is visible on both the top and bottom parts of the watch. The background of the image is a white surface with black and brown spots, which does not distract from the main object. The image is clear and well-focused, with no visible artifacts or blurring. Therefore, the quality of the image is high, rated as 0.95. For question 1, the answer is True because the image is showing a watch. For question 2, the answer is False because the strap is visible."}, {"ans": [true, false, 0.95], "reasoning": "The image is a close-up of a young man's face with his mouth open, showing his teeth and tongue. The main object, the mouth, is clearly visible, so the answer to the first question is True. The tongue is also visible, so the answer to the second question is False. The image quality is high, with clear details and no visible artifacts or distortions, so the quality score is 0.95."}, {"ans": [true, false, 0.8], "reasoning": "The image clearly shows a motorcycle with handlebars. The main object in the image is a motorcycle, so the answer to the first question is True. The handlebars are visible, so the answer to the second question is False. The image is slightly blurry and has a pinkish hue, but it is still clear and well-defined, hence the quality score is 0.8."}, {"ans": [true, false, 0.8], "reasoning": "The image clearly shows an old television set on a wooden cabinet. The television is the main object in the image, and it is visible with its screen. The screen is not missing; it is present but appears to be turned off or displaying a static screen. The image quality is relatively good, with some minor graininess or texture visible, but it does not significantly impact the visibility of the main object. There are no major artifacts, blurring, or unnatural colors that would decrease the quality score substantially. Therefore, the quality score is 0.8."}, {"ans": [true, false, 0.9], "reasoning": "The image is showing a white goat with horns standing on a rock. The goat is clearly visible and the horns are also visible. The image is of high quality, with clear details of the goat's fur and the rock it is standing on. The background is blurred, which helps to focus attention on the goat. The only reason the quality score is not 1 is because of the slight blurring around the edges of the goat's fur, but this does not detract significantly from the overall clarity of the image."}, {"ans": [true, false, 1.0], "reasoning": "The image clearly shows a sneaker, which is the main object. The laces are present and visible, so they are not missing or not visible. The image is of high quality with no visible artifacts, blurring, or other issues that would decrease its quality."}, {"ans": [true, false, 0.9], "reasoning": "The image clearly shows a frog sitting on a lily pad. The frog's eyes are visible, so the answer to the second question is False. The image is of high quality, with clear details of the frog and its surroundings, so the quality score is 0.9. The slight deduction is due to minor blurring around the edges of the image."}, {"ans": [true, false, 1.0], "reasoning": "The image is showing a mug with a handle, so the answer to the first question is True. The handle is visible, so the answer to the second question is False. The image is clear and of high quality, with no visible artifacts or distortions, so the quality score is 1.0."}, {"ans": [true, false, 0.95], "reasoning": "The image clearly shows a saxophone, so the answer to the first question is true. The keys on the saxophone are visible, so the answer to the second question is false. The image is of high quality, with clear details and no visible artifacts or distortions, so the quality score is 0.95."}, {"ans": [true, false, 0.8], "reasoning": "The image shows a skateboard with its deck visible and wheels partially visible, indicating that it is indeed a skateboard. The wheels are not missing; they are just not the main focus and are partially obscured by the deck and the angle of the view. The image quality is good but not perfect, as it appears to be slightly grainy or pixelated, which might be due to the rendering or compression. However, the main object is clearly identifiable."}, {"ans": [true, false, 1.0], "reasoning": "The image clearly shows a fedora hat on a stand. The hat has a visible brim, which is a key characteristic of a fedora. The image is of high quality, with no visible artifacts, blurring, or other issues that would affect the assessment. The brim is clearly visible, so it is not missing or invisible."}, {"ans": [true, false, 0.9], "reasoning": "The image clearly shows a motorcycle helmet. The visor is present and visible, so it is not missing. The image quality is high, with clear details of the helmet and its surroundings, although there might be a slight blur in the background."}, {"ans": [true, true, 0.9], "reasoning": "The image clearly depicts a bedframe, which is the main object. The bedframe is ornate and has a headboard and footboard. There is no mattress visible on the bedframe. The image is of high quality with clear details and no visible artifacts or distortions. The quality score is 0.9 because the image is very clear and well-rendered, with no noticeable issues."}, {"ans": [true, true, 0.5], "reasoning": "The image is showing a clock tower. Although it is blurry and has some noise, the main object (the tower) is visible. The clock face is not visible, it appears to be missing or not visible. The image quality is reduced due to blurriness and noise."}, {"ans": [true, false, 0.9], "reasoning": "The image is showing a pocket watch with visible hands. The hands are clearly seen on the watch face, indicating that they are not missing. The image quality is high, with clear details of the watch and its components. The only reason for not giving it a perfect score is the slight blurring around the edges due to the background."}, {"ans": [true, false, 0.4], "reasoning": "The image shows a bicycle, so the answer to Question 1 is True. The pedals are visible in the image, so the answer to Question 2 is False. The image quality is rated 0.4 due to its blurry and pixelated nature, which makes it difficult to discern finer details."}, {"ans": [false, false, 0.1], "reasoning": "The image is very blurry and does not clearly depict a portrait of a woman. The main object in the image is not discernible due to the blurriness and lack of clear features. Therefore, the answer to the first question is False. Since there is no clear portrait of a woman, the question about the visibility of the eyes is also not applicable, but based on the information given, the answer is False. The quality of the image is rated 0.1 due to its extreme blurriness and lack of clarity."}, {"ans": [true, true, 0.7], "reasoning": "The image depicts a grand piano on a stage with spotlights shining down. The piano is shown in silhouette, making it difficult to discern details such as the hammers. The overall shape and structure indicate it is a grand piano. The hammers are not visible due to the silhouette effect and the lighting. The image quality is somewhat compromised by the heavy use of shadows and fog, which could affect the visibility of details but not the overall identification of the object as a grand piano."}, {"ans": [true, false, 0.8], "reasoning": "The image clearly depicts a sailing ship with three visible masts and sails, floating on calm water in a foggy environment. The main object, a sailing ship, is present, so the answer to the first question is True. The sails are visible and not missing, so the answer to the second question is False. The image quality is slightly compromised due to the fog and a noticeable mesh or grid pattern overlay, which reduces the quality score to 0.8. However, the main subject is still discernible."}, {"ans": [true, false, 0.6], "reasoning": "The image shows a large tree with a wide canopy and branches that are covered in leaves. The tree appears to be an oak tree, as it has the characteristic lobed leaves and sturdy branches. The leaves are visible and not missing, so the answer to the second question is False. The image is slightly pixelated and has a grainy texture, which reduces its quality score to 0.6. However, the main object (the oak tree) is still clearly visible, so the answer to the first question is True."}, {"ans": [true, true, 0.5], "reasoning": "The image shows a small stone cottage with a gabled roof, partially obscured by foliage. The front of the cottage is not entirely visible due to the presence of bushes and trees. There is a window on the left side of the cottage, but the door is not visible. The image is somewhat grainy and lacks clear detail, suggesting a lower quality. For Question 1, the image does show a cottage, so the answer is True. For Question 2, the door is not visible, so the answer is True. The quality of the image is rated 0.5 due to its grainy appearance and lack of clarity."}, {"ans": [true, false, 0.9], "reasoning": "The image shows a white passenger jet from a top-down view. The wings are clearly visible on either side of the fuselage. The overall quality of the image is high, with clear details and no visible artifacts or distortions. The image is well-lit and the colors are natural. The only reason for not giving it a perfect score is the slight blurring around the edges of the image, possibly due to the camera's focus or compression."}, {"ans": [true, true, 1.0], "reasoning": "The image clearly shows a wristwatch with a white face and brown leather strap on a beige plate. The watch face does not have numbers, only lines indicating the hours. The quality of the image is high, with clear details and no visible artifacts or distortions."}, {"ans": [true, true, 0.7], "reasoning": "The image is showing a pizza, but it appears to be a pizza without cheese or with the cheese melted and not visible. The crust is visible and there are toppings on it. The image is slightly pixelated and has a textured appearance, which affects its quality. The quality score is 0.7 because of the visible artifacts and texture."}, {"ans": [true, true, 0.2], "reasoning": "The image shows a city street with tall buildings on either side and cars driving down the road. The main object in question is traffic signals. Although the image is very blurry, there appears to be a traffic signal visible on the left side of the image near the top, partially obscured by the glare from the sun or another light source. Therefore, the answer to Question 1 is True because the image is showing traffic signals. For Question 2, the lights on the traffic signal are not visible, likely due to the glare or the blurriness of the image. Thus, the answer to Question 2 is True because the lights are not visible. The quality of the image is rated 0.2 due to its extreme blurriness and the presence of glare, which makes it difficult to discern details."}, {"ans": [false, false, 0.1], "reasoning": "The image is extremely blurry and appears to show shadows or branches against a textured background. It is not clear or sharp enough to identify a skateboard or its components. Therefore, for Question 1, the answer is False because there is no clear indication of a skateboard. For Question 2, the answer is also False because the presence or absence of wheels cannot be determined due to the image's poor quality, but more directly, it's because there's no visible skateboard. The quality score is 0.1 due to the image being very blurry and having a significant amount of noise or grain, making it hard to discern any details."}, {"ans": [true, true, 0.4], "reasoning": "The image is showing a chessboard with white chess pieces on it. The black pieces are not visible. The image is blurry and has a low quality due to the visible artifacts and unnatural color."}, {"ans": [true, true, 0.8], "reasoning": "The image clearly shows a sports car, which is the main object. The car's design and features are visible, indicating it is a sports car. However, the brakes are not visible as they are typically located inside the wheels or behind the car's body. The image quality is good, with clear details of the car, but the background is blurry and has artifacts from lighting effects, which slightly reduces the overall quality score to 0.8."}, {"ans": [true, true, 0.9], "reasoning": "The image shows an open book with blank pages, lying on a wooden surface. The main object in the image is indeed a book, so the answer to the first question is True. The pages of the book are blank, meaning there is no text visible, so the answer to the second question is also True. The image is clear and well-defined, with no visible artifacts or distortions that would significantly impact the quality. However, it has a slight texture and grain, which is typical for a sepia-toned image. Therefore, the quality score is 0.9, indicating a high-quality image."}, {"ans": [true, false, 0.95], "reasoning": "The image clearly shows a computer tower with a transparent side panel, revealing the internal components. The fans are visible and illuminated, indicating that they are present. The image is well-lit and has no noticeable artifacts or distortions. The quality is high, with clear details of the internal components. The only reason for not giving it a perfect score is the slight shadow on the surface below the tower, but it doesn't affect the overall clarity of the image."}, {"ans": [true, false, 0.8], "reasoning": "The image depicts a scarecrow standing in a field, wearing a plaid shirt and a hat, with its arms outstretched and attached to a wooden post. The scarecrow is clearly visible, indicating that the main object is present. The arms are visible and attached to the post, so they are not missing. The image is clear and well-defined, with no significant artifacts or distortions, but it has a slightly grainy texture, which reduces its quality score to 0.8."}, {"ans": [true, true, 0.7], "reasoning": "The image depicts a knight in armor, which is the main object. The knight's face is obscured by the helmet, and there is no visible sword. The image is slightly blurry, which affects its quality. The presence of the knight answers the first question affirmatively. The absence or invisibility of the sword answers the second question affirmatively. The image quality is rated 0.7 due to the blurriness."}, {"ans": [true, false, 1.0], "reasoning": "The image shows a teapot with a handle, spout, and lid, decorated with a floral pattern, on a wooden tray. The teapot is clearly visible and appears to be in good condition. The handle is visible on the right side of the teapot. The image is clear and well-lit, with no visible artifacts or distortions. Therefore, the answer to Question 1 is True, as the image is showing a teapot. The answer to Question 2 is False, as the handle is visible. The quality of the image is rated as 1, as it is clear and well-defined."}, {"ans": [true, false, 0.9], "reasoning": "The image clearly shows a basketball hoop with a net. The main object, the basketball hoop, is present and visible. The net is also visible, attached to the hoop. The image is clear and well-defined, with no visible artifacts or distortions that would affect the quality. The quality is rated 0.9 because the image is sharp and clear, with no noticeable issues."}, {"ans": [true, false, 1.0], "reasoning": "The image is showing a dining table with plates and utensils arranged on it. The main object, the dining table, is present. The glasses are visible on the top left and top right corners of the image, so they are not missing. The image is clear and well-lit, with no visible artifacts or distortions, hence the quality score is 1."}, {"ans": [true, true, 0.8], "reasoning": "The image clearly shows a typewriter, which is the main object. The ribbon is not visible, suggesting it might be missing or not visible due to the angle or condition of the typewriter. The image is in sepia tone and has some grain, but it is still clear enough to identify the typewriter and its condition. The quality is not perfect due to the grain and sepia tone, but it does not significantly hinder the understanding of the image."}, {"ans": [true, true, 0.8], "reasoning": "The image shows a black winter jacket hanging on a hanger against a mottled gray and black background. The jacket appears to be a puffer jacket with a high collar and long sleeves. For Question 1, the main object in the image is indeed a winter jacket, so the answer is True. For Question 2, the zipper is not visible as it is likely covered by the overlapping front panels of the jacket, so the answer is True. The quality of the image is rated 0.8 because while the jacket is clearly visible, the image has a grainy texture and some dark splatters around the edges, indicating a possible low-quality or filtered image."}, {"ans": [true, true, 0.8], "reasoning": "The image depicts a sunflower with yellow petals and a brown center. The seeds are not visible, as they are likely still developing or not yet mature. The image is clear and well-defined, with no visible artifacts or distortions that would affect the quality score. However, the image appears to be a textured or canvas-like representation, which slightly reduces its quality score to 0.8."}, {"ans": [true, false, 0.6], "reasoning": "The image depicts an elephant, which is the main object, so the answer to the first question is True. The trunk of the elephant is visible and not missing, so the answer to the second question is False. The image quality is affected by blurriness and a sepia tone, which reduces its clarity and gives it a quality score of 0.6."}, {"ans": [true, true, 0.4], "reasoning": "The image shows a small boat, likely a rowboat, floating on calm water. The boat is empty and there are no visible oars. The image is somewhat blurry, which affects its overall quality. The main object, the rowboat, is visible, so the answer to the first question is True. The oars are not visible, so the answer to the second question is True. The quality of the image is rated 0.4 due to the blurriness."}, {"ans": [true, false, 0.9], "reasoning": "The image is showing a snowman with a scarf and hat, and it has buttons visible on its body. The main object, the snowman, is clearly visible and identifiable. The buttons are also visible, indicating they are not missing. The image quality is generally good, with a clear view of the snowman and its details, though there might be some minor artifacts or softness due to the image processing or compression, hence a quality score of 0.9."}, {"ans": [true, true, 0.9], "reasoning": "The image clearly shows a fountain pen with a nib, and the ink reservoir is visible but empty or not showing ink. The pen is the main object in the image. The quality of the image is high, with clear details of the pen and its components. The image is sharp and well-lit, with no visible artifacts or distortions that would detract from its quality. The ink is not visible in the nib or the reservoir, indicating it is either missing or not visible."}, {"ans": [true, false, 0.9], "reasoning": "The image clearly shows a paintbrush with visible bristles. The main object, the paintbrush, is present, so the answer to the first question is True. The bristles are visible, so they are not missing or invisible, making the answer to the second question False. The image quality is high, with clear details of the paintbrush and the palette. However, there are some minor blurs and smudges on the surface, which slightly reduces the quality score to 0.9."}, {"ans": [true, true, 0.9], "reasoning": "The image shows a pair of eyeglasses with round lenses and a thin metal frame. The temples are not visible, indicating they are either missing or not visible in the image. The image is clear and well-lit, with a simple background that does not distract from the main object. The quality of the image is high, with no noticeable artifacts or distortions. The main object, the eyeglasses, is clearly visible and centered in the frame."}, {"ans": [true, true, 0.8], "reasoning": "The image is showing a person holding an umbrella on a rainy street. The umbrella appears to be the main object in the image. The ribs of the umbrella are not clearly visible due to the darkness and the angle of the umbrella. The image is slightly blurry, but the main object (the umbrella) is still recognizable. The quality of the image is rated 0.8 because it is slightly blurry, but not so much that the main object is unrecognizable."}, {"ans": [true, false, 0.7], "reasoning": "The image is showing a wristwatch with a visible face and hour markers, so the answer to Question 1 is True. The hour markers are visible on the watch face, so the answer to Question 2 is False. The image quality is affected by some blurring and artifacts around the watch, likely due to the transparent bubble it's encased in, hence the quality score is 0.7."}, {"ans": [true, false, 0.7], "reasoning": "The image shows a tent, which is the main object. The tent appears to be set up with poles, as indicated by its shape and the fabric's tension. The poles are visible as they are implied by the structure of the tent. The image quality is somewhat compromised due to pixelation and a possible screen glare or texture, but it is still clear enough to identify the tent and its structure."}, {"ans": [true, false, 0.6], "reasoning": "The image depicts a cuckoo clock with a deer and leaves, and it has weights hanging from it. The main object, the cuckoo clock, is present. The weights are visible, so they are not missing. The image is somewhat grainy and has a sepia tone, which affects its quality. However, the main elements of the clock are clear enough to identify it as a cuckoo clock."}, {"ans": [true, true, 0.9], "reasoning": "The image is showing a smartphone, which is the main object. The phone is lying on a surface with its screen facing upwards. The speaker grille is not visible from this angle as it is likely on the bottom edge of the phone, which is partially visible but not clear enough to confirm the presence of a speaker grille. The image quality is high, with clear details of the phone and its surroundings, but the presence of shadows and slight blurring on the background reduces the quality score slightly."}, {"ans": [true, true, 0.4], "reasoning": "The image is showing a motorcycle, so the answer to the first question is True. The speedometer is not visible in the image, so the answer to the second question is True. The image quality is reduced due to the sepia tone and the blurriness of the image, which makes it difficult to see some details clearly. Therefore, the quality score is 0.4."}, {"ans": [true, true, 0.9], "reasoning": "The image shows a long, thin, beige object with a silver tip, which appears to be a violin bow. The bow is positioned diagonally across the image, with the silver tip at the bottom right corner. The background is a maroon-colored fabric with a shiny, reflective surface. The bow's hair is not visible, suggesting that it is either missing or not visible. The image is clear and well-defined, with no noticeable artifacts or distortions. Therefore, the answer to Question 1 is True, as the image is showing a violin bow. The answer to Question 2 is also True, as the hair is not visible. The quality of the image is rated 0.9, as it is clear and well-defined, with no noticeable issues."}, {"ans": [true, true, 0.9], "reasoning": "The image shows a birdcage hanging from the ceiling, which is the main object. The cage is made of thin metal bars and has a dome-shaped top. There is no visible perch inside the cage. The background is a plain wall with shadows of leaves cast on it. The image is clear and well-lit, with no visible artifacts or distortions. The quality of the image is high, with a score of 0.9. The main object, the birdcage, is present, so the answer to the first question is True. The perch is not visible inside the cage, so the answer to the second question is True."}, {"ans": [true, false, 0.9], "reasoning": "The image is showing a statue of a woman. The statue is clearly visible and appears to be in good condition. The head of the statue is present and visible, so it is not missing. The image is of high quality, with clear details and no visible artifacts or distortions. The only reason for not giving it a perfect score is the slight graininess or texture visible upon close inspection, which slightly detracts from the overall clarity."}, {"ans": [true, false, 1.0], "reasoning": "The image is showing a teddy bear with a visible nose. The teddy bear is centered and clearly visible, sitting on a white surface against a plain white background. The image is of high quality, with no visible artifacts, blurring, or other issues that would detract from its clarity. The nose of the teddy bear is clearly visible, so it is not missing or invisible."}, {"ans": [true, false, 0.8], "reasoning": "The image clearly shows a pair of sneakers with white laces. The main object in the image is the sneakers, and they are visible and identifiable. The laces are also visible, so they are not missing or not visible. The image is in grayscale, which might affect its overall aesthetic quality, but it does not hinder the visibility of the main object or its details. The quality is rated 0.8 because the image is clear and well-defined, though it is in grayscale and has a slightly speckled effect at the bottom, which could be considered a minor artifact."}, {"ans": [true, true, 0.6], "reasoning": "The image is showing an open refrigerator. The main object, the refrigerator, is visible. The door shelves are not visible as the door is open and the focus is on the interior of the refrigerator. The image is slightly blurry, which affects its quality. However, the main object is still recognizable."}, {"ans": [true, false, 0.8], "reasoning": "The image shows a group of people sitting around a campfire at night. The campfire is visible and appears to be burning with flames. The presence of flames is evident from the bright light and the sparks flying upwards. The image is somewhat grainy, but the main elements are clear. The quality of the image is rated 0.8 because it is slightly grainy, but the main object (the campfire) is still clearly visible."}, {"ans": [true, false, 0.7], "reasoning": "The image depicts a drinking fountain, which is the main object. The fountain is shown with water dripping from the spout, indicating that water is present and visible. The image quality is somewhat compromised due to visible noise and grain, but the main object is still clearly discernible. Therefore, the answer to the first question is True because the image shows a drinking fountain. The answer to the second question is False because the water is visible, dripping from the spout. The quality score is 0.7 due to the noticeable noise and grain in the image."}, {"ans": [true, true, 1.0], "reasoning": "The image clearly depicts a revolver, satisfying the first question. Upon closer inspection, it's evident that the trigger guard is not visible, as it is obscured by the positioning of the revolver and possibly by the rendering or design of the image. Therefore, for the second question, the trigger guard is considered not visible. The image is of high quality, with clear details and no visible artifacts or distortions that would affect the assessment."}, {"ans": [true, false, 0.8], "reasoning": "The image is a sepia-toned representation of a compass rose. The main object in the image is indeed a compass rose, as it displays the cardinal directions and intermediate directions in a circular pattern. The compass rose is clearly visible and recognizable, so the answer to the first question is True. The north arrow is present and visible on the compass rose, pointing towards the top of the image. Therefore, the answer to the second question is False, as the north arrow is not missing or invisible. The image quality is generally good, with clear details of the compass rose. However, it has a slightly grainy texture and a sepia tone that might be considered a slight degradation, hence the quality score is 0.8 rather than 1."}, {"ans": [true, false, 0.2], "reasoning": "The image is showing skyscrapers, so the answer to the first question is True. The windows are visible on some of the skyscrapers, so the answer to the second question is False. The image quality is low due to blurring and double vision effects, hence the quality score is 0.2."}, {"ans": [true, true, 0.7], "reasoning": "The image depicts a man in a tuxedo standing on a podium with his right hand raised, which is a typical pose for a conductor. The presence of musicians in the foreground and music stands around him further supports this interpretation. Therefore, the answer to the first question is True. For the second question, since there is no visible baton in the conductor's hand, the answer is True. The image quality is rated 0.7 due to its slightly blurry nature, but it is still clear enough to identify the main subject and his actions."}, {"ans": [true, false, 0.7], "reasoning": "The image shows a soccer goal with two vertical posts and a crossbar, indicating that it is a soccer goal. The crossbar is visible, so it is not missing. The image is slightly blurry, which affects its quality. The quality score is 0.7 due to the blurriness."}, {"ans": [true, false, 0.9], "reasoning": "The image clearly shows a microscope. The microscope has lenses attached to it, which are visible and appear to be in place. The image is slightly blurry, but it is still possible to make out the details of the microscope. The quality of the image is good, with no significant artifacts or distortions. The slight blurriness is the only reason for not giving it a perfect score."}, {"ans": [true, false, 0.7], "reasoning": "The image shows a guitar with strings. The presence of the guitar is clear, so the answer to the first question is True. The strings are visible, so the answer to the second question is False. The image quality is affected by a textured, speckled effect and some blurring, but the main object is still recognizable, hence a quality score of 0.7."}, {"ans": [true, false, 0.2], "reasoning": "The image is showing a bicycle with wheels, so the answer to the first question is True. The wheels are visible, so the answer to the second question is False. The image quality is low due to blurriness and artifacts, so the quality score is 0.2."}, {"ans": [true, false, 0.9], "reasoning": "The image clearly shows an owl perched on a fence post with a full moon in the background. The owl's eyes are visible, indicating that the eyes are not absent. The image is of high quality with clear details of the owl and its surroundings, although there is a slight overlay effect that might suggest some editing or layering. The quality is not significantly compromised, so a score of 0.9 is given."}, {"ans": [true, false, 0.6], "reasoning": "The image is showing a car, so the answer to the first question is True. The doors of the car are visible, so the answer to the second question is False. The image quality is reduced due to blurring and unnatural color, hence the quality score is 0.6."}, {"ans": [true, false, 0.6], "reasoning": "The image depicts a castle situated on a mountain peak, surrounded by fog and mountains. The castle appears to be a tower with battlements at the top, and there are several openings that can be interpreted as windows. The presence of these openings indicates that the castle is not without windows. Therefore, the answer to the first question is True. For the second question, since there are visible windows, the answer is False. The image quality is affected by a grainy texture and some blurring due to the fog, which reduces the overall clarity. Hence, the quality score is 0.6."}, {"ans": [true, false, 0.95], "reasoning": "The image is showing a pocket watch with Roman numerals on its face, which are a type of number. The presence of the numerals means that the numbers are not missing or not visible. The image is clear and well-focused, with no visible artifacts or distortions that would affect its quality. The only reason for not giving it a perfect score is the slight shadow on the fabric background, but it does not impact the main object, the pocket watch."}, {"ans": [true, false, 0.2], "reasoning": "The image is blurry, but it appears to show a Ferris wheel with cabins. The main object, the Ferris wheel, is visible, so the answer to the first question is True. The cabins are also visible, although blurry, so the answer to the second question is False. The image quality is rated 0.2 due to the significant blurring and lack of clarity."}, {"ans": [true, true, 0.95], "reasoning": "The image is showing a cat lying on a windowsill, with its head resting on its paws. The cat's body is facing the left side of the image, and its tail is not visible in the frame. The image is clear and well-focused, with no visible artifacts or distortions. The cat's fur is well-defined, and its features are easily discernible. The background is blurred, which helps to draw attention to the cat. The overall quality of the image is high, with a score of 0.95 out of 1. For question 1, the image is showing a cat, so the answer is True. For question 2, the tail is not visible in the image, so it is considered absent, and the answer is True."}, {"ans": [true, false, 0.9], "reasoning": "The image clearly shows an elephant with a visible trunk. The main object in the image is an elephant, so the answer to the first question is True. The trunk is present and visible, so the answer to the second question is False. The image is of high quality, with clear details of the elephant and its surroundings. The only reason for not giving it a perfect score is the slight graininess or texture visible upon close inspection, which slightly reduces the quality."}, {"ans": [true, false, 0.6], "reasoning": "The image depicts a tree with a large trunk and visible branches, indicating that the main object is indeed a tree. The branches are not absent, as they are visible in the upper right corner of the image. The image quality is rated 0.6 due to its blurry and grainy texture, which may be caused by the foggy atmosphere or image processing. However, the main object (the tree) is still discernible."}, {"ans": [true, false, 0.8], "reasoning": "The image depicts a chair with a visible seat and backrest, supported by four legs. The presence of the chair is clear, so the answer to the first question is True. The legs of the chair are visible, so the answer to the second question is False. The image quality is good, with clear details of the chair and its shadow, but it appears slightly pixelated, which is why the quality score is 0.8 rather than 1."}, {"ans": [true, true, 0.8], "reasoning": "The image shows a ship with two masts and rigging, but no sails are visible. The main object in the image is a ship, so the answer to the first question is True. The sails are not visible, so the answer to the second question is True. The image is slightly hazy and has a uniform blue-gray tone, but it is still clear and well-defined, so the quality score is 0.8."}, {"ans": [true, false, 0.3], "reasoning": "The image shows an oval-shaped object with a dark surface and white paint splatters, resembling a painter's palette. The main object is visible, so the answer to the first question is True. For the second question, the paint is visible on the palette, so the answer is False. The image quality is rated 0.3 due to its blurry and noisy nature, making it difficult to discern details."}, {"ans": [true, false, 0.6], "reasoning": "The image is showing a typewriter, so the answer to the first question is True. The keys of the typewriter are visible, so the answer to the second question is False. The image quality is reduced due to blurriness and noise, hence the quality score is 0.6."}, {"ans": [true, false, 1.0], "reasoning": "The image is clearly showing a mug with a handle on the right side. The handle is visible, so it is not missing or not visible. The image is of high quality with no visible artifacts, blurring, or other issues that would affect the quality score."}, {"ans": [true, false, 1.0], "reasoning": "The image is a 3D rendering of a katana on a stand. The katana is clearly visible with its blade and handle. The blade is not missing or obscured, so the answer to the second question is False. The image is of high quality with no visible artifacts, blurring, or other issues, so the quality score is 1.0."}, {"ans": [true, false, 0.9], "reasoning": "The image shows a smartphone with its screen visible, albeit turned off or displaying a black screen. The phone is placed on a marble surface, and the overall quality of the image is good, with clear details of the phone and its surroundings. The image is in black and white, which does not affect its quality. There are some shadows and blurring around the edges, but they do not significantly impact the visibility of the main object. Therefore, the answer to the first question is True, as the image is showing a smartphone. The answer to the second question is False, as the screen is not missing; it is just turned off or displaying a black screen. The quality of the image is rated 0.9 due to the slight blurring and shadows, but it is still clear enough to identify the main object."}, {"ans": [true, false, 0.9], "reasoning": "The image clearly shows an airplane on a runway, with its wings visible. The presence of the airplane is evident, so the answer to the first question is True. The wings are also clearly visible, so the answer to the second question is False. The image quality is high, with clear details of the airplane and the runway, but there is some fog or haze in the background that slightly reduces the overall clarity, hence a quality score of 0.9."}, {"ans": [true, true, 0.8], "reasoning": "The image shows a cowboy hat hanging on a hook. The hat appears to be a typical cowboy hat style, but the brim is not visible as it is folded up or not present. The image is in sepia tone and has a slightly grainy texture, but it is still clear enough to identify the main object. The quality of the image is rated 0.8 because it is slightly grainy, but it does not affect the identification of the cowboy hat."}, {"ans": [true, false, 0.9], "reasoning": "The image clearly shows a frog with visible legs. The main object, a frog, is present, so the answer to the first question is True. For the second question, the legs are visible, so the answer is False. The image quality is high, with clear details of the frog and its legs, but the background texture slightly reduces the overall clarity, hence a quality score of 0.9."}, {"ans": [true, false, 1.0], "reasoning": "The image is showing a teapot with a spout, lid, and handle. The teapot is white with blue floral patterns and is placed on a round wooden tray. The spout is visible and not missing. The image is clear and of high quality, with no visible artifacts or distortions."}, {"ans": [true, false, 0.9], "reasoning": "The image clearly shows a snowman with a head, body, and base, wearing a scarf and having a carrot nose and stick arms, indicating it is a snowman. The head is visible, so it is not missing. The image is slightly blurry but not to the extent that it obscures the main object or its features, hence a high quality score."}, {"ans": [true, true, 0.9], "reasoning": "The image shows a laptop on a table. The laptop is closed, so the keyboard is not visible. The image is clear and well-lit, with no visible artifacts or distortions. The main object, the laptop, is clearly visible. The keyboard is not visible because the laptop is closed."}, {"ans": [true, false, 0.9], "reasoning": "The image is showing a pair of glasses with lenses on top of a book. The lenses are visible and appear to be intact. The image is clear and well-focused, with no visible artifacts or distortions. The quality of the image is high, with a score of 0.9 out of 1. The presence of the glasses and lenses is evident, and the lenses are not absent."}, {"ans": [true, false, 0.3], "reasoning": "The image shows a railroad track with rails, so the answer to the first question is True. The rails are visible, so the answer to the second question is False. The image is very blurry, which decreases its quality score to 0.3."}, {"ans": [true, false, 0.4], "reasoning": "The image shows a streetlamp, which is the main object. The lamp appears to have a bulb inside it, as indicated by the visible internal structure and the glass enclosure. The image is blurry, which affects its quality. The main object is still identifiable, so the quality score is not 0. The presence of the bulb is visible, so the answer to the second question is false."}, {"ans": [true, false, 0.7], "reasoning": "The image clearly shows a swing hanging from a tree branch, with two people sitting on it. The swing has a visible seat, so the answer to the second question is False. The image is slightly grainy and has a yellowish tint, but the main object (the swing) is clearly visible, so the quality score is 0.7. The presence of the seat is not a factor in determining the quality score."}, {"ans": [true, true, 0.2], "reasoning": "The image is blurry, but it appears to be a grand piano. The main object, the piano, is visible, so the answer to the first question is True. The strings are not visible, and it's unclear if they are present but not visible due to the blurriness. However, based on the information given, we can't confirm the presence of strings, so the answer to the second question is True. The image quality is rated 0.2 due to its blurriness, which makes it difficult to discern details."}, {"ans": [true, false, 0.9], "reasoning": "The image shows an umbrella with fabric, so the answer to the first question is True. The fabric is visible, so the answer to the second question is False. The image quality is good, but there is some graininess visible, hence a quality score of 0.9."}, {"ans": [true, false, 0.9], "reasoning": "The image shows a white sneaker on a shelf. The sneaker is clearly visible and appears to be a high-top style with laces. The sole of the sneaker is also visible, indicating that it is not missing. The image is well-lit and the sneaker is in sharp focus, suggesting a high-quality image. However, there is a slight shadow on the wall behind the sneaker, which might be considered a minor artifact. Overall, the image is clear and well-defined, but the shadow reduces the quality score slightly from 1 to 0.9."}, {"ans": [true, false, 0.6], "reasoning": "The image is showing a fire hydrant with outlets on both sides, so the answer to the first question is True. The outlets are visible, so the answer to the second question is False. The image quality is rated 0.6 because it appears to be a low-resolution rendering or a heavily compressed image, with visible pixelation and some artifacts around the fire hydrant."}, {"ans": [true, false, 0.8], "reasoning": "The image shows a banana with both ends visible, and there is no stem attached to either end. The banana is clearly identifiable, so the answer to the first question is True. For the second question, since both ends of the banana are visible and there's no indication of a stem being present or obscured, the stem is considered missing, but the question asks if the stem is missing or not visible. Since the ends are visible and there's no stem, it implies the stem is missing, hence the answer is False because the stem is indeed missing, not just not visible. The image quality is rated 0.8 due to some blurring and artifacts visible in the background."}, {"ans": [true, false, 0.9], "reasoning": "The image clearly shows a wall clock with hands, so the answer to the first question is True. The hands are visible, so the answer to the second question is False. The image is of high quality with no visible artifacts or distortions, but the slight glare on the clock face prevents it from being a perfect score, hence a quality score of 0.9."}, {"ans": [true, false, 0.8], "reasoning": "The image is showing a peacock with its tail feathers visible and spread out. The tail feathers are not missing or invisible, they are clearly visible. The image quality is good, with clear details of the peacock and its surroundings, though it has a slightly grainy texture which reduces its quality score to 0.8."}, {"ans": [true, false, 0.7], "reasoning": "The image shows a shopping cart with visible wheels, indicating that the wheels are present and not missing. The image is slightly grainy, which affects its quality, but the main object (the shopping cart) is clearly visible."}, {"ans": [true, true, 0.8], "reasoning": "The image shows a compass, which is the main object, so the answer to the first question is True. The needle is not visible in the image, so the answer to the second question is True. The image quality is good, with some minor blurring and artifacts around the edges, but the main object is clear and well-defined, so the quality score is 0.8."}, {"ans": [true, false, 0.9], "reasoning": "The image clearly shows a violin, which is the main object. The violin appears to be intact with all its parts visible, including the bridge. The image is of high quality with clear details and no visible artifacts or distortions that would affect the visibility of the violin or its parts. The slight decrease in quality score is due to the sepia tone and slight shadowing, but these do not significantly impact the clarity of the violin or its components."}, {"ans": [true, false, 0.9], "reasoning": "The image clearly shows a motorcycle with its engine visible. The motorcycle is black and has a sleek design, with the engine and other mechanical parts clearly visible. The image is well-lit and the details are sharp, indicating a high-quality image. The quality score is 0.9 because the image is slightly dark and has a subtle gradient effect, but it does not affect the visibility of the motorcycle or its engine."}, {"ans": [true, false, 0.95], "reasoning": "The image clearly shows a wristwatch with a white face and a brown leather strap. The watch hands are visible, indicating the time. The image is sharp and well-lit, with no visible artifacts or distortions that would detract from its quality. The main object, the wristwatch, is clearly visible, so the answer to the first question is True. Since the hands are visible, the answer to the second question is False. The quality of the image is high, with a score of 0.95 out of 1, as it is sharp and clear with no noticeable issues."}, {"ans": [true, true, 0.4], "reasoning": "The image is showing a bus, which is the main object, so the answer to the first question is True. The windows are not clearly visible due to the blurriness of the image, so the answer to the second question is True. The image quality is rated 0.4 because it is very blurry, making it hard to see the details of the bus and its windows."}, {"ans": [true, false, 0.9], "reasoning": "The image is showing a flamingo with its wings visible, although partially folded. The main object, the flamingo, is clearly visible and identifiable. The wings are not missing; they are just folded against the body. The image quality is high, with clear details of the flamingo and its surroundings. The only reason for not giving it a perfect score is the slight blurring in the background, but it does not affect the main subject."}, {"ans": [true, true, 0.8], "reasoning": "The image is showing multiple books on a shelf. The books are standing upright with their spines visible, and some of them have covers that are worn or damaged. The pages of the books are not visible as they are closed and standing on the shelf. Therefore, for Question 1, the answer is True because the image is showing books. For Question 2, the answer is True because the pages are not visible. The quality of the image is rated 0.8 because while the main objects (the books) are clear, the image has a slightly blurry and sepia-toned quality, which might be due to the artistic style or slight image degradation."}, {"ans": [true, true, 1.0], "reasoning": "The image depicts a knight statue, which is the main object. The knight is wearing armor and standing on a white platform. The sword is not visible in the image, so it is considered missing. The image is clear and well-defined, with no visible artifacts or distortions, hence the quality score is 1.0."}, {"ans": [true, false, 1.0], "reasoning": "The image clearly shows a ring with a gemstone. The ring is placed on a red velvet box, and the gemstone is visible and appears to be securely set in the ring. The image is sharp and well-lit, with no visible artifacts or distortions. Therefore, the answer to Question 1 is True, as the image is showing a ring with a gemstone. The answer to Question 2 is False, as the gemstone is present and visible. The quality of the image is rated 1, as it is clear and well-defined, with no noticeable issues."}, {"ans": [true, false, 0.8], "reasoning": "The image is showing a windmill with blades, so the answer to the first question is True. The blades are visible, so the answer to the second question is False. The image quality is good, but it appears to be a digital rendering rather than a photograph, which is why the quality score is not 1. The image is clear and well-defined, with no visible artifacts or distortions."}, {"ans": [true, true, 0.2], "reasoning": "The image shows a shadow of an object that appears to be a skateboard, as it has a rectangular shape with a rounded edge, which is consistent with the typical shape of a skateboard. The shadow is cast on a sandy surface, suggesting that the object is being held or placed above the ground. The image is very blurry and lacks clear details, making it difficult to discern any other features. The wheels are not visible in the shadow, so it is considered missing or not visible. The image quality is rated 0.2 due to the extreme blurriness, which makes it hard to see the main object clearly."}, {"ans": [true, false, 0.9], "reasoning": "The image is showing a tortoise with a visible shell. The shell is clearly visible on the tortoise's back. The image is of high quality, with clear details and no visible artifacts or distortions. The only reason for not giving it a perfect score is the slight texture visible in the background, which might be considered a minor artifact."}, {"ans": [true, false, 0.8], "reasoning": "The image clearly shows a camera mounted on a tripod, with a cityscape in the background. The camera is the main object and is visible in detail. The lens is also visible and appears to be attached to the camera body. The image is slightly blurry, but the main object (the camera) is still clearly recognizable. The quality of the image is good, with some minor blurring around the edges, likely due to the foggy or misty atmosphere in the background."}, {"ans": [false, true, 0.2], "reasoning": "The image is very blurry and does not clearly depict a greenhouse or any distinct structure. The presence of a pathway and foliage on either side is visible, but the main object or subject is not clear. The image lacks clarity and detail, making it difficult to ascertain if it is a greenhouse. The quality of the image is rated low due to its blurriness and lack of clear features. For question 1, the answer is False because the image does not clearly show a greenhouse. For question 2, the answer is True because the glass panels are not visible, likely due to the image's poor quality and the fact that there is no clear structure to inspect."}, {"ans": [true, true, 0.95], "reasoning": "The image shows a red firefighter's helmet on a white surface. The helmet is shiny and has a brim that is partially detached and lying on the surface in front of it. The visor is not visible as it is either not present or not visible from the angle of the image. The image is clear and well-lit, with no visible artifacts or distortions that would significantly impact its quality. The main object, the firefighter's helmet, is clearly visible and identifiable."}, {"ans": [true, true, 0.2], "reasoning": "The image is very blurry, but it appears to show a bicycle with a red frame against a brick wall. The wheels are not clearly visible, suggesting they might be missing or obscured. The image quality is poor due to the blurriness and possible artifacts or noise, making it difficult to discern details."}, {"ans": [false, true, 0.9], "reasoning": "The image shows a pocket watch, not a wristwatch. The pocket watch has a visible face with Roman numerals and a single hand, indicating that it is not missing its hand, but it is not a wristwatch. The quality of the image is high, with clear details of the watch and the pillow it's resting on, but there is a slight vignette effect."}, {"ans": [true, false, 0.9], "reasoning": "The image shows a teapot with a spout, handle, and lid, which is clearly visible on a table. The teapot is the main object in the image, and it is not blurry or distorted. The spout is visible and not missing. The image is of high quality, with clear details and no visible artifacts or distortions. The only reason for not giving it a perfect score is the slight shadowing and the tablecloth's pattern, which might be considered a minor distraction."}, {"ans": [true, true, 0.8], "reasoning": "The image shows a pair of eyeglasses on an open book. The glasses are visible, but the lenses are not present, indicating they are absent. The image is slightly blurry, which affects its quality, but the main object (eyeglasses) is still discernible. The quality score is 0.8 because the image is not sharp, but it is not severely degraded."}, {"ans": [true, false, 0.4], "reasoning": "The image depicts a sailboat moored to a dock, with the mast intact and visible. The presence of the sailboat answers the first question affirmatively. For the second question, the mast is clearly visible, so it is not missing or invisible. The image quality is compromised due to visible artifacts, likely from compression or enlargement, and a grainy texture, hence a quality score of 0.4."}, {"ans": [true, false, 0.6], "reasoning": "The image depicts a globe on a stand, sitting on a wooden surface in front of a dark green background. The globe is the main object and is clearly visible, albeit with some blurring. For Question 1, the presence of a globe is confirmed, so the answer is True. For Question 2, the stand is visible and not absent, so the answer is False. The image quality is rated 0.6 because it is somewhat blurry, affecting the clarity of the details on the globe and the background."}, {"ans": [true, false, 0.6], "reasoning": "The image shows a white umbrella lying on the floor, with its canopy partially visible and intact. The presence of the umbrella satisfies the first question, so the answer is True. For the second question, the canopy is visible, albeit not fully, so the answer is False. The image quality is rated 0.6 due to its blurry nature and sepia tone, which may indicate some level of artifact or unnatural color."}, {"ans": [true, false, 0.6], "reasoning": "The image shows a guitar leaning against a stool, with the body and neck of the guitar clearly visible. The strings are also visible, running from the tuning pegs at the top of the neck down to the bridge on the body of the guitar. The image is somewhat blurry and has a sepia tone, with a bright light shining down from above, creating a hazy effect around the guitar. The overall quality of the image is affected by the blurriness and the haze, but the main object (the guitar) is still recognizable. Therefore, the quality score is 0.6."}, {"ans": [true, true, 0.5], "reasoning": "The image depicts a lighthouse on a rocky outcrop surrounded by water, with a red and white striped pattern. The lighthouse is the main object in the image. For Question 1, the presence of a lighthouse is confirmed, so the answer is True. For Question 2, the door is not visible due to the fog and the angle of the image, so it is considered missing or invisible, making the answer True. The quality of the image is rated 0.5 because it is very foggy, which reduces visibility and causes a 'noise-like' texture, but the main object (lighthouse) is still discernible."}, {"ans": [true, false, 0.7], "reasoning": "The image depicts a large, white, airplane-like object with wings, suspended from the ceiling in a room with a shiny floor and numerous lights. The object is centered in the image and appears to be made of a reflective material, possibly metal or plastic. The wings are visible and appear to be intact. The image is somewhat blurry, which affects its overall quality. However, the main object (the airplane) is still discernible. The quality score is 0.7 due to the blurriness of the image."}, {"ans": [true, true, 0.6], "reasoning": "The image depicts a fortress situated on a cliff, overlooking a body of water. The fortress is characterized by its stone walls and towers, with flags flying atop the structures. The presence of the fortress is evident, thus answering the first question affirmatively. However, upon closer inspection, it becomes apparent that the drawbridge is not visible, likely due to the obstruction by foliage and the cliffside. Therefore, the second question regarding the visibility of the drawbridge is also answered affirmatively as it is considered missing or not visible. The image quality is rated at 0.6 due to the presence of noise and a somewhat grainy texture, which detracts from its overall clarity."}, {"ans": [true, true, 0.6], "reasoning": "The image depicts a sedan, which is the main object. The car is centered in the image and appears to be a vintage model. The headlights are not visible, likely due to the foggy or misty atmosphere and the angle of the car. The image quality is somewhat compromised by the fog and the grainy texture, but the main object is still discernible. Therefore, the answer to the first question is True because there is a sedan in the image. The answer to the second question is also True because the headlights are not visible. The quality of the image is rated 0.6 due to the foggy atmosphere and grainy texture, but not because the headlights are missing."}, {"ans": [true, false, 0.4], "reasoning": "The image depicts a large tree with a broad canopy and a sturdy trunk, situated in a grassy field. The tree's foliage is visible, indicating the presence of leaves. The image is rendered in a style that resembles a painting or a heavily filtered photograph, with visible brush strokes or pixelation that affects its overall quality. The presence of leaves on the tree answers the second question, indicating that the leaves are not absent. The quality of the image is rated 0.4 due to its stylized and somewhat grainy appearance, which may be due to the rendering style rather than a loss of detail."}, {"ans": [true, false, 0.9], "reasoning": "The image clearly shows a green frog sitting on a leaf. The frog appears to be intact with visible legs, so the main object (the frog) is present. For the second question, the legs are visible, so they are not missing or not visible. The image is sharp and clear around the frog, indicating good quality, but there is some blurring in the background which slightly reduces the overall quality score to 0.9."}, {"ans": [true, false, 0.4], "reasoning": "The image is blurry, but it appears to be a wooden rocking chair with a seat. The main object, the rocking chair, is present in the image. The seat of the chair is visible, so it is not missing or not visible. The image quality is low due to the blurriness, which makes it difficult to discern finer details."}, {"ans": [true, false, 0.9], "reasoning": "The image shows a film camera with a lens attached to it. The camera is placed on a white shelf, and the lens is clearly visible. The image is clear and well-focused, with no visible artifacts or distortions. The quality of the image is high, with a score of 0.9. For question 1, the answer is True because there is a film camera in the image. For question 2, the answer is False because the lens is present and visible on the camera."}, {"ans": [true, true, 0.9], "reasoning": "The image shows a book standing upright on a table. The book's cover is visible, and it has gold lettering and decorations on it. The pages of the book are not visible, as the book is standing upright and closed. Therefore, for Question 1, the answer is True because there is a book in the image. For Question 2, the answer is True because the pages are not visible. The image quality is rated 0.9 because it is clear and well-lit, with no visible artifacts or distortions that would detract from the visibility of the main object, which is the book."}, {"ans": [true, false, 0.9], "reasoning": "The image clearly shows an hourglass on a table, with sand visible inside it. The hourglass is the main object in the image and is clearly visible. The sand is also visible, indicating that it is not missing. The image is of high quality, with clear details and no visible artifacts or distortions. The only reason for not giving it a perfect score is the slight blurring of the background, but the main object is sharp and clear."}, {"ans": [true, false, 1.0], "reasoning": "The image depicts a bird perched on a wooden post. The bird appears to be a sparrow, as it matches the general description of a sparrow with its small size and brownish-white plumage. The wings are visible, although partially folded against the bird's body. The image is clear and well-defined, with no visible artifacts or distortions that would affect its quality."}, {"ans": [true, false, 0.7], "reasoning": "The image features a prominent clock tower with a visible clock face, indicating that a clock tower is present. The clock face is clearly visible and illuminated, so it is not missing or invisible. The image quality is somewhat compromised by noticeable noise and a slight blur, which reduces its overall quality score to 0.7."}, {"ans": [true, true, 1.0], "reasoning": "The image shows a black fabric item folded on a wooden shelf. The fabric appears to be a ski mask, as it is folded in a way that suggests it is a head covering. The eye holes are not visible, either because they are not present or because the fabric is folded in a way that obscures them. The image is clear and well-lit, with no visible artifacts or distortions. Therefore, the quality of the image is rated as 1.0."}, {"ans": [true, true, 0.6], "reasoning": "The image shows a frying pan in a dishwasher. The pan is centered and appears to be a typical frying pan with two handles, but they are not visible as they are positioned at the top and presumably obscured or not visible from the given angle. The image is slightly blurry and has a sepia tone, which affects its quality. The main object, the frying pan, is identifiable, so the answer to the first question is True. For the second question, the handle is not visible, so the answer is True. The quality of the image is rated 0.6 due to the blurriness and sepia tone."}, {"ans": [true, true, 0.1], "reasoning": "The image is very blurry, but it appears to show a red scooter or motorcycle on a brick surface. The main object is identifiable as a scooter or motorcycle, so the answer to the first question is True. The handlebars are not clearly visible due to the blurriness, so the answer to the second question is True. The image quality is rated 0.1 due to its extreme blurriness, which makes it difficult to discern details."}, {"ans": [true, false, 0.95], "reasoning": "The image clearly shows a snail with a shell on a leaf. The snail is the main object, and it is visible with its shell intact. The image is of high quality, with clear details of the snail and its shell, as well as the leaf and water droplets. The presence of the shell is evident, so it is not absent."}, {"ans": [true, false, 0.6], "reasoning": "The image depicts a backpack leaning against a tree trunk in a natural setting. The backpack is the main object and is clearly visible. It has straps, which are partially visible, indicating that the straps are not missing. The image quality is somewhat compromised due to a grainy texture and a blurry background, but the main object is discernible. Therefore, the presence of a backpack is confirmed, and the straps are visible, albeit not entirely clear."}, {"ans": [true, true, 0.8], "reasoning": "The image depicts a mailbox mounted on a wooden post. The mailbox is gray and has some peeling paint, but it is clearly visible. There is no flag visible on the mailbox. The background is blurred, showing a road and some trees or bushes. The image is slightly blurry, but the main object (the mailbox) is still clear. The quality of the image is rated 0.8 because it is slightly blurry, but the main object is still discernible."}, {"ans": [true, false, 1.0], "reasoning": "The image clearly shows a vintage television set on a wooden stand in a room. The television is the main object and is present in the image, so the answer to Question 1 is True. The screen of the television is visible, although it appears to be turned off or showing a static screen, so the answer to Question 2 is False because the screen is not missing or not visible. The image is of high quality with clear details and no visible artifacts or distortions, so the quality score is 1.0."}, {"ans": [true, false, 1.0], "reasoning": "The image depicts a lamp on a table next to a stack of papers. The lamp is clearly visible and appears to be functioning as it emits light. The bulb is present inside the lamp, as indicated by the light being emitted. The image is clear and well-lit, with no visible artifacts or distortions that would affect the quality. Therefore, the answer to Question 1 is True because there is a lamp in the image. The answer to Question 2 is False because the bulb is not absent; it is present and lit. The quality of the image is rated as 1.0 because it is clear and free of any noticeable issues."}, {"ans": [true, false, 0.9], "reasoning": "The image shows a helmet with a visor. The visor is clearly visible and appears to be intact. The image is sharp and well-lit, with no visible artifacts or distortions that would affect the quality. The main object, the helmet, is clearly visible and centered in the frame. The quality of the image is high, with a score of 0.9 out of 1. The only reason for not giving it a perfect score is the presence of some minor specks or dust on the surface of the helmet and the table it's sitting on, but these do not significantly impact the overall clarity or visibility of the helmet or its visor."}, {"ans": [true, true, 0.9], "reasoning": "The image depicts a grand piano on a stage with spotlights shining down. The piano is silhouetted, making it difficult to discern details such as the keys. For Question 1, the presence of a piano is confirmed, so the answer is True. For Question 2, since the keys are not visible due to the silhouette, they are considered not visible, making the answer True. The image quality is rated 0.9 because, although it is well-lit and clear in terms of the main subject (the piano), the silhouette effect and the lighting conditions make some details hard to discern. However, there are no significant artifacts, blurring, or other issues that would drastically reduce the quality score."}, {"ans": [true, false, 0.7], "reasoning": "The image depicts a windmill with blades in a field. The main object, the windmill, is present, so the answer to Question 1 is True. The blades are visible and not absent, so the answer to Question 2 is False. The image quality is somewhat compromised due to noticeable artifacts and a textured appearance, which reduces its quality score to 0.7."}, {"ans": [true, true, 0.7], "reasoning": "The image depicts a telescope on a tripod, with the telescope's body and various components visible. However, the eyepiece is not clearly visible, suggesting it might be missing or not visible due to the angle or focus of the image. The image quality is somewhat compromised due to blurriness, but the main object (the telescope) is still discernible. The quality score is 0.7 because the image is blurry, which affects its clarity, but it does not seem to be due to the absence of the eyepiece."}, {"ans": [true, false, 0.5], "reasoning": "The image depicts a stroller with wheels, positioned in front of a bench. The stroller is clearly visible, and its wheels are also visible, indicating that they are not missing. The image is somewhat blurry, which affects its quality. However, the main object, the stroller, is still discernible."}, {"ans": [true, true, 0.9], "reasoning": "The image depicts a cat lying on a windowsill, with its head resting near the window frame. The cat is visible from the head to the back, and its tail is not visible in the frame. The image is clear and well-lit, with a slight blur in the background due to the window. The quality of the image is high, with no noticeable artifacts or distortions. The main object, the cat, is clearly visible, so the answer to the first question is True. The tail is not visible, so it is considered missing, making the answer to the second question True. The quality score is 0.9 because the image is clear and well-lit, but there is a slight blur in the background."}, {"ans": [true, false, 0.8], "reasoning": "The image clearly shows a pipe with a stem on top of a book. The pipe is the main object and is visible, so the answer to Question 1 is True. The stem is also visible, so the answer to Question 2 is False. The image quality is good, with clear details of the pipe and the book, but there is some graininess and shadow effects that slightly reduce the quality, hence a score of 0.8."}, {"ans": [true, false, 1.0], "reasoning": "The image shows a fountain pen with a nib. The pen is white with black marbling and has a gold band around the middle. The nib is visible at the tip of the pen. The image is clear and well-lit, with no visible artifacts or distortions. Therefore, the answer to Question 1 is True because there is a fountain pen in the image. The answer to Question 2 is False because the nib is present. The quality of the image is rated 1.0 because it is clear and well-lit, with no visible issues."}, {"ans": [true, true, 0.7], "reasoning": "The image depicts a framed painting on a wall. The frame is gold and ornate, with a textured border. The painting itself is blurry, but it appears to be a portrait of a person. There is no visible glass covering the painting. The image quality is somewhat diminished due to the blurriness of the painting, but the main object (the frame) is clear. Therefore, the presence of a picture frame is confirmed (True for Question 1). The glass is not visible, so it is considered missing (True for Question 2). The quality score is 0.7 because the image is blurry, affecting the clarity of the painting."}, {"ans": [true, true, 0.5], "reasoning": "The image shows a skateboard deck with a colorful design, but the wheels are not visible. The presence of the deck indicates that there is a skateboard in the image, so the answer to the first question is True. Since the wheels are not visible, the answer to the second question is also True. The image quality is rated 0.5 due to the presence of noise and artifacts, which degrade the overall clarity of the image."}, {"ans": [true, false, 0.95], "reasoning": "The image clearly shows a ring with a gemstone in a jewelry box. The ring is the main object and is visible, so the answer to the first question is True. The gemstone is present and visible, so the answer to the second question is False. The image is of high quality, with clear details and no visible artifacts or distortions, so the quality score is 0.95."}, {"ans": [true, false, 0.9], "reasoning": "The image clearly shows a rocket on a launchpad, so the answer to the first question is True. The rocket has fins visible at its base, so the fins are not missing or not visible, making the answer to the second question False. The image is of high quality, with clear details of the rocket and the surrounding structures. The slight haze in the background does not detract significantly from the overall quality, hence a quality score of 0.9."}, {"ans": [true, true, 0.4], "reasoning": "The image is a black-and-white close-up of a pair of headphones on a soundboard. The headphones are in the center of the image, and they appear to be a standard pair of over-ear headphones. The earpads are not visible as they are folded inwards. The soundboard has various knobs and sliders, but they are out of focus. The image is slightly blurry, which affects its overall quality. Therefore, the answer to the first question is True because there are headphones in the image. The answer to the second question is True because the ear pads are not visible. The quality of the image is rated 0.4 due to the blurriness."}, {"ans": [true, true, 0.9], "reasoning": "The image shows a stack of folded T-shirts in a shelf. The main object, a T-shirt, is present. The sleeves are not visible as the T-shirts are folded, so they can be considered missing or not visible. The image is clear and well-lit, with no significant artifacts or distortions, hence a high quality score."}, {"ans": [true, false, 0.9], "reasoning": "The image clearly shows a snowman with a hat and facial features, including a nose. The presence of the snowman answers Question 1 affirmatively. For Question 2, the nose is visible, so it is not missing or not visible. The image is of good quality, with the main subject clear and well-defined, though there is some blurring in the background."}, {"ans": [true, false, 0.9], "reasoning": "The image depicts a sneaker with laces, which directly answers Question 1 affirmatively as there is a sneaker present. For Question 2, the laces are visible, so they are not absent. The image quality is high, with clear details of the sneaker and its surroundings. The only reason for not giving it a perfect score is the slight texture visible on the background, which could be considered a minor artifact, but it does not detract significantly from the overall clarity of the image."}, {"ans": [true, false, 0.7], "reasoning": "The image depicts a lantern hanging from a wooden ceiling. The lantern is the main object and is clearly visible, indicating that the answer to Question 1 is True. The lantern has a white glass pane that is intact and visible, suggesting that the glass panes are not missing. Therefore, the answer to Question 2 is False. The image quality is somewhat diminished due to a grainy texture and slight blurring, but the main object is still discernible, warranting a quality score of 0.7."}, {"ans": [true, false, 0.9], "reasoning": "The image clearly shows a keyboard with backlighting, and the spacebar is visible. The image is slightly blurry but not to the extent that it obscures the main object or its key elements. The quality is high enough to identify the keyboard and its features."}, {"ans": [true, false, 0.9], "reasoning": "The image clearly shows a teddy bear sitting on a bed, leaning against pillows. The teddy bear is light brown with a white muzzle and has black eyes and a brown nose. The presence of the teddy bear confirms the answer to the first question is True. For the second question, the eyes are visible, so the answer is False. The image is of high quality with clear details, but the presence of sparkles around the teddy bear slightly reduces the quality score to 0.9 due to potential distraction or slight artificial effect."}, {"ans": [true, false, 0.4], "reasoning": "The image is blurry, but it appears to show a basketball hoop attached to a garage. The hoop is visible and has a net, indicating that the net is not missing. The blurriness of the image affects its quality, but it does not impact the visibility of the main object or the presence of the net."}, {"ans": [true, false, 1.0], "reasoning": "The image depicts a wine glass with a stem on a table setting. The glass is clear and has a textured pattern on its body. It is placed on a folded white napkin, accompanied by a fork and knife to the left. The background is a plain white surface, suggesting a tabletop or counter. The overall composition is simple and elegant, with a focus on the glassware and table setting. For Question 1, the presence of a wine glass is evident, so the answer is True. For Question 2, the stem is visible and present, so the answer is False. The image quality is high, with no visible artifacts, blurring, or other issues that would detract from the overall clarity and detail of the image, so the quality score is 1.0."}, {"ans": [true, false, 0.9], "reasoning": "The image depicts a pocket mirror with an ornate silver frame, resting on a marble surface. The mirror's reflective surface is visible and intact, indicating that it is not missing. The image is clear and well-focused, with no visible artifacts or distortions that would detract from its quality. However, the sepia tone and slight blurring around the edges slightly reduce the image quality, hence a score of 0.9."}]