[{"ans": [true, true, 1.0], "reasoning": "The image is showing a sailboat in the middle of the ocean. The sailboat has a mast and rigging but no sails are visible. The image is clear and well-defined, with no visible artifacts or distortions. The main object, the sailboat, is clearly visible and identifiable. The sails are not visible, indicating they are either missing or not deployed."}, {"ans": [true, false, 1.0], "reasoning": "The image clearly shows a bicycle leaning against a brick wall. The bicycle is red with silver accents and has a visible chain connecting the pedals to the gears on the back wheel. The image is sharp and well-lit, with no visible artifacts or distortions. Therefore, the answer to Question 1 is True because the image is showing a bicycle. The answer to Question 2 is False because the chain is visible and not missing. The quality of the image is rated 1 because it is clear and well-defined, with no noticeable issues."}, {"ans": [true, false, 0.95], "reasoning": "The image clearly shows a cat sitting on a windowsill. The cat is centered and well-defined, indicating that the main object is present. The whiskers of the cat are visible, so they are not missing or invisible. The image is sharp and clear with natural colors, and there are no visible artifacts or distortions that would significantly impact the quality. The slight blurring in the background is expected and does not detract from the overall quality of the image."}, {"ans": [true, true, 0.95], "reasoning": "The image depicts a stone archway with a pathway leading to a castle in the distance. The archway is part of a stone wall, and there are no visible gates. The presence of the castle and the surrounding walls indicates that the image is showing a castle. The gates are not visible, suggesting they are either missing or not present. The image is clear and well-defined, with no noticeable artifacts or distortions, hence a high quality score."}, {"ans": [true, false, 1.0], "reasoning": "The image clearly shows a hot-air balloon with a basket, so the answer to the first question is True. The basket is visible and not missing, so the answer to the second question is False. The image is of high quality with no visible artifacts, blurring, or other issues that would affect the quality score."}, {"ans": [true, false, 1.0], "reasoning": "The image clearly shows a turtle with a visible shell on a sandy beach. The turtle is centered in the image, and its shell is fully visible, indicating that the shell is not missing. The image is of high quality, with clear details and no visible artifacts or distortions."}, {"ans": [true, false, 0.95], "reasoning": "The image clearly shows a train at a station, so the answer to the first question is True. The wheels of the train are partially visible under the front carriage, so they are not entirely missing or invisible, making the answer to the second question False. The image is sharp and well-lit, with no visible artifacts or distortions, so the quality is rated as 0.95. The slight deduction is due to the minor compression artifacts visible upon close inspection."}, {"ans": [true, false, 1.0], "reasoning": "The image clearly shows a pair of eyeglasses with lenses on a white surface. The lenses are visible and not missing. The image is sharp and well-lit, with no visible artifacts or distortions that would affect its quality. Therefore, the answer to Question 1 is True because the image is showing eyeglasses. The answer to Question 2 is False because the lenses are present and visible. The quality of the image is rated as 1, indicating high quality, as there are no noticeable issues with the image."}, {"ans": [true, false, 1.0], "reasoning": "The image is clearly showing a fountain pen with a nib. The pen is placed on a piece of paper, and the nib is visible and pointing downwards. The image is of high quality, with no visible artifacts, blurring, or other issues that would affect the visibility of the pen or its nib. Therefore, the answer to the first question is True because the image is showing a fountain pen with a nib. The answer to the second question is False because the nib is clearly visible. The quality score is 1.0 because the image is clear and well-defined, with no visible issues."}, {"ans": [true, false, 0.95], "reasoning": "The image shows a patio umbrella with a canopy, along with a small table and chair. The main object, the umbrella, is clearly visible. The canopy is present and visible, so it is not missing. The image is clear and well-lit, with no visible artifacts or distortions that would affect the quality. The only reason the quality is not 1 is due to the slight texture and peeling of the wall in the background, but this does not significantly impact the overall clarity of the main subject."}, {"ans": [true, false, 1.0], "reasoning": "The image clearly shows a white airplane on a runway. The airplane is facing left and has its wings visible, although partially obscured by the angle of the view. The main object, the airplane, is present, so the answer to the first question is True. The wings are visible, so the answer to the second question is False. The image is clear and of high quality, with no visible artifacts or distortions, so the quality score is 1.0."}, {"ans": [true, true, 1.0], "reasoning": "The image shows a desk lamp with a brass finish and a flexible arm, positioned on a wooden table next to an open book. The lamp's shade is directed towards the book, and there is no visible bulb inside the shade. The image is clear and well-lit, with no visible artifacts or distortions. The main object, a desk lamp, is present in the image. The bulb is not visible, as it is either missing or obscured by the shade. Therefore, the answer to Question 1 is True, and the answer to Question 2 is also True. The quality of the image is rated as 1.0, indicating that it is of high quality with no noticeable issues."}, {"ans": [true, false, 1.0], "reasoning": "The image shows an electric guitar with a visible neck, answering the first question as True. The neck is clearly visible, so the answer to the second question is False. The image is of high quality, with no visible artifacts, blurring, or other issues, so the quality score is 1.0."}, {"ans": [true, false, 0.9], "reasoning": "The image clearly shows a fish swimming in the water. The fish is visible and has fins, which are clearly seen. The image is of high quality, with clear details of the fish and its surroundings. The only reason for not giving it a perfect score is the slight distortion caused by the water's surface, but it does not significantly affect the visibility of the main object or its fins."}, {"ans": [true, false, 1.0], "reasoning": "The image depicts a small, red brick house with a gable roof, situated in a field. The house has a chimney and is surrounded by tall grass. The roof is clearly visible, indicating that it is not missing. The image is of high quality, with clear details and no visible artifacts or distortions."}, {"ans": [true, false, 0.95], "reasoning": "The image shows a classic car with a visible windshield, although it is slightly obscured by water droplets. The main object, a car, is present, so the answer to the first question is True. The windshield is visible, so the answer to the second question is False. The image is of high quality, with clear details of the car's interior and exterior, but the presence of water droplets on the windshield slightly reduces the clarity. However, the overall quality remains high, so the quality score is 0.95."}, {"ans": [true, false, 0.95], "reasoning": "The image clearly shows a keyboard with a visible spacebar, indicating that the main object is present and the spacebar is not missing. The image is of high quality with clear details and no visible artifacts or distortions, though a slight shadow is cast beneath the keyboard."}, {"ans": [true, false, 0.9], "reasoning": "The image clearly shows an owl perched on a tree branch, with a full moon and stars in the background. The owl is depicted in detail, with visible feathers, making it clear that the main object is an owl. The feathers are not missing or invisible; they are detailed and visible, so the answer to the second question is false. The image quality is high, with clear details and no visible artifacts or distortions that would significantly impact the perception of the owl or its feathers. The slight reduction in quality score is due to a minor texture visible upon close inspection, likely from the image processing or compression."}, {"ans": [true, true, 1.0], "reasoning": "The image shows a book with a leather cover, which is the main object. The pages are not visible as they are blank and facing downwards, so they are considered missing or not visible. The image is clear and of high quality, with no visible artifacts or distortions."}, {"ans": [true, false, 0.95], "reasoning": "The image clearly depicts a lighthouse standing on a rocky outcrop with a cloudy sky in the background. The lighthouse is white with a black railing around the top and a small red light visible inside the glass enclosure, indicating the presence of a lamp. Therefore, for Question 1, the answer is True because the image is showing a lighthouse. For Question 2, the answer is False because the lamp is visible as a red light inside the glass enclosure. The quality of the image is rated 0.95 out of 1. The image is clear and well-defined, with no noticeable artifacts, blurring, or other quality issues that would detract from the overall clarity of the scene."}, {"ans": [true, false, 1.0], "reasoning": "The image clearly shows an armchair with a light-colored upholstered body and visible legs. The chair is positioned on a patterned rug, and the legs are visible, indicating they are not missing. The image is clear and well-lit, with no visible artifacts or distortions that would affect the quality."}, {"ans": [true, false, 0.9], "reasoning": "The image clearly shows a deer standing in a forest. The deer has antlers, which are visible and not missing. The image is of high quality, with clear details and natural colors. The only reason for not giving it a perfect score is the slight blurring in the background, but it doesn't affect the main subject."}, {"ans": [true, false, 1.0], "reasoning": "The image shows a white envelope with its flap closed and visible on top. The envelope is centered on a marble surface. The main object in the image is an envelope, and it has a flap, so the answer to the first question is True. The flap is visible, so the answer to the second question is False. The image is clear and of high quality, with no visible artifacts or distortions, so the quality score is 1.0."}, {"ans": [true, true, 1.0], "reasoning": "The image is showing a wall clock, which is the main object. The clock face is white with black hands and has no numbers on it, only short lines indicating the hours. Therefore, the numbers are missing. The image is clear and of high quality, with no visible artifacts or distortions."}, {"ans": [true, false, 0.95], "reasoning": "The image depicts a person wearing a white space suit, floating in a pool of water. The space suit is fully visible, including the helmet, which is a key component of the suit. The presence of the helmet indicates that it is not missing. The image is clear and well-defined, with no visible artifacts or distortions that would affect the quality. The only reason for a quality score less than 1 is the slight rippling effect on the water's surface, which is a natural part of the scene."}, {"ans": [true, false, 1.0], "reasoning": "The image clearly depicts a windmill with visible blades in a field. The presence of the windmill and its blades directly answers both questions. The image is of high quality with no visible artifacts, blurring, or other issues that would detract from its clarity."}, {"ans": [true, true, 0.95], "reasoning": "The image clearly shows a tree without leaves. The branches are bare, and the sun is visible through them. The main object, a tree, is present, so the answer to the first question is True. The leaves are not visible, so the answer to the second question is True. The image quality is high, with clear details of the tree's structure and the sun's presence, so the quality score is 0.95. The slight reduction from 1 is due to the slight overexposure around the sun, but it does not significantly impact the overall clarity of the image."}, {"ans": [true, true, 0.95], "reasoning": "The image shows a yellow school bus parked in front of a building. The bus is facing left, and its side is visible. The doors are not visible as they are on the opposite side of the bus. The image is clear and well-lit, with no visible artifacts or distortions. The quality of the image is high, with a score of 0.95. For question 1, the image is showing a bus, so the answer is True. For question 2, the doors are not visible, so the answer is True."}, {"ans": [true, true, 1.0], "reasoning": "The image is showing a laptop with its back facing the camera and the screen is not visible, so the main object is a laptop. The screen is not visible, so it is considered missing or not visible. The image is clear and of high quality, with no visible artifacts or distortions."}, {"ans": [true, true, 0.95], "reasoning": "The image clearly shows a trumpet lying on a red velvet fabric. The trumpet is gold in color and has a shiny appearance. Upon closer inspection, it is evident that the mouthpiece is not attached to the trumpet. The overall quality of the image is high, with clear details and no visible artifacts or distortions. The red velvet background adds a luxurious touch to the image. However, the quality score is not 1 due to the slight texture visible on the fabric, which could be considered a minor imperfection."}, {"ans": [true, false, 0.95], "reasoning": "The image clearly depicts a robot with a visible head. The robot is standing in a laboratory setting, and its head is clearly visible with blue eyes and a white face. The image is of high quality, with clear details and no visible artifacts or distortions. The only reason the quality is not rated as 1 is due to a slight blurring in the background."}, {"ans": [true, false, 1.0], "reasoning": "The image shows a candle, which is the main object, so the answer to the first question is True. The wick is visible on top of the candle, so the answer to the second question is False. The image is clear and of high quality, with no visible artifacts or distortions, so the quality score is 1."}, {"ans": [true, false, 0.95], "reasoning": "The image is showing a pizza with visible cheese, so the answer to the first question is True. The cheese is visible, so the answer to the second question is False. The image quality is high, with clear details of the pizza toppings and crust. However, the quality score is not 1 due to minor texture and slight unevenness in the background."}, {"ans": [true, false, 1.0], "reasoning": "The image shows a DSLR camera with a lens attached to it. The camera is sitting on a wooden table, and there is another lens visible above it. The main object in the image is the DSLR camera, which is clearly visible. The lens is also visible and attached to the camera. The image is clear and well-lit, with no visible artifacts or distortions. Therefore, the answer to Question 1 is True, as the image is showing a DSLR camera. The answer to Question 2 is False, as the lens is not missing or not visible. The quality of the image is rated as 1, as it is clear and well-defined."}, {"ans": [true, false, 1.0], "reasoning": "The image clearly shows a grand piano on a stage in a concert hall. The piano is visible and appears to be in good condition. The keys of the piano are visible, so they are not missing or invisible. The image is of high quality, with clear details and no visible artifacts or distortions."}, {"ans": [true, false, 1.0], "reasoning": "The image clearly shows a paintbrush with bristles, alongside a paint palette. The paintbrush is the main object in the image, and it is visible with its bristles intact. Therefore, the answer to the first question is True. For the second question, the bristles are visible, so the answer is False. The image is of high quality, with no visible artifacts, blurring, or other issues, so the quality score is 1.0."}, {"ans": [true, false, 1.0], "reasoning": "The image is showing a watch with a strap. The strap is clearly visible and not missing. The image is clear and of high quality, with no visible artifacts or distortions."}, {"ans": [true, false, 0.95], "reasoning": "The image clearly shows a person's mouth with their tongue visible. The mouth is open wide, and a dental tool is being used to examine the teeth. The tongue is present and visible within the mouth. The image is of high quality, with clear details and no visible artifacts or distortions that would affect the visibility of the main object or the tongue."}, {"ans": [true, false, 1.0], "reasoning": "The image clearly shows a motorcycle centered in a tunnel, with its main features visible. The motorcycle is facing to the right, and its handlebars are visible, indicating that they are not missing. The image is of high quality, with clear details and no visible artifacts or distortions. The lighting is well-balanced, and the colors are natural and vivid. Therefore, the answer to Question 1 is True because the image is showing a motorcycle. The answer to Question 2 is False because the handlebars are visible. The quality of the image is rated as 1, indicating that it is of very high quality."}, {"ans": [true, false, 1.0], "reasoning": "The image is showing a vintage television set on a wooden cabinet. The television has a visible screen, although it appears to be turned off or displaying a static screen. The image is clear and well-rendered, with no visible artifacts or distortions. Therefore, the answer to Question 1 is True, as the image is showing a television. The answer to Question 2 is False, as the screen is visible. The quality of the image is rated 1, as it is a clear and well-rendered image with no visible issues."}, {"ans": [true, false, 0.95], "reasoning": "The image clearly shows a white goat standing on a rocky outcrop, with its head turned towards the camera. The goat has visible horns, which are a distinctive feature. The image is sharp and well-defined, with good contrast and no visible artifacts or distortions. The quality of the image is high, with a score of 0.95 out of 1. The main object, the goat, is present and clearly visible. The horns are also visible, so they are not missing or not visible."}, {"ans": [true, false, 1.0], "reasoning": "The image clearly shows a red sneaker with white laces on a wooden bench in front of gray lockers. The sneaker is the main object and is visible in detail. The laces are present and visible, tied in a bow. The image is sharp and clear, with no visible artifacts or distortions that would affect the quality."}, {"ans": [true, false, 1.0], "reasoning": "The image clearly shows a green frog sitting on a lily pad. The frog's eyes are visible and clearly defined, indicating that they are not missing. The image is sharp and well-defined, with no visible artifacts or distortions that would affect its quality."}, {"ans": [true, false, 1.0], "reasoning": "The image clearly shows a mug with a handle on the right side, along with a matching saucer. The mug is white with blue floral patterns and is positioned centrally in the image. The handle is visible and appears to be intact. The image is sharp and well-lit, with no visible artifacts or distortions. Therefore, the answer to Question 1 is True because the image is showing a mug. The answer to Question 2 is False because the handle is present and visible. The quality of the image is rated 1.0 because it is clear, well-lit, and free of any noticeable issues."}, {"ans": [true, false, 1.0], "reasoning": "The image clearly shows a saxophone with its keys visible. The saxophone is the main object in the image, and it is depicted in detail, including its keys. The image is of high quality, with no visible artifacts, blurring, or other issues that would detract from its clarity. Therefore, the answer to the first question is true because the image is showing a saxophone. The answer to the second question is false because the keys are visible, not missing or invisible. The quality of the image is rated as 1, indicating it is of very high quality."}, {"ans": [true, false, 0.95], "reasoning": "The image clearly shows a skateboard with wheels attached to it. The skateboard is positioned on a brick surface, and all four wheels are visible and appear to be intact. The image is sharp and well-lit, with no visible artifacts or distortions that would affect the quality. The main object, the skateboard, is clearly identifiable. Therefore, the answer to Question 1 is True because the image is showing a skateboard. The answer to Question 2 is False because the wheels are not missing or invisible; they are clearly visible. The quality score is 0.95 because the image is very clear and well-defined, with no significant issues affecting its quality."}, {"ans": [true, false, 1.0], "reasoning": "The image shows a fedora hat with a visible brim. The hat is displayed on a stand against a plain background. The image is clear and well-lit, with no visible artifacts or distortions. The fedora is the main object in the image, and it is clearly identifiable. The brim of the hat is also visible, indicating that it is not missing. Therefore, the answer to Question 1 is True, and the answer to Question 2 is False. The quality of the image is rated as 1.0, indicating that it is of high quality."}, {"ans": [true, false, 0.95], "reasoning": "The image clearly shows a motorcycle helmet with its visor partially lifted, indicating that the visor is present and not missing. The main object, a motorcycle helmet, is clearly visible and identifiable. The image is of high quality, with clear details and no visible artifacts or distortions that would detract from the overall clarity. The slight reduction in quality score is due to minor reflections and the worn surface of the table, but these do not significantly impact the visibility of the helmet or its components."}, {"ans": [true, true, 1.0], "reasoning": "The image is clearly showing a bedframe, which is the main object. The bedframe is ornate and made of wood, with a headboard and footboard. The mattress is not visible as it is represented by slats, indicating that it is either missing or not visible. The image is of high quality, with clear details and no visible artifacts or distortions."}, {"ans": [true, false, 1.0], "reasoning": "The image is showing a clock tower with two visible clock faces. The main object, the clock tower, is present in the image. The clock face is visible on the tower, so it is not missing. The image is clear and of high quality, with no visible artifacts or distortions. Therefore, the answer to Question 1 is True, the answer to Question 2 is False, and the quality score is 1.0."}, {"ans": [true, false, 1.0], "reasoning": "The image clearly shows a pocket watch with visible hands, indicating that the main object is present. The hands are visible and not missing, so the answer to the second question is false. The image is of high quality with no visible artifacts, blurring, or other issues that would affect the quality score."}, {"ans": [true, true, 0.95], "reasoning": "The image clearly shows a red bicycle leaning against a stone wall. The bicycle is visible and appears to be a road bike or a similar style. Upon closer inspection, it is evident that the pedals are not visible, as they are either missing or obscured from view. The image is sharp and well-lit, with no noticeable artifacts, blurring, or other issues that would affect its quality. The main object, the bicycle, is clearly visible, and the absence of pedals is noticeable. Therefore, the answer to Question 1 is True, as the image is showing a bicycle. The answer to Question 2 is also True, as the pedals are not visible. The quality of the image is rated 0.95 out of 1, as it is a clear and well-composed photograph with no significant issues."}, {"ans": [true, false, 0.9], "reasoning": "The image is a portrait of a woman with visible eyes. The woman is depicted with a neutral expression, and her eyes are clearly visible, indicating that they are not missing. The image is of high quality, with clear details and no visible artifacts or distortions that would detract from the overall clarity of the portrait. The slight deduction in quality score is due to the image appearing to be a digital painting, which may have a subtle texture or brush stroke effect that is not present in a photograph."}, {"ans": [true, false, 0.95], "reasoning": "The image clearly shows a grand piano on a stage, with its lid open and illuminated by spotlights. The piano is centered in the image, and its details are visible, indicating that it is the main object. The hammers inside the piano are visible, so they are not missing or invisible. The image is well-lit, with good contrast and no visible artifacts or distortions, hence the high quality score."}, {"ans": [true, false, 0.95], "reasoning": "The image clearly shows a sailing ship with its sails visible and intact. The main object, a sailing ship, is present in the image, so the answer to the first question is True. For the second question, the sails are visible and not missing, so the answer is False. The image quality is high with clear details of the ship and its sails, and there are no visible artifacts or distortions that would significantly affect the quality. Therefore, the quality score is 0.95, slightly less than 1 due to minor potential rendering or compression artifacts not immediately obvious."}, {"ans": [true, false, 0.95], "reasoning": "The image depicts a large tree with a wide canopy and green leaves, standing in a grassy field. The tree's trunk is thick and gnarled, with visible roots at the base. The branches are sprawling and covered in leaves, suggesting it is an oak tree, which matches the description in Question 1. Therefore, the answer to Question 1 is True. For Question 2, the leaves are clearly visible on the tree, so the answer is False. The image quality is high, with clear details and natural colors, but there is a slight gradient effect in the sky, which might be considered a minor artifact, hence the quality score is 0.95 instead of 1."}, {"ans": [true, false, 1.0], "reasoning": "The image clearly depicts a cottage with a stone exterior and a tiled roof, surrounded by trees and vines. The cottage has a visible door, windows, and other architectural details. The image is sharp and well-defined, with no visible artifacts or distortions. The presence of the door is evident, and it is not missing or invisible."}, {"ans": [true, false, 1.0], "reasoning": "The image clearly shows a passenger jet on a runway, indicating that the main object is indeed a passenger jet. The wings are visible, attached to the fuselage and supporting the engines, so they are not missing or invisible. The image is sharp and clear, with no visible artifacts, blurring, or other issues that would detract from its quality."}, {"ans": [true, true, 1.0], "reasoning": "The image clearly shows a wristwatch with a white face and brown leather strap in a box. The watch face has hour markers but no numbers. The main object, a wristwatch, is present, so the answer to the first question is True. The numbers are not visible on the watch face, so the answer to the second question is True. The image is clear and well-lit, with no visible artifacts or distortions, so the quality score is 1.0."}, {"ans": [true, false, 0.95], "reasoning": "The image is showing a pizza, which is the main object. The pizza has a red sauce base, a crust, and is topped with basil leaves and some white cheese patches. The presence of cheese patches means that the cheese is not missing or invisible. The image is clear and well-defined, with no visible artifacts or distortions that would significantly impact its quality. The slight decrease in quality score is due to minor imperfections in the image, but it does not affect the visibility of the main object or the cheese."}, {"ans": [true, true, 0.9], "reasoning": "The image shows a city street with traffic signals visible at the top center. The traffic signals are present but the lights within them are not illuminated or visible, indicating they are either off or not lit. The image is clear and well-defined, showing the details of the street, buildings, and vehicles. The quality of the image is high, with no noticeable artifacts, blurring, or other issues that would detract from its clarity. The main objects and details are easily discernible."}, {"ans": [true, false, 1.0], "reasoning": "The image clearly shows a skateboard with wheels attached to it. The skateboard is positioned on a concrete surface, and its rainbow-colored deck is visible. The trucks and wheels are also clearly visible, indicating that the wheels are not missing. The image is well-lit, with clear shadows, and there are no visible artifacts or distortions that would affect the quality of the image. Therefore, the answer to Question 1 is True, as the image is showing a skateboard. The answer to Question 2 is False, as the wheels are not missing or invisible. The quality of the image is rated as 1, as it is clear and well-defined."}, {"ans": [true, false, 0.9], "reasoning": "The image clearly shows a chessboard with pieces on it, so the answer to the first question is True. The black pieces are visible on the board, so the answer to the second question is False. The image is of high quality, with clear details of the chessboard and pieces, but there are some minor stains on the board, hence the quality score is 0.9."}, {"ans": [true, true, 0.95], "reasoning": "The image clearly shows a red sports car, which is a Ferrari, in a well-lit room with a reflective floor. The car's sleek design and vibrant color are evident. For Question 1, the image indeed shows a sports car, so the answer is True. For Question 2, the brakes are not visible as the image does not provide a clear view of the brake components, so the answer is True. The image quality is high, with clear details and no visible artifacts or distortions, hence a quality score of 0.95."}, {"ans": [true, true, 1.0], "reasoning": "The image clearly shows an open book on a wooden table, with blank pages visible. The main object, a book, is present, so the answer to the first question is True. The text is not visible on the pages, as they are blank, so the answer to the second question is also True. The image is of high quality, with clear details and no visible artifacts or distortions, so the quality score is 1.0."}, {"ans": [true, false, 1.0], "reasoning": "The image clearly shows a computer tower with its side panel removed, revealing the internal components. The presence of fans is evident, both on the side panel and within the tower. The image is of high quality, with clear details and no visible artifacts or distortions."}, {"ans": [true, false, 1.0], "reasoning": "The image clearly depicts a scarecrow standing in a wheat field. The scarecrow is wearing a plaid shirt, jeans, and a straw hat, and has straw bundles tied to its hands, which are visible and outstretched. The image is sharp and well-lit, with no visible artifacts or distortions. Therefore, the answer to Question 1 is True because the image is showing a scarecrow. The answer to Question 2 is False because the arms of the scarecrow are visible. The quality of the image is rated 1.0 because it is clear and well-defined, with no noticeable issues."}, {"ans": [true, true, 0.9], "reasoning": "The image depicts a man in armor, which is consistent with the representation of a knight. The main figure is clearly visible and centered in the image, indicating that the image is showing a knight. Therefore, the answer to the first question is True. Upon closer inspection, it is observed that the knight's hands are not visible, and there is no visible sword in the image. The belt around the knight's waist suggests that a sword could be present but is not visible. Since the sword is not visible, the answer to the second question is True. The image quality is high, with clear details and no significant artifacts or distortions, hence a quality score of 0.9."}, {"ans": [true, false, 1.0], "reasoning": "The image clearly shows a teapot with a handle, spout, and lid, sitting on a bamboo mat. The teapot is white with a floral design. The handle is visible on the right side of the teapot. The image is sharp and well-lit, with no visible artifacts or distortions. Therefore, the answer to Question 1 is True because the image is showing a teapot. The answer to Question 2 is False because the handle is visible. The quality of the image is rated 1.0 because it is clear and well-defined, with no noticeable issues."}, {"ans": [true, false, 1.0], "reasoning": "The image clearly shows a basketball hoop with a net. The basketball hoop is the main object in the image, and it is visible and clear. The net is also visible and not missing. The image is of high quality, with no visible artifacts, blurring, or other issues that would affect the visibility of the main object or the net."}, {"ans": [true, false, 1.0], "reasoning": "The image is showing a dining table setting with plates, utensils, and glasses. The main object, the dining table, is present. The glasses are visible on the table, so they are not missing. The image is clear and well-lit, with no visible artifacts or distortions, hence the quality is rated as 1."}, {"ans": [true, true, 0.9], "reasoning": "The image clearly shows a vintage typewriter on a wooden table, with a sheet of paper rolled into it. The typewriter is the main focus, and it appears to be in a relatively good condition. Upon closer inspection, it's evident that the ribbon is missing or not visible, as there's no sign of it between the metal parts where it typically resides. The image is sharp and well-lit, with no noticeable artifacts or distortions that would detract from its quality. The only reason for not giving it a perfect score is the slight wear and tear visible on the wooden table, but this does not affect the main subject, the typewriter."}, {"ans": [true, true, 1.0], "reasoning": "The image shows a winter jacket hanging on a coat rack against a white wall. The jacket is a puffy, cream-colored coat with a fur-trimmed hood and buttons down the front. There is no visible zipper on the jacket. The image is clear and well-lit, with no visible artifacts or distortions. Therefore, the answer to Question 1 is True because the image is showing a winter jacket. The answer to Question 2 is True because the zipper is not visible on the jacket. The quality of the image is rated as 1.0 because it is clear and well-lit, with no visible issues."}, {"ans": [true, false, 1.0], "reasoning": "The image clearly shows a sunflower with its face directly towards the camera. The seeds are visible in the center of the flower, indicating that they are not missing. The image is sharp and clear, with no visible artifacts or distortions, hence the quality is rated as 1.0."}, {"ans": [true, false, 0.95], "reasoning": "The image clearly depicts an elephant with a visible trunk. The trunk is a prominent feature and is not missing or obscured. The image is of high quality, with clear details and no significant artifacts or distortions that would affect the visibility of the elephant or its trunk. The slight reduction in quality score is due to the somewhat hazy background, but this does not impact the main subject."}, {"ans": [true, true, 0.95], "reasoning": "The image clearly shows a rowboat floating on a lake. The boat is empty and there are no oars visible inside or outside the boat. The image is sharp and well-lit, with a clear view of the boat and its surroundings. The quality of the image is high, with no noticeable artifacts or distortions. Therefore, the answer to Question 1 is True because the image is showing a rowboat. The answer to Question 2 is also True because the oars are not visible in the image. The quality score is 0.95, indicating a very high-quality image."}, {"ans": [true, false, 0.95], "reasoning": "The image clearly depicts a snowman with a hat and scarf, standing in a snowy yard. The snowman has a face with eyes, a nose, and a mouth, which are typical characteristics of a snowman. The presence of buttons is visible on the snowman's body, indicating that the buttons are not missing. The image is clear and well-defined, with no visible artifacts or distortions that would affect the quality. Therefore, the answer to Question 1 is True, as the image is showing a snowman. The answer to Question 2 is False, as the buttons are visible and not missing. The quality of the image is rated 0.95, as it is clear and well-defined, with no significant issues affecting the visibility of the main object or its details."}, {"ans": [true, true, 1.0], "reasoning": "The image clearly shows a fountain pen on top of a book. The pen is transparent, showing that it is empty, thus the ink is not visible. The image is of high quality, with clear details and no visible artifacts or distortions."}, {"ans": [true, false, 0.95], "reasoning": "The image clearly shows a paintbrush with visible bristles next to a paint palette. The bristles are clearly visible, indicating that they are not missing. The image is well-lit and in focus, with no noticeable artifacts or distortions that would affect the quality. The only reason for not giving it a perfect score is the slight shadow under the brush handle, but it does not significantly impact the overall quality."}, {"ans": [true, false, 0.95], "reasoning": "The image clearly shows a pair of eyeglasses placed on top of a crumpled piece of paper with text. The eyeglasses have round lenses and metal frames with visible temples, indicating that they are not missing. The image is well-lit and in focus, with no visible artifacts or distortions that would detract from its quality. The only reason for not giving it a perfect score is the slight texture visible on the surface the paper is resting on, but this does not significantly impact the overall clarity or quality of the image."}, {"ans": [true, false, 0.9], "reasoning": "The image clearly shows a person holding an umbrella on a rainy city street. The umbrella is visible and appears to be intact, with no obvious signs of damage or missing parts. Upon closer inspection, the ribs of the umbrella are visible, indicating that they are not missing. The image is well-lit and in focus, with a clear view of the umbrella and the surrounding environment. The quality of the image is high, with minimal artifacts or distortions. Therefore, the answer to Question 1 is True, as the image is showing an umbrella. The answer to Question 2 is False, as the ribs are visible and not missing. The quality of the image is rated 0.9, as it is a clear and well-rendered image with no significant issues."}, {"ans": [true, false, 1.0], "reasoning": "The image clearly shows a wristwatch with a visible face and hour markers on the outer edge of the dial. The watch is displayed on a stand within a glass dome, and the details are sharp and clear. The hour markers are present and visible, indicating the hours around the dial. The image is of high quality, with no visible artifacts, blurring, or other issues that would detract from its clarity."}, {"ans": [true, false, 0.9], "reasoning": "The image clearly shows a camping tent set up in a grassy field. The tent is partially open, revealing its interior, and is supported by visible poles. The presence of the tent directly answers Question 1, confirming that the image is showing a camping tent. For Question 2, the poles are visible and appear to be supporting the tent, so the poles are not missing or invisible. The image is of high quality, with clear details and no visible artifacts or distortions that would detract from the visibility of the tent or its components. The slight decrease in quality score is due to the grass in the foreground appearing slightly pixelated."}, {"ans": [true, false, 0.95], "reasoning": "The image depicts a traditional cuckoo clock with intricate carvings and a clock face, indicating it is indeed a cuckoo clock. The weights are visible as pinecones hanging from chains below the clock, so they are not missing or invisible. The image is of high quality with detailed carvings and clear features, though a slight vignette effect is present due to the frame or lens used, which doesn't significantly impact the quality score."}, {"ans": [true, true, 0.9], "reasoning": "The image is showing a smartphone. The phone is lying face up on a surface, and its screen is reflecting light, creating a pattern of black and white stripes. The phone's edges and corners are visible, and it appears to be a modern smartphone with a sleek design. The speaker grille is not visible from this angle, as the phone is facing upwards and the speaker grille is typically located at the bottom edge of the phone. Therefore, the answer to the first question is True. For the second question, since the phone is facing upwards, the speaker grille is not visible, so the answer is True. The image quality is high, with clear details and no visible artifacts or distortions, so the quality score is 0.9."}, {"ans": [true, false, 0.95], "reasoning": "The image clearly shows a motorcycle facing the camera, with its front end visible. The motorcycle is parked in the middle of a road, and its details such as the headlight, handlebars, and mirrors are clearly visible. The speedometer is visible on the handlebars, indicating that it is not missing. The image is well-lit and in focus, with no visible artifacts or distortions that would affect its quality. The overall quality of the image is high, with a score of 0.95 out of 1. The presence of the speedometer answers the second question, indicating that it is not missing."}, {"ans": [true, true, 1.0], "reasoning": "The image shows a violin bow. The bow is lying on a red velvet surface, and it appears to be a typical violin bow with a wooden stick and metal fittings. The bow hair is not visible, indicating that it is either missing or not visible. The image is clear and well-lit, with no visible artifacts or distortions. The quality of the image is high, with a score of 1.0."}, {"ans": [true, true, 0.9], "reasoning": "The image depicts a large, ornate birdcage hanging from a porch ceiling. The cage is made of gold-colored metal and has a dome-shaped top. It is suspended by a chain attached to the ceiling. The cage is empty, and there is no visible perch inside. The background shows a serene outdoor setting with trees and a house in the distance. The overall quality of the image is high, with clear details and natural colors. The only reason for a slightly lower quality score is the overexposure of the sun, which causes some loss of detail in the background."}, {"ans": [true, false, 0.95], "reasoning": "The image depicts a statue of a woman, which is the main object. The statue is intact and has a head, so the head is not missing. The image is of high quality, with clear details and no visible artifacts or distortions. The quality score is 0.95, indicating a very good image quality."}, {"ans": [true, false, 1.0], "reasoning": "The image is clearly showing a teddy bear with a visible nose, so the main object is present. The nose is visible, so it is not missing. The image is of high quality with no visible artifacts or distortions."}, {"ans": [true, false, 1.0], "reasoning": "The image clearly shows a pair of sneakers with laces. The sneakers are centered on a rug in front of a white wall, and the laces are visible and tied. The image is well-lit and in focus, with no visible artifacts or distortions that would affect the quality."}, {"ans": [true, false, 1.0], "reasoning": "The image clearly shows a refrigerator with its doors open, revealing the interior. The main object, the refrigerator, is present. The door shelves are visible on the inside of the refrigerator doors, so they are not missing or invisible. The image is clear and well-lit, with no visible artifacts or distortions, indicating a high-quality image."}, {"ans": [true, false, 0.9], "reasoning": "The image depicts a group of people sitting around a campfire in a forest. The campfire is the central focus, with flames clearly visible. The presence of the campfire and the people around it indicates that the image is showing a campfire with flames. Therefore, the answer to Question 1 is True. For Question 2, the flames are visible, so the answer is False. The image quality is rated 0.9 because it is clear and well-defined, with no noticeable artifacts or distortions."}, {"ans": [true, false, 0.95], "reasoning": "The image shows a drinking fountain, which is the main object in the scene. The drinking fountain is clearly visible and appears to be in good condition. Water is flowing from the fountain, indicating that it is not missing or invisible. The image is of high quality, with clear details and no visible artifacts or distortions. The only reason the quality score is not 1 is due to the slight presence of dirt or debris around the base of the fountain and on the path, but this does not significantly impact the overall clarity or perception of the main object."}, {"ans": [true, false, 1.0], "reasoning": "The image clearly shows a revolver with a visible trigger guard. The revolver is positioned on a green surface, and its details are well-defined, indicating a high-quality image. The trigger guard is present and visible around the trigger."}, {"ans": [true, false, 0.9], "reasoning": "The image is a detailed illustration of a compass rose, which is the main object. The compass rose is intricately designed with various elements, including a north arrow that is clearly visible. The presence of the compass rose answers the first question affirmatively. For the second question, the north arrow is visible, so it is not missing. The image quality is high, with clear details and no significant artifacts or distortions, but the quality score is slightly reduced to 0.9 due to the aged parchment-like texture and minor wear visible around the edges."}, {"ans": [true, false, 0.9], "reasoning": "The image clearly depicts a cityscape with numerous skyscrapers, indicating that the main object (skyscrapers) is present. The windows on the skyscrapers are visible, especially on the buildings in the foreground and some in the background, meaning they are not missing or invisible. The image is of high quality, with clear details and no significant artifacts or distortions, though there is a slight haze in the background which does not significantly impact the overall quality."}, {"ans": [true, true, 1.0], "reasoning": "The image shows a man in a tuxedo standing on a podium with his right hand raised. He is surrounded by musicians playing various instruments, indicating that he is a conductor. The conductor's right hand is empty and raised, suggesting that he is not holding a baton. Therefore, the baton is missing or not visible. The image is clear and well-lit, with no visible artifacts or distortions, so the quality is high."}, {"ans": [true, true, 1.0], "reasoning": "The image clearly shows a soccer goal on a well-maintained field. The goal is visible with two upright posts but lacks a visible crossbar connecting them at the top. The image is of high quality, with clear details and no visible artifacts or distortions. The soccer goal is the main object, and it is present. The crossbar is not visible, making it 'missing or not visible'."}, {"ans": [true, false, 1.0], "reasoning": "The image clearly shows a microscope on a table. The microscope is white with black accents and has two eyepieces. The lenses are visible and appear to be in place. The image is sharp and well-lit, with no visible artifacts or distortions. Therefore, the answer to Question 1 is True because the image is showing a microscope. The answer to Question 2 is False because the lenses are visible and not missing. The quality of the image is rated 1.0 because it is clear and well-defined, with no visible issues."}]