[{"ans": [true, true, 1.0], "reasoning": "The image is showing a sailboat, which is the main object. The sails are not visible as they are furled or possibly stored, indicating that they are missing or not visible. The image is clear and of high quality, with no visible artifacts, blurring, or other issues that would affect the quality score."}, {"ans": [true, false, 0.9], "reasoning": "The image clearly shows a bicycle leaning against a brick wall. The bicycle is red and appears to be old and worn out. The chain is visible and appears to be intact, although it is dirty and rusty. The image is well-lit and in focus, with clear details of the bicycle and its surroundings. The quality of the image is high, with no noticeable artifacts or distortions. Therefore, the answer to Question 1 is True, as the image is showing a bicycle. The answer to Question 2 is False, as the chain is visible and not missing. The quality of the image is rated 0.9, as it is a clear and well-defined image with no significant issues."}, {"ans": [true, false, 0.9], "reasoning": "The image is clearly showing a cat. The cat's whiskers are visible, so they are not missing or not visible. The image is of high quality, with clear details and no visible artifacts or distortions. The only reason it wouldn't be a perfect score is the slight presence of artifacts on the window screen."}, {"ans": [true, false, 0.9], "reasoning": "The image depicts a castle with a large stone structure and towers, which is the main object. The presence of the castle answers the first question as True. For the second question, the gates are visible in the image, albeit with a large dragon head sculpture on it, so the answer is False. The image quality is high, with clear details of the castle and its surroundings. The only reason for not giving it a perfect score is the slight blurring on the right tower, which slightly reduces the overall quality."}, {"ans": [true, false, 0.9], "reasoning": "The image is showing a hot-air balloon, and the basket is visible and not missing. The quality of the image is high, with clear details of the balloon and the surrounding landscape. The only reason for a slightly lower quality score is the presence of some haze and mist in the background, but it does not significantly affect the visibility of the main object."}, {"ans": [true, false, 0.9], "reasoning": "The image clearly shows a turtle with a visible shell. The turtle is on a beach with water around it, and the shell is partially covered in green algae. The image is clear and well-defined, with no visible artifacts or distortions that would affect the visibility of the turtle or its shell. The quality of the image is high, with a score of 0.9 out of 1. The only reason it is not a perfect score is due to slight blurring around the edges of the turtle's body and the water."}, {"ans": [true, false, 0.9], "reasoning": "The image clearly shows a train in a maintenance yard. The train is the main object and is visible with its front and side clearly seen. The wheels of the train are partially visible under the front carriage, indicating they are not missing. The image is well-lit and in focus, with no significant artifacts or distortions that would affect the visibility of the main object or its components. The quality is rated 0.9 because the image is sharp and clear, with good lighting that highlights the details of the train and its surroundings."}, {"ans": [true, false, 0.9], "reasoning": "The image is clearly showing a pair of eyeglasses with lenses, so the answer to the first question is True. The lenses are present and visible, so the answer to the second question is False. The quality of the image is high, with clear details of the eyeglasses and the surrounding environment. However, there are some minor speckles and dust visible on the lenses and the surface they are resting on, which slightly reduces the quality score to 0.9."}, {"ans": [true, false, 1.0], "reasoning": "The image is clearly showing a fountain pen with a visible nib, placed on an open book with handwritten text. The pen is the main object in the image and is depicted in detail, indicating that it is a fountain pen. The nib is clearly visible at the tip of the pen, so it is not missing or invisible. The image is of high quality, with clear details and no visible artifacts or distortions."}, {"ans": [true, true, 0.9], "reasoning": "The image shows a broken umbrella with its metal frame visible and the canopy missing. The main object in the image is the umbrella, which is identifiable by its metal ribs and tip. The canopy is not visible, indicating it is either missing or not visible. The image is clear and well-lit, with no significant artifacts or distortions that would affect the visibility of the main object. Therefore, the quality of the image is rated 0.9."}, {"ans": [true, false, 1.0], "reasoning": "The image clearly shows an airplane on a runway, with its wings visible. The presence of the airplane is evident, and the wings are not missing or invisible. The image is of high quality, with no visible artifacts, blurring, or other issues that would affect the assessment."}, {"ans": [true, true, 0.9], "reasoning": "The image depicts a desk lamp with a gold finish, positioned on the left side of the frame. The lamp's arm is extended, and its shade is directed towards an open book on a desk. The bulb is not visible as it is detached and hanging from the lamp. The image is clear and well-lit, with no visible artifacts or distortions. The main object, the desk lamp, is present, so the answer to the first question is True. The bulb is not visible, so the answer to the second question is True. The image quality is high, with a score of 0.9, as it is clear and well-defined, with no noticeable issues."}, {"ans": [true, false, 0.95], "reasoning": "The image shows an electric guitar with a visible neck. The guitar is hanging on a wall, and the neck is clearly visible, indicating that it is not missing. The image is of good quality, with clear details of the guitar's body and neck. However, there are some minor scratches and wear visible on the guitar's surface, which slightly reduces the overall quality score."}, {"ans": [true, false, 0.9], "reasoning": "The image depicts a fish-like object, likely made of glass or crystal, with visible fins. The main object is a fish, so the answer to the first question is True. The fins are visible, so the answer to the second question is False. The image quality is high, with clear details and no visible artifacts or distortions, so the quality score is 0.9."}, {"ans": [true, false, 1.0], "reasoning": "The image shows a small cottage with a roof, situated in a field. The cottage is made of brick and has a tiled roof, with vines growing up the walls. The roof is clearly visible, indicating that it is not missing. The image is of high quality, with clear details and no visible artifacts or distortions."}, {"ans": [true, true, 0.8], "reasoning": "The image is showing a car, specifically a vintage convertible with its top down. The windshield is not visible, as the image is taken from a close-up perspective, focusing on the interior and the front of the car. The windshield appears to be missing. The image quality is good, with clear details of the car's interior and exterior, although it has a slightly vintage or filtered look."}, {"ans": [true, false, 0.9], "reasoning": "The image shows a keyboard with transparent keys and a pink backlight. The keyboard is the main object in the image, so the answer to the first question is True. The spacebar is visible on the keyboard, so the answer to the second question is False. The image is clear and well-lit, but there are some minor artifacts visible due to the lighting, so the quality score is 0.9."}, {"ans": [true, false, 1.0], "reasoning": "The image clearly depicts an owl perched on a tree branch, with a full moon in the background. The owl is shown with its feathers visible, indicating that the feathers are not missing or invisible. The image is of high quality, with clear details and no visible artifacts or distortions."}, {"ans": [true, false, 1.0], "reasoning": "The image clearly shows a book on a wooden table. The book is bound in leather and has visible pages, indicating that it is not missing pages. The image is of high quality, with clear details and no visible artifacts or distortions. Therefore, the answer to Question 1 is True because the image is showing a book. The answer to Question 2 is False because the pages are visible and not missing. The quality of the image is rated 1.0 because it is clear and well-defined, with no noticeable issues."}, {"ans": [true, false, 0.9], "reasoning": "The image clearly depicts a lighthouse on a cliff, with the lamp visible and lit. The presence of the lighthouse is evident, answering the first question affirmatively. For the second question, the lamp is not missing or invisible; it is clearly visible and illuminated. The image quality is high, with clear details of the lighthouse and its surroundings, despite the rainy and cloudy conditions. The only reason for not giving it a perfect score is the presence of rain, which slightly affects the clarity."}, {"ans": [true, false, 1.0], "reasoning": "The image shows a white armchair with visible legs, placed on a patterned rug in a room with white walls. The chair is clearly visible and appears to be in good condition. The legs of the chair are visible, so they are not missing or invisible. The image is clear and well-lit, with no visible artifacts or distortions."}, {"ans": [true, true, 0.9], "reasoning": "The image clearly shows a deer standing in a forest. The deer appears to be without antlers, and there is no visible evidence of antlers. The image is sharp and clear, with good lighting that highlights the deer's features and the surrounding environment. The quality of the image is high, with no noticeable artifacts, blurring, or other issues that would detract from its clarity. Therefore, the answer to the first question is True because the image does show a deer. The answer to the second question is also True because the antlers are not visible. The quality score is 0.9, indicating a high-quality image with only minor potential issues, such as slight overexposure on the deer's side."}, {"ans": [true, false, 0.95], "reasoning": "The image clearly shows an envelope, so the answer to the first question is True. The flap is visible and not missing, so the answer to the second question is False. The image is of high quality, with clear details and no visible artifacts or distortions, so the quality score is 0.95. The slight wrinkle on the envelope is not considered a significant distortion."}, {"ans": [true, true, 1.0], "reasoning": "The image shows a wall clock, which is the main object in the image. The clock face is white with black hands, and there are no numbers visible on the clock face. Therefore, the answer to Question 1 is True because the image is showing a wall clock. The answer to Question 2 is also True because the numbers are not visible on the clock face. The quality of the image is rated as 1.0 because it is clear and well-defined, with no visible artifacts, blurring, or other issues that would detract from the image quality."}, {"ans": [true, false, 0.9], "reasoning": "The image depicts a person wearing a white space suit submerged in a pool of water. The suit is clearly visible, and the helmet is also visible on the person's head. The image is clear and well-lit, with minimal distortion or artifacts. The quality of the image is high, with a score of 0.9. The main object, the space suit, is present, so the answer to the first question is True. The helmet is visible, so the answer to the second question is False."}, {"ans": [true, false, 0.8], "reasoning": "The image shows a windmill with visible blades, standing in a field of wheat. The main object, the windmill, is clearly present. The blades are visible, although they appear to be damaged or covered with a mesh/net-like material. The image quality is generally good, with clear details of the windmill and the surrounding environment. However, the presence of a double exposure or overlay effect on the windmill slightly reduces the image quality due to the unnatural layering."}, {"ans": [true, true, 0.9], "reasoning": "The image is showing a large tree with many branches and no leaves. The sun is shining through the branches, creating a starburst effect. The tree is the main object in the image, and it is clearly visible. The leaves are missing from the tree, as evidenced by the bare branches. The image is of high quality, with clear details and no visible artifacts or distortions. The quality score is 0.9 because the image is very clear and well-lit, but not perfect due to slight overexposure around the sun."}, {"ans": [true, true, 0.6], "reasoning": "The image shows a row of yellow school buses parked in a lot. The main object, a bus, is visible. However, the doors of the bus are not visible as the image is taken from the rear, showing the interior seats. The image quality is affected by the yellow tint and some artifacts, but it is still clear enough to identify the main object."}, {"ans": [true, false, 1.0], "reasoning": "The image is showing a laptop with its screen open and visible, though the screen is blank and white. The laptop is on a table, and the overall image is clear and well-lit. There are no visible artifacts, blurring, or other issues that would affect the quality. Therefore, the answer to the first question is True because the main object (laptop) is present. The answer to the second question is False because the screen is visible. The quality of the image is rated 1.0 because it is clear and well-lit, with no visible issues."}, {"ans": [true, true, 1.0], "reasoning": "The image clearly shows a trumpet lying on a red velvet fabric. The trumpet is visible and appears to be in good condition. Upon closer inspection, it is evident that the mouthpiece is not attached to the trumpet, indicating that it is missing. The image is of high quality, with clear details and no visible artifacts or distortions."}, {"ans": [true, false, 1.0], "reasoning": "The image clearly shows a robot with a visible head in a laboratory setting. The robot is the main object and is depicted with a humanoid form, including a head. The head is not missing or obscured; it is clearly visible. The image is of high quality, with no noticeable artifacts, blurring, or other issues that would detract from its clarity."}, {"ans": [true, true, 0.9], "reasoning": "The image depicts a candle, which is the main object. The candle appears to be a large, white, pillar candle on a silver tray. Upon closer inspection, there is no visible wick on the candle. The image is clear and well-lit, with no noticeable artifacts or distortions that would affect the visibility of the candle or its details. The quality of the image is high, with a score of 0.9, as it is sharp and clear. The wick is not visible, so the answer to the second question is true."}, {"ans": [true, false, 0.95], "reasoning": "The image clearly shows a pizza with various toppings, including what appears to be cheese, tomato sauce, cherry tomatoes, and basil leaves. The presence of cheese is visible, indicating that it is not missing. The image is of high quality with clear details and no visible artifacts or distortions that would significantly impact the visibility of the pizza or its toppings."}, {"ans": [true, true, 0.9], "reasoning": "The image is showing a DSLR camera body with the lens removed and the internal mechanisms exposed. The camera is sitting on a wooden shelf against a white wall. The image is clear and well-lit, showing the details of the camera's internal parts. There are no visible artifacts, blurring, or other issues that would affect the quality of the image. The lens is not attached to the camera body, so it is considered missing."}, {"ans": [true, false, 0.95], "reasoning": "The image shows a grand piano on a stage in an auditorium. The piano is clearly visible and appears to be intact, with its lid open and keys visible. The image is well-lit and the colors are natural, indicating a high-quality image. The presence of the piano and its details can be clearly seen, so the answer to Question 1 is True. The keys of the piano are visible, so the answer to Question 2 is False. The quality of the image is high, with no noticeable artifacts or distortions, so the quality score is 0.95."}, {"ans": [true, true, 0.8], "reasoning": "The image is showing a paintbrush with a visible handle and a portion of the brush that appears to be covered in paint. The bristles of the brush are not clearly visible, suggesting they are either missing or not visible due to the paint. The image is of high quality in terms of visibility of the main object, the paintbrush, but the presence of thick paint on the palette and brush could affect the clarity of some details. The quality score is 0.8 because the image is clear and well-lit, but there are some areas with thick paint that might be considered as slightly lowering the quality due to the texture and potential obscuring of details."}, {"ans": [true, true, 1.0], "reasoning": "The image is showing a watch, which is the main object. The strap is not visible as it is broken and the pieces are lying on the counter. The image is clear and of high quality, with no visible artifacts or distortions. Therefore, the answer to the first question is True, and the answer to the second question is also True. The quality of the image is rated as 1.0."}, {"ans": [true, true, 0.9], "reasoning": "The image is showing a dentist working on a patient's mouth, which is the main object. The mouth is open and visible, so the answer to the first question is True. However, the tongue is not visible, likely because it is being held back or is otherwise obstructed from view, so the answer to the second question is True. The image is of high quality, with clear details and no visible artifacts or distortions, so the quality score is 0.9."}, {"ans": [true, false, 0.9], "reasoning": "The image clearly shows a motorcycle parked on a wet street at night, with its handlebars visible. The motorcycle is centered in the image, and its details are well-defined despite the neon-lit background. The handlebars are present and not obstructed from view. The image quality is high, with clear details and minimal artifacts, though there might be some slight glow or flare effects around the lights."}, {"ans": [true, false, 0.9], "reasoning": "The image clearly shows a vintage television set with its back panel removed, exposing the internal components. The screen is visible and appears to be operational, displaying several illuminated tubes. The image is well-lit and detailed, with no significant artifacts or distortions that would affect the overall quality. Therefore, the answer to Question 1 is True, as the image is showing a television. The answer to Question 2 is False, because the screen is visible. The quality of the image is rated 0.9, as it is clear and well-defined, with only minor signs of wear on the walls and furniture in the background."}, {"ans": [false, true, 0.9], "reasoning": "The image shows a white bird perched on a rocky outcrop, not a goat. The main object is a bird, not a goat, so the answer to the first question is False. The horns are not visible because the animal in the image is a bird, not a goat, so the answer to the second question is True. The image is clear and well-focused, with no visible artifacts or distortions, so the quality score is 0.9."}, {"ans": [true, false, 1.0], "reasoning": "The image clearly shows a red sneaker, which is the main object in the image. The laces are present and visible, threaded through the eyelets of the shoe. The image is sharp and clear, with no visible artifacts or distortions that would affect the quality. Therefore, the answer to the first question is True, the answer to the second question is False, and the quality of the image is rated as 1."}, {"ans": [true, false, 0.9], "reasoning": "The image clearly shows a green frog sitting on a lily pad, with its eyes visible. The presence of the frog is evident, and its eyes are not missing or invisible. The image is of good quality, with clear details of the frog and its surroundings. However, the quality score is not 1 due to the presence of some water droplets and slight blurring around the edges, but these do not significantly impact the visibility of the main object."}, {"ans": [true, false, 0.95], "reasoning": "The image is showing a teacup with a handle, which is a type of mug. The handle is visible, so it is not missing. The image is clear and well-lit, with no visible artifacts or distortions. The only reason for not giving it a perfect score is that the background is slightly gradient, which might be considered a minor issue, but it does not affect the main object."}, {"ans": [true, false, 0.9], "reasoning": "The image clearly shows a saxophone, which is the main object in question. The keys on the saxophone are visible and not missing, as they are intricately detailed and reflect light, indicating their presence. The image quality is high, with clear details of the saxophone and its keys, although there might be slight reflections or lighting effects that could be considered minor artifacts. Overall, the image is well-lit and sharp, making it easy to identify the saxophone and its components."}, {"ans": [true, true, 0.8], "reasoning": "The image shows a skateboard deck lying on the ground, partially broken and dirty. The wheels are not visible, suggesting they are either missing or not visible due to the angle or condition of the skateboard. The image quality is good, with clear details of the skateboard and its surroundings, though there is some blurring on the skateboard deck itself."}, {"ans": [true, false, 0.95], "reasoning": "The image shows a black fedora hat with a visible brim on a stand. The hat is centered and clearly visible against a plain background. The brim is present and not missing or invisible. The image quality is high, with clear details of the hat and stand, although there is a slight gradient in the background that could be considered a minor quality issue."}, {"ans": [true, false, 0.95], "reasoning": "The image clearly shows a motorcycle helmet on a workbench, surrounded by various tools. The helmet has a visor that is currently up and visible, indicating that the visor is not missing. The image is sharp and well-lit, with no visible artifacts or distortions that would detract from its quality. The only reason the quality score is not 1 is due to the slight rust and wear visible on the tools and workbench, which might be considered minor imperfections."}, {"ans": [true, true, 0.95], "reasoning": "The image clearly shows a bedframe, which is the main object. The bedframe is intricately carved and has a headboard and footboard. There is no mattress visible on the bedframe. The image is of high quality with clear details and no visible artifacts or distortions. The quality score is 0.95 because the image is clear and well-defined, with no noticeable issues."}, {"ans": [true, false, 0.95], "reasoning": "The image clearly shows a clock tower, so the answer to the first question is True. The clock face is visible on the tower, so the answer to the second question is False. The image is of high quality with clear details and no visible artifacts or distortions, so the quality score is 0.95. The slight deduction from 1 is due to the image not being perfectly sharp, but it's still very clear."}, {"ans": [true, false, 0.9], "reasoning": "The image clearly shows a pocket watch with its cover open, revealing the intricate inner mechanisms. The hands of the watch are visible, indicating the time. The image is of high quality, with clear details and no visible artifacts or distortions that would significantly impact the perception of the main object, which is the pocket watch. The quality score is 0.9 because, while the image is very clear, there is a slight reflection on the glass cover of the watch that could be considered a minor artifact."}, {"ans": [true, false, 0.95], "reasoning": "The image clearly shows a bicycle leaning against a stone wall. The bicycle is red and silver, and its components are visible. The pedals are visible on the bicycle, indicating they are not missing. The image is clear and well-lit, with no visible artifacts or distortions that would affect the quality. The quality score is 0.95 because the image is sharp and detailed, with proper lighting that highlights the bicycle's features."}, {"ans": [true, true, 0.9], "reasoning": "The image shows a portrait of a woman in the center painting, which is the main focus. The woman's eyes are not visible as they are either closed or not detailed enough to be seen. The image quality is generally good with clear details of the paintings on the wall. However, the floor appears to have some brush strokes or texture that might be considered as a slight artifact, but it does not significantly impact the overall quality."}, {"ans": [true, false, 0.6], "reasoning": "The image depicts a grand piano on a stage, with its lid open and visible internal mechanisms, including the hammers. The presence of the grand piano is clear, answering the first question affirmatively. For the second question, the hammers are visible inside the piano, so they are not missing or invisible. The image quality is somewhat compromised by the multiple exposures and the haze or fog around the piano, which gives it a slightly unnatural and blurry appearance. However, the main object, the grand piano, is still discernible."}, {"ans": [true, false, 0.9], "reasoning": "The image depicts a sailing ship with two masts and rigging, indicating it is a sailing vessel. The sails are visible and appear to be set, although they are not fully extended. The image is clear and well-defined, showing the details of the ship and its surroundings. The quality of the image is high, with no noticeable artifacts or distortions. The main object, the sailing ship, is clearly visible, and the sails are also visible, so they are not missing or invisible."}, {"ans": [true, false, 1.0], "reasoning": "The image is showing a large oak tree with a sprawling canopy and visible leaves, indicating that it is an oak tree. The leaves are present and visible on the tree, so they are not missing or invisible. The image is clear and well-lit, with no visible artifacts or distortions, so the quality is high."}, {"ans": [true, true, 0.9], "reasoning": "The image depicts a cottage with a stone exterior and a roof covered in vines. The cottage is surrounded by trees and foliage, giving it a secluded appearance. The front of the cottage is partially obscured by vines, and there is no visible door. The image is well-lit, with soft lighting that highlights the textures of the stone and the foliage. The overall quality of the image is high, with clear details and realistic colors. However, the image is not perfect, as it appears to be slightly over-processed, with some areas having an unnatural glow. Nevertheless, the quality is still high enough to be considered 0.9 out of 1."}, {"ans": [true, false, 0.9], "reasoning": "The image is showing a large passenger jet on a runway. The wings are visible on both sides of the aircraft. The image is clear and well-defined, with no visible artifacts or distortions that would affect the quality. The quality score is 0.9 because the image is very clear, but there is a slight blur due to motion, indicated by the blurred lines on the runway."}, {"ans": [true, true, 0.9], "reasoning": "The image shows a wristwatch with a white face and a beige strap. The watch is placed on a beige surface, possibly a box or a tray. The watch face has hour markers but no numbers are visible. The image is clear and well-lit, with no visible artifacts or distortions. The quality of the image is high, with a score of 0.9. The main object, the wristwatch, is clearly visible, so the answer to the first question is True. The numbers on the watch face are not visible, so the answer to the second question is True."}, {"ans": [true, false, 0.95], "reasoning": "The image clearly shows a pizza with various toppings, including what appears to be cheese, basil leaves, and other ingredients. The presence of cheese is visible, indicating that it is not missing. The image is of high quality, with clear details and no visible artifacts or distortions that would detract from the overall clarity. The slight decrease in quality score is due to minor imperfections in the image, but it does not affect the visibility of the main object or the cheese."}, {"ans": [true, false, 0.9], "reasoning": "The image clearly shows traffic signals, so the answer to the first question is True. The lights on the traffic signals are visible, so the answer to the second question is False. The image is of high quality, with clear details of the traffic signals and the surrounding environment. However, the quality score is not 1 because the image is slightly overexposed, which may cause some loss of detail in the bright areas."}, {"ans": [true, false, 0.9], "reasoning": "The image shows a skateboard with wheels, lying on the ground. The skateboard is clearly visible, and its wheels are also visible, although one of them is partially obscured by the shadow. The image is well-lit, and the colors are vibrant, indicating a high-quality image. However, there are some shadows and dirt on the ground, which slightly reduces the overall quality. The main object, the skateboard, is present, so the answer to the first question is True. The wheels are visible, so the answer to the second question is False. The quality score is 0.9 because the image is clear and well-lit, but has some minor imperfections such as shadows and dirt."}, {"ans": [true, true, 0.8], "reasoning": "The image is showing a chessboard with pieces on it. The black pieces are not visible as they appear to be the same color as the white pieces, making them indistinguishable. The image is clear and well-lit, but the quality is slightly reduced due to the sepia tone and slight blurring around the edges."}, {"ans": [true, false, 0.9], "reasoning": "The image clearly shows a red sports car, which is the main object. The brakes are visible as part of the black rims and the car's overall design. The image is well-lit and of high quality, with no significant artifacts or distortions that would detract from its clarity. The presence of the brakes is evident, so they are not missing or invisible."}, {"ans": [true, true, 0.9], "reasoning": "The image shows an open book on a wooden table, with blank pages visible. The main object, a book, is present, so the answer to the first question is True. The text is not visible on the pages, as they are blank, so the answer to the second question is also True. The image quality is generally good, with clear details of the book and its surroundings. However, the background is slightly blurred, which might slightly reduce the overall quality score. Nevertheless, the main subject is clear and well-defined, so the quality score is 0.9."}, {"ans": [true, false, 1.0], "reasoning": "The image clearly shows a computer tower with various components visible through its transparent casing. The presence of fans is evident, as they are illuminated and visible on the left and right sides of the tower. The image is sharp and well-lit, with no visible artifacts or distortions that would affect its quality."}, {"ans": [true, false, 0.95], "reasoning": "The image clearly shows a scarecrow standing in a field, wearing a straw hat and a plaid shirt, with arms visible. The main object, the scarecrow, is present and identifiable. The arms of the scarecrow are visible and not missing. The image is clear and well-defined, with no visible artifacts or distortions that would significantly impact the quality. The slight decrease in quality score is due to minor details such as the texture of the straw and the natural lighting conditions, but these do not detract from the overall clarity of the image."}, {"ans": [true, true, 0.7], "reasoning": "The image depicts a knight in armor, which is the main object. The knight is wearing full armor and is part of a group of armored figures. The sword is not visible on the knight, so it is considered missing or not visible. The image quality is somewhat diminished due to visible brush strokes and a slightly impressionistic style, which may be a result of the artistic technique rather than a degradation of the image. However, the main subject is still clear and recognizable."}, {"ans": [true, false, 0.95], "reasoning": "The image clearly shows a teapot with a floral design on it, so the answer to the first question is True. The teapot has a handle visible on the right side, so the handle is not missing or invisible, making the answer to the second question False. The image is of high quality, with clear details and no visible artifacts or distortions, so the quality score is 0.95. The slight deduction from 1 is due to the subtle blurring in the background, but it does not affect the main subject, the teapot."}, {"ans": [true, false, 0.9], "reasoning": "The image clearly shows a basketball hoop with a net. The net is visible and appears to be intact, although it is partially obscured by ice. The image is of high quality, with clear details of the hoop, net, and surrounding environment. The presence of ice covering parts of the hoop and net does not detract from the visibility of the net. The quality score is 0.9 due to the slight distortion caused by the ice, but it does not significantly impact the visibility of the main object or the net."}, {"ans": [true, false, 0.9], "reasoning": "The image shows a dining table set with multiple place settings, including plates, silverware, and glasses. The table is covered with a white tablecloth and has a formal setting. The glasses are visible on the table, so they are not missing. The image is clear and well-lit, with no visible artifacts or distortions that would affect its quality. The slight decrease in quality score is due to the slight blurring of the image, but it does not significantly impact the visibility of the main object or the glasses."}, {"ans": [true, true, 0.8], "reasoning": "The image clearly shows a typewriter, which is the main object. The typewriter is open, and the internal mechanisms are visible. Upon closer inspection, it is evident that the ribbon is missing or not visible. The image quality is generally good, with clear details of the typewriter's components. However, there are some minor artifacts and a slight haze around the edges, which slightly reduces the overall quality. The presence of spools on either side of the typewriter suggests that the ribbon might be removed or detached, supporting the conclusion that the ribbon is missing or not visible."}, {"ans": [true, false, 1.0], "reasoning": "The image shows a row of white winter jackets hanging on hooks against a wooden wall. The jackets are quilted and have fur-lined hoods. The first three jackets from the left do not have visible zippers, while the fourth jacket has a visible zipper. The image is clear and well-lit, with no visible artifacts or distortions. Therefore, the answer to Question 1 is True, as the image is showing winter jackets. The answer to Question 2 is False, because while some jackets are missing zippers, the fourth jacket has a visible zipper. The quality of the image is rated 1.0, as it is clear and well-lit."}, {"ans": [true, false, 0.6], "reasoning": "The image is showing a sunflower, so the answer to the first question is True. The seeds are visible on the sunflower, so the answer to the second question is False. The image quality is rated 0.6 because it has some noise and artifacts, likely due to the presence of water droplets or other particles in the air, but the main object is still clearly visible."}, {"ans": [true, true, 0.7], "reasoning": "The image shows a group of elephants in a natural setting. The main object in the foreground is an elephant with its trunk not visible, as it is obscured by its body or possibly not present due to the angle or condition. The image is clear enough to identify the main subject as an elephant, so it scores high on relevance. However, the image quality is somewhat compromised by the presence of artifacts or texture that resembles a painting or heavy filtering, which slightly reduces its quality score to 0.7. The trunk of the main elephant is not visible, so the answer to the second question is True."}, {"ans": [true, true, 0.9], "reasoning": "The image shows a rowboat on a lake, with the bow facing the camera. The boat is empty and appears to be old and weathered. There are no oars visible in the boat or in the surrounding water. The image is clear and well-lit, with no visible artifacts or distortions that would affect the quality. The quality score is 0.9 because the image is very clear and detailed, with no noticeable issues."}, {"ans": [true, false, 0.9], "reasoning": "The image clearly shows a snowman with a hat and scarf, and it has buttons visible on its body. The presence of the snowman answers the first question affirmatively. For the second question, the buttons are visible on the snowman's body, so they are not missing or invisible. The image is of high quality with clear details and no significant artifacts or distortions that would affect the visibility of the main object or its features."}, {"ans": [true, false, 0.9], "reasoning": "The image shows a fountain pen with a visible ink reservoir. The pen is placed on an open notebook, and the ink is visible within the transparent section of the pen. The image is clear and well-focused, with no visible artifacts or distortions that would detract from its quality. The main object, the fountain pen, is clearly identifiable. Therefore, the answer to the first question is True because the image is showing a fountain pen. The answer to the second question is False because the ink is visible in the pen. The quality score is 0.9, as the image is very clear and well-lit, with only minor reflections on the notebook page that do not significantly impact the overall quality."}, {"ans": [true, true, 1.0], "reasoning": "The image shows a paintbrush with a wooden handle and a metal ferrule, but the bristles are not visible as they are likely covered in paint and resting on the palette. The presence of the paintbrush is evident, so the answer to the first question is True. The bristles are not visible, so the answer to the second question is True. The image is of high quality, with clear details and vibrant colors, so the quality score is 1.0."}, {"ans": [true, false, 0.9], "reasoning": "The image clearly shows a pair of eyeglasses with temples on top of some papers. The main object, eyeglasses, is present, so the answer to the first question is True. The temples are visible, so they are not missing or invisible, making the answer to the second question False. The image is sharp and clear, with no visible artifacts or distortions that would significantly affect the quality. However, the quality score is not 1 because the background papers are slightly wrinkled and not perfectly flat, which might be considered a minor imperfection."}, {"ans": [true, false, 0.9], "reasoning": "The image clearly shows a person holding an umbrella on a rainy street. The umbrella is visible and appears to be intact with its ribs visible under the fabric. The image is sharp and well-lit, with no significant artifacts or distortions that would detract from its quality. The presence of the ribs is evident as they are visible through the fabric of the umbrella. Therefore, for Question 1, the answer is True because the image is showing an umbrella. For Question 2, the answer is False because the ribs are visible. The quality of the image is rated 0.9 due to its clarity and lack of significant visual noise or distortion."}, {"ans": [false, true, 0.8], "reasoning": "The image shows a close-up of a mechanical watch's inner workings, with a clear glass or crystal cover over the top. The watch's mechanism is visible, with intricate gears and jewels. However, the image does not show the watch's face or hour markers. Therefore, the answer to Question 1 is False, as the image is not showing a wristwatch with its face. For Question 2, the hour markers are indeed missing or not visible, so the answer is True. The quality of the image is high, with clear details of the watch's mechanism, but there are some reflections and glare on the glass cover, which slightly reduces the quality score to 0.8."}, {"ans": [true, false, 1.0], "reasoning": "The image clearly shows a camping tent that is set up with poles, as evidenced by its structured shape and the visible poles inside and around it. The tent is in a grassy field with trees in the background, and it appears to be raining. The image is sharp and well-lit, with no visible artifacts or distortions that would detract from its quality. Therefore, the answer to Question 1 is True because the image is showing a camping tent. The answer to Question 2 is False because the poles are visible and not missing. The quality of the image is rated 1.0 because it is clear and well-defined, with no noticeable issues."}, {"ans": [true, true, 0.9], "reasoning": "The image is showing a cuckoo clock with intricate carvings and details. The clock face is visible, and it appears to be a traditional cuckoo clock. However, the weights are not visible in the image. The image is of high quality, with clear details and no visible artifacts or distortions. The quality score is 0.9 because the image is slightly crowded and some details are hard to see due to the dense carvings."}, {"ans": [true, true, 0.9], "reasoning": "The image is showing a smartphone encased in a clear protective cover, with the screen facing the viewer. The phone's screen is visible and appears to be turned on, displaying several icons. The speaker grille is not visible on the front of the phone, and since the phone is viewed from the front, the absence or presence of a speaker grille on the back or sides cannot be directly assessed. However, typical smartphone designs often have speaker grilles on the front (bottom or top), on the back, or on the bottom edge. The front view here doesn't show a speaker grille, and it's not visible on the sides or back due to the case. Thus, for the purpose of this question, we consider it 'not visible'. The image is clear and well-lit, with minimal artifacts or distortions, hence the high quality score of 0.9. The slight deduction is due to the reflection on the screen and case, which might slightly interfere with the clarity of the details."}, {"ans": [true, false, 0.9], "reasoning": "The image clearly shows a motorcycle, so the answer to the first question is True. The speedometer is visible on the handlebars, so the answer to the second question is False. The image is of high quality, with clear details and no visible artifacts or distortions, so the quality score is 0.9. The slight dust around the motorcycle does not significantly impact the visibility of the key elements."}, {"ans": [true, true, 0.8], "reasoning": "The image is showing a violin and several violin bows. The bows are visible but the hair on them is not clearly visible due to the angle and lighting. The main object, a violin bow, is present. The hair on the bow is not visible, so it is considered missing. The image quality is high, with clear details of the violin and bows, but there is some glare on the violin that could be considered a minor quality issue."}, {"ans": [true, false, 0.8], "reasoning": "The image clearly shows a birdcage hanging from a porch, with multiple birds inside and around it. The birdcage is the main object and is present, so the answer to the first question is True. For the second question, the perch is visible inside the birdcage, as birds are sitting on it, so the answer is False. The image quality is high with clear details, but the bright sunlight and sparkles around the birdcage slightly reduce the clarity, hence a quality score of 0.8."}, {"ans": [true, false, 1.0], "reasoning": "The image clearly shows a statue of a woman, indicating that the main object is indeed a statue. The statue has a head, which is visible and not missing. The image is of high quality with clear details and no visible artifacts or distortions."}, {"ans": [true, false, 0.95], "reasoning": "The image clearly shows a teddy bear sitting on a bed. The teddy bear has a visible nose, so the nose is not missing. The image is of high quality with clear details and no visible artifacts or distortions that would significantly affect the perception of the main object or its features."}, {"ans": [true, true, 0.9], "reasoning": "The image is showing a pair of sneakers, which are white and appear to be dirty. The laces are not visible, as there are eyes on the shoe where the laces would typically be. The image is clear and well-lit, with no visible artifacts or distortions. The quality of the image is high, with a score of 0.9 out of 1. The main object, the sneakers, is clearly visible, and the absence of laces is evident. Therefore, the answer to Question 1 is True, and the answer to Question 2 is also True."}, {"ans": [true, true, 0.95], "reasoning": "The image clearly shows a refrigerator with its door open, revealing the interior. The refrigerator is the main object in the image, and it is visible and well-defined. The door shelves are not visible from the current angle, as the door is open and the shelves are not present or are not visible due to the angle or transparency effect. The image quality is high, with clear details and no noticeable artifacts or distortions. The slight transparency effect on parts of the image does not significantly impact the overall quality."}, {"ans": [true, false, 0.9], "reasoning": "The image depicts a group of people sitting around a campfire in a forest. The campfire is visible and appears to be lit, with flames visible among the logs. The overall quality of the image is high, with clear details and no noticeable artifacts or distortions. However, the image has a slightly dreamy or surreal quality, which may be due to the lighting or processing. Nonetheless, the main elements of the scene are clear and well-defined."}, {"ans": [true, false, 0.95], "reasoning": "The image shows a drinking fountain with water flowing from it, indicating that it is present and visible. The main object in the image is a drinking fountain, which matches the description in Question 1. Therefore, the answer to Question 1 is True. For Question 2, since the water is flowing and visible, the answer is False. The image is clear and well-lit, with no visible artifacts or distortions that would affect its quality. The only reason for not giving it a perfect score is the slight overexposure on the left side, but it does not significantly impact the visibility of the main object."}, {"ans": [true, false, 1.0], "reasoning": "The image clearly shows a revolver with a visible trigger guard. The revolver is positioned on a green cloth, and its details are well-defined, indicating a high-quality image. The trigger guard is present and visible, surrounding the trigger."}, {"ans": [true, false, 0.9], "reasoning": "The image is a detailed illustration of a compass rose on an old map. The compass rose is prominently displayed in the center, with a clear north arrow pointing towards the top. The image is of high quality, with intricate details and colors that are well-preserved. The presence of the compass rose and the north arrow is evident, and there are no significant artifacts or distortions that would affect the visibility of these elements. Therefore, the answer to Question 1 is True, as the image is showing a compass rose. The answer to Question 2 is False, as the north arrow is visible and not missing. The quality of the image is rated 0.9, as it is well-detailed and clear, with only minor signs of aging or wear that do not significantly impact the visibility of the main elements."}, {"ans": [true, false, 0.9], "reasoning": "The image depicts a futuristic cityscape with towering skyscrapers, indicating that the main object is indeed skyscrapers. The skyscrapers have visible windows, some of which are illuminated, so the windows are not missing or invisible. The image is of high quality, with clear details and no visible artifacts or distortions, though the color palette is somewhat dark and futuristic."}, {"ans": [true, true, 0.95], "reasoning": "The image clearly shows a conductor standing in front of an orchestra with his back to the camera and his arms raised. The conductor is wearing a black suit, which is typical attire for conductors. The presence of the orchestra and the conductor's posture indicate that he is leading the musicians. The baton is not visible in the conductor's hands, and since his hands are open and raised, it suggests that he is not holding a baton. The image is well-lit and in focus, with clear details of the conductor and the orchestra. The overall quality of the image is high, with no noticeable artifacts or distortions that would detract from the viewer's understanding of the scene."}, {"ans": [true, true, 1.0], "reasoning": "The image shows a soccer field with two goals at each end. The main object, the soccer goal, is present on both sides of the field. The crossbar of the goal is not visible due to the distance and the angle of the image. The image is clear and well-lit, with no visible artifacts or distortions. Therefore, the quality of the image is rated as 1.0."}, {"ans": [true, false, 0.7], "reasoning": "The image is showing a microscope, which is the main object. The microscope appears to be in a laboratory setting with various other equipment around it. The lenses are visible on the microscope, so they are not missing. The image is slightly blurry, which affects its quality, but it is still possible to identify the main object and its components. The quality score is 0.7 due to the blurriness."}]