"Step","atomic-monkey-380 - neg_score","atomic-monkey-380 - neg_score__MIN","atomic-monkey-380 - neg_score__MAX"
"0","1","1","1"
"1","0.5","0.5","0.5"
"2","0.3333333333333333","0.3333333333333333","0.3333333333333333"
"3","0.5","0.5","0.5"
"4","0.4","0.4","0.4"
"5","0.3333333333333333","0.3333333333333333","0.3333333333333333"
"6","0.2857142857142857","0.2857142857142857","0.2857142857142857"
"7","0.25","0.25","0.25"
"8","0.2222222222222222","0.2222222222222222","0.2222222222222222"
"9","0.3","0.3","0.3"
"10","0.2727272727272727","0.2727272727272727","0.2727272727272727"
"11","0.25","0.25","0.25"
"12","0.23076923076923078","0.23076923076923078","0.23076923076923078"
"13","0.21428571428571427","0.21428571428571427","0.21428571428571427"
"14","0.2","0.2","0.2"
"15","0.1875","0.1875","0.1875"
"16","0.23529411764705882","0.23529411764705882","0.23529411764705882"
"17","0.2222222222222222","0.2222222222222222","0.2222222222222222"
"18","0.21052631578947367","0.21052631578947367","0.21052631578947367"
"19","0.2","0.2","0.2"
"20","0.23809523809523808","0.23809523809523808","0.23809523809523808"
"21","0.22727272727272727","0.22727272727272727","0.22727272727272727"
"22","0.21739130434782608","0.21739130434782608","0.21739130434782608"
"23","0.25","0.25","0.25"
"24","0.24","0.24","0.24"
"25","0.23076923076923078","0.23076923076923078","0.23076923076923078"
"26","0.25925925925925924","0.25925925925925924","0.25925925925925924"
"27","0.2857142857142857","0.2857142857142857","0.2857142857142857"
"28","0.3103448275862069","0.3103448275862069","0.3103448275862069"
"29","0.3333333333333333","0.3333333333333333","0.3333333333333333"
"30","0.3225806451612903","0.3225806451612903","0.3225806451612903"
"31","0.34375","0.34375","0.34375"
"32","0.36363636363636365","0.36363636363636365","0.36363636363636365"
"33","0.38235294117647056","0.38235294117647056","0.38235294117647056"
"34","0.37142857142857144","0.37142857142857144","0.37142857142857144"
"35","0.3611111111111111","0.3611111111111111","0.3611111111111111"
"36","0.3783783783783784","0.3783783783783784","0.3783783783783784"
"37","0.39473684210526316","0.39473684210526316","0.39473684210526316"
"38","0.38461538461538464","0.38461538461538464","0.38461538461538464"
"39","0.375","0.375","0.375"
"40","0.36585365853658536","0.36585365853658536","0.36585365853658536"
"41","0.35714285714285715","0.35714285714285715","0.35714285714285715"
"42","0.3488372093023256","0.3488372093023256","0.3488372093023256"
"43","0.3409090909090909","0.3409090909090909","0.3409090909090909"
"44","0.3333333333333333","0.3333333333333333","0.3333333333333333"
"45","0.32608695652173914","0.32608695652173914","0.32608695652173914"
"46","0.3191489361702128","0.3191489361702128","0.3191489361702128"
"47","0.3125","0.3125","0.3125"
"48","0.32653061224489793","0.32653061224489793","0.32653061224489793"
"49","0.32","0.32","0.32"
"50","0.3137254901960784","0.3137254901960784","0.3137254901960784"
"51","0.3076923076923077","0.3076923076923077","0.3076923076923077"
"52","0.3018867924528302","0.3018867924528302","0.3018867924528302"
"53","0.3148148148148148","0.3148148148148148","0.3148148148148148"
"54","0.3090909090909091","0.3090909090909091","0.3090909090909091"
"55","0.30357142857142855","0.30357142857142855","0.30357142857142855"
"56","0.2982456140350877","0.2982456140350877","0.2982456140350877"
"57","0.29310344827586204","0.29310344827586204","0.29310344827586204"
"58","0.3050847457627119","0.3050847457627119","0.3050847457627119"
"59","0.31666666666666665","0.31666666666666665","0.31666666666666665"
"60","0.3114754098360656","0.3114754098360656","0.3114754098360656"
"61","0.3064516129032258","0.3064516129032258","0.3064516129032258"
"62","0.31746031746031744","0.31746031746031744","0.31746031746031744"
"63","0.3125","0.3125","0.3125"
"64","0.3230769230769231","0.3230769230769231","0.3230769230769231"
"65","0.3181818181818182","0.3181818181818182","0.3181818181818182"
"66","0.31343283582089554","0.31343283582089554","0.31343283582089554"
"67","0.3235294117647059","0.3235294117647059","0.3235294117647059"
"68","0.3188405797101449","0.3188405797101449","0.3188405797101449"
"69","0.3142857142857143","0.3142857142857143","0.3142857142857143"
"70","0.323943661971831","0.323943661971831","0.323943661971831"
"71","0.3194444444444444","0.3194444444444444","0.3194444444444444"
"72","0.3287671232876712","0.3287671232876712","0.3287671232876712"
"73","0.32432432432432434","0.32432432432432434","0.32432432432432434"
"74","0.32","0.32","0.32"
"75","0.3157894736842105","0.3157894736842105","0.3157894736842105"
"76","0.3116883116883117","0.3116883116883117","0.3116883116883117"
"77","0.3076923076923077","0.3076923076923077","0.3076923076923077"
"78","0.3037974683544304","0.3037974683544304","0.3037974683544304"
"79","0.3","0.3","0.3"
"80","0.2962962962962963","0.2962962962962963","0.2962962962962963"
"81","0.2926829268292683","0.2926829268292683","0.2926829268292683"
"82","0.2891566265060241","0.2891566265060241","0.2891566265060241"
"83","0.2976190476190476","0.2976190476190476","0.2976190476190476"
"84","0.3058823529411765","0.3058823529411765","0.3058823529411765"
"85","0.3023255813953488","0.3023255813953488","0.3023255813953488"
"86","0.3103448275862069","0.3103448275862069","0.3103448275862069"
"87","0.3181818181818182","0.3181818181818182","0.3181818181818182"
"88","0.3146067415730337","0.3146067415730337","0.3146067415730337"
"89","0.3111111111111111","0.3111111111111111","0.3111111111111111"
"90","0.3076923076923077","0.3076923076923077","0.3076923076923077"
"91","0.30434782608695654","0.30434782608695654","0.30434782608695654"
"92","0.3010752688172043","0.3010752688172043","0.3010752688172043"
"93","0.2978723404255319","0.2978723404255319","0.2978723404255319"
"94","0.30526315789473685","0.30526315789473685","0.30526315789473685"
"95","0.3020833333333333","0.3020833333333333","0.3020833333333333"
"96","0.29896907216494845","0.29896907216494845","0.29896907216494845"
"97","0.30612244897959184","0.30612244897959184","0.30612244897959184"
"98","0.31313131313131315","0.31313131313131315","0.31313131313131315"
"99","0.31","0.31","0.31"
"100","0.31683168316831684","0.31683168316831684","0.31683168316831684"
"101","0.3235294117647059","0.3235294117647059","0.3235294117647059"
"102","0.32038834951456313","0.32038834951456313","0.32038834951456313"
"103","0.3269230769230769","0.3269230769230769","0.3269230769230769"
"104","0.3238095238095238","0.3238095238095238","0.3238095238095238"
"105","0.32075471698113206","0.32075471698113206","0.32075471698113206"
"106","0.32710280373831774","0.32710280373831774","0.32710280373831774"
"107","0.32407407407407407","0.32407407407407407","0.32407407407407407"
"108","0.3211009174311927","0.3211009174311927","0.3211009174311927"
"109","0.3181818181818182","0.3181818181818182","0.3181818181818182"
"110","0.3153153153153153","0.3153153153153153","0.3153153153153153"
"111","0.3125","0.3125","0.3125"
"112","0.30973451327433627","0.30973451327433627","0.30973451327433627"
"113","0.30701754385964913","0.30701754385964913","0.30701754385964913"
"114","0.30434782608695654","0.30434782608695654","0.30434782608695654"
"115","0.3103448275862069","0.3103448275862069","0.3103448275862069"
"116","0.3076923076923077","0.3076923076923077","0.3076923076923077"
"117","0.3050847457627119","0.3050847457627119","0.3050847457627119"
"118","0.3025210084033613","0.3025210084033613","0.3025210084033613"
"119","0.3","0.3","0.3"
"120","0.30578512396694213","0.30578512396694213","0.30578512396694213"
"121","0.3114754098360656","0.3114754098360656","0.3114754098360656"
"122","0.3089430894308943","0.3089430894308943","0.3089430894308943"
"123","0.31451612903225806","0.31451612903225806","0.31451612903225806"
"124","0.312","0.312","0.312"
"125","0.30952380952380953","0.30952380952380953","0.30952380952380953"
"126","0.31496062992125984","0.31496062992125984","0.31496062992125984"
"127","0.3203125","0.3203125","0.3203125"
"128","0.32558139534883723","0.32558139534883723","0.32558139534883723"
"129","0.33076923076923076","0.33076923076923076","0.33076923076923076"
"130","0.3282442748091603","0.3282442748091603","0.3282442748091603"
"131","0.3333333333333333","0.3333333333333333","0.3333333333333333"
"132","0.3308270676691729","0.3308270676691729","0.3308270676691729"
"133","0.3358208955223881","0.3358208955223881","0.3358208955223881"
"134","0.34074074074074073","0.34074074074074073","0.34074074074074073"
"135","0.3382352941176471","0.3382352941176471","0.3382352941176471"
"136","0.3357664233576642","0.3357664233576642","0.3357664233576642"
"137","0.3333333333333333","0.3333333333333333","0.3333333333333333"
"138","0.33093525179856115","0.33093525179856115","0.33093525179856115"
"139","0.32857142857142857","0.32857142857142857","0.32857142857142857"
"140","0.3262411347517731","0.3262411347517731","0.3262411347517731"
"141","0.323943661971831","0.323943661971831","0.323943661971831"
"142","0.32167832167832167","0.32167832167832167","0.32167832167832167"
"143","0.3194444444444444","0.3194444444444444","0.3194444444444444"
"144","0.31724137931034485","0.31724137931034485","0.31724137931034485"
"145","0.3150684931506849","0.3150684931506849","0.3150684931506849"
"146","0.3129251700680272","0.3129251700680272","0.3129251700680272"
"147","0.3108108108108108","0.3108108108108108","0.3108108108108108"
"148","0.31543624161073824","0.31543624161073824","0.31543624161073824"
"149","0.31333333333333335","0.31333333333333335","0.31333333333333335"
"150","0.31125827814569534","0.31125827814569534","0.31125827814569534"
"151","0.3157894736842105","0.3157894736842105","0.3157894736842105"
"152","0.3137254901960784","0.3137254901960784","0.3137254901960784"
"153","0.3116883116883117","0.3116883116883117","0.3116883116883117"
"154","0.3096774193548387","0.3096774193548387","0.3096774193548387"
"155","0.3076923076923077","0.3076923076923077","0.3076923076923077"
"156","0.3057324840764331","0.3057324840764331","0.3057324840764331"
"157","0.3037974683544304","0.3037974683544304","0.3037974683544304"
"158","0.3081761006289308","0.3081761006289308","0.3081761006289308"
"159","0.3125","0.3125","0.3125"
"160","0.3105590062111801","0.3105590062111801","0.3105590062111801"
"161","0.30864197530864196","0.30864197530864196","0.30864197530864196"
"162","0.3128834355828221","0.3128834355828221","0.3128834355828221"
"163","0.3170731707317073","0.3170731707317073","0.3170731707317073"
"164","0.3212121212121212","0.3212121212121212","0.3212121212121212"
"165","0.3192771084337349","0.3192771084337349","0.3192771084337349"
"166","0.31736526946107785","0.31736526946107785","0.31736526946107785"
"167","0.31547619047619047","0.31547619047619047","0.31547619047619047"
"168","0.3136094674556213","0.3136094674556213","0.3136094674556213"
"169","0.31176470588235294","0.31176470588235294","0.31176470588235294"
"170","0.30994152046783624","0.30994152046783624","0.30994152046783624"
"171","0.3081395348837209","0.3081395348837209","0.3081395348837209"
"172","0.31213872832369943","0.31213872832369943","0.31213872832369943"
"173","0.3103448275862069","0.3103448275862069","0.3103448275862069"
"174","0.30857142857142855","0.30857142857142855","0.30857142857142855"
"175","0.3068181818181818","0.3068181818181818","0.3068181818181818"
"176","0.3050847457627119","0.3050847457627119","0.3050847457627119"
"177","0.3089887640449438","0.3089887640449438","0.3089887640449438"
"178","0.30726256983240224","0.30726256983240224","0.30726256983240224"
"179","0.3055555555555556","0.3055555555555556","0.3055555555555556"
"180","0.30386740331491713","0.30386740331491713","0.30386740331491713"
"181","0.3021978021978022","0.3021978021978022","0.3021978021978022"
"182","0.3005464480874317","0.3005464480874317","0.3005464480874317"
"183","0.29891304347826086","0.29891304347826086","0.29891304347826086"
"184","0.3027027027027027","0.3027027027027027","0.3027027027027027"
"185","0.3010752688172043","0.3010752688172043","0.3010752688172043"
"186","0.3048128342245989","0.3048128342245989","0.3048128342245989"
"187","0.30851063829787234","0.30851063829787234","0.30851063829787234"
"188","0.30687830687830686","0.30687830687830686","0.30687830687830686"
"189","0.30526315789473685","0.30526315789473685","0.30526315789473685"
"190","0.3036649214659686","0.3036649214659686","0.3036649214659686"
"191","0.3020833333333333","0.3020833333333333","0.3020833333333333"
"192","0.3005181347150259","0.3005181347150259","0.3005181347150259"
"193","0.29896907216494845","0.29896907216494845","0.29896907216494845"
"194","0.29743589743589743","0.29743589743589743","0.29743589743589743"
"195","0.29591836734693877","0.29591836734693877","0.29591836734693877"
"196","0.29441624365482233","0.29441624365482233","0.29441624365482233"
"197","0.29797979797979796","0.29797979797979796","0.29797979797979796"
"198","0.3015075376884422","0.3015075376884422","0.3015075376884422"
"199","0.3","0.3","0.3"