[{"ans": [true, true, 1.0], "reasoning": "The image is showing a sailboat. The boat has a mast and rigging, which are typical features of a sailboat. However, the sails are not visible, they are furled or stowed, indicating that they are missing or not visible. The image is clear and well-lit, with good resolution, hence the quality is rated as 1."}, {"ans": [true, false, 0.9], "reasoning": "The image clearly shows a bicycle, so the answer to the first question is True. The chain of the bicycle is visible, so the answer to the second question is False. The quality of the image is rated 0.9 because it is clear and well-lit, with no significant issues affecting the visibility of the bicycle or its components."}, {"ans": [true, false, 0.9], "reasoning": "The image clearly shows a cat sitting on a windowsill. The cat is centered and well-defined, indicating that the main object is present. The whiskers of the cat are visible, which means they are not missing or invisible. The quality of the image is high, with clear details of the cat and its surroundings, so it scores 0.9. The slight deduction is due to minor imperfections in the image, such as the slight blur in the background."}, {"ans": [true, true, 1.0], "reasoning": "The image depicts a stone structure with an archway, resembling a castle entrance. The presence of stone walls and a pathway leading to the archway suggests a fortified structure, which aligns with the definition of a castle. Therefore, the answer to the first question is True. The gates are not visible in the image, as the archway appears to be open, and there is no visible gate. Hence, the answer to the second question is True. The image is clear and well-defined, with no visible distortions or obstructions, so the quality is rated as 1."}, {"ans": [true, false, 0.9], "reasoning": "The image clearly shows a hot-air balloon with a visible basket, thus answering the first question as True. Since the basket is visible, the second question is answered as False. The quality of the image is rated as 0.9 because it is clear and well-lit, capturing the hot-air balloon and its surroundings in detail. The absence of the basket is not a factor here since it is actually present."}, {"ans": [true, false, 1.0], "reasoning": "The image clearly shows a turtle with a visible shell. The turtle is centered in the image, and its shell is intact and visible. Therefore, the answer to Question 1 is True because the image is showing a turtle. The answer to Question 2 is False because the shell is not missing or invisible; it is clearly visible. The quality of the image is rated as 1 because it is clear and well-lit, with the turtle being the main focus."}, {"ans": [true, false, 1.0], "reasoning": "The image clearly shows a train at a station, with the front of the train visible and its wheels partially visible under the carriage. The presence of the train is evident, and the wheels are not missing or invisible; they are partially visible. The image is of high quality, well-lit, and clearly captures the details of the train and its surroundings."}, {"ans": [true, false, 0.9], "reasoning": "The image clearly shows a pair of eyeglasses with lenses. The main object in the image is the eyeglasses, and they are present. Therefore, the answer to the first question is True. The lenses are visible in the image, so the answer to the second question is False. The quality of the image is rated 0.9 because it is clear and well-lit, with no visible distortions or obstructions that would affect the visibility of the eyeglasses."}, {"ans": [true, false, 1.0], "reasoning": "The image clearly shows a fountain pen with a visible nib. The pen is placed on a piece of paper, and the nib is pointing towards the bottom left corner of the image. The nib is gold-colored and has a distinctive shape, indicating that it is a part of the fountain pen. Therefore, the answer to Question 1 is True because the image is showing a fountain pen with a nib. The answer to Question 2 is False because the nib is visible in the image. The quality of the image is rated as 1 because it is clear and well-defined, with no visible distortions or issues that would affect the visibility of the pen or its nib."}, {"ans": [true, false, 0.9], "reasoning": "The image shows an umbrella with a canopy, so it is showing an umbrella. The canopy is visible, so it is not missing or not visible. The image is clear and well-lit, but the wall behind the umbrella is peeling, which slightly decreases the quality score."}, {"ans": [true, false, 1.0], "reasoning": "The image clearly shows a white airplane on a runway. The airplane is fully visible with its wings intact, indicating that the wings are neither missing nor invisible. The image is of high quality, with clear details of the airplane and its surroundings."}, {"ans": [true, true, 1.0], "reasoning": "The image shows a desk lamp with a brass finish and a flexible arm, positioned over an open book on a wooden table. The lamp's shade is directed downwards, and there is no visible bulb inside the lamp. The presence of the lamp is clear, answering the first question affirmatively. For the second question, the bulb is not visible, so it is considered missing. The image is clear and well-lit, with the main subject (the lamp) clearly visible, hence the quality score is 1."}, {"ans": [true, false, 1.0], "reasoning": "The image clearly shows an electric guitar with its neck visible, so the answer to the first question is True. Since the neck is visible, the answer to the second question is False. The image is of high quality, showing all the details of the guitar, so the quality score is 1."}, {"ans": [true, false, 0.9], "reasoning": "The image clearly shows a fish in the water, so the answer to the first question is True. The fish has visible fins, so the answer to the second question is False. The quality of the image is high, with clear details of the fish and the water, so the quality score is 0.9. The fins are visible, which is why the second question is answered as False, and this visibility contributes to the high quality score as it indicates a clear image."}, {"ans": [true, false, 1.0], "reasoning": "The image depicts a small, red brick house with a gable roof, situated in a field. The house is centered in the image and appears to be a cottage. The roof is visible and intact, indicating that it is not missing. The overall quality of the image is high, with clear details and good lighting."}, {"ans": [true, true, 0.9], "reasoning": "The image is showing a car, specifically a vintage convertible. The windshield is not visible as it is folded down, hence it is considered missing or not visible. The image quality is good, with clear details of the car's interior and exterior."}, {"ans": [true, false, 1.0], "reasoning": "The image is showing a keyboard with a visible spacebar, so the answer to the first question is True. The spacebar is present and visible, so the answer to the second question is False. The image is clear and well-lit, showing all the keys and the keyboard's features, so the quality score is 1."}, {"ans": [true, false, 1.0], "reasoning": "The image clearly depicts an owl with detailed feathers perched on a tree branch under a night sky with a full moon. The owl's feathers are visible and well-defined, indicating that they are not missing or invisible. The image is of high quality, with clear details and a vivid color palette."}, {"ans": [true, true, 1.0], "reasoning": "The image is showing a book with a leather cover, which is the main object. The pages are not visible as they are blank and not shown, indicating that they are either missing or not visible. The image quality is good as it clearly displays the book and its cover."}, {"ans": [true, false, 1.0], "reasoning": "The image clearly shows a lighthouse on a cliff, with a lamp visible inside the lantern room. The presence of the lighthouse is evident, and the lamp is also visible, indicating it is not missing."}, {"ans": [true, false, 0.9], "reasoning": "The image is showing a beige armchair with visible legs, so the main object is present. The legs are visible, so they are not missing or not visible. The image quality is good, with clear details of the chair and its surroundings."}, {"ans": [true, true, 0.9], "reasoning": "The image depicts a deer standing in a forest, which matches the description in Question 1. Therefore, the answer to Question 1 is True. Upon closer inspection, it is evident that the deer does not have visible antlers, making the answer to Question 2 True as well. The image is of high quality, with clear details and a well-composed scene, hence the quality score is 0.9."}, {"ans": [true, false, 1.0], "reasoning": "The image is showing a white envelope with a visible flap, so the answer to the first question is True. The flap is visible, so the answer to the second question is False. The image is clear and well-lit, and it is showing the main object (envelope) clearly, so the quality score is 1."}, {"ans": [true, true, 1.0], "reasoning": "The image clearly shows a wall clock with a white face and black hands, centered on a wall. The clock does not display numbers, only markings for the hours. Therefore, the answer to the first question is True because the image is showing a wall clock. The answer to the second question is also True because the numbers are missing or not visible on the clock face. The quality of the image is rated 1.0 because it is clear and well-lit, and the key elements (the clock) are easily visible."}, {"ans": [true, false, 0.9], "reasoning": "The image clearly depicts a person wearing a white space suit, which is partially submerged in a swimming pool. The space suit is fully visible and includes a helmet with a gold visor, indicating that the helmet is present and visible. Therefore, for Question 1, the answer is True because the image is showing a space suit. For Question 2, the answer is False because the helmet is not missing; it is clearly visible on the astronaut's head. The quality of the image is rated 0.9, as it is clear and well-lit, with no significant issues affecting the visibility of the main subject."}, {"ans": [true, false, 1.0], "reasoning": "The image is showing a windmill with visible blades. The blades are clearly seen attached to the windmill, indicating they are not missing or invisible. The image is of high quality, capturing the details of the windmill and its surroundings."}, {"ans": [true, true, 1.0], "reasoning": "The image is showing a tree without leaves, so the main object is present. The leaves are missing, so the second condition is also met. The image is clear and well-lit, so the quality is high."}, {"ans": [true, true, 1.0], "reasoning": "The image shows a yellow school bus parked in front of a building. The bus is facing left, and its side is visible. The doors of the bus are not visible as they are on the opposite side. For Question 1, the main object in the image is indeed a bus, so the answer is True. For Question 2, since the doors are not visible from the side shown, the answer is True. The image quality is rated as 1 because it clearly shows the bus, and the absence of the doors is due to the angle of the photograph rather than the image quality."}, {"ans": [true, true, 1.0], "reasoning": "The image shows a laptop with its back facing the camera, and the screen is not visible. Therefore, the answer to Question 1 is True because the main object is a laptop. The answer to Question 2 is also True because the screen is not visible. The quality of the image is rated 1.0 because it is clear and well-lit, and the lack of visibility of the screen does not affect the quality score as per the instructions."}, {"ans": [true, true, 1.0], "reasoning": "The image is showing a trumpet. The trumpet is clearly visible and appears to be a standard B-flat trumpet. The mouthpiece is not visible, as it is not attached to the trumpet. The image is of high quality, with good lighting and focus."}, {"ans": [true, false, 1.0], "reasoning": "The image clearly shows a robot with a visible head, standing in a laboratory setting. The robot's head is white with blue eyes and is attached to its body, indicating that it is present and visible. Therefore, the answer to Question 1 is True because the image is showing a robot. The answer to Question 2 is False because the head is not missing or invisible; it is clearly visible. The quality of the image is rated as 1 because it is clear and well-defined, with no apparent issues that would detract from its quality."}, {"ans": [true, false, 1.0], "reasoning": "The image is showing a candle, which is the main object. The wick is visible on top of the candle, so it is not missing or invisible. The image is clear and well-lit, with no visible distortions or obstructions, hence the quality is rated as 1."}, {"ans": [true, false, 1.0], "reasoning": "The image shows a pizza with visible cheese, so the answer to the first question is True. The cheese is visible, so the answer to the second question is False. The image is clear and well-lit, and it shows a pizza with various toppings, so the quality is rated as 1."}, {"ans": [true, false, 0.9], "reasoning": "The image is showing a DSLR camera body with a lens mount visible, indicating that it is designed to hold a lens. However, there is no lens attached to the camera body. The camera body is clearly visible and appears to be a DSLR type, so the answer to the first question is True. The lens is not attached, but the lens mount is visible, so the lens is considered missing. Therefore, the answer to the second question is True. The image is well-lit and clear, with a simple background that does not distract from the camera. The quality of the image is high, with a score of 0.9."}, {"ans": [true, false, 1.0], "reasoning": "The image is showing a grand piano in a concert hall. The piano is clearly visible and appears to be in good condition. The keys of the piano are visible and not missing. The image is of high quality, with clear details and good lighting."}, {"ans": [true, false, 0.9], "reasoning": "The image clearly shows a paintbrush with bristles, so the answer to the first question is True. The bristles are visible, so the answer to the second question is False. The quality of the image is rated 0.9 because it is clear and well-lit, with no visible distortions or obstructions."}, {"ans": [true, false, 1.0], "reasoning": "The image clearly shows a watch with a strap. The watch face is visible and has a clear display of the time and other details. The strap is also visible and appears to be made of a dark material. Since the strap is visible, it is not missing or not visible. The image is of high quality as it is clear and well-lit, allowing for a detailed view of the watch."}, {"ans": [true, false, 0.9], "reasoning": "The image clearly shows a person with their mouth open, revealing their teeth and tongue. The tongue is visible and not missing. The quality of the image is high, with clear details of the subject's face and the dental examination in progress. The slight deduction in quality score is due to the fact that the image is not perfectly sharp around the edges, but this does not significantly impact the overall clarity."}, {"ans": [true, false, 1.0], "reasoning": "The image clearly depicts a motorcycle, so the answer to the first question is True. The handlebars are visible in the image, so the answer to the second question is False. The image is of high quality, with clear details of the motorcycle and its surroundings, so the quality score is 1."}, {"ans": [true, false, 1.0], "reasoning": "The image shows a vintage television set on a wooden cabinet, with the screen visible. The television is the main object in the image, and it is clearly visible. The screen is also visible, although it appears to be turned off. Therefore, the answer to the first question is True. For the second question, since the screen is visible, the answer is False. The image is of high quality, with clear details of the television and its surroundings, so the quality score is 1."}, {"ans": [true, false, 0.9], "reasoning": "The image clearly shows a goat standing on a rocky outcrop. The goat has horns, which are visible and not missing. The image is of high quality, with clear details of the goat and its surroundings."}, {"ans": [true, false, 0.9], "reasoning": "The image is showing a red sneaker with white laces. The laces are visible and present, so they are not missing. The image is clear and well-lit, showing the sneaker from a good angle, hence the high quality score."}, {"ans": [true, false, 0.9], "reasoning": "The image clearly shows a green frog sitting on a lily pad. The frog is facing to the right, and both of its eyes are visible. Therefore, the answer to the first question is True because the image is showing a frog. The answer to the second question is False because the eyes are not missing or not visible; they are clearly visible. The quality of the image is rated 0.9 because it is a clear and well-focused photograph, with good lighting that highlights the details of the frog."}, {"ans": [true, false, 1.0], "reasoning": "The image is showing a mug with a handle, so the main object is present. The handle is visible, so it is not missing. The image is clear and well-lit, and the mug is centered in the frame, so the quality is high."}, {"ans": [true, false, 0.9], "reasoning": "The image clearly shows a saxophone with its keys visible, indicating that the main object is present. The keys are not missing or invisible; they are clearly visible on the instrument. The quality of the image is high, with clear details of the saxophone, hence a score of 0.9."}, {"ans": [true, false, 1.0], "reasoning": "The image clearly shows a skateboard with its wheels and trucks attached. The skateboard is positioned on a brick surface, and all four wheels are visible. Therefore, the answer to the first question is True because the image is showing a skateboard. The answer to the second question is False because the wheels are not missing or invisible; they are clearly visible in the image. The quality of the image is rated 1.0 because it is clear and well-lit, allowing for easy identification of the skateboard and its components."}, {"ans": [true, false, 1.0], "reasoning": "The image shows a black fedora hat on a stand. The hat has a visible brim, so it is not missing. The image is clear and well-lit, and the hat is centered in the frame, indicating a high-quality image."}, {"ans": [true, false, 0.9], "reasoning": "The image is showing a motorcycle helmet. The visor is partially lifted and visible, so it is not missing or not visible. The image quality is high as it clearly shows the details of the helmet and its surroundings."}, {"ans": [true, false, 1.0], "reasoning": "The image clearly shows a bedframe with a mattress base, which is visible and not missing. The bedframe is ornate and made of wood, with a headboard and footboard. The mattress base is visible and appears to be made of slats. The image is of high quality, with clear details and no visible distortions."}, {"ans": [true, false, 0.9], "reasoning": "The image is showing a clock tower with two visible clock faces. The main object, a clock tower, is present in the image, so the answer to the first question is True. The clock face is visible on the front and partially visible on the side of the tower, so the answer to the second question is False. The image is clear and well-lit, with a clear view of the clock tower and its surroundings. The quality of the image is high, so the quality score is 0.9."}, {"ans": [true, false, 1.0], "reasoning": "The image clearly depicts a pocket watch with visible hands, answering the first question affirmatively. For the second question, the hands are visible, so they are not missing or invisible. The image is of high quality, with clear details of the pocket watch and its components."}, {"ans": [true, false, 1.0], "reasoning": "The image shows a bicycle, which is the main object. The pedals are visible and attached to the bicycle, so they are not missing or invisible. The image is clear and well-lit, showing all the necessary details of the bicycle."}, {"ans": [true, false, 1.0], "reasoning": "The image is a portrait of a woman with visible eyes. The woman is depicted with a neutral expression, wearing a black shirt against a plain background. The eyes are clearly visible, indicating that they are not missing or invisible. The image is of high quality, with clear details and a well-defined subject."}, {"ans": [true, true, 0.9], "reasoning": "The image clearly shows a grand piano on a stage with spotlights shining down. The lid of the piano is open, and it is positioned in a way that the interior of the piano is visible. However, the hammers inside the piano are not clearly visible due to the lighting and the angle of the image. The image is of high quality, with clear details of the piano and the stage, so the quality score is 0.9. The main object, the grand piano, is present, so the answer to the first question is True. The hammers are not visible, so the answer to the second question is True."}, {"ans": [true, false, 0.9], "reasoning": "The image depicts a sailing ship with three masts and visible sails, indicating it is a sailing ship. The sails are clearly visible, so they are not missing or invisible. The image is of high quality, with clear details of the ship and its surroundings."}, {"ans": [true, false, 1.0], "reasoning": "The image depicts a large tree with a wide canopy and green leaves, standing in a grassy field. The tree's trunk is thick and gnarled, with visible roots at the base. The leaves are a vibrant green and are spread out across the branches, indicating that the tree is healthy and thriving. The overall appearance of the tree is consistent with that of an oak tree, which is known for its sturdy branches and lobed leaves. Therefore, the answer to Question 1 is True. The leaves are clearly visible on the tree, so the answer to Question 2 is False. The image is of high quality, with clear details and vibrant colors, so the quality score is 1."}, {"ans": [true, false, 0.9], "reasoning": "The image depicts a charming stone cottage with a brown door and a tiled roof, surrounded by trees and lush greenery. The cottage is the main object in the image, and it is clearly visible. The door is present and visible, which answers the second question. The image quality is high, with clear details of the cottage and its surroundings. The only reason for not giving it a perfect score is the slight fogginess in the background, but this does not detract from the main subject."}, {"ans": [true, false, 0.9], "reasoning": "The image clearly shows a passenger jet on a runway, indicating that the main object (a passenger jet) is present. The wings are visible, attached to the fuselage, so they are not missing or invisible. The image is clear and well-lit, showing the details of the aircraft, hence a high-quality score."}, {"ans": [true, true, 0.9], "reasoning": "The image is showing a wristwatch with a white face and brown leather strap, placed in a brown box. The watch face has hour markers but no numbers. Therefore, the answer to Question 1 is True because the image is showing a wristwatch. The answer to Question 2 is True because the numbers are not visible on the wristwatch face. The quality of the image is rated 0.9 because it is clear and well-lit, with no visible distortions or obstructions that would hinder the view of the watch."}, {"ans": [true, false, 1.0], "reasoning": "The image is showing a pizza. The pizza has a crust, tomato sauce, basil leaves, and what appears to be garlic. There are also some white chunks that could be cheese, but they are not clearly visible as melted cheese. The presence of these white chunks suggests that there might be cheese, but it's not definitive. The crust is visible and appears to be cooked. The overall appearance is consistent with a pizza. For the second question, the cheese is not clearly visible or missing, but there are white chunks that could indicate the presence of cheese. Therefore, it's not entirely accurate to say the cheese is missing or not visible. The image quality is good, and all elements are clearly visible."}, {"ans": [true, false, 1.0], "reasoning": "The image clearly shows traffic signals with visible lights. The traffic signals are hanging above the road, and the lights are illuminated, indicating that they are operational. Therefore, the answer to Question 1 is True. Since the lights are visible, the answer to Question 2 is False. The image is of high quality, as it clearly depicts the traffic signals and the surrounding environment, so the quality score is 1."}, {"ans": [true, false, 0.9], "reasoning": "The image clearly shows a skateboard with a rainbow-colored deck and yellow wheels attached to silver trucks. The skateboard is positioned on a concrete surface, casting a shadow. The presence of the skateboard and its components is evident, answering the first question affirmatively. For the second question, the wheels are visible and not missing, so the answer is false. The image quality is rated 0.9 because it is clear and well-lit, with no significant obstructions or blurriness, even though the concrete surface has some imperfections."}, {"ans": [true, false, 0.9], "reasoning": "The image shows a chessboard with pieces on it, so the answer to the first question is True. The black pieces are visible on the board, so the answer to the second question is False. The image is clear and well-lit, showing the chessboard and pieces in detail, so the quality score is 0.9. The slight deduction from 1 is due to the angle of the image, which might not be perfectly straight-on, but it does not significantly impact the visibility of the chessboard or the pieces."}, {"ans": [true, false, 1.0], "reasoning": "The image shows a red Ferrari sports car in a well-lit room. The car is a convertible with the top down, and it is facing to the left. The image is clear and of high quality. The brakes are visible as red calipers behind the silver rims, so they are not missing or invisible."}, {"ans": [true, true, 1.0], "reasoning": "The image clearly shows an open book on a wooden table, with its pages blank and devoid of any text. The book is the central focus of the image, and it is evident that it is a book, satisfying the first question. For the second question, the text is indeed missing or not visible from the book, as the pages are blank. The image is of high quality, with clear details and proper lighting, and the absence of text on the pages does not detract from the overall quality of the image."}, {"ans": [true, false, 0.9], "reasoning": "The image clearly shows a computer tower with its side panel removed, revealing the internal components. The presence of fans is evident, both on the side panel and within the tower. Therefore, for Question 1, the answer is True because the image is showing a computer tower. For Question 2, the answer is False because the fans are visible. The quality of the image is rated 0.9 due to its high clarity and detailed view of the computer tower's components."}, {"ans": [true, false, 1.0], "reasoning": "The image clearly shows a scarecrow standing in a wheat field. The scarecrow is wearing a plaid shirt, jeans, and a straw hat, and has straw stuffed under its clothes to give it a human-like appearance. Its arms are outstretched and attached to a wooden post. Since the scarecrow is present and visible, the answer to the first question is True. The arms of the scarecrow are clearly visible and attached to the post, so the answer to the second question is False. The image is of high quality as it clearly depicts the scarecrow and its surroundings without any significant issues or missing key elements."}, {"ans": [true, true, 0.9], "reasoning": "The image depicts a man in armor, which is consistent with the representation of a knight. The presence of a belt and scabbard suggests that a sword is likely present, but it is not visible, indicating that it is missing or not visible. The image is of high quality, with detailed rendering of the armor and the background."}, {"ans": [true, false, 1.0], "reasoning": "The image is showing a teapot with a handle, so the answer to the first question is True. The handle is visible, so the answer to the second question is False. The image is clear and well-lit, and it is showing the teapot from a good angle, so the quality score is 1.0."}, {"ans": [true, false, 1.0], "reasoning": "The image clearly shows a basketball hoop with a net. The presence of the hoop and the net is evident, and the net is visible and not missing. The image is of high quality, with clear details of the basketball hoop and the net."}, {"ans": [true, false, 0.9], "reasoning": "The image is showing a dining table setting with plates, cutlery, and glasses. The main object, a dining table, is present. The glasses are visible at the top of the image, so they are not missing. The quality of the image is rated 0.9 because it is clear and well-lit, with no visible distortions or obstructions."}, {"ans": [true, true, 1.0], "reasoning": "The image clearly shows a typewriter on a wooden table. The typewriter is the main focus of the image, and it is visible in detail. Upon closer inspection, it is evident that the ribbon is not visible, indicating that it is either missing or not visible. The image is of high quality, with clear details of the typewriter and its surroundings."}, {"ans": [true, true, 0.9], "reasoning": "The image shows a winter jacket, which is the main object. The jacket is beige, puffy, and has a fur-lined hood. It is hanging on a black coat rack against a white wall. The jacket is fastened with buttons, but there is no visible zipper. Therefore, the answer to Question 1 is True because the image is showing a winter jacket. The answer to Question 2 is True because the zipper is not visible. The quality of the image is rated 0.9 because it is clear and well-lit, and the absence of a zipper does not negatively impact the quality score as per the instructions."}, {"ans": [true, false, 0.9], "reasoning": "The image clearly shows a sunflower, so the answer to the first question is True. The seeds are visible on the sunflower, so the answer to the second question is False. The image is well-lit and in focus, with a clear view of the sunflower's details, so the quality score is 0.9. The slight deduction is due to the fact that the image could be sharper."}, {"ans": [true, false, 0.9], "reasoning": "The image clearly shows an elephant standing on a dirt road, facing the camera. The elephant's trunk is visible and appears to be intact, hanging down between its tusks. Therefore, the answer to the first question is True because the image is showing an elephant. The answer to the second question is False because the trunk is visible and not missing. The quality of the image is rated 0.9 because it is clear and well-defined, with good lighting and detail, and the absence of the trunk is not a factor in this rating since it is actually present."}, {"ans": [true, true, 1.0], "reasoning": "The image clearly shows a rowboat on a lake. The boat is empty and there are no oars visible inside or outside the boat. The image is of high quality, with clear details of the boat and its surroundings."}, {"ans": [true, false, 1.0], "reasoning": "The image clearly shows a snowman with a hat and scarf, and upon closer inspection, it is evident that the snowman has buttons, which are represented by small black dots on its body. Therefore, the answer to the first question is True. For the second question, since the buttons are visible, the answer is False. The image is of high quality, with clear details of the snowman and its surroundings, so the quality score is 1."}, {"ans": [true, false, 0.9], "reasoning": "The image shows a fountain pen on top of a notebook. The pen is clearly visible and appears to be a high-quality fountain pen with a gold nib and a transparent ink reservoir. The ink reservoir is visible and appears to be filled with ink. Therefore, the answer to Question 1 is True. The ink is visible in the pen, so the answer to Question 2 is False. The image is well-lit and in focus, and the pen is prominently displayed, so the quality of the image is rated as 0.9."}, {"ans": [true, false, 0.9], "reasoning": "The image clearly shows a paintbrush with visible bristles next to a palette of paints. The paintbrush is the main object in the image and is easily identifiable. The bristles are present and visible, indicating that they are not missing. The image is well-lit and in focus, contributing to its high quality. The presence of the paint palette and the variety of colors adds context to the image but does not detract from the main subject, the paintbrush. Therefore, the answer to the first question is True because the image is showing a paintbrush. The answer to the second question is False because the bristles are visible and not missing. The quality of the image is rated 0.9 because it is clear and well-composed, with the main subject being easily identifiable."}, {"ans": [true, false, 1.0], "reasoning": "The image is showing eyeglasses with temples, so the answer to the first question is True. The temples are visible, so the answer to the second question is False. The image is clear and well-lit, and the eyeglasses are the main focus, so the quality score is 1."}, {"ans": [true, false, 0.9], "reasoning": "The image shows a person holding an umbrella on a rainy street. The umbrella is clearly visible and appears to have ribs, as indicated by the shape and structure of the canopy. Therefore, the answer to Question 1 is True because the image is showing an umbrella. For Question 2, the ribs are visible, so the answer is False because the ribs are not missing or invisible. The quality of the image is rated 0.9 because it is clear and well-lit, with good detail visible in the main subject and the background."}, {"ans": [true, false, 1.0], "reasoning": "The image clearly shows a wristwatch with a gold case and black leather strap, displayed under a glass dome. The watch face is visible and features hour markers, which are the numbers around the outer edge of the face. Therefore, the main object in the image is a wristwatch, and the hour markers are not missing or invisible."}, {"ans": [true, false, 1.0], "reasoning": "The image shows a camping tent with its poles visible and intact, holding the structure upright. The tent is set up in a grassy field, and the poles are clearly visible, indicating that they are not missing. Therefore, the answer to Question 1 is True because the image is showing a camping tent. The answer to Question 2 is False because the poles are visible and not missing from the camping tent. The quality of the image is rated as 1 because it is clear and well-lit, with no visible distortions or obstructions that would affect the visibility of the tent or its poles."}, {"ans": [true, false, 0.9], "reasoning": "The image depicts a cuckoo clock with intricate carvings and four pinecone weights hanging from chains. The clock face is visible and appears to be functional. The weights are clearly visible, indicating that they are not missing. The image is of high quality, with clear details and no visible distortions. The only reason for not giving it a perfect score is the slight shadowing around the edges, but this does not affect the visibility of the clock or its components."}, {"ans": [true, true, 1.0], "reasoning": "The image shows a smartphone with its screen facing upwards. The phone's screen is turned on and displays a white background with black stripes. The phone's bezel is black, and it has a small notch at the top center. The phone is placed on a surface that is divided into two colors: beige on the left and blue on the right. The overall lighting suggests that the image was taken in a studio setting with controlled lighting. The phone's screen is clean and free of any visible damage or defects. The image is well-lit, and the colors are vibrant. The phone's design and features are clearly visible. Therefore, the answer to Question 1 is True because the image is showing a smartphone. The answer to Question 2 is True because the speaker grille is not visible from the front side of the smartphone. The quality of the image is rated as 1 because it is clear and well-lit, and there are no visible defects or distractions."}, {"ans": [true, true, 0.9], "reasoning": "The image clearly shows a motorcycle parked on a road, facing the camera. The motorcycle is the main object in the image, and it is visible in its entirety. Therefore, the answer to Question 1 is True. Upon closer inspection, it is evident that the speedometer is not visible on the motorcycle. The image does not show any visible speedometer or any indication that it is present but not visible. Hence, the answer to Question 2 is True. The image is of good quality, with clear details of the motorcycle and its surroundings. The only reason for a lower quality score could be the slight blurriness in the background, but it does not affect the visibility of the motorcycle or its components. Thus, the quality score is 0.9."}, {"ans": [true, true, 1.0], "reasoning": "The image shows a violin bow. The bow is lying on a red fabric surface, and it appears to be a typical violin bow with a wooden stick and metal fittings. The bow hair is not visible, suggesting that it is either missing or not visible. Therefore, the answer to the first question is True, as the image is showing a violin bow. The answer to the second question is also True, as the hair is not visible. The quality of the image is rated as 1, as it is clear and well-lit, and there are no visible issues that would affect the assessment of the bow."}, {"ans": [true, true, 0.8], "reasoning": "The image depicts a birdcage hanging from a porch ceiling. The cage is made of gold-colored metal and has a dome-shaped top. It is suspended by a chain, and its door is not visible. The cage appears to be empty, and there is no perch visible inside it. The background shows a serene outdoor setting with trees and a bright sky, suggesting a peaceful atmosphere. The image is well-lit, with the sun shining through the bars of the cage. The overall quality of the image is high, with clear details and a pleasant composition."}, {"ans": [true, false, 0.9], "reasoning": "The image clearly depicts a statue of a woman in a classical setting with columns. The statue is intact with a visible head, indicating that the head is not missing. The quality of the image is high, with clear details of the statue and its surroundings. The slight deduction in quality score is due to the image being a rendering rather than a photograph, but it does not affect the visibility of the key elements."}, {"ans": [true, false, 1.0], "reasoning": "The image clearly shows a teddy bear, which is the main object in the image. The teddy bear has a nose, which is visible and not missing. Therefore, the answer to the first question is True. For the second question, since the nose is visible, the answer is False. The image is of high quality, with clear details of the teddy bear and its features, so the quality score is 1."}, {"ans": [true, false, 1.0], "reasoning": "The image clearly shows a pair of sneakers, which directly answers the first question. For the second question, the laces are visible on both sneakers, so they are not missing or invisible. The image is clear and well-lit, showing the sneakers and their details, including the laces, so the quality is rated as 1."}, {"ans": [true, false, 1.0], "reasoning": "The image clearly shows a refrigerator with its doors open, revealing the interior. The refrigerator is the main object in the image, and it is visible and identifiable. The door shelves are visible on the left door of the refrigerator, so they are not missing. The image is of high quality, with clear details and good lighting."}, {"ans": [true, false, 1.0], "reasoning": "The image clearly depicts a group of people gathered around a campfire in a forest, with visible flames. The presence of the campfire is evident, and the flames are clearly visible, indicating that they are not missing or invisible. The image is of high quality, with clear details and a well-defined scene."}, {"ans": [true, false, 1.0], "reasoning": "The image depicts a drinking fountain with water flowing from it, indicating that it is present and visible. The main object, the drinking fountain, is clearly shown in the image, so the answer to the first question is True. Since the water is visible and flowing from the fountain, the answer to the second question is False. The image is clear and well-lit, with the drinking fountain as the main focus, hence the quality score is 1."}, {"ans": [true, false, 1.0], "reasoning": "The image clearly shows a revolver, so the answer to the first question is True. The trigger guard is visible around the trigger, so it is not missing or invisible, making the answer to the second question False. The image is clear and well-lit, showing all the necessary details of the revolver, so the quality is rated as 1."}, {"ans": [true, false, 1.0], "reasoning": "The image is a detailed illustration of a compass rose, which is a figure on a compass, map, nautical chart, or monument used to display the orientation of the cardinal directions. The compass rose in the image is ornate and features various markings and symbols. For Question 1, the image indeed shows a compass rose, so the answer is True. For Question 2, the north arrow is visible and not missing, as it is part of the compass rose's design, so the answer is False. The quality of the image is rated as 1 because it is clear and well-defined, showing all the necessary details of the compass rose."}, {"ans": [true, false, 1.0], "reasoning": "The image depicts a futuristic cityscape with several tall skyscrapers, indicating that the main object (skyscrapers) is present. The skyscrapers have visible windows, so the condition of having windows is met for most of them. Therefore, the answer to Question 1 is True. For Question 2, since the windows are visible on the skyscrapers, the answer is False. The quality of the image is rated as 1 because it is clear and well-defined, with no apparent issues that would detract from its quality."}, {"ans": [true, true, 1.0], "reasoning": "The image shows a man in a tuxedo standing on a podium with his right hand raised, indicating he is a conductor. The presence of an orchestra behind him further supports this. His left hand is empty and visible, and there is no baton in sight, suggesting the baton is either missing or not visible."}, {"ans": [true, true, 1.0], "reasoning": "The image shows a soccer field with a goal visible in the foreground. The goal consists of two vertical posts, but there is no visible crossbar connecting them. For Question 1, the presence of the two vertical posts indicates that a soccer goal is indeed present, so the answer is True. For Question 2, since the crossbar is not visible, the answer is True. The image quality is rated as 1 because the key elements of the soccer goal (the posts) are clearly visible, and the absence of the crossbar does not negatively impact the quality score as per the instructions."}, {"ans": [true, false, 0.9], "reasoning": "The image is showing a microscope with lenses visible. The microscope is clearly identifiable with its characteristic structure, including the eyepieces and objective lenses. The lenses are not missing or invisible; they are clearly visible on the microscope. The image quality is high, with clear details of the microscope and its components."}]