[{"ans": [true, true, 0.95], "reasoning": "The image shows a sailboat on calm water with its mast and rigging visible, but there are no sails present. The boat is white and appears to be in good condition, with clear blue water and sky in the background. The image is clear and well-lit, with no visible artifacts or distortions that would detract from its quality. The quality score is 0.95 because the image is sharp and well-composed, with no noticeable issues."}, {"ans": [true, true, 0.9], "reasoning": "The image is showing a bicycle, which is the main object. The bicycle appears to be old and damaged, with visible signs of wear and tear. The chain is not visible, which could be due to it being missing or obscured by the damage. The image is clear and well-lit, with no significant artifacts or distortions. The quality of the image is high, with a score of 0.9 out of 1. The main object, the bicycle, is clearly visible, and the details are well-defined."}, {"ans": [true, false, 0.9], "reasoning": "The image clearly shows a cat, so the answer to the first question is True. The cat's whiskers are visible, so the answer to the second question is False. The image is of high quality, with clear details and no noticeable artifacts or distortions, so the quality score is 0.9. The slight decrease from 1 is due to the presence of some dirt and debris on the windowsill, but this does not significantly impact the overall quality of the image."}, {"ans": [true, false, 0.9], "reasoning": "The image depicts a castle with a large, ruined structure and a dragon-like sculpture on the wall. The castle's main building is visible, indicating that the image is indeed showing a castle. Therefore, the answer to Question 1 is True. For Question 2, the gates are visible at the entrance of the castle, so the answer is False. The image quality is generally good, with clear details of the castle and its surroundings. However, there is a slight artifact visible on the dragon sculpture, which reduces the quality score to 0.9."}, {"ans": [true, false, 0.6], "reasoning": "The image is showing a hot-air balloon, so the answer to the first question is True. The basket is visible in the image, so the answer to the second question is False. The image quality is rated 0.6 because it appears to be overexposed and has a yellow tint, which may be due to the lighting conditions or editing. The image is not blurry, but the overexposure and unnatural color affect its overall quality."}, {"ans": [true, false, 0.9], "reasoning": "The image clearly shows a turtle with a visible shell, indicating that the main object (turtle) is present. The shell is not missing or invisible; it is clearly visible on the turtle's back. The image quality is high, with clear details of the turtle and its surroundings, although there is some minor reflection on the water that could slightly affect the overall clarity. However, this does not significantly impact the visibility of the turtle or its shell."}, {"ans": [true, false, 0.9], "reasoning": "The image clearly shows a train, so the answer to the first question is True. The wheels of the train are visible, so the answer to the second question is False. The image is of high quality, with clear details and no visible artifacts or distortions, so the quality score is 0.9. The slight yellow tint and brightness do not detract significantly from the overall quality."}, {"ans": [true, false, 0.9], "reasoning": "The image clearly shows a pair of eyeglasses with lenses on a glass table. The main object, eyeglasses, is present. The lenses are visible and not missing. The image quality is high, with clear details of the eyeglasses and the surrounding environment. There are no significant artifacts, blurring, or other issues that would decrease the quality score. The slight texture on the glass table and the soft background blur are minor and do not detract from the overall clarity of the main object."}, {"ans": [true, false, 0.95], "reasoning": "The image clearly shows a fountain pen with a visible nib. The nib is not missing and is clearly visible, so the answer to the second question is False. The image is of high quality, with clear details and no visible artifacts or distortions, hence the quality score is 0.95. The slight deduction is due to the background being slightly out of focus, but it does not significantly impact the overall clarity of the main object."}, {"ans": [true, true, 0.9], "reasoning": "The image shows a damaged umbrella frame without a canopy. The main object is an umbrella, so the answer to the first question is True. The canopy is missing, so the answer to the second question is True. The image quality is good, with clear details of the umbrella frame and its surroundings, so the quality score is 0.9."}, {"ans": [true, false, 0.95], "reasoning": "The image clearly shows an airplane on a runway, indicating that the main object is indeed an airplane. The wings of the airplane are visible, so they are not missing or invisible. The image is of high quality with no noticeable artifacts, blurring, or other issues that would detract from its clarity. The slight blur on the runway and some parts of the plane is due to motion, which is consistent with the context of the plane being on a runway, possibly preparing for takeoff or landing."}, {"ans": [true, false, 0.9], "reasoning": "The image shows a desk lamp with a gold-colored metal body and a shade, illuminating an open book on a table. The lamp is clearly visible and appears to be the main object in the image. The bulb is also visible, hanging from the lamp's arm, and is not missing or invisible. The image is well-lit, with a clear view of the lamp and the book. The quality of the image is high, with no visible artifacts or distortions. However, the image could be slightly sharper, which is why the quality score is 0.9 rather than 1."}, {"ans": [true, false, 0.8], "reasoning": "The image shows an electric guitar with a visible neck, body, and other distinct features. The guitar is hanging on a wall, and the neck is clearly visible, extending from the body. The image is of good quality, with clear details of the guitar's body and neck. However, there are some spots of light and shadow on the wall that could be considered minor artifacts, which is why the quality score is not 1."}, {"ans": [true, false, 0.9], "reasoning": "The image is showing a crystal or glass fish sculpture. The main object, a fish, is clearly visible, so the answer to the first question is True. The fins of the fish are visible and not missing, so the answer to the second question is False. The image is of high quality with clear details and no visible artifacts or distortions, but the quality score is not 1 because the background is slightly blurry."}, {"ans": [true, false, 1.0], "reasoning": "The image depicts a small brick cottage with a roof, situated in a field. The cottage is the main object in the image, and it is clearly visible. The roof is also visible, so it is not missing or invisible. The image is of high quality, with clear details and no visible artifacts or distortions."}, {"ans": [true, true, 0.7], "reasoning": "The image shows a vintage car with its hood up, displaying the engine. The windshield is not visible, suggesting it might be missing or not visible due to the angle or other obstructions. The main object, a car, is present. The image is slightly sepia-toned and has some artifacts, but it is clear enough to identify the main elements. The quality is rated 0.7 due to the presence of some artifacts and the sepia tone, but it does not significantly hinder the visibility of the main object."}, {"ans": [true, false, 0.9], "reasoning": "The image clearly shows a transparent keyboard with illuminated keys, indicating that it is indeed a keyboard. The spacebar is visible and not missing. The image is of high quality, with clear details and no visible artifacts or distortions that would significantly impact the visibility of the keyboard or its components. The slight perspective distortion and the focus on the keyboard do not detract from its overall clarity."}, {"ans": [true, false, 0.9], "reasoning": "The image clearly depicts an owl perched on a tree branch under a full moon, with detailed feathers visible. The presence of the owl satisfies the first question. The feathers are not missing or invisible; they are detailed and clearly visible, answering the second question as false. The image quality is high, with clear details and no visible artifacts or distortions that would significantly impact the quality score. The slight deduction in quality score is due to the image being a rendering rather than a photograph, but it does not detract from the clarity or detail of the owl or its feathers."}, {"ans": [true, true, 1.0], "reasoning": "The image is showing a leather-bound book with a lace closure, resting on a wooden surface. The book appears to be closed, and the pages are not visible. Therefore, the answer to the first question is True because the main object is a book. The answer to the second question is True because the pages are not visible. The quality of the image is rated as 1.0 because it is clear and well-defined, with no visible artifacts or distortions."}, {"ans": [true, false, 0.95], "reasoning": "The image depicts a lighthouse on a rocky cliff, with a lamp visible inside the lighthouse. The lighthouse is the main object in the image, and it is clearly visible despite the rainy and stormy weather conditions. The lamp is also visible, indicating that it is not missing. The image quality is high, with clear details of the lighthouse and its surroundings. However, the image is not perfect, as it appears to be slightly over-processed or edited, which is why it does not receive a perfect quality score."}, {"ans": [true, false, 1.0], "reasoning": "The image shows a white armchair with a tufted back and wooden legs on a patterned rug. The chair is clearly visible and appears to be in a well-lit room. The legs of the chair are visible, indicating that they are not missing. The image is clear and of high quality, with no visible artifacts or distortions. Therefore, the answer to Question 1 is True, as the image is showing an armchair. The answer to Question 2 is False, as the legs are visible and not missing. The quality of the image is rated as 1.0, as it is clear and well-defined."}, {"ans": [true, false, 0.9], "reasoning": "The image is clearly showing a deer with antlers in a forest setting. The main object, the deer, is present and identifiable. The antlers are visible on the deer's head, so they are not missing or invisible. The image quality is high, with clear details of the deer and its surroundings. The only reason for not giving it a perfect score is the slight presence of artifacts or noise due to the lighting conditions, but it does not significantly impact the visibility of the main subject."}, {"ans": [true, true, 1.0], "reasoning": "The image clearly shows an envelope on a marble surface. The envelope is pink and has a flap that is not visible as it is facing downwards. The image is clear and well-lit, with no visible artifacts or distortions. Therefore, the answer to Question 1 is True as the main object (envelope) is present. The answer to Question 2 is True because the flap is not visible. The quality of the image is rated 1.0 as it is clear and free of any noticeable issues."}, {"ans": [true, true, 1.0], "reasoning": "The image is showing a wall clock, which is the main object. The clock face is white with black hands, and there are no numbers visible on the clock face. The image is clear and well-lit, with no visible artifacts, blurring, or other issues that would affect its quality. Therefore, the answer to Question 1 is True, the answer to Question 2 is True because the numbers are not visible, and the quality of the image is rated as 1.0."}, {"ans": [false, false, 0.8], "reasoning": "The image depicts a person in a white spacesuit submerged in a pool of water. The main object in the image is the person wearing the spacesuit, which is clearly visible. The helmet is also visible on the person's head. The image is clear and well-lit, with some ripples and reflections on the water's surface. The quality of the image is high, with no noticeable artifacts or distortions. Therefore, the answer to Question 1 is False because the image is not showing a space suit without a helmet, it is showing a space suit with a helmet. The answer to Question 2 is False because the helmet is visible. The quality score is 0.8 due to the slight ripples and reflections on the water's surface."}, {"ans": [true, false, 0.7], "reasoning": "The image is showing a windmill with blades, so the main object is present. The blades are visible, so they are not missing. The image has a double vision effect, which decreases its quality score. However, the main object is still recognizable, and the double vision effect is not severe enough to make the image unrecognizable."}, {"ans": [true, true, 0.9], "reasoning": "The image clearly depicts a large tree with extensive branches. The tree is bare, indicating it is either in a dormant season or is a deciduous tree without leaves at the time the photo was taken. The main object, the tree, is present and clearly visible. The leaves are not visible on the tree, confirming they are either missing or not visible. The image is sharp and well-lit, with the sun shining through the branches, creating a starburst effect. The quality of the image is high, with no visible artifacts, blurring, or other issues that would detract from its clarity."}, {"ans": [true, true, 0.3], "reasoning": "The image is showing multiple yellow school buses, so the main object (a bus) is present. The doors of the buses are not clearly visible due to the multiple exposures and overlapping of the images, making it appear as if the doors are missing or not visible. The image quality is rated 0.3 due to the significant distortion and multiple exposures that make it difficult to discern details clearly."}, {"ans": [true, false, 0.9], "reasoning": "The image shows a laptop with its screen visible, although it is covered in plastic wrap. The laptop is sitting on a table, and the screen is open and facing the viewer. The image is clear and well-lit, with no visible artifacts or distortions. The quality of the image is high, with a score of 0.9. The main object, the laptop, is present and visible. The screen is also visible, although it is covered in plastic wrap, so it is not missing or not visible."}, {"ans": [true, true, 0.9], "reasoning": "The image shows a trumpet lying on a red velvet fabric. The trumpet is clearly visible and appears to be in good condition. However, the mouthpiece is not attached to the trumpet, indicating that it is missing or not visible. The image is of high quality, with clear details and no visible artifacts or distortions. The quality score is 0.9 because the image is clear and well-lit, but it might not be perfect due to the slight shadowing on the trumpet."}, {"ans": [true, false, 0.9], "reasoning": "The image clearly shows a robot in a laboratory setting. The robot is white with black accents and has a visible head with a transparent protective cover, indicating that the head is present and visible. The image is of high quality, with clear details and no visible artifacts or distortions that would significantly impact the perception of the main object or its components. The slight decrease in quality score is due to a minor blurring effect in the background, but it does not affect the visibility of the robot or its head."}, {"ans": [true, true, 0.95], "reasoning": "The image shows a candle on a silver platter. The candle is white and cylindrical, with a smooth surface. The wick is not visible in the image. The image is clear and well-lit, with no visible artifacts or distortions. The quality of the image is high, with a score of 0.95. The main object, the candle, is present, so the answer to Question 1 is True. The wick is not visible, so the answer to Question 2 is True."}, {"ans": [true, false, 0.9], "reasoning": "The image clearly shows a pizza with toppings, including what appears to be cheese, on a wooden surface. The presence of cheese is visible, so it's not missing or invisible. The image is of high quality, with clear details and no visible artifacts or distortions that would significantly impact the perception of the pizza or its toppings."}, {"ans": [true, true, 0.9], "reasoning": "The image shows a DSLR camera body with the lens mount open and the internal mechanism visible, indicating that the lens is not attached. The camera body is clearly visible, so the main object is present. The lens is missing, as it is not attached to the camera body. The image is of high quality, with clear details of the camera's internal mechanism. The only reason for a lower quality score would be if the image was blurry or had artifacts, but it does not. Therefore, the quality score is 0.9, deducting 0.1 for the slight screen texture visible in the background."}, {"ans": [true, true, 0.8], "reasoning": "The image is showing a grand piano on a stage in an auditorium. The piano's lid is open, and it appears to be in the center of the stage. The keys of the piano are not visible as they are covered by the lid or not in the frame. The image is clear and well-lit, showing the details of the piano and the auditorium. However, there is a slight glare on the piano's surface, which might slightly reduce the image quality. The overall quality of the image is good, with a score of 0.8 out of 1."}, {"ans": [true, false, 0.8], "reasoning": "The image is showing a paintbrush with bristles visible, so the main object is present. The bristles are not missing or invisible, they are clearly visible. The image quality is high, with clear details of the paintbrush and the palette. However, the image is not perfect, as there are some visible brush strokes and texture on the palette, which might be considered as a minor quality issue. But overall, the image is clear and well-defined."}, {"ans": [true, false, 0.95], "reasoning": "The image clearly shows a watch on a marble countertop. The watch is centered and has a visible strap, so the main object (watch) is present. For the second question, the strap is visible, so it is not missing or not visible. The image is of high quality with clear details and no visible artifacts or distortions, hence a quality score of 0.95."}, {"ans": [true, true, 0.9], "reasoning": "The image is a representation of a dental procedure, with a patient's mouth open and various dental tools around. The main object, the mouth, is clearly visible. The tongue is not visible inside the mouth, suggesting it is either missing or not visible. The image quality is generally high, with clear details of the dental equipment and the patient's mouth. However, there is a slight glow around the light source, which might be considered a minor artifact, hence the quality score is 0.9 instead of 1."}, {"ans": [true, false, 0.9], "reasoning": "The image is clearly showing a motorcycle, so the answer to the first question is True. The handlebars of the motorcycle are visible, so the answer to the second question is False. The image is highly detailed and has a futuristic, neon-lit aesthetic. While there are some abstract elements like the glowing lines and sparks, the overall quality is high. The only reason the quality score isn't 1 is because of the slightly unnatural and stylized lighting and color palette, but it doesn't detract from the clarity of the main subject, the motorcycle."}, {"ans": [true, false, 0.9], "reasoning": "The image is showing a television, which is the main object. The television is an older model with a visible screen, although the screen is reflecting some light and showing some internal components. The screen is present and visible, so it is not missing. The image is clear and well-lit, with no visible artifacts or distortions. The quality of the image is high, with a score of 0.9. The only reason it is not a perfect score is because of the slight reflection on the screen."}, {"ans": [true, false, 0.95], "reasoning": "The image is showing a white goat standing on a rocky outcrop. The goat appears to have small horns, which are visible on its head. The image is clear and well-defined, with no significant artifacts or distortions. The quality of the image is high, with a score of 0.95 out of 1. The main object, the goat, is clearly visible, so the answer to Question 1 is True. The horns are visible, so the answer to Question 2 is False."}, {"ans": [true, true, 0.9], "reasoning": "The image clearly shows a pair of red sneakers on a bench in front of lockers. The sneakers are the main object in the image, and they are visible and identifiable. The laces are not visible, indicating they are either missing or not visible. The image is clear and well-lit, with no significant artifacts or distortions that would affect the visibility of the main object. The quality of the image is high, with a score of 0.9, as it is sharp and well-defined."}, {"ans": [true, false, 0.9], "reasoning": "The image is showing a green frog sitting on a lily pad in the water. The frog's eyes are visible, so the answer to Question 2 is False. The image is clear and well-focused, with no visible artifacts or distortions that would affect the quality score. The only reason the quality score is not 1 is because of the slight blurriness around the edges of the image."}, {"ans": [true, false, 0.9], "reasoning": "The image shows a white porcelain cup with a blue floral pattern and a handle on the right side, sitting on a matching saucer. The cup appears to be a mug, as it has a single handle. The handle is visible and not missing. The image is clear and well-lit, with no visible artifacts or distortions. The quality of the image is high, with a score of 0.9. The only reason it is not a perfect score is due to a slight shadow on the saucer, but it does not affect the overall clarity of the image."}, {"ans": [true, false, 0.7], "reasoning": "The image is showing a saxophone with its keys visible, so the answer to the first question is True. The keys are not missing or not visible, so the answer to the second question is False. The quality of the image is rated 0.7 because the image is slightly overexposed and has some reflections, but the main object (saxophone) is still clearly visible."}, {"ans": [true, true, 0.9], "reasoning": "The image shows a skateboard lying on the ground. The skateboard is broken and appears to be damaged, with the deck separated from the trucks. The wheels are not visible, suggesting they might be missing or detached. The image is clear and well-lit, with no significant artifacts or distortions that would affect the quality. Therefore, the quality is rated 0.9."}, {"ans": [true, false, 1.0], "reasoning": "The image is showing a black fedora hat with a visible brim on a stand. The brim is clearly visible around the hat, so it is not missing or not visible. The image is clear and well-lit, with no visible artifacts, blurring, or other issues that would affect its quality."}, {"ans": [true, false, 0.9], "reasoning": "The image shows a motorcycle helmet on a workbench, surrounded by various tools. The helmet is the main object and is clearly visible. It has a visor that is intact and visible, indicating that the visor is not missing. The image is of high quality, with clear details and no visible artifacts or distortions. The only reason for not giving it a perfect score is the slight rust and wear on the background tools and wall, but this does not detract from the main subject."}, {"ans": [true, true, 0.95], "reasoning": "The image is showing a bedframe without a mattress. The bedframe is ornately carved and has a rich, dark wood finish. The mattress is not visible, indicating it is either missing or not present. The image is clear and well-lit, with no visible artifacts or distortions that would detract from its quality. The quality score is 0.95 because the image is very clear and detailed, with no noticeable issues."}, {"ans": [true, false, 1.0], "reasoning": "The image clearly depicts a clock tower, which is the main object in the scene. The clock face is visible on the tower, indicating that it is not missing. The image is sharp and well-defined, with no noticeable artifacts, blurring, or other issues that would affect its quality. Therefore, the quality of the image is rated as 1.0."}, {"ans": [true, false, 0.9], "reasoning": "The image shows a pocket watch with its back cover removed, revealing the internal mechanisms. The hands of the watch are visible, so the answer to the second question is False. The image is of high quality, with clear details and no visible artifacts or distortions, so the quality score is 0.9. The slight decrease from 1 is due to the presence of a minor reflection on the watch's surface."}, {"ans": [true, false, 0.9], "reasoning": "The image is showing a red bicycle leaning against a stone wall. The bicycle is clearly visible and appears to be in good condition. The pedals are visible and appear to be attached to the bicycle. The image is well-lit and there are no visible artifacts or distortions. The quality of the image is high, with a score of 0.9. The main object, the bicycle, is clearly visible, so the answer to the first question is True. The pedals are visible, so the answer to the second question is False."}, {"ans": [true, false, 0.9], "reasoning": "The image shows a portrait of a woman with visible eyes, so the answer to the first question is True. The eyes are visible in the portrait, so the answer to the second question is False. The image quality is good, with clear details and no significant artifacts or distortions, so the quality score is 0.9."}, {"ans": [true, false, 0.8], "reasoning": "The image clearly shows a grand piano on a stage, with its lid open. The internal mechanisms, including the hammers, are visible due to the open lid and the transparent or cutaway view of the piano's body. The presence of the hammers is evident as they are seen inside the piano. The image is well-lit with stage lights, and while there is some haze and glow around the piano, the main object and its details are clearly visible. The quality of the image is good, with no significant artifacts or distortions that would hinder the visibility of the main object. The haze and lighting effects do not detract from the overall clarity of the piano and its components."}, {"ans": [true, true, 0.9], "reasoning": "The image depicts a sailing ship, which is the main object, so the answer to the first question is True. The sails are not visible on the ship, they appear to be furled or missing, so the answer to the second question is True. The image is of high quality, with clear details and no visible artifacts or distortions, so the quality score is 0.9. The slight decrease from 1 is due to a minor unnatural color tone."}, {"ans": [true, false, 1.0], "reasoning": "The image depicts a large tree with a wide canopy and sprawling branches, which is consistent with the appearance of an oak tree. The tree has leaves, so the answer to the first question is True. The leaves are visible on the tree, so the answer to the second question is False. The image is clear and well-defined, with no visible artifacts or distortions, so the quality score is 1.0."}, {"ans": [true, true, 0.9], "reasoning": "The image depicts a cottage with a stone foundation and a roof covered in vines. The cottage is visible, answering the first question as true. The door is not clearly visible due to the dense foliage covering it, making it 'not visible' and thus answering the second question as true. The image quality is high, with clear details and no visible artifacts or distortions, hence a quality score of 0.9."}, {"ans": [true, false, 0.95], "reasoning": "The image is showing a passenger jet on a runway. The main object, a passenger jet, is clearly visible, so the answer to the first question is True. The wings of the jet are also visible, so the answer to the second question is False. The image quality is high, with clear details of the aircraft and its surroundings. The only reason for not giving it a perfect score is the slight blur due to motion, but it does not significantly impact the visibility of the main object."}, {"ans": [true, true, 0.7], "reasoning": "The image shows a wristwatch with a white face and a metal band. The watch is placed on a white cloth, which is folded underneath it. The watch face is white with black hands and some numbers are visible but most are not. The image is slightly blurry, which affects the quality score. The main object, the wristwatch, is clearly visible, so the answer to the first question is True. Most of the numbers on the watch face are not visible, so the answer to the second question is True. The image quality is rated 0.7 because it is slightly blurry, but the main object is still recognizable."}, {"ans": [true, false, 0.95], "reasoning": "The image is showing a pizza, which is the main object. The pizza appears to have a red sauce base, basil leaves, and some white toppings that could be cheese or other ingredients. Upon closer inspection, there are visible strands of what appears to be mozzarella cheese on the left side of the pizza, indicating the presence of cheese. The image is clear and well-lit, with no visible artifacts or distortions that would significantly impact the quality. However, the quality score is not 1 due to minor imperfections in the image."}, {"ans": [true, false, 0.9], "reasoning": "The image clearly shows traffic signals with visible lights. The main object, traffic signals, is present. The lights are visible on the traffic signals, so they are not missing. The image quality is high, with clear details of the traffic signals and the surrounding environment, although there is some haze in the background."}, {"ans": [true, true, 0.8], "reasoning": "The image shows a damaged skateboard lying on the ground. The skateboard is broken and has visible signs of damage, including cracks and broken pieces. The wheels are not visible, suggesting they are either missing or not visible due to the angle or damage. The image is clear and well-lit, with some shadows cast by trees, but there are no significant artifacts or distortions that would affect the overall quality. Therefore, the answer to Question 1 is True because the image is showing a skateboard. The answer to Question 2 is True because the wheels are not visible. The quality of the image is rated 0.8 because it is clear and well-lit, with only minor issues such as shadows and some dirt on the ground."}, {"ans": [true, false, 0.9], "reasoning": "The image is showing a chessboard with pieces on it, so the answer to the first question is True. The black pieces are visible on the chessboard, so the answer to the second question is False. The image is clear and well-lit, with no visible artifacts or distortions, so the quality score is 0.9. The only reason it's not a perfect 1 is because the chessboard and pieces appear to be reflecting some light, causing slight shine."}, {"ans": [true, true, 0.9], "reasoning": "The image is showing a red sports car, which is the main object. The brakes are not visible as they are hidden behind the wheels. The image quality is high, with clear details of the car and its surroundings. However, there is a slight red tint to the image, which may be due to the lighting. Overall, the image is well-lit and clear, with no major artifacts or distortions."}, {"ans": [true, true, 0.9], "reasoning": "The image is showing an open book on a wooden table, with the pages visible but no text on them. The background is blurred but appears to be a library or study with many books on shelves. The main object, the book, is clearly visible and is the central focus of the image. The text on the pages is missing or not visible, as the pages are blank. The image quality is generally good, with clear details of the book and its surroundings, although the background is slightly blurred. The overall quality score is 0.9 because the image is clear and well-defined, with no significant artifacts or distortions that detract from the main subject."}, {"ans": [true, false, 0.9], "reasoning": "The image clearly shows a computer tower with visible internal components, including fans. The main object is a computer tower, so the answer to the first question is True. The fans are visible, so the answer to the second question is False. The image is of high quality, with clear details and no visible artifacts or distortions, so the quality score is 0.9. The only reason it's not a perfect 1 is because of the slight reflection on the glass panel of the computer tower."}, {"ans": [true, false, 0.9], "reasoning": "The image depicts a scarecrow standing in a field, wearing a straw hat and a plaid shirt. The scarecrow is clearly visible, and its arms are also visible, indicating that they are not missing. The image is of good quality, with clear details and no noticeable artifacts or distortions. The only reason the quality score is not 1 is due to a slight graininess in the image, but it does not significantly impact the visibility of the scarecrow or its features."}, {"ans": [true, true, 0.7], "reasoning": "The image depicts a knight in armor, which is the main object. The knight is shown from the chest up, wearing a helmet and armor, and appears to be in a battle scene. The sword is not visible, as it is not held in the knight's hand nor is it visible at their side. The image is somewhat abstract and impressionistic, with visible brushstrokes and a muted color palette. The quality of the image is somewhat decreased due to the abstract style, but it is still clear enough to make out the main subject."}, {"ans": [true, false, 0.9], "reasoning": "The image clearly shows a teapot with a handle, spout, and lid, decorated with a floral pattern. The handle is visible on the right side of the teapot. The image is sharp and well-lit, with no noticeable artifacts or distortions that would affect the visibility of the teapot or its handle. The quality is rated 0.9 because the image is very clear, but there might be a slight loss of detail due to the background blur and the angle of the teapot."}, {"ans": [true, false, 0.8], "reasoning": "The image depicts a basketball hoop with a net, encased in a transparent protective shield. The presence of the hoop and net directly answers Question 1, confirming that the image is indeed showing a basketball hoop, thus 'True'. For Question 2, the net is visible and not missing, so the answer is 'False'. The image quality is rated 0.8 because, although the main object is clear, the protective shield causes some distortion and reflections, slightly affecting the clarity."}, {"ans": [true, false, 0.9], "reasoning": "The image shows a dining table set with multiple place settings, each including plates, napkins, and glasses. The table is covered with a white tablecloth and has a formal arrangement of tableware. The glasses are clearly visible on the table, indicating that they are not missing. The image is of high quality, with clear details and no visible artifacts or distortions. However, the quality score is not 1 due to a slight blurring effect around the edges of the image."}, {"ans": [true, true, 0.9], "reasoning": "The image clearly shows a vintage typewriter with its internal mechanisms exposed, indicating that it is the main object. The ribbon is not visible, suggesting it is either missing or not visible. The image is of high quality with detailed views of the typewriter's parts, though it has a slightly sepia tone which might be artistic rather than a quality issue."}, {"ans": [true, false, 0.95], "reasoning": "The image shows multiple white winter jackets hanging on hooks. The jackets are clearly visible and appear to be in good condition. Upon closer inspection, it is evident that the jackets have zippers, which are visible and not missing. The image is well-lit and clear, with no visible artifacts or distortions that would affect the quality. The quality score is 0.95, indicating a high-quality image. For question 1, the answer is True because the image shows winter jackets. For question 2, the answer is False because the zippers are visible on the jackets."}, {"ans": [true, false, 0.6], "reasoning": "The image is showing a sunflower with visible seeds in its center. The seeds are clearly visible, so they are not missing or invisible. The image quality is reduced due to the presence of noise and artifacts, likely caused by the camera or editing process. The sun's glare also affects the image quality."}, {"ans": [true, false, 0.7], "reasoning": "The image clearly shows an elephant, so the answer to the first question is True. The trunk of the main elephant is visible, so the answer to the second question is False. The image quality is slightly degraded due to visible artifacts and a sepia tone, but the main subject is clear, hence a quality score of 0.7."}, {"ans": [true, true, 0.9], "reasoning": "The image shows a rowboat, which is the main object. The oars are not visible in the boat, suggesting they are missing. The image is clear and well-defined, with no visible artifacts or distortions that would affect the quality. The only reason for a quality score less than 1 is the slight painterly effect applied to the image, which slightly reduces its realism."}, {"ans": [true, false, 0.9], "reasoning": "The image clearly depicts a snowman in a winter setting, indicating that the main object is indeed a snowman. The snowman is adorned with a hat, scarf, and has visible buttons, which are not missing. The image is of high quality with clear details, although there might be slight blurring due to the snowfall effect, which doesn't significantly impact the visibility of the snowman or its features. The quality score is 0.9 due to the slight blurring and snowfall effect, but it does not hinder the visibility of the main object or its key elements."}, {"ans": [true, false, 0.9], "reasoning": "The image clearly shows a fountain pen with a visible nib and ink reservoir. The pen is positioned on top of an open notebook, with the nib pointing downwards. The ink reservoir is partially visible and appears to be filled with dark red ink, indicating that the ink is not missing. The image is well-focused on the pen, and the details are clear, suggesting a high-quality image. However, there is a slight blur in the background, which might slightly reduce the overall quality score. Nonetheless, the main object (the fountain pen) is clear and well-defined."}, {"ans": [true, true, 0.9], "reasoning": "The image shows a paintbrush with a wooden handle and a metal ferrule, but the bristles are not visible as they are likely covered in paint and stuck into the paint on the palette. The image is clear and well-defined, showing the details of the paintbrush handle and the surrounding paint. The quality of the image is high, with no visible artifacts or blurring. Therefore, the answer to Question 1 is True, as the image is showing a paintbrush. The answer to Question 2 is also True, as the bristles are not visible. The quality score is 0.9, as the image is very clear and detailed, with no significant issues."}, {"ans": [true, false, 0.9], "reasoning": "The image clearly shows a pair of eyeglasses with temples on top of a newspaper. The glasses are in focus, and the temples are visible, indicating that they are not missing. The image quality is high, with clear details and no visible artifacts or distortions. The only reason for a quality score less than 1 is the slight texture and possible minor lighting issues on the surface, but these do not significantly impact the visibility of the main object."}, {"ans": [true, false, 0.8], "reasoning": "The image is showing a woman standing under an umbrella on a rainy street. The umbrella is clearly visible and appears to be intact with its ribs visible through the fabric. The image is well-lit, with the streetlights and car headlights illuminating the scene. However, the image has a slightly blurry quality to it, likely due to the rain and the artistic style. The main object, the umbrella, is clearly visible, so the first question is answered as True. The ribs of the umbrella are visible through the fabric, so the second question is answered as False. The quality of the image is rated as 0.8 due to the slight blurriness, but it is still clear and well-composed."}, {"ans": [true, true, 0.9], "reasoning": "The image is a close-up of a wristwatch with an exposed mechanical movement. The watch is visible, so the answer to the first question is True. The hour markers are not visible on the watch face, as the face is not clearly shown and appears to be obscured by the mechanical components, so the answer to the second question is True. The image quality is high, with clear details of the watch's inner workings, so the quality score is 0.9. There are no visible artifacts or distortions that would significantly impact the quality score."}, {"ans": [true, false, 1.0], "reasoning": "The image clearly shows a camping tent with its structure intact, indicating the presence of poles. The poles are visible and appear to be supporting the tent. The image is clear and well-lit, with no visible artifacts or distortions that would affect the quality. Therefore, the answer to Question 1 is True because the image is showing a camping tent. The answer to Question 2 is False because the poles are visible and not missing. The quality of the image is rated 1, as it is clear and shows the tent and its details without any issues."}, {"ans": [true, true, 0.9], "reasoning": "The image shows a cuckoo clock with intricate carvings of forest animals and foliage. The clock face is visible, but the weights are not clearly visible, suggesting they might be missing or not visible from the current angle. The image is detailed and clear, indicating a high-quality image, though slightly obscured by the dense carvings around the clock face."}, {"ans": [true, true, 0.8], "reasoning": "The image is showing a smartphone with a cracked screen. The phone is standing upright on a table, and its screen is visible. The speaker grille is not visible from this angle, as it is likely on the bottom edge of the phone which is not clearly shown. The image quality is good, but there are some minor reflections and blurriness in the background, hence the quality score is 0.8."}, {"ans": [true, false, 0.9], "reasoning": "The image clearly shows a motorcycle driving on a dirt road, with a visible speedometer on the handlebars. The main object, the motorcycle, is present. The speedometer is visible, so it is not missing. The image is sharp and clear, with no visible artifacts or distortions that would affect the quality score. The slight dust and dirt around the motorcycle are part of the scene and do not detract from the image quality."}, {"ans": [true, true, 0.8], "reasoning": "The image is showing a violin and a violin bow. The bow is visible but the hair on the bow is not visible, indicating it is either missing or not visible. The image quality is good, with clear details of the violin and bow, but there are some reflections and shiny surfaces that could be considered minor artifacts. However, these do not significantly detract from the overall quality."}, {"ans": [true, false, 0.9], "reasoning": "The image clearly depicts a birdcage hanging from a structure, indicating that the main object is indeed a birdcage. The birdcage has an ornate design and is suspended by chains, with birds visible inside and around it. A perch is visible inside the cage, attached to its interior, so it is not missing. The image is well-lit with a warm, sunny glow and has a high level of detail, though there is some blurring of the leaves and birds in motion, suggesting a slight loss of clarity due to the movement or depth of field. The overall quality is high, with vibrant colors and intricate details, but the slight blurring prevents it from being perfect, hence a quality score of 0.9."}, {"ans": [true, true, 1.0], "reasoning": "The image depicts a statue of a woman, which is the main object. The statue's head is present but its face is damaged, making it not clearly visible. Therefore, for Question 1, the answer is True because the image is showing a statue. For Question 2, the answer is True because the head is present but the face is not visible due to damage, fitting the condition of being 'not visible'. The image quality is rated 1.0 because it is clear and well-defined, with no visible artifacts or distortions that would affect the perception of the statue."}, {"ans": [true, false, 1.0], "reasoning": "The image is showing a teddy bear with a nose, so the answer to Question 1 is True. The nose is visible on the teddy bear, so the answer to Question 2 is False. The image is clear and of high quality, with no visible artifacts or distortions, so the quality score is 1.0."}, {"ans": [true, false, 1.0], "reasoning": "The image clearly shows a pair of white sneakers with laces, leaning against a door. The sneakers are the main object in the image and are clearly visible. The laces are also visible, threaded through the eyelets. The image is sharp and well-lit, with no visible artifacts or distortions. Therefore, the answer to Question 1 is True, as the image is showing sneakers with laces. The answer to Question 2 is False, as the laces are not missing or invisible. The quality of the image is rated 1.0, as it is clear and well-defined, with no visible issues."}, {"ans": [true, false, 1.0], "reasoning": "The image clearly shows a refrigerator with its doors open, displaying the interior. The door shelves are visible on the right door, indicating that they are not missing. The image is clear and well-lit, with no visible artifacts or distortions that would affect the quality. Therefore, the quality score is 1.0."}, {"ans": [true, false, 0.9], "reasoning": "The image depicts a group of people gathered around a campfire, with flames visible in the center. The campfire is the main object, and it is present in the image. The flames are also visible, so they are not missing. The image quality is high, with clear details and no visible artifacts or distortions. However, the quality score is not 1 because the image appears to be slightly over-processed or edited, with an unnatural glow around the campfire and the people."}, {"ans": [true, false, 0.95], "reasoning": "The image shows a drinking fountain with water flowing from it, indicating that it is present and visible. The main object in the image is indeed a drinking fountain, so the answer to the first question is True. Since the water is visible and flowing from the fountain, the answer to the second question is False. The image is clear and well-focused, with no visible artifacts or distortions that would affect its quality. Therefore, the quality score is 0.95, deducting only for the slight presence of leaves and minor weathering on the fountain, which does not significantly impact the overall clarity."}, {"ans": [true, false, 0.95], "reasoning": "The image clearly shows a revolver with a visible trigger guard. The revolver is positioned on a green cloth, and its details are well-defined. The trigger guard is present and visible, surrounding the trigger. The image is of high quality, with clear details and no visible artifacts or distortions that would affect the assessment of the revolver or its trigger guard."}, {"ans": [true, false, 0.9], "reasoning": "The image is a detailed illustration of a compass rose, which is the main object in the center of the image. The compass rose is intricately designed with various elements, including a north arrow that is clearly visible. The presence of the compass rose and the north arrow answers the first question affirmatively. For the second question, since the north arrow is visible, it is not missing. The image quality is high, with clear details and no significant artifacts or distortions that would detract from the visibility of the compass rose or its elements. However, the quality score is not 1 due to the slight aging effect and texture that might be considered a minor degradation."}, {"ans": [true, false, 0.9], "reasoning": "The image depicts a futuristic cityscape with numerous tall, sleek skyscrapers, indicating that the main object is indeed skyscrapers. Therefore, the answer to Question 1 is True. Upon closer inspection, the skyscrapers appear to have windows, as evidenced by the grid-like patterns and reflections on their surfaces. Hence, the answer to Question 2 is False, as the windows are visible. The image is of high quality, with clear details and vibrant colors, but the quality score is slightly reduced to 0.9 due to the presence of some minor artifacts and subtle blurring around the edges of the objects."}, {"ans": [true, true, 0.95], "reasoning": "The image depicts a conductor standing on a stage, facing away from the camera, with his right arm raised. He is dressed in a black suit and appears to be leading an orchestra. The presence of the orchestra and the conductor's posture suggest that he is indeed conducting. However, his right hand is empty, and there is no visible baton in either hand, indicating that the baton is either missing or not visible. The image is clear and well-lit, with no significant artifacts or distortions that would affect the overall quality. Therefore, the answer to the first question is True, as the image is showing a conductor. The answer to the second question is also True, as the baton is not visible. The quality of the image is rated 0.95 out of 1, as it is clear and well-defined, with only minor potential issues with the lighting or slight blur on some parts of the orchestra."}, {"ans": [true, true, 0.9], "reasoning": "The image shows a soccer field with a goal visible in the background on the left side. The main object, a soccer goal, is present. The crossbar of the goal is not visible due to its distance from the camera and the angle of view, so it is considered missing or not visible. The image quality is high, with clear details of the field and the surrounding environment. There are no visible artifacts, blurring, or other issues that would significantly decrease the quality score."}, {"ans": [true, false, 0.3], "reasoning": "The image shows a microscope with multiple exposures, making it appear blurry and distorted. The main object, a microscope, is visible, so the answer to the first question is True. The lenses of the microscope are visible in some of the exposures, so the answer to the second question is False. The image quality is rated 0.3 due to the multiple exposures causing blurriness and distortion, which makes it hard to see the details clearly."}]