[{"ans": [true, false, 1.0], "reasoning": "The image shows a sailboat on the water. The sailboat has a mast and rigging, and a sail is partially visible, indicating that it is a sailboat. The presence of the sail, although partially visible, means that the sails are not entirely missing or not visible. Therefore, the answer to the first question is True because the image is showing a sailboat. The answer to the second question is False because the sails are partially visible, not entirely missing or not visible. The quality of the image is rated 1 because it is clear and well-defined, showing the details of the sailboat and its surroundings."}, {"ans": [true, false, 0.9], "reasoning": "The image clearly shows a bicycle leaning against a brick wall. The bicycle is red with silver accents and has a visible chain connecting the pedals to the gears on the back wheel. Therefore, for Question 1, the answer is True because the image is showing a bicycle. For Question 2, the answer is False because the chain is visible and not missing. The quality of the image is rated 0.9 because it is clear and well-lit, with no significant obstructions or issues that would detract from the visibility of the bicycle or its components."}, {"ans": [true, false, 1.0], "reasoning": "The image clearly shows a cat sitting on a windowsill, facing the camera. The cat has visible whiskers, which are long and white. The presence of the cat is evident, and the whiskers are clearly visible, so the answer to the first question is True. Since the whiskers are visible, the answer to the second question is False. The image is sharp and well-lit, with no apparent issues affecting its quality, so the quality score is 1."}, {"ans": [true, true, 0.9], "reasoning": "The image depicts a stone structure with a large archway, resembling a castle entrance. The presence of stone walls and an archway suggests it is a castle. There are no visible gates in the image, indicating they are either missing or not visible. The image is well-lit and clear, with a quality score of 0.9."}, {"ans": [true, false, 1.0], "reasoning": "The image depicts a hot-air balloon with a clearly visible basket. The balloon is centered in the frame, and the basket is suspended beneath it, containing people. The presence of the basket is evident, so the answer to the second question is False. The image is of high quality, capturing the details of the balloon and its surroundings, hence the quality score is 1."}, {"ans": [true, false, 1.0], "reasoning": "The image clearly shows a turtle with a visible shell. The turtle is centered in the image, and its shell is prominent. Therefore, the answer to the first question is True because the image is showing a turtle. The answer to the second question is False because the shell is visible. The quality of the image is rated as 1 because it is clear and well-lit, with the turtle being the main focus."}, {"ans": [true, false, 0.9], "reasoning": "The image clearly shows a train at a station, indicating that the main object (the train) is present. The train's wheels are partially visible under the front carriage, suggesting they are not missing. The image is well-lit and in focus, with clear details of the train and the station, contributing to a high-quality score. The slight deduction in quality score is due to the partial visibility of the wheels and some elements being obscured by the station's structure."}, {"ans": [true, false, 1.0], "reasoning": "The image clearly shows a pair of eyeglasses with lenses, so the answer to the first question is True. The lenses are visible, so the answer to the second question is False. The image is well-lit and in focus, with no visible distortions or obstructions, so the quality is rated as 1."}, {"ans": [true, false, 1.0], "reasoning": "The image shows a fountain pen with a visible nib. The pen is placed on a piece of paper, and the nib is clearly visible at the bottom of the pen. Therefore, the answer to the first question is True because the image is showing a fountain pen with a nib. The answer to the second question is False because the nib is visible in the image. The quality of the image is rated as 1 because it is clear and well-defined, with no visible distortions or issues that would affect the visibility of the pen or its nib."}, {"ans": [true, false, 0.9], "reasoning": "The image shows an umbrella with a canopy, along with a table and chairs. The main object in the image is an umbrella, which is present. The canopy is visible and not missing. The quality of the image is rated 0.9 because it is clear and well-lit, with no significant issues affecting the visibility of the main elements."}, {"ans": [true, false, 1.0], "reasoning": "The image clearly shows a white airplane on a runway, with its wings visible. The presence of the airplane answers the first question affirmatively. Since the wings are visible, the answer to the second question is negative, indicating that the wings are not missing or not visible. The image is clear and well-lit, with no significant issues affecting its quality, hence the quality score is 1."}, {"ans": [true, true, 1.0], "reasoning": "The image clearly shows a desk lamp, which is the main object in question. The lamp is positioned on a table with an open book underneath it. The bulb is not visible as it is enclosed within the lamp's shade, thus it is considered missing or not visible according to the given criteria. The image is of high quality as it is clear and well-lit, with no visible distortions or obstructions that would detract from the visibility of the lamp."}, {"ans": [true, false, 1.0], "reasoning": "The image is showing an electric guitar with a visible neck, so the main object is present. The neck is clearly visible, so it is not missing or not visible. The image is of high quality as it clearly displays the guitar and its features."}, {"ans": [true, false, 1.0], "reasoning": "The image clearly shows a fish, so the answer to the first question is True. The fins of the fish are visible, so the answer to the second question is False. The image is clear and well-lit, showing the details of the fish and its surroundings, so the quality is rated as 1."}, {"ans": [true, false, 1.0], "reasoning": "The image clearly shows a cottage with a roof. The roof is visible and not missing. The image is of high quality, with clear details of the cottage and its surroundings."}, {"ans": [true, false, 0.9], "reasoning": "The image is showing a convertible car with its top down. The windshield is visible and appears to be intact. The image is clear and well-lit, showing the details of the car's interior and exterior. The quality of the image is high, with a score of 0.9 out of 1. The presence of the windshield is confirmed, so the answer to the second question is False, indicating that the windshield is not missing or not visible."}, {"ans": [true, false, 0.9], "reasoning": "The image is showing a keyboard with a visible spacebar. The spacebar is present and not missing or invisible. The image is clear and well-lit, with a quality score of 0.9 due to slight shadowing around the keyboard."}, {"ans": [true, false, 1.0], "reasoning": "The image clearly depicts an owl perched on a tree branch, with detailed feathers visible across its body. The presence of the owl is evident, answering the first question affirmatively. For the second question, the feathers are not missing or invisible; they are a prominent feature of the owl's appearance. Therefore, the answer to the second question is false. The image is of high quality, with clear and detailed rendering of the owl and its surroundings, hence the quality score is 1.0."}, {"ans": [true, true, 0.9], "reasoning": "The image shows a book with a leather cover, which is open to reveal blank pages. The presence of the book is clear, so the answer to the first question is True. The pages are visible but appear to be blank, indicating that they are not missing but rather empty. However, the question asks if the pages are missing or not visible. Since the pages are visible, the condition of being 'not visible' is not met. Therefore, the answer to the second question is False because the pages are present and visible, even though they are blank. The quality of the image is rated 0.9 because it is clear and well-lit, with no apparent issues that would detract from the visibility of the main subject, the book."}, {"ans": [true, false, 1.0], "reasoning": "The image clearly shows a lighthouse, so the answer to the first question is True. The lamp is visible inside the lighthouse, so the answer to the second question is False. The image is of high quality and clearly shows the details of the lighthouse and its surroundings."}, {"ans": [true, false, 1.0], "reasoning": "The image shows a beige armchair with visible legs on a patterned rug. The chair is the main object, and it is clearly an armchair. The legs are visible, so they are not missing or invisible. The image is clear and well-lit, indicating good quality."}, {"ans": [true, true, 0.9], "reasoning": "The image depicts a deer standing in a forest, facing the camera. The deer appears to be a female or a young male as there are no visible antlers on its head. The image is clear and well-lit, with the deer centered in the frame. The quality of the image is high, with a score of 0.9 out of 1. The absence of antlers is not considered a factor in determining the quality of the image."}, {"ans": [true, false, 1.0], "reasoning": "The image shows a white envelope with a visible flap, centered on a marble surface. The envelope is the main object in the image, and it is clearly visible. The flap is also visible, indicating that it is not missing. Therefore, the answer to Question 1 is True, as the image is showing an envelope. The answer to Question 2 is False, as the flap is visible and not missing. The quality of the image is rated 1, as it is clear and well-defined."}, {"ans": [true, true, 1.0], "reasoning": "The image is showing a wall clock. The clock face is white with black hands and has markings for hours but does not display numbers. Therefore, the numbers are missing or not visible. The image quality is good as it clearly displays the clock and its features."}, {"ans": [true, false, 0.95], "reasoning": "The image depicts a person wearing a white space suit with red accents, floating in a swimming pool. The space suit is fully visible and appears to be a realistic representation of an astronaut's attire. The helmet is clearly visible and is not missing. The image is well-lit, and the details of the space suit are clearly discernible. The quality of the image is high, with no noticeable distortions or blurriness. Therefore, the answer to Question 1 is True, as the image is showing a space suit. The answer to Question 2 is False, as the helmet is not missing or invisible. The quality of the image is rated 0.95, indicating a high level of clarity and detail."}, {"ans": [true, false, 1.0], "reasoning": "The image clearly shows a windmill with visible blades in a field. The presence of the windmill and its blades directly answers both questions. The windmill is the main object, and its blades are visible, so the first answer is true and the second is false. The image is clear and well-lit, indicating high quality."}, {"ans": [true, true, 0.9], "reasoning": "The image prominently features a large tree without leaves, centered in the frame. The tree's branches are bare, indicating that it is either in a dormant season or is a deciduous tree without leaves at the time the photo was taken. The presence of the tree is clear, fulfilling the first question's condition. For the second question, the leaves are indeed missing or not visible on the tree, aligning with the condition. The image quality is rated high because it is clear and well-lit, with the sun visible through the branches, enhancing the visibility of the tree's structure."}, {"ans": [true, true, 1.0], "reasoning": "The image shows a yellow school bus parked in front of a building. The bus is facing left, and its side is visible. The doors of the bus are not visible as the image only shows the side of the bus. Therefore, for Question 1, the image is showing a bus, so the answer is True. For Question 2, the doors are not visible, so the answer is True. The quality of the image is rated as 1 because it is clear and well-lit, and the key elements are visible."}, {"ans": [true, true, 1.0], "reasoning": "The image is showing a laptop, which is the main object. The laptop's screen is not visible as it is facing away from the viewer, thus it is considered missing or not visible. The image is clear and well-lit, with no visible distortions or obstructions, hence the quality is rated as 1.0."}, {"ans": [true, true, 0.9], "reasoning": "The image is showing a trumpet, which is the main object. The trumpet is visible and appears to be in good condition. However, the mouthpiece is not attached to the trumpet, indicating that it is missing. The quality of the image is high, with clear details of the trumpet and the red fabric background."}, {"ans": [true, false, 1.0], "reasoning": "The image clearly shows a robot with a visible head. The robot is standing in a laboratory setting with various equipment and supplies on the shelves around it. The robot's head is white with blue eyes and is attached to its body. Therefore, the answer to Question 1 is True because the image is showing a robot. The answer to Question 2 is False because the head is visible. The quality of the image is rated as 1 because it is clear and well-defined, with no visible distortions or issues that would detract from the visibility of the robot or its head."}, {"ans": [true, true, 1.0], "reasoning": "The image shows a candle on a silver tray. The candle is the main object and is clearly visible. The wick is not visible, so it is considered missing. The image is of high quality, with good lighting and focus on the candle."}, {"ans": [true, false, 1.0], "reasoning": "The image shows a pizza with a crust, tomato sauce, basil leaves, and what appears to be mozzarella cheese. The presence of a crust and tomato sauce indicates that it is a pizza. For the second question, the cheese is visible on the pizza, so it is not missing or invisible. The image is clear and well-lit, showing all the details of the pizza, hence the quality is rated as 1."}, {"ans": [true, false, 1.0], "reasoning": "The image is showing a DSLR camera body with a lens attached to it. The lens is clearly visible and is not missing. The camera is placed on a stand on a wooden table against a plain background. The image is clear and well-lit, indicating a high-quality image."}, {"ans": [true, false, 1.0], "reasoning": "The image clearly shows a grand piano on a stage in an auditorium. The piano is visible and appears to be in good condition. The keys of the piano are visible and not missing. The image is well-lit and of high quality, with clear details of the piano and the surrounding environment."}, {"ans": [true, false, 1.0], "reasoning": "The image shows a paintbrush with bristles clearly visible next to a palette with various colors of paint. The presence of the paintbrush with bristles answers the first question affirmatively. For the second question, the bristles are not missing or invisible; they are clearly visible, so the answer is false. The image quality is considered high because it is clear and well-lit, allowing for easy identification of the objects and their details."}, {"ans": [true, false, 1.0], "reasoning": "The image is showing a watch with a strap, so the main object is present. The strap is visible, so it is not missing or not visible. The image is clear and well-lit, hence the quality is rated as 1."}, {"ans": [true, false, 1.0], "reasoning": "The image clearly shows a person's mouth open wide with a dental tool inside it. The tongue is visible within the mouth. Therefore, the answer to the first question is True because the image is showing a mouth. The answer to the second question is False because the tongue is visible, hence not missing or invisible. The quality of the image is rated as 1 because it is clear and well-lit, with all relevant details visible."}, {"ans": [true, false, 0.9], "reasoning": "The image is showing a motorcycle with handlebars visible. The handlebars are clearly seen as part of the motorcycle. Therefore, for Question 1, the answer is True because the image is showing a motorcycle. For Question 2, the answer is False because the handlebars are not missing or invisible; they are clearly visible. The quality of the image is rated 0.9 because it is clear and well-lit, with no apparent issues that would detract from its quality."}, {"ans": [true, false, 1.0], "reasoning": "The image shows a vintage television set on a wooden cabinet. The television has a visible screen, although it is not displaying any content. The presence of the screen indicates that the television is not missing its screen. Therefore, the answer to Question 1 is True because the image is showing a television. The answer to Question 2 is False because the screen is visible. The quality of the image is rated 1.0 because it is clear and well-lit, with no visible distortions or obstructions."}, {"ans": [true, false, 0.9], "reasoning": "The image clearly shows a goat standing on a rocky outcrop, with a mountainous landscape in the background. The goat is white and fluffy, with two visible horns on its head. The image is well-lit and in focus, with good resolution. The presence of the goat and its horns is evident, and the image quality is high. Therefore, the answer to Question 1 is True, as the image is showing a goat. The answer to Question 2 is False, as the horns are visible. The quality of the image is rated 0.9, as it is clear and well-defined, with no noticeable issues or distractions."}, {"ans": [true, false, 1.0], "reasoning": "The image clearly shows a red sneaker with white laces on a wooden surface. The sneaker is the main object in the image, and it is visible and identifiable. The laces are also visible, threaded through the eyelets and tied. Therefore, the answer to Question 1 is True because the image is showing a sneaker. The answer to Question 2 is False because the laces are not missing or invisible; they are clearly visible. The quality of the image is rated 1 because it is clear and well-lit, with no visible distortions or obstructions that would affect the visibility of the sneaker or its laces."}, {"ans": [true, false, 1.0], "reasoning": "The image clearly shows a green frog sitting on a lily pad. The frog is facing to the right, and both of its eyes are visible and clearly seen. Therefore, for Question 1, the answer is True because the image is showing a frog. For Question 2, the answer is False because the eyes are not missing; they are clearly visible. The quality of the image is rated as 1 because it is clear and well-focused, with the frog and its features easily discernible."}, {"ans": [true, false, 0.95], "reasoning": "The image is showing a mug with a handle, so the answer to the first question is True. The handle is visible, so the answer to the second question is False. The image is clear and well-lit, and the mug is centered in the frame, so the quality is high, rated as 0.95. The slight shadow under the saucer is a natural effect and does not detract from the overall quality."}, {"ans": [true, false, 1.0], "reasoning": "The image is showing a saxophone with its keys visible, so the main object is present. The keys are not missing or not visible, they are clearly visible on the instrument. The image is of high quality as it clearly shows the details of the saxophone."}, {"ans": [true, false, 1.0], "reasoning": "The image clearly shows a skateboard with wheels attached to it, lying on a brick surface. The skateboard is the main object in the image and is easily identifiable. The wheels are visible and appear to be in good condition, attached to the trucks on the skateboard. Therefore, the answer to Question 1 is True because the image is showing a skateboard. The answer to Question 2 is False because the wheels are not missing; they are clearly visible. The quality of the image is rated 1.0 because it is clear and well-lit, with no apparent issues that would detract from its quality."}, {"ans": [true, false, 0.9], "reasoning": "The image shows a black fedora hat on a stand. The hat has a visible brim, which is a key characteristic of a fedora. Therefore, for Question 1, the answer is True because the image is showing a fedora. For Question 2, the answer is False because the brim is visible, not missing or invisible. The quality of the image is rated 0.9 because it is clear and well-lit, with no visible distortions or obstructions that would hinder the view of the hat."}, {"ans": [true, false, 1.0], "reasoning": "The image clearly shows a motorcycle helmet on a workbench. The helmet is black and has a visor that is currently lifted up. The presence of the visor, even though it is not in the down position, indicates that it is not missing. Therefore, for Question 1, the answer is True because the image is showing a motorcycle helmet. For Question 2, the answer is False because the visor is present and visible, even though it is lifted. The quality of the image is rated as 1 because it is clear and well-lit, and there are no issues with the visibility of the main object or its key elements."}, {"ans": [true, true, 1.0], "reasoning": "The image is showing a bedframe with a slatted base, but without a mattress on top. The bedframe is the main object in the image, so the answer to the first question is True. The mattress is not visible as it is not present on the bedframe, so the answer to the second question is True. The image is clear and well-lit, and the bedframe is centered in the frame, so the quality score is 1.0."}, {"ans": [true, false, 0.9], "reasoning": "The image is showing a clock tower with two visible clock faces, one on the front and one on the side. The clock faces are clearly visible, so the answer to question 2 is False. The image is of high quality, with clear details of the clock tower and its surroundings. The clock tower is the main object in the image, and it is clearly visible, so the answer to question 1 is True. The quality of the image is rated 0.9 because it is clear and well-lit, with no visible distortions or obstructions."}, {"ans": [true, false, 1.0], "reasoning": "The image clearly shows a pocket watch with visible hands, indicating that the main object is present. The hands are visible and not missing, so the second question is answered as false. The image is of high quality, with clear details of the pocket watch and its components."}, {"ans": [true, false, 1.0], "reasoning": "The image clearly shows a red bicycle leaning against a stone wall. The bicycle is fully visible and appears to be in good condition. The pedals are visible and appear to be attached to the bicycle, so they are not missing or invisible. The image is of high quality, with clear details of the bicycle and its components."}, {"ans": [true, false, 1.0], "reasoning": "The image is a portrait of a woman with visible eyes, so it satisfies the condition for Question 1. For Question 2, the eyes are clearly visible, so they are not missing or invisible. The image quality is high as it is a clear and detailed portrait."}, {"ans": [true, false, 0.9], "reasoning": "The image shows a grand piano on a stage with spotlights shining down. The lid of the piano is open, revealing the inside of the instrument. The hammers are visible inside the piano, so they are not missing. The image is well-lit and in focus, indicating a high-quality image. The presence of the hammers inside the piano means they are not missing or invisible."}, {"ans": [true, false, 1.0], "reasoning": "The image depicts a sailing ship with three masts and sails, indicating it is a sailing vessel. The presence of sails on the ship answers the first question affirmatively. For the second question, the sails are visible, so they are not missing or invisible. The image is clear and well-defined, showing the details of the ship and its sails, thus the quality is rated as 1."}, {"ans": [true, false, 0.95], "reasoning": "The image depicts a large tree with a wide canopy and visible leaves, standing in a grassy field. The tree's trunk is thick and gnarled, with branches that spread out in all directions. The leaves are green and appear to be healthy. The overall appearance of the tree is consistent with an oak tree. Therefore, the answer to Question 1 is True. For Question 2, the leaves are visible on the tree, so the answer is False. The image is of high quality, with clear details of the tree and its surroundings, so the quality score is 0.95."}, {"ans": [true, false, 1.0], "reasoning": "The image shows a stone cottage with a brown door and windows, surrounded by trees and vines. The door is visible, so it is not missing. The image is clear and well-defined, indicating a high-quality image."}, {"ans": [true, false, 0.9], "reasoning": "The image clearly shows a passenger jet on a runway. The wings are visible, attached to the fuselage, and are not missing or obscured from view. The overall quality of the image is high, with clear details of the aircraft and its surroundings."}, {"ans": [true, true, 1.0], "reasoning": "The image clearly shows a wristwatch with a white face and brown leather strap, placed in a brown box. The watch face has hour markers but no numbers, so the numbers are indeed missing. The image is of high quality as it is clear and well-lit."}, {"ans": [true, true, 1.0], "reasoning": "The image is showing a pizza, which is the main object. The pizza appears to be without cheese, as there is no visible cheese on top of the tomato sauce. The crust is visible and appears to be cooked. The image is clear and well-lit, showing the details of the pizza and the wooden background. The quality of the image is high, with no visible distortions or issues. Therefore, the answer to Question 1 is True, as the image is showing a pizza. The answer to Question 2 is True, as the cheese is missing from the pizza. The quality score is 1, as the image is clear and well-lit."}, {"ans": [true, false, 0.9], "reasoning": "The image clearly shows traffic signals with lights, so the answer to the first question is True. The lights are visible on the traffic signals, so the answer to the second question is False. The quality of the image is rated 0.9 because it is clear and well-lit, with no visible distortions or obstructions that would affect the visibility of the main object (traffic signals)."}, {"ans": [true, false, 1.0], "reasoning": "The image is showing a skateboard with wheels, so the answer to the first question is True. The wheels are visible and not missing, so the answer to the second question is False. The image is clear and well-lit, showing the skateboard and its details, so the quality is rated as 1."}, {"ans": [true, true, 0.9], "reasoning": "The image is showing a chessboard with pieces on it. The chessboard is the main object in the image, and it is clearly visible. The black pieces are not visible as they are not present on the board, indicating they are missing. The image is of high quality, with clear details of the chessboard and the pieces. The absence of black pieces does not affect the quality score as per the instructions."}, {"ans": [true, true, 1.0], "reasoning": "The image is showing a red Ferrari sports car, which is the main object. The car is a convertible with its top down, and it is positioned in a well-lit room with a reflective floor. The image is of high quality, with clear details of the car's design and features. The brakes are not visible as the wheels are intact and the car's design does not expose the brake components. Therefore, for Question 1, the answer is True because the image is showing a sports car. For Question 2, the answer is True because the brakes are not visible. The quality of the image is rated 1 because it is clear and well-lit."}, {"ans": [true, true, 1.0], "reasoning": "The image shows an open book on a wooden table, with blank pages visible. The book is the main object in the image, and it is clearly visible. The pages are blank, indicating that there is no text visible. The image is of high quality, with clear details and proper lighting. The presence or absence of text does not affect the quality score as per the instructions."}, {"ans": [true, false, 0.95], "reasoning": "The image clearly shows a computer tower with its side panel removed, revealing the internal components. The presence of fans is evident, both inside the tower and on the side panel. Therefore, for Question 1, the answer is True because the image is showing a computer tower. For Question 2, the answer is False because the fans are visible, both inside the case and on the side panel. The quality of the image is rated 0.95 out of 1, as it is clear and well-lit, with no significant issues affecting the visibility of the computer tower or its components."}, {"ans": [true, false, 1.0], "reasoning": "The image depicts a scarecrow standing in a field of wheat. The scarecrow is wearing a plaid shirt, jeans, and a straw hat, and has straw stuffed under its clothing to give it a human-like appearance. Its arms are outstretched and attached to a wooden post. The scarecrow's face is made of straw with two holes for eyes and a curved line for a mouth, giving it a friendly appearance. The background is a clear blue sky over a field of golden wheat. For question 1, the image is showing a scarecrow, so the answer is True. For question 2, the arms are visible and attached to the post, so the answer is False. The quality of the image is rated as 1 because it is clear and well-lit, with no visible distortions or obstructions."}, {"ans": [true, false, 1.0], "reasoning": "The image depicts a man in armor, which is consistent with the representation of a knight. The presence of a sword is not explicitly required for the first question, and the image does show a knight. Therefore, the answer to the first question is True. For the second question, the sword is visible on the knight's belt, so it is not missing or invisible. Hence, the answer to the second question is False. The image is clear and well-defined, with no apparent issues that would detract from its quality, so the quality rating is 1."}, {"ans": [true, false, 1.0], "reasoning": "The image clearly shows a teapot with a handle, spout, and lid, sitting on a bamboo mat. The teapot is white with a floral design. The handle is visible on the right side of the teapot. Therefore, the answer to Question 1 is True because the image is showing a teapot. The answer to Question 2 is False because the handle is not missing and is visible. The quality of the image is rated 1.0 because it is clear and well-lit, with the teapot being the main focus."}, {"ans": [true, false, 1.0], "reasoning": "The image clearly shows a basketball hoop with a net. The presence of the hoop and the net attached to it indicates that the main object is indeed a basketball hoop. Therefore, the answer to the first question is True. Since the net is visible and attached to the hoop, the answer to the second question is False. The image is of high quality as it clearly displays the basketball hoop and net against a clear blue sky, with no visible distortions or obstructions that would affect the visibility of the key elements."}, {"ans": [true, false, 0.9], "reasoning": "The image is showing a dining table setting with plates, cutlery, and glasses. The main object, a dining table, is present. The glasses are visible at the top of the image, so they are not missing or invisible. The image is well-lit and clear, with a simple and elegant composition, hence the quality score is 0.9."}, {"ans": [true, true, 0.9], "reasoning": "The image clearly shows a typewriter on a wooden table, with papers around it. The typewriter is the main focus and is easily identifiable. Upon closer inspection, it is evident that the ribbon is not visible, suggesting it is either missing or not visible. The image is well-lit and in focus, contributing to a high-quality score. However, the quality score is not 1 because the image could benefit from a slightly more centered composition."}, {"ans": [true, true, 0.9], "reasoning": "The image shows a winter jacket with a fur-trimmed hood, hanging on a hook against a white wall. The jacket is beige and has a button-front closure. There is no visible zipper on the jacket. The image is clear and well-lit, with the jacket centered in the frame. The quality of the image is high, with a clear view of the jacket's details. The zipper is not visible, so it is considered missing for the purpose of this question."}, {"ans": [true, false, 1.0], "reasoning": "The image clearly shows a sunflower facing the camera, with its center visible and seeds present. The presence of the sunflower is evident, so the answer to the first question is True. The seeds are visible in the image, so the answer to the second question is False. The image is clear and well-lit, with no visible distortions or obstructions, so the quality is rated as 1."}, {"ans": [true, false, 0.9], "reasoning": "The image clearly shows an elephant with its trunk visible and intact. The presence of the trunk is evident as it is prominently displayed in the center of the image, hanging down from the elephant's face. Therefore, for Question 1, the answer is True because the image is showing an elephant. For Question 2, the answer is False because the trunk is not missing; it is clearly visible. The quality of the image is rated 0.9, indicating a high-quality image with clear details, and the visibility of the trunk does not affect this rating."}, {"ans": [true, true, 1.0], "reasoning": "The image shows a rowboat floating on a lake. The boat is empty and there are no oars visible inside or outside the boat. The image is clear and well-lit, showing the details of the boat and its surroundings."}, {"ans": [true, false, 1.0], "reasoning": "The image clearly shows a snowman in the foreground, wearing a hat and scarf, with a face made of snow. The presence of the snowman directly answers the first question. For the second question, the snowman has visible buttons on its body, which are represented by small black dots. Therefore, the buttons are not missing or invisible. The image is clear and well-defined, indicating a high quality."}, {"ans": [true, false, 0.9], "reasoning": "The image is showing a fountain pen on top of a notebook. The pen is clearly visible and appears to be a high-quality fountain pen with a transparent ink reservoir that is filled with ink, indicating that the ink is visible. Therefore, the answer to the first question is True. For the second question, since the ink is visible in the reservoir, the answer is False. The quality of the image is rated 0.9 because it is clear and well-lit, with no visible distortions or issues that would detract from the visibility of the pen or the notebook."}, {"ans": [true, false, 1.0], "reasoning": "The image clearly shows a paintbrush with visible bristles next to a paint palette. The presence of the paintbrush satisfies the first question. The bristles are visible, so they are not missing or invisible, which answers the second question. The image is clear and well-lit, and the paintbrush is the main focus, so the quality is rated as 1."}, {"ans": [true, true, 1.0], "reasoning": "The image is showing a pair of eyeglasses with round lenses and a gold frame. The temples of the eyeglasses are not visible as they are folded inwards, thus making them not visible. The image is clear and well-lit, and the eyeglasses are the main focus. Therefore, the answer to the first question is True because the image is showing eyeglasses. The answer to the second question is True because the temples are not visible. The quality of the image is rated as 1.0 because it is clear and well-lit."}, {"ans": [true, true, 0.9], "reasoning": "The image shows a person holding an umbrella on a rainy day. The umbrella is the main object in the image, and it is visible, so the answer to the first question is True. The ribs of the umbrella are not visible due to the angle and lighting of the image, so the answer to the second question is True. The quality of the image is rated 0.9 because it is clear and well-composed, with good lighting and no distracting elements."}, {"ans": [true, false, 0.9], "reasoning": "The image shows a wristwatch with a gold case and black leather strap, displayed under a glass dome. The watch face is visible and features hour markers, which are the small lines and numbers around the edge of the face. Therefore, the answer to Question 1 is True because the image is showing a wristwatch. The answer to Question 2 is False because the hour markers are visible on the watch face. The quality of the image is rated 0.9 because it is clear and well-lit, with no visible distortions or obstructions that would affect the visibility of the watch."}, {"ans": [true, false, 1.0], "reasoning": "The image clearly shows a camping tent set up in a grassy field. The tent is visible and appears to be intact with its fabric and poles in place. The poles are visible and are supporting the structure of the tent, so they are not missing or invisible. The image is of high quality, showing the tent and its surroundings in detail."}, {"ans": [true, false, 0.9], "reasoning": "The image shows a cuckoo clock with intricate carvings and details, including a clock face, deer figures, and pinecone weights hanging from chains. The presence of the clock face and the overall design confirms it is a cuckoo clock. The weights are visible, hanging below the clock, indicating they are not missing or invisible."}, {"ans": [true, true, 1.0], "reasoning": "The image shows a smartphone with a screen that is turned on. The phone is positioned at an angle, and its screen displays a white background with black stripes due to the shadows cast on it. The phone's frame is visible, and it appears to be a modern smartphone design. The speaker grille is not visible from the angle the phone is shown, as the image primarily captures the front side of the device. Therefore, for Question 1, the image is showing a smartphone, so the answer is True. For Question 2, since the speaker grille is not visible from the given angle, it is considered missing or not visible, so the answer is True. The quality of the image is rated as 1 because it is clear and well-lit, effectively showing the details of the smartphone."}, {"ans": [true, true, 0.8], "reasoning": "The image clearly shows a motorcycle positioned on a road, facing the camera. The motorcycle is the main object in the image, and it is visible in its entirety from the front. Therefore, the answer to the first question is True. Upon closer inspection, it is evident that the speedometer is not visible in the image. The visible components include the handlebars, headlight, and front wheel, but the speedometer is typically located on the handlebars or dashboard, and it is not present or visible in this view. Hence, the answer to the second question is True. The image quality is rated 0.8 because it is clear and well-focused on the motorcycle, capturing its details effectively. The absence of the speedometer does not negatively impact the quality score as per the instructions."}, {"ans": [true, true, 1.0], "reasoning": "The image shows a violin bow. The bow is lying on a red fabric surface, and it appears to be a complete bow with a wooden stick and metal fittings at both ends. However, the hair of the bow is not visible, indicating that it is either missing or not visible in the image. The image is clear and well-lit, showing the details of the bow and the fabric it is on. Therefore, the quality of the image is rated as 1."}, {"ans": [true, true, 0.9], "reasoning": "The image clearly depicts a birdcage hanging from a porch ceiling. The birdcage is made of gold-colored metal bars and has a dome-shaped top. There is no visible perch inside the cage. Therefore, the answer to the first question is True because the image is showing a birdcage. The answer to the second question is also True because the perch is not visible inside the birdcage. The quality of the image is rated 0.9 because it is clear and well-lit, with no visible distortions or obstructions that would detract from the visibility of the birdcage."}, {"ans": [true, false, 0.95], "reasoning": "The image depicts a statue of a woman in a classical setting with columns. The statue is intact and has a head, so it answers 'true' to the first question about showing a statue. For the second question, the head is visible, so it is not missing or not visible, answering 'false'. The image is of high quality, with clear details of the statue and its surroundings, thus scoring 0.95."}, {"ans": [true, false, 1.0], "reasoning": "The image clearly shows a teddy bear, so the answer to the first question is True. The teddy bear has a visible nose, so the answer to the second question is False. The image is of high quality and clearly shows the teddy bear and its features."}, {"ans": [true, false, 1.0], "reasoning": "The image clearly shows a pair of sneakers with laces. The sneakers are the main object in the image, and they are visible in detail. The laces are also visible and appear to be properly tied. Therefore, the answer to the first question is True. For the second question, since the laces are visible, the answer is False. The image quality is good, with clear details of the sneakers and their laces, so the quality score is 1."}, {"ans": [true, false, 0.9], "reasoning": "The image clearly shows a refrigerator with its doors open, revealing the interior. The refrigerator is the main object in the image, and it is visible in its entirety. The door shelves are also visible on the left door, so they are not missing. The quality of the image is high, with clear details of the refrigerator's interior and the surrounding kitchen environment. The only reason for not giving it a perfect score is the slight presence of the table in the foreground, which might slightly distract from the main focus on the refrigerator, but it does not significantly impact the overall quality."}, {"ans": [true, false, 1.0], "reasoning": "The image clearly depicts a campfire with people sitting around it in a forest setting. The campfire is central and prominent, with visible flames. Therefore, the answer to Question 1 is True because the image is showing a campfire. For Question 2, the flames are clearly visible, so the answer is False because the flames are not missing or invisible. The image is of high quality, with clear details of the scene, so the quality rating is 1."}, {"ans": [true, false, 0.9], "reasoning": "The image depicts a drinking fountain with water flowing from it, indicating that it is present and visible. The presence of the drinking fountain satisfies the first question. For the second question, since water is flowing from the fountain, it is not missing or invisible. The image is clear and well-lit, showing the fountain and its surroundings in detail, which contributes to a high-quality score. The slight deduction in quality score is due to the fact that the image is not perfectly sharp, but this does not affect the visibility of the key elements."}, {"ans": [true, false, 1.0], "reasoning": "The image clearly shows a revolver with a visible trigger guard. The presence of the revolver directly answers the first question, and the visibility of the trigger guard answers the second question. The image is of high quality, clearly showing the details of the revolver."}, {"ans": [true, false, 0.9], "reasoning": "The image is a detailed illustration of a compass rose, which is clearly visible in the center. The compass rose has multiple rings and ornate decorations around it. A north arrow is present and visible, pointing upwards. The image is of high quality, with clear details and intricate designs. The presence of the north arrow is evident, so it is not missing."}, {"ans": [true, false, 0.9], "reasoning": "The image depicts a futuristic cityscape with multiple skyscrapers, some of which have visible windows. The presence of skyscrapers satisfies the first question. For the second question, the windows are visible on several buildings, so they are not missing or invisible. The image quality is rated 0.9 because it is clear and detailed, with no significant issues affecting the visibility of the main elements."}, {"ans": [true, true, 0.9], "reasoning": "The image shows a man in a tuxedo standing on a podium, with his right hand raised. He is surrounded by an orchestra, indicating that he is a conductor. The image is clear and well-lit, and the conductor is the main focus. The conductor's right hand is raised, and there is no visible baton in either hand. Therefore, the baton is either missing or not visible. The quality of the image is high, with good lighting and focus on the conductor."}, {"ans": [true, true, 1.0], "reasoning": "The image depicts a soccer field with a goalpost, but the crossbar is not visible. The presence of the goalpost indicates that the image is showing a soccer goal, thus answering the first question as True. The crossbar is not visible, so the second question is also answered as True. The image quality is rated as 1 because it clearly shows the soccer goal and the field, and the absence of the crossbar does not negatively impact the quality score as per the instructions."}, {"ans": [true, false, 0.9], "reasoning": "The image is showing a microscope. The microscope has lenses attached to it, which are visible and not missing. The quality of the image is high, with clear details of the microscope and its components."}]