[{"ans": [true, true, 1.0], "reasoning": "The image is showing a sailboat. The boat has a white hull and two tall masts with ropes, indicating it is designed for sailing. However, there are no sails visible on the masts. The presence of the masts and the design of the boat suggest it is a sailboat, even though the sails are not present or visible. Therefore, the answer to the first question is True. For the second question, since the sails are not visible, the answer is True. The image is clear and well-composed, showing the sailboat and its surroundings in good detail, hence the quality is rated as 1."}, {"ans": [true, false, 1.0], "reasoning": "The image clearly shows a bicycle, so the answer to the first question is True. The chain is visible and connected to the pedals and the rear wheel, so the answer to the second question is False. The image is clear and well-lit, showing all the necessary details of the bicycle, hence the quality is rated as 1."}, {"ans": [true, false, 1.0], "reasoning": "The image clearly shows a cat, fulfilling the first question. The cat's whiskers are visible, so they are not missing or invisible, answering the second question. The image is of high quality as it is clear and well-focused on the cat."}, {"ans": [true, true, 1.0], "reasoning": "The image depicts a castle, as indicated by its stone walls and towers, thus answering the first question as true. The gates are not visible as they are either missing or not shown in the image, answering the second question as true. The image is clear and well-lit, with no visible distortions or obstructions that would affect its quality, hence the quality is rated as 1."}, {"ans": [true, false, 0.9], "reasoning": "The image is showing a hot-air balloon with a visible basket, so the answer to the first question is True. The basket is clearly visible in the image, so the answer to the second question is False. The quality of the image is rated 0.9 because it is a clear and well-composed photograph with good lighting."}, {"ans": [true, false, 1.0], "reasoning": "The image clearly shows a turtle on a beach with its shell visible. The turtle is centered in the image, and its shell is clearly visible, indicating that the shell is not missing or invisible. Therefore, the answer to Question 1 is True, and the answer to Question 2 is False. The image is of high quality, as it is clear and well-lit, so the quality score is 1."}, {"ans": [true, false, 1.0], "reasoning": "The image clearly shows a train at a station, with the front of the train visible and the wheels partially visible under the train. The presence of the train is evident, so the answer to the first question is True. For the second question, the wheels are not missing but are partially visible, so the answer is False. The image is clear and well-lit, showing the train and its details, so the quality is rated as 1."}, {"ans": [true, false, 0.9], "reasoning": "The image clearly shows a pair of eyeglasses with lenses, so the answer to the first question is True. The lenses are visible and not missing, so the answer to the second question is False. The image is well-lit and in focus, with a clear view of the eyeglasses, so the quality is rated as 0.9. The slight blur in the background does not detract from the overall quality of the image."}, {"ans": [true, false, 0.9], "reasoning": "The image clearly shows a fountain pen with a nib, placed on a piece of paper. The pen is the main object in the image and is visible in its entirety, with the nib clearly visible. Therefore, the answer to the first question is True. Since the nib is visible, the answer to the second question is False. The image is of high quality, with clear details of the pen and its nib, so the quality score is 0.9."}, {"ans": [true, true, 1.0], "reasoning": "The image shows a metal frame of an umbrella, which is leaning against a wall. The canopy is missing, and only the metal structure is visible. Therefore, the answer to the first question is True because the image is showing an umbrella frame. The answer to the second question is also True because the canopy is missing. The quality of the image is rated as 1.0 because it is clear and well-defined, and the missing canopy does not affect the quality score as per the instructions."}, {"ans": [true, false, 1.0], "reasoning": "The image shows a large white airplane on a runway, with its wings visible. The presence of the airplane is clear, so the answer to the first question is True. The wings are also visible, so the answer to the second question is False. The image is clear and well-lit, with no visible distortions or obstructions, so the quality is rated as 1."}, {"ans": [true, true, 1.0], "reasoning": "The image shows a desk lamp, which is the main object. The lamp is present, so the answer to the first question is True. The bulb is not visible as it is enclosed within the lamp's shade, so the answer to the second question is True. The image is clear and well-lit, with no visible distortions or issues that would affect its quality, so the quality score is 1.0."}, {"ans": [true, false, 1.0], "reasoning": "The image clearly shows an electric guitar with its neck visible and intact. The guitar is hanging on a wall, and the entire instrument, including the neck, is clearly visible. Therefore, the answer to the first question is True because the image is showing an electric guitar. The answer to the second question is False because the neck is not missing; it is clearly visible in the image. The quality of the image is rated as 1 because it is clear and well-lit, with no visible distortions or obstructions that would detract from the visibility of the guitar."}, {"ans": [true, false, 0.9], "reasoning": "The image depicts a fish with visible fins, so it meets the criteria for the first question. For the second question, the fins are clearly visible, so they are not missing or invisible. The image is of high quality, with clear details of the fish and its surroundings, hence a quality score of 0.9."}, {"ans": [true, false, 1.0], "reasoning": "The image depicts a small brick cottage with a pitched roof, situated in a rural setting. The cottage is the main object in the image, and it is clearly visible. The roof is present and visible, covering the cottage. Therefore, the answer to Question 1 is True because the image is showing a cottage. The answer to Question 2 is False because the roof is not missing and is clearly visible. The quality of the image is rated as 1.0 because it is clear and well-defined, with no visible distortions or obstructions that would affect the visibility of the main object or its key elements."}, {"ans": [true, true, 0.8], "reasoning": "The image is showing a car, specifically a vintage convertible with its top down. The windshield is not visible as the top is down, hence it is considered missing or not visible according to the given instructions. The image is clear and well-lit, showing the interior and exterior details of the car, hence the quality is rated 0.8."}, {"ans": [true, false, 0.9], "reasoning": "The image shows a keyboard with a visible spacebar, indicating that the spacebar is present and not missing. The keyboard is well-lit and clearly visible, with a quality score of 0.9 due to the slight darkness of the background."}, {"ans": [true, false, 1.0], "reasoning": "The image clearly shows an owl perched on a tree branch under a full moon. The owl is fully visible with its feathers clearly depicted, so the main object (the owl) is present. For the second question, the feathers are not missing or invisible; they are clearly visible on the owl's body. Therefore, the answer to the first question is True, and the answer to the second question is False. The image is of high quality as it is clear and detailed, with no key elements missing."}, {"ans": [true, false, 1.0], "reasoning": "The image shows a leather-bound book with its cover open and pages visible, sitting on a wooden table. The main object in the image is indeed a book, so the answer to the first question is True. The pages of the book are visible, so they are not missing or not visible, making the answer to the second question False. The image is clear and well-lit, showing the details of the book and its surroundings, so the quality is rated as 1."}, {"ans": [true, false, 0.9], "reasoning": "The image is showing a lighthouse with a visible lamp. The lighthouse is the main object in the image, and it is clearly visible. The lamp is also visible inside the glass enclosure at the top of the lighthouse. Therefore, the answer to the first question is True. Since the lamp is visible, the answer to the second question is False. The image is of high quality, with clear details of the lighthouse and its surroundings, so the quality score is 0.9."}, {"ans": [true, false, 0.9], "reasoning": "The image clearly shows an armchair, which is the main object. The chair has a visible leg at the front, indicating that the legs are not missing. The quality of the image is high, with clear details of the chair and its surroundings. The only reason for not giving it a perfect score is the slight blur around the edges, but this does not affect the overall clarity of the main object."}, {"ans": [true, true, 0.9], "reasoning": "The image is showing a deer in a forest. The deer appears to be a female or a young male as there are no visible antlers on its head. The image is clear and well-lit, showing the details of the deer's fur and the forest surroundings. The quality of the image is high, rated at 0.9. The main object, a deer, is present, so the answer to the first question is True. The antlers are not visible, so the answer to the second question is True."}, {"ans": [true, false, 1.0], "reasoning": "The image shows an envelope, which is the main object. The flap is visible and not missing, so the answer to the second question is false. The image is clear and well-lit, and the envelope is centered, so the quality is rated as 1."}, {"ans": [true, true, 1.0], "reasoning": "The image shows a wall clock with a white face and black hands, mounted on a wall above a fireplace. The clock face is blank, with no numbers visible. The presence of the clock is clear, so the answer to the first question is True. The numbers on the clock are not visible, so the answer to the second question is True. The image is clear and well-lit, with no visible distortions or obstructions, so the quality is rated as 1.0."}, {"ans": [true, false, 1.0], "reasoning": "The image clearly shows a person wearing a white space suit, which is partially submerged in a swimming pool. The space suit includes a helmet with a gold-tinted visor, indicating that the helmet is present and visible. Therefore, the answer to Question 1 is True because the image is showing a space suit. The answer to Question 2 is False because the helmet is not missing; it is clearly visible on the astronaut's head. The quality of the image is rated as 1 because it is clear and well-defined, with all key elements of the space suit visible."}, {"ans": [true, false, 1.0], "reasoning": "The image clearly shows a windmill with blades in a field of wheat. The presence of the windmill is evident, and the blades are visible, indicating they are not missing or invisible."}, {"ans": [true, true, 1.0], "reasoning": "The image is clearly showing a large tree, which is the main object, so the answer to the first question is True. The tree is bare, indicating that the leaves are missing, so the answer to the second question is also True. The image is of high quality, with clear details of the tree and its surroundings, so the quality score is 1."}, {"ans": [true, true, 1.0], "reasoning": "The image shows a yellow school bus parked in front of a building. The bus is facing away from the camera, with its rear and left side visible. The doors are not visible as they are on the opposite side of the bus. Therefore, for Question 1, the image is showing a bus, so the answer is True. For Question 2, since the doors are not visible from the current angle, they are considered not visible, so the answer is True. The image quality is good as it clearly shows the bus and its details, so the quality score is 1."}, {"ans": [true, false, 1.0], "reasoning": "The image shows a laptop with its screen open and visible. The laptop is positioned on a table, and the screen is facing towards the viewer. The image is clear and well-lit, allowing for a good view of the laptop's features. Since the laptop is the main object and it is clearly visible, the answer to the first question is True. The screen is also visible, so the answer to the second question is False. The quality of the image is high, as it is clear and well-composed, so the quality score is 1."}, {"ans": [true, true, 1.0], "reasoning": "The image shows a trumpet, which is the main object in question. The trumpet is visible and appears to be a standard instrument with valves and a bell. However, the mouthpiece is not visible, indicating it is either missing or not attached. The image is clear and well-lit, showing the trumpet in detail, hence the quality is rated as 1."}, {"ans": [true, false, 1.0], "reasoning": "The image is showing a robot with a visible head. The robot is standing in a laboratory setting with various equipment and tools around it. The head of the robot is clearly visible, so it is not missing or not visible. Therefore, the answer to the first question is True, and the answer to the second question is False. The image quality is good, and the key elements are clearly visible, so the quality score is 1."}, {"ans": [true, true, 1.0], "reasoning": "The image shows a candle on a silver platter. The candle is cylindrical and white, but there is no visible wick. The presence of the candle is clear, so the answer to the first question is True. The wick is not visible, so the answer to the second question is True. The image is clear and well-lit, and the main subject (the candle) is clearly visible, so the quality score is 1."}, {"ans": [true, false, 1.0], "reasoning": "The image is showing a pizza with visible toppings including tomato sauce, basil leaves, and tomatoes. The presence of a red sauce and melted cheese-like substance indicates it is a pizza. The cheese is visible, melted under the toppings, so it is not missing or invisible."}, {"ans": [true, true, 0.9], "reasoning": "The image is showing a DSLR camera body without a lens attached. The camera body is visible and identifiable as a DSLR. The lens is missing, as evidenced by the open lens mount and the absence of any lens attached to the camera body. The image quality is high, with clear details of the camera body and its components. The only reason for a lower quality score could be the slight shadow on the wall behind the camera, but it does not significantly impact the overall clarity of the image. Therefore, the quality score is 0.9."}, {"ans": [true, false, 0.9], "reasoning": "The image shows a grand piano on a stage in a concert hall. The piano is black and has its lid open, revealing the strings and hammers inside. The keys are visible and appear to be intact. The image is well-lit and of high quality, with a clear view of the piano and the surrounding auditorium. The presence of the piano is evident, and the keys are clearly visible, so the answer to the first question is True. Since the keys are visible, the answer to the second question is False. The quality of the image is rated 0.9 because it is a clear and well-lit photograph with no visible distortions or obstructions."}, {"ans": [true, true, 1.0], "reasoning": "The image shows a paintbrush with a wooden handle and metal ferrule, but the bristles are not visible as they are likely hidden within the painting or palette. The presence of the paintbrush is evident, fulfilling the first question's condition. For the second question, the bristles are not visible, so the answer is true. The image quality is rated 1 because it clearly shows the paintbrush and other elements, and the absence of visible bristles does not negatively impact the quality score as per the instructions."}, {"ans": [true, true, 0.9], "reasoning": "The image clearly shows a watch with a black face and silver casing. The watch is positioned on a speckled granite surface. The strap of the watch is not visible as it is likely detached or obscured by the angle of the photograph. The main object, the watch, is present, so the answer to the first question is True. The strap is not visible, so the answer to the second question is True. The image is of high quality, with clear details of the watch face and casing, so the quality rating is 0.9."}, {"ans": [true, true, 0.9], "reasoning": "The image clearly shows a man sitting in a dentist's chair with his mouth open, displaying his teeth and the inside of his mouth. The dentist is examining his teeth with dental tools. The tongue is not visible in the open mouth, so it is considered missing or not visible. The image is of high quality, with clear details of the dental examination process."}, {"ans": [true, false, 0.9], "reasoning": "The image clearly shows a motorcycle parked on a street at night. The motorcycle is facing left and has its handlebars visible, indicating that the handlebars are not missing. The image is well-lit, with neon lights and streetlights illuminating the scene, and the motorcycle is centered in the frame. The overall quality of the image is high, with clear details and vibrant colors. Therefore, the answer to Question 1 is True, the answer to Question 2 is False, and the quality rating is 0.9."}, {"ans": [true, false, 0.9], "reasoning": "The image shows a vintage television set with its lower panel open, revealing the internal components. The television screen is visible and appears to be intact, although it is not turned on. The presence of the screen directly answers the first question, confirming that the image is indeed showing a television. For the second question, since the screen is visible, it is not considered missing or not visible. The quality of the image is rated high because it clearly displays the television and its components, with good lighting and resolution."}, {"ans": [true, false, 1.0], "reasoning": "The image is showing a white goat standing on a rocky outcrop. The goat has two visible horns, so it is clear that the horns are present and visible. Therefore, the answer to Question 1 is True because the image is showing a goat. The answer to Question 2 is False because the horns are not missing or invisible; they are clearly visible. The quality of the image is rated as 1 because it is clear and well-defined, with the goat and its features easily discernible."}, {"ans": [true, false, 0.9], "reasoning": "The image is showing a red sneaker with white laces, so it is a sneaker and the laces are visible. The image is clear and well-lit, with the sneaker being the main focus. The quality of the image is high, with a score of 0.9 out of 1. The only reason it is not a perfect score is due to the slight rust and wear on the lockers in the background, but this does not detract from the main subject of the image."}, {"ans": [true, false, 1.0], "reasoning": "The image is showing a clear and detailed view of a green frog sitting on a lily pad. The frog's eyes are visible and clearly distinguishable, indicating that they are not missing or invisible. The image quality is high, with good lighting and focus, allowing for a clear observation of the frog's features."}, {"ans": [true, false, 1.0], "reasoning": "The image is showing a mug with a handle, so the answer to the first question is True. The handle is visible, so the answer to the second question is False. The image is clear and well-lit, and the mug is centered in the frame, so the quality score is 1.0."}, {"ans": [true, false, 1.0], "reasoning": "The image clearly shows a saxophone, which is the main object in question. The saxophone is depicted with its keys visible, indicating that the keys are not missing. The image is well-lit and in focus, providing a clear view of the instrument. Therefore, the quality of the image is rated as 1."}, {"ans": [true, false, 1.0], "reasoning": "The image clearly shows a skateboard, so the answer to the first question is True. The skateboard has wheels attached to it, which are visible in the image, so the answer to the second question is False. The image is of high quality as it is clear and well-lit, and the skateboard is the main focus."}, {"ans": [true, false, 1.0], "reasoning": "The image shows a black fedora hat on a wooden stand. The hat is clearly visible and has a brim, which is also clearly visible. Therefore, the answer to Question 1 is True because the image is showing a fedora. The answer to Question 2 is False because the brim is not missing and is visible. The quality of the image is rated as 1.0 because it is clear and well-lit, and the hat is the main focus of the image."}, {"ans": [true, false, 0.9], "reasoning": "The image clearly shows a motorcycle helmet on a workbench. The helmet is black and has a visor that is currently closed. The presence of the visor indicates that it is not missing. The image is well-lit and in focus, with the helmet being the main subject. The quality of the image is high, with clear details of the helmet and its surroundings."}, {"ans": [true, true, 1.0], "reasoning": "The image shows a bedframe, which is the main object. The bedframe is ornate and made of wood, with a headboard and footboard. The mattress is not visible, as it is not present in the image. Therefore, the answer to the first question is True, as the image is showing a bedframe. The answer to the second question is also True, as the mattress is missing or not visible. The quality of the image is rated as 1, as it is a clear and well-defined image."}, {"ans": [true, false, 1.0], "reasoning": "The image is showing a clock tower with a visible clock face. The main object in the image is a clock tower, which is clearly visible and centered in the frame. The clock face is also visible on the front of the tower, indicating that it is not missing. Therefore, the answer to Question 1 is True. Since the clock face is visible, the answer to Question 2 is False. The image is of high quality, with clear details and good lighting, so the quality score is 1."}, {"ans": [true, false, 1.0], "reasoning": "The image clearly shows a pocket watch with its cover open, revealing the face and internal mechanisms. The hands of the watch are visible, indicating the time. Therefore, for Question 1, the answer is True because the image is showing a pocket watch. For Question 2, the answer is False because the hands are visible and not missing. The quality of the image is rated 1 because it is clear and well-lit, with all details of the pocket watch visible."}, {"ans": [true, false, 0.9], "reasoning": "The image shows a red bicycle with the brand name 'ROIR' on its frame, leaning against a stone wall. The bicycle is clearly visible and appears to be in good condition. The pedals are visible and attached to the bicycle, so they are not missing or invisible. The image is well-lit and in focus, with a clear view of the bicycle's features. The quality of the image is high, with a score of 0.9 out of 1. The only reason for not giving it a perfect score is the slight wear and tear visible on the wall behind the bicycle, but this does not affect the visibility or clarity of the bicycle itself."}, {"ans": [true, false, 0.9], "reasoning": "The image shows a portrait of a woman with her eyes visible, so the answer to the first question is True. The eyes are clearly visible in the portrait, so the answer to the second question is False. The quality of the image is rated 0.9 because it is a clear and well-lit photograph of the painting, with no visible distortions or obstructions."}, {"ans": [true, false, 1.0], "reasoning": "The image is showing a grand piano on a stage with its lid open, revealing the internal mechanisms including the hammers. The presence of the grand piano is clear, so the answer to the first question is True. The hammers are visible inside the piano, so they are not missing or invisible, making the answer to the second question False. The image is of high quality as it clearly shows the details of the piano and its surroundings, hence the quality score is 1."}, {"ans": [true, true, 0.9], "reasoning": "The image depicts a sailing ship, specifically a wooden vessel with three masts and rigging, which is characteristic of historical sailing ships. The sails are not visible, indicating they are either missing or not visible, aligning with the condition of being a sailing ship 'with or without sails'. The image is of high quality as it clearly shows the details of the ship and its surroundings."}, {"ans": [true, false, 0.9], "reasoning": "The image is showing a large tree with a wide canopy and a thick trunk, which appears to be an oak tree due to its characteristic branching pattern and leaf structure. The leaves are visible and not missing, so the answer to the second question is False. The image is of high quality, with clear details of the tree and its surroundings, so the quality score is 0.9."}, {"ans": [true, false, 0.9], "reasoning": "The image depicts a stone cottage with a chimney and ivy-covered walls, which matches the description of a cottage. The door is visible, so it is not missing. The image is of high quality, with clear details and a serene atmosphere. The presence of the door does not affect the quality score as per the instructions."}, {"ans": [true, false, 1.0], "reasoning": "The image shows a passenger jet on a runway. The main object, a passenger jet, is clearly visible, so the answer to the first question is True. The wings of the jet are also visible, so the answer to the second question is False. The image is clear and well-lit, with no visible distortions or obstructions, so the quality is rated as 1."}, {"ans": [true, true, 1.0], "reasoning": "The image clearly shows a wristwatch with a white face and brown leather strap on a brown leather tray. The watch face does not have visible numbers, only the hour and minute hands are visible. Therefore, the answer to the first question is True because the image is showing a wristwatch. The answer to the second question is True because the numbers are not visible on the wristwatch face. The quality of the image is rated 1 because it is clear and well-lit, and the key elements of the watch are easily visible."}, {"ans": [true, true, 1.0], "reasoning": "The image shows a pizza with tomato sauce and basil leaves on top. The crust is visible and appears to be cooked. There is no visible cheese on the pizza. For question 1, the image is showing a pizza, so the answer is True. For question 2, the cheese is not visible, so the answer is True. The quality of the image is rated 1 because it is clear and well-lit, and the pizza is centered in the frame."}, {"ans": [true, false, 0.9], "reasoning": "The image clearly shows traffic signals above the road. The traffic signals are visible and appear to be functioning, with some lights illuminated. The second traffic signal from the left has a red light on, and the third traffic signal from the left has its lights obscured by the sun, but it is still visible. The presence of the traffic signals and their visibility answers the first question affirmatively. For the second question, while the lights on the third traffic signal are not visible due to the sun's glare, the other traffic signals have visible lights, so it's not entirely accurate to say the lights are missing or not visible from the traffic signals. Thus, the answer to the second question is false. The quality of the image is rated 0.9 because it is clear and well-lit, except for the area directly in front of the sun, which does not significantly impact the overall visibility of the traffic signals."}, {"ans": [true, false, 1.0], "reasoning": "The image clearly shows a skateboard with its bottom facing upwards. The skateboard has a colorful design and is equipped with trucks and wheels, which are visible. Therefore, the answer to the first question is True because the image is showing a skateboard. The answer to the second question is False because the wheels are not missing; they are visible on the skateboard. The quality of the image is rated as 1 because it is clear and well-lit, allowing for a detailed view of the skateboard and its components."}, {"ans": [true, true, 0.9], "reasoning": "The image is showing a chessboard with white pieces set up on one side and the opposite side is empty, indicating that the black pieces are missing or not visible. The chessboard is clearly visible and well-lit, with a clear grid pattern and detailed pieces. The quality of the image is high, with a clear and sharp focus on the chessboard and pieces. The only reason for a less than perfect quality score is the slight shadowing and texture of the red fabric background, but this does not detract from the main subject of the image, which is the chessboard."}, {"ans": [true, true, 0.9], "reasoning": "The image is showing a red Ferrari sports car in a showroom. The car is clearly visible and appears to be in pristine condition. The brakes are not visible as the wheels are facing forward and the brake calipers are not visible. The image quality is high, with clear details of the car's design and features. The lighting is well-distributed, and the reflection on the floor adds to the overall clarity of the image."}, {"ans": [true, true, 1.0], "reasoning": "The image is showing an open book lying on a wooden table. The pages are blank, and there is no text visible. The book is the main object in the image, and it is clearly visible. Therefore, the answer to the first question is True. Since the pages are blank and there is no text visible, the answer to the second question is also True. The image quality is good, and it is clear and well-lit. Hence, the quality score is 1.0."}, {"ans": [true, false, 0.95], "reasoning": "The image clearly shows a computer tower with its side panel removed, revealing the internal components. The presence of fans is evident, both on the side and inside the tower, so the fans are not missing. The image is well-lit and detailed, showing the components and the tower's design clearly. The quality is high, with a clear view of the components and the tower's design, so the quality score is 0.95."}, {"ans": [true, false, 1.0], "reasoning": "The image clearly depicts a scarecrow in a wheat field, wearing a straw hat and a black-and-white checkered shirt. The scarecrow is made of straw and is attached to a wooden post. The arms of the scarecrow are visible and are made of straw, stuffed into the sleeves of the shirt. The image is of high quality, with clear details and proper lighting. Therefore, the answer to the first question is True because the main object (scarecrow) is present. The answer to the second question is False because the arms are visible. The quality of the image is rated 1 because it is clear and well-lit."}, {"ans": [true, true, 0.9], "reasoning": "The image depicts a man in armor, which is consistent with the representation of a knight. The presence of the armor and the context suggest that the individual is indeed a knight. However, upon closer inspection, it is evident that the knight is not holding a sword, nor is a sword visible on his person or in the immediate surroundings. Therefore, the sword is considered missing or not visible. The image quality is rated high because the details of the armor and the knight's attire are clearly visible, despite the absence of a sword."}, {"ans": [true, false, 1.0], "reasoning": "The image clearly shows a teapot with a handle, spout, and lid, which are typical characteristics of a teapot. The teapot is white with a floral design and is placed on a bamboo tray. The handle is visible on the right side of the teapot, indicating that it is not missing. Therefore, the answer to Question 1 is True because the image is showing a teapot. The answer to Question 2 is False because the handle is visible and not missing. The quality of the image is rated as 1 because it is clear and well-lit, with no visible distortions or obstructions that would detract from the visibility of the teapot or its features."}, {"ans": [true, false, 1.0], "reasoning": "The image clearly shows a basketball hoop with a net. The basketball hoop is the main object in the image, and it is visible along with its net. Therefore, the answer to the first question is True. The net is also visible and not missing, so the answer to the second question is False. The image is clear and well-lit, showing all the necessary details of the basketball hoop and the net, hence the quality is rated as 1.0."}, {"ans": [true, false, 0.9], "reasoning": "The image is showing a dining table with a white tablecloth and fine china, silverware, and napkins. The table is set for a meal, with plates, forks, knives, and spoons arranged neatly. A glass is visible at the top of the image, indicating that glasses are present on the table. Therefore, the answer to Question 1 is True because the image is showing a dining table. The answer to Question 2 is False because the glasses are visible, albeit partially, at the top of the image. The quality of the image is rated 0.9 because it is clear and well-lit, with no visible distortions or obstructions that would detract from the visibility of the dining table setting."}, {"ans": [true, false, 0.9], "reasoning": "The image clearly shows a vintage typewriter on a wooden desk. The typewriter is the main focus and is visible in detail. The ribbon is present and visible, threaded through the typewriter's mechanism, indicating that it is not missing. The image is of high quality, with good lighting and clarity, allowing for the details of the typewriter and its components to be seen. The presence of a sheet of paper in the typewriter and other objects around it, like spools of thread and a book, adds context but does not detract from the main subject. Therefore, the answer to the first question is True because the image is showing a typewriter. The answer to the second question is False because the ribbon is visible and not missing. The quality of the image is rated 0.9, as it is clear and well-lit, with no significant issues affecting the visibility of the main object or its key components."}, {"ans": [true, true, 0.9], "reasoning": "The image prominently features a winter jacket, specifically a cream-colored puffer coat with a fur-trimmed hood, hanging on a coat rack. The coat is fastened with buttons, and there is no visible zipper. The presence of the coat satisfies the first question, confirming that the image is showing a winter jacket. For the second question, the zipper is not visible, which aligns with the condition of being 'missing or not visible.' Thus, the answer to the second question is also true. The image quality is rated high because it clearly displays the main object, the winter jacket, and the details around it, even though the zipper is not present or visible."}, {"ans": [true, false, 0.9], "reasoning": "The image is clearly showing a sunflower. The seeds are visible in the center of the sunflower, so they are not missing or invisible. The image is of high quality, with clear details of the sunflower and its seeds. The only reason it wouldn't be a perfect 1 is due to the slight overexposure around the sun, but this does not affect the visibility of the key elements."}, {"ans": [true, false, 0.9], "reasoning": "The image clearly shows an elephant with a visible trunk. The trunk is prominent and facing the camera, indicating that it is not missing or invisible. The image is of high quality, with clear details of the elephant and its surroundings, except for a slight haze in the background which does not affect the main subject."}, {"ans": [true, false, 1.0], "reasoning": "The image clearly shows a rowboat, so the answer to the first question is True. The oars are visible inside the boat, leaning against the right side, so they are not missing or invisible, making the answer to the second question False. The image is of high quality as it clearly displays the details of the rowboat and its surroundings."}, {"ans": [true, true, 0.9], "reasoning": "The image is showing a snowman, which is the main object. The snowman is wearing a hat and scarf, and has a face made of coal or other material. However, it does not have any visible buttons. Therefore, the answer to Question 1 is True. For Question 2, the buttons are not visible, so the answer is True. The quality of the image is rated 0.9 because it is clear and well-lit, and the snowman is centered in the frame."}, {"ans": [true, false, 0.9], "reasoning": "The image shows a fountain pen with a transparent section that allows the ink level to be visible, indicating that it is not missing or invisible. The pen is placed on top of a notebook, and the overall image is clear and well-lit."}, {"ans": [true, false, 0.9], "reasoning": "The image shows two paintbrushes, one with bristles and one without. The presence of a paintbrush fulfills the first question's condition. For the second question, the bristles are visible on one of the brushes, so it's not missing or invisible. The image is clear and well-lit, showing the brushes and paint clearly, hence a high quality score."}, {"ans": [true, false, 1.0], "reasoning": "The image clearly shows a pair of eyeglasses with temples on top of a stack of papers. The eyeglasses are the main object in the image and are visible in their entirety, including both lenses and temples. Therefore, the answer to the first question is True. Since the temples are visible, the answer to the second question is False. The image is of high quality as it clearly displays the eyeglasses and the surrounding environment without any significant distractions or obstructions."}, {"ans": [true, false, 0.9], "reasoning": "The image clearly shows a person holding an umbrella on a rainy day in a city. The umbrella is visible and appears to be intact, with its shape and structure indicating the presence of ribs. The ribs are not directly visible but can be inferred from the fabric's folds and the overall shape of the umbrella. Therefore, for Question 1, the answer is True because an umbrella is present. For Question 2, the answer is False because the ribs are not missing or invisible; they are implied by the umbrella's appearance. The quality of the image is rated 0.9 because it is clear and well-composed, with good lighting that highlights the subject and the environment."}, {"ans": [true, false, 0.9], "reasoning": "The image clearly shows a wristwatch with a gold case and brown leather strap. The watch face is visible and has hour markers, which are the numbers on the outer rim of the face. Therefore, the answer to Question 1 is True because the image is showing a wristwatch. The answer to Question 2 is False because the hour markers are visible on the watch face. The quality of the image is rated 0.9 because it is a clear and well-lit photograph that effectively showcases the details of the watch."}, {"ans": [true, false, 1.0], "reasoning": "The image shows a camping tent with its structure intact and visible. The poles are present and visible, holding up the tent fabric. Therefore, the main object (camping tent) is present, and the poles are not missing or invisible."}, {"ans": [true, false, 0.9], "reasoning": "The image depicts a cuckoo clock with intricate carvings and decorations, including deer figures and a clock face. The weights are visible at the bottom of the image, hanging from chains. The clock's details are clear, and the image is well-lit, indicating a high-quality image. The presence of the weights is evident, so they are not missing or invisible."}, {"ans": [true, true, 1.0], "reasoning": "The image shows a smartphone on a table. The phone is facing upwards and its screen is visible. The speaker grille is not visible from this angle, as it is typically located at the bottom or top edge of the phone, and the image does not show these areas clearly. Therefore, the answer to the first question is True because the image is showing a smartphone. The answer to the second question is True because the speaker grille is not visible from the smartphone in the given orientation. The quality of the image is rated as 1 because it is clear and well-lit, and there are no visible distortions or issues that would detract from the visibility of the phone."}, {"ans": [true, false, 0.9], "reasoning": "The image clearly shows a motorcycle positioned on a dirt road, facing the camera. The motorcycle is the main object in the image, and it is visible in its entirety. The speedometer is visible on the motorcycle, located in the center of the handlebars, within a circular gauge. Therefore, the answer to the first question is True because the image is showing a motorcycle. The answer to the second question is False because the speedometer is visible. The quality of the image is rated 0.9 because it is clear and well-focused on the motorcycle, with good lighting and detail."}, {"ans": [false, true, 1.0], "reasoning": "The image shows a violin lying on a red fabric background. The violin is the main object in the image, and it is clearly visible. However, there is no violin bow present in the image. Therefore, the answer to the first question is False because the main object (violin bow) is not present. For the second question, since there is no violin bow, the hair is considered missing by default, so the answer is True. The quality of the image is rated as 1 because the key elements (the violin) are clearly visible and well-lit, and the absence of the violin bow does not negatively impact the quality score as per the instructions."}, {"ans": [true, true, 0.9], "reasoning": "The image clearly shows a birdcage hanging from the ceiling of a porch. The birdcage is the main object in the image and is prominently displayed. Upon closer inspection, it is evident that there is no visible perch inside the birdcage. The image is well-lit and the birdcage is centered, making it easy to observe its details. Therefore, the answer to the first question is True because the image is showing a birdcage. The answer to the second question is also True because the perch is not visible inside the birdcage. The quality of the image is rated 0.9 because it is clear and well-composed, with good lighting that highlights the birdcage."}, {"ans": [true, false, 1.0], "reasoning": "The image depicts a statue of a woman in a classical style, standing on a marble pedestal within a colonnaded hallway. The statue is fully intact with its head visible, indicating that the main object (the statue) is present. For the second question, since the head is clearly visible, it is not missing or invisible. Therefore, the answer to the first question is True, and the answer to the second question is False. The image is of high quality, with clear details of the statue and its surroundings, hence the quality score is 1.0."}, {"ans": [true, false, 0.9], "reasoning": "The image shows a teddy bear sitting on a bed, and it is clearly visible that the teddy bear has a nose. The nose is brown and is located in the center of the bear's face. Therefore, the answer to Question 1 is True because the image is showing a teddy bear. The answer to Question 2 is False because the nose is not missing or invisible; it is clearly visible. The quality of the image is rated 0.9 because it is clear and well-lit, with no significant distractions or obstructions."}, {"ans": [true, false, 1.0], "reasoning": "The image clearly shows a pair of white sneakers with laces. The sneakers are the main object in the image, and they are visible in detail. The laces are also visible, threaded through the eyelets and tied. Therefore, the answer to the first question is True. Since the laces are visible, the answer to the second question is False. The image is of high quality, with clear details of the sneakers and their laces, so the quality score is 1."}, {"ans": [true, false, 1.0], "reasoning": "The image clearly shows a refrigerator with its door open, revealing the interior. The refrigerator is the main object in the image, and it is visible in its entirety. The door shelves are also visible, as the door is open, showing the transparent shelves on the inside of the door. Therefore, the answer to the first question is True because the image is showing a refrigerator. The answer to the second question is False because the door shelves are visible. The quality of the image is rated 1 because it is clear and well-lit, with no visible distortions or obstructions."}, {"ans": [true, false, 0.9], "reasoning": "The image depicts a group of young women gathered around a campfire in a forest setting. The campfire is clearly visible, with flames and sparks emanating from it. Therefore, the answer to Question 1 is True, as the image is showing a campfire. For Question 2, since the flames are visible, the answer is False, indicating that the flames are not missing or invisible. The quality of the image is rated 0.9, as it is clear and well-defined, with no apparent issues that would detract from its overall quality. The presence or absence of flames does not affect the quality score as per the instructions."}, {"ans": [true, false, 1.0], "reasoning": "The image clearly depicts a drinking fountain with water flowing from it, indicating that the main object is present. The water is visible and flowing, so it is not missing or invisible. The image is of high quality, with clear details of the fountain and its surroundings."}, {"ans": [true, false, 0.9], "reasoning": "The image clearly shows a revolver with a visible trigger guard. The revolver is positioned on a green surface, and its components are well-defined. The trigger guard is present and visible around the trigger. The image is of high quality, with clear details of the revolver's features."}, {"ans": [true, false, 0.9], "reasoning": "The image is a detailed illustration of a compass rose, which is the main object in the image. The compass rose is ornately designed with various elements and is centered in the image. The presence of a north arrow is visible, indicated by the fleur-de-lis at the top of the compass rose, which is a common design element used to denote north. Therefore, for Question 1, the answer is True because the image is showing a compass rose. For Question 2, the answer is False because the north arrow is visible and not missing. The quality of the image is rated 0.9, indicating a high level of detail and clarity. The rating is not decreased due to the presence or absence of the north arrow, as per the instructions."}, {"ans": [true, false, 0.9], "reasoning": "The image depicts a futuristic cityscape with tall skyscrapers, indicating that the main object (skyscrapers) is present. The skyscrapers appear to have windows, as evidenced by the grid-like pattern on their surfaces and the reflection of light, suggesting that windows are not missing or invisible. The image quality is high, with clear details and vibrant colors, hence a quality score of 0.9."}, {"ans": [true, false, 1.0], "reasoning": "The image shows a conductor standing on a podium, wearing a black tuxedo and white shirt, with his right arm raised and his left hand holding a baton. The background is filled with musicians playing various instruments, indicating that it is an orchestra performance. The conductor is clearly visible and appears to be leading the orchestra. The baton is visible in his left hand, so it is not missing or invisible."}, {"ans": [false, true, 1.0], "reasoning": "The image shows a soccer field with white lines, but there is no visible soccer goal in the image. Therefore, the answer to the first question is False. Since there is no soccer goal visible, the crossbar is also not visible, making the answer to the second question True. The image is clear and well-lit, showing the details of the soccer field, so the quality is rated as 1."}, {"ans": [true, false, 0.9], "reasoning": "The image is showing a microscope with lenses. The microscope is clearly visible and appears to be in good condition. The lenses are also visible, attached to the microscope's body. Therefore, the answer to the first question is True. For the second question, since the lenses are visible, the answer is False. The quality of the image is rated 0.9 because it is clear and well-lit, with no visible distortions or obstructions."}]