[{"ans": [true, false, 1.0], "reasoning": "The image shows a sailboat on the water, with its mast and rigging visible. The sail is partially visible, indicating that it is not entirely missing. The presence of the sail, even if partially furled, means that the sails are not entirely missing or invisible. Therefore, the answer to Question 1 is True because the image is showing a sailboat. The answer to Question 2 is False because the sails are partially visible, not entirely missing or invisible. The quality of the image is rated 1 because it is clear and well-defined, showing the details of the sailboat and its surroundings."}, {"ans": [true, false, 1.0], "reasoning": "The image clearly shows a bicycle, so the answer to the first question is True. The chain of the bicycle is visible, so the answer to the second question is False. The image is clear and well-lit, and it shows all the necessary details of the bicycle, so the quality score is 1."}, {"ans": [true, false, 1.0], "reasoning": "The image clearly shows a cat sitting on a windowsill. The cat is gray with yellow eyes and has visible whiskers. The presence of the cat is evident, so the answer to the first question is True. The whiskers are clearly visible, so they are not missing or invisible, making the answer to the second question False. The image is of high quality, showing the cat and its features clearly, so the quality rating is 1."}, {"ans": [true, true, 1.0], "reasoning": "The image depicts a stone structure with an arched entrance, resembling a castle or fortification. The presence of walls and a gate-like structure indicates it is a castle. The gates are not visible, suggesting they are either missing or not visible. The image is clear and well-lit, with no apparent issues affecting its quality."}, {"ans": [true, false, 0.9], "reasoning": "The image clearly shows a hot-air balloon with a visible basket, so the answer to the first question is True. The basket is present and visible, so the answer to the second question is False. The image is well-lit and in focus, with a clear view of the balloon and its surroundings, hence a high-quality score of 0.9."}, {"ans": [true, false, 1.0], "reasoning": "The image clearly shows a turtle with a visible shell. The turtle is centered in the image, and its shell is prominent. Therefore, for Question 1, the answer is True because the image is showing a turtle. For Question 2, the answer is False because the shell is not missing or not visible; it is clearly visible. The quality of the image is rated as 1 because it is clear and well-lit, with the turtle being the main focus."}, {"ans": [true, false, 0.9], "reasoning": "The image is clearly showing a train at a station, so the answer to the first question is True. The wheels of the train are visible under the front carriage, so the answer to the second question is False. The image is well-lit and in focus, with clear details of the train and the station, hence a high quality score of 0.9."}, {"ans": [true, false, 1.0], "reasoning": "The image clearly shows a pair of eyeglasses with lenses. The lenses are visible and not missing, so the answer to the first question is True. For the second question, since the lenses are visible, the answer is False. The image is of high quality as it is clear and well-lit, and the presence of lenses does not negatively impact the quality score."}, {"ans": [true, false, 1.0], "reasoning": "The image clearly shows a fountain pen with a visible nib. The pen is placed on a piece of paper, and the nib is pointing towards the bottom left corner of the image. The nib is gold-colored and has a distinctive shape, indicating that it is a part of the fountain pen. Therefore, the answer to the first question is True, as the image is showing a fountain pen with a nib. The answer to the second question is False, as the nib is visible in the image. The quality of the image is rated as 1.0, as it is clear and well-defined, with no visible distortions or issues."}, {"ans": [true, false, 1.0], "reasoning": "The image shows an umbrella with a canopy, along with a chair and a table. The main object in the image is an umbrella, which is present. The canopy is visible and not missing. The image is clear and well-lit, and it does not appear to be missing any key elements that would affect its quality."}, {"ans": [true, false, 1.0], "reasoning": "The image clearly depicts an airplane on a tarmac, with its wings fully visible. The presence of the airplane is evident, satisfying the first question. For the second question, the wings are not missing or invisible; they are clearly visible on both sides of the aircraft. The image is of high quality, with clear details of the airplane and its surroundings."}, {"ans": [true, true, 1.0], "reasoning": "The image is showing a desk lamp with a brass finish, which is the main object. The bulb is hanging down from the lamp, indicating that it is present but not visible inside the lampshade. Therefore, for Question 1, the answer is True because the image is showing a desk lamp. For Question 2, the answer is True because the bulb is not visible inside the lampshade, it is hanging down. The quality of the image is rated 1.0 because it is clear and well-lit, and the key elements are visible."}, {"ans": [true, false, 1.0], "reasoning": "The image is showing an electric guitar with a visible neck, so the answer to the first question is True. The neck is clearly visible, so the answer to the second question is False. The image is of high quality, with clear details of the guitar, so the quality score is 1."}, {"ans": [true, false, 1.0], "reasoning": "The image clearly shows a fish swimming in the water. The fish has visible fins, so the fins are not missing or not visible. The image is of high quality, capturing the details of the fish and the water."}, {"ans": [true, false, 1.0], "reasoning": "The image depicts a small, red brick house with a gable roof, situated in a field. The house has a chimney and multiple windows, giving it a cottage-like appearance. The roof is clearly visible, indicating that it is not missing. Therefore, the answer to Question 1 is True, as the image is showing a cottage. The answer to Question 2 is False, as the roof is visible and not missing. The quality of the image is rated 1.0, as it is clear and well-defined, with no visible distortions or issues that would affect the interpretation of the image."}, {"ans": [true, true, 0.9], "reasoning": "The image is showing a convertible car with its top down, which means the windshield is present but there is no roof or windshield cover. The main object in the image is a car, so the answer to the first question is True. The windshield is visible, but the question asks if it is missing or not visible. Since the windshield is present and visible, the answer to the second question is False. However, the image is slightly cropped, and the focus is on the interior of the car, which might affect the overall quality. Nevertheless, the key elements are clear, so the quality score is 0.9."}, {"ans": [true, false, 1.0], "reasoning": "The image is showing a keyboard with a visible spacebar, so the main object is present. The spacebar is clearly visible and not missing, so the answer to the second question is False. The image is of high quality, with clear details of the keyboard and its components, so the quality score is 1."}, {"ans": [true, false, 1.0], "reasoning": "The image clearly depicts an owl perched on a tree branch under a night sky with a full moon. The owl is fully feathered, with detailed plumage visible across its body and wings. Therefore, for Question 1, the answer is True because the image is showing an owl. For Question 2, the answer is False because the feathers are not missing or not visible; they are clearly illustrated. The quality of the image is rated as 1.0 because it is a clear and detailed representation of the subject matter."}, {"ans": [true, true, 0.9], "reasoning": "The image shows a leather-bound book with blank pages visible. The cover is closed, and the pages are not fanned out or otherwise visible beyond the blank inner cover. Therefore, the main object (a book) is present, satisfying the first question. For the second question, the pages are not visible as they are contained within the closed cover, so they are considered not visible. The image quality is high, with clear details of the book and its surroundings, hence a quality score of 0.9."}, {"ans": [true, false, 1.0], "reasoning": "The image clearly depicts a lighthouse, which is the main object in question. The lighthouse is shown with its lamp visible and lit, indicating that the lamp is not missing or invisible. Therefore, the answer to the first question is True, and the answer to the second question is False. The image is of high quality, as it clearly shows the lighthouse and its details, so the quality score is 1."}, {"ans": [true, false, 1.0], "reasoning": "The image shows a beige armchair with visible legs, placed on a patterned rug. The chair is the main object in the image, and it is clearly an armchair. Therefore, the answer to Question 1 is True. The legs of the chair are visible, so the answer to Question 2 is False. The image is clear and well-lit, and the key elements are visible, so the quality score is 1."}, {"ans": [true, false, 0.9], "reasoning": "The image shows a deer with antlers standing in a forest. The deer is clearly visible and appears to be a male with antlers. The antlers are present and visible, so they are not missing. The image is well-lit and the deer is centered, making it a high-quality image. However, the quality score is not 1 because the image may be slightly processed or generated, as suggested by the unnatural lighting and the lack of subtle details in the deer's fur."}, {"ans": [true, false, 1.0], "reasoning": "The image clearly shows an envelope, which directly answers Question 1. The envelope is depicted with its flap visible and not sealed, indicating that the flap is present and visible. Therefore, the answer to Question 2 is False because the flap is not missing or invisible. The image is of high quality as it clearly displays the envelope and its features without any significant distractions or obstructions."}, {"ans": [true, true, 1.0], "reasoning": "The image shows a wall clock, which is the main object. The clock face is white with black hands and markings but lacks numbers. Therefore, the answer to the first question is True because the image is showing a wall clock. The answer to the second question is also True because the numbers are missing. The quality of the image is rated 1.0 because it is clear and well-lit, and the absence of numbers on the clock does not negatively impact the quality score as per the instructions."}, {"ans": [true, false, 0.9], "reasoning": "The image shows a person wearing a white space suit, which is partially submerged in a swimming pool. The space suit is fully visible and appears to be a realistic representation of an astronaut's suit. The helmet is clearly visible on the person's head, indicating that it is not missing. The image is well-lit and in focus, suggesting a high-quality image. However, the quality score is not 1 because the image is not perfectly sharp, possibly due to the water splashing around the suit."}, {"ans": [true, false, 0.9], "reasoning": "The image clearly shows a windmill with blades in a field. The presence of the windmill is evident, and the blades are visible, so the answer to the first question is True. For the second question, since the blades are visible, the answer is False. The quality of the image is rated 0.9 because it is clear and well-defined, with no significant issues affecting its visibility or understanding."}, {"ans": [true, true, 0.95], "reasoning": "The image prominently features a tree without leaves, clearly visible against a sky with the sun shining through its branches. The absence of leaves on the tree is evident, as the branches are bare. The image quality is high, capturing the details of the tree and the background effectively."}, {"ans": [true, true, 0.9], "reasoning": "The image shows a yellow school bus, which is a type of bus. The bus is facing left, and its side is visible. The doors of the bus are not visible as they are on the left side, which is partially obscured from view. Therefore, for Question 1, the answer is True because the image is showing a bus. For Question 2, the answer is True because the doors are not visible. The quality of the image is rated 0.9 because it is clear and well-lit, with no significant obstructions or distortions."}, {"ans": [true, true, 1.0], "reasoning": "The image is showing a laptop, specifically an Apple MacBook, on a wooden table. The laptop is positioned with its back facing the camera, and the screen is not visible. Therefore, the answer to Question 1 is True because the image is showing a laptop. The answer to Question 2 is also True because the screen is not visible. The quality of the image is rated as 1.0 because it is clear and well-lit, and there are no visible distortions or issues that would detract from the overall quality."}, {"ans": [true, true, 0.9], "reasoning": "The image clearly shows a trumpet lying on a red velvet fabric. The trumpet is gold in color and has its main body and bell visible. However, the mouthpiece is not attached to the trumpet; it is seen separately on the fabric near the trumpet's lead pipe. For Question 1, the main object in the image is indeed a trumpet, so the answer is True. For Question 2, the mouthpiece is not attached to the trumpet and is seen separately, so it is considered missing from the trumpet itself, making the answer True. The image quality is rated 0.9 because it is clear and well-lit, showing the trumpet and its details sharply. The absence of the mouthpiece from the trumpet does not affect the quality score as per the instructions."}, {"ans": [true, false, 0.9], "reasoning": "The image depicts a robot with a visible head, standing in a laboratory setting. The robot's head is clearly visible, with blue glowing eyes and headphones on its ears. The overall quality of the image is high, with clear details of the robot's body and the surrounding environment."}, {"ans": [true, false, 1.0], "reasoning": "The image shows a candle, which is the main object. The wick is visible on top of the candle, so it is not missing or invisible. The image is clear and well-lit, with no visible defects or distractions, hence the quality score is 1."}, {"ans": [true, false, 1.0], "reasoning": "The image shows a pizza with visible toppings, including what appears to be cheese. The presence of the pizza is clear, so the answer to the first question is True. The cheese is visible on the pizza, so the answer to the second question is False. The image is clear and well-lit, showing the pizza and its toppings in detail, so the quality is rated as 1."}, {"ans": [true, false, 1.0], "reasoning": "The image is showing a DSLR camera with a lens attached to it. The camera body is clearly visible and appears to be a DSLR type. The lens is also visible and is attached to the camera body. Therefore, the answer to the first question is True. Since the lens is visible and attached to the camera, the answer to the second question is False. The image is of high quality, clearly showing the details of the camera and lens, so the quality score is 1."}, {"ans": [true, false, 1.0], "reasoning": "The image shows a grand piano in a concert hall. The piano is clearly visible and has its keys visible, so the main object is present. The keys are also visible, so they are not missing or not visible. The image is of high quality, with clear details and good lighting."}, {"ans": [true, false, 1.0], "reasoning": "The image shows a paintbrush with bristles, so the main object (paintbrush) is present. The bristles are visible, so they are not missing or not visible. The image is clear and well-lit, and the paintbrush is the main focus, so the quality is rated as 1."}, {"ans": [true, false, 0.9], "reasoning": "The image is showing a watch with a strap, so the answer to the first question is True. The strap is visible, so the answer to the second question is False. The quality of the image is rated 0.9 because it is clear and well-lit, with no visible distortions or obstructions."}, {"ans": [true, false, 0.9], "reasoning": "The image clearly shows a man with his mouth open, displaying his teeth and tongue. The presence of a mouth is evident, so the answer to the first question is True. The tongue is visible inside the mouth, so it is not missing or invisible, making the answer to the second question False. The image is of high quality, with clear details of the subject's face and the dental examination in progress. The only reason for not giving it a perfect score is the slight blur around the edges, but this does not detract significantly from the overall clarity."}, {"ans": [true, false, 0.9], "reasoning": "The image shows a motorcycle, which is the main object. The motorcycle has handlebars that are visible, so they are not missing. The image is well-lit and clear, with a quality score of 0.9. The presence of handlebars is confirmed, so answer 2 is false."}, {"ans": [true, false, 1.0], "reasoning": "The image shows a vintage television set on a wooden cabinet. The television has a visible screen, although it is not displaying any content. The presence of the screen directly answers both questions. For Question 1, the image is showing a television, so the answer is True. For Question 2, since the screen is visible, it is not missing or not visible, so the answer is False. The image is clear and well-lit, showing all relevant details, hence the quality is rated as 1.0."}, {"ans": [true, false, 0.9], "reasoning": "The image clearly depicts a goat with horns standing on a rocky outcrop. The presence of the goat is evident, and the horns are visible, thus answering the first question affirmatively. For the second question, since the horns are visible, they are not considered missing or not visible, so the answer is false. The quality of the image is rated high, at 0.9, as it is clear and well-defined, with the goat and its horns clearly visible against a mountainous background."}, {"ans": [true, false, 0.9], "reasoning": "The image shows a red sneaker with white laces, indicating that the main object (sneaker) is present. The laces are visible, so they are not missing or not visible. The image is clear and well-lit, with a clear view of the sneaker, hence a high-quality score of 0.9."}, {"ans": [true, false, 1.0], "reasoning": "The image clearly shows a green frog sitting on a leaf over water. The frog's eyes are visible and clearly defined, indicating that they are not missing or invisible. Therefore, the answer to the first question is True because the image is showing a frog. The answer to the second question is False because the eyes are visible. The quality of the image is rated as 1.0 because it is clear and well-defined, with no visible distortions or issues that would detract from its quality."}, {"ans": [true, false, 0.9], "reasoning": "The image is showing a mug with a handle, so the answer to the first question is True. The handle is visible, so the answer to the second question is False. The image is clear and well-lit, and the mug is centered in the frame, so the quality is high, rated as 0.9."}, {"ans": [true, false, 1.0], "reasoning": "The image clearly shows a saxophone with its keys visible. The saxophone is the main object in the image, and it is presented in a clear and detailed manner. The keys are visible and appear to be intact, indicating that they are not missing or invisible. The image is of high quality, with good lighting and focus, allowing for a clear view of the instrument and its components."}, {"ans": [true, false, 1.0], "reasoning": "The image clearly shows a skateboard with wheels attached to it, lying on a brick-paved surface. The skateboard is the main object in the image, and it is visible with its wheels intact. Therefore, the answer to the first question is True because the image is showing a skateboard. The answer to the second question is False because the wheels are not missing; they are clearly visible and attached to the skateboard. The quality of the image is rated 1.0 because it is clear and well-lit, with no apparent issues that would detract from its quality."}, {"ans": [true, false, 1.0], "reasoning": "The image shows a black fedora hat on a stand. The hat has a visible brim, which is a key characteristic of a fedora. Therefore, for Question 1, the answer is True because the image is showing a fedora. For Question 2, the answer is False because the brim is visible, not missing or not visible. The quality of the image is rated 1.0 because it is clear and well-lit, and the hat is centered and easily identifiable."}, {"ans": [true, false, 0.9], "reasoning": "The image shows a motorcycle helmet with a visor that is partially lifted. The main object in the image is a motorcycle helmet, so the answer to the first question is True. The visor is visible and not missing, although it is partially lifted, so the answer to the second question is False. The image is clear and well-lit, showing the helmet and its features in detail. The quality of the image is rated 0.9 because it is sharp and clear, with no visible distortions or issues that would detract from the visibility of the helmet."}, {"ans": [true, true, 1.0], "reasoning": "The image depicts a bedframe with a wooden structure and a slatted base, but it does not have a mattress on it. The bedframe is the main object in the image, and it is clearly visible. Therefore, the answer to the first question is True. The mattress is not present on the bedframe, so the answer to the second question is True. The image is of high quality, with clear details and no visible distortions, so the quality score is 1."}, {"ans": [true, false, 0.9], "reasoning": "The image is showing a clock tower with two visible clock faces. The main object, the clock tower, is present in the image. The clock face on the front of the tower is clearly visible, and the one on the side is partially visible. Therefore, the answer to the first question is True. Since the clock faces are visible, the answer to the second question is False. The image is of high quality, with clear details of the clock tower and its surroundings, so the quality score is 0.9."}, {"ans": [true, false, 1.0], "reasoning": "The image shows a pocket watch with a visible face and hands. The watch is gold with a white face and black Roman numerals. The hands are visible and appear to be in working order. The background is a cream-colored satin fabric. The image is clear and well-lit, with no visible defects or distortions. Therefore, the answer to Question 1 is True, as the image is showing a pocket watch. The answer to Question 2 is False, as the hands are visible on the pocket watch. The quality of the image is rated as 1, as it is clear and well-defined."}, {"ans": [true, false, 1.0], "reasoning": "The image clearly shows a bicycle with a red frame and other visible components. The pedals are visible and appear to be part of the bicycle, attached to the crankset. Therefore, for Question 1, the answer is True because the image is showing a bicycle. For Question 2, the answer is False because the pedals are not missing and are visible. The quality of the image is rated 1 because it is clear and well-lit, showing the bicycle and its components in detail."}, {"ans": [true, false, 1.0], "reasoning": "The image is a portrait of a woman with visible eyes. The main object in the image is a woman, and her eyes are clearly visible, so the answer to the first question is True. Since the eyes are visible, the answer to the second question is False. The image is of high quality, with clear details and no visible distortions or missing elements relevant to the questions asked."}, {"ans": [true, false, 0.9], "reasoning": "The image clearly shows a grand piano on a stage with its lid open. The hammers inside the piano are visible, indicating that they are not missing. The image is well-lit and focused, with a clear view of the piano and its components. The quality of the image is high, with good lighting and resolution, so a score of 0.9 is given."}, {"ans": [true, false, 1.0], "reasoning": "The image clearly depicts a sailing ship with three masts and sails. The presence of sails indicates that the sails are not missing, and they are visible. Therefore, the answer to the first question is True because the image shows a sailing ship. The answer to the second question is False because the sails are visible. The quality of the image is rated as 1 because it is clear and well-defined, with all relevant details visible."}, {"ans": [true, false, 1.0], "reasoning": "The image is showing a large tree with a wide canopy and visible leaves, which appears to be an oak tree. The leaves are present and visible on the tree, so they are not missing or invisible. The image is of high quality, with clear details of the tree and its surroundings."}, {"ans": [true, false, 0.9], "reasoning": "The image depicts a small stone house with a tiled roof and a chimney, surrounded by trees and vines. The house has a door and windows, and appears to be a cottage. The presence of the door is visible, so the answer to the second question is False. The image is clear and well-defined, with good lighting and no obvious flaws, hence a high quality score of 0.9."}, {"ans": [true, false, 0.9], "reasoning": "The image clearly shows a passenger jet on a runway. The wings are visible and not missing. The quality of the image is high, with clear details of the aircraft and its surroundings."}, {"ans": [true, true, 1.0], "reasoning": "The image is showing a wristwatch with a white face and brown leather strap, which is placed in a brown box. The watch face has hour markers but no numbers. Therefore, the answer to Question 1 is True because the image is showing a wristwatch. The answer to Question 2 is True because the numbers are not visible on the wristwatch face. The quality of the image is rated 1.0 because it is clear and well-lit, and there are no issues with the visibility of the main object (the wristwatch)."}, {"ans": [true, false, 1.0], "reasoning": "The image shows a pizza with a red sauce base, topped with basil leaves and small pieces of cheese. The crust is visible and appears to be cooked. The presence of cheese, although not melted or spread out, indicates that the pizza is not without cheese. Therefore, the answer to the first question is True because the image is showing a pizza. For the second question, the cheese is visible on the pizza, so the answer is False because the cheese is not missing or invisible. The quality of the image is rated as 1 because it is clear and well-lit, and the key elements of the pizza are visible."}, {"ans": [true, false, 0.9], "reasoning": "The image clearly shows traffic signals with lights visible, indicating that the main object (traffic signals) is present. The lights are also visible, so they are not missing or invisible. The quality of the image is rated 0.9 because it is clear and well-lit, with no significant issues affecting the visibility of the main elements."}, {"ans": [true, false, 1.0], "reasoning": "The image is showing a skateboard with wheels, so the answer to the first question is True. The wheels are visible and not missing, so the answer to the second question is False. The image is clear and well-lit, showing the skateboard and its details, so the quality is rated as 1."}, {"ans": [true, false, 0.9], "reasoning": "The image clearly shows a chessboard with pieces on it. The chessboard is the main object, and it is present. Therefore, the answer to the first question is True. The black pieces are visible on the board, although some are captured and placed on the side. Since the black pieces are visible, the answer to the second question is False. The image is of high quality, with clear details of the chessboard and pieces, so the quality score is 0.9."}, {"ans": [true, true, 1.0], "reasoning": "The image is showing a red Ferrari sports car. The car is a convertible with the top down, and it is parked in a white room with a reflective floor. The car's brakes are not visible as the wheels are facing outward and the brake calipers are behind the wheels. Therefore, the answer to the first question is True because the image is showing a sports car. The answer to the second question is True because the brakes are not visible. The quality of the image is rated 1 because it is a clear and well-lit image."}, {"ans": [true, true, 1.0], "reasoning": "The image is showing an open book with blank pages on a wooden table, with a bookshelf in the background. The main object in the image is a book, which satisfies the first question. The pages of the book are blank, meaning there is no text visible, so the text is missing or not visible, satisfying the second question. The image is clear and well-lit, and the key elements are visible, so the quality is rated as 1.0."}, {"ans": [true, false, 0.9], "reasoning": "The image shows a computer tower with its side panel removed, revealing the internal components. The tower is black and has purple LED lights illuminating the fans and other components. The fans are visible and appear to be installed in the tower. Therefore, the answer to Question 1 is True, as the image is showing a computer tower. The answer to Question 2 is False, as the fans are visible and not missing. The quality of the image is rated 0.9, as it is clear and well-lit, with no visible distortions or issues."}, {"ans": [true, false, 1.0], "reasoning": "The image depicts a scarecrow standing in a wheat field. The scarecrow is wearing a plaid shirt, jeans, and a straw hat, and has arms made of straw or hay attached to its body. The presence of the scarecrow is clear, and its arms are visible, indicating that they are not missing."}, {"ans": [true, true, 0.9], "reasoning": "The image depicts a man in armor, which is consistent with the representation of a knight. The main figure is centered and prominently displayed, indicating that the image is indeed showing a knight. Therefore, the answer to Question 1 is True. Upon closer inspection, it is observed that the knight's hands are at his sides and there is no visible sword. The belt around his waist suggests that he is wearing or carrying a sword, but it is not visible. Thus, the sword is considered missing or not visible. Hence, the answer to Question 2 is True. The image is of high quality, with detailed rendering of the armor and the background. The only reason it wouldn't be a perfect score is due to minor details or potential artifacts not immediately noticeable. Therefore, the quality is rated as 0.9."}, {"ans": [true, false, 1.0], "reasoning": "The image is showing a white teapot with a floral design on it, and it has a handle. The teapot is placed on a bamboo mat on a table. The presence of the teapot answers the first question affirmatively. For the second question, the handle is visible on the teapot, so it is not missing or invisible. The image is clear and well-lit, showing the teapot and its details, hence the quality is rated as 1."}, {"ans": [true, false, 1.0], "reasoning": "The image clearly shows a basketball hoop with a net. The presence of the hoop and net directly answers the first question. For the second question, the net is visible and attached to the hoop, so it is not missing or invisible. The image is clear and well-lit, showing all relevant details without any obstruction, hence the quality is rated as 1."}, {"ans": [true, false, 0.9], "reasoning": "The image is showing a dining table setting with plates, cutlery, and glasses. The glasses are visible on the top part of the image, so they are not missing. The table is set for two people, with a white tablecloth and a simple yet elegant arrangement of silverware and glassware. The quality of the image is high, with clear details and good lighting."}, {"ans": [true, true, 0.9], "reasoning": "The image clearly shows a typewriter, which is the main object in the image. The typewriter is positioned centrally, and its details are visible, confirming that it is indeed a typewriter. Therefore, the answer to the first question is True. Upon closer inspection, it is evident that the ribbon is not visible in the image, as it is likely to be hidden under the paper or not present. Hence, the answer to the second question is also True. The quality of the image is rated 0.9 because it is clear and well-focused, showing the typewriter and its surroundings in detail. The absence of the ribbon does not negatively impact the quality score as per the instructions."}, {"ans": [true, true, 1.0], "reasoning": "The image shows a winter jacket hanging on a coat rack. The jacket is a long, cream-colored puffer coat with a fur-lined hood and buttons down the front. There is no visible zipper on the jacket. For question 1, the image is showing a winter jacket, so the answer is True. For question 2, the zipper is not visible, so the answer is True. The quality of the image is rated 1 because it is clear and well-lit, and the absence of a zipper does not negatively impact the quality score as per the instructions."}, {"ans": [true, false, 1.0], "reasoning": "The image is clearly showing a sunflower. The seeds are visible on the flower head, arranged in a spiral pattern. The image is of high quality, with clear details of the sunflower and its seeds."}, {"ans": [true, false, 0.9], "reasoning": "The image clearly shows an elephant with a visible trunk, standing on a dirt road in a savannah. The trunk is fully visible and not missing or obscured. The image is of high quality, with clear details of the elephant and its surroundings. The presence of the trunk does not affect the quality score as per the instructions."}, {"ans": [true, true, 0.9], "reasoning": "The image shows a wooden rowboat floating on a lake. The boat is empty and facing away from the viewer, with its bow pointing towards the background. There are no oars visible in the boat or around it. The image is clear and well-lit, with a serene background of trees and a calm lake surface. The quality of the image is high, with good resolution and detail. The main object, the rowboat, is clearly visible and centered in the frame. The oars are not visible, which answers the second question. Overall, the image meets the conditions for both questions."}, {"ans": [true, true, 1.0], "reasoning": "The image is showing a snowman. The snowman is missing buttons as there are no visible buttons on its body. The image is clear and well-lit, showing the snowman and its surroundings in detail."}, {"ans": [true, false, 1.0], "reasoning": "The image clearly shows a fountain pen on top of a notebook. The pen is the main object and is identifiable by its nib and transparent ink reservoir. The ink is visible within the transparent section of the pen, indicating that it is not missing. Therefore, the answer to Question 1 is True because the image is showing a fountain pen. The answer to Question 2 is False because the ink is visible and not missing. The quality of the image is rated 1.0 because it is clear and well-lit, with no visible distortions or obstructions that would detract from the visibility of the pen or the notebook."}, {"ans": [true, false, 0.9], "reasoning": "The image shows a paintbrush with visible bristles next to a paint palette. The paintbrush is the main object in the image, and it is clear that it is a paintbrush with bristles. The bristles are visible and not missing. The image is well-lit and clear, with a simple background that does not distract from the main object. The quality of the image is high, with a clear and sharp depiction of the paintbrush and palette. The only reason for not giving it a perfect score is the slight shadow on the surface, but it does not affect the visibility of the main object or the bristles."}, {"ans": [true, true, 1.0], "reasoning": "The image shows a pair of eyeglasses on top of a document. The eyeglasses are clearly visible and appear to be a pair of round, gold-framed glasses with a nose bridge and temples. The temples are not visible as they are folded inwards, making them not visible from the current angle. Therefore, the answer to Question 1 is True because the image is showing eyeglasses. The answer to Question 2 is True because the temples are not visible. The quality of the image is rated as 1.0 because it is clear and well-lit, and the key elements (the eyeglasses) are clearly visible."}, {"ans": [true, false, 0.9], "reasoning": "The image clearly shows a person holding an umbrella on a rainy street. The umbrella is visible and appears to be intact, with no obvious signs of damage or missing parts. Upon closer inspection, the ribs of the umbrella are visible, indicating that they are not missing. The image is well-lit and in focus, with a clear view of the umbrella and its details. Therefore, the answer to Question 1 is True, as the image is showing an umbrella. The answer to Question 2 is False, as the ribs are visible and not missing. The quality of the image is rated 0.9, as it is clear and well-composed, with no significant issues or distractions."}, {"ans": [true, false, 1.0], "reasoning": "The image is showing a wristwatch with a visible face and hour markers on the outer rim, so the answer to the first question is True. The hour markers are visible, so the answer to the second question is False. The image is clear and well-lit, showing the watch in detail, so the quality is rated as 1."}, {"ans": [true, false, 1.0], "reasoning": "The image depicts a camping tent set up in a grassy field. The tent is clearly visible and appears to be fully assembled with poles, as evidenced by its structure and the fabric being held taut. Therefore, for Question 1, the answer is True because the image is showing a camping tent. For Question 2, the answer is False because the poles are not missing; they are visible and supporting the tent's structure. The quality of the image is rated 1.0 because it is clear and well-lit, with the tent and its details easily discernible."}, {"ans": [true, false, 0.9], "reasoning": "The image depicts a cuckoo clock with intricate carvings and details, including a clock face, deer figures, and pinecone-shaped weights hanging from chains. The presence of the clock face, the carved wooden elements, and the overall design are characteristic of a traditional cuckoo clock. The weights are visible and appear to be part of the clock's mechanism, indicating that they are not missing. The image is clear and well-detailed, suggesting a high-quality representation of the cuckoo clock. However, the quality score is not 1 due to the slight shadowing and the framing of the image, which might not be perfectly centered or lit."}, {"ans": [true, true, 0.9], "reasoning": "The image shows a smartphone with its screen facing upwards. The phone's body is visible, and it appears to be a modern smartphone design. The screen is turned on, displaying a white background with black stripes. The phone's edges and corners are clearly visible, indicating that it is a high-quality image. The speaker grille is not visible on the front or bottom side of the phone, suggesting that it might be missing or not visible. The image quality is good, with clear details of the phone's design and screen. Therefore, the answer to Question 1 is True, as the image is showing a smartphone. The answer to Question 2 is also True, as the speaker grille is not visible. The quality of the image is rated 0.9, indicating a high-quality image."}, {"ans": [true, true, 0.9], "reasoning": "The image clearly shows a motorcycle positioned on a road. The motorcycle is facing the camera, and its key components such as the handlebars, headlight, and front wheel are visible. However, the speedometer is not visible in the image as it is not present on the visible parts of the motorcycle. The quality of the image is rated high because it clearly captures the motorcycle and its surroundings, with good lighting and focus."}, {"ans": [true, true, 0.9], "reasoning": "The image shows a violin bow. The bow is lying on a red fabric background, and it appears to be a typical violin bow with a wooden stick and metal fittings. The bow hair is not visible, suggesting that it is either missing or not visible. The image is clear and well-lit, allowing for a good view of the bow's details. The quality of the image is high, with a clear and sharp representation of the bow."}, {"ans": [true, true, 0.9], "reasoning": "The image depicts a birdcage hanging from a porch ceiling. The birdcage is the main object in the image, and it is clearly visible. Therefore, the answer to Question 1 is True. Upon closer inspection, it is evident that the perch is not visible within the birdcage. Hence, the answer to Question 2 is True. The image quality is rated 0.9 because it is clear and well-lit, with no visible distortions or obstructions that would hinder the viewer's ability to see the birdcage and its surroundings."}, {"ans": [true, false, 0.95], "reasoning": "The image depicts a statue of a woman in a classical setting. The statue is clearly visible and appears to be intact, with a head and full body. The head is not missing or invisible; it is clearly visible. The image is of high quality, with clear details and good lighting. The presence of the head does not affect the quality score as per the instructions."}, {"ans": [true, false, 1.0], "reasoning": "The image clearly shows a teddy bear, which is the main object in the image. The teddy bear has a nose, so it is not missing. The image is of high quality as it clearly displays the teddy bear and its features."}, {"ans": [true, false, 1.0], "reasoning": "The image clearly shows a pair of sneakers, which directly answers Question 1. For Question 2, the laces are visible on both sneakers, so the answer is False. The image is of high quality, clearly showing the sneakers and their details, so the quality score is 1."}, {"ans": [true, false, 0.9], "reasoning": "The image clearly shows a refrigerator with its doors open, revealing the interior. The refrigerator is the main object in the image, and it is visible and identifiable. Therefore, the answer to the first question is True. For the second question, the door shelves are visible on the left door of the refrigerator, so they are not missing or invisible. Hence, the answer is False. The quality of the image is rated 0.9 because it is clear and well-lit, showing the details of the refrigerator and its surroundings."}, {"ans": [true, false, 1.0], "reasoning": "The image depicts a group of people gathered around a campfire in a forest, with flames clearly visible. The presence of the campfire and the flames answers the first question affirmatively. For the second question, since the flames are visible, it indicates that the flames are not missing or not visible. The image is of high quality as it clearly shows the campfire and the people around it, with no key elements missing that are relevant to the first question."}, {"ans": [true, false, 1.0], "reasoning": "The image shows a drinking fountain, which is the main object in the image. The drinking fountain is a tall, silver-colored structure with a handle on the side and a spout at the top. Water is visible coming out of the spout, indicating that the fountain is functioning. Therefore, the answer to Question 1 is True. Since water is visible coming out of the spout, the answer to Question 2 is False. The image is clear and well-lit, with no visible distortions or obstructions, so the quality is rated as 1."}, {"ans": [true, false, 0.9], "reasoning": "The image clearly shows a revolver, so the answer to the first question is True. The trigger guard is visible and intact around the trigger, so the answer to the second question is False. The image is of high quality, clearly showing the details of the revolver, so the quality score is 0.9. The slight deduction from 1 is due to minor imperfections in the background texture visibility."}, {"ans": [true, false, 1.0], "reasoning": "The image is a detailed illustration of a compass rose, which is clearly visible and centered in the image. The compass rose includes multiple rings with various markings and symbols, and it has a decorative design with ornate details around it. The north arrow is present and visible, pointing upwards. Therefore, the answer to the first question is True because the image does show a compass rose. The answer to the second question is False because the north arrow is not missing; it is clearly visible. The quality of the image is rated as 1 because it is clear and detailed, and the key elements are easily identifiable."}, {"ans": [true, false, 1.0], "reasoning": "The image depicts a futuristic cityscape with multiple tall buildings, which can be classified as skyscrapers. The presence of these skyscrapers is evident, so the answer to the first question is True. Upon closer inspection, it is clear that many of the skyscrapers have visible windows, some of which are illuminated from within. Therefore, the answer to the second question is False because the windows are not missing or invisible; they are visible on the buildings. The image is of high quality, with clear details of the cityscape and the skyscrapers, so the quality score is 1."}, {"ans": [true, true, 1.0], "reasoning": "The image shows a man in a tuxedo standing on a stage with an orchestra behind him. He is likely a conductor, as he is standing at a podium and has his right hand raised in a gesture. The image is clear and well-lit, and the conductor is the main focus. The baton is not visible in the conductor's hand, suggesting it is either missing or not visible."}, {"ans": [true, true, 0.9], "reasoning": "The image shows a soccer goal with two visible posts, but the crossbar is not visible. The presence of the posts indicates that it is a soccer goal. The crossbar is not seen, so it is considered missing or not visible. The image is clear and well-lit, showing the soccer field and goal posts in detail, hence a high-quality score."}, {"ans": [true, false, 0.9], "reasoning": "The image clearly shows a microscope on a table. The microscope has a white base and black accents, with multiple eyepieces and a stage for holding slides. The lenses are visible and appear to be intact. The image is well-lit and in focus, suggesting a high-quality image. The presence of the microscope and its components indicates that the image is relevant to the question. The lenses are visible, so they are not missing or not visible."}]