[{"ans": [true, true, 0.9], "reasoning": "The image depicts a sailboat on the water. The sailboat has a mast and rigging, but the sails are not visible as they appear to be furled or stowed. The boat is floating on calm blue water under a clear sky. The presence of the mast and the design of the boat indicate it is a sailboat, even though the sails are not deployed. Therefore, the answer to Question 1 is True. For Question 2, the sails are not visible, so the answer is True. The image quality is rated 0.9 because it is clear and well-lit, with no visible distortions or obstructions that would detract from the visibility of the sailboat."}, {"ans": [true, true, 0.9], "reasoning": "The image is showing a red bicycle against a brick wall. The bicycle appears to be in a somewhat worn condition but is clearly identifiable. Upon closer inspection, it is evident that the chain is not visible, suggesting it is either missing or not visible due to the angle or condition of the bike. The image is clear and well-lit, allowing for a good view of the bicycle's details. The quality of the image is rated 0.9 because it is sharp and well-composed, with the bicycle being the main focus. The absence of the chain does not negatively impact the quality score as per the instructions."}, {"ans": [true, false, 0.9], "reasoning": "The image clearly shows a cat sitting on a windowsill. The cat is the main object in the image, and it is visible and identifiable. Therefore, the answer to the first question is True. The whiskers of the cat are visible, as they are clearly seen around the cat's mouth. Hence, the answer to the second question is False, as the whiskers are not missing or invisible. The quality of the image is rated 0.9 because it is sharp and clear, with good lighting that highlights the details of the cat and its surroundings. The only reason it is not rated 1 is due to minor imperfections or potential slight blurriness in some parts, but these do not detract significantly from the overall clarity."}, {"ans": [true, true, 0.9], "reasoning": "The image depicts a large stone structure with towers and battlements, characteristic of a castle. The main entrance is visible with an arched opening, but there are no gates present or visible in the image. The overall condition and details of the castle are clear, suggesting a high-quality image. The absence of gates is noted for question 2, but it does not affect the quality score as per the instructions."}, {"ans": [true, false, 1.0], "reasoning": "The image is showing a hot-air balloon with a clearly visible basket. The basket is attached to the balloon and is visible in the image, so it is not missing or invisible. The image is of high quality, with a clear and detailed view of the hot-air balloon and its surroundings."}, {"ans": [true, false, 0.9], "reasoning": "The image clearly shows a turtle with a visible shell. The turtle is centered in the image, and its shell is prominent. The shell is not missing or invisible; it is clearly visible and appears to be a part of the turtle's body. The image is well-lit and focused, allowing for a clear view of the turtle and its shell. The quality of the image is high, with good resolution and minimal noise or distortion."}, {"ans": [true, false, 1.0], "reasoning": "The image clearly shows a train at a station, indicating that the main object (the train) is present. The wheels of the train are visible under the front carriage, so they are not missing or invisible."}, {"ans": [true, false, 1.0], "reasoning": "The image clearly shows a pair of eyeglasses with lenses. The lenses are visible and not missing, so the answer to the first question is True. For the second question, since the lenses are present and visible, the answer is False. The image is of high quality, well-lit, and clearly shows the details of the eyeglasses, hence the quality score is 1.0."}, {"ans": [true, false, 1.0], "reasoning": "The image is showing a fountain pen with a visible nib. The pen is disassembled, with the nib section and cap separated from the main body. The nib is clearly visible on the nib section, indicating that it is not missing. Therefore, the answer to Question 1 is True because the image is showing a fountain pen. The answer to Question 2 is False because the nib is visible. The quality of the image is rated 1 because it is clear and well-lit, and the key elements of the pen are easily visible."}, {"ans": [true, true, 1.0], "reasoning": "The image shows a metal frame that resembles an umbrella without a canopy, leaning against a wall next to a wooden chair. The presence of the metal frame with spokes is indicative of an umbrella structure, even though the canopy is not visible. Thus, for Question 1, the answer is True because the image is showing an umbrella frame. For Question 2, the answer is True because the canopy is missing or not visible. The quality of the image is rated 1.0 because it is clear and well-defined, and the key elements are easily discernible."}, {"ans": [true, false, 1.0], "reasoning": "The image clearly shows a large white airplane on a runway, with its wings visible. The presence of the airplane answers the first question affirmatively. Since the wings are visible, the answer to the second question is negative, indicating that the wings are not missing or not visible. The image is of high quality as it clearly captures the details of the airplane and its surroundings."}, {"ans": [true, true, 1.0], "reasoning": "The image is showing a desk lamp, which is the main object. The bulb is not visible as it is likely inside the lamp shade or not present. The image is clear and well-lit, hence the quality is rated as 1."}, {"ans": [true, false, 1.0], "reasoning": "The image shows an electric guitar with a visible neck, so the main object is present and the neck is not missing."}, {"ans": [true, false, 1.0], "reasoning": "The image clearly shows a fish with visible fins, so the answer to the first question is True. Since the fins are visible, the answer to the second question is False. The image is of high quality, with clear details of the fish and its surroundings, so the quality score is 1.0."}, {"ans": [true, false, 0.9], "reasoning": "The image depicts a small brick house with a chimney and a roof, surrounded by trees and a field of flowers. The house is centered in the image and appears to be a cottage. The roof is visible and intact, with no signs of damage or missing sections. The image is well-lit and clear, with good color and detail. The only reason the quality is not rated as 1 is due to the slight blurring of some of the details in the foreground."}, {"ans": [true, true, 0.8], "reasoning": "The image is showing a car, specifically a vintage convertible with its top up. The windshield is not visible, likely because it is a convertible and the windshield might be lowered or not present. The image is clear and well-lit, showing the interior of the car and other cars in the background. The quality of the image is rated 0.8 because it is clear and detailed, but the rating does not take into account the absence of the windshield as per the instructions."}, {"ans": [true, false, 0.9], "reasoning": "The image is showing a keyboard, which is the main object. The spacebar is present and visible on the keyboard, so it is not missing. The image is clear and well-lit, showing the keyboard and its components in detail. The quality of the image is high, with a score of 0.9 out of 1. The missing 0.1 is due to the slight gradient effect on the background."}, {"ans": [true, false, 0.9], "reasoning": "The image clearly shows an owl perched on a tree branch under a full moon. The owl is fully feathered, with detailed plumage visible across its body. Therefore, for Question 1, the answer is True because the image is showing an owl. For Question 2, the answer is False because the feathers are not missing or not visible; they are clearly depicted. The quality of the image is rated 0.9 because it is a highly detailed and realistic representation of an owl in its natural nocturnal setting. The only reason it isn't rated 1 is due to the slight artificiality in the composition or lighting, but this does not detract significantly from the overall quality."}, {"ans": [true, true, 1.0], "reasoning": "The image shows a book with a leather cover, but the pages are missing. The book is lying on a wooden table, and there are other books on shelves in the background. The image is clear and well-lit, and the book is the main focus. The quality of the image is high, so I rate it 1.0. For question 1, the image is showing a book, so the answer is True. For question 2, the pages are missing, so the answer is True."}, {"ans": [true, false, 1.0], "reasoning": "The image clearly depicts a lighthouse, which is the main object of interest. The lighthouse is shown with its lamp visible inside the glass enclosure at the top. Therefore, the lamp is not missing or invisible. The image is of high quality as it clearly shows the details of the lighthouse and its surroundings."}, {"ans": [true, false, 1.0], "reasoning": "The image shows a beige armchair with a tufted back and wooden legs, placed on a patterned rug. The chair is clearly visible, and its legs are also visible, indicating that they are not missing. The image is of high quality, with clear details of the chair and its surroundings."}, {"ans": [true, true, 0.9], "reasoning": "The image clearly depicts a deer standing in a forest, facing the camera. The deer appears to be without antlers, as there is no visible sign of them on its head. The overall quality of the image is high, with clear details of the deer and its surroundings. The lighting is also well-done, with the sun shining through the trees, creating a natural and serene atmosphere. The image is sharp and well-composed, making it easy to identify the deer and its features. Therefore, the answer to the first question is True, as the image is showing a deer. The answer to the second question is also True, as the antlers are not visible, indicating they are either missing or not present. The quality of the image is rated 0.9, as it is a well-crafted and visually appealing representation of a deer in its natural habitat."}, {"ans": [true, false, 1.0], "reasoning": "The image shows a white envelope on a marble surface. The envelope is the main object and is clearly visible. The flap of the envelope is present and visible, indicating that it is not missing. Therefore, the answer to the first question is True, and the answer to the second question is False. The image is clear and well-lit, allowing for easy identification of the envelope and its features, so the quality is rated as 1."}, {"ans": [true, true, 1.0], "reasoning": "The image is showing a wall clock, which is the main object. The clock face is white with black hands but lacks numbers, so the numbers are missing. The image is clear and well-lit, with the clock being the central focus. Therefore, the quality of the image is rated as 1.0."}, {"ans": [true, false, 0.9], "reasoning": "The image clearly shows an astronaut wearing a space suit, which includes a helmet. The presence of the helmet is evident, so the answer to the second question is False. The image is of high quality, with clear details of the space suit and its components, hence the quality score is 0.9."}, {"ans": [true, false, 1.0], "reasoning": "The image clearly depicts a windmill with its blades visible, standing in a field of wheat. The presence of the windmill and its blades directly answers both questions. For Question 1, the image shows a windmill, so the answer is True. For Question 2, since the blades are visible, they are not missing or not visible, so the answer is False. The image is of high quality as it clearly shows the windmill and its details."}, {"ans": [true, true, 0.9], "reasoning": "The image clearly shows a large tree with bare branches, indicating that it is either winter or the tree is dead. The presence of the tree is evident, answering the first question as True. For the second question, the leaves are not visible on the tree, making the answer True. The image quality is rated 0.9 because it is clear and well-lit, with no visible distortions or issues that would detract from the visibility of the tree or its details."}, {"ans": [true, false, 0.9], "reasoning": "The image shows a yellow school bus parked in a lot. The bus is clearly visible and appears to be in a relatively good condition. For question 1, the image is showing a bus, so the answer is True. For question 2, the doors of the bus are visible, so they are not missing or not visible, hence the answer is False. The quality of the image is rated 0.9 because it is clear and well-lit, with no significant distractions or obstructions."}, {"ans": [true, false, 1.0], "reasoning": "The image is showing a laptop with its screen visible, although the screen is blank and white. The laptop is clearly identifiable, so the answer to the first question is True. The screen is visible, so it is not missing or not visible, making the answer to the second question False. The image is clear and well-lit, with the laptop being the main focus, hence the quality is rated as 1."}, {"ans": [true, true, 0.9], "reasoning": "The image shows a trumpet without a mouthpiece. The main object in the image is a trumpet, which is clearly visible. The mouthpiece is not attached to the trumpet, indicating that it is missing. The image is of high quality, with clear details of the trumpet's structure, hence a quality score of 0.9."}, {"ans": [true, false, 0.95], "reasoning": "The image clearly depicts a robot with a visible head in a laboratory setting. The robot is white with a humanoid form and has various wires and mechanical components exposed. The head is present and clearly visible, indicating that it is not missing. The overall quality of the image is high, with clear details of the robot and its surroundings."}, {"ans": [true, true, 1.0], "reasoning": "The image shows a candle on a silver tray. The candle is white and cylindrical, with no visible wick. The first question asks if the image is showing a candle, which it is, so the answer is True. The second question asks if the wick is missing or not visible. Since the wick is not visible, the answer is True. The quality of the image is rated as 1 because it is clear and well-lit, and the candle is the main focus."}, {"ans": [true, true, 0.9], "reasoning": "The image is showing a pizza, which is the main object. The pizza appears to be a tomato and basil pizza, and there is no visible cheese on top, suggesting that the cheese is either missing or not visible. The image is clear and well-lit, with a good view of the pizza's toppings and crust, hence a high quality score."}, {"ans": [true, true, 1.0], "reasoning": "The image is showing a DSLR camera body without a lens attached. The camera body is clearly visible, and the lens mount is empty, indicating that the lens is not attached. Therefore, the answer to Question 1 is True. For Question 2, since the lens is not attached to the camera body, it is considered missing, so the answer is True. The image quality is good, and the key elements are clearly visible, so the quality score is 1."}, {"ans": [true, false, 1.0], "reasoning": "The image clearly shows a grand piano on a stage in an auditorium. The piano's lid is open, and the keys are visible, indicating that the keys are not missing or invisible. Therefore, the answer to the first question is True because the image is showing a piano. The answer to the second question is False because the keys are visible. The quality of the image is rated 1 because it is clear and well-lit, with no visible distortions or obstructions."}, {"ans": [true, false, 0.9], "reasoning": "The image shows a paintbrush with visible bristles on a palette with various colors of paint. The main object, a paintbrush, is present in the image, so the answer to the first question is True. The bristles of the paintbrush are visible, so the answer to the second question is False. The image is clear and well-lit, showing the details of the paintbrush and the palette, hence the quality score is 0.9."}, {"ans": [true, true, 0.9], "reasoning": "The image is showing a watch with a black face and a silver band, which is the main object. The strap is not visible as it is partially hidden under the watch, so it is considered missing or not visible. The image is of high quality as it is clear and well-lit, with a clear view of the watch."}, {"ans": [true, false, 1.0], "reasoning": "The image is showing a mouth with an open jaw, revealing teeth and a tongue inside. The tongue is clearly visible, so it is not missing or invisible. The image is of high quality as it clearly shows the details required to answer the questions."}, {"ans": [true, false, 0.9], "reasoning": "The image clearly shows a motorcycle parked on a street at night. The motorcycle is centered in the image and is facing left. It has a black body and is illuminated by the streetlights. The handlebars are visible and appear to be intact. The image is well-lit, with a clear view of the motorcycle and its surroundings. The quality of the image is high, with good contrast and detail. Therefore, the answer to Question 1 is True, as the image is showing a motorcycle. The answer to Question 2 is False, as the handlebars are not missing or not visible. The quality of the image is rated 0.9, indicating a high-quality image."}, {"ans": [true, false, 1.0], "reasoning": "The image shows a vintage television set with a visible screen, so the main object is indeed a television. The screen is present and visible, so it is not missing. The image is clear and well-defined, with no apparent issues that would affect its quality."}, {"ans": [true, false, 0.9], "reasoning": "The image clearly shows a goat standing on a rocky outcrop. The goat appears to have small horns, which are visible on its head. The presence of the goat is clear, so the answer to the first question is True. For the second question, since the horns are visible, the answer is False. The image is of high quality, with a clear view of the goat and its features, hence the quality score is 0.9."}, {"ans": [true, false, 0.9], "reasoning": "The image clearly shows a red sneaker with white laces on a bench in front of gray lockers. The sneaker is the main object and is identifiable as such, satisfying the first question. The laces are present and visible, so they are not missing or invisible, answering the second question. The image is well-lit and focused, with the sneaker being the central subject, indicating a high-quality image. The slight deduction in quality score is due to the partial view of the sneaker and the bench, but it doesn't affect the visibility of the key elements."}, {"ans": [true, false, 0.9], "reasoning": "The image clearly shows a green frog sitting on a leaf over water, with its eyes visible. The presence of the frog is evident, and its eyes are clearly visible, indicating that they are not missing or invisible. The image is of high quality, with clear details of the frog and its surroundings. The slight blur in the background does not detract from the overall quality, as the main subject is sharp and well-defined."}, {"ans": [true, false, 0.9], "reasoning": "The image shows a cup with a handle on a saucer. The cup is white with blue floral designs and has a handle on the right side. The presence of the handle is visible, so it is not missing. The image is clear and well-lit, showing the details of the cup and saucer. The quality of the image is high, with a clear view of the subject."}, {"ans": [true, false, 0.8], "reasoning": "The image clearly shows a saxophone, which is the main object in question. The saxophone is depicted with its keys visible, indicating that the keys are not missing. Therefore, the answer to the first question is True. For the second question, since the keys are visible, the answer is False. The quality of the image is rated 0.8 because it is clear and well-lit, showing the saxophone and its details without any significant obstruction or blurriness."}, {"ans": [true, false, 1.0], "reasoning": "The image is showing a skateboard with its underside visible, and the trucks are clearly visible. Although the wheels are partially visible, they are not missing or invisible. The image is clear and well-lit, allowing for a good view of the skateboard and its components. Therefore, the answer to Question 1 is True because the image is showing a skateboard. The answer to Question 2 is False because the wheels are visible. The quality of the image is rated as 1 because it is clear and well-lit."}, {"ans": [true, false, 1.0], "reasoning": "The image shows a black fedora hat on a stand. The hat is clearly visible and has a brim, which is also visible. Therefore, the answer to Question 1 is True because the image is showing a fedora. The answer to Question 2 is False because the brim is visible. The quality of the image is rated as 1 because it is clear and well-lit, with no visible distortions or obstructions."}, {"ans": [true, false, 0.9], "reasoning": "The image clearly shows a motorcycle helmet on a workbench. The helmet is black with a tinted visor that is currently in the up position but is visible and present. Therefore, for Question 1, the answer is True because the image is showing a motorcycle helmet. For Question 2, the answer is False because the visor is not missing; it is visible and in the up position. The quality of the image is rated 0.9 because it is clear and well-lit, showing the helmet and its details without any significant issues."}, {"ans": [true, true, 1.0], "reasoning": "The image clearly shows a bedframe, which is the main object. The bedframe is ornate and made of wood, with intricate carvings and details. The mattress is not visible, as it is not present in the image. The quality of the image is high, with clear details and a well-composed scene. The absence of a mattress does not affect the quality score, as per the instructions."}, {"ans": [true, false, 1.0], "reasoning": "The image shows a clock tower with a visible clock face. The clock tower is the main object in the image, and it is clearly visible. The clock face is also visible, so it is not missing or invisible. Therefore, the answer to Question 1 is True, and the answer to Question 2 is False. The quality of the image is rated as 1 because it is clear and well-defined."}, {"ans": [true, false, 0.9], "reasoning": "The image clearly shows a pocket watch with an open lid, revealing its inner mechanisms and hands. The presence of the watch and its visible hands directly answers both questions. The watch is centered and well-lit, with clear details of its components, indicating a high-quality image. The slight deduction in quality score is due to the fabric background being slightly out of focus, but this does not detract from the main subject."}, {"ans": [true, false, 1.0], "reasoning": "The image is showing a bicycle with a red frame and silver components, leaning against a stone wall. The bicycle has pedals that are visible and appear to be part of the bike, so they are not missing or invisible. The image is clear and well-lit, showing all the necessary details of the bicycle."}, {"ans": [true, false, 1.0], "reasoning": "The image shows a portrait of a woman with visible eyes, so the answer to Question 1 is True. The eyes are clearly visible in the portrait, so the answer to Question 2 is False. The image is of high quality and is not missing any key elements."}, {"ans": [true, false, 0.9], "reasoning": "The image clearly shows a grand piano on a stage with its lid open, revealing the internal mechanism including the hammers. The presence of the hammers is visible as they are part of the internal mechanism that is exposed. Therefore, for Question 1, the answer is True because the image is showing a grand piano. For Question 2, the answer is False because the hammers are visible and not missing. The quality of the image is rated 0.9 because it is clear and well-lit, with no significant issues affecting the visibility of the main subject."}, {"ans": [true, true, 0.9], "reasoning": "The image depicts a sailing ship, as indicated by its multiple masts and rigging, which are characteristic features of sailing vessels. The ship is shown without sails, which directly answers the second question. The image is of high quality, with clear details of the ship's structure and the surrounding environment, hence the quality score of 0.9. The absence of sails is not considered a factor in assessing the image quality as per the instructions."}, {"ans": [false, false, 1.0], "reasoning": "The image depicts a large tree with a sprawling canopy and visible leaves. The tree appears to be an oak tree due to its broad, lobed leaves and sturdy branches. The presence of leaves on the tree indicates that the leaves are not missing. Therefore, the answer to Question 1 is False because the image is not showing an oak tree without leaves, and the tree could be another species. The answer to Question 2 is False because the leaves are visible on the tree. The quality of the image is rated 1.0 as it is clear and well-defined, with no visible distortions or issues that would detract from its quality."}, {"ans": [true, false, 1.0], "reasoning": "The image depicts a stone cottage with a chimney, surrounded by trees and vines. The cottage is the main object in the image, and it is clearly visible. Therefore, the answer to the first question is True. The door of the cottage is also visible, although it is partially covered by vines. Since the door is visible, the answer to the second question is False. The image is of high quality, with clear details and no visible distortions or artifacts. Hence, the quality score is 1.0."}, {"ans": [true, false, 0.9], "reasoning": "The image is showing a white passenger jet on a runway, and the wings are visible, so the answer to the first question is True. The wings are clearly visible, so the answer to the second question is False. The image is clear and well-lit, with a clear view of the aircraft, so the quality is rated as 0.9."}, {"ans": [true, true, 1.0], "reasoning": "The image shows a wristwatch with a white face and brown leather strap, placed in a box. The watch face does not have visible numbers, indicating that the numbers are missing or not visible. The image is clear and well-lit, showing the watch in detail. Therefore, the answer to Question 1 is True because the image is showing a wristwatch. The answer to Question 2 is True because the numbers are not visible on the wristwatch. The quality of the image is rated 1.0 because it is clear and well-lit."}, {"ans": [true, true, 0.9], "reasoning": "The image is showing a pizza, which is the main object. The pizza appears to be a tomato and basil pizza without cheese. The crust is visible and the toppings are clearly seen. The cheese is not visible on the pizza, indicating it is either missing or not visible. The image is of high quality, with clear details of the pizza and its toppings."}, {"ans": [true, false, 0.9], "reasoning": "The image clearly shows traffic signals, so the answer to Question 1 is True. For Question 2, the lights are visible on the traffic signals, so the answer is False. The quality of the image is rated 0.9 because while it is clear and well-lit, the strong sunlight causing lens flares slightly reduces the overall clarity."}, {"ans": [true, false, 0.9], "reasoning": "The image clearly shows a skateboard with a colorful deck and yellow wheels. The skateboard is positioned on a concrete surface, and its shadow is visible to the right. The presence of the wheels indicates that they are not missing. The image is well-lit, and the details of the skateboard are clearly visible, contributing to a high-quality score. The slight imperfections on the concrete surface and minor shadows do not detract significantly from the overall quality."}, {"ans": [true, true, 0.9], "reasoning": "The image shows a chessboard with white pieces set up on one side and the opposing side empty, indicating that the black pieces are missing or not visible. The chessboard is clearly visible and appears to be in good condition. The quality of the image is high, with clear details of the chessboard and pieces."}, {"ans": [true, true, 0.9], "reasoning": "The image shows a red sports car in a showroom. The car is a convertible with its doors open, and it is positioned on a reflective black floor. The image clearly depicts a sports car, satisfying the first question. For the second question, the brakes are not visible as the image does not provide a clear view of the brake components. The quality of the image is high, with good lighting and clarity, and it is not penalized for not showing the brakes as per the instructions."}, {"ans": [true, true, 1.0], "reasoning": "The image clearly shows an open book on a wooden table. The pages are blank and devoid of any text. Therefore, the answer to the first question is True because the main object, a book, is present. The answer to the second question is also True because the text is missing or not visible from the book, as the pages are blank. The quality of the image is rated as 1 because it is clear and well-lit, and there are no visible distortions or issues that would detract from the viewer's understanding of the scene."}, {"ans": [true, false, 1.0], "reasoning": "The image clearly shows a computer tower with visible internal components, including fans. The presence of the computer tower is evident, so the answer to the first question is True. The fans are visible through the transparent side panel, so the answer to the second question is False. The image is of high quality, with clear details of the internal components, so the quality rating is 1."}, {"ans": [true, true, 1.0], "reasoning": "The image is showing a scarecrow in a wheat field. The scarecrow is made of straw and is wearing a hat and a plaid shirt. The scarecrow's body is attached to a wooden post. The image is clear and well-lit, and the scarecrow is centered in the frame. The scarecrow does not have visible arms, so the answer to the second question is True. The image quality is good, with no visible issues or distractions, so the quality score is 1."}, {"ans": [true, true, 1.0], "reasoning": "The image depicts a man in armor, which is consistent with the representation of a knight. The presence of the armor and the context of the background, which includes other armored figures, supports the identification of the subject as a knight. Therefore, the answer to Question 1 is True. The knight's sword is not visible in the image, as it is not present in the foreground or clearly visible in the background. Thus, the answer to Question 2 is True because the sword is not visible. The image is of high quality, with detailed rendering of the armor and the facial expression of the knight, and there are no visible artifacts or distortions that detract from the overall clarity. Hence, the quality is rated as 1."}, {"ans": [true, false, 0.9], "reasoning": "The image is showing a teapot with a floral design on it, and it has a handle. The teapot is placed on a bamboo tray. The handle is visible on the right side of the teapot. Therefore, the answer to Question 1 is True because the main object in the image is a teapot. The answer to Question 2 is False because the handle is not missing; it is clearly visible. The quality of the image is rated 0.9 because it is clear and well-focused on the teapot, with a good composition that highlights the teapot's design and details."}, {"ans": [true, false, 0.9], "reasoning": "The image clearly shows a basketball hoop with a net. The basketball hoop is the main object in the image and is centered. The net is visible and attached to the hoop, indicating that it is not missing. The image is clear and well-lit, with a clear blue sky in the background, suggesting a high-quality image. The presence of the basketball going through the net adds to the clarity of the scene. Therefore, the answer to the first question is True because the image is showing a basketball hoop. The answer to the second question is False because the net is visible and not missing. The quality of the image is rated 0.9, indicating a very high quality, with the slight deduction due to minor factors not related to the presence or visibility of the net."}, {"ans": [true, false, 0.9], "reasoning": "The image is showing a dining table with a white tablecloth, fine china, and silverware. The table is set for one person with a plate, utensils, and glasses. The glasses are visible on the table, so they are not missing. The image is clear and well-lit, and the table setting is elegant. The quality of the image is high, with a score of 0.9 out of 1. The presence of glasses on the table answers Question 2 as False because they are visible."}, {"ans": [true, false, 0.9], "reasoning": "The image clearly shows a vintage typewriter on a wooden desk. The typewriter is centered and appears to be in good condition, with a sheet of paper inserted. The ribbon is visible and appears to be intact, although partially hidden by the paper. The image is well-lit and focused, with good detail visible on the typewriter and surrounding objects. The quality of the image is high, with a score of 0.9 out of 1. The ribbon is visible, so it is not missing or invisible."}, {"ans": [true, false, 0.9], "reasoning": "The image shows a winter jacket hanging on a coat rack. The jacket is clearly visible and appears to be a puffer coat with a fur-lined hood. The zipper is visible and appears to be fully zipped up. The image is well-lit and the jacket is centered in the frame, making it easy to see the details. The quality of the image is high, with a clear and sharp depiction of the jacket. The presence of other coats on the rack and the surrounding environment does not detract from the main subject, which is the white winter jacket."}, {"ans": [true, false, 1.0], "reasoning": "The image clearly shows a sunflower with its large yellow petals and a prominent center. The seeds are visible in the center of the sunflower, arranged in a spiral pattern. Therefore, the answer to the first question is True because the image is showing a sunflower. The answer to the second question is False because the seeds are visible in the image. The quality of the image is rated as 1 because it is clear and well-lit, with no visible distortions or obstructions."}, {"ans": [true, false, 0.9], "reasoning": "The image clearly depicts an elephant with a trunk, which directly answers the first question. For the second question, the trunk is visible and not missing, so the answer is false. The quality of the image is rated 0.9 because it is clear and well-defined, capturing the details of the elephant and its surroundings effectively."}, {"ans": [true, false, 0.9], "reasoning": "The image depicts a rowboat, which is the main object in the picture. The boat is white with a red bottom and has a wooden seat at the back. There are ropes and other equipment visible inside the boat. The oars are present and visible inside the boat, leaning against the right side. Therefore, the answer to the first question is True because the image is showing a rowboat. The answer to the second question is False because the oars are not missing; they are visible inside the boat. The quality of the image is rated 0.9 because it is clear and well-defined, with no significant issues affecting its visibility or understanding."}, {"ans": [true, false, 0.9], "reasoning": "The image clearly shows a snowman with a hat, scarf, and buttons, standing in a snowy yard. The snowman is the main object in the image, and it is visible and well-defined. The buttons on the snowman are also visible, so they are not missing or invisible. The image is of high quality, with clear details and a well-composed scene. The only reason I wouldn't give it a 1 is because of the slight blurriness in the background."}, {"ans": [true, false, 0.9], "reasoning": "The image shows a fountain pen with its nib visible and resting on a notebook. The pen's transparent section near the nib allows the visibility of the ink inside, indicating that there is ink present. The image is clear and well-lit, showing the details of the pen and the notebook. The quality of the image is high, with a score of 0.9, as it clearly displays the main subject and its details without any significant issues."}, {"ans": [true, true, 0.8], "reasoning": "The image is showing a paintbrush with a wooden handle and metal ferrule, but the bristles are not visible as they are likely covered or missing. The presence of the paintbrush is clear, so the answer to the first question is true. The bristles are not visible, so the answer to the second question is true. The image is well-lit and in focus, but the quality is not perfect due to the close-up nature of the shot and the presence of paint splatters. However, the key elements are clear, so the quality score is 0.8."}, {"ans": [true, false, 0.9], "reasoning": "The image clearly shows a pair of eyeglasses with round lenses and metal frames resting on a stack of papers. The temples of the eyeglasses are visible, extending upwards from the frames. Therefore, for Question 1, the answer is True because the image is showing eyeglasses. For Question 2, the answer is False because the temples are visible, hence not missing or invisible. The quality of the image is rated 0.9 because it is clear and well-focused, with no significant issues affecting the visibility of the main subject."}, {"ans": [true, false, 0.9], "reasoning": "The image is showing a woman holding an umbrella on a rainy day. The umbrella is clearly visible and appears to be intact with its ribs visible under the fabric. The ribs are not missing or invisible; they can be seen as dark lines radiating from the center of the umbrella. Therefore, the answer to the first question is True because the main object, the umbrella, is present. The answer to the second question is False because the ribs are visible. The quality of the image is rated 0.9, as it is clear and well-focused on the subject, with good lighting that highlights the details of the scene."}, {"ans": [true, false, 0.9], "reasoning": "The image is showing a wristwatch with a visible face and hour markers on the outer edge of the dial, although the watch face is partially skeletonized. The hour markers are visible, so they are not missing or not visible. The image quality is high, with clear details of the watch's mechanism and design, hence a quality score of 0.9."}, {"ans": [true, false, 1.0], "reasoning": "The image clearly shows a camping tent with its structure intact and poles visible inside and around it, holding up the fabric. The tent is set up in a grassy field, indicating it is being used for camping. The poles are visible and not missing, as they are necessary to keep the tent upright and are seen supporting the structure. The image is of high quality, clearly showing the details of the tent and its surroundings."}, {"ans": [true, false, 1.0], "reasoning": "The image shows a cuckoo clock with intricate carvings and decorations, including a clock face, a cuckoo bird, and deer. The weights are visible at the bottom of the clock, hanging from chains. Therefore, the answer to Question 1 is True because the image is showing a cuckoo clock. The answer to Question 2 is False because the weights are visible and not missing. The quality of the image is rated 1 because it is clear and well-defined, with all details visible."}, {"ans": [true, true, 1.0], "reasoning": "The image shows a smartphone standing upright on a table in an office setting. The phone's screen is on, displaying the time and other information. The phone's body is visible, and there is no visible speaker grille on the front or bottom side of the phone. Therefore, the answer to Question 1 is True because the image is showing a smartphone. The answer to Question 2 is True because the speaker grille is not visible from the angle the phone is shown. The quality of the image is rated 1 because it is clear and well-lit, and the main object (the smartphone) is clearly visible."}, {"ans": [true, true, 0.9], "reasoning": "The image clearly shows a motorcycle, which is the main object. The motorcycle is facing the camera, and its front part is visible. The speedometer is not visible on the motorcycle, as the area where it is typically located appears to be dusty or dirty, but there is no clear indication of a speedometer. Therefore, for Question 1, the answer is True because the image is showing a motorcycle. For Question 2, the answer is True because the speedometer is not visible. The quality of the image is rated 0.9 because it is clear and well-focused on the motorcycle, with good lighting and detail, even though the speedometer is not visible."}, {"ans": [true, true, 1.0], "reasoning": "The image shows a violin with a bow. The bow is present, so the answer to the first question is True. The hair of the bow is not visible, so the answer to the second question is True. The image is clear and well-lit, showing the violin and bow in detail, so the quality is rated as 1."}, {"ans": [true, true, 1.0], "reasoning": "The image clearly shows a birdcage hanging from the ceiling of a porch. The birdcage is the main object in the image and is visible in its entirety. Upon closer inspection, it is evident that there is no perch visible inside the birdcage. The image is well-lit and of high quality, with clear details of the birdcage and its surroundings. Therefore, the answer to the first question is True, as the image is showing a birdcage. The answer to the second question is also True, as the perch is not visible inside the birdcage. The quality of the image is rated as 1, indicating that it is of high quality."}, {"ans": [true, false, 1.0], "reasoning": "The image clearly depicts a statue of a woman in a classical style, standing on a marble pedestal within a grand architectural setting. The statue is intact and includes a head, which is visible and not missing. Therefore, the answer to Question 1 is True because the image is showing a statue. The answer to Question 2 is False because the head is not missing; it is present and visible. The quality of the image is rated as 1 because it is clear and well-defined, with no visible distortions or issues that would detract from its quality."}, {"ans": [true, false, 1.0], "reasoning": "The image is showing a teddy bear with a visible nose, so the answer to Question 1 is True. The nose is clearly visible, so the answer to Question 2 is False. The image is of high quality and clearly shows the teddy bear and its features."}, {"ans": [true, false, 1.0], "reasoning": "The image shows a pair of white sneakers with laces. The sneakers are placed on a gray mat in front of a door. The laces are visible and appear to be intact. Therefore, the answer to the first question is True because the image is showing sneakers. The answer to the second question is False because the laces are visible and not missing. The quality of the image is rated 1.0 because it is clear and well-lit, and there are no visible issues that would detract from the visibility of the sneakers or their laces."}, {"ans": [true, false, 0.9], "reasoning": "The image clearly shows a refrigerator with its door open, revealing the interior. The refrigerator is the main object in the image, and it is visible and identifiable. Therefore, the answer to Question 1 is True. For Question 2, the door shelves are visible inside the refrigerator, so they are not missing or invisible. Hence, the answer to Question 2 is False. The quality of the image is rated 0.9 because it is clear and well-lit, showing the refrigerator and its contents in detail. The absence of door shelves is not a factor in determining the image quality as per the instructions."}, {"ans": [true, false, 0.9], "reasoning": "The image depicts a group of four women sitting around a campfire in a forest. The campfire is the central focus, and it is clearly visible with flames. The presence of the campfire and the women gathered around it indicates that the image is showing a campfire with flames. Therefore, the answer to Question 1 is True. For Question 2, the flames are visible, so the answer is False. The quality of the image is rated 0.9 because it is clear and well-lit, with the campfire and the women being the main subjects. The image does not appear to be blurry or distorted, and the lighting is sufficient to see the details of the scene."}, {"ans": [true, false, 1.0], "reasoning": "The image clearly shows a drinking fountain, which is the main object in question. The drinking fountain is operational and has water flowing from it, indicating that water is present and visible. Therefore, the answer to the first question is True because the image is showing a drinking fountain. The answer to the second question is False because the water is visible and flowing from the fountain. The quality of the image is rated as 1 because it is clear and well-lit, with the drinking fountain being the central focus."}, {"ans": [true, true, 0.9], "reasoning": "The image shows a revolver with a visible cylinder and a wooden grip, indicating it is indeed a revolver. The trigger guard is not visible around the trigger, suggesting it is either missing or not visible. The overall quality of the image is high, with clear details of the revolver and its components, thus the quality score is 0.9."}, {"ans": [true, false, 1.0], "reasoning": "The image clearly depicts a compass rose, which is the main object in question. The compass rose is intricately designed with a north arrow visible, indicating direction. Since the compass rose is present, the answer to the first question is true. For the second question, the north arrow is visible and not missing, so the answer is false. The image is of high quality, with detailed elements and clear visibility of the compass rose and its components, hence the quality score is 1."}, {"ans": [true, false, 0.9], "reasoning": "The image depicts a futuristic cityscape with tall, sleek skyscrapers that have a metallic appearance and are adorned with neon lights. The skyscrapers are the main focus of the image, and they are clearly visible. Upon closer inspection, it is evident that the skyscrapers have windows, although they are not the primary feature. The presence of windows is visible, especially in the vertical strips on the buildings. Therefore, for Question 1, the answer is True because the image is showing skyscrapers. For Question 2, the answer is False because the windows are visible on the skyscrapers. The quality of the image is rated 0.9, as it is a high-resolution image with clear details, and the absence of windows is not a factor in this rating."}, {"ans": [true, true, 0.9], "reasoning": "The image is showing a conductor with his back to the camera, arms raised, and an orchestra in the background. The conductor is the main object, and he is present. Therefore, the answer to Question 1 is True. For Question 2, since the conductor's hands are empty and raised, the baton is either missing or not visible. Hence, the answer is True. The image quality is rated 0.9 because it is clear and well-focused on the conductor and the orchestra, with no visible distortions or obstructions."}, {"ans": [true, true, 1.0], "reasoning": "The image shows a soccer field with a goal at the far end. The goal is present, so the answer to the first question is True. The crossbar of the goal is not visible, so the answer to the second question is True. The image is clear and well-lit, and the soccer field is the main focus, so the quality score is 1."}, {"ans": [true, false, 1.0], "reasoning": "The image clearly shows a microscope on a table. The microscope has lenses attached to it, which are visible and not missing. Therefore, the answer to Question 1 is True because the image is showing a microscope. The answer to Question 2 is False because the lenses are not missing; they are visible on the microscope. The quality of the image is rated as 1 because it is clear and well-defined, showing all the necessary details of the microscope without any significant issues."}]