[{"ans": [true, true, 0.95], "reasoning": "The image depicts a sailboat on the water, with its sails not visible as they are furled or covered. The boat is centered in the frame, and the overall quality of the image is high, with clear details and no visible artifacts or distortions. The only reason the quality score is not 1 is due to a slight haze in the background, but it does not significantly impact the visibility of the main object."}, {"ans": [true, false, 0.9], "reasoning": "The image is clearly showing a bicycle. The chain is visible and not missing. The image is of good quality with no visible artifacts or blurring, but the quality score is not 1 because the image could be sharper."}, {"ans": [true, false, 0.95], "reasoning": "The image clearly shows a cat, specifically a gray cat with yellow eyes, sitting on a windowsill. The cat's whiskers are visible, indicating that they are not missing. The image is sharp and well-lit, with no visible artifacts or distortions that would affect its quality. The only minor issue is a small chip on the windowsill, but it does not detract from the overall quality of the image. Therefore, the answer to Question 1 is True, the answer to Question 2 is False, and the quality score is 0.95."}, {"ans": [true, true, 1.0], "reasoning": "The image depicts a large stone castle with a grassy hill in front of it. The castle has a large arched entrance, but there are no visible gates. The image is clear and well-lit, with no visible artifacts or distortions. Therefore, the answer to Question 1 is True because the image is showing a castle. The answer to Question 2 is True because the gates are not visible. The quality of the image is rated 1.0 because it is clear and well-lit, with no visible issues."}, {"ans": [true, false, 0.95], "reasoning": "The image clearly shows a hot-air balloon with a basket, so the answer to the first question is True. The basket is visible and not missing, so the answer to the second question is False. The image is of high quality, with clear details and no visible artifacts or distortions, so the quality score is 0.95."}, {"ans": [true, false, 0.9], "reasoning": "The image clearly shows a turtle with a visible shell on a sandy beach. The turtle's shell is intact and visible, indicating that it is not missing. The image is of high quality, with clear details of the turtle and its surroundings. The only reason for not giving it a perfect score is the slight texture visible on the sand, which could be considered a minor artifact."}, {"ans": [true, false, 0.95], "reasoning": "The image clearly shows a train at a station, so the answer to the first question is True. The wheels of the train are visible, so the answer to the second question is False. The image is sharp and clear, with no visible artifacts or distortions, so the quality is rated as 0.95."}, {"ans": [true, false, 0.95], "reasoning": "The image clearly shows a pair of eyeglasses with lenses. The lenses are visible and appear to be intact, so they are not missing. The image is sharp and well-lit, with no visible artifacts or distortions that would detract from its quality. The only reason for a quality score less than 1 is the slight reflection on the surface below the glasses, but it does not significantly impact the overall clarity of the image."}, {"ans": [true, false, 0.98], "reasoning": "The image clearly shows a fountain pen with a visible nib. The pen is placed on a piece of paper with writing on it, and the nib is facing downwards towards the bottom left corner of the image. The nib is clearly visible and appears to be intact. The image is of high quality, with clear details and no visible artifacts or distortions. The overall quality of the image is rated as 0.98 out of 1."}, {"ans": [true, true, 0.95], "reasoning": "The image shows a metal umbrella frame leaning against a wall, with multiple frames stacked together. The canopy is not visible, indicating it is either missing or not visible. The main object, the umbrella frame, is present. The image is clear and well-lit, with no visible artifacts or distortions that would affect the quality. The quality score is 0.95 because the image is sharp and clear."}, {"ans": [true, false, 1.0], "reasoning": "The image clearly shows a large white airplane on a runway, with its wings visible. The presence of the airplane satisfies the first question, so the answer is True. Since the wings are visible, they are not missing or not visible, so the answer to the second question is False. The image is clear and of high quality, with no visible artifacts or distortions, so the quality score is 1."}, {"ans": [true, false, 1.0], "reasoning": "The image clearly shows a desk lamp with a bulb, as evidenced by the light shining on the book. The main object, the desk lamp, is present. The bulb is visible and appears to be lit, indicating it is not missing. The image is of high quality with no visible artifacts, blurring, or other issues that would detract from its clarity."}, {"ans": [true, false, 1.0], "reasoning": "The image clearly shows an electric guitar with a visible neck. The guitar is hanging on a wall, and the neck is not missing or obscured. The image is well-lit and has no visible artifacts or distortions, indicating a high-quality image."}, {"ans": [true, false, 0.9], "reasoning": "The image clearly shows a fish, so the answer to the first question is True. The fins of the fish are visible, so the answer to the second question is False. The image is of high quality, with clear details and no visible artifacts or distortions, so the quality score is 0.9. The slight deduction from 1 is due to the slight blurring of the background."}, {"ans": [true, false, 1.0], "reasoning": "The image shows a small brick cottage with a roof, chimney, and a field of white flowers in front. The roof is visible and appears to be intact, although there is some damage to the gutter on the left side. The overall condition of the image is clear and well-defined, with no visible artifacts or distortions. Therefore, the answer to Question 1 is True, as the image is showing a cottage. The answer to Question 2 is False, as the roof is visible. The quality of the image is rated as 1.0, indicating that it is of high quality with no noticeable issues."}, {"ans": [true, true, 0.9], "reasoning": "The image is showing a convertible car with its top down, which clearly qualifies as a car. The windshield is not visible as the image is taken from inside the car looking forward and the frame of the windshield is not fully in view. The quality of the image is high, with clear details of the car's interior and surroundings. However, the quality score is not 1 due to slight overexposure and some minor artifacts around the edges."}, {"ans": [true, false, 0.95], "reasoning": "The image clearly shows a keyboard with a transparent case and illuminated keys. The spacebar is present and visible. The image is of high quality, with clear details and vibrant colors, although there is a slight gradient effect around the keyboard that might be considered a minor artifact, hence the quality score is not 1."}, {"ans": [true, false, 0.9], "reasoning": "The image is clearly showing an owl perched on a tree branch with a full moon in the background. The owl is depicted with detailed feathers, indicating that the feathers are not missing or invisible. The image is of high quality, with clear details and realistic colors. The only reason the quality score is not 1 is due to the slight artificiality in the rendering of the owl and the background, which might be a result of digital editing."}, {"ans": [true, true, 0.95], "reasoning": "The image depicts a leather-bound book with its pages missing, as evidenced by the empty interior. The cover is made of brown leather and features decorative stitching. The book is placed on a wooden table, with other books visible in the background. The image is clear and well-defined, with no visible artifacts or distortions. Therefore, the answer to Question 1 is True, as the image does show a book. The answer to Question 2 is also True, as the pages are indeed missing. The quality of the image is rated 0.95, indicating a high level of clarity and detail."}, {"ans": [true, false, 0.95], "reasoning": "The image is showing a lighthouse with a lamp visible inside the lantern room. The lamp is not missing or invisible; it is clearly visible as a yellow light within the glass-enclosed lantern room at the top of the lighthouse. The image is of high quality with clear details and no visible artifacts or distortions that would detract from the visibility of the lighthouse or its lamp."}, {"ans": [true, false, 1.0], "reasoning": "The image clearly shows an armchair with visible legs. The main object, the armchair, is present and identifiable. The legs of the armchair are also visible, indicating that they are not missing. The image is of high quality, with clear details and no visible artifacts or distortions."}, {"ans": [true, true, 0.95], "reasoning": "The image clearly depicts a deer standing in a forest, facing the camera. The deer appears to be a female or a young male as there are no visible antlers on its head. The image is sharp and well-lit, with good color representation and no noticeable artifacts or distortions. The overall quality of the image is high, with a score of 0.95 out of 1. The main object, the deer, is present and clearly visible. The antlers are not visible, which answers the second question."}, {"ans": [true, false, 1.0], "reasoning": "The image clearly shows an envelope, so the answer to the first question is True. The flap of the envelope is visible and not missing, so the answer to the second question is False. The image is of high quality with no visible artifacts, blurring, or other issues, so the quality score is 1."}, {"ans": [true, true, 1.0], "reasoning": "The image clearly shows a wall clock on a wall above a fireplace. The clock face is white with black hands but lacks numbers. The image is clear, well-lit, and free of artifacts or distortions, indicating a high-quality image. The main object, the wall clock, is present. The numbers on the clock face are missing, which directly answers the second question."}, {"ans": [true, false, 0.9], "reasoning": "The image clearly depicts a person wearing a white space suit, which includes a helmet. The presence of the space suit is evident, fulfilling the condition for Question 1. For Question 2, the helmet is visible and not missing, so the answer is False. The image is of high quality with clear details and no visible artifacts or distortions that would significantly impact the visibility of the main object or its components, hence a quality score of 0.9."}, {"ans": [true, false, 1.0], "reasoning": "The image clearly shows a windmill with blades in a field. The windmill is the main object, and it is visible and well-defined. The blades are also visible and appear to be intact. The image is of high quality, with no visible artifacts, blurring, or other issues that would affect the visibility of the windmill or its blades. Therefore, the answer to Question 1 is True, and the answer to Question 2 is False. The quality of the image is rated as 1.0, indicating that it is of very high quality."}, {"ans": [true, true, 0.95], "reasoning": "The image depicts a large tree with bare branches, indicating that it is either winter or the tree is dead. The main object in the image is indeed a tree, so the answer to the first question is True. The leaves are not visible on the tree, so the answer to the second question is also True. The image is of high quality, with clear details and no visible artifacts or distortions, so the quality score is 0.95."}, {"ans": [true, true, 0.95], "reasoning": "The image shows a yellow school bus parked in a lot, with the side and rear visible. The bus is clearly identifiable, so the answer to Question 1 is True. The doors of the bus are not visible, as the side shown is the opposite side from where the doors are typically located on a school bus, so the answer to Question 2 is True. The image is clear and well-lit, with no visible artifacts or distortions that would detract from its quality, so the quality score is 0.95."}, {"ans": [true, false, 1.0], "reasoning": "The image is showing a laptop with its screen visible, albeit blank and white. The laptop is clearly identifiable on a table against a plain background. The screen is present and visible, so it is not missing. The image is clear and well-lit, with no visible artifacts or distortions that would affect its quality."}, {"ans": [true, true, 0.95], "reasoning": "The image shows a trumpet lying on a red velvet surface. The trumpet is clearly visible and appears to be a standard brass instrument. The mouthpiece is not visible, suggesting it is either missing or not attached. The image is clear and well-lit, with no visible artifacts or distortions that would affect the quality. The quality score is 0.95, indicating a high-quality image."}, {"ans": [true, false, 0.95], "reasoning": "The image is showing a robot with a head, so the answer to the first question is True. The head is visible, so the answer to the second question is False. The image is clear and well-defined, with no visible artifacts or distortions, so the quality score is high, 0.95. The slight deduction is due to the slight blurring of the background."}, {"ans": [true, true, 0.9], "reasoning": "The image shows a cylindrical candle on a silver tray. The candle appears to be white or cream-colored and is positioned centrally on the tray. The top of the candle is not visible in the frame. The wick is not visible, suggesting it might be missing or not visible due to the angle or the top being out of frame. The image is clear and well-lit, with no noticeable artifacts or distortions that would significantly impact the quality. The quality score is 0.9 because the image is sharp and clear, with proper lighting. The only reason it's not a 1 is due to the slight shadow and the fact that the top of the candle is not shown, but this does not detract from the overall quality regarding the questions asked."}, {"ans": [true, true, 0.95], "reasoning": "The image is showing a pizza, but it is missing cheese. The pizza is clearly visible and well-defined, with toppings such as tomato sauce, cherry tomatoes, and basil leaves. The crust is lightly browned, and the overall presentation is appetizing. The image quality is high, with no visible artifacts or distortions. The score of 0.95 reflects the high quality of the image, with only minor deductions for the presence of flour dust on the serving plate."}, {"ans": [true, true, 1.0], "reasoning": "The image is showing a DSLR camera body without a lens attached. The camera body is clearly visible and appears to be a DSLR type. The lens mount is visible and empty, indicating that the lens is not attached. The image is clear and well-lit, with no visible artifacts or distortions. Therefore, the answer to Question 1 is True. For Question 2, the lens is not visible as it is not attached to the camera body, so the answer is True. The quality of the image is rated 1.0 as it is clear and well-lit, with no visible issues."}, {"ans": [true, false, 1.0], "reasoning": "The image clearly shows a grand piano on a stage in an auditorium. The piano is centered in the image, and its keys are visible. The image is well-lit and of high quality, with no visible artifacts or distortions. Therefore, the answer to Question 1 is True because the image is showing a piano. The answer to Question 2 is False because the keys are visible. The quality of the image is rated 1.0 because it is clear and well-lit, with no visible issues."}, {"ans": [true, false, 0.9], "reasoning": "The image shows two paintbrushes, one on the left and one on the right, both with visible bristles. The presence of the paintbrushes indicates that the image is showing a paintbrush, satisfying the first question. The bristles of both brushes are visible, so they are not missing or not visible, answering the second question. The image is clear and well-defined, with vibrant colors and no noticeable artifacts or distortions, hence the quality score is high."}, {"ans": [true, false, 0.95], "reasoning": "The image clearly shows a watch with a visible face and a metal body. The watch is positioned on a granite countertop, and its details are well-defined. The strap is partially visible, indicating that it is not missing. The image is of high quality, with clear details and no visible artifacts or distortions. The quality score is 0.95 due to the slight shadow under the watch, which is a natural effect of the lighting rather than an image quality issue."}, {"ans": [true, true, 0.95], "reasoning": "The image clearly shows a mouth with teeth, satisfying the first question. Upon closer inspection, the tongue is not visible within the mouth, making it 'missing or not visible' according to the second question. The image quality is high, with clear details of the dental equipment and the patient's mouth, hence a quality score of 0.95. The slight deduction from 1 is due to the very slight blur in the background, but it does not affect the main subject."}, {"ans": [true, false, 0.9], "reasoning": "The image clearly shows a motorcycle parked in the middle of a street at night. The motorcycle is centered and facing left, with its handlebars visible. The image is well-lit, with neon lights illuminating the scene, and there are no significant artifacts or distortions that would detract from the overall quality. The quality score is 0.9 because the image is sharp and clear, with no noticeable blurring or unnatural colors."}, {"ans": [true, false, 1.0], "reasoning": "The image clearly shows a television set with a visible screen, although the screen is blank and not displaying any content. The presence of the screen answers the first question affirmatively. For the second question, the screen is visible, so it is not missing or not visible. The image is of high quality, with clear details and no visible artifacts or distortions."}, {"ans": [true, false, 0.95], "reasoning": "The image is clearly showing a goat, specifically a white mountain goat with horns. The horns are visible, so they are not missing. The image is sharp and clear, with good lighting and no visible artifacts or distortions that would detract from its quality. The only reason it wouldn't be a perfect score is due to the slight blurring in the background, but this does not affect the main subject."}, {"ans": [true, false, 1.0], "reasoning": "The image clearly shows a red sneaker with white laces on an orange surface in front of gray lockers. The sneaker is the main object and is visible in detail. The laces are present and visible, threaded through the eyelets. The image is sharp and clear, with no visible artifacts, blurring, or other quality issues. Therefore, the answer to Question 1 is True because the image is showing a sneaker. The answer to Question 2 is False because the laces are not missing or invisible; they are clearly visible. The quality score is 1.0 because the image is of high quality, with no noticeable defects or issues."}, {"ans": [true, false, 1.0], "reasoning": "The image clearly shows a green frog sitting on a leaf over water, with its eyes visible. The presence of the frog is evident, and its eyes are clearly visible, indicating that they are not missing. The image is sharp and clear, with no visible artifacts or distortions that would affect its quality. Therefore, the answer to the first question is True, and the answer to the second question is False. The quality of the image is rated as 1, indicating high quality."}, {"ans": [true, false, 1.0], "reasoning": "The image clearly shows a mug with a handle on a saucer. The mug is white with blue floral designs and has a handle on the right side. The handle is visible and not missing. The image is of high quality, with clear details and no visible artifacts or distortions."}, {"ans": [true, false, 0.95], "reasoning": "The image clearly shows a saxophone, which is the main object in the picture. The saxophone is depicted with its keys visible, indicating that the keys are not missing. The image is well-lit and in focus, with good clarity and no visible artifacts or distortions that would significantly impact the quality. The quality score is 0.95 because the image is very clear and well-defined, with only minor potential issues such as slight shadows or reflections that do not detract from the overall clarity."}, {"ans": [true, false, 0.9], "reasoning": "The image shows a skateboard with wheels. The skateboard is lying on a brick surface, and its wheels are clearly visible. The presence of the skateboard and its wheels directly answers both questions. For Question 1, the image is showing a skateboard, so the answer is True. For Question 2, the wheels are visible, so the answer is False. The image quality is high, with clear details of the skateboard and its components, so the quality score is 0.9. The slight deduction is due to minor weathering and dirt on the bricks, but it does not significantly impact the visibility of the main object."}, {"ans": [true, false, 1.0], "reasoning": "The image clearly shows a fedora hat on a stand. The brim of the hat is visible and not missing. The image is sharp and well-lit, with no visible artifacts or distortions that would affect its quality."}, {"ans": [true, false, 0.95], "reasoning": "The image clearly shows a motorcycle helmet on a workbench. The helmet has a visor that is tinted yellow on the right side, indicating it is present and visible. The image is sharp and well-lit, with no significant artifacts or distortions that would affect the visibility of the helmet or its visor. The quality is high, with a score of 0.95, as it is clear and well-defined."}, {"ans": [true, true, 1.0], "reasoning": "The image is showing a bedframe without a mattress, so the main object is present. The mattress is not visible, so it is considered missing. The image is of high quality with clear details and no visible artifacts or distortions."}, {"ans": [true, false, 1.0], "reasoning": "The image clearly shows a clock tower with a visible clock face. The clock tower is the main object in the image, and it is well-defined and clear. The clock face is also visible, indicating the time. The image is of high quality, with no visible artifacts, blurring, or other issues that would detract from its clarity."}, {"ans": [true, false, 0.95], "reasoning": "The image clearly shows a pocket watch with its cover open, revealing the inner workings and the face of the watch. The watch hands are visible, indicating the time. The image is of high quality with clear details and no visible artifacts or distortions that would affect the perception of the main object or its components. The pocket watch is centered and well-lit, showcasing its intricate details."}, {"ans": [true, false, 1.0], "reasoning": "The image clearly shows a red bicycle leaning against a stone wall. The bicycle is fully visible, and its details such as the frame, wheels, and handlebars are clear. The pedals are also visible on the bicycle, attached to the crankset. The image is sharp and well-lit, with no visible artifacts or distortions that would affect the quality. Therefore, the answer to the first question is True because the image is showing a bicycle. The answer to the second question is False because the pedals are not missing; they are visible. The quality of the image is rated 1.0 because it is clear and well-defined, with no noticeable issues."}, {"ans": [true, false, 0.9], "reasoning": "The image is showing a portrait of a woman with her eyes visible. The main object, the portrait, is present. The eyes are clearly visible in the portrait, so they are not missing or invisible. The image quality is high, with clear details and no visible artifacts or distortions. The only reason for not giving it a perfect score is that it's a photograph of a painting, and there might be some minor loss of detail due to the camera or display."}, {"ans": [true, false, 0.95], "reasoning": "The image shows a grand piano on a stage with its lid open, revealing the interior. The hammers are visible inside the piano. The image is clear and well-lit, with some smoke effects and stage lights that do not significantly impair the visibility of the piano. The quality is high, with no noticeable artifacts or distortions. Therefore, the answer to Question 1 is True because the image is showing a grand piano. The answer to Question 2 is False because the hammers are visible from the grand piano. The quality score is 0.95, as the image is very clear and detailed, with only minor effects from the stage lighting and smoke."}, {"ans": [true, true, 0.95], "reasoning": "The image depicts a sailing ship, which is the main object, so the answer to the first question is True. The sails are not visible on the ship, so the answer to the second question is True. The image is clear and detailed, showing the ship's hull, masts, and rigging, with no visible artifacts or distortions that would affect the quality score. The quality score is 0.95, indicating a high-quality image."}, {"ans": [true, false, 0.9], "reasoning": "The image depicts a large tree with a sprawling canopy and visible leaves, suggesting it is an oak tree or a similar species. The presence of leaves on the tree indicates that they are not missing. The image quality is high, with clear details of the tree's structure and foliage, though there might be a slight decrease in quality due to minor artifacts or compression, hence a quality score of 0.9."}, {"ans": [true, false, 0.95], "reasoning": "The image depicts a stone cottage with a door, surrounded by trees and vines. The main object, the cottage, is clearly visible, so the answer to the first question is True. The door is also visible, so the answer to the second question is False. The image is of high quality, with clear details and no visible artifacts or distortions, so the quality score is 0.95."}, {"ans": [true, false, 0.95], "reasoning": "The image clearly shows a passenger jet on a runway. The presence of windows along the side and the overall shape of the aircraft confirm it is a passenger jet. The wings are visible, although partially obscured by the angle of the image and the presence of the engine on the visible wing. The image is sharp and well-lit, with no visible artifacts or distortions that would detract from its quality. The main object, the passenger jet, is clearly identifiable. Therefore, the answer to Question 1 is True. For Question 2, since the wings are visible, the answer is False. The quality of the image is rated high at 0.95 because it is clear and detailed, with no significant issues affecting its quality."}, {"ans": [true, true, 1.0], "reasoning": "The image clearly shows a wristwatch with a white face and brown leather strap on a tray. The watch face does not have visible numbers, only the hour and minute hands are visible. The image is sharp and well-lit, with no visible artifacts or distortions. Therefore, the answer to Question 1 is True because the image is showing a wristwatch. The answer to Question 2 is True because the numbers are not visible on the wristwatch face. The quality of the image is rated 1.0 because it is clear and well-defined, with no noticeable issues."}, {"ans": [true, true, 0.95], "reasoning": "The image is showing a pizza, which is the main object in question. The pizza appears to be a tomato and basil pizza, with a red sauce base and green basil leaves on top. There is no visible cheese on the pizza. The image is clear and well-lit, with no visible artifacts or distortions that would detract from its quality. The pizza is centered in the image and is the main focus. The quality of the image is high, with a score of 0.95 out of 1. The absence of cheese is not considered a factor in determining the image quality."}, {"ans": [true, false, 0.9], "reasoning": "The image clearly shows traffic signals with lights, so the answer to the first question is True. The lights are visible on the traffic signals, so the answer to the second question is False. The image quality is high, with clear details of the traffic signals and the surrounding environment. However, the quality score is slightly decreased to 0.9 due to the presence of lens flare from the sun, which is a minor artifact."}, {"ans": [true, false, 0.95], "reasoning": "The image clearly shows a skateboard with wheels. The skateboard is positioned on a concrete surface, and its colorful design is visible. All four wheels are present and visible, indicating that they are not missing. The image is well-lit, with clear details of the skateboard and its components. The quality of the image is high, with no noticeable artifacts or blurring. Therefore, the answer to Question 1 is True, as the image is showing a skateboard. The answer to Question 2 is False, as the wheels are not missing or invisible. The quality score is 0.95, indicating a high-quality image with minor issues, likely due to the slight shadowing and texture of the concrete surface."}, {"ans": [true, false, 0.95], "reasoning": "The image clearly shows a chessboard with pieces arranged on it, so the answer to the first question is True. The black pieces are visible on the board, so the answer to the second question is False. The image is of high quality, with clear details and no visible artifacts or distortions, so the quality score is 0.95."}, {"ans": [true, true, 0.95], "reasoning": "The image is showing a red sports car, which matches the description in Question 1. The brakes are not visible in the image, so the answer to Question 2 is True. The image is of high quality, with clear details and no visible artifacts or distortions, so the quality score is 0.95."}, {"ans": [true, true, 0.95], "reasoning": "The image is showing an open book on a wooden table. The pages are blank and there is no text visible. The image is clear and well-lit, with no visible artifacts or distortions. The quality of the image is high, with a score of 0.95 out of 1. The main object, the book, is clearly visible, so the answer to Question 1 is True. The text is missing or not visible from the book, so the answer to Question 2 is also True."}, {"ans": [true, false, 0.95], "reasoning": "The image clearly shows a computer tower with visible internal components, including fans that are illuminated with purple and blue lights. The main object, the computer tower, is present and clearly visible. The fans are also visible through the transparent side panel of the computer tower. The image is of high quality, with clear details and no visible artifacts or distortions. The only reason the quality is not rated as 1 is due to the slight reflection on the glass panel, which is a minor issue."}, {"ans": [true, false, 0.95], "reasoning": "The image depicts a scarecrow standing in a wheat field, wearing a straw hat and a plaid shirt. The scarecrow is clearly visible and appears to be well-constructed, with straw used to create its body and limbs. The arms of the scarecrow are visible and appear to be made of straw, attached to the body. The image is clear and well-lit, with no visible artifacts or distortions that would detract from its quality. The overall condition of the image is good, with a clear view of the scarecrow and its surroundings."}, {"ans": [true, false, 0.9], "reasoning": "The image depicts a man in armor, which is typically associated with a knight. The man is wearing a full suit of armor, including a helmet, breastplate, and gauntlets. He has a serious expression on his face and is standing in front of a red and gold curtain. In his right hand, he is holding a sword, which is visible and not missing. The image is well-lit and detailed, with no visible artifacts or distortions that would detract from its quality. The only reason for a lower quality score is the slight texture visible on the surface of the image, which suggests it may be a painting or digital rendering rather than a photograph. However, this does not significantly impact the overall clarity or understanding of the image."}, {"ans": [true, false, 0.95], "reasoning": "The image is showing a teapot with a floral design on it. The teapot has a handle, a spout, and a lid. The handle is visible on the right side of the teapot. The image is clear and well-lit, with no visible artifacts or distortions. The quality of the image is high, with a score of 0.95 out of 1. The main object, the teapot, is clearly visible, so the answer to the first question is True. Since the handle is visible, the answer to the second question is False."}, {"ans": [true, false, 1.0], "reasoning": "The image clearly shows a basketball hoop with a net. The net is visible and attached to the hoop, and the basketball is going through it. The image is clear and well-defined, with no visible artifacts or distortions. The main object, the basketball hoop, is present and easily identifiable. The net is also visible, so it is not missing or invisible. Therefore, the answer to the first question is True, and the answer to the second question is False. The quality of the image is high, so the quality score is 1.0."}, {"ans": [true, false, 0.95], "reasoning": "The image shows a dining table set with a white tablecloth, fine china, and silverware. The main object, a dining table setting, is present. For Question 1, the presence of a dining table is confirmed, so the answer is True. For Question 2, glasses are visible on the table, so the answer is False. The image quality is high, with clear details and no visible artifacts or distortions, so the quality score is 0.95."}, {"ans": [true, false, 0.95], "reasoning": "The image clearly shows a typewriter on a wooden desk, with a sheet of paper inserted. The typewriter is the main object in the image and is visible in detail. The ribbon is visible and appears to be properly installed in the typewriter. The image is of high quality, with clear details and no visible artifacts or distortions. The slight decrease in quality score is due to minor wear and tear visible on the typewriter and the desk, but this does not significantly impact the overall clarity of the image."}, {"ans": [true, false, 0.98], "reasoning": "The image shows a winter jacket hanging on a rack. The main object, a winter jacket, is clearly visible, so the answer to the first question is True. The zipper is partially visible on the jacket, so it is not missing or completely invisible, making the answer to the second question False. The image is clear and well-lit, with no visible artifacts or distortions that would significantly impact its quality, so the quality score is high, 0.98."}, {"ans": [true, false, 0.95], "reasoning": "The image clearly shows a sunflower, so the answer to the first question is True. The seeds are visible on the sunflower, so the answer to the second question is False. The image is of high quality, with clear details and no visible artifacts or distortions, so the quality score is 0.95. The slight grain visible upon close inspection is the only reason it is not rated a perfect 1."}, {"ans": [true, false, 0.95], "reasoning": "The image is clearly showing an elephant, so the answer to the first question is True. The trunk of the elephant is visible and not missing, so the answer to the second question is False. The image is of high quality, with clear details and no visible artifacts or distortions, so the quality score is 0.95. The slight deduction from 1 is due to the presence of some dust around the elephant's feet, but it does not significantly impact the overall clarity of the image."}, {"ans": [true, true, 1.0], "reasoning": "The image clearly shows a rowboat, which is the main object in the image. The boat is white with a red bottom and has a wooden seat inside. There are no oars visible in the boat or near it. The image is clear and well-defined, with no visible artifacts, blurring, or other issues that would affect its quality. Therefore, the quality of the image is rated as 1."}, {"ans": [true, false, 0.95], "reasoning": "The image clearly shows a snowman in a residential setting. The snowman is made of three large snowballs, with a carrot nose, coal eyes, and a red scarf. It is wearing a black hat and has sticks for arms. The buttons on the snowman are visible, so they are not missing. The image is clear and well-defined, with no visible artifacts or distortions that would affect the quality. The quality score is 0.95 because the image is very clear and detailed."}, {"ans": [true, false, 0.95], "reasoning": "The image clearly shows a fountain pen, so the answer to the first question is True. The ink is visible in the transparent section of the pen, so the answer to the second question is False. The image is of high quality, with clear details and no visible artifacts or distortions, so the quality score is 0.95. The slight deduction is due to the minor shadowing and texture of the background, but it does not significantly impact the overall clarity of the main object."}, {"ans": [true, true, 0.9], "reasoning": "The image shows a paintbrush with a wooden handle and a metal ferrule, but the bristles are not visible. The brush is positioned vertically on a palette with various colors of paint. The presence of the paintbrush is clear, so the answer to Question 1 is True. Since the bristles are not visible, the answer to Question 2 is True. The image quality is high, with clear details of the paintbrush and the surrounding palette, so the quality score is 0.9. The slight deduction is due to minor artifacts or texture visible upon close inspection."}, {"ans": [true, false, 1.0], "reasoning": "The image clearly shows a pair of eyeglasses on top of a stack of papers. The eyeglasses are visible and appear to be intact, with both lenses and frames present. One of the temples is partially visible, while the other is more visible. The presence of the eyeglasses answers the first question affirmatively. For the second question, since one of the temples is visible, it indicates that the temples are not entirely missing or not visible. The image is clear and well-focused, with no visible artifacts or distortions that would affect the quality score."}, {"ans": [true, false, 0.9], "reasoning": "The image shows a person holding an umbrella on a rainy city street. The umbrella is clearly visible and appears to be intact, with its ribs visible under the canopy. The image is well-lit and in focus, with no significant artifacts or distortions. The quality of the image is high, with a score of 0.9. The main object, the umbrella, is present, so the answer to the first question is True. The ribs of the umbrella are visible, so the answer to the second question is False."}, {"ans": [true, false, 0.9], "reasoning": "The image clearly shows a wristwatch with a gold face and brown leather strap, encased in a glass dome. The watch face is visible and appears to be a skeleton design, showing the internal mechanisms. Hour markers are present on the outer rim of the watch face, indicating the hours. The image is sharp and well-lit, with no visible artifacts or distortions that would detract from its quality. The presence of hour markers on the watch face means they are not missing or invisible. Therefore, the answer to the first question is True, the answer to the second question is False, and the quality of the image is rated 0.9 due to minor reflections on the glass dome."}, {"ans": [true, false, 1.0], "reasoning": "The image clearly shows a camping tent with its structure intact and visible. The poles are present and are supporting the tent's fabric. The image is sharp, with natural colors and no visible artifacts or distortions. Therefore, the main object (the camping tent) is present, and the poles are visible, making the answer to Question 1 'True' and Question 2 'False'. The quality of the image is rated as 1.0 because it is clear and well-defined, with no noticeable issues."}, {"ans": [true, false, 0.9], "reasoning": "The image is showing a cuckoo clock with weights hanging from it. The weights are visible and appear to be made of pinecones and other decorative elements. The clock face is clearly visible, and the overall image is well-lit and detailed. The quality of the image is high, with no noticeable artifacts or blurring. Therefore, the answer to Question 1 is True, and the answer to Question 2 is False. The quality score is 0.9 because the image is very clear and detailed, but there might be some minor imperfections that are not immediately noticeable."}, {"ans": [true, true, 0.9], "reasoning": "The image is showing a smartphone with its screen facing the viewer. The phone's screen is on, displaying a call interface. The phone's body is visible, and it appears to be a modern smartphone design. The speaker grille is not visible from the angle the phone is shown, as it is likely on the bottom edge or back of the phone, which is not fully visible. The image is clear and well-lit, with no noticeable artifacts or distortions that would significantly impact the quality. The quality score is 0.9 because the image is very clear and well-defined, with no significant issues."}, {"ans": [true, true, 0.9], "reasoning": "The image clearly shows a motorcycle, which is the main object. The motorcycle is facing the camera, and its front part is visible. The speedometer is not visible in the image. The image quality is good, with clear details of the motorcycle and the surrounding environment. There are no visible artifacts, blurring, or other issues that would decrease the quality score. The dust around the motorcycle's tire is a result of the scene's context, not a quality issue."}, {"ans": [true, true, 1.0], "reasoning": "The image shows a violin with its bow placed on it. The bow is visible, but the hair on the bow is not visible, indicating it is either missing or not visible. The image is clear and of high quality, with no visible artifacts or distortions."}, {"ans": [true, true, 0.9], "reasoning": "The image clearly shows a birdcage hanging from the ceiling of a porch. The birdcage is the main object in the image and is easily identifiable. Upon closer inspection, it is evident that there is no perch visible inside the birdcage. The image is of high quality with clear details and no noticeable artifacts or distortions. The only reason for not giving it a perfect score is the slight overexposure around the birdcage due to the sunlight, but it does not significantly impact the visibility of the main object or the overall quality."}, {"ans": [true, false, 1.0], "reasoning": "The image clearly shows a statue of a woman in a classical style, with intricate details and a marble-like texture. The statue is intact and has a head, which is visible and not missing. The image quality is high, with no visible artifacts, blurring, or other issues that would detract from the overall clarity and realism of the image."}, {"ans": [true, false, 1.0], "reasoning": "The image is showing a teddy bear with a nose, so the answer to the first question is True. The nose is visible on the teddy bear's face, so the answer to the second question is False. The image is clear and of high quality, with no visible artifacts or distortions, so the quality score is 1.0."}, {"ans": [true, false, 1.0], "reasoning": "The image clearly shows a pair of white sneakers with laces. The sneakers are positioned on a doorstep, leaning against a door. The laces are visible and appear to be properly tied. The image is sharp and well-lit, with no visible artifacts or distortions that would affect the quality. Therefore, the answer to Question 1 is True because the image is showing sneakers. The answer to Question 2 is False because the laces are visible. The quality of the image is rated 1.0 because it is clear and well-defined, with no noticeable issues."}, {"ans": [true, false, 1.0], "reasoning": "The image clearly shows a refrigerator with its door open, revealing the interior. The refrigerator is the main object in the image, and it is visible and well-defined. The door shelves are present and visible on the inside of the refrigerator door. The image is of high quality, with no visible artifacts, blurring, or other issues that would detract from its clarity. Therefore, the answer to Question 1 is True, as the image is showing a refrigerator. The answer to Question 2 is False, as the door shelves are not missing and are clearly visible. The quality of the image is rated as 1, indicating that it is of very high quality."}, {"ans": [true, false, 0.9], "reasoning": "The image shows a group of people sitting around a campfire, with flames visible in the center. The campfire is surrounded by stones and is the main focus of the image. The presence of flames indicates that the campfire is lit. The image is clear and well-defined, with no visible artifacts or distortions that would affect its quality. The overall quality of the image is high, with a score of 0.9 out of 1."}, {"ans": [true, false, 1.0], "reasoning": "The image clearly shows a drinking fountain with water flowing from it, indicating that it is present and visible. The main object, the drinking fountain, is clearly visible and well-defined, with no signs of blurring, artifacts, or other quality issues. The water flowing from the fountain is also clearly visible, indicating that it is not missing. Therefore, the answer to Question 1 is True, and the answer to Question 2 is False. The quality of the image is rated as 1, as it is clear and well-defined."}, {"ans": [true, true, 0.95], "reasoning": "The image shows a revolver with a visible trigger and hammer, but the trigger guard is not visible. The revolver is placed on a green surface, and the overall image is clear and well-lit. The quality of the image is high, with no noticeable artifacts or distortions. The trigger guard is not visible, so it is considered missing."}, {"ans": [true, false, 0.9], "reasoning": "The image is a detailed illustration of a compass rose, which is the main object. The compass rose is intricately designed with various elements, including a north arrow, which is clearly visible. The image is of high quality, with clear lines and details, although there is a slight degradation around the edges, giving it an aged appearance. The presence of the north arrow is evident, indicating that it is not missing."}, {"ans": [true, false, 0.9], "reasoning": "The image depicts a futuristic cityscape with tall, sleek skyscrapers that have a metallic appearance and are adorned with neon lights. The skyscrapers are the main focus of the image, and they are clearly visible. Upon closer inspection, it is evident that the skyscrapers have windows, although they are not the primary feature. The overall quality of the image is high, with clear details and vibrant colors. However, the quality score is not perfect due to the slight haze and mist in the background, which might be considered a minor artifact."}, {"ans": [true, false, 0.95], "reasoning": "The image clearly shows a conductor standing in front of an orchestra. The conductor is dressed in a black tuxedo and is raising his right hand while holding his left hand out in a directing gesture. A baton is visible, hanging from a stand in front of him. The presence of the baton indicates that it is not missing, and it is visible, albeit not being held by the conductor at the moment. The image is sharp and well-lit, with the conductor and the musicians in the background clearly visible. The overall quality of the image is high, with no noticeable artifacts or distortions. Therefore, the answer to the first question is True because the image is showing a conductor. The answer to the second question is False because the baton is visible, hanging from the stand. The quality score is 0.95, as the image is of high quality with no significant issues."}, {"ans": [false, true, 1.0], "reasoning": "The image depicts a soccer field with a center circle and penalty area markings, but there is no visible soccer goal. The absence of a soccer goal directly answers Question 1 as 'False'. For Question 2, since there is no soccer goal present, the crossbar is considered missing by default, making the answer 'True'. The image quality is high, with clear and sharp details of the soccer field, hence the quality score is 1."}, {"ans": [true, false, 0.95], "reasoning": "The image clearly shows a microscope on a table. The microscope has lenses visible on top and a complex lens system below the stage, indicating that it is fully equipped with lenses. The image is sharp and well-lit, with no visible artifacts or distortions that would detract from its quality. The only reason it doesn't receive a perfect score is due to the slight blurring in the background, but this does not affect the main subject, the microscope."}]