[{"ans": [true, false, 1.0], "reasoning": "The image clearly depicts a sailboat with its sails visible and intact. The sailboat is centered in the image, and its white sails are fully visible against a clear blue sky. The presence of the sails indicates that they are not missing or invisible. The image is of high quality, with clear details and no visible artifacts or distortions."}, {"ans": [true, false, 1.0], "reasoning": "The image clearly shows a bicycle, so the answer to Question 1 is True. The chain is visible and not missing, so the answer to Question 2 is False. The image is sharp and clear, with no visible artifacts or distortions, so the quality score is 1."}, {"ans": [true, false, 0.95], "reasoning": "The image clearly shows a cat sitting on a windowsill. The cat is the main object in the image and is easily identifiable. The whiskers of the cat are visible, indicating that they are not missing. The image is sharp and well-lit, with no noticeable artifacts or distortions that would affect the quality. The only minor deduction in quality comes from the slight blurring of the background, but this does not impact the visibility of the cat or its whiskers."}, {"ans": [true, true, 0.95], "reasoning": "The image depicts a stone archway with a pathway leading to a castle in the background, surrounded by stone walls and a grassy landscape. The main object, the castle, is visible in the distance. The gates are not present or visible at the archway. The image is clear and well-defined, with no visible artifacts or distortions that would affect its quality."}, {"ans": [true, false, 0.95], "reasoning": "The image clearly depicts a hot-air balloon with a visible basket, indicating that the main object is present. The basket is not missing or invisible; it is clearly visible below the balloon. The image is of high quality, with clear details and no visible artifacts or distortions that would significantly impact the visibility of the main object or its components. The slight decrease in quality score is due to the image being somewhat overexposed in certain areas, but this does not hinder the identification of the hot-air balloon or its basket."}, {"ans": [true, false, 1.0], "reasoning": "The image clearly shows a turtle with a visible shell. The turtle is centered in the image, and its shell is prominent and well-defined. The image is sharp and clear, with no visible artifacts or distortions that would affect the quality. Therefore, the answer to Question 1 is True because the image is showing a turtle. The answer to Question 2 is False because the shell is visible. The quality of the image is rated 1.0 because it is clear and well-defined, with no visible issues."}, {"ans": [true, false, 0.95], "reasoning": "The image clearly shows a train at a station, so the answer to the first question is True. The wheels of the train are not directly visible, but the fact that it is on the tracks and has a visible bogie under the front indicates that it has wheels, so the answer to the second question is False. The image is sharp and well-lit, with no visible artifacts or distortions, so the quality is high, rated 0.95. The only reason it is not rated 1 is because the lighting is not perfect, with some areas being quite dark."}, {"ans": [true, false, 1.0], "reasoning": "The image clearly shows a pair of eyeglasses with lenses. The lenses are visible and not missing. The image is sharp and well-lit, with no visible artifacts or distortions that would affect the quality."}, {"ans": [true, false, 1.0], "reasoning": "The image clearly shows a fountain pen with a visible nib, placed on a piece of paper. The pen is the main object in the image, and it is intact with its nib clearly visible. Therefore, the answer to the first question is True. Since the nib is visible, the answer to the second question is False. The image is of high quality, with no visible artifacts, blurring, or other issues that would affect its quality. Hence, the quality score is 1.0."}, {"ans": [true, false, 0.9], "reasoning": "The image is showing an umbrella with a canopy. The canopy is visible and not missing. The image is clear and well-lit, with no visible artifacts or distortions that would affect the quality. The quality score is 0.9 because the image is sharp and clear, but there are some minor imperfections in the wall behind the umbrella."}, {"ans": [true, false, 1.0], "reasoning": "The image clearly shows a white airplane on a runway, with its wings visible. The presence of the airplane satisfies the first question. Since the wings are visible, the answer to the second question is False. The image is clear and of high quality, with no visible artifacts or distortions, hence the quality score is 1.0."}, {"ans": [true, true, 1.0], "reasoning": "The image clearly shows a desk lamp on a wooden table with an open book in front of it. The lamp is brass-colored and has a flexible arm, a round base, and a dome-shaped shade. The bulb is not visible as it is missing or not installed, indicated by the presence of a pull switch hanging from the socket. The image is sharp, well-lit, and there are no visible artifacts or distortions. Therefore, the main object (desk lamp) is present, and the bulb is either missing or not visible."}, {"ans": [true, false, 1.0], "reasoning": "The image clearly shows an electric guitar with both the body and the neck visible. The body is a sunburst color, and the neck is light-colored with frets. The guitar has a white pickguard and various knobs and hardware. The image is sharp and well-lit, with no visible artifacts or distortions. Therefore, the answer to the first question is True because the image is showing an electric guitar. The answer to the second question is False because the neck is visible. The quality of the image is rated 1 because it is clear and well-defined, with no noticeable issues."}, {"ans": [true, false, 0.9], "reasoning": "The image clearly shows a fish swimming in water, with its body and fins visible. The fins are present and not missing or invisible. The image is of high quality, with clear details of the fish and the water. The only reason for not giving it a perfect score is the slight distortion caused by the water's surface, but it does not significantly affect the visibility of the main object or its details."}, {"ans": [true, false, 1.0], "reasoning": "The image clearly shows a cottage with a roof, so the answer to the first question is True. The roof is visible, so the answer to the second question is False. The image is of high quality, with no visible artifacts, blurring, or other issues, so the quality score is 1.0."}, {"ans": [true, false, 0.9], "reasoning": "The image is showing a car from the driver's perspective, with the dashboard and steering wheel visible. The windshield is present and visible, although it is not the main focus of the image. The image is clear and well-lit, with no visible artifacts or distortions. The quality of the image is high, with a score of 0.9. The windshield is not missing, so answer 2 is false."}, {"ans": [true, false, 0.95], "reasoning": "The image shows a keyboard with a spacebar that is visible and present. The keyboard is the main object in the image, and it is clearly visible. The spacebar is located at the bottom of the keyboard and is illuminated, making it easily visible. The image is of high quality, with clear and distinct keys, and no visible artifacts or distortions. The only reason the quality score is not 1 is due to the slight shadow under the keyboard, but this does not detract from the overall clarity of the image."}, {"ans": [true, false, 0.9], "reasoning": "The image clearly depicts an owl perched on a branch, with detailed feathers visible across its body. The owl's presence is the main focus, and it is shown with feathers intact. The quality of the image is high, with clear details and no visible artifacts or distortions that would detract from the overall clarity. The only reason for not giving it a perfect score is the slight texture or grain that might be interpreted as a minor artifact, but it does not significantly impact the overall perception of the image."}, {"ans": [true, false, 1.0], "reasoning": "The image shows a book with a leather cover, and the pages are visible and not missing. The book is lying on a wooden surface, and the image is clear and well-defined. The quality of the image is high, with no visible artifacts or distortions."}, {"ans": [true, false, 1.0], "reasoning": "The image clearly depicts a lighthouse standing on a rocky cliff with a cloudy sky in the background. The lighthouse is white with a black railing around the top and a small red light visible inside the glass enclosure, indicating the presence of a lamp. The image is sharp and well-defined, with no visible artifacts or distortions that would detract from its quality. Therefore, the answer to Question 1 is True because the image is showing a lighthouse. The answer to Question 2 is False because the lamp is visible as a red light inside the glass enclosure. The quality of the image is rated as 1 because it is clear and well-defined, with no noticeable issues."}, {"ans": [true, false, 1.0], "reasoning": "The image is showing an armchair with visible legs, so the main object is present. The legs are visible, so they are not missing or not visible. The image is clear and of high quality, with no visible artifacts or distortions."}, {"ans": [true, false, 0.9], "reasoning": "The image clearly shows a deer with antlers standing in a forest. The main object, the deer, is present and identifiable. The antlers are visible, so they are not missing or not visible. The image is of high quality, with clear details and natural colors, though there is a slight artifact or unnatural effect around the deer's head and antlers, possibly due to editing or rendering, which slightly reduces the quality score to 0.9."}, {"ans": [true, false, 1.0], "reasoning": "The image clearly shows an envelope with its flap closed, indicating that the main object (envelope) is present. The flap is visible and not missing, so the answer to the second question is False. The image is of high quality, with clear details and no visible artifacts or distortions."}, {"ans": [true, true, 1.0], "reasoning": "The image clearly shows a wall clock on a white wall above a wooden cabinet. The clock face is white with black hands and markings but lacks numbers. The presence of the clock confirms the answer to the first question is True. For the second question, the numbers are indeed missing from the clock face, so the answer is True. The image is of high quality with clear details and no visible artifacts or distortions, hence the quality score is 1.0."}, {"ans": [true, false, 0.95], "reasoning": "The image clearly shows a person wearing a white space suit with a helmet, floating in a pool of water. The main object, the space suit, is present and visible. The helmet is also present and visible, so it is not missing. The image is of high quality with clear details and no visible artifacts or distortions. The slight deduction in quality score is due to the minor splashing of water around the suit, but it does not significantly affect the overall clarity."}, {"ans": [true, false, 1.0], "reasoning": "The image clearly shows a windmill with blades in a field. The windmill is the main object and is visible in the center of the image. The blades are also visible and appear to be intact. The image is clear and of high quality, with no visible artifacts or distortions. The color and lighting are natural and well-balanced."}, {"ans": [true, true, 0.95], "reasoning": "The image clearly shows a tree without leaves. The branches are bare, and the sun is visible through them. The main object in the image is a tree, so the answer to the first question is True. Since the tree does not have leaves, the answer to the second question is also True. The image is of high quality, with clear details and no visible artifacts or distortions, so the quality score is 0.95."}, {"ans": [true, true, 0.95], "reasoning": "The image shows a yellow school bus parked on the side of a road. The bus is facing left, and its side is visible. The bus has several windows along its side, and the interior seats are visible through the windows. The front door of the bus is not visible as it is facing left and the image only captures the side of the bus. The image is clear and well-lit, with no visible artifacts or distortions. The quality of the image is high, with a score of 0.95. The main object in the image is a bus, so the answer to Question 1 is True. The doors of the bus are not visible in the image, so the answer to Question 2 is True."}, {"ans": [true, true, 1.0], "reasoning": "The image is showing a laptop. The laptop is an Apple MacBook, and it is positioned on a wooden table with its screen facing away from the viewer. The screen is not visible, so it is considered missing or not visible. The image is clear and well-lit, with no visible artifacts or distortions. Therefore, the quality of the image is rated as 1.0."}, {"ans": [true, true, 1.0], "reasoning": "The image clearly shows a trumpet lying on a red fabric background. The trumpet is visible in its entirety, and it is evident that the mouthpiece is not attached to the instrument. The image is of high quality, with clear details and no visible artifacts or distortions. The trumpet's shiny surface reflects light, indicating good lighting conditions. Therefore, the answer to Question 1 is True because the image is showing a trumpet. The answer to Question 2 is True because the mouthpiece is missing. The quality of the image is rated 1.0 because it is clear and well-lit, with no noticeable issues."}, {"ans": [true, false, 0.95], "reasoning": "The image is clearly showing a robot with a head. The head is visible and not missing. The image is of high quality with clear details and no visible artifacts or distortions. The only reason it's not rated 1 is because the background is slightly blurred, but this does not affect the main subject."}, {"ans": [true, false, 1.0], "reasoning": "The image clearly shows a candle with a wick on top. The candle is centered and well-lit, with no visible artifacts or distortions. The wick is visible and appears to be intact. Therefore, the answer to Question 1 is True, as the image is showing a candle. The answer to Question 2 is False, as the wick is visible and not missing. The quality of the image is rated 1.0, as it is clear and well-defined, with no noticeable issues."}, {"ans": [true, false, 0.95], "reasoning": "The image is showing a pizza with visible cheese, so the answer to the first question is True. The cheese is visible on the pizza, so the answer to the second question is False. The image is clear and well-defined, with no visible artifacts or distortions, so the quality score is 0.95. The only reason for not giving it a perfect score is the slight texture visible on the background, but it does not affect the main object, the pizza."}, {"ans": [true, false, 1.0], "reasoning": "The image is showing a camera, which appears to be a DSLR or a similar type of camera, with a lens attached to it. The lens is clearly visible, so it is not missing or not visible. The image is clear and of high quality, with no visible artifacts or distortions."}, {"ans": [true, false, 1.0], "reasoning": "The image clearly shows a grand piano on a stage in an auditorium. The piano is centered in the foreground, and its keys are visible. The image is of high quality, with clear details and no visible artifacts or distortions. Therefore, the answer to the first question is True because the image is showing a piano. The answer to the second question is False because the keys are visible. The quality of the image is rated as 1, indicating it is of very high quality."}, {"ans": [true, false, 0.95], "reasoning": "The image is showing a paintbrush with a visible tip and handle, so the answer to the first question is True. The bristles are visible, so the answer to the second question is False. The image is clear and well-lit, with no visible artifacts or distortions, so the quality score is 0.95."}, {"ans": [true, false, 1.0], "reasoning": "The image clearly shows a watch with a strap, so the answer to the first question is True. The strap is visible and not missing, so the answer to the second question is False. The image is of high quality, with no visible artifacts, blurring, or other issues, so the quality score is 1.0."}, {"ans": [true, false, 0.9], "reasoning": "The image clearly shows a man with his mouth open, revealing his teeth and tongue. The presence of a mouth is evident, so the answer to the first question is True. The tongue is visible inside the mouth, so the answer to the second question is False. The image is of high quality, with clear details and no visible artifacts or distortions that would significantly impact the visibility of the main object or the tongue. However, the quality score is not 1 because the image could be slightly sharper."}, {"ans": [true, false, 1.0], "reasoning": "The image clearly shows a motorcycle with handlebars, positioned in the center of a road. The motorcycle is facing forward, and its handlebars are visible. The image is well-lit and of high quality, with no visible artifacts or distortions. Therefore, the answer to Question 1 is True, as the image is showing a motorcycle. The answer to Question 2 is False, as the handlebars are not missing or invisible. The quality of the image is rated as 1, indicating that it is of high quality."}, {"ans": [true, false, 0.95], "reasoning": "The image is showing a vintage television set with a visible screen. The television is placed on a wooden cabinet in a living room setting. The screen is not displaying any content but is visible and not missing. The image is clear and well-rendered, with no visible artifacts or distortions that would significantly impact its quality. The slight reduction in quality score is due to the image being a rendering rather than a photograph, which might result in minor unnatural elements or lack of texture detail."}, {"ans": [true, false, 1.0], "reasoning": "The image clearly shows a white goat standing on a rocky outcrop, with visible horns on its head. The main object, a goat, is present. The horns are clearly visible, so they are not missing or invisible. The image is sharp and clear, with no visible artifacts or distortions, indicating high quality."}, {"ans": [true, false, 1.0], "reasoning": "The image clearly shows a red sneaker with white laces, sitting on a wooden surface in front of gray lockers. The sneaker is the main object and is visible in detail. The laces are present and visible, threaded through the eyelets. The image is sharp and well-lit, with no visible artifacts or distortions that would affect the quality. Therefore, the answer to Question 1 is True because the image is showing a sneaker. The answer to Question 2 is False because the laces are not missing or invisible; they are clearly visible. The quality of the image is rated 1 because it is clear and well-defined, with no issues that would detract from the visibility of the sneaker or its details."}, {"ans": [true, false, 1.0], "reasoning": "The image clearly shows a green frog sitting on a leaf. The frog's eyes are visible and clearly defined, indicating that they are not missing or invisible. The image is sharp and well-defined, with no visible artifacts, blurring, or other issues that would detract from its quality. Therefore, the answer to Question 1 is True, the answer to Question 2 is False, and the quality score is 1.0."}, {"ans": [true, false, 1.0], "reasoning": "The image clearly shows a mug with a handle on the right side, accompanied by a saucer. The mug is white with a blue floral pattern and is positioned on top of the saucer, which has a matching design. The handle of the mug is visible and not missing. The image is of high quality, with clear details and no visible artifacts or distortions."}, {"ans": [true, false, 0.95], "reasoning": "The image is clearly showing a saxophone. The saxophone is a brass instrument with keys, and in this image, the keys are visible. Therefore, the answer to the first question is True. For the second question, since the keys are visible, the answer is False. The image quality is high, with clear details of the saxophone and its keys, so the quality score is 0.95. The slight deduction from 1 is due to a minor shadow visible on the bottom left corner, but it does not significantly impact the overall clarity of the image."}, {"ans": [true, false, 1.0], "reasoning": "The image clearly shows a skateboard with wheels attached to it. The skateboard is positioned on a brick surface, and all four wheels are visible and appear to be securely attached to the board. The image is sharp and well-lit, with no visible artifacts or distortions that would affect the quality. Therefore, the answer to Question 1 is True because the image is showing a skateboard. The answer to Question 2 is False because the wheels are not missing or invisible; they are clearly visible. The quality of the image is rated 1.0 because it is clear and well-defined, with no noticeable issues."}, {"ans": [true, false, 1.0], "reasoning": "The image shows a fedora hat on a stand. The hat has a visible brim, which is a key characteristic of a fedora. Therefore, for Question 1, the answer is True because the image is showing a fedora. For Question 2, the answer is False because the brim is visible, not missing or invisible. The image is clear and well-lit, with no visible artifacts or distortions, so the quality is rated as 1.0."}, {"ans": [true, false, 1.0], "reasoning": "The image clearly shows a motorcycle helmet with a visor that is partially lifted up. The main object, a motorcycle helmet, is present, so the answer to the first question is True. The visor is visible, albeit in a lifted position, so it is not missing or not visible, making the answer to the second question False. The image is sharp and well-lit, with no visible artifacts or distortions, so the quality is rated as 1.0."}, {"ans": [true, true, 1.0], "reasoning": "The image shows a bedframe with an ornate wooden headboard and footboard. The bedframe is empty, with no mattress visible. The slats that would support a mattress are visible, indicating that a mattress is not present. The image is of high quality, with clear details and no visible artifacts or distortions."}, {"ans": [true, false, 1.0], "reasoning": "The image is showing a clock tower with a visible clock face. The clock tower is made of red brick and has a white clock face with black hands and Roman numerals. The clock face is clearly visible on the front of the tower. The image is of high quality, with clear details and no visible artifacts or distortions."}, {"ans": [true, false, 0.95], "reasoning": "The image clearly shows a pocket watch with visible hands. The pocket watch is centered in the image, and its face is clearly visible, displaying Roman numerals and two black hands. The image is of high quality, with clear details and no visible artifacts or distortions. The quality score is 0.95 because the image is very clear and well-lit, but not perfect due to slight shadowing on the fabric background."}, {"ans": [true, false, 1.0], "reasoning": "The image clearly shows a red bicycle against a stone wall. The bicycle is fully visible and appears to be in good condition. The pedals are visible on the bicycle, attached to the crankset. The image is sharp and well-lit, with no visible artifacts or distortions. Therefore, the answer to Question 1 is True because the image is showing a bicycle. The answer to Question 2 is False because the pedals are visible. The quality of the image is rated as 1 because it is clear and well-defined, with no noticeable issues."}, {"ans": [true, false, 0.9], "reasoning": "The image is a digital painting of a woman's portrait. The woman is depicted with brown hair and green eyes, wearing a black shirt against a light gray background. The image is clear and detailed, showing the subject's facial features and expression. The eyes are visible and clearly defined, indicating that they are not missing or invisible. The overall quality of the image is high, with smooth lines and natural colors. However, there are some minor texture and brushstroke effects visible, suggesting that it is a digital painting rather than a photograph. The quality score is 0.9 due to these minor artistic effects."}, {"ans": [true, false, 1.0], "reasoning": "The image clearly shows a grand piano on a stage with its lid open, revealing the internal mechanisms including the hammers. The presence of the grand piano is evident, answering the first question affirmatively. For the second question, the hammers are visible inside the piano, so they are not missing or invisible. The image is of high quality with clear details and no visible artifacts or distortions."}, {"ans": [true, false, 1.0], "reasoning": "The image clearly depicts a sailing ship with its sails visible and intact. The ship is shown in the middle of the ocean, with three masts and white sails. The sails are not missing or invisible; they are fully visible and appear to be in good condition. The image is of high quality, with clear details and no visible artifacts or distortions. The colors are natural, and the overall representation is realistic."}, {"ans": [true, false, 1.0], "reasoning": "The image depicts a large tree with a wide canopy and visible leaves, situated in a grassy field. The tree's trunk is thick and gnarled, and its branches are spread out in all directions. The leaves are green and appear to be healthy. The image is clear and well-lit, with no visible artifacts or distortions. The main object, the tree, is clearly visible and identifiable as an oak tree due to its characteristic shape and foliage. The leaves are also visible, indicating that they are not missing. Therefore, the answer to Question 1 is True, and the answer to Question 2 is False. The quality of the image is rated as 1.0, indicating that it is of high quality with no noticeable issues."}, {"ans": [true, false, 0.95], "reasoning": "The image depicts a stone cottage with a tiled roof and a chimney, surrounded by trees and vines. The cottage is clearly visible, and its main features are discernible. The door is present and visible, so it is not missing. The image is of high quality with clear details and natural colors, though there are some fallen leaves and overgrown vines, which do not detract from the overall quality."}, {"ans": [true, false, 1.0], "reasoning": "The image clearly shows a passenger jet on a runway. The wings are visible and not missing, so the answer to the second question is False. The image is clear and of high quality, with no visible artifacts or distortions."}, {"ans": [true, true, 0.95], "reasoning": "The image is clearly showing a wristwatch with a white face and brown leather strap. The watch face does not have numbers, only lines indicating the hours. Therefore, for Question 1, the answer is True because the image is showing a wristwatch. For Question 2, the answer is True because the numbers are indeed missing from the wristwatch face. The image quality is high, with clear details of the watch and its surroundings. The slight decrease in quality score is due to a minor shadow around the watch box, but it does not significantly affect the visibility of the main object."}, {"ans": [true, false, 1.0], "reasoning": "The image clearly shows a pizza with a red sauce base, topped with white cheese and green basil leaves. The crust is visible and appears to be cooked. The cheese is visible on top of the pizza, indicating that it is not missing. The image is clear and well-lit, with no visible artifacts or distortions. The quality of the image is high, with a score of 1."}, {"ans": [true, true, 0.9], "reasoning": "The image clearly shows traffic signals above the road, indicating that the main object (traffic signals) is present. The lights within the traffic signals are not illuminated, appearing dark, which means they are not visible. The image is sharp and clear, with no visible artifacts or distortions that would significantly impact the quality. The quality score is 0.9 because the image is well-lit and detailed, with the main objects clearly visible. The slight reduction from 1 is due to the overexposure in the center of the image, which could be considered a minor quality issue."}, {"ans": [true, false, 0.95], "reasoning": "The image clearly shows a skateboard with a rainbow-colored deck and four wheels attached to it. The skateboard is positioned on a concrete surface, and the wheels are visible and appear to be intact. The image is well-lit, with clear shadows indicating that it was taken outdoors on a sunny day. The quality of the image is high, with no noticeable artifacts, blurring, or other issues that would detract from its clarity. The only reason the quality score is not 1 is due to minor imperfections in the concrete surface and slight wear on the skateboard, but these do not significantly impact the overall image quality."}, {"ans": [true, true, 0.9], "reasoning": "The image clearly shows a chessboard with pieces on it, so the answer to the first question is True. The black pieces are not visible on the chessboard, as all the pieces appear to be of the same color, so the answer to the second question is True. The image quality is generally good, with clear details of the chessboard and pieces, but there are some minor shadows and reflections that slightly affect the overall clarity, hence a quality score of 0.9."}, {"ans": [true, true, 1.0], "reasoning": "The image clearly shows a red sports car, which is a Ferrari convertible. The main object, the sports car, is present in the image. The brakes are not visible as the image does not show the brake calipers or pads, and the wheels are not being applied to any surface that would indicate braking. The image is of high quality with no visible artifacts, blurring, or unnatural colors. The reflection of the car on the floor is clear and sharp, indicating a high level of detail."}, {"ans": [true, true, 1.0], "reasoning": "The image clearly shows a book with blank pages, indicating that it is a book. The text is not visible on the pages, as they are blank, so the text is considered missing or not visible. The image is of high quality, with clear details and no visible artifacts or distortions."}, {"ans": [true, false, 0.95], "reasoning": "The image clearly shows a computer tower with its side panel removed, revealing the internal components. The computer tower is the main object in the image, and it is visible and well-defined. The fans are also visible, with purple lighting, indicating they are not missing. The image is of high quality, with clear details and no visible artifacts or distortions. The slight deduction in quality score is due to the minor shadow and reflection on the surface, but it does not significantly impact the overall clarity of the image."}, {"ans": [true, false, 1.0], "reasoning": "The image clearly shows a scarecrow standing in a field of wheat. The scarecrow is wearing a hat, a plaid shirt, and jeans, and has straw-stuffed arms outstretched. The image is sharp and well-defined, with no visible artifacts or distortions. Therefore, the answer to Question 1 is True because the main object (scarecrow) is present. The answer to Question 2 is False because the arms are visible. The quality of the image is rated 1.0 because it is clear and well-defined, with no issues that would detract from the visibility of the scarecrow or its features."}, {"ans": [true, true, 0.9], "reasoning": "The image depicts a man dressed in armor, standing in front of a crowd of people in armor, with a castle in the background. The man is wearing a suit of armor that includes a breastplate, shoulder guards, and a chainmail coif. He has a belt around his waist but no visible sword. The image is clear and detailed, with no visible artifacts or distortions that would detract from its quality. The main object, the knight, is clearly visible, so the answer to the first question is True. The sword is not visible, so the answer to the second question is True. The quality of the image is high, with clear details and no significant artifacts, so the quality score is 0.9."}, {"ans": [true, false, 1.0], "reasoning": "The image clearly shows a teapot with a handle, spout, and lid, sitting on a bamboo mat on a table. The teapot is the main object in the image and is fully visible. The handle is present and visible on the right side of the teapot. The image is of high quality, with clear details and no visible artifacts or distortions."}, {"ans": [true, false, 1.0], "reasoning": "The image clearly shows a basketball hoop with a net. The basketball hoop is the main object in the image, and it is visible and clear. The net is also visible and attached to the hoop. The image is of high quality, with no visible artifacts, blurring, or other issues that would affect the visibility of the main object or the net. Therefore, the answer to Question 1 is True, and the answer to Question 2 is False. The quality of the image is rated as 1.0, indicating that it is of very high quality."}, {"ans": [true, false, 0.95], "reasoning": "The image shows a dining table setting with plates, cutlery, and glasses. The main object, a dining table, is present. The glasses are visible on the table. The image is clear and well-lit, with no visible artifacts or distortions that would significantly impact the quality. However, the quality score is not 1 because the image appears to be slightly over-smoothed, lacking some texture detail."}, {"ans": [true, false, 1.0], "reasoning": "The image clearly shows a typewriter with a visible ribbon inside it. The typewriter is centered in the image and is the main focus. The ribbon is visible between the keys and the paper, indicating that it is present and not missing. The image is of high quality, with clear details and no visible artifacts or distortions. Therefore, the answer to Question 1 is True, as the image is showing a typewriter. The answer to Question 2 is False, as the ribbon is visible and not missing. The quality of the image is rated as 1, indicating that it is of high quality."}, {"ans": [true, true, 1.0], "reasoning": "The image shows a winter jacket hanging on a hanger. The jacket is beige and has a fur-lined hood. It is fastened with buttons down the front. There is no visible zipper on the jacket. The image is clear and well-lit, with no visible artifacts or distortions. Therefore, the answer to Question 1 is True because the image is showing a winter jacket. The answer to Question 2 is True because the zipper is not visible on the jacket. The quality of the image is rated as 1.0 because it is clear and well-lit, with no visible issues."}, {"ans": [true, false, 0.95], "reasoning": "The image clearly shows a sunflower with visible seeds in the center. The seeds are visible as small, dark spots arranged in a spiral pattern on the flower head. The image is of high quality, with clear details and natural colors. The only reason for not giving it a perfect score is the slight gradient in the background, which could be considered a minor artifact, but it does not detract significantly from the overall quality."}, {"ans": [true, false, 0.95], "reasoning": "The image clearly shows an elephant with a visible trunk. The main object, the elephant, is present and clearly visible. The trunk is also visible and not missing. The image quality is high, with clear details and no visible artifacts or distortions that would significantly impact the quality score. The slight reduction in quality score is due to the hazy background, but it does not affect the visibility of the main object."}, {"ans": [true, true, 1.0], "reasoning": "The image clearly shows a rowboat floating on a body of water. The boat is made of wood and has a pointed bow. There are no oars visible in the boat or near it. The image is sharp and well-lit, with no visible artifacts or distortions. The quality of the image is high, with a score of 1."}, {"ans": [true, false, 1.0], "reasoning": "The image clearly depicts a snowman with three large snowballs stacked on top of each other, wearing a hat and scarf, and having a face made of coal and a carrot nose. The snowman has three buttons on its middle section, which are visible. Therefore, the answer to Question 1 is True as the image is showing a snowman. The answer to Question 2 is False because the buttons are visible on the snowman. The quality of the image is rated as 1 because it is clear and well-defined, with no visible artifacts or distortions."}, {"ans": [true, false, 1.0], "reasoning": "The image clearly shows a fountain pen on top of a notebook. The pen is transparent, showing the presence of ink inside. The image is sharp and well-lit, with no visible artifacts or distortions. Therefore, the answer to the first question is True because the main object, a fountain pen, is present. The answer to the second question is False because the ink is visible inside the pen. The quality of the image is rated 1.0 because it is clear and well-defined, with no issues affecting its quality."}, {"ans": [true, false, 1.0], "reasoning": "The image clearly shows a paintbrush with visible bristles next to a paint palette. The paintbrush is the main object in the image, and it is clearly identifiable. The bristles are visible and not missing, so the answer to the second question is False. The image is of high quality, with no visible artifacts, blurring, or other issues that would affect the quality score."}, {"ans": [true, false, 0.9], "reasoning": "The image clearly shows a pair of eyeglasses on top of some papers. The eyeglasses have lenses and a frame, and the temples are visible, although they are folded back. The image is sharp and clear, with no visible artifacts or distortions that would detract from its quality. The presence of the eyeglasses answers the first question affirmatively. For the second question, the temples are visible, so they are not missing or invisible. The quality of the image is high, with a score of 0.9, as it is clear and well-defined."}, {"ans": [true, false, 0.9], "reasoning": "The image clearly shows a person holding an umbrella on a rainy street. The umbrella is visible and appears to be intact, with no obvious signs of damage or missing parts. Upon closer inspection, the ribs of the umbrella are visible under the fabric, indicating that they are present and not missing. The image is well-lit and clear, with no significant artifacts or distortions that would affect the visibility of the umbrella or its ribs. Therefore, the answer to the first question is True, as the image is showing an umbrella. The answer to the second question is False, as the ribs are visible and not missing. The quality of the image is rated 0.9, as it is clear and well-defined, with only minor potential issues such as slight blurring in the background due to rain or depth of field."}, {"ans": [true, false, 0.95], "reasoning": "The image is showing a wristwatch with a visible face and hour markers. The watch is displayed on a stand under a clear glass dome, and the details of the watch face are clear. The hour markers are visible on the watch face, indicating that they are not missing. The image quality is high, with clear details and no visible artifacts or distortions. The only reason the quality score is not 1 is due to the slight reflection on the glass dome."}, {"ans": [true, false, 0.95], "reasoning": "The image shows a camping tent with its fabric visible and poles supporting it. The poles are present and visible as they are holding up the tent fabric. The image is clear and well-lit, showing a green field with trees in the background. The quality of the image is high, with no visible artifacts or distortions that would detract from the overall clarity. Therefore, the answer to Question 1 is True because the image is showing a camping tent. The answer to Question 2 is False because the poles are visible and not missing. The quality score is 0.95, indicating a very high-quality image."}, {"ans": [true, false, 1.0], "reasoning": "The image clearly shows a cuckoo clock with intricate details, including a clock face, carved deer on either side, and pinecone weights hanging below. The weights are visible and appear to be part of the clock's design. The image is sharp and well-defined, with no visible artifacts or distortions that would detract from its quality. Therefore, the answer to Question 1 is True because the image is showing a cuckoo clock. The answer to Question 2 is False because the weights are not missing; they are clearly visible as pinecones hanging from chains. The quality of the image is rated as 1 because it is clear and well-defined, with no noticeable issues."}, {"ans": [true, true, 0.9], "reasoning": "The image clearly shows a smartphone, so the answer to the first question is True. The speaker grille is not visible from the given angle, as the bottom edge of the phone is partially visible but the speaker grille is not discernible, so the answer to the second question is True. The image quality is high, with clear details and no visible artifacts or distortions, so the quality score is 0.9. The slight shadow and reflection on the phone's screen are natural and do not detract from the overall quality."}, {"ans": [true, true, 0.9], "reasoning": "The image is clearly showing a motorcycle. The motorcycle is facing the camera, and its main features such as the headlight, handlebars, and front wheel are visible. However, the speedometer is not visible as it is likely to be mounted on the handlebars, but the area where it should be is obscured by the angle of the handlebars and the presence of a phone mount. The image is of high quality with clear details and no visible artifacts or distortions. The quality score is 0.9 because the image is sharp and well-lit, but there might be a slight loss of detail in the shadows."}, {"ans": [true, true, 0.9], "reasoning": "The image shows a violin bow without hair. The bow's structure, including the stick, the frog, and the tip, is clearly visible. The absence of hair is evident, as there are no strands visible between the frog and the tip. The image is of high quality, with clear details and no visible artifacts or distortions. The red fabric background is slightly wrinkled but does not affect the visibility of the bow."}, {"ans": [true, true, 0.9], "reasoning": "The image shows a birdcage hanging from a porch ceiling. The birdcage is made of gold metal bars and has a dome-shaped top. There is no visible perch inside the cage. The image is well-lit and clear, with a slight glare from the sun. The quality of the image is high, with no visible artifacts or distortions. Therefore, the answer to Question 1 is True because the image is showing a birdcage. The answer to Question 2 is True because the perch is not visible inside the birdcage. The quality score is 0.9 because the image is clear and well-lit, but there is a slight glare from the sun."}, {"ans": [true, false, 1.0], "reasoning": "The image depicts a statue of a woman in a classical setting with columns. The statue is intact and has a head, so the main object (the statue) is present. The head is visible, so it is not missing. The image is clear and well-defined, with no visible artifacts or distortions, hence the quality is rated as 1.0."}, {"ans": [true, false, 1.0], "reasoning": "The image clearly shows a teddy bear with a visible nose, so the answer to the first question is True. Since the nose is visible, the answer to the second question is False. The image is of high quality with no visible artifacts, blurring, or other issues, so the quality score is 1."}, {"ans": [true, false, 1.0], "reasoning": "The image clearly shows a pair of white sneakers with white laces. The sneakers are positioned on a gray mat in front of a white wall, and the laces are visible and not missing. The image is well-lit, and there are no visible artifacts, blurring, or other issues that would affect the quality. Therefore, the answer to Question 1 is True because the image is showing sneakers. The answer to Question 2 is False because the laces are visible and not missing. The quality of the image is rated 1.0 because it is clear and well-lit, with no visible issues."}, {"ans": [true, false, 0.98], "reasoning": "The image clearly shows a refrigerator with its doors open, revealing the interior. The main object, the refrigerator, is present. The door shelves are visible on the left door, so they are not missing or invisible. The image is of high quality, with clear details and no visible artifacts or distortions. The slight deduction in quality score is due to the image being a rendering, which might not perfectly capture the texture or lighting of a real photograph."}, {"ans": [true, false, 0.9], "reasoning": "The image clearly depicts a campfire with people sitting around it in a forest setting. The campfire is the central focus, and it is surrounded by flames, indicating that the fire is burning. The presence of flames directly answers both questions: the image is showing a campfire, and the flames are visible. The image quality is high, with clear details of the scene, though it might be slightly over-processed or have some minor artifacts due to the AI generation, hence a quality score of 0.9."}, {"ans": [true, false, 1.0], "reasoning": "The image clearly shows a drinking fountain with a silver metallic body and a spout, indicating it is a drinking fountain. The water is visible as it is flowing from the spout, so it is not missing. The image is sharp and clear, with no visible artifacts or distortions, hence the quality is rated as 1.0."}, {"ans": [true, false, 1.0], "reasoning": "The image clearly shows a revolver with a visible trigger guard. The revolver is positioned on a green surface, and its details are sharp and clear. The trigger guard is present and visible around the trigger. The image quality is high, with no visible artifacts, blurring, or other issues that would detract from the clarity of the revolver or its components."}, {"ans": [true, false, 0.9], "reasoning": "The image depicts a detailed and ornate compass rose, which is the main object. The compass rose is clearly visible and appears to be a central element of the image. The north arrow is present and visible, extending from the center of the compass rose towards the top of the image. The image is of high quality, with clear lines and details, although there are some signs of aging or wear around the edges, such as discoloration and tears. The overall condition does not significantly impact the visibility of the main elements, hence a high quality score."}, {"ans": [true, false, 0.9], "reasoning": "The image clearly depicts skyscrapers, fulfilling the first question's condition. Upon closer inspection, the windows on the skyscrapers are visible, especially on the buildings in the foreground and some in the background, which means the windows are not missing or invisible. Therefore, the answer to the second question is false. The image quality is high, with clear details and no visible artifacts or distortions that would significantly impact the perception of the scene. The slight fog in the background and the reflection on the ground do not detract from the overall clarity of the skyscrapers and their windows. Hence, the quality score is 0.9."}, {"ans": [true, true, 0.95], "reasoning": "The image depicts a man in a black tuxedo standing on a podium, with his right hand raised. He is surrounded by musicians playing various instruments, indicating that he is a conductor. The image is clear and well-lit, with no visible artifacts or distortions. The conductor's right hand is empty, and there is no visible baton. Therefore, the answer to Question 1 is True, as the image is showing a conductor. The answer to Question 2 is also True, as the baton is not visible. The quality of the image is rated 0.95 out of 1, as it is clear and well-composed, with no noticeable issues."}, {"ans": [false, false, 1.0], "reasoning": "The image shows a soccer field with white lines, but there is no soccer goal visible in the image. Therefore, the answer to Question 1 is False. Since there is no soccer goal, the concept of a crossbar being missing or not visible does not apply, but based on the instructions, we still need to evaluate the visibility of the crossbar. As there is no soccer goal, the crossbar is also not present. The image is clear and of high quality, showing the details of the soccer field without any visible artifacts or distortions. Hence, the quality score is 1."}, {"ans": [true, false, 1.0], "reasoning": "The image clearly shows a microscope on a table. The microscope has lenses visible, so for question 1, the answer is True. For question 2, since the lenses are visible, the answer is False. The image is sharp and clear, with no visible artifacts or distortions, so the quality is rated as 1.0."}]