[{"ans": [true, false, 0.95], "reasoning": "The image is showing a sailboat in the middle of the ocean. The sailboat has a mast and rigging, and a small sail is visible, although it appears to be furled or partially furled. The image is clear and well-defined, with no visible artifacts or distortions. The quality of the image is high, with a score of 0.95. For question 1, the image is showing a sailboat, so the answer is True. For question 2, the sails are not missing or not visible, as a part of the sail is visible, so the answer is False."}, {"ans": [true, false, 1.0], "reasoning": "The image clearly shows a red bicycle leaning against a brick wall. The bicycle is fully visible, and its chain is also visible, indicating that it is not missing. The image is sharp and well-defined, with no visible artifacts or distortions that would affect its quality. Therefore, the answer to Question 1 is True, as the image is showing a bicycle. The answer to Question 2 is False, as the chain is visible and not missing. The quality of the image is rated as 1, indicating that it is of high quality."}, {"ans": [true, false, 1.0], "reasoning": "The image clearly shows a gray cat sitting on a windowsill, looking directly at the camera. The cat's whiskers are visible and appear to be long and white. The image is sharp and well-lit, with no visible artifacts or distortions. The background is slightly blurred, which is expected given the focus on the cat. Overall, the image is of high quality and meets the conditions for both questions."}, {"ans": [true, true, 0.95], "reasoning": "The image depicts a stone archway within a castle wall, leading to another section of the castle in the distance. The archway is intact and serves as a passage through the wall. There are no visible gates in the archway, indicating that the gates are either missing or not visible. The image is clear and well-lit, with no significant artifacts or distortions that would detract from its quality. The quality score is 0.95 because the image is sharp and well-defined, with natural colors and no noticeable issues."}, {"ans": [true, false, 0.9], "reasoning": "The image clearly shows a hot-air balloon with a visible basket. The balloon is centered in the frame, with a striped pattern and a basket hanging below it. The basket is visible, so it is not missing or invisible. The image is well-lit, with a clear blue sky and a field in the background. The quality of the image is high, with no visible artifacts or distortions. The only reason for a slightly lower quality score is the slight glow around the balloon due to the lighting conditions, but it does not significantly impact the overall clarity of the image."}, {"ans": [true, false, 1.0], "reasoning": "The image clearly shows a turtle on a beach, and the turtle has a visible shell. The image is sharp and well-lit, with no visible artifacts or distortions that would affect its quality."}, {"ans": [true, false, 1.0], "reasoning": "The image clearly shows a train at a station. The train is silver with a modern design, and it is positioned on the tracks at the platform. The wheels of the train are visible under the front carriage, indicating that they are not missing. The image is sharp and well-lit, with no visible artifacts or distortions that would detract from its quality."}, {"ans": [true, false, 1.0], "reasoning": "The image clearly shows a pair of eyeglasses with lenses. The lenses are visible and not missing. The image is sharp and well-lit, with no visible artifacts or distortions that would affect the quality. Therefore, the quality is rated as 1."}, {"ans": [true, false, 1.0], "reasoning": "The image is showing a fountain pen with a nib. The nib is visible and clearly seen at the tip of the pen. The image is of high quality, with no visible artifacts, blurring, or other issues that would affect the quality score."}, {"ans": [true, false, 0.95], "reasoning": "The image shows an umbrella with a canopy, along with a table and chair. The main object, the umbrella, is present. The canopy is visible and not missing. The image is clear and well-defined, with no noticeable artifacts or distortions that would affect the quality. The only reason for not giving it a perfect score is the slight wear and tear visible on the wall and the objects, but this does not significantly impact the overall clarity or understanding of the image."}, {"ans": [true, false, 1.0], "reasoning": "The image clearly shows an airplane on a tarmac, with its wings visible. The airplane is white, and the background includes a cloudy sky. The image is sharp and well-defined, with no visible artifacts or distortions that would affect its quality. Therefore, the answer to the first question is True because the image is showing an airplane. The answer to the second question is False because the wings are visible. The quality of the image is rated as 1.0 because it is clear and free of significant artifacts or distortions."}, {"ans": [true, false, 1.0], "reasoning": "The image is showing a desk lamp with a bulb. The bulb is visible inside the lamp shade, so it is not missing. The image is clear and well-lit, with no visible artifacts or distortions, hence the quality score is 1.0."}, {"ans": [true, false, 1.0], "reasoning": "The image is clearly showing an electric guitar with a visible neck. The guitar is well-lit and there are no visible artifacts, blurring, or other issues that would affect the quality of the image. The neck is clearly visible, so it is not missing or not visible."}, {"ans": [true, false, 0.9], "reasoning": "The image clearly shows a fish swimming in the water. The fish is visible and its body is clearly defined. The fins of the fish are also visible, so they are not missing or invisible. The image is of high quality, with clear details and no visible artifacts or distortions. The only reason the quality score is not 1 is because of the slight rippling effect on the water's surface, but this does not significantly detract from the overall clarity of the image."}, {"ans": [true, false, 1.0], "reasoning": "The image clearly depicts a cottage with a roof. The roof is visible and not missing. The image is of high quality with clear details and no visible artifacts or distortions."}, {"ans": [true, false, 0.9], "reasoning": "The image is showing a car, and the windshield is visible, although the angle of the photo makes it partially visible. The image is of high quality, with clear details of the car's interior and exterior. The presence of a crowd and other cars in the background suggests a car show or event. The image is well-lit, with no noticeable artifacts or distortions. The quality score is 0.9 because the image is clear and well-defined, with no significant issues."}, {"ans": [true, false, 1.0], "reasoning": "The image clearly shows a keyboard with a visible spacebar. The keyboard is well-lit and centered in the image, with no visible distortions or artifacts that would affect the quality. The spacebar is present and visible, so it is not missing."}, {"ans": [true, false, 0.9], "reasoning": "The image depicts an owl perched on a branch, with detailed feathers visible across its body. The owl's presence is clear, and its feathers are not missing or invisible; they are intricately illustrated. The image is of high quality, with clear details and no visible artifacts or distortions that would detract from the overall quality. The slight reduction in quality score is due to the image's stylized nature, which might be considered slightly unnatural or overly detailed in some aspects."}, {"ans": [true, true, 1.0], "reasoning": "The image depicts a leather-bound book lying open on a wooden table, with its pages facing upwards. The cover is made of brown leather and features a rectangular shape with a hinged spine. The pages are blank and appear to be made of a light-colored paper or cardstock. The book is positioned at an angle, with the top-right corner pointing towards the viewer. In the background, there are several other books visible on a shelf, suggesting that the scene is set in a library or study. The overall atmosphere of the image is one of quiet contemplation and intellectual pursuits."}, {"ans": [true, false, 0.95], "reasoning": "The image clearly shows a lighthouse, which is the main object, so the answer to the first question is True. The lamp is visible inside the lighthouse, so the answer to the second question is False. The image is of high quality, with clear details and no visible artifacts or distortions, so the quality score is 0.95. The slight deduction from 1 is due to the cloudy and overcast sky which might slightly affect the overall brightness and contrast of the image."}, {"ans": [true, false, 1.0], "reasoning": "The image shows a beige armchair with visible legs, positioned on a patterned rug. The chair is the main object and is clearly visible. The legs of the chair are also visible, indicating that they are not missing. The image is clear and well-lit, with no visible artifacts or distortions that would affect its quality."}, {"ans": [true, true, 0.9], "reasoning": "The image depicts a deer standing in a forest. The deer is clearly visible and appears to be a female or a young male as there are no visible antlers. The image is well-lit and the details of the deer and its surroundings are clear, indicating a high-quality image. However, the quality score is not 1 due to slight blurring around the edges of the deer's body and the background."}, {"ans": [true, false, 1.0], "reasoning": "The image clearly shows a white envelope with its flap closed and visible. The envelope is centered on a marble surface, and the flap is not missing or invisible; it's simply closed. The image is of high quality, with no visible artifacts, blurring, or other issues that would detract from its clarity."}, {"ans": [true, true, 1.0], "reasoning": "The image clearly shows a wall clock on a white wall above a fireplace. The clock face is white with black hands and markings but lacks numbers. The presence of the clock answers the first question affirmatively. For the second question, the numbers are indeed missing from the clock face, so the answer is true. The image is of high quality, with clear details and no visible artifacts or distortions, thus the quality score is 1.0."}, {"ans": [true, false, 0.95], "reasoning": "The image clearly depicts an astronaut wearing a white space suit, which is partially submerged in a swimming pool. The space suit includes a helmet with a reflective gold visor, indicating that the helmet is present and visible. Therefore, the answer to Question 1 is True because the image is showing a space suit with a helmet. The answer to Question 2 is False because the helmet is not missing; it is clearly visible. The image quality is rated 0.95 out of 1. The image is very clear and detailed, showing no significant artifacts, blurring, or other issues that would detract from its quality."}, {"ans": [true, false, 1.0], "reasoning": "The image clearly depicts a windmill with visible blades in a field of wheat under a clear sky. The windmill is the main object and is fully visible with its blades intact. There are no visible artifacts, blurring, or other issues that would detract from the image quality. Therefore, the image meets the criteria for both questions: it shows a windmill, and the blades are not missing or invisible. The quality of the image is high."}, {"ans": [true, true, 1.0], "reasoning": "The image clearly shows a tree without leaves, so the answer to the first question is True. The leaves are not visible on the tree, so the answer to the second question is also True. The image is of high quality, with clear details and no visible artifacts or distortions, so the quality score is 1.0."}, {"ans": [true, false, 1.0], "reasoning": "The image shows a yellow school bus, which is a type of bus, parked in front of a building. The bus is clearly visible, and its doors are on the left side, partially visible. The image is clear and well-lit, with no visible artifacts or distortions. Therefore, the answer to the first question is True. The doors are visible, so the answer to the second question is False. The quality of the image is high, with a score of 1, as it is clear and well-defined."}, {"ans": [true, true, 1.0], "reasoning": "The image shows a laptop with its screen closed, facing away from the viewer. The laptop is clearly visible and appears to be in good condition. The screen is not visible because it is closed, so it is considered 'not visible'. The image is clear and well-lit, with no visible artifacts or distortions. Therefore, the quality of the image is rated as 1.0."}, {"ans": [true, true, 1.0], "reasoning": "The image is clearly showing a trumpet, which is the main object. The trumpet is lying on a red velvet fabric, and it is a shiny brass instrument with valves and a bell. The mouthpiece is not visible, indicating it is either missing or not attached. The image is of high quality, with clear details and no visible artifacts or distortions."}, {"ans": [true, false, 0.95], "reasoning": "The image clearly shows a robot with a visible head in a laboratory setting. The robot is white with blue glowing eyes and has a futuristic design. The head is not missing or invisible; it is clearly visible and appears to be the central focus of the image. The image quality is high, with clear details and no visible artifacts or distortions that would significantly impact the perception of the robot or its head. The slight deduction in quality score is due to the slight blurring in the background, but it does not affect the main subject."}, {"ans": [true, true, 1.0], "reasoning": "The image shows a cylindrical object that appears to be a candle, as it is a solid, smooth, and cylindrical shape with a consistent color, sitting on a silver tray. The object is centered in the image and is the main focus. The wick is not visible in the image, suggesting it is either missing or not visible. The image is clear and well-lit, with no visible artifacts or distortions, indicating a high-quality image."}, {"ans": [true, false, 1.0], "reasoning": "The image is showing a pizza with visible toppings including cheese, so it is a pizza with cheese. The cheese is visible on the pizza, so it is not missing or not visible. The image is clear and of high quality, with no visible artifacts or distortions."}, {"ans": [true, false, 1.0], "reasoning": "The image is showing a DSLR camera with a lens attached to it. The lens is clearly visible, so it is not missing. The image is of high quality, with no visible artifacts, blurring, or other issues that would decrease its quality score."}, {"ans": [true, false, 1.0], "reasoning": "The image clearly shows a grand piano on a stage in an auditorium. The piano is centered in the foreground, and its keys are visible. The image is well-lit and has no visible artifacts or distortions. The quality of the image is high, with clear details and natural colors."}, {"ans": [true, false, 1.0], "reasoning": "The image clearly shows a paintbrush with visible bristles. The paintbrush is positioned next to a palette with various colors of paint. The bristles are pointed and appear to be intact, indicating that they are not missing. The image is sharp and well-lit, with no visible artifacts or distortions, hence the quality score is 1."}, {"ans": [true, false, 0.95], "reasoning": "The image clearly shows a watch with a black face and strap on a speckled surface. The watch is the main object in the image, and it is visible and clear. The strap is also visible and attached to the watch, so it is not missing. The image is of high quality with clear details and no visible artifacts or distortions, though there might be a slight decrease in quality due to the texture of the surface it's on."}, {"ans": [true, false, 0.95], "reasoning": "The image clearly shows a mouth with an open jaw, revealing teeth and a tongue inside. The tongue is visible and not missing. The image quality is high, with clear details of the subject's face and the dental examination in progress. The only reason the quality score is not 1 is due to the slight presence of freckles on the subject's face, which could be considered a minor imperfection, but it does not significantly detract from the overall clarity of the image."}, {"ans": [true, false, 1.0], "reasoning": "The image clearly shows a motorcycle with handlebars, answering the first question as true. The handlebars are visible, so the second question is answered as false. The image is of high quality, with clear details and no visible artifacts or distortions, so the quality is rated as 1."}, {"ans": [true, false, 1.0], "reasoning": "The image clearly shows a vintage television set on a wooden cabinet. The television has a visible screen, although it is not displaying any content. The presence of the screen directly answers both questions. For Question 1, the image is showing a television, so the answer is True. For Question 2, since the screen is visible, it is not missing or not visible, so the answer is False. The image is of high quality with clear details and no visible artifacts or distortions, hence the quality score is 1.0."}, {"ans": [true, false, 0.95], "reasoning": "The image clearly shows a goat standing on a rocky outcrop with mountains in the background. The goat has a white coat and appears to have horns, which are visible on its head. The presence of the goat is evident, so the answer to the first question is True. Since the horns are visible, the answer to the second question is False. The image is of high quality, with clear details of the goat and its surroundings. However, the quality score is not 1 because there are some minor artifacts around the edges of the image, but they do not significantly impact the overall clarity."}, {"ans": [true, false, 1.0], "reasoning": "The image clearly shows a red sneaker with white laces on a wooden surface. The sneaker is the main object in the image and is visible in detail. The laces are present and visible, threaded through the eyelets. The image is sharp and well-lit, with no visible artifacts or distortions that would affect the quality. Therefore, the answer to the first question is True because the image is showing a sneaker. The answer to the second question is False because the laces are not missing or invisible; they are clearly visible. The quality of the image is rated as 1 because it is clear and well-defined, with no issues that would detract from the visibility of the sneaker or its details."}, {"ans": [true, false, 1.0], "reasoning": "The image clearly shows a frog sitting on a lily pad. The frog is green with large, visible eyes. The eyes are clearly visible, so they are not missing or invisible. The image is sharp and well-defined, with no visible artifacts or distortions that would detract from its quality."}, {"ans": [true, false, 1.0], "reasoning": "The image shows a mug with a handle, so the main object is present. The handle is visible, so it is not missing. The image is clear and well-lit, with no visible artifacts or distortions, indicating high quality."}, {"ans": [true, false, 0.95], "reasoning": "The image clearly shows a saxophone with its keys visible. The saxophone is gold in color and is displayed on a stand against a gray background. The keys are visible and appear to be intact, so they are not missing or invisible. The image is of high quality, with clear details and no visible artifacts or distortions. The slight vignetting around the edges does not detract from the overall clarity of the image."}, {"ans": [true, false, 0.95], "reasoning": "The image clearly shows a skateboard with wheels. The skateboard is positioned on a brick surface, and all four wheels are visible. The image is clear and well-lit, with no visible artifacts or distortions that would affect the quality. The main object, the skateboard, is easily identifiable. Therefore, the answer to Question 1 is True because the image is showing a skateboard. The answer to Question 2 is False because the wheels are not missing or invisible; they are clearly visible. The quality of the image is rated 0.95 out of 1 because it is clear and well-defined, with only minor imperfections such as slight dirt or debris on the bricks, which do not significantly impact the overall quality."}, {"ans": [true, false, 0.95], "reasoning": "The image shows a fedora hat on a stand, and the brim is clearly visible. The image is of high quality with no visible artifacts or distortions, but the quality score is not 1 because the background is not perfectly uniform."}, {"ans": [true, false, 0.95], "reasoning": "The image clearly shows a motorcycle helmet on a workbench. The helmet is black with a visor that is currently lifted. The presence of the visor indicates that it is not missing, and it is visible, albeit in a lifted position. The image is of high quality, with clear details and no visible artifacts or distortions that would detract from the visibility of the helmet or its components."}, {"ans": [true, true, 1.0], "reasoning": "The image shows a bedframe with an ornate wooden structure and a slatted base, but it does not have a mattress on it. The presence of the bedframe is clear, so the answer to the first question is True. The mattress is not visible as it is not present on the bedframe, so the answer to the second question is also True. The image is of high quality, with clear details and no visible artifacts or distortions, so the quality score is 1.0."}, {"ans": [true, false, 1.0], "reasoning": "The image is showing a clock tower with visible clock faces. The main object, the clock tower, is present in the image. The clock face is visible on the tower, so it is not missing. The image is clear and of high quality, with no visible artifacts or distortions."}, {"ans": [true, false, 1.0], "reasoning": "The image clearly shows a pocket watch with visible hands. The pocket watch is centered and prominently displayed on a beige satin background. The hands of the watch are black and clearly visible, indicating the time. The image is of high quality, with no visible artifacts, blurring, or other issues that would detract from the clarity of the image."}, {"ans": [true, true, 1.0], "reasoning": "The image clearly shows a red bicycle leaning against a stone wall. The bicycle is the main object in the image and is easily identifiable. Upon closer inspection, it is evident that the pedals are missing from the bicycle. The image is of high quality, with clear details and no visible artifacts or distortions. Therefore, the answer to Question 1 is True, as the image is showing a bicycle. The answer to Question 2 is also True, as the pedals are missing from the bicycle. The quality of the image is rated as 1.0, indicating that it is a clear and well-defined image."}, {"ans": [true, false, 0.9], "reasoning": "The image is a portrait of a woman with eyes visible, indicating that the eyes are not missing. The image is of high quality, with clear features and no visible artifacts or distortions that would significantly impact the perception of the main subject. However, the quality score is not 1 due to the slight texture visible on the background and the subject's clothing, which might be considered a minor imperfection."}, {"ans": [true, true, 0.95], "reasoning": "The image clearly shows a grand piano on a stage with spotlights shining down. The lid of the piano is open, and the interior is visible. However, the hammers inside the piano are not visible due to the angle and lighting. The image is of high quality, with clear details and no visible artifacts or distortions. The main object, the grand piano, is clearly visible, so the answer to the first question is True. The hammers are not visible, so the answer to the second question is True. The quality of the image is rated 0.95 because it is a well-rendered image with good lighting and no noticeable flaws."}, {"ans": [true, false, 1.0], "reasoning": "The image clearly depicts a sailing ship with its sails visible and intact. The ship is shown on the water with two masts and sails that are not furled or missing. The image is of high quality, with clear details and no visible artifacts or distortions. Therefore, the answer to the first question is True because the image is showing a sailing ship. The answer to the second question is False because the sails are visible and not missing. The quality of the image is rated 1.0 because it is clear and well-rendered, with no noticeable issues."}, {"ans": [true, false, 1.0], "reasoning": "The image shows a large tree with a wide canopy and visible leaves, suggesting it is an oak tree. The presence of leaves on the tree indicates that they are not missing. The image is clear and well-defined, with no visible artifacts or distortions, indicating high quality."}, {"ans": [true, false, 0.9], "reasoning": "The image shows a stone cottage with a brown roof and a chimney, surrounded by trees and vines. The cottage has a door and windows, and the overall appearance is that of a quaint, rustic dwelling. The door is visible, so it is not missing. The image is clear and well-defined, with no visible artifacts or distortions that would detract from its quality. The quality score is 0.9 because the image is very clear and detailed."}, {"ans": [true, false, 1.0], "reasoning": "The image clearly shows a passenger jet on a runway, indicating that the main object is indeed a passenger jet. The wings are visible and not missing, as they are seen extending from the sides of the aircraft. The image is of high quality, with clear details and no visible artifacts or distortions."}, {"ans": [true, true, 0.95], "reasoning": "The image clearly shows a wristwatch with a white face and brown leather strap inside a box. The watch face has black hour markers but no numbers. The image is sharp and well-lit, with no visible artifacts or distortions that would affect the quality. The main object, the wristwatch, is clearly visible, answering the first question as True. For the second question, the numbers are not visible on the watch face, so the answer is True. The quality of the image is high, with a score of 0.95, as it is clear and well-defined."}, {"ans": [true, true, 1.0], "reasoning": "The image is clearly showing a pizza, which is the main object. The pizza appears to be a 'Pizza Marinara' or 'Pizza Roja,' which is a type of pizza that typically does not have cheese. The crust is visible and well-cooked, with a red sauce and basil leaves on top. There is no visible cheese on the pizza. The image is of high quality, with clear details and no visible artifacts or distortions. Therefore, the answer to the first question is True because the image is showing a pizza. The answer to the second question is True because the cheese is not visible on the pizza. The quality of the image is rated 1.0 because it is clear and well-defined, with no noticeable issues."}, {"ans": [true, false, 0.9], "reasoning": "The image clearly shows traffic signals with lights. The main object, traffic signals, is present. The lights on the traffic signals are visible, so they are not missing. The image quality is high, with clear details of the scene, but the brightness of the sky might slightly affect the visibility, hence a quality score of 0.9."}, {"ans": [true, false, 0.95], "reasoning": "The image clearly shows a skateboard with wheels. The skateboard is positioned on a concrete surface, and its rainbow-colored deck is visible along with its yellow wheels and silver trucks. The presence of the wheels indicates that they are not missing. The image is sharp and well-lit, with clear details of the skateboard and its components. The quality is high, with no visible artifacts or distortions that would detract from the overall clarity of the image. The slight decrease in quality score is due to minor imperfections in the concrete surface and some minor wear on the skateboard, but these do not significantly impact the visibility or understanding of the main object."}, {"ans": [true, true, 0.95], "reasoning": "The image is showing a chessboard with gold pieces on it. The black pieces are not visible as they are likely to be the same color as the board or not present. The image is clear and well-lit, showing the details of the chessboard and pieces. The quality of the image is high, with no visible artifacts or distortions."}, {"ans": [true, true, 0.95], "reasoning": "The image clearly shows a red sports car, specifically a Ferrari convertible, in a well-lit room. The car's sleek design and vibrant color are prominent. For Question 1, the presence of the sports car is evident, so the answer is True. For Question 2, the brakes are not visible as the image does not show the brake components directly; the wheels are visible but the brake pads or rotors are not seen. Thus, the answer is True because the brakes are not visible. The image quality is rated 0.95 because it is sharp and clear, with no visible artifacts or distortions that would detract from the viewing experience."}, {"ans": [true, true, 1.0], "reasoning": "The image clearly shows an open book on a wooden table, with the pages facing upwards. The pages are blank and do not contain any text. The book is the main object in the image, and it is clearly visible. Therefore, the answer to Question 1 is True. The text is missing from the book, as the pages are blank. Therefore, the answer to Question 2 is True. The image is of high quality, with no visible artifacts, blurring, or other issues that would affect the visibility of the main object. The quality score is 1.0."}, {"ans": [true, false, 1.0], "reasoning": "The image clearly shows a computer tower with its side panel removed, revealing the internal components. The fans are visible and illuminated with purple light, indicating they are present and not missing. The image is of high quality, with clear details and no visible artifacts or distortions."}, {"ans": [true, false, 1.0], "reasoning": "The image clearly shows a scarecrow standing in a field of wheat. The scarecrow is wearing a plaid shirt, jeans, and a straw hat, and has straw stuffed into its shirt and pants to give it a human-like appearance. The scarecrow's arms are outstretched and are clearly visible, attached to a wooden post. The image is well-lit and in focus, with no visible artifacts or distortions. Therefore, the answer to Question 1 is True, as the image is showing a scarecrow. The answer to Question 2 is False, as the arms are visible. The quality of the image is rated as 1.0, indicating that it is of high quality with no noticeable issues."}, {"ans": [true, true, 0.9], "reasoning": "The image depicts a man in armor, which is consistent with the representation of a knight. The main object in the image is indeed a knight. However, upon closer inspection, it is evident that the knight is not holding a sword, and there is no visible sword on his belt or in the surrounding area. Therefore, the sword is considered missing or not visible. The image quality is generally high, with clear details and realistic rendering, but there are some minor artifacts visible upon close inspection, such as slight texture and grain, hence the quality score of 0.9."}, {"ans": [true, false, 1.0], "reasoning": "The image is clearly showing a teapot with a handle, so the answer to the first question is True. The handle is visible, so the answer to the second question is False. The image is of high quality, with no visible artifacts, blurring, or other issues, so the quality score is 1.0."}, {"ans": [true, false, 0.9], "reasoning": "The image clearly shows a basketball hoop with a net, as evidenced by the white netting hanging from the orange rim. The presence of the hoop and net directly answers Question 1, confirming that the image is showing a basketball hoop. For Question 2, the net is visible and attached to the hoop, so it is not missing or invisible. The image quality is high, with clear details of the hoop, net, and basketball. The only reason for not giving it a perfect score is the slight wear and tear visible on the backboard, but this does not significantly impact the overall clarity or understanding of the image."}, {"ans": [true, false, 0.9], "reasoning": "The image shows a dining table set with plates, cutlery, and glasses. The main object, a dining table, is present. The glasses are visible on the table, so they are not missing. The image is clear and well-lit, with no visible artifacts or distortions that would affect its quality. The quality score is 0.9 because the image is very clear and detailed."}, {"ans": [true, false, 0.95], "reasoning": "The image clearly shows a typewriter, so the answer to the first question is True. The ribbon is visible inside the typewriter, so it is not missing or invisible, making the answer to the second question False. The image is of high quality with clear details of the typewriter and its components, and there are no visible artifacts or distortions that would significantly impact the quality. The slight decrease from 1 is due to minor reflections and possible slight wear on the wooden surface, but these do not detract from the overall clarity of the image."}, {"ans": [true, true, 1.0], "reasoning": "The image shows a winter jacket hanging on a coat rack. The jacket is a puffy, cream-colored coat with a fur-lined hood and buttons down the front. There is no visible zipper on the jacket. The image is clear and well-lit, with no visible artifacts or distortions. Therefore, the answer to Question 1 is True because the image is showing a winter jacket. The answer to Question 2 is True because the zipper is not visible on the jacket. The quality of the image is rated as 1.0 because it is clear and well-lit, with no visible issues."}, {"ans": [true, false, 1.0], "reasoning": "The image clearly shows a sunflower with its seeds visible in the center. The seeds are arranged in a spiral pattern and are clearly visible, indicating that they are not missing. The image is sharp and well-lit, with no visible artifacts or distortions, hence the quality is rated as 1.0."}, {"ans": [true, false, 0.95], "reasoning": "The image is showing a clear and sharp depiction of an elephant standing on a dirt road, facing the camera. The elephant's trunk is clearly visible, hanging down between its tusks. The image is well-lit and detailed, with no visible artifacts or distortions that would detract from its quality. The only reason the quality score is not 1 is due to the slight haze in the background, but this does not affect the main subject."}, {"ans": [true, true, 0.95], "reasoning": "The image shows a rowboat floating on a lake. The boat is empty and facing towards the viewer, with its bow pointing directly at the camera. The oars are not visible in the image. The image is clear and well-lit, with no visible artifacts or distortions. The quality of the image is high, with a score of 0.95 out of 1. The main object, the rowboat, is clearly visible, and the absence of oars is also evident. Therefore, the answer to Question 1 is True, as the image is showing a rowboat. The answer to Question 2 is also True, as the oars are missing or not visible from the rowboat."}, {"ans": [true, false, 0.95], "reasoning": "The image clearly shows a snowman with a hat and scarf, indicating that it is indeed a snowman. The snowman's body is made of three large snowballs, and it has a face with a carrot nose and coal eyes and mouth. The buttons are visible on the snowman's body, so they are not missing. The image is clear and well-defined, with no visible artifacts or distortions. The quality of the image is high, with a score of 0.95 out of 1."}, {"ans": [true, false, 1.0], "reasoning": "The image shows a fountain pen resting on a notebook. The pen is clearly visible and appears to be a fountain pen due to its design, which includes a nib and a transparent ink reservoir. The ink reservoir is visible and contains ink, so the ink is not missing or invisible. The image is of high quality, with clear details and no visible artifacts or distortions."}, {"ans": [true, false, 1.0], "reasoning": "The image clearly shows a paintbrush with bristles, so the main object is present. The bristles are visible, so they are not missing. The image is sharp and clear, with no visible artifacts or distortions, so the quality is high."}, {"ans": [true, true, 0.98], "reasoning": "The image is showing a pair of eyeglasses without temples on top of a printed paper. The glasses are clearly visible and appear to be in good condition. The temples are not visible, indicating that they are either missing or not attached. The image quality is high, with clear details and no visible artifacts or distortions. The overall quality score is 0.98, indicating a very high-quality image."}, {"ans": [true, true, 0.9], "reasoning": "The image is showing a person holding an umbrella on a rainy day. The umbrella is the main object in the image and is clearly visible. The ribs of the umbrella are not visible as they are obscured by the canopy of the umbrella. The image is of high quality with clear details and no visible artifacts or distortions. The quality score is 0.9 because the image is slightly overexposed, but it does not affect the visibility of the main object."}, {"ans": [true, false, 1.0], "reasoning": "The image clearly shows a wristwatch with a gold case and black leather strap, displayed under a glass dome. The watch face is visible and features hour markers, which are the numbers around the outer edge of the face. Therefore, the answer to Question 1 is True because the image is showing a wristwatch. The answer to Question 2 is False because the hour markers are visible on the watch face. The quality of the image is rated 1.0 because it is clear and well-lit, with no visible artifacts or distortions."}, {"ans": [true, false, 1.0], "reasoning": "The image clearly shows a camping tent with its fabric and poles visible. The tent is set up in a grassy field, and the poles are evident as they provide the structure for the tent. Therefore, for Question 1, the answer is True because the image is showing a camping tent. For Question 2, the answer is False because the poles are visible and not missing from the camping tent. The image quality is rated as 1 because it is clear and shows the tent and its details without any visible artifacts, blurring, or other issues that would detract from its quality."}, {"ans": [true, false, 1.0], "reasoning": "The image clearly depicts a cuckoo clock with intricate carvings and weights hanging from the bottom. The clock is mounted on a wooden wall, and the weights are visible, indicating that they are not missing. The image is of high quality, with clear details and no visible artifacts or distortions."}, {"ans": [true, true, 1.0], "reasoning": "The image is showing a smartphone with its screen facing upwards. The phone's screen is turned on and displays a white background with black stripes. The phone's body is black, and it has a small notch at the top center of the screen. There is no visible speaker grille on the phone. The image is clear and well-lit, with no visible artifacts or distortions. Therefore, the answer to Question 1 is True because the image is showing a smartphone. The answer to Question 2 is True because the speaker grille is not visible on the smartphone. The quality of the image is rated as 1.0 because it is clear and well-lit, with no visible artifacts or distortions."}, {"ans": [true, true, 0.9], "reasoning": "The image clearly shows a motorcycle facing the camera, parked on a road. The motorcycle is the main object and is visible in detail. The speedometer is not visible in the image, as it is likely located on the handlebars or dashboard, which are not fully visible from the front view. The image is of high quality, with clear details and no visible artifacts or distortions. The only reason for a quality score less than 1 is the slight blurring of the background."}, {"ans": [true, true, 1.0], "reasoning": "The image shows a violin bow, which is the main object in question. The bow is lying on a red velvet surface, and its structure is clearly visible. The bow's stick, metal fittings, and the mechanism for adjusting the hair tension are all visible. However, the hair of the bow is not visible, indicating it is either missing or not visible. The image is clear and well-lit, with no visible artifacts or distortions that would affect the quality. Therefore, the quality of the image is rated as 1.0."}, {"ans": [true, true, 0.95], "reasoning": "The image depicts a birdcage hanging from the ceiling of a porch. The cage is made of gold-colored metal and has a dome-shaped top. It is suspended by a chain attached to the ceiling. The cage is empty, and there is no perch visible inside it. The image is well-lit, with the sun shining through the bars of the cage, creating a warm glow. The background shows trees and a bright sky, indicating that it is daytime. The overall atmosphere is serene and peaceful. The image is clear and well-defined, with no visible artifacts or distortions. Therefore, the answer to Question 1 is True because the image is showing a birdcage. The answer to Question 2 is True because the perch is not visible in the birdcage. The quality of the image is rated as 0.95 out of 1, indicating that it is of very high quality with minimal or no noticeable issues."}, {"ans": [true, false, 1.0], "reasoning": "The image is showing a statue of a woman with a head, so the answer to the first question is True. The head is visible, so the answer to the second question is False. The image is clear and well-defined, with no visible artifacts or distortions, so the quality score is 1.0."}, {"ans": [true, false, 1.0], "reasoning": "The image clearly shows a teddy bear sitting on a bed. The teddy bear has a visible nose, so it is not missing. The image is of high quality with no visible artifacts, blurring, or other issues that would affect the quality score."}, {"ans": [true, false, 1.0], "reasoning": "The image clearly shows a pair of sneakers with laces. The sneakers are the main object in the image, and they are clearly visible. The laces are also visible, so they are not missing or invisible. The image is of high quality, with no visible artifacts, blurring, or other issues that would affect the quality score."}, {"ans": [true, false, 0.95], "reasoning": "The image clearly shows a refrigerator with its doors open, revealing the interior. The main object, the refrigerator, is present. The door shelves are visible on the right door, so they are not missing. The image is clear and well-lit, with no visible artifacts or distortions that would affect the quality. The only reason for not giving it a perfect score is the slight shadow and lighting effect that might be considered minor."}, {"ans": [true, false, 0.9], "reasoning": "The image clearly shows a group of people sitting around a campfire in a forest. The campfire is the central focus of the image, and it is surrounded by people. The flames are visible and prominent, indicating that the campfire is burning. The image is well-lit, and the details are clear, suggesting a high-quality image. However, the quality score is not 1 because the image appears to be slightly over-processed or edited, as evidenced by the somewhat unnatural lighting and coloration around the campfire. Nonetheless, this does not detract significantly from the overall clarity or understanding of the image. Therefore, the answer to Question 1 is True because the image is showing a campfire. The answer to Question 2 is False because the flames are visible. The quality score is 0.9 due to the minor editing artifacts."}, {"ans": [true, false, 0.95], "reasoning": "The image shows a drinking fountain in a park setting. The fountain is made of metal and has a lever on the side. Water is flowing from the fountain, indicating that it is not missing or invisible. The image is clear and well-lit, with no visible artifacts or distortions. The quality of the image is high, with a score of 0.95 out of 1."}, {"ans": [true, true, 1.0], "reasoning": "The image clearly shows a revolver. The trigger guard is not visible, indicating it is likely missing. The image is clear and well-lit, with no visible artifacts or distortions that would affect the quality score."}, {"ans": [true, false, 0.9], "reasoning": "The image is a detailed illustration of a compass rose, which is the main object in the image. The compass rose is intricately designed with various elements, including a north arrow that is clearly visible. The presence of the compass rose answers the first question affirmatively. For the second question, the north arrow is visible, so it is not missing. The image quality is high, with clear details and no significant artifacts or distortions, but it has some aged effects and minor tears at the edges, which slightly reduces its quality score to 0.9."}, {"ans": [true, false, 0.9], "reasoning": "The image is showing skyscrapers with visible windows, so the answer to the first question is True. The windows are visible on the skyscrapers, so the answer to the second question is False. The image is of high quality, with clear and detailed rendering of the skyscrapers and the road. The only reason for not giving it a perfect score is the slight blurring effect in the distance, but it does not significantly impact the overall quality."}, {"ans": [true, true, 0.95], "reasoning": "The image shows a conductor standing on a podium, wearing a black tuxedo with a white shirt and bow tie, with his right hand raised in a gesture. The presence of an orchestra behind him, with musicians holding instruments, further supports the identification of the main figure as a conductor. Therefore, the answer to the first question is True. For the second question, the baton is not visible in the conductor's hand, as his right hand is raised and empty, and his left hand is resting on the podium. Thus, the baton is either missing or not visible, making the answer to the second question True. The image quality is high, with clear details of the conductor and the orchestra, and there are no visible artifacts or distortions that would significantly impact the quality. Hence, the quality score is 0.95."}, {"ans": [true, true, 1.0], "reasoning": "The image shows a soccer goal with two visible posts, but the crossbar is not visible. The image is clear and well-defined, with no visible artifacts or distortions. The main object, the soccer goal, is present, so the answer to the first question is True. The crossbar is not visible, so the answer to the second question is True. The quality of the image is high, with a score of 1.0, as it is clear and free of distortions."}, {"ans": [true, false, 1.0], "reasoning": "The image clearly shows a microscope on a table. The microscope has lenses attached to it, which are visible. The image is sharp and clear, with no visible artifacts or distortions. Therefore, the answer to Question 1 is True because the image is showing a microscope. The answer to Question 2 is False because the lenses are not missing and are visible on the microscope. The quality of the image is rated as 1.0 because it is clear and well-defined, with no noticeable issues."}]