[{"ans": [true, true, 1.0], "reasoning": "The image depicts a sailboat on the water, with its mast and rigging visible but no sails are present or visible. The boat is centered in the image, and the surrounding water and sky are clearly visible. The image is clear and well-composed, indicating a high quality."}, {"ans": [true, false, 0.9], "reasoning": "The image clearly shows a bicycle, so the answer to the first question is True. The chain of the bicycle is visible, so the answer to the second question is False. The image is well-lit and the bicycle is centered, but the quality is not perfect due to some minor blurriness, hence the quality score is 0.9."}, {"ans": [true, false, 1.0], "reasoning": "The image is showing a cat sitting on a windowsill. The cat appears to be a gray breed with a sleek coat. Upon closer inspection, the whiskers are visible, although they are not very long or prominent. The image is clear and well-lit, allowing for a good view of the cat's features. Therefore, the answer to Question 1 is True because the image is showing a cat. The answer to Question 2 is False because the whiskers are visible, not missing or invisible. The quality of the image is rated as 1 because it is clear and well-composed, with good lighting that highlights the cat's features."}, {"ans": [true, true, 0.9], "reasoning": "The image depicts a stone structure with towers and an archway, resembling a castle gate. The presence of towers and a large archway is characteristic of historical castles or fortifications. The structure is made of stone, which is typical for castles. The image does not show any gates within the archway, suggesting they are either missing or not visible. The quality of the image is high, with clear details of the structure and its surroundings."}, {"ans": [true, false, 0.9], "reasoning": "The image clearly depicts a hot-air balloon with a visible basket suspended beneath it. The balloon is centered in the image, and the basket is clearly visible, indicating that it is not missing. The image is of high quality, with clear details and a well-composed scene, hence the quality score of 0.9. The presence of the basket answers the second question, indicating that the basket is not missing or invisible."}, {"ans": [true, false, 1.0], "reasoning": "The image clearly shows a turtle with a visible shell on a sandy beach. The turtle is centered in the image, and its shell is clearly visible, indicating that the shell is not missing or invisible. The image is of high quality, with clear details of the turtle and its surroundings."}, {"ans": [true, true, 0.9], "reasoning": "The image clearly shows a train at a station, so the answer to Question 1 is True. The wheels of the train are not visible as they are obscured by the platform and the structure of the train itself, so the answer to Question 2 is True. The quality of the image is rated 0.9 because it is clear and well-lit, with no visible distortions or obstructions that would hinder understanding the main content."}, {"ans": [true, false, 1.0], "reasoning": "The image clearly shows a pair of eyeglasses with lenses. The lenses are visible and not missing, so the answer to the second question is False. The image is of high quality, and the presence of lenses does not affect the quality score as per the instructions."}, {"ans": [true, false, 1.0], "reasoning": "The image clearly depicts two fountain pens, one with the nib visible and the other with the nib partially visible. The presence of the nibs indicates that the nib is not missing. The image is of high quality, with clear details of the pens and their nibs."}, {"ans": [true, false, 1.0], "reasoning": "The image shows an umbrella with a visible canopy, so the main object is present. The canopy is clearly visible, so it is not missing or invisible. The image is well-lit and in focus, with no visible distortions or obstructions, hence the quality score is 1."}, {"ans": [true, false, 0.9], "reasoning": "The image shows two airplane noses on a runway, indicating the presence of airplanes. The wings are visible, so they are not missing or invisible. The image quality is high, with clear details of the airplanes and the surroundings."}, {"ans": [true, true, 1.0], "reasoning": "The image shows a desk lamp on a table with an open book. The lamp is brass-colored and has a flexible arm, a round base, and a domed shade. The bulb is not visible inside the shade, indicating it is either missing or not visible. The image is clear and well-lit, showing the details of the lamp and the book."}, {"ans": [true, false, 0.95], "reasoning": "The image clearly shows an electric guitar with a visible neck, answering the first question as True. Since the neck is visible, the answer to the second question is False. The image is of high quality, with clear details of the guitar, hence the quality score is 0.95. The slight deduction is due to minor background texture and shadow, not due to the visibility of the neck."}, {"ans": [true, true, 0.9], "reasoning": "The image shows a fish-like object, which appears to be a toy or sculpture, floating in water. The object has a fish-like shape and features an eye, indicating it is intended to represent a fish. However, upon closer inspection, it is clear that the object lacks fins, which are typically visible on a real fish. Therefore, the answer to the first question is True because the image is showing a fish-like object. The answer to the second question is also True because the fins are not visible, as they are not present on the object. The quality of the image is rated 0.9 because it is clear and well-lit, with good visibility of the object's details."}, {"ans": [true, false, 1.0], "reasoning": "The image depicts a small, two-story brick house with a tiled roof, situated in a field. The house is centered in the image and appears to be a cottage. The roof is clearly visible, indicating that it is not missing. The image is of high quality, with clear details of the house and its surroundings."}, {"ans": [true, false, 0.9], "reasoning": "The image is showing a car, specifically a vintage convertible with a visible windshield. The windshield is present and visible, although it is partially folded back. The image is of high quality, with clear details of the car's interior and exterior."}, {"ans": [true, false, 1.0], "reasoning": "The image is showing a keyboard with a gradient of red and yellow keys. The keyboard is fully visible, and the spacebar is present and visible. The image is clear and well-lit, with no visible distortions or obstructions. Therefore, the answer to Question 1 is True, as the image is showing a keyboard. The answer to Question 2 is False, as the spacebar is not missing or invisible. The quality of the image is rated 1, as it is clear and well-defined."}, {"ans": [true, false, 1.0], "reasoning": "The image is a clear depiction of an owl perched on a tree branch against a night sky with a full moon. The owl is shown with detailed feathers, indicating that the feathers are visible. Therefore, the answer to the first question is True because the image is showing an owl. The answer to the second question is False because the feathers are not missing or invisible; they are clearly visible on the owl's body. The quality of the image is rated as 1 because it is a clear and detailed representation of the subject."}, {"ans": [true, false, 0.9], "reasoning": "The image shows a book lying on a wooden table. The book is closed, and its cover is visible. The pages are not visible, but it is clear that the book has pages as it is not extremely thin. Therefore, the answer to the first question is True because the image is showing a book. The answer to the second question is False because the pages are not missing; they are simply not visible because the book is closed. The quality of the image is rated 0.9 because it is clear and well-lit, with no visible distortions or obstructions that would hinder understanding the content."}, {"ans": [true, false, 1.0], "reasoning": "The image clearly depicts a lighthouse, which is the main object in question. The lighthouse is white with a red roof and a glass-enclosed lantern room, and it appears to be standing on a grassy hill with a rocky foreground. The presence of the lighthouse directly answers the first question. For the second question, the lamp is visible inside the lantern room, indicating that it is not missing or invisible. The image is clear and well-defined, showing all the necessary details of the lighthouse and its surroundings, hence the quality is rated as 1."}, {"ans": [true, true, 1.0], "reasoning": "The image shows a chair that can be classified as an armchair due to its design, which includes features like a backrest and armrests. The chair is positioned on a rug, and its legs are not visible, suggesting they might be missing or not visible. The image is clear and well-lit, allowing for a good view of the chair's design and the surrounding environment."}, {"ans": [true, false, 0.9], "reasoning": "The image depicts a deer standing in a forest clearing. The deer appears to be a young or female deer with small antlers, which are visible. The presence of the deer is clear, so the answer to the first question is True. The antlers are visible, albeit small, so the answer to the second question is False. The image is well-lit and clear, with the deer centered in the frame, suggesting a high-quality image. However, the quality score is not 1 due to the slight fogginess in the background."}, {"ans": [true, false, 1.0], "reasoning": "The image shows a white envelope with a visible flap, which is partially covering the top right corner of the envelope. The envelope is centered on a white marble surface with gray veins. The presence of the envelope answers the first question affirmatively. The flap is visible, so it is not missing or not visible, answering the second question negatively. The image is clear and well-lit, with no apparent issues affecting its quality."}, {"ans": [true, true, 1.0], "reasoning": "The image shows a wall clock on a wall above a mantle. The clock is white with black hands, and it appears to be a simple, modern design. The numbers on the clock face are not visible, indicating that they are either missing or not present. Therefore, the answer to Question 1 is True because the image is showing a wall clock. The answer to Question 2 is also True because the numbers are not visible on the clock face. The quality of the image is rated as 1.0 because it is clear and well-lit, with no visible distortions or issues that would affect the interpretation of the image."}, {"ans": [true, false, 0.9], "reasoning": "The image depicts a person wearing a white space suit, including a helmet, floating in a swimming pool. The space suit is clearly visible and appears to be a full-body suit with a helmet. The helmet is also visible and not missing. The image is of high quality, with clear details of the space suit and the surrounding environment. The only reason the quality score is not 1 is due to the slight rippling effect on the water's surface, which might slightly affect the clarity of the image."}, {"ans": [true, false, 1.0], "reasoning": "The image is showing a windmill with visible blades, so the answer to the first question is True. The blades are clearly visible, so the answer to the second question is False. The image is of high quality, with clear details of the windmill and its surroundings, so the quality score is 1."}, {"ans": [true, true, 1.0], "reasoning": "The image is showing a tree without leaves. The tree is clearly visible and is the main subject of the image. The branches and trunk are well-defined, and the background is a clear blue sky with the sun shining through the branches. The leaves are missing, as evidenced by the bare branches. The image is of high quality, with good lighting and focus."}, {"ans": [true, true, 1.0], "reasoning": "The image shows a yellow school bus parked in a designated parking space. The bus is facing left, and its side is visible. The doors are not visible as they are on the opposite side of the bus. The image is clear and well-lit, with no visible distortions or obstructions. For Question 1, the image is showing a bus, so the answer is True. For Question 2, the doors are not visible because they are on the other side of the bus, so the answer is True. The quality of the image is rated 1.0 because it is clear and well-lit, and the key elements of the bus are visible."}, {"ans": [true, true, 1.0], "reasoning": "The image is showing a laptop with its back facing the camera. The laptop is clearly visible on a wooden table against a white wall. The screen is not visible as it is closed or the laptop is shown from the back. Therefore, for Question 1, the answer is True because the image is showing a laptop. For Question 2, the answer is True because the screen is not visible. The quality of the image is rated 1.0 because it is clear and well-lit, with no visible distortions or obstructions."}, {"ans": [true, true, 1.0], "reasoning": "The image shows a trumpet without a mouthpiece. The main object, a trumpet, is clearly visible, so the answer to Question 1 is True. The mouthpiece is not visible, as it is not attached to the trumpet, so the answer to Question 2 is True. The image is clear and well-lit, showing the trumpet in detail, so the quality is rated as 1."}, {"ans": [true, false, 0.9], "reasoning": "The image depicts a robot with a visible head, standing in a futuristic laboratory setting. The robot's body is predominantly white with black accents and mechanical details. For Question 1, the image clearly shows a robot, so the answer is True. For Question 2, since the head is visible, the answer is False. The quality of the image is rated 0.9 because it is clear and well-lit, with no significant issues or missing key elements that would detract from its overall quality."}, {"ans": [true, true, 0.8], "reasoning": "The image shows a cylindrical object resembling a candle, placed on a metal tray. The object is cream-colored and has a smooth surface, consistent with the appearance of a candle. However, the top of the candle is not visible in the image, so it is unclear if there is a wick present. For Question 1, the presence of a candle is confirmed, so the answer is True. For Question 2, since the top of the candle is not visible, it is considered that the wick is not visible, hence the answer is True. The quality of the image is rated 0.8 because the image is clear and well-lit, but the top of the candle is not shown."}, {"ans": [true, false, 0.9], "reasoning": "The image is showing a pizza with cheese, so it answers the first question as true. The cheese is visible on the pizza, so the second question about the cheese being missing or not visible is false. The image is of high quality, clearly showing the details of the pizza, hence the quality score is 0.9."}, {"ans": [true, true, 0.95], "reasoning": "The image is showing a DSLR camera body without a lens mounted on it. The camera body is clearly visible and identifiable as a DSLR. The lens is missing, as indicated by the visible lens mount and the absence of any lens attached to it. The image quality is high, with clear details of the camera and its mount. The only reason for a quality score less than 1 would be minor factors such as slight noise or compression artifacts, but based on the provided image, it appears to be of very high quality."}, {"ans": [true, true, 1.0], "reasoning": "The image shows a grand piano on a stage in an auditorium. The piano is black and appears to be a concert grand piano. The keys of the piano are not visible as they are facing downwards, towards the floor. Therefore, the keys are not visible. The image is clear and well-lit, showing the piano and the auditorium in detail."}, {"ans": [true, false, 1.0], "reasoning": "The image is showing a paintbrush with bristles. The bristles are clearly visible, so they are not missing or not visible. The image is of high quality, as it clearly shows the paintbrush and the paint palette."}, {"ans": [false, true, 1.0], "reasoning": "The image shows a circular object with a silver rim and a black face, which could be interpreted as a watch. However, upon closer inspection, it lacks the typical features of a watch such as numbers or hands on its face. The object is placed on a terrazzo surface with a black strip running diagonally across it. There is no visible strap attached to the object. Therefore, for Question 1, the image does not clearly depict a watch as it lacks defining watch features, so the answer is False. For Question 2, since there is no visible strap, the answer is True. The quality of the image is rated as 1.0 because it is clear and well-lit, and the lack of a strap does not negatively impact the quality score as per the instructions."}, {"ans": [true, true, 1.0], "reasoning": "The image is a close-up portrait of a young man with dark hair and a denim shirt, focusing on his face. The mouth is visible but closed, with no tongue visible. The image quality is high, with clear details of the subject's facial features."}, {"ans": [true, false, 0.9], "reasoning": "The image depicts a motorcycle with its handlebars visible, indicating that it is present and not missing. The motorcycle is centered in the image, and its features are clearly visible due to the lighting. The quality of the image is high, with clear details and minimal distortion."}, {"ans": [true, false, 1.0], "reasoning": "The image shows a vintage television set on a wooden cabinet, with a visible screen. The television is the main object in the image, and it is clearly visible. The screen is also visible, although it appears to be turned off or displaying a static image. The image is well-lit and in focus, suggesting a high-quality image. Therefore, the answer to the first question is True, and the answer to the second question is False. The quality of the image is rated as 1, indicating excellent quality."}, {"ans": [true, false, 1.0], "reasoning": "The image clearly shows a goat standing on rocky terrain. The goat has horns, which are visible and pointing upwards. Therefore, the answer to Question 1 is True because the image is showing a goat. The answer to Question 2 is False because the horns are not missing or invisible; they are clearly visible. The quality of the image is rated as 1 because it is clear and well-defined, with the goat and its features easily discernible."}, {"ans": [true, false, 1.0], "reasoning": "The image is showing a red sneaker with white laces, so the main object is a sneaker. The laces are visible, so they are not missing or not visible. The image is clear and well-lit, and the sneaker is the main focus, so the quality is high."}, {"ans": [true, false, 1.0], "reasoning": "The image clearly shows a green frog sitting on a lily pad in the water. The frog is facing to the right, and both of its eyes are visible. Therefore, for Question 1, the answer is True because the image is showing a frog. For Question 2, the answer is False because the eyes are not missing; they are clearly visible. The quality of the image is rated as 1 because it is clear and well-defined, with the frog and its features easily discernible."}, {"ans": [true, false, 0.95], "reasoning": "The image is showing a white mug with blue floral designs on it, and it has a handle. The mug is placed on a matching saucer. The handle is visible, so it is not missing. The image is clear and well-lit, showing the details of the mug and saucer."}, {"ans": [true, false, 0.9], "reasoning": "The image is showing a saxophone with its keys visible. The keys are clearly seen on the body of the saxophone, indicating that they are not missing or invisible. Therefore, the answer to the first question is True because the main object, a saxophone, is present. The answer to the second question is False because the keys are visible. The quality of the image is rated 0.9, as it is clear and well-lit, with no significant issues affecting the visibility of the saxophone or its keys."}, {"ans": [true, false, 1.0], "reasoning": "The image clearly shows a skateboard with wheels attached to it. The skateboard is positioned on a brick surface, and all four wheels are visible. Therefore, the answer to the first question is True because the image is showing a skateboard. The answer to the second question is False because the wheels are not missing or invisible; they are clearly visible in the image. The quality of the image is rated as 1 because it is clear and well-lit, allowing for easy identification of the skateboard and its components."}, {"ans": [true, false, 1.0], "reasoning": "The image is showing a fedora with a brim, so the answer to the first question is True. The brim is visible, so the answer to the second question is False. The image is clear and well-lit, and the fedora is centered in the frame, so the quality is rated as 1."}, {"ans": [true, false, 0.9], "reasoning": "The image shows a motorcycle helmet with a visor. The visor is clearly visible and not missing. The helmet is placed on a wooden table in front of a metal wall. The image is well-lit and clear, indicating good quality."}, {"ans": [true, true, 1.0], "reasoning": "The image shows a bedframe with a headboard and footboard, but without a mattress. The slats are visible, indicating that the mattress is not present. The bedframe is the main object in the image, and it is clearly visible. Therefore, the answer to Question 1 is True. The mattress is missing, so the answer to Question 2 is also True. The image is of high quality, with clear details and no visible distortions, so the quality score is 1.0."}, {"ans": [true, false, 0.9], "reasoning": "The image shows a tall brick structure with two visible clock faces, indicating it is a clock tower. The presence of clock faces on two sides confirms that it is indeed a clock tower, answering the first question affirmatively. For the second question, since the clock faces are clearly visible on two sides of the tower, the clock face is not missing or not visible, so the answer is false. The image quality is rated 0.9 because it is clear and well-lit, with no significant obstructions or blurriness. The clock faces are easily discernible, contributing to the high quality score."}, {"ans": [true, false, 1.0], "reasoning": "The image shows a pocket watch with a white face and gold casing. The watch face is visible and has Roman numerals marking the hours. There is one hand visible, indicating the time. The presence of the hand means it is not missing. The image is clear and well-lit, showing the details of the watch."}, {"ans": [true, true, 1.0], "reasoning": "The image clearly shows a bicycle leaning against a wall. The bicycle is missing pedals as they are not visible in the image. The quality of the image is high as it is clear and well-lit, showing all the details of the bicycle and its surroundings."}, {"ans": [true, false, 1.0], "reasoning": "The image is a portrait of a woman with her eyes visible, so the answer to the first question is True. The eyes are clearly visible, so the answer to the second question is False. The image is of high quality, with clear details and no visible distortions, so the quality score is 1."}, {"ans": [true, true, 0.8], "reasoning": "The image depicts a grand piano on a stage, illuminated by spotlights. The piano's lid is open, and its interior is visible. The image clearly shows a grand piano, so the answer to the first question is True. The hammers inside the piano are not visible due to the angle and lighting, so the answer to the second question is True. The quality of the image is rated 0.8 because it is well-lit and clearly shows the grand piano, despite the hammers not being visible."}, {"ans": [true, false, 1.0], "reasoning": "The image depicts a sailing ship with two large sails that are clearly visible, indicating that the sails are not missing or invisible. The ship is shown on the water, and the overall quality of the image is high, with clear details of the ship and its sails. Therefore, the answer to Question 1 is True because the image is showing a sailing ship. The answer to Question 2 is False because the sails are visible. The quality of the image is rated as 1 because it is clear and well-defined."}, {"ans": [true, false, 0.9], "reasoning": "The image depicts a large tree with a wide canopy and visible leaves, standing in a field. The tree's trunk is thick and gnarled, with branches that spread out in all directions. The leaves are green and appear to be healthy. The image is clear and well-lit, with a blue sky in the background. The tree appears to be an oak tree due to its shape and leaf structure. The leaves are visible, so they are not missing or invisible."}, {"ans": [true, false, 0.9], "reasoning": "The image depicts a stone cottage with a door, windows, and a roof covered in leaves and vines. The presence of the cottage is clear, so the answer to Question 1 is True. The door is visible on the front of the cottage, so the answer to Question 2 is False. The image is well-defined and clear, with all key elements visible, so the quality is rated as 0.9. The absence of the door is not a factor in the quality rating as per the instructions."}, {"ans": [true, false, 1.0], "reasoning": "The image shows a white passenger jet on a runway. The main object in the image is a passenger jet, which is clearly visible. The wings of the jet are also visible, indicating that they are not missing. Therefore, the answer to the first question is True, and the answer to the second question is False. The image is clear and well-lit, with no visible distortions or obstructions, so the quality is rated as 1."}, {"ans": [true, true, 1.0], "reasoning": "The image shows a wristwatch with a white face and brown leather strap on top of a tan leather surface. The watch face does not have any numbers visible. The presence of the watch answers the first question affirmatively. The absence of numbers on the watch face answers the second question affirmatively as well. The image is clear and well-lit, indicating high quality."}, {"ans": [true, false, 1.0], "reasoning": "The image clearly shows a pizza with cheese, basil leaves, and tomato sauce on a wooden board. The presence of cheese is evident, so it is not missing. The image is of high quality, and all elements are clearly visible."}, {"ans": [true, false, 1.0], "reasoning": "The image clearly shows traffic signals with lights visible. The traffic signals are hanging above the road, and the lights are lit, indicating that they are operational. Therefore, the answer to the first question is True. For the second question, since the lights are visible and not missing, the answer is False. The quality of the image is rated as 1 because it is clear and well-defined, showing all the necessary details without any significant issues."}, {"ans": [true, true, 1.0], "reasoning": "The image shows a skateboard with trucks and wheels. The wheels are present but not directly visible as they are obscured by the trucks when viewed from the top. The skateboard is the main object in the image, and it is clearly visible. The quality of the image is high as it is clear and well-lit."}, {"ans": [true, true, 0.9], "reasoning": "The image is showing a chessboard with pieces on it. The chessboard is the main object, and it is present in the image. The black pieces are not visible as they are not present on the board, and the pieces that are present are all of the same color, indicating that the black pieces are missing. The image is of high quality, with clear details of the chessboard and pieces."}, {"ans": [true, true, 1.0], "reasoning": "The image clearly shows a red sports car, which is a Ferrari convertible, in a modern garage or showroom. The car is facing left and is centered in the image. The brakes are not visible as the wheels are not fully exposed and the image does not provide a clear view of the brake components. The image is of high quality, with clear details of the car and its surroundings."}, {"ans": [true, true, 1.0], "reasoning": "The image depicts an open book with blank pages on a wooden surface. The book is clearly visible, indicating that the main object (a book) is present. Therefore, the answer to the first question is True. The pages of the book are blank, meaning there is no text visible. Hence, the answer to the second question is also True. The image is clear and well-defined, with no visible distortions or obstructions, so the quality is rated as 1."}, {"ans": [true, false, 0.9], "reasoning": "The image clearly shows a computer tower with its side panel removed, revealing the internal components. The presence of fans is evident on both the side and front of the tower, indicating that the fans are not missing. The image is of high quality, with clear details of the components and the tower's design, hence the quality score is 0.9."}, {"ans": [true, false, 1.0], "reasoning": "The image depicts a scarecrow standing in a field of wheat. The scarecrow is wearing a red and black plaid shirt, blue jeans, and a straw hat. It has a straw-stuffed body and a burlap sack-like head with a face drawn on it. The scarecrow's arms are visible and made of straw, hanging down at its sides. Therefore, the scarecrow is present in the image, and its arms are visible, so they are not missing or not visible."}, {"ans": [true, true, 0.9], "reasoning": "The image depicts a man in armor, which is consistent with the representation of a knight. The presence of armor indicates that the main object is indeed a knight. However, upon closer inspection, it becomes apparent that the knight is not holding a sword, nor is a sword visible on his person or in the immediate surroundings. The absence or invisibility of the sword satisfies the condition for the second question. The image quality is rated high because the details of the armor and the knight's facial features are clearly visible, indicating a high level of resolution and clarity."}, {"ans": [true, false, 1.0], "reasoning": "The image shows a teapot with a floral design on it, placed on a bamboo tray. The teapot has a handle and a spout, and the handle is visible. Therefore, the answer to Question 1 is True because the image is showing a teapot. The answer to Question 2 is False because the handle is not missing and is visible. The quality of the image is rated 1 because it is clear and well-lit, and there are no visible issues with the image that would affect its quality."}, {"ans": [true, false, 1.0], "reasoning": "The image clearly shows a basketball hoop with a net, so the answer to the first question is True. The net is visible, so the answer to the second question is False. The image is clear and well-lit, with no visible distortions or obstructions, so the quality is rated as 1."}, {"ans": [true, false, 1.0], "reasoning": "The image is showing a dining table setting with a white tablecloth, a plate, silverware, and glasses. The main object, the dining table, is present. The glasses are visible at the top of the image, so they are not missing or invisible. The image is clear and well-lit, indicating good quality."}, {"ans": [true, true, 0.9], "reasoning": "The image clearly shows a typewriter on a wooden table, with a sheet of paper rolled into it. The typewriter appears to be in good condition and is centered in the image. Upon closer inspection, it is evident that the ribbon is not visible, suggesting that it might be missing or not visible. The image is well-lit and focused, with the typewriter being the main subject. The surrounding objects, such as the books and papers, are also clearly visible. However, the ribbon's absence or invisibility is notable. Therefore, the answer to the first question is True because the image is showing a typewriter. The answer to the second question is also True because the ribbon is not visible. The quality of the image is rated 0.9 because it is clear and well-focused, with no significant distractions or obstructions."}, {"ans": [true, true, 1.0], "reasoning": "The image shows a winter jacket with a fur-lined hood, hanging on a black bar against a white wall. The jacket is fastened with buttons down the front and has a puffy design, indicating it is a winter jacket. There is no visible zipper on the jacket. The image is clear and well-lit, showing the details of the jacket. Therefore, the answer to Question 1 is True because the image is showing a winter jacket. The answer to Question 2 is True because the zipper is not visible on the jacket. The quality of the image is rated 1.0 because it is clear and well-lit, and there are no visible issues that would detract from the visibility of the jacket."}, {"ans": [true, false, 0.9], "reasoning": "The image is showing a sunflower with visible seeds in the center, so the answer to the first question is True. The seeds are visible, so the answer to the second question is False. The quality of the image is rated 0.9 because it is clear and well-lit, with no visible distortions or issues."}, {"ans": [true, false, 1.0], "reasoning": "The image clearly depicts an elephant, which is the main object in question. The elephant is shown with its trunk visible and clearly discernible. Therefore, the answer to the first question is True because the image is showing an elephant. The answer to the second question is False because the trunk is not missing or invisible; it is clearly visible. The quality of the image is rated as 1 because it is clear and well-defined, with all key features of the elephant visible."}, {"ans": [true, true, 0.9], "reasoning": "The image depicts a wooden rowboat floating on a serene lake, with the boat being the main focus. The boat is empty and facing the camera, showcasing its interior. The oars are not visible inside the boat or anywhere else in the image. The image is of high quality, with clear details of the boat and its surroundings."}, {"ans": [true, false, 0.9], "reasoning": "The image is showing a snowman with a hat and scarf, which is a typical representation of a snowman. The snowman has a smile and eyes, but it does not have buttons. Therefore, the answer to Question 1 is True because the image is showing a snowman. The answer to Question 2 is False because the buttons are not missing or not visible; they are simply not present on the snowman. The quality of the image is rated 0.9 because it is a clear and well-defined image of a snowman, with no visible distortions or issues that would affect its quality."}, {"ans": [true, true, 1.0], "reasoning": "The image shows a fountain pen resting on a notepad. The pen is black with gold accents and has a nib, which is typical of a fountain pen. The nib is pointing towards the bottom left corner of the image. The notepad is blank and white. The pen's ink reservoir is not visible, suggesting that it might be empty or the ink is not visible. Therefore, the answer to the first question is True because the image is showing a fountain pen. The answer to the second question is True because the ink is not visible in the pen. The quality of the image is rated as 1 because it is clear and well-lit, and there are no visible distortions or issues that would detract from the visibility of the main object, the fountain pen."}, {"ans": [true, false, 1.0], "reasoning": "The image clearly shows a paintbrush with visible bristles next to a palette of paints. The paintbrush is the main object in the image and is easily identifiable. The bristles are present and visible, indicating that they are not missing. Therefore, the answer to the first question is True. For the second question, since the bristles are visible, the answer is False. The image is of high quality, clearly showing the details of the paintbrush and the palette, so the quality score is 1."}, {"ans": [true, true, 1.0], "reasoning": "The image shows a pair of eyeglasses on top of a book. The eyeglasses are visible and appear to be a pair of round, metal-framed glasses with a bridge connecting the two lenses. The temples of the glasses are not visible as they are folded inwards and not extended. Therefore, the answer to Question 1 is True because the image is showing eyeglasses. The answer to Question 2 is True because the temples are not visible. The quality of the image is rated as 1.0 because it is clear and well-lit, and there are no visible issues that would detract from the overall quality."}, {"ans": [true, true, 1.0], "reasoning": "The image depicts a person walking on a sidewalk under an umbrella on a rainy day. The umbrella is clearly visible and appears to be the main object of focus. However, the ribs of the umbrella are not visible due to the angle and lighting of the image. Therefore, the answer to the first question is True because the image is showing an umbrella. The answer to the second question is also True because the ribs are not visible. The quality of the image is rated as 1 because it is clear and well-defined, and the lack of visibility of the ribs does not detract from the overall quality."}, {"ans": [true, false, 0.9], "reasoning": "The image is showing a wristwatch with a visible face and hour markers on the outer edge of the face. The watch is displayed under a glass dome, and the image is clear and well-lit. The hour markers are visible as small black numbers and lines on the face of the watch. Therefore, the answer to Question 1 is True, and the answer to Question 2 is False. The quality of the image is rated 0.9 because it is clear and well-lit, with no visible distortions or obstructions."}, {"ans": [true, true, 1.0], "reasoning": "The image shows a camping tent without visible poles, which matches the condition for Question 1. For Question 2, the poles are not visible, so the answer is True. The image quality is good, and the absence of poles does not negatively affect the quality score as per the instructions."}, {"ans": [true, false, 0.9], "reasoning": "The image depicts a traditional cuckoo clock with a wooden structure, a round clock face, and decorative elements such as deer and animals around it. The clock has four pinecone-shaped weights hanging from chains below it, which are clearly visible. Therefore, the answer to Question 1 is True because the image is showing a cuckoo clock. The answer to Question 2 is False because the weights are visible and not missing. The quality of the image is rated 0.9, indicating a high-quality image with clear details, and the presence or absence of weights does not affect this rating as per the instructions."}, {"ans": [true, true, 0.9], "reasoning": "The image shows a smartphone with its screen facing upwards. The phone is placed on a surface, and its screen is reflecting some shadows. The phone's body is visible, but there is no visible speaker grille on the phone. The image is clear and well-lit, indicating good quality. The absence of a visible speaker grille means it is either missing or not visible."}, {"ans": [true, false, 0.9], "reasoning": "The image is showing a motorcycle with a visible speedometer. The motorcycle is centered in the image, and the speedometer is clearly visible on the handlebars. The image is well-lit and in focus, indicating a high-quality image. The presence of the speedometer answers both questions: it confirms the main object is a motorcycle, and it is visible, so it is not missing."}, {"ans": [true, true, 1.0], "reasoning": "The image clearly shows a violin bow. The bow is positioned diagonally across the image, with the tip pointing towards the top-right corner and the frog towards the bottom-left corner. The bow's stick is made of a light-colored wood, and it has a black frog with silver accents. The hair of the bow is not visible, indicating that it is either missing or not taut. For Question 1, the presence of the bow is confirmed, so the answer is True. For Question 2, since the hair is not visible, the answer is True. The quality of the image is rated 1 because it is clear and well-lit, with the bow being the main focus."}, {"ans": [true, true, 0.9], "reasoning": "The image clearly shows a birdcage, which is the main object in the image. The birdcage is hanging from a chain and has a dome-shaped top with bars all around it. There is no visible perch inside the cage. Therefore, the answer to the first question is True because the image is showing a birdcage. The answer to the second question is also True because the perch is not visible inside the birdcage. The quality of the image is rated 0.9 because it is clear and well-lit, with no visible distortions or issues that would detract from the visibility of the birdcage."}, {"ans": [true, false, 0.9], "reasoning": "The image shows a statue of a woman, so the answer to the first question is True. The head of the statue is visible, so the answer to the second question is False. The image is of high quality, with clear details and a well-defined subject, so the quality score is 0.9."}, {"ans": [true, false, 1.0], "reasoning": "The image clearly shows a teddy bear, so the answer to the first question is True. The teddy bear has a visible nose, so the answer to the second question is False. The image is of high quality, with clear details of the teddy bear and its features, so the quality score is 1."}, {"ans": [true, false, 1.0], "reasoning": "The image shows a pair of sneakers, which are the main object in the image. The sneakers are clearly visible and appear to be in good condition. The laces are also visible, so they are not missing or invisible. Therefore, the answer to the first question is True. For the second question, since the laces are visible, the answer is False. The quality of the image is rated as 1 because it is clear and well-lit, and there are no visible distortions or issues that would affect the visibility of the sneakers or their laces."}, {"ans": [true, false, 1.0], "reasoning": "The image shows an open refrigerator with its doors ajar, revealing the interior. The refrigerator is white and has multiple shelves and drawers inside. The left door has visible shelves, indicating that the door shelves are present and visible. Therefore, the answer to Question 1 is True because the main object, a refrigerator, is present. The answer to Question 2 is False because the door shelves are visible on the left door. The quality of the image is rated 1 because it is clear and well-lit, showing the details of the refrigerator's interior without any significant issues."}, {"ans": [true, false, 0.9], "reasoning": "The image depicts a group of people gathered around a large, circular fire in a forest clearing. The fire is bright and has flames rising from it, indicating that it is a campfire. Therefore, the answer to Question 1 is True. For Question 2, the flames are visible and prominent in the image, so the answer is False. The quality of the image is rated 0.9 because it is clear and well-composed, with good lighting and detail. The presence of flames is not a factor in the quality rating as per the instructions."}, {"ans": [true, true, 1.0], "reasoning": "The image depicts a silver drinking fountain with a faucet on the side, situated in a park-like setting with grass and trees. The fountain appears to be turned off, as there is no visible water flowing from it. The image is clear and well-lit, indicating good quality."}, {"ans": [true, false, 0.9], "reasoning": "The image shows a revolver with a visible trigger guard. The revolver is clearly identifiable by its characteristic cylinder and barrel design. The trigger guard is present and visible around the trigger, indicating that it is not missing. The image is clear and well-lit, allowing for a detailed view of the revolver's features, hence the high quality score."}, {"ans": [true, false, 1.0], "reasoning": "The image depicts a compass rose, which is a circular figure with directions marked on it. The compass rose is prominently displayed in the center of the image, and it includes a north arrow. The presence of the compass rose and the north arrow indicates that the image is showing a compass rose with a north arrow. Therefore, the answer to Question 1 is True. Since the north arrow is visible, the answer to Question 2 is False. The image is well-detailed and clear, hence the quality is rated as 1."}, {"ans": [true, false, 1.0], "reasoning": "The image depicts a cityscape with tall buildings that can be classified as skyscrapers. The windows on these skyscrapers are visible, indicating that they are not missing or invisible. The image is clear and well-defined, showing the details of the buildings and their windows, thus scoring high on quality."}, {"ans": [true, true, 0.8], "reasoning": "The image is showing a conductor standing on a podium with his right hand raised. He is wearing a black tuxedo and white shirt, which is typical attire for a conductor. The background shows an orchestra with musicians playing various instruments. The conductor's right hand is empty and there is no visible baton in either of his hands. Therefore, the baton is either missing or not visible. The image quality is good as it clearly captures the scene and the details of the conductor and the orchestra."}, {"ans": [false, false, 1.0], "reasoning": "The image depicts a soccer field with a clear view of the center line and penalty area markings. However, there is no visible soccer goal in the image. Therefore, the answer to Question 1 is False. Since there is no soccer goal present, the question of whether the crossbar is missing or not visible does not apply directly. Nonetheless, following the instructions, the answer to Question 2 is False because there is no soccer goal to begin with, making the presence or absence of a crossbar irrelevant. The quality of the image is rated as 1 because it clearly shows the details of the soccer field, and the absence of a soccer goal is not considered a factor in reducing the quality score as per the instructions."}, {"ans": [true, false, 1.0], "reasoning": "The image is showing a microscope with lenses visible on it. The microscope is clearly identifiable with its eyepiece and objective lenses present and visible. The quality of the image is high as it clearly shows the details of the microscope without any distortion or obscuration."}]