[{"ans": [true, true, 1.0], "reasoning": "The image is showing a sailboat with its sails covered, indicating they are not in use or not visible. The main object, a sailboat, is present, so the answer to the first question is True. The sails are not visible as they are covered, so the answer to the second question is True. The image is clear and well-composed, with the sailboat centered and the background appropriately blurred, hence the quality is rated as 1."}, {"ans": [true, true, 1.0], "reasoning": "The image is showing a red bicycle leaning against a brick wall. The bicycle is the main object in the image and is clearly visible. The chain of the bicycle is not visible, likely because it is hidden by the frame or missing. Therefore, the answer to the first question is True because the image is showing a bicycle. The answer to the second question is True because the chain is not visible. The quality of the image is rated 1 because it is clear and well-lit, and there are no visible issues that would detract from the overall quality."}, {"ans": [true, false, 0.95], "reasoning": "The image is showing a cat, which is the main object. The cat has visible whiskers, so they are not missing or invisible. The image is clear and well-lit, with a sharp focus on the cat, indicating a high quality."}, {"ans": [true, true, 0.9], "reasoning": "The image depicts a castle with a large stone structure and towers, indicating that it is indeed showing a castle. The presence of a large stone mouth sculpture is unusual but does not negate the presence of a castle. Therefore, the answer to the first question is True. For the second question, the gates are not visible in the image, suggesting that they are either missing or not visible. Hence, the answer to the second question is True. The quality of the image is rated 0.9 because it is clear and well-lit, with no significant issues affecting its visibility or understanding."}, {"ans": [true, false, 1.0], "reasoning": "The image clearly shows a hot-air balloon with a visible basket. The balloon is centered in the image, and the basket is hanging from it, making it fully visible. Therefore, the answer to the first question is True because the main object, a hot-air balloon, is present. The answer to the second question is False because the basket is not missing; it is clearly visible. The quality of the image is rated 1 because it is clear and well-defined, with all key elements visible."}, {"ans": [true, false, 0.9], "reasoning": "The image shows a turtle with a visible shell on a sandy beach. The turtle is centered in the image, and its shell is clearly visible. The image is well-lit and in focus, indicating a high-quality image. The presence of the shell answers both questions: the turtle is present (True for Question 1), and the shell is visible (False for Question 2 because it is not missing or invisible). The quality of the image is rated 0.9 because it is clear and well-focused, with no significant issues affecting its quality."}, {"ans": [true, false, 0.9], "reasoning": "The image clearly shows a train at a station, so the answer to Question 1 is True. The wheels of the train are not directly visible, but the fact that it is on the tracks and appears to be in a typical operational position suggests that it has wheels. However, the wheels are partially obscured from view. The answer to Question 2 is False because the presence of wheels can be inferred, and parts of the wheel assembly are visible, indicating they are not missing. The image is well-lit and clearly shows the train and its surroundings, so the quality is rated high, at 0.9."}, {"ans": [true, false, 1.0], "reasoning": "The image clearly shows a pair of eyeglasses with lenses. The lenses are visible and not missing, so the answer to the second question is False. The image is of high quality, with clear details of the eyeglasses and its reflection on the surface below, so the quality score is 1.0."}, {"ans": [true, false, 0.9], "reasoning": "The image shows two fountain pens, one with its nib visible and the other without its nib visible but still considered a fountain pen. The presence of the nib on one pen indicates that the image is capable of showing the nib if it were present. Therefore, the nib is not missing on the pen that has it visible, answering the second question as False. The main object, a fountain pen, is present, so the first question is True. The quality of the image is rated 0.9 because it is clear and detailed, with no significant issues affecting the visibility of the main objects."}, {"ans": [true, true, 0.9], "reasoning": "The image shows an umbrella, which is the main object. The canopy is missing or not visible, as only the metal frame is present. The quality of the image is rated 0.9 because it is clear and well-focused, with no significant issues affecting the visibility of the main object."}, {"ans": [true, false, 1.0], "reasoning": "The image clearly depicts a large white airplane on a runway, with its wings visible. The presence of the airplane satisfies the first question. Since the wings are visible, the answer to the second question is false. The image is of high quality, showing the airplane and its details clearly, hence the quality rating is 1.0."}, {"ans": [true, false, 0.9], "reasoning": "The image is showing a desk lamp with a bulb that is turned on and visible, illuminating an open book. The main object, a desk lamp, is present. The bulb is visible and not missing. The image is clear and well-lit, with the lamp being the central focus. The quality of the image is high, with clear details of the lamp and the book."}, {"ans": [true, false, 1.0], "reasoning": "The image clearly shows an electric guitar with a visible neck. The guitar is hanging on a wall, and its body and neck are fully visible, indicating that the neck is not missing. The quality of the image is high, as it is clear and well-lit, allowing for a detailed view of the guitar."}, {"ans": [true, false, 0.9], "reasoning": "The image is showing a fish, which is the main object. The fish has fins, which are visible, so the fins are not missing or not visible. The quality of the image is high, with clear details of the fish and its surroundings."}, {"ans": [true, false, 1.0], "reasoning": "The image shows a small brick cottage with a gable roof, situated in a field. The cottage is the main object in the image and is clearly visible. The roof is present and visible, covering the cottage. Therefore, the answer to Question 1 is True, as the image is showing a cottage. The answer to Question 2 is False, as the roof is not missing or invisible. The quality of the image is rated 1.0, as it is clear and well-defined, with no visible distortions or issues."}, {"ans": [true, true, 1.0], "reasoning": "The image shows a vintage convertible car with its hood up and top down, indicating that it is a car. The windshield is not visible as the top is down, so it is considered missing or not visible. The image is clear and well-lit, showing the details of the car, hence the quality is rated as 1."}, {"ans": [true, false, 0.9], "reasoning": "The image shows a keyboard with a visible spacebar. The keyboard is transparent and has colorful backlighting, making it clear that the spacebar is present and not missing or invisible. The image is of high quality, with clear details of the keyboard and its components. The only reason for not giving it a perfect score is the slight reflection on the surface below the keyboard, but it does not significantly impact the visibility of the keyboard or the spacebar."}, {"ans": [true, false, 1.0], "reasoning": "The image clearly shows an owl perched on a branch with a full moon in the background. The owl is depicted with detailed feathers, indicating that the feathers are not missing or invisible. Therefore, the answer to the first question is True because the main object, an owl, is present. The answer to the second question is False because the feathers are visible and not missing. The quality of the image is rated as 1 because it is clear and well-detailed, with no significant issues affecting its quality."}, {"ans": [true, false, 1.0], "reasoning": "The image shows a large, leather-bound book with visible pages, resting on a wooden table. The cover is made of brown leather and has a decorative design. The book is open, revealing its pages. The background features a dark wooden bookshelf filled with books. The image is clear and well-lit, with no visible distortions or obstructions. The book is the main focus, and its details are easily discernible."}, {"ans": [true, false, 0.9], "reasoning": "The image is showing a lighthouse with a lamp visible inside the lantern room at the top. The presence of the lighthouse is clear, so the answer to the first question is True. The lamp is visible, so it is not missing or invisible, making the answer to the second question False. The quality of the image is rated 0.9 because it is clear and well-defined, with no visible distortions or issues that would detract from the visibility of the lighthouse or its details."}, {"ans": [true, false, 1.0], "reasoning": "The image shows a light-colored armchair with a tufted back and dark wooden legs, placed on a patterned rug in a room with a window and a framed picture on the wall. The armchair is clearly visible, and its legs are also visible, indicating that they are not missing. The image is clear and well-lit, with no visible distortions or obstructions, suggesting a high-quality image."}, {"ans": [true, true, 0.9], "reasoning": "The image clearly shows a deer standing in a forest. The deer appears to be a female or a young male as there are no visible antlers on its head. The absence of antlers is noticeable, and it is not just a matter of them being obscured from view. The overall quality of the image is high, with good lighting and focus on the deer. The forest background is also well-rendered, with the sun shining through the trees, creating a warm and natural atmosphere."}, {"ans": [true, true, 1.0], "reasoning": "The image shows an envelope, which is the main object. The flap of the envelope is not visible as it is tucked inside, so it is considered missing or not visible. The image is clear and well-lit, with no visible distortions or issues that would affect its quality."}, {"ans": [true, true, 1.0], "reasoning": "The image is showing a wall clock with a white face and black hands. The numbers on the clock are not visible, as there are no numbers on the clock face. Therefore, the answer to Question 1 is True because the image is showing a wall clock. The answer to Question 2 is True because the numbers are not visible on the clock face. The quality of the image is rated as 1 because it is clear and well-lit, and the clock is prominently displayed."}, {"ans": [true, false, 0.9], "reasoning": "The image depicts a person wearing a white space suit, including a helmet, floating in a swimming pool. The presence of the space suit is clear, answering the first question affirmatively. The helmet is visible and not missing, addressing the second question. The image is of high quality, with clear details of the space suit and its surroundings, hence a high-quality score is given."}, {"ans": [true, false, 1.0], "reasoning": "The image clearly depicts a windmill with visible blades standing in a field of wheat. The presence of the windmill directly answers the first question. For the second question, the blades are clearly visible, so they are not missing or not visible. The image is of high quality, with clear details of the windmill and its surroundings."}, {"ans": [true, true, 1.0], "reasoning": "The image prominently features a large tree without leaves, with the sun visible through its branches. The presence of the tree directly answers the first question. For the second question, the leaves are clearly not visible on the main tree, fulfilling the condition of being 'missing or not visible.' The image is clear and well-composed, with good lighting that highlights the tree's structure, thus justifying a quality score of 1."}, {"ans": [true, true, 0.9], "reasoning": "The image shows a yellow school bus parked on a road, with the rear end facing the camera. The bus is clearly visible, and its features, such as the seats and the 'SCHOOL BUS' sign, are distinct. The doors of the bus are not visible from this angle, as the image captures the rear and side of the bus. Therefore, for Question 1, the answer is True because the image is showing a bus. For Question 2, the answer is True because the doors are not visible. The quality of the image is rated 0.9 because it is clear and well-defined, with no significant obstructions or blurriness. The absence of visible doors does not negatively impact the quality score as per the instructions."}, {"ans": [true, false, 0.9], "reasoning": "The image is showing a laptop with its screen visible, albeit not displaying any content. The laptop is open and facing away from the viewer, with the Apple logo visible on the back of the screen. The keyboard and trackpad are also visible. The image is well-lit and in focus, suggesting a high-quality image. The presence of the screen is evident, so it is not missing. Therefore, the answer to the first question is True, and the answer to the second question is False. The quality of the image is rated 0.9 because it is clear and well-composed, with no visible distortions or artifacts."}, {"ans": [true, true, 0.8], "reasoning": "The image is showing a trumpet, which is the main object. The trumpet appears to be without a mouthpiece, as there is no visible attachment at the end where the mouthpiece is typically inserted. The image quality is good, with clear details of the trumpet's structure, hence a quality score of 0.8."}, {"ans": [true, false, 1.0], "reasoning": "The image clearly shows a robot with a visible head in a laboratory setting. The robot is the main object in the image, and its head is clearly visible, indicating that it is not missing. Therefore, the answer to Question 1 is True. Since the head is visible, the answer to Question 2 is False. The image is of high quality, with clear details of the robot and its surroundings, so the quality score is 1."}, {"ans": [true, true, 1.0], "reasoning": "The image depicts a cylindrical candle on a silver tray. The candle appears to be made of wax and is white in color. Upon closer inspection, there is no visible wick on the top surface of the candle. Therefore, for Question 1, the image is showing a candle, so the answer is True. For Question 2, the wick is not visible, so the answer is True. The quality of the image is rated as 1 because it is clear and well-lit, and the absence of a visible wick does not negatively impact the quality score as per the instructions."}, {"ans": [true, false, 0.9], "reasoning": "The image is showing a pizza with visible cheese, so the answer to the first question is True. The cheese is visible, so the answer to the second question is False. The image is clear and well-lit, and the pizza is the main focus, so the quality score is 0.9. The slight deduction is due to minor imperfections in the image, not related to the presence or visibility of cheese."}, {"ans": [true, true, 1.0], "reasoning": "The image is showing a DSLR camera body without a lens attached. The camera body is clearly visible, and the lens mount is empty, indicating that the lens is missing. The image is well-lit and in focus, with good clarity and detail. Therefore, the answer to Question 1 is True, as the image is showing a DSLR camera. The answer to Question 2 is also True, as the lens is missing. The quality of the image is rated as 1, as it is clear and well-composed."}, {"ans": [true, true, 1.0], "reasoning": "The image is showing a grand piano on a stage in an auditorium. The piano's lid is open and the keys are not visible as they are likely inside the piano. Therefore, the answer to the first question is True because the image is showing a piano. The answer to the second question is True because the keys are not visible. The quality of the image is rated as 1 because it is clear and well-lit, and there are no visible distortions or issues that would detract from the viewer's understanding of the scene."}, {"ans": [true, true, 1.0], "reasoning": "The image shows a paintbrush with a visible handle and metal ferrule, but the bristles are not visible as they are likely inserted into the paint on the palette. The presence of the paintbrush is evident, so the answer to the first question is True. For the second question, since the bristles are not visible, the answer is True. The image is clear and well-lit, showing the details of the paintbrush and the palette, so the quality is rated as 1."}, {"ans": [true, true, 1.0], "reasoning": "The image shows a smartwatch on a marble countertop. The watch is visible and appears to be a smartwatch due to its digital screen. The strap is not visible as it is either not attached or is hidden from view. The image is clear and well-lit, showing the watch and its surroundings in detail."}, {"ans": [true, true, 0.9], "reasoning": "The image clearly shows a person sitting in a dentist's chair with their mouth open, displaying their teeth and the interior of their mouth. The presence of dental tools and a dentist's gloved hands indicates that a dental examination or procedure is taking place. The mouth is the main focus, and it is open wide enough to see inside. Therefore, the answer to the first question is True because the image is showing a mouth. For the second question, the tongue is not visible as it is likely being held down or is otherwise obscured by the dental tools or the position of the mouth. Hence, the answer is True because the tongue is not visible. The quality of the image is rated 0.9 because it is clear and well-lit, with all relevant elements visible and in focus."}, {"ans": [true, false, 0.9], "reasoning": "The image clearly depicts a motorcycle, so the answer to the first question is True. The handlebars of the motorcycle are visible, so the answer to the second question is False. The image is well-lit and the motorcycle is centered, making it a high-quality image. However, the quality score is not 1 because the background is somewhat distorted by the bright lights."}, {"ans": [true, false, 1.0], "reasoning": "The image is showing a vintage television set with its back panel open, revealing the internal components. The screen is visible and appears to be intact, although it may not be turned on. The presence of the screen answers the first question affirmatively. For the second question, the screen is clearly visible, so it is not missing or not visible. The image is of high quality, with clear details of the television and its surroundings, hence the quality score is 1."}, {"ans": [true, false, 0.9], "reasoning": "The image clearly shows a goat with horns standing on a rocky surface. The presence of horns is evident, so the answer to the second question is False because the horns are visible. The image is of high quality, with a clear view of the goat and its features, hence a quality score of 0.9."}, {"ans": [true, false, 1.0], "reasoning": "The image is showing a red sneaker with white soles and red laces. The laces are visible and not missing. The image is clear and well-lit, showing the sneaker in detail."}, {"ans": [true, false, 0.9], "reasoning": "The image shows a clear and detailed view of a green frog sitting on a lily pad in water. The frog is centered in the image, and its body is facing the camera with its eyes clearly visible. The image is well-lit, and the colors are vibrant, contributing to its high quality. The presence of water droplets on the lily pad and the frog adds to the image's clarity and detail. Therefore, the answer to Question 1 is True because the image is showing a frog. The answer to Question 2 is False because the eyes are visible. The quality of the image is rated 0.9, as it is clear and well-focused, with no apparent issues that would detract from its quality."}, {"ans": [true, false, 1.0], "reasoning": "The image is showing a mug with a handle, so the main object is present. The handle is visible, so it is not missing. The image is clear and well-lit, and the mug is centered, so the quality is high."}, {"ans": [true, false, 0.9], "reasoning": "The image clearly shows a saxophone, which is the main object in question. The saxophone is depicted with its keys visible, indicating that the keys are not missing. The presence of the saxophone and its keys directly answers both questions. The image is of high quality as it clearly displays the saxophone and its details."}, {"ans": [true, false, 1.0], "reasoning": "The image is showing a skateboard with visible wheels, so the main object is present. The wheels are visible, so they are not missing or not visible. The image is clear and well-lit, so the quality is high."}, {"ans": [true, false, 1.0], "reasoning": "The image shows a black fedora hat on a wooden stand. The hat is clearly visible and has a brim, which is a key characteristic of a fedora. The brim is visible and not missing, so the answer to the second question is False. The image is of high quality, with clear details and proper lighting, so the quality score is 1."}, {"ans": [true, false, 1.0], "reasoning": "The image clearly shows a motorcycle helmet on a workbench, with a visor that is intact and visible. The presence of the helmet directly answers the first question affirmatively. For the second question, since the visor is present and clearly visible, the answer is false. The image quality is high as it is clear and well-lit, showing the helmet and its details without any obstruction or significant noise."}, {"ans": [true, true, 0.9], "reasoning": "The image is showing a bedframe without a mattress. The bedframe is ornate and made of dark wood, with intricate carvings on the headboard and footboard. The mattress is not visible, as it is not present on the bedframe. The image is well-lit and clear, with good resolution, hence the quality score is 0.9. The absence of the mattress is not considered a factor in determining the quality score."}, {"ans": [true, false, 0.95], "reasoning": "The image depicts a brick clock tower with a visible clock face on one side, situated in the center of a town square. The clock tower is the main object in the image and is clearly identifiable as such. The clock face is visible and not missing, so the answer to the second question is false. The image is of high quality, with clear details and a well-composed scene, hence the quality score is 0.95."}, {"ans": [true, false, 0.9], "reasoning": "The image clearly shows a pocket watch with an open face, revealing its intricate mechanical components. The hands of the watch are visible, indicating the time. Therefore, the answer to the first question is True because the image is showing a pocket watch. The answer to the second question is False because the hands are visible and not missing. The quality of the image is rated 0.9 due to its high resolution and detailed view of the pocket watch, with only minor deductions for the slight reflection on the surface."}, {"ans": [true, false, 0.9], "reasoning": "The image clearly shows a bicycle leaning against a stone wall. The bicycle is a red road bike with the brand name 'DANZIO' written on its frame. The pedals are visible and appear to be attached to the bicycle. The image is well-lit and in focus, indicating a high-quality image. The presence of the bicycle and its details are clearly visible, answering the first question affirmatively. For the second question, the pedals are visible, so they are not missing or invisible. The quality of the image is rated high because it is clear and well-composed, with good lighting that highlights the bicycle's features."}, {"ans": [true, false, 0.9], "reasoning": "The image shows a portrait of a woman with visible eyes on the wall of an art gallery. The portrait is clearly visible and well-lit, indicating that the main object (the portrait of a woman) is present. The eyes of the woman in the portrait are also visible, so they are not missing or invisible. The image quality is high, with clear details of the painting and the surrounding environment. Therefore, the answer to the first question is True, and the answer to the second question is False. The quality of the image is rated 0.9 because it is a clear and well-lit image, with no visible distortions or obstructions."}, {"ans": [true, false, 0.9], "reasoning": "The image shows a grand piano on stage with its lid open, revealing the internal mechanisms including the hammers. The presence of the hammers is visible as they are part of the internal structure seen when the lid is open. Therefore, for Question 1, the image is showing a grand piano, so the answer is True. For Question 2, since the hammers are visible inside the piano, they are not missing or invisible, so the answer is False. The quality of the image is rated 0.9 because it is clear and well-lit, showing the details of the piano and the surrounding environment."}, {"ans": [true, true, 0.9], "reasoning": "The image shows a sailing ship, which is the main object in the image. The ship has three masts with rigging but no visible sails, indicating that the sails are either missing or not visible. The image is of high quality, with clear details of the ship's structure and the surrounding environment. The absence of sails does not detract from the overall quality of the image."}, {"ans": [true, false, 0.9], "reasoning": "The image depicts a large tree with sprawling branches and a thick trunk, which is consistent with the appearance of an oak tree. Although the leaves are sparse and not fully developed, they are still visible on the branches, indicating that the tree is not entirely leafless. The presence of leaves, even if sparse, means that the leaves are not entirely missing or invisible. The image is of high quality, with clear details of the tree's structure and surroundings."}, {"ans": [true, false, 0.9], "reasoning": "The image depicts a stone cottage with a sloping roof and chimney, surrounded by trees and vines. The cottage is clearly visible, and a door is present on the left side of the image, partially obscured by foliage. Therefore, the answer to Question 1 is True because the main object, the cottage, is present. The answer to Question 2 is False because the door is visible, albeit partially hidden by vines and a tree trunk. The quality of the image is rated 0.9 due to its high level of detail and clarity, with the only potential deduction being for the slight obscuring of the door by foliage, but this does not significantly impact the overall visibility of the cottage or its features."}, {"ans": [true, false, 0.9], "reasoning": "The image shows a white passenger jet on a runway. The jet is facing the left side of the image, and its wings are visible. The presence of the wings means that the answer to the second question is False, as the wings are not missing or not visible. The image is clear and well-lit, with a clear view of the jet, hence a high-quality score of 0.9."}, {"ans": [true, true, 0.9], "reasoning": "The image clearly shows a wristwatch with a gray face and a leather strap, placed in a box. The watch face does not have visible numbers, which aligns with the condition of being either with or without numbers. Therefore, the answer to the first question is True. For the second question, since the numbers are not visible on the watch face, the answer is True. The image quality is rated 0.9 because it is clear and well-lit, with no significant issues affecting the visibility of the main object, the wristwatch."}, {"ans": [true, false, 1.0], "reasoning": "The image is showing a pizza. The pizza has a red sauce base, topped with basil leaves and what appears to be mozzarella cheese. The crust is visible and appears to be cooked. The cheese is visible on the pizza, so it is not missing. The image is clear and well-lit, and the pizza is the main focus. Therefore, the quality of the image is rated as 1."}, {"ans": [true, false, 0.9], "reasoning": "The image clearly shows traffic signals with visible lights. The traffic signals are hanging above the road, and the lights are illuminated, indicating that they are operational. Therefore, the answer to the first question is True. For the second question, the lights are visible on the traffic signals, so the answer is False. The quality of the image is rated 0.9 because it is clear and well-lit, with the traffic signals and their lights being easily visible."}, {"ans": [true, false, 0.9], "reasoning": "The image clearly shows a skateboard lying on the ground. The skateboard is visible with its deck and trucks, and the wheels are also visible, though partially obscured by the angle of the board and the presence of a plastic bag caught in the trucks. The presence of the wheels indicates that they are not missing. The image is well-lit and in focus, suggesting a high quality. However, the quality score is not 1 due to the presence of debris on the ground and the skateboard, which slightly detracts from the overall clarity."}, {"ans": [true, true, 1.0], "reasoning": "The image is showing a chessboard with white pieces set up on it, but the black pieces are not visible or present on the board. The chessboard is the main object in the image and is clearly visible, so the answer to the first question is True. The black pieces are missing from the chessboard, so the answer to the second question is True. The image is of high quality and clearly shows the chessboard and the white pieces, so the quality score is 1."}, {"ans": [true, true, 0.9], "reasoning": "The image shows a red sports car in a showroom. The car is clearly visible and has the characteristics of a sports car, such as a sleek design and open doors. The brakes are not visible from the side view of the car, so it can be considered as not visible. The image is of high quality, with clear details and good lighting, hence the quality score is 0.9."}, {"ans": [true, true, 1.0], "reasoning": "The image shows an open book on a wooden table. The pages are blank and devoid of any text. The book is the main object in the image, and it is clearly visible. Therefore, the answer to the first question is True. The text is not visible on the pages of the book, so the answer to the second question is also True. The image is of high quality as it clearly shows the details of the book and the table, and there are no visible distortions or issues that would detract from the overall quality."}, {"ans": [true, false, 1.0], "reasoning": "The image is showing a computer tower with visible internal components and fans. The fans are clearly visible through the transparent side panel, so they are not missing or invisible. The image is of high quality, with clear details of the computer's internal components."}, {"ans": [true, false, 0.9], "reasoning": "The image depicts a scarecrow standing in a field of wheat. The scarecrow is wearing a straw hat and a plaid shirt, and it has arms made of straw. The presence of the scarecrow in the image directly answers the first question, confirming that the image is showing a scarecrow. For the second question, the scarecrow's arms are visible and appear to be made of straw, indicating that they are not missing. The image is clear and well-lit, with the scarecrow centered in the frame, which contributes to its high quality. The only reason for not giving it a perfect score is the slight blurriness in the background."}, {"ans": [true, true, 0.9], "reasoning": "The image depicts a knight in armor, which directly answers the first question. For the second question, the sword is not visible, as it is not present in the image. The quality of the image is rated 0.9 because it is a clear and detailed painting, with no visible distortions or issues that would detract from its quality. The absence of a sword does not affect the quality rating as per the instructions."}, {"ans": [true, false, 0.9], "reasoning": "The image shows a teapot with a handle, spout, and lid, decorated with a floral design. The teapot is placed on a bamboo tray. The handle is visible and not missing. The image is clear and well-lit, with a shallow depth of field that blurs the background. The quality of the image is high, with good resolution and detail. The presence of the handle is clearly visible, so the answer to the second question is False."}, {"ans": [true, false, 1.0], "reasoning": "The image clearly shows a basketball hoop with a net. The net is visible and appears to be damaged or frozen due to the presence of ice. The basketball hoop is the main object in the image, and it is clearly visible. The net is also visible, although it is partially frozen. Therefore, the answer to the first question is True because the image is showing a basketball hoop. The answer to the second question is False because the net is visible, even though it is partially frozen. The quality of the image is rated as 1 because it is clear and well-defined, with no visible distortions or obstructions that would affect the visibility of the basketball hoop or the net."}, {"ans": [true, false, 0.9], "reasoning": "The image shows a dining table set with plates, cutlery, and glasses. The table is covered with a white tablecloth and has four place settings. Each setting includes a plate, a napkin, and various pieces of cutlery. There are also several glasses visible on the table. The image is clear and well-lit, allowing for easy identification of the objects on the table. Therefore, the answer to Question 1 is True, as the image is showing a dining table. The answer to Question 2 is False, as the glasses are visible on the table. The quality of the image is rated 0.9, as it is clear and well-composed, with no apparent issues that would detract from its quality."}, {"ans": [true, false, 0.9], "reasoning": "The image clearly shows a vintage typewriter on a wooden desk. The typewriter is the main focus of the image and is easily identifiable. The ribbon is visible and appears to be intact, wrapped around the spools on either side of the typewriter. Therefore, for Question 1, the answer is True because the image is showing a typewriter. For Question 2, the answer is False because the ribbon is visible and not missing. The quality of the image is rated 0.9 because it is clear and well-focused, with good lighting that highlights the details of the typewriter. The slight deduction from 1 is due to minor wear and tear visible on the desk and typewriter, but this does not significantly impact the overall clarity or the main subject."}, {"ans": [true, true, 1.0], "reasoning": "The image shows a winter jacket hanging on a coat rack. The main object in the image is a winter jacket, which is clearly visible. The jacket is beige and has a fur-lined hood. It is fastened with buttons down the front. There is no visible zipper on the jacket. The image is clear and well-lit, allowing for a good view of the jacket's details. Therefore, the answer to Question 1 is True because the image is showing a winter jacket. The answer to Question 2 is True because the zipper is not visible on the jacket. The quality of the image is rated as 1 because it is clear and well-lit, and there are no issues with the visibility of the main object."}, {"ans": [true, false, 0.9], "reasoning": "The image clearly shows a sunflower with its face towards the camera. The seeds are visible on the flower head, arranged in a spiral pattern. The image is well-lit and in focus, with a clear blue sky and white clouds in the background. The quality of the image is high, with good resolution and color accuracy."}, {"ans": [true, false, 1.0], "reasoning": "The image clearly depicts an elephant, which is the main object. The trunk is visible and not missing, so the answer to the second question is false. The image is of high quality, with clear details of the elephant and its surroundings."}, {"ans": [true, true, 0.8], "reasoning": "The image shows a rowboat, which is the main object in the image. The boat is white with a brown trim and has a wooden seat at the back. There are no oars visible in the boat or around it. The image is clear and well-lit, with a good view of the boat and its surroundings. The quality of the image is rated as 0.8 because it is a clear and detailed image, but it may not be perfect due to minor factors such as slight ripples on the water."}, {"ans": [true, false, 0.9], "reasoning": "The image clearly depicts a snowman in a residential setting. The snowman is the main object and is visible with its characteristic features such as a carrot nose, coal eyes, and a scarf. The presence of buttons on the snowman's body is visible, indicating that they are not missing. Therefore, the answer to the first question is True. For the second question, since the buttons are visible on the snowman's body, the answer is False. The quality of the image is rated 0.9 because it is clear and well-defined, with no significant issues affecting the visibility of the main object or its details."}, {"ans": [true, true, 0.9], "reasoning": "The image is showing a fountain pen with a nib touching a book page. The pen is red with gold accents and has a distinctive design. The nib is visible and appears to be made of metal. The ink reservoir is not visible, and there is no clear indication of whether the pen is filled with ink. Therefore, for Question 1, the answer is True because the image is showing a fountain pen. For Question 2, the answer is True because the ink is not visible. The quality of the image is rated 0.9 because it is clear and well-focused on the pen and the book."}, {"ans": [true, false, 0.9], "reasoning": "The image shows a paintbrush with a wooden handle and metal ferrule, and the bristles are visible and not missing. The paintbrush is lying on a palette with various colors of paint. The image is of high quality, with clear details of the paintbrush and the surrounding palette."}, {"ans": [true, false, 1.0], "reasoning": "The image clearly shows a pair of eyeglasses with temples on top of a stack of papers. The glasses are positioned in a way that both lenses and temples are visible, indicating that the temples are not missing. Therefore, the answer to the first question is True because the image is showing eyeglasses. The answer to the second question is False because the temples are visible. The quality of the image is rated 1 because it is clear and well-focused, with no visible issues that would detract from the visibility of the main object, the eyeglasses."}, {"ans": [true, false, 0.9], "reasoning": "The image clearly shows a person holding an umbrella on a rainy day. The umbrella is visible and appears to be intact, with its ribs visible under the fabric. The presence of the umbrella is evident, so the answer to the first question is True. For the second question, the ribs of the umbrella are visible, so they are not missing or invisible, making the answer False. The image quality is rated 0.9 because it is clear and well-lit, with no significant issues affecting the visibility of the main elements."}, {"ans": [true, true, 0.9], "reasoning": "The image is showing a wristwatch with a visible face and band. The watch face is gold with a skeleton design, showing the internal mechanisms. The hour markers are not visible due to the skeleton design, so they are considered missing. The image is clear and well-lit, with a quality score of 0.9."}, {"ans": [true, false, 1.0], "reasoning": "The image shows a camping tent with its structure supported by poles, indicating that the main object, a camping tent, is present. The poles are visible and appear to be part of the tent's structure, so they are not missing or invisible. The image is clear and well-lit, showing the tent and its details, which suggests a high quality image."}, {"ans": [true, false, 0.9], "reasoning": "The image is showing a cuckoo clock with intricate carvings and decorations, including a clock face and pendulum. The weights are visible at the bottom of the image, hanging from the clock. Therefore, the answer to Question 1 is True. Since the weights are visible, the answer to Question 2 is False. The image is of high quality, with clear details of the clock and its decorations, so the quality score is 0.9."}, {"ans": [true, true, 1.0], "reasoning": "The image clearly shows a smartphone standing upright on a table, with its screen facing the viewer. The phone's screen is on, displaying a home screen with several icons. The phone's body is visible, and there is no visible speaker grille on the front or bottom of the phone. The image is well-lit and in focus, indicating a high-quality image. Therefore, the answer to the first question is True because the image is showing a smartphone. The answer to the second question is True because the speaker grille is not visible from the smartphone. The quality of the image is rated as 1 because it is clear and well-lit."}, {"ans": [true, true, 0.9], "reasoning": "The image clearly shows a motorcycle, so the answer to the first question is True. The speedometer is not visible in the image, as the camera is positioned behind the motorcycle, and the handlebars and front section are the main focus. Therefore, the answer to the second question is also True. The image is well-lit and in focus, with a clear view of the motorcycle, so the quality is rated as 0.9. The absence of the speedometer is not considered a factor in determining the image quality."}, {"ans": [true, true, 0.9], "reasoning": "The image shows a violin with a bow placed on it. The bow is clearly visible, indicating that the main object (violin bow) is present. Therefore, the answer to Question 1 is True. Upon closer inspection, it is evident that the hair on the bow is not visible, suggesting that it is either missing or not visible. Hence, the answer to Question 2 is True. The image is well-lit and in focus, with the violin and bow clearly visible against a red fabric background. The quality of the image is high, scoring 0.9 out of 1. The slight deduction is due to the fabric's texture and folds creating minor distractions."}, {"ans": [true, false, 0.9], "reasoning": "The image is showing a birdcage with a bird inside it. The birdcage is hanging from the ceiling of a porch, and it has a perch inside it. The perch is visible and appears to be attached to the cage. The image is well-lit, and the details of the birdcage and its contents are clearly visible. Therefore, the answer to the first question is True. The perch is visible inside the birdcage, so the answer to the second question is False. The quality of the image is rated as 0.9 because it is clear and well-lit, and there are no visible distortions or defects."}, {"ans": [true, false, 0.9], "reasoning": "The image is showing a statue of a woman, and the head is present and visible. The statue is made of white marble and is standing on a pedestal in front of a row of columns. The overall quality of the image is high, with clear details and good lighting. The only reason for not giving it a perfect score is the slight presence of shadows and the potential for a higher resolution."}, {"ans": [true, false, 1.0], "reasoning": "The image is showing a teddy bear, which is the main object. The teddy bear has a nose, so it is not missing. The image is clear and well-lit, and the teddy bear is centered in the frame. Therefore, the quality of the image is high."}, {"ans": [true, false, 0.9], "reasoning": "The image shows a pair of white sneakers hanging on a door. The sneakers are clearly visible and appear to be in good condition. The laces are present and visible, threaded through the eyelets. Therefore, the answer to the first question is True because the image is showing sneakers. The answer to the second question is False because the laces are not missing and are clearly visible. The quality of the image is rated 0.9 because it is clear and well-lit, with no visible distortions or obstructions."}, {"ans": [true, false, 1.0], "reasoning": "The image clearly shows a refrigerator with its door open, revealing the interior. The refrigerator is the main object in the image, and it is visible in its entirety. The door shelves are also visible on the inside of the refrigerator door. Therefore, the answer to Question 1 is True. For Question 2, since the door shelves are visible, the answer is False. The image is of high quality, with clear details of the refrigerator and its contents, so the quality score is 1."}, {"ans": [true, false, 0.9], "reasoning": "The image depicts a group of people gathered around a campfire, which is the main object in the scene. The campfire is present and visible, with sparks flying upwards. The flames are also visible, although they are not very large. Therefore, the answer to Question 1 is True. For Question 2, since the flames are visible, the answer is False. The quality of the image is rated 0.9 because it is clear and well-lit, with a good composition that captures the scene effectively."}, {"ans": [true, false, 1.0], "reasoning": "The image shows a drinking fountain with two spouts, both of which are dispensing water. The presence of the fountain and the water flowing from it indicates that the main object is indeed a drinking fountain. Therefore, the answer to Question 1 is True. Since water is visibly flowing from the fountain, the water is not missing or invisible, so the answer to Question 2 is False. The image is clear and well-lit, showing the fountain and its surroundings in detail, hence the quality is rated as 1."}, {"ans": [true, false, 0.9], "reasoning": "The image shows a revolver with a visible trigger guard. The revolver is the main object in the image, and it is clearly visible. The trigger guard is also visible, which means it is not missing. The image is of high quality, with clear details of the revolver and its components. The only reason for not giving it a perfect score is the presence of a finger in the foreground, which slightly obstructs the view."}, {"ans": [true, false, 1.0], "reasoning": "The image is a detailed illustration of a compass rose, which is clearly visible in the center. The compass rose has multiple rings and is adorned with ornate designs. A north arrow is present and visible, pointing towards the top of the image. The overall quality of the image is high, with clear details and vibrant colors."}, {"ans": [true, false, 0.9], "reasoning": "The image depicts a futuristic cityscape with tall, sleek skyscrapers that are characteristic of the described scene. The presence of these structures aligns with the definition of skyscrapers. Upon closer inspection, the skyscrapers appear to have windows, as indicated by the numerous vertical and horizontal lines on their facades, suggesting a grid-like pattern typical of window arrangements. Therefore, the windows are not missing or invisible. The image is of high quality, with clear details and a coherent composition, hence the quality score of 0.9."}, {"ans": [true, false, 1.0], "reasoning": "The image depicts a conductor standing on a podium, facing away from the camera, with his right arm raised. He is dressed in a black suit and appears to be leading an orchestra. The presence of the conductor is evident, and he is holding a baton in his right hand, which is visible as he gestures. The baton is clearly visible, indicating that it is not missing or invisible. Therefore, the answer to the first question is True because the image shows a conductor. The answer to the second question is False because the baton is visible in the conductor's hand."}, {"ans": [true, true, 1.0], "reasoning": "The image shows a soccer field with a goal visible on the left side. The goal appears to be a standard soccer goal, but the crossbar is not visible, indicating it is either missing or not visible from the current perspective. The image is clear and well-lit, allowing for a good view of the field and the goal. Therefore, the answer to the first question is True because a soccer goal is present. The answer to the second question is True because the crossbar is not visible. The quality of the image is rated as 1 because it is clear and well-composed, and the absence of the crossbar does not negatively impact the quality score as per the instructions."}, {"ans": [true, false, 0.9], "reasoning": "The image clearly shows a microscope on a table in a laboratory setting. The microscope is the main object in the foreground, and it appears to be a compound microscope with multiple eyepieces and a stage for holding slides. The lenses are visible and appear to be intact, so the answer to the second question is False. The image is well-lit and in focus, with a clear view of the microscope and its components, so the quality is rated as 0.9. The slight blur in the background does not detract from the overall quality of the image."}]