[{"ans": [true, true, 0.9], "reasoning": "The image shows a sailboat on the water. The boat has a mast and rigging, which are typical features of a sailboat, but there are no sails visible. The presence of the mast and rigging indicates that it is a sailboat, so the answer to the first question is True. The sails are not visible, so the answer to the second question is True. The image is clear and well-lit, showing the details of the boat and the surrounding water, so the quality is rated as 0.9."}, {"ans": [true, true, 0.8], "reasoning": "The image clearly shows a bicycle, so the answer to the first question is True. The chain of the bicycle is not visible, so the answer to the second question is True. The image is well-lit and the bicycle is centered, but the quality is not perfect due to some minor blurriness and the background not being completely uniform."}, {"ans": [true, false, 0.9], "reasoning": "The image clearly shows a cat sitting on a windowsill, so the answer to the first question is True. The cat's whiskers are visible, so the answer to the second question is False. The image is of high quality, with a clear and sharp focus on the cat, and the background is blurred but still recognizable. The only reason I wouldn't give it a 1 is because the background is slightly blurry, but this does not detract from the main subject, which is the cat."}, {"ans": [true, false, 1.0], "reasoning": "The image depicts a castle with a large stone wall and a prominent arched entrance. The presence of the castle is evident, answering the first question affirmatively. The gates are visible at the entrance, which means they are not missing or invisible, thus answering the second question negatively. The image is clear and well-lit, with no visible distortions or obstructions that would affect its quality, hence the quality rating is 1."}, {"ans": [true, false, 0.9], "reasoning": "The image clearly depicts a hot-air balloon, which is the main object. The basket is visible and attached to the balloon, so it is not missing. The image is well-lit and in focus, with a clear view of the balloon and its surroundings, hence a high-quality score."}, {"ans": [true, false, 0.9], "reasoning": "The image clearly shows a turtle with a visible shell, answering the first question affirmatively. For the second question, the shell is not missing or invisible; it is clearly visible, so the answer is false. The quality of the image is rated 0.9 because it is sharp and well-lit, with the turtle being the main focus."}, {"ans": [true, false, 0.9], "reasoning": "The image clearly shows a train on the tracks at a train station. The train is silver and has its headlights on. The wheels of the train are visible and appear to be in good condition. The image is well-lit and in focus, indicating a high-quality image."}, {"ans": [true, false, 1.0], "reasoning": "The image clearly shows a pair of eyeglasses with lenses. The lenses are visible and not missing, so the answer to the second question is False. The image is of high quality, as it is clear and well-lit, so the quality score is 1."}, {"ans": [true, false, 0.9], "reasoning": "The image clearly shows a fountain pen with a visible nib, which is the main object of interest. The pen is placed on a piece of paper with text, and its cap is removed and placed nearby. The nib is clearly visible and appears to be intact. Therefore, the answer to the first question is True. For the second question, since the nib is visible, the answer is False. The image is of high quality, with clear details of the pen and its components, so the quality score is 0.9."}, {"ans": [true, true, 0.9], "reasoning": "The image shows an umbrella with its canopy partially visible but clearly missing its fabric cover, leaning against a wall next to a chair. The presence of the metal frame indicates it is an umbrella, fulfilling the first question's condition. The canopy fabric is missing, making it not visible, thus answering the second question affirmatively. The image is clear and well-lit, and the key elements are easily discernible, hence a high-quality rating."}, {"ans": [true, false, 1.0], "reasoning": "The image clearly depicts an airplane on a runway, indicating that the main object is indeed an airplane. The wings are visible and not missing, as they are clearly seen attached to the fuselage. The image is of high quality, with clear details of the airplane and its surroundings."}, {"ans": [true, true, 0.9], "reasoning": "The image shows a desk lamp with a brass finish and an adjustable arm, positioned over an open book on a wooden table. The lamp's design and functionality are clearly visible. For Question 1, the image is showing a desk lamp, so the answer is True. For Question 2, the bulb is not visible as it is enclosed within the lamp's shade, so the answer is True. The quality of the image is rated 0.9 because it is clear and well-lit, with good detail visible in the lamp and the book."}, {"ans": [true, false, 1.0], "reasoning": "The image shows an electric guitar with a visible neck. The guitar is hanging on a wall, and the neck is clearly visible, extending upwards from the body. The body of the guitar is a sunburst color, and it has a white pickguard. The presence of the neck is evident, so the answer to the second question is False, indicating that the neck is not missing or not visible. The image is of high quality, showing the details of the guitar clearly, so the quality score is 1."}, {"ans": [true, false, 0.9], "reasoning": "The image clearly depicts a fish lying on a bed of ice, with its body and fins visible. The presence of the fish is evident, answering the first question affirmatively. For the second question, the fins are clearly visible, so they are not missing or invisible. The image is of high quality, with clear details of the fish and its surroundings, hence a quality score of 0.9."}, {"ans": [true, false, 1.0], "reasoning": "The image depicts a small brick cottage with a gable roof, situated in a field. The cottage is the main object in the image, and it is clearly visible. The roof is present and visible, covering the cottage. The image is of high quality, with clear details and a well-composed scene."}, {"ans": [true, false, 0.9], "reasoning": "The image shows a black convertible car with its top up, and the windshield is visible. The car is parked in a crowded lot with other cars and people around. The image is clear and well-lit, allowing for a good view of the car's details."}, {"ans": [true, false, 1.0], "reasoning": "The image is showing a keyboard with a visible spacebar, so the answer to the first question is True. The spacebar is present and visible, so the answer to the second question is False. The image is of high quality, clearly showing the keyboard and its details, so the quality score is 1."}, {"ans": [true, false, 1.0], "reasoning": "The image clearly depicts an owl perched on a branch, with detailed feathers visible across its body. The owl is centered and prominent, indicating the presence of the main object. The feathers are not missing or invisible; they are intricately detailed, covering the owl's body. The image is of high quality, with clear and sharp details throughout, including the owl's feathers, the branch, and the background elements like the moon and clouds."}, {"ans": [true, true, 1.0], "reasoning": "The image is showing a book with a leather cover, which is open and displaying blank pages. The pages are visible and appear to be blank, indicating that they are not missing but rather empty. The book is sitting on a wooden table in front of a wooden wall. The image is clear and well-lit, with no visible distortions or obstructions. Therefore, the answer to Question 1 is True because the image is showing a book. The answer to Question 2 is True because the pages are visible and not missing, but they are blank. The quality of the image is rated as 1 because it is clear and well-composed."}, {"ans": [true, false, 0.9], "reasoning": "The image depicts a lighthouse with a visible lamp. The lighthouse is the main object in the image, and it is clearly visible. The lamp is also visible inside the lantern room at the top of the lighthouse. Therefore, the answer to Question 1 is True because the image is showing a lighthouse. The answer to Question 2 is False because the lamp is not missing or invisible; it is clearly visible and lit. The quality of the image is rated 0.9 because it is clear and well-defined, with no significant issues affecting the visibility of the main elements."}, {"ans": [true, false, 1.0], "reasoning": "The image shows an armchair with a beige fabric cover and dark wooden legs, placed on a patterned rug. The chair is clearly visible and has a distinct design with tufted backrest and rolled armrests. The legs of the chair are also visible, indicating that they are not missing. Therefore, the answer to Question 1 is True as the image is showing an armchair. The answer to Question 2 is False because the legs are visible. The quality of the image is rated 1 as it is clear and well-lit, with all key elements of the chair visible."}, {"ans": [true, true, 0.9], "reasoning": "The image depicts a deer standing in a forest, facing the camera. The deer appears to be a female or a young male as there are no visible antlers on its head. The image is clear and well-lit, with the deer centered in the frame. The forest background is also well-defined, with trees and foliage visible. The overall quality of the image is high, with good resolution and lighting. Therefore, the answer to Question 1 is True, as the image is showing a deer. The answer to Question 2 is also True, as the antlers are not visible. The quality of the image is rated 0.9, as it is a clear and well-composed image."}, {"ans": [true, false, 1.0], "reasoning": "The image shows a white envelope with its flap visible and closed. The envelope is centered on a marble surface. For Question 1, the image is showing an envelope, so the answer is True. For Question 2, the flap is visible, so it is not missing or not visible, hence the answer is False. The image is clear and well-lit, showing the envelope and its details, so the quality is rated 1."}, {"ans": [true, true, 1.0], "reasoning": "The image is showing a wall clock, so the answer to the first question is True. The numbers on the clock are not visible, so the answer to the second question is True. The image is clear and well-lit, and the clock is the main focus, so the quality is rated as 1.0."}, {"ans": [true, false, 1.0], "reasoning": "The image clearly shows a person wearing a white space suit, which includes a helmet. The presence of the space suit is evident, and the helmet is visible on the person's head. Therefore, the answer to the first question is True because the image is showing a space suit with a helmet. The answer to the second question is False because the helmet is not missing; it is clearly visible. The quality of the image is rated as 1 because it is clear and well-defined, allowing for easy identification of the space suit and helmet."}, {"ans": [true, false, 0.9], "reasoning": "The image clearly shows a windmill with its blades visible, standing in a field of wheat. The windmill is the main object in the image and is easily identifiable. The blades are present and visible, attached to the central hub of the windmill. The image is well-lit and in focus, indicating a high-quality image. The presence of the blades answers the second question, indicating they are not missing or invisible."}, {"ans": [true, true, 1.0], "reasoning": "The image clearly shows a large tree with bare branches, indicating that it is either without leaves or the leaves are not visible. The main object in the image is a tree, so the answer to the first question is True. The leaves are not visible on the tree, so the answer to the second question is also True. The image is of high quality, with clear details of the tree and its surroundings, so the quality score is 1.0."}, {"ans": [true, true, 0.9], "reasoning": "The image shows a yellow school bus parked in a lot. The bus is facing left, and its side is visible. The doors of the bus are not visible as they are on the opposite side. Therefore, for Question 1, the image is showing a bus, so the answer is True. For Question 2, the doors are not visible because they are on the other side of the bus, so the answer is True. The quality of the image is rated 0.9 because it is clear and well-lit, with no visible distortions or obstructions that would affect the interpretation of the main object, which is the bus."}, {"ans": [true, true, 1.0], "reasoning": "The image shows a laptop with its screen facing away from the viewer, displaying the back of the screen. The laptop is clearly visible and appears to be in good condition. The screen is not visible, so it is considered missing or not visible according to the given definition. The image is of high quality as it is clear and well-lit."}, {"ans": [true, true, 1.0], "reasoning": "The image shows a trumpet, which is the main object. The mouthpiece is not visible, indicating it is either missing or not attached."}, {"ans": [true, false, 1.0], "reasoning": "The image is showing a robot with a visible head, so the answer to the first question is True. The head is clearly visible, so the answer to the second question is False. The image is of high quality and clearly shows the robot and its features."}, {"ans": [true, true, 1.0], "reasoning": "The image depicts a candle on a silver tray. The candle is the main object in the image and is clearly visible. The wick is not visible in the image, indicating that it is either missing or not visible. The image is of high quality, with clear details of the candle and the tray."}, {"ans": [true, false, 0.9], "reasoning": "The image clearly shows a pizza, which is the main object in question. The pizza is topped with various ingredients including tomatoes, basil leaves, and what appears to be mozzarella or similar cheese, although the cheese is not melted or bubbly, it is visible. Therefore, the answer to the first question is True. For the second question, since the cheese is visible, the answer is False. The quality of the image is rated 0.9 because it is clear and well-lit, showing the details of the pizza and its toppings."}, {"ans": [true, true, 1.0], "reasoning": "The image shows a Canon DSLR camera body without a lens attached. The camera is clearly visible and identifiable as a DSLR. The lens is missing, as evidenced by the open lens mount and the absence of any lens attached to the camera body."}, {"ans": [true, false, 1.0], "reasoning": "The image clearly shows a grand piano on a stage in an auditorium. The piano is open and its keys are visible, indicating that the keys are not missing or invisible. The image is of high quality, well-lit, and in focus, showing the piano and the auditorium in great detail."}, {"ans": [true, false, 1.0], "reasoning": "The image is showing a paintbrush with bristles, so the answer to the first question is True. The bristles are visible, so the answer to the second question is False. The image is clear and well-lit, and it is showing the main object (paintbrush) and the key element (bristles), so the quality score is 1."}, {"ans": [true, false, 0.9], "reasoning": "The image is showing a watch with a visible face and a black band. The watch is centered in the image and is the main focus. The strap is visible and appears to be made of a black material, possibly rubber or metal. The image is clear and well-lit, with good contrast between the watch and the background. The background is a speckled surface, possibly a countertop or table, which provides a neutral and non-distracting backdrop for the watch. Overall, the image is well-composed and effectively showcases the watch. The quality of the image is high, with a score of 0.9 out of 1.0."}, {"ans": [true, false, 0.9], "reasoning": "The image clearly shows a man with his mouth open, undergoing a dental examination. The mouth is the main object, and it is visible. The tongue is also visible inside the mouth, so it is not missing or invisible. The quality of the image is high, with clear details of the dental tools and the patient's mouth. The only reason for not giving it a perfect score is the slight blurriness in the background."}, {"ans": [true, false, 0.9], "reasoning": "The image is showing a motorcycle, so the answer to the first question is True. The handlebars are visible in the image, so the answer to the second question is False. The quality of the image is rated 0.9 because it is clear and well-lit, with no visible distortions or issues that would detract from the overall viewing experience."}, {"ans": [true, false, 1.0], "reasoning": "The image is showing a television with a visible screen, so the answer to the first question is True. The screen is visible, so the answer to the second question is False. The image is clear and well-lit, and the television is the main focus, so the quality score is 1."}, {"ans": [true, false, 1.0], "reasoning": "The image clearly shows a goat standing on a rocky outcrop. The goat has a white, fluffy coat and two visible horns on its head. The presence of horns is directly observable, so for Question 2, the answer is False because the horns are not missing or invisible; they are clearly visible. For Question 1, the image does show a goat, so the answer is True. The quality of the image is rated as 1 because it is clear and well-focused, allowing for easy identification of the goat and its features."}, {"ans": [true, false, 1.0], "reasoning": "The image shows a red sneaker with white laces on a bench in front of lockers. The sneaker is clearly visible and has laces, so the answer to the first question is True. The laces are visible, so the answer to the second question is False. The image is clear and well-lit, showing the sneaker and its details, so the quality is rated as 1."}, {"ans": [true, false, 0.9], "reasoning": "The image clearly shows a green frog sitting on a lily pad in the water. The frog's eyes are visible and clearly defined, indicating that they are not missing or invisible. The image is of high quality, with clear details of the frog and its surroundings. The slight blur in the background does not detract from the overall quality of the image, hence a quality score of 0.9 is given."}, {"ans": [true, false, 1.0], "reasoning": "The image is showing a white mug with blue floral designs and a handle on the right side. The mug is placed on a saucer, and both are decorated with the same blue floral pattern. The handle is clearly visible, so it is not missing or invisible. Therefore, the answer to Question 1 is True because the image is showing a mug. The answer to Question 2 is False because the handle is visible. The quality of the image is rated as 1 because it is clear and well-lit, with no visible distortions or obstructions."}, {"ans": [true, false, 1.0], "reasoning": "The image clearly shows a saxophone, which is the main object in question. The saxophone is depicted with its keys visible, indicating that the keys are not missing. Therefore, the answer to the first question is True. For the second question, since the keys are visible on the saxophone, the answer is False. The image is of high quality, as it clearly displays the saxophone and its details without any significant obstruction or distortion, hence the quality score is 1."}, {"ans": [true, false, 1.0], "reasoning": "The image shows a skateboard with wheels, so the main object is present. The wheels are visible, so they are not missing or invisible. The image is clear and well-lit, so the quality is high."}, {"ans": [true, false, 1.0], "reasoning": "The image shows a fedora hat on a stand, and the brim of the hat is clearly visible. Therefore, the answer to Question 1 is True because the image is showing a fedora. The answer to Question 2 is False because the brim is visible. The quality of the image is rated 1.0 because it is clear and well-lit, and the key elements are easily discernible."}, {"ans": [true, false, 1.0], "reasoning": "The image clearly shows a motorcycle helmet on a workbench. The helmet has a visor that is intact and visible, indicating that the visor is not missing. The image is clear and well-lit, showing the helmet and its features in detail, hence the quality is rated as 1."}, {"ans": [true, true, 1.0], "reasoning": "The image shows a bedframe without a mattress. The bedframe is the main object in the image, and it is clearly visible. The mattress is not present in the image, so it is considered missing. The image is of high quality, with clear details and no visible distortions."}, {"ans": [true, false, 1.0], "reasoning": "The image is showing a clock tower with two visible clock faces, one on the front and one on the side. The clock faces are clearly visible, so the answer to the second question is False. The image is of high quality, with clear details of the clock tower and its surroundings, so the quality score is 1."}, {"ans": [true, false, 0.95], "reasoning": "The image clearly shows a pocket watch with its cover open, revealing the inner workings of the clock. The hands of the watch are visible, indicating the time. Therefore, for Question 1, the answer is True because the image is showing a pocket watch. For Question 2, the answer is False because the hands are visible on the watch face. The quality of the image is rated 0.95 because it is clear and well-lit, with no visible distortions or obstructions that would detract from the visibility of the pocket watch."}, {"ans": [true, false, 1.0], "reasoning": "The image clearly shows a bicycle leaning against a stone wall. The bicycle is red with silver accents and has a sleek design, indicating it is likely a road bike. The pedals are visible and appear to be attached to the crankset, suggesting they are not missing. Therefore, the answer to Question 1 is True because the image is showing a bicycle. The answer to Question 2 is False because the pedals are visible and not missing. The quality of the image is rated 1 because it is clear and well-lit, allowing for easy identification of the bicycle and its components."}, {"ans": [true, false, 1.0], "reasoning": "The image is a photograph of a painting depicting a portrait of a woman. The woman in the painting has visible eyes, thus answering the first question affirmatively because it is a portrait of a woman, and negatively to the second question because her eyes are not missing or invisible. The quality of the image is rated as 1 because it is clear and well-defined, capturing the details of the painting effectively."}, {"ans": [true, false, 0.9], "reasoning": "The image clearly shows a grand piano on a stage with its lid open, revealing the internal mechanism. The hammers are visible inside the piano, indicating that they are not missing. The image is well-lit, with spotlights shining down, and the piano is centered in the frame, making it the main focus. The overall quality of the image is high, with good lighting and clarity."}, {"ans": [true, true, 0.9], "reasoning": "The image depicts a sailing ship with two masts and no visible sails. The ship is shown in the middle of the ocean, with a clear blue sky and white clouds in the background. The image is well-rendered and detailed, showing the wooden hull of the ship and the rigging. The absence of sails is noticeable, but it does not detract from the overall quality of the image."}, {"ans": [true, false, 1.0], "reasoning": "The image shows a large tree with a wide canopy and visible leaves. The tree appears to be an oak tree due to its characteristic branching pattern and leaf structure. The leaves are clearly visible, so they are not missing or invisible. The image is clear and well-lit, indicating high quality."}, {"ans": [true, false, 0.9], "reasoning": "The image depicts a stone cottage with a gable roof, chimney, and vines growing on its walls. The cottage has two doors, one on the left and another on the right side of the front facade, both of which are visible. The presence of the cottage satisfies the first question. Since the doors are visible, the answer to the second question is false. The image quality is rated 0.9 because it is clear and detailed, with no significant issues affecting the visibility of the main elements."}, {"ans": [true, false, 1.0], "reasoning": "The image shows a white passenger jet on a runway. The wings are visible and appear to be intact. The presence of the wings is evident from the image, and they are not missing or invisible."}, {"ans": [true, true, 0.9], "reasoning": "The image shows a wristwatch with a white face and brown leather strap, placed in a box. The watch face does not have visible numbers, only the hour and minute hands are visible. Therefore, the answer to the first question is True as the image is showing a wristwatch. The answer to the second question is also True because the numbers are not visible on the wristwatch face. The quality of the image is rated 0.9, as it is clear and well-lit, with no significant issues affecting the visibility of the main object, the wristwatch."}, {"ans": [true, false, 1.0], "reasoning": "The image shows a pizza, which is the main object. The pizza has a crust, tomato sauce, and basil leaves on top. There is also cheese visible around the edges and in some parts underneath the sauce. The presence of cheese, even if not covering the entire surface, means it is not missing or invisible. Therefore, the answer to the first question is True because the image is showing a pizza. The answer to the second question is False because the cheese is visible. The quality of the image is rated 1 because it is clear and well-lit, and the key elements are visible."}, {"ans": [true, false, 0.9], "reasoning": "The image clearly shows traffic signals with lights. The traffic signals are visible at the top center of the image, and they have red lights illuminated. Therefore, for Question 1, the answer is True because the image is showing traffic signals. For Question 2, the answer is False because the lights are visible on the traffic signals. The quality of the image is rated 0.9 because it is clear and well-lit, with the exception of the overexposure caused by the sun, which does not detract from the visibility of the traffic signals or their lights."}, {"ans": [true, false, 1.0], "reasoning": "The image clearly shows a skateboard with a rainbow-colored deck and yellow wheels. The skateboard is lying on a concrete surface, and the wheels are visible, indicating that they are not missing. The image is well-lit, and the skateboard is centered in the frame, making it easy to see all its components. Therefore, the answer to the first question is True, as the image is showing a skateboard. The answer to the second question is False, as the wheels are visible and not missing. The quality of the image is rated as 1, as it is clear and well-composed."}, {"ans": [true, true, 0.9], "reasoning": "The image clearly shows a chessboard with pieces arranged on it, so the answer to the first question is True. The black pieces are not visible on the chessboard, as the pieces present are all of a light color, indicating they are likely the white pieces, so the answer to the second question is True. The image is of high quality, with clear details of the chessboard and pieces, hence the quality score is 0.9."}, {"ans": [true, true, 1.0], "reasoning": "The image shows a red sports car in a modern room. The car is a convertible with a sleek design, and it is positioned in the center of the image. The brakes are not visible as the wheels are the main focus, and the brake components are not clearly seen. The image is of high quality, with clear details and good lighting."}, {"ans": [true, true, 1.0], "reasoning": "The image shows a book lying open on a wooden table. The pages are blank, indicating there is no text visible. For Question 1, the main object in the image is indeed a book, so the answer is True. For Question 2, since the pages are blank and there is no text visible, the answer is True. The image quality is considered good as it clearly shows the details of the book and the table, hence the quality score is 1.0."}, {"ans": [true, false, 1.0], "reasoning": "The image clearly shows a computer tower with a transparent side panel, revealing the internal components, including fans. The presence of the computer tower is evident, so the answer to the first question is True. The fans are visible inside the tower, so the answer to the second question is False. The image is of high quality, with clear details of the internal components, so the quality score is 1."}, {"ans": [true, false, 1.0], "reasoning": "The image clearly depicts a scarecrow standing in a field of wheat. The scarecrow is wearing a straw hat and a plaid shirt, and has straw stuffed around its body to resemble a person. The scarecrow appears to have arms made of straw, which are visible and attached to its body. Therefore, the answer to Question 1 is True because the image is showing a scarecrow. The answer to Question 2 is False because the arms are visible and not missing. The quality of the image is rated as 1 because it is clear and well-defined, with all key elements of the scarecrow visible."}, {"ans": [true, true, 0.9], "reasoning": "The image depicts a man in armor, which is consistent with the representation of a knight. The presence of armor and the context suggest that the individual is a knight. However, upon closer inspection, it is evident that the knight is not holding a sword, and there is no visible sword in the image. The sword is typically a key element associated with knights, and its absence or invisibility is notable. The quality of the image is high, with detailed rendering of the armor and the background, hence a score of 0.9."}, {"ans": [true, false, 1.0], "reasoning": "The image shows a teapot with a handle, spout, and lid, which is clearly identifiable as a teapot. The handle is visible on the right side of the teapot, so it is not missing or invisible. The image is clear and well-lit, showing the teapot and its features in detail, hence the quality is rated as 1."}, {"ans": [true, false, 1.0], "reasoning": "The image clearly shows a basketball hoop with a net. The basketball hoop is the main object in the image, and it is visible along with the net. The net is not missing or invisible; it is clearly visible and attached to the hoop. The image is of high quality, with clear details of the basketball hoop and the net."}, {"ans": [true, false, 1.0], "reasoning": "The image shows a dining table set with plates, utensils, and glasses. The table is covered with a white tablecloth, and the setting includes a plate, napkin, and silverware for two people. A glass is visible at the top of the image. The presence of a glass indicates that glasses are not missing. Therefore, the answer to Question 1 is True because the image is showing a dining table. The answer to Question 2 is False because the glasses are visible. The quality of the image is rated 1 because it is clear and well-lit."}, {"ans": [true, true, 0.9], "reasoning": "The image clearly shows a vintage typewriter on a wooden desk, with a sheet of paper in the roller and a spool of ribbon to the right. The typewriter is the main focus, and it is identifiable as a typewriter. The ribbon is not visible on the typewriter, and there is no indication that it is present but not visible. Therefore, the answer to Question 1 is True because the image is showing a typewriter. The answer to Question 2 is True because the ribbon is not visible on the typewriter. The quality of the image is rated 0.9 because it is clear and well-lit, with the typewriter and surrounding objects in sharp focus. The absence of the ribbon on the typewriter does not affect the quality score as per the instructions."}, {"ans": [true, true, 0.9], "reasoning": "The image shows a long, cream-colored winter jacket with a fur-trimmed hood hanging on a coat rack. The jacket is fastened with buttons down the front and has no visible zipper. For Question 1, the main object in the image is indeed a winter jacket, so the answer is True. For Question 2, the zipper is not visible on the jacket, so the answer is True. The quality of the image is rated 0.9 because it is clear and well-lit, showing the details of the jacket without any significant distractions or obstructions."}, {"ans": [true, true, 1.0], "reasoning": "The image clearly depicts a sunflower, fulfilling the first question's condition. The seeds are not visible as the image shows the sunflower from the front, and the seeds are not yet mature or are obscured from view, making the answer to the second question true. The image is of high quality, clearly showing the details of the sunflower."}, {"ans": [true, false, 0.9], "reasoning": "The image clearly shows an elephant with a visible trunk, indicating that the main object (an elephant) is present. The trunk is not missing or invisible; it is prominently displayed. The image is of high quality, with clear details of the elephant and its surroundings, hence a quality score of 0.9."}, {"ans": [true, true, 1.0], "reasoning": "The image is showing a rowboat, which is the main object. The oars are not visible in the image, so they are considered missing. The image is clear and well-lit, and the rowboat is centered and prominent, so the quality is rated as 1."}, {"ans": [true, false, 0.9], "reasoning": "The image clearly depicts a snowman with a hat and scarf, and upon closer inspection, it is evident that the snowman has buttons on its body. The presence of the snowman directly answers the first question, confirming that the image is indeed showing a snowman. For the second question, the buttons are visible on the snowman's body, indicating that they are not missing or invisible. The image quality is rated high because it is clear and well-defined, allowing for easy identification of the snowman's features."}, {"ans": [true, false, 0.9], "reasoning": "The image shows a fountain pen lying on top of a notebook. The pen is clearly visible and has a transparent ink reservoir that is filled with ink, so the ink is visible. Therefore, the answer to the first question is True because the main object, a fountain pen, is present. The answer to the second question is False because the ink is visible in the pen's reservoir. The quality of the image is rated 0.9 because it is clear and well-lit, with no visible distortions or obstructions that would hinder the visibility of the pen or the notebook."}, {"ans": [true, true, 0.8], "reasoning": "The image is showing a paintbrush with a wooden handle and a metal ferrule, but the bristles are not visible as they are likely covered in paint and pointing downwards, making them not discernible. The presence of the paintbrush is clear, so the answer to the first question is true. Since the bristles are not visible, the answer to the second question is also true. The quality of the image is rated 0.8 because it is clear and well-lit, showing the details of the paintbrush and the surrounding paint palette and artwork."}, {"ans": [true, false, 1.0], "reasoning": "The image clearly shows a pair of eyeglasses with round lenses and a metal frame, resting on an open book. The temples of the eyeglasses are visible, extending from the frame towards the sides. Therefore, the answer to the first question is True because the image is showing eyeglasses. The answer to the second question is False because the temples are visible, hence not missing or not visible. The quality of the image is rated as 1 because it is clear and well-lit, with the eyeglasses and the book pages in sharp focus."}, {"ans": [true, false, 0.9], "reasoning": "The image clearly shows a person holding an umbrella while walking down a rainy city street. The umbrella is visible and appears to be intact, with its ribs visible under the fabric. The presence of the umbrella is evident, so the answer to the first question is True. For the second question, the ribs of the umbrella are visible, so they are not missing or invisible, making the answer False. The image quality is rated 0.9 because it is clear and well-lit, with the main subject and background easily discernible."}, {"ans": [true, false, 0.9], "reasoning": "The image shows a wristwatch with a gold case and black leather strap. The watch face is visible, displaying a skeleton design that reveals the mechanical inner workings. The hour markers are present on the outer rim of the watch face, indicating the hours. Therefore, for Question 1, the image is showing a wristwatch, so the answer is True. For Question 2, the hour markers are visible on the watch face, so the answer is False. The quality of the image is rated 0.9 because it is clear and well-focused, with good lighting that highlights the details of the watch."}, {"ans": [true, false, 1.0], "reasoning": "The image shows a camping tent in a grassy field. The tent is partially set up with poles visible and holding its shape. The presence of the tent satisfies the first question. For the second question, the poles are visible and appear to be part of the tent's structure, so they are not missing or invisible. The image is clear and well-lit, showing the tent and its surroundings in detail, hence the quality score is 1."}, {"ans": [true, false, 0.9], "reasoning": "The image is showing a cuckoo clock with intricate carvings and decorations, including a clock face and a cuckoo bird visible at the top. The weights are clearly visible hanging below the clock, indicating that they are not missing. Therefore, the answer to Question 1 is True because the main object is a cuckoo clock. The answer to Question 2 is False because the weights are visible. The quality of the image is rated 0.9 because it is clear and detailed, with no significant issues affecting the visibility of the main elements."}, {"ans": [true, true, 1.0], "reasoning": "The image shows a smartphone with its screen facing upwards. The phone is positioned on a surface, and its screen is displaying an incoming call interface. The bottom edge of the phone, where the speaker grille is typically located, is not clearly visible due to the angle of the image and the presence of shadows. However, upon closer inspection, it appears that there are small holes along the bottom edge, which could indicate the presence of a speaker grille. Nevertheless, the speaker grille itself is not clearly visible, so it is considered missing or not visible. The image is of high quality as it is clear and well-lit, allowing for a detailed examination of the phone's screen and edges."}, {"ans": [true, true, 0.9], "reasoning": "The image clearly shows a motorcycle facing the camera on a dirt road. The motorcycle is silver with a round headlight and two orange indicators on either side. The handlebars are visible with two mirrors attached to them. The speedometer is not visible in the image, as it is likely located on the handlebars or dashboard, but the dashboard or the area where the speedometer would typically be is not clearly visible. Therefore, for Question 1, the answer is True because the image is showing a motorcycle. For Question 2, the answer is True because the speedometer is not visible. The quality of the image is rated 0.9 because it is clear and well-focused on the motorcycle, with good lighting and detail."}, {"ans": [true, true, 1.0], "reasoning": "The image is showing a violin bow. The bow is fully visible and appears to be a typical violin bow with a wooden stick and a black frog at the bottom end. The hair of the bow is not visible, suggesting it is either missing or not visible due to the angle or condition of the bow. The image is clear and well-lit, showing the details of the bow and the red satin background. The quality of the image is high, with no visible distortions or issues that would detract from the viewer's understanding of the subject."}, {"ans": [true, true, 1.0], "reasoning": "The image shows a large, ornate birdcage hanging from the ceiling of a porch. The birdcage is the main object in the image and is clearly visible. There is no visible perch inside the birdcage. The image is well-lit and the birdcage is centered, making it a high-quality image."}, {"ans": [true, false, 1.0], "reasoning": "The image depicts a statue of a woman in a classical setting with columns. The statue is fully visible and has a head, so it meets the criteria for Question 1. For Question 2, the head is present and visible, so the answer is False. The image is of high quality, with clear details and a well-composed scene, so the quality score is 1."}, {"ans": [true, false, 1.0], "reasoning": "The image clearly shows a teddy bear sitting on a bed. The teddy bear has a visible nose, which is brown in color. Therefore, the answer to the first question is True because the main object in the image is indeed a teddy bear. The answer to the second question is False because the nose is visible on the teddy bear. The quality of the image is rated as 1 because it is clear and well-lit, and the key elements of the teddy bear, including its nose, are easily visible."}, {"ans": [true, false, 1.0], "reasoning": "The image shows a pair of sneakers with laces. The sneakers are clearly visible, and the laces are also visible and appear to be properly tied. Therefore, the answer to the first question is True because the image is showing sneakers. The answer to the second question is False because the laces are not missing and are visible. The quality of the image is rated as 1 because it is clear and well-lit, and there are no visible issues that would detract from the visibility of the sneakers or their laces."}, {"ans": [true, false, 1.0], "reasoning": "The image clearly shows a refrigerator with its doors open, revealing the interior. The refrigerator is the main object in the image, and it is visible in its entirety. The door shelves are visible on the left door, so they are not missing. The image is of high quality, with clear details and no visible distortions."}, {"ans": [true, false, 0.9], "reasoning": "The image shows a group of people sitting around a campfire in a forest. The campfire is clearly visible and has flames. Therefore, the answer to the first question is True. For the second question, since the flames are visible, the answer is False. The quality of the image is rated 0.9 because it is clear and well-lit, with no visible distortions or issues that would detract from the overall scene."}, {"ans": [true, false, 0.9], "reasoning": "The image depicts a drinking fountain with water flowing from it, indicating that it is present and visible. The main object in the image is indeed a drinking fountain, so the answer to the first question is True. Since the water is flowing and visible, the answer to the second question is False. The quality of the image is rated 0.9 because it is clear and well-lit, with the drinking fountain being the central focus."}, {"ans": [true, false, 1.0], "reasoning": "The image clearly shows a revolver with a visible trigger guard. The revolver is positioned on a green cloth, and its details are well-defined, indicating a high-quality image. The presence of the trigger guard is evident, making the answer to the second question 'false' because it is not missing or invisible."}, {"ans": [true, false, 1.0], "reasoning": "The image depicts a detailed illustration of a compass rose, which is the main object in the image. The compass rose is intricately designed with various elements, including a north arrow that is clearly visible. The presence of the compass rose confirms that the answer to the first question is True. For the second question, since the north arrow is visible, the answer is False. The image is of high quality, with clear details and no apparent damage or obscuration that would affect the visibility of the key elements, hence the quality score is 1."}, {"ans": [true, false, 0.9], "reasoning": "The image depicts a futuristic cityscape with numerous skyscrapers, some of which have visible windows. The presence of skyscrapers satisfies the first question. For the second question, the windows are visible on several buildings, indicating they are not missing or invisible. The image is of high quality, with clear details and vibrant colors, hence a quality score of 0.9."}, {"ans": [true, true, 1.0], "reasoning": "The image depicts a man in a tuxedo standing on a podium, with his right arm raised and his left hand open, facing an orchestra. The presence of the orchestra and the man's attire and gestures indicate that he is a conductor. His right hand is empty, and there is no visible baton, suggesting that the baton is either missing or not visible. The image is clear and well-lit, with the main subject in focus, indicating a high-quality image."}, {"ans": [false, true, 1.0], "reasoning": "The image shows a soccer field, but the soccer goal is not visible. Therefore, the answer to the first question is False. The crossbar is also not visible because the goal is not present, so the answer to the second question is True. The image is clear and well-lit, showing the details of the soccer field, so the quality is rated as 1."}, {"ans": [true, false, 1.0], "reasoning": "The image clearly shows a microscope on a table. The microscope is a compound microscope with a white base and black accents, and it has two eyepieces. The lenses are visible and appear to be attached to the microscope. The image is well-lit and in focus, suggesting a high-quality image."}]