[{"ans": [true, true, 1.0], "reasoning": "The image depicts a sailboat on the water, with its mast and rigging visible but no sails present. The boat is centered in the frame, and the surrounding water and sky are clear and well-defined. The absence of sails is noticeable, indicating they are either missing or not visible. The image quality is high, with no visible artifacts, blurring, or other issues that would detract from the clarity of the scene."}, {"ans": [true, false, 1.0], "reasoning": "The image clearly shows a bicycle leaning against a brick wall. The bicycle is red with silver accents and has a visible chain connecting the pedals to the gears. The chain is not missing or obscured, so it is visible. The image is clear and well-lit, with no visible artifacts or distortions that would affect the quality."}, {"ans": [true, false, 0.95], "reasoning": "The image clearly shows a cat sitting on a windowsill. The cat is gray with yellow eyes and visible whiskers. The image is sharp and well-lit, with no noticeable artifacts or distortions. The presence of the cat and its whiskers is evident. For question 1, the image is showing a cat, so the answer is True. For question 2, the whiskers are visible, so the answer is False. The quality of the image is high, rated as 0.95, because it is clear and well-defined, with no significant issues affecting its quality."}, {"ans": [true, false, 1.0], "reasoning": "The image depicts a stone structure with a large arched entrance, towers, and battlements, characteristic of a castle. The main object, the castle, is present. The gates are visible at the entrance, so they are not missing or invisible. The image is clear and well-defined, with no visible artifacts, blurring, or other issues that would affect its quality. Therefore, the quality is rated as 1."}, {"ans": [true, false, 1.0], "reasoning": "The image clearly depicts a hot-air balloon with a visible basket suspended beneath it. The balloon is centered in the frame, and the basket is clearly visible, indicating that it is not missing. The image is sharp and well-lit, with no visible artifacts or distortions that would detract from its quality. Therefore, the answer to Question 1 is True because the image is showing a hot-air balloon with a basket. The answer to Question 2 is False because the basket is visible and not missing. The quality of the image is rated as 1.0 because it is clear, well-composed, and free of noticeable defects."}, {"ans": [true, false, 0.9], "reasoning": "The image clearly shows a turtle with a visible shell. The main object, a turtle, is present, so the answer to the first question is True. The shell is visible, so the answer to the second question is False. The image is of high quality, with clear details and no visible artifacts or distortions, so the quality score is 0.9."}, {"ans": [true, false, 0.95], "reasoning": "The image is clearly showing a train at a station, with the front of the train facing the camera. The train is silver with a black front and has its headlights on. The wheels of the train are visible under the front carriage, so they are not missing or invisible. The image is sharp and well-lit, with no visible artifacts or distortions that would affect its quality. The only reason the quality is not 1 is due to the slight darkness in some areas, but it does not impact the visibility of the main object or its details."}, {"ans": [true, false, 1.0], "reasoning": "The image clearly shows a pair of eyeglasses with lenses. The lenses are visible and not missing. The image is sharp and well-lit, with no visible artifacts or distortions that would affect its quality."}, {"ans": [true, false, 1.0], "reasoning": "The image shows a fountain pen with a nib clearly visible, so the main object is present. The nib is not missing or invisible, it's clearly shown at the tip of the pen. The image is of high quality, with clear details and no visible artifacts or distortions."}, {"ans": [true, false, 1.0], "reasoning": "The image clearly shows an umbrella with a canopy, leaning against a wall next to a chair. The main object, the umbrella, is present and visible. The canopy is also visible, indicating it is not missing. The image is clear and well-defined, with no visible artifacts or distortions that would affect the quality. Therefore, the quality is rated as 1."}, {"ans": [true, false, 1.0], "reasoning": "The image clearly shows a white airplane on a tarmac under a cloudy sky. The airplane is facing left, and its wings are visible. The presence of the airplane directly answers Question 1, confirming that the image is showing an airplane. For Question 2, the wings are clearly visible, so they are not missing or invisible. The image is of high quality with no visible artifacts, blurring, or unnatural colors, hence the quality score is 1.0."}, {"ans": [true, true, 1.0], "reasoning": "The image clearly shows a desk lamp with a brass finish, positioned over an open book on a wooden table. The lamp's shade is directed towards the book, and the bulb is not visible as it is likely obscured by the shade or possibly missing. The image is well-lit, with clear details of the lamp, book, and table, indicating a high-quality image. The absence of the bulb is not due to image quality but rather its actual absence or obstruction by the shade."}, {"ans": [true, false, 1.0], "reasoning": "The image shows an electric guitar with a visible neck, answering the first question affirmatively because it is indeed showing an electric guitar. For the second question, the neck is clearly visible, so it is not missing or invisible. The image is of high quality, with clear details and no visible artifacts or distortions, thus the quality score is 1.0."}, {"ans": [true, false, 0.95], "reasoning": "The image is showing a fish with visible fins, so it answers 'true' to the first question. The fins are clearly visible, so the answer to the second question is 'false'. The image is of high quality with clear details and no visible artifacts or distortions, hence the quality score is 0.95."}, {"ans": [true, false, 1.0], "reasoning": "The image clearly shows a small brick cottage with a gable roof, situated in a field. The cottage is the main object in the image, and it is visible with its roof intact. Therefore, the answer to Question 1 is True because the image is showing a cottage. The answer to Question 2 is False because the roof is present and visible. The quality of the image is rated as 1.0 because it is clear, well-lit, and free of any visible artifacts or distortions."}, {"ans": [true, true, 0.9], "reasoning": "The image is showing a car, specifically a convertible with its top down. The windshield is not visible as it is folded down along with the top. The image is clear and well-lit, with no visible artifacts or distortions that would affect its quality. The main object, the car, is clearly visible, and the absence of the windshield is due to the convertible design. Therefore, the answer to the first question is True, and the answer to the second question is also True. The quality of the image is rated 0.9, as it is clear and well-defined, with only minor imperfections."}, {"ans": [true, false, 0.95], "reasoning": "The image clearly shows a keyboard with a spacebar. The keyboard is well-lit and the keys are visible. The spacebar is present and visible, so it is not missing. The image is of high quality, with clear details and no visible artifacts or distortions. The slight decrease in quality score is due to the slight blurring of the reflection on the surface below the keyboard."}, {"ans": [true, false, 0.9], "reasoning": "The image clearly depicts an owl perched on a branch, with detailed feathers visible across its body. The owl's presence is the main focus, and it is rendered in a highly detailed and realistic manner. The feathers are not missing or invisible; they are intricately illustrated, showcasing various patterns and colors. The overall quality of the image is high, with crisp details and a clear composition. However, the quality score is not perfect (0.9) due to some minor texture or artifact that might be present upon close inspection, though it's not significantly detracting from the overall image."}, {"ans": [true, true, 0.9], "reasoning": "The image depicts a leather-bound book lying open on a wooden table. The cover is made of brown leather and has a strap closure. The pages are blank and cream-colored. The book is positioned in front of a wooden wall with a door. The image is clear and well-defined, with no visible artifacts or distortions. The main object, the book, is clearly visible. The pages are blank and not missing, but they are not visible as content either. The quality of the image is high, with a score of 0.9, as it is clear and well-rendered."}, {"ans": [true, false, 1.0], "reasoning": "The image clearly depicts a lighthouse on a rocky cliffside, with a white tower and a black railing around the top. The lamp is visible inside the glass enclosure at the top of the lighthouse. The image is sharp and well-defined, with no visible artifacts or distortions. Therefore, the answer to Question 1 is True because the image is showing a lighthouse. The answer to Question 2 is False because the lamp is visible. The quality of the image is rated as 1.0 because it is clear and well-defined, with no visible issues."}, {"ans": [true, false, 1.0], "reasoning": "The image is showing an armchair with visible legs. The chair is beige and has a tufted back, with dark wooden legs that are clearly visible. The image is clear and well-lit, with no visible artifacts or distortions. The rug and the floor are also clearly visible, adding to the overall quality of the image. Therefore, the answer to the first question is True, as the image is showing an armchair. The answer to the second question is False, as the legs are visible. The quality of the image is rated as 1.0, as it is clear and well-lit with no visible issues."}, {"ans": [true, true, 0.95], "reasoning": "The image is clearly showing a deer without antlers in a forest. The deer is centered and well-lit, making it easily identifiable. The absence of antlers is noticeable, and there are no visible signs of antlers being obscured or missing due to the angle. The image quality is high, with clear details and natural colors, though there is a slight glow around the deer due to the lighting, which slightly reduces the quality score."}, {"ans": [true, false, 1.0], "reasoning": "The image clearly shows an envelope, so the answer to the first question is True. The flap of the envelope is visible and not missing, so the answer to the second question is False. The image is clear and of high quality, with no visible artifacts or distortions, so the quality score is 1.0."}, {"ans": [true, true, 1.0], "reasoning": "The image is showing a wall clock, which is the main object. The clock face is white with black hands, and there are no numbers visible on the clock face. The image is clear and well-lit, with no visible artifacts, blurring, or other issues that would affect its quality. Therefore, the answer to Question 1 is True, the answer to Question 2 is True, and the quality score is 1.0."}, {"ans": [true, false, 0.95], "reasoning": "The image clearly shows a person wearing a white space suit, which is fully visible and identifiable. The helmet is present and visible on the astronaut's head. The image is of high quality, with clear details and no visible artifacts or distortions that would affect the visibility of the main object or its components. The slight ripples in the water and the reflection on the helmet are natural and do not detract from the overall quality."}, {"ans": [true, false, 1.0], "reasoning": "The image clearly depicts a windmill standing in a field of wheat. The windmill is visible with its blades intact and clearly visible, indicating that the blades are not missing. The image is sharp and well-lit, with no visible artifacts or distortions that would affect its quality. Therefore, the answer to Question 1 is True because the image is showing a windmill. The answer to Question 2 is False because the blades are visible and not missing. The quality of the image is rated 1.0 because it is clear and well-defined, with no noticeable issues."}, {"ans": [true, true, 1.0], "reasoning": "The image clearly depicts a large tree with bare branches, indicating that it is either without leaves or the leaves are not visible. The main object, a tree, is present in the image. The leaves are not visible on the tree, so they are considered missing. The image is of high quality, with clear details and no visible artifacts or distortions."}, {"ans": [true, true, 0.9], "reasoning": "The image shows a yellow school bus parked in front of a building. The bus is clearly visible and appears to be in good condition. The doors of the bus are not visible as they are on the left side of the bus which is partially obscured from view. The image is clear and well-lit, with no visible artifacts or distortions. The quality of the image is high, with a score of 0.9. The main object, the bus, is clearly visible, so the answer to the first question is True. The doors are not visible, so the answer to the second question is True."}, {"ans": [true, true, 1.0], "reasoning": "The image shows a laptop with its back facing the viewer, and the screen is not visible. The laptop is clearly identifiable as the main object in the image. The screen is missing or not visible, as it is facing away from the viewer. The image is of high quality, with no visible artifacts, blurring, or other issues that would detract from its clarity."}, {"ans": [true, true, 0.9], "reasoning": "The image shows a trumpet, which is the main object. The trumpet appears to be without a mouthpiece, as there is no visible attachment at the end where the mouthpiece would typically be. The image is clear and well-lit, with good detail visible on the trumpet and the red fabric background. The quality of the image is high, with no noticeable artifacts, blurring, or other issues that would detract from the overall clarity. Therefore, the answer to Question 1 is True, as the image does show a trumpet. The answer to Question 2 is also True, as the mouthpiece is not visible. The quality score is 0.9, indicating a high-quality image."}, {"ans": [true, false, 1.0], "reasoning": "The image clearly depicts a robot with a visible head in a laboratory setting. The robot is centered in the image, and its head is clearly visible, indicating that the head is not missing or not visible. The image is of high quality, with clear details and no visible artifacts or distortions."}, {"ans": [true, true, 0.95], "reasoning": "The image shows a candle on a silver tray. The candle is the main object in the image and is clearly visible. The wick is not visible in the image. The image is of high quality with no visible artifacts or blurring. The quality score is 0.95 because the image is clear and well-lit, but there might be a slight deduction due to the cropped view of the candle."}, {"ans": [true, true, 1.0], "reasoning": "The image is showing a pizza. The pizza has a crust, tomato sauce, tomatoes, basil leaves, and other toppings, but it does not have cheese visible on top. The image is clear and of high quality, with no visible artifacts or distortions. Therefore, the answer to the first question is True because the image is showing a pizza. The answer to the second question is True because the cheese is not visible. The quality of the image is rated as 1.0 because it is clear and well-defined."}, {"ans": [true, true, 1.0], "reasoning": "The image shows a Canon DSLR camera body without a lens attached. The camera is clearly visible and appears to be in good condition. The lens mount is visible, indicating that the lens is not attached. The image is well-lit and has no visible artifacts or distortions. Therefore, the answer to Question 1 is True, as the image is showing a DSLR camera. The answer to Question 2 is also True, as the lens is missing. The quality of the image is rated 1.0, as it is clear and well-defined, with no visible issues."}, {"ans": [true, false, 1.0], "reasoning": "The image clearly shows a grand piano on a stage in an auditorium. The piano is centered and facing the camera, with its keys visible. The image is well-lit and of high quality, with no visible artifacts or distortions. The piano's keys are clearly visible, indicating that they are not missing or invisible."}, {"ans": [true, false, 0.95], "reasoning": "The image clearly shows a paintbrush with visible bristles. The presence of the paintbrush and its bristles is evident, and the image is of high quality with clear details and no significant artifacts or distortions. The quality score is 0.95 due to the slight presence of paint splatters and texture, but overall, the image is crisp and well-defined."}, {"ans": [true, false, 1.0], "reasoning": "The image is showing a watch with a strap, so the main object is present. The strap is visible, so it is not missing or not visible. The image is clear and of high quality, with no visible artifacts or distortions."}, {"ans": [true, false, 0.95], "reasoning": "The image clearly shows a man with his mouth open, undergoing a dental examination. The mouth is the main object, and it is visible along with the tongue inside it. Therefore, the answer to Question 1 is True. Since the tongue is visible inside the mouth, the answer to Question 2 is False. The image quality is high, with clear details of the scene, and there are no visible artifacts or distortions that would significantly impact the quality. Hence, the quality score is 0.95."}, {"ans": [true, false, 0.9], "reasoning": "The image is clearly showing a motorcycle, so the answer to the first question is True. The handlebars of the motorcycle are visible, so the answer to the second question is False. The image is of high quality, with clear details and no visible artifacts or distortions, so the quality score is 0.9. The only reason it's not a perfect 1 is because of the slight fogginess in the background."}, {"ans": [true, false, 1.0], "reasoning": "The image clearly shows a television set, which is the main object in question. The television is an older model with a wooden cabinet and a CRT screen. The screen is visible and not missing, although it appears to be turned off or displaying a static image. The image is of high quality, with clear details and no visible artifacts or distortions. Therefore, the answer to Question 1 is True because the image is showing a television. The answer to Question 2 is False because the screen is not missing; it is visible. The quality of the image is rated 1, indicating it is of very high quality."}, {"ans": [true, false, 0.95], "reasoning": "The image clearly shows a goat standing on a rocky outcrop. The goat has a thick white coat and is facing towards the camera, with its head turned slightly to the left. It has two visible horns on its head. The background is blurred but appears to be a mountainous landscape with snow-capped peaks and a blue sky with clouds. The image is sharp and well-defined, with no visible artifacts or distortions. The quality of the image is high, with a score of 0.95 out of 1. For question 1, the image is showing a goat, so the answer is True. For question 2, the horns are visible, so the answer is False."}, {"ans": [true, false, 1.0], "reasoning": "The image is showing a red sneaker with white laces. The laces are visible and present, so they are not missing. The image is clear and of high quality, with no visible artifacts or distortions."}, {"ans": [true, false, 0.95], "reasoning": "The image clearly shows a green frog sitting on a lily pad in the water. The frog's eyes are visible and clearly defined, indicating that they are not missing. The image is sharp and well-defined, with no noticeable artifacts or blurring that would detract from its quality. The only minor deduction in quality comes from the slight reflection and ripples in the water, but this does not significantly impact the overall clarity of the image."}, {"ans": [true, false, 1.0], "reasoning": "The image is clearly showing a mug with a handle, so the answer to the first question is True. The handle is visible, so the answer to the second question is False. The image is of high quality with no visible artifacts, blurring, or other issues, so the quality score is 1.0."}, {"ans": [true, false, 0.9], "reasoning": "The image is showing a saxophone with its keys visible, so the answer to the first question is True. The keys are not missing or invisible, so the answer to the second question is False. The image quality is high, with clear details of the saxophone and its keys, so the quality score is 0.9. The slight vignetting around the edges does not significantly affect the visibility of the main object."}, {"ans": [true, false, 1.0], "reasoning": "The image clearly shows a skateboard with its bottom facing upwards, resting on a brick surface. The skateboard has a wooden deck and is equipped with trucks and wheels, indicating it is complete with wheels. Therefore, for Question 1, the answer is True because the image is showing a skateboard. For Question 2, the answer is False because the wheels are visible and not missing. The quality of the image is rated 1.0 as it is clear, well-lit, and free of artifacts or distortions."}, {"ans": [true, false, 1.0], "reasoning": "The image is showing a black fedora hat on a stand, and the brim is clearly visible. The image is of high quality with no visible artifacts or distortions."}, {"ans": [true, false, 1.0], "reasoning": "The image clearly shows a motorcycle helmet with a visor. The visor is present and visible, covering the front of the helmet. The image is sharp and well-lit, with no visible artifacts or distortions that would affect the quality. Therefore, the answer to Question 1 is True because the image is showing a motorcycle helmet. The answer to Question 2 is False because the visor is not missing; it is clearly visible. The quality of the image is rated 1.0 because it is clear and free of significant artifacts."}, {"ans": [true, true, 1.0], "reasoning": "The image shows a bedframe with an ornate headboard and footboard, but there is no mattress visible. The bedframe is the main object in the image, and it is clearly visible. The mattress is not present or visible, so it is considered missing. The image is of high quality, with clear details and no visible artifacts or distortions."}, {"ans": [true, false, 1.0], "reasoning": "The image shows a clock tower with visible clock faces on two sides. The main object, a clock tower, is present, so the answer to the first question is True. The clock faces are clearly visible, so the answer to the second question is False. The image is clear and of high quality, with no visible artifacts or distortions, so the quality score is 1.0."}, {"ans": [true, false, 1.0], "reasoning": "The image clearly shows a pocket watch with its cover open, revealing the inner workings and the hands of the watch. The main object, a pocket watch, is present and identifiable. The hands of the watch are visible, indicating that they are not missing. The image is of high quality, with clear details and no visible artifacts or distortions."}, {"ans": [true, false, 1.0], "reasoning": "The image clearly shows a red bicycle leaning against a stone wall. The bicycle is fully visible and appears to be in good condition. The pedals are clearly visible and attached to the crankset, indicating that they are not missing. The image is sharp and well-lit, with no visible artifacts or distortions. Therefore, the answer to Question 1 is True, as the image is showing a bicycle. The answer to Question 2 is False, as the pedals are visible and not missing. The quality of the image is rated 1.0, as it is clear and well-defined, with no issues that would affect the visibility of the main object or its components."}, {"ans": [true, false, 0.95], "reasoning": "The image is a portrait of a woman with her eyes visible. The main object, a portrait of a woman, is present. The eyes are not missing; they are clearly visible in the painting. The quality of the image is high, with clear details and no visible artifacts or distortions that would significantly impact the perception of the image. The slight decrease in quality score is due to the image being a photograph of a painting, which might slightly affect its clarity compared to a direct view of the painting."}, {"ans": [true, false, 0.9], "reasoning": "The image is showing a grand piano with its lid open, revealing the internal mechanisms. The hammers are visible inside the piano, so they are not missing or invisible. The image is well-lit and clear, with a slight haze effect from the stage lights, but overall it is of high quality."}, {"ans": [true, true, 0.9], "reasoning": "The image depicts a sailing ship with three masts and no visible sails, floating on the water. The ship is the main object in the image, and it is clearly visible. Therefore, the answer to Question 1 is True. The sails are not visible, so the answer to Question 2 is also True. The image quality is high, with clear details and no visible artifacts or distortions, so the quality score is 0.9."}, {"ans": [true, false, 1.0], "reasoning": "The image depicts a large tree with a sprawling canopy and visible roots, set against a backdrop of a clear blue sky and a grassy field. The tree's branches are thick and gnarled, with green leaves scattered throughout. The overall appearance suggests that the tree is an oak, given its characteristic branching pattern and leaf structure. The leaves are clearly visible, indicating that they are not missing. The image is of high quality, with no visible artifacts or distortions."}, {"ans": [true, false, 0.95], "reasoning": "The image depicts a stone cottage with a gable roof and a chimney, surrounded by trees and vines. The cottage has two doors and multiple windows, with the doors being visible and not missing. The image is clear and well-defined, with no visible artifacts or distortions that would affect the quality. The quality score is 0.95 due to the slight presence of unnatural color or slight blurring around the edges of the objects."}, {"ans": [true, false, 1.0], "reasoning": "The image clearly shows a passenger jet on a runway. The wings are visible on both sides of the aircraft, indicating that they are not missing. The image is sharp and clear, with no visible artifacts or distortions that would affect its quality."}, {"ans": [true, true, 1.0], "reasoning": "The image is clearly showing a wristwatch with a white face and brown leather strap. The watch face does not have any numbers on it, so the numbers are indeed missing. The image is of high quality, with clear details and no visible artifacts or distortions."}, {"ans": [true, false, 0.9], "reasoning": "The image is showing a pizza with tomato sauce and basil leaves on top. The crust is visible and appears to be cooked. The cheese is melted and visible around the edges and in some spots under the sauce. The image is clear and well-lit, with no visible artifacts or distortions. The quality of the image is high, with a score of 0.9. For question 1, the image is showing a pizza, so the answer is True. For question 2, the cheese is visible around the edges and in some spots under the sauce, so the answer is False."}, {"ans": [true, false, 0.9], "reasoning": "The image clearly shows traffic signals with red lights visible, indicating that the main object (traffic signals) is present. For the second question, the lights are visible on the traffic signals, so they are not missing or invisible. The quality of the image is high, with clear details of the traffic signals and the cityscape, although there is a slight glare from the sun which slightly affects the quality, hence a score of 0.9."}, {"ans": [true, false, 1.0], "reasoning": "The image clearly shows a skateboard with a rainbow-colored deck and yellow wheels. The skateboard is positioned on a concrete surface, and its components are well-defined and visible. The presence of the skateboard answers the first question affirmatively. For the second question, the wheels are clearly visible, so they are not missing or invisible. The image is sharp, with natural colors and no visible artifacts or distortions, hence the quality is rated as 1.0."}, {"ans": [true, false, 0.95], "reasoning": "The image clearly shows a chessboard with pieces arranged on it. The chessboard is the main object and is visible, so the answer to Question 1 is True. The black pieces are present on the board, although they appear to be the same color as the white pieces due to the lighting or material used. However, their positioning indicates they are the opposing side. Therefore, the black pieces are not missing, and the answer to Question 2 is False. The image quality is high, with clear details of the chessboard and pieces. The only reason for not giving it a perfect score is the slight reflection or sheen on the chessboard, but it does not significantly detract from the overall clarity."}, {"ans": [true, true, 0.95], "reasoning": "The image shows a red Ferrari sports car in a luxurious room. The car is a convertible with its top down, and it is facing towards the left side of the image. The car's sleek design and vibrant red color are prominently displayed. The brakes are not visible as the wheels are covering them. The image is clear and well-lit, with no visible artifacts or distortions. The quality of the image is high, with a score of 0.95 out of 1. The main object, the sports car, is clearly visible, so the answer to the first question is True. The brakes are not visible, so the answer to the second question is True."}, {"ans": [true, true, 1.0], "reasoning": "The image is showing a book with blank pages, so it is indeed showing a book. The text is missing or not visible from the book because the pages are blank. The image quality is high, with no visible artifacts, blurring, or other issues that would decrease its quality."}, {"ans": [true, false, 0.95], "reasoning": "The image clearly shows a computer tower with its side panel removed, revealing the internal components. Two fans are visible inside the case, one on the left side and another near the center, both of which are clearly visible. The image is sharp and well-lit, with no noticeable artifacts or distortions. The quality of the image is high, with a score of 0.95 out of 1. The main object, the computer tower, is present and easily identifiable. The fans are also visible, so they are not missing."}, {"ans": [true, false, 0.9], "reasoning": "The image clearly shows a scarecrow with a straw hat and a plaid shirt, standing in a field of wheat. The scarecrow has visible arms, which are made of straw and are attached to a wooden post. The image is well-lit and in focus, with no visible artifacts or distortions. The quality of the image is high, with a score of 0.9. The main object, the scarecrow, is present and visible. The arms of the scarecrow are also visible, so they are not missing or invisible."}, {"ans": [true, false, 0.95], "reasoning": "The image depicts a man in armor, which is consistent with the representation of a knight. The presence of armor, the setting, and the background elements such as other warriors and a castle are all indicative of a medieval or historical context typical for knights. Therefore, the answer to Question 1 is True. For Question 2, the sword is visible behind the knight's right shoulder, indicating that it is not missing or invisible. Hence, the answer to Question 2 is False. The image is of high quality, with detailed rendering of the armor and the background. The only reason it wouldn't be rated as 1 is due to the slight texture visible upon close inspection, suggesting it might be a digital painting or edited image. However, this does not detract significantly from the overall quality or clarity, hence a rating of 0.95."}, {"ans": [true, false, 1.0], "reasoning": "The image shows a white teapot with a floral design on it, sitting on a bamboo tray. The teapot has a spout, a lid, and a handle, which are all typical features of a teapot. Therefore, the answer to Question 1 is True. The handle is visible on the teapot, so the answer to Question 2 is False. The image is clear and well-lit, with no visible artifacts or distortions, so the quality score is 1.0."}, {"ans": [true, false, 0.9], "reasoning": "The image clearly shows a basketball hoop with a net. The hoop is attached to a backboard and a pole, and there are basketballs going through the net. The net is visible and not missing. The image is clear and well-lit, with a clear blue sky in the background. The only reason the quality score is not 1 is because the backboard has some scratches and marks on it, slightly reducing the overall clarity."}, {"ans": [true, false, 0.95], "reasoning": "The image shows a dining table set with plates, cutlery, and glasses. The main object, the dining table, is present. For the second question, the glasses are visible on the table, so they are not missing. The image is clear and well-lit, with no visible artifacts or distortions that would significantly impact its quality. However, the quality score is not 1 because the tablecloth appears slightly wrinkled and the image is not perfectly sharp, hence a score of 0.95."}, {"ans": [true, true, 0.95], "reasoning": "The image clearly shows a typewriter on a wooden desk. The typewriter is centered and appears to be in good condition, with a piece of paper loaded into it. The ribbon is not visible, suggesting it might be missing or not visible due to its position. The image is well-lit and sharp, with no noticeable artifacts or distortions that would detract from its quality. The main object, the typewriter, is clearly identifiable, supporting a high-quality score. The absence of the ribbon is not considered a factor in reducing the quality score as per the instructions."}, {"ans": [true, true, 0.95], "reasoning": "The image shows a winter jacket, specifically a long, cream-colored puffer coat with a fur-trimmed hood, hanging on a hanger against a white wall. The coat is fastened with buttons down the front and has pockets on the sides. There is no visible zipper on the jacket. The image is clear and well-lit, with no noticeable artifacts or distortions that would detract from its quality. The main object, the winter jacket, is clearly visible, and the absence of a zipper is evident. Therefore, the answer to Question 1 is True because the image does show a winter jacket. The answer to Question 2 is also True because the zipper is not visible on the jacket. The quality of the image is rated 0.95 out of 1, as it is sharp and clear, with proper lighting and no significant issues."}, {"ans": [true, false, 0.95], "reasoning": "The image clearly shows a sunflower with its face towards the camera, displaying its large yellow petals and the center of the flower where seeds are typically found. Upon closer inspection, the seeds are visible in the image, arranged in a spiral pattern in the center of the sunflower. The image is of high quality, with clear details and no visible artifacts or distortions that would detract from the viewer's ability to see the sunflower and its seeds. The only reason the quality score is not 1 is due to a slight gradient in the background that could be considered a minor imperfection."}, {"ans": [true, false, 1.0], "reasoning": "The image clearly depicts an elephant, which is the main object. The trunk is visible and not missing. The image is of high quality with no visible artifacts, blurring, or other issues that would detract from its quality."}, {"ans": [true, true, 0.98], "reasoning": "The image clearly shows a rowboat floating on a lake, with a wooden bench inside and a rope attached to the front. The oars are not visible in the image. The image is of high quality, with clear details and no visible artifacts or distortions. The quality score is 0.98, indicating a very high-quality image."}, {"ans": [true, false, 0.95], "reasoning": "The image clearly shows a snowman in the foreground, wearing a hat and a scarf, with a carrot nose and stick arms. The snowman has buttons visible on its body, so the answer to the second question is False. The image is of high quality, with clear details and no visible artifacts or distortions, so the quality score is 0.95."}, {"ans": [true, false, 1.0], "reasoning": "The image clearly shows a fountain pen on top of a notebook. The pen is the main object and is visible in its entirety. The ink reservoir of the pen is transparent and visible, indicating that it is not empty. The image is sharp and well-lit, with no visible artifacts or distortions. Therefore, the answer to the first question is True, as the image is showing a fountain pen. The answer to the second question is False, as the ink is visible in the pen's reservoir. The quality of the image is rated 1.0, as it is clear and well-defined, with no issues affecting its quality."}, {"ans": [true, true, 0.9], "reasoning": "The image shows a paintbrush with a wooden handle and a silver ferrule, but the bristles are not visible as they are likely covered by the painting surface or not present. The paintbrush is placed on a palette with various colors of paint, indicating that it is being used for painting. The image is clear and well-lit, with no visible artifacts or blurring. Therefore, the answer to Question 1 is True, as the image is showing a paintbrush. The answer to Question 2 is also True, as the bristles are not visible. The quality of the image is rated 0.9, as it is clear and well-lit, but not perfect due to the presence of some minor texture on the painting surface."}, {"ans": [true, false, 0.95], "reasoning": "The image clearly shows a pair of eyeglasses with round lenses and metal frames placed on top of a stack of papers. The temples of the eyeglasses are visible, extending from the frames. The image is sharp and well-lit, with no noticeable artifacts or distortions. The quality of the image is high, with a score of 0.95 out of 1. The presence of the eyeglasses answers the first question affirmatively. For the second question, since the temples are visible, the answer is false as they are not missing or invisible."}, {"ans": [true, true, 0.9], "reasoning": "The image clearly shows a person holding an umbrella while walking down a rainy city street. The umbrella is the main object in the image, and it is visible despite the rain. The ribs of the umbrella are not clearly visible, likely due to the angle and the rain making the fabric cling to the ribs, thus making them less distinct. The overall quality of the image is high, with clear details of the scene, though there is a slight blur in the background due to the rain and the lighting conditions."}, {"ans": [true, false, 0.9], "reasoning": "The image clearly shows a wristwatch with a gold case and black leather strap. The watch face is visible and has hour markers, which are the white lines around the edge of the face. The watch is displayed under a glass dome, and the image is sharp and clear. The quality of the image is high, with no visible artifacts or blurring. Therefore, the answer to Question 1 is True, as the image is showing a wristwatch. The answer to Question 2 is False, as the hour markers are visible on the watch face. The quality score is 0.9, as the image is very clear and well-lit, but there might be a slight loss of detail due to the glass dome."}, {"ans": [true, false, 0.9], "reasoning": "The image shows a camping tent with its poles visible and in place. The tent is set up in a grassy field with trees in the background. The poles are clearly visible, supporting the structure of the tent. The image is clear and well-lit, with no visible artifacts or distortions that would affect the quality. Therefore, the answer to Question 1 is True because the image is showing a camping tent. The answer to Question 2 is False because the poles are not missing; they are visible and part of the tent's structure. The quality of the image is rated 0.9 because it is clear and well-defined, with no significant issues affecting the visibility of the main object or its details."}, {"ans": [true, false, 1.0], "reasoning": "The image clearly depicts a cuckoo clock with intricate carvings and details, including a clock face and pendulum weights. The weights are visible at the bottom of the image, hanging from the clock. The image is of high quality, with clear and detailed carvings, and no visible artifacts or distortions."}, {"ans": [true, true, 0.95], "reasoning": "The image shows a smartphone with a reflective screen and a black border. The phone is positioned at an angle, with the bottom edge facing the viewer. The speaker grille is not visible on the visible sides of the phone. The image is clear and well-lit, with no visible artifacts or distortions that would affect the quality. Therefore, the answer to Question 1 is True because the image is showing a smartphone. The answer to Question 2 is True because the speaker grille is not visible from the smartphone in the given orientation. The quality of the image is rated 0.95 out of 1 because it is clear and well-lit, with only minor potential issues such as slight shadowing that does not significantly impact the visibility of the phone."}, {"ans": [true, false, 0.9], "reasoning": "The image clearly shows a motorcycle parked on a dirt road, facing the camera. The motorcycle is visible and appears to be in good condition. The speedometer is visible on the motorcycle, so it is not missing. The image is well-lit and the colors are natural, but there is some blurring in the background, which slightly reduces the quality score to 0.9."}, {"ans": [true, true, 1.0], "reasoning": "The image shows a violin bow. The bow is positioned diagonally across the image, with the bow stick made of light-colored wood and the frog and tip being black with silver accents. The hair of the bow is not visible, indicating it is either missing or not shown. The background is a red satin fabric that provides a luxurious and elegant setting for the bow. The image is clear and well-lit, with no visible artifacts or distortions that would detract from its quality."}, {"ans": [true, true, 0.95], "reasoning": "The image shows a birdcage hanging from the ceiling of a porch. The birdcage is the main object in the image and is clearly visible. Therefore, the answer to Question 1 is True. Upon closer inspection, it is evident that there is no perch visible inside the birdcage. Hence, the answer to Question 2 is True. The image is of high quality, with clear details and no noticeable artifacts or distortions. The only reason it doesn't score a perfect 1 is due to the slight overexposure around the birdcage, but this does not significantly impact the visibility of the main object or the overall quality."}, {"ans": [true, false, 1.0], "reasoning": "The image shows a statue of a woman in a classical setting. The statue is intact and has a head, so the answer to the first question is True. The head is visible, so the answer to the second question is False. The image is clear and of high quality, with no visible artifacts or distortions, so the quality score is 1."}, {"ans": [true, false, 1.0], "reasoning": "The image clearly shows a teddy bear sitting on a bed. The teddy bear has a visible nose, which is brown in color. The image is clear and of high quality, with no visible artifacts or distortions. Therefore, the answer to Question 1 is True, as the image is showing a teddy bear. The answer to Question 2 is False, as the nose is visible on the teddy bear. The quality of the image is rated 1.0, as it is clear and well-defined."}, {"ans": [true, false, 1.0], "reasoning": "The image clearly shows a pair of high-top sneakers with laces. The sneakers are positioned on a black mat in front of a door, and the laces are visible and tied. The image is sharp and well-lit, with no visible artifacts or distortions. Therefore, the answer to the first question is True because the image is showing sneakers. The answer to the second question is False because the laces are visible. The quality of the image is rated 1.0 because it is clear and well-defined, with no issues that would detract from the visibility of the sneakers or their details."}, {"ans": [true, false, 1.0], "reasoning": "The image clearly shows a refrigerator with its doors open, revealing the interior. The refrigerator is the main object in the image, and it is visible and well-defined. The door shelves are also visible on the inside of the refrigerator doors. The image is of high quality, with no visible artifacts, blurring, or other issues that would detract from its clarity. Therefore, the answer to Question 1 is True because the image is showing a refrigerator. The answer to Question 2 is False because the door shelves are visible. The quality of the image is rated as 1, indicating that it is of very high quality."}, {"ans": [true, false, 0.9], "reasoning": "The image depicts a group of young women gathered around a campfire in a wooded area. The campfire is the central focus, with flames clearly visible. The presence of the campfire and the flames answers the first question affirmatively. For the second question, the flames are not missing; they are clearly visible, so the answer is false. The image quality is high, with clear details and no significant artifacts or distortions, hence a quality score of 0.9. The slight deduction from 1 is due to the image possibly being overly processed or having a somewhat unnatural glow, but it does not significantly detract from the overall clarity or understanding of the scene."}, {"ans": [true, false, 1.0], "reasoning": "The image shows a drinking fountain with water flowing from it, indicating that it is present and visible. The main object, the drinking fountain, is clearly visible and appears to be in good condition. The image is of high quality, with no visible artifacts, blurring, or other issues that would detract from the overall clarity. Therefore, the answer to Question 1 is True, the answer to Question 2 is False, and the quality score is 1."}, {"ans": [true, false, 1.0], "reasoning": "The image clearly shows a revolver with a visible trigger guard. The main object in the image is a revolver, and it is displayed on a green cloth. The trigger guard is present and visible around the trigger. The image is of high quality, with clear details and no visible artifacts or distortions."}, {"ans": [true, false, 0.9], "reasoning": "The image is a detailed illustration of a compass rose, which is the main object. The compass rose is intricately designed with ornate details and a clear north arrow pointing upwards, indicating direction. The presence of the compass rose answers the first question affirmatively. For the second question, the north arrow is clearly visible, so it is not missing. The image quality is high, with clear lines and details, though it has a slightly aged, parchment-like appearance that might slightly reduce its clarity. The overall quality is still considered high, hence a score of 0.9."}, {"ans": [true, false, 0.9], "reasoning": "The image depicts a futuristic cityscape with skyscrapers, some of which have visible windows. The main objects in the image are the skyscrapers, and they are clearly visible. Therefore, the answer to Question 1 is True. For Question 2, the windows are visible on some of the skyscrapers, so the answer is False. The image is of high quality, with clear details and no visible artifacts or distortions, so the quality score is 0.9."}, {"ans": [true, true, 0.95], "reasoning": "The image depicts a man in a tuxedo standing on a podium, with his right arm raised and his left arm extended outward. He is surrounded by an orchestra, indicating that he is a conductor. The image is clear and well-lit, with no visible artifacts or distortions. The conductor's baton is not visible in his hands, suggesting that it is either missing or not visible. Therefore, the answer to Question 1 is True, as the image is showing a conductor. The answer to Question 2 is also True, as the baton is not visible. The quality of the image is rated 0.95 out of 1, as it is clear and well-composed, with no significant issues."}, {"ans": [true, true, 0.95], "reasoning": "The image depicts a soccer field with a goal visible on the left side. The goal consists of two white posts, but there is no visible crossbar connecting them. The absence of a visible crossbar indicates that it is either missing or not visible. The image is clear and well-defined, showing the details of the soccer field and the goalposts without any significant artifacts or distortions. Therefore, the quality of the image is rated high at 0.95."}, {"ans": [true, false, 1.0], "reasoning": "The image clearly shows a microscope on a table. The microscope is a compound microscope with a binocular eyepiece and multiple objective lenses. The lenses are visible and appear to be in place. The image is sharp and well-lit, with no visible artifacts or distortions. Therefore, the answer to Question 1 is True, as the image is showing a microscope. The answer to Question 2 is False, as the lenses are visible and not missing. The quality of the image is rated 1.0, as it is clear and well-defined, with no visible issues."}]