[{"ans": [true, false, 1.0], "reasoning": "The image clearly shows a sailboat with its sails visible and fully deployed. The sailboat is centered in the image, and the sails are white and prominent against the blue sky. There are no visible artifacts, blurring, or other issues that would detract from the image quality. Therefore, the answer to Question 1 is True because the image is showing a sailboat. The answer to Question 2 is False because the sails are not missing or invisible; they are clearly visible. The quality of the image is rated as 1 because it is clear and well-defined, with no noticeable issues."}, {"ans": [true, false, 0.9], "reasoning": "The image clearly shows a bicycle leaning against a brick wall. The bicycle is red with a black seat and silver wheels, and it appears to be in a relatively good condition. The chain is visible and appears to be intact, connecting the pedals to the gears on the rear wheel. The image is sharp and well-defined, with no visible artifacts or distortions that would detract from its quality. The only reason for not giving it a perfect score is the slight wear and tear visible on the brick wall and the ground, but this does not affect the clarity or integrity of the main subject, which is the bicycle."}, {"ans": [true, false, 1.0], "reasoning": "The image clearly shows a cat, fulfilling the first question's condition. The cat's whiskers are visible, so they are not missing or invisible, answering the second question as false. The image is of high quality, with no visible artifacts, blurring, or other issues that would decrease its quality score."}, {"ans": [true, false, 0.9], "reasoning": "The image depicts a castle with stone walls and towers, featuring an arched entrance. The main object, the castle, is present. The gates are visible at the entrance, so they are not missing or invisible. The image is clear and well-defined, with no noticeable artifacts or distortions that would significantly impact its quality. However, there is some graininess visible upon close inspection, which slightly reduces the quality score."}, {"ans": [true, false, 0.95], "reasoning": "The image clearly shows a hot-air balloon with a basket. The balloon is orange and yellow striped, and it is floating above a field with trees in the background. The basket is visible and appears to be attached to the balloon. The image is well-lit and has good resolution, with no visible artifacts or distortions. The quality of the image is high, with a score of 0.95 out of 1. The basket is not missing or invisible, so the answer to the second question is False."}, {"ans": [true, false, 0.9], "reasoning": "The image clearly depicts a turtle with a visible shell. The turtle is centered in the image, and its shell is prominent and easily visible. The image is of high quality, with clear details and no visible artifacts or distortions that would detract from the visibility of the turtle or its shell. The only reason for not giving it a perfect score is the slight texture visible on the background and possibly on the turtle, which could be interpreted as a minor artifact, but it does not significantly impact the overall clarity of the image."}, {"ans": [true, true, 0.9], "reasoning": "The image clearly shows a train at a station. The train is silver with a blue stripe and has its lights on. The platform and tracks are visible, and there are people on the platform. The wheels of the train are not visible as they are obscured by the platform and the angle of the image. The image is well-lit and clear, with no visible artifacts or distortions that would affect its quality."}, {"ans": [true, false, 0.9], "reasoning": "The image clearly shows a pair of eyeglasses with lenses. The glasses are positioned on a reflective surface, and both the glasses and their reflection are visible. The lenses are present and visible, indicating that they are not missing. The image is well-lit, with a clear view of the glasses and their details, although there is some shadowing. The overall quality of the image is high, with no noticeable artifacts, blurring, or other issues that would detract from the visibility of the glasses. The slight shadowing and reflection do not negatively impact the quality score as they are part of the image's natural lighting and composition."}, {"ans": [true, false, 1.0], "reasoning": "The image clearly shows a fountain pen with a visible nib, indicating that the main object is present and the nib is not missing. The image is of high quality with no visible artifacts or distortions."}, {"ans": [true, false, 0.9], "reasoning": "The image clearly shows an umbrella with a canopy, so the answer to the first question is True. The canopy is visible, so the answer to the second question is False. The image quality is high, with clear details and no visible artifacts or distortions, so the quality score is 0.9. The slight gradient effect on the wall and floor is likely a deliberate artistic choice rather than a quality issue."}, {"ans": [true, false, 1.0], "reasoning": "The image is showing a large white airplane on a runway, facing directly towards the viewer. The airplane has wings, which are clearly visible on both sides of the fuselage. The image is clear and of high quality, with no visible artifacts or distortions. The wings are not missing or invisible; they are a prominent feature of the aircraft. Therefore, the answer to the first question is True because the image is showing an airplane. The answer to the second question is False because the wings are visible. The quality of the image is rated as 1.0 because it is clear and detailed, with no visible issues."}, {"ans": [true, true, 1.0], "reasoning": "The image shows a desk lamp on a table with an open book in front of it. The lamp is gold-colored and has a curved arm, a round base, and a dome-shaped shade. The bulb is not visible as it is likely hanging down from the socket inside the shade but is not present. The image is clear and well-lit, with no visible artifacts or distortions. Therefore, the answer to Question 1 is True because the image is showing a desk lamp. The answer to Question 2 is True because the bulb is missing or not visible. The quality of the image is rated 1.0 because it is clear and well-lit, with no visible issues."}, {"ans": [true, false, 0.95], "reasoning": "The image is showing an electric guitar with a visible neck. The neck is clearly attached to the body of the guitar and is visible throughout its length. The image is of high quality, with clear details and no visible artifacts or distortions. The only reason it's not rated 1 is due to the slight shadow around the guitar, which is likely due to the lighting setup."}, {"ans": [true, false, 1.0], "reasoning": "The image clearly depicts a fish with visible fins, answering the first question affirmatively. For the second question, the fins are visible, so they are not missing or not visible. The image is of high quality with no noticeable artifacts, blurring, or unnatural elements."}, {"ans": [true, false, 1.0], "reasoning": "The image clearly shows a cottage with a roof, situated in a field. The cottage is centered in the image and is easily identifiable. The roof is visible and appears to be intact. The image is of high quality, with no visible artifacts, blurring, or other issues that would affect the interpretation of the scene. Therefore, the answer to Question 1 is True because the image is showing a cottage. The answer to Question 2 is False because the roof is visible and not missing. The quality score is 1.0 because the image is clear and well-defined, with no noticeable issues."}, {"ans": [true, false, 0.9], "reasoning": "The image is showing a classic convertible car. The windshield is visible and not missing. The image is clear and well-focused on the car's interior and exterior details, with a slight blur in the background due to the focus on the car. The quality of the image is high, with no noticeable artifacts or distortions that would detract from the overall view. However, the background is slightly out of focus, which is why the quality score is not 1."}, {"ans": [true, false, 1.0], "reasoning": "The image clearly shows a keyboard with a visible spacebar. The keyboard is well-lit and has a clear, sharp appearance, indicating high image quality. The spacebar is present and visible, so it is not missing."}, {"ans": [true, false, 0.95], "reasoning": "The image clearly shows an owl with visible feathers perched on a branch. The owl's body is covered in feathers, so the answer to the second question is False. The image is of high quality, with clear details and no visible artifacts or distortions, but the slight unnatural color of the moon and sky reduces the quality score slightly from 1 to 0.95."}, {"ans": [true, false, 1.0], "reasoning": "The image shows a book with a brown leather cover, lying on a wooden surface. The book is closed, and the pages are visible from the side, indicating that it has pages. The image is clear and well-lit, with no visible artifacts or distortions. Therefore, the answer to Question 1 is True, as the image is showing a book. The answer to Question 2 is False, as the pages are visible from the side, indicating that they are not missing or not visible. The quality of the image is rated 1, as it is clear and well-lit, with no visible artifacts or distortions."}, {"ans": [true, false, 0.95], "reasoning": "The image clearly shows a lighthouse on a rocky cliff, with a white tower and a red-roofed building next to it. The lighthouse has a glass-enclosed lantern room at the top, and a lamp is visible inside. The image is sharp and well-defined, with no visible artifacts or distortions. The quality of the image is high, with a score of 0.95 out of 1. For question 1, the image is showing a lighthouse, so the answer is True. For question 2, the lamp is visible inside the lantern room, so the answer is False."}, {"ans": [true, false, 1.0], "reasoning": "The image is showing an armchair, which is the main object. The chair appears to be on a rug, and its legs are partially visible, indicating that it is not missing legs. The image is clear and of high quality, with no visible artifacts or distortions. The quality score is 1.0 because the image is sharp and well-defined, with natural colors and no signs of blurring or other issues."}, {"ans": [true, false, 0.9], "reasoning": "The image clearly shows a deer standing in a forest, and it has antlers. The presence of the deer is evident, so the answer to the first question is True. The antlers are visible, so they are not missing or not visible, making the answer to the second question False. The image is of high quality, with clear details of the deer and its surroundings. However, the quality score is not 1 due to the slight blurring in the background, which is a result of the artistic style rather than a defect."}, {"ans": [true, false, 1.0], "reasoning": "The image clearly shows an envelope with its flap visible and closed. The envelope is white and is placed on a marble surface. The image is sharp and well-lit, with no visible artifacts or distortions. Therefore, the answer to the first question is True because the image is showing an envelope. The answer to the second question is False because the flap is visible. The quality of the image is rated as 1.0 because it is clear and well-defined, with no issues affecting its quality."}, {"ans": [true, true, 1.0], "reasoning": "The image clearly shows a wall clock on a wall above a table. The clock face is white with black hands but lacks numbers. Therefore, the answer to the first question is True because the image is showing a wall clock. The answer to the second question is also True because the numbers are missing from the clock face. The quality of the image is rated as 1 because it is clear, sharp, and free of artifacts or distortions."}, {"ans": [true, false, 1.0], "reasoning": "The image clearly shows a person wearing a white space suit with a helmet. The helmet is visible and appears to be part of the space suit. The image is of high quality, with no visible artifacts, blurring, or other issues that would affect the assessment."}, {"ans": [true, false, 1.0], "reasoning": "The image clearly depicts a windmill with visible blades in a field. The main object, the windmill, is present and identifiable. The blades are also visible, indicating they are not missing. The image is sharp and clear, with no visible artifacts or distortions that would affect its quality."}, {"ans": [true, true, 1.0], "reasoning": "The image depicts a tree without leaves, standing in a field. The main object, a tree, is present, so the answer to the first question is True. The leaves are not visible on the tree, so the answer to the second question is also True. The image is clear and well-defined, with no visible artifacts or distortions, so the quality score is 1.0."}, {"ans": [true, true, 1.0], "reasoning": "The image shows a yellow bus, which is the main object. The doors are not visible in the image, so they are considered missing or not visible. The image is clear and of high quality, with no visible artifacts or distortions."}, {"ans": [true, true, 1.0], "reasoning": "The image is showing a laptop, specifically an Apple MacBook, with its screen closed. The laptop is positioned on a white table against a plain background. The image is clear and well-lit, with no visible artifacts or distortions. The laptop is the main object in the image, and it is easily identifiable. The screen is not visible because it is closed, which aligns with the condition of being 'not visible'. Therefore, the answer to Question 1 is True because the image is showing a laptop. The answer to Question 2 is True because the screen is not visible. The quality of the image is rated as 1.0 because it is clear and free of any noticeable issues."}, {"ans": [true, true, 1.0], "reasoning": "The image clearly shows a trumpet lying on a red velvet cloth against a beige background. The trumpet is visible and appears to be intact, answering the first question affirmatively. Upon closer inspection, it's evident that the mouthpiece is not attached to the trumpet, thus it is missing. The image is of high quality, with clear details and no visible artifacts or distortions."}, {"ans": [true, false, 1.0], "reasoning": "The image clearly shows a robot with a head. The robot is standing in a laboratory setting, and its head is visible and not missing. The image is of high quality, with clear details and no visible artifacts or distortions."}, {"ans": [true, true, 1.0], "reasoning": "The image shows a candle, which is the main object. The candle appears to be a white, cylindrical pillar candle with vertical ridges on its surface. It is placed on a silver tray. Upon closer inspection, there is no visible wick on the top surface of the candle. The image is clear and well-lit, with no visible artifacts or distortions. The quality of the image is high, as it is sharp and well-defined."}, {"ans": [true, true, 0.98], "reasoning": "The image shows a pizza with a tomato sauce base, topped with basil leaves and salt. The crust is visible and appears to be cooked. There is no visible cheese on the pizza. The image is clear and well-defined, with no visible artifacts or distortions. The quality of the image is high, with a score of 0.98 out of 1. The main object in the image is a pizza, so the answer to Question 1 is True. The cheese is not visible, so the answer to Question 2 is True."}, {"ans": [true, false, 1.0], "reasoning": "The image is showing a DSLR camera with a lens attached, so the main object is present. The lens is visible and attached to the camera body, so it is not missing or invisible. The image is clear and well-lit, with no visible artifacts or distortions, hence the quality score is 1.0."}, {"ans": [true, false, 1.0], "reasoning": "The image depicts a grand piano in a concert hall. The piano is clearly visible and appears to be in good condition. The keys are visible and not missing. The image is of high quality with no visible artifacts, blurring, or other issues that would detract from the overall clarity. Therefore, the answer to Question 1 is True because the image is showing a piano. The answer to Question 2 is False because the keys are visible and not missing. The quality of the image is rated as 1.0 because it is clear and well-rendered."}, {"ans": [true, false, 1.0], "reasoning": "The image clearly shows a paintbrush with visible bristles on a paint-splattered palette. The bristles are present and not missing or invisible, so the answer to Question 2 is False. The image is of high quality with no visible artifacts, blurring, or unnatural colors, so the quality score is 1.0."}, {"ans": [true, false, 1.0], "reasoning": "The image is clearly showing a watch with a strap. The watch face is visible and the strap is attached to it. The strap is also clearly visible, so it is not missing or not visible. The image is of high quality, with clear details and no visible artifacts or distortions."}, {"ans": [true, false, 0.95], "reasoning": "The image clearly shows a person's mouth with their tongue visible. The mouth is open wide, and the tongue is clearly seen inside. The image is of high quality with clear details and no visible artifacts or distortions that would affect the visibility of the main object or the tongue."}, {"ans": [true, false, 1.0], "reasoning": "The image clearly shows a motorcycle with handlebars, so the answer to the first question is True. The handlebars are visible, so the answer to the second question is False. The image is of high quality with no visible artifacts, blurring, or other issues that would affect the quality score."}, {"ans": [true, false, 1.0], "reasoning": "The image clearly shows a vintage television set on a wooden cabinet. The television is turned off but its screen is visible, indicating that it is present and not missing. The image is well-lit and in focus, with no visible artifacts or distortions that would detract from its quality. Therefore, the answer to the first question is True because the image is showing a television. The answer to the second question is False because the screen is visible. The quality of the image is rated 1.0 as it is clear and free of noticeable issues."}, {"ans": [true, false, 0.95], "reasoning": "The image clearly shows a goat with horns standing on a rocky outcrop. The goat is white and has a shaggy coat. The horns are visible and appear to be a dark color. The image is well-defined and clear, with no visible artifacts or distortions that would affect the overall quality. The main object, the goat, is clearly visible and centered in the frame. The horns are also clearly visible, so they are not missing or invisible."}, {"ans": [true, false, 1.0], "reasoning": "The image clearly shows a red sneaker with white laces on a white surface. The sneaker is the main object in the image and is clearly visible. The laces are also visible, threaded through the eyelets. The image is sharp and well-lit, with no visible artifacts or distortions. Therefore, the answer to Question 1 is True, as the image is showing a sneaker. The answer to Question 2 is False, as the laces are not missing or invisible. The quality of the image is rated 1, as it is clear and well-defined."}, {"ans": [true, false, 0.95], "reasoning": "The image clearly shows a green frog sitting on a lily pad. The frog's eyes are visible and clearly defined, indicating that they are not missing. The image is sharp and well-defined, with good color representation and no noticeable artifacts or distortions that would detract from its quality. The only reason it does not receive a perfect score is due to the slight blurring around the edges of the image, particularly in the background."}, {"ans": [true, false, 1.0], "reasoning": "The image shows a cup with a handle on a saucer, both decorated with a blue floral pattern. The main object is a mug, so the answer to Question 1 is True. The handle is visible, so the answer to Question 2 is False. The image is clear and well-lit, with no visible artifacts or distortions, so the quality score is 1.0."}, {"ans": [true, false, 0.9], "reasoning": "The image clearly shows a saxophone with its keys visible. The saxophone is the main object in the image, and it is depicted in a clear and detailed manner. The keys are also visible, indicating that they are not missing. The image is of high quality, with good lighting and no visible artifacts or distortions. The only reason the quality score is not 1 is due to a slight vignette effect around the edges of the image."}, {"ans": [true, false, 1.0], "reasoning": "The image is showing a skateboard with its deck visible and two wheels partially visible, indicating that it is a skateboard. The wheels are not missing; they are just partially obscured from view. The image is clear and of high quality, with no visible artifacts or distortions."}, {"ans": [true, false, 1.0], "reasoning": "The image is showing a fedora hat with a brim. The brim is clearly visible around the hat. The image is of high quality with no visible artifacts, blurring, or other issues that would affect the quality score."}, {"ans": [true, false, 0.95], "reasoning": "The image clearly shows a motorcycle helmet with a visor. The helmet is centered on a wooden table, and the visor is clearly visible and not missing. The image is sharp and well-lit, with no visible artifacts or distortions that would affect the quality. The only reason for not giving it a perfect score is the slight reflection on the visor, but it doesn't significantly impact the overall quality."}, {"ans": [true, true, 1.0], "reasoning": "The image shows a bedframe with an ornate headboard and footboard, but without a mattress. The slats are visible, indicating that the mattress is not present. The image is clear and well-lit, with no visible artifacts or distortions. The quality of the image is high, so the quality score is 1.0."}, {"ans": [true, false, 1.0], "reasoning": "The image clearly depicts a clock tower, which is the main object in the scene. The clock face is visible on the tower, indicating that it is not missing. The image is of high quality, with clear details and no visible artifacts or distortions."}, {"ans": [true, false, 0.9], "reasoning": "The image shows a pocket watch with its cover open, revealing a white face with black Roman numerals and visible mechanical gears. The hands of the watch are clearly visible. The image is of high quality, with clear details and no visible artifacts or distortions that would significantly impact the visibility of the main object or its components. The quality score is 0.9 because the image is very clear and detailed, though not perfect due to slight blurring in the background."}, {"ans": [true, false, 0.9], "reasoning": "The image clearly shows a bicycle leaning against a wall. The bicycle is the main object in the image and is easily identifiable. For Question 1, the presence of a bicycle is confirmed, so the answer is True. For Question 2, the pedals are visible on the bicycle, so the answer is False. The image quality is high, with clear details of the bicycle and its components. However, the quality score is not 1 due to the slightly unnatural color tone of the image, which might be due to editing or the specific rendering of the scene."}, {"ans": [true, false, 0.95], "reasoning": "The image is showing a portrait of a woman. The woman's eyes are visible in the portrait. The image is a digital artwork that is well-rendered and clear, with no visible artifacts or distortions that would significantly impact its quality. The main subject, the portrait of the woman, is the central focus, and it is presented with good clarity. However, the quality score is not 1 due to the slight softness in the image and the lack of very fine details, which might be attributed to the style of the artwork rather than a loss in image quality."}, {"ans": [true, true, 0.9], "reasoning": "The image clearly shows a grand piano on a stage with spotlights shining down. The lid of the piano is open, but the interior is dark and the hammers are not visible. The image is well-lit on the piano itself and is clear, with no visible artifacts or distortions that would detract from its quality. The background, while somewhat blurry due to the fog and distance, does not negatively impact the perception of the piano. Therefore, the main object (the grand piano) is present, and the hammers are not visible, making the answer to the first question 'True' and the second question 'True'. The quality of the image is rated 0.9 because it is clear and well-composed, with appropriate lighting that highlights the piano."}, {"ans": [true, false, 0.9], "reasoning": "The image depicts a sailing ship with three masts and multiple sails, indicating that it is indeed a sailing ship. The sails are clearly visible, so they are not missing. The image is of high quality, with clear details and no visible artifacts or distortions. The slight degradation in quality is due to a minor haze effect in the background, but it does not significantly impact the overall clarity of the main subject."}, {"ans": [true, false, 1.0], "reasoning": "The image depicts a large tree with a wide canopy and visible leaves, standing in a grassy field. The tree's trunk is thick and gnarled, with branches that extend outward in all directions. The leaves are a light green color and are densely packed on the branches. The sky above is clear and blue. The image is of high quality, with no visible artifacts or distortions. The tree appears to be an oak tree, and it has leaves, so the answer to the first question is True. Since the leaves are visible, the answer to the second question is False."}, {"ans": [true, false, 0.9], "reasoning": "The image depicts a charming cottage with a stone exterior, a sloping roof, and lush greenery covering parts of the walls. The cottage is clearly visible and appears to be the main object in the image. The door is present and visible, which directly answers the second question. The image is of high quality, with clear details and natural colors, though it has a slight grainy texture that reduces its quality score to 0.9."}, {"ans": [true, false, 1.0], "reasoning": "The image clearly shows a passenger jet on a runway, with its wings visible and intact. The wings are not missing or invisible, they are clearly visible on both sides of the aircraft. The image is of high quality, with no visible artifacts, blurring, or other issues that would affect its clarity."}, {"ans": [true, true, 0.95], "reasoning": "The image clearly shows a wristwatch with a black leather strap and a silver face. The watch face is gray with black hands and markings for hours, but it does not display numbers. The watch is placed on a tan leather surface, which is positioned on a dark background. The image is well-lit and sharp, indicating high quality. The main object, a wristwatch, is present, so the answer to the first question is True. The numbers are not visible on the watch face, so the answer to the second question is True. The image quality is rated 0.95 because it is clear and well-defined, with no visible artifacts or distortions."}, {"ans": [true, true, 1.0], "reasoning": "The image is showing a pizza with a tomato sauce base and basil leaves on top. The crust is visible and appears to be cooked. There is no visible cheese on the pizza. The image is clear and well-lit, with no visible artifacts or distortions. The quality of the image is high, with a score of 1."}, {"ans": [true, false, 0.8], "reasoning": "The image clearly shows traffic signals hanging above the road. The traffic signals are visible and have lights on them, indicating that they are operational. The presence of the traffic signals and their lights directly answers both questions. For question 1, the presence of traffic signals confirms the answer as True. For question 2, since the lights are visible on the traffic signals, the answer is False. The quality of the image is rated 0.8 because while it is clear and well-lit, there is a slight overexposure in the center, which could be considered a minor flaw."}, {"ans": [true, false, 0.9], "reasoning": "The image clearly shows a skateboard with wheels. The skateboard is positioned on a gray surface, with its deck featuring a colorful design and its trucks and wheels visible. The wheels are yellow and appear to be intact, indicating that they are not missing. The image is well-lit, with a clear shadow cast by the skateboard, suggesting that it is a daytime scene with direct sunlight. The overall quality of the image is high, with no visible artifacts, blurring, or other issues that would detract from its clarity. Therefore, the answer to Question 1 is True, as the image does show a skateboard. The answer to Question 2 is False, as the wheels are visible and not missing. The quality score is 0.9, as the image is clear and well-defined, but may have some minor imperfections in the surface it is on."}, {"ans": [true, true, 0.95], "reasoning": "The image is showing a chessboard with gold-colored pieces, and all the black pieces are missing. The image is clear and well-rendered, with no visible artifacts or blurring. The chessboard and pieces are the main focus of the image, and they are displayed in a visually appealing way. The quality of the image is high, with a score of 0.95 out of 1. The absence of black pieces is not considered a factor in determining the quality score, as per the instructions."}, {"ans": [true, true, 1.0], "reasoning": "The image clearly shows a sports car in a well-lit room. The car is a red, two-door coupe with a sleek design, indicating it is a sports car. The brakes are not visible as the image does not show the brake calipers or rotors, likely because they are hidden behind the wheels. The image is of high quality, with clear details and no visible artifacts or distortions."}, {"ans": [true, true, 1.0], "reasoning": "The image is showing a book with blank white pages, and the cover is closed. The book is clearly visible on a wooden table. The text is not visible because the book is closed and the pages are blank. The image is of high quality with no visible artifacts or distortions."}, {"ans": [true, false, 1.0], "reasoning": "The image clearly shows a computer tower with its side panel removed, revealing the internal components. The fans are visible inside the tower, so they are not missing or not visible. The image is of high quality, with clear details and no visible artifacts or distortions."}, {"ans": [true, false, 1.0], "reasoning": "The image clearly depicts a scarecrow standing in a field of wheat. The scarecrow is wearing a straw hat, a plaid shirt, and jeans, and has straw protruding from its head and arms. The scarecrow's arms are outstretched and visible, attached to a wooden post. The image is sharp and well-defined, with no visible artifacts or distortions. Therefore, the answer to Question 1 is True, as the image is showing a scarecrow with arms. The answer to Question 2 is False, as the arms are visible. The quality of the image is rated 1.0, as it is clear and well-defined."}, {"ans": [true, true, 0.9], "reasoning": "The image depicts a man in armor, which is consistent with the representation of a knight. The man is wearing a full suit of armor, including a breastplate, shoulder guards, and gauntlets, which are typical of a knight's attire. However, there is no visible sword in the image. The belt around the knight's waist suggests that he might be wearing a sword, but it is not visible. Therefore, for Question 1, the answer is True because the image is showing a knight. For Question 2, the answer is True because the sword is not visible. The quality of the image is rated 0.9 because it is a clear and detailed representation of a knight in armor, with no noticeable artifacts or distortions."}, {"ans": [true, false, 1.0], "reasoning": "The image clearly shows a teapot with a handle, spout, and lid, which are typical characteristics of a teapot. The teapot is white with a floral design and is placed on a wooden tray. The handle is visible on the right side of the teapot. The image is sharp and well-lit, with no visible artifacts or distortions. Therefore, the answer to Question 1 is True because the image is showing a teapot. The answer to Question 2 is False because the handle is visible. The quality of the image is rated 1.0 because it is clear and well-defined, with no noticeable issues."}, {"ans": [true, false, 1.0], "reasoning": "The image clearly shows a basketball hoop with a net attached to it. The hoop is centered in the frame, and the net is visible and intact. The image is well-lit, and the colors are natural and vibrant. There are no visible artifacts, blurring, or other issues that would detract from the quality of the image."}, {"ans": [true, false, 1.0], "reasoning": "The image is showing a dining table with two place settings, each including a plate, silverware, and a napkin. Glasses are also visible on the table, specifically at the top right corner of the image. Therefore, the answer to Question 1 is True because the image is showing a dining table. The answer to Question 2 is False because the glasses are not missing; they are visible on the table. The quality of the image is rated as 1.0 because it is clear and well-defined, with no visible artifacts, blurring, or other issues that would detract from its quality."}, {"ans": [true, false, 0.95], "reasoning": "The image clearly shows a typewriter on a wooden desk, with a sheet of paper inserted into it. The typewriter is black and has a visible ribbon, indicating that it is not missing. The image is well-lit and in focus, with no visible artifacts or distortions. The quality of the image is high, with a score of 0.95 out of 1. The main object, the typewriter, is clearly visible, and the ribbon is also visible, answering both questions."}, {"ans": [true, true, 1.0], "reasoning": "The image shows a winter jacket with a fur-lined hood, hanging on a hanger against a gray wall. The jacket is beige and has a buttoned front. There is no visible zipper on the jacket. The image is clear and well-defined, with no visible artifacts or distortions. The quality of the image is high, rated as 1. For question 1, the image is showing a winter jacket, so the answer is True. For question 2, the zipper is not visible on the jacket, so the answer is True."}, {"ans": [true, false, 1.0], "reasoning": "The image clearly depicts a sunflower with its characteristic yellow petals and dark center. The seeds are visible in the center of the flower, arranged in a spiral pattern. The image is sharp and well-defined, with no visible artifacts or distortions. Therefore, the answer to Question 1 is True, as the image is showing a sunflower. The answer to Question 2 is False, as the seeds are visible in the image. The quality of the image is rated as 1.0, indicating that it is of high quality with no noticeable issues."}, {"ans": [true, false, 1.0], "reasoning": "The image clearly depicts an elephant, which is the main object in question. The elephant is shown with its trunk visible, indicating that the trunk is not missing. The image is of high quality with clear details and no visible artifacts or distortions. Therefore, the answer to the first question is True, the answer to the second question is False, and the quality of the image is rated as 1.0."}, {"ans": [true, true, 1.0], "reasoning": "The image clearly shows a rowboat floating on calm water. The boat is empty and there are no oars visible inside or outside the boat. The image is sharp and well-lit, with no visible artifacts or distortions. The quality of the image is high, and it accurately represents the scene."}, {"ans": [true, false, 1.0], "reasoning": "The image clearly shows a snowman in the foreground, indicating that the main object is present. The snowman has a hat, scarf, and a face with a mouth made of dots, which could be interpreted as buttons. Since the 'buttons' are visible, they are not missing. The image is clear and well-defined, with no visible artifacts or distortions, hence the quality is rated as 1.0."}, {"ans": [true, true, 0.95], "reasoning": "The image shows a fountain pen on top of a notebook. The pen is black with silver accents and has a gold nib. The nib is visible and appears to be clean, with no visible ink. The notebook is white with a red cover. The image is well-lit and in focus, with no visible artifacts or distortions. The quality of the image is high, with a score of 0.95. For question 1, the image is showing a fountain pen, so the answer is True. For question 2, the ink is not visible in the nib, so the answer is True."}, {"ans": [true, false, 1.0], "reasoning": "The image clearly shows a paintbrush with bristles on a paint palette. The bristles are visible and not missing, so the answer to the first question is True and the second question is False. The image is sharp and clear, with no visible artifacts or distortions, so the quality score is 1.0."}, {"ans": [true, false, 1.0], "reasoning": "The image clearly shows a pair of eyeglasses with temples, so the answer to the first question is True. The temples are visible, so the answer to the second question is False. The image is of high quality, with no visible artifacts, blurring, or other issues, so the quality score is 1.0."}, {"ans": [true, true, 0.9], "reasoning": "The image clearly shows a person holding an umbrella on a rainy street. The umbrella is the main object, and it is visible despite the rain. The ribs of the umbrella are not clearly visible due to the angle and the rain, making them hard to see. The image is of high quality with no noticeable artifacts or blurring that affects the main object."}, {"ans": [true, false, 1.0], "reasoning": "The image clearly shows a wristwatch with a visible face and hour markers. The watch is displayed inside a glass sphere, and the image is rendered in high detail with clear visibility of the watch's components. The hour markers are visible on the watch face, indicating that they are not missing. The image quality is high, with no visible artifacts, blurring, or other issues that would detract from the overall clarity of the image."}, {"ans": [true, false, 1.0], "reasoning": "The image clearly shows a camping tent with its fabric stretched over poles, indicating that the main object is indeed a camping tent. The poles are visible, although partially obscured by the tent's fabric, so they are not missing or entirely invisible. The image is of high quality, with clear details and no visible artifacts or distortions."}, {"ans": [true, false, 1.0], "reasoning": "The image clearly shows a cuckoo clock with intricate carvings and three visible weights hanging from the bottom. The weights are clearly visible, indicating that they are not missing. The image is of high quality, with detailed carvings and no visible artifacts or distortions."}, {"ans": [true, true, 0.95], "reasoning": "The image is showing a smartphone, which is the main object. The phone is viewed from the back, and the speaker grille is not visible from this angle. The image is clear and well-lit, with no visible artifacts or distortions that would affect its quality. The quality score is 0.95 because the image is very clear and well-defined, with proper lighting and no noticeable issues."}, {"ans": [true, true, 0.9], "reasoning": "The image is clearly showing a motorcycle. The motorcycle is centered in the image and is facing forward, with its handlebars and front wheel visible. The image is sharp and clear, with no visible artifacts or distortions. The speedometer is not visible in the image, as it is likely located on the handlebars or dashboard, which are not fully visible. Therefore, the answer to the first question is True, and the answer to the second question is also True. The quality of the image is high, with a score of 0.9, as it is clear and well-defined, with no visible issues."}, {"ans": [true, true, 1.0], "reasoning": "The image shows a violin bow without hair. The bow is clearly visible on a red satin background, and there are no visible artifacts or distortions that would affect the quality of the image. The absence of hair on the bow is evident, making it clear that the hair is missing or not visible."}, {"ans": [true, true, 0.95], "reasoning": "The image shows a birdcage hanging from a porch ceiling. The cage is made of gold-colored metal with intricate designs and has a dome-shaped top. The bars are thin and vertical, and there is no visible perch inside the cage. The background is a serene setting with trees and a bright sky, indicating a daytime scene. The image is clear and well-lit, with no visible artifacts or distortions that would detract from its quality. The main object, the birdcage, is clearly visible, answering the first question affirmatively. Upon closer inspection, it is evident that there is no perch visible within the birdcage, supporting a positive response to the second question. The overall quality of the image is high, with a score of 0.95 out of 1, as it is sharp and well-composed, with natural colors and no noticeable defects."}, {"ans": [true, false, 1.0], "reasoning": "The image is showing a statue of a woman with a head, so the answer to the first question is True. The head is visible, so the answer to the second question is False. The image is clear and well-defined, with no visible artifacts or distortions, so the quality is rated as 1.0."}, {"ans": [true, false, 0.95], "reasoning": "The image clearly shows a teddy bear, so the answer to the first question is True. The teddy bear has a visible nose, so the answer to the second question is False. The image is of high quality, with clear details and no visible artifacts or distortions, so the quality score is 0.95."}, {"ans": [true, false, 0.95], "reasoning": "The image clearly shows a pair of white sneakers with laces, positioned on a brown mat against a white wall. The sneakers are the main focus of the image, and they are well-defined and clear. The laces are visible and appear to be properly tied. The image is sharp and well-lit, with no visible artifacts or distortions that would detract from its quality. The only minor deduction in quality comes from the slight shadow under the shoes, but it does not significantly impact the overall clarity. Therefore, the image is of high quality, scoring 0.95 out of 1. For Question 1, the image is showing sneakers, so the answer is True. For Question 2, the laces are visible, so the answer is False."}, {"ans": [true, false, 1.0], "reasoning": "The image clearly shows a refrigerator with its door open, revealing the interior. The main object, the refrigerator, is present. The door shelves are visible on the inside of the door, so they are not missing or invisible. The image is clear and of high quality, with no visible artifacts or distortions."}, {"ans": [true, false, 0.7], "reasoning": "The image depicts a group of women gathered around a campfire, with flames clearly visible. The presence of the campfire and the flames answers the first question affirmatively. For the second question, the flames are visible, so the answer is false. The image quality is rated 0.7 due to the foggy and misty atmosphere, which slightly obscures the details, but the main elements are still discernible."}, {"ans": [true, false, 1.0], "reasoning": "The image clearly shows a drinking fountain with water visible in it. The fountain is made of stainless steel and has a modern design. The water is visible inside the fountain, indicating that it is not missing. The image is clear and well-lit, with no visible artifacts or distortions. Therefore, the quality of the image is rated as 1."}, {"ans": [true, false, 1.0], "reasoning": "The image clearly shows a revolver with a visible trigger guard. The revolver is centered in the image, and its details are sharp and clear. The trigger guard is present and visible around the trigger. The image is of high quality with no visible artifacts, blurring, or other issues that would detract from its clarity."}, {"ans": [true, false, 0.9], "reasoning": "The image is a sepia-toned illustration of a compass rose with a north arrow. The compass rose is centered in the image and has a decorative design with a north arrow pointing upwards. The image is clear and well-defined, with no visible artifacts or distortions. The quality of the image is high, with a score of 0.9. The main object, the compass rose, is present in the image, so the answer to Question 1 is True. The north arrow is also visible, so the answer to Question 2 is False."}, {"ans": [true, false, 0.95], "reasoning": "The image clearly shows a cityscape with multiple skyscrapers, so the answer to the first question is True. Upon closer inspection, the windows on the skyscrapers are visible, so the answer to the second question is False. The image is of high quality, with clear details and no visible artifacts or distortions, so the quality score is 0.95. The slight deduction from 1 is due to the subtle gradient effect in the sky, which might be considered a minor processing artifact, but it does not significantly impact the overall clarity of the image."}, {"ans": [true, true, 0.9], "reasoning": "The image depicts a man in a tuxedo standing on a podium with his arms outstretched, facing an audience of musicians. The context suggests he is a conductor. His hands are empty and visible, indicating that he is not holding a baton. The image is clear and well-defined, with no visible artifacts or distortions that would detract from its quality. Therefore, the answer to the first question is True because the image is showing a conductor. The answer to the second question is True because the baton is not visible in the conductor's hands. The quality of the image is rated 0.9, as it is clear and well-defined, with proper lighting and no noticeable issues."}, {"ans": [false, true, 1.0], "reasoning": "The image does not show a soccer goal; it appears to be a green field with white lines, likely representing a sports field or soccer pitch. The main object or feature related to a soccer goal (the goalposts and crossbar) is not visible. Therefore, the answer to the first question is False. Since there is no visible soccer goal, the crossbar is considered missing or not visible, making the answer to the second question True. The image quality is high, with clear lines and no visible artifacts or distortions, so the quality score is 1.0."}, {"ans": [true, false, 1.0], "reasoning": "The image clearly shows a microscope on a table. The microscope has eyepieces and objective lenses visible, indicating that it is not missing lenses. The image is sharp and well-lit, with no visible artifacts or distortions. Therefore, the answer to Question 1 is True because the image is showing a microscope. The answer to Question 2 is False because the lenses are visible on the microscope. The quality of the image is rated 1.0 because it is clear and well-defined, with no issues that would detract from its quality."}, {"ans": [true, false, 1.0], "reasoning": "The image clearly shows a guitar with strings. The guitar is positioned against a white brick wall, and its body and neck are visible, along with the strings that are attached to the tuning pegs at the top of the neck and stretched down to the bridge on the body. Since the guitar is the main object and it is clearly visible, the answer to the first question is True. For the second question, the strings are present and visible, so the answer is False. The image is of high quality, with no visible artifacts, blurring, or other issues that would detract from its clarity or the visibility of the guitar and its strings."}, {"ans": [true, false, 0.9], "reasoning": "The image clearly shows a bicycle with two visible wheels. The main object, a bicycle, is present, so the answer to the first question is True. The wheels are visible, so the answer to the second question is False. The image is clear and well-defined, with no noticeable artifacts or distortions that would significantly impact the quality. However, there is a slight vignette effect and some minor blurring in the background, which might slightly reduce the overall quality. Thus, the quality score is 0.9."}, {"ans": [true, false, 1.0], "reasoning": "The image clearly shows an owl perched on a wooden post with a full moon in the background. The owl's eyes are visible, indicating that they are not absent. The image is sharp and clear, with no visible artifacts or distortions that would affect its quality."}, {"ans": [true, false, 1.0], "reasoning": "The image shows a silver car parked in a parking lot at night, with a streetlight illuminating it. The car is visible and has doors, which are clearly shown. The image is clear and of high quality, with no visible artifacts or distortions. Therefore, the answer to Question 1 is True, as the image is showing a car. The answer to Question 2 is False, as the doors are not missing or not visible; they are clearly visible on the car. The quality of the image is rated as 1, indicating it is of very high quality."}, {"ans": [true, false, 0.9], "reasoning": "The image depicts a castle situated on a cliff, surrounded by mountains and trees. The castle is the main object in the image, and it is clearly visible. Therefore, the answer to Question 1 is True. For Question 2, the image shows several windows on the tower of the castle, so the answer is False. The quality of the image is rated 0.9 because it is clear and detailed, with no visible artifacts or distortions."}, {"ans": [true, false, 1.0], "reasoning": "The image clearly shows a pocket watch with Roman numerals on its face, indicating that it is indeed a pocket watch and the numbers are visible."}, {"ans": [true, false, 0.9], "reasoning": "The image is clearly showing a Ferris wheel with cabins attached to it. The cabins are visible and not missing. The image is of high quality with a clear view of the Ferris wheel and its cabins, although it has a slightly purple and orange tint due to the sunset, which does not affect its quality."}, {"ans": [true, false, 0.9], "reasoning": "The image shows a cat sleeping on a windowsill. The cat is clearly visible and appears to be a typical domestic cat with orange fur and darker stripes. The cat's tail is also visible, extending out of the frame to the right. The image is well-lit and in focus, with no visible artifacts or distortions that would detract from its quality. The presence of the tail is evident as it is seen continuing from the cat's body. Therefore, the answer to the first question is True because the image does show a cat. The answer to the second question is False because the tail is not absent; it is visible. The quality of the image is rated 0.9 because it is clear and well-focused, with no significant issues."}, {"ans": [true, false, 0.9], "reasoning": "The image clearly depicts an elephant with a trunk, standing in a field of tall, yellow grass. The elephant is facing the camera, and its trunk is visible and intact. The image is of high quality, with clear details and no visible artifacts or distortions. The only reason for not giving it a perfect score is the slight haze in the background, but it does not affect the main subject."}, {"ans": [true, false, 0.8], "reasoning": "The image is showing a tree with visible branches, so the main object is present. The branches are not absent, they are visible in the image. The image quality is good, but it has a slightly unnatural color tone and some artifacts, so the quality score is 0.8."}, {"ans": [true, false, 1.0], "reasoning": "The image shows a wooden chair with four visible legs. The chair is centered in the image and is clearly visible against a plain background. The legs of the chair are not missing or invisible; they are clearly visible and appear to be intact. The image is of high quality, with no visible artifacts, blurring, or other issues that would detract from its clarity."}, {"ans": [true, true, 0.9], "reasoning": "The image depicts a large sailing ship with three masts, floating on calm waters. The ship is the main object in the image, and it is clearly visible. The sails are not visible, indicating they are either missing or not deployed. The image is clear and well-defined, with no noticeable artifacts or distortions that would detract from its quality. The overall condition of the image is good, hence the quality score is 0.9."}, {"ans": [true, false, 1.0], "reasoning": "The image shows a painter's palette with paint splatters on it, surrounded by paintbrushes. The palette is white and has a few spots of paint on it, indicating that it has been used. There are also some paint smudges and splatters around the palette. The presence of paint on the palette and brushes indicates that paint is not absent. Therefore, the answer to Question 1 is True, and the answer to Question 2 is False. The image is clear and well-lit, with no visible artifacts or distortions, so the quality score is 1.0."}, {"ans": [true, true, 1.0], "reasoning": "The image clearly shows a typewriter on a wooden table. The typewriter is positioned in a way that its front is visible, and it is evident that the keys are missing or not visible as they are typically located at the front of the typewriter. The image is sharp and well-lit, with no visible artifacts or distortions that would affect its quality. Therefore, the answer to the first question is True because the image is showing a typewriter. The answer to the second question is also True because the keys are not visible. The quality of the image is rated as 1.0 because it is clear and well-defined, with no noticeable issues."}, {"ans": [true, false, 0.95], "reasoning": "The image shows a white mug with steam rising from it, indicating that it contains hot liquid. The mug is clearly visible and appears to be on a table or countertop. The handle of the mug is visible on the right side. The image is well-lit and in focus, with no visible artifacts or distortions. The quality of the image is high, with a score of 0.95 out of 1. The main object, the mug, is present, so the answer to the first question is True. The handle is visible, so the answer to the second question is False."}, {"ans": [true, false, 1.0], "reasoning": "The image clearly shows a katana with its blade partially drawn from the scabbard. The presence of the blade is evident, so the answer to the first question is True. Since the blade is visible, the answer to the second question is False. The image is of high quality, with clear details and no visible artifacts or distortions, so the quality score is 1.0."}, {"ans": [true, false, 1.0], "reasoning": "The image clearly shows a smartphone with a visible screen. The screen is black, indicating it might be turned off or in a state of not displaying content, but it is present and visible. The image is clear and of high quality, with no visible artifacts, blurring, or other issues that would detract from its quality."}, {"ans": [true, false, 1.0], "reasoning": "The image clearly shows an airplane on a runway, with its wings visible on both sides. The wings are not missing or invisible; they are clearly visible and appear to be in good condition. The image is sharp and well-lit, with no visible artifacts or distortions that would affect its quality. Therefore, the answer to the first question is True, and the answer to the second question is False. The quality of the image is rated as 1.0, indicating that it is of high quality."}, {"ans": [true, false, 0.9], "reasoning": "The image is showing a cowboy hat with a brim, and the brim is visible. The image is clear and well-defined, with no visible artifacts or distortions that would affect the quality. The quality score is 0.9 because the image has some minor texture and shading effects on the wall, but they do not significantly impact the overall clarity of the main object, the cowboy hat."}, {"ans": [true, false, 1.0], "reasoning": "The image clearly shows a green frog sitting on a leaf. The frog has visible legs, so the legs are not missing or not visible. The image is of high quality with clear details and no visible artifacts or distortions."}, {"ans": [true, false, 1.0], "reasoning": "The image clearly shows a teapot with a spout, lid, and handle. The teapot is white with blue floral designs and is placed on a wooden tray. The spout is visible and not missing. The image is sharp and well-lit, with no visible artifacts or distortions. Therefore, the answer to Question 1 is True because the image is showing a teapot. The answer to Question 2 is False because the spout is present and visible. The quality of the image is rated 1.0 because it is clear and well-defined, with no noticeable issues."}, {"ans": [true, false, 0.95], "reasoning": "The image is clearly showing a snowman with a head, so the answer to the first question is True. The head is visible, so the answer to the second question is False. The image is of high quality, with clear details and no visible artifacts or distortions, so the quality score is 0.95."}, {"ans": [true, false, 0.95], "reasoning": "The image is showing a laptop with a visible keyboard. The laptop is open and sitting on a table in what appears to be a conference room or office space. The image is clear and well-lit, with no visible artifacts or distortions that would detract from its quality. The keyboard is clearly visible, so it is not missing or not visible."}, {"ans": [true, false, 0.95], "reasoning": "The image is showing a pair of glasses with lenses on top of a book. The glasses are clearly visible and the lenses are present, so the answer to Question 1 is True. Since the lenses are visible, the answer to Question 2 is False. The image quality is high, with clear details and no visible artifacts or distortions, so the quality score is 0.95. The slight deduction is due to the presence of shadows, but it does not affect the overall clarity of the image."}, {"ans": [true, false, 0.9], "reasoning": "The image clearly shows railroad tracks with rails present and visible. The rails are not missing or invisible; they are a prominent part of the image. The quality of the image is high, with clear details and no visible artifacts or distortions that would detract from the overall clarity. The only reason for not giving it a perfect score is the slightly unnatural color tone, but it does not significantly impact the visibility or understanding of the image content."}, {"ans": [true, false, 1.0], "reasoning": "The image clearly shows a streetlamp with a bulb enclosed within a glass casing. The streetlamp is the main object in the image, and it is visible and well-defined. The bulb is present and visible inside the glass casing. The image is of high quality, with no visible artifacts, blurring, or other issues that would affect the visibility of the streetlamp or the bulb."}, {"ans": [true, false, 1.0], "reasoning": "The image shows a swing hanging from a tree branch. The swing has a visible seat, which is a wooden plank. Therefore, the answer to Question 1 is True because the image is showing a swing. The answer to Question 2 is False because the seat is visible. The quality of the image is rated as 1 because it is clear and well-defined, with no visible artifacts or distortions."}, {"ans": [true, true, 0.9], "reasoning": "The image depicts a grand piano in a dimly lit room with the lid open. The piano is the main object in the image, and it is clearly visible despite the dim lighting. The image does not show the strings inside the piano, which are typically visible when the lid is open. Therefore, for Question 1, the answer is True because the image is showing a piano. For Question 2, the answer is True because the strings are not visible, hence considered absent. The quality of the image is rated 0.9 because it is slightly dim and has some shadows, but the main object (the piano) is clear and well-defined. There are no visible artifacts, blurring, or other issues that would significantly impact the quality."}, {"ans": [true, false, 1.0], "reasoning": "The image is showing a patio umbrella, which is a type of umbrella. The fabric of the umbrella is visible and appears to be intact. The image is clear and well-lit, with no visible artifacts or distortions. Therefore, the answer to Question 1 is True, the answer to Question 2 is False, and the quality of the image is 1."}, {"ans": [true, false, 1.0], "reasoning": "The image is showing a white sneaker with a sole, which is clearly visible. The sneaker is placed on a wooden surface, and the sole is facing downwards, making it visible. The image is well-lit, and there are no visible artifacts or distortions. Therefore, the answer to Question 1 is True, and the answer to Question 2 is False. The quality of the image is rated as 1.0, indicating that it is of high quality."}, {"ans": [true, false, 0.9], "reasoning": "The image shows a red fire hydrant with two visible outlets on the sides. The main object, a fire hydrant, is present in the image. The outlets are visible, so they are not missing or not visible. The image is clear and well-lit, but there is a slight texture visible on the background, which might be considered a minor artifact, hence the quality score is not 1 but 0.9."}, {"ans": [true, true, 0.95], "reasoning": "The image shows a banana on a cutting board. The banana is yellow and has a stem at one end. The stem is partially visible but appears to be present. The image is clear and well-lit, with no visible artifacts or distortions. The quality of the image is high, with a score of 0.95 out of 1. For question 1, the image is showing a banana, so the answer is True. For question 2, the stem is visible, but it is not very prominent, however, it is not missing or not visible, so the answer is False. However, upon closer inspection, it can be seen that the stem is actually present, so the correct answer for question 2 is False. However, the question asks if the stem is missing or not visible, and since it is visible, the correct answer is False. "}, {"ans": [true, false, 1.0], "reasoning": "The image clearly shows a wall clock with hands, mounted on a wall above a door. The clock's face is white with black Roman numerals and black hands, indicating the time. The image is sharp and well-defined, with no visible artifacts or distortions. Therefore, the answer to Question 1 is True because the image is showing a wall clock. The answer to Question 2 is False because the hands are visible on the clock. The quality of the image is rated as 1.0 because it is clear and well-defined, with no visible issues."}, {"ans": [true, false, 1.0], "reasoning": "The image clearly shows a peacock with its tail feathers fully visible and spread out. The main object, the peacock, is present and identifiable. The tail feathers are not missing or invisible; they are a prominent feature of the image. The image is of high quality, with clear details and no visible artifacts or distortions."}, {"ans": [true, false, 0.9], "reasoning": "The image clearly shows a shopping cart with four visible wheels. The main object is a shopping cart, so the answer to the first question is True. Since the wheels are visible, the answer to the second question is False. The image quality is high, with clear details of the cart and its wheels, but there is some graininess visible upon close inspection, hence a quality score of 0.9."}, {"ans": [true, false, 0.95], "reasoning": "The image is showing a compass with a visible needle. The compass is centered in the image and is placed on top of a map. The needle is clearly visible and is pointing towards the top of the image. The image is of high quality, with clear details and no visible artifacts or distortions. The quality score is 0.95, indicating a very good image quality."}, {"ans": [true, true, 1.0], "reasoning": "The image clearly shows a violin. The bridge, which is a crucial component of a violin, is not visible in the image. The image is of high quality with no visible artifacts, blurring, or other issues that would detract from its clarity. The violin is centered and well-lit, showcasing its details."}, {"ans": [true, false, 1.0], "reasoning": "The image clearly depicts a motorcycle with its engine visible. The motorcycle is positioned on a circular platform, and the engine is not obscured or missing. The image is of high quality, with clear details and no visible artifacts or distortions."}, {"ans": [true, false, 1.0], "reasoning": "The image clearly shows a wristwatch with a white face and brown leather strap on a marble surface. The watch face is visible and has hands, so the main object is present. The hands are visible, so they are not missing or invisible. The image is sharp and clear, with no visible artifacts or distortions, indicating high quality."}, {"ans": [true, false, 1.0], "reasoning": "The image clearly shows a bus, so the answer to the first question is True. The windows of the bus are visible, although they appear dark due to the reflection or tinting, so the answer to the second question is False. The image is of high quality, with no visible artifacts, blurring, or other issues that would affect the quality score."}, {"ans": [true, false, 0.95], "reasoning": "The image clearly shows a flamingo standing in water, with its body and legs visible. The wings are partially visible, folded against the body, so they are not missing or invisible. The image is sharp and clear, with no visible artifacts or distortions that would affect its quality. The only reason for a quality score less than 1 is the slight reflection and ripples in the water, but these do not significantly impact the overall clarity of the image."}, {"ans": [true, true, 0.9], "reasoning": "The image shows a book with a brown leather cover and gold embossing on the spine. The cover is standing upright on a wooden surface, with the front cover opened outwards to reveal a blank, beige-colored page. The pages appear to be missing or not visible as the book is opened to show a single, large blank page. The background is a blurred bookshelf filled with books, indicating a library or study setting. The image is clear and well-defined, with no visible artifacts or distortions. Therefore, the answer to Question 1 is True, as the image is showing a book. The answer to Question 2 is also True, as the pages are not visible or appear to be missing. The quality of the image is rated 0.9, as it is clear and well-defined, with no visible issues."}, {"ans": [true, true, 0.95], "reasoning": "The image depicts a suit of armor, which is typically associated with a knight. The armor is displayed on a mannequin or stand, and it appears to be a historical or museum piece. The image is clear and well-lit, with no visible artifacts or distortions that would detract from its quality. The armor is intact and appears to be in good condition, but there is no visible sword. Therefore, the answer to Question 1 is True, as the image is showing a knight statue without a sword. The answer to Question 2 is also True, as the sword is missing or not visible. The quality of the image is rated as 0.95, indicating a high level of clarity and detail."}, {"ans": [true, false, 1.0], "reasoning": "The image is clearly showing a ring with a gemstone. The gemstone is visible and not missing. The image quality is high with no visible artifacts, blurring, or other issues that would detract from its clarity."}, {"ans": [true, false, 1.0], "reasoning": "The image clearly depicts a windmill with blades in a field of sunflowers. The windmill is the main object and is visible with its blades intact. The image is of high quality with no visible artifacts, blurring, or unnatural colors. Therefore, the answer to the first question is True because the image shows a windmill. The answer to the second question is False because the blades are present and visible. The quality of the image is rated 1.0 as it is clear and well-defined."}, {"ans": [true, false, 1.0], "reasoning": "The image clearly shows a skateboard with wheels. The skateboard is centered in the image, and its wheels are visible. The image is of high quality, with clear details and no visible artifacts or distortions. Therefore, the answer to Question 1 is True because the image is showing a skateboard. The answer to Question 2 is False because the wheels are not missing or invisible; they are clearly visible. The quality of the image is rated 1 because it is clear and well-defined, with no noticeable issues."}, {"ans": [true, false, 1.0], "reasoning": "The image clearly depicts a tortoise with a visible shell. The tortoise is centered in the image, and its shell is fully visible, indicating that the shell is not missing or invisible. The image is of high quality, with clear details and no visible artifacts or distortions."}, {"ans": [true, false, 0.95], "reasoning": "The image clearly shows a camera mounted on a tripod, with the lens visible and facing towards the cityscape in the background. The camera is the main object in the image, and it is not blurry or distorted. The background is blurred, but this is likely a deliberate artistic choice rather than a result of poor image quality. The overall image is well-composed and clear, with no visible artifacts or distortions that would detract from its quality. Therefore, the answer to Question 1 is True, as the image is showing a camera. The answer to Question 2 is False, as the lens is visible on the camera. The quality of the image is rated as 0.95, indicating a high level of clarity and resolution."}, {"ans": [true, false, 0.9], "reasoning": "The image depicts a greenhouse with a clear glass roof and walls, containing various plants. The main object, the greenhouse, is present. The glass panels are visible, so they are not missing or invisible. The image quality is high, with clear details of the greenhouse and plants, but slight fogginess in the distance slightly reduces the quality score."}, {"ans": [true, true, 0.95], "reasoning": "The image shows a firefighter's helmet, which is the main object in the image. The helmet is orange with a black chin strap and appears to be made of a shiny material. The visor is not visible, indicating that it is either missing or not visible. The image is clear and well-lit, with no visible artifacts or distortions. The quality of the image is high, with a score of 0.95 out of 1."}, {"ans": [true, false, 0.9], "reasoning": "The image clearly shows a bicycle leaning against a brick wall. The bicycle is red with a black seat and has two wheels that are visible and appear to be intact. There are no visible signs of the wheels being missing or not visible. The image is well-lit and the details of the bicycle are clear, indicating a high-quality image. However, the quality score is not 1 due to the presence of some noise and texture that gives the image a slightly gritty appearance."}, {"ans": [true, false, 0.95], "reasoning": "The image shows a wristwatch with a white face and brown leather strap. The watch face is clearly visible, and it has hands. Therefore, the answer to Question 1 is True because there is a wristwatch in the image. The answer to Question 2 is False because the hands are visible on the watch face. The quality of the image is rated 0.95 because it is clear and well-focused, with no visible artifacts or distortions that would detract from the visibility of the watch."}, {"ans": [true, true, 0.9], "reasoning": "The image depicts a teapot with a lid, placed on a table covered with a white lace tablecloth. The teapot is white with blue floral designs and has two handles on either side. The spout of the teapot is not visible as it is facing away from the camera. The image is clear and well-lit, with no visible artifacts or distortions. The quality of the image is high, with a score of 0.9 out of 1. The main object, the teapot, is present in the image, so the answer to the first question is True. The spout is not visible, so the answer to the second question is True."}, {"ans": [true, false, 1.0], "reasoning": "The image clearly shows a pair of eyeglasses with lenses on an open book. The presence of the eyeglasses with lenses directly answers the first question. For the second question, the lenses are visible, so they are not absent. The image is clear and well-lit, with no visible artifacts or distortions that would affect the quality score."}, {"ans": [true, false, 0.9], "reasoning": "The image depicts a sailboat docked at a wooden pier. The sailboat is present and has a mast, which is visible and intact. The mast is standing upright, and there are ropes attached to it, indicating that it is not missing. The image is clear, and the details of the sailboat and its surroundings are well-defined, suggesting a high-quality image. The only reason the quality score is not 1 is due to the slight haze in the background, which slightly reduces the overall clarity."}, {"ans": [true, false, 1.0], "reasoning": "The image clearly shows a globe with a stand on a table. The globe is centered and well-lit, with a clear view of the continents and oceans. The stand is visible and appears to be made of metal. There are no visible artifacts, blurring, or other issues that would affect the quality of the image. Therefore, the answer to Question 1 is True, as there is a globe in the image. The answer to Question 2 is False, as the stand is present. The quality of the image is rated 1.0, as it is clear and well-defined."}, {"ans": [true, false, 1.0], "reasoning": "The image depicts a white umbrella with a canopy, attached to a door handle. The umbrella is clearly visible and appears to be in good condition, with no visible damage or defects. The canopy is present and not missing. The image is of high quality, with clear details and no visible artifacts or distortions."}, {"ans": [true, false, 0.98], "reasoning": "The image clearly shows a guitar standing on a stand in a dimly lit room with a bar in the background. The guitar is fully visible and appears to be in good condition. The strings on the guitar are also visible, indicating that they are not missing. The image is well-lit, with three round lights shining down on the guitar, and there are no visible artifacts or distortions that would detract from the overall quality of the image. Therefore, the answer to Question 1 is True, as there is a guitar in the image. The answer to Question 2 is False, as the strings are visible and not missing. The quality of the image is rated as 0.98, indicating a very high level of quality with minimal room for improvement."}, {"ans": [true, true, 0.9], "reasoning": "The image features a prominent lighthouse with red and white stripes, standing tall on a rocky outcrop surrounded by water. The lighthouse is the main object in the image. Upon closer inspection, it is evident that the lighthouse does not have a visible door. The image is clear and well-defined, with no noticeable artifacts or distortions that would detract from its quality. The foggy background and the presence of other structures around the lighthouse do not impact the visibility of the lighthouse itself. Therefore, the answer to Question 1 is True because there is a lighthouse in the image. The answer to Question 2 is also True because the door is not visible on the lighthouse. The quality of the image is rated 0.9 due to its clarity and lack of significant distortions."}, {"ans": [true, false, 1.0], "reasoning": "The image clearly shows an airplane in a hangar. The airplane is visible and appears to be intact with its wings present, although partially supported by stands. The image is clear and well-lit, with no visible artifacts or distortions that would affect the quality. Therefore, the answer to Question 1 is True because there is an airplane. The answer to Question 2 is False because the wings are not missing; they are visible and supported by stands. The quality of the image is rated 1 because it is clear and well-rendered."}, {"ans": [true, true, 0.9], "reasoning": "The image depicts a fortress or castle situated on a rocky outcrop surrounded by water, with multiple towers and flags. The main object, the fortress, is clearly visible. However, there is no visible drawbridge connecting the fortress to the land or another structure. The image is of high quality with clear details and no visible artifacts or distortions that would significantly impact the perception of the main object. The absence of a drawbridge is not considered a factor in assessing the image quality."}, {"ans": [true, true, 0.9], "reasoning": "The image depicts a vintage car parked on the side of a road at night, under the light of a streetlamp. The car is a sedan, and its headlights are not visible, likely because they are not turned on or are obscured from view. The image is clear and well-lit, with no visible artifacts or distortions that would detract from its quality. The main object, the sedan, is clearly visible. Therefore, the answer to Question 1 is True because there is a sedan in the image. The answer to Question 2 is True because the headlights are not visible. The quality of the image is rated 0.9 because it is clear and well-lit, with no noticeable issues."}, {"ans": [true, false, 1.0], "reasoning": "The image depicts a large, mature tree with a broad canopy and a sturdy trunk, situated in a grassy field. The tree is centered in the image and appears to be an oak tree due to its characteristic shape and foliage. The leaves are present and green, indicating that the tree is in a state of full foliage. The image is clear and well-defined, with no visible artifacts or distortions. Therefore, the answer to Question 1 is True, as there is an oak tree in the image. The answer to Question 2 is False, as the leaves are not absent. The quality of the image is rated as 1.0, indicating that it is of high quality with no visible issues."}, {"ans": [true, false, 1.0], "reasoning": "The image clearly shows a green frog sitting on a lily pad in the water. The frog is centered and its features are well-defined, indicating that the main object (the frog) is present. The legs of the frog are visible, so they are not missing or invisible. The image is sharp and clear, with no visible artifacts or distortions that would affect its quality. Therefore, the quality of the image is rated as 1.0."}, {"ans": [true, false, 0.95], "reasoning": "The image clearly shows a wooden rocking chair on a porch. The chair is intact and has a seat, although it appears worn and weathered. The presence of the chair answers the first question affirmatively. For the second question, the seat is visible, so it is not missing or invisible. The image is of high quality, with clear details and no significant artifacts or distortions, hence a quality score of 0.95. The slight deduction from 1 is due to the worn and weathered appearance of the chair and the wall, which might be considered a minor quality issue but does not affect the clarity of the main subject."}, {"ans": [true, false, 1.0], "reasoning": "The image clearly shows a film camera with a lens attached to it. The camera is positioned on a glass shelf against a neutral background, and the lens is visible and appears to be properly attached. There are no visible artifacts, blurring, or other issues that would affect the quality of the image. Therefore, the answer to Question 1 is True because there is a film camera in the image. The answer to Question 2 is False because the lens is present and not absent. The quality of the image is rated as 1.0 because it is clear and well-defined, with no noticeable issues."}, {"ans": [true, true, 1.0], "reasoning": "The image features a book with a black cover and gold embellishments standing upright on a table. The book's cover is closed, and the pages are not visible. The presence of the book is evident, answering the first question affirmatively. For the second question, since the pages are not visible due to the book being closed, it is considered that the pages are not visible. The image is clear and well-lit, with no visible artifacts or distortions, hence the quality is rated as 1.0."}, {"ans": [true, false, 1.0], "reasoning": "The image clearly depicts an hourglass on a table, with sand visible inside it. The hourglass is the main object in the image and is clearly visible, so the answer to the first question is True. The sand is also visible, so the answer to the second question is False. The image is of high quality, with no visible artifacts, blurring, or other issues, so the quality score is 1.0."}, {"ans": [true, false, 1.0], "reasoning": "The image clearly shows a sparrow perched on a wooden post. The sparrow is visible and identifiable, with its wings present but folded against its body. The image is sharp and well-defined, with no noticeable artifacts or distortions that would affect the visibility of the sparrow or its wings. Therefore, the answer to Question 1 is True because there is a sparrow in the image. The answer to Question 2 is False because the wings are not absent; they are visible, albeit folded. The quality of the image is rated 1.0 because it is clear and well-defined, with no issues that would detract from the visibility of the main subject or its features."}, {"ans": [true, false, 0.95], "reasoning": "The image features a prominent clock tower with a visible clock face. The clock tower is the central focus of the image, and the clock face is clearly illuminated and visible. The image is of high quality, with clear details and no noticeable artifacts or distortions. The presence of the clock tower and its clock face directly answers both questions."}, {"ans": [true, false, 1.0], "reasoning": "The image clearly shows a ski mask on a mannequin head, with visible eye holes. The presence of the ski mask answers the first question affirmatively. For the second question, the eye holes are visible, so they are not missing or not visible. The image is of high quality, with no visible artifacts, blurring, or other issues that would detract from its clarity."}, {"ans": [true, false, 1.0], "reasoning": "The image clearly shows a frying pan with a handle on a stovetop. The pan is centered and the handle is visible, extending downwards from the bottom of the pan. The image is sharp and well-lit, with no visible artifacts or distortions. Therefore, the answer to Question 1 is True because there is a frying pan in the image. The answer to Question 2 is False because the handle is visible. The quality of the image is rated as 1 because it is clear and well-defined, with no noticeable issues."}, {"ans": [true, false, 0.95], "reasoning": "The image depicts a red scooter with handlebars, parked on a cobblestone street in front of a building. The scooter is the main object in the image and is clearly visible. The handlebars are present and visible, indicating that they are not missing. The image is of high quality, with clear details and no visible artifacts or distortions. The only reason for not giving it a perfect score is the slight wear and tear visible on the building in the background, but this does not affect the main object or the overall quality of the image."}, {"ans": [true, false, 0.9], "reasoning": "The image clearly shows a snail with a shell on a leaf. The snail is the main object and is visible, so the answer to the first question is True. The shell is present on the snail, so the answer to the second question is False. The image is of high quality, with clear details and no visible artifacts or distortions, so the quality score is 0.9."}, {"ans": [true, true, 1.0], "reasoning": "The image clearly shows a backpack leaning against a tree trunk in a forest setting. The backpack is black and has multiple zippers and pockets. The straps of the backpack are not visible as they are either tucked away or not present in the view. The image is clear and well-lit, with no visible artifacts or distortions that would affect the quality. Therefore, the answer to Question 1 is True because there is a backpack in the image. The answer to Question 2 is True because the straps are not visible. The quality of the image is rated as 1.0 because it is clear and well-defined, with no noticeable issues."}, {"ans": [true, true, 1.0], "reasoning": "The image depicts a mailbox mounted on a wooden post in a field. The mailbox is blue with a red flag, but the flag is not visible as it is in the lowered position, indicating it is not being used to signal mail. For Question 1, the presence of a mailbox is confirmed, so the answer is True. For Question 2, the flag is present but not raised; since the question asks if the flag is absent, and it is not absent, the answer is False. However, given the specific phrasing of the instructions and the fact that 'absent' typically means not present at all, the correct interpretation here aligns with understanding 'absent' as not visible or not raised. The image is clear and well-defined, with no visible artifacts or distortions, hence the quality score is 1.0."}, {"ans": [true, false, 1.0], "reasoning": "The image clearly shows a vintage television set on a wooden stand in a room. The television is the main object and is visible. The screen is present and visible, although it is not turned on. The image is clear and well-lit, with no visible artifacts or distortions. Therefore, the answer to Question 1 is True because there is a television in the image. The answer to Question 2 is False because the screen is not missing or invisible; it is clearly visible. The quality of the image is rated 1.0 because it is clear and free of noticeable defects."}, {"ans": [true, false, 1.0], "reasoning": "The image depicts a lamp on a wooden table next to a stack of papers. The lamp is turned on and has a brass finish. The bulb is visible inside the lamp, indicating that it is present. Therefore, the answer to Question 1 is True because there is a lamp in the image. The answer to Question 2 is False because the bulb is not absent; it is visible and appears to be lit. The image quality is rated as 1.0 because it is clear and well-lit, with no visible artifacts or distortions."}, {"ans": [true, false, 0.9], "reasoning": "The image clearly shows a helmet with a visor. The visor is present and visible, attached to the helmet. The image is sharp and well-lit, showing the details of the helmet and its surroundings. The quality of the image is high, with no noticeable artifacts or blurring. The presence of dust or powder on the helmet and the table does not detract from the overall quality. Therefore, the answer to the first question is True because there is a helmet in the image. The answer to the second question is False because the visor is not missing; it is visible and attached to the helmet."}, {"ans": [true, true, 0.9], "reasoning": "The image depicts a grand piano on a stage, illuminated by spotlights. The piano is positioned in the center of the image, with its lid open and facing to the right. The keys are not visible as they are facing away from the viewer and are likely hidden by the piano's body. The image is well-lit, with clear details of the piano and the stage. The quality of the image is high, with no visible artifacts or distortions. Therefore, the answer to Question 1 is True, as there is a piano in the image. The answer to Question 2 is also True, as the keys are not visible. The quality of the image is rated 0.9, indicating a high-quality image with no significant issues."}, {"ans": [true, false, 1.0], "reasoning": "The image clearly depicts a windmill with blades standing in a field of wheat under a blue sky with clouds. The presence of the windmill with its blades is evident, answering the first question affirmatively. For the second question, the blades are visible and present, so they are not absent. The image is of high quality, with clear details and no visible artifacts or distortions, thus scoring 1.0 in quality."}, {"ans": [true, false, 0.95], "reasoning": "The image features a telescope mounted on a tripod, indicating the presence of a telescope. The eyepiece is visible and appears to be attached to the telescope, so it is not missing. The image is clear and well-lit, with no visible artifacts or distortions that would significantly impact the quality. However, the quality score is not 1 due to the slight graininess and the dark, monochromatic color scheme, which might be considered less than ideal."}, {"ans": [true, false, 0.9], "reasoning": "The image clearly shows a stroller with wheels, so the answer to the first question is True. The wheels are visible in the image, so the answer to the second question is False. The image is in black and white, which is not a quality issue. The image is slightly grainy, but it is still clear and sharp, so the quality score is 0.9. The slight graininess is the reason for not giving a perfect score."}, {"ans": [true, true, 0.95], "reasoning": "The image shows a cat sleeping on a windowsill. The cat is curled up with its head resting on its paws, and its body is facing the viewer. The cat's tail is not visible in the image, suggesting that it is either absent or tucked under the cat's body. The image is well-lit and clear, with no visible artifacts or distortions. The quality of the image is high, with a score of 0.95 out of 1. The main object, the cat, is present in the image, so the answer to Question 1 is True. The tail is not visible, so the answer to Question 2 is True."}, {"ans": [true, false, 1.0], "reasoning": "The image clearly shows a pipe with a stem on top of a book. The pipe is visible and has a distinct stem, indicating that the stem is present and not missing. The image is of high quality, with clear details and no visible artifacts or distortions."}, {"ans": [true, false, 1.0], "reasoning": "The image depicts a fountain pen with a visible nib, indicating that it is present. The pen is clearly visible and well-defined, with no visible artifacts or distortions that would affect its quality. The nib is also clearly visible, indicating that it is not absent. Therefore, the answer to Question 1 is True, and the answer to Question 2 is False. The quality of the image is rated as 1.0, indicating that it is of high quality."}, {"ans": [true, true, 1.0], "reasoning": "The image clearly shows a picture frame with an ornate gold design, containing a black and white portrait of a man. The frame is centered on a wall, illuminated by a spotlight, and there is no visible glass covering the portrait. The quality of the image is high, with clear details and no visible artifacts or distortions."}, {"ans": [true, false, 0.9], "reasoning": "The image clearly shows a skateboard with wheels. The skateboard is positioned in the center of the image, and its four wheels are visible. The presence of the wheels indicates that they are not missing. The image is well-lit, with clear details of the skateboard and its components. The quality of the image is high, with no noticeable artifacts or blurring that would detract from the visibility of the skateboard or its wheels. Therefore, the answer to the first question is True, and the answer to the second question is False. The quality of the image is rated 0.9 due to the slight blurring of the background."}, {"ans": [true, false, 0.95], "reasoning": "The image shows a ring with a gemstone in a box. The ring is clearly visible and has a large gemstone, so the answer to the first question is True. The gemstone is present and visible, so the answer to the second question is False. The image is of high quality, with clear details and no visible artifacts or distortions, so the quality score is 0.95."}, {"ans": [true, false, 1.0], "reasoning": "The image clearly depicts a rocket on a launchpad. The rocket is white with a pointed nose and has three visible fins at its base. The presence of the rocket is evident, so the answer to the first question is True. The fins are visible, so they are not missing or invisible, making the answer to the second question False. The image is clear and well-defined, with no visible artifacts, blurring, or other issues that would affect its quality. Therefore, the quality score is 1.0."}, {"ans": [true, false, 0.9], "reasoning": "The image clearly shows a pair of headphones on top of a sound mixing board. The headphones are visible and appear to be intact with ear pads present. The image is in black and white, and the quality is generally good, with clear details of the headphones and the mixing board. There are no visible artifacts, blurring, or other issues that would significantly detract from the image quality. The presence of the ear pads is evident, so they are not missing or invisible."}, {"ans": [true, true, 1.0], "reasoning": "The image shows a gray T-shirt with a gradient circle design on it, displayed on a shelf. The T-shirt is the main object in the image. For Question 1, the presence of a T-shirt is confirmed, so the answer is True. For Question 2, the sleeves of the T-shirt are not visible as they are folded or tucked in, so the answer is True. The image quality is high, with clear details and no visible artifacts or distortions, so the quality score is 1.0."}, {"ans": [true, false, 0.95], "reasoning": "The image clearly shows a snowman with a hat and a visible nose. The snowman is well-defined and centered in the image, indicating that it is the main object. The nose is present and visible, so the answer to the second question is False. The image is of high quality with clear details and no visible artifacts or distortions, hence the quality score is 0.95."}, {"ans": [true, false, 1.0], "reasoning": "The image clearly shows a sneaker with laces, so the answer to the first question is True. Since the laces are visible, the answer to the second question is False. The image is of high quality, with clear details and no visible artifacts or distortions, so the quality score is 1.0."}, {"ans": [true, false, 1.0], "reasoning": "The image depicts a lantern hanging from a wooden beam. The lantern is made of metal and has a glass pane enclosure around the light source. The glass panes are visible and intact, held in place by metal wires. The lantern is lit, indicating that it is functional. The image is clear and well-defined, with no visible artifacts or distortions. Therefore, the answer to Question 1 is True because there is a lantern in the image. The answer to Question 2 is False because the glass panes are visible and not missing. The quality of the image is rated as 1.0 because it is clear and free of any noticeable issues."}, {"ans": [true, false, 0.95], "reasoning": "The image clearly shows a keyboard, so the answer to the first question is True. The spacebar is visible on the keyboard, so the answer to the second question is False. The image is of high quality, with clear details and no visible artifacts or distortions, so the quality score is 0.95. The slight deduction is due to the fact that the image is a close-up and the keyboard is not fully visible, but this does not affect the main object or the key element."}, {"ans": [true, false, 0.95], "reasoning": "The image clearly shows a teddy bear sitting on a bed, leaning against pillows. The teddy bear is light brown with a white muzzle and has visible eyes, nose, and mouth. The presence of the teddy bear answers the first question affirmatively. For the second question, the eyes are clearly visible, so they are not absent. The image is of high quality, with clear details and no visible artifacts or distortions. The slight deduction in quality score is due to a minor softness in the image, but it does not significantly impact the visibility of the main object."}, {"ans": [true, false, 1.0], "reasoning": "The image clearly shows a basketball hoop with a net attached to it. The main object, the basketball hoop, is present in the image. The net is also visible, indicating it is not missing. The image is clear and well-defined, with no visible artifacts or distortions that would affect the quality. Therefore, the quality of the image is rated as 1.0."}, {"ans": [true, false, 1.0], "reasoning": "The image clearly shows a wine glass with a stem on a napkin, accompanied by a knife and fork. The presence of the wine glass answers the first question affirmatively. For the second question, the stem is visible, so it is not absent. The image is of high quality, with clear details and no visible artifacts or distortions."}, {"ans": [true, false, 1.0], "reasoning": "The image features a pocket mirror with an ornate silver frame, which is the main object. The mirror is closed, and its reflective surface is visible, indicating that it is not missing. The image is clear and well-lit, with no visible artifacts or distortions. The quality of the image is high, with a score of 1. For question 1, the answer is True because there is a pocket mirror in the image. For question 2, the answer is False because the reflective surface is visible."}]