[{"ans": [true, false, 1.0], "reasoning": "The image depicts a sailboat on the water, with its mast and rigging visible. Although the sails are not fully extended, they are partially visible, indicating that they are not entirely missing. The presence of the sailboat and its sails, even if not fully deployed, satisfies the condition for Question 1. For Question 2, since the sails are partially visible, they are not considered missing or not visible. The image is clear and well-defined, with no apparent issues that would detract from its quality."}, {"ans": [true, false, 0.9], "reasoning": "The image clearly shows a bicycle, so the answer to the first question is True. The chain is visible and attached to the gears, so the answer to the second question is False. The image is well-lit and the bicycle is centered, but the quality is not perfect due to some minor compression artifacts, so the quality score is 0.9."}, {"ans": [true, false, 0.9], "reasoning": "The image clearly shows a cat sitting on a windowsill. The cat is centered and well-lit, with its face and body clearly visible. The whiskers on the cat's face are also clearly visible, indicating that they are present and not missing. The image is of high quality, with good lighting and focus, which is why the quality score is 0.9. The presence of whiskers is confirmed by their visibility on the cat's face, so the answer to the second question is False."}, {"ans": [true, true, 0.9], "reasoning": "The image depicts a stone structure with an archway and walls, characteristic of a castle. The presence of the archway and the stone walls indicates that it is a castle, answering the first question affirmatively. For the second question, the gates are not visible within the archway or anywhere else in the image, suggesting they are either missing or not visible. The image is clear and well-lit, with no significant obstructions or distractions, supporting a high-quality rating of 0.9. The absence of gates does not negatively impact the quality score as per the instructions."}, {"ans": [true, false, 1.0], "reasoning": "The image is showing a hot-air balloon with a basket, so the answer to the first question is True. The basket is visible in the image, so the answer to the second question is False. The image is clear and well-lit, with no visible defects or distortions, so the quality score is 1."}, {"ans": [true, false, 1.0], "reasoning": "The image clearly shows a turtle with a visible shell. The turtle is centered in the image, and its shell is clearly visible on its back. Therefore, the answer to Question 1 is True because the image is showing a turtle. The answer to Question 2 is False because the shell is visible. The quality of the image is rated as 1 because it is clear and well-lit, and there are no visible issues that would detract from the visibility of the turtle or its shell."}, {"ans": [true, false, 0.9], "reasoning": "The image clearly shows a train at a station, indicating that the main object is indeed a train. For the second question, the wheels of the train are visible, so they are not missing or invisible. The image is of high quality, with clear details of the train and the station, hence a quality score of 0.9."}, {"ans": [true, false, 0.9], "reasoning": "The image clearly shows a pair of eyeglasses with lenses. The glasses are placed on a reflective surface, and both the actual glasses and their reflection are visible. The lenses are present and clearly visible, indicating that they are not missing. The image is well-lit, with good contrast and focus on the glasses, contributing to its high quality. The slight blur in the background does not detract from the overall clarity of the main subject, the eyeglasses."}, {"ans": [true, false, 0.9], "reasoning": "The image shows a fountain pen with a visible nib, indicating that the main object is indeed a fountain pen and the nib is present and visible. The quality of the image is high, with clear details of the pen and its components, hence a score of 0.9."}, {"ans": [true, true, 0.8], "reasoning": "The image shows a metal frame of an umbrella, which is the main object. The canopy is missing, as only the metal frame is visible. The image is clear and well-lit, and the main object is centered. The quality is rated 0.8 because the image is slightly grainy and the wall in the background is peeling, but it does not affect the visibility of the main object."}, {"ans": [true, false, 1.0], "reasoning": "The image clearly shows a white airplane on a runway, with its wings visible. The presence of the airplane directly answers the first question. For the second question, the wings are not missing or invisible; they are clearly visible on both sides of the plane. The image is of high quality, with clear details of the airplane and its surroundings."}, {"ans": [true, false, 1.0], "reasoning": "The image is showing a desk lamp with a bulb. The bulb is visible and appears to be lit, as indicated by the light emanating from it. The image is clear and well-lit, allowing for a detailed view of the lamp and the book on the table. The quality of the image is high, with no visible distortions or issues that would detract from the viewer's understanding of the scene."}, {"ans": [true, false, 0.9], "reasoning": "The image is showing an electric guitar with a visible neck. The guitar is hanging on a wall, and the neck is clearly visible, extending upwards from the body. The body of the guitar is a sunburst color, and it has three pickups and a white pickguard. The neck is light brown with frets. Since the neck is visible, the answer to the second question is False. The image is of high quality, with clear details of the guitar, so the quality score is 0.9."}, {"ans": [true, false, 1.0], "reasoning": "The image clearly shows a fish with visible fins, so the answer to the first question is True. Since the fins are visible, the answer to the second question is False. The image is clear and well-lit, showing the fish and its details sharply, so the quality is rated as 1."}, {"ans": [true, false, 1.0], "reasoning": "The image depicts a small, two-story brick house with a gable roof, situated in a field. The house is centered in the image and appears to be a cottage. The roof is visible and intact, covering the house. Therefore, the answer to Question 1 is True because the image is showing a cottage. The answer to Question 2 is False because the roof is not missing and is clearly visible. The quality of the image is rated 1.0 because it is clear and well-defined, with no visible distortions or issues that would detract from the viewer's understanding of the scene."}, {"ans": [true, true, 0.9], "reasoning": "The image shows a red vintage convertible car with its top down, which directly answers the first question. The windshield is not visible as it is folded down with the hood, making it 'not visible' and thus answering the second question as true. The image is clear and well-lit, showing the details of the car and its surroundings, hence the high quality score."}, {"ans": [true, true, 0.8], "reasoning": "The image shows a keyboard with a colorful backlight. The spacebar is not visible, as there are two keys labeled 'X' on either side of the '603' key, indicating that the spacebar is likely missing or not visible. The image is clear and well-lit, with a good view of the keyboard, hence a high quality score."}, {"ans": [true, false, 1.0], "reasoning": "The image clearly shows an owl perched on a branch, with detailed feathers visible across its body. The presence of the owl and its feathers is evident, making the answer to the first question 'True'. Since the feathers are clearly visible, the answer to the second question is 'False'. The image is of high quality, with clear details and a well-composed scene, so the quality score is '1'."}, {"ans": [true, true, 1.0], "reasoning": "The image shows a book with a leather cover, lying open on a wooden surface. The pages are not visible as they are blank and not distinct from one another, appearing as a single, continuous surface. The book's presence is clear, fulfilling the condition for Question 1. For Question 2, the pages are not visible as separate entities, thus they can be considered as missing or not visible. The image quality is high, with clear details of the book and its surroundings, hence the quality score is 1."}, {"ans": [true, false, 0.9], "reasoning": "The image clearly depicts a lighthouse on a cliffside, indicating that the main object (lighthouse) is present. The lamp is visible within the glass-enclosed lantern room at the top of the lighthouse, so it is not missing or invisible. The image is of high quality, capturing the details of the lighthouse and its surroundings, with the cloudy sky and rocky cliffside adding to the overall clarity and context of the scene."}, {"ans": [true, false, 1.0], "reasoning": "The image shows a beige armchair with a patterned rug underneath it. The chair is positioned in a way that its legs are visible, indicating that it is not missing legs. The image is clear and well-lit, allowing for a good view of the chair and its features. Therefore, the answer to Question 1 is True because the image is showing an armchair. The answer to Question 2 is False because the legs are visible. The quality of the image is rated as 1.0 because it is clear and well-lit, and the key elements of the chair are visible."}, {"ans": [true, true, 0.9], "reasoning": "The image clearly shows a deer standing in a forest. The deer is centered and facing the camera, with its ears perked up and alert. The image is well-lit, with the sun shining through the trees in the background, creating a warm and natural ambiance. The deer's body is fully visible, and its features are clearly defined. There are no visible antlers on the deer's head. The overall quality of the image is high, with good resolution and detail. The only reason for not giving it a perfect score is the slight blurriness in the background, but this does not detract from the main subject, which is the deer."}, {"ans": [true, false, 0.9], "reasoning": "The image shows an envelope, which is the main object. The envelope is white and has a flap that is visible and not missing. The quality of the image is high, with clear details of the envelope and the marble background. The score is 0.9 because the image is clear and well-lit, but not perfect due to minor imperfections in the marble background."}, {"ans": [true, true, 1.0], "reasoning": "The image is showing a wall clock, which is the main object. The clock face is white with black hands, but there are no numbers visible on the clock face. Therefore, the numbers are missing or not visible. The image is clear and well-lit, with no visible distortions or issues that would affect its quality."}, {"ans": [true, false, 1.0], "reasoning": "The image depicts a person wearing a white space suit with a helmet, floating in a pool. The presence of the space suit is evident, addressing the first question. For the second question, the helmet is clearly visible on the person's head, indicating it is not missing or invisible. The image is clear and well-lit, showing all details of the space suit and the environment, thus scoring high on quality."}, {"ans": [true, false, 1.0], "reasoning": "The image clearly depicts a windmill standing in a field of wheat. The windmill is visible with its blades intact and clearly visible. Therefore, for question 1, the answer is True because the image is showing a windmill. For question 2, the answer is False because the blades are present and visible. The quality of the image is rated 1 because it is clear and well-defined, with the windmill and its blades clearly visible."}, {"ans": [true, true, 0.9], "reasoning": "The image prominently features a large tree without leaves, standing in a field with other similar trees in the background. The main tree is centered and has a distinctive shape with many branches and a thick trunk. The sun is visible through the branches, creating a starburst effect. The image is well-composed and clear, indicating a high-quality visual representation."}, {"ans": [true, true, 1.0], "reasoning": "The image shows a yellow school bus parked in front of a building. The bus is clearly visible, and its identity as a bus is not in question. For Question 1, the image is showing a bus, so the answer is True. For Question 2, the doors of the bus are not visible as the image captures the side of the bus, making it impossible to see the doors. Therefore, the answer is True because the doors are not visible. The image quality is rated 1 because it is clear and well-defined, with no issues that would hinder the interpretation of the content."}, {"ans": [true, true, 1.0], "reasoning": "The image shows a laptop, specifically an Apple MacBook, on a wooden table. The laptop is open and facing away from the viewer, with its screen not visible. Therefore, the answer to Question 1 is True because the image is showing a laptop. The answer to Question 2 is True because the screen is not visible. The quality of the image is rated 1 because it is clear and well-lit, and the laptop is the main focus of the image."}, {"ans": [true, true, 0.8], "reasoning": "The image is showing a trumpet, which is the main object. The trumpet is clearly visible, and its features are well-defined. The mouthpiece is not visible, as it is not attached to the trumpet. Therefore, the answer to Question 1 is True. The mouthpiece is missing or not visible, so the answer to Question 2 is True. The image quality is good, with clear details of the trumpet, so the quality score is 0.8."}, {"ans": [true, false, 1.0], "reasoning": "The image clearly depicts a robot with a visible head, standing in a laboratory setting. The robot's head is not only present but also clearly visible, with distinct features such as blue glowing eyes and mechanical components around it. Therefore, for Question 1, the answer is True because the image is showing a robot. For Question 2, the answer is False because the head is not missing or invisible; it is clearly visible. The quality of the image is rated as 1 because it is clear and well-defined, with no significant issues affecting its clarity or the visibility of the main subject."}, {"ans": [true, true, 1.0], "reasoning": "The image shows a cylindrical candle on a silver tray. The candle appears to be made of wax and is cream-colored. There is no visible wick on the candle. The image is clear and well-lit, allowing for a good view of the candle and the tray. The quality of the image is high, as it is sharp and well-composed."}, {"ans": [true, true, 0.9], "reasoning": "The image shows a pizza with a tomato sauce base, topped with cherry tomatoes, basil leaves, and what appears to be garlic slices. There is no visible cheese on the pizza. The crust is lightly browned and has a few darker spots. The pizza is presented on a dark gray slate plate with a textured edge, which is placed on a gray surface. The image is clear and well-lit, suggesting a high-quality presentation. For Question 1, the image is showing a pizza, so the answer is True. For Question 2, the cheese is not visible, so the answer is True. The quality of the image is rated 0.9 because it is clear and well-composed, with good lighting that highlights the details of the pizza and its toppings."}, {"ans": [true, true, 1.0], "reasoning": "The image is showing a DSLR camera body mounted on a gimbal stabilizer, with the lens mount exposed and no lens attached. The camera body is clearly visible, so the answer to the first question is True. The lens is not attached to the camera, so it is considered missing, making the answer to the second question True. The image is clear and well-lit, with the camera and gimbal in sharp focus against a plain background, indicating a high-quality image, hence the quality score is 1."}, {"ans": [true, false, 1.0], "reasoning": "The image shows a grand piano on a stage in an auditorium. The piano is clearly visible and has its keys visible, so the main object (the piano) is present. The keys are also visible, so they are not missing or invisible. The image is clear and well-lit, with no visible distortions or issues that would affect its quality."}, {"ans": [true, false, 1.0], "reasoning": "The image is showing a paintbrush with bristles, so the answer to the first question is True. The bristles are visible, so the answer to the second question is False. The image is clear and well-lit, and the paintbrush is the main focus, so the quality score is 1."}, {"ans": [true, true, 0.9], "reasoning": "The image shows a watch, which is the main object in question. The watch is visible and appears to be a smartwatch or a similar device with a black face and a metallic body. The strap of the watch is not visible, as it is either missing or not shown in the image. The image is clear and well-lit, with good resolution, hence the quality score is 0.9."}, {"ans": [true, false, 0.9], "reasoning": "The image clearly shows a person with their mouth open, displaying their teeth and tongue. The tongue is visible inside the mouth, so it is not missing or invisible. The image is of high quality, with clear details of the person's mouth and the dentist's tools. The only reason for not giving it a perfect score is the slight blurriness in the background."}, {"ans": [true, false, 1.0], "reasoning": "The image clearly shows a motorcycle parked on a wet street at night. The motorcycle is centered in the image and is facing to the right. It has a black body and is illuminated by the streetlights. The handlebars are visible and appear to be intact. Therefore, the answer to Question 1 is True because the image is showing a motorcycle. The answer to Question 2 is False because the handlebars are not missing or invisible; they are clearly visible. The quality of the image is rated as 1 because it is clear and well-lit, with all key elements of the motorcycle visible."}, {"ans": [true, false, 1.0], "reasoning": "The image clearly shows a television set on a wooden cabinet. The television has a visible screen, although it is not displaying any content. The presence of the screen directly answers both questions. For Question 1, the image is showing a television, so the answer is True. For Question 2, since the screen is visible, it is not missing or not visible, so the answer is False. The image is of high quality as it clearly depicts the television and its screen."}, {"ans": [true, false, 1.0], "reasoning": "The image clearly depicts a goat standing on a rocky outcrop, with visible horns on its head. The presence of the goat is evident, fulfilling the first question's condition. For the second question, the horns are clearly visible, so they are not missing or invisible. The image is of high quality, with clear details of the goat and its surroundings, hence the quality score is 1.0."}, {"ans": [true, false, 1.0], "reasoning": "The image shows a red sneaker with white laces, which is clearly visible on a brown surface in front of gray lockers. The sneaker is the main object in the image, and it is a sneaker with laces, so the first question is answered as True. The laces are visible, so the second question is answered as False. The image is clear and well-lit, showing the sneaker in detail, so the quality is rated as 1."}, {"ans": [true, false, 0.95], "reasoning": "The image clearly shows a green frog sitting on a lily pad in the water. The frog is facing to the right, and both of its eyes are visible. The image is sharp and well-lit, providing a clear view of the frog's features."}, {"ans": [true, false, 1.0], "reasoning": "The image is showing a mug with a handle, so the answer to the first question is True. The handle is visible, so the answer to the second question is False. The image is clear and well-lit, and the mug is centered in the frame, so the quality is rated as 1.0."}, {"ans": [true, false, 1.0], "reasoning": "The image clearly shows a saxophone, which is the main object in question. The saxophone is depicted with its keys visible, indicating that the keys are not missing or invisible. The image is of high quality, with clear details of the saxophone's components."}, {"ans": [true, false, 1.0], "reasoning": "The image clearly shows a skateboard with wheels attached to it. The skateboard is positioned on a brick surface, and all four wheels are visible and appear to be securely attached to the trucks. Therefore, the answer to Question 1 is True because the image is showing a skateboard. The answer to Question 2 is False because the wheels are not missing or invisible; they are clearly visible in the image. The quality of the image is rated as 1 because it is clear and well-lit, allowing for easy identification of the skateboard and its components."}, {"ans": [true, false, 1.0], "reasoning": "The image shows a brown fedora hat with a visible brim on a stand. The hat is clearly identifiable as a fedora, satisfying the first question. The brim is present and visible, so the answer to the second question is false. The image is clear and well-lit, with the hat being the main focus, hence the quality score is 1.0."}, {"ans": [true, true, 1.0], "reasoning": "The image is showing a motorcycle helmet. The visor of the helmet is lifted up and is not covering the face area of the helmet, making it 'not visible' as per the context of the question. Hence, for Question 1, the answer is True because the main object is a motorcycle helmet. For Question 2, the answer is True because the visor is not visible as it is lifted up. The quality of the image is rated as 1 because it is clear and well-lit, and the key elements are easily identifiable."}, {"ans": [true, true, 1.0], "reasoning": "The image shows a bedframe with an ornate wooden headboard and footboard, but it does not have a mattress. The bedframe is the main object in the image, so the answer to Question 1 is True. The mattress is missing, so the answer to Question 2 is True. The image is clear and well-rendered, and the absence of a mattress does not affect its quality, so the quality score is 1."}, {"ans": [true, false, 0.9], "reasoning": "The image is showing a clock tower with two visible clock faces. The main object, the clock tower, is present, so the answer to the first question is True. The clock faces are visible, so the answer to the second question is False. The image is clear and well-lit, with a clear view of the clock tower and its surroundings, hence a high quality score of 0.9."}, {"ans": [true, false, 0.95], "reasoning": "The image shows a pocket watch with a white face and black Roman numerals, along with visible hour and minute hands. The watch is gold-colored and has an openwork design at the bottom of the face, revealing part of the mechanical mechanism. The presence of the watch and its hands is clear, so the answer to the first question is True. For the second question, since the hands are visible, the answer is False. The image quality is high, with clear details of the watch and its components, so the quality score is 0.95."}, {"ans": [true, false, 1.0], "reasoning": "The image clearly shows a bicycle, so the answer to the first question is True. The pedals are visible on the bicycle, so the answer to the second question is False. The image is of high quality, clearly showing the bicycle and its components, so the quality score is 1."}, {"ans": [true, false, 1.0], "reasoning": "The image is a portrait of a woman with visible eyes. The woman is depicted with brown hair and brown eyes, wearing a black top against a beige background. The eyes are clearly visible, so they are not missing or invisible. The image is of high quality, with clear details and no visible distortions."}, {"ans": [true, true, 0.8], "reasoning": "The image shows a grand piano on a stage with spotlights shining down. The piano is black and has its lid open, revealing the interior. The hammers inside the piano are not visible because the image does not provide a clear view of them, likely due to the angle and lighting. For Question 1, the image is showing a grand piano, so the answer is True. For Question 2, the hammers are not visible from the given view, so the answer is True. The quality of the image is rated 0.8 because it is clear and well-lit, effectively capturing the grand piano on stage."}, {"ans": [true, true, 0.9], "reasoning": "The image depicts a sailing ship with two masts and rigging, indicating it is a sailing vessel. However, there are no sails visible on the masts. The image is clear and well-rendered, showing the details of the ship and the surrounding water and sky. The absence of sails is not considered a factor in assessing the image quality as per the instructions."}, {"ans": [true, false, 1.0], "reasoning": "The image prominently features a large tree with a sturdy trunk and sprawling branches covered in green leaves. The tree's characteristics, such as its broad canopy and robust trunk, are consistent with those of an oak tree. The presence of leaves on the tree is evident, indicating that the leaves are not missing or invisible. The image is clear and well-lit, with good resolution, contributing to a high-quality score."}, {"ans": [true, false, 0.9], "reasoning": "The image depicts a stone cottage with a sloping roof and chimneys, surrounded by trees and vines. The cottage is clearly visible, indicating that the main object is present. The door is visible on the front of the cottage, indicating that it is not missing or invisible. The image is of high quality, with clear details and no apparent issues that would detract from the overall quality."}, {"ans": [true, false, 1.0], "reasoning": "The image clearly shows a passenger jet on the tarmac. The wings are visible and appear to be intact, with no visible signs of damage or removal. Therefore, the answer to Question 1 is True, as the image is showing a passenger jet. The answer to Question 2 is False, as the wings are not missing or invisible. The quality of the image is rated 1, as it is clear and well-defined, with no visible distortions or issues."}, {"ans": [true, true, 1.0], "reasoning": "The image shows a wristwatch with a white face and brown leather strap, placed in a box. The watch face does not have any visible numbers. The presence of the watch confirms the answer to the first question is True. The absence of numbers on the watch face means they are not visible, so the answer to the second question is True. The image is clear and well-lit, with the watch being the main focus, hence the quality is rated as 1.0."}, {"ans": [true, true, 0.9], "reasoning": "The image is showing a pizza, which is evident from the crust, sauce, and toppings. The pizza appears to be a Neapolitan-style pizza, with a thin crust and a topping of tomato sauce and basil leaves. There is no visible cheese on the pizza, suggesting that it is missing or not visible. The image is of high quality, with clear details of the pizza and its toppings. The only reason for a lower quality score could be the presence of some minor imperfections in the crust or the sauce, but overall, the image is well-lit and in focus."}, {"ans": [true, true, 0.9], "reasoning": "The image is showing traffic signals, as seen in the top center of the image. The lights on the traffic signals are not visible, as they appear to be turned off or not illuminated. Therefore, the answer to the first question is True. The answer to the second question is also True because the lights are not visible. The quality of the image is rated 0.9, as it is clear and well-defined, with no significant issues affecting its overall quality."}, {"ans": [true, false, 0.9], "reasoning": "The image clearly shows a skateboard with a rainbow-colored deck and yellow wheels. The skateboard is positioned on a concrete surface, and all four wheels are visible. The presence of the wheels indicates that they are not missing. The image is well-lit, with clear visibility of the skateboard's details, contributing to a high-quality score. The slight deduction in quality score is due to minor imperfections in the image, such as small dirt spots on the concrete surface, but these do not detract significantly from the overall clarity."}, {"ans": [true, true, 0.9], "reasoning": "The image depicts a chessboard with gold-colored pieces, but all the pieces appear to be gold, indicating that the black pieces are not visible. The presence of a chessboard is clear, so the answer to the first question is True. Since the black pieces are not visible (they are represented but not in black), the answer to the second question is also True. The image is of high quality, with clear details of the chessboard and pieces, so the quality score is 0.9. The absence of black pieces is not considered a factor in reducing the quality score as per the instructions."}, {"ans": [true, true, 0.9], "reasoning": "The image shows a red Ferrari sports car in a showroom. The car is a convertible with its top down, and it is facing to the left. The image is clear and well-lit, showing the car's details. For Question 1, the image is showing a sports car, so the answer is True. For Question 2, the brakes are not visible as the wheels and surrounding areas do not show any brake components clearly, so the answer is True. The quality of the image is rated 0.9 because it is clear and well-lit, with no visible distortions or issues that would detract from the viewer's understanding of the scene."}, {"ans": [true, true, 1.0], "reasoning": "The image clearly shows an open book on a wooden table. The pages are blank, indicating there is no text visible. For Question 1, the image is showing a book, so the answer is True. For Question 2, since the pages are blank and there is no text visible, the text is considered missing or not visible, so the answer is True. The image is clear and well-lit, showing the details of the book and the table, hence the quality is rated as 1.0."}, {"ans": [true, false, 0.9], "reasoning": "The image shows a computer tower with its side panel removed, revealing the internal components. The tower is clearly visible and identifiable as a computer tower. The fans are also visible inside the tower, so they are not missing or invisible. The image is clear and well-lit, with a good view of the internal components, hence a high-quality score."}, {"ans": [true, false, 1.0], "reasoning": "The image shows a scarecrow standing in a field of wheat. The scarecrow is wearing a straw hat, a plaid shirt, and jeans. It has a burlap sack for a head with a face drawn on it. The scarecrow has arms made of straw, which are visible and attached to its body. The image is clear and well-lit, showing the scarecrow and its surroundings in detail. Therefore, the answer to the first question is True because the image is showing a scarecrow. The answer to the second question is False because the arms are visible and not missing. The quality of the image is rated as 1 because it is clear and well-lit."}, {"ans": [true, true, 0.9], "reasoning": "The image depicts a man in armor, which is consistent with the representation of a knight. The presence of armor and the background context of a medieval setting (castle, other armored figures) supports the identification as a knight. However, the sword is not visible in the image, as it is not held by the knight nor is it visible at his side. The quality of the image is high, with detailed rendering of the armor and the facial features of the knight."}, {"ans": [true, false, 0.9], "reasoning": "The image clearly shows a teapot with a handle, spout, and lid, sitting on a bamboo tray. The teapot is the main object in the image and is easily identifiable. The handle is visible on the right side of the teapot. The image is well-lit and in focus, with a clear view of the teapot and its details. The quality of the image is high, with a score of 0.9 out of 1."}, {"ans": [true, false, 1.0], "reasoning": "The image clearly shows a basketball hoop with a net. The basketball hoop is the main object in the image, and it is visible along with the net. Therefore, the answer to the first question is True. The net is also visible, so the answer to the second question is False. The image is clear and well-lit, showing all the necessary details, so the quality is rated as 1."}, {"ans": [true, false, 1.0], "reasoning": "The image shows a dining table setting with plates, utensils, and glasses. The main object, a dining table, is present. The glasses are visible on the table, so they are not missing or invisible. The image is clear and well-lit, showing all the elements of the table setting in detail."}, {"ans": [true, false, 0.9], "reasoning": "The image clearly shows a typewriter with a ribbon visible between the rollers. The typewriter is centered and well-lit, indicating a high-quality image. The presence of the ribbon is evident, so it is not missing or invisible."}, {"ans": [true, true, 1.0], "reasoning": "The image shows a winter jacket hanging on a coat rack. The jacket is a puffy, cream-colored coat with a fur-trimmed hood and buttons down the front. There is no visible zipper on the jacket. Therefore, the answer to Question 1 is True because the image is showing a winter jacket. The answer to Question 2 is also True because the zipper is not visible on the jacket. The quality of the image is rated as 1.0 because it is clear and well-lit, and the key elements of the jacket are easily visible."}, {"ans": [true, false, 0.9], "reasoning": "The image clearly shows a sunflower, which directly answers the first question. For the second question, the seeds are visible on the sunflower head, so they are not missing or invisible. The quality of the image is rated 0.9 because it is clear and well-lit, with no visible distortions or obstructions that would affect the visibility of the main subject."}, {"ans": [true, false, 0.9], "reasoning": "The image clearly shows an elephant, so the answer to the first question is True. The trunk of the elephant is visible, so the answer to the second question is False. The image is of high quality, with clear details of the elephant and its surroundings, so the quality score is 0.9."}, {"ans": [true, true, 0.9], "reasoning": "The image clearly shows a rowboat floating on a serene lake, surrounded by trees in the background. The boat is positioned with its bow facing the camera, and it has a white hull with a brown wooden interior and a brass cleat at the front. There are no oars visible in the boat or around it. The first question asks if the image is showing a rowboat, which it is, so the answer is True. The second question asks if the oars are missing or not visible from the rowboat. Since there are no oars visible in or around the boat, the answer is True. The quality of the image is rated 0.9 because it is clear and well-composed, with good lighting and focus. The absence of oars does not affect the quality rating as per the instructions."}, {"ans": [true, false, 1.0], "reasoning": "The image is showing a snowman with a hat and scarf, and it has buttons on its body. The main object in the image is a snowman, so the answer to the first question is True. The buttons are visible on the snowman's body, so the answer to the second question is False. The image is clear and well-defined, and it is not missing any key elements, so the quality is rated as 1."}, {"ans": [true, false, 0.9], "reasoning": "The image clearly shows a fountain pen on top of a notebook. The pen is the main object and is visible in its entirety, with its nib touching the notebook's page. The ink reservoir is transparent and visible, containing some ink. Therefore, the answer to the first question is True because the image is showing a fountain pen. The answer to the second question is False because the ink is visible in the pen's reservoir. The quality of the image is rated 0.9 because it is clear and well-lit, with no apparent distortions or obstructions."}, {"ans": [true, true, 1.0], "reasoning": "The image shows a paintbrush with a wooden handle and a metal ferrule, but the bristles are not visible as they are likely covered in paint and pointing downwards, making them not discernible. The presence of the paintbrush is clear, thus answering the first question as true. For the second question, since the bristles are not visible, it is considered as missing or not visible, hence the answer is true. The quality of the image is rated as 1 because it is clear and well-defined, showing the details of the paintbrush and the palette."}, {"ans": [true, true, 1.0], "reasoning": "The image clearly shows a pair of eyeglasses placed on top of some papers. The eyeglasses are visible and appear to be without temples, as they are not visible in the image. Therefore, the answer to the first question is True because the image is showing eyeglasses. The answer to the second question is also True because the temples are not visible, implying they are either missing or not visible. The quality of the image is rated as 1 because it is clear and well-lit, and the key elements (the eyeglasses) are easily discernible."}, {"ans": [true, false, 0.9], "reasoning": "The image shows a person holding an umbrella on a rainy street. The umbrella is clearly visible and appears to be intact with its canopy open. Upon closer inspection, the ribs of the umbrella are visible as they stretch from the tip of the umbrella to its edge, supporting the canopy. Therefore, for question 1, the answer is True because the main object, the umbrella, is present. For question 2, the answer is False because the ribs are visible, indicating they are not missing or invisible. The quality of the image is rated 0.9 because it is clear and well-composed, with good visibility of the subject and the background, despite the rain and fog."}, {"ans": [true, true, 0.9], "reasoning": "The image is showing a wristwatch with a visible face and mechanical components. The hour markers are not visible on the main face of the watch as it is a skeleton design, showing the internal mechanisms. The numbers on the outer ring are not considered hour markers in the traditional sense as they are not directly on the face. Therefore, the hour markers are considered missing or not visible. The image is of high quality, clearly showing the details of the watch."}, {"ans": [true, false, 0.9], "reasoning": "The image depicts a camping tent with its fabric partially erected, supported by visible poles. The presence of the tent's fabric and poles indicates that it is a camping tent. Although the poles are not fully visible or might be partially obscured, they are not entirely missing. The image is clear and well-lit, showing the tent and its surroundings in detail, hence the high-quality score."}, {"ans": [true, false, 0.9], "reasoning": "The image shows a traditional cuckoo clock with intricate carvings and a clock face. The weights are visible and appear to be made of pinecones, which is a common feature of some cuckoo clocks. The clock is well-crafted and detailed, indicating a high-quality image. The presence of the weights is clear, so they are not missing or invisible."}, {"ans": [true, true, 1.0], "reasoning": "The image shows a smartphone with its screen facing upwards. The phone's front side is visible, and there is no visible speaker grille on the visible side. Since the speaker grille is typically located on the front, bottom, or back of a smartphone, and the back is not visible in this image, we cannot directly confirm if the speaker grille is missing or not. However, given that the phone is shown from the front and there's no visible grille, and considering typical smartphone designs where the speaker is often at the bottom, it can be inferred that the speaker grille is not visible from this angle. The image is clear and well-lit, showing the phone in detail, hence the quality is rated as 1."}, {"ans": [true, false, 0.9], "reasoning": "The image clearly shows a motorcycle parked on a dirt road. The motorcycle is facing the camera, and its headlight is illuminated. There are two gauges visible on the handlebars, one of which appears to be a speedometer. Since the motorcycle is the main object and is visible, the answer to the first question is True. For the second question, the speedometer is visible, so it is not missing or not visible, making the answer False. The image quality is rated 0.9 because it is clear and well-focused on the motorcycle, with good lighting that highlights its features."}, {"ans": [true, true, 1.0], "reasoning": "The image is showing a violin bow. The bow is lying on a red velvet fabric with a patterned design. The bow has a light-colored wooden stick and a black frog with silver accents. The bow's hair is not visible, indicating it is either missing or not visible. The image is clear and well-lit, showing the details of the bow and the fabric it is on."}, {"ans": [true, true, 0.9], "reasoning": "The image clearly shows a large, ornate birdcage hanging from the ceiling of a porch. The birdcage is the main object in the image and is prominently displayed. Upon closer inspection, it is evident that there is no visible perch inside the birdcage. The image is well-lit and the details of the birdcage are clearly visible, indicating a high-quality image. The quality score is 0.9 because the image is clear and well-composed, with good lighting that highlights the details of the birdcage."}, {"ans": [true, false, 0.9], "reasoning": "The image is showing a statue of a woman in a classical style, with intricate details and a serene expression. The statue is complete with a head, which is visible and not missing. The quality of the image is high, with clear details and a well-lit composition. The only reason for not giving it a perfect score is the slight blurriness in the background."}, {"ans": [true, false, 1.0], "reasoning": "The image is showing a teddy bear, so the answer to the first question is True. The teddy bear has a nose, which is clearly visible, so the answer to the second question is False. The image is of high quality and clearly shows the teddy bear and its features."}, {"ans": [true, false, 1.0], "reasoning": "The image shows a pair of white high-top sneakers with laces. The sneakers are clearly visible and appear to be in good condition. The laces are also visible and appear to be properly tied. Therefore, the answer to the first question is True. The laces are not missing or invisible, so the answer to the second question is False. The image is clear and well-lit, and the sneakers are the main focus, so the quality is rated as 1."}, {"ans": [true, true, 1.0], "reasoning": "The image clearly shows a refrigerator with its doors open, revealing the interior. The main object in the image is indeed a refrigerator, so the answer to the first question is True. Upon closer inspection, it is evident that the door shelves are not visible on the door that is open to the right, and the left door is visible from the inside, showing no shelves on the door itself. Thus, the door shelves are either missing or not visible, making the answer to the second question True. The image is of high quality as it clearly displays the refrigerator and its interior without any noticeable distortion or obscurity, hence the quality rating is 1."}, {"ans": [true, false, 0.9], "reasoning": "The image depicts a group of people sitting around a campfire in a wooded area. The campfire is the central focus of the image, and it is clearly visible. The flames are also visible, although they are somewhat obscured by the bright light emanating from the fire. The image is well-lit, and the details of the scene are clear. Therefore, the answer to Question 1 is True, as the image is showing a campfire. The answer to Question 2 is False, as the flames are not missing or invisible. The quality of the image is rated 0.9, as it is a clear and well-composed image, with the main elements clearly visible."}, {"ans": [true, false, 1.0], "reasoning": "The image clearly shows a drinking fountain with water flowing from it, indicating that the main object (drinking fountain) is present. The water is visible and flowing, so it is not missing or invisible. The image is clear and well-lit, with the drinking fountain as the main focus, hence the quality is rated as 1."}, {"ans": [true, false, 0.9], "reasoning": "The image clearly shows a revolver with a visible trigger guard. The revolver is positioned on a green surface, and its details are well-defined. The trigger guard is present and visible around the trigger. The image quality is high, with clear details of the revolver's components."}, {"ans": [true, false, 1.0], "reasoning": "The image is a detailed illustration of a compass rose, which is clearly visible and centered in the image. The compass rose includes multiple rings with various markings and symbols, and it is adorned with ornate decorations around its edges. The north arrow is present and visible, pointing towards the top of the image. The image is of high quality, with clear lines and detailed illustrations. Therefore, the answer to the first question is True because the image does show a compass rose. The answer to the second question is False because the north arrow is not missing; it is clearly visible. The quality of the image is rated as 1 because it is clear and well-detailed."}, {"ans": [true, false, 0.9], "reasoning": "The image depicts a futuristic cityscape with numerous skyscrapers, some of which have visible windows. The presence of skyscrapers is evident, fulfilling the first question's condition. For the second question, many of the skyscrapers have visible windows, so the answer is False. The image is clear and well-defined, with detailed structures and lighting effects, hence a high-quality score of 0.9."}, {"ans": [true, true, 1.0], "reasoning": "The image depicts a man in a tuxedo standing on a podium with his right hand raised, indicating that he is a conductor. The presence of an orchestra behind him further supports this conclusion. Therefore, the answer to the first question is True. The conductor's right hand is empty and raised, and his left hand is open and facing upwards, indicating that he is not holding a baton. Hence, the answer to the second question is True. The image is clear and well-lit, and it effectively conveys the scene of a conductor leading an orchestra. The quality of the image is rated as 1."}, {"ans": [true, true, 1.0], "reasoning": "The image shows a soccer field with two goalposts at each end, indicating the presence of a soccer goal. However, the crossbar is not visible, suggesting it is either missing or not visible from the given perspective. The image quality is considered high as it clearly depicts the soccer field and the goalposts."}, {"ans": [true, false, 1.0], "reasoning": "The image clearly shows a microscope on a table. The microscope has eyepieces and an objective lens visible, indicating that it is not missing lenses. The presence of these components confirms that the microscope is present and that the lenses are visible."}]