[{"ans": [true, false, 1.0], "reasoning": "The image clearly depicts a sailboat on the water, with its sail visible and not missing. The sailboat is centered in the frame, and the sail is fully visible, indicating that it is not missing or invisible. The image is of high quality, with clear details and no visible artifacts or distortions."}, {"ans": [true, false, 1.0], "reasoning": "The image clearly shows a bicycle, so the answer to the first question is True. The chain is visible and not missing, so the answer to the second question is False. The image is clear and well-defined, with no visible artifacts or distortions, so the quality is rated as 1."}, {"ans": [true, false, 0.95], "reasoning": "The image clearly shows a gray cat sitting on a windowsill, looking to the left. The cat's presence is evident, and it is the main object in the image. The whiskers are visible, indicating that they are not missing. The image is sharp and well-lit, with no visible artifacts or distortions that would affect the quality. The only reason for not giving it a perfect score is the slight blurring on the right side of the background, but it does not affect the main subject."}, {"ans": [true, true, 0.9], "reasoning": "The image depicts a stone archway within a stone wall, which is part of a castle or fortress structure. The archway is open, revealing a pathway leading to a green field. There are no visible gates in the archway. The image is clear and well-defined, with no visible artifacts or distortions that would detract from its quality. The presence of the stone wall and archway indicates that the image is showing a castle. The gates are not visible, so they are considered missing. The quality of the image is high, with clear details and natural colors."}, {"ans": [true, false, 1.0], "reasoning": "The image depicts a hot-air balloon with a basket, clearly visible in the sky above a field. The balloon is the main object, and it is accompanied by a basket, which is not missing or invisible. The image is of high quality, with no visible artifacts, blurring, or other issues that would detract from its clarity."}, {"ans": [true, false, 1.0], "reasoning": "The image clearly shows a turtle with a visible shell on a sandy beach. The turtle is centered in the image, and its shell is fully visible, indicating that the shell is not missing or invisible. The image is of high quality, with clear details and no visible artifacts or distortions."}, {"ans": [true, false, 0.9], "reasoning": "The image shows a train at a station, with the front of the train facing the camera. The train is silver and has a sleek, modern design. The wheels are visible under the train, so they are not missing or invisible. The image is clear and well-lit, with no visible artifacts or distortions. The quality of the image is high, with a score of 0.9 out of 1. The only reason it is not a perfect score is because the image could be slightly sharper."}, {"ans": [true, false, 0.95], "reasoning": "The image clearly shows a pair of eyeglasses with lenses. The main object, eyeglasses, is present in the image. The lenses are visible and not missing. The image quality is high with minimal artifacts or blurring, though there is a slight shadow and reflection on the surface. The quality score is 0.95 due to the slight shadow and reflection, but it does not significantly impact the visibility of the main object."}, {"ans": [true, false, 1.0], "reasoning": "The image clearly shows a fountain pen with its cap off, displaying the nib. The pen is black with gold accents and is placed on a piece of paper with a torn edge, against a textured background. The nib is visible and not missing. The image is of high quality, with clear details and no visible artifacts or distortions."}, {"ans": [true, false, 1.0], "reasoning": "The image clearly shows an umbrella with a visible canopy. The main object, the umbrella, is present, so the answer to the first question is True. The canopy is also visible, so the answer to the second question is False. The image is clear and well-defined, with no visible artifacts or distortions, so the quality score is 1.0."}, {"ans": [true, false, 1.0], "reasoning": "The image shows three airplanes on a runway. The main object, an airplane, is present in the image, so the answer to the first question is True. The wings of the central airplane are visible, so the answer to the second question is False. The image is clear and well-defined, with no visible artifacts or distortions, so the quality score is 1."}, {"ans": [true, true, 1.0], "reasoning": "The image shows a desk lamp with a brass finish and a curved arm, positioned on a wooden table next to an open book. The lamp's shade is directed towards the book, and there are two pull chains hanging from it. Upon closer inspection, it is evident that the bulb is not visible within the lamp. The image is clear and well-lit, with no visible artifacts or distortions. The main object, the desk lamp, is present and clearly visible. The bulb, however, is not visible, indicating that it is either missing or not visible due to being enclosed within the lamp's assembly."}, {"ans": [true, false, 1.0], "reasoning": "The image is showing an electric guitar with a visible neck. The neck is clearly visible and attached to the body of the guitar. The image is of high quality, with clear details and no visible artifacts or distortions."}, {"ans": [true, false, 0.9], "reasoning": "The image clearly shows a fish with visible fins, so the answer to the first question is True. The fins are visible, so the answer to the second question is False. The image is of high quality, with clear details and no visible artifacts or distortions, so the quality score is 0.9."}, {"ans": [true, false, 1.0], "reasoning": "The image clearly shows a cottage with a roof, answering the first question affirmatively. The roof is visible and not missing, so the second question is answered negatively. The image is of high quality with no visible artifacts, blurring, or other issues that would detract from its clarity or the visibility of the main object."}, {"ans": [true, true, 0.95], "reasoning": "The image is showing a car, specifically a vintage convertible with the top down. The windshield is not visible, as it is not present in the image. The quality of the image is high, with clear details of the car's interior and exterior. The image is well-lit and has no visible artifacts or distortions. The only reason for a lower quality score would be if the image was blurry or had other visual issues, but that is not the case here."}, {"ans": [true, false, 1.0], "reasoning": "The image clearly depicts a keyboard with a colorful gradient effect on its keys. The spacebar is visible and not missing. The image is of high quality, with clear details and no visible artifacts or distortions."}, {"ans": [true, false, 0.95], "reasoning": "The image clearly shows an owl perched on a branch, with a full moon and cloudy night sky in the background. The owl is depicted with detailed feathers, indicating that the feathers are visible. Therefore, the answer to Question 1 is True because the image is showing an owl. The answer to Question 2 is False because the feathers are not missing or invisible; they are clearly visible. The quality of the image is rated 0.95 due to its high level of detail and clarity, although there are some minor texture artifacts visible upon close inspection, suggesting it might be a digital artwork."}, {"ans": [true, true, 1.0], "reasoning": "The image shows a book with a brown leather cover and blank white pages. The book is lying on a wooden surface, and the pages are visible from the side. The main object in the image is indeed a book, so the answer to Question 1 is True. The pages are visible from the side, but the content of the pages is not visible as they are blank, so the answer to Question 2 is True. The image is clear and well-lit, with no visible artifacts or distortions, so the quality score is 1.0."}, {"ans": [true, false, 0.95], "reasoning": "The image clearly shows a lighthouse, which is the main object, so the answer to the first question is True. The lamp is visible inside the lighthouse, so it is not missing or invisible, making the answer to the second question False. The image is of high quality, with clear details and no visible artifacts or distortions, so the quality score is 0.95. The slight deduction from 1 is due to the cloudy and potentially gloomy lighting conditions, but the image remains clear and well-defined."}, {"ans": [true, true, 1.0], "reasoning": "The image shows a modern, beige armchair with a tufted seat and backrest, placed on a patterned rug against a beige wall. The chair appears to be a low-profile design with a cushioned seat and backrest, and it is positioned on a vibrant red patterned rug. The chair does not have visible legs, as it is sitting directly on the rug. The image is clear and well-lit, with no visible artifacts or distortions. The quality of the image is high, with a score of 1.0."}, {"ans": [true, false, 1.0], "reasoning": "The image clearly shows a deer standing in a forest, facing the camera. The deer appears to be a female or a young male as it has very small antlers, which are visible. The image is of high quality with clear details and no visible artifacts or distortions. The lighting is natural, and the colors are realistic. Therefore, the answer to the first question is True because the main object, a deer, is present. The answer to the second question is False because the antlers are visible, although they are small. The quality of the image is rated 1 out of 1 because it is clear, well-lit, and free of noticeable defects."}, {"ans": [true, false, 1.0], "reasoning": "The image clearly shows an envelope with its flap visible. The envelope is centered on a marble surface, and the flap is partially open, indicating its presence. The image is sharp and well-defined, with no visible artifacts or distortions that would affect the quality. Therefore, the answer to the first question is True because the image does show an envelope. The answer to the second question is False because the flap is visible. The quality of the image is rated as 1, indicating high quality, as there are no noticeable issues such as blurring, unnatural colors, or other defects."}, {"ans": [true, true, 1.0], "reasoning": "The image is showing a wall clock with a white face and black hands, which is clearly visible on the wall above a wooden shelf. The clock face does not have numbers, only short black lines marking the hours. Therefore, the answer to the first question is True because the image is showing a wall clock. The answer to the second question is also True because the numbers are missing from the clock face. The image quality is rated as 1.0 because it is clear and well-defined, with no visible artifacts, blurring, or other issues that would detract from its quality."}, {"ans": [true, false, 1.0], "reasoning": "The image clearly shows an astronaut wearing a space suit, which includes a helmet. The space suit is white with various patches and a large backpack. The helmet is visible and not missing. The image is of high quality with clear details and no visible artifacts or distortions."}, {"ans": [true, false, 1.0], "reasoning": "The image clearly shows a windmill with blades in a field. The windmill is the main object and is visible with its blades intact. There are no visible artifacts, blurring, or other issues that would decrease the quality score. Therefore, the answer to Question 1 is True because the image is showing a windmill. The answer to Question 2 is False because the blades are present and visible. The quality score is 1.0 as the image is clear and of high quality."}, {"ans": [true, true, 1.0], "reasoning": "The image is showing a tree without leaves. The main object in the image is a tree, and it is clearly visible. The leaves are not visible on the tree, indicating that they are missing. The image is of high quality, with clear details and no visible artifacts or distortions."}, {"ans": [true, true, 1.0], "reasoning": "The image clearly shows a yellow school bus. The bus is facing left, and its side is visible. The doors of the bus are not visible as the side shown is the right side of the bus, and typically, school buses have their doors on the left side. Therefore, for Question 1, the image is showing a bus, so the answer is True. For Question 2, since the doors are not visible from the side shown, it can be considered that the doors are not visible, hence the answer is True. The image is clear and of high quality with no visible artifacts or distortions, so the quality score is 1."}, {"ans": [true, true, 1.0], "reasoning": "The image shows a laptop on a wooden table. The laptop is closed, so the screen is not visible. The main object, the laptop, is present, so the answer to the first question is True. The screen is not visible because the laptop is closed, so the answer to the second question is True. The image is clear and well-lit, with no visible artifacts or distortions, so the quality score is 1.0."}, {"ans": [true, true, 0.95], "reasoning": "The image shows a trumpet lying on a red fabric background. The trumpet is clearly visible and appears to be a standard trumpet with valves and a bell. However, the mouthpiece is not attached to the trumpet. The image is clear and well-lit, with no visible artifacts or distortions that would affect the quality. Therefore, the answer to Question 1 is True because the image is showing a trumpet. The answer to Question 2 is True because the mouthpiece is missing. The quality of the image is rated 0.95 out of 1 because it is clear and well-lit, with no visible issues."}, {"ans": [true, false, 0.95], "reasoning": "The image clearly shows a robot with a visible head, so the answer to the first question is True. The head is present and visible, so the answer to the second question is False. The image is of high quality, with clear details and no visible artifacts or distortions, so the quality score is 0.95. The only reason it is not 1 is because of the slight blurring in the background."}, {"ans": [true, true, 1.0], "reasoning": "The image shows a candle on a metal tray. The candle is a cylindrical, off-white object with a smooth surface, which is consistent with the appearance of a candle. There is no visible wick on the top surface of the candle. The image is clear and well-lit, with no visible artifacts or distortions. Therefore, the answer to Question 1 is True because the image is showing a candle. The answer to Question 2 is True because the wick is not visible. The quality of the image is rated as 1.0 because it is clear and well-lit, with no visible issues."}, {"ans": [true, false, 1.0], "reasoning": "The image clearly shows a pizza with various toppings, including what appears to be cheese. The presence of cheese is visible and not missing. The image is of high quality, with clear details and no visible artifacts or distortions."}, {"ans": [true, false, 0.95], "reasoning": "The image shows a DSLR camera body with a lens attached to it, and another lens is placed on a table below it. The main object, a DSLR camera, is present. The lens on the camera is visible, so it is not missing. The image is clear and well-lit, with no visible artifacts or distortions. The quality of the image is high, with a score of 0.95 out of 1. The slight deduction in quality is due to the fact that the camera appears to be floating, which might be considered a minor unnatural element."}, {"ans": [true, false, 1.0], "reasoning": "The image clearly shows a grand piano in the foreground of an empty concert hall. The piano is visible and appears to be in good condition. The keys of the piano are visible and not missing, thus answering the second question as false. The image is of high quality with no visible artifacts, blurring, or unnatural colors. The main object, the piano, is clearly visible, and the overall scene is well-lit and detailed."}, {"ans": [true, false, 1.0], "reasoning": "The image clearly shows a paintbrush with visible bristles. The paintbrush is positioned on the left side of the image, and its bristles are clearly visible. The presence of the bristles directly answers both questions. For Question 1, the image is showing a paintbrush, so the answer is True. For Question 2, since the bristles are visible, the answer is False. The image is of high quality with no visible artifacts, blurring, or other issues that would affect the visibility of the main object or its details."}, {"ans": [true, false, 1.0], "reasoning": "The image is showing a watch with a strap, so the main object (watch) is present. The strap is visible and attached to the watch, so it is not missing or not visible. The image is clear and of high quality, with no visible artifacts or distortions."}, {"ans": [true, false, 0.95], "reasoning": "The image clearly shows a person's face with an open mouth, and the tongue is visible inside the mouth. The main object (mouth) is present, so the answer to the first question is true. Since the tongue is visible, it is not missing or not visible, so the answer to the second question is false. The image is of high quality with clear details and no noticeable artifacts or distortions, hence the quality score is 0.95."}, {"ans": [true, false, 0.95], "reasoning": "The image clearly depicts a motorcycle with visible handlebars, answering the first question affirmatively. Since the handlebars are visible, the second question is answered negatively. The image is of high quality, with clear details and no visible artifacts or distortions that would significantly detract from its quality, hence a high-quality score is given."}, {"ans": [true, false, 1.0], "reasoning": "The image is showing a vintage television set on a wooden cabinet. The television has a visible screen, although it is not displaying any content. The presence of the television answers the first question affirmatively. For the second question, the screen is visible, so it is not missing or not visible. The image is clear and well-defined, with no visible artifacts or distortions, hence the quality is rated as 1.0."}, {"ans": [true, false, 1.0], "reasoning": "The image clearly shows a goat standing on a rocky outcrop. The goat has horns, which are visible and clearly part of the image. The image is sharp and well-defined, with no visible artifacts or distortions that would affect the quality. Therefore, the answer to Question 1 is True because the image is showing a goat. The answer to Question 2 is False because the horns are present and visible. The quality of the image is rated 1.0 because it is clear and well-defined, with no noticeable issues."}, {"ans": [true, false, 1.0], "reasoning": "The image clearly shows a red sneaker with white laces, sitting on a wooden surface. The sneaker is the main object in the image and is easily identifiable. The laces are visible and appear to be part of the sneaker. The image is sharp and well-lit, with no visible artifacts or distortions. Therefore, the answer to the first question is True, as the image is showing a sneaker. The answer to the second question is False, as the laces are visible and not missing. The quality of the image is rated as 1, as it is clear and well-defined, with no issues that would detract from the viewer's understanding of the image."}, {"ans": [true, false, 0.95], "reasoning": "The image clearly shows a green frog sitting on a leaf over water. The frog's eyes are visible and clearly defined, indicating that they are not missing or invisible. The image is sharp and well-defined, with no noticeable artifacts, blurring, or other issues that would affect its quality. The only reason for not giving it a perfect score is the slight reflection on the water's surface, but it does not significantly impact the overall quality."}, {"ans": [true, false, 1.0], "reasoning": "The image shows a white mug with blue floral designs on it, and it has a handle. The mug is placed on a matching saucer. The handle is visible and present, so the answer to the second question is False. The image is clear and of high quality, with no visible artifacts or distortions, so the quality score is 1.0."}, {"ans": [true, false, 0.95], "reasoning": "The image shows a saxophone with its keys visible. The main object, a saxophone, is present in the image, so the answer to the first question is True. The keys are visible on the saxophone, so the answer to the second question is False. The image is clear and well-lit, with no visible artifacts or distortions, so the quality score is high, 0.95. The slight deduction is due to the fact that the image is not perfectly sharp, but it is still clear enough to identify the details of the saxophone."}, {"ans": [true, false, 1.0], "reasoning": "The image clearly shows a skateboard with wheels. The skateboard is positioned on a brick surface, and all four wheels are visible and appear to be intact. The image is well-lit, and there are no visible artifacts or distortions that would affect the quality. Therefore, the answer to Question 1 is True because the image is showing a skateboard. The answer to Question 2 is False because the wheels are not missing or invisible; they are clearly visible. The quality of the image is rated 1.0 because it is clear and well-defined, with no noticeable issues."}, {"ans": [true, false, 1.0], "reasoning": "The image depicts a fedora hat with a visible brim. The hat is displayed on a stand, and the brim is clearly visible around the hat. The image is of high quality, with no visible artifacts, blurring, or other issues that would detract from its clarity. Therefore, the answer to Question 1 is True because the image is showing a fedora. The answer to Question 2 is False because the brim is visible. The quality score is 1.0 because the image is clear and well-rendered."}, {"ans": [true, false, 0.9], "reasoning": "The image clearly shows a motorcycle helmet with a visor that is flipped up. The main object, a motorcycle helmet, is present, so the answer to the first question is True. The visor is visible and not missing, so the answer to the second question is False. The image is of high quality, with clear details and no visible artifacts or distortions, so the quality score is 0.9. The slight deduction from 1 is due to the minor wear and tear visible on the wooden table, but this does not affect the clarity of the helmet or its features."}, {"ans": [true, true, 1.0], "reasoning": "The image shows a bedframe with an ornate wooden structure, including a headboard and footboard, but it does not have a mattress on it. The slats are visible, indicating that the mattress is missing. The image is clear and well-rendered, with no visible artifacts or distortions. Therefore, the answer to Question 1 is True because the image is showing a bedframe. The answer to Question 2 is True because the mattress is missing. The quality of the image is rated 1.0 because it is a high-quality rendering with clear details and no visible issues."}, {"ans": [true, false, 1.0], "reasoning": "The image shows a tall, red brick clock tower with two visible clock faces, one on the front and one on the side. The clock tower is situated in the middle of a street, surrounded by buildings and trees. The image is clear and well-lit, with no visible artifacts or distortions. The clock faces are clearly visible, indicating that they are not missing. Therefore, the answer to Question 1 is True, as the image is showing a clock tower. The answer to Question 2 is False, as the clock face is visible. The quality of the image is rated as 1, as it is clear and well-defined."}, {"ans": [true, false, 1.0], "reasoning": "The image clearly shows a pocket watch with a white face and black Roman numerals. The watch has a gold casing and is positioned on a pink satin background. The hands of the watch are visible, with one hand pointing towards the 1 o'clock position. The image is sharp and well-defined, with no visible artifacts or distortions. Therefore, the answer to Question 1 is True, as the image is showing a pocket watch. The answer to Question 2 is False, as the hands are not missing or invisible. The quality of the image is rated as 1.0, indicating that it is of high quality with no noticeable issues."}, {"ans": [true, false, 0.95], "reasoning": "The image clearly shows a bicycle, so the answer to the first question is True. The pedals are visible in the image, so the answer to the second question is False. The image is of high quality, with clear details and no visible artifacts or distortions, so the quality score is 0.95. The only reason for not giving it a perfect score is the presence of some minor speckles on the ground, but they do not significantly affect the overall quality."}, {"ans": [true, false, 0.9], "reasoning": "The image is a digital painting of a woman's portrait. The main object, a woman, is clearly visible, so the answer to the first question is True. The woman's eyes are also clearly visible, so the answer to the second question is False. The image quality is generally good, with clear details and no major artifacts, but it is a digital painting, which might slightly reduce its quality score due to its unnatural texture or style. However, the quality is still high enough to score 0.9."}, {"ans": [true, true, 0.95], "reasoning": "The image depicts a grand piano on a stage, illuminated by spotlights. The piano's lid is open, and it is positioned in the center of the stage. The image is clear and well-lit, with no visible artifacts or distortions. The quality of the image is high, with a score of 0.95. The grand piano is the main object in the image, and it is clearly visible. The hammers are not visible from the current angle, as they are typically located inside the piano. Therefore, the answer to Question 1 is True, and the answer to Question 2 is also True."}, {"ans": [true, false, 1.0], "reasoning": "The image clearly depicts a sailing ship with three masts and sails, indicating it is a sailing vessel. The sails are visible and appear to be fully raised, suggesting they are not missing. The image is of high quality with clear details and no visible artifacts or distortions."}, {"ans": [true, false, 1.0], "reasoning": "The image shows a large tree with a wide canopy and a thick trunk, standing in a field. The tree has green leaves on its branches. The image is clear and well-lit, with no visible artifacts or distortions. The tree appears to be an oak tree, and it has leaves, so the answer to the first question is True. Since the leaves are visible, the answer to the second question is False. The quality of the image is high, with no noticeable issues, so the quality score is 1."}, {"ans": [true, false, 1.0], "reasoning": "The image shows a small stone cottage with a brown door and two windows. The door is clearly visible, so it is not missing. The image is clear and well-defined, with no visible artifacts, blurring, or other issues that would affect its quality. Therefore, the answer to Question 1 is True, the answer to Question 2 is False, and the quality score is 1.0."}, {"ans": [true, false, 0.9], "reasoning": "The image is showing a passenger jet. The wings are visible, so they are not missing. The image is clear and well-defined, with no visible artifacts or distortions that would affect its quality. The only reason for not giving it a perfect score is the slight haze in the background, but it does not affect the main subject."}, {"ans": [true, true, 1.0], "reasoning": "The image clearly shows a wristwatch with a white face and brown leather strap on top of a tan leather surface. The watch face has hour markers but no numbers. The watch is the main object in the image and is clearly visible. The numbers are missing from the wristwatch face, as there are only hour markers present. The image is of high quality, with clear details and no visible artifacts or distortions."}, {"ans": [true, false, 1.0], "reasoning": "The image is clearly showing a pizza with cheese, sauce, and basil leaves on top. The pizza is centered on a round wooden board, which is placed on a wooden table. The image is sharp and well-lit, with no visible artifacts or distortions. The cheese is visible and not missing. Therefore, the answer to Question 1 is True, and the answer to Question 2 is False. The quality of the image is rated as 1, indicating that it is of high quality."}, {"ans": [true, false, 0.9], "reasoning": "The image clearly shows traffic signals, with at least one having a visible red light. The presence of multiple traffic signals along the road indicates that the image is indeed showing traffic signals. Therefore, the answer to Question 1 is True. For Question 2, the lights are visible on the traffic signals, so the answer is False. The image quality is rated 0.9 because, although the sun's glare is significant, it does not obscure the main objects, and the image is generally clear and detailed."}, {"ans": [true, false, 1.0], "reasoning": "The image clearly shows a skateboard with wheels attached to it. The skateboard is positioned on a concrete surface, and the wheels are visible and appear to be intact. The image is well-lit, with clear details of the skateboard and its components. There are no visible artifacts, blurring, or other issues that would affect the quality of the image."}, {"ans": [true, false, 0.9], "reasoning": "The image clearly shows a chessboard with pieces on it, so the answer to the first question is True. The black pieces are visible on the board, so the answer to the second question is False. The image is of high quality, with clear details of the chessboard and pieces, and there are no visible artifacts or distortions that would affect the quality score. However, the quality score is not 1 because the image could be slightly sharper."}, {"ans": [true, false, 1.0], "reasoning": "The image clearly shows a red sports car, specifically a Ferrari convertible, in a modern garage setting. The car is positioned in a way that its side is visible, and the brakes are visible as red calipers behind the silver rims. The image is of high quality with no visible artifacts, blurring, or unnatural colors. The main object, the sports car, is clearly visible, and the brakes are also visible, so the answer to the first question is True and the second question is False."}, {"ans": [true, false, 1.0], "reasoning": "The image is clearly showing a book with visible text on one of its pages. The book is open, and the text is legible, indicating that the text is not missing or invisible. The image quality is high, with no visible artifacts, blurring, or other issues that would detract from the clarity of the image. Therefore, the answer to the first question is True because the image is showing a book. The answer to the second question is False because the text is visible on the page. The quality of the image is rated 1, as it is clear and well-defined."}, {"ans": [true, false, 0.95], "reasoning": "The image clearly shows a computer tower with its side panel removed, revealing the internal components. The presence of fans is evident, as they are visible and illuminated with purple light. The image is of high quality, with clear details and no visible artifacts or distortions. The slight deduction in quality score is due to the subtle shadow and reflection on the surface, which is a natural aspect of the image rather than a defect."}, {"ans": [true, false, 1.0], "reasoning": "The image clearly shows a scarecrow standing in a wheat field. The scarecrow is wearing a red plaid shirt, blue jeans, and a straw hat. Its arms are visible and outstretched, indicating that they are not missing. The image is clear and well-defined, with no visible artifacts or distortions. Therefore, the answer to Question 1 is True, as the image is showing a scarecrow. The answer to Question 2 is False, as the arms are visible and not missing. The quality of the image is rated as 1.0, as it is clear and well-defined."}, {"ans": [true, false, 0.95], "reasoning": "The image depicts a man in armor, which is consistent with the representation of a knight. The knight is wearing a suit of armor and has a sword at his side, indicating that he is indeed a knight. The sword is visible, attached to his belt, so it is not missing. The image is of high quality, with clear details and no visible artifacts or distortions. The only reason it does not receive a perfect score is due to the slight texture visible on the image, suggesting it may be a digital rendering or painting rather than a photograph."}, {"ans": [true, false, 1.0], "reasoning": "The image shows a teapot with a handle, so the main object is present. The handle is visible, so it is not missing. The image is clear and of high quality, with no visible artifacts or distortions."}, {"ans": [true, false, 0.9], "reasoning": "The image clearly shows a basketball hoop with a net, so the answer to the first question is True. The net is visible and attached to the hoop, so the answer to the second question is False. The image is well-lit and in focus, with no visible artifacts or distortions that would affect its quality. The only minor issue is some rust on the backboard's mounting and slight discoloration, but it does not significantly impact the overall quality. Therefore, the quality score is 0.9."}, {"ans": [true, false, 1.0], "reasoning": "The image shows a table setting with a plate, cutlery, and glasses. The main object is a dining table setting, which is present. The glasses are visible at the top of the image, so they are not missing. The image is clear and well-lit, with no visible artifacts or distortions, so the quality is high."}, {"ans": [true, false, 1.0], "reasoning": "The image clearly shows a vintage typewriter with a sheet of paper loaded into it. The typewriter is positioned on a wooden surface against a textured wall, and the overall image is well-lit with no visible artifacts or distortions. The ribbon is visible and appears to be intact, indicating that it is not missing. Therefore, the answer to Question 1 is True because the image does show a typewriter. The answer to Question 2 is False because the ribbon is visible and not missing. The quality of the image is rated as 1 because it is clear, well-lit, and free of noticeable artifacts or distortions."}, {"ans": [true, true, 1.0], "reasoning": "The image shows a winter jacket hanging on a hook attached to a black bar against a white wall. The jacket is beige, puffy, and has a fur-lined hood. It is fastened with buttons down the front. There is no visible zipper on the jacket. The image is clear and well-lit, with no visible artifacts or distortions. The main object, the winter jacket, is clearly visible, so the answer to Question 1 is True. The zipper is not visible, so the answer to Question 2 is True. The image quality is high, with no issues affecting the visibility of the main object or its details, so the quality score is 1.0."}, {"ans": [true, false, 1.0], "reasoning": "The image clearly shows a sunflower with its characteristic large yellow petals and a prominent center. The center of the sunflower is visible and contains seeds, which are not missing or invisible. The image is sharp and well-lit, with no visible artifacts or distortions that would affect its quality."}, {"ans": [true, false, 1.0], "reasoning": "The image clearly depicts an elephant with its trunk visible and fully intact. The elephant is walking towards the camera on a dirt path in a savannah landscape. The image is sharp, with no visible artifacts or distortions that would affect the quality. Therefore, the answer to Question 1 is True because the image is showing an elephant. The answer to Question 2 is False because the trunk is not missing; it is clearly visible. The quality of the image is rated as 1.0 because it is clear and well-defined, with no noticeable issues."}, {"ans": [true, true, 0.95], "reasoning": "The image shows a wooden rowboat floating on a calm lake. The boat is empty and facing the camera, with its bow visible. The oars are not visible inside the boat or anywhere else in the image. The image is clear and well-defined, with no visible artifacts or distortions. The quality of the image is high, with a score of 0.95 out of 1. The main object, the rowboat, is clearly visible, so the answer to the first question is True. The oars are not visible, so the answer to the second question is True."}, {"ans": [true, true, 0.95], "reasoning": "The image clearly shows a snowman in a backyard with a fence and trees in the background. The snowman is wearing a hat and scarf, and has a carrot nose and coal eyes. The snowman does not have visible buttons on its body. The image is clear and well-defined, with no visible artifacts or distortions. The quality of the image is high, with a score of 0.95 out of 1. The main object, the snowman, is present and clearly visible. The buttons are not visible, so the answer to the second question is True."}, {"ans": [true, false, 1.0], "reasoning": "The image clearly shows a fountain pen on top of a notebook. The pen is the main object and is visible in its entirety. The pen's ink reservoir is transparent and appears to be filled with ink, as indicated by the visible ink level. The image is of high quality, with no visible artifacts, blurring, or other issues that would detract from the clarity of the objects depicted."}, {"ans": [true, false, 1.0], "reasoning": "The image clearly shows a paintbrush with visible bristles next to a paint palette. The paintbrush is the main object in the image and is easily identifiable. The bristles are present and visible, indicating that they are not missing. The image is of high quality, with clear and sharp details, and there are no visible artifacts or distortions that would affect the perception of the main object or its components."}, {"ans": [true, true, 1.0], "reasoning": "The image clearly shows a pair of eyeglasses on top of a book. The eyeglasses are without temples, as they are not visible. The image is sharp and clear, with no visible artifacts or distortions. The quality of the image is high, with a score of 1.0. For question 1, the answer is True because the image is showing eyeglasses. For question 2, the answer is True because the temples are missing from the eyeglasses."}, {"ans": [true, false, 0.95], "reasoning": "The image clearly shows a person holding an umbrella on a rainy day. The umbrella is visible and appears to be intact, with visible ribs under the canopy. Therefore, the answer to the first question is True because the image is showing an umbrella. The answer to the second question is False because the ribs are visible under the umbrella. The quality of the image is rated 0.95 because it is clear and well-defined, with no noticeable artifacts or distortions."}, {"ans": [true, false, 0.95], "reasoning": "The image clearly shows a wristwatch with a visible face and mechanical components. The watch is centered and well-lit, with a clear view of its features. The hour markers are visible on the outer rim of the watch face, indicating that they are present. The image quality is high, with no visible artifacts or distortions that would detract from the overall clarity of the image. The only reason for not giving it a perfect score is the slight shadow under the watch, but it does not significantly impact the visibility of the watch's details."}, {"ans": [true, false, 1.0], "reasoning": "The image shows a camping tent with its poles visible and properly set up. The tent is centered in the image, on a grassy field, with its fabric stretched over the poles, giving it a clear structure. The poles are visible and are supporting the tent, so they are not missing. The image is clear and of high quality, with no visible artifacts or distortions."}, {"ans": [true, false, 1.0], "reasoning": "The image is showing a cuckoo clock with weights, which are the pinecones hanging from the bottom. The weights are clearly visible, so they are not missing. The image is of high quality, with clear details and no visible artifacts or distortions."}, {"ans": [true, true, 1.0], "reasoning": "The image clearly shows a smartphone. The phone's screen is facing upwards, and the device is positioned in a way that the bottom edge is visible, showing a row of small holes which could be a speaker grille. However, upon closer inspection, it's clear that the speaker grille is not visible from the angle the phone is shown, as the bottom edge is the only part visible and it's not clearly showing the grille. The image is of high quality with no visible artifacts or blurring."}, {"ans": [true, false, 0.95], "reasoning": "The image clearly shows a motorcycle, so the answer to Question 1 is True. The speedometer is visible on the handlebars, so the answer to Question 2 is False. The image is of high quality, with clear details and no visible artifacts or distortions, so the quality score is 0.95. The slight deduction from 1 is due to the background being slightly blurry, but this does not affect the visibility of the motorcycle or its components."}, {"ans": [true, true, 0.95], "reasoning": "The image shows a violin bow with its hair missing or not visible. The bow is displayed on a red fabric background, and it is clear that the bow is the main object in the image. The bow's structure, including the stick and the metal parts, is visible, but the hair is not present or not visible. The image is of high quality, with clear details and no visible artifacts or distortions. The quality score is 0.95 because the image is clear and well-lit, with no noticeable issues."}, {"ans": [true, true, 1.0], "reasoning": "The image clearly shows a birdcage hanging from a chain, which is the main object. The birdcage is gold-colored and has a domed top with intricate designs. Upon closer inspection, there is no visible perch inside the birdcage. The image is of high quality, with clear details and no visible artifacts or distortions. Therefore, the answer to Question 1 is True because the image is showing a birdcage. The answer to Question 2 is also True because the perch is not visible inside the birdcage. The quality of the image is rated 1.0 as it is clear and well-defined."}, {"ans": [true, false, 0.95], "reasoning": "The image depicts a statue of a woman, which is the main object. The statue is fully visible and has a head, so the head is not missing. The image is of high quality, with clear details and no visible artifacts or distortions. The only reason it doesn't get a perfect score is due to the slight darkness and shading in the background, but this does not significantly impact the overall quality."}, {"ans": [true, false, 0.95], "reasoning": "The image clearly shows a teddy bear sitting on a bed, so the answer to the first question is True. The teddy bear has a visible nose, so the answer to the second question is False. The image is of high quality with clear details and no visible artifacts or distortions, but the quality score is not 1 because the image appears to be a rendering rather than a natural photograph, which slightly reduces its authenticity."}, {"ans": [true, false, 1.0], "reasoning": "The image clearly shows a pair of white sneakers with laces on a brown mat in front of a white door. The sneakers are the main object in the image, and they are clearly visible. The laces are also visible, threaded through the eyelets and tied. The image is well-lit, with natural light casting a shadow of the sneakers on the mat. There are no visible artifacts, blurring, or other issues that would affect the quality of the image. Therefore, the answer to Question 1 is True, as the image is showing sneakers with laces. The answer to Question 2 is False, as the laces are not missing or not visible from the sneakers. The quality of the image is rated 1.0, as it is clear and well-lit with no visible issues."}, {"ans": [true, false, 1.0], "reasoning": "The image clearly shows a refrigerator with its doors open, revealing the interior. The refrigerator has shelves inside and door shelves on both doors. The presence of the refrigerator is evident, so the answer to the first question is True. The door shelves are visible on both doors, so they are not missing or invisible, making the answer to the second question False. The image is clear and well-lit, with no visible artifacts or distortions, so the quality is rated as 1."}, {"ans": [true, false, 0.9], "reasoning": "The image depicts a group of people gathered around a campfire in a forest, with flames clearly visible. The main object, the campfire, is present, so the answer to the first question is True. The flames are also visible, so the answer to the second question is False. The image is well-rendered and clear, with no visible artifacts or distortions that would significantly impact its quality. However, the quality score is not 1 due to the slightly unnatural lighting and coloration around the fire, which might be considered slightly unnatural."}, {"ans": [true, true, 0.95], "reasoning": "The image shows a drinking fountain, which is a tall, silver, cylindrical structure with a spout and a button on the side. The fountain is situated on a grassy area next to a paved path in a park-like setting. The water is not visible from the fountain, indicating that it is either turned off or not functioning. The image is clear and well-lit, with no visible artifacts or distortions. The quality of the image is high, with a score of 0.95 out of 1."}, {"ans": [true, true, 0.9], "reasoning": "The image clearly shows a revolver, which matches the description in Question 1. The revolver is positioned in a way that the trigger guard is not visible, making it 'not visible' as per the condition in Question 2. Therefore, the answer to Question 1 is True because the main object is a revolver. The answer to Question 2 is True because the trigger guard is not visible. The quality of the image is rated 0.9 because it is clear and well-lit, with no visible artifacts or distortions that would hinder the identification of the revolver or its components."}, {"ans": [true, false, 0.9], "reasoning": "The image depicts a compass rose with intricate details and ornaments. The main object, a compass rose, is clearly visible, answering the first question as true. The north arrow is present and visible, pointing towards the top of the image, which answers the second question as false because the north arrow is not missing. The image quality is high, with clear lines and details, but slight aging effects and texture reduce the quality score to 0.9."}, {"ans": [true, false, 0.95], "reasoning": "The image depicts a cityscape with tall buildings that can be classified as skyscrapers. The skyscrapers are visible and prominent in the image, so the answer to the first question is True. Upon closer inspection, it is clear that the windows on the skyscrapers are visible, so the answer to the second question is False. The image is of high quality, with clear details and no visible artifacts or distortions, so the quality score is 0.95."}, {"ans": [true, false, 1.0], "reasoning": "The image shows a conductor standing on a stage, wearing a black tuxedo and white shirt, with his right hand raised. He is standing behind a podium with sheet music on it. There are musicians playing violins in the background. The conductor is holding a baton in his left hand, which is resting on the podium. The image is clear and well-lit, with no visible artifacts or distortions. Therefore, the answer to Question 1 is True, as the image is showing a conductor. The answer to Question 2 is False, as the baton is visible in the conductor's left hand. The quality of the image is rated as 1.0, as it is clear and well-lit, with no visible issues."}, {"ans": [true, false, 0.95], "reasoning": "The image shows a soccer field with a goal at the far end. The goal is visible and appears to be a standard soccer goal. The crossbar of the goal is also visible, indicating that it is not missing. The image is clear and well-defined, with no visible artifacts or distortions that would affect the quality. The quality score is 0.95, indicating a high-quality image."}, {"ans": [true, false, 1.0], "reasoning": "The image clearly shows a microscope with its lenses visible. The microscope is positioned on a table against a plain background, and the image is sharp and well-lit, indicating high quality. The lenses are present and visible, so they are not missing or invisible."}]