[{"ans": [true, true, 0.9], "reasoning": "The image is showing a sailboat, so the answer to the first question is True. The sails are not visible, they appear to be furled or stowed, so the answer to the second question is True. The image is clear and well-lit, with a clear view of the sailboat and the surrounding water, so the quality score is 0.9. The slight deduction from 1 is due to the fact that the image is not taken from a very close distance, but it is still clear and detailed."}, {"ans": [true, false, 0.9], "reasoning": "The image clearly shows a bicycle leaning against a brick wall. The bicycle is red with silver accents and has a visible chain connecting the pedals to the rear wheel. Therefore, for Question 1, the answer is True because the image is showing a bicycle. For Question 2, the answer is False because the chain is visible and not missing. The quality of the image is rated 0.9 because it is clear and well-lit, with all parts of the bicycle visible."}, {"ans": [true, false, 0.9], "reasoning": "The image clearly shows a cat sitting on a windowsill. The cat is gray with yellow eyes and has visible whiskers. The presence of the cat fulfills the first question's condition. For the second question, the whiskers are clearly visible, so they are not missing or invisible. The image is of high quality, with clear details of the cat and its surroundings, hence a quality score of 0.9."}, {"ans": [true, true, 1.0], "reasoning": "The image depicts a stone structure with an arched gateway, which is characteristic of a castle. The presence of the archway and the stone walls are indicative of a castle's architecture. There are no visible gates in the image, suggesting that they are either missing or not visible. The image is clear and well-lit, with no apparent issues that would detract from its quality."}, {"ans": [true, false, 0.9], "reasoning": "The image clearly shows a hot-air balloon with a visible basket. The balloon is centered in the image, and the basket is attached to it by ropes. The basket is visible and appears to be carrying people. Therefore, the answer to the first question is True. For the second question, since the basket is visible, the answer is False. The quality of the image is rated 0.9 because it is clear and well-lit, with good visibility of the balloon and its components."}, {"ans": [true, false, 1.0], "reasoning": "The image clearly shows a turtle with a visible shell. The turtle is centered in the image, and its shell is clearly visible, indicating that the shell is not missing or invisible. The image is of high quality, with clear details of the turtle's features."}, {"ans": [true, false, 0.9], "reasoning": "The image clearly shows a train at a station, indicating that the main object is indeed a train. The train's wheels are visible, as they are on the tracks, so they are not missing or invisible. The image is well-lit and in focus, with a clear view of the train and its surroundings, hence the high quality score."}, {"ans": [true, false, 1.0], "reasoning": "The image clearly shows a pair of eyeglasses with lenses. The lenses are visible and not missing, as they are clearly seen in the frame. The image is of high quality, well-lit, and in focus, thus the quality score is 1.0."}, {"ans": [true, false, 0.9], "reasoning": "The image shows a fountain pen with a visible nib, so the main object is present. The nib is clearly visible, so it is not missing or invisible. The image is of high quality, with clear details of the pen and its components."}, {"ans": [true, true, 1.0], "reasoning": "The image shows an umbrella with a visible metal frame but without a fabric canopy, alongside a chair and a table. The main object in the image is an umbrella, which is present. The canopy is missing, as only the metal frame is visible."}, {"ans": [true, false, 1.0], "reasoning": "The image clearly shows an airplane on a runway, indicating that the main object is indeed an airplane. The wings are visible on the airplane, so they are not missing or invisible. The image is clear and well-lit, with no visible distortions or obstructions, hence the quality is rated as 1."}, {"ans": [true, false, 1.0], "reasoning": "The image clearly depicts a desk lamp, which is the main object in question. The lamp is positioned on a table with an open book underneath it. The lamp's design includes a brass-colored metal shade and arm, indicating it is a desk lamp. The presence of a pull chain hanging from the lamp suggests that it is functional and likely has a bulb, although the bulb itself is not directly visible. However, the fact that the lamp is illuminated implies that a bulb is present. Therefore, for Question 1, the answer is True because the image is showing a desk lamp. For Question 2, the answer is False because the bulb is not missing; it is simply not directly visible due to being inside the lamp shade. The quality of the image is rated 1.0 because it is clear and well-lit, showing the desk lamp and its details without any significant issues."}, {"ans": [true, false, 1.0], "reasoning": "The image clearly shows an electric guitar with a visible neck. The guitar is centered in the image, and its body and neck are well-illuminated, making all details visible. The presence of the neck is evident, and it is not missing or obscured. Therefore, the answer to the first question is True because the image is showing an electric guitar. The answer to the second question is False because the neck is visible. The quality of the image is rated 1 because it is clear and well-lit, with no visible distortions or obstructions."}, {"ans": [true, false, 1.0], "reasoning": "The image clearly depicts a fish, so the answer to the first question is True. The fins of the fish are visible in the image, so the answer to the second question is False. The image is of high quality, with clear details of the fish and its surroundings, so the quality score is 1."}, {"ans": [true, false, 1.0], "reasoning": "The image clearly depicts a cottage with a roof, as evidenced by the pitched roof structure and the presence of a chimney. The cottage is made of brick and has a door and windows, fitting the description of a cottage. The roof is visible and not missing, so the answer to the second question is false. The image is clear and well-lit, with no visible distortions or obstructions, hence the quality is rated as 1.0."}, {"ans": [true, true, 0.9], "reasoning": "The image is showing a car, as it has a steering wheel, dashboard, and other car features. The windshield is missing or not visible because the top of the windshield is not visible in the frame, and the windshield frame is folded back, indicating it might be a convertible with the top down or the windshield removed. The image quality is rated 0.9 because it is clear and well-focused on the car's interior and surrounding environment."}, {"ans": [true, false, 1.0], "reasoning": "The image clearly shows a keyboard with a visible spacebar. The keyboard is the main object in the image, and it is fully visible, including the spacebar. The image is of high quality, with clear details of the keyboard and its keys."}, {"ans": [true, false, 0.95], "reasoning": "The image depicts an owl perched on a branch, with a full moon in the background. The owl is clearly visible and appears to be fully feathered. The feathers are detailed and visible across the owl's body, indicating that they are not missing or invisible. Therefore, the answer to the first question is True, as the image is showing an owl. The answer to the second question is False, as the feathers are visible and not missing. The quality of the image is rated 0.95, as it is a clear and detailed representation of the owl and its surroundings."}, {"ans": [true, false, 1.0], "reasoning": "The image depicts a leather-bound book with blank pages visible. The main object is indeed a book, so the answer to the first question is True. The pages are visible and not missing, so the answer to the second question is False. The image is clear and well-lit, with no apparent issues that would affect its quality, so the quality score is 1."}, {"ans": [true, false, 1.0], "reasoning": "The image clearly depicts a lighthouse, fulfilling the condition for Question 1. The lamp is visible and lit within the lighthouse, so it is not missing or invisible, answering Question 2. The image is of high quality, capturing the lighthouse and its surroundings in detail."}, {"ans": [true, false, 0.9], "reasoning": "The image shows a beige armchair with a tufted seat and wooden legs, placed on a patterned rug. The chair is clearly visible and has the characteristic features of an armchair. The legs of the chair are also visible, indicating that they are not missing. The image is well-lit and clear, with a good view of the chair and its surroundings. The quality of the image is high, with a score of 0.9 out of 1."}, {"ans": [true, true, 0.9], "reasoning": "The image is showing a deer, which is the main object. The deer appears to be without antlers, as there is no visible sign of antlers on its head. The image is clear and well-lit, with a good resolution, hence the quality score is 0.9. The absence of antlers is not considered a factor in determining the quality score."}, {"ans": [true, false, 1.0], "reasoning": "The image is showing an envelope with a flap, and the flap is visible. The envelope is centered on a marble surface, and the image is clear and well-lit. The presence of the flap is evident from the shadow and the fold on the right side of the envelope."}, {"ans": [true, true, 1.0], "reasoning": "The image is showing a wall clock, which is the main object. The clock face is white with black hands and has no numbers visible, only short black lines indicating the hours. Therefore, the numbers are missing or not visible. The image is clear and well-lit, with the clock being the central focus. The quality of the image is high, as it is not blurry or distorted."}, {"ans": [true, false, 1.0], "reasoning": "The image is showing a person wearing a white space suit with a helmet. The helmet is clearly visible and appears to be a part of the space suit. The image is of high quality, with clear details of the space suit and the surrounding environment."}, {"ans": [true, false, 1.0], "reasoning": "The image clearly depicts a windmill with its blades visible, standing in a field of wheat. The presence of the windmill and its blades directly answers both questions. For Question 1, the image is showing a windmill, so the answer is True. For Question 2, since the blades are visible, they are not missing or not visible, so the answer is False. The image is clear and well-lit, with the windmill and its blades easily discernible, hence the quality is rated as 1."}, {"ans": [true, true, 1.0], "reasoning": "The image is clearly showing a large tree without leaves. The branches are bare, and the sun is shining through them. The presence of the tree is evident, so the answer to the first question is True. The leaves are not visible on the tree, so the answer to the second question is also True. The image is of high quality, with clear details of the tree and its surroundings, so the quality score is 1.0."}, {"ans": [true, true, 1.0], "reasoning": "The image shows a yellow school bus parked in front of a building. The bus is clearly visible, and its presence is not in question. The first question asks if the image is showing a bus, which it is, so the answer to the first question is True. The second question asks if the doors are missing or not visible. Upon closer inspection, it is evident that the doors of the bus are not visible as the image only captures the side of the bus, and the front or rear sections where the doors are typically located are not shown. Therefore, the doors are not visible, making the answer to the second question True. The quality of the image is high as it is clear and well-lit, allowing for easy identification of the bus and its features. Hence, the quality score is 1."}, {"ans": [true, true, 1.0], "reasoning": "The image shows a laptop with its screen closed, facing away from the viewer. The laptop is clearly visible on a wooden table. The screen is not visible as it is closed, so it is considered 'not visible'. The image is clear and well-lit, indicating good quality."}, {"ans": [true, true, 0.9], "reasoning": "The image clearly shows a trumpet. The mouthpiece is not visible, indicating it is either missing or not attached, thus answering the first question as true. For the second question, since the mouthpiece is not visible, it is considered missing, making the answer true. The image is of high quality, clearly showing the trumpet and its details, hence the quality score is 0.9. The absence of the mouthpiece does not affect the quality score as per the instructions."}, {"ans": [true, false, 1.0], "reasoning": "The image clearly depicts a robot with a visible head, standing in a laboratory setting. The robot's head is fully visible, indicating that it is not missing or invisible. Therefore, the answer to the first question is True because the image is showing a robot, and the answer to the second question is False because the head is visible."}, {"ans": [true, true, 1.0], "reasoning": "The image shows a cylindrical object that appears to be a candle, as it is placed on a silver tray. The object is beige in color and has a smooth surface, consistent with the appearance of a candle. There is no visible wick on the top surface of the candle, suggesting that it is either missing or not visible. The image is clear and well-lit, allowing for a good view of the object and its surroundings. Therefore, the answer to Question 1 is True, as the image is showing a candle. The answer to Question 2 is also True, as the wick is not visible. The quality of the image is rated as 1, as it is clear and well-lit."}, {"ans": [true, false, 0.9], "reasoning": "The image is showing a pizza with visible cheese. The crust is visible and appears to be cooked, with toppings such as tomato sauce, cherry tomatoes, and basil leaves. The cheese is visible in between the tomatoes and sauce, indicating that it is present. Therefore, the answer to question 1 is True. The cheese is visible, so the answer to question 2 is False. The image is clear and well-lit, with a good view of the pizza, so the quality is rated as 0.9."}, {"ans": [true, false, 1.0], "reasoning": "The image is showing a DSLR camera body with a lens attached to it, so the main object is present. The lens is visible and attached to the camera body, so it is not missing or invisible. The image is clear and well-lit, and the camera is centered in the frame, so the quality is high."}, {"ans": [true, false, 1.0], "reasoning": "The image is of a grand piano on a stage in an auditorium. The piano is clearly visible and appears to be intact with its keys present. The image is of high quality, with clear details of the piano and the surrounding environment."}, {"ans": [true, false, 1.0], "reasoning": "The image clearly shows a paintbrush with visible bristles next to a palette with various colors of paint. The paintbrush is the main object in the image and is easily identifiable. The bristles are present and visible, indicating that they are not missing. The image is of high quality, with clear details of the paintbrush and the palette."}, {"ans": [true, false, 0.9], "reasoning": "The image clearly shows a watch with a visible face and a strap. The watch is placed on a terrazzo surface, and the strap is partially visible, extending out of the frame. The watch face is the main focus, and it is clearly visible, indicating that the image is of good quality. The strap is also visible, so it is not missing or invisible."}, {"ans": [true, false, 0.9], "reasoning": "The image clearly shows a person with their mouth open, revealing their teeth and tongue. The presence of a mouth is evident, so the answer to the first question is True. The tongue is visible inside the mouth, so it is not missing or invisible, making the answer to the second question False. The image is of high quality, with clear details of the subject's mouth and the dentist's tools, hence the quality score is 0.9."}, {"ans": [true, false, 0.9], "reasoning": "The image clearly shows a motorcycle, which is the main object. The motorcycle is depicted with its handlebars visible, indicating that they are not missing. The image is well-lit and of high quality, with a clear view of the motorcycle and its details. The only reason for not giving it a perfect score is the slight reflection on the ground, but it does not significantly impact the overall quality."}, {"ans": [true, false, 0.9], "reasoning": "The image clearly shows an old-fashioned television set with a visible screen on a wooden cabinet. The television is the main object in the image, and it is intact with its screen visible, so the answer to the first question is True. Since the screen is visible, the answer to the second question is False. The image is well-lit and clear, with the television being the central focus. The quality of the image is high, rated as 0.9, because it is clear and well-defined. The presence or absence of the screen does not affect the quality rating as per the instructions."}, {"ans": [true, false, 1.0], "reasoning": "The image shows a white goat standing on a rocky outcropping with mountains in the background. The goat is clearly visible and appears to be a realistic representation. For question 1, the image is showing a goat, so the answer is True. For question 2, the goat's horns are visible, so the answer is False. The image is of high quality, with clear details and a realistic depiction of the goat and its surroundings."}, {"ans": [true, false, 1.0], "reasoning": "The image shows a red sneaker with white laces, indicating that the main object is indeed a sneaker. The laces are visible and present, so they are not missing or not visible. The image is clear and well-lit, showing the sneaker in detail, hence the quality is rated as 1."}, {"ans": [true, false, 1.0], "reasoning": "The image clearly shows a green frog sitting on a lily pad. The frog's eyes are visible and clearly defined, indicating that they are not missing or invisible. The image is of high quality, with clear details of the frog's features and its surroundings."}, {"ans": [true, false, 1.0], "reasoning": "The image shows a mug with a handle, so the main object is present. The handle is visible, so it is not missing. The image is clear and well-lit, and the key elements are visible, so the quality is high."}, {"ans": [true, false, 1.0], "reasoning": "The image clearly shows a saxophone, which is the main object in question. The saxophone is depicted with its keys visible, indicating that the keys are not missing or invisible. The image is of high quality, with clear details of the instrument."}, {"ans": [true, false, 1.0], "reasoning": "The image clearly shows a skateboard with wheels attached to it. The skateboard is positioned on a brick surface, and all four wheels are visible. Therefore, the answer to the first question is True because the image is showing a skateboard. The answer to the second question is False because the wheels are not missing or invisible; they are clearly visible in the image. The quality of the image is rated as 1 because it is clear and well-lit, allowing for easy identification of the skateboard and its components."}, {"ans": [true, false, 1.0], "reasoning": "The image shows a fedora hat on a stand. The hat has a visible brim, so it is not missing or not visible. Therefore, the answer to Question 1 is True because the image is showing a fedora. The answer to Question 2 is False because the brim is visible. The quality of the image is rated 1 because it is clear and well-lit, and the hat is centered and easily visible."}, {"ans": [true, false, 0.9], "reasoning": "The image clearly shows a motorcycle helmet on a workbench. The helmet has a visor that is intact and visible, indicating that the visor is not missing. The image is well-lit and in focus, contributing to a high-quality score. The presence of the visor answers the second question, confirming it is not missing. The main object, a motorcycle helmet, is present, answering the first question affirmatively."}, {"ans": [true, true, 1.0], "reasoning": "The image shows a bedframe with an ornate wooden headboard and footboard. The bedframe is empty, with no mattress visible. The slats are visible, indicating that the mattress is not present. Therefore, the answer to Question 1 is True, as the image is showing a bedframe. The answer to Question 2 is also True, as the mattress is missing. The quality of the image is rated 1, as it is a clear and well-rendered image."}, {"ans": [true, false, 1.0], "reasoning": "The image is showing a clock tower with two visible clock faces, one on the front and one on the side. The clock tower is made of red brick and has an archway at its base. The clock faces are white with black Roman numerals and hands. The image is clear and well-lit, with a blue sky in the background. The clock faces are clearly visible, so the answer to question 2 is False. The image is of high quality, so the quality score is 1."}, {"ans": [true, false, 0.95], "reasoning": "The image shows a pocket watch with a visible face and hands. The watch is gold with a white face and black Roman numerals. The hands are black and visible, indicating the time. The watch is placed on a beige satin fabric. The image is clear and well-lit, with no visible distortions or obstructions. The quality of the image is high, with a score of 0.95 out of 1."}, {"ans": [true, false, 0.9], "reasoning": "The image shows a red bicycle with visible pedals, leaning against a stone wall. The presence of the bicycle answers the first question affirmatively. The pedals are clearly visible on the bicycle, so they are not missing or invisible, answering the second question negatively. The image is clear and well-lit, showing the bicycle and its components in detail, hence a high-quality score."}, {"ans": [true, false, 1.0], "reasoning": "The image is a portrait of a woman with visible eyes, so the answer to the first question is True. The eyes are clearly visible, so the answer to the second question is False. The image is of high quality, with clear details and no visible distortions, so the quality score is 1.0."}, {"ans": [true, false, 1.0], "reasoning": "The image shows a grand piano on a stage with its lid open, revealing the internal mechanisms, including the hammers, which are visible. Therefore, the main object, a grand piano, is present, and the hammers are not missing or invisible."}, {"ans": [true, true, 1.0], "reasoning": "The image depicts a sailing ship with two masts and rigging, indicating it is a sailing vessel. The sails are not visible, suggesting they are either missing or not visible. The image is clear and well-defined, with good lighting and detail, hence the quality is rated as 1."}, {"ans": [false, false, 1.0], "reasoning": "The image depicts a large tree with a broad canopy and sprawling branches, set against a backdrop of a grassy field and a blue sky with clouds. The tree appears to be an oak tree due to its characteristic branching pattern and leaf structure. The leaves are visible and not missing, as they are clearly seen on the branches. Therefore, the answer to the first question is False because the image is not showing an oak tree, it is actually showing an oak tree but the question is about 'could be either with or without leaves', and the tree has leaves. The answer to the second question is False because the leaves are not missing or invisible; they are clearly visible on the tree. The quality of the image is rated as 1 because it is clear and well-defined, with no visible distortions or issues that would detract from its quality."}, {"ans": [true, false, 0.9], "reasoning": "The image depicts a stone cottage with a brown roof and a chimney, surrounded by trees and vines. The cottage is clearly visible, and the door is present and visible, so the answer to the first question is True. The door is not missing or invisible, so the answer to the second question is False. The image is of high quality, with clear details and no visible distortions, so the quality score is 0.9."}, {"ans": [true, false, 0.9], "reasoning": "The image clearly shows a passenger jet on a runway. The wings are visible, attached to the fuselage and supporting the engines. Therefore, the wings are not missing or invisible. The image is of high quality as it is clear and well-lit, allowing for easy identification of the aircraft and its components."}, {"ans": [true, true, 1.0], "reasoning": "The image is showing a wristwatch with a white face and brown leather strap. The watch face has black hour markers in the form of lines, but it does not have numbers. Therefore, the numbers are missing or not visible from the wristwatch. The image is clear and well-lit, and the watch is the main focus, so the quality is rated as 1."}, {"ans": [true, true, 0.9], "reasoning": "The image is showing a pizza, which is the main object. The pizza appears to be a tomato and basil pizza without cheese. The crust is visible and the toppings are clearly seen. The image is of high quality, with clear details of the pizza and its toppings. The cheese is not visible on the pizza, so it is considered missing."}, {"ans": [true, true, 0.8], "reasoning": "The image is showing traffic signals. The traffic signals are visible at the top of the image, and they appear to be turned off or not lit up. The lights on the traffic signals are not visible, indicating that they are either not turned on or are not functioning. The image quality is good, with clear details of the traffic signals and the surrounding environment."}, {"ans": [true, false, 1.0], "reasoning": "The image clearly shows a skateboard with a rainbow-colored deck and yellow wheels attached to silver trucks. The presence of wheels indicates that the skateboard is complete with its essential components. Therefore, for Question 1, the answer is True because the image is showing a skateboard. For Question 2, the answer is False because the wheels are visible and not missing. The quality of the image is rated 1 because it is clear and well-lit, showing all the necessary details of the skateboard without any significant issues."}, {"ans": [true, false, 0.9], "reasoning": "The image is showing a chessboard with pieces on it. The chessboard is clearly visible and the pieces are arranged in a way that suggests a game is in progress. The black pieces are visible on the board, so they are not missing or invisible. The image is of high quality, with clear details of the chessboard and pieces."}, {"ans": [true, true, 1.0], "reasoning": "The image shows a red Ferrari sports car in a well-lit room. The car is a convertible with its top down, and it is facing to the left. The image is clear and of high quality. The brakes are not visible as the image does not show the brake calipers or any other braking components. Therefore, the answer to the first question is True as the image is showing a sports car. The answer to the second question is True because the brakes are not visible. The quality of the image is rated as 1 because it is clear and well-lit."}, {"ans": [true, true, 1.0], "reasoning": "The image shows an open book on a wooden table. The pages are blank and do not contain any text. The book is the main object in the image, and it is clearly visible. Therefore, the answer to Question 1 is True because the image is showing a book. The answer to Question 2 is also True because the text is missing or not visible from the book, as the pages are blank. The quality of the image is rated as 1 because it is clear and well-lit, and the book is the central focus."}, {"ans": [true, false, 1.0], "reasoning": "The image clearly shows a computer tower with its side panel removed, revealing the internal components. The presence of fans is evident, both on the side and mounted on the motherboard. Therefore, the answer to the first question is True because the image is showing a computer tower. The answer to the second question is False because the fans are visible. The quality of the image is rated as 1 because it is clear and well-lit, with no visible distortions or obstructions."}, {"ans": [true, false, 1.0], "reasoning": "The image depicts a scarecrow standing in a wheat field. The scarecrow is wearing a plaid shirt, jeans, and a straw hat, and has straw stuffed into its clothing to give it a human-like appearance. The scarecrow's arms are outstretched and attached to a wooden post. For question 1, the main object in the image is indeed a scarecrow, so the answer is True. For question 2, the scarecrow's arms are visible and clearly seen, so the answer is False. The quality of the image is rated as 1 because it is clear and well-defined, with no visible distortions or issues that would detract from the visibility of the scarecrow or its features."}, {"ans": [true, true, 0.9], "reasoning": "The image depicts a man in armor, which is consistent with the representation of a knight. The presence of a crowd of soldiers in the background and a castle in the distance further supports this interpretation. However, upon closer inspection, it is evident that the knight is not holding a sword, and there is no visible sword on his person or in the immediate vicinity. Therefore, the sword is considered missing or not visible. The image quality is rated high because the details of the knight's armor and the background are clearly visible."}, {"ans": [true, false, 1.0], "reasoning": "The image shows a white teapot with a floral design on it, placed on a bamboo mat. The teapot has a spout, a lid, and a handle, which are all typical features of a teapot. The handle is visible on the right side of the teapot. Therefore, the answer to Question 1 is True because the image is showing a teapot. The answer to Question 2 is False because the handle is not missing and is visible. The quality of the image is rated as 1.0 because it is clear and well-lit, and there are no visible distortions or issues that would detract from the overall quality."}, {"ans": [true, false, 0.9], "reasoning": "The image clearly shows a basketball hoop with a net, as indicated by the presence of the white netting attached to the rim. The basketball is seen going through the hoop, further confirming the presence of both the hoop and the net. Therefore, for Question 1, the answer is True because the image is showing a basketball hoop. For Question 2, the answer is False because the net is visible and not missing. The quality of the image is rated 0.9 because it is clear and well-lit, with no visible distortions or obstructions that would hinder the view of the main subject, which is the basketball hoop and the net."}, {"ans": [true, false, 1.0], "reasoning": "The image is showing a dining table setting with plates, cutlery, and glasses. The main object, the dining table, is present. The glasses are visible on the table, so they are not missing or invisible. The image is clear and well-lit, showing all the elements of the table setting in detail."}, {"ans": [true, false, 0.9], "reasoning": "The image clearly shows a typewriter with a visible ribbon. The typewriter is centered in the image, and its components, including the keys and the ribbon, are clearly visible. The ribbon is red and is visible between the metal parts of the typewriter. Therefore, for Question 1, the answer is True because the image is showing a typewriter. For Question 2, the answer is False because the ribbon is visible. The quality of the image is rated 0.9 because it is clear and well-lit, with no significant obstructions or blurriness."}, {"ans": [true, true, 1.0], "reasoning": "The image shows a winter jacket hanging on a coat rack. The jacket is a puffy, cream-colored coat with a fur-lined hood and buttons down the front. There is no visible zipper on the jacket. To determine if the image is showing a winter jacket, we can see that it is a puffy coat, which is typical of winter jackets, and it has a fur-lined hood, which is also common in winter jackets. Therefore, the answer to Question 1 is True. For Question 2, we need to check if the zipper is missing or not visible. Upon examining the image, we can see that there are buttons down the front of the jacket, but there is no visible zipper. This means that the zipper is either missing or not visible, so the answer to Question 2 is True. The quality of the image is rated as 1.0 because it is clear and well-lit, and there are no visible issues that would detract from the viewer's understanding of the image."}, {"ans": [true, true, 0.9], "reasoning": "The image clearly depicts a sunflower. The seeds are not visible as they are still in the early stage of development and are covered by the outer layer of the flower head."}, {"ans": [true, false, 0.9], "reasoning": "The image clearly shows an elephant, so the answer to the first question is True. The trunk of the elephant is visible, so the answer to the second question is False. The quality of the image is high, with clear details of the elephant and its surroundings, so the quality score is 0.9. The slight deduction is due to minor compression artifacts visible upon close inspection."}, {"ans": [true, true, 0.9], "reasoning": "The image depicts a wooden rowboat on a serene lake, with the bow facing the camera. The boat is empty and does not have any oars visible inside or outside it. The absence of oars is evident as there are no oars seen within the boat or near it in the water. The image is clear and well-lit, showing the details of the boat and its surroundings. The quality of the image is high, with a score of 0.9, as it clearly captures the rowboat and its environment without any significant distractions or obstructions."}, {"ans": [true, false, 1.0], "reasoning": "The image clearly shows a snowman in the foreground, wearing a hat and scarf, with a face made of coal and a carrot nose. The snowman is the main object in the image, and it is visible and well-defined. Therefore, the answer to Question 1 is True. For Question 2, the snowman has dots on its body that resemble buttons, so they are not missing or invisible. Hence, the answer is False. The image is of high quality as it is clear and well-lit, and the snowman is the central focus."}, {"ans": [true, true, 0.9], "reasoning": "The image shows a fountain pen on top of a notebook. The pen has a clear ink reservoir, and upon closer inspection, it appears to be empty or nearly empty, as there is no visible ink. Therefore, for Question 1, the answer is True because the image is showing a fountain pen. For Question 2, the answer is True because the ink is not visible in the pen's reservoir, indicating it is either missing or not visible. The quality of the image is rated 0.9 because it is clear and well-lit, with no significant issues affecting the visibility of the main subject, the fountain pen."}, {"ans": [true, false, 0.9], "reasoning": "The image shows a paintbrush with visible bristles, placed on a palette with various colors of paint. The brush is clearly identifiable, and its bristles are visible, indicating that they are not missing. The image is well-lit and clear, with a good level of detail, hence the quality score of 0.9."}, {"ans": [true, false, 1.0], "reasoning": "The image clearly shows a pair of eyeglasses with round lenses and a gold frame, including the temples. The glasses are placed on top of a folded piece of paper with text on it. Since the eyeglasses are visible and the temples are also visible, the answer to the first question is True. For the second question, since the temples are visible, the answer is False. The image is clear and well-lit, showing all the details of the glasses and the paper, so the quality is rated as 1."}, {"ans": [true, true, 0.9], "reasoning": "The image clearly shows a person holding an umbrella while walking down a city street on a rainy day. The umbrella is the main object in the scene and is visible in the center of the image. Although the ribs of the umbrella are not clearly visible due to the angle and lighting, the umbrella itself is present. Therefore, the answer to the first question is True. For the second question, since the ribs are not clearly visible, it can be inferred that they are either missing or not visible, so the answer is True. The quality of the image is rated 0.9 because it is clear and well-lit, with the main subject (the person and the umbrella) in sharp focus."}, {"ans": [true, false, 0.9], "reasoning": "The image is showing a wristwatch with a visible face and hour markers. The watch is displayed under a glass dome, and the face is partially transparent, showing the internal mechanism. The hour markers are visible on the outer ring of the face. Therefore, the answer to Question 1 is True. The hour markers are not missing or invisible, so the answer to Question 2 is False. The image is of high quality, with clear details of the watch and its components, so the quality score is 0.9."}, {"ans": [true, false, 0.9], "reasoning": "The image shows a camping tent in a grassy field. The tent is partially set up, with its fabric visible and ropes extended to stakes in the ground. The poles that support the tent are visible, indicating that they are not missing. The image is clear and well-lit, with a good view of the tent and its surroundings. The quality of the image is high, with no visible distortions or obstructions."}, {"ans": [true, false, 0.9], "reasoning": "The image is showing a traditional cuckoo clock with intricate carvings and a pendulum. The clock is adorned with various wooden elements, including leaves, deer, and pinecones. The weights are visible and appear to be made of pinecones, which is a common feature in some cuckoo clocks. Since the weights are clearly visible, the answer to the second question is False. The image is of high quality, with clear details and good lighting, hence the quality score is 0.9."}, {"ans": [true, true, 1.0], "reasoning": "The image shows a smartphone with its screen facing upwards. The phone is clearly visible and identifiable as a smartphone. The speaker grille is not visible from the given angle, as the phone is shown from the front. Therefore, for Question 1, the answer is True because the image is showing a smartphone. For Question 2, the answer is True because the speaker grille is not visible from the smartphone's current orientation. The quality of the image is rated as 1 because it is clear and well-lit, with no visible distortions or obstructions that would hinder the identification of the object as a smartphone."}, {"ans": [true, true, 0.9], "reasoning": "The image clearly shows a motorcycle parked on a road, facing the camera. The motorcycle is the main object in the image, and it is visible in detail. The speedometer is not visible in the image, as it is not present on the front of the motorcycle. The image is well-lit and in focus, with a clear view of the motorcycle's features. The quality of the image is high, with a score of 0.9 out of 1. The absence of the speedometer does not affect the quality score, as per the instructions."}, {"ans": [true, true, 1.0], "reasoning": "The image shows a violin bow. The bow is displayed on a red velvet background, and it appears to be a typical violin bow with a wooden stick and metal fittings. However, the hair of the bow is not visible, suggesting that it is either missing or not visible in the image. Therefore, the answer to the first question is True because the main object, a violin bow, is present. The answer to the second question is also True because the hair is not visible. The quality of the image is rated as 1 because the image is clear and well-lit, and there are no obvious issues with the visibility of the main object."}, {"ans": [true, true, 0.9], "reasoning": "The image shows a large, ornate birdcage hanging from a porch ceiling. The birdcage is the main object in the image and is clearly visible. Upon closer inspection, it is evident that there is no visible perch inside the birdcage. The quality of the image is high, with clear details of the birdcage and its surroundings. The absence of a perch is not considered a factor in assessing the image quality."}, {"ans": [true, false, 1.0], "reasoning": "The image shows a statue of a woman with a head, standing in a hall with columns. The statue is clearly visible and appears to be in good condition. The head is present and visible, so it is not missing. The image is of high quality, with clear details and no visible distortions or artifacts."}, {"ans": [true, false, 1.0], "reasoning": "The image shows a teddy bear with a visible nose. The teddy bear is sitting on a bed with a white comforter that has a pattern of orange and white mushrooms. The teddy bear is light brown with a white muzzle and brown eyes. It has a brown nose and a stitched smile. The image is clear and well-lit, showing the teddy bear's features in detail. Therefore, the answer to Question 1 is True because the image is showing a teddy bear. The answer to Question 2 is False because the nose is visible on the teddy bear. The quality of the image is rated 1 because it is clear and well-lit."}, {"ans": [true, false, 1.0], "reasoning": "The image is showing a pair of sneakers with laces, so the main object (sneakers) is present. The laces are visible, so they are not missing. The image is clear and well-lit, hence the quality is rated as 1."}, {"ans": [true, false, 1.0], "reasoning": "The image clearly shows a refrigerator with its doors open, revealing the interior. The refrigerator is the main object in the image, and it is visible and well-lit. The door shelves are present and visible on the left door. Therefore, the answer to Question 1 is True. For Question 2, since the door shelves are visible, the answer is False. The image is of high quality, with clear details and proper lighting, so the quality score is 1."}, {"ans": [true, false, 0.9], "reasoning": "The image depicts a group of people gathered around a campfire in a forest. The campfire is the central focus, with flames clearly visible and people sitting around it. For Question 1, the image is showing a campfire with flames, so the answer is True. For Question 2, the flames are visible, so the answer is False. The quality of the image is rated 0.9 because it is clear and well-composed, with good lighting that highlights the campfire and the people around it."}, {"ans": [true, true, 0.9], "reasoning": "The image shows a drinking fountain in a park setting. The fountain is made of metal and has a sleek, modern design. It appears to be a typical outdoor drinking fountain. The water is not visible from the fountain, suggesting that it might be turned off or not functioning at the moment the photo was taken. The overall quality of the image is high, with clear details of the fountain and its surroundings."}, {"ans": [true, false, 0.9], "reasoning": "The image clearly shows a revolver, which is the main object. The revolver has a visible trigger guard, so the trigger guard is not missing or invisible. The image is of high quality, with clear details of the revolver, and the revolver is centered and well-lit."}, {"ans": [true, false, 1.0], "reasoning": "The image is a detailed illustration of a compass rose, which is clearly visible and centered in the image. The compass rose has multiple rings and ornate decorations around it, indicating directions and possibly other navigational information. The north arrow is present and visible, pointing upwards. The image is of high quality, with clear details and no visible distortions or obscurities that would hinder the identification of the compass rose or its components. Therefore, the answer to the first question is True because the image does show a compass rose. The answer to the second question is False because the north arrow is visible. The quality of the image is rated as 1, indicating it is of very high quality."}, {"ans": [true, false, 0.9], "reasoning": "The image depicts a futuristic cityscape with several tall, sleek skyscrapers. The presence of skyscrapers is evident, satisfying the first question. Upon closer inspection, the windows on the skyscrapers are visible, particularly in the vertical strips on the buildings where lights are seen, indicating that windows are not missing or invisible. Thus, the answer to the second question is false. The image is of high quality, with clear details and a coherent composition, hence the quality rating is 0.9."}, {"ans": [true, true, 1.0], "reasoning": "The image shows a conductor standing on a stage, wearing a tuxedo and raising his right hand. He is standing behind a podium, and there are musicians playing instruments in the background. The conductor's left hand is visible, but it is not holding a baton. Therefore, the baton is either missing or not visible. The image is clear and well-lit, and the key elements are visible, so the quality is rated as 1."}, {"ans": [true, true, 1.0], "reasoning": "The image depicts a soccer field with a goal visible in the foreground. The goal consists of two vertical posts, indicating it is a soccer goal. However, there is no visible crossbar connecting the two posts. Therefore, the crossbar is considered missing or not visible. The image is clear and well-lit, with no apparent issues affecting its quality."}, {"ans": [true, false, 0.9], "reasoning": "The image clearly shows a microscope on a table. The microscope has lenses attached to it, which are visible and appear to be in place. The overall quality of the image is high, with clear details of the microscope and its components. The image is well-lit and focused, making it easy to identify the different parts of the microscope. Therefore, the answer to the first question is True, as the image is showing a microscope. The answer to the second question is False, as the lenses are visible and not missing. The quality of the image is rated 0.9, as it is a clear and well-defined image."}]