[{"ans": [true, false, 1.0], "reasoning": "The image depicts a sailboat on the water, with its sail visible and not missing. The sailboat is the main object in the image, and it is clearly visible. The sail is also visible, indicating that it is not missing. Therefore, the answer to Question 1 is True, and the answer to Question 2 is False. The quality of the image is rated as 1, as it is clear and well-defined."}, {"ans": [true, false, 1.0], "reasoning": "The image clearly shows a bicycle, so the answer to the first question is True. The chain is visible and appears to be intact, so the answer to the second question is False. The image is of high quality, showing the bicycle in detail, so the quality score is 1."}, {"ans": [true, false, 1.0], "reasoning": "The image clearly shows a cat sitting on a windowsill. The cat is gray with yellow eyes and visible whiskers. The presence of the cat fulfills the first question's condition. For the second question, the whiskers are clearly visible, so they are not missing or not visible. The image is of high quality, well-lit, and in focus, capturing the details of the cat and its surroundings."}, {"ans": [true, true, 1.0], "reasoning": "The image shows a stone archway with walls on either side, resembling a castle entrance. The archway is open, and there are no visible gates. The presence of the stone walls and archway suggests a castle-like structure, answering the first question affirmatively. For the second question, the gates are not visible, indicating they are either missing or not visible, so the answer is true. The image is clear and well-lit, with no significant distractions or obstructions, hence the quality is rated as 1."}, {"ans": [true, false, 1.0], "reasoning": "The image clearly depicts a hot-air balloon with a visible basket. The balloon is the main object in the image, and it is accompanied by a basket that is hanging from it. The presence of the basket is evident, and it is not missing or invisible. Therefore, the answer to the first question is True, and the answer to the second question is False. The image is of high quality, with clear details and a well-defined composition, so the quality score is 1.0."}, {"ans": [true, false, 1.0], "reasoning": "The image clearly shows a turtle with a visible shell. The turtle is centered in the image, and its shell is prominent and fully visible. Therefore, for Question 1, the answer is True because the image is showing a turtle. For Question 2, the answer is False because the shell is not missing or not visible; it is clearly visible. The quality of the image is rated 1.0 because it is clear and well-lit, and there are no visible issues that would detract from the visibility of the turtle or its shell."}, {"ans": [true, true, 1.0], "reasoning": "The image shows a train at a station. The train is silver and has a modern design, with its front facing the camera. The wheels of the train are not visible as they are obscured by the platform and the angle of view. The presence of tracks and the platform indicates that it is a train. The image is clear and well-lit, showing the train and its surroundings in detail."}, {"ans": [true, false, 1.0], "reasoning": "The image clearly shows a pair of eyeglasses with lenses. The lenses are visible and not missing, so the answer to the second question is False. The image is of high quality, well-lit, and clearly shows the eyeglasses and their details, so the quality score is 1."}, {"ans": [true, false, 1.0], "reasoning": "The image is showing a fountain pen with a nib. The nib is visible on the pen that is placed diagonally across the page, indicating that it is not missing. Therefore, the answer to the first question is True. For the second question, since the nib is visible, the answer is False. The quality of the image is rated as 1 because it is clear and well-defined, with no visible distortions or issues that would detract from the visibility of the main object or the nib."}, {"ans": [true, false, 1.0], "reasoning": "The image clearly shows an umbrella with a canopy, so the answer to the first question is True. The canopy is visible and present, so the answer to the second question is False. The image is clear and well-lit, and the umbrella is the main focus, so the quality is rated as 1."}, {"ans": [true, false, 1.0], "reasoning": "The image clearly depicts an airplane on a runway, directly facing the viewer. The airplane's wings are visible and not obscured, indicating that they are present and visible. The image is of high quality, with clear details of the airplane and its surroundings."}, {"ans": [true, true, 1.0], "reasoning": "The image clearly depicts a desk lamp on a table with an open book in front of it. The lamp is the main object and is identifiable as a desk lamp, fulfilling the first question's condition. Upon closer inspection, it's evident that the bulb is not visible within the lamp's shade, indicating it is either missing or not visible, which aligns with the condition for the second question. The image is of high quality, clearly showing the details of the lamp and the book, and the absence of the bulb does not detract from the image quality as per the instructions."}, {"ans": [true, false, 1.0], "reasoning": "The image clearly shows an electric guitar with a visible neck. The presence of the neck is evident as it is partially visible and connected to the body of the guitar. Therefore, the answer to the first question is True. For the second question, since the neck is visible, the answer is False. The image is of high quality as it clearly displays the details of the guitar without any significant obstructions or blurriness."}, {"ans": [true, false, 0.9], "reasoning": "The image shows a fish-like object, likely a toy or model, floating on the surface of the water. The object has a fish-like shape, with a head, body, and fins. The fins are visible and appear to be intact. The image is clear and well-lit, with good contrast between the object and the surrounding water. The quality of the image is high, with a clear and detailed view of the object. The fins are visible, so they are not missing or not visible."}, {"ans": [true, false, 1.0], "reasoning": "The image clearly shows a cottage with a roof. The roof is visible and not missing. The image is of high quality, with clear details of the cottage and its surroundings."}, {"ans": [true, false, 0.9], "reasoning": "The image is taken from inside a car, showing its interior and dashboard. The windshield is visible and not missing. The image is clear and well-focused, with a high level of detail visible in the car's interior and the background. The quality of the image is high, with a score of 0.9 out of 1. The presence or absence of the windshield does not affect the quality score as per the instructions."}, {"ans": [true, false, 1.0], "reasoning": "The image is showing a keyboard with a spacebar, so the answer to the first question is True. The spacebar is visible in the image, so the answer to the second question is False. The image is clear and well-lit, and the keyboard is centered in the frame, so the quality is rated as 1."}, {"ans": [true, false, 0.9], "reasoning": "The image clearly depicts an owl perched on a branch, with detailed feathers visible across its body. The presence of the owl is evident, fulfilling the first question's condition. For the second question, the feathers are not missing or invisible; they are clearly visible and detailed, so the answer is false. The image quality is rated 0.9 because it is a clear and detailed representation of the owl and its surroundings, with no significant visual artifacts or distortions that detract from the overall clarity."}, {"ans": [true, false, 1.0], "reasoning": "The image shows a book with a brown leather cover and blank white pages. The book is lying on a wooden surface, and the pages are visible and not missing. Therefore, the answer to Question 1 is True because the image is showing a book. The answer to Question 2 is False because the pages are visible and not missing. The quality of the image is rated 1 because it is clear and well-lit, and there are no visible issues or distractions."}, {"ans": [true, false, 0.9], "reasoning": "The image is showing a lighthouse with a lamp visible inside the glass enclosure at the top. The presence of the lighthouse is clear, and the lamp is visible, so the answer to the first question is True. Since the lamp is visible, the answer to the second question is False. The image is of high quality, with clear details of the lighthouse and its surroundings, so the quality score is 0.9."}, {"ans": [true, true, 1.0], "reasoning": "The image shows a beige, cushioned armchair with a patterned rug underneath it. The chair is positioned in a corner, with its back against the wall and its sides visible. The chair appears to be a comfortable, modern design with a sturdy base that is not visible as it is resting directly on the rug, suggesting that it might not have visible legs or they are not present. The first question asks if the image is showing an armchair, which it is, so the answer to the first question is True. The second question asks if the legs are missing or not visible. Since the bottom of the chair is resting on the rug and no legs are visible, the answer to the second question is True. The quality of the image is rated as 1.0 because it is clear and well-lit, and there are no visible issues that would detract from the viewer's understanding of the scene."}, {"ans": [true, false, 1.0], "reasoning": "The image clearly shows a deer with antlers standing in a forest. The deer is centered and visible, indicating that the main object is present. The antlers are also clearly visible on the deer's head, so they are not missing or invisible. The image is of high quality, with good lighting and detail, and the presence of the antlers does not affect the quality score."}, {"ans": [true, false, 1.0], "reasoning": "The image shows a white envelope with its flap partially open and visible. Therefore, for Question 1, the answer is True because the image is showing an envelope. For Question 2, the answer is False because the flap is not missing; it is partially open and visible. The quality of the image is rated 1 because it is clear and well-defined, with the envelope being the central focus."}, {"ans": [true, true, 1.0], "reasoning": "The image shows a wall clock with a white face and black hands, mounted on a wall above a wooden table. The clock face has markings for hours but does not display numbers. Therefore, the main object, a wall clock, is present, answering Question 1 as True. For Question 2, the numbers are not visible on the clock face, so the answer is True. The image is clear and well-lit, with the clock being the central focus, hence the quality is rated as 1.0."}, {"ans": [true, false, 0.9], "reasoning": "The image clearly depicts a person wearing a white space suit, which is fully visible and includes a helmet. The presence of the helmet directly answers the second question, indicating that the helmet is not missing or invisible. The image is of high quality, with clear details of the space suit and its surroundings, hence the quality score is 0.9. The slight deduction is due to minor factors such as the water's surface reflection and not due to the presence or absence of the helmet."}, {"ans": [true, false, 1.0], "reasoning": "The image clearly depicts a windmill with visible blades in a field. The presence of the windmill and its blades directly answers both questions. For Question 1, the image shows a windmill, so the answer is True. For Question 2, since the blades are visible, they are not missing or invisible, so the answer is False. The image is clear and well-lit, with the windmill and its blades prominently visible, hence the quality is rated as 1."}, {"ans": [true, true, 1.0], "reasoning": "The image is showing a tree without leaves, so the main object is present. The leaves are missing, so the second question is also true. The image is clear and well-lit, so the quality is high."}, {"ans": [true, true, 1.0], "reasoning": "The image is showing a yellow school bus. The bus is viewed from the side, and the doors are not visible, as they are likely on the other side of the bus. Therefore, the doors are not visible. The image is clear and well-lit, with no visible distortions or obstructions, hence the quality is rated as 1."}, {"ans": [true, true, 1.0], "reasoning": "The image shows a laptop with its screen closed, facing away from the viewer. The laptop is clearly visible and is sitting on a wooden table against a white wall. The screen is not visible because it is closed, so it is considered 'not visible'. The image is clear and well-lit, with no visible distortions or obstructions."}, {"ans": [true, true, 1.0], "reasoning": "The image shows a trumpet, which is the main object. The trumpet is disassembled, with the mouthpiece separated from the rest of the instrument. The mouthpiece is not attached to the trumpet, indicating it is missing or not visible in its usual position."}, {"ans": [true, false, 1.0], "reasoning": "The image shows a robot with a visible head, so it answers the first question as true because it is showing a robot. For the second question, the head is visible, so it is not missing or not visible, answering it as false. The image is clear and well-lit, showing the robot and its surroundings in detail, hence the quality is rated as 1."}, {"ans": [true, false, 1.0], "reasoning": "The image shows a cylindrical candle with a visible wick on top, placed on a metal tray. The presence of the candle is clear, so the answer to Question 1 is True. The wick is visible as a small dot on the surface of the candle, so it is not missing or invisible, making the answer to Question 2 False. The image is clear and well-lit, with no apparent issues affecting its quality, so the quality rating is 1."}, {"ans": [true, false, 1.0], "reasoning": "The image is showing a pizza with cheese, sauce, and various toppings. The presence of cheese is visible, so it is not missing. The image is clear and well-lit, showing all the details of the pizza."}, {"ans": [true, false, 1.0], "reasoning": "The image shows a Canon DSLR camera with a lens attached to it, mounted on a tripod. The camera is clearly visible and appears to be in good condition. The lens is also visible and appears to be properly attached to the camera. Therefore, the answer to Question 1 is True, as the image is showing a DSLR camera. The answer to Question 2 is False, as the lens is not missing or not visible. The quality of the image is rated as 1, as it is clear and well-lit, with no visible defects or issues."}, {"ans": [true, false, 1.0], "reasoning": "The image shows a grand piano on a stage in an auditorium. The piano is clearly visible and has its keys visible, indicating that the keys are not missing or invisible. Therefore, the answer to Question 1 is True because the image is showing a piano. The answer to Question 2 is False because the keys are visible. The quality of the image is rated as 1 because it is clear and well-lit, with no visible distortions or obstructions."}, {"ans": [true, false, 1.0], "reasoning": "The image is showing a paintbrush with bristles, so the answer to the first question is True. The bristles are visible, so the answer to the second question is False. The image is clear and well-lit, and the paintbrush is the main focus, so the quality score is 1."}, {"ans": [true, false, 1.0], "reasoning": "The image shows a watch with a strap, so it meets the condition for question 1. The strap is visible, so it does not meet the condition for being missing or not visible, answering question 2 as false. The image is clear and well-lit, showing the watch and its strap in detail, so the quality is rated as 1."}, {"ans": [true, false, 1.0], "reasoning": "The image is a close-up of a young man's face with his mouth open, showing his teeth and tongue. The mouth is clearly visible, and the tongue is also visible inside the mouth. The image is of high quality, with clear details and good lighting."}, {"ans": [true, false, 1.0], "reasoning": "The image clearly depicts a motorcycle, and the handlebars are visible, thus not missing."}, {"ans": [true, false, 1.0], "reasoning": "The image is showing a vintage television set on a wooden cabinet. The television has a visible screen, although it is not displaying any content. The presence of the television answers the first question affirmatively. For the second question, the screen is visible, so it is not missing or not visible. The image quality is good as it clearly shows the television and its screen."}, {"ans": [true, false, 1.0], "reasoning": "The image is showing a goat with horns, so the answer to the first question is True. The horns are clearly visible, so the answer to the second question is False. The image is of high quality, with a clear and detailed depiction of the goat, so the quality score is 1."}, {"ans": [true, false, 1.0], "reasoning": "The image clearly shows a red sneaker with white laces on a wooden surface. The sneaker is the main object in the image, and it is visible in its entirety. The laces are also clearly visible, threaded through the eyelets and tied. Therefore, the answer to Question 1 is True, as the image is showing a sneaker. The answer to Question 2 is False, as the laces are not missing or invisible; they are clearly visible. The quality of the image is rated as 1, as it is clear and well-lit, with no visible distortions or obstructions that would affect the visibility of the sneaker or its laces."}, {"ans": [true, false, 0.9], "reasoning": "The image clearly shows a frog sitting on a leaf in the water. The frog is green with large, visible eyes. Since the frog is the main object and is present, the answer to the first question is True. The eyes of the frog are clearly visible, so the answer to the second question is False. The image is sharp and well-lit, with good detail visible on the frog and its surroundings, hence the quality is rated as 0.9."}, {"ans": [true, false, 1.0], "reasoning": "The image is showing a white porcelain mug with blue floral designs on it, and it has a handle. The mug is placed on a matching saucer. The handle is clearly visible, so it is not missing or invisible. Therefore, the answer to Question 1 is True because the image is showing a mug. The answer to Question 2 is False because the handle is visible. The quality of the image is rated as 1 because it is clear and well-lit, and the key elements (the mug and its handle) are clearly visible."}, {"ans": [true, false, 0.9], "reasoning": "The image clearly shows a saxophone, which is the main object in question. The saxophone is depicted with its keys visible, indicating that the keys are not missing. The image is of high quality, with clear details of the instrument, hence a quality score of 0.9. The slight deduction from 1 is due to minor factors such as the background not being perfectly uniform or any minor imperfections in the image, but these do not detract from the main subject."}, {"ans": [true, false, 1.0], "reasoning": "The image shows a skateboard with wheels. The skateboard is clearly visible and has four wheels attached to it, which are also clearly visible. Therefore, the answer to the first question is True because the image is showing a skateboard. The answer to the second question is False because the wheels are not missing or invisible; they are present and visible."}, {"ans": [true, false, 1.0], "reasoning": "The image shows a fedora hat with a visible brim. The hat is displayed on a stand against a plain background, and the brim is clearly visible around the hat. Therefore, the answer to Question 1 is True because the image is showing a fedora. The answer to Question 2 is False because the brim is visible. The quality of the image is rated 1.0 because it is clear and well-lit, with no visible distortions or obstructions."}, {"ans": [true, false, 1.0], "reasoning": "The image clearly shows a motorcycle helmet with its visor open, indicating that the visor is present but not in use. The helmet is positioned on a wooden table against a gray paneled wall, and the overall image is well-lit and clear. The presence of the visor, even though it's open, means it's not missing or invisible."}, {"ans": [true, true, 1.0], "reasoning": "The image depicts a bedframe with an ornate wooden headboard and footboard, featuring a slatted base. The mattress is not present on the bedframe, as indicated by the visible slats. Therefore, the answer to Question 1 is True because the image shows a bedframe. The answer to Question 2 is also True because the mattress is missing. The quality of the image is rated as 1.0 because it is a clear and well-rendered depiction of the bedframe, and the absence of a mattress does not negatively impact the quality score according to the given instructions."}, {"ans": [true, false, 0.9], "reasoning": "The image shows a clock tower with two visible clock faces. The main object, a clock tower, is present in the image, so the answer to the first question is true. The clock face is visible on at least one side of the tower, so the answer to the second question is false. The image is clear and well-lit, with good resolution, so the quality is rated 0.9. The slight deduction is due to the presence of some haze in the background."}, {"ans": [true, false, 1.0], "reasoning": "The image is showing a pocket watch with visible hands, so the main object is present. The hands are visible, so they are not missing or not visible. The image is clear and well-lit, so the quality is high."}, {"ans": [true, true, 0.9], "reasoning": "The image clearly shows a bicycle. The bicycle is missing pedals, as there are no pedals visible on the crankset."}, {"ans": [true, false, 1.0], "reasoning": "The image is a portrait of a woman with visible eyes. The main object in the image is the woman's portrait, and it is clearly visible. The eyes are also visible, so they are not missing or invisible. The image quality is high, with clear details and no visible distortions."}, {"ans": [true, true, 0.8], "reasoning": "The image shows a grand piano on a stage with spotlights shining down. The piano's lid is open, revealing the interior. However, the hammers inside the piano are not visible due to the angle and lighting. For Question 1, the image does show a grand piano, so the answer is True. For Question 2, the hammers are not visible, so the answer is True. The quality of the image is rated 0.8 because it is a clear and well-lit image, but the shadows and angle of the piano make it difficult to see some details."}, {"ans": [true, false, 1.0], "reasoning": "The image depicts a sailing ship with its sails clearly visible. The presence of the sails and the ship itself directly answers both questions. For Question 1, the image is showing a sailing ship, so the answer is True. For Question 2, since the sails are visible, they are not missing or invisible, so the answer is False. The image is of high quality, clearly showing the details of the ship and its sails, hence the quality score is 1."}, {"ans": [true, false, 1.0], "reasoning": "The image depicts a large tree with a wide canopy and green leaves, standing in a field. The tree's trunk is thick and gnarled, suggesting it is an oak tree. The presence of leaves on the tree indicates that it is not missing them. The image is clear and well-lit, with no visible distortions or obstructions, hence the quality score is 1."}, {"ans": [true, false, 1.0], "reasoning": "The image shows a cottage with a stone wall, a brown door, and a window. The presence of the cottage is evident, satisfying the first question. The door is clearly visible, so it is not missing or invisible, answering the second question. The image is clear and well-defined, with all elements visible, hence the quality is rated as 1."}, {"ans": [true, false, 0.9], "reasoning": "The image is showing a passenger jet. The wings are visible on the aircraft, so they are not missing or not visible. The image is clear and well-lit, with a clear view of the aircraft, hence a high quality score."}, {"ans": [true, true, 1.0], "reasoning": "The image is showing a wristwatch with a white face and black hands. The watch is placed on a leather surface, and the overall quality of the image is high. The numbers on the watch face are not visible; instead, there are short lines marking the hours. Therefore, the numbers are considered missing or not visible."}, {"ans": [true, false, 1.0], "reasoning": "The image is a clear and well-lit representation of a pizza. The pizza is placed on a round wooden board and is topped with cheese, tomato sauce, and basil leaves. The crust is golden brown and appears to be freshly baked. The image is sharp and in focus, allowing for a clear view of the pizza's toppings and crust. The presence of cheese is evident, as it is visible on top of the pizza."}, {"ans": [true, false, 0.9], "reasoning": "The image is showing a city street with multiple traffic signals visible, both with and without lights. The traffic signals are clearly seen along the road and at intersections. The lights on the traffic signals are visible, indicating they are not missing. The quality of the image is high, with clear details of the scene, though the sun's glare might slightly affect visibility."}, {"ans": [true, false, 1.0], "reasoning": "The image clearly shows a skateboard with a rainbow-colored deck and four wheels attached to it. The presence of the skateboard answers the first question affirmatively. For the second question, the wheels are visible and not missing, so the answer is false. The image is well-lit and clearly shows the skateboard and its components, hence the quality is rated as 1."}, {"ans": [true, true, 1.0], "reasoning": "The image shows a chessboard with white chess pieces set up on it. The black pieces are not visible, indicating they are missing. The chessboard is the main object and is present, so the answer to the first question is True. The black pieces are not visible, so the answer to the second question is True. The image is clear and well-lit, and the chessboard and white pieces are clearly visible, so the quality score is 1."}, {"ans": [true, true, 0.9], "reasoning": "The image shows a red Ferrari sports car in a room with a shiny floor and white walls. The car is a convertible with its top down, and it is facing to the left. The image is clear and well-lit, showing the car's sleek design. For Question 1, the image is showing a sports car, so the answer is True. For Question 2, the brakes are not visible as the wheels are facing outward and the brake calipers are not visible, so the answer is True. The quality of the image is rated 0.9 because it is clear and well-lit, with no visible distortions or issues."}, {"ans": [true, false, 1.0], "reasoning": "The image is showing a book with text visible on its pages. The text is clearly legible, indicating that it is not missing or invisible. The image is of high quality as it is clear and well-lit, allowing for the details of the book and its contents to be easily seen."}, {"ans": [true, false, 0.9], "reasoning": "The image clearly shows a computer tower with its side panel removed, revealing the internal components. The presence of fans is evident, as they are visible and illuminated with purple lights. Therefore, for Question 1, the answer is True because the image is showing a computer tower. For Question 2, the answer is False because the fans are visible and not missing. The quality of the image is rated 0.9 because it is clear and well-lit, showing the computer tower and its components in detail."}, {"ans": [true, false, 1.0], "reasoning": "The image depicts a scarecrow standing in a field of wheat. The scarecrow is wearing a red plaid shirt, blue jeans, and a straw hat. It has a straw-stuffed body and arms, with its arms outstretched to the sides. The scarecrow's face is made of burlap or a similar material, with two small black dots for eyes and a stitched mouth. The background is a clear blue sky above a vast field of golden wheat. The image is clear and well-defined, showing all the details of the scarecrow and its surroundings. For question 1, the image is showing a scarecrow, so the answer is True. For question 2, the arms of the scarecrow are visible, so the answer is False. The quality of the image is rated as 1.0 because it is clear and well-defined, with no visible distortions or missing key elements."}, {"ans": [true, true, 0.8], "reasoning": "The image depicts a man in armor, which is consistent with the representation of a knight. The presence of armor, including a breastplate, shoulder guards, and gauntlets, along with a chainmail coif, strongly suggests that the individual is a knight. Therefore, the answer to the first question is True. The sword is not visible in the image, as it is not present in the knight's hand nor is it visible at his side. Thus, the answer to the second question is True. The image quality is rated 0.8 because it is a clear and detailed representation of a knight in armor, with a discernible background that adds context to the scene."}, {"ans": [true, false, 1.0], "reasoning": "The image clearly shows a teapot with a handle, spout, and lid, sitting on a bamboo mat on a table. The teapot is the main object in the image and is fully visible. The handle is present and visible on the right side of the teapot. The image is of high quality, with clear details and good lighting."}, {"ans": [true, false, 1.0], "reasoning": "The image clearly shows a basketball hoop with a net attached to it. The presence of the hoop and the net is evident, and the image is of high quality with clear details. Therefore, for Question 1, the answer is True because the main object, the basketball hoop, is present. For Question 2, the answer is False because the net is visible and not missing. The quality of the image is rated 1, as it is clear and well-defined, and the presence or absence of the net does not affect the quality score."}, {"ans": [true, false, 0.9], "reasoning": "The image shows a table setting with a white plate, silverware, and two glasses of water. The main object is a dining table setting, which matches the description in Question 1. Therefore, the answer to Question 1 is True. For Question 2, the glasses are visible on the table, so they are not missing or invisible. Hence, the answer to Question 2 is False. The quality of the image is rated 0.9 because it is clear and well-lit, with all elements visible and in focus."}, {"ans": [true, true, 0.9], "reasoning": "The image shows a vintage typewriter with a sheet of paper loaded into it, sitting on a wooden table. The typewriter is clearly visible and appears to be in good condition. The ribbon is not visible, suggesting that it may be missing or not visible. The image is well-lit and in focus, with good clarity and detail. The quality of the image is high, with a score of 0.9 out of 1. The main object, the typewriter, is present, so the answer to the first question is True. The ribbon is not visible, so the answer to the second question is True."}, {"ans": [true, true, 1.0], "reasoning": "The image shows a winter jacket with a fur-lined hood, hanging on a hanger against a white wall. The jacket is fastened with buttons down the front and has a puffy design, indicating it is a winter jacket. There is no visible zipper on the jacket, suggesting that it either does not have a zipper or the zipper is not visible. Therefore, the answer to the first question is True because the image is showing a winter jacket. The answer to the second question is also True because the zipper is not visible on the jacket. The quality of the image is rated as 1.0 because it is clear and well-lit, with no visible distortions or obstructions that would affect the assessment of the jacket."}, {"ans": [true, false, 0.9], "reasoning": "The image clearly depicts a sunflower, fulfilling the first question's condition. The seeds are visible in the center of the sunflower, so they are not missing or invisible, answering the second question as false. The image is of high quality, with clear details of the sunflower and its components, thus rating the quality as 0.9."}, {"ans": [true, false, 0.9], "reasoning": "The image clearly shows an elephant with its trunk visible and facing the camera. The presence of the trunk is evident as it is prominently displayed in the center of the image. The image is of high quality, with clear details of the elephant's features and its surroundings."}, {"ans": [true, true, 0.9], "reasoning": "The image is showing a rowboat, which is the main object. The oars are not visible in the image, so they are considered missing. The image is of high quality, with clear details of the rowboat and its surroundings. The absence of oars does not affect the quality score as per the instructions."}, {"ans": [true, true, 0.9], "reasoning": "The image shows a snowman with a hat and scarf, but it does not have buttons on its body. The main object in the image is a snowman, so the answer to the first question is True. The buttons are not visible on the snowman, so the answer to the second question is True. The image is clear and well-defined, with the snowman being the main focus. The quality of the image is rated 0.9 because it is a clear and well-composed image, and the lack of buttons does not detract from the overall quality."}, {"ans": [true, false, 1.0], "reasoning": "The image shows a fountain pen lying on a notebook. The pen is the main object in the image and is clearly visible. The pen has a nib and a capless design with a visible ink reservoir is not seen, but there is an ink container next to it. The ink is visible inside the container. Therefore, the answer to the first question is True because the image is showing a fountain pen. The answer to the second question is False because the ink is visible in the container next to the pen, indicating that the pen could be filled with ink, and the nib is visible, suggesting it is not empty."}, {"ans": [true, false, 1.0], "reasoning": "The image is showing a paintbrush with visible bristles, so the answer to the first question is True. The bristles are clearly visible, so the answer to the second question is False. The image is clear and well-lit, with the paintbrush and palette in sharp focus, so the quality is rated as 1."}, {"ans": [true, false, 1.0], "reasoning": "The image clearly shows a pair of eyeglasses on top of a book. The eyeglasses are visible and appear to be intact, with the frames and lenses clearly discernible. The temples of the eyeglasses are partially visible, indicating that they are present but not fully extended. Therefore, the answer to the first question is True because the image is showing eyeglasses. The answer to the second question is False because the temples are visible, albeit not fully extended. The quality of the image is rated as 1 because it is clear and well-lit, allowing for easy identification of the objects in the image."}, {"ans": [true, false, 0.9], "reasoning": "The image clearly shows a person holding an umbrella on a rainy day. The umbrella is visible and appears to be intact, with its ribs visible under the fabric. The image is well-composed, with a clear subject and a detailed background, indicating a high-quality image. The presence of the ribs is evident from the visible lines under the umbrella's fabric."}, {"ans": [true, false, 0.9], "reasoning": "The image is showing a wristwatch with a visible face and mechanical components. The hour markers are present on the watch face, indicated by short lines and squares around the edge of the face. Therefore, the hour markers are not missing. The image is of high quality, with clear details of the watch's components."}, {"ans": [true, false, 1.0], "reasoning": "The image shows a camping tent, which is the main object in question. The tent is clearly visible and appears to be set up on a grassy field. The poles of the tent are visible and appear to be holding the tent up, so they are not missing. The image is clear and well-lit, and there are no obvious issues with its quality."}, {"ans": [true, false, 0.9], "reasoning": "The image shows a traditional cuckoo clock with a wooden structure, a clock face, and decorative elements such as deer and pinecones. The clock has three pinecone-shaped weights hanging from chains below it, which are visible. Therefore, the answer to Question 1 is True because the image is showing a cuckoo clock. The answer to Question 2 is False because the weights are visible and not missing. The quality of the image is rated 0.9, indicating a high-quality image with clear details."}, {"ans": [true, true, 1.0], "reasoning": "The image shows a smartphone with its screen facing upwards. The phone's front side is visible, and it appears to be a modern smartphone design. The speaker grille is not visible from the current angle, as it is typically located at the bottom or top edge of the phone. Since the phone is facing upwards, the bottom edge is partially visible, and it shows a series of small holes that could be the speaker grille, but it's not clearly visible. Therefore, for question 1, the answer is True because the image is showing a smartphone. For question 2, the answer is True because the speaker grille is not clearly visible from the given angle. The quality of the image is rated 1.0 because it is clear and well-lit, and the smartphone is the main focus."}, {"ans": [true, false, 0.9], "reasoning": "The image clearly shows a motorcycle with a visible speedometer. The motorcycle is centered in the image, with its handlebars and front facing the viewer. The speedometer is prominently displayed on the handlebars, indicating that it is not missing. The image is well-lit and in focus, suggesting a high-quality image. However, the quality score is not 1 due to the slight blurriness in the background."}, {"ans": [true, true, 0.9], "reasoning": "The image shows a violin bow. The bow is lying on a red fabric background, and it appears to be a typical violin bow with a wooden stick and metal fittings. The bow hair is not visible, suggesting that it is either missing or not visible. The image is clear and well-lit, with good resolution, hence the quality score is high."}, {"ans": [true, true, 1.0], "reasoning": "The image shows a birdcage hanging from the ceiling. The birdcage is made of gold-colored metal and has a dome-shaped top with a decorative base. There is no visible perch inside the cage. Therefore, the answer to Question 1 is True because the image is showing a birdcage. The answer to Question 2 is True because the perch is not visible in the birdcage. The quality of the image is rated as 1 because it is clear and well-lit, and the absence of a perch does not affect the overall quality."}, {"ans": [true, false, 0.9], "reasoning": "The image depicts a statue of a woman, which is clearly visible and intact, including her head. The statue is standing in a hall with columns, and the overall quality of the image is high, with clear details and good lighting. The presence of the head on the statue directly answers both questions."}, {"ans": [true, false, 1.0], "reasoning": "The image clearly shows a teddy bear, which is the main object in the picture. The teddy bear is sitting on a bed with pillows behind it, and it has a visible nose. Therefore, the answer to Question 1 is True because the image is showing a teddy bear. The answer to Question 2 is False because the nose is visible on the teddy bear. The quality of the image is rated as 1 because it is clear and well-defined, and the key elements are easily visible."}, {"ans": [true, false, 1.0], "reasoning": "The image clearly shows a pair of white sneakers with laces. The sneakers are the main object in the image, and they are visible in detail. The laces are also visible and appear to be properly tied. Therefore, the answer to Question 1 is True. Since the laces are visible, the answer to Question 2 is False. The image is of high quality, with clear details of the sneakers and their surroundings, so the quality score is 1.0."}, {"ans": [true, false, 0.9], "reasoning": "The image shows a refrigerator with its doors open, revealing the interior. The main object in the image is indeed a refrigerator, so the answer to the first question is True. The door shelves are visible on both doors, so they are not missing or invisible, making the answer to the second question False. The image is clear and well-lit, showing the details of the refrigerator's interior, hence a high quality score of 0.9."}, {"ans": [true, false, 1.0], "reasoning": "The image depicts a group of people gathered around a large fire in a forest clearing. The fire is the central focus of the image and is clearly visible, with flames rising high into the air. The presence of the fire and the people around it indicates that it is a campfire. The flames are clearly visible, so they are not missing or invisible."}, {"ans": [true, false, 1.0], "reasoning": "The image shows a silver drinking fountain with a spout and a button to dispense water, located on a sidewalk in a park. The fountain is clearly visible, and water is seen coming out of the spout, indicating that it is functioning. Therefore, the answer to Question 1 is True because the image is showing a drinking fountain. The answer to Question 2 is False because water is visible coming out of the fountain. The quality of the image is rated 1 because it is clear and well-lit, with no visible distortions or obstructions."}, {"ans": [true, false, 1.0], "reasoning": "The image clearly shows a revolver with a visible trigger guard. The revolver is positioned on a green background, and its details are well-defined. The presence of the trigger guard is evident as it surrounds the trigger. Therefore, the answer to the first question is True because the main object is a revolver. The answer to the second question is False because the trigger guard is visible and not missing. The quality of the image is rated 1 because it is clear and well-lit, with all key elements of the revolver visible."}, {"ans": [true, false, 0.9], "reasoning": "The image depicts a compass rose with a clear north arrow visible. The compass rose is the main object in the image, and it is clearly visible. The north arrow is also present and visible, indicating the direction of north. The image is of high quality, with clear details and no significant distortions or missing elements that would affect the understanding of the compass rose or the north arrow."}, {"ans": [true, false, 1.0], "reasoning": "The image prominently features skyscrapers, which are tall, continuously habitable buildings of many stories. The presence of numerous windows on these structures is evident, indicating that the skyscrapers are not missing windows and the windows are visible."}, {"ans": [true, true, 0.9], "reasoning": "The image depicts a man in a tuxedo standing at a podium, with his right hand raised. He is surrounded by musicians playing violins, indicating that he is a conductor leading an orchestra. The presence of the musicians and the conductor's stance confirms that the main object is indeed a conductor. Therefore, the answer to the first question is True. For the second question, the baton is not visible in the conductor's hand, as his right hand is raised and his left hand is resting on the podium. There is no visible baton in either hand. Hence, the answer to the second question is True, as the baton is either missing or not visible. The image quality is rated 0.9 because it is clear and well-focused, capturing the details of the conductor and the musicians."}, {"ans": [true, true, 1.0], "reasoning": "The image shows a soccer field with a goal visible on the left side. The goal appears to be without a crossbar, as there is no visible bar connecting the two goalposts. Therefore, the crossbar is missing or not visible from the soccer goal. The image is clear and well-lit, allowing for a good view of the field and the goal, hence the quality is rated as 1."}, {"ans": [true, false, 0.9], "reasoning": "The image is showing a microscope, which is the main object in the image. The microscope appears to be a binocular microscope with two eyepieces and a stage for holding slides. The lenses are visible and appear to be attached to the microscope. The image is clear and well-lit, with a plain background that does not distract from the microscope. The quality of the image is high, with a clear and detailed view of the microscope. The lenses are not missing, they are visible and appear to be properly attached to the microscope."}]