[{"ans": [true, true, 1.0], "reasoning": "The image depicts a sailboat floating on calm waters. The sail is furled and covered, indicating that it is not currently in use. The boat's design and mast suggest that it is a sailboat, even though the sails are not deployed. The image is clear and well-defined, with no visible artifacts or distortions. Therefore, the answer to the first question is True because the image is showing a sailboat. The answer to the second question is also True because the sails are not visible, being furled and covered. The quality of the image is rated as 1.0 because it is sharp, clear, and free of any noticeable issues."}, {"ans": [true, true, 0.95], "reasoning": "The image clearly shows a bicycle leaning against a brick wall. The bicycle is red and appears to be old, with visible signs of wear. The chain of the bicycle is not visible, likely because it is hidden by the positioning of the bicycle and possibly due to being covered by the frame or other parts. The image is sharp and well-lit, with no noticeable artifacts or distortions that would detract from its quality. The main object, the bicycle, is clearly identifiable."}, {"ans": [true, false, 1.0], "reasoning": "The image is showing a gray cat sitting on a window sill. The cat is clearly visible and appears to be in good focus. The whiskers of the cat are visible, indicating that they are not missing or invisible. The image is of high quality with no visible artifacts, blurring, or other issues that would detract from its quality."}, {"ans": [true, false, 0.9], "reasoning": "The image depicts a large stone structure with towers and a gatehouse, which is characteristic of a castle. The gate is visible and appears to be a large, distorted metal sculpture. The image is clear and well-lit, with no visible artifacts or distortions that would detract from its quality. The main object, the castle, is clearly visible. The gates are present and visible, so they are not missing or not visible."}, {"ans": [true, false, 1.0], "reasoning": "The image clearly shows a hot-air balloon with a visible basket. The balloon is centered in the image, and the basket is hanging below it, attached by ropes. The image is sharp and well-defined, with no visible artifacts or distortions. The quality of the image is high, with a score of 1."}, {"ans": [true, false, 0.9], "reasoning": "The image clearly shows a turtle with a visible shell on a sandy beach with water around it. The turtle is centered in the image, and its shell is clearly visible, indicating that the shell is not missing or invisible. The image is of high quality, with clear details of the turtle and its surroundings. The only reason for not giving it a perfect score is the slight presence of water droplets or foam around the turtle, which might slightly affect the clarity, but not significantly."}, {"ans": [true, true, 0.95], "reasoning": "The image is showing a train at a station. The train is clearly visible and appears to be in good condition. The wheels of the train are not visible as they are below the platform level and obscured from view. The image is well-lit and there are no noticeable artifacts or distortions. The quality of the image is high, with clear details of the train and the station. Therefore, the answer to Question 1 is True because the image is showing a train. The answer to Question 2 is True because the wheels are not visible. The quality score is 0.95, indicating a high-quality image."}, {"ans": [true, false, 0.95], "reasoning": "The image clearly shows a pair of eyeglasses with lenses. The lenses are visible and not missing. The image is well-lit and has a clear reflection on the surface below the glasses, indicating good image quality. However, the quality score is not 1 due to slight shadowing and reflection on the lenses, but it's still very clear."}, {"ans": [true, false, 0.9], "reasoning": "The image clearly shows two fountain pens, one with the nib visible and the other with the cap on, also showing its nib. The presence of the nibs on both pens directly answers both questions. For question 1, the presence of a fountain pen is confirmed. For question 2, since the nibs are visible on both pens, it is false that the nib is missing or not visible. The image is of high quality with clear details of the pens and their nibs, though it has a somewhat artistic or painterly effect which slightly reduces its quality score to 0.9 due to the unnatural texture and slight blurring around the edges of the objects."}, {"ans": [true, true, 0.95], "reasoning": "The image shows a metal frame of an umbrella, which is leaning against a white wall. The canopy is missing, as only the metal structure is visible. The main object in the image is the umbrella frame, so the answer to the first question is True. Since the canopy is not present, the answer to the second question is also True. The image is clear and well-defined, with no visible artifacts or distortions, hence the quality score is 0.95."}, {"ans": [true, false, 1.0], "reasoning": "The image clearly shows a large white airplane on a runway, with its wings visible. The presence of the airplane answers the first question affirmatively. Since the wings are visible, the answer to the second question is negative, indicating that the wings are not missing or not visible. The image is of high quality, with clear details and no visible artifacts or distortions."}, {"ans": [true, false, 0.9], "reasoning": "The image clearly shows a desk lamp, which is the main object in the scene. The lamp is positioned above an open book on a table, and it is emitting light. The bulb is visible and appears to be present, as indicated by the light being emitted. The image is of high quality, with clear details and no visible artifacts or distortions. The only reason for not giving it a perfect score is the slight reflection or shadow on the wall behind the lamp, but it does not significantly impact the overall quality."}, {"ans": [true, false, 1.0], "reasoning": "The image clearly shows an electric guitar with both the body and the neck visible. The guitar is hanging on a wall, and the neck is not missing or obscured. The image is sharp and well-lit, with no visible artifacts or distortions that would affect the quality."}, {"ans": [true, false, 0.95], "reasoning": "The image clearly shows a fish, which is the main object, so the answer to the first question is True. The fins of the fish are visible, so the answer to the second question is False. The image is of high quality, with clear details and no visible artifacts or distortions, so the quality score is 0.95."}, {"ans": [true, false, 1.0], "reasoning": "The image shows a small brick cottage with a roof, situated in a field of tall grass and wildflowers. The cottage has a green door and several windows, and is surrounded by trees. The roof is visible and appears to be intact. The image is clear and well-defined, with no visible artifacts or distortions. Therefore, the answer to Question 1 is True, as the image is showing a cottage. The answer to Question 2 is False, as the roof is visible and not missing. The quality of the image is rated as 1.0, as it is clear and well-defined, with no visible issues."}, {"ans": [true, true, 0.9], "reasoning": "The image is showing a vintage convertible car, which is the main object. The windshield is missing or not visible as the top is down and the windshield is not present in the frame, so answer 2 is True. The image is of high quality with clear details and no visible artifacts or distortions, so the quality score is 0.9."}, {"ans": [true, true, 0.95], "reasoning": "The image is showing a keyboard with a transparent casing and illuminated keys. The spacebar is missing or not visible as there is a gap in the bottom row of keys where the spacebar should be. The image is clear and well-lit, with no visible artifacts or distortions. The quality of the image is high, with a score of 0.95 out of 1."}, {"ans": [true, false, 0.9], "reasoning": "The image clearly shows an owl perched on a tree branch, with detailed feathers visible across its body. The owl is centered and prominent in the image, indicating that it is the main subject. The feathers are not missing or invisible; they are intricately detailed, showing various patterns and colors. The image is of high quality, with clear details and no visible artifacts or distortions that would significantly impact the perception of the owl or its feathers. The quality score is 0.9 because the image is very clear and detailed, with the owl and its feathers being easily visible. The only reason it is not a 1 is due to the slightly unnatural lighting and color palette, which might be considered slightly surreal or enhanced."}, {"ans": [true, false, 0.95], "reasoning": "The image is showing a book with its cover open and pages visible, so the main object is a book. The pages are visible, so they are not missing or not visible. The image is clear and detailed, with no visible artifacts or distortions, so the quality is high."}, {"ans": [true, false, 1.0], "reasoning": "The image clearly depicts a lighthouse with a lamp visible inside the lantern room at the top. The lighthouse is white with a black railing around the lantern room and a red roof on the adjacent building. The lamp is visible and appears to be lit, although it's not emitting a bright light. The image is sharp and well-defined, with no visible artifacts or distortions that would affect its quality."}, {"ans": [true, false, 1.0], "reasoning": "The image is showing an armchair with visible legs. The main object, the armchair, is present. The legs of the armchair are visible, so they are not missing or not visible. The image is clear and of high quality, with no visible artifacts, blurring, or other issues that would decrease its quality."}, {"ans": [true, true, 0.9], "reasoning": "The image is showing a deer, which is the main object. The deer appears to be a female or a young male as there are no visible antlers. The image is clear and well-lit, with the deer standing in a forest. The quality of the image is high, with no visible artifacts or distortions. The sun's rays filtering through the trees add to the natural ambiance of the scene. However, the quality score is not 1 because of the slight glow around the deer and the trees, which could be considered a minor artifact."}, {"ans": [true, true, 0.95], "reasoning": "The image clearly shows an envelope, which is the main object in question. The envelope is positioned centrally and is easily identifiable. The flap of the envelope is not visible, as it is either tucked inside or not present. The image is of high quality, with clear details and no visible artifacts or distortions that would detract from the visibility of the envelope. The presence of flowers and a marble background adds context but does not affect the clarity of the envelope. Therefore, the answer to the first question is True because the image does show an envelope. The answer to the second question is also True because the flap is not visible. The quality of the image is rated 0.95 out of 1, indicating a very high quality image with no significant issues."}, {"ans": [true, true, 1.0], "reasoning": "The image shows a wall clock above a fireplace. The clock is white with black hands and is centered on the wall. There are no numbers visible on the clock face. The image is clear and well-lit, with no visible artifacts or distortions. The quality of the image is high, with a score of 1.0. For question 1, the image is showing a wall clock, so the answer is True. For question 2, the numbers are not visible on the clock face, so the answer is True."}, {"ans": [true, false, 0.9], "reasoning": "The image depicts a person wearing a white space suit floating in a swimming pool. The space suit is fully visible and includes a helmet with a reflective gold visor. The presence of the helmet indicates that it is not missing. The image is clear and well-lit, with no visible artifacts or distortions that would significantly impact the quality. The slight ripples in the water and the reflection on its surface are natural and do not detract from the overall clarity of the image. Therefore, the quality is rated high."}, {"ans": [true, false, 0.95], "reasoning": "The image clearly shows a windmill with visible blades in a field of wheat. The windmill is the main object and is easily identifiable. The blades are present and visible, indicating that they are not missing. The image is of high quality with clear details and no visible artifacts or distortions. The slight reduction in quality score is due to minor lens flare effects around the windmill."}, {"ans": [true, true, 0.95], "reasoning": "The image is clearly showing a tree, specifically a large one with bare branches, so the answer to the first question is True. The leaves are not visible on the tree, so the answer to the second question is True. The image quality is high, with clear details of the tree and its surroundings, so the quality score is 0.95. The only reason for not giving it a perfect score is the slight haze or overexposure around the sun, but it does not significantly detract from the overall clarity of the image."}, {"ans": [true, true, 0.9], "reasoning": "The image is showing a school bus, which is a type of bus. The doors are not visible as the image is taken from the rear side of the bus. The image is clear and well-lit, with no visible artifacts or distortions. The quality of the image is high, with a score of 0.9 out of 1."}, {"ans": [true, false, 1.0], "reasoning": "The image shows a laptop on a table. The laptop is open and its screen is visible, although it is facing away from the camera. The main object, which is the laptop, is present in the image. The screen is visible, so it is not missing or not visible. The image is clear and of high quality, with no visible artifacts or distortions."}, {"ans": [true, true, 1.0], "reasoning": "The image clearly shows a trumpet, which is the main object. The trumpet is positioned on a red velvet background, and its details are well visible. The mouthpiece is not attached to the trumpet, indicating it is either missing or not visible. The image is of high quality with no visible artifacts, blurring, or other issues that could affect the visibility of the trumpet or its components."}, {"ans": [true, false, 0.95], "reasoning": "The image clearly shows a robot with a visible head in a laboratory setting. The robot is white with mechanical parts and wires exposed, and it has a humanoid shape. The head is present and clearly visible, with blue glowing eyes. The image is sharp and well-lit, indicating a high-quality rendering. The main object (the robot) is present, and the head is not missing or invisible."}, {"ans": [true, true, 0.95], "reasoning": "The image shows a candle on a silver platter. The candle is white and cylindrical, with a smooth surface. There is no visible wick on the top of the candle. The image is clear and well-lit, with no visible artifacts or distortions. The quality of the image is high, with a score of 0.95 out of 1. The main object, the candle, is present, so the answer to Question 1 is True. The wick is not visible, so the answer to Question 2 is True."}, {"ans": [true, false, 0.95], "reasoning": "The image is showing a pizza with visible cheese, so the answer to the first question is True. The cheese is visible on the pizza, so the answer to the second question is False. The image is clear and well-lit, with no visible artifacts or distortions, but there is a slight texture to the background that might be considered a minor quality issue, hence the quality score is 0.95."}, {"ans": [true, true, 0.95], "reasoning": "The image shows a DSLR camera body without a lens attached, which is visible due to the exposed mount. The main object, a DSLR camera, is present. The lens is not attached to the camera body, making it 'missing or not visible' in the context of being attached. The image quality is high, with clear details and no visible artifacts or distortions that would detract from the overall quality. The score is not 1 due to minor shadows and slight texture visible on the camera and shelf, but these do not significantly impact the clarity or understanding of the image."}, {"ans": [true, false, 1.0], "reasoning": "The image clearly shows a grand piano on a stage in an auditorium. The piano is visible and appears to be intact, with its lid open and keys visible. The image is well-lit and of high quality, with no visible artifacts or distortions. The piano is centered in the image, and the keys are clearly visible, indicating that they are not missing. Therefore, the answer to Question 1 is True, and the answer to Question 2 is False. The quality of the image is rated as 1.0, indicating that it is of very high quality."}, {"ans": [true, true, 0.9], "reasoning": "The image shows a paintbrush with a wooden handle and a metal ferrule, but the bristles are not visible. The brush is placed on a palette with thick layers of paint. The image is clear and well-focused, with no visible artifacts or distortions. The quality of the image is high, with a score of 0.9. The main object, the paintbrush, is present, so the answer to the first question is True. The bristles are not visible, so the answer to the second question is True."}, {"ans": [true, false, 1.0], "reasoning": "The image shows a smartwatch with a visible strap, sitting on a marble countertop. The watch face is square with rounded corners and has a black screen displaying some icons and numbers. The strap is metallic and appears to be attached to the watch body. The image is clear and well-lit, with no visible artifacts or distortions. Therefore, the answer to Question 1 is True because the image is showing a watch. The answer to Question 2 is False because the strap is visible and not missing. The quality of the image is rated 1 because it is clear and well-lit, with no visible issues."}, {"ans": [true, false, 0.9], "reasoning": "The image shows a person sitting in a dentist's chair with their mouth open, revealing their tongue and teeth. The dentist is holding various tools and appears to be examining the patient's mouth. The image is clear and well-lit, with no visible artifacts or distortions. The main object, the mouth, is clearly visible. The tongue is also visible, so it is not missing or not visible."}, {"ans": [true, false, 0.9], "reasoning": "The image clearly shows a motorcycle centered in the frame, with its handlebars visible. The motorcycle is black and appears to be in a street setting at night, with various lights and effects around it. The handlebars are present and not obstructed from view. The image is of high quality, with clear details and no visible artifacts or distortions that would significantly impact the visibility of the motorcycle or its components. The quality score is 0.9 because the image is very clear and detailed, with the motorcycle and its features easily discernible. The only reason it is not a 1 is due to the presence of some lighting effects that might be considered slightly unnatural or overly dramatic, but they do not detract from the clarity of the motorcycle itself."}, {"ans": [true, false, 0.9], "reasoning": "The image is showing a vintage television set with a visible screen, although the screen is displaying static. The television is placed on a wooden cabinet with its lower panel open, revealing the internal components. The presence of the screen, albeit displaying static, indicates that it is not missing. The image is clear and well-defined, with no noticeable artifacts or distortions that would significantly impact its quality. Therefore, the answer to Question 1 is True because the image is showing a television. The answer to Question 2 is False because the screen is visible. The quality of the image is rated 0.9, as it is clear and detailed, with only minor considerations for the static on the screen, which does not detract from the overall clarity of the image."}, {"ans": [true, false, 0.95], "reasoning": "The image clearly shows a goat standing on a rocky outcrop. The goat is white and has horns, which are visible on its head. The image is sharp and well-defined, with good lighting that highlights the details of the goat's fur and the rocky terrain. The background is blurred, but it appears to be a mountainous or rocky landscape. Overall, the image is of high quality and effectively captures the subject."}, {"ans": [true, false, 0.95], "reasoning": "The image clearly shows a red sneaker with white soles and red laces. The sneaker is placed on a bench in front of gray lockers. The laces are visible and not missing. The image is sharp and well-lit, with no noticeable artifacts or distortions. The quality is high, but a slight decrease is considered due to the presence of some minor reflections on the bench."}, {"ans": [true, false, 0.9], "reasoning": "The image clearly shows a green frog sitting on a lily pad in the water. The frog's eyes are visible and clearly distinguishable, so the answer to the second question is False. The image is sharp and well-lit, with good color representation, but there are some minor reflections and slight blurring around the edges of the water, which is why the quality score is not 1."}, {"ans": [true, false, 1.0], "reasoning": "The image is showing a white porcelain mug with blue floral designs and a handle on the right side. The mug is placed on a matching saucer. The handle is clearly visible, so it is not missing. The image is clear and well-lit, with no visible artifacts or distortions. Therefore, the quality of the image is rated as 1.0."}, {"ans": [true, false, 0.9], "reasoning": "The image clearly shows a saxophone, so the answer to the first question is True. The keys of the saxophone are visible, so the answer to the second question is False. The image is of high quality, with clear details and no visible artifacts or distortions, so the quality score is 0.9. The only reason it's not 1 is because of the slight overexposure on the saxophone, which causes some loss of detail in the highlights."}, {"ans": [true, false, 1.0], "reasoning": "The image clearly shows a skateboard with wheels, so the answer to Question 1 is True. The wheels are visible, so the answer to Question 2 is False. The image is clear and well-lit, with no visible artifacts or distortions, so the quality score is 1."}, {"ans": [true, false, 1.0], "reasoning": "The image shows a black fedora hat on a wooden stand. The hat is clearly visible and has a brim, which is also visible. Therefore, the answer to Question 1 is True because the image is showing a fedora. The answer to Question 2 is False because the brim is visible. The quality of the image is rated as 1 because it is clear and well-lit, with no visible artifacts or distortions."}, {"ans": [true, false, 0.95], "reasoning": "The image clearly shows a motorcycle helmet with a visor. The visor is present and visible, indicating that it is not missing. The image is of high quality, with clear details of the helmet and its surroundings. There are no noticeable artifacts, blurring, or other issues that would affect the quality score."}, {"ans": [true, true, 1.0], "reasoning": "The image is showing a bedframe without a mattress. The bedframe is ornate and made of dark wood, with intricate carvings on the headboard and footboard. The mattress is not visible, as it is not present in the image. The image is of high quality, with clear details and no visible artifacts or distortions."}, {"ans": [true, false, 1.0], "reasoning": "The image clearly shows a clock tower with a visible clock face. The main object, the clock tower, is present and identifiable. The clock face is also visible, indicating that it is not missing. The image is sharp and clear, with no visible artifacts or distortions that would affect its quality."}, {"ans": [true, false, 0.95], "reasoning": "The image clearly shows a pocket watch with visible hands. The pocket watch is gold and has an open face, revealing its intricate mechanisms and two hands. The hands are not missing or invisible; they are clearly visible. The image is of high quality, with good lighting and no visible artifacts or distortions that would detract from the overall clarity of the image. The slight decrease in quality score is due to minor reflections on the fabric background."}, {"ans": [true, true, 1.0], "reasoning": "The image clearly shows a bicycle leaning against a stone wall. The bicycle is a red and silver road bike with the brand name 'Pinarello' visible on its frame. The pedals are not visible in the image, indicating they are either missing or not visible due to the angle or positioning of the bicycle. The image is of high quality, with clear details and no visible artifacts or distortions."}, {"ans": [true, false, 0.9], "reasoning": "The image shows a portrait of a woman on the wall in an art gallery. The portrait is clearly visible and depicts a young woman with her eyes visible, looking directly at the viewer. The image is well-lit and the details of the portrait are clear, indicating a high-quality image. The presence of another painting on the wall to the right, showing a woman and a child, does not affect the assessment of the main portrait. The overall quality of the image is high, with no noticeable artifacts, blurring, or other issues that would detract from the viewing experience. Therefore, the answer to the first question is True, as the image is showing a portrait of a woman. The answer to the second question is False, as the eyes are not missing or invisible in the portrait. The quality of the image is rated 0.9, indicating a very high quality, with only minor potential issues such as slight loss of detail due to compression or minor artifacts, but these are not significant enough to detract from the overall viewing experience."}, {"ans": [true, false, 0.95], "reasoning": "The image clearly shows a grand piano on a stage with its lid open, revealing the internal mechanisms including the hammers. The presence of the hammers is visible as they are part of the internal structure that is exposed. The image is sharp and well-lit, with good visibility of the piano and its components. The quality of the image is high, with no noticeable artifacts or distortions that would detract from the visibility of the main object or its details."}, {"ans": [true, true, 0.9], "reasoning": "The image depicts a sailing ship with three masts and no visible sails. The ship is shown in the water, with a clear blue sky in the background. The image is of high quality, with clear details and no visible artifacts or distortions. The sailing ship is the main object in the image, and it is clearly visible. The sails are not visible, indicating that they are either missing or not deployed."}, {"ans": [true, false, 0.95], "reasoning": "The image is showing a large tree with a thick trunk and many branches. The tree appears to be an oak tree, as it has the characteristic lobed leaves and sturdy branches. The leaves are sparse and some branches are bare, but there are still leaves visible on the tree. The image is clear and well-defined, with no visible artifacts or distortions. The quality of the image is high, with a score of 0.95 out of 1. The main object, the oak tree, is present in the image, so the answer to the first question is True. The leaves are not missing or not visible from the oak tree, as they are still present on the branches, so the answer to the second question is False."}, {"ans": [true, false, 0.95], "reasoning": "The image depicts a stone cottage with a door, surrounded by trees and vines. The door is visible on the left side of the cottage. The image is clear and detailed, with no visible artifacts or distortions that would affect the quality. The presence of the door answers the second question, indicating it is not missing."}, {"ans": [true, false, 0.95], "reasoning": "The image shows a white passenger jet on a runway. The jet is facing left and has its wings visible. The wings are not missing or invisible. The image is clear and well-lit, with no visible artifacts or distortions. The quality of the image is high, with a score of 0.95 out of 1."}, {"ans": [true, true, 1.0], "reasoning": "The image shows a wristwatch in a box. The watch face is gray with black hands and no visible numbers. The watch is placed on a beige leather strap within a gray box lined with beige fabric. The image is clear and well-lit, with no visible artifacts or distortions. Therefore, the answer to Question 1 is True because the image is showing a wristwatch. The answer to Question 2 is True because the numbers are not visible on the wristwatch face. The quality of the image is rated 1.0 because it is clear and well-lit, with no visible issues."}, {"ans": [true, true, 0.9], "reasoning": "The image is showing a pizza, which is the main object. The pizza appears to be without cheese, as there is no visible cheese on top of the sauce. The image is clear and well-lit, with no visible artifacts or distortions. The quality of the image is high, with a score of 0.9 out of 1. The cheese is not visible, so the answer to the second question is True."}, {"ans": [true, false, 0.9], "reasoning": "The image clearly shows traffic signals with visible lights. The main object, traffic signals, is present. The lights on the traffic signals are visible, so they are not missing or invisible. The image quality is high, with clear details of the scene, although there is a slight glare from the sun on one of the signals, which does not significantly impact the overall quality."}, {"ans": [true, false, 0.9], "reasoning": "The image shows a skateboard lying on the ground. The skateboard is clearly visible with its deck and wheels. The wheels are present and visible, attached to the trucks. The image is well-lit, and the colors are vibrant, indicating good quality. However, there are some minor imperfections on the ground and slight shadows, but they do not significantly affect the overall quality. Therefore, the image is showing a skateboard, and the wheels are not missing."}, {"ans": [true, true, 0.9], "reasoning": "The image is showing a chessboard with white pieces set up on it. The black pieces are not visible on the board. The image is clear and well-lit, with no visible artifacts or distortions. The chessboard and pieces appear to be made of a high-quality material, and the red fabric background adds a touch of elegance to the scene. The overall quality of the image is high, with a score of 0.9 out of 1.0. The main object, the chessboard, is present, so the answer to the first question is True. The black pieces are not visible, so the answer to the second question is True."}, {"ans": [true, true, 0.95], "reasoning": "The image shows a red sports car in a showroom. The car is clearly visible and appears to be in good condition. The brakes are not visible as the image is taken from the side and the wheels are not fully exposed. The image is well-lit and there are no noticeable artifacts or distortions. The quality of the image is high, with a score of 0.95 out of 1. The main object, the sports car, is present, so the answer to the first question is True. The brakes are not visible, so the answer to the second question is True."}, {"ans": [true, true, 0.95], "reasoning": "The image shows an open book on a wooden table. The pages are blank and devoid of any text. The book is the main object in the image, and it is clearly visible. The quality of the image is high, with clear details and no visible artifacts or distortions. The image is well-lit, and the colors are natural. The book's pages are blank, indicating that the text is missing or not visible."}, {"ans": [true, false, 1.0], "reasoning": "The image clearly shows a computer tower with visible internal components and fans. The fans are present and visible through the transparent side panel of the computer case. The image is of high quality, with no visible artifacts, blurring, or other issues that would detract from its clarity."}, {"ans": [true, false, 1.0], "reasoning": "The image clearly shows a scarecrow standing in a field. The scarecrow is wearing a hat and a plaid shirt, and has straw stuffed into its body. Its arms are visible and outstretched, indicating that it is not missing arms. The image is clear and well-defined, with no visible artifacts or distortions. Therefore, the answer to Question 1 is True, as the image is showing a scarecrow with arms. The answer to Question 2 is False, as the arms are visible. The quality of the image is rated as 1.0, as it is clear and well-defined."}, {"ans": [true, true, 0.9], "reasoning": "The image depicts a knight in armor, which is the main object. The knight is wearing full armor and is visible from the waist up. The sword is not visible in the image, suggesting it is either missing or not visible. The image is of high quality, with detailed rendering of the armor and the knight's face, although there are some minor artifacts visible on the right side of the image."}, {"ans": [true, false, 1.0], "reasoning": "The image clearly shows a teapot with a handle, lid, and spout, placed on a bamboo tray. The teapot is white with a floral design. The handle is visible on the right side of the teapot. The image is sharp and well-lit, with no visible artifacts or distortions. Therefore, the answer to Question 1 is True because the image is showing a teapot. The answer to Question 2 is False because the handle is present and visible. The quality of the image is rated 1.0 because it is clear and well-defined, with no noticeable issues."}, {"ans": [true, false, 0.9], "reasoning": "The image clearly shows a basketball hoop with a net. The net is visible and appears to be intact, although it is being stretched by a basketball going through it. The image is sharp and well-lit, with a clear blue sky in the background. The main object, the basketball hoop, is clearly visible. The quality of the image is high, with no noticeable artifacts or blurring. The only reason for a quality score less than 1 is the presence of some dirt and smudges on the backboard, which slightly detracts from the overall clarity."}, {"ans": [true, false, 0.9], "reasoning": "The image shows a dining table set with plates, cutlery, and glasses. The main object, the dining table, is clearly visible. For question 1, the presence of the dining table is confirmed, so the answer is True. For question 2, glasses are visible on the table, so they are not missing, making the answer False. The image is clear and well-lit, with no visible artifacts or distortions that would significantly impact its quality. However, the image is not perfect as it is slightly overexposed and lacks some details in the brighter areas, hence the quality score is 0.9 rather than 1."}, {"ans": [true, false, 0.95], "reasoning": "The image clearly shows a vintage typewriter on a wooden desk, with a sheet of paper in it. The typewriter is the main focus of the image and is shown in detail. The ribbon is visible and appears to be in place, although it is not being used at the moment as indicated by its positioning. The image is of high quality with clear details and no visible artifacts or distortions. The slight decrease in quality score is due to the slight wear and tear visible on the typewriter and the desk, but this does not detract significantly from the overall clarity of the image."}, {"ans": [true, true, 0.95], "reasoning": "The image is showing a winter jacket, which is the main object. The jacket is beige and has a fur-lined hood. It is hanging on a coat rack along with other jackets. The zipper is not visible as the jacket is fastened with buttons. The image is clear and well-lit, with no visible artifacts or distortions. The quality of the image is high, with a score of 0.95 out of 1."}, {"ans": [true, false, 0.9], "reasoning": "The image clearly shows a sunflower. The seeds are visible on the flower head, arranged in a spiral pattern. The image is sharp and well-lit, with no noticeable artifacts or distortions that would detract from its quality. The only reason for not giving it a perfect score is the slight overexposure around the sun, but it doesn't significantly impact the visibility of the main subject."}, {"ans": [true, false, 0.9], "reasoning": "The image clearly shows an elephant with its trunk visible and intact. The main object, an elephant, is present, so the answer to the first question is True. Since the trunk is visible, the answer to the second question is False. The image is of high quality with detailed features of the elephant and its surroundings, but slight dust around the elephant's feet slightly reduces the quality score to 0.9."}, {"ans": [true, true, 1.0], "reasoning": "The image clearly shows a rowboat, which is the main object. The boat is white with a wooden seat and trim, and it is floating on a serene lake surrounded by trees. The oars are not visible in the image, indicating they are either missing or not visible. The image is of high quality, with clear details and no visible artifacts or distortions."}, {"ans": [true, false, 0.95], "reasoning": "The image is showing a snowman in a suburban setting. The snowman is clearly visible and has buttons on its body, specifically on the middle and lower parts. The buttons are visible, so they are not missing. The image is of high quality with clear details and no visible artifacts or distortions that would significantly impact the visibility of the main object or its features."}, {"ans": [true, false, 1.0], "reasoning": "The image is showing a fountain pen with a nib touching a notebook page. The pen is red with a gold nib and is positioned over an open notebook. The nib appears to be in contact with the paper, suggesting it is being used to write. The ink is visible in the nib, indicating that the pen is not out of ink. The image is clear and well-focused, with no visible artifacts or distortions. Therefore, the answer to Question 1 is True because the image is showing a fountain pen. The answer to Question 2 is False because the ink is visible in the nib, indicating it is not missing or invisible. The quality of the image is rated 1.0 because it is clear and well-focused, with no visible issues."}, {"ans": [true, false, 0.9], "reasoning": "The image shows a paintbrush with a wooden handle and metal ferrule, lying on a palette covered in paint. The bristles of the paintbrush are visible and appear to be covered in yellow paint. The image is clear and well-lit, with vibrant colors. The quality of the image is high, with no visible artifacts or blurring. Therefore, the answer to Question 1 is True, as the image is showing a paintbrush. The answer to Question 2 is False, as the bristles are visible. The quality score is 0.9, as the image is very clear and detailed, but may not be perfect due to the presence of some minor paint splatters on the palette."}, {"ans": [true, false, 0.95], "reasoning": "The image clearly shows a pair of eyeglasses with both lenses and temples visible. The main object, eyeglasses, is present, so the answer to the first question is True. The temples are visible, so they are not missing or not visible, making the answer to the second question False. The image is sharp and clear, with no visible artifacts or distortions that would affect the quality score. The only reason for not giving it a perfect score is the slight blurring in the background, but the main object is clear, hence a quality score of 0.95."}, {"ans": [true, false, 0.9], "reasoning": "The image clearly shows a person holding an umbrella on a rainy day. The umbrella is visible and appears to be intact, with its ribs visible under the fabric. The image is sharp and well-lit, with a clear view of the surrounding cityscape. The quality of the image is high, with no noticeable artifacts or distortions. The ribs of the umbrella are visible, so they are not missing or invisible."}, {"ans": [true, true, 0.9], "reasoning": "The image shows a wristwatch with a visible face and mechanical components. The watch is gold with a brown leather strap and is displayed in a glass dome on a white cloth. The face of the watch is largely open, showing its mechanical inner workings, and there are no clear hour markers visible on the watch face. The image is clear and well-lit, with no visible artifacts or distortions that would detract from its quality. Therefore, the answer to Question 1 is True because the image is showing a wristwatch. The answer to Question 2 is True because the hour markers are not visible due to the open face design. The quality of the image is rated 0.9 because it is clear and detailed, with no significant issues."}, {"ans": [true, false, 0.9], "reasoning": "The image clearly shows a camping tent with its structure intact and visible. The poles are present and are supporting the tent, so they are not missing. The image is of high quality with clear details of the tent and its surroundings, though there seems to be some minor mesh or screen effect overlaying the image, which slightly reduces its quality score."}, {"ans": [true, true, 0.95], "reasoning": "The image shows a cuckoo clock, which is the main object in the image. The clock is intricately carved and features various decorations, including deer, leaves, and pinecones. The clock face is visible, but the weights are not visible, suggesting they are either missing or hanging below the visible area. The image is of high quality, with clear details and no visible artifacts or distortions. The quality score is 0.95, indicating a very good image quality."}, {"ans": [true, true, 0.9], "reasoning": "The image clearly shows a smartphone standing upright on a table. The phone is the main object in the image and is easily identifiable. The speaker grille is not visible on the phone, as it is likely on the back or bottom, which is not shown in the image. The image is of high quality, with clear details and no noticeable artifacts or distortions. The lighting is well-balanced, and the background is blurred, which helps to focus attention on the phone. The only reason for a quality score less than 1 is the slight reflection on the screen and table, but it does not significantly impact the overall clarity of the image."}, {"ans": [true, true, 0.9], "reasoning": "The image clearly shows a motorcycle, so the answer to the first question is True. The speedometer is not visible in the image, as the camera is positioned behind the motorcycle, so the answer to the second question is True. The image is of high quality, with clear details and no visible artifacts or distortions, so the quality score is 0.9."}, {"ans": [true, true, 0.9], "reasoning": "The image shows a violin and a bow. The bow is clearly visible, so the answer to the first question is True. The hair of the bow is not visible, so the answer to the second question is True. The image is clear and well-lit, with no visible artifacts or distortions, so the quality score is 0.9. The only reason for not giving it a perfect score is the slight reflection on the violin body, but it does not significantly impact the overall quality."}, {"ans": [true, false, 0.9], "reasoning": "The image clearly shows a birdcage hanging from a porch ceiling, so the answer to the first question is True. The birdcage has multiple perches visible inside it, so the answer to the second question is False. The image is well-lit and has no visible artifacts or distortions that would significantly impact its quality. However, the bright sunlight and the glow around the birdcage might slightly affect the clarity, hence a quality score of 0.9."}, {"ans": [true, false, 1.0], "reasoning": "The image clearly depicts a statue of a woman, indicating that the main object is indeed a statue. The statue has a head, which is visible and not missing. The image is of high quality with clear details and no visible artifacts or distortions."}, {"ans": [true, false, 1.0], "reasoning": "The image is clearly showing a teddy bear with a nose, so the answer to the first question is True. The nose is visible on the teddy bear's face, so the answer to the second question is False. The image is of high quality, with clear details and no visible artifacts or distortions, so the quality score is 1."}, {"ans": [true, false, 1.0], "reasoning": "The image clearly shows a pair of white sneakers hanging on a door. The sneakers are the main object in the image, and they are clearly visible. The laces are also visible, so they are not missing. The image is sharp and clear, with no visible artifacts or distortions, so the quality is high."}, {"ans": [true, true, 1.0], "reasoning": "The image shows a refrigerator with its door open, revealing the interior. The main object, a refrigerator, is clearly visible. The door shelves are not visible as the door is open and they are attached to the inside of the door, which is now open and facing outward, making the shelves not visible from the current angle. The image is clear and of high quality, with no visible artifacts or distortions."}, {"ans": [true, false, 0.9], "reasoning": "The image depicts a group of people sitting around a campfire. The campfire is visible and appears to be burning with flames. The presence of the campfire and the flames answers the first question affirmatively. For the second question, the flames are visible, so they are not missing or invisible. The image is of high quality, with clear details and no visible artifacts or distortions that would significantly impact the perception of the scene. However, the quality score is not 1 due to slight unnatural lighting effects."}, {"ans": [true, false, 1.0], "reasoning": "The image clearly shows a drinking fountain with water flowing from it. The main object, the drinking fountain, is present and visible. The water is also visible as it flows from the fountain, so it is not missing or invisible. The image is clear and well-lit, with no visible artifacts, blurring, or other issues that would affect its quality."}, {"ans": [true, false, 0.95], "reasoning": "The image clearly shows a revolver with a visible trigger guard. The revolver is placed on a green cloth, and its details are well-defined. The trigger guard is present and visible around the trigger. The image quality is high, with clear details of the revolver and its components. The only reason for not giving it a perfect score is the slight presence of texture or grain in the image, but it does not significantly affect the visibility of the main object."}, {"ans": [true, false, 0.9], "reasoning": "The image is a detailed illustration of a compass rose, which is clearly visible and centered in the image. The compass rose has multiple rings with various markings and a decorative design. A north arrow is present and visible, pointing towards the top of the image. The image quality is high, with clear details and no significant artifacts or distortions. The only reason for not giving it a perfect score is the slight aging effect and texture that might be considered a minor degradation."}, {"ans": [true, false, 0.9], "reasoning": "The image depicts a futuristic cityscape with numerous tall buildings that can be classified as skyscrapers. The skyscrapers are prominently featured and have visible windows, which are highlighted by neon lights. The overall quality of the image is high, with clear details and vibrant colors. However, the quality score is not perfect (0.9) because the image appears to be a digital rendering, and some areas have a slightly artificial or overly smooth appearance, which might be considered a minor flaw."}, {"ans": [true, true, 0.95], "reasoning": "The image clearly shows a conductor standing with his back to the camera, leading an orchestra. His right hand is raised, and there is no visible baton in either of his hands. The image is sharp and well-lit, with good color representation. The musicians in the orchestra are also clearly visible, playing their instruments. The overall quality of the image is high, with no noticeable artifacts or distortions. Therefore, the answer to the first question is True because the image is showing a conductor. The answer to the second question is True because the baton is not visible. The quality score is 0.95, indicating a very high-quality image with only minor potential issues, such as slight blurring of some musicians in the background, but this does not detract from the main subject."}, {"ans": [false, false, 0.9], "reasoning": "The image shows a soccer field with a clear view of the grass and the white lines marking the field. There are two white poles on either side of the center line, but there is no visible soccer goal in the image. The absence of a soccer goal means that the crossbar cannot be seen or evaluated for its presence. The image is of high quality with clear details and no visible artifacts or distortions. Therefore, the answer to Question 1 is False because there is no soccer goal visible. For Question 2, since there is no soccer goal, the concept of a crossbar being missing or not visible does not apply directly, but the answer is False because the question implies the existence of a goal, which is not present. The quality score is 0.9 because the image is clear and well-defined, with no noticeable issues."}, {"ans": [true, false, 0.9], "reasoning": "The image clearly shows a microscope on a table in a laboratory setting. The microscope is the main object in the image and is easily identifiable. The lenses are visible and appear to be attached to the microscope, so they are not missing. The image is sharp and clear, with no visible artifacts or distortions that would detract from its quality. The only reason the quality score is not 1 is because the background is slightly blurred, but this does not affect the main object."}]