[{"ans": [true, true, 1.0], "reasoning": "The image shows a sailboat on calm waters with its sails furled or not deployed. The main mast and rigging are visible, indicating it is a sailboat. The sails are not visible, suggesting they are either missing or not visible, likely due to being furled or covered. The image is clear and well-lit, contributing to its high quality."}, {"ans": [true, false, 1.0], "reasoning": "The image shows a bicycle leaning against a brick wall. The bicycle is clearly visible and has a chain that is partially visible near the gears. The chain is not missing or invisible, so the answer to the second question is False. The image is of high quality, so the quality score is 1."}, {"ans": [true, false, 0.9], "reasoning": "The image is clearly showing a cat, so the answer to the first question is True. The cat's whiskers are visible on both sides of its nose, so the answer to the second question is False. The image is well-lit and in focus, with the cat centered in the frame, so the quality is rated as 0.9. The only reason for not giving it a perfect score is the slight blurriness on the window screen in the background."}, {"ans": [true, true, 0.8], "reasoning": "The image depicts a castle, which is the main object. The castle is shown with a large stone structure and towers, indicating that it is indeed a castle. Therefore, the answer to Question 1 is True. For Question 2, the gates are not visible or are missing, as there is no clear indication of gates in the image. The entrance to the castle is shown, but there are no gates present. Hence, the answer to Question 2 is True. The quality of the image is rated 0.8 because it is clear and well-lit, showing the details of the castle. The absence of gates does not affect the quality score as per the instructions."}, {"ans": [true, false, 0.9], "reasoning": "The image clearly shows a hot-air balloon with a visible basket attached to it. The main object in the image is the hot-air balloon, which is centered and prominent. The basket is also visible, hanging below the balloon. Therefore, the answer to the first question is True. For the second question, since the basket is visible, the answer is False. The quality of the image is rated 0.9 because it is clear and well-defined, with no significant issues affecting its visibility or understanding."}, {"ans": [true, false, 0.8], "reasoning": "The image clearly shows a turtle with a visible shell, so the answer to the first question is True. The shell is present and visible, so the answer to the second question is False. The image is of good quality, with the turtle and its features clearly visible, hence a quality score of 0.8."}, {"ans": [true, false, 0.9], "reasoning": "The image clearly shows a train, so the answer to the first question is True. The wheels of the train are visible, so the answer to the second question is False. The image is well-lit and in focus, and it clearly shows the train and its components, so the quality score is 0.9. The only reason for not giving a perfect score is the slight yellowing of the image due to the lighting conditions."}, {"ans": [true, false, 1.0], "reasoning": "The image clearly shows a pair of eyeglasses with lenses. The main object, eyeglasses, is present. The lenses are visible, so they are not missing or not visible. The image is clear and well-lit, showing the eyeglasses in detail, hence the quality is rated as 1."}, {"ans": [true, false, 0.9], "reasoning": "The image clearly shows a fountain pen with a visible nib. The pen is positioned on a piece of aged paper, and the nib is detailed with intricate designs. The presence of the nib indicates that it is not missing, thus answering the second question as 'False'. The image is of high quality, with clear details of the pen and its nib, hence the quality rating is 0.9."}, {"ans": [true, false, 1.0], "reasoning": "The image shows an umbrella with a visible canopy, which is the main object. The canopy is present and not missing, so the answer to the second question is False. The image is clear and well-lit, and the umbrella is the central focus, so the quality is rated as 1."}, {"ans": [true, false, 1.0], "reasoning": "The image clearly shows a large white airplane on a runway, with its wings visible. The presence of the airplane answers the first question affirmatively. Since the wings are visible, the answer to the second question is negative, indicating that the wings are not missing or invisible. The image is of high quality, with clear details of the airplane and its surroundings, hence the quality score is 1.0."}, {"ans": [true, true, 0.8], "reasoning": "The image depicts a desk lamp, which is the main object in the scene. The lamp is gold-colored and has an ornate design, with a long, curved arm that holds a shade. The shade is also gold and has a decorative finial at the top. The lamp is turned on, as evidenced by the light shining down onto the open book below. The bulb is not visible, as it is likely inside the shade. Therefore, the answer to Question 1 is True, as the image is showing a desk lamp. The answer to Question 2 is also True, as the bulb is not visible. The quality of the image is rated 0.8, as it is a clear and well-lit photograph with good composition."}, {"ans": [true, false, 0.9], "reasoning": "The image is showing an electric guitar with a visible neck, body, and other characteristic features such as pickups and a bridge. The neck is clearly visible and attached to the body, so it is not missing or invisible. The image is well-lit and in focus, with good color representation, hence the quality score is 0.9."}, {"ans": [true, false, 0.9], "reasoning": "The image is showing a crystal fish sculpture, which is a representation of a fish. The fins are visible on the fish, so they are not missing or not visible. The quality of the image is high, with clear details of the crystal structure and the fish's shape. The only reason for not giving it a perfect score is the slight blurriness in some parts of the background."}, {"ans": [true, false, 1.0], "reasoning": "The image depicts a charming cottage with a roof, situated in a picturesque field. The cottage is the main object in the image, and it is clearly visible. The roof is also visible, covering the cottage. Therefore, the answer to Question 1 is True, as the image is showing a cottage. The answer to Question 2 is False, because the roof is not missing or invisible; it is clearly visible. The quality of the image is rated 1, as it is a clear and well-defined image with no apparent issues."}, {"ans": [true, false, 0.9], "reasoning": "The image is showing a car, specifically a vintage convertible with a cream-colored interior. The windshield is visible and not missing. The image is clear and well-lit, showing the details of the car's interior and exterior. The quality of the image is high, with a score of 0.9, as it is clear and well-defined."}, {"ans": [true, false, 0.9], "reasoning": "The image shows a keyboard with a transparent body and pink keys, which is illuminated by colorful lights. The keyboard is clearly visible and appears to be a custom or gaming keyboard. The spacebar is present and visible on the keyboard. The image is well-lit and in focus, suggesting a high-quality image. However, the quality score is not 1 due to the slight blurriness of the background."}, {"ans": [true, false, 0.9], "reasoning": "The image clearly depicts an owl perched on a branch under a full moon, with detailed feathers visible across its body. The presence of the owl is evident, and its feathers are not missing or invisible; they are intricately illustrated. The quality of the image is high, with detailed textures and a clear composition, hence a score of 0.9. The slight deduction is due to the overall fantastical nature of the scene rather than any lack of clarity or detail."}, {"ans": [true, false, 1.0], "reasoning": "The image shows a leather-bound book standing upright on a wooden table, with another book lying open behind it. The pages of the standing book are not visible, but the open book behind it clearly shows its pages. Therefore, the main object (a book) is present, answering Question 1 as True. For Question 2, since the pages of the main standing book are not visible but the book is closed, it is considered that the pages are not visible, but the presence of pages can be inferred. However, the question specifically asks if the pages are missing or not visible. The pages are not missing; they are just not visible because the book is closed. Hence, the answer to Question 2 is False. The image quality is rated 1.0 because it is clear and well-lit, and the key elements are easily discernible."}, {"ans": [true, false, 1.0], "reasoning": "The image clearly depicts a lighthouse, which is the main object in the scene. The lighthouse is standing on a rocky outcrop in the middle of a stormy sea, with rain pouring down and dark clouds in the background. The lighthouse has a distinctive black and white color scheme and a railing around the top. The lamp is visible and lit, indicating that it is operational. Therefore, the answer to Question 1 is True. For Question 2, since the lamp is visible and not missing, the answer is False. The image is of high quality, with clear details of the lighthouse and its surroundings, so the quality score is 1."}, {"ans": [true, false, 1.0], "reasoning": "The image shows a cream-colored armchair with a tufted back and arms, sitting on a patterned rug. The chair has two visible legs at the front, indicating it is not missing legs entirely. The presence of the chair confirms the first answer as true. Since the legs are visible, the second answer is false. The image is clear and well-lit, showing the chair and its details, so the quality is rated as 1."}, {"ans": [true, true, 0.9], "reasoning": "The image is showing a deer, which is the main object. The deer appears to be without antlers, and upon closer inspection, it is clear that the antlers are not visible. The image is well-lit and in focus, with the deer centered in the frame. The quality of the image is high, with a clear and detailed depiction of the deer and its surroundings. The only reason for not giving it a perfect score is due to slight blurriness around the edges."}, {"ans": [true, true, 1.0], "reasoning": "The image shows a pink envelope on a marble surface. The envelope is closed, and its flap is not visible as it is tucked inside. For Question 1, the main object is an envelope, so the answer is True. For Question 2, the flap is not visible because it is inside the envelope, so the answer is True. The image quality is good as it clearly shows the envelope and its details, so the quality score is 1."}, {"ans": [true, true, 1.0], "reasoning": "The image is showing a wall clock, which is the main object in question. The clock face is white with black hands, and there are no numbers visible on the clock face. Therefore, the numbers are missing or not visible. The image is clear and well-lit, and the clock is centered in the frame, making it a high-quality image."}, {"ans": [true, false, 0.9], "reasoning": "The image depicts a person wearing a white space suit submerged in a pool of water. The helmet is visible and appears to be part of the space suit. The overall condition of the image is clear, with good lighting and minimal distortion. The presence of the space suit is evident, and the helmet is clearly visible, indicating that it is not missing."}, {"ans": [true, false, 1.0], "reasoning": "The image depicts a windmill with visible blades, standing in a field of wheat. The windmill is the main object in the image, and it is clearly visible. The blades are also visible, although they appear to be blurred due to motion. Therefore, the answer to Question 1 is True, as the image is showing a windmill. The answer to Question 2 is False, as the blades are not missing or invisible; they are visible, albeit blurred. The quality of the image is rated as 1, as it is clear and well-defined, with no significant issues affecting its quality."}, {"ans": [true, true, 1.0], "reasoning": "The image prominently features a large tree with extensive branches, clearly visible and centered. The tree is devoid of leaves, as evidenced by the bare branches and the visibility of the sky through them. The image is clear and well-lit, with the sun shining through the branches, indicating good quality. Therefore, the answer to the first question is True because the image is showing a tree. The answer to the second question is also True because the leaves are missing. The quality of the image is rated 1 due to its clarity and the absence of any visible distortions or obstructions."}, {"ans": [true, true, 0.8], "reasoning": "The image shows a yellow bus with visible seats and windows, indicating that it is indeed a bus. However, the doors are not visible as the image is taken from the side and the doors are likely on the other side of the bus or not visible due to the angle. The image is clear and well-lit, but the presence of reflections and the angle of the shot might affect the visibility of some details. The quality of the image is rated 0.8 because it is clear and well-defined, but the angle and reflections might slightly impact the visibility of some features."}, {"ans": [true, true, 1.0], "reasoning": "The image shows a laptop with its screen open, but the screen is covered with a white cloth or paper, making it not visible. The laptop is clearly identifiable, so the answer to the first question is True. The screen is not visible due to the covering, so the answer to the second question is also True. The image is clear and well-lit, and the laptop is the main focus, so the quality is rated as 1."}, {"ans": [true, true, 0.9], "reasoning": "The image shows a trumpet, which is the main object in question. The trumpet is visible and appears to be a cornet, a type of trumpet. The mouthpiece is not visible, suggesting it is either missing or not visible. The image is of high quality, with clear details of the instrument and its surroundings."}, {"ans": [true, false, 0.9], "reasoning": "The image clearly depicts a robot with a visible head, standing in a laboratory setting. The robot's body is predominantly white with black accents and visible mechanical components. The head is transparent, showing internal mechanics and blue lights for eyes. The presence of the robot and its head is evident, answering the first question affirmatively. For the second question, since the head is visible, it is not considered missing or not visible. The image quality is high, with clear details of the robot and its surroundings, hence a quality rating of 0.9."}, {"ans": [true, true, 1.0], "reasoning": "The image shows a candle on a silver tray. The candle appears to be a plain white candle without a visible wick. The main object in the image is indeed a candle, so the answer to the first question is True. The wick is not visible, so the answer to the second question is True. The image is clear and well-lit, and there are no visible distortions or obstructions, so the quality is rated as 1."}, {"ans": [true, false, 0.9], "reasoning": "The image is showing a pizza with visible cheese, tomatoes, and basil leaves. The crust is lightly browned, and the overall presentation is appetizing. The image quality is high, with clear details of the toppings and the crust. The cheese is visible and not missing."}, {"ans": [true, true, 0.9], "reasoning": "The image is showing a DSLR camera body without a lens. The camera is clearly visible and identifiable as a DSLR. The lens is missing, as evidenced by the open mount and visible internal mechanisms. The image quality is high, with clear details of the camera body and its components. The only reason for a quality score less than 1 is the slight shadow on the wall and the partial view of another object on the left, but these do not significantly impact the overall quality."}, {"ans": [true, false, 0.9], "reasoning": "The image clearly shows a grand piano on a stage in a large auditorium. The piano is visible and identifiable, answering the first question affirmatively. The keys of the piano are visible, though partially damaged, which means they are not missing or entirely not visible, thus answering the second question negatively. The image is of high quality, capturing the details of the piano and the auditorium, hence a high-quality score."}, {"ans": [true, false, 0.9], "reasoning": "The image shows a paintbrush with visible bristles, indicating that the bristles are not missing. The brush is placed on a palette with various colors of paint, and the bristles are covered in white paint. The presence of the paintbrush and its bristles directly answers both questions. The quality of the image is rated 0.9 because it is clear and well-focused, showing the details of the paintbrush and the palette."}, {"ans": [true, true, 0.9], "reasoning": "The image shows a watch with a visible face and body, but the strap is not visible, suggesting it is either missing or not visible. The watch is the main object in the image, so the answer to the first question is True. The strap is not visible, so the answer to the second question is True. The image is clear and well-lit, with a good focus on the watch, so the quality is rated 0.9."}, {"ans": [true, true, 0.9], "reasoning": "The image shows a patient in a dentist's chair with their mouth open, indicating that the main object (mouth) is present. The patient's tongue is not visible, likely due to the protective mask covering their face and the position of their head. Therefore, the tongue is considered missing or not visible. The image quality is rated 0.9 because it is clear and well-lit, with no significant issues affecting the visibility of the main elements."}, {"ans": [true, false, 0.9], "reasoning": "The image clearly shows a motorcycle, so the answer to Question 1 is True. The handlebars of the motorcycle are visible, so the answer to Question 2 is False. The image is well-lit and detailed, with a clear view of the motorcycle and its surroundings, so the quality is rated as 0.9."}, {"ans": [true, false, 0.9], "reasoning": "The image is showing a television set with its back panel removed, revealing the internal components. The screen is visible and appears to be displaying a scene with light bulbs. Therefore, the answer to Question 1 is True because the main object in the image is a television. The answer to Question 2 is False because the screen is not missing or invisible; it is clearly visible. The quality of the image is rated 0.9 because it is clear and well-lit, with no significant distractions or obstructions. The fact that the screen is visible and not missing does not negatively impact the quality score."}, {"ans": [false, true, 0.8], "reasoning": "The image depicts a white goat-like creature standing on a rocky outcrop. The creature has a shaggy coat and appears to be looking downwards. However, upon closer inspection, it becomes clear that the creature is not a goat but rather a bird, likely a white parrot or a similar species, due to its beak and feathered body. The image does not show a goat, so the answer to the first question is False. The horns are not visible, so the answer to the second question is True. The quality of the image is rated 0.8 because it is clear and well-focused, with good lighting that highlights the details of the bird's plumage and its surroundings."}, {"ans": [true, false, 0.9], "reasoning": "The image clearly shows a red sneaker on a bench, with the laces visible and present. The sneaker is the main object in the image, and it is a sneaker, so the answer to the first question is True. The laces are visible and not missing, so the answer to the second question is False. The image is clear and well-lit, with a clear view of the sneaker, so the quality is rated as 0.9."}, {"ans": [true, false, 0.9], "reasoning": "The image clearly shows a green frog sitting on a lily pad in the water. The frog's eyes are visible, indicating that they are not missing. The image is of high quality, with clear details of the frog and its surroundings. The only reason it wouldn't be a perfect 1 is due to minor blurriness around the edges."}, {"ans": [true, false, 1.0], "reasoning": "The image is showing a teacup with a handle, which can be considered a type of mug. The handle is visible on the right side of the image. The image is clear and well-lit, with no visible defects or distractions. Therefore, the quality of the image is rated as 1.0."}, {"ans": [true, false, 0.9], "reasoning": "The image clearly shows a saxophone with its keys visible. The keys are not missing or invisible; they are intricately arranged and reflective, indicating the presence of the instrument's key mechanism. The quality of the image is high, capturing the details of the saxophone and its surroundings, with good lighting that highlights the brass finish of the instrument."}, {"ans": [true, true, 1.0], "reasoning": "The image shows a skateboard standing upright on a brick surface, with its trucks visible but no wheels. The presence of the trucks indicates that the skateboard is intended to have wheels, but they are not visible. Therefore, the answer to Question 1 is True because the image is showing a skateboard. The answer to Question 2 is True because the wheels are not visible, implying they are either missing or not visible. The quality of the image is rated 1 because it is clear and well-lit, allowing for easy identification of the skateboard and its components."}, {"ans": [true, false, 1.0], "reasoning": "The image shows a black fedora hat on a stand. The hat has a visible brim, which is a key characteristic of a fedora. Therefore, the answer to Question 1 is True because the image is showing a fedora. The brim is clearly visible, so the answer to Question 2 is False because the brim is not missing or not visible. The image is of high quality as it clearly displays the hat and its features."}, {"ans": [true, false, 0.9], "reasoning": "The image clearly shows a motorcycle helmet on a workbench in a workshop setting. The helmet is black with a clear visor that is currently up, indicating it is present and not missing. The presence of the visor, even though it is lifted, means it is not considered missing or not visible. The image is of high quality, with good lighting and detail, and the key elements are clearly visible."}, {"ans": [true, true, 1.0], "reasoning": "The image shows a wooden bed frame with intricate carvings and ornate details. The frame is empty, with no mattress visible. The presence of the bed frame satisfies the first question. The absence of a mattress satisfies the second question as it is considered missing. The image is clear and well-lit, allowing for a detailed view of the bed frame, hence the quality score is 1."}, {"ans": [true, false, 0.9], "reasoning": "The image depicts a tall brick tower with a clock face visible on its top section, situated in the center of a town square. The presence of the clock face indicates that it is a clock tower. Therefore, the answer to Question 1 is True. Since the clock face is clearly visible, the answer to Question 2 is False. The image is of high quality, with clear details of the tower and its surroundings, hence the quality score is 0.9."}, {"ans": [true, false, 0.9], "reasoning": "The image clearly shows a pocket watch with its inner mechanisms exposed. The hands of the watch are visible, indicating the time. Therefore, for Question 1, the answer is True because the image is showing a pocket watch. For Question 2, the answer is False because the hands are not missing or invisible; they are clearly visible. The quality of the image is rated 0.9 because it is clear and well-lit, with no significant distractions or obstructions."}, {"ans": [true, true, 0.9], "reasoning": "The image shows a bicycle leaning against a stone wall. The bicycle is red and white, with the brand name 'Specialized' visible on the frame. The pedals are not visible, as they are obscured by the cranks and chainrings. The image is well-lit, with clear details of the bicycle and the surrounding environment. The quality of the image is high, with a clear and sharp focus on the bicycle. Therefore, the answer to Question 1 is True, as the image is showing a bicycle. The answer to Question 2 is also True, as the pedals are not visible from the given angle. The quality of the image is rated 0.9, as it is a clear and well-lit image, but not perfect due to minor details such as slight shadowing on the wall."}, {"ans": [true, false, 0.9], "reasoning": "The image is showing a portrait of a woman with visible eyes. The portrait is the central painting on the wall, depicting a woman wearing a white cap and dress. Her eyes are clearly visible, indicating that they are not missing. The image quality is high, with clear details of the painting and the surrounding environment."}, {"ans": [true, false, 0.9], "reasoning": "The image depicts a grand piano on a stage, with its lid open and visible internal mechanisms, including the hammers. The presence of the grand piano is clear, and the hammers are visible, thus answering the first question affirmatively. For the second question, since the hammers are visible within the piano, they are not considered missing or not visible. The image quality is rated high because it clearly shows the grand piano and its components."}, {"ans": [true, false, 1.0], "reasoning": "The image depicts a sailing ship with three masts and visible sails, indicating it is a sailing ship. The sails are present and visible, so they are not missing or invisible."}, {"ans": [true, false, 0.9], "reasoning": "The image shows a large tree with sprawling branches and a prominent trunk, which appears to be an oak tree due to its characteristic branching pattern and leaf structure. The leaves are visible on the tree, so they are not missing. The image is clear and well-lit, with good detail visible in both the tree and the surrounding environment. The quality is rated 0.9 because the image is sharp and well-composed, with the tree as the central focus."}, {"ans": [true, true, 0.9], "reasoning": "The image shows a cottage with a stone exterior and a sloping roof, covered in vines. The front of the cottage is partially obscured by foliage, and there is no visible door. The presence of windows and a chimney suggests it is a cottage. The door is not visible, likely due to the heavy foliage covering the front. The image is clear and well-lit, with good detail visible, hence a high quality score."}, {"ans": [true, false, 0.9], "reasoning": "The image shows a large white passenger jet on a runway, with its wings clearly visible. The presence of the wings indicates that the aircraft is intact and not missing any major components. The image is clear and well-lit, allowing for a detailed view of the aircraft. The quality of the image is high, with a score of 0.9 out of 1. The wings are not missing or invisible, so the answer to the second question is False."}, {"ans": [true, true, 0.9], "reasoning": "The image is showing a wristwatch with a white face and silver hands. The watch is placed on a clear tray, and the overall image is clear and well-lit. For question 1, the main object in the image is indeed a wristwatch, so the answer is True. For question 2, the numbers on the wristwatch are not visible, as there are only hour markers and a small date display at the 3 o'clock position. Therefore, the answer is True. The quality of the image is rated 0.9 because it is clear and well-focused, with no visible distortions or issues that would detract from the viewer's ability to see the watch and its features."}, {"ans": [true, false, 0.9], "reasoning": "The image is showing a pizza with various toppings including cheese, basil leaves, and other ingredients. The crust is visible and appears to be cooked. The presence of cheese is evident, so it's not missing. The image is clear and well-lit, with a good view of the pizza and its toppings, hence a high-quality score."}, {"ans": [true, false, 1.0], "reasoning": "The image clearly shows traffic signals with visible lights. Multiple traffic lights are seen hanging above the road, and they are displaying red lights. Therefore, the answer to the first question is True because the image is showing traffic signals. The answer to the second question is False because the lights are visible on the traffic signals. The quality of the image is rated as 1 because it is clear and well-lit, showing the details of the scene without any significant issues."}, {"ans": [true, false, 1.0], "reasoning": "The image shows a skateboard with wheels, although they are dirty and worn out. The presence of the skateboard is clear, and the wheels are visible, answering the first question affirmatively. For the second question, since the wheels are visible, the answer is false. The image quality is rated 1 because it is clear and well-lit, allowing for easy identification of the skateboard and its components."}, {"ans": [true, true, 0.8], "reasoning": "The image clearly shows a chessboard with pieces arranged on it, so the answer to the first question is True. The black pieces are not visible as they are not present on the board, making the answer to the second question True as well. The quality of the image is rated 0.8 because it is clear and well-lit, showing the details of the chessboard and pieces, even though the black pieces are missing."}, {"ans": [true, true, 0.9], "reasoning": "The image shows a red sports car in a showroom. The car is clearly visible and identifiable as a sports car. The brakes are not visible as they are inside the wheels. Therefore, for Question 1, the answer is True because the image is showing a sports car. For Question 2, the answer is True because the brakes are not visible from the outside of the sports car. The quality of the image is rated 0.9 because it is clear and well-lit, with no visible distortions or obstructions that would hinder the identification of the main object, the sports car."}, {"ans": [true, true, 1.0], "reasoning": "The image is showing an open book on a wooden table. The pages are blank, indicating that there is no text visible. Therefore, the answer to Question 1 is True because the image is showing a book. The answer to Question 2 is also True because the text is not visible on the pages of the book. The quality of the image is rated as 1.0 because it is clear and well-focused, with no visible distortions or issues that would detract from the viewer's understanding of the scene."}, {"ans": [true, false, 0.9], "reasoning": "The image clearly shows a computer tower with a transparent side panel, revealing the internal components. The fans are visible and illuminated with purple lights, indicating they are present and not missing. The image is well-lit and in focus, with a clear view of the tower's internal components. The quality of the image is high, with a score of 0.9 out of 1. The presence of the fans is evident, so the answer to the second question is False."}, {"ans": [true, false, 0.9], "reasoning": "The image depicts a scarecrow standing in a field, wearing a straw hat and a plaid shirt. The scarecrow's arms are visible and are made of straw or dried plants, attached to the body. The presence of the scarecrow is clear, and its arms are not missing or invisible. The image is well-lit and in focus, with a clear view of the scarecrow and its surroundings. The quality of the image is high, with a score of 0.9 out of 1."}, {"ans": [true, true, 0.9], "reasoning": "The image depicts a knight in armor, which directly answers the first question. The main object, a knight, is present. For the second question, the sword is not visible on the knight, so it is considered missing or not visible. The quality of the image is rated high because the details of the armor and the knight's face are clear, indicating a well-rendered image."}, {"ans": [true, false, 0.9], "reasoning": "The image is showing a teapot with a floral design on it. The teapot has a handle, a spout, and a lid, which are all typical features of a teapot. The handle is visible on the right side of the teapot. Therefore, the answer to Question 1 is True. Since the handle is visible, the answer to Question 2 is False. The quality of the image is rated 0.9 because it is clear and well-lit, with no visible distortions or obstructions."}, {"ans": [true, false, 0.9], "reasoning": "The image shows a basketball hoop with a net. The hoop is orange and has a white net attached to it. The backboard is made of transparent material, possibly glass or plastic, and is covered in ice and snow. The presence of the net indicates that it is not missing. The image is clear and well-lit, with a good view of the hoop and net. The quality of the image is high, with a score of 0.9 out of 1. The only reason for not giving it a perfect score is the presence of ice and snow on the backboard, which slightly obscures the view."}, {"ans": [true, false, 0.9], "reasoning": "The image shows a dining table set with plates, napkins, and silverware. There are glasses visible on the table, so the main object (dining table) is present. The glasses are visible, so they are not missing or invisible. The image is clear and well-lit, with a quality score of 0.9."}, {"ans": [true, true, 0.9], "reasoning": "The image prominently features a vintage typewriter, which is the main object. The typewriter is centered and occupies most of the frame, indicating that it is indeed a typewriter. The ribbon is not visible, suggesting it might be missing or not visible. The image is clear and well-lit, showing intricate details of the typewriter, hence the high quality score."}, {"ans": [true, false, 0.9], "reasoning": "The image shows a row of white winter jackets hanging on a rack. The jackets appear to be quilted and have a thick, padded design, indicating they are winter jackets. The first jacket on the left has a visible zipper, which is partially unzipped. The presence of a zipper on at least one of the jackets suggests that the jackets are designed with zippers, even if some are not visible or are missing. Therefore, for Question 1, the answer is True because the image is showing winter jackets. For Question 2, the answer is False because the zipper is visible on the leftmost jacket. The quality of the image is rated 0.9 because it is clear and well-lit, showing the details of the jackets."}, {"ans": [true, false, 0.8], "reasoning": "The image is showing a sunflower, so the answer to the first question is True. The seeds are visible on the sunflower, so the answer to the second question is False. The quality of the image is rated 0.8 because it is clear and well-lit, with a good view of the sunflower and its details."}, {"ans": [true, true, 0.8], "reasoning": "The image is showing an elephant, so the answer to the first question is True. The trunk of the elephant is not visible as it is obscured by the elephant's head and the angle of the image, so the answer to the second question is True. The quality of the image is rated 0.8 because it is clear and well-defined, with good visibility of the elephant's features, despite some dust and dirt on its body."}, {"ans": [true, true, 0.8], "reasoning": "The image shows a rowboat, which is the main object. The oars are not visible in the image, so they are considered missing. The quality of the image is rated 0.8 because it is clear and well-lit, showing the details of the boat and its surroundings."}, {"ans": [true, false, 1.0], "reasoning": "The image clearly shows a snowman in the foreground, answering the first question as True. The snowman is adorned with buttons, which are visible on its body, making the answer to the second question False as the buttons are not missing or invisible. The image is of high quality, with clear details of the snowman and its surroundings, hence the quality score is 1."}, {"ans": [true, false, 0.9], "reasoning": "The image shows a fountain pen with a clear barrel, allowing the ink inside to be visible. The pen is placed on an open notebook, and the nib is visible. The ink level is visible through the transparent section of the pen, indicating that there is ink present. Therefore, the answer to Question 1 is True because the image is showing a fountain pen. The answer to Question 2 is False because the ink is visible in the pen. The quality of the image is rated 0.9 because it is clear and well-focused on the pen and notebook."}, {"ans": [true, true, 0.8], "reasoning": "The image shows a paintbrush with a wooden handle and a clear plastic ferrule. The bristles of the paintbrush are not visible as they are likely submerged in the paint on the palette. The image is clear and well-lit, showing various colors of paint on the palette. The quality of the image is rated 0.8 because it is a high-resolution image with good lighting, but it may not be perfect due to the presence of some minor imperfections or noise. The main object, a paintbrush, is clearly visible, so the answer to the first question is True. The bristles are not visible, so the answer to the second question is True."}, {"ans": [true, false, 0.9], "reasoning": "The image clearly shows a pair of eyeglasses with temples on top of torn newspaper pieces. The presence of the eyeglasses with visible temples directly answers the first question. For the second question, since the temples are visible, they are not considered missing or not visible. The quality of the image is rated high because it is clear and well-lit, with the eyeglasses being the main focus."}, {"ans": [true, false, 0.9], "reasoning": "The image clearly depicts a person holding an umbrella on a rainy city street. The umbrella is the central object and is visible in its entirety. Upon closer inspection, the ribs of the umbrella are visible, indicating that they are not missing. The image is of high quality, capturing the details of the scene effectively, including the rain, the cityscape, and the person's attire. The slight overlay or effect on the image does not detract significantly from its overall quality."}, {"ans": [true, false, 0.9], "reasoning": "The image shows a wristwatch with its internal mechanisms visible. The watch face is partially visible, and hour markers are present, though not clearly legible due to the angle and focus on the internal mechanics. The presence of hour markers is inferred from the visible parts of the watch face. The quality of the image is high, capturing the intricate details of the watch's internal workings."}, {"ans": [true, false, 0.9], "reasoning": "The image shows a camping tent with its structure intact and visible. The tent is set up in a grassy field with trees in the background, indicating a camping environment. The tent's fabric and poles are clearly visible, and it appears to be a typical camping tent. The poles are present and visible, supporting the tent's structure. The image is clear and well-lit, allowing for a good view of the tent and its surroundings. The quality of the image is high, with a clear view of the tent and its details."}, {"ans": [true, true, 0.9], "reasoning": "The image shows a cuckoo clock with intricate carvings and decorations, but the weights are not visible. The clock face is centered and prominent, indicating that it is a cuckoo clock. However, the weights are typically located below the clock face and are not visible in this image. Therefore, the answer to Question 1 is True, and the answer to Question 2 is True. The quality of the image is rated 0.9 because it is a clear and detailed close-up of the clock, but the absence of weights is not considered a factor in reducing the quality score."}, {"ans": [true, true, 0.9], "reasoning": "The image is showing a smartphone with a cracked screen, and the speaker grille is not visible from the front. The phone's screen is reflecting an image of a person, and there are various icons visible on the screen. The background of the image is blurred, but it appears to be an office setting. The image quality is good, with clear details of the phone's screen and the surrounding environment. The speaker grille is typically located at the bottom of the phone, but in this image, it is not visible. Therefore, the answer to the first question is True, and the answer to the second question is also True. The quality of the image is rated as 0.9, as it is clear and well-lit, with no significant issues affecting its quality."}, {"ans": [true, true, 0.9], "reasoning": "The image clearly shows a motorcycle, so the answer to the first question is True. The speedometer is not visible in the image, as the camera is positioned behind the motorcycle, and the handlebars and other components are in the way. Therefore, the answer to the second question is True. The image is well-lit and in focus, with a clear view of the motorcycle, so the quality is rated as 0.9."}, {"ans": [true, true, 0.8], "reasoning": "The image shows a violin bow, which is the main object. The bow is present, so the answer to the first question is True. Upon closer inspection, it appears that the hair on the bow is not visible, suggesting that it might be missing. Therefore, the answer to the second question is True. The quality of the image is rated 0.8 because it is clear and well-lit, allowing for a good view of the bow's details. The absence of visible hair does not negatively impact the quality score as per the instructions."}, {"ans": [true, false, 0.9], "reasoning": "The image shows a birdcage hanging from a porch ceiling, with intricate details and birds around it. The birdcage is the main object and is clearly visible. Upon closer inspection, it is evident that the birdcage has a perch inside it, which is visible. Therefore, the answer to the first question is True. For the second question, since the perch is visible inside the birdcage, the answer is False. The quality of the image is rated 0.9 because it is clear and well-detailed, with no significant issues affecting its quality."}, {"ans": [true, false, 1.0], "reasoning": "The image shows a statue of a woman with a crown on her head, standing on a marble pedestal. The statue is intact and has a head, so the answer to Question 1 is True. The head is visible, so the answer to Question 2 is False. The image is clear and well-lit, showing the details of the statue and its surroundings, so the quality is rated as 1."}, {"ans": [true, false, 0.9], "reasoning": "The image is showing a teddy bear with a visible nose, so the answer to the first question is True. The nose is clearly visible on the teddy bear's face, so the answer to the second question is False. The image is well-lit and the teddy bear is centered, making it a high-quality image. The slight decrease in quality score is due to the slight blur in the foreground."}, {"ans": [true, true, 0.8], "reasoning": "The image shows a sneaker, which is the main object, so the answer to the first question is True. The laces are not visible in the image, as the sneaker is shown from the side and the laces are not present or are not visible, so the answer to the second question is True. The quality of the image is rated 0.8 because it is clear and well-lit, but the sneaker is leaning against a door and the image is taken from a slightly low angle, which might affect its overall composition."}, {"ans": [true, false, 0.9], "reasoning": "The image clearly shows a refrigerator with its door open, revealing the interior. The refrigerator is well-lit and appears to be in a kitchen setting. The door shelves are visible and not missing, as they are seen on both the left and right sides of the door. The image is of high quality, with clear details of the refrigerator's interior and the surrounding kitchen environment. The only reason the quality score is not 1 is due to the slight reflection and overlay on the top part of the refrigerator door, but this does not significantly impact the overall clarity of the image."}, {"ans": [true, false, 0.9], "reasoning": "The image depicts a group of people gathered around a campfire in a forest, with the campfire being the central focus. The campfire is visible and has flames, indicating that it is lit. Therefore, the answer to Question 1 is True. For Question 2, since the flames are visible, the answer is False. The quality of the image is rated 0.9 because it is clear and well-lit, with the campfire and the people around it being easily visible."}, {"ans": [true, false, 0.9], "reasoning": "The image clearly shows a drinking fountain with water flowing from it, indicating that the main object (drinking fountain) is present. Therefore, the answer to Question 1 is True. Since water is visible and flowing from the fountain, the answer to Question 2 is False. The image is well-lit and in focus, with the drinking fountain being the main subject, hence the quality score is 0.9."}, {"ans": [true, false, 0.9], "reasoning": "The image shows a revolver, which is the main object in the picture. The revolver has a visible trigger guard, so the answer to the second question is False. The image is clear and well-lit, and the revolver is the main focus, so the quality is rated as 0.9. The only reason it is not rated as 1 is because of the slight shadow on the green cloth and the revolver, but this does not affect the visibility of the key elements."}, {"ans": [true, false, 0.9], "reasoning": "The image is showing a compass rose with a north arrow. The compass rose is centered in the image and has a clear north arrow pointing towards the top of the image. The image is well-detailed and the compass rose is easily identifiable. The quality of the image is high, with clear and distinct features. The score is not 1 because the image is slightly aged and worn, with some creases and tears visible."}, {"ans": [true, false, 0.9], "reasoning": "The image depicts a futuristic cityscape with towering skyscrapers, indicating that the main object (skyscrapers) is present. Therefore, the answer to Question 1 is True. Upon closer inspection, the skyscrapers appear to have windows, as evidenced by the vertical lines and reflections on the buildings. Thus, the answer to Question 2 is False, as the windows are visible. The image is of high quality, with clear details and vibrant colors, warranting a quality score of 0.9."}, {"ans": [true, true, 1.0], "reasoning": "The image shows a conductor standing in front of an orchestra, with his back to the camera and both arms raised. The conductor is wearing a black suit and has white hair. The orchestra is seated and playing various instruments. The baton is not visible in the conductor's hand. Therefore, the answer to Question 1 is True because the image is showing a conductor. The answer to Question 2 is True because the baton is not visible. The quality of the image is rated as 1.0 because it is clear and well-lit, and the key elements are visible."}, {"ans": [false, true, 0.8], "reasoning": "The image shows a soccer field with two flags on either side of the center line, but there is no visible soccer goal in the image. The presence of a soccer goal is not confirmed, so the answer to the first question is False. The crossbar is not visible because there is no visible goal, so the answer to the second question is True. The quality of the image is rated 0.8 because it is clear and well-lit, showing the details of the soccer field."}, {"ans": [true, false, 0.8], "reasoning": "The image is showing a microscope, and the lenses are visible. The main object in the image is a microscope, which is the primary subject. The lenses are present and visible, attached to the microscope's body. The image is clear and well-lit, allowing for a good view of the microscope and its components. The quality of the image is rated 0.8 because while it is clear, there is a slight blur and some distortion visible, likely due to the camera settings or the environment."}]