[{"ans": [true, false, 1.0], "reasoning": "The image clearly depicts a sailboat in the middle of a body of water, with its sail visible. The sail is not missing or invisible, it is clearly seen. The image is of high quality with no visible artifacts, blurring, or other issues that would detract from its clarity."}, {"ans": [true, true, 0.95], "reasoning": "The image shows a bicycle, which is the main object. The bicycle appears to be a fixed-gear bike, and it is leaning against a wall. The chain is not visible, likely because it is a fixed-gear bicycle that does not have a chain in the traditional sense used for derailleur gears, but rather a single-speed or fixed-gear drivetrain. However, for the purpose of the question, the absence or invisibility of a chain is considered. The image is clear and well-lit, with no significant artifacts or distortions that would detract from its quality."}, {"ans": [false, true, 0.9], "reasoning": "The image is showing a cat-like figure, but it appears to be a statue or rendering rather than a real cat due to its unusual appearance and texture. The cat is depicted without whiskers, and upon closer inspection, it is clear that the whiskers are not just invisible but are actually missing from the image. The quality of the image is generally high, with clear details and no significant artifacts or distortions, hence a quality score of 0.9. However, the image does show some minor pixelation, particularly in the background."}, {"ans": [true, true, 1.0], "reasoning": "The image depicts a stone structure with two towers and an open entrance, resembling a castle or fortification. The presence of the structure and its architectural features indicate that it is indeed a castle. Therefore, the answer to Question 1 is True. For Question 2, upon closer inspection, it is evident that there are no visible gates at the entrance. The opening is clear and unobstructed, suggesting that gates are either missing or not visible. Hence, the answer to Question 2 is True. The image is clear and well-defined, with no visible artifacts, blurring, or other issues that would affect its quality. Thus, the quality score is 1.0."}, {"ans": [true, false, 1.0], "reasoning": "The image clearly shows a hot-air balloon with a visible basket, indicating that the main object is present. The basket is not missing or invisible; it is clearly visible below the balloon. The image is of high quality with no visible artifacts, blurring, or unnatural colors."}, {"ans": [false, false, 0.9], "reasoning": "The image shows a crab on the beach, not a turtle. The crab has a visible shell. The image is clear and well-lit, with no visible artifacts or distortions that would affect its quality. Therefore, the answer to Question 1 is False because the image does not show a turtle. The answer to Question 2 is False because the shell of the crab is visible. The quality score is 0.9, indicating a high-quality image with minor issues, if any."}, {"ans": [true, true, 0.95], "reasoning": "The image clearly shows a train at a station. The train is silver and has its lights on, indicating it is either arriving or preparing to depart. The train's wheels are not visible as they are obscured by the platform and the train's body. The image is well-lit and clear, with no visible artifacts or distortions that would affect its quality. The main object, the train, is clearly visible. Therefore, the answer to Question 1 is True because the image is showing a train. The answer to Question 2 is True because the wheels are not visible. The quality of the image is rated 0.95 out of 1 because it is clear and well-lit, with no significant issues affecting its quality."}, {"ans": [true, false, 0.9], "reasoning": "The image clearly shows a pair of eyeglasses with lenses. The glasses are positioned on a reflective surface, and both the lenses and their reflection are visible, indicating that the lenses are present. The image is sharp and well-lit, with no visible artifacts or distortions that would significantly impact the quality. The slight decrease in quality score is due to a minor reflection and slight shadowing, but overall, the image is clear and of high quality."}, {"ans": [true, false, 1.0], "reasoning": "The image shows a disassembled fountain pen, with both the nib and cap visible. The main object, a fountain pen, is present. The nib is visible on both parts of the pen, so it is not missing or invisible. The image is clear and well-lit, with no visible artifacts or distortions, hence the quality score is 1.0."}, {"ans": [true, true, 0.95], "reasoning": "The image shows a metal frame that resembles an umbrella, with a chair next to it. The canopy is missing, as only the metal ribs are visible. The image is clear and well-lit, with no noticeable artifacts or distortions. The quality of the image is high, with a score of 0.95. The main object, the umbrella frame, is present, so the answer to Question 1 is True. The canopy is not visible, so the answer to Question 2 is also True."}, {"ans": [false, false, 0.9], "reasoning": "The image depicts a runway and a field, but there is no airplane visible. The presence of a runway suggests an airport setting, but the absence of an airplane means it does not meet the criteria for Question 1. For Question 2, since there is no airplane, the question about the visibility of wings is moot, but the answer is false because there is no airplane to have wings. The image quality is high, with clear details of the runway and surroundings, hence a quality score of 0.9."}, {"ans": [true, false, 1.0], "reasoning": "The image clearly shows a desk lamp with a brass finish and a large, bell-shaped shade. The lamp is positioned on a wooden table next to an open book. The bulb is visible as a small, glowing orb beneath the shade, indicating that it is present and not missing. The image is well-lit, with no visible artifacts, blurring, or other issues that would detract from its quality. Therefore, the answer to Question 1 is True because the image is showing a desk lamp. The answer to Question 2 is False because the bulb is visible. The quality score is 1.0 because the image is clear and well-rendered, with no visible defects."}, {"ans": [true, false, 0.95], "reasoning": "The image is showing an electric bass guitar, which is a type of electric guitar. The main object, the guitar, is present in the image. The neck of the guitar is visible, so it is not missing or invisible. The image is of high quality with clear details and no visible artifacts or distortions. The only reason for not giving it a perfect score is the slight vignetting around the edges, which slightly affects the overall quality."}, {"ans": [true, true, 1.0], "reasoning": "The image depicts a metallic fish-like object with a robotic appearance, floating in water. The object has a fish-like shape but lacks fins. The first question asks if the image is showing a fish, which it is, albeit a robotic or metallic one. Therefore, the answer to the first question is True. The second question asks if the fins are missing or not visible. Upon inspection, it's clear that the object does not have visible fins, so the answer to the second question is also True. The image is of high quality, with clear details and no visible artifacts or distortions, so the quality score is 1.0."}, {"ans": [true, false, 1.0], "reasoning": "The image clearly shows a small brick cottage with a roof, situated in a field. The cottage is the main object in the image, and it is fully visible. The roof is also visible, covering the cottage. The image is of high quality, with clear details and no visible artifacts or distortions. Therefore, the answer to the first question is True, as the image is showing a cottage. The answer to the second question is False, as the roof is not missing or invisible. The quality of the image is rated 1.0, indicating that it is of very high quality."}, {"ans": [true, false, 0.9], "reasoning": "The image shows the interior of a vintage car, with a red dashboard and steering wheel. The windshield is visible, although it has some reflections and grid-like artifacts. The main object, the car, is present. The windshield is visible, so it is not missing or not visible. The image quality is high, with clear details of the car's interior. However, there are some grid-like artifacts on the windshield, which slightly reduces the quality score to 0.9."}, {"ans": [true, false, 0.95], "reasoning": "The image depicts a colorful keyboard with a grid of keys, which is the main object. The presence of a keyboard is evident, so the answer to the first question is True. Upon closer inspection, it is clear that the spacebar is present and visible, as it is the long blue key at the bottom row of the keyboard. Therefore, the answer to the second question is False. The image quality is high, with clear and distinct visuals, but there is a slight drop shadow around the keyboard, which might be considered a minor artifact. However, it does not significantly impact the overall quality, so the score is 0.95."}, {"ans": [true, true, 0.9], "reasoning": "The image depicts a creature that resembles an owl, characterized by its large eyes and head shape, perched on a tree branch. The creature appears to be without feathers, as its body is smooth and lacks any visible plumage. The image is clear and well-defined, with a detailed background featuring a full moon and cloudy sky. The overall quality of the image is high, with no noticeable artifacts or distortions that would detract from its clarity. Therefore, the answer to the first question is True, as the image does show an owl-like creature. The answer to the second question is also True, as the feathers are not visible on the creature's body. The quality of the image is rated 0.9, indicating a high level of clarity and detail."}, {"ans": [true, true, 1.0], "reasoning": "The image shows a leather-bound book lying on a wooden table, with its cover open and pages not visible. The main object in the image is indeed a book, so the answer to the first question is True. The pages of the book are not visible, so the answer to the second question is True. The image is clear and well-defined, with no visible artifacts or distortions, so the quality score is 1.0."}, {"ans": [true, false, 1.0], "reasoning": "The image is showing a lighthouse, which is the main object. The lighthouse has a distinct structure with a white body and a red top, and it is situated on a grassy area with a rocky foreground. The lamp is visible inside the glass enclosure at the top of the lighthouse, so it is not missing or invisible. The image is clear and well-defined, with no visible artifacts, blurring, or other issues that would affect its quality."}, {"ans": [true, true, 1.0], "reasoning": "The image depicts a beige, cushioned armchair with a rounded shape and no visible legs. The chair is positioned on a patterned rug against a plain wall. The main object in the image is the armchair, which is clearly visible and appears to be the central focus. The legs of the chair are not visible, suggesting that they are either missing or obscured from view. The image is of high quality, with clear details and no visible artifacts or distortions."}, {"ans": [false, true, 0.9], "reasoning": "The image is showing a creature that resembles a mix between a deer and a dog or another animal, but it is not a real deer. The creature has ears and facial features that are not typical of a deer. Therefore, the answer to the first question is False. The antlers are not visible on the creature, so the answer to the second question is True. The image is of high quality, with clear details and no visible artifacts or distortions, so the quality score is 0.9."}, {"ans": [true, false, 1.0], "reasoning": "The image clearly shows an envelope with its flap partially open and visible. The envelope is centered on a marble surface, and the image is sharp and clear with no visible artifacts or distortions. Therefore, the answer to Question 1 is True because the image is showing an envelope. The answer to Question 2 is False because the flap is visible. The quality of the image is rated 1.0 as it is clear and well-defined."}, {"ans": [true, true, 1.0], "reasoning": "The image is showing a wall clock. The clock face is white with black hands, and there are no numbers visible on the clock face. The image is clear and of high quality, with no visible artifacts or distortions. Therefore, the answer to Question 1 is True, the answer to Question 2 is True, and the quality score is 1.0."}, {"ans": [true, false, 1.0], "reasoning": "The image clearly shows a person wearing a white space suit with a helmet, floating in a swimming pool. The main object, the space suit, is present and visible. The helmet is also present and visible on the person's head. The image is clear and well-defined, with no visible artifacts or distortions that would affect the quality. Therefore, the answer to Question 1 is True because the image is showing a space suit with a helmet. The answer to Question 2 is False because the helmet is not missing or invisible; it is clearly visible. The quality of the image is rated as 1 because it is clear and free of significant artifacts or distortions."}, {"ans": [true, false, 1.0], "reasoning": "The image clearly depicts a windmill with visible blades standing in a field of wheat. The windmill is the main object and is clearly visible, so the answer to the first question is True. The blades are also visible, so the answer to the second question is False. The image is of high quality with no visible artifacts, blurring, or other issues, so the quality score is 1."}, {"ans": [true, true, 1.0], "reasoning": "The image clearly shows a tree without leaves. The main object, a tree, is present and identifiable. The leaves are missing, as evidenced by the bare branches. The image is of high quality, with clear details and no visible artifacts or distortions."}, {"ans": [true, true, 1.0], "reasoning": "The image is showing a yellow school bus. The bus is parked in a parking lot, and its side is visible. The doors of the bus are not visible as the image is taken from the side. The image is clear and of high quality, with no visible artifacts or distortions."}, {"ans": [true, false, 1.0], "reasoning": "The image shows a laptop on a wooden table. The laptop is open and its screen is visible, though it appears to be blank or turned off as it is not displaying any content. The laptop's presence is clear, so the answer to the first question is True. The screen is visible, so it is not missing or not visible, making the answer to the second question False. The image is clear and well-lit, with no visible artifacts or distortions, so the quality is rated as 1."}, {"ans": [true, true, 1.0], "reasoning": "The image shows a trumpet, which is the main object in question. The trumpet is clearly visible and appears to be in good condition. The mouthpiece is not attached to the trumpet, indicating that it is missing. The image is of high quality, with clear details and no visible artifacts or distortions."}, {"ans": [true, false, 0.95], "reasoning": "The image clearly shows a robot with a visible head. The robot is centered in the image, and its head is clearly visible, indicating that the head is not missing or not visible. The image is of high quality, with clear details and no visible artifacts or distortions. The only reason for not giving it a perfect score is the slight blurring in the background, but it does not affect the main subject."}, {"ans": [true, true, 1.0], "reasoning": "The image shows a cylindrical candle on a silver tray. The candle is centered and appears to be made of wax. The wick is not visible in the image, as it is likely at the top of the candle, which is not shown. The image is clear and well-lit, with no visible artifacts or distortions. Therefore, the answer to Question 1 is True, as the image is showing a candle. The answer to Question 2 is True, as the wick is not visible. The quality of the image is rated as 1.0, as it is clear and well-lit, with no visible issues."}, {"ans": [true, false, 1.0], "reasoning": "The image is clearly showing a pizza with a thick layer of red sauce and visible mozzarella cheese slices. The cheese is visible and not missing. The image is of high quality with clear details and no visible artifacts or distortions."}, {"ans": [true, true, 1.0], "reasoning": "The image shows a DSLR camera body without a lens, as the mount is visible and empty. The camera is clearly identifiable as a DSLR due to its shape and the presence of a mirror mechanism visible inside the mount. The lens is missing, so it is not visible. The image is clear and well-lit, with no visible artifacts or distortions, hence the quality score is 1.0."}, {"ans": [true, true, 1.0], "reasoning": "The image shows a grand piano on a stage in an auditorium. The piano is black and appears to be a grand piano, but the keys are not visible as they are covered by the lid. The image is clear and well-lit, with no visible artifacts or distortions. Therefore, the answer to Question 1 is True because the image is showing a piano. The answer to Question 2 is True because the keys are not visible. The quality of the image is rated as 1.0 because it is clear and well-rendered."}, {"ans": [true, false, 0.95], "reasoning": "The image clearly shows a paintbrush with bristles. The bristles are visible and appear to be made of wood or a similar material, with a clear texture. The paintbrush is positioned next to a paint palette, which is partially visible. The image is well-lit and has a clear focus on the paintbrush, with no visible artifacts or distortions that would affect the quality. The quality score is 0.95 because the image is very clear and well-defined, with only a slight texture visible on the background."}, {"ans": [true, true, 0.95], "reasoning": "The image shows a watch with a black face and a square shape, which is the main object. The watch appears to be without a strap, as there is no visible strap attached to it. The image is clear and well-lit, with a speckled background that does not distract from the watch. The quality of the image is high, with no visible artifacts or blurring. Therefore, the answer to Question 1 is True, as the image is showing a watch. The answer to Question 2 is also True, as the strap is missing or not visible. The quality score is 0.95, indicating a high-quality image."}, {"ans": [true, true, 0.95], "reasoning": "The image is a close-up portrait of a young man with dark hair and a blue shirt. The main object in the image is the young man's face, which is clearly visible. His mouth is closed, and his lips are slightly pursed. The tongue is not visible, indicating that it is either missing or not visible. The image is of high quality, with clear details and no noticeable artifacts or distortions. The lighting is even, and the colors are natural. Therefore, the answer to Question 1 is True because the image is showing a mouth. The answer to Question 2 is True because the tongue is not visible. The quality of the image is rated 0.95 out of 1, as it is a clear and well-lit image with no significant issues."}, {"ans": [true, true, 0.9], "reasoning": "The image depicts a futuristic motorcycle in a tunnel. The motorcycle is the main object and is clearly visible, indicating that the answer to the first question is True. The handlebars of the motorcycle are not visible, as they are either missing or obscured from view, so the answer to the second question is True. The image is well-rendered with clear details and no visible artifacts or distortions, hence the quality score is 0.9."}, {"ans": [true, true, 1.0], "reasoning": "The image shows a framed artwork with electronic components and wires, resembling the internal parts of an old television. The frame is square and has a wooden border, sitting on a wooden cabinet. The artwork inside the frame contains various tubes and wires, giving it a retro aesthetic. The main object in the image is the framed artwork, which can be considered a representation of a television without its screen. Therefore, the answer to the first question is True. The screen is not visible as it is not present in the artwork; instead, the internal components are displayed. Thus, the answer to the second question is also True. The image is clear and well-lit, with no visible artifacts or distortions, so the quality is rated as 1.0."}, {"ans": [true, false, 0.95], "reasoning": "The image clearly depicts a goat standing on rocky terrain, and the goat has visible horns. The presence of the goat is evident, so the answer to the first question is True. Since the horns are visible, the answer to the second question is False. The image is of high quality with clear details and no visible artifacts or distortions that would significantly impact the perception of the main subject, thus the quality score is 0.95."}, {"ans": [true, false, 1.0], "reasoning": "The image clearly shows a pair of red sneakers with white soles on a wooden surface in front of gray lockers. The sneakers are the main object in the image, and they are clearly visible. The laces of the sneakers are also visible, tucked into the shoe, indicating that they are present but not untied or missing. The image is sharp and well-lit, with no visible artifacts, blurring, or other quality issues. Therefore, the answer to Question 1 is True because the image is showing a sneaker. The answer to Question 2 is False because the laces are visible, even though they are tucked into the shoe. The quality of the image is rated as 1 because it is clear and well-rendered, with no noticeable defects."}, {"ans": [true, false, 0.95], "reasoning": "The image is showing a frog, and the eyes are visible. The main object, the frog, is present in the image. The eyes of the frog are clearly visible, so they are not missing or not visible. The image is of high quality with clear details and no visible artifacts or distortions, hence the quality score is 0.95. The slight deduction is due to the minor reflection on the water that might be considered a minor artifact."}, {"ans": [true, false, 0.95], "reasoning": "The image is showing a white mug with a blue floral design and a handle on the right side. The mug is placed on a matching saucer. The handle is visible and present. The image is clear and well-lit, with no visible artifacts or distortions. The quality of the image is high, with a score of 0.95 out of 1. The only reason for not giving it a perfect score is the slight shadow under the saucer, which might be considered a minor imperfection."}, {"ans": [true, false, 0.9], "reasoning": "The image clearly shows a saxophone, which is the main object. The keys are visible and not missing, so the answer to the second question is false. The image is of high quality, with clear details and no visible artifacts or distortions, hence a quality score of 0.9."}, {"ans": [true, false, 1.0], "reasoning": "The image clearly shows a skateboard with wheels. The skateboard is positioned on a brick surface, and all four wheels are visible and appear to be intact. The image is well-lit and in focus, with no visible artifacts or distortions that would affect the quality. Therefore, the answer to Question 1 is True because the image is showing a skateboard. The answer to Question 2 is False because the wheels are not missing or invisible; they are clearly visible. The quality of the image is rated as 1 because it is clear and well-defined, with no noticeable issues."}, {"ans": [true, false, 1.0], "reasoning": "The image depicts a red hat with a visible brim on a stand. The hat is clearly a fedora, as it has the characteristic shape and brim. The brim is not missing or invisible; it is clearly visible around the hat. The image is of high quality, with no visible artifacts, blurring, or other issues that would detract from its clarity. Therefore, the answer to Question 1 is True, as the image is showing a fedora. The answer to Question 2 is False, as the brim is not missing or not visible. The quality of the image is rated 1.0, as it is clear and well-defined."}, {"ans": [true, false, 0.95], "reasoning": "The image clearly shows a motorcycle helmet with a visor. The visor is present and visible, covering the front of the helmet. The image is sharp and well-lit, with no visible artifacts or distortions that would affect the quality. The only reason for not giving it a perfect score is the slight wear and tear visible on the table and the background, but this does not detract from the main subject, the helmet."}, {"ans": [true, true, 1.0], "reasoning": "The image is showing a bedframe, specifically the headboard and footboard, against a dark blue wall. The bedframe is ornate and gold-colored, with intricate carvings. The mattress is not visible, as it is not present in the image. The image is of high quality, with clear details and no visible artifacts or distortions. Therefore, the answer to Question 1 is True, as the image is showing a bedframe. The answer to Question 2 is also True, as the mattress is missing or not visible. The quality of the image is rated 1.0, as it is a clear and well-rendered image."}, {"ans": [true, false, 0.95], "reasoning": "The image shows a tall, red brick tower with two visible clock faces, indicating it is a clock tower. The clock faces are clearly visible, so the clock face is not missing or not visible. The image is clear and well-lit, with no visible artifacts or distortions, hence a high quality score."}, {"ans": [true, false, 1.0], "reasoning": "The image clearly shows a pocket watch with a visible face and hands. The watch is centered in the image, and its details are sharp and clear. The presence of the hands is evident, as they are visible on the watch face. The image quality is high, with no visible artifacts, blurring, or other issues that would detract from the clarity of the watch or its components."}, {"ans": [true, true, 1.0], "reasoning": "The image depicts a bicycle frame without pedals, leaning against a wall. The main object, a bicycle, is present, so the answer to the first question is True. The pedals are not visible or present on the bicycle, so the answer to the second question is True. The image is clear and well-defined, with no visible artifacts or distortions, so the quality score is 1.0."}, {"ans": [true, false, 0.9], "reasoning": "The image is a portrait of a woman with her eyes visible, so the answer to the first question is True. Since her eyes are clearly visible, the answer to the second question is False. The image quality is high, with clear details and no visible artifacts or distortions, but the texture of the image slightly decreases the quality score to 0.9."}, {"ans": [true, true, 0.9], "reasoning": "The image depicts a grand piano on a stage with its lid open, illuminated by spotlights. The piano is clearly visible, and its shape and structure are consistent with a grand piano. The hammers inside the piano are not visible due to the lighting and the angle of the open lid, which suggests they are either missing or not visible. The image is well-lit, with clear details of the piano and the stage, indicating a high-quality image with no noticeable artifacts or distortions. Therefore, the image is showing a grand piano, and the hammers are not visible."}, {"ans": [true, false, 0.9], "reasoning": "The image depicts a sailing ship with a prominent mast and what appears to be a sail, although the sail is not clearly visible as it is integrated into the structure of the mast. The ship is floating on water, and the overall scene is serene. For Question 1, the image does show a sailing ship, so the answer is True. For Question 2, the sails are not missing; they are visible as part of the mast structure, so the answer is False. The quality of the image is high, with clear details and no visible artifacts or distortions, so the quality score is 0.9."}, {"ans": [true, false, 0.9], "reasoning": "The image depicts a large tree with a thick trunk and sprawling branches, which is consistent with the appearance of an oak tree. The tree has leaves, although they are not densely packed, indicating that it is not bare. The presence of leaves means that they are not missing or invisible. The image is clear and well-defined, with no visible artifacts or distortions that would detract from its quality. The only reason for not giving it a perfect score is the slight gradient effect in the sky, which might be considered a minor processing artifact."}, {"ans": [true, false, 0.9], "reasoning": "The image depicts a small stone cottage with a brown door and a window on the front facade. The cottage is surrounded by trees and vines, giving it a rustic appearance. The door is clearly visible, indicating that it is not missing. The image is of high quality, with clear details and no visible artifacts or distortions. The only reason for not giving it a perfect score is the presence of some dead leaves on the ground, which might be considered a minor distraction."}, {"ans": [true, true, 0.95], "reasoning": "The image depicts a futuristic, white, passenger jet-like vehicle on a runway. The main object is clearly visible and appears to be a passenger jet, albeit without visible wings. The wings are not visible, so they are considered missing. The image is of high quality, with clear details and no visible artifacts or distortions."}, {"ans": [true, true, 1.0], "reasoning": "The image is showing a wristwatch with a blank face, so it is a wristwatch but the numbers are missing or not visible. The image is clear and of high quality, with no visible artifacts or distortions."}, {"ans": [true, true, 1.0], "reasoning": "The image depicts a pizza with a red sauce base and basil leaves on top. The crust is visible around the edges, and the pizza is placed on a wooden surface. The image is clear and well-defined, with no visible artifacts or distortions. The pizza appears to be a 'margherita' or 'marinara' style, which typically does not include cheese. Therefore, the answer to Question 1 is True, as the image is showing a pizza. The answer to Question 2 is also True, as the cheese is not visible on the pizza. The quality of the image is rated as 1.0, indicating that it is of high quality with no noticeable issues."}, {"ans": [true, false, 0.9], "reasoning": "The image clearly shows traffic signals hanging above a road, indicating that the main object (traffic signals) is present. The traffic signals have lights visible, so they are not missing. The quality of the image is high, with clear details of the traffic signals and the surrounding environment, though there is a slight overexposure in the background."}, {"ans": [true, false, 1.0], "reasoning": "The image clearly shows a skateboard with its wheels attached. The skateboard is positioned against a wall, and its colorful design is visible. The wheels are present and appear to be in good condition. The image is well-lit, and there are no visible artifacts or distortions that would affect the quality. Therefore, the answer to the first question is True, as the image is showing a skateboard. The answer to the second question is False, as the wheels are not missing or invisible; they are clearly visible. The quality of the image is rated as 1, indicating high quality, as there are no noticeable issues with the image."}, {"ans": [true, true, 1.0], "reasoning": "The image clearly shows a chessboard with gold-colored pieces on one side, and no pieces on the other side. The chessboard is the main object, and it is present. The black pieces are not visible, as there are no black pieces on the board, only gold-colored pieces on one side. The image is of high quality, with clear details and no visible artifacts or distortions."}, {"ans": [true, true, 0.95], "reasoning": "The image is showing a red sports car, which is the main object. The car is a classic model, likely a Ferrari, and it is parked in a modern garage with a reflective floor. The brakes are not visible from the side view of the car, as they are typically located inside the wheels. Therefore, the answer to the first question is True, as the image is showing a sports car. The answer to the second question is also True, as the brakes are not visible from the side view. The image quality is high, with clear details and no visible artifacts or distortions. The only reason for a slightly lower quality score is the subtle reflection on the floor, which could be considered a minor artifact. However, it does not affect the overall clarity of the image, so the quality score is still high at 0.95."}, {"ans": [true, true, 0.95], "reasoning": "The image shows a book with blank pages, indicating that it is a book. The text is not visible on the pages, so it is considered missing. The image is clear and well-lit, with no visible artifacts or distortions, hence the high quality score."}, {"ans": [true, false, 1.0], "reasoning": "The image clearly shows a computer tower with its side panel removed, revealing the internal components. The fans are visible and illuminated with purple light, indicating they are present and not missing. The image is of high quality, with clear details and no visible artifacts or distortions."}, {"ans": [true, false, 1.0], "reasoning": "The image clearly depicts a scarecrow standing in a field of wheat. The scarecrow is wearing a red plaid shirt and blue jeans, and has a straw hat on its head. Its face is made of straw, and it has two visible arms made of straw or similar material. The image is clear and well-defined, with no visible artifacts or distortions. The scarecrow's arms are visible, so the answer to the second question is False."}, {"ans": [true, true, 0.9], "reasoning": "The image depicts a man in armor, which is consistent with the representation of a knight. The armor and the attire are detailed, indicating that the main object is indeed a knight. However, upon closer inspection, it is evident that the knight is not holding a sword, nor is a sword visible on his person or in the surrounding environment. The image is of high quality with clear details, but there is a slight texture visible that might suggest it is a digital rendering or a photograph of a painting. The quality is not perfect due to this texture, hence a score of 0.9."}, {"ans": [true, false, 1.0], "reasoning": "The image shows a teapot with a handle, spout, and lid, decorated with floral patterns, placed on a bamboo mat. The teapot is clearly visible and appears to be in good condition. The handle is present and visible on the right side of the teapot. The image is clear and well-lit, with no visible artifacts or distortions. Therefore, the answer to Question 1 is True, as the image is showing a teapot. The answer to Question 2 is False, as the handle is not missing and is visible. The quality of the image is rated 1.0, as it is clear and well-defined, with no noticeable issues."}, {"ans": [true, true, 1.0], "reasoning": "The image clearly shows a basketball hoop with a backboard and a rim. The net is not visible, indicating it is either missing or not visible. The image is clear and well-lit, with no visible artifacts or distortions that would affect its quality."}, {"ans": [true, false, 1.0], "reasoning": "The image shows a table setting with a plate, utensils, napkins, and glasses, indicating it is a dining table. The glasses are visible at the top of the image. The image is clear and well-lit, with no visible artifacts or distortions, hence the quality is rated as 1."}, {"ans": [true, true, 1.0], "reasoning": "The image clearly shows a vintage typewriter with a sheet of paper rolled into it. The typewriter is centered and prominently displayed on a wooden surface. The ribbon is not visible, indicating it is either missing or not visible. The image is sharp and well-lit, with no visible artifacts or distortions that would detract from its quality. The main object, the typewriter, is clearly identifiable, and the absence of the ribbon is noticeable but does not affect the overall quality score as per the instructions."}, {"ans": [true, true, 1.0], "reasoning": "The image shows a winter jacket hanging on a clothing rack. The jacket is puffy and has a high collar, which are characteristic features of a winter jacket. There is no visible zipper on the jacket. The image is clear and well-lit, with no visible artifacts or distortions that would affect the quality. Therefore, the answer to Question 1 is True because the image does show a winter jacket. The answer to Question 2 is also True because the zipper is not visible on the jacket. The quality of the image is rated as 1.0 because it is clear and free of noticeable defects."}, {"ans": [true, true, 0.7], "reasoning": "The image depicts a person with a sunflower for a head, which is clearly visible. The seeds on the sunflower head are not visible as they are not developed or are obscured by the representation. The image is of high quality in terms of clarity, but the unnatural representation of a person with a flower head might affect its realism. There are some lens flares and bright spots, but they do not significantly detract from the overall quality."}, {"ans": [true, false, 0.7], "reasoning": "The image clearly shows an elephant, so the answer to the first question is True. The trunk of the elephant is visible, so the answer to the second question is False. The image has an unnatural orange-red color tone, which affects its quality. However, the main object (the elephant) is clear and not blurry, so the quality score is not very low. The score is 0.7 due to the unnatural color."}, {"ans": [true, true, 1.0], "reasoning": "The image shows a wooden rowboat floating on a lake. The boat is empty and there are no oars visible inside or outside the boat. The image is clear and well-defined, with no visible artifacts, blurring, or other issues that would affect its quality. Therefore, the answer to Question 1 is True because the image is showing a rowboat. The answer to Question 2 is True because the oars are not visible. The quality of the image is rated as 1.0 because it is clear and well-defined."}, {"ans": [true, true, 0.95], "reasoning": "The image is clearly showing a snowman. The snowman is wearing a hat and a scarf, and has stick arms. However, it does not have any visible buttons. The image is of high quality, with clear details and no visible artifacts or distortions. The snowman is centered in the image, and the background is a clear winter scene with a fence and trees. The only reason the quality score is not 1 is because of slight unevenness in the snow around the snowman."}, {"ans": [true, true, 1.0], "reasoning": "The image shows a fountain pen lying on top of a notebook. The pen is the main object in the image and is clearly visible. The pen appears to be without ink as there is no visible ink in the nib or the barrel. The image is of high quality with clear details and no visible artifacts or distortions. Therefore, the answer to Question 1 is True as the image is showing a fountain pen. The answer to Question 2 is also True because the ink is not visible in the fountain pen. The quality of the image is rated as 1.0 because it is clear and well-defined."}, {"ans": [true, true, 0.98], "reasoning": "The image shows a paintbrush with a wooden handle and a metal ferrule, but the bristles are not visible. The paintbrush is placed next to a palette with paint on it. The image is clear and well-lit, with no visible artifacts or distortions. The quality of the image is high, with a score of 0.98. The main object, the paintbrush, is present, so the answer to the first question is true. The bristles are not visible, so the answer to the second question is true."}, {"ans": [true, true, 1.0], "reasoning": "The image shows a pair of eyeglasses without temples on top of a stack of papers. The main object, eyeglasses, is present. The temples are not visible, which directly answers the second question. The image is clear and well-lit, with no visible artifacts or distortions, hence the quality score is 1.0."}, {"ans": [true, true, 0.9], "reasoning": "The image shows a person holding an umbrella on a rainy street. The umbrella is black and appears to be open, but its ribs are not visible, likely due to the darkness and the angle of the image. The main object, the umbrella, is present, so the answer to the first question is true. The ribs of the umbrella are not visible, so the answer to the second question is also true. The image is of high quality, with clear details and no noticeable artifacts or distortions, so the quality score is 0.9."}, {"ans": [true, true, 0.95], "reasoning": "The image is showing a wristwatch with a visible mechanical inner mechanism. The hour markers are not visible as the watch face is open and showing the inner workings. The image is clear and well-lit, with no visible artifacts or distortions that would affect the quality. The quality score is 0.95 because the image is very clear and detailed, with no noticeable issues."}, {"ans": [true, false, 1.0], "reasoning": "The image shows a camping tent, which is the main object. The tent appears to be set up with poles, as indicated by its shape and structure. The poles are visible and not missing. The image is clear and of high quality, with no visible artifacts or distortions."}, {"ans": [true, false, 1.0], "reasoning": "The image shows a traditional cuckoo clock with intricate carvings and a pendulum. The clock is made of wood and has a distinctive roof-like structure. The clock face is visible and has Roman numerals. The pendulum is shaped like pinecones and a leaf, which is a common design for cuckoo clocks. The weights are visible and appear to be made of wood, shaped like pinecones. Since the weights are visible, they are not missing. The image is clear and well-defined, with no visible artifacts or distortions. Therefore, the quality of the image is rated as 1."}, {"ans": [true, true, 1.0], "reasoning": "The image shows a smartphone with its screen facing upwards. The phone's screen is illuminated and displays a blank, yellowish screen with some status icons at the top right corner. The phone's body is black, and it is placed on a gray surface with a diagonal shadow cast over it. The image is clear and well-lit, with no visible artifacts or distortions. The speaker grille is not visible on the phone, as it is likely located on the bottom edge or back of the device, which is not visible in the image. Therefore, the answer to Question 1 is True, as the image is showing a smartphone. The answer to Question 2 is also True, as the speaker grille is not visible from the current angle. The quality of the image is rated as 1.0, as it is clear and well-lit with no visible artifacts or distortions."}, {"ans": [true, false, 0.9], "reasoning": "The image is taken from the perspective of someone riding a motorcycle, showing the handlebars and the road ahead. The main object, a motorcycle, is clearly visible, so the answer to the first question is True. The speedometer is visible between the handlebars, so it is not missing or invisible, making the answer to the second question False. The image quality is generally good, but there is some blurring, particularly in the background, which is why the quality score is 0.9 rather than 1."}, {"ans": [true, true, 1.0], "reasoning": "The image shows a violin bow. The bow is positioned diagonally across the image, with the tip pointing towards the top-right corner and the frog towards the bottom-left corner. The bow has a light-colored wooden stick and metal fittings. The hair of the bow is not visible, indicating it is either missing or not visible. The image is clear and well-lit, with no visible artifacts or distortions. Therefore, the quality of the image is rated as 1.0."}, {"ans": [true, true, 1.0], "reasoning": "The image clearly depicts a birdcage hanging from a chain. The birdcage is the main object in the image and is visible in detail. There is no visible perch inside or attached to the birdcage. The image is of high quality with clear details and no visible artifacts or distortions."}, {"ans": [true, false, 0.95], "reasoning": "The image depicts a statue of a woman with a head, standing between columns. The main object is a statue, so the answer to the first question is True. The head is visible, so the answer to the second question is False. The image is clear and detailed, with no visible artifacts or distortions, so the quality score is high at 0.95."}, {"ans": [true, false, 1.0], "reasoning": "The image clearly shows a teddy bear, which is the main object. The teddy bear has a nose, so it is not missing. The image is of high quality with no visible artifacts, blurring, or unnatural colors. The teddy bear and its features are clearly visible."}, {"ans": [true, false, 1.0], "reasoning": "The image clearly shows a pair of gray sneakers on a brown mat in front of a white door. The sneakers are visible and appear to be in good condition. The laces are present and visible, threaded through the eyelets. The image is sharp and well-lit, with no visible artifacts or distortions. Therefore, the answer to Question 1 is True, as the image is showing sneakers. The answer to Question 2 is False, as the laces are not missing or invisible. The quality of the image is rated 1.0, as it is clear and well-rendered."}, {"ans": [true, true, 1.0], "reasoning": "The image shows an open refrigerator with its door removed, revealing the interior. The main object, the refrigerator, is clearly visible. The door shelves are not visible as the door is not present in the image. The image is of high quality, with clear details and no visible artifacts or distortions."}, {"ans": [true, false, 0.8], "reasoning": "The image depicts a group of women sitting around a glowing circular fire pit in a forest. The fire pit is emitting a bright, yellow-orange glow with visible flames or embers, indicating that it is a campfire. Therefore, the answer to Question 1 is True. For Question 2, since the flames or embers are visible, the answer is False. The image quality is rated 0.8 because it is a clear and well-lit image with no visible artifacts or distortions, although the lighting is somewhat unnatural due to the intense glow from the fire pit."}, {"ans": [true, true, 1.0], "reasoning": "The image depicts a drinking fountain, which is a tall, silver-colored cylindrical structure with a small bowl protruding from it. The fountain is situated on a grassy area next to a paved path. The bowl of the fountain appears to be empty, and there is no visible water flowing from it. The image is clear and well-lit, with no visible artifacts or distortions. Therefore, the answer to Question 1 is True, as the image is showing a drinking fountain. The answer to Question 2 is also True, as the water is missing or not visible from the drinking fountain. The quality of the image is rated as 1.0, indicating that it is of high quality with no noticeable issues."}, {"ans": [true, true, 1.0], "reasoning": "The image clearly shows a revolver. The trigger guard is not visible, which could be interpreted as either missing or not visible due to the angle or design. The image is clear and well-lit, with no visible artifacts or distortions that would affect the quality."}, {"ans": [true, false, 0.95], "reasoning": "The image is a detailed illustration of a compass rose, which is clearly visible and centered in the image. The compass rose includes a north arrow, which is also visible. The image is of high quality, with intricate details and no visible artifacts or distortions. The quality score is 0.95 due to the slight aging effect on the image, which gives it a vintage look but does not significantly impact its clarity."}, {"ans": [true, false, 0.9], "reasoning": "The image depicts a cityscape with multiple tall buildings, which can be classified as skyscrapers. The presence of these skyscrapers directly answers the first question, affirming that the image is showing skyscrapers. For the second question, upon closer inspection, it is evident that the skyscrapers have windows, as indicated by the vertical lines and reflections on the buildings. Therefore, the windows are not missing or invisible. The image quality is high, with clear details and no visible artifacts or distortions that would significantly impact the perception of the skyscrapers or their windows. The slight reduction in quality score is due to a minor haze in the background, but it does not affect the visibility of the main objects."}, {"ans": [true, true, 0.95], "reasoning": "The image shows a man in a tuxedo standing on a podium with his right hand raised and his left hand extended outward. He is surrounded by musicians playing violins, indicating that he is a conductor. The baton is not visible in his hand, suggesting that it is either missing or not visible. The image is clear and well-lit, with no visible artifacts or distortions. The quality of the image is high, with a score of 0.95 out of 1."}, {"ans": [false, true, 1.0], "reasoning": "The image shows a green field with a fence in the background, but there is no soccer goal visible. Therefore, the answer to Question 1 is False because the main object (soccer goal) is not present. For Question 2, since there is no soccer goal, the crossbar is considered missing by default, so the answer is True. The quality of the image is rated as 1.0 because it is clear and shows no artifacts, blurring, or other issues that would detract from its quality."}, {"ans": [true, false, 1.0], "reasoning": "The image clearly shows a microscope. The microscope has lenses attached to it, which are visible and not missing. The image is of high quality, with clear details and no visible artifacts or distortions."}]