[{"ans": [true, true, 1.0], "reasoning": "The image is showing a sailboat, which matches the description in Question 1. The sails are not visible, they appear to be furled or stowed, which matches the condition in Question 2. The image is clear and well-lit, with no visible distortions or obstructions, hence the quality is rated as 1."}, {"ans": [true, true, 0.8], "reasoning": "The image depicts a bicycle that has been severely damaged, likely by fire, against a brick wall. The frame and some parts of the bicycle are recognizable, but many components are missing or destroyed. The chain is not visible, likely due to the damage. The image quality is good enough to identify the main object as a bicycle, despite the damage. The chain's absence or invisibility is consistent with the overall condition of the bicycle."}, {"ans": [true, false, 0.9], "reasoning": "The image is showing a cat, so the answer to the first question is True. The cat's whiskers are visible, so the answer to the second question is False. The quality of the image is rated 0.9 because it is clear and well-focused, with good lighting that highlights the cat's features."}, {"ans": [true, false, 0.6], "reasoning": "The image depicts a structure that resembles a castle with a large arched entrance. The presence of the castle is evident, so the answer to the first question is True. For the second question, the gates are visible at the entrance, so the answer is False. The quality of the image is affected by its pixelated and distorted nature, hence a score of 0.6."}, {"ans": [true, true, 0.8], "reasoning": "The image depicts multiple hot-air balloons in the sky above a crowd of people. The balloons are prominent and colorful, while the people and the ground below are hazy and less detailed. Upon closer inspection, it is evident that the baskets under the balloons are not clearly visible due to the haze and the focus on the balloons themselves. Therefore, for Question 1, the image is showing hot-air balloons, so the answer is True. For Question 2, since the baskets are not clearly visible, it can be considered that the basket is missing or not visible, so the answer is True. The quality of the image is rated 0.8 because, although it is somewhat hazy, it effectively conveys the scene and the main elements are distinguishable."}, {"ans": [true, false, 0.8], "reasoning": "The image shows a turtle with a visible shell. The turtle is clearly identifiable, and its shell is present and visible, although it appears to be covered in mud or algae. The image is of decent quality, capturing the details of the turtle and its surroundings, but the quality score is not 1 due to the presence of some blur and the muddy or algae-covered shell."}, {"ans": [true, true, 0.8], "reasoning": "The image is a distorted and layered representation of a train, with multiple images superimposed over each other. Despite the distortion, the main object in the image appears to be a train, so the answer to Question 1 is True. The wheels of the train are not clearly visible due to the distortion and layering, so the answer to Question 2 is True. The quality of the image is rated 0.8 because it is heavily distorted, but this distortion is not solely due to the absence of the key element mentioned in Question 2 (wheels)."}, {"ans": [true, false, 0.8], "reasoning": "The image is showing eyeglasses with lenses, so the answer to the first question is True. The lenses are visible, so the answer to the second question is False. The quality of the image is rated 0.8 because it is clear and well-lit, with no significant distractions or obstructions."}, {"ans": [true, false, 0.9], "reasoning": "The image depicts two fountain pens, one with its nib visible and in contact with the surface, and the other without its nib visible. The presence of the nib on one pen indicates that the image is capable of showing the nib when it is present. Therefore, for the pen with the nib, the answer to Question 2 is False because the nib is visible. The overall quality of the image is rated 0.9 because it clearly displays the main objects (fountain pens) and their details, with only minor considerations for the abstract background."}, {"ans": [true, false, 0.9], "reasoning": "The image shows a clear plastic or glass umbrella with a broken canopy, but the canopy is still visible, albeit damaged. The main object in the image is an umbrella, so the answer to the first question is True. The canopy is visible, although it is broken, so the answer to the second question is False. The image is well-lit and clear, but the broken glass or plastic pieces on the floor slightly reduce the overall quality, hence a score of 0.9."}, {"ans": [true, false, 0.8], "reasoning": "The image shows an airplane on the tarmac, with its wings visible. The presence of the airplane is clear, so the answer to the first question is True. The wings are also visible, so the answer to the second question is False. The image is of good quality, with clear details of the airplane and the surrounding environment, so the quality score is 0.8."}, {"ans": [false, true, 0.8], "reasoning": "The image does not show a desk lamp; it appears to be a decorative item or a chandelier with gold accents and clear glass or crystal elements. The main object in the image is not identifiable as a desk lamp, so the answer to the first question is False. The bulb is not visible, so the answer to the second question is True. The quality of the image is rated 0.8 because it is clear and well-lit, even though it does not depict a desk lamp."}, {"ans": [true, false, 0.8], "reasoning": "The image shows an electric guitar body with a neck attached to it. The guitar is hanging on a wall, and the neck is visible and appears to be intact. The image is clear and well-lit, with some reflections and shadows on the wall behind the guitar. The quality of the image is good, with a clear view of the guitar's body and neck."}, {"ans": [true, true, 0.8], "reasoning": "The image appears to be a highly distorted and abstract representation of a fish, likely due to being viewed through a textured, transparent surface. The main shape and some features resembling a fish are visible, so the first question is answered as True. The fins are not clearly visible, making the second question True as well. The quality of the image is rated 0.8 because, while it is clear and well-lit, the distortion makes it difficult to discern details."}, {"ans": [true, false, 1.0], "reasoning": "The image is showing a cottage with a roof. The roof is visible, although it appears to be damaged or worn out. The cottage is situated in a field with tall grass and wildflowers, and there are trees in the background. The image is clear and well-defined, with no visible distortions or issues that would affect its quality."}, {"ans": [true, false, 0.8], "reasoning": "The image shows a collection of vintage cars on display. The main object in the image is indeed a car, so the answer to the first question is True. Upon closer inspection, it appears that most of the cars have windshields, and they are visible, so the answer to the second question is False. The quality of the image is rated 0.8 because it is clear and well-lit, allowing for a good view of the cars and their details."}, {"ans": [true, false, 0.9], "reasoning": "The image depicts a transparent keyboard with illuminated keys, showcasing its internal components. The presence of a keyboard is evident, satisfying the first question. Upon closer inspection, the spacebar is visible, indicating it is not missing, thus answering the second question as false. The image quality is high, with clear details of the keyboard's structure and illumination, hence a quality score of 0.9."}, {"ans": [true, false, 0.9], "reasoning": "The image depicts an owl perched on a branch, with its feathers clearly visible. The owl is the main subject of the image, and it is shown with its feathers intact. The image is of high quality, with clear details and a well-defined subject. The presence of the moon and the surrounding foliage adds to the overall aesthetic of the image."}, {"ans": [true, true, 1.0], "reasoning": "The image depicts a large, leather-bound book standing upright on a wooden table, with its cover facing the viewer. The book appears to be closed, and its pages are not visible. In the background, there are several other books on shelves, suggesting that the scene is set in a library or study. The overall atmosphere is one of quiet contemplation and intellectual pursuits. For question 1, the image is showing a book, so the answer is True. For question 2, the pages of the main book are not visible, so the answer is True. The image is clear and well-defined, with no visible distortions or artifacts, so the quality is rated as 1."}, {"ans": [true, false, 1.0], "reasoning": "The image depicts a lighthouse on a rocky coastline during a storm. The lighthouse is the main object in the image and is clearly visible, although it is surrounded by scaffolding and appears to be under construction or renovation. The lamp at the top of the lighthouse is visible, indicating that it is not missing. Therefore, the answer to Question 1 is True. Since the lamp is visible, the answer to Question 2 is False. The image is of high quality, with clear details and a dramatic atmosphere, so the quality rating is 1."}, {"ans": [true, true, 0.8], "reasoning": "The image shows a white, ornate armchair with a patterned rug underneath it. The chair is positioned in a room with large windows and curtains, and there are other pieces of furniture visible in the background. The chair appears to be an armchair due to its design and the presence of armrests. However, the legs of the chair are not visible, suggesting that they may be missing or obscured from view. The image is slightly blurry, but it is still possible to make out the details of the chair and the surrounding environment. Overall, the image appears to be a high-quality photograph of a luxurious interior space."}, {"ans": [true, false, 0.9], "reasoning": "The image depicts a deer in a forest, with the deer's body and head visible. The deer appears to be facing the camera, and its antlers are clearly visible. The image is slightly blurry, but the overall quality is good. The presence of the deer and its antlers is evident, and the forest surroundings are well-captured. Therefore, the answer to Question 1 is True, as the image is showing a deer. The answer to Question 2 is False, as the antlers are visible. The quality of the image is rated 0.9, as it is slightly blurry but still clear enough to identify the main subject and its features."}, {"ans": [true, true, 0.9], "reasoning": "The image shows an envelope on a marble surface. The envelope is the main object and is clearly visible, so the answer to Question 1 is True. The flap of the envelope is not visible, as it is either tucked inside or not present, so the answer to Question 2 is True. The image is of high quality, with clear details of the envelope and the marble surface, hence the quality rating is 0.9."}, {"ans": [true, false, 1.0], "reasoning": "The image shows a wall clock, which is the main object in the image. The clock face is visible and has Roman numerals (I, II, III, etc.) marked on it, indicating the hours. Therefore, the numbers are not missing or not visible. The image is clear and well-lit, allowing for a good view of the clock and its details, hence the quality is rated as 1."}, {"ans": [false, true, 0.8], "reasoning": "The image depicts a person in a white suit submerged in a pool, but it is not clear if the suit is a space suit. The overall appearance and context suggest it could be a diving or protective suit, but it lacks the distinctive features typically associated with space suits. Therefore, the answer to Question 1 is False because the image does not clearly show a space suit. For Question 2, the helmet is not visible, so the answer is True. The quality of the image is rated 0.8 because, while the image is clear, the interpretation of the suit is ambiguous."}, {"ans": [true, false, 0.8], "reasoning": "The image is a double exposure of a windmill in a field. The main object, the windmill, is clearly visible, so the answer to the first question is True. The blades of the windmill are also visible, although somewhat distorted due to the double exposure effect, so the answer to the second question is False. The quality of the image is rated 0.8 because it is a bit blurry and has a double exposure effect, but it is still clear enough to identify the main object and its features."}, {"ans": [true, false, 1.0], "reasoning": "The image is showing a tree, which is the main object, so the answer to the first question is True. The tree has some leaves visible on its branches, although not many, so the leaves are not entirely missing or not visible, making the answer to the second question False. The image is clear and well-defined, showing the details of the tree and its surroundings, so the quality is rated as 1."}, {"ans": [true, true, 0.8], "reasoning": "The image depicts a large number of yellow school buses, some of which appear to be damaged or burned. The buses are densely packed and layered on top of each other, creating a complex and abstract composition. The image is distorted, with multiple images of buses overlapping and blending together. Despite the distortion, it is clear that the main object in the image is a bus. The doors of the buses are not clearly visible due to the distortion and overlapping of the images, making it appear as though they are missing or not visible."}, {"ans": [false, true, 0.5], "reasoning": "The image is blurry and unclear, making it difficult to identify the main object. However, upon closer inspection, it appears to be a laptop on a table. The laptop's screen is not visible, suggesting that it might be closed or not present. The image quality is compromised due to the blurriness, but this does not directly relate to the presence or absence of the screen."}, {"ans": [true, true, 1.0], "reasoning": "The image shows a shiny brass trumpet lying on a red velvet cloth. The trumpet is clearly visible, and it appears to be a standard trumpet with valves and a bell. However, the mouthpiece is not visible, suggesting that it is either missing or not attached to the trumpet. Therefore, the answer to Question 1 is True, as the image is showing a trumpet. The answer to Question 2 is also True, as the mouthpiece is not visible. The quality of the image is rated as 1, as it is clear and well-lit, and there are no visible issues that would affect the assessment of the trumpet or its components."}, {"ans": [true, false, 1.0], "reasoning": "The image clearly depicts a robot, which is the main object in the picture. The robot has a head that is visible, enclosed in a transparent helmet. Therefore, the head is not missing or invisible. The image is of high quality, with clear details of the robot and its surroundings."}, {"ans": [true, true, 0.9], "reasoning": "The image shows a candle on a glass plate. The candle is white and cylindrical, with a rough surface. There is no visible wick on the top of the candle. The image is clear and well-lit, with a plain white background. The quality of the image is high, with good resolution and minimal distortion. The main object, the candle, is clearly visible, so the answer to Question 1 is True. The wick is not visible, so the answer to Question 2 is True. The quality of the image is rated 0.9 because it is clear and well-lit, but not perfect due to slight blurriness on the edges."}, {"ans": [true, false, 0.9], "reasoning": "The image is showing a pizza, which is the main object. The pizza has cheese, so the cheese is not missing. The image is of high quality, with clear details of the pizza and its toppings. The only reason it wouldn't be a perfect score is due to the slightly worn-out appearance of the parchment paper it's on, but this doesn't detract from the main subject, the pizza."}, {"ans": [true, false, 0.8], "reasoning": "The image shows a DSLR camera body with a lens detached and placed below it. The camera body is clearly visible, and the lens is also visible, albeit detached. The image is clear and well-lit, allowing for a good view of the camera and lens. The quality of the image is rated 0.8 because while the image is clear, there are some minor imperfections such as smudges on the glass case containing the camera."}, {"ans": [true, true, 0.8], "reasoning": "The image depicts a grand piano on a stage within an auditorium. The piano is visible but its keys are not discernible, suggesting they are either missing or not visible due to the angle or lighting of the image. The overall quality of the image is good, capturing the details of the auditorium and the piano, hence a quality score of 0.8."}, {"ans": [true, true, 0.8], "reasoning": "The image shows a palette with paint and two paintbrushes. The handles of the brushes are visible, but the bristles are not clearly seen as they are covered in paint and appear to be merged with the paint on the palette. Therefore, for Question 1, the image is showing a paintbrush, so the answer is True. For Question 2, the bristles are not visible as they are mixed with the paint, so the answer is True. The quality of the image is rated 0.8 because it is a close-up and the details are somewhat obscured by the thick paint."}, {"ans": [true, true, 0.8], "reasoning": "The image shows a watch, but it is blurry and reflected in a surface, making it difficult to discern details. The watch appears to be present, but the strap is not visible, suggesting it might be missing or not visible due to the reflection and blurriness. The quality of the image is rated 0.8 because, although the main object (the watch) is identifiable, the overall image is blurry and distorted due to the reflection."}, {"ans": [false, false, 0.4], "reasoning": "The image appears to be a highly distorted and abstract representation of a scene, possibly a medical or laboratory setting. Upon closer inspection, it is difficult to discern any clear objects or features. There are no clear depictions of a mouth or tongue. The image is heavily distorted, making it challenging to identify any specific elements. Therefore, the answer to Question 1 is False because there is no clear depiction of a mouth. Similarly, the answer to Question 2 is False because there is no visible tongue to be considered missing or not visible. The quality of the image is rated 0.4 due to its high level of distortion and lack of clarity."}, {"ans": [true, true, 0.8], "reasoning": "The image depicts a motorcycle lying on the ground in a futuristic cityscape. The motorcycle is clearly visible, indicating that the main object is present. However, the handlebars are not visible, suggesting they might be missing or obscured. The image quality is high in terms of detail and color, but the presence of reflections and neon lights could affect clarity in some areas. Nonetheless, the key elements are discernible, hence a high quality score."}, {"ans": [true, false, 0.9], "reasoning": "The image depicts an old television set with its back panel removed, exposing the internal components. The screen is visible and appears to be displaying an image, although it is somewhat distorted. The presence of the television is clear, and the screen is not missing or invisible. The image quality is high, with detailed rendering of the television's internal parts and the surrounding environment. The only reason for a quality score less than 1 is the slight distortion on the screen, which does not significantly impact the overall clarity of the image."}, {"ans": [true, true, 0.8], "reasoning": "The image depicts a goat with white fur standing on a rocky outcrop. The goat's head is facing the camera, but its horns are not visible. The image is clear and well-defined, showing the details of the goat's fur and the rocky terrain. The quality of the image is rated 0.8 because it is slightly blurry, but it is still possible to make out the main features of the goat and its surroundings."}, {"ans": [true, true, 0.8], "reasoning": "The image depicts a red sneaker, which is the main object. The sneaker is displayed on a metal surface, and its laces are not visible. The image quality is good, with clear details of the sneaker and its surroundings. The absence of laces does not affect the quality score as per the instructions."}, {"ans": [true, true, 0.8], "reasoning": "The image shows a green frog partially submerged in water, with its body visible but its eyes not clearly visible. The presence of the frog is evident, answering the first question as true. The eyes are not visible, making the answer to the second question true as well. The image quality is rated 0.8 because it is slightly blurry and the water's surface is rippled, but it is still clear enough to identify the main object."}, {"ans": [true, false, 0.9], "reasoning": "The image is showing a mug with a floral pattern and a handle. The handle is visible on the right side of the mug. The mug is placed on a saucer, and the background is a white lace tablecloth. The image is clear and well-lit, with a slight blur effect around the edges. The quality of the image is high, with a score of 0.9 out of 1. The handle is not missing or invisible, so the answer to the second question is False."}, {"ans": [true, false, 0.8], "reasoning": "The image shows a complex arrangement of brass parts and keys, characteristic of a saxophone. The keys are visible and appear to be part of the instrument, indicating that they are not missing. The image is clear and detailed, showing the intricate mechanisms of the saxophone, although it is somewhat distorted due to the reflection and lighting. The quality of the image is rated 0.8 because it is clear and detailed, despite the distortion."}, {"ans": [false, true, 0.8], "reasoning": "The image is blurry and shows a reflection on a wet surface, but it is not clear what the object is. There is no clear indication of a skateboard in the image. The wheels are not visible, and it's difficult to determine if they are missing or just not visible due to the poor image quality. The quality of the image is rated 0.8 because it is blurry, but this is not due to the absence of wheels."}, {"ans": [true, false, 1.0], "reasoning": "The image shows a fedora hat with a visible brim. The brim is clearly seen around the hat, indicating it is present and visible. Therefore, the answer to Question 1 is True because the image is showing a fedora. The answer to Question 2 is False because the brim is not missing or invisible; it is clearly visible. The quality of the image is rated 1 because it is clear and well-defined, showing all the necessary details of the hat."}, {"ans": [true, false, 0.9], "reasoning": "The image is showing a motorcycle helmet that has been disassembled and is sitting on a workbench. The visor is present and visible, attached to the helmet. The image is clear and well-lit, with good detail visible on the helmet and surrounding tools and workspace. The quality of the image is high, with a score of 0.9 out of 1. The presence of the visor means that answer 2 is false."}, {"ans": [true, false, 0.9], "reasoning": "The image is showing an ornate bedframe with a mattress, so the answer to the first question is True. The mattress is visible, so the answer to the second question is False. The quality of the image is rated 0.9 because it is clear and well-lit, with no visible distortions or obstructions that would affect the visibility of the bedframe or mattress."}, {"ans": [true, false, 0.9], "reasoning": "The image depicts a tall brick tower with a clock face visible on its upper section, situated in the center of a town square. The presence of the clock face indicates that it is a clock tower. Therefore, the answer to Question 1 is True. Since the clock face is visible, the answer to Question 2 is False. The image is clear and well-lit, with good resolution, hence the quality is rated as 0.9."}, {"ans": [true, false, 0.9], "reasoning": "The image shows a pocket watch with its internal mechanisms visible through a transparent face, indicating that it is indeed a pocket watch. The hands of the watch are visible, so they are not missing or invisible. The image is of high quality, with clear details of the watch's components, and the presence or absence of the hands does not affect the quality score."}, {"ans": [true, true, 0.8], "reasoning": "The image depicts a damaged bicycle against a wall, with significant parts mangled or missing. For Question 1, the main object is indeed a bicycle, so the answer is True. For Question 2, the pedals are not visible due to the damage, so the answer is True. The quality of the image is rated 0.8 because, although it is clear and well-lit, the extensive damage to the bicycle and the wall creates a somewhat chaotic scene that might affect the visibility of some details."}, {"ans": [true, false, 0.8], "reasoning": "The image depicts a portrait of a woman, which is the main object. The woman's face is visible, and her eyes are also visible, although they are not the primary focus due to the artistic style. The image is an impressionist painting with a soft, dreamy quality, which might affect its clarity but not the presence of the main elements. The quality is rated 0.8 because the image is somewhat blurry and impressionistic, but it does not lack key elements."}, {"ans": [true, true, 0.8], "reasoning": "The image depicts a grand piano on a stage, surrounded by a crowd and illuminated by numerous spotlights. The piano appears to be damaged, with its lid open and parts of it broken or destroyed. The hammers inside the piano are not visible due to the destruction and the presence of fog or smoke around the piano. Therefore, the answer to the first question is True because the image is showing a grand piano. The answer to the second question is also True because the hammers are not visible, likely due to the damage to the piano. The quality of the image is rated 0.8 because, although it is somewhat obscured by fog and spotlights, the main subject (the grand piano) is still clearly identifiable."}, {"ans": [true, true, 0.9], "reasoning": "The image depicts a sailing ship, which is the main object. The sails appear to be missing or not visible, as there are only ropes and masts visible. The image is of high quality, with detailed rendering of the ship and its surroundings. The quality score is 0.9 because the image is clear and well-rendered, but not perfect due to some subtle texture and minor artifacts."}, {"ans": [true, false, 0.9], "reasoning": "The image depicts a large tree with a wide canopy and sprawling branches, which is consistent with the appearance of an oak tree. The tree has green leaves, indicating that it is not bare. Therefore, the answer to Question 1 is True. For Question 2, the leaves are visible on the tree, so the answer is False. The image is of high quality, with clear details of the tree and its surroundings, hence the quality score is 0.9."}, {"ans": [true, true, 0.9], "reasoning": "The image depicts a cottage, which is the main object in question. The cottage is covered in vines and appears to be in a forest setting. Upon closer inspection, it is evident that there is no visible door on the front facade of the cottage. The image is of high quality, with detailed textures and a clear representation of the scene. The absence of a door is not considered a factor in assessing the image quality as per the instructions."}, {"ans": [true, false, 0.9], "reasoning": "The image is showing a passenger jet with visible wings, so the answer to Question 1 is True. The wings are clearly visible on the aircraft, so the answer to Question 2 is False. The image quality is good, with a clear view of the aircraft and its features, so the quality score is 0.9."}, {"ans": [true, true, 0.6], "reasoning": "The image shows a close-up of a wristwatch with a damaged crystal face, which is heavily blurred and reflects light, making the details hard to discern. The watch is identifiable by its general shape and the presence of hands, indicating it is a wristwatch. However, the numbers on the watch face are not visible due to the damage and glare. The quality of the image is rated 0.6 because, although it is clear that it is a wristwatch, the details are obscured by the damage and reflection."}, {"ans": [true, false, 0.9], "reasoning": "The image clearly shows a pizza with visible cheese on it, so the answer to the first question is True. The cheese is visible, so the answer to the second question is False. The image is well-lit and the pizza is centered, making it a high-quality image, hence the quality score is 0.9. The slight vignetting around the edges is the only reason it's not a perfect score."}, {"ans": [true, false, 0.8], "reasoning": "The image is a complex, abstract representation of a city street scene. Upon closer inspection, it appears to be a collage or a distorted view of multiple traffic signals and streetlights. For Question 1, the image does show traffic signals, albeit in a distorted and abstract manner. Therefore, the answer to Question 1 is True. For Question 2, despite the abstract nature of the image, many of the traffic signals appear to have visible lights. Hence, the answer to Question 2 is False. The quality of the image is somewhat compromised due to its abstract and distorted nature, but it is still possible to discern the main elements. The score is 0.8 because, while the image is not clear or straightforward, it is still possible to identify the key elements without relying on the presence or absence of the lights on the traffic signals."}, {"ans": [true, true, 1.0], "reasoning": "The image shows a skateboard that is covered in paint and appears to be lying on the ground. The skateboard is the main object in the image, and it is visible despite being covered in paint. The wheels of the skateboard are not visible, suggesting that they may be missing or obscured from view. The image is clear and well-lit, with good color and detail. Therefore, the answer to Question 1 is True, as the image is showing a skateboard. The answer to Question 2 is also True, as the wheels are not visible. The quality of the image is rated as 1, as it is clear and well-lit."}, {"ans": [true, false, 0.9], "reasoning": "The image clearly depicts a chessboard with pieces arranged on it, indicating that the main object is indeed a chessboard. The presence of both white and black pieces is visible, although the image is slightly blurry. The black pieces are not missing; they are visible on the board, answering the second question as false. The quality of the image is rated 0.9 due to the slight blurriness, but this does not affect the visibility of the key elements."}, {"ans": [true, true, 0.8], "reasoning": "The image shows a red sports car in a shop window, with a shattered glass effect over it. The sports car is clearly visible, so the answer to the first question is True. The brakes of the sports car are not visible as the image is focused on the side of the car and the front and back are not fully visible, so the answer to the second question is True. The quality of the image is rated 0.8 because while it is clear, the shattered glass effect and reflections create some distortion."}, {"ans": [true, true, 0.8], "reasoning": "The image prominently features an open book on a wooden surface, with pages fanned out. The book is the central focus, and it is clearly visible. The text within the book is not visible, suggesting that it is either missing or not legible. The overall quality of the image is high, with clear details of the book and its surroundings, although the background is somewhat blurred and faded."}, {"ans": [true, false, 0.9], "reasoning": "The image clearly shows a computer tower with its side panel removed, revealing the internal components. The internal components are well-lit and visible, indicating that the image is of good quality. The fans are visible on the left and right sides of the case, so they are not missing or invisible."}, {"ans": [true, true, 0.9], "reasoning": "The image depicts a scarecrow in a field, which is the main object. The scarecrow is made of straw and is dressed in a plaid shirt with flowers attached to it. The scarecrow appears to be without arms, as there are no visible limbs protruding from the body. The image is clear and well-lit, with a good view of the scarecrow and its surroundings. The quality of the image is high, with a score of 0.9 out of 1. The arms of the scarecrow are not visible, so the answer to the second question is true."}, {"ans": [true, true, 0.8], "reasoning": "The image appears to be an abstract representation of a knight, likely made from broken glass or similar materials. The overall shape and form suggest a knight in armor. However, the details are obscured, making it difficult to discern specific features such as a sword. The image is heavily textured and abstract, which affects its clarity but not necessarily its overall quality as an artistic piece. For Question 1, the image does depict a knight, so the answer is True. For Question 2, the sword is not clearly visible, so the answer is True. The quality of the image is rated 0.8 because, while it is a complex and detailed piece, the abstraction and texture make it difficult to discern certain elements clearly."}, {"ans": [true, false, 0.9], "reasoning": "The image clearly shows a teapot with a handle, spout, and lid, decorated with floral patterns. The handle is visible and not missing. The quality of the image is high, with clear details of the teapot and its surroundings, except for a slight blurriness in the background."}, {"ans": [false, false, 0.2], "reasoning": "The image is a distorted and abstract representation, likely due to being taken through a distorted or damaged lens or screen. It is difficult to discern any clear objects or features. For Question 1, the image does not clearly show a basketball hoop, so the answer is False. For Question 2, since there is no clear basketball hoop visible, the question about the net being missing or not visible does not apply directly, but the answer is False because there is no hoop to assess. The quality of the image is rated 0.2 due to its highly distorted and unclear nature, which makes it difficult to identify any objects or features."}, {"ans": [true, false, 0.9], "reasoning": "The image shows a dining table with a luxurious tablecloth and multiple glasses visible on the table. The table is set for a meal, with glasses and other tableware present. The glasses are clearly visible and not missing. The image is of high quality, with clear details of the table setting."}, {"ans": [true, true, 0.8], "reasoning": "The image shows a typewriter with its internal mechanisms exposed. The ribbon is not visible, suggesting it is either missing or not visible due to the angle or condition of the typewriter. The image is clear and well-lit, showing the details of the typewriter, hence the quality is rated high."}, {"ans": [true, true, 0.8], "reasoning": "The image shows a winter jacket hanging on a rack. The jacket appears to be a puffy, quilted design, which is typical of winter jackets. However, the zipper is not visible, suggesting that it may be missing or not visible. The image is clear and well-lit, but the presence of multiple jackets and the transparent plastic covering the rack creates some visual clutter. Overall, the image effectively conveys the presence of a winter jacket, but the zipper's visibility is unclear."}, {"ans": [false, false, 0.8], "reasoning": "The image is an artistic representation of a sunflower, with multiple layers and a dreamy quality. The main object in the image is a large sunflower, which is visible and prominent. However, the image is not a realistic photograph but rather an artistic interpretation, which may affect its clarity and detail. For Question 1, the image is showing a sunflower, so the answer is True. For Question 2, the seeds are visible on the sunflower, so the answer is False. The quality of the image is rated 0.8 because while it is visually striking and effectively conveys the subject, its artistic style and layering may reduce its clarity and realism."}, {"ans": [true, true, 0.8], "reasoning": "The image is a complex, layered depiction of various animals in a natural setting. Upon closer inspection, it is clear that there are multiple elephants present in the image. The central figure is an elephant, confirming that the image does show an elephant. However, the trunk of the central elephant is not clearly visible due to the layered and textured nature of the image, suggesting that it is either missing or not visible. The overall quality of the image is good, with a clear depiction of the scene, despite the complexity and layering."}, {"ans": [true, true, 0.8], "reasoning": "The image depicts a wooden boat, likely a rowboat, with a worn and weathered appearance. The boat is positioned in the foreground, facing away from the viewer, and is situated in a body of water surrounded by trees. The image does not clearly show any oars, and there is no visible sign of them inside or outside the boat. Therefore, it can be concluded that the oars are either missing or not visible. The image quality is relatively high, with clear details of the boat and its surroundings, hence a quality score of 0.8."}, {"ans": [true, false, 0.9], "reasoning": "The image clearly shows a snowman in the foreground, which is the main object. The snowman is decorated with various items, including what appears to be buttons or other objects on its body. The presence of the snowman directly answers Question 1. For Question 2, the buttons are visible on the snowman's body, so they are not missing or invisible. The image quality is rated 0.9 because it is clear and well-defined, with the main subject and background details easily discernible. The slight distortion due to the window reflection does not significantly detract from the overall quality."}, {"ans": [true, true, 0.8], "reasoning": "The image shows a fountain pen partially submerged in a clear liquid, likely water or ice, with the nib and part of the barrel visible. The pen appears to be the main object in the image. The ink within the pen is not visible, suggesting it might be missing or not visible due to the surrounding conditions. The image quality is good, with clear details of the pen and its surroundings, hence a quality score of 0.8."}, {"ans": [true, true, 1.0], "reasoning": "The image shows a paintbrush with a wooden handle and metal ferrule, but the bristles are not visible as they are likely submerged in the paint on the palette. The presence of the handle and ferrule indicates that it is a paintbrush, so the answer to the first question is True. Since the bristles are not visible, the answer to the second question is also True. The image is of high quality as it clearly shows the paintbrush handle and the paint on the palette, so the quality score is 1."}, {"ans": [true, true, 0.8], "reasoning": "The image shows a pair of eyeglasses with broken lenses and temples on a crumpled white surface. The main object, eyeglasses, is present in the image. The temples are not clearly visible due to the angle and the condition of the glasses, indicating they are either missing or not visible. The quality of the image is rated 0.8 because it is slightly blurry and the background is crumpled, but it does not affect the visibility of the key elements."}, {"ans": [true, true, 0.8], "reasoning": "The image clearly shows an umbrella being used by a person in a rainy street. The umbrella is the main object in the foreground, and it is black and appears to be wet. The ribs of the umbrella are not clearly visible due to the rain and the angle of the image. The image is of good quality, capturing the details of the scene despite the rain. The presence of the umbrella is clear, and the ribs are not visible, making the answer to the first question 'True' and the second question 'True'. The quality of the image is rated 0.8 because it is slightly blurry due to the rain but still captures the main elements clearly."}, {"ans": [false, false, 0.8], "reasoning": "The image does not show a wristwatch. Instead, it appears to be a close-up of mechanical gears or parts submerged in a clear liquid, possibly water or resin. The presence of gears and the overall composition suggest a mechanical or industrial theme rather than a wristwatch. Therefore, the answer to the first question is False. Since there is no wristwatch, the question about hour markers does not apply directly, but given the context, it's also False because there are no visible hour markers or a watch face. The quality of the image is rated 0.8 because it is clear and well-focused on the subject matter, even though it does not depict a wristwatch."}, {"ans": [true, false, 0.9], "reasoning": "The image shows a camping tent in a forest clearing. The tent is partially set up, with its fabric visible and some poles in place. The presence of the tent's fabric and the overall structure indicates that it is indeed a camping tent. Therefore, the answer to the first question is True. For the second question, the poles are visible and appear to be part of the tent's structure, so the answer is False. The image is clear and well-lit, showing the tent and its surroundings in detail, hence the quality score is 0.9."}, {"ans": [false, false, 0.1], "reasoning": "The image is heavily distorted and does not clearly depict a cuckoo clock or any recognizable object. The presence of a cuckoo clock is not evident, so the answer to the first question is False. Since there is no clear image of a cuckoo clock, it's not possible to determine if the weights are missing or not, but given the lack of a visible cuckoo clock, the second question is also not applicable in a meaningful way. The image quality is very poor, rated as 0.1, due to its heavy distortion and lack of clarity."}, {"ans": [true, true, 0.8], "reasoning": "The image shows a smartphone encased in a protective glass or plastic cover. The phone is positioned vertically and is reflected in the cover, making its details somewhat visible. The speaker grille is not visible due to the reflection and the cover, so it is considered missing or not visible. The image quality is rated 0.8 because, although the main object (the smartphone) is clear, the reflection and the cover obscure some details."}, {"ans": [true, true, 0.7], "reasoning": "The image depicts a severely damaged motorcycle, likely due to an accident or fire, with visible parts such as the engine and frame. The motorcycle is clearly identifiable, answering the first question affirmatively. However, the speedometer is not visible, likely due to the extensive damage, answering the second question affirmatively as well. The image quality is somewhat compromised by the presence of dirt, grime, and possibly water or other substances obscuring parts of the motorcycle, but it is still possible to identify the main object. The quality score is 0.7 because while the image is somewhat degraded, it is still clear enough to identify the motorcycle and its condition."}, {"ans": [true, true, 0.5], "reasoning": "The image is blurry and distorted, but it appears to show a violin bow lying on a red fabric. The bow is recognizable by its shape and the presence of a tip and a frog, although the details are not clear. The hair of the bow is not visible, suggesting it might be missing or not visible due to the poor image quality. The overall quality of the image is compromised by its blurriness and distortion, but this does not affect the assessment of whether the bow or its hair is visible."}, {"ans": [true, false, 1.0], "reasoning": "The image clearly shows a birdcage, which is the main object in question. The birdcage is ornate and appears to be hanging from a tree branch. Inside and around the cage, there are several birds and decorative elements. The perch is visible inside the cage, attached to its interior. Therefore, for Question 1, the answer is True because the image is showing a birdcage. For Question 2, the answer is False because the perch is not missing; it is visible inside the birdcage. The quality of the image is rated as 1 because it is clear and well-defined, with all elements visible and detailed."}, {"ans": [true, true, 0.8], "reasoning": "The image shows a statue, which is the main object. The statue appears to be a white marble sculpture of a figure with intricate details. The head of the statue is not visible, as it is either missing or not shown in the image. The quality of the image is rated 0.8 because it is clear and well-lit, allowing for a good view of the statue's details."}, {"ans": [true, false, 0.8], "reasoning": "The image is showing a teddy bear, so the answer to the first question is True. The teddy bear has a nose, so the answer to the second question is False. The image is clear and well-lit, but the quality is not perfect due to some slight blurriness and the presence of surrounding bedding, hence the quality score is 0.8."}, {"ans": [true, false, 0.8], "reasoning": "The image is showing a sneaker, which is the main object. The sneaker has laces that are visible, so the laces are not missing or not visible. The image quality is rated 0.8 because it appears to be a watercolor or painted representation, which might affect its clarity or realism, but it does not lack any key elements mentioned in the questions."}, {"ans": [true, false, 0.8], "reasoning": "The image clearly shows a refrigerator with its doors open, revealing the interior. The refrigerator is well-lit, and various items are visible inside, including food, drinks, and storage containers. The shelves and compartments within the refrigerator are also visible, indicating that the refrigerator is fully stocked. The door shelves are visible on the right-hand side of the refrigerator door, which means they are not missing. The image quality is good, with clear details of the contents and the interior of the refrigerator. However, the image is slightly overexposed, which might affect the visibility of some details. Nevertheless, the overall quality is sufficient to identify the main object and its components. Therefore, the answer to the first question is True, as the image is showing a refrigerator. The answer to the second question is False, as the door shelves are visible. The quality of the image is rated 0.8 out of 1, considering the slight overexposure but overall clear visibility of the refrigerator's interior and contents."}, {"ans": [true, false, 0.9], "reasoning": "The image depicts a group of people gathered around a campfire in a forest setting. The campfire is clearly visible and appears to be burning, as indicated by the flames and light emanating from it. Therefore, the answer to the first question is True. For the second question, since the flames are visible, the answer is False. The quality of the image is rated as 0.9 because it is clear and well-defined, with no significant issues that would detract from its overall quality."}, {"ans": [true, false, 0.8], "reasoning": "The image shows a drinking fountain, which is the main object in the image. The fountain appears to be made of metal and has a button or handle on the front. There is water visible inside the fountain, indicating that it is not missing. The image is clear and well-lit, with a visible background of a park or outdoor area. The quality of the image is good, with a score of 0.8 out of 1."}, {"ans": [true, true, 0.8], "reasoning": "The image depicts a revolver, which is the main object in question. The revolver is lying on a green fabric surface, and its details are somewhat obscured due to the image's texture and quality. Upon closer inspection, it appears that the trigger guard is not visible, suggesting it might be missing or not visible due to the angle or obstruction. The image quality is somewhat compromised due to its textured nature, but it does not affect the assessment of the presence of the revolver or the visibility of the trigger guard. Therefore, the answer to the first question is True because the image does show a revolver. The answer to the second question is also True because the trigger guard is not visible, aligning with the condition of being either missing or not visible."}, {"ans": [true, false, 0.8], "reasoning": "The image is showing a compass rose with a north arrow. The compass rose is visible in the center of the image, and it has a clear north arrow pointing upwards. The north arrow is visible and not missing. The image quality is good, with clear details of the compass rose and its components."}, {"ans": [true, false, 1.0], "reasoning": "The image depicts a futuristic cityscape with tall, sleek skyscrapers that are characteristic of a sci-fi setting. The buildings are predominantly tall and slender, fitting the description of skyscrapers. Upon closer inspection, the image reveals numerous windows on the skyscrapers, indicating that windows are not missing. The overall quality of the image is high, with clear details and vibrant colors, hence the quality score is 1."}, {"ans": [true, true, 0.8], "reasoning": "The image shows a conductor standing in front of an orchestra, with his back to the camera and his arms raised. The conductor is wearing a dark suit and appears to be leading the orchestra. The image is slightly blurry, but it is clear that the conductor is the main focus. The baton is not visible in the conductor's hand, and it is not clear if he is holding it or not. Therefore, the answer to the first question is True, as the image is showing a conductor. The answer to the second question is also True, as the baton is not visible. The quality of the image is rated 0.8, as it is slightly blurry but still clear enough to identify the main elements."}, {"ans": [true, false, 0.8], "reasoning": "The image shows a soccer field with two visible soccer goals, one on the left and one on the right side of the image. The goals appear to be complete with crossbars. Therefore, the answer to the first question is True because the image is showing a soccer goal. For the second question, the crossbar is visible on both goals, so the answer is False because the crossbar is not missing or invisible. The quality of the image is rated 0.8 because it is clear and well-lit, showing the details of the soccer field and goals."}, {"ans": [true, true, 0.8], "reasoning": "The image is a multiple exposure photograph showing a laboratory setting with various pieces of equipment, including what appears to be a microscope. The microscope is visible but distorted due to the multiple exposures. The lenses of the microscope are not clearly visible, suggesting they are either missing or not visible due to the distortion. The image quality is somewhat compromised by the multiple exposures, but it is still possible to identify the main objects. The quality score is 0.8 because the image is not sharp due to the multiple exposures, but it does not lack key elements necessary for understanding the scene."}]