[{"ans": [true, false, 1.0], "reasoning": "The image depicts a sailboat with its sail visible and not furled or otherwise obscured. The boat is on the water, and the sail is clearly visible, indicating that the sails are present and visible. The image is clear and of high quality, with no visible artifacts or distortions."}, {"ans": [true, false, 1.0], "reasoning": "The image clearly shows a bicycle leaning against a brick wall. The bicycle is red with a brown seat and black handlebars. The chain is visible and appears to be intact, connecting the pedals to the gears on the back wheel. The image is sharp and well-lit, with no visible artifacts or distortions. Therefore, the answer to Question 1 is True because the image is showing a bicycle. The answer to Question 2 is False because the chain is visible and not missing. The quality of the image is rated as 1 because it is clear and well-defined, with no noticeable issues."}, {"ans": [true, false, 0.95], "reasoning": "The image clearly shows a cat, so the answer to the first question is True. The cat's whiskers are visible, so the answer to the second question is False. The image is of high quality, with clear details and no visible artifacts or distortions, so the quality score is 0.95. The slight deduction from 1 is due to the minor blurring in the background, but it does not affect the main subject."}, {"ans": [true, true, 0.95], "reasoning": "The image depicts a stone archway that appears to be part of a castle or a fortified structure, given its design and the presence of walls on either side. The archway is open, and there are no visible gates. The image is clear and well-defined, with no noticeable artifacts, blurring, or other issues that would detract from its quality. The main object, the castle/archway, is clearly visible. The gates are not present or visible, so the answer to whether they are missing or not visible is true."}, {"ans": [true, false, 1.0], "reasoning": "The image clearly depicts a hot-air balloon with a visible basket. The balloon is centered in the frame, and the basket is suspended beneath it, containing silhouetted figures. The image is sharp and well-defined, with no visible artifacts, blurring, or other quality issues. The presence of the basket is evident, so the answer to the second question is false. The overall quality of the image is high, warranting a score of 1.0."}, {"ans": [true, false, 1.0], "reasoning": "The image clearly shows a turtle with a visible shell. The turtle is centered in the image, and its shell is fully visible, indicating that the shell is not missing or invisible. The image is of high quality, with clear details and no visible artifacts or distortions."}, {"ans": [true, false, 1.0], "reasoning": "The image clearly shows a train at a station, with its front facing the viewer. The train is silver and has a modern design. The wheels are not directly visible from the front view, but the presence of tracks and the train's positioning on them indicate that it is on its wheels. The image is sharp and well-lit, with no visible artifacts or distortions. Therefore, the main object (the train) is present, and the wheels are not missing or invisible; they are simply not visible from the given angle. The image quality is high."}, {"ans": [true, false, 0.9], "reasoning": "The image clearly shows a pair of eyeglasses with lenses. The lenses are visible and not missing. The image is sharp and well-lit, with a clear view of the eyeglasses on a white surface. The quality is high, with no noticeable artifacts or blurring. However, the background is slightly out of focus, which slightly reduces the overall quality score to 0.9."}, {"ans": [true, false, 1.0], "reasoning": "The image clearly shows two fountain pens, one with the nib visible and the other with the cap on. The nib is visible on both pens, indicating that it is not missing. The image is of high quality, with clear details and no visible artifacts or distortions."}, {"ans": [true, false, 1.0], "reasoning": "The image clearly shows an umbrella with a canopy, so the answer to Question 1 is True. The canopy is visible, so the answer to Question 2 is False. The image is sharp and clear, with no visible artifacts or distortions, so the quality score is 1.0."}, {"ans": [true, false, 1.0], "reasoning": "The image clearly shows an airplane on a runway, with its wings visible on both sides. The airplane is centered in the image, and its wings are fully visible, indicating that they are not missing. The image is of high quality, with no visible artifacts, blurring, or other issues that would affect its clarity."}, {"ans": [true, true, 0.95], "reasoning": "The image is showing a desk lamp with a brass finish and an open book on a wooden table. The lamp's shade is positioned above the book, and there is no visible bulb inside the lamp. The image is clear and well-lit, with no visible artifacts or distortions. The quality of the image is high, with a score of 0.95 out of 1. The main object, the desk lamp, is present in the image. The bulb is not visible, so it is considered missing."}, {"ans": [true, false, 1.0], "reasoning": "The image clearly shows an electric guitar with a visible neck, body, and other characteristic features such as pickups and knobs. The neck is present and visible, extending upwards from the body of the guitar. The image is sharp and well-defined, with no visible artifacts or distortions that would detract from its quality."}, {"ans": [true, false, 1.0], "reasoning": "The image clearly depicts a fish, so the answer to the first question is True. The fish has visible fins, so the answer to the second question is False. The image is of high quality with no visible artifacts or distortions, so the quality score is 1.0."}, {"ans": [true, false, 1.0], "reasoning": "The image depicts a small, red brick house with a tiled roof situated in a field. The house is centered in the image and appears to be a cottage. The roof is clearly visible, indicating that it is not missing. The image is of high quality, with no visible artifacts, blurring, or other issues that would detract from its clarity."}, {"ans": [true, false, 0.9], "reasoning": "The image is taken from inside a vintage car, showing its red interior and steering wheel. The windshield is visible and not missing. The image is clear and well-focused, with no noticeable artifacts or distortions. The quality is high, but not perfect due to a slight blur in the background."}, {"ans": [true, false, 1.0], "reasoning": "The image is showing a keyboard with a visible spacebar. The spacebar is present and clearly visible, so it is not missing or invisible. The image is of high quality, with clear and distinct keys, and no visible artifacts or distortions."}, {"ans": [true, false, 0.9], "reasoning": "The image clearly depicts an owl perched on a branch, with detailed feathers visible. The owl is centered and prominent, indicating the presence of the main object. The feathers are not missing or invisible; they are detailed and visible across the owl's body. The image is of high quality, with clear details and no visible artifacts or distortions that would significantly impact the perception of the owl or its feathers. The slight reduction in quality score is due to a minor texture or grain visible upon close inspection, but it does not detract from the overall clarity of the image."}, {"ans": [true, false, 1.0], "reasoning": "The image is showing a book with a brown leather cover and blank white pages. The pages are visible as the book is lying open, so they are not missing or not visible. The image is clear and of high quality, with no visible artifacts, blurring, or other issues."}, {"ans": [true, false, 1.0], "reasoning": "The image clearly depicts a lighthouse, which is the main object in question. The lighthouse is standing on a rocky outcrop with a cloudy sky in the background. The lamp is visible inside the glass enclosure at the top of the lighthouse, indicating that it is not missing or invisible. The image is clear and well-defined, with no visible artifacts, blurring, or other issues that would affect its quality. Therefore, the quality is rated as 1."}, {"ans": [true, false, 1.0], "reasoning": "The image shows a beige armchair with visible legs on a patterned rug. The main object, an armchair, is present, so the answer to the first question is True. The legs of the chair are visible, so the answer to the second question is False. The image is clear and well-lit, with no visible artifacts or distortions, so the quality score is 1.0."}, {"ans": [true, false, 1.0], "reasoning": "The image clearly shows a deer with antlers standing in a forest. The deer is centered and visible, indicating that the main object is present. The antlers are also clearly visible on the deer's head, so they are not missing or invisible. The image is of high quality, with clear details and no visible artifacts or distortions."}, {"ans": [true, false, 1.0], "reasoning": "The image clearly shows an envelope with a visible flap. The envelope is white and centered on a marble surface. The flap is partially open and visible on the top right side of the envelope. The image is sharp and well-lit, with no visible artifacts or distortions. Therefore, the main object (envelope) is present, and the flap is visible, so the answer to the first question is True, and the answer to the second question is False. The quality of the image is high, so the quality score is 1."}, {"ans": [true, true, 1.0], "reasoning": "The image clearly shows a wall clock on a white wall above a wooden table. The clock face is white with black hands and markings but lacks numbers. The presence of the clock answers the first question affirmatively. For the second question, the numbers are indeed missing from the clock face, so the answer is true. The image is of high quality, with clear details and no visible artifacts or distortions, thus the quality score is 1.0."}, {"ans": [true, false, 1.0], "reasoning": "The image depicts an astronaut in a white space suit floating in a swimming pool. The space suit is fully visible and includes a helmet with a reflective visor. The image is clear and well-defined, showing the details of the space suit and the surrounding water. There are no visible artifacts, blurring, or other issues that would affect the quality of the image. Therefore, the answer to Question 1 is True because the image is showing a space suit with a helmet. The answer to Question 2 is False because the helmet is present and visible. The quality of the image is rated 1.0 because it is clear and free of defects."}, {"ans": [true, false, 0.9], "reasoning": "The image clearly shows a windmill with its blades visible, standing in a field of wheat. The windmill is the main object in the image and is easily identifiable. The blades are also clearly visible, attached to the central hub of the windmill. The image is sharp and well-defined, with no visible artifacts or distortions that would detract from its quality. The only reason for not giving it a perfect score is the slight gradient effect in the sky, which could be considered a minor artifact. However, it does not significantly impact the overall clarity or quality of the image."}, {"ans": [true, true, 0.95], "reasoning": "The image clearly shows a tree without leaves, as evidenced by the bare branches and the visible trunk. The sun is shining through the branches, creating a striking contrast. The image is well-defined and lacks significant artifacts or distortions, hence the high quality score of 0.95. The main object, a tree, is present, so the answer to the first question is True. The leaves are missing, so the answer to the second question is also True."}, {"ans": [true, true, 1.0], "reasoning": "The image shows a yellow school bus, which is a type of bus. The doors are not visible as the image only shows the side of the bus, and the front or back doors are not in view. The image is clear and of high quality, with no visible artifacts or distortions."}, {"ans": [true, false, 1.0], "reasoning": "The image shows a laptop on a wooden table. The laptop is open and facing the camera, with its screen visible but blank (white). The main object in the image is indeed a laptop, so the answer to the first question is True. The screen is visible, so it is not missing or not visible, making the answer to the second question False. The image is clear and well-lit, with no visible artifacts, blurring, or other issues that would affect its quality, so the quality score is 1.0."}, {"ans": [true, true, 1.0], "reasoning": "The image clearly shows a trumpet, which is the main object in question. The trumpet is depicted without a mouthpiece, as the part where the mouthpiece is typically attached is visible and empty. The image is of high quality, with clear details and no visible artifacts or distortions. The trumpet is centered and well-lit, making it easy to identify. The quality of the image is rated as 1 because it is clear and well-defined, with no issues that would detract from the viewer's ability to see the trumpet."}, {"ans": [true, false, 1.0], "reasoning": "The image clearly depicts a robot with a head, standing in a laboratory or workshop setting. The robot is white with black mechanical parts and has a humanoid appearance. The head is visible and not missing, so the answer to the second question is False. The image is of high quality, with clear details and no visible artifacts or distortions, so the quality score is 1."}, {"ans": [true, false, 1.0], "reasoning": "The image shows a candle, which is the main object. The wick is visible as a small dot on the top surface of the candle, indicating that it is present and not missing. The image is clear and well-lit, with no visible artifacts or distortions, hence the quality score is 1.0."}, {"ans": [true, false, 1.0], "reasoning": "The image is showing a pizza with cheese, so the answer to the first question is True. The cheese is visible on the pizza, so the answer to the second question is False. The image is clear and well-defined, with no visible artifacts or distortions, so the quality score is 1."}, {"ans": [true, false, 1.0], "reasoning": "The image is showing a DSLR camera with a lens attached to it. The lens is clearly visible, so it is not missing. The image is of high quality, with no visible artifacts, blurring, or other issues that would affect the quality score."}, {"ans": [true, false, 1.0], "reasoning": "The image clearly depicts a grand piano on a stage in an auditorium. The piano is centered and visible, with its keys facing the viewer. The keys are clearly visible, indicating that they are not missing or invisible. The image is well-rendered, with clear details and no visible artifacts or distortions. Therefore, the answer to Question 1 is True, as the image is showing a piano. The answer to Question 2 is False, as the keys are visible. The quality of the image is rated as 1, indicating high quality with no noticeable issues."}, {"ans": [true, false, 1.0], "reasoning": "The image clearly shows a paintbrush with bristles next to a paint palette. The paintbrush is the main object in the image, and it is visible with its bristles intact. Therefore, the answer to the first question is True. For the second question, the bristles are visible, so the answer is False. The image is of high quality, with clear and sharp details, and there are no visible artifacts or distortions. Hence, the quality score is 1.0."}, {"ans": [true, false, 1.0], "reasoning": "The image clearly shows a watch with a strap. The watch face is visible and the strap is attached to it on both sides. The strap is also clearly visible, so it is not missing or not visible. The image is of high quality, with no visible artifacts, blurring, or other issues that would affect the quality score."}, {"ans": [true, false, 1.0], "reasoning": "The image is a close-up of a young man's face with his mouth open and tongue out. The mouth is clearly visible, and the tongue is also visible, so the answer to the first question is True. Since the tongue is visible, the answer to the second question is False. The image is clear and of high quality, with no visible artifacts or distortions, so the quality score is 1.0."}, {"ans": [true, false, 0.95], "reasoning": "The image clearly shows a motorcycle with handlebars. The handlebars are visible and appear to be intact. The image is well-lit and the motorcycle is centered, making it easy to see. The quality of the image is high, with no visible artifacts or blurring. The only reason the quality score is not 1 is due to the slight reflection on the ground, but it does not detract from the overall clarity of the image."}, {"ans": [true, false, 1.0], "reasoning": "The image clearly shows a vintage television set on a wooden cabinet. The television has a visible screen, although it is not displaying any content. The image is sharp and well-lit, with no visible artifacts or distortions. Therefore, the answer to Question 1 is True because the image is showing a television. The answer to Question 2 is False because the screen is visible. The quality of the image is rated 1.0 because it is clear and well-rendered, with no noticeable issues."}, {"ans": [true, false, 1.0], "reasoning": "The image clearly shows a goat standing on a rocky outcrop. The goat is white and has two visible horns on its head. The image is sharp and well-defined, with no visible artifacts or distortions that would affect the quality. The main object (the goat) is clearly visible, and the horns are also visible, so the answer to the first question is True. Since the horns are visible, the answer to the second question is False. The quality of the image is high, so the quality score is 1.0."}, {"ans": [true, false, 1.0], "reasoning": "The image clearly shows a red sneaker with white laces, indicating that the main object (sneaker) is present. The laces are visible, so they are not missing or not visible. The image is of high quality with no visible artifacts, blurring, or other issues that would affect the quality score."}, {"ans": [true, false, 0.9], "reasoning": "The image clearly shows a green frog sitting on a lily pad, with its eyes visible and clearly discernible. The image is sharp and well-defined, indicating good quality. The main object, the frog, is present, and its eyes are visible, so the answer to the first question is True. Since the eyes are visible, the answer to the second question is False. The image quality is rated 0.9 because it is clear and detailed, with no noticeable artifacts or distortions."}, {"ans": [true, false, 1.0], "reasoning": "The image shows a white porcelain mug with a blue floral pattern on it, accompanied by a matching saucer. The mug has a handle on its right side, which is clearly visible. The presence of the mug in the image directly answers the first question. For the second question, since the handle is visible, it is not considered missing or not visible. The image is of high quality, with clear details and no visible artifacts or distortions."}, {"ans": [true, false, 0.95], "reasoning": "The image clearly shows a saxophone, which is the main object in question. The saxophone is depicted with its keys visible, indicating that the keys are not missing. The image is of high quality, with clear details of the saxophone's structure, although there is a slight texture visible on the background, the overall clarity and lack of significant artifacts or distortion warrant a high-quality score."}, {"ans": [true, false, 1.0], "reasoning": "The image clearly shows a skateboard with four yellow wheels attached to it. The skateboard is placed on a brick-paved surface, and the wheels are visible and not missing. The image is well-lit, and there are no visible artifacts or distortions that would affect the quality. Therefore, the answer to Question 1 is True because the image is showing a skateboard. The answer to Question 2 is False because the wheels are not missing or invisible; they are clearly visible. The quality of the image is rated as 1 because it is clear and well-defined, with no noticeable issues."}, {"ans": [true, false, 1.0], "reasoning": "The image is showing a fedora hat with a visible brim. The hat is centered in the image and is displayed on a stand. The brim is clearly visible and not missing. The image is of high quality, with clear details and no visible artifacts or distortions."}, {"ans": [true, false, 1.0], "reasoning": "The image clearly shows a motorcycle helmet with the visor in place and visible. The helmet is positioned on a wooden table against a plain background, and the image is sharp and well-lit, indicating high quality."}, {"ans": [true, true, 1.0], "reasoning": "The image shows a bedframe without a mattress. The bedframe is the main object in the image, and it is clearly visible. The mattress is not present on the bedframe, so it is considered missing. The image is of high quality, with clear details and no visible artifacts or distortions."}, {"ans": [true, false, 1.0], "reasoning": "The image depicts a clock tower with two visible clock faces, one on the front and one on the side. The tower is made of red brick and has an arched passageway at its base. The clock faces are white with black Roman numerals and hands. The image is clear and well-lit, showing the details of the tower and its surroundings. Therefore, the answer to Question 1 is True because the image is showing a clock tower. The answer to Question 2 is False because the clock face is visible. The quality of the image is rated 1.0 because it is clear and free of artifacts or distortions."}, {"ans": [true, false, 1.0], "reasoning": "The image is a clear and detailed representation of a pocket watch. The pocket watch is centered in the image, and its face is clearly visible. The watch has a white face with black Roman numerals and a gold casing. The hands of the watch are also visible, indicating that it is not missing any hands. The background of the image is a soft, pink fabric that provides a subtle contrast to the watch. Overall, the image is well-lit and free of any significant artifacts or distortions."}, {"ans": [true, false, 0.95], "reasoning": "The image clearly shows a bicycle leaning against a wall. The bicycle has a red frame, black handlebars, and silver components. The pedals are visible and appear to be attached to the crankset. The overall condition of the image is clear and well-defined, with no noticeable artifacts or distortions that would affect the visibility of the bicycle or its components. The quality of the image is high, with a score of 0.95 out of 1. The main object, the bicycle, is clearly visible, and the pedals are also visible, indicating that they are not missing."}, {"ans": [true, false, 0.9], "reasoning": "The image is a digital painting of a woman's portrait. The woman has brown hair and eyes, and is wearing a black shirt. The background is a light beige color. The image is clear and well-defined, with no visible artifacts or distortions. The woman's eyes are clearly visible, so the answer to the second question is False. The quality of the image is high, with a score of 0.9 out of 1. The slight deduction is due to the image being a digital painting, which may not be as realistic as a photograph."}, {"ans": [true, true, 0.9], "reasoning": "The image shows a grand piano on a stage with spotlights shining down. The piano's lid is open, and the interior is visible. However, the hammers inside the piano are not visible due to the angle and lighting. The image is well-rendered with clear details, but the darkness and shadows cast on parts of the piano and the stage slightly affect its quality."}, {"ans": [true, false, 1.0], "reasoning": "The image clearly shows a sailing ship with its sails visible and intact. The main object, a sailing ship, is present in the image, so the answer to the first question is True. The sails are visible and not missing, so the answer to the second question is False. The image is of high quality with clear details, no artifacts, and natural colors, so the quality score is 1."}, {"ans": [true, false, 0.9], "reasoning": "The image depicts a large tree with a wide canopy and visible leaves. The tree's trunk is thick and sturdy, with branches that stretch out in all directions. The leaves are green and appear to be healthy. The tree is situated in a grassy field, with other trees visible in the background. The sky above is clear and blue. The image is well-lit, with the sun shining down on the tree, casting dappled shadows on the ground below. The overall atmosphere is one of serenity and tranquility. The image is of high quality, with clear details and no visible artifacts or distortions."}, {"ans": [true, false, 0.95], "reasoning": "The image shows a small stone cottage with a brown door and a window. The door is clearly visible, so the answer to the second question is False. The main object, the cottage, is present, so the answer to the first question is True. The image is clear and well-defined, with no visible artifacts or distortions, so the quality score is high at 0.95. The only reason for not giving it a perfect score is the presence of some dead leaves on the ground, but this is a natural part of the scene and not a defect in the image quality."}, {"ans": [true, false, 1.0], "reasoning": "The image clearly shows a passenger jet on a runway. The wings of the jet are visible, indicating that they are not missing. The image is sharp and clear, with no visible artifacts or distortions that would affect its quality."}, {"ans": [true, true, 1.0], "reasoning": "The image clearly shows a wristwatch with a white face and black hands, placed on a leather surface. The watch face does not have numbers, only short black lines indicating the hours. The image is sharp and well-lit, with no visible artifacts or distortions. Therefore, the answer to Question 1 is True because the image is showing a wristwatch. The answer to Question 2 is True because the numbers are not visible on the wristwatch face. The quality of the image is rated 1.0 because it is clear and well-defined, with no noticeable issues."}, {"ans": [true, false, 0.95], "reasoning": "The image is clearly showing a pizza with cheese and other toppings. The cheese is visible and not missing. The image is of high quality with clear details and no visible artifacts or distortions. The slight decrease in quality score is due to the image being a rendering, which might not be perfectly realistic."}, {"ans": [true, false, 0.9], "reasoning": "The image clearly shows traffic signals with visible lights, indicating that the main object (traffic signals) is present. The lights are visible and not missing, so the answer to the second question is false. The image quality is generally good, with clear details of the cityscape and the traffic signals, although the bright sunlight in the background may cause some slight overexposure."}, {"ans": [true, false, 1.0], "reasoning": "The image clearly shows a skateboard with wheels. The skateboard is positioned on a concrete surface, and all four wheels are visible. The image is well-lit, with clear details of the skateboard and its components. There are no visible artifacts, blurring, or other issues that would affect the quality of the image."}, {"ans": [true, true, 0.9], "reasoning": "The image clearly shows a chessboard with pieces arranged on it. The chessboard is the main object and is present, so the answer to the first question is True. The black pieces are not visible on the chessboard; only the white pieces are present. Therefore, the answer to the second question is True because the black pieces are missing. The image is of high quality, with clear details and no visible artifacts or distortions that would affect the visibility of the chessboard or the pieces. The quality score is 0.9, deducting 0.1 for the unnatural purple background which might be considered slightly distracting but does not significantly impact the main subject."}, {"ans": [true, true, 0.95], "reasoning": "The image is showing a red Ferrari sports car, which is a sports car. The brakes are not visible as the image is taken from the side and the brake calipers are not visible behind the wheels. The image is of high quality, with clear details and no visible artifacts or distortions. The only reason the quality score is not 1 is because of the slight reflection on the floor which might be considered a minor artifact."}, {"ans": [true, false, 1.0], "reasoning": "The image is showing a book with visible text on its pages. The text is clearly legible, indicating that it is not missing or invisible. The image is of high quality with no visible artifacts, blurring, or other issues that would detract from its clarity. Therefore, the answer to Question 1 is True because the image is showing a book. The answer to Question 2 is False because the text is visible on the book's pages. The quality score is 1, indicating that the image is of very high quality."}, {"ans": [true, false, 1.0], "reasoning": "The image clearly shows a computer tower with its side panel removed, revealing the internal components. The presence of fans is evident, as they are visible and illuminated with purple light. Therefore, the answer to Question 1 is True because the image is showing a computer tower. The answer to Question 2 is False because the fans are visible. The quality of the image is rated as 1 because it is clear, well-lit, and free of artifacts or distortions."}, {"ans": [true, false, 1.0], "reasoning": "The image is clearly showing a scarecrow standing in a field of wheat. The scarecrow is wearing a red plaid shirt and blue jeans, and has a straw hat on its head. Its arms are visible and made of straw, attached to the shirt. The image is sharp and clear, with no visible artifacts or distortions. The scarecrow's arms are clearly visible, so they are not missing or invisible."}, {"ans": [true, true, 0.9], "reasoning": "The image depicts a man in armor, which is consistent with the representation of a knight. The main object, the knight, is present in the image. However, upon closer inspection, it is evident that the knight is not holding a sword, and there is no visible sword in the image. The quality of the image is generally high, with clear details and no significant artifacts or distortions, although there are some minor texture and brush stroke effects visible, likely due to the painting style. The overall quality is rated 0.9 due to these minor effects."}, {"ans": [true, false, 1.0], "reasoning": "The image clearly shows a teapot with a handle, spout, and lid, placed on a bamboo mat on a table. The teapot is white with a floral design. The handle is visible on the right side of the teapot. The image is clear and well-lit, with no visible artifacts or distortions. Therefore, the answer to Question 1 is True because the image is showing a teapot. The answer to Question 2 is False because the handle is visible. The quality of the image is rated 1.0 because it is clear and well-rendered, with no noticeable issues."}, {"ans": [true, false, 1.0], "reasoning": "The image clearly shows a basketball hoop with a net. The hoop is orange and attached to a white backboard, which is mounted on a black pole. The net is white and visible, hanging from the hoop. The background is a clear blue sky, indicating a sunny day. The image is sharp and well-lit, with no visible artifacts or distortions. Therefore, the answer to Question 1 is True because the image is showing a basketball hoop. The answer to Question 2 is False because the net is visible. The quality of the image is rated 1.0 because it is clear and well-defined, with no noticeable issues."}, {"ans": [true, false, 1.0], "reasoning": "The image is showing a dining table setting with a white plate, silverware, and glasses. The main object, the dining table, is present. The glasses are visible on the table, so they are not missing. The image is clear and well-lit, with no visible artifacts or distortions, indicating a high-quality image."}, {"ans": [true, false, 1.0], "reasoning": "The image clearly shows a typewriter with a ribbon visible between the red parts. The typewriter is centered and well-lit, with no visible artifacts or distortions. The ribbon is present and visible, indicating that it is not missing."}, {"ans": [true, false, 1.0], "reasoning": "The image shows a winter jacket hanging on a hanger against a white wall. The jacket is a puffy, cream-colored coat with a fur-lined hood and buttons down the front. The zipper is visible and appears to be zipped up partially. The image is clear and well-lit, with no visible artifacts or distortions. The main object, the winter jacket, is present and clearly visible. The zipper is also visible, indicating that it is not missing. Therefore, the answer to Question 1 is True, and the answer to Question 2 is False. The quality of the image is rated as 1.0, indicating that it is of high quality."}, {"ans": [true, false, 1.0], "reasoning": "The image clearly shows a sunflower with its face directly towards the camera. The seeds are visible in the center of the sunflower, indicating that they are not missing. The image is sharp and clear, with no visible artifacts or distortions, hence the quality is rated as 1.0."}, {"ans": [true, false, 1.0], "reasoning": "The image clearly shows an elephant with its trunk visible and fully intact. The main object in the image is an elephant, which directly answers the first question. For the second question, the trunk is not missing or invisible; it is clearly visible and being used by the elephant as it walks down the dirt road. The image is of high quality, with clear details and no visible artifacts or distortions that would affect the visibility of the elephant or its trunk."}, {"ans": [true, true, 1.0], "reasoning": "The image depicts a wooden rowboat floating on a serene lake, with its bow facing the camera. The boat is empty and does not have oars inside it or visibly attached to it. The image is clear and well-defined, showing the details of the boat and its surroundings without any visible artifacts or distortions. Therefore, the answer to Question 1 is True because the image is showing a rowboat. The answer to Question 2 is also True because the oars are not visible in the image. The quality of the image is rated as 1.0 because it is clear and free of noticeable issues."}, {"ans": [true, false, 0.95], "reasoning": "The image is showing a snowman with a hat and scarf, and it has buttons visible on its body. The main object in the image is a snowman, so the answer to the first question is True. The buttons are visible on the snowman's body, so the answer to the second question is False. The image is clear and well-defined, with no visible artifacts or distortions, so the quality score is 0.95."}, {"ans": [true, false, 1.0], "reasoning": "The image shows a fountain pen on top of a notebook, with an ink container in the background. The pen is black with gold accents and is lying on its side on the notebook. The nib is visible and appears to be made of gold. The ink container is clear glass with a gold lid and contains dark red ink. The notebook is white and has a smooth cover. The background is a gray surface, possibly a table or desk. The image is well-lit and has a high level of detail, with no visible artifacts or distortions. The main object, the fountain pen, is clearly visible, so the answer to Question 1 is True. The ink is visible inside the ink container, so the answer to Question 2 is False. The image quality is high, with no visible issues, so the quality score is 1.0."}, {"ans": [true, false, 1.0], "reasoning": "The image clearly shows a paintbrush with visible bristles next to a paint palette. The paintbrush is the main object in the image, and it is clearly visible and well-defined. The bristles are also visible and appear to be intact. The image is of high quality, with no visible artifacts, blurring, or other issues that would affect the visibility of the main object or its details. Therefore, the answer to Question 1 is True, as the image is showing a paintbrush. The answer to Question 2 is False, as the bristles are not missing or invisible; they are clearly visible. The quality of the image is rated as 1.0, indicating that it is of very high quality."}, {"ans": [true, false, 1.0], "reasoning": "The image clearly shows a pair of eyeglasses on top of a book. The eyeglasses have round lenses and metal frames with temples, which are visible and not missing. The image is sharp and well-lit, with no visible artifacts or distortions. Therefore, the answer to Question 1 is True because the image is showing eyeglasses. The answer to Question 2 is False because the temples are visible and not missing. The quality of the image is rated 1 because it is clear and well-defined, with no issues affecting its quality."}, {"ans": [true, false, 0.9], "reasoning": "The image clearly shows a person holding an umbrella on a rainy day. The umbrella is visible and appears to be intact, with its ribs visible under the fabric. The image is well-lit and the details are clear, indicating a high-quality image. The presence of the umbrella is evident, and the ribs are visible, so the answer to the first question is True. Since the ribs are visible, the answer to the second question is False. The quality of the image is high, with no noticeable artifacts or blurring, so the quality score is 0.9."}, {"ans": [true, false, 1.0], "reasoning": "The image clearly shows a wristwatch with a visible face and mechanical components. The hour markers are present on the watch face, indicated by short lines and small squares around the dial. The image is of high quality, with clear details and no visible artifacts or distortions."}, {"ans": [true, false, 1.0], "reasoning": "The image clearly shows a camping tent with its fabric and poles visible, indicating that it is indeed a camping tent. The poles are present and visible, supporting the structure of the tent. The image is of high quality, with clear details and no visible artifacts or distortions. Therefore, the answer to the first question is True, and the answer to the second question is False. The quality of the image is rated as 1."}, {"ans": [true, false, 1.0], "reasoning": "The image depicts a traditional cuckoo clock with a wooden structure, a clock face, and decorative elements such as deer figures and pine cones hanging from the bottom. The clock is mounted on a wooden wall, and the overall design is consistent with traditional cuckoo clocks. The presence of the pine cones hanging from the bottom indicates that the weights are not missing; they are simply designed to resemble pine cones, which is a creative and thematic touch. The image is clear and well-defined, with no visible artifacts, blurring, or other issues that would detract from its quality."}, {"ans": [true, true, 0.95], "reasoning": "The image shows a smartphone with a black back and a reflective surface, indicating it is likely a glossy finish. The phone is positioned at an angle, showing its bottom edge where several small holes are visible, likely representing the speaker grille. However, the speaker grille is not visible from the current angle on the front or back, and the bottom edge is partially visible but not clearly showing the grille's presence or absence. The image is clear and well-lit, with shadows cast on the phone and the background, indicating a high-quality image. The quality score is 0.95 because the image is sharp and clear, with no visible artifacts or distortions."}, {"ans": [true, false, 0.9], "reasoning": "The image clearly shows a motorcycle with a visible speedometer. The main object, the motorcycle, is present and centered in the image. The speedometer is also visible and not missing. The image is sharp and clear, with no significant artifacts or distortions that would affect the visibility of the motorcycle or its components. The quality of the image is high, with a score of 0.9, as it is well-focused and has natural colors."}, {"ans": [true, true, 1.0], "reasoning": "The image clearly shows a violin bow. The bow is lying on a red fabric background, and it is evident that the hair of the bow is not visible, indicating it is either missing or not visible. The overall quality of the image is high, with clear details of the bow and no visible artifacts or distortions."}, {"ans": [true, true, 0.9], "reasoning": "The image clearly shows a birdcage hanging from a ceiling. The birdcage is the main object in the image and is easily identifiable. Upon closer inspection, it is evident that there is no visible perch inside the birdcage. The image is of high quality, with clear details and no visible artifacts or distortions that would detract from the overall clarity of the image. The lighting is well-balanced, and the colors are natural and vibrant. Therefore, the answer to Question 1 is True because the image is showing a birdcage. The answer to Question 2 is also True because the perch is not visible inside the birdcage. The quality of the image is rated as 0.9 due to its high clarity and lack of noticeable issues."}, {"ans": [true, false, 1.0], "reasoning": "The image is showing a statue of a woman with a head, standing in a classical architectural setting with columns. The statue is clearly visible and appears to be well-rendered, with detailed drapery and facial features. The head is present and visible, so the answer to the second question is False. The image is of high quality, with no visible artifacts or distortions, so the quality score is 1.0."}, {"ans": [true, false, 1.0], "reasoning": "The image clearly shows a teddy bear sitting on a bed. The teddy bear has a distinct nose, which is visible and not missing. The image is of high quality, with clear details and no visible artifacts or distortions."}, {"ans": [true, false, 0.95], "reasoning": "The image clearly shows a pair of white sneakers with laces. The laces are visible and appear to be properly tied. The image is well-lit, and the sneakers are centered on a gray rug against a white wall, with good clarity and no visible artifacts or distortions that would affect the quality. The quality score is 0.95 because the image is very clear and well-composed, with no noticeable issues."}, {"ans": [true, false, 1.0], "reasoning": "The image shows a refrigerator with its doors open, revealing the interior. The main object, a refrigerator, is clearly visible. The door shelves are also visible on both sides of the refrigerator doors. Therefore, the answer to Question 1 is True because the image is showing a refrigerator. The answer to Question 2 is False because the door shelves are not missing; they are visible on the doors. The quality of the image is rated 1.0 because it is clear and well-defined, with no visible artifacts, blurring, or other issues that would detract from its quality."}, {"ans": [true, false, 0.9], "reasoning": "The image depicts a group of people gathered around a large campfire in a forest, with flames clearly visible. The presence of the campfire and the people around it indicates that the image is showing a campfire with flames. Therefore, the answer to the first question is True. For the second question, since the flames are clearly visible, the answer is False. The quality of the image is rated 0.9 because it is clear and well-defined, with no noticeable artifacts or distortions that would detract from the overall quality."}, {"ans": [true, true, 0.9], "reasoning": "The image depicts a drinking fountain situated on the edge of a pathway in a park. The fountain is made of stainless steel and has a sleek, modern design. It appears to be a typical outdoor drinking fountain found in public spaces. There is no visible water coming out or present around the fountain, indicating that it might be turned off or not functioning at the moment the photo was taken. The image is clear and well-lit, with no noticeable artifacts or distortions that would detract from its quality. Therefore, for Question 1, the answer is True because the main object, a drinking fountain, is present. For Question 2, the answer is also True because the water is not visible. The quality of the image is rated 0.9 due to its clarity and lack of significant visual noise or distortion."}, {"ans": [true, false, 1.0], "reasoning": "The image clearly shows a revolver with a visible trigger guard. The revolver is centered in the image, and its details are well-defined. The trigger guard is present and visible around the trigger. The image is sharp and well-lit, with no visible artifacts or distortions that would affect the quality. Therefore, the answer to Question 1 is True because the image is showing a revolver. The answer to Question 2 is False because the trigger guard is visible. The quality of the image is rated 1.0 because it is clear and well-defined, with no noticeable issues."}, {"ans": [true, false, 0.9], "reasoning": "The image depicts a compass rose with a clear north arrow pointing upwards, indicating the direction. The compass rose is intricately designed with ornate details and a grid pattern in the background. The north arrow is visible and not missing. The image quality is high, with clear lines and details, but there are some subtle signs of aging or wear around the edges, which slightly reduces the quality score to 0.9."}, {"ans": [true, false, 0.95], "reasoning": "The image shows a cityscape with several tall buildings, which can be classified as skyscrapers. The skyscrapers are visible and appear to be the main focus of the image. Upon closer inspection, it is clear that the skyscrapers have windows, which are visible on their facades. The windows are not missing or invisible; they are clearly visible, indicating that the buildings are designed with glass or other materials that allow for visibility. The image is of high quality, with clear details and no visible artifacts or distortions. The only reason the quality score is not 1 is due to the slight haze in the background, which slightly reduces the clarity of the distant buildings."}, {"ans": [true, true, 0.9], "reasoning": "The image shows a man in a tuxedo standing on a podium with his right hand raised, indicating that he is a conductor. The presence of an orchestra in the background further supports this conclusion. Therefore, the answer to Question 1 is True. The conductor's hand is empty, and there is no visible baton, so the answer to Question 2 is True. The image is clear and well-lit, with no visible artifacts or distortions, so the quality score is 0.9."}, {"ans": [true, false, 1.0], "reasoning": "The image clearly shows a soccer goal with a crossbar, net, and posts, all of which are typical components of a soccer goal. The crossbar is visible, connecting the two goalposts. The image is of high quality, with clear and sharp details, and no visible artifacts or distortions that would detract from the overall clarity."}, {"ans": [true, false, 1.0], "reasoning": "The image clearly shows a microscope on a table. The microscope has two eyepieces and three objective lenses visible, indicating that it is equipped with lenses. The image is sharp and well-lit, with no visible artifacts or distortions. Therefore, the answer to the first question is True because the main object is indeed a microscope. The answer to the second question is False because the lenses are visible on the microscope. The quality of the image is rated 1.0 because it is clear and well-defined, with no issues affecting its quality."}]