[{"ans": [true, true, 1.0], "reasoning": "The image depicts a sailboat on the water, which directly answers Question 1. The sails are not visible, indicating they are either missing or not visible, answering Question 2. The image is clear and shows no visible artifacts, blurring, or other issues that would affect its quality."}, {"ans": [true, false, 1.0], "reasoning": "The image clearly shows a bicycle, so the answer to the first question is True. The chain is visible and appears to be intact, so the answer to the second question is False. The image is of high quality, with no visible artifacts, blurring, or other issues, so the quality score is 1."}, {"ans": [true, false, 0.95], "reasoning": "The image clearly shows a cat sitting on a windowsill, facing the camera. The cat appears to be a gray feline with distinct features such as yellow eyes and visible whiskers. The presence of the cat is evident, so the answer to the first question is True. For the second question, the whiskers are clearly visible on the cat's face, so the answer is False. The image is of high quality, with clear details and no visible artifacts or distortions that would significantly impact the perception of the main subject. The background is slightly blurred, which is a common photographic technique to focus attention on the subject. Therefore, the quality score is 0.95, deducting only for the slight blur in the background which doesn't affect the main subject."}, {"ans": [true, true, 1.0], "reasoning": "The image depicts a castle with a large stone structure and a grassy hill in front of it. The castle has a prominent arched entrance, which is a characteristic feature of many castles. There are no visible gates at the entrance. The image is clear and well-defined, with no visible artifacts, blurring, or other issues that would affect its quality. Therefore, the answer to Question 1 is True because the image shows a castle. The answer to Question 2 is True because the gates are not visible. The quality of the image is rated as 1.0 because it is clear and well-defined, with no visible issues."}, {"ans": [true, false, 0.9], "reasoning": "The image clearly shows a hot-air balloon with a visible basket, answering the first question as true. Since the basket is visible, the second question is answered as false. The image quality is high with clear details of the balloon and the landscape, but slight loss of detail in the very bright sky area slightly reduces the quality score to 0.9."}, {"ans": [true, false, 1.0], "reasoning": "The image clearly shows a turtle with a visible shell. The turtle is centered in the image, and its shell is intact and visible. The image is of high quality, with clear details and no visible artifacts or distortions. Therefore, the answer to Question 1 is True because the image is showing a turtle. The answer to Question 2 is False because the shell is visible. The quality of the image is rated 1.0 because it is clear and well-defined, with no noticeable issues."}, {"ans": [true, false, 0.95], "reasoning": "The image clearly shows a train on the tracks at a station. The train is silver with a black front and has its headlights on. The wheels of the train are visible under the front carriage, indicating that they are not missing. The image is well-lit and in focus, with clear details of the train and the station. The quality of the image is high, with no noticeable artifacts or blurring. Therefore, the answer to the first question is True because the image is showing a train. The answer to the second question is False because the wheels are visible. The quality score is 0.95, as the image is clear and well-defined, with only minor potential adjustments for slight grain or compression."}, {"ans": [true, false, 0.95], "reasoning": "The image clearly shows a pair of eyeglasses with lenses. The lenses are visible and not missing. The image is sharp and well-lit, with a clear reflection of the glasses on the surface below. The quality is high, with no noticeable artifacts or blurring. However, the quality score is not 1 because the background is slightly out of focus, which might be considered a minor imperfection."}, {"ans": [true, false, 1.0], "reasoning": "The image clearly shows a fountain pen with a nib, and the nib is visible. The image is of high quality, with no visible artifacts, blurring, or other issues that would affect the quality score."}, {"ans": [true, false, 0.9], "reasoning": "The image depicts an umbrella with a visible canopy, leaning against a wall next to a chair. The umbrella is the main object in the image, and it is clear that it is an umbrella, so the answer to the first question is True. The canopy is present and visible, albeit dirty and worn, so the answer to the second question is False. The image quality is generally good, with clear details of the umbrella and the surrounding environment. However, the quality score is not 1 due to the presence of some dirt and wear on the umbrella's canopy, but this does not significantly impact the overall clarity of the image."}, {"ans": [true, false, 1.0], "reasoning": "The image clearly shows a white airplane on a tarmac with a cloudy sky in the background. The airplane is facing left, and its wings are visible, indicating that the wings are not missing. The image is clear and well-defined, with no visible artifacts or distortions that would affect its quality."}, {"ans": [true, false, 1.0], "reasoning": "The image clearly shows a desk lamp with a bulb. The lamp is positioned on a wooden table with an open book underneath it. The bulb is visible and appears to be a traditional Edison-style bulb hanging from the lamp's fixture. The image is well-lit, and the details of the lamp and the book are clear, indicating a high-quality image."}, {"ans": [true, false, 1.0], "reasoning": "The image clearly shows an electric guitar with its neck visible, indicating that the neck is not missing or invisible. The guitar is well-lit and in sharp focus, with no visible artifacts, blurring, or other issues that would affect its quality. Therefore, the quality of the image is rated as 1."}, {"ans": [true, false, 0.9], "reasoning": "The image clearly shows a fish with visible fins, so the answer to the first question is True. The fins are present and visible, so the answer to the second question is False. The image is of high quality, with clear details and no visible artifacts or distortions, so the quality score is 0.9. The slight deduction is due to the slight blurring of the background."}, {"ans": [true, false, 1.0], "reasoning": "The image shows a small brick house with a gable roof, which can be considered a cottage. The roof is visible and not missing. The image is clear and of high quality, with no visible artifacts, blurring, or other issues that would affect the quality score."}, {"ans": [true, false, 0.95], "reasoning": "The image is showing a classic convertible car, which is the main object. The windshield is visible, although it is not the primary focus of the image. The quality of the image is high, with clear details and no noticeable artifacts or distortions. The only reason for not giving it a perfect score is the slight cropping and angle of the image, which might slightly affect the perception of some details."}, {"ans": [true, false, 0.95], "reasoning": "The image is clearly showing a keyboard with a visible spacebar. The keyboard is well-lit and the keys are clearly visible, indicating that the image is of high quality. The presence of a spacebar is evident, and it is not missing or invisible. The image quality is high, with no noticeable artifacts, blurring, or unnatural colors. The only reason the quality is not rated as 1 is due to the slight reflection on the surface below the keyboard, but this does not significantly impact the overall clarity of the image."}, {"ans": [true, false, 1.0], "reasoning": "The image clearly depicts an owl perched on a branch under a moonlit sky, with detailed feathers visible across its body. The presence of the owl is evident, and its feathers are not missing or invisible; they are intricately illustrated. The image is of high quality, with no visible artifacts, blurring, or unnatural elements that detract from its clarity or the visibility of the owl's features."}, {"ans": [true, false, 1.0], "reasoning": "The image clearly depicts a book with a leather cover on a wooden table. The book is open, and the pages are visible, though they appear blank. The main object, the book, is present, so the answer to the first question is True. The pages are visible, so they are not missing or not visible, making the answer to the second question False. The image is of high quality with clear details and no visible artifacts or distortions, so the quality score is 1."}, {"ans": [true, false, 1.0], "reasoning": "The image clearly shows a lighthouse, which is the main object in question. The lighthouse is depicted with a lamp visible inside it, indicating that the lamp is not missing or invisible. The image is of high quality, with clear details and no visible artifacts or distortions that would affect the visibility of the lighthouse or its components."}, {"ans": [true, false, 0.95], "reasoning": "The image shows a beige armchair with visible legs, sitting on a patterned rug. The chair is the main object and is clearly an armchair. The legs are visible, so they are not missing or not visible. The image is of high quality, with clear details and no visible artifacts or distortions. The slight deduction in quality score is due to the fact that the image is not a perfect representation of the chair, as it is taken from an angle and the rug partially obscures the floor."}, {"ans": [true, true, 0.95], "reasoning": "The image clearly shows a deer standing in a forest. The deer is centered and facing the camera, with no visible antlers. The image is sharp and well-lit, with natural colors and no visible artifacts or distortions. The quality is high, with a score of 0.95, as the image is clear and detailed. The main object, the deer, is present, so the answer to the first question is true. The antlers are not visible, so the answer to the second question is also true."}, {"ans": [true, false, 1.0], "reasoning": "The image is showing a white envelope with a flap, so the main object is present. The flap is visible, so it is not missing. The image is clear and of high quality, with no visible artifacts or distortions."}, {"ans": [true, true, 1.0], "reasoning": "The image is showing a wall clock, which is the main object, so the answer to the first question is True. The clock face does not have numbers on it, so the numbers are missing, making the answer to the second question True. The image is clear and well-defined, with no visible artifacts, blurring, or other issues that would affect its quality, so the quality score is 1.0."}, {"ans": [true, false, 0.95], "reasoning": "The image depicts a person wearing a white space suit, floating in a swimming pool. The space suit is fully visible and includes a helmet with a reflective gold visor. The presence of the space suit is clear, so the answer to the first question is true. The helmet is visible and not missing, so the answer to the second question is false. The image is of high quality, with clear details and no visible artifacts or distortions, so the quality score is 0.95."}, {"ans": [true, false, 1.0], "reasoning": "The image clearly depicts a windmill with visible blades in a field. The main object, the windmill, is present and identifiable. The blades are also visible, indicating they are not missing. The image is sharp and clear, with no visible artifacts or distortions that would affect its quality."}, {"ans": [true, true, 0.95], "reasoning": "The image clearly depicts a large tree without leaves, standing in a field with other trees in the background. The main object, a tree, is present, so the answer to the first question is True. The leaves are not visible on the main tree or most of the other trees, so the answer to the second question is also True. The image is of high quality, with clear details and no visible artifacts or distortions, so the quality score is 0.95. The starburst effect around the sun is a creative choice and not considered a distortion."}, {"ans": [true, true, 1.0], "reasoning": "The image shows a yellow school bus parked in front of a building. The bus is facing left, and its side is visible. The doors are not visible as they are on the opposite side of the bus. The image is clear and well-lit, with no visible artifacts or distortions. Therefore, the answer to Question 1 is True because the image is showing a bus. The answer to Question 2 is True because the doors are not visible. The quality of the image is rated as 1.0 because it is clear and well-lit, with no visible issues."}, {"ans": [true, true, 1.0], "reasoning": "The image shows a laptop with its back facing the camera, and the screen is not visible. The laptop is clearly identifiable as the main object in the image. The screen is not visible, so it is considered missing or not visible. The image is of high quality, with no visible artifacts, blurring, or other issues that would affect the quality score."}, {"ans": [true, true, 1.0], "reasoning": "The image shows a trumpet without a mouthpiece. The main object, the trumpet, is clearly visible and identifiable. The mouthpiece is not attached to the trumpet, making it missing or not visible. The image is clear and well-lit, with no visible artifacts or distortions that would affect the quality."}, {"ans": [true, false, 1.0], "reasoning": "The image clearly shows a robot standing in a laboratory setting. The robot is white with black accents and has a humanoid shape, including a visible head. The head is not missing or obscured; it is fully visible and appears to be the central focus of the image. The image is of high quality, with clear details and no visible artifacts or distortions. Therefore, the answer to the first question is True because the image is showing a robot. The answer to the second question is False because the head is not missing or not visible. The quality of the image is rated as 1, indicating it is of very high quality."}, {"ans": [true, true, 0.95], "reasoning": "The image shows a candle on a silver tray. The candle is white and cylindrical, and it appears to be made of wax. The wick is not visible in the image. The image is clear and well-lit, with no visible artifacts or distortions. The quality of the image is high, with a score of 0.95 out of 1. The main object in the image is a candle, so the answer to Question 1 is True. The wick is not visible, so the answer to Question 2 is True."}, {"ans": [true, false, 0.95], "reasoning": "The image is showing a pizza with various toppings, including tomatoes, basil leaves, and what appears to be cheese or cheese-like toppings around the edges. The presence of a crust and the arrangement of toppings are characteristic of a pizza. Therefore, the answer to Question 1 is True. Upon closer inspection, the pizza appears to have a red sauce base with visible cheese or melted cheese around the center, indicating that cheese is present and visible. Hence, the answer to Question 2 is False. The image is clear and well-defined, with no visible artifacts, blurring, or other issues that would detract from its quality. The only potential deduction could be for the slight texture or noise visible on the background, but it does not significantly impact the overall quality of the pizza image. Thus, the quality score is 0.95."}, {"ans": [true, true, 1.0], "reasoning": "The image is showing a DSLR camera body without a lens attached. The camera body is clearly visible, and the lens mount is empty, indicating that the lens is not attached. The image is of high quality, with clear details and no visible artifacts or distortions."}, {"ans": [true, false, 1.0], "reasoning": "The image clearly shows a grand piano on a stage in an auditorium. The piano is centered and visible in detail, with its keys clearly visible. The image is sharp and well-lit, with no visible artifacts or distortions. The quality of the image is high, and it accurately represents the scene. Therefore, the answer to Question 1 is True because the image is showing a piano. The answer to Question 2 is False because the keys are visible and not missing."}, {"ans": [true, false, 1.0], "reasoning": "The image shows a paintbrush with visible bristles next to a palette of paints. The paintbrush is clearly visible and has bristles, so the answer to the first question is True. The bristles are visible, so the answer to the second question is False. The image is clear and well-lit, with no visible artifacts or distortions, so the quality score is 1.0."}, {"ans": [true, false, 0.95], "reasoning": "The image clearly shows a watch with a strap, so the answer to the first question is True. The strap is visible, so the answer to the second question is False. The image is of high quality, with clear details of the watch and its strap, but the quality score is not 1 due to slight reflections on the watch face and minor artifacts in the background."}, {"ans": [true, false, 0.95], "reasoning": "The image clearly shows a young man with his mouth open, displaying his teeth and tongue. The presence of a dental tool being used by a gloved hand indicates a dental examination is taking place. The tongue is visible inside the mouth, so it is not missing or invisible. The image is sharp and clear, with no visible artifacts or distortions that would significantly impact the quality. The only reason the quality isn't a perfect 1 is due to the slight blurring in the background, but the main subject is clear and well-defined."}, {"ans": [true, false, 1.0], "reasoning": "The image clearly shows a motorcycle, and the handlebars are visible. The image is of high quality with no visible artifacts or distortions."}, {"ans": [true, false, 1.0], "reasoning": "The image clearly shows a vintage television set with a visible screen, although the screen is not displaying any content and appears to be static or turned off. The television is placed on a wooden cabinet with its back open, revealing internal components. The presence of the television is evident, answering the first question affirmatively. For the second question, the screen is visible, albeit not displaying any content, so it is not considered missing or not visible. The image quality is high, with clear details of the television and its surroundings, and there are no visible artifacts, blurring, or other issues that would detract from the quality."}, {"ans": [true, false, 0.95], "reasoning": "The image clearly shows a goat standing on rocky terrain with a snowy mountain in the background. The goat has visible horns, so it matches the description of 'a goat, could be either with or without horns'. For the second question, the horns are clearly visible, so they are not missing or not visible. The image is of high quality with clear details and no visible artifacts or distortions, hence the quality score is 0.95."}, {"ans": [true, false, 1.0], "reasoning": "The image clearly shows a red sneaker with white laces on a bench in front of lockers. The sneaker is the main object and is clearly visible, so the answer to Question 1 is True. The laces are also clearly visible, so the answer to Question 2 is False. The image is sharp and well-lit, with no visible artifacts or distortions, so the quality score is 1.0."}, {"ans": [true, false, 0.95], "reasoning": "The image clearly shows a green frog sitting on a lily pad in the water. The frog is facing to the right, and its large, round eyes are visible and clearly not missing. The image is sharp and well-focused, with good lighting and no noticeable artifacts or distortions that would detract from its quality. The only reason it doesn't receive a perfect score is due to the slight blurring in the background."}, {"ans": [true, false, 1.0], "reasoning": "The image is showing a mug with a handle, so the main object is present. The handle is visible, so it is not missing. The image is clear and of high quality, with no visible artifacts or distortions."}, {"ans": [true, false, 0.95], "reasoning": "The image clearly shows a saxophone, which is the main object. The saxophone has its keys visible, so the keys are not missing or not visible. The image is of high quality with clear details and no visible artifacts or distortions, hence a quality score of 0.95. The slight vignetting around the edges does not significantly impact the visibility of the main subject."}, {"ans": [true, false, 1.0], "reasoning": "The image clearly shows a skateboard with wheels. The skateboard is positioned on a brick surface, and all four wheels are visible and appear to be intact. The image is clear and well-lit, with no visible artifacts or distortions that would affect the quality. Therefore, the answer to Question 1 is True because the image is showing a skateboard. The answer to Question 2 is False because the wheels are not missing or invisible; they are clearly visible. The quality of the image is rated as 1 because it is clear and free of noticeable defects."}, {"ans": [true, false, 1.0], "reasoning": "The image is showing a black fedora hat with a visible brim on a stand. The brim is clearly visible and not missing. The image is of high quality with no visible artifacts or distortions."}, {"ans": [true, false, 0.95], "reasoning": "The image clearly shows a motorcycle helmet on a workbench in a workshop. The helmet is black with a clear visor that is currently up but visible. The presence of the visor indicates that it is not missing. The image is sharp and well-lit, with no visible artifacts or distortions that would detract from its quality. The main object, the motorcycle helmet, is clearly visible, and the visor is also present and visible, albeit in the up position."}, {"ans": [true, true, 1.0], "reasoning": "The image shows a bedframe without a mattress. The bedframe is ornate and made of wood, with intricate carvings and details. The mattress is not visible, so it is considered missing. The image is of high quality, with clear details and no visible artifacts or distortions."}, {"ans": [true, false, 1.0], "reasoning": "The image shows a clock tower with two visible clock faces. The main object, a clock tower, is present in the image, so the answer to the first question is True. The clock faces are visible, so the answer to the second question is False. The image is clear and well-defined, with no visible artifacts, blurring, or other issues that would affect its quality, so the quality score is 1.0."}, {"ans": [true, false, 1.0], "reasoning": "The image clearly shows a pocket watch with its cover open, revealing the inner workings and the clock face with Roman numerals and black hands. The hands are visible, indicating the time. The image is of high quality, with clear details and no visible artifacts or distortions. The pocket watch is centered and well-lit, showcasing its intricate mechanisms. Therefore, the answer to Question 1 is True because the image is showing a pocket watch. The answer to Question 2 is False because the hands are visible on the pocket watch. The quality score is 1 because the image is clear and detailed, with no noticeable issues."}, {"ans": [true, false, 1.0], "reasoning": "The image clearly shows a red bicycle with a white logo on the frame, leaning against a stone wall. The bicycle is fully visible and appears to be in good condition. The pedals are visible and attached to the crankset, so they are not missing. The image is sharp and well-lit, with no visible artifacts or distortions. Therefore, the answer to Question 1 is True, the answer to Question 2 is False, and the quality score is 1.0."}, {"ans": [true, false, 0.9], "reasoning": "The image shows a portrait of a woman with her eyes visible, indicating that the main object is present. The eyes are clearly visible, so they are not missing or invisible. The image quality is high, with clear details and no noticeable artifacts or distortions, but the score is not 1 due to the slight shadowing and texture visible on the painting, which might be part of the artwork itself."}, {"ans": [true, true, 0.9], "reasoning": "The image depicts a grand piano on a stage, with its lid open and illuminated by spotlights. The piano is the main object in the image, and it is clearly visible. The hammers inside the piano are not visible due to the angle and lighting of the image. The image quality is high, with clear details and no noticeable artifacts or distortions. However, the quality score is not 1 due to the slight haze and smoke effect in the background, which slightly reduces the overall clarity."}, {"ans": [true, true, 0.9], "reasoning": "The image depicts a sailing ship with two masts and rigging, indicating it is a sailing vessel. However, there are no sails visible on the masts. The image is clear and detailed, showing the ship's hull, rigging, and flags on the masts. The quality of the image is high, with no visible artifacts or distortions that would detract from the overall clarity. The main object, the sailing ship, is clearly visible, and the absence of sails is noticeable. Therefore, the answer to Question 1 is True because the image shows a sailing ship. The answer to Question 2 is True because the sails are not visible. The quality score is 0.9, indicating a high-quality image with only minor considerations for the slight rippling effect on the water, which is not significant enough to detract from the overall quality."}, {"ans": [true, false, 1.0], "reasoning": "The image depicts a large tree with a broad canopy and a sturdy trunk, characteristic of an oak tree. The leaves are visible and appear to be green, indicating that they are not missing. The image is clear and well-defined, with no visible artifacts or distortions that would affect its quality."}, {"ans": [true, false, 1.0], "reasoning": "The image depicts a stone cottage with a gable roof, chimney, and vines growing on its walls. The front facade features a central window on the first floor and another on the second floor, both with shutters. There are doors on either side of the central window on the first floor. The presence of a cottage is evident, satisfying the first question. For the second question, the doors are clearly visible, so the door is not missing or invisible. The image is clear and detailed, with no visible artifacts or distortions, indicating a high-quality image."}, {"ans": [true, false, 1.0], "reasoning": "The image clearly shows a passenger jet on a runway. The wings are visible and not missing. The image is clear and of high quality, with no visible artifacts or distortions."}, {"ans": [true, true, 1.0], "reasoning": "The image clearly shows a wristwatch with a white face and brown leather strap, placed in a brown leather box. The watch face does not have numbers, only hour markers. The main object, a wristwatch, is present, so the answer to the first question is True. The numbers are missing from the wristwatch, so the answer to the second question is True. The image is of high quality, with clear details and no visible artifacts or distortions, so the quality score is 1.0."}, {"ans": [true, false, 1.0], "reasoning": "The image clearly shows a pizza, which is the main object. The pizza has a crust, tomato sauce, and basil leaves on top. There is cheese visible around the edges and in certain areas under the sauce, so the cheese is not missing. The image is of high quality with clear details and no visible artifacts or distortions."}, {"ans": [true, false, 0.9], "reasoning": "The image clearly shows traffic signals with lights, so the answer to the first question is True. For the second question, the lights are visible on the traffic signals, so the answer is False. The image quality is high, with clear details of the scene, but the strong sunlight causes some overexposure, hence a quality score of 0.9."}, {"ans": [true, false, 1.0], "reasoning": "The image clearly shows a skateboard with a rainbow-colored deck and yellow wheels. The skateboard is positioned on a concrete surface, and the wheels are visible, indicating that they are not missing. The image is well-lit, with clear details of the skateboard and its components. There are no visible artifacts, blurring, or other issues that would affect the quality of the image. Therefore, the answer to Question 1 is True, as the image is showing a skateboard. The answer to Question 2 is False, as the wheels are not missing or invisible. The quality of the image is rated 1.0, as it is clear and well-defined."}, {"ans": [true, true, 0.95], "reasoning": "The image clearly shows a chessboard with pieces on it. The chessboard is the main object, and it is present in the image. The black pieces are not visible as they are not present on the board, indicating they are missing. The image is of high quality with clear details and no visible artifacts or distortions. The chessboard and pieces are well-defined, and the background is appropriately blurred, contributing to a high-quality score."}, {"ans": [true, true, 1.0], "reasoning": "The image is showing a red Ferrari sports car in a luxurious room. The car is centered and facing left, with its front end visible. The brakes are not visible as the wheels are intact and there is no visible sign of the brake calipers. The image is of high quality with clear details and no visible artifacts or distortions. The reflection of the car on the floor adds to the overall clarity of the image."}, {"ans": [true, true, 1.0], "reasoning": "The image shows a book with blank pages, so it is showing a book. The text is missing or not visible from the book because the pages are blank. The image is clear and of high quality, with no visible artifacts or distortions."}, {"ans": [true, false, 0.95], "reasoning": "The image clearly shows a computer tower with its side panel removed, revealing the internal components. The presence of fans is visible, so the main object (computer tower) is present. For the second question, the fans are visible, so they are not missing or not visible. The image quality is high, with clear details and no visible artifacts or distortions. The slight shadow and reflection are natural and do not detract from the image quality."}, {"ans": [true, false, 0.95], "reasoning": "The image clearly shows a scarecrow standing in a wheat field. The scarecrow is wearing a plaid shirt and a straw hat, and it has arms made of straw or hay attached to its body. The arms are visible and are holding onto a wooden post. The image is well-lit and in focus, with no visible artifacts or distortions. The quality of the image is high, with a score of 0.95 out of 1. The main object, the scarecrow, is present and visible. The arms of the scarecrow are also visible, so they are not missing."}, {"ans": [true, false, 0.9], "reasoning": "The image depicts a man in armor, which is consistent with the representation of a knight. The knight is wearing full armor, including a helmet and breastplate, and is standing in front of a crowd of people. The image is clear and well-defined, with good lighting and no visible artifacts or distortions. The sword is visible on the knight's hip, leaning against the wall behind him, so it is not missing or invisible."}, {"ans": [true, false, 1.0], "reasoning": "The image clearly shows a teapot with a handle, spout, and lid, decorated with a floral pattern. The teapot is placed on a bamboo mat on a table. The handle is visible and present on the teapot, so it is not missing. The image is sharp and clear, with no visible artifacts or distortions, indicating high quality."}, {"ans": [true, false, 1.0], "reasoning": "The image clearly shows a basketball hoop with a net. The basketball hoop is the main object in the image and is clearly visible. The net is also visible and is not missing. The image is of high quality, with clear details and no visible artifacts or distortions. The lighting is good, and the colors are natural. Therefore, the answer to the first question is True, and the answer to the second question is False. The quality of the image is rated as 1.0, indicating that it is a high-quality image."}, {"ans": [true, false, 1.0], "reasoning": "The image shows a dining table setting with plates, cutlery, and glasses. The main object, the dining table, is present. The glasses are visible and not missing. The image is clear and well-lit, with no visible artifacts or distortions, hence the quality score is 1.0."}, {"ans": [true, false, 0.95], "reasoning": "The image clearly shows a typewriter on a wooden desk, with a sheet of paper inserted into it. The typewriter is the main focus of the image, and it appears to be in a relatively good condition, with some signs of wear and tear. The ribbon is visible and appears to be properly installed, so it is not missing. The image is well-lit and in focus, with no visible artifacts or distortions that would detract from its quality. However, there are some minor signs of dust and wear on the typewriter and the desk, which slightly reduces the overall quality score to 0.95."}, {"ans": [true, true, 0.95], "reasoning": "The image shows a winter jacket hanging on a coat rack. The jacket is a long, cream-colored puffer coat with a fur-trimmed hood and black buttons down the front. There is no visible zipper on the jacket. The image is clear and well-lit, with no visible artifacts or distortions that would detract from its quality. The main object, the winter jacket, is clearly visible, so the answer to the first question is True. The zipper is not visible, so the answer to the second question is True. The quality of the image is rated 0.95 because it is clear and well-composed, with proper lighting and no noticeable defects."}, {"ans": [true, false, 0.95], "reasoning": "The image is clearly showing a sunflower. The seeds are visible on the sunflower, so they are not missing. The image is of high quality, with clear details and no visible artifacts or distortions. The only reason it is not rated 1 is due to a slight gradient in the background, but it does not affect the overall clarity of the main subject."}, {"ans": [true, false, 0.95], "reasoning": "The image clearly shows an elephant with its trunk visible and intact. The main object in the image is an elephant, so the answer to the first question is True. Since the trunk is visible, the answer to the second question is False. The image is of high quality with clear details and no visible artifacts or distortions, hence the quality score is 0.95. The slight deduction from 1 is due to the presence of a minor dust or haze in the background, but it does not significantly affect the overall clarity of the main subject."}, {"ans": [true, true, 1.0], "reasoning": "The image is showing a rowboat. The boat is white with a wooden interior and is floating on a body of water. The oars are not visible in the image. The image is clear and well-defined, with no visible artifacts or distortions. The quality of the image is high."}, {"ans": [true, false, 0.95], "reasoning": "The image clearly shows a snowman in a residential setting. The snowman is made of three large snowballs stacked on top of each other, with a hat, scarf, and stick arms, and has a face with eyes, a nose, and a mouth. The buttons are visible as three black dots on the middle snowball. The image is clear and well-defined, with no visible artifacts or distortions that would affect the quality. The quality score is 0.95, indicating a high-quality image."}, {"ans": [true, false, 1.0], "reasoning": "The image clearly shows a fountain pen on top of a notebook. The pen is transparent, showing the presence of ink inside. The image is sharp and well-lit, with no visible artifacts or distortions. Therefore, the main object (fountain pen) is present, and the ink is visible."}, {"ans": [true, true, 0.9], "reasoning": "The image shows a paintbrush with a wooden handle and a metal ferrule, but the bristles are not visible. The brush is positioned vertically on a palette with paint, indicating it is likely being used for painting. The absence of visible bristles suggests they might be missing or not visible, possibly due to being submerged in paint or worn out. The image is clear and well-lit, showing the details of the brush and the surrounding palette. The quality of the image is high, with no noticeable artifacts or blurring, hence a quality score of 0.9."}, {"ans": [true, false, 1.0], "reasoning": "The image clearly shows a pair of eyeglasses with temples on top of a book. The glasses are in sharp focus, and the details of the frames and temples are visible. The temples are not missing; they are present and visible, extending from the lenses. The image is of high quality with no visible artifacts, blurring, or other issues that would detract from its clarity."}, {"ans": [true, false, 0.9], "reasoning": "The image shows a person holding an umbrella on a rainy day. The umbrella is clearly visible and appears to be intact with visible ribs. The image is of high quality with clear details and no visible artifacts or distortions that would significantly impact the perception of the main object or its components. The ribs of the umbrella are visible, indicating they are not missing."}, {"ans": [true, false, 0.95], "reasoning": "The image is showing a wristwatch, which is the main object. The watch face is visible and has hour markers, so the hour markers are not missing. The image is of high quality, with clear details and no visible artifacts or distortions. The only reason for not giving it a perfect score is the slight shadow and reflection on the glass dome, but it does not significantly affect the visibility of the watch."}, {"ans": [true, false, 0.9], "reasoning": "The image clearly shows a camping tent set up in a grassy field. The tent is fully visible and appears to be intact with its poles in place, supporting the structure. The poles are visible as they are part of the tent's frame, indicating that they are not missing. The image is of high quality with clear details and no visible artifacts or distortions that would affect the visibility of the main object or its components."}, {"ans": [true, false, 1.0], "reasoning": "The image clearly shows a cuckoo clock with intricate carvings and details, including a clock face and pendulum. The weights are visible at the bottom of the image, hanging from chains. The image is of high quality, with clear and sharp details, and no visible artifacts or distortions. Therefore, the answer to Question 1 is True, as the image is showing a cuckoo clock. The answer to Question 2 is False, as the weights are visible. The quality of the image is rated 1.0, as it is clear and well-defined."}, {"ans": [true, true, 1.0], "reasoning": "The image shows a smartphone with its screen facing upwards. The phone's bottom edge is visible, displaying several small holes that are likely part of the speaker grille. However, the speaker grille itself is not visible from the angle the phone is shown, as it is on the bottom edge and not directly visible. The image is clear and well-lit, with no visible artifacts or distortions that would affect its quality."}, {"ans": [true, true, 0.95], "reasoning": "The image clearly shows a motorcycle facing the camera on a dirt road. The motorcycle is visible from the front, and it does not have a visible speedometer. The image is sharp and clear, with no visible artifacts or distortions that would affect the quality. The overall quality of the image is high, with a score of 0.95 out of 1. The main object, the motorcycle, is clearly visible, so the answer to the first question is True. The speedometer is not visible, so the answer to the second question is True."}, {"ans": [true, true, 0.95], "reasoning": "The image shows a violin bow. The bow is lying on a red velvet fabric, and it appears to be a high-quality image with clear details. The bow's stick, frog, and other metal parts are visible, but there is no visible hair on the bow. The absence of hair is noticeable, and it seems to be missing or not visible. The image quality is generally good, with no significant artifacts or distortions, but the red fabric has some sparkles that might be considered a minor distraction. However, the overall clarity and detail of the bow are good, hence the quality score of 0.95."}, {"ans": [true, true, 0.9], "reasoning": "The image shows a birdcage hanging from the ceiling of a porch. The birdcage is made of gold-colored metal and has a dome-shaped top. It is suspended by a chain and is empty. The porch has white pillars and a railing, with trees visible in the background. The image is well-lit, with the sun shining through the trees. There is no visible perch inside the birdcage. The image is clear and of high quality, with no visible artifacts or distortions. Therefore, the answer to Question 1 is True because the image is showing a birdcage. The answer to Question 2 is True because the perch is not visible inside the birdcage. The quality of the image is rated 0.9 because it is clear and well-lit, but there is a slight overexposure around the birdcage due to the sunlight."}, {"ans": [true, false, 0.95], "reasoning": "The image clearly shows a statue of a woman in a classical style, standing on a marble pedestal in a hallway with columns. The statue is intact and has a head, so the answer to the first question is True. Since the head is present and visible, the answer to the second question is False. The image is of high quality, with clear details and no visible artifacts or distortions, so the quality score is 0.95. The slight deduction is due to the subtle blur in the background, but it does not affect the main subject."}, {"ans": [true, false, 1.0], "reasoning": "The image is showing a teddy bear with a nose, so the main object is present. The nose is visible on the teddy bear's face. The image is clear and of high quality, with no visible artifacts or distortions."}, {"ans": [true, false, 1.0], "reasoning": "The image clearly shows a pair of sneakers with laces. The sneakers are positioned on a black mat in front of a door, and the laces are visible and appear to be properly tied. The image is well-lit and in focus, with no visible artifacts or distortions that would affect the quality. Therefore, the answer to Question 1 is True because the image is showing sneakers. The answer to Question 2 is False because the laces are visible. The quality of the image is rated as 1.0 because it is clear and well-defined, with no noticeable issues."}, {"ans": [true, false, 1.0], "reasoning": "The image clearly shows a refrigerator with its doors open, revealing the interior. The main object, the refrigerator, is present. The door shelves are visible on the left door, so they are not missing or invisible. The image is of high quality, with clear details and no visible artifacts or distortions."}, {"ans": [true, false, 0.9], "reasoning": "The image depicts a group of four young women gathered around a campfire in a wooded area. The campfire is the central focus, with flames clearly visible. The presence of the campfire and the flames answers the first question affirmatively. For the second question, since the flames are visible, it indicates that the flames are not missing or invisible. The image is of high quality, with clear details and no visible artifacts or distortions that would significantly impact the perception of the scene. The slight deduction in quality score is due to a minor overexposure around the campfire area, but it does not obscure the main elements of the image."}, {"ans": [true, false, 1.0], "reasoning": "The image shows a drinking fountain with water flowing from it, indicating that it is present and visible. The main object, the drinking fountain, is clearly visible and identifiable. The water is also visible as it flows from the fountain, so it is not missing or invisible. The image is clear and well-lit, with no visible artifacts, blurring, or other issues that would affect its quality."}, {"ans": [true, false, 1.0], "reasoning": "The image clearly shows a revolver with a visible trigger guard. The revolver is positioned on a green surface, and its details are well-defined. The trigger guard is present and visible around the trigger. The image is sharp and clear, with no visible artifacts or distortions that would affect the assessment of the revolver or its components. Therefore, the answer to Question 1 is True because the image is showing a revolver. The answer to Question 2 is False because the trigger guard is visible. The quality of the image is rated as 1 because it is clear and well-defined, with no noticeable issues."}, {"ans": [true, false, 0.9], "reasoning": "The image is a detailed illustration of a compass rose, which is clearly visible and well-defined. The compass rose is centered in the image and features intricate designs and markings. The north arrow is present and visible, indicating the direction. The image quality is high, with clear lines and details, although it has a slightly aged or vintage appearance due to the sepia tone and subtle texture. The overall quality is rated 0.9 due to the minor texture and aging effects, but it does not detract from the clarity of the main subject."}, {"ans": [true, false, 0.9], "reasoning": "The image depicts a futuristic cityscape with skyscrapers, so the answer to Question 1 is True. The skyscrapers have visible windows, so the answer to Question 2 is False. The image is of high quality, with clear details and no visible artifacts or distortions, so the quality score is 0.9. The only reason it is not 1 is because of the slight haze and glow effect in the image."}, {"ans": [true, true, 0.95], "reasoning": "The image shows a conductor standing on a podium, wearing a black tuxedo, with his right hand raised and his left hand open. The presence of an orchestra behind him confirms that he is a conductor. Therefore, the answer to the first question is True. For the second question, the baton is not visible in the conductor's hand, so the answer is True. The image is clear and well-lit, with no visible artifacts or distortions, so the quality score is 0.95."}, {"ans": [true, true, 0.95], "reasoning": "The image shows a soccer field with a goal at the center. The goal consists of two vertical posts, but there is no visible crossbar connecting them. The image is clear and well-lit, with no visible artifacts or distortions that would affect the quality. The main object, the soccer goal, is present. The crossbar is not visible, which aligns with the condition of being missing or not visible."}, {"ans": [true, false, 1.0], "reasoning": "The image clearly shows a microscope on a table. The microscope is white with black accents and has two eyepieces. It is positioned in front of a window with a white background. The microscope's lenses are visible and appear to be intact. The image is sharp and well-lit, with no visible artifacts or distortions. Therefore, the answer to Question 1 is True because the image is showing a microscope. The answer to Question 2 is False because the lenses are visible and not missing. The quality of the image is rated 1.0 because it is clear and well-defined, with no noticeable issues."}]