[{"ans": [true, true, 1.0], "reasoning": "The image shows a sailboat on calm waters with a clear blue sky in the background. The sailboat is white and appears to be a modern design. The mast is tall, and there are ropes visible, but the sails are not unfurled; instead, they are covered or furled. For Question 1, the image is showing a sailboat, so the answer is True. For Question 2, the sails are not visible as they are furled or covered, so the answer is True. The image quality is high, with no visible artifacts, blurring, or unnatural colors. The objects in the image are clear and well-defined."}, {"ans": [true, true, 0.95], "reasoning": "The image clearly shows a bicycle leaning against a brick wall. The bicycle appears to be red and has a classic design. Upon closer inspection, it's evident that the chain is not visible, likely because it is missing or not properly attached. The image is well-lit and in focus, with clear details of the bicycle and its surroundings. The quality of the image is high, with no noticeable artifacts or distortions. Therefore, the answer to the first question is True because the image is showing a bicycle. The answer to the second question is also True because the chain is not visible. The quality score is 0.95, indicating a very high-quality image."}, {"ans": [true, false, 0.95], "reasoning": "The image clearly shows a cat, so the answer to the first question is True. The whiskers are visible on the cat's face, so the answer to the second question is False. The image is of high quality, with clear details and no visible artifacts or distortions, so the quality score is 0.95. The slight imperfection in the window frame does not detract from the overall quality of the image."}, {"ans": [true, true, 0.9], "reasoning": "The image depicts a castle, which is the main object, so the answer to the first question is True. The gates are not visible, as there is a large, abstract sculpture in the middle of the entrance, making it unclear if there are gates or not. Thus, the answer to the second question is True because the gates are not visible. The quality of the image is high, with clear details and no visible artifacts or distortions, so the quality score is 0.9. The presence of the abstract sculpture does not negatively impact the quality score as it is part of the scene."}, {"ans": [true, false, 0.9], "reasoning": "The image clearly shows a hot-air balloon with a visible basket, answering the first question as true. The basket is present and visible, so the answer to the second question is false. The image is of high quality with clear details of the balloon and the landscape below, though it has a slight warm color tone due to the lighting conditions, which is natural for the scene depicted. Therefore, the quality score is 0.9, deducting 0.1 for the color tone."}, {"ans": [true, false, 1.0], "reasoning": "The image clearly shows a turtle with a visible shell on a sandy beach. The turtle is centered and well-lit, making it easy to identify its features. The shell is intact and visible, so it is not missing or invisible. The image is of high quality with no visible artifacts, blurring, or other issues that would detract from its clarity."}, {"ans": [true, false, 0.9], "reasoning": "The image clearly shows a train at a station. The train's wheels are visible at the bottom of the image, indicating that they are not missing or invisible. The image is well-lit and in focus, with no visible artifacts or distortions that would affect its quality. The only reason for not giving it a perfect score is the slight warm tone and slight shadowing, but these do not significantly detract from the overall clarity of the image."}, {"ans": [true, false, 1.0], "reasoning": "The image clearly shows a pair of eyeglasses with lenses. The lenses are visible and not missing. The image is sharp and well-lit, with no visible artifacts or distortions that would affect the quality."}, {"ans": [true, false, 0.9], "reasoning": "The image shows two fountain pens, both with visible nibs, on a piece of paper with writing. The presence of the nibs indicates that they are not missing. The image is clear and well-defined, with no visible artifacts or distortions that would affect the quality. The quality score is 0.9 because the image is very clear and detailed, with no noticeable issues."}, {"ans": [true, true, 0.95], "reasoning": "The image shows an umbrella, but the canopy is missing. The metal frame of the umbrella is visible, indicating that it is an umbrella. The canopy is not present, so it is considered missing. The image is clear and well-defined, with no visible artifacts or distortions that would affect the quality. Therefore, the quality score is high at 0.95."}, {"ans": [true, false, 1.0], "reasoning": "The image clearly shows a large white airplane on a runway, with its wings visible. The presence of the airplane directly answers the first question. For the second question, the wings are clearly visible, so they are not missing or not visible. The image is sharp and clear, with no visible artifacts or distortions, hence the quality is rated as 1.0."}, {"ans": [true, true, 1.0], "reasoning": "The image is showing a desk lamp, and the bulb is not visible as it is likely inside the lamp shade or not present. The lamp is the main object in the image, and it is clearly visible. The quality of the image is high, with no visible artifacts, blurring, or other issues that would detract from the overall clarity of the image."}, {"ans": [true, false, 1.0], "reasoning": "The image is clearly showing an electric guitar with a visible neck. The guitar is hanging on a wall, and its body and neck are well-illuminated, making all details visible. There are no signs of blurring, artifacts, or other quality issues in the image. The neck is present and clearly visible, so it is not missing or invisible."}, {"ans": [true, false, 0.9], "reasoning": "The image depicts a fish made of glass or crystal, surrounded by shards of glass and water droplets. The fish is clearly visible and has fins, so the answer to Question 1 is True. The fins are visible, so the answer to Question 2 is False. The image quality is high, with clear details and no visible artifacts or distortions, so the quality score is 0.9."}, {"ans": [true, false, 1.0], "reasoning": "The image clearly depicts a small brick cottage with a roof, situated in a field. The cottage is intact with a visible roof, so the answer to the first question is True. For the second question, the roof is present and visible, so the answer is False. The image is of high quality with no visible artifacts, blurring, or other issues that would detract from its clarity, so the quality score is 1.0."}, {"ans": [true, true, 0.9], "reasoning": "The image is showing a white vintage convertible car with its hood open. The windshield is not visible, as it appears to be a convertible with the top down. The image is clear and well-lit, with no visible artifacts or distortions. The quality of the image is high, with a score of 0.9. The main object, a car, is present, so the answer to the first question is true. The windshield is not visible, so the answer to the second question is true."}, {"ans": [true, false, 1.0], "reasoning": "The image clearly shows a keyboard with a transparent casing and illuminated keys. The spacebar is present and visible, indicated by the label 'space' on it. The image is of high quality, with no visible artifacts, blurring, or other issues that would detract from its clarity. Therefore, the answer to Question 1 is True because the image is showing a keyboard. The answer to Question 2 is False because the spacebar is not missing and is clearly visible."}, {"ans": [true, false, 0.95], "reasoning": "The image clearly depicts an owl with visible feathers, perched on a branch under a full moon. The owl's feathers are detailed and present, so the answer to the second question is False. The image is of high quality with clear details and no noticeable artifacts or distortions, hence a quality score of 0.95."}, {"ans": [true, true, 0.95], "reasoning": "The image shows a large, leather-bound book lying open on a wooden table. The book's cover is made of brown leather and features a decorative design. The pages are visible but appear to be blank or not visible due to the angle of the book. The background includes a bookshelf filled with other books, suggesting an old library or study setting. The image is well-lit and detailed, with no noticeable artifacts or distortions. The main object, the book, is clearly visible, so the answer to Question 1 is True. The pages are not visible as they are either blank or obscured by the angle, so the answer to Question 2 is True. The image quality is high, with clear details and no significant issues, so the quality score is 0.95."}, {"ans": [true, false, 0.95], "reasoning": "The image clearly shows a lighthouse, which is the main object. The lighthouse has a lamp visible in the lantern room at the top. The image is of high quality with clear details and no visible artifacts or distortions that would detract from the visibility of the lighthouse or its lamp. The quality score is 0.95 because the image is very clear and well-defined, with no noticeable issues."}, {"ans": [true, false, 1.0], "reasoning": "The image shows a beige armchair with visible wooden legs, placed on a patterned rug in a room with a window and a bookshelf. The chair is clearly visible and appears to be in good condition. The legs of the chair are visible, so they are not missing or not visible. The image is clear and well-lit, with no visible artifacts or distortions, indicating a high-quality image."}, {"ans": [true, true, 0.95], "reasoning": "The image depicts a deer standing in a forest, facing the camera. The deer appears to be a female or a young male as it does not have visible antlers. The image is clear and well-lit, with good resolution and no visible artifacts or distortions that would detract from its quality. The main object, the deer, is clearly visible and centered in the frame. The antlers are not visible, which aligns with the description of the deer being either without antlers or having them not visible. Therefore, the answer to the first question is True because the image is showing a deer. The answer to the second question is also True because the antlers are not visible. The quality of the image is rated 0.95 out of 1, indicating a high-quality image with no significant issues."}, {"ans": [true, true, 1.0], "reasoning": "The image shows an envelope, which is the main object. The envelope is closed, and the flap is not visible, indicating it is either missing or tucked inside. The image is clear and of high quality, with no visible artifacts or distortions."}, {"ans": [true, true, 1.0], "reasoning": "The image shows a wall clock on a white wall above a fireplace. The clock face is white with black hands, and there are no numbers visible on the clock face. The image is clear and well-lit, with no visible artifacts or distortions. The main object, the wall clock, is present in the image. The numbers on the clock face are not visible, so the answer to the second question is true. The quality of the image is high, with no visible issues, so the quality score is 1.0."}, {"ans": [true, false, 0.9], "reasoning": "The image clearly shows a person wearing a space suit, including a helmet, floating in a swimming pool. The space suit is white with various components and tubes attached to it. The helmet is visible and appears to be securely fastened to the suit. The image is well-lit and in focus, with clear details of the space suit and the surrounding pool environment. The quality of the image is high, with no noticeable artifacts or distortions that would detract from the overall clarity. Therefore, the answer to Question 1 is True because the image is showing a space suit with a helmet. The answer to Question 2 is False because the helmet is not missing; it is clearly visible. The quality score is 0.9, indicating a high-quality image with minor deductions likely due to the slight rippling of the water affecting the reflection and clarity in some areas."}, {"ans": [true, false, 1.0], "reasoning": "The image clearly shows a windmill with its blades visible, standing in a field of wheat. The windmill is the main object and is easily identifiable. The blades are present and visible, indicating that they are not missing. The image is of high quality with clear details and no visible artifacts or distortions."}, {"ans": [true, true, 0.95], "reasoning": "The image clearly shows a large tree without leaves, so the answer to the first question is True. The leaves are missing or not visible on the main tree and most other trees in the image, so the answer to the second question is also True. The image is of high quality with clear details and no visible artifacts or distortions, hence the quality score is 0.95."}, {"ans": [true, true, 0.9], "reasoning": "The image shows a yellow school bus with visible seats and an open rear section. The main object, a bus, is present. The doors are not visible as the image captures the rear and side of the bus, and the front door is not in view. The image is clear and well-lit, showing the details of the bus's interior and exterior. There are no significant artifacts or distortions that would decrease the quality score. The quality is rated 0.9 because the image is sharp and clear."}, {"ans": [true, false, 1.0], "reasoning": "The image is showing a laptop with its screen open and visible. The laptop is placed on a dark brown table against a white wall. The image is clear and well-lit, with no visible artifacts or distortions. The laptop's screen is visible, so it is not missing or not visible. Therefore, the answer to Question 1 is True, and the answer to Question 2 is False. The quality of the image is rated as 1 because it is clear and well-defined."}, {"ans": [true, true, 0.95], "reasoning": "The image shows a trumpet lying on a red velvet fabric. The trumpet is clearly visible and appears to be a standard brass instrument. However, the mouthpiece is not attached to the trumpet, indicating it is missing. The image is clear and well-lit, with no visible artifacts or distortions that would affect the quality. The quality score is 0.95 because the image is sharp and well-defined, with no noticeable issues."}, {"ans": [true, false, 1.0], "reasoning": "The image clearly shows a robot with a visible head in a laboratory setting. The robot is white with mechanical parts and has blue glowing eyes. The head is present and visible, so the answer to the second question is false. The image is of high quality with no visible artifacts or distortions."}, {"ans": [true, true, 0.95], "reasoning": "The image depicts a candle on a silver platter. The candle is cylindrical and white, with a smooth surface. There is no visible wick on the top of the candle. The image is clear and well-lit, with no visible artifacts or distortions that would affect the quality. The quality score is 0.95 because the image is very clear and well-defined, with no noticeable issues."}, {"ans": [true, false, 0.9], "reasoning": "The image clearly shows a pizza with visible toppings including tomatoes, basil, and mozzarella cheese. The presence of cheese is evident, so it is not missing. The image is of high quality with clear details and no visible artifacts or distortions that would significantly affect the visibility of the pizza or its toppings. The slight reduction in quality score is due to minor specks and dust visible on the surface, but they do not detract from the overall clarity of the image."}, {"ans": [true, true, 0.95], "reasoning": "The image shows a DSLR camera body mounted on a wall, with the lens removed and placed on a wooden shelf below it. The camera body is clearly visible, and the absence of the lens is evident. The image is well-lit and in focus, with no visible artifacts or distortions. The quality of the image is high, with a score of 0.95 out of 1. The main object, the DSLR camera, is present, so the answer to the first question is True. The lens is missing, so the answer to the second question is also True."}, {"ans": [true, true, 0.95], "reasoning": "The image shows a grand piano on a stage in an auditorium. The piano's lid is open, and the keys are not visible as they are inside the piano and the angle of the image does not allow a clear view of them. The image is clear and well-lit, showing the details of the piano and the auditorium. The quality of the image is high, with no visible artifacts or distortions. Therefore, the answer to Question 1 is True because the image is showing a piano. The answer to Question 2 is True because the keys are not visible. The quality score is 0.95, indicating a very high-quality image."}, {"ans": [true, false, 0.9], "reasoning": "The image shows a paintbrush with visible bristles, indicating that the bristles are not missing. The paintbrush is clearly visible and appears to be in good condition, with no significant artifacts or distortions. The quality of the image is high, with clear details of the paintbrush and the surrounding paint palette. However, the image is not perfect, as there are some minor imperfections in the paint and the palette, hence the quality score of 0.9."}, {"ans": [true, false, 0.95], "reasoning": "The image shows a smartwatch on a marble countertop. The watch is clearly visible and appears to be in good condition. The strap is partially visible, indicating that it is not missing. The image is well-lit and has no noticeable artifacts or distortions. The quality of the image is high, with a score of 0.95 out of 1. The only reason for not giving it a perfect score is the slight shadowing on the countertop, but it does not affect the visibility of the watch."}, {"ans": [true, true, 0.8], "reasoning": "The image is showing a man in a dentist's chair with his mouth open. The mouth is clearly visible, so the answer to the first question is True. The tongue is not visible inside the mouth, so the answer to the second question is True. The image quality is good, with clear details of the scene, but there are some surreal elements (like the cracking face) that might slightly reduce the quality score due to their unnatural appearance. However, the main subject and context are clear, so the quality score remains relatively high at 0.8."}, {"ans": [true, false, 0.95], "reasoning": "The image clearly shows a motorcycle in the center of the frame, indicating that the main object is present. The motorcycle is depicted with its handlebars visible, so they are not missing or invisible. The image is of high quality, with clear details and no significant artifacts or distortions, though there are some stylized light streaks that could be considered a minor artistic effect rather than a quality issue."}, {"ans": [true, false, 0.95], "reasoning": "The image is showing a vintage television set with its lower cabinet open, revealing the internal electronics. The screen is visible and appears to be intact, although it may be displaying a static or off-air image. The overall condition of the image is clear and well-defined, with good lighting and no visible artifacts or distortions. The quality score is 0.95, indicating a high-quality image. For question 1, the answer is True because the image is showing a television. For question 2, the answer is False because the screen is visible and not missing."}, {"ans": [true, false, 0.9], "reasoning": "The image is showing a goat with horns, so the answer to the first question is True. The horns are visible, so the answer to the second question is False. The image is clear and well-defined, but there is some blurring in the background, hence the quality score is 0.9."}, {"ans": [true, false, 0.95], "reasoning": "The image clearly shows a red sneaker with white soles and red laces. The sneaker is positioned on a bench in front of gray lockers. The laces are visible and appear to be intact, threaded through the eyelets. The image is sharp and well-lit, with no noticeable artifacts or distortions that would detract from its quality. The main object, the sneaker, is clearly visible. Therefore, the answer to Question 1 is True because the image is showing a sneaker. The answer to Question 2 is False because the laces are present and visible. The quality of the image is rated 0.95 out of 1, as it is clear and well-defined, with only minor potential deductions for the slight wear visible on the soles and bench, but these do not significantly impact the overall clarity or the visibility of the sneaker or its laces."}, {"ans": [true, false, 0.95], "reasoning": "The image clearly shows a frog sitting on a lily pad in the water. The frog is centered and clearly visible, indicating that the main object (the frog) is present. The eyes of the frog are also visible, which means they are not missing or invisible. The image is sharp and clear, with good lighting and no visible artifacts or distortions that would detract from its quality. The only reason the quality is not rated as 1 is due to the slight blurring of the water in the background, but this does not affect the main subject."}, {"ans": [true, false, 1.0], "reasoning": "The image clearly shows a mug with a handle, so the answer to the first question is True. The handle is visible, so the answer to the second question is False. The image is of high quality, with clear details and no visible artifacts or distortions, so the quality score is 1.0."}, {"ans": [true, false, 0.9], "reasoning": "The image clearly shows two saxophones, so the answer to Question 1 is True. The keys on the saxophones are visible, so the answer to Question 2 is False. The image quality is high, with clear details of the saxophones and their keys. The only reason for not giving it a perfect score is the slight presence of shadows and reflections, but it does not significantly impact the visibility of the main objects."}, {"ans": [true, false, 0.95], "reasoning": "The image shows a skateboard with its bottom facing upwards, resting on a brick surface. The skateboard has a wooden deck and is equipped with trucks and yellow wheels, which are clearly visible. Therefore, the answer to Question 1 is True because the image is showing a skateboard. The answer to Question 2 is False because the wheels are not missing; they are visible and appear to be in place. The image quality is rated 0.95 out of 1 because it is clear and well-lit, with no significant artifacts or distortions that would detract from the visibility of the skateboard."}, {"ans": [true, false, 0.95], "reasoning": "The image shows a black fedora hat on a wooden stand. The hat has a visible brim, which is a key characteristic of a fedora. The image is clear and well-lit, with no visible artifacts or distortions that would affect the quality. The quality score is 0.95 because the image is very clear and well-defined, with only a slight texture visible on the hat and the background."}, {"ans": [true, false, 0.9], "reasoning": "The image clearly shows a motorcycle helmet on a workbench, with various tools scattered around it. The helmet is black and has a visor that is currently up. The visor is visible and not missing. The image is well-lit and in focus, with no visible artifacts or distortions that would detract from its quality. The main object, the motorcycle helmet, is clearly visible, so the answer to the first question is True. The visor is present and visible, so the answer to the second question is False. The quality of the image is high, with clear details of the helmet and the surrounding environment, so the quality score is 0.9."}, {"ans": [true, true, 0.95], "reasoning": "The image is showing a bedframe, which matches the description in Question 1. The mattress is not visible, so the answer to Question 2 is true. The image quality is high, with clear details and no visible artifacts or distortions, so the quality score is 0.95."}, {"ans": [true, false, 1.0], "reasoning": "The image clearly depicts a clock tower with a visible clock face. The clock tower is the main object in the image, and it is centered and well-defined. The clock face is also clearly visible on the front of the tower. There are no visible artifacts, blurring, or other issues that would affect the quality of the image. Therefore, the answer to Question 1 is True because the image is showing a clock tower. The answer to Question 2 is False because the clock face is visible. The quality of the image is rated as 1.0 because it is clear and well-defined, with no noticeable issues."}, {"ans": [true, false, 0.95], "reasoning": "The image clearly shows a pocket watch with its cover open, revealing the intricate details of its mechanism and the clock face. The hands of the watch are visible, indicating the time. The image is of high quality, with clear details and no visible artifacts or distortions that would detract from the visibility of the watch or its components. The quality score is 0.95 because the image is very clear and detailed, with proper lighting that highlights the features of the pocket watch without any noticeable issues such as blurring, unnatural color, noise, or deformed objects."}, {"ans": [true, true, 0.95], "reasoning": "The image clearly shows a bicycle, which is the main object. The bicycle appears to be a road bike with a red frame and silver components. Upon closer inspection, it is evident that the pedals are not visible, as they are likely obscured by the crank arm and chainring. The image is well-lit, with clear details of the bicycle's components, and there are no visible artifacts or distortions that would affect the overall quality. Therefore, the answer to Question 1 is True, as the image is showing a bicycle. The answer to Question 2 is also True, as the pedals are not visible. The quality of the image is rated 0.95, as it is clear and well-defined, with no noticeable issues."}, {"ans": [true, false, 0.95], "reasoning": "The image shows a portrait of a woman, which is the central painting on the wall. The woman's eyes are visible in the portrait, so they are not missing. The image is of high quality, with clear details and no visible artifacts or distortions. The only reason the quality score is not 1 is because of the slight grain visible upon close inspection."}, {"ans": [true, false, 0.9], "reasoning": "The image is showing a grand piano on a stage with its lid open, revealing the internal mechanisms including the hammers. The presence of the hammers is visible as they are reflected in the shiny surface of the piano lid. The image is of high quality with clear details and no visible artifacts or distortions that would significantly impact the visibility of the main object or its components."}, {"ans": [true, true, 0.95], "reasoning": "The image depicts a sailing ship, which is the main object. The ship has two masts with rigging but no visible sails. The absence of sails is noticeable as the yards are bare. The image is clear and well-defined, showing the details of the ship and its surroundings. The quality of the image is high, with no visible artifacts or distortions. Therefore, the answer to Question 1 is True because the image shows a sailing ship. The answer to Question 2 is True because the sails are not visible. The quality score is 0.95, indicating a very high-quality image."}, {"ans": [true, false, 1.0], "reasoning": "The image shows a large tree with a thick trunk and sprawling branches. The tree appears to be an oak tree, as it has the characteristic lobed leaves and sturdy branches. The leaves are visible, although they are sparse and some branches are bare. The image is clear and well-lit, with no visible artifacts or distortions. The quality of the image is high, with a score of 1. For question 1, the image is showing an oak tree, so the answer is True. For question 2, the leaves are visible on the tree, so the answer is False."}, {"ans": [true, false, 0.9], "reasoning": "The image depicts a stone cottage with a sloping roof and a chimney, surrounded by trees and vines. The cottage is the main object in the image, and it is clearly visible. The door of the cottage is visible and appears to be present, so it is not missing. The image is of high quality, with clear details and no visible artifacts or distortions. The only reason for not giving it a perfect score is the slight blurring of the background due to the depth of field, but this does not detract significantly from the overall quality."}, {"ans": [true, false, 1.0], "reasoning": "The image clearly shows a passenger jet on a runway. The wings are visible and not missing. The image is of high quality with clear details and no visible artifacts or distortions."}, {"ans": [true, true, 0.95], "reasoning": "The image clearly shows a wristwatch in a box. The watch face is visible and has no numbers on it, only the hour and minute hands are present. The watch is centered in the image, and the details are clear. The image quality is high, with no visible artifacts or blurring. The quality score is 0.95 because the image is sharp and well-lit, with no noticeable issues."}, {"ans": [true, false, 0.95], "reasoning": "The image is showing a pizza, which is the main object. The pizza has a red sauce base, topped with basil leaves and what appears to be mozzarella cheese, although the cheese is not very prominent. The crust is visible and has a golden-brown color. The image is clear and well-lit, with no visible artifacts or distortions. The quality of the image is high, with a score of 0.95 out of 1. The cheese is visible, so it is not missing."}, {"ans": [true, false, 0.9], "reasoning": "The image clearly shows traffic signals with visible lights. The main object, traffic signals, is present. The lights on the traffic signals are visible, although one of them is overexposed due to the sun's glare. The image is of high quality, with clear details of the scene, but the overexposure slightly affects the quality. Therefore, the quality score is 0.9."}, {"ans": [true, false, 0.9], "reasoning": "The image clearly shows a skateboard with a colorful deck and yellow wheels. The skateboard is lying on the ground, and its wheels are visible, indicating that they are not missing. The image is well-lit, and the details of the skateboard are clear, suggesting a high-quality image. However, the quality score is not 1 because the concrete ground has some visible dirt and debris, and there are shadows cast by the skateboard and possibly other objects, which might slightly affect the image's clarity."}, {"ans": [true, true, 0.9], "reasoning": "The image clearly shows a chessboard with pieces arranged on it, so the answer to the first question is True. The black pieces are not visible on the chessboard, as only the white pieces are present, so the answer to the second question is True. The image is of high quality, with clear details and no visible artifacts or distortions, so the quality score is 0.9."}, {"ans": [true, true, 0.95], "reasoning": "The image shows a red sports car in a showroom. The car is clearly visible and appears to be in good condition. The brakes are not visible as the image is taken from the side and the wheels are covering the brake components. The image is well-lit and there are no visible artifacts or distortions that would affect the quality. The quality score is 0.95 out of 1 because the image is very clear and well-lit, but there might be a slight reflection on the car's surface."}, {"ans": [true, true, 1.0], "reasoning": "The image is showing an open book on a wooden table. The pages are blank and there is no text visible. The image is clear and well-lit, with no visible artifacts or distortions. Therefore, the answer to Question 1 is True because the image is showing a book. The answer to Question 2 is True because the text is missing or not visible from the book. The quality of the image is rated as 1.0 because it is clear and well-lit, with no visible issues."}, {"ans": [true, false, 1.0], "reasoning": "The image clearly shows a computer tower with visible internal components, including fans. The fans are visible through the transparent case, so they are not missing or invisible. The image is of high quality, with clear details and no visible artifacts or distortions."}, {"ans": [true, false, 1.0], "reasoning": "The image clearly shows a scarecrow standing in a field. The scarecrow is wearing a hat and a plaid shirt, and has straw stuffed into its body. The arms of the scarecrow are visible and outstretched, indicating that they are not missing. The image is clear and well-defined, with no visible artifacts or distortions that would affect the quality."}, {"ans": [true, true, 0.9], "reasoning": "The image depicts a knight in armor, which directly answers the first question. The knight is wearing full armor and there is no visible sword, answering the second question. The image quality is high, with detailed rendering of the armor and the background. However, the quality score is slightly less than 1 due to minor visible brush strokes and texture, indicating it is a painting."}, {"ans": [true, false, 1.0], "reasoning": "The image clearly shows a teapot with a handle, spout, and lid, decorated with a floral pattern. The teapot is placed on a bamboo tray. The handle is visible and present on the teapot, so it is not missing. The image is sharp and clear, with no visible artifacts or distortions, indicating high quality."}, {"ans": [true, false, 0.9], "reasoning": "The image clearly shows a basketball hoop with a net. The net is visible and appears to be intact, although it is splashing water, indicating it is present and not missing. The image is of high quality, with clear details of the hoop, net, and basketball. The only reason for not giving it a perfect score is the presence of water splashes and some dirt on the backboard, but these do not significantly detract from the overall clarity."}, {"ans": [true, false, 0.9], "reasoning": "The image clearly shows a dining table set with plates, cutlery, and glasses. The main object, the dining table, is present. For the second question, the glasses are visible on the table, so they are not missing. The image is of high quality, with clear details and no visible artifacts or distortions, though the slight angle and cropping might reduce the quality score slightly."}, {"ans": [true, false, 0.9], "reasoning": "The image clearly shows a vintage typewriter with a sheet of paper in it. The typewriter is positioned on a wooden desk, and there are other papers and books around it. The ribbon is visible and appears to be in place, although it is red and somewhat worn. The image is sharp and well-defined, with good contrast and no visible artifacts or distortions. The quality of the image is high, with a score of 0.9 out of 1. The main object, the typewriter, is clearly visible, so the answer to the first question is True. The ribbon is visible, so the answer to the second question is False."}, {"ans": [true, true, 0.98], "reasoning": "The image shows a winter jacket hanging on a coat rack. The main object, a winter jacket, is clearly visible, so the answer to the first question is True. Upon closer inspection, it is evident that the jacket is fastened with buttons rather than a zipper, indicating that a zipper is missing or not visible. Therefore, the answer to the second question is also True. The image is of high quality, with clear details and no visible artifacts or distortions, hence the quality score is 0.98."}, {"ans": [true, false, 0.9], "reasoning": "The image clearly depicts a sunflower facing the camera, with its face fully visible and backlit by the sun. The seeds are visible on the flower head, arranged in a spiral pattern. The image is sharp and well-defined, with vibrant colors and no noticeable artifacts or distortions. The quality is high, with a score of 0.9, as the image is clear and well-lit, with the sunflower being the main focus. The only reason it doesn't score a perfect 1 is due to the slight overexposure around the sun."}, {"ans": [true, false, 0.9], "reasoning": "The image clearly depicts an elephant, which is the main object, so the answer to the first question is True. The trunk of the elephant is visible and clearly seen in the image, so the answer to the second question is False. The image is of high quality, with clear details of the elephant and its surroundings. However, the quality score is not 1 because there are some minor artifacts and slight blurring around the edges of the elephant's ears and the background, which slightly reduces the overall sharpness."}, {"ans": [true, true, 0.95], "reasoning": "The image depicts a white rowboat with a brown wooden seat and trim, floating on a serene lake. The boat is positioned with its bow facing the camera, showcasing its anchor and chain prominently. The oars are not visible in the image. The image is clear and well-defined, with no noticeable artifacts or distortions. The quality of the image is high, with a score of 0.95 out of 1. The main object, the rowboat, is clearly visible, and the absence of oars is evident. Therefore, the answer to Question 1 is True, as the image is showing a rowboat. The answer to Question 2 is also True, as the oars are missing or not visible from the rowboat."}, {"ans": [true, false, 1.0], "reasoning": "The image clearly depicts a snowman in a residential setting. The snowman is adorned with a hat, scarf, and has a visible nose and eyes, as well as buttons on its body. The presence of buttons on the snowman's body directly answers the second question, indicating that the buttons are not missing or invisible. The image is of high quality, with clear details and no visible artifacts or distortions."}, {"ans": [true, false, 0.95], "reasoning": "The image shows a fountain pen with a nib touching a page in an open book. The pen is red with gold accents and appears to be writing or poised to write on the page. The ink is visible as it is being used to write on the paper, so it is not missing. The image is clear and well-focused, showing the details of the pen and the book. The quality of the image is high, with no visible artifacts or distortions that would detract from the viewer's understanding of the scene."}, {"ans": [true, true, 0.9], "reasoning": "The image is showing a paintbrush, which is the main object. The bristles of the paintbrush are not visible as they are likely covered in paint and possibly stuck to the palette. The image is clear and well-lit, showing various colors of paint on the palette and the paintbrush handle. The quality of the image is high, with no noticeable artifacts or blurring. Therefore, the answer to the first question is True, and the answer to the second question is True because the bristles are not visible. The quality score is 0.9 because the image is clear and detailed, but it might be slightly decreased due to the presence of paint splatters and smudges."}, {"ans": [true, false, 1.0], "reasoning": "The image clearly shows a pair of eyeglasses with temples on top of a pile of torn newspaper pages. The main object, the eyeglasses, is present and visible. The temples are also visible, indicating that they are not missing. The image is sharp and well-lit, with no noticeable artifacts or distortions that would affect the quality. Therefore, the quality of the image is rated as 1."}, {"ans": [true, false, 0.9], "reasoning": "The image clearly shows a person holding an umbrella on a rainy street. The umbrella is visible and appears to be intact with its ribs visible under the fabric. The image is sharp and well-lit, with a clear view of the umbrella and its details. The quality is high, with no noticeable artifacts or distortions. The ribs of the umbrella are visible, so they are not missing or invisible."}, {"ans": [true, false, 0.9], "reasoning": "The image shows a wristwatch with a gold face and brown leather strap, encased in a glass dome. The watch face is visible and appears to be a mechanical watch with a skeleton design, showing the inner workings. The hour markers are visible on the watch face, indicating that they are not missing. The image is clear and well-lit, with no visible artifacts or distortions that would affect the quality. The only reason for a lower quality score is the slight reflection on the glass dome, but it does not significantly impact the visibility of the watch."}, {"ans": [true, false, 1.0], "reasoning": "The image shows a camping tent with its structure intact and visible. The poles are present and are supporting the tent's fabric. The image is clear and of high quality, with no visible artifacts, blurring, or other issues that would detract from its quality. The tent is centered in the image, and the surrounding environment is also clearly visible."}, {"ans": [true, false, 0.95], "reasoning": "The image clearly shows a cuckoo clock with intricate carvings and decorations, indicating that it is indeed a cuckoo clock. The presence of chains and pendulums hanging below the clock face suggests that the weights are likely attached to these chains, and they are visible. Therefore, the weights are not missing or invisible. The image is of high quality with clear details and no noticeable artifacts or distortions, hence the quality score is 0.95."}, {"ans": [true, true, 0.95], "reasoning": "The image clearly shows a smartphone with a screen displaying a phone call interface. The phone is standing upright on a table, and the screen is visible. The speaker grille is not visible on the phone, likely because it is not present or is obscured from view. The image is sharp and clear, with no significant artifacts or distortions that would affect the visibility of the phone or its features. The quality of the image is high, with a score of 0.95 out of 1. The main object, the smartphone, is clearly visible, and there are no issues that would significantly impact the understanding of the image."}, {"ans": [true, true, 0.95], "reasoning": "The image clearly shows a motorcycle, which is the main object, so the answer to Question 1 is True. The speedometer is not visible in the image, as the camera is positioned directly behind the motorcycle, showing the front of it, and the speedometer is typically located on the handlebars or dashboard, which is not fully visible. Therefore, the answer to Question 2 is True. The image is of high quality, with clear details and no noticeable artifacts or distortions, so the quality score is 0.95."}, {"ans": [true, true, 0.9], "reasoning": "The image is showing a violin with a bow. The bow appears to be without hair as there is no visible hair on it. The image is clear and well-lit, with the violin and bow being the main focus. The red fabric background is ornate and adds to the overall aesthetic of the image. The quality of the image is high, with no visible artifacts or distortions. The main object, the violin bow, is present, and the hair is not visible, so it is considered missing."}, {"ans": [true, false, 0.9], "reasoning": "The image clearly shows a birdcage hanging from the ceiling of a porch. The birdcage is made of gold-colored metal and has a dome-shaped top. Inside the cage, there is a blue and white bird perched on a decorative stand or perch at the bottom of the cage. The presence of the birdcage is evident, answering the first question as True. For the second question, the perch is visible as the bird is standing on it, so the answer is False. The image quality is high, with clear details and natural lighting, but the quality score is slightly reduced to 0.9 due to the bright sunlight causing some overexposure and glare on the birdcage."}, {"ans": [true, false, 1.0], "reasoning": "The image clearly shows a statue of a woman in a classical style, with intricate details and a marble texture. The statue is intact and has its head, which is visible and not missing. The image is of high quality, with clear details and no visible artifacts or distortions."}, {"ans": [true, false, 1.0], "reasoning": "The image clearly shows a teddy bear sitting on a bed. The teddy bear has a visible nose, so it is not missing. The image is clear and of high quality, with no visible artifacts or distortions. Therefore, the answer to the first question is True, the answer to the second question is False, and the quality score is 1.0."}, {"ans": [true, false, 0.95], "reasoning": "The image clearly shows a pair of white sneakers with laces, leaning against a door. The sneakers are the main object in the image and are easily visible. The laces are present and visible, threaded through the eyelets. The image is well-lit and in focus, with no visible artifacts or distortions that would affect the quality. The only reason the quality score is not 1 is due to the slight shadowing and texture of the rug in the foreground, but this does not detract significantly from the overall clarity of the image."}, {"ans": [true, false, 0.95], "reasoning": "The image clearly shows a refrigerator with its door open, revealing the interior. The main object, the refrigerator, is present. The door shelves are visible on the inside of the door, so they are not missing or invisible. The image is of high quality, with clear details and no visible artifacts or distortions. The slight deduction in quality score is due to the image being a rendering, which might not perfectly capture the real-world texture and lighting."}, {"ans": [true, false, 0.9], "reasoning": "The image depicts a group of people sitting around a campfire, with flames visible. The main object, a campfire, is present, so the answer to Question 1 is True. The flames are visible, so the answer to Question 2 is False. The image is of high quality, with clear details and no noticeable artifacts or distortions, so the quality score is 0.9."}, {"ans": [true, false, 1.0], "reasoning": "The image shows a drinking fountain with water flowing from it, indicating that it is present and visible. The main object, the drinking fountain, is clearly visible in the image. The water is also visible as it flows from the fountain, so it is not missing or invisible. The image is clear and well-lit, with no visible artifacts, blurring, or other issues that would affect its quality."}, {"ans": [true, false, 0.9], "reasoning": "The image clearly shows a revolver with a visible trigger guard. The revolver is the main object in the image, and it is displayed on a green velvet surface. The trigger guard is present and visible, indicating that it is not missing. The image is of high quality, with clear details of the revolver and its components. The only reason for not giving it a perfect score is the slight blurriness around the edges of the image, but this does not affect the visibility of the main object or its key elements."}, {"ans": [true, false, 0.9], "reasoning": "The image depicts a compass rose with a north arrow, which is clearly visible and pointing towards the top of the image. The compass rose is ornately designed and centered in the image, with a map-like background that adds to its aesthetic appeal. The north arrow is present and visible, indicating the direction of north. The image is of high quality, with clear lines and details, although it may have some subtle texture or aging effects that slightly reduce its clarity."}, {"ans": [true, false, 0.9], "reasoning": "The image depicts a futuristic cityscape with tall, sleek skyscrapers that are illuminated by neon lights. The main objects in the image are indeed skyscrapers, so the answer to the first question is True. Upon closer inspection, it is clear that the skyscrapers have windows, although they are not the traditional type. The windows are represented by a grid-like pattern on the buildings' facades, and some of them are lit up from within. Therefore, the answer to the second question is False, as the windows are not missing or invisible. The image is of high quality, with clear and detailed rendering of the cityscape. However, the quality score is not 1 due to the slightly unnatural color palette and the presence of some subtle artifacts around the edges of the buildings. Overall, the image is well-rendered and effectively conveys a sense of a futuristic urban environment."}, {"ans": [true, true, 0.9], "reasoning": "The image shows a conductor standing on a stage with an orchestra. The conductor is wearing a black suit and has his back to the camera, with his right arm raised. The baton is not visible in his hand, suggesting it is either missing or not visible. The image is clear and well-focused, with good lighting and no noticeable artifacts or distortions. The quality of the image is high, with a score of 0.9 out of 1."}, {"ans": [true, true, 1.0], "reasoning": "The image shows a soccer field with a goal at the far end. The goalposts are visible, but there is no visible crossbar connecting them. The image is clear and well-lit, with no visible artifacts or distortions. Therefore, the answer to Question 1 is True because the image is showing a soccer goal. The answer to Question 2 is True because the crossbar is not visible. The quality of the image is rated 1.0 because it is clear and well-defined, with no noticeable issues."}, {"ans": [true, false, 0.95], "reasoning": "The image is showing a microscope with lenses visible. The main object, a microscope, is present in the image. The lenses are also visible, so they are not missing. The image is clear and well-lit, with no visible artifacts or distortions that would affect its quality. The quality score is 0.95 because the image is very clear and detailed, with no noticeable issues."}]