[{"ans": [true, false, 1.0], "reasoning": "The image clearly shows a sailboat on calm waters with a clear blue sky in the background. The main mast and rigging are visible, and there is a sail that appears to be furled or not fully deployed but still present. The image is sharp and well-defined, with no visible artifacts or distortions that would detract from its quality."}, {"ans": [true, true, 0.9], "reasoning": "The image clearly shows a bicycle, so the answer to Question 1 is True. The chain is not visible in the image, so the answer to Question 2 is True. The image is of high quality with clear details, but there are some minor signs of wear and tear on the bicycle and the wall, hence the quality score is 0.9."}, {"ans": [true, false, 0.95], "reasoning": "The image clearly shows a cat sitting on a windowsill. The cat is centered and well-defined, indicating that the main object is present. The whiskers of the cat are visible, so they are not missing or invisible. The image is sharp and clear, with natural colors and no visible artifacts or distortions, hence the high quality score of 0.95."}, {"ans": [true, true, 0.9], "reasoning": "The image depicts a castle with a large, ruined structure in the background and a prominent, sculpted mouth-like entrance. The main object, the castle, is clearly visible, so the answer to Question 1 is True. For Question 2, the gates are not visible, as the entrance is designed to resemble a mouth, so the answer is True. The image quality is high, with clear details and no significant artifacts or distortions, so the quality score is 0.9."}, {"ans": [true, false, 0.9], "reasoning": "The image is showing a hot-air balloon with a visible basket attached to it. The basket is clearly seen hanging from the balloon, so it is not missing or invisible. The image is of high quality, with clear details and no visible artifacts or distortions that would significantly affect the visibility of the main object or its key elements. The slight double vision effect on the balloon's envelope is noticeable but does not significantly detract from the overall quality."}, {"ans": [true, false, 0.9], "reasoning": "The image clearly shows a turtle with a visible shell on a sandy beach. The turtle is centered in the image, and its shell is prominent and easily visible. The image is well-lit, and the details of the turtle's body and shell are clear, indicating a high-quality image. The presence of the shell is evident, so the answer to the second question is False. The quality of the image is high, with no visible artifacts or distortions that would detract from the clarity of the subject, so the quality score is 0.9. The slight deduction from 1 is due to a minor overexposure on the left side of the image."}, {"ans": [true, false, 0.9], "reasoning": "The image clearly shows a train on the tracks, so the answer to the first question is True. The wheels of the train are visible, so the answer to the second question is False. The image is of high quality, with clear details of the train and its surroundings, so the quality score is 0.9. The slight decrease from 1 is due to the presence of some shadows and slight overexposure on parts of the train."}, {"ans": [true, false, 0.9], "reasoning": "The image clearly shows a pair of eyeglasses with lenses on a glass table. The lenses are visible and not missing. The image is sharp and well-lit, with no noticeable artifacts or distortions that would detract from its quality. The only reason for not giving it a perfect score is the slight reflection on the glass table, but it does not significantly impact the visibility of the eyeglasses."}, {"ans": [true, false, 0.9], "reasoning": "The image shows two parts of a fountain pen on a decorative surface. The main object in the image is indeed a fountain pen, as it includes a nib and what appears to be the pen's body or cap. The nib is clearly visible on the lower part of the pen, lying on the paper, indicating that it is not missing. Therefore, the answer to Question 1 is True. For Question 2, since the nib is visible, the answer is False. The image quality is high, with clear details of the pen and its surroundings. However, the quality score is not 1 due to the slightly aged or textured appearance of the image, which might be considered a minor artifact. Nonetheless, it does not significantly detract from the visibility of the main object or its details."}, {"ans": [true, true, 0.9], "reasoning": "The image depicts an umbrella without its canopy, leaning against a wall next to a chair. The metal frame of the umbrella is visible, indicating that it is indeed an umbrella. The canopy is missing, as evidenced by the absence of fabric or any other material covering the metal ribs. The image is clear and well-lit, with no significant artifacts or distortions that would affect the quality. Therefore, the answer to Question 1 is True, as the image shows an umbrella. The answer to Question 2 is also True, as the canopy is missing. The quality of the image is rated 0.9, as it is clear and well-defined, with no significant issues."}, {"ans": [true, false, 1.0], "reasoning": "The image clearly shows a large white airplane on a runway, with its wings fully visible. The presence of the airplane directly answers the first question. For the second question, the wings are clearly visible, so they are not missing or invisible. The image is of high quality with no visible artifacts, blurring, or other issues that would detract from its clarity."}, {"ans": [true, false, 0.95], "reasoning": "The image is showing a desk lamp with a brass body and a shade, and it is turned on, indicating that it has a bulb. The bulb is visible as a bright spot inside the shade. The image is clear and well-lit, with no visible artifacts or distortions. The quality of the image is high, with a score of 0.95 out of 1. The main object, the desk lamp, is present and clearly visible. The bulb is also visible, so it is not missing or not visible."}, {"ans": [true, false, 0.95], "reasoning": "The image is showing an electric guitar with a visible neck. The guitar is hanging on a wall and is well-lit, with a clear view of its body and neck. The neck is not missing or invisible; it is clearly visible and attached to the body of the guitar. The image quality is high, with no visible artifacts, blurring, or other issues that would detract from the overall clarity of the image. The only reason the quality score is not 1 is due to the slight shadowing and texture of the wall, but these do not significantly impact the visibility of the guitar."}, {"ans": [true, false, 0.9], "reasoning": "The image depicts a crystal sculpture of a fish with visible fins, indicating that the main object is indeed a fish. The fins are clearly visible, so they are not missing or invisible. The image is of high quality, with clear details and no visible artifacts or distortions, though there is some reflection and light play that could slightly affect the score."}, {"ans": [true, false, 0.95], "reasoning": "The image is showing a small brick cottage with a roof. The roof is visible, so it is not missing or not visible. The image is clear and of good quality, with no visible artifacts, blurring, or other issues that would affect the quality score. The main object, the cottage, is clearly visible."}, {"ans": [true, false, 0.9], "reasoning": "The image shows a car, specifically a vintage convertible with its doors and hood open. The windshield is visible, although it is partially folded down. The image is clear and well-lit, with no visible artifacts or distortions that would affect the quality. The presence of other cars in the background adds context to the scene. The quality score is 0.9 because the image is sharp and clear, but there might be a slight loss of detail in the shadows or reflections on the car's surface."}, {"ans": [true, true, 0.9], "reasoning": "The image shows a transparent keyboard with illuminated keys. The main object in the image is indeed a keyboard, so the answer to the first question is True. Upon closer inspection, it is evident that the spacebar is missing, as there is a visible gap in the bottom row of keys where the spacebar should be. Therefore, the answer to the second question is also True. The image quality is high, with clear details and vibrant colors, but the brightness of the keyboard lights causes some overexposure, hence the quality score is 0.9 instead of 1."}, {"ans": [true, false, 0.95], "reasoning": "The image clearly depicts an owl perched on a branch, with detailed feathers visible across its body. The presence of the owl is evident, fulfilling the condition for Question 1. For Question 2, the feathers are not missing or invisible; they are clearly visible and detailed. The image is of high quality, with clear and sharp details, and no visible artifacts or distortions that would detract from its quality. The score of 0.95 is due to the image being very clear and well-rendered, with only a minor deduction for not being perfect."}, {"ans": [true, false, 0.95], "reasoning": "The image shows a book with its cover open, revealing the pages inside. The pages are visible and not missing. The image is clear and well-lit, with no visible artifacts or distortions. The quality of the image is high, with a score of 0.95 out of 1. The main object in the image is a book, which is clearly visible, so the answer to Question 1 is True. The pages of the book are visible, so the answer to Question 2 is False."}, {"ans": [true, false, 0.9], "reasoning": "The image depicts a lighthouse on a rocky outcrop, with a cloudy and rainy sky. The lighthouse is white with a black railing around the top section, and there is scaffolding around the lantern room. The lantern room appears to be intact, suggesting that the lamp is present but not visible due to the scaffolding or the weather conditions. The image is clear and well-defined, with no visible artifacts or distortions that would affect the quality. Therefore, the answer to Question 1 is True because the image shows a lighthouse. The answer to Question 2 is False because the lamp is not missing; it is just not clearly visible. The quality of the image is rated 0.9 because it is clear and well-defined, with no significant issues affecting the visibility of the main object."}, {"ans": [true, false, 1.0], "reasoning": "The image clearly shows an armchair with visible legs. The chair is positioned on a rug in a well-lit room with a neutral color scheme. The legs of the chair are visible and appear to be made of wood. The image is sharp and clear, with no visible artifacts or distortions. Therefore, the answer to Question 1 is True because the image is showing an armchair. The answer to Question 2 is False because the legs are visible. The quality of the image is rated as 1 because it is clear and well-defined, with no noticeable issues."}, {"ans": [true, true, 0.9], "reasoning": "The image is showing a deer, which is the main object. The deer appears to be without antlers, and upon closer inspection, it is clear that the antlers are not visible. The image is of high quality, with clear details and no visible artifacts or distortions. The only reason for not giving it a perfect score is the slight glow around the deer due to the sunlight, but it does not significantly impact the overall quality."}, {"ans": [true, false, 1.0], "reasoning": "The image shows a white envelope with a flap, which is visible and not missing. The envelope is centered on a marble surface, and the image is clear and of high quality. There are no visible artifacts, blurring, or other issues that would affect the quality score."}, {"ans": [true, true, 1.0], "reasoning": "The image is showing a wall clock, which is the main object. The clock face is white with black hands but lacks numbers, so the numbers are missing. The image is clear and of high quality, with no visible artifacts or distortions."}, {"ans": [true, false, 0.9], "reasoning": "The image shows an astronaut in a white space suit submerged in a pool of water. The space suit is fully visible, including the helmet, which is transparent and contains the astronaut's head. The image is clear and well-lit, with good visibility of the details of the space suit and the surrounding environment. The quality of the image is high, with no noticeable artifacts or distortions. Therefore, the answer to Question 1 is True, as the image is showing a space suit with a helmet. The answer to Question 2 is False, as the helmet is visible. The quality score is 0.9, as the image is clear and well-defined, but may have some minor ripples or reflections on the water's surface."}, {"ans": [true, false, 0.95], "reasoning": "The image clearly shows a windmill with visible blades standing in a field of wheat. The main object, the windmill, is present and identifiable. The blades are also visible, indicating they are not missing. The image is clear and well-defined, with no significant artifacts or distortions that would detract from its quality. The slight double vision effect on the windmill is minor and does not significantly impact the overall quality."}, {"ans": [true, true, 0.9], "reasoning": "The image clearly shows a large tree with bare branches, indicating that it is either winter or the tree is dead. The main object in the image is the tree, which is visible and prominent. Therefore, the answer to the first question is True. The leaves are not visible on the tree, so the answer to the second question is also True. The image is of high quality, with clear details and no visible artifacts or distortions, so the quality score is 0.9."}, {"ans": [true, true, 0.9], "reasoning": "The image shows the rear of a yellow school bus, which is a type of bus. The doors are not visible as the image is taken from the back. The image is clear and well-lit, with no visible artifacts or distortions that would affect the quality. The quality score is 0.9 because the image is sharp and clear, but there might be some minor rust spots or dirt on the bus that slightly affect its clarity."}, {"ans": [true, false, 1.0], "reasoning": "The image clearly shows a laptop with its screen open and visible. The laptop is positioned on a table, and the screen is facing the viewer, although it is not displaying any content. The image is sharp and well-lit, with no visible artifacts or distortions. Therefore, the answer to Question 1 is True because the image is showing a laptop. The answer to Question 2 is False because the screen is visible. The quality of the image is rated as 1 because it is clear and well-defined, with no noticeable issues."}, {"ans": [true, true, 0.9], "reasoning": "The image shows a brass instrument, specifically a cornet, resting on a red velvet fabric. The instrument is gold in color and has a complex system of valves and tubing. The mouthpiece is not visible, suggesting it is either missing or not attached. The image is clear and well-lit, with no visible artifacts or distortions that would detract from its quality. The overall quality of the image is high, with a score of 0.9 out of 1.0."}, {"ans": [true, false, 1.0], "reasoning": "The image clearly depicts a robot with a visible head in a laboratory setting. The robot is the main object, and its head is clearly visible, so the answer to the first question is True. Since the head is visible, the answer to the second question is False. The image is of high quality, with clear details and no visible artifacts or distortions, so the quality score is 1.0."}, {"ans": [true, true, 0.9], "reasoning": "The image shows a candle on a decorative tray. The candle is the main object and is clearly visible. There is no visible wick on the candle. The image is clear and well-lit, with no significant artifacts or distortions that would affect the quality. The quality score is 0.9 because the image is very clear, but there might be a slight loss of detail due to the lighting or camera settings."}, {"ans": [true, false, 0.95], "reasoning": "The image is showing a pizza with visible toppings including cheese, basil leaves, and olives. The cheese is visible on the pizza, so it is not missing. The image is clear and well-lit, with no visible artifacts or distortions that would affect the quality. The quality score is 0.95 because the image is very clear and detailed, with only minor specks of dust or flour on the surface that do not detract from the overall quality."}, {"ans": [true, true, 0.9], "reasoning": "The image shows a DSLR camera body with the lens mount exposed and no lens attached. The camera is sitting on a wooden shelf against a white wall. The image is clear and well-lit, with no visible artifacts or distortions. The camera body is the main object in the image, and it is clearly visible. The lens is missing, as evidenced by the exposed lens mount. Therefore, the answer to Question 1 is True, and the answer to Question 2 is True. The quality of the image is high, with a score of 0.9, as it is clear and well-lit, with no visible artifacts or distortions."}, {"ans": [true, false, 0.95], "reasoning": "The image shows a grand piano on a stage in an auditorium. The piano is visible and appears to be in good condition. The keys of the piano are visible, so they are not missing or not visible. The image is clear and well-lit, with no visible artifacts or distortions that would affect its quality. The quality score is 0.95 because the image is very clear and well-composed."}, {"ans": [true, true, 0.8], "reasoning": "The image shows a paint palette with various colors of paint on it. There is a paintbrush visible on the left side of the image, partially out of frame. The bristles of the paintbrush are not visible, suggesting that they may be covered in paint or not present. The image is clear and well-lit, with no visible artifacts or distortions. The quality of the image is high, with a score of 0.8 out of 1. The main object, the paintbrush, is present, so the answer to the first question is true. The bristles are not visible, so the answer to the second question is true."}, {"ans": [true, false, 1.0], "reasoning": "The image clearly shows a watch with a strap on a granite countertop. The watch is the main object in the image, and it is visible in detail. The strap is also visible, attached to the watch case. The image is sharp and clear, with no visible artifacts or distortions. Therefore, the answer to Question 1 is True, as the image is showing a watch. The answer to Question 2 is False, as the strap is not missing or not visible. The quality of the image is rated 1.0, as it is a high-quality image with no visible issues."}, {"ans": [true, true, 0.9], "reasoning": "The image is showing a patient in a dentist's chair with their mouth open. The mouth is the main object of the image, and it is clearly visible. Therefore, the answer to the first question is True. The tongue is not visible in the image, likely due to the bright light shining into the mouth, so the answer to the second question is True. The image quality is generally good, with clear details of the dental equipment and the patient's face, but the bright light causes some overexposure, hence a quality score of 0.9."}, {"ans": [true, false, 0.9], "reasoning": "The image clearly depicts a motorcycle, fulfilling the first question. The motorcycle is shown with its handlebars visible, answering the second question as false because the handlebars are not missing or invisible. The image quality is high, with clear details and vibrant colors, but slight neon glow artifacts around the lights reduce the quality score to 0.9."}, {"ans": [true, false, 1.0], "reasoning": "The image clearly shows a vintage television set with a visible screen, although the screen's display is distorted. The television is the main object in the image, and it is intact with a screen present. Therefore, the answer to the first question is True. For the second question, since the screen is visible, the answer is False. The image quality is high, with clear details of the television and its surroundings, so the quality score is 1."}, {"ans": [true, true, 0.9], "reasoning": "The image is showing a goat, which is the main object. The goat appears to be without horns, as there are no visible horns on its head. The image is clear and well-focused, showing the details of the goat and its surroundings. The quality of the image is high, with a score of 0.9, indicating that it is a good representation of the scene. The only reason for not giving it a perfect score is the slight blurring in the background."}, {"ans": [true, false, 1.0], "reasoning": "The image clearly shows a red sneaker with white laces, sitting on a metal bench in front of gray lockers. The sneaker is a Converse All Star model, and it is facing to the right. The laces are visible and appear to be properly tied. The image is well-lit and in focus, with no visible artifacts or distortions. Therefore, the answer to Question 1 is True, as the image is showing a sneaker. The answer to Question 2 is False, as the laces are visible and not missing. The quality of the image is rated as 1.0, as it is clear and well-defined, with no visible issues."}, {"ans": [true, false, 0.9], "reasoning": "The image clearly shows a green frog sitting on a lily pad in the water. The frog's eyes are visible and clearly seen, so they are not missing. The image is sharp and clear, with no visible artifacts or distortions that would detract from its quality. The only slight deduction in quality score is due to minor blurring around the edges of the image, but this does not significantly impact the overall clarity of the main subject, the frog."}, {"ans": [true, false, 1.0], "reasoning": "The image clearly shows a mug with a handle on the right side. The mug is white with blue floral patterns and is placed on a matching saucer. The handle is visible and intact, indicating that it is not missing. The image is sharp and well-lit, with no visible artifacts or distortions that would affect the quality. Therefore, the answer to Question 1 is True because the image is showing a mug. The answer to Question 2 is False because the handle is present and visible. The quality of the image is rated 1.0 because it is clear and well-defined, with no noticeable issues."}, {"ans": [true, false, 0.9], "reasoning": "The image clearly shows a saxophone, which is the main object in the picture. The saxophone is fully visible with its keys and other parts clearly discernible, indicating that the keys are not missing. The image is of high quality, with clear details and no visible artifacts or distortions that would affect the visibility of the saxophone or its keys. The slight decrease in quality score is due to the presence of some reflections and lighting effects, but these do not significantly impact the overall clarity of the image."}, {"ans": [true, true, 0.9], "reasoning": "The image shows a broken skateboard lying on a brick-paved surface. The skateboard is clearly visible, although it is broken into pieces. The main object, the skateboard, is present. The wheels are not visible, as the trucks are broken and the wheels are likely missing or detached. The image is clear and well-lit, with no significant artifacts or distortions. The quality of the image is high, with a score of 0.9."}, {"ans": [true, false, 1.0], "reasoning": "The image shows a black fedora hat on a wooden stand. The hat is clearly visible and has a brim, which is not missing or invisible. The image is of high quality, with no visible artifacts, blurring, or other issues that would affect the quality score."}, {"ans": [true, false, 0.9], "reasoning": "The image clearly shows a motorcycle helmet on a workbench, with the visor present and visible. The helmet is black and white, and the visor is transparent, indicating it is not missing. The image is well-lit and in focus, with various tools scattered around the workbench, suggesting a workshop setting. The quality of the image is high, with clear details of the helmet and its surroundings. However, the quality score is not 1 due to the presence of some minor dirt and grime on the workbench and the helmet, which slightly detracts from the overall clarity."}, {"ans": [true, true, 1.0], "reasoning": "The image clearly shows a bedframe without a mattress. The bedframe is the main object in the image and is visible in its entirety. The mattress is not present on the bedframe, and there is no indication that it is hidden from view. Therefore, the answer to Question 1 is True, and the answer to Question 2 is also True. The image is of high quality, with clear details and no visible artifacts or distortions, so the quality score is 1.0."}, {"ans": [true, false, 0.95], "reasoning": "The image shows a tall brick tower with a clock face on one side, situated in the center of a town square. The clock face is visible, indicating that it is not missing. The image is clear and well-lit, with no visible artifacts or distortions that would affect its quality. The main object, the clock tower, is clearly visible and appears to be in good condition. The quality of the image is high, with a score of 0.95 out of 1. The only reason for not giving it a perfect score is the slight presence of clouds in the sky, but this does not detract from the main subject."}, {"ans": [true, false, 0.95], "reasoning": "The image clearly shows a pocket watch with its cover open, revealing the inner mechanisms and the clock face. The hands of the watch are visible, indicating the time. The image is of high quality, with clear details and no visible artifacts or distortions that would detract from the overall clarity. The presence of the hands on the watch face directly answers the second question, confirming they are not missing or invisible."}, {"ans": [true, true, 1.0], "reasoning": "The image is clearly showing a bicycle. The bicycle appears to be leaning against a stone wall, and it is red and white in color. Upon closer inspection, it is evident that the pedals are not visible, suggesting that they might be missing or not visible due to the angle of the bike. The image is sharp and well-lit, with no visible artifacts or distortions that would affect the quality. Therefore, the quality of the image is rated as 1.0."}, {"ans": [true, false, 0.95], "reasoning": "The image shows a portrait of a woman with her eyes visible, hanging on a wall in an art gallery. The main object, the portrait, is clearly visible and identifiable as a woman. The eyes are also visible, so they are not missing or invisible. The image is well-lit and clear, with no significant artifacts or distortions that would affect the visibility of the main object or its details. The quality of the image is high, with a score of 0.95 out of 1. The slight deduction is due to the subtle reflection on the floor, but it does not significantly impact the overall quality."}, {"ans": [true, false, 0.7], "reasoning": "The image depicts a grand piano on a stage, with its top lifted and shining under stage lights. The hammers inside the piano are visible, indicating that they are not missing. The image is well-lit, but the overall quality is slightly compromised by the presence of artifacts and unnatural lighting effects, which reduces the quality score to 0.7."}, {"ans": [true, false, 0.9], "reasoning": "The image depicts a sailing ship with visible sails, indicating that it is indeed a sailing ship and the sails are not missing. The image is clear and well-defined, showing the details of the ship and its sails. The quality of the image is high, with no visible artifacts or distortions that would detract from the overall clarity. Therefore, the answer to Question 1 is True, and the answer to Question 2 is False. The quality score is 0.9, as the image is very clear and detailed, but not perfect due to slight rendering artifacts around the hull."}, {"ans": [true, false, 0.9], "reasoning": "The image depicts a large tree with sprawling branches and a thick trunk, which appears to be an oak tree. The tree has leaves, so the answer to the first question is True. Since the leaves are visible, the answer to the second question is False. The image is of high quality, with clear details and no visible artifacts or distortions, so the quality score is 0.9."}, {"ans": [true, true, 0.9], "reasoning": "The image depicts a stone cottage with ivy covering parts of it, situated in a wooded area. The cottage is visible and appears to be the main object in the image, so the answer to the first question is True. The door of the cottage is not visible, as it is likely on the side or front that is not shown in the image, so the answer to the second question is True. The image is of high quality, with clear details and no visible artifacts or distortions, so the quality score is 0.9."}, {"ans": [true, false, 1.0], "reasoning": "The image clearly shows a passenger jet on a runway. The wings of the jet are visible, so they are not missing or invisible. The image is sharp and clear, with no visible artifacts or distortions, indicating high quality."}, {"ans": [true, true, 0.95], "reasoning": "The image clearly shows a wristwatch with a white face and a light-colored leather strap. The watch face has minimalistic design with only a few numbers visible, specifically '6' at the top and what appears to be '3' at the bottom right. The overall design and clarity of the watch are evident, indicating that the main object is indeed a wristwatch. For the second question, the numbers on the watch face are largely missing or not visible, as only two numbers can be seen. The image quality is high, with clear details of the watch and its surroundings. There are no visible artifacts, blurring, or other issues that would significantly impact the quality score."}, {"ans": [true, false, 0.95], "reasoning": "The image is showing a pizza with a red sauce base, topped with basil leaves, mushrooms, and other ingredients. The crust is visible and appears to be cooked. The pizza is cut into slices and placed on a wooden board. The image is clear and well-lit, with no visible artifacts or distortions. The quality of the image is high, with a score of 0.95 out of 1. The pizza is the main object in the image, and it is clearly visible. Therefore, the answer to Question 1 is True. Upon closer inspection, it appears that there is some cheese visible under the sauce and on the crust, so the answer to Question 2 is False."}, {"ans": [true, false, 0.9], "reasoning": "The image clearly shows traffic signals with visible lights. The main object, traffic signals, is present. The lights on the traffic signals are also visible, so they are not missing. The image is of high quality, with clear details and no noticeable artifacts or distortions. The only reason for not giving it a perfect score is the slight overexposure due to the sun, but it doesn't significantly affect the visibility of the main elements."}, {"ans": [true, true, 0.9], "reasoning": "The image shows a skateboard with its trucks and wheels partially detached and lying next to it on the ground. The main object in the image is indeed a skateboard, so the answer to the first question is True. For the second question, the wheels are not attached to the skateboard; they are seen lying on the ground, indicating they are missing from the skateboard. Therefore, the answer is True. The image quality is rated 0.9 because it is clear and well-lit, with no significant artifacts or blurring that obscures the main object."}, {"ans": [true, true, 0.9], "reasoning": "The image is showing a chessboard with pieces on it. The chessboard is clearly visible and is the main object in the image. The black pieces are not visible as they are supposed to be on the opposite side of the board, which is not shown in the image. The image is of high quality with clear details and no visible artifacts or distortions. The quality score is 0.9 because the image is clear and well-lit, but it is not perfect due to slight shadowing and texture on the red fabric background."}, {"ans": [true, false, 0.95], "reasoning": "The image is showing a red sports car, which is the main object. The brakes are visible as red calipers behind the black rims, so they are not missing or invisible. The image is of high quality with clear details and no visible artifacts or distortions. The slight deduction in quality score is due to the reflection on the floor, which is not a significant issue."}, {"ans": [true, true, 0.95], "reasoning": "The image shows an open book on a wooden table, with the pages visible but blank. The main object in the image is indeed a book, so the answer to the first question is True. The text is not visible on the pages of the book, as they appear to be blank, so the answer to the second question is also True. The image is clear and well-lit, with no visible artifacts or distortions, so the quality score is high at 0.95."}, {"ans": [true, false, 0.95], "reasoning": "The image is showing a computer tower with a transparent side panel, revealing the internal components. The fans are visible and illuminated with purple lights. The image is clear and well-lit, with no visible artifacts or distortions. The quality of the image is high, with a score of 0.95 out of 1. The main object, the computer tower, is present and clearly visible. The fans are also visible, so they are not missing or invisible."}, {"ans": [true, false, 0.9], "reasoning": "The image clearly shows a scarecrow with a straw hat and a plaid shirt, standing in a field. The scarecrow has visible arms, which are made of straw and attached to the body. The image is well-defined, with no noticeable artifacts or blurring. The quality of the image is high, with a score of 0.9. The main object, the scarecrow, is clearly visible, so the answer to the first question is True. Since the arms are visible, the answer to the second question is False."}, {"ans": [true, true, 0.8], "reasoning": "The image depicts a knight in armor, which directly answers the first question. The knight is wearing full armor, including a helmet and breastplate, and is visible from the waist up. The image is clear and well-defined, showing the details of the armor. For the second question, the sword is not visible in the image, as it is not being held by the knight nor is it visible at his side. The quality of the image is rated 0.8 because, while it is generally clear and detailed, there are visible brush strokes and texture from the painting that slightly detract from its overall clarity."}, {"ans": [true, false, 0.95], "reasoning": "The image is showing a teapot with a floral design on it. The teapot has a handle, spout, and lid, which are all clearly visible. The handle is on the right side of the teapot. The image is clear and well-lit, with no visible artifacts or distortions. The quality of the image is high, with a score of 0.95 out of 1. The main object, the teapot, is present, so the answer to the first question is True. The handle is visible, so the answer to the second question is False."}, {"ans": [true, false, 0.9], "reasoning": "The image clearly shows a basketball hoop with a net. The net is visible and not missing. The image is sharp and clear, with no significant artifacts or distortions that would affect the visibility of the main object. The quality is high, but there are some minor splashes of water on the protective glass around the hoop, which slightly reduces the quality score to 0.9."}, {"ans": [true, false, 0.95], "reasoning": "The image shows a dining table set with plates, utensils, and glasses. The main object, the dining table, is present. The glasses are visible on the table, so they are not missing. The image is clear and well-lit, with no visible artifacts or distortions that would affect the quality. The quality score is 0.95 because the image is very clear and well-composed."}, {"ans": [true, true, 0.9], "reasoning": "The image clearly shows a typewriter as the main object, so the answer to the first question is True. Upon closer inspection, it's evident that the ribbon is not visible in the typewriter, thus the answer to the second question is True. The image is of high quality with clear details of the typewriter and surrounding objects, hence the quality score is 0.9. The slight deduction is due to minor artifacts or possible slight blurring around the edges, but it does not significantly impact the visibility of the main object or the ribbon's absence."}, {"ans": [true, false, 0.95], "reasoning": "The image shows multiple winter jackets hanging on a rack. The main object, winter jackets, is present. The jackets are clearly visible and appear to be of good quality. Upon closer inspection, it is evident that some of the jackets have zippers, while others are fastened with buttons. The zipper on the third jacket from the left is visible, indicating that not all jackets have missing or invisible zippers. The image is clear and well-lit, with no visible artifacts or distortions that would affect the overall quality. However, the quality score is not 1 due to the slight presence of minor artifacts."}, {"ans": [true, false, 0.8], "reasoning": "The image clearly shows a large sunflower facing the camera, with its petals and center visible. The seeds are visible on the flower head, indicating that they are not missing. The image is well-lit, with the sun shining from behind the flower, creating a slight glare. The overall quality of the image is good, with clear details of the sunflower and its surroundings. However, the glare from the sun reduces the quality score slightly."}, {"ans": [true, false, 0.8], "reasoning": "The image clearly shows an elephant, so the answer to the first question is True. The trunk of the main elephant is visible, so the answer to the second question is False. The image quality is good, with clear details of the elephants and their surroundings. However, there are some minor artifacts and texture issues visible upon close inspection, which is why the quality score is not 1.0."}, {"ans": [true, true, 0.9], "reasoning": "The image shows a rowboat, which is the main object. The boat is empty and does not have oars visible. The image is clear and well-defined, with no visible artifacts or distortions that would affect the quality. The quality score is 0.9 because the image is very clear, but it has a slight watercolor effect which might be considered a minor degradation."}, {"ans": [true, false, 1.0], "reasoning": "The image clearly shows a snowman with a top hat and scarf, standing in a snowy yard. The snowman has buttons visible on its body, so the buttons are not missing. The image is sharp and well-defined, with no visible artifacts or distortions, indicating a high-quality image."}, {"ans": [true, false, 0.9], "reasoning": "The image is showing a fountain pen with ink visible in the nib and on the page. The pen is clearly visible and appears to be in good condition. The ink is visible as it is being dispensed onto the page, indicating that the pen is not out of ink. The image is of high quality, with clear details and no visible artifacts or distortions. The only reason the quality score is not 1 is due to the slight blurring of the background."}, {"ans": [true, true, 0.9], "reasoning": "The image shows a paintbrush with a wooden handle, and the bristles are not visible as they are submerged in paint. The presence of the paintbrush is evident, fulfilling the first question's condition. For the second question, the bristles are not visible, so the answer is true. The image quality is high, with clear details and vibrant colors, but the quality score is slightly reduced to 0.9 due to the presence of some minor paint splatters and smudges that could be considered minor artifacts."}, {"ans": [true, false, 1.0], "reasoning": "The image clearly shows a pair of eyeglasses with temples on top of torn newspaper pieces. The eyeglasses are the main object and are visible with both lenses and temples intact. The presence of the temples means they are not missing. The image is sharp and clear, with no visible artifacts or distortions that would affect the quality."}, {"ans": [true, false, 0.9], "reasoning": "The image clearly depicts a person holding an umbrella on a rainy city street. The umbrella is the main object and is visible, so the answer to the first question is True. The ribs of the umbrella are visible as they are outlined against the dark fabric of the umbrella, so the answer to the second question is False. The image is of high quality with clear details, although there are some artifacts and grid-like patterns visible, likely due to the image being generated or edited. The quality score is 0.9 because the main elements are clear and well-defined."}, {"ans": [true, false, 0.9], "reasoning": "The image shows a wristwatch with an open face, revealing its intricate mechanical components. The watch is encased in a clear glass or plastic dome, which allows for a detailed view of the inner workings. The watch face is gold-colored and features several gears and other mechanical parts visible through the transparent face. The hour markers are visible on the watch face, indicating that they are not missing. The image is of high quality, with clear details and minimal artifacts. However, there are some minor reflections and glare on the glass dome, which slightly reduces the overall quality score to 0.9."}, {"ans": [true, false, 0.9], "reasoning": "The image clearly shows a camping tent, which is the main object. The tent is set up and appears to be fully assembled with poles visible inside and outside the tent fabric. The poles are not missing; they are simply not visible as separate elements because they are integrated into the structure of the tent. The image is of high quality with clear details and no visible artifacts or distortions."}, {"ans": [true, true, 0.9], "reasoning": "The image shows a cuckoo clock, which is the main object. The clock is intricately carved with various decorations, including leaves, animals, and other ornaments. The face of the clock is visible, and it appears to be a traditional cuckoo clock design. However, the weights are not visible, as they are likely hanging below the clock, which is not fully shown in the image. The image is of high quality, with clear details and no visible artifacts or distortions. The quality score is 0.9 because the image is very detailed and clear, but it is a close-up shot, which might slightly limit the context."}, {"ans": [true, true, 0.9], "reasoning": "The image is showing a smartphone with a screen displaying a selfie of a person. The phone is standing upright on a table, and the screen is facing the camera. The phone's screen is on and showing the home screen with several app icons. The speaker grille is not visible on the phone, as it is likely located on the bottom edge or back of the phone, which is not visible in the image. The image is clear and well-lit, with a shallow depth of field that blurs the background. The overall quality of the image is good, with no noticeable artifacts or distortions."}, {"ans": [true, false, 1.0], "reasoning": "The image clearly shows a motorcycle, which is the main object in the picture. The motorcycle is positioned in the center of the image, facing forward, and is kicking up dust as it appears to be moving. The speedometer is visible on the handlebars, indicating that it is not missing. The image is sharp and well-defined, with no visible artifacts or distortions that would detract from its quality. The lighting is also well-balanced, with the motorcycle and surrounding environment clearly visible. Therefore, the answer to the first question is True, and the answer to the second question is False. The quality of the image is rated as 1, indicating that it is of high quality."}, {"ans": [true, true, 0.9], "reasoning": "The image shows a violin bow, which is the main object in question. The bow is clearly visible, indicating that the answer to the first question is True. Upon closer inspection, it is evident that the hair on the bow is either missing or not visible, as there is no visible hair between the bow's ends. Thus, the answer to the second question is also True. The image is of high quality, with clear details and no visible artifacts or distortions that would affect the visibility of the main object or its components. The quality score is 0.9, deducting 0.1 for the slight reflection on the surface that might slightly interfere with the overall clarity."}, {"ans": [true, false, 0.9], "reasoning": "The image is showing a birdcage, which is the main object. The birdcage is clearly visible and has a perch inside it, so the answer to the first question is True. The perch is visible inside the birdcage, so the answer to the second question is False. The image is of high quality, with clear details and no visible artifacts or distortions, so the quality score is 0.9. The only reason it's not 1 is because of the slight glow and sparkle effect around the image, which might be considered a minor artifact."}, {"ans": [true, false, 1.0], "reasoning": "The image clearly shows a statue of a woman, indicating that the main object is indeed a statue. The statue has a head, and it is visible, so the head is not missing. The image is of high quality, with clear details and no visible artifacts or distortions."}, {"ans": [true, false, 1.0], "reasoning": "The image is clearly showing a teddy bear, so the answer to the first question is True. The teddy bear has a visible nose, so the answer to the second question is False. The image is of high quality, with no visible artifacts, blurring, or other issues that would affect the quality score, so the quality is rated 1.0."}, {"ans": [true, false, 1.0], "reasoning": "The image clearly shows a pair of white sneakers with laces, hanging from a door. The sneakers are the main object in the image and are clearly visible. The laces are also visible, threaded through the eyelets and tied. The image is well-lit and in focus, with no visible artifacts or distortions. Therefore, the answer to Question 1 is True, as the image is showing sneakers. The answer to Question 2 is False, as the laces are not missing or invisible. The quality of the image is rated as 1, as it is clear and well-defined."}, {"ans": [true, false, 0.9], "reasoning": "The image clearly shows a refrigerator with its doors open, revealing the interior. The main object, the refrigerator, is present. The door shelves are visible on the right door, so they are not missing. The image quality is high, with clear details of the refrigerator's interior and contents. However, there is a slight reflection on the surface below the refrigerator, which might be considered a minor artifact, hence the quality score is not 1."}, {"ans": [true, false, 0.9], "reasoning": "The image depicts a group of people sitting around a campfire in a forest. The campfire is the central object, and it is visible with flames. Therefore, the answer to the first question is True. For the second question, the flames are visible, so the answer is False. The quality of the image is high, with clear details and no visible artifacts or distortions, so the quality score is 0.9."}, {"ans": [true, false, 0.95], "reasoning": "The image shows a drinking fountain with water flowing from it, indicating that it is present and visible. The main object in the image is a drinking fountain, which is clearly visible and appears to be in good condition. The water is flowing from the fountain, so it is not missing. The image is of high quality, with clear details and no visible artifacts or distortions. The only reason the quality score is not 1 is due to the slight blurring in the background."}, {"ans": [true, false, 0.95], "reasoning": "The image clearly shows a revolver with a visible trigger guard. The revolver is positioned on a green cloth, and its details are well-defined. The trigger guard is present and visible around the trigger. The image quality is high, with clear details of the revolver and the surrounding elements. The only reason for not giving it a perfect score is the slight fraying and texture of the green cloth, which might be considered minor artifacts, but they do not detract significantly from the overall clarity of the main object, the revolver."}, {"ans": [true, false, 0.9], "reasoning": "The image depicts a compass rose with a north arrow, which is clearly visible. The compass rose is centered in the image and is surrounded by a decorative border. The north arrow is present and pointing towards the top of the image. The image is of high quality, with clear details and no visible artifacts or distortions. The only reason for not giving it a perfect score is the slight aging effect and texture that might be considered a minor degradation."}, {"ans": [true, false, 0.9], "reasoning": "The image depicts a futuristic cityscape with tall, sleek skyscrapers that are characteristic of a sci-fi setting. The buildings are adorned with neon lights and have a metallic sheen, giving them a high-tech appearance. The presence of these structures indicates that the image is indeed showing skyscrapers, thus answering the first question affirmatively. For the second question, the windows on the skyscrapers are visible, although they are not the traditional type; instead, they are part of the futuristic design, incorporating lights and sleek surfaces. Therefore, the windows are not missing or invisible, answering the second question negatively. The image quality is high, with clear details and vibrant colors, but it is not perfect due to some minor artifacts that might be considered in the rendering of the neon lights and reflections. Hence, the quality is rated 0.9."}, {"ans": [true, true, 0.9], "reasoning": "The image shows a conductor standing in front of an orchestra, with his back to the camera and his arms raised. The conductor is wearing a black suit and appears to be leading the orchestra. The image is clear and well-focused, with good lighting. The baton is not visible in the conductor's hand, and it is likely that he is not holding one. Therefore, the answer to Question 1 is True, as the image is showing a conductor. The answer to Question 2 is also True, as the baton is missing or not visible from the conductor. The quality of the image is rated 0.9, as it is clear and well-focused, with no visible artifacts or distortions."}, {"ans": [false, true, 1.0], "reasoning": "The image shows a soccer field with markings and flags, but there is no visible soccer goal. Therefore, the answer to Question 1 is False because the main object (soccer goal) is not present. For Question 2, since there is no soccer goal visible, the crossbar is also not visible, making the answer True. The image quality is rated 1 because it is clear and well-defined, with no visible artifacts or distortions."}, {"ans": [true, false, 0.9], "reasoning": "The image is showing a microscope. The microscope appears to be a complex piece of equipment with various parts, and the lenses are visible. The image is clear and well-lit, with no visible artifacts or distortions that would affect the quality. The quality score is 0.9 because the image is very clear and detailed, with no noticeable issues."}]