[{"ans": [true, true, 1.0], "reasoning": "The image depicts a sailboat on the water. The boat is white with a tall mast and rigging, indicating it is designed for sailing. There are no sails visible on the mast, suggesting they are either missing or not currently in use. The boat appears to be in good condition and is centered in the image, with clear blue water and sky around it. The overall composition and clarity of the image are good."}, {"ans": [true, false, 1.0], "reasoning": "The image clearly shows a bicycle, so the answer to the first question is True. The chain is visible and not missing, so the answer to the second question is False. The image is clear and well-lit, and it is not missing any key elements that would affect the quality score, so the quality is rated as 1."}, {"ans": [true, false, 0.9], "reasoning": "The image clearly shows a cat, so the answer to the first question is True. The whiskers are visible on the cat's face, so the answer to the second question is False. The image is well-lit and in focus, with a clear view of the cat's features, so the quality is rated as 0.9."}, {"ans": [true, true, 1.0], "reasoning": "The image depicts a large stone structure with towers and an arched entrance, characteristic of a castle. The main object in the image is indeed a castle. The gates that could be associated with the entrance are not visible, suggesting they are either missing or not visible. The image is clear and well-lit, showing the castle and its surroundings in detail, hence the quality is rated as 1."}, {"ans": [true, false, 1.0], "reasoning": "The image clearly shows a hot-air balloon with a visible basket. The balloon is the main object in the image, and it is accompanied by a basket that is suspended beneath it. The presence of the basket is evident, so it is not missing or invisible."}, {"ans": [true, false, 0.9], "reasoning": "The image clearly shows a turtle with a visible shell, answering the first question affirmatively. For the second question, the shell is present and visible, so the answer is false. The image is of high quality, with clear details of the turtle and its shell, hence a quality score of 0.9."}, {"ans": [true, false, 0.9], "reasoning": "The image clearly shows a train at a station, indicating that the main object, a train, is present. The wheels of the train are visible under the front carriage, so they are not missing or invisible. The image is well-lit and in focus, with a clear view of the train and its details, hence a high quality score."}, {"ans": [true, false, 1.0], "reasoning": "The image clearly shows a pair of eyeglasses with lenses. The main object in the image is the eyeglasses, and they are present. Therefore, the answer to the first question is True. The lenses are visible in the image, so the answer to the second question is False. The image is of high quality, with clear details of the eyeglasses and lenses, so the quality score is 1.0."}, {"ans": [true, false, 1.0], "reasoning": "The image clearly shows a fountain pen with a visible nib, indicating that the main object is indeed a fountain pen. The nib is present and visible, so it is not missing. The image is of high quality, with clear details of the pen and its components."}, {"ans": [true, true, 1.0], "reasoning": "The image shows a metal frame of an umbrella, which is leaning against a wall. The canopy is missing, as only the metal structure is visible. The presence of the metal frame indicates that the main object, an umbrella, is present in the image. However, the canopy is not visible, making it 'missing or not visible.' The image is clear and well-defined, with no issues affecting its quality."}, {"ans": [true, false, 1.0], "reasoning": "The image clearly shows a large white airplane on a runway, with its body, tail, and wings visible. The presence of the airplane directly answers Question 1 affirmatively. For Question 2, the wings are visible, so they are not missing or not visible, answering Question 2 negatively. The image is clear and well-lit, showing all major parts of the airplane, thus the quality is rated as 1.0."}, {"ans": [true, false, 1.0], "reasoning": "The image clearly shows a desk lamp, which is the main object in question. The lamp is positioned above an open book on a wooden table. The bulb is present and visible within the lamp's fixture."}, {"ans": [true, false, 1.0], "reasoning": "The image is showing an electric guitar with a visible neck, so the main object is present. The neck is clearly visible, so it is not missing or invisible. The image is of high quality as it clearly shows the details of the guitar."}, {"ans": [true, false, 1.0], "reasoning": "The image clearly shows a fish lying on a bed of ice, with its body and fins visible. The presence of the fish is evident, and its fins are clearly visible, indicating that they are not missing or invisible. The image is of high quality, with clear details and no apparent distortions or obstructions that would affect the visibility of the fish or its fins."}, {"ans": [true, false, 1.0], "reasoning": "The image depicts a small brick cottage with a pitched roof, situated in a rural setting. The cottage is the main object in the image, and it is clearly visible. The roof is also visible, covering the cottage. Therefore, the answer to Question 1 is True because the image is showing a cottage. The answer to Question 2 is False because the roof is visible and not missing. The quality of the image is rated as 1.0 because it is clear and well-defined, with no apparent issues or distortions."}, {"ans": [true, true, 1.0], "reasoning": "The image shows a vintage convertible car with its top up, but the windshield is not visible as it is a convertible and the top is raised. The presence of other cars in the background and the overall context suggests that the main object is indeed a car. However, the windshield is not visible, so it is considered missing for the purpose of this question."}, {"ans": [true, false, 0.9], "reasoning": "The image is showing a keyboard with a visible spacebar. The keyboard is the main object in the image and is clearly visible. The spacebar is present and visible, so it is not missing. The quality of the image is high, with clear details of the keyboard and its components."}, {"ans": [true, false, 1.0], "reasoning": "The image clearly depicts an owl with its feathers visible, perched on a tree branch under a full moon. The owl's plumage is detailed and prominent, indicating that the feathers are not missing or invisible. Therefore, the answer to the first question is True because the image is showing an owl with feathers. The answer to the second question is False because the feathers are visible and not missing. The quality of the image is rated 1.0 because it is clear and detailed, with no visible degradation or missing key elements that would affect the assessment of the questions."}, {"ans": [true, false, 0.9], "reasoning": "The image shows two books on a wooden table. One book is standing upright with its cover facing outward, and the other is lying flat with its pages visible. The presence of the books confirms that the main object is indeed a book. The pages of the book lying flat are visible, indicating that the pages are not missing or not visible for that book. However, the pages of the standing book are not visible as it is closed. The image is clear and well-lit, with a quality score of 0.9. The slight deduction in quality is due to the fact that the image is not perfectly sharp, but it does not affect the visibility of the key elements."}, {"ans": [true, false, 1.0], "reasoning": "The image clearly depicts a lighthouse, which is the main object in the scene. The lighthouse is shown with its lamp visible, indicating that the lamp is not missing. Therefore, the answer to the first question is True. For the second question, since the lamp is visible, the answer is False. The image is of high quality as it clearly shows the lighthouse and its details without any significant obstruction or degradation."}, {"ans": [true, false, 0.9], "reasoning": "The image shows a beige armchair with visible legs on a patterned rug. The chair is the main object and is clearly identifiable as an armchair. The legs of the chair are visible, so they are not missing or invisible. The image is well-lit and clear, with a quality score of 0.9 due to its high resolution and detailed view of the chair and its surroundings."}, {"ans": [true, true, 0.9], "reasoning": "The image clearly shows a deer standing in a forest, so the answer to the first question is True. The deer appears to be a female or a young male as there are no visible antlers, so the answer to the second question is True. The image is of high quality, with good lighting and detail, so the quality score is 0.9. The absence of antlers does not affect the quality score as per the instructions."}, {"ans": [true, false, 1.0], "reasoning": "The image shows a white envelope with its flap visible and closed. The envelope is centered on a marble surface. For Question 1, the main object is an envelope, so the answer is True. For Question 2, the flap is visible, so it is not missing or not visible, hence the answer is False. The image is clear and well-lit, showing the envelope and its details, so the quality is rated as 1."}, {"ans": [true, true, 1.0], "reasoning": "The image is showing a wall clock, which is the main object. The clock face is white with black hands but lacks numbers, making the numbers missing or not visible. The image quality is good as it clearly displays the clock and its surroundings."}, {"ans": [true, false, 1.0], "reasoning": "The image shows a person wearing a white space suit with a helmet, floating in a swimming pool. The space suit is clearly visible and appears to be a realistic representation of an astronaut's suit. The helmet is also visible and is not missing or obscured. Therefore, the answer to Question 1 is True, as the image is showing a space suit. The answer to Question 2 is False, as the helmet is not missing or not visible. The quality of the image is rated as 1, as it is a clear and well-lit representation of the subject."}, {"ans": [true, false, 1.0], "reasoning": "The image clearly shows a windmill with visible blades, standing in a field of wheat under a clear sky. The presence of the windmill and its blades directly answers both questions. The windmill is present, so the answer to the first question is True. The blades are visible, so the answer to the second question is False. The image is clear and well-lit, with no apparent issues affecting its quality, hence the quality rating is 1."}, {"ans": [true, true, 0.9], "reasoning": "The image prominently features a large tree without leaves, with the sun shining through its branches. The tree is clearly visible and is the main focus of the image. The absence of leaves on the tree is evident, as its branches are bare. The image is of high quality, with clear details of the tree's structure and the surrounding environment, except for the fact that it is not clear if the image is slightly overexposed around the sun."}, {"ans": [true, true, 0.9], "reasoning": "The image shows a yellow school bus parked in a lot. The bus is facing left, and its side is visible. The doors are not visible as they are on the opposite side of the bus. The image is clear and well-lit, showing the details of the bus."}, {"ans": [true, false, 1.0], "reasoning": "The image shows a laptop on a table. The laptop is open and its screen is visible, although it is blank and not displaying any content. The presence of the laptop in the image directly answers the first question, confirming that the image is indeed showing a laptop. For the second question, since the screen is visible, it is not considered missing or not visible. Therefore, the answer to the first question is True, and the answer to the second question is False. The image quality is rated as 1.0 because it clearly shows the laptop and its screen, with no apparent issues affecting its clarity or visibility."}, {"ans": [true, true, 1.0], "reasoning": "The image shows a trumpet without a mouthpiece. The main object in the image is a trumpet, so the answer to the first question is True. The mouthpiece is not visible, so the answer to the second question is True. The image is clear and well-lit, and the trumpet is centered in the frame, so the quality score is 1."}, {"ans": [true, false, 1.0], "reasoning": "The image clearly depicts a robot standing in a laboratory setting. The robot is white with black accents and has a visible head. The presence of the robot directly answers Question 1, confirming that the image is showing a robot. For Question 2, the head of the robot is visible, so it is not missing or not visible. The image is of high quality, with clear details of the robot and its surroundings."}, {"ans": [true, true, 0.8], "reasoning": "The image shows a cylindrical candle on a silver platter. The candle appears to be made of wax and has a smooth surface. The top of the candle is not visible in the image, so it is not possible to see if there is a wick present. Therefore, for Question 1, the answer is True because the image is showing a candle. For Question 2, the answer is True because the wick is not visible, as the top of the candle is not shown. The quality of the image is rated 0.8 because it is clear and well-lit, with no visible distortions or obstructions that would affect the interpretation of the main object."}, {"ans": [true, false, 0.9], "reasoning": "The image shows a pizza with a red sauce base, topped with tomatoes, basil leaves, and what appears to be garlic or cheese bubbles around the edges. The crust is visible and has a cooked appearance. The presence of a crust, sauce, and toppings indicates that it is a pizza. The cheese is visible around the edges, melted and bubbly, indicating that it is present but not necessarily melted into a uniform layer across the top. The image is clear and well-lit, showing the details of the pizza and its toppings. The quality is rated 0.9 because the image is sharp and well-composed, with good lighting that highlights the features of the pizza."}, {"ans": [true, false, 1.0], "reasoning": "The image clearly shows a DSLR camera body with a lens mount visible but without a lens attached. The camera body is the main object and is identifiable as a DSLR. The lens is not attached, but the lens mount is visible, indicating that the lens is not present rather than being invisible. The image is of high quality as it is clear and well-lit, and the camera is the central focus."}, {"ans": [true, false, 1.0], "reasoning": "The image shows a grand piano on a stage in an auditorium. The piano is clearly visible and appears to be in good condition. The keys of the piano are visible, indicating that they are not missing. Therefore, the answer to the first question is True, as the image is showing a piano. The answer to the second question is False, as the keys are visible and not missing. The quality of the image is rated as 1, as it is clear and well-lit, with no visible distortions or obstructions."}, {"ans": [true, false, 0.9], "reasoning": "The image is showing a paintbrush with visible bristles. The bristles are not missing or invisible; they are clearly visible at the top of the brush. The image quality is high as it clearly shows the details of the paintbrush and the surrounding painting setup."}, {"ans": [true, true, 0.9], "reasoning": "The image shows a watch with a black face and silver body, placed on a speckled surface. The watch is clearly visible, and it is a watch without a strap as the part where the strap should be attached is visible but there's no strap. Therefore, the answer to the first question is True. For the second question, the strap is missing, so the answer is True. The image quality is rated 0.9 because it is clear and well-focused on the watch, with good lighting that highlights its features."}, {"ans": [true, true, 0.9], "reasoning": "The image clearly shows a man sitting in a dentist's chair with his mouth open, revealing his teeth. The dentist is using various tools to examine his teeth. The mouth is the main object in the image, and it is visible. Therefore, the answer to the first question is True. Upon closer inspection, it appears that the tongue is not visible in the image, as it is likely pressed down or not present in the open mouth. Hence, the answer to the second question is True, as the tongue is not visible. The image quality is rated 0.9 because it is clear and well-lit, with no significant distractions or obstructions. The key elements of the image, such as the mouth and the dentist's tools, are clearly visible."}, {"ans": [true, false, 0.9], "reasoning": "The image clearly shows a motorcycle parked in the middle of a street at night. The motorcycle is centered and facing left, with its handlebars visible. The handlebars are not missing or obstructed from view. The image is well-lit, with neon lights illuminating the scene, and the motorcycle is the main focus. The quality of the image is high, with clear details and vibrant colors."}, {"ans": [true, false, 0.9], "reasoning": "The image shows a vintage television set with a visible screen, although it appears to be turned off or displaying a static image. The television is housed in a wooden cabinet with the lower panel open, revealing the internal components. The presence of the screen answers the first question affirmatively. For the second question, the screen is visible, so it is not considered missing or not visible. The quality of the image is rated high because it clearly depicts the television and its details, with the key elements being sharp and well-defined."}, {"ans": [true, false, 0.9], "reasoning": "The image clearly shows a goat with horns standing on rocky terrain. The goat is centered in the image, and its horns are visible. The image is of high quality, with clear details of the goat and its surroundings. The presence of horns is evident, so they are not missing or invisible."}, {"ans": [true, false, 1.0], "reasoning": "The image shows a red sneaker with white laces. The sneaker is clearly visible and appears to be in good condition. The laces are present and visible, threaded through the eyelets. Therefore, the answer to Question 1 is True because the image is showing a sneaker. The answer to Question 2 is False because the laces are not missing or invisible; they are clearly visible. The quality of the image is rated 1 because it is clear and well-lit, with no visible distortions or obstructions."}, {"ans": [true, false, 0.95], "reasoning": "The image clearly shows a frog sitting on a lily pad in the water. The frog is green with large, visible eyes. The eyes are not missing or invisible; they are clearly visible and prominent. The image is sharp and well-lit, capturing the details of the frog and its surroundings effectively. Therefore, the answer to Question 1 is True because the image is showing a frog. The answer to Question 2 is False because the eyes are visible. The quality of the image is rated 0.95 because it is clear and well-focused, with no apparent issues that would detract from its quality."}, {"ans": [true, false, 1.0], "reasoning": "The image shows a cup with a handle, which is a type of mug. The handle is visible, so it is not missing or invisible. The image is clear and well-lit, showing the details of the cup and saucer, hence the quality is rated as 1."}, {"ans": [true, false, 0.9], "reasoning": "The image clearly shows a saxophone, which is the main object in question. The saxophone is depicted with its keys visible, indicating that the keys are not missing. Therefore, the answer to the first question is True. For the second question, since the keys are visible on the saxophone, the answer is False. The quality of the image is rated 0.9 because it is clear and well-lit, showing the saxophone and its details without any significant obstructions or issues."}, {"ans": [true, false, 1.0], "reasoning": "The image shows a skateboard with wheels, so the main object is present. The wheels are visible, so they are not missing or not visible. The image is clear and well-lit, so the quality is high."}, {"ans": [true, false, 1.0], "reasoning": "The image is showing a black hat on a stand, which is a fedora with a brim. The brim is visible and not missing, so the answer to the second question is False. The image is clear and well-lit, showing the hat and its brim clearly, hence the quality is rated as 1."}, {"ans": [true, false, 0.9], "reasoning": "The image clearly shows a motorcycle helmet on a workbench. The helmet has a visor that is partially open, indicating it is present and not missing. The image is well-lit and focused, providing a clear view of the helmet and its features, thus the quality is rated high."}, {"ans": [true, true, 1.0], "reasoning": "The image shows a bedframe with an ornate headboard and footboard, but it does not have a mattress. The bedframe is the main object in the image, so the answer to Question 1 is True. The mattress is not visible, so the answer to Question 2 is True. The image is clear and well-lit, and the bedframe is centered in the frame, so the quality is rated as 1."}, {"ans": [true, false, 0.9], "reasoning": "The image depicts a brick clock tower with visible clock faces, indicating that it is indeed a clock tower. The clock faces are visible on two sides of the tower, so the clock face is not missing or invisible. The image is clear and well-lit, with a clear view of the tower and its surroundings, suggesting a high quality image."}, {"ans": [true, false, 0.9], "reasoning": "The image is showing a pocket watch with visible hands, so the answer to the first question is True. The hands are clearly visible on the watch face, so the answer to the second question is False. The image is of high quality, with clear details of the pocket watch and its mechanisms, so the quality score is 0.9."}, {"ans": [true, false, 0.9], "reasoning": "The image is showing a red bicycle against a stone wall. The bicycle has a clear frame, wheels, and handlebars, indicating it is a bicycle. The pedals are visible on the bicycle, attached to the crankset, so they are not missing or invisible. The image is clear and well-lit, showing the bicycle in detail, hence the high quality score."}, {"ans": [true, false, 0.9], "reasoning": "The image depicts a large portrait of a woman with dark hair and a white top, displayed on a wall in what appears to be an art gallery or museum setting. The woman's face is rendered in detail, including her eyes, which are clearly visible. Therefore, for Question 1, the image is indeed showing a portrait of a woman, so the answer is True. For Question 2, since the eyes are visible, they are not missing or not visible, so the answer is False. The quality of the image is rated 0.9 because it is clear and well-lit, with no visible distortions or obstructions that would detract from the viewing experience. The absence of eyes is not a factor in the quality rating as per the instructions."}, {"ans": [true, false, 1.0], "reasoning": "The image clearly shows a grand piano on a stage with its lid open, revealing the internal mechanisms including the hammers. The presence of the grand piano satisfies the first question. The hammers are visible inside the piano, so they are not missing or invisible, answering the second question. The image is clear and well-lit, focusing on the piano, hence the quality is rated as 1."}, {"ans": [true, true, 0.95], "reasoning": "The image depicts a sailing ship with two masts and no visible sails. The ship is shown in the middle of the ocean, with the hull and rigging clearly visible. The absence of sails is noticeable, as the ropes and masts are visible but there are no sails attached. The image is of high quality, with clear details and a realistic representation of the ship and its surroundings. The quality score is 0.95, indicating a very high level of clarity and detail."}, {"ans": [true, false, 1.0], "reasoning": "The image depicts a large tree with a wide canopy and visible roots, set against a blue sky with clouds. The tree appears to be an oak tree due to its broad, lobed leaves and sturdy branches. The leaves are clearly visible, indicating that they are not missing or obscured. Therefore, the answer to the first question is True, as the image does show an oak tree with leaves. The answer to the second question is False, as the leaves are present and visible on the tree. The quality of the image is rated as 1, indicating high quality, as it is clear and well-defined without any significant distractions or obstructions."}, {"ans": [true, true, 0.9], "reasoning": "The image depicts a stone cottage with a gabled roof, surrounded by trees and vines. The cottage is the main object in the image. For Question 1, the image is showing a cottage, so the answer is True. For Question 2, there is no visible door on the cottage, so the answer is True. The quality of the image is rated 0.9 because it is a clear and detailed representation of the cottage, with no apparent issues or distortions."}, {"ans": [true, false, 0.9], "reasoning": "The image shows a white passenger jet on a runway. The plane is facing the left side of the image, and its wings are visible. The presence of the wings indicates that they are not missing. Therefore, the answer to the first question is True because the image is showing a passenger jet. The answer to the second question is False because the wings are visible and not missing. The quality of the image is rated 0.9 because it is clear and well-lit, with no visible distortions or obstructions."}, {"ans": [true, true, 1.0], "reasoning": "The image is showing a wristwatch with a white face and brown leather strap. The watch face does not have any visible numbers. Therefore, the answer to the first question is True because the image is showing a wristwatch. The answer to the second question is also True because the numbers are not visible on the wristwatch face. The quality of the image is rated as 1.0 because it is clear and well-lit, and there are no issues with the visibility of the main object, the wristwatch."}, {"ans": [true, true, 1.0], "reasoning": "The image shows a pizza with a red sauce base, topped with basil leaves and having a crust with black olives. The crust is visible and appears to be cooked. There is no visible cheese on top of the pizza, suggesting it might be missing or not visible. The image is clear and well-lit, showing the details of the pizza and its toppings."}, {"ans": [true, false, 0.9], "reasoning": "The image clearly shows traffic signals above the road. The traffic signals are visible and one of them has a red light illuminated. Therefore, for Question 1, the answer is True because the image is showing traffic signals. For Question 2, the answer is False because the lights are visible on the traffic signals, specifically the red light is on. The quality of the image is rated 0.9 because it is clear and well-lit, showing the details of the scene without any significant obstructions or blurriness."}, {"ans": [true, false, 1.0], "reasoning": "The image clearly shows a skateboard with wheels attached to it. The skateboard is positioned on a concrete surface, and the wheels are visible and appear to be intact. Therefore, the answer to the first question is True because the image is showing a skateboard. The answer to the second question is False because the wheels are not missing; they are visible in the image. The quality of the image is rated as 1 because it is clear and well-lit, allowing for easy identification of the skateboard and its components."}, {"ans": [true, true, 1.0], "reasoning": "The image shows a chessboard with white pieces on it, but the black pieces are not visible. The chessboard is present, so the answer to the first question is True. The black pieces are missing or not visible from the chessboard, so the answer to the second question is True. The image is clear and well-lit, and the chessboard is centered in the frame, so the quality is rated as 1."}, {"ans": [true, true, 0.9], "reasoning": "The image shows a red Ferrari sports car, which is the main object. The brakes are not visible as the wheels are the primary focus and the brake components are not clearly seen. The image is well-lit and of high quality, with a clear view of the car."}, {"ans": [true, true, 1.0], "reasoning": "The image is showing an open book on a wooden table. The pages of the book are blank and do not contain any text. Therefore, the answer to the first question is True because the image is showing a book. The answer to the second question is also True because the text is missing or not visible from the book, as the pages are blank. The quality of the image is rated as 1 because it is clear and well-defined, and there are no visible distortions or issues that would affect the understanding of the image."}, {"ans": [true, false, 1.0], "reasoning": "The image shows a computer tower with a transparent side panel, revealing the internal components. The computer tower is the main object in the image, so the answer to the first question is True. The fans are visible through the transparent side panel and the mesh on the right side of the tower, so the answer to the second question is False. The image is clear and well-lit, showing all the necessary details, so the quality is rated as 1."}, {"ans": [true, true, 0.9], "reasoning": "The image depicts a scarecrow standing in a wheat field. The scarecrow is made of straw and wears a plaid shirt and a straw hat. The scarecrow is attached to a wooden post, and its body is stuffed with straw. The image clearly shows that the scarecrow does not have visible arms, as the shirt is hanging loosely without any visible limbs inside the sleeves. Therefore, the answer to the first question is True because the image is showing a scarecrow. The answer to the second question is also True because the arms of the scarecrow are not visible. The quality of the image is rated 0.9, as it is clear and well-defined, with no significant issues affecting the visibility of the main subject."}, {"ans": [true, false, 0.9], "reasoning": "The image depicts a man dressed in armor, which is characteristic of a knight. The presence of the armor and the context suggest that the individual is indeed a knight. Therefore, the answer to the first question is True. For the second question, the sword is visible on the knight's back, indicating that it is not missing or invisible. Hence, the answer is False. The quality of the image is rated high, at 0.9, as it clearly shows the details of the knight and his attire without any significant distortion or lack of clarity."}, {"ans": [true, false, 1.0], "reasoning": "The image is showing a teapot with a handle, so the answer to the first question is True. The handle is visible on the teapot, so the answer to the second question is False. The image is clear and well-lit, and the teapot is the main focus, so the quality is rated as 1."}, {"ans": [true, false, 1.0], "reasoning": "The image clearly shows a basketball hoop with a net. The presence of the hoop and the net is evident, and the net is visible and intact. Therefore, the answer to the first question is True because the image is showing a basketball hoop. The answer to the second question is False because the net is not missing and is visible. The quality of the image is rated 1.0 because it is clear and well-defined, showing all the necessary details of the basketball hoop and net."}, {"ans": [true, false, 0.8], "reasoning": "The image shows a dining table set with plates, silverware, and glasses. The table is covered with a white tablecloth, and the setting includes a plate, forks, knives, spoons, and napkins. Glasses are visible at the top of the image, indicating they are not missing. Therefore, the answer to Question 1 is True because the image is showing a dining table. The answer to Question 2 is False because the glasses are visible. The quality of the image is rated 0.8 because it is clear and well-lit, showing the details of the table setting."}, {"ans": [true, true, 1.0], "reasoning": "The image clearly shows a vintage typewriter on a wooden desk, with a sheet of paper in it and a spool of ribbon to the right. The typewriter is the main focus, and it is identifiable as a typewriter. The ribbon is not visible on the typewriter, and there is a separate spool of ribbon next to it, indicating that the ribbon is either missing or not visible on the typewriter. The image is clear and well-lit, showing the details of the typewriter and its surroundings. Therefore, the answer to Question 1 is True because the image is showing a typewriter. The answer to Question 2 is True because the ribbon is not visible on the typewriter. The quality of the image is rated 1 because it is clear and well-composed, with good lighting that highlights the details of the typewriter."}, {"ans": [true, true, 0.9], "reasoning": "The image prominently displays a winter jacket, which is the main object in the picture. The jacket is beige, puffy, and has a fur-lined hood. It is hanging on a coat rack. The jacket is fastened with buttons down the front, and there is no visible zipper. The presence of the jacket confirms the answer to the first question is True. For the second question, since there is no visible zipper on the jacket, the answer is True. The quality of the image is rated 0.9 because it is clear and well-lit, showing the details of the jacket and its surroundings. The absence of a zipper does not negatively affect the quality score as per the instructions."}, {"ans": [true, false, 1.0], "reasoning": "The image clearly shows a sunflower with its face directly towards the camera, showcasing its large yellow petals and the center where seeds are typically located. The seeds are visible in the image, arranged in a spiral pattern on the flower head. Therefore, for Question 1, the answer is True because the image is showing a sunflower. For Question 2, the answer is False because the seeds are visible on the sunflower. The quality of the image is rated as 1 because it is clear and well-lit, with no visible distortions or obstructions that would detract from the visibility of the sunflower or its seeds."}, {"ans": [true, false, 0.9], "reasoning": "The image clearly shows an elephant with a trunk, therefore answering the first question as true. The trunk is visible and not missing, so the second question is answered as false. The image quality is rated as 0.9 because it is clear and well-defined, capturing the details of the elephant and its surroundings effectively."}, {"ans": [true, true, 1.0], "reasoning": "The image clearly shows a rowboat floating on a lake. The boat is white with a wooden seat and a wooden bow. There are no oars visible in the boat or near it. The image is clear and well-lit, showing the details of the boat and its surroundings."}, {"ans": [true, true, 1.0], "reasoning": "The image is showing a snowman with a hat and scarf, but it does not have visible buttons. The presence of a snowman fulfills the first question's condition. For the second question, the buttons are not visible on the snowman, so the answer is true. The image quality is considered good as it clearly shows the snowman and its details, and the absence of buttons does not negatively affect the quality score."}, {"ans": [true, false, 1.0], "reasoning": "The image is showing a fountain pen on a stand above a notebook. The pen is red with gold accents and has a nib that is visible. The ink is visible inside the pen's barrel, so it is not missing or invisible. Therefore, the answer to Question 1 is True because the main object, a fountain pen, is present. The answer to Question 2 is False because the ink is visible inside the pen. The quality of the image is rated as 1 because it is clear and well-lit, and the key elements are easily visible."}, {"ans": [true, true, 0.8], "reasoning": "The image is showing a paintbrush with a wooden handle and a metal ferrule, but the bristles are missing. The presence of the paintbrush is evident, answering the first question as true. For the second question, the bristles are not visible, hence the answer is true. The quality of the image is rated 0.8 because it is clear and well-lit, showing the details of the paintbrush and surrounding objects."}, {"ans": [true, false, 1.0], "reasoning": "The image clearly shows a pair of eyeglasses with temples on top of a stack of papers. The glasses are the main object in the image, and they are visible with both lenses and temples intact. Therefore, the answer to Question 1 is True because the image is showing eyeglasses. For Question 2, the temples are visible, so the answer is False because the temples are not missing or invisible. The quality of the image is rated 1.0 because it is clear and well-focused, with the eyeglasses being the central and clear subject."}, {"ans": [true, false, 0.9], "reasoning": "The image clearly shows a person holding an umbrella on a rainy street. The umbrella is visible and appears to be intact, with no visible signs of damage or missing parts. The ribs of the umbrella are visible under the canopy, indicating they are present. The image quality is high, capturing the details of the scene, including the reflections on the wet road and the lights from the cars and buildings. The slight fog or haze in the background does not detract from the overall clarity of the main subject, the umbrella."}, {"ans": [true, false, 0.9], "reasoning": "The image clearly shows a wristwatch with a gold case and brown leather strap, displayed under a glass dome. The watch face is visible and features a skeleton design, showcasing its mechanical inner workings. Hour markers are present on the watch face, indicating the hours. Therefore, the answer to Question 1 is True as the image is showing a wristwatch. For Question 2, the hour markers are visible, so the answer is False. The quality of the image is rated 0.9 due to its high resolution and clear details, with no significant issues affecting the visibility of the watch."}, {"ans": [true, false, 1.0], "reasoning": "The image clearly shows a camping tent set up in a grassy field. The tent is fully visible and appears to be intact with its poles in place, holding the structure upright. The poles are visible and not missing, as they are supporting the tent's fabric. The image is of high quality, with clear details of the tent and its surroundings."}, {"ans": [true, false, 0.9], "reasoning": "The image shows a cuckoo clock with intricate carvings and decorations, including deer figures and pinecones. The clock face is visible, and the weights are clearly hanging below it. The presence of the clock and its characteristic features confirms that the image is showing a cuckoo clock. The weights are also visible, hanging from the bottom of the clock, which means they are not missing or invisible."}, {"ans": [true, true, 1.0], "reasoning": "The image shows a smartphone with its screen facing upwards. The phone is placed on a flat surface, and its screen is turned on, displaying a blank white background with a green battery icon in the bottom-left corner. The phone's bottom edge is visible, showing several small holes that could be speaker grilles, but they are not clearly visible as speaker grilles. However, the presence of these holes suggests that the phone has some form of speaker or grille, even if it's not clearly discernible. The main object in the image is indeed a smartphone, so the answer to the first question is True. For the second question, since the speaker grille is not clearly visible or is potentially obscured by the angle of the photo, it can be considered as not visible, hence the answer is True. The image is clear and well-lit, showing the phone in detail, so the quality score is 1.0."}, {"ans": [true, false, 0.9], "reasoning": "The image clearly shows a motorcycle facing the camera on a dirt road. The motorcycle is visible and identifiable, answering the first question as true. The speedometer is visible on the motorcycle, integrated into the front headlight area, making the second question false because the speedometer is not missing or invisible. The image quality is rated 0.9 because it is clear and well-focused on the motorcycle, with good lighting and detail, despite some dust being kicked up by the tire."}, {"ans": [true, false, 1.0], "reasoning": "The image shows a violin and its bow. The bow is clearly visible and appears to have hair on it, as indicated by the white strands between the bow stick and the frog. Therefore, for Question 1, the answer is True because the image does show a violin bow. For Question 2, the answer is False because the hair is visible on the bow. The quality of the image is rated 1 because it is clear and well-lit, and the presence or absence of the bow hair does not affect the quality score as per the instructions."}, {"ans": [true, true, 0.9], "reasoning": "The image shows a large, ornate birdcage hanging from the ceiling of a porch. The birdcage is the main object in the image and is clearly visible. There is no visible perch inside the birdcage. The image is well-lit and the details of the birdcage are clear, indicating a high-quality image. The quality score is 0.9 because while the image is clear and well-composed, it is slightly overexposed, which might be considered a minor flaw."}, {"ans": [true, false, 0.9], "reasoning": "The image shows a statue of a woman, indicating that the main object is indeed a statue. Therefore, the answer to the first question is True. The statue has a head that is clearly visible, so the head is not missing or not visible. Hence, the answer to the second question is False. The image is of high quality, with clear details of the statue and its surroundings, so the quality score is 0.9."}, {"ans": [true, false, 1.0], "reasoning": "The image clearly shows a teddy bear, which is the main object. The teddy bear has a visible nose, so the nose is not missing or invisible. The image is of high quality as it is clear and well-lit."}, {"ans": [true, false, 1.0], "reasoning": "The image is showing a pair of sneakers, which are high-top Converse-style shoes with white laces. The laces are visible and appear to be properly tied. The image is clear and well-lit, allowing for a good view of the shoes and their details."}, {"ans": [true, false, 0.9], "reasoning": "The image clearly shows a refrigerator with its doors open, revealing the interior. The main object, the refrigerator, is present. The door shelves are visible on the right door, so they are not missing. The image is clear and well-lit, with a quality score of 0.9 due to its high resolution and detailed presentation."}, {"ans": [true, false, 0.9], "reasoning": "The image shows a group of young women sitting around a campfire in a wooded area. The campfire is clearly visible and has flames, indicating that it is lit. Therefore, the answer to the first question is True because the image is showing a campfire. The answer to the second question is False because the flames are visible. The quality of the image is rated 0.9, as it is a clear and well-lit depiction of the scene, with the campfire and the women around it being the main focus."}, {"ans": [true, false, 0.9], "reasoning": "The image shows a drinking fountain with water flowing from it, indicating that it is present and visible. The main object in the image is a drinking fountain, which matches the description in Question 1. Therefore, the answer to Question 1 is True. Since the water is flowing and visible, the answer to Question 2 is False. The image is clear and well-lit, with the drinking fountain as the main focus, so the quality is rated as 0.9."}, {"ans": [true, false, 1.0], "reasoning": "The image clearly shows a revolver with a visible trigger guard. The revolver is positioned on a green felt surface, and its details are well-defined. The presence of the trigger guard is evident, indicating that it is not missing. Therefore, the answer to the first question is True because the image is showing a revolver. The answer to the second question is False because the trigger guard is visible and not missing. The quality of the image is rated as 1 because it is clear and well-defined, with no issues affecting the visibility of the revolver or its components."}, {"ans": [true, false, 0.9], "reasoning": "The image depicts a detailed illustration of a compass rose, which is the main object in the image. The compass rose is intricately designed with various elements, including a north arrow that is clearly visible. The presence of the compass rose answers the first question affirmatively. For the second question, since the north arrow is visible, it is not considered missing or not visible. The image quality is rated high because it is clear and detailed, with no significant obstructions or distortions that would hinder the visibility of the compass rose or its components."}, {"ans": [true, false, 0.9], "reasoning": "The image depicts a futuristic cityscape with numerous tall buildings, which can be classified as skyscrapers. The presence of skyscrapers is evident, satisfying the first question. Upon closer inspection, the windows on the skyscrapers are visible, particularly on the buildings in the foreground and mid-ground, thus answering the second question as 'False' because the windows are not missing or invisible. The image quality is rated 0.9 due to its high level of detail and clarity, with the slight deduction from 1 being due to the hazy sky in the background which slightly reduces the overall sharpness."}, {"ans": [true, true, 1.0], "reasoning": "The image depicts a man in a black tuxedo standing on a stage, with his right arm raised and his left hand open, as if he is conducting an orchestra. The presence of musicians playing instruments in the background suggests that he is indeed a conductor. Therefore, the answer to the first question is True. The conductor's right hand is empty and raised, and there is no visible baton in his left hand, indicating that the baton is either missing or not visible. Thus, the answer to the second question is True. The image is clear and well-lit, showing the conductor and the musicians in detail, so the quality rating is 1."}, {"ans": [false, true, 1.0], "reasoning": "The image shows a soccer field with markings, but there is no visible soccer goal in the image. Therefore, the answer to Question 1 is False. Since there is no soccer goal visible, the crossbar is also not visible, making the answer to Question 2 True. The image quality is considered good as it clearly shows the details of the soccer field, hence the quality score is 1.0."}, {"ans": [true, false, 1.0], "reasoning": "The image clearly shows a microscope on a table in front of a window. The microscope is a complex device with multiple lenses visible, indicating that it is not missing lenses. The presence of lenses is evident as they are attached to the microscope's body. Therefore, the answer to the first question is True because the image is showing a microscope. The answer to the second question is False because the lenses are not missing; they are visible and appear to be properly attached to the microscope. The quality of the image is rated as 1 because it is clear and well-defined, showing all the necessary details of the microscope without any significant issues or obstructions."}]