[{"ans": [true, false, 1.0], "reasoning": "The image shows a sailboat on calm water with a clear blue sky. The main mast is visible and has a sail furled around it, indicating that the sail is present but not unfurled. Therefore, the sail is visible but not deployed. The image is clear and of high quality, with no visible artifacts or distortions."}, {"ans": [true, true, 0.9], "reasoning": "The image shows a red bicycle leaning against a brick wall. The bicycle is clearly visible and appears to be in a worn condition. Upon closer inspection, it's evident that the chain is not visible, suggesting it might be missing or not visible due to the angle or condition of the bike. The image is clear and well-lit, with no significant artifacts or distortions that would affect the visibility of the main object or its components. Therefore, the answer to the first question is True because the image is showing a bicycle. The answer to the second question is also True because the chain is not visible. The quality of the image is rated 0.9 because it is clear and well-defined, with no major issues affecting the visibility of the bicycle or its condition."}, {"ans": [true, false, 0.95], "reasoning": "The image clearly shows a cat, so the answer to the first question is True. The cat's whiskers are visible, so the answer to the second question is False. The image is of high quality, with clear details and no visible artifacts or distortions, so the quality score is 0.95. The only reason it is not 1 is because of the slight blurring in the background."}, {"ans": [true, true, 1.0], "reasoning": "The image depicts a large, ancient stone structure with towers and battlements, characteristic of a castle. The main object in the image is indeed a castle. There are no visible gates in the image, suggesting that they are either missing or not visible. The image is clear and well-defined, with no noticeable artifacts, blurring, or other issues that would affect its quality."}, {"ans": [true, false, 0.95], "reasoning": "The image clearly depicts a hot-air balloon with a visible basket. The balloon is the main object in the image, and it is shown with a basket attached to it. The basket is not missing or invisible; it is clearly visible and appears to be carrying people. The image is of high quality, with clear details and no visible artifacts or distortions. The only reason it doesn't score a perfect 1 is due to the slight haze in the background, but this does not significantly impact the visibility of the main object."}, {"ans": [true, false, 0.9], "reasoning": "The image clearly shows a turtle, so the answer to the first question is True. The turtle's shell is visible, so the answer to the second question is False. The image is of high quality, with clear details and no visible artifacts or distortions, so the quality score is 0.9."}, {"ans": [true, false, 0.9], "reasoning": "The image is showing a train at a station. The train is silver and has multiple cars. The wheels of the train are visible on the tracks. The image is clear and well-lit, with no visible artifacts or distortions. The quality of the image is high, with a score of 0.9 out of 1. The main object, the train, is clearly visible, and the wheels are also visible, so the answer to the first question is True. Since the wheels are visible, the answer to the second question is False."}, {"ans": [true, false, 0.9], "reasoning": "The image clearly shows a pair of eyeglasses with lenses. The lenses are visible and not missing. The image is sharp and well-lit, with minor dust specks on the surface, but overall, it is of high quality. The quality score is 0.9 because there are some minor imperfections like dust specks on the surface, but they do not significantly impact the visibility of the main object."}, {"ans": [true, false, 0.9], "reasoning": "The image depicts a fountain pen with a visible nib, alongside its cap. The main object, a fountain pen, is present in the image, so the answer to Question 1 is True. The nib of the pen is clearly visible, so the answer to Question 2 is False. The image is of high quality, with clear details and no visible artifacts or distortions that would significantly impact the perception of the main object. However, the quality score is not 1 due to the slightly unnatural and painterly style of the image, which might be considered a minor detraction."}, {"ans": [true, true, 0.9], "reasoning": "The image shows a metal frame of an umbrella, which is the main object. The canopy is missing, as evidenced by the torn and empty metal frame. The image is clear and well-lit, with no visible artifacts or distortions. The quality of the image is high, with a score of 0.9. The presence of the metal frame indicates that the image is showing an umbrella, even though the canopy is missing. Therefore, the answer to Question 1 is True. The canopy is indeed missing, so the answer to Question 2 is also True."}, {"ans": [true, false, 1.0], "reasoning": "The image clearly shows a large white airplane on a runway, with its wings visible. The presence of the airplane answers the first question affirmatively. Since the wings are visible, the answer to the second question is negative, indicating that the wings are not missing or not visible. The image is of high quality, with clear details and no visible artifacts or distortions."}, {"ans": [true, true, 0.95], "reasoning": "The image depicts a desk lamp, which is the main object. The lamp is present, so the answer to the first question is True. Upon closer inspection, it is evident that the bulb is not visible, as it is enclosed within the lamp's shade. Therefore, the answer to the second question is True. The image quality is high, with clear details and no noticeable artifacts or distortions, so the quality score is 0.95."}, {"ans": [true, false, 0.95], "reasoning": "The image is showing an electric guitar with a visible neck, so the answer to the first question is True. The neck is clearly visible, so the answer to the second question is False. The image is of high quality, with clear details and no visible artifacts or distortions, so the quality score is 0.95. The slight vignetting and shadow around the guitar do not detract from the overall clarity of the image."}, {"ans": [true, false, 0.9], "reasoning": "The image is showing a clear glass or crystal sculpture of a fish. The main object, the fish, is clearly visible. The fins are also visible, though some parts are obscured by the surrounding material or reflections. The image is sharp and clear, with detailed rendering of the fish's scales and fins. The quality is high, with no noticeable artifacts or blurring. The presence of the fins is evident, so they are not considered missing or not visible."}, {"ans": [true, false, 1.0], "reasoning": "The image shows a small brick cottage with a roof, surrounded by trees and a field of tall grass and wildflowers. The roof is visible and appears to be intact, although it is partially obscured by the leaves of the tree above it. The image is clear and well-defined, with no visible artifacts or distortions. Therefore, the answer to Question 1 is True, as the image is showing a cottage. The answer to Question 2 is False, as the roof is not missing or invisible. The quality of the image is rated as 1.0, as it is clear and well-defined, with no visible issues."}, {"ans": [true, true, 0.9], "reasoning": "The image is showing a car, specifically a vintage convertible. The windshield appears to be missing or not visible as the top is down and there is no clear view of a windshield. The image quality is high, with clear details of the car's interior and exterior, although there might be a slight decrease in quality due to minor artifacts or reflections, hence a quality score of 0.9."}, {"ans": [true, true, 0.95], "reasoning": "The image shows a transparent keyboard with illuminated keys. The main object in the image is a keyboard, so the answer to the first question is True. The spacebar is missing or not visible in the image, as it appears to be detached and hanging down from the keyboard, so the answer to the second question is True. The image is clear and well-lit, with no visible artifacts or distortions, so the quality score is 0.95."}, {"ans": [true, false, 0.95], "reasoning": "The image clearly depicts an owl perched on a tree branch under a full moon, with detailed feathers visible across its body. The presence of the owl is evident, and its feathers are not missing or invisible; they are intricately detailed. The image is of high quality, with realistic rendering of the owl, the tree, and the night sky, including the moon and clouds. The only reason the quality score is not 1 is due to the slight artificial look of the image, likely because it is a digital artwork rather than a photograph."}, {"ans": [true, true, 0.95], "reasoning": "The image shows a book with a leather cover, and the cover is open, revealing an empty interior. The pages are not visible, indicating that they are either missing or not visible. The image is of high quality, with clear details and no visible artifacts or distortions."}, {"ans": [true, false, 0.9], "reasoning": "The image clearly shows a lighthouse, which is the main object in question. The lighthouse is white with a black top and has a railing around the lantern room. The lantern room is visible and appears to have glass panes, indicating that the lamp is present, though not lit or visible due to the surrounding metal framework. The image is of high quality, with clear details of the lighthouse and its surroundings. The weather conditions (rain and cloudy sky) do not obscure the main object, and there are no visible artifacts or distortions that would significantly impact the quality."}, {"ans": [true, false, 1.0], "reasoning": "The image shows a beige armchair with visible legs on a patterned rug. The chair is clearly an armchair, so the answer to the first question is True. The legs of the chair are visible, so the answer to the second question is False. The image is clear and well-lit, with no visible artifacts or distortions, so the quality score is 1."}, {"ans": [true, true, 0.9], "reasoning": "The image clearly shows a deer in a forest setting. The deer is centered and visible, indicating that the main object is present. The antlers are not visible on the deer, suggesting they are either missing or not present. The image is sharp and clear, with natural colors and no visible artifacts or distortions that would detract from its quality. The lighting is also well-balanced, highlighting the deer's features and the forest environment."}, {"ans": [true, false, 1.0], "reasoning": "The image is showing a pink envelope with a visible flap, so it is an envelope. The flap is visible and not missing, so the answer to the second question is false. The image is clear and of high quality, with no visible artifacts or distortions."}, {"ans": [true, true, 1.0], "reasoning": "The image is showing a wall clock with a white face and black hands, which is the main object. The clock face does not have numbers on it, so the numbers are missing. The image is clear and well-lit, with no visible artifacts or distortions, so the quality is high."}, {"ans": [true, false, 0.9], "reasoning": "The image depicts a person wearing a white space suit with a helmet, submerged in a pool of water. The space suit is clearly visible, along with the helmet, which has a reflective visor. The presence of the space suit and helmet indicates that the image is showing a space suit with a helmet. Therefore, the answer to Question 1 is True. Since the helmet is visible, the answer to Question 2 is False. The image quality is generally clear, but there are some ripples and reflections on the water's surface that slightly affect the clarity. However, the main subject is well-defined, so the quality score is 0.9."}, {"ans": [true, false, 0.8], "reasoning": "The image clearly shows a windmill standing in a field of wheat. The windmill has blades, which are visible and appear to be intact. The image is well-defined, with clear details of the windmill and its surroundings. The presence of the windmill answers the first question affirmatively. For the second question, the blades are visible, so they are not missing or invisible. The quality of the image is high, with no noticeable artifacts or blurring that would detract from the visibility of the main object or its details. However, the quality score is not 1 because there is a slight double vision effect on the blades, indicating a minor issue with the image."}, {"ans": [true, true, 0.95], "reasoning": "The image clearly shows a large tree with bare branches, indicating that it is either without leaves or in a state of dormancy. The main object, the tree, is present and visible. The leaves are not visible on the main tree, and it is clear that they are missing. The image is of high quality, with clear details of the tree's structure and the surrounding environment. The sun's rays peeking through the branches add to the image's clarity and aesthetic appeal. The quality score is 0.95 because the image is sharp and well-defined, with no noticeable artifacts or distortions."}, {"ans": [true, true, 0.8], "reasoning": "The image shows a yellow school bus that has been damaged by fire. The main object in the image is indeed a bus, which answers the first question as True. The doors of the bus are not visible due to the damage, so the second question is also answered as True. The image quality is rated as 0.8 because while the main object is clear, there are some artifacts and discoloration due to the fire damage, but it does not significantly hinder the visibility of the bus."}, {"ans": [true, true, 1.0], "reasoning": "The image is showing a laptop with its screen open but the screen is blank white, indicating it is either turned off or not displaying anything. The laptop is clearly visible and there are no visible artifacts, blurring, or other issues that would affect the quality. The screen is present but not displaying any content, so it is considered 'not visible' in the context of displaying information."}, {"ans": [true, true, 1.0], "reasoning": "The image shows a trumpet, which is a brass instrument. The trumpet is gold in color and has several valves and pipes. The mouthpiece is not visible, indicating that it is either missing or not attached to the instrument. The image is clear and well-lit, with no visible artifacts or distortions. The quality of the image is high, with a score of 1."}, {"ans": [true, false, 1.0], "reasoning": "The image clearly shows a robot with a visible head in a laboratory setting. The robot is centered and prominent, with no signs of blurring, artifacts, or other quality issues. The head is clearly visible, so it is not missing or not visible."}, {"ans": [true, true, 0.9], "reasoning": "The image shows a candle on a silver tray. The candle is cylindrical and white, and it appears to be a fake or decorative candle as it lacks a wick or any signs of burning. The first question is whether the image is showing a candle, which it is, so the answer is True. The second question is whether the wick is missing or not visible. Since there is no visible wick, the answer is True. The quality of the image is rated 0.9 because it is clear and well-lit, with no visible artifacts or distortions. The slight deduction from 1 is due to the image not being perfectly sharp, but it is still very clear."}, {"ans": [true, false, 0.95], "reasoning": "The image clearly shows a pizza with visible cheese, among other toppings like tomato sauce, basil leaves, and olives. The presence of cheese is evident as it is melted and visible between the other toppings. The image is of high quality with clear details and no visible artifacts or distortions that would significantly impact the perception of the pizza or its toppings. The slight decrease in quality score is due to minor specks and dust visible on the surface, but these do not detract from the overall clarity of the image."}, {"ans": [true, true, 0.9], "reasoning": "The image is showing a DSLR camera body with the lens removed, exposing the internal mechanism where the lens would normally be attached. The camera body is clearly visible, so the answer to the first question is True. The lens is not attached to the camera body, making it missing, so the answer to the second question is also True. The image quality is high, with clear details of the camera and its internal parts, so the quality score is 0.9. The slight decrease from 1 is due to a minor lack of sharpness in some areas, but it does not significantly impact the visibility of the main object."}, {"ans": [true, false, 0.95], "reasoning": "The image clearly shows a grand piano on a stage in a large auditorium. The piano is open, and its keys are visible. The image is well-lit and has good clarity, showing the details of the piano and the auditorium. The quality of the image is high, with no noticeable artifacts, blurring, or other issues that would detract from its quality. The presence of the keys is evident, so they are not missing or invisible."}, {"ans": [true, false, 0.9], "reasoning": "The image is showing a paintbrush with bristles. The bristles are visible and not missing. The image is of high quality, with clear details of the paintbrush and the palette. The only reason it doesn't get a perfect score is because of some minor pixelation visible upon close inspection."}, {"ans": [true, true, 1.0], "reasoning": "The image shows a watch with its back open, revealing the internal mechanism. The watch is sitting on a granite countertop. The strap is not visible, indicating it is either missing or not attached. The image is clear and well-lit, with no visible artifacts or distortions. Therefore, the answer to Question 1 is True because the image is showing a watch. The answer to Question 2 is True because the strap is not visible. The quality of the image is rated 1.0 because it is clear and well-lit, with no visible issues."}, {"ans": [true, false, 0.8], "reasoning": "The image is showing a man in a dentist's chair with his mouth open, and his tongue is visible. The main object, the mouth, is present. The tongue is also visible, so it is not missing. The image quality is good, with clear details of the scene, but there is a slight double vision effect due to the transparent overlay of the man's face, which slightly reduces the quality score."}, {"ans": [true, false, 0.9], "reasoning": "The image clearly shows a motorcycle parked on the side of a road at night. The motorcycle is facing to the right and has a windshield, indicating that it is likely a touring or cruiser-style motorcycle. The handlebars are visible and appear to be intact. The image is well-lit, with streetlights and other sources of light illuminating the scene. The overall quality of the image is high, with clear details and no visible artifacts or distortions. The only reason for not giving it a perfect score is the slight unnatural color tone due to the lighting."}, {"ans": [true, false, 0.95], "reasoning": "The image clearly shows an old television set with a visible screen displaying an image. The television's casing is open, revealing its internal components. The screen is present and visible, indicating that it is not missing. The image is of high quality, with clear details and no visible artifacts or distortions that would significantly impact the perception of the main object, which is the television. The slight decrease in quality score is due to the somewhat unnatural lighting and color tone, but it does not hinder the understanding of the image."}, {"ans": [true, false, 0.95], "reasoning": "The image clearly shows a goat with visible horns, standing on a rocky outcrop. The main object, a goat, is present, so the answer to Question 1 is True. The horns are visible, so the answer to Question 2 is False. The image is sharp and clear, with no visible artifacts or distortions that would significantly impact the quality. The only reason the quality score is not 1 is due to a slight blur in the background, but the main subject is well-defined."}, {"ans": [true, false, 1.0], "reasoning": "The image clearly shows a red sneaker with white soles and laces, sitting on a bench in front of lockers. The sneaker is the main object in the image and is clearly visible. The laces are also visible, threaded through the eyelets and tied. The image is sharp and well-lit, with no visible artifacts or distortions. Therefore, the answer to Question 1 is True, as the image is showing a sneaker. The answer to Question 2 is False, as the laces are visible. The quality of the image is rated as 1.0, as it is clear and well-defined, with no visible issues."}, {"ans": [true, false, 0.9], "reasoning": "The image clearly shows a green frog sitting on a lily pad in the water. The frog's eyes are visible and clearly seen, so the answer to the second question is False. The image is sharp and well-focused, with good lighting and no visible artifacts or distortions, so the quality score is 0.9. The only reason it's not a perfect 1 is because of the slight blurring around the edges of the image."}, {"ans": [true, false, 1.0], "reasoning": "The image is showing a white porcelain mug with a blue floral pattern and a handle on the right side. The mug is placed on a matching saucer. The handle is clearly visible, so it is not missing. The image is of high quality, with clear details and no visible artifacts or distortions."}, {"ans": [true, false, 0.9], "reasoning": "The image clearly shows a saxophone, which is the main object. The keys are visible and not missing, as they are an integral part of the instrument's mechanism and are clearly seen in the image. The image quality is high, with good lighting and no visible artifacts or distortions that would affect the visibility of the saxophone or its keys. The slight decrease in quality score is due to the presence of some reflections and slight overexposure on the saxophone's surface, but it does not significantly impact the overall visibility of the instrument or its details."}, {"ans": [true, true, 0.9], "reasoning": "The image shows a broken skateboard lying on the ground. The main object, the skateboard, is present, so the answer to the first question is True. The wheels are not visible as they are either missing or not shown in the image, so the answer to the second question is True. The image is clear and well-lit, with no visible artifacts or distortions that would affect the quality score. Therefore, the quality score is 0.9."}, {"ans": [true, false, 1.0], "reasoning": "The image depicts a black fedora hat with a visible brim on a wooden stand. The hat is centered and clearly visible, indicating that it is the main object in the image. The brim of the hat is also clearly visible, suggesting that it is not missing. The image is of high quality, with no visible artifacts, blurring, or other issues that would detract from its clarity."}, {"ans": [true, false, 0.9], "reasoning": "The image clearly shows a motorcycle helmet on a workbench in a workshop setting. The helmet is black and has a visor that is currently lifted up, making it visible. The visor is not missing; it's just in the up position. The image is sharp and well-lit, with good detail visible on the helmet and the surrounding tools and equipment. The only reason the quality score isn't 1 is due to minor wear and tear visible on the workbench and some tools, but this does not significantly detract from the overall clarity of the image."}, {"ans": [true, true, 1.0], "reasoning": "The image shows a bedframe without a mattress. The bedframe is the main object and is clearly visible, so the answer to the first question is True. The mattress is not present in the image, so the answer to the second question is True. The image is of high quality, with clear details and no visible artifacts or distortions, so the quality score is 1.0."}, {"ans": [true, false, 0.98], "reasoning": "The image shows a tall brick tower with a clock face on one side near the top. The tower is centered in the image and appears to be a clock tower. The clock face is visible and has hour and minute hands. The image is clear and well-lit, with no visible artifacts or distortions. The quality of the image is high, with a score of 0.98 out of 1. The clock face is not missing or invisible, so the answer to the second question is False."}, {"ans": [true, false, 0.95], "reasoning": "The image shows a pocket watch with its cover open, revealing the inner workings and the face of the watch. The hands of the watch are visible, indicating the time. The image is of high quality, with clear details and no visible artifacts or distortions. The pocket watch is the main object in the image, and it is clearly visible. The hands of the watch are also visible, so they are not missing or invisible."}, {"ans": [true, false, 1.0], "reasoning": "The image clearly shows a bicycle leaning against a stone wall. The bicycle is red with white accents and has two wheels, a frame, handlebars, and a seat. The pedals are visible and appear to be attached to the bicycle. The image is well-lit and in focus, with no visible artifacts or distortions. Therefore, the answer to Question 1 is True, as the image is showing a bicycle. The answer to Question 2 is False, as the pedals are visible and not missing. The quality of the image is rated 1.0, as it is clear and well-defined."}, {"ans": [true, false, 0.9], "reasoning": "The image shows a painting of a woman in an art gallery. The painting depicts a woman with her back turned, looking over her shoulder. Her eyes are visible in the painting, so they are not missing. The image is clear and well-lit, with no visible artifacts or distortions that would detract from its quality. The main object, the portrait of a woman, is present. Therefore, the answer to the first question is True. Since the eyes are visible in the portrait, the answer to the second question is False. The quality of the image is high, rated 0.9, because it is clear and well-defined, with no significant issues."}, {"ans": [true, false, 0.9], "reasoning": "The image depicts a grand piano on a stage, with its lid open and internal mechanisms visible due to a dramatic lighting effect that makes the piano appear as if it's being torn apart or opened up. The hammers are visible inside the piano, indicating they are not missing. The image is well-lit and detailed, with a clear view of the piano and its components. The quality of the image is high, with no noticeable artifacts or distortions that would detract from the overall clarity. The lighting effects and the rendering of the piano's interior are particularly noteworthy, suggesting a high level of detail and realism."}, {"ans": [true, false, 1.0], "reasoning": "The image depicts a sailing ship with visible sails, indicating that it is indeed a sailing ship and the sails are not missing. The image is clear and of high quality, with no visible artifacts or distortions."}, {"ans": [true, false, 0.95], "reasoning": "The image shows a large, ancient tree with sprawling branches and a thick trunk, which appears to be an oak tree due to its characteristic shape and structure. The tree has leaves, so it is not leafless. The presence of leaves means they are not missing or invisible. The image is clear and well-lit, with good contrast and no visible artifacts or distortions, hence the high quality score."}, {"ans": [true, false, 0.95], "reasoning": "The image clearly depicts a cottage with a stone exterior and a roof covered in vines, indicating that the main object (cottage) is present. The door of the cottage is visible, which means it is not missing or invisible. The image is of high quality, with clear details and no visible artifacts or distortions that would detract from the overall quality. The slight deduction in quality score is due to the image being a rendering and not a photograph, but it does not significantly impact the perception of the image."}, {"ans": [true, false, 1.0], "reasoning": "The image shows a white passenger jet on a runway. The plane is facing the camera, and its wings are clearly visible on both sides of the fuselage. The image is clear and well-lit, with no visible artifacts or distortions. Therefore, the answer to Question 1 is True because the image is showing a passenger jet. The answer to Question 2 is False because the wings are visible. The quality of the image is rated as 1 because it is clear and well-defined, with no noticeable issues."}, {"ans": [true, true, 0.95], "reasoning": "The image clearly shows a wristwatch on a leather watch holder. The watch face is white with silver hands and a minimalistic design, showing only a '2' at the 2 o'clock position. The absence of other numbers on the watch face indicates that the numbers are mostly missing. The image is sharp and well-lit, with no visible artifacts or distortions that would affect the quality. The quality score is high because the image is clear and well-defined."}, {"ans": [true, true, 0.95], "reasoning": "The image is showing a pizza, which is the main object. The pizza appears to be a Neapolitan-style pizza with a thin crust, topped with tomato sauce, basil leaves, and some other toppings. The cheese is not visible on the pizza, suggesting that it might be a cheese-less or low-cheese pizza. The image is clear and well-lit, with a good resolution. There are some minor imperfections, such as a few scattered basil leaves around the pizza, but overall, the image is of high quality."}, {"ans": [true, false, 0.9], "reasoning": "The image clearly shows traffic signals with lights visible. The main object of traffic signals is present, so the answer to the first question is True. For the second question, the lights are visible on the traffic signals, so the answer is False. The image quality is high, with clear details of the traffic signals and the cityscape. However, the quality score is slightly reduced to 0.9 due to the bright sunlight causing some overexposure and lens flare, but it does not significantly hinder the visibility of the main objects."}, {"ans": [true, true, 1.0], "reasoning": "The image shows a broken skateboard on the ground. The main object in the image is indeed a skateboard, albeit broken into two pieces. The wheels are not visible as they are likely detached from the skateboard, indicating that the wheels are either missing or not visible. The image is clear and well-lit, with no visible artifacts or distortions that would affect its quality."}, {"ans": [true, true, 1.0], "reasoning": "The image clearly shows a chessboard with golden pieces on it. The chessboard is the main object in the image, and it is present. Therefore, the answer to the first question is True. The black pieces are not visible on the chessboard; instead, there are golden pieces on both sides. This means the black pieces are missing or not visible. Hence, the answer to the second question is True. The image is clear, with no visible artifacts, blurring, unnatural color, noise, deformed objects, or double vision. Thus, the quality of the image is rated as 1.0."}, {"ans": [true, false, 0.9], "reasoning": "The image clearly shows a red sports car, which is the main object. The brakes are visible through the wheels, so they are not missing or invisible. The image is of high quality, with clear details and no visible artifacts or distortions. The only reason for not giving it a perfect score is the slight reflection on the floor, but it doesn't significantly impact the overall quality."}, {"ans": [true, true, 0.9], "reasoning": "The image clearly shows an open book on a wooden table, with the pages visible and blank. The book is the main object in the image, and it is evident that it is a book, regardless of the presence or absence of text. Therefore, the answer to the first question is True. For the second question, the text is not visible on the pages of the book, as they appear to be blank. Hence, the answer is True. The image quality is high, with clear details and no visible artifacts or distortions, so the quality score is 0.9."}, {"ans": [true, false, 0.95], "reasoning": "The image clearly shows a computer tower with a transparent side panel, revealing the internal components. The fans are visible inside the case, so they are not missing. The image is sharp and well-lit, with no significant artifacts or distortions, hence the high quality score. Minor deductions for quality come from the slight shadow on the wall, but it doesn't affect the main subject."}, {"ans": [true, false, 1.0], "reasoning": "The image clearly shows a scarecrow with a hat and a plaid shirt, standing in a field. The scarecrow has visible arms, which are made of straw and are attached to the body. The image is well-defined and clear, with no visible artifacts or distortions. The quality of the image is high, with a score of 1.0. For question 1, the answer is True because the image is showing a scarecrow. For question 2, the answer is False because the arms are visible."}, {"ans": [true, true, 0.8], "reasoning": "The image depicts a knight in armor, which directly answers the first question. The knight is shown without a visible sword, addressing the second question. The image quality is high, with detailed armor and background, though it appears to be a painting with visible brush strokes, hence the quality score of 0.8."}, {"ans": [true, false, 1.0], "reasoning": "The image clearly shows a teapot with a handle, spout, and lid, decorated with a floral pattern. The teapot is placed on a bamboo tray. The handle is visible on the right side of the teapot, indicating it is not missing. The image is sharp and well-lit, with no visible artifacts or distortions, suggesting a high-quality image."}, {"ans": [true, false, 0.9], "reasoning": "The image clearly shows a basketball hoop with a net. The main object, the basketball hoop, is present and identifiable. The net is also visible, attached to the hoop. The image is sharp and clear, with good lighting and no significant artifacts or distortions that would affect the visibility of the main object or the net. The quality of the image is high, with a score of 0.9, the deduction of 0.1 is due to the slight blurring of the background trees."}, {"ans": [true, false, 0.9], "reasoning": "The image is showing a dining table set with plates, cutlery, and glasses. The main object, the dining table, is present. The glasses are visible on the table, so they are not missing. The image is clear and well-lit, with no visible artifacts or distortions that would affect its quality. The slight sepia tone is a stylistic choice and does not detract from the image's clarity. Therefore, the quality score is high, at 0.9."}, {"ans": [true, true, 0.8], "reasoning": "The image is showing a typewriter, which is the main object. The typewriter appears to be old and dusty, with various parts visible. The ribbon is not visible, suggesting it might be missing or not properly threaded. The image quality is good, with clear details of the typewriter and surrounding objects, but there are some signs of artifacts or unnatural color tones, hence a quality score of 0.8."}, {"ans": [true, false, 1.0], "reasoning": "The image shows multiple winter jackets hanging on a rod. The main object, winter jackets, is clearly visible. The zipper is visible on at least one of the jackets, so it's not missing or invisible for all of them. The image is clear and well-lit, with no visible artifacts or distortions that would affect the quality."}, {"ans": [true, false, 0.9], "reasoning": "The image clearly shows a large sunflower facing the camera, with its center visible and seeds present. The seeds are visible as small, darker spots within the flower's center. The image is well-lit, with a clear blue sky and white clouds in the background, and there are no significant artifacts or distortions that would detract from its quality. The main object, a sunflower, is clearly visible, and the seeds are also visible, indicating they are not missing."}, {"ans": [true, false, 0.9], "reasoning": "The image prominently features an elephant with its trunk clearly visible, indicating that the main object is indeed an elephant and the trunk is not missing. The image is of high quality, with detailed textures and a clear scene, though it has a slightly painterly or filtered look which slightly reduces its quality score to 0.9 due to the unnatural color tone."}, {"ans": [true, true, 0.9], "reasoning": "The image shows a rowboat, which is the main object. The oars are not visible in the image, so they are considered missing. The image is clear and well-defined, with no noticeable artifacts or distortions that would affect the quality. The quality score is 0.9 because the image is very clear, but there might be some minor wear or slight color adjustments that are not specified."}, {"ans": [true, false, 1.0], "reasoning": "The image clearly depicts a snowman with a hat and scarf, standing in a snowy yard. The snowman has visible buttons on its body, which are clearly visible. The image is of high quality, with no visible artifacts, blurring, or other issues that would detract from its clarity. Therefore, the answer to Question 1 is True, as the image is showing a snowman. The answer to Question 2 is False, as the buttons are visible on the snowman. The quality of the image is rated as 1, indicating that it is of very high quality."}, {"ans": [true, false, 0.9], "reasoning": "The image is showing a fountain pen with a nib touching a page in a notebook. The pen has a dark red barrel and a gold nib. The nib is in contact with the paper, and there are ink marks on the paper, indicating that the pen is not empty. The image is clear and well-focused, with good lighting that highlights the details of the pen and the notebook. The quality of the image is high, with no visible artifacts or distortions. Therefore, the answer to Question 1 is True, as the image is showing a fountain pen. The answer to Question 2 is False, as the ink is visible in the nib and on the paper. The quality score is 0.9, as the image is very clear and well-focused, but there is a slight blur in the background."}, {"ans": [true, true, 0.9], "reasoning": "The image shows a paintbrush with a wooden handle and a metal ferrule, but the bristles are not visible. The brush is positioned on a palette covered in paint, suggesting that it has been used recently. The image is clear and well-lit, with vibrant colors from the paint. The quality of the image is high, with no noticeable artifacts or blurring. Therefore, the answer to Question 1 is True because the image is showing a paintbrush. The answer to Question 2 is True because the bristles are not visible. The quality score is 0.9, as the image is clear and well-composed, but may have some minor imperfections."}, {"ans": [true, false, 1.0], "reasoning": "The image clearly shows a pair of eyeglasses with temples on top of torn newspaper pieces. The eyeglasses are the main object and are visible with both lenses and temples intact. The temples are not missing and are clearly visible, so the answer to the second question is false. The image is sharp and clear, with no visible artifacts or distortions, hence the quality is rated as 1."}, {"ans": [true, false, 0.9], "reasoning": "The image clearly shows a person holding an umbrella on a rainy day. The umbrella is the main object and is visible, so the answer to the first question is True. The ribs of the umbrella are visible, so the answer to the second question is False. The image quality is generally good, with clear details of the scene, but there is some blurring and artifacts around the edges of the umbrella and the background lights, which slightly reduces the quality score to 0.9."}, {"ans": [true, true, 0.9], "reasoning": "The image shows a wristwatch with a visible mechanical mechanism, indicating that it is indeed a wristwatch. The hour markers are not visible on the watch face, as the face is largely cut away to reveal the inner workings. The image is of high quality, with clear details and no visible artifacts or distortions. The slight decrease in quality score is due to the presence of some minor reflections on the glass covering the watch."}, {"ans": [true, false, 1.0], "reasoning": "The image clearly shows a camping tent in a grassy field with trees in the background. The tent is partially set up with its fabric visible and poles holding it up, indicating that it is a camping tent. The poles are visible and appear to be supporting the structure of the tent, so they are not missing. The image is clear and well-lit, with no visible artifacts or distortions that would affect its quality."}, {"ans": [true, true, 0.9], "reasoning": "The image is a close-up of a cuckoo clock, which is the main object. The clock face is visible and centered in the image, surrounded by intricate carvings of leaves, animals, and other decorations. The weights are not visible in the image, suggesting they are either missing or not visible from the current angle. The image is of high quality, with clear details and no visible artifacts or distortions. The quality score is 0.9 because the image is very detailed and clear, with no noticeable issues."}, {"ans": [true, true, 0.9], "reasoning": "The image is showing a smartphone, which is the main object. The phone is standing upright on a table, and its screen is visible. The speaker grille is not visible from the front as the phone is shown from the front. Therefore, for Question 1, the answer is True because the image is showing a smartphone. For Question 2, the answer is True because the speaker grille is not visible from the front. The quality of the image is rated 0.9 because it is clear and well-lit, with no visible artifacts or distortions that would significantly impact the visibility of the main object."}, {"ans": [true, false, 0.9], "reasoning": "The image clearly shows a motorcycle, which is the main object, so the answer to the first question is True. The speedometer is visible on the handlebars, so it is not missing, and the answer to the second question is False. The image is of high quality, with clear details and no visible artifacts or distortions, so the quality score is 0.9. The slight dust around the motorcycle does not detract from its overall clarity."}, {"ans": [true, true, 0.9], "reasoning": "The image shows a violin and its bow. The bow is clearly visible, so the answer to the first question is True. The hair on the bow is not visible, so the answer to the second question is True. The image is clear and well-lit, with no visible artifacts or distortions, so the quality score is 0.9."}, {"ans": [true, false, 0.9], "reasoning": "The image depicts a birdcage hanging from a porch ceiling, with a bird perched inside on a visible perch. The birdcage is the main object in the image, and it is clearly visible. Therefore, the answer to the first question is True. The perch is also visible inside the birdcage, so the answer to the second question is False. The image is well-lit and has a natural color palette, but there is a slight glow around the birdcage and the background, which might be considered an artifact. However, the overall quality of the image is high, so the quality score is 0.9."}, {"ans": [true, false, 1.0], "reasoning": "The image clearly shows a statue of a woman, indicating that the main object is indeed a statue. The statue has a head, which is visible and not missing. The image is of high quality, with clear details and no visible artifacts or distortions. Therefore, the answers are: 1. True (the image is showing a statue), 2. False (the head is not missing or not visible from the statue), and the quality score is 1.0 (high quality)."}, {"ans": [true, false, 0.95], "reasoning": "The image clearly shows a teddy bear sitting on a bed, so the answer to the first question is True. The teddy bear has a visible nose, so the answer to the second question is False. The image is of high quality, with clear details and no visible artifacts or distortions, so the quality score is 0.95. The slight deduction from 1 is due to the presence of a slight shadow on the wall, but it does not significantly impact the overall clarity of the image."}, {"ans": [true, false, 1.0], "reasoning": "The image clearly shows a pair of white sneakers with laces hanging on a door. The main object in the image is sneakers, so the answer to the first question is True. The laces are visible and present on the sneakers, so the answer to the second question is False. The image is clear, well-lit, and free of any noticeable artifacts or distortions, so the quality score is 1.0."}, {"ans": [true, true, 0.95], "reasoning": "The image shows a refrigerator with its door open, revealing an empty interior. The main object in the image is indeed a refrigerator. The door shelves are not visible from the current angle, as the door is open and the shelves are attached to the inside of the door, which is facing towards the camera. The image is clear and well-lit, with no visible artifacts or distortions. The quality of the image is high, with a score of 0.95 out of 1."}, {"ans": [true, false, 0.9], "reasoning": "The image shows a group of women sitting around a campfire. The campfire is visible and appears to be lit, as indicated by the light emanating from it. The flames are not large but are visible, suggesting that the fire is burning. The image is clear and well-defined, with no significant artifacts or distortions that would detract from its quality. The overall quality of the image is high, with a score of 0.9 out of 1.0. The presence of the campfire and the visibility of the flames answer the first question affirmatively. For the second question, since the flames are visible, the answer is negative, indicating that the flames are not missing or invisible."}, {"ans": [true, false, 0.95], "reasoning": "The image shows a drinking fountain with water flowing from it, indicating that it is present and visible. The main object, the drinking fountain, is clearly visible and appears to be in good condition. The image is well-lit and focused, with no noticeable artifacts or distortions. The quality of the image is high, with a score of 0.95 out of 1. The presence of water flowing from the fountain answers both questions: the image is showing a drinking fountain (True), and the water is not missing or invisible (False)."}, {"ans": [true, false, 0.95], "reasoning": "The image clearly shows a revolver with a visible trigger guard. The revolver is placed on a green cloth, and its details are well-defined. The trigger guard is present and visible, indicating that it is not missing. The image is of high quality, with clear details and no visible artifacts or distortions that would affect the assessment of the revolver or its trigger guard. The slight decrease in quality score is due to minor texture visible on the cloth and slight shadowing, but these do not impact the visibility of the revolver or its components."}, {"ans": [true, false, 0.9], "reasoning": "The image is a detailed illustration of a compass rose, which is clearly visible in the center. The compass rose is ornate and includes various directional markings and decorations. A north arrow is present and visible, pointing towards the top of the image, labeled 'N'. The image is of high quality, with clear details and no significant artifacts or distortions. The quality score is 0.9 because the image is very detailed and clear, but it might be slightly aged or textured, which is typical for illustrations meant to resemble old maps or parchments."}, {"ans": [true, false, 0.9], "reasoning": "The image depicts a futuristic cityscape with tall, sleek skyscrapers that are characteristic of the skyscraper genre. The presence of these structures directly answers the first question, confirming that the image is indeed showing skyscrapers. For the second question, upon closer inspection, it is evident that many of the skyscrapers have visible windows, thus the windows are not missing or invisible. The image is of high quality, with clear details and vibrant colors, though it is a futuristic rendering and not a photograph, it does not contain noticeable artifacts that would detract from its quality."}, {"ans": [true, true, 0.9], "reasoning": "The image is showing a conductor standing with his back to the camera, wearing a black suit and with both arms raised. The presence of an orchestra in front of him indicates that he is conducting. Therefore, the answer to the first question is True. For the second question, since the conductor's hands are empty and raised, it is clear that the baton is not visible, hence the answer is True. The image quality is high, with clear details of the conductor and the orchestra, so the quality score is 0.9. There are no visible artifacts or distortions that would significantly impact the quality."}, {"ans": [false, true, 0.9], "reasoning": "The image depicts a soccer field with white lines and corner flags, but there are no soccer goals visible in the image. Therefore, the answer to the first question is False. Since there are no soccer goals present, the crossbar is also not visible, making the answer to the second question True. The image is of high quality with clear details and no visible artifacts or distortions, hence the quality score is 0.9."}, {"ans": [true, false, 0.8], "reasoning": "The image is showing a microscope with multiple exposures, and the main object is indeed a microscope. The lenses are visible in some of the exposures, so they are not missing. The image quality is slightly degraded due to the multiple exposures, which cause some blurring and ghosting. However, the main object is still clearly visible, and the quality is sufficient to answer the questions."}]