[{"ans": [true, true, 1.0], "reasoning": "The image shows a sailboat on the water. The mast and rigging are visible, but there are no sails present. The boat appears to be a sailboat due to its design and the presence of a mast, even though the sails are not visible. Therefore, the answer to Question 1 is True because the image is showing a sailboat. The answer to Question 2 is True because the sails are not visible. The quality of the image is rated 1 because it is clear and well-lit, and the absence of sails does not negatively impact the quality score."}, {"ans": [true, false, 0.9], "reasoning": "The image clearly shows a bicycle leaning against a brick wall. The bicycle is red and has a visible chain connecting the pedals to the rear wheel, indicating that the chain is present and visible. Therefore, the answer to the first question is True because the image is showing a bicycle. The answer to the second question is False because the chain is visible and not missing. The quality of the image is rated 0.9 because it is clear and well-lit, with no significant obstructions or blurriness. The slight wear on the brick wall and the presence of debris on the ground do not detract from the overall clarity of the image or the visibility of the bicycle."}, {"ans": [true, false, 1.0], "reasoning": "The image clearly shows a cat sitting on a windowsill. The cat is centered and well-defined, indicating that it is the main subject of the image. The cat has visible whiskers, which are clearly seen around its mouth. Therefore, for Question 1, the answer is True because the image is showing a cat. For Question 2, the answer is False because the whiskers are visible, not missing or invisible. The quality of the image is rated as 1 because it is clear and well-focused on the cat, with no visible distortions or obstructions."}, {"ans": [true, true, 0.9], "reasoning": "The image depicts a castle with a large stone wall and towers, which answers the first question affirmatively. The gates are not visible as they are likely open and not prominent in the image, or possibly missing, answering the second question affirmatively as well. The image is clear and well-lit, with a high level of detail, hence the quality is rated as 0.9. The absence of gates is not considered a factor in decreasing the quality score as per the instructions."}, {"ans": [true, false, 1.0], "reasoning": "The image clearly shows a hot-air balloon with a visible basket. The balloon is the main object in the image, and it is centered and prominently displayed. The basket is attached to the balloon and is visible, indicating that it is not missing. The image is of high quality, with good lighting and a clear view of the balloon and its surroundings."}, {"ans": [true, false, 0.9], "reasoning": "The image clearly shows a turtle with a visible shell on a beach. The turtle is centered in the image, and its shell is prominent. Therefore, the answer to the first question is True because the main object, a turtle, is present. The answer to the second question is False because the shell is visible. The quality of the image is rated 0.9 because it is clear and well-focused, with good lighting that highlights the details of the turtle and its shell."}, {"ans": [true, false, 1.0], "reasoning": "The image clearly shows a train at a station. The train is silver with visible wheels, indicating that the wheels are present and not missing. The quality of the image is high, capturing the details of the train and the station environment."}, {"ans": [true, false, 0.9], "reasoning": "The image clearly shows a pair of eyeglasses with lenses. The lenses are visible and not missing, so the answer to the second question is False. The image is of high quality, with clear details of the eyeglasses and their reflection on the surface below. The slight blur in the background does not detract from the overall clarity of the main subject, hence a quality rating of 0.9."}, {"ans": [true, false, 1.0], "reasoning": "The image clearly shows a fountain pen with a visible nib, so the main object is present. The nib is visible, so it is not missing or invisible. The image is of high quality, with clear details of the pen and its components."}, {"ans": [true, true, 1.0], "reasoning": "The image shows a metal frame of an umbrella, which is leaning against a wall. The canopy is missing, and only the metal structure is visible. Therefore, the answer to the first question is True because the image is showing an umbrella, albeit without a canopy. The answer to the second question is also True because the canopy is missing. The quality of the image is rated as 1.0 because it is clear and well-defined, and the absence of the canopy does not negatively impact the quality score as per the given instructions."}, {"ans": [true, false, 0.9], "reasoning": "The image shows a large white airplane on a runway, with its wings visible. The presence of the airplane satisfies the first question. The wings are clearly visible, so they are not missing or invisible, which answers the second question. The image is clear and well-lit, with a good view of the airplane, hence a high quality score."}, {"ans": [true, true, 1.0], "reasoning": "The image shows a desk lamp, which is the main object, so the answer to the first question is True. The bulb is not visible, as it is likely inside the lamp's shade or not present, so the answer to the second question is True. The image is clear and well-lit, with the desk lamp being the main focus, so the quality is rated as 1.0."}, {"ans": [true, false, 1.0], "reasoning": "The image is showing an electric guitar with a visible neck, so the main object is present and the neck is not missing or invisible."}, {"ans": [true, false, 0.9], "reasoning": "The image clearly shows a fish lying on a bed of ice, with its body and fins visible. The fish is the main object in the image, and it is depicted with its fins intact and visible. Therefore, the answer to Question 1 is True because the image is showing a fish. The answer to Question 2 is False because the fins are not missing or invisible; they are clearly visible in the image. The quality of the image is rated 0.9 because it is a clear and detailed representation of the fish and its surroundings. The slight deduction from 1 is due to the presence of ice and water splashes that might slightly obscure some parts of the image, but not the main subject or its fins."}, {"ans": [true, false, 1.0], "reasoning": "The image depicts a small brick house with a gable roof, situated in a rural setting. The house is the main object in the image and appears to be a cottage. The roof is clearly visible, covering the house. Therefore, the answer to Question 1 is True because the image is showing a cottage. The answer to Question 2 is False because the roof is not missing or invisible; it is present and visible. The quality of the image is rated as 1 because it is clear and well-defined, with no significant issues affecting its quality."}, {"ans": [true, true, 0.8], "reasoning": "The image is showing a car, specifically a vintage convertible. The windshield appears to be missing or not visible, as the top is down and there is no visible windshield in the frame. The image is clear and well-lit, with a good view of the car's interior and exterior. The quality of the image is rated 0.8 because it is a good photo, but it is not perfect due to some minor blurriness around the edges."}, {"ans": [true, false, 1.0], "reasoning": "The image is showing a keyboard with a visible spacebar, so the main object is present. The spacebar is clearly visible, so it is not missing or invisible. The image is of high quality as it clearly shows the keyboard and its components."}, {"ans": [true, false, 0.9], "reasoning": "The image clearly depicts an owl perched on a tree branch, with detailed feathers visible. The owl is the main object in the image, and it is shown with its feathers intact and visible. Therefore, the answer to the first question is True. For the second question, since the feathers are clearly visible and not missing, the answer is False. The quality of the image is rated 0.9 because it is a clear and detailed representation of the owl and its surroundings."}, {"ans": [true, false, 0.9], "reasoning": "The image shows two leather-bound books on a wooden table. The book standing upright has its pages visible, and the one lying flat has its pages visible as well. Therefore, the main object (a book) is present, and the pages are not missing or not visible. The image quality is rated 0.9 because it is clear and well-defined, with no apparent issues that would detract from its quality."}, {"ans": [true, false, 1.0], "reasoning": "The image is showing a lighthouse with a visible lamp. The lighthouse is the main object in the image and is clearly visible. The lamp is also visible inside the lantern room at the top of the lighthouse. The image is of high quality, with clear details of the lighthouse and its surroundings."}, {"ans": [true, false, 1.0], "reasoning": "The image shows a beige armchair with visible legs on a patterned rug. The chair is clearly an armchair, so the answer to the first question is true. The legs of the chair are visible, so the answer to the second question is false. The image is clear and well-lit, and the key elements are visible, so the quality is rated as 1."}, {"ans": [true, true, 0.9], "reasoning": "The image depicts a deer standing in a forest, facing the camera. The deer appears to be a female or a young male as there are no visible antlers on its head. The presence of the deer is clear, so the answer to the first question is True. For the second question, since there are no antlers visible on the deer's head, the answer is True. The image is of high quality, with clear details of the deer and its surroundings, hence the quality score is 0.9."}, {"ans": [true, false, 1.0], "reasoning": "The image shows a white envelope with its flap partially open and visible on the right side. The presence of the envelope confirms the answer to the first question is True. Since the flap is visible, albeit partially open, the answer to the second question is False. The image is clear and well-lit, showing the envelope and its details, hence the quality is rated as 1."}, {"ans": [true, true, 1.0], "reasoning": "The image shows a wall clock with a white face and black hands, mounted on a wall above a fireplace mantel. The clock face is blank, without any numbers. The image is clear and well-lit, with no visible distortions or obstructions. The clock is the main object in the image, and it is clearly visible. The numbers on the clock face are missing, as there are no numerals or markings on the face. Therefore, the answer to Question 1 is True, as the image is showing a wall clock. The answer to Question 2 is also True, as the numbers are missing or not visible on the clock face. The quality of the image is rated 1.0, as it is a clear and well-composed image with no visible issues."}, {"ans": [true, false, 1.0], "reasoning": "The image depicts a person wearing a white space suit, including a helmet, floating in a swimming pool. The presence of the space suit is evident, addressing the first question. For the second question, the helmet is clearly visible on the astronaut's head, indicating it is not missing or invisible. The image is of high quality, with clear details of the space suit and its surroundings, and the key element (the helmet) is present and visible."}, {"ans": [true, false, 1.0], "reasoning": "The image clearly depicts a windmill with its blades visible, standing in a field of wheat. The presence of the windmill and its blades directly answers both questions. For Question 1, the image shows a windmill, so the answer is True. For Question 2, since the blades are visible, they are not missing or not visible, so the answer is False. The image is of high quality, clearly showing the windmill and its details, hence the quality score is 1.0."}, {"ans": [true, true, 1.0], "reasoning": "The image clearly depicts a large tree without leaves, standing in a field with other trees in the background. The main object, a tree, is present, so the answer to the first question is True. The leaves are not visible on the tree, so the answer to the second question is also True. The image is well-composed and clear, with good lighting, so the quality is rated as 1."}, {"ans": [true, true, 1.0], "reasoning": "The image shows a yellow school bus parked in a lot. The bus is facing left, and its side is visible. The doors of the bus are not visible as the side shown is the opposite side of where the doors are typically located on a school bus. Therefore, for question 1, the image is showing a bus, so the answer is True. For question 2, since the doors are not visible from the side shown, the answer is True. The quality of the image is rated as 1 because it is clear and well-lit, and there are no visible issues that would detract from its quality."}, {"ans": [true, true, 1.0], "reasoning": "The image shows a laptop with its screen facing away from the viewer, making the screen not visible. The laptop is clearly identifiable as the main object in the image. The screen is considered missing or not visible as it is turned away and its content or presence cannot be confirmed. The image is of high quality as it clearly displays the laptop and its features."}, {"ans": [true, true, 1.0], "reasoning": "The image shows a trumpet without a mouthpiece. The main object in the image is a trumpet, which is visible and appears to be in good condition. The mouthpiece is not visible, indicating that it is either missing or not attached to the trumpet. The image is clear and well-lit, allowing for a good view of the trumpet. Therefore, the answer to Question 1 is True because the image is showing a trumpet. The answer to Question 2 is True because the mouthpiece is not visible. The quality of the image is rated as 1 because it is clear and well-lit, and there are no visible issues that would detract from the viewer's ability to see the trumpet."}, {"ans": [true, false, 0.9], "reasoning": "The image clearly shows a robot in a laboratory setting. The robot is white with black accents and has a distinct head, indicating that it is indeed a robot. The presence of the head also means that the head is not missing or not visible. The image is of high quality, with clear details of the robot and its surroundings, hence a quality score of 0.9."}, {"ans": [true, true, 1.0], "reasoning": "The image shows a candle on a silver tray. The candle is the main object in the image and is clearly visible. The wick is not visible in the image. The quality of the image is good as it is clear and well-lit."}, {"ans": [true, false, 1.0], "reasoning": "The image is showing a pizza, which is the main object. The pizza has a crust, tomato sauce, tomatoes, basil leaves, and mozzarella balls, indicating it is a pizza. Therefore, the answer to the first question is True. Upon closer inspection, the pizza appears to have mozzarella balls on top, which suggests that cheese is present. Hence, the answer to the second question is False. The image is clear and well-lit, with all elements visible, so the quality is rated as 1."}, {"ans": [true, true, 0.9], "reasoning": "The image shows a DSLR camera body without a lens attached. The camera is clearly visible and identifiable as a DSLR. The lens mount is visible, and there is no lens attached to it. The image is clear and well-lit, allowing for a good view of the camera's details. The quality of the image is high, with a clear and sharp representation of the camera."}, {"ans": [true, false, 1.0], "reasoning": "The image shows a grand piano on a stage in an auditorium. The piano is clearly visible and appears to be in good condition. The keys of the piano are visible and not missing. The image is well-lit and of high quality, with no visible distortions or issues."}, {"ans": [true, false, 0.9], "reasoning": "The image shows a paintbrush with visible bristles next to a palette of paints. The paintbrush is the main object in the image and is clearly visible, so the answer to the first question is True. The bristles of the paintbrush are also visible, so the answer to the second question is False. The image is well-lit and in focus, with clear details of the paintbrush and palette, so the quality is rated as 0.9."}, {"ans": [true, false, 1.0], "reasoning": "The image clearly shows a watch with a visible face and a metallic band. The watch is centered on a speckled surface, and its details are well-defined. For Question 1, the presence of a watch is confirmed, so the answer is True. For Question 2, the strap is partially visible and not entirely missing or invisible, so the answer is False. The image is of high quality as it clearly displays the watch and its features."}, {"ans": [true, true, 0.9], "reasoning": "The image clearly shows a man sitting in a dentist's chair with his mouth open, displaying his teeth. The dentist is examining his teeth with various dental tools. The man's tongue is not visible in the image, indicating that it is either missing or not visible. The image is of high quality, with clear details of the dental examination process. The only reason for not giving it a perfect score is the slight blurriness in the background."}, {"ans": [true, false, 1.0], "reasoning": "The image is showing a motorcycle with its handlebars clearly visible. The motorcycle is centered in the image, and its handlebars are not missing or obstructed from view. Therefore, the answer to Question 1 is True because the image is showing a motorcycle. The answer to Question 2 is False because the handlebars are not missing or not visible. The quality of the image is rated 1 because it is clear and well-lit, with no visible distortions or issues that would detract from the visibility of the motorcycle or its components."}, {"ans": [true, false, 0.9], "reasoning": "The image shows a vintage television set with a visible screen, although it is not displaying any content. The screen is present and visible, so it is not missing. The television is the main object in the image, and it is clearly identifiable. The quality of the image is high, with clear details of the television and its surroundings. The only reason for a lower quality score would be if the image was blurry or poorly lit, but that is not the case here."}, {"ans": [true, false, 1.0], "reasoning": "The image clearly shows a goat standing on rocky terrain. The goat has horns, which are visible and not missing. Therefore, the answer to Question 1 is True because the main object (a goat) is present. The answer to Question 2 is False because the horns are not missing or invisible; they are clearly visible. The quality of the image is rated as 1 because it is clear and well-defined, with the key elements (the goat and its horns) easily visible."}, {"ans": [true, false, 1.0], "reasoning": "The image shows a red sneaker with white laces, which means it is showing a sneaker. The laces are visible, so they are not missing or not visible."}, {"ans": [true, false, 1.0], "reasoning": "The image clearly shows a green frog sitting on a lily pad in the water. The frog is facing to the right, and its eyes are clearly visible. Therefore, the answer to Question 1 is True because the image is showing a frog. The answer to Question 2 is False because the eyes are not missing or invisible; they are clearly visible. The quality of the image is rated 1.0 because it is clear and well-focused, with the frog and its features easily discernible."}, {"ans": [true, false, 1.0], "reasoning": "The image shows a mug with a handle, so the answer to the first question is True. The handle is visible, so the answer to the second question is False. The image is clear and well-lit, with no visible distortions or obstructions, so the quality is rated as 1.0."}, {"ans": [true, false, 1.0], "reasoning": "The image clearly shows a saxophone, which is the main object in question. The keys are visible and appear to be intact, so they are not missing or invisible. The image is of high quality, with clear details of the saxophone and its components."}, {"ans": [true, false, 1.0], "reasoning": "The image clearly shows a skateboard with wheels. The skateboard is positioned on a brick surface, and all four wheels are visible. Therefore, the answer to Question 1 is True because the main object, a skateboard, is present. The answer to Question 2 is False because the wheels are not missing; they are clearly visible. The quality of the image is rated 1.0 because it is clear and well-lit, and the skateboard and its wheels are easily identifiable."}, {"ans": [true, false, 1.0], "reasoning": "The image shows a black fedora hat on a stand. The hat has a visible brim, which is a key characteristic of a fedora. Therefore, the answer to Question 1 is True because the image is showing a fedora. The answer to Question 2 is False because the brim is visible. The quality of the image is rated 1 because it is clear and well-lit, and there are no visible issues that would detract from the overall quality."}, {"ans": [true, false, 0.9], "reasoning": "The image clearly shows a motorcycle helmet on a workbench. The helmet is black and has a visor that is currently in the down position, covering the face area. The presence of the visor indicates that it is not missing. The image is well-lit and focused, providing a clear view of the helmet and its features. The quality of the image is high, with a score of 0.9, as it is sharp and well-composed."}, {"ans": [true, true, 1.0], "reasoning": "The image is showing a bedframe without a mattress. The bedframe is clearly visible and is the main object in the image. The mattress is not visible, as it is not present on the bedframe. The image is of high quality, with clear details and good lighting."}, {"ans": [true, false, 0.9], "reasoning": "The image shows a clock tower with two visible clock faces, one on the front and one on the side. The clock tower is the main object in the image, and it is clearly visible. The clock faces are also visible, so the answer to Question 2 is False. The image is well-lit and in focus, with a clear view of the clock tower and its surroundings, hence the quality score is 0.9."}, {"ans": [true, false, 1.0], "reasoning": "The image clearly shows a pocket watch with its cover open, revealing the inner workings and the hands of the watch. The presence of the watch and its visible hands directly answers both questions. For Question 1, the image is showing a pocket watch, so the answer is True. For Question 2, since the hands are visible, the answer is False. The image is of high quality, clearly showing the details of the pocket watch, hence the quality score is 1."}, {"ans": [true, false, 1.0], "reasoning": "The image clearly shows a bicycle leaning against a stone wall. The bicycle is red with black handlebars and seat, and it has two wheels, a chain, and a crankset with pedals. The presence of the pedals is visible, indicating that they are not missing. Therefore, the answer to the first question is True because the image is showing a bicycle. The answer to the second question is False because the pedals are visible and not missing. The quality of the image is rated as 1 because it is clear and well-lit, allowing for easy identification of the bicycle and its components."}, {"ans": [true, false, 0.9], "reasoning": "The image is a photograph of a large painting of a woman. The painting is clearly visible and depicts a woman with her eyes open and visible. Therefore, the answer to Question 1 is True because the image is showing a portrait of a woman. The answer to Question 2 is False because the eyes are visible in the portrait. The quality of the image is rated 0.9 because it is clear and well-lit, with no visible distortions or obstructions."}, {"ans": [true, false, 1.0], "reasoning": "The image is showing a grand piano on a stage with its lid open, revealing the internal mechanism including the hammers. The presence of the grand piano is clear, and the hammers are visible inside the piano."}, {"ans": [true, true, 0.9], "reasoning": "The image depicts a sailing ship with three masts, characteristic of historical sailing vessels, floating on the water. The ship is shown without sails, as there are no visible sails on the masts. The image is clear and well-rendered, showing detailed aspects of the ship and its surroundings. The absence of sails is noticeable, but it does not detract from the overall quality of the image, which is high."}, {"ans": [true, false, 1.0], "reasoning": "The image shows a large tree with a wide canopy and visible leaves, which appears to be an oak tree. The leaves are clearly visible on the tree, so they are not missing or invisible. The image is of high quality, with clear details of the tree and its surroundings."}, {"ans": [true, false, 0.9], "reasoning": "The image depicts a stone cottage with a steeply pitched roof and chimneys, surrounded by trees and vines. The cottage is clearly visible, indicating that the main object is present. For the first question, the presence of a cottage is confirmed, so the answer is True. For the second question, the door is visible, albeit partially covered in vines, so the answer is False. The image quality is rated 0.9 because it is clear and detailed, with no significant issues affecting the visibility of the main elements."}, {"ans": [true, false, 0.9], "reasoning": "The image clearly shows a passenger jet on a runway. The wings are visible and not missing, so the answer to the second question is False. The image is of high quality as it clearly shows the details of the aircraft."}, {"ans": [true, true, 0.9], "reasoning": "The image clearly shows a wristwatch with a white face and brown leather strap. The watch face does not have any visible numbers, answering the first question affirmatively as it is indeed showing a wristwatch. For the second question, since there are no numbers visible on the watch face, it confirms that the numbers are missing or not visible. The quality of the image is rated 0.9 because it is clear and well-lit, with no significant issues affecting its clarity or the visibility of the watch."}, {"ans": [true, true, 1.0], "reasoning": "The image shows a pizza with a red sauce base and basil leaves on top. The crust is visible and appears to be cooked. There is no visible cheese on the pizza. The image is clear and well-lit, showing the details of the pizza and its toppings. The absence of cheese is not considered a factor in evaluating the image quality."}, {"ans": [true, false, 0.9], "reasoning": "The image is showing traffic signals with lights. The lights are visible on the traffic signals, specifically the red light is visible in the middle traffic signal. Therefore, the answer to the first question is True. For the second question, the lights are visible, so they are not missing or not visible. Hence, the answer is False. The quality of the image is rated 0.9 because it is clear and well-lit, with the main subject (traffic signals) clearly visible."}, {"ans": [true, false, 1.0], "reasoning": "The image clearly shows a skateboard with wheels attached to it. The skateboard is positioned on a concrete surface, and the wheels are visible and appear to be intact. Therefore, the answer to Question 1 is True because the image is showing a skateboard. The answer to Question 2 is False because the wheels are not missing and are visible in the image. The quality of the image is rated as 1 because it is clear and well-lit, with no visible distortions or obstructions that would affect the visibility of the skateboard or its components."}, {"ans": [true, true, 1.0], "reasoning": "The image is showing a chessboard with white pieces set up on one side and a few pawns on the other side, but there are no black pieces visible on the board. The chessboard is the main object in the image, and it is clearly visible, so the answer to the first question is True. The black pieces are not visible on the chessboard, so the answer to the second question is True. The image is of high quality, clearly showing the chessboard and the pieces, so the quality score is 1."}, {"ans": [true, false, 0.9], "reasoning": "The image is showing a red Ferrari sports car, which is a sports car. The brakes are visible as red calipers behind the silver rims. The image is clear and well-lit, with a high-quality reflection on the floor. The only reason the quality is not rated as 1 is due to the slight reflection and lighting effects that could be considered minor imperfections."}, {"ans": [true, true, 1.0], "reasoning": "The image is showing an open book on a wooden table. The pages of the book are blank and do not contain any text. Therefore, the answer to the first question is True because the image is showing a book. The answer to the second question is also True because the text is missing or not visible from the book, as the pages are blank. The quality of the image is rated as 1 because it is clear and well-defined, and the absence of text on the pages does not negatively impact the quality score according to the given instructions."}, {"ans": [true, false, 0.95], "reasoning": "The image clearly shows a computer tower with a transparent side panel, revealing the internal components. The presence of fans is evident both inside the tower and on the side panel. Therefore, the answer to the first question is True because the image is showing a computer tower. The answer to the second question is False because the fans are visible. The quality of the image is rated 0.95 because it is clear and well-lit, with no significant issues or obstructions."}, {"ans": [true, true, 0.9], "reasoning": "The image depicts a scarecrow standing in a wheat field, wearing a straw hat and a plaid shirt. The scarecrow is attached to a wooden post, and its body is made of straw. The image clearly shows that the scarecrow is present, answering the first question affirmatively. For the second question, the arms of the scarecrow are not visible, as they are either missing or obscured from view, so the answer is true. The quality of the image is rated 0.9 because it is clear and well-defined, with no visible distortions or issues that would detract from the overall perception of the scene."}, {"ans": [true, true, 0.9], "reasoning": "The image depicts a man in armor, which is consistent with the representation of a knight. The presence of armor, including a helmet and breastplate, indicates that the subject is a knight. Therefore, the answer to the first question is True. The sword is not visible in the image, as it is likely behind the knight or not depicted. Hence, the answer to the second question is True. The quality of the image is rated 0.9 because it is a clear and detailed representation of a knight in armor, with no apparent issues that would detract from its quality."}, {"ans": [true, false, 0.9], "reasoning": "The image is showing a teapot with a floral design on it. The teapot has a handle, spout, and lid, which are all typical features of a teapot. The handle is visible on the right side of the teapot, so it is not missing. The image is clear and well-lit, showing the teapot from a slight angle, which allows for a good view of its features. The quality of the image is high, with a clear and sharp depiction of the teapot and its surroundings."}, {"ans": [true, false, 1.0], "reasoning": "The image clearly shows a basketball hoop with a net. The basketball hoop is the main object in the image, and it is visible along with its net. The net is not missing; it is visible and attached to the hoop. The image is clear and well-lit, showing all the necessary details of the basketball hoop and the net. Therefore, the answer to the first question is True because the image is showing a basketball hoop. The answer to the second question is False because the net is visible and not missing. The quality of the image is rated as 1 because it is clear and well-defined, with no visible distortions or obstructions that would affect the visibility of the main object or its components."}, {"ans": [true, false, 0.9], "reasoning": "The image shows a dining table set with fine china and silverware. The table is covered with a white tablecloth, and there are two place settings visible. Each setting includes a plate, napkin, and various pieces of silverware. A glass is also present at the top of the image, indicating that glasses are not missing. The overall presentation is elegant and well-arranged. Therefore, the answer to Question 1 is True because the image is showing a dining table. The answer to Question 2 is False because the glasses are visible. The quality of the image is rated 0.9 because it is clear and well-lit, with no significant distractions or obstructions."}, {"ans": [true, false, 0.9], "reasoning": "The image clearly shows a typewriter, which is the main object. The ribbon is visible and appears to be properly installed, so it is not missing. The image is of high quality, with clear details of the typewriter and its components. The slight deduction in quality score is due to the fact that the image is not perfectly lit, with some shadows visible on the typewriter."}, {"ans": [true, true, 1.0], "reasoning": "The image shows a winter jacket hanging on a coat rack. The jacket is a puffy, cream-colored coat with a fur-lined hood and buttons down the front. There is no visible zipper on the jacket. The image is clear and well-lit, showing the details of the jacket and its surroundings. Therefore, the answer to Question 1 is True because the image is showing a winter jacket. The answer to Question 2 is True because the zipper is not visible on the jacket. The quality of the image is rated 1.0 because it is clear and well-lit, and there are no issues with the visibility of the main object or its key elements."}, {"ans": [true, false, 1.0], "reasoning": "The image clearly shows a sunflower. The seeds are visible on the flower head, indicating they are not missing. The image is well-lit and in focus, contributing to a high-quality score."}, {"ans": [true, false, 1.0], "reasoning": "The image is clearly showing an elephant with a visible trunk. The trunk is a distinctive feature of the elephant and is clearly visible in the image, hanging down from the elephant's face. Therefore, the answer to question 1 is True. Since the trunk is visible, the answer to question 2 is False. The image is of high quality, with clear details of the elephant and its surroundings, so the quality score is 1.0."}, {"ans": [true, true, 1.0], "reasoning": "The image clearly shows a rowboat on a lake. The boat is white with a wooden seat and a rope attached to the front. There are no oars visible in the boat or near it. The image is clear and well-lit, showing the details of the boat and its surroundings."}, {"ans": [true, false, 1.0], "reasoning": "The image depicts a snowman with a hat, scarf, and carrot nose, standing in a snowy yard. The snowman has three large snowballs stacked on top of each other, with the middle one having a single button visible. For Question 1, the image is showing a snowman, so the answer is True. For Question 2, the buttons are not entirely missing; one button is visible on the middle snowball, so the answer is False. The image is clear and well-lit, with no visible distortions or issues, so the quality is rated as 1."}, {"ans": [true, true, 0.9], "reasoning": "The image clearly shows a fountain pen on top of a notebook. The pen is red with gold accents and is displayed on a clear plastic stand. The nib of the pen is visible, but there is no visible ink in the pen's reservoir. Therefore, the answer to the first question is True because the image is showing a fountain pen. The answer to the second question is True because the ink is not visible in the pen. The quality of the image is rated 0.9 because it is clear and well-lit, with no visible distortions or obstructions."}, {"ans": [true, true, 1.0], "reasoning": "The image shows a paintbrush with a wooden handle and a metal ferrule, but the bristles are not visible as they are likely covered by the paint or not present. The presence of the paintbrush is evident, answering the first question as true. For the second question, since the bristles are not visible, it is considered missing or not visible, hence true. The image quality is considered good as it clearly shows the main object, the paintbrush, and other details like the palette and painting."}, {"ans": [true, false, 0.9], "reasoning": "The image clearly shows a pair of eyeglasses placed on top of a stack of papers. The eyeglasses have lenses and frames, and both temples are visible. The presence of the eyeglasses answers the first question affirmatively. For the second question, since both temples are visible, it indicates that the temples are not missing or invisible. The image is of good quality, with clear details of the eyeglasses and the papers underneath, hence a high-quality score."}, {"ans": [true, false, 0.9], "reasoning": "The image clearly shows a person holding an umbrella on a rainy street. The umbrella is the main object in the image and is visible in its entirety. The ribs of the umbrella are visible as they are outlined by the fabric and can be seen under the canopy, especially where the rainwater has accumulated and is dripping off. Therefore, the ribs are not missing or invisible. The image is of high quality, capturing the details of the scene effectively, with a clear view of the umbrella and its ribs."}, {"ans": [true, false, 0.9], "reasoning": "The image is showing a wristwatch with a gold case and brown leather strap. The watch face is visible and has a skeleton design, showing the inner workings of the watch. The hour markers are visible on the outer rim of the watch face, indicating the hours. Therefore, the answer to Question 1 is True. The hour markers are visible, so the answer to Question 2 is False. The image is of high quality, with clear details of the watch and its components, so the quality score is 0.9."}, {"ans": [true, false, 1.0], "reasoning": "The image shows a camping tent with poles, so the main object is present. The poles are visible and appear to be supporting the tent structure. The image is clear and well-lit, and there are no obvious issues with its quality."}, {"ans": [true, false, 1.0], "reasoning": "The image is showing a cuckoo clock with intricate carvings and decorations, including deer figures and a bird in a small house above the clock face. The clock face is visible and has Roman numerals. The weights are visible hanging below the clock, indicating that they are not missing. Therefore, the answer to the first question is True. Since the weights are visible, the answer to the second question is False. The image is clear and well-detailed, showing all the key elements of the cuckoo clock, so the quality is rated as 1."}, {"ans": [true, true, 1.0], "reasoning": "The image is showing a smartphone, which is the main object in the image. The phone is lying on a surface with its screen facing upwards, and the screen is turned on. The phone's bottom edge is visible, and it has several small holes that could be a speaker grille, but they are not clearly visible as a grille. The image is clear and well-lit, with good resolution, hence the quality is rated as 1. The speaker grille is not clearly visible, so it is considered missing or not visible."}, {"ans": [true, false, 0.9], "reasoning": "The image clearly shows a motorcycle, so the answer to the first question is True. The speedometer is visible on the handlebars, so the answer to the second question is False. The image is well-lit and in focus, with a clear view of the motorcycle and its surroundings, so the quality score is 0.9. The slight deduction is due to the fact that the image is not perfectly sharp, but it is still clear enough to identify the key elements."}, {"ans": [true, false, 1.0], "reasoning": "The image shows a violin and its bow. The bow is clearly visible and appears to have hair on it, as indicated by the white strands between the bow stick and the bow hair adjuster. Therefore, for Question 1, the answer is True because the image is showing a violin bow. For Question 2, the answer is False because the hair is visible on the bow. The quality of the image is rated 1 because it is clear and well-lit, and the presence or absence of the bow hair does not affect the quality score according to the instructions."}, {"ans": [true, true, 0.9], "reasoning": "The image shows a large, ornate birdcage hanging from the ceiling of a porch. The birdcage is the main object in the image and is clearly visible. There is no visible perch inside the birdcage. The image is well-lit and in focus, with a clear view of the birdcage and its surroundings. The quality of the image is high, with a score of 0.9 out of 1. The absence of a perch inside the birdcage does not affect the quality score as per the given instructions."}, {"ans": [true, false, 1.0], "reasoning": "The image clearly shows a statue of a woman in a classical style, standing on a marble pedestal. The statue is intact and includes a head, which is visible and not missing. The overall quality of the image is high, with clear details and a well-defined subject."}, {"ans": [true, false, 1.0], "reasoning": "The image is showing a teddy bear with a nose, so the main object is present. The nose is visible, so it is not missing. The image is clear and well-lit, with no visible distortions or issues that would affect its quality."}, {"ans": [true, false, 1.0], "reasoning": "The image clearly shows a pair of sneakers, which directly answers the first question. For the second question, the laces are visible and present on the sneakers, so the answer is False. The image is of high quality, clearly showing the sneakers and their details, hence the quality score is 1."}, {"ans": [true, false, 0.95], "reasoning": "The image shows a refrigerator with its door open, revealing the interior. The main object in the image is indeed a refrigerator, so the answer to the first question is True. The door shelves are visible inside the refrigerator, so they are not missing or invisible, making the answer to the second question False. The image is clear and well-lit, with no visible distortions or obstructions, hence the quality score is 0.95."}, {"ans": [true, false, 0.9], "reasoning": "The image depicts a group of four young women gathered around a campfire in a wooded area. The campfire is the central focus, with flames and sparks visible, indicating that it is actively burning. The presence of the campfire and the flames answers the first question affirmatively. For the second question, since the flames are clearly visible, it indicates that the flames are not missing or invisible. The image quality is rated high because it is clear and well-defined, with all elements, including the campfire and the women, clearly visible. The only reason for not giving it a perfect score is the slight artificiality or over-processing that might be perceived in the image, but this does not detract significantly from the overall quality or the ability to answer the questions."}, {"ans": [true, false, 1.0], "reasoning": "The image clearly shows a drinking fountain with water flowing from it. The main object, the drinking fountain, is present and identifiable. The water is visible and flowing, so it is not missing or invisible. The image is clear and well-lit, with no visible distortions or obstructions, hence the quality is rated as 1.0."}, {"ans": [true, false, 0.9], "reasoning": "The image clearly shows a revolver with a visible trigger guard. The revolver is positioned on a green cloth, and its details are well-defined. The trigger guard is present and visible, surrounding the trigger. The image quality is high, with clear details of the revolver's components."}, {"ans": [true, false, 1.0], "reasoning": "The image is a detailed illustration of a compass rose, which is clearly visible and centered in the image. The compass rose includes a north arrow, which is labeled 'N' and is clearly visible, pointing towards the top of the image. Therefore, the answer to Question 1 is True because the image is showing a compass rose. The answer to Question 2 is False because the north arrow is present and visible on the compass rose. The quality of the image is rated 1 because it is a clear and detailed illustration."}, {"ans": [true, false, 0.9], "reasoning": "The image depicts a futuristic cityscape with numerous tall, sleek skyscrapers that are characteristic of a futuristic or sci-fi setting. The skyscrapers are the main focus of the image, and they are clearly visible. Therefore, the answer to the first question is True. Upon closer inspection, it is evident that some of the skyscrapers have windows or window-like features that are visible, especially in the vertical strips on the buildings where lights are seen. Although the image is futuristic and some details are stylized, the presence of these features indicates that windows are not entirely missing or invisible. Hence, the answer to the second question is False. The image is of high quality, with clear details and a coherent composition, so the quality score is 0.9."}, {"ans": [true, true, 1.0], "reasoning": "The image depicts a man in a tuxedo standing on a podium, with his right arm raised and his left arm extended outward. He is surrounded by musicians playing violins, indicating that he is a conductor. The conductor's right hand is empty, and there is no visible baton in either hand. The image is clear and well-lit, with the conductor and the musicians in sharp focus. The overall quality of the image is high, with good lighting and composition."}, {"ans": [false, true, 1.0], "reasoning": "The image shows a soccer field with white lines, but there is no soccer goal visible in the image. Therefore, the answer to Question 1 is False. Since there is no soccer goal, the crossbar is also not visible, making the answer to Question 2 True. The image is clear and well-lit, showing the details of the soccer field, so the quality is rated as 1."}, {"ans": [true, false, 1.0], "reasoning": "The image clearly shows a microscope on a table in front of a window. The microscope has multiple lenses attached to it, which are visible and appear to be part of the microscope's setup. Therefore, for Question 1, the answer is True because the image is showing a microscope. For Question 2, the answer is False because the lenses are not missing; they are visible and appear to be properly attached to the microscope. The quality of the image is rated as 1 because it is clear and well-lit, with the microscope and its components clearly visible."}]