[{"ans": [true, false, 1.0], "reasoning": "The image clearly shows a sailboat on the water. The main object, a sailboat, is present, so the answer to the first question is True. The sails are partially visible, indicating they are not missing, so the answer to the second question is False. The image is clear and of high quality, with no visible artifacts or distortions, so the quality score is 1."}, {"ans": [true, false, 0.95], "reasoning": "The image clearly shows a bicycle leaning against a brick wall. The bicycle is red with silver accents and has a visible chain connecting the pedals to the rear wheel. The presence of the chain indicates that the chain is not missing. The image is sharp and well-defined, with clear details of the bicycle and its surroundings. The quality of the image is high, with no noticeable artifacts or distortions, thus the quality score is 0.95. Since the chain is visible, the answer to whether the chain is missing or not visible is False."}, {"ans": [true, false, 0.95], "reasoning": "The image is showing a cat with visible whiskers. The main object, the cat, is clearly visible and identifiable. The whiskers are also visible, indicating they are not missing. The image is of high quality with clear details and no visible artifacts or distortions that would affect the perception of the cat or its whiskers. The slight blur in the background is expected and does not detract from the overall quality."}, {"ans": [true, true, 0.95], "reasoning": "The image shows a stone structure with an archway that resembles a castle entrance. The presence of stone walls and an archway suggests it is a castle. There are no visible gates in the image, indicating they are either missing or not visible. The image is clear and well-lit, with no visible artifacts or distortions that would significantly impact its quality. The quality score is 0.95 because the image is sharp and detailed, with natural colors."}, {"ans": [true, false, 1.0], "reasoning": "The image clearly shows a hot-air balloon with a visible basket, indicating that the main object is present. The basket is not missing or invisible; it is clearly visible below the balloon. The image is of high quality with no visible artifacts, blurring, or unnatural colors."}, {"ans": [true, false, 1.0], "reasoning": "The image clearly shows a turtle with a visible shell on a sandy beach. The turtle is centered in the image, and its shell is clearly visible. There are no visible artifacts, blurring, or other issues that would affect the quality of the image. Therefore, the answer to Question 1 is True because the image is showing a turtle. The answer to Question 2 is False because the shell is visible. The quality of the image is rated as 1 because it is clear and well-defined."}, {"ans": [true, false, 0.95], "reasoning": "The image clearly shows a train at a station, indicating that the main object is indeed a train. The train's wheels are visible under the front carriage, so they are not missing or invisible. The image is sharp and well-lit, with no noticeable artifacts or distortions, hence the high quality score of 0.95. The slight deduction from 1 is due to the fact that the image is not perfectly sharp at the very edges."}, {"ans": [true, false, 1.0], "reasoning": "The image clearly shows a pair of eyeglasses with lenses. The lenses are visible and not missing. The image is sharp and well-lit, with no visible artifacts or distortions that would affect the quality. Therefore, the answer to Question 1 is True because the image is showing eyeglasses with lenses. The answer to Question 2 is False because the lenses are present and visible. The quality score is 1.0 because the image is clear and of high quality, with no issues that would detract from the visibility of the eyeglasses or the lenses."}, {"ans": [true, false, 1.0], "reasoning": "The image clearly shows a fountain pen with a visible nib on a piece of parchment paper. The pen is the main object in the image and is depicted in detail, with the nib being clearly visible. The image is of high quality, with no visible artifacts, blurring, or other issues that would detract from the overall clarity. Therefore, the answer to Question 1 is True, as the image is showing a fountain pen with a nib. The answer to Question 2 is False, as the nib is visible. The quality of the image is rated as 1, indicating that it is of very high quality."}, {"ans": [true, false, 0.95], "reasoning": "The image depicts an umbrella with a visible canopy, indicating that the main object is indeed an umbrella. Therefore, the answer to Question 1 is True. Since the canopy is visible, it is not missing, so the answer to Question 2 is False. The image is clear and well-defined, with no noticeable artifacts or distortions that would affect the quality score. The only minor deduction comes from the peeling wall in the background, but it doesn't significantly impact the overall quality. Hence, the quality score is 0.95."}, {"ans": [true, false, 1.0], "reasoning": "The image clearly shows an airplane on a runway, with its wings visible. The presence of the airplane directly answers the first question. For the second question, the wings are not missing or invisible; they are clearly visible on both sides of the fuselage. The image is of high quality, with no visible artifacts, blurring, or other issues that would detract from its clarity."}, {"ans": [true, true, 1.0], "reasoning": "The image is showing a desk lamp with a brass finish and an open book on a wooden table. The lamp's shade is positioned over the book, but the bulb inside the lamp is not visible, indicating it is either missing or not visible due to the angle or obstruction. The image is clear and well-lit, with no visible artifacts, blurring, or other issues that would affect its quality. Therefore, the answer to Question 1 is True because the image is showing a desk lamp. The answer to Question 2 is True because the bulb is not visible. The quality of the image is rated 1.0 because it is clear and well-composed."}, {"ans": [true, false, 1.0], "reasoning": "The image is clearly showing an electric guitar with a visible neck. The neck is present and visible, so it is not missing. The image is of high quality, with no visible artifacts, blurring, or other issues that would affect the quality score."}, {"ans": [true, false, 0.9], "reasoning": "The image clearly shows a fish swimming in clear water, with visible fins. The presence of the fish is evident, and its fins are also visible, indicating that they are not missing. The image quality is high, with clear details of the fish and the water. The only reason for not giving it a perfect score is the slight distortion caused by the water's surface, but it doesn't significantly impact the visibility of the main object or its fins."}, {"ans": [true, false, 1.0], "reasoning": "The image depicts a small brick house with a gable roof, situated in a field. The house is centered in the image and appears to be a cottage. The roof is visible and intact, with a chimney on one side. The image is clear and well-defined, with no visible artifacts or distortions. Therefore, the answer to Question 1 is True, as the image is showing a cottage. The answer to Question 2 is False, as the roof is not missing or invisible. The quality of the image is rated as 1.0, indicating that it is of high quality with no noticeable issues."}, {"ans": [true, true, 0.9], "reasoning": "The image clearly shows a convertible car, which is the main object. The windshield is not visible as the top is down, indicating it is either missing or not visible due to the car's configuration. The image is of high quality with clear details and no visible artifacts or distortions."}, {"ans": [true, false, 0.95], "reasoning": "The image clearly shows a keyboard with a visible spacebar, indicating that the main object (keyboard) is present. The spacebar is not missing or invisible; it is clearly visible and illuminated. The image quality is high, with clear details of the keyboard keys and the surrounding environment. However, the quality score is not 1 due to a slight shadow effect around the keyboard, which might be considered a minor artifact."}, {"ans": [true, false, 0.9], "reasoning": "The image clearly depicts an owl perched on a branch, with detailed feathers visible across its body. The presence of the owl is evident, and its feathers are not missing or invisible; they are intricately illustrated. The image is of high quality, with clear details and no visible artifacts or distortions that would detract from the overall clarity. The only reason it does not receive a perfect score is due to the stylized nature of the image, which might be considered slightly less realistic than a photograph."}, {"ans": [true, true, 0.95], "reasoning": "The image shows a leather-bound book lying on a wooden table, with its cover open and pages visible. The main object in the image is indeed a book, so the answer to the first question is True. The pages are visible but appear to be blank and not filled with content, and they are not missing, they are just blank. However, the question asks if the pages are missing or not visible, and since they are visible, the answer to the second question is False. The image is of high quality, with clear details and no visible artifacts or distortions, so the quality score is 0.95."}, {"ans": [true, false, 1.0], "reasoning": "The image clearly shows a lighthouse, which is the main object in the picture. The lighthouse is standing on a cliff with a cloudy sky in the background. The lamp is visible inside the lighthouse, so it is not missing. The image is clear and well-defined, with no visible artifacts or distortions. Therefore, the quality of the image is rated as 1.0."}, {"ans": [true, false, 1.0], "reasoning": "The image shows a beige armchair with visible legs, placed on a patterned rug. The chair is clearly visible and appears to be in good condition. The legs of the chair are visible, so they are not missing or not visible. The image is clear and well-lit, with no visible artifacts or distortions that would affect its quality."}, {"ans": [true, true, 0.9], "reasoning": "The image shows a deer standing in a forest. The deer appears to be a female or a young male as there are no visible antlers on its head. The image is clear and well-lit, with the deer centered in the frame. The forest background is also well-defined, with trees and foliage visible. The overall quality of the image is high, with no noticeable artifacts or distortions. Therefore, the answer to Question 1 is True, as the image is showing a deer. The answer to Question 2 is also True, as the antlers are not visible. The quality of the image is rated 0.9, as it is a clear and well-composed image with no major issues."}, {"ans": [true, false, 1.0], "reasoning": "The image clearly shows an envelope with a visible flap, indicating that the flap is present and not missing. The image is of high quality with no visible artifacts or distortions."}, {"ans": [true, true, 1.0], "reasoning": "The image clearly shows a wall clock, which is the main object in question. The clock face is white with black hands and markings but lacks numbers, directly answering both questions. For Question 1, the presence of a wall clock is confirmed, so the answer is True. For Question 2, since the numbers are not visible on the clock face, the answer is True. The image is of high quality, with clear details and no visible artifacts or distortions, thus the quality score is 1.0."}, {"ans": [true, false, 0.95], "reasoning": "The image clearly shows a person wearing a white space suit, floating in a pool of water. The space suit is fully visible and includes a helmet with a reflective gold visor. The presence of the helmet indicates that it is not missing. The image is sharp and well-lit, with no visible artifacts or distortions that would affect the quality. The only reason the quality score is not 1 is due to the slight rippling of the water, which slightly affects the clarity of the image."}, {"ans": [true, false, 1.0], "reasoning": "The image clearly shows a windmill with blades in a field. The windmill is the main object and is visible with its blades intact. The blades are not missing or invisible; they are clearly visible. The image is of high quality with no visible artifacts, blurring, or other issues that would affect its clarity."}, {"ans": [true, true, 0.9], "reasoning": "The image is showing a tree without leaves. The main object, a tree, is clearly visible and identifiable. The leaves are missing, as evidenced by the bare branches. The image is of high quality, with clear details and no visible artifacts or distortions that would affect the perception of the main object. The quality score is 0.9 because the image is very clear and well-defined, with no noticeable issues."}, {"ans": [true, true, 0.95], "reasoning": "The image clearly shows a yellow school bus parked in front of a building. The bus is facing left, and its side is visible. The doors of the bus are not visible as the side view does not include the front or back of the bus where the doors are typically located. The image is sharp and well-lit, with no visible artifacts or distortions that would affect its quality. The main object, the bus, is clearly identifiable."}, {"ans": [true, true, 1.0], "reasoning": "The image shows a laptop on a table. The laptop is open and facing away from the camera, with its back visible. The screen is not visible, so it is considered missing or not visible. The image is clear and well-lit, with no visible artifacts or distortions."}, {"ans": [true, true, 1.0], "reasoning": "The image clearly shows a trumpet lying on a red fabric background. The trumpet is visible in its entirety, and it is evident that the mouthpiece is not attached to the instrument. The image is of high quality, with clear details and no visible artifacts or distortions. Therefore, the answer to Question 1 is True because the image is showing a trumpet. The answer to Question 2 is True because the mouthpiece is missing. The quality of the image is rated 1.0 because it is clear and well-defined, with no issues that would detract from its quality."}, {"ans": [true, false, 1.0], "reasoning": "The image clearly shows a robot with a visible head in a laboratory setting. The robot is centered and well-lit, with no signs of blurring, artifacts, or other quality issues. Therefore, the answer to Question 1 is True because the image is showing a robot. The answer to Question 2 is False because the head is visible. The quality score is 1.0 as the image is clear and of high quality."}, {"ans": [true, true, 0.95], "reasoning": "The image shows a candle on a silver tray. The candle is cylindrical and appears to be made of wax. The wick is not visible in the image. The image is clear and well-lit, with no visible artifacts or distortions. The quality of the image is high, with a score of 0.95 out of 1. The main object, the candle, is clearly visible, so the answer to Question 1 is True. The wick is not visible, so the answer to Question 2 is True."}, {"ans": [true, false, 1.0], "reasoning": "The image clearly shows a pizza with visible toppings including cheese, tomatoes, and basil leaves. The presence of cheese is evident, so it is not missing. The image is of high quality with clear details and no visible artifacts or distortions."}, {"ans": [true, false, 1.0], "reasoning": "The image is showing a DSLR camera body with a lens attached to it. The camera body is clearly visible and appears to be a DSLR type. The lens is also visible and attached to the camera body. The image is clear and well-lit, with no visible artifacts or distortions. Therefore, the answer to Question 1 is True. Since the lens is visible and attached to the camera, the answer to Question 2 is False. The quality of the image is high, with a clear and sharp representation of the camera and lens, so the quality score is 1."}, {"ans": [true, false, 1.0], "reasoning": "The image clearly shows a grand piano on a stage in an auditorium. The piano is black and has its lid open, revealing the strings inside. The keys are visible and appear to be intact. The image is well-lit and of high quality, with no visible artifacts or distortions. The overall atmosphere suggests a concert hall or performance venue."}, {"ans": [true, false, 0.95], "reasoning": "The image clearly shows a paintbrush next to a palette with various colors of paint. The paintbrush has bristles that are visible and appear to be intact. The image is sharp and well-lit, with no visible artifacts or distortions that would detract from its quality. The main object, the paintbrush, is clearly visible, so the answer to Question 1 is True. Since the bristles are visible, the answer to Question 2 is False. The quality of the image is rated 0.95 because it is very clear and well-composed, with only a slight shadow under the brush that could be considered a minor detraction."}, {"ans": [true, false, 1.0], "reasoning": "The image clearly shows a watch with a strap. The watch face is visible and the strap is attached to it, so the strap is not missing. The image is clear and well-lit, with no visible artifacts or distortions, so the quality is high."}, {"ans": [true, false, 0.95], "reasoning": "The image clearly shows a man with his mouth open, revealing his teeth and tongue. The tongue is visible and not missing. The image is sharp and well-lit, with no noticeable artifacts or distortions that would affect the visibility of the main object or the tongue. The quality is high, with a score of 0.95, as there are no significant issues with the image."}, {"ans": [true, false, 1.0], "reasoning": "The image clearly shows a motorcycle centered in the frame, facing to the right. The motorcycle is fully visible, including its handlebars, which are not missing or obscured. The image is well-lit with a clear view of the motorcycle and its details, indicating high quality. There are no visible artifacts, blurring, or other issues that would detract from the image quality."}, {"ans": [true, false, 1.0], "reasoning": "The image clearly shows a vintage television set on a wooden cabinet. The television has a visible screen, although it is not displaying any content. The image is well-lit and in focus, with no visible artifacts or distortions. The quality of the image is high, with a score of 1.0. For question 1, the image is showing a television, so the answer is True. For question 2, the screen is visible, so the answer is False."}, {"ans": [true, false, 0.9], "reasoning": "The image clearly shows a goat standing on a rocky outcrop, with mountains in the background. The goat has a thick white coat and is facing the camera. It has two visible horns, indicating that it is not missing them. The image is sharp and well-defined, with good contrast between the goat and the background. The quality of the image is high, with no visible artifacts or distortions. Therefore, the answer to Question 1 is True, as the image is showing a goat. The answer to Question 2 is False, as the horns are visible. The quality score is 0.9, as the image is very clear and well-defined, but may not be perfect due to slight blurring in the background."}, {"ans": [true, false, 1.0], "reasoning": "The image is showing a red sneaker with white laces, so the main object is present. The laces are visible, so they are not missing. The image is clear and of high quality, with no visible artifacts or distortions."}, {"ans": [true, false, 1.0], "reasoning": "The image clearly shows a green frog sitting on a lily pad. The frog is visible and appears to be in good detail. Both eyes of the frog are visible, so they are not missing. The image is sharp and clear, with no visible artifacts or distortions that would detract from its quality."}, {"ans": [true, false, 1.0], "reasoning": "The image is showing a mug with a handle, so the main object is present. The handle is visible, so it is not missing. The image is clear and of high quality, with no visible artifacts or distortions."}, {"ans": [true, false, 1.0], "reasoning": "The image clearly shows a saxophone with its keys visible. The saxophone is the main object in the image, and it is depicted with its keys intact and visible, indicating that the keys are not missing or invisible. The image is of high quality, with clear details and no visible artifacts or distortions."}, {"ans": [true, false, 1.0], "reasoning": "The image clearly shows a skateboard with wheels. The skateboard is positioned on a brick-paved surface, and all four wheels are visible and appear to be intact. The image is clear and well-lit, with no visible artifacts or distortions that would affect the quality. Therefore, the answer to the first question is True because the image is showing a skateboard. The answer to the second question is False because the wheels are not missing or invisible; they are clearly visible. The quality of the image is rated 1.0 because it is clear and free of significant artifacts or distortions."}, {"ans": [true, false, 1.0], "reasoning": "The image shows a fedora hat on a stand, and the brim is clearly visible. The image is of high quality with no visible artifacts or distortions."}, {"ans": [true, false, 0.95], "reasoning": "The image clearly shows a motorcycle helmet on a workbench. The helmet is black with a visor that is currently lifted up. The presence of the visor, even though it is lifted, indicates that it is not missing. The image is sharp and well-lit, with no visible artifacts or distortions that would detract from its quality. The only reason the quality score isn't 1 is due to minor wear and reflections on the helmet and workbench."}, {"ans": [true, false, 1.0], "reasoning": "The image clearly shows a bedframe, which is the main object. The mattress is partially visible as it is represented by slats, indicating that it is not fully present or is missing. However, the presence of the slats suggests that there is some form of mattress or bedding support. The image is of high quality, with clear details and no visible artifacts or distortions."}, {"ans": [true, false, 1.0], "reasoning": "The image shows a clock tower with two visible clock faces. The main object, the clock tower, is present, so the answer to the first question is True. The clock face is visible on at least one side, so the answer to the second question is False. The image is clear and well-defined, with no visible artifacts or distortions, so the quality score is 1.0."}, {"ans": [true, false, 1.0], "reasoning": "The image clearly shows a pocket watch with visible hands, indicating that the main object is present and the hands are not missing. The image is of high quality with no visible artifacts or distortions."}, {"ans": [true, false, 1.0], "reasoning": "The image clearly shows a bicycle, which is the main object. The bicycle is red with silver accents and is leaning against a stone wall. The pedals are visible and appear to be attached to the bicycle, so they are not missing or invisible. The image is clear and well-lit, with no visible artifacts or distortions that would affect its quality."}, {"ans": [true, false, 0.9], "reasoning": "The image is a portrait of a woman with visible eyes. The eyes are clearly visible and not missing. The image quality is high, with clear details and no visible artifacts or distortions that would significantly impact the overall quality. However, the image is not perfect and has some minor texture or brush strokes visible, likely due to the painting style, hence the quality score of 0.9."}, {"ans": [true, true, 0.95], "reasoning": "The image shows a grand piano on a stage with spotlights shining down. The lid of the piano is open, but the interior is not clearly visible due to the lighting. The hammers inside the piano are not visible. The image is well-lit and clear, with no visible artifacts or distortions. The quality of the image is high, with a score of 0.95 out of 1."}, {"ans": [true, false, 0.95], "reasoning": "The image shows a sailing ship with sails, so it is a sailing ship. The sails are visible, so they are not missing. The image is clear and well-defined, with no visible artifacts or distortions, but the quality is not perfect due to slight unnatural color."}, {"ans": [true, false, 1.0], "reasoning": "The image depicts a large tree with a wide canopy and visible leaves, standing in a grassy field. The tree's trunk is thick and gnarled, with branches that spread out in all directions. The leaves are green and appear to be healthy. The sky above is blue with a few white clouds. The image is clear and well-lit, with no visible artifacts or distortions. The main object, the tree, is clearly an oak tree as it matches the description of having lobed leaves and a sturdy trunk. The leaves are visible, so they are not missing or invisible. The image quality is high, with no noticeable issues such as blurring, unnatural color, noise, deformed objects, or double vision."}, {"ans": [true, false, 0.95], "reasoning": "The image depicts a stone cottage with a door, surrounded by trees and vines. The main object, the cottage, is present and visible. The door is also visible, so it is not missing or invisible. The image quality is high, with clear details and no visible artifacts or distortions. The only reason for not giving it a perfect score is the slight fogginess in the background, but it does not affect the main subject."}, {"ans": [true, false, 1.0], "reasoning": "The image clearly shows a passenger jet on a runway, with its wings visible on both sides of the fuselage. The presence of the wings is evident, and there are no visible signs of damage or obstruction that would suggest they are missing or not visible. The image is sharp and well-lit, with no noticeable artifacts or distortions that would affect its quality."}, {"ans": [true, true, 0.9], "reasoning": "The image clearly shows a wristwatch with a white face and brown leather strap, placed in a brown box. The watch face has black hour markers but no numbers. Therefore, the main object (wristwatch) is present, answering Question 1 as True. For Question 2, since the watch face does not display numbers, it is considered that the numbers are missing or not visible, so the answer is True. The image quality is high, with clear details of the watch and its components, but slight imperfections in the box's texture and the background gradient are noticeable, hence a quality score of 0.9."}, {"ans": [true, false, 1.0], "reasoning": "The image clearly shows a pizza on a wooden board. The pizza has a crust, tomato sauce, and basil leaves on top. There is a small amount of cheese visible under the sauce, indicating that it is not entirely missing. The image is clear and well-defined, with no visible artifacts or distortions. Therefore, the answer to the first question is True because the image is showing a pizza. The answer to the second question is False because the cheese is visible, albeit partially under the sauce. The quality of the image is rated as 1 because it is clear and well-defined."}, {"ans": [true, false, 0.9], "reasoning": "The image clearly shows traffic signals above the road, with visible lights on them. The main object, traffic signals, is present. The lights on the traffic signals are visible, so they are not missing or invisible. The image quality is generally good, with clear details of the scene, but there is a slight overexposure in the center due to the sunlight, which slightly affects the quality."}, {"ans": [true, false, 0.95], "reasoning": "The image clearly shows a skateboard with a rainbow-colored deck and yellow wheels. The skateboard is lying on a concrete surface, and its shadow is visible. The wheels are present and visible, indicating that they are not missing. The image is well-lit, and the details of the skateboard are clear, suggesting a high-quality image. However, there are some minor imperfections on the concrete surface, such as small holes and stains, which slightly reduce the overall quality score to 0.95."}, {"ans": [true, true, 0.9], "reasoning": "The image is showing a chessboard with gold-colored pieces on it. The chessboard is clearly visible and appears to be the main object in the image. The black pieces are not visible as they are not present on the board, indicating that they are missing. The image is of high quality with clear details and no noticeable artifacts or distortions."}, {"ans": [true, true, 1.0], "reasoning": "The image shows a red Ferrari sports car in a garage. The car is a convertible with the top down, and it is facing to the left. The image is clear and well-lit, showing the car's sleek design. The brakes are not visible as they are typically located inside the wheels, and the image does not provide a clear view of the brake components. Therefore, for Question 1, the answer is True because the image is showing a sports car. For Question 2, the answer is True because the brakes are not visible. The quality of the image is rated 1.0 because it is clear and free of artifacts or distortions."}, {"ans": [true, true, 1.0], "reasoning": "The image clearly shows an open book on a wooden table, with the pages visible and blank. The main object, the book, is present. The text is not visible on the pages, as they are blank. The image is of high quality, with clear details and no visible artifacts or distortions."}, {"ans": [true, false, 0.95], "reasoning": "The image shows a computer tower with its side panel removed, revealing the internal components. The computer tower is the main object in the image, and it is clearly visible. The fans are also visible, both on the side panel and inside the tower, so they are not missing or invisible. The image is of high quality, with clear details and no visible artifacts or distortions. The only reason the quality score is not 1 is because of the slight shadow under the tower, but it does not affect the visibility of the main object or the fans."}, {"ans": [true, false, 1.0], "reasoning": "The image clearly shows a scarecrow standing in a field of wheat. The scarecrow is wearing a plaid shirt, jeans, and a straw hat, and has straw-stuffed arms outstretched. The image is sharp and well-defined, with no visible artifacts or distortions. The scarecrow's arms are clearly visible, so the answer to the second question is False. The overall quality of the image is high, so the quality score is 1.0."}, {"ans": [true, true, 0.9], "reasoning": "The image depicts a man in armor, which is consistent with the representation of a knight. The main figure is clearly visible and centered in the image, indicating that the image is showing a knight. Therefore, the answer to the first question is True. Upon closer inspection, it is evident that the knight's sword is not visible in the image, as it is not present in his hand or at his side. Thus, the answer to the second question is also True. The image quality is high, with clear details and no significant artifacts or distortions, resulting in a quality score of 0.9."}, {"ans": [true, false, 1.0], "reasoning": "The image is showing a white teapot with a floral design on it, placed on a bamboo mat. The teapot has a spout, a lid, and a handle, which are all typical features of a teapot. The handle is visible on the right side of the teapot, so it is not missing. The image is clear and well-lit, with no visible artifacts or distortions. Therefore, the quality of the image is high."}, {"ans": [true, false, 1.0], "reasoning": "The image clearly shows a basketball hoop with a net. The main object, the basketball hoop, is present and visible. The net is also visible, attached to the hoop. The image is clear and well-defined, with no visible artifacts, blurring, or other issues that would affect its quality. Therefore, the answer to Question 1 is True, as the image is showing a basketball hoop. The answer to Question 2 is False, as the net is not missing and is visible. The quality of the image is rated 1, as it is clear and well-defined."}, {"ans": [true, false, 1.0], "reasoning": "The image is showing a dining table setting with a white tablecloth, fine china, and silverware. The main object, the dining table, is present. For the second question, the glasses are visible on the table, so they are not missing. The image is clear and well-lit, with no visible artifacts or distortions, hence the quality score is 1."}, {"ans": [true, false, 1.0], "reasoning": "The image clearly shows a typewriter, which is the main object. The typewriter is positioned in the center of the image, and its details are clearly visible. The ribbon is also visible, wrapped around the spools on either side of the typewriter. Therefore, the answer to Question 1 is True. For Question 2, since the ribbon is visible, the answer is False. The image is of high quality, with no visible artifacts, blurring, or other issues that would detract from its clarity. Hence, the quality score is 1.0."}, {"ans": [true, true, 0.95], "reasoning": "The image shows a winter jacket, specifically a cream-colored puffer coat with a fur-trimmed hood, hanging on a coat rack. The jacket is fastened with buttons down the front, and there is no visible zipper. The image is clear and well-lit, with no noticeable artifacts or distortions that would detract from its quality. The main object, the winter jacket, is clearly visible, and the absence of a zipper is evident. Therefore, the answer to Question 1 is True because the image does show a winter jacket. The answer to Question 2 is also True because the zipper is not visible on the jacket. The quality of the image is rated 0.95 out of 1, as it is sharp and clear, with proper lighting and no significant issues."}, {"ans": [true, false, 1.0], "reasoning": "The image clearly shows a sunflower. The seeds are visible on the flower head, arranged in a spiral pattern. The image is sharp and well-lit, with no visible artifacts or distortions."}, {"ans": [true, false, 0.95], "reasoning": "The image clearly depicts an elephant standing on a dirt road in a savannah. The elephant is facing the camera, and its trunk is visible and hanging down between its tusks. The image is sharp and well-defined, with clear details of the elephant's features and the surrounding environment. The quality of the image is high, with no noticeable artifacts or distortions. Therefore, the answer to Question 1 is True because the image is showing an elephant. The answer to Question 2 is False because the trunk is not missing or invisible; it is clearly visible. The quality score is 0.95, indicating a very high-quality image with only a slight deduction for the hazy sky in the background, which does not significantly impact the overall clarity of the main subject."}, {"ans": [true, true, 0.95], "reasoning": "The image shows a rowboat floating on a lake. The boat is empty and facing the camera, with its bow pointing towards the viewer. The oars are not visible in the image. The image is clear and well-lit, with no visible artifacts or distortions. The quality of the image is high, with a score of 0.95 out of 1. The main object, the rowboat, is clearly visible, and the absence of oars is also apparent."}, {"ans": [true, true, 1.0], "reasoning": "The image clearly shows a snowman in the foreground, answering the first question as True. Upon closer inspection, the snowman's body does not have visible buttons, which directly relates to the second question. Since the buttons are not visible, the answer to the second question is True. The image is of high quality with clear details, no visible artifacts, and natural colors, hence the quality score is 1.0."}, {"ans": [true, false, 1.0], "reasoning": "The image clearly shows a fountain pen on top of a notebook. The pen is transparent, allowing the ink inside to be visible. The image is sharp and well-lit, with no visible artifacts or distortions. Therefore, the answer to the first question is True because the image is showing a fountain pen. The answer to the second question is False because the ink is visible inside the pen. The quality of the image is rated 1.0 because it is clear and well-defined, with no issues that would detract from its quality."}, {"ans": [true, false, 1.0], "reasoning": "The image clearly shows a paintbrush with visible bristles next to a paint palette. The paintbrush is the main object in the image, and it is intact with its bristles clearly visible. The image is of high quality, with no visible artifacts, blurring, or other issues that would detract from its clarity. Therefore, the answer to the first question is True because the image is showing a paintbrush. The answer to the second question is False because the bristles are not missing or invisible; they are clearly visible. The quality of the image is rated 1.0 because it is clear and well-defined, with no noticeable issues."}, {"ans": [true, false, 0.95], "reasoning": "The image is showing a pair of eyeglasses with round lenses and a gold frame, placed on top of a document. The temples of the eyeglasses are visible, extending from the frame. The image is clear and well-lit, with no visible artifacts or distortions. The quality of the image is high, with a score of 0.95. For question 1, the answer is True because the image is showing eyeglasses. For question 2, the answer is False because the temples are visible and not missing."}, {"ans": [true, true, 0.95], "reasoning": "The image clearly shows a person holding an umbrella in a rainy city street. The umbrella is the main object and is visible, so the answer to the first question is True. Upon closer inspection, the ribs of the umbrella are not clearly visible due to the angle and lighting, so the answer to the second question is True as the ribs are not visible. The image quality is high, with clear details of the scene, but the overexposure in the center slightly affects the overall quality, hence a score of 0.95."}, {"ans": [true, false, 0.95], "reasoning": "The image clearly shows a wristwatch with a gold case and black leather strap, displayed under a glass dome. The watch face is visible and features a skeleton design, showcasing its mechanical components. The hour markers are present on the outer rim of the watch face, indicating the hours. The image is sharp and well-lit, with no visible artifacts or distortions that would detract from its quality. The watch is the main focus, and it is presented in a clear and detailed manner. Therefore, the answer to Question 1 is True because the image is showing a wristwatch. The answer to Question 2 is False because the hour markers are visible on the watch face. The quality of the image is rated 0.95 out of 1, as it is very clear and well-defined, with only minor considerations for the slight reflection on the glass dome."}, {"ans": [true, false, 1.0], "reasoning": "The image clearly shows a camping tent with its fabric and poles visible. The tent is set up in a grassy field with trees in the background. The poles are visible and appear to be supporting the tent's structure. The image is clear and well-lit, with no visible artifacts or distortions. Therefore, the answer to Question 1 is True, as the image is showing a camping tent. The answer to Question 2 is False, as the poles are visible and not missing. The quality of the image is rated as 1.0, as it is clear and well-defined with no noticeable issues."}, {"ans": [true, false, 1.0], "reasoning": "The image clearly depicts a cuckoo clock with intricate carvings and four visible weights hanging from the bottom. The clock is mounted on a wooden wall, and the weights are shaped like pinecones. The image is sharp and well-defined, with no visible artifacts or distortions. The presence of the weights is evident, indicating that they are not missing or invisible."}, {"ans": [true, true, 1.0], "reasoning": "The image is showing a smartphone, which is the main object. The phone is displayed with its screen facing upwards, and there is no visible speaker grille on the front or visible sides of the phone. The image is clear and well-lit, with no visible artifacts or distortions that would affect its quality. Therefore, the quality of the image is rated as 1.0."}, {"ans": [true, true, 0.9], "reasoning": "The image clearly shows a motorcycle, which is the main object. The motorcycle is parked on a road, facing the camera, and its front part is visible. The speedometer is not visible in the image, as it is not present on the handlebars or anywhere else on the visible parts of the motorcycle. The image is of high quality, with clear details and no noticeable artifacts or distortions. The quality score is 0.9 because the image is sharp and well-lit, but it might be slightly overexposed on the motorcycle's headlight."}, {"ans": [true, true, 0.9], "reasoning": "The image shows a violin bow. The bow is lying on a red fabric surface, and it appears to be a typical violin bow with a wooden stick and metal fittings. The hair of the bow is not visible, suggesting that it is either missing or not visible in the image. The image is clear and well-lit, with no visible artifacts or distortions that would affect the quality. Therefore, the quality of the image is rated as 0.9."}, {"ans": [true, true, 0.9], "reasoning": "The image clearly shows a birdcage hanging from a porch ceiling, satisfying the first question. Upon closer inspection, it's evident that there is no visible perch inside the birdcage, answering the second question. The image quality is high, with clear details and no noticeable artifacts or distortions that would affect the visibility of the main object or its components. The slight reduction in quality score is due to the overexposure to the right side of the image, but it does not significantly impact the overall clarity of the birdcage."}, {"ans": [true, false, 0.95], "reasoning": "The image clearly depicts a statue of a woman in a classical setting. The statue is intact with its head visible, indicating that the head is not missing. The image quality is high, with clear details and no visible artifacts or distortions that would detract from the overall perception of the image. The slight deduction in quality score is due to the image being a rendering, which might not perfectly replicate real-world textures or lighting, but it does not significantly impact the visibility or understanding of the statue."}, {"ans": [true, false, 1.0], "reasoning": "The image clearly shows a teddy bear sitting on a bed. The teddy bear has a visible nose, which is brown in color. The image is of high quality, with clear details and no visible artifacts or distortions. Therefore, the answer to Question 1 is True because the image is showing a teddy bear. The answer to Question 2 is False because the nose is visible on the teddy bear. The quality of the image is rated 1.0 because it is clear and well-defined, with no noticeable issues."}, {"ans": [true, false, 1.0], "reasoning": "The image clearly shows a pair of high-top sneakers with white laces, positioned on a black mat in front of a white wall. The sneakers are the main focus of the image, and they are well-lit and in sharp focus. The laces are visible and appear to be properly tied. There are no visible artifacts, blurring, or other issues that would detract from the quality of the image. Therefore, the answer to Question 1 is True, as the image is showing sneakers. The answer to Question 2 is False, as the laces are visible and not missing. The quality of the image is rated as 1.0, indicating that it is of high quality."}, {"ans": [true, false, 1.0], "reasoning": "The image clearly shows a refrigerator with its doors open, revealing the interior. The main object, the refrigerator, is present and visible. The door shelves are also visible on the left door, so they are not missing or invisible. The image is of high quality, with clear details and no visible artifacts or distortions."}, {"ans": [true, false, 0.9], "reasoning": "The image clearly depicts a group of people gathered around a campfire in a forest. The campfire is the central focus, and it is evident that it is burning with visible flames. The presence of flames is confirmed by the bright light emanating from the fire and the sparks flying upwards. Therefore, the answer to Question 1 is True because the image is showing a campfire. For Question 2, the answer is False because the flames are visible and not missing. The quality of the image is rated 0.9 because it is clear and well-defined, with no noticeable artifacts or distortions that would detract from the overall clarity. The only reason it is not rated 1 is due to the slight haze and mist in the background, which is part of the scene's atmosphere rather than a degradation of image quality."}, {"ans": [true, false, 1.0], "reasoning": "The image clearly shows a drinking fountain in a park setting. The fountain is silver and has a button on the front, with water flowing from the spout. The presence of water flowing from the spout indicates that water is not missing or invisible. The image is of high quality, with clear details and no visible artifacts or distortions."}, {"ans": [true, false, 1.0], "reasoning": "The image clearly shows a revolver with a visible trigger guard. The revolver is positioned on a green surface, and its details are well-defined, indicating a high-quality image. The trigger guard is present and visible, surrounding the trigger."}, {"ans": [true, false, 0.9], "reasoning": "The image is a detailed illustration of a compass rose, which is clearly visible and centered in the image. The compass rose includes a north arrow, which is also visible. The image is of high quality, with intricate details and ornate designs around the compass rose. The only reason for not giving it a perfect score is the slight wear and tear visible on the edges and corners, suggesting it is an aged or vintage illustration."}, {"ans": [true, false, 0.9], "reasoning": "The image depicts a futuristic cityscape with numerous skyscrapers, some of which have visible windows with lights on inside. The presence of skyscrapers satisfies the first question. For the second question, the windows are visible on several buildings, so they are not missing or invisible. The image quality is high, with clear details and minimal artifacts, but the slight haze and reflections might slightly reduce the score to 0.9."}, {"ans": [true, true, 1.0], "reasoning": "The image shows a conductor standing on a podium with his right hand raised. He is wearing a black tuxedo with a white shirt and bow tie, indicating that he is likely conducting an orchestra. The presence of musicians in the background further supports this interpretation. The conductor's right hand is empty, and there is no visible baton in either of his hands. Therefore, the baton is considered missing or not visible. The image is clear and well-lit, with no visible artifacts or distortions that would affect its quality."}, {"ans": [true, true, 0.95], "reasoning": "The image depicts a soccer field with a goal visible in the foreground. The goal consists of two vertical posts, indicating that it is a soccer goal. However, the crossbar is not visible, suggesting that it is either missing or not visible from the current perspective. The image is clear and well-lit, with no noticeable artifacts or distortions that would affect its quality. The quality score is 0.95, indicating a high-quality image."}, {"ans": [true, false, 0.95], "reasoning": "The image clearly shows a microscope, so the answer to Question 1 is True. The lenses are visible on the microscope, specifically the objective lenses are visible below the nosepiece, so the answer to Question 2 is False. The image is of high quality, with clear details and no visible artifacts or distortions, so the quality score is 0.95. The slight deduction from 1 is due to the minor reflection on the table surface."}]