[{"ans": [true, true, 1.0], "reasoning": "The image is showing a sailboat, which is the main object. The sails are not visible as they appear to be furled or not deployed. The image is clear and well-lit, with no visible distortions or obstructions that would affect its quality."}, {"ans": [true, true, 0.8], "reasoning": "The image is showing a bicycle. The bicycle appears to be heavily damaged and rusted, with visible signs of decay. The chain is not visible, suggesting it may be missing or not visible due to the condition of the bicycle. The overall condition of the bicycle and its surroundings suggests a neglected or abandoned environment. The quality of the image is rated 0.8 because it is clear and well-focused, despite the subject matter being in a state of disrepair."}, {"ans": [true, false, 0.9], "reasoning": "The image is showing a cat, so the answer to the first question is True. The whiskers are visible on the cat's face, so the answer to the second question is False. The image is clear and well-lit, with the cat being the main focus. The quality of the image is high, with a score of 0.9. The slight deduction in quality score is due to the presence of dirt and debris on the window and surrounding area, but this does not detract from the main subject of the image, which is the cat."}, {"ans": [true, false, 1.0], "reasoning": "The image depicts a castle ruin with a large stone structure and a grassy area in front. The main object is a castle, which is visible in the image. The gates are present and visible at the entrance of the castle, therefore they are not missing or not visible. The image is clear and well-defined, with no visible distortions or obstructions, hence the quality is rated as 1."}, {"ans": [true, false, 0.9], "reasoning": "The image is showing a hot-air balloon, and the basket is visible and not missing. The quality of the image is high, with a clear view of the balloon and the surrounding environment. The only reason for a quality score less than 1 is the slight haze in the background, but it does not significantly impact the visibility of the main subject."}, {"ans": [true, false, 0.8], "reasoning": "The image clearly shows a turtle with a visible shell, indicating that the main object (turtle) is present. The shell is not missing or invisible; it is covered in mud and algae but clearly visible. The quality of the image is rated 0.8 because it is slightly grainy and the turtle is partially wet, which might affect clarity, but it does not impact the visibility of the key elements."}, {"ans": [true, false, 0.8], "reasoning": "The image clearly shows a train on the tracks, so the answer to the first question is True. The wheels of the train are visible, so the answer to the second question is False. The image is slightly pixelated and has a yellow tint, but it is still clear and well-defined, so the quality score is 0.8."}, {"ans": [true, false, 1.0], "reasoning": "The image shows a pair of eyeglasses with lenses, although the frames are broken. The lenses are present and visible, indicating that they are not missing. The quality of the image is good, as it clearly displays the eyeglasses and their condition."}, {"ans": [true, false, 0.9], "reasoning": "The image shows a fountain pen lying on a parchment-like paper. The pen is clearly visible and appears to be a fountain pen due to its design. The nib of the pen is visible and not missing, as it is clearly shown at the tip of the pen. The image is of high quality, with clear details of the pen and the surrounding elements. The only reason for not giving it a perfect score is the slight degradation or effect on the image that makes it look a bit aged or textured, but this does not detract from the main subject."}, {"ans": [true, false, 0.9], "reasoning": "The image shows a damaged umbrella with its canopy still partially intact and visible. The main object in the image is indeed an umbrella, so the answer to the first question is True. The canopy is not missing; it is torn and damaged but still attached to the umbrella's frame, making the answer to the second question False. The quality of the image is rated 0.9 because it is clear and well-lit, showing the details of the umbrella and its surroundings."}, {"ans": [true, false, 1.0], "reasoning": "The image clearly shows an airplane on a tarmac, with its wings visible on both sides of the fuselage. The presence of the airplane is evident, so the answer to the first question is True. The wings are also clearly visible, so the answer to the second question is False. The image is clear and well-lit, showing all the necessary details of the airplane, hence the quality is rated as 1."}, {"ans": [true, false, 0.9], "reasoning": "The image shows a desk lamp with a gold-colored base and arm, and it appears to be illuminating an open book. The bulb is visible and appears to be a small, candle-like light. Therefore, the answer to Question 1 is True, as the image is showing a desk lamp. The answer to Question 2 is False, as the bulb is visible. The quality of the image is rated 0.9, as it is clear and well-lit, with no visible distortions or issues that would detract from the overall view of the lamp and the book."}, {"ans": [true, false, 0.9], "reasoning": "The image is showing an electric guitar with a visible neck, so the main object is present. The neck is visible, so it is not missing or not visible. The image is well-lit and clear, with a good view of the guitar, so the quality is high."}, {"ans": [false, false, 0.8], "reasoning": "The image appears to be a close-up of a fish trapped in ice, with the fish's body and fins visible. The first question asks if the image is showing a fish, which it is, so the answer should be true. However, the image is not a straightforward depiction of a fish; it's encased in ice, which might affect the interpretation. For the second question, the fins are visible, so they are not missing or not visible, making the answer false. The quality of the image is rated 0.8 because, while it is clear and well-lit, the ice surrounding the fish causes some distortion and reflection, slightly affecting visibility."}, {"ans": [true, false, 0.95], "reasoning": "The image depicts a small, rustic cottage with a partially visible roof, surrounded by lush greenery and wildflowers. The cottage is the main object in the image, and it is clearly visible. The roof is partially damaged but still present, indicating that it is not entirely missing. The image is of high quality, with clear details and vibrant colors. The presence of the roof, although damaged, means it is not considered missing or not visible."}, {"ans": [true, false, 0.9], "reasoning": "The image is showing a collection of vintage cars, with the main focus on a row of convertible cars in the foreground. The cars are parked in a grassy area, and people are visible in the background. The image is clear and well-lit, with good visibility of the cars' details. For Question 1, the image is showing a car, so the answer is True. For Question 2, the windshields of the cars in the foreground are visible, so the answer is False. The quality of the image is rated 0.9 because it is clear and well-lit, with no visible distortions or obstructions that would affect the visibility of the main objects."}, {"ans": [true, true, 0.8], "reasoning": "The image shows a transparent keyboard with illuminated keys. The keyboard is the main object in the image, so the answer to the first question is True. Upon closer inspection, it appears that the spacebar is missing or not visible, as there is a gap in the bottom row of keys where the spacebar would typically be located. Therefore, the answer to the second question is also True. The image is clear and well-lit, but the angle and transparency of the keyboard make it slightly difficult to discern some details, hence a quality score of 0.8."}, {"ans": [true, false, 0.9], "reasoning": "The image depicts an owl perched on a tree branch at night, with its feathers visible. The owl's body is turned towards the camera, showcasing its plumage. The image is clear and well-defined, with the owl being the main subject. The presence of feathers is evident, indicating that they are not missing or invisible. The quality of the image is high, with a clear view of the owl and its surroundings. However, the quality score is not 1 due to the slightly dark and misty atmosphere, which might be due to the nighttime setting."}, {"ans": [true, false, 0.9], "reasoning": "The image shows a leather-bound book with visible pages, so the main object is indeed a book. The pages are visible, so they are not missing or not visible. The image is of high quality, with clear details of the book and its surroundings."}, {"ans": [true, false, 1.0], "reasoning": "The image depicts a lighthouse on a rocky outcrop in the middle of a stormy sea. The lighthouse is white with a red roof and has a light at the top. The light is visible and appears to be lit. Therefore, the answer to Question 1 is True because the image is showing a lighthouse. The answer to Question 2 is False because the lamp is visible and not missing. The quality of the image is rated 1 because it is clear and well-defined, with no visible distortions or issues that would detract from the visibility of the lighthouse or its lamp."}, {"ans": [true, false, 1.0], "reasoning": "The image is showing an armchair with visible legs, so the main object is present. The legs are visible, so they are not missing or not visible."}, {"ans": [true, false, 0.9], "reasoning": "The image clearly shows a deer with visible antlers in a forest setting. The deer is centered and facing the camera, making it the main subject. The antlers are present and visible, indicating that the deer is likely a male. The image is well-lit, with the sun shining through the trees, and the deer's features are clearly visible. The quality of the image is high, with good resolution and detail. The only reason for not giving it a perfect score is the slight blurring around the edges due to the foliage and the lighting conditions."}, {"ans": [true, false, 1.0], "reasoning": "The image shows a translucent envelope with a visible flap, placed on a marble surface. The envelope is the main object in the image, so the answer to the first question is True. The flap is visible, so the answer to the second question is False. The image is clear and well-lit, showing the envelope and its details, so the quality is rated as 1."}, {"ans": [true, true, 1.0], "reasoning": "The image is showing a wall clock, which is the main object. The clock face is white with black hands, but there are no numbers visible on the clock face. Therefore, the numbers are missing or not visible. The image is clear and well-lit, and the clock is centered in the frame, so the quality is rated as 1."}, {"ans": [true, false, 0.9], "reasoning": "The image shows a person wearing a white space suit submerged in a swimming pool. The space suit is clearly visible and appears to be a central element of the image. The helmet is also visible and is not missing or obscured, it is attached to the suit and is clearly seen on the astronaut's head. The image is clear and well-lit, with good visibility of the details of the space suit and the surrounding pool environment. The quality of the image is high, with a score of 0.9, indicating that it is a good representation of the scene."}, {"ans": [true, false, 0.8], "reasoning": "The image is a double exposure of a windmill in a field. The windmill is clearly visible and appears to be intact with its blades present. The double exposure effect does not obscure the main features of the windmill, including its blades. Therefore, for Question 1, the answer is True because the image is showing a windmill. For Question 2, the answer is False because the blades are visible. The quality of the image is rated 0.8 due to the double exposure effect, which might slightly affect the clarity but does not hide key elements."}, {"ans": [true, true, 1.0], "reasoning": "The image prominently features a large tree with sprawling branches. The tree is bare, indicating it is either in a dormant season or is a deciduous tree without leaves at the time the photo was taken. The main object, a tree, is clearly visible, fulfilling the condition for Question 1. For Question 2, the leaves are not visible on the main tree, thus they are considered missing. The image is clear and well-lit, with the sun shining through the branches, contributing to its high quality."}, {"ans": [true, true, 0.8], "reasoning": "The image is a distorted representation of multiple yellow school buses parked in a lot. The distortion makes it difficult to discern clear details, but the overall shape and features of the buses are visible. The doors of the buses are not clearly visible due to the distortion and the angle of the image, making it appear as though they are missing or not visible."}, {"ans": [true, false, 0.8], "reasoning": "The image is showing a laptop, which is the main object. The laptop's screen is visible and not missing, as it is open and reflecting light. The image quality is good, with a clear view of the laptop, although there is some glare and reflection on the plastic covering it."}, {"ans": [false, true, 1.0], "reasoning": "The image depicts a shiny brass instrument, likely a saxophone, resting on a red velvet cloth. The instrument is not a trumpet, so the answer to the first question is False. The mouthpiece of the saxophone is not visible, suggesting it is either missing or not visible, so the answer to the second question is True. The image is clear and well-lit, showing the instrument in detail, hence the quality is rated as 1."}, {"ans": [true, false, 0.9], "reasoning": "The image clearly depicts a robot, which is the main object in question. The robot is shown with a visible head, enclosed in a transparent helmet, indicating that the head is present and visible. Therefore, the answer to the first question is True because the image is showing a robot. The answer to the second question is False because the head is not missing; it is visible within the helmet. The quality of the image is rated 0.9, as it is clear and detailed, with no significant issues affecting its overall quality."}, {"ans": [true, true, 0.9], "reasoning": "The image depicts a candle on a silver platter. The candle is the main object and appears to be a simple, white, cylindrical candle. There is no visible wick on the candle. The image is clear and well-lit, with a simple background that does not distract from the main object. The quality of the image is high, with good resolution and minimal noise. The only reason for not giving it a perfect score is the slight blurriness at the edges."}, {"ans": [true, false, 1.0], "reasoning": "The image is showing a pizza with visible cheese, so the answer to the first question is True. The cheese is visible on the pizza, so the answer to the second question is False. The image is clear and well-lit, showing the pizza and its toppings in detail, so the quality is rated as 1."}, {"ans": [true, false, 0.8], "reasoning": "The image is showing a DSLR camera with the lens mount open and the internal mechanisms exposed, indicating that the lens is not attached but the camera body is present. The lens is missing because it is not visible in the image, and the internal parts of the camera are exposed. The quality of the image is rated 0.8 because it is clear and well-focused, showing the details of the camera's internal mechanisms."}, {"ans": [true, false, 0.9], "reasoning": "The image shows multiple grand pianos on a stage in an auditorium, with the lids open and the keys visible. The presence of the pianos and the visible keys directly answers both questions. The image is clear and well-lit, indicating a high-quality image."}, {"ans": [true, true, 1.0], "reasoning": "The image shows a paint palette with two paintbrushes. The paintbrushes are visible, but their bristles are not clearly visible due to being covered in paint. Therefore, the main object (paintbrush) is present, and the bristles are not visible."}, {"ans": [true, false, 0.9], "reasoning": "The image shows a watch with a visible strap, so the main object (watch) is present. The strap is clearly visible and not missing, so the answer to the second question is False. The image quality is high, with clear details of the watch and its surroundings, so the quality score is 0.9."}, {"ans": [true, true, 0.8], "reasoning": "The image is a composite of a medical procedure with an X-ray overlay. The X-ray shows a human skull, including the jaw and mouth area. The mouth is visible in the X-ray, so the answer to the first question is True. The tongue is not visible in the X-ray, so the answer to the second question is True. The image quality is good, with clear details in both the X-ray and the background medical scene, hence a quality score of 0.8."}, {"ans": [true, true, 0.9], "reasoning": "The image depicts a motorcycle, but the handlebars are not visible due to the distortion and damage to the vehicle. The presence of a motorcycle is evident, answering the first question as true. For the second question, the handlebars are not discernible, making the answer true as they are considered missing or not visible. The image quality is rated high at 0.9 because, despite the distortion, the main elements and details are still perceivable."}, {"ans": [true, false, 0.9], "reasoning": "The image clearly shows an old television set with a visible screen, although the screen is reflecting some internal components. The television is in a state of disrepair, with its lower panel removed to expose the internal wiring and components. The presence of the screen, even though it's reflecting other elements, indicates that the screen is not missing. Therefore, the answer to the first question is True. For the second question, since the screen is visible, the answer is False. The quality of the image is rated 0.9 because it is clear and well-lit, showing the details of the television and its surroundings. The fact that the screen is reflecting internal components does not detract from the overall quality, as it is still possible to discern the presence and condition of the screen."}, {"ans": [true, false, 0.9], "reasoning": "The image depicts a white goat-like creature with horns standing on a rocky outcrop. The presence of horns is visible, indicating that the goat has horns. Therefore, the answer to Question 1 is True because the image is showing a goat. The answer to Question 2 is False because the horns are visible. The quality of the image is rated 0.9 due to its clarity and the detailed depiction of the goat and its surroundings."}, {"ans": [true, true, 0.8], "reasoning": "The image shows a sneaker, specifically a red shoe with a white sole, wrapped in plastic. The shoe is displayed on a wooden surface in front of a white background. The laces are not visible, as the shoe is wrapped in plastic. Therefore, the answer to Question 1 is True, as the image is showing a sneaker. The answer to Question 2 is also True, as the laces are not visible due to the plastic wrapping. The quality of the image is rated 0.8, as it is clear and well-lit, with no significant distractions or issues that would affect the visibility of the sneaker."}, {"ans": [true, true, 0.8], "reasoning": "The image clearly shows a frog, so the answer to the first question is True. The eyes of the frog are not visible, so the answer to the second question is True. The image is clear and well-lit, but the presence of water and vegetation partially obscures the view, hence the quality score is 0.8 instead of 1."}, {"ans": [true, false, 0.9], "reasoning": "The image is showing a mug with a handle, so the answer to the first question is True. The handle is visible, so the answer to the second question is False. The image is clear and well-lit, and the mug is centered in the frame, so the quality is rated as 0.9. The slight imperfection in the image quality comes from the slight blur around the edges."}, {"ans": [true, false, 0.8], "reasoning": "The image depicts a saxophone, which is the main object in question. The saxophone is visible and appears to be intact, with its keys partially visible despite the reflections and distortions caused by the surrounding environment. Therefore, the answer to the first question is True. For the second question, the keys are not missing or entirely invisible; they are partially visible, so the answer is False. The quality of the image is rated 0.8 because, while the saxophone is visible, the image is somewhat obscured by reflections and distortions."}, {"ans": [true, false, 0.8], "reasoning": "The image is showing a skateboard with wheels visible, albeit somewhat distorted due to the reflection on the wet ground. The presence of the skateboard is clear, so the answer to the first question is True. The wheels are visible, so the answer to the second question is False. The image quality is rated 0.8 because the image is somewhat distorted due to the reflection, but it is still clear enough to identify the skateboard and its wheels."}, {"ans": [true, false, 1.0], "reasoning": "The image depicts a fedora hat on a stand, and the brim of the hat is clearly visible. Therefore, the answer to Question 1 is True because the main object, a fedora, is present. The answer to Question 2 is False because the brim is not missing or invisible; it is clearly visible around the hat. The quality of the image is rated as 1 because it is clear and well-defined, with no issues affecting the visibility of the main object or its key elements."}, {"ans": [true, false, 0.9], "reasoning": "The image clearly shows a motorcycle helmet on a workbench in a workshop. The helmet is black with a clear visor, which is visible and not missing. The presence of tools around it suggests it might be under maintenance or customization. The image is well-lit and focused, indicating good quality. The main object, the motorcycle helmet, is clearly identifiable."}, {"ans": [true, false, 0.95], "reasoning": "The image shows a bedframe with intricate carvings and a mattress covered with a decorative blanket. The bedframe is the main object in the image, so the answer to the first question is true. The mattress is visible under the blanket, so the answer to the second question is false. The image is of high quality, with clear details of the bedframe and its surroundings, so the quality score is 0.95."}, {"ans": [true, false, 0.9], "reasoning": "The image shows a clock tower with a visible clock face on one side. The presence of the clock tower fulfills the condition for Question 1, so the answer is True. For Question 2, the clock face is visible, so it is not missing or invisible, making the answer False. The quality of the image is rated 0.9 because it is clear and well-lit, with the main subject (the clock tower) being the central focus."}, {"ans": [true, false, 0.8], "reasoning": "The image is showing a pocket watch with visible hands, so the answer to the first question is True. The hands are visible, so the answer to the second question is False. The quality of the image is rated 0.8 because it is clear and well-lit, showing intricate details of the pocket watch."}, {"ans": [true, true, 0.9], "reasoning": "The image shows two bicycles leaning against a stone wall. The bicycles are red and have a sleek design, indicating they are likely road bikes. The front wheel of the left bicycle is melted and distorted, suggesting it has been exposed to high heat. The pedals are not visible on either bicycle, which could be due to the angle of the image or damage. The overall condition of the bicycles and the surrounding area suggests neglect or abandonment. The image is clear and well-lit, allowing for a good view of the bicycles and their condition."}, {"ans": [true, false, 0.8], "reasoning": "The image shows a painting of a woman within a larger painting or artwork. The woman in the painting has visible eyes, so the answer to the second question is False. The main object, the portrait of the woman, is present, so the answer to the first question is True. The quality of the image is rated 0.8 because the overall image is an impressionistic representation with visible brush strokes, but it is clear and well-defined."}, {"ans": [true, true, 0.8], "reasoning": "The image depicts a grand piano on a stage, surrounded by spotlights and an audience. The piano is the central focus, and its shape and structure are clearly visible, indicating that it is indeed a grand piano. However, the hammers inside the piano are not visible due to the angle and the presence of smoke or fog around the piano. The image quality is good, with clear details of the stage and the audience, but the visibility of the hammers is obscured. Therefore, the answer to the first question is True because the image shows a grand piano. The answer to the second question is also True because the hammers are not visible. The quality of the image is rated 0.8 because, although it is clear and well-lit, the presence of smoke or fog affects the visibility of some details."}, {"ans": [true, true, 0.9], "reasoning": "The image depicts a sailing ship, which is the main object, so the answer to the first question is True. The sails are not visible, as they are either missing or not depicted in the image, so the answer to the second question is True. The quality of the image is high, with clear details of the ship and its rigging, so the quality score is 0.9."}, {"ans": [true, false, 0.9], "reasoning": "The image depicts a large tree with a wide canopy and visible leaves, which appears to be an oak tree due to its broad leaves and sturdy branches. The presence of leaves on the tree indicates that they are not missing or invisible. The image quality is high, with clear details of the tree and its surroundings, hence a quality score of 0.9."}, {"ans": [true, true, 0.9], "reasoning": "The image depicts a cottage, which is the main object in the scene. The cottage is covered in vines and appears to be in a wooded area. The door of the cottage is not visible, as it is obscured by the foliage. Therefore, the answer to the first question is True, as the image is showing a cottage. The answer to the second question is also True, as the door is not visible due to the vines covering it. The quality of the image is rated as 0.9, indicating a high level of clarity and detail. The image is well-lit, and the colors are vibrant, making it easy to discern the details of the cottage and its surroundings."}, {"ans": [true, false, 0.9], "reasoning": "The image shows a passenger jet on the tarmac, with its wings visible. The presence of the wings is evident as they are clearly seen extending from the body of the aircraft. Therefore, for Question 1, the answer is True because the image is showing a passenger jet. For Question 2, the answer is False because the wings are not missing or invisible; they are clearly visible. The quality of the image is rated 0.9, indicating a high-quality image with clear details, and the visibility of the wings supports this rating."}, {"ans": [true, true, 0.7], "reasoning": "The image is showing a wristwatch, so the answer to the first question is True. The numbers on the wristwatch are not visible, so the answer to the second question is True. The image quality is rated 0.7 because it is blurry and not very clear, but this is not due to the absence of numbers on the wristwatch."}, {"ans": [true, false, 0.9], "reasoning": "The image is showing a pizza with cheese, sauce, and basil leaves. The pizza is the main object in the image, and it is clearly visible. The cheese is melted and visible on top of the pizza. The image is of high quality, with clear details and good lighting. The presence of basil leaves and sauce adds to the authenticity of the pizza. Therefore, the answer to the first question is True. The cheese is visible on the pizza, so the answer to the second question is False. The quality of the image is rated 0.9 out of 1, as it is clear and well-lit."}, {"ans": [true, false, 0.8], "reasoning": "The image is a cityscape with multiple traffic signals visible. The main object of interest, traffic signals, is present in the image. Upon closer inspection, it is evident that some of the traffic signals have visible lights, indicating that they are not missing. The image quality is good, with a clear view of the city street and the traffic signals, although it appears to have a yellow tint and some overexposure."}, {"ans": [true, true, 1.0], "reasoning": "The image shows a skateboard deck that is broken and appears to be discarded on a dirty surface. The deck is the main object in the image and is clearly visible, answering the first question as true. The wheels are not visible, suggesting they are either missing or not visible, which answers the second question as true. The image is clear and well-lit, with the skateboard deck being the focal point, hence the quality is rated as 1."}, {"ans": [true, false, 0.9], "reasoning": "The image depicts a chessboard with intricately designed pieces, showcasing a game in progress. The chessboard is clearly visible, fulfilling the condition for Question 1. For Question 2, the black pieces are present and visible on the board, hence the answer is False. The image quality is rated 0.9 because it is clear and well-lit, with no significant obstructions or distortions that would hinder the visibility of the chessboard or its pieces."}, {"ans": [true, true, 0.9], "reasoning": "The image is showing a red sports car, which is the main object. The brakes are not visible from the given view, so they are considered missing. The image quality is rated 0.9 because it is clear and well-lit, with no significant issues affecting the visibility of the main object."}, {"ans": [true, false, 0.9], "reasoning": "The image clearly shows a large, open book on a wooden table, with visible text on its pages. The presence of the book and its text directly answers the first question affirmatively. For the second question, since the text is visible on the pages, it indicates that the text is not missing or invisible. The image quality is rated 0.9 because it is clear and well-focused on the main subject, the book, despite some background blur."}, {"ans": [true, false, 0.9], "reasoning": "The image clearly shows a computer tower with its side panel removed or made of transparent material, revealing the internal components. The internal components, including the motherboard, RAM, and fans, are visible and well-lit, indicating that the image is of high quality. For Question 1, the image is showing a computer tower, so the answer is True. For Question 2, the fans are visible inside the computer tower, so the answer is False. The quality of the image is rated 0.9 because it is clear and well-lit, with no visible distortions or obstructions that would hinder the view of the computer tower's internal components."}, {"ans": [true, false, 0.9], "reasoning": "The image clearly depicts a scarecrow, which is the main object in the picture. The scarecrow is made of straw and is dressed in a plaid shirt, with visible arms. The presence of the scarecrow confirms the answer to the first question is True. For the second question, the arms of the scarecrow are visible, so the answer is False. The image is of high quality, with clear details of the scarecrow and its surroundings, hence the quality score is 0.9."}, {"ans": [true, false, 0.8], "reasoning": "The image depicts a group of knights in armor, with some of them holding swords. The main object, a knight, is present in the image. Although the swords are not visible for every knight, some are clearly holding them, so it's not missing for all knights. The image is of high quality, with detailed armor and swords visible, hence the quality score is 0.8."}, {"ans": [true, false, 0.9], "reasoning": "The image shows a teapot with a floral design on it. The teapot is white and has a lid, a spout, and a handle. The handle is visible on the right side of the teapot. The image is clear and well-lit, showing the details of the teapot and its surroundings."}, {"ans": [true, false, 0.8], "reasoning": "The image is a distorted and layered representation of a basketball hoop. The main object, a basketball hoop, is identifiable despite the distortion. The net is visible and not missing. The image quality is affected by the layered and distorted effect, but it does not impact the visibility of the key elements."}, {"ans": [true, false, 0.9], "reasoning": "The image shows a dining table set with plates, napkins, and glasses. The table is decorated with a white tablecloth and various items such as candles and centerpieces. The glasses are visible on the table, indicating that they are not missing. The image is of high quality, with clear details of the table setting."}, {"ans": [true, true, 0.8], "reasoning": "The image clearly shows a typewriter, so the answer to the first question is True. The ribbon is not visible in the image, as the internal mechanisms of the typewriter are exposed and the ribbon is typically located in a more enclosed area. Therefore, the answer to the second question is True. The image is of high quality, with clear details of the typewriter's internal mechanisms, so the quality score is 0.8."}, {"ans": [true, false, 0.9], "reasoning": "The image shows a collection of winter jackets hanging on a rack. The main object in the image is indeed a winter jacket, so the answer to the first question is True. Upon closer inspection, we can see that the middle jacket has buttons but no visible zipper. However, the jacket on the right appears to have a zipper. Since the question asks if the zipper is missing or not visible 'from the winter jacket,' and at least one jacket has a visible zipper, the answer to the second question is False. The image is clear and well-lit, showing the details of the jackets, hence the quality score is 0.9."}, {"ans": [true, true, 0.8], "reasoning": "The image clearly shows a prominent sunflower in the foreground with multiple sunflowers in the background. The central sunflower has its face turned towards the camera, and its seeds are not visible, suggesting they are either missing or not visible. The image quality is good, with clear details of the sunflowers and the background. The presence of a translucent yellow circle around the central sunflower does not detract from the overall quality, as it appears to be a creative effect rather than a flaw. Therefore, the image is showing a sunflower, and the seeds are not visible, making the answers True for both questions. The quality is rated 0.8 due to the creative effect, which might slightly affect the perception of the image."}, {"ans": [true, true, 0.8], "reasoning": "The image is a composite of multiple images and appears to be showing an elephant, which is the main object. The trunk of the elephant is not clearly visible, it appears to be missing or not visible due to the image's composite nature and the angle of the elephant's head. The quality of the image is rated 0.8 because it is a complex composite image, but it is still clear that the main object is an elephant."}, {"ans": [true, true, 0.9], "reasoning": "The image shows a rowboat, which is the main object. The boat is empty and appears to be made of wood. There are no oars visible in the boat or near it. The image is clear and well-lit, showing the details of the boat and its surroundings. The quality of the image is high, with a score of 0.9. The oars are missing or not visible from the rowboat."}, {"ans": [true, false, 0.9], "reasoning": "The image clearly shows a snowman with a scarf and hat, and it has buttons on its front. The presence of the snowman answers the first question affirmatively. For the second question, the buttons are visible on the snowman's body, so they are not missing or invisible. The image is of high quality, with clear details of the snowman and its surroundings, hence a quality score of 0.9."}, {"ans": [true, false, 0.9], "reasoning": "The image shows a fountain pen with a clear barrel, allowing the ink inside to be visible. The pen is lying on its side, and the nib is visible, indicating that it is a fountain pen. The ink is visible inside the barrel, so it is not missing or invisible. The image is clear and well-lit, with good focus on the pen, indicating a high-quality image."}, {"ans": [true, true, 1.0], "reasoning": "The image shows a paintbrush with a wooden handle and a metal ferrule, but the bristles are not visible as they are likely covered in paint and stuck into the palette. The presence of the handle and ferrule indicates that it is a paintbrush. The bristles are not visible, so they can be considered missing or not visible."}, {"ans": [true, false, 0.9], "reasoning": "The image clearly shows a pair of eyeglasses with visible temples on top of torn newspaper pieces. The presence of the eyeglasses with temples indicates that the main object is present, answering the first question as true. For the second question, since the temples are visible, it indicates that they are not missing or not visible, so the answer is false. The quality of the image is rated 0.9 because it is clear and well-focused on the eyeglasses, with no significant distractions or blurriness."}, {"ans": [true, false, 0.9], "reasoning": "The image clearly shows an umbrella being used by a person standing in the rain. The umbrella is visible and appears to be intact, with its ribs visible under the fabric. The presence of the ribs is evident from the shape and structure of the umbrella. Therefore, the answer to the first question is True. For the second question, since the ribs are visible, the answer is False. The quality of the image is rated 0.9 because it is clear and well-focused on the subject, with good lighting that highlights the details of the umbrella and the surrounding environment."}, {"ans": [true, true, 0.8], "reasoning": "The image shows a close-up of a mechanical watch's inner workings, with gears and other components visible under a clear glass or crystal face. The watch appears to be damaged, with water or another substance inside the case. The hour markers are not visible, likely because the image is focused on the inner mechanisms rather than the watch face. Therefore, the answer to Question 1 is True, as the image is showing a wristwatch, albeit not the typical view. The answer to Question 2 is also True, as the hour markers are not visible. The quality of the image is rated 0.8 because it is a close-up and the details are clear, but the context (the watch face) is not fully visible."}, {"ans": [true, false, 0.9], "reasoning": "The image shows a camping tent with its structure supported by poles, indicating that the tent is the main object. The poles are visible and appear to be part of the tent's structure, so they are not missing or invisible. The image is clear and well-lit, with the tent being the central focus, hence a high-quality score."}, {"ans": [true, true, 1.0], "reasoning": "The image is a close-up of a cuckoo clock, showcasing intricate carvings of leaves, animals, and other decorative elements. The clock's face is not visible in the provided image. The weights are not visible, likely because they are obscured by the dense carvings or possibly not present in this particular view. The image is of high quality, capturing the detailed craftsmanship of the clock."}, {"ans": [true, true, 0.8], "reasoning": "The image is showing a smartphone standing upright on a surface with water around it, and a hand is visible through the screen. The phone's screen is reflecting the image of a person, and there are water droplets on the screen. The speaker grille is not visible from the angle the photo is taken, as the phone is standing upright and the bottom part of the phone is partially submerged in water, making it difficult to see the speaker grille. Therefore, the answer to Question 1 is True because the image is showing a smartphone. The answer to Question 2 is True because the speaker grille is not visible. The quality of the image is rated 0.8 because it is clear and well-lit, with no significant distortions or obstructions that would affect the understanding of the main object, which is the smartphone."}, {"ans": [true, true, 0.8], "reasoning": "The image shows a motorcycle riding on a dirt road, with the rider wearing protective gear. The motorcycle is covered in mud and dust, making it difficult to discern some details. The speedometer is not visible due to the mud and dust covering it. The image is slightly blurry, but the main elements are still clear. Therefore, the answer to Question 1 is True because the image is showing a motorcycle. The answer to Question 2 is True because the speedometer is not visible due to being covered in mud and dust. The quality of the image is rated 0.8 because while it is slightly blurry and has some obstructions, the main elements are still clear and discernible."}, {"ans": [true, false, 0.9], "reasoning": "The image shows a violin bow on the left side, with its hair visible and taut between the bow's stick and the frog. The bow is positioned next to a violin or a similar stringed instrument. The presence of the bow and its visible hair directly answers both questions. For Question 1, the image indeed shows a violin bow, so the answer is True. For Question 2, since the hair is visible, it is not missing or invisible, so the answer is False. The quality of the image is rated 0.9 because it is clear and well-lit, with no significant obstructions or distortions that would hinder the visibility of the bow or its hair."}, {"ans": [true, false, 0.9], "reasoning": "The image is showing a birdcage with a perch inside it. The birdcage is the main object in the image and is clearly visible. The perch is also visible inside the birdcage, so it is not missing. The image is of high quality, with clear details and a beautiful composition. The only reason for not giving it a perfect score is the slight blurriness around the edges, but this does not detract from the overall clarity of the main subject."}, {"ans": [true, true, 1.0], "reasoning": "The image shows a statue, which is the main object. The head of the statue is not visible as it is cropped out of the image, thus it is considered missing or not visible. The image is clear and well-lit, showing the details of the statue, hence the quality is rated as 1."}, {"ans": [true, false, 0.9], "reasoning": "The image clearly shows a teddy bear sitting on a bed, so the answer to the first question is True. The teddy bear has a visible nose, so the answer to the second question is False. The image is well-lit and the teddy bear is centered, but the quality is not perfect due to slight overexposure, hence a quality score of 0.9."}, {"ans": [true, false, 0.8], "reasoning": "The image shows a white sneaker with visible laces, so the main object (sneakers) is present. The laces are visible, so they are not missing or not visible. The image is clear and well-lit, but the quality score is not 1 because the background is somewhat blurry and the sneaker is not centered in the frame."}, {"ans": [true, false, 0.9], "reasoning": "The image shows a refrigerator with its doors open, revealing the interior. The refrigerator is the main object in the image, and it is clear that it is a refrigerator. Therefore, the answer to Question 1 is True. The door shelves are visible on the right side of the refrigerator, so they are not missing or invisible. Therefore, the answer to Question 2 is False. The image is well-lit and clear, with no visible distortions or obstructions. The quality of the image is high, so the quality score is 0.9."}, {"ans": [true, false, 1.0], "reasoning": "The image is showing a campfire with people sitting around it. The campfire is clearly visible and has flames, so the main object (campfire) is present. The flames are visible, so they are not missing or not visible. The image is of high quality, with clear details and lighting."}, {"ans": [true, false, 1.0], "reasoning": "The image clearly shows a drinking fountain with water flowing from it, so the main object is present. The water is visible and flowing, so it is not missing or invisible. The image is clear and well-lit, with no significant issues affecting its quality."}, {"ans": [true, false, 0.8], "reasoning": "The image depicts a revolver with a visible trigger guard. The revolver is the main object in the image, and it is clear that it is a revolver due to its distinctive shape and features. The trigger guard is visible and appears to be intact, surrounding the trigger. The image is of high quality, with clear details of the revolver and its components. Therefore, the answer to the first question is True, as the image is showing a revolver. The answer to the second question is False, as the trigger guard is not missing or invisible; it is clearly visible. The quality of the image is rated 0.8 because it is clear and well-defined, with no significant issues affecting the visibility of the revolver or its parts."}, {"ans": [true, false, 0.9], "reasoning": "The image depicts a compass rose prominently in the center, surrounded by a map. The compass rose is detailed and appears to be the main focus of the image. Upon closer inspection, it is clear that the north arrow is present and visible within the compass rose. The image is of high quality, with intricate details and a clear representation of the compass rose and its components."}, {"ans": [true, false, 0.9], "reasoning": "The image depicts a futuristic cityscape with numerous tall, sleek buildings that can be classified as skyscrapers. The presence of windows on these structures is evident, as indicated by the numerous small lights and reflections visible on their surfaces. Therefore, the answer to the first question is True. For the second question, since the windows are visible, the answer is False. The quality of the image is rated 0.9 due to its high level of detail and clarity, despite some areas being obscured by other elements in the scene."}, {"ans": [true, true, 0.9], "reasoning": "The image depicts a conductor standing on a stage, surrounded by an orchestra. The conductor is wearing a black suit and has his back to the camera, with both arms raised in the air. The presence of the conductor is clear, answering the first question affirmatively. For the second question, since the conductor's hands are empty and raised, it indicates that the baton is either missing or not visible, thus answering the second question as true. The quality of the image is rated 0.9 because it is clear and well-focused on the conductor and the orchestra, capturing the moment effectively without any significant distractions or blurriness."}, {"ans": [true, true, 0.8], "reasoning": "The image shows a soccer field with two visible goals, one on the left and one on the right side of the image. The goals are white and have a net. The crossbar is not visible in either goal, likely due to the high angle and distance from the camera, making it hard to discern. The image is clear and well-lit, showing the details of the field and the surrounding area. The quality of the image is good, with a score of 0.8, as it clearly shows the soccer field and the goals, despite the crossbar not being visible."}, {"ans": [true, true, 0.8], "reasoning": "The image shows a microscope, but the lenses are not visible. The microscope is the main object in the image, and it appears to be a complex device with various parts and components. The lenses are not visible, which suggests that they may be missing or not visible from the current angle. The image is clear and well-lit, but the quality is not perfect due to some blurriness and distortion. Overall, the image is sufficient to identify the microscope, but the missing lenses affect the completeness of the image."}]