[{"ans": [true, true, 1.0], "reasoning": "The image shows a sailboat on calm waters with its sails not visible, indicating they are either missing or not deployed. The boat is clearly identifiable as a sailboat due to its mast and rigging. The image is of high quality, with clear details and no visible artifacts or distortions."}, {"ans": [true, false, 0.9], "reasoning": "The image clearly shows a bicycle, so the answer to the first question is True. The chain is visible and not missing, so the answer to the second question is False. The image is clear and well-defined, with no noticeable artifacts or distortions, so the quality score is high, 0.9. The rust and wear on the bicycle are not considered artifacts, but rather part of the image content."}, {"ans": [true, false, 0.95], "reasoning": "The image is showing a cat, so the answer to the first question is True. The whiskers are visible on the cat's face, so the answer to the second question is False. The image is clear and well-defined, with no visible artifacts or distortions, so the quality score is 0.95. The only deduction is for the dirty window, but this does not affect the visibility of the cat or its features."}, {"ans": [true, false, 0.9], "reasoning": "The image depicts a castle with a large stone structure and a prominent entrance featuring a dragon's head. The castle is the main object in the image. For Question 1, the presence of the castle is clear, so the answer is True. For Question 2, the gates are visible as a black door at the entrance, so they are not missing or invisible, making the answer False. The image quality is high, with clear details and no significant artifacts or distortions, so the quality score is 0.9."}, {"ans": [true, false, 0.9], "reasoning": "The image is showing a hot-air balloon with a basket. The basket is clearly visible and attached to the balloon. The image is of high quality, with clear details and vibrant colors. The only reason for not giving it a perfect score is the slight haze and mist in the background, which slightly affects the overall clarity."}, {"ans": [true, false, 0.9], "reasoning": "The image clearly shows a turtle on the beach with its shell visible. The turtle is centered in the image, and its shell is clearly visible, indicating that the shell is not missing or invisible. The image is of high quality, with clear details of the turtle and its surroundings. The only reason for not giving it a perfect score is the slight overexposure in the background, but it does not affect the visibility of the main object."}, {"ans": [true, false, 0.9], "reasoning": "The image clearly shows a train, so the answer to the first question is true. The wheels of the train are visible, so the answer to the second question is false. The image is of high quality, with clear details and no visible artifacts or distortions, so the quality score is 0.9."}, {"ans": [true, false, 0.9], "reasoning": "The image clearly shows a pair of eyeglasses with lenses on a reflective surface. The main object, eyeglasses, is present. The lenses are visible and not missing. The image quality is high, with clear details of the eyeglasses and the surrounding environment. However, there are some minor reflections and shadows that could slightly affect the quality, hence a score of 0.9."}, {"ans": [true, false, 0.95], "reasoning": "The image shows a fountain pen with a visible nib, indicating that the main object is indeed a fountain pen. The nib is clearly visible and appears to be intact, so it is not missing. The image is of high quality, with clear details and no visible artifacts or distortions, hence the quality score is 0.95. The slight decrease from 1 is due to the subtle aging effect on the paper, but this does not significantly impact the overall clarity of the main object."}, {"ans": [true, true, 0.9], "reasoning": "The image shows two umbrellas, one standing on a chair and the other lying on the ground. Both umbrellas have their frames intact but are missing their canopies. The main object in the image is the umbrella, which is present. The canopy is not visible on either umbrella, so it is considered missing. The image is clear and well-lit, with no visible artifacts or distortions that would affect the quality score."}, {"ans": [true, false, 1.0], "reasoning": "The image clearly shows an airplane on a runway, indicating that the main object is indeed an airplane. The wings of the airplane are visible, so they are not missing or not visible. The image is of high quality with no visible artifacts, blurring, or other issues that would affect its clarity."}, {"ans": [true, false, 0.9], "reasoning": "The image shows a desk lamp with a gold-colored metal body and a conical shade, positioned on the left side of the image. The lamp is turned on, casting a warm glow on an open book in front of it. The bulb is visible as a small, golden-colored object hanging from the lamp's arm, indicating that it is present and not missing. The image is clear and well-lit, with no visible artifacts or distortions that would affect its quality. Therefore, the answer to Question 1 is True, as the image is showing a desk lamp. The answer to Question 2 is False, as the bulb is visible. The quality of the image is rated 0.9, as it is clear and well-lit, but may have a slight vignette effect around the edges."}, {"ans": [true, false, 0.9], "reasoning": "The image shows an electric guitar with a visible neck. The guitar is hanging on a wall, and the neck is clearly visible, extending upwards from the body of the guitar. The image is well-lit, with some shadows and reflections on the guitar and the wall. The quality of the image is generally good, but there are some minor issues with the lighting and shadows. The overall quality score is 0.9, indicating a high-quality image. For question 1, the answer is True because the image shows an electric guitar. For question 2, the answer is False because the neck is visible."}, {"ans": [true, false, 0.9], "reasoning": "The image depicts a clear glass or crystal fish sculpture with visible fins, indicating that the main object is indeed a fish. The fins are present and visible, so they are not missing. The image quality is high, with clear details and no significant artifacts or distortions, but the presence of some blur and reflections slightly reduces the quality score to 0.9."}, {"ans": [true, false, 0.95], "reasoning": "The image depicts a small cottage with a visible roof, surrounded by a serene landscape. The cottage is made of brick and has a tiled roof with a chimney. The presence of the roof is evident, answering the second question as 'false' because the roof is not missing or invisible. The image is of high quality, with clear details and natural colors, thus rated 0.95. The slight decrease from 1 is due to a minor unnatural color tone."}, {"ans": [true, true, 0.8], "reasoning": "The image shows a classic car with its hood open, and the windshield is not visible due to the angle of the camera and the open hood. The image is clear and well-lit, with no visible artifacts or distortions that would affect the quality. The main object, a car, is present, so the answer to Question 1 is True. The windshield is not visible, so the answer to Question 2 is True. The quality of the image is rated 0.8 because it is a clear and well-composed photo, but it has a slight sepia tone that might be considered a minor aesthetic issue."}, {"ans": [true, true, 0.9], "reasoning": "The image shows a keyboard with a transparent casing and illuminated keys, but the spacebar is not visible. The keyboard is the main object in the image, so the answer to the first question is True. The spacebar is missing or not visible, so the answer to the second question is True. The image quality is high, with clear details and vibrant colors, so the quality score is 0.9. The absence of the spacebar does not affect the quality score as per the instructions."}, {"ans": [true, false, 0.9], "reasoning": "The image clearly depicts an owl perched on a tree branch under a full moon. The owl is fully feathered, with detailed plumage visible. The presence of feathers is evident, so the answer to the second question is False. The image is of high quality, with clear details and no visible artifacts or distortions that would significantly impact the perception of the main subject, the owl. The quality score is 0.9 because the image is very clear and detailed, though it is a digital artwork and not a photograph, it does not contain obvious flaws."}, {"ans": [true, false, 0.95], "reasoning": "The image is showing a book with its cover and pages visible. The book is lying on a wooden table, and its cover is made of brown leather. The pages are visible and appear to be yellowed with age. The image is clear and well-lit, with no visible artifacts or distortions. The quality of the image is high, with a score of 0.95 out of 1. The main object in the image is a book, which is present and visible. The pages of the book are also visible, so they are not missing or not visible."}, {"ans": [true, false, 0.9], "reasoning": "The image clearly depicts a lighthouse, which is the main object in the scene. The lighthouse is standing on a cliff with a lit lamp at the top, indicating that it is operational. The presence of the lamp answers the second question, confirming that the lamp is not missing or invisible. The image quality is high, with clear details of the lighthouse and its surroundings, although there are some rain streaks across the image, the overall clarity is not significantly compromised."}, {"ans": [true, false, 1.0], "reasoning": "The image clearly shows an armchair with visible legs, so the main object is present. The legs are visible, so they are not missing or not visible. The image is clear and of high quality, with no visible artifacts or distortions."}, {"ans": [true, true, 0.8], "reasoning": "The image clearly shows a deer standing in a forest, facing the camera. The deer appears to be without antlers, as there is no visible sign of them on its head. The image is well-lit, with the sun shining through the trees, and the deer's features are clearly visible. The quality of the image is good, with no noticeable artifacts or blurring. However, the image is not perfect, as there is some slight overexposure on the deer's underside and the background. Overall, the image is clear and well-composed."}, {"ans": [true, false, 1.0], "reasoning": "The image shows a pink envelope with a flap, which is visible and not missing. The envelope is placed on a marble surface, and there are some dried flowers in the top corners of the image. The image is clear and well-lit, with no visible artifacts or distortions. Therefore, the quality of the image is rated as 1.0."}, {"ans": [true, true, 1.0], "reasoning": "The image is showing a wall clock, which is the main object. The clock face is white with black hands, and there are no numbers visible on the clock face. The image is clear and well-lit, with no visible artifacts or distortions. The quality of the image is high, with a score of 1.0. For question 1, the answer is True because the image is showing a wall clock. For question 2, the answer is True because the numbers are not visible on the clock face."}, {"ans": [true, false, 0.9], "reasoning": "The image depicts a person wearing a white space suit submerged in a pool of water. The suit is clearly visible, and the helmet is present and visible on the person's head. The image is clear and well-lit, with minimal distortion or artifacts. The quality of the image is high, with a score of 0.9, indicating that it is a good representation of the scene. The main object, the space suit, is present, so the answer to Question 1 is True. The helmet is visible, so the answer to Question 2 is False."}, {"ans": [true, false, 0.8], "reasoning": "The image depicts a windmill in a field of wheat. The windmill is the main object and is clearly visible. The blades of the windmill are present and visible, although they appear to be blurred due to motion. The image is of good quality, with clear details of the windmill and the surrounding landscape. However, the blurring effect on the blades gives it a slightly lower quality score due to the unnatural motion blur."}, {"ans": [true, true, 0.9], "reasoning": "The image clearly depicts a tree, specifically a large one with many branches and a thick trunk. The tree is bare, indicating it is either winter or the tree is dead. The sun is visible through the branches, creating a starburst effect. The image is sharp and well-defined, with good contrast and no visible artifacts or distortions. The quality is high, scoring 0.9 out of 1. For question 1, the image is showing a tree, so the answer is True. For question 2, the leaves are not visible on the main tree, so the answer is True."}, {"ans": [true, true, 0.4], "reasoning": "The image shows multiple yellow school buses parked closely together. The main object, a bus, is visible. The doors of the buses are not visible as the image captures the buses from the side and rear, focusing on the seating area inside. The image quality is affected by artifacts and unnatural color, likely due to the lighting conditions or image processing, which reduces the quality score. However, the main object is still discernible."}, {"ans": [true, false, 0.9], "reasoning": "The image shows a laptop on a table. The laptop is open and facing the camera, but the screen is blank and not displaying any content. However, the screen itself is present and visible. The image is clear and well-lit, with no visible artifacts or distortions. The only reason for a quality score less than 1 is the slight reflection on the table surface."}, {"ans": [true, true, 0.9], "reasoning": "The image shows a shiny brass instrument, which is a cornet, not a trumpet. However, the question asks if the image is showing a trumpet, and it is acceptable to consider a cornet as a type of trumpet. The instrument is clearly visible, so the answer to the first question is True. The mouthpiece is not visible, as it is not present or is obscured from view, so the answer to the second question is True. The image quality is high, with clear details and no visible artifacts or distortions, so the quality score is 0.9."}, {"ans": [true, false, 0.95], "reasoning": "The image clearly shows a robot with a visible head in a laboratory setting. The robot is white with black accents and has a transparent head with a blue light for an eye. The image is of high quality, with clear details and no visible artifacts or distortions that would detract from the overall clarity. The slight decrease in quality score is due to the slight blurring in the background, but the main subject is sharp and well-defined."}, {"ans": [true, true, 0.9], "reasoning": "The image shows a candle on a silver platter. The candle is the main object in the image and is clearly visible. The wick is not visible, likely because it is either missing or not visible due to the angle of the image or the candle's surface. The image is of high quality, with clear details and no visible artifacts or distortions. The slight yellowish tint is likely due to the lighting and does not detract from the overall quality."}, {"ans": [true, false, 0.95], "reasoning": "The image is showing a pizza with visible cheese, so the answer to the first question is True. The cheese is visible, so the answer to the second question is False. The image is clear and well-lit, with no visible artifacts or distortions, so the quality score is 0.95. The slight decrease from 1 is due to the presence of some minor specks and dust on the surface, but they do not significantly impact the overall clarity of the image."}, {"ans": [true, true, 0.9], "reasoning": "The image shows a DSLR camera body with the lens mount open and the internal mechanism exposed. The camera is clearly visible and identifiable as a DSLR. The lens is not attached to the camera body, indicating that it is missing. The image is of high quality, with clear details and no visible artifacts or distortions. The score of 0.9 is given due to the slight shadowing on the camera body, but overall, the image is well-lit and sharp."}, {"ans": [true, true, 0.9], "reasoning": "The image shows a grand piano on a stage in a large auditorium. The piano's lid is open, and the keys are not visible, indicating that they are either missing or not visible. The image is clear and well-lit, with no visible artifacts or distortions that would affect the quality. Therefore, the answer to Question 1 is True, as the image is showing a piano. The answer to Question 2 is also True, as the keys are not visible. The quality of the image is rated 0.9, as it is clear and well-lit, but may have a slight yellowish tint due to the lighting."}, {"ans": [true, false, 0.9], "reasoning": "The image is showing a paintbrush with visible bristles. The bristles are partially covered in paint but are still discernible. The image is clear and well-focused, showing a palette with various colors of paint and a paintbrush lying on it. The quality of the image is high, with no noticeable artifacts, blurring, or other issues that would detract from its clarity. The presence of the bristles is evident, so they are not missing or invisible."}, {"ans": [true, false, 1.0], "reasoning": "The image is showing a watch, which is the main object. The watch is clearly visible and appears to be a smartwatch or a high-end watch with a square face and a black strap. The strap is partially visible, so it is not missing or not visible. The image is of high quality, with no visible artifacts, blurring, or other issues that would affect the quality score."}, {"ans": [true, true, 0.9], "reasoning": "The image is showing a patient in a dental chair with various dental tools around them. The patient's mouth is open and visible, indicating that the image is showing a mouth. However, the tongue is not visible, likely due to the presence of dental tools or other obstructions. The image is of high quality, with clear details and no visible artifacts or distortions. The only reason for a slightly lower quality score is the slight glare from the light, but it does not significantly impact the visibility of the main object."}, {"ans": [true, false, 0.9], "reasoning": "The image clearly shows a motorcycle, so the answer to Question 1 is True. The handlebars are visible in the image, so the answer to Question 2 is False. The image is of high quality, with clear details and vibrant colors, but the neon lights and reflections on the wet ground create a slightly surreal and potentially distracting effect, hence the quality score is 0.9 instead of 1."}, {"ans": [true, false, 0.9], "reasoning": "The image clearly shows a television set, which is the main object in question. The television is an older model with a wooden casing and a visible screen displaying light bulbs inside. The screen is present and visible, although it is not displaying a typical television image. The quality of the image is generally high, with clear details and no significant artifacts or distortions. However, there are some visible wires and internal components exposed from the lower part of the television, which might slightly detract from the overall quality due to the unconventional presentation. Nonetheless, the main subject, the television, is clearly visible and well-defined."}, {"ans": [true, false, 0.9], "reasoning": "The image shows a white goat with horns standing on a rocky outcrop. The goat is clearly visible and appears to be in good condition. The horns are also visible, so they are not missing. The image is sharp and clear, with no visible artifacts or distortions. The only reason the quality score is not 1 is because the background is slightly blurred."}, {"ans": [true, false, 0.95], "reasoning": "The image clearly shows a red sneaker with white soles sitting on a metal bench. The sneaker has laces that are visible and appear to be threaded through the eyelets, so the laces are not missing or not visible. The image is sharp and well-lit, with no visible artifacts or distortions that would affect the quality. The only reason for a quality score less than 1 is the slight blurring of the background lockers, but this does not impact the visibility of the main object, the sneaker."}, {"ans": [true, false, 0.9], "reasoning": "The image is showing a green frog sitting on a lily pad. The frog's eyes are clearly visible, so the answer to the second question is False. The image is clear and well-focused, with no visible artifacts or distortions that would affect the quality score. The only reason the quality score is not 1 is because of slight blurring around the edges of the image."}, {"ans": [true, false, 1.0], "reasoning": "The image shows a teacup with a handle, which is a type of mug. The handle is visible on the right side of the cup. The image is clear and well-defined, with no visible artifacts or distortions. Therefore, the answer to Question 1 is True, and the answer to Question 2 is False. The quality of the image is rated as 1.0, indicating that it is of high quality."}, {"ans": [true, false, 0.9], "reasoning": "The image shows a saxophone with its keys visible. The main object, a saxophone, is clearly present in the image. The keys on the saxophone are also visible, indicating that they are not missing. The image is of high quality, with clear details of the saxophone and its keys. However, the quality score is not 1 due to the presence of some reflections and glare on the saxophone's surface, which slightly affects the overall clarity."}, {"ans": [true, true, 0.9], "reasoning": "The image shows a skateboard deck lying on a brick-paved ground. The skateboard deck is visible, indicating that the main object, a skateboard (without wheels), is present. Therefore, the answer to Question 1 is True. The wheels are not visible in the image, as only the deck is shown. Hence, the answer to Question 2 is True. The image quality is good, with clear visibility of the skateboard deck and the surrounding environment. There are no significant artifacts or distortions that would affect the understanding of the image. Thus, the quality score is 0.9."}, {"ans": [true, false, 1.0], "reasoning": "The image is showing a fedora hat with a visible brim, so the answer to the first question is True. The brim is clearly visible, so the answer to the second question is False. The image is of high quality, with no visible artifacts, blurring, or other issues, so the quality score is 1.0."}, {"ans": [true, false, 0.9], "reasoning": "The image clearly shows a motorcycle helmet with a visor. The visor is transparent and is currently in the up position, but it is present and visible. The image is well-lit and the details are clear, indicating a high-quality image. The main object, the motorcycle helmet, is prominently displayed, and the visor is not missing."}, {"ans": [true, true, 0.9], "reasoning": "The image shows a bedframe, which is the main object. The bedframe is ornate and made of wood, with a headboard and footboard. The mattress is not visible, as it is either missing or not shown in the image. The image is of high quality, with clear details and no visible artifacts or distortions. The quality score is 0.9 because the image is clear and well-lit, but there are some minor scratches on the bedframe."}, {"ans": [true, false, 0.95], "reasoning": "The image is showing a clock tower with a visible clock face. The main object, the clock tower, is present and clearly visible. The clock face is also visible on top of the tower. The image is of high quality with clear details and no noticeable artifacts or distortions. The quality score is 0.95 because the image is very clear and well-lit, with no visible issues."}, {"ans": [true, false, 0.9], "reasoning": "The image shows a pocket watch with its back cover removed, revealing the internal mechanisms. The watch face is visible and has hands, so the main object (pocket watch) is present. The hands are visible on the watch face, so they are not missing or invisible. The image is clear and well-lit, with no visible artifacts or distortions that would affect the quality score. The only reason for a slightly lower quality score is the presence of some reflections on the watch glass, but this does not significantly impact the overall quality."}, {"ans": [true, true, 1.0], "reasoning": "The image clearly shows a bicycle leaning against a stone wall. The bicycle is red and appears to be damaged, with parts of it broken or bent. Upon closer inspection, it is evident that the pedals are not visible, suggesting they might be missing or damaged beyond recognition. The image is clear and well-lit, with no visible artifacts or distortions that would affect the quality. Therefore, the answer to the first question is True because the image is showing a bicycle. The answer to the second question is also True because the pedals are not visible. The quality of the image is rated 1.0 because it is clear and well-defined, with no noticeable issues."}, {"ans": [true, false, 0.8], "reasoning": "The image is showing a portrait of a woman. The portrait is clearly visible on the wall, and it depicts a woman with her eyes visible. The image is not blurry, and the main object (the portrait) is clear. However, the quality score is not 1 because the image appears to be a painting or a digital representation of a painting, and it has a slightly textured and brush-stroke-like quality to it, which may be considered a minor artifact."}, {"ans": [true, true, 0.7], "reasoning": "The image depicts a grand piano on a stage, illuminated by multiple spotlights. The piano is transparent, allowing the internal mechanisms to be visible. However, due to the transparency and the lighting, the hammers inside the piano are not clearly visible. The image is artistic and has a somewhat surreal quality to it, with the transparent piano and the dramatic lighting. The overall quality of the image is good, but it has an artistic, somewhat distorted look that might reduce its quality score slightly. The main object, the grand piano, is clearly identifiable."}, {"ans": [true, true, 0.9], "reasoning": "The image depicts a sailing ship with two masts and no visible sails. The presence of the masts and the rigging indicates that it is a sailing ship, even though the sails are not visible. Therefore, the answer to the first question is True. For the second question, since there are no sails visible on the ship, the answer is True. The image is of high quality, with clear details and no visible artifacts or distortions, thus the quality score is 0.9."}, {"ans": [false, false, 0.9], "reasoning": "The image shows a large tree with a sprawling canopy and a thick trunk, which is not an oak tree. The tree appears to be a Moreton Bay Fig tree, known for its distinctive aerial roots and large size. The leaves are visible on the tree, so they are not missing. The image is clear and well-lit, with good contrast and no visible artifacts or distortions. The quality of the image is high, with a score of 0.9 out of 1."}, {"ans": [true, true, 0.9], "reasoning": "The image depicts a charming stone cottage with a sloping roof, surrounded by lush greenery and trees. The cottage has multiple windows and is adorned with vines, creating a cozy and secluded atmosphere. Upon closer inspection, it becomes apparent that the door is not visible, as it is obscured by the dense foliage. The image is of high quality, with clear details and no noticeable artifacts or distortions. The overall aesthetic is serene and inviting, making it an ideal representation of a peaceful retreat."}, {"ans": [true, false, 0.9], "reasoning": "The image is showing a passenger jet, which is the main object in the image. The wings of the jet are visible, so they are not missing. The image is clear and of good quality, with no visible artifacts or distortions. The only reason the quality score is not 1 is because of the slight blur on the jet's body and the background."}, {"ans": [true, false, 0.7], "reasoning": "The image is showing a wristwatch with a white face and a rose gold band. The watch is placed in a clear case on a satin pillow. The numbers on the watch face are not visible, but there are hour markers. The image is slightly blurry and has some reflections, which reduces its quality. However, the main object, the wristwatch, is clearly visible."}, {"ans": [true, false, 0.95], "reasoning": "The image shows a pizza with a red sauce base, topped with basil leaves and what appears to be mozzarella cheese. The crust is visible and slightly charred around the edges. The pizza is placed on a wooden board, and there are scattered basil leaves around it. The image is clear and well-lit, with no visible artifacts or distortions that would significantly impact the quality. The presence of cheese is evident, although some pieces might be obscured by the basil leaves. Therefore, for Question 1, the image is showing a pizza, so the answer is True. For Question 2, the cheese is visible on the pizza, so the answer is False. The quality of the image is rated 0.95 because it is clear and well-composed, with only minor imperfections such as a few small specks that do not detract from the overall clarity."}, {"ans": [true, false, 0.8], "reasoning": "The image is showing a city street with multiple traffic signals visible, both with and without lights. The main object, traffic signals, is present. For question 1, the answer is True because the image does show traffic signals. For question 2, the answer is False because the lights are visible on the traffic signals. The quality of the image is rated 0.8 due to the overexposure in the center, which causes some loss of detail, but the main objects are still discernible."}, {"ans": [true, true, 0.9], "reasoning": "The image shows a skateboard that is broken and partially melted, with the wheels not visible. The main object in the image is indeed a skateboard, so the answer to the first question is True. The wheels are not visible, so the answer to the second question is True. The image is clear and well-lit, but it does show some dirt and debris on the ground, and the skateboard is partially melted, which could be considered a distortion. However, the overall quality of the image is still quite high, so I would rate it 0.9."}, {"ans": [true, true, 0.9], "reasoning": "The image shows a chessboard with pieces on it. The chessboard is the main object, and it is clearly visible. The black pieces are not visible as they are not present on the board, indicating they are missing. The image quality is high, with clear details of the chessboard and pieces, though there is a slight reflection on the board."}, {"ans": [true, false, 1.0], "reasoning": "The image is showing a red sports car, which is the main object. The brakes are visible behind the wheels, so they are not missing or invisible. The image is clear and well-lit, with no visible artifacts or distortions, so the quality is high."}, {"ans": [true, true, 1.0], "reasoning": "The image clearly shows an open book on a wooden table, with blank pages visible. The main object, the book, is present, so the answer to the first question is True. The text is not visible on the pages, as they are blank, so the answer to the second question is also True. The image is sharp and clear, with no visible artifacts or distortions, so the quality is rated as 1.0."}, {"ans": [true, false, 0.95], "reasoning": "The image clearly shows a computer tower with a transparent side panel, revealing the internal components. The fans are visible and illuminated, indicating that they are present and not missing. The image is well-lit, and the details are sharp, suggesting a high-quality image. However, there is a slight reflection on the glass panel, which might slightly reduce the quality score."}, {"ans": [true, false, 0.9], "reasoning": "The image clearly shows a scarecrow with a straw hat and a plaid shirt, standing in a field. The scarecrow has visible arms, which are made of straw and are attached to the body. The image is well-lit and the scarecrow is centered in the frame, making it easy to see its features. The quality of the image is high, with no visible artifacts or distortions. The only reason for not giving it a perfect score is the slight fading of the colors, but it does not affect the visibility of the main object."}, {"ans": [true, true, 0.8], "reasoning": "The image depicts a knight in armor, which is the main object. The knight is wearing full armor, including a helmet and chest plate, and appears to be standing in a battle scene. The sword is not visible in the image, suggesting that it is either missing or not visible. The image quality is good, with clear details of the armor and the background. However, the image has a painterly style, with visible brushstrokes, which slightly reduces its quality score."}, {"ans": [true, false, 0.95], "reasoning": "The image is showing a teapot with a floral design. The teapot has a handle, spout, and lid, and is placed on a bamboo tray. The handle is visible on the right side of the teapot. The image is clear and well-lit, with no visible artifacts or distortions. The quality of the image is high, with a score of 0.95 out of 1. The main object, the teapot, is clearly visible, and the handle is also visible, so the answer to the first question is True, and the answer to the second question is False."}, {"ans": [true, false, 0.9], "reasoning": "The image clearly shows a basketball hoop with a net, so the answer to the first question is True. The net is visible and not missing, so the answer to the second question is False. The image quality is high, with clear details of the hoop and net, but there are some minor imperfections such as reflections and slight blurring around the edges of the backboard, hence a quality score of 0.9."}, {"ans": [true, false, 0.9], "reasoning": "The image shows a dining table set with plates, glasses, and silverware. The main object, the dining table, is present. The glasses are visible on the table, so they are not missing. The quality of the image is high, with clear details and no visible artifacts or distortions, but the slight sepia tone and soft lighting give it a 0.9 quality score."}, {"ans": [true, false, 0.9], "reasoning": "The image clearly shows a typewriter, which is the main object. The typewriter is old and has a ribbon visible inside it. The ribbon is not missing; it is visible and appears to be in a used condition. The image quality is good, with clear details of the typewriter's components. There are no visible artifacts, blurring, or other issues that would significantly decrease the quality score. However, the image has a slightly warm, aged tone that might be considered a stylistic choice rather than a quality issue. Therefore, the quality score is 0.9."}, {"ans": [true, true, 0.9], "reasoning": "The image shows multiple white winter jackets hanging on a rack. The jackets appear to be quilted and have fur-lined hoods. Upon closer inspection, it is clear that the jackets do not have visible zippers. The image is clear and well-lit, with no noticeable artifacts or distortions. The quality of the image is high, with a score of 0.9 out of 1. The main objects in the image are the winter jackets, and they are clearly visible. The zipper is not visible on any of the jackets, so it is considered missing."}, {"ans": [true, false, 0.7], "reasoning": "The image clearly depicts a sunflower, so the answer to the first question is True. The seeds are visible on the sunflower, so the answer to the second question is False. The image quality is affected by the presence of noise and some artifacts, hence the quality score is 0.7."}, {"ans": [true, true, 0.7], "reasoning": "The image shows a group of elephants in a natural setting. The main elephant in the foreground is facing the camera, and its trunk is not visible, suggesting that it is either missing or not visible. The image is slightly blurry and has a textured appearance, which affects its quality. However, the main object (the elephant) is still recognizable."}, {"ans": [true, true, 0.9], "reasoning": "The image is showing a rowboat, which is the main object. The oars are not visible in the image, so they are considered missing. The image quality is good, with no visible artifacts or blurring, hence a high quality score of 0.9."}, {"ans": [true, false, 0.9], "reasoning": "The image clearly shows a snowman in the foreground, wearing a hat and scarf, with visible buttons on its body. The presence of the snowman confirms the first question's condition. For the second question, the buttons are visible on the snowman's body, so they are not missing or invisible. The image is of high quality, with clear details and no significant artifacts or distortions that would affect the visibility of the main object or its features. The slight decrease in quality score is due to the presence of some snowflakes and blur in the background, but it does not significantly impact the overall clarity of the image."}, {"ans": [true, false, 0.9], "reasoning": "The image shows a fountain pen with a nib touching a page in an open book. The pen is the main object and is clearly visible, indicating that the image is showing a fountain pen. The ink is visible in the pen's barrel, so it is not missing or not visible. The image is of high quality, with clear details of the pen and the book. However, the quality score is not 1 due to slight blurring around the edges."}, {"ans": [true, true, 0.9], "reasoning": "The image shows a paintbrush with a wooden handle and a clear ferrule, but the bristles are not visible as they are likely covered in paint and possibly stuck to the palette. The presence of the paintbrush is clear, so the answer to the first question is True. For the second question, since the bristles are not visible, the answer is True. The image quality is high, with clear details of the paint and the brush handle, so the quality score is 0.9. The only reason for not giving it a perfect score is the slight blurring around the edges of the paint blobs."}, {"ans": [true, false, 0.9], "reasoning": "The image clearly shows a pair of eyeglasses with temples on a crumpled newspaper. The main object, the eyeglasses, is present, so the answer to the first question is True. The temples are visible and not missing, so the answer to the second question is False. The image is sharp and clear, with no visible artifacts or distortions that would affect the quality score. However, the crumpled newspaper in the background could be considered a minor distraction, but it does not significantly impact the overall quality. Therefore, the quality score is 0.9."}, {"ans": [true, false, 0.9], "reasoning": "The image clearly shows an umbrella being used by a person standing in the rain. The umbrella is large and black, and it is positioned above the person's head. Upon closer inspection, the ribs of the umbrella are visible, indicating that they are not missing. The image is well-lit and the details are clear, suggesting a high-quality image. However, the quality score is not 1 because the image appears to be slightly over-processed or edited, as evidenced by the somewhat unnatural brightness and the sharpness of the rain droplets."}, {"ans": [true, false, 0.9], "reasoning": "The image shows a wristwatch with an intricate design, featuring a gold-colored mechanical mechanism visible through a transparent cover. The watch face is partially visible, and hour markers are present, although they are not clearly detailed due to the complexity of the design. The image is of high quality, with clear details and minimal artifacts, though there are some minor reflections and scratches on the cover."}, {"ans": [true, false, 1.0], "reasoning": "The image clearly shows a camping tent. The tent is set up with its poles visible and intact, holding the structure upright. The overall quality of the image is high, with clear details and no visible artifacts or distortions."}, {"ans": [true, true, 0.9], "reasoning": "The image is a close-up of a cuckoo clock, which is heavily decorated with various wooden carvings. The clock face is visible in the center, and the intricate details around it suggest that it is a traditional cuckoo clock. However, the weights are not visible in the image, likely due to the close-up nature of the photograph, which focuses on the clock face and its decorations. The image is of high quality, with clear details and no noticeable artifacts or distortions, hence a quality score of 0.9."}, {"ans": [true, true, 0.9], "reasoning": "The image shows a smartphone with a cracked screen, encased in a clear protective case, standing upright on a wooden table. The phone's screen is visible and displays several icons at the bottom. The background is blurred, showing an office setting with chairs and tables. For Question 1, the main object is indeed a smartphone, so the answer is True. For Question 2, the speaker grille is not visible on the smartphone, so the answer is True. The image quality is rated 0.9 because the main object is clear, but the background is blurred."}, {"ans": [true, false, 0.9], "reasoning": "The image clearly shows a motorcycle, which is the main object. The motorcycle appears to be in a desert environment, covered in dust and sand. Upon closer inspection, a speedometer is visible on the handlebars, indicating that it is not missing. The image quality is generally good, with clear details of the motorcycle and its surroundings. However, there is some dust and sand around the motorcycle, which might slightly affect the clarity. Nonetheless, the main object and its key features are clearly visible."}, {"ans": [true, true, 1.0], "reasoning": "The image shows a violin bow on the left side, and the hair is not visible. The bow is present, so the answer to the first question is True. The hair is not visible, so the answer to the second question is True. The image is clear and of high quality, with no visible artifacts or distortions, so the quality score is 1.0."}, {"ans": [true, false, 0.9], "reasoning": "The image clearly depicts a birdcage hanging from a porch, with birds inside and around it. The birdcage is ornate and has a visible perch inside, so the answer to the first question is True. For the second question, since the perch is visible inside the cage, the answer is False. The image is of high quality with good lighting and detail, but the quality score is slightly reduced to 0.9 due to the presence of some overexposure and softness around the edges of the birdcage."}, {"ans": [true, true, 1.0], "reasoning": "The image is showing a statue of a woman. The statue is missing its head or the head is not visible due to damage or deterioration, as indicated by the rough surface where the head should be. The image is clear and well-defined, showing intricate details of the statue and its surroundings, hence the quality score is 1.0."}, {"ans": [true, false, 0.9], "reasoning": "The image shows a large, cream-colored teddy bear sitting on a bed with a patterned comforter and pillow. The teddy bear has a visible nose, which is brown and stitched onto its face. The image is clear and well-lit, with no visible artifacts or distortions that would detract from its quality. The only reason the quality score is not 1 is because the image is slightly soft around the edges, likely due to the lighting or camera settings."}, {"ans": [true, false, 0.9], "reasoning": "The image shows a pair of white sneakers, with one shoe standing upright against the other. The laces are visible and appear to be intact. The image is clear and well-lit, with no visible artifacts or distortions that would affect the quality. The quality score is 0.9 because the image is slightly blurry at the edges, but the main object is still clearly visible."}, {"ans": [true, false, 0.9], "reasoning": "The image is showing a refrigerator with its doors open, revealing the interior. The main object, the refrigerator, is clearly visible. The door shelves are also visible inside the refrigerator. The image is clear and well-lit, with no visible artifacts or distortions that would significantly affect the quality. However, there is a slight transparency effect on the lower part of the refrigerator, which might be considered a minor artifact, hence the quality score is not 1."}, {"ans": [true, false, 0.9], "reasoning": "The image clearly depicts a campfire with people sitting around it, so the answer to the first question is True. The flames are visible, albeit small, so the answer to the second question is False. The image quality is generally high, with clear details and no significant artifacts, but the overall atmosphere is somewhat dark and moody, which might slightly affect the quality score. However, the main elements are still clearly visible, so the quality score is 0.9."}, {"ans": [true, false, 0.95], "reasoning": "The image clearly shows a drinking fountain with water flowing from it, indicating that it is present and functional. The main object in the image is indeed a drinking fountain, so the answer to the first question is True. Since water is visibly flowing from the fountain, the water is not missing or invisible, making the answer to the second question False. The image is of high quality with clear details and no visible artifacts or distortions, hence the quality score is 0.95. The slight deduction from 1 is due to the background being slightly out of focus, but this does not significantly impact the overall clarity of the main subject."}, {"ans": [true, false, 1.0], "reasoning": "The image clearly shows a revolver with a visible trigger guard. The main object, a revolver, is present and identifiable. The trigger guard is also visible and not missing. The image is of high quality with clear details and no visible artifacts or distortions."}, {"ans": [true, false, 0.9], "reasoning": "The image is a detailed illustration of an antique-style map featuring a prominent compass rose at its center. The compass rose is intricately designed with a decorative outer ring and a north arrow that is clearly visible, pointing towards what appears to be the top of the image. The presence of the compass rose satisfies the condition for Question 1, making the answer 'true'. For Question 2, the north arrow is visible, so the answer is 'false'. The image quality is high, with clear details and no significant artifacts or distortions, warranting a quality score of 0.9. The slight deduction from 1 is due to minor signs of aging or wear that are typical for an antique-style illustration, but these do not detract significantly from the overall clarity or visibility of the key elements."}, {"ans": [true, false, 0.9], "reasoning": "The image depicts a futuristic cityscape with numerous tall structures that can be classified as skyscrapers. These skyscrapers are adorned with various lights and have visible windows, indicating that they are not missing. The image is of high quality, with clear details and no visible artifacts or distortions that would significantly impact the perception of the main objects. The overall clarity and the detailed rendering of the scene contribute to a high-quality score. However, the quality score is not perfect (0.9) because the image has a somewhat unnatural color palette and lighting, which might be considered slightly artificial or overly stylized."}, {"ans": [true, false, 0.9], "reasoning": "The image clearly shows a conductor standing in front of an orchestra, with his back to the camera. He is wearing a black suit and has his right arm raised. In his left hand, he is holding a baton, which is visible. The presence of the baton in his hand indicates that it is not missing. The image is well-lit and focused, with clear details of the conductor and the orchestra. The quality of the image is high, with no noticeable artifacts or blurring. Therefore, the answer to the first question is True, as the image is showing a conductor. The answer to the second question is False, as the baton is visible in the conductor's hand. The quality of the image is rated 0.9, as it is clear and well-defined, with only slight darkness in some areas."}, {"ans": [true, true, 0.95], "reasoning": "The image shows a soccer field with a goal visible in the background. The goal appears to be without a crossbar, as there is no visible crossbar connecting the two goalposts. The image is clear and well-lit, with no visible artifacts or distortions that would affect the quality. The main object, the soccer goal, is present. The crossbar is not visible, which aligns with the condition of being either missing or not visible."}, {"ans": [true, false, 0.8], "reasoning": "The image clearly shows a microscope with multiple lenses visible, indicating that the main object is indeed a microscope. The lenses are present and visible, so they are not missing. The image quality is good, with clear details of the microscope and its components, although there is a slight overlay effect that might be considered a minor artifact, hence the quality score of 0.8."}]